{
  "job_name": "sofc_hr10",
  "heating_rate": "HR10",
  "temperature": {
    "mean": 459.04750802635516,
    "max": 925.5639143247106,
    "min": 30.22687674373553,
    "std": 201.01616548325654
  },
  "stress": {
    "mean": 130181373.42061117,
    "max": 290212447.5248456,
    "min": 100049786.67256765,
    "std": 29949173.33858312
  },
  "damage": {
    "mean": 0.05066106480762241,
    "max": 0.2339047856576595,
    "damaged_nodes": 128
  },
  "delamination": {
    "mean": 0.01418792340291977,
    "max": 0.06949132303117755,
    "critical_nodes": 0
  }
}