{
  "metadata": {
    "software": "ABAQUS 2024",
    "element_type": "C3D8R",
    "total_elements": 125000,
    "total_nodes": 142856,
    "mesh_quality": {
      "min_jacobian": 0.82,
      "avg_jacobian": 0.94,
      "max_aspect_ratio": 2.3,
      "avg_aspect_ratio": 1.4
    },
    "analysis_type": "Coupled Thermal-Mechanical",
    "time_steps": 1000,
    "convergence_tolerance": 1e-6
  },
  "element_integration_points": [
    {
      "element_id": 1,
      "centroid": [0.05, 0.05, 0.05],
      "volume_mm3": 0.001,
      "material_id": "YSZ_8mol",
      "grain_id": 234,
      "integration_points": [
        {
          "ip_id": 1,
          "local_coords": [-0.577, -0.577, -0.577],
          "stress_tensor_MPa": [
            [-289.2, 43.1, 8.9],
            [43.1, -316.5, 11.4],
            [8.9, 11.4, -46.3]
          ],
          "strain_tensor": [
            [-0.00237, 0.00035, 0.00007],
            [0.00035, -0.00259, 0.00009],
            [0.00007, 0.00009, -0.00038]
          ],
          "plastic_strain": 0.0,
          "creep_strain": 0.00012,
          "temperature_C": 849.3,
          "strain_energy_density_J_mm3": 0.0234
        },
        {
          "ip_id": 2,
          "local_coords": [0.577, -0.577, -0.577],
          "stress_tensor_MPa": [
            [-286.7, 42.5, 8.7],
            [42.5, -313.9, 11.2],
            [8.7, 11.2, -45.8]
          ],
          "strain_tensor": [
            [-0.00235, 0.00035, 0.00007],
            [0.00035, -0.00257, 0.00009],
            [0.00007, 0.00009, -0.00038]
          ],
          "plastic_strain": 0.0,
          "creep_strain": 0.00011,
          "temperature_C": 848.9,
          "strain_energy_density_J_mm3": 0.0229
        }
      ]
    },
    {
      "element_id": 2,
      "centroid": [0.15, 0.05, 0.05],
      "volume_mm3": 0.001,
      "material_id": "YSZ_8mol",
      "grain_id": 234,
      "integration_points": [
        {
          "ip_id": 1,
          "local_coords": [-0.577, -0.577, -0.577],
          "stress_tensor_MPa": [
            [-283.4, 41.9, 8.5],
            [41.9, -310.7, 11.0],
            [8.5, 11.0, -45.0]
          ],
          "strain_tensor": [
            [-0.00232, 0.00034, 0.00007],
            [0.00034, -0.00254, 0.00009],
            [0.00007, 0.00009, -0.00037]
          ],
          "plastic_strain": 0.0,
          "creep_strain": 0.00010,
          "temperature_C": 847.8,
          "strain_energy_density_J_mm3": 0.0225
        },
        {
          "ip_id": 2,
          "local_coords": [0.577, -0.577, -0.577],
          "stress_tensor_MPa": [
            [-280.9, 41.4, 8.4],
            [41.4, -308.1, 10.9],
            [8.4, 10.9, -44.6]
          ],
          "strain_tensor": [
            [-0.00230, 0.00034, 0.00007],
            [0.00034, -0.00252, 0.00009],
            [0.00007, 0.00009, -0.00037]
          ],
          "plastic_strain": 0.0,
          "creep_strain": 0.00010,
          "temperature_C": 847.3,
          "strain_energy_density_J_mm3": 0.0221
        }
      ]
    }
  ],
  "stress_concentration_regions": [
    {
      "region_id": "SCR001",
      "location": "Near pore cluster",
      "elements": [345, 346, 347, 456, 457, 458],
      "max_von_mises_MPa": 456.7,
      "stress_concentration_factor": 3.8,
      "critical_element": 346
    },
    {
      "region_id": "SCR002",
      "location": "Triple junction",
      "elements": [1234, 1235, 1236, 1345, 1346, 1347],
      "max_von_mises_MPa": 423.5,
      "stress_concentration_factor": 3.5,
      "critical_element": 1235
    },
    {
      "region_id": "SCR003",
      "location": "Grain boundary",
      "elements": [2345, 2346, 2347, 2456, 2457, 2458],
      "max_von_mises_MPa": 389.2,
      "stress_concentration_factor": 3.2,
      "critical_element": 2346
    }
  ],
  "damage_parameters": {
    "damage_initiation_criterion": "Maximum principal stress",
    "critical_stress_MPa": 450,
    "damage_evolution": "Linear softening",
    "fracture_energy_N_per_mm": 0.05,
    "damaged_elements": [346, 1235, 2346, 3457, 4568]
  }
}