{
  "dft_summary": {
    "formation_energy": {
      "count": 1000.0,
      "mean": -0.0881290481147906,
      "std": 0.10178971791891313,
      "min": -0.47195302991516974,
      "25%": -0.1488721719914534,
      "50%": -0.07945849967965851,
      "75%": -0.024551635204342708,
      "max": 0.2696634559297688
    },
    "activation_barrier": {
      "count": 1000.0,
      "mean": 1.5152046082660924,
      "std": 0.37757399204086395,
      "min": 0.6102761566352594,
      "25%": 1.229588096890395,
      "50%": 1.4669054575272513,
      "75%": 1.7824899903068108,
      "max": 2.7976477759676444
    },
    "surface_energy": {
      "count": 1000.0,
      "mean": 1.8900706358041488,
      "std": 0.45081008905604936,
      "min": 1.022549634589689,
      "25%": 1.5207698644518501,
      "50%": 1.9257876587061062,
      "75%": 2.2821403868871784,
      "max": 2.867449520472655
    },
    "bulk_modulus": {
      "count": 1000.0,
      "mean": 151.645145007967,
      "std": 46.35412734883575,
      "min": 70.52597707653584,
      "25%": 121.89789073076156,
      "50%": 164.0216119079895,
      "75%": 190.1889454616499,
      "max": 220.626993437473
    }
  },
  "md_summary": {
    "temperature": {
      "count": 500.0,
      "mean": 761.800403080315,
      "std": 259.4420280861789,
      "min": 306.1379505022975,
      "25%": 531.2159796634046,
      "50%": 773.6915114772924,
      "75%": 995.8372032465751,
      "max": 1194.132171239844
    },
    "diffusion_coefficient": {
      "count": 500.0,
      "mean": 3.411091507998209e-13,
      "std": 2.3882452275208876e-12,
      "min": 2.1542015183965447e-44,
      "25%": 3.683800280592862e-24,
      "50%": 4.195071783301615e-18,
      "75%": 2.949986021079325e-15,
      "max": 3.188451461208173e-11
    },
    "dislocation_mobility": {
      "count": 500.0,
      "mean": 3.447342061172463e-06,
      "std": 5.301500892058692e-06,
      "min": 2.687797311491271e-09,
      "25%": 6.757753543830998e-07,
      "50%": 1.8730380136445898e-06,
      "75%": 4.237886407056257e-06,
      "max": 7.025841545312298e-05
    },
    "viscosity": {
      "count": 500.0,
      "mean": 0.005660504050625276,
      "std": 0.008219047481881972,
      "min": 1.9416357670392312e-05,
      "25%": 0.00107658292441505,
      "50%": 0.0030019055603808012,
      "75%": 0.006746128247779005,
      "max": 0.06446982178787895
    }
  },
  "defect_summary": {
    "formation_energy": {
      "count": 300.0,
      "mean": 1.2375317414124214,
      "std": 1.0489645742414508,
      "min": 0.1890912677958776,
      "25%": 0.39506405388438626,
      "50%": 0.8515330034665703,
      "75%": 1.721322267984901,
      "max": 4.794340642349489
    },
    "migration_barrier": {
      "count": 300.0,
      "mean": 0.8034193778134274,
      "std": 0.19831172327310362,
      "min": 0.15075344270237323,
      "25%": 0.6699829282163885,
      "50%": 0.8090093477132096,
      "75%": 0.9344322312089431,
      "max": 1.4005304969823376
    }
  },
  "correlations": {
    "formation_energy": {
      "formation_energy": 1.0,
      "activation_barrier": 0.10343408707223134,
      "surface_energy": -0.00012208301862173901,
      "bulk_modulus": -0.09756335135412059
    },
    "activation_barrier": {
      "formation_energy": 0.10343408707223134,
      "activation_barrier": 1.0,
      "surface_energy": 0.6940614746476961,
      "bulk_modulus": 0.6113892599983916
    },
    "surface_energy": {
      "formation_energy": -0.00012208301862173901,
      "activation_barrier": 0.6940614746476961,
      "surface_energy": 1.0,
      "bulk_modulus": 0.8967609086623808
    },
    "bulk_modulus": {
      "formation_energy": -0.09756335135412059,
      "activation_barrier": 0.6113892599983916,
      "surface_energy": 0.8967609086623808,
      "bulk_modulus": 1.0
    }
  }
}