{
  "mechanical": {
    "total_samples": 45,
    "materials_count": 3,
    "temperature_range": {
      "min": 25.0,
      "max": 700.0
    },
    "numeric_columns": {
      "Tensile_Strength_MPa": {
        "mean": 800.6488888888888,
        "std": 327.0846767083009,
        "min": 248.9,
        "max": 1275.3,
        "coefficient_of_variation": 0.40852448713470024
      },
      "Youngs_Modulus_GPa": {
        "mean": 152.08666666666664,
        "std": 39.25946672170583,
        "min": 89.5,
        "max": 205.8,
        "coefficient_of_variation": 0.25813878088177244
      },
      "Poissons_Ratio": {
        "mean": 0.33313333333333334,
        "std": 0.030631682944298053,
        "min": 0.285,
        "max": 0.396,
        "coefficient_of_variation": 0.09195021896427272
      },
      "Uncertainty_Percent": {
        "mean": 2.9266666666666663,
        "std": 0.7340423569646248,
        "min": 1.8,
        "max": 4.5,
        "coefficient_of_variation": 0.2508117392817625
      }
    }
  },
  "creep": {
    "total_samples": 70,
    "materials_count": 3,
    "temperature_range": {
      "min": 500.0,
      "max": 700.0
    },
    "numeric_columns": {
      "Applied_Stress_MPa": {
        "mean": 242.85714285714286,
        "std": 94.90105995258551,
        "min": 100.0,
        "max": 400.0,
        "coefficient_of_variation": 0.3907690703929992
      },
      "Time_Hours": {
        "mean": 886.11,
        "std": 1509.1740798303833,
        "min": 0.1,
        "max": 5000.0,
        "coefficient_of_variation": 1.7031452977964172
      },
      "Creep_Strain_Percent": {
        "mean": 0.12992285714285715,
        "std": 0.1361792182015277,
        "min": 0.0008,
        "max": 0.5889,
        "coefficient_of_variation": 1.0481544294534053
      },
      "Strain_Rate_per_Hour": {
        "mean": 0.0024855714285714286,
        "std": 0.004635567853123388,
        "min": 2.4e-05,
        "max": 0.018,
        "coefficient_of_variation": 1.8649908024520787
      }
    }
  },
  "thermophysical": {
    "total_samples": 45,
    "materials_count": 3,
    "temperature_range": {
      "min": 25.0,
      "max": 700.0
    },
    "numeric_columns": {
      "CTE_per_K": {
        "mean": 1.6332222222222224e-05,
        "std": 4.20024560368952e-06,
        "min": 8.6e-06,
        "max": 2.4e-05,
        "coefficient_of_variation": 0.25717538902786363
      },
      "Thermal_Conductivity_W_mK": {
        "mean": 19.475555555555562,
        "std": 7.186608618419639,
        "min": 6.7,
        "max": 33.7,
        "coefficient_of_variation": 0.3690066040950292
      },
      "Specific_Heat_J_kgK": {
        "mean": 616.6666666666666,
        "std": 94.19153600268686,
        "min": 435.0,
        "max": 793.0,
        "coefficient_of_variation": 0.15274303135570844
      },
      "Density_kg_m3": {
        "mean": 6818.0,
        "std": 1757.2510168907675,
        "min": 4295.0,
        "max": 8220.0,
        "coefficient_of_variation": 0.25773702213123606
      },
      "Uncertainty_Percent": {
        "mean": 2.3,
        "std": 0.5287205826761944,
        "min": 1.3,
        "max": 3.4,
        "coefficient_of_variation": 0.22987851420704106
      }
    }
  },
  "electrochemical": {
    "total_samples": 66,
    "materials_count": 4,
    "temperature_range": {
      "min": 25.0,
      "max": 800.0
    },
    "numeric_columns": {
      "Ionic_Conductivity_S_m": {
        "mean": 2.9094378787878785,
        "std": 4.906075109298836,
        "min": 0.0008,
        "max": 27.3456,
        "coefficient_of_variation": 1.6862621969240295
      },
      "Electronic_Conductivity_S_m": {
        "mean": 1140.858531509288,
        "std": 1882.601514485045,
        "min": 1.2e-08,
        "max": 6096.1,
        "coefficient_of_variation": 1.6501621037925494
      },
      "Activation_Energy_eV": {
        "mean": 0.6490909090909092,
        "std": 0.32813565334021083,
        "min": 0.12,
        "max": 0.95,
        "coefficient_of_variation": 0.5055311185913611
      }
    }
  }
}