,Environmental,Economic,Social,Mean_CVI
Port Harcourt,0.42266199830818557,0.4525565960861864,0.12478140560562818,0.52
Warri,0.46037904305084887,0.38949516766148545,0.15012578928766557,0.61
Bonny,0.5477487244463898,0.32335793084983255,0.1288933447037776,0.59
