,Year,GDP_Growth_Rate,Inflation_Rate_CPI,Unemployment_Rate,Exchange_Rate_Volatility,Central_Bank_Policy_Rate,Broad_Money_Supply_M2_Growth,Public_Debt_to_GDP_Ratio,GDP_Growth_Volatility,Mobile_Cellular_Subscriptions_per_100,Internet_Users_Percent,Secure_Internet_Servers
count,686.0,686.0,686.0,686.0,686.0,686.0,686.0,686.0,637.0,686.0,686.0,686.0
mean,2016.5,3.4625364431486885,6.92100583090379,9.439067055393586,12.80362973760933,7.367405247813412,11.92637026239067,60.53118075801749,1.927519623233909,67.37706997084548,43.50911078717201,4.391297376093295
std,4.034070230888058,2.5148369036489484,2.9748832783277366,3.5939504732614407,2.8428051998530366,2.4684356526555207,4.344485095771093,15.340877483424453,1.171705793699313,24.06924426382335,21.098187266290786,2.3931947146221293
min,2010.0,-6.47,-2.0,1.0,3.65,0.0,-0.66,21.28,0.05,19.36,7.32,1.41
25%,2013.0,1.8450000000000002,5.0425,7.095,11.0,5.755,8.7775,48.475,1.03,45.53,26.1725,2.5625
50%,2016.5,3.5149999999999997,6.76,9.285,12.715,7.16,11.605,60.14,1.81,68.145,40.155,3.5549999999999997
75%,2020.0,5.04,8.735,11.967500000000001,14.692499999999999,9.07,14.9175,71.7925,2.59,89.685,57.152499999999996,5.6975
max,2023.0,11.14,15.84,20.05,21.18,14.52,24.81,106.8,7.38,100.0,100.0,12.63
