,avg_barriers,dl_composite,oi_adoption_score,oi_breadth,oi_depth
avg_barriers,1.0,-0.4888655293166891,-0.6893718255217703,-0.41685554143684717,-0.42665502133246686
dl_composite,-0.4888655293166891,1.0,0.7774715172343204,0.4612855105613213,0.33824457057493545
oi_adoption_score,-0.6893718255217703,0.7774715172343204,1.0,0.6082090766316879,0.5205093767184457
oi_breadth,-0.41685554143684717,0.4612855105613213,0.6082090766316879,1.0,0.31400868056267206
oi_depth,-0.42665502133246686,0.33824457057493545,0.5205093767184457,0.31400868056267206,1.0
