Model,Barriers β,Digital Literacy β,Interaction β,R²,ΔR²
Direct Effects,-0.39401006315601467,0.5611065682752698,0.0,0.7301659251686203,0.0
With Interaction,-0.39331899864245085,0.5439510421307988,-0.038708388231346945,0.7316417238381088,0.0014757986694884373
