{
  "mechanical": {
    "type": "mixed",
    "displacement_x": 0,
    "displacement_y": 0,
    "displacement_z": -0.043202151202550665,
    "force_x": 29.75753494657374,
    "force_y": 54.478118913457024,
    "force_z": 343.95476316782674
  },
  "thermal": {
    "type": "convection",
    "h_convection": 6.711521137020126,
    "T_ambient": 25,
    "heat_flux": 353.5662640627297
  },
  "electrical": {
    "voltage_applied": 3.1292016235053413,
    "current_density": 0.9209094959341597,
    "charge_rate": 1.1159941424217692
  }
}