frequency_hz,TL_dB
0.0,-1.5935865360747816
0.4,0.02617891243437888
0.8,-0.8647767475526227
1.2000000000000002,0.5821056459525612
1.6,0.056117715317046624
2.0,-0.7299860884568048
2.4000000000000004,-0.08905845160065208
2.8000000000000003,0.7333080621882127
3.2,0.7583173415169807
3.6,-0.7149969790830922
4.0,0.41106155754549184
4.4,1.0941598483823571
4.800000000000001,0.32015896084303636
5.2,0.1816412667471147
5.6000000000000005,0.8920349827703529
6.0,-0.8816085269805196
6.4,-1.165878736867023
6.800000000000001,0.13558928196149064
7.2,0.3931019222164788
7.6000000000000005,0.4324328013124257
8.0,1.7212872986832313
8.4,2.081303256991674
8.8,0.7343844379599072
9.200000000000001,1.2275840791329458
9.600000000000001,-1.1158058800435924
10.0,1.2231328812907467
10.4,1.5454888997461773
10.8,-0.7081951016264272
11.200000000000001,-0.8135010383209826
11.600000000000001,-2.013529423561838
12.0,-0.10550196964201501
12.4,0.3633428388652534
12.8,-2.4110964898227083
13.200000000000001,2.166872509300121
13.600000000000001,-0.9367598130153503
14.0,-1.8019284592594733
14.4,-0.23894466639380105
14.8,-0.45198833092253954
15.200000000000001,0.06273757170185436
15.600000000000001,-1.709257398495843
16.0,0.8303974900058732
16.400000000000002,-0.3423052492304963
16.8,-0.42141383558024187
17.2,-1.352303744267199
17.6,-2.083191381590748
18.0,-0.511921823030578
18.400000000000002,0.33207993434737226
18.8,1.1108250852962283
19.200000000000003,0.32198272582674714
19.6,-1.0256289542963222
20.0,0.5258409497101943
20.400000000000002,-0.6257190297651372
20.8,-1.10729263065218
21.200000000000003,0.3904800275679998
21.6,0.5593762297835524
22.0,1.9207032131315984
22.400000000000002,-0.3070219697345676
22.8,-0.5484479140114685
23.200000000000003,-1.022191598291473
23.6,1.1665082946049097
24.0,0.390504852529206
24.400000000000002,0.7742306817234055
24.8,1.6881958853720824
25.200000000000003,-0.27489730316327887
25.6,-0.7135731374903644
26.0,0.1269568709008254
26.400000000000002,-0.39520556730837314
26.8,-0.23679120777714255
27.200000000000003,2.0289072607893823
27.6,-0.04943102407552447
28.0,0.19119612509701092
28.400000000000002,0.3587804125034635
28.8,0.3944960128708511
29.200000000000003,-0.06914406613454936
29.6,0.7633582449693433
30.0,-0.9195738471431429
30.400000000000002,-0.5219751448789732
30.8,-0.5997363262065188
31.200000000000003,-0.11559226192700771
31.6,-0.10333728765215949
32.0,0.45446207578680775
32.4,-0.5828708607826717
32.800000000000004,-0.8586629524871124
33.2,-0.10067953283836276
33.6,-0.2361531051921723
34.0,0.35356501747519475
34.4,-0.3624801869116058
34.800000000000004,1.974623782142623
35.2,-1.2786225541273546
35.6,-0.5574437174059342
36.0,-0.2704533227697064
36.4,1.9545882119404154
36.800000000000004,-1.4359653819970486
37.2,1.2278328838442494
37.6,-0.47151038259193484
38.0,-0.5220700740490052
38.400000000000006,1.2840947761298218
38.800000000000004,-0.6337580833691565
39.2,-1.9071296648181506
39.6,-2.4389533162439996
40.0,-0.006444907521599184
40.400000000000006,-0.06206242752517423
40.800000000000004,0.7936624063483511
41.2,1.227556547930147
41.6,1.111133177572941
42.0,1.0129970881701131
42.400000000000006,0.3792304319454237
42.800000000000004,-0.7244705533486834
43.2,0.21278124876480647
43.6,0.015581993810720618
44.0,0.8657958501507592
44.400000000000006,-0.04465091367507689
44.800000000000004,-0.8360374788353292
45.2,1.2740210703722552
45.6,-1.2752255592285124
46.0,-1.0660782357086227
46.400000000000006,-0.2349300488082
46.800000000000004,0.4857698433686059
47.2,-0.19609338730404047
47.6,-1.3086038809393439
48.0,2.3948472882963427
48.400000000000006,-0.11947656273207985
48.800000000000004,-0.44703638326992723
49.2,0.13388606334385858
49.6,-0.4265053285853227
50.0,2.927184801815404
50.400000000000006,-0.49211042457696136
50.800000000000004,-0.5673183282862365
51.2,-0.18401468246021266
51.6,-1.033286588629156
52.0,-1.7689387836205412
52.400000000000006,1.1555310028257355
52.800000000000004,0.5770974236482352
53.2,0.6340098910726779
53.6,-0.036794395015557035
54.0,0.45784448117947624
54.400000000000006,-0.5395890487417352
54.800000000000004,-2.528615521433503
55.2,-0.25933717264271433
55.6,-1.0572372410331412
56.0,0.03927750706444874
56.400000000000006,0.9859675536358546
56.800000000000004,0.180069914135669
57.2,-1.8682554464901506
57.6,-1.2598199601771352
58.0,0.5421853233415066
58.400000000000006,2.527115093535529
58.800000000000004,0.34680587424173875
59.2,-0.19898829833272516
59.6,0.2327183961228783
60.0,0.7341232050471386
60.400000000000006,-0.3265402169814323
60.800000000000004,-0.5547326475997485
61.2,-1.7416790935273583
61.6,0.30836399805242987
62.0,0.3822537905230325
62.400000000000006,0.28938022204596436
62.800000000000004,-0.45047549855026114
63.2,-1.7291699934051283
63.6,0.9121829741374694
64.0,0.25410914050370353
64.4,0.9084199540472666
64.8,0.39827833854135847
65.2,-0.0031571653736702275
65.60000000000001,-0.734986085505277
66.0,-1.295888767526177
66.4,-0.7685934643803317
66.8,0.904564670674063
67.2,-0.6010978091456434
67.60000000000001,0.3760916927177141
68.0,-0.7151085508487042
68.4,-0.0865631698415428
68.8,0.30663050657876134
69.2,0.21649288613831083
69.60000000000001,0.06261637137375965
70.0,0.6852495362300517
70.4,-0.06475930405771858
70.8,0.43464745265250904
71.2,0.6448111207685898
71.60000000000001,0.06643107875906354
72.0,-0.5823928049304042
72.4,-1.0332192595773484
72.8,-0.679586027542378
73.2,-0.3535203804459472
73.60000000000001,-1.7162376326983693
74.0,0.476457179701975
74.4,1.1928694168810576
74.8,-1.1664092188836008
75.2,0.2777242292108459
75.60000000000001,-1.3933108534373542
76.0,0.4141919675834543
76.4,0.26728206923207787
76.80000000000001,-0.37769827311857324
77.2,-0.406926781502264
77.60000000000001,-0.8918337669633708
78.0,0.5407102445692454
78.4,1.0063976406592103
78.80000000000001,0.0922999404074419
79.2,1.267205417659192
79.60000000000001,0.5120379174129668
80.0,0.6965519726938001
80.4,0.43603024238662863
80.80000000000001,-1.0026260535799743
81.2,1.4085852848951077
81.60000000000001,0.05830773220802082
82.0,-1.0136317922618823
82.4,-0.23443353945275497
82.80000000000001,-0.48125932156463935
83.2,0.8367221845410665
83.60000000000001,-0.29230275258390276
84.0,1.1743770314312754
84.4,0.020753146749590123
84.80000000000001,-0.9405569152449451
85.2,-1.0163452939306352
85.60000000000001,0.19581021594293452
86.0,1.9586699911320768
86.4,-0.18440572607623562
86.80000000000001,-0.1264565149348328
87.2,1.499397588627208
87.60000000000001,-0.0291389124803911
88.0,0.5677601679624279
88.4,-0.3260461147507349
88.80000000000001,-0.4455760981619211
89.2,0.7802973528687974
89.60000000000001,-0.41735030123261135
90.0,-0.9801788203775175
90.4,0.19381718885960864
90.80000000000001,-0.5171831211102267
91.2,-1.2918653746774622
91.60000000000001,-1.7610766131361986
92.0,0.8782343950212108
92.4,1.4598933621721595
92.80000000000001,0.6375287031015655
93.2,0.7951154013115644
93.60000000000001,-0.04589670287277275
94.0,-0.02170023063633428
94.4,0.31263343221488993
94.80000000000001,-0.41052711388438257
95.2,1.0044893529794174
95.60000000000001,0.2418420191419895
96.0,0.6826893430580725
96.4,0.3915557954082779
96.80000000000001,1.3739027426144355
97.2,0.46942354602066577
97.60000000000001,-0.16250691568379527
98.0,-0.052570151393442774
98.4,0.05709459498435608
98.80000000000001,-0.2983272520743285
99.2,-0.21903924946175557
99.60000000000001,-0.36514383174937537
100.0,0.35075442468450513
100.4,0.24354989924388487
100.80000000000001,0.6985799759017921
101.2,-0.29564182878261336
101.60000000000001,-0.6568785419307044
102.0,-0.03395241336984981
102.4,-0.8285401426054956
102.80000000000001,0.5563095795375829
103.2,1.1364170032401975
103.60000000000001,1.0574463638848344
104.0,-1.2554966917654997
104.4,0.18949549350046557
104.80000000000001,0.5278251144989508
105.2,-0.5512403902662125
105.60000000000001,-0.7299674293730801
106.0,-0.31957471510704544
106.4,0.18264408969238566
106.80000000000001,0.08604923026954071
107.2,-0.046437527248563135
107.60000000000001,0.23250168411563116
108.0,0.42286682974974443
108.4,-0.21882197399570613
108.80000000000001,0.023842925242746324
109.2,-0.2224109227679058
109.60000000000001,-0.44042933723297656
110.0,0.07325938819998137
110.4,0.36745811165613823
110.80000000000001,-0.7190695520050173
111.2,0.33865173282046845
111.60000000000001,-0.685462266211069
112.0,0.10359197356801228
112.4,0.1972703572164394
112.80000000000001,0.1210367162609071
113.2,0.04208511548463047
113.60000000000001,0.6470076809123931
114.0,-0.16935162804509882
114.4,-0.2434174483602956
114.80000000000001,-0.340414680078855
115.2,-0.37825325324616554
115.60000000000001,-0.060978920535608966
116.0,-0.5086494835272397
116.4,0.5686547974372343
116.80000000000001,1.1102834809944513
117.2,-0.5232947606538453
117.60000000000001,-0.2962136712539502
118.0,-0.48880171605632183
118.4,-0.14867402858358453
118.80000000000001,0.5064106653497717
119.2,-0.10645552594343924
119.60000000000001,0.43668187692280874
120.0,0.0446895339345966
120.4,0.3231153084914725
120.80000000000001,0.8588760426396849
121.2,0.49260284812199806
121.60000000000001,0.5256813548386203
122.0,0.6565604287482291
122.4,-0.7060354608076423
122.80000000000001,-0.11025908779892843
123.2,0.010767848795321416
123.60000000000001,0.04870029881182393
124.0,1.179095180408713
124.4,0.2622904736069297
124.80000000000001,-0.38400192323763715
125.2,-0.06754443691501197
125.60000000000001,0.40904524880925963
126.0,0.2370284416777946
126.4,0.39449793603559347
126.80000000000001,-0.3779122915300528
127.2,0.6328626552907317
127.60000000000001,-0.13499316692413993
128.0,0.1761812647473754
128.4,-0.31718362002872974
128.8,-0.4743853395654879
129.20000000000002,-0.06742629698501353
129.6,-0.21518579171549798
130.0,0.2951732936830408
130.4,0.08919871804429241
130.8,0.3853974801938471
131.20000000000002,-0.2572399791405351
131.6,0.04861529849874723
132.0,0.22157580906114333
132.4,0.02543946062084642
132.8,-0.09368059907538855
133.20000000000002,0.23898628568044367
133.6,0.13944841122808938
134.0,-0.2705360417034568
134.4,0.08351320908551382
134.8,0.0612032210763003
135.20000000000002,0.4762598381960419
135.6,0.22474794502065543
136.0,0.33972414894990344
136.4,-0.1973425930863083
136.8,0.24072497125100342
137.20000000000002,0.4825252177818468
137.6,-0.06526685891879802
138.0,-0.09105788419858785
138.4,-0.27993945856239966
138.8,0.36193902654504884
139.20000000000002,-0.41835280009585757
139.6,0.56645718096398
140.0,0.2592065740998711
140.4,0.24796893414663276
140.8,-0.12168891389524275
141.20000000000002,0.008542791672044267
141.6,0.004188631518826017
142.0,0.04663760837329199
142.4,0.05791890473390107
142.8,0.07158766314235032
143.20000000000002,0.1822598514892768
143.6,-0.24598231216379213
144.0,0.3885031771827701
144.4,0.054170425677320194
144.8,0.157555647973506
145.20000000000002,0.12688219629969533
145.6,0.4734594029483108
146.0,0.10015034252869234
146.4,0.22810887934388735
146.8,0.32873888974882237
147.20000000000002,0.4081908637107321
147.6,0.04046721938056701
148.0,0.07753259883145924
148.4,0.4530041712824243
148.8,0.15138247574624547
149.20000000000002,0.29725056376947323
149.6,0.08740188609234767
150.0,0.11934502511053544
150.4,0.19574969623412153
150.8,-0.006119046484766347
151.20000000000002,0.2832769151328793
151.6,0.17476301540518802
152.0,0.03061913819342575
152.4,0.3498177472810923
152.8,0.011739839526554413
153.20000000000002,0.1175091081669665
153.60000000000002,0.5123656721684368
154.0,0.26504471724243617
154.4,0.040951696013439565
154.8,0.2492892300421581
155.20000000000002,0.37259055152164033
155.60000000000002,0.12070874340367695
156.0,0.43410701086481485
156.4,0.15710291972797444
156.8,0.022475073708865947
157.20000000000002,0.06040495284067742
157.60000000000002,0.3190250622878157
158.0,0.17656607673809152
158.4,0.026436715575719107
158.8,0.38116441558380665
159.20000000000002,0.22193947034227415
159.60000000000002,0.19271179668916502
160.0,0.10460877049634597
160.4,-0.053342038929882984
160.8,0.0691884677526558
161.20000000000002,0.16917907934044568
161.60000000000002,0.02484336811742527
162.0,0.4852064847024811
162.4,0.16504160968979226
162.8,0.10890303422455622
163.20000000000002,0.14652526404226263
163.60000000000002,0.21275347629002375
164.0,0.02045081364660243
164.4,0.08808264723934411
164.8,0.13174646276430213
165.20000000000002,0.26794626579028935
165.60000000000002,0.20578373774600306
166.0,0.28628059426416586
166.4,0.16793595988742333
166.8,0.06597606919820573
167.20000000000002,0.14427535063890556
167.60000000000002,0.2244695808524641
168.0,0.1780670317870674
168.4,0.16755126207013277
168.8,0.44341083869150005
169.20000000000002,0.2886021745190789
169.60000000000002,0.20470790761726645
170.0,0.167193146265243
170.4,0.21280060854012267
170.8,0.06969682587933543
171.20000000000002,0.2075360904291755
171.60000000000002,0.32298419585870775
172.0,0.2321655933072449
172.4,0.21673589418938505
172.8,0.18670099470040305
173.20000000000002,0.39457045033054794
173.60000000000002,0.16299597310548936
174.0,0.04918360186446768
174.4,0.1003738221646627
174.8,0.24272010080887946
175.20000000000002,0.2348857149240367
175.60000000000002,0.200800642341825
176.0,0.1702204231113703
176.4,0.2033751909744021
176.8,0.25729905092603844
177.20000000000002,0.2282597156229797
177.60000000000002,0.2648240204466503
178.0,0.15963985749305185
178.4,0.06324643863721659
178.8,0.059368290236453826
179.20000000000002,0.3896945244503696
179.60000000000002,0.22211311765645086
180.0,0.18863630338429124
180.4,0.05176356219602559
180.8,0.14387262270914833
181.20000000000002,0.24119441936648264
181.60000000000002,0.19906152422087933
182.0,0.20480571806312514
182.4,0.10672401546018291
182.8,0.20956371970104412
183.20000000000002,0.1007428192415512
183.60000000000002,0.1450724185634799
184.0,0.22422337764657438
184.4,0.13582515081836122
184.8,0.32014445304624434
185.20000000000002,0.29608471805269265
185.60000000000002,0.14024387561405768
186.0,0.2110708569304501
186.4,0.26983128899095504
186.8,0.1101425945058507
187.20000000000002,0.10471266159357624
187.60000000000002,0.14732423722808757
188.0,0.13849477287049627
188.4,0.16910126379710677
188.8,0.06188448369461852
189.20000000000002,0.28201817093642234
189.60000000000002,0.1879976330592516
190.0,0.15033469734479585
190.4,0.3028216014416617
190.8,0.1390737206646972
191.20000000000002,0.29950994244017554
191.60000000000002,0.2919117661181555
192.0,0.15360289721362907
192.4,0.14524599396832444
192.8,0.16333636403137597
193.20000000000002,0.16460491494361382
193.60000000000002,0.09298489412210281
194.0,0.2277119190846291
194.4,0.31299183057894525
194.8,0.19562069745123883
195.20000000000002,0.16676910965274006
195.60000000000002,0.08863996565772804
196.0,0.16014314607179617
196.4,0.22494852593818715
196.8,0.3985549729162342
197.20000000000002,0.2265114065088147
197.60000000000002,0.1055648091543909
198.0,0.2232404387970241
198.4,0.09669245734435253
198.8,0.21494391817927685
199.20000000000002,0.1407814208872944
199.60000000000002,0.38296468123118943
200.0,0.19339070651556364
200.4,0.1318448374094552
200.8,0.175827450035885
201.20000000000002,0.16254751840140824
201.60000000000002,0.20981300032477682
202.0,0.2323994527769283
202.4,0.32020354057501155
202.8,0.14873488142791808
203.20000000000002,0.28688976311359204
203.60000000000002,-0.0028837053854331857
204.0,0.16452513553813747
204.4,0.23734940004057264
204.8,0.39983821892782423
205.20000000000002,0.09985226974156053
205.60000000000002,0.16231480209355176
206.0,0.21241457390723234
206.4,0.23631545700457487
206.8,0.04276609736727458
207.20000000000002,0.2517533091228684
207.60000000000002,0.2624912686730906
208.0,0.10160647617929333
208.4,0.1471278305521553
208.8,0.23009136104214295
209.20000000000002,0.1719491019318317
209.60000000000002,0.17785308861287968
210.0,0.19510685891669907
210.4,0.11162496115763909
210.8,0.08520553365036745
211.20000000000002,0.2068862349955444
211.60000000000002,0.3663853462803837
212.0,0.3802266346852234
212.4,0.22478861470164394
212.8,0.23295173704831146
213.20000000000002,0.16720936266714972
213.60000000000002,0.10804607547814175
214.0,0.16897755685137056
214.4,0.1123412610127727
214.8,0.3606106532028095
215.20000000000002,0.0076610787647453
215.60000000000002,0.2569646917666927
216.0,0.26162924819191535
216.4,0.191085474777151
216.8,0.2813507358212142
217.20000000000002,0.20911970150565162
217.60000000000002,0.24208617707195262
218.0,0.20739096894133194
218.4,0.24236145658553615
218.8,0.28531215252696496
219.20000000000002,0.06152825728489759
219.60000000000002,0.20217009426917776
220.0,0.2931805409437004
220.4,0.22490369261665433
220.8,0.2029388444773882
221.20000000000002,0.22922321839311224
221.60000000000002,0.10541235068419952
222.0,0.2605544465426221
222.4,0.17385892770218989
222.8,0.2257627405924144
223.20000000000002,0.40021627041989055
223.60000000000002,0.20413344684312051
224.0,0.22572546282226158
224.4,0.09950549228726376
224.8,0.13827094748087254
225.20000000000002,0.2784187234095192
225.60000000000002,0.42095754920973383
226.0,0.16847948094242576
226.4,0.10474826985713939
226.8,0.2678518404319764
227.20000000000002,0.2790101352139599
227.60000000000002,0.15171999970278566
228.0,0.22603059253041985
228.4,0.26118130477446433
228.8,0.19426698556309893
229.20000000000002,0.17486834855773553
229.60000000000002,0.1466639396265366
230.0,0.09696241936751766
230.4,0.28379370822474886
230.8,0.39856391694032045
231.20000000000002,0.23671091290616134
231.60000000000002,0.14700414280245938
232.0,0.3111204021154832
232.4,0.04826323169432835
232.8,0.1658452176174977
233.20000000000002,0.24805452764249752
233.60000000000002,0.4983319562402281
234.0,0.2616709387170362
234.4,0.13278184933527676
234.8,0.19253118045697032
235.20000000000002,0.056717860133895716
235.60000000000002,0.0990351594933618
236.0,0.25945497631574493
236.4,0.2665399168663156
236.8,0.14215775994345636
237.20000000000002,0.20150704115766677
237.60000000000002,0.1777340647170447
238.0,0.22231403954643555
238.4,0.04184928734098322
238.8,0.15579150470791236
239.20000000000002,0.14031643381711933
239.60000000000002,0.2500084522873764
240.0,0.1880233640880658
240.4,0.16015725703898198
240.8,0.18063979897744364
241.20000000000002,0.11405846854573479
241.60000000000002,0.29284440102433007
242.0,0.1386452710327515
242.4,0.256124043346126
242.8,0.2248954324274956
243.20000000000002,0.24331862334361948
243.60000000000002,0.2981920225309103
244.0,0.28700358924031616
244.4,0.12628376652201093
244.8,0.22093041738193206
245.20000000000002,0.2313871744524309
245.60000000000002,0.16780284731707892
246.0,0.30505394853458706
246.4,0.224450488719069
246.8,0.35186165248086676
247.20000000000002,0.12812424820337218
247.60000000000002,0.2635976672548784
248.0,0.07000983190980503
248.4,0.3631424096326805
248.8,0.19367643804781096
249.20000000000002,0.14517095897369628
249.60000000000002,0.29518539556452256
250.0,0.2718212306521412
250.4,0.14568795841218932
250.8,0.13073747185323858
251.20000000000002,0.23820230929243916
251.60000000000002,0.13173895981455966
252.0,0.24842558301515896
252.4,0.30754891994723793
252.8,0.2215196520607063
253.20000000000002,0.1728765087127817
253.60000000000002,0.16409228402548126
254.0,0.12895581538166845
254.4,0.3619838118161852
254.8,0.19889734324100045
255.20000000000002,0.10605113241081772
255.60000000000002,0.1277841306344135
256.0,0.30061395908526267
256.40000000000003,0.2747583038723581
256.8,0.1457533668468283
257.2,0.13642379959200687
257.6,0.2956100511927772
258.0,0.2389793220765171
258.40000000000003,0.18274375884356175
258.8,0.11475674119105954
259.2,0.26097709082976017
259.6,0.26662677772603555
260.0,0.09416091807143004
260.40000000000003,0.3456423098575576
260.8,0.2547385211953103
261.2,0.2812467235654285
261.6,0.25728500353312067
262.0,0.34771783875970563
262.40000000000003,0.3567934867999533
262.8,0.32559471314314403
263.2,0.02163250272475747
263.6,0.406816840693081
264.0,0.05552437231810203
264.40000000000003,0.24161622594869897
264.8,0.17580830522958957
265.2,0.17227602856378016
265.6,0.22688299970367767
266.0,0.19141417573508795
266.40000000000003,0.23642836103558454
266.8,0.25874196487035883
267.2,0.29203195773482354
267.6,0.19955067459864712
268.0,0.20587114960284209
268.40000000000003,0.2002901742329925
268.8,0.26310770762601365
269.2,0.13238822996504845
269.6,0.21658565394643658
270.0,0.33114879303893874
270.40000000000003,0.37502791524460005
270.8,0.38076710096002586
271.2,0.1693089133886117
271.6,0.07273532983566243
272.0,0.22033440590495984
272.40000000000003,0.12607887872870369
272.8,0.16749336247777707
273.2,0.26982632979278565
273.6,0.07842173992807662
274.0,0.19212374429505313
274.40000000000003,0.18305740275815613
274.8,0.22493900948309606
275.2,0.33979043995313013
275.6,0.27929354377321597
276.0,0.2669061213468641
276.40000000000003,0.3838331144376664
276.8,0.2542591311611724
277.2,0.2989277239267317
277.6,0.3997294702788304
278.0,0.37906699759684925
278.40000000000003,0.19839549165803905
278.8,0.34099487108365845
279.2,0.2715717818175268
279.6,0.17168712573578246
280.0,0.22021445203060225
280.40000000000003,0.23975885061017727
280.8,0.008672432617880246
281.2,0.3110206154058495
281.6,0.19695086177501991
282.0,0.17875950625307535
282.40000000000003,0.17204731287568747
282.8,0.22826333527415435
283.2,0.36984138978817616
283.6,0.1614847537746687
284.0,0.16425426862935372
284.40000000000003,0.3249753804582701
284.8,0.23095494732032637
285.2,0.24095263819089666
285.6,0.24964868697950193
286.0,0.15870146730859958
286.40000000000003,0.1683914650160337
286.8,0.21915393707533992
287.2,0.3227244416716831
287.6,0.2932537401473522
288.0,0.3016644202950921
288.40000000000003,0.14790169436671727
288.8,0.19967281669277898
289.2,0.25810846166785256
289.6,0.10208124595851584
290.0,0.23893359017892538
290.40000000000003,0.3622586446337892
290.8,0.10028007983798409
291.2,0.17813076914228013
291.6,0.25518621036216843
292.0,0.3345574706909257
292.40000000000003,0.18162218683527312
292.8,0.26140835089958664
293.2,0.28806352367467414
293.6,0.1991702191551717
294.0,0.23385220318407812
294.40000000000003,0.24129101334487435
294.8,0.10326423759735533
295.2,0.19578055456765614
295.6,0.2876030238691797
296.0,0.26772661365270445
296.40000000000003,0.1212478132972457
296.8,0.16144838017272523
297.2,0.34952614835921736
297.6,0.20484688286115688
298.0,0.22997896040748605
298.40000000000003,0.28907244298444923
298.8,0.2199181426697658
299.2,0.30329193411472033
299.6,0.22044656924790826
300.0,0.2838725081697792
300.40000000000003,0.17934547910537751
300.8,0.23176962696501102
301.2,0.19285724430850942
301.6,0.3467584055075561
302.0,0.1547776744391726
302.40000000000003,0.26236914648968296
302.8,0.18165435267954977
303.2,0.4120602364509718
303.6,0.2148104285590874
304.0,0.3398691922706888
304.40000000000003,0.27332653645166494
304.8,0.21591661869704531
305.2,0.29536025059642423
305.6,0.18384291868608435
306.0,0.2493276710167478
306.40000000000003,0.4254521393123821
306.8,0.27040240445929503
307.20000000000005,0.30488697346328025
307.6,0.27910470743957316
308.0,0.19273822510162605
308.40000000000003,0.4019385153093305
308.8,0.5101021403459627
309.20000000000005,0.38002645547798636
309.6,0.2871898505531959
310.0,0.1485188690316933
310.40000000000003,0.28867333840624415
310.8,0.33607927169833973
311.20000000000005,0.3549008393462466
311.6,0.2655226012745767
312.0,0.13624186925055198
312.40000000000003,0.2309051827101324
312.8,0.3737324661352149
313.20000000000005,0.183330137548639
313.6,0.24604002890746457
314.0,0.2776278681312971
314.40000000000003,0.47654533448268044
314.8,0.09102773261372873
315.20000000000005,0.3182293262257728
315.6,0.1995727884539984
316.0,0.18578148181167475
316.40000000000003,0.21526840801334718
316.8,0.3674544311475674
317.20000000000005,0.23691152205460111
317.6,0.39692637526969743
318.0,0.3381432114638342
318.40000000000003,0.030863689009162684
318.8,0.21040880905790246
319.20000000000005,0.4070224890690216
319.6,0.2522141186306808
320.0,0.16859917213417963
320.40000000000003,0.14533115736984295
320.8,0.19165468736019434
321.20000000000005,0.2327521936886123
321.6,0.3715981720761934
322.0,0.1388594453911551
322.40000000000003,0.38634217367364393
322.8,0.23062615405512552
323.20000000000005,0.30756666556551066
323.6,0.3755679820277842
324.0,0.32070318031410194
324.40000000000003,0.28395497145016474
324.8,0.46785640651060867
325.20000000000005,0.26947166504233294
325.6,0.3799153955701942
326.0,0.26278331639073127
326.40000000000003,0.36693961181646306
326.8,0.2030581801316
327.20000000000005,0.3020380382842769
327.6,0.15716759757354803
328.0,0.1670731758536997
328.40000000000003,0.19244901889326665
328.8,0.1342476178995867
329.20000000000005,0.15285253812614572
329.6,0.2281653261011057
330.0,0.2837310651397797
330.40000000000003,0.2529932284541527
330.8,0.3626584583358495
331.20000000000005,0.23946329104776132
331.6,0.3247378166778672
332.0,0.2553598484278896
332.40000000000003,0.3817765128127947
332.8,0.40535689000036956
333.20000000000005,0.32439510269279415
333.6,0.36422201707842405
334.0,0.21274710882798395
334.40000000000003,0.35403884497586313
334.8,0.28478410835168644
335.20000000000005,0.11084724890217515
335.6,0.24243571413200343
336.0,0.22485586168315047
336.40000000000003,0.3401771808869242
336.8,0.3351974938186665
337.20000000000005,0.3180166017408334
337.6,0.13136998706787908
338.0,0.16318604857339747
338.40000000000003,0.20117341271760997
338.8,0.22794799999555942
339.20000000000005,0.19666608306662803
339.6,0.3210388637143018
340.0,0.17359659252906018
340.40000000000003,0.2642143999177648
340.8,0.21624648623139436
341.20000000000005,0.30059879867373385
341.6,0.4516896156645059
342.0,0.35022334087855683
342.40000000000003,0.3041149383693236
342.8,0.4033622426509892
343.20000000000005,0.3410949188256069
343.6,0.09461921501637416
344.0,0.27111588623815336
344.40000000000003,0.13145227281647426
344.8,0.1529216201218772
345.20000000000005,0.3448149680097914
345.6,0.1847251478903683
346.0,0.21001962894269674
346.40000000000003,0.28500175035063685
346.8,0.3052685524952129
347.20000000000005,0.32657680511132237
347.6,0.18119472133336578
348.0,0.3846594614762673
348.40000000000003,0.38641914648605913
348.8,0.1888459985807345
349.20000000000005,0.2446293505397841
349.6,0.2048107990935103
350.0,0.1419620892239395
350.40000000000003,0.3058860325771968
350.8,0.20064314630165325
351.20000000000005,0.17534783705945578
351.6,0.26895942984692983
352.0,0.0587506570416015
352.40000000000003,0.31666554138105646
352.8,0.16392870829754191
353.20000000000005,0.37034333236732464
353.6,0.35620394968047997
354.0,0.2783540471405551
354.40000000000003,0.25071780381290765
354.8,0.14041276522753895
355.20000000000005,0.2738154629890409
355.6,0.19922884646318395
356.0,0.329229033041349
356.40000000000003,0.29341524805168046
356.8,0.3213077412168349
357.20000000000005,0.3809475586442687
357.6,0.40732710706794467
358.0,0.1992413707672112
358.40000000000003,0.26707116767089484
358.8,0.2084231502195023
359.20000000000005,0.240898614996577
359.6,0.2183777799805536
360.0,0.08789335034295487
360.40000000000003,0.269942675234882
360.8,0.3327581508994272
361.20000000000005,0.23003807936349302
361.6,0.13915983473958488
362.0,0.3597193168182089
362.40000000000003,0.24910180872412108
362.8,0.30007817393059416
363.20000000000005,0.1917632685509317
363.6,0.20330386894218663
364.0,0.2662269521538616
364.40000000000003,0.062365346118061625
364.8,0.2100204379821793
365.20000000000005,0.3491484853760405
365.6,0.14735199073695465
366.0,0.21634469662557373
366.40000000000003,0.35913647269385945
366.8,0.11095310756503772
367.20000000000005,0.2788018173123873
367.6,0.2133035973757956
368.0,0.3477667556928059
368.40000000000003,0.22084505004303537
368.8,0.3065954162255359
369.20000000000005,0.12609538519070668
369.6,0.3264117818889536
370.0,0.13042720641993222
370.40000000000003,0.19973734173821503
370.8,0.23551981914019193
371.20000000000005,0.17883357312618875
371.6,0.2957305912588789
372.0,0.4362858962672028
372.40000000000003,0.1455971983526057
372.8,0.1821205069802987
373.20000000000005,0.12029623074538887
373.6,0.36675398629144407
374.0,0.4204476278545249
374.40000000000003,0.2920474561763387
374.8,0.24785263953501863
375.20000000000005,0.2653812116124544
375.6,0.38140304985960893
376.0,0.3597770500924514
376.40000000000003,0.3736211451316065
376.8,0.20424865744066312
377.20000000000005,0.3790919002220825
377.6,0.28716800268218
378.0,0.15460610571139377
378.40000000000003,0.29669165387364327
378.8,0.29415227696543167
379.20000000000005,0.18745638031158587
379.6,0.3772436553101275
380.0,0.17265480471371467
380.40000000000003,0.30601660356328764
380.8,0.22811573249480166
381.20000000000005,0.1919537563606706
381.6,0.2981872122645334
382.0,0.3165171857926096
382.40000000000003,0.2562646332405693
382.8,0.27946255386165486
383.20000000000005,0.21286996731448463
383.6,0.4375781189492771
384.0,0.3606184681339546
384.40000000000003,0.29262173910079803
384.8,0.3558561787385509
385.20000000000005,0.3061505803192005
385.6,0.2971344679865657
386.0,0.12476153538414754
386.40000000000003,0.31904944238386945
386.8,0.37279812893064457
387.20000000000005,0.3348813726061296
387.6,0.22933484165633533
388.0,0.2875125770431884
388.40000000000003,0.19100269717852159
388.8,0.3235379515893737
389.20000000000005,0.16103068012115504
389.6,0.2870091226785186
390.0,0.21963437939104716
390.40000000000003,0.3506317717838708
390.8,0.2734036263780621
391.20000000000005,0.2872515479704575
391.6,0.3669713765931386
392.0,0.20728771504893778
392.40000000000003,0.2922024601661472
392.8,0.4052431031395686
393.20000000000005,0.15442026511501755
393.6,0.181687651951738
394.0,0.38507748006995
394.40000000000003,0.23197135889100454
394.8,0.2578415345518368
395.20000000000005,0.24977392114665425
395.6,0.28337807500809337
396.0,0.14985486880291723
396.40000000000003,0.24092300998447583
396.8,0.285664861365388
397.20000000000005,0.25797941699395566
397.6,0.3276347032489784
398.0,0.3457351337178959
398.40000000000003,0.31640656365519276
398.8,0.3287369931565309
399.20000000000005,0.24561007049445388
399.6,0.20924339514183624
400.0,0.41991856541114014
400.40000000000003,0.32753616272344027
400.8,0.274659347409344
401.20000000000005,0.18412865068711098
401.6,0.31333079455368307
402.0,0.2191664005279721
402.40000000000003,0.25358227663540067
402.8,0.24074098910173122
403.20000000000005,0.22880818487339827
403.6,0.15251457676684999
404.0,0.1682016151728895
404.40000000000003,0.1985768373359365
404.8,0.21448328447073492
405.20000000000005,0.20234557856578309
405.6,0.2109364597809511
406.0,0.314397367044869
406.40000000000003,0.2311632053947369
406.8,0.19792785040369218
407.20000000000005,0.36133746759523677
407.6,0.2639581229636258
408.0,0.16793200962750293
408.40000000000003,0.3349247332314873
408.8,0.34861242193156555
409.20000000000005,0.36294327926883896
409.6,0.2998757285990277
410.0,0.41303820886380266
410.40000000000003,0.3768626789254745
410.8,0.17519826339815114
411.20000000000005,0.3236231958895361
411.6,0.27388007349157584
412.0,0.3509836073131512
412.40000000000003,0.2854786174267681
412.8,0.15803725408522543
413.20000000000005,0.20234622062723623
413.6,0.21024261934527938
414.0,0.3095311975616703
414.40000000000003,0.24669059554631767
414.8,0.26781642408500816
415.20000000000005,0.3401318049789795
415.6,0.34238350551539753
416.0,0.2087989281298158
416.40000000000003,0.3902208422597561
416.8,0.3312825626600745
417.20000000000005,0.321835732883864
417.6,0.08849385887198524
418.0,0.3343036237247723
418.40000000000003,0.36533625584476415
418.8,0.26483905694099164
419.20000000000005,0.07878700592162582
419.6,0.25208705264870984
420.0,0.3554074358830591
420.40000000000003,0.4418375294770467
420.8,0.39637400574863807
421.20000000000005,0.28662229794972083
421.6,0.2703376436087691
422.0,0.3265789428998669
422.40000000000003,0.36212204894003475
422.8,0.13971524466656512
423.20000000000005,0.26543136439847975
423.6,0.3518148184316523
424.0,0.21130884353398327
424.40000000000003,0.2007911080171635
424.8,0.26882477724706566
425.20000000000005,0.11443746029522256
425.6,0.21661745490652362
426.0,0.18343864590135933
426.40000000000003,0.29463905857561495
426.8,0.3330191084611892
427.20000000000005,0.15463542025240004
427.6,0.029316334543566545
428.0,0.19796291396588642
428.40000000000003,0.18663075371696025
428.8,0.31332221659408277
429.20000000000005,0.15877957544396626
429.6,0.4568341620472341
430.0,0.2086252024640012
430.40000000000003,0.28560231818549203
430.8,0.3461079309612719
431.20000000000005,0.2553479068089416
431.6,0.3619761765308914
432.0,0.46064801822499335
432.40000000000003,0.31777256194505216
432.8,0.271638350184774
433.20000000000005,0.45115274902015384
433.6,0.3623109940530405
434.0,0.2692140128112835
434.40000000000003,0.27438160393775746
434.8,0.17204244991327838
435.20000000000005,0.14537202431727592
435.6,0.5455683728711174
436.0,0.012448388503459008
436.40000000000003,0.19924877896320606
436.8,0.11442517218956294
437.20000000000005,0.28257192699245254
437.6,0.4671990000911509
438.0,0.43899777939268464
438.40000000000003,0.16854364462545704
438.8,0.17614459111602923
439.20000000000005,0.06998990706377463
439.6,0.5156221734514885
440.0,0.2962032915438257
440.40000000000003,0.24800219970985443
440.8,0.4605106942564009
441.20000000000005,0.3473741040641581
441.6,0.4278938997119678
442.0,0.2373514730326828
442.40000000000003,0.39598308014455047
442.8,0.3190538851065155
443.20000000000005,0.14946027881697205
443.6,0.23111731023653828
444.0,0.2942625772089144
444.40000000000003,0.34832863133680125
444.8,0.4366753514529675
445.20000000000005,0.2485472741277467
445.6,0.328271962228025
446.0,0.30875830529282694
446.40000000000003,0.2811063108987303
446.8,0.27626270250470725
447.20000000000005,0.30685442062233487
447.6,0.42042887746152746
448.0,0.203150525566714
448.40000000000003,0.37217289110867313
448.8,0.3865708881519563
449.20000000000005,0.23378973112742948
449.6,0.17119184604065515
450.0,0.30766881527428247
450.40000000000003,0.355318946221406
450.8,0.24154179615775645
451.20000000000005,0.2683732199727901
451.6,0.3865400404281846
452.0,0.19955666704857705
452.40000000000003,0.3691595727476626
452.8,0.35740639860595735
453.20000000000005,0.34714461634769855
453.6,0.22998175063725596
454.0,0.30092661700938395
454.40000000000003,0.27152069005635826
454.8,0.0754059610146009
455.20000000000005,0.31327710930720315
455.6,0.21290922731080938
456.0,0.31200749321714133
456.40000000000003,0.3395650372670065
456.8,0.23801362114295604
457.20000000000005,0.3352016267209136
457.6,0.35763849981466467
458.0,0.3729923704878484
458.40000000000003,0.396851664194477
458.8,0.27505169340197505
459.20000000000005,0.23094245344340372
459.6,0.48201448417142656
460.0,0.24606273278967317
460.40000000000003,0.3278600757451467
460.8,0.2627514239781047
461.20000000000005,0.23557656186963125
461.6,0.3294948749070728
462.0,0.45138723550096077
462.40000000000003,0.2700461553619735
462.8,0.37100536648381416
463.20000000000005,0.3381045426131285
463.6,0.25884521001519456
464.0,0.1536391156261268
464.40000000000003,0.26585335376815245
464.8,0.25104696152325195
465.20000000000005,0.3396094842153253
465.6,0.34002734463974665
466.0,0.35087199097436345
466.40000000000003,0.5260491908852323
466.8,0.3609228932394301
467.20000000000005,0.42914216877562666
467.6,0.2014110686237344
468.0,0.09830823044109031
468.40000000000003,0.36114862944249954
468.8,0.557567017490638
469.20000000000005,0.23835803774538905
469.6,0.3249463982048539
470.0,0.21204220524443831
470.40000000000003,0.3534276113650003
470.8,0.3463762617843765
471.20000000000005,0.2675084330209867
471.6,0.35584757096187136
472.0,0.3654225030331571
472.40000000000003,0.3409898564562026
472.8,0.42681285160442306
473.20000000000005,0.15550037256708873
473.6,0.28765366654562136
474.0,0.38123271848725226
474.40000000000003,0.2735703144763253
474.8,0.41153737282536346
475.20000000000005,0.3060870393424326
475.6,0.35572365155248864
476.0,0.43435823242666993
476.40000000000003,0.2802835871633481
476.8,0.38430073748350996
477.20000000000005,0.36944631737348055
477.6,0.411519822631478
478.0,0.3432898115726643
478.40000000000003,0.3906371523595837
478.8,0.3971292743587883
479.20000000000005,0.2427171907241574
479.6,0.33552824355197747
480.0,0.2640283831489084
480.40000000000003,0.2933261729027382
480.8,0.5040728766544995
481.20000000000005,0.179636825672908
481.6,0.35971607681222423
482.0,0.41877774940779333
482.40000000000003,0.3639246004409302
482.8,0.18128907704452052
483.20000000000005,0.49467791498746894
483.6,0.2405438824178259
484.0,0.22719946753787026
484.40000000000003,0.29278639459953004
484.8,0.3948826096982199
485.20000000000005,0.31120569903471457
485.6,0.3384027134724217
486.0,0.40647439570727867
486.40000000000003,0.45131009861177795
486.8,0.26019263013980226
487.20000000000005,0.2787523451932509
487.6,0.29131890924824
488.0,0.3497609288562164
488.40000000000003,0.4575884013549777
488.8,0.24113115790073328
489.20000000000005,0.24786182762146194
489.6,0.41510268794166333
490.0,0.3975524265340363
490.40000000000003,0.3699359064421693
490.8,0.4638815437903938
491.20000000000005,0.413243653456174
491.6,0.29338534567048774
492.0,0.3519317388751384
492.40000000000003,0.23001267173372386
492.8,0.212335323645136
493.20000000000005,0.40681999676801617
493.6,0.40067000449605544
494.0,0.39118497706765165
494.40000000000003,0.4258205933190635
494.8,0.23104840480430114
495.20000000000005,0.3642081633568678
495.6,0.38592395917471106
496.0,0.2586277434246446
496.40000000000003,0.33889601154001586
496.8,0.20255810011897232
497.20000000000005,0.3851602431459752
497.6,0.18037367816342842
498.0,0.34537086065250083
498.40000000000003,0.3639305257911308
498.8,0.3204800313254958
499.20000000000005,0.3639969693590925
499.6,0.18986974014448105
500.0,0.32448754778918515
500.40000000000003,0.40477357398976477
500.8,0.3737592039378628
501.20000000000005,0.3256101782491898
501.6,0.37798970089157513
502.0,0.5505394858841596
502.40000000000003,0.29656710600535746
502.8,0.3701188984648379
503.20000000000005,0.24158713258871423
503.6,0.26646224378894695
504.0,0.2766236348957216
504.40000000000003,0.3237779470922252
504.8,0.18387145760120832
505.20000000000005,0.25603139517379253
505.6,0.2967079840846135
506.0,0.3681319177495017
506.40000000000003,0.13215802148397074
506.8,0.36488214695591425
507.20000000000005,0.36589290958056747
507.6,0.45334193224354835
508.0,0.38614075088417354
508.40000000000003,0.34202282698241554
508.8,0.15335720292046295
509.20000000000005,0.2962406519338922
509.6,0.39873193276722113
510.0,0.3286969872257143
510.40000000000003,0.2859518829759383
510.8,0.4104614735637253
511.20000000000005,0.2929132344548786
511.6,0.32165330053637614
512.0,0.48637836994738237
512.4,0.13638968566889637
512.8000000000001,0.3641201670342176
513.2,0.45311472866665653
513.6,0.3467507428285661
514.0,0.26244584874029026
514.4,0.2741352384677729
514.8000000000001,0.2804255036615443
515.2,0.3359600543134273
515.6,0.5001732387503854
516.0,0.44607098663975653
516.4,0.5018895215929213
516.8000000000001,0.39074209626764833
517.2,0.29260591350608084
517.6,0.16770556063062497
518.0,0.23729243015162238
518.4,0.35116167634975815
518.8000000000001,0.31611846135559374
519.2,0.38288705345918045
519.6,0.4013262219917154
520.0,0.12323562887846388
520.4,0.31547214518069167
520.8000000000001,0.30868969065366536
521.2,0.27277109671028094
521.6,0.566777775121268
522.0,0.3823718544936097
522.4,0.28912691307654065
522.8000000000001,0.32327916080010594
523.2,0.4973062685974112
523.6,0.3573621442669144
524.0,0.30986350232532467
524.4,0.32844103497322996
524.8000000000001,0.33287166225513193
525.2,0.3520507504216043
525.6,0.4135663992852629
526.0,0.30501127206600287
526.4,0.18596272917999046
526.8000000000001,0.32381860243384875
527.2,0.2887903228759074
527.6,0.4516761606764056
528.0,0.3211079420443305
528.4,0.23520664144948297
528.8000000000001,0.300305523205489
529.2,0.3355881005407943
529.6,0.36316354149349017
530.0,0.24144419406945117
530.4,0.3564745743811494
530.8000000000001,0.37778865324087835
531.2,0.36763824551859425
531.6,0.32042379164490653
532.0,0.3863571289438692
532.4,0.36524197150439613
532.8000000000001,0.389678022606832
533.2,0.4583023947165107
533.6,0.20792636170151862
534.0,0.45491187650470133
534.4,0.3115431643757632
534.8000000000001,0.40027654377412153
535.2,0.49511146484162094
535.6,0.5112613299730282
536.0,0.32058621282562705
536.4,0.46160387411441994
536.8000000000001,0.3541317463845668
537.2,0.3855893109936593
537.6,0.4133772901345796
538.0,0.2456836605600943
538.4,0.22738065863311815
538.8000000000001,0.2930912425225934
539.2,0.346431445165872
539.6,0.3993714266051795
540.0,0.2742970234817661
540.4,0.19351512495554785
540.8000000000001,0.3463296687989664
541.2,0.4225165613632603
541.6,0.08618559650053564
542.0,0.4778597834314452
542.4,0.494195183727687
542.8000000000001,0.3140902935009921
543.2,0.4326040031527007
543.6,0.35118203043086055
544.0,0.2892555967175468
544.4,0.45033442264923235
544.8000000000001,0.36073202068146826
545.2,0.4053519485959348
545.6,0.39612904838777113
546.0,0.3132609591262195
546.4,0.4304783854049711
546.8000000000001,0.2583134918037789
547.2,0.34707489417689563
547.6,0.2796284563544183
548.0,0.19867673863944296
548.4,0.30019437273719096
548.8000000000001,0.3514069960169944
549.2,0.34342176237491095
549.6,0.36682935620285706
550.0,0.27332763828147466
550.4,0.16574866321241385
550.8000000000001,0.43087925003194477
551.2,0.34719329919112396
551.6,0.4312026459125265
552.0,0.5129011980684316
552.4,0.3422907431730535
552.8000000000001,0.1930996398645205
553.2,0.4452981504435404
553.6,0.38593221007912404
554.0,0.1977242710073919
554.4,0.3054996289925626
554.8000000000001,0.41314082902596333
555.2,0.37572236378243357
555.6,0.33471656273761413
556.0,0.3135757807136441
556.4,0.23489313117498023
556.8000000000001,0.2602969821177072
557.2,0.20176009005427203
557.6,0.3604845498834977
558.0,0.38245084609087066
558.4,0.32054980458109983
558.8000000000001,0.292137715923922
559.2,0.28029428925489236
559.6,0.29270809423531613
560.0,0.37787285322217357
560.4,0.2544900279455027
560.8000000000001,0.4328834416776022
561.2,0.40447614119621605
561.6,0.4738028316501125
562.0,0.23647599069422656
562.4,0.3746919030880802
562.8000000000001,0.43750230723480665
563.2,0.4053472850494958
563.6,0.342092874892384
564.0,0.2748672912405228
564.4,0.3052537940471391
564.8000000000001,0.39862881410828543
565.2,0.2942419579802149
565.6,0.2495351919147162
566.0,0.24889675059040103
566.4,0.3393223319601612
566.8000000000001,0.276809440984853
567.2,0.33469424854608065
567.6,0.42895181892158396
568.0,0.30490451722780665
568.4,0.3447079580833724
568.8000000000001,0.49604072052955817
569.2,0.27153064439311747
569.6,0.31339658928869263
570.0,0.33551756139638533
570.4,0.3764915085042189
570.8000000000001,0.3444888476817707
571.2,0.3861620599786718
571.6,0.30235379643424787
572.0,0.38866039852664186
572.4,0.2918247750781981
572.8000000000001,0.2454692346270465
573.2,0.3812554523041892
573.6,0.4725322154836935
574.0,0.24217230542568224
574.4,0.4626751865420436
574.8000000000001,0.5159955094109046
575.2,0.22698175259116166
575.6,0.4741407748911705
576.0,0.24276493132819998
576.4,0.3315119865616569
576.8000000000001,0.27412947635914886
577.2,0.33350483451322127
577.6,0.45332136235848375
578.0,0.24414623320178208
578.4,0.14600170734677792
578.8000000000001,0.4130052064816079
579.2,0.2755106910172473
579.6,0.366132684687839
580.0,0.2666032394891286
580.4,0.4019552184325576
580.8000000000001,0.21788060045691618
581.2,0.24321428851841884
581.6,0.32637454508529207
582.0,0.4035050708265342
582.4,0.30741503404277415
582.8000000000001,0.42915295112148066
583.2,0.5289599183529882
583.6,0.3866601670508926
584.0,0.4758160350882449
584.4,0.3272083296663309
584.8000000000001,0.511887269384253
585.2,0.2744519857355438
585.6,0.3706566749977119
586.0,0.3538698621812062
586.4,0.4233342974490944
586.8000000000001,0.26331511134177
587.2,0.17258069970856982
587.6,0.312537660917391
588.0,0.29547385952444777
588.4,0.4056727902584769
588.8000000000001,0.21410053904218257
589.2,0.3874367581994502
589.6,0.3012110459772176
590.0,0.4085117163191279
590.4,0.5062291136507939
590.8000000000001,0.3083167569216692
591.2,0.3497217406070155
591.6,0.21137247203428675
592.0,0.3008650778558897
592.4,0.3584223704921965
592.8000000000001,0.3807693439656245
593.2,0.44028036334046067
593.6,0.3806406620035825
594.0,0.3368459381287242
594.4,0.4425526058587354
594.8000000000001,0.17146569006719378
595.2,0.356897327383004
595.6,0.31333966046566825
596.0,0.3107210007610862
596.4,0.4099870687359861
596.8000000000001,0.4332353684677436
597.2,0.3231555878835595
597.6,0.41643128706749044
598.0,0.43647935684557854
598.4,0.30468501850720764
598.8000000000001,0.372980798373198
599.2,0.4017581291715405
599.6,0.3016702796051478
600.0,0.47960527157770166
600.4,0.2448740798734259
600.8000000000001,0.40067462086651606
601.2,0.3990772231825515
601.6,0.5109885561094909
602.0,0.18986483858933703
602.4,0.3871209229324877
602.8000000000001,0.43467275154393475
603.2,0.35028754576596355
603.6,0.36116305108904356
604.0,0.23785734785084656
604.4,0.3097830056206759
604.8000000000001,0.3004403975408908
605.2,0.20743143812685083
605.6,0.5101486863602167
606.0,0.17334663109314852
606.4,0.06779588611610127
606.8000000000001,0.3287027321590951
607.2,0.33768020042404756
607.6,0.33372864408092817
608.0,0.5416053625284782
608.4,0.5519278414488709
608.8000000000001,0.3469279778006199
609.2,0.20240536039652202
609.6,0.4105720952281495
610.0,0.445644271785629
610.4,0.4706165422924201
610.8000000000001,0.3763070299744129
611.2,0.48720614799475714
611.6,0.41900131332337565
612.0,0.29691767954723053
612.4,0.29100409741673827
612.8000000000001,0.42889770075759925
613.2,0.42637077945076085
613.6,0.18588286148891048
614.0,0.34167239911153435
614.4000000000001,0.36033302669044204
614.8000000000001,0.45911913880452154
615.2,0.4131476261721133
615.6,0.3707469431747651
616.0,0.46135717048663016
616.4000000000001,0.339704548660538
616.8000000000001,0.555825765275481
617.2,0.4031675743634545
617.6,0.31903757615808553
618.0,0.4059136451745235
618.4000000000001,0.31400201458511273
618.8000000000001,0.352435827713157
619.2,0.37327815713415946
619.6,0.41981404365088226
620.0,0.3232459012855788
620.4000000000001,0.24166696281228228
620.8000000000001,0.3831881439847306
621.2,0.41546195102662464
621.6,0.5085641915431681
622.0,0.42945880329809816
622.4000000000001,0.32490907890219234
622.8000000000001,0.2445078196951089
623.2,0.3851639463520518
623.6,0.26165957235386444
624.0,0.373695648721429
624.4000000000001,0.3787210946540085
624.8000000000001,0.15878701054182795
625.2,0.37502009675742043
625.6,0.17991086099031522
626.0,0.25658718270757574
626.4000000000001,0.2670779953617542
626.8000000000001,0.3860145439921814
627.2,0.28484257332765145
627.6,0.4711461929076869
628.0,0.3469914564002101
628.4000000000001,0.4262079593700047
628.8000000000001,0.2594372963488616
629.2,0.3508013066692253
629.6,0.3993590933040624
630.0,0.35393524121147
630.4000000000001,0.482943217682975
630.8000000000001,0.3588579211855733
631.2,0.4347380605066136
631.6,0.26084123610880405
632.0,0.47714563270624355
632.4000000000001,0.31993710996171754
632.8000000000001,0.45681021161087937
633.2,0.47691981376432185
633.6,0.3410936986766612
634.0,0.4766280362983297
634.4000000000001,0.4612287520690004
634.8000000000001,0.4246932538665579
635.2,0.38227954064404274
635.6,0.3679897998361728
636.0,0.4072267048646856
636.4000000000001,0.35443295332143976
636.8000000000001,0.4692285041086923
637.2,0.35681059746563626
637.6,0.2680317050911753
638.0,0.4914382740757903
638.4000000000001,0.4966423121486703
638.8000000000001,0.3049139264880375
639.2,0.3966278127831835
639.6,0.324411322083013
640.0,0.2867471130916768
640.4000000000001,0.32615585045569334
640.8000000000001,0.30304454257220037
641.2,0.5121616268116476
641.6,0.3815156560928512
642.0,0.5759253324838036
642.4000000000001,0.5589113421666297
642.8000000000001,0.3174019659560766
643.2,0.48343643400377
643.6,0.5401165477620036
644.0,0.5815788525254538
644.4000000000001,0.3651198913951667
644.8000000000001,0.30233448016421727
645.2,0.3510707308411414
645.6,0.433727365120103
646.0,0.5465112064152909
646.4000000000001,0.34282805407896527
646.8000000000001,0.4421508236668903
647.2,0.4866431598234116
647.6,0.16274312170984195
648.0,0.36541707646516364
648.4000000000001,0.3848275531559894
648.8000000000001,0.42664260586580394
649.2,0.32733053004648244
649.6,0.4450272452285225
650.0,0.5201367594458335
650.4000000000001,0.3950438298648851
650.8000000000001,0.3872060846168307
651.2,0.3769042690964408
651.6,0.3976901410806065
652.0,0.42802848108110736
652.4000000000001,0.44477262535602935
652.8000000000001,0.45353258989026085
653.2,0.3352044179235406
653.6,0.1983444691335404
654.0,0.3526081551656306
654.4000000000001,0.5781692243309848
654.8000000000001,0.3357914365935217
655.2,0.4603832808510721
655.6,0.4080419154042559
656.0,0.31724736919016533
656.4000000000001,0.16554111360827561
656.8000000000001,0.501654306566552
657.2,0.4761664409479522
657.6,0.4904302233593093
658.0,0.43225478471758716
658.4000000000001,0.36541411452395345
658.8000000000001,0.3562361635029575
659.2,0.37582322909456733
659.6,0.39144570206225554
660.0,0.2639003756489034
660.4000000000001,0.2855980839459121
660.8000000000001,0.5760527100421104
661.2,0.30171130512926475
661.6,0.4065190497796612
662.0,0.49561592860763926
662.4000000000001,0.3403170404261817
662.8000000000001,0.5318874944184164
663.2,0.3671211906635207
663.6,0.5359896420516616
664.0,0.4069624479646989
664.4000000000001,0.5872854792316813
664.8000000000001,0.3753628816831086
665.2,0.28912029056018146
665.6,0.48562474459904226
666.0,0.29144139900439436
666.4000000000001,0.2751413773812774
666.8000000000001,0.4195220242664881
667.2,0.44515900323594565
667.6,0.4481916784850104
668.0,0.36063676653997434
668.4000000000001,0.17654661683493475
668.8000000000001,0.34394981701502225
669.2,0.4296490543606058
669.6,0.4674942467794202
670.0,0.36850694969651215
670.4000000000001,0.3600331205755058
670.8000000000001,0.4631177334105579
671.2,0.28025393438272617
671.6,0.4101440628165689
672.0,0.28742342457501285
672.4000000000001,0.344680250175077
672.8000000000001,0.31353461229100577
673.2,0.23742641943299073
673.6,0.5000167984115076
674.0,0.3065299778065532
674.4000000000001,0.5017954826305736
674.8000000000001,0.4634989096627503
675.2,0.2709505397264766
675.6,0.3429447217133092
676.0,0.3128702757352393
676.4000000000001,0.39173158581951795
676.8000000000001,0.4338928891155518
677.2,0.2864187130009156
677.6,0.2986910619950406
678.0,0.17794877792300628
678.4000000000001,0.3458834859620249
678.8000000000001,0.45495812326706087
679.2,0.2692255916839286
679.6,0.40570788096813964
680.0,0.41877555053173027
680.4000000000001,0.3355638320024158
680.8000000000001,0.38364429213219964
681.2,0.3938513347506115
681.6,0.33869308201871673
682.0,0.2901111676046415
682.4000000000001,0.42006598825871755
682.8000000000001,0.4194120598774598
683.2,0.3225554464173528
683.6,0.38568837396276207
684.0,0.47386640968124666
684.4000000000001,0.4712434048282722
684.8000000000001,0.42248396812077366
685.2,0.38721769113823956
685.6,0.42408606511853403
686.0,0.28069616237295825
686.4000000000001,0.27487663812966234
686.8000000000001,0.4633380887560905
687.2,0.3154977313403546
687.6,0.38208091338986994
688.0,0.3927832103569775
688.4000000000001,0.545177215461538
688.8000000000001,0.333264156357819
689.2,0.5408656254731934
689.6,0.3936638683141479
690.0,0.4303968210086045
690.4000000000001,0.2750449086034639
690.8000000000001,0.3786378582203922
691.2,0.3674695130493652
691.6,0.2769683026160865
692.0,0.3080365680129229
692.4000000000001,0.4697903587054557
692.8000000000001,0.2918931609189169
693.2,0.4149650163328083
693.6,0.1445525060294669
694.0,0.3616025154855227
694.4000000000001,0.36006412551675077
694.8000000000001,0.33288677132548383
695.2,0.3235844921311477
695.6,0.4087607797293755
696.0,0.22243963838687403
696.4000000000001,0.4346450629860157
696.8000000000001,0.414716102671745
697.2,0.33922846500442283
697.6,0.4641551854241472
698.0,0.44693469025679716
698.4000000000001,0.4891281500023573
698.8000000000001,0.3266429575194305
699.2,0.3248834626825387
699.6,0.35073298597609737
700.0,0.3143192485019132
700.4000000000001,0.36094545975289466
700.8000000000001,0.3795149442635325
701.2,0.33977716690550097
701.6,0.1769380600139589
702.0,0.4962231000844789
702.4000000000001,0.3388161264595405
702.8000000000001,0.494099118972226
703.2,0.4079608141634528
703.6,0.31878943806356275
704.0,0.5614845446754138
704.4000000000001,0.47967304714338443
704.8000000000001,0.3331942252424709
705.2,0.45621302016004883
705.6,0.5368932707223402
706.0,0.22164534024091292
706.4000000000001,0.460281854914327
706.8000000000001,0.501658614058803
707.2,0.46121050028611144
707.6,0.3955221684208066
708.0,0.4220521070991617
708.4000000000001,0.393462290951706
708.8000000000001,0.355295904846819
709.2,0.4332228169726581
709.6,0.38308579678115434
710.0,0.335750493056901
710.4000000000001,0.3878985063110115
710.8000000000001,0.41485298538922366
711.2,0.39160114649126493
711.6,0.35311107300029426
712.0,0.25803763669140956
712.4000000000001,0.5742930079086213
712.8000000000001,0.41761596350252006
713.2,0.48006550018810923
713.6,0.35319939769424635
714.0,0.2894970167232566
714.4000000000001,0.36849389908136415
714.8000000000001,0.42907552900409573
715.2,0.40919635765738893
715.6,0.30198638439207803
716.0,0.479492705066173
716.4000000000001,0.3402046030369781
716.8000000000001,0.3666407302251765
717.2,0.37748886864548686
717.6,0.3763682948736296
718.0,0.5758991930487303
718.4000000000001,0.43569340814646373
718.8000000000001,0.3080615071365799
719.2,0.4032167216947199
719.6,0.39220050637520065
720.0,0.30956833263495237
720.4000000000001,0.5438972732605987
720.8000000000001,0.4164347626042113
721.2,0.44571873387348865
721.6,0.4836674082093298
722.0,0.36896995144644673
722.4000000000001,0.5363778041750962
722.8000000000001,0.43825120101323584
723.2,0.22294579944918944
723.6,0.4722733817365171
724.0,0.3753853576503907
724.4000000000001,0.5077987532887278
724.8000000000001,0.3633918521502142
725.2,0.25780996257877264
725.6,0.5133959691686071
726.0,0.43890146870709146
726.4000000000001,0.4888044179202772
726.8000000000001,0.2631707590975751
727.2,0.38258419622003875
727.6,0.4606684688713186
728.0,0.46578823420608306
728.4000000000001,0.49158614592447847
728.8000000000001,0.5318989879280839
729.2,0.2902829856966209
729.6,0.2978204587955282
730.0,0.2736448664034779
730.4000000000001,0.5093170500874893
730.8000000000001,0.5153687344726394
731.2,0.3698282801251685
731.6,0.28731822436452814
732.0,0.45443126676593787
732.4000000000001,0.40485897314673835
732.8000000000001,0.4415191580501799
733.2,0.28510325684897925
733.6,0.3732103895546438
734.0,0.32785159081517473
734.4000000000001,0.4637714272821006
734.8000000000001,0.42692907012701686
735.2,0.40660462602980896
735.6,0.36936404080921104
736.0,0.3666976447124739
736.4000000000001,0.2802159953809831
736.8000000000001,0.3623921234826085
737.2,0.31542204413369457
737.6,0.24647022029283544
738.0,0.2953679334387553
738.4000000000001,0.3614064296436284
738.8000000000001,0.3903042057499032
739.2,0.4196959261717389
739.6,0.2123265035438005
740.0,0.39337727709015285
740.4000000000001,0.4012549464728598
740.8000000000001,0.4122278296509365
741.2,0.5554608090449292
741.6,0.4781667587940145
742.0,0.4584070481949181
742.4000000000001,0.3890128334128713
742.8000000000001,0.4470577803170239
743.2,0.3017694499772248
743.6,0.3782360715337269
744.0,0.4599900817876468
744.4000000000001,0.4744934992427221
744.8000000000001,0.3602234735575337
745.2,0.44644686843536474
745.6,0.630396098921282
746.0,0.327605651430247
746.4000000000001,0.5161423588033421
746.8000000000001,0.3762504072750758
747.2,0.4319860233973408
747.6,0.48427606322326056
748.0,0.3596883800588086
748.4000000000001,0.5590388073850056
748.8000000000001,0.2861847214576279
749.2,0.4304270836183887
749.6,0.3822221440908324
750.0,0.3760482542765371
750.4000000000001,0.5183214615064006
750.8000000000001,0.4467649164296816
751.2,0.28830253603545886
751.6,0.364910945003701
752.0,0.44634646001743933
752.4000000000001,0.27649900569041896
752.8000000000001,0.48115896616722975
753.2,0.5075682567259483
753.6,0.2568313933646834
754.0,0.33442360628887036
754.4000000000001,0.28743404932372213
754.8000000000001,0.4572612808379558
755.2,0.4118284416079987
755.6,0.3467263133243123
756.0,0.5397962485019457
756.4000000000001,0.465604405901173
756.8000000000001,0.46748782112180337
757.2,0.37670598368731134
757.6,0.3242851670049323
758.0,0.5233647035341132
758.4000000000001,0.36982142965487524
758.8000000000001,0.4898206981436856
759.2,0.26501083380307316
759.6,0.21985861996103573
760.0,0.35042595095835316
760.4000000000001,0.43690569435885696
760.8000000000001,0.3077882459229888
761.2,0.40848219334289537
761.6,0.36717622714148185
762.0,0.2870848988313545
762.4000000000001,0.4062691285699849
762.8000000000001,0.3564090110469004
763.2,0.3190698413356494
763.6,0.47327106462980634
764.0,0.35152989409466434
764.4000000000001,0.5928757518448878
764.8000000000001,0.3465036260577192
765.2,0.5238299619631447
765.6,0.48282944196799615
766.0,0.4471103478715793
766.4000000000001,0.4647845854331723
766.8000000000001,0.5133334435182453
767.2,0.5003206929014913
767.6,0.35500015450417854
768.0,0.4576352369515492
768.4000000000001,0.3806886841723206
768.8000000000001,0.49490302726665153
769.2,0.4855444393752009
769.6,0.4177106525754034
770.0,0.5286134846260954
770.4000000000001,0.26906479847665943
770.8000000000001,0.4691267382869608
771.2,0.45255423139056994
771.6,0.3510689511386228
772.0,0.5255952392031552
772.4000000000001,0.43629014465171784
772.8000000000001,0.43791277873989126
773.2,0.5771916675305387
773.6,0.3148798714702114
774.0,0.535968995142736
774.4000000000001,0.5368709542480358
774.8000000000001,0.4708929105576665
775.2,0.3990866074945547
775.6,0.41611111214925944
776.0,0.36530655085379454
776.4000000000001,0.22874229462565107
776.8000000000001,0.5977126457220016
777.2,0.37366543400527286
777.6,0.4604675224044271
778.0,0.3294244859029103
778.4000000000001,0.4652635139610916
778.8000000000001,0.39791463275053923
779.2,0.341661022679398
779.6,0.5563792234143384
780.0,0.3254915047176768
780.4000000000001,0.42754451650415837
780.8000000000001,0.43504890454076406
781.2,0.2338121369423794
781.6,0.3357392921507455
782.0,0.5048332771804329
782.4000000000001,0.3390743009144321
782.8000000000001,0.5054970064367214
783.2,0.3828253190674857
783.6,0.3868339214592086
784.0,0.5417476138646231
784.4000000000001,0.22837209155779678
784.8000000000001,0.29958367689194015
785.2,0.5785184458090924
785.6,0.33486422530857407
786.0,0.5059075325575351
786.4000000000001,0.3428381968900215
786.8000000000001,0.44251251159635585
787.2,0.3356169548264033
787.6,0.4787414865828096
788.0,0.5340395844752804
788.4000000000001,0.31571586698504606
788.8000000000001,0.4177997030192043
789.2,0.35337206543733857
789.6,0.40127429218438915
790.0,0.42135910468661414
790.4000000000001,0.5640729892955765
790.8000000000001,0.517646740514638
791.2,0.3871964175305641
791.6,0.3481878739654064
792.0,0.37931974331883417
792.4000000000001,0.27343930694329466
792.8000000000001,0.44784465434025855
793.2,0.3564906008977415
793.6,0.3786044961366162
794.0,0.4391820219387738
794.4000000000001,0.35000035382568956
794.8000000000001,0.4991359469254627
795.2,0.7378867193298133
795.6,0.4902693238968084
796.0,0.48706410454071253
796.4000000000001,0.5305504657522931
796.8000000000001,0.49304343572498655
797.2,0.44077701710610273
797.6,0.5679218308738653
798.0,0.43054691972802417
798.4000000000001,0.49870332789582666
798.8000000000001,0.5220971084875169
799.2,0.259976572061395
799.6,0.3632394134659311
800.0,0.21648926493156856
800.4000000000001,0.37075233726289963
800.8000000000001,0.6537838667398067
801.2,0.4671530782428465
801.6,0.5220359956307417
802.0,0.5079896441403781
802.4000000000001,0.29977087935027336
802.8000000000001,0.5340642273653857
803.2,0.5890913165474642
803.6,0.3200272181972519
804.0,0.37496716917088535
804.4000000000001,0.3735713355885228
804.8000000000001,0.43020577244492453
805.2,0.46632208670062875
805.6,0.7427691732999132
806.0,0.4924163821118165
806.4000000000001,0.43457623954752395
806.8000000000001,0.4348487488824675
807.2,0.4699166076243571
807.6,0.4034750783304042
808.0,0.3816759496019326
808.4000000000001,0.47154592748079643
808.8000000000001,0.3360832584598483
809.2,0.5842685274047512
809.6,0.2938526633533178
810.0,0.536033073781974
810.4000000000001,0.3877955618137255
810.8000000000001,0.4361566443264441
811.2,0.45980547148315365
811.6,0.5483872924307263
812.0,0.48475663770429805
812.4000000000001,0.5364962807494981
812.8000000000001,0.26119866879490466
813.2,0.5789818994856386
813.6,0.4412300372018377
814.0,0.35205113067196414
814.4000000000001,0.3206265007938347
814.8000000000001,0.5707643433642963
815.2,0.3187190358678102
815.6,0.405570021863294
816.0,0.3853935603727272
816.4000000000001,0.43590686731938605
816.8000000000001,0.15778851474069838
817.2,0.28135270620853625
817.6,0.4049963297229643
818.0,0.5619520581556109
818.4000000000001,0.4849061448443863
818.8000000000001,0.22426298172299405
819.2,0.46773664401322923
819.6,0.3955661718901924
820.0,0.43343642046639463
820.4000000000001,0.30312756448865597
820.8000000000001,0.11863268840913586
821.2,0.44178394957936545
821.6,0.44671117837399515
822.0,0.6677700161032005
822.4000000000001,0.4204804597339637
822.8000000000001,0.3185376825665972
823.2,0.3490164581882086
823.6,0.3851522693041399
824.0,0.33342065635040524
824.4000000000001,0.6734016668249688
824.8000000000001,0.2967206566502389
825.2,0.37434074725165956
825.6,0.5285724400027549
826.0,0.2988373408658263
826.4000000000001,0.4510753766327962
826.8000000000001,0.5404361865386516
827.2,0.2699413482497294
827.6,0.38621982041400316
828.0,0.45489608169460727
828.4000000000001,0.509388745647499
828.8000000000001,0.6055294802191744
829.2,0.560036423960487
829.6,0.3241804716063331
830.0,0.42366729231423517
830.4000000000001,0.43630749628071497
830.8000000000001,0.4066757299979368
831.2,0.3144052491822868
831.6,0.3560883709194108
832.0,0.27058239761035746
832.4000000000001,0.3710857204344589
832.8000000000001,0.4890069688246223
833.2,0.4763555194943604
833.6,0.3438017129799127
834.0,0.536210331945082
834.4000000000001,0.5531830787345067
834.8000000000001,0.4568955358285378
835.2,0.4197350825849582
835.6,0.6180925133481883
836.0,0.48215821180138
836.4000000000001,0.37040681005175324
836.8000000000001,0.5978521178184135
837.2,0.19478954719235786
837.6,0.3662316383164432
838.0,0.4278524145065149
838.4000000000001,0.5235500702134477
838.8000000000001,0.4382435651366372
839.2,0.4499635187424458
839.6,0.4583321742250285
840.0,0.4896997465205638
840.4000000000001,0.480589077002176
840.8000000000001,0.5075958783724012
841.2,0.40897917148171237
841.6,0.3495759315369576
842.0,0.64262377404749
842.4000000000001,0.253563482662387
842.8000000000001,0.42027326842428775
843.2,0.5062572116314099
843.6,0.5550856093714833
844.0,0.6045983092403083
844.4000000000001,0.4859129410624977
844.8000000000001,0.5642646837755034
845.2,0.44095351757016893
845.6,0.45455363054797004
846.0,0.4313174686301777
846.4000000000001,0.49971513856975813
846.8000000000001,0.4210093402458821
847.2,0.5091394295655017
847.6,0.48304387386725717
848.0,0.4071660807549199
848.4000000000001,0.44827052891930663
848.8000000000001,0.4343816352768941
849.2,0.46982090636983836
849.6,0.39305560370241577
850.0,0.3310552079208897
850.4000000000001,0.6228684794804463
850.8000000000001,0.3173824420771231
851.2,0.4826783347406357
851.6,0.35990347117223603
852.0,0.35620945956940536
852.4000000000001,0.48867121489781223
852.8000000000001,0.506771486411616
853.2,0.5041117117138707
853.6,0.3741412954806895
854.0,0.48597110354475126
854.4000000000001,0.2829059639270841
854.8000000000001,0.4014102663216454
855.2,0.5346580046218198
855.6,0.3885500032681521
856.0,0.4410194799260534
856.4000000000001,0.33299804407133415
856.8000000000001,0.4894489161346533
857.2,0.4512736438253637
857.6,0.6030989963156377
858.0,0.5089950871587414
858.4000000000001,0.4221271463815967
858.8000000000001,0.3900213548979389
859.2,0.4494918291892158
859.6,0.36140058007371534
860.0,0.32325107604383735
860.4000000000001,0.5683301194586009
860.8000000000001,0.45178389848257344
861.2,0.3957430044947819
861.6,0.49576273830438117
862.0,0.5636570051515497
862.4000000000001,0.5479950795778331
862.8000000000001,0.38654463034381337
863.2,0.35774792161578106
863.6,0.36710803905283756
864.0,0.5680597836282688
864.4000000000001,0.3438479486683926
864.8000000000001,0.42505062822244644
865.2,0.45939230566800604
865.6,0.3863645970571815
866.0,0.5747813243303042
866.4000000000001,0.5384154570660091
866.8000000000001,0.47572173779939453
867.2,0.2619321859474532
867.6,0.38802477080131287
868.0,0.43747474397644803
868.4000000000001,0.5147945325033714
868.8000000000001,0.34951672799276
869.2,0.3849366771494913
869.6,0.652987448742474
870.0,0.5613013019729475
870.4000000000001,0.5463860198524777
870.8000000000001,0.5832739869419219
871.2,0.4710923701426272
871.6,0.4668170097050616
872.0,0.44835148562424143
872.4000000000001,0.5014207400012899
872.8000000000001,0.3850115890153321
873.2,0.5901054208090142
873.6,0.6037131345284039
874.0,0.39961473163953515
874.4000000000001,0.2744004558144627
874.8000000000001,0.37820668674591174
875.2,0.41468726215231794
875.6,0.3618771130992029
876.0,0.32838761777398695
876.4000000000001,0.4178859249876831
876.8000000000001,0.30364075062274154
877.2,0.5396759759881578
877.6,0.36384969523391
878.0,0.24818436690938211
878.4000000000001,0.28618375548746144
878.8000000000001,0.3723469762864019
879.2,0.4886091053379924
879.6,0.5193419720955028
880.0,0.6585414001117462
880.4000000000001,0.5270063238257403
880.8000000000001,0.5408116303772998
881.2,0.33249092872756025
881.6,0.6438202343139663
882.0,0.494991538607012
882.4000000000001,0.5036705213218488
882.8000000000001,0.4600271835229239
883.2,0.5040090694273605
883.6,0.44071457626405897
884.0,0.4503215964057796
884.4000000000001,0.36882324755592466
884.8000000000001,0.654237306095514
885.2,0.4631489380434622
885.6,0.3480470626917575
886.0,0.4400104855184945
886.4000000000001,0.3971083557802094
886.8000000000001,0.5587920467843193
887.2,0.6144167938140592
887.6,0.47202769596826594
888.0,0.4901782110189117
888.4000000000001,0.4611770025853685
888.8000000000001,0.5040412981601603
889.2,0.46870865742126366
889.6,0.5664456821165509
890.0,0.597822208654498
890.4000000000001,0.6080885183265543
890.8000000000001,0.5307231584294155
891.2,0.45197760729776826
891.6,0.5925003078706003
892.0,0.3288958297076514
892.4000000000001,0.3617008369624908
892.8000000000001,0.5508606584921352
893.2,0.4634277306801124
893.6,0.5598761214347361
894.0,0.42916308172799855
894.4000000000001,0.5218429396604763
894.8000000000001,0.3868891697653207
895.2,0.6668775937148269
895.6,0.4427948180475675
896.0,0.3991491979205739
896.4000000000001,0.4166532262126926
896.8000000000001,0.5307752467448698
897.2,0.4332094051969102
897.6,0.5075199072760719
898.0,0.5139323236247029
898.4000000000001,0.45753028614549207
898.8000000000001,0.5276318244483382
899.2,0.4504111125073541
899.6,0.4730259434660706
900.0,0.2887983380739273
900.4000000000001,0.4808122523890637
900.8000000000001,0.2803977052307126
901.2,0.45443632589901983
901.6,0.543675975189111
902.0,0.552453217156056
902.4000000000001,0.5396974354892357
902.8000000000001,0.5401783597040284
903.2,0.44760815566031115
903.6,0.38206909806141454
904.0,0.5926567078562242
904.4000000000001,0.4459366924835304
904.8000000000001,0.4248571447543362
905.2,0.5598793145312422
905.6,0.5019603830179529
906.0,0.5044669341893645
906.4000000000001,0.2737547144956792
906.8000000000001,0.328008432689078
907.2,0.4376359291971954
907.6,0.28464119141047906
908.0,0.6379451800132331
908.4000000000001,0.34274264108815594
908.8000000000001,0.4715928435318531
909.2,0.43849202329933656
909.6,0.3279861916221344
910.0,0.4139349884602162
910.4000000000001,0.6608467315359743
910.8000000000001,0.47753232120002537
911.2,0.3982557440468721
911.6,0.5257996734301705
912.0,0.4449325993280801
912.4000000000001,0.6108714891965831
912.8000000000001,0.46479554515095123
913.2,0.38103370556391014
913.6,0.38833220556226505
914.0,0.3692959985187757
914.4000000000001,0.43660971133737536
914.8000000000001,0.488929477871283
915.2,0.3531671921374606
915.6,0.36652506682966746
916.0,0.354658542262882
916.4000000000001,0.5344441314662447
916.8000000000001,0.5329511167655041
917.2,0.43887577928008986
917.6,0.41421777351759503
918.0,0.5013195346605017
918.4000000000001,0.4128896750663699
918.8000000000001,0.48248657686092217
919.2,0.41795914700464465
919.6,0.431834266206029
920.0,0.49167960877212485
920.4000000000001,0.5642924718246884
920.8000000000001,0.44736570334563386
921.2,0.43481707482583953
921.6,0.5841276431379828
922.0,0.5151196267960979
922.4000000000001,0.3963728600612453
922.8000000000001,0.39434796588996673
923.2,0.3806928808101461
923.6,0.5154203155271245
924.0,0.5056136695363557
924.4000000000001,0.4575931973517765
924.8000000000001,0.4024883042450222
925.2,0.25230354088657275
925.6,0.6052514874571044
926.0,0.5470271385686789
926.4000000000001,0.4377628798437907
926.8000000000001,0.6584880296890225
927.2,0.556995936045442
927.6,0.4407038536001725
928.0,0.42236644907933196
928.4000000000001,0.60881646056945
928.8000000000001,0.483574258989991
929.2,0.5960839940882029
929.6,0.49080675187611894
930.0,0.47088200231362676
930.4000000000001,0.41418761249663505
930.8000000000001,0.5458470373142176
931.2,0.4867953519687018
931.6,0.46550870551510143
932.0,0.3922427689685284
932.4000000000001,0.5311126487953618
932.8000000000001,0.3983611336064804
933.2,0.5010113423065711
933.6,0.6469284835250798
934.0,0.46057987450337845
934.4000000000001,0.44038165597227424
934.8000000000001,0.5433862987837017
935.2,0.37612485826511066
935.6,0.4842376366305922
936.0,0.5334515692190035
936.4000000000001,0.5003284446550945
936.8000000000001,0.4256352026133754
937.2,0.5503151313727763
937.6,0.5228225174751675
938.0,0.3606976430790625
938.4000000000001,0.428406415234372
938.8000000000001,0.60208327879718
939.2,0.5296696643658939
939.6,0.5619173699041216
940.0,0.40364089218156507
940.4000000000001,0.3469956372579509
940.8000000000001,0.5922532062964949
941.2,0.39664299363202515
941.6,0.40972222166424765
942.0,0.5201017173388638
942.4000000000001,0.4941613995681868
942.8000000000001,0.4934558275245543
943.2,0.6572162824778317
943.6,0.44922127940178047
944.0,0.3818382492974695
944.4000000000001,0.5922435321721919
944.8000000000001,0.23704807913067222
945.2,0.46785556716677135
945.6,0.4477925419032436
946.0,0.5472995826801987
946.4000000000001,0.5979192885168056
946.8000000000001,0.5084043531811455
947.2,0.38955965637376977
947.6,0.6351043119856101
948.0,0.5836284716937182
948.4000000000001,0.49973615603401844
948.8000000000001,0.3189348271705085
949.2,0.22743403318421873
949.6,0.3554265444328644
950.0,0.39249728567747133
950.4000000000001,0.44582421812279455
950.8000000000001,0.37306478483759997
951.2,0.5675475353776431
951.6,0.6264846437101447
952.0,0.6587672040284697
952.4000000000001,0.551513741905374
952.8000000000001,0.4767000470204829
953.2,0.4179141374069153
953.6,0.37463899294878533
954.0,0.33175328059305653
954.4000000000001,0.506396123193815
954.8000000000001,0.5251055696730339
955.2,0.3658937896765934
955.6,0.517774506261078
956.0,0.5789089715635227
956.4000000000001,0.5217770470251929
956.8000000000001,0.5311338828102407
957.2,0.4072036082352016
957.6,0.4843490112907747
958.0,0.5172202102654865
958.4000000000001,0.4179807337264346
958.8000000000001,0.3540567046341422
959.2,0.6171260563412677
959.6,0.5635115482252855
960.0,0.49139115885756984
960.4000000000001,0.6773406683227273
960.8000000000001,0.3365207994280001
961.2,0.6019415606631535
961.6,0.40944211018578736
962.0,0.33204292330380536
962.4000000000001,0.48499116790526053
962.8000000000001,0.45789107055579625
963.2,0.3766731347777003
963.6,0.5109859710624965
964.0,0.38439886605063645
964.4000000000001,0.5983518920238846
964.8000000000001,0.40083403209130564
965.2,0.4976598056855039
965.6,0.4834524081938743
966.0,0.3339393630364929
966.4000000000001,0.5130983504330169
966.8000000000001,0.33860262398546864
967.2,0.5662242034528202
967.6,0.5665272351153032
968.0,0.3186319463099949
968.4000000000001,0.35531523524048764
968.8000000000001,0.42232059644367415
969.2,0.3793270454993971
969.6,0.5139919473308077
970.0,0.30341035663486676
970.4000000000001,0.3522007639055607
970.8000000000001,0.541424522153666
971.2,0.5229227928530957
971.6,0.3119331538410498
972.0,0.6047484082973247
972.4000000000001,0.4830221870327528
972.8000000000001,0.44997531117799305
973.2,0.5073782946678793
973.6,0.24810694649185036
974.0,0.5475689350907591
974.4000000000001,0.388063659870691
974.8000000000001,0.590133101193414
975.2,0.3989081897482054
975.6,0.3237412492608087
976.0,0.28637987840710805
976.4000000000001,0.37290295457303146
976.8000000000001,0.5298376916753625
977.2,0.34521453971688326
977.6,0.44487927122078375
978.0,0.4761493964734278
978.4000000000001,0.5232326596006422
978.8000000000001,0.4518787271555387
979.2,0.6646318191795296
979.6,0.5660107201719633
980.0,0.4556470051208538
980.4000000000001,0.4406306634498304
980.8000000000001,0.5185346898312772
981.2,0.5489073677115088
981.6,0.6139970780453403
982.0,0.3994711716689724
982.4000000000001,0.46883165101262253
982.8000000000001,0.3505964436228337
983.2,0.4385493247616167
983.6,0.4329140624844166
984.0,0.4908351516897886
984.4000000000001,0.41501246929336444
984.8000000000001,0.32911878441592296
985.2,0.6663559558747757
985.6,0.4148875054443993
986.0,0.7128726059961292
986.4000000000001,0.49312702410998716
986.8000000000001,0.5601181173186137
987.2,0.524916903120157
987.6,0.5367888210883555
988.0,0.5857980177926273
988.4000000000001,0.491426913613479
988.8000000000001,0.45451062425154487
989.2,0.49059044946693187
989.6,0.5765694855442037
990.0,0.5179397886518593
990.4000000000001,0.5824175340095155
990.8000000000001,0.5942898684270738
991.2,0.5677666599059055
991.6,0.39283418485680144
992.0,0.42348771423275877
992.4000000000001,0.4852481941218684
992.8000000000001,0.4048959640346801
993.2,0.5479720230401116
993.6,0.5204125131712531
994.0,0.5304558776520164
994.4000000000001,0.5461628543716938
994.8000000000001,0.4921469424127308
995.2,0.38798546581555937
995.6,0.47797553968761125
996.0,0.5542926535214744
996.4000000000001,0.48824575400220305
996.8000000000001,0.5719889438818362
997.2,0.5256560209898227
997.6,0.5912912375313041
998.0,0.5712389153896289
998.4000000000001,0.41669677779957104
998.8000000000001,0.6216104309808247
999.2,0.38082421314366227
999.6,0.4067860872531937
1000.0,0.49729927400849533
1000.4000000000001,0.7431066822005562
1000.8000000000001,0.3736804386926619
1001.2,0.48881999803260257
1001.6,0.6326601767751483
1002.0,0.3763964847037488
1002.4000000000001,0.32928405962598906
1002.8000000000001,0.5771878391266315
1003.2,0.5341038391896535
1003.6,0.31267015090372746
1004.0,0.5204852121252709
1004.4000000000001,0.4611359342748884
1004.8000000000001,0.4159258720088615
1005.2,0.5273177578124635
1005.6,0.5184237995377192
1006.0,0.4605094170314703
1006.4000000000001,0.5270834446015233
1006.8000000000001,0.6440220777628235
1007.2,0.3618834335473433
1007.6,0.5105426090232346
1008.0,0.6389839093801712
1008.4000000000001,0.6431138113614252
1008.8000000000001,0.641728021571779
1009.2,0.5041844345726513
1009.6,0.39679949069241277
1010.0,0.4008164708512846
1010.4000000000001,0.4869591405549923
1010.8000000000001,0.41897860519722574
1011.2,0.677453339226338
1011.6,0.48242090872745147
1012.0,0.5142303079943171
1012.4000000000001,0.5601207300046243
1012.8000000000001,0.470059543045715
1013.2,0.5200394332084106
1013.6,0.5030652302464734
1014.0,0.4541758384355822
1014.4000000000001,0.6438084161809885
1014.8000000000001,0.4527089016888176
1015.2,0.5897578166890994
1015.6,0.5421323813639173
1016.0,0.5298561619782898
1016.4000000000001,0.5945696939322709
1016.8000000000001,0.5756362067253236
1017.2,0.49695745341933784
1017.6,0.4766750410450218
1018.0,0.46840408374117093
1018.4000000000001,0.5147756988088713
1018.8000000000001,0.440419273794873
1019.2,0.3423369474171784
1019.6,0.35712050034253817
1020.0,0.44912006978614283
1020.4000000000001,0.44221504445416804
1020.8000000000001,0.448916108096823
1021.2,0.41226268928131793
1021.6,0.4256891679835858
1022.0,0.5985038464125649
1022.4000000000001,0.5938191684589014
1022.8000000000001,0.48712656288523004
1023.2,0.5095332892734504
1023.6,0.4362196885131516
1024.0,0.42426939845758677
1024.4,0.4708990443063247
1024.8,0.2988697189028906
1025.2,0.4669196006145481
1025.6000000000001,0.7232158758082137
1026.0,0.5068798060300982
1026.4,0.46619043431439905
1026.8,0.4861728202945862
1027.2,0.5694375171369257
1027.6000000000001,0.5632642601670398
1028.0,0.5719105134663346
1028.4,0.43543121660195644
1028.8,0.5723748153217092
1029.2,0.6483406407395693
1029.6000000000001,0.4558304409590835
1030.0,0.5319597753678905
1030.4,0.5791363224017588
1030.8,0.4623978194571183
1031.2,0.49887030410257655
1031.6000000000001,0.43028179546195855
1032.0,0.46493025821619927
1032.4,0.5776421112085837
1032.8,0.37998939863160414
1033.2,0.6024243106746444
1033.6000000000001,0.4845014714647367
1034.0,0.5069866392976942
1034.4,0.5467582296818245
1034.8,0.4245093209156403
1035.2,0.48726182146936187
1035.6000000000001,0.417651940024648
1036.0,0.461550646338833
1036.4,0.3482123762931699
1036.8,0.6807389527829284
1037.2,0.6085681327469556
1037.6000000000001,0.341683654990678
1038.0,0.5038601395249988
1038.4,0.4947693632055765
1038.8,0.41594352791344436
1039.2,0.6383559836040842
1039.6000000000001,0.29444071944859335
1040.0,0.6406360329001104
1040.4,0.5460176536596878
1040.8,0.5967489962668113
1041.2,0.48183046559306436
1041.6000000000001,0.563117720625776
1042.0,0.3894371015219783
1042.4,0.4874410471375903
1042.8,0.4003095555773467
1043.2,0.5765746831879222
1043.6000000000001,0.44891516224147604
1044.0,0.6154176516910769
1044.4,0.4366207838869951
1044.8,0.6080631647013631
1045.2,0.3537870261057192
1045.6000000000001,0.4886088015403884
1046.0,0.36641265092351205
1046.4,0.44784873785025126
1046.8,0.5831464985815802
1047.2,0.5169262426506752
1047.6000000000001,0.5479683197080009
1048.0,0.5632121893798496
1048.4,0.44469956734199706
1048.8,0.6896863386733068
1049.2,0.5584767052536213
1049.6000000000001,0.45271870727744307
1050.0,0.3390392263446206
1050.4,0.6012023039970693
1050.8,0.5716346232854126
1051.2,0.46357368173571545
1051.6000000000001,0.3444432397120028
1052.0,0.753373896689475
1052.4,0.3496042692636948
1052.8,0.4442341157786533
1053.2,0.6752983186233253
1053.6000000000001,0.5156322794660877
1054.0,0.3898501262440113
1054.4,0.491420553377484
1054.8,0.6039798486789637
1055.2,0.6415039418575358
1055.6000000000001,0.3005616500157261
1056.0,0.4275978936156032
1056.4,0.4810126329625315
1056.8,0.3756908978540871
1057.2,0.4492708986893809
1057.6000000000001,0.39388957338795094
1058.0,0.3888898166739634
1058.4,0.4748829804276045
1058.8,0.5652381579619017
1059.2,0.46428513721362075
1059.6000000000001,0.49291424616183244
1060.0,0.5352142644356757
1060.4,0.5668222055339076
1060.8,0.33192270869104595
1061.2,0.4131066546582308
1061.6000000000001,0.39377326664939627
1062.0,0.3884229773673037
1062.4,0.5966517066214677
1062.8,0.4069150851742557
1063.2,0.5271818025008568
1063.6000000000001,0.4133919558773336
1064.0,0.5386137390821651
1064.4,0.5798179662849413
1064.8,0.5085891685040718
1065.2,0.44553162397264945
1065.6000000000001,0.5643371859656129
1066.0,0.45421206360374083
1066.4,0.6373579887369747
1066.8,0.5284981986036287
1067.2,0.6446803210226235
1067.6000000000001,0.4581241286014853
1068.0,0.5952680037776943
1068.4,0.5206136793183754
1068.8,0.39208653790212855
1069.2,0.6968619827279278
1069.6000000000001,0.5320564435906955
1070.0,0.5011303689730472
1070.4,0.5082470778092323
1070.8,0.4537947845193926
1071.2,0.6649001718030588
1071.6000000000001,0.4849820664579854
1072.0,0.4998046802793775
1072.4,0.47353494735749546
1072.8,0.4746990506388318
1073.2,0.6042549733813289
1073.6000000000001,0.5457374759169691
1074.0,0.4755282697428082
1074.4,0.3305664902087721
1074.8,0.46662582191062707
1075.2,0.5119380526876656
1075.6000000000001,0.6107570051225254
1076.0,0.648010121776124
1076.4,0.5268738186606289
1076.8,0.4144452587456013
1077.2,0.5411525643618639
1077.6000000000001,0.4911130427829475
1078.0,0.6696674846044026
1078.4,0.5413569749640041
1078.8,0.5646869722345507
1079.2,0.460711988181336
1079.6000000000001,0.44473574818878236
1080.0,0.5487650241065015
1080.4,0.5549473123408541
1080.8,0.41665399022428873
1081.2,0.6283725924912702
1081.6000000000001,0.4660110995202632
1082.0,0.34529383387016854
1082.4,0.4882599112992151
1082.8,0.5721661547893959
1083.2,0.4620142755452108
1083.6000000000001,0.6075086804437029
1084.0,0.6414555863834126
1084.4,0.6324167012847765
1084.8,0.6599531551015475
1085.2,0.3845104253906292
1085.6000000000001,0.44317075163732955
1086.0,0.4642800641851894
1086.4,0.5286297641523745
1086.8,0.45356541005662154
1087.2,0.499382075213616
1087.6000000000001,0.43469990761712285
1088.0,0.437979057384748
1088.4,0.6190952872976644
1088.8,0.523319081154925
1089.2,0.5303277815421423
1089.6000000000001,0.2786851509851553
1090.0,0.3876925534415338
1090.4,0.46053654536826805
1090.8,0.6486952046788426
1091.2,0.4078966086235703
1091.6000000000001,0.4490640160997076
1092.0,0.5133794023424929
1092.4,0.5420708063877183
1092.8,0.6475462602544358
1093.2,0.4535538000365491
1093.6000000000001,0.2897834099738068
1094.0,0.5315549974210074
1094.4,0.5270652022855336
1094.8,0.5301957903752477
1095.2,0.561565432754221
1095.6000000000001,0.6794731150783981
1096.0,0.41232584434851205
1096.4,0.5735987815921005
1096.8,0.45077713056231994
1097.2,0.5302775915234955
1097.6000000000001,0.35642994359631586
1098.0,0.39461157698287486
1098.4,0.6175152006167118
1098.8,0.7073603331135037
1099.2,0.3414844834878294
1099.6000000000001,0.32225066985516104
1100.0,0.6114245217630003
1100.4,0.4195239977484306
1100.8,0.5459895667155207
1101.2,0.5693730312504836
1101.6000000000001,0.5345894812499318
1102.0,0.3263577104425459
1102.4,0.6311588471588865
1102.8,0.5205069626703617
1103.2,0.3288733082740384
1103.6000000000001,0.5728598414740138
1104.0,0.4671106471663977
1104.4,0.5769035987737748
1104.8,0.508544639021227
1105.2,0.5052878401984539
1105.6000000000001,0.5521142497776786
1106.0,0.5386107125347566
1106.4,0.5303679576160024
1106.8,0.49583132081010955
1107.2,0.41704182714159355
1107.6000000000001,0.7829483697346451
1108.0,0.5992022231465641
1108.4,0.6059907316139579
1108.8,0.4814224465739483
1109.2,0.6179371381607754
1109.6000000000001,0.6685395719373494
1110.0,0.4514232687474729
1110.4,0.4627822968652263
1110.8,0.4428970467350032
1111.2,0.6033969981926517
1111.6000000000001,0.5320808985074703
1112.0,0.6682653713243496
1112.4,0.4488495869798364
1112.8,0.6028046154052571
1113.2,0.7641250718412095
1113.6000000000001,0.7103282134701251
1114.0,0.5982961519002808
1114.4,0.588827563145697
1114.8,0.5672898194698087
1115.2,0.6139024863316074
1115.6000000000001,0.4237518399874557
1116.0,0.6073369676663524
1116.4,0.5308730135059977
1116.8,0.5130101569010407
1117.2,0.48107051578529214
1117.6000000000001,0.46853063016502355
1118.0,0.4984185237459057
1118.4,0.4564505597594297
1118.8,0.43120980431267364
1119.2,0.44785250808891425
1119.6000000000001,0.6145661423161732
1120.0,0.34907185405547
1120.4,0.5740007827584852
1120.8,0.6769609247972135
1121.2,0.7131475980513737
1121.6000000000001,0.587518196335757
1122.0,0.6153761406962359
1122.4,0.5752305826976624
1122.8,0.5304798729697682
1123.2,0.6151143852106913
1123.6000000000001,0.5906939779160484
1124.0,0.338160701496874
1124.4,0.7003789488011768
1124.8,0.635490873300474
1125.2,0.559598647221856
1125.6000000000001,0.3512223516762855
1126.0,0.41724993323701587
1126.4,0.5201321867320385
1126.8,0.5724311235344262
1127.2,0.5124878340448487
1127.6000000000001,0.511706251356166
1128.0,0.559356771709649
1128.4,0.6055276897227013
1128.8,0.5607467256501054
1129.2,0.5247469899217658
1129.6000000000001,0.7566613510206321
1130.0,0.5986893618984083
1130.4,0.5856453295716456
1130.8,0.5581673913807013
1131.2,0.6048500953245971
1131.6000000000001,0.5170846838119615
1132.0,0.2949556624735467
1132.4,0.44427107736350563
1132.8,0.56678284983148
1133.2,0.5017390384516238
1133.6000000000001,0.6632728651561648
1134.0,0.44720276959233574
1134.4,0.6639820169048138
1134.8,0.5684426527388526
1135.2,0.5961790506435195
1135.6000000000001,0.5792758291751705
1136.0,0.581050352841868
1136.4,0.6453389544240506
1136.8,0.6725082560231836
1137.2,0.46987525411986
1137.6000000000001,0.7773587523143184
1138.0,0.6354179902981637
1138.4,0.3544080067156205
1138.8,0.4926581002578665
1139.2,0.4618025957086211
1139.6000000000001,0.5052754897509496
1140.0,0.5312380491971627
1140.4,0.33755520906617575
1140.8,0.4459342828015088
1141.2,0.5511736167002284
1141.6000000000001,0.4296215208405998
1142.0,0.550887845312995
1142.4,0.5109965601571621
1142.8,0.5089711238812388
1143.2,0.5620514990171324
1143.6000000000001,0.44213301081293366
1144.0,0.5122796111463876
1144.4,0.5172592646562427
1144.8,0.5446697942436982
1145.2,0.4783619997209471
1145.6000000000001,0.5922301147505094
1146.0,0.5757991948834175
1146.4,0.5497765578469929
1146.8,0.5991819332275073
1147.2,0.5813985236238037
1147.6000000000001,0.5680392645705971
1148.0,0.5754588950978321
1148.4,0.5399359781215122
1148.8,0.602154407449492
1149.2,0.5674055500823199
1149.6000000000001,0.5588713492761606
1150.0,0.5796966495169011
1150.4,0.46340916393570986
1150.8,0.5765056353528119
1151.2,0.5818790088367197
1151.6000000000001,0.6782010943835135
1152.0,0.41089466971016686
1152.4,0.29632579960870203
1152.8,0.35832817714186344
1153.2,0.5756074466865182
1153.6000000000001,0.5467094875565983
1154.0,0.5490514512690257
1154.4,0.3747386115919322
1154.8,0.4735432187522948
1155.2,0.4762692021686868
1155.6000000000001,0.5234181305587495
1156.0,0.6571877675763196
1156.4,0.4576350572717972
1156.8,0.7049419082266438
1157.2,0.481632265152874
1157.6000000000001,0.4536446967245721
1158.0,0.5380313592489694
1158.4,0.6427660145650931
1158.8,0.4676937404726993
1159.2,0.5444344742159044
1159.6000000000001,0.5903761620363198
1160.0,0.6314400336512672
1160.4,0.6083650866952918
1160.8,0.5681672375801115
1161.2,0.560664670409933
1161.6000000000001,0.4198419017245717
1162.0,0.575664232040811
1162.4,0.5087034838893527
1162.8,0.6770669105296689
1163.2,0.5434051978273164
1163.6000000000001,0.6173424343177477
1164.0,0.5542075236695235
1164.4,0.3799840895709647
1164.8,0.5218884775831508
1165.2,0.7591865412169257
1165.6000000000001,0.6908666535389603
1166.0,0.5008893070542079
1166.4,0.5989279363591007
1166.8,0.7013891014736929
1167.2,0.43435869192864623
1167.6000000000001,0.44337461402994915
1168.0,0.3775556733949893
1168.4,0.7027296660580618
1168.8,0.42795345181142724
1169.2,0.5918447904316584
1169.6000000000001,0.5799126582114057
1170.0,0.5708637759462628
1170.4,0.4507723016896317
1170.8,0.47517317062355313
1171.2,0.728291770236324
1171.6000000000001,0.4992558448624018
1172.0,0.5473924318991371
1172.4,0.4351222477968394
1172.8,0.5251542086745438
1173.2,0.6191826879291477
1173.6000000000001,0.5377387869093502
1174.0,0.5249173968544624
1174.4,0.6854194781774735
1174.8,0.5243477255952972
1175.2,0.33932037414861915
1175.6000000000001,0.7403349576007647
1176.0,0.6367892181958015
1176.4,0.6083100945818982
1176.8,0.48219911244170627
1177.2,0.4744192200954931
1177.6000000000001,0.4662632199771507
1178.0,0.6682062263722506
1178.4,0.42034248912273536
1178.8,0.7405337182572191
1179.2,0.5368958985794878
1179.6000000000001,0.8569821106251913
1180.0,0.37214589603242865
1180.4,0.57370222848212
1180.8,0.49049858175463845
1181.2,0.4616901399207695
1181.6000000000001,0.42197794627715335
1182.0,0.3599117378309263
1182.4,0.5830906510729855
1182.8,0.5983537924143837
1183.2,0.43405359409354083
1183.6000000000001,0.5674063000001773
1184.0,0.5978012511364601
1184.4,0.7799660606164281
1184.8,0.35386112707385126
1185.2,0.6699955039156701
1185.6000000000001,0.7928632110962529
1186.0,0.4455070014863805
1186.4,0.5570757766783467
1186.8,0.43400740770034146
1187.2,0.5972228560250777
1187.6000000000001,0.5706985836753631
1188.0,0.6306304310684567
1188.4,0.35274581381454606
1188.8,0.41722542566208937
1189.2,0.6066616538758797
1189.6000000000001,0.5567184774570042
1190.0,0.7229809109619414
1190.4,0.43930866995378076
1190.8,0.6635391475552492
1191.2,0.6250775219808802
1191.6000000000001,0.6744080536228582
1192.0,0.6485238653222085
1192.4,0.6204117451857251
1192.8,0.5991176857922799
1193.2,0.2994764108964507
1193.6000000000001,0.5128838139375708
1194.0,0.5980150851102326
1194.4,0.4139977487322671
1194.8,0.6616630985848054
1195.2,0.6571653810350092
1195.6000000000001,0.5129759528117052
1196.0,0.5816293830686756
1196.4,0.6124235831892046
1196.8,0.43629997498390033
1197.2,0.6923315340559598
1197.6000000000001,0.5898334206746141
1198.0,0.4627617120571292
1198.4,0.5322081234443836
1198.8,0.5748890883627934
1199.2,0.5033673838580935
1199.6000000000001,0.5409681131639678
1200.0,0.5400015716435798
1200.4,0.5671980829500549
1200.8,0.5246144887460562
1201.2,0.5428941707145942
1201.6000000000001,0.633197405138243
1202.0,0.5437904882853982
1202.4,0.6732843497202565
1202.8,0.5799902935061853
1203.2,0.5235538247119688
1203.6000000000001,0.7738021162595425
1204.0,0.5484634678941358
1204.4,0.5179543679792271
1204.8,0.540801949503771
1205.2,0.5268060027944083
1205.6000000000001,0.7084955615987465
1206.0,0.485544957079164
1206.4,0.6517476810263678
1206.8,0.7784791268309815
1207.2,0.717688715652543
1207.6000000000001,0.6855769851986232
1208.0,0.6267102284843035
1208.4,0.42995044829726625
1208.8,0.32745686548495195
1209.2,0.6156810706049131
1209.6000000000001,0.4219040302238464
1210.0,0.6856661447537937
1210.4,0.3995781160352003
1210.8,0.6859977999479279
1211.2,0.6188445448207135
1211.6000000000001,0.5050838855341335
1212.0,0.5550395780049528
1212.4,0.5736353545253815
1212.8,0.5978784298092076
1213.2,0.5460341404964755
1213.6000000000001,0.5912656527251624
1214.0,0.501470073911777
1214.4,0.4996831575767943
1214.8,0.6454464894464013
1215.2,0.6593168978763047
1215.6000000000001,0.4443527663112085
1216.0,0.41691802040996234
1216.4,0.6372577357048699
1216.8,0.702368609648789
1217.2,0.5393917315856713
1217.6000000000001,0.4228117490969538
1218.0,0.5193533455589052
1218.4,0.3714624247468718
1218.8,0.4764517740906011
1219.2,0.5386074678262501
1219.6000000000001,0.4143830356947762
1220.0,0.5431655783379951
1220.4,0.6753397522219818
1220.8,0.48910922904207627
1221.2,0.6235157099583138
1221.6000000000001,0.47626366949653215
1222.0,0.4006441878027509
1222.4,0.4444986440057116
1222.8,0.6266696142431298
1223.2,0.6157590107910433
1223.6000000000001,0.611385193720949
1224.0,0.5227831209037515
1224.4,0.7498407642469891
1224.8,0.7988209077272866
1225.2,0.5988350490479901
1225.6000000000001,0.51699936634323
1226.0,0.6333128308077858
1226.4,0.47105335176598995
1226.8,0.5331824215427623
1227.2,0.7251530644932097
1227.6000000000001,0.5999259438395885
1228.0,0.739961001591948
1228.4,0.48283951932153546
1228.8000000000002,0.6826342175471605
1229.2,0.6599520655456176
1229.6000000000001,0.5246550048857744
1230.0,0.5712011857471514
1230.4,0.5220070272230896
1230.8000000000002,0.5392287867775506
1231.2,0.6495935208491838
1231.6000000000001,0.5114874022584205
1232.0,0.4842906107675951
1232.4,0.6273531782248137
1232.8000000000002,0.7597719611043405
1233.2,0.452086028157795
1233.6000000000001,0.45530525163114793
1234.0,0.5562854327536002
1234.4,0.3221228025040914
1234.8000000000002,0.426091180414251
1235.2,0.6227408902593083
1235.6000000000001,0.44138702143986464
1236.0,0.5722972494017904
1236.4,0.6019986885196839
1236.8000000000002,0.5901299496268912
1237.2,0.6386862627994219
1237.6000000000001,0.5563727510152158
1238.0,0.3913340502574252
1238.4,0.5062748562799719
1238.8000000000002,0.5431658644015416
1239.2,0.5783992814239746
1239.6000000000001,0.5259370135949881
1240.0,0.5715406297923789
1240.4,0.5369051979047337
1240.8000000000002,0.399936047614468
1241.2,0.5279748389921121
1241.6000000000001,0.44606363223949985
1242.0,0.7067384095843725
1242.4,0.45423242731348573
1242.8000000000002,0.5031933723946826
1243.2,0.5968572292078285
1243.6000000000001,0.78499153003571
1244.0,0.5064276428735816
1244.4,0.6819742309857932
1244.8000000000002,0.6143771111405448
1245.2,0.39664538972515073
1245.6000000000001,0.6566820775524851
1246.0,0.8137277914890074
1246.4,0.5493522043986674
1246.8000000000002,0.6523347610694918
1247.2,0.604866390446827
1247.6000000000001,0.6011478087625803
1248.0,0.6880812977232842
1248.4,0.5826163679233483
1248.8000000000002,0.5744689003420608
1249.2,0.8856700877997146
1249.6000000000001,0.5942781525640276
1250.0,0.5142479133587253
1250.4,0.5560032557334152
1250.8000000000002,0.504979661222769
1251.2,0.6152192866336388
1251.6000000000001,0.6574655075496758
1252.0,0.5820908863416879
1252.4,0.6286769553145961
1252.8000000000002,0.47832706958655113
1253.2,0.7526954565561772
1253.6000000000001,0.5422135536202675
1254.0,0.5830074765743298
1254.4,0.7324330055446947
1254.8000000000002,0.44845305385282175
1255.2,0.4386234317684079
1255.6000000000001,0.6204502471253602
1256.0,0.4710165001025097
1256.4,0.6974161695184424
1256.8000000000002,0.5496769154740696
1257.2,0.5142498014017378
1257.6000000000001,0.5047958389161428
1258.0,0.5953422711345402
1258.4,0.5053550106932665
1258.8000000000002,0.5178217684368918
1259.2,0.6268348383565747
1259.6000000000001,0.5650476663735446
1260.0,0.5613591160727154
1260.4,0.5900425527512169
1260.8000000000002,0.5972465122895027
1261.2,0.5956351877294311
1261.6000000000001,0.70393662924654
1262.0,0.514507075464926
1262.4,0.5058736717986521
1262.8000000000002,0.6052537314495966
1263.2,0.547046081928192
1263.6000000000001,0.732611709492206
1264.0,0.4939924543831541
1264.4,0.6956202616679102
1264.8000000000002,0.6193586129933732
1265.2,0.5376013888945094
1265.6000000000001,0.7098287217838218
1266.0,0.7028215646989932
1266.4,0.7039241917542638
1266.8000000000002,0.563598902501179
1267.2,0.6666771013403985
1267.6000000000001,0.6537649571943459
1268.0,0.5153514510530313
1268.4,0.5767211787070035
1268.8000000000002,0.5733264609549628
1269.2,0.6112210280352162
1269.6000000000001,0.7147597206220223
1270.0,0.5907852709565806
1270.4,0.6371515105617551
1270.8000000000002,0.6850972109640094
1271.2,0.5313787603833996
1271.6000000000001,0.6615340573052304
1272.0,0.6820468433747022
1272.4,0.6857389535486192
1272.8000000000002,0.7361505428752945
1273.2,0.5292035618332149
1273.6000000000001,0.5903409840071254
1274.0,0.5858736547523653
1274.4,0.3765118321535266
1274.8000000000002,0.672899579182074
1275.2,0.6777753028790555
1275.6000000000001,0.6429331734151917
1276.0,0.3984826272699825
1276.4,0.5097419147240163
1276.8000000000002,0.7233260913869353
1277.2,0.7689832337348969
1277.6000000000001,0.565098512808305
1278.0,0.6449521672179764
1278.4,0.49763557001126213
1278.8000000000002,0.7131538439315223
1279.2,0.6358765627169669
1279.6000000000001,0.6625623463466987
1280.0,0.6291756090019052
1280.4,0.6578974755208702
1280.8000000000002,0.7420241940070805
1281.2,0.44192945278298484
1281.6000000000001,0.6965729876790834
1282.0,0.4900186502430853
1282.4,0.48484894854638494
1282.8000000000002,0.7817720054793746
1283.2,0.6578721727307582
1283.6000000000001,0.5697824256269911
1284.0,0.5789551630920122
1284.4,0.7178378723202976
1284.8000000000002,0.49199231116254294
1285.2,0.6219244207987784
1285.6000000000001,0.6007216444639322
1286.0,0.5531739306413703
1286.4,0.6139322187416086
1286.8000000000002,0.48791329889937596
1287.2,0.6477399840596703
1287.6000000000001,0.6466837954871199
1288.0,0.6113200662909897
1288.4,0.512634185741386
1288.8000000000002,0.5882784727303729
1289.2,0.5097050542626081
1289.6000000000001,0.5968889539805928
1290.0,0.6646700323567485
1290.4,0.6178207292584948
1290.8000000000002,0.4880922379460999
1291.2,0.46829801324155124
1291.6000000000001,0.5276289966302223
1292.0,0.6897098806676876
1292.4,0.6705696035710479
1292.8000000000002,0.4960855559026843
1293.2,0.5337270595880821
1293.6000000000001,0.5230051320786318
1294.0,0.5747078972198448
1294.4,0.4834864450742749
1294.8000000000002,0.8175359618453121
1295.2,0.6462926207906612
1295.6000000000001,0.485300472923095
1296.0,0.5881211698754564
1296.4,0.46013941549523907
1296.8000000000002,0.5688005887828822
1297.2,0.6962619178264804
1297.6000000000001,0.49269824388574246
1298.0,0.6691301490993435
1298.4,0.6338188311734552
1298.8000000000002,0.6055650572953124
1299.2,0.6495605992674698
1299.6000000000001,0.5074028464133794
1300.0,0.4532387357372154
1300.4,0.7948827627387005
1300.8000000000002,0.6670708990988974
1301.2,0.622735847319769
1301.6000000000001,0.5944974515863624
1302.0,0.5775723123346489
1302.4,0.6624589014379857
1302.8000000000002,0.5342583315847614
1303.2,0.7498373695696672
1303.6000000000001,0.6472516760486456
1304.0,0.5165306902752245
1304.4,0.5883858911008161
1304.8000000000002,0.550080381182264
1305.2,0.46380386219688396
1305.6000000000001,0.6486128644735089
1306.0,0.6847375466439283
1306.4,0.6170502546367346
1306.8000000000002,0.6843571027066476
1307.2,0.5774809071777477
1307.6000000000001,0.5954267213902678
1308.0,0.5569750696604882
1308.4,0.7670312814207836
1308.8000000000002,0.647000992846949
1309.2,0.6274571042166108
1309.6000000000001,0.7188930749719133
1310.0,0.5891626391034057
1310.4,0.651270769921039
1310.8000000000002,0.5734848231027422
1311.2,0.6959646772034507
1311.6000000000001,0.5164850019300823
1312.0,0.5786000323571838
1312.4,0.7262064291740031
1312.8000000000002,0.5703745451907094
1313.2,0.5821555519163634
1313.6000000000001,0.5329844284484465
1314.0,0.7390674983130063
1314.4,0.7811555796947577
1314.8000000000002,0.512977232209348
1315.2,0.5501259339397758
1315.6000000000001,0.48385908911072556
1316.0,0.6586766915723714
1316.4,0.49880193273171636
1316.8000000000002,0.6352496183009843
1317.2,0.6027796702664111
1317.6000000000001,0.5661270130803889
1318.0,0.6605854134009963
1318.4,0.6332126333091475
1318.8000000000002,0.3840364648373572
1319.2,0.4683657838429636
1319.6000000000001,0.46961347329593
1320.0,0.5418057787810122
1320.4,0.48057845785954295
1320.8000000000002,0.545407555934913
1321.2,0.5508550186328214
1321.6000000000001,0.5070735263118088
1322.0,0.5978282597889691
1322.4,0.44327452800204514
1322.8000000000002,0.6562686572345299
1323.2,0.7129692259063896
1323.6000000000001,0.5687000522042649
1324.0,0.5616665413312462
1324.4,0.6182835867654424
1324.8000000000002,0.6735413858608513
1325.2,0.7178942987380055
1325.6000000000001,0.40282817926116293
1326.0,0.5566005593693256
1326.4,0.7804822959185103
1326.8000000000002,0.772187379840503
1327.2,0.6093309475986679
1327.6000000000001,0.48446645830179597
1328.0,0.44609596646244487
1328.4,0.5552688065154598
1328.8000000000002,0.5206135738692966
1329.2,0.58873367986701
1329.6000000000001,0.6382362420017444
1330.0,0.6190617488272208
1330.4,0.6719387178894878
1330.8000000000002,0.5216179429620158
1331.2,0.6754944523073746
1331.6000000000001,0.6267806716957489
1332.0,0.5158715510374136
1332.4,0.6158471354284613
1332.8000000000002,0.7560587745197151
1333.2,0.6189955190084435
1333.6000000000001,0.5182673196463569
1334.0,0.46738982959210884
1334.4,0.4789715414871586
1334.8000000000002,0.5460516304757126
1335.2,0.5666693143185237
1335.6000000000001,0.6256443633160426
1336.0,0.7046495634382398
1336.4,0.6594508460128572
1336.8000000000002,0.5643113947974674
1337.2,0.5174298011256654
1337.6000000000001,0.4435927145911405
1338.0,0.6015545579799862
1338.4,0.5797167199808415
1338.8000000000002,0.5178131853956177
1339.2,0.587270450993099
1339.6000000000001,0.5969225611499579
1340.0,0.5320355373198824
1340.4,0.5371107206847276
1340.8000000000002,0.5925483539718638
1341.2,0.7224239309573943
1341.6000000000001,0.6136906659977915
1342.0,0.7663578389501198
1342.4,0.5892704700774563
1342.8000000000002,0.56953021046396
1343.2,0.5896140961838797
1343.6000000000001,0.5474231375635853
1344.0,0.7386162067222012
1344.4,0.34379984136694264
1344.8000000000002,0.7735782353258727
1345.2,0.5380684503385823
1345.6000000000001,0.7259791866880689
1346.0,0.49352239533467845
1346.4,0.5584308666054961
1346.8000000000002,0.7193900886207589
1347.2,0.575123688695631
1347.6000000000001,0.4475397024791506
1348.0,0.6893111466631762
1348.4,0.729367621653919
1348.8000000000002,0.6080778736084107
1349.2,0.7153007495177579
1349.6000000000001,0.612569021095195
1350.0,0.5700552472402544
1350.4,0.636541472138203
1350.8000000000002,0.5279193706633502
1351.2,0.4538810556483652
1351.6000000000001,0.5401333811682268
1352.0,0.503777751969795
1352.4,0.7224271652141706
1352.8000000000002,0.5037817788480241
1353.2,0.6703675378791086
1353.6000000000001,0.5567493719547164
1354.0,0.5950334053001404
1354.4,0.4664935371550754
1354.8000000000002,0.7026967901657861
1355.2,0.4899984692929782
1355.6000000000001,0.5438516610957098
1356.0,0.7409620075156611
1356.4,0.5737616105076446
1356.8000000000002,0.5774259181078356
1357.2,0.5751717511944426
1357.6000000000001,0.7273008974184496
1358.0,0.6027712765167621
1358.4,0.48371970537165987
1358.8000000000002,0.45340102080380007
1359.2,0.5935398812376664
1359.6000000000001,0.5897681022236536
1360.0,0.6812682955777098
1360.4,0.49016062680632183
1360.8000000000002,0.5542886330117759
1361.2,0.6498125334788619
1361.6000000000001,0.6231750491511865
1362.0,0.5878112561741494
1362.4,0.5464297858675571
1362.8000000000002,0.49641154858395514
1363.2,0.6742638871574118
1363.6000000000001,0.7262304462976127
1364.0,0.6065033388037084
1364.4,0.5748515617470358
1364.8000000000002,0.7106219032723403
1365.2,0.7230351275108448
1365.6000000000001,0.7137951512226403
1366.0,0.7484337835659103
1366.4,0.7245831331852806
1366.8000000000002,0.5965208065594608
1367.2,0.4817489292695061
1367.6000000000001,0.651196703780095
1368.0,0.6361218418277135
1368.4,0.6072114712409108
1368.8000000000002,0.7309847712106216
1369.2,0.743121897390427
1369.6000000000001,0.5484984137016663
1370.0,0.6730095518302149
1370.4,0.6896211762386507
1370.8000000000002,0.7126964905721394
1371.2,0.6231086262702251
1371.6000000000001,0.5700084559511559
1372.0,0.5340756641248554
1372.4,0.7154881392561295
1372.8000000000002,0.6531138578724018
1373.2,0.6187590030240243
1373.6000000000001,0.5954931953253572
1374.0,0.5955911530273096
1374.4,0.6683082405305834
1374.8000000000002,0.6549256568193245
1375.2,0.6175528149797029
1375.6000000000001,0.5963090460319043
1376.0,0.49095450963455217
1376.4,0.5559989298872894
1376.8000000000002,0.7333806391533662
1377.2,0.6170663499427417
1377.6000000000001,0.6468784707867059
1378.0,0.546297703939113
1378.4,0.6438024818355531
1378.8000000000002,0.6851959985592355
1379.2,0.5928139245817763
1379.6000000000001,0.6173067944505918
1380.0,0.6723420270725916
1380.4,0.6453418988559739
1380.8000000000002,0.6760679595054191
1381.2,0.5531338283000689
1381.6000000000001,0.5893132853176422
1382.0,0.45228558998907786
1382.4,0.6660859597435993
1382.8000000000002,0.643289415685576
1383.2,0.48828703200595414
1383.6000000000001,0.6142483589953877
1384.0,0.6361507454245129
1384.4,0.5845373338464781
1384.8000000000002,0.6645255483265161
1385.2,0.7199746669052889
1385.6000000000001,0.6670707103127338
1386.0,0.5185968001067044
1386.4,0.5877006865762218
1386.8000000000002,0.551051529090967
1387.2,0.7091601453136177
1387.6000000000001,0.7349863627954273
1388.0,0.4769296738935796
1388.4,0.7143810500256345
1388.8000000000002,0.4580273358409051
1389.2,0.5938704204226407
1389.6000000000001,0.7496269365192327
1390.0,0.4962084214689569
1390.4,0.6576408099235103
1390.8000000000002,0.594337346600982
1391.2,0.6293314297649792
1391.6000000000001,0.6341680423922379
1392.0,0.655034830521985
1392.4,0.6629678747752767
1392.8000000000002,0.4745896889295751
1393.2,0.731146766542428
1393.6000000000001,0.5820787837569984
1394.0,0.4850944392144819
1394.4,0.6530304147320403
1394.8000000000002,0.5093498075038252
1395.2,0.5818374313243999
1395.6000000000001,0.5762921805946624
1396.0,0.5748489504338937
1396.4,0.6042197676007378
1396.8000000000002,0.6934614592829168
1397.2,0.5881139777681487
1397.6000000000001,0.6782160031859541
1398.0,0.5869943832656046
1398.4,0.5719389490842521
1398.8000000000002,0.5157946664034979
1399.2,0.5606605098622209
1399.6000000000001,0.6659922824161085
1400.0,0.4938449452939591
1400.4,0.5596172507495818
1400.8000000000002,0.6361278972156698
1401.2,0.5959086706557625
1401.6000000000001,0.662703714837452
1402.0,0.7182976019777605
1402.4,0.5780029702578017
1402.8000000000002,0.7024333514958698
1403.2,0.46205934771725377
1403.6000000000001,0.5808052250737207
1404.0,0.6672246491455098
1404.4,0.48675134125564284
1404.8000000000002,0.7627671034414851
1405.2,0.6798653292369985
1405.6000000000001,0.53605249648767
1406.0,0.5318313385382438
1406.4,0.656118003223576
1406.8000000000002,0.5704246212137215
1407.2,0.6457785531376102
1407.6000000000001,0.49087859923715116
1408.0,0.5381066600393302
1408.4,0.6004137258988236
1408.8000000000002,0.6479095328010289
1409.2,0.7867245458275629
1409.6000000000001,0.7059468650021825
1410.0,0.6261815834115065
1410.4,0.7787274647959093
1410.8000000000002,0.6724413145949194
1411.2,0.528810830062617
1411.6000000000001,0.5907344566063082
1412.0,0.5600320162889706
1412.4,0.588319548384955
1412.8000000000002,0.393229058678691
1413.2,0.5760745722687955
1413.6000000000001,0.7154662300013116
1414.0,0.5442827924959769
1414.4,0.6192637692118309
1414.8000000000002,0.714984914456141
1415.2,0.580286370135372
1415.6000000000001,0.42862201802803046
1416.0,0.6115606485117954
1416.4,0.6503251381803561
1416.8000000000002,0.6755042606686439
1417.2,0.6247474539651023
1417.6000000000001,0.5176608604030752
1418.0,0.6044678126199545
1418.4,0.5740414585900153
1418.8000000000002,0.7711481592123928
1419.2,0.8154828401229963
1419.6000000000001,0.5813371052422507
1420.0,0.6810871915571994
1420.4,0.3988276214465916
1420.8000000000002,0.6598016177001438
1421.2,0.8400822752521859
1421.6000000000001,0.5395724620461785
1422.0,0.6354965046041137
1422.4,0.6146285976454258
1422.8000000000002,0.5553085714148817
1423.2,0.6412181055500552
1423.6000000000001,0.6662001965067523
1424.0,0.676659300617769
1424.4,0.7509142215786098
1424.8000000000002,0.5661122662708
1425.2,0.702367359985573
1425.6000000000001,0.7450971465996843
1426.0,0.6030698399023755
1426.4,0.686698974338301
1426.8000000000002,0.5346480132023304
1427.2,0.5605103079695133
1427.6000000000001,0.5899359717380765
1428.0,0.5744785236063078
1428.4,0.7025505438123796
1428.8000000000002,0.569899534873846
1429.2,0.6936956530195055
1429.6000000000001,0.5353832138711062
1430.0,0.945828419396124
1430.4,0.6826505161797181
1430.8000000000002,0.5721195560375935
1431.2,0.7864049854220847
1431.6000000000001,0.8069704816771914
1432.0,0.6220155741873422
1432.4,0.6612325172036392
1432.8000000000002,0.469822067585695
1433.2,0.5732484547185728
1433.6000000000001,0.5714472415033278
1434.0,0.5462408350734622
1434.4,0.6680904914951485
1434.8000000000002,0.5346836842229445
1435.2,0.5611956299343539
1435.6000000000001,0.807200290550939
1436.0,0.5722253792423708
1436.4,0.851556598777828
1436.8000000000002,0.7454792248635379
1437.2,0.6403356074416813
1437.6000000000001,0.5763608392135895
1438.0,0.4338261036925807
1438.4,0.5549221535302425
1438.8000000000002,0.6124568141890813
1439.2,0.6635346149255082
1439.6000000000001,0.6628990598577136
1440.0,0.6837602726351983
1440.4,0.7054621328289548
1440.8000000000002,0.4827950860699131
1441.2,0.5638188718541776
1441.6000000000001,0.699827945263583
1442.0,0.8310880511798391
1442.4,0.6380982769072143
1442.8000000000002,0.353258258534239
1443.2,0.5863921526583223
1443.6000000000001,0.5989418252282086
1444.0,0.5763594052284526
1444.4,0.7361427914045727
1444.8000000000002,0.6540032425191902
1445.2,0.5190228431767702
1445.6000000000001,0.4023148008197513
1446.0,0.8943514062288314
1446.4,0.8211221946599647
1446.8000000000002,0.6398343285891783
1447.2,0.5671495434058959
1447.6000000000001,0.5573954283641083
1448.0,0.6713342315412273
1448.4,0.7015045907532064
1448.8000000000002,0.7126880228502119
1449.2,0.7422013947455429
1449.6000000000001,0.6906926688075871
1450.0,0.6673364384370895
1450.4,0.6343502914753429
1450.8000000000002,0.6116628931817979
1451.2,0.4771609022695288
1451.6000000000001,0.6176915168996288
1452.0,0.7348826508399703
1452.4,0.6383888901496573
1452.8000000000002,0.6145872919198353
1453.2,0.6281157598793172
1453.6000000000001,0.5619709292469293
1454.0,0.8243214771194484
1454.4,0.6081113488696953
1454.8000000000002,0.606718746498207
1455.2,0.5822558426507
1455.6000000000001,0.6270866128764183
1456.0,0.7049501891157146
1456.4,0.6494206870551434
1456.8000000000002,0.4410816443156876
1457.2,0.6795729155015731
1457.6000000000001,0.5351960263678527
1458.0,0.717013140648196
1458.4,0.6347573839063088
1458.8000000000002,0.6080517600437335
1459.2,0.6208944834654316
1459.6000000000001,0.5541458881042832
1460.0,0.6672138755754984
1460.4,0.4973214299362066
1460.8000000000002,0.6823914424969324
1461.2,0.5678473053881758
1461.6000000000001,0.6397806768724029
1462.0,0.7853066402864307
1462.4,0.7145582604391627
1462.8000000000002,0.7577856793545732
1463.2,0.7345947683420495
1463.6000000000001,0.6241860745466782
1464.0,0.48774573690636863
1464.4,0.506113046536578
1464.8000000000002,0.7049704830462842
1465.2,0.6723070506283624
1465.6000000000001,0.6566882822988805
1466.0,0.6951093964963535
1466.4,0.4658748656176114
1466.8000000000002,0.7756856988907862
1467.2,0.48615968314587155
1467.6000000000001,0.5810182635947033
1468.0,0.6445666493291746
1468.4,0.8523088600886028
1468.8000000000002,0.6530721912792434
1469.2,0.6475975561044265
1469.6000000000001,0.8490148717739133
1470.0,0.5725261077570079
1470.4,0.5767136715788258
1470.8000000000002,0.7987905024014792
1471.2,0.6652509773031228
1471.6000000000001,0.6356091941486415
1472.0,0.6247919811009439
1472.4,0.648598600835877
1472.8000000000002,0.7047073594815607
1473.2,0.7724700684605245
1473.6000000000001,0.6006549613861075
1474.0,0.5749936453553336
1474.4,0.5532175970596072
1474.8000000000002,0.5964286004631361
1475.2,0.6412521795197044
1475.6000000000001,0.6666964183519308
1476.0,0.576357547048327
1476.4,0.5307350266770188
1476.8000000000002,0.5786101754249378
1477.2,0.6472935690414663
1477.6000000000001,0.6818845695560747
1478.0,0.6395088580564485
1478.4,0.5903435566204606
1478.8000000000002,0.3498074216125283
1479.2,0.5250955381920925
1479.6000000000001,0.6710150583729313
1480.0,0.6837330152168928
1480.4,0.6089045780372528
1480.8000000000002,0.6566930481190975
1481.2,0.6270899236713433
1481.6000000000001,0.7428240572726623
1482.0,0.5040966491276191
1482.4,0.8368257782351567
1482.8000000000002,0.6431796123669886
1483.2,0.6452234396273958
1483.6000000000001,0.550958076062534
1484.0,0.5459773376955529
1484.4,0.6758022164688764
1484.8000000000002,0.67662293706128
1485.2,0.6025156481788867
1485.6000000000001,0.6854652701073162
1486.0,0.8206578814894259
1486.4,0.6337826285535269
1486.8000000000002,0.7658648274817463
1487.2,0.6852886095895518
1487.6000000000001,0.6846075968309139
1488.0,0.6430764556327115
1488.4,0.7873466255063586
1488.8000000000002,0.5105974669751483
1489.2,0.49554726462259474
1489.6000000000001,0.726659818486296
1490.0,0.7189480348612538
1490.4,0.6682529633503256
1490.8000000000002,0.73639456890052
1491.2,0.8750515599145172
1491.6000000000001,0.48987214465284196
1492.0,0.6162878532770795
1492.4,0.5741517150183019
1492.8000000000002,0.5106718598358703
1493.2,0.6681722237357532
1493.6000000000001,0.7091282072917836
1494.0,0.7168495121723373
1494.4,0.7072455156141645
1494.8000000000002,0.6027380573128581
1495.2,0.5932700041115777
1495.6000000000001,0.5558959235954474
1496.0,0.6949803861179276
1496.4,0.6500810756113731
1496.8000000000002,0.6510757540144712
1497.2,0.6257365712843134
1497.6000000000001,0.5807975987423388
1498.0,0.6893394228303404
1498.4,0.6990166514805717
1498.8000000000002,0.6203054383322942
1499.2,0.7146531782501975
1499.6000000000001,0.819279332456732
1500.0,0.621117177975585
1500.4,0.46232288585038056
1500.8000000000002,0.6618201428662107
1501.2,0.5877975785711547
1501.6000000000001,0.70473288663381
1502.0,0.6769697344122692
1502.4,0.504079899094648
1502.8000000000002,0.6090098512915186
1503.2,0.4445062084890145
1503.6000000000001,0.6193687343483344
1504.0,0.7109447829561968
1504.4,0.7205324466814534
1504.8000000000002,0.6249421639712316
1505.2,0.7154086176070784
1505.6000000000001,0.8120986201902158
1506.0,0.7289516686372516
1506.4,0.5525136567807574
1506.8000000000002,0.6205718450812882
1507.2,0.7246542511349021
1507.6000000000001,0.3356378445052476
1508.0,0.6822168712054311
1508.4,0.5158230144640796
1508.8000000000002,0.8137238320455303
1509.2,0.6627901996603752
1509.6000000000001,0.7039144008696723
1510.0,0.624268193455501
1510.4,0.4628210694150874
1510.8000000000002,0.5679514246395845
1511.2,0.772527729292613
1511.6000000000001,0.5590747154689621
1512.0,0.43986535504107466
1512.4,0.5504037169968324
1512.8000000000002,0.5944364672898428
1513.2,0.8303177175590721
1513.6000000000001,0.595187390893165
1514.0,0.6256958886473862
1514.4,0.5885219314446781
1514.8000000000002,0.5551456881109131
1515.2,0.6803869788636839
1515.6000000000001,0.5242015871449716
1516.0,0.5614507287373125
1516.4,0.7403565010958149
1516.8000000000002,0.6792532679553713
1517.2,0.6655633253090715
1517.6000000000001,0.8228997746090534
1518.0,0.6862462912557736
1518.4,0.534684172045487
1518.8000000000002,0.7347856689675696
1519.2,0.708119052792995
1519.6000000000001,0.8465268726999854
1520.0,0.628946308809694
1520.4,0.6429453821730187
1520.8000000000002,0.49249416808280766
1521.2,0.6708559846623962
1521.6000000000001,0.6294594328073176
1522.0,0.7440118368768345
1522.4,0.744116718770038
1522.8000000000002,0.7487162164732943
1523.2,0.5054610939817468
1523.6000000000001,0.4447743487091721
1524.0,0.6043097320884779
1524.4,0.5838403033735076
1524.8000000000002,0.6342427392593899
1525.2,0.8959213406928622
1525.6000000000001,0.6504106320391972
1526.0,0.6141997540855788
1526.4,0.7000138293286001
1526.8000000000002,0.581087981325378
1527.2,0.5466709405790121
1527.6000000000001,0.7981081478826844
1528.0,0.6498461985281709
1528.4,0.7931428422677482
1528.8000000000002,0.6735407927320127
1529.2,0.5908765106060514
1529.6000000000001,0.7802904894095032
1530.0,0.6203888451251381
1530.4,0.5587096402376747
1530.8000000000002,0.7591247224757727
1531.2,0.7332564691614524
1531.6000000000001,0.7175970889682343
1532.0,0.6378358395946883
1532.4,0.7045149026945284
1532.8000000000002,0.705509320161411
1533.2,0.6606131783009561
1533.6000000000001,0.6088922123083004
1534.0,0.7090978533395746
1534.4,0.8908196775056293
1534.8000000000002,0.7709738689646488
1535.2,0.5716296485113607
1535.6000000000001,0.7096221818317294
1536.0,0.8081981628378061
1536.4,0.3407033893951794
1536.8000000000002,1.0302990610773335
1537.2,0.7334413646259126
1537.6000000000001,0.5515336366612037
1538.0,0.45404362961241884
1538.4,0.652087925725714
1538.8000000000002,0.7112718215506658
1539.2,0.6595195417156428
1539.6000000000001,0.6569004466188029
1540.0,0.6954626317775736
1540.4,0.6846378669545339
1540.8000000000002,0.5263212393008911
1541.2,0.8474319705209431
1541.6000000000001,0.6797103195219336
1542.0,0.6909862048593798
1542.4,0.5203319691205472
1542.8000000000002,0.7225842759262859
1543.2,0.761615290707154
1543.6000000000001,0.5377640704572326
1544.0,0.6237690355997734
1544.4,0.6728549847486899
1544.8000000000002,0.48543760043798684
1545.2,0.7943697256254895
1545.6000000000001,0.4562828137075425
1546.0,0.7123273718986043
1546.4,0.7611924261513778
1546.8000000000002,0.49677477169254125
1547.2,0.7028730918581105
1547.6000000000001,0.6949611264314858
1548.0,0.6490953680630412
1548.4,0.7310313927277222
1548.8000000000002,0.6807754678975828
1549.2,0.6510690643211414
1549.6000000000001,0.6912152269710381
1550.0,0.7290398510262908
1550.4,0.8118927560011219
1550.8000000000002,0.639817559994429
1551.2,0.701897464809238
1551.6000000000001,0.7307422108642664
1552.0,0.912655252599982
1552.4,0.7733557092029748
1552.8000000000002,0.8848977792528567
1553.2,0.5244164424144508
1553.6000000000001,0.5164400970422893
1554.0,0.5961290577014291
1554.4,0.696747268319194
1554.8000000000002,0.5987310065523075
1555.2,0.780386944172766
1555.6000000000001,0.8455060812347587
1556.0,0.5112324295763152
1556.4,0.6519326439965143
1556.8000000000002,0.6517914153769868
1557.2,0.5942705087102973
1557.6000000000001,0.8441042836037448
1558.0,0.6251426001771404
1558.4,0.6828941755858747
1558.8000000000002,0.5748991880327072
1559.2,0.4852982559483252
1559.6000000000001,0.6212762701248525
1560.0,0.5460021310785297
1560.4,0.6589924890379705
1560.8000000000002,0.7734213750377052
1561.2,0.6724269440728576
1561.6000000000001,0.6312479734318068
1562.0,0.5630040069538712
1562.4,0.7062240577754914
1562.8000000000002,0.5815763839089678
1563.2,0.8386135524547467
1563.6000000000001,0.7076573551686838
1564.0,0.7529517894562614
1564.4,0.8110018528094884
1564.8000000000002,0.7688406572750774
1565.2,0.6151837972483032
1565.6000000000001,0.6113180924197392
1566.0,0.7119657910287389
1566.4,0.5063831964922292
1566.8000000000002,0.6338317896674257
1567.2,0.8782087129807042
1567.6000000000001,0.7633418282862338
1568.0,0.7719499245704935
1568.4,0.8142095600436955
1568.8000000000002,0.5360393788463292
1569.2,0.57028890913036
1569.6000000000001,0.6540158255414312
1570.0,0.6136544189858408
1570.4,0.6782708353444993
1570.8000000000002,0.6519011041835734
1571.2,0.6366389608864853
1571.6000000000001,0.3764623255536642
1572.0,0.6507838192044952
1572.4,0.6221043364846675
1572.8000000000002,0.6631270520106171
1573.2,0.48323189761146607
1573.6000000000001,0.6267814153282294
1574.0,0.7086964253935177
1574.4,0.6740931354855655
1574.8000000000002,0.696701577157034
1575.2,0.5800821070386144
1575.6000000000001,0.8032719589130782
1576.0,0.8576517665746402
1576.4,0.627814187441885
1576.8000000000002,0.6747547908670959
1577.2,0.5649135777724903
1577.6000000000001,0.7208073147602079
1578.0,0.705643160096418
1578.4,0.6572974444437468
1578.8000000000002,0.5548290779511051
1579.2,0.6165871643373791
1579.6000000000001,0.6825954082250635
1580.0,0.6160658177401146
1580.4,0.6156641963075965
1580.8000000000002,0.6152702994134646
1581.2,0.711837224934288
1581.6000000000001,0.5059650008357749
1582.0,0.6007678168707222
1582.4,0.7859749347296403
1582.8000000000002,0.5952929002628224
1583.2,0.5487546827826998
1583.6000000000001,0.7619283671393474
1584.0,0.7820256549906226
1584.4,0.7143660569659704
1584.8000000000002,0.699036305311968
1585.2,0.5801428418796721
1585.6000000000001,0.5891558448873803
1586.0,0.7654623455975689
1586.4,0.7609988344180596
1586.8000000000002,0.5747285054480965
1587.2,0.6909886631001119
1587.6000000000001,0.66467968939517
1588.0,0.6922445368740167
1588.4,0.6708730135295954
1588.8000000000002,0.4550914964210934
1589.2,0.6966983415035228
1589.6000000000001,0.7341693810149386
1590.0,0.5714953072623675
1590.4,0.5988387025098609
1590.8000000000002,0.7337373819805895
1591.2,0.7870241134067502
1591.6000000000001,0.5965416676900159
1592.0,0.7211133393893847
1592.4,0.6921408650421145
1592.8000000000002,0.8270383898857604
1593.2,0.5839860309933578
1593.6000000000001,0.7195218162421235
1594.0,0.5839762925806969
1594.4,0.6739251661028143
1594.8000000000002,0.6441750195828894
1595.2,0.6151158908497855
1595.6000000000001,0.5274240044805294
1596.0,0.6721567812292667
1596.4,0.643304289922746
1596.8000000000002,0.7062546771482474
1597.2,0.7051690299510073
1597.6000000000001,0.6097318444598052
1598.0,0.6721159161439052
1598.4,0.8602109963486214
1598.8000000000002,0.6324957575165893
1599.2,0.43171186976085774
1599.6000000000001,0.7054492398117065
1600.0,0.5950407114978752
1600.4,0.7426743409954463
1600.8000000000002,0.517912701499401
1601.2,0.6451931852005431
1601.6000000000001,0.6894973420441439
1602.0,0.8266253956368228
1602.4,0.610453201581874
1602.8000000000002,0.4905036528998724
1603.2,0.6503229676356143
1603.6000000000001,0.7247722006510398
1604.0,0.7035608567687666
1604.4,0.6214132673521856
1604.8000000000002,0.8058870280252757
1605.2,0.7620725929507182
1605.6000000000001,0.6429033090379224
1606.0,0.7015844200231803
1606.4,0.5834071016722374
1606.8000000000002,0.7676603605291633
1607.2,0.7442719349926179
1607.6000000000001,0.6659385985995382
1608.0,0.6841542768671373
1608.4,0.6811053713203191
1608.8000000000002,0.6131082859728633
1609.2,0.8170636208861298
1609.6000000000001,0.6762671599739953
1610.0,0.5858698060363952
1610.4,0.7285780523040379
1610.8000000000002,0.6267753938491192
1611.2,0.7536598174862621
1611.6000000000001,0.6263975679180434
1612.0,0.6825724896615325
1612.4,0.5536837040078023
1612.8000000000002,0.6600381526008168
1613.2,0.8031558803602759
1613.6000000000001,0.6134277660846258
1614.0,0.750748016353494
1614.4,0.6696750150554884
1614.8000000000002,0.621568756725341
1615.2,0.641039354945321
1615.6000000000001,0.7569083587859631
1616.0,0.6478740112118296
1616.4,0.6866541119481284
1616.8000000000002,0.7109825075191107
1617.2,0.6943849266759711
1617.6000000000001,0.8095148809714134
1618.0,0.6969192389090126
1618.4,0.8002409599256689
1618.8000000000002,0.5879038140335207
1619.2,0.663069763276716
1619.6000000000001,0.7322516103874879
1620.0,0.7213185101436558
1620.4,0.6903995513321488
1620.8000000000002,0.8888859490644005
1621.2,0.6337038680948105
1621.6000000000001,0.6834988031359107
1622.0,0.7715781450212085
1622.4,0.7221324710629194
1622.8000000000002,0.8011248466385748
1623.2,0.859780706638511
1623.6000000000001,0.6314367677025632
1624.0,0.4816870024230771
1624.4,0.6947045967778562
1624.8000000000002,0.7249313344603414
1625.2,0.7792858425154642
1625.6000000000001,0.6245199691193395
1626.0,0.6605867836243455
1626.4,0.8203358899839841
1626.8000000000002,0.6844943167933017
1627.2,0.5687770418343
1627.6000000000001,0.45099005516371743
1628.0,0.5451609763231469
1628.4,0.6352738732814666
1628.8000000000002,0.6986439667082123
1629.2,0.6163746341757197
1629.6000000000001,0.7678406846638441
1630.0,0.6809168564043694
1630.4,0.5774184484695865
1630.8000000000002,0.7538354290621191
1631.2,0.8215042609620994
1631.6000000000001,0.5820528111908825
1632.0,0.6424003738094242
1632.4,0.5800824882403964
1632.8000000000002,0.5520666470919982
1633.2,0.7245649205139238
1633.6000000000001,0.7512251094050116
1634.0,0.6676168779798032
1634.4,0.44838895236053167
1634.8000000000002,0.7567302674291085
1635.2,0.771102283604594
1635.6000000000001,0.5045682830954086
1636.0,0.7312854579371817
1636.4,0.7543997022023735
1636.8000000000002,0.6567750385847176
1637.2,0.7272745775796163
1637.6000000000001,0.6525375904845999
1638.0,0.6127922922507397
1638.4,0.7368777587178742
1638.8000000000002,0.7743394386576763
1639.2,0.43061186001679663
1639.6000000000001,0.6647969188367131
1640.0,0.676296648858361
1640.4,0.7170856911894732
1640.8000000000002,0.7877607049268722
1641.2,0.6522385434411482
1641.6000000000001,0.536795867328868
1642.0,0.6180056463795333
1642.4,0.6413409003766783
1642.8000000000002,0.8083254143700497
1643.2,0.79529654751278
1643.6000000000001,0.7795375054886615
1644.0,0.9326216565407619
1644.4,0.6782699329805018
1644.8000000000002,0.6929019055972524
1645.2,0.6591158903871457
1645.6000000000001,0.7221794516510289
1646.0,0.6055914624483236
1646.4,0.6348562505411383
1646.8000000000002,0.7293041805144346
1647.2,0.7506397167469454
1647.6000000000001,0.7924933213724439
1648.0,0.6392299310396689
1648.4,0.7624292184094419
1648.8000000000002,0.9180588459121143
1649.2,0.5893997281343224
1649.6000000000001,0.5051997026014574
1650.0,0.5695739887098186
1650.4,0.6501045332592592
1650.8000000000002,0.6245643317288321
1651.2,0.6117952839912052
1651.6000000000001,0.7781689688724857
1652.0,0.8425062407434293
1652.4,0.5969120592712398
1652.8000000000002,0.6848942240881711
1653.2,0.6283106024653571
1653.6000000000001,0.7548002269567478
1654.0,0.499025576299037
1654.4,0.7647513582197731
1654.8000000000002,0.6743977221440128
1655.2,0.7149598315291215
1655.6000000000001,0.6446433860011944
1656.0,0.7055499194414667
1656.4,0.5129737899524677
1656.8000000000002,0.8025607019781016
1657.2,0.7325007459971732
1657.6000000000001,0.44015658380056394
1658.0,0.653323169862088
1658.4,0.5779024556037841
1658.8000000000002,0.7232948965689991
1659.2,0.6977882967512644
1659.6000000000001,0.6623145686656937
1660.0,0.6284589026385669
1660.4,0.7619827891087438
1660.8000000000002,0.47469889354902123
1661.2,0.5478653755414361
1661.6000000000001,0.568240247445225
1662.0,0.8014250878439482
1662.4,0.7635598333611265
1662.8000000000002,0.5514078566371611
1663.2,0.6093945578706016
1663.6000000000001,0.5168571870972589
1664.0,0.7567892524783072
1664.4,0.5545563857725379
1664.8000000000002,0.6643019288960662
1665.2,0.6136901299422051
1665.6000000000001,0.7651747926281437
1666.0,0.544394480551751
1666.4,0.823698732168233
1666.8000000000002,0.7968860828052581
1667.2,0.5881077354085126
1667.6000000000001,0.6395302808109266
1668.0,0.6369716674716337
1668.4,0.7391534545334278
1668.8000000000002,0.6355056590000103
1669.2,0.7108946731708543
1669.6000000000001,0.7640035131561368
1670.0,0.6226745399694846
1670.4,0.7455412094088372
1670.8000000000002,0.6708265646693595
1671.2,0.8092764615701904
1671.6000000000001,0.8497272298767775
1672.0,0.6463479248290831
1672.4,0.490998248670147
1672.8000000000002,0.747581299513806
1673.2,0.6023738483114445
1673.6000000000001,0.7243349103385579
1674.0,0.8597032341509496
1674.4,0.7740418179737741
1674.8000000000002,0.6704108581130946
1675.2,0.619372867818326
1675.6000000000001,0.7456333531277419
1676.0,0.7450725260370341
1676.4,0.8407588804536158
1676.8000000000002,0.7509196184885818
1677.2,0.6738190138915096
1677.6000000000001,0.6912339845194801
1678.0,0.8909654746219097
1678.4,0.787311133945126
1678.8000000000002,0.6089442125334242
1679.2,0.6235583532730827
1679.6000000000001,0.5459268681412817
1680.0,0.6967380790764176
1680.4,0.8321786183879419
1680.8000000000002,0.7880393642814882
1681.2,0.6502063105181678
1681.6000000000001,0.9014824891273303
1682.0,0.8444580426239957
1682.4,0.6332231155251368
1682.8000000000002,0.6063481926331313
1683.2,0.7148795947254556
1683.6000000000001,0.8202942246180379
1684.0,0.7363073648109792
1684.4,0.6216296892677367
1684.8000000000002,0.9076611262439809
1685.2,0.5565001208722795
1685.6000000000001,0.8822991775369505
1686.0,0.7696565776908662
1686.4,0.8136012032649975
1686.8000000000002,0.7003181515963562
1687.2,0.7363190066696212
1687.6000000000001,0.7965045440386849
1688.0,0.748526715500075
1688.4,0.5905757224399145
1688.8000000000002,0.8738948553694587
1689.2,0.5404535319445416
1689.6000000000001,0.6751282522483264
1690.0,0.8137721371978662
1690.4,0.4857874800061881
1690.8000000000002,0.6676756506038641
1691.2,0.657050552349086
1691.6000000000001,0.7457957953916408
1692.0,0.8409569075315309
1692.4,0.6656139950554851
1692.8000000000002,0.7116022430499314
1693.2,0.7476042421198009
1693.6000000000001,0.8452531309224585
1694.0,0.7632519877395584
1694.4,0.673549386642861
1694.8000000000002,0.5888251113091394
1695.2,0.5833074543075405
1695.6000000000001,0.596269095785668
1696.0,0.7628925120764808
1696.4,0.8155082622116365
1696.8000000000002,0.48723669046703305
1697.2,0.8255900588037789
1697.6000000000001,0.7368790206103684
1698.0,0.5105531403317671
1698.4,0.7721646337105535
1698.8000000000002,0.6473869272659358
1699.2,0.6817699582089816
1699.6000000000001,0.7154846325392848
1700.0,0.7760648723848715
1700.4,0.6060998694456875
1700.8000000000002,0.576722998228249
1701.2,0.7939448477451062
1701.6000000000001,0.828116105318615
1702.0,0.7274800107493604
1702.4,0.5456800258001588
1702.8000000000002,0.6089729218149011
1703.2,0.5256035683988037
1703.6000000000001,0.6621242600819635
1704.0,0.6353234249920745
1704.4,0.5568554656444532
1704.8000000000002,0.7674423496694616
1705.2,0.5803142752665732
1705.6000000000001,0.4508249143919748
1706.0,0.6190587032819496
1706.4,0.8171838942047931
1706.8000000000002,0.5942625188395796
1707.2,0.7872006717629042
1707.6000000000001,0.7784662681483135
1708.0,0.5509736246413661
1708.4,0.7170378225695527
1708.8000000000002,0.7218596288321415
1709.2,0.8458874889737634
1709.6000000000001,0.7731474187126897
1710.0,0.7274181368692771
1710.4,0.8913133685985537
1710.8000000000002,0.7647501319311372
1711.2,0.6953337784231768
1711.6000000000001,0.8788092399980285
1712.0,0.7144285098731271
1712.4,0.7473477996993882
1712.8000000000002,0.6457304767623456
1713.2,0.8242698544383793
1713.6000000000001,0.5768825626852206
1714.0,0.7557994839533032
1714.4,0.7889449466768705
1714.8000000000002,0.6502610048556835
1715.2,0.8127044115820065
1715.6000000000001,0.7649828916435547
1716.0,0.7000354558719264
1716.4,0.5912340856939445
1716.8000000000002,0.8292143329503923
1717.2,0.6380067554165163
1717.6000000000001,0.4490230702965555
1718.0,0.714643194026136
1718.4,0.5637553764231774
1718.8000000000002,0.49289098082343863
1719.2,0.6580165062726584
1719.6000000000001,0.7544274847961263
1720.0,0.5574040485700276
1720.4,0.705596802360783
1720.8000000000002,0.7979750516136708
1721.2,0.8474516522843766
1721.6000000000001,0.6696843406777255
1722.0,0.7622737911373879
1722.4,0.8559661508747906
1722.8000000000002,0.7348351763313561
1723.2,0.5231426335664208
1723.6000000000001,0.5768465687753813
1724.0,0.844340174843633
1724.4,0.8257214486879731
1724.8000000000002,0.5816960682726915
1725.2,0.7766434258801478
1725.6000000000001,0.7537677645721009
1726.0,0.7613998002311717
1726.4,0.7638976370267957
1726.8000000000002,0.7621528704919039
1727.2,0.6284319011463493
1727.6000000000001,0.7381365525551453
1728.0,0.6776716924261215
1728.4,0.8359277514372015
1728.8000000000002,0.7658027699377544
1729.2,0.9263229665739008
1729.6000000000001,0.7582471780558524
1730.0,0.8665364477496723
1730.4,0.7879785332005551
1730.8000000000002,0.8064032601336646
1731.2,0.7247676944229929
1731.6000000000001,0.7543479210193607
1732.0,0.6663013630008129
1732.4,0.7735933060873802
1732.8000000000002,0.7256249500562713
1733.2,0.7699553312525604
1733.6000000000001,0.5692841477332281
1734.0,0.7054496847712498
1734.4,0.5655503459976178
1734.8000000000002,0.7454591494213763
1735.2,0.6994888401372654
1735.6000000000001,0.7626392563185881
1736.0,0.8305272170648391
1736.4,0.5911840259381219
1736.8000000000002,0.786046511871772
1737.2,0.7175757422941292
1737.6000000000001,0.8107114232165537
1738.0,0.6926079031818656
1738.4,0.6908299163164661
1738.8000000000002,0.827934158327593
1739.2,0.690024865015274
1739.6000000000001,0.5538268977775326
1740.0,0.7828874760342845
1740.4,0.7550417311730837
1740.8000000000002,0.6165156715476607
1741.2,0.7872319023348185
1741.6000000000001,0.8834789239613127
1742.0,0.7933872567949779
1742.4,0.7978358523756458
1742.8000000000002,0.8636828132844877
1743.2,0.7140028668066507
1743.6000000000001,0.6805588944576897
1744.0,0.6455414422332805
1744.4,0.6438149806988147
1744.8000000000002,0.7635627059158003
1745.2,0.8459103812434255
1745.6000000000001,0.6103631881417462
1746.0,0.45835218443001635
1746.4,0.70655645712952
1746.8000000000002,0.7087325796975213
1747.2,0.8059352962819963
1747.6000000000001,0.6980486808414311
1748.0,0.8351552657861709
1748.4,0.6923689605871821
1748.8000000000002,0.6617981627077691
1749.2,0.7889589341848553
1749.6000000000001,0.6210719215516296
1750.0,0.7604433972980027
1750.4,0.8650397356869444
1750.8000000000002,0.7446442792065139
1751.2,0.6888825765024251
1751.6000000000001,0.779208833128263
1752.0,0.8371158266939724
1752.4,0.6656371856835718
1752.8000000000002,0.7019561916347201
1753.2,0.6695651094045505
1753.6000000000001,0.6959808990135288
1754.0,0.7654893428096179
1754.4,0.7280350040573159
1754.8000000000002,0.7319753880090513
1755.2,0.8668584985992769
1755.6000000000001,0.7622789331019055
1756.0,0.727891499062282
1756.4,0.6863592057076571
1756.8000000000002,0.7100675060336515
1757.2,0.8027072146201415
1757.6000000000001,0.8324705661276302
1758.0,0.6730026609561746
1758.4,0.7792657014175519
1758.8000000000002,0.7018430547783906
1759.2,0.6675596968786768
1759.6000000000001,1.0583706237089823
1760.0,0.6986605908653577
1760.4,0.8941094310296105
1760.8000000000002,0.8896408725547035
1761.2,0.8245881432392557
1761.6000000000001,0.784346671577306
1762.0,0.812828708836041
1762.4,0.6929136475619974
1762.8000000000002,0.7126624445812977
1763.2,0.5614743098868668
1763.6000000000001,0.767781688980595
1764.0,0.8671591883873349
1764.4,0.6888347589091549
1764.8000000000002,0.6975370316137122
1765.2,0.6370297525757502
1765.6000000000001,0.7663431342990247
1766.0,0.800220250022387
1766.4,0.8497647303903971
1766.8000000000002,0.7465546310819787
1767.2,0.8140727451338872
1767.6000000000001,0.8143418804121496
1768.0,0.5417091775867501
1768.4,0.915794479275644
1768.8000000000002,1.0764249298030335
1769.2,0.7888936343627496
1769.6000000000001,0.6800704402523666
1770.0,0.7577151852241248
1770.4,0.5533544296542487
1770.8000000000002,0.7307888407309104
1771.2,0.5927743817169948
1771.6000000000001,0.6415730009778252
1772.0,0.7802317351717093
1772.4,0.7144516051031925
1772.8000000000002,0.638854440374994
1773.2,1.0668706965953219
1773.6000000000001,0.6390225262362959
1774.0,0.7257473288742733
1774.4,0.7149663679403466
1774.8000000000002,0.9129195607670733
1775.2,0.8369299456074515
1775.6000000000001,0.5671323031162634
1776.0,0.7252833212358499
1776.4,0.8077576750906861
1776.8000000000002,0.6553734050312516
1777.2,0.572841183271763
1777.6000000000001,0.7029122107397517
1778.0,0.4833572813509859
1778.4,0.615966036402488
1778.8000000000002,0.6877130911754901
1779.2,0.7716041680330428
1779.6000000000001,0.5455985137452889
1780.0,0.7291515592028606
1780.4,0.6712136096890711
1780.8000000000002,0.6320349682232028
1781.2,0.8226320548935929
1781.6000000000001,0.7030340615165676
1782.0,0.9278762667897499
1782.4,0.7959418776317253
1782.8000000000002,0.7343560308944573
1783.2,0.625371641289259
1783.6000000000001,0.6498238215662105
1784.0,0.8511758756789642
1784.4,0.7935369528773677
1784.8000000000002,0.7143339688701268
1785.2,0.609694908714117
1785.6000000000001,0.8358958635844471
1786.0,0.6308063650225197
1786.4,0.6639179097296417
1786.8000000000002,0.5863694221276234
1787.2,0.6332274219932261
1787.6000000000001,0.8118742764906277
1788.0,0.5990759339663561
1788.4,0.6763403392020324
1788.8000000000002,0.5700452828332179
1789.2,0.7390017641039244
1789.6000000000001,0.8362233100701578
1790.0,0.6650788248181582
1790.4,0.6477537720247237
1790.8000000000002,0.7534801876474395
1791.2,0.8741373425955365
1791.6000000000001,0.7530747140765832
1792.0,0.7585802231321275
1792.4,0.7495866897055358
1792.8000000000002,0.6987497682835709
1793.2,0.8016642375596973
1793.6000000000001,0.6018803757205533
1794.0,0.7917416180844563
1794.4,0.8220654434632552
1794.8000000000002,0.9047663931716367
1795.2,0.8414086346066479
1795.6000000000001,0.7550214211251659
1796.0,0.755424068997354
1796.4,0.7061757649876904
1796.8000000000002,0.6007601674756226
1797.2,0.6360303579805444
1797.6000000000001,0.7420698822117276
1798.0,0.8909872850515227
1798.4,0.5388027954364656
1798.8000000000002,0.6906588408958239
1799.2,0.6984370423129918
1799.6000000000001,0.6555595158645651
1800.0,0.6204658792909418
1800.4,0.9189125447410417
1800.8000000000002,0.6486449776343362
1801.2,0.8410067903626874
1801.6000000000001,0.7022288025269774
1802.0,0.8727106253907381
1802.4,0.8697561268307819
1802.8000000000002,0.6055555098657504
1803.2,0.7195625194744814
1803.6000000000001,0.8863295499285979
1804.0,0.787183045214644
1804.4,0.6647495342124597
1804.8000000000002,0.7593711310620631
1805.2,0.5135482233963025
1805.6000000000001,0.6933743305943572
1806.0,0.7380900677658895
1806.4,0.5305676080250883
1806.8000000000002,0.7680918092815242
1807.2,0.7736190269376166
1807.6000000000001,0.8681669502595453
1808.0,0.5777060292308659
1808.4,0.6355257600314984
1808.8000000000002,0.6238783458742544
1809.2,0.9745588458503258
1809.6000000000001,0.6250748767130976
1810.0,0.7246704438158924
1810.4,0.9452642720816777
1810.8000000000002,0.5836024829796094
1811.2,0.8716764413268676
1811.6000000000001,0.7143991162520555
1812.0,0.6065297758616366
1812.4,0.6302852037222478
1812.8000000000002,0.8414881444907217
1813.2,0.8543088663882279
1813.6000000000001,0.7571997707000717
1814.0,0.7756234697024502
1814.4,0.6868970105742772
1814.8000000000002,0.8855932423056999
1815.2,0.6731136765591059
1815.6000000000001,0.5974317136484298
1816.0,0.8003508147074666
1816.4,0.6752097412770324
1816.8000000000002,0.7163745903672121
1817.2,0.8228085659116726
1817.6000000000001,0.6981417016596305
1818.0,0.8254613934777697
1818.4,0.8237786445246204
1818.8000000000002,0.6029582604066022
1819.2,0.6773272866485881
1819.6000000000001,0.8340563807140136
1820.0,0.7695249255099389
1820.4,0.8486033619113231
1820.8000000000002,0.6279880180684339
1821.2,0.9273686647257116
1821.6000000000001,0.8432826795207887
1822.0,0.6516172795805728
1822.4,0.7302995061024007
1822.8000000000002,0.6455177135212755
1823.2,0.7727010916469674
1823.6000000000001,0.7928207464033226
1824.0,0.7409269768899287
1824.4,0.7520490166020835
1824.8000000000002,0.674422749380516
1825.2,0.8272288195102269
1825.6000000000001,0.8072073967431048
1826.0,0.6767159440442827
1826.4,0.7005219775842951
1826.8000000000002,0.714984945044279
1827.2,0.8306913106372529
1827.6000000000001,0.7015482101526729
1828.0,0.721356757033371
1828.4,0.8334357914742713
1828.8000000000002,0.676740024312505
1829.2,0.7102082438630587
1829.6000000000001,0.7077375293804655
1830.0,0.6601101175083052
1830.4,0.7906786920013088
1830.8000000000002,0.8745110887276726
1831.2,0.5708844139093909
1831.6000000000001,0.8665379332618105
1832.0,0.7663754547108659
1832.4,0.754289751118548
1832.8000000000002,0.5888577538910325
1833.2,0.7098444202789767
1833.6000000000001,0.8720005230060188
1834.0,0.8644204109031479
1834.4,0.8625580653854317
1834.8000000000002,0.5971364072589725
1835.2,0.5602863489149258
1835.6000000000001,0.7634456901227865
1836.0,0.5881065053554791
1836.4,0.7105697298481553
1836.8000000000002,0.6961740042105866
1837.2,0.828470337741678
1837.6000000000001,0.6181737160199806
1838.0,0.7188569839989554
1838.4,0.7857052934008812
1838.8000000000002,0.7141823390151627
1839.2,0.7207521912292969
1839.6000000000001,0.774402903760617
1840.0,0.596031174333659
1840.4,0.8344579167791121
1840.8000000000002,0.5954609359245479
1841.2,0.94301582976568
1841.6000000000001,0.5143663971706126
1842.0,1.019691007355608
1842.4,0.8188381326399679
1842.8000000000002,0.7212820125358033
1843.2,0.7946233340657944
1843.6000000000001,0.7325772614690715
1844.0,0.7662583501760833
1844.4,0.7403540875392629
1844.8000000000002,0.7479440572564623
1845.2,0.7358254018997545
1845.6000000000001,0.6779838232812729
1846.0,0.8347509056566065
1846.4,0.7112066905016778
1846.8000000000002,0.779279675145718
1847.2,0.6924650815134309
1847.6000000000001,0.7655826470940588
1848.0,0.6894837365209893
1848.4,0.6867937957950222
1848.8000000000002,0.8144404207786137
1849.2,0.7128790201284072
1849.6000000000001,0.7333334919520683
1850.0,0.6865660089171988
1850.4,0.7151040526626797
1850.8000000000002,0.7397590364621974
1851.2,0.9828857631831784
1851.6000000000001,0.9384343045463427
1852.0,0.7385129051569352
1852.4,0.6623957072104139
1852.8000000000002,0.8006853139350943
1853.2,0.601901684599135
1853.6000000000001,0.7413356501758317
1854.0,0.683007091430369
1854.4,0.7765931097719485
1854.8000000000002,0.8049611665028517
1855.2,0.6708444463985428
1855.6000000000001,0.6756378404174586
1856.0,0.8084541772445725
1856.4,0.5714294310267132
1856.8000000000002,0.8140021599363054
1857.2,0.680480136016285
1857.6000000000001,0.622689700183336
1858.0,0.8360952914771926
1858.4,0.7085154342148902
1858.8000000000002,0.7280435041391197
1859.2,0.7898177428534942
1859.6000000000001,0.6781523144534128
1860.0,0.9101745389720133
1860.4,0.6598362580810025
1860.8000000000002,0.7317953766559762
1861.2,0.7653553285341737
1861.6000000000001,0.9171948775888518
1862.0,0.932148476399729
1862.4,0.7701771568493548
1862.8000000000002,0.7038774777041107
1863.2,0.7609945191517419
1863.6000000000001,0.7743365002127295
1864.0,0.7405760235317846
1864.4,0.6616550505143395
1864.8000000000002,0.7483158406956419
1865.2,0.7029249018448407
1865.6000000000001,0.7892876540330402
1866.0,0.8186780158764959
1866.4,0.8725106129413791
1866.8000000000002,0.7875164770924908
1867.2,0.741388109386373
1867.6000000000001,0.7151709507201902
1868.0,0.7466962172252936
1868.4,0.5981733177195268
1868.8000000000002,0.8621404834877449
1869.2,0.6718271561811578
1869.6000000000001,0.6455553070878592
1870.0,0.8295702399185072
1870.4,0.8477951111562844
1870.8000000000002,0.6745290804257077
1871.2,0.8814122422704065
1871.6000000000001,0.6805547094989772
1872.0,0.9543489314250813
1872.4,0.5900016869560362
1872.8000000000002,0.779838958722736
1873.2,0.7939754053856124
1873.6000000000001,0.9036922375554918
1874.0,0.5253337713984566
1874.4,0.8357776655940286
1874.8000000000002,0.715182100170612
1875.2,0.7962207647443722
1875.6000000000001,0.734203700333666
1876.0,0.7437212879621374
1876.4,0.8498704791112626
1876.8000000000002,0.8969626987491288
1877.2,0.7005848150015946
1877.6000000000001,0.7935334732710664
1878.0,0.7407223560285012
1878.4,0.841134122707812
1878.8000000000002,0.6568274844358939
1879.2,0.5763508706000294
1879.6000000000001,0.7973275687000039
1880.0,0.5256982276983585
1880.4,0.7106849643687512
1880.8000000000002,0.554006823515666
1881.2,0.8463305456627082
1881.6000000000001,0.8518526660287512
1882.0,0.7399191021625023
1882.4,0.7375384801265655
1882.8000000000002,0.7651069238796481
1883.2,0.6843288390784662
1883.6000000000001,1.0349194698765405
1884.0,0.7361894519844759
1884.4,0.6952572962961603
1884.8000000000002,0.7670381469411656
1885.2,0.6623881840032444
1885.6000000000001,0.7081614365899309
1886.0,0.6210096216654452
1886.4,0.7950217685601919
1886.8000000000002,0.931410969669481
1887.2,0.7973937611494866
1887.6000000000001,0.9596155301248661
1888.0,0.7932228280424671
1888.4,0.7168821905636501
1888.8000000000002,0.9052577585697998
1889.2,0.7388865848871449
1889.6000000000001,0.6443518012446949
1890.0,0.9077105951647193
1890.4,0.7595655094797037
1890.8000000000002,0.6294276054630281
1891.2,0.8086481639787692
1891.6000000000001,0.6221847235688669
1892.0,0.8694864884588553
1892.4,0.6458845444145598
1892.8000000000002,0.7494578132566821
1893.2,0.7562930557823786
1893.6000000000001,0.6352797741255518
1894.0,0.6789177901552644
1894.4,0.4595262175117596
1894.8000000000002,0.7901691433526021
1895.2,0.7251554538392668
1895.6000000000001,0.760245094903984
1896.0,0.7562833042897371
1896.4,0.9098999710144753
1896.8000000000002,0.7598161246012058
1897.2,0.8250871210063272
1897.6000000000001,0.8484104318993364
1898.0,0.7002922640050717
1898.4,0.806682220657242
1898.8000000000002,0.8795820745997123
1899.2,0.6404428618666853
1899.6000000000001,0.9855526491684036
1900.0,0.8174109490601209
1900.4,0.8607400710504907
1900.8000000000002,0.8826557399502148
1901.2,0.9873650906308384
1901.6000000000001,0.8463609349245206
1902.0,0.7519545776976849
1902.4,0.7653681022124709
1902.8000000000002,0.7056459489044729
1903.2,0.71008478308875
1903.6000000000001,0.7782017591113899
1904.0,0.5801559214538794
1904.4,0.8260940757137274
1904.8000000000002,0.8053446572309004
1905.2,0.8775311389063846
1905.6000000000001,0.8458348814394677
1906.0,0.7269874391134759
1906.4,0.8968246802390452
1906.8000000000002,0.914778221256848
1907.2,0.8371181004230454
1907.6000000000001,0.8870358172919475
1908.0,0.7637314157043863
1908.4,0.7311874165836586
1908.8000000000002,0.8506732517644376
1909.2,0.5317366803158914
1909.6000000000001,0.9146154541416176
1910.0,1.0232653984499287
1910.4,0.8148851825117253
1910.8000000000002,0.7574899998472282
1911.2,0.6442240554169055
1911.6000000000001,0.7838617243858821
1912.0,0.7377336314205396
1912.4,0.586096542312693
1912.8000000000002,0.839735881390392
1913.2,0.8648626322042818
1913.6000000000001,0.6278353491361583
1914.0,0.7916724701270795
1914.4,0.6007863641080817
1914.8000000000002,0.7611872582178982
1915.2,0.8341511220741761
1915.6000000000001,0.7323206188360429
1916.0,0.9041287916669845
1916.4,0.67507866664694
1916.8000000000002,1.0218660926038796
1917.2,0.684509813049675
1917.6000000000001,0.7733901740236588
1918.0,0.922869203864153
1918.4,0.8358522676754663
1918.8000000000002,0.6631066704615922
1919.2,0.5394537071769756
1919.6000000000001,0.8233121373160728
1920.0,0.8372210651026861
1920.4,0.6701514250120465
1920.8000000000002,0.6984847366069751
1921.2,0.8868700081599407
1921.6000000000001,0.7869707064633752
1922.0,0.5890346267814993
1922.4,0.7833481631150242
1922.8000000000002,0.562969491200226
1923.2,0.843175168474493
1923.6000000000001,1.1967964342428852
1924.0,0.7235500212655154
1924.4,0.9508237102004353
1924.8000000000002,0.8491054179521474
1925.2,0.9563500972797913
1925.6000000000001,0.9298150930935858
1926.0,0.8545455483783394
1926.4,0.8292801634820047
1926.8000000000002,0.8747529352095983
1927.2,0.5903970000598515
1927.6000000000001,0.8524639095726134
1928.0,0.7757174836637644
1928.4,0.8943755396547791
1928.8000000000002,0.950157950191156
1929.2,0.870732397822344
1929.6000000000001,0.8782948500650458
1930.0,0.7638378435790621
1930.4,0.6813556431606733
1930.8000000000002,0.6955364938690003
1931.2,0.8357999614887073
1931.6000000000001,0.6145900388527191
1932.0,0.8109735998419123
1932.4,0.7527461364358277
1932.8000000000002,0.8244789845060541
1933.2,0.7122383289544378
1933.6000000000001,0.6706098655762729
1934.0,0.6395122677648779
1934.4,0.7356480062621256
1934.8000000000002,0.7387853684062746
1935.2,0.9517831400308181
1935.6000000000001,0.8217592988516008
1936.0,0.7564321851421367
1936.4,0.7110102564621856
1936.8000000000002,0.854571528205757
1937.2,0.8276851687770787
1937.6000000000001,0.8796815038351529
1938.0,0.7783187201113664
1938.4,0.8617025696255711
1938.8000000000002,0.7054006156416516
1939.2,0.760226092357575
1939.6000000000001,0.7223230361638213
1940.0,0.6648167584014008
1940.4,0.9022463694373666
1940.8000000000002,0.9118683562547046
1941.2,0.7528781486806857
1941.6000000000001,0.7635118953378632
1942.0,0.5936071256338324
1942.4,0.7654468305121144
1942.8000000000002,0.6632383212798736
1943.2,0.6591555130878006
1943.6000000000001,0.7953293963408791
1944.0,0.7657650852513588
1944.4,0.8177406903943765
1944.8000000000002,0.6315026549719607
1945.2,0.5152273358122508
1945.6000000000001,0.8274108850696917
1946.0,0.5773310233914721
1946.4,0.801061137822304
1946.8000000000002,0.807654194397526
1947.2,0.8752773577317329
1947.6000000000001,0.6391206691390185
1948.0,0.6797733301948796
1948.4,0.6964199330094778
1948.8000000000002,0.6774414114045555
1949.2,0.6638447101282821
1949.6000000000001,0.8460979791728647
1950.0,0.7309518040282016
1950.4,0.7727951650893621
1950.8000000000002,0.8066862110875999
1951.2,0.6592415664172764
1951.6000000000001,0.9587851517802168
1952.0,0.8124239673636242
1952.4,0.8833535866146923
1952.8000000000002,0.6438233584728026
1953.2,0.8956961827006077
1953.6000000000001,0.653567865212023
1954.0,0.7800866697668846
1954.4,0.8464835580313644
1954.8000000000002,0.8128273022797385
1955.2,0.6719906025405665
1955.6000000000001,0.799520858101841
1956.0,0.9454934453649301
1956.4,0.7032340540252691
1956.8000000000002,0.6889016458495523
1957.2,0.7881170517712419
1957.6000000000001,0.98617060261191
1958.0,0.8054516549689954
1958.4,1.0100087207745898
1958.8000000000002,0.8324473018373147
1959.2,0.8927807670239722
1959.6000000000001,0.9474660499220835
1960.0,0.7204332037291116
1960.4,0.6722765149286064
1960.8000000000002,0.7578330407886396
1961.2,0.8511715783268902
1961.6000000000001,0.8811211308785915
1962.0,0.8211986278612646
1962.4,0.8916369722040712
1962.8000000000002,0.7878718365073833
1963.2,0.7740228235918467
1963.6000000000001,0.7885054482924669
1964.0,0.8786764487173425
1964.4,0.7140638315366055
1964.8000000000002,0.7369099518993694
1965.2,0.658778214218234
1965.6000000000001,0.9053516723420656
1966.0,0.7863072503241069
1966.4,0.6616228336425324
1966.8000000000002,0.8593141341764601
1967.2,0.5620132320576205
1967.6000000000001,0.7327288591154866
1968.0,0.8174761606391324
1968.4,0.8196045469420625
1968.8000000000002,0.8488012494831898
1969.2,0.7546886951753455
1969.6000000000001,0.6995460590543877
1970.0,0.8325234205861902
1970.4,0.7693722515175484
1970.8000000000002,0.8523249195770388
1971.2,0.6698235682230534
1971.6000000000001,1.0595831905331674
1972.0,0.9513527408538263
1972.4,0.6464341178228082
1972.8000000000002,0.7476045050888256
1973.2,0.6996045084995113
1973.6000000000001,0.6585177725928362
1974.0,0.7681614195155699
1974.4,0.7563172036426269
1974.8000000000002,0.8791148419102772
1975.2,0.7391459464115778
1975.6000000000001,0.8818994470516494
1976.0,0.8607122977898327
1976.4,0.8267266938959296
1976.8000000000002,0.7710454618304275
1977.2,0.8662483022246756
1977.6000000000001,0.8540677229678112
1978.0,0.7409542037268818
1978.4,0.7389649762087169
1978.8000000000002,0.45419149701906947
1979.2,0.7014502657702093
1979.6000000000001,0.833250969446778
1980.0,0.8537720401184759
1980.4,0.8867146398063834
1980.8000000000002,0.7354972167203349
1981.2,0.8715875029494249
1981.6000000000001,0.7120776405074118
1982.0,0.6611157960110526
1982.4,0.6667720880846097
1982.8000000000002,0.816298094997761
1983.2,0.6991550976168924
1983.6000000000001,0.8511421632445803
1984.0,0.917817163993311
1984.4,0.9987705031176781
1984.8000000000002,0.8622259162596907
1985.2,0.7887435289994689
1985.6000000000001,0.8695006584604358
1986.0,0.822357046106354
1986.4,0.8658284625654871
1986.8000000000002,0.7217268897179051
1987.2,0.7876643036893882
1987.6000000000001,0.7567373672126749
1988.0,0.7446602471505284
1988.4,0.8564768703199849
1988.8000000000002,0.7988610439432975
1989.2,0.7563590503538785
1989.6000000000001,0.6968681638991568
1990.0,0.6530411904761019
1990.4,0.8702432931035156
1990.8000000000002,0.9098115836789189
1991.2,0.7042531277326756
1991.6000000000001,0.7093397666723268
1992.0,0.7479976363689577
1992.4,0.7650529503484111
1992.8000000000002,0.7938779142229586
1993.2,0.7691134489892048
1993.6000000000001,0.9718109652693186
1994.0,0.9629870370727982
1994.4,0.9294916845262942
1994.8000000000002,0.7328596891206351
1995.2,0.8673966398985379
1995.6000000000001,0.9312995709864307
1996.0,0.7307742553899153
1996.4,0.7706945857660873
1996.8000000000002,0.7712860813116356
1997.2,0.8032351522807691
1997.6000000000001,0.678867135855912
1998.0,0.7667573847548815
1998.4,0.6998431188580725
1998.8000000000002,0.9721114946862419
1999.2,0.7159245343364083
1999.6000000000001,0.8575663536193162
2000.0,0.7939046929054441
2000.4,0.6062341550220663
2000.8000000000002,0.728824856307697
2001.2,0.7144538476945582
2001.6000000000001,0.7029079576585895
2002.0,0.6244763037780285
2002.4,0.7806923698509617
2002.8000000000002,0.8493702140840331
2003.2,0.827585986998524
2003.6000000000001,0.824724181191341
2004.0,0.7368762429856299
2004.4,0.7501683261531349
2004.8000000000002,0.7891228982724857
2005.2,0.7909587251190451
2005.6000000000001,0.7916486071057924
2006.0,0.8021099356996885
2006.4,0.7183619295683232
2006.8000000000002,0.7478973661077958
2007.2,0.8224471569319368
2007.6000000000001,0.6033892892678321
2008.0,0.7649090716764183
2008.4,0.7861193674372668
2008.8000000000002,0.7349763893484209
2009.2,0.7893593675689191
2009.6000000000001,0.7849776782561388
2010.0,0.6165416669713063
2010.4,0.806002035537857
2010.8000000000002,0.488206813471595
2011.2,0.6693969911087355
2011.6000000000001,0.725077398565452
2012.0,0.6952649113921904
2012.4,0.91371307890531
2012.8000000000002,0.6574128148569629
2013.2,0.8485237968191974
2013.6000000000001,0.7313268418625863
2014.0,0.7015402054364749
2014.4,0.9760740406714465
2014.8000000000002,0.809833926404197
2015.2,0.864449158854082
2015.6000000000001,0.7430826457545859
2016.0,0.7143332604092961
2016.4,0.7924117967740113
2016.8000000000002,0.7753248929231642
2017.2,0.7126794473841646
2017.6000000000001,0.854739618982419
2018.0,0.8231006985565376
2018.4,0.8967030929797979
2018.8000000000002,0.8960114052934094
2019.2,0.882016753816468
2019.6000000000001,0.775255949949511
2020.0,0.8044721248351822
2020.4,1.0140415692512688
2020.8000000000002,0.9751047047088377
2021.2,0.8518776388759063
2021.6000000000001,0.6370474241722066
2022.0,0.663515495362918
2022.4,0.8890810032142247
2022.8000000000002,0.7906145954157996
2023.2,0.810010871974312
2023.6000000000001,0.7924983085195401
2024.0,0.731014097907512
2024.4,0.7372762863159855
2024.8000000000002,0.7522139958056759
2025.2,0.7999833657829871
2025.6000000000001,0.6989614374251801
2026.0,0.8649570992585478
2026.4,0.8795988464083516
2026.8000000000002,0.7806857915546299
2027.2,0.7577306536357687
2027.6000000000001,0.8456525269510997
2028.0,0.6802191228225684
2028.4,0.579812814431458
2028.8000000000002,0.9235505757393104
2029.2,0.7348419456456458
2029.6000000000001,0.8068956015478239
2030.0,0.8577793680086565
2030.4,0.7477846456707428
2030.8000000000002,0.698244195227815
2031.2,0.9831917199713026
2031.6000000000001,0.9749092275528313
2032.0,0.6696388971800517
2032.4,0.6996571988261646
2032.8000000000002,0.7300088624633784
2033.2,0.7601255385029602
2033.6000000000001,0.8792402882123587
2034.0,0.7992417799205244
2034.4,1.012015625841013
2034.8000000000002,0.970672226302381
2035.2,0.8611310983983034
2035.6000000000001,0.9446458986644037
2036.0,0.8555042592495943
2036.4,0.893200886653428
2036.8000000000002,0.6966901481974141
2037.2,0.9797320273633653
2037.6000000000001,0.8022053465047464
2038.0,0.6552864223454056
2038.4,0.723070779587095
2038.8000000000002,0.850291911912612
2039.2,0.8611609533074462
2039.6000000000001,0.8907655633341158
2040.0,0.7466324993130602
2040.4,0.6675105954813669
2040.8000000000002,0.8024143726992172
2041.2,0.6189161094720596
2041.6000000000001,0.7649872905510819
2042.0,0.8128124670780261
2042.4,0.8627591744401132
2042.8000000000002,0.7194320088308249
2043.2,0.8930802162424745
2043.6000000000001,0.8724641567051005
2044.0,0.8625735039503197
2044.4,0.7573539741977114
2044.8000000000002,0.6909011370711422
2045.2,0.6607382170061353
2045.6000000000001,0.975125373888825
2046.0,0.7843363677748884
2046.4,0.9918972965011729
2046.8000000000002,0.8531494151196075
2047.2,0.7293088526345328
2047.6000000000001,0.8453834577080936
2048.0,0.7129487679558357
2048.4,0.8416915669262695
2048.8,0.9478970997456597
2049.2000000000003,1.1792877947991491
2049.6,0.8662931382795018
2050.0,0.7191310653538098
2050.4,0.870581200450733
2050.8,0.691841121665449
2051.2000000000003,0.7681262471780634
2051.6,0.7809762254072294
2052.0,0.7389834866061039
2052.4,0.7349881596761325
2052.8,0.7624404043090921
2053.2000000000003,0.7730208694122442
2053.6,0.8605416852282937
2054.0,0.8751487022895782
2054.4,0.8160890329963564
2054.8,0.7163798276561957
2055.2000000000003,0.77261787065236
2055.6,0.8252066643420679
2056.0,0.8743419471874356
2056.4,0.7455765250659814
2056.8,0.713327456051422
2057.2000000000003,0.7201861340223414
2057.6,0.6939857687433876
2058.0,0.7817399809864684
2058.4,0.9870011150702034
2058.8,0.8489962920598599
2059.2000000000003,0.6714379225352662
2059.6,0.7123770901787545
2060.0,0.6076079389062277
2060.4,0.8628886511826175
2060.8,0.9893981762921289
2061.2000000000003,0.8219740248556306
2061.6,0.9413195170319972
2062.0,0.7261450994956677
2062.4,0.9512770690159555
2062.8,0.8332527563206626
2063.2000000000003,0.6848062606149631
2063.6,0.8191006958998694
2064.0,0.733058379725301
2064.4,0.739159986541756
2064.8,0.7995057862431312
2065.2000000000003,0.8380812837251308
2065.6,0.928978066496877
2066.0,0.8091038077636359
2066.4,0.9669874672658286
2066.8,0.7665535763670281
2067.2000000000003,0.817408356812998
2067.6,0.7042098906915701
2068.0,0.8892020934323934
2068.4,0.6418020522991751
2068.8,0.7200985415832778
2069.2000000000003,0.8125074244649623
2069.6,0.6997172973006881
2070.0,0.783194015235749
2070.4,0.679834656147052
2070.8,0.7680603679131524
2071.2000000000003,0.7862365062775802
2071.6,0.8140501072192514
2072.0,0.753505051707857
2072.4,0.6572941647848941
2072.8,0.8102297828310081
2073.2000000000003,0.8651893637595973
2073.6,0.7640639243083169
2074.0,0.973659617074148
2074.4,0.8908898248751872
2074.8,0.786787394046427
2075.2000000000003,0.9028148856869118
2075.6,0.8146171327317788
2076.0,0.6865350508247554
2076.4,0.6695088755368822
2076.8,0.8190242988144263
2077.2000000000003,1.0324450556943112
2077.6,0.7561841065578572
2078.0,0.7991172306873601
2078.4,0.8597249274114918
2078.8,0.8130486275269967
2079.2000000000003,0.7268961166113624
2079.6,0.8908077249308782
2080.0,0.6759272892796047
2080.4,0.9072262719667733
2080.8,0.8789588624262051
2081.2000000000003,0.7423174740933002
2081.6,0.8675713280966395
2082.0,0.7990350020473902
2082.4,0.7200756109526874
2082.8,0.7610674388325346
2083.2000000000003,0.9517687629524517
2083.6,1.0673913961499557
2084.0,1.0231545778659938
2084.4,0.9005747049431274
2084.8,0.869009165081297
2085.2000000000003,0.6938918706380909
2085.6,0.8503299019165389
2086.0,0.9528322054532824
2086.4,0.7117044017413996
2086.8,0.8125890969235698
2087.2000000000003,0.8169740401963311
2087.6,0.8853170715131177
2088.0,0.7395737967168021
2088.4,0.82364042160729
2088.8,0.7468009071386305
2089.2000000000003,0.7321496589120073
2089.6,0.8308928057633045
2090.0,0.8003869738688935
2090.4,0.9483109341645075
2090.8,0.6149082694484841
2091.2000000000003,0.7833468857350622
2091.6,0.6829534069432902
2092.0,0.8093352543389253
2092.4,0.9546657901427384
2092.8,1.0942111860864652
2093.2000000000003,0.8224664962826013
2093.6,0.7910387494405076
2094.0,0.884173007063206
2094.4,0.9238255993790099
2094.8,0.7670536080534601
2095.2000000000003,0.7682073042964398
2095.6,0.7294540997562042
2096.0,0.8542702345972021
2096.4,0.871661379908256
2096.8,0.8387255129427894
2097.2000000000003,0.903259048560765
2097.6,0.9195986188697625
2098.0,1.0605852112517762
2098.4,0.9903270247088519
2098.8,0.8332445686044523
2099.2000000000003,0.8579364337379912
2099.6,0.8198121519027881
2100.0,0.9179054086829512
2100.4,0.7585774192516499
2100.8,0.8823501842667809
2101.2000000000003,0.7624982014678532
2101.6,0.8346747789493901
2102.0,0.9229433989460302
2102.4,0.9334071104525655
2102.8,0.8185637560559296
2103.2000000000003,0.8713611202327632
2103.6,0.9990644613434883
2104.0,0.9215026892899875
2104.4,0.6591733617336246
2104.8,0.853985896947832
2105.2000000000003,1.1453871207736257
2105.6,0.8341047647908711
2106.0,0.8285269508284072
2106.4,0.884119344247183
2106.8,0.871376799261123
2107.2000000000003,0.8057432025480666
2107.6,0.8714978346743757
2108.0,0.8950114911328323
2108.4,0.782778317774276
2108.8,0.8957355567285417
2109.2000000000003,0.7715336135020385
2109.6,0.905582872540003
2110.0,0.9853714895971752
2110.4,0.6895984449801225
2110.8,0.780523954840684
2111.2000000000003,0.8702996329445644
2111.6,0.9964769296886334
2112.0,0.9769114182205562
2112.4,0.9151044534503894
2112.8,0.9755550088161995
2113.2000000000003,0.8445477952964582
2113.6,0.8444310146185151
2114.0,0.8175965749481935
2114.4,0.760641919467821
2114.8,0.6720163873398906
2115.2000000000003,0.7088984229374153
2115.6,1.0128371117499313
2116.0,0.780735844941207
2116.4,0.7621067360586824
2116.8,0.7512894391570966
2117.2000000000003,0.8221081043869193
2117.6,0.8712001858377802
2118.0,0.7779394540912205
2118.4,0.9868789568929731
2118.8,0.9576002382217225
2119.2000000000003,0.7357360309206838
2119.6,0.6993777721250194
2120.0,0.9505360939290617
2120.4,0.8261324150754676
2120.8,1.025914371463014
2121.2000000000003,0.7480266597187234
2121.6,0.775819415823676
2122.0,0.7197232751497172
2122.4,0.7663560241420818
2122.8,0.8247589848745069
2123.2000000000003,0.8407851770673634
2123.6,0.8520454925097338
2124.0,0.720025485254298
2124.4,0.8929134518166668
2124.8,0.7196444917774413
2125.2000000000003,0.8717148444646605
2125.6,0.6788069345931996
2126.0,0.7191803259246115
2126.4,0.9140501600688165
2126.8,0.8501403124556433
2127.2000000000003,0.7451710321325018
2127.6,0.7234308875170066
2128.0,0.8440356470247921
2128.4,0.8011029623295443
2128.8,0.878461572308707
2129.2000000000003,0.8366592842022968
2129.6,0.8859850271462333
2130.0,0.9398808163295456
2130.4,0.7819921973701858
2130.8,0.847601275672401
2131.2000000000003,0.9072699179604776
2131.6,0.7869015453151572
2132.0,0.7873587173027217
2132.4,0.6901355207528144
2132.8,0.9628516770805773
2133.2000000000003,0.8576743255569851
2133.6,0.8298213601099053
2134.0,0.8837580398456337
2134.4,0.8360124553600236
2134.8,0.6754291627964464
2135.2000000000003,0.9172699500805868
2135.6,0.8784158499451038
2136.0,0.869031232545719
2136.4,0.689771578234219
2136.8,0.853127252668882
2137.2000000000003,0.7864025673488867
2137.6,0.7477170651811094
2138.0,0.9977769064251297
2138.4,0.7438949392096096
2138.8,0.8113641539590277
2139.2000000000003,0.7456535166700372
2139.6,0.7587952901337172
2140.0,0.7586114119810388
2140.4,0.7336322412165561
2140.8,0.724089921201318
2141.2000000000003,0.8340341302455362
2141.6,0.7266281326926414
2142.0,0.9887419733471341
2142.4,0.8790917330399413
2142.8,0.9396874092257124
2143.2000000000003,0.87300654589745
2143.6,0.902268642423601
2144.0,0.9226379477408876
2144.4,0.808761232893218
2144.8,0.8935534316418741
2145.2000000000003,0.9060421044007096
2145.6,0.8257856363610462
2146.0,0.7518852309818915
2146.4,0.9431411004188419
2146.8,0.8513496476061868
2147.2000000000003,0.7715275967002811
2147.6,0.8777030845159883
2148.0,0.8825494850988937
2148.4,1.01654754445914
2148.8,0.7543497046280744
2149.2000000000003,0.9451957977696523
2149.6,0.9727306154449633
2150.0,0.9080765073798468
2150.4,0.8937659565348816
2150.8,0.8610246406146591
2151.2000000000003,0.6874082168881748
2151.6,0.8684068246650951
2152.0,0.7443378151344583
2152.4,0.724406788901102
2152.8,0.7802292613544314
2153.2000000000003,0.9069716610760528
2153.6,0.7126134067712907
2154.0,0.7615978970694604
2154.4,0.7317881843493723
2154.8,0.6752564251887928
2155.2000000000003,0.9738664775925775
2155.6,0.8655839013963018
2156.0,0.935827073928643
2156.4,0.7715055226810129
2156.8,0.8095935179309408
2157.2000000000003,1.1699653158023429
2157.6,0.7385134096469896
2158.0,0.8904012767059601
2158.4,0.8302838317509851
2158.8,0.9507951687748284
2159.2000000000003,0.8845775812171419
2159.6,0.7787273200122978
2160.0,0.7742827988150353
2160.4,0.941963247331713
2160.8,0.999461961853687
2161.2000000000003,0.8869468001019569
2161.6,0.8327760681167106
2162.0,0.6751068805226985
2162.4,0.9024624692714271
2162.8,0.7486092285095562
2163.2000000000003,0.9256333374739156
2163.6,0.8202684843188912
2164.0,0.969434372177793
2164.4,0.9974452173868181
2164.8,0.9570654193034105
2165.2000000000003,0.8580166106129063
2165.6,0.7211878280731008
2166.0,0.9075711976536733
2166.4,0.8266266582044515
2166.8,0.8525979692594564
2167.2000000000003,0.7683595717662981
2167.6,0.7669969799107443
2168.0,0.7375675610910881
2168.4,1.04398357752033
2168.8,0.8637536452951733
2169.2000000000003,0.8639332866676084
2169.6,0.9205304107464501
2170.0,0.6152438025369867
2170.4,0.7050898884578082
2170.8,0.8771009539923793
2171.2000000000003,1.063128415368693
2171.6,0.7980702827632901
2172.0,0.8097899552687404
2172.4,0.615919066264176
2172.8,0.7857151342505622
2173.2000000000003,0.8267411308969641
2173.6,0.8082377507513577
2174.0,0.9536227935947738
2174.4,0.923171987446971
2174.8,0.7498298806110333
2175.2000000000003,1.0212753111717496
2175.6,0.8784345459359643
2176.0,0.7702203085410788
2176.4,0.6661992760911029
2176.8,0.9333720542304556
2177.2000000000003,1.0014528706924195
2177.6,0.852870212438388
2178.0,0.9039640616757029
2178.4,0.9020229022930782
2178.8,0.8558988016940852
2179.2000000000003,0.7927914262911441
2179.6,0.9926958032484791
2180.0,0.8255993321163456
2180.4,0.9614430110816621
2180.8,0.9668720845539611
2181.2000000000003,0.9151605879436691
2181.6,0.9532311190970509
2182.0,0.9044181909021444
2182.4,0.8073047245938386
2182.8,0.9954551832239635
2183.2000000000003,0.8546845184646841
2183.6,0.8187364986072152
2184.0,0.8375365831028967
2184.4,1.0261709172671618
2184.8,0.8190840797202715
2185.2000000000003,0.8773900173158526
2185.6,0.5629243610389618
2186.0,0.7778037056464294
2186.4,0.6923997559081567
2186.8,0.7642359309735871
2187.2000000000003,0.9451738767979558
2187.6,0.9586666937757881
2188.0,1.0013675409425242
2188.4,0.6906692062812285
2188.8,0.7720402468621096
2189.2000000000003,0.8307561437331104
2189.6,0.8819285337738357
2190.0,0.6410974885014796
2190.4,1.0264040353799075
2190.8,0.7442524750633618
2191.2000000000003,0.6985908218248436
2191.6,0.8456009942784343
2192.0,0.6824554240055325
2192.4,0.7771604988335408
2192.8,0.9110306184428343
2193.2000000000003,0.796698800036354
2193.6,0.8675716466563053
2194.0,0.9692541437024997
2194.4,0.6609124960241619
2194.8,1.0078250284629908
2195.2000000000003,0.9130701997100841
2195.6,1.0675917142122109
2196.0,0.7959520882836466
2196.4,0.8257339914119842
2196.8,0.8647356804601096
2197.2000000000003,0.7297321359822894
2197.6,0.7710956048100719
2198.0,0.9209383836577584
2198.4,0.9646258963976683
2198.8,0.9350748325699116
2199.2000000000003,0.8616393900896491
2199.6,0.9468340741868942
2200.0,1.0173647923134874
2200.4,0.8231101498902067
2200.8,1.125332224686146
2201.2000000000003,0.8875550754389038
2201.6,0.8857150556972305
2202.0,0.7242764538296714
2202.4,0.9527521374171987
2202.8,0.7569624334450815
2203.2000000000003,0.7424327730528318
2203.6,0.6921437925105061
2204.0,0.8400442838774435
2204.4,0.6821549181691735
2204.8,0.8971109128750178
2205.2000000000003,0.8742953092815344
2205.6,0.9016147480515864
2206.0,0.9608896038649095
2206.4,0.9047758267518728
2206.8,0.8759212080208255
2207.2000000000003,0.9419698269676692
2207.6,1.0120389960677938
2208.0,0.9282291038492545
2208.4,0.7448944435911085
2208.8,0.6784128313009938
2209.2000000000003,0.9663668384936066
2209.6,1.0255071110253164
2210.0,0.915515449243664
2210.4,0.7298696322710724
2210.8,0.7951711658110249
2211.2000000000003,0.8509902212433205
2211.6,0.6484439078613334
2212.0,0.6819741966853252
2212.4,0.7466515135303664
2212.8,0.9661248428062539
2213.2000000000003,0.8212897810737513
2213.6,0.8291306780869614
2214.0,0.9082865552691581
2214.4,0.9185272664515116
2214.8,0.7214580223728001
2215.2000000000003,0.9448052007474556
2215.6,0.6726354623532318
2216.0,0.7837856138827235
2216.4,0.8287941690195999
2216.8,0.7476662983078834
2217.2000000000003,0.8616036728604326
2217.6,0.7648592925615374
2218.0,0.6249296226044188
2218.4,0.8411973558369045
2218.8,0.8438403744053182
2219.2000000000003,0.7340667834761248
2219.6,0.8416212681394759
2220.0,0.8232905577012231
2220.4,0.7300441927619548
2220.8,0.8045193270029043
2221.2000000000003,0.8395807645376523
2221.6,1.0966839780305553
2222.0,0.7705036251345332
2222.4,0.7495204708166621
2222.8,0.7179966889565244
2223.2000000000003,0.6800880486293803
2223.6,0.8472770860482016
2224.0,0.9363467763155888
2224.4,0.8095695909646912
2224.8,0.9644234022532261
2225.2000000000003,0.9368067595812426
2225.6,0.8899249819582057
2226.0,1.0526403286255754
2226.4,1.0311405228981838
2226.8,0.9623438884745329
2227.2000000000003,0.8882106636848457
2227.6,0.7723670201216498
2228.0,0.8903176617338278
2228.4,0.8807760197127583
2228.8,0.9161537545708498
2229.2000000000003,1.0832607238107685
2229.6,0.6773597106742517
2230.0,0.8324825578348878
2230.4,0.9842227742738976
2230.8,0.6882677451077868
2231.2000000000003,0.7006949761468091
2231.6,0.9306242377643924
2232.0,0.9809476994638954
2232.4,0.8481622108997472
2232.8,0.963277087657428
2233.2000000000003,0.8307744021542789
2233.6,0.8396868543152778
2234.0,0.6974403524417339
2234.4,0.9535514298922481
2234.8,1.0232412225950565
2235.2000000000003,0.692689864895218
2235.6,0.9749828487793102
2236.0,0.8176447540437981
2236.4,0.9727012327469646
2236.8,0.8530184737057888
2237.2000000000003,0.8329950556235837
2237.6,0.9767044183704527
2238.0,0.9371353485212958
2238.4,0.9507792532558074
2238.8,0.8005862398066235
2239.2000000000003,0.9821198510252661
2239.6,0.936073378064489
2240.0,0.9192106445165643
2240.4,0.8345016902161374
2240.8,0.7837377839329951
2241.2000000000003,0.7240347837843117
2241.6,0.9785327495559702
2242.0,0.887676022837814
2242.4,0.883757653578831
2242.8,0.7813158098591656
2243.2000000000003,0.7666521125144908
2243.6,0.9588608628602135
2244.0,0.9246554560081371
2244.4,0.9102700006068822
2244.8,0.9050001414475324
2245.2000000000003,0.8468469459378604
2245.6,0.8718701043129842
2246.0,0.8320567160063697
2246.4,0.9217917266556912
2246.8,0.9002065460857457
2247.2000000000003,0.986448882040337
2247.6,0.8788314081190395
2248.0,0.7973115495132598
2248.4,0.9851541046019084
2248.8,0.9498961235833281
2249.2000000000003,0.8700104547446086
2249.6,0.9991652404094233
2250.0,0.7951106876594596
2250.4,0.8390099189780389
2250.8,0.6353933824691976
2251.2000000000003,0.9186962039621818
2251.6,0.8499666468382434
2252.0,0.9067552787113133
2252.4,0.7678043403301091
2252.8,0.8521609326841169
2253.2000000000003,1.0291085974609728
2253.6,0.8874165451744251
2254.0,0.7862445211092743
2254.4,0.9283828418198823
2254.8,0.737829885172791
2255.2000000000003,0.7647924258268263
2255.6,0.927642452076469
2256.0,0.8719426066965347
2256.4,0.9076629843797217
2256.8,0.8065423150004218
2257.2000000000003,0.9591424883530095
2257.6,0.8774995914269051
2258.0,0.7878644271407094
2258.4,0.7758488113792175
2258.8,0.7996303290887262
2259.2000000000003,0.9514752258915835
2259.6,0.9676843819960339
2260.0,0.9318518249777717
2260.4,0.867970321268675
2260.8,0.9557840318715465
2261.2000000000003,0.7297288297935821
2261.6,0.8983475762346176
2262.0,0.801562502264407
2262.4,0.9857959951361377
2262.8,0.9437740717738461
2263.2000000000003,0.93369624942793
2263.6,0.7630336077898959
2264.0,0.9704796100618673
2264.4,0.8353347086878228
2264.8,0.9481018210755414
2265.2000000000003,1.100545961794384
2265.6,0.9239915042403883
2266.0,0.855578363863927
2266.4,0.947633094054655
2266.8,0.7600114414694696
2267.2000000000003,0.7753258330092627
2267.6,0.861006296076394
2268.0,0.8419660396038706
2268.4,0.6431230898576503
2268.8,0.8657955642897786
2269.2000000000003,0.8846239495838198
2269.6,0.9350399697756075
2270.0,0.9232485451022789
2270.4,0.949206640697658
2270.8,0.7901989048560875
2271.2000000000003,1.0199409457379751
2271.6,0.7836623127380324
2272.0,0.7719812241686702
2272.4,0.9262127553928106
2272.8,0.8572059072728899
2273.2000000000003,0.9851086636470168
2273.6,0.8726301716360627
2274.0,0.8646683800012482
2274.4,0.9462384157120046
2274.8,0.8267442250414426
2275.2000000000003,0.8091546554858431
2275.6,0.627900295753719
2276.0,0.7521298870101677
2276.4,0.8799090839261902
2276.8,0.7673643623328207
2277.2000000000003,0.964313322017407
2277.6,0.9001338603906506
2278.0,0.9952691647296902
2278.4,0.8783518551391546
2278.8,0.7201977028086404
2279.2000000000003,0.9631153322623898
2279.6,0.8951186200292259
2280.0,0.9255711494138151
2280.4,0.9131832070555707
2280.8,0.7304226886810378
2281.2000000000003,0.9967683927750302
2281.6,0.9445419152300004
2282.0,0.7108799863088006
2282.4,0.9697321582074381
2282.8,0.7939887569596588
2283.2000000000003,0.744502282314025
2283.6,1.028230956994344
2284.0,0.7931652340671626
2284.4,0.9179082251724522
2284.8,0.8395906802603539
2285.2000000000003,0.9748166899277364
2285.6,0.7847859003055138
2286.0,0.957054472342585
2286.4,0.8831163648528305
2286.8,0.8641391394941063
2287.2000000000003,0.9558798273487437
2287.6,0.8382133718347127
2288.0,0.9662140740662019
2288.4,0.8717268779621228
2288.8,0.8532590780622589
2289.2000000000003,1.0168200058382022
2289.6,1.043446009144411
2290.0,0.9779035989615217
2290.4,0.8587171607411305
2290.8,0.8214867011376293
2291.2000000000003,0.8747263142530537
2291.6,0.8121141911314743
2292.0,0.797877693090989
2292.4,0.7164528878638989
2292.8,0.9638141165895033
2293.2000000000003,0.9965592208024814
2293.6,0.7545497598172461
2294.0,0.8717054349935188
2294.4,0.9707513243866654
2294.8,1.0924567489372778
2295.2000000000003,0.9344830197100569
2295.6,1.0291737868537056
2296.0,0.8362038678719859
2296.4,0.7135688136007683
2296.8,0.9659046443189208
2297.2000000000003,0.84076515792081
2297.6,0.8535466937680529
2298.0,1.0784499407180979
2298.4,0.84339285845457
2298.8,0.9770685163423662
2299.2000000000003,0.9345427800374949
2299.6,0.9433871792196957
2300.0,0.8618177055587317
2300.4,0.8601119176248775
2300.8,0.8201147411829458
2301.2000000000003,1.1228587036310549
2301.6,0.8444177280376
2302.0,0.8493185402034829
2302.4,0.9737229919822844
2302.8,0.9537023444955317
2303.2000000000003,0.9596321319764268
2303.6,0.8863414066724901
2304.0,0.9529985874450809
2304.4,0.9681550272067736
2304.8,0.9247850497556431
2305.2000000000003,0.9107540710046302
2305.6,1.0484451019035606
2306.0,0.8374025590349945
2306.4,0.9778126584536135
2306.8,1.0231727568974855
2307.2000000000003,0.971763798727442
2307.6,0.9867727295131359
2308.0,0.9949422311631002
2308.4,0.8242615967567246
2308.8,0.959163318039244
2309.2000000000003,0.8302503815611226
2309.6,0.8721938005542424
2310.0,0.8033539288735624
2310.4,0.9082298732129396
2310.8,0.908896617214091
2311.2000000000003,0.8047153025919791
2311.6,0.9982163051695535
2312.0,0.6551049670507497
2312.4,1.0361899567260706
2312.8,0.8257708661083654
2313.2000000000003,1.0369153518920688
2313.6,0.8507972122360727
2314.0,0.9928137738045657
2314.4,1.0670601328444975
2314.8,0.8488126721817313
2315.2000000000003,0.8899941670693124
2315.6,0.9300949966478638
2316.0,0.9042697633537207
2316.4,1.0546475309438832
2316.8,0.9449926959626064
2317.2000000000003,0.8470946021948447
2317.6,1.0587126262407234
2318.0,0.9384204583545785
2318.4,0.9763614621979656
2318.8,1.0592081346731965
2319.2000000000003,0.7779308326654899
2319.6,0.9244595261595552
2320.0,0.8450985903998156
2320.4,0.9304109344157003
2320.8,0.7383515724749592
2321.2000000000003,0.7731512086598689
2321.6,0.7052613705480364
2322.0,0.8429798659281913
2322.4,0.9240856466737647
2322.8,0.8976342665106978
2323.2000000000003,1.0399379475449955
2323.6,0.8468023367998272
2324.0,0.9485019210682949
2324.4,0.803741959782903
2324.8,0.9614765765995826
2325.2000000000003,0.8650816508325009
2325.6,1.0098780211161105
2326.0,0.7625358664759094
2326.4,0.9294777179976985
2326.8,1.0570254475195677
2327.2000000000003,1.014042670929108
2327.6,0.9353506198998645
2328.0,0.9085099657366245
2328.4,0.9036226347094277
2328.8,0.9081902692048656
2329.2000000000003,0.9567829976224346
2329.6,0.8574343079117908
2330.0,0.7843204360198812
2330.4,0.8324391915416828
2330.8,0.8752611465032101
2331.2000000000003,0.9021245303521253
2331.6,0.8252579362133194
2332.0,1.0345702106930064
2332.4,0.7211146524383827
2332.8,0.8285803984837163
2333.2000000000003,0.7846382691371667
2333.6,0.8653093314077944
2334.0,1.067297376214771
2334.4,0.9692410112063323
2334.8,0.8626951209805834
2335.2000000000003,0.9974840107406774
2335.6,0.9672876460096829
2336.0,0.8210988393741042
2336.4,1.133177280805504
2336.8,0.8471889927355598
2337.2000000000003,0.9343760577616926
2337.6,0.9144386737572286
2338.0,0.811397685317702
2338.4,0.7592472951911439
2338.8,0.9771144332093382
2339.2000000000003,0.8562059384038727
2339.6,0.9259895136226447
2340.0,0.8646756770612084
2340.4,0.852554062297278
2340.8,0.9376089487968469
2341.2000000000003,0.8297300550955934
2341.6,1.1171433225343381
2342.0,0.9059299789922339
2342.4,0.783090311655016
2342.8,0.9593406671910043
2343.2000000000003,1.0845142175797187
2343.6,0.822977248615871
2344.0,0.8515028304383419
2344.4,0.9130876121414001
2344.8,1.13629285500619
2345.2000000000003,0.7850841508168688
2345.6,0.86154314557941
2346.0,0.9494345091874812
2346.4,0.8070686598209892
2346.8,0.8534521345528221
2347.2000000000003,0.8802881736265005
2347.6,1.0354247848803535
2348.0,0.8865705156772319
2348.4,0.7055485750616973
2348.8,0.9139744575088153
2349.2000000000003,0.8042201630898667
2349.6,1.0230758462318639
2350.0,0.9486808662344413
2350.4,0.762081042005897
2350.8,0.8733458148446525
2351.2000000000003,0.8553587723358262
2351.6,1.1245871011991841
2352.0,0.9677951005925339
2352.4,0.9024174805500507
2352.8,0.908221021851931
2353.2000000000003,0.8363665829067
2353.6,0.8237828156400394
2354.0,0.9192486150236971
2354.4,0.8307552342398674
2354.8,0.9144814792800573
2355.2000000000003,0.954374499125834
2355.6,0.9796243860493463
2356.0,0.8930869856872065
2356.4,0.8184202144064867
2356.8,0.8206327558464603
2357.2000000000003,0.9823468797726613
2357.6,0.9517583139474867
2358.0,0.8291520592931162
2358.4,0.8960873370741456
2358.8,1.0217945509445494
2359.2000000000003,0.9148227580295237
2359.6,0.956141929780207
2360.0,1.0559535030596539
2360.4,0.7947710794434899
2360.8,0.8299319393725725
2361.2000000000003,0.8383345712804158
2361.6,1.1643108072577584
2362.0,0.8154380346284456
2362.4,0.8419602106988422
2362.8,0.8179387620185031
2363.2000000000003,0.8019744377508671
2363.6,1.081542131230551
2364.0,0.9818203428381951
2364.4,0.8974766451325671
2364.8,0.9268451471158466
2365.2000000000003,0.956017894117739
2365.6,0.941075407876743
2366.0,0.9715878136114933
2366.4,0.8431788244910378
2366.8,0.8422952114949218
2367.2000000000003,0.9759131495886558
2367.6,0.9812496917602304
2368.0,0.9522585708619795
2368.4,0.9383952293181786
2368.8,0.8923467326880109
2369.2000000000003,0.7942841727069334
2369.6,0.87886497259431
2370.0,1.0684444124242551
2370.4,0.8101064499976325
2370.8,0.9198521686272698
2371.2000000000003,1.0266319228667495
2371.6,0.9336122375405989
2372.0,0.7641455298970083
2372.4,0.9543878133785016
2372.8,0.8694163879607718
2373.2000000000003,1.0341454282495275
2373.6,0.9067791621094505
2374.0,0.89532304176801
2374.4,0.8184859434684233
2374.8,0.9220497354755848
2375.2000000000003,0.7273845658170306
2375.6,0.8128406328154114
2376.0,0.8795694097252054
2376.4,0.9853373493204126
2376.8,0.8205560399074201
2377.2000000000003,0.7638949467991589
2377.6,0.9649842184050799
2378.0,0.6273235849385134
2378.4,0.9098556766796673
2378.8,0.8472582709547615
2379.2000000000003,0.9381790715030092
2379.6,0.752916755190446
2380.0,0.9478979272598997
2380.4,0.9041076969799927
2380.8,1.0048275444414763
2381.2000000000003,0.8702647486982831
2381.6,0.8857037926402267
2382.0,0.9303467837447728
2382.4,0.9864558803255054
2382.8,0.8828146680739435
2383.2000000000003,0.8586467326565179
2383.6,0.7739343346762384
2384.0,0.7572402335782813
2384.4,0.8934299149215652
2384.8,0.9165401088125936
2385.2000000000003,0.9230034655814119
2385.6,0.7470732442840965
2386.0,0.9756998972153506
2386.4,0.9464414980697754
2386.8,0.7830850973555665
2387.2000000000003,1.0180797026243544
2387.6,0.8808550018699053
2388.0,0.883281560728033
2388.4,0.8738879021093021
2388.8,0.9536255453564092
2389.2000000000003,0.8436387912184834
2389.6,0.9825433713306713
2390.0,0.960865160915334
2390.4,0.9216189813930753
2390.8,0.7464497508957001
2391.2000000000003,0.9811505210853957
2391.6,0.9227745667414555
2392.0,0.9300277345443929
2392.4,1.1035137505834123
2392.8,0.7642082993007613
2393.2000000000003,0.9020803024433739
2393.6,0.8784258837189785
2394.0,0.9617807660228018
2394.4,0.759045140743801
2394.8,0.7993798959875432
2395.2000000000003,0.7651704334698356
2395.6,1.0407553382934835
2396.0,1.0343294107704544
2396.4,0.8918066080673734
2396.8,1.0078675031541557
2397.2000000000003,1.038267101544955
2397.6,0.744202526938742
2398.0,0.9296333602843614
2398.4,0.9498091530419686
2398.8,0.8689575161037153
2399.2000000000003,0.8836041606358108
2399.6,0.8762669722216287
2400.0,0.885779801137017
2400.4,1.1073600746286623
2400.8,1.0672524813379403
2401.2000000000003,0.9845244608998384
2401.6,0.9164040948917386
2402.0,1.1089343451328004
2402.4,0.9825520396395017
2402.8,1.095711814739205
2403.2000000000003,0.9175797255138435
2403.6,0.8327075891010717
2404.0,1.1132203567755068
2404.4,0.9723320010881077
2404.8,0.8300961835526828
2405.2000000000003,0.8196916321790539
2405.6,0.8939393990968203
2406.0,0.7611213463947881
2406.4,0.7817144070266144
2406.8,0.9657374447102125
2407.2000000000003,0.7492049978531877
2407.6,0.952003473249249
2408.0,0.9218495434423082
2408.4,0.9404386027120365
2408.8,0.8269821293129294
2409.2000000000003,0.821453935387418
2409.6,1.0318628666098646
2410.0,1.0605174645957895
2410.4,0.9652967746750695
2410.8,0.905361931028104
2411.2000000000003,0.8630734526884608
2411.6,0.9026425563628561
2412.0,0.8801068896010712
2412.4,1.0630235252524387
2412.8,0.9530402240146469
2413.2000000000003,0.8136602326772969
2413.6,0.8949535959967976
2414.0,0.7869857475618676
2414.4,0.885990821559395
2414.8,0.824516679070682
2415.2000000000003,0.8900923718047161
2415.6,0.9086323512087675
2416.0,0.9547207837001361
2416.4,0.796806469569399
2416.8,0.8815589775794642
2417.2000000000003,0.946089641437559
2417.6,0.8321099100655924
2418.0,0.8410830808376558
2418.4,0.9773514626728396
2418.8,0.8994094515974528
2419.2000000000003,0.9272870919612651
2419.6,1.0238033603426009
2420.0,0.7466749385864755
2420.4,0.832561524830691
2420.8,0.7497891739210392
2421.2000000000003,0.8492866818316109
2421.6,0.8558867744986
2422.0,0.9475605848358468
2422.4,0.9006652629383645
2422.8,1.115594473858868
2423.2000000000003,0.9803277293221473
2423.6,0.8111521638031574
2424.0,1.0567010014556502
2424.4,1.1106860030252848
2424.8,0.7989117640243133
2425.2000000000003,0.8551566314255221
2425.6,1.0358032432754198
2426.0,0.7949783760152386
2426.4,0.8818623614237335
2426.8,0.9148684226392261
2427.2000000000003,0.9874484543774844
2427.6,0.7632004457770134
2428.0,0.8363972865389857
2428.4,0.8740720700506549
2428.8,0.859031332798954
2429.2000000000003,1.0429758492271062
2429.6,1.0399143207282087
2430.0,0.8852345261693811
2430.4,0.9401433933081604
2430.8,0.9454630716922053
2431.2000000000003,0.8765217432220223
2431.6,0.9428096797895555
2432.0,0.9415117590145095
2432.4,1.133402148300105
2432.8,0.7272305326908037
2433.2000000000003,1.0787155005669544
2433.6,1.011456151792316
2434.0,0.803660211882959
2434.4,0.9584424372259042
2434.8,0.9026948707366622
2435.2000000000003,0.9487590373021287
2435.6,1.0164805184099754
2436.0,1.0151586984066443
2436.4,0.930656562633153
2436.8,0.9777749060622959
2437.2000000000003,1.0282373705118584
2437.6,1.025366877269613
2438.0,0.9893935919628384
2438.4,1.0343716621463326
2438.8,0.8380305415483877
2439.2000000000003,0.8267825345116475
2439.6,1.086121587475037
2440.0,0.9888343765464412
2440.4,1.0007426095820837
2440.8,0.9404919522102941
2441.2000000000003,1.0862126635674954
2441.6,0.9803648647486972
2442.0,0.8726378780706971
2442.4,0.8247717309883545
2442.8,0.8739213291339233
2443.2000000000003,0.7693882364808295
2443.6,0.8928319658402771
2444.0,0.6962766560814013
2444.4,0.8994047114084219
2444.8,0.9224509162137571
2445.2000000000003,0.9046189766038559
2445.6,0.8802341969518322
2446.0,0.9343664685067298
2446.4,1.2597575886360535
2446.8,0.9484916042796334
2447.2000000000003,0.8113594521467531
2447.6,0.8113213282148614
2448.0,0.8293517719225573
2448.4,1.0038076642815095
2448.8,0.8029485368165512
2449.2000000000003,0.9987226330607956
2449.6,1.0153266499603895
2450.0,0.9568032747296608
2450.4,0.8036724350054903
2450.8,0.913351535642905
2451.2000000000003,0.988222355735588
2451.6,0.8808542751230661
2452.0,0.9402340132821979
2452.4,0.8717020099311148
2452.8,1.000748005112758
2453.2000000000003,1.0024354107586706
2453.6,0.8319398974180975
2454.0,0.7621884110510658
2454.4,0.9289115736037878
2454.8,0.8252523490813156
2455.2000000000003,0.794146089256914
2455.6,0.8757103331796456
2456.0,0.9844898593241856
2456.4,1.1031457785420027
2456.8,0.6610942095630779
2457.2000000000003,0.9570172916076272
2457.6000000000004,1.0120354259467406
2458.0,0.9399530823601715
2458.4,1.0166188663467088
2458.8,0.9879075541780535
2459.2000000000003,0.915267113168903
2459.6000000000004,1.026694702596312
2460.0,0.8320989552580003
2460.4,1.1910749789358857
2460.8,0.7699673979135366
2461.2000000000003,0.9571664042501757
2461.6000000000004,0.9263066899744387
2462.0,1.0665111959974967
2462.4,0.8924464062527928
2462.8,0.9764405328037964
2463.2000000000003,0.8107736364450614
2463.6000000000004,0.723773688948542
2464.0,0.9809311463939483
2464.4,0.9932155763921926
2464.8,0.9537761378535852
2465.2000000000003,0.8185562508615906
2465.6000000000004,0.993482272507782
2466.0,0.9552200353598364
2466.4,1.007533187576286
2466.8,0.9790075026373399
2467.2000000000003,0.9320227474226682
2467.6000000000004,0.7896705451621072
2468.0,0.8372908478115769
2468.4,0.8787455130784501
2468.8,1.005475649739088
2469.2000000000003,0.8200758567051186
2469.6000000000004,1.187486637983784
2470.0,0.8644414210565925
2470.4,1.0422638570182994
2470.8,0.9512340683845898
2471.2000000000003,0.9621565950383386
2471.6000000000004,0.8014364227381119
2472.0,0.9212498806699888
2472.4,0.9417485437971417
2472.8,1.0244726312793437
2473.2000000000003,0.8354488661218522
2473.6000000000004,0.9901624687595143
2474.0,1.1313232169033511
2474.4,0.8573845744984642
2474.8,0.984539164842422
2475.2000000000003,1.029032419888828
2475.6000000000004,0.8466055302850218
2476.0,1.0445200704666222
2476.4,1.0067649678662096
2476.8,0.9033456276762002
2477.2000000000003,1.0362751451969854
2477.6000000000004,0.9284882478579277
2478.0,0.9252696333027535
2478.4,0.8081330218788806
2478.8,1.1092973332745713
2479.2000000000003,0.9345739353100562
2479.6000000000004,0.8577373986570023
2480.0,1.0276862571997951
2480.4,0.8525544689092669
2480.8,1.0447768240321915
2481.2000000000003,0.9148252145444582
2481.6000000000004,0.926095587178244
2482.0,0.9819700874685499
2482.4,0.8343012391116382
2482.8,1.0602521651145285
2483.2000000000003,1.2034005686444096
2483.6000000000004,0.9681970110710363
2484.0,0.75823077986284
2484.4,1.0541838590016481
2484.8,0.8577666480532524
2485.2000000000003,1.0531285225212583
2485.6000000000004,0.987660373891227
2486.0,0.7780181423507394
2486.4,0.9083014493610788
2486.8,0.6155792077640037
2487.2000000000003,0.7833602070437273
2487.6000000000004,0.8241254556878551
2488.0,1.0802340768534278
2488.4,0.9853604753776514
2488.8,0.9023939012819289
2489.2000000000003,0.9793387536952243
2489.6000000000004,0.860022061960676
2490.0,0.9116296487397348
2490.4,0.908908819334149
2490.8,0.6976136110572086
2491.2000000000003,1.131728474498669
2491.6000000000004,0.8411241920064862
2492.0,1.0521042635104192
2492.4,1.0285893179702785
2492.8,0.8814377281724848
2493.2000000000003,0.8640838700005972
2493.6000000000004,0.8505865053317558
2494.0,1.2214720142750142
2494.4,1.0212803261112589
2494.8,1.1289182476022688
2495.2000000000003,0.9739813409844399
2495.6000000000004,1.0431107308025
2496.0,0.9764052485221555
2496.4,0.779155434139341
2496.8,0.9502543534744077
2497.2000000000003,0.9440435562725858
2497.6000000000004,1.1268336801393632
2498.0,0.8820318423699082
2498.4,0.839914451197008
2498.8,0.7893358959240411
2499.2000000000003,0.9434044022899066
2499.6000000000004,1.0209856283287615
2500.0,0.9199694604823859
2500.4,0.9095160547320941
2500.8,1.0061440558025705
2501.2000000000003,0.7682125410717672
2501.6000000000004,1.0617507546905411
2502.0,0.9453435418198121
2502.4,0.9580703085569602
2502.8,0.9596301046633693
2503.2000000000003,1.071723455403696
2503.6000000000004,1.02940744835174
2504.0,0.97843784194165
2504.4,1.0333107493262048
2504.8,0.7074805436606514
2505.2000000000003,1.0307247108900182
2505.6000000000004,0.7717388901153283
2506.0,0.9295552628965221
2506.4,0.9691480771443195
2506.8,1.015291234231028
2507.2000000000003,0.9448876679426154
2507.6000000000004,0.8909471435920125
2508.0,1.1374971511924339
2508.4,0.9889462993973026
2508.8,1.18703952869128
2509.2000000000003,0.9254697485972783
2509.6000000000004,1.0607615304448177
2510.0,0.9576157181178192
2510.4,0.9918722315285923
2510.8,0.9740754838100939
2511.2000000000003,0.9557770857013502
2511.6000000000004,0.793064957733504
2512.0,0.8064973301394678
2512.4,0.9876060052024355
2512.8,0.9074260218091517
2513.2000000000003,0.967699354925955
2513.6000000000004,0.996620892925668
2514.0,0.8206156065488307
2514.4,1.0759838679207965
2514.8,0.7944022267840587
2515.2000000000003,0.9684188313388947
2515.6000000000004,1.0563978357304251
2516.0,0.9914025474438505
2516.4,0.997802973130905
2516.8,1.1276405495076691
2517.2000000000003,0.8319905193017392
2517.6000000000004,0.8551496364842671
2518.0,0.8799501456948053
2518.4,0.8824266238312153
2518.8,0.9331497836978846
2519.2000000000003,1.052744016323113
2519.6000000000004,0.9827232551122712
2520.0,1.0544300068265617
2520.4,1.0038537768131222
2520.8,0.9923493641268688
2521.2000000000003,1.0379863562348608
2521.6000000000004,0.964807096111978
2522.0,0.9657705765565303
2522.4,0.9065068661423905
2522.8,1.0659021243837572
2523.2000000000003,0.9452613081287977
2523.6000000000004,0.9174266833127055
2524.0,0.9834123936153017
2524.4,1.017386249825745
2524.8,1.0501741982632007
2525.2000000000003,0.8646664717292313
2525.6000000000004,0.9632655685590992
2526.0,1.0117278273135835
2526.4,0.9148211710740389
2526.8,0.7357096662607971
2527.2000000000003,1.0030074085418315
2527.6000000000004,0.9884789951946926
2528.0,1.0851125590349444
2528.4,1.0072751664666773
2528.8,0.918760391911953
2529.2000000000003,0.9574951562780547
2529.6000000000004,0.9005921022870013
2530.0,0.9631232048213976
2530.4,0.7910156478125314
2530.8,1.1114534543252386
2531.2000000000003,1.018260937568211
2531.6000000000004,0.8528090847961379
2532.0,1.2137345186414241
2532.4,1.0880088430003576
2532.8,1.0891362647167202
2533.2000000000003,0.9325964701165445
2533.6000000000004,0.8659522759700221
2534.0,0.8570206980335039
2534.4,0.863336704828155
2534.8,0.8599416838112868
2535.2000000000003,0.7985991711799288
2535.6000000000004,0.9574917392907469
2536.0,0.9061468377996916
2536.4,0.870198759913494
2536.8,1.0827864463497296
2537.2000000000003,1.030936722549229
2537.6000000000004,0.9221717920021711
2538.0,0.9595332617598711
2538.4,0.9610163170442014
2538.8,0.8847562470490477
2539.2000000000003,1.047804950846107
2539.6000000000004,0.8764589631513741
2540.0,0.847468568935102
2540.4,0.9423585569984178
2540.8,1.0490515446911821
2541.2000000000003,1.0028719824587489
2541.6000000000004,0.9996542420546681
2542.0,0.9143111259052357
2542.4,0.9431106765189899
2542.8,0.8842437089504449
2543.2000000000003,0.9778161435632337
2543.6000000000004,0.8846162002504533
2544.0,0.9191547537600037
2544.4,0.9305008520641621
2544.8,0.9066744749228983
2545.2000000000003,0.7622689628609257
2545.6000000000004,0.7214018159336709
2546.0,0.9036970620469011
2546.4,0.9613760727709553
2546.8,0.9357232749044874
2547.2000000000003,1.0448010897292686
2547.6000000000004,0.87005298462846
2548.0,1.0575070799902413
2548.4,0.9490424510218471
2548.8,0.9658200028812037
2549.2000000000003,0.9474950142836819
2549.6000000000004,0.9792678810521229
2550.0,0.9592765581712837
2550.4,1.0700043937545711
2550.8,0.9636073811678681
2551.2000000000003,0.9910019695369863
2551.6000000000004,0.8878693721352597
2552.0,0.9821675545368892
2552.4,1.1093316721112145
2552.8,0.8038412015180132
2553.2000000000003,0.9424066208794561
2553.6000000000004,0.8281568790318907
2554.0,0.9811804927541681
2554.4,0.9149687872072001
2554.8,1.0072583614789967
2555.2000000000003,0.9211282612337702
2555.6000000000004,0.985496554813824
2556.0,0.9402488127034824
2556.4,1.1255027560110902
2556.8,0.931985728271081
2557.2000000000003,1.124626513433771
2557.6000000000004,0.9248587700836051
2558.0,0.9022139437389969
2558.4,1.0171917764632097
2558.8,0.8257084012872065
2559.2000000000003,0.9316253463865592
2559.6000000000004,0.7221376845297347
2560.0,1.0111272977523837
2560.4,1.051853199545832
2560.8,0.968083097276309
2561.2000000000003,1.0932768577628817
2561.6000000000004,0.9871925866166866
2562.0,1.201240263777052
2562.4,0.793217433399156
2562.8,1.1338997126418062
2563.2000000000003,1.0040519843785414
2563.6000000000004,0.9698177864427721
2564.0,0.8507694085385544
2564.4,0.8790387832812495
2564.8,0.8443705749604049
2565.2000000000003,0.9516359447970482
2565.6000000000004,1.0390545482269604
2566.0,0.9216647010042653
2566.4,0.9073244946322333
2566.8,0.9673764903248904
2567.2000000000003,1.0368044009141444
2567.6000000000004,1.081338307661969
2568.0,0.9599276760099018
2568.4,0.7515735185318615
2568.8,0.9319098249031459
2569.2000000000003,1.0205820676386665
2569.6000000000004,0.8811073573636102
2570.0,0.9654197710069652
2570.4,1.105446536756188
2570.8,0.7669855150174643
2571.2000000000003,0.8442062705617849
2571.6000000000004,0.9773112691675281
2572.0,0.8958488453485297
2572.4,0.9877992362859828
2572.8,0.7567074964322712
2573.2000000000003,0.9259031845382037
2573.6000000000004,1.0794208529024225
2574.0,1.1217997689447317
2574.4,1.0661246340037631
2574.8,1.0276591533804564
2575.2000000000003,0.9996123623710141
2575.6000000000004,1.107654243677883
2576.0,1.0367840400657407
2576.4,0.9807742993832946
2576.8,1.112585819799714
2577.2000000000003,1.0106040627944597
2577.6000000000004,0.8482544887314865
2578.0,1.065491537789627
2578.4,1.0057993704965897
2578.8,1.0037853795516263
2579.2000000000003,0.9990646834105719
2579.6000000000004,1.1616488251696007
2580.0,0.9363747495690617
2580.4,0.9841900718864112
2580.8,0.8706681547796934
2581.2000000000003,1.009383584359422
2581.6000000000004,0.9097196311410528
2582.0,1.0708819732961996
2582.4,0.7773685763458764
2582.8,0.9483638891142243
2583.2000000000003,1.0594967639536044
2583.6000000000004,0.8927499292478025
2584.0,0.8209673645772303
2584.4,1.077776553384514
2584.8,0.8898394288995303
2585.2000000000003,0.9182604786252347
2585.6000000000004,0.9839600159666118
2586.0,0.9622735964746718
2586.4,0.9802762419711657
2586.8,0.9389526448226553
2587.2000000000003,1.1251591682959565
2587.6000000000004,0.9690448577746923
2588.0,0.8360390406751117
2588.4,0.8985148462628403
2588.8,0.9877548702494054
2589.2000000000003,0.9642198066645409
2589.6000000000004,0.8171219566849304
2590.0,0.7806668915261417
2590.4,0.9055601994225546
2590.8,0.9456419207494527
2591.2000000000003,0.9994513077647535
2591.6000000000004,0.9421715969902239
2592.0,1.015475195223724
2592.4,0.774047970175516
2592.8,0.9066021383874502
2593.2000000000003,0.9468362389640332
2593.6000000000004,1.028516186054115
2594.0,0.8630874897385055
2594.4,0.9787089274720315
2594.8,0.9469964846077118
2595.2000000000003,1.0194062331762386
2595.6000000000004,1.2210706277911503
2596.0,0.9965025025404826
2596.4,1.0454284975309345
2596.8,0.8915302023891456
2597.2000000000003,0.9268872276385682
2597.6000000000004,0.8285398307810057
2598.0,1.0028995368898206
2598.4,1.1480665300834152
2598.8,0.9634491012417603
2599.2000000000003,1.057310839141924
2599.6000000000004,0.8240870735563371
2600.0,1.146018195812894
2600.4,1.0872472636880695
2600.8,1.0253315502273328
2601.2000000000003,1.0034333267528854
2601.6000000000004,1.0623042383577417
2602.0,1.0070982604249366
2602.4,0.9935797877280566
2602.8,1.0661993941663594
2603.2000000000003,0.8971961051265277
2603.6000000000004,0.9633154624435158
2604.0,1.0590997594782938
2604.4,1.0529932942245108
2604.8,0.8822755912363907
2605.2000000000003,1.089367834620445
2605.6000000000004,0.908886165063812
2606.0,1.1125683308798002
2606.4,1.044690106780307
2606.8,0.8505491623249395
2607.2000000000003,0.9597629480297244
2607.6000000000004,0.9418819556604362
2608.0,0.9886528900361474
2608.4,0.7507717279583991
2608.8,0.9347217294662407
2609.2000000000003,0.8592230058555479
2609.6000000000004,0.9551244423287468
2610.0,0.92797507791447
2610.4,0.8076197097641945
2610.8,1.0412952754915163
2611.2000000000003,0.7988543289662864
2611.6000000000004,1.1608140715614008
2612.0,1.0518791793857445
2612.4,1.050987408574113
2612.8,0.9362753225039828
2613.2000000000003,0.9322091179648329
2613.6000000000004,1.0559622135496025
2614.0,0.9845264439497152
2614.4,1.1833984548979855
2614.8,0.9883193258091195
2615.2000000000003,0.9196988955953698
2615.6000000000004,0.9723506389882159
2616.0,1.1183158925451855
2616.4,0.9988343699242096
2616.8,0.9422323446318766
2617.2000000000003,0.8954837012060389
2617.6000000000004,0.923143943285275
2618.0,1.092096691535334
2618.4,1.0128878376516313
2618.8,0.8982181213073559
2619.2000000000003,1.0957613354109013
2619.6000000000004,0.9188854760531041
2620.0,1.2417841842126793
2620.4,1.0139015866015675
2620.8,0.8552498044009228
2621.2000000000003,0.8777363030571693
2621.6000000000004,1.0284089888205794
2622.0,1.0219595401410106
2622.4,0.9506062214409184
2622.8,1.0504660300862705
2623.2000000000003,0.9459789588701284
2623.6000000000004,0.9392675316277994
2624.0,1.06396091465307
2624.4,0.9991986429732027
2624.8,0.916584067660276
2625.2000000000003,1.1719451839477397
2625.6000000000004,1.0698846355218525
2626.0,0.8224261676120066
2626.4,0.893226558932262
2626.8,0.8930045162435584
2627.2000000000003,0.9680179058111155
2627.6000000000004,0.8663793646286835
2628.0,0.9887154170550161
2628.4,0.8043645784926362
2628.8,0.9609297370433447
2629.2000000000003,0.9881593625701084
2629.6000000000004,0.9681068957272054
2630.0,0.9103601126679177
2630.4,1.0606694515299944
2630.8,0.9028661466299202
2631.2000000000003,1.2307199072068784
2631.6000000000004,1.0706228712644381
2632.0,1.0080756968898552
2632.4,0.9001958531487904
2632.8,0.997324792576766
2633.2000000000003,0.9468190535606419
2633.6000000000004,0.9190915884228807
2634.0,0.8822935998244319
2634.4,0.8684398796922843
2634.8,0.9068697364748839
2635.2000000000003,1.1697889927245773
2635.6000000000004,0.8935407535685431
2636.0,1.120706147487562
2636.4,0.9694924606115297
2636.8,1.087178850233307
2637.2000000000003,0.9477379672194487
2637.6000000000004,1.0768444426508044
2638.0,0.8993602065111844
2638.4,0.8918046848255156
2638.8,1.0007997806264592
2639.2000000000003,0.9967527703978709
2639.6000000000004,0.8465369660242429
2640.0,0.9349190137995427
2640.4,0.8375682407821178
2640.8,0.9882565087645079
2641.2000000000003,1.0837771541374366
2641.6000000000004,0.9623579511221705
2642.0,0.9759085416569413
2642.4,0.9728382312036323
2642.8,0.9791835645618446
2643.2000000000003,1.0244630409494673
2643.6000000000004,1.032312554403838
2644.0,1.0498131210163737
2644.4,0.9319721364296462
2644.8,0.9489974954068493
2645.2000000000003,1.0256206951247406
2645.6000000000004,1.1560072481627919
2646.0,0.9861616201456612
2646.4,1.135141165872114
2646.8,0.9902404245795322
2647.2000000000003,0.9187417546479564
2647.6000000000004,0.976771212474446
2648.0,0.8238282999142814
2648.4,0.8325706132472992
2648.8,0.8839823430287812
2649.2000000000003,1.0034281396256364
2649.6000000000004,0.9627513970299972
2650.0,0.9143411109219961
2650.4,0.9806564724683366
2650.8,1.012323148777598
2651.2000000000003,0.9142943930125526
2651.6000000000004,0.98428204043261
2652.0,1.1003973776420437
2652.4,0.9210734735667092
2652.8,0.8281694050311201
2653.2000000000003,0.7808820309249183
2653.6000000000004,1.1085907194965519
2654.0,0.847862929477351
2654.4,1.0987140776304924
2654.8,1.0629363169685908
2655.2000000000003,1.085288309172036
2655.6000000000004,0.9708286034100216
2656.0,0.8810699369837849
2656.4,1.0845725658202934
2656.8,0.8094665241289688
2657.2000000000003,0.960880748055714
2657.6000000000004,1.1294788440402306
2658.0,1.0088682455028017
2658.4,0.9178579681788082
2658.8,0.8998016093622256
2659.2000000000003,0.9534625540808712
2659.6000000000004,0.8062330502776651
2660.0,1.1404747215293796
2660.4,0.7971426499240841
2660.8,0.8868528734129655
2661.2000000000003,0.8426500961292814
2661.6000000000004,1.059553193811217
2662.0,0.9204062784294125
2662.4,0.9890526877161852
2662.8,1.0651319821412308
2663.2000000000003,0.8946835272799902
2663.6000000000004,1.1111685286329716
2664.0,0.9521998433932483
2664.4,0.9883219806190127
2664.8,0.8076556106224676
2665.2000000000003,1.0289538438147012
2665.6000000000004,1.1792300899042838
2666.0,0.7257609490406367
2666.4,0.9166270760930901
2666.8,1.027770409879691
2667.2000000000003,0.9227192593472715
2667.6000000000004,1.1203783667288103
2668.0,1.1286728836240447
2668.4,0.9041591628912202
2668.8,0.9723478340791589
2669.2000000000003,1.002623049442942
2669.6000000000004,1.0056129342749869
2670.0,1.023572048896885
2670.4,1.0798290127229422
2670.8,1.099596513274824
2671.2000000000003,0.9147495709806488
2671.6000000000004,0.9059775875310873
2672.0,0.9140989190984679
2672.4,0.7418257706417558
2672.8,0.9389398209063893
2673.2000000000003,0.8868814358198169
2673.6000000000004,0.8737763640427421
2674.0,1.0862284939904836
2674.4,0.9528135990633566
2674.8,0.9937285298386154
2675.2000000000003,0.8823047625918363
2675.6000000000004,1.061313759638566
2676.0,0.9898305504483419
2676.4,1.0371247024570525
2676.8,0.9192939110080587
2677.2000000000003,1.0600084698384231
2677.6000000000004,1.0776115135453426
2678.0,0.9030618907077537
2678.4,0.9039041643150619
2678.8,0.8591199457520713
2679.2000000000003,1.0053279970178803
2679.6000000000004,1.0707416647554644
2680.0,1.1216902667374948
2680.4,1.0060972420651624
2680.8,1.0999159357148183
2681.2000000000003,0.9721163560391066
2681.6000000000004,0.9210528372206604
2682.0,1.2063345206661573
2682.4,1.0175729753230502
2682.8,1.2132749103238651
2683.2000000000003,1.0134516664820972
2683.6000000000004,1.0163823736390118
2684.0,0.8920412067079436
2684.4,0.9223132040014236
2684.8,1.0518183745327894
2685.2000000000003,1.0541540189714385
2685.6000000000004,0.911023583837862
2686.0,1.05583635358225
2686.4,1.1365670546057531
2686.8,1.1182292553557955
2687.2000000000003,0.8153914190001288
2687.6000000000004,1.0321128492537768
2688.0,1.1477222133814893
2688.4,1.1564693812346774
2688.8,0.8850953780792225
2689.2000000000003,0.8981612367474394
2689.6000000000004,0.9601684303807481
2690.0,1.0824723156680662
2690.4,0.9171968697504123
2690.8,0.9263889883597214
2691.2000000000003,1.0787598036145079
2691.6000000000004,0.9872066521039773
2692.0,1.120968164780142
2692.4,1.1754008765153174
2692.8,1.165040287104172
2693.2000000000003,1.0207801877254896
2693.6000000000004,1.1177398757888528
2694.0,0.9347448606353628
2694.4,0.9806063306923783
2694.8,1.147112344280413
2695.2000000000003,1.0819377724431676
2695.6000000000004,0.9679798737540619
2696.0,0.8645519181377834
2696.4,1.0077252670460273
2696.8,1.128402482260748
2697.2000000000003,1.0961307183124964
2697.6000000000004,1.1449331506778655
2698.0,1.1510288065391352
2698.4,0.7946791786572703
2698.8,1.106672613795434
2699.2000000000003,0.844568480351831
2699.6000000000004,0.9181666558464199
2700.0,0.9686874708059099
2700.4,0.820949748303055
2700.8,0.9389401028116785
2701.2000000000003,1.1311391623212788
2701.6000000000004,1.136953028868806
2702.0,0.9010646461576919
2702.4,0.9547474103772398
2702.8,0.8913606460054215
2703.2000000000003,1.0039394142600908
2703.6000000000004,1.1922639475725856
2704.0,1.097037205282065
2704.4,1.0446992300164097
2704.8,0.9146494439080999
2705.2000000000003,0.8876285896159347
2705.6000000000004,1.023106562361125
2706.0,1.0984958745262214
2706.4,1.0342775073310957
2706.8,0.8326774528031191
2707.2000000000003,0.9692000662049298
2707.6000000000004,0.9630208770728975
2708.0,1.0472048031277075
2708.4,0.9292275056545449
2708.8,0.7767808543124867
2709.2000000000003,1.0716359407341873
2709.6000000000004,0.8490196944177506
2710.0,0.9715482792351133
2710.4,1.1062772570630384
2710.8,1.030357479488402
2711.2000000000003,0.8579060522028963
2711.6000000000004,0.7491526880792408
2712.0,1.0750863331183338
2712.4,1.1477031143067866
2712.8,1.071383049712543
2713.2000000000003,1.072275783085734
2713.6000000000004,0.9463807276219949
2714.0,1.0822074072387422
2714.4,1.1296198314379045
2714.8,1.2091214045359657
2715.2000000000003,0.914310195313378
2715.6000000000004,1.075295759400485
2716.0,0.9806195006897678
2716.4,1.2118982159966953
2716.8,1.0861544723957082
2717.2000000000003,1.0206662740468637
2717.6000000000004,1.0333153656828986
2718.0,1.0877134875683854
2718.4,1.1059368904139368
2718.8,0.8921095967818614
2719.2000000000003,0.8834585483979257
2719.6000000000004,1.0992329940122492
2720.0,1.047358059077245
2720.4,1.0993413024280272
2720.8,1.006632715598602
2721.2000000000003,0.8400041241537805
2721.6000000000004,1.0810797199785622
2722.0,1.0200162771365606
2722.4,0.969403179690628
2722.8,0.9534694315495128
2723.2000000000003,1.0408069986046182
2723.6000000000004,1.2099202448452504
2724.0,0.9570502951226887
2724.4,1.0625395829464128
2724.8,1.0951772852840198
2725.2000000000003,1.0778266503523715
2725.6000000000004,0.9625109653593766
2726.0,1.0775043828528084
2726.4,1.1833526941740207
2726.8,0.9708232705808524
2727.2000000000003,0.9685425208013742
2727.6000000000004,0.9241674691885833
2728.0,1.1544324719419017
2728.4,1.1290793037404458
2728.8,0.9672171396126088
2729.2000000000003,1.1136109806160819
2729.6000000000004,1.0746286791850654
2730.0,1.0880828141900252
2730.4,1.0032405128650708
2730.8,1.1527273770497062
2731.2000000000003,1.154575048586151
2731.6000000000004,1.0059684584215784
2732.0,0.8849309007388118
2732.4,0.9448565568102985
2732.8,1.027158592030141
2733.2000000000003,0.9490810570168949
2733.6000000000004,1.0344465948027335
2734.0,0.8918620792016239
2734.4,0.9667541027400938
2734.8,0.9575284026668919
2735.2000000000003,0.9015574348228328
2735.6000000000004,0.8705252556160117
2736.0,0.9754144968824945
2736.4,1.155983373196401
2736.8,1.1347850538431112
2737.2000000000003,0.9952874885874092
2737.6000000000004,1.0383802383854315
2738.0,0.952345579978982
2738.4,0.9298122050541895
2738.8,0.873222239286166
2739.2000000000003,0.8381243041884969
2739.6000000000004,1.002055987932519
2740.0,1.1541023559274328
2740.4,0.9970296360414956
2740.8,1.0732420220702266
2741.2000000000003,1.0797379317968638
2741.6000000000004,1.1119459738847468
2742.0,0.9307431158217454
2742.4,0.9841047150330245
2742.8,1.0878996964240997
2743.2000000000003,1.1065337803195199
2743.6000000000004,1.10078571064778
2744.0,1.188076059253594
2744.4,0.9669814833059303
2744.8,1.0768419116775727
2745.2000000000003,1.0598833107525494
2745.6000000000004,1.0439989138162022
2746.0,1.135176033301416
2746.4,1.203250323517295
2746.8,0.9076705512866703
2747.2000000000003,0.978404090002989
2747.6000000000004,0.8445950387766842
2748.0,0.9949723385132864
2748.4,0.960671081976794
2748.8,0.8748804780800727
2749.2000000000003,1.015982360880728
2749.6000000000004,1.0289797903421687
2750.0,1.1436741310823857
2750.4,0.986637433956436
2750.8,0.9132990671591659
2751.2000000000003,1.0346635680516452
2751.6000000000004,0.9016352434773107
2752.0,0.9170393729927828
2752.4,1.0217783361890207
2752.8,0.878584412452331
2753.2000000000003,0.9519844136646348
2753.6000000000004,0.9564860212997461
2754.0,0.9747852867192337
2754.4,0.9989788717916458
2754.8,0.8707999854854119
2755.2000000000003,0.964049079924748
2755.6000000000004,0.9522806923565839
2756.0,0.972050617843244
2756.4,1.0664926736039235
2756.8,0.9775550321540627
2757.2000000000003,0.9035434019435145
2757.6000000000004,1.138031061774245
2758.0,1.0583349943631402
2758.4,1.1134171286070569
2758.8,1.037329856153273
2759.2000000000003,0.8374411230723895
2759.6000000000004,0.9564455890678916
2760.0,0.882068374183309
2760.4,1.1461489759777896
2760.8,0.9718748394654014
2761.2000000000003,1.1178255283211986
2761.6000000000004,1.0519380176057072
2762.0,1.0310062730631946
2762.4,0.8406100953089112
2762.8,0.8647249413543321
2763.2000000000003,0.7614082983171508
2763.6000000000004,0.9757298248071207
2764.0,1.0796691899736657
2764.4,1.0598871214375667
2764.8,1.0858238597669456
2765.2000000000003,0.9829406406056054
2765.6000000000004,0.9349052323899938
2766.0,1.1726055499924888
2766.4,0.8453800412237886
2766.8,1.2422279107820942
2767.2000000000003,0.9019723284197833
2767.6000000000004,0.7335024294704411
2768.0,0.9787967064908147
2768.4,1.1129037356321196
2768.8,1.0582233954209455
2769.2000000000003,1.2786662856071667
2769.6000000000004,1.0222372674427629
2770.0,0.8747230621841764
2770.4,0.9231885201525063
2770.8,0.6565171619718864
2771.2000000000003,0.9009212564972728
2771.6000000000004,0.9725854081538156
2772.0,1.130671710575218
2772.4,1.031863175826704
2772.8,0.987141734482415
2773.2000000000003,1.0725202050824694
2773.6000000000004,1.0336856912283812
2774.0,1.1343732988385489
2774.4,1.044444143264683
2774.8,1.104369622203412
2775.2000000000003,1.0738322718044473
2775.6000000000004,0.9253073820608627
2776.0,0.9965163032016671
2776.4,1.0954967878677295
2776.8,0.9327699203162185
2777.2000000000003,0.9608214508364441
2777.6000000000004,1.1359757605247016
2778.0,1.0993331643735436
2778.4,1.0295791334140707
2778.8,1.1124284982403574
2779.2000000000003,0.9439174670545762
2779.6000000000004,1.0593493493812125
2780.0,0.9399067369928353
2780.4,0.9325146661540117
2780.8,1.0590387956202643
2781.2000000000003,0.9347746952527648
2781.6000000000004,0.9940484602980908
2782.0,1.0589619136071973
2782.4,1.0465086875834213
2782.8,0.9058469227802967
2783.2000000000003,0.9112804332662326
2783.6000000000004,0.876397492722924
2784.0,0.9484902765653812
2784.4,1.1086455481373907
2784.8,1.1156190093513965
2785.2000000000003,1.1308282720201166
2785.6000000000004,1.0580451043313253
2786.0,0.9104849979938641
2786.4,0.9371189763068879
2786.8,1.0202781041610638
2787.2000000000003,0.8968419455948573
2787.6000000000004,0.9148058737209964
2788.0,0.9966833555783954
2788.4,1.1035107205424002
2788.8,0.9264052802425242
2789.2000000000003,1.0102747142945783
2789.6000000000004,0.9705259094241017
2790.0,0.9480654407527106
2790.4,0.9197359655930932
2790.8,1.07662689420893
2791.2000000000003,1.032650714837751
2791.6000000000004,0.9004004004647586
2792.0,0.8690816764673265
2792.4,0.8820215023024758
2792.8,0.9595015977538635
2793.2000000000003,1.0464690001173478
2793.6000000000004,1.0367276594608361
2794.0,1.1289348379556772
2794.4,0.9914983631698427
2794.8,0.9799329231657921
2795.2000000000003,1.101019181619844
2795.6000000000004,1.1550638619224893
2796.0,0.9824822374801451
2796.4,1.0018074950557418
2796.8,0.9816336167985275
2797.2000000000003,0.9754051479650847
2797.6000000000004,1.2486553270912908
2798.0,0.9389021069671375
2798.4,0.9567002764276898
2798.8,1.0278484646991792
2799.2000000000003,1.056600347280481
2799.6000000000004,1.0633808796356694
2800.0,1.1489304489722116
2800.4,1.1827111360228673
2800.8,0.9003683373082814
2801.2000000000003,1.0782038345514797
2801.6000000000004,0.951444077419557
2802.0,1.1854786132994575
2802.4,0.8455290294975113
2802.8,1.043194602438383
2803.2000000000003,1.0423860058803007
2803.6000000000004,1.2234787698417566
2804.0,0.9349742819767732
2804.4,1.025229225033322
2804.8,1.2523978885453433
2805.2000000000003,0.9996118657107513
2805.6000000000004,1.1928647253870646
2806.0,0.970135897986511
2806.4,1.0635507402859872
2806.8,1.1802256932491035
2807.2000000000003,1.157776453518068
2807.6000000000004,1.085343377415226
2808.0,0.9585296085418327
2808.4,1.0970360849236154
2808.8,0.9215512414585625
2809.2000000000003,0.9666447332224543
2809.6000000000004,1.080612540175038
2810.0,0.8389323389154828
2810.4,0.9501671077936801
2810.8,1.0387516472675835
2811.2000000000003,0.9603488451454258
2811.6000000000004,0.9801515347927641
2812.0,0.9756043153261924
2812.4,1.0235519490858977
2812.8,1.0057078947804954
2813.2000000000003,1.145607510823501
2813.6000000000004,1.2177468562088605
2814.0,1.0843851578693127
2814.4,0.8972510641648224
2814.8,1.0666466371175263
2815.2000000000003,0.8903926356703638
2815.6000000000004,0.979981287342808
2816.0,1.0183678563064174
2816.4,1.013554446490105
2816.8,0.9520438792672428
2817.2000000000003,0.925675872903601
2817.6000000000004,1.077880755202149
2818.0,0.9839253197089676
2818.4,0.9256736337723559
2818.8,0.8934322256493104
2819.2000000000003,0.904368748038443
2819.6000000000004,1.00528391210293
2820.0,0.9192544062679232
2820.4,1.1263793769977581
2820.8,0.9375999488629599
2821.2000000000003,1.1205625351981365
2821.6000000000004,1.1068095192450402
2822.0,1.033941087545356
2822.4,1.0819849397197812
2822.8,0.9371405750084205
2823.2000000000003,1.0546274264458635
2823.6000000000004,1.006426813612898
2824.0,0.9609207092297851
2824.4,1.0378524496460397
2824.8,0.9679311092754852
2825.2000000000003,0.9631638442826023
2825.6000000000004,1.0845907854769625
2826.0,1.0732939053354067
2826.4,0.8083353441817444
2826.8,1.1913935094482127
2827.2000000000003,0.9831931916037722
2827.6000000000004,0.9750860231189439
2828.0,1.2188935072755211
2828.4,1.0555127282997887
2828.8,1.0049409823959983
2829.2000000000003,0.9549206577209441
2829.6000000000004,1.0086162566602068
2830.0,0.8287678333965747
2830.4,1.1338753269698092
2830.8,0.9837073411078647
2831.2000000000003,1.1194297589787718
2831.6000000000004,0.8565706030999144
2832.0,1.2873167725313146
2832.4,1.0406152228736423
2832.8,0.9292228006008686
2833.2000000000003,1.0715058411494307
2833.6000000000004,0.9495024054255337
2834.0,1.01697414089864
2834.4,1.17044180177712
2834.8,0.9331056538513799
2835.2000000000003,1.1172847520540532
2835.6000000000004,0.9343327986303334
2836.0,0.8340567996062214
2836.4,0.9750924693166206
2836.8,1.0533078820920914
2837.2000000000003,1.047615165298408
2837.6000000000004,1.0131704389541707
2838.0,1.1221986814694198
2838.4,0.9125394991942559
2838.8,1.0899096161430422
2839.2000000000003,1.1082063522898382
2839.6000000000004,0.7842431739519108
2840.0,0.920316704171179
2840.4,1.1484496323168327
2840.8,0.9558178313281187
2841.2000000000003,0.9477485907910232
2841.6000000000004,0.9549455711770201
2842.0,0.8620364693134108
2842.4,1.0210417058988328
2842.8,1.0326745100216874
2843.2000000000003,1.04068104055128
2843.6000000000004,0.9079788855304971
2844.0,0.9852290502581041
2844.4,1.135468156287703
2844.8,0.8865875055131721
2845.2000000000003,0.9746679659967682
2845.6000000000004,0.9609113055921946
2846.0,0.9344056468052143
2846.4,0.947031797652481
2846.8,1.0975515758191943
2847.2000000000003,0.9328551080671789
2847.6000000000004,1.0191774202384933
2848.0,0.94017221296815
2848.4,1.0411587612673958
2848.8,1.2307011432083916
2849.2000000000003,1.1632570965973126
2849.6000000000004,0.951194954363659
2850.0,1.001844990402526
2850.4,1.1766424825464952
2850.8,1.104317241819241
2851.2000000000003,1.1188457944864378
2851.6000000000004,1.0348644797371889
2852.0,0.9028717343822956
2852.4,1.0870424915465593
2852.8,0.9261633215057377
2853.2000000000003,1.014341608127222
2853.6000000000004,0.974087473002728
2854.0,1.1879112574948092
2854.4,0.9826440422532667
2854.8,0.9888938278532687
2855.2000000000003,1.0107554650126387
2855.6000000000004,0.8951380703378906
2856.0,1.0266933201983517
2856.4,0.8745305201503191
2856.8,1.0524097999764304
2857.2000000000003,1.057042846481388
2857.6000000000004,1.1457431516577663
2858.0,1.0694859466349653
2858.4,0.9503268476062283
2858.8,0.9825929439255412
2859.2000000000003,0.9603612756564628
2859.6000000000004,1.0623399429709273
2860.0,1.1038636724857593
2860.4,0.966497219041994
2860.8,0.980822430091483
2861.2000000000003,1.1026471607196524
2861.6000000000004,0.9902422577782161
2862.0,1.1247895625196345
2862.4,1.099627595431292
2862.8,1.0079099977215913
2863.2000000000003,1.1153477353086296
2863.6000000000004,0.8430549675008209
2864.0,1.2047480930841563
2864.4,0.8972066737165663
2864.8,1.0567628834518992
2865.2000000000003,1.087030423040086
2865.6000000000004,1.1412923753323132
2866.0,0.8649134422758256
2866.4,1.0723992752468385
2866.8,1.0042321431296077
2867.2000000000003,1.1764556620476005
2867.6000000000004,1.0413603761200578
2868.0,0.9397743704052763
2868.4,1.0136272283338006
2868.8,1.0427579793514599
2869.2000000000003,1.2748046573242269
2869.6000000000004,0.8416278708338336
2870.0,0.8057279749901265
2870.4,1.153955555386634
2870.8,1.0438123363972645
2871.2000000000003,0.9314051965938588
2871.6000000000004,0.8600779828654772
2872.0,1.001840254059856
2872.4,0.8572490812601228
2872.8,1.1444612178885811
2873.2000000000003,1.048824165481165
2873.6000000000004,0.8674805351776811
2874.0,1.07168119162572
2874.4,0.9919732180732035
2874.8,1.1763788759450404
2875.2000000000003,0.9901677859316853
2875.6000000000004,1.1164661979043902
2876.0,0.9951162051185496
2876.4,1.0725769519194213
2876.8,1.0799181737146877
2877.2000000000003,1.1637150479706129
2877.6000000000004,1.116942246523452
2878.0,0.8958048836802646
2878.4,1.105157303850999
2878.8,1.0245736683073587
2879.2000000000003,1.011731891635643
2879.6000000000004,0.9585433420706936
2880.0,1.1315433476249661
2880.4,1.0024550806244434
2880.8,1.1634702826102092
2881.2000000000003,1.089343533183825
2881.6000000000004,1.0382859459361198
2882.0,0.8513748716611058
2882.4,0.9730614072314097
2882.8,0.8940657111006872
2883.2000000000003,0.9577959963209647
2883.6000000000004,0.8458828510605786
2884.0,1.1627197507845408
2884.4,1.089202993188466
2884.8,1.1328882823740416
2885.2000000000003,1.0990981131208517
2885.6000000000004,1.0567594421390587
2886.0,1.0028775957703873
2886.4,1.0349548527998222
2886.8,1.1279429285418034
2887.2000000000003,1.1281913528289877
2887.6000000000004,1.0024724663857425
2888.0,1.1438610335032597
2888.4,1.0041096805443648
2888.8,1.0235717552289252
2889.2000000000003,1.0395979504609816
2889.6000000000004,1.091817057530444
2890.0,1.0648719123932546
2890.4,1.0665360305701086
2890.8,1.03514867910837
2891.2000000000003,1.1140760984743345
2891.6000000000004,1.1261494363651627
2892.0,0.9547359571515655
2892.4,0.9441208948477122
2892.8,1.0627042894237866
2893.2000000000003,0.9028302585245307
2893.6000000000004,1.0369942918985542
2894.0,0.8802744951173165
2894.4,1.1255949175645596
2894.8,1.0684807061917507
2895.2000000000003,1.1650219343003885
2895.6000000000004,1.2082834205141653
2896.0,1.0589483759593896
2896.4,1.1434002729285828
2896.8,1.167532952333442
2897.2000000000003,1.0186632787374026
2897.6000000000004,1.1488917567710442
2898.0,1.157904625964356
2898.4,1.0893202466937788
2898.8,0.9456390846015651
2899.2000000000003,1.0160151629749257
2899.6000000000004,1.1381513793266815
2900.0,0.8332370826908265
2900.4,1.3280616409314407
2900.8,1.0587358387939911
2901.2000000000003,1.09161161586494
2901.6000000000004,1.0365290013462394
2902.0,1.37816526591555
2902.4,1.0922332876543759
2902.8,0.9979690584429761
2903.2000000000003,0.9847281126544716
2903.6000000000004,1.0379209797597413
2904.0,1.063530037232505
2904.4,1.1798371834715895
2904.8,1.0272612431683794
2905.2000000000003,0.8813286067047228
2905.6000000000004,0.8782307699019014
2906.0,1.1473416337686153
2906.4,1.0541195466401168
2906.8,1.0865117530629629
2907.2000000000003,0.8935535837382648
2907.6000000000004,1.135846991552361
2908.0,0.952010617863252
2908.4,1.2051893517703707
2908.8,1.0511935359901607
2909.2000000000003,1.0525579075216775
2909.6000000000004,1.2381088915209923
2910.0,1.0543428514629032
2910.4,1.0158395917307388
2910.8,1.2802278786009869
2911.2000000000003,0.9515325344933385
2911.6000000000004,1.0263452312542358
2912.0,1.092647539745589
2912.4,0.9609878523610795
2912.8,0.9808336289560784
2913.2000000000003,0.961241539730781
2913.6000000000004,1.1249528112079092
2914.0,0.8969476176903841
2914.4,1.0447244482104754
2914.8,1.0340118278339459
2915.2000000000003,0.9279336242301762
2915.6000000000004,0.9246758610507917
2916.0,0.8623595528415552
2916.4,1.1883337818147104
2916.8,1.0353194357434508
2917.2000000000003,1.0456723644636792
2917.6000000000004,1.0492961782424877
2918.0,0.9038543933401416
2918.4,1.0328790867988629
2918.8,1.0577286490070517
2919.2000000000003,1.2980941086961466
2919.6000000000004,0.9099698730997263
2920.0,1.0829485885817394
2920.4,1.2152987180182127
2920.8,0.9746927546315265
2921.2000000000003,1.043530404103529
2921.6000000000004,1.1360288778138203
2922.0,0.9672276627454335
2922.4,0.9432457470085756
2922.8,0.9864087706457818
2923.2000000000003,1.1249776117624903
2923.6000000000004,0.9955880472795602
2924.0,1.091292209912253
2924.4,0.9955109350488095
2924.8,0.9480831325238306
2925.2000000000003,0.9804645683695132
2925.6000000000004,0.9943485709910609
2926.0,0.9259614454548184
2926.4,1.0417843581725457
2926.8,1.0400968377989794
2927.2000000000003,1.138185281768624
2927.6000000000004,0.9622063366974438
2928.0,1.0320043829057524
2928.4,1.0732732323102634
2928.8,1.1240158440706667
2929.2000000000003,1.094531663408674
2929.6000000000004,1.160999531220588
2930.0,1.1485738254624094
2930.4,0.8583701000462439
2930.8,0.9850892167866607
2931.2000000000003,0.9986006008849614
2931.6000000000004,1.1468793307696932
2932.0,0.9963511806368087
2932.4,0.9331923674970344
2932.8,1.062292555229881
2933.2000000000003,0.9616173317688563
2933.6000000000004,1.0485575842290709
2934.0,1.1131705530081246
2934.4,1.219222745939911
2934.8,1.1757111876769464
2935.2000000000003,0.8567221194595264
2935.6000000000004,1.1177037532001723
2936.0,1.2639808519354592
2936.4,1.077413672445028
2936.8,1.1717162245674815
2937.2000000000003,1.017044257947481
2937.6000000000004,0.9264309460481214
2938.0,1.1012776969608253
2938.4,0.9966217990269646
2938.8,1.0847941868588964
2939.2000000000003,1.093116977815808
2939.6000000000004,1.1614779909598094
2940.0,1.0095492104155726
2940.4,1.1705810941027075
2940.8,1.164003917456876
2941.2000000000003,1.1592913276032668
2941.6000000000004,1.1528201777475071
2942.0,0.9484283059362131
2942.4,1.1196313209201862
2942.8,1.140669939366176
2943.2000000000003,1.1709838172100597
2943.6000000000004,0.9123714693619931
2944.0,1.1277076716525238
2944.4,1.0063542184463683
2944.8,1.089299730827223
2945.2000000000003,1.0025711201494265
2945.6000000000004,0.9249606466180931
2946.0,1.163665713462751
2946.4,1.008575941752332
2946.8,1.215690507664666
2947.2000000000003,1.020201300245877
2947.6000000000004,1.173260782680887
2948.0,0.9404446696573765
2948.4,1.124736387060633
2948.8,1.149191225438154
2949.2000000000003,1.1293655569530756
2949.6000000000004,1.1934401406269326
2950.0,1.0734618011199129
2950.4,1.2500248036114472
2950.8,1.0645068488484473
2951.2000000000003,1.0165841205087898
2951.6000000000004,1.2798630058401252
2952.0,1.0958715241970927
2952.4,1.135891321922374
2952.8,1.2090306687179333
2953.2000000000003,1.0362629348957548
2953.6000000000004,0.9017274086704952
2954.0,0.8570644956397809
2954.4,0.9413065594763446
2954.8,0.8516485064141228
2955.2000000000003,1.1157625377055886
2955.6000000000004,0.922728766010537
2956.0,1.131920623723676
2956.4,1.0657116885556703
2956.8,1.1904578672941082
2957.2000000000003,1.2029624224688524
2957.6000000000004,0.9207069490339821
2958.0,1.0895262304754378
2958.4,1.031789076054069
2958.8,1.040208477646867
2959.2000000000003,1.0469706916271868
2959.6000000000004,1.040525134826471
2960.0,1.0814856416498393
2960.4,1.11554113047114
2960.8,0.9650576190799308
2961.2000000000003,1.1585151320426754
2961.6000000000004,0.9334227856758143
2962.0,1.017787985280351
2962.4,1.0902596609926638
2962.8,0.8652562266151281
2963.2000000000003,1.0553708799225154
2963.6000000000004,1.0699913526269893
2964.0,1.0693579376488929
2964.4,1.2646663111839422
2964.8,0.939582786370859
2965.2000000000003,1.0657391230384892
2965.6000000000004,0.9626737336341611
2966.0,1.2503718871621274
2966.4,1.2199484628642743
2966.8,1.1744974743875247
2967.2000000000003,1.0686849964136809
2967.6000000000004,1.157739184961639
2968.0,0.9327673259162755
2968.4,1.0974792211382782
2968.8,1.055834393478092
2969.2000000000003,0.9199518962226871
2969.6000000000004,0.9959725183460243
2970.0,1.1853788282812578
2970.4,1.0250647645876556
2970.8,0.8675125104963749
2971.2000000000003,1.1702154836057523
2971.6000000000004,1.1608884945866447
2972.0,1.0923780009634783
2972.4,0.9835151820868254
2972.8,1.0011888083087321
2973.2000000000003,1.0479534438915672
2973.6000000000004,0.8646679308236854
2974.0,1.1548627280735149
2974.4,1.0913186607056227
2974.8,0.9612903807232676
2975.2000000000003,1.2050910521319282
2975.6000000000004,1.0545664926778366
2976.0,1.2007343491496638
2976.4,1.080067607276128
2976.8,1.094935778590812
2977.2000000000003,1.1987019284684222
2977.6000000000004,1.0468763984998801
2978.0,0.9619984819718931
2978.4,0.9950897667908591
2978.8,1.0178970260102373
2979.2000000000003,0.9247499176983255
2979.6000000000004,1.182576409298919
2980.0,1.3072448274322368
2980.4,1.2859292424748396
2980.8,1.1764342611613103
2981.2000000000003,1.1131273038345717
2981.6000000000004,1.0475850312865718
2982.0,0.8487423541341744
2982.4,1.0064333439905058
2982.8,1.0598508513566545
2983.2000000000003,1.0262980136268038
2983.6000000000004,1.159081319444079
2984.0,1.0215787544080195
2984.4,0.993351845485621
2984.8,1.2011724378287527
2985.2000000000003,1.1399962474038987
2985.6000000000004,1.1193132230210703
2986.0,1.1185971161431134
2986.4,1.2623656947235873
2986.8,0.9929259396726262
2987.2000000000003,1.0218142126771943
2987.6000000000004,1.1736425926257852
2988.0,1.186835257798218
2988.4,1.2153018877515998
2988.8,0.9200540735283231
2989.2000000000003,1.1110214630129975
2989.6000000000004,0.888705198976558
2990.0,1.2487279664780717
2990.4,1.1200047843139305
2990.8,1.0046155555433867
2991.2000000000003,0.9391535082562598
2991.6000000000004,1.1700816807180299
2992.0,1.0154250675469791
2992.4,1.1049956176966425
2992.8,1.005893914185551
2993.2000000000003,0.9475869959542182
2993.6000000000004,0.9776602085783598
2994.0,1.0395966261631306
2994.4,1.1935109893415978
2994.8,0.9633581279933147
2995.2000000000003,1.0183566942678577
2995.6000000000004,1.0887694318437744
2996.0,1.0057048886262048
2996.4,0.9017725823336433
2996.8,1.0675200846028867
2997.2000000000003,1.1436551276809932
2997.6000000000004,1.1394129162478082
2998.0,0.9500684324303625
2998.4,1.0641116432675481
2998.8,1.1100704241944763
2999.2000000000003,1.1075507330171157
2999.6000000000004,1.0975872253817895
3000.0,1.022587817693385
3000.4,1.0377189178784327
3000.8,1.078866475645692
3001.2000000000003,1.0747569581896237
3001.6000000000004,1.168534642838612
3002.0,1.0306578711363934
3002.4,0.9372503315755315
3002.8,1.0877720057061409
3003.2000000000003,1.085270214463357
3003.6000000000004,0.9831660266962948
3004.0,0.991630186975968
3004.4,1.0262638301208886
3004.8,0.9921271789179182
3005.2000000000003,1.2411146891005804
3005.6000000000004,1.2106703251743343
3006.0,1.0853894641173754
3006.4,1.0206808035771244
3006.8,1.0368652339840594
3007.2000000000003,1.068788230620213
3007.6000000000004,1.1174760973105082
3008.0,1.0065306175954343
3008.4,1.071662243415365
3008.8,1.118951311673769
3009.2000000000003,0.9344607858456067
3009.6000000000004,0.9770446622756044
3010.0,0.8640415674080497
3010.4,0.8470767690185608
3010.8,1.0110721038284227
3011.2000000000003,1.0539535836310292
3011.6000000000004,1.0958014737711326
3012.0,1.0393042308390696
3012.4,1.2889340256616342
3012.8,1.0027393589317941
3013.2000000000003,1.19723288608133
3013.6000000000004,1.1923171022348715
3014.0,1.1262225067640437
3014.4,1.1812920307643413
3014.8,0.966773783853473
3015.2000000000003,1.0584053745132818
3015.6000000000004,1.1655987617164987
3016.0,1.073720197952067
3016.4,1.1820258857454875
3016.8,1.12682102700527
3017.2000000000003,1.029548940321365
3017.6000000000004,1.2505666960944946
3018.0,1.0209155630182833
3018.4,0.8886993595152173
3018.8,1.0949451821466103
3019.2000000000003,1.0297530040588847
3019.6000000000004,1.1344548254595197
3020.0,1.081197361932377
3020.4,1.0645730093241217
3020.8,1.093702441286106
3021.2000000000003,1.0829930896366151
3021.6000000000004,1.1877672890497446
3022.0,0.8309522228289421
3022.4,1.030269233081554
3022.8,1.1676882916882265
3023.2000000000003,1.1701531743212503
3023.6000000000004,1.1837578202502308
3024.0,1.006299358474472
3024.4,1.2513191063442455
3024.8,0.963990076753874
3025.2000000000003,1.0403252305552955
3025.6000000000004,1.0257367747239625
3026.0,1.0271991144174444
3026.4,1.1564664761999381
3026.8,1.0084088285312574
3027.2000000000003,1.1458713407731633
3027.6000000000004,1.1825001842912457
3028.0,1.2925833317023938
3028.4,0.9522067763048383
3028.8,1.295003930868157
3029.2000000000003,1.1397957579647555
3029.6000000000004,1.1523232625874282
3030.0,1.1198211611563496
3030.4,0.9848290162910582
3030.8,0.8783837861088418
3031.2000000000003,1.016951301583958
3031.6000000000004,1.1407902502341658
3032.0,1.181666787697878
3032.4,1.127512623858591
3032.8,0.8770893957177427
3033.2000000000003,1.0167735278580794
3033.6000000000004,1.1464934796028963
3034.0,1.2115485571885045
3034.4,1.1670576803832753
3034.8,1.0874583403166698
3035.2000000000003,1.0239094171803187
3035.6000000000004,1.037579295608263
3036.0,1.254096051691692
3036.4,1.0850928722146191
3036.8,0.9278339570894059
3037.2000000000003,1.020580293088991
3037.6000000000004,1.1984680254672015
3038.0,0.9376554848049437
3038.4,0.8818781170829775
3038.8,1.206931651855765
3039.2000000000003,1.2221534391615279
3039.6000000000004,0.8558052633851758
3040.0,1.140880880294615
3040.4,1.072570777443216
3040.8,1.115880439426343
3041.2000000000003,1.0691793617009753
3041.6000000000004,1.0441333001994293
3042.0,1.020938418834901
3042.4,1.2337047991321466
3042.8,0.9594548333226648
3043.2000000000003,1.2655076444826763
3043.6000000000004,1.2301932557844542
3044.0,1.0562874482862035
3044.4,1.0615364642480458
3044.8,1.1748312941842973
3045.2000000000003,1.3553057950940872
3045.6000000000004,1.1037192390705228
3046.0,1.0443999653412646
3046.4,1.1437128420214089
3046.8,1.2128062487131226
3047.2000000000003,0.9833971169913459
3047.6000000000004,1.014426289175878
3048.0,1.132479404430994
3048.4,1.099436078421906
3048.8,1.1582289895860929
3049.2000000000003,1.2564370828247324
3049.6000000000004,1.1180887238941881
3050.0,1.177817915142668
3050.4,1.0650121815042692
3050.8,1.0336887689402599
3051.2000000000003,1.1007769561598826
3051.6000000000004,1.0547135722027798
3052.0,1.0653175878753336
3052.4,0.9951554797477091
3052.8,1.1505574970996688
3053.2000000000003,1.258907442654894
3053.6000000000004,1.1167476066979423
3054.0,1.0867737967685744
3054.4,1.11174341874662
3054.8,1.0106292834959842
3055.2000000000003,0.9583994581134891
3055.6000000000004,0.9504337887550879
3056.0,1.4149930051800923
3056.4,1.1141604935464837
3056.8,1.232718224900732
3057.2000000000003,0.9626720701390779
3057.6000000000004,1.054057544315162
3058.0,0.8420387456026774
3058.4,1.0885938463250133
3058.8,1.0865543480078794
3059.2000000000003,0.9676556620416452
3059.6000000000004,1.0966786006987437
3060.0,1.077549191665197
3060.4,1.0718373811320752
3060.8,0.9617232220957386
3061.2000000000003,1.035055183983034
3061.6000000000004,1.0548944606709938
3062.0,1.1328670859135896
3062.4,0.8322280165563878
3062.8,0.7696545246495
3063.2000000000003,1.062299973232623
3063.6000000000004,1.2335894968722934
3064.0,1.121970975559687
3064.4,1.173077041258935
3064.8,1.2167032873823327
3065.2000000000003,0.9014990489530426
3065.6000000000004,1.1160253924047783
3066.0,1.136658254461006
3066.4,0.8231219394615719
3066.8,0.9933226939280931
3067.2000000000003,1.022184743756132
3067.6000000000004,1.0715304897614937
3068.0,1.0742208406403255
3068.4,1.198362610836495
3068.8,0.9943816181968456
3069.2000000000003,1.17903935812412
3069.6000000000004,1.2300161172864408
3070.0,1.262447329116143
3070.4,1.090432842590202
3070.8,1.0173480219496525
3071.2000000000003,1.0130095223014128
3071.6000000000004,1.159046211520599
3072.0,1.1636130621595873
3072.4,0.9044302978132603
3072.8,0.948191578415192
3073.2000000000003,1.06523987433988
3073.6000000000004,1.1721572178193205
3074.0,1.0241311011762366
3074.4,1.1076872357012624
3074.8,1.0321456190768017
3075.2000000000003,1.1973669753264797
3075.6000000000004,0.9903622067676174
3076.0,1.040499396397334
3076.4,0.9465227666023667
3076.8,1.0772804251066181
3077.2000000000003,1.1929502419946256
3077.6000000000004,0.9863052508042474
3078.0,1.1592642437468152
3078.4,1.1627823659899015
3078.8,1.2794032833873468
3079.2000000000003,1.1695872714015536
3079.6000000000004,0.8747312759550657
3080.0,1.0398199004198307
3080.4,1.199447060837354
3080.8,0.9181733805302876
3081.2000000000003,1.124448534772897
3081.6000000000004,1.2680936778120682
3082.0,1.1351374475618254
3082.4,1.3088825311399916
3082.8,1.1828136814221502
3083.2000000000003,1.2064408031049028
3083.6000000000004,0.9665077996982496
3084.0,1.0448306593735042
3084.4,1.0224078257908649
3084.8,1.1845977015325224
3085.2000000000003,1.2351417909609121
3085.6000000000004,1.3399870280621726
3086.0,1.0254131503277832
3086.4,1.179915750992334
3086.8,1.1153324367348285
3087.2000000000003,1.0741699294472857
3087.6000000000004,1.149497519132092
3088.0,1.099827195461539
3088.4,0.7811131986166702
3088.8,1.0635026972033685
3089.2000000000003,1.0803672083668556
3089.6000000000004,1.0184937278904747
3090.0,1.098030924810936
3090.4,1.031189232382282
3090.8,1.2106155865113701
3091.2000000000003,1.0404958322162159
3091.6000000000004,1.135449437092851
3092.0,1.2378110708934797
3092.4,1.188773560924032
3092.8,1.0737148534990861
3093.2000000000003,1.0126445125664132
3093.6000000000004,1.1511076206877418
3094.0,1.0282607331027138
3094.4,1.1226752551785277
3094.8,0.9642125857952801
3095.2000000000003,1.1070997121175115
3095.6000000000004,0.9814206542557253
3096.0,1.2029375843442205
3096.4,1.4003796808841693
3096.8,1.1200141141814854
3097.2000000000003,1.2140229385604837
3097.6000000000004,0.9618153538317076
3098.0,1.0243208380999542
3098.4,1.272806663047346
3098.8,1.1555156362998547
3099.2000000000003,1.1718481608197797
3099.6000000000004,1.0351901426491843
3100.0,1.0985149804000045
3100.4,1.01318949619122
3100.8,1.1687045013157662
3101.2000000000003,1.200172160199932
3101.6000000000004,1.1016822247155056
3102.0,0.9917798467877831
3102.4,1.1774134976102435
3102.8,1.1286031366444202
3103.2000000000003,1.2229844176387572
3103.6000000000004,0.9336067564706247
3104.0,1.1652569674862474
3104.4,1.0931069092502208
3104.8,1.2967479918640379
3105.2000000000003,1.0664908459887699
3105.6000000000004,1.0874379636280846
3106.0,1.1990221460085708
3106.4,1.1342298061623057
3106.8,1.1907773878312606
3107.2000000000003,1.0914122620006552
3107.6000000000004,0.9443056564090581
3108.0,0.9473425438757774
3108.4,1.0356804336225047
3108.8,1.328869566569373
3109.2000000000003,1.2476782104790385
3109.6000000000004,1.2158358032056507
3110.0,1.307003434925291
3110.4,1.1488246142954637
3110.8,1.0220993064637127
3111.2000000000003,1.1649809826976862
3111.6000000000004,1.2289380822469038
3112.0,1.168388906804544
3112.4,1.1620585354742718
3112.8,0.9890301413636311
3113.2000000000003,0.971658773081615
3113.6000000000004,1.2215618637063002
3114.0,1.0042219943339976
3114.4,0.9355562016043989
3114.8,1.2794158355299206
3115.2000000000003,1.0479604289675608
3115.6000000000004,1.1845530711395065
3116.0,1.0531587355601488
3116.4,0.9885998051008045
3116.8,1.2065353884976868
3117.2000000000003,1.0814977614165935
3117.6000000000004,1.1264551509984146
3118.0,1.1272045780780993
3118.4,0.9641772218318033
3118.8,1.1851532573886505
3119.2000000000003,1.0597931100266496
3119.6000000000004,0.9787136701916079
3120.0,1.1790142905653007
3120.4,1.3995417396345011
3120.8,1.2124377034219527
3121.2000000000003,0.9550345641395677
3121.6000000000004,0.9765226198179483
3122.0,0.9453674886233103
3122.4,1.1523540230417502
3122.8,1.045072670002861
3123.2000000000003,1.26644503867647
3123.6000000000004,0.9204791875007179
3124.0,1.1746070900961512
3124.4,1.1102061076627798
3124.8,0.9255183020300445
3125.2000000000003,1.102523391484252
3125.6000000000004,0.9590817887466911
3126.0,1.0548290168010541
3126.4,1.0649305477061222
3126.8,1.193884418291862
3127.2000000000003,1.0887773984933942
3127.6000000000004,0.896606907665543
3128.0,1.2399949066009177
3128.4,1.189709100176632
3128.8,1.0861500645644988
3129.2000000000003,1.1859902471314188
3129.6000000000004,1.0696685908420807
3130.0,1.0096436030903773
3130.4,1.0696457489122604
3130.8,1.1970283945448015
3131.2000000000003,1.1377340645570428
3131.6000000000004,1.085816247147075
3132.0,1.1213326614671755
3132.4,1.2219212756991265
3132.8,1.0280053789685755
3133.2000000000003,1.1296106985842642
3133.6000000000004,1.267293586183539
3134.0,1.21269281120653
3134.4,1.0446960723431933
3134.8,1.0772267533140212
3135.2000000000003,1.2122564975365893
3135.6000000000004,0.9743810027343411
3136.0,1.0074449054044017
3136.4,1.192395366892309
3136.8,1.1319207408287368
3137.2000000000003,0.9785860856439279
3137.6000000000004,0.910579277104645
3138.0,1.2987921612019422
3138.4,1.1385750306074132
3138.8,0.9532426798420103
3139.2000000000003,1.0781016417898346
3139.6000000000004,1.0303542796909868
3140.0,1.0790632834736977
3140.4,1.1128689313429012
3140.8,0.9788481061509192
3141.2000000000003,0.898865180196647
3141.6000000000004,1.191716082871611
3142.0,1.0784311737829797
3142.4,1.095179961833973
3142.8,1.153382747582778
3143.2000000000003,1.2459177893003663
3143.6000000000004,1.0884271338413045
3144.0,1.0786003223235878
3144.4,0.9683122526850949
3144.8,1.2552490814281791
3145.2000000000003,1.0925865210523173
3145.6000000000004,1.1379926555681306
3146.0,1.1062952027027841
3146.4,1.0864974521994226
3146.8,1.166437904287846
3147.2000000000003,0.9997563647665026
3147.6000000000004,1.0920190004251864
3148.0,1.0791201682428226
3148.4,1.1441863007364006
3148.8,1.1442621972374187
3149.2000000000003,1.0482508002031004
3149.6000000000004,1.2073946135727762
3150.0,1.3032018450812934
3150.4,1.0960527834206395
3150.8,1.2749656362726045
3151.2000000000003,1.0906452534512958
3151.6000000000004,1.0192425642810605
3152.0,0.9830386038180692
3152.4,1.0948283640472032
3152.8,1.1750045336983395
3153.2000000000003,1.0727959942066634
3153.6000000000004,1.1522161293684599
3154.0,0.9813488212944216
3154.4,1.1643725188800935
3154.8,1.135559177720241
3155.2000000000003,1.3039806486974816
3155.6000000000004,0.986177470956074
3156.0,1.062887786735072
3156.4,1.0942192456700224
3156.8,1.1000055105040674
3157.2000000000003,1.0468056475619456
3157.6000000000004,1.1165396001344936
3158.0,1.2184301294569502
3158.4,1.1827632669863457
3158.8,1.0877283492541303
3159.2000000000003,1.1379116029631944
3159.6000000000004,1.1810007822320163
3160.0,1.163273532604567
3160.4,1.0692268502791786
3160.8,1.1055819501895696
3161.2000000000003,1.149699983034733
3161.6000000000004,1.1305717976851029
3162.0,1.2115197354177865
3162.4,0.962510185510948
3162.8,1.209630826795661
3163.2000000000003,1.1401546018227113
3163.6000000000004,1.1862346604146654
3164.0,1.1787436589571139
3164.4,1.1570575399309644
3164.8,0.9636153254818224
3165.2000000000003,1.0777367571714356
3165.6000000000004,1.1807880073142476
3166.0,0.9725432712949628
3166.4,1.0456884513970401
3166.8,1.089997496873217
3167.2000000000003,1.1572815267230572
3167.6000000000004,1.1691222223023747
3168.0,1.1991131537800432
3168.4,1.1577700394561241
3168.8,1.0582928898033135
3169.2000000000003,1.216078466569453
3169.6000000000004,1.2671266715270326
3170.0,1.0606898319129539
3170.4,1.1798451047416054
3170.8,0.9863957160118915
3171.2000000000003,1.023226434487892
3171.6000000000004,1.0415616616194958
3172.0,0.9373017105438701
3172.4,0.9942957494846345
3172.8,1.175063195857202
3173.2000000000003,1.3116951916851514
3173.6000000000004,1.1440426329222537
3174.0,1.0343621516173285
3174.4,1.0773040216614134
3174.8,0.9962149728493365
3175.2000000000003,0.9647714120332151
3175.6000000000004,1.0841191827094057
3176.0,0.9169731171227571
3176.4,1.1212824578669347
3176.8,1.0907891788980981
3177.2000000000003,1.0892708116945817
3177.6000000000004,1.1977879305096728
3178.0,1.132132014807516
3178.4,1.2950185281602253
3178.8,1.0230287875689668
3179.2000000000003,1.0210929011914063
3179.6000000000004,1.2455290921182078
3180.0,1.0572560771434607
3180.4,1.1116501377473749
3180.8,1.37684769853731
3181.2000000000003,1.1533631346734643
3181.6000000000004,1.1781998258650834
3182.0,1.1288864826701575
3182.4,1.2191409763456702
3182.8,1.0629088589590632
3183.2000000000003,1.131905980687575
3183.6000000000004,1.225012404330897
3184.0,1.244901404150015
3184.4,1.2234758364980034
3184.8,1.3275611871982027
3185.2000000000003,1.031088200506269
3185.6000000000004,1.1892989024578795
3186.0,1.1552749279181334
3186.4,1.1235005471432677
3186.8,1.0368861523332704
3187.2000000000003,0.9807097720685566
3187.6000000000004,1.1195923369980894
3188.0,1.1245356588013664
3188.4,1.0616617835575586
3188.8,1.1500472574700407
3189.2000000000003,1.0678886516972186
3189.6000000000004,1.1071600851842196
3190.0,1.0889841977785106
3190.4,1.249370180183341
3190.8,1.2595442165469286
3191.2000000000003,1.1513363339735188
3191.6000000000004,1.054386721556257
3192.0,1.1096204002985304
3192.4,1.0819695711025912
3192.8,1.1540940674674758
3193.2000000000003,1.303667513085012
3193.6000000000004,0.9837137172849615
3194.0,1.0203798402093787
3194.4,0.9758684166621018
3194.8,1.1477012252527072
3195.2000000000003,1.0819450834383428
3195.6000000000004,1.0684093471045428
3196.0,1.226333405382575
3196.4,1.0853045206302865
3196.8,0.7618742431554317
3197.2000000000003,1.0217403165771912
3197.6000000000004,1.1272993802892186
3198.0,1.113610401154628
3198.4,1.2127395995677195
3198.8,1.1966873998529035
3199.2000000000003,1.1950821412164456
3199.6000000000004,0.905708644002053
3200.0,1.164063972342824
3200.4,1.1566881862361096
3200.8,1.2261985301972553
3201.2000000000003,1.1476071489489275
3201.6000000000004,1.3874502285177817
3202.0,1.0003386541584427
3202.4,1.185251709119667
3202.8,1.1364772361792002
3203.2000000000003,1.3482376143471477
3203.6000000000004,1.2656775847370663
3204.0,1.0286623281046747
3204.4,1.0310193573649755
3204.8,1.0867162345135781
3205.2000000000003,1.0679913616230248
3205.6000000000004,1.0516363867764427
3206.0,1.0305749558962132
3206.4,1.1345315780032352
3206.8,1.0562502687688773
3207.2000000000003,1.1267028696050876
3207.6000000000004,1.128205218652499
3208.0,1.1784614825541135
3208.4,1.2832414290041025
3208.8,1.1228561144005083
3209.2000000000003,1.0632013256427713
3209.6000000000004,1.1310703942971345
3210.0,1.0038216807280855
3210.4,1.368668790382591
3210.8,1.086913848081414
3211.2000000000003,1.0370184156385305
3211.6000000000004,1.337451862440002
3212.0,1.1624065734894182
3212.4,1.1551845204414026
3212.8,1.1603781119443064
3213.2000000000003,1.2398112295058645
3213.6000000000004,1.1934618445016618
3214.0,1.0694399008925635
3214.4,0.9239099530750206
3214.8,1.3920944446972174
3215.2000000000003,1.0481695362135792
3215.6000000000004,1.0585445415298316
3216.0,1.0809573530195782
3216.4,0.9782917506804066
3216.8,1.2582538304728303
3217.2000000000003,1.1309723218136047
3217.6000000000004,1.0693857250403462
3218.0,1.2049889688833284
3218.4,0.9327591564473996
3218.8,1.1373400151226845
3219.2000000000003,0.9531179540106381
3219.6000000000004,1.1448968973774563
3220.0,1.185784854772849
3220.4,1.054930802858427
3220.8,1.1372904918875621
3221.2000000000003,1.1372049017200057
3221.6000000000004,1.2236396092774853
3222.0,1.0166778834002916
3222.4,1.1661169830252018
3222.8,1.1737808470135593
3223.2000000000003,1.2023486517174011
3223.6000000000004,1.2451598626813962
3224.0,1.0608098445743765
3224.4,1.1021312760126771
3224.8,0.9538169689368012
3225.2000000000003,1.0250213679237647
3225.6000000000004,1.178445046357134
3226.0,1.0755287911249243
3226.4,1.121004337076493
3226.8,1.0203100086723387
3227.2000000000003,1.1829425371500937
3227.6000000000004,1.0655839590612026
3228.0,1.1933702477483497
3228.4,1.2186862299038692
3228.8,1.1506689727026536
3229.2000000000003,1.2030078469152665
3229.6000000000004,1.2442374371972034
3230.0,1.1070372589876596
3230.4,0.9056973425392899
3230.8,1.363864318852472
3231.2000000000003,1.1615896627891278
3231.6000000000004,1.224085870311185
3232.0,1.1463516843233077
3232.4,1.1649071589087119
3232.8,0.8700535369097806
3233.2000000000003,1.1762214270937847
3233.6000000000004,1.2379237476730307
3234.0,1.1027268377633945
3234.4,1.0682203507947603
3234.8,1.156916950462147
3235.2000000000003,1.1039552323804696
3235.6000000000004,1.066744322218374
3236.0,1.0756201645975974
3236.4,0.9651414060112539
3236.8,1.1477318772869036
3237.2000000000003,0.9544790421950365
3237.6000000000004,1.0420089173339162
3238.0,1.0073175691333893
3238.4,1.1424945383395015
3238.8,1.1026390120758909
3239.2000000000003,1.0280423716050997
3239.6000000000004,1.141729738601243
3240.0,1.1523005256155063
3240.4,1.2058980937453398
3240.8,1.0058932831144545
3241.2000000000003,1.1128826160792604
3241.6000000000004,1.261435702396745
3242.0,1.1747068084241914
3242.4,1.3099753536267702
3242.8,1.176826056684284
3243.2000000000003,1.0666778879811292
3243.6000000000004,1.1562634558625804
3244.0,1.1882702952376467
3244.4,1.0765072071091923
3244.8,0.9978378197304523
3245.2000000000003,1.0362270026117062
3245.6000000000004,1.0145063196879165
3246.0,1.3399705391635646
3246.4,1.114821481733506
3246.8,1.2517312042741175
3247.2000000000003,0.9839632000754786
3247.6000000000004,1.0501480800197993
3248.0,1.1533468999036776
3248.4,1.2148606140511422
3248.8,1.143796928938057
3249.2000000000003,1.1886454231010177
3249.6000000000004,1.0929197835712037
3250.0,1.1401878382328972
3250.4,1.1048706145707958
3250.8,1.1512257857020383
3251.2000000000003,1.3302167005916368
3251.6000000000004,1.2990943174900855
3252.0,1.2358530987820795
3252.4,1.0336267834894288
3252.8,1.1364014077615274
3253.2000000000003,1.1505695760314638
3253.6000000000004,1.0268442847443622
3254.0,1.1178718253101252
3254.4,1.2193026159185416
3254.8,1.1484259280553974
3255.2000000000003,1.132374108098944
3255.6000000000004,1.0444781981361904
3256.0,1.0811811005292364
3256.4,1.2777338007527774
3256.8,1.083941975300331
3257.2000000000003,1.1853775715102195
3257.6000000000004,1.1408035837152202
3258.0,1.1702923095579711
3258.4,1.0043542865938586
3258.8,1.169180477989534
3259.2000000000003,1.1897267318563651
3259.6000000000004,1.087763489016351
3260.0,1.0275099210696839
3260.4,1.1877700408691354
3260.8,1.0553408180964825
3261.2000000000003,1.2652813608733573
3261.6000000000004,1.3676657806406638
3262.0,1.1590612694214177
3262.4,1.1994224794625474
3262.8,1.119478901793487
3263.2000000000003,1.0040351301248334
3263.6000000000004,1.035822756842123
3264.0,0.9326675297364648
3264.4,1.17394997434304
3264.8,1.1710739390278109
3265.2000000000003,1.4599148545465956
3265.6000000000004,1.0834603994463268
3266.0,1.1285266481172087
3266.4,1.1255349859690191
3266.8,1.0634764590466426
3267.2000000000003,1.2290515652640608
3267.6000000000004,1.03968435452418
3268.0,1.166412722557999
3268.4,1.0410337033831276
3268.8,1.0988301955287842
3269.2000000000003,1.1055025518737513
3269.6000000000004,1.2564062747607099
3270.0,1.1331048965291937
3270.4,1.0089009551233543
3270.8,1.10370490154803
3271.2000000000003,1.2376471607382802
3271.6000000000004,1.151184287552559
3272.0,1.25835417779287
3272.4,1.172725654795429
3272.8,1.3393520123675255
3273.2000000000003,1.1360997814713008
3273.6000000000004,1.2750830295589326
3274.0,1.2018713370180993
3274.4,1.3110922324255538
3274.8,1.321870611192666
3275.2000000000003,1.24046711598928
3275.6000000000004,1.1911293758117079
3276.0,1.3949709297909416
3276.4,1.2009771325261152
3276.8,1.0882389833701143
3277.2000000000003,1.2905301927655286
3277.6000000000004,1.1598210659286354
3278.0,1.099047872927525
3278.4,1.3503090607141606
3278.8,1.194823989105275
3279.2000000000003,1.206349119059096
3279.6000000000004,1.0691619937221692
3280.0,1.0678889482378089
3280.4,1.149540174288029
3280.8,1.20981986947418
3281.2000000000003,1.1974641931310697
3281.6000000000004,1.0800925024766652
3282.0,1.1675794902438372
3282.4,1.2934955253485747
3282.8,1.2882687826755408
3283.2000000000003,1.3184872109997927
3283.6000000000004,1.200742370458452
3284.0,1.1904301895118032
3284.4,1.031305231806798
3284.8,0.989721973536065
3285.2000000000003,1.2016751091169022
3285.6000000000004,1.3499138703388156
3286.0,1.2305613016011303
3286.4,1.1654884559718712
3286.8,1.1649985453534555
3287.2000000000003,1.1504462333700132
3287.6000000000004,1.249341894170495
3288.0,1.1210073674498302
3288.4,1.2472535022383477
3288.8,1.2321405266846845
3289.2000000000003,1.2869508303482702
3289.6000000000004,0.9631251744768298
3290.0,1.2510055106012148
3290.4,1.006062461655727
3290.8,1.1859205214104285
3291.2000000000003,1.3357814818154214
3291.6000000000004,1.029101602804757
3292.0,1.3135666476667731
3292.4,1.0630763829007188
3292.8,1.1553492846321496
3293.2000000000003,1.3687130168906692
3293.6000000000004,1.3076438435157614
3294.0,1.1945496422918545
3294.4,1.2080762117298223
3294.8,1.1627380078463454
3295.2000000000003,1.1754393617464085
3295.6000000000004,1.2639917700914274
3296.0,0.9722738727747569
3296.4,1.0324969769714425
3296.8,1.2531664514261256
3297.2000000000003,1.175690874688351
3297.6000000000004,1.1508339389049984
3298.0,1.143001988618072
3298.4,1.0278089588944423
3298.8,1.1781462914447767
3299.2000000000003,1.1471092994210927
3299.6000000000004,1.2470434719129346
3300.0,1.193362468677691
3300.4,1.1670343582716853
3300.8,1.3406739599566488
3301.2000000000003,1.154586605008828
3301.6000000000004,1.123540899837958
3302.0,1.0908177466196147
3302.4,1.1797656171545101
3302.8,1.0661125502592805
3303.2000000000003,1.0276346750461727
3303.6000000000004,1.177118530798666
3304.0,1.0398333614576225
3304.4,1.1005968469879264
3304.8,1.0442223009785632
3305.2000000000003,1.0024410164772883
3305.6000000000004,1.1998007563501394
3306.0,1.0335439899272505
3306.4,1.0616756622817995
3306.8,1.1220299718930247
3307.2000000000003,1.380576100695442
3307.6000000000004,1.348153042499661
3308.0,1.0711614051484022
3308.4,1.2540436753256454
3308.8,1.1746738977043392
3309.2000000000003,1.1036476118337288
3309.6000000000004,1.0565699751902895
3310.0,1.1308421499998453
3310.4,1.1351965282672043
3310.8,1.3147019286464898
3311.2000000000003,1.1202167762161694
3311.6000000000004,1.188372275133861
3312.0,1.195922356330739
3312.4,1.2878867435998358
3312.8,1.1092088277205512
3313.2000000000003,0.9534034591852713
3313.6000000000004,1.2028675159226596
3314.0,1.2488716944227287
3314.4,1.3239273547036692
3314.8,1.0541600605844175
3315.2000000000003,1.0678390089756586
3315.6000000000004,1.1648827974566065
3316.0,1.1822559211579489
3316.4,1.2990325329843044
3316.8,1.1731118986974791
3317.2000000000003,1.1943453209211727
3317.6000000000004,1.0020756448150785
3318.0,1.2501096905048745
3318.4,1.1319307693318295
3318.8,1.2197496042446536
3319.2000000000003,1.170002485873853
3319.6000000000004,1.224443516191228
3320.0,1.1042737587079658
3320.4,1.211369683329286
3320.8,1.237985589614454
3321.2000000000003,1.4236071376600319
3321.6000000000004,1.1191781786494874
3322.0,1.1624821221621955
3322.4,1.259051678316562
3322.8,1.125587682836648
3323.2000000000003,1.2435177639528614
3323.6000000000004,1.1830562095468835
3324.0,1.1375202164557732
3324.4,1.0898966212323475
3324.8,1.1235028323040832
3325.2000000000003,1.283653829492505
3325.6000000000004,1.2330697536798931
3326.0,1.164029745352004
3326.4,1.062162355899112
3326.8,1.0094292343780178
3327.2000000000003,1.1045704848899722
3327.6000000000004,1.2052647134047796
3328.0,1.1452057074577635
3328.4,1.0361183601696402
3328.8,1.2449700511766875
3329.2000000000003,1.136304866435328
3329.6000000000004,1.1523329173633114
3330.0,1.3776203231814512
3330.4,1.0913092400579667
3330.8,1.2222416078899836
3331.2000000000003,1.3197700699632553
3331.6000000000004,1.1944462349474463
3332.0,1.1110257353776478
3332.4,1.1773415815606216
3332.8,1.1344228321959375
3333.2000000000003,1.1776457645461331
3333.6000000000004,1.0699557946263534
3334.0,1.2264937455669909
3334.4,1.1672360460111717
3334.8,1.4035272374961627
3335.2000000000003,1.2580265543524676
3335.6000000000004,1.0045423513285565
3336.0,0.9506115385215146
3336.4,0.9785912310683329
3336.8,1.1198646611920722
3337.2000000000003,1.161485946511626
3337.6000000000004,1.0570054503506985
3338.0,1.2241375252352646
3338.4,1.1424697040605252
3338.8,1.3328656153370861
3339.2000000000003,1.2551929568879705
3339.6000000000004,1.0816620502062573
3340.0,1.210016898040532
3340.4,1.2424060189495398
3340.8,1.3080154425655661
3341.2000000000003,1.2930966480599693
3341.6000000000004,1.261253591631128
3342.0,1.099826362107575
3342.4,1.3021689118445703
3342.8,1.332943454469092
3343.2000000000003,1.1576113022007093
3343.6000000000004,1.2091936316826601
3344.0,1.1363690898827268
3344.4,0.9616841964079985
3344.8,1.114138138171148
3345.2000000000003,0.9252780262753711
3345.6000000000004,1.1260622829833635
3346.0,1.2081071594037531
3346.4,1.1451952478962464
3346.8,1.36625086685055
3347.2000000000003,1.011055948757194
3347.6000000000004,1.224227613713674
3348.0,0.9639035389588333
3348.4,1.3412044524265065
3348.8,1.2179036224792827
3349.2000000000003,1.2447784186449344
3349.6000000000004,1.226963399116923
3350.0,1.2515732439615723
3350.4,1.2451608856259442
3350.8,1.2578858757188882
3351.2000000000003,1.2091219691127473
3351.6000000000004,1.0482552060218333
3352.0,1.1497268820720992
3352.4,1.1565376647281116
3352.8,1.188894390489606
3353.2000000000003,1.0989142974671937
3353.6000000000004,1.258990257677621
3354.0,1.186360557593371
3354.4,1.3901551423139755
3354.8,1.2389594421812011
3355.2000000000003,1.1153852719254285
3355.6000000000004,1.235453167914733
3356.0,1.063462808205273
3356.4,1.1338434304185494
3356.8,1.256568542844931
3357.2000000000003,1.2709647682149228
3357.6000000000004,1.2515113275523568
3358.0,1.084194725483232
3358.4,1.0461690783739594
3358.8,1.2637030163268106
3359.2000000000003,1.0868530745535805
3359.6000000000004,1.1394356963295769
3360.0,1.1331365798225959
3360.4,1.1528153787351654
3360.8,1.2385115366574682
3361.2000000000003,1.2435389830469605
3361.6000000000004,1.2368902697403206
3362.0,1.2816778953773744
3362.4,1.1209052012266643
3362.8,1.0451757098262657
3363.2000000000003,1.2891508921501544
3363.6000000000004,1.1757903718183524
3364.0,1.16029003298077
3364.4,1.317858517138495
3364.8,1.360384952023995
3365.2000000000003,1.133046700798195
3365.6000000000004,1.2167968620615706
3366.0,1.2055779730172957
3366.4,1.226858940122688
3366.8,1.1214825833094118
3367.2000000000003,1.1324017381651925
3367.6000000000004,1.2301819242266243
3368.0,1.3506059920538893
3368.4,1.092679289974675
3368.8,1.1157410988724756
3369.2000000000003,1.0387601649573983
3369.6000000000004,1.0657461098820356
3370.0,1.1289538897104048
3370.4,1.078601687278422
3370.8,1.0540155673611198
3371.2000000000003,1.1255211596158976
3371.6000000000004,1.0578019044018787
3372.0,1.3275658438511015
3372.4,1.2774952367418888
3372.8,1.3017591986406
3373.2000000000003,1.2782103336306516
3373.6000000000004,1.1296671711453834
3374.0,1.1087074886588366
3374.4,1.2487431979404986
3374.8,1.1265975797143133
3375.2000000000003,1.1944129241693555
3375.6000000000004,1.1197462127747755
3376.0,1.134234869179488
3376.4,1.1523850277964085
3376.8,0.9551867913175772
3377.2000000000003,1.071033780794416
3377.6000000000004,0.9130343983272846
3378.0,1.132825007090396
3378.4,1.2429555787804356
3378.8,1.0292404255511767
3379.2000000000003,0.9960867893019093
3379.6000000000004,1.1159443785974545
3380.0,1.2074673339528776
3380.4,1.1502176248975406
3380.8,1.1352136366923211
3381.2000000000003,1.0058055410645632
3381.6000000000004,1.2057618629688094
3382.0,1.2051926560123414
3382.4,1.3248215628747486
3382.8,1.254230597578185
3383.2000000000003,1.371408519966379
3383.6000000000004,1.1804212360932518
3384.0,1.0614760864545993
3384.4,1.1642221668951334
3384.8,1.0804009295557515
3385.2000000000003,1.0958340035898482
3385.6000000000004,1.0984010379608613
3386.0,1.3344613156913268
3386.4,1.2434860619184525
3386.8,1.2678533168051644
3387.2000000000003,1.2003709550935955
3387.6000000000004,1.087896444012681
3388.0,1.27079325121198
3388.4,1.209362533270833
3388.8,1.2021441050412187
3389.2000000000003,1.2090987656230092
3389.6000000000004,1.2327991717464497
3390.0,1.22017828247766
3390.4,1.2233684456201646
3390.8,1.17555445593911
3391.2000000000003,1.2008979133327835
3391.6000000000004,0.899689953908984
3392.0,1.2153574694636469
3392.4,1.3048922828547949
3392.8,1.1418110315327499
3393.2000000000003,1.0691489757640897
3393.6000000000004,1.1383572456378794
3394.0,1.2157225361081512
3394.4,1.1011744947801274
3394.8,1.0800487941801549
3395.2000000000003,1.1328155900039811
3395.6000000000004,1.1962492607174005
3396.0,1.2908651132694324
3396.4,1.2897813883376297
3396.8,1.1722030014305287
3397.2000000000003,1.3570524159022412
3397.6000000000004,1.0327586801527568
3398.0,1.2009775364884765
3398.4,1.189445604447275
3398.8,1.2421381201910602
3399.2000000000003,1.163152583045866
3399.6000000000004,1.2371813058652954
3400.0,1.149256709460751
3400.4,1.4476807794807551
3400.8,1.2009374670553206
3401.2000000000003,1.0135281201501678
3401.6000000000004,1.3213102156681136
3402.0,1.1822091648710797
3402.4,1.3059711460918886
3402.8,1.410443996209865
3403.2000000000003,1.1438543005976052
3403.6000000000004,1.1184730229313817
3404.0,1.2914515856737858
3404.4,0.9599622395734619
3404.8,1.228483205831896
3405.2000000000003,1.155434814591731
3405.6000000000004,0.9986402675162199
3406.0,1.098993208319226
3406.4,1.082605939484448
3406.8,1.1012979525015856
3407.2000000000003,0.8959357735002818
3407.6000000000004,1.1450261861900937
3408.0,1.390843974647162
3408.4,1.2589456948312
3408.8,1.3000314216428623
3409.2000000000003,1.1926677009178592
3409.6000000000004,1.0585554639594585
3410.0,1.1614133636255095
3410.4,1.2576767918461063
3410.8,1.1631090097933197
3411.2000000000003,1.1328367552059824
3411.6000000000004,1.2153455578386017
3412.0,0.9363219942578173
3412.4,1.1160629005867093
3412.8,1.2016328484742909
3413.2000000000003,1.1443510194611906
3413.6000000000004,1.2314071719080502
3414.0,1.2789876717413122
3414.4,1.211301320853838
3414.8,1.0290595431154852
3415.2000000000003,1.229486232926197
3415.6000000000004,1.277517744592658
3416.0,1.189265981138481
3416.4,1.2254275658860638
3416.8,1.134519593894653
3417.2000000000003,1.2291409700130487
3417.6000000000004,1.1099613967269644
3418.0,1.1348934699659927
3418.4,1.0960439657530399
3418.8,1.30648355363836
3419.2000000000003,1.089248996543633
3419.6000000000004,1.028246715880385
3420.0,1.1737163110704076
3420.4,1.2467658521154688
3420.8,1.247044389647239
3421.2000000000003,1.2158772162055984
3421.6000000000004,1.125105414161594
3422.0,1.2518060791118786
3422.4,1.0984218187204458
3422.8,1.2794163961428275
3423.2000000000003,1.2057068913078226
3423.6000000000004,1.2409819100638957
3424.0,1.0707047102652552
3424.4,1.1987136543850967
3424.8,1.3597351004656952
3425.2000000000003,1.3124130836556516
3425.6000000000004,1.3853098525967442
3426.0,1.2737947524088697
3426.4,1.1525973423929043
3426.8,1.1125773980974922
3427.2000000000003,1.3009746870959595
3427.6000000000004,1.259890790247441
3428.0,1.0554571421408856
3428.4,1.0656269078397411
3428.8,1.2052150218379667
3429.2000000000003,1.2567523561955742
3429.6000000000004,1.178920288870974
3430.0,1.292467848562242
3430.4,1.0539392098921054
3430.8,1.0754066798747168
3431.2000000000003,1.3328636955243236
3431.6000000000004,1.2387169836336982
3432.0,1.1600147152553097
3432.4,1.1715872443296478
3432.8,1.1941162338253772
3433.2000000000003,1.156708234568559
3433.6000000000004,1.1907269373235394
3434.0,1.0148654576176397
3434.4,1.409597682973886
3434.8,1.113954673247502
3435.2000000000003,1.3969532993246982
3435.6000000000004,1.159467854918713
3436.0,1.3791299012956046
3436.4,1.3972595108679176
3436.8,1.1540779877269787
3437.2000000000003,1.2409874288136915
3437.6000000000004,0.9734314838227142
3438.0,1.256650207048694
3438.4,1.214022148925952
3438.8,1.1548323140437933
3439.2000000000003,1.2086094715328466
3439.6000000000004,1.1699978706722693
3440.0,1.163799457872011
3440.4,1.3135500424338629
3440.8,1.0570880472085407
3441.2000000000003,1.0861255521376003
3441.6000000000004,1.1736488059644845
3442.0,1.1482362374295536
3442.4,1.2979885375626457
3442.8,1.3398965469177184
3443.2000000000003,1.1687421772045818
3443.6000000000004,1.1029448671549882
3444.0,1.1548416251544238
3444.4,1.1158923114214563
3444.8,1.0848587922777462
3445.2000000000003,1.3680548978439888
3445.6000000000004,1.1560303568657497
3446.0,1.227177828238922
3446.4,1.2148970828465948
3446.8,1.120830460912049
3447.2000000000003,1.275987549553205
3447.6000000000004,1.2259013227772655
3448.0,1.0752887466534964
3448.4,1.2162237828282758
3448.8,1.1866428130905617
3449.2000000000003,1.1249586380248489
3449.6000000000004,1.2473610811159572
3450.0,1.1394677879753798
3450.4,1.3196085055908764
3450.8,1.217329215763459
3451.2000000000003,1.1233485823468978
3451.6000000000004,1.0786909612394742
3452.0,1.3745195884898336
3452.4,1.1859666227672163
3452.8,1.3597917203333174
3453.2000000000003,1.3267811538940335
3453.6000000000004,1.0192975772803816
3454.0,1.178939389836207
3454.4,1.2306226871613168
3454.8,1.141859050454922
3455.2000000000003,1.341648963823642
3455.6000000000004,1.4133879294174434
3456.0,1.1599083597914777
3456.4,1.2061242111422776
3456.8,1.3043511360003637
3457.2000000000003,1.0710059980192117
3457.6000000000004,1.4368920207976175
3458.0,1.2136211659287988
3458.4,1.4216223435045356
3458.8,1.0934142343984272
3459.2000000000003,1.2813270988451455
3459.6000000000004,1.3816430961816821
3460.0,1.0843683639324992
3460.4,1.3502157467670015
3460.8,1.15451841438572
3461.2000000000003,1.262992821833639
3461.6000000000004,1.1656076154733903
3462.0,1.2553256952456684
3462.4,0.9420811043654985
3462.8,1.4316330119432226
3463.2000000000003,1.2751794549215256
3463.6000000000004,1.2486349878760208
3464.0,1.20702504155545
3464.4,1.198567379553638
3464.8,1.0674215609701074
3465.2000000000003,1.3138781878184413
3465.6000000000004,1.2553108986203196
3466.0,1.1408837514539578
3466.4,1.1952187810415142
3466.8,1.1812000937709493
3467.2000000000003,1.21698272054886
3467.6000000000004,1.4884063050111183
3468.0,1.1604111802323447
3468.4,1.2138429325506492
3468.8,1.1609753370112288
3469.2000000000003,1.2977695110378027
3469.6000000000004,1.1764723579713758
3470.0,1.3314362588338868
3470.4,1.4001136673763281
3470.8,1.1218852854280974
3471.2000000000003,1.0718932690842227
3471.6000000000004,1.1370436202449399
3472.0,1.317722044177903
3472.4,1.2754849516610254
3472.8,1.2072404371616214
3473.2000000000003,1.0685957691931138
3473.6000000000004,1.16988695025979
3474.0,1.366445767260198
3474.4,1.1345339333039297
3474.8,1.4152580152074992
3475.2000000000003,1.200049808293084
3475.6000000000004,1.1250021473593872
3476.0,1.2432913810679505
3476.4,1.2659447669786577
3476.8,1.263479664463666
3477.2000000000003,1.3188820902489007
3477.6000000000004,1.3286102024160231
3478.0,1.3972350878640394
3478.4,1.1253321000650311
3478.8,1.1370586201828108
3479.2000000000003,1.2055669258152548
3479.6000000000004,1.3316063678378176
3480.0,1.1502110966245445
3480.4,1.18183992421781
3480.8,1.141188816874658
3481.2000000000003,1.1731932368840834
3481.6000000000004,1.316991537520319
3482.0,1.241360319123279
3482.4,1.4301703984015333
3482.8,1.2089760309595774
3483.2000000000003,1.0385019763837837
3483.6000000000004,1.3274397143334986
3484.0,1.298403969164901
3484.4,1.1397763075278324
3484.8,1.3069957698993018
3485.2000000000003,1.1079307790441306
3485.6000000000004,1.2738210961501513
3486.0,1.1533359068194282
3486.4,1.2268883193212023
3486.8,1.2914802913348198
3487.2000000000003,1.1137352172143362
3487.6000000000004,1.2740608679818208
3488.0,1.2330990284739018
3488.4,1.0961463824163922
3488.8,1.1013486970615434
3489.2000000000003,1.0732667471827848
3489.6000000000004,1.2470889536828969
3490.0,1.1618512047489669
3490.4,1.1190966841508967
3490.8,1.134594653558663
3491.2000000000003,1.1188603938226542
3491.6000000000004,1.1624746136383575
3492.0,1.1935996457830993
3492.4,1.2417777471182858
3492.8,1.1696033983156866
3493.2000000000003,1.220675816762041
3493.6000000000004,1.339945810847469
3494.0,1.2160695033368596
3494.4,1.1705803236183323
3494.8,1.226700461800834
3495.2000000000003,1.3032389693816284
3495.6000000000004,1.2654443296748679
3496.0,1.2247500393831887
3496.4,1.0401207511755808
3496.8,1.2015553699894392
3497.2000000000003,1.3672967413495072
3497.6000000000004,1.0107530544311032
3498.0,1.1251944717658342
3498.4,1.3394388101797607
3498.8,1.1459109223519217
3499.2000000000003,1.1432438396818598
3499.6000000000004,1.1990019272730186
3500.0,1.2184586881842927
3500.4,1.3473394082751171
3500.8,1.2215289205991835
3501.2000000000003,1.4614708043639033
3501.6000000000004,1.013661452357037
3502.0,1.0207603497342055
3502.4,1.0303662204953672
3502.8,1.4310426666047402
3503.2000000000003,1.2584418193584908
3503.6000000000004,1.3306399695956799
3504.0,1.166430705540129
3504.4,1.1678974576366077
3504.8,1.2840970603088744
3505.2000000000003,1.339211637883721
3505.6000000000004,1.2144083850147942
3506.0,1.1191055176772677
3506.4,1.233618536726131
3506.8,1.2117706516357007
3507.2000000000003,1.1757846987634561
3507.6000000000004,1.1821307142279378
3508.0,1.1284137648406254
3508.4,1.1519970541065028
3508.8,1.0946698378143842
3509.2000000000003,1.4610879372310512
3509.6000000000004,1.1365811181030607
3510.0,1.2625309108152838
3510.4,1.2680033795030465
3510.8,1.4120528894739184
3511.2000000000003,1.166837465968171
3511.6000000000004,0.8046355770399805
3512.0,1.1233514732216534
3512.4,1.189975047381103
3512.8,1.2253607805324316
3513.2000000000003,1.1906125587297973
3513.6000000000004,1.129429597960461
3514.0,1.3429720618972634
3514.4,1.1179447013638784
3514.8,1.2161754011551844
3515.2000000000003,1.1539593723129602
3515.6000000000004,1.3508224506712518
3516.0,1.2692882088133821
3516.4,1.1151619889934739
3516.8,1.2520443805583956
3517.2000000000003,1.3542135750970374
3517.6000000000004,1.2829084243554107
3518.0,1.3760186218718975
3518.4,1.0297404394774703
3518.8,1.2421956959503304
3519.2000000000003,1.1475377094498842
3519.6000000000004,1.2375386003653412
3520.0,1.2360958962501059
3520.4,1.1343558519830608
3520.8,1.3607555532419306
3521.2000000000003,1.1571335891826053
3521.6000000000004,1.1999782249208932
3522.0,1.181825103443693
3522.4,1.0816242235134004
3522.8,1.1228543525980414
3523.2000000000003,1.1522098803202374
3523.6000000000004,1.1871070970809239
3524.0,1.2421962393376975
3524.4,1.409055638056111
3524.8,1.1694795230602897
3525.2000000000003,1.2634297802442642
3525.6000000000004,1.1169148692908817
3526.0,1.138401068328415
3526.4,1.288361913454802
3526.8,1.2924721487713662
3527.2000000000003,1.2784173832164565
3527.6000000000004,1.144675054550492
3528.0,1.2367527566236824
3528.4,0.9445421831588032
3528.8,1.393983776229596
3529.2000000000003,1.1570392190507208
3529.6000000000004,1.3791388793996207
3530.0,1.2695773925664597
3530.4,1.100387313105406
3530.8,1.398659935891344
3531.2000000000003,1.2121545158816731
3531.6000000000004,1.3613793655456847
3532.0,1.0918143494895598
3532.4,1.1982264710808246
3532.8,1.2052902757499917
3533.2000000000003,1.1774990127764955
3533.6000000000004,1.3076494920996709
3534.0,1.4195494471641603
3534.4,1.211139737424873
3534.8,1.2205479407146123
3535.2000000000003,1.1449239435928136
3535.6000000000004,1.2719498591219944
3536.0,1.1489924725732097
3536.4,1.1910428461298481
3536.8,1.3653436597150328
3537.2000000000003,1.367182525526402
3537.6000000000004,1.2312143404030704
3538.0,1.328384856701408
3538.4,1.2956695135033325
3538.8,1.2582654592553741
3539.2000000000003,1.303445402184632
3539.6000000000004,1.2171857120828498
3540.0,1.1312502927420522
3540.4,1.2899746765339994
3540.8,1.356646588018131
3541.2000000000003,1.1637410287078913
3541.6000000000004,1.2582283359088922
3542.0,1.279732742287134
3542.4,1.4357946206175165
3542.8,1.170241179777632
3543.2000000000003,1.1308902854780971
3543.6000000000004,1.0056914444472405
3544.0,1.2703191287089446
3544.4,1.229851554820323
3544.8,1.279222324540688
3545.2000000000003,1.34038309293953
3545.6000000000004,1.2667116858588177
3546.0,1.3269936787432286
3546.4,1.2431095199956497
3546.8,1.1448467111775493
3547.2000000000003,1.2626132633721674
3547.6000000000004,1.2804541891925876
3548.0,1.0801564999149265
3548.4,1.1102761087362187
3548.8,1.2340869303562119
3549.2000000000003,1.0956791791942972
3549.6000000000004,1.2219424370393304
3550.0,1.3574037489023794
3550.4,1.4800607979667169
3550.8,1.2448558697483834
3551.2000000000003,1.302756125114318
3551.6000000000004,1.342583923380884
3552.0,1.0605156863041292
3552.4,1.1687336636971482
3552.8,1.1340053133888883
3553.2000000000003,1.1351555317389046
3553.6000000000004,1.3656095295093105
3554.0,1.2293659351367288
3554.4,1.132097422655606
3554.8,1.2975651075921562
3555.2000000000003,1.1815576975656263
3555.6000000000004,1.236415173439286
3556.0,1.4082877988292926
3556.4,1.1942438074964896
3556.8,1.172750381735665
3557.2000000000003,1.339962624071172
3557.6000000000004,1.2172340949449512
3558.0,1.1518329998836032
3558.4,1.3417320371183796
3558.8,1.0993666297197708
3559.2000000000003,1.3925773847120864
3559.6000000000004,1.204251102900586
3560.0,1.176649914770664
3560.4,1.3864850046595985
3560.8,1.322680222384067
3561.2000000000003,1.2697616382463202
3561.6000000000004,1.1694098133991653
3562.0,1.2659144845731032
3562.4,1.113122482929192
3562.8,1.1839258766094143
3563.2000000000003,1.1515972047007208
3563.6000000000004,1.0946442799936644
3564.0,1.1569059574541152
3564.4,1.309945220315563
3564.8,1.1633551613696587
3565.2000000000003,1.374449411421461
3565.6000000000004,1.083262004493923
3566.0,1.3055188120827024
3566.4,1.1439610668477962
3566.8,1.3943269270245309
3567.2000000000003,1.4368296731547687
3567.6000000000004,1.3233871182215975
3568.0,1.0963039667975236
3568.4,1.054468489510085
3568.8,1.404634700647218
3569.2000000000003,1.2765065380149243
3569.6000000000004,1.2411828387769948
3570.0,1.1910309935311427
3570.4,1.0850919354206077
3570.8,1.1817756216034783
3571.2000000000003,1.401882639106051
3571.6000000000004,1.2665639553796453
3572.0,1.107922970290667
3572.4,1.0980378522025427
3572.8,1.088773153789002
3573.2000000000003,1.304896653689647
3573.6000000000004,1.199653369918742
3574.0,1.1770004507527465
3574.4,1.2152650182707232
3574.8,1.3804984019641022
3575.2000000000003,1.296457128813207
3575.6000000000004,1.2486155453903973
3576.0,1.1615149073353632
3576.4,1.318286711518003
3576.8,1.3426949811376607
3577.2000000000003,1.2434725340049075
3577.6000000000004,1.24875956724548
3578.0,1.2337489785615925
3578.4,1.3634449391589964
3578.8,1.0391833137389668
3579.2000000000003,1.21635936157289
3579.6000000000004,1.2478660447396552
3580.0,1.3097105974660512
3580.4,1.2787318802583907
3580.8,1.2365584770321911
3581.2000000000003,1.3822277468793396
3581.6000000000004,1.2254801018713408
3582.0,1.240761655041775
3582.4,1.23082267191595
3582.8,1.2361415333171168
3583.2000000000003,1.1411459440695173
3583.6000000000004,1.0410021815814625
3584.0,1.2017162727426502
3584.4,1.1953561580107959
3584.8,1.2364516713559808
3585.2000000000003,1.2507459031779586
3585.6000000000004,1.2510877541942511
3586.0,1.0974265941361827
3586.4,1.2899944227377202
3586.8,1.3532846228383066
3587.2000000000003,1.2603664313486354
3587.6000000000004,1.2658323393182525
3588.0,1.3160572937693806
3588.4,1.1357556593588292
3588.8,1.030453846031212
3589.2000000000003,1.4721895474186384
3589.6000000000004,1.2346185674834347
3590.0,1.296139253762357
3590.4,1.3098060142358736
3590.8,1.2277022380629072
3591.2000000000003,1.186750461236215
3591.6000000000004,1.2577801782884719
3592.0,1.298428974272865
3592.4,1.386496773989193
3592.8,1.1375369128476427
3593.2000000000003,1.2435295070027546
3593.6000000000004,1.2064071401267682
3594.0,1.254911574134895
3594.4,1.097979552174597
3594.8,1.237712002781846
3595.2000000000003,1.1755398713786327
3595.6000000000004,1.3307013295491674
3596.0,1.4335215468380778
3596.4,1.3243692985009181
3596.8,1.2599828619751998
3597.2000000000003,1.443825597230555
3597.6000000000004,1.2169997715090861
3598.0,1.3630173831199055
3598.4,1.260363534544998
3598.8,1.4900206643836469
3599.2000000000003,1.3107467328049203
3599.6000000000004,1.4640930688896563
3600.0,1.0644451309270995
3600.4,1.3714712225572245
3600.8,1.2210333516761185
3601.2000000000003,1.1765616177216167
3601.6000000000004,1.3915454047408153
3602.0,1.3488614039569948
3602.4,1.3077879116281557
3602.8,1.2944740027216075
3603.2000000000003,1.2073496328412479
3603.6000000000004,1.1928222946491904
3604.0,1.2542749013422863
3604.4,1.4282854149280677
3604.8,1.2373010637167674
3605.2000000000003,1.134646085426053
3605.6000000000004,1.3741131141664387
3606.0,1.2322611648004163
3606.4,1.4274146921478528
3606.8,1.4340904933574081
3607.2000000000003,1.2903967056749606
3607.6000000000004,1.176649618627383
3608.0,1.1596427654574757
3608.4,1.5863449755322705
3608.8,1.2612588152824316
3609.2000000000003,1.3313293235046646
3609.6000000000004,1.1407873411616551
3610.0,1.3563595281113012
3610.4,1.2320967936562586
3610.8,1.1942540637260528
3611.2000000000003,1.4031166912832493
3611.6000000000004,1.2542936933505602
3612.0,1.267079764403098
3612.4,1.163321015802417
3612.8,1.2403998855867553
3613.2000000000003,1.1657908453162928
3613.6000000000004,1.2647224622466542
3614.0,1.3206993416584103
3614.4,1.2524488776994098
3614.8,1.1712814008992776
3615.2000000000003,1.2523175847409627
3615.6000000000004,1.218631911590435
3616.0,1.1589084795898161
3616.4,1.3205289767601402
3616.8,1.315631205766674
3617.2000000000003,1.105524185059203
3617.6000000000004,1.3719951391152678
3618.0,1.4901748765203402
3618.4,1.2451598412626481
3618.8,1.1924894884177897
3619.2000000000003,1.1245488133919144
3619.6000000000004,1.096896931154092
3620.0,1.1247600892834122
3620.4,1.3758858473004973
3620.8,1.4141919111558279
3621.2000000000003,1.2353305799522938
3621.6000000000004,1.3895570853136163
3622.0,1.2945381890461927
3622.4,1.1363375948936139
3622.8,1.3130843716789384
3623.2000000000003,1.0844320755214023
3623.6000000000004,1.1165446671547044
3624.0,1.363944255539887
3624.4,1.3554232412704117
3624.8,1.3176484759437044
3625.2000000000003,1.1614606896410908
3625.6000000000004,1.4244267157729695
3626.0,1.28487823627338
3626.4,1.2093052162763702
3626.8,1.264843352853724
3627.2000000000003,1.2177056094837277
3627.6000000000004,1.0443738303762338
3628.0,1.3470505074145387
3628.4,1.1329659745346672
3628.8,1.2729175810889135
3629.2000000000003,1.225648488070997
3629.6000000000004,1.2383661486759132
3630.0,1.2185684838677713
3630.4,1.334372035618535
3630.8,1.3829068831669695
3631.2000000000003,1.3782424124198638
3631.6000000000004,1.3493068204679062
3632.0,1.1077643105915387
3632.4,1.4135048026011026
3632.8,0.9357425196050262
3633.2000000000003,1.4239849530386193
3633.6000000000004,1.2240290092624952
3634.0,1.0678624748989924
3634.4,1.0495916013424509
3634.8,1.199648291735347
3635.2000000000003,1.1955457741787938
3635.6000000000004,1.0509670527839547
3636.0,1.2151200313653863
3636.4,1.240701970764683
3636.8,1.1876536130923547
3637.2000000000003,1.2480937553280935
3637.6000000000004,1.16796984305688
3638.0,1.3273738987047399
3638.4,1.343798981309508
3638.8,1.197763316791893
3639.2000000000003,1.1820667775416571
3639.6000000000004,1.394446899745433
3640.0,1.1517329038407629
3640.4,1.4184998557763775
3640.8,1.264855978578876
3641.2000000000003,1.1493492249819355
3641.6000000000004,1.2476913617223642
3642.0,1.3124234939648296
3642.4,1.1186906650993749
3642.8,1.182411906337522
3643.2000000000003,1.3397010288182796
3643.6000000000004,1.4640160014072214
3644.0,1.1899368564343311
3644.4,0.9915581015380198
3644.8,1.0651011930661682
3645.2000000000003,1.245757605423723
3645.6000000000004,1.1318377178166084
3646.0,1.346870505514267
3646.4,1.2231251509967165
3646.8,1.210549169734267
3647.2000000000003,1.064942831336218
3647.6000000000004,1.2071369094400402
3648.0,1.2489368237638345
3648.4,1.3085724304138033
3648.8,1.2201360695669656
3649.2000000000003,1.1826384099898
3649.6000000000004,1.0430364313061888
3650.0,1.317473808192633
3650.4,1.1981310269483116
3650.8,1.2508976631857345
3651.2000000000003,1.3847648454524075
3651.6000000000004,1.1991920352204404
3652.0,1.3165386437073776
3652.4,1.2630895275088747
3652.8,1.2885585827514725
3653.2000000000003,1.3495955702303264
3653.6000000000004,1.2989003461073625
3654.0,1.2974246799895437
3654.4,1.0658530394893315
3654.8,1.495373615447573
3655.2000000000003,1.3639557846162291
3655.6000000000004,1.2832607434685652
3656.0,1.353484980313624
3656.4,1.3321067286283808
3656.8,1.2759487728166832
3657.2000000000003,0.9233045683756819
3657.6000000000004,1.2762825567574254
3658.0,1.1413713374867305
3658.4,1.1851310137875952
3658.8,1.120584226251021
3659.2000000000003,1.4723421557837892
3659.6000000000004,1.192721299981006
3660.0,1.395049452101516
3660.4,1.2771494757728403
3660.8,1.338410428202522
3661.2000000000003,1.3040521796032711
3661.6000000000004,1.4297462528264901
3662.0,1.2299023435867995
3662.4,1.247266330943614
3662.8,1.327019254718544
3663.2000000000003,1.4924725479962073
3663.6000000000004,1.357154046918544
3664.0,1.2658008904633642
3664.4,1.382862363623433
3664.8,1.3273646661479872
3665.2000000000003,1.4470556198557383
3665.6000000000004,1.342622233409165
3666.0,1.3293144350670507
3666.4,1.270684641213965
3666.8,1.2687828316764025
3667.2000000000003,1.3217719688239344
3667.6000000000004,1.2195577059935472
3668.0,1.3359817083670325
3668.4,1.1940176804818305
3668.8,1.0730554981873
3669.2000000000003,1.3267529069155426
3669.6000000000004,0.9818845353065625
3670.0,1.1738803825573239
3670.4,1.247100397127465
3670.8,1.301059575678676
3671.2000000000003,1.327555451693395
3671.6000000000004,1.2511105495011838
3672.0,1.1944207184126778
3672.4,1.307921116521407
3672.8,1.2929110834424837
3673.2000000000003,1.3400241939471802
3673.6000000000004,1.3847913836811319
3674.0,1.2510101413030095
3674.4,1.2814098373247675
3674.8,1.2605895585123204
3675.2000000000003,1.3095348216065799
3675.6000000000004,1.3665178585390503
3676.0,1.3394526296096125
3676.4,1.3045798605305223
3676.8,1.4211623502184567
3677.2000000000003,1.3259621616147401
3677.6000000000004,1.1815479812609333
3678.0,1.263473656389376
3678.4,1.430301181021643
3678.8,1.5265969314685248
3679.2000000000003,1.422346096043334
3679.6000000000004,0.9617925658021163
3680.0,1.2850010131614265
3680.4,1.3934979088582198
3680.8,1.236232081205744
3681.2000000000003,1.24642340918174
3681.6000000000004,1.2099057448424444
3682.0,1.1626255912677603
3682.4,1.4906446473996227
3682.8,1.3657068432638693
3683.2000000000003,1.1293981779896225
3683.6000000000004,1.2858898918462103
3684.0,1.2417703672167042
3684.4,1.1611311931385184
3684.8,1.2446990649940903
3685.2000000000003,1.4367812180916668
3685.6000000000004,1.1052007878094703
3686.0,1.356031092813045
3686.4,1.3237875341984695
3686.8,1.1439476600164358
3687.2000000000003,1.2722068837981078
3687.6000000000004,1.4298652263716616
3688.0,1.3813165965155356
3688.4,1.1236764283763798
3688.8,1.2374198446638789
3689.2000000000003,1.1669728071629974
3689.6000000000004,1.2742393029253685
3690.0,1.1837275511826257
3690.4,1.4158403688637755
3690.8,1.375733550765349
3691.2000000000003,1.3288442807592407
3691.6000000000004,1.229475441488112
3692.0,1.5049025370550508
3692.4,1.2811379402133414
3692.8,1.2150644251185705
3693.2000000000003,1.1566199271663236
3693.6000000000004,1.2309957401504241
3694.0,1.425722364575649
3694.4,1.3138118274850863
3694.8,1.273493675492324
3695.2000000000003,1.2465103291575566
3695.6000000000004,1.1763628431722633
3696.0,1.4023526468434095
3696.4,1.1325683305835528
3696.8,1.3489769247758978
3697.2000000000003,1.226187912047075
3697.6000000000004,1.1638341629336633
3698.0,1.4258144683520182
3698.4,1.2642773751133678
3698.8,1.215254569299353
3699.2000000000003,1.2723571141064272
3699.6000000000004,1.2662368580959305
3700.0,1.2452570463721337
3700.4,1.1965044073520203
3700.8,1.1621531303050683
3701.2000000000003,1.4710000684499367
3701.6000000000004,1.2264277494015305
3702.0,1.3392043226498098
3702.4,0.9932542906848174
3702.8,1.1515689740412791
3703.2000000000003,1.3073535694490188
3703.6000000000004,1.1724220563941898
3704.0,1.3983789120485468
3704.4,1.2728694140831376
3704.8,1.4243611559488851
3705.2000000000003,1.2023164043360897
3705.6000000000004,1.3022128102537545
3706.0,1.2436138242782384
3706.4,1.348901000449302
3706.8,1.2442959059574668
3707.2000000000003,1.167184846249205
3707.6000000000004,1.0809508351019528
3708.0,1.2700385062892339
3708.4,1.32155436089765
3708.8,1.4043717120479127
3709.2000000000003,1.3590589900111958
3709.6000000000004,1.2307795638878267
3710.0,1.1480665162997707
3710.4,1.2130427233455197
3710.8,1.375276554080453
3711.2000000000003,1.0939598421819658
3711.6000000000004,1.2031620591960799
3712.0,1.3264447866280695
3712.4,1.1496517256724208
3712.8,1.1595790064809763
3713.2000000000003,1.3149515221482835
3713.6000000000004,1.3276728106915439
3714.0,1.2481060101208503
3714.4,1.2582616616233457
3714.8,1.2550521374664827
3715.2000000000003,1.1213019159875621
3715.6000000000004,1.3634363820359454
3716.0,1.473062524315226
3716.4,1.3198251532266485
3716.8,1.221604755649432
3717.2000000000003,1.131530580619929
3717.6000000000004,1.1981609080895654
3718.0,1.390890274629373
3718.4,1.2150286563216035
3718.8,1.251194853941471
3719.2000000000003,1.418241998827363
3719.6000000000004,1.460280309953854
3720.0,1.262006107062752
3720.4,1.3097429661198923
3720.8,1.19431697800867
3721.2000000000003,1.1524330954273914
3721.6000000000004,1.2949964868947634
3722.0,1.3347132217383348
3722.4,1.2823540843475436
3722.8,1.3737388660379106
3723.2000000000003,1.41605432956062
3723.6000000000004,1.2092747227153424
3724.0,1.3612220578607634
3724.4,1.4270938186586042
3724.8,1.1100026967269865
3725.2000000000003,1.239736378013223
3725.6000000000004,1.3197672462680976
3726.0,1.309014236859221
3726.4,1.2008565153163304
3726.8,1.3562283874975736
3727.2000000000003,1.209737964572176
3727.6000000000004,1.3222162810976967
3728.0,1.3281217691734604
3728.4,1.2608912987727792
3728.8,1.4722661280037586
3729.2000000000003,1.2836426143709303
3729.6000000000004,1.4264686470752597
3730.0,1.6424446195187368
3730.4,1.3125949301714879
3730.8,1.2398805714327192
3731.2000000000003,1.3007047232054394
3731.6000000000004,1.1252938841082862
3732.0,1.256502372141344
3732.4,1.2999201095745796
3732.8,1.366204853888775
3733.2000000000003,1.215164871819395
3733.6000000000004,1.195255835752941
3734.0,1.3268847903146348
3734.4,1.289989623941178
3734.8,1.3566594592434142
3735.2000000000003,1.2707000159343775
3735.6000000000004,1.2494835232029742
3736.0,1.383524711099204
3736.4,1.2523007993861202
3736.8,1.3759631595588648
3737.2000000000003,1.2925078555789047
3737.6000000000004,1.194156271376431
3738.0,1.3013991031928605
3738.4,1.1402821808043855
3738.8,1.2617088718968381
3739.2000000000003,1.4595122948721142
3739.6000000000004,1.2841150031464283
3740.0,1.2689792723215685
3740.4,1.2451923177745334
3740.8,1.331065068625963
3741.2000000000003,1.2806373962463469
3741.6000000000004,1.3996419946556555
3742.0,1.3150278598556395
3742.4,1.1207736257660454
3742.8,1.347190532154596
3743.2000000000003,1.4232482559753885
3743.6000000000004,1.3694031353018934
3744.0,1.2812511222867933
3744.4,1.2510642827153715
3744.8,1.3346700181576954
3745.2000000000003,1.193337033740022
3745.6000000000004,1.3559897435923323
3746.0,1.440309206798212
3746.4,1.3208192743704084
3746.8,1.2746148977701177
3747.2000000000003,1.238475209037052
3747.6000000000004,1.2979723612389704
3748.0,1.3433113525147709
3748.4,1.3654684059644069
3748.8,1.2277631924260966
3749.2000000000003,1.2326604147995643
3749.6000000000004,1.2681390275851783
3750.0,1.2999866835825378
3750.4,1.2972240242746294
3750.8,1.458509554056278
3751.2000000000003,1.198276765905719
3751.6000000000004,1.2718018319961115
3752.0,1.2509428261453852
3752.4,1.3619447388474426
3752.8,1.16762593152713
3753.2000000000003,1.3152384132071206
3753.6000000000004,1.1764611273186958
3754.0,1.2056380051031854
3754.4,1.2399582159383962
3754.8,1.4346480120833092
3755.2000000000003,1.1537929798049908
3755.6000000000004,1.390613662833815
3756.0,1.4557001903005748
3756.4,1.278788932358157
3756.8,1.1721433654817566
3757.2000000000003,1.2842289121124553
3757.6000000000004,1.3120336137567947
3758.0,1.1232294629315722
3758.4,1.1545308609341798
3758.8,1.2421298325394483
3759.2000000000003,1.1723281204785794
3759.6000000000004,1.3721719171424769
3760.0,1.3429042445759756
3760.4,1.247440374059384
3760.8,1.3604554097965569
3761.2000000000003,1.2925425036533664
3761.6000000000004,1.2357203793168972
3762.0,1.2719379264138317
3762.4,1.3939420259676987
3762.8,1.2140596646122708
3763.2000000000003,1.2269766807764162
3763.6000000000004,1.2883317313391516
3764.0,1.2880439714682346
3764.4,1.308122335274885
3764.8,1.1381514744982357
3765.2000000000003,1.3824703730473886
3765.6000000000004,1.0974031344003006
3766.0,1.3522699253823673
3766.4,1.318647719733466
3766.8,1.4058197670333383
3767.2000000000003,1.3858598922793453
3767.6000000000004,1.4877446959663683
3768.0,1.106047837877627
3768.4,1.2696468577900752
3768.8,1.3997661138934747
3769.2000000000003,1.3067454148667537
3769.6000000000004,1.5338235725571767
3770.0,1.270549580968834
3770.4,1.4250576175248975
3770.8,1.303460877396575
3771.2000000000003,1.3348123147321855
3771.6000000000004,1.1646197366297708
3772.0,1.307083320991044
3772.4,1.151204437307686
3772.8,1.243525024582723
3773.2000000000003,1.2535058115192617
3773.6000000000004,1.309763561985227
3774.0,1.325929370477029
3774.4,1.3125300186809112
3774.8,1.3565284112608231
3775.2000000000003,1.3182789822408711
3775.6000000000004,1.1960762400629066
3776.0,1.4353834468701505
3776.4,1.2944831068315656
3776.8,1.294420741756432
3777.2000000000003,1.3038494997310797
3777.6000000000004,1.260957435570584
3778.0,1.3932836162499005
3778.4,1.4245007942583034
3778.8,1.3385812166094957
3779.2000000000003,1.1508856725970398
3779.6000000000004,1.210060718246785
3780.0,1.0844546014760066
3780.4,1.3516419990855546
3780.8,1.1881454016207775
3781.2000000000003,1.3546877984410386
3781.6000000000004,1.31548828731905
3782.0,1.43082694509824
3782.4,1.4596448929665002
3782.8,1.3535046532457171
3783.2000000000003,1.2852509592474357
3783.6000000000004,1.1924166249885215
3784.0,1.3314928458320419
3784.4,1.1961501213099444
3784.8,1.3133028502977737
3785.2000000000003,1.3516078097431343
3785.6000000000004,1.2662551074444894
3786.0,1.2215235584074844
3786.4,1.2769134431063176
3786.8,1.1659093839141053
3787.2000000000003,1.4398557873283262
3787.6000000000004,1.4043587936190338
3788.0,1.2678412575781104
3788.4,1.360013878470037
3788.8,1.2947297351891707
3789.2000000000003,1.2480689681459805
3789.6000000000004,1.6128344433091277
3790.0,1.4585172372601842
3790.4,1.4725179448483037
3790.8,1.3031396581319528
3791.2000000000003,1.278538238378422
3791.6000000000004,1.4232325701115678
3792.0,1.2384848265926234
3792.4,1.1700912342658278
3792.8,1.1896948598912966
3793.2000000000003,1.3213244348755848
3793.6000000000004,1.422626333077026
3794.0,1.2953246663491569
3794.4,1.4699238171115325
3794.8,1.2270827591141011
3795.2000000000003,1.0851897454457715
3795.6000000000004,1.3866200205612869
3796.0,1.368769828780501
3796.4,1.3754435912749643
3796.8,1.3387838757437012
3797.2000000000003,1.2971225243179776
3797.6000000000004,1.2356397780343022
3798.0,1.359221688544149
3798.4,1.1741455129244278
3798.8,1.2501638476915642
3799.2000000000003,1.3080151396587005
3799.6000000000004,1.3664027271185688
3800.0,1.2464624044812467
3800.4,1.3844830525371923
3800.8,1.1416943044638963
3801.2000000000003,1.263121011198867
3801.6000000000004,1.3056185740533142
3802.0,1.356849825072794
3802.4,1.2216070973295619
3802.8,1.2592946444044024
3803.2000000000003,1.123767647772
3803.6000000000004,1.2612270482906018
3804.0,1.2583317477897
3804.4,1.19500287399502
3804.8,1.380663340113732
3805.2000000000003,1.287361392215563
3805.6000000000004,1.5159825073242241
3806.0,1.4060571912975985
3806.4,1.2611174436072523
3806.8,1.4557530701239711
3807.2000000000003,1.2290732780263105
3807.6000000000004,1.286664261587223
3808.0,1.124385950074564
3808.4,1.3136724046143324
3808.8,1.2375701540563093
3809.2000000000003,1.2203958876460859
3809.6000000000004,1.2776946665453046
3810.0,1.1424349013344006
3810.4,1.1801134429186346
3810.8,1.17497353553022
3811.2000000000003,1.3166696792884702
3811.6000000000004,1.2348504621409087
3812.0,1.3652056108627166
3812.4,1.241097023978973
3812.8,1.5160483353756398
3813.2000000000003,1.3687626186556792
3813.6000000000004,1.2489516704810302
3814.0,1.272642193174973
3814.4,1.2431478243105016
3814.8,1.3161423688666443
3815.2000000000003,1.3792102301793587
3815.6000000000004,1.0169584975082775
3816.0,1.2949638675162412
3816.4,1.2881300693277415
3816.8,1.3925733480146483
3817.2000000000003,1.4036132304109459
3817.6000000000004,1.3870142629516378
3818.0,1.108702466244506
3818.4,1.3941200301743015
3818.8,1.2943302879940197
3819.2000000000003,1.2600314187579567
3819.6000000000004,1.3406886981134867
3820.0,1.482531368116412
3820.4,1.2438858903804593
3820.8,1.2887520585231975
3821.2000000000003,1.2205236706807305
3821.6000000000004,1.316531075945494
3822.0,1.3110733903160368
3822.4,1.316640646121947
3822.8,1.4365258880825276
3823.2000000000003,1.4964340131651768
3823.6000000000004,1.3758472367933647
3824.0,1.3143348780154467
3824.4,1.2786280085959971
3824.8,1.3986106332288462
3825.2000000000003,1.420959684008912
3825.6000000000004,1.4091681489461816
3826.0,1.2761610865975903
3826.4,1.2918095594020194
3826.8,1.3274662859195026
3827.2000000000003,1.6158041545792594
3827.6000000000004,1.1527998647541087
3828.0,1.2026818438026505
3828.4,1.3066501886052018
3828.8,1.2937824289077626
3829.2000000000003,1.2224489841297594
3829.6000000000004,1.3937923929593856
3830.0,1.2722728355782575
3830.4,1.2549859063875193
3830.8,1.1874906030387613
3831.2000000000003,1.2650724950949674
3831.6000000000004,1.4056596391044258
3832.0,1.2176008273726908
3832.4,1.266516916552962
3832.8,1.4138162552167646
3833.2000000000003,1.4933257670426094
3833.6000000000004,1.5122515553418994
3834.0,1.3188561755489958
3834.4,1.477771993806497
3834.8,1.5603557087832813
3835.2000000000003,1.4315667719683005
3835.6000000000004,1.4205779998427417
3836.0,1.5401367364407297
3836.4,1.4190117216948914
3836.8,1.1925902223333356
3837.2000000000003,1.5175067846917114
3837.6000000000004,1.0388724058889822
3838.0,1.2055724221634772
3838.4,1.3217544393480727
3838.8,1.5287422295973943
3839.2000000000003,1.3699825069521434
3839.6000000000004,1.180927248925144
3840.0,1.3997999662773684
3840.4,1.3146728079618706
3840.8,1.342951959204969
3841.2000000000003,1.4334497385353875
3841.6000000000004,1.357694116678506
3842.0,1.2152736584893107
3842.4,1.2890607224491866
3842.8,1.2060157434668948
3843.2000000000003,1.1944550402008742
3843.6000000000004,1.4368508827762938
3844.0,1.2830335355289766
3844.4,1.4417531276452085
3844.8,1.190442673968735
3845.2000000000003,1.2546644039641075
3845.6000000000004,1.2753402493663861
3846.0,1.3340583783411455
3846.4,1.157459629922962
3846.8,1.358368111711401
3847.2000000000003,1.3810706983886285
3847.6000000000004,1.4336077361557882
3848.0,1.1207488243917656
3848.4,1.2270980064150447
3848.8,1.3433597504384687
3849.2000000000003,1.510037846771034
3849.6000000000004,1.4349372504642801
3850.0,1.1430755730737487
3850.4,1.3961404183727186
3850.8,1.281655349658382
3851.2000000000003,1.2256092412984114
3851.6000000000004,1.2054129066111636
3852.0,1.3854676044777168
3852.4,1.259899966264664
3852.8,1.2181432907615288
3853.2000000000003,1.359287919747696
3853.6000000000004,1.1488010824797144
3854.0,1.1994830761373332
3854.4,1.2028764251148079
3854.8,1.1722582220888302
3855.2000000000003,1.4154733150659806
3855.6000000000004,1.1940548328482135
3856.0,1.2515467237983198
3856.4,1.4170003244077551
3856.8,1.304372781675987
3857.2000000000003,1.301377042556104
3857.6000000000004,1.5063233933480387
3858.0,1.3775335478017143
3858.4,1.3209043585988458
3858.8,1.335442066139263
3859.2000000000003,1.1378486629169178
3859.6000000000004,1.3765012991536885
3860.0,1.0152788704261149
3860.4,1.2947259032443823
3860.8,1.296331765535643
3861.2000000000003,1.3321424003436286
3861.6000000000004,1.1793186185141746
3862.0,1.2883668538068902
3862.4,1.314403670614873
3862.8,1.2235116358894462
3863.2000000000003,1.299107912612786
3863.6000000000004,1.3017062418594818
3864.0,1.305693280509554
3864.4,1.331690675191951
3864.8,1.3739216931833742
3865.2000000000003,1.4677868228872302
3865.6000000000004,1.3927764001493068
3866.0,1.292625857445787
3866.4,1.4741200692254688
3866.8,1.2723841184243034
3867.2000000000003,1.3032934890228585
3867.6000000000004,1.4179083210741108
3868.0,1.2583232846808183
3868.4,1.1311443337135731
3868.8,1.3023205046530357
3869.2000000000003,1.3461358387835787
3869.6000000000004,1.4371559583712332
3870.0,1.2988110284327916
3870.4,1.4260381128272073
3870.8,1.3400705227508034
3871.2000000000003,1.31425394483585
3871.6000000000004,1.2510615983108573
3872.0,1.2107581024937708
3872.4,1.2316813897749677
3872.8,1.2989981329699467
3873.2000000000003,1.367480099013321
3873.6000000000004,1.179435168024638
3874.0,1.3030126691602346
3874.4,1.4199135033711576
3874.8,1.3977865926546467
3875.2000000000003,1.3395994594994254
3875.6000000000004,1.4353998852785725
3876.0,1.1730143862641507
3876.4,1.524560281560007
3876.8,1.491040495273873
3877.2000000000003,1.4451540226516102
3877.6000000000004,1.1378382867330643
3878.0,1.3385656581251928
3878.4,1.1191416623013366
3878.8,1.5048913594522615
3879.2000000000003,1.4115514822078434
3879.6000000000004,1.4329609269615908
3880.0,1.3753396936474798
3880.4,1.326280246180337
3880.8,1.2875883130542995
3881.2000000000003,1.435493300396817
3881.6000000000004,1.3384446598096709
3882.0,1.3895970498536254
3882.4,1.5593357669282801
3882.8,1.3959752775712129
3883.2000000000003,1.2613672255431483
3883.6000000000004,1.4180345587814391
3884.0,1.310051811777773
3884.4,1.4672207714552652
3884.8,1.3396333455284601
3885.2000000000003,1.255512351337186
3885.6000000000004,1.2753420295123241
3886.0,1.3238845179722023
3886.4,1.3071328843565828
3886.8,1.2087950298685204
3887.2000000000003,1.349687554760952
3887.6000000000004,1.324843228014319
3888.0,1.210093810615139
3888.4,1.3183402458394575
3888.8,1.2273514880168106
3889.2000000000003,1.245055360866989
3889.6000000000004,1.5317004303461204
3890.0,1.477353318710131
3890.4,1.0097571485565355
3890.8,1.356586117038906
3891.2000000000003,1.430994059558347
3891.6000000000004,1.210453929188899
3892.0,1.3088352978025852
3892.4,1.3183646471104926
3892.8,1.4188706961111786
3893.2000000000003,1.2524412442123896
3893.6000000000004,1.2520749266930218
3894.0,1.5025980724767685
3894.4,1.0812593918025095
3894.8,1.3273071067539837
3895.2000000000003,1.2949574856447068
3895.6000000000004,1.303115227106359
3896.0,1.3410861789246609
3896.4,1.5555918886422402
3896.8,1.3341374344629686
3897.2000000000003,1.4139123571567684
3897.6000000000004,1.3279458443424184
3898.0,1.3962459173160078
3898.4,1.3656129106559138
3898.8,1.0891524556275176
3899.2000000000003,1.3261861873754988
3899.6000000000004,1.1643406519347652
3900.0,1.3215026667710097
3900.4,1.3293654019168064
3900.8,1.3985303892654664
3901.2000000000003,1.2158212498907979
3901.6000000000004,1.4070772430313359
3902.0,1.4637108196335151
3902.4,1.3325614465370947
3902.8,1.229454178762859
3903.2000000000003,1.2979648482233497
3903.6000000000004,1.2534463603838097
3904.0,1.3795222962397304
3904.4,1.2999863889479202
3904.8,1.23172407056837
3905.2000000000003,1.2246775093618738
3905.6000000000004,1.4376618623099358
3906.0,1.486460868806168
3906.4,1.3880975779573395
3906.8,1.3457294515893845
3907.2000000000003,1.4412336894306035
3907.6000000000004,1.4682750909166855
3908.0,1.4048539332830425
3908.4,1.2782662147165114
3908.8,1.3704046670228418
3909.2000000000003,1.4396901128847441
3909.6000000000004,1.2912197414951865
3910.0,1.5020874774802744
3910.4,1.279056534048575
3910.8,1.2212121552722779
3911.2000000000003,1.3724231973940861
3911.6000000000004,1.31729773333204
3912.0,1.356887036548996
3912.4,1.2799301658124416
3912.8,1.1112292596553572
3913.2000000000003,1.1623525165885833
3913.6000000000004,1.0038744012627996
3914.0,1.2894641809368328
3914.4,1.2755341803605347
3914.8,1.5030747425241526
3915.2000000000003,1.227093665153924
3915.6000000000004,1.3658476129876505
3916.0,1.2679786654223664
3916.4,1.3143849642828278
3916.8,1.3928600407285705
3917.2000000000003,1.12305449133444
3917.6000000000004,1.3411141709491163
3918.0,1.4807723023050776
3918.4,1.3522056779400613
3918.8,1.4207603750635946
3919.2000000000003,1.3481205963556735
3919.6000000000004,1.22148055456061
3920.0,1.2119240740566077
3920.4,1.108124073870202
3920.8,1.4148752053144902
3921.2000000000003,1.2715836816411548
3921.6000000000004,1.3125578041048491
3922.0,1.2673062846515886
3922.4,1.2823220263916346
3922.8,1.2695674246288204
3923.2000000000003,1.1809760551366657
3923.6000000000004,1.3049808374020926
3924.0,1.5180793841122466
3924.4,1.1350270753683736
3924.8,1.3625433736919583
3925.2000000000003,1.3943220314778249
3925.6000000000004,1.356708987923426
3926.0,1.5268222635560256
3926.4,1.3229154338269613
3926.8,1.3855546567916512
3927.2000000000003,1.2064644726735338
3927.6000000000004,1.472736379629881
3928.0,1.2738960541098403
3928.4,1.4164837055796213
3928.8,1.4426319157739318
3929.2000000000003,1.2413486178801245
3929.6000000000004,1.1938644529989084
3930.0,1.2024699326721098
3930.4,1.4641929697905687
3930.8,1.2664393678893577
3931.2000000000003,1.1900271742860065
3931.6000000000004,1.4761529746023483
3932.0,1.235336680262982
3932.4,1.2473267146834077
3932.8,1.139657522530238
3933.2000000000003,1.5375811486520448
3933.6000000000004,1.32537143355842
3934.0,1.4387249833319369
3934.4,1.350632293119364
3934.8,1.378362361876935
3935.2000000000003,1.489459823592774
3935.6000000000004,1.321677082352338
3936.0,1.3441258970742536
3936.4,1.2549572793479002
3936.8,1.2315159995811373
3937.2000000000003,1.2901899881550805
3937.6000000000004,1.28639711627561
3938.0,1.315295472101219
3938.4,1.4456896084713509
3938.8,1.2649218770674964
3939.2000000000003,1.4050880003622361
3939.6000000000004,1.4152029498039171
3940.0,1.212667231492799
3940.4,1.3649829467245387
3940.8,1.2773050881697312
3941.2000000000003,1.4082189737215376
3941.6000000000004,1.4119511053730411
3942.0,1.2741577888139197
3942.4,1.3681781560305875
3942.8,1.3491112141764308
3943.2000000000003,1.2247560631271293
3943.6000000000004,1.475306254365569
3944.0,1.417969695804391
3944.4,1.3566180358862312
3944.8,1.3776467056723993
3945.2000000000003,1.2926770405620247
3945.6000000000004,1.4242769363735888
3946.0,1.4463257110888437
3946.4,1.23259201610988
3946.8,1.214593493019149
3947.2000000000003,1.4475985544979586
3947.6000000000004,1.210437098581835
3948.0,1.437689836952703
3948.4,1.451292002180225
3948.8,1.2505103490301892
3949.2000000000003,1.2333676953243227
3949.6000000000004,1.0663321106720638
3950.0,1.333188068423816
3950.4,1.4227735117112073
3950.8,1.3114054436906106
3951.2000000000003,1.4656107960317333
3951.6000000000004,1.1627634392638364
3952.0,1.316574010342983
3952.4,1.2654991648062968
3952.8,1.2388938504840448
3953.2000000000003,1.3154737862916819
3953.6000000000004,1.2846583130301097
3954.0,1.4264233866540432
3954.4,1.1909371806783215
3954.8,1.374784558761437
3955.2000000000003,1.3985409728627594
3955.6000000000004,1.13242331305575
3956.0,1.217845813972726
3956.4,1.317241506098172
3956.8,1.535812801692042
3957.2000000000003,1.4775135155142836
3957.6000000000004,1.0877356780479908
3958.0,1.4392263439244068
3958.4,1.3482897999887935
3958.8,1.2606916049258607
3959.2000000000003,1.398749863426925
3959.6000000000004,1.5166082518003803
3960.0,1.378653898812743
3960.4,1.3107157290973603
3960.8,1.372853451747553
3961.2000000000003,1.3703980332219088
3961.6000000000004,1.3069918491225765
3962.0,1.3036825704739843
3962.4,1.426730494327986
3962.8,1.3435462112436545
3963.2000000000003,1.353343288111798
3963.6000000000004,1.326303685658561
3964.0,1.4758821509348592
3964.4,1.2388514036193103
3964.8,1.3350765361232584
3965.2000000000003,1.2981903982853429
3965.6000000000004,1.289561212402584
3966.0,1.4255464205708093
3966.4,1.1351377099520508
3966.8,1.1973475269932765
3967.2000000000003,1.2112126818988882
3967.6000000000004,1.057414771071423
3968.0,1.3690176785307653
3968.4,1.359685607304082
3968.8,1.2075163693067879
3969.2000000000003,1.245595730417938
3969.6000000000004,1.2843092181891023
3970.0,1.3856677115609395
3970.4,1.4236103987135584
3970.8,1.190384019053036
3971.2000000000003,1.4748191575301215
3971.6000000000004,1.260812005736689
3972.0,1.3040529935707077
3972.4,1.238058879035309
3972.8,1.195139519448004
3973.2000000000003,1.343008655246498
3973.6000000000004,1.3032981134695834
3974.0,1.269498714115994
3974.4,1.231523951022015
3974.8,1.53411056245335
3975.2000000000003,1.3130213464526084
3975.6000000000004,1.3598150230531982
3976.0,1.4992523833591265
3976.4,1.2120386923270352
3976.8,1.4204418220378403
3977.2000000000003,1.5107024242314726
3977.6000000000004,1.3918101196073696
3978.0,1.2937261991013238
3978.4,1.3431170326493906
3978.8,1.323794380605596
3979.2000000000003,1.32792595696964
3979.6000000000004,1.2897075357819319
3980.0,1.4809211893745764
3980.4,1.4074154683312543
3980.8,1.2923583014038298
3981.2000000000003,1.4692475390560427
3981.6000000000004,1.4651053747194136
3982.0,1.4109727292817755
3982.4,1.3672048023914778
3982.8,1.2204061857760593
3983.2000000000003,1.3830244166493897
3983.6000000000004,1.2207543033356028
3984.0,1.5998316941912385
3984.4,1.3753281290200738
3984.8,1.3038739140380446
3985.2000000000003,1.263487994652131
3985.6000000000004,1.2298979680902018
3986.0,1.4661027235322717
3986.4,1.303024438841662
3986.8,1.4468673511825523
3987.2000000000003,1.4435658533764442
3987.6000000000004,1.3808743506873058
3988.0,1.2661867837951868
3988.4,1.2914408192229803
3988.8,1.5689300445750356
3989.2000000000003,1.2712085881826702
3989.6000000000004,1.3293155575679625
3990.0,1.2940241867276123
3990.4,1.4699842946393908
3990.8,1.3209964335803281
3991.2000000000003,1.1795469074546294
3991.6000000000004,1.1819056712690985
3992.0,1.3565181277870964
3992.4,1.269924423058002
3992.8,1.7127028296546025
3993.2000000000003,1.4612719741668379
3993.6000000000004,1.3066207718885998
3994.0,1.5296986552444816
3994.4,1.4603143130255205
3994.8,1.3016704921278632
3995.2000000000003,1.4744706327475796
3995.6000000000004,1.2014831742824827
3996.0,1.5046489919916177
3996.4,1.2206183885643145
3996.8,1.1154852600870313
3997.2000000000003,1.3287625625198143
3997.6000000000004,1.413643082129909
3998.0,1.4823460304288312
3998.4,1.3727029362796839
3998.8,1.5438033399375501
3999.2000000000003,1.4100729310698825
3999.6000000000004,1.4004738923413318
4000.0,1.3637408187621407
4000.4,1.3909611296848723
4000.8,1.4106322815135763
4001.2000000000003,1.2472309165689868
4001.6000000000004,1.390877364539162
4002.0,1.2945727688831135
4002.4,1.4172950216429268
4002.8,1.3944165412193852
4003.2000000000003,1.3121747848759955
4003.6000000000004,1.2716405221305214
4004.0,1.5775252459897624
4004.4,1.3065584319226424
4004.8,1.1410076743191406
4005.2000000000003,1.5144797402484544
4005.6000000000004,1.2091380623938652
4006.0,1.5213179386583966
4006.4,1.3866198778725463
4006.8,1.2928316039192678
4007.2000000000003,1.2848240451355881
4007.6000000000004,1.4097864970008613
4008.0,1.3386089935451053
4008.4,1.4834135542030724
4008.8,1.2140266956056545
4009.2000000000003,1.0635319765156581
4009.6000000000004,1.4767030601652968
4010.0,1.434639749458739
4010.4,1.3680475567644952
4010.8,1.297191097362341
4011.2000000000003,1.26032616398983
4011.6000000000004,1.4565387456357806
4012.0,1.3823879298487416
4012.4,1.4461494780463322
4012.8,1.4617282669816811
4013.2000000000003,1.4332600477672788
4013.6000000000004,1.4837892639893446
4014.0,1.2596824736503445
4014.4,1.2700597741809827
4014.8,1.5496811263691455
4015.2000000000003,1.2668058139727043
4015.6000000000004,1.4121121781159707
4016.0,1.6182243106545147
4016.4,1.3456533577750565
4016.8,1.2832341215338083
4017.2000000000003,1.5266568450234443
4017.6000000000004,1.3395708653561496
4018.0,1.269166618207118
4018.4,1.3709242645643522
4018.8,1.333408629625191
4019.2000000000003,1.3853041093561909
4019.6000000000004,1.3481697126173553
4020.0,1.4768955268401105
4020.4,1.2245074190911334
4020.8,1.379997067305927
4021.2000000000003,1.5530029451185912
4021.6000000000004,1.3521023389168632
4022.0,1.187052942234895
4022.4,1.4340442891176308
4022.8,1.303451550985074
4023.2000000000003,1.4871079446563682
4023.6000000000004,1.3298828789020574
4024.0,1.218212996818086
4024.4,1.1813780308533306
4024.8,1.2777594294764034
4025.2000000000003,1.4037044625458819
4025.6000000000004,1.3795501340935274
4026.0,1.287328807425714
4026.4,1.4486503377561901
4026.8,1.2152630444299841
4027.2000000000003,1.1297410975859663
4027.6000000000004,1.3932869336024338
4028.0,1.3450458591356005
4028.4,1.3288349115453957
4028.8,1.3346777717617473
4029.2000000000003,1.3568315166784772
4029.6000000000004,1.479216939679143
4030.0,1.3779705462545055
4030.4,1.5087752813330662
4030.8,1.5745082876348635
4031.2000000000003,1.2550407616046424
4031.6000000000004,1.2349169573371934
4032.0,1.3755472494717622
4032.4,1.2187268594673364
4032.8,1.2895988036786057
4033.2000000000003,1.511679353327238
4033.6000000000004,1.352497060301924
4034.0,1.3522641306348935
4034.4,1.3488918644200896
4034.8,1.4262954594873873
4035.2000000000003,1.3812368043550478
4035.6000000000004,1.3775037107924335
4036.0,1.1893027255460238
4036.4,1.4455641627500078
4036.8,1.1462550176536672
4037.2000000000003,1.2079720985486915
4037.6000000000004,1.271001029933685
4038.0,1.583530618216398
4038.4,1.2736952743832806
4038.8,1.0901675929096886
4039.2000000000003,1.2660280699708923
4039.6000000000004,1.368944287658878
4040.0,1.4156624368513162
4040.4,1.4478911013718898
4040.8,1.604167408989527
4041.2000000000003,1.2898051228283205
4041.6000000000004,1.2737693463088084
4042.0,1.2547209235272465
4042.4,1.4286811590575392
4042.8,1.3437919613545204
4043.2000000000003,1.365331825735372
4043.6000000000004,1.4221664400074836
4044.0,1.3700802143500848
4044.4,1.3163754256698748
4044.8,1.2500664739256993
4045.2000000000003,1.4544609622172902
4045.6000000000004,1.4508000797413914
4046.0,1.3414388799306516
4046.4,1.192084728001259
4046.8,1.3801455837484944
4047.2000000000003,1.4423992057346737
4047.6000000000004,1.3718882731037496
4048.0,1.385907011051897
4048.4,1.3323304453655063
4048.8,1.4884476125762516
4049.2000000000003,1.534839253580618
4049.6000000000004,1.3242788127534577
4050.0,1.262640978208276
4050.4,1.250629104127626
4050.8,1.4247877146188075
4051.2000000000003,1.1681474708989767
4051.6000000000004,1.4008429090885723
4052.0,1.298959774372187
4052.4,1.3957561685231563
4052.8,1.453009391340701
4053.2000000000003,1.3831320778882639
4053.6000000000004,1.2711518835259836
4054.0,1.4014172318963423
4054.4,1.320993617746979
4054.8,1.2820979373813381
4055.2000000000003,1.4746353751925696
4055.6000000000004,1.0213610830938218
4056.0,1.3661832333524586
4056.4,1.5880227548727137
4056.8,1.4253994518183635
4057.2000000000003,1.1854599776837609
4057.6000000000004,1.1735819582572702
4058.0,1.3072301965406536
4058.4,1.4648548600698392
4058.8,1.3732060964192594
4059.2000000000003,1.4002354835603281
4059.6000000000004,1.5205736673042853
4060.0,1.4313837555103408
4060.4,1.4617837653968848
4060.8,1.5917699745102576
4061.2000000000003,1.3010235262761938
4061.6000000000004,1.376310909405887
4062.0,1.227414670710067
4062.4,1.3766281923989179
4062.8,1.4690193252895958
4063.2000000000003,1.4099054413309902
4063.6000000000004,1.2479581964700375
4064.0,1.2405595004732457
4064.4,1.560428326869315
4064.8,1.2169550030515235
4065.2000000000003,1.3980276626616963
4065.6000000000004,1.3420947912187697
4066.0,1.3669693934663134
4066.4,1.6213939903096952
4066.8,1.426520284389341
4067.2000000000003,1.4015953807759214
4067.6000000000004,1.3568686704384547
4068.0,1.3439660456696487
4068.4,1.46582743945604
4068.8,1.4266878321833731
4069.2000000000003,1.194904792756253
4069.6000000000004,1.249038724216113
4070.0,1.3247782815245255
4070.4,1.3400125894386974
4070.8,1.2374485146446077
4071.2000000000003,1.4880093491529445
4071.6000000000004,1.4057042168153608
4072.0,1.4163450829896926
4072.4,1.4733856125324554
4072.8,1.3443135902696202
4073.2000000000003,1.2800061416076987
4073.6000000000004,1.3920310938163138
4074.0,1.52491363727549
4074.4,1.317822275758497
4074.8,1.5468840632233634
4075.2000000000003,1.2716292201607524
4075.6000000000004,1.4270659959994771
4076.0,1.3242005313782637
4076.4,1.5099835812981062
4076.8,1.4654541462753086
4077.2000000000003,1.4134827338261884
4077.6000000000004,1.352096624892157
4078.0,1.3963451211160585
4078.4,1.3058874003948255
4078.8,1.270933617582919
4079.2000000000003,1.5197265967578002
4079.6000000000004,1.3200725242471558
4080.0,1.3688149534312846
4080.4,1.5998006427851408
4080.8,1.564269907653221
4081.2000000000003,1.4206530973438
4081.6000000000004,1.4715130916940742
4082.0,1.4299739712761341
4082.4,1.4356619627264573
4082.8,1.3077575991026786
4083.2000000000003,1.3908030600346557
4083.6000000000004,1.270315190827867
4084.0,1.2761631091758951
4084.4,1.2437728258665393
4084.8,1.3680661635445177
4085.2000000000003,1.5871885505885834
4085.6000000000004,1.3758732247563148
4086.0,1.4326198085665112
4086.4,1.4391717243646167
4086.8,1.3132960129329914
4087.2000000000003,1.2754409804115978
4087.6000000000004,1.5785594615632934
4088.0,1.3896446783905505
4088.4,1.2354575441952063
4088.8,1.3751580639390064
4089.2000000000003,1.2440139346734933
4089.6000000000004,1.2371158378238505
4090.0,1.368416294956871
4090.4,1.437856728975673
4090.8,1.31074979310009
4091.2000000000003,1.4905015428837765
4091.6000000000004,1.4456579246238033
4092.0,1.2360352270128439
4092.4,1.5408260177419622
4092.8,1.0973260299549095
4093.2000000000003,1.4240604768177092
4093.6000000000004,1.527664759876781
4094.0,1.3978297666145991
4094.4,1.4334187515125862
4094.8,1.5623797390301086
4095.2000000000003,1.2054893235789896
4095.6000000000004,1.1747275312928656
4096.0,1.3351020081644478
4096.400000000001,1.2751703126417555
4096.8,1.468970016114306
4097.2,1.2870771511380448
4097.6,1.3119886821015483
4098.0,1.5052066576073067
4098.400000000001,1.5379843485333924
4098.8,1.247344090621125
4099.2,1.5236709726796782
4099.6,1.3143684310728143
4100.0,1.5067796305083834
4100.400000000001,1.2983781968222807
4100.8,1.3500372642566862
4101.2,1.5306394085577368
4101.6,1.4218229308290078
4102.0,1.334244165168836
4102.400000000001,1.3986056713989934
4102.8,1.4126754129057404
4103.2,1.4489986166602624
4103.6,1.3264797026577217
4104.0,1.5609153241690663
4104.400000000001,1.423359441973305
4104.8,1.5248837763614556
4105.2,1.1965526848826884
4105.6,1.406341261861015
4106.0,1.422918263306724
4106.400000000001,1.423369051604713
4106.8,1.2399203974396928
4107.2,1.3715587752614433
4107.6,1.5465702357954891
4108.0,1.2844554561889623
4108.400000000001,1.3440917463334487
4108.8,1.4343267038160654
4109.2,1.5051257565856255
4109.6,1.40924045618126
4110.0,1.3684799478517329
4110.400000000001,1.4347389736967604
4110.8,1.241387769403554
4111.2,1.2509544906021368
4111.6,1.2171808937451067
4112.0,1.444268686683209
4112.400000000001,1.5145781867605643
4112.8,1.3597490430968913
4113.2,1.4891572921945433
4113.6,1.489409896611034
4114.0,1.4390499712621831
4114.400000000001,1.5481052891247105
4114.8,1.3527130956267828
4115.2,1.2616924783429784
4115.6,1.3724669100823994
4116.0,1.2057451208150227
4116.400000000001,1.28849303576413
4116.8,1.4524771543101278
4117.2,1.4041132920894974
4117.6,1.5880216324518992
4118.0,1.3353620018877388
4118.400000000001,1.4430803067449307
4118.8,1.3754294428762202
4119.2,1.3921698576076253
4119.6,1.5265029201845755
4120.0,1.481973160026088
4120.400000000001,1.2505677460960891
4120.8,1.4349833525006528
4121.2,1.359624788138307
4121.6,1.5017883498796283
4122.0,1.366612223537359
4122.400000000001,1.3288114529508896
4122.8,1.1953387399180777
4123.2,1.3863583862323672
4123.6,1.3336899014576122
4124.0,1.438296569526904
4124.400000000001,1.4310504253788627
4124.8,1.333201677500414
4125.2,1.4374555393358304
4125.6,1.3284426663164388
4126.0,1.4136003524718357
4126.400000000001,1.4629004925243794
4126.8,1.4764108471563882
4127.2,1.503972178369627
4127.6,1.6840448358760614
4128.0,1.446903116758845
4128.400000000001,1.498083773444157
4128.8,1.3738798527337817
4129.2,1.493065258201622
4129.6,1.559090750035357
4130.0,1.5533705080938942
4130.400000000001,1.3841259749415906
4130.8,1.3841176068632464
4131.2,1.2599074485743236
4131.6,1.3781516747263745
4132.0,1.4640650152357526
4132.400000000001,1.6597305752096618
4132.8,1.4872986779615291
4133.2,1.3689927261196178
4133.6,1.462516652300502
4134.0,1.5849409685432378
4134.400000000001,1.336233058572782
4134.8,1.4227342638447498
4135.2,1.545278288874893
4135.6,1.22786698350755
4136.0,1.385980025527394
4136.400000000001,1.1273354733869883
4136.8,1.205812903970693
4137.2,1.2218233089525943
4137.6,1.232455407476683
4138.0,1.6221792527125365
4138.400000000001,1.316752398389577
4138.8,1.3926212909319027
4139.2,1.3129558019101548
4139.6,1.3289398055466937
4140.0,1.3594635072225867
4140.400000000001,1.518495834158891
4140.8,1.3907411884564282
4141.2,1.4046782906541293
4141.6,1.3643083438316361
4142.0,1.6055153825917812
4142.400000000001,1.244998283009481
4142.8,1.468704028369847
4143.2,1.6405244816038667
4143.6,1.3493324570013645
4144.0,1.4612565713320524
4144.400000000001,1.4433515404032702
4144.8,1.3359771239214617
4145.2,1.257846283370817
4145.6,1.4662769112896112
4146.0,1.2833204144862096
4146.400000000001,1.3450002890051236
4146.8,1.6017045254520883
4147.2,1.1011352428267402
4147.6,1.4883288760043474
4148.0,1.5540846192292928
4148.400000000001,1.4135734376493578
4148.8,1.4213965039191203
4149.2,1.4386400532825014
4149.6,1.2487882561208543
4150.0,1.5320532361921746
4150.400000000001,1.452140694211602
4150.8,1.4192500658756884
4151.2,1.4323563584082686
4151.6,1.377612932967767
4152.0,1.5297099179500226
4152.400000000001,1.4950862975594883
4152.8,1.6505574104458303
4153.2,1.2544765498299315
4153.6,1.5115092200879678
4154.0,1.4636546384262574
4154.400000000001,1.5090746609572137
4154.8,1.5252644892568954
4155.2,1.2769585382790485
4155.6,1.4733195024101577
4156.0,1.3415073748382857
4156.400000000001,1.537909682422414
4156.8,1.4268261648807403
4157.2,1.3994386524424964
4157.6,1.2956755386183871
4158.0,1.3910630257940582
4158.400000000001,1.3375319341302774
4158.8,1.3968394951599106
4159.2,1.4549420623763374
4159.6,1.3034924765605838
4160.0,1.3528233594009045
4160.400000000001,1.4939958737563255
4160.8,1.4187914181316228
4161.2,1.3206251613813262
4161.6,1.2097395279638843
4162.0,1.248166335401521
4162.400000000001,1.3668167914254223
4162.8,1.4912006548201924
4163.2,1.3977500171221595
4163.6,1.5424741655289198
4164.0,1.6648946678092198
4164.400000000001,1.3653442284935389
4164.8,1.4080886963668204
4165.2,1.3477816920992447
4165.6,1.5152649689673614
4166.0,1.4104430269398516
4166.400000000001,1.4117381384397134
4166.8,1.3780196185952671
4167.2,1.3723485233916013
4167.6,1.3701263138042905
4168.0,1.393778198493734
4168.400000000001,1.0142656366353424
4168.8,1.5518190899642756
4169.2,1.4583733908467034
4169.6,1.1174850774808014
4170.0,1.4964916101822432
4170.400000000001,1.466176252311345
4170.8,1.4416255241955693
4171.2,1.3983146913948183
4171.6,1.5260294279905424
4172.0,1.3708040207436578
4172.400000000001,1.4899736497922014
4172.8,1.4702846597984787
4173.2,1.4946389880904
4173.6,1.487005205279207
4174.0,1.3052411170366587
4174.400000000001,1.382942975948418
4174.8,1.2798870769694286
4175.2,1.5991647582272157
4175.6,1.5175551498406814
4176.0,1.4344289319841195
4176.400000000001,1.5737486039530746
4176.8,1.3884884587868829
4177.2,1.4074025984396823
4177.6,1.4772265512973226
4178.0,1.4841256512613503
4178.400000000001,1.4604649805757253
4178.8,1.3154885138326509
4179.2,1.2471729107094007
4179.6,1.4103555382657134
4180.0,1.6689241179291239
4180.400000000001,1.366941225662913
4180.8,1.2112920363406836
4181.2,1.3330691929830738
4181.6,1.4594774318627146
4182.0,1.6241822851797247
4182.400000000001,1.330704183650302
4182.8,1.3052966012241276
4183.2,1.6563381563144308
4183.6,1.4679385673008902
4184.0,1.400867704348375
4184.400000000001,1.4877636568809414
4184.8,1.4557657976653615
4185.2,1.4622781920532815
4185.6,1.4294851917233762
4186.0,1.3590381695431448
4186.400000000001,1.3416239135167065
4186.8,1.4865609017533714
4187.2,1.4130803630814492
4187.6,1.3234860267982738
4188.0,1.4589727177497982
4188.400000000001,1.383566520474845
4188.8,1.4045730553022764
4189.2,1.3844939618977605
4189.6,1.2747182783389455
4190.0,1.4387550918495997
4190.400000000001,1.3797416233389463
4190.8,1.3101205552504338
4191.2,1.281368646406221
4191.6,1.2467618580591946
4192.0,1.4026338063868264
4192.400000000001,1.4167975766766219
4192.8,1.2797511776534982
4193.2,1.390921790392047
4193.6,1.6582227902172333
4194.0,1.4708330780963932
4194.400000000001,1.6503228977807007
4194.8,1.2104170646485812
4195.2,1.3759581332296902
4195.6,1.3618667267074476
4196.0,1.3802923482152192
4196.400000000001,1.273278264652736
4196.8,1.3858783526634229
4197.2,1.3648318098814671
4197.6,1.5195874329398353
4198.0,1.4153307142630422
4198.400000000001,1.4597346588405757
4198.8,1.61506274455739
4199.2,1.4837791148829462
4199.6,1.3771501888482753
4200.0,1.5869121852992643
4200.400000000001,1.5076125277890688
4200.8,1.2885679432821309
4201.2,1.3408877587463743
4201.6,1.2800979126828325
4202.0,1.4346807268710924
4202.400000000001,1.3971577379661175
4202.8,1.5927277479147226
4203.2,1.6506845481213592
4203.6,1.4214401255187727
4204.0,1.3300662745241203
4204.400000000001,1.5002915411175552
4204.8,1.3714412828473497
4205.2,1.4715031748006548
4205.6,1.5454828844169977
4206.0,1.5035437486405594
4206.400000000001,1.2493553677725833
4206.8,1.529606060348174
4207.2,1.5848255281780645
4207.6,1.3218571753936361
4208.0,1.293134564786362
4208.400000000001,1.2668644505889601
4208.8,1.5194566381477892
4209.2,1.3555283442775068
4209.6,1.5524969282924181
4210.0,1.255558131233331
4210.400000000001,1.581078393680018
4210.8,1.375253999253872
4211.2,1.448821082491813
4211.6,1.475685560730379
4212.0,1.4729400140004942
4212.400000000001,1.4431593767289637
4212.8,1.7196791941719303
4213.2,1.1853408361872637
4213.6,1.3480325855750555
4214.0,1.3901237580484904
4214.400000000001,1.5265880965738974
4214.8,1.5614187162040145
4215.2,1.4401859039724725
4215.6,1.4288442939979573
4216.0,1.6450516921158076
4216.400000000001,1.7595465820757044
4216.8,1.4280884294821907
4217.2,1.5314208404597995
4217.6,1.448280063001918
4218.0,1.37942918093639
4218.400000000001,1.3474655186866258
4218.8,1.4272477889740929
4219.2,1.5109536465777242
4219.6,1.5507518832782041
4220.0,1.3082826385470667
4220.400000000001,1.4834368568385783
4220.8,1.3444600285574368
4221.2,1.394471737325118
4221.6,1.426744136942815
4222.0,1.3878966779407145
4222.400000000001,1.3679926922806582
4222.8,1.411031655322628
4223.2,1.288466468178955
4223.6,1.4124954545507236
4224.0,1.5217753509136287
4224.400000000001,1.475207482092729
4224.8,1.4423843238737775
4225.2,1.5430990420352009
4225.6,1.5629841785059204
4226.0,1.326854451203292
4226.400000000001,1.293474312742435
4226.8,1.4206176509550978
4227.2,1.3869005040420284
4227.6,1.2931736345906835
4228.0,1.37981786679385
4228.400000000001,1.3646417198957859
4228.8,1.554132139591907
4229.2,1.3374107317264727
4229.6,1.637984541373181
4230.0,1.263081574068094
4230.400000000001,1.5276253330810117
4230.8,1.4211995779629203
4231.2,1.3672048372595704
4231.6,1.3525709967619481
4232.0,1.5431984460725863
4232.400000000001,1.6484380438938737
4232.8,1.4132756459640143
4233.2,1.291108517190187
4233.6,1.5542411306372794
4234.0,1.489938636859144
4234.400000000001,1.3591968015628102
4234.8,1.2589528950420916
4235.2,1.5214945053025435
4235.6,1.2472762353334046
4236.0,1.2937744284762178
4236.400000000001,1.4651118846752862
4236.8,1.4305601848252667
4237.2,1.29680595347716
4237.6,1.636476113299866
4238.0,1.4602423331883747
4238.400000000001,1.3643070663606613
4238.8,1.5052485437970444
4239.2,1.4500070244477146
4239.6,1.4111773368348468
4240.0,1.4861435375042475
4240.400000000001,1.4787562363179791
4240.8,1.2307668041726751
4241.2,1.6770751244781472
4241.6,1.5384383972439775
4242.0,1.2078028819716686
4242.400000000001,1.5180736762988079
4242.8,1.3479964818210912
4243.2,1.384409362159257
4243.6,1.427894234086557
4244.0,1.533150656058547
4244.400000000001,1.2951711155449224
4244.8,1.5208946323136057
4245.2,1.6388503283819842
4245.6,1.440923156683567
4246.0,1.544840701785978
4246.400000000001,1.4550499006709103
4246.8,1.5437356387091385
4247.2,1.3185879340374298
4247.6,1.323305405705223
4248.0,1.2792932849715983
4248.400000000001,1.667256994730125
4248.8,1.4555415289584674
4249.2,1.4068944942454975
4249.6,1.5248640600646404
4250.0,1.4765202179263912
4250.400000000001,1.6555366664224478
4250.8,1.4552917967735337
4251.2,1.4258109701086497
4251.6,1.364826704985485
4252.0,1.4128024481124792
4252.400000000001,1.401851867619721
4252.8,1.3251730935984305
4253.2,1.4090515202731646
4253.6,1.4089150322676338
4254.0,1.3656146757852758
4254.400000000001,1.3698659447870432
4254.8,1.4730198207572973
4255.2,1.456483544418827
4255.6,1.4127257186766924
4256.0,1.327943973639047
4256.400000000001,1.4869703447636053
4256.8,1.5599443694311521
4257.2,1.3545324528328497
4257.6,1.5267374758462724
4258.0,1.3828083977805248
4258.400000000001,1.69286626221882
4258.8,1.4662921339475055
4259.2,1.4914294110869788
4259.6,1.7354537292323746
4260.0,1.4014184521448487
4260.400000000001,1.3053770518566616
4260.8,1.3849930190414512
4261.2,1.4965013221654477
4261.6,1.3802918168393477
4262.0,1.38258858850876
4262.400000000001,1.3324493857076012
4262.8,1.4837833103296858
4263.2,1.5198187657390188
4263.6,1.4222048483790786
4264.0,1.4755149830791112
4264.400000000001,1.4215562806623652
4264.8,1.5553701825699284
4265.2,1.3658697824492105
4265.6,1.5609975848427249
4266.0,1.4054622388668232
4266.400000000001,1.4993469024483446
4266.8,1.3239001164266768
4267.2,1.4804887687538142
4267.6,1.3644783038939745
4268.0,1.3662360591984575
4268.400000000001,1.5019750521094375
4268.8,1.5340594616283252
4269.2,1.4699286109781629
4269.6,1.5976269416865176
4270.0,1.6398916612032246
4270.400000000001,1.2449650449516194
4270.8,1.418503324407621
4271.2,1.3619253649582386
4271.6,1.5821151894294077
4272.0,1.3694219449746052
4272.400000000001,1.5432504372926938
4272.8,1.4023258891747488
4273.2,1.2825240911417632
4273.6,1.427392277891616
4274.0,1.2514513741304634
4274.400000000001,1.4079628999543081
4274.8,1.5360819184058419
4275.2,1.563048206900242
4275.6,1.4211104686452285
4276.0,1.3128614584905685
4276.400000000001,1.4334208283700836
4276.8,1.5771178240366703
4277.2,1.4824485746439051
4277.6,1.4154007441782677
4278.0,1.35776870370574
4278.400000000001,1.4681919984354173
4278.8,1.1074839630007747
4279.2,1.597075801584504
4279.6,1.5675984769981135
4280.0,1.4659673950718812
4280.400000000001,1.4717549175250364
4280.8,1.5673654298080344
4281.2,1.4984764060325504
4281.6,1.684268741905866
4282.0,1.294887968480214
4282.400000000001,1.4298423586557483
4282.8,1.3122059566224786
4283.2,1.483302906621079
4283.6,1.5280051770446244
4284.0,1.2019711663088124
4284.400000000001,1.4672538990943018
4284.8,1.299563342145068
4285.2,1.4097212181684609
4285.6,1.4123268887833749
4286.0,1.4014682266653855
4286.400000000001,1.2747043038394388
4286.8,1.36755156182251
4287.2,1.4841836527402583
4287.6,1.4062837623681181
4288.0,1.6033324168156473
4288.400000000001,1.3747133175575375
4288.8,1.5141156475403859
4289.2,1.4520573943048856
4289.6,1.4964405231288802
4290.0,1.5062824313509038
4290.400000000001,1.3200536436148746
4290.8,1.4008053775404081
4291.2,1.4869756335521362
4291.6,1.248328688887315
4292.0,1.401403765207629
4292.400000000001,1.5713265379925565
4292.8,1.486827426520398
4293.2,1.4945381205209574
4293.6,1.4772291444394505
4294.0,1.367329281935116
4294.400000000001,1.4521801547568491
4294.8,1.1953884782010311
4295.2,1.4188998771204013
4295.6,1.6497107747386142
4296.0,1.6146790190110942
4296.400000000001,1.5592017055737886
4296.8,1.3486420361611227
4297.2,1.4780709574326203
4297.6,1.5237037402718019
4298.0,1.5561771049679693
4298.400000000001,1.431342985659081
4298.8,1.4219258712580387
4299.2,1.4967252281575085
4299.6,1.6489112716160392
4300.0,1.6672739975181377
4300.400000000001,1.3377562498405955
4300.8,1.5775290405546603
4301.2,1.5151755485666796
4301.6,1.3992769018334228
4302.0,1.5690835594413128
4302.400000000001,1.5186931837244253
4302.8,1.5160176780982757
4303.2,1.3873731971816516
4303.6,1.3764699053801648
4304.0,1.45977791285153
4304.400000000001,1.4505033516651664
4304.8,1.4525669564628179
4305.2,1.5170379163009762
4305.6,1.1901979095093398
4306.0,1.5465473724347423
4306.400000000001,1.475958560757187
4306.8,1.3310266616856161
4307.2,1.46094833636869
4307.6,1.5668330431297992
4308.0,1.367959232922229
4308.400000000001,1.428451237549572
4308.8,1.5652173723847354
4309.2,1.5846676529264845
4309.6,1.4378588156038457
4310.0,1.5607355639690326
4310.400000000001,1.4862181385780338
4310.8,1.552001896004859
4311.2,1.5923460337947881
4311.6,1.4784452505904022
4312.0,1.430920193985565
4312.400000000001,1.2630840093433169
4312.8,1.3534015986368375
4313.2,1.299574850257218
4313.6,1.3522561034399723
4314.0,1.5448929495940178
4314.400000000001,1.4893183607603022
4314.8,1.7104725473988778
4315.2,1.3489732648779371
4315.6,1.452589676054664
4316.0,1.4584059484036431
4316.400000000001,1.483085311432322
4316.8,1.2370658600594544
4317.2,1.4990108018011938
4317.6,1.4119271390824717
4318.0,1.2202341593768675
4318.400000000001,1.262185154793104
4318.8,1.3498054135498276
4319.2,1.4017817686950031
4319.6,1.3158484852868741
4320.0,1.5978140076208396
4320.400000000001,1.4006077075175734
4320.8,1.297391676839442
4321.2,1.4354425150005745
4321.6,1.324630852217596
4322.0,1.4943067750175691
4322.400000000001,1.5200186951977213
4322.8,1.404476667777891
4323.2,1.6285701954799003
4323.6,1.5173751875804382
4324.0,1.6268734260461466
4324.400000000001,1.578171061147555
4324.8,1.429516051980861
4325.2,1.420512838879533
4325.6,1.4314304804233322
4326.0,1.2832538510818163
4326.400000000001,1.3663279294470942
4326.8,1.3183145154331761
4327.2,1.418996959887811
4327.6,1.6031122902917792
4328.0,1.3946499519599274
4328.400000000001,1.20480744398594
4328.8,1.3832903013292184
4329.2,1.713319316100819
4329.6,1.3334924117775262
4330.0,1.4704682555598347
4330.400000000001,1.3258948319952575
4330.8,1.4814716179477494
4331.2,1.2215495504351455
4331.6,1.4718586521394688
4332.0,1.6863087872000868
4332.400000000001,1.5670769168486098
4332.8,1.4188390083831348
4333.2,1.213109418327558
4333.6,1.1957033559922912
4334.0,1.4360336211088451
4334.400000000001,1.362015014256548
4334.8,1.3735539289047052
4335.2,1.3294262536330779
4335.6,1.412249908036133
4336.0,1.4327832535307077
4336.400000000001,1.4825308020448904
4336.8,1.4430243711636854
4337.2,1.4051468509611027
4337.6,1.3712972009690771
4338.0,1.4855992586786113
4338.400000000001,1.5188125613140693
4338.8,1.4515885239878947
4339.2,1.3423459905033952
4339.6,1.387719867939349
4340.0,1.4532598022972594
4340.400000000001,1.3776557818041781
4340.8,1.604501793297822
4341.2,1.3426580124464793
4341.6,1.5257528547493593
4342.0,1.3787160006688046
4342.400000000001,1.3253701415627215
4342.8,1.5396951287413283
4343.2,1.3744831093190895
4343.6,1.2722187456177338
4344.0,1.5139705514345112
4344.400000000001,1.5470660524212838
4344.8,1.4477218880329028
4345.2,1.2465833768340964
4345.6,1.3064093817053022
4346.0,1.3752693027632135
4346.400000000001,1.4881478103989154
4346.8,1.5145501104973795
4347.2,1.4326346796215506
4347.6,1.5649454605806665
4348.0,1.251329373008022
4348.400000000001,1.3827846593544377
4348.8,1.538529744279146
4349.2,1.5214287317387978
4349.6,1.528052103667221
4350.0,1.497881724536234
4350.400000000001,1.4700048567064936
4350.8,1.4454271779151355
4351.2,1.3870301923257766
4351.6,1.4686533719686619
4352.0,1.3586102243773306
4352.400000000001,1.3580839863152017
4352.8,1.5427814843827132
4353.2,1.4819940771630438
4353.6,1.36922382856703
4354.0,1.3851276308060212
4354.400000000001,1.5930229732546897
4354.8,1.4636560383723063
4355.2,1.4217810666772277
4355.6,1.5141437049485016
4356.0,1.4279694816208932
4356.400000000001,1.3590669039879844
4356.8,1.6130726027985334
4357.2,1.419584421476428
4357.6,1.328262640340854
4358.0,1.5394260895741811
4358.400000000001,1.2923414469372978
4358.8,1.6151286261047848
4359.2,1.379396226022668
4359.6,1.3494608223548266
4360.0,1.3381653161840765
4360.400000000001,1.4255982230433597
4360.8,1.4182403655571485
4361.2,1.404102237364106
4361.6,1.3820998737629875
4362.0,1.4171221844178201
4362.400000000001,1.4089535551841814
4362.8,1.5846368670094648
4363.2,1.6583344961918292
4363.6,1.276896139206016
4364.0,1.3243259052041934
4364.400000000001,1.5402821313014783
4364.8,1.3919956602200856
4365.2,1.5134669610014355
4365.6,1.5597035671436188
4366.0,1.3971161329684012
4366.400000000001,1.524378108307143
4366.8,1.518089480892542
4367.2,1.627155670839608
4367.6,1.4609590179532903
4368.0,1.4048254902685482
4368.400000000001,1.3555631592685355
4368.8,1.497479492261272
4369.2,1.478500554122872
4369.6,1.5079898371665545
4370.0,1.3182485353010818
4370.400000000001,1.492246847176317
4370.8,1.4421217907363448
4371.2,1.569713790906126
4371.6,1.3920361770112621
4372.0,1.339180045467496
4372.400000000001,1.4459961721191164
4372.8,1.461925763469965
4373.2,1.3684626728311067
4373.6,1.4470141440088469
4374.0,1.4592089245771906
4374.400000000001,1.613904682947696
4374.8,1.439163206033596
4375.2,1.5344673980925432
4375.6,1.449444223993365
4376.0,1.3282170048084916
4376.400000000001,1.5129714706692465
4376.8,1.491641676252682
4377.2,1.4835915729105165
4377.6,1.5302248243185035
4378.0,1.3956715760842795
4378.400000000001,1.4404765061955627
4378.8,1.6094029683176037
4379.2,1.3853812433963837
4379.6,1.5289527430065846
4380.0,1.5272375416921724
4380.400000000001,1.5620313768891638
4380.8,1.6478791361165017
4381.2,1.3701889341243632
4381.6,1.4241772122364025
4382.0,1.485667682581139
4382.400000000001,1.3143026265923898
4382.8,1.3551453014093082
4383.2,1.4841727449582902
4383.6,1.4663026612457941
4384.0,1.6038658794203244
4384.400000000001,1.588342655477758
4384.8,1.6630768350219913
4385.2,1.3832524615438178
4385.6,1.5826986738101216
4386.0,1.4601818146006196
4386.400000000001,1.3247337575910032
4386.8,1.5938140098315965
4387.2,1.361053603040225
4387.6,1.5536761051857237
4388.0,1.4060580744079874
4388.400000000001,1.4789501119069866
4388.8,1.253171437670255
4389.2,1.5485867003995222
4389.6,1.4577434650961298
4390.0,1.4542616633689245
4390.400000000001,1.4580595013375495
4390.8,1.5914855849517888
4391.2,1.4268365210529437
4391.6,1.431056840995553
4392.0,1.417615250699099
4392.400000000001,1.5453492613340412
4392.8,1.353127400752249
4393.2,1.6565815941419677
4393.6,1.525619055404016
4394.0,1.5421568633911107
4394.400000000001,1.5876047773878623
4394.8,1.336237981115496
4395.2,1.377103926640705
4395.6,1.4768901733218607
4396.0,1.5035835811518303
4396.400000000001,1.6060710680913124
4396.8,1.397944616082592
4397.2,1.5924251092966355
4397.6,1.571728139469949
4398.0,1.3076212567120233
4398.400000000001,1.3650684944505544
4398.8,1.535718886459966
4399.2,1.5176931121958557
4399.6,1.4689079726893257
4400.0,1.4697776649881238
4400.400000000001,1.4261212734482644
4400.8,1.4312459538703635
4401.2,1.4464997701608735
4401.6,1.3740676106950211
4402.0,1.163792811263269
4402.400000000001,1.7037065485614244
4402.8,1.5905081637300982
4403.2,1.4325751275394492
4403.6,1.4081407673700488
4404.0,1.5468349134433914
4404.400000000001,1.3677361132090051
4404.8,1.5244243910847097
4405.2,1.1381615447036475
4405.6,1.4169393867763769
4406.0,1.3735231926544107
4406.400000000001,1.52299744980176
4406.8,1.5577682190773028
4407.2,1.6344978445129565
4407.6,1.5478849369583698
4408.0,1.5409436373512868
4408.400000000001,1.4375456359381091
4408.8,1.6301095853185767
4409.2,1.4322767372276717
4409.6,1.5533828896665192
4410.0,1.410849168008835
4410.400000000001,1.5578850101997979
4410.8,1.5897125603610842
4411.2,1.5070160281648093
4411.6,1.4112458990984942
4412.0,1.3777389353781873
4412.400000000001,1.3909470291742325
4412.8,1.4117418169970493
4413.2,1.340426103283543
4413.6,1.479754987720546
4414.0,1.6600137898673317
4414.400000000001,1.4733579810660205
4414.8,1.6650022770227673
4415.2,1.4001349603740492
4415.6,1.6616970407024327
4416.0,1.6794269218274882
4416.400000000001,1.374445673469701
4416.8,1.3045089842739097
4417.2,1.2913461603598715
4417.6,1.455183838843662
4418.0,1.5615731380624889
4418.400000000001,1.3704027238198482
4418.8,1.416253865735464
4419.2,1.5565913943856575
4419.6,1.5778011961533913
4420.0,1.4112998690287057
4420.400000000001,1.5545579295297833
4420.8,1.6087866388449363
4421.2,1.623020819540646
4421.6,1.6058923516583177
4422.0,1.4356224391220882
4422.400000000001,1.5327601285505366
4422.8,1.5142439950300042
4423.2,1.4062263394869299
4423.6,1.401283034887694
4424.0,1.6499466640789593
4424.400000000001,1.3488854224991051
4424.8,1.473274220505688
4425.2,1.5487132134196089
4425.6,1.8579741584822937
4426.0,1.27474210042984
4426.400000000001,1.571346121496827
4426.8,1.3936436467574407
4427.2,1.6256690633038906
4427.6,1.4418081423231663
4428.0,1.5897489466308246
4428.400000000001,1.3529200015758351
4428.8,1.3987296389357629
4429.2,1.4540083257314529
4429.6,1.4447221589570594
4430.0,1.540759363291666
4430.400000000001,1.5624605867038202
4430.8,1.550067276125725
4431.2,1.5278256887748418
4431.6,1.5444061117773482
4432.0,1.5185173415770206
4432.400000000001,1.4813592891276752
4432.8,1.4834083492727026
4433.2,1.4924718266261705
4433.6,1.4057984729358166
4434.0,1.4250068947048822
4434.400000000001,1.4087180767783694
4434.8,1.4052372385431102
4435.2,1.511131328981802
4435.6,1.463791259757015
4436.0,1.6776471414672196
4436.400000000001,1.4954804542364795
4436.8,1.357294144758853
4437.2,1.457251983975421
4437.6,1.4834998923353249
4438.0,1.4881809162336541
4438.400000000001,1.5639068805720016
4438.8,1.4713288357029262
4439.2,1.5600276218415714
4439.6,1.331092804802757
4440.0,1.3969503690364429
4440.400000000001,1.4465049430528756
4440.8,1.5006612854910337
4441.2,1.4103428628941725
4441.6,1.5385416228015498
4442.0,1.3943255928487706
4442.400000000001,1.4719147613772816
4442.8,1.408718970301608
4443.2,1.564989729751983
4443.6,1.3117169744900126
4444.0,1.6955050140606382
4444.400000000001,1.3532803757854581
4444.8,1.497263130840284
4445.2,1.508101517284255
4445.6,1.3695688057088962
4446.0,1.6507409848187415
4446.400000000001,1.5168006631697393
4446.8,1.457311733174245
4447.2,1.7284508158432945
4447.6,1.364319649961963
4448.0,1.5826233087485089
4448.400000000001,1.7296496141102486
4448.8,1.475412413269249
4449.2,1.3893397712701392
4449.6,1.6515336529218607
4450.0,1.4158262321031057
4450.400000000001,1.2821553613813528
4450.8,1.486996739265059
4451.2,1.4610995525632204
4451.6,1.61403526583609
4452.0,1.5398197077674867
4452.400000000001,1.7641400093814523
4452.8,1.6728878093639161
4453.2,1.6035109093705149
4453.6,1.6847197589962992
4454.0,1.5278540357545058
4454.400000000001,1.5285079161222455
4454.8,1.4326779529574645
4455.2,1.4915531288686235
4455.6,1.7593695675455914
4456.0,1.50288230157704
4456.400000000001,1.3824299614179794
4456.8,1.5011028032637663
4457.2,1.3780184097103643
4457.6,1.4583231702858848
4458.0,1.5784724358539521
4458.400000000001,1.539509352650664
4458.8,1.462831216125411
4459.2,1.588504945742987
4459.6,1.5410955785469702
4460.0,1.3875376150994247
4460.400000000001,1.656297246170964
4460.8,1.4734923850659543
4461.2,1.3880297263840853
4461.6,1.3721914189008881
4462.0,1.39042339101804
4462.400000000001,1.3849635407526466
4462.8,1.440491662826651
4463.2,1.4530059958695052
4463.6,1.5336090396400786
4464.0,1.435271551790314
4464.400000000001,1.4052688424399
4464.8,1.4508413941670508
4465.2,1.4835357671807248
4465.6,1.3996768516943738
4466.0,1.4878183673484255
4466.400000000001,1.5127060423317502
4466.8,1.4774623532278233
4467.2,1.5020575737907786
4467.6,1.5074251222366175
4468.0,1.516152765626289
4468.400000000001,1.5569214011381538
4468.8,1.573390372529655
4469.2,1.4312507666678589
4469.6,1.403543632694274
4470.0,1.3953197883021842
4470.400000000001,1.4565293735004914
4470.8,1.5037742723040242
4471.2,1.635479949972504
4471.6,1.4389839611384798
4472.0,1.7226867128927268
4472.400000000001,1.5544007372961879
4472.8,1.3901652338817714
4473.2,1.577875226308367
4473.6,1.5343594316682032
4474.0,1.4898117474331136
4474.400000000001,1.473576165467295
4474.8,1.3687848681207437
4475.2,1.3623624890890886
4475.6,1.4669149653314317
4476.0,1.5663371099286638
4476.400000000001,1.5845489264530113
4476.8,1.3727445847629773
4477.2,1.4577245811381632
4477.6,1.4578530998777652
4478.0,1.3206162928386125
4478.400000000001,1.3919004098060304
4478.8,1.4688492381757192
4479.2,1.6527137288685494
4479.6,1.4478088990616167
4480.0,1.483468780137616
4480.400000000001,1.3900025705691204
4480.8,1.2807403915949473
4481.2,1.4459846813912196
4481.6,1.7452203076644055
4482.0,1.4077815595349288
4482.400000000001,1.3832336239312824
4482.8,1.3743719659526952
4483.2,1.376128587792829
4483.6,1.5701046939475494
4484.0,1.44888195340816
4484.400000000001,1.3700323524348692
4484.8,1.376960440357939
4485.2,1.2583490148369594
4485.6,1.455372422669408
4486.0,1.3488188975674287
4486.400000000001,1.5518256041820524
4486.8,1.459975560957599
4487.2,1.336032614740782
4487.6,1.4655705043322445
4488.0,1.179032539536789
4488.400000000001,1.46907207751289
4488.8,1.6596708171293786
4489.2,1.5229860348614337
4489.6,1.2786550126004292
4490.0,1.2060079419274512
4490.400000000001,1.747412669282904
4490.8,1.5749702442449962
4491.2,1.429096148796096
4491.6,1.4863073165257434
4492.0,1.7016168682934152
4492.400000000001,1.442178677216734
4492.8,1.3288177544046766
4493.2,1.5446606222037775
4493.6,1.349818660601215
4494.0,1.2618181500751546
4494.400000000001,1.7533151743428261
4494.8,1.7711046898625138
4495.2,1.6690374239380121
4495.6,1.398892342845813
4496.0,1.5649711189612556
4496.400000000001,1.2386740147980195
4496.8,1.3848551205945812
4497.2,1.4340224165321325
4497.6,1.4654921758819393
4498.0,1.684882559629348
4498.400000000001,1.6547503965249466
4498.8,1.5747360768396692
4499.2,1.3611263263808642
4499.6,1.5166482999998112
4500.0,1.145345941132523
4500.400000000001,1.5545257163187967
4500.8,1.7077899495968842
4501.2,1.566527430015808
4501.6,1.4538956708581432
4502.0,1.3229355134694851
4502.400000000001,1.5053497080850133
4502.8,1.2745869697870449
4503.2,1.3399041154640012
4503.6,1.40728908983988
4504.0,1.8683469781662407
4504.400000000001,1.1116470297007526
4504.8,1.817665540677362
4505.2,1.4771905764023976
4505.6,1.4229271175516678
4506.0,0.6177966212213888
4506.400000000001,1.5041046010926453
4506.8,1.2397091602296697
4507.2,1.4060986752784972
4507.6,1.5914095181864643
4508.0,1.504198554741175
4508.400000000001,1.4479467183753076
4508.8,1.7606599077626706
4509.2,1.2761564375120442
4509.6,1.6899100553013946
4510.0,1.3555641674389842
4510.400000000001,1.6515735554023876
4510.8,1.797166922016908
4511.2,1.2053874142613834
4511.6,1.41316264656041
4512.0,1.376097896954755
4512.400000000001,2.051952593747683
4512.8,2.117420815282986
4513.2,1.4237384094289558
4513.6,1.5022729666719405
4514.0,1.5133791504676861
4514.400000000001,1.4008267471852385
4514.8,2.0744961494866434
4515.2,0.7413958622155099
4515.6,0.9281750656453912
4516.0,1.0965032936472656
4516.400000000001,1.5694141427863304
4516.8,0.910336476011726
4517.2,1.367931912281504
4517.6,1.2213239095723218
4518.0,1.3361900440982506
4518.400000000001,1.3748261803394937
4518.8,0.8096837185933893
4519.2,2.40510565280685
4519.6,1.255988679821449
4520.0,2.1380634980291306
4520.400000000001,1.4379220004847966
4520.8,1.4204968549574435
4521.2,1.9065669717605152
4521.6,0.8752379235543108
4522.0,1.1804867673405963
4522.400000000001,1.42152939952606
4522.8,1.2109897880605354
4523.2,1.3889614681348441
4523.6,1.0952212877254044
4524.0,1.815477150129061
4524.400000000001,0.9772641075264801
4524.8,1.8101635043354367
4525.2,1.936318773710231
4525.6,2.2957854519700467
4526.0,0.873823339529543
4526.400000000001,1.6104796087377724
4526.8,1.7092478670287239
4527.2,1.8041887844460816
4527.6,1.7271316328023991
4528.0,2.4261846457321625
4528.400000000001,0.7603696538980259
4528.8,1.7839451304176812
4529.2,1.7639618675506434
4529.6,1.5034445549005635
4530.0,2.17390893950833
4530.400000000001,3.0499087325604175
4530.8,2.4775311910925635
4531.2,2.1477948382124423
4531.6,1.180606750498135
4532.0,2.316961995382533
4532.400000000001,1.3069923673428065
4532.8,1.2147767976612718
4533.2,0.5965307515167033
4533.6,1.3625002332748064
4534.0,0.6011054001013015
4534.400000000001,1.8851467576737249
4534.8,1.447429493918293
4535.2,1.6810436443830485
4535.6,2.2821955138762853
4536.0,1.4920466579766547
4536.400000000001,1.030686713173083
4536.8,1.1315987489797736
4537.2,2.0665636005616763
4537.6,0.9668793948600725
4538.0,2.2712007009927744
4538.400000000001,2.2310797165034897
4538.8,1.390974462359862
4539.2,1.7552971613901516
4539.6,2.2465855233818717
4540.0,1.1796586998399807
4540.400000000001,0.8523550301442463
4540.8,1.507905356010746
4541.2,1.3256920670996215
4541.6,0.11823222762013366
4542.0,0.43115472395697085
4542.400000000001,-0.6480613486727782
4542.8,1.1736247362768797
4543.2,3.5805508513639066
4543.6,2.8136320716348298
4544.0,0.8072925276770538
4544.400000000001,1.360785097805731
4544.8,1.4565448803812573
4545.2,1.0028625923340913
4545.6,0.9550505939471643
4546.0,0.9958756940196255
4546.400000000001,2.672002299334017
4546.8,0.6432425662300045
4547.2,2.1391615613487938
4547.6,0.7623667532330372
4548.0,1.270403148435926
4548.400000000001,1.8302291199826661
4548.8,0.42899650421625574
4549.2,1.0531496436612284
4549.6,1.253043300663419
4550.0,0.6706149686416009
4550.400000000001,1.6191661028199285
4550.8,1.507429763361308
4551.2,2.370003807907614
4551.6,2.650939148131695
4552.0,1.260997327235979
4552.400000000001,1.945920063965305
4552.8,0.3134893046670113
4553.2,0.3426052677743475
4553.6,0.4966575614272468
4554.0,1.4343205573336792
4554.400000000001,0.20672155055968308
4554.8,0.3051138040981783
4555.2,1.8665228581532376
4555.6,3.29233548357255
4556.0,0.606078246700994
4556.400000000001,1.1880305554355806
4556.8,2.08025323005894
4557.2,1.8511728766062696
4557.6,1.1961860795542731
4558.0,1.5428134924073822
4558.400000000001,2.0380659282886833
4558.8,1.3701839455003273
4559.2,1.7656994086144469
4559.6,0.5347629429011366
4560.0,4.0633403751665
4560.400000000001,0.7240770495892404
4560.8,0.9877219834431996
4561.2,-0.21138246607842512
4561.6,1.0691380879147647
4562.0,1.3289985343646409
4562.400000000001,4.032260478410946
4562.8,2.9788831234839206
4563.2,0.48409076801664663
4563.6,2.0927172024740055
4564.0,0.8452215456891561
4564.400000000001,3.5502802488700476
4564.8,0.10215235289227487
4565.2,1.90900414693049
4565.6,0.5339235450939879
4566.0,2.900019680719713
4566.400000000001,2.91366709682912
4566.8,0.22374601658217388
4567.2,0.19972759827397757
4567.6,1.1008206856163878
4568.0,3.270903990128069
4568.400000000001,0.4267235838348354
4568.8,0.9954699510398075
4569.2,0.45252367733082
4569.6,1.5001403979129364
4570.0,2.1499528701779065
4570.400000000001,0.3443311614786927
4570.8,4.444692875342032
4571.2,1.1207025128310215
4571.6,0.4813368961130139
4572.0,2.0132367548515493
4572.400000000001,1.6971977800414726
4572.8,4.366273132645388
4573.2,0.8333547909893878
4573.6,2.7402221771507707
4574.0,2.0222138788537576
4574.400000000001,0.3325628584931166
4574.8,0.9796325324193256
4575.2,0.5337034130326492
4575.6,1.0346262444258267
4576.0,0.7902509783059868
4576.400000000001,-0.03467949106008975
4576.8,0.7964529899891399
4577.2,1.2871966890686393
4577.6,0.2886820493742092
4578.0,2.308201770412203
4578.400000000001,2.0621140368877926
4578.8,0.5424207658591483
4579.2,0.4634813379081509
4579.6,2.171386930131351
4580.0,3.135924612019534
4580.400000000001,0.45609182843681784
4580.8,0.2785819407928924
4581.2,2.5530717473169133
4581.6,0.2814690978229056
4582.0,0.2232364736588016
4582.400000000001,2.7435364687260155
4582.8,2.7214517327624366
4583.2,1.116354179295754
4583.6,1.0969540832332305
4584.0,0.16475770867135683
4584.400000000001,-0.10988758931248412
4584.8,0.9553605933148813
4585.2,2.412910854354541
4585.6,-0.8785234797115131
4586.0,2.7402328933929416
4586.400000000001,0.929685053591297
4586.8,0.7608202975322556
4587.2,0.30401342240382334
4587.6,-0.46583322943839134
4588.0,1.4641225002098122
4588.400000000001,0.5623457262526398
4588.8,2.7659963317981475
4589.2,1.4720506306522416
4589.6,1.9724476856804598
4590.0,2.648147818639353
4590.400000000001,2.557554619004225
4590.8,1.3898757613006598
4591.2,0.36427333714185545
4591.6,2.984917048210117
4592.0,1.1912708346019254
4592.400000000001,-0.3815277298081785
4592.8,3.005202442786957
4593.2,1.3887219671388695
4593.6,0.41214592961877905
4594.0,3.8430631168652867
4594.400000000001,1.1606885282461081
4594.8,1.6936236902141897
4595.2,2.833929817170959
4595.6,2.899474930658712
4596.0,1.6420182052355927
4596.400000000001,1.278837851121093
4596.8,-0.02408544848138355
4597.2,-0.2535871677101735
4597.6,0.9430904739628956
4598.0,0.7980151200083243
4598.400000000001,5.971271739245782
4598.8,0.6084358047449994
4599.2,2.275713681202272
4599.6,1.6595212344314025
4600.0,0.38206390047352207
4600.400000000001,-1.8867812309071985
4600.8,-0.7601382347425454
4601.2,3.3569829507854414
4601.6,0.045548950219219404
4602.0,-0.21810292935240833
4602.400000000001,1.0490920400722847
4602.8,-0.9937388905643469
4603.2,-1.6358314399552536
4603.6,2.4877933682761015
4604.0,2.1854665819070345
4604.400000000001,-0.39714776392541107
4604.8,0.9501441432079496
4605.2,0.9497748685991028
4605.6,1.6025213546148767
4606.0,2.3250984597435593
4606.400000000001,7.179037078303718
4606.8,1.513444998873329
4607.2,-1.4660310680853736
4607.6,0.8623437977574753
4608.0,1.2449067584656113
4608.400000000001,3.350241372562321
4608.8,-0.1387684496721535
4609.2,0.48907096375498105
4609.6,1.709199142598887
4610.0,1.9214961336994942
4610.400000000001,-0.2828318513674689
4610.8,2.960043801821896
4611.2,0.3181923414250048
4611.6,0.2607630098466174
4612.0,0.7700134108647041
4612.400000000001,-0.8696981143041006
4612.8,1.2179703253655878
4613.2,2.133910680763683
4613.6,0.4229334020766984
4614.0,2.30469066221784
4614.400000000001,9.557552389056807
4614.8,0.38442582922024926
4615.2,0.5832580196980645
4615.6,3.034226499663109
4616.0,2.0023380021157924
4616.400000000001,-0.597220356190447
4616.8,-0.37584301615288634
4617.2,0.4071356334709687
4617.6,-2.399139198590462
4618.0,-0.26521537034965925
4618.400000000001,2.5985655492740016
4618.8,3.185820641224064
4619.2,0.14941122098841536
4619.6,1.5653424465155057
4620.0,2.630375300371868
4620.400000000001,-0.7139229652874018
4620.8,-1.718180539603356
4621.2,1.584016058162684
4621.6,1.1010121218585869
4622.0,-1.0153294688088235
4622.400000000001,2.46176581162904
4622.8,0.4035347384251985
4623.2,4.596103285485022
4623.6,1.3098301022229215
4624.0,1.3611044702812798
4624.400000000001,-0.8497076361750626
4624.8,-0.5502955595944916
4625.2,1.371679687494094
4625.6,0.5744713345010095
4626.0,4.376312965878812
4626.400000000001,-0.4305004137588439
4626.8,-0.22608579468193435
4627.2,2.172985571854114
4627.6,2.794820763430581
4628.0,-0.3479436401273037
4628.400000000001,2.967677270964728
4628.8,-1.5099331829433094
4629.2,0.8050714064781584
4629.6,3.3615857636176854
4630.0,1.8767663866460018
4630.400000000001,-0.11708055733926011
4630.8,0.5231988018556629
4631.2,2.4603016613381765
4631.6,-1.4970520581746203
4632.0,2.7191511010801857
4632.400000000001,11.775108321005224
4632.8,1.0850626330551008
4633.2,1.580059846150251
4633.6,2.9452714605264103
4634.0,1.5730441743779975
4634.400000000001,1.5442500020906662
4634.8,5.728794858740095
4635.2,1.8139134462330733
4635.6,-2.1609206569165207
4636.0,0.7502875592956826
4636.400000000001,3.099556929615021
4636.8,0.9871900516426242
4637.2,-0.8075616959360898
4637.6,2.091840925986918
4638.0,-0.14751391177899925
4638.400000000001,0.05890257991455029
4638.8,-2.0729081180950617
4639.2,1.6249991034079856
4639.6,0.5168619174413037
4640.0,-1.1010927514715405
4640.400000000001,1.5817086961598246
4640.8,2.0499288496043175
4641.2,0.8292800568041578
4641.6,-0.19225424810691633
4642.0,1.0155776781283805
4642.400000000001,2.3801132040016655
4642.8,1.2730557819029074
4643.2,3.9837980032092823
4643.6,2.1913831300128317
4644.0,2.0803657686274404
4644.400000000001,0.9485539443289053
4644.8,4.8555700323577184
4645.2,1.9205725835432501
4645.6,-0.6352393823887187
4646.0,3.3409931836346027
4646.400000000001,3.595247167628328
4646.8,1.3379746427782966
4647.2,3.671742575650568
4647.6,0.6234283565922456
4648.0,-0.7604525337959867
4648.400000000001,5.9550085384481575
4648.8,0.9483944727188848
4649.2,7.646630909242109
4649.6,9.86916762479962
4650.0,-1.2129365035657924
4650.400000000001,0.09382449551292482
4650.8,0.8969107989133169
4651.2,-0.7133007162516324
4651.6,-3.132587271617393
4652.0,0.8269104129417743
4652.400000000001,2.207471120107872
4652.8,-1.1358923623049872
4653.2,-1.4964680286902396
4653.6,0.3433902371901989
4654.0,5.981633077108459
4654.400000000001,0.9706684593005043
4654.8,-0.9390210918411046
4655.2,-0.8536706546941563
4655.6,8.383104873970463
4656.0,1.2538038768913982
4656.400000000001,2.974062168622011
4656.8,0.5260258366956928
4657.2,0.8621978170309323
4657.6,1.1224093115055502
4658.0,3.6269921070944147
4658.400000000001,2.339144715540646
4658.8,-1.0306478234144778
4659.2,-0.6021063400456815
4659.6,-1.5535316392449061
4660.0,0.2971083186779665
4660.400000000001,3.238040587754808
4660.8,-2.634046035321495
4661.2,-5.505900079056117
4661.6,0.4893799537204119
4662.0,1.412268994380612
4662.400000000001,0.833038239624644
4662.8,-1.1194336878473532
4663.2,1.3863573960789708
4663.6,17.98265524893192
4664.0,0.8586658171617803
4664.400000000001,1.18165456365925
4664.8,14.804827724594563
4665.2,1.2501389442337065
4665.6,2.3116004596877393
4666.0,0.9984524988662974
4666.400000000001,4.160728368938651
4666.8,-0.3968612530103175
4667.2,0.014417301142846568
4667.6,4.889519131988299
4668.0,1.118997640941552
4668.400000000001,8.262311442990175
4668.8,0.7021538412096552
4669.2,5.084588593447216
4669.6,4.990436376218008
4670.0,2.758563440278572
4670.400000000001,0.2516668607739417
4670.8,0.024177677079137514
4671.2,2.0195272873232684
4671.6,7.623227294547693
4672.0,-1.3411009016132414
4672.400000000001,-2.3475606826007764
4672.8,-1.3079129450035976
4673.2,2.29504550676901
4673.6,-2.0028361810803816
4674.0,1.8938660538963437
4674.400000000001,3.4632042791836994
4674.8,0.2488886586835161
4675.2,4.576175514800848
4675.6,4.8247357387973
4676.0,4.104079761198731
4676.400000000001,0.6908804831731484
4676.8,9.365867225754926
4677.2,0.9118410014605489
4677.6,0.22552396041000525
4678.0,1.7626176156914002
4678.400000000001,2.4131366797725073
4678.8,12.852338230656509
4679.2,4.694988910849426
4679.6,0.7167019839689368
4680.0,7.636466197251272
4680.400000000001,19.277812668158198
4680.8,5.987157417865868
4681.2,0.6877833973766163
4681.6,-0.8074134693232924
4682.0,-0.5611564978389297
4682.400000000001,-1.6647055560372284
4682.8,4.017555034212142
4683.2,-0.19286657777141028
4683.6,2.463695909971729
4684.0,-1.0732627297440052
4684.400000000001,-0.8229444729877377
4684.8,3.562626330294018
4685.2,-1.3138186292301732
4685.6,-0.3030841520854613
4686.0,-0.35527728749041454
4686.400000000001,-1.0058734777633656
4686.8,3.618261351618437
4687.2,-4.180327931033059
4687.6,4.23147136239467
4688.0,8.099459264735044
4688.400000000001,0.47938931915550903
4688.8,0.9114908747997448
4689.2,-2.671520423984664
4689.6,-1.2322609911951181
4690.0,5.721156522204007
4690.400000000001,16.389584011640448
4690.8,2.974950358760527
4691.2,3.8985431148866363
4691.6,-0.02255479901385273
4692.0,-1.5856141991095072
4692.400000000001,-3.6486432395344846
4692.8,-15.960459583842688
4693.2,2.6143346577911193
4693.6,-1.8953886765699917
4694.0,4.507293844941326
4694.400000000001,0.7548847666108615
4694.8,0.9809226839433682
4695.2,6.698880562471806
4695.6,3.38129415215408
4696.0,9.488918630217263
4696.400000000001,0.6388522671832388
4696.8,6.407875543345635
4697.2,-1.2473859315417197
4697.6,3.1864862980509616
4698.0,0.3855964357908915
4698.400000000001,-2.1833842580127483
4698.8,-0.19409675443179217
4699.2,-0.9289340831175473
4699.6,-4.956141883219396
4700.0,1.1289445541601826
4700.400000000001,-0.10604646412360334
4700.8,3.729209524003108
4701.2,-1.6627388966006333
4701.6,2.1005475851171838
4702.0,-3.972341099361698
4702.400000000001,2.0775937110570104
4702.8,3.140490332602294
4703.2,3.3756090894687185
4703.6,-2.8219085971422295
4704.0,-0.7241662718598025
4704.400000000001,5.146361830255568
4704.8,3.2853574927707365
4705.2,1.3259373140017259
4705.6,0.8442624240652484
4706.0,2.405773573669782
4706.400000000001,-0.6051670075375558
4706.8,1.6366344733583884
4707.2,-1.6193751887666572
4707.6,10.923529622570287
4708.0,-6.859346223950174
4708.400000000001,0.3291624861497558
4708.8,-7.909700404662795
4709.2,-2.1958130562115032
4709.6,6.467397464508988
4710.0,1.5623128854942523
4710.400000000001,-0.5610515005552418
4710.8,-2.401921740370179
4711.2,0.2754209644896427
4711.6,4.320099834214343
4712.0,2.391832962485368
4712.400000000001,-3.1338613068728605
4712.8,-1.555958653560687
4713.2,-0.2907995482475364
4713.6,-0.8778120603499517
4714.0,1.1781651101719874
4714.400000000001,4.714451771395666
4714.8,5.061123190408726
4715.2,-0.6585571718487568
4715.6,-1.0506706898345528
4716.0,4.837236077818846
4716.400000000001,1.9706750595602767
4716.8,5.580689783554468
4717.2,-0.18623315097121101
4717.6,-1.0296303392455453
4718.0,-1.7153541443843743
4718.400000000001,-0.5489755817312443
4718.8,4.7831126292716855
4719.2,2.363160480407789
4719.6,-1.0447448003215043
4720.0,-0.8946116706566032
4720.400000000001,6.455843647616131
4720.8,1.0697718154747398
4721.2,3.9635035081109016
4721.6,-4.485160508697813
4722.0,2.943431317616336
4722.400000000001,0.9569274529231167
4722.8,13.257022760859925
4723.2,2.6407551494307944
4723.6,5.343912928102493
4724.0,0.18721778394339864
4724.400000000001,-1.3627113639910169
4724.8,2.7095701186764347
4725.2,-0.7713593509102026
4725.6,-0.8857932291109814
4726.0,0.05685267758428706
4726.400000000001,-1.1114489495308093
4726.8,0.9475342490719902
4727.2,3.928399308202869
4727.6,7.478481648156439
4728.0,-2.4880392111217646
4728.400000000001,32.468916934905536
4728.8,-1.0633298483772005
4729.2,1.8079182187795695
4729.6,-3.514860425334116
4730.0,8.171335102412927
4730.400000000001,-1.457014160121259
4730.8,-1.754730453977681
4731.2,2.3954373321418254
4731.6,1.9447910701075921
4732.0,-1.8373820528036746
4732.400000000001,-1.4575340784772484
4732.8,-0.0364706081843196
4733.2,2.0517565787628027
4733.6,-1.1107880012871099
4734.0,1.4703274952745196
4734.400000000001,-1.221071263954733
4734.8,1.283767735056803
4735.2,-3.5245959631091255
4735.6,0.5465913887233053
4736.0,-1.338520380461241
4736.400000000001,1.0962872504263168
4736.8,8.004242965632725
4737.2,5.738792905807988
4737.6,-10.019860077753398
4738.0,-0.13239995086181106
4738.400000000001,-3.7359914771330334
4738.8,10.080359575190428
4739.2,-0.8267671417519923
4739.6,-2.3091973167046125
4740.0,8.018617389501294
4740.400000000001,-11.418268764927662
4740.8,-0.11619377100431513
4741.2,1.7019016009260217
4741.6,-3.0472157899810153
4742.0,0.011431265511541598
4742.400000000001,-1.645721502222584
4742.8,3.0695833768417957
4743.2,2.5194332121507057
4743.6,-0.8677180243597972
4744.0,0.6642611519256053
4744.400000000001,-2.6081125486513423
4744.8,0.5663673544461915
4745.2,0.014518993417430098
4745.6,1.683249690290694
4746.0,1.1016991982626199
4746.400000000001,-1.4931334149284812
4746.8,0.2462180303625575
4747.2,5.101445749871947
4747.6,-2.160327261077336
4748.0,-5.276184493337056
4748.400000000001,1.060900815772652
4748.8,8.536035917851617
4749.2,-2.5718495267638835
4749.6,-0.1822946493686077
4750.0,-0.6839264212936158
4750.400000000001,-1.8640971825633676
4750.8,0.677487224573158
4751.2,3.1814071998611437
4751.6,12.951837692031557
4752.0,11.256512141257069
4752.400000000001,-2.1976822083852814
4752.8,-1.6891674555879
4753.2,-8.553030211038724
4753.6,4.228775831549094
4754.0,3.0024279489542884
4754.400000000001,1.6419008560337756
4754.8,-5.505455614841905
4755.2,-2.740764419945711
4755.6,0.6471254778141723
4756.0,-3.64708789310858
4756.400000000001,2.737495534196957
4756.8,-0.9687197721024893
4757.2,0.03928854246283353
4757.6,-1.548001153264171
4758.0,-0.42822823713890135
4758.400000000001,5.124782133773466
4758.8,0.02817710532592193
4759.2,0.7293140421754846
4759.6,4.2967784826207644
4760.0,-2.4491786934767603
4760.400000000001,-3.837691379424482
4760.8,0.09242245528361802
4761.2,3.0164658766425934
4761.6,0.7156671909193196
4762.0,-1.3895668112177195
4762.400000000001,-0.028368454610502334
4762.8,-1.658744724409633
4763.2,7.856172778332403
4763.6,-4.506468532777188
4764.0,-3.9100565447275617
4764.400000000001,-6.967168870793149
4764.8,-5.931182679228016
4765.2,0.3317624857207149
4765.6,2.8017056220665078
4766.0,0.02270428938529852
4766.400000000001,2.0366630339660303
4766.8,-0.8366378374653577
4767.2,-3.0267401882342124
4767.6,0.44460754793937485
4768.0,-4.430243476557674
4768.400000000001,2.8180719383473463
4768.8,1.275817347927206
4769.2,-6.530964819009312
4769.6,-1.0482926092546567
4770.0,2.6925372080097536
4770.400000000001,-1.1953876504005252
4770.8,-7.994440423556114
4771.2,-0.4127571564608927
4771.6,3.619571869985507
4772.0,0.15393118233848005
4772.400000000001,0.776488945335871
4772.8,-0.8835749291207384
4773.2,0.09623334959555802
4773.6,-1.628138884581366
4774.0,4.443795881707947
4774.400000000001,-0.9297051078860299
4774.8,1.459289275823266
4775.2,0.46261303724772873
4775.6,19.677126185553952
4776.0,-3.4431862161154707
4776.400000000001,-10.400766362542825
4776.8,-1.0900339977205216
4777.2,-14.055543135695657
4777.6,0.8969513007038157
4778.0,-0.9541862671778372
4778.400000000001,-0.31325235119842876
4778.8,-6.593276218247592
4779.2,5.083572357383202
4779.6,1.3335765470612106
4780.0,1.014940503544928
4780.400000000001,-0.2187830785631546
4780.8,0.19207778962683097
4781.2,4.193633724443315
4781.6,3.3017270849772817
4782.0,4.993983449405243
4782.400000000001,-0.9170068365583512
4782.8,-3.0048503466239147
4783.2,13.017117991468366
4783.6,1.6819624143835357
4784.0,2.9390742719762852
4784.400000000001,2.5251603093351522
4784.8,0.5186902949995325
4785.2,6.264033768599411
4785.6,-0.2250020273718692
4786.0,1.5093171031803867
4786.400000000001,7.925147463187306
4786.8,5.073299164117435
4787.2,-3.311768794676553
4787.6,5.453324320560684
4788.0,1.2727933671156073
4788.400000000001,10.393747345735797
4788.8,7.302205973457406
4789.2,-0.00959190852213256
4789.6,-2.1519788484894176
4790.0,4.689658433232461
4790.400000000001,3.103517859900082
4790.8,-2.2375673006508903
4791.2,-0.6554665695104649
4791.6,-3.1231547581162022
4792.0,-6.907696751856957
4792.400000000001,-6.388514511314629
4792.8,-17.431456172679944
4793.2,0.9686375170873129
4793.6,17.2575362263821
4794.0,-0.31597439145194245
4794.400000000001,-0.7282618930113961
4794.8,4.856682611439652
4795.2,-0.7157680231380998
4795.6,2.2786612657998178
4796.0,5.552507701910756
4796.400000000001,-0.4399383800324864
4796.8,1.7009128580229185
4797.2,-1.1112566134870514
4797.6,10.787565657871488
4798.0,0.6330133895121548
4798.400000000001,-1.5173100382375126
4798.8,-1.7831041576888493
4799.2,15.70535047466554
4799.6,4.082671885274629
4800.0,-1.1530516149720558
4800.400000000001,0.38666247842818036
4800.8,6.19859697962466
4801.2,4.588177357577699
4801.6,-9.190615815425707
4802.0,-1.7149629831838906
4802.400000000001,6.705292354669121
4802.8,6.469833189561262
4803.2,0.8881775670993496
4803.6,-1.8995337747240608
4804.0,1.606740762731798
4804.400000000001,-1.9267671383809357
4804.8,-0.37504438618683056
4805.2,4.8728455154215355
4805.6,-0.36785408726800667
4806.0,3.0256055545165457
4806.400000000001,-4.066870280599756
4806.8,-3.2018599391462725
4807.2,1.299853866311972
4807.6,4.353761464439575
4808.0,-2.81601114173748
4808.400000000001,3.024799500148782
4808.8,1.9353398652134077
4809.2,-1.0212571242606185
4809.6,-2.1550489129650257
4810.0,-5.785685008118482
4810.400000000001,-2.802487118326866
4810.8,-3.5407745062660507
4811.2,-0.3187605629038688
4811.6,-1.9474396759933976
4812.0,1.2163922070597455
4812.400000000001,13.37957259681329
4812.8,-1.7144380709777964
4813.2,5.542852331964488
4813.6,-4.082921781768404
4814.0,2.0001973648644915
4814.400000000001,-5.414560099772958
4814.8,-5.796570842923736
4815.2,-8.815396982590652
4815.6,-0.7000408171853362
4816.0,-2.895520068310634
4816.400000000001,6.335863380575331
4816.8,2.8763383450187123
4817.2,6.123279158270908
4817.6,-5.886244622888056
4818.0,-18.37682246337039
4818.400000000001,-0.683092688729811
4818.8,0.40650848682955815
4819.2,-1.9604841481306967
4819.6,-1.0124701532442202
4820.0,1.5652181697322805
4820.400000000001,1.803758256977963
4820.8,0.38915300797637653
4821.2,10.69545897031287
4821.6,3.459355487765687
4822.0,1.9989810862063448
4822.400000000001,2.3468498840832654
4822.8,1.0167860911976734
4823.2,-1.4362131466952544
4823.6,-2.4223485744669766
4824.0,-3.1515505833751236
4824.400000000001,-9.643987077534025
4824.8,1.7502744656532796
4825.2,-1.4115936795544104
4825.6,-9.655676109100742
4826.0,13.109002504339106
4826.400000000001,-3.339356669774241
4826.8,8.986519585122917
4827.2,4.458270376967709
4827.6,0.5600195265142867
4828.0,2.042978226660061
4828.400000000001,-1.6659334851553131
4828.8,-2.0448260779438754
4829.2,0.12304152116803624
4829.6,-1.0439972643672113
4830.0,2.707196443771671
4830.400000000001,1.3905696598751205
4830.8,1.8742892050149704
4831.2,-0.17605782683926835
4831.6,-1.7182640946033052
4832.0,0.3380984950730754
4832.400000000001,-0.7716166704915234
4832.8,1.0773928961235844
4833.2,0.8068826107549338
4833.6,-1.5765123374245453
4834.0,-0.010091529102185377
4834.400000000001,-10.921699469607674
4834.8,26.05647596233842
4835.2,-7.2253599542409885
4835.6,-0.6986137353168752
4836.0,-2.7197238523120024
4836.400000000001,-5.54321212431948
4836.8,-1.2228658070630418
4837.2,1.537135733337337
4837.6,0.31100469749419263
4838.0,-6.656460489670723
4838.400000000001,4.682888072192865
4838.8,2.0841799676818646
4839.2,3.001627646363627
4839.6,-3.3866260141558153
4840.0,3.929812885633285
4840.400000000001,-1.1249004438983596
4840.8,3.9872550179461124
4841.2,0.7047841860155651
4841.6,2.2484164619215634
4842.0,1.549309504554706
4842.400000000001,-2.0603175952808575
4842.8,-10.66342819921813
4843.2,0.18513077946574477
4843.6,1.2796479352094088
4844.0,0.048064913730709355
4844.400000000001,-2.2444713932572506
4844.8,-3.224900789238672
4845.2,2.810788978460314
4845.6,-0.26279235759496933
4846.0,-1.769662897122739
4846.400000000001,-1.0054842675221003
4846.8,0.2655153511977767
4847.2,7.886025149916974
4847.6,-1.2920585449894357
4848.0,1.2032509196427874
4848.400000000001,7.773205290762407
4848.8,4.873295889692581
4849.2,1.2600615628004714
4849.6,-1.9875836866679335
4850.0,-1.5344360404227142
4850.400000000001,8.944513089387332
4850.8,2.835640293674817
4851.2,-0.8992484087166668
4851.6,5.695578871727114
4852.0,-2.130038177540015
4852.400000000001,-9.41070427261264
4852.8,-7.385131270272809
4853.2,3.6645626238075044
4853.6,-7.78546052989892
4854.0,4.642339253327048
4854.400000000001,-3.7263037626490423
4854.8,0.35862691261301427
4855.2,2.2938970321887178
4855.6,-4.451468364454383
4856.0,-4.744374693267139
4856.400000000001,5.371542524783121
4856.8,2.41019880556722
4857.2,-3.530244816101897
4857.6,0.3755402482093749
4858.0,-2.830716518981858
4858.400000000001,-3.416010068687421
4858.8,1.3567936343216873
4859.2,4.404362960511223
4859.6,7.089817691430012
4860.0,-1.0615606501573673
4860.400000000001,-6.118540004827554
4860.8,-1.4696035546539101
4861.2,0.33746758956482986
4861.6,0.9039932516408472
4862.0,0.4408117298787085
4862.400000000001,28.459943478207283
4862.8,-0.3290851207528492
4863.2,1.0743346862740113
4863.6,-1.3211548156769126
4864.0,-5.990048482929836
4864.400000000001,-3.7437362189178907
4864.8,-6.114033039192234
4865.2,2.005848873250364
4865.6,-2.530474002040613
4866.0,0.3532313978768603
4866.400000000001,-0.5132846020756314
4866.8,-2.3247284554365524
4867.2,1.9107945554631909
4867.6,-2.1483362069351126
4868.0,7.729010184699881
4868.400000000001,-5.8615920815837805
4868.8,3.890067999121154
4869.2,-12.236397858009278
4869.6,-8.850476384887683
4870.0,-6.055844503758241
4870.400000000001,8.699320349215881
4870.8,-1.5288998665818254
4871.2,4.737868950173094
4871.6,-0.03208848111633602
4872.0,12.473927754072587
4872.400000000001,5.726400210707297
4872.8,5.785667071293928
4873.2,14.271319680138799
4873.6,0.36479447107036944
4874.0,-1.9806426438712676
4874.400000000001,-1.9633020748858712
4874.8,4.792100531584609
4875.2,-3.0598935589686693
4875.6,1.5709369752110347
4876.0,1.8518284345929987
4876.400000000001,-0.4563435639082658
4876.8,1.9615746437747665
4877.2,-2.2285658650004687
4877.6,6.642325732774696
4878.0,3.5909016229193345
4878.400000000001,-0.3586374874405368
4878.8,4.844325961301562
4879.2,12.99961788501327
4879.6,-1.896860414625958
4880.0,-1.051329880389262
4880.400000000001,-0.4964907923203566
4880.8,2.366113592894229
4881.2,-1.469939463836552
4881.6,-6.552442014002763
4882.0,4.508741163009346
4882.400000000001,-2.1140567914241277
4882.8,-0.6379925842455811
4883.2,-2.1867892677764407
4883.6,8.397245787367432
4884.0,-0.022397421200227394
4884.400000000001,-4.84610353773618
4884.8,4.301949163720435
4885.2,3.0433519550752592
4885.6,-0.5361882369826675
4886.0,4.957436654964064
4886.400000000001,-6.476452814876116
4886.8,7.976640004937398
4887.2,2.149159508045625
4887.6,2.5142460291718
4888.0,-0.3861466919466852
4888.400000000001,-1.7200356750843317
4888.8,3.2730259030428184
4889.2,-4.501897961228654
4889.6,0.6869766249854858
4890.0,2.2026832325474293
4890.400000000001,13.34135320335929
4890.8,-8.025707614727503
4891.2,-1.4548736993427691
4891.6,-0.0795435950229083
4892.0,-0.8416688900020424
4892.400000000001,-7.330071392591408
4892.8,-3.8685364473960733
4893.2,1.4757296587490405
4893.6,1.7821265564515296
4894.0,2.48464098031519
4894.400000000001,3.8998401189015968
4894.8,-3.2530878415225883
4895.2,6.776760868603061
4895.6,0.7413346173878406
4896.0,8.254569103415971
4896.400000000001,13.027272347358496
4896.8,-3.4975134366080916
4897.2,17.318720183194316
4897.6,-10.597632485769875
4898.0,-6.505321478737727
4898.400000000001,0.256225071776319
4898.8,-5.287435318172399
4899.2,2.1973328614023515
4899.6,14.69095489064628
4900.0,4.4602101315672185
4900.400000000001,5.830228056647437
4900.8,-0.26452303831002266
4901.2,-5.5241551184424385
4901.6,3.0779523048122535
4902.0,2.516675881976483
4902.400000000001,0.8167556133835131
4902.8,-1.44684384403488
4903.2,-0.10353178605785607
4903.6,0.3995339797419229
4904.0,-2.290713172406316
4904.400000000001,3.1712719756477274
4904.8,-2.5735616716092506
4905.2,1.3930651654734794
4905.6,-4.12465944990826
4906.0,-8.435789810981012
4906.400000000001,-1.865915686373716
4906.8,4.946015227423501
4907.2,-9.732849642943414
4907.6,-1.8906415568333637
4908.0,-2.3671250375292883
4908.400000000001,-3.3746578739824047
4908.8,1.3808000747388278
4909.2,-5.769103918269121
4909.6,1.3429518015300326
4910.0,15.590159367118428
4910.400000000001,-2.788153287010862
4910.8,-8.260526602985603
4911.2,-2.0286173164374954
4911.6,-4.690726477521405
4912.0,0.9301128956361032
4912.400000000001,-4.989371891143373
4912.8,1.3145110595269291
4913.2,-0.6444600840982178
4913.6,5.191285825694077
4914.0,3.3266219430795028
4914.400000000001,-1.097619159990643
4914.8,1.1203885444752024
4915.200000000001,0.8433041951635238
4915.6,4.897460106348557
4916.0,-0.7048374122439648
4916.400000000001,-1.3763592564133986
4916.8,-1.4822231201593645
4917.200000000001,-2.8876442182912236
4917.6,-3.8849862460126054
4918.0,-8.313580845791936
4918.400000000001,-18.163634474566432
4918.8,4.364979164098774
4919.200000000001,-2.2226076964792094
4919.6,-4.855131857822245
4920.0,11.291060761529042
4920.400000000001,-2.337417589039193
4920.8,1.3374338027755537
4921.200000000001,5.7459350259476585
4921.6,5.880631843485963
4922.0,3.7547029412533997
4922.400000000001,-0.15278098461651185
4922.8,-4.556093545175414
4923.200000000001,3.745219041008639
4923.6,1.7048287149181602
4924.0,0.1254886111351834
4924.400000000001,-2.481830070879172
4924.8,5.673074604023008
4925.200000000001,-2.700745491988364
4925.6,2.363993672145584
4926.0,-7.806297268312575
4926.400000000001,-11.936632426416061
4926.8,-7.974634109046007
4927.200000000001,-1.4640022176257759
4927.6,-5.051249261811006
4928.0,6.065673942221935
4928.400000000001,6.892306040522768
4928.8,4.403060916285389
4929.200000000001,-0.617485800425168
4929.6,-1.797075674514865
4930.0,3.1257052951180233
4930.400000000001,9.41229404258414
4930.8,1.2430905197797546
4931.200000000001,4.898304493781589
4931.6,-2.633344668001673
4932.0,-2.6262188123626933
4932.400000000001,-2.280102658267992
4932.8,1.3457018422256732
4933.200000000001,-6.142900370139529
4933.6,-3.6426538103264616
4934.0,0.6364412662345924
4934.400000000001,10.557326800914401
4934.8,-3.992608626363566
4935.200000000001,-0.6759725746420229
4935.6,-3.874169267608889
4936.0,-13.395848716632186
4936.400000000001,-0.8657384890416651
4936.8,3.9285451525136263
4937.200000000001,0.08727221527839404
4937.6,0.24808883930876252
4938.0,-2.2771354081268087
4938.400000000001,-1.695961117726839
4938.8,-2.9516289427830933
4939.200000000001,-10.568441775494966
4939.6,-0.8979679762583717
4940.0,-1.4050840311133916
4940.400000000001,-3.7031368684725914
4940.8,0.5492166944123836
4941.200000000001,1.999408264008708
4941.6,-0.7861436768184411
4942.0,1.0768250135263764
4942.400000000001,-13.721893399038272
4942.8,2.75803309445841
4943.200000000001,-1.6161423670050827
4943.6,-0.7038728174851625
4944.0,-5.640523241007248
4944.400000000001,3.117910000599199
4944.8,5.459880653325903
4945.200000000001,1.3276126151706038
4945.6,-0.8918858632170765
4946.0,5.966532858896628
4946.400000000001,1.56168620520871
4946.8,3.481521736928643
4947.200000000001,-1.4983377374259015
4947.6,-0.6370109295356885
4948.0,3.8976594345882978
4948.400000000001,-0.9716999673603054
4948.8,-0.7043278911129759
4949.200000000001,7.51211842443908
4949.6,-4.4902388182065
4950.0,0.19141999587439198
4950.400000000001,-0.5792569500155926
4950.8,6.79622498383541
4951.200000000001,-1.691737962651417
4951.6,7.033272883764182
4952.0,-7.50014949041173
4952.400000000001,16.076800796135295
4952.8,1.7512770289550947
4953.200000000001,-0.0902742093655356
4953.6,2.9750579503970283
4954.0,-3.926326381150058
4954.400000000001,7.638234000780106
4954.8,-1.360458862036647
4955.200000000001,2.81766694333736
4955.6,2.0061611456370585
4956.0,-3.1710549885478363
4956.400000000001,2.7313015570224124
4956.8,3.589000991345012
4957.200000000001,-7.602090229519125
4957.6,-3.622177766942541
4958.0,0.48412513504929144
4958.400000000001,2.782871799009206
4958.8,-4.462189279324947
4959.200000000001,1.0390134803725972
4959.6,4.025155226392711
4960.0,2.846886671022803
4960.400000000001,-2.2006018813742614
4960.8,-10.486860792300629
4961.200000000001,-6.592214727866487
4961.6,1.1836236887979754
4962.0,0.19417293230015328
4962.400000000001,-1.710633177347174
4962.8,0.49802848513054415
4963.200000000001,-2.440443931648994
4963.6,-0.28201604203905406
4964.0,-4.706887174490438
4964.400000000001,4.696483880386089
4964.8,0.5001974488890097
4965.200000000001,3.1501961878530156
4965.6,1.843686299185643
4966.0,7.666020614073762
4966.400000000001,-0.43416569372178937
4966.8,5.651979270965944
4967.200000000001,5.966698543363606
4967.6,-1.0756795783276005
4968.0,-8.28248534137755
4968.400000000001,8.376794074188721
4968.8,2.780234994155093
4969.200000000001,3.963965117145298
4969.6,1.6680106187477999
4970.0,-3.14617117482721
4970.400000000001,-5.5178140366074055
4970.8,-6.433212244775439
4971.200000000001,-9.73218201855798
4971.6,-1.386078663157979
4972.0,2.984416420275057
4972.400000000001,0.7277292092219795
4972.8,8.19553887422135
4973.200000000001,2.5254049983315134
4973.6,-8.305925813747097
4974.0,-6.272137970179395
4974.400000000001,0.9208053172424606
4974.8,-1.3723671766161187
4975.200000000001,1.0758450387284433
4975.6,0.31697338621581134
4976.0,-1.7589385023395046
4976.400000000001,4.147847864045019
4976.8,-3.562044598271385
4977.200000000001,3.424102000498598
4977.6,3.1965599658410166
4978.0,0.7527753291134085
4978.400000000001,-1.7043069894961365
4978.8,-0.1284400716580622
4979.200000000001,-0.6510736243905346
4979.6,-0.19718021158252944
4980.0,-1.2901022205867867
4980.400000000001,-1.8494881542971418
4980.8,1.6539139451931415
4981.200000000001,-4.941851539343073
4981.6,-5.2129304879399
4982.0,3.792903911235132
4982.400000000001,5.317428202133316
4982.8,-1.7688100461009546
4983.200000000001,4.114568381683962
4983.6,2.687303231442835
4984.0,1.711616875398446
4984.400000000001,4.82515885464228
4984.8,-3.135978948185627
4985.200000000001,0.03386636396081433
4985.6,-14.338683376864836
4986.0,-16.966175493789862
4986.400000000001,-7.514513433668029
4986.8,-0.7677877977458862
4987.200000000001,-2.6927495428896715
4987.6,7.1875080878230415
4988.0,7.360499406668854
4988.400000000001,-3.359974582436534
4988.8,-1.9133839532923924
4989.200000000001,-4.714074859151865
4989.6,-3.5923969105795726
4990.0,1.0233931140534132
4990.400000000001,17.21417977703799
4990.8,0.2220787291983932
4991.200000000001,0.006989746715787373
4991.6,-3.5315296066552144
4992.0,5.2491731766219
4992.400000000001,-11.210646826946963
4992.8,1.0542241488496686
4993.200000000001,1.5254270169954385
4993.6,0.7317127129202333
4994.0,13.678666267840633
4994.400000000001,2.555293708867646
4994.8,-7.2781298926943405
4995.200000000001,-2.285844740624861
4995.6,-4.56025551382967
4996.0,-1.3105846451732361
4996.400000000001,-9.730285543677471
4996.8,9.27541440170305
4997.200000000001,-1.6472260230418554
4997.6,-0.1474859277635342
4998.0,1.6882560481687854
4998.400000000001,4.346931826083773
4998.8,2.1878571801790194
4999.200000000001,2.9763326687081317
4999.6,-1.607904835552692
5000.0,-0.4820389913865448
5000.400000000001,2.534446339688903
5000.8,-2.366734584510884
5001.200000000001,4.787633240952266
5001.6,-8.158527674322146
5002.0,-4.958566666369496
5002.400000000001,-1.0376018480249134
5002.8,-3.693544690160015
5003.200000000001,1.99913073257129
5003.6,-1.7970000072008199
5004.0,1.1944622116953358
5004.400000000001,-8.044797051450995
5004.8,2.553742936758119
5005.200000000001,4.05012459457833
5005.6,-6.791199388386485
5006.0,-1.305125587413608
5006.400000000001,1.2527936204788335
5006.8,-4.311748323645111
5007.200000000001,7.98936749891868
5007.6,1.9284775768892335
5008.0,-5.345100707849042
5008.400000000001,1.372572905273727
5008.8,3.46233802911921
5009.200000000001,2.831964060943964
5009.6,8.54256578228179
5010.0,23.483106424608387
5010.400000000001,21.974337376316527
5010.8,-0.6524224133513736
5011.200000000001,3.153198935472574
5011.6,2.89506399644667
5012.0,-0.8510806512730382
5012.400000000001,0.42714798736785636
5012.8,1.5799796360704845
5013.200000000001,3.0829946525208247
5013.6,4.060763242609684
5014.0,1.259765994661822
5014.400000000001,5.594852543166395
5014.8,5.795836486099902
5015.200000000001,9.058714540555462
5015.6,6.038645853498714
5016.0,4.588458191874207
5016.400000000001,-6.9749419290331875
5016.8,0.9518003053277423
5017.200000000001,4.052718511449976
5017.6,3.088886952491467
5018.0,6.927321869580021
5018.400000000001,8.664736210110144
5018.8,8.162623740525222
5019.200000000001,-7.783003643158507
5019.6,-1.8656023556790848
5020.0,-0.03342104969554461
5020.400000000001,-0.08977925358435236
5020.8,-0.25023028003491377
5021.200000000001,-3.8560102945052415
5021.6,1.3653172818986041
5022.0,2.750608316324924
5022.400000000001,8.625428925753342
5022.8,-0.6499398136542807
5023.200000000001,-7.583428943956539
5023.6,-1.7070568251291935
5024.0,5.921662934523066
5024.400000000001,2.4928611764126085
5024.8,2.9202631959698655
5025.200000000001,-6.056299983109038
5025.6,1.810968067012963
5026.0,-8.206267023673295
5026.400000000001,-7.969589813832558
5026.8,1.1020681801546455
5027.200000000001,8.10024872973718
5027.6,5.322514113083201
5028.0,3.1078494957399174
5028.400000000001,-1.4305967147799368
5028.8,-0.14703470079394482
5029.200000000001,-0.04282987773466679
5029.6,10.096196554892405
5030.0,1.5481715701644938
5030.400000000001,6.435307500568641
5030.8,0.05855443936965485
5031.200000000001,-0.8738887752713133
5031.6,-7.062377274321472
5032.0,1.191193883475166
5032.400000000001,-3.8210186393799015
5032.8,1.6733254915886158
5033.200000000001,9.064864090146497
5033.6,-0.6873839562520168
5034.0,0.4475716137201969
5034.400000000001,-9.05545028846231
5034.8,-0.6945926730812447
5035.200000000001,-0.8030599858255666
5035.6,-0.67518475443681
5036.0,0.981156513789124
5036.400000000001,2.2461173316578544
5036.8,2.7436750814904047
5037.200000000001,1.264283195634244
5037.6,0.3496253221301683
5038.0,-1.7492008390290041
5038.400000000001,9.137100844779626
5038.8,-2.5345801780742496
5039.200000000001,5.41214378954524
5039.6,5.934917262070078
5040.0,-2.0141991006398965
5040.400000000001,-3.5129409612456177
5040.8,-0.8218528547743243
5041.200000000001,3.788748892368745
5041.6,-4.920048101751791
5042.0,3.7632177180542774
5042.400000000001,-6.051530766038721
5042.8,-0.17010058733024466
5043.200000000001,-7.743428955668524
5043.6,-0.4487258605167497
5044.0,4.633795985199599
5044.400000000001,-1.8486551688793142
5044.8,1.8679450050335613
5045.200000000001,-0.740717506202136
5045.6,-5.653294780925759
5046.0,5.457087589090954
5046.400000000001,0.9868174506661356
5046.8,1.122679432437961
5047.200000000001,-0.7123610588063138
5047.6,-2.2159788964457374
5048.0,-0.1796727203914223
5048.400000000001,8.36425573667379
5048.8,1.981408955252553
5049.200000000001,4.735771233694534
5049.6,-3.1635939690650856
5050.0,-8.334084215125678
5050.400000000001,2.836226486482491
5050.8,7.799329529258187
5051.200000000001,1.1926482755207992
5051.6,4.797277242658973
5052.0,3.744662207693401
5052.400000000001,1.8684231839220014
5052.8,0.42236477414908963
5053.200000000001,0.1553003718038353
5053.6,-3.356273655179865
5054.0,-2.1571194218267644
5054.400000000001,-3.2352140454283362
5054.8,1.4842243563931479
5055.200000000001,10.481577958061951
5055.6,5.169891109333534
5056.0,-16.218070991613764
5056.400000000001,3.158663676883577
5056.8,5.9949249428142455
5057.200000000001,0.3623778782461201
5057.6,-0.6638485721273547
5058.0,2.2512875624864828
5058.400000000001,-1.1641049016673828
5058.8,-5.752981733239246
5059.200000000001,-1.9209755013701657
5059.6,-1.277797620230445
5060.0,-1.983302219628926
5060.400000000001,-0.34041992928560966
5060.8,-8.369530871397112
5061.200000000001,-1.3381371423308348
5061.6,4.064620840921499
5062.0,-8.39463672560695
5062.400000000001,4.924606165016366
5062.8,3.2286751924625356
5063.200000000001,1.531414407929925
5063.6,-1.4351723262259335
5064.0,-7.011238588094775
5064.400000000001,1.1088716769666371
5064.8,-2.4920670035572483
5065.200000000001,-0.817390884105341
5065.6,1.7984838929838318
5066.0,-4.839531530633932
5066.400000000001,8.263828653024227
5066.8,-6.478700721561491
5067.200000000001,2.0896428546083343
5067.6,17.136076724545976
5068.0,-3.8512094065435605
5068.400000000001,-0.0010451011298133613
5068.8,-11.071850955506036
5069.200000000001,-1.440229552777501
5069.6,-6.0126952977160855
5070.0,2.344916758579082
5070.400000000001,13.84890619250842
5070.8,-8.519618311447196
5071.200000000001,-2.352870369816495
5071.6,2.499450120316803
5072.0,11.469028107216765
5072.400000000001,9.460089229377317
5072.8,-1.786212568835862
5073.200000000001,3.5656000219523776
5073.6,8.404911657448647
5074.0,-12.7099605316519
5074.400000000001,-3.30918199931702
5074.8,-3.030203830579019
5075.200000000001,-6.371422495764378
5075.6,-1.4937868655069664
5076.0,-3.1542604549169346
5076.400000000001,-4.540426615755952
5076.8,-0.8773301949315546
5077.200000000001,-4.964919605579157
5077.6,3.572522930696315
5078.0,3.0964096876693272
5078.400000000001,-2.0477886679296273
5078.8,4.1214575341316735
5079.200000000001,-6.608816779668444
5079.6,1.5675170063294794
5080.0,2.888528448513261
5080.400000000001,3.371017579364825
5080.8,-10.202033006237205
5081.200000000001,-0.029798043370227196
5081.6,-6.300278691886133
5082.0,5.998050134761535
5082.400000000001,6.504704189498069
5082.8,-9.709589702345964
5083.200000000001,-2.5350938656607336
5083.6,1.9755686451742636
5084.0,-4.731590743130747
5084.400000000001,-1.1820588174004019
5084.8,0.044949263103768886
5085.200000000001,4.052009769370779
5085.6,6.0973126964886015
5086.0,-1.1210363649681736
5086.400000000001,-10.760331175224815
5086.8,-14.977902513775582
5087.200000000001,1.2232641421143295
5087.6,-0.948690454626484
5088.0,-0.16683258750638807
5088.400000000001,1.9602144168441369
5088.8,-1.7611307899114415
5089.200000000001,-17.222950141222015
5089.6,-4.5569758670831355
5090.0,-0.058914764242196944
5090.400000000001,0.7221825977597167
5090.8,-3.0853454286562156
5091.200000000001,-2.8348725762517235
5091.6,2.4153853863174914
5092.0,-17.303513914225103
5092.400000000001,1.1896413655547406
5092.8,-4.4795739023141685
5093.200000000001,5.873389720504613
5093.6,5.275794713215528
5094.0,-7.597464475913176
5094.400000000001,0.9721645981999237
5094.8,-1.4273032129925343
5095.200000000001,6.650977574723224
5095.6,-0.10279239287654168
5096.0,-0.9990153247066234
5096.400000000001,10.649927848032913
5096.8,-0.23961807490743597
5097.200000000001,-2.0365183743308286
5097.6,-2.1869467354055043
5098.0,1.8943914841818605
5098.400000000001,0.2105644434899137
5098.8,11.055634005519149
5099.200000000001,-1.0258804835963338
5099.6,11.624157217059121
5100.0,-2.8590899757217345
5100.400000000001,-2.1443086360058623
5100.8,-3.800107941501415
5101.200000000001,3.355027525421211
5101.6,-4.30139288560664
5102.0,2.0220780438005552
5102.400000000001,-5.155269610481471
5102.8,2.7828601635041963
5103.200000000001,-3.4113801907043966
5103.6,-0.735378213585446
5104.0,8.471412023430855
5104.400000000001,2.6823402385064936
5104.8,-1.2924551955893642
5105.200000000001,4.360470414248506
5105.6,1.6100760907539124
5106.0,2.352187444965392
5106.400000000001,-8.302326472921061
5106.8,3.0502199329356507
5107.200000000001,-3.0694931093554785
5107.6,-4.553960876230251
5108.0,25.073082921291174
5108.400000000001,1.5120144087114897
5108.8,-5.883121735105812
5109.200000000001,-4.104607280399242
5109.6,-2.293366686174894
5110.0,-3.3867927236720465
5110.400000000001,5.423073853619539
5110.8,7.34425204071894
5111.200000000001,-2.6271119505703755
5111.6,-1.2950644577393082
5112.0,-0.21430344181718242
5112.400000000001,0.28045539710646444
5112.8,2.514634069305556
5113.200000000001,-0.9115851863425319
5113.6,2.35402830655042
5114.0,2.7284509520880764
5114.400000000001,-0.0806621027956255
5114.8,2.716611483234802
5115.200000000001,0.5994511032920911
5115.6,2.93473191144958
5116.0,-1.7645903628232238
5116.400000000001,0.22624717219522775
5116.8,-5.654048238647611
5117.200000000001,1.1664502568738853
5117.6,-8.324151281543815
5118.0,3.9591334022363487
5118.400000000001,-5.808537567238352
5118.8,-2.799018972008417
5119.200000000001,-3.5441619456258366
5119.6,1.551965364207236
5120.0,0.01488829236785052
5120.400000000001,1.0627005823758504
5120.8,2.4591393719743184
5121.200000000001,3.723031076819852
5121.6,-0.12734159431781816
5122.0,-1.1348872856737104
5122.400000000001,-2.3139422635032076
5122.8,1.5508215868064155
5123.200000000001,4.6194517497409615
5123.6,-2.418056523969359
5124.0,-3.2321185395995986
5124.400000000001,1.4129782714983963
5124.8,1.9888287886808453
5125.200000000001,-1.1873655638526586
5125.6,5.4612468215010015
5126.0,0.3355815956803351
5126.400000000001,-0.6786896721789426
5126.8,14.302048173446845
5127.200000000001,0.7692162679441455
5127.6,0.0785344200264152
5128.0,9.213997445412156
5128.400000000001,-0.8272440265381382
5128.8,0.8301935448631752
5129.200000000001,-2.0288113573314814
5129.6,-1.8336009502072728
5130.0,3.4207282569001887
5130.400000000001,-2.4644317452699833
5130.8,-2.4271081388762172
5131.200000000001,2.7556490340861095
5131.6,-1.917752918640159
5132.0,8.014719330642285
5132.400000000001,0.6605821928032236
5132.8,0.3350436776278014
5133.200000000001,2.432139601177818
5133.6,-17.594846752347607
5134.0,-5.221349528808497
5134.400000000001,4.348385329458084
5134.8,-3.55067946228532
5135.200000000001,-0.8434290037359748
5135.6,0.846902019568529
5136.0,-5.758410732978931
5136.400000000001,4.285695419196488
5136.8,10.865399775470026
5137.200000000001,-6.178571333407542
5137.6,8.296737598280574
5138.0,-1.1861965974736164
5138.400000000001,3.33998963887097
5138.8,-0.7001812794493434
5139.200000000001,-9.464233013411986
5139.6,-4.330786897386606
5140.0,0.11129123870998925
5140.400000000001,0.5489985854470745
5140.8,3.099294006984718
5141.200000000001,1.1912563138827397
5141.6,-1.5299212546928596
5142.0,5.099506374108939
5142.400000000001,-2.7690893780016084
5142.8,0.8446380269303343
5143.200000000001,-2.9740981065117977
5143.6,-1.267726761353898
5144.0,1.0139558671572992
5144.400000000001,1.1803306033320855
5144.8,0.5701046914578997
5145.200000000001,-9.309455402198765
5145.6,2.8476087628244584
5146.0,9.98139205417297
5146.400000000001,4.986704748545844
5146.8,3.824173381552902
5147.200000000001,1.0771456878122994
5147.6,2.3651276553478753
5148.0,-7.169375048884433
5148.400000000001,-0.27637018431637445
5148.8,0.41614360960943797
5149.200000000001,0.22919126975824594
5149.6,0.6207781600285329
5150.0,2.3637693537087396
5150.400000000001,-7.854961752954036
5150.8,2.1237348766116053
5151.200000000001,-3.740124643765901
5151.6,3.2628368863556148
5152.0,1.5876972933832185
5152.400000000001,3.9936719127293996
5152.8,-4.635324353568205
5153.200000000001,-2.3815046050904556
5153.6,-8.788522652994477
5154.0,-0.3392760579036548
5154.400000000001,-0.2030824009720848
5154.8,3.8939180137740066
5155.200000000001,2.370882097295248
5155.6,-3.626601869667763
5156.0,0.8178679302111231
5156.400000000001,-1.9291172423361038
5156.8,-1.133595444588483
5157.200000000001,-8.413368029571672
5157.6,0.0010313704020355609
5158.0,-2.2970410976254776
5158.400000000001,-3.867664033488149
5158.8,-8.817895467779524
5159.200000000001,1.5400479722613185
5159.6,3.7161706358461357
5160.0,0.34328772799623886
5160.400000000001,1.6150933663936373
5160.8,-1.1249170948040597
5161.200000000001,7.315554965449919
5161.6,2.1167285911974574
5162.0,2.5972121191524664
5162.400000000001,-2.3459402920988017
5162.8,4.373712341281852
5163.200000000001,-6.029265865777573
5163.6,0.7182238079471122
5164.0,7.865099832980046
5164.400000000001,0.9862442492652426
5164.8,-11.305172499608695
5165.200000000001,3.295909145365261
5165.6,-7.1101608126874325
5166.0,2.1254251733898406
5166.400000000001,-6.573446050519336
5166.8,-6.007981943812618
5167.200000000001,3.9514554003800466
5167.6,-8.866535223907563
5168.0,1.821113170289702
5168.400000000001,2.362483722823205
5168.8,3.807786647334923
5169.200000000001,-3.4170238256611944
5169.6,5.416556366913357
5170.0,-1.0259781995945616
5170.400000000001,-3.5761423040164924
5170.8,0.8574927494930719
5171.200000000001,-5.99952123480074
5171.6,-0.0026085418297107444
5172.0,-5.107577215640085
5172.400000000001,-5.647697382702934
5172.8,-0.02022970480740962
5173.200000000001,-9.764598096528353
5173.6,10.275252455545232
5174.0,-0.6987922960396331
5174.400000000001,2.0413740207524893
5174.8,-18.42338145213664
5175.200000000001,6.882419911598668
5175.6,0.5596831097035401
5176.0,2.0762048070316395
5176.400000000001,-6.927198984468027
5176.8,2.3874403843693432
5177.200000000001,-4.919093783567362
5177.6,2.9991300647734187
5178.0,-1.6941789727427639
5178.400000000001,3.6967145228658276
5178.8,-1.8284283385871678
5179.200000000001,-3.886954646077495
5179.6,-0.5992600004088522
5180.0,-1.295233689352787
5180.400000000001,-0.8864890589743726
5180.8,-0.2882289565929975
5181.200000000001,-0.47018719267129605
5181.6,7.209010200954596
5182.0,-3.660409059906979
5182.400000000001,7.641679244684683
5182.8,13.297715215997671
5183.200000000001,-6.96905396166002
5183.6,-7.410896575858304
5184.0,-0.8050197446070434
5184.400000000001,-4.577765114542558
5184.8,-1.9997488794427407
5185.200000000001,4.600168335671915
5185.6,-1.541379292916808
5186.0,-2.4951830104851065
5186.400000000001,0.8109311306523791
5186.8,-0.6958816823424427
5187.200000000001,-6.7141425443351395
5187.6,-3.892181430474017
5188.0,-2.973565912249832
5188.400000000001,-5.473500402324737
5188.8,-16.478928147521692
5189.200000000001,3.6010839844291747
5189.6,7.501425296216537
5190.0,-0.23506536178878487
5190.400000000001,5.625623207543441
5190.8,-3.380354064324286
5191.200000000001,2.0890475116555485
5191.6,3.984634226653287
5192.0,10.798197407854826
5192.400000000001,-0.2893280674693044
5192.8,2.563986357617897
5193.200000000001,-6.838344673459135
5193.6,0.08241497962433572
5194.0,-1.8204011713329344
5194.400000000001,7.648505099809548
5194.8,5.389343412400338
5195.200000000001,2.4963843915871724
5195.6,-2.764613313772454
5196.0,3.3707151118758834
5196.400000000001,-2.823778121967228
5196.8,3.0652212486152246
5197.200000000001,-1.9841563655431094
5197.6,-6.356214267931644
5198.0,1.1045192811172717
5198.400000000001,-16.163442214705274
5198.8,-0.9986642373479626
5199.200000000001,-0.820009413231757
5199.6,0.6159412829390422
5200.0,3.295130019720749
5200.400000000001,-0.3944843046373683
5200.8,0.08922792527639309
5201.200000000001,-12.070184472106032
5201.6,2.5232895041107604
5202.0,3.5246169947364643
5202.400000000001,4.451754509539049
5202.8,-2.8615606460795924
5203.200000000001,-1.5294055919427443
5203.6,1.40291668783311
5204.0,-8.147562261879258
5204.400000000001,2.3288493013722444
5204.8,-16.26004254109384
5205.200000000001,-21.84433926470867
5205.6,-2.7879465896897133
5206.0,-7.225500867895932
5206.400000000001,0.8070712999243084
5206.8,-2.47133686113467
5207.200000000001,0.3799929754990742
5207.6,-1.5756580312053945
5208.0,4.798854355494656
5208.400000000001,0.4830374005847181
5208.8,-4.931287276407597
5209.200000000001,3.9441972073611984
5209.6,-3.5948812715434015
5210.0,0.11768123922534085
5210.400000000001,-0.5967618520489171
5210.8,-1.0616202205184404
5211.200000000001,5.891901828843256
5211.6,2.5481821513581466
5212.0,-5.733955751875387
5212.400000000001,-1.6607822160194294
5212.8,6.3050389627702605
5213.200000000001,7.694259139147347
5213.6,1.8335629680621326
5214.0,-10.606045467185826
5214.400000000001,0.39803733374050587
5214.8,-5.4205690590008935
5215.200000000001,0.9766557841964517
5215.6,5.914765086351315
5216.0,0.70293734542589
5216.400000000001,5.406472571708801
5216.8,-13.502698288388991
5217.200000000001,-1.96318031485404
5217.6,11.62973621896504
5218.0,2.833231270940953
5218.400000000001,0.9505173021164706
5218.8,0.9076799962770505
5219.200000000001,4.1325714312544575
5219.6,0.30888403030364
5220.0,14.347690129247066
5220.400000000001,-3.7041717537681667
5220.8,-5.277172169366874
5221.200000000001,-3.9556210269608263
5221.6,5.5599827647160724
5222.0,-7.941246834735783
5222.400000000001,-2.6543399738096722
5222.8,1.7839143594237474
5223.200000000001,4.00701362502986
5223.6,-13.538510143586485
5224.0,0.8726729330489925
5224.400000000001,-0.36476924973447183
5224.8,-0.34899310056180977
5225.200000000001,3.480872697950608
5225.6,-1.7513942992853373
5226.0,-12.021146467163618
5226.400000000001,-15.609333993779389
5226.8,-10.203173594825154
5227.200000000001,-1.1433559912069866
5227.6,12.067427128849097
5228.0,-5.562233618644794
5228.400000000001,-11.519942867786613
5228.8,-0.4344318649894741
5229.200000000001,0.2101937661746353
5229.6,3.954993860024538
5230.0,0.07713558431765866
5230.400000000001,-4.3866127157567725
5230.8,-12.469737767307796
5231.200000000001,1.9864764810438575
5231.6,14.741066613830803
5232.0,-0.25981606161379756
5232.400000000001,-2.71248686802266
5232.8,1.570134401383276
5233.200000000001,-2.4460332997190806
5233.6,-6.503115498379942
5234.0,-4.473144471418261
5234.400000000001,-5.166242321570619
5234.8,-0.7013065263934115
5235.200000000001,1.4845753886752033
5235.6,-6.911093599186879
5236.0,-5.622491763616978
5236.400000000001,1.1155351837639391
5236.8,-6.254059490469107
5237.200000000001,0.361311814763193
5237.6,6.988552584878519
5238.0,7.46910750006575
5238.400000000001,9.606935657010567
5238.8,-0.6266478938265414
5239.200000000001,-0.364326952935721
5239.6,-4.990225170620764
5240.0,-4.893210338538653
5240.400000000001,-7.721121575240111
5240.8,4.9627322265926495
5241.200000000001,0.5347886605977727
5241.6,21.888121957299308
5242.0,-3.7114895262989425
5242.400000000001,6.189056730785674
5242.8,8.08704303374242
5243.200000000001,10.592164243243378
5243.6,-3.1336787364853325
5244.0,1.4537643685681954
5244.400000000001,5.205538973083936
5244.8,-0.07120463196228115
5245.200000000001,13.71435625525521
5245.6,-0.055344139883842854
5246.0,2.4017750874313233
5246.400000000001,-0.6286344366673293
5246.8,5.983303111310035
5247.200000000001,-1.2173376668911198
5247.6,1.1500634343461211
5248.0,-7.909165899360847
5248.400000000001,11.24204163558044
5248.8,11.669855967680894
5249.200000000001,-8.141291018784703
5249.6,-1.9888902252837166
5250.0,-6.574677296357173
5250.400000000001,-2.7223695526447376
5250.8,-1.9773969535604197
5251.200000000001,-0.39395744009891553
5251.6,-6.935656513857419
5252.0,-0.7046213723674999
5252.400000000001,1.2736662031477797
5252.8,-8.220774312662627
5253.200000000001,-3.255099831545883
5253.6,-7.857926853474263
5254.0,-1.866731264832889
5254.400000000001,2.4286208171645525
5254.8,-3.3645454562760957
5255.200000000001,0.8205004356111456
5255.6,0.4220954830657856
5256.0,16.947964375168425
5256.400000000001,5.160677272622916
5256.8,-0.019463167162084016
5257.200000000001,3.251481397495721
5257.6,17.555926920952146
5258.0,-3.771144611620083
5258.400000000001,-2.3475250700633525
5258.8,1.4167691198961074
5259.200000000001,-4.537774724177456
5259.6,-3.528109934055407
5260.0,1.5381778794820975
5260.400000000001,-5.801882857705733
5260.8,1.0572869347127338
5261.200000000001,0.6128596804117535
5261.6,-1.712320063119082
5262.0,-23.2383595205025
5262.400000000001,0.567066458430679
5262.8,-2.5864300712877104
5263.200000000001,-0.3898512709015516
5263.6,0.03930465024000103
5264.0,16.121931648549662
5264.400000000001,-1.4348739423740355
5264.8,-2.5765016851856077
5265.200000000001,4.994502242486152
5265.6,2.459250939476591
5266.0,7.603169324163753
5266.400000000001,4.131590493778003
5266.8,1.0453700511254573
5267.200000000001,7.626538330394852
5267.6,1.8582245173537235
5268.0,-1.6976742298448806
5268.400000000001,-3.6459310533051594
5268.8,-4.542680171410652
5269.200000000001,3.1886298010193763
5269.6,-2.4557717046915672
5270.0,-3.254237128248263
5270.400000000001,-1.3428449071183937
5270.8,-10.648093321649487
5271.200000000001,-1.381934166468644
5271.6,1.6372902586754754
5272.0,-5.238311807139986
5272.400000000001,-3.833619061894181
5272.8,11.553507895819735
5273.200000000001,5.446925262879282
5273.6,5.365525510910253
5274.0,-4.88516373372769
5274.400000000001,4.975743340165683
5274.8,-1.7279798163848437
5275.200000000001,4.756940945179649
5275.6,-11.53636195757395
5276.0,-2.987757109117136
5276.400000000001,-1.222944006010225
5276.8,2.3557113929020796
5277.200000000001,0.6192067830488721
5277.6,-0.2814413323885844
5278.0,-5.705510172485977
5278.400000000001,-3.7417024181668426
5278.8,-3.4497634050947474
5279.200000000001,17.68771361436904
5279.6,-0.48733709348330523
5280.0,-7.948046433180094
5280.400000000001,-6.342738639472518
5280.8,-2.026024871942595
5281.200000000001,2.9031657701463747
5281.6,1.0469933062783856
5282.0,-1.154538259828895
5282.400000000001,-3.3387816913023265
5282.8,-4.139133567520748
5283.200000000001,-1.4002613442315397
5283.6,1.0598608657415034
5284.0,-8.229535642907118
5284.400000000001,0.06111154474785373
5284.8,3.087675637312959
5285.200000000001,-10.888896994206183
5285.6,2.671343951685709
5286.0,-2.8047299077974235
5286.400000000001,5.106876768380228
5286.8,3.8502506061014365
5287.200000000001,1.3593074803680125
5287.6,1.387958841439115
5288.0,0.20184777943860527
5288.400000000001,-1.1202500611872297
5288.8,-14.414354088288853
5289.200000000001,3.3806006658454657
5289.6,6.210560468777038
5290.0,-21.328095454173965
5290.400000000001,-0.3622648057084365
5290.8,1.181967004206094
5291.200000000001,1.5030589624495163
5291.6,11.326028169591043
5292.0,7.442806917523368
5292.400000000001,3.8311322689432057
5292.8,0.9381524516171207
5293.200000000001,-1.814351914540306
5293.6,4.8334170310273405
5294.0,4.260131956178351
5294.400000000001,11.913964961320884
5294.8,2.2880389332813937
5295.200000000001,4.591625860063088
5295.6,-9.095533089984158
5296.0,2.584837293615088
5296.400000000001,1.2682249294449521
5296.8,32.54485019903406
5297.200000000001,-3.373958361430947
5297.6,-0.39346507841308176
5298.0,-11.583232814960468
5298.400000000001,-15.34268264397544
5298.8,0.7424438915483589
5299.200000000001,0.5494094345917191
5299.6,-7.4845447766128625
5300.0,4.725626697421913
5300.400000000001,6.21447334621582
5300.8,2.712383446372873
5301.200000000001,5.925726227150035
5301.6,-0.6405828089499235
5302.0,-2.7412381633173135
5302.400000000001,8.143430191729639
5302.8,-0.11226097807286739
5303.200000000001,-12.273826052200835
5303.6,-0.4464391686169494
5304.0,2.563783674034432
5304.400000000001,-1.2628132290807161
5304.8,6.702748097019282
5305.200000000001,1.6443457689020748
5305.6,-2.9839790335073157
5306.0,9.34888141945699
5306.400000000001,0.7426783231035299
5306.8,-1.5503803486970245
5307.200000000001,-3.561237214897805
5307.6,-4.08565112668328
5308.0,1.8325168114545243
5308.400000000001,1.2067370919722555
5308.8,-7.159776655028743
5309.200000000001,-4.043987055604555
5309.6,0.4285327625877771
5310.0,6.444622633780562
5310.400000000001,4.9372778813483915
5310.8,-5.630223723665829
5311.200000000001,-7.470260129717805
5311.6,0.09183688213228104
5312.0,1.4617627283692494
5312.400000000001,4.36870135818634
5312.8,-8.725605458282143
5313.200000000001,-1.8183755537076771
5313.6,2.1616346710527172
5314.0,-8.154847815897837
5314.400000000001,-2.054432476217215
5314.8,3.413052868579314
5315.200000000001,-1.414486832806545
5315.6,-11.530140690114347
5316.0,-1.8151770179723294
5316.400000000001,-4.782606261077304
5316.8,-12.683801073165842
5317.200000000001,-0.9850471719824155
5317.6,3.585463606483267
5318.0,2.8295378825542605
5318.400000000001,-8.559004514275127
5318.8,-2.2950084926151697
5319.200000000001,0.08602582555213786
5319.6,-5.0968493215296675
5320.0,-2.557245141920555
5320.400000000001,-0.47425691032583395
5320.8,-8.464704115890093
5321.200000000001,1.992177891934881
5321.6,0.05619567801132783
5322.0,-4.184223122674309
5322.400000000001,-5.8244640943543615
5322.8,-1.7557104605235967
5323.200000000001,1.0220832083949085
5323.6,-5.194710930495578
5324.0,-4.265639879017541
5324.400000000001,-7.3792532714540275
5324.8,4.4455521408230485
5325.200000000001,-2.870710746908984
5325.6,6.603002251428315
5326.0,-3.1404237356493994
5326.400000000001,-0.3360317308101218
5326.8,-1.580758175746291
5327.200000000001,-9.70782847551535
5327.6,-11.75385818875136
5328.0,0.5959135229367362
5328.400000000001,-1.358691538744941
5328.8,0.5290708507385308
5329.200000000001,-2.148805996582768
5329.6,-3.660757144950205
5330.0,-3.619607211576401
5330.400000000001,4.498944599273856
5330.8,-5.0402171207267275
5331.200000000001,0.03343318286964948
5331.6,-3.70322910008474
5332.0,0.8367586204984269
5332.400000000001,5.491396201416846
5332.8,1.7035322299950346
5333.200000000001,-0.12391195964653198
5333.6,-1.5564926874983533
5334.0,-1.8941052203992896
5334.400000000001,23.716263234151306
5334.8,-1.0393889298059755
5335.200000000001,-5.497860379584366
5335.6,9.671389851690789
5336.0,2.9859168118080155
5336.400000000001,-6.655250531580274
5336.8,-3.0468900708371693
5337.200000000001,-7.55938667922027
5337.6,0.6765752901829231
5338.0,3.432082060271023
5338.400000000001,-0.2577821830429686
5338.8,7.237875010228767
5339.200000000001,-2.414422670601889
5339.6,1.078817047700467
5340.0,3.819681244496099
5340.400000000001,5.540791371000014
5340.8,-3.0329444614204295
5341.200000000001,-0.385848999273664
5341.6,-6.459280932142032
5342.0,-4.700005341606085
5342.400000000001,1.847719927233392
5342.8,-1.5112520112548111
5343.200000000001,2.055673130122217
5343.6,3.3920241381527934
5344.0,1.263465993900237
5344.400000000001,-4.595650073822849
5344.8,-3.2117544613541926
5345.200000000001,8.801600287720149
5345.6,-0.18129680792835473
5346.0,4.407123993259435
5346.400000000001,-6.5647052408879745
5346.8,0.24521782634443795
5347.200000000001,4.27771834669177
5347.6,-10.388451305114376
5348.0,-6.307249583704807
5348.400000000001,0.020817234457455057
5348.8,1.1628689214893604
5349.200000000001,-7.269846975923871
5349.6,-0.1394301775687092
5350.0,-1.5884727579546563
5350.400000000001,-2.4574943354244967
5350.8,6.771407821939256
5351.200000000001,-8.348100887471755
5351.6,-13.01601174953801
5352.0,-7.9634951277157064
5352.400000000001,0.2494280926068497
5352.8,4.766562615586492
5353.200000000001,-13.540302254869587
5353.6,0.4927433827114077
5354.0,7.806887646393264
5354.400000000001,14.810247892973496
5354.8,-0.47634345832994573
5355.200000000001,-5.076033283906792
5355.6,-2.0007060747668697
5356.0,0.5584876429347034
5356.400000000001,-2.5299520623970384
5356.8,-7.583744305415111
5357.200000000001,5.016410458608678
5357.6,1.8862261600118768
5358.0,0.7307234078327979
5358.400000000001,-3.8707975800165118
5358.8,1.4044719698877581
5359.200000000001,1.393991779485636
5359.6,2.7027983434092526
5360.0,1.9953840789146924
5360.400000000001,3.9464093183241356
5360.8,-7.104267502161533
5361.200000000001,12.83685029568491
5361.6,-9.100463141597814
5362.0,-1.8716460133689
5362.400000000001,-2.2473179538039414
5362.8,-0.3656175933211298
5363.200000000001,-6.777230387347858
5363.6,5.6235048130376
5364.0,0.8460377779704404
5364.400000000001,7.078301927493697
5364.8,4.953631453763955
5365.200000000001,-5.299356515129734
5365.6,-3.0128057026449397
5366.0,-0.7648656138345131
5366.400000000001,3.1208266992230205
5366.8,1.9088228291027525
5367.200000000001,-0.571996825296489
5367.6,0.6131328890614355
5368.0,-5.154616301011059
5368.400000000001,4.033239707094095
5368.8,0.7578432796593495
5369.200000000001,-2.3138714859023706
5369.6,-8.040527380824148
5370.0,-3.21072945822681
5370.400000000001,-0.2619336445424416
5370.8,6.811561305690571
5371.200000000001,-3.1064813259967266
5371.6,-4.512407256116341
5372.0,3.632279401802107
5372.400000000001,0.8135909363957994
5372.8,-3.9488865895625795
5373.200000000001,-12.688879187551986
5373.6,-2.565632890775507
5374.0,-4.483874361600048
5374.400000000001,2.7054851101481807
5374.8,4.010341387518376
5375.200000000001,-14.027983693998895
5375.6,-0.8504431179762062
5376.0,-4.294119763925643
5376.400000000001,1.5183537485592327
5376.8,-3.562463023597055
5377.200000000001,-1.6079722255242854
5377.6,-10.393313534767675
5378.0,12.337715416640513
5378.400000000001,-5.529174016160175
5378.8,0.10326260095129208
5379.200000000001,0.20071539618774858
5379.6,-0.637376248088551
5380.0,6.903839279275424
5380.400000000001,9.220518993108612
5380.8,-3.5839255688673077
5381.200000000001,-5.087868347296069
5381.6,-1.5887435353684365
5382.0,-3.0297935848809994
5382.400000000001,2.605898273946477
5382.8,2.937465797709753
5383.200000000001,-0.7609582177290162
5383.6,7.592383180535381
5384.0,1.6034359306554504
5384.400000000001,3.229735621867207
5384.8,-6.509688115422869
5385.200000000001,-4.523204418614079
5385.6,0.7675597248457529
5386.0,-5.435482682125881
5386.400000000001,-6.5674385030660805
5386.8,9.550356867089732
5387.200000000001,1.240980175001813
5387.6,11.726747862213244
5388.0,-4.885480681565119
5388.400000000001,-0.0029858345082859413
5388.8,8.592297879205855
5389.200000000001,7.221308149219582
5389.6,-4.0496914109856705
5390.0,3.103288572351597
5390.400000000001,12.083324035393597
5390.8,1.664470904021333
5391.200000000001,-0.5529297818989244
5391.6,0.7678667920058069
5392.0,1.9040109487486203
5392.400000000001,-6.112932901065443
5392.8,-23.000920376979725
5393.200000000001,-8.014495464305595
5393.6,-0.48053684800352825
5394.0,0.7511927208212357
5394.400000000001,0.8855970469727161
5394.8,-4.0731564423931115
5395.200000000001,5.398694593321501
5395.6,-6.9740585578089185
5396.0,-4.658638352195136
5396.400000000001,7.447012051016887
5396.8,-1.795815747698978
5397.200000000001,9.607308782136538
5397.6,-0.4100877428681429
5398.0,-4.255658128061436
5398.400000000001,-3.7073765836094985
5398.8,1.1533761242953782
5399.200000000001,7.990061084159546
5399.6,2.5236272413563805
5400.0,8.472191174378136
5400.400000000001,0.18536315343249338
5400.8,-6.1203264247976685
5401.200000000001,5.254887960185808
5401.6,1.8687516698600806
5402.0,5.933401733732822
5402.400000000001,-12.504067860068702
5402.8,0.4471619806139249
5403.200000000001,-0.10356393566396291
5403.6,1.0624932223792376
5404.0,0.6632535540907714
5404.400000000001,1.8880228137935704
5404.8,2.9375552511083542
5405.200000000001,-5.024693236712588
5405.6,2.33994871326514
5406.0,-6.826709702210101
5406.400000000001,-1.0018631538567506
5406.8,0.10433953666217662
5407.200000000001,-2.4649268472891563
5407.6,-3.158383931391545
5408.0,4.547814092127888
5408.400000000001,5.177988757501424
5408.8,-6.388103057399563
5409.200000000001,-1.4017730573933056
5409.6,-7.132305384388773
5410.0,-1.301714227629461
5410.400000000001,0.5525695714577394
5410.8,-0.39905564535762317
5411.200000000001,1.2938310468209189
5411.6,-8.70436642850781
5412.0,1.7862098748631219
5412.400000000001,-10.684067022029858
5412.8,0.39668461332157856
5413.200000000001,-3.51163905106095
5413.6,-6.0971758213146865
5414.0,1.273529419093681
5414.400000000001,-3.1443083270297367
5414.8,-2.4636043010153506
5415.200000000001,-2.640714170846966
5415.6,-11.104594764873003
5416.0,1.5553966646550186
5416.400000000001,1.7626266775234227
5416.8,1.3108691233228535
5417.200000000001,-17.793894889915848
5417.6,11.725658100685175
5418.0,1.5683581595281
5418.400000000001,0.42465020745362875
5418.8,2.606978722550757
5419.200000000001,3.62171241354579
5419.6,3.094897552252588
5420.0,0.6313303580751463
5420.400000000001,-7.332147708840929
5420.8,5.712785204989114
5421.200000000001,-5.165075577359413
5421.6,1.892861310220157
5422.0,5.190942828620299
5422.400000000001,-2.2099731846745025
5422.8,-10.460278301840786
5423.200000000001,-5.194877422391539
5423.6,-10.554165393235099
5424.0,9.742774405852252
5424.400000000001,-5.014200408928135
5424.8,8.264497009204824
5425.200000000001,0.34148023616374507
5425.6,-3.8993333371930765
5426.0,-0.9917530950395749
5426.400000000001,1.1410041171768812
5426.8,-4.627987078246728
5427.200000000001,5.598613839534446
5427.6,0.34172732453290977
5428.0,9.683193355029825
5428.400000000001,2.945465616336519
5428.8,3.7792756316750067
5429.200000000001,-4.811315514668617
5429.6,-0.7791874551918232
5430.0,0.8418534315344015
5430.400000000001,-3.526731055618424
5430.8,0.13695394697831906
5431.200000000001,7.383964148642188
5431.6,6.820595875977597
5432.0,3.883934486887318
5432.400000000001,0.8637036902468432
5432.8,-2.7280184048260536
5433.200000000001,-3.954112320939922
5433.6,-2.999539737264503
5434.0,-0.34939996347367913
5434.400000000001,9.753112301746395
5434.8,0.8392138064018922
5435.200000000001,1.5204431469759718
5435.6,3.0302111861019867
5436.0,-2.1446995112736054
5436.400000000001,13.088640895556996
5436.8,-1.8425885165929006
5437.200000000001,-0.08958459087582595
5437.6,1.760950386012706
5438.0,13.31247564657501
5438.400000000001,0.011078624162211191
5438.8,-3.005214912701115
5439.200000000001,-6.102054540085394
5439.6,10.675249112678236
5440.0,2.324270576483903
5440.400000000001,4.22769854579168
5440.8,-0.6133485898099762
5441.200000000001,1.6520464089914308
5441.6,1.8484883242823555
5442.0,-2.368917104458332
5442.400000000001,2.0188652536076193
5442.8,0.6857831021379039
5443.200000000001,5.199891670615218
5443.6,7.903945987724735
5444.0,-5.289285180803034
5444.400000000001,4.535077426318902
5444.8,0.27116716185228856
5445.200000000001,8.287710834119556
5445.6,4.924276343397434
5446.0,-8.044864830709534
5446.400000000001,0.5913046139703079
5446.8,5.747965240592911
5447.200000000001,9.135887848925915
5447.6,3.1110738097575554
5448.0,5.65541877928788
5448.400000000001,0.8259193720022009
5448.8,-5.9092874907616535
5449.200000000001,-0.39406539708775
5449.6,-2.1966516064965824
5450.0,-18.113375760425203
5450.400000000001,-1.2881215377687742
5450.8,-1.7919452061263352
5451.200000000001,-0.48501504317114147
5451.6,0.9063690562335737
5452.0,-1.0573646509176349
5452.400000000001,-7.263147203055169
5452.8,-0.9808313783222831
5453.200000000001,-1.7780969480789008
5453.6,0.4508558620280074
5454.0,-0.37004936073832867
5454.400000000001,1.1483388233648824
5454.8,-3.1029432844811558
5455.200000000001,-3.2764237896706354
5455.6,1.156077092659363
5456.0,-0.42080331463330684
5456.400000000001,-4.898502588188156
5456.8,6.212840115346726
5457.200000000001,0.5561372371993102
5457.6,1.2637586326174335
5458.0,-3.140198840494475
5458.400000000001,-1.5671713783944217
5458.8,2.4449423330333087
5459.200000000001,3.5505922164442563
5459.6,-0.5865832110377259
5460.0,-1.1629986859497436
5460.400000000001,-5.651049945618235
5460.8,-4.879139253843654
5461.200000000001,1.1060463132395686
5461.6,-6.398737051461044
5462.0,-0.1379666782471925
5462.400000000001,3.030854348109239
5462.8,-6.131972046020065
5463.200000000001,2.43503288236471
5463.6,0.42707742112985025
5464.0,17.964340789215832
5464.400000000001,-1.4581106790795602
5464.8,-6.423748221698814
5465.200000000001,9.699573342433329
5465.6,-15.365467852837423
5466.0,-19.30081639784557
5466.400000000001,-3.099638155757261
5466.8,-3.815508002677163
5467.200000000001,-2.1054164428838216
5467.6,-13.75228543965119
5468.0,-1.8327013723186267
5468.400000000001,-1.3041374022017627
5468.8,6.693386073548002
5469.200000000001,0.6314902503583231
5469.6,-1.7032391141650112
5470.0,-1.7297294499598141
5470.400000000001,-0.4888394632394295
5470.8,0.33548988709232386
5471.200000000001,0.06427813779901681
5471.6,-5.1567207071388275
5472.0,2.1773692671467524
5472.400000000001,8.849259209543504
5472.8,3.686490462309987
5473.200000000001,-0.9057359477037253
5473.6,-2.6320793542166205
5474.0,2.1949071277912795
5474.400000000001,0.7199244049447155
5474.8,5.741621143188089
5475.200000000001,-5.448190250162628
5475.6,8.643476847733107
5476.0,-0.294862767447519
5476.400000000001,-2.251604115334907
5476.8,-7.013114265642192
5477.200000000001,5.1593386223003925
5477.6,1.4448014017464978
5478.0,-2.7032018559308275
5478.400000000001,-3.0760307394030253
5478.8,-0.6631790884506289
5479.200000000001,3.164972633723559
5479.6,-0.02825426797335489
5480.0,2.416824233146408
5480.400000000001,8.913512366935008
5480.8,-0.6768163395783298
5481.200000000001,-1.1439558180325142
5481.6,0.004610186716368635
5482.0,0.6869216683609357
5482.400000000001,-0.28035459636023663
5482.8,0.9464708103404653
5483.200000000001,-14.828573893718884
5483.6,5.598627480350933
5484.0,-0.9049595937813881
5484.400000000001,-2.1861688222421733
5484.8,-14.40969652277236
5485.200000000001,-0.9508382834232658
5485.6,2.1694739383584563
5486.0,-0.6315503070767161
5486.400000000001,1.8662583092541603
5486.8,0.4719556670306918
5487.200000000001,-4.649962433704382
5487.6,1.0921938253626036
5488.0,8.082409535086349
5488.400000000001,-0.782577432730628
5488.8,-6.271341574810139
5489.200000000001,-14.434380999654335
5489.6,-0.17966834665023002
5490.0,-3.8243508451385955
5490.400000000001,-2.835354735382554
5490.8,1.9691532218360428
5491.200000000001,-0.19855447916871927
5491.6,3.146980496136904
5492.0,3.5863843807172446
5492.400000000001,-3.207440903096182
5492.8,-10.68928439205389
5493.200000000001,6.464444933183254
5493.6,1.0178665978643266
5494.0,-1.2104616140033544
5494.400000000001,-2.7978015475525315
5494.8,-6.114215657332636
5495.200000000001,12.18293080359757
5495.6,0.02820430433209283
5496.0,1.1213888239476257
5496.400000000001,-1.1192283027779268
5496.8,6.052813606997587
5497.200000000001,-7.907113418144086
5497.6,1.6069903247912438
5498.0,1.250929027921808
5498.400000000001,-0.29470397467716136
5498.8,6.461030552841658
5499.200000000001,-3.948892073982427
5499.6,-3.5292139052433003
5500.0,0.30616991526885734
5500.400000000001,7.204769275961478
5500.8,-3.061635766783515
5501.200000000001,-3.931507060850623
5501.6,4.79905127939059
5502.0,-4.301601662866355
5502.400000000001,-1.6443794311806614
5502.8,-4.729777466167789
5503.200000000001,-2.9212297238796774
5503.6,7.119087841713649
5504.0,7.994087130993808
5504.400000000001,-0.607599596487058
5504.8,-7.035394914981249
5505.200000000001,-3.1883241432484395
5505.6,-5.14946986713378
5506.0,-2.974137526557384
5506.400000000001,3.145669122094951
5506.8,-6.076977039326921
5507.200000000001,1.9878709072834049
5507.6,-7.788256226302378
5508.0,-6.744832587185224
5508.400000000001,2.1626398137595073
5508.8,-0.932298165078303
5509.200000000001,0.6313262304009354
5509.6,-2.7302584042131417
5510.0,1.7791144659091762
5510.400000000001,-8.835707530855588
5510.8,5.213084798770974
5511.200000000001,0.3958756147238168
5511.6,-3.5262334220578144
5512.0,-4.9954761833750085
5512.400000000001,-1.7826533133239857
5512.8,9.711733411945081
5513.200000000001,17.245042661367098
5513.6,0.26543651570613935
5514.0,0.43306210983786686
5514.400000000001,-13.378550580861091
5514.8,-23.97002897862135
5515.200000000001,-8.910070179337326
5515.6,0.7648823467273168
5516.0,-2.119308496500673
5516.400000000001,-8.244985726994173
5516.8,2.0502661376109286
5517.200000000001,-9.11045513046825
5517.6,-7.402416918029161
5518.0,6.395087693435244
5518.400000000001,-2.140322534575378
5518.8,2.577180750106518
5519.200000000001,-2.685238163225159
5519.6,5.035912806599775
5520.0,-1.2297528394719255
5520.400000000001,-6.583726961395206
5520.8,-1.2706800498687474
5521.200000000001,2.6600212736006497
5521.6,-2.0323847749873285
5522.0,5.252679039892526
5522.400000000001,4.376597647611094
5522.8,-11.335384706890748
5523.200000000001,3.8360820756094105
5523.6,6.084546791579149
5524.0,1.3014059236917865
5524.400000000001,5.717376873022953
5524.8,-12.121428261534874
5525.200000000001,-2.963334440116543
5525.6,-4.4435323052259665
5526.0,-6.1170197172402165
5526.400000000001,0.7031197187061539
5526.8,-10.38037216996609
5527.200000000001,-5.089169714086958
5527.6,8.19466963016402
5528.0,-4.535638308932695
5528.400000000001,-1.3246236238537086
5528.8,1.6386430931298421
5529.200000000001,1.4118372361478442
5529.6,3.6437267264698985
5530.0,-1.7824707757761382
5530.400000000001,-3.984558676719013
5530.8,4.61838487392818
5531.200000000001,5.887739729099363
5531.6,16.719164339535585
5532.0,8.078500878454012
5532.400000000001,-8.781693250960677
5532.8,-0.36546503234051947
5533.200000000001,3.650901190903741
5533.6,-16.954213080303788
5534.0,-3.0044582575633876
5534.400000000001,1.651405330971374
5534.8,24.505099220618966
5535.200000000001,17.10813491389702
5535.6,-1.4401204702771322
5536.0,-2.3102908708246
5536.400000000001,-3.241104129904622
5536.8,-3.1077590026285735
5537.200000000001,2.416550589395512
5537.6,-7.615893780053016
5538.0,-2.169805612508607
5538.400000000001,5.28585747956526
5538.8,-15.5410643014117
5539.200000000001,-0.8390424709034914
5539.6,-6.713358628355529
5540.0,-5.077592035021949
5540.400000000001,2.0767562008347173
5540.8,4.407802492163322
5541.200000000001,-7.903155786760533
5541.6,-0.8266240808075795
5542.0,1.433906037558258
5542.400000000001,-1.9096681657059134
5542.8,6.210882694814251
5543.200000000001,-0.8228688158187302
5543.6,-9.772234906551123
5544.0,4.340057442681369
5544.400000000001,4.497521468532309
5544.8,-3.289556357933966
5545.200000000001,4.976128081368091
5545.6,0.12375956462666442
5546.0,0.6257548596672345
5546.400000000001,-1.9782341476572531
5546.8,-1.3410363470874744
5547.200000000001,-7.128419280648885
5547.6,6.275682955746447
5548.0,-0.22623189011643668
5548.400000000001,2.240397364023482
5548.8,-18.314602211737043
5549.200000000001,-1.955787218273217
5549.6,1.413765503019972
5550.0,-0.5166080034086152
5550.400000000001,5.160941053198122
5550.8,-4.5679757804020955
5551.200000000001,6.883532072664683
5551.6,-1.1059739286259669
5552.0,-5.271243354906613
5552.400000000001,-1.4344749985697738
5552.8,0.6248969622455932
5553.200000000001,-0.5933111204520359
5553.6,-1.7265887250853735
5554.0,-3.477660836421511
5554.400000000001,3.0343810069649564
5554.8,3.0199496135377846
5555.200000000001,-0.514646765127007
5555.6,1.2001131115939225
5556.0,7.568264068236203
5556.400000000001,2.8340952220286812
5556.8,-0.8664113784334521
5557.200000000001,5.746492580664095
5557.6,-4.377231403762685
5558.0,-2.73983275922474
5558.400000000001,8.354492733258883
5558.8,0.7183971081717073
5559.200000000001,2.1021324126984378
5559.6,6.002982599405831
5560.0,-9.71544041136246
5560.400000000001,-4.961966949850563
5560.8,-1.4064779834020777
5561.200000000001,-3.1822791292108565
5561.6,1.1093632654558103
5562.0,-3.5082830539682313
5562.400000000001,-4.8065932486203
5562.8,-0.818219588638468
5563.200000000001,0.018382062441125044
5563.6,-8.030682189545736
5564.0,-1.9937769932175773
5564.400000000001,-4.2670484774457655
5564.8,5.909213893797371
5565.200000000001,3.4180424180785463
5565.6,0.5449004033612002
5566.0,-3.708968279848874
5566.400000000001,-3.186751634819421
5566.8,3.4569059819500385
5567.200000000001,-5.956458435744616
5567.6,-4.396491907366048
5568.0,-2.8756955508473903
5568.400000000001,-3.29561824926703
5568.8,1.66786173003134
5569.200000000001,-3.2084295661109024
5569.6,3.815199038606467
5570.0,-3.9129096412775173
5570.400000000001,-5.01736574970537
5570.8,-7.122685645502923
5571.200000000001,-9.47837419995254
5571.6,-9.878608482732009
5572.0,-2.4383414107804287
5572.400000000001,-7.114082572365762
5572.8,-1.4672099623199033
5573.200000000001,4.650918748507808
5573.6,0.2340393462305434
5574.0,-0.31388291264080603
5574.400000000001,-12.651105112532735
5574.8,-1.1991126645299572
5575.200000000001,-0.2587446140879608
5575.6,-0.090014495165677
5576.0,14.32162144989264
5576.400000000001,-3.7066186985831213
5576.8,-1.2532430457085715
5577.200000000001,1.4221471991009795
5577.6,0.08024052951392041
5578.0,-0.07807558366478887
5578.400000000001,-3.403525436634146
5578.8,-6.127880477974297
5579.200000000001,-2.811300113226674
5579.6,-6.588536534760156
5580.0,-5.608753978213032
5580.400000000001,0.46869505864797595
5580.8,-4.605665023452599
5581.200000000001,0.7448164382019261
5581.6,-1.7900442703498425
5582.0,-4.310403511041904
5582.400000000001,-4.006273429690616
5582.8,-1.231914079944896
5583.200000000001,4.043619623152464
5583.6,-0.628243716078168
5584.0,-6.982326629393692
5584.400000000001,-0.48361044838206446
5584.8,2.429107494603084
5585.200000000001,-9.560918653910656
5585.6,7.12809501842785
5586.0,-2.212148038510227
5586.400000000001,-4.414341246082252
5586.8,-3.5910022445322722
5587.200000000001,-23.92478542216308
5587.6,-3.198437872018146
5588.0,3.777355535701616
5588.400000000001,-0.7193497613363585
5588.8,4.482885212626761
5589.200000000001,9.89435617029698
5589.6,-0.5154164514872404
5590.0,2.41782445343881
5590.400000000001,-7.0933371867576875
5590.8,0.8886708714335612
5591.200000000001,3.444510281175594
5591.6,-0.47736080551360405
5592.0,2.929788215061482
5592.400000000001,2.134978155797579
5592.8,-8.285939837981367
5593.200000000001,0.675775741193003
5593.6,1.198027317734416
5594.0,-2.217681946587543
5594.400000000001,-2.767669419989518
5594.8,-5.685666533885434
5595.200000000001,-6.865200488376264
5595.6,0.46441391974966584
5596.0,0.010897717847823797
5596.400000000001,1.8893149279777495
5596.8,-8.958929325347588
5597.200000000001,-8.60120939701648
5597.6,0.42849472544200207
5598.0,-0.8642594477660599
5598.400000000001,-4.262917152966149
5598.8,-1.7688088439869118
5599.200000000001,-5.975430400095387
5599.6,-5.36792717252027
5600.0,3.524367785570241
5600.400000000001,-0.47375290946225956
5600.8,-1.2390638675104062
5601.200000000001,0.25547879225110137
5601.6,2.026641291965442
5602.0,-4.469613787470253
5602.400000000001,8.500263167480131
5602.8,-1.4725654329397575
5603.200000000001,-14.520940419318958
5603.6,7.766540197134304
5604.0,-5.303048513162417
5604.400000000001,-2.418679099816773
5604.8,6.523260392710817
5605.200000000001,3.5055946628166517
5605.6,-0.9926861015097189
5606.0,7.591522492433028
5606.400000000001,5.525925166627203
5606.8,2.0113322921921135
5607.200000000001,4.023504619819812
5607.6,3.1481210771189443
5608.0,1.3451518083151282
5608.400000000001,4.916614927225132
5608.8,9.058163791693802
5609.200000000001,-0.13670307653384398
5609.6,-3.8290919328674082
5610.0,-5.5072857098766415
5610.400000000001,0.0661214873159447
5610.8,-0.8167618049914411
5611.200000000001,-3.3921581863779164
5611.6,-6.530667012773154
5612.0,0.4771913509828487
5612.400000000001,-10.234660880577488
5612.8,4.130786985376748
5613.200000000001,6.576479091840277
5613.6,1.1674203592499968
5614.0,1.7583114486394746
5614.400000000001,-1.5470762844181625
5614.8,-6.744196942689537
5615.200000000001,1.2712423103741433
5615.6,2.6557033160926586
5616.0,-11.678711252892954
5616.400000000001,-1.5470439352084684
5616.8,-2.6906946624620165
5617.200000000001,11.89400958100802
5617.6,-1.3072917129553072
5618.0,2.0803671717429992
5618.400000000001,1.219115872729272
5618.8,6.6212531475044925
5619.200000000001,2.4260473896938817
5619.6,-5.6863446554297425
5620.0,-5.357309847072052
5620.400000000001,3.2989625646997505
5620.8,4.550523391976615
5621.200000000001,3.8989637821877636
5621.6,2.2789954177821876
5622.0,2.1845725106039624
5622.400000000001,-8.107094105843299
5622.8,-0.25539331888664607
5623.200000000001,6.2553664834956955
5623.6,-1.8860406204763618
5624.0,-0.990745820916279
5624.400000000001,2.742561005880698
5624.8,-2.1075193332436495
5625.200000000001,10.658468520230135
5625.6,-4.04711689240589
5626.0,2.81893216774914
5626.400000000001,-3.798164551881587
5626.8,-8.938682341352576
5627.200000000001,1.0204746087769672
5627.6,9.509208323259573
5628.0,-7.0385208187844714
5628.400000000001,-0.1860098930691112
5628.8,-0.7446344392551597
5629.200000000001,0.20712340920869973
5629.6,-3.8744549038482616
5630.0,4.9334955720993525
5630.400000000001,2.423292466672824
5630.8,-0.16089783759050152
5631.200000000001,-3.174700407258575
5631.6,-2.122231632226054
5632.0,1.5666916827679667
5632.400000000001,-1.0290241921337206
5632.8,-2.664416310205278
5633.200000000001,4.63963958602308
5633.6,4.617372840773148
5634.0,10.271193905051298
5634.400000000001,-4.480147416263506
5634.8,-0.7549008971131775
5635.200000000001,-2.5313935191241113
5635.6,-2.4570667923125926
5636.0,6.469934025567133
5636.400000000001,-7.416106661055299
5636.8,-1.038405647255886
5637.200000000001,3.8189720090333754
5637.6,-3.126178111580008
5638.0,-3.360247812159691
5638.400000000001,5.856441327952613
5638.8,0.5085144472723206
5639.200000000001,0.2593652884007977
5639.6,1.9860003838644638
5640.0,-3.8331519173859596
5640.400000000001,-0.30023353799008534
5640.8,-1.702129925237337
5641.200000000001,-2.4164029837022545
5641.6,-0.815915559211428
5642.0,-2.411690830739805
5642.400000000001,-0.26942240718097843
5642.8,-2.8520489124150505
5643.200000000001,4.5947844841334025
5643.6,19.507284913822602
5644.0,-0.4707283943854621
5644.400000000001,-10.258791465152434
5644.8,2.3067858224929627
5645.200000000001,-5.92626414933391
5645.6,-0.7244909671334994
5646.0,-2.658905209002775
5646.400000000001,-3.895452219214828
5646.8,2.0518137624923236
5647.200000000001,8.526535174745911
5647.6,-0.8839409959761023
5648.0,-1.5647442287291504
5648.400000000001,18.95970993101994
5648.8,1.1798492977474602
5649.200000000001,-7.015975096536499
5649.6,-6.054247911821392
5650.0,-5.160713250613549
5650.400000000001,-12.500778974053638
5650.8,-0.6820817603344125
5651.200000000001,4.99656730923287
5651.6,-5.300730170896228
5652.0,3.5418871207287688
5652.400000000001,-8.196732263512402
5652.8,1.368994353966517
5653.200000000001,-6.517739383788834
5653.6,-9.71897484040536
5654.0,3.021850887987574
5654.400000000001,0.30967727017326124
5654.8,-1.6350071390850434
5655.200000000001,6.909171947442239
5655.6,1.6988583872513718
5656.0,4.788881095570938
5656.400000000001,0.9613745539132494
5656.8,15.949066396161683
5657.200000000001,0.6041158515755467
5657.6,8.398056523399017
5658.0,-1.3788159644447706
5658.400000000001,-1.6251255049838074
5658.8,10.022684914104737
5659.200000000001,-4.912024738262504
5659.6,-1.8347753474113064
5660.0,2.8523246592154523
5660.400000000001,5.899853884798706
5660.8,-2.5600618274047755
5661.200000000001,-10.324322154878887
5661.6,-1.5717575878556445
5662.0,-6.363611556922968
5662.400000000001,-3.3224914130500984
5662.8,3.2520300827865305
5663.200000000001,-0.20943533022398483
5663.6,4.455723462543006
5664.0,4.205140211557816
5664.400000000001,-11.603064668883928
5664.8,4.4707537123594125
5665.200000000001,-1.2617829334417197
5665.6,0.5733838841008071
5666.0,4.091246034659005
5666.400000000001,-2.690066434165022
5666.8,0.5945620167182559
5667.200000000001,-2.9393399396579882
5667.6,5.373041109681086
5668.0,-5.423413747049807
5668.400000000001,2.9503544161818045
5668.8,1.4130843236517459
5669.200000000001,5.255741821901159
5669.6,-3.701030262365441
5670.0,6.763876089400047
5670.400000000001,14.123843583437107
5670.8,-6.342507711552061
5671.200000000001,-8.564200947293317
5671.6,-7.1029671111105595
5672.0,0.1981026720742925
5672.400000000001,-0.41780465449357934
5672.8,0.7181074202908535
5673.200000000001,4.211835676885466
5673.6,1.9276062956491904
5674.0,-12.070196219864286
5674.400000000001,2.9390655621148225
5674.8,7.3762249091988945
5675.200000000001,-1.0512173782365644
5675.6,8.059526214659668
5676.0,4.584486401309672
5676.400000000001,-5.208813579729795
5676.8,2.983921149793447
5677.200000000001,-3.2434529570726864
5677.6,-3.1847481303047056
5678.0,3.9233929160727103
5678.400000000001,-11.856246200631622
5678.8,-2.6558809761316993
5679.200000000001,4.748626091941858
5679.6,4.714673511059532
5680.0,1.1006522949138517
5680.400000000001,-1.2076341066839045
5680.8,-9.505273615309
5681.200000000001,6.171415605323293
5681.6,2.412232601913846
5682.0,10.633430176039182
5682.400000000001,-1.0178593114178247
5682.8,-2.5228228503650865
5683.200000000001,-4.293160918546796
5683.6,-7.128676493242347
5684.0,4.122156273044729
5684.400000000001,-7.3624199634315
5684.8,-1.930608894951939
5685.200000000001,0.6023564654463668
5685.6,-4.6517221193598
5686.0,-3.2649443739514137
5686.400000000001,-9.767893265699085
5686.8,1.0460969074947781
5687.200000000001,0.497365738334328
5687.6,9.142320381633178
5688.0,-11.287421082040566
5688.400000000001,5.338881130669248
5688.8,4.976876905747497
5689.200000000001,-2.867202331257268
5689.6,-7.577858711786508
5690.0,2.17972367130126
5690.400000000001,12.82954978908585
5690.8,-9.898830456466206
5691.200000000001,-1.2533868669430608
5691.6,3.6276951892218836
5692.0,-3.7719999365243027
5692.400000000001,-6.375521066938629
5692.8,7.502692590093577
5693.200000000001,-3.1502205362867426
5693.6,4.107209734006515
5694.0,-1.0709424469304125
5694.400000000001,4.970237577465751
5694.8,2.5387747594256065
5695.200000000001,-1.1245703681620305
5695.6,-0.784164006970065
5696.0,12.512750748855506
5696.400000000001,-4.849461051008835
5696.8,-2.028547892743848
5697.200000000001,-17.760282952160853
5697.6,7.064253677895207
5698.0,0.8227684984569288
5698.400000000001,-0.36369544841512286
5698.8,0.16051804604315625
5699.200000000001,-3.92887362300403
5699.6,-6.374548871404344
5700.0,-0.8175339434339559
5700.400000000001,-8.565837455732126
5700.8,1.9423166463875643
5701.200000000001,-3.497861543744989
5701.6,-1.5121221969490775
5702.0,-2.8497108724764493
5702.400000000001,4.4341733031064505
5702.8,9.01709578058596
5703.200000000001,-0.8845085189519446
5703.6,2.4157448927484726
5704.0,1.9590598560952843
5704.400000000001,-2.807660567969558
5704.8,-1.3863850114474654
5705.200000000001,-9.92512577380659
5705.6,3.1034818520005256
5706.0,3.2835133773856544
5706.400000000001,2.6793367925073017
5706.8,0.1621293237341301
5707.200000000001,6.359459152160978
5707.6,7.633168534119593
5708.0,0.7766619508100704
5708.400000000001,5.055073041661938
5708.8,7.867406720176518
5709.200000000001,1.2053733758013518
5709.6,-5.896691657522268
5710.0,0.6523605314424753
5710.400000000001,-8.613652535228105
5710.8,0.9866679573832936
5711.200000000001,-4.263159686775337
5711.6,-7.7100593208287185
5712.0,3.280749231497947
5712.400000000001,3.792158179939125
5712.8,1.1183272630155878
5713.200000000001,0.9570541599299297
5713.6,-0.656859927415399
5714.0,-0.7249034329187647
5714.400000000001,-6.586654897202492
5714.8,7.731353371368391
5715.200000000001,1.245258118519523
5715.6,-0.7876971579999859
5716.0,-2.930568912586744
5716.400000000001,-9.735984650852865
5716.8,4.653770940889641
5717.200000000001,2.470547983535406
5717.6,-0.7349362391581773
5718.0,-0.744196955224985
5718.400000000001,2.7401005989846654
5718.8,-5.182044214340196
5719.200000000001,3.7248518467822693
5719.6,4.431788341581774
5720.0,2.272712058425139
5720.400000000001,12.27474835712674
5720.8,3.8684936507235674
5721.200000000001,8.543767246159078
5721.6,-2.1128238661528718
5722.0,6.537027429004503
5722.400000000001,-1.0750645526492806
5722.8,-2.7533517656537843
5723.200000000001,-4.054930786091732
5723.6,2.9393114509132796
5724.0,9.925243026240658
5724.400000000001,10.897559499312248
5724.8,5.0574240966670985
5725.200000000001,4.5856477649355485
5725.6,0.3104963799048384
5726.0,-1.643559247226588
5726.400000000001,-7.429263706106346
5726.8,-1.205364266378496
5727.200000000001,-8.004394525563713
5727.6,0.2989776132751027
5728.0,-0.6766403758149959
5728.400000000001,2.3664376096807684
5728.8,-1.2346060418014786
5729.200000000001,3.967846976081666
5729.6,0.748408023091933
5730.0,-6.279001238164932
5730.400000000001,-4.722694807306872
5730.8,-7.115553642241452
5731.200000000001,1.1454099497079209
5731.6,11.16130371364781
5732.0,3.9395481981620173
5732.400000000001,-11.48933006154122
5732.8,-2.0868889900993755
5733.200000000001,6.086560795352477
5733.6,-6.471519818589605
5734.0,1.7289090963724876
5734.400000000001,-3.4009651561276364
5734.8,-2.376518883101553
5735.200000000001,3.9297458005216535
5735.6,1.4547398751102893
5736.0,-6.987725214820922
5736.400000000001,6.528125736561227
5736.8,-11.527320712220071
5737.200000000001,-6.4868674754167515
5737.6,-2.435873158636247
5738.0,-8.280914203453436
5738.400000000001,5.937951033511521
5738.8,-8.412019778304474
5739.200000000001,-0.16443548510306968
5739.6,10.489346399846738
5740.0,7.211927642787329
5740.400000000001,1.2531551230144373
5740.8,-5.153855696609587
5741.200000000001,1.77914613490409
5741.6,-10.430368802848253
5742.0,0.7882766957133196
5742.400000000001,-7.310090639699387
5742.8,8.887912932626104
5743.200000000001,-6.463245774497125
5743.6,-2.871314856477278
5744.0,4.754995450080566
5744.400000000001,1.3437064868438444
5744.8,-4.764452722683369
5745.200000000001,-7.782788010480153
5745.6,0.6527939890472532
5746.0,-2.4185624543141033
5746.400000000001,-0.5911569990022265
5746.8,0.21021151032451063
5747.200000000001,-1.9288095483064602
5747.6,2.4105790408437775
5748.0,0.14929908408209908
5748.400000000001,3.9317841992315232
5748.8,-5.079531067405619
5749.200000000001,-2.7689777780150635
5749.6,5.419868491655339
5750.0,10.528057480034196
5750.400000000001,2.39343481239585
5750.8,-2.2720780305851345
5751.200000000001,-2.7247376930765244
5751.6,4.917655874064567
5752.0,-0.40345785465456074
5752.400000000001,-2.7506687356098416
5752.8,-7.224167416346308
5753.200000000001,4.0048632482828115
5753.6,2.3218942729257535
5754.0,-4.550323890010059
5754.400000000001,0.5932461905196134
5754.8,-4.367236116062177
5755.200000000001,3.822681398330492
5755.6,0.9911732922122861
5756.0,-2.908314365782718
5756.400000000001,2.2148196149566584
5756.8,5.434458160882643
5757.200000000001,-2.503788708229525
5757.6,-3.0275708235495165
5758.0,-10.47765884256193
5758.400000000001,-11.05138455834407
5758.8,22.291144449917443
5759.200000000001,4.927072993460699
5759.6,29.80353763160242
5760.0,-8.787228122021293
5760.400000000001,-0.32913108178530887
5760.8,5.380350190209029
5761.200000000001,-1.2911447433463432
5761.6,-4.219387308618384
5762.0,3.7212951497346642
5762.400000000001,4.331513635662778
5762.8,6.069314750878425
5763.200000000001,1.4825965337682157
5763.6,-14.235361575738875
5764.0,8.536397323903737
5764.400000000001,3.8875911009820756
5764.8,1.4013323232233232
5765.200000000001,-4.099018616116802
5765.6,6.851201169790208
5766.0,1.696296081491436
5766.400000000001,-0.4766748301565079
5766.8,-1.0742428904312025
5767.200000000001,-1.6133513025587085
5767.6,-3.8278069049302066
5768.0,-2.529792048901905
5768.400000000001,-2.496479869103825
5768.8,-0.27631880498779976
5769.200000000001,-4.836743848097802
5769.6,-2.315372553350001
5770.0,1.3772253551239857
5770.400000000001,-7.7784219613893155
5770.8,6.763383248691472
5771.200000000001,-4.391279428396652
5771.6,5.090812197256394
5772.0,6.561397912801507
5772.400000000001,4.499310894202004
5772.8,2.675858322570911
5773.200000000001,-3.232403473427779
5773.6,2.3003591512849644
5774.0,1.9606368102154994
5774.400000000001,9.174907059221463
5774.8,-3.1040144052292744
5775.200000000001,-1.0097572910238297
5775.6,-6.406619615803341
5776.0,-1.6284335460218426
5776.400000000001,-1.5137638549115917
5776.8,1.399848172302815
5777.200000000001,10.182440607282233
5777.6,1.6739328626163406
5778.0,-7.159805911456485
5778.400000000001,0.820983989854085
5778.8,1.7867202869169647
5779.200000000001,1.21618194293263
5779.6,0.9827793085702691
5780.0,1.8170844713274947
5780.400000000001,10.899409711491593
5780.8,1.7502020210209164
5781.200000000001,-6.083612481338163
5781.6,-1.0585644054617651
5782.0,-0.1048066871506089
5782.400000000001,-7.980418263010904
5782.8,0.2701397390338444
5783.200000000001,0.038698513243117086
5783.6,-3.2370439882456052
5784.0,-0.019111869289472644
5784.400000000001,-3.3807742300224004
5784.8,2.577096283394893
5785.200000000001,8.600537692918408
5785.6,-6.066553437869358
5786.0,-5.3688443006408075
5786.400000000001,2.1807259767568143
5786.8,-22.83911154640139
5787.200000000001,6.103782862842621
5787.6,11.388234000788803
5788.0,1.5479391002601481
5788.400000000001,-7.014297335109405
5788.8,1.1375982693218263
5789.200000000001,2.2670390172681727
5789.6,-12.741351228189039
5790.0,8.137248532473647
5790.400000000001,-2.3898563977184875
5790.8,-4.58792761790195
5791.200000000001,-4.222567629647232
5791.6,11.368310629875495
5792.0,-0.30696786102089824
5792.400000000001,-5.5453604874968
5792.8,12.025494626653172
5793.200000000001,2.7838624014438444
5793.6,-2.715105311776267
5794.0,-0.7320770224575543
5794.400000000001,4.173830780198044
5794.8,-3.735665983882239
5795.200000000001,-9.269666015396329
5795.6,13.469409816979335
5796.0,1.14134175635258
5796.400000000001,-1.0275107332167066
5796.8,1.510470038804013
5797.200000000001,-8.873847874838393
5797.6,-7.906267746617198
5798.0,3.601729524721875
5798.400000000001,0.06861478800043722
5798.8,-9.229096691503809
5799.200000000001,5.221645662748645
5799.6,8.748957647046751
5800.0,-0.2385027697121765
5800.400000000001,-1.1177756956267562
5800.8,3.129573921954123
5801.200000000001,-0.6999882277563384
5801.6,3.389115612531382
5802.0,-4.3678798143439455
5802.400000000001,22.970266561829575
5802.8,-14.40330995409732
5803.200000000001,-4.355101345341755
5803.6,4.530310943117355
5804.0,0.9508065692485079
5804.400000000001,1.9765347874616572
5804.8,-8.089566157797774
5805.200000000001,-2.2379914337998392
5805.6,2.818907832607238
5806.0,-3.638195873704968
5806.400000000001,-4.943010285107055
5806.8,1.7738547059456844
5807.200000000001,10.92515339576876
5807.6,2.8817054026478184
5808.0,-2.8196689726526403
5808.400000000001,-9.078320360914962
5808.8,2.9574688747225824
5809.200000000001,0.7377091420329405
5809.6,-7.31330736680313
5810.0,1.6461747208699749
5810.400000000001,-9.899885670214832
5810.8,-0.2918419711697546
5811.200000000001,8.008887110318305
5811.6,-1.065282237178641
5812.0,5.3196450864318825
5812.400000000001,-3.48270692370972
5812.8,3.567789231120741
5813.200000000001,-1.1685675264761402
5813.6,11.312429158611693
5814.0,-5.448954246871896
5814.400000000001,0.8142234951836689
5814.8,-2.8579369874658984
5815.200000000001,-2.444708354272697
5815.6,0.3897054171549877
5816.0,-4.530871409641148
5816.400000000001,-8.084248773866879
5816.8,9.778525055196262
5817.200000000001,-0.9970963207764811
5817.6,-2.4385166285782263
5818.0,-3.6836672504813346
5818.400000000001,-3.037180875334537
5818.8,-5.94540833709961
5819.200000000001,-2.4662221305667034
5819.6,-7.3488890257148975
5820.0,-4.7611463211092895
5820.400000000001,1.0771174973728261
5820.8,4.622766484983558
5821.200000000001,-0.019804490928751674
5821.6,-0.8777141354779023
5822.0,16.015264048259866
5822.400000000001,1.5490849929541826
5822.8,7.256692221632002
5823.200000000001,1.26845429259961
5823.6,-2.1506938566585423
5824.0,3.3406705881094325
5824.400000000001,-6.7278534312959
5824.8,3.784686358270954
5825.200000000001,-17.862169272267437
5825.6,5.835373863347354
5826.0,-1.0673352614197718
5826.400000000001,-3.221549801756322
5826.8,-1.083478467857631
5827.200000000001,-3.489377417143353
5827.6,-1.1722807145964207
5828.0,-1.0278924336905404
5828.400000000001,2.8370340533461484
5828.8,-12.663195578422153
5829.200000000001,2.946245112468276
5829.6,-8.695453435773938
5830.0,1.0997103571394724
5830.400000000001,-6.443054956325165
5830.8,-8.652999403773023
5831.200000000001,-3.0154873007084904
5831.6,16.13405434447668
5832.0,-0.7731923562786142
5832.400000000001,-4.586632959560363
5832.8,-6.628581755510544
5833.200000000001,-3.471625739953095
5833.6,-3.7980449716811666
5834.0,-3.6467882206826996
5834.400000000001,-3.4433695919960488
5834.8,-3.830612062613097
5835.200000000001,-4.732748383361453
5835.6,-3.545546963214102
5836.0,-7.175743128950513
5836.400000000001,-5.760554060780187
5836.8,-4.706624858152488
5837.200000000001,6.242641306333851
5837.6,1.3605080376086554
5838.0,1.9807386643423492
5838.400000000001,0.9132825497308064
5838.8,0.6266679172349309
5839.200000000001,24.08311778448312
5839.6,2.491985650637132
5840.0,7.1543813781315
5840.400000000001,-4.627711809418936
5840.8,-2.8078746932045737
5841.200000000001,-1.9124100367832977
5841.6,0.28838801335207603
5842.0,-0.8193886364976957
5842.400000000001,-4.220736612504931
5842.8,-5.785406288787078
5843.200000000001,14.097994953815718
5843.6,2.0055557638681516
5844.0,-5.1156186280482485
5844.400000000001,2.9801633068731253
5844.8,10.646650131240447
5845.200000000001,-12.41718099203684
5845.6,-6.21324522819179
5846.0,5.167274546127448
5846.400000000001,-2.33087283260177
5846.8,-3.227441399150124
5847.200000000001,0.4130366050857645
5847.6,4.3648246908360635
5848.0,0.31912619511917184
5848.400000000001,0.25556599500875055
5848.8,-8.387357799847607
5849.200000000001,-3.095477882614418
5849.6,-0.39760718213863433
5850.0,-2.864951925470012
5850.400000000001,-8.138307894153566
5850.8,-2.362064251014937
5851.200000000001,4.217717014909737
5851.6,-6.938164958875267
5852.0,-4.40129990736094
5852.400000000001,0.1311896408241944
5852.8,-16.787380316274383
5853.200000000001,-2.6776117469777505
5853.6,-3.677246926048752
5854.0,-4.144689933834573
5854.400000000001,-4.969934379818911
5854.8,2.306169293880416
5855.200000000001,-1.3366020550826394
5855.6,-0.4762472684686978
5856.0,0.1275070197156312
5856.400000000001,-4.7360669000147855
5856.8,-8.505757655681126
5857.200000000001,-6.411387903475249
5857.6,2.0888150439574678
5858.0,6.9587130419013015
5858.400000000001,-2.432836399868108
5858.8,-1.0026159620190875
5859.200000000001,-9.090271875876041
5859.6,-3.3253099574693206
5860.0,5.2971291733126105
5860.400000000001,-6.412222715966301
5860.8,-5.946980601095006
5861.200000000001,-5.540067135384378
5861.6,-22.741141582253505
5862.0,0.7799669891921052
5862.400000000001,-3.7868201618885977
5862.8,-5.3348262248679355
5863.200000000001,-1.4436009208118261
5863.6,13.851531231474016
5864.0,-16.7999277860013
5864.400000000001,-8.310363949411405
5864.8,-2.4101573258680653
5865.200000000001,-0.38877364493095623
5865.6,-2.6345212415777746
5866.0,-5.624701514976749
5866.400000000001,1.4598920785932192
5866.8,3.0629583059586802
5867.200000000001,-0.5792349597445485
5867.6,-3.7737110152691766
5868.0,-4.956248087035965
5868.400000000001,-4.716459622408534
5868.8,-3.483305273002686
5869.200000000001,-12.411883606509662
5869.6,-4.7616856227738165
5870.0,9.633066133887189
5870.400000000001,2.8505155317620563
5870.8,7.707643246442812
5871.200000000001,0.28749437155629753
5871.6,3.2212276498622576
5872.0,0.41012729834374734
5872.400000000001,-8.076672690605996
5872.8,-1.4009258100584687
5873.200000000001,13.150427226888873
5873.6,1.649020819277661
5874.0,-1.473592276746346
5874.400000000001,-7.525474263366037
5874.8,1.0112278375679586
5875.200000000001,-5.23476644653487
5875.6,2.7952616622140667
5876.0,0.10770232999018366
5876.400000000001,-2.8965051406469975
5876.8,6.181154832181555
5877.200000000001,2.058507842229843
5877.6,-1.647025127737374
5878.0,-3.868166949282141
5878.400000000001,0.017493657646840466
5878.8,2.1441872592567797
5879.200000000001,0.25323918102071186
5879.6,-4.123557809309824
5880.0,-4.179947107894486
5880.400000000001,3.0303387667783483
5880.8,0.41434220424660556
5881.200000000001,-4.492562498004387
5881.6,-1.5779388347465162
5882.0,-2.4744503782754195
5882.400000000001,5.171060206254801
5882.8,6.024837207811671
5883.200000000001,-4.19422436180698
5883.6,-0.9124292989393868
5884.0,10.241112272750371
5884.400000000001,1.041329465184853
5884.8,2.319020334620424
5885.200000000001,5.416283332355219
5885.6,4.335206712663041
5886.0,-3.603376136229097
5886.400000000001,-1.1469582804330527
5886.8,0.15820552872608332
5887.200000000001,-7.406303492237436
5887.6,3.4824682700903424
5888.0,-3.8761732930364605
5888.400000000001,-6.192991031893154
5888.8,-13.001824266795518
5889.200000000001,-9.604399636341265
5889.6,-5.247437617425433
5890.0,-8.554985528959737
5890.400000000001,-5.411650513702683
5890.8,-2.786452091852261
5891.200000000001,-17.166602226436392
5891.6,-5.054350886007807
5892.0,8.975805468146769
5892.400000000001,-8.294229661115043
5892.8,-0.7701180739698111
5893.200000000001,-1.0276881679447332
5893.6,-0.21776278139424218
5894.0,0.7428171767839796
5894.400000000001,-4.487415096504671
5894.8,4.149451194825849
5895.200000000001,15.280460180832936
5895.6,11.681144168958467
5896.0,-0.924057765935931
5896.400000000001,4.985062778349539
5896.8,-5.067216409566883
5897.200000000001,-0.41883579979043883
5897.6,1.9871327124170126
5898.0,4.8380970362371185
5898.400000000001,1.91185910840397
5898.8,4.746278580202191
5899.200000000001,7.057908412062007
5899.6,-0.5922304054802817
5900.0,7.432266683359029
5900.400000000001,-0.1653366029577381
5900.8,-2.7592640807132396
5901.200000000001,-5.8847434712442315
5901.6,-2.087601341357767
5902.0,12.392943976975864
5902.400000000001,9.826724819541928
5902.8,1.2037777698005483
5903.200000000001,-3.848364421413628
5903.6,10.97483580922189
5904.0,1.2067762348638122
5904.400000000001,-0.8624327383075897
5904.8,8.220213255955622
5905.200000000001,3.37283329508401
5905.6,-2.9329730252640704
5906.0,-3.7982749777994913
5906.400000000001,-0.5353359013181108
5906.8,6.366351386555267
5907.200000000001,2.7366931522626414
5907.6,0.016630351864197642
5908.0,2.31909768882018
5908.400000000001,8.56208386174346
5908.8,-0.8137389674616478
5909.200000000001,0.295715905825641
5909.6,-4.204356712081647
5910.0,1.155203796869593
5910.400000000001,2.7597540320988805
5910.8,11.919489657374463
5911.200000000001,12.794791890077285
5911.6,-2.4261691551826665
5912.0,-1.356341335092215
5912.400000000001,4.423246029912068
5912.8,-0.3982549354576551
5913.200000000001,3.472397959644305
5913.6,-1.5053298083577935
5914.0,-2.3857412458761034
5914.400000000001,-3.051650416246712
5914.8,2.9615127355879354
5915.200000000001,1.2032200131154827
5915.6,-4.86909750995368
5916.0,2.5738367249934777
5916.400000000001,-2.123753478076912
5916.8,-0.9800561266309777
5917.200000000001,-8.179800760460562
5917.6,7.24627873755876
5918.0,-3.452414608265191
5918.400000000001,-6.575627734910796
5918.8,-8.220287198742728
5919.200000000001,2.5709647410950147
5919.6,-2.005315225639928
5920.0,-5.62664301920396
5920.400000000001,-5.6194407936804005
5920.8,0.7872250366363099
5921.200000000001,8.211387550156488
5921.6,-3.8963951804902024
5922.0,-6.179993041555884
5922.400000000001,4.128115352273238
5922.8,2.7889918499277493
5923.200000000001,-5.631808714847701
5923.6,-4.434614991135252
5924.0,3.837577457036909
5924.400000000001,1.6964381706911122
5924.8,0.907549849618138
5925.200000000001,-6.0544372654339185
5925.6,1.7440493768795562
5926.0,2.34778573708781
5926.400000000001,10.128252008211632
5926.8,-1.2363650217771294
5927.200000000001,-5.160270722548618
5927.6,5.777413202771014
5928.0,1.973605763846244
5928.400000000001,9.20233180891595
5928.8,-1.4409170786478738
5929.200000000001,8.230646967153012
5929.6,-2.04230898643682
5930.0,-0.17067042203915678
5930.400000000001,2.071812608318222
5930.8,2.7585354801738204
5931.200000000001,-5.729186906686267
5931.6,-15.390847868787752
5932.0,3.477158324686709
5932.400000000001,-2.969372716937288
5932.8,-3.085640162617333
5933.200000000001,-1.280056518878546
5933.6,4.545935097098316
5934.0,-0.17443228480387418
5934.400000000001,-7.719651232804422
5934.8,0.7165683734630606
5935.200000000001,-3.1025878229496624
5935.6,-1.8338966348063015
5936.0,-2.411637082916621
5936.400000000001,-4.210003852588915
5936.8,7.839023496857837
5937.200000000001,-1.6774946659787466
5937.6,-11.698033619070047
5938.0,1.1216282509919606
5938.400000000001,-0.26336866228356537
5938.8,0.8084490185872146
5939.200000000001,1.272103067625319
5939.6,-7.86365544673343
5940.0,5.885093794161463
5940.400000000001,-3.397758673764075
5940.8,-8.216512368985052
5941.200000000001,-0.26588424612311656
5941.6,-5.436725040544442
5942.0,5.813512769555786
5942.400000000001,10.656337709966566
5942.8,1.9063156528487615
5943.200000000001,-0.35601789575756304
5943.6,1.259386561180206
5944.0,-0.855584394631687
5944.400000000001,1.6983692614782528
5944.8,0.2793806483149692
5945.200000000001,1.377839546533563
5945.6,-0.7196421399664253
5946.0,-4.671841092262406
5946.400000000001,-11.630344513739626
5946.8,-0.16447857530798551
5947.200000000001,-3.280226602619982
5947.6,-1.005868297473934
5948.0,-5.770661116626883
5948.400000000001,-3.0629290027374916
5948.8,13.327669289843893
5949.200000000001,-0.03657906653922053
5949.6,-1.5673086253909598
5950.0,-2.629966024070316
5950.400000000001,-10.361957458264946
5950.8,-13.84456820393168
5951.200000000001,-1.5621134386902762
5951.6,-1.6592660195138167
5952.0,5.226338250040138
5952.400000000001,12.996087625536237
5952.8,-2.641089915387961
5953.200000000001,10.863117669548753
5953.6,1.214126370364796
5954.0,2.0553188135301608
5954.400000000001,-0.6736939684011433
5954.8,-1.3257405285800683
5955.200000000001,5.661832267909951
5955.6,3.0397364642955154
5956.0,2.69956850575587
5956.400000000001,1.4087559613735254
5956.8,0.8234516928487428
5957.200000000001,6.937293889122282
5957.6,2.081389416914001
5958.0,8.701940247664874
5958.400000000001,5.068932201648875
5958.8,-1.7973936545852351
5959.200000000001,-6.346825310223214
5959.6,-4.773434705313267
5960.0,8.081145341879513
5960.400000000001,-4.790684636903757
5960.8,-3.156577465511498
5961.200000000001,4.379966586659088
5961.6,3.9688099506273975
5962.0,8.167568665941143
5962.400000000001,-2.8751000051333326
5962.8,-1.6617129239793993
5963.200000000001,-3.519326690567512
5963.6,-4.3620483607065825
5964.0,-1.1119727682487697
5964.400000000001,-8.230311744158758
5964.8,-5.342060139727051
5965.200000000001,3.127608545946879
5965.6,-9.32021845074089
5966.0,-1.7405130570932275
5966.400000000001,0.3219709262410191
5966.8,-7.897205393377452
5967.200000000001,2.890827473768267
5967.6,2.761650465219133
5968.0,-2.963688509611791
5968.400000000001,-5.265775371165686
5968.8,-1.3407373498772492
5969.200000000001,-0.9208305063772332
5969.6,9.646601835230175
5970.0,2.629315399472669
5970.400000000001,-1.4082753258959904
5970.8,-7.4746096586194755
5971.200000000001,-2.2771487668361106
5971.6,-3.9387454864490707
5972.0,1.0512307485561831
5972.400000000001,1.0287513973746016
5972.8,-0.317190628586746
5973.200000000001,-2.579927732451306
5973.6,-0.48601183274231363
5974.0,-5.500788951365921
5974.400000000001,-5.425086563219609
5974.8,1.8142214219996622
5975.200000000001,-3.657392335391809
5975.6,2.698429877796187
5976.0,-13.885821256028185
5976.400000000001,4.948362845282267
5976.8,-11.092254059424969
5977.200000000001,-1.8454022147126057
5977.6,-1.712990187022693
5978.0,-0.124714624301872
5978.400000000001,-2.4145576749657667
5978.8,-2.521730944589386
5979.200000000001,-1.8344197037560328
5979.6,-1.3041006201110452
5980.0,-3.1298659389584222
5980.400000000001,3.291534197095533
5980.8,2.2691248203444983
5981.200000000001,-0.6245980037169226
5981.6,-1.553014458116505
5982.0,-3.11064674228056
5982.400000000001,-1.2162537203065786
5982.8,0.9509308295050931
5983.200000000001,0.3325976646725706
5983.6,-0.49823528884764967
5984.0,-2.009078245293818
5984.400000000001,0.6955390687560423
5984.8,1.075248425580836
5985.200000000001,-19.040929266363968
5985.6,0.6511855577207026
5986.0,-3.6318824720240954
5986.400000000001,-1.016094374730238
5986.8,-1.4142329469779003
5987.200000000001,-3.9344978572563836
5987.6,-2.7391542825057065
5988.0,-9.011037373615462
5988.400000000001,-5.113730880727445
5988.8,-3.5675629271452496
5989.200000000001,0.5658429300949213
5989.6,1.9821006620360049
5990.0,-0.8745987349331013
5990.400000000001,-5.003364743780172
5990.8,1.9283065822482341
5991.200000000001,-1.6163999007149366
5991.6,-1.3920820925615183
5992.0,-3.7543281283930563
5992.400000000001,-5.556988886166797
5992.8,4.901607365127006
5993.200000000001,-17.63194229544379
5993.6,-2.6675462939112964
5994.0,-3.602046036030594
5994.400000000001,16.19404214088997
5994.8,9.075826453502989
5995.200000000001,5.292876840800618
5995.6,-3.2581967791236477
5996.0,1.5869986602055843
5996.400000000001,-1.0074493299166554
5996.8,-4.225886568727686
5997.200000000001,-0.45098635159499995
5997.6,-1.0659733853042794
5998.0,4.348786238693255
5998.400000000001,-0.7332161082600802
5998.8,7.736528155118233
5999.200000000001,-3.1489771152426096
5999.6,4.076538723656561
6000.0,-7.376657512807311
6000.400000000001,-0.365347265154789
6000.8,1.6367720103495893
6001.200000000001,1.6046893695604716
6001.6,3.7191487729845205
6002.0,-4.615012588667318
6002.400000000001,-1.8616533151621226
6002.8,-6.360087625855256
6003.200000000001,11.968270330366996
6003.6,4.915136801608399
6004.0,-6.921139361010461
6004.400000000001,-2.2420050640360745
6004.8,1.7382695861753639
6005.200000000001,-16.913061844738316
6005.6,-2.6856716162807004
6006.0,-3.0328617470800845
6006.400000000001,-0.46088780669128904
6006.8,3.249646180384986
6007.200000000001,-5.20488651093671
6007.6,6.057584736135978
6008.0,2.173274055421879
6008.400000000001,3.435982401941347
6008.8,-1.9282760277865556
6009.200000000001,-2.010717452351928
6009.6,0.6882594667502977
6010.0,-1.7536844908454927
6010.400000000001,-1.4176648451421647
6010.8,7.3262848801033895
6011.200000000001,-8.124710665437819
6011.6,-1.592962315156857
6012.0,3.234377813709104
6012.400000000001,0.3201962198123899
6012.8,-0.4702861090859373
6013.200000000001,5.660187727263098
6013.6,-2.1616408382148418
6014.0,2.6548416350133506
6014.400000000001,1.9445807181043606
6014.8,3.47700881912878
6015.200000000001,13.246773631002691
6015.6,2.6249446438020256
6016.0,-5.446472307230388
6016.400000000001,-12.359529008437004
6016.8,1.4345301395551249
6017.200000000001,0.6213878078462023
6017.6,4.7468929132007744
6018.0,-5.011300312588513
6018.400000000001,-11.428224863214416
6018.8,3.1042323857165273
6019.200000000001,-0.20843582478538353
6019.6,1.0820508245605045
6020.0,0.44624382487263015
6020.400000000001,1.6248634858275144
6020.8,1.1687502580059708
6021.200000000001,12.427270546892933
6021.6,-2.1540656004158216
6022.0,9.949404856658703
6022.400000000001,3.1403783857459286
6022.8,-2.093040514797303
6023.200000000001,-6.131550251142648
6023.6,16.158883345515797
6024.0,4.8592455816402635
6024.400000000001,-4.196993063703061
6024.8,1.429602513525667
6025.200000000001,-0.1076709519982463
6025.6,-6.749420040009635
6026.0,-6.786341123860086
6026.400000000001,-2.0607149020902233
6026.8,-0.3227892894318884
6027.200000000001,6.002691141253274
6027.6,3.250525526100887
6028.0,-25.090670647136264
6028.400000000001,-2.5566349757860274
6028.8,3.6618213892317724
6029.200000000001,3.4295588657044758
6029.6,8.370125410641942
6030.0,1.1145578095647468
6030.400000000001,0.12530887836375562
6030.8,3.1464572718208843
6031.200000000001,-3.486998127731212
6031.6,8.146295530301229
6032.0,-4.115994903372445
6032.400000000001,3.3807245939925856
6032.8,8.269614608164469
6033.200000000001,-6.526408856758587
6033.6,14.083540526521535
6034.0,-5.114657527563242
6034.400000000001,6.495697379901825
6034.8,20.890781673252604
6035.200000000001,1.7445634982091562
6035.6,2.000222437854288
6036.0,3.460153554600787
6036.400000000001,1.5158308219547467
6036.8,4.455355545279744
6037.200000000001,2.5759895612687016
6037.6,-8.771575122097865
6038.0,11.053911490815121
6038.400000000001,-5.877189510497928
6038.8,-3.4809945648841096
6039.200000000001,4.353133270733321
6039.6,-3.52379782285745
6040.0,-0.5091362781310012
6040.400000000001,-11.845128473504595
6040.8,1.8885634595167986
6041.200000000001,0.012297784208864586
6041.6,-6.412759718961859
6042.0,-3.7544111235647772
6042.400000000001,-8.489934871043111
6042.8,0.2470343082758772
6043.200000000001,2.5794376912164845
6043.6,-12.179470030069934
6044.0,-3.1526145046483767
6044.400000000001,-5.09834844522682
6044.8,-5.31024740371837
6045.200000000001,-7.761611265211053
6045.6,-13.922944026658918
6046.0,-6.431432036150458
6046.400000000001,-4.9379136361597835
6046.8,-4.180125676360694
6047.200000000001,4.223965886773939
6047.6,2.798628078180909
6048.0,-0.42477127991036356
6048.400000000001,-1.5414522693227106
6048.8,4.380439069994281
6049.200000000001,-0.10588858433512896
6049.6,2.0597006145854437
6050.0,-0.438884151695802
6050.400000000001,-4.470680583655836
6050.8,7.273716457156639
6051.200000000001,-3.1990196818468415
6051.6,0.7301181692617599
6052.0,0.5073758057663453
6052.400000000001,6.9905774129147344
6052.8,0.5091086839192258
6053.200000000001,13.159966038207362
6053.6,-7.0798112051261795
6054.0,-4.003992926044482
6054.400000000001,13.743386927117678
6054.8,-1.3223400780103547
6055.200000000001,-0.6595534677420336
6055.6,-4.967708289984115
6056.0,4.691937894063202
6056.400000000001,-1.1595961699269157
6056.8,-1.064333016053475
6057.200000000001,-12.817789207920958
6057.6,-3.5609853402845144
6058.0,4.563109474614501
6058.400000000001,-0.42841960096677234
6058.8,4.493959324366694
6059.200000000001,7.0370023241532165
6059.6,-5.324109047359574
6060.0,-2.864575304854624
6060.400000000001,-4.189867136321487
6060.8,1.5419481775023045
6061.200000000001,6.052099995805154
6061.6,1.5852471895425464
6062.0,1.4849504304024843
6062.400000000001,-6.47068195708648
6062.8,-8.318209904940042
6063.200000000001,6.823302242855489
6063.6,-0.8078056669529727
6064.0,-0.5974842310118971
6064.400000000001,1.4249216481861329
6064.8,0.042254927020147076
6065.200000000001,1.1604113139101158
6065.6,3.071810851217896
6066.0,7.323258881020473
6066.400000000001,-2.186173526984068
6066.8,-2.1300895666176958
6067.200000000001,12.424494629824297
6067.6,2.223617704338793
6068.0,-3.5999353018398024
6068.400000000001,-10.771073774567695
6068.8,-0.3253447692796077
6069.200000000001,-12.975258767529185
6069.6,-0.16854168217261528
6070.0,0.38352024289153264
6070.400000000001,2.5860286387603857
6070.8,5.067668561394734
6071.200000000001,-1.4089994455114772
6071.6,-2.3408437555916075
6072.0,1.465112175775129
6072.400000000001,-2.737857811645644
6072.8,-10.961739086791553
6073.200000000001,-9.199865447079116
6073.6,3.0350038423595906
6074.0,1.2438321379469737
6074.400000000001,3.777733087419164
6074.8,-4.100918865003282
6075.200000000001,11.556093875459982
6075.6,0.59552756682688
6076.0,-0.24384744102406572
6076.400000000001,-8.314433447268282
6076.8,-11.023222113570057
6077.200000000001,0.34828276134586567
6077.6,10.592884073698057
6078.0,-2.1682644255338275
6078.400000000001,3.0298901183047198
6078.8,-6.550635051890843
6079.200000000001,5.587806403095563
6079.6,-0.34435261019796415
6080.0,19.98539263609812
6080.400000000001,-0.7833104881004533
6080.8,2.1038461448179535
6081.200000000001,-2.254074836370063
6081.6,1.5194364517295798
6082.0,10.44881112534375
6082.400000000001,0.02927595744715849
6082.8,4.273470774742824
6083.200000000001,-1.870213045808118
6083.6,-2.081013179867537
6084.0,1.183395544827618
6084.400000000001,-2.9725564828393325
6084.8,3.8151744647744197
6085.200000000001,1.3562011854254439
6085.6,0.5424439956650511
6086.0,2.290934224381446
6086.400000000001,6.86420912571357
6086.8,3.3492654162242586
6087.200000000001,-0.8418270468440148
6087.6,3.516005368618191
6088.0,8.452666617591044
6088.400000000001,1.39868293564348
6088.8,8.650566920939715
6089.200000000001,-8.225617432855852
6089.6,-14.313619723300917
6090.0,8.548505761373885
6090.400000000001,-4.873056456378602
6090.8,2.592089032287488
6091.200000000001,-7.274001303807939
6091.6,-2.2562108932376383
6092.0,-2.8143830410324093
6092.400000000001,-4.532518231027001
6092.8,-1.7655968655937337
6093.200000000001,-17.81640756622493
6093.6,-4.3756149277284075
6094.0,0.016690500030749292
6094.400000000001,3.3883710587145717
6094.8,-2.6351267016131574
6095.200000000001,2.45778148364906
6095.6,-5.111972216990197
6096.0,-6.334960672784542
6096.400000000001,4.615915332653043
6096.8,-0.1400611149151509
6097.200000000001,-4.172289070169136
6097.6,2.799606038956334
6098.0,-0.453537518230518
6098.400000000001,-6.009018899775508
6098.8,1.5995747416875374
6099.200000000001,1.979074371539008
6099.6,8.553301018085364
6100.0,-1.5904230606811298
6100.400000000001,9.588204460463809
6100.8,-6.822786361055366
6101.200000000001,1.5140441012227956
6101.6,-2.9967373651354268
6102.0,-8.114238480614834
6102.400000000001,-4.275796973307183
6102.8,5.863494942006115
6103.200000000001,4.704545669662848
6103.6,-6.189881959444449
6104.0,-4.1232454232077895
6104.400000000001,-5.462374197771789
6104.8,-4.444580385986861
6105.200000000001,-1.2914539915497243
6105.6,14.94220790262007
6106.0,-0.42676995312512855
6106.400000000001,-2.6319673130004273
6106.8,-2.3267328965020173
6107.200000000001,3.4785470485242973
6107.6,11.362805609761109
6108.0,3.247055783882585
6108.400000000001,-2.7742428108460357
6108.8,-5.361504627061493
6109.200000000001,2.2899961665714836
6109.6,1.8401291441839
6110.0,-7.085723695836952
6110.400000000001,2.5666585126491945
6110.8,3.034374974155265
6111.200000000001,-24.21456264084234
6111.6,-6.257792747129505
6112.0,-1.8494911576130106
6112.400000000001,-1.8791435923406816
6112.8,2.014091150477669
6113.200000000001,-0.8897214271825904
6113.6,-2.937960572580936
6114.0,6.359639423377828
6114.400000000001,2.732935303685988
6114.8,-1.8145969115251745
6115.200000000001,-12.018362649371731
6115.6,-8.576102151212833
6116.0,-2.717002606366554
6116.400000000001,-1.6802835563287666
6116.8,-13.386682884447653
6117.200000000001,-2.965287204351248
6117.6,3.216874745926779
6118.0,14.369348035721368
6118.400000000001,-1.2853591696980948
6118.8,0.27149125885634795
6119.200000000001,4.960924768038256
6119.6,-0.589326683806748
6120.0,-2.9859330315227246
6120.400000000001,-4.584794597897664
6120.8,-2.8099623129695193
6121.200000000001,-5.242026437388919
6121.6,-2.8365981193893446
6122.0,-9.344891976105785
6122.400000000001,0.6636469216107788
6122.8,1.8904717311995816
6123.200000000001,4.115542673275807
6123.6,-2.0684506261219173
6124.0,-1.4736888804960366
6124.400000000001,-1.5821048071786752
6124.8,9.299489338394594
6125.200000000001,-5.232768166099554
6125.6,-2.2454863558073033
6126.0,-6.7550109963518326
6126.400000000001,1.7051773219128232
6126.8,0.6774099778147844
6127.200000000001,0.7041978735619823
6127.6,0.32730097192488933
6128.0,-6.863260992881582
6128.400000000001,-5.656719096636625
6128.8,-5.090350293163473
6129.200000000001,-10.086725958565845
6129.6,-0.5169177495861709
6130.0,-0.5987551534736556
6130.400000000001,26.250838130889452
6130.8,-3.0698893333269055
6131.200000000001,6.272320322465584
6131.6,3.1727200156499076
6132.0,-10.775909578137018
6132.400000000001,-9.223194493445721
6132.8,1.3763183038185245
6133.200000000001,2.9561485162821475
6133.6,-4.696413696865892
6134.0,4.643080202026139
6134.400000000001,-7.3523895134055905
6134.8,-1.4417267709312165
6135.200000000001,5.48145138253981
6135.6,4.383859242369438
6136.0,-1.0835719359385816
6136.400000000001,7.146671917272711
6136.8,1.6739918549513935
6137.200000000001,8.395797855207089
6137.6,-9.849149541810718
6138.0,0.44484507982722954
6138.400000000001,-3.844195938651957
6138.8,-21.410512437236164
6139.200000000001,-7.306110906745619
6139.6,-11.175844044355294
6140.0,1.8305571586435216
6140.400000000001,-5.805295501973966
6140.8,-1.628085773542767
6141.200000000001,-0.009122732541035685
6141.6,5.120067493829268
6142.0,-0.5824027946102015
6142.400000000001,0.6237963702672626
6142.8,2.6866299365235795
6143.200000000001,-4.221523206769971
6143.6,-1.2498318361574818
6144.0,-0.40545965706356135
6144.400000000001,-4.152438576749479
6144.8,4.6561278728144035
6145.200000000001,-1.4754240258436515
6145.6,-14.62912484030615
6146.0,0.050735543334979274
6146.400000000001,-2.935058993472157
6146.8,5.03240307078174
6147.200000000001,-5.363878402986678
6147.6,-4.248205002927286
6148.0,-3.8377809047574467
6148.400000000001,2.0458365581076174
6148.8,-7.540856977527711
6149.200000000001,10.120835332384722
6149.6,0.5938279610122245
6150.0,4.538697897235319
6150.400000000001,1.238717325326061
6150.8,0.8680648562155929
6151.200000000001,-1.9967947713691045
6151.6,3.0294334893839654
6152.0,5.45184393952371
6152.400000000001,-2.6829539423620927
6152.8,-5.8565012588695575
6153.200000000001,-2.587580085684651
6153.6,-2.1920099782787155
6154.0,4.764441492122093
6154.400000000001,5.553205322264275
6154.8,-1.591635358307901
6155.200000000001,3.234487020911678
6155.6,0.3125699305440697
6156.0,4.148239165176559
6156.400000000001,-2.221459656958354
6156.8,-0.6110677007177219
6157.200000000001,2.668698026370062
6157.6,7.118992573146743
6158.0,3.7284820454723584
6158.400000000001,-6.74857586829278
6158.8,-0.35243045739256906
6159.200000000001,-1.1853164478020182
6159.6,-6.235408502016248
6160.0,-6.807009261693244
6160.400000000001,1.2376302507408186
6160.8,1.4398119176272512
6161.200000000001,-3.984553300409006
6161.6,-8.52551924792548
6162.0,0.2687708986474603
6162.400000000001,-3.793826385895038
6162.8,4.044185908378301
6163.200000000001,-0.21340752671535956
6163.6,1.2215848419174766
6164.0,-2.7791171079682044
6164.400000000001,0.2004480834515291
6164.8,4.145584341214042
6165.200000000001,-0.4895121824608426
6165.6,-1.8717651608794772
6166.0,-2.069001213413033
6166.400000000001,-4.556498186966352
6166.8,4.919968479298241
6167.200000000001,3.686431278222045
6167.6,-3.756592372098112
6168.0,-4.241124087057529
6168.400000000001,1.0119217303158998
6168.8,8.487644111144663
6169.200000000001,-4.003253736765146
6169.6,-6.493311762347011
6170.0,0.40415759854474287
6170.400000000001,-4.125002577161901
6170.8,-9.376713355618083
6171.200000000001,0.35820037684965633
6171.6,2.935936094695737
6172.0,-4.9736684725212115
6172.400000000001,2.8201219995200653
6172.8,4.165546840455753
6173.200000000001,-5.3669445630804145
6173.6,-4.161562536931697
6174.0,-0.9963314781467336
6174.400000000001,2.262897567391322
6174.8,-1.9848542244624658
6175.200000000001,2.997846187855247
6175.6,-0.4680832984925072
6176.0,2.417683465631787
6176.400000000001,1.037724067432443
6176.8,-5.447657549573969
6177.200000000001,-11.124003807045593
6177.6,3.26058526684053
6178.0,3.3409416854508525
6178.400000000001,-4.494944130326438
6178.8,2.235496736145143
6179.200000000001,-1.517838326440698
6179.6,-11.113847155328067
6180.0,4.411782878781052
6180.400000000001,-10.726799258617877
6180.8,0.9951615067031226
6181.200000000001,-2.725333056756432
6181.6,-1.524553751501382
6182.0,4.310713109840356
6182.400000000001,-4.631008472883452
6182.8,-9.167731721248211
6183.200000000001,-2.0085485858676067
6183.6,-2.5825304101860396
6184.0,14.118482767500593
6184.400000000001,9.061204302220908
6184.8,2.823009992908307
6185.200000000001,16.97833223176065
6185.6,-2.9034198702439373
6186.0,-14.223374697147651
6186.400000000001,-11.871328939704565
6186.8,-6.419166165820123
6187.200000000001,6.061650704022438
6187.6,-0.36084232075148276
6188.0,-0.3365959749628982
6188.400000000001,-1.8048165776091967
6188.8,0.5499129837919838
6189.200000000001,0.7791841921900129
6189.6,-19.245310619567263
6190.0,-4.026427942791862
6190.400000000001,1.3500498350529788
6190.8,-3.67897638648703
6191.200000000001,2.9156522280543746
6191.6,1.9633167354121097
6192.0,-5.910937163571962
6192.400000000001,1.0475391883202991
6192.8,0.7141082912163037
6193.200000000001,-0.8616333177075801
6193.6,0.6701506914026463
6194.0,2.059402001033589
6194.400000000001,-0.44543425358832844
6194.8,-13.185639322038341
6195.200000000001,-0.0921620596996621
6195.6,-0.6415513236345118
6196.0,-3.605453619019298
6196.400000000001,-1.9610568806237891
6196.8,-4.880936327505112
6197.200000000001,0.6380688191243782
6197.6,0.35550424907590106
6198.0,-1.5454756842965374
6198.400000000001,3.254124847362724
6198.8,0.7048519467467117
6199.200000000001,-9.49762395265343
6199.6,-1.0777961667875102
6200.0,-10.217497418713473
6200.400000000001,-14.307620596564396
6200.8,0.5804414399686112
6201.200000000001,4.781838226398543
6201.6,-6.131888962627356
6202.0,-3.577211391861244
6202.400000000001,6.877058841331217
6202.8,3.2451841683052307
6203.200000000001,-13.615054147796421
6203.6,9.264953236681894
6204.0,-2.240171475018305
6204.400000000001,0.6110610162288579
6204.8,3.019712771226656
6205.200000000001,-2.7226858180362457
6205.6,0.353672379100421
6206.0,-6.319659300258173
6206.400000000001,-3.4487760455189176
6206.8,-0.7073280432340499
6207.200000000001,-2.6196141364604184
6207.6,-3.3106086790323057
6208.0,0.3104966793999963
6208.400000000001,-9.705256519888907
6208.8,9.31846506530071
6209.200000000001,3.1670777687381593
6209.6,-1.1105719903301552
6210.0,-0.3096298724774533
6210.400000000001,3.794263894984285
6210.8,-8.274430382295966
6211.200000000001,1.1087496779401709
6211.6,-5.398994185857971
6212.0,-0.6836089153900825
6212.400000000001,-2.750177503121539
6212.8,4.527220220305326
6213.200000000001,-11.237846518508798
6213.6,0.2526315925819878
6214.0,-1.5087558694315104
6214.400000000001,-2.1736491190795078
6214.8,-5.3719702214663325
6215.200000000001,1.4004215517006182
6215.6,-3.590868809006939
6216.0,-7.938522411848965
6216.400000000001,-9.564080137583
6216.8,-1.980329637852618
6217.200000000001,5.534657494225913
6217.6,7.580456692503788
6218.0,-1.4902173054813608
6218.400000000001,9.013569985675838
6218.8,-2.5255311105613942
6219.200000000001,0.4781787850427679
6219.6,-1.6550799439818378
6220.0,4.804096958171487
6220.400000000001,1.3038820914888234
6220.8,-1.5857032059684317
6221.200000000001,-8.140254619768598
6221.6,3.2250809456144562
6222.0,1.2370770322339202
6222.400000000001,0.27179747078470995
6222.8,-0.682873912510203
6223.200000000001,-0.6517619171558493
6223.6,-2.3494713136459824
6224.0,-4.264306033321938
6224.400000000001,4.858244607276508
6224.8,-2.3008702444652225
6225.200000000001,-1.9699867534646356
6225.6,-1.378049172600998
6226.0,-2.1936477633977454
6226.400000000001,1.7732369521314322
6226.8,-11.39013597501811
6227.200000000001,12.633297287875651
6227.6,-2.753274445612399
6228.0,0.7803562436063727
6228.400000000001,8.420558850215064
6228.8,1.591950929878381
6229.200000000001,-15.554478400548335
6229.6,2.8770397011076687
6230.0,-14.019270968588193
6230.400000000001,3.488674295543219
6230.8,4.631626438188667
6231.200000000001,-3.9910062089552185
6231.6,-1.2785483062594063
6232.0,2.424145888575237
6232.400000000001,12.133774339112149
6232.8,12.982603338034128
6233.200000000001,-1.6497488785000147
6233.6,1.312269010539582
6234.0,-2.1940134305229115
6234.400000000001,-1.3951088864255046
6234.8,-5.862992545728347
6235.200000000001,-5.335677931232562
6235.6,-1.676083006839785
6236.0,0.16051940428850375
6236.400000000001,6.4698474534646655
6236.8,-2.5912842346203764
6237.200000000001,-5.852356627465235
6237.6,-1.719765349709588
6238.0,3.3303460667407254
6238.400000000001,-6.499582137388945
6238.8,-4.876658125126933
6239.200000000001,-3.3419072361063966
6239.6,-1.1436328712394515
6240.0,7.033902828724347
6240.400000000001,-8.585955222145438
6240.8,-1.1700511186768054
6241.200000000001,-7.030506168464161
6241.6,2.4621349884545394
6242.0,1.3315086037637012
6242.400000000001,-3.170263570863536
6242.8,-4.977434248796486
6243.200000000001,0.20913729531907593
6243.6,-2.016665181363581
6244.0,-8.054629674839687
6244.400000000001,1.5352011286674052
6244.8,1.635815445450977
6245.200000000001,-3.1868356060068326
6245.6,-0.8195743365865505
6246.0,0.6016854853662722
6246.400000000001,1.867368523812825
6246.8,-2.443229841978516
6247.200000000001,1.8773446862751881
6247.6,10.309070734487463
6248.0,2.389213385795663
6248.400000000001,10.69378202339594
6248.8,-4.598789981409118
6249.200000000001,-4.9838066584559515
6249.6,-0.556203157428077
6250.0,5.805365975876047
6250.400000000001,3.855490664196719
6250.8,0.23064097352407123
6251.200000000001,-3.9369893915451373
6251.6,4.01434379086971
6252.0,2.551032853128032
6252.400000000001,-3.805100909208612
6252.8,-2.840203767791278
6253.200000000001,-2.3972239836388436
6253.6,5.18382154124819
6254.0,-1.834390242442817
6254.400000000001,1.7489194677968165
6254.8,2.421667288988512
6255.200000000001,-4.7030269999773795
6255.6,-0.9243959120392362
6256.0,2.9234315860682525
6256.400000000001,-1.165686219510546
6256.8,-6.521331824095878
6257.200000000001,5.557981269073416
6257.6,-3.3766614288774037
6258.0,-4.220461872825917
6258.400000000001,-16.36151343565099
6258.8,-0.3473535210519157
6259.200000000001,-6.18689296585071
6259.6,1.7202703942315867
6260.0,-6.404704766409434
6260.400000000001,-6.434453754633012
6260.8,-0.4232521397768487
6261.200000000001,-0.34339471356042595
6261.6,-6.211105624702445
6262.0,3.148346818213449
6262.400000000001,-0.45186899658443325
6262.8,0.06366223987468883
6263.200000000001,1.2354653173097239
6263.6,-4.6625871772043155
6264.0,-5.4485277761577
6264.400000000001,3.5038176252843996
6264.8,-3.4106310054328794
6265.200000000001,-1.3824066832240955
6265.6,-5.277936001022208
6266.0,-10.855929557929851
6266.400000000001,0.33447644710966945
6266.8,3.749531380190647
6267.200000000001,-5.310341549020868
6267.6,1.7166213954645317
6268.0,-7.25147688109587
6268.400000000001,5.830809891521453
6268.8,-2.5483742352542347
6269.200000000001,3.0767715959639856
6269.6,-2.1192107455735214
6270.0,-3.5521271895469626
6270.400000000001,-3.5941928280903785
6270.8,-2.5037539075048185
6271.200000000001,1.6966610623892562
6271.6,-0.877434771109301
6272.0,-10.565320523409953
6272.400000000001,-0.8814481875219088
6272.8,-7.197980171828171
6273.200000000001,5.4356933877756655
6273.6,3.904803836510182
6274.0,-1.355967403214142
6274.400000000001,-4.863296304549468
6274.8,12.164773315001625
6275.200000000001,-0.5506777617162706
6275.6,-2.229152219045511
6276.0,1.8104216062601233
6276.400000000001,-6.32255562055054
6276.8,1.1122662982986966
6277.200000000001,6.098792979521896
6277.6,9.859821064661517
6278.0,1.318310106251777
6278.400000000001,-4.197284609979825
6278.8,3.602598022258892
6279.200000000001,3.6967886075830063
6279.6,1.868322240434703
6280.0,-1.0605778104982373
6280.400000000001,-7.832215872926845
6280.8,-10.241914101541605
6281.200000000001,17.050796718795652
6281.6,0.5197782107053569
6282.0,4.883872971484683
6282.400000000001,-5.7985894686859
6282.8,1.6497469500938686
6283.200000000001,9.179423178258647
6283.6,-3.839312666692175
6284.0,-1.049206489683525
6284.400000000001,-1.48182572496641
6284.8,-2.962309917420849
6285.200000000001,2.0856971707192007
6285.6,-6.274835962132018
6286.0,2.4443622981813724
6286.400000000001,-8.083703827810591
6286.8,4.465728644273485
6287.200000000001,-0.6388790643299631
6287.6,2.2027320164291067
6288.0,9.914657338919266
6288.400000000001,3.762080558923308
6288.8,7.895231877965195
6289.200000000001,-3.1538892991293044
6289.6,-2.9398687436646394
6290.0,-0.20126279382437776
6290.400000000001,-1.7711504884091742
6290.8,-0.8145181294998287
6291.200000000001,7.847842302863006
6291.6,4.121360613683232
6292.0,-2.19395419039781
6292.400000000001,-5.085998001245726
6292.8,10.66705516595874
6293.200000000001,8.02482456986767
6293.6,-0.9646197595245097
6294.0,-2.892475806598137
6294.400000000001,1.7745409929193152
6294.8,-4.3880529213530615
6295.200000000001,-3.7545755040163997
6295.6,2.9756990174123317
6296.0,4.444702428609573
6296.400000000001,-16.09775575978066
6296.8,-13.118311003599523
6297.200000000001,2.3038248424363164
6297.6,8.690539091130216
6298.0,-1.8584705326217519
6298.400000000001,8.605978234265212
6298.8,-8.82457108774428
6299.200000000001,0.05583407239036155
6299.6,6.531601158621283
6300.0,0.2064469101624267
6300.400000000001,1.9441769586157327
6300.8,4.5705715369167015
6301.200000000001,8.948735883296553
6301.6,-6.157492332096343
6302.0,0.5734906254253268
6302.400000000001,-8.968079403112156
6302.8,-4.676610329903425
6303.200000000001,1.2650286111431934
6303.6,-2.238392524410155
6304.0,-3.234752325128661
6304.400000000001,0.4370631335750879
6304.8,-2.825169147364676
6305.200000000001,3.276733221321817
6305.6,4.0479243278449495
6306.0,-12.492456413354736
6306.400000000001,-2.6478031506153843
6306.8,-1.5083952488990984
6307.200000000001,2.2624289880034607
6307.6,0.5800422469729263
6308.0,-6.80985009474452
6308.400000000001,-5.607613854127407
6308.8,-1.5995871249301572
6309.200000000001,1.971579430531924
6309.6,7.76072401382053
6310.0,2.622719174421455
6310.400000000001,1.9052014218969684
6310.8,7.811688745186296
6311.200000000001,-2.5414694277521486
6311.6,3.8974028414589705
6312.0,-4.072029389479575
6312.400000000001,-4.687219815659459
6312.8,-0.9421994677728165
6313.200000000001,3.7699652639719723
6313.6,0.6455481020297661
6314.0,3.525300906800548
6314.400000000001,-4.659586149991264
6314.8,-3.1714829013809642
6315.200000000001,1.8194572845153443
6315.6,-8.388837907884419
6316.0,-9.880556021966651
6316.400000000001,-2.5484373388451793
6316.8,4.438635960937378
6317.200000000001,14.339802869676717
6317.6,4.923336379268991
6318.0,-4.341240839087396
6318.400000000001,6.2690116121272546
6318.8,-2.7459684976400056
6319.200000000001,0.901957117961204
6319.6,-8.613627918912481
6320.0,3.5339074326235833
6320.400000000001,0.07403833794676479
6320.8,-4.662541434856116
6321.200000000001,0.10948273317592197
6321.6,2.4957964238407038
6322.0,-6.723980265748874
6322.400000000001,-12.17452299626501
6322.8,4.036749917380395
6323.200000000001,-4.886715196866512
6323.6,-0.9386321178494389
6324.0,8.059264186251951
6324.400000000001,-8.241414707282834
6324.8,11.614787611518292
6325.200000000001,-4.503601673304904
6325.6,-4.949092242714431
6326.0,-0.16611466416291054
6326.400000000001,-6.8696469603669765
6326.8,1.5460301663364975
6327.200000000001,-5.269972637052397
6327.6,-6.422779666624753
6328.0,2.3347642907598667
6328.400000000001,1.2138686684814195
6328.8,-4.867799699007831
6329.200000000001,17.825141545171665
6329.6,3.4195303169667706
6330.0,-1.2305554610556761
6330.400000000001,-5.057073725260946
6330.8,-0.2268186264759518
6331.200000000001,-0.5419604973547807
6331.6,-6.434872838489074
6332.0,-1.3223862934997401
6332.400000000001,-0.22185756360552122
6332.8,-0.2844063966304693
6333.200000000001,-4.749845957045265
6333.6,-8.459901140375282
6334.0,2.7730958356467443
6334.400000000001,-9.353306912176816
6334.8,4.629736965923658
6335.200000000001,-3.2722912632387913
6335.6,-2.8240739814787363
6336.0,-6.878571924806064
6336.400000000001,-3.6898722865938987
6336.8,-4.2235606742749905
6337.200000000001,0.5822356265718237
6337.6,17.172208647223737
6338.0,7.154339276095843
6338.400000000001,7.945339242991823
6338.8,-3.8439695482778493
6339.200000000001,0.4314066933463809
6339.6,6.651274363793361
6340.0,-6.740881908363331
6340.400000000001,4.658574099940051
6340.8,3.8105706996974185
6341.200000000001,1.663543046810756
6341.6,0.04278876525467458
6342.0,14.769193287797272
6342.400000000001,-2.592888002069564
6342.8,-1.6889710459462262
6343.200000000001,-6.298965166516824
6343.6,-0.50600303982392
6344.0,-1.9387815315836954
6344.400000000001,-13.830716202914012
6344.8,-2.727351540136569
6345.200000000001,-3.8389461331791956
6345.6,-9.1818673944867
6346.0,4.219545054941505
6346.400000000001,-5.601371756680532
6346.8,-3.0475078021122948
6347.200000000001,11.732069984377855
6347.6,3.48932241341465
6348.0,-9.747734895112282
6348.400000000001,-4.627773806322615
6348.8,3.6238860829394888
6349.200000000001,4.036544754215468
6349.6,-0.8560883285875751
6350.0,-14.641765598562483
6350.400000000001,-7.983102185057116
6350.8,-3.0067333654476283
6351.200000000001,1.607004713847935
6351.6,-1.2413641495618957
6352.0,5.81752186137265
6352.400000000001,2.7727782365323272
6352.8,-5.1149633849770515
6353.200000000001,-1.5250079924577307
6353.6,0.8796217823174539
6354.0,-1.6758702816266335
6354.400000000001,5.208261437295616
6354.8,-2.458131233723707
6355.200000000001,-0.3714027495991318
6355.6,-2.220737232816496
6356.0,-4.59681674622583
6356.400000000001,1.0619893446890174
6356.8,1.9397628118211014
6357.200000000001,8.62961073847131
6357.6,-0.7667832773344002
6358.0,-0.19457490548275047
6358.400000000001,-6.066255061278417
6358.8,1.6173106870081633
6359.200000000001,2.2682291218690573
6359.6,2.766787730868001
6360.0,6.199963457512755
6360.400000000001,9.935969544264328
6360.8,3.3934481305488715
6361.200000000001,1.1472502912028066
6361.6,1.271776586301721
6362.0,-5.60940237548677
6362.400000000001,-0.441145264987427
6362.8,9.510637523712875
6363.200000000001,3.8270933800821263
6363.6,-7.528464940520527
6364.0,-1.5904710320005957
6364.400000000001,8.606436054528976
6364.8,-8.89476866252626
6365.200000000001,4.893569808835305
6365.6,-9.819125257916614
6366.0,-6.103353274731001
6366.400000000001,2.999480571004286
6366.8,0.6803453834218877
6367.200000000001,-2.745026055306262
6367.6,7.699194505643035
6368.0,-0.6573237632913724
6368.400000000001,1.649673108446015
6368.8,7.164545637696812
6369.200000000001,-5.902515370348606
6369.6,-6.179526901864801
6370.0,6.2639985700025305
6370.400000000001,-4.093349873764186
6370.8,-1.2788359105837068
6371.200000000001,0.3467664847595611
6371.6,1.9925238444883702
6372.0,3.894454701817063
6372.400000000001,0.914940456444163
6372.8,0.08655394029716812
6373.200000000001,-21.374528973974854
6373.6,8.240302094754743
6374.0,-4.22061235861047
6374.400000000001,8.01571462023267
6374.8,-10.404018522454718
6375.200000000001,0.8471470744383257
6375.6,4.612093290127567
6376.0,-2.610051372295378
6376.400000000001,1.2066532452616592
6376.8,1.2688073502663397
6377.200000000001,-6.1469342563605025
6377.6,-0.03015215886733728
6378.0,-0.03187425244271479
6378.400000000001,5.830724460524462
6378.8,-3.937309104006906
6379.200000000001,4.045264245668943
6379.6,-2.28063919866701
6380.0,-2.6423968281892583
6380.400000000001,-6.4461932159639215
6380.8,-2.036985076840773
6381.200000000001,10.655928346947018
6381.6,1.1542479440664237
6382.0,2.117628632772439
6382.400000000001,4.9516565539410715
6382.8,3.9007463476291706
6383.200000000001,1.5591371410963093
6383.6,-11.900303282499099
6384.0,5.56200056049197
6384.400000000001,-2.991450101431776
6384.8,-2.6039019779227788
6385.200000000001,0.6885069869271843
6385.6,0.4730951460332854
6386.0,0.7952260249236596
6386.400000000001,-5.8640358293057515
6386.8,3.173168170422908
6387.200000000001,-2.062591860236351
6387.6,-2.7329580230039756
6388.0,-1.4448523243137887
6388.400000000001,-1.2169784029977224
6388.8,8.003985381191843
6389.200000000001,-14.292349219825
6389.6,-8.7878177580617
6390.0,3.837502998181269
6390.400000000001,1.8808697790646665
6390.8,-4.887638110442067
6391.200000000001,4.6333900414038816
6391.6,6.981792978164314
6392.0,5.0464926131614884
6392.400000000001,-3.1694968686183818
6392.8,-10.38198653947692
6393.200000000001,-9.348283857927752
6393.6,2.459439064830863
6394.0,-13.17819863221368
6394.400000000001,-2.633614616218291
6394.8,6.085857684869232
6395.200000000001,-3.977084759828962
6395.6,1.73591371749214
6396.0,-1.7921221984288187
6396.400000000001,1.8692359447248998
6396.8,-10.543914593125905
6397.200000000001,-4.294992555605763
6397.6,-2.3353581201248654
6398.0,-8.174646881155077
6398.400000000001,1.2450700908581604
6398.8,3.9717823944562114
6399.200000000001,4.237609305139935
6399.6,-1.6525501868252808
6400.0,-6.709830716095507
6400.400000000001,0.2687586911821776
6400.8,-3.2451776008512727
6401.200000000001,-6.686666073487383
6401.6,13.491521502231524
6402.0,10.303977276572493
6402.400000000001,-9.292825560267945
6402.8,1.4157551129186277
6403.200000000001,0.4544467469291872
6403.6,-2.975633094726401
6404.0,-0.9664294733773804
6404.400000000001,1.4291427319813144
6404.8,-8.744380176095797
6405.200000000001,2.940935693837792
6405.6,0.7614437223190845
6406.0,4.853050461239306
6406.400000000001,0.9814871163665511
6406.8,0.01426326789556778
6407.200000000001,6.1347625383918825
6407.6,-2.5508497131785224
6408.0,12.404291072369716
6408.400000000001,5.2372558133341105
6408.8,9.495378815820066
6409.200000000001,-4.937676439637756
6409.6,10.14859467502983
6410.0,-4.674877501416979
6410.400000000001,5.362018641504019
6410.8,-0.46957982676984256
6411.200000000001,-0.6885244555640728
6411.6,8.64308321535796
6412.0,2.0389307637086147
6412.400000000001,1.4079490120033376
6412.8,0.08229906370864266
6413.200000000001,0.729875537349987
6413.6,0.10296163554922474
6414.0,-8.140980510198773
6414.400000000001,3.100937525601386
6414.8,0.13057705457754804
6415.200000000001,-0.7464618399752926
6415.6,0.059320177303856046
6416.0,-4.138450985333609
6416.400000000001,-3.1473998394163862
6416.8,-9.231313388966703
6417.200000000001,3.0603560358842117
6417.6,-8.074419883062692
6418.0,3.8727526670802277
6418.400000000001,-10.85372214637044
6418.8,0.7805575850197919
6419.200000000001,-0.5388815033313664
6419.6,-2.0899416951956287
6420.0,-3.1371747328183415
6420.400000000001,2.241334346137719
6420.8,-1.0231737410070696
6421.200000000001,-0.913275933396569
6421.6,-1.7534423837967394
6422.0,-0.2241410179938534
6422.400000000001,-6.691268731378727
6422.8,-6.608833419670386
6423.200000000001,-2.2614508435624137
6423.6,6.553639046065659
6424.0,1.5818836657681055
6424.400000000001,-1.6608841575144797
6424.8,5.799123945944515
6425.200000000001,-2.568851650271993
6425.6,-2.9807984408616965
6426.0,-9.183407185762606
6426.400000000001,6.113326240821946
6426.8,-11.191038532498045
6427.200000000001,0.5142928552230958
6427.6,-4.122297961188279
6428.0,-0.47148579104391714
6428.400000000001,0.32066795861974834
6428.8,4.394582222926344
6429.200000000001,23.48167910242774
6429.6,3.248821789435585
6430.0,4.948827804907606
6430.400000000001,8.349906191584571
6430.8,-9.345309169069623
6431.200000000001,-10.557766846976689
6431.6,5.293973692755721
6432.0,5.803021938258409
6432.400000000001,-1.87950926067915
6432.8,-3.342809885055339
6433.200000000001,-2.4696495911153487
6433.6,6.29196796135823
6434.0,0.050661556644550396
6434.400000000001,0.13981534229852072
6434.8,4.781438272033066
6435.200000000001,-14.092208487232549
6435.6,-3.6768212039235513
6436.0,9.07881003430229
6436.400000000001,13.947538264645015
6436.8,0.986681451470848
6437.200000000001,-9.524605176798222
6437.6,8.666692839671095
6438.0,-3.9681001623418597
6438.400000000001,-1.1529075911646545
6438.8,2.0691125562167803
6439.200000000001,1.4222531336906572
6439.6,-0.18547909935096618
6440.0,1.0187121193570672
6440.400000000001,-3.747028730595659
6440.8,-5.166892746256976
6441.200000000001,6.409946508429253
6441.6,-2.3434607960814313
6442.0,2.2017172739277293
6442.400000000001,-3.686208696896651
6442.8,-11.775318442488938
6443.200000000001,-2.804543598014258
6443.6,0.00984240022800557
6444.0,-6.721264897443611
6444.400000000001,-0.5101712485699489
6444.8,-4.575113952378649
6445.200000000001,6.100517253124286
6445.6,-2.4318067698936803
6446.0,3.409765719119334
6446.400000000001,6.621908357700689
6446.8,-4.5803673972607
6447.200000000001,-0.35104944465933885
6447.6,-1.9081857399816666
6448.0,-2.170226236290903
6448.400000000001,-3.2283015444753143
6448.8,4.791667462679326
6449.200000000001,-0.13473568808301095
6449.6,7.964131870825996
6450.0,-0.7334756275950248
6450.400000000001,-7.417149273477941
6450.8,2.4822419943213543
6451.200000000001,-5.549757627742676
6451.6,-4.249133348602577
6452.0,3.3376722590034875
6452.400000000001,-6.36354617298903
6452.8,2.6525545493500227
6453.200000000001,-3.45394393402721
6453.6,-3.831302963144335
6454.0,4.5268063812426735
6454.400000000001,-0.8292430890946962
6454.8,-2.1014070994229788
6455.200000000001,2.2775608639821017
6455.6,-3.735082130286434
6456.0,-0.4577281628341278
6456.400000000001,-2.6811773030503256
6456.8,-2.8796181213215766
6457.200000000001,0.39940566540736844
6457.6,1.5514911033298344
6458.0,5.776620134982736
6458.400000000001,1.531809935955415
6458.8,-5.240701106718966
6459.200000000001,0.23153977008478044
6459.6,-5.567102269326466
6460.0,1.2492528137572696
6460.400000000001,0.5327192687281211
6460.8,-3.1785932794163134
6461.200000000001,-4.119752823687154
6461.6,-1.8688226158283758
6462.0,-2.9832217323545507
6462.400000000001,-2.1633451535882102
6462.8,-0.8552328526406556
6463.200000000001,4.952026556416479
6463.6,-5.1859390266278265
6464.0,1.4971526559406092
6464.400000000001,0.31592794362156107
6464.8,2.676524839109784
6465.200000000001,8.502281660428977
6465.6,-2.615076326048799
6466.0,-8.408743392790313
6466.400000000001,-11.725566276774542
6466.8,-0.5091723899634331
6467.200000000001,-5.679219546713349
6467.6,0.9890318595753944
6468.0,0.9909351864796687
6468.400000000001,-9.509470364118142
6468.8,0.5502180824571811
6469.200000000001,-4.396012903121454
6469.6,1.4748776901842884
6470.0,1.0956931976944393
6470.400000000001,-2.596026280183673
6470.8,3.5703846064102702
6471.200000000001,3.2227449471715715
6471.6,-13.31713464997023
6472.0,-8.443295595527164
6472.400000000001,5.029380803682621
6472.8,4.481432750194339
6473.200000000001,-3.065414595920495
6473.6,-4.576679678795784
6474.0,-5.10273621937537
6474.400000000001,1.6414154543302257
6474.8,6.071445466640424
6475.200000000001,5.263679605225441
6475.6,-6.5475981601287465
6476.0,1.6223566066579598
6476.400000000001,-1.0551124204526883
6476.8,0.07722441614352125
6477.200000000001,6.416475987116099
6477.6,-2.4183598176260497
6478.0,-13.336099945947522
6478.400000000001,-1.8692833682454766
6478.8,3.1594497328911384
6479.200000000001,-4.73475648056421
6479.6,5.43883950842572
6480.0,0.695772263085678
6480.400000000001,-4.259470615075609
6480.8,4.9682826186852616
6481.200000000001,-2.639668895522578
6481.6,-9.160038973071208
6482.0,4.035538750293649
6482.400000000001,-2.80557485043758
6482.8,-5.469084203636011
6483.200000000001,-7.452326094248319
6483.6,2.2608833699738815
6484.0,10.285682194555147
6484.400000000001,4.895679335102784
6484.8,1.079530146273394
6485.200000000001,3.8426056860940845
6485.6,0.47173690179826894
6486.0,0.48641723120855485
6486.400000000001,-5.244071999375198
6486.8,4.986428719899194
6487.200000000001,5.5258856108221375
6487.6,-20.93080331217877
6488.0,2.837329659567996
6488.400000000001,-1.6705554929579614
6488.8,-2.0993840290312606
6489.200000000001,2.082103076293227
6489.6,-0.32610154751906073
6490.0,8.462659937280284
6490.400000000001,-3.5581936223119186
6490.8,-0.7639925832113037
6491.200000000001,-1.2604176816943482
6491.6,4.172937369107732
6492.0,-3.905815022390493
6492.400000000001,4.466663180227367
6492.8,-4.9561840803429
6493.200000000001,-2.5482478939299464
6493.6,-0.45730755782167254
6494.0,-3.62228346330062
6494.400000000001,-2.429219525243383
6494.8,-0.43971470838693494
6495.200000000001,-1.0944617407279615
6495.6,4.4734692908505815
6496.0,-0.8726282834823909
6496.400000000001,-4.7208215492148735
6496.8,-0.8619699513805066
6497.200000000001,2.945212691517594
6497.6,-4.1541627273292265
6498.0,-20.752564117456384
6498.400000000001,7.834156323361396
6498.8,1.5050059641850597
6499.200000000001,2.294916020491003
6499.6,-5.479538036463629
6500.0,-3.8295997137100057
6500.400000000001,-3.3703144580747018
6500.8,-7.501873697721882
6501.200000000001,-2.2043334060167377
6501.6,0.4728211906488009
6502.0,-2.7766976305454887
6502.400000000001,1.7029873917301421
6502.8,0.32451293070946524
6503.200000000001,7.128416560220203
6503.6,-1.8188746557027657
6504.0,-4.744799693847573
6504.400000000001,-0.4869787758629015
6504.8,-0.7712476262316115
6505.200000000001,-6.10847641905579
6505.6,1.4294241275420876
6506.0,5.000197678298068
6506.400000000001,0.7805365204663692
6506.8,-1.4899752366518906
6507.200000000001,2.340635489643887
6507.6,-3.975145761654111
6508.0,-2.2402285903730594
6508.400000000001,-12.374045001592615
6508.8,9.358039570267273
6509.200000000001,4.107934897355542
6509.6,0.19704263778757308
6510.0,1.614762436422604
6510.400000000001,-5.277740247598837
6510.8,3.802776689105661
6511.200000000001,-7.849579798993009
6511.6,-9.563219682398383
6512.0,7.716684561313743
6512.400000000001,-0.021295532052654956
6512.8,-3.0906023593970393
6513.200000000001,-1.8412307153785237
6513.6,-1.3724738385947242
6514.0,8.608640723012295
6514.400000000001,-3.0903291331843006
6514.8,-2.7514205160970047
6515.200000000001,-3.5579352518151772
6515.6,2.723454703735654
6516.0,3.3092423950686625
6516.400000000001,0.2665986121134187
6516.8,-2.4219600616750374
6517.200000000001,-1.127166743636027
6517.6,2.259581432484633
6518.0,0.2479729651742248
6518.400000000001,-1.5456780652157316
6518.8,-14.040528354552336
6519.200000000001,-3.250767321286921
6519.6,-7.685209225390337
6520.0,2.7973187325129882
6520.400000000001,-5.277090528890859
6520.8,3.1397091106590516
6521.200000000001,-2.579650095436061
6521.6,-0.24556085843795783
6522.0,-2.4030295997013313
6522.400000000001,-5.131361891597152
6522.8,-4.705780663079307
6523.200000000001,-6.440427079055439
6523.6,0.7076000094236373
6524.0,3.548825800160037
6524.400000000001,3.4448707241989753
6524.8,-2.361249021650767
6525.200000000001,-3.5045307002641235
6525.6,-1.3641364293790368
6526.0,1.8604197843443542
6526.400000000001,3.044515909708436
6526.8,3.0523379920837366
6527.200000000001,-8.44938436980698
6527.6,-4.845603298015961
6528.0,-8.516853362736123
6528.400000000001,2.6851894964447274
6528.8,-2.5726281500166968
6529.200000000001,0.6449204990467882
6529.6,-3.5699923079391143
6530.0,6.176539618190776
6530.400000000001,-4.7810156429501
6530.8,-15.86925539634731
6531.200000000001,2.205005549024532
6531.6,-18.04948687814874
6532.0,5.160264171194041
6532.400000000001,-9.627545430663222
6532.8,2.9176236347095017
6533.200000000001,5.480135859104221
6533.6,14.482624497916433
6534.0,2.6566886309437834
6534.400000000001,-3.265996031241528
6534.8,0.3830732293650406
6535.200000000001,-2.397370036665635
6535.6,0.253379469923613
6536.0,-1.0668667454350171
6536.400000000001,-13.713178039292842
6536.8,-17.90492049868066
6537.200000000001,-7.086130213729386
6537.6,-3.964222175569912
6538.0,0.24604430781793693
6538.400000000001,-5.166921713283119
6538.8,2.7570205151754594
6539.200000000001,2.5336231533430116
6539.6,-8.347805568198948
6540.0,5.846750161570361
6540.400000000001,0.3334366273141138
6540.8,5.8644656238674155
6541.200000000001,0.7123511947360571
6541.6,-2.255596107740521
6542.0,0.2848452720761524
6542.400000000001,-2.844001056354246
6542.8,8.715103028211791
6543.200000000001,18.401085843231318
6543.6,-6.265728975185957
6544.0,-10.472006794442477
6544.400000000001,6.579026207462415
6544.8,-2.57658143168693
6545.200000000001,0.11632667411703454
6545.6,-2.3645480224761686
6546.0,0.8964467334398107
6546.400000000001,11.140767728291616
6546.8,-1.8323798413922698
6547.200000000001,-10.161561876150396
6547.6,1.9388065642040861
6548.0,-3.158752775015658
6548.400000000001,-3.253563188927087
6548.8,-1.4659561554028087
6549.200000000001,3.8171947731829237
6549.6,1.067247074831361
6550.0,9.959316055835236
6550.400000000001,4.937484311354303
6550.8,9.513667361859337
6551.200000000001,-1.6487066235381906
6551.6,-2.016716046093311
6552.0,-4.1353294338867554
6552.400000000001,8.989436342330508
6552.8,-0.6794476811575634
6553.200000000001,-14.152616993522019
6553.6,-1.5266485542483823
6554.0,-5.59188407371707
6554.400000000001,-8.223430653943126
6554.8,6.557744796007512
6555.200000000001,-4.1488754128709715
6555.6,-0.38047987395141786
6556.0,-2.1013253331333805
6556.400000000001,-4.53102476547195
6556.8,6.568012319514258
6557.200000000001,2.33572909958144
6557.6,3.089779744831799
6558.0,7.551530339485786
6558.400000000001,-3.9994707462136656
6558.8,-3.8094873829842584
6559.200000000001,0.8957085126479225
6559.6,1.819600132545625
6560.0,3.8412487699171094
6560.400000000001,3.514622909208507
6560.8,2.2146310602141512
6561.200000000001,2.591076515979955
6561.6,4.274735679276595
6562.0,-0.5430319090467102
6562.400000000001,3.5609545879388858
6562.8,-2.6913783910252613
6563.200000000001,-6.15395417213752
6563.6,10.442173099242337
6564.0,-2.405218703838765
6564.400000000001,3.7614511304497316
6564.8,7.63623300938856
6565.200000000001,0.17821630969847987
6565.6,-1.6803271387917373
6566.0,-2.6024042279796205
6566.400000000001,-1.4138162902080018
6566.8,7.133680190436767
6567.200000000001,-1.0658157584032328
6567.6,-0.7851013670222986
6568.0,8.373803000649012
6568.400000000001,-2.0687841445618753
6568.8,2.690526201392979
6569.200000000001,-0.23406643757108175
6569.6,-2.879216189064289
6570.0,0.5165126976694768
6570.400000000001,1.0815621956596186
6570.8,11.993474778329416
6571.200000000001,-2.5177049342244744
6571.6,0.5158254606286237
6572.0,-3.5591355259312003
6572.400000000001,-0.28559561048878945
6572.8,2.8007521106765
6573.200000000001,8.46650082761743
6573.6,1.2649640103152138
6574.0,5.777636565245339
6574.400000000001,-22.737771988119576
6574.8,-2.731258054081291
6575.200000000001,4.0518013749765105
6575.6,2.616466333919903
6576.0,-0.3040459718272057
6576.400000000001,-6.451726518771197
6576.8,6.291655266478102
6577.200000000001,-3.276094350925307
6577.6,-7.3420161287916645
6578.0,3.8330446129021394
6578.400000000001,0.6822345440560945
6578.8,-0.4895881414562765
6579.200000000001,0.8108569138085517
6579.6,15.08777398655435
6580.0,3.372521027510757
6580.400000000001,-2.172743495337107
6580.8,1.2744463197089395
6581.200000000001,1.9305530164188078
6581.6,1.086630380195712
6582.0,7.166445738574342
6582.400000000001,-10.674842967675698
6582.8,-6.935524566357291
6583.200000000001,0.38074087726676226
6583.6,0.3063567661299833
6584.0,1.2511257804899
6584.400000000001,10.135240566597904
6584.8,-0.5465457136086683
6585.200000000001,-2.207211928491594
6585.6,-1.863611215358143
6586.0,2.6384627319068272
6586.400000000001,-11.832247647657564
6586.8,-5.848960849132226
6587.200000000001,-4.353787508303705
6587.6,12.871709394841309
6588.0,3.8824064417068165
6588.400000000001,3.6169779744695014
6588.8,16.861186167600792
6589.200000000001,0.015121007083253271
6589.6,-2.0306012671968663
6590.0,-3.315533173742029
6590.400000000001,-4.09924460758514
6590.8,5.928139121165276
6591.200000000001,5.213711832800976
6591.6,-6.922438045956176
6592.0,-0.6450267455287796
6592.400000000001,-5.084488209213163
6592.8,0.2775333135758134
6593.200000000001,16.475667025543736
6593.6,2.3342200025132778
6594.0,0.5445416133149766
6594.400000000001,19.891371570777004
6594.8,-6.278550966786031
6595.200000000001,-4.8907083385376
6595.6,1.3353441258179168
6596.0,5.069711920444733
6596.400000000001,-0.905268944867388
6596.8,-1.546138560036192
6597.200000000001,1.0596156459844157
6597.6,-2.679566715192365
6598.0,6.122697938542342
6598.400000000001,-4.746663063378518
6598.8,6.187239938465947
6599.200000000001,4.4610489597502205
6599.6,-8.203000309247082
6600.0,1.0717310925031538
6600.400000000001,2.0488133844020466
6600.8,7.169482218853002
6601.200000000001,-7.873963292955576
6601.6,5.332456214827486
6602.0,6.510831186619348
6602.400000000001,-5.120428826842913
6602.8,5.669415676953662
6603.200000000001,8.0834099690735
6603.6,5.190255757364498
6604.0,2.795339422825581
6604.400000000001,-7.331594581264013
6604.8,-0.7551376832611162
6605.200000000001,-0.8745329072702512
6605.6,-3.729310758228181
6606.0,-7.660679149177101
6606.400000000001,5.481159316183856
6606.8,-4.8131517851031935
6607.200000000001,-2.1282751886671374
6607.6,1.2126484919507539
6608.0,-26.676674126815882
6608.400000000001,8.257665432361899
6608.8,11.131079839937746
6609.200000000001,-13.015060150285173
6609.6,7.332869881703329
6610.0,1.1635377184854336
6610.400000000001,-2.7987907737283493
6610.8,-9.791014575682489
6611.200000000001,-0.7670367602860789
6611.6,-0.08669035583530173
6612.0,5.260635028071478
6612.400000000001,3.263981272149411
6612.8,3.293685444285461
6613.200000000001,-0.5278942607949701
6613.6,7.043487667461763
6614.0,2.780770460072767
6614.400000000001,2.2869463495691043
6614.8,-6.762987010279998
6615.200000000001,5.384830743639425
6615.6,0.6531605384435725
6616.0,3.3764487326313217
6616.400000000001,-11.01131689659386
6616.8,4.907173778046813
6617.200000000001,-3.8693234258338896
6617.6,0.4849596080445004
6618.0,-3.3287501190127484
6618.400000000001,4.4013123136843815
6618.8,-9.054143687453024
6619.200000000001,5.472220870699049
6619.6,0.8433439692209941
6620.0,-11.695380880475131
6620.400000000001,-0.16455592197563015
6620.8,1.1287482449837256
6621.200000000001,-4.045152275197899
6621.6,1.290355813344581
6622.0,2.513053830511895
6622.400000000001,-1.4089235044799775
6622.8,0.1335438748085604
6623.200000000001,4.757761230734432
6623.6,-5.194190343386149
6624.0,-5.5900108504499855
6624.400000000001,-4.130462412895514
6624.8,0.539664787323829
6625.200000000001,1.2567579802418711
6625.6,-1.2568888327611563
6626.0,-6.97231214897308
6626.400000000001,-6.102297734984967
6626.8,4.461505208801128
6627.200000000001,-8.853170775428751
6627.6,-2.4445113760075876
6628.0,0.45577149920320637
6628.400000000001,2.381781647113528
6628.8,-2.411262154441504
6629.200000000001,5.974049535808756
6629.6,-4.928441392675385
6630.0,4.392719389189405
6630.400000000001,3.925380506747781
6630.8,4.326895749206717
6631.200000000001,-1.8095042170419755
6631.6,2.548290833427047
6632.0,2.3913612683991072
6632.400000000001,-2.674961751554001
6632.8,4.809015453931519
6633.200000000001,-5.177622185469341
6633.6,-9.01780662882414
6634.0,0.362787619790959
6634.400000000001,5.359967755941
6634.8,-5.942212122164932
6635.200000000001,7.044386655479733
6635.6,-4.946200831574351
6636.0,5.647056657445594
6636.400000000001,6.762194559184046
6636.8,2.9880820364824254
6637.200000000001,1.2647414971202746
6637.6,9.488515404587059
6638.0,4.599332171759096
6638.400000000001,-1.9265568251805443
6638.8,4.444286586004325
6639.200000000001,-1.1833271646167307
6639.6,-5.560811627716954
6640.0,-2.0918362356082656
6640.400000000001,-3.9697035020858285
6640.8,-1.864286824329393
6641.200000000001,-8.776764709343182
6641.6,-11.701302967734941
6642.0,2.236684790831052
6642.400000000001,-5.612949285773123
6642.8,-4.435127457917736
6643.200000000001,-10.230245500641526
6643.6,-0.1102483955277527
6644.0,0.945933772814226
6644.400000000001,0.4203080466112907
6644.8,3.697283522795789
6645.200000000001,-2.255088990933218
6645.6,-0.7964592969161697
6646.0,-3.826125981411423
6646.400000000001,5.520949023189166
6646.8,3.999436516512893
6647.200000000001,1.8075350399441183
6647.6,1.0467230259230207
6648.0,3.876147957227607
6648.400000000001,7.222611934620861
6648.8,-14.955198596764847
6649.200000000001,2.792948721127215
6649.6,-2.2835684945464343
6650.0,-2.757928220024918
6650.400000000001,-1.6287916751327631
6650.8,3.7964045952407774
6651.200000000001,3.220794106329517
6651.6,1.49559638712346
6652.0,2.042335886557269
6652.400000000001,-5.4890986505295345
6652.8,-2.2917171825038483
6653.200000000001,5.943820999536873
6653.6,-0.09280411550141401
6654.0,7.9376678579009665
6654.400000000001,-7.332389649629471
6654.8,-1.5051614553538528
6655.200000000001,-0.3757107111983876
6655.6,0.7610158442923665
6656.0,-12.33234004832324
6656.400000000001,-3.7620195018824996
6656.8,-3.2216948305468667
6657.200000000001,-2.149313987608382
6657.6,-4.996719933594756
6658.0,-1.781860328461819
6658.400000000001,2.6731067641863264
6658.8,-4.036975937105612
6659.200000000001,-17.413414691445727
6659.6,-15.657321219271536
6660.0,-10.04495980501034
6660.400000000001,0.6344774617979919
6660.8,-4.634829244727304
6661.200000000001,14.572618277987402
6661.6,-2.7812606512929894
6662.0,-2.395263047616469
6662.400000000001,3.277619297446348
6662.8,-1.3103208641540742
6663.200000000001,-2.458067869126708
6663.6,-6.672425177093052
6664.0,-1.9750086580006374
6664.400000000001,6.267703358904876
6664.8,6.155969156735111
6665.200000000001,-3.841689022862207
6665.6,-2.709727208752994
6666.0,-13.834401189557441
6666.400000000001,5.217633541366451
6666.8,-2.0992024348219926
6667.200000000001,-4.127043048513498
6667.6,-2.6759194558676374
6668.0,9.00898422861751
6668.400000000001,-5.625306607845573
6668.8,-3.921286440921332
6669.200000000001,-8.510333271716824
6669.6,-1.6399047450652735
6670.0,-1.8264566995627645
6670.400000000001,9.056812723814256
6670.8,-3.8235844715037093
6671.200000000001,1.4140572299139587
6671.6,13.230125950985665
6672.0,3.19901571933133
6672.400000000001,-6.896272274109055
6672.8,-3.1824378432823486
6673.200000000001,-4.763461355008704
6673.6,1.1379804384504242
6674.0,-3.7876104864008244
6674.400000000001,3.8570492003783134
6674.8,-3.1524782030390552
6675.200000000001,-2.2780940986907514
6675.6,-20.82817211659822
6676.0,-1.7472473932616945
6676.400000000001,-2.131383564831934
6676.8,-0.7434939122856585
6677.200000000001,-4.8574341646535055
6677.6,3.495981512441227
6678.0,-21.11883992595768
6678.400000000001,1.9182241373288798
6678.8,6.421196306855899
6679.200000000001,0.15644741807284576
6679.6,0.30511196840498545
6680.0,10.717050637129361
6680.400000000001,-1.5850938838330069
6680.8,-0.9865991981163157
6681.200000000001,0.40311996577803094
6681.6,-0.7784801630513765
6682.0,-0.7251364871631787
6682.400000000001,3.5345999370255425
6682.8,11.840716786747603
6683.200000000001,-7.379582284752999
6683.6,-2.990256228172083
6684.0,2.363834948357033
6684.400000000001,-4.899649305277127
6684.8,10.209615182209365
6685.200000000001,9.980483585852001
6685.6,-0.2739969429912436
6686.0,2.2291347144811455
6686.400000000001,-0.1710670111666784
6686.8,-5.385051232317436
6687.200000000001,26.15862066656792
6687.6,2.9138800937503735
6688.0,1.8509517338836972
6688.400000000001,-1.9771887833686814
6688.8,-5.816481711247462
6689.200000000001,-2.35887867991984
6689.6,-7.659475214992773
6690.0,7.382870422910704
6690.400000000001,1.7726488661254463
6690.8,-4.474996359612432
6691.200000000001,5.557992293428922
6691.6,0.15932007458504643
6692.0,1.1634392225196668
6692.400000000001,4.936719172558624
6692.8,-6.006128788089653
6693.200000000001,0.37100548798074484
6693.6,-5.7248109079298946
6694.0,14.419879773187262
6694.400000000001,-9.127954172048305
6694.8,2.4241829201237364
6695.200000000001,-13.280751095122664
6695.6,-11.310510367198063
6696.0,-4.184918354736694
6696.400000000001,3.451808276200292
6696.8,-0.3256090175408772
6697.200000000001,-4.237184509500947
6697.6,-0.6252508508771717
6698.0,-2.518296198061397
6698.400000000001,-1.5897342679802173
6698.8,10.04726055215113
6699.200000000001,-2.4591463264236224
6699.6,5.694193188446023
6700.0,-7.683398897228062
6700.400000000001,1.5547829454508724
6700.8,14.371079971812907
6701.200000000001,-12.053106740772265
6701.6,1.4929382370627522
6702.0,27.03163869020093
6702.400000000001,1.6951991488352345
6702.8,-9.139169169959066
6703.200000000001,0.7218968205938889
6703.6,-0.1993687436874374
6704.0,-5.699229850341969
6704.400000000001,-2.1170157134859817
6704.8,-4.963380547195184
6705.200000000001,12.50796888994292
6705.6,10.569126713188021
6706.0,5.028996863364013
6706.400000000001,-3.8152964206285866
6706.8,2.3556386274739536
6707.200000000001,5.66897383066223
6707.6,0.6121462046850988
6708.0,1.1124571547759863
6708.400000000001,-5.7482743439610875
6708.8,0.6663161813851461
6709.200000000001,-6.39130968787608
6709.6,4.906279190155464
6710.0,-4.207265313965911
6710.400000000001,12.116297544882435
6710.8,-3.135642752986869
6711.200000000001,-1.8513486915285426
6711.6,-3.7573339254875755
6712.0,8.683852341498525
6712.400000000001,-9.248767265966421
6712.8,0.6200683944338234
6713.200000000001,0.2170289600167281
6713.6,3.194229033132727
6714.0,1.790753058059205
6714.400000000001,2.125889279908456
6714.8,6.321399549439183
6715.200000000001,-5.5970270771306305
6715.6,-0.955519933172172
6716.0,-3.342459201404954
6716.400000000001,-10.905375344696175
6716.8,1.0888382031444435
6717.200000000001,0.9623140676975704
6717.6,-0.15516997409201258
6718.0,0.20785191564588495
6718.400000000001,-4.553407935242329
6718.8,-1.3331496863632104
6719.200000000001,8.352791900518566
6719.6,13.125271760468733
6720.0,-9.366249776364338
6720.400000000001,-0.9682599780120972
6720.8,-9.393401026519108
6721.200000000001,-10.122224928339802
6721.6,1.7960319412730117
6722.0,-1.4930668369536373
6722.400000000001,2.8466388332482913
6722.8,0.056754534013861706
6723.200000000001,-2.9282924088990496
6723.6,-1.060711909889898
6724.0,-0.13913535974882954
6724.400000000001,18.165494384831785
6724.8,-2.0923787076579985
6725.200000000001,11.57987428017617
6725.6,4.708208853216349
6726.0,-2.8619366353002733
6726.400000000001,3.5056160312811495
6726.8,-2.6905620411969156
6727.200000000001,-1.506428696795563
6727.6,2.55284211640264
6728.0,4.160054126939343
6728.400000000001,-5.279497132005413
6728.8,-15.914441668300599
6729.200000000001,-1.506567672145884
6729.6,3.031675996327565
6730.0,-2.2207105988560754
6730.400000000001,0.9343398209224778
6730.8,3.2507541312106247
6731.200000000001,-0.3738462478201693
6731.6,4.456594025983579
6732.0,0.16001159447357957
6732.400000000001,-1.2997061540545674
6732.8,6.685958170225542
6733.200000000001,-5.020612884694123
6733.6,5.642474325485565
6734.0,5.571158414693185
6734.400000000001,16.981404703564287
6734.8,7.414525352698039
6735.200000000001,4.49406871189871
6735.6,1.4894800583473455
6736.0,2.121756368200126
6736.400000000001,-12.230666450253553
6736.8,-9.742082377165966
6737.200000000001,-2.4609414729491017
6737.6,-0.6690150743804013
6738.0,-10.881488317355183
6738.400000000001,-3.64099567964098
6738.8,-4.981778059848067
6739.200000000001,-10.952689767689526
6739.6,-1.3267371581133407
6740.0,-5.090374112393937
6740.400000000001,3.5119857537812855
6740.8,-4.060588951478969
6741.200000000001,0.8809263574483037
6741.6,-1.5655751694495135
6742.0,-3.8293464026484685
6742.400000000001,1.0932048451364846
6742.8,-1.5578906364614755
6743.200000000001,4.392329312641655
6743.6,-0.2652203508616875
6744.0,2.8302105136191305
6744.400000000001,-5.189917098696216
6744.8,-5.562087073452323
6745.200000000001,7.393641631388615
6745.6,-2.212548413961208
6746.0,7.614661704194039
6746.400000000001,6.038609978502924
6746.8,-2.9633085280308875
6747.200000000001,-1.82269923623532
6747.6,2.2021343443868107
6748.0,-4.362032232945697
6748.400000000001,-9.690263947690594
6748.8,12.393424219091681
6749.200000000001,-3.939951158772863
6749.6,0.43327060172663584
6750.0,-0.4699206386151895
6750.400000000001,0.598321737557628
6750.8,6.822986751988031
6751.200000000001,5.139001481515289
6751.6,-1.0588249575656885
6752.0,-4.14747803665578
6752.400000000001,-14.420859884711202
6752.8,8.955320547928263
6753.200000000001,4.882317787799334
6753.6,2.234294577739891
6754.0,6.286765742749587
6754.400000000001,-7.825202610459735
6754.8,4.395719551589034
6755.200000000001,-3.9966333355700705
6755.6,-8.135471349734917
6756.0,-3.1110733259014944
6756.400000000001,-1.7230600718138263
6756.8,-1.0713936543575189
6757.200000000001,1.9093667181000185
6757.6,3.1801553239205282
6758.0,-8.57077650886425
6758.400000000001,-1.7295363693397483
6758.8,-9.828279776421567
6759.200000000001,-1.4575539737969834
6759.6,-5.232999067521612
6760.0,1.4728166869411263
6760.400000000001,2.9930921527989174
6760.8,1.1816792649512025
6761.200000000001,1.1516645195104904
6761.6,14.712809402059646
6762.0,-4.695421959427714
6762.400000000001,-6.129251454614906
6762.8,-2.7869965759836743
6763.200000000001,-0.4158128538669162
6763.6,14.293321368241347
6764.0,-6.3178564727959206
6764.400000000001,8.57929092586032
6764.8,1.090479892583456
6765.200000000001,0.8576287883924749
6765.6,1.200153203763032
6766.0,1.5371604669307846
6766.400000000001,1.3156428106010516
6766.8,17.512442672621404
6767.200000000001,-15.807687685494887
6767.6,7.412898132012673
6768.0,0.02745417216597116
6768.400000000001,-0.68104179879643
6768.8,-4.602684892392695
6769.200000000001,-3.772248318312896
6769.6,3.6693544991671665
6770.0,-1.5511608196878903
6770.400000000001,-7.51341082659197
6770.8,-1.1448069675571064
6771.200000000001,2.1150115403348115
6771.6,-4.981827173807759
6772.0,0.7750008290860867
6772.400000000001,4.603214223979729
6772.8,7.415290235391682
6773.200000000001,-4.645270966842551
6773.6,-3.1952708232937206
6774.0,-1.0942187203955114
6774.400000000001,2.2860685955369537
6774.8,-12.517389474658106
6775.200000000001,-2.084525758577336
6775.6,3.31984458687908
6776.0,-2.440401495553187
6776.400000000001,4.3652649513069814
6776.8,-5.380828956792577
6777.200000000001,3.3719711657356615
6777.6,4.932320381622485
6778.0,-1.5498050474223097
6778.400000000001,-1.013880726365899
6778.8,2.584215411029285
6779.200000000001,-5.6562378170659375
6779.6,2.317262274146548
6780.0,-1.562460015776856
6780.400000000001,5.26300887143177
6780.8,2.7504093995554917
6781.200000000001,-0.9361259670079002
6781.6,-2.2942021985167687
6782.0,4.3682539448025075
6782.400000000001,0.9127300535628402
6782.8,-21.126609815166624
6783.200000000001,0.5257774642468648
6783.6,-0.4432066182298364
6784.0,-1.0458741905008178
6784.400000000001,-16.170305033742004
6784.8,4.023632973745835
6785.200000000001,-2.0171053638036134
6785.6,5.6459410560680015
6786.0,-1.3139805486794152
6786.400000000001,-1.572416219653476
6786.8,0.20786098005553894
6787.200000000001,8.317283373407804
6787.6,-0.9584801364046565
6788.0,-10.73925828883729
6788.400000000001,-1.621593466983211
6788.8,-4.717061072556857
6789.200000000001,-2.045371287885213
6789.6,2.472585349508196
6790.0,-4.039621455136729
6790.400000000001,1.8790176324022843
6790.8,1.7082532841983906
6791.200000000001,0.04838076718685835
6791.6,-1.0356607389596153
6792.0,12.153450273139066
6792.400000000001,-4.881988619753972
6792.8,-2.4354046698455907
6793.200000000001,4.0999180294543205
6793.6,-6.683120269801503
6794.0,3.2157393682930877
6794.400000000001,-0.19658036120642083
6794.8,-9.10574596204002
6795.200000000001,-4.814447229542367
6795.6,4.140555387947524
6796.0,2.445067642610887
6796.400000000001,2.372035692797057
6796.8,7.61689878740196
6797.200000000001,0.002260931058252375
6797.6,1.532401508709866
6798.0,4.86920725700674
6798.400000000001,9.50050605788529
6798.8,-12.482246768323833
6799.200000000001,-3.9989611401418146
6799.6,-14.627525203167231
6800.0,-3.1494960663196276
6800.400000000001,7.533397053994219
6800.8,-0.9662492552343755
6801.200000000001,-1.5890264245594332
6801.6,-11.040085162732021
6802.0,5.3641605747128684
6802.400000000001,7.96519841162405
6802.8,8.154229819864367
6803.200000000001,2.3896013318100886
6803.6,-12.195181437996245
6804.0,-0.6399043872557263
6804.400000000001,6.0237741481719995
6804.8,-3.3325429665237265
6805.200000000001,3.8728989590466223
6805.6,3.1906782985264988
6806.0,-9.622323837025284
6806.400000000001,-2.98520503953881
6806.8,-11.637266034934369
6807.200000000001,5.726598736285155
6807.6,-2.39633628617947
6808.0,6.0260693663169285
6808.400000000001,6.088360565029641
6808.8,-1.860702627644652
6809.200000000001,0.6549862580698416
6809.6,4.4964358473849195
6810.0,-0.9244212212511516
6810.400000000001,5.022067573568937
6810.8,-3.26520563507862
6811.200000000001,-10.963536955376547
6811.6,4.830238248697229
6812.0,-7.9062331286613095
6812.400000000001,9.654834874897105
6812.8,-3.020211006037397
6813.200000000001,-1.4983128165826487
6813.6,2.4858153591330168
6814.0,1.708405706918399
6814.400000000001,-7.862687130390352
6814.8,-1.3644781297682875
6815.200000000001,-7.1627993314840745
6815.6,1.7449636207162134
6816.0,0.27701218723746557
6816.400000000001,-1.805702610243317
6816.8,-6.068220313873205
6817.200000000001,-3.5232928061231803
6817.6,6.192068161633296
6818.0,0.37361229096184057
6818.400000000001,-6.9433902050083045
6818.8,-4.233186921576778
6819.200000000001,2.69982882583631
6819.6,1.5816302395628554
6820.0,-3.480059727071967
6820.400000000001,-2.583620250053266
6820.8,2.814365983254954
6821.200000000001,-4.510288298943636
6821.6,-0.5765462119582652
6822.0,-2.2298958022554434
6822.400000000001,-3.7329149967854995
6822.8,-15.969852343108437
6823.200000000001,4.055059304030997
6823.6,3.500158167376161
6824.0,-11.428745777197983
6824.400000000001,-6.452764652275284
6824.8,3.2195944820182647
6825.200000000001,-1.5079913192627716
6825.6,-2.614555833784804
6826.0,-2.0548339914303417
6826.400000000001,-4.696278213327859
6826.8,-1.3698711466146705
6827.200000000001,0.34780794942678095
6827.6,10.064543852209173
6828.0,-0.05250713567083568
6828.400000000001,-0.989124750415813
6828.8,-20.063288205903756
6829.200000000001,-16.164405782006547
6829.6,-1.4125909607745788
6830.0,-14.366612503467163
6830.400000000001,8.610718834051793
6830.8,-9.786590210821828
6831.200000000001,-3.465509157149918
6831.6,-0.48479781758254836
6832.0,4.168814717890738
6832.400000000001,8.027812414785467
6832.8,-3.887267872583595
6833.200000000001,0.9024918861501954
6833.6,-14.463508539362476
6834.0,-7.636267810537368
6834.400000000001,0.7586158052135561
6834.8,-12.171637042405292
6835.200000000001,2.8593655624031076
6835.6,-4.510324567304888
6836.0,13.847092658973812
6836.400000000001,-6.212990180521133
6836.8,0.3246961527309151
6837.200000000001,6.804635954842491
6837.6,-1.9534508103506374
6838.0,2.828584074488081
6838.400000000001,-7.0298932176131395
6838.8,-3.3694805839869635
6839.200000000001,-0.26618858888717956
6839.6,1.3965826419693594
6840.0,-3.6251331191542935
6840.400000000001,5.508938863108746
6840.8,0.6199877164585794
6841.200000000001,1.1529469598388151
6841.6,-6.724195928377377
6842.0,-7.092658565098598
6842.400000000001,0.42549958228592333
6842.8,-0.8690942733273505
6843.200000000001,7.907733346824203
6843.6,7.875296242575498
6844.0,-5.723520127044335
6844.400000000001,-13.016143428965634
6844.8,-5.02822675224074
6845.200000000001,2.520270272793219
6845.6,-0.35852161223296586
6846.0,-0.017783948855545125
6846.400000000001,1.9518998732016757
6846.8,-0.284922937266642
6847.200000000001,-0.6810477730220761
6847.6,5.060242284017208
6848.0,5.38798460147475
6848.400000000001,1.4553159379923033
6848.8,-2.1147901362188324
6849.200000000001,-6.884157654863534
6849.6,3.836466158326526
6850.0,8.313314889973729
6850.400000000001,4.313188021510522
6850.8,-2.5946418276891174
6851.200000000001,0.382223941061724
6851.6,2.8491607381720723
6852.0,-0.7112275714159608
6852.400000000001,5.561088229013832
6852.8,-8.389411383290529
6853.200000000001,3.594653582362147
6853.6,6.205120042114366
6854.0,-1.255385275314467
6854.400000000001,-0.19608611971705822
6854.8,-2.2611370564900666
6855.200000000001,2.2030096647812796
6855.6,-6.821488845324542
6856.0,2.8541638377812713
6856.400000000001,2.1250138319857252
6856.8,-6.869376733449089
6857.200000000001,-5.626281076375143
6857.6,4.143616261678863
6858.0,-0.4313383215268967
6858.400000000001,-10.086591851391661
6858.8,-9.852936826420098
6859.200000000001,0.1061238882657499
6859.6,3.682450499745877
6860.0,0.19161820496331822
6860.400000000001,0.5317209850002168
6860.8,-4.0318835237929616
6861.200000000001,-1.63644425105419
6861.6,-6.538692923231268
6862.0,-4.905218736700733
6862.400000000001,-5.248259527603328
6862.8,5.48903296102035
6863.200000000001,1.6444265904719833
6863.6,-0.19939649360113704
6864.0,0.5832741601791793
6864.400000000001,-1.6409941647308088
6864.8,-13.506215476532756
6865.200000000001,0.7640439695546604
6865.6,3.6769638197532273
6866.0,2.825939405429172
6866.400000000001,-1.582769928633666
6866.8,-11.54870310509476
6867.200000000001,-0.5373539124722949
6867.6,-5.7299963276813966
6868.0,-1.7570897576811717
6868.400000000001,-3.4891128503307844
6868.8,8.268384350755671
6869.200000000001,2.6498228580006398
6869.6,-0.13523528356550946
6870.0,6.686554759834658
6870.400000000001,-1.6500228214524437
6870.8,8.758576107689763
6871.200000000001,-10.489803307468046
6871.6,-3.5563236301328294
6872.0,-1.7537436114054072
6872.400000000001,-5.991932040001469
6872.8,-6.053180334179044
6873.200000000001,-13.788910100179308
6873.6,-7.036683187149217
6874.0,-8.525454158575268
6874.400000000001,7.423763026544696
6874.8,-8.30164713852924
6875.200000000001,-8.632572824640704
6875.6,-1.7380676975502554
6876.0,11.628785549113196
6876.400000000001,-3.415009481743546
6876.8,-5.556842173051741
6877.200000000001,-3.3807455922054492
6877.6,0.6119682690818963
6878.0,1.9902997678336725
6878.400000000001,-2.0595881564492755
6878.8,1.4807387479905785
6879.200000000001,4.18403664587464
6879.6,0.7231128073860993
6880.0,1.0582049583685529
6880.400000000001,1.1147581522455174
6880.8,-5.536199581094139
6881.200000000001,4.439346891681677
6881.6,-1.8544657179999655
6882.0,0.8912166250079884
6882.400000000001,2.504365493717606
6882.8,-0.28556232169627227
6883.200000000001,3.489538400025836
6883.6,1.8707731020768263
6884.0,-1.3330264023990757
6884.400000000001,-3.703719459286645
6884.8,-1.1611859957850819
6885.200000000001,1.5165002273580517
6885.6,-3.4238849257153783
6886.0,0.5587662302004882
6886.400000000001,7.0816056317622635
6886.8,9.242064792453487
6887.200000000001,1.1940530938331166
6887.6,4.423456066580709
6888.0,1.032606031393534
6888.400000000001,-4.683964433241693
6888.8,-5.2163350481809445
6889.200000000001,4.5994868431269795
6889.6,4.032622537364521
6890.0,3.9577116605349354
6890.400000000001,1.4564066460261254
6890.8,-14.609306701145757
6891.200000000001,-8.276369931714807
6891.6,0.7559963065200576
6892.0,-3.0631538587615297
6892.400000000001,0.3281385698183109
6892.8,-7.091542550329809
6893.200000000001,10.448602232203282
6893.6,4.437815783324667
6894.0,-9.352352108247487
6894.400000000001,4.929544850426346
6894.8,-0.10426300655296554
6895.200000000001,-4.162677677301374
6895.6,0.34987506159521575
6896.0,15.743668742246857
6896.400000000001,2.0231573221250407
6896.8,-15.6008503298068
6897.200000000001,0.8841723648066999
6897.6,-5.705519823032422
6898.0,-4.289995973209791
6898.400000000001,14.290872196233614
6898.8,6.755833783642062
6899.200000000001,8.845010110423416
6899.6,-2.5613473592887184
6900.0,3.4354133531541233
6900.400000000001,-14.397401749903683
6900.8,-2.1778172573207084
6901.200000000001,-5.608842514449003
6901.6,8.682511479861619
6902.0,-1.467926538741168
6902.400000000001,2.6746606537781297
6902.8,-4.348767270865864
6903.200000000001,4.631857912538872
6903.6,3.6937489221515647
6904.0,1.0489407852436243
6904.400000000001,-0.9773338735400476
6904.8,-4.532618323910373
6905.200000000001,-0.9501031706486622
6905.6,-16.01110238903495
6906.0,1.25984610896992
6906.400000000001,-10.65682751992795
6906.8,10.376508114041663
6907.200000000001,-2.7747545140950507
6907.6,5.322154683802953
6908.0,5.570589694263486
6908.400000000001,1.9049516966060018
6908.8,-5.068386839567468
6909.200000000001,1.03555086106867
6909.6,14.810259585351693
6910.0,-0.6471391046092376
6910.400000000001,-5.438550141027805
6910.8,0.8272123533738409
6911.200000000001,-3.472071193857982
6911.6,1.9279977336380725
6912.0,0.010991179527135462
6912.400000000001,-5.191432789493474
6912.8,0.3594977331086364
6913.200000000001,-4.34173202286872
6913.6,5.079229407070571
6914.0,2.055800042985451
6914.400000000001,-2.2340979841495456
6914.8,-9.799378922582655
6915.200000000001,-1.8048437017034205
6915.6,6.624608426142563
6916.0,-5.8713166157842505
6916.400000000001,-0.966483292140976
6916.8,3.979384779058803
6917.200000000001,-3.0003683290249565
6917.6,10.989562711729102
6918.0,-8.772127648640915
6918.400000000001,5.379769985123301
6918.8,4.981400887262581
6919.200000000001,-3.2478171566945435
6919.6,-5.178825517131166
6920.0,5.109262246419567
6920.400000000001,-4.40799413271442
6920.8,-10.894205535090414
6921.200000000001,-13.291145854762682
6921.6,-3.031324731967808
6922.0,-10.784450786789934
6922.400000000001,8.863624744311723
6922.8,-6.036458825999405
6923.200000000001,-3.537806356630056
6923.6,9.321044300220766
6924.0,-0.4108362525891058
6924.400000000001,-0.6458900413961411
6924.8,4.6101880876672094
6925.200000000001,-3.9532109848793286
6925.6,-4.854173708882419
6926.0,0.23664978384310043
6926.400000000001,0.18464035896761513
6926.8,-2.174158362720206
6927.200000000001,-2.3095386580415003
6927.6,5.789289626555247
6928.0,-0.06091577956185287
6928.400000000001,3.2748198027518756
6928.8,-5.807123134030453
6929.200000000001,-1.893051694781918
6929.6,3.061897380190168
6930.0,-0.014715392630163577
6930.400000000001,-4.172091417409162
6930.8,-7.9939146020150265
6931.200000000001,-3.4506315178333073
6931.6,-1.4891989607745408
6932.0,1.9184886073487593
6932.400000000001,-3.9806363551376305
6932.8,4.371937513053201
6933.200000000001,-1.927352871079814
6933.6,0.44505162438913826
6934.0,-1.5149577741852003
6934.400000000001,-0.07859756963022034
6934.8,-4.745579477304351
6935.200000000001,-5.54787992146324
6935.6,-5.4659003857165605
6936.0,-1.67406902854879
6936.400000000001,-3.29627426497022
6936.8,-1.978953987827277
6937.200000000001,-9.320165133033717
6937.6,0.9395053241519146
6938.0,-3.1939372138752486
6938.400000000001,1.6071940988462332
6938.8,-8.203124908845096
6939.200000000001,3.2307469159697346
6939.6,-4.243333489100307
6940.0,-1.3242046375065308
6940.400000000001,5.769485772393844
6940.8,-1.2081463165213873
6941.200000000001,-3.118513892479058
6941.6,-0.35983114932181204
6942.0,6.383215852184199
6942.400000000001,11.09463343840348
6942.8,-1.282895110829879
6943.200000000001,-14.741873064414218
6943.6,3.8213256851605393
6944.0,-0.44179900244805975
6944.400000000001,-4.776089615085777
6944.8,0.4088998898946663
6945.200000000001,-0.16470435451965967
6945.6,-12.434980856969677
6946.0,-0.16012691671723345
6946.400000000001,2.4209964659093792
6946.8,3.633943098477182
6947.200000000001,-2.767863350803274
6947.6,-0.9489589793833952
6948.0,10.05784935977119
6948.400000000001,0.2311550739156941
6948.8,7.359456018528125
6949.200000000001,2.7729259143983827
6949.6,4.52446036146894
6950.0,2.0386625811850947
6950.400000000001,-2.480966087501473
6950.8,-10.571280067358018
6951.200000000001,2.862486819037139
6951.6,3.2626243657000567
6952.0,-4.034987365204977
6952.400000000001,5.74546345434915
6952.8,-3.4235971298483996
6953.200000000001,12.21755395232737
6953.6,-8.301339887196157
6954.0,-5.117179596537161
6954.400000000001,-0.9111528833331662
6954.8,-2.34742374102159
6955.200000000001,2.866226501135709
6955.6,1.6001374149250065
6956.0,0.36325042601312163
6956.400000000001,3.221049628720922
6956.8,5.194409340523103
6957.200000000001,3.231587312218802
6957.6,3.711637604350733
6958.0,1.9283272431380474
6958.400000000001,1.7534498586330587
6958.8,-0.4629255455624828
6959.200000000001,-1.6683740103711633
6959.6,-4.351525096752351
6960.0,-2.266708808955696
6960.400000000001,2.6388956736370255
6960.8,-2.255521131705657
6961.200000000001,-15.764362448869008
6961.6,3.147606575339287
6962.0,-6.6700668146038256
6962.400000000001,-1.4139855800340277
6962.8,-1.6461247537326587
6963.200000000001,-3.55632285972542
6963.6,3.9615035505294145
6964.0,11.350425188292043
6964.400000000001,-1.6541522041179535
6964.8,8.195098437210405
6965.200000000001,-1.0086305904592234
6965.6,6.8290320544708125
6966.0,-1.2268020037157046
6966.400000000001,-2.3798276178187723
6966.8,7.241630214911857
6967.200000000001,-6.342141799891539
6967.6,4.956351282392289
6968.0,6.528952041009273
6968.400000000001,3.709353138401154
6968.8,-1.1673909166374608
6969.200000000001,-5.855587673341222
6969.6,0.18758865270648623
6970.0,6.042861448732889
6970.400000000001,-7.6996723879931235
6970.8,-0.47577161289416353
6971.200000000001,0.804747203522677
6971.6,-1.204676303068183
6972.0,2.326958513266852
6972.400000000001,1.1551659619413757
6972.8,2.086909693665725
6973.200000000001,4.36540774810208
6973.6,-12.98250106429144
6974.0,-4.3989308635849245
6974.400000000001,1.1837820124369152
6974.8,-7.285746621739637
6975.200000000001,3.2217575443640234
6975.6,-0.42608341783064557
6976.0,0.19441143960182466
6976.400000000001,3.0001730286387556
6976.8,-4.499354776730536
6977.200000000001,2.4331649163801723
6977.6,-10.905995514972847
6978.0,-0.7777849616427399
6978.400000000001,-7.4834494889981995
6978.8,-6.989465945156425
6979.200000000001,-8.240822271584841
6979.6,-15.429964532105938
6980.0,-3.1411379878062373
6980.400000000001,-7.26445668730631
6980.8,-3.5103174924484106
6981.200000000001,-2.735157053559764
6981.6,-1.019861802643362
6982.0,2.408984943748711
6982.400000000001,-18.47224634685831
6982.8,4.539174662225362
6983.200000000001,-9.975591851252778
6983.6,17.206815238993187
6984.0,11.266683164370564
6984.400000000001,1.0771402557236405
6984.8,7.303774218847502
6985.200000000001,3.6923680027790526
6985.6,-3.2225929661722414
6986.0,-9.343391800388014
6986.400000000001,-6.612226038712049
6986.8,1.5398083077107798
6987.200000000001,-5.484377863616876
6987.6,-2.370121967895998
6988.0,2.541639995596298
6988.400000000001,-0.20231788836325637
6988.8,-0.5435889480400969
6989.200000000001,-0.7902291988067076
6989.6,7.240402060780631
6990.0,1.9609413469352845
6990.400000000001,-21.149960640095166
6990.8,-3.72835654238838
6991.200000000001,-1.7289419311059167
6991.6,-6.976325595439501
6992.0,-4.469644280529563
6992.400000000001,0.7728640651820391
6992.8,-2.260859584701802
6993.200000000001,0.21975948137302193
6993.6,1.8397440363394122
6994.0,-5.8399551186225995
6994.400000000001,0.32774876517780693
6994.8,-7.924798531464709
6995.200000000001,-9.288309388881945
6995.6,-1.5830170490496085
6996.0,-0.3910401169217432
6996.400000000001,2.319773020673919
6996.8,7.6159138204200305
6997.200000000001,5.221421336132446
6997.6,-5.674625079935309
6998.0,-6.401193036750073
6998.400000000001,3.982979837008252
6998.8,2.1174088144319416
6999.200000000001,10.834600671084571
6999.6,-1.4184004968547679
7000.0,1.4773454409877584
7000.400000000001,4.952590066225958
7000.8,0.8668380243106124
7001.200000000001,-8.236955233729034
7001.6,4.147553459540397
7002.0,-6.982169984344314
7002.400000000001,-4.329333476636591
7002.8,-1.4832628284882543
7003.200000000001,8.250586868149504
7003.6,7.670632461933408
7004.0,-5.191979426577282
7004.400000000001,2.9208192036356806
7004.8,4.553033754070153
7005.200000000001,-0.6298777904040938
7005.6,-5.773041287772493
7006.0,-3.6713281533653603
7006.400000000001,0.7957707758905269
7006.8,-28.98388614038285
7007.200000000001,-3.808790336590066
7007.6,0.034053701956270326
7008.0,-7.255152223347878
7008.400000000001,-4.2056593248671446
7008.8,4.832160366173551
7009.200000000001,2.559539077305268
7009.6,-5.61923409755391
7010.0,-0.7479162696368903
7010.400000000001,-6.349875768332094
7010.8,-0.4233873858550558
7011.200000000001,-7.032448074466195
7011.6,1.0068376574644118
7012.0,-3.4174155348122914
7012.400000000001,-2.1736863086295912
7012.8,1.611048267346341
7013.200000000001,-4.101325024338889
7013.6,1.8616583729564964
7014.0,-5.724504790367732
7014.400000000001,0.36498811688669336
7014.8,-1.818850931191146
7015.200000000001,0.33280431203660266
7015.6,4.941551689753354
7016.0,5.757162667274898
7016.400000000001,-0.12894341908619827
7016.8,-2.514185748096463
7017.200000000001,-1.0438597858801721
7017.6,19.743316839092017
7018.0,2.0059797055831528
7018.400000000001,15.6291896254193
7018.8,-6.865059220551276
7019.200000000001,-11.346426212304273
7019.6,8.586774401987903
7020.0,-7.625403980583629
7020.400000000001,-2.098664811706837
7020.8,-4.534763941866565
7021.200000000001,-1.1938782789411193
7021.6,3.853887844879131
7022.0,-7.507792210542503
7022.400000000001,4.997378723746953
7022.8,-5.25263101948838
7023.200000000001,7.042026230077192
7023.6,-6.202424845504027
7024.0,0.31197261192218906
7024.400000000001,2.936076863978281
7024.8,-8.645187718002157
7025.200000000001,-3.1356020863094103
7025.6,-6.370422520865246
7026.0,8.427790896109183
7026.400000000001,-2.011891603914079
7026.8,-1.3561970209575205
7027.200000000001,0.8630194581380506
7027.6,-0.18050973845086735
7028.0,-3.544196904611743
7028.400000000001,4.694994856522671
7028.8,-1.718186514665927
7029.200000000001,-7.802900717478767
7029.6,-10.870459112421093
7030.0,-5.965716052304371
7030.400000000001,-11.11187898287669
7030.8,-2.5187817243075585
7031.200000000001,-4.76356181085035
7031.6,-1.2848785615860936
7032.0,7.456409185079593
7032.400000000001,-0.5234110595487669
7032.8,-0.8233881593784891
7033.200000000001,22.274355002397584
7033.6,16.10438331451341
7034.0,7.237478272126133
7034.400000000001,1.4231728691019871
7034.8,2.724320692814283
7035.200000000001,10.863334162958358
7035.6,-6.565268390550823
7036.0,1.0350950836351724
7036.400000000001,-5.263800674150232
7036.8,-3.1794003247319265
7037.200000000001,-2.1643638843429045
7037.6,-3.831078377114636
7038.0,7.828068147372095
7038.400000000001,-3.8351815365594555
7038.8,-2.657374100385654
7039.200000000001,-7.261998831993345
7039.6,1.2788550655216866
7040.0,3.055167191171431
7040.400000000001,1.4721943135714144
7040.8,-15.735315332376672
7041.200000000001,-2.4951550266587317
7041.6,4.586930927547238
7042.0,13.119395839451682
7042.400000000001,-1.3663103719277792
7042.8,-5.422938035693942
7043.200000000001,4.621079648609597
7043.6,-0.8426029637484449
7044.0,-1.702991799808538
7044.400000000001,-3.781987743392964
7044.8,-1.2046767845061273
7045.200000000001,-2.862338549034373
7045.6,-0.5783207103051903
7046.0,-3.7179173675025634
7046.400000000001,0.40656070598990024
7046.8,-1.0311631071331562
7047.200000000001,10.92910229910643
7047.6,1.5679093346960236
7048.0,-1.8490463300742388
7048.400000000001,6.6163180979916625
7048.8,2.8187607133309864
7049.200000000001,1.14473518606193
7049.6,-5.18979496425006
7050.0,1.1972744089422842
7050.400000000001,-1.9648927305175892
7050.8,21.371473754031864
7051.200000000001,-2.7368435892886196
7051.6,1.1181333634101422
7052.0,7.61920387463907
7052.400000000001,-7.133668883985055
7052.8,0.7822871616554695
7053.200000000001,12.386575162484553
7053.6,1.3984849433506896
7054.0,-0.6445730116703046
7054.400000000001,-2.627340647634094
7054.8,0.49000037720529643
7055.200000000001,5.86495244927571
7055.6,0.796473782984945
7056.0,9.067974728138037
7056.400000000001,2.4157380261919355
7056.8,-0.6360380164235726
7057.200000000001,2.8927992627226558
7057.6,2.2676032075566734
7058.0,1.2047270507494279
7058.400000000001,-3.5515652562233564
7058.8,7.359360195306958
7059.200000000001,-2.845202090481659
7059.6,6.462599019503595
7060.0,9.96954098833512
7060.400000000001,5.4229309610455125
7060.8,8.058007381218095
7061.200000000001,2.3462742047043235
7061.6,5.672827814041794
7062.0,-3.750257807590059
7062.400000000001,-0.8276968432230118
7062.8,-2.3314416608081068
7063.200000000001,6.4902746191949
7063.6,2.7369706273385743
7064.0,0.20901574736457537
7064.400000000001,-3.0727233420542537
7064.8,4.053116443724805
7065.200000000001,-3.6435561373512315
7065.6,25.24352894068324
7066.0,-5.090933545110793
7066.400000000001,-0.8641046639122396
7066.8,-4.879492516309644
7067.200000000001,6.707459216263465
7067.6,-3.49292902896312
7068.0,12.639743208355853
7068.400000000001,10.571803176030727
7068.8,-1.8618975775373536
7069.200000000001,-4.074876420975687
7069.6,2.515229051350569
7070.0,5.4430481769876575
7070.400000000001,-4.945026149139581
7070.8,-2.215551099746401
7071.200000000001,-6.797468619943951
7071.6,-1.7086306258508113
7072.0,-5.8136629472182655
7072.400000000001,-7.6572479816862105
7072.8,8.581110683481297
7073.200000000001,-0.31523761714805576
7073.6,-1.3566267766687536
7074.0,-4.258400508282825
7074.400000000001,11.275232863027531
7074.8,3.295953049492736
7075.200000000001,-4.838958825570533
7075.6,-2.2888322982323017
7076.0,5.51672030164056
7076.400000000001,0.14283756783990195
7076.8,0.05577768318709456
7077.200000000001,-0.1160315668563576
7077.6,-6.190314686707609
7078.0,8.725291318606562
7078.400000000001,-2.5307465673190417
7078.8,8.230751364628373
7079.200000000001,-4.99635749045045
7079.6,-3.8814188311746918
7080.0,-1.6076555556519638
7080.400000000001,-1.0217930073676393
7080.8,6.296617126155551
7081.200000000001,5.208005648610995
7081.6,14.092828120229576
7082.0,6.813326703672641
7082.400000000001,4.3457178121840885
7082.8,-5.752319285446944
7083.200000000001,9.732623427398812
7083.6,-4.727415699173645
7084.0,-1.269019129456631
7084.400000000001,-1.8166115606593936
7084.8,-0.9193502989622453
7085.200000000001,6.960379179511406
7085.6,-2.900519648181495
7086.0,-6.344331205604156
7086.400000000001,8.662254999621037
7086.8,0.27731101212884307
7087.200000000001,-0.7486687430453927
7087.6,-1.2701437573103216
7088.0,1.8383939189143832
7088.400000000001,2.6933753841401438
7088.8,-1.7058382629432405
7089.200000000001,4.119997881904261
7089.6,1.2779853877987832
7090.0,6.7825256215226695
7090.400000000001,4.576792404937194
7090.8,-9.09361532722987
7091.200000000001,12.28720813591228
7091.6,8.335338852654484
7092.0,-5.646354117953161
7092.400000000001,8.258649887077453
7092.8,0.28228127553224447
7093.200000000001,4.3665838150634535
7093.6,-2.033734060065438
7094.0,-4.722305179580582
7094.400000000001,-4.759398337675197
7094.8,7.761014999672028
7095.200000000001,-2.416076232390311
7095.6,-4.477966080289011
7096.0,-2.520672230356553
7096.400000000001,-4.288957002037098
7096.8,4.171115718269143
7097.200000000001,-1.2915272674753764
7097.6,1.9112309034391566
7098.0,4.592654551272241
7098.400000000001,0.8010711826625604
7098.8,-0.7838180857390026
7099.200000000001,28.92818476369028
7099.6,-2.6675866019243317
7100.0,6.60720951506073
7100.400000000001,-4.184587113969301
7100.8,-4.14627717292796
7101.200000000001,4.0810442546010055
7101.6,-4.117960670685802
7102.0,6.421835925077788
7102.400000000001,-1.6841424992677858
7102.8,5.459645689356477
7103.200000000001,-1.5022592282733451
7103.6,0.6396228867123638
7104.0,-0.6607440162420585
7104.400000000001,2.086292326035423
7104.8,0.3905497414677277
7105.200000000001,4.971470837585726
7105.6,-14.656213151729784
7106.0,-0.5266013613207386
7106.400000000001,7.616068933879745
7106.8,13.12748314394533
7107.200000000001,0.3036492032411555
7107.6,8.872814490783977
7108.0,-1.4549641705187333
7108.400000000001,-2.6753546220333186
7108.8,-6.094850054600608
7109.200000000001,1.679560381546516
7109.6,-4.7662222606558435
7110.0,1.8646918202208174
7110.400000000001,0.9434206205678828
7110.8,-3.414730534640019
7111.200000000001,-14.109263592927206
7111.6,11.851744345071815
7112.0,-6.1181264068969865
7112.400000000001,-13.065942922416271
7112.8,-3.8074905236597663
7113.200000000001,-5.091472044586545
7113.6,-0.9893402488877507
7114.0,-7.295552118118676
7114.400000000001,1.2912127665253266
7114.8,8.970485093050156
7115.200000000001,-9.870093109177418
7115.6,5.383873807727215
7116.0,-0.7717676549777207
7116.400000000001,-5.215351112915663
7116.8,2.9332709718265932
7117.200000000001,-0.9900858560782577
7117.6,-5.129544730531645
7118.0,16.303924889255615
7118.400000000001,-3.2461670015090527
7118.8,18.204888484398666
7119.200000000001,2.459271892939903
7119.6,4.148529175838677
7120.0,0.0033151994103236227
7120.400000000001,3.796094491527861
7120.8,-1.7602834947154093
7121.200000000001,-0.09690071866902716
7121.6,8.739650955468319
7122.0,6.387947566073203
7122.400000000001,0.3021815103770229
7122.8,-7.214555895649344
7123.200000000001,-3.782929352119588
7123.6,1.4262073719077948
7124.0,-2.0016492494818032
7124.400000000001,-2.6898520233083816
7124.8,7.027347029469503
7125.200000000001,1.938595159205975
7125.6,6.665117020450398
7126.0,0.8971531098911355
7126.400000000001,-1.709568967333218
7126.8,-8.896858339676596
7127.200000000001,3.843787855984881
7127.6,0.2682410607844733
7128.0,-2.4953676880130824
7128.400000000001,-10.564149713762623
7128.8,-4.2937483542879695
7129.200000000001,-3.009677030906765
7129.6,1.797656177553231
7130.0,-17.571172206682
7130.400000000001,0.4414511979519884
7130.8,-2.5375630858540026
7131.200000000001,-6.264681913431067
7131.6,3.36349805064122
7132.0,-3.8339367210673854
7132.400000000001,-3.166292732849543
7132.8,-2.298922516435506
7133.200000000001,-3.597768716171847
7133.6,-0.20636624232514558
7134.0,21.366784316377675
7134.400000000001,6.321426648383593
7134.8,1.3048866523797775
7135.200000000001,-4.835188716204202
7135.6,1.7997115976881273
7136.0,-12.700944356831274
7136.400000000001,-1.1399668639873144
7136.8,0.4794162429456691
7137.200000000001,-1.0091365656397968
7137.6,-7.506902904825096
7138.0,-7.550229936934492
7138.400000000001,-6.430200696090955
7138.8,1.2972956026011278
7139.200000000001,-0.7485225704395475
7139.6,-2.749757775254786
7140.0,-2.316356394697409
7140.400000000001,4.684862417563503
7140.8,7.0871182441562075
7141.200000000001,0.09095538376137594
7141.6,-0.6612822215420162
7142.0,0.6687148594103851
7142.400000000001,-4.725836951614915
7142.8,-6.823684205696981
7143.200000000001,1.1910190542026766
7143.6,-1.440645852384142
7144.0,4.215168463678091
7144.400000000001,18.270659148644818
7144.8,-4.338711953845358
7145.200000000001,2.8987124772021544
7145.6,-4.4709355143938465
7146.0,0.8706411262701719
7146.400000000001,-2.9329139762255534
7146.8,-0.173995723798515
7147.200000000001,-4.261467034632852
7147.6,-3.8089801549297544
7148.0,3.2906353083822912
7148.400000000001,-4.870652125649721
7148.8,0.23297529081328258
7149.200000000001,0.7854305656419529
7149.6,2.6761715610173678
7150.0,-0.976384895235019
7150.400000000001,0.30012371011702554
7150.8,4.161115909693366
7151.200000000001,-0.06281685662778713
7151.6,-1.1034909264470827
7152.0,14.758438460059352
7152.400000000001,6.111327356242924
7152.8,-11.429920550137995
7153.200000000001,-8.394522794823867
7153.6,-3.2234027154762317
7154.0,-1.3055563076418881
7154.400000000001,-16.962770771104367
7154.8,-6.380209679885812
7155.200000000001,7.214903777455646
7155.6,3.7968397110724066
7156.0,1.351246587622549
7156.400000000001,-3.4135692763741505
7156.8,2.6419120629784705
7157.200000000001,-2.6946958440581996
7157.6,0.1270913448428868
7158.0,-1.0804813005213179
7158.400000000001,0.05153077414047704
7158.8,2.974446152283866
7159.200000000001,1.1453280996742887
7159.6,3.9544231206329474
7160.0,-8.47801815480534
7160.400000000001,0.09005609804485779
7160.8,0.06114877877562212
7161.200000000001,-1.4704360493620952
7161.6,-8.102094669465238
7162.0,-0.486882861160183
7162.400000000001,13.46205196201905
7162.8,5.873300165107512
7163.200000000001,0.0779885877394071
7163.6,1.85529979776111
7164.0,-1.7539086879797963
7164.400000000001,1.1694624467637262
7164.8,14.521248308629076
7165.200000000001,1.8323710030649856
7165.6,-4.739314116502697
7166.0,-1.91262437766724
7166.400000000001,5.230969485742757
7166.8,3.7467756429767975
7167.200000000001,0.482719303087748
7167.6,0.06343517838842955
7168.0,3.7034832102774247
7168.400000000001,0.5663431456133802
7168.8,4.243349165571489
7169.200000000001,3.436090462676005
7169.6,-0.3069969530149088
7170.0,-0.486237764003537
7170.400000000001,4.0471932357035225
7170.8,2.2143367530964304
7171.200000000001,-8.712516214762847
7171.6,2.378562660348001
7172.0,5.9188688496064845
7172.400000000001,-1.8125010036064346
7172.8,-3.5890278547467567
7173.200000000001,-0.05635865824101568
7173.6,-2.815263051365975
7174.0,4.272550964986461
7174.400000000001,1.6553913625609784
7174.8,-1.013564221607883
7175.200000000001,7.590826290208984
7175.6,-0.05041892076507974
7176.0,2.3188365568305627
7176.400000000001,-5.582898025665295
7176.8,2.1215868118694257
7177.200000000001,5.895187488162257
7177.6,-2.1856938701780324
7178.0,-2.402390685599152
7178.400000000001,-17.434993593409164
7178.8,6.481680814856054
7179.200000000001,-0.6248887695508305
7179.6,4.307689073445286
7180.0,-0.3048274664708558
7180.400000000001,11.90257940497047
7180.8,1.63650101602515
7181.200000000001,-10.949234058879417
7181.6,0.43881875038637935
7182.0,-5.166039792807393
7182.400000000001,1.8601458763200234
7182.8,-0.8494707317838033
7183.200000000001,7.60565566181671
7183.6,-10.83398713378803
7184.0,-17.050224869122943
7184.400000000001,3.5517458485236144
7184.8,4.203277512474266
7185.200000000001,9.550999507183601
7185.6,-2.5407410252795297
7186.0,-0.5249750127579498
7186.400000000001,2.4992287325470586
7186.8,6.179485532171681
7187.200000000001,1.2324049449049022
7187.6,2.244987482195582
7188.0,6.450483438307124
7188.400000000001,-2.135956834450158
7188.8,-2.603796933101173
7189.200000000001,-5.24899740307427
7189.6,1.0829425730110103
7190.0,2.1998946771386283
7190.400000000001,10.576231200474599
7190.8,-2.4014469050173677
7191.200000000001,-1.0421567997654382
7191.6,-1.585949631756729
7192.0,-7.25846124051756
7192.400000000001,-4.54598817107417
7192.8,7.786845491046394
7193.200000000001,2.4028729927362864
7193.6,7.950969318501256
7194.0,-3.844246920261778
7194.400000000001,2.9861223133021713
7194.8,-3.343241298132373
7195.200000000001,4.334677294597262
7195.6,-11.337087612965895
7196.0,0.30339654240117725
7196.400000000001,0.7772131451456804
7196.8,1.5320869836750386
7197.200000000001,-3.0040734836136913
7197.6,0.5390050599935827
7198.0,-3.840651225335654
7198.400000000001,11.262967418996777
7198.8,2.2202311378571897
7199.200000000001,-6.400860097795583
7199.6,-6.204317411210079
7200.0,5.833228752923805
7200.400000000001,-4.707631982941763
7200.8,3.2466180989182094
7201.200000000001,-8.353385325588468
7201.6,-0.08022449680990099
7202.0,-0.9387326041350146
7202.400000000001,17.089372575263305
7202.8,-3.368970152858574
7203.200000000001,1.2343731874209032
7203.6,-3.3629797564786057
7204.0,-1.4913714161494838
7204.400000000001,11.614450957469245
7204.8,-13.550937937954535
7205.200000000001,-4.285957539285801
7205.6,3.22467866912468
7206.0,-2.4979646612390876
7206.400000000001,1.7961422686809412
7206.8,0.6232892851029274
7207.200000000001,-0.28186373759425265
7207.6,0.34479087475595444
7208.0,9.290247557059155
7208.400000000001,-0.9455030208917786
7208.8,0.33001081511926716
7209.200000000001,2.4131230600412676
7209.6,0.8616984228709599
7210.0,9.16387979871572
7210.400000000001,-3.3714988829366725
7210.8,3.6112057758643146
7211.200000000001,-2.76547322220229
7211.6,2.991151552432387
7212.0,7.863847874356208
7212.400000000001,3.621378616533841
7212.8,-4.348201390445044
7213.200000000001,0.4495017167664736
7213.6,-5.727418833063021
7214.0,2.832949643450002
7214.400000000001,-5.340395338797088
7214.8,-1.3807149603618223
7215.200000000001,-1.0876064943342534
7215.6,-1.8552980287932859
7216.0,3.915589200290756
7216.400000000001,-0.9725364038961808
7216.8,-11.041336185281823
7217.200000000001,15.265837836327263
7217.6,0.1229798405114174
7218.0,-9.777251368300988
7218.400000000001,-7.8966651160446935
7218.8,-14.044668949155996
7219.200000000001,3.4623744822732307
7219.6,3.4132029944407245
7220.0,7.579767987172263
7220.400000000001,3.510520988332269
7220.8,-2.741435587677784
7221.200000000001,-10.60843996777126
7221.6,1.3912480580573638
7222.0,-1.71450696053972
7222.400000000001,-1.9304429303344375
7222.8,0.9143254461815118
7223.200000000001,-16.452441731770996
7223.6,-1.7534325561899715
7224.0,-1.3234946365713085
7224.400000000001,-0.21738409301661094
7224.8,-0.08307882657993862
7225.200000000001,-2.5664364906644237
7225.6,-3.830961825303521
7226.0,-2.471357669557416
7226.400000000001,-2.749860003753189
7226.8,1.6312656136505095
7227.200000000001,3.8240839662744586
7227.6,-6.474231926231218
7228.0,7.5378004484160845
7228.400000000001,1.6768549751838233
7228.8,-5.660596391816123
7229.200000000001,11.52236437398145
7229.6,-0.5218528185344004
7230.0,1.0415191962600576
7230.400000000001,0.5282036126792627
7230.8,-9.609746892309985
7231.200000000001,5.08647575255061
7231.6,-6.105623755436964
7232.0,-5.103908386640171
7232.400000000001,-2.885649036245981
7232.8,-8.70101832522304
7233.200000000001,-5.925666272060478
7233.6,0.7886079211842035
7234.0,-7.082051026044823
7234.400000000001,-1.690634854281627
7234.8,2.406602853734661
7235.200000000001,-0.2291438253747252
7235.6,3.0966031890956587
7236.0,2.1065769026439787
7236.400000000001,-1.854110267374918
7236.8,-6.910408592388278
7237.200000000001,7.727499669281356
7237.6,-4.632392996934324
7238.0,0.3913400819970778
7238.400000000001,7.395739617742159
7238.8,-13.062005301184868
7239.200000000001,-7.29881891148535
7239.6,-0.8654409553394843
7240.0,-2.1713505053522866
7240.400000000001,2.7282821998387656
7240.8,-5.122945375659514
7241.200000000001,-1.0005206374718054
7241.6,-5.826151838133806
7242.0,3.5838284650994146
7242.400000000001,-3.3985259395561855
7242.8,2.7977735533347667
7243.200000000001,-1.427693690954168
7243.6,-2.0938037860255916
7244.0,-1.5706267403442922
7244.400000000001,-2.9939961170986367
7244.8,-1.5622250847669614
7245.200000000001,-2.74351819994905
7245.6,-3.3331285332653766
7246.0,-1.9767535570198294
7246.400000000001,-4.923221494080808
7246.8,-3.681373033080098
7247.200000000001,-2.9855452997511494
7247.6,-5.651845031322619
7248.0,5.659778172430193
7248.400000000001,-6.570783142664127
7248.8,-1.630669888851307
7249.200000000001,-1.5345005010109989
7249.6,-11.259183289766078
7250.0,-3.271935283621359
7250.400000000001,-0.7709744842786798
7250.8,0.16358664194654635
7251.200000000001,-1.848591653614318
7251.6,-4.846736730182001
7252.0,-8.493668040024513
7252.400000000001,3.3899362833594893
7252.8,18.137831713534645
7253.200000000001,-6.39892400089704
7253.6,8.460048215566896
7254.0,5.6525223449753845
7254.400000000001,-5.441730947612174
7254.8,5.252887471477363
7255.200000000001,2.172590993052085
7255.6,1.6619910932494555
7256.0,-1.5342184987853829
7256.400000000001,-11.649224385663517
7256.8,3.0902273905348783
7257.200000000001,1.2272717756379834
7257.6,-1.9361122671602338
7258.0,0.42435481646511697
7258.400000000001,-5.172924092547765
7258.8,0.6148085488466913
7259.200000000001,-17.369192449308613
7259.6,2.8729181756199234
7260.0,-0.4213214772309296
7260.400000000001,0.7923943783530887
7260.8,-6.95928343234781
7261.200000000001,-3.2403342834723974
7261.6,-3.3006851919600373
7262.0,-16.348622189413526
7262.400000000001,7.5518466990498805
7262.8,-18.432446730088973
7263.200000000001,-0.10099125447240008
7263.6,19.20859716060269
7264.0,-5.339344722222627
7264.400000000001,6.350859602975975
7264.8,2.5219098529852433
7265.200000000001,0.8098919443645242
7265.6,-6.381815493330186
7266.0,-4.200100455330516
7266.400000000001,-2.5585764699052542
7266.8,9.098152882010314
7267.200000000001,1.857859408752954
7267.6,3.5822488292500414
7268.0,5.982376533423352
7268.400000000001,-10.08835993137302
7268.8,2.2971191555956074
7269.200000000001,-2.589559175558207
7269.6,-4.753567727797401
7270.0,-10.039235229217942
7270.400000000001,1.1767858090921322
7270.8,7.593578796042348
7271.200000000001,-3.1457215035400967
7271.6,6.747445894708558
7272.0,3.676352335881952
7272.400000000001,2.6968843937849445
7272.8,-0.4892776356310307
7273.200000000001,-1.3377427846743806
7273.6,0.36827970789835734
7274.0,-5.316319465738472
7274.400000000001,-6.509284015907668
7274.8,-2.2675657808653424
7275.200000000001,-0.9672648611045005
7275.6,22.584574634524547
7276.0,1.7579982830049925
7276.400000000001,-11.774639881050398
7276.8,-0.36048861553840295
7277.200000000001,3.2557214812583704
7277.6,-14.860316328624519
7278.0,8.402330058361143
7278.400000000001,1.830024706142501
7278.8,2.581075159962813
7279.200000000001,-0.1275211675429267
7279.6,-3.092565911562302
7280.0,12.706168451285023
7280.400000000001,-2.1878992234386803
7280.8,2.8510582314011064
7281.200000000001,0.2385150088772921
7281.6,1.0692374704197176
7282.0,2.370179410275202
7282.400000000001,9.297969118849165
7282.8,14.1841996563395
7283.200000000001,4.736361910002873
7283.6,8.508327921442081
7284.0,-2.227951244631477
7284.400000000001,-4.809492801198282
7284.8,-2.6777419361599324
7285.200000000001,0.2083026971806554
7285.6,4.001011305731304
7286.0,-1.9236884639600074
7286.400000000001,1.231893110305121
7286.8,4.813128571817791
7287.200000000001,1.327963795886658
7287.6,-1.4951824277273404
7288.0,4.708171420180179
7288.400000000001,4.493316494240508
7288.8,-3.675840584334109
7289.200000000001,7.738405306202788
7289.6,1.9687865947780334
7290.0,-5.629237734046839
7290.400000000001,-1.9269182329643715
7290.8,4.085667898714016
7291.200000000001,-2.7923192967183894
7291.6,0.12964781160687464
7292.0,0.6097803111798219
7292.400000000001,15.775227682402788
7292.8,-3.5977828923823303
7293.200000000001,0.27175940332334547
7293.6,1.8117804410803915
7294.0,1.3989450247472102
7294.400000000001,-6.4950774273755485
7294.8,2.922276888524453
7295.200000000001,5.561049526484009
7295.6,0.5343843582282655
7296.0,4.255424060174302
7296.400000000001,12.437098922594682
7296.8,-3.391330337542377
7297.200000000001,-1.2608082027890495
7297.6,-0.519637208411473
7298.0,3.3059949061168528
7298.400000000001,-3.3148358458057054
7298.8,-3.410854012829852
7299.200000000001,-4.317855119861805
7299.6,3.6958641688510574
7300.0,2.7759013221792466
7300.400000000001,-6.775417589779585
7300.8,-23.294080655091136
7301.200000000001,1.2350718269915426
7301.6,-2.3496089387773407
7302.0,11.461226636753645
7302.400000000001,5.933437918781211
7302.8,-6.541485777880377
7303.200000000001,-8.04397690964225
7303.6,-4.584057033191172
7304.0,-8.978030142421574
7304.400000000001,-1.5987796606971667
7304.8,-2.513176261599717
7305.200000000001,2.3626228089670147
7305.6,0.8677472405941795
7306.0,-2.125160207721645
7306.400000000001,-7.2962453843445445
7306.8,3.1666644491752023
7307.200000000001,0.611419105327234
7307.6,-1.5506482247067628
7308.0,-4.873726007405359
7308.400000000001,7.6540902294052096
7308.8,15.344074154638479
7309.200000000001,-8.373961830552087
7309.6,-1.3203353443489587
7310.0,9.413905707701574
7310.400000000001,-2.6085669845225494
7310.8,-8.357659700069762
7311.200000000001,2.3215060237469456
7311.6,-6.637475106583343
7312.0,2.1814201734081946
7312.400000000001,2.495494360883376
7312.8,2.9184500187861766
7313.200000000001,-9.483959272310203
7313.6,-6.6820140746425505
7314.0,8.931563656046535
7314.400000000001,-4.408031979679995
7314.8,-1.3353655385046554
7315.200000000001,13.026624144611878
7315.6,4.6071518925597665
7316.0,-4.9611503061279105
7316.400000000001,-2.8197441975635873
7316.8,0.9013644628466475
7317.200000000001,0.0009711951281291228
7317.6,13.708878279201544
7318.0,-0.06608493353536286
7318.400000000001,-0.06531106747768427
7318.8,0.8223564245591308
7319.200000000001,1.2766712771937732
7319.6,-4.600793759358846
7320.0,4.960950506384473
7320.400000000001,0.1517140476025633
7320.8,-17.00019479112994
7321.200000000001,3.6428056890444744
7321.6,-0.6103830714457157
7322.0,-4.285378284518015
7322.400000000001,-4.971043020144932
7322.8,7.78635037203677
7323.200000000001,-1.6115608070527903
7323.6,3.1798487169677294
7324.0,-5.93419852873077
7324.400000000001,2.1117342996867707
7324.8,-19.695253848537803
7325.200000000001,2.7077259794369097
7325.6,3.253195154299669
7326.0,-4.445059254225237
7326.400000000001,-0.6068940389048925
7326.8,-2.431810364728016
7327.200000000001,12.664056659976897
7327.6,0.7249277462423851
7328.0,-3.2001345830737042
7328.400000000001,-2.0862368523951837
7328.8,2.2573883638860726
7329.200000000001,0.5902668894758463
7329.6,-4.290648356999968
7330.0,-2.0880639790532767
7330.400000000001,2.4731295542964187
7330.8,-0.5559954457397854
7331.200000000001,-3.4151488297833237
7331.6,3.5786969286511523
7332.0,-0.9807439643335775
7332.400000000001,-4.037449854563065
7332.8,-2.0247024145667236
7333.200000000001,-9.076686212758624
7333.6,0.07173448142751428
7334.0,5.529412813316867
7334.400000000001,-2.65793823252249
7334.8,1.3696444866779296
7335.200000000001,4.512587960683438
7335.6,-2.367419215216202
7336.0,-0.5090559475629668
7336.400000000001,-2.156267714273904
7336.8,-3.0274226639121493
7337.200000000001,4.792198395459966
7337.6,-3.8035691614745066
7338.0,5.409171753283516
7338.400000000001,1.4007582780504044
7338.8,-0.2321711654287531
7339.200000000001,-1.1167078821818488
7339.6,-5.850079712584625
7340.0,-0.23066342762110933
7340.400000000001,1.975945520689222
7340.8,3.8752170049560215
7341.200000000001,-0.06067450173368071
7341.6,-2.2076194529942774
7342.0,-1.9390401172396798
7342.400000000001,0.5482426095306988
7342.8,-6.52874837231323
7343.200000000001,-7.236202466324039
7343.6,2.82679125206384
7344.0,5.996415462737143
7344.400000000001,2.088871711270121
7344.8,14.820028890239534
7345.200000000001,-3.6554777195299764
7345.6,-0.981413073240524
7346.0,-7.838372481542387
7346.400000000001,-0.033731355483377946
7346.8,4.699941139893962
7347.200000000001,-3.620587524791772
7347.6,-5.170558492447254
7348.0,0.43971160666499653
7348.400000000001,-6.310055863539508
7348.8,0.857238547959947
7349.200000000001,-5.359109253328375
7349.6,1.1543567941314257
7350.0,-3.3579498335470785
7350.400000000001,-0.6140013066740138
7350.8,8.8564107871744
7351.200000000001,-8.658555484566673
7351.6,7.29944414105097
7352.0,-2.130839168047354
7352.400000000001,0.026872165618712345
7352.8,-8.84322189987275
7353.200000000001,-2.442978692279674
7353.6,7.351431672399578
7354.0,0.5881410679735368
7354.400000000001,-5.38217839601303
7354.8,-3.607085314752223
7355.200000000001,-9.140757670421245
7355.6,-1.6908317043265808
7356.0,1.7150565098910726
7356.400000000001,1.555509218746771
7356.8,-3.1171222024005947
7357.200000000001,4.675346207321446
7357.6,1.1127223981609804
7358.0,-4.0245569135049735
7358.400000000001,3.5645255880417515
7358.8,-4.01434172338873
7359.200000000001,0.08938933157095123
7359.6,-4.150451204209151
7360.0,-3.6135136080162122
7360.400000000001,-1.6101733813975199
7360.8,0.8822466327738975
7361.200000000001,-4.929867075558634
7361.6,4.269129097849207
7362.0,-0.05284943173546854
7362.400000000001,4.038430973969993
7362.8,1.1294573991951604
7363.200000000001,4.43657692842611
7363.6,-2.0216191763909945
7364.0,-4.741618750194406
7364.400000000001,-5.360257925377474
7364.8,-1.6166536561143152
7365.200000000001,-0.2141091533403576
7365.6,4.041744340001041
7366.0,-0.5846336706252084
7366.400000000001,4.344363953104397
7366.8,-3.9307990656723497
7367.200000000001,-13.28485119949994
7367.6,5.226728634717296
7368.0,-12.68336486002465
7368.400000000001,-2.472192300285327
7368.8,0.10610552646912447
7369.200000000001,0.8357909791092155
7369.6,-4.404012578609398
7370.0,-3.6130671499116263
7370.400000000001,3.785722054248859
7370.8,-2.0596229945738354
7371.200000000001,2.30653566315533
7371.6,-4.439284269443858
7372.0,16.2157968234445
7372.400000000001,-3.3854600437375586
7372.8,1.273683061215193
7373.200000000001,-7.01478046497393
7373.6,-2.608579784662777
7374.0,-2.043693411013858
7374.400000000001,-11.759361582577233
7374.8,14.210296377261082
7375.200000000001,-4.1777696982234
7375.6,4.123310324380059
7376.0,-1.5500295794903765
7376.400000000001,2.185560028709562
7376.8,-1.2482116199066715
7377.200000000001,-0.4477440054456328
7377.6,6.933952714229371
7378.0,2.970672562273273
7378.400000000001,-2.312797257682214
7378.8,-3.0905078134806434
7379.200000000001,1.5058751568497137
7379.6,6.2912001818028855
7380.0,1.074053214682928
7380.400000000001,-2.849829604693079
7380.8,2.1726019801144796
7381.200000000001,1.5605354186770235
7381.6,0.4702304157424045
7382.0,-9.294515647633986
7382.400000000001,5.8660050149436485
7382.8,-1.6523515354163143
7383.200000000001,-7.367621594443131
7383.6,-6.568529275238722
7384.0,5.798681058975211
7384.400000000001,-1.3091108682156292
7384.8,3.1138894887477555
7385.200000000001,3.9027301121625606
7385.6,-11.75687243911078
7386.0,-6.4371358963296945
7386.400000000001,1.3107358465138357
7386.8,9.273662796581185
7387.200000000001,-4.27270269593862
7387.6,3.363909480748975
7388.0,0.44615293394654615
7388.400000000001,-7.609758674157732
7388.8,-5.6193950157896015
7389.200000000001,-5.9414618104148085
7389.6,-0.6771254198794707
7390.0,-3.454203721252538
7390.400000000001,1.9300236582829395
7390.8,-0.6587311017852997
7391.200000000001,1.3632150466462827
7391.6,5.133488206202669
7392.0,-8.963352905891481
7392.400000000001,-1.8551107487327225
7392.8,-2.9095711864185247
7393.200000000001,-0.24204635118178094
7393.6,3.1923821652096134
7394.0,0.3285754064167517
7394.400000000001,-3.200572315721124
7394.8,4.846983858941653
7395.200000000001,-5.67491231323026
7395.6,1.5608887105452514
7396.0,2.647584974516315
7396.400000000001,-1.104476961045938
7396.8,-0.47690792415892613
7397.200000000001,5.284953469276795
7397.6,-2.5772168317273083
7398.0,-15.106821220425658
7398.400000000001,2.0218419240061607
7398.8,3.3424856930517786
7399.200000000001,1.9698789782434514
7399.6,-17.740360554259734
7400.0,1.2101120031409005
7400.400000000001,-2.7193139911157234
7400.8,-14.803636574732497
7401.200000000001,10.25549153205975
7401.6,-2.3625421288417354
7402.0,-2.6334923715598144
7402.400000000001,-1.1124933922716151
7402.8,0.9268704752785608
7403.200000000001,0.20749619799872093
7403.6,0.5794656510613461
7404.0,0.026236282980541505
7404.400000000001,-9.76739923989414
7404.8,19.559533854525284
7405.200000000001,0.6639529097857743
7405.6,3.8686713687590517
7406.0,3.4261848309042904
7406.400000000001,-3.3090613882382507
7406.8,0.9013388920903197
7407.200000000001,-1.3264026509972693
7407.6,2.5230325947287264
7408.0,3.7066785196225793
7408.400000000001,3.083883444624968
7408.8,3.0556215232319293
7409.200000000001,1.3124348140327988
7409.6,-2.9011877198161233
7410.0,-2.8670076236018787
7410.400000000001,1.0933404925834378
7410.8,-10.789067247020114
7411.200000000001,4.837156817607111
7411.6,-1.5249690436914918
7412.0,-4.302906193903249
7412.400000000001,-13.286292849801821
7412.8,-2.6816603806470676
7413.200000000001,0.7603011407370174
7413.6,-24.078431913678035
7414.0,9.372709556341846
7414.400000000001,-3.7231776795162297
7414.8,-9.619957660593174
7415.200000000001,4.359467789391477
7415.6,-0.48958565296780376
7416.0,8.792507096807395
7416.400000000001,9.324336540327996
7416.8,6.416251720071211
7417.200000000001,6.72730758676781
7417.6,-0.9490593650891135
7418.0,-2.9073291383278645
7418.400000000001,0.47711695781929625
7418.8,-7.60040987543066
7419.200000000001,-0.15307209536701427
7419.6,-1.5232459971718157
7420.0,-2.6644088662344934
7420.400000000001,-8.383898935274297
7420.8,-20.212663576515048
7421.200000000001,0.26244448063622994
7421.6,-2.5975685747375383
7422.0,-2.111839578483306
7422.400000000001,-2.0886532327881033
7422.8,2.9857046846984026
7423.200000000001,-0.6164368638370822
7423.6,3.426892696618658
7424.0,1.946632049857997
7424.400000000001,4.462992487695312
7424.8,-8.977833916438565
7425.200000000001,7.089035429018454
7425.6,-3.31236917698639
7426.0,8.862333555209998
7426.400000000001,0.1832330015560415
7426.8,6.261267239505752
7427.200000000001,0.048016413398501295
7427.6,-8.099026976030272
7428.0,1.3244582156564009
7428.400000000001,-1.3026794533467494
7428.8,0.21534546781433972
7429.200000000001,-1.6022283785051294
7429.6,-3.092430964696904
7430.0,-2.6331177501705225
7430.400000000001,-5.5082350255151855
7430.8,8.767683814250777
7431.200000000001,0.6057909593888124
7431.6,6.858307511972409
7432.0,0.718039166544774
7432.400000000001,-15.962078253401739
7432.8,-3.2221153589832534
7433.200000000001,20.854190419043093
7433.6,-4.903721426052364
7434.0,-2.986050800325646
7434.400000000001,-0.43504829240588183
7434.8,2.1921351989766786
7435.200000000001,1.4848882720922465
7435.6,7.09874703936838
7436.0,-0.9271063669158217
7436.400000000001,-10.488988745733852
7436.8,5.436069139824817
7437.200000000001,5.436465082281239
7437.6,3.0936709463188707
7438.0,-1.2873317741269297
7438.400000000001,1.1052102606730994
7438.8,1.5239293568707057
7439.200000000001,-2.863623316159753
7439.6,-6.448238770881626
7440.0,7.259004869363311
7440.400000000001,-1.4391197036305088
7440.8,1.850368519379742
7441.200000000001,0.07408389333255747
7441.6,-0.12573690692241432
7442.0,1.0435887824252637
7442.400000000001,8.631756061547065
7442.8,-0.6942028103588755
7443.200000000001,-2.6989348383382614
7443.6,5.211074703472636
7444.0,16.749144029071253
7444.400000000001,-1.4407373199401503
7444.8,-6.410715330452383
7445.200000000001,-1.1819687788599516
7445.6,-5.639563186254499
7446.0,-7.184929741472223
7446.400000000001,0.45010564911406864
7446.8,-5.773542348268242
7447.200000000001,0.926361301122558
7447.6,8.74341574575949
7448.0,6.728804696246673
7448.400000000001,1.4367139927454424
7448.8,-3.3596337487703014
7449.200000000001,3.4896663363861755
7449.6,0.07675159179787022
7450.0,9.39590309182287
7450.400000000001,3.461282141150635
7450.8,2.7132862352206772
7451.200000000001,0.9341910232451872
7451.6,5.623346704540282
7452.0,-9.697489973446077
7452.400000000001,2.464618654734108
7452.8,0.48047743121770337
7453.200000000001,13.720811061332771
7453.6,0.21645049805832375
7454.0,-4.24256283955965
7454.400000000001,-9.119960760654303
7454.8,-6.865340093270728
7455.200000000001,2.9214535349023656
7455.6,-3.6807617466356306
7456.0,1.6963923110271417
7456.400000000001,-1.6169195425132366
7456.8,0.6337415379325583
7457.200000000001,1.555388396252681
7457.6,-16.78158304097545
7458.0,-1.78624512844157
7458.400000000001,-3.484201555420601
7458.8,-1.336400117192837
7459.200000000001,9.041405439401403
7459.6,9.102673339685344
7460.0,-17.104568020133577
7460.400000000001,-1.4639097655080677
7460.8,-4.146354158136966
7461.200000000001,-5.191650901029528
7461.6,5.888486189730669
7462.0,7.2689219533590474
7462.400000000001,0.40115918495077957
7462.8,-0.21075021510683584
7463.200000000001,-2.501259727462453
7463.6,1.8080022281476178
7464.0,-3.0767479148785477
7464.400000000001,-3.4201513037239675
7464.8,-7.863494704117921
7465.200000000001,30.555922736533137
7465.6,-0.3527749305529268
7466.0,3.7455198568619426
7466.400000000001,-5.1127003998516045
7466.8,1.6475827627794888
7467.200000000001,-1.8718902982958918
7467.6,-3.46561101423506
7468.0,-3.42866226982805
7468.400000000001,4.301082749551143
7468.8,2.0106785139011754
7469.200000000001,7.72163914069004
7469.6,13.598179696968227
7470.0,-0.8221942855118924
7470.400000000001,-0.6796313207073497
7470.8,0.6382349489175274
7471.200000000001,-10.931982734451928
7471.6,-11.077855675132735
7472.0,9.54578705520221
7472.400000000001,2.7988929493348413
7472.8,4.359141232122183
7473.200000000001,-6.4698855344840265
7473.6,2.0734132647875403
7474.0,-0.7109658951417841
7474.400000000001,-3.3732742664267668
7474.8,-8.108000161036852
7475.200000000001,9.293123610632797
7475.6,0.9048006055353306
7476.0,5.780140236440463
7476.400000000001,-7.803839773287553
7476.8,0.061505228872943574
7477.200000000001,4.183630907228676
7477.6,-4.813708998851594
7478.0,-7.383576887407371
7478.400000000001,0.7149698580570628
7478.8,-11.850830334446448
7479.200000000001,-2.9601685150786867
7479.6,1.256259695629557
7480.0,0.10795777091300005
7480.400000000001,-7.270986898211065
7480.8,6.600853936556305
7481.200000000001,2.780700517344008
7481.6,-8.292762901150276
7482.0,3.007294989881867
7482.400000000001,0.8415576557700795
7482.8,-2.5099011336800325
7483.200000000001,-4.382816217260457
7483.6,-7.017952902678999
7484.0,4.801767612855568
7484.400000000001,-3.094759089131487
7484.8,-6.935646556121247
7485.200000000001,-7.43043280141592
7485.6,-8.726158096852698
7486.0,0.5739307671650381
7486.400000000001,-0.6317329791557138
7486.8,3.471577087438495
7487.200000000001,0.6227988614828405
7487.6,3.0166503479007307
7488.0,8.00515405344238
7488.400000000001,-4.4599582527713135
7488.8,-15.964496728351518
7489.200000000001,-2.7971826650325973
7489.6,-3.2954420316358624
7490.0,0.1912623286171744
7490.400000000001,3.1736471376632833
7490.8,-1.332375988626481
7491.200000000001,1.8641860525705722
7491.6,-19.30995719008157
7492.0,7.518471541023912
7492.400000000001,2.4535865729451234
7492.8,0.6107517847818186
7493.200000000001,2.1888410603331625
7493.6,-5.442569517461796
7494.0,-9.224157875935056
7494.400000000001,-14.236241502219125
7494.8,4.936102059353776
7495.200000000001,-1.4620248167787455
7495.6,1.143797131008701
7496.0,10.21539829372298
7496.400000000001,1.2152916994846408
7496.8,0.30338931570820876
7497.200000000001,3.7971374752226468
7497.6,3.8950543853405115
7498.0,-1.8452576513993415
7498.400000000001,-7.192412293286087
7498.8,-4.694808376748305
7499.200000000001,-3.573839943667856
7499.6,-15.611531087843408
7500.0,2.260162080946299
7500.400000000001,-4.427267055893426
7500.8,-0.5511116805562108
7501.200000000001,-4.06472080496076
7501.6,-8.687821142869197
7502.0,1.8112372890461703
7502.400000000001,-0.9679842932243837
7502.8,2.5424698907482353
7503.200000000001,-2.8214069963684167
7503.6,-2.528410184468681
7504.0,3.341956092513161
7504.400000000001,-6.1345164075677445
7504.8,-3.852895789568032
7505.200000000001,11.502653014375001
7505.6,-10.159475655465313
7506.0,0.7227291877592465
7506.400000000001,1.6671486769680905
7506.8,5.435614285212954
7507.200000000001,7.497667488603557
7507.6,2.62097858270977
7508.0,-3.822037300860411
7508.400000000001,2.655328333721154
7508.8,-5.1460426265962775
7509.200000000001,-2.0694593585348104
7509.6,-3.8460343321984136
7510.0,-3.1239053058039707
7510.400000000001,3.7895459348771547
7510.8,1.4164809046788307
7511.200000000001,1.8612099404683369
7511.6,0.327897967429404
7512.0,-0.0828010516748644
7512.400000000001,5.711872699174431
7512.8,-1.2732383723920402
7513.200000000001,3.2437047207551806
7513.6,8.536561419004569
7514.0,1.6906167817990394
7514.400000000001,2.5844358743994262
7514.8,16.295313925320258
7515.200000000001,7.626604152449286
7515.6,1.0214906973743296
7516.0,0.7634421989255584
7516.400000000001,-2.6594189006916213
7516.8,5.668688256714821
7517.200000000001,-2.7264813915004735
7517.6,-1.2159669228279153
7518.0,-3.9663247003062807
7518.400000000001,-1.6135739483181208
7518.8,0.30153363674144423
7519.200000000001,0.016526929821236845
7519.6,3.4605540445642062
7520.0,-5.69186063852102
7520.400000000001,-5.609521320378433
7520.8,-9.85075954287532
7521.200000000001,-10.70935090360244
7521.6,0.4227759146038513
7522.0,4.443057532710229
7522.400000000001,-6.878268197609416
7522.8,0.20322630192900448
7523.200000000001,-0.35961805555076254
7523.6,1.8347199383204862
7524.0,-2.5946538882718704
7524.400000000001,10.621386611264928
7524.8,-3.6297097851730014
7525.200000000001,1.743641294605465
7525.6,-7.937941583739358
7526.0,2.073118247408595
7526.400000000001,-0.40604987295535994
7526.8,-0.7927455803307472
7527.200000000001,0.25618952858789906
7527.6,-2.901579711511802
7528.0,3.6278446482430713
7528.400000000001,0.30709915945261523
7528.8,-1.1321239008839514
7529.200000000001,13.107182572895459
7529.6,6.431568386088662
7530.0,8.520539378481113
7530.400000000001,-3.783224682475042
7530.8,0.9834308159572414
7531.200000000001,-0.13841619963482749
7531.6,7.652946754243118
7532.0,-1.501105303243127
7532.400000000001,-1.746726231972695
7532.8,9.085537141096701
7533.200000000001,-3.0592551784292277
7533.6,-0.6833513292856523
7534.0,-3.0352889997414167
7534.400000000001,6.492842511051458
7534.8,-0.7011019220350402
7535.200000000001,-8.256417492600566
7535.6,-9.79662324835234
7536.0,8.754418474773614
7536.400000000001,-1.435762716425848
7536.8,-4.541010097546126
7537.200000000001,-2.4418218556007716
7537.6,-0.5465696237026714
7538.0,11.998664255039914
7538.400000000001,1.970355467113904
7538.8,11.095551387625001
7539.200000000001,2.8871806985714854
7539.6,3.803889363577042
7540.0,5.334582744511592
7540.400000000001,-1.4479971894517976
7540.8,-6.406594785890418
7541.200000000001,-3.7327514128528447
7541.6,-5.190597167378874
7542.0,-1.7842839139369915
7542.400000000001,-8.674494338563797
7542.8,-2.1312073979878727
7543.200000000001,25.9328703195148
7543.6,2.2533424149758305
7544.0,-4.3230654713623204
7544.400000000001,5.315071683522426
7544.8,11.240873809022611
7545.200000000001,-2.9853432014080306
7545.6,-3.0911369826306485
7546.0,2.587645714639427
7546.400000000001,-10.39844461835884
7546.8,-1.7941073236301428
7547.200000000001,-3.0424649012988727
7547.6,-1.8039671514184281
7548.0,-5.406054284567478
7548.400000000001,13.140389475096104
7548.8,2.411906755815685
7549.200000000001,4.9766201647868185
7549.6,-0.14298147355315907
7550.0,10.369664155647108
7550.400000000001,-3.7603489873913274
7550.8,6.717004400127122
7551.200000000001,-7.14688931830092
7551.6,-0.21641365021436737
7552.0,16.944040099165562
7552.400000000001,10.924893284184956
7552.8,2.8749442877241727
7553.200000000001,14.73570051412894
7553.6,-4.750574474816204
7554.0,5.1442921891046245
7554.400000000001,-0.012247996848347034
7554.8,14.380174477303209
7555.200000000001,15.626152549976906
7555.6,4.097400296103495
7556.0,0.983995760705765
7556.400000000001,-0.025899535656855502
7556.8,-8.527282177157517
7557.200000000001,-2.220698473379584
7557.6,-5.709679606937735
7558.0,8.39358489616766
7558.400000000001,4.820619107451286
7558.8,-4.2707217357740515
7559.200000000001,-2.7685727520311443
7559.6,2.0964285668074893
7560.0,9.841976091502996
7560.400000000001,-2.6862866019279164
7560.8,0.7248742190354476
7561.200000000001,1.711831344334886
7561.6,-2.966554000284462
7562.0,-12.63500528607863
7562.400000000001,0.8103251530507716
7562.8,1.3930659684616054
7563.200000000001,-1.5570838068803008
7563.6,-0.5815183838096045
7564.0,-0.2109706483226609
7564.400000000001,7.607872171617477
7564.8,-1.7552783728080192
7565.200000000001,-0.3325724593136843
7565.6,2.7230476252216795
7566.0,7.929723463795572
7566.400000000001,8.645946672961395
7566.8,-1.455928809901563
7567.200000000001,2.673609738311438
7567.6,-8.70498424837351
7568.0,-0.6471109612259291
7568.400000000001,-0.8659513749196892
7568.8,-1.2343979585810763
7569.200000000001,-3.93097560488491
7569.6,-8.182130266297783
7570.0,4.28109742915492
7570.400000000001,1.8590383933846466
7570.8,-0.8176987418028743
7571.200000000001,-2.819077907330591
7571.6,0.08480202123622084
7572.0,-2.7718813633792077
7572.400000000001,-5.80654460223029
7572.8,2.691885646653569
7573.200000000001,-6.001301178258355
7573.6,1.1688935931110958
7574.0,-6.353546217449707
7574.400000000001,2.675633092132956
7574.8,1.2415310358137917
7575.200000000001,3.673807223134192
7575.6,2.7378026674794076
7576.0,-13.873745586592353
7576.400000000001,5.908275452797352
7576.8,8.146359511813046
7577.200000000001,-4.571115955510756
7577.6,2.687127019826548
7578.0,3.6976318784255264
7578.400000000001,8.599204928179327
7578.8,-2.43759066567712
7579.200000000001,4.833468236352847
7579.6,-2.1272229952937565
7580.0,-5.811881644783381
7580.400000000001,4.434054586260031
7580.8,-8.342715832119914
7581.200000000001,-4.4638508421059155
7581.6,-3.392616970265601
7582.0,-1.9946977088614484
7582.400000000001,-11.862804849943595
7582.8,-9.285956147792954
7583.200000000001,11.306586285926794
7583.6,-4.577509449818295
7584.0,-0.601584754852647
7584.400000000001,5.905409185814358
7584.8,-1.7746670674470568
7585.200000000001,15.369250040690062
7585.6,-2.89859610065072
7586.0,-0.5194167671478263
7586.400000000001,6.386083370920437
7586.8,6.138353910098912
7587.200000000001,0.5830445248120323
7587.6,-1.800004574963733
7588.0,-0.3002411036245438
7588.400000000001,3.7114306365137124
7588.8,-7.0504609743595985
7589.200000000001,4.359851320094263
7589.6,-1.9166530169510518
7590.0,-4.615063709213679
7590.400000000001,-17.886022754893492
7590.8,1.6766881276347974
7591.200000000001,10.480081070429193
7591.6,-14.509097586785465
7592.0,-4.63047777085068
7592.400000000001,-2.71959967118722
7592.8,-3.218014230212283
7593.200000000001,5.988302222142499
7593.6,-0.09450896511077703
7594.0,9.735772350230611
7594.400000000001,3.410272496801797
7594.8,-1.8235105334864024
7595.200000000001,-4.9129281088249845
7595.6,-8.406948594462104
7596.0,0.6964340662001783
7596.400000000001,1.5591946153886078
7596.8,-3.559377651283713
7597.200000000001,-9.448814602187223
7597.6,0.41597007915389955
7598.0,-9.191637599311777
7598.400000000001,-6.305818955725728
7598.8,3.914397048905415
7599.200000000001,-5.06271560689787
7599.6,-0.47326736968159555
7600.0,-2.548767071129279
7600.400000000001,-11.546518963373716
7600.8,0.3524999916844227
7601.200000000001,-6.065346003517621
7601.6,-5.924801968364033
7602.0,-0.8162993025496452
7602.400000000001,3.958726749687999
7602.8,4.532801228180018
7603.200000000001,-0.12374484688763993
7603.6,-1.5478877381260863
7604.0,-2.5413603922986394
7604.400000000001,3.9478562040877305
7604.8,6.4454010351436075
7605.200000000001,3.319815661600349
7605.6,-6.867617919503115
7606.0,-0.8503616633363693
7606.400000000001,6.718825088197996
7606.8,-0.2614355745971422
7607.200000000001,2.756792125676194
7607.6,-0.4221254315585935
7608.0,-2.2957050192419617
7608.400000000001,8.937324354178415
7608.8,8.4299961937144
7609.200000000001,-8.052892997419143
7609.6,8.357381543522282
7610.0,0.39134365275998306
7610.400000000001,4.875039079145605
7610.8,-3.769676355644555
7611.200000000001,-2.316994517479211
7611.6,0.8387569411047546
7612.0,11.761926602591597
7612.400000000001,4.599447253198857
7612.8,3.454329316983819
7613.200000000001,-3.0289761146149994
7613.6,-2.657082747592931
7614.0,2.5737293930892124
7614.400000000001,0.8607766177861167
7614.8,0.03287294645903439
7615.200000000001,-2.1318936747868924
7615.6,-5.33436097593377
7616.0,-1.606534925723704
7616.400000000001,-2.7132323357066443
7616.8,10.007705533326462
7617.200000000001,3.442319307903209
7617.6,-6.75789051532499
7618.0,2.4675346608682984
7618.400000000001,-1.169512922851654
7618.8,2.513962161469414
7619.200000000001,-0.4150636715723013
7619.6,7.949190330808829
7620.0,-2.0508038551644137
7620.400000000001,0.521125802179948
7620.8,-2.0592669504546586
7621.200000000001,-3.33524666257456
7621.6,-1.859962884106832
7622.0,-0.9181413813015822
7622.400000000001,3.4238491181129342
7622.8,-9.350276399047104
7623.200000000001,-0.7529392944632861
7623.6,-5.627429207374634
7624.0,-0.8532155297172556
7624.400000000001,-11.646382418609615
7624.8,-2.443918657508851
7625.200000000001,0.2843518231252878
7625.6,-4.499898374343968
7626.0,-6.327697000169341
7626.400000000001,0.28936380686643887
7626.8,-4.046799796502453
7627.200000000001,-2.944432477010801
7627.6,-1.7257472579363577
7628.0,0.9697262261859165
7628.400000000001,-16.63443826105774
7628.8,4.253303096001985
7629.200000000001,3.47694447082991
7629.6,4.690235438605323
7630.0,0.24685262139811395
7630.400000000001,-0.5376203898357765
7630.8,0.49263372252254756
7631.200000000001,-4.093548858404328
7631.6,6.758689604177663
7632.0,7.763761984762313
7632.400000000001,9.745446882783359
7632.8,4.7445675034783115
7633.200000000001,-6.567039297363974
7633.6,8.887701940402842
7634.0,1.3908172122995055
7634.400000000001,20.970024520943518
7634.8,1.597821445846666
7635.200000000001,3.3094607360437838
7635.6,4.146289264053717
7636.0,13.646611726480458
7636.400000000001,0.6606241334222775
7636.8,5.216007506945166
7637.200000000001,5.002490902010143
7637.6,-4.331886076197791
7638.0,1.6514877860819537
7638.400000000001,-5.127944725359295
7638.8,2.93402783517901
7639.200000000001,-1.435044205320935
7639.6,-1.875092571730914
7640.0,4.562956910832544
7640.400000000001,2.9291774289087447
7640.8,-0.30270997025848073
7641.200000000001,2.5699651718840553
7641.6,5.340203854325928
7642.0,9.403844524623354
7642.400000000001,-0.23208903366642827
7642.8,0.1522751190823459
7643.200000000001,4.095864090363715
7643.6,-6.265153854464658
7644.0,-1.6026993227082598
7644.400000000001,3.3562852383795976
7644.8,-7.419090584252375
7645.200000000001,-7.020493602252111
7645.6,7.006874690399155
7646.0,10.596837993006327
7646.400000000001,5.156690468394409
7646.8,-1.2129434791842728
7647.200000000001,3.7030479025922673
7647.6,-20.85036286292774
7648.0,-1.4608524049790061
7648.400000000001,5.019520067949347
7648.8,-0.24039682859111872
7649.200000000001,-2.4195140027712227
7649.6,0.5599800122709029
7650.0,8.310622546388004
7650.400000000001,-2.3435886794282372
7650.8,-10.82120941196161
7651.200000000001,-5.524120316561717
7651.6,2.9689318638639466
7652.0,-5.74743570492751
7652.400000000001,-6.298360742585184
7652.8,-13.02790005292875
7653.200000000001,0.700644040655007
7653.6,-4.655911177049543
7654.0,6.680387149701596
7654.400000000001,-0.5559684284055557
7654.8,-1.142167505109177
7655.200000000001,-2.2263641277993957
7655.6,-2.8541969085187864
7656.0,1.3127154463930721
7656.400000000001,-2.628916595520385
7656.8,-1.062892693108689
7657.200000000001,-5.807033889143847
7657.6,15.914928297389242
7658.0,0.11184756385667459
7658.400000000001,2.7877426423195106
7658.8,-13.35572260254148
7659.200000000001,-2.774053352228517
7659.6,2.565830579145414
7660.0,-0.30978756973346944
7660.400000000001,-6.794020089680792
7660.8,1.4840990647164998
7661.200000000001,2.806389762744441
7661.6,3.0953876373880367
7662.0,4.477045946658948
7662.400000000001,5.326654558136492
7662.8,-7.620760653702412
7663.200000000001,-2.0254903415811585
7663.6,4.636874667187046
7664.0,-0.6319119185561206
7664.400000000001,8.368477218100184
7664.8,-0.5474323361034465
7665.200000000001,2.995442931889236
7665.6,-1.3989297969974213
7666.0,-16.370564843524708
7666.400000000001,-5.011651282027937
7666.8,0.1996759932599261
7667.200000000001,12.128151077772621
7667.6,7.005247676432051
7668.0,-6.421561963392813
7668.400000000001,-14.239663956794997
7668.8,-19.588246979347993
7669.200000000001,1.6362506441966005
7669.6,0.016188197877346218
7670.0,-0.14399455565536212
7670.400000000001,-4.887329265947872
7670.8,6.59608240933185
7671.200000000001,-3.1506071316612987
7671.6,6.646627762403023
7672.0,0.5961033668667306
7672.400000000001,4.846501195496046
7672.8,-7.304520641807935
7673.200000000001,1.5364165550375577
7673.6,4.159165573134089
7674.0,-6.240095825273598
7674.400000000001,-14.88785565973538
7674.8,-1.411085258141043
7675.200000000001,4.228684821593135
7675.6,-0.96607057652265
7676.0,4.363834096440861
7676.400000000001,0.6875839784840296
7676.8,-2.3173111427569446
7677.200000000001,1.222777073670581
7677.6,-0.5739751028417419
7678.0,5.6007034118182455
7678.400000000001,12.01305321827956
7678.8,1.6430504991910335
7679.200000000001,6.551904402831148
7679.6,2.5888924104697635
7680.0,-3.4960596091726623
7680.400000000001,-10.75838337699909
7680.8,8.078259059287918
7681.200000000001,-2.217708985928211
7681.6,-13.410558550673656
7682.0,1.1847857805080584
7682.400000000001,-1.6709731213745052
7682.8,2.5487970096580463
7683.200000000001,0.011935124979088208
7683.6,0.8979393967554955
7684.0,-3.999393640612985
7684.400000000001,1.4563876378676825
7684.8,-0.565591818887898
7685.200000000001,-0.9371540911366459
7685.6,0.5053410309247417
7686.0,-0.27564630284354347
7686.400000000001,2.7132474603149657
7686.8,0.8133704458829727
7687.200000000001,-4.671039063873565
7687.6,3.7489076871474207
7688.0,-5.690675840386471
7688.400000000001,-1.0466720173461914
7688.8,-2.8295148661487577
7689.200000000001,-4.8230802128884696
7689.6,-29.674347444776025
7690.0,1.3620127231926697
7690.400000000001,-2.2070789719505526
7690.8,0.9446851173105189
7691.200000000001,-12.632533250114014
7691.6,4.975182519510012
7692.0,-0.5689209167992201
7692.400000000001,-1.582830705606346
7692.8,-1.3536689755615838
7693.200000000001,7.02135939169842
7693.6,-15.370723493798721
7694.0,-9.636018428172656
7694.400000000001,5.254393114831886
7694.8,-2.8036141697782218
7695.200000000001,7.764464209427453
7695.6,6.905530428265805
7696.0,-1.0441795388163346
7696.400000000001,3.508859932639963
7696.8,-10.020029816008893
7697.200000000001,-4.182389804338417
7697.6,9.708156251208885
7698.0,-10.137687864502622
7698.400000000001,5.162509829044254
7698.8,-6.387820630488665
7699.200000000001,-5.278277455379316
7699.6,-0.721215143453307
7700.0,-2.556531313418548
7700.400000000001,0.46351907334330256
7700.8,7.470772162149066
7701.200000000001,-0.32759645791597874
7701.6,2.5333025975655374
7702.0,2.221839368958216
7702.400000000001,0.09017800168720322
7702.8,8.734800846298977
7703.200000000001,-10.357859803250529
7703.6,1.3724823978827103
7704.0,12.858579243879404
7704.400000000001,-5.279303007385845
7704.8,-3.8558004157971624
7705.200000000001,-14.372347205367443
7705.6,-13.368247676170713
7706.0,-4.8302944565077315
7706.400000000001,3.3538575418700534
7706.8,2.372345222499677
7707.200000000001,2.7458529220985204
7707.6,-0.764217383862448
7708.0,-0.9235778386326198
7708.400000000001,0.2576868990764165
7708.8,-3.4751227333280954
7709.200000000001,-0.6005314363035873
7709.6,-7.098928567298875
7710.0,-2.3583008905704568
7710.400000000001,-4.63901055886291
7710.8,-2.7577670468478215
7711.200000000001,-0.756155781284752
7711.6,1.745391502947074
7712.0,-1.0066955938705329
7712.400000000001,-1.4469049730945225
7712.8,-3.0379329000696
7713.200000000001,-3.3576325909783655
7713.6,0.7110890714337896
7714.0,4.593649885055104
7714.400000000001,-1.4120265857542287
7714.8,-3.9698898293026503
7715.200000000001,1.6660667341212019
7715.6,-1.1754834384785653
7716.0,-4.606381625908338
7716.400000000001,-12.543223208875078
7716.8,-6.80204787519901
7717.200000000001,3.97616483602915
7717.6,4.736259418778898
7718.0,-1.2895023318189232
7718.400000000001,-9.666762542492561
7718.8,2.751475543339475
7719.200000000001,-6.816396941951995
7719.6,-6.515270638962278
7720.0,-1.8565387937230953
7720.400000000001,2.4615110982408797
7720.8,3.32554150056757
7721.200000000001,3.3234936584326964
7721.6,8.472134035389827
7722.0,-1.7676811793606935
7722.400000000001,-6.2781289388520864
7722.8,11.54484403689878
7723.200000000001,0.3948803103827972
7723.6,-2.43267615916884
7724.0,0.7268449142227339
7724.400000000001,3.6657096882581346
7724.8,-1.5490961189082528
7725.200000000001,-0.9459672044311924
7725.6,-3.472316177345966
7726.0,-2.8416073370570887
7726.400000000001,-2.905114340395165
7726.8,3.7768881229112017
7727.200000000001,4.817384499688871
7727.6,-11.741871631507612
7728.0,-1.4479146377996872
7728.400000000001,-10.293051954521683
7728.8,-2.300785185760664
7729.200000000001,3.3021059933575208
7729.6,-1.5700084053647332
7730.0,-5.9854365985096445
7730.400000000001,0.07418970054707716
7730.8,2.0487326633791096
7731.200000000001,5.012351998436511
7731.6,-5.610967505346914
7732.0,-2.2410997970394586
7732.400000000001,-10.868355525755728
7732.8,2.736719977312731
7733.200000000001,-0.571648387791188
7733.6,1.756104156170473
7734.0,-7.362681668463801
7734.400000000001,1.097629945685422
7734.8,1.0788024497344126
7735.200000000001,22.81949066644025
7735.6,16.456786508350675
7736.0,-1.8417653076554186
7736.400000000001,-1.4204064708170259
7736.8,-7.395713668727418
7737.200000000001,-0.39436804068417625
7737.6,-0.8194350293254138
7738.0,0.6282750823222955
7738.400000000001,4.127731923355227
7738.8,-5.898953173337389
7739.200000000001,5.529297892292174
7739.6,1.6491248056239796
7740.0,5.371750247700504
7740.400000000001,-4.755635460360138
7740.8,-3.1124567072007094
7741.200000000001,5.739041028344387
7741.6,0.9535277197716379
7742.0,-9.804348733679939
7742.400000000001,0.7386424917173524
7742.8,-0.10745339314343376
7743.200000000001,8.379478148101743
7743.6,-0.41101086759829997
7744.0,-13.735874191798711
7744.400000000001,0.22841064065002237
7744.8,-8.88541861967454
7745.200000000001,2.461374789061431
7745.6,-3.5614814195585054
7746.0,-0.5634384126983332
7746.400000000001,11.360259439873328
7746.8,-4.5962898578628195
7747.200000000001,3.1589416311554155
7747.6,2.5095161350192936
7748.0,-3.879401826852723
7748.400000000001,9.201410128482362
7748.8,1.570709023074933
7749.200000000001,-2.9358526976835293
7749.6,-15.957101108303522
7750.0,-12.577093896802115
7750.400000000001,6.601715668803823
7750.8,6.232723597408222
7751.200000000001,-0.9954832566864157
7751.6,4.706542343560588
7752.0,1.962749635595854
7752.400000000001,1.9993467257773716
7752.8,-1.384564424907111
7753.200000000001,0.1615633293862871
7753.6,0.056235163604980334
7754.0,-13.05573817129466
7754.400000000001,1.3629507042795472
7754.8,-6.99329401409432
7755.200000000001,-7.907784721939946
7755.6,-5.725261512307976
7756.0,-14.391438671544005
7756.400000000001,-5.740680582309929
7756.8,-3.7916745842554427
7757.200000000001,-0.019309869012731077
7757.6,-9.333679009182115
7758.0,-0.4744705012410817
7758.400000000001,1.794705697113665
7758.8,3.174657128893688
7759.200000000001,0.5953558245054532
7759.6,-14.123299273101921
7760.0,1.4283193934760827
7760.400000000001,-0.03309014432724035
7760.8,-5.402928715015881
7761.200000000001,-3.743360985080784
7761.6,-2.9800269178020082
7762.0,2.8937390612198373
7762.400000000001,-2.496609649563142
7762.8,1.7764416561929453
7763.200000000001,4.709224627776781
7763.6,-3.5976018758661232
7764.0,4.446656553260096
7764.400000000001,2.756280991409146
7764.8,-5.150309786730386
7765.200000000001,-0.9568768442895974
7765.6,-3.5853450299896563
7766.0,7.543043774585511
7766.400000000001,-7.803666964871121
7766.8,3.2887835115124275
7767.200000000001,-4.972399651164635
7767.6,-4.814781348950322
7768.0,-3.5978290823083157
7768.400000000001,-5.446435516676895
7768.8,-0.6764731481965625
7769.200000000001,-2.049380836047191
7769.6,10.482332658643745
7770.0,-9.383728783252467
7770.400000000001,5.534191831611638
7770.8,2.2660937086944157
7771.200000000001,-9.837103910187828
7771.6,-1.3580224839425568
7772.0,4.577818806497825
7772.400000000001,0.7785584696403527
7772.8,6.492439353388298
7773.200000000001,-10.568052736349669
7773.6,-1.6634470369564593
7774.0,-0.12334252478857577
7774.400000000001,-4.232629013764986
7774.8,-0.7306828477170821
7775.200000000001,2.8364734219984307
7775.6,3.0769757439814733
7776.0,1.8179038204538667
7776.400000000001,-1.9518255001869376
7776.8,1.3765619730979386
7777.200000000001,-2.446798230830393
7777.6,3.657239585659382
7778.0,-1.1863888937247966
7778.400000000001,12.014506708207715
7778.8,4.368379243184983
7779.200000000001,3.7002528999505717
7779.6,4.800805855967496
7780.0,-3.151807613681769
7780.400000000001,6.304497312652948
7780.8,1.218904634588819
7781.200000000001,6.667814086950447
7781.6,1.4208262184746663
7782.0,-0.14289712716261793
7782.400000000001,-3.194524549419986
7782.8,-0.5517672377845728
7783.200000000001,-0.6724990176104205
7783.6,9.453124697747889
7784.0,-3.898284009806585
7784.400000000001,2.6738876177197586
7784.8,1.7634656165234572
7785.200000000001,-4.886282682539296
7785.6,2.121132066990196
7786.0,-5.421546380638919
7786.400000000001,4.666666269125989
7786.8,6.416963664562391
7787.200000000001,-2.403977117102541
7787.6,-0.08887937590303001
7788.0,-10.040441817047228
7788.400000000001,2.306221034734936
7788.8,3.825174111409125
7789.200000000001,-4.743123926413196
7789.6,-4.994440694650139
7790.0,0.32958708644364176
7790.400000000001,6.805851614555639
7790.8,-16.166331050749285
7791.200000000001,-19.840414158579303
7791.6,-0.9353099926272203
7792.0,-6.8535552233831565
7792.400000000001,-10.814763890097547
7792.8,6.034481345229721
7793.200000000001,1.3114938363459148
7793.6,-11.047409914296114
7794.0,1.15732356055846
7794.400000000001,0.5361863821758294
7794.8,-1.8069005316768785
7795.200000000001,-2.2218424378096464
7795.6,-1.406117007441246
7796.0,-1.3795801320650707
7796.400000000001,0.9648355583618867
7796.8,-4.59576114526047
7797.200000000001,3.679315840520136
7797.6,-2.2160877806094237
7798.0,-0.4116288696831086
7798.400000000001,-12.59972799356537
7798.8,1.5980021009167196
7799.200000000001,-0.34498810700652927
7799.6,-8.148797368655474
7800.0,-10.706956675154442
7800.400000000001,-3.3271191490634733
7800.8,-1.9129064700267917
7801.200000000001,10.736958786699308
7801.6,6.578375832021375
7802.0,2.0023312101984945
7802.400000000001,-4.380150795249068
7802.8,-0.3228904124211709
7803.200000000001,-21.68900469530753
7803.6,-5.943485878975025
7804.0,-0.5043763006138272
7804.400000000001,2.7612967778243003
7804.8,7.934763347942029
7805.200000000001,2.116545274442981
7805.6,-7.807224727566968
7806.0,0.36838213780580076
7806.400000000001,-3.462877192019463
7806.8,2.3998364732586364
7807.200000000001,-2.327873650279807
7807.6,-0.36905798798767797
7808.0,-0.8964445332905766
7808.400000000001,-1.603895356116343
7808.8,-1.1211958088482488
7809.200000000001,-2.175683737289832
7809.6,5.6482210579478025
7810.0,-3.638871854540243
7810.400000000001,4.396302582777475
7810.8,-5.035064701809703
7811.200000000001,2.9302300874342
7811.6,7.169367884272882
7812.0,-6.466006843985826
7812.400000000001,-3.968200008783258
7812.8,3.6210343838851737
7813.200000000001,-5.178913555428091
7813.6,2.0628603400970533
7814.0,-5.365828427118105
7814.400000000001,-0.05032775837071522
7814.8,0.7193483895491971
7815.200000000001,-0.6954068593110841
7815.6,14.007566239041642
7816.0,7.3831045194109635
7816.400000000001,10.717102772965454
7816.8,-3.692690756271195
7817.200000000001,3.254054891404459
7817.6,1.244075757219323
7818.0,-1.9134686268710084
7818.400000000001,-5.010376726773983
7818.8,-7.076670662223464
7819.200000000001,3.9752511873023835
7819.6,1.635720295912816
7820.0,-13.15920974976812
7820.400000000001,-1.3983696955798277
7820.8,-0.6938807945736551
7821.200000000001,-3.69476945317889
7821.6,18.864422068188
7822.0,-7.4916001717064775
7822.400000000001,5.10287035258528
7822.8,-10.258342637359847
7823.200000000001,-12.381768633491294
7823.6,11.792834368164655
7824.0,0.38886839084139696
7824.400000000001,5.8195628146992835
7824.8,-10.990996224703107
7825.200000000001,1.928850504739109
7825.6,3.081216711199857
7826.0,-1.179482658811342
7826.400000000001,6.651475648502857
7826.8,4.4170045019630155
7827.200000000001,2.668153318866012
7827.6,0.2662285037154985
7828.0,-0.9529671176997936
7828.400000000001,3.307972815145443
7828.8,-12.420439572861921
7829.200000000001,-0.01711147861902964
7829.6,-3.8588074265046086
7830.0,-5.939901569839718
7830.400000000001,-16.54449902451406
7830.8,-3.1289244208348594
7831.200000000001,-9.145295964193055
7831.6,2.9632429423322284
7832.0,20.67737518563737
7832.400000000001,-1.2718273827101714
7832.8,7.6237677394860235
7833.200000000001,4.360058439509869
7833.6,10.392122628934413
7834.0,-4.910221231884414
7834.400000000001,5.155661126917238
7834.8,3.1670544648589694
7835.200000000001,6.962335307866545
7835.6,-11.192249887564497
7836.0,2.4024500396778525
7836.400000000001,-4.77988152986697
7836.8,1.2283363888867678
7837.200000000001,-8.469644767844487
7837.6,5.855233223512198
7838.0,0.47852505022852215
7838.400000000001,3.1226133981390323
7838.8,-6.978908238216106
7839.200000000001,3.9693458622027404
7839.6,1.46548489685653
7840.0,3.757480905412553
7840.400000000001,-1.4643421292574246
7840.8,3.1110067838624147
7841.200000000001,-4.566813035286666
7841.6,-2.1113014230105054
7842.0,14.726319576912228
7842.400000000001,9.759487548608105
7842.8,-1.244177289623761
7843.200000000001,-2.5920031711390528
7843.6,0.9203606007033481
7844.0,-2.92677923180063
7844.400000000001,2.9873954980369617
7844.8,4.467625366394632
7845.200000000001,6.773634490285811
7845.6,-9.270423724122804
7846.0,-5.483099532973958
7846.400000000001,7.521721632176906
7846.8,-15.831222808392225
7847.200000000001,-9.830875617055153
7847.6,2.579398595402331
7848.0,12.472499765720336
7848.400000000001,-6.145043012232537
7848.8,1.1291266769365926
7849.200000000001,-3.1052515993759604
7849.6,-15.994800335130604
7850.0,4.4495040985493235
7850.400000000001,-5.331722645359584
7850.8,5.7984078379493385
7851.200000000001,-0.6339431555216407
7851.6,-3.1950750038192166
7852.0,1.9483054316083557
7852.400000000001,-4.877839182756299
7852.8,2.8513848209388186
7853.200000000001,-1.9751634150235566
7853.6,-4.35613661828976
7854.0,-0.2695998098791823
7854.400000000001,-2.920571045177893
7854.8,0.7957829928672889
7855.200000000001,-0.05774471632803855
7855.6,7.63059006444416
7856.0,-4.416154511970872
7856.400000000001,-2.7488400316099697
7856.8,-0.6582916879146552
7857.200000000001,1.6285159968441998
7857.6,12.330608584678423
7858.0,-5.928238898106317
7858.400000000001,2.529319499374867
7858.8,4.509223484131574
7859.200000000001,-0.32432405960385857
7859.6,-2.741484830300997
7860.0,1.8693853799909395
7860.400000000001,4.04465241970674
7860.8,6.958345916227748
7861.200000000001,1.8215216029429286
7861.6,8.409180126137834
7862.0,-9.533328540973079
7862.400000000001,-12.473755169112444
7862.8,-0.6641299064985711
7863.200000000001,-4.048966102075458
7863.6,1.3065350583712205
7864.0,6.79225094299285
7864.400000000001,6.663115992059689
7864.8,2.0872990037269528
7865.200000000001,-6.733923244220913
7865.6,27.412870811434814
7866.0,0.2574097918332817
7866.400000000001,-4.114165157494862
7866.8,-2.78016388646654
7867.200000000001,0.3961983461080735
7867.6,1.0766236013227224
7868.0,3.745691021535045
7868.400000000001,1.3166389863945418
7868.8,1.36728818393663
7869.200000000001,-4.210245972815062
7869.6,7.691011439597915
7870.0,-1.237673436018873
7870.400000000001,5.7959552167585136
7870.8,2.9315666033576697
7871.200000000001,-16.40982464483247
7871.6,1.6101720000041364
7872.0,-7.002846201547028
7872.400000000001,0.5436248523454282
7872.8,-0.7733143804393763
7873.200000000001,-9.303314868647508
7873.6,3.962565994334726
7874.0,3.0154194547687396
7874.400000000001,-5.8172906946476495
7874.8,-11.7002710464729
7875.200000000001,0.7474715243013924
7875.6,-9.826776115104558
7876.0,-0.6571885283444501
7876.400000000001,-4.389880323154129
7876.8,-5.907663495047463
7877.200000000001,9.87515875966123
7877.6,-4.217743046914883
7878.0,-0.8524929172597252
7878.400000000001,6.491921829552465
7878.8,-2.16252127966582
7879.200000000001,0.29723077475541865
7879.6,-2.6139761205832155
7880.0,6.641869473440904
7880.400000000001,-5.422276415104109
7880.8,-3.69739579436863
7881.200000000001,5.085549126989911
7881.6,-3.1814229906589695
7882.0,-3.1617727945228187
7882.400000000001,-14.255068600865828
7882.8,-3.2356457122707387
7883.200000000001,1.3369635209617785
7883.6,6.692142737065715
7884.0,0.6165259577295354
7884.400000000001,9.81415162160448
7884.8,-2.2217029823875607
7885.200000000001,-0.22066445787481997
7885.6,34.05839454277254
7886.0,-9.03938584527086
7886.400000000001,-1.3802279554306482
7886.8,7.694714547610065
7887.200000000001,-1.7930772055587727
7887.6,-3.107328853209253
7888.0,3.240118683279789
7888.400000000001,-1.9312299541602973
7888.8,-9.290464981640712
7889.200000000001,-4.581188321639282
7889.6,10.375873044797599
7890.0,1.4864286333766157
7890.400000000001,0.3835453733470217
7890.8,3.812841608152021
7891.200000000001,3.2566229462550793
7891.6,-2.1252751338096076
7892.0,2.9093699778768354
7892.400000000001,2.9327346299736923
7892.8,3.322947863602584
7893.200000000001,-10.159462174425988
7893.6,-3.84654650424332
7894.0,7.211566274688094
7894.400000000001,5.681588196364929
7894.8,-1.7536620097459537
7895.200000000001,-5.619994405084753
7895.6,-10.640423281208573
7896.0,6.642131139550077
7896.400000000001,1.1702670456068045
7896.8,0.5390369414056595
7897.200000000001,-2.212037353305824
7897.6,-0.8295052281009813
7898.0,-2.6397527386943946
7898.400000000001,12.504303124071647
7898.8,9.115050692715844
7899.200000000001,-4.507807694778707
7899.6,3.0721608593635006
7900.0,-3.949386998725296
7900.400000000001,-2.375508268621949
7900.8,-2.737374775520038
7901.200000000001,6.339618505179887
7901.6,4.589011912633235
7902.0,1.9759765067641153
7902.400000000001,18.912359891917518
7902.8,13.466353313999056
7903.200000000001,-8.310936507684767
7903.6,-0.33212234153589604
7904.0,-4.199352224537068
7904.400000000001,-7.558183376006832
7904.8,-6.6369535072105625
7905.200000000001,-0.16761046995707354
7905.6,3.114234286397031
7906.0,7.121452418380073
7906.400000000001,-12.685247026116322
7906.8,-2.6792822187803766
7907.200000000001,-3.986993837133289
7907.6,0.1459870247012929
7908.0,-8.043861345461087
7908.400000000001,-1.2307438507915964
7908.8,3.2820385872764097
7909.200000000001,0.6954115943525964
7909.6,2.0080993606310398
7910.0,6.805866787919051
7910.400000000001,7.702187401980921
7910.8,-2.2742956855659155
7911.200000000001,-4.171117189275392
7911.6,-10.928478865995569
7912.0,-5.929368810046806
7912.400000000001,14.456347395396431
7912.8,2.991890020592638
7913.200000000001,1.682484339554925
7913.6,-6.849942522034265
7914.0,14.275357054238171
7914.400000000001,6.789350936282022
7914.8,-3.469379294595712
7915.200000000001,-1.828442731230565
7915.6,-6.308982467399985
7916.0,17.64781908798996
7916.400000000001,-6.184212829178955
7916.8,3.9614529055084367
7917.200000000001,-3.1506708487362225
7917.6,0.20346497840541256
7918.0,-0.14347560256138653
7918.400000000001,7.292002241748634
7918.8,4.9005803146676215
7919.200000000001,-12.911713570962837
7919.6,0.6257832901588043
7920.0,6.389683282315193
7920.400000000001,2.8216538077318964
7920.8,8.05994561815464
7921.200000000001,7.61751453844721
7921.6,7.4705563802091515
7922.0,3.5765612095076222
7922.400000000001,-1.7080299982207245
7922.8,-3.1303710920919245
7923.200000000001,-3.159612213252079
7923.6,3.1024703567864034
7924.0,-4.854111428964309
7924.400000000001,-2.5183855430710747
7924.8,-4.73231169039253
7925.200000000001,2.5485794032125426
7925.6,-1.6426549111980937
7926.0,-1.756966774875917
7926.400000000001,2.2108421116793533
7926.8,-5.3319808022509685
7927.200000000001,-0.5116623809192296
7927.6,-2.086801166416326
7928.0,-0.31358023586012584
7928.400000000001,4.121906270826133
7928.8,-4.100549164798709
7929.200000000001,-10.199643615832573
7929.6,9.635466163177071
7930.0,1.487088059355818
7930.400000000001,6.491825561172796
7930.8,-1.3530010669734003
7931.200000000001,3.896866311277483
7931.6,1.585522326048365
7932.0,-5.082671054814689
7932.400000000001,-3.8754837619945715
7932.8,-9.552424592419088
7933.200000000001,4.066387704326853
7933.6,17.245143168798027
7934.0,4.264965720175242
7934.400000000001,-1.4743222510008736
7934.8,-12.972672715523839
7935.200000000001,-7.181544582371268
7935.6,-9.591295162499094
7936.0,6.5129526272818765
7936.400000000001,3.268494148525336
7936.8,4.206768565373107
7937.200000000001,2.216447931502313
7937.6,1.5189204588092462
7938.0,-4.8065189775709545
7938.400000000001,-2.703345236181095
7938.8,-1.7095728691467587
7939.200000000001,-1.1658385883066322
7939.6,-11.506736558552289
7940.0,-5.201323155749288
7940.400000000001,1.3453553282161361
7940.8,-4.594954809106319
7941.200000000001,2.0817894899853187
7941.6,4.01233089046552
7942.0,15.772224783082168
7942.400000000001,0.04013213370340797
7942.8,-4.002932553449868
7943.200000000001,15.955138339850377
7943.6,-4.426689007811751
7944.0,-0.06679982612455374
7944.400000000001,1.9090928689443616
7944.8,7.397613338097689
7945.200000000001,-1.2815732125863153
7945.6,-4.3958930619632355
7946.0,-6.017534101347096
7946.400000000001,-1.6743720690354027
7946.8,-15.147031736922072
7947.200000000001,-2.5573107724771704
7947.6,-3.60870435791882
7948.0,-6.7837870952065575
7948.400000000001,-4.07794675516085
7948.8,5.615320919992398
7949.200000000001,-0.49583618042730904
7949.6,4.220439524594823
7950.0,-1.67162674305755
7950.400000000001,-13.180013998963055
7950.8,-3.0692373832907096
7951.200000000001,-6.052330361861017
7951.6,-32.60734719075024
7952.0,-6.436930454984944
7952.400000000001,-3.0977145622652924
7952.8,-2.6774117788380005
7953.200000000001,4.179017010084706
7953.6,-1.237083464305949
7954.0,-0.7963763787841243
7954.400000000001,3.423271192708187
7954.8,-3.32837282378187
7955.200000000001,13.329374173882979
7955.6,6.48526895373546
7956.0,0.2904163816259181
7956.400000000001,-5.571796669526886
7956.8,2.4520492513745813
7957.200000000001,-6.857197364209846
7957.6,-5.914876243427722
7958.0,-2.233991295222845
7958.400000000001,1.9286457402807902
7958.8,6.456228581798037
7959.200000000001,6.112013287135852
7959.6,8.858872262999235
7960.0,5.218289969658655
7960.400000000001,-0.7027053846038723
7960.8,-0.6158141928902562
7961.200000000001,13.309206418565445
7961.6,1.007546592724453
7962.0,1.9377633826547571
7962.400000000001,-7.4646800127221535
7962.8,5.2787047566957686
7963.200000000001,-3.369579419440621
7963.6,-0.5985062077101917
7964.0,2.912408423656856
7964.400000000001,-3.3508698218471538
7964.8,-0.2583860309124929
7965.200000000001,-0.31051500403612786
7965.6,0.1225797484210854
7966.0,-1.5458400134290426
7966.400000000001,0.002535958389269429
7966.8,1.8189216935898118
7967.200000000001,-1.0980511552726375
7967.6,0.3870402986801149
7968.0,2.7320718801999537
7968.400000000001,-3.9893101773074036
7968.8,15.8283511458919
7969.200000000001,-14.138136113856522
7969.6,-4.774068431727484
7970.0,8.593393877532154
7970.400000000001,2.5902705718814767
7970.8,-1.2224021643934557
7971.200000000001,0.4764067722819092
7971.6,1.6000628776211738
7972.0,-2.231701211269195
7972.400000000001,-0.025076497642304803
7972.8,7.6281884157860524
7973.200000000001,-0.2833122885691072
7973.6,-1.1697419934754831
7974.0,-5.402307392165921
7974.400000000001,2.545255389777639
7974.8,-2.719815172857169
7975.200000000001,2.497668105358761
7975.6,3.4722969967905275
7976.0,2.3059743544784492
7976.400000000001,1.9046531939606581
7976.8,0.5031189694873061
7977.200000000001,-3.414860724890669
7977.6,-0.6651488214830907
7978.0,3.54955290283288
7978.400000000001,2.222414993296281
7978.8,1.2018176040667885
7979.200000000001,-0.32483373100800084
7979.6,2.78411897375771
7980.0,-0.2505287084493829
7980.400000000001,-7.963670053943133
7980.8,-18.99985220422586
7981.200000000001,-1.0484311327061364
7981.6,-1.2764494163159434
7982.0,4.655487162008008
7982.400000000001,-0.24214496890413678
7982.8,-7.132339269196569
7983.200000000001,-3.3532784891482814
7983.6,1.6010262113543772
7984.0,-2.456594806818292
7984.400000000001,-0.2959301850213051
7984.8,-1.2545507708721142
7985.200000000001,-11.297795187902569
7985.6,1.5394031219196538
7986.0,-11.681154312484907
7986.400000000001,-1.8974371252816127
7986.8,2.3813520861661024
7987.200000000001,-2.6245932603352085
7987.6,0.5576393705184862
7988.0,5.329117305139315
7988.400000000001,-2.320635960452177
7988.8,13.28693123739967
7989.200000000001,-1.6156921726339424
7989.6,-8.490321287856627
7990.0,-0.6308551912063763
7990.400000000001,3.7142476792236403
7990.8,-4.724895425493817
7991.200000000001,-2.3097277550838045
7991.6,-4.665595324975095
7992.0,-0.0176592578426939
7992.400000000001,3.966784564841392
7992.8,-1.181828763486694
7993.200000000001,-1.1552950203659043
7993.6,-2.691796323874956
7994.0,3.3360526382093374
7994.400000000001,3.15437672953244
7994.8,-1.4968274037561768
7995.200000000001,-2.446744581533734
7995.6,-0.21209008833792853
7996.0,0.18775963275157445
7996.400000000001,1.6045569575580554
7996.8,4.547838557374602
7997.200000000001,-6.2434949477233115
7997.6,-2.621092903884546
7998.0,-0.6259487282435207
7998.400000000001,4.552997210585522
7998.8,-0.074684591262062
7999.200000000001,22.289481049561562
7999.6,3.5937660613369027
8000.0,-19.96752259325174
