{
  "area_um2": 2256.423722961561,
  "contact_fraction": 0.995175,
  "Sa_um": 0.4003883898258209,
  "Sq_um": 0.4700649678707123
}