0.000000000000000000e+00 0.000000000000000000e+00 0.000000000000000000e+00
0.000000000000000000e+00 0.000000000000000000e+00 7.397234115823094099e-03
0.000000000000000000e+00 0.000000000000000000e+00 1.479446823164618820e-02
0.000000000000000000e+00 0.000000000000000000e+00 5.163568040698567757e-02
0.000000000000000000e+00 0.000000000000000000e+00 6.884757387598090805e-02
0.000000000000000000e+00 0.000000000000000000e+00 8.605946734497613160e-02
0.000000000000000000e+00 0.000000000000000000e+00 1.032713608139713551e-01
0.000000000000000000e+00 0.000000000000000000e+00 1.204832542829665787e-01
0.000000000000000000e+00 9.450959675138020932e-02 0.000000000000000000e+00
0.000000000000000000e+00 9.450959675138020932e-02 7.397234115823094099e-03
0.000000000000000000e+00 9.450959675138020932e-02 1.479446823164618820e-02
0.000000000000000000e+00 2.199050463473739558e-01 5.163568040698567757e-02
0.000000000000000000e+00 2.199050463473739558e-01 6.884757387598090805e-02
0.000000000000000000e+00 2.199050463473739558e-01 8.605946734497613160e-02
0.000000000000000000e+00 2.199050463473739558e-01 1.032713608139713551e-01
0.000000000000000000e+00 2.199050463473739558e-01 1.204832542829665787e-01
0.000000000000000000e+00 1.890191935027604186e-01 0.000000000000000000e+00
0.000000000000000000e+00 1.890191935027604186e-01 7.397234115823094099e-03
0.000000000000000000e+00 1.890191935027604186e-01 1.479446823164618820e-02
0.000000000000000000e+00 4.398100926947479117e-01 5.163568040698567757e-02
0.000000000000000000e+00 4.398100926947479117e-01 6.884757387598090805e-02
0.000000000000000000e+00 4.398100926947479117e-01 8.605946734497613160e-02
0.000000000000000000e+00 4.398100926947479117e-01 1.032713608139713551e-01
0.000000000000000000e+00 4.398100926947479117e-01 1.204832542829665787e-01
0.000000000000000000e+00 2.835287902541406280e-01 0.000000000000000000e+00
0.000000000000000000e+00 2.835287902541406280e-01 7.397234115823094099e-03
0.000000000000000000e+00 2.835287902541406280e-01 1.479446823164618820e-02
0.000000000000000000e+00 6.597151390421219785e-01 5.163568040698567757e-02
0.000000000000000000e+00 6.597151390421219785e-01 6.884757387598090805e-02
0.000000000000000000e+00 6.597151390421219785e-01 8.605946734497613160e-02
0.000000000000000000e+00 6.597151390421219785e-01 1.032713608139713551e-01
0.000000000000000000e+00 6.597151390421219785e-01 1.204832542829665787e-01
0.000000000000000000e+00 3.780383870055208373e-01 0.000000000000000000e+00
0.000000000000000000e+00 3.780383870055208373e-01 7.397234115823094099e-03
0.000000000000000000e+00 3.780383870055208373e-01 1.479446823164618820e-02
0.000000000000000000e+00 8.796201853894958234e-01 5.163568040698567757e-02
0.000000000000000000e+00 8.796201853894958234e-01 6.884757387598090805e-02
0.000000000000000000e+00 8.796201853894958234e-01 8.605946734497613160e-02
0.000000000000000000e+00 8.796201853894958234e-01 1.032713608139713551e-01
0.000000000000000000e+00 8.796201853894958234e-01 1.204832542829665787e-01
0.000000000000000000e+00 4.725479837569010466e-01 0.000000000000000000e+00
0.000000000000000000e+00 4.725479837569010466e-01 7.397234115823094099e-03
0.000000000000000000e+00 4.725479837569010466e-01 1.479446823164618820e-02
0.000000000000000000e+00 1.099525231736869779e+00 5.163568040698567757e-02
0.000000000000000000e+00 1.099525231736869779e+00 6.884757387598090805e-02
0.000000000000000000e+00 1.099525231736869779e+00 8.605946734497613160e-02
0.000000000000000000e+00 1.099525231736869779e+00 1.032713608139713551e-01
0.000000000000000000e+00 1.099525231736869779e+00 1.204832542829665787e-01
0.000000000000000000e+00 5.670575805082812559e-01 0.000000000000000000e+00
0.000000000000000000e+00 5.670575805082812559e-01 7.397234115823094099e-03
0.000000000000000000e+00 5.670575805082812559e-01 1.479446823164618820e-02
0.000000000000000000e+00 1.319430278084243957e+00 5.163568040698567757e-02
0.000000000000000000e+00 1.319430278084243957e+00 6.884757387598090805e-02
0.000000000000000000e+00 1.319430278084243957e+00 8.605946734497613160e-02
0.000000000000000000e+00 1.319430278084243957e+00 1.032713608139713551e-01
0.000000000000000000e+00 1.319430278084243957e+00 1.204832542829665787e-01
0.000000000000000000e+00 6.615671772596615208e-01 0.000000000000000000e+00
0.000000000000000000e+00 6.615671772596615208e-01 7.397234115823094099e-03
0.000000000000000000e+00 6.615671772596615208e-01 1.479446823164618820e-02
0.000000000000000000e+00 1.539335324431617913e+00 5.163568040698567757e-02
0.000000000000000000e+00 1.539335324431617913e+00 6.884757387598090805e-02
0.000000000000000000e+00 1.539335324431617913e+00 8.605946734497613160e-02
0.000000000000000000e+00 1.539335324431617913e+00 1.032713608139713551e-01
0.000000000000000000e+00 1.539335324431617913e+00 1.204832542829665787e-01
0.000000000000000000e+00 7.560767740110416746e-01 0.000000000000000000e+00
0.000000000000000000e+00 7.560767740110416746e-01 7.397234115823094099e-03
0.000000000000000000e+00 7.560767740110416746e-01 1.479446823164618820e-02
0.000000000000000000e+00 1.759240370778991647e+00 5.163568040698567757e-02
0.000000000000000000e+00 1.759240370778991647e+00 6.884757387598090805e-02
0.000000000000000000e+00 1.759240370778991647e+00 8.605946734497613160e-02
0.000000000000000000e+00 1.759240370778991647e+00 1.032713608139713551e-01
0.000000000000000000e+00 1.759240370778991647e+00 1.204832542829665787e-01
0.000000000000000000e+00 8.505863707624218284e-01 0.000000000000000000e+00
0.000000000000000000e+00 8.505863707624218284e-01 7.397234115823094099e-03
0.000000000000000000e+00 8.505863707624218284e-01 1.479446823164618820e-02
0.000000000000000000e+00 1.979145417126365603e+00 5.163568040698567757e-02
0.000000000000000000e+00 1.979145417126365603e+00 6.884757387598090805e-02
0.000000000000000000e+00 1.979145417126365603e+00 8.605946734497613160e-02
0.000000000000000000e+00 1.979145417126365603e+00 1.032713608139713551e-01
0.000000000000000000e+00 1.979145417126365603e+00 1.204832542829665787e-01
0.000000000000000000e+00 9.450959675138020932e-01 0.000000000000000000e+00
0.000000000000000000e+00 9.450959675138020932e-01 7.397234115823094099e-03
0.000000000000000000e+00 9.450959675138020932e-01 1.479446823164618820e-02
0.000000000000000000e+00 2.199050463473739558e+00 5.163568040698567757e-02
0.000000000000000000e+00 2.199050463473739558e+00 6.884757387598090805e-02
0.000000000000000000e+00 2.199050463473739558e+00 8.605946734497613160e-02
0.000000000000000000e+00 2.199050463473739558e+00 1.032713608139713551e-01
0.000000000000000000e+00 2.199050463473739558e+00 1.204832542829665787e-01
0.000000000000000000e+00 1.039605564265182247e+00 0.000000000000000000e+00
0.000000000000000000e+00 1.039605564265182247e+00 7.397234115823094099e-03
0.000000000000000000e+00 1.039605564265182247e+00 1.479446823164618820e-02
0.000000000000000000e+00 2.418955509821113292e+00 5.163568040698567757e-02
0.000000000000000000e+00 2.418955509821113292e+00 6.884757387598090805e-02
0.000000000000000000e+00 2.418955509821113292e+00 8.605946734497613160e-02
0.000000000000000000e+00 2.418955509821113292e+00 1.032713608139713551e-01
0.000000000000000000e+00 2.418955509821113292e+00 1.204832542829665787e-01
0.000000000000000000e+00 1.134115161016562512e+00 0.000000000000000000e+00
0.000000000000000000e+00 1.134115161016562512e+00 7.397234115823094099e-03
0.000000000000000000e+00 1.134115161016562512e+00 1.479446823164618820e-02
0.000000000000000000e+00 2.638860556168487914e+00 5.163568040698567757e-02
0.000000000000000000e+00 2.638860556168487914e+00 6.884757387598090805e-02
0.000000000000000000e+00 2.638860556168487914e+00 8.605946734497613160e-02
0.000000000000000000e+00 2.638860556168487914e+00 1.032713608139713551e-01
0.000000000000000000e+00 2.638860556168487914e+00 1.204832542829665787e-01
0.000000000000000000e+00 1.228624757767942777e+00 0.000000000000000000e+00
0.000000000000000000e+00 1.228624757767942777e+00 7.397234115823094099e-03
0.000000000000000000e+00 1.228624757767942777e+00 1.479446823164618820e-02
0.000000000000000000e+00 2.858765602515861648e+00 5.163568040698567757e-02
0.000000000000000000e+00 2.858765602515861648e+00 6.884757387598090805e-02
0.000000000000000000e+00 2.858765602515861648e+00 8.605946734497613160e-02
0.000000000000000000e+00 2.858765602515861648e+00 1.032713608139713551e-01
0.000000000000000000e+00 2.858765602515861648e+00 1.204832542829665787e-01
0.000000000000000000e+00 1.323134354519323042e+00 0.000000000000000000e+00
0.000000000000000000e+00 1.323134354519323042e+00 7.397234115823094099e-03
0.000000000000000000e+00 1.323134354519323042e+00 1.479446823164618820e-02
0.000000000000000000e+00 3.078670648863235826e+00 5.163568040698567757e-02
0.000000000000000000e+00 3.078670648863235826e+00 6.884757387598090805e-02
0.000000000000000000e+00 3.078670648863235826e+00 8.605946734497613160e-02
0.000000000000000000e+00 3.078670648863235826e+00 1.032713608139713551e-01
0.000000000000000000e+00 3.078670648863235826e+00 1.204832542829665787e-01
1.366716350335939467e-01 0.000000000000000000e+00 0.000000000000000000e+00
1.366716350335939467e-01 0.000000000000000000e+00 7.397234115823094099e-03
1.366716350335939467e-01 0.000000000000000000e+00 1.479446823164618820e-02
3.180077290510176513e-01 0.000000000000000000e+00 5.163568040698567757e-02
3.180077290510176513e-01 0.000000000000000000e+00 6.884757387598090805e-02
3.180077290510176513e-01 0.000000000000000000e+00 8.605946734497613160e-02
3.180077290510176513e-01 0.000000000000000000e+00 1.032713608139713551e-01
3.180077290510176513e-01 0.000000000000000000e+00 1.204832542829665787e-01
1.366716350335939467e-01 9.450959675138020932e-02 0.000000000000000000e+00
1.366716350335939467e-01 9.450959675138020932e-02 7.397234115823094099e-03
1.366716350335939467e-01 9.450959675138020932e-02 1.479446823164618820e-02
3.180077290510176513e-01 2.199050463473739558e-01 5.163568040698567757e-02
3.180077290510176513e-01 2.199050463473739558e-01 6.884757387598090805e-02
3.180077290510176513e-01 2.199050463473739558e-01 8.605946734497613160e-02
3.180077290510176513e-01 2.199050463473739558e-01 1.032713608139713551e-01
3.180077290510176513e-01 2.199050463473739558e-01 1.204832542829665787e-01
1.366716350335939467e-01 1.890191935027604186e-01 0.000000000000000000e+00
1.366716350335939467e-01 1.890191935027604186e-01 7.397234115823094099e-03
1.366716350335939467e-01 1.890191935027604186e-01 1.479446823164618820e-02
3.180077290510176513e-01 4.398100926947479117e-01 5.163568040698567757e-02
3.180077290510176513e-01 4.398100926947479117e-01 6.884757387598090805e-02
3.180077290510176513e-01 4.398100926947479117e-01 8.605946734497613160e-02
3.180077290510176513e-01 4.398100926947479117e-01 1.032713608139713551e-01
3.180077290510176513e-01 4.398100926947479117e-01 1.204832542829665787e-01
1.366716350335939467e-01 2.835287902541406280e-01 0.000000000000000000e+00
1.366716350335939467e-01 2.835287902541406280e-01 7.397234115823094099e-03
1.366716350335939467e-01 2.835287902541406280e-01 1.479446823164618820e-02
3.180077290510176513e-01 6.597151390421219785e-01 5.163568040698567757e-02
3.180077290510176513e-01 6.597151390421219785e-01 6.884757387598090805e-02
3.180077290510176513e-01 6.597151390421219785e-01 8.605946734497613160e-02
3.180077290510176513e-01 6.597151390421219785e-01 1.032713608139713551e-01
3.180077290510176513e-01 6.597151390421219785e-01 1.204832542829665787e-01
1.366716350335939467e-01 3.780383870055208373e-01 0.000000000000000000e+00
1.366716350335939467e-01 3.780383870055208373e-01 7.397234115823094099e-03
1.366716350335939467e-01 3.780383870055208373e-01 1.479446823164618820e-02
3.180077290510176513e-01 8.796201853894958234e-01 5.163568040698567757e-02
3.180077290510176513e-01 8.796201853894958234e-01 6.884757387598090805e-02
3.180077290510176513e-01 8.796201853894958234e-01 8.605946734497613160e-02
3.180077290510176513e-01 8.796201853894958234e-01 1.032713608139713551e-01
3.180077290510176513e-01 8.796201853894958234e-01 1.204832542829665787e-01
1.366716350335939467e-01 4.725479837569010466e-01 0.000000000000000000e+00
1.366716350335939467e-01 4.725479837569010466e-01 7.397234115823094099e-03
1.366716350335939467e-01 4.725479837569010466e-01 1.479446823164618820e-02
3.180077290510176513e-01 1.099525231736869779e+00 5.163568040698567757e-02
3.180077290510176513e-01 1.099525231736869779e+00 6.884757387598090805e-02
3.180077290510176513e-01 1.099525231736869779e+00 8.605946734497613160e-02
3.180077290510176513e-01 1.099525231736869779e+00 1.032713608139713551e-01
3.180077290510176513e-01 1.099525231736869779e+00 1.204832542829665787e-01
1.366716350335939467e-01 5.670575805082812559e-01 0.000000000000000000e+00
1.366716350335939467e-01 5.670575805082812559e-01 7.397234115823094099e-03
1.366716350335939467e-01 5.670575805082812559e-01 1.479446823164618820e-02
3.180077290510176513e-01 1.319430278084243957e+00 5.163568040698567757e-02
3.180077290510176513e-01 1.319430278084243957e+00 6.884757387598090805e-02
3.180077290510176513e-01 1.319430278084243957e+00 8.605946734497613160e-02
3.180077290510176513e-01 1.319430278084243957e+00 1.032713608139713551e-01
3.180077290510176513e-01 1.319430278084243957e+00 1.204832542829665787e-01
1.366716350335939467e-01 6.615671772596615208e-01 0.000000000000000000e+00
1.366716350335939467e-01 6.615671772596615208e-01 7.397234115823094099e-03
1.366716350335939467e-01 6.615671772596615208e-01 1.479446823164618820e-02
3.180077290510176513e-01 1.539335324431617913e+00 5.163568040698567757e-02
3.180077290510176513e-01 1.539335324431617913e+00 6.884757387598090805e-02
3.180077290510176513e-01 1.539335324431617913e+00 8.605946734497613160e-02
3.180077290510176513e-01 1.539335324431617913e+00 1.032713608139713551e-01
3.180077290510176513e-01 1.539335324431617913e+00 1.204832542829665787e-01
1.366716350335939467e-01 7.560767740110416746e-01 0.000000000000000000e+00
1.366716350335939467e-01 7.560767740110416746e-01 7.397234115823094099e-03
1.366716350335939467e-01 7.560767740110416746e-01 1.479446823164618820e-02
3.180077290510176513e-01 1.759240370778991647e+00 5.163568040698567757e-02
3.180077290510176513e-01 1.759240370778991647e+00 6.884757387598090805e-02
3.180077290510176513e-01 1.759240370778991647e+00 8.605946734497613160e-02
3.180077290510176513e-01 1.759240370778991647e+00 1.032713608139713551e-01
3.180077290510176513e-01 1.759240370778991647e+00 1.204832542829665787e-01
1.366716350335939467e-01 8.505863707624218284e-01 0.000000000000000000e+00
1.366716350335939467e-01 8.505863707624218284e-01 7.397234115823094099e-03
1.366716350335939467e-01 8.505863707624218284e-01 1.479446823164618820e-02
3.180077290510176513e-01 1.979145417126365603e+00 5.163568040698567757e-02
3.180077290510176513e-01 1.979145417126365603e+00 6.884757387598090805e-02
3.180077290510176513e-01 1.979145417126365603e+00 8.605946734497613160e-02
3.180077290510176513e-01 1.979145417126365603e+00 1.032713608139713551e-01
3.180077290510176513e-01 1.979145417126365603e+00 1.204832542829665787e-01
1.366716350335939467e-01 9.450959675138020932e-01 0.000000000000000000e+00
1.366716350335939467e-01 9.450959675138020932e-01 7.397234115823094099e-03
1.366716350335939467e-01 9.450959675138020932e-01 1.479446823164618820e-02
3.180077290510176513e-01 2.199050463473739558e+00 5.163568040698567757e-02
3.180077290510176513e-01 2.199050463473739558e+00 6.884757387598090805e-02
3.180077290510176513e-01 2.199050463473739558e+00 8.605946734497613160e-02
3.180077290510176513e-01 2.199050463473739558e+00 1.032713608139713551e-01
3.180077290510176513e-01 2.199050463473739558e+00 1.204832542829665787e-01
1.366716350335939467e-01 1.039605564265182247e+00 0.000000000000000000e+00
1.366716350335939467e-01 1.039605564265182247e+00 7.397234115823094099e-03
1.366716350335939467e-01 1.039605564265182247e+00 1.479446823164618820e-02
3.180077290510176513e-01 2.418955509821113292e+00 5.163568040698567757e-02
3.180077290510176513e-01 2.418955509821113292e+00 6.884757387598090805e-02
3.180077290510176513e-01 2.418955509821113292e+00 8.605946734497613160e-02
3.180077290510176513e-01 2.418955509821113292e+00 1.032713608139713551e-01
3.180077290510176513e-01 2.418955509821113292e+00 1.204832542829665787e-01
1.366716350335939467e-01 1.134115161016562512e+00 0.000000000000000000e+00
1.366716350335939467e-01 1.134115161016562512e+00 7.397234115823094099e-03
1.366716350335939467e-01 1.134115161016562512e+00 1.479446823164618820e-02
3.180077290510176513e-01 2.638860556168487914e+00 5.163568040698567757e-02
3.180077290510176513e-01 2.638860556168487914e+00 6.884757387598090805e-02
3.180077290510176513e-01 2.638860556168487914e+00 8.605946734497613160e-02
3.180077290510176513e-01 2.638860556168487914e+00 1.032713608139713551e-01
3.180077290510176513e-01 2.638860556168487914e+00 1.204832542829665787e-01
1.366716350335939467e-01 1.228624757767942777e+00 0.000000000000000000e+00
1.366716350335939467e-01 1.228624757767942777e+00 7.397234115823094099e-03
1.366716350335939467e-01 1.228624757767942777e+00 1.479446823164618820e-02
3.180077290510176513e-01 2.858765602515861648e+00 5.163568040698567757e-02
3.180077290510176513e-01 2.858765602515861648e+00 6.884757387598090805e-02
3.180077290510176513e-01 2.858765602515861648e+00 8.605946734497613160e-02
3.180077290510176513e-01 2.858765602515861648e+00 1.032713608139713551e-01
3.180077290510176513e-01 2.858765602515861648e+00 1.204832542829665787e-01
1.366716350335939467e-01 1.323134354519323042e+00 0.000000000000000000e+00
1.366716350335939467e-01 1.323134354519323042e+00 7.397234115823094099e-03
1.366716350335939467e-01 1.323134354519323042e+00 1.479446823164618820e-02
3.180077290510176513e-01 3.078670648863235826e+00 5.163568040698567757e-02
3.180077290510176513e-01 3.078670648863235826e+00 6.884757387598090805e-02
3.180077290510176513e-01 3.078670648863235826e+00 8.605946734497613160e-02
3.180077290510176513e-01 3.078670648863235826e+00 1.032713608139713551e-01
3.180077290510176513e-01 3.078670648863235826e+00 1.204832542829665787e-01
2.733432700671878934e-01 0.000000000000000000e+00 0.000000000000000000e+00
2.733432700671878934e-01 0.000000000000000000e+00 7.397234115823094099e-03
2.733432700671878934e-01 0.000000000000000000e+00 1.479446823164618820e-02
6.360154581020353026e-01 0.000000000000000000e+00 5.163568040698567757e-02
6.360154581020353026e-01 0.000000000000000000e+00 6.884757387598090805e-02
6.360154581020353026e-01 0.000000000000000000e+00 8.605946734497613160e-02
6.360154581020353026e-01 0.000000000000000000e+00 1.032713608139713551e-01
6.360154581020353026e-01 0.000000000000000000e+00 1.204832542829665787e-01
2.733432700671878934e-01 9.450959675138020932e-02 0.000000000000000000e+00
2.733432700671878934e-01 9.450959675138020932e-02 7.397234115823094099e-03
2.733432700671878934e-01 9.450959675138020932e-02 1.479446823164618820e-02
6.360154581020353026e-01 2.199050463473739558e-01 5.163568040698567757e-02
6.360154581020353026e-01 2.199050463473739558e-01 6.884757387598090805e-02
6.360154581020353026e-01 2.199050463473739558e-01 8.605946734497613160e-02
6.360154581020353026e-01 2.199050463473739558e-01 1.032713608139713551e-01
6.360154581020353026e-01 2.199050463473739558e-01 1.204832542829665787e-01
2.733432700671878934e-01 1.890191935027604186e-01 0.000000000000000000e+00
2.733432700671878934e-01 1.890191935027604186e-01 7.397234115823094099e-03
2.733432700671878934e-01 1.890191935027604186e-01 1.479446823164618820e-02
6.360154581020353026e-01 4.398100926947479117e-01 5.163568040698567757e-02
6.360154581020353026e-01 4.398100926947479117e-01 6.884757387598090805e-02
6.360154581020353026e-01 4.398100926947479117e-01 8.605946734497613160e-02
6.360154581020353026e-01 4.398100926947479117e-01 1.032713608139713551e-01
6.360154581020353026e-01 4.398100926947479117e-01 1.204832542829665787e-01
2.733432700671878934e-01 2.835287902541406280e-01 0.000000000000000000e+00
2.733432700671878934e-01 2.835287902541406280e-01 7.397234115823094099e-03
2.733432700671878934e-01 2.835287902541406280e-01 1.479446823164618820e-02
6.360154581020353026e-01 6.597151390421219785e-01 5.163568040698567757e-02
6.360154581020353026e-01 6.597151390421219785e-01 6.884757387598090805e-02
6.360154581020353026e-01 6.597151390421219785e-01 8.605946734497613160e-02
6.360154581020353026e-01 6.597151390421219785e-01 1.032713608139713551e-01
6.360154581020353026e-01 6.597151390421219785e-01 1.204832542829665787e-01
2.733432700671878934e-01 3.780383870055208373e-01 0.000000000000000000e+00
2.733432700671878934e-01 3.780383870055208373e-01 7.397234115823094099e-03
2.733432700671878934e-01 3.780383870055208373e-01 1.479446823164618820e-02
6.360154581020353026e-01 8.796201853894958234e-01 5.163568040698567757e-02
6.360154581020353026e-01 8.796201853894958234e-01 6.884757387598090805e-02
6.360154581020353026e-01 8.796201853894958234e-01 8.605946734497613160e-02
6.360154581020353026e-01 8.796201853894958234e-01 1.032713608139713551e-01
6.360154581020353026e-01 8.796201853894958234e-01 1.204832542829665787e-01
2.733432700671878934e-01 4.725479837569010466e-01 0.000000000000000000e+00
2.733432700671878934e-01 4.725479837569010466e-01 7.397234115823094099e-03
2.733432700671878934e-01 4.725479837569010466e-01 1.479446823164618820e-02
6.360154581020353026e-01 1.099525231736869779e+00 5.163568040698567757e-02
6.360154581020353026e-01 1.099525231736869779e+00 6.884757387598090805e-02
6.360154581020353026e-01 1.099525231736869779e+00 8.605946734497613160e-02
6.360154581020353026e-01 1.099525231736869779e+00 1.032713608139713551e-01
6.360154581020353026e-01 1.099525231736869779e+00 1.204832542829665787e-01
2.733432700671878934e-01 5.670575805082812559e-01 0.000000000000000000e+00
2.733432700671878934e-01 5.670575805082812559e-01 7.397234115823094099e-03
2.733432700671878934e-01 5.670575805082812559e-01 1.479446823164618820e-02
6.360154581020353026e-01 1.319430278084243957e+00 5.163568040698567757e-02
6.360154581020353026e-01 1.319430278084243957e+00 6.884757387598090805e-02
6.360154581020353026e-01 1.319430278084243957e+00 8.605946734497613160e-02
6.360154581020353026e-01 1.319430278084243957e+00 1.032713608139713551e-01
6.360154581020353026e-01 1.319430278084243957e+00 1.204832542829665787e-01
2.733432700671878934e-01 6.615671772596615208e-01 0.000000000000000000e+00
2.733432700671878934e-01 6.615671772596615208e-01 7.397234115823094099e-03
2.733432700671878934e-01 6.615671772596615208e-01 1.479446823164618820e-02
6.360154581020353026e-01 1.539335324431617913e+00 5.163568040698567757e-02
6.360154581020353026e-01 1.539335324431617913e+00 6.884757387598090805e-02
6.360154581020353026e-01 1.539335324431617913e+00 8.605946734497613160e-02
6.360154581020353026e-01 1.539335324431617913e+00 1.032713608139713551e-01
6.360154581020353026e-01 1.539335324431617913e+00 1.204832542829665787e-01
2.733432700671878934e-01 7.560767740110416746e-01 0.000000000000000000e+00
2.733432700671878934e-01 7.560767740110416746e-01 7.397234115823094099e-03
2.733432700671878934e-01 7.560767740110416746e-01 1.479446823164618820e-02
6.360154581020353026e-01 1.759240370778991647e+00 5.163568040698567757e-02
6.360154581020353026e-01 1.759240370778991647e+00 6.884757387598090805e-02
6.360154581020353026e-01 1.759240370778991647e+00 8.605946734497613160e-02
6.360154581020353026e-01 1.759240370778991647e+00 1.032713608139713551e-01
6.360154581020353026e-01 1.759240370778991647e+00 1.204832542829665787e-01
2.733432700671878934e-01 8.505863707624218284e-01 0.000000000000000000e+00
2.733432700671878934e-01 8.505863707624218284e-01 7.397234115823094099e-03
2.733432700671878934e-01 8.505863707624218284e-01 1.479446823164618820e-02
6.360154581020353026e-01 1.979145417126365603e+00 5.163568040698567757e-02
6.360154581020353026e-01 1.979145417126365603e+00 6.884757387598090805e-02
6.360154581020353026e-01 1.979145417126365603e+00 8.605946734497613160e-02
6.360154581020353026e-01 1.979145417126365603e+00 1.032713608139713551e-01
6.360154581020353026e-01 1.979145417126365603e+00 1.204832542829665787e-01
2.733432700671878934e-01 9.450959675138020932e-01 0.000000000000000000e+00
2.733432700671878934e-01 9.450959675138020932e-01 7.397234115823094099e-03
2.733432700671878934e-01 9.450959675138020932e-01 1.479446823164618820e-02
6.360154581020353026e-01 2.199050463473739558e+00 5.163568040698567757e-02
6.360154581020353026e-01 2.199050463473739558e+00 6.884757387598090805e-02
6.360154581020353026e-01 2.199050463473739558e+00 8.605946734497613160e-02
6.360154581020353026e-01 2.199050463473739558e+00 1.032713608139713551e-01
6.360154581020353026e-01 2.199050463473739558e+00 1.204832542829665787e-01
2.733432700671878934e-01 1.039605564265182247e+00 0.000000000000000000e+00
2.733432700671878934e-01 1.039605564265182247e+00 7.397234115823094099e-03
2.733432700671878934e-01 1.039605564265182247e+00 1.479446823164618820e-02
6.360154581020353026e-01 2.418955509821113292e+00 5.163568040698567757e-02
6.360154581020353026e-01 2.418955509821113292e+00 6.884757387598090805e-02
6.360154581020353026e-01 2.418955509821113292e+00 8.605946734497613160e-02
6.360154581020353026e-01 2.418955509821113292e+00 1.032713608139713551e-01
6.360154581020353026e-01 2.418955509821113292e+00 1.204832542829665787e-01
2.733432700671878934e-01 1.134115161016562512e+00 0.000000000000000000e+00
2.733432700671878934e-01 1.134115161016562512e+00 7.397234115823094099e-03
2.733432700671878934e-01 1.134115161016562512e+00 1.479446823164618820e-02
6.360154581020353026e-01 2.638860556168487914e+00 5.163568040698567757e-02
6.360154581020353026e-01 2.638860556168487914e+00 6.884757387598090805e-02
6.360154581020353026e-01 2.638860556168487914e+00 8.605946734497613160e-02
6.360154581020353026e-01 2.638860556168487914e+00 1.032713608139713551e-01
6.360154581020353026e-01 2.638860556168487914e+00 1.204832542829665787e-01
2.733432700671878934e-01 1.228624757767942777e+00 0.000000000000000000e+00
2.733432700671878934e-01 1.228624757767942777e+00 7.397234115823094099e-03
2.733432700671878934e-01 1.228624757767942777e+00 1.479446823164618820e-02
6.360154581020353026e-01 2.858765602515861648e+00 5.163568040698567757e-02
6.360154581020353026e-01 2.858765602515861648e+00 6.884757387598090805e-02
6.360154581020353026e-01 2.858765602515861648e+00 8.605946734497613160e-02
6.360154581020353026e-01 2.858765602515861648e+00 1.032713608139713551e-01
6.360154581020353026e-01 2.858765602515861648e+00 1.204832542829665787e-01
2.733432700671878934e-01 1.323134354519323042e+00 0.000000000000000000e+00
2.733432700671878934e-01 1.323134354519323042e+00 7.397234115823094099e-03
2.733432700671878934e-01 1.323134354519323042e+00 1.479446823164618820e-02
6.360154581020353026e-01 3.078670648863235826e+00 5.163568040698567757e-02
6.360154581020353026e-01 3.078670648863235826e+00 6.884757387598090805e-02
6.360154581020353026e-01 3.078670648863235826e+00 8.605946734497613160e-02
6.360154581020353026e-01 3.078670648863235826e+00 1.032713608139713551e-01
6.360154581020353026e-01 3.078670648863235826e+00 1.204832542829665787e-01
4.100149051007818124e-01 0.000000000000000000e+00 0.000000000000000000e+00
4.100149051007818124e-01 0.000000000000000000e+00 7.397234115823094099e-03
4.100149051007818124e-01 0.000000000000000000e+00 1.479446823164618820e-02
9.540231871530528984e-01 0.000000000000000000e+00 5.163568040698567757e-02
9.540231871530528984e-01 0.000000000000000000e+00 6.884757387598090805e-02
9.540231871530528984e-01 0.000000000000000000e+00 8.605946734497613160e-02
9.540231871530528984e-01 0.000000000000000000e+00 1.032713608139713551e-01
9.540231871530528984e-01 0.000000000000000000e+00 1.204832542829665787e-01
4.100149051007818124e-01 9.450959675138020932e-02 0.000000000000000000e+00
4.100149051007818124e-01 9.450959675138020932e-02 7.397234115823094099e-03
4.100149051007818124e-01 9.450959675138020932e-02 1.479446823164618820e-02
9.540231871530528984e-01 2.199050463473739558e-01 5.163568040698567757e-02
9.540231871530528984e-01 2.199050463473739558e-01 6.884757387598090805e-02
9.540231871530528984e-01 2.199050463473739558e-01 8.605946734497613160e-02
9.540231871530528984e-01 2.199050463473739558e-01 1.032713608139713551e-01
9.540231871530528984e-01 2.199050463473739558e-01 1.204832542829665787e-01
4.100149051007818124e-01 1.890191935027604186e-01 0.000000000000000000e+00
4.100149051007818124e-01 1.890191935027604186e-01 7.397234115823094099e-03
4.100149051007818124e-01 1.890191935027604186e-01 1.479446823164618820e-02
9.540231871530528984e-01 4.398100926947479117e-01 5.163568040698567757e-02
9.540231871530528984e-01 4.398100926947479117e-01 6.884757387598090805e-02
9.540231871530528984e-01 4.398100926947479117e-01 8.605946734497613160e-02
9.540231871530528984e-01 4.398100926947479117e-01 1.032713608139713551e-01
9.540231871530528984e-01 4.398100926947479117e-01 1.204832542829665787e-01
4.100149051007818124e-01 2.835287902541406280e-01 0.000000000000000000e+00
4.100149051007818124e-01 2.835287902541406280e-01 7.397234115823094099e-03
4.100149051007818124e-01 2.835287902541406280e-01 1.479446823164618820e-02
9.540231871530528984e-01 6.597151390421219785e-01 5.163568040698567757e-02
9.540231871530528984e-01 6.597151390421219785e-01 6.884757387598090805e-02
9.540231871530528984e-01 6.597151390421219785e-01 8.605946734497613160e-02
9.540231871530528984e-01 6.597151390421219785e-01 1.032713608139713551e-01
9.540231871530528984e-01 6.597151390421219785e-01 1.204832542829665787e-01
4.100149051007818124e-01 3.780383870055208373e-01 0.000000000000000000e+00
4.100149051007818124e-01 3.780383870055208373e-01 7.397234115823094099e-03
4.100149051007818124e-01 3.780383870055208373e-01 1.479446823164618820e-02
9.540231871530528984e-01 8.796201853894958234e-01 5.163568040698567757e-02
9.540231871530528984e-01 8.796201853894958234e-01 6.884757387598090805e-02
9.540231871530528984e-01 8.796201853894958234e-01 8.605946734497613160e-02
9.540231871530528984e-01 8.796201853894958234e-01 1.032713608139713551e-01
9.540231871530528984e-01 8.796201853894958234e-01 1.204832542829665787e-01
4.100149051007818124e-01 4.725479837569010466e-01 0.000000000000000000e+00
4.100149051007818124e-01 4.725479837569010466e-01 7.397234115823094099e-03
4.100149051007818124e-01 4.725479837569010466e-01 1.479446823164618820e-02
9.540231871530528984e-01 1.099525231736869779e+00 5.163568040698567757e-02
9.540231871530528984e-01 1.099525231736869779e+00 6.884757387598090805e-02
9.540231871530528984e-01 1.099525231736869779e+00 8.605946734497613160e-02
9.540231871530528984e-01 1.099525231736869779e+00 1.032713608139713551e-01
9.540231871530528984e-01 1.099525231736869779e+00 1.204832542829665787e-01
4.100149051007818124e-01 5.670575805082812559e-01 0.000000000000000000e+00
4.100149051007818124e-01 5.670575805082812559e-01 7.397234115823094099e-03
4.100149051007818124e-01 5.670575805082812559e-01 1.479446823164618820e-02
9.540231871530528984e-01 1.319430278084243957e+00 5.163568040698567757e-02
9.540231871530528984e-01 1.319430278084243957e+00 6.884757387598090805e-02
9.540231871530528984e-01 1.319430278084243957e+00 8.605946734497613160e-02
9.540231871530528984e-01 1.319430278084243957e+00 1.032713608139713551e-01
9.540231871530528984e-01 1.319430278084243957e+00 1.204832542829665787e-01
4.100149051007818124e-01 6.615671772596615208e-01 0.000000000000000000e+00
4.100149051007818124e-01 6.615671772596615208e-01 7.397234115823094099e-03
4.100149051007818124e-01 6.615671772596615208e-01 1.479446823164618820e-02
9.540231871530528984e-01 1.539335324431617913e+00 5.163568040698567757e-02
9.540231871530528984e-01 1.539335324431617913e+00 6.884757387598090805e-02
9.540231871530528984e-01 1.539335324431617913e+00 8.605946734497613160e-02
9.540231871530528984e-01 1.539335324431617913e+00 1.032713608139713551e-01
9.540231871530528984e-01 1.539335324431617913e+00 1.204832542829665787e-01
4.100149051007818124e-01 7.560767740110416746e-01 0.000000000000000000e+00
4.100149051007818124e-01 7.560767740110416746e-01 7.397234115823094099e-03
4.100149051007818124e-01 7.560767740110416746e-01 1.479446823164618820e-02
9.540231871530528984e-01 1.759240370778991647e+00 5.163568040698567757e-02
9.540231871530528984e-01 1.759240370778991647e+00 6.884757387598090805e-02
9.540231871530528984e-01 1.759240370778991647e+00 8.605946734497613160e-02
9.540231871530528984e-01 1.759240370778991647e+00 1.032713608139713551e-01
9.540231871530528984e-01 1.759240370778991647e+00 1.204832542829665787e-01
4.100149051007818124e-01 8.505863707624218284e-01 0.000000000000000000e+00
4.100149051007818124e-01 8.505863707624218284e-01 7.397234115823094099e-03
4.100149051007818124e-01 8.505863707624218284e-01 1.479446823164618820e-02
9.540231871530528984e-01 1.979145417126365603e+00 5.163568040698567757e-02
9.540231871530528984e-01 1.979145417126365603e+00 6.884757387598090805e-02
9.540231871530528984e-01 1.979145417126365603e+00 8.605946734497613160e-02
9.540231871530528984e-01 1.979145417126365603e+00 1.032713608139713551e-01
9.540231871530528984e-01 1.979145417126365603e+00 1.204832542829665787e-01
4.100149051007818124e-01 9.450959675138020932e-01 0.000000000000000000e+00
4.100149051007818124e-01 9.450959675138020932e-01 7.397234115823094099e-03
4.100149051007818124e-01 9.450959675138020932e-01 1.479446823164618820e-02
9.540231871530528984e-01 2.199050463473739558e+00 5.163568040698567757e-02
9.540231871530528984e-01 2.199050463473739558e+00 6.884757387598090805e-02
9.540231871530528984e-01 2.199050463473739558e+00 8.605946734497613160e-02
9.540231871530528984e-01 2.199050463473739558e+00 1.032713608139713551e-01
9.540231871530528984e-01 2.199050463473739558e+00 1.204832542829665787e-01
4.100149051007818124e-01 1.039605564265182247e+00 0.000000000000000000e+00
4.100149051007818124e-01 1.039605564265182247e+00 7.397234115823094099e-03
4.100149051007818124e-01 1.039605564265182247e+00 1.479446823164618820e-02
9.540231871530528984e-01 2.418955509821113292e+00 5.163568040698567757e-02
9.540231871530528984e-01 2.418955509821113292e+00 6.884757387598090805e-02
9.540231871530528984e-01 2.418955509821113292e+00 8.605946734497613160e-02
9.540231871530528984e-01 2.418955509821113292e+00 1.032713608139713551e-01
9.540231871530528984e-01 2.418955509821113292e+00 1.204832542829665787e-01
4.100149051007818124e-01 1.134115161016562512e+00 0.000000000000000000e+00
4.100149051007818124e-01 1.134115161016562512e+00 7.397234115823094099e-03
4.100149051007818124e-01 1.134115161016562512e+00 1.479446823164618820e-02
9.540231871530528984e-01 2.638860556168487914e+00 5.163568040698567757e-02
9.540231871530528984e-01 2.638860556168487914e+00 6.884757387598090805e-02
9.540231871530528984e-01 2.638860556168487914e+00 8.605946734497613160e-02
9.540231871530528984e-01 2.638860556168487914e+00 1.032713608139713551e-01
9.540231871530528984e-01 2.638860556168487914e+00 1.204832542829665787e-01
4.100149051007818124e-01 1.228624757767942777e+00 0.000000000000000000e+00
4.100149051007818124e-01 1.228624757767942777e+00 7.397234115823094099e-03
4.100149051007818124e-01 1.228624757767942777e+00 1.479446823164618820e-02
9.540231871530528984e-01 2.858765602515861648e+00 5.163568040698567757e-02
9.540231871530528984e-01 2.858765602515861648e+00 6.884757387598090805e-02
9.540231871530528984e-01 2.858765602515861648e+00 8.605946734497613160e-02
9.540231871530528984e-01 2.858765602515861648e+00 1.032713608139713551e-01
9.540231871530528984e-01 2.858765602515861648e+00 1.204832542829665787e-01
4.100149051007818124e-01 1.323134354519323042e+00 0.000000000000000000e+00
4.100149051007818124e-01 1.323134354519323042e+00 7.397234115823094099e-03
4.100149051007818124e-01 1.323134354519323042e+00 1.479446823164618820e-02
9.540231871530528984e-01 3.078670648863235826e+00 5.163568040698567757e-02
9.540231871530528984e-01 3.078670648863235826e+00 6.884757387598090805e-02
9.540231871530528984e-01 3.078670648863235826e+00 8.605946734497613160e-02
9.540231871530528984e-01 3.078670648863235826e+00 1.032713608139713551e-01
9.540231871530528984e-01 3.078670648863235826e+00 1.204832542829665787e-01
5.466865401343757869e-01 0.000000000000000000e+00 0.000000000000000000e+00
5.466865401343757869e-01 0.000000000000000000e+00 7.397234115823094099e-03
5.466865401343757869e-01 0.000000000000000000e+00 1.479446823164618820e-02
1.272030916204070605e+00 0.000000000000000000e+00 5.163568040698567757e-02
1.272030916204070605e+00 0.000000000000000000e+00 6.884757387598090805e-02
1.272030916204070605e+00 0.000000000000000000e+00 8.605946734497613160e-02
1.272030916204070605e+00 0.000000000000000000e+00 1.032713608139713551e-01
1.272030916204070605e+00 0.000000000000000000e+00 1.204832542829665787e-01
5.466865401343757869e-01 9.450959675138020932e-02 0.000000000000000000e+00
5.466865401343757869e-01 9.450959675138020932e-02 7.397234115823094099e-03
5.466865401343757869e-01 9.450959675138020932e-02 1.479446823164618820e-02
1.272030916204070605e+00 2.199050463473739558e-01 5.163568040698567757e-02
1.272030916204070605e+00 2.199050463473739558e-01 6.884757387598090805e-02
1.272030916204070605e+00 2.199050463473739558e-01 8.605946734497613160e-02
1.272030916204070605e+00 2.199050463473739558e-01 1.032713608139713551e-01
1.272030916204070605e+00 2.199050463473739558e-01 1.204832542829665787e-01
5.466865401343757869e-01 1.890191935027604186e-01 0.000000000000000000e+00
5.466865401343757869e-01 1.890191935027604186e-01 7.397234115823094099e-03
5.466865401343757869e-01 1.890191935027604186e-01 1.479446823164618820e-02
1.272030916204070605e+00 4.398100926947479117e-01 5.163568040698567757e-02
1.272030916204070605e+00 4.398100926947479117e-01 6.884757387598090805e-02
1.272030916204070605e+00 4.398100926947479117e-01 8.605946734497613160e-02
1.272030916204070605e+00 4.398100926947479117e-01 1.032713608139713551e-01
1.272030916204070605e+00 4.398100926947479117e-01 1.204832542829665787e-01
5.466865401343757869e-01 2.835287902541406280e-01 0.000000000000000000e+00
5.466865401343757869e-01 2.835287902541406280e-01 7.397234115823094099e-03
5.466865401343757869e-01 2.835287902541406280e-01 1.479446823164618820e-02
1.272030916204070605e+00 6.597151390421219785e-01 5.163568040698567757e-02
1.272030916204070605e+00 6.597151390421219785e-01 6.884757387598090805e-02
1.272030916204070605e+00 6.597151390421219785e-01 8.605946734497613160e-02
1.272030916204070605e+00 6.597151390421219785e-01 1.032713608139713551e-01
1.272030916204070605e+00 6.597151390421219785e-01 1.204832542829665787e-01
5.466865401343757869e-01 3.780383870055208373e-01 0.000000000000000000e+00
5.466865401343757869e-01 3.780383870055208373e-01 7.397234115823094099e-03
5.466865401343757869e-01 3.780383870055208373e-01 1.479446823164618820e-02
1.272030916204070605e+00 8.796201853894958234e-01 5.163568040698567757e-02
1.272030916204070605e+00 8.796201853894958234e-01 6.884757387598090805e-02
1.272030916204070605e+00 8.796201853894958234e-01 8.605946734497613160e-02
1.272030916204070605e+00 8.796201853894958234e-01 1.032713608139713551e-01
1.272030916204070605e+00 8.796201853894958234e-01 1.204832542829665787e-01
5.466865401343757869e-01 4.725479837569010466e-01 0.000000000000000000e+00
5.466865401343757869e-01 4.725479837569010466e-01 7.397234115823094099e-03
5.466865401343757869e-01 4.725479837569010466e-01 1.479446823164618820e-02
1.272030916204070605e+00 1.099525231736869779e+00 5.163568040698567757e-02
1.272030916204070605e+00 1.099525231736869779e+00 6.884757387598090805e-02
1.272030916204070605e+00 1.099525231736869779e+00 8.605946734497613160e-02
1.272030916204070605e+00 1.099525231736869779e+00 1.032713608139713551e-01
1.272030916204070605e+00 1.099525231736869779e+00 1.204832542829665787e-01
5.466865401343757869e-01 5.670575805082812559e-01 0.000000000000000000e+00
5.466865401343757869e-01 5.670575805082812559e-01 7.397234115823094099e-03
5.466865401343757869e-01 5.670575805082812559e-01 1.479446823164618820e-02
1.272030916204070605e+00 1.319430278084243957e+00 5.163568040698567757e-02
1.272030916204070605e+00 1.319430278084243957e+00 6.884757387598090805e-02
1.272030916204070605e+00 1.319430278084243957e+00 8.605946734497613160e-02
1.272030916204070605e+00 1.319430278084243957e+00 1.032713608139713551e-01
1.272030916204070605e+00 1.319430278084243957e+00 1.204832542829665787e-01
5.466865401343757869e-01 6.615671772596615208e-01 0.000000000000000000e+00
5.466865401343757869e-01 6.615671772596615208e-01 7.397234115823094099e-03
5.466865401343757869e-01 6.615671772596615208e-01 1.479446823164618820e-02
1.272030916204070605e+00 1.539335324431617913e+00 5.163568040698567757e-02
1.272030916204070605e+00 1.539335324431617913e+00 6.884757387598090805e-02
1.272030916204070605e+00 1.539335324431617913e+00 8.605946734497613160e-02
1.272030916204070605e+00 1.539335324431617913e+00 1.032713608139713551e-01
1.272030916204070605e+00 1.539335324431617913e+00 1.204832542829665787e-01
5.466865401343757869e-01 7.560767740110416746e-01 0.000000000000000000e+00
5.466865401343757869e-01 7.560767740110416746e-01 7.397234115823094099e-03
5.466865401343757869e-01 7.560767740110416746e-01 1.479446823164618820e-02
1.272030916204070605e+00 1.759240370778991647e+00 5.163568040698567757e-02
1.272030916204070605e+00 1.759240370778991647e+00 6.884757387598090805e-02
1.272030916204070605e+00 1.759240370778991647e+00 8.605946734497613160e-02
1.272030916204070605e+00 1.759240370778991647e+00 1.032713608139713551e-01
1.272030916204070605e+00 1.759240370778991647e+00 1.204832542829665787e-01
5.466865401343757869e-01 8.505863707624218284e-01 0.000000000000000000e+00
5.466865401343757869e-01 8.505863707624218284e-01 7.397234115823094099e-03
5.466865401343757869e-01 8.505863707624218284e-01 1.479446823164618820e-02
1.272030916204070605e+00 1.979145417126365603e+00 5.163568040698567757e-02
1.272030916204070605e+00 1.979145417126365603e+00 6.884757387598090805e-02
1.272030916204070605e+00 1.979145417126365603e+00 8.605946734497613160e-02
1.272030916204070605e+00 1.979145417126365603e+00 1.032713608139713551e-01
1.272030916204070605e+00 1.979145417126365603e+00 1.204832542829665787e-01
5.466865401343757869e-01 9.450959675138020932e-01 0.000000000000000000e+00
5.466865401343757869e-01 9.450959675138020932e-01 7.397234115823094099e-03
5.466865401343757869e-01 9.450959675138020932e-01 1.479446823164618820e-02
1.272030916204070605e+00 2.199050463473739558e+00 5.163568040698567757e-02
1.272030916204070605e+00 2.199050463473739558e+00 6.884757387598090805e-02
1.272030916204070605e+00 2.199050463473739558e+00 8.605946734497613160e-02
1.272030916204070605e+00 2.199050463473739558e+00 1.032713608139713551e-01
1.272030916204070605e+00 2.199050463473739558e+00 1.204832542829665787e-01
5.466865401343757869e-01 1.039605564265182247e+00 0.000000000000000000e+00
5.466865401343757869e-01 1.039605564265182247e+00 7.397234115823094099e-03
5.466865401343757869e-01 1.039605564265182247e+00 1.479446823164618820e-02
1.272030916204070605e+00 2.418955509821113292e+00 5.163568040698567757e-02
1.272030916204070605e+00 2.418955509821113292e+00 6.884757387598090805e-02
1.272030916204070605e+00 2.418955509821113292e+00 8.605946734497613160e-02
1.272030916204070605e+00 2.418955509821113292e+00 1.032713608139713551e-01
1.272030916204070605e+00 2.418955509821113292e+00 1.204832542829665787e-01
5.466865401343757869e-01 1.134115161016562512e+00 0.000000000000000000e+00
5.466865401343757869e-01 1.134115161016562512e+00 7.397234115823094099e-03
5.466865401343757869e-01 1.134115161016562512e+00 1.479446823164618820e-02
1.272030916204070605e+00 2.638860556168487914e+00 5.163568040698567757e-02
1.272030916204070605e+00 2.638860556168487914e+00 6.884757387598090805e-02
1.272030916204070605e+00 2.638860556168487914e+00 8.605946734497613160e-02
1.272030916204070605e+00 2.638860556168487914e+00 1.032713608139713551e-01
1.272030916204070605e+00 2.638860556168487914e+00 1.204832542829665787e-01
5.466865401343757869e-01 1.228624757767942777e+00 0.000000000000000000e+00
5.466865401343757869e-01 1.228624757767942777e+00 7.397234115823094099e-03
5.466865401343757869e-01 1.228624757767942777e+00 1.479446823164618820e-02
1.272030916204070605e+00 2.858765602515861648e+00 5.163568040698567757e-02
1.272030916204070605e+00 2.858765602515861648e+00 6.884757387598090805e-02
1.272030916204070605e+00 2.858765602515861648e+00 8.605946734497613160e-02
1.272030916204070605e+00 2.858765602515861648e+00 1.032713608139713551e-01
1.272030916204070605e+00 2.858765602515861648e+00 1.204832542829665787e-01
5.466865401343757869e-01 1.323134354519323042e+00 0.000000000000000000e+00
5.466865401343757869e-01 1.323134354519323042e+00 7.397234115823094099e-03
5.466865401343757869e-01 1.323134354519323042e+00 1.479446823164618820e-02
1.272030916204070605e+00 3.078670648863235826e+00 5.163568040698567757e-02
1.272030916204070605e+00 3.078670648863235826e+00 6.884757387598090805e-02
1.272030916204070605e+00 3.078670648863235826e+00 8.605946734497613160e-02
1.272030916204070605e+00 3.078670648863235826e+00 1.032713608139713551e-01
1.272030916204070605e+00 3.078670648863235826e+00 1.204832542829665787e-01
6.833581751679697058e-01 0.000000000000000000e+00 0.000000000000000000e+00
6.833581751679697058e-01 0.000000000000000000e+00 7.397234115823094099e-03
6.833581751679697058e-01 0.000000000000000000e+00 1.479446823164618820e-02
1.590038645255088090e+00 0.000000000000000000e+00 5.163568040698567757e-02
1.590038645255088090e+00 0.000000000000000000e+00 6.884757387598090805e-02
1.590038645255088090e+00 0.000000000000000000e+00 8.605946734497613160e-02
1.590038645255088090e+00 0.000000000000000000e+00 1.032713608139713551e-01
1.590038645255088090e+00 0.000000000000000000e+00 1.204832542829665787e-01
6.833581751679697058e-01 9.450959675138020932e-02 0.000000000000000000e+00
6.833581751679697058e-01 9.450959675138020932e-02 7.397234115823094099e-03
6.833581751679697058e-01 9.450959675138020932e-02 1.479446823164618820e-02
1.590038645255088090e+00 2.199050463473739558e-01 5.163568040698567757e-02
1.590038645255088090e+00 2.199050463473739558e-01 6.884757387598090805e-02
1.590038645255088090e+00 2.199050463473739558e-01 8.605946734497613160e-02
1.590038645255088090e+00 2.199050463473739558e-01 1.032713608139713551e-01
1.590038645255088090e+00 2.199050463473739558e-01 1.204832542829665787e-01
6.833581751679697058e-01 1.890191935027604186e-01 0.000000000000000000e+00
6.833581751679697058e-01 1.890191935027604186e-01 7.397234115823094099e-03
6.833581751679697058e-01 1.890191935027604186e-01 1.479446823164618820e-02
1.590038645255088090e+00 4.398100926947479117e-01 5.163568040698567757e-02
1.590038645255088090e+00 4.398100926947479117e-01 6.884757387598090805e-02
1.590038645255088090e+00 4.398100926947479117e-01 8.605946734497613160e-02
1.590038645255088090e+00 4.398100926947479117e-01 1.032713608139713551e-01
1.590038645255088090e+00 4.398100926947479117e-01 1.204832542829665787e-01
6.833581751679697058e-01 2.835287902541406280e-01 0.000000000000000000e+00
6.833581751679697058e-01 2.835287902541406280e-01 7.397234115823094099e-03
6.833581751679697058e-01 2.835287902541406280e-01 1.479446823164618820e-02
1.590038645255088090e+00 6.597151390421219785e-01 5.163568040698567757e-02
1.590038645255088090e+00 6.597151390421219785e-01 6.884757387598090805e-02
1.590038645255088090e+00 6.597151390421219785e-01 8.605946734497613160e-02
1.590038645255088090e+00 6.597151390421219785e-01 1.032713608139713551e-01
1.590038645255088090e+00 6.597151390421219785e-01 1.204832542829665787e-01
6.833581751679697058e-01 3.780383870055208373e-01 0.000000000000000000e+00
6.833581751679697058e-01 3.780383870055208373e-01 7.397234115823094099e-03
6.833581751679697058e-01 3.780383870055208373e-01 1.479446823164618820e-02
1.590038645255088090e+00 8.796201853894958234e-01 5.163568040698567757e-02
1.590038645255088090e+00 8.796201853894958234e-01 6.884757387598090805e-02
1.590038645255088090e+00 8.796201853894958234e-01 8.605946734497613160e-02
1.590038645255088090e+00 8.796201853894958234e-01 1.032713608139713551e-01
1.590038645255088090e+00 8.796201853894958234e-01 1.204832542829665787e-01
6.833581751679697058e-01 4.725479837569010466e-01 0.000000000000000000e+00
6.833581751679697058e-01 4.725479837569010466e-01 7.397234115823094099e-03
6.833581751679697058e-01 4.725479837569010466e-01 1.479446823164618820e-02
1.590038645255088090e+00 1.099525231736869779e+00 5.163568040698567757e-02
1.590038645255088090e+00 1.099525231736869779e+00 6.884757387598090805e-02
1.590038645255088090e+00 1.099525231736869779e+00 8.605946734497613160e-02
1.590038645255088090e+00 1.099525231736869779e+00 1.032713608139713551e-01
1.590038645255088090e+00 1.099525231736869779e+00 1.204832542829665787e-01
6.833581751679697058e-01 5.670575805082812559e-01 0.000000000000000000e+00
6.833581751679697058e-01 5.670575805082812559e-01 7.397234115823094099e-03
6.833581751679697058e-01 5.670575805082812559e-01 1.479446823164618820e-02
1.590038645255088090e+00 1.319430278084243957e+00 5.163568040698567757e-02
1.590038645255088090e+00 1.319430278084243957e+00 6.884757387598090805e-02
1.590038645255088090e+00 1.319430278084243957e+00 8.605946734497613160e-02
1.590038645255088090e+00 1.319430278084243957e+00 1.032713608139713551e-01
1.590038645255088090e+00 1.319430278084243957e+00 1.204832542829665787e-01
6.833581751679697058e-01 6.615671772596615208e-01 0.000000000000000000e+00
6.833581751679697058e-01 6.615671772596615208e-01 7.397234115823094099e-03
6.833581751679697058e-01 6.615671772596615208e-01 1.479446823164618820e-02
1.590038645255088090e+00 1.539335324431617913e+00 5.163568040698567757e-02
1.590038645255088090e+00 1.539335324431617913e+00 6.884757387598090805e-02
1.590038645255088090e+00 1.539335324431617913e+00 8.605946734497613160e-02
1.590038645255088090e+00 1.539335324431617913e+00 1.032713608139713551e-01
1.590038645255088090e+00 1.539335324431617913e+00 1.204832542829665787e-01
6.833581751679697058e-01 7.560767740110416746e-01 0.000000000000000000e+00
6.833581751679697058e-01 7.560767740110416746e-01 7.397234115823094099e-03
6.833581751679697058e-01 7.560767740110416746e-01 1.479446823164618820e-02
1.590038645255088090e+00 1.759240370778991647e+00 5.163568040698567757e-02
1.590038645255088090e+00 1.759240370778991647e+00 6.884757387598090805e-02
1.590038645255088090e+00 1.759240370778991647e+00 8.605946734497613160e-02
1.590038645255088090e+00 1.759240370778991647e+00 1.032713608139713551e-01
1.590038645255088090e+00 1.759240370778991647e+00 1.204832542829665787e-01
6.833581751679697058e-01 8.505863707624218284e-01 0.000000000000000000e+00
6.833581751679697058e-01 8.505863707624218284e-01 7.397234115823094099e-03
6.833581751679697058e-01 8.505863707624218284e-01 1.479446823164618820e-02
1.590038645255088090e+00 1.979145417126365603e+00 5.163568040698567757e-02
1.590038645255088090e+00 1.979145417126365603e+00 6.884757387598090805e-02
1.590038645255088090e+00 1.979145417126365603e+00 8.605946734497613160e-02
1.590038645255088090e+00 1.979145417126365603e+00 1.032713608139713551e-01
1.590038645255088090e+00 1.979145417126365603e+00 1.204832542829665787e-01
6.833581751679697058e-01 9.450959675138020932e-01 0.000000000000000000e+00
6.833581751679697058e-01 9.450959675138020932e-01 7.397234115823094099e-03
6.833581751679697058e-01 9.450959675138020932e-01 1.479446823164618820e-02
1.590038645255088090e+00 2.199050463473739558e+00 5.163568040698567757e-02
1.590038645255088090e+00 2.199050463473739558e+00 6.884757387598090805e-02
1.590038645255088090e+00 2.199050463473739558e+00 8.605946734497613160e-02
1.590038645255088090e+00 2.199050463473739558e+00 1.032713608139713551e-01
1.590038645255088090e+00 2.199050463473739558e+00 1.204832542829665787e-01
6.833581751679697058e-01 1.039605564265182247e+00 0.000000000000000000e+00
6.833581751679697058e-01 1.039605564265182247e+00 7.397234115823094099e-03
6.833581751679697058e-01 1.039605564265182247e+00 1.479446823164618820e-02
1.590038645255088090e+00 2.418955509821113292e+00 5.163568040698567757e-02
1.590038645255088090e+00 2.418955509821113292e+00 6.884757387598090805e-02
1.590038645255088090e+00 2.418955509821113292e+00 8.605946734497613160e-02
1.590038645255088090e+00 2.418955509821113292e+00 1.032713608139713551e-01
1.590038645255088090e+00 2.418955509821113292e+00 1.204832542829665787e-01
6.833581751679697058e-01 1.134115161016562512e+00 0.000000000000000000e+00
6.833581751679697058e-01 1.134115161016562512e+00 7.397234115823094099e-03
6.833581751679697058e-01 1.134115161016562512e+00 1.479446823164618820e-02
1.590038645255088090e+00 2.638860556168487914e+00 5.163568040698567757e-02
1.590038645255088090e+00 2.638860556168487914e+00 6.884757387598090805e-02
1.590038645255088090e+00 2.638860556168487914e+00 8.605946734497613160e-02
1.590038645255088090e+00 2.638860556168487914e+00 1.032713608139713551e-01
1.590038645255088090e+00 2.638860556168487914e+00 1.204832542829665787e-01
6.833581751679697058e-01 1.228624757767942777e+00 0.000000000000000000e+00
6.833581751679697058e-01 1.228624757767942777e+00 7.397234115823094099e-03
6.833581751679697058e-01 1.228624757767942777e+00 1.479446823164618820e-02
1.590038645255088090e+00 2.858765602515861648e+00 5.163568040698567757e-02
1.590038645255088090e+00 2.858765602515861648e+00 6.884757387598090805e-02
1.590038645255088090e+00 2.858765602515861648e+00 8.605946734497613160e-02
1.590038645255088090e+00 2.858765602515861648e+00 1.032713608139713551e-01
1.590038645255088090e+00 2.858765602515861648e+00 1.204832542829665787e-01
6.833581751679697058e-01 1.323134354519323042e+00 0.000000000000000000e+00
6.833581751679697058e-01 1.323134354519323042e+00 7.397234115823094099e-03
6.833581751679697058e-01 1.323134354519323042e+00 1.479446823164618820e-02
1.590038645255088090e+00 3.078670648863235826e+00 5.163568040698567757e-02
1.590038645255088090e+00 3.078670648863235826e+00 6.884757387598090805e-02
1.590038645255088090e+00 3.078670648863235826e+00 8.605946734497613160e-02
1.590038645255088090e+00 3.078670648863235826e+00 1.032713608139713551e-01
1.590038645255088090e+00 3.078670648863235826e+00 1.204832542829665787e-01
8.200298102015636248e-01 0.000000000000000000e+00 0.000000000000000000e+00
8.200298102015636248e-01 0.000000000000000000e+00 7.397234115823094099e-03
8.200298102015636248e-01 0.000000000000000000e+00 1.479446823164618820e-02
1.908046374306105797e+00 0.000000000000000000e+00 5.163568040698567757e-02
1.908046374306105797e+00 0.000000000000000000e+00 6.884757387598090805e-02
1.908046374306105797e+00 0.000000000000000000e+00 8.605946734497613160e-02
1.908046374306105797e+00 0.000000000000000000e+00 1.032713608139713551e-01
1.908046374306105797e+00 0.000000000000000000e+00 1.204832542829665787e-01
8.200298102015636248e-01 9.450959675138020932e-02 0.000000000000000000e+00
8.200298102015636248e-01 9.450959675138020932e-02 7.397234115823094099e-03
8.200298102015636248e-01 9.450959675138020932e-02 1.479446823164618820e-02
1.908046374306105797e+00 2.199050463473739558e-01 5.163568040698567757e-02
1.908046374306105797e+00 2.199050463473739558e-01 6.884757387598090805e-02
1.908046374306105797e+00 2.199050463473739558e-01 8.605946734497613160e-02
1.908046374306105797e+00 2.199050463473739558e-01 1.032713608139713551e-01
1.908046374306105797e+00 2.199050463473739558e-01 1.204832542829665787e-01
8.200298102015636248e-01 1.890191935027604186e-01 0.000000000000000000e+00
8.200298102015636248e-01 1.890191935027604186e-01 7.397234115823094099e-03
8.200298102015636248e-01 1.890191935027604186e-01 1.479446823164618820e-02
1.908046374306105797e+00 4.398100926947479117e-01 5.163568040698567757e-02
1.908046374306105797e+00 4.398100926947479117e-01 6.884757387598090805e-02
1.908046374306105797e+00 4.398100926947479117e-01 8.605946734497613160e-02
1.908046374306105797e+00 4.398100926947479117e-01 1.032713608139713551e-01
1.908046374306105797e+00 4.398100926947479117e-01 1.204832542829665787e-01
8.200298102015636248e-01 2.835287902541406280e-01 0.000000000000000000e+00
8.200298102015636248e-01 2.835287902541406280e-01 7.397234115823094099e-03
8.200298102015636248e-01 2.835287902541406280e-01 1.479446823164618820e-02
1.908046374306105797e+00 6.597151390421219785e-01 5.163568040698567757e-02
1.908046374306105797e+00 6.597151390421219785e-01 6.884757387598090805e-02
1.908046374306105797e+00 6.597151390421219785e-01 8.605946734497613160e-02
1.908046374306105797e+00 6.597151390421219785e-01 1.032713608139713551e-01
1.908046374306105797e+00 6.597151390421219785e-01 1.204832542829665787e-01
8.200298102015636248e-01 3.780383870055208373e-01 0.000000000000000000e+00
8.200298102015636248e-01 3.780383870055208373e-01 7.397234115823094099e-03
8.200298102015636248e-01 3.780383870055208373e-01 1.479446823164618820e-02
1.908046374306105797e+00 8.796201853894958234e-01 5.163568040698567757e-02
1.908046374306105797e+00 8.796201853894958234e-01 6.884757387598090805e-02
1.908046374306105797e+00 8.796201853894958234e-01 8.605946734497613160e-02
1.908046374306105797e+00 8.796201853894958234e-01 1.032713608139713551e-01
1.908046374306105797e+00 8.796201853894958234e-01 1.204832542829665787e-01
8.200298102015636248e-01 4.725479837569010466e-01 0.000000000000000000e+00
8.200298102015636248e-01 4.725479837569010466e-01 7.397234115823094099e-03
8.200298102015636248e-01 4.725479837569010466e-01 1.479446823164618820e-02
1.908046374306105797e+00 1.099525231736869779e+00 5.163568040698567757e-02
1.908046374306105797e+00 1.099525231736869779e+00 6.884757387598090805e-02
1.908046374306105797e+00 1.099525231736869779e+00 8.605946734497613160e-02
1.908046374306105797e+00 1.099525231736869779e+00 1.032713608139713551e-01
1.908046374306105797e+00 1.099525231736869779e+00 1.204832542829665787e-01
8.200298102015636248e-01 5.670575805082812559e-01 0.000000000000000000e+00
8.200298102015636248e-01 5.670575805082812559e-01 7.397234115823094099e-03
8.200298102015636248e-01 5.670575805082812559e-01 1.479446823164618820e-02
1.908046374306105797e+00 1.319430278084243957e+00 5.163568040698567757e-02
1.908046374306105797e+00 1.319430278084243957e+00 6.884757387598090805e-02
1.908046374306105797e+00 1.319430278084243957e+00 8.605946734497613160e-02
1.908046374306105797e+00 1.319430278084243957e+00 1.032713608139713551e-01
1.908046374306105797e+00 1.319430278084243957e+00 1.204832542829665787e-01
8.200298102015636248e-01 6.615671772596615208e-01 0.000000000000000000e+00
8.200298102015636248e-01 6.615671772596615208e-01 7.397234115823094099e-03
8.200298102015636248e-01 6.615671772596615208e-01 1.479446823164618820e-02
1.908046374306105797e+00 1.539335324431617913e+00 5.163568040698567757e-02
1.908046374306105797e+00 1.539335324431617913e+00 6.884757387598090805e-02
1.908046374306105797e+00 1.539335324431617913e+00 8.605946734497613160e-02
1.908046374306105797e+00 1.539335324431617913e+00 1.032713608139713551e-01
1.908046374306105797e+00 1.539335324431617913e+00 1.204832542829665787e-01
8.200298102015636248e-01 7.560767740110416746e-01 0.000000000000000000e+00
8.200298102015636248e-01 7.560767740110416746e-01 7.397234115823094099e-03
8.200298102015636248e-01 7.560767740110416746e-01 1.479446823164618820e-02
1.908046374306105797e+00 1.759240370778991647e+00 5.163568040698567757e-02
1.908046374306105797e+00 1.759240370778991647e+00 6.884757387598090805e-02
1.908046374306105797e+00 1.759240370778991647e+00 8.605946734497613160e-02
1.908046374306105797e+00 1.759240370778991647e+00 1.032713608139713551e-01
1.908046374306105797e+00 1.759240370778991647e+00 1.204832542829665787e-01
8.200298102015636248e-01 8.505863707624218284e-01 0.000000000000000000e+00
8.200298102015636248e-01 8.505863707624218284e-01 7.397234115823094099e-03
8.200298102015636248e-01 8.505863707624218284e-01 1.479446823164618820e-02
1.908046374306105797e+00 1.979145417126365603e+00 5.163568040698567757e-02
1.908046374306105797e+00 1.979145417126365603e+00 6.884757387598090805e-02
1.908046374306105797e+00 1.979145417126365603e+00 8.605946734497613160e-02
1.908046374306105797e+00 1.979145417126365603e+00 1.032713608139713551e-01
1.908046374306105797e+00 1.979145417126365603e+00 1.204832542829665787e-01
8.200298102015636248e-01 9.450959675138020932e-01 0.000000000000000000e+00
8.200298102015636248e-01 9.450959675138020932e-01 7.397234115823094099e-03
8.200298102015636248e-01 9.450959675138020932e-01 1.479446823164618820e-02
1.908046374306105797e+00 2.199050463473739558e+00 5.163568040698567757e-02
1.908046374306105797e+00 2.199050463473739558e+00 6.884757387598090805e-02
1.908046374306105797e+00 2.199050463473739558e+00 8.605946734497613160e-02
1.908046374306105797e+00 2.199050463473739558e+00 1.032713608139713551e-01
1.908046374306105797e+00 2.199050463473739558e+00 1.204832542829665787e-01
8.200298102015636248e-01 1.039605564265182247e+00 0.000000000000000000e+00
8.200298102015636248e-01 1.039605564265182247e+00 7.397234115823094099e-03
8.200298102015636248e-01 1.039605564265182247e+00 1.479446823164618820e-02
1.908046374306105797e+00 2.418955509821113292e+00 5.163568040698567757e-02
1.908046374306105797e+00 2.418955509821113292e+00 6.884757387598090805e-02
1.908046374306105797e+00 2.418955509821113292e+00 8.605946734497613160e-02
1.908046374306105797e+00 2.418955509821113292e+00 1.032713608139713551e-01
1.908046374306105797e+00 2.418955509821113292e+00 1.204832542829665787e-01
8.200298102015636248e-01 1.134115161016562512e+00 0.000000000000000000e+00
8.200298102015636248e-01 1.134115161016562512e+00 7.397234115823094099e-03
8.200298102015636248e-01 1.134115161016562512e+00 1.479446823164618820e-02
1.908046374306105797e+00 2.638860556168487914e+00 5.163568040698567757e-02
1.908046374306105797e+00 2.638860556168487914e+00 6.884757387598090805e-02
1.908046374306105797e+00 2.638860556168487914e+00 8.605946734497613160e-02
1.908046374306105797e+00 2.638860556168487914e+00 1.032713608139713551e-01
1.908046374306105797e+00 2.638860556168487914e+00 1.204832542829665787e-01
8.200298102015636248e-01 1.228624757767942777e+00 0.000000000000000000e+00
8.200298102015636248e-01 1.228624757767942777e+00 7.397234115823094099e-03
8.200298102015636248e-01 1.228624757767942777e+00 1.479446823164618820e-02
1.908046374306105797e+00 2.858765602515861648e+00 5.163568040698567757e-02
1.908046374306105797e+00 2.858765602515861648e+00 6.884757387598090805e-02
1.908046374306105797e+00 2.858765602515861648e+00 8.605946734497613160e-02
1.908046374306105797e+00 2.858765602515861648e+00 1.032713608139713551e-01
1.908046374306105797e+00 2.858765602515861648e+00 1.204832542829665787e-01
8.200298102015636248e-01 1.323134354519323042e+00 0.000000000000000000e+00
8.200298102015636248e-01 1.323134354519323042e+00 7.397234115823094099e-03
8.200298102015636248e-01 1.323134354519323042e+00 1.479446823164618820e-02
1.908046374306105797e+00 3.078670648863235826e+00 5.163568040698567757e-02
1.908046374306105797e+00 3.078670648863235826e+00 6.884757387598090805e-02
1.908046374306105797e+00 3.078670648863235826e+00 8.605946734497613160e-02
1.908046374306105797e+00 3.078670648863235826e+00 1.032713608139713551e-01
1.908046374306105797e+00 3.078670648863235826e+00 1.204832542829665787e-01
9.567014452351575438e-01 0.000000000000000000e+00 0.000000000000000000e+00
9.567014452351575438e-01 0.000000000000000000e+00 7.397234115823094099e-03
9.567014452351575438e-01 0.000000000000000000e+00 1.479446823164618820e-02
2.226054103357123726e+00 0.000000000000000000e+00 5.163568040698567757e-02
2.226054103357123726e+00 0.000000000000000000e+00 6.884757387598090805e-02
2.226054103357123726e+00 0.000000000000000000e+00 8.605946734497613160e-02
2.226054103357123726e+00 0.000000000000000000e+00 1.032713608139713551e-01
2.226054103357123726e+00 0.000000000000000000e+00 1.204832542829665787e-01
9.567014452351575438e-01 9.450959675138020932e-02 0.000000000000000000e+00
9.567014452351575438e-01 9.450959675138020932e-02 7.397234115823094099e-03
9.567014452351575438e-01 9.450959675138020932e-02 1.479446823164618820e-02
2.226054103357123726e+00 2.199050463473739558e-01 5.163568040698567757e-02
2.226054103357123726e+00 2.199050463473739558e-01 6.884757387598090805e-02
2.226054103357123726e+00 2.199050463473739558e-01 8.605946734497613160e-02
2.226054103357123726e+00 2.199050463473739558e-01 1.032713608139713551e-01
2.226054103357123726e+00 2.199050463473739558e-01 1.204832542829665787e-01
9.567014452351575438e-01 1.890191935027604186e-01 0.000000000000000000e+00
9.567014452351575438e-01 1.890191935027604186e-01 7.397234115823094099e-03
9.567014452351575438e-01 1.890191935027604186e-01 1.479446823164618820e-02
2.226054103357123726e+00 4.398100926947479117e-01 5.163568040698567757e-02
2.226054103357123726e+00 4.398100926947479117e-01 6.884757387598090805e-02
2.226054103357123726e+00 4.398100926947479117e-01 8.605946734497613160e-02
2.226054103357123726e+00 4.398100926947479117e-01 1.032713608139713551e-01
2.226054103357123726e+00 4.398100926947479117e-01 1.204832542829665787e-01
9.567014452351575438e-01 2.835287902541406280e-01 0.000000000000000000e+00
9.567014452351575438e-01 2.835287902541406280e-01 7.397234115823094099e-03
9.567014452351575438e-01 2.835287902541406280e-01 1.479446823164618820e-02
2.226054103357123726e+00 6.597151390421219785e-01 5.163568040698567757e-02
2.226054103357123726e+00 6.597151390421219785e-01 6.884757387598090805e-02
2.226054103357123726e+00 6.597151390421219785e-01 8.605946734497613160e-02
2.226054103357123726e+00 6.597151390421219785e-01 1.032713608139713551e-01
2.226054103357123726e+00 6.597151390421219785e-01 1.204832542829665787e-01
9.567014452351575438e-01 3.780383870055208373e-01 0.000000000000000000e+00
9.567014452351575438e-01 3.780383870055208373e-01 7.397234115823094099e-03
9.567014452351575438e-01 3.780383870055208373e-01 1.479446823164618820e-02
2.226054103357123726e+00 8.796201853894958234e-01 5.163568040698567757e-02
2.226054103357123726e+00 8.796201853894958234e-01 6.884757387598090805e-02
2.226054103357123726e+00 8.796201853894958234e-01 8.605946734497613160e-02
2.226054103357123726e+00 8.796201853894958234e-01 1.032713608139713551e-01
2.226054103357123726e+00 8.796201853894958234e-01 1.204832542829665787e-01
9.567014452351575438e-01 4.725479837569010466e-01 0.000000000000000000e+00
9.567014452351575438e-01 4.725479837569010466e-01 7.397234115823094099e-03
9.567014452351575438e-01 4.725479837569010466e-01 1.479446823164618820e-02
2.226054103357123726e+00 1.099525231736869779e+00 5.163568040698567757e-02
2.226054103357123726e+00 1.099525231736869779e+00 6.884757387598090805e-02
2.226054103357123726e+00 1.099525231736869779e+00 8.605946734497613160e-02
2.226054103357123726e+00 1.099525231736869779e+00 1.032713608139713551e-01
2.226054103357123726e+00 1.099525231736869779e+00 1.204832542829665787e-01
9.567014452351575438e-01 5.670575805082812559e-01 0.000000000000000000e+00
9.567014452351575438e-01 5.670575805082812559e-01 7.397234115823094099e-03
9.567014452351575438e-01 5.670575805082812559e-01 1.479446823164618820e-02
2.226054103357123726e+00 1.319430278084243957e+00 5.163568040698567757e-02
2.226054103357123726e+00 1.319430278084243957e+00 6.884757387598090805e-02
2.226054103357123726e+00 1.319430278084243957e+00 8.605946734497613160e-02
2.226054103357123726e+00 1.319430278084243957e+00 1.032713608139713551e-01
2.226054103357123726e+00 1.319430278084243957e+00 1.204832542829665787e-01
9.567014452351575438e-01 6.615671772596615208e-01 0.000000000000000000e+00
9.567014452351575438e-01 6.615671772596615208e-01 7.397234115823094099e-03
9.567014452351575438e-01 6.615671772596615208e-01 1.479446823164618820e-02
2.226054103357123726e+00 1.539335324431617913e+00 5.163568040698567757e-02
2.226054103357123726e+00 1.539335324431617913e+00 6.884757387598090805e-02
2.226054103357123726e+00 1.539335324431617913e+00 8.605946734497613160e-02
2.226054103357123726e+00 1.539335324431617913e+00 1.032713608139713551e-01
2.226054103357123726e+00 1.539335324431617913e+00 1.204832542829665787e-01
9.567014452351575438e-01 7.560767740110416746e-01 0.000000000000000000e+00
9.567014452351575438e-01 7.560767740110416746e-01 7.397234115823094099e-03
9.567014452351575438e-01 7.560767740110416746e-01 1.479446823164618820e-02
2.226054103357123726e+00 1.759240370778991647e+00 5.163568040698567757e-02
2.226054103357123726e+00 1.759240370778991647e+00 6.884757387598090805e-02
2.226054103357123726e+00 1.759240370778991647e+00 8.605946734497613160e-02
2.226054103357123726e+00 1.759240370778991647e+00 1.032713608139713551e-01
2.226054103357123726e+00 1.759240370778991647e+00 1.204832542829665787e-01
9.567014452351575438e-01 8.505863707624218284e-01 0.000000000000000000e+00
9.567014452351575438e-01 8.505863707624218284e-01 7.397234115823094099e-03
9.567014452351575438e-01 8.505863707624218284e-01 1.479446823164618820e-02
2.226054103357123726e+00 1.979145417126365603e+00 5.163568040698567757e-02
2.226054103357123726e+00 1.979145417126365603e+00 6.884757387598090805e-02
2.226054103357123726e+00 1.979145417126365603e+00 8.605946734497613160e-02
2.226054103357123726e+00 1.979145417126365603e+00 1.032713608139713551e-01
2.226054103357123726e+00 1.979145417126365603e+00 1.204832542829665787e-01
9.567014452351575438e-01 9.450959675138020932e-01 0.000000000000000000e+00
9.567014452351575438e-01 9.450959675138020932e-01 7.397234115823094099e-03
9.567014452351575438e-01 9.450959675138020932e-01 1.479446823164618820e-02
2.226054103357123726e+00 2.199050463473739558e+00 5.163568040698567757e-02
2.226054103357123726e+00 2.199050463473739558e+00 6.884757387598090805e-02
2.226054103357123726e+00 2.199050463473739558e+00 8.605946734497613160e-02
2.226054103357123726e+00 2.199050463473739558e+00 1.032713608139713551e-01
2.226054103357123726e+00 2.199050463473739558e+00 1.204832542829665787e-01
9.567014452351575438e-01 1.039605564265182247e+00 0.000000000000000000e+00
9.567014452351575438e-01 1.039605564265182247e+00 7.397234115823094099e-03
9.567014452351575438e-01 1.039605564265182247e+00 1.479446823164618820e-02
2.226054103357123726e+00 2.418955509821113292e+00 5.163568040698567757e-02
2.226054103357123726e+00 2.418955509821113292e+00 6.884757387598090805e-02
2.226054103357123726e+00 2.418955509821113292e+00 8.605946734497613160e-02
2.226054103357123726e+00 2.418955509821113292e+00 1.032713608139713551e-01
2.226054103357123726e+00 2.418955509821113292e+00 1.204832542829665787e-01
9.567014452351575438e-01 1.134115161016562512e+00 0.000000000000000000e+00
9.567014452351575438e-01 1.134115161016562512e+00 7.397234115823094099e-03
9.567014452351575438e-01 1.134115161016562512e+00 1.479446823164618820e-02
2.226054103357123726e+00 2.638860556168487914e+00 5.163568040698567757e-02
2.226054103357123726e+00 2.638860556168487914e+00 6.884757387598090805e-02
2.226054103357123726e+00 2.638860556168487914e+00 8.605946734497613160e-02
2.226054103357123726e+00 2.638860556168487914e+00 1.032713608139713551e-01
2.226054103357123726e+00 2.638860556168487914e+00 1.204832542829665787e-01
9.567014452351575438e-01 1.228624757767942777e+00 0.000000000000000000e+00
9.567014452351575438e-01 1.228624757767942777e+00 7.397234115823094099e-03
9.567014452351575438e-01 1.228624757767942777e+00 1.479446823164618820e-02
2.226054103357123726e+00 2.858765602515861648e+00 5.163568040698567757e-02
2.226054103357123726e+00 2.858765602515861648e+00 6.884757387598090805e-02
2.226054103357123726e+00 2.858765602515861648e+00 8.605946734497613160e-02
2.226054103357123726e+00 2.858765602515861648e+00 1.032713608139713551e-01
2.226054103357123726e+00 2.858765602515861648e+00 1.204832542829665787e-01
9.567014452351575438e-01 1.323134354519323042e+00 0.000000000000000000e+00
9.567014452351575438e-01 1.323134354519323042e+00 7.397234115823094099e-03
9.567014452351575438e-01 1.323134354519323042e+00 1.479446823164618820e-02
2.226054103357123726e+00 3.078670648863235826e+00 5.163568040698567757e-02
2.226054103357123726e+00 3.078670648863235826e+00 6.884757387598090805e-02
2.226054103357123726e+00 3.078670648863235826e+00 8.605946734497613160e-02
2.226054103357123726e+00 3.078670648863235826e+00 1.032713608139713551e-01
2.226054103357123726e+00 3.078670648863235826e+00 1.204832542829665787e-01
1.093373080268751574e+00 0.000000000000000000e+00 0.000000000000000000e+00
1.093373080268751574e+00 0.000000000000000000e+00 7.397234115823094099e-03
1.093373080268751574e+00 0.000000000000000000e+00 1.479446823164618820e-02
2.544061832408141210e+00 0.000000000000000000e+00 5.163568040698567757e-02
2.544061832408141210e+00 0.000000000000000000e+00 6.884757387598090805e-02
2.544061832408141210e+00 0.000000000000000000e+00 8.605946734497613160e-02
2.544061832408141210e+00 0.000000000000000000e+00 1.032713608139713551e-01
2.544061832408141210e+00 0.000000000000000000e+00 1.204832542829665787e-01
1.093373080268751574e+00 9.450959675138020932e-02 0.000000000000000000e+00
1.093373080268751574e+00 9.450959675138020932e-02 7.397234115823094099e-03
1.093373080268751574e+00 9.450959675138020932e-02 1.479446823164618820e-02
2.544061832408141210e+00 2.199050463473739558e-01 5.163568040698567757e-02
2.544061832408141210e+00 2.199050463473739558e-01 6.884757387598090805e-02
2.544061832408141210e+00 2.199050463473739558e-01 8.605946734497613160e-02
2.544061832408141210e+00 2.199050463473739558e-01 1.032713608139713551e-01
2.544061832408141210e+00 2.199050463473739558e-01 1.204832542829665787e-01
1.093373080268751574e+00 1.890191935027604186e-01 0.000000000000000000e+00
1.093373080268751574e+00 1.890191935027604186e-01 7.397234115823094099e-03
1.093373080268751574e+00 1.890191935027604186e-01 1.479446823164618820e-02
2.544061832408141210e+00 4.398100926947479117e-01 5.163568040698567757e-02
2.544061832408141210e+00 4.398100926947479117e-01 6.884757387598090805e-02
2.544061832408141210e+00 4.398100926947479117e-01 8.605946734497613160e-02
2.544061832408141210e+00 4.398100926947479117e-01 1.032713608139713551e-01
2.544061832408141210e+00 4.398100926947479117e-01 1.204832542829665787e-01
1.093373080268751574e+00 2.835287902541406280e-01 0.000000000000000000e+00
1.093373080268751574e+00 2.835287902541406280e-01 7.397234115823094099e-03
1.093373080268751574e+00 2.835287902541406280e-01 1.479446823164618820e-02
2.544061832408141210e+00 6.597151390421219785e-01 5.163568040698567757e-02
2.544061832408141210e+00 6.597151390421219785e-01 6.884757387598090805e-02
2.544061832408141210e+00 6.597151390421219785e-01 8.605946734497613160e-02
2.544061832408141210e+00 6.597151390421219785e-01 1.032713608139713551e-01
2.544061832408141210e+00 6.597151390421219785e-01 1.204832542829665787e-01
1.093373080268751574e+00 3.780383870055208373e-01 0.000000000000000000e+00
1.093373080268751574e+00 3.780383870055208373e-01 7.397234115823094099e-03
1.093373080268751574e+00 3.780383870055208373e-01 1.479446823164618820e-02
2.544061832408141210e+00 8.796201853894958234e-01 5.163568040698567757e-02
2.544061832408141210e+00 8.796201853894958234e-01 6.884757387598090805e-02
2.544061832408141210e+00 8.796201853894958234e-01 8.605946734497613160e-02
2.544061832408141210e+00 8.796201853894958234e-01 1.032713608139713551e-01
2.544061832408141210e+00 8.796201853894958234e-01 1.204832542829665787e-01
1.093373080268751574e+00 4.725479837569010466e-01 0.000000000000000000e+00
1.093373080268751574e+00 4.725479837569010466e-01 7.397234115823094099e-03
1.093373080268751574e+00 4.725479837569010466e-01 1.479446823164618820e-02
2.544061832408141210e+00 1.099525231736869779e+00 5.163568040698567757e-02
2.544061832408141210e+00 1.099525231736869779e+00 6.884757387598090805e-02
2.544061832408141210e+00 1.099525231736869779e+00 8.605946734497613160e-02
2.544061832408141210e+00 1.099525231736869779e+00 1.032713608139713551e-01
2.544061832408141210e+00 1.099525231736869779e+00 1.204832542829665787e-01
1.093373080268751574e+00 5.670575805082812559e-01 0.000000000000000000e+00
1.093373080268751574e+00 5.670575805082812559e-01 7.397234115823094099e-03
1.093373080268751574e+00 5.670575805082812559e-01 1.479446823164618820e-02
2.544061832408141210e+00 1.319430278084243957e+00 5.163568040698567757e-02
2.544061832408141210e+00 1.319430278084243957e+00 6.884757387598090805e-02
2.544061832408141210e+00 1.319430278084243957e+00 8.605946734497613160e-02
2.544061832408141210e+00 1.319430278084243957e+00 1.032713608139713551e-01
2.544061832408141210e+00 1.319430278084243957e+00 1.204832542829665787e-01
1.093373080268751574e+00 6.615671772596615208e-01 0.000000000000000000e+00
1.093373080268751574e+00 6.615671772596615208e-01 7.397234115823094099e-03
1.093373080268751574e+00 6.615671772596615208e-01 1.479446823164618820e-02
2.544061832408141210e+00 1.539335324431617913e+00 5.163568040698567757e-02
2.544061832408141210e+00 1.539335324431617913e+00 6.884757387598090805e-02
2.544061832408141210e+00 1.539335324431617913e+00 8.605946734497613160e-02
2.544061832408141210e+00 1.539335324431617913e+00 1.032713608139713551e-01
2.544061832408141210e+00 1.539335324431617913e+00 1.204832542829665787e-01
1.093373080268751574e+00 7.560767740110416746e-01 0.000000000000000000e+00
1.093373080268751574e+00 7.560767740110416746e-01 7.397234115823094099e-03
1.093373080268751574e+00 7.560767740110416746e-01 1.479446823164618820e-02
2.544061832408141210e+00 1.759240370778991647e+00 5.163568040698567757e-02
2.544061832408141210e+00 1.759240370778991647e+00 6.884757387598090805e-02
2.544061832408141210e+00 1.759240370778991647e+00 8.605946734497613160e-02
2.544061832408141210e+00 1.759240370778991647e+00 1.032713608139713551e-01
2.544061832408141210e+00 1.759240370778991647e+00 1.204832542829665787e-01
1.093373080268751574e+00 8.505863707624218284e-01 0.000000000000000000e+00
1.093373080268751574e+00 8.505863707624218284e-01 7.397234115823094099e-03
1.093373080268751574e+00 8.505863707624218284e-01 1.479446823164618820e-02
2.544061832408141210e+00 1.979145417126365603e+00 5.163568040698567757e-02
2.544061832408141210e+00 1.979145417126365603e+00 6.884757387598090805e-02
2.544061832408141210e+00 1.979145417126365603e+00 8.605946734497613160e-02
2.544061832408141210e+00 1.979145417126365603e+00 1.032713608139713551e-01
2.544061832408141210e+00 1.979145417126365603e+00 1.204832542829665787e-01
1.093373080268751574e+00 9.450959675138020932e-01 0.000000000000000000e+00
1.093373080268751574e+00 9.450959675138020932e-01 7.397234115823094099e-03
1.093373080268751574e+00 9.450959675138020932e-01 1.479446823164618820e-02
2.544061832408141210e+00 2.199050463473739558e+00 5.163568040698567757e-02
2.544061832408141210e+00 2.199050463473739558e+00 6.884757387598090805e-02
2.544061832408141210e+00 2.199050463473739558e+00 8.605946734497613160e-02
2.544061832408141210e+00 2.199050463473739558e+00 1.032713608139713551e-01
2.544061832408141210e+00 2.199050463473739558e+00 1.204832542829665787e-01
1.093373080268751574e+00 1.039605564265182247e+00 0.000000000000000000e+00
1.093373080268751574e+00 1.039605564265182247e+00 7.397234115823094099e-03
1.093373080268751574e+00 1.039605564265182247e+00 1.479446823164618820e-02
2.544061832408141210e+00 2.418955509821113292e+00 5.163568040698567757e-02
2.544061832408141210e+00 2.418955509821113292e+00 6.884757387598090805e-02
2.544061832408141210e+00 2.418955509821113292e+00 8.605946734497613160e-02
2.544061832408141210e+00 2.418955509821113292e+00 1.032713608139713551e-01
2.544061832408141210e+00 2.418955509821113292e+00 1.204832542829665787e-01
1.093373080268751574e+00 1.134115161016562512e+00 0.000000000000000000e+00
1.093373080268751574e+00 1.134115161016562512e+00 7.397234115823094099e-03
1.093373080268751574e+00 1.134115161016562512e+00 1.479446823164618820e-02
2.544061832408141210e+00 2.638860556168487914e+00 5.163568040698567757e-02
2.544061832408141210e+00 2.638860556168487914e+00 6.884757387598090805e-02
2.544061832408141210e+00 2.638860556168487914e+00 8.605946734497613160e-02
2.544061832408141210e+00 2.638860556168487914e+00 1.032713608139713551e-01
2.544061832408141210e+00 2.638860556168487914e+00 1.204832542829665787e-01
1.093373080268751574e+00 1.228624757767942777e+00 0.000000000000000000e+00
1.093373080268751574e+00 1.228624757767942777e+00 7.397234115823094099e-03
1.093373080268751574e+00 1.228624757767942777e+00 1.479446823164618820e-02
2.544061832408141210e+00 2.858765602515861648e+00 5.163568040698567757e-02
2.544061832408141210e+00 2.858765602515861648e+00 6.884757387598090805e-02
2.544061832408141210e+00 2.858765602515861648e+00 8.605946734497613160e-02
2.544061832408141210e+00 2.858765602515861648e+00 1.032713608139713551e-01
2.544061832408141210e+00 2.858765602515861648e+00 1.204832542829665787e-01
1.093373080268751574e+00 1.323134354519323042e+00 0.000000000000000000e+00
1.093373080268751574e+00 1.323134354519323042e+00 7.397234115823094099e-03
1.093373080268751574e+00 1.323134354519323042e+00 1.479446823164618820e-02
2.544061832408141210e+00 3.078670648863235826e+00 5.163568040698567757e-02
2.544061832408141210e+00 3.078670648863235826e+00 6.884757387598090805e-02
2.544061832408141210e+00 3.078670648863235826e+00 8.605946734497613160e-02
2.544061832408141210e+00 3.078670648863235826e+00 1.032713608139713551e-01
2.544061832408141210e+00 3.078670648863235826e+00 1.204832542829665787e-01
1.230044715302345493e+00 0.000000000000000000e+00 0.000000000000000000e+00
1.230044715302345493e+00 0.000000000000000000e+00 7.397234115823094099e-03
1.230044715302345493e+00 0.000000000000000000e+00 1.479446823164618820e-02
2.862069561459159139e+00 0.000000000000000000e+00 5.163568040698567757e-02
2.862069561459159139e+00 0.000000000000000000e+00 6.884757387598090805e-02
2.862069561459159139e+00 0.000000000000000000e+00 8.605946734497613160e-02
2.862069561459159139e+00 0.000000000000000000e+00 1.032713608139713551e-01
2.862069561459159139e+00 0.000000000000000000e+00 1.204832542829665787e-01
1.230044715302345493e+00 9.450959675138020932e-02 0.000000000000000000e+00
1.230044715302345493e+00 9.450959675138020932e-02 7.397234115823094099e-03
1.230044715302345493e+00 9.450959675138020932e-02 1.479446823164618820e-02
2.862069561459159139e+00 2.199050463473739558e-01 5.163568040698567757e-02
2.862069561459159139e+00 2.199050463473739558e-01 6.884757387598090805e-02
2.862069561459159139e+00 2.199050463473739558e-01 8.605946734497613160e-02
2.862069561459159139e+00 2.199050463473739558e-01 1.032713608139713551e-01
2.862069561459159139e+00 2.199050463473739558e-01 1.204832542829665787e-01
1.230044715302345493e+00 1.890191935027604186e-01 0.000000000000000000e+00
1.230044715302345493e+00 1.890191935027604186e-01 7.397234115823094099e-03
1.230044715302345493e+00 1.890191935027604186e-01 1.479446823164618820e-02
2.862069561459159139e+00 4.398100926947479117e-01 5.163568040698567757e-02
2.862069561459159139e+00 4.398100926947479117e-01 6.884757387598090805e-02
2.862069561459159139e+00 4.398100926947479117e-01 8.605946734497613160e-02
2.862069561459159139e+00 4.398100926947479117e-01 1.032713608139713551e-01
2.862069561459159139e+00 4.398100926947479117e-01 1.204832542829665787e-01
1.230044715302345493e+00 2.835287902541406280e-01 0.000000000000000000e+00
1.230044715302345493e+00 2.835287902541406280e-01 7.397234115823094099e-03
1.230044715302345493e+00 2.835287902541406280e-01 1.479446823164618820e-02
2.862069561459159139e+00 6.597151390421219785e-01 5.163568040698567757e-02
2.862069561459159139e+00 6.597151390421219785e-01 6.884757387598090805e-02
2.862069561459159139e+00 6.597151390421219785e-01 8.605946734497613160e-02
2.862069561459159139e+00 6.597151390421219785e-01 1.032713608139713551e-01
2.862069561459159139e+00 6.597151390421219785e-01 1.204832542829665787e-01
1.230044715302345493e+00 3.780383870055208373e-01 0.000000000000000000e+00
1.230044715302345493e+00 3.780383870055208373e-01 7.397234115823094099e-03
1.230044715302345493e+00 3.780383870055208373e-01 1.479446823164618820e-02
2.862069561459159139e+00 8.796201853894958234e-01 5.163568040698567757e-02
2.862069561459159139e+00 8.796201853894958234e-01 6.884757387598090805e-02
2.862069561459159139e+00 8.796201853894958234e-01 8.605946734497613160e-02
2.862069561459159139e+00 8.796201853894958234e-01 1.032713608139713551e-01
2.862069561459159139e+00 8.796201853894958234e-01 1.204832542829665787e-01
1.230044715302345493e+00 4.725479837569010466e-01 0.000000000000000000e+00
1.230044715302345493e+00 4.725479837569010466e-01 7.397234115823094099e-03
1.230044715302345493e+00 4.725479837569010466e-01 1.479446823164618820e-02
2.862069561459159139e+00 1.099525231736869779e+00 5.163568040698567757e-02
2.862069561459159139e+00 1.099525231736869779e+00 6.884757387598090805e-02
2.862069561459159139e+00 1.099525231736869779e+00 8.605946734497613160e-02
2.862069561459159139e+00 1.099525231736869779e+00 1.032713608139713551e-01
2.862069561459159139e+00 1.099525231736869779e+00 1.204832542829665787e-01
1.230044715302345493e+00 5.670575805082812559e-01 0.000000000000000000e+00
1.230044715302345493e+00 5.670575805082812559e-01 7.397234115823094099e-03
1.230044715302345493e+00 5.670575805082812559e-01 1.479446823164618820e-02
2.862069561459159139e+00 1.319430278084243957e+00 5.163568040698567757e-02
2.862069561459159139e+00 1.319430278084243957e+00 6.884757387598090805e-02
2.862069561459159139e+00 1.319430278084243957e+00 8.605946734497613160e-02
2.862069561459159139e+00 1.319430278084243957e+00 1.032713608139713551e-01
2.862069561459159139e+00 1.319430278084243957e+00 1.204832542829665787e-01
1.230044715302345493e+00 6.615671772596615208e-01 0.000000000000000000e+00
1.230044715302345493e+00 6.615671772596615208e-01 7.397234115823094099e-03
1.230044715302345493e+00 6.615671772596615208e-01 1.479446823164618820e-02
2.862069561459159139e+00 1.539335324431617913e+00 5.163568040698567757e-02
2.862069561459159139e+00 1.539335324431617913e+00 6.884757387598090805e-02
2.862069561459159139e+00 1.539335324431617913e+00 8.605946734497613160e-02
2.862069561459159139e+00 1.539335324431617913e+00 1.032713608139713551e-01
2.862069561459159139e+00 1.539335324431617913e+00 1.204832542829665787e-01
1.230044715302345493e+00 7.560767740110416746e-01 0.000000000000000000e+00
1.230044715302345493e+00 7.560767740110416746e-01 7.397234115823094099e-03
1.230044715302345493e+00 7.560767740110416746e-01 1.479446823164618820e-02
2.862069561459159139e+00 1.759240370778991647e+00 5.163568040698567757e-02
2.862069561459159139e+00 1.759240370778991647e+00 6.884757387598090805e-02
2.862069561459159139e+00 1.759240370778991647e+00 8.605946734497613160e-02
2.862069561459159139e+00 1.759240370778991647e+00 1.032713608139713551e-01
2.862069561459159139e+00 1.759240370778991647e+00 1.204832542829665787e-01
1.230044715302345493e+00 8.505863707624218284e-01 0.000000000000000000e+00
1.230044715302345493e+00 8.505863707624218284e-01 7.397234115823094099e-03
1.230044715302345493e+00 8.505863707624218284e-01 1.479446823164618820e-02
2.862069561459159139e+00 1.979145417126365603e+00 5.163568040698567757e-02
2.862069561459159139e+00 1.979145417126365603e+00 6.884757387598090805e-02
2.862069561459159139e+00 1.979145417126365603e+00 8.605946734497613160e-02
2.862069561459159139e+00 1.979145417126365603e+00 1.032713608139713551e-01
2.862069561459159139e+00 1.979145417126365603e+00 1.204832542829665787e-01
1.230044715302345493e+00 9.450959675138020932e-01 0.000000000000000000e+00
1.230044715302345493e+00 9.450959675138020932e-01 7.397234115823094099e-03
1.230044715302345493e+00 9.450959675138020932e-01 1.479446823164618820e-02
2.862069561459159139e+00 2.199050463473739558e+00 5.163568040698567757e-02
2.862069561459159139e+00 2.199050463473739558e+00 6.884757387598090805e-02
2.862069561459159139e+00 2.199050463473739558e+00 8.605946734497613160e-02
2.862069561459159139e+00 2.199050463473739558e+00 1.032713608139713551e-01
2.862069561459159139e+00 2.199050463473739558e+00 1.204832542829665787e-01
1.230044715302345493e+00 1.039605564265182247e+00 0.000000000000000000e+00
1.230044715302345493e+00 1.039605564265182247e+00 7.397234115823094099e-03
1.230044715302345493e+00 1.039605564265182247e+00 1.479446823164618820e-02
2.862069561459159139e+00 2.418955509821113292e+00 5.163568040698567757e-02
2.862069561459159139e+00 2.418955509821113292e+00 6.884757387598090805e-02
2.862069561459159139e+00 2.418955509821113292e+00 8.605946734497613160e-02
2.862069561459159139e+00 2.418955509821113292e+00 1.032713608139713551e-01
2.862069561459159139e+00 2.418955509821113292e+00 1.204832542829665787e-01
1.230044715302345493e+00 1.134115161016562512e+00 0.000000000000000000e+00
1.230044715302345493e+00 1.134115161016562512e+00 7.397234115823094099e-03
1.230044715302345493e+00 1.134115161016562512e+00 1.479446823164618820e-02
2.862069561459159139e+00 2.638860556168487914e+00 5.163568040698567757e-02
2.862069561459159139e+00 2.638860556168487914e+00 6.884757387598090805e-02
2.862069561459159139e+00 2.638860556168487914e+00 8.605946734497613160e-02
2.862069561459159139e+00 2.638860556168487914e+00 1.032713608139713551e-01
2.862069561459159139e+00 2.638860556168487914e+00 1.204832542829665787e-01
1.230044715302345493e+00 1.228624757767942777e+00 0.000000000000000000e+00
1.230044715302345493e+00 1.228624757767942777e+00 7.397234115823094099e-03
1.230044715302345493e+00 1.228624757767942777e+00 1.479446823164618820e-02
2.862069561459159139e+00 2.858765602515861648e+00 5.163568040698567757e-02
2.862069561459159139e+00 2.858765602515861648e+00 6.884757387598090805e-02
2.862069561459159139e+00 2.858765602515861648e+00 8.605946734497613160e-02
2.862069561459159139e+00 2.858765602515861648e+00 1.032713608139713551e-01
2.862069561459159139e+00 2.858765602515861648e+00 1.204832542829665787e-01
1.230044715302345493e+00 1.323134354519323042e+00 0.000000000000000000e+00
1.230044715302345493e+00 1.323134354519323042e+00 7.397234115823094099e-03
1.230044715302345493e+00 1.323134354519323042e+00 1.479446823164618820e-02
2.862069561459159139e+00 3.078670648863235826e+00 5.163568040698567757e-02
2.862069561459159139e+00 3.078670648863235826e+00 6.884757387598090805e-02
2.862069561459159139e+00 3.078670648863235826e+00 8.605946734497613160e-02
2.862069561459159139e+00 3.078670648863235826e+00 1.032713608139713551e-01
2.862069561459159139e+00 3.078670648863235826e+00 1.204832542829665787e-01
1.366716350335939412e+00 0.000000000000000000e+00 0.000000000000000000e+00
1.366716350335939412e+00 0.000000000000000000e+00 7.397234115823094099e-03
1.366716350335939412e+00 0.000000000000000000e+00 1.479446823164618820e-02
3.180077290510176180e+00 0.000000000000000000e+00 5.163568040698567757e-02
3.180077290510176180e+00 0.000000000000000000e+00 6.884757387598090805e-02
3.180077290510176180e+00 0.000000000000000000e+00 8.605946734497613160e-02
3.180077290510176180e+00 0.000000000000000000e+00 1.032713608139713551e-01
3.180077290510176180e+00 0.000000000000000000e+00 1.204832542829665787e-01
1.366716350335939412e+00 9.450959675138020932e-02 0.000000000000000000e+00
1.366716350335939412e+00 9.450959675138020932e-02 7.397234115823094099e-03
1.366716350335939412e+00 9.450959675138020932e-02 1.479446823164618820e-02
3.180077290510176180e+00 2.199050463473739558e-01 5.163568040698567757e-02
3.180077290510176180e+00 2.199050463473739558e-01 6.884757387598090805e-02
3.180077290510176180e+00 2.199050463473739558e-01 8.605946734497613160e-02
3.180077290510176180e+00 2.199050463473739558e-01 1.032713608139713551e-01
3.180077290510176180e+00 2.199050463473739558e-01 1.204832542829665787e-01
1.366716350335939412e+00 1.890191935027604186e-01 0.000000000000000000e+00
1.366716350335939412e+00 1.890191935027604186e-01 7.397234115823094099e-03
1.366716350335939412e+00 1.890191935027604186e-01 1.479446823164618820e-02
3.180077290510176180e+00 4.398100926947479117e-01 5.163568040698567757e-02
3.180077290510176180e+00 4.398100926947479117e-01 6.884757387598090805e-02
3.180077290510176180e+00 4.398100926947479117e-01 8.605946734497613160e-02
3.180077290510176180e+00 4.398100926947479117e-01 1.032713608139713551e-01
3.180077290510176180e+00 4.398100926947479117e-01 1.204832542829665787e-01
1.366716350335939412e+00 2.835287902541406280e-01 0.000000000000000000e+00
1.366716350335939412e+00 2.835287902541406280e-01 7.397234115823094099e-03
1.366716350335939412e+00 2.835287902541406280e-01 1.479446823164618820e-02
3.180077290510176180e+00 6.597151390421219785e-01 5.163568040698567757e-02
3.180077290510176180e+00 6.597151390421219785e-01 6.884757387598090805e-02
3.180077290510176180e+00 6.597151390421219785e-01 8.605946734497613160e-02
3.180077290510176180e+00 6.597151390421219785e-01 1.032713608139713551e-01
3.180077290510176180e+00 6.597151390421219785e-01 1.204832542829665787e-01
1.366716350335939412e+00 3.780383870055208373e-01 0.000000000000000000e+00
1.366716350335939412e+00 3.780383870055208373e-01 7.397234115823094099e-03
1.366716350335939412e+00 3.780383870055208373e-01 1.479446823164618820e-02
3.180077290510176180e+00 8.796201853894958234e-01 5.163568040698567757e-02
3.180077290510176180e+00 8.796201853894958234e-01 6.884757387598090805e-02
3.180077290510176180e+00 8.796201853894958234e-01 8.605946734497613160e-02
3.180077290510176180e+00 8.796201853894958234e-01 1.032713608139713551e-01
3.180077290510176180e+00 8.796201853894958234e-01 1.204832542829665787e-01
1.366716350335939412e+00 4.725479837569010466e-01 0.000000000000000000e+00
1.366716350335939412e+00 4.725479837569010466e-01 7.397234115823094099e-03
1.366716350335939412e+00 4.725479837569010466e-01 1.479446823164618820e-02
3.180077290510176180e+00 1.099525231736869779e+00 5.163568040698567757e-02
3.180077290510176180e+00 1.099525231736869779e+00 6.884757387598090805e-02
3.180077290510176180e+00 1.099525231736869779e+00 8.605946734497613160e-02
3.180077290510176180e+00 1.099525231736869779e+00 1.032713608139713551e-01
3.180077290510176180e+00 1.099525231736869779e+00 1.204832542829665787e-01
1.366716350335939412e+00 5.670575805082812559e-01 0.000000000000000000e+00
1.366716350335939412e+00 5.670575805082812559e-01 7.397234115823094099e-03
1.366716350335939412e+00 5.670575805082812559e-01 1.479446823164618820e-02
3.180077290510176180e+00 1.319430278084243957e+00 5.163568040698567757e-02
3.180077290510176180e+00 1.319430278084243957e+00 6.884757387598090805e-02
3.180077290510176180e+00 1.319430278084243957e+00 8.605946734497613160e-02
3.180077290510176180e+00 1.319430278084243957e+00 1.032713608139713551e-01
3.180077290510176180e+00 1.319430278084243957e+00 1.204832542829665787e-01
1.366716350335939412e+00 6.615671772596615208e-01 0.000000000000000000e+00
1.366716350335939412e+00 6.615671772596615208e-01 7.397234115823094099e-03
1.366716350335939412e+00 6.615671772596615208e-01 1.479446823164618820e-02
3.180077290510176180e+00 1.539335324431617913e+00 5.163568040698567757e-02
3.180077290510176180e+00 1.539335324431617913e+00 6.884757387598090805e-02
3.180077290510176180e+00 1.539335324431617913e+00 8.605946734497613160e-02
3.180077290510176180e+00 1.539335324431617913e+00 1.032713608139713551e-01
3.180077290510176180e+00 1.539335324431617913e+00 1.204832542829665787e-01
1.366716350335939412e+00 7.560767740110416746e-01 0.000000000000000000e+00
1.366716350335939412e+00 7.560767740110416746e-01 7.397234115823094099e-03
1.366716350335939412e+00 7.560767740110416746e-01 1.479446823164618820e-02
3.180077290510176180e+00 1.759240370778991647e+00 5.163568040698567757e-02
3.180077290510176180e+00 1.759240370778991647e+00 6.884757387598090805e-02
3.180077290510176180e+00 1.759240370778991647e+00 8.605946734497613160e-02
3.180077290510176180e+00 1.759240370778991647e+00 1.032713608139713551e-01
3.180077290510176180e+00 1.759240370778991647e+00 1.204832542829665787e-01
1.366716350335939412e+00 8.505863707624218284e-01 0.000000000000000000e+00
1.366716350335939412e+00 8.505863707624218284e-01 7.397234115823094099e-03
1.366716350335939412e+00 8.505863707624218284e-01 1.479446823164618820e-02
3.180077290510176180e+00 1.979145417126365603e+00 5.163568040698567757e-02
3.180077290510176180e+00 1.979145417126365603e+00 6.884757387598090805e-02
3.180077290510176180e+00 1.979145417126365603e+00 8.605946734497613160e-02
3.180077290510176180e+00 1.979145417126365603e+00 1.032713608139713551e-01
3.180077290510176180e+00 1.979145417126365603e+00 1.204832542829665787e-01
1.366716350335939412e+00 9.450959675138020932e-01 0.000000000000000000e+00
1.366716350335939412e+00 9.450959675138020932e-01 7.397234115823094099e-03
1.366716350335939412e+00 9.450959675138020932e-01 1.479446823164618820e-02
3.180077290510176180e+00 2.199050463473739558e+00 5.163568040698567757e-02
3.180077290510176180e+00 2.199050463473739558e+00 6.884757387598090805e-02
3.180077290510176180e+00 2.199050463473739558e+00 8.605946734497613160e-02
3.180077290510176180e+00 2.199050463473739558e+00 1.032713608139713551e-01
3.180077290510176180e+00 2.199050463473739558e+00 1.204832542829665787e-01
1.366716350335939412e+00 1.039605564265182247e+00 0.000000000000000000e+00
1.366716350335939412e+00 1.039605564265182247e+00 7.397234115823094099e-03
1.366716350335939412e+00 1.039605564265182247e+00 1.479446823164618820e-02
3.180077290510176180e+00 2.418955509821113292e+00 5.163568040698567757e-02
3.180077290510176180e+00 2.418955509821113292e+00 6.884757387598090805e-02
3.180077290510176180e+00 2.418955509821113292e+00 8.605946734497613160e-02
3.180077290510176180e+00 2.418955509821113292e+00 1.032713608139713551e-01
3.180077290510176180e+00 2.418955509821113292e+00 1.204832542829665787e-01
1.366716350335939412e+00 1.134115161016562512e+00 0.000000000000000000e+00
1.366716350335939412e+00 1.134115161016562512e+00 7.397234115823094099e-03
1.366716350335939412e+00 1.134115161016562512e+00 1.479446823164618820e-02
3.180077290510176180e+00 2.638860556168487914e+00 5.163568040698567757e-02
3.180077290510176180e+00 2.638860556168487914e+00 6.884757387598090805e-02
3.180077290510176180e+00 2.638860556168487914e+00 8.605946734497613160e-02
3.180077290510176180e+00 2.638860556168487914e+00 1.032713608139713551e-01
3.180077290510176180e+00 2.638860556168487914e+00 1.204832542829665787e-01
1.366716350335939412e+00 1.228624757767942777e+00 0.000000000000000000e+00
1.366716350335939412e+00 1.228624757767942777e+00 7.397234115823094099e-03
1.366716350335939412e+00 1.228624757767942777e+00 1.479446823164618820e-02
3.180077290510176180e+00 2.858765602515861648e+00 5.163568040698567757e-02
3.180077290510176180e+00 2.858765602515861648e+00 6.884757387598090805e-02
3.180077290510176180e+00 2.858765602515861648e+00 8.605946734497613160e-02
3.180077290510176180e+00 2.858765602515861648e+00 1.032713608139713551e-01
3.180077290510176180e+00 2.858765602515861648e+00 1.204832542829665787e-01
1.366716350335939412e+00 1.323134354519323042e+00 0.000000000000000000e+00
1.366716350335939412e+00 1.323134354519323042e+00 7.397234115823094099e-03
1.366716350335939412e+00 1.323134354519323042e+00 1.479446823164618820e-02
3.180077290510176180e+00 3.078670648863235826e+00 5.163568040698567757e-02
3.180077290510176180e+00 3.078670648863235826e+00 6.884757387598090805e-02
3.180077290510176180e+00 3.078670648863235826e+00 8.605946734497613160e-02
3.180077290510176180e+00 3.078670648863235826e+00 1.032713608139713551e-01
3.180077290510176180e+00 3.078670648863235826e+00 1.204832542829665787e-01
1.503387985369533331e+00 0.000000000000000000e+00 0.000000000000000000e+00
1.503387985369533331e+00 0.000000000000000000e+00 7.397234115823094099e-03
1.503387985369533331e+00 0.000000000000000000e+00 1.479446823164618820e-02
3.498085019561194109e+00 0.000000000000000000e+00 5.163568040698567757e-02
3.498085019561194109e+00 0.000000000000000000e+00 6.884757387598090805e-02
3.498085019561194109e+00 0.000000000000000000e+00 8.605946734497613160e-02
3.498085019561194109e+00 0.000000000000000000e+00 1.032713608139713551e-01
3.498085019561194109e+00 0.000000000000000000e+00 1.204832542829665787e-01
1.503387985369533331e+00 9.450959675138020932e-02 0.000000000000000000e+00
1.503387985369533331e+00 9.450959675138020932e-02 7.397234115823094099e-03
1.503387985369533331e+00 9.450959675138020932e-02 1.479446823164618820e-02
3.498085019561194109e+00 2.199050463473739558e-01 5.163568040698567757e-02
3.498085019561194109e+00 2.199050463473739558e-01 6.884757387598090805e-02
3.498085019561194109e+00 2.199050463473739558e-01 8.605946734497613160e-02
3.498085019561194109e+00 2.199050463473739558e-01 1.032713608139713551e-01
3.498085019561194109e+00 2.199050463473739558e-01 1.204832542829665787e-01
1.503387985369533331e+00 1.890191935027604186e-01 0.000000000000000000e+00
1.503387985369533331e+00 1.890191935027604186e-01 7.397234115823094099e-03
1.503387985369533331e+00 1.890191935027604186e-01 1.479446823164618820e-02
3.498085019561194109e+00 4.398100926947479117e-01 5.163568040698567757e-02
3.498085019561194109e+00 4.398100926947479117e-01 6.884757387598090805e-02
3.498085019561194109e+00 4.398100926947479117e-01 8.605946734497613160e-02
3.498085019561194109e+00 4.398100926947479117e-01 1.032713608139713551e-01
3.498085019561194109e+00 4.398100926947479117e-01 1.204832542829665787e-01
1.503387985369533331e+00 2.835287902541406280e-01 0.000000000000000000e+00
1.503387985369533331e+00 2.835287902541406280e-01 7.397234115823094099e-03
1.503387985369533331e+00 2.835287902541406280e-01 1.479446823164618820e-02
3.498085019561194109e+00 6.597151390421219785e-01 5.163568040698567757e-02
3.498085019561194109e+00 6.597151390421219785e-01 6.884757387598090805e-02
3.498085019561194109e+00 6.597151390421219785e-01 8.605946734497613160e-02
3.498085019561194109e+00 6.597151390421219785e-01 1.032713608139713551e-01
3.498085019561194109e+00 6.597151390421219785e-01 1.204832542829665787e-01
1.503387985369533331e+00 3.780383870055208373e-01 0.000000000000000000e+00
1.503387985369533331e+00 3.780383870055208373e-01 7.397234115823094099e-03
1.503387985369533331e+00 3.780383870055208373e-01 1.479446823164618820e-02
3.498085019561194109e+00 8.796201853894958234e-01 5.163568040698567757e-02
3.498085019561194109e+00 8.796201853894958234e-01 6.884757387598090805e-02
3.498085019561194109e+00 8.796201853894958234e-01 8.605946734497613160e-02
3.498085019561194109e+00 8.796201853894958234e-01 1.032713608139713551e-01
3.498085019561194109e+00 8.796201853894958234e-01 1.204832542829665787e-01
1.503387985369533331e+00 4.725479837569010466e-01 0.000000000000000000e+00
1.503387985369533331e+00 4.725479837569010466e-01 7.397234115823094099e-03
1.503387985369533331e+00 4.725479837569010466e-01 1.479446823164618820e-02
3.498085019561194109e+00 1.099525231736869779e+00 5.163568040698567757e-02
3.498085019561194109e+00 1.099525231736869779e+00 6.884757387598090805e-02
3.498085019561194109e+00 1.099525231736869779e+00 8.605946734497613160e-02
3.498085019561194109e+00 1.099525231736869779e+00 1.032713608139713551e-01
3.498085019561194109e+00 1.099525231736869779e+00 1.204832542829665787e-01
1.503387985369533331e+00 5.670575805082812559e-01 0.000000000000000000e+00
1.503387985369533331e+00 5.670575805082812559e-01 7.397234115823094099e-03
1.503387985369533331e+00 5.670575805082812559e-01 1.479446823164618820e-02
3.498085019561194109e+00 1.319430278084243957e+00 5.163568040698567757e-02
3.498085019561194109e+00 1.319430278084243957e+00 6.884757387598090805e-02
3.498085019561194109e+00 1.319430278084243957e+00 8.605946734497613160e-02
3.498085019561194109e+00 1.319430278084243957e+00 1.032713608139713551e-01
3.498085019561194109e+00 1.319430278084243957e+00 1.204832542829665787e-01
1.503387985369533331e+00 6.615671772596615208e-01 0.000000000000000000e+00
1.503387985369533331e+00 6.615671772596615208e-01 7.397234115823094099e-03
1.503387985369533331e+00 6.615671772596615208e-01 1.479446823164618820e-02
3.498085019561194109e+00 1.539335324431617913e+00 5.163568040698567757e-02
3.498085019561194109e+00 1.539335324431617913e+00 6.884757387598090805e-02
3.498085019561194109e+00 1.539335324431617913e+00 8.605946734497613160e-02
3.498085019561194109e+00 1.539335324431617913e+00 1.032713608139713551e-01
3.498085019561194109e+00 1.539335324431617913e+00 1.204832542829665787e-01
1.503387985369533331e+00 7.560767740110416746e-01 0.000000000000000000e+00
1.503387985369533331e+00 7.560767740110416746e-01 7.397234115823094099e-03
1.503387985369533331e+00 7.560767740110416746e-01 1.479446823164618820e-02
3.498085019561194109e+00 1.759240370778991647e+00 5.163568040698567757e-02
3.498085019561194109e+00 1.759240370778991647e+00 6.884757387598090805e-02
3.498085019561194109e+00 1.759240370778991647e+00 8.605946734497613160e-02
3.498085019561194109e+00 1.759240370778991647e+00 1.032713608139713551e-01
3.498085019561194109e+00 1.759240370778991647e+00 1.204832542829665787e-01
1.503387985369533331e+00 8.505863707624218284e-01 0.000000000000000000e+00
1.503387985369533331e+00 8.505863707624218284e-01 7.397234115823094099e-03
1.503387985369533331e+00 8.505863707624218284e-01 1.479446823164618820e-02
3.498085019561194109e+00 1.979145417126365603e+00 5.163568040698567757e-02
3.498085019561194109e+00 1.979145417126365603e+00 6.884757387598090805e-02
3.498085019561194109e+00 1.979145417126365603e+00 8.605946734497613160e-02
3.498085019561194109e+00 1.979145417126365603e+00 1.032713608139713551e-01
3.498085019561194109e+00 1.979145417126365603e+00 1.204832542829665787e-01
1.503387985369533331e+00 9.450959675138020932e-01 0.000000000000000000e+00
1.503387985369533331e+00 9.450959675138020932e-01 7.397234115823094099e-03
1.503387985369533331e+00 9.450959675138020932e-01 1.479446823164618820e-02
3.498085019561194109e+00 2.199050463473739558e+00 5.163568040698567757e-02
3.498085019561194109e+00 2.199050463473739558e+00 6.884757387598090805e-02
3.498085019561194109e+00 2.199050463473739558e+00 8.605946734497613160e-02
3.498085019561194109e+00 2.199050463473739558e+00 1.032713608139713551e-01
3.498085019561194109e+00 2.199050463473739558e+00 1.204832542829665787e-01
1.503387985369533331e+00 1.039605564265182247e+00 0.000000000000000000e+00
1.503387985369533331e+00 1.039605564265182247e+00 7.397234115823094099e-03
1.503387985369533331e+00 1.039605564265182247e+00 1.479446823164618820e-02
3.498085019561194109e+00 2.418955509821113292e+00 5.163568040698567757e-02
3.498085019561194109e+00 2.418955509821113292e+00 6.884757387598090805e-02
3.498085019561194109e+00 2.418955509821113292e+00 8.605946734497613160e-02
3.498085019561194109e+00 2.418955509821113292e+00 1.032713608139713551e-01
3.498085019561194109e+00 2.418955509821113292e+00 1.204832542829665787e-01
1.503387985369533331e+00 1.134115161016562512e+00 0.000000000000000000e+00
1.503387985369533331e+00 1.134115161016562512e+00 7.397234115823094099e-03
1.503387985369533331e+00 1.134115161016562512e+00 1.479446823164618820e-02
3.498085019561194109e+00 2.638860556168487914e+00 5.163568040698567757e-02
3.498085019561194109e+00 2.638860556168487914e+00 6.884757387598090805e-02
3.498085019561194109e+00 2.638860556168487914e+00 8.605946734497613160e-02
3.498085019561194109e+00 2.638860556168487914e+00 1.032713608139713551e-01
3.498085019561194109e+00 2.638860556168487914e+00 1.204832542829665787e-01
1.503387985369533331e+00 1.228624757767942777e+00 0.000000000000000000e+00
1.503387985369533331e+00 1.228624757767942777e+00 7.397234115823094099e-03
1.503387985369533331e+00 1.228624757767942777e+00 1.479446823164618820e-02
3.498085019561194109e+00 2.858765602515861648e+00 5.163568040698567757e-02
3.498085019561194109e+00 2.858765602515861648e+00 6.884757387598090805e-02
3.498085019561194109e+00 2.858765602515861648e+00 8.605946734497613160e-02
3.498085019561194109e+00 2.858765602515861648e+00 1.032713608139713551e-01
3.498085019561194109e+00 2.858765602515861648e+00 1.204832542829665787e-01
1.503387985369533331e+00 1.323134354519323042e+00 0.000000000000000000e+00
1.503387985369533331e+00 1.323134354519323042e+00 7.397234115823094099e-03
1.503387985369533331e+00 1.323134354519323042e+00 1.479446823164618820e-02
3.498085019561194109e+00 3.078670648863235826e+00 5.163568040698567757e-02
3.498085019561194109e+00 3.078670648863235826e+00 6.884757387598090805e-02
3.498085019561194109e+00 3.078670648863235826e+00 8.605946734497613160e-02
3.498085019561194109e+00 3.078670648863235826e+00 1.032713608139713551e-01
3.498085019561194109e+00 3.078670648863235826e+00 1.204832542829665787e-01
1.640059620403127250e+00 0.000000000000000000e+00 0.000000000000000000e+00
1.640059620403127250e+00 0.000000000000000000e+00 7.397234115823094099e-03
1.640059620403127250e+00 0.000000000000000000e+00 1.479446823164618820e-02
3.816092748612211594e+00 0.000000000000000000e+00 5.163568040698567757e-02
3.816092748612211594e+00 0.000000000000000000e+00 6.884757387598090805e-02
3.816092748612211594e+00 0.000000000000000000e+00 8.605946734497613160e-02
3.816092748612211594e+00 0.000000000000000000e+00 1.032713608139713551e-01
3.816092748612211594e+00 0.000000000000000000e+00 1.204832542829665787e-01
1.640059620403127250e+00 9.450959675138020932e-02 0.000000000000000000e+00
1.640059620403127250e+00 9.450959675138020932e-02 7.397234115823094099e-03
1.640059620403127250e+00 9.450959675138020932e-02 1.479446823164618820e-02
3.816092748612211594e+00 2.199050463473739558e-01 5.163568040698567757e-02
3.816092748612211594e+00 2.199050463473739558e-01 6.884757387598090805e-02
3.816092748612211594e+00 2.199050463473739558e-01 8.605946734497613160e-02
3.816092748612211594e+00 2.199050463473739558e-01 1.032713608139713551e-01
3.816092748612211594e+00 2.199050463473739558e-01 1.204832542829665787e-01
1.640059620403127250e+00 1.890191935027604186e-01 0.000000000000000000e+00
1.640059620403127250e+00 1.890191935027604186e-01 7.397234115823094099e-03
1.640059620403127250e+00 1.890191935027604186e-01 1.479446823164618820e-02
3.816092748612211594e+00 4.398100926947479117e-01 5.163568040698567757e-02
3.816092748612211594e+00 4.398100926947479117e-01 6.884757387598090805e-02
3.816092748612211594e+00 4.398100926947479117e-01 8.605946734497613160e-02
3.816092748612211594e+00 4.398100926947479117e-01 1.032713608139713551e-01
3.816092748612211594e+00 4.398100926947479117e-01 1.204832542829665787e-01
1.640059620403127250e+00 2.835287902541406280e-01 0.000000000000000000e+00
1.640059620403127250e+00 2.835287902541406280e-01 7.397234115823094099e-03
1.640059620403127250e+00 2.835287902541406280e-01 1.479446823164618820e-02
3.816092748612211594e+00 6.597151390421219785e-01 5.163568040698567757e-02
3.816092748612211594e+00 6.597151390421219785e-01 6.884757387598090805e-02
3.816092748612211594e+00 6.597151390421219785e-01 8.605946734497613160e-02
3.816092748612211594e+00 6.597151390421219785e-01 1.032713608139713551e-01
3.816092748612211594e+00 6.597151390421219785e-01 1.204832542829665787e-01
1.640059620403127250e+00 3.780383870055208373e-01 0.000000000000000000e+00
1.640059620403127250e+00 3.780383870055208373e-01 7.397234115823094099e-03
1.640059620403127250e+00 3.780383870055208373e-01 1.479446823164618820e-02
3.816092748612211594e+00 8.796201853894958234e-01 5.163568040698567757e-02
3.816092748612211594e+00 8.796201853894958234e-01 6.884757387598090805e-02
3.816092748612211594e+00 8.796201853894958234e-01 8.605946734497613160e-02
3.816092748612211594e+00 8.796201853894958234e-01 1.032713608139713551e-01
3.816092748612211594e+00 8.796201853894958234e-01 1.204832542829665787e-01
1.640059620403127250e+00 4.725479837569010466e-01 0.000000000000000000e+00
1.640059620403127250e+00 4.725479837569010466e-01 7.397234115823094099e-03
1.640059620403127250e+00 4.725479837569010466e-01 1.479446823164618820e-02
3.816092748612211594e+00 1.099525231736869779e+00 5.163568040698567757e-02
3.816092748612211594e+00 1.099525231736869779e+00 6.884757387598090805e-02
3.816092748612211594e+00 1.099525231736869779e+00 8.605946734497613160e-02
3.816092748612211594e+00 1.099525231736869779e+00 1.032713608139713551e-01
3.816092748612211594e+00 1.099525231736869779e+00 1.204832542829665787e-01
1.640059620403127250e+00 5.670575805082812559e-01 0.000000000000000000e+00
1.640059620403127250e+00 5.670575805082812559e-01 7.397234115823094099e-03
1.640059620403127250e+00 5.670575805082812559e-01 1.479446823164618820e-02
3.816092748612211594e+00 1.319430278084243957e+00 5.163568040698567757e-02
3.816092748612211594e+00 1.319430278084243957e+00 6.884757387598090805e-02
3.816092748612211594e+00 1.319430278084243957e+00 8.605946734497613160e-02
3.816092748612211594e+00 1.319430278084243957e+00 1.032713608139713551e-01
3.816092748612211594e+00 1.319430278084243957e+00 1.204832542829665787e-01
1.640059620403127250e+00 6.615671772596615208e-01 0.000000000000000000e+00
1.640059620403127250e+00 6.615671772596615208e-01 7.397234115823094099e-03
1.640059620403127250e+00 6.615671772596615208e-01 1.479446823164618820e-02
3.816092748612211594e+00 1.539335324431617913e+00 5.163568040698567757e-02
3.816092748612211594e+00 1.539335324431617913e+00 6.884757387598090805e-02
3.816092748612211594e+00 1.539335324431617913e+00 8.605946734497613160e-02
3.816092748612211594e+00 1.539335324431617913e+00 1.032713608139713551e-01
3.816092748612211594e+00 1.539335324431617913e+00 1.204832542829665787e-01
1.640059620403127250e+00 7.560767740110416746e-01 0.000000000000000000e+00
1.640059620403127250e+00 7.560767740110416746e-01 7.397234115823094099e-03
1.640059620403127250e+00 7.560767740110416746e-01 1.479446823164618820e-02
3.816092748612211594e+00 1.759240370778991647e+00 5.163568040698567757e-02
3.816092748612211594e+00 1.759240370778991647e+00 6.884757387598090805e-02
3.816092748612211594e+00 1.759240370778991647e+00 8.605946734497613160e-02
3.816092748612211594e+00 1.759240370778991647e+00 1.032713608139713551e-01
3.816092748612211594e+00 1.759240370778991647e+00 1.204832542829665787e-01
1.640059620403127250e+00 8.505863707624218284e-01 0.000000000000000000e+00
1.640059620403127250e+00 8.505863707624218284e-01 7.397234115823094099e-03
1.640059620403127250e+00 8.505863707624218284e-01 1.479446823164618820e-02
3.816092748612211594e+00 1.979145417126365603e+00 5.163568040698567757e-02
3.816092748612211594e+00 1.979145417126365603e+00 6.884757387598090805e-02
3.816092748612211594e+00 1.979145417126365603e+00 8.605946734497613160e-02
3.816092748612211594e+00 1.979145417126365603e+00 1.032713608139713551e-01
3.816092748612211594e+00 1.979145417126365603e+00 1.204832542829665787e-01
1.640059620403127250e+00 9.450959675138020932e-01 0.000000000000000000e+00
1.640059620403127250e+00 9.450959675138020932e-01 7.397234115823094099e-03
1.640059620403127250e+00 9.450959675138020932e-01 1.479446823164618820e-02
3.816092748612211594e+00 2.199050463473739558e+00 5.163568040698567757e-02
3.816092748612211594e+00 2.199050463473739558e+00 6.884757387598090805e-02
3.816092748612211594e+00 2.199050463473739558e+00 8.605946734497613160e-02
3.816092748612211594e+00 2.199050463473739558e+00 1.032713608139713551e-01
3.816092748612211594e+00 2.199050463473739558e+00 1.204832542829665787e-01
1.640059620403127250e+00 1.039605564265182247e+00 0.000000000000000000e+00
1.640059620403127250e+00 1.039605564265182247e+00 7.397234115823094099e-03
1.640059620403127250e+00 1.039605564265182247e+00 1.479446823164618820e-02
3.816092748612211594e+00 2.418955509821113292e+00 5.163568040698567757e-02
3.816092748612211594e+00 2.418955509821113292e+00 6.884757387598090805e-02
3.816092748612211594e+00 2.418955509821113292e+00 8.605946734497613160e-02
3.816092748612211594e+00 2.418955509821113292e+00 1.032713608139713551e-01
3.816092748612211594e+00 2.418955509821113292e+00 1.204832542829665787e-01
1.640059620403127250e+00 1.134115161016562512e+00 0.000000000000000000e+00
1.640059620403127250e+00 1.134115161016562512e+00 7.397234115823094099e-03
1.640059620403127250e+00 1.134115161016562512e+00 1.479446823164618820e-02
3.816092748612211594e+00 2.638860556168487914e+00 5.163568040698567757e-02
3.816092748612211594e+00 2.638860556168487914e+00 6.884757387598090805e-02
3.816092748612211594e+00 2.638860556168487914e+00 8.605946734497613160e-02
3.816092748612211594e+00 2.638860556168487914e+00 1.032713608139713551e-01
3.816092748612211594e+00 2.638860556168487914e+00 1.204832542829665787e-01
1.640059620403127250e+00 1.228624757767942777e+00 0.000000000000000000e+00
1.640059620403127250e+00 1.228624757767942777e+00 7.397234115823094099e-03
1.640059620403127250e+00 1.228624757767942777e+00 1.479446823164618820e-02
3.816092748612211594e+00 2.858765602515861648e+00 5.163568040698567757e-02
3.816092748612211594e+00 2.858765602515861648e+00 6.884757387598090805e-02
3.816092748612211594e+00 2.858765602515861648e+00 8.605946734497613160e-02
3.816092748612211594e+00 2.858765602515861648e+00 1.032713608139713551e-01
3.816092748612211594e+00 2.858765602515861648e+00 1.204832542829665787e-01
1.640059620403127250e+00 1.323134354519323042e+00 0.000000000000000000e+00
1.640059620403127250e+00 1.323134354519323042e+00 7.397234115823094099e-03
1.640059620403127250e+00 1.323134354519323042e+00 1.479446823164618820e-02
3.816092748612211594e+00 3.078670648863235826e+00 5.163568040698567757e-02
3.816092748612211594e+00 3.078670648863235826e+00 6.884757387598090805e-02
3.816092748612211594e+00 3.078670648863235826e+00 8.605946734497613160e-02
3.816092748612211594e+00 3.078670648863235826e+00 1.032713608139713551e-01
3.816092748612211594e+00 3.078670648863235826e+00 1.204832542829665787e-01
1.776731255436721169e+00 0.000000000000000000e+00 0.000000000000000000e+00
1.776731255436721169e+00 0.000000000000000000e+00 7.397234115823094099e-03
1.776731255436721169e+00 0.000000000000000000e+00 1.479446823164618820e-02
4.134100477663229078e+00 0.000000000000000000e+00 5.163568040698567757e-02
4.134100477663229078e+00 0.000000000000000000e+00 6.884757387598090805e-02
4.134100477663229078e+00 0.000000000000000000e+00 8.605946734497613160e-02
4.134100477663229078e+00 0.000000000000000000e+00 1.032713608139713551e-01
4.134100477663229078e+00 0.000000000000000000e+00 1.204832542829665787e-01
1.776731255436721169e+00 9.450959675138020932e-02 0.000000000000000000e+00
1.776731255436721169e+00 9.450959675138020932e-02 7.397234115823094099e-03
1.776731255436721169e+00 9.450959675138020932e-02 1.479446823164618820e-02
4.134100477663229078e+00 2.199050463473739558e-01 5.163568040698567757e-02
4.134100477663229078e+00 2.199050463473739558e-01 6.884757387598090805e-02
4.134100477663229078e+00 2.199050463473739558e-01 8.605946734497613160e-02
4.134100477663229078e+00 2.199050463473739558e-01 1.032713608139713551e-01
4.134100477663229078e+00 2.199050463473739558e-01 1.204832542829665787e-01
1.776731255436721169e+00 1.890191935027604186e-01 0.000000000000000000e+00
1.776731255436721169e+00 1.890191935027604186e-01 7.397234115823094099e-03
1.776731255436721169e+00 1.890191935027604186e-01 1.479446823164618820e-02
4.134100477663229078e+00 4.398100926947479117e-01 5.163568040698567757e-02
4.134100477663229078e+00 4.398100926947479117e-01 6.884757387598090805e-02
4.134100477663229078e+00 4.398100926947479117e-01 8.605946734497613160e-02
4.134100477663229078e+00 4.398100926947479117e-01 1.032713608139713551e-01
4.134100477663229078e+00 4.398100926947479117e-01 1.204832542829665787e-01
1.776731255436721169e+00 2.835287902541406280e-01 0.000000000000000000e+00
1.776731255436721169e+00 2.835287902541406280e-01 7.397234115823094099e-03
1.776731255436721169e+00 2.835287902541406280e-01 1.479446823164618820e-02
4.134100477663229078e+00 6.597151390421219785e-01 5.163568040698567757e-02
4.134100477663229078e+00 6.597151390421219785e-01 6.884757387598090805e-02
4.134100477663229078e+00 6.597151390421219785e-01 8.605946734497613160e-02
4.134100477663229078e+00 6.597151390421219785e-01 1.032713608139713551e-01
4.134100477663229078e+00 6.597151390421219785e-01 1.204832542829665787e-01
1.776731255436721169e+00 3.780383870055208373e-01 0.000000000000000000e+00
1.776731255436721169e+00 3.780383870055208373e-01 7.397234115823094099e-03
1.776731255436721169e+00 3.780383870055208373e-01 1.479446823164618820e-02
4.134100477663229078e+00 8.796201853894958234e-01 5.163568040698567757e-02
4.134100477663229078e+00 8.796201853894958234e-01 6.884757387598090805e-02
4.134100477663229078e+00 8.796201853894958234e-01 8.605946734497613160e-02
4.134100477663229078e+00 8.796201853894958234e-01 1.032713608139713551e-01
4.134100477663229078e+00 8.796201853894958234e-01 1.204832542829665787e-01
1.776731255436721169e+00 4.725479837569010466e-01 0.000000000000000000e+00
1.776731255436721169e+00 4.725479837569010466e-01 7.397234115823094099e-03
1.776731255436721169e+00 4.725479837569010466e-01 1.479446823164618820e-02
4.134100477663229078e+00 1.099525231736869779e+00 5.163568040698567757e-02
4.134100477663229078e+00 1.099525231736869779e+00 6.884757387598090805e-02
4.134100477663229078e+00 1.099525231736869779e+00 8.605946734497613160e-02
4.134100477663229078e+00 1.099525231736869779e+00 1.032713608139713551e-01
4.134100477663229078e+00 1.099525231736869779e+00 1.204832542829665787e-01
1.776731255436721169e+00 5.670575805082812559e-01 0.000000000000000000e+00
1.776731255436721169e+00 5.670575805082812559e-01 7.397234115823094099e-03
1.776731255436721169e+00 5.670575805082812559e-01 1.479446823164618820e-02
4.134100477663229078e+00 1.319430278084243957e+00 5.163568040698567757e-02
4.134100477663229078e+00 1.319430278084243957e+00 6.884757387598090805e-02
4.134100477663229078e+00 1.319430278084243957e+00 8.605946734497613160e-02
4.134100477663229078e+00 1.319430278084243957e+00 1.032713608139713551e-01
4.134100477663229078e+00 1.319430278084243957e+00 1.204832542829665787e-01
1.776731255436721169e+00 6.615671772596615208e-01 0.000000000000000000e+00
1.776731255436721169e+00 6.615671772596615208e-01 7.397234115823094099e-03
1.776731255436721169e+00 6.615671772596615208e-01 1.479446823164618820e-02
4.134100477663229078e+00 1.539335324431617913e+00 5.163568040698567757e-02
4.134100477663229078e+00 1.539335324431617913e+00 6.884757387598090805e-02
4.134100477663229078e+00 1.539335324431617913e+00 8.605946734497613160e-02
4.134100477663229078e+00 1.539335324431617913e+00 1.032713608139713551e-01
4.134100477663229078e+00 1.539335324431617913e+00 1.204832542829665787e-01
1.776731255436721169e+00 7.560767740110416746e-01 0.000000000000000000e+00
1.776731255436721169e+00 7.560767740110416746e-01 7.397234115823094099e-03
1.776731255436721169e+00 7.560767740110416746e-01 1.479446823164618820e-02
4.134100477663229078e+00 1.759240370778991647e+00 5.163568040698567757e-02
4.134100477663229078e+00 1.759240370778991647e+00 6.884757387598090805e-02
4.134100477663229078e+00 1.759240370778991647e+00 8.605946734497613160e-02
4.134100477663229078e+00 1.759240370778991647e+00 1.032713608139713551e-01
4.134100477663229078e+00 1.759240370778991647e+00 1.204832542829665787e-01
1.776731255436721169e+00 8.505863707624218284e-01 0.000000000000000000e+00
1.776731255436721169e+00 8.505863707624218284e-01 7.397234115823094099e-03
1.776731255436721169e+00 8.505863707624218284e-01 1.479446823164618820e-02
4.134100477663229078e+00 1.979145417126365603e+00 5.163568040698567757e-02
4.134100477663229078e+00 1.979145417126365603e+00 6.884757387598090805e-02
4.134100477663229078e+00 1.979145417126365603e+00 8.605946734497613160e-02
4.134100477663229078e+00 1.979145417126365603e+00 1.032713608139713551e-01
4.134100477663229078e+00 1.979145417126365603e+00 1.204832542829665787e-01
1.776731255436721169e+00 9.450959675138020932e-01 0.000000000000000000e+00
1.776731255436721169e+00 9.450959675138020932e-01 7.397234115823094099e-03
1.776731255436721169e+00 9.450959675138020932e-01 1.479446823164618820e-02
4.134100477663229078e+00 2.199050463473739558e+00 5.163568040698567757e-02
4.134100477663229078e+00 2.199050463473739558e+00 6.884757387598090805e-02
4.134100477663229078e+00 2.199050463473739558e+00 8.605946734497613160e-02
4.134100477663229078e+00 2.199050463473739558e+00 1.032713608139713551e-01
4.134100477663229078e+00 2.199050463473739558e+00 1.204832542829665787e-01
1.776731255436721169e+00 1.039605564265182247e+00 0.000000000000000000e+00
1.776731255436721169e+00 1.039605564265182247e+00 7.397234115823094099e-03
1.776731255436721169e+00 1.039605564265182247e+00 1.479446823164618820e-02
4.134100477663229078e+00 2.418955509821113292e+00 5.163568040698567757e-02
4.134100477663229078e+00 2.418955509821113292e+00 6.884757387598090805e-02
4.134100477663229078e+00 2.418955509821113292e+00 8.605946734497613160e-02
4.134100477663229078e+00 2.418955509821113292e+00 1.032713608139713551e-01
4.134100477663229078e+00 2.418955509821113292e+00 1.204832542829665787e-01
1.776731255436721169e+00 1.134115161016562512e+00 0.000000000000000000e+00
1.776731255436721169e+00 1.134115161016562512e+00 7.397234115823094099e-03
1.776731255436721169e+00 1.134115161016562512e+00 1.479446823164618820e-02
4.134100477663229078e+00 2.638860556168487914e+00 5.163568040698567757e-02
4.134100477663229078e+00 2.638860556168487914e+00 6.884757387598090805e-02
4.134100477663229078e+00 2.638860556168487914e+00 8.605946734497613160e-02
4.134100477663229078e+00 2.638860556168487914e+00 1.032713608139713551e-01
4.134100477663229078e+00 2.638860556168487914e+00 1.204832542829665787e-01
1.776731255436721169e+00 1.228624757767942777e+00 0.000000000000000000e+00
1.776731255436721169e+00 1.228624757767942777e+00 7.397234115823094099e-03
1.776731255436721169e+00 1.228624757767942777e+00 1.479446823164618820e-02
4.134100477663229078e+00 2.858765602515861648e+00 5.163568040698567757e-02
4.134100477663229078e+00 2.858765602515861648e+00 6.884757387598090805e-02
4.134100477663229078e+00 2.858765602515861648e+00 8.605946734497613160e-02
4.134100477663229078e+00 2.858765602515861648e+00 1.032713608139713551e-01
4.134100477663229078e+00 2.858765602515861648e+00 1.204832542829665787e-01
1.776731255436721169e+00 1.323134354519323042e+00 0.000000000000000000e+00
1.776731255436721169e+00 1.323134354519323042e+00 7.397234115823094099e-03
1.776731255436721169e+00 1.323134354519323042e+00 1.479446823164618820e-02
4.134100477663229078e+00 3.078670648863235826e+00 5.163568040698567757e-02
4.134100477663229078e+00 3.078670648863235826e+00 6.884757387598090805e-02
4.134100477663229078e+00 3.078670648863235826e+00 8.605946734497613160e-02
4.134100477663229078e+00 3.078670648863235826e+00 1.032713608139713551e-01
4.134100477663229078e+00 3.078670648863235826e+00 1.204832542829665787e-01
1.913402890470315088e+00 0.000000000000000000e+00 0.000000000000000000e+00
1.913402890470315088e+00 0.000000000000000000e+00 7.397234115823094099e-03
1.913402890470315088e+00 0.000000000000000000e+00 1.479446823164618820e-02
4.452108206714247451e+00 0.000000000000000000e+00 5.163568040698567757e-02
4.452108206714247451e+00 0.000000000000000000e+00 6.884757387598090805e-02
4.452108206714247451e+00 0.000000000000000000e+00 8.605946734497613160e-02
4.452108206714247451e+00 0.000000000000000000e+00 1.032713608139713551e-01
4.452108206714247451e+00 0.000000000000000000e+00 1.204832542829665787e-01
1.913402890470315088e+00 9.450959675138020932e-02 0.000000000000000000e+00
1.913402890470315088e+00 9.450959675138020932e-02 7.397234115823094099e-03
1.913402890470315088e+00 9.450959675138020932e-02 1.479446823164618820e-02
4.452108206714247451e+00 2.199050463473739558e-01 5.163568040698567757e-02
4.452108206714247451e+00 2.199050463473739558e-01 6.884757387598090805e-02
4.452108206714247451e+00 2.199050463473739558e-01 8.605946734497613160e-02
4.452108206714247451e+00 2.199050463473739558e-01 1.032713608139713551e-01
4.452108206714247451e+00 2.199050463473739558e-01 1.204832542829665787e-01
1.913402890470315088e+00 1.890191935027604186e-01 0.000000000000000000e+00
1.913402890470315088e+00 1.890191935027604186e-01 7.397234115823094099e-03
1.913402890470315088e+00 1.890191935027604186e-01 1.479446823164618820e-02
4.452108206714247451e+00 4.398100926947479117e-01 5.163568040698567757e-02
4.452108206714247451e+00 4.398100926947479117e-01 6.884757387598090805e-02
4.452108206714247451e+00 4.398100926947479117e-01 8.605946734497613160e-02
4.452108206714247451e+00 4.398100926947479117e-01 1.032713608139713551e-01
4.452108206714247451e+00 4.398100926947479117e-01 1.204832542829665787e-01
1.913402890470315088e+00 2.835287902541406280e-01 0.000000000000000000e+00
1.913402890470315088e+00 2.835287902541406280e-01 7.397234115823094099e-03
1.913402890470315088e+00 2.835287902541406280e-01 1.479446823164618820e-02
4.452108206714247451e+00 6.597151390421219785e-01 5.163568040698567757e-02
4.452108206714247451e+00 6.597151390421219785e-01 6.884757387598090805e-02
4.452108206714247451e+00 6.597151390421219785e-01 8.605946734497613160e-02
4.452108206714247451e+00 6.597151390421219785e-01 1.032713608139713551e-01
4.452108206714247451e+00 6.597151390421219785e-01 1.204832542829665787e-01
1.913402890470315088e+00 3.780383870055208373e-01 0.000000000000000000e+00
1.913402890470315088e+00 3.780383870055208373e-01 7.397234115823094099e-03
1.913402890470315088e+00 3.780383870055208373e-01 1.479446823164618820e-02
4.452108206714247451e+00 8.796201853894958234e-01 5.163568040698567757e-02
4.452108206714247451e+00 8.796201853894958234e-01 6.884757387598090805e-02
4.452108206714247451e+00 8.796201853894958234e-01 8.605946734497613160e-02
4.452108206714247451e+00 8.796201853894958234e-01 1.032713608139713551e-01
4.452108206714247451e+00 8.796201853894958234e-01 1.204832542829665787e-01
1.913402890470315088e+00 4.725479837569010466e-01 0.000000000000000000e+00
1.913402890470315088e+00 4.725479837569010466e-01 7.397234115823094099e-03
1.913402890470315088e+00 4.725479837569010466e-01 1.479446823164618820e-02
4.452108206714247451e+00 1.099525231736869779e+00 5.163568040698567757e-02
4.452108206714247451e+00 1.099525231736869779e+00 6.884757387598090805e-02
4.452108206714247451e+00 1.099525231736869779e+00 8.605946734497613160e-02
4.452108206714247451e+00 1.099525231736869779e+00 1.032713608139713551e-01
4.452108206714247451e+00 1.099525231736869779e+00 1.204832542829665787e-01
1.913402890470315088e+00 5.670575805082812559e-01 0.000000000000000000e+00
1.913402890470315088e+00 5.670575805082812559e-01 7.397234115823094099e-03
1.913402890470315088e+00 5.670575805082812559e-01 1.479446823164618820e-02
4.452108206714247451e+00 1.319430278084243957e+00 5.163568040698567757e-02
4.452108206714247451e+00 1.319430278084243957e+00 6.884757387598090805e-02
4.452108206714247451e+00 1.319430278084243957e+00 8.605946734497613160e-02
4.452108206714247451e+00 1.319430278084243957e+00 1.032713608139713551e-01
4.452108206714247451e+00 1.319430278084243957e+00 1.204832542829665787e-01
1.913402890470315088e+00 6.615671772596615208e-01 0.000000000000000000e+00
1.913402890470315088e+00 6.615671772596615208e-01 7.397234115823094099e-03
1.913402890470315088e+00 6.615671772596615208e-01 1.479446823164618820e-02
4.452108206714247451e+00 1.539335324431617913e+00 5.163568040698567757e-02
4.452108206714247451e+00 1.539335324431617913e+00 6.884757387598090805e-02
4.452108206714247451e+00 1.539335324431617913e+00 8.605946734497613160e-02
4.452108206714247451e+00 1.539335324431617913e+00 1.032713608139713551e-01
4.452108206714247451e+00 1.539335324431617913e+00 1.204832542829665787e-01
1.913402890470315088e+00 7.560767740110416746e-01 0.000000000000000000e+00
1.913402890470315088e+00 7.560767740110416746e-01 7.397234115823094099e-03
1.913402890470315088e+00 7.560767740110416746e-01 1.479446823164618820e-02
4.452108206714247451e+00 1.759240370778991647e+00 5.163568040698567757e-02
4.452108206714247451e+00 1.759240370778991647e+00 6.884757387598090805e-02
4.452108206714247451e+00 1.759240370778991647e+00 8.605946734497613160e-02
4.452108206714247451e+00 1.759240370778991647e+00 1.032713608139713551e-01
4.452108206714247451e+00 1.759240370778991647e+00 1.204832542829665787e-01
1.913402890470315088e+00 8.505863707624218284e-01 0.000000000000000000e+00
1.913402890470315088e+00 8.505863707624218284e-01 7.397234115823094099e-03
1.913402890470315088e+00 8.505863707624218284e-01 1.479446823164618820e-02
4.452108206714247451e+00 1.979145417126365603e+00 5.163568040698567757e-02
4.452108206714247451e+00 1.979145417126365603e+00 6.884757387598090805e-02
4.452108206714247451e+00 1.979145417126365603e+00 8.605946734497613160e-02
4.452108206714247451e+00 1.979145417126365603e+00 1.032713608139713551e-01
4.452108206714247451e+00 1.979145417126365603e+00 1.204832542829665787e-01
1.913402890470315088e+00 9.450959675138020932e-01 0.000000000000000000e+00
1.913402890470315088e+00 9.450959675138020932e-01 7.397234115823094099e-03
1.913402890470315088e+00 9.450959675138020932e-01 1.479446823164618820e-02
4.452108206714247451e+00 2.199050463473739558e+00 5.163568040698567757e-02
4.452108206714247451e+00 2.199050463473739558e+00 6.884757387598090805e-02
4.452108206714247451e+00 2.199050463473739558e+00 8.605946734497613160e-02
4.452108206714247451e+00 2.199050463473739558e+00 1.032713608139713551e-01
4.452108206714247451e+00 2.199050463473739558e+00 1.204832542829665787e-01
1.913402890470315088e+00 1.039605564265182247e+00 0.000000000000000000e+00
1.913402890470315088e+00 1.039605564265182247e+00 7.397234115823094099e-03
1.913402890470315088e+00 1.039605564265182247e+00 1.479446823164618820e-02
4.452108206714247451e+00 2.418955509821113292e+00 5.163568040698567757e-02
4.452108206714247451e+00 2.418955509821113292e+00 6.884757387598090805e-02
4.452108206714247451e+00 2.418955509821113292e+00 8.605946734497613160e-02
4.452108206714247451e+00 2.418955509821113292e+00 1.032713608139713551e-01
4.452108206714247451e+00 2.418955509821113292e+00 1.204832542829665787e-01
1.913402890470315088e+00 1.134115161016562512e+00 0.000000000000000000e+00
1.913402890470315088e+00 1.134115161016562512e+00 7.397234115823094099e-03
1.913402890470315088e+00 1.134115161016562512e+00 1.479446823164618820e-02
4.452108206714247451e+00 2.638860556168487914e+00 5.163568040698567757e-02
4.452108206714247451e+00 2.638860556168487914e+00 6.884757387598090805e-02
4.452108206714247451e+00 2.638860556168487914e+00 8.605946734497613160e-02
4.452108206714247451e+00 2.638860556168487914e+00 1.032713608139713551e-01
4.452108206714247451e+00 2.638860556168487914e+00 1.204832542829665787e-01
1.913402890470315088e+00 1.228624757767942777e+00 0.000000000000000000e+00
1.913402890470315088e+00 1.228624757767942777e+00 7.397234115823094099e-03
1.913402890470315088e+00 1.228624757767942777e+00 1.479446823164618820e-02
4.452108206714247451e+00 2.858765602515861648e+00 5.163568040698567757e-02
4.452108206714247451e+00 2.858765602515861648e+00 6.884757387598090805e-02
4.452108206714247451e+00 2.858765602515861648e+00 8.605946734497613160e-02
4.452108206714247451e+00 2.858765602515861648e+00 1.032713608139713551e-01
4.452108206714247451e+00 2.858765602515861648e+00 1.204832542829665787e-01
1.913402890470315088e+00 1.323134354519323042e+00 0.000000000000000000e+00
1.913402890470315088e+00 1.323134354519323042e+00 7.397234115823094099e-03
1.913402890470315088e+00 1.323134354519323042e+00 1.479446823164618820e-02
4.452108206714247451e+00 3.078670648863235826e+00 5.163568040698567757e-02
4.452108206714247451e+00 3.078670648863235826e+00 6.884757387598090805e-02
4.452108206714247451e+00 3.078670648863235826e+00 8.605946734497613160e-02
4.452108206714247451e+00 3.078670648863235826e+00 1.032713608139713551e-01
4.452108206714247451e+00 3.078670648863235826e+00 1.204832542829665787e-01
