0.000000000000000000e+00 0.000000000000000000e+00 0.000000000000000000e+00
0.000000000000000000e+00 0.000000000000000000e+00 3.693497202309738094e-04
0.000000000000000000e+00 0.000000000000000000e+00 7.386994404619476188e-04
0.000000000000000000e+00 0.000000000000000000e+00 1.108049160692921482e-03
0.000000000000000000e+00 0.000000000000000000e+00 1.477398880923895238e-03
0.000000000000000000e+00 0.000000000000000000e+00 1.846748601154868993e-03
0.000000000000000000e+00 0.000000000000000000e+00 2.216098321385842965e-03
0.000000000000000000e+00 0.000000000000000000e+00 2.585448041616816503e-03
0.000000000000000000e+00 4.718938534687745247e-03 0.000000000000000000e+00
0.000000000000000000e+00 4.718938534687745247e-03 3.693497202309738094e-04
0.000000000000000000e+00 4.718938534687745247e-03 7.386994404619476188e-04
0.000000000000000000e+00 4.718938534687745247e-03 1.108049160692921482e-03
0.000000000000000000e+00 4.718938534687745247e-03 1.477398880923895238e-03
0.000000000000000000e+00 4.718938534687745247e-03 1.846748601154868993e-03
0.000000000000000000e+00 4.718938534687745247e-03 2.216098321385842965e-03
0.000000000000000000e+00 4.718938534687745247e-03 2.585448041616816503e-03
0.000000000000000000e+00 9.437877069375490494e-03 0.000000000000000000e+00
0.000000000000000000e+00 9.437877069375490494e-03 3.693497202309738094e-04
0.000000000000000000e+00 9.437877069375490494e-03 7.386994404619476188e-04
0.000000000000000000e+00 9.437877069375490494e-03 1.108049160692921482e-03
0.000000000000000000e+00 9.437877069375490494e-03 1.477398880923895238e-03
0.000000000000000000e+00 9.437877069375490494e-03 1.846748601154868993e-03
0.000000000000000000e+00 9.437877069375490494e-03 2.216098321385842965e-03
0.000000000000000000e+00 9.437877069375490494e-03 2.585448041616816503e-03
0.000000000000000000e+00 1.415681560406323661e-02 0.000000000000000000e+00
0.000000000000000000e+00 1.415681560406323661e-02 3.693497202309738094e-04
0.000000000000000000e+00 1.415681560406323661e-02 7.386994404619476188e-04
0.000000000000000000e+00 1.415681560406323661e-02 1.108049160692921482e-03
0.000000000000000000e+00 1.415681560406323661e-02 1.477398880923895238e-03
0.000000000000000000e+00 1.415681560406323661e-02 1.846748601154868993e-03
0.000000000000000000e+00 1.415681560406323661e-02 2.216098321385842965e-03
0.000000000000000000e+00 1.415681560406323661e-02 2.585448041616816503e-03
0.000000000000000000e+00 1.887575413875098099e-02 0.000000000000000000e+00
0.000000000000000000e+00 1.887575413875098099e-02 3.693497202309738094e-04
0.000000000000000000e+00 1.887575413875098099e-02 7.386994404619476188e-04
0.000000000000000000e+00 1.887575413875098099e-02 1.108049160692921482e-03
0.000000000000000000e+00 1.887575413875098099e-02 1.477398880923895238e-03
0.000000000000000000e+00 1.887575413875098099e-02 1.846748601154868993e-03
0.000000000000000000e+00 1.887575413875098099e-02 2.216098321385842965e-03
0.000000000000000000e+00 1.887575413875098099e-02 2.585448041616816503e-03
0.000000000000000000e+00 2.359469267343872537e-02 0.000000000000000000e+00
0.000000000000000000e+00 2.359469267343872537e-02 3.693497202309738094e-04
0.000000000000000000e+00 2.359469267343872537e-02 7.386994404619476188e-04
0.000000000000000000e+00 2.359469267343872537e-02 1.108049160692921482e-03
0.000000000000000000e+00 2.359469267343872537e-02 1.477398880923895238e-03
0.000000000000000000e+00 2.359469267343872537e-02 1.846748601154868993e-03
0.000000000000000000e+00 2.359469267343872537e-02 2.216098321385842965e-03
0.000000000000000000e+00 2.359469267343872537e-02 2.585448041616816503e-03
0.000000000000000000e+00 2.831363120812647322e-02 0.000000000000000000e+00
0.000000000000000000e+00 2.831363120812647322e-02 3.693497202309738094e-04
0.000000000000000000e+00 2.831363120812647322e-02 7.386994404619476188e-04
0.000000000000000000e+00 2.831363120812647322e-02 1.108049160692921482e-03
0.000000000000000000e+00 2.831363120812647322e-02 1.477398880923895238e-03
0.000000000000000000e+00 2.831363120812647322e-02 1.846748601154868993e-03
0.000000000000000000e+00 2.831363120812647322e-02 2.216098321385842965e-03
0.000000000000000000e+00 2.831363120812647322e-02 2.585448041616816503e-03
0.000000000000000000e+00 3.303256974281421759e-02 0.000000000000000000e+00
0.000000000000000000e+00 3.303256974281421759e-02 3.693497202309738094e-04
0.000000000000000000e+00 3.303256974281421759e-02 7.386994404619476188e-04
0.000000000000000000e+00 3.303256974281421759e-02 1.108049160692921482e-03
0.000000000000000000e+00 3.303256974281421759e-02 1.477398880923895238e-03
0.000000000000000000e+00 3.303256974281421759e-02 1.846748601154868993e-03
0.000000000000000000e+00 3.303256974281421759e-02 2.216098321385842965e-03
0.000000000000000000e+00 3.303256974281421759e-02 2.585448041616816503e-03
0.000000000000000000e+00 3.775150827750196197e-02 0.000000000000000000e+00
0.000000000000000000e+00 3.775150827750196197e-02 3.693497202309738094e-04
0.000000000000000000e+00 3.775150827750196197e-02 7.386994404619476188e-04
0.000000000000000000e+00 3.775150827750196197e-02 1.108049160692921482e-03
0.000000000000000000e+00 3.775150827750196197e-02 1.477398880923895238e-03
0.000000000000000000e+00 3.775150827750196197e-02 1.846748601154868993e-03
0.000000000000000000e+00 3.775150827750196197e-02 2.216098321385842965e-03
0.000000000000000000e+00 3.775150827750196197e-02 2.585448041616816503e-03
0.000000000000000000e+00 4.247044681218970635e-02 0.000000000000000000e+00
0.000000000000000000e+00 4.247044681218970635e-02 3.693497202309738094e-04
0.000000000000000000e+00 4.247044681218970635e-02 7.386994404619476188e-04
0.000000000000000000e+00 4.247044681218970635e-02 1.108049160692921482e-03
0.000000000000000000e+00 4.247044681218970635e-02 1.477398880923895238e-03
0.000000000000000000e+00 4.247044681218970635e-02 1.846748601154868993e-03
0.000000000000000000e+00 4.247044681218970635e-02 2.216098321385842965e-03
0.000000000000000000e+00 4.247044681218970635e-02 2.585448041616816503e-03
0.000000000000000000e+00 4.718938534687745073e-02 0.000000000000000000e+00
0.000000000000000000e+00 4.718938534687745073e-02 3.693497202309738094e-04
0.000000000000000000e+00 4.718938534687745073e-02 7.386994404619476188e-04
0.000000000000000000e+00 4.718938534687745073e-02 1.108049160692921482e-03
0.000000000000000000e+00 4.718938534687745073e-02 1.477398880923895238e-03
0.000000000000000000e+00 4.718938534687745073e-02 1.846748601154868993e-03
0.000000000000000000e+00 4.718938534687745073e-02 2.216098321385842965e-03
0.000000000000000000e+00 4.718938534687745073e-02 2.585448041616816503e-03
0.000000000000000000e+00 5.190832388156519511e-02 0.000000000000000000e+00
0.000000000000000000e+00 5.190832388156519511e-02 3.693497202309738094e-04
0.000000000000000000e+00 5.190832388156519511e-02 7.386994404619476188e-04
0.000000000000000000e+00 5.190832388156519511e-02 1.108049160692921482e-03
0.000000000000000000e+00 5.190832388156519511e-02 1.477398880923895238e-03
0.000000000000000000e+00 5.190832388156519511e-02 1.846748601154868993e-03
0.000000000000000000e+00 5.190832388156519511e-02 2.216098321385842965e-03
0.000000000000000000e+00 5.190832388156519511e-02 2.585448041616816503e-03
0.000000000000000000e+00 5.662726241625294643e-02 0.000000000000000000e+00
0.000000000000000000e+00 5.662726241625294643e-02 3.693497202309738094e-04
0.000000000000000000e+00 5.662726241625294643e-02 7.386994404619476188e-04
0.000000000000000000e+00 5.662726241625294643e-02 1.108049160692921482e-03
0.000000000000000000e+00 5.662726241625294643e-02 1.477398880923895238e-03
0.000000000000000000e+00 5.662726241625294643e-02 1.846748601154868993e-03
0.000000000000000000e+00 5.662726241625294643e-02 2.216098321385842965e-03
0.000000000000000000e+00 5.662726241625294643e-02 2.585448041616816503e-03
0.000000000000000000e+00 6.134620095094069081e-02 0.000000000000000000e+00
0.000000000000000000e+00 6.134620095094069081e-02 3.693497202309738094e-04
0.000000000000000000e+00 6.134620095094069081e-02 7.386994404619476188e-04
0.000000000000000000e+00 6.134620095094069081e-02 1.108049160692921482e-03
0.000000000000000000e+00 6.134620095094069081e-02 1.477398880923895238e-03
0.000000000000000000e+00 6.134620095094069081e-02 1.846748601154868993e-03
0.000000000000000000e+00 6.134620095094069081e-02 2.216098321385842965e-03
0.000000000000000000e+00 6.134620095094069081e-02 2.585448041616816503e-03
0.000000000000000000e+00 6.606513948562843519e-02 0.000000000000000000e+00
0.000000000000000000e+00 6.606513948562843519e-02 3.693497202309738094e-04
0.000000000000000000e+00 6.606513948562843519e-02 7.386994404619476188e-04
0.000000000000000000e+00 6.606513948562843519e-02 1.108049160692921482e-03
0.000000000000000000e+00 6.606513948562843519e-02 1.477398880923895238e-03
0.000000000000000000e+00 6.606513948562843519e-02 1.846748601154868993e-03
0.000000000000000000e+00 6.606513948562843519e-02 2.216098321385842965e-03
0.000000000000000000e+00 6.606513948562843519e-02 2.585448041616816503e-03
6.824122283109703389e-03 0.000000000000000000e+00 0.000000000000000000e+00
6.824122283109703389e-03 0.000000000000000000e+00 3.693497202309738094e-04
6.824122283109703389e-03 0.000000000000000000e+00 7.386994404619476188e-04
6.824122283109703389e-03 0.000000000000000000e+00 1.108049160692921482e-03
6.824122283109703389e-03 0.000000000000000000e+00 1.477398880923895238e-03
6.824122283109703389e-03 0.000000000000000000e+00 1.846748601154868993e-03
6.824122283109703389e-03 0.000000000000000000e+00 2.216098321385842965e-03
6.824122283109703389e-03 0.000000000000000000e+00 2.585448041616816503e-03
6.824122283109703389e-03 4.718938534687745247e-03 0.000000000000000000e+00
6.824122283109703389e-03 4.718938534687745247e-03 3.693497202309738094e-04
6.824122283109703389e-03 4.718938534687745247e-03 7.386994404619476188e-04
6.824122283109703389e-03 4.718938534687745247e-03 1.108049160692921482e-03
6.824122283109703389e-03 4.718938534687745247e-03 1.477398880923895238e-03
6.824122283109703389e-03 4.718938534687745247e-03 1.846748601154868993e-03
6.824122283109703389e-03 4.718938534687745247e-03 2.216098321385842965e-03
6.824122283109703389e-03 4.718938534687745247e-03 2.585448041616816503e-03
6.824122283109703389e-03 9.437877069375490494e-03 0.000000000000000000e+00
6.824122283109703389e-03 9.437877069375490494e-03 3.693497202309738094e-04
6.824122283109703389e-03 9.437877069375490494e-03 7.386994404619476188e-04
6.824122283109703389e-03 9.437877069375490494e-03 1.108049160692921482e-03
6.824122283109703389e-03 9.437877069375490494e-03 1.477398880923895238e-03
6.824122283109703389e-03 9.437877069375490494e-03 1.846748601154868993e-03
6.824122283109703389e-03 9.437877069375490494e-03 2.216098321385842965e-03
6.824122283109703389e-03 9.437877069375490494e-03 2.585448041616816503e-03
6.824122283109703389e-03 1.415681560406323661e-02 0.000000000000000000e+00
6.824122283109703389e-03 1.415681560406323661e-02 3.693497202309738094e-04
6.824122283109703389e-03 1.415681560406323661e-02 7.386994404619476188e-04
6.824122283109703389e-03 1.415681560406323661e-02 1.108049160692921482e-03
6.824122283109703389e-03 1.415681560406323661e-02 1.477398880923895238e-03
6.824122283109703389e-03 1.415681560406323661e-02 1.846748601154868993e-03
6.824122283109703389e-03 1.415681560406323661e-02 2.216098321385842965e-03
6.824122283109703389e-03 1.415681560406323661e-02 2.585448041616816503e-03
6.824122283109703389e-03 1.887575413875098099e-02 0.000000000000000000e+00
6.824122283109703389e-03 1.887575413875098099e-02 3.693497202309738094e-04
6.824122283109703389e-03 1.887575413875098099e-02 7.386994404619476188e-04
6.824122283109703389e-03 1.887575413875098099e-02 1.108049160692921482e-03
6.824122283109703389e-03 1.887575413875098099e-02 1.477398880923895238e-03
6.824122283109703389e-03 1.887575413875098099e-02 1.846748601154868993e-03
6.824122283109703389e-03 1.887575413875098099e-02 2.216098321385842965e-03
6.824122283109703389e-03 1.887575413875098099e-02 2.585448041616816503e-03
6.824122283109703389e-03 2.359469267343872537e-02 0.000000000000000000e+00
6.824122283109703389e-03 2.359469267343872537e-02 3.693497202309738094e-04
6.824122283109703389e-03 2.359469267343872537e-02 7.386994404619476188e-04
6.824122283109703389e-03 2.359469267343872537e-02 1.108049160692921482e-03
6.824122283109703389e-03 2.359469267343872537e-02 1.477398880923895238e-03
6.824122283109703389e-03 2.359469267343872537e-02 1.846748601154868993e-03
6.824122283109703389e-03 2.359469267343872537e-02 2.216098321385842965e-03
6.824122283109703389e-03 2.359469267343872537e-02 2.585448041616816503e-03
6.824122283109703389e-03 2.831363120812647322e-02 0.000000000000000000e+00
6.824122283109703389e-03 2.831363120812647322e-02 3.693497202309738094e-04
6.824122283109703389e-03 2.831363120812647322e-02 7.386994404619476188e-04
6.824122283109703389e-03 2.831363120812647322e-02 1.108049160692921482e-03
6.824122283109703389e-03 2.831363120812647322e-02 1.477398880923895238e-03
6.824122283109703389e-03 2.831363120812647322e-02 1.846748601154868993e-03
6.824122283109703389e-03 2.831363120812647322e-02 2.216098321385842965e-03
6.824122283109703389e-03 2.831363120812647322e-02 2.585448041616816503e-03
6.824122283109703389e-03 3.303256974281421759e-02 0.000000000000000000e+00
6.824122283109703389e-03 3.303256974281421759e-02 3.693497202309738094e-04
6.824122283109703389e-03 3.303256974281421759e-02 7.386994404619476188e-04
6.824122283109703389e-03 3.303256974281421759e-02 1.108049160692921482e-03
6.824122283109703389e-03 3.303256974281421759e-02 1.477398880923895238e-03
6.824122283109703389e-03 3.303256974281421759e-02 1.846748601154868993e-03
6.824122283109703389e-03 3.303256974281421759e-02 2.216098321385842965e-03
6.824122283109703389e-03 3.303256974281421759e-02 2.585448041616816503e-03
6.824122283109703389e-03 3.775150827750196197e-02 0.000000000000000000e+00
6.824122283109703389e-03 3.775150827750196197e-02 3.693497202309738094e-04
6.824122283109703389e-03 3.775150827750196197e-02 7.386994404619476188e-04
6.824122283109703389e-03 3.775150827750196197e-02 1.108049160692921482e-03
6.824122283109703389e-03 3.775150827750196197e-02 1.477398880923895238e-03
6.824122283109703389e-03 3.775150827750196197e-02 1.846748601154868993e-03
6.824122283109703389e-03 3.775150827750196197e-02 2.216098321385842965e-03
6.824122283109703389e-03 3.775150827750196197e-02 2.585448041616816503e-03
6.824122283109703389e-03 4.247044681218970635e-02 0.000000000000000000e+00
6.824122283109703389e-03 4.247044681218970635e-02 3.693497202309738094e-04
6.824122283109703389e-03 4.247044681218970635e-02 7.386994404619476188e-04
6.824122283109703389e-03 4.247044681218970635e-02 1.108049160692921482e-03
6.824122283109703389e-03 4.247044681218970635e-02 1.477398880923895238e-03
6.824122283109703389e-03 4.247044681218970635e-02 1.846748601154868993e-03
6.824122283109703389e-03 4.247044681218970635e-02 2.216098321385842965e-03
6.824122283109703389e-03 4.247044681218970635e-02 2.585448041616816503e-03
6.824122283109703389e-03 4.718938534687745073e-02 0.000000000000000000e+00
6.824122283109703389e-03 4.718938534687745073e-02 3.693497202309738094e-04
6.824122283109703389e-03 4.718938534687745073e-02 7.386994404619476188e-04
6.824122283109703389e-03 4.718938534687745073e-02 1.108049160692921482e-03
6.824122283109703389e-03 4.718938534687745073e-02 1.477398880923895238e-03
6.824122283109703389e-03 4.718938534687745073e-02 1.846748601154868993e-03
6.824122283109703389e-03 4.718938534687745073e-02 2.216098321385842965e-03
6.824122283109703389e-03 4.718938534687745073e-02 2.585448041616816503e-03
6.824122283109703389e-03 5.190832388156519511e-02 0.000000000000000000e+00
6.824122283109703389e-03 5.190832388156519511e-02 3.693497202309738094e-04
6.824122283109703389e-03 5.190832388156519511e-02 7.386994404619476188e-04
6.824122283109703389e-03 5.190832388156519511e-02 1.108049160692921482e-03
6.824122283109703389e-03 5.190832388156519511e-02 1.477398880923895238e-03
6.824122283109703389e-03 5.190832388156519511e-02 1.846748601154868993e-03
6.824122283109703389e-03 5.190832388156519511e-02 2.216098321385842965e-03
6.824122283109703389e-03 5.190832388156519511e-02 2.585448041616816503e-03
6.824122283109703389e-03 5.662726241625294643e-02 0.000000000000000000e+00
6.824122283109703389e-03 5.662726241625294643e-02 3.693497202309738094e-04
6.824122283109703389e-03 5.662726241625294643e-02 7.386994404619476188e-04
6.824122283109703389e-03 5.662726241625294643e-02 1.108049160692921482e-03
6.824122283109703389e-03 5.662726241625294643e-02 1.477398880923895238e-03
6.824122283109703389e-03 5.662726241625294643e-02 1.846748601154868993e-03
6.824122283109703389e-03 5.662726241625294643e-02 2.216098321385842965e-03
6.824122283109703389e-03 5.662726241625294643e-02 2.585448041616816503e-03
6.824122283109703389e-03 6.134620095094069081e-02 0.000000000000000000e+00
6.824122283109703389e-03 6.134620095094069081e-02 3.693497202309738094e-04
6.824122283109703389e-03 6.134620095094069081e-02 7.386994404619476188e-04
6.824122283109703389e-03 6.134620095094069081e-02 1.108049160692921482e-03
6.824122283109703389e-03 6.134620095094069081e-02 1.477398880923895238e-03
6.824122283109703389e-03 6.134620095094069081e-02 1.846748601154868993e-03
6.824122283109703389e-03 6.134620095094069081e-02 2.216098321385842965e-03
6.824122283109703389e-03 6.134620095094069081e-02 2.585448041616816503e-03
6.824122283109703389e-03 6.606513948562843519e-02 0.000000000000000000e+00
6.824122283109703389e-03 6.606513948562843519e-02 3.693497202309738094e-04
6.824122283109703389e-03 6.606513948562843519e-02 7.386994404619476188e-04
6.824122283109703389e-03 6.606513948562843519e-02 1.108049160692921482e-03
6.824122283109703389e-03 6.606513948562843519e-02 1.477398880923895238e-03
6.824122283109703389e-03 6.606513948562843519e-02 1.846748601154868993e-03
6.824122283109703389e-03 6.606513948562843519e-02 2.216098321385842965e-03
6.824122283109703389e-03 6.606513948562843519e-02 2.585448041616816503e-03
1.364824456621940678e-02 0.000000000000000000e+00 0.000000000000000000e+00
1.364824456621940678e-02 0.000000000000000000e+00 3.693497202309738094e-04
1.364824456621940678e-02 0.000000000000000000e+00 7.386994404619476188e-04
1.364824456621940678e-02 0.000000000000000000e+00 1.108049160692921482e-03
1.364824456621940678e-02 0.000000000000000000e+00 1.477398880923895238e-03
1.364824456621940678e-02 0.000000000000000000e+00 1.846748601154868993e-03
1.364824456621940678e-02 0.000000000000000000e+00 2.216098321385842965e-03
1.364824456621940678e-02 0.000000000000000000e+00 2.585448041616816503e-03
1.364824456621940678e-02 4.718938534687745247e-03 0.000000000000000000e+00
1.364824456621940678e-02 4.718938534687745247e-03 3.693497202309738094e-04
1.364824456621940678e-02 4.718938534687745247e-03 7.386994404619476188e-04
1.364824456621940678e-02 4.718938534687745247e-03 1.108049160692921482e-03
1.364824456621940678e-02 4.718938534687745247e-03 1.477398880923895238e-03
1.364824456621940678e-02 4.718938534687745247e-03 1.846748601154868993e-03
1.364824456621940678e-02 4.718938534687745247e-03 2.216098321385842965e-03
1.364824456621940678e-02 4.718938534687745247e-03 2.585448041616816503e-03
1.364824456621940678e-02 9.437877069375490494e-03 0.000000000000000000e+00
1.364824456621940678e-02 9.437877069375490494e-03 3.693497202309738094e-04
1.364824456621940678e-02 9.437877069375490494e-03 7.386994404619476188e-04
1.364824456621940678e-02 9.437877069375490494e-03 1.108049160692921482e-03
1.364824456621940678e-02 9.437877069375490494e-03 1.477398880923895238e-03
1.364824456621940678e-02 9.437877069375490494e-03 1.846748601154868993e-03
1.364824456621940678e-02 9.437877069375490494e-03 2.216098321385842965e-03
1.364824456621940678e-02 9.437877069375490494e-03 2.585448041616816503e-03
1.364824456621940678e-02 1.415681560406323661e-02 0.000000000000000000e+00
1.364824456621940678e-02 1.415681560406323661e-02 3.693497202309738094e-04
1.364824456621940678e-02 1.415681560406323661e-02 7.386994404619476188e-04
1.364824456621940678e-02 1.415681560406323661e-02 1.108049160692921482e-03
1.364824456621940678e-02 1.415681560406323661e-02 1.477398880923895238e-03
1.364824456621940678e-02 1.415681560406323661e-02 1.846748601154868993e-03
1.364824456621940678e-02 1.415681560406323661e-02 2.216098321385842965e-03
1.364824456621940678e-02 1.415681560406323661e-02 2.585448041616816503e-03
1.364824456621940678e-02 1.887575413875098099e-02 0.000000000000000000e+00
1.364824456621940678e-02 1.887575413875098099e-02 3.693497202309738094e-04
1.364824456621940678e-02 1.887575413875098099e-02 7.386994404619476188e-04
1.364824456621940678e-02 1.887575413875098099e-02 1.108049160692921482e-03
1.364824456621940678e-02 1.887575413875098099e-02 1.477398880923895238e-03
1.364824456621940678e-02 1.887575413875098099e-02 1.846748601154868993e-03
1.364824456621940678e-02 1.887575413875098099e-02 2.216098321385842965e-03
1.364824456621940678e-02 1.887575413875098099e-02 2.585448041616816503e-03
1.364824456621940678e-02 2.359469267343872537e-02 0.000000000000000000e+00
1.364824456621940678e-02 2.359469267343872537e-02 3.693497202309738094e-04
1.364824456621940678e-02 2.359469267343872537e-02 7.386994404619476188e-04
1.364824456621940678e-02 2.359469267343872537e-02 1.108049160692921482e-03
1.364824456621940678e-02 2.359469267343872537e-02 1.477398880923895238e-03
1.364824456621940678e-02 2.359469267343872537e-02 1.846748601154868993e-03
1.364824456621940678e-02 2.359469267343872537e-02 2.216098321385842965e-03
1.364824456621940678e-02 2.359469267343872537e-02 2.585448041616816503e-03
1.364824456621940678e-02 2.831363120812647322e-02 0.000000000000000000e+00
1.364824456621940678e-02 2.831363120812647322e-02 3.693497202309738094e-04
1.364824456621940678e-02 2.831363120812647322e-02 7.386994404619476188e-04
1.364824456621940678e-02 2.831363120812647322e-02 1.108049160692921482e-03
1.364824456621940678e-02 2.831363120812647322e-02 1.477398880923895238e-03
1.364824456621940678e-02 2.831363120812647322e-02 1.846748601154868993e-03
1.364824456621940678e-02 2.831363120812647322e-02 2.216098321385842965e-03
1.364824456621940678e-02 2.831363120812647322e-02 2.585448041616816503e-03
1.364824456621940678e-02 3.303256974281421759e-02 0.000000000000000000e+00
1.364824456621940678e-02 3.303256974281421759e-02 3.693497202309738094e-04
1.364824456621940678e-02 3.303256974281421759e-02 7.386994404619476188e-04
1.364824456621940678e-02 3.303256974281421759e-02 1.108049160692921482e-03
1.364824456621940678e-02 3.303256974281421759e-02 1.477398880923895238e-03
1.364824456621940678e-02 3.303256974281421759e-02 1.846748601154868993e-03
1.364824456621940678e-02 3.303256974281421759e-02 2.216098321385842965e-03
1.364824456621940678e-02 3.303256974281421759e-02 2.585448041616816503e-03
1.364824456621940678e-02 3.775150827750196197e-02 0.000000000000000000e+00
1.364824456621940678e-02 3.775150827750196197e-02 3.693497202309738094e-04
1.364824456621940678e-02 3.775150827750196197e-02 7.386994404619476188e-04
1.364824456621940678e-02 3.775150827750196197e-02 1.108049160692921482e-03
1.364824456621940678e-02 3.775150827750196197e-02 1.477398880923895238e-03
1.364824456621940678e-02 3.775150827750196197e-02 1.846748601154868993e-03
1.364824456621940678e-02 3.775150827750196197e-02 2.216098321385842965e-03
1.364824456621940678e-02 3.775150827750196197e-02 2.585448041616816503e-03
1.364824456621940678e-02 4.247044681218970635e-02 0.000000000000000000e+00
1.364824456621940678e-02 4.247044681218970635e-02 3.693497202309738094e-04
1.364824456621940678e-02 4.247044681218970635e-02 7.386994404619476188e-04
1.364824456621940678e-02 4.247044681218970635e-02 1.108049160692921482e-03
1.364824456621940678e-02 4.247044681218970635e-02 1.477398880923895238e-03
1.364824456621940678e-02 4.247044681218970635e-02 1.846748601154868993e-03
1.364824456621940678e-02 4.247044681218970635e-02 2.216098321385842965e-03
1.364824456621940678e-02 4.247044681218970635e-02 2.585448041616816503e-03
1.364824456621940678e-02 4.718938534687745073e-02 0.000000000000000000e+00
1.364824456621940678e-02 4.718938534687745073e-02 3.693497202309738094e-04
1.364824456621940678e-02 4.718938534687745073e-02 7.386994404619476188e-04
1.364824456621940678e-02 4.718938534687745073e-02 1.108049160692921482e-03
1.364824456621940678e-02 4.718938534687745073e-02 1.477398880923895238e-03
1.364824456621940678e-02 4.718938534687745073e-02 1.846748601154868993e-03
1.364824456621940678e-02 4.718938534687745073e-02 2.216098321385842965e-03
1.364824456621940678e-02 4.718938534687745073e-02 2.585448041616816503e-03
1.364824456621940678e-02 5.190832388156519511e-02 0.000000000000000000e+00
1.364824456621940678e-02 5.190832388156519511e-02 3.693497202309738094e-04
1.364824456621940678e-02 5.190832388156519511e-02 7.386994404619476188e-04
1.364824456621940678e-02 5.190832388156519511e-02 1.108049160692921482e-03
1.364824456621940678e-02 5.190832388156519511e-02 1.477398880923895238e-03
1.364824456621940678e-02 5.190832388156519511e-02 1.846748601154868993e-03
1.364824456621940678e-02 5.190832388156519511e-02 2.216098321385842965e-03
1.364824456621940678e-02 5.190832388156519511e-02 2.585448041616816503e-03
1.364824456621940678e-02 5.662726241625294643e-02 0.000000000000000000e+00
1.364824456621940678e-02 5.662726241625294643e-02 3.693497202309738094e-04
1.364824456621940678e-02 5.662726241625294643e-02 7.386994404619476188e-04
1.364824456621940678e-02 5.662726241625294643e-02 1.108049160692921482e-03
1.364824456621940678e-02 5.662726241625294643e-02 1.477398880923895238e-03
1.364824456621940678e-02 5.662726241625294643e-02 1.846748601154868993e-03
1.364824456621940678e-02 5.662726241625294643e-02 2.216098321385842965e-03
1.364824456621940678e-02 5.662726241625294643e-02 2.585448041616816503e-03
1.364824456621940678e-02 6.134620095094069081e-02 0.000000000000000000e+00
1.364824456621940678e-02 6.134620095094069081e-02 3.693497202309738094e-04
1.364824456621940678e-02 6.134620095094069081e-02 7.386994404619476188e-04
1.364824456621940678e-02 6.134620095094069081e-02 1.108049160692921482e-03
1.364824456621940678e-02 6.134620095094069081e-02 1.477398880923895238e-03
1.364824456621940678e-02 6.134620095094069081e-02 1.846748601154868993e-03
1.364824456621940678e-02 6.134620095094069081e-02 2.216098321385842965e-03
1.364824456621940678e-02 6.134620095094069081e-02 2.585448041616816503e-03
1.364824456621940678e-02 6.606513948562843519e-02 0.000000000000000000e+00
1.364824456621940678e-02 6.606513948562843519e-02 3.693497202309738094e-04
1.364824456621940678e-02 6.606513948562843519e-02 7.386994404619476188e-04
1.364824456621940678e-02 6.606513948562843519e-02 1.108049160692921482e-03
1.364824456621940678e-02 6.606513948562843519e-02 1.477398880923895238e-03
1.364824456621940678e-02 6.606513948562843519e-02 1.846748601154868993e-03
1.364824456621940678e-02 6.606513948562843519e-02 2.216098321385842965e-03
1.364824456621940678e-02 6.606513948562843519e-02 2.585448041616816503e-03
2.047236684932910930e-02 0.000000000000000000e+00 0.000000000000000000e+00
2.047236684932910930e-02 0.000000000000000000e+00 3.693497202309738094e-04
2.047236684932910930e-02 0.000000000000000000e+00 7.386994404619476188e-04
2.047236684932910930e-02 0.000000000000000000e+00 1.108049160692921482e-03
2.047236684932910930e-02 0.000000000000000000e+00 1.477398880923895238e-03
2.047236684932910930e-02 0.000000000000000000e+00 1.846748601154868993e-03
2.047236684932910930e-02 0.000000000000000000e+00 2.216098321385842965e-03
2.047236684932910930e-02 0.000000000000000000e+00 2.585448041616816503e-03
2.047236684932910930e-02 4.718938534687745247e-03 0.000000000000000000e+00
2.047236684932910930e-02 4.718938534687745247e-03 3.693497202309738094e-04
2.047236684932910930e-02 4.718938534687745247e-03 7.386994404619476188e-04
2.047236684932910930e-02 4.718938534687745247e-03 1.108049160692921482e-03
2.047236684932910930e-02 4.718938534687745247e-03 1.477398880923895238e-03
2.047236684932910930e-02 4.718938534687745247e-03 1.846748601154868993e-03
2.047236684932910930e-02 4.718938534687745247e-03 2.216098321385842965e-03
2.047236684932910930e-02 4.718938534687745247e-03 2.585448041616816503e-03
2.047236684932910930e-02 9.437877069375490494e-03 0.000000000000000000e+00
2.047236684932910930e-02 9.437877069375490494e-03 3.693497202309738094e-04
2.047236684932910930e-02 9.437877069375490494e-03 7.386994404619476188e-04
2.047236684932910930e-02 9.437877069375490494e-03 1.108049160692921482e-03
2.047236684932910930e-02 9.437877069375490494e-03 1.477398880923895238e-03
2.047236684932910930e-02 9.437877069375490494e-03 1.846748601154868993e-03
2.047236684932910930e-02 9.437877069375490494e-03 2.216098321385842965e-03
2.047236684932910930e-02 9.437877069375490494e-03 2.585448041616816503e-03
2.047236684932910930e-02 1.415681560406323661e-02 0.000000000000000000e+00
2.047236684932910930e-02 1.415681560406323661e-02 3.693497202309738094e-04
2.047236684932910930e-02 1.415681560406323661e-02 7.386994404619476188e-04
2.047236684932910930e-02 1.415681560406323661e-02 1.108049160692921482e-03
2.047236684932910930e-02 1.415681560406323661e-02 1.477398880923895238e-03
2.047236684932910930e-02 1.415681560406323661e-02 1.846748601154868993e-03
2.047236684932910930e-02 1.415681560406323661e-02 2.216098321385842965e-03
2.047236684932910930e-02 1.415681560406323661e-02 2.585448041616816503e-03
2.047236684932910930e-02 1.887575413875098099e-02 0.000000000000000000e+00
2.047236684932910930e-02 1.887575413875098099e-02 3.693497202309738094e-04
2.047236684932910930e-02 1.887575413875098099e-02 7.386994404619476188e-04
2.047236684932910930e-02 1.887575413875098099e-02 1.108049160692921482e-03
2.047236684932910930e-02 1.887575413875098099e-02 1.477398880923895238e-03
2.047236684932910930e-02 1.887575413875098099e-02 1.846748601154868993e-03
2.047236684932910930e-02 1.887575413875098099e-02 2.216098321385842965e-03
2.047236684932910930e-02 1.887575413875098099e-02 2.585448041616816503e-03
2.047236684932910930e-02 2.359469267343872537e-02 0.000000000000000000e+00
2.047236684932910930e-02 2.359469267343872537e-02 3.693497202309738094e-04
2.047236684932910930e-02 2.359469267343872537e-02 7.386994404619476188e-04
2.047236684932910930e-02 2.359469267343872537e-02 1.108049160692921482e-03
2.047236684932910930e-02 2.359469267343872537e-02 1.477398880923895238e-03
2.047236684932910930e-02 2.359469267343872537e-02 1.846748601154868993e-03
2.047236684932910930e-02 2.359469267343872537e-02 2.216098321385842965e-03
2.047236684932910930e-02 2.359469267343872537e-02 2.585448041616816503e-03
2.047236684932910930e-02 2.831363120812647322e-02 0.000000000000000000e+00
2.047236684932910930e-02 2.831363120812647322e-02 3.693497202309738094e-04
2.047236684932910930e-02 2.831363120812647322e-02 7.386994404619476188e-04
2.047236684932910930e-02 2.831363120812647322e-02 1.108049160692921482e-03
2.047236684932910930e-02 2.831363120812647322e-02 1.477398880923895238e-03
2.047236684932910930e-02 2.831363120812647322e-02 1.846748601154868993e-03
2.047236684932910930e-02 2.831363120812647322e-02 2.216098321385842965e-03
2.047236684932910930e-02 2.831363120812647322e-02 2.585448041616816503e-03
2.047236684932910930e-02 3.303256974281421759e-02 0.000000000000000000e+00
2.047236684932910930e-02 3.303256974281421759e-02 3.693497202309738094e-04
2.047236684932910930e-02 3.303256974281421759e-02 7.386994404619476188e-04
2.047236684932910930e-02 3.303256974281421759e-02 1.108049160692921482e-03
2.047236684932910930e-02 3.303256974281421759e-02 1.477398880923895238e-03
2.047236684932910930e-02 3.303256974281421759e-02 1.846748601154868993e-03
2.047236684932910930e-02 3.303256974281421759e-02 2.216098321385842965e-03
2.047236684932910930e-02 3.303256974281421759e-02 2.585448041616816503e-03
2.047236684932910930e-02 3.775150827750196197e-02 0.000000000000000000e+00
2.047236684932910930e-02 3.775150827750196197e-02 3.693497202309738094e-04
2.047236684932910930e-02 3.775150827750196197e-02 7.386994404619476188e-04
2.047236684932910930e-02 3.775150827750196197e-02 1.108049160692921482e-03
2.047236684932910930e-02 3.775150827750196197e-02 1.477398880923895238e-03
2.047236684932910930e-02 3.775150827750196197e-02 1.846748601154868993e-03
2.047236684932910930e-02 3.775150827750196197e-02 2.216098321385842965e-03
2.047236684932910930e-02 3.775150827750196197e-02 2.585448041616816503e-03
2.047236684932910930e-02 4.247044681218970635e-02 0.000000000000000000e+00
2.047236684932910930e-02 4.247044681218970635e-02 3.693497202309738094e-04
2.047236684932910930e-02 4.247044681218970635e-02 7.386994404619476188e-04
2.047236684932910930e-02 4.247044681218970635e-02 1.108049160692921482e-03
2.047236684932910930e-02 4.247044681218970635e-02 1.477398880923895238e-03
2.047236684932910930e-02 4.247044681218970635e-02 1.846748601154868993e-03
2.047236684932910930e-02 4.247044681218970635e-02 2.216098321385842965e-03
2.047236684932910930e-02 4.247044681218970635e-02 2.585448041616816503e-03
2.047236684932910930e-02 4.718938534687745073e-02 0.000000000000000000e+00
2.047236684932910930e-02 4.718938534687745073e-02 3.693497202309738094e-04
2.047236684932910930e-02 4.718938534687745073e-02 7.386994404619476188e-04
2.047236684932910930e-02 4.718938534687745073e-02 1.108049160692921482e-03
2.047236684932910930e-02 4.718938534687745073e-02 1.477398880923895238e-03
2.047236684932910930e-02 4.718938534687745073e-02 1.846748601154868993e-03
2.047236684932910930e-02 4.718938534687745073e-02 2.216098321385842965e-03
2.047236684932910930e-02 4.718938534687745073e-02 2.585448041616816503e-03
2.047236684932910930e-02 5.190832388156519511e-02 0.000000000000000000e+00
2.047236684932910930e-02 5.190832388156519511e-02 3.693497202309738094e-04
2.047236684932910930e-02 5.190832388156519511e-02 7.386994404619476188e-04
2.047236684932910930e-02 5.190832388156519511e-02 1.108049160692921482e-03
2.047236684932910930e-02 5.190832388156519511e-02 1.477398880923895238e-03
2.047236684932910930e-02 5.190832388156519511e-02 1.846748601154868993e-03
2.047236684932910930e-02 5.190832388156519511e-02 2.216098321385842965e-03
2.047236684932910930e-02 5.190832388156519511e-02 2.585448041616816503e-03
2.047236684932910930e-02 5.662726241625294643e-02 0.000000000000000000e+00
2.047236684932910930e-02 5.662726241625294643e-02 3.693497202309738094e-04
2.047236684932910930e-02 5.662726241625294643e-02 7.386994404619476188e-04
2.047236684932910930e-02 5.662726241625294643e-02 1.108049160692921482e-03
2.047236684932910930e-02 5.662726241625294643e-02 1.477398880923895238e-03
2.047236684932910930e-02 5.662726241625294643e-02 1.846748601154868993e-03
2.047236684932910930e-02 5.662726241625294643e-02 2.216098321385842965e-03
2.047236684932910930e-02 5.662726241625294643e-02 2.585448041616816503e-03
2.047236684932910930e-02 6.134620095094069081e-02 0.000000000000000000e+00
2.047236684932910930e-02 6.134620095094069081e-02 3.693497202309738094e-04
2.047236684932910930e-02 6.134620095094069081e-02 7.386994404619476188e-04
2.047236684932910930e-02 6.134620095094069081e-02 1.108049160692921482e-03
2.047236684932910930e-02 6.134620095094069081e-02 1.477398880923895238e-03
2.047236684932910930e-02 6.134620095094069081e-02 1.846748601154868993e-03
2.047236684932910930e-02 6.134620095094069081e-02 2.216098321385842965e-03
2.047236684932910930e-02 6.134620095094069081e-02 2.585448041616816503e-03
2.047236684932910930e-02 6.606513948562843519e-02 0.000000000000000000e+00
2.047236684932910930e-02 6.606513948562843519e-02 3.693497202309738094e-04
2.047236684932910930e-02 6.606513948562843519e-02 7.386994404619476188e-04
2.047236684932910930e-02 6.606513948562843519e-02 1.108049160692921482e-03
2.047236684932910930e-02 6.606513948562843519e-02 1.477398880923895238e-03
2.047236684932910930e-02 6.606513948562843519e-02 1.846748601154868993e-03
2.047236684932910930e-02 6.606513948562843519e-02 2.216098321385842965e-03
2.047236684932910930e-02 6.606513948562843519e-02 2.585448041616816503e-03
2.729648913243881356e-02 0.000000000000000000e+00 0.000000000000000000e+00
2.729648913243881356e-02 0.000000000000000000e+00 3.693497202309738094e-04
2.729648913243881356e-02 0.000000000000000000e+00 7.386994404619476188e-04
2.729648913243881356e-02 0.000000000000000000e+00 1.108049160692921482e-03
2.729648913243881356e-02 0.000000000000000000e+00 1.477398880923895238e-03
2.729648913243881356e-02 0.000000000000000000e+00 1.846748601154868993e-03
2.729648913243881356e-02 0.000000000000000000e+00 2.216098321385842965e-03
2.729648913243881356e-02 0.000000000000000000e+00 2.585448041616816503e-03
2.729648913243881356e-02 4.718938534687745247e-03 0.000000000000000000e+00
2.729648913243881356e-02 4.718938534687745247e-03 3.693497202309738094e-04
2.729648913243881356e-02 4.718938534687745247e-03 7.386994404619476188e-04
2.729648913243881356e-02 4.718938534687745247e-03 1.108049160692921482e-03
2.729648913243881356e-02 4.718938534687745247e-03 1.477398880923895238e-03
2.729648913243881356e-02 4.718938534687745247e-03 1.846748601154868993e-03
2.729648913243881356e-02 4.718938534687745247e-03 2.216098321385842965e-03
2.729648913243881356e-02 4.718938534687745247e-03 2.585448041616816503e-03
2.729648913243881356e-02 9.437877069375490494e-03 0.000000000000000000e+00
2.729648913243881356e-02 9.437877069375490494e-03 3.693497202309738094e-04
2.729648913243881356e-02 9.437877069375490494e-03 7.386994404619476188e-04
2.729648913243881356e-02 9.437877069375490494e-03 1.108049160692921482e-03
2.729648913243881356e-02 9.437877069375490494e-03 1.477398880923895238e-03
2.729648913243881356e-02 9.437877069375490494e-03 1.846748601154868993e-03
2.729648913243881356e-02 9.437877069375490494e-03 2.216098321385842965e-03
2.729648913243881356e-02 9.437877069375490494e-03 2.585448041616816503e-03
2.729648913243881356e-02 1.415681560406323661e-02 0.000000000000000000e+00
2.729648913243881356e-02 1.415681560406323661e-02 3.693497202309738094e-04
2.729648913243881356e-02 1.415681560406323661e-02 7.386994404619476188e-04
2.729648913243881356e-02 1.415681560406323661e-02 1.108049160692921482e-03
2.729648913243881356e-02 1.415681560406323661e-02 1.477398880923895238e-03
2.729648913243881356e-02 1.415681560406323661e-02 1.846748601154868993e-03
2.729648913243881356e-02 1.415681560406323661e-02 2.216098321385842965e-03
2.729648913243881356e-02 1.415681560406323661e-02 2.585448041616816503e-03
2.729648913243881356e-02 1.887575413875098099e-02 0.000000000000000000e+00
2.729648913243881356e-02 1.887575413875098099e-02 3.693497202309738094e-04
2.729648913243881356e-02 1.887575413875098099e-02 7.386994404619476188e-04
2.729648913243881356e-02 1.887575413875098099e-02 1.108049160692921482e-03
2.729648913243881356e-02 1.887575413875098099e-02 1.477398880923895238e-03
2.729648913243881356e-02 1.887575413875098099e-02 1.846748601154868993e-03
2.729648913243881356e-02 1.887575413875098099e-02 2.216098321385842965e-03
2.729648913243881356e-02 1.887575413875098099e-02 2.585448041616816503e-03
2.729648913243881356e-02 2.359469267343872537e-02 0.000000000000000000e+00
2.729648913243881356e-02 2.359469267343872537e-02 3.693497202309738094e-04
2.729648913243881356e-02 2.359469267343872537e-02 7.386994404619476188e-04
2.729648913243881356e-02 2.359469267343872537e-02 1.108049160692921482e-03
2.729648913243881356e-02 2.359469267343872537e-02 1.477398880923895238e-03
2.729648913243881356e-02 2.359469267343872537e-02 1.846748601154868993e-03
2.729648913243881356e-02 2.359469267343872537e-02 2.216098321385842965e-03
2.729648913243881356e-02 2.359469267343872537e-02 2.585448041616816503e-03
2.729648913243881356e-02 2.831363120812647322e-02 0.000000000000000000e+00
2.729648913243881356e-02 2.831363120812647322e-02 3.693497202309738094e-04
2.729648913243881356e-02 2.831363120812647322e-02 7.386994404619476188e-04
2.729648913243881356e-02 2.831363120812647322e-02 1.108049160692921482e-03
2.729648913243881356e-02 2.831363120812647322e-02 1.477398880923895238e-03
2.729648913243881356e-02 2.831363120812647322e-02 1.846748601154868993e-03
2.729648913243881356e-02 2.831363120812647322e-02 2.216098321385842965e-03
2.729648913243881356e-02 2.831363120812647322e-02 2.585448041616816503e-03
2.729648913243881356e-02 3.303256974281421759e-02 0.000000000000000000e+00
2.729648913243881356e-02 3.303256974281421759e-02 3.693497202309738094e-04
2.729648913243881356e-02 3.303256974281421759e-02 7.386994404619476188e-04
2.729648913243881356e-02 3.303256974281421759e-02 1.108049160692921482e-03
2.729648913243881356e-02 3.303256974281421759e-02 1.477398880923895238e-03
2.729648913243881356e-02 3.303256974281421759e-02 1.846748601154868993e-03
2.729648913243881356e-02 3.303256974281421759e-02 2.216098321385842965e-03
2.729648913243881356e-02 3.303256974281421759e-02 2.585448041616816503e-03
2.729648913243881356e-02 3.775150827750196197e-02 0.000000000000000000e+00
2.729648913243881356e-02 3.775150827750196197e-02 3.693497202309738094e-04
2.729648913243881356e-02 3.775150827750196197e-02 7.386994404619476188e-04
2.729648913243881356e-02 3.775150827750196197e-02 1.108049160692921482e-03
2.729648913243881356e-02 3.775150827750196197e-02 1.477398880923895238e-03
2.729648913243881356e-02 3.775150827750196197e-02 1.846748601154868993e-03
2.729648913243881356e-02 3.775150827750196197e-02 2.216098321385842965e-03
2.729648913243881356e-02 3.775150827750196197e-02 2.585448041616816503e-03
2.729648913243881356e-02 4.247044681218970635e-02 0.000000000000000000e+00
2.729648913243881356e-02 4.247044681218970635e-02 3.693497202309738094e-04
2.729648913243881356e-02 4.247044681218970635e-02 7.386994404619476188e-04
2.729648913243881356e-02 4.247044681218970635e-02 1.108049160692921482e-03
2.729648913243881356e-02 4.247044681218970635e-02 1.477398880923895238e-03
2.729648913243881356e-02 4.247044681218970635e-02 1.846748601154868993e-03
2.729648913243881356e-02 4.247044681218970635e-02 2.216098321385842965e-03
2.729648913243881356e-02 4.247044681218970635e-02 2.585448041616816503e-03
2.729648913243881356e-02 4.718938534687745073e-02 0.000000000000000000e+00
2.729648913243881356e-02 4.718938534687745073e-02 3.693497202309738094e-04
2.729648913243881356e-02 4.718938534687745073e-02 7.386994404619476188e-04
2.729648913243881356e-02 4.718938534687745073e-02 1.108049160692921482e-03
2.729648913243881356e-02 4.718938534687745073e-02 1.477398880923895238e-03
2.729648913243881356e-02 4.718938534687745073e-02 1.846748601154868993e-03
2.729648913243881356e-02 4.718938534687745073e-02 2.216098321385842965e-03
2.729648913243881356e-02 4.718938534687745073e-02 2.585448041616816503e-03
2.729648913243881356e-02 5.190832388156519511e-02 0.000000000000000000e+00
2.729648913243881356e-02 5.190832388156519511e-02 3.693497202309738094e-04
2.729648913243881356e-02 5.190832388156519511e-02 7.386994404619476188e-04
2.729648913243881356e-02 5.190832388156519511e-02 1.108049160692921482e-03
2.729648913243881356e-02 5.190832388156519511e-02 1.477398880923895238e-03
2.729648913243881356e-02 5.190832388156519511e-02 1.846748601154868993e-03
2.729648913243881356e-02 5.190832388156519511e-02 2.216098321385842965e-03
2.729648913243881356e-02 5.190832388156519511e-02 2.585448041616816503e-03
2.729648913243881356e-02 5.662726241625294643e-02 0.000000000000000000e+00
2.729648913243881356e-02 5.662726241625294643e-02 3.693497202309738094e-04
2.729648913243881356e-02 5.662726241625294643e-02 7.386994404619476188e-04
2.729648913243881356e-02 5.662726241625294643e-02 1.108049160692921482e-03
2.729648913243881356e-02 5.662726241625294643e-02 1.477398880923895238e-03
2.729648913243881356e-02 5.662726241625294643e-02 1.846748601154868993e-03
2.729648913243881356e-02 5.662726241625294643e-02 2.216098321385842965e-03
2.729648913243881356e-02 5.662726241625294643e-02 2.585448041616816503e-03
2.729648913243881356e-02 6.134620095094069081e-02 0.000000000000000000e+00
2.729648913243881356e-02 6.134620095094069081e-02 3.693497202309738094e-04
2.729648913243881356e-02 6.134620095094069081e-02 7.386994404619476188e-04
2.729648913243881356e-02 6.134620095094069081e-02 1.108049160692921482e-03
2.729648913243881356e-02 6.134620095094069081e-02 1.477398880923895238e-03
2.729648913243881356e-02 6.134620095094069081e-02 1.846748601154868993e-03
2.729648913243881356e-02 6.134620095094069081e-02 2.216098321385842965e-03
2.729648913243881356e-02 6.134620095094069081e-02 2.585448041616816503e-03
2.729648913243881356e-02 6.606513948562843519e-02 0.000000000000000000e+00
2.729648913243881356e-02 6.606513948562843519e-02 3.693497202309738094e-04
2.729648913243881356e-02 6.606513948562843519e-02 7.386994404619476188e-04
2.729648913243881356e-02 6.606513948562843519e-02 1.108049160692921482e-03
2.729648913243881356e-02 6.606513948562843519e-02 1.477398880923895238e-03
2.729648913243881356e-02 6.606513948562843519e-02 1.846748601154868993e-03
2.729648913243881356e-02 6.606513948562843519e-02 2.216098321385842965e-03
2.729648913243881356e-02 6.606513948562843519e-02 2.585448041616816503e-03
3.412061141554851434e-02 0.000000000000000000e+00 0.000000000000000000e+00
3.412061141554851434e-02 0.000000000000000000e+00 3.693497202309738094e-04
3.412061141554851434e-02 0.000000000000000000e+00 7.386994404619476188e-04
3.412061141554851434e-02 0.000000000000000000e+00 1.108049160692921482e-03
3.412061141554851434e-02 0.000000000000000000e+00 1.477398880923895238e-03
3.412061141554851434e-02 0.000000000000000000e+00 1.846748601154868993e-03
3.412061141554851434e-02 0.000000000000000000e+00 2.216098321385842965e-03
3.412061141554851434e-02 0.000000000000000000e+00 2.585448041616816503e-03
3.412061141554851434e-02 4.718938534687745247e-03 0.000000000000000000e+00
3.412061141554851434e-02 4.718938534687745247e-03 3.693497202309738094e-04
3.412061141554851434e-02 4.718938534687745247e-03 7.386994404619476188e-04
3.412061141554851434e-02 4.718938534687745247e-03 1.108049160692921482e-03
3.412061141554851434e-02 4.718938534687745247e-03 1.477398880923895238e-03
3.412061141554851434e-02 4.718938534687745247e-03 1.846748601154868993e-03
3.412061141554851434e-02 4.718938534687745247e-03 2.216098321385842965e-03
3.412061141554851434e-02 4.718938534687745247e-03 2.585448041616816503e-03
3.412061141554851434e-02 9.437877069375490494e-03 0.000000000000000000e+00
3.412061141554851434e-02 9.437877069375490494e-03 3.693497202309738094e-04
3.412061141554851434e-02 9.437877069375490494e-03 7.386994404619476188e-04
3.412061141554851434e-02 9.437877069375490494e-03 1.108049160692921482e-03
3.412061141554851434e-02 9.437877069375490494e-03 1.477398880923895238e-03
3.412061141554851434e-02 9.437877069375490494e-03 1.846748601154868993e-03
3.412061141554851434e-02 9.437877069375490494e-03 2.216098321385842965e-03
3.412061141554851434e-02 9.437877069375490494e-03 2.585448041616816503e-03
3.412061141554851434e-02 1.415681560406323661e-02 0.000000000000000000e+00
3.412061141554851434e-02 1.415681560406323661e-02 3.693497202309738094e-04
3.412061141554851434e-02 1.415681560406323661e-02 7.386994404619476188e-04
3.412061141554851434e-02 1.415681560406323661e-02 1.108049160692921482e-03
3.412061141554851434e-02 1.415681560406323661e-02 1.477398880923895238e-03
3.412061141554851434e-02 1.415681560406323661e-02 1.846748601154868993e-03
3.412061141554851434e-02 1.415681560406323661e-02 2.216098321385842965e-03
3.412061141554851434e-02 1.415681560406323661e-02 2.585448041616816503e-03
3.412061141554851434e-02 1.887575413875098099e-02 0.000000000000000000e+00
3.412061141554851434e-02 1.887575413875098099e-02 3.693497202309738094e-04
3.412061141554851434e-02 1.887575413875098099e-02 7.386994404619476188e-04
3.412061141554851434e-02 1.887575413875098099e-02 1.108049160692921482e-03
3.412061141554851434e-02 1.887575413875098099e-02 1.477398880923895238e-03
3.412061141554851434e-02 1.887575413875098099e-02 1.846748601154868993e-03
3.412061141554851434e-02 1.887575413875098099e-02 2.216098321385842965e-03
3.412061141554851434e-02 1.887575413875098099e-02 2.585448041616816503e-03
3.412061141554851434e-02 2.359469267343872537e-02 0.000000000000000000e+00
3.412061141554851434e-02 2.359469267343872537e-02 3.693497202309738094e-04
3.412061141554851434e-02 2.359469267343872537e-02 7.386994404619476188e-04
3.412061141554851434e-02 2.359469267343872537e-02 1.108049160692921482e-03
3.412061141554851434e-02 2.359469267343872537e-02 1.477398880923895238e-03
3.412061141554851434e-02 2.359469267343872537e-02 1.846748601154868993e-03
3.412061141554851434e-02 2.359469267343872537e-02 2.216098321385842965e-03
3.412061141554851434e-02 2.359469267343872537e-02 2.585448041616816503e-03
3.412061141554851434e-02 2.831363120812647322e-02 0.000000000000000000e+00
3.412061141554851434e-02 2.831363120812647322e-02 3.693497202309738094e-04
3.412061141554851434e-02 2.831363120812647322e-02 7.386994404619476188e-04
3.412061141554851434e-02 2.831363120812647322e-02 1.108049160692921482e-03
3.412061141554851434e-02 2.831363120812647322e-02 1.477398880923895238e-03
3.412061141554851434e-02 2.831363120812647322e-02 1.846748601154868993e-03
3.412061141554851434e-02 2.831363120812647322e-02 2.216098321385842965e-03
3.412061141554851434e-02 2.831363120812647322e-02 2.585448041616816503e-03
3.412061141554851434e-02 3.303256974281421759e-02 0.000000000000000000e+00
3.412061141554851434e-02 3.303256974281421759e-02 3.693497202309738094e-04
3.412061141554851434e-02 3.303256974281421759e-02 7.386994404619476188e-04
3.412061141554851434e-02 3.303256974281421759e-02 1.108049160692921482e-03
3.412061141554851434e-02 3.303256974281421759e-02 1.477398880923895238e-03
3.412061141554851434e-02 3.303256974281421759e-02 1.846748601154868993e-03
3.412061141554851434e-02 3.303256974281421759e-02 2.216098321385842965e-03
3.412061141554851434e-02 3.303256974281421759e-02 2.585448041616816503e-03
3.412061141554851434e-02 3.775150827750196197e-02 0.000000000000000000e+00
3.412061141554851434e-02 3.775150827750196197e-02 3.693497202309738094e-04
3.412061141554851434e-02 3.775150827750196197e-02 7.386994404619476188e-04
3.412061141554851434e-02 3.775150827750196197e-02 1.108049160692921482e-03
3.412061141554851434e-02 3.775150827750196197e-02 1.477398880923895238e-03
3.412061141554851434e-02 3.775150827750196197e-02 1.846748601154868993e-03
3.412061141554851434e-02 3.775150827750196197e-02 2.216098321385842965e-03
3.412061141554851434e-02 3.775150827750196197e-02 2.585448041616816503e-03
3.412061141554851434e-02 4.247044681218970635e-02 0.000000000000000000e+00
3.412061141554851434e-02 4.247044681218970635e-02 3.693497202309738094e-04
3.412061141554851434e-02 4.247044681218970635e-02 7.386994404619476188e-04
3.412061141554851434e-02 4.247044681218970635e-02 1.108049160692921482e-03
3.412061141554851434e-02 4.247044681218970635e-02 1.477398880923895238e-03
3.412061141554851434e-02 4.247044681218970635e-02 1.846748601154868993e-03
3.412061141554851434e-02 4.247044681218970635e-02 2.216098321385842965e-03
3.412061141554851434e-02 4.247044681218970635e-02 2.585448041616816503e-03
3.412061141554851434e-02 4.718938534687745073e-02 0.000000000000000000e+00
3.412061141554851434e-02 4.718938534687745073e-02 3.693497202309738094e-04
3.412061141554851434e-02 4.718938534687745073e-02 7.386994404619476188e-04
3.412061141554851434e-02 4.718938534687745073e-02 1.108049160692921482e-03
3.412061141554851434e-02 4.718938534687745073e-02 1.477398880923895238e-03
3.412061141554851434e-02 4.718938534687745073e-02 1.846748601154868993e-03
3.412061141554851434e-02 4.718938534687745073e-02 2.216098321385842965e-03
3.412061141554851434e-02 4.718938534687745073e-02 2.585448041616816503e-03
3.412061141554851434e-02 5.190832388156519511e-02 0.000000000000000000e+00
3.412061141554851434e-02 5.190832388156519511e-02 3.693497202309738094e-04
3.412061141554851434e-02 5.190832388156519511e-02 7.386994404619476188e-04
3.412061141554851434e-02 5.190832388156519511e-02 1.108049160692921482e-03
3.412061141554851434e-02 5.190832388156519511e-02 1.477398880923895238e-03
3.412061141554851434e-02 5.190832388156519511e-02 1.846748601154868993e-03
3.412061141554851434e-02 5.190832388156519511e-02 2.216098321385842965e-03
3.412061141554851434e-02 5.190832388156519511e-02 2.585448041616816503e-03
3.412061141554851434e-02 5.662726241625294643e-02 0.000000000000000000e+00
3.412061141554851434e-02 5.662726241625294643e-02 3.693497202309738094e-04
3.412061141554851434e-02 5.662726241625294643e-02 7.386994404619476188e-04
3.412061141554851434e-02 5.662726241625294643e-02 1.108049160692921482e-03
3.412061141554851434e-02 5.662726241625294643e-02 1.477398880923895238e-03
3.412061141554851434e-02 5.662726241625294643e-02 1.846748601154868993e-03
3.412061141554851434e-02 5.662726241625294643e-02 2.216098321385842965e-03
3.412061141554851434e-02 5.662726241625294643e-02 2.585448041616816503e-03
3.412061141554851434e-02 6.134620095094069081e-02 0.000000000000000000e+00
3.412061141554851434e-02 6.134620095094069081e-02 3.693497202309738094e-04
3.412061141554851434e-02 6.134620095094069081e-02 7.386994404619476188e-04
3.412061141554851434e-02 6.134620095094069081e-02 1.108049160692921482e-03
3.412061141554851434e-02 6.134620095094069081e-02 1.477398880923895238e-03
3.412061141554851434e-02 6.134620095094069081e-02 1.846748601154868993e-03
3.412061141554851434e-02 6.134620095094069081e-02 2.216098321385842965e-03
3.412061141554851434e-02 6.134620095094069081e-02 2.585448041616816503e-03
3.412061141554851434e-02 6.606513948562843519e-02 0.000000000000000000e+00
3.412061141554851434e-02 6.606513948562843519e-02 3.693497202309738094e-04
3.412061141554851434e-02 6.606513948562843519e-02 7.386994404619476188e-04
3.412061141554851434e-02 6.606513948562843519e-02 1.108049160692921482e-03
3.412061141554851434e-02 6.606513948562843519e-02 1.477398880923895238e-03
3.412061141554851434e-02 6.606513948562843519e-02 1.846748601154868993e-03
3.412061141554851434e-02 6.606513948562843519e-02 2.216098321385842965e-03
3.412061141554851434e-02 6.606513948562843519e-02 2.585448041616816503e-03
4.094473369865821860e-02 0.000000000000000000e+00 0.000000000000000000e+00
4.094473369865821860e-02 0.000000000000000000e+00 3.693497202309738094e-04
4.094473369865821860e-02 0.000000000000000000e+00 7.386994404619476188e-04
4.094473369865821860e-02 0.000000000000000000e+00 1.108049160692921482e-03
4.094473369865821860e-02 0.000000000000000000e+00 1.477398880923895238e-03
4.094473369865821860e-02 0.000000000000000000e+00 1.846748601154868993e-03
4.094473369865821860e-02 0.000000000000000000e+00 2.216098321385842965e-03
4.094473369865821860e-02 0.000000000000000000e+00 2.585448041616816503e-03
4.094473369865821860e-02 4.718938534687745247e-03 0.000000000000000000e+00
4.094473369865821860e-02 4.718938534687745247e-03 3.693497202309738094e-04
4.094473369865821860e-02 4.718938534687745247e-03 7.386994404619476188e-04
4.094473369865821860e-02 4.718938534687745247e-03 1.108049160692921482e-03
4.094473369865821860e-02 4.718938534687745247e-03 1.477398880923895238e-03
4.094473369865821860e-02 4.718938534687745247e-03 1.846748601154868993e-03
4.094473369865821860e-02 4.718938534687745247e-03 2.216098321385842965e-03
4.094473369865821860e-02 4.718938534687745247e-03 2.585448041616816503e-03
4.094473369865821860e-02 9.437877069375490494e-03 0.000000000000000000e+00
4.094473369865821860e-02 9.437877069375490494e-03 3.693497202309738094e-04
4.094473369865821860e-02 9.437877069375490494e-03 7.386994404619476188e-04
4.094473369865821860e-02 9.437877069375490494e-03 1.108049160692921482e-03
4.094473369865821860e-02 9.437877069375490494e-03 1.477398880923895238e-03
4.094473369865821860e-02 9.437877069375490494e-03 1.846748601154868993e-03
4.094473369865821860e-02 9.437877069375490494e-03 2.216098321385842965e-03
4.094473369865821860e-02 9.437877069375490494e-03 2.585448041616816503e-03
4.094473369865821860e-02 1.415681560406323661e-02 0.000000000000000000e+00
4.094473369865821860e-02 1.415681560406323661e-02 3.693497202309738094e-04
4.094473369865821860e-02 1.415681560406323661e-02 7.386994404619476188e-04
4.094473369865821860e-02 1.415681560406323661e-02 1.108049160692921482e-03
4.094473369865821860e-02 1.415681560406323661e-02 1.477398880923895238e-03
4.094473369865821860e-02 1.415681560406323661e-02 1.846748601154868993e-03
4.094473369865821860e-02 1.415681560406323661e-02 2.216098321385842965e-03
4.094473369865821860e-02 1.415681560406323661e-02 2.585448041616816503e-03
4.094473369865821860e-02 1.887575413875098099e-02 0.000000000000000000e+00
4.094473369865821860e-02 1.887575413875098099e-02 3.693497202309738094e-04
4.094473369865821860e-02 1.887575413875098099e-02 7.386994404619476188e-04
4.094473369865821860e-02 1.887575413875098099e-02 1.108049160692921482e-03
4.094473369865821860e-02 1.887575413875098099e-02 1.477398880923895238e-03
4.094473369865821860e-02 1.887575413875098099e-02 1.846748601154868993e-03
4.094473369865821860e-02 1.887575413875098099e-02 2.216098321385842965e-03
4.094473369865821860e-02 1.887575413875098099e-02 2.585448041616816503e-03
4.094473369865821860e-02 2.359469267343872537e-02 0.000000000000000000e+00
4.094473369865821860e-02 2.359469267343872537e-02 3.693497202309738094e-04
4.094473369865821860e-02 2.359469267343872537e-02 7.386994404619476188e-04
4.094473369865821860e-02 2.359469267343872537e-02 1.108049160692921482e-03
4.094473369865821860e-02 2.359469267343872537e-02 1.477398880923895238e-03
4.094473369865821860e-02 2.359469267343872537e-02 1.846748601154868993e-03
4.094473369865821860e-02 2.359469267343872537e-02 2.216098321385842965e-03
4.094473369865821860e-02 2.359469267343872537e-02 2.585448041616816503e-03
4.094473369865821860e-02 2.831363120812647322e-02 0.000000000000000000e+00
4.094473369865821860e-02 2.831363120812647322e-02 3.693497202309738094e-04
4.094473369865821860e-02 2.831363120812647322e-02 7.386994404619476188e-04
4.094473369865821860e-02 2.831363120812647322e-02 1.108049160692921482e-03
4.094473369865821860e-02 2.831363120812647322e-02 1.477398880923895238e-03
4.094473369865821860e-02 2.831363120812647322e-02 1.846748601154868993e-03
4.094473369865821860e-02 2.831363120812647322e-02 2.216098321385842965e-03
4.094473369865821860e-02 2.831363120812647322e-02 2.585448041616816503e-03
4.094473369865821860e-02 3.303256974281421759e-02 0.000000000000000000e+00
4.094473369865821860e-02 3.303256974281421759e-02 3.693497202309738094e-04
4.094473369865821860e-02 3.303256974281421759e-02 7.386994404619476188e-04
4.094473369865821860e-02 3.303256974281421759e-02 1.108049160692921482e-03
4.094473369865821860e-02 3.303256974281421759e-02 1.477398880923895238e-03
4.094473369865821860e-02 3.303256974281421759e-02 1.846748601154868993e-03
4.094473369865821860e-02 3.303256974281421759e-02 2.216098321385842965e-03
4.094473369865821860e-02 3.303256974281421759e-02 2.585448041616816503e-03
4.094473369865821860e-02 3.775150827750196197e-02 0.000000000000000000e+00
4.094473369865821860e-02 3.775150827750196197e-02 3.693497202309738094e-04
4.094473369865821860e-02 3.775150827750196197e-02 7.386994404619476188e-04
4.094473369865821860e-02 3.775150827750196197e-02 1.108049160692921482e-03
4.094473369865821860e-02 3.775150827750196197e-02 1.477398880923895238e-03
4.094473369865821860e-02 3.775150827750196197e-02 1.846748601154868993e-03
4.094473369865821860e-02 3.775150827750196197e-02 2.216098321385842965e-03
4.094473369865821860e-02 3.775150827750196197e-02 2.585448041616816503e-03
4.094473369865821860e-02 4.247044681218970635e-02 0.000000000000000000e+00
4.094473369865821860e-02 4.247044681218970635e-02 3.693497202309738094e-04
4.094473369865821860e-02 4.247044681218970635e-02 7.386994404619476188e-04
4.094473369865821860e-02 4.247044681218970635e-02 1.108049160692921482e-03
4.094473369865821860e-02 4.247044681218970635e-02 1.477398880923895238e-03
4.094473369865821860e-02 4.247044681218970635e-02 1.846748601154868993e-03
4.094473369865821860e-02 4.247044681218970635e-02 2.216098321385842965e-03
4.094473369865821860e-02 4.247044681218970635e-02 2.585448041616816503e-03
4.094473369865821860e-02 4.718938534687745073e-02 0.000000000000000000e+00
4.094473369865821860e-02 4.718938534687745073e-02 3.693497202309738094e-04
4.094473369865821860e-02 4.718938534687745073e-02 7.386994404619476188e-04
4.094473369865821860e-02 4.718938534687745073e-02 1.108049160692921482e-03
4.094473369865821860e-02 4.718938534687745073e-02 1.477398880923895238e-03
4.094473369865821860e-02 4.718938534687745073e-02 1.846748601154868993e-03
4.094473369865821860e-02 4.718938534687745073e-02 2.216098321385842965e-03
4.094473369865821860e-02 4.718938534687745073e-02 2.585448041616816503e-03
4.094473369865821860e-02 5.190832388156519511e-02 0.000000000000000000e+00
4.094473369865821860e-02 5.190832388156519511e-02 3.693497202309738094e-04
4.094473369865821860e-02 5.190832388156519511e-02 7.386994404619476188e-04
4.094473369865821860e-02 5.190832388156519511e-02 1.108049160692921482e-03
4.094473369865821860e-02 5.190832388156519511e-02 1.477398880923895238e-03
4.094473369865821860e-02 5.190832388156519511e-02 1.846748601154868993e-03
4.094473369865821860e-02 5.190832388156519511e-02 2.216098321385842965e-03
4.094473369865821860e-02 5.190832388156519511e-02 2.585448041616816503e-03
4.094473369865821860e-02 5.662726241625294643e-02 0.000000000000000000e+00
4.094473369865821860e-02 5.662726241625294643e-02 3.693497202309738094e-04
4.094473369865821860e-02 5.662726241625294643e-02 7.386994404619476188e-04
4.094473369865821860e-02 5.662726241625294643e-02 1.108049160692921482e-03
4.094473369865821860e-02 5.662726241625294643e-02 1.477398880923895238e-03
4.094473369865821860e-02 5.662726241625294643e-02 1.846748601154868993e-03
4.094473369865821860e-02 5.662726241625294643e-02 2.216098321385842965e-03
4.094473369865821860e-02 5.662726241625294643e-02 2.585448041616816503e-03
4.094473369865821860e-02 6.134620095094069081e-02 0.000000000000000000e+00
4.094473369865821860e-02 6.134620095094069081e-02 3.693497202309738094e-04
4.094473369865821860e-02 6.134620095094069081e-02 7.386994404619476188e-04
4.094473369865821860e-02 6.134620095094069081e-02 1.108049160692921482e-03
4.094473369865821860e-02 6.134620095094069081e-02 1.477398880923895238e-03
4.094473369865821860e-02 6.134620095094069081e-02 1.846748601154868993e-03
4.094473369865821860e-02 6.134620095094069081e-02 2.216098321385842965e-03
4.094473369865821860e-02 6.134620095094069081e-02 2.585448041616816503e-03
4.094473369865821860e-02 6.606513948562843519e-02 0.000000000000000000e+00
4.094473369865821860e-02 6.606513948562843519e-02 3.693497202309738094e-04
4.094473369865821860e-02 6.606513948562843519e-02 7.386994404619476188e-04
4.094473369865821860e-02 6.606513948562843519e-02 1.108049160692921482e-03
4.094473369865821860e-02 6.606513948562843519e-02 1.477398880923895238e-03
4.094473369865821860e-02 6.606513948562843519e-02 1.846748601154868993e-03
4.094473369865821860e-02 6.606513948562843519e-02 2.216098321385842965e-03
4.094473369865821860e-02 6.606513948562843519e-02 2.585448041616816503e-03
4.776885598176792286e-02 0.000000000000000000e+00 0.000000000000000000e+00
4.776885598176792286e-02 0.000000000000000000e+00 3.693497202309738094e-04
4.776885598176792286e-02 0.000000000000000000e+00 7.386994404619476188e-04
4.776885598176792286e-02 0.000000000000000000e+00 1.108049160692921482e-03
4.776885598176792286e-02 0.000000000000000000e+00 1.477398880923895238e-03
4.776885598176792286e-02 0.000000000000000000e+00 1.846748601154868993e-03
4.776885598176792286e-02 0.000000000000000000e+00 2.216098321385842965e-03
4.776885598176792286e-02 0.000000000000000000e+00 2.585448041616816503e-03
4.776885598176792286e-02 4.718938534687745247e-03 0.000000000000000000e+00
4.776885598176792286e-02 4.718938534687745247e-03 3.693497202309738094e-04
4.776885598176792286e-02 4.718938534687745247e-03 7.386994404619476188e-04
4.776885598176792286e-02 4.718938534687745247e-03 1.108049160692921482e-03
4.776885598176792286e-02 4.718938534687745247e-03 1.477398880923895238e-03
4.776885598176792286e-02 4.718938534687745247e-03 1.846748601154868993e-03
4.776885598176792286e-02 4.718938534687745247e-03 2.216098321385842965e-03
4.776885598176792286e-02 4.718938534687745247e-03 2.585448041616816503e-03
4.776885598176792286e-02 9.437877069375490494e-03 0.000000000000000000e+00
4.776885598176792286e-02 9.437877069375490494e-03 3.693497202309738094e-04
4.776885598176792286e-02 9.437877069375490494e-03 7.386994404619476188e-04
4.776885598176792286e-02 9.437877069375490494e-03 1.108049160692921482e-03
4.776885598176792286e-02 9.437877069375490494e-03 1.477398880923895238e-03
4.776885598176792286e-02 9.437877069375490494e-03 1.846748601154868993e-03
4.776885598176792286e-02 9.437877069375490494e-03 2.216098321385842965e-03
4.776885598176792286e-02 9.437877069375490494e-03 2.585448041616816503e-03
4.776885598176792286e-02 1.415681560406323661e-02 0.000000000000000000e+00
4.776885598176792286e-02 1.415681560406323661e-02 3.693497202309738094e-04
4.776885598176792286e-02 1.415681560406323661e-02 7.386994404619476188e-04
4.776885598176792286e-02 1.415681560406323661e-02 1.108049160692921482e-03
4.776885598176792286e-02 1.415681560406323661e-02 1.477398880923895238e-03
4.776885598176792286e-02 1.415681560406323661e-02 1.846748601154868993e-03
4.776885598176792286e-02 1.415681560406323661e-02 2.216098321385842965e-03
4.776885598176792286e-02 1.415681560406323661e-02 2.585448041616816503e-03
4.776885598176792286e-02 1.887575413875098099e-02 0.000000000000000000e+00
4.776885598176792286e-02 1.887575413875098099e-02 3.693497202309738094e-04
4.776885598176792286e-02 1.887575413875098099e-02 7.386994404619476188e-04
4.776885598176792286e-02 1.887575413875098099e-02 1.108049160692921482e-03
4.776885598176792286e-02 1.887575413875098099e-02 1.477398880923895238e-03
4.776885598176792286e-02 1.887575413875098099e-02 1.846748601154868993e-03
4.776885598176792286e-02 1.887575413875098099e-02 2.216098321385842965e-03
4.776885598176792286e-02 1.887575413875098099e-02 2.585448041616816503e-03
4.776885598176792286e-02 2.359469267343872537e-02 0.000000000000000000e+00
4.776885598176792286e-02 2.359469267343872537e-02 3.693497202309738094e-04
4.776885598176792286e-02 2.359469267343872537e-02 7.386994404619476188e-04
4.776885598176792286e-02 2.359469267343872537e-02 1.108049160692921482e-03
4.776885598176792286e-02 2.359469267343872537e-02 1.477398880923895238e-03
4.776885598176792286e-02 2.359469267343872537e-02 1.846748601154868993e-03
4.776885598176792286e-02 2.359469267343872537e-02 2.216098321385842965e-03
4.776885598176792286e-02 2.359469267343872537e-02 2.585448041616816503e-03
4.776885598176792286e-02 2.831363120812647322e-02 0.000000000000000000e+00
4.776885598176792286e-02 2.831363120812647322e-02 3.693497202309738094e-04
4.776885598176792286e-02 2.831363120812647322e-02 7.386994404619476188e-04
4.776885598176792286e-02 2.831363120812647322e-02 1.108049160692921482e-03
4.776885598176792286e-02 2.831363120812647322e-02 1.477398880923895238e-03
4.776885598176792286e-02 2.831363120812647322e-02 1.846748601154868993e-03
4.776885598176792286e-02 2.831363120812647322e-02 2.216098321385842965e-03
4.776885598176792286e-02 2.831363120812647322e-02 2.585448041616816503e-03
4.776885598176792286e-02 3.303256974281421759e-02 0.000000000000000000e+00
4.776885598176792286e-02 3.303256974281421759e-02 3.693497202309738094e-04
4.776885598176792286e-02 3.303256974281421759e-02 7.386994404619476188e-04
4.776885598176792286e-02 3.303256974281421759e-02 1.108049160692921482e-03
4.776885598176792286e-02 3.303256974281421759e-02 1.477398880923895238e-03
4.776885598176792286e-02 3.303256974281421759e-02 1.846748601154868993e-03
4.776885598176792286e-02 3.303256974281421759e-02 2.216098321385842965e-03
4.776885598176792286e-02 3.303256974281421759e-02 2.585448041616816503e-03
4.776885598176792286e-02 3.775150827750196197e-02 0.000000000000000000e+00
4.776885598176792286e-02 3.775150827750196197e-02 3.693497202309738094e-04
4.776885598176792286e-02 3.775150827750196197e-02 7.386994404619476188e-04
4.776885598176792286e-02 3.775150827750196197e-02 1.108049160692921482e-03
4.776885598176792286e-02 3.775150827750196197e-02 1.477398880923895238e-03
4.776885598176792286e-02 3.775150827750196197e-02 1.846748601154868993e-03
4.776885598176792286e-02 3.775150827750196197e-02 2.216098321385842965e-03
4.776885598176792286e-02 3.775150827750196197e-02 2.585448041616816503e-03
4.776885598176792286e-02 4.247044681218970635e-02 0.000000000000000000e+00
4.776885598176792286e-02 4.247044681218970635e-02 3.693497202309738094e-04
4.776885598176792286e-02 4.247044681218970635e-02 7.386994404619476188e-04
4.776885598176792286e-02 4.247044681218970635e-02 1.108049160692921482e-03
4.776885598176792286e-02 4.247044681218970635e-02 1.477398880923895238e-03
4.776885598176792286e-02 4.247044681218970635e-02 1.846748601154868993e-03
4.776885598176792286e-02 4.247044681218970635e-02 2.216098321385842965e-03
4.776885598176792286e-02 4.247044681218970635e-02 2.585448041616816503e-03
4.776885598176792286e-02 4.718938534687745073e-02 0.000000000000000000e+00
4.776885598176792286e-02 4.718938534687745073e-02 3.693497202309738094e-04
4.776885598176792286e-02 4.718938534687745073e-02 7.386994404619476188e-04
4.776885598176792286e-02 4.718938534687745073e-02 1.108049160692921482e-03
4.776885598176792286e-02 4.718938534687745073e-02 1.477398880923895238e-03
4.776885598176792286e-02 4.718938534687745073e-02 1.846748601154868993e-03
4.776885598176792286e-02 4.718938534687745073e-02 2.216098321385842965e-03
4.776885598176792286e-02 4.718938534687745073e-02 2.585448041616816503e-03
4.776885598176792286e-02 5.190832388156519511e-02 0.000000000000000000e+00
4.776885598176792286e-02 5.190832388156519511e-02 3.693497202309738094e-04
4.776885598176792286e-02 5.190832388156519511e-02 7.386994404619476188e-04
4.776885598176792286e-02 5.190832388156519511e-02 1.108049160692921482e-03
4.776885598176792286e-02 5.190832388156519511e-02 1.477398880923895238e-03
4.776885598176792286e-02 5.190832388156519511e-02 1.846748601154868993e-03
4.776885598176792286e-02 5.190832388156519511e-02 2.216098321385842965e-03
4.776885598176792286e-02 5.190832388156519511e-02 2.585448041616816503e-03
4.776885598176792286e-02 5.662726241625294643e-02 0.000000000000000000e+00
4.776885598176792286e-02 5.662726241625294643e-02 3.693497202309738094e-04
4.776885598176792286e-02 5.662726241625294643e-02 7.386994404619476188e-04
4.776885598176792286e-02 5.662726241625294643e-02 1.108049160692921482e-03
4.776885598176792286e-02 5.662726241625294643e-02 1.477398880923895238e-03
4.776885598176792286e-02 5.662726241625294643e-02 1.846748601154868993e-03
4.776885598176792286e-02 5.662726241625294643e-02 2.216098321385842965e-03
4.776885598176792286e-02 5.662726241625294643e-02 2.585448041616816503e-03
4.776885598176792286e-02 6.134620095094069081e-02 0.000000000000000000e+00
4.776885598176792286e-02 6.134620095094069081e-02 3.693497202309738094e-04
4.776885598176792286e-02 6.134620095094069081e-02 7.386994404619476188e-04
4.776885598176792286e-02 6.134620095094069081e-02 1.108049160692921482e-03
4.776885598176792286e-02 6.134620095094069081e-02 1.477398880923895238e-03
4.776885598176792286e-02 6.134620095094069081e-02 1.846748601154868993e-03
4.776885598176792286e-02 6.134620095094069081e-02 2.216098321385842965e-03
4.776885598176792286e-02 6.134620095094069081e-02 2.585448041616816503e-03
4.776885598176792286e-02 6.606513948562843519e-02 0.000000000000000000e+00
4.776885598176792286e-02 6.606513948562843519e-02 3.693497202309738094e-04
4.776885598176792286e-02 6.606513948562843519e-02 7.386994404619476188e-04
4.776885598176792286e-02 6.606513948562843519e-02 1.108049160692921482e-03
4.776885598176792286e-02 6.606513948562843519e-02 1.477398880923895238e-03
4.776885598176792286e-02 6.606513948562843519e-02 1.846748601154868993e-03
4.776885598176792286e-02 6.606513948562843519e-02 2.216098321385842965e-03
4.776885598176792286e-02 6.606513948562843519e-02 2.585448041616816503e-03
5.459297826487762711e-02 0.000000000000000000e+00 0.000000000000000000e+00
5.459297826487762711e-02 0.000000000000000000e+00 3.693497202309738094e-04
5.459297826487762711e-02 0.000000000000000000e+00 7.386994404619476188e-04
5.459297826487762711e-02 0.000000000000000000e+00 1.108049160692921482e-03
5.459297826487762711e-02 0.000000000000000000e+00 1.477398880923895238e-03
5.459297826487762711e-02 0.000000000000000000e+00 1.846748601154868993e-03
5.459297826487762711e-02 0.000000000000000000e+00 2.216098321385842965e-03
5.459297826487762711e-02 0.000000000000000000e+00 2.585448041616816503e-03
5.459297826487762711e-02 4.718938534687745247e-03 0.000000000000000000e+00
5.459297826487762711e-02 4.718938534687745247e-03 3.693497202309738094e-04
5.459297826487762711e-02 4.718938534687745247e-03 7.386994404619476188e-04
5.459297826487762711e-02 4.718938534687745247e-03 1.108049160692921482e-03
5.459297826487762711e-02 4.718938534687745247e-03 1.477398880923895238e-03
5.459297826487762711e-02 4.718938534687745247e-03 1.846748601154868993e-03
5.459297826487762711e-02 4.718938534687745247e-03 2.216098321385842965e-03
5.459297826487762711e-02 4.718938534687745247e-03 2.585448041616816503e-03
5.459297826487762711e-02 9.437877069375490494e-03 0.000000000000000000e+00
5.459297826487762711e-02 9.437877069375490494e-03 3.693497202309738094e-04
5.459297826487762711e-02 9.437877069375490494e-03 7.386994404619476188e-04
5.459297826487762711e-02 9.437877069375490494e-03 1.108049160692921482e-03
5.459297826487762711e-02 9.437877069375490494e-03 1.477398880923895238e-03
5.459297826487762711e-02 9.437877069375490494e-03 1.846748601154868993e-03
5.459297826487762711e-02 9.437877069375490494e-03 2.216098321385842965e-03
5.459297826487762711e-02 9.437877069375490494e-03 2.585448041616816503e-03
5.459297826487762711e-02 1.415681560406323661e-02 0.000000000000000000e+00
5.459297826487762711e-02 1.415681560406323661e-02 3.693497202309738094e-04
5.459297826487762711e-02 1.415681560406323661e-02 7.386994404619476188e-04
5.459297826487762711e-02 1.415681560406323661e-02 1.108049160692921482e-03
5.459297826487762711e-02 1.415681560406323661e-02 1.477398880923895238e-03
5.459297826487762711e-02 1.415681560406323661e-02 1.846748601154868993e-03
5.459297826487762711e-02 1.415681560406323661e-02 2.216098321385842965e-03
5.459297826487762711e-02 1.415681560406323661e-02 2.585448041616816503e-03
5.459297826487762711e-02 1.887575413875098099e-02 0.000000000000000000e+00
5.459297826487762711e-02 1.887575413875098099e-02 3.693497202309738094e-04
5.459297826487762711e-02 1.887575413875098099e-02 7.386994404619476188e-04
5.459297826487762711e-02 1.887575413875098099e-02 1.108049160692921482e-03
5.459297826487762711e-02 1.887575413875098099e-02 1.477398880923895238e-03
5.459297826487762711e-02 1.887575413875098099e-02 1.846748601154868993e-03
5.459297826487762711e-02 1.887575413875098099e-02 2.216098321385842965e-03
5.459297826487762711e-02 1.887575413875098099e-02 2.585448041616816503e-03
5.459297826487762711e-02 2.359469267343872537e-02 0.000000000000000000e+00
5.459297826487762711e-02 2.359469267343872537e-02 3.693497202309738094e-04
5.459297826487762711e-02 2.359469267343872537e-02 7.386994404619476188e-04
5.459297826487762711e-02 2.359469267343872537e-02 1.108049160692921482e-03
5.459297826487762711e-02 2.359469267343872537e-02 1.477398880923895238e-03
5.459297826487762711e-02 2.359469267343872537e-02 1.846748601154868993e-03
5.459297826487762711e-02 2.359469267343872537e-02 2.216098321385842965e-03
5.459297826487762711e-02 2.359469267343872537e-02 2.585448041616816503e-03
5.459297826487762711e-02 2.831363120812647322e-02 0.000000000000000000e+00
5.459297826487762711e-02 2.831363120812647322e-02 3.693497202309738094e-04
5.459297826487762711e-02 2.831363120812647322e-02 7.386994404619476188e-04
5.459297826487762711e-02 2.831363120812647322e-02 1.108049160692921482e-03
5.459297826487762711e-02 2.831363120812647322e-02 1.477398880923895238e-03
5.459297826487762711e-02 2.831363120812647322e-02 1.846748601154868993e-03
5.459297826487762711e-02 2.831363120812647322e-02 2.216098321385842965e-03
5.459297826487762711e-02 2.831363120812647322e-02 2.585448041616816503e-03
5.459297826487762711e-02 3.303256974281421759e-02 0.000000000000000000e+00
5.459297826487762711e-02 3.303256974281421759e-02 3.693497202309738094e-04
5.459297826487762711e-02 3.303256974281421759e-02 7.386994404619476188e-04
5.459297826487762711e-02 3.303256974281421759e-02 1.108049160692921482e-03
5.459297826487762711e-02 3.303256974281421759e-02 1.477398880923895238e-03
5.459297826487762711e-02 3.303256974281421759e-02 1.846748601154868993e-03
5.459297826487762711e-02 3.303256974281421759e-02 2.216098321385842965e-03
5.459297826487762711e-02 3.303256974281421759e-02 2.585448041616816503e-03
5.459297826487762711e-02 3.775150827750196197e-02 0.000000000000000000e+00
5.459297826487762711e-02 3.775150827750196197e-02 3.693497202309738094e-04
5.459297826487762711e-02 3.775150827750196197e-02 7.386994404619476188e-04
5.459297826487762711e-02 3.775150827750196197e-02 1.108049160692921482e-03
5.459297826487762711e-02 3.775150827750196197e-02 1.477398880923895238e-03
5.459297826487762711e-02 3.775150827750196197e-02 1.846748601154868993e-03
5.459297826487762711e-02 3.775150827750196197e-02 2.216098321385842965e-03
5.459297826487762711e-02 3.775150827750196197e-02 2.585448041616816503e-03
5.459297826487762711e-02 4.247044681218970635e-02 0.000000000000000000e+00
5.459297826487762711e-02 4.247044681218970635e-02 3.693497202309738094e-04
5.459297826487762711e-02 4.247044681218970635e-02 7.386994404619476188e-04
5.459297826487762711e-02 4.247044681218970635e-02 1.108049160692921482e-03
5.459297826487762711e-02 4.247044681218970635e-02 1.477398880923895238e-03
5.459297826487762711e-02 4.247044681218970635e-02 1.846748601154868993e-03
5.459297826487762711e-02 4.247044681218970635e-02 2.216098321385842965e-03
5.459297826487762711e-02 4.247044681218970635e-02 2.585448041616816503e-03
5.459297826487762711e-02 4.718938534687745073e-02 0.000000000000000000e+00
5.459297826487762711e-02 4.718938534687745073e-02 3.693497202309738094e-04
5.459297826487762711e-02 4.718938534687745073e-02 7.386994404619476188e-04
5.459297826487762711e-02 4.718938534687745073e-02 1.108049160692921482e-03
5.459297826487762711e-02 4.718938534687745073e-02 1.477398880923895238e-03
5.459297826487762711e-02 4.718938534687745073e-02 1.846748601154868993e-03
5.459297826487762711e-02 4.718938534687745073e-02 2.216098321385842965e-03
5.459297826487762711e-02 4.718938534687745073e-02 2.585448041616816503e-03
5.459297826487762711e-02 5.190832388156519511e-02 0.000000000000000000e+00
5.459297826487762711e-02 5.190832388156519511e-02 3.693497202309738094e-04
5.459297826487762711e-02 5.190832388156519511e-02 7.386994404619476188e-04
5.459297826487762711e-02 5.190832388156519511e-02 1.108049160692921482e-03
5.459297826487762711e-02 5.190832388156519511e-02 1.477398880923895238e-03
5.459297826487762711e-02 5.190832388156519511e-02 1.846748601154868993e-03
5.459297826487762711e-02 5.190832388156519511e-02 2.216098321385842965e-03
5.459297826487762711e-02 5.190832388156519511e-02 2.585448041616816503e-03
5.459297826487762711e-02 5.662726241625294643e-02 0.000000000000000000e+00
5.459297826487762711e-02 5.662726241625294643e-02 3.693497202309738094e-04
5.459297826487762711e-02 5.662726241625294643e-02 7.386994404619476188e-04
5.459297826487762711e-02 5.662726241625294643e-02 1.108049160692921482e-03
5.459297826487762711e-02 5.662726241625294643e-02 1.477398880923895238e-03
5.459297826487762711e-02 5.662726241625294643e-02 1.846748601154868993e-03
5.459297826487762711e-02 5.662726241625294643e-02 2.216098321385842965e-03
5.459297826487762711e-02 5.662726241625294643e-02 2.585448041616816503e-03
5.459297826487762711e-02 6.134620095094069081e-02 0.000000000000000000e+00
5.459297826487762711e-02 6.134620095094069081e-02 3.693497202309738094e-04
5.459297826487762711e-02 6.134620095094069081e-02 7.386994404619476188e-04
5.459297826487762711e-02 6.134620095094069081e-02 1.108049160692921482e-03
5.459297826487762711e-02 6.134620095094069081e-02 1.477398880923895238e-03
5.459297826487762711e-02 6.134620095094069081e-02 1.846748601154868993e-03
5.459297826487762711e-02 6.134620095094069081e-02 2.216098321385842965e-03
5.459297826487762711e-02 6.134620095094069081e-02 2.585448041616816503e-03
5.459297826487762711e-02 6.606513948562843519e-02 0.000000000000000000e+00
5.459297826487762711e-02 6.606513948562843519e-02 3.693497202309738094e-04
5.459297826487762711e-02 6.606513948562843519e-02 7.386994404619476188e-04
5.459297826487762711e-02 6.606513948562843519e-02 1.108049160692921482e-03
5.459297826487762711e-02 6.606513948562843519e-02 1.477398880923895238e-03
5.459297826487762711e-02 6.606513948562843519e-02 1.846748601154868993e-03
5.459297826487762711e-02 6.606513948562843519e-02 2.216098321385842965e-03
5.459297826487762711e-02 6.606513948562843519e-02 2.585448041616816503e-03
6.141710054798733137e-02 0.000000000000000000e+00 0.000000000000000000e+00
6.141710054798733137e-02 0.000000000000000000e+00 3.693497202309738094e-04
6.141710054798733137e-02 0.000000000000000000e+00 7.386994404619476188e-04
6.141710054798733137e-02 0.000000000000000000e+00 1.108049160692921482e-03
6.141710054798733137e-02 0.000000000000000000e+00 1.477398880923895238e-03
6.141710054798733137e-02 0.000000000000000000e+00 1.846748601154868993e-03
6.141710054798733137e-02 0.000000000000000000e+00 2.216098321385842965e-03
6.141710054798733137e-02 0.000000000000000000e+00 2.585448041616816503e-03
6.141710054798733137e-02 4.718938534687745247e-03 0.000000000000000000e+00
6.141710054798733137e-02 4.718938534687745247e-03 3.693497202309738094e-04
6.141710054798733137e-02 4.718938534687745247e-03 7.386994404619476188e-04
6.141710054798733137e-02 4.718938534687745247e-03 1.108049160692921482e-03
6.141710054798733137e-02 4.718938534687745247e-03 1.477398880923895238e-03
6.141710054798733137e-02 4.718938534687745247e-03 1.846748601154868993e-03
6.141710054798733137e-02 4.718938534687745247e-03 2.216098321385842965e-03
6.141710054798733137e-02 4.718938534687745247e-03 2.585448041616816503e-03
6.141710054798733137e-02 9.437877069375490494e-03 0.000000000000000000e+00
6.141710054798733137e-02 9.437877069375490494e-03 3.693497202309738094e-04
6.141710054798733137e-02 9.437877069375490494e-03 7.386994404619476188e-04
6.141710054798733137e-02 9.437877069375490494e-03 1.108049160692921482e-03
6.141710054798733137e-02 9.437877069375490494e-03 1.477398880923895238e-03
6.141710054798733137e-02 9.437877069375490494e-03 1.846748601154868993e-03
6.141710054798733137e-02 9.437877069375490494e-03 2.216098321385842965e-03
6.141710054798733137e-02 9.437877069375490494e-03 2.585448041616816503e-03
6.141710054798733137e-02 1.415681560406323661e-02 0.000000000000000000e+00
6.141710054798733137e-02 1.415681560406323661e-02 3.693497202309738094e-04
6.141710054798733137e-02 1.415681560406323661e-02 7.386994404619476188e-04
6.141710054798733137e-02 1.415681560406323661e-02 1.108049160692921482e-03
6.141710054798733137e-02 1.415681560406323661e-02 1.477398880923895238e-03
6.141710054798733137e-02 1.415681560406323661e-02 1.846748601154868993e-03
6.141710054798733137e-02 1.415681560406323661e-02 2.216098321385842965e-03
6.141710054798733137e-02 1.415681560406323661e-02 2.585448041616816503e-03
6.141710054798733137e-02 1.887575413875098099e-02 0.000000000000000000e+00
6.141710054798733137e-02 1.887575413875098099e-02 3.693497202309738094e-04
6.141710054798733137e-02 1.887575413875098099e-02 7.386994404619476188e-04
6.141710054798733137e-02 1.887575413875098099e-02 1.108049160692921482e-03
6.141710054798733137e-02 1.887575413875098099e-02 1.477398880923895238e-03
6.141710054798733137e-02 1.887575413875098099e-02 1.846748601154868993e-03
6.141710054798733137e-02 1.887575413875098099e-02 2.216098321385842965e-03
6.141710054798733137e-02 1.887575413875098099e-02 2.585448041616816503e-03
6.141710054798733137e-02 2.359469267343872537e-02 0.000000000000000000e+00
6.141710054798733137e-02 2.359469267343872537e-02 3.693497202309738094e-04
6.141710054798733137e-02 2.359469267343872537e-02 7.386994404619476188e-04
6.141710054798733137e-02 2.359469267343872537e-02 1.108049160692921482e-03
6.141710054798733137e-02 2.359469267343872537e-02 1.477398880923895238e-03
6.141710054798733137e-02 2.359469267343872537e-02 1.846748601154868993e-03
6.141710054798733137e-02 2.359469267343872537e-02 2.216098321385842965e-03
6.141710054798733137e-02 2.359469267343872537e-02 2.585448041616816503e-03
6.141710054798733137e-02 2.831363120812647322e-02 0.000000000000000000e+00
6.141710054798733137e-02 2.831363120812647322e-02 3.693497202309738094e-04
6.141710054798733137e-02 2.831363120812647322e-02 7.386994404619476188e-04
6.141710054798733137e-02 2.831363120812647322e-02 1.108049160692921482e-03
6.141710054798733137e-02 2.831363120812647322e-02 1.477398880923895238e-03
6.141710054798733137e-02 2.831363120812647322e-02 1.846748601154868993e-03
6.141710054798733137e-02 2.831363120812647322e-02 2.216098321385842965e-03
6.141710054798733137e-02 2.831363120812647322e-02 2.585448041616816503e-03
6.141710054798733137e-02 3.303256974281421759e-02 0.000000000000000000e+00
6.141710054798733137e-02 3.303256974281421759e-02 3.693497202309738094e-04
6.141710054798733137e-02 3.303256974281421759e-02 7.386994404619476188e-04
6.141710054798733137e-02 3.303256974281421759e-02 1.108049160692921482e-03
6.141710054798733137e-02 3.303256974281421759e-02 1.477398880923895238e-03
6.141710054798733137e-02 3.303256974281421759e-02 1.846748601154868993e-03
6.141710054798733137e-02 3.303256974281421759e-02 2.216098321385842965e-03
6.141710054798733137e-02 3.303256974281421759e-02 2.585448041616816503e-03
6.141710054798733137e-02 3.775150827750196197e-02 0.000000000000000000e+00
6.141710054798733137e-02 3.775150827750196197e-02 3.693497202309738094e-04
6.141710054798733137e-02 3.775150827750196197e-02 7.386994404619476188e-04
6.141710054798733137e-02 3.775150827750196197e-02 1.108049160692921482e-03
6.141710054798733137e-02 3.775150827750196197e-02 1.477398880923895238e-03
6.141710054798733137e-02 3.775150827750196197e-02 1.846748601154868993e-03
6.141710054798733137e-02 3.775150827750196197e-02 2.216098321385842965e-03
6.141710054798733137e-02 3.775150827750196197e-02 2.585448041616816503e-03
6.141710054798733137e-02 4.247044681218970635e-02 0.000000000000000000e+00
6.141710054798733137e-02 4.247044681218970635e-02 3.693497202309738094e-04
6.141710054798733137e-02 4.247044681218970635e-02 7.386994404619476188e-04
6.141710054798733137e-02 4.247044681218970635e-02 1.108049160692921482e-03
6.141710054798733137e-02 4.247044681218970635e-02 1.477398880923895238e-03
6.141710054798733137e-02 4.247044681218970635e-02 1.846748601154868993e-03
6.141710054798733137e-02 4.247044681218970635e-02 2.216098321385842965e-03
6.141710054798733137e-02 4.247044681218970635e-02 2.585448041616816503e-03
6.141710054798733137e-02 4.718938534687745073e-02 0.000000000000000000e+00
6.141710054798733137e-02 4.718938534687745073e-02 3.693497202309738094e-04
6.141710054798733137e-02 4.718938534687745073e-02 7.386994404619476188e-04
6.141710054798733137e-02 4.718938534687745073e-02 1.108049160692921482e-03
6.141710054798733137e-02 4.718938534687745073e-02 1.477398880923895238e-03
6.141710054798733137e-02 4.718938534687745073e-02 1.846748601154868993e-03
6.141710054798733137e-02 4.718938534687745073e-02 2.216098321385842965e-03
6.141710054798733137e-02 4.718938534687745073e-02 2.585448041616816503e-03
6.141710054798733137e-02 5.190832388156519511e-02 0.000000000000000000e+00
6.141710054798733137e-02 5.190832388156519511e-02 3.693497202309738094e-04
6.141710054798733137e-02 5.190832388156519511e-02 7.386994404619476188e-04
6.141710054798733137e-02 5.190832388156519511e-02 1.108049160692921482e-03
6.141710054798733137e-02 5.190832388156519511e-02 1.477398880923895238e-03
6.141710054798733137e-02 5.190832388156519511e-02 1.846748601154868993e-03
6.141710054798733137e-02 5.190832388156519511e-02 2.216098321385842965e-03
6.141710054798733137e-02 5.190832388156519511e-02 2.585448041616816503e-03
6.141710054798733137e-02 5.662726241625294643e-02 0.000000000000000000e+00
6.141710054798733137e-02 5.662726241625294643e-02 3.693497202309738094e-04
6.141710054798733137e-02 5.662726241625294643e-02 7.386994404619476188e-04
6.141710054798733137e-02 5.662726241625294643e-02 1.108049160692921482e-03
6.141710054798733137e-02 5.662726241625294643e-02 1.477398880923895238e-03
6.141710054798733137e-02 5.662726241625294643e-02 1.846748601154868993e-03
6.141710054798733137e-02 5.662726241625294643e-02 2.216098321385842965e-03
6.141710054798733137e-02 5.662726241625294643e-02 2.585448041616816503e-03
6.141710054798733137e-02 6.134620095094069081e-02 0.000000000000000000e+00
6.141710054798733137e-02 6.134620095094069081e-02 3.693497202309738094e-04
6.141710054798733137e-02 6.134620095094069081e-02 7.386994404619476188e-04
6.141710054798733137e-02 6.134620095094069081e-02 1.108049160692921482e-03
6.141710054798733137e-02 6.134620095094069081e-02 1.477398880923895238e-03
6.141710054798733137e-02 6.134620095094069081e-02 1.846748601154868993e-03
6.141710054798733137e-02 6.134620095094069081e-02 2.216098321385842965e-03
6.141710054798733137e-02 6.134620095094069081e-02 2.585448041616816503e-03
6.141710054798733137e-02 6.606513948562843519e-02 0.000000000000000000e+00
6.141710054798733137e-02 6.606513948562843519e-02 3.693497202309738094e-04
6.141710054798733137e-02 6.606513948562843519e-02 7.386994404619476188e-04
6.141710054798733137e-02 6.606513948562843519e-02 1.108049160692921482e-03
6.141710054798733137e-02 6.606513948562843519e-02 1.477398880923895238e-03
6.141710054798733137e-02 6.606513948562843519e-02 1.846748601154868993e-03
6.141710054798733137e-02 6.606513948562843519e-02 2.216098321385842965e-03
6.141710054798733137e-02 6.606513948562843519e-02 2.585448041616816503e-03
6.824122283109702869e-02 0.000000000000000000e+00 0.000000000000000000e+00
6.824122283109702869e-02 0.000000000000000000e+00 3.693497202309738094e-04
6.824122283109702869e-02 0.000000000000000000e+00 7.386994404619476188e-04
6.824122283109702869e-02 0.000000000000000000e+00 1.108049160692921482e-03
6.824122283109702869e-02 0.000000000000000000e+00 1.477398880923895238e-03
6.824122283109702869e-02 0.000000000000000000e+00 1.846748601154868993e-03
6.824122283109702869e-02 0.000000000000000000e+00 2.216098321385842965e-03
6.824122283109702869e-02 0.000000000000000000e+00 2.585448041616816503e-03
6.824122283109702869e-02 4.718938534687745247e-03 0.000000000000000000e+00
6.824122283109702869e-02 4.718938534687745247e-03 3.693497202309738094e-04
6.824122283109702869e-02 4.718938534687745247e-03 7.386994404619476188e-04
6.824122283109702869e-02 4.718938534687745247e-03 1.108049160692921482e-03
6.824122283109702869e-02 4.718938534687745247e-03 1.477398880923895238e-03
6.824122283109702869e-02 4.718938534687745247e-03 1.846748601154868993e-03
6.824122283109702869e-02 4.718938534687745247e-03 2.216098321385842965e-03
6.824122283109702869e-02 4.718938534687745247e-03 2.585448041616816503e-03
6.824122283109702869e-02 9.437877069375490494e-03 0.000000000000000000e+00
6.824122283109702869e-02 9.437877069375490494e-03 3.693497202309738094e-04
6.824122283109702869e-02 9.437877069375490494e-03 7.386994404619476188e-04
6.824122283109702869e-02 9.437877069375490494e-03 1.108049160692921482e-03
6.824122283109702869e-02 9.437877069375490494e-03 1.477398880923895238e-03
6.824122283109702869e-02 9.437877069375490494e-03 1.846748601154868993e-03
6.824122283109702869e-02 9.437877069375490494e-03 2.216098321385842965e-03
6.824122283109702869e-02 9.437877069375490494e-03 2.585448041616816503e-03
6.824122283109702869e-02 1.415681560406323661e-02 0.000000000000000000e+00
6.824122283109702869e-02 1.415681560406323661e-02 3.693497202309738094e-04
6.824122283109702869e-02 1.415681560406323661e-02 7.386994404619476188e-04
6.824122283109702869e-02 1.415681560406323661e-02 1.108049160692921482e-03
6.824122283109702869e-02 1.415681560406323661e-02 1.477398880923895238e-03
6.824122283109702869e-02 1.415681560406323661e-02 1.846748601154868993e-03
6.824122283109702869e-02 1.415681560406323661e-02 2.216098321385842965e-03
6.824122283109702869e-02 1.415681560406323661e-02 2.585448041616816503e-03
6.824122283109702869e-02 1.887575413875098099e-02 0.000000000000000000e+00
6.824122283109702869e-02 1.887575413875098099e-02 3.693497202309738094e-04
6.824122283109702869e-02 1.887575413875098099e-02 7.386994404619476188e-04
6.824122283109702869e-02 1.887575413875098099e-02 1.108049160692921482e-03
6.824122283109702869e-02 1.887575413875098099e-02 1.477398880923895238e-03
6.824122283109702869e-02 1.887575413875098099e-02 1.846748601154868993e-03
6.824122283109702869e-02 1.887575413875098099e-02 2.216098321385842965e-03
6.824122283109702869e-02 1.887575413875098099e-02 2.585448041616816503e-03
6.824122283109702869e-02 2.359469267343872537e-02 0.000000000000000000e+00
6.824122283109702869e-02 2.359469267343872537e-02 3.693497202309738094e-04
6.824122283109702869e-02 2.359469267343872537e-02 7.386994404619476188e-04
6.824122283109702869e-02 2.359469267343872537e-02 1.108049160692921482e-03
6.824122283109702869e-02 2.359469267343872537e-02 1.477398880923895238e-03
6.824122283109702869e-02 2.359469267343872537e-02 1.846748601154868993e-03
6.824122283109702869e-02 2.359469267343872537e-02 2.216098321385842965e-03
6.824122283109702869e-02 2.359469267343872537e-02 2.585448041616816503e-03
6.824122283109702869e-02 2.831363120812647322e-02 0.000000000000000000e+00
6.824122283109702869e-02 2.831363120812647322e-02 3.693497202309738094e-04
6.824122283109702869e-02 2.831363120812647322e-02 7.386994404619476188e-04
6.824122283109702869e-02 2.831363120812647322e-02 1.108049160692921482e-03
6.824122283109702869e-02 2.831363120812647322e-02 1.477398880923895238e-03
6.824122283109702869e-02 2.831363120812647322e-02 1.846748601154868993e-03
6.824122283109702869e-02 2.831363120812647322e-02 2.216098321385842965e-03
6.824122283109702869e-02 2.831363120812647322e-02 2.585448041616816503e-03
6.824122283109702869e-02 3.303256974281421759e-02 0.000000000000000000e+00
6.824122283109702869e-02 3.303256974281421759e-02 3.693497202309738094e-04
6.824122283109702869e-02 3.303256974281421759e-02 7.386994404619476188e-04
6.824122283109702869e-02 3.303256974281421759e-02 1.108049160692921482e-03
6.824122283109702869e-02 3.303256974281421759e-02 1.477398880923895238e-03
6.824122283109702869e-02 3.303256974281421759e-02 1.846748601154868993e-03
6.824122283109702869e-02 3.303256974281421759e-02 2.216098321385842965e-03
6.824122283109702869e-02 3.303256974281421759e-02 2.585448041616816503e-03
6.824122283109702869e-02 3.775150827750196197e-02 0.000000000000000000e+00
6.824122283109702869e-02 3.775150827750196197e-02 3.693497202309738094e-04
6.824122283109702869e-02 3.775150827750196197e-02 7.386994404619476188e-04
6.824122283109702869e-02 3.775150827750196197e-02 1.108049160692921482e-03
6.824122283109702869e-02 3.775150827750196197e-02 1.477398880923895238e-03
6.824122283109702869e-02 3.775150827750196197e-02 1.846748601154868993e-03
6.824122283109702869e-02 3.775150827750196197e-02 2.216098321385842965e-03
6.824122283109702869e-02 3.775150827750196197e-02 2.585448041616816503e-03
6.824122283109702869e-02 4.247044681218970635e-02 0.000000000000000000e+00
6.824122283109702869e-02 4.247044681218970635e-02 3.693497202309738094e-04
6.824122283109702869e-02 4.247044681218970635e-02 7.386994404619476188e-04
6.824122283109702869e-02 4.247044681218970635e-02 1.108049160692921482e-03
6.824122283109702869e-02 4.247044681218970635e-02 1.477398880923895238e-03
6.824122283109702869e-02 4.247044681218970635e-02 1.846748601154868993e-03
6.824122283109702869e-02 4.247044681218970635e-02 2.216098321385842965e-03
6.824122283109702869e-02 4.247044681218970635e-02 2.585448041616816503e-03
6.824122283109702869e-02 4.718938534687745073e-02 0.000000000000000000e+00
6.824122283109702869e-02 4.718938534687745073e-02 3.693497202309738094e-04
6.824122283109702869e-02 4.718938534687745073e-02 7.386994404619476188e-04
6.824122283109702869e-02 4.718938534687745073e-02 1.108049160692921482e-03
6.824122283109702869e-02 4.718938534687745073e-02 1.477398880923895238e-03
6.824122283109702869e-02 4.718938534687745073e-02 1.846748601154868993e-03
6.824122283109702869e-02 4.718938534687745073e-02 2.216098321385842965e-03
6.824122283109702869e-02 4.718938534687745073e-02 2.585448041616816503e-03
6.824122283109702869e-02 5.190832388156519511e-02 0.000000000000000000e+00
6.824122283109702869e-02 5.190832388156519511e-02 3.693497202309738094e-04
6.824122283109702869e-02 5.190832388156519511e-02 7.386994404619476188e-04
6.824122283109702869e-02 5.190832388156519511e-02 1.108049160692921482e-03
6.824122283109702869e-02 5.190832388156519511e-02 1.477398880923895238e-03
6.824122283109702869e-02 5.190832388156519511e-02 1.846748601154868993e-03
6.824122283109702869e-02 5.190832388156519511e-02 2.216098321385842965e-03
6.824122283109702869e-02 5.190832388156519511e-02 2.585448041616816503e-03
6.824122283109702869e-02 5.662726241625294643e-02 0.000000000000000000e+00
6.824122283109702869e-02 5.662726241625294643e-02 3.693497202309738094e-04
6.824122283109702869e-02 5.662726241625294643e-02 7.386994404619476188e-04
6.824122283109702869e-02 5.662726241625294643e-02 1.108049160692921482e-03
6.824122283109702869e-02 5.662726241625294643e-02 1.477398880923895238e-03
6.824122283109702869e-02 5.662726241625294643e-02 1.846748601154868993e-03
6.824122283109702869e-02 5.662726241625294643e-02 2.216098321385842965e-03
6.824122283109702869e-02 5.662726241625294643e-02 2.585448041616816503e-03
6.824122283109702869e-02 6.134620095094069081e-02 0.000000000000000000e+00
6.824122283109702869e-02 6.134620095094069081e-02 3.693497202309738094e-04
6.824122283109702869e-02 6.134620095094069081e-02 7.386994404619476188e-04
6.824122283109702869e-02 6.134620095094069081e-02 1.108049160692921482e-03
6.824122283109702869e-02 6.134620095094069081e-02 1.477398880923895238e-03
6.824122283109702869e-02 6.134620095094069081e-02 1.846748601154868993e-03
6.824122283109702869e-02 6.134620095094069081e-02 2.216098321385842965e-03
6.824122283109702869e-02 6.134620095094069081e-02 2.585448041616816503e-03
6.824122283109702869e-02 6.606513948562843519e-02 0.000000000000000000e+00
6.824122283109702869e-02 6.606513948562843519e-02 3.693497202309738094e-04
6.824122283109702869e-02 6.606513948562843519e-02 7.386994404619476188e-04
6.824122283109702869e-02 6.606513948562843519e-02 1.108049160692921482e-03
6.824122283109702869e-02 6.606513948562843519e-02 1.477398880923895238e-03
6.824122283109702869e-02 6.606513948562843519e-02 1.846748601154868993e-03
6.824122283109702869e-02 6.606513948562843519e-02 2.216098321385842965e-03
6.824122283109702869e-02 6.606513948562843519e-02 2.585448041616816503e-03
7.506534511420673295e-02 0.000000000000000000e+00 0.000000000000000000e+00
7.506534511420673295e-02 0.000000000000000000e+00 3.693497202309738094e-04
7.506534511420673295e-02 0.000000000000000000e+00 7.386994404619476188e-04
7.506534511420673295e-02 0.000000000000000000e+00 1.108049160692921482e-03
7.506534511420673295e-02 0.000000000000000000e+00 1.477398880923895238e-03
7.506534511420673295e-02 0.000000000000000000e+00 1.846748601154868993e-03
7.506534511420673295e-02 0.000000000000000000e+00 2.216098321385842965e-03
7.506534511420673295e-02 0.000000000000000000e+00 2.585448041616816503e-03
7.506534511420673295e-02 4.718938534687745247e-03 0.000000000000000000e+00
7.506534511420673295e-02 4.718938534687745247e-03 3.693497202309738094e-04
7.506534511420673295e-02 4.718938534687745247e-03 7.386994404619476188e-04
7.506534511420673295e-02 4.718938534687745247e-03 1.108049160692921482e-03
7.506534511420673295e-02 4.718938534687745247e-03 1.477398880923895238e-03
7.506534511420673295e-02 4.718938534687745247e-03 1.846748601154868993e-03
7.506534511420673295e-02 4.718938534687745247e-03 2.216098321385842965e-03
7.506534511420673295e-02 4.718938534687745247e-03 2.585448041616816503e-03
7.506534511420673295e-02 9.437877069375490494e-03 0.000000000000000000e+00
7.506534511420673295e-02 9.437877069375490494e-03 3.693497202309738094e-04
7.506534511420673295e-02 9.437877069375490494e-03 7.386994404619476188e-04
7.506534511420673295e-02 9.437877069375490494e-03 1.108049160692921482e-03
7.506534511420673295e-02 9.437877069375490494e-03 1.477398880923895238e-03
7.506534511420673295e-02 9.437877069375490494e-03 1.846748601154868993e-03
7.506534511420673295e-02 9.437877069375490494e-03 2.216098321385842965e-03
7.506534511420673295e-02 9.437877069375490494e-03 2.585448041616816503e-03
7.506534511420673295e-02 1.415681560406323661e-02 0.000000000000000000e+00
7.506534511420673295e-02 1.415681560406323661e-02 3.693497202309738094e-04
7.506534511420673295e-02 1.415681560406323661e-02 7.386994404619476188e-04
7.506534511420673295e-02 1.415681560406323661e-02 1.108049160692921482e-03
7.506534511420673295e-02 1.415681560406323661e-02 1.477398880923895238e-03
7.506534511420673295e-02 1.415681560406323661e-02 1.846748601154868993e-03
7.506534511420673295e-02 1.415681560406323661e-02 2.216098321385842965e-03
7.506534511420673295e-02 1.415681560406323661e-02 2.585448041616816503e-03
7.506534511420673295e-02 1.887575413875098099e-02 0.000000000000000000e+00
7.506534511420673295e-02 1.887575413875098099e-02 3.693497202309738094e-04
7.506534511420673295e-02 1.887575413875098099e-02 7.386994404619476188e-04
7.506534511420673295e-02 1.887575413875098099e-02 1.108049160692921482e-03
7.506534511420673295e-02 1.887575413875098099e-02 1.477398880923895238e-03
7.506534511420673295e-02 1.887575413875098099e-02 1.846748601154868993e-03
7.506534511420673295e-02 1.887575413875098099e-02 2.216098321385842965e-03
7.506534511420673295e-02 1.887575413875098099e-02 2.585448041616816503e-03
7.506534511420673295e-02 2.359469267343872537e-02 0.000000000000000000e+00
7.506534511420673295e-02 2.359469267343872537e-02 3.693497202309738094e-04
7.506534511420673295e-02 2.359469267343872537e-02 7.386994404619476188e-04
7.506534511420673295e-02 2.359469267343872537e-02 1.108049160692921482e-03
7.506534511420673295e-02 2.359469267343872537e-02 1.477398880923895238e-03
7.506534511420673295e-02 2.359469267343872537e-02 1.846748601154868993e-03
7.506534511420673295e-02 2.359469267343872537e-02 2.216098321385842965e-03
7.506534511420673295e-02 2.359469267343872537e-02 2.585448041616816503e-03
7.506534511420673295e-02 2.831363120812647322e-02 0.000000000000000000e+00
7.506534511420673295e-02 2.831363120812647322e-02 3.693497202309738094e-04
7.506534511420673295e-02 2.831363120812647322e-02 7.386994404619476188e-04
7.506534511420673295e-02 2.831363120812647322e-02 1.108049160692921482e-03
7.506534511420673295e-02 2.831363120812647322e-02 1.477398880923895238e-03
7.506534511420673295e-02 2.831363120812647322e-02 1.846748601154868993e-03
7.506534511420673295e-02 2.831363120812647322e-02 2.216098321385842965e-03
7.506534511420673295e-02 2.831363120812647322e-02 2.585448041616816503e-03
7.506534511420673295e-02 3.303256974281421759e-02 0.000000000000000000e+00
7.506534511420673295e-02 3.303256974281421759e-02 3.693497202309738094e-04
7.506534511420673295e-02 3.303256974281421759e-02 7.386994404619476188e-04
7.506534511420673295e-02 3.303256974281421759e-02 1.108049160692921482e-03
7.506534511420673295e-02 3.303256974281421759e-02 1.477398880923895238e-03
7.506534511420673295e-02 3.303256974281421759e-02 1.846748601154868993e-03
7.506534511420673295e-02 3.303256974281421759e-02 2.216098321385842965e-03
7.506534511420673295e-02 3.303256974281421759e-02 2.585448041616816503e-03
7.506534511420673295e-02 3.775150827750196197e-02 0.000000000000000000e+00
7.506534511420673295e-02 3.775150827750196197e-02 3.693497202309738094e-04
7.506534511420673295e-02 3.775150827750196197e-02 7.386994404619476188e-04
7.506534511420673295e-02 3.775150827750196197e-02 1.108049160692921482e-03
7.506534511420673295e-02 3.775150827750196197e-02 1.477398880923895238e-03
7.506534511420673295e-02 3.775150827750196197e-02 1.846748601154868993e-03
7.506534511420673295e-02 3.775150827750196197e-02 2.216098321385842965e-03
7.506534511420673295e-02 3.775150827750196197e-02 2.585448041616816503e-03
7.506534511420673295e-02 4.247044681218970635e-02 0.000000000000000000e+00
7.506534511420673295e-02 4.247044681218970635e-02 3.693497202309738094e-04
7.506534511420673295e-02 4.247044681218970635e-02 7.386994404619476188e-04
7.506534511420673295e-02 4.247044681218970635e-02 1.108049160692921482e-03
7.506534511420673295e-02 4.247044681218970635e-02 1.477398880923895238e-03
7.506534511420673295e-02 4.247044681218970635e-02 1.846748601154868993e-03
7.506534511420673295e-02 4.247044681218970635e-02 2.216098321385842965e-03
7.506534511420673295e-02 4.247044681218970635e-02 2.585448041616816503e-03
7.506534511420673295e-02 4.718938534687745073e-02 0.000000000000000000e+00
7.506534511420673295e-02 4.718938534687745073e-02 3.693497202309738094e-04
7.506534511420673295e-02 4.718938534687745073e-02 7.386994404619476188e-04
7.506534511420673295e-02 4.718938534687745073e-02 1.108049160692921482e-03
7.506534511420673295e-02 4.718938534687745073e-02 1.477398880923895238e-03
7.506534511420673295e-02 4.718938534687745073e-02 1.846748601154868993e-03
7.506534511420673295e-02 4.718938534687745073e-02 2.216098321385842965e-03
7.506534511420673295e-02 4.718938534687745073e-02 2.585448041616816503e-03
7.506534511420673295e-02 5.190832388156519511e-02 0.000000000000000000e+00
7.506534511420673295e-02 5.190832388156519511e-02 3.693497202309738094e-04
7.506534511420673295e-02 5.190832388156519511e-02 7.386994404619476188e-04
7.506534511420673295e-02 5.190832388156519511e-02 1.108049160692921482e-03
7.506534511420673295e-02 5.190832388156519511e-02 1.477398880923895238e-03
7.506534511420673295e-02 5.190832388156519511e-02 1.846748601154868993e-03
7.506534511420673295e-02 5.190832388156519511e-02 2.216098321385842965e-03
7.506534511420673295e-02 5.190832388156519511e-02 2.585448041616816503e-03
7.506534511420673295e-02 5.662726241625294643e-02 0.000000000000000000e+00
7.506534511420673295e-02 5.662726241625294643e-02 3.693497202309738094e-04
7.506534511420673295e-02 5.662726241625294643e-02 7.386994404619476188e-04
7.506534511420673295e-02 5.662726241625294643e-02 1.108049160692921482e-03
7.506534511420673295e-02 5.662726241625294643e-02 1.477398880923895238e-03
7.506534511420673295e-02 5.662726241625294643e-02 1.846748601154868993e-03
7.506534511420673295e-02 5.662726241625294643e-02 2.216098321385842965e-03
7.506534511420673295e-02 5.662726241625294643e-02 2.585448041616816503e-03
7.506534511420673295e-02 6.134620095094069081e-02 0.000000000000000000e+00
7.506534511420673295e-02 6.134620095094069081e-02 3.693497202309738094e-04
7.506534511420673295e-02 6.134620095094069081e-02 7.386994404619476188e-04
7.506534511420673295e-02 6.134620095094069081e-02 1.108049160692921482e-03
7.506534511420673295e-02 6.134620095094069081e-02 1.477398880923895238e-03
7.506534511420673295e-02 6.134620095094069081e-02 1.846748601154868993e-03
7.506534511420673295e-02 6.134620095094069081e-02 2.216098321385842965e-03
7.506534511420673295e-02 6.134620095094069081e-02 2.585448041616816503e-03
7.506534511420673295e-02 6.606513948562843519e-02 0.000000000000000000e+00
7.506534511420673295e-02 6.606513948562843519e-02 3.693497202309738094e-04
7.506534511420673295e-02 6.606513948562843519e-02 7.386994404619476188e-04
7.506534511420673295e-02 6.606513948562843519e-02 1.108049160692921482e-03
7.506534511420673295e-02 6.606513948562843519e-02 1.477398880923895238e-03
7.506534511420673295e-02 6.606513948562843519e-02 1.846748601154868993e-03
7.506534511420673295e-02 6.606513948562843519e-02 2.216098321385842965e-03
7.506534511420673295e-02 6.606513948562843519e-02 2.585448041616816503e-03
8.188946739731643720e-02 0.000000000000000000e+00 0.000000000000000000e+00
8.188946739731643720e-02 0.000000000000000000e+00 3.693497202309738094e-04
8.188946739731643720e-02 0.000000000000000000e+00 7.386994404619476188e-04
8.188946739731643720e-02 0.000000000000000000e+00 1.108049160692921482e-03
8.188946739731643720e-02 0.000000000000000000e+00 1.477398880923895238e-03
8.188946739731643720e-02 0.000000000000000000e+00 1.846748601154868993e-03
8.188946739731643720e-02 0.000000000000000000e+00 2.216098321385842965e-03
8.188946739731643720e-02 0.000000000000000000e+00 2.585448041616816503e-03
8.188946739731643720e-02 4.718938534687745247e-03 0.000000000000000000e+00
8.188946739731643720e-02 4.718938534687745247e-03 3.693497202309738094e-04
8.188946739731643720e-02 4.718938534687745247e-03 7.386994404619476188e-04
8.188946739731643720e-02 4.718938534687745247e-03 1.108049160692921482e-03
8.188946739731643720e-02 4.718938534687745247e-03 1.477398880923895238e-03
8.188946739731643720e-02 4.718938534687745247e-03 1.846748601154868993e-03
8.188946739731643720e-02 4.718938534687745247e-03 2.216098321385842965e-03
8.188946739731643720e-02 4.718938534687745247e-03 2.585448041616816503e-03
8.188946739731643720e-02 9.437877069375490494e-03 0.000000000000000000e+00
8.188946739731643720e-02 9.437877069375490494e-03 3.693497202309738094e-04
8.188946739731643720e-02 9.437877069375490494e-03 7.386994404619476188e-04
8.188946739731643720e-02 9.437877069375490494e-03 1.108049160692921482e-03
8.188946739731643720e-02 9.437877069375490494e-03 1.477398880923895238e-03
8.188946739731643720e-02 9.437877069375490494e-03 1.846748601154868993e-03
8.188946739731643720e-02 9.437877069375490494e-03 2.216098321385842965e-03
8.188946739731643720e-02 9.437877069375490494e-03 2.585448041616816503e-03
8.188946739731643720e-02 1.415681560406323661e-02 0.000000000000000000e+00
8.188946739731643720e-02 1.415681560406323661e-02 3.693497202309738094e-04
8.188946739731643720e-02 1.415681560406323661e-02 7.386994404619476188e-04
8.188946739731643720e-02 1.415681560406323661e-02 1.108049160692921482e-03
8.188946739731643720e-02 1.415681560406323661e-02 1.477398880923895238e-03
8.188946739731643720e-02 1.415681560406323661e-02 1.846748601154868993e-03
8.188946739731643720e-02 1.415681560406323661e-02 2.216098321385842965e-03
8.188946739731643720e-02 1.415681560406323661e-02 2.585448041616816503e-03
8.188946739731643720e-02 1.887575413875098099e-02 0.000000000000000000e+00
8.188946739731643720e-02 1.887575413875098099e-02 3.693497202309738094e-04
8.188946739731643720e-02 1.887575413875098099e-02 7.386994404619476188e-04
8.188946739731643720e-02 1.887575413875098099e-02 1.108049160692921482e-03
8.188946739731643720e-02 1.887575413875098099e-02 1.477398880923895238e-03
8.188946739731643720e-02 1.887575413875098099e-02 1.846748601154868993e-03
8.188946739731643720e-02 1.887575413875098099e-02 2.216098321385842965e-03
8.188946739731643720e-02 1.887575413875098099e-02 2.585448041616816503e-03
8.188946739731643720e-02 2.359469267343872537e-02 0.000000000000000000e+00
8.188946739731643720e-02 2.359469267343872537e-02 3.693497202309738094e-04
8.188946739731643720e-02 2.359469267343872537e-02 7.386994404619476188e-04
8.188946739731643720e-02 2.359469267343872537e-02 1.108049160692921482e-03
8.188946739731643720e-02 2.359469267343872537e-02 1.477398880923895238e-03
8.188946739731643720e-02 2.359469267343872537e-02 1.846748601154868993e-03
8.188946739731643720e-02 2.359469267343872537e-02 2.216098321385842965e-03
8.188946739731643720e-02 2.359469267343872537e-02 2.585448041616816503e-03
8.188946739731643720e-02 2.831363120812647322e-02 0.000000000000000000e+00
8.188946739731643720e-02 2.831363120812647322e-02 3.693497202309738094e-04
8.188946739731643720e-02 2.831363120812647322e-02 7.386994404619476188e-04
8.188946739731643720e-02 2.831363120812647322e-02 1.108049160692921482e-03
8.188946739731643720e-02 2.831363120812647322e-02 1.477398880923895238e-03
8.188946739731643720e-02 2.831363120812647322e-02 1.846748601154868993e-03
8.188946739731643720e-02 2.831363120812647322e-02 2.216098321385842965e-03
8.188946739731643720e-02 2.831363120812647322e-02 2.585448041616816503e-03
8.188946739731643720e-02 3.303256974281421759e-02 0.000000000000000000e+00
8.188946739731643720e-02 3.303256974281421759e-02 3.693497202309738094e-04
8.188946739731643720e-02 3.303256974281421759e-02 7.386994404619476188e-04
8.188946739731643720e-02 3.303256974281421759e-02 1.108049160692921482e-03
8.188946739731643720e-02 3.303256974281421759e-02 1.477398880923895238e-03
8.188946739731643720e-02 3.303256974281421759e-02 1.846748601154868993e-03
8.188946739731643720e-02 3.303256974281421759e-02 2.216098321385842965e-03
8.188946739731643720e-02 3.303256974281421759e-02 2.585448041616816503e-03
8.188946739731643720e-02 3.775150827750196197e-02 0.000000000000000000e+00
8.188946739731643720e-02 3.775150827750196197e-02 3.693497202309738094e-04
8.188946739731643720e-02 3.775150827750196197e-02 7.386994404619476188e-04
8.188946739731643720e-02 3.775150827750196197e-02 1.108049160692921482e-03
8.188946739731643720e-02 3.775150827750196197e-02 1.477398880923895238e-03
8.188946739731643720e-02 3.775150827750196197e-02 1.846748601154868993e-03
8.188946739731643720e-02 3.775150827750196197e-02 2.216098321385842965e-03
8.188946739731643720e-02 3.775150827750196197e-02 2.585448041616816503e-03
8.188946739731643720e-02 4.247044681218970635e-02 0.000000000000000000e+00
8.188946739731643720e-02 4.247044681218970635e-02 3.693497202309738094e-04
8.188946739731643720e-02 4.247044681218970635e-02 7.386994404619476188e-04
8.188946739731643720e-02 4.247044681218970635e-02 1.108049160692921482e-03
8.188946739731643720e-02 4.247044681218970635e-02 1.477398880923895238e-03
8.188946739731643720e-02 4.247044681218970635e-02 1.846748601154868993e-03
8.188946739731643720e-02 4.247044681218970635e-02 2.216098321385842965e-03
8.188946739731643720e-02 4.247044681218970635e-02 2.585448041616816503e-03
8.188946739731643720e-02 4.718938534687745073e-02 0.000000000000000000e+00
8.188946739731643720e-02 4.718938534687745073e-02 3.693497202309738094e-04
8.188946739731643720e-02 4.718938534687745073e-02 7.386994404619476188e-04
8.188946739731643720e-02 4.718938534687745073e-02 1.108049160692921482e-03
8.188946739731643720e-02 4.718938534687745073e-02 1.477398880923895238e-03
8.188946739731643720e-02 4.718938534687745073e-02 1.846748601154868993e-03
8.188946739731643720e-02 4.718938534687745073e-02 2.216098321385842965e-03
8.188946739731643720e-02 4.718938534687745073e-02 2.585448041616816503e-03
8.188946739731643720e-02 5.190832388156519511e-02 0.000000000000000000e+00
8.188946739731643720e-02 5.190832388156519511e-02 3.693497202309738094e-04
8.188946739731643720e-02 5.190832388156519511e-02 7.386994404619476188e-04
8.188946739731643720e-02 5.190832388156519511e-02 1.108049160692921482e-03
8.188946739731643720e-02 5.190832388156519511e-02 1.477398880923895238e-03
8.188946739731643720e-02 5.190832388156519511e-02 1.846748601154868993e-03
8.188946739731643720e-02 5.190832388156519511e-02 2.216098321385842965e-03
8.188946739731643720e-02 5.190832388156519511e-02 2.585448041616816503e-03
8.188946739731643720e-02 5.662726241625294643e-02 0.000000000000000000e+00
8.188946739731643720e-02 5.662726241625294643e-02 3.693497202309738094e-04
8.188946739731643720e-02 5.662726241625294643e-02 7.386994404619476188e-04
8.188946739731643720e-02 5.662726241625294643e-02 1.108049160692921482e-03
8.188946739731643720e-02 5.662726241625294643e-02 1.477398880923895238e-03
8.188946739731643720e-02 5.662726241625294643e-02 1.846748601154868993e-03
8.188946739731643720e-02 5.662726241625294643e-02 2.216098321385842965e-03
8.188946739731643720e-02 5.662726241625294643e-02 2.585448041616816503e-03
8.188946739731643720e-02 6.134620095094069081e-02 0.000000000000000000e+00
8.188946739731643720e-02 6.134620095094069081e-02 3.693497202309738094e-04
8.188946739731643720e-02 6.134620095094069081e-02 7.386994404619476188e-04
8.188946739731643720e-02 6.134620095094069081e-02 1.108049160692921482e-03
8.188946739731643720e-02 6.134620095094069081e-02 1.477398880923895238e-03
8.188946739731643720e-02 6.134620095094069081e-02 1.846748601154868993e-03
8.188946739731643720e-02 6.134620095094069081e-02 2.216098321385842965e-03
8.188946739731643720e-02 6.134620095094069081e-02 2.585448041616816503e-03
8.188946739731643720e-02 6.606513948562843519e-02 0.000000000000000000e+00
8.188946739731643720e-02 6.606513948562843519e-02 3.693497202309738094e-04
8.188946739731643720e-02 6.606513948562843519e-02 7.386994404619476188e-04
8.188946739731643720e-02 6.606513948562843519e-02 1.108049160692921482e-03
8.188946739731643720e-02 6.606513948562843519e-02 1.477398880923895238e-03
8.188946739731643720e-02 6.606513948562843519e-02 1.846748601154868993e-03
8.188946739731643720e-02 6.606513948562843519e-02 2.216098321385842965e-03
8.188946739731643720e-02 6.606513948562843519e-02 2.585448041616816503e-03
8.871358968042614146e-02 0.000000000000000000e+00 0.000000000000000000e+00
8.871358968042614146e-02 0.000000000000000000e+00 3.693497202309738094e-04
8.871358968042614146e-02 0.000000000000000000e+00 7.386994404619476188e-04
8.871358968042614146e-02 0.000000000000000000e+00 1.108049160692921482e-03
8.871358968042614146e-02 0.000000000000000000e+00 1.477398880923895238e-03
8.871358968042614146e-02 0.000000000000000000e+00 1.846748601154868993e-03
8.871358968042614146e-02 0.000000000000000000e+00 2.216098321385842965e-03
8.871358968042614146e-02 0.000000000000000000e+00 2.585448041616816503e-03
8.871358968042614146e-02 4.718938534687745247e-03 0.000000000000000000e+00
8.871358968042614146e-02 4.718938534687745247e-03 3.693497202309738094e-04
8.871358968042614146e-02 4.718938534687745247e-03 7.386994404619476188e-04
8.871358968042614146e-02 4.718938534687745247e-03 1.108049160692921482e-03
8.871358968042614146e-02 4.718938534687745247e-03 1.477398880923895238e-03
8.871358968042614146e-02 4.718938534687745247e-03 1.846748601154868993e-03
8.871358968042614146e-02 4.718938534687745247e-03 2.216098321385842965e-03
8.871358968042614146e-02 4.718938534687745247e-03 2.585448041616816503e-03
8.871358968042614146e-02 9.437877069375490494e-03 0.000000000000000000e+00
8.871358968042614146e-02 9.437877069375490494e-03 3.693497202309738094e-04
8.871358968042614146e-02 9.437877069375490494e-03 7.386994404619476188e-04
8.871358968042614146e-02 9.437877069375490494e-03 1.108049160692921482e-03
8.871358968042614146e-02 9.437877069375490494e-03 1.477398880923895238e-03
8.871358968042614146e-02 9.437877069375490494e-03 1.846748601154868993e-03
8.871358968042614146e-02 9.437877069375490494e-03 2.216098321385842965e-03
8.871358968042614146e-02 9.437877069375490494e-03 2.585448041616816503e-03
8.871358968042614146e-02 1.415681560406323661e-02 0.000000000000000000e+00
8.871358968042614146e-02 1.415681560406323661e-02 3.693497202309738094e-04
8.871358968042614146e-02 1.415681560406323661e-02 7.386994404619476188e-04
8.871358968042614146e-02 1.415681560406323661e-02 1.108049160692921482e-03
8.871358968042614146e-02 1.415681560406323661e-02 1.477398880923895238e-03
8.871358968042614146e-02 1.415681560406323661e-02 1.846748601154868993e-03
8.871358968042614146e-02 1.415681560406323661e-02 2.216098321385842965e-03
8.871358968042614146e-02 1.415681560406323661e-02 2.585448041616816503e-03
8.871358968042614146e-02 1.887575413875098099e-02 0.000000000000000000e+00
8.871358968042614146e-02 1.887575413875098099e-02 3.693497202309738094e-04
8.871358968042614146e-02 1.887575413875098099e-02 7.386994404619476188e-04
8.871358968042614146e-02 1.887575413875098099e-02 1.108049160692921482e-03
8.871358968042614146e-02 1.887575413875098099e-02 1.477398880923895238e-03
8.871358968042614146e-02 1.887575413875098099e-02 1.846748601154868993e-03
8.871358968042614146e-02 1.887575413875098099e-02 2.216098321385842965e-03
8.871358968042614146e-02 1.887575413875098099e-02 2.585448041616816503e-03
8.871358968042614146e-02 2.359469267343872537e-02 0.000000000000000000e+00
8.871358968042614146e-02 2.359469267343872537e-02 3.693497202309738094e-04
8.871358968042614146e-02 2.359469267343872537e-02 7.386994404619476188e-04
8.871358968042614146e-02 2.359469267343872537e-02 1.108049160692921482e-03
8.871358968042614146e-02 2.359469267343872537e-02 1.477398880923895238e-03
8.871358968042614146e-02 2.359469267343872537e-02 1.846748601154868993e-03
8.871358968042614146e-02 2.359469267343872537e-02 2.216098321385842965e-03
8.871358968042614146e-02 2.359469267343872537e-02 2.585448041616816503e-03
8.871358968042614146e-02 2.831363120812647322e-02 0.000000000000000000e+00
8.871358968042614146e-02 2.831363120812647322e-02 3.693497202309738094e-04
8.871358968042614146e-02 2.831363120812647322e-02 7.386994404619476188e-04
8.871358968042614146e-02 2.831363120812647322e-02 1.108049160692921482e-03
8.871358968042614146e-02 2.831363120812647322e-02 1.477398880923895238e-03
8.871358968042614146e-02 2.831363120812647322e-02 1.846748601154868993e-03
8.871358968042614146e-02 2.831363120812647322e-02 2.216098321385842965e-03
8.871358968042614146e-02 2.831363120812647322e-02 2.585448041616816503e-03
8.871358968042614146e-02 3.303256974281421759e-02 0.000000000000000000e+00
8.871358968042614146e-02 3.303256974281421759e-02 3.693497202309738094e-04
8.871358968042614146e-02 3.303256974281421759e-02 7.386994404619476188e-04
8.871358968042614146e-02 3.303256974281421759e-02 1.108049160692921482e-03
8.871358968042614146e-02 3.303256974281421759e-02 1.477398880923895238e-03
8.871358968042614146e-02 3.303256974281421759e-02 1.846748601154868993e-03
8.871358968042614146e-02 3.303256974281421759e-02 2.216098321385842965e-03
8.871358968042614146e-02 3.303256974281421759e-02 2.585448041616816503e-03
8.871358968042614146e-02 3.775150827750196197e-02 0.000000000000000000e+00
8.871358968042614146e-02 3.775150827750196197e-02 3.693497202309738094e-04
8.871358968042614146e-02 3.775150827750196197e-02 7.386994404619476188e-04
8.871358968042614146e-02 3.775150827750196197e-02 1.108049160692921482e-03
8.871358968042614146e-02 3.775150827750196197e-02 1.477398880923895238e-03
8.871358968042614146e-02 3.775150827750196197e-02 1.846748601154868993e-03
8.871358968042614146e-02 3.775150827750196197e-02 2.216098321385842965e-03
8.871358968042614146e-02 3.775150827750196197e-02 2.585448041616816503e-03
8.871358968042614146e-02 4.247044681218970635e-02 0.000000000000000000e+00
8.871358968042614146e-02 4.247044681218970635e-02 3.693497202309738094e-04
8.871358968042614146e-02 4.247044681218970635e-02 7.386994404619476188e-04
8.871358968042614146e-02 4.247044681218970635e-02 1.108049160692921482e-03
8.871358968042614146e-02 4.247044681218970635e-02 1.477398880923895238e-03
8.871358968042614146e-02 4.247044681218970635e-02 1.846748601154868993e-03
8.871358968042614146e-02 4.247044681218970635e-02 2.216098321385842965e-03
8.871358968042614146e-02 4.247044681218970635e-02 2.585448041616816503e-03
8.871358968042614146e-02 4.718938534687745073e-02 0.000000000000000000e+00
8.871358968042614146e-02 4.718938534687745073e-02 3.693497202309738094e-04
8.871358968042614146e-02 4.718938534687745073e-02 7.386994404619476188e-04
8.871358968042614146e-02 4.718938534687745073e-02 1.108049160692921482e-03
8.871358968042614146e-02 4.718938534687745073e-02 1.477398880923895238e-03
8.871358968042614146e-02 4.718938534687745073e-02 1.846748601154868993e-03
8.871358968042614146e-02 4.718938534687745073e-02 2.216098321385842965e-03
8.871358968042614146e-02 4.718938534687745073e-02 2.585448041616816503e-03
8.871358968042614146e-02 5.190832388156519511e-02 0.000000000000000000e+00
8.871358968042614146e-02 5.190832388156519511e-02 3.693497202309738094e-04
8.871358968042614146e-02 5.190832388156519511e-02 7.386994404619476188e-04
8.871358968042614146e-02 5.190832388156519511e-02 1.108049160692921482e-03
8.871358968042614146e-02 5.190832388156519511e-02 1.477398880923895238e-03
8.871358968042614146e-02 5.190832388156519511e-02 1.846748601154868993e-03
8.871358968042614146e-02 5.190832388156519511e-02 2.216098321385842965e-03
8.871358968042614146e-02 5.190832388156519511e-02 2.585448041616816503e-03
8.871358968042614146e-02 5.662726241625294643e-02 0.000000000000000000e+00
8.871358968042614146e-02 5.662726241625294643e-02 3.693497202309738094e-04
8.871358968042614146e-02 5.662726241625294643e-02 7.386994404619476188e-04
8.871358968042614146e-02 5.662726241625294643e-02 1.108049160692921482e-03
8.871358968042614146e-02 5.662726241625294643e-02 1.477398880923895238e-03
8.871358968042614146e-02 5.662726241625294643e-02 1.846748601154868993e-03
8.871358968042614146e-02 5.662726241625294643e-02 2.216098321385842965e-03
8.871358968042614146e-02 5.662726241625294643e-02 2.585448041616816503e-03
8.871358968042614146e-02 6.134620095094069081e-02 0.000000000000000000e+00
8.871358968042614146e-02 6.134620095094069081e-02 3.693497202309738094e-04
8.871358968042614146e-02 6.134620095094069081e-02 7.386994404619476188e-04
8.871358968042614146e-02 6.134620095094069081e-02 1.108049160692921482e-03
8.871358968042614146e-02 6.134620095094069081e-02 1.477398880923895238e-03
8.871358968042614146e-02 6.134620095094069081e-02 1.846748601154868993e-03
8.871358968042614146e-02 6.134620095094069081e-02 2.216098321385842965e-03
8.871358968042614146e-02 6.134620095094069081e-02 2.585448041616816503e-03
8.871358968042614146e-02 6.606513948562843519e-02 0.000000000000000000e+00
8.871358968042614146e-02 6.606513948562843519e-02 3.693497202309738094e-04
8.871358968042614146e-02 6.606513948562843519e-02 7.386994404619476188e-04
8.871358968042614146e-02 6.606513948562843519e-02 1.108049160692921482e-03
8.871358968042614146e-02 6.606513948562843519e-02 1.477398880923895238e-03
8.871358968042614146e-02 6.606513948562843519e-02 1.846748601154868993e-03
8.871358968042614146e-02 6.606513948562843519e-02 2.216098321385842965e-03
8.871358968042614146e-02 6.606513948562843519e-02 2.585448041616816503e-03
9.553771196353584572e-02 0.000000000000000000e+00 0.000000000000000000e+00
9.553771196353584572e-02 0.000000000000000000e+00 3.693497202309738094e-04
9.553771196353584572e-02 0.000000000000000000e+00 7.386994404619476188e-04
9.553771196353584572e-02 0.000000000000000000e+00 1.108049160692921482e-03
9.553771196353584572e-02 0.000000000000000000e+00 1.477398880923895238e-03
9.553771196353584572e-02 0.000000000000000000e+00 1.846748601154868993e-03
9.553771196353584572e-02 0.000000000000000000e+00 2.216098321385842965e-03
9.553771196353584572e-02 0.000000000000000000e+00 2.585448041616816503e-03
9.553771196353584572e-02 4.718938534687745247e-03 0.000000000000000000e+00
9.553771196353584572e-02 4.718938534687745247e-03 3.693497202309738094e-04
9.553771196353584572e-02 4.718938534687745247e-03 7.386994404619476188e-04
9.553771196353584572e-02 4.718938534687745247e-03 1.108049160692921482e-03
9.553771196353584572e-02 4.718938534687745247e-03 1.477398880923895238e-03
9.553771196353584572e-02 4.718938534687745247e-03 1.846748601154868993e-03
9.553771196353584572e-02 4.718938534687745247e-03 2.216098321385842965e-03
9.553771196353584572e-02 4.718938534687745247e-03 2.585448041616816503e-03
9.553771196353584572e-02 9.437877069375490494e-03 0.000000000000000000e+00
9.553771196353584572e-02 9.437877069375490494e-03 3.693497202309738094e-04
9.553771196353584572e-02 9.437877069375490494e-03 7.386994404619476188e-04
9.553771196353584572e-02 9.437877069375490494e-03 1.108049160692921482e-03
9.553771196353584572e-02 9.437877069375490494e-03 1.477398880923895238e-03
9.553771196353584572e-02 9.437877069375490494e-03 1.846748601154868993e-03
9.553771196353584572e-02 9.437877069375490494e-03 2.216098321385842965e-03
9.553771196353584572e-02 9.437877069375490494e-03 2.585448041616816503e-03
9.553771196353584572e-02 1.415681560406323661e-02 0.000000000000000000e+00
9.553771196353584572e-02 1.415681560406323661e-02 3.693497202309738094e-04
9.553771196353584572e-02 1.415681560406323661e-02 7.386994404619476188e-04
9.553771196353584572e-02 1.415681560406323661e-02 1.108049160692921482e-03
9.553771196353584572e-02 1.415681560406323661e-02 1.477398880923895238e-03
9.553771196353584572e-02 1.415681560406323661e-02 1.846748601154868993e-03
9.553771196353584572e-02 1.415681560406323661e-02 2.216098321385842965e-03
9.553771196353584572e-02 1.415681560406323661e-02 2.585448041616816503e-03
9.553771196353584572e-02 1.887575413875098099e-02 0.000000000000000000e+00
9.553771196353584572e-02 1.887575413875098099e-02 3.693497202309738094e-04
9.553771196353584572e-02 1.887575413875098099e-02 7.386994404619476188e-04
9.553771196353584572e-02 1.887575413875098099e-02 1.108049160692921482e-03
9.553771196353584572e-02 1.887575413875098099e-02 1.477398880923895238e-03
9.553771196353584572e-02 1.887575413875098099e-02 1.846748601154868993e-03
9.553771196353584572e-02 1.887575413875098099e-02 2.216098321385842965e-03
9.553771196353584572e-02 1.887575413875098099e-02 2.585448041616816503e-03
9.553771196353584572e-02 2.359469267343872537e-02 0.000000000000000000e+00
9.553771196353584572e-02 2.359469267343872537e-02 3.693497202309738094e-04
9.553771196353584572e-02 2.359469267343872537e-02 7.386994404619476188e-04
9.553771196353584572e-02 2.359469267343872537e-02 1.108049160692921482e-03
9.553771196353584572e-02 2.359469267343872537e-02 1.477398880923895238e-03
9.553771196353584572e-02 2.359469267343872537e-02 1.846748601154868993e-03
9.553771196353584572e-02 2.359469267343872537e-02 2.216098321385842965e-03
9.553771196353584572e-02 2.359469267343872537e-02 2.585448041616816503e-03
9.553771196353584572e-02 2.831363120812647322e-02 0.000000000000000000e+00
9.553771196353584572e-02 2.831363120812647322e-02 3.693497202309738094e-04
9.553771196353584572e-02 2.831363120812647322e-02 7.386994404619476188e-04
9.553771196353584572e-02 2.831363120812647322e-02 1.108049160692921482e-03
9.553771196353584572e-02 2.831363120812647322e-02 1.477398880923895238e-03
9.553771196353584572e-02 2.831363120812647322e-02 1.846748601154868993e-03
9.553771196353584572e-02 2.831363120812647322e-02 2.216098321385842965e-03
9.553771196353584572e-02 2.831363120812647322e-02 2.585448041616816503e-03
9.553771196353584572e-02 3.303256974281421759e-02 0.000000000000000000e+00
9.553771196353584572e-02 3.303256974281421759e-02 3.693497202309738094e-04
9.553771196353584572e-02 3.303256974281421759e-02 7.386994404619476188e-04
9.553771196353584572e-02 3.303256974281421759e-02 1.108049160692921482e-03
9.553771196353584572e-02 3.303256974281421759e-02 1.477398880923895238e-03
9.553771196353584572e-02 3.303256974281421759e-02 1.846748601154868993e-03
9.553771196353584572e-02 3.303256974281421759e-02 2.216098321385842965e-03
9.553771196353584572e-02 3.303256974281421759e-02 2.585448041616816503e-03
9.553771196353584572e-02 3.775150827750196197e-02 0.000000000000000000e+00
9.553771196353584572e-02 3.775150827750196197e-02 3.693497202309738094e-04
9.553771196353584572e-02 3.775150827750196197e-02 7.386994404619476188e-04
9.553771196353584572e-02 3.775150827750196197e-02 1.108049160692921482e-03
9.553771196353584572e-02 3.775150827750196197e-02 1.477398880923895238e-03
9.553771196353584572e-02 3.775150827750196197e-02 1.846748601154868993e-03
9.553771196353584572e-02 3.775150827750196197e-02 2.216098321385842965e-03
9.553771196353584572e-02 3.775150827750196197e-02 2.585448041616816503e-03
9.553771196353584572e-02 4.247044681218970635e-02 0.000000000000000000e+00
9.553771196353584572e-02 4.247044681218970635e-02 3.693497202309738094e-04
9.553771196353584572e-02 4.247044681218970635e-02 7.386994404619476188e-04
9.553771196353584572e-02 4.247044681218970635e-02 1.108049160692921482e-03
9.553771196353584572e-02 4.247044681218970635e-02 1.477398880923895238e-03
9.553771196353584572e-02 4.247044681218970635e-02 1.846748601154868993e-03
9.553771196353584572e-02 4.247044681218970635e-02 2.216098321385842965e-03
9.553771196353584572e-02 4.247044681218970635e-02 2.585448041616816503e-03
9.553771196353584572e-02 4.718938534687745073e-02 0.000000000000000000e+00
9.553771196353584572e-02 4.718938534687745073e-02 3.693497202309738094e-04
9.553771196353584572e-02 4.718938534687745073e-02 7.386994404619476188e-04
9.553771196353584572e-02 4.718938534687745073e-02 1.108049160692921482e-03
9.553771196353584572e-02 4.718938534687745073e-02 1.477398880923895238e-03
9.553771196353584572e-02 4.718938534687745073e-02 1.846748601154868993e-03
9.553771196353584572e-02 4.718938534687745073e-02 2.216098321385842965e-03
9.553771196353584572e-02 4.718938534687745073e-02 2.585448041616816503e-03
9.553771196353584572e-02 5.190832388156519511e-02 0.000000000000000000e+00
9.553771196353584572e-02 5.190832388156519511e-02 3.693497202309738094e-04
9.553771196353584572e-02 5.190832388156519511e-02 7.386994404619476188e-04
9.553771196353584572e-02 5.190832388156519511e-02 1.108049160692921482e-03
9.553771196353584572e-02 5.190832388156519511e-02 1.477398880923895238e-03
9.553771196353584572e-02 5.190832388156519511e-02 1.846748601154868993e-03
9.553771196353584572e-02 5.190832388156519511e-02 2.216098321385842965e-03
9.553771196353584572e-02 5.190832388156519511e-02 2.585448041616816503e-03
9.553771196353584572e-02 5.662726241625294643e-02 0.000000000000000000e+00
9.553771196353584572e-02 5.662726241625294643e-02 3.693497202309738094e-04
9.553771196353584572e-02 5.662726241625294643e-02 7.386994404619476188e-04
9.553771196353584572e-02 5.662726241625294643e-02 1.108049160692921482e-03
9.553771196353584572e-02 5.662726241625294643e-02 1.477398880923895238e-03
9.553771196353584572e-02 5.662726241625294643e-02 1.846748601154868993e-03
9.553771196353584572e-02 5.662726241625294643e-02 2.216098321385842965e-03
9.553771196353584572e-02 5.662726241625294643e-02 2.585448041616816503e-03
9.553771196353584572e-02 6.134620095094069081e-02 0.000000000000000000e+00
9.553771196353584572e-02 6.134620095094069081e-02 3.693497202309738094e-04
9.553771196353584572e-02 6.134620095094069081e-02 7.386994404619476188e-04
9.553771196353584572e-02 6.134620095094069081e-02 1.108049160692921482e-03
9.553771196353584572e-02 6.134620095094069081e-02 1.477398880923895238e-03
9.553771196353584572e-02 6.134620095094069081e-02 1.846748601154868993e-03
9.553771196353584572e-02 6.134620095094069081e-02 2.216098321385842965e-03
9.553771196353584572e-02 6.134620095094069081e-02 2.585448041616816503e-03
9.553771196353584572e-02 6.606513948562843519e-02 0.000000000000000000e+00
9.553771196353584572e-02 6.606513948562843519e-02 3.693497202309738094e-04
9.553771196353584572e-02 6.606513948562843519e-02 7.386994404619476188e-04
9.553771196353584572e-02 6.606513948562843519e-02 1.108049160692921482e-03
9.553771196353584572e-02 6.606513948562843519e-02 1.477398880923895238e-03
9.553771196353584572e-02 6.606513948562843519e-02 1.846748601154868993e-03
9.553771196353584572e-02 6.606513948562843519e-02 2.216098321385842965e-03
9.553771196353584572e-02 6.606513948562843519e-02 2.585448041616816503e-03
