frequency_hz,psd
0.0,0.0018971181829558084
0.4,0.006126061992345283
0.8,0.0033233505380073293
1.2000000000000002,0.004738510885061457
1.6,0.0031453806770056422
2.0,0.003546923851731723
2.4000000000000004,0.006667514559264977
2.8000000000000003,0.00445463574839241
3.2,0.003942661306294457
3.6,0.006422125135693636
4.0,0.007009084120387176
4.4,0.004084372886247314
4.800000000000001,0.0018563654855182716
5.2,0.006671796333216891
5.6000000000000005,0.003015618391141001
6.0,0.007439591680240433
6.4,0.0019485111858299558
6.800000000000001,0.005049304025406313
7.2,0.005297686322232008
7.6000000000000005,0.008109469171389579
8.0,0.0018412474840953574
8.4,0.0033579093164475726
8.8,0.004963996064570328
9.200000000000001,0.008906178025217447
9.600000000000001,0.008516415104220687
10.0,0.010811324773523997
10.4,0.002234873719497863
10.8,0.003944892572965185
11.200000000000001,0.004789786669260102
11.600000000000001,0.005592013287614859
12.0,0.0037357468279032814
12.4,0.00831537966036691
12.8,0.0030178570794921417
13.200000000000001,0.006698277431135271
13.600000000000001,0.002870560085768767
14.0,0.006612214024628015
14.4,0.002959029507307689
14.8,0.00747071043618015
15.200000000000001,0.007599521086050401
15.600000000000001,0.005971460529676691
16.0,0.003914906019493501
16.400000000000002,0.0031826205355104747
16.8,0.006898048023665826
17.2,0.007945979659899304
17.6,0.003490912749617602
18.0,0.003258230905544933
18.400000000000002,0.0035666138684304336
18.8,0.004565912467894037
19.200000000000003,0.004807214410227152
19.6,0.0063668290405346235
20.0,0.004995025231803793
20.400000000000002,0.005344149259852133
20.8,0.0029158906059726475
21.200000000000003,0.005411350070078528
21.6,0.004370806051222043
22.0,0.00948268829271387
22.400000000000002,0.0036291659468268805
22.8,0.001914467159527475
23.200000000000003,0.003846065122271231
23.6,0.005070431947032334
24.0,0.013527240393927399
24.400000000000002,0.005421610800966047
24.8,0.007049967271450286
25.200000000000003,0.00521145827369502
25.6,0.0018020354655716379
26.0,0.0027262139445599297
26.400000000000002,0.005040942189380505
26.8,0.0022483058761291292
27.200000000000003,0.004363201998433636
27.6,0.004446532583933891
28.0,0.008841183989518725
28.400000000000002,0.0025367529242804982
28.8,0.006596836117537424
29.200000000000003,0.004798860052050601
29.6,0.008067233526350186
30.0,0.0077550740552985
30.400000000000002,0.006268967813512043
30.8,0.003809489263790811
31.200000000000003,0.007037776049402838
31.6,0.01089746142441417
32.0,0.004698053520227368
32.4,0.004020968229293317
32.800000000000004,0.009161438437175422
33.2,0.007938839219547137
33.6,0.00986012111025047
34.0,0.005235569241157322
34.4,0.005113298476027388
34.800000000000004,0.010993013430765098
35.2,0.008318246628832066
35.6,0.005452423729269653
36.0,0.005911566070666776
36.4,0.0032503381706418637
36.800000000000004,0.006324729789635537
37.2,0.00731098674911483
37.6,0.004209488716691559
38.0,0.0035768199186862228
38.400000000000006,0.005503836555678218
38.800000000000004,0.00746045778986851
39.2,0.0064790031932215365
39.6,0.008835871304166059
40.0,0.007154791688069834
40.400000000000006,0.00572761195038947
40.800000000000004,0.005819389890881674
41.2,0.0028356866083349124
41.6,0.009861159433793313
42.0,0.005785414075190549
42.400000000000006,0.006869539252586633
42.800000000000004,0.00678929149736699
43.2,0.006568022274162118
43.6,0.004430782352992218
44.0,0.0062330895054786666
44.400000000000006,0.0053838453125411
44.800000000000004,0.00993188258500703
45.2,0.003868297727254844
45.6,0.00911434124019247
46.0,0.006087077685550434
46.400000000000006,0.005692029667313796
46.800000000000004,0.002534280354907051
47.2,0.005074639928008248
47.6,0.005143608655706451
48.0,0.0056115118462624815
48.400000000000006,0.004920666469104221
48.800000000000004,0.004588000973392534
49.2,0.011184334894390871
49.6,0.003479174839483833
50.0,0.006242115765133232
50.400000000000006,0.007144652222900974
50.800000000000004,0.006454359233105127
51.2,0.00673572094809245
51.6,0.0054346694643213275
52.0,0.008462975721912125
52.400000000000006,0.007141781133935605
52.800000000000004,0.008451536317783812
53.2,0.0051229430702990734
53.6,0.009777222706323734
54.0,0.004173584498149375
54.400000000000006,0.006285799766695043
54.800000000000004,0.010922482865062344
55.2,0.007443946836335717
55.6,0.004144083743142834
56.0,0.005551490414145884
56.400000000000006,0.007214336619601595
56.800000000000004,0.003868488553553225
57.2,0.007424616173885392
57.6,0.005049940780407564
58.0,0.007174497798705016
58.400000000000006,0.009686811138832411
58.800000000000004,0.004072007592374959
59.2,0.008759707793670612
59.6,0.004495305369167634
60.0,0.007495216850392603
60.400000000000006,0.005210785710613649
60.800000000000004,0.011873921232182458
61.2,0.007856304212034728
61.6,0.007441952086094048
62.0,0.005210316172229357
62.400000000000006,0.0062759647134931216
62.800000000000004,0.00601650480021834
63.2,0.009288785446040497
63.6,0.004422538150751185
64.0,0.004928285781568338
64.4,0.005063540954160735
64.8,0.005070214578734425
65.2,0.008840503216428966
65.60000000000001,0.009045587652324973
66.0,0.007168216431545309
66.4,0.006534663248298226
66.8,0.01083755899084802
67.2,0.009232295671986732
67.60000000000001,0.01247599347800224
68.0,0.005029492723904794
68.4,0.00983541873894108
68.8,0.00827647956788147
69.2,0.011033616954636684
69.60000000000001,0.012221358257064576
70.0,0.006132070899947323
70.4,0.01112030922894688
70.8,0.009455391119097555
71.2,0.010377402180854492
71.60000000000001,0.010141815700935674
72.0,0.0067783414692784835
72.4,0.005759972860658384
72.8,0.009357737219647394
73.2,0.0049073043723778
73.60000000000001,0.007979599008873543
74.0,0.007934157364821703
74.4,0.007319251370922237
74.8,0.008025418572814297
75.2,0.010208183791412582
75.60000000000001,0.012022880650708289
76.0,0.00742253309464499
76.4,0.0070207349276636246
76.80000000000001,0.004922696830261227
77.2,0.005119089377192466
77.60000000000001,0.00804497325468322
78.0,0.00961919418244349
78.4,0.009540196042929827
78.80000000000001,0.007051943806240454
79.2,0.009379541502719677
79.60000000000001,0.006950802832669007
80.0,0.012696972690949543
80.4,0.013975225796794024
80.80000000000001,0.009824753032149827
81.2,0.0072559185723801885
81.60000000000001,0.01046421598316541
82.0,0.009338776751726474
82.4,0.010782146029863925
82.80000000000001,0.008235364461511121
83.2,0.012147835096576918
83.60000000000001,0.01147664958262107
84.0,0.012782303832397502
84.4,0.011021534133365964
84.80000000000001,0.016369758303254597
85.2,0.00942695133273231
85.60000000000001,0.005062523902452239
86.0,0.010536556813798678
86.4,0.006157617960925893
86.80000000000001,0.009703322435674365
87.2,0.009183813581346772
87.60000000000001,0.01528265741459785
88.0,0.009713211535518887
88.4,0.011230821700476195
88.80000000000001,0.009306064529302325
89.2,0.013174008284171425
89.60000000000001,0.013234721742732243
90.0,0.008928008314660832
90.4,0.012975270583203698
90.80000000000001,0.00933709784995349
91.2,0.01335376427949512
91.60000000000001,0.011720211997460775
92.0,0.013911526777603348
92.4,0.010243139134175367
92.80000000000001,0.01249892270828964
93.2,0.01236026386960836
93.60000000000001,0.009724706007470288
94.0,0.007358219113553962
94.4,0.009413483341732169
94.80000000000001,0.015419645524099582
95.2,0.01265068220524608
95.60000000000001,0.011721775669463886
96.0,0.008853314051895095
96.4,0.014177074024465025
96.80000000000001,0.011647652575438304
97.2,0.01419336725751796
97.60000000000001,0.012703584633904481
98.0,0.01456828874496534
98.4,0.015180065278930226
98.80000000000001,0.010972430538700858
99.2,0.018681493887602752
99.60000000000001,0.01926633033345824
100.0,0.016919428963252988
100.4,0.018361419504112513
100.80000000000001,0.01460698642683997
101.2,0.015442850105617715
101.60000000000001,0.011862897197500045
102.0,0.014495135022003969
102.4,0.015516882864510015
102.80000000000001,0.012643105174977787
103.2,0.020972841107922937
103.60000000000001,0.02093307028024113
104.0,0.01640991536643916
104.4,0.01898236798397572
104.80000000000001,0.01722908701015236
105.2,0.015710717690610252
105.60000000000001,0.02149299581168003
106.0,0.019923823686643905
106.4,0.014349611766230334
106.80000000000001,0.020899756243000108
107.2,0.02379200012344284
107.60000000000001,0.014664510160864749
108.0,0.016912022568674114
108.4,0.019643791016407404
108.80000000000001,0.018638622933621295
109.2,0.025100730772752745
109.60000000000001,0.021553376201548347
110.0,0.016768595370105197
110.4,0.014569111391636705
110.80000000000001,0.020262246819024755
111.2,0.021940219053822832
111.60000000000001,0.016031145489666093
112.0,0.017223383269307963
112.4,0.015620108093484283
112.80000000000001,0.02293468184796035
113.2,0.017896584387724665
113.60000000000001,0.025268076016195008
114.0,0.024445324281443703
114.4,0.03032317785212972
114.80000000000001,0.02057092157976273
115.2,0.02489573980815506
115.60000000000001,0.023253252094654918
116.0,0.025255584283480837
116.4,0.03500380574918847
116.80000000000001,0.020619555874458937
117.2,0.02088419899998563
117.60000000000001,0.024982209844602532
118.0,0.021068792414815973
118.4,0.02460721831355557
118.80000000000001,0.024495355040518096
119.2,0.0326465293500874
119.60000000000001,0.030906279914020764
120.0,0.024429778435075652
120.4,0.02568374941854994
120.80000000000001,0.02785795781048713
121.2,0.03385105026015568
121.60000000000001,0.028480282100087607
122.0,0.02953030454397944
122.4,0.03647334702556335
122.80000000000001,0.027572664452356344
123.2,0.035941073064760416
123.60000000000001,0.04009636981123772
124.0,0.03271956164477092
124.4,0.032694279438013014
124.80000000000001,0.037320993147198285
125.2,0.03794221305817035
125.60000000000001,0.042810710623205864
126.0,0.030563464827289943
126.4,0.04916015215110557
126.80000000000001,0.04605827825328899
127.2,0.04904891087305522
127.60000000000001,0.037676769481739786
128.0,0.03721057340114166
128.4,0.04493240317045258
128.8,0.05140968792821002
129.20000000000002,0.054763246167418636
129.6,0.0441415249484881
130.0,0.05003494237866888
130.4,0.041627711688573814
130.8,0.04737697658765311
131.20000000000002,0.050343611378464284
131.6,0.05886100212597098
132.0,0.050092386895803746
132.4,0.04942237952187654
132.8,0.06441832000240882
133.20000000000002,0.06590463349310535
133.6,0.058069199837681114
134.0,0.050879998578469345
134.4,0.050632907481437416
134.8,0.055058007250019705
135.20000000000002,0.05527063513368183
135.6,0.07527549451231932
136.0,0.06311266578053622
136.4,0.0608921847461026
136.8,0.07081620032795748
137.20000000000002,0.07157369513845561
137.6,0.059672812354162684
138.0,0.07114838926194025
138.4,0.0743236196762699
138.8,0.07516182587748942
139.20000000000002,0.06200465256613574
139.6,0.0778841308356442
140.0,0.07888175809536287
140.4,0.07924693712687349
140.8,0.08911891752445783
141.20000000000002,0.09793334376611472
141.6,0.08757424162894202
142.0,0.09051183947403978
142.4,0.10055736798079255
142.8,0.10559918296398359
143.20000000000002,0.09292548000183089
143.6,0.10390199079291752
144.0,0.10288466942334117
144.4,0.12302075175042367
144.8,0.1054146839292491
145.20000000000002,0.10382514744337135
145.6,0.11137234589364178
146.0,0.12057101147633692
146.4,0.1397293180753718
146.8,0.1246423117289522
147.20000000000002,0.12260607049800627
147.6,0.15814392141426356
148.0,0.14536099510680747
148.4,0.1266910715771246
148.8,0.15067667113010702
149.20000000000002,0.15036507143570038
149.6,0.15220708861307689
150.0,0.15442251609244756
150.4,0.14804301752403554
150.8,0.1476665947017194
151.20000000000002,0.1610882175240725
151.6,0.16658356256017515
152.0,0.16677381193778437
152.4,0.18291230471420186
152.8,0.17690205296501701
153.20000000000002,0.19374936032260887
153.60000000000002,0.17941117934552298
154.0,0.196083109184602
154.4,0.19945595764121227
154.8,0.18919062249314
155.20000000000002,0.21990079412785585
155.60000000000002,0.22025517806698408
156.0,0.21505199751646845
156.4,0.23195565257063275
156.8,0.23633604441636
157.20000000000002,0.2368464259437228
157.60000000000002,0.24759417745693466
158.0,0.2502167792350616
158.4,0.2693838796003409
158.8,0.2795780915859317
159.20000000000002,0.2585127799662009
159.60000000000002,0.27125999721902777
160.0,0.26005990679068786
160.4,0.3137544766241189
160.8,0.29968283270589
161.20000000000002,0.2831641572320359
161.60000000000002,0.3274211281398313
162.0,0.3310357301111858
162.4,0.31831047866756906
162.8,0.35410715209222143
163.20000000000002,0.3446151543276061
163.60000000000002,0.3588143956845642
164.0,0.36740547497967324
164.4,0.35680657537221994
164.8,0.37578696329566513
165.20000000000002,0.3862776916618973
165.60000000000002,0.38478850476500676
166.0,0.4195691587911357
166.4,0.3962639277068765
166.8,0.4313363469933477
167.20000000000002,0.3703847115224642
167.60000000000002,0.45931405845615897
168.0,0.45000803129508354
168.4,0.43988432764590485
168.8,0.4823348240671425
169.20000000000002,0.4537443858368324
169.60000000000002,0.5471065143427912
170.0,0.49149127242921214
170.4,0.47214689272915833
170.8,0.5008999833413695
171.20000000000002,0.5207936720255986
171.60000000000002,0.5042847968538644
172.0,0.5257184621392407
172.4,0.546209015860946
172.8,0.5623825755860778
173.20000000000002,0.5933378903598299
173.60000000000002,0.606036144218956
174.0,0.5940436410475441
174.4,0.565594168526904
174.8,0.5515848570719597
175.20000000000002,0.613604391926235
175.60000000000002,0.6151310848243817
176.0,0.6452015090339563
176.4,0.6449831912281226
176.8,0.6393021152658669
177.20000000000002,0.6530395493653919
177.60000000000002,0.6566369502028258
178.0,0.6708196574823944
178.4,0.6780833355808977
178.8,0.7187351017744452
179.20000000000002,0.6811446043265819
179.60000000000002,0.6943945984950042
180.0,0.6872197327995311
180.4,0.74149109477398
180.8,0.6993576440903664
181.20000000000002,0.7485834609278518
181.60000000000002,0.7683658762724536
182.0,0.7564251555256003
182.4,0.7411785697905557
182.8,0.6801766471117221
183.20000000000002,0.7323521934138946
183.60000000000002,0.7613881070532251
184.0,0.7243854184106965
184.4,0.791671614849549
184.8,0.7007596114887017
185.20000000000002,0.6872847263083677
185.60000000000002,0.742628661240931
186.0,0.7378989778144415
186.4,0.7521864865303318
186.8,0.7877718376121342
187.20000000000002,0.7199861576202538
187.60000000000002,0.7378236612817628
188.0,0.7116143273959734
188.4,0.7371580930291918
188.8,0.7343544868906366
189.20000000000002,0.7411298796594151
189.60000000000002,0.7126027764017029
190.0,0.7081324761652503
190.4,0.7255275288173093
190.8,0.6672484518752503
191.20000000000002,0.7016738756302432
191.60000000000002,0.6970989624162095
192.0,0.6897892697591105
192.4,0.7082425597534937
192.8,0.7066498800426488
193.20000000000002,0.6555830437697596
193.60000000000002,0.625838691966841
194.0,0.6703437760722655
194.4,0.6413011224519882
194.8,0.6472360198425154
195.20000000000002,0.6232125760082355
195.60000000000002,0.6414085485198594
196.0,0.6447668847466407
196.4,0.6049949180094345
196.8,0.5789609799201287
197.20000000000002,0.577694907785399
197.60000000000002,0.60734144157876
198.0,0.563113700734222
198.4,0.5825906450125108
198.8,0.5401891761487694
199.20000000000002,0.5550424041821935
199.60000000000002,0.5256397288262485
200.0,13786.936267167233
200.4,0.5289893048622307
200.8,0.5099236696398288
201.20000000000002,0.4958249929921093
201.60000000000002,0.5043479941405442
202.0,0.47428615391041934
202.4,0.485109465008193
202.8,0.4873483447161801
203.20000000000002,0.43340175487740895
203.60000000000002,0.48509785795380667
204.0,0.4521645387297871
204.4,0.47791352126927905
204.8,0.46757667753306803
205.20000000000002,0.48885455572557923
205.60000000000002,0.47496680277476466
206.0,0.47333535664914256
206.4,0.4578292548402592
206.8,0.4792411930752036
207.20000000000002,0.4686504427924437
207.60000000000002,0.4614106698758164
208.0,0.48192268130839
208.4,0.5022447829453369
208.8,0.5202199469816298
209.20000000000002,0.48832435749027475
209.60000000000002,0.489514458836681
210.0,0.5222620512389862
210.4,0.5469199987972547
210.8,0.5597055846492646
211.20000000000002,0.5703456922702609
211.60000000000002,0.5226433264626068
212.0,0.532483678872244
212.4,0.5669775300598979
212.8,0.5777252299056708
213.20000000000002,0.5774358185673752
213.60000000000002,0.6054932743431073
214.0,0.5897584837622379
214.4,0.5872723605629416
214.8,0.6270405610881826
215.20000000000002,0.6319140139402342
215.60000000000002,0.6119392532146082
216.0,0.6115549217889426
216.4,0.656600845606828
216.8,0.6765477511384286
217.20000000000002,0.6519131401809883
217.60000000000002,0.6747430772197417
218.0,0.6718600739777328
218.4,0.6332553981903184
218.8,0.6694361925739613
219.20000000000002,0.6645051622794473
219.60000000000002,0.6574710734341156
220.0,0.6578426159279542
220.4,0.635248594408442
220.8,0.6733213513622366
221.20000000000002,0.6580333962216414
221.60000000000002,0.6354888029235095
222.0,0.652411019210532
222.4,0.627773674359512
222.8,0.6362659304468737
223.20000000000002,0.599791347626072
223.60000000000002,0.5937028606374471
224.0,0.6452965547542248
224.4,0.5804253281191525
224.8,0.5934737815660448
225.20000000000002,0.5614739159194985
225.60000000000002,0.5694181059538886
226.0,0.5705819191649971
226.4,0.5471917972574567
226.8,0.5681419093214538
227.20000000000002,0.5323261991050801
227.60000000000002,0.5307089976308935
228.0,0.5264964769624033
228.4,0.5048039206994761
228.8,0.5261543298713462
229.20000000000002,0.5463613322864889
229.60000000000002,0.5218508409033371
230.0,0.48500271042698906
230.4,0.5150440719201825
230.8,0.5055152531916314
231.20000000000002,0.5076601071401678
231.60000000000002,0.4686927036189163
232.0,0.5071734483840002
232.4,0.5525676361374485
232.8,0.49811950420214607
233.20000000000002,0.5281030660878746
233.60000000000002,0.5106348322596483
234.0,0.512936596496547
234.4,0.55594722831496
234.8,0.5783048000788662
235.20000000000002,0.5763203384516347
235.60000000000002,0.5380951767896485
236.0,0.583398775035759
236.4,0.5742226352689959
236.8,0.5729954061759985
237.20000000000002,0.5871909617090886
237.60000000000002,0.5881785401042656
238.0,0.5850654572885947
238.4,0.6077220073771751
238.8,0.6060742550076919
239.20000000000002,0.6351710371989234
239.60000000000002,0.6062262688302394
240.0,0.6289428104455379
240.4,0.6427999403730619
240.8,0.6260378010062185
241.20000000000002,0.6191661984217026
241.60000000000002,0.6108338264653917
242.0,0.6609876991229734
242.4,0.6003437178775185
242.8,0.6391725638958672
243.20000000000002,0.6106002510263947
243.60000000000002,0.6183314786439068
244.0,0.5722350386749268
244.4,0.5847600617444673
244.8,0.587909011467398
245.20000000000002,0.5597460409749603
245.60000000000002,0.5664718629729049
246.0,0.5751133822115194
246.4,0.5760813554805699
246.8,0.559980289269941
247.20000000000002,0.538974506980325
247.60000000000002,0.5335813766530794
248.0,0.5498252426554041
248.4,0.5302200533480284
248.8,0.530744064585688
249.20000000000002,0.5321023846592599
249.60000000000002,0.4932570296285219
250.0,0.4943662236356088
250.4,0.5183673847402247
250.8,0.5190724979423234
251.20000000000002,0.5254992015017774
251.60000000000002,0.519317010288823
252.0,0.5340620990810616
252.4,0.5526476456842522
252.8,0.5397783701029967
253.20000000000002,0.5466670577863629
253.60000000000002,0.5166799409867422
254.0,0.5441546847184432
254.4,0.546021958299289
254.8,0.5622596162661705
255.20000000000002,0.5700493601213675
255.60000000000002,0.6349098508668976
256.0,0.5949567029676187
256.40000000000003,0.5779956834649
256.8,0.6023888143741434
257.2,0.5426713387550143
257.6,0.6305973186056105
258.0,0.5966839094192723
258.40000000000003,0.6123659365573066
258.8,0.6381338785283169
259.2,0.6640863775808469
259.6,0.5691652628167171
260.0,0.6279616866465887
260.40000000000003,0.5731503954830814
260.8,0.6369404583109277
261.2,0.5935442165656815
261.6,0.5660615568284709
262.0,0.6122779308063752
262.40000000000003,0.547788879851049
262.8,0.5446494266967697
263.2,0.564844829502459
263.6,0.5842134632622044
264.0,0.5218836258313949
264.40000000000003,0.5240392537144172
264.8,0.5413229122063971
265.2,0.5438290867929536
265.6,0.5084626762469863
266.0,0.46864967280303516
266.40000000000003,0.5202674503699752
266.8,0.5424258518838015
267.2,0.5369784685154092
267.6,0.5151588371319467
268.0,0.5281844088845821
268.40000000000003,0.5388104455328561
268.8,0.5311971837440816
269.2,0.598489875812957
269.6,0.529009244727034
270.0,0.5774732646756836
270.40000000000003,0.590883448520507
270.8,0.5767738089224066
271.2,0.6211940519851081
271.6,0.6161160045004275
272.0,0.6151865974561054
272.40000000000003,0.6173799267756246
272.8,0.6081582721724426
273.2,0.6139539790222366
273.6,0.6086561313113817
274.0,0.6058867491322139
274.40000000000003,0.6098948038013728
274.8,0.5954834932578676
275.2,0.5947353149755374
275.6,0.5879482412485899
276.0,0.6006332990800612
276.40000000000003,0.5967576772361873
276.8,0.5666903622636074
277.2,0.6120615882832565
277.6,0.5871437981256079
278.0,0.5448873458860691
278.40000000000003,0.5605185572917535
278.8,0.535891550164199
279.2,0.5264031545046068
279.6,0.5198068132352237
280.0,0.5112816884048809
280.40000000000003,0.5444890995716292
280.8,0.5295241458797126
281.2,0.5579492032865846
281.6,0.5647546788472007
282.0,0.5378007757022997
282.40000000000003,0.5102913114242892
282.8,0.5782888889254302
283.2,0.5538010582503113
283.6,0.55663686103904
284.0,0.5420841837936887
284.40000000000003,0.5659102087660737
284.8,0.6005522361464011
285.2,0.5662342427897541
285.6,0.5712974313188862
286.0,0.6218112548959522
286.40000000000003,0.6374738777561482
286.8,0.6543198842499871
287.2,0.5813958919015125
287.6,0.6035000234713455
288.0,0.5648461030861793
288.40000000000003,0.5815533441553137
288.8,0.5758833797182429
289.2,0.5950023410247518
289.6,0.5617562968012683
290.0,0.5939651878568102
290.40000000000003,0.5501113761024066
290.8,0.5529207027205897
291.2,0.543754792467696
291.6,0.5625215354240196
292.0,0.5035652350816109
292.40000000000003,0.5654627169497154
292.8,0.5338810184519893
293.2,0.5610636863462003
293.6,0.5577426580971194
294.0,0.6038816398978961
294.40000000000003,0.5661587643749886
294.8,0.5084100421470493
295.2,0.5766571276545871
295.6,0.5807298981694842
296.0,0.6252675930283035
296.40000000000003,0.5867538128825048
296.8,0.5704585562897153
297.2,0.5779451287076987
297.6,0.5999271049883403
298.0,0.5873438819307804
298.40000000000003,0.6157496757669523
298.8,0.599215492597547
299.2,0.6085815993530063
299.6,0.5967561124938812
300.0,0.6160854745554862
300.40000000000003,0.6391710067239499
300.8,0.5812087732134088
301.2,0.5837145215494813
301.6,0.5878362040221405
302.0,0.5513135925597301
302.40000000000003,0.5826891939020968
302.8,0.5405364638276422
303.2,0.5611949642478525
303.6,0.5739120507958994
304.0,0.47220213598262517
304.40000000000003,0.5760633408078021
304.8,0.526459193346617
305.2,0.5476953324326503
305.6,0.5647295564690731
306.0,0.5623777359557985
306.40000000000003,0.5452030312254593
306.8,0.5583024931120331
307.20000000000005,0.5570539620438776
307.6,0.5716174975803319
308.0,0.5743584871972385
308.40000000000003,0.6003707156287742
308.8,0.6423452862376646
309.20000000000005,0.5546014868930381
309.6,0.6031128690854779
310.0,0.5920343895896436
310.40000000000003,0.5843461159548211
310.8,0.5900058503793623
311.20000000000005,0.6308421322323456
311.6,0.5720319891282356
312.0,0.5673497530321263
312.40000000000003,0.5556867114193323
312.8,0.5592303252311357
313.20000000000005,0.5557164659181558
313.6,0.5900259854580734
314.0,0.5178187597486751
314.40000000000003,0.5673057475535204
314.8,0.5339840255666772
315.20000000000005,0.5405084165671886
315.6,0.5206061929430139
316.0,0.5770797133093191
316.40000000000003,0.5833445516141489
316.8,0.5277676361542714
317.20000000000005,0.5317572732952088
317.6,0.5342341215947425
318.0,0.559918448246016
318.40000000000003,0.5982899306652438
318.8,0.5567780535475152
319.20000000000005,0.6030518491556843
319.6,0.5953200614279697
320.0,0.6050557045044747
320.40000000000003,0.5999050017233853
320.8,0.5916175051517782
321.20000000000005,0.6011273987832616
321.6,0.5633796089412884
322.0,0.584033598968821
322.40000000000003,0.5729543601168604
322.8,0.5880537170043678
323.20000000000005,0.5862160754640047
323.6,0.5711092684640294
324.0,0.5908513314551647
324.40000000000003,0.5649981685924439
324.8,0.5461307496219652
325.20000000000005,0.5540928731083528
325.6,0.5366441123792889
326.0,0.5423388807397962
326.40000000000003,0.5554546091757149
326.8,0.520430145565792
327.20000000000005,0.5709831786631254
327.6,0.5608890731219278
328.0,0.5495153964287772
328.40000000000003,0.5953901024024469
328.8,0.5793715461164808
329.20000000000005,0.6230753429221059
329.6,0.5971387471431134
330.0,0.5998371868329838
330.40000000000003,0.6072081478242385
330.8,0.6179981614020937
331.20000000000005,0.6037127781791582
331.6,0.5581131622391361
332.0,0.5726980962815285
332.40000000000003,0.5980844747999748
332.8,0.5729161974181184
333.20000000000005,0.5656276821871412
333.6,0.5992543145896926
334.0,0.5752307222600493
334.40000000000003,0.5287892306555887
334.8,0.5254693508201845
335.20000000000005,0.5365565572988465
335.6,0.5380218087599073
336.0,0.5689105970087206
336.40000000000003,0.5417886576180172
336.8,0.5711700146260552
337.20000000000005,0.5770417316311252
337.6,0.5898119624574025
338.0,0.5389715757669721
338.40000000000003,0.5558234221957462
338.8,0.5582339935429244
339.20000000000005,0.56474318108335
339.6,0.5761589147910785
340.0,0.5998437443177171
340.40000000000003,0.5876344321013764
340.8,0.577089738236156
341.20000000000005,0.5876921623325195
341.6,0.5915026529887633
342.0,0.5865442126531877
342.40000000000003,0.5912919222993888
342.8,0.5752193183339003
343.20000000000005,0.5730554589611266
343.6,0.5900046294611473
344.0,0.5395060281059157
344.40000000000003,0.5147441372527779
344.8,0.5617182983168217
345.20000000000005,0.5514818022382446
345.6,0.5783998103945933
346.0,0.5759435703679648
346.40000000000003,0.5415030538371012
346.8,0.5622812405046089
347.20000000000005,0.5850918723532413
347.6,0.6179386926834116
348.0,0.5882658336835358
348.40000000000003,0.5626838873971585
348.8,0.5810821449814347
349.20000000000005,0.5788507519766402
349.6,0.5879368867806091
350.0,0.5791695405276154
350.40000000000003,0.5108640147441836
350.8,0.570651629473317
351.20000000000005,0.5813872283460683
351.6,0.5557392394375943
352.0,0.5531541856200035
352.40000000000003,0.5008422112551615
352.8,0.5615479900367323
353.20000000000005,0.5453068237275779
353.6,0.6055747657753116
354.0,0.5676549636145636
354.40000000000003,0.5259624303124891
354.8,0.5526399809569053
355.20000000000005,0.6007499259514438
355.6,0.5724913731206701
356.0,0.5871065080845742
356.40000000000003,0.5751379215046187
356.8,0.5603136144744383
357.20000000000005,0.5958513872896982
357.6,0.5764467174137938
358.0,0.6372465600963659
358.40000000000003,0.5821891958830947
358.8,0.5714743376710318
359.20000000000005,0.5628225028075415
359.6,0.5570586786585828
360.0,0.5409022533663415
360.40000000000003,0.5514980548679073
360.8,0.5564548923910378
361.20000000000005,0.55930156081475
361.6,0.5763681485136734
362.0,0.5495697951541862
362.40000000000003,0.5524346575700005
362.8,0.5662593300665121
363.20000000000005,0.5724313645257545
363.6,0.5632578471376839
364.0,0.5658810227740989
364.40000000000003,0.5759167095337115
364.8,0.5734704386713619
365.20000000000005,0.5759242944948207
365.6,0.5714264232818658
366.0,0.5770888798301617
366.40000000000003,0.6182607183851746
366.8,0.5866388741776511
367.20000000000005,0.5786262140300089
367.6,0.5469340298373419
368.0,0.5646981660580738
368.40000000000003,0.5933165323450977
368.8,0.5692635672517522
369.20000000000005,0.530233435390924
369.6,0.4948277976784832
370.0,0.5508442591611266
370.40000000000003,0.5913233439481701
370.8,0.5764698553537251
371.20000000000005,0.5397454962112527
371.6,0.5611251927638872
372.0,0.6052950489457196
372.40000000000003,0.569250573673942
372.8,0.5826945995367416
373.20000000000005,0.6036551924778194
373.6,0.644072469399407
374.0,0.5715838104708731
374.40000000000003,0.5796848377475033
374.8,0.5874644284498441
375.20000000000005,0.6308134255739469
375.6,0.595984423164596
376.0,0.5424019271395669
376.40000000000003,0.5545467315479804
376.8,0.5560378260383543
377.20000000000005,0.5341281933878668
377.6,0.5253771400898812
378.0,0.5289413114648667
378.40000000000003,0.5428032143328135
378.8,0.6159501804077975
379.20000000000005,0.5625268848534523
379.6,0.5489298974560617
380.0,0.5764372838747174
380.40000000000003,0.5767492310292132
380.8,0.5714687750515646
381.20000000000005,0.5806356264807797
381.6,0.6130112579482803
382.0,0.6282911794167199
382.40000000000003,0.5509642839866699
382.8,0.5498833575862686
383.20000000000005,0.5962622407784722
383.6,0.5577978336655323
384.0,0.5587625146975854
384.40000000000003,0.5846707732612284
384.8,0.5573163732361538
385.20000000000005,0.5365413544763132
385.6,0.5359046063359864
386.0,0.567922571528031
386.40000000000003,0.5794387638442837
386.8,0.6001317085667012
387.20000000000005,0.5667304720402616
387.6,0.5822799945867355
388.0,0.6022879490363597
388.40000000000003,0.607261566078219
388.8,0.6117100100507296
389.20000000000005,0.5864529116838006
389.6,0.5611334459544187
390.0,0.5725906348093723
390.40000000000003,0.5629035922635383
390.8,0.5915196992061845
391.20000000000005,0.5463322975752507
391.6,0.5824077802132009
392.0,0.5344344521768271
392.40000000000003,0.563538374139258
392.8,0.5603251196908707
393.20000000000005,0.541366518883111
393.6,0.5861120895076449
394.0,0.5516497708573389
394.40000000000003,0.5691457092952334
394.8,0.5497687980416809
395.20000000000005,0.5880509679047035
395.6,0.5945929591863973
396.0,0.5538447492696755
396.40000000000003,0.6313506827536709
396.8,0.5497638607176427
397.20000000000005,0.556880999403894
397.6,0.5759335430439151
398.0,0.5332347146431738
398.40000000000003,0.5712427967081508
398.8,0.5540965153862675
399.20000000000005,0.5771245799290549
399.6,0.5608639749772486
400.0,0.5518270654182553
400.40000000000003,0.5688306718577157
400.8,0.5795106047562298
401.20000000000005,0.5923317661297944
401.6,0.573607565314084
402.0,0.5767213646578345
402.40000000000003,0.5440029414552183
402.8,0.5855415094741268
403.20000000000005,0.598032575527935
403.6,0.570750778393738
404.0,0.490352421777011
404.40000000000003,0.5339097573025169
404.8,0.5867354970834167
405.20000000000005,0.5714323643183181
405.6,0.593021975823799
406.0,0.5633152651840972
406.40000000000003,0.5361709807693931
406.8,0.5231412539596357
407.20000000000005,0.5494996401684076
407.6,0.5348198302815752
408.0,0.5207286568016054
408.40000000000003,0.5634721241812447
408.8,0.6110153023823546
409.20000000000005,0.5929688541365419
409.6,0.550854340088458
410.0,0.5668038257752799
410.40000000000003,0.5881316134193177
410.8,0.578196341555652
411.20000000000005,0.5944691343646961
411.6,0.5709056960426426
412.0,0.6060514809560243
412.40000000000003,0.5938493996353374
412.8,0.559938372822785
413.20000000000005,0.5465932561322342
413.6,0.5409177879690256
414.0,0.5405414915748844
414.40000000000003,0.5603268133675579
414.8,0.5790064786446457
415.20000000000005,0.5868897276441276
415.6,0.5634307592984741
416.0,0.5433592102066663
416.40000000000003,0.5916378576312017
416.8,0.5897243435077638
417.20000000000005,0.5728580489443821
417.6,0.5476359759573389
418.0,0.5362807285372021
418.40000000000003,0.5753215914722635
418.8,0.5696840629691707
419.20000000000005,0.5314610356195942
419.6,0.5880156625012938
420.0,0.5472535428189841
420.40000000000003,0.5477534764862687
420.8,0.5531467906208504
421.20000000000005,0.5391488672201512
421.6,0.539610621799998
422.0,0.6033528199436317
422.40000000000003,0.5628425980161144
422.8,0.5445343840666177
423.20000000000005,0.5754334217454831
423.6,0.5932446732217334
424.0,0.5788927435342789
424.40000000000003,0.5304191650352668
424.8,0.564759408255499
425.20000000000005,0.5667220435174922
425.6,0.5756901859623791
426.0,0.5217469520877
426.40000000000003,0.5394074758204955
426.8,0.5863897896534311
427.20000000000005,0.5670066888489396
427.6,0.5846565894260072
428.0,0.5330824042378678
428.40000000000003,0.5894187503257436
428.8,0.6320479717139363
429.20000000000005,0.5970207378141139
429.6,0.6048096020638262
430.0,0.5681159515469413
430.40000000000003,0.5997347601155347
430.8,0.5912413474072992
431.20000000000005,0.5361393875050303
431.6,0.5770502216903761
432.0,0.5669012101834278
432.40000000000003,0.5386598859626032
432.8,0.5308915606262701
433.20000000000005,0.5673939686065053
433.6,0.609546027051686
434.0,0.5931568926792716
434.40000000000003,0.5923816488211997
434.8,0.6005121665568781
435.20000000000005,0.5686356766987399
435.6,0.6016358078860607
436.0,0.5934947158520517
436.40000000000003,0.577469874994353
436.8,0.6077030614254914
437.20000000000005,0.5326346152030147
437.6,0.5918943133929148
438.0,0.5726606267069085
438.40000000000003,0.5388580886957095
438.8,0.5648571363005195
439.20000000000005,0.5752123478459505
439.6,0.5602499425375349
440.0,0.5457054801447027
440.40000000000003,0.5598334042548926
440.8,0.5840593237291895
441.20000000000005,0.6140607797674816
441.6,0.6052075917288183
442.0,0.558065144212412
442.40000000000003,0.5823567534343993
442.8,0.5940817651724849
443.20000000000005,0.5409459302447486
443.6,0.5560684457316925
444.0,0.556450645681654
444.40000000000003,0.5594822084716669
444.8,0.5793184068921011
445.20000000000005,0.579749701903448
445.6,0.5606184825934574
446.0,0.5757521038409054
446.40000000000003,0.5473177727302112
446.8,0.5885910442067728
447.20000000000005,0.5893836482057049
447.6,0.6020038649322181
448.0,0.5483085298756744
448.40000000000003,0.5500331621457655
448.8,0.5770959154253373
449.20000000000005,0.5467103947765136
449.6,0.5536031385629518
450.0,0.5886659080133466
450.40000000000003,0.5651552639579602
450.8,0.589020483027526
451.20000000000005,0.5545343496814789
451.6,0.5494855537857929
452.0,0.5374477915541724
452.40000000000003,0.5738136945738352
452.8,0.556536960722297
453.20000000000005,0.5940246791207363
453.6,0.5611343549325639
454.0,0.5791034069980505
454.40000000000003,0.5655929390326899
454.8,0.5624887271756309
455.20000000000005,0.5443571279795603
455.6,0.5515614193790184
456.0,0.5547557882768984
456.40000000000003,0.5737111621409259
456.8,0.5483575452372085
457.20000000000005,0.5627266384226313
457.6,0.5800612435415952
458.0,0.5586419775866044
458.40000000000003,0.6003354705920092
458.8,0.5747172000442538
459.20000000000005,0.5838203164890274
459.6,0.5642991755563144
460.0,0.6019074455252719
460.40000000000003,0.5597768928279476
460.8,0.5623333355747657
461.20000000000005,0.5368213334389497
461.6,0.5375296250607241
462.0,0.5903533276315892
462.40000000000003,0.5461257831097277
462.8,0.5568001428681795
463.20000000000005,0.5719243218504843
463.6,0.6100697273099331
464.0,0.6073345304532484
464.40000000000003,0.5733172784541994
464.8,0.5750035729406079
465.20000000000005,0.558920032039504
465.6,0.556024149020646
466.0,0.5637552832733088
466.40000000000003,0.5402922401381326
466.8,0.5360879224764428
467.20000000000005,0.5571384081323639
467.6,0.5574133362168475
468.0,0.5938297254869426
468.40000000000003,0.5364489331419041
468.8,0.585711565184564
469.20000000000005,0.5781561373330615
469.6,0.5676024392883667
470.0,0.5961552481901126
470.40000000000003,0.6021715331458992
470.8,0.5817296738226193
471.20000000000005,0.5672991799042522
471.6,0.5475413215939868
472.0,0.5795223065876848
472.40000000000003,0.5476967429444743
472.8,0.5437237799178806
473.20000000000005,0.5747163771663757
473.6,0.5928138448950587
474.0,0.5440344556652156
474.40000000000003,0.5679708941957969
474.8,0.5674817418688862
475.20000000000005,0.563654722401322
475.6,0.5946921151803535
476.0,0.5872992693353558
476.40000000000003,0.5955785460435198
476.8,0.5957079898047984
477.20000000000005,0.5920261102317964
477.6,0.5854724559499782
478.0,0.5823887739733863
478.40000000000003,0.5647116246036119
478.8,0.5620958730101113
479.20000000000005,0.5761456942830321
479.6,0.5586766240834137
480.0,0.5657005975476082
480.40000000000003,0.5726664252591963
480.8,0.5642699947957176
481.20000000000005,0.6011827281283538
481.6,0.5852014863078406
482.0,0.5632938927400067
482.40000000000003,0.5879287242667239
482.8,0.5649741333118626
483.20000000000005,0.5317930433166282
483.6,0.5625821064591144
484.0,0.540996564680021
484.40000000000003,0.5696051587615898
484.8,0.5728164978087934
485.20000000000005,0.5614530958891882
485.6,0.5942132628491563
486.0,0.5721402068531668
486.40000000000003,0.58165648898533
486.8,0.5748110051957168
487.20000000000005,0.5363646479973736
487.6,0.5779504159064642
488.0,0.5712912984425053
488.40000000000003,0.557490349937013
488.8,0.5308578639739763
489.20000000000005,0.5348599131075367
489.6,0.5634152724935648
490.0,0.5451243200751562
490.40000000000003,0.5626779945820175
490.8,0.5163969816855785
491.20000000000005,0.561660268534941
491.6,0.5803904456483432
492.0,0.5704166830340004
492.40000000000003,0.553604812374324
492.8,0.5279977765357549
493.20000000000005,0.5538957656568535
493.6,0.5427998898354066
494.0,0.5604442521873211
494.40000000000003,0.5666551535068678
494.8,0.5548597557210525
495.20000000000005,0.5720805655705065
495.6,0.5612132040262783
496.0,0.5837910654636346
496.40000000000003,0.5840278530833843
496.8,0.5621838479584611
497.20000000000005,0.5794963577923703
497.6,0.5260193409571691
498.0,0.5644386645661925
498.40000000000003,0.5840206479554368
498.8,0.5536029458849921
499.20000000000005,0.556906610472692
499.6,0.555640929879885
500.0,8991.47946036562
500.40000000000003,0.5625821449337342
500.8,0.5726859387566448
501.20000000000005,0.5322804118047394
501.6,0.5871352343500994
502.0,0.6003035916628083
502.40000000000003,0.5558038332256816
502.8,0.611813035172175
503.20000000000005,0.5550898662748717
503.6,0.5480786521360599
504.0,0.558536919632877
504.40000000000003,0.6165680747194479
504.8,0.5761219849714676
505.20000000000005,0.5878094339315652
505.6,0.5606115250048967
506.0,0.5891626926978886
506.40000000000003,0.5644804947049605
506.8,0.5921973831350317
507.20000000000005,0.5841764755609691
507.6,0.534324440815017
508.0,0.5870919905656237
508.40000000000003,0.5634961024199545
508.8,0.5409165106555185
509.20000000000005,0.5676338072538945
509.6,0.5722867233950754
510.0,0.5437621017060288
510.40000000000003,0.5654808654216178
510.8,0.5590824908007008
511.20000000000005,0.5743463970277157
511.6,0.5671004982788053
512.0,0.5514552949727539
512.4,0.5271439779364395
512.8000000000001,0.5498347562315871
513.2,0.564066352256347
513.6,0.5204421302389852
514.0,0.56273956414093
514.4,0.5869815836121705
514.8000000000001,0.5742154833829252
515.2,0.5920599758203052
515.6,0.5968601268398911
516.0,0.544299261026875
516.4,0.507188342458616
516.8000000000001,0.5688545737219968
517.2,0.559882571576096
517.6,0.5625961116436251
518.0,0.5745130589236985
518.4,0.5455835510228422
518.8000000000001,0.5610472375200494
519.2,0.600274226239158
519.6,0.5648517525102718
520.0,0.5359779922257077
520.4,0.582874266438103
520.8000000000001,0.5651517305652851
521.2,0.5644921285977572
521.6,0.5840460358614046
522.0,0.5204928982399112
522.4,0.5637171739064758
522.8000000000001,0.5638370375045239
523.2,0.5696876019011532
523.6,0.5559015608058597
524.0,0.5178241660068084
524.4,0.5615382448175457
524.8000000000001,0.5919945257160841
525.2,0.621497175483609
525.6,0.5335072188084992
526.0,0.5883210113624417
526.4,0.5472767618585962
526.8000000000001,0.5513834135565157
527.2,0.5785056536820199
527.6,0.554118015711416
528.0,0.5514337414691488
528.4,0.562127580377545
528.8000000000001,0.5476134330747466
529.2,0.5593558913370055
529.6,0.5791583447817087
530.0,0.5883080390314499
530.4,0.5775470336408262
530.8000000000001,0.5942300541784369
531.2,0.5909250557151476
531.6,0.5452662689463252
532.0,0.5374403546913954
532.4,0.5664635339352704
532.8000000000001,0.577702615104781
533.2,0.5467468708169824
533.6,0.5920563134062753
534.0,0.5559786006032831
534.4,0.576745049896514
534.8000000000001,0.5395641081725381
535.2,0.5314280956124496
535.6,0.5497672576016474
536.0,0.5480665582860547
536.4,0.5431251727546131
536.8000000000001,0.5957364369516612
537.2,0.5545871808264511
537.6,0.5650979868068534
538.0,0.5596656564574403
538.4,0.5703013191679327
538.8000000000001,0.5735026011658656
539.2,0.5363655606246555
539.6,0.5562230294369981
540.0,0.5599206033445622
540.4,0.5500853140921822
540.8000000000001,0.5982188251631132
541.2,0.6038712186719278
541.6,0.5612413691046862
542.0,0.5749755711743468
542.4,0.5600836055193044
542.8000000000001,0.538213287738854
543.2,0.5863995339472354
543.6,0.5951524107883457
544.0,0.5770741985769248
544.4,0.577594971428059
544.8000000000001,0.5791428032493141
545.2,0.5515885130423455
545.6,0.5477222641568346
546.0,0.5537670412023593
546.4,0.5938817478870757
546.8000000000001,0.5394715962620822
547.2,0.5353302444499979
547.6,0.6155796828481379
548.0,0.5623993298806531
548.4,0.5701556062547964
548.8000000000001,0.5671686580051015
549.2,0.5498477891805483
549.6,0.5660324661337015
550.0,0.5357954642351597
550.4,0.575196632898717
550.8000000000001,0.5542121399149201
551.2,0.5723660529807496
551.6,0.5634205257116253
552.0,0.5623452681688729
552.4,0.5724672763195839
552.8000000000001,0.5648953821007286
553.2,0.5606767569731901
553.6,0.5792600970751514
554.0,0.5537053669681034
554.4,0.5685208795679699
554.8000000000001,0.6130961304504687
555.2,0.5831959680417169
555.6,0.5507243989682481
556.0,0.5556524850454989
556.4,0.5737505159640759
556.8000000000001,0.5863557937925531
557.2,0.5532732838419578
557.6,0.5695052637165277
558.0,0.5627783671907748
558.4,0.5555966137558753
558.8000000000001,0.556108364816681
559.2,0.5667874315852773
559.6,0.572906477123188
560.0,0.5818569353209827
560.4,0.6051534029644672
560.8000000000001,0.5625559020121894
561.2,0.5919769219808735
561.6,0.6131844470935485
562.0,0.5226658142204174
562.4,0.5732689773858226
562.8000000000001,0.5699029735136718
563.2,0.6032897672863732
563.6,0.5475170961511581
564.0,0.5850379962700044
564.4,0.5581582505546135
564.8000000000001,0.5542365479427064
565.2,0.5965850320238358
565.6,0.5179804401890621
566.0,0.5393863838862002
566.4,0.5428569904680709
566.8000000000001,0.5366549428576772
567.2,0.5596287629523402
567.6,0.5577937417311526
568.0,0.5535076709673663
568.4,0.5606380969006755
568.8000000000001,0.591811953179804
569.2,0.5425900361276916
569.6,0.5698077401541881
570.0,0.5512803601214338
570.4,0.5959306331214169
570.8000000000001,0.5413027021008997
571.2,0.5559258169140799
571.6,0.5268889114169893
572.0,0.5715329108572863
572.4,0.5530798613501936
572.8000000000001,0.5425994144422173
573.2,0.5870075524881913
573.6,0.5653504991524417
574.0,0.543992697324396
574.4,0.5615136578897969
574.8000000000001,0.5387559454301163
575.2,0.558640853274649
575.6,0.5855665641974698
576.0,0.553284925375134
576.4,0.5070941902412563
576.8000000000001,0.5662588502777826
577.2,0.5524824237996484
577.6,0.5596405705779894
578.0,0.5396027238696541
578.4,0.5726696109928261
578.8000000000001,0.5671353588633318
579.2,0.5672060248957345
579.6,0.5700566442805315
580.0,0.5516920797784096
580.4,0.578638306741572
580.8000000000001,0.5863185184338205
581.2,0.5570278179884129
581.6,0.5604806461017218
582.0,0.5609162372648682
582.4,0.5715749604433419
582.8000000000001,0.597228142682244
583.2,0.5749432131803072
583.6,0.5659167585727342
584.0,0.5510802279808654
584.4,0.545461790061148
584.8000000000001,0.5811592254391691
585.2,0.575993610466535
585.6,0.5536052234604217
586.0,0.5882651470260364
586.4,0.5948269278531194
586.8000000000001,0.5636499917721755
587.2,0.5388593324713112
587.6,0.5871633647905972
588.0,0.5695289246966517
588.4,0.5643914684215384
588.8000000000001,0.5581048285917947
589.2,0.550237163957133
589.6,0.5971300602418884
590.0,0.5505352607179721
590.4,0.542587687346602
590.8000000000001,0.5235495693770611
591.2,0.5857919652506374
591.6,0.5781342022130642
592.0,0.5525397608871722
592.4,0.5537586084085472
592.8000000000001,0.5651515197739199
593.2,0.5745084740793753
593.6,0.5627640145638392
594.0,0.5936043415458567
594.4,0.5192249432927398
594.8000000000001,0.5811210073959613
595.2,0.538712770027139
595.6,0.6058993164215588
596.0,0.5737435468659757
596.4,0.5424093087475242
596.8000000000001,0.5408594127171907
597.2,0.5741247688375511
597.6,0.5351278759943043
598.0,0.5609286819055728
598.4,0.5707191495477961
598.8000000000001,0.5496822959251473
599.2,0.5709192712861871
599.6,0.5465647913713574
600.0,0.5609833491732547
600.4,0.5709761103931263
600.8000000000001,0.5510151657006678
601.2,0.5663001201942881
601.6,0.5391388195441192
602.0,0.5547114225454698
602.4,0.5690351247764421
602.8000000000001,0.5481040675964486
603.2,0.5529828058479911
603.6,0.5342712085498974
604.0,0.5582795793310369
604.4,0.5468800936471894
604.8000000000001,0.5737109682231226
605.2,0.5413048221739015
605.6,0.5464372332375489
606.0,0.5613080273339751
606.4,0.5646371072677894
606.8000000000001,0.5730391152302902
607.2,0.5740242176601392
607.6,0.5697550106675776
608.0,0.5701208724322276
608.4,0.5618070803303433
608.8000000000001,0.5784020195113578
609.2,0.5611576767150681
609.6,0.6089098940481334
610.0,0.5526124515925039
610.4,0.5649111839621906
610.8000000000001,0.5245216046829313
611.2,0.5673261413803125
611.6,0.5778749360742041
612.0,0.52863850765903
612.4,0.5857477323398488
612.8000000000001,0.609879723956364
613.2,0.5307635934395756
613.6,0.5905466996799497
614.0,0.5583342915260308
614.4000000000001,0.5493770157672687
614.8000000000001,0.539626642980471
615.2,0.5450998811569135
615.6,0.5683494978108288
616.0,0.5359370311059148
616.4000000000001,0.5563928104609797
616.8000000000001,0.5723401279407094
617.2,0.5675026630884231
617.6,0.5621220840900697
618.0,0.5701735415999307
618.4000000000001,0.5297154092799902
618.8000000000001,0.5880508479082567
619.2,0.5553949289727101
619.6,0.5907401416229968
620.0,0.5759116788073306
620.4000000000001,0.5528834974893183
620.8000000000001,0.519638417390628
621.2,0.5562551143464691
621.6,0.5667489325838176
622.0,0.5851586704113435
622.4000000000001,0.5480695035824449
622.8000000000001,0.5548452016009774
623.2,0.5770095934945226
623.6,0.5737951510589085
624.0,0.5628266506779992
624.4000000000001,0.5588701283719053
624.8000000000001,0.534611791302543
625.2,0.5379143391059942
625.6,0.5597959219461607
626.0,0.5386174085109344
626.4000000000001,0.5885230218587293
626.8000000000001,0.564734091080411
627.2,0.5595017895196703
627.6,0.5703753826619301
628.0,0.5328590130420082
628.4000000000001,0.5724801889448934
628.8000000000001,0.5561503675842348
629.2,0.6058629855123737
629.6,0.5485072590283122
630.0,0.5523127790513744
630.4000000000001,0.5791269678625238
630.8000000000001,0.5593919189424491
631.2,0.556435127739294
631.6,0.5830839787534764
632.0,0.5535602215747839
632.4000000000001,0.5714417718754876
632.8000000000001,0.5486499966606767
633.2,0.5920955155875453
633.6,0.5567810074266405
634.0,0.5514399131866339
634.4000000000001,0.542164347677549
634.8000000000001,0.5819668014067598
635.2,0.537350849759183
635.6,0.5754475343655789
636.0,0.5721074517022969
636.4000000000001,0.52528041923682
636.8000000000001,0.616001697875687
637.2,0.5962287922355424
637.6,0.5461879967930675
638.0,0.555085208987576
638.4000000000001,0.5380405488499059
638.8000000000001,0.5546906503510933
639.2,0.5698396558689932
639.6,0.5632460116212639
640.0,0.5548527165306943
640.4000000000001,0.5535929278153654
640.8000000000001,0.5508796235960269
641.2,0.591200958147213
641.6,0.6201113553745328
642.0,0.5073271004735643
642.4000000000001,0.5414291057705343
642.8000000000001,0.5702233262608692
643.2,0.5652586700219567
643.6,0.540559461204833
644.0,0.5432928471066598
644.4000000000001,0.5271057271543016
644.8000000000001,0.5879051058468232
645.2,0.5378498084737875
645.6,0.5425538634481455
646.0,0.5671733562844282
646.4000000000001,0.5940985970522739
646.8000000000001,0.5945631950399126
647.2,0.5987211014626355
647.6,0.5795899668838879
648.0,0.5690242081730428
648.4000000000001,0.5940261418759675
648.8000000000001,0.5522257097094626
649.2,0.544456979909871
649.6,0.5533964149310049
650.0,0.5445782752219595
650.4000000000001,0.5898440949305044
650.8000000000001,0.5670102984247627
651.2,0.5626622994870942
651.6,0.5371966586140967
652.0,0.5452906340846273
652.4000000000001,0.5586326402168239
652.8000000000001,0.5817431176710175
653.2,0.565638712599668
653.6,0.5233526271295357
654.0,0.5628077161575702
654.4000000000001,0.5603309189276258
654.8000000000001,0.5608360058608851
655.2,0.5579786958741091
655.6,0.5924843512410988
656.0,0.5587853986284631
656.4000000000001,0.5812283265531293
656.8000000000001,0.5330966510631573
657.2,0.5710685071134938
657.6,0.5634277736267774
658.0,0.5625274956179636
658.4000000000001,0.5758943816648023
658.8000000000001,0.5847865466322629
659.2,0.5893095994037898
659.6,0.5509587303303902
660.0,0.5817862610135563
660.4000000000001,0.5615671581819611
660.8000000000001,0.5860392515822896
661.2,0.5671561683263442
661.6,0.5397437720455385
662.0,0.5771272159694822
662.4000000000001,0.5431157432990961
662.8000000000001,0.5901093161336741
663.2,0.5305555236291705
663.6,0.5603414581148558
664.0,0.6001825351050163
664.4000000000001,0.5799201254853654
664.8000000000001,0.5674757494149159
665.2,0.5502679818809897
665.6,0.569925002023153
666.0,0.5667467978373671
666.4000000000001,0.5465923955785457
666.8000000000001,0.5670866961362232
667.2,0.5407123184278827
667.6,0.5202393845134369
668.0,0.5404027027037361
668.4000000000001,0.5304738592732131
668.8000000000001,0.5496176327292905
669.2,0.5439664278714668
669.6,0.5484464477794988
670.0,0.5735810555103625
670.4000000000001,0.5346379828101384
670.8000000000001,0.5434387475188073
671.2,0.5645766103527782
671.6,0.5762534405461818
672.0,0.5559134668732698
672.4000000000001,0.5963339563633561
672.8000000000001,0.5599649984033301
673.2,0.5322079957041959
673.6,0.5617520802745162
674.0,0.6050437556077584
674.4000000000001,0.5649768359707009
674.8000000000001,0.5573666283229135
675.2,0.5790158683080611
675.6,0.5632851308404669
676.0,0.5535854997231842
676.4000000000001,0.5934553507900816
676.8000000000001,0.5583718587577288
677.2,0.5216480688100977
677.6,0.573919772106406
678.0,0.5791270696950451
678.4000000000001,0.5510994254719882
678.8000000000001,0.5480293361749795
679.2,0.5798588079870358
679.6,0.5517659339223772
680.0,0.5718542042481759
680.4000000000001,0.5716153698222927
680.8000000000001,0.5901577350882211
681.2,0.5616386309134301
681.6,0.5551434708721463
682.0,0.5540916350106075
682.4000000000001,0.539799227310462
682.8000000000001,0.5833859855681652
683.2,0.5968818631693534
683.6,0.5603291030972352
684.0,0.5547271519676577
684.4000000000001,0.5560292470449887
684.8000000000001,0.6026954062080496
685.2,0.5833850182617114
685.6,0.5714417722546936
686.0,0.5648709425133619
686.4000000000001,0.5342276705330503
686.8000000000001,0.5687507219125943
687.2,0.5309178640398152
687.6,0.5677465804267584
688.0,0.5624638046801178
688.4000000000001,0.5591417268621354
688.8000000000001,0.5860334928087747
689.2,0.5590819157677251
689.6,0.5225344956888556
690.0,0.5859394411645091
690.4000000000001,0.5453727727419833
690.8000000000001,0.5358118975585465
691.2,0.5653062127190422
691.6,0.5463959651757468
692.0,0.5535330710678558
692.4000000000001,0.5388597810579234
692.8000000000001,0.5558881606726106
693.2,0.5699318162334708
693.6,0.5397758802065308
694.0,0.5450162010838655
694.4000000000001,0.535491606575929
694.8000000000001,0.5650423757611225
695.2,0.5648480028357494
695.6,0.5683284095584438
696.0,0.5825250304086683
696.4000000000001,0.5437840044801068
696.8000000000001,0.5996813332485175
697.2,0.5552947145092635
697.6,0.5637377836970842
698.0,0.5844974866208417
698.4000000000001,0.5954053969854622
698.8000000000001,0.5335541543961586
699.2,0.5466116368444097
699.6,0.5613779583876405
700.0,0.5594819307827468
700.4000000000001,0.5645103876335071
700.8000000000001,0.576700399608262
701.2,0.5647907889523516
701.6,0.5943403938996329
702.0,0.5726245558340501
702.4000000000001,0.5466636986649149
702.8000000000001,0.5389958828869456
703.2,0.563050194561694
703.6,0.6106720239240593
704.0,0.5993797995069422
704.4000000000001,0.5593082460861625
704.8000000000001,0.5924662651006438
705.2,0.5541600328588723
705.6,0.5492880921008393
706.0,0.5744448013565134
706.4000000000001,0.5731987000432897
706.8000000000001,0.5435140897657302
707.2,0.6277120682913294
707.6,0.5812936988958259
708.0,0.5740253421688616
708.4000000000001,0.5407860095205738
708.8000000000001,0.5742469617565059
709.2,0.5533588533813882
709.6,0.5525324529756072
710.0,0.5582278826494238
710.4000000000001,0.538482768621551
710.8000000000001,0.6063357326527788
711.2,0.5665251683836753
711.6,0.5966498912554913
712.0,0.5474184803807395
712.4000000000001,0.5541659068121667
712.8000000000001,0.5881663421356965
713.2,0.6014141930767368
713.6,0.5567429484609091
714.0,0.600443357700724
714.4000000000001,0.5570592288471671
714.8000000000001,0.5467326457443282
715.2,0.5662857872889423
715.6,0.5672781478555095
716.0,0.5533207516916269
716.4000000000001,0.5613079341152079
716.8000000000001,0.5666510663225235
717.2,0.5829390045129036
717.6,0.574288837605894
718.0,0.5541248225565866
718.4000000000001,0.5403790395115009
718.8000000000001,0.5595923442132051
719.2,0.5546860185368786
719.6,0.5343480956621404
720.0,0.61220005912267
720.4000000000001,0.5728214191589417
720.8000000000001,0.5721736417567818
721.2,0.5241193096774661
721.6,0.5563577159429149
722.0,0.5965002063303917
722.4000000000001,0.5303584492101374
722.8000000000001,0.5683289685382088
723.2,0.5462106835726691
723.6,0.569259418934782
724.0,0.5524527635757407
724.4000000000001,0.5596976725725026
724.8000000000001,0.5684826152320258
725.2,0.5559969011495414
725.6,0.5911426380870762
726.0,0.5477151307108902
726.4000000000001,0.5922180690673795
726.8000000000001,0.5507377304185226
727.2,0.5951116650632007
727.6,0.5831984554859605
728.0,0.5444399270351953
728.4000000000001,0.534395158600528
728.8000000000001,0.56066471327203
729.2,0.5524073346278954
729.6,0.5771386938944075
730.0,0.5630937029228589
730.4000000000001,0.601250693108957
730.8000000000001,0.5547946118421114
731.2,0.5686890413191774
731.6,0.5521918590933085
732.0,0.542688250854287
732.4000000000001,0.5678401984177542
732.8000000000001,0.5407276724258004
733.2,0.5664993586394856
733.6,0.5603733492989589
734.0,0.5731504185902255
734.4000000000001,0.5747537736741037
734.8000000000001,0.6005490820252962
735.2,0.5463525030342495
735.6,0.5398641000074779
736.0,0.5624829237130543
736.4000000000001,0.5676180749601303
736.8000000000001,0.6035672229025734
737.2,0.5688251916768404
737.6,0.6217396359782394
738.0,0.5176483443717413
738.4000000000001,0.5652797240358308
738.8000000000001,0.5502839837867513
739.2,0.5492797078397315
739.6,0.5488411430345272
740.0,0.5388418572055362
740.4000000000001,0.5398513419241318
740.8000000000001,0.5837910333022226
741.2,0.5676993040660114
741.6,0.5364814605926518
742.0,0.595308160187939
742.4000000000001,0.5793488442514224
742.8000000000001,0.5784702837573164
743.2,0.5864819479469147
743.6,0.5725324010070059
744.0,0.562923118328114
744.4000000000001,0.5486784756388139
744.8000000000001,0.5863581209548825
745.2,0.5470332287109109
745.6,0.5741911631823391
746.0,0.544250130966059
746.4000000000001,0.5874653371630368
746.8000000000001,0.565551789601442
747.2,0.5839563643535202
747.6,0.5449554130654455
748.0,0.5550640415571351
748.4000000000001,0.5638013622329935
748.8000000000001,0.5295753574169976
749.2,0.5689034911645788
749.6,0.5762025047713311
750.0,0.6015471045550529
750.4000000000001,0.5503579870944154
750.8000000000001,0.5645719569533076
751.2,0.5667449420146445
751.6,0.5983395023518758
752.0,0.5480740455498097
752.4000000000001,0.5871865321343567
752.8000000000001,0.5445886192524418
753.2,0.5375621302286847
753.6,0.5893460184895094
754.0,0.5363058220008938
754.4000000000001,0.5668390855017177
754.8000000000001,0.558583136628943
755.2,0.5833946446599722
755.6,0.5769697390964684
756.0,0.5454238728336396
756.4000000000001,0.5456907191893597
756.8000000000001,0.5424227868168997
757.2,0.5433718693353942
757.6,0.5775835844100636
758.0,0.5674844482672122
758.4000000000001,0.5504954435682873
758.8000000000001,0.5678010759457673
759.2,0.553820254147905
759.6,0.5635095169152227
760.0,0.5766347386845518
760.4000000000001,0.5257095883900268
760.8000000000001,0.5527117511215457
761.2,0.5261368554178577
761.6,0.5995291958645543
762.0,0.5691087432002752
762.4000000000001,0.5361770431215857
762.8000000000001,0.5370990796582038
763.2,0.5812717471413597
763.6,0.554842249847995
764.0,0.5635005542168807
764.4000000000001,0.576819619075659
764.8000000000001,0.5562758214633124
765.2,0.5983958486213437
765.6,0.564886994765814
766.0,0.5399597364094398
766.4000000000001,0.5568788410830421
766.8000000000001,0.5550799073477957
767.2,0.5647142635528773
767.6,0.5537533824729316
768.0,0.5296287707722929
768.4000000000001,0.58393878404383
768.8000000000001,0.5619429867757456
769.2,0.5761315601018525
769.6,0.5240231725223
770.0,0.5409228197563922
770.4000000000001,0.5924555520718378
770.8000000000001,0.5472839744081919
771.2,0.5784149123079969
771.6,0.5376509140047572
772.0,0.5698481998946143
772.4000000000001,0.5533866439390958
772.8000000000001,0.5992073573432833
773.2,0.5569896731808334
773.6,0.5569077661434032
774.0,0.5619865936949492
774.4000000000001,0.5418506072934983
774.8000000000001,0.5755964755850393
775.2,0.5691959008390327
775.6,0.5780901749975925
776.0,0.5453453307165859
776.4000000000001,0.5854049734156435
776.8000000000001,0.5408335576968877
777.2,0.5706075441171923
777.6,0.5671740644062215
778.0,0.5424704383563508
778.4000000000001,0.545499253182118
778.8000000000001,0.6042778676044487
779.2,0.5378895029838621
779.6,0.5842065869911792
780.0,0.5496889953974886
780.4000000000001,0.5681360914317533
780.8000000000001,0.5556005217599966
781.2,0.5455719150738495
781.6,0.5543571096051049
782.0,0.5725624870921808
782.4000000000001,0.5787299933888407
782.8000000000001,0.5438551212231747
783.2,0.5840965847114861
783.6,0.5529372470979933
784.0,0.5706035541859023
784.4000000000001,0.5648854970191988
784.8000000000001,0.5750277911741756
785.2,0.5806859240641582
785.6,0.540284441270999
786.0,0.5581506958844954
786.4000000000001,0.571474150657929
786.8000000000001,0.5600634712018538
787.2,0.5929350349761888
787.6,0.555678706209192
788.0,0.5451355125979587
788.4000000000001,0.5243263419880707
788.8000000000001,0.5326127735733441
789.2,0.5462445354863442
789.6,0.5721123750354359
790.0,0.5673556843642239
790.4000000000001,0.5872280759795072
790.8000000000001,0.5683100722354726
791.2,0.5518988820642114
791.6,0.5865456789658636
792.0,0.564556944278657
792.4000000000001,0.5163040288892298
792.8000000000001,0.5659377599545401
793.2,0.5674987298971983
793.6,0.592425636251015
794.0,0.5486629609607985
794.4000000000001,0.5776208258463171
794.8000000000001,0.5742180433081594
795.2,0.5308990336954703
795.6,0.5733945686871563
796.0,0.5499303301926246
796.4000000000001,0.5469618339880503
796.8000000000001,0.5400738937292079
797.2,0.597540068919436
797.6,0.5482941770178287
798.0,0.5623825303795161
798.4000000000001,0.5525481029410739
798.8000000000001,0.5643740015522803
799.2,0.5521425646465321
799.6,0.5965325626997973
800.0,0.5508767815863873
800.4000000000001,0.5625267501572286
800.8000000000001,0.5632190293359653
801.2,0.5500874583885976
801.6,0.5644459324284243
802.0,0.5390925612186477
802.4000000000001,0.5731266862001119
802.8000000000001,0.5717453557571549
803.2,0.5465376267212281
803.6,0.5485649419201706
804.0,0.540018394942384
804.4000000000001,0.5788300475699936
804.8000000000001,0.566618720701146
805.2,0.5553887481358298
805.6,0.550230788964208
806.0,0.5952908093949512
806.4000000000001,0.5868210158546274
806.8000000000001,0.568813702584228
807.2,0.5886475865063208
807.6,0.5467482961379658
808.0,0.5441271920345128
808.4000000000001,0.5668079930107921
808.8000000000001,0.5402661171994555
809.2,0.5764740186166106
809.6,0.575774088059488
810.0,0.5496818365856466
810.4000000000001,0.5537837689991828
810.8000000000001,0.5430526215025362
811.2,0.5573690936440309
811.6,0.567872754651262
812.0,0.547044121329958
812.4000000000001,0.5337465771158725
812.8000000000001,0.5590341021879921
813.2,0.5497821274574679
813.6,0.5752679796765392
814.0,0.5587720230711586
814.4000000000001,0.5990688908220188
814.8000000000001,0.5738473541406449
815.2,0.5582285552265788
815.6,0.5471448271644112
816.0,0.5408574942749432
816.4000000000001,0.5454102358141393
816.8000000000001,0.5608932502107757
817.2,0.5553412632764282
817.6,0.5893740903003544
818.0,0.5455222549228029
818.4000000000001,0.5521890063731815
818.8000000000001,0.5565853460778376
819.2,0.5333511701723537
819.6,0.5661811860899831
820.0,0.5655147035383358
820.4000000000001,0.5672238195486524
820.8000000000001,0.5492475458703803
821.2,0.5541578871674314
821.6,0.6012986997065554
822.0,0.5442759552731593
822.4000000000001,0.569507059189824
822.8000000000001,0.5383832885003996
823.2,0.5349713786449473
823.6,0.5864560629604803
824.0,0.5761784172900252
824.4000000000001,0.5595928368542918
824.8000000000001,0.5545470699124402
825.2,0.592431010542032
825.6,0.5384210197160374
826.0,0.5730192116586419
826.4000000000001,0.5623928389865719
826.8000000000001,0.5730629842797028
827.2,0.5603478559637682
827.6,0.5588424254304267
828.0,0.5326922295347905
828.4000000000001,0.5778700043169827
828.8000000000001,0.5754095412249609
829.2,0.5589648595737807
829.6,0.5416648118757801
830.0,0.5515865551858192
830.4000000000001,0.6121341022477358
830.8000000000001,0.5306602609517997
831.2,0.5784707301713371
831.6,0.5533503523364948
832.0,0.5240054551035713
832.4000000000001,0.6061044016000355
832.8000000000001,0.5487481907357795
833.2,0.6023145324760215
833.6,0.5293152218484583
834.0,0.5532656208706211
834.4000000000001,0.5803295435433249
834.8000000000001,0.5303364132042175
835.2,0.5849270327264364
835.6,0.5044332412839866
836.0,0.5537012011691332
836.4000000000001,0.5508694865904783
836.8000000000001,0.5502127475974462
837.2,0.5518149921142286
837.6,0.5670284596009836
838.0,0.5224668284266044
838.4000000000001,0.5639314546758449
838.8000000000001,0.5688231258020606
839.2,0.5362995218620505
839.6,0.5449513243135291
840.0,0.5534512958068795
840.4000000000001,0.5783839236404369
840.8000000000001,0.527895399956372
841.2,0.5711250393192585
841.6,0.5483664715182393
842.0,0.5668719082170214
842.4000000000001,0.5569715687772427
842.8000000000001,0.5514852762962419
843.2,0.5666293720015396
843.6,0.5766702627181298
844.0,0.5822290216720424
844.4000000000001,0.5782069397892964
844.8000000000001,0.5600463936588154
845.2,0.5702545083556887
845.6,0.5636314336193763
846.0,0.5969649547713836
846.4000000000001,0.5235073497456106
846.8000000000001,0.5847185194984209
847.2,0.5541220585813946
847.6,0.5621356020696667
848.0,0.5224811330908944
848.4000000000001,0.5299333240720017
848.8000000000001,0.5382804333635303
849.2,0.5462427002686681
849.6,0.5535524139478043
850.0,0.5658777058217557
850.4000000000001,0.5649056746916069
850.8000000000001,0.566644148063105
851.2,0.5421055430229497
851.6,0.5710301175099566
852.0,0.5532031224550544
852.4000000000001,0.5792371834207114
852.8000000000001,0.5664396433939175
853.2,0.544231118459424
853.6,0.5915397318414946
854.0,0.5909314082226927
854.4000000000001,0.5553972001185357
854.8000000000001,0.554677264676688
855.2,0.5166490742416514
855.6,0.5873539846626211
856.0,0.579278422839329
856.4000000000001,0.5614644905298235
856.8000000000001,0.5651644539669091
857.2,0.5765650073806113
857.6,0.5559182176238798
858.0,0.5545250149071804
858.4000000000001,0.5817559653818264
858.8000000000001,0.5417356926608267
859.2,0.5778766763058936
859.6,0.5751658633737372
860.0,0.575949860794439
860.4000000000001,0.5799274854862183
860.8000000000001,0.5570295304939437
861.2,0.5187178789616168
861.6,0.5536517129188309
862.0,0.589630773602641
862.4000000000001,0.5658719237539214
862.8000000000001,0.5625184278260452
863.2,0.5807395142845577
863.6,0.6105284811601596
864.0,0.5420782910658312
864.4000000000001,0.553012870898306
864.8000000000001,0.5833627224985257
865.2,0.5426495251036761
865.6,0.5437362068048036
866.0,0.53377509683385
866.4000000000001,0.5187474411211493
866.8000000000001,0.578211764067885
867.2,0.5674351863653186
867.6,0.5880763372818769
868.0,0.5537892318766681
868.4000000000001,0.5711398907182603
868.8000000000001,0.5593345138643523
869.2,0.5707442569155804
869.6,0.5887967925435921
870.0,0.5706193403119717
870.4000000000001,0.5337462106803736
870.8000000000001,0.5945314778499079
871.2,0.5869518509740141
871.6,0.5462989996952173
872.0,0.569145685149618
872.4000000000001,0.6069228658359754
872.8000000000001,0.5802339119635541
873.2,0.5824500040922966
873.6,0.5716268113639787
874.0,0.5906019907636473
874.4000000000001,0.5775134043559723
874.8000000000001,0.5535931426999445
875.2,0.5739002324919735
875.6,0.5504121402510851
876.0,0.558118167468402
876.4000000000001,0.5632424203095304
876.8000000000001,0.594751363308759
877.2,0.5680327938098595
877.6,0.5771804317400757
878.0,0.528808212569056
878.4000000000001,0.5581152354652071
878.8000000000001,0.5826109912209184
879.2,0.5624784721007282
879.6,0.5754556159594755
880.0,0.5534810022411576
880.4000000000001,0.5993486287888253
880.8000000000001,0.5616745382041253
881.2,0.5706038597746139
881.6,0.5530748421451835
882.0,0.538082119871924
882.4000000000001,0.5623795111057583
882.8000000000001,0.5327843056584813
883.2,0.6056451779477998
883.6,0.5712396127672744
884.0,0.5451210685495325
884.4000000000001,0.6151001881350107
884.8000000000001,0.5541415776232822
885.2,0.5404767971480137
885.6,0.5576037488187388
886.0,0.5930686821326033
886.4000000000001,0.5543791340733784
886.8000000000001,0.5603784386102927
887.2,0.5567840768357063
887.6,0.5612997003265973
888.0,0.5429471148318333
888.4000000000001,0.5143285183587877
888.8000000000001,0.5630818265449995
889.2,0.5634091948467702
889.6,0.5884375150191478
890.0,0.5572491704679934
890.4000000000001,0.5660585615825099
890.8000000000001,0.5531991252745532
891.2,0.5639110988159219
891.6,0.5856351324307474
892.0,0.5841916545965988
892.4000000000001,0.5147990306460735
892.8000000000001,0.556059477613284
893.2,0.579795073540176
893.6,0.5625660817866612
894.0,0.5809729154227127
894.4000000000001,0.5324569442836474
894.8000000000001,0.5047453975351481
895.2,0.6119227015439841
895.6,0.5687942011430084
896.0,0.5695022865234256
896.4000000000001,0.5406571868842993
896.8000000000001,0.5423979243023785
897.2,0.5377755122176429
897.6,0.5770707282722263
898.0,0.5348988682626928
898.4000000000001,0.5492987523109155
898.8000000000001,0.5442181965322461
899.2,0.5788605327561694
899.6,0.5471902989749543
900.0,0.5283201751017592
900.4000000000001,0.5700612020232003
900.8000000000001,0.5611329808212384
901.2,0.5250903368875681
901.6,0.564647659624253
902.0,0.5518089723916331
902.4000000000001,0.5732907991284079
902.8000000000001,0.547277795605774
903.2,0.5643364107736965
903.6,0.5875865590361122
904.0,0.5376613067763227
904.4000000000001,0.5368295521788556
904.8000000000001,0.5754220121776817
905.2,0.5812804346836413
905.6,0.5456391383879393
906.0,0.5769534710868415
906.4000000000001,0.5790532085296988
906.8000000000001,0.5720399760385892
907.2,0.5242983574775657
907.6,0.5491179434487775
908.0,0.5323986549388535
908.4000000000001,0.5385378750372937
908.8000000000001,0.5571583417935425
909.2,0.5540496968177786
909.6,0.5529208132034725
910.0,0.5053359570204832
910.4000000000001,0.5717484296215332
910.8000000000001,0.5896473610150612
911.2,0.5553208934794065
911.6,0.5519681442821831
912.0,0.5961334034966631
912.4000000000001,0.5342522117587115
912.8000000000001,0.556772866493601
913.2,0.5994560336478627
913.6,0.5625919885763546
914.0,0.5574026170251015
914.4000000000001,0.5596333881066908
914.8000000000001,0.5524228886439876
915.2,0.5461917369412218
915.6,0.56112656830772
916.0,0.564716704656496
916.4000000000001,0.5456606858362776
916.8000000000001,0.5332599358618747
917.2,0.5726978365395704
917.6,0.5548749347991452
918.0,0.5130721631534245
918.4000000000001,0.5522052729568734
918.8000000000001,0.5738886270313288
919.2,0.5925449425736636
919.6,0.5569659319669313
920.0,0.5456992928480926
920.4000000000001,0.5748872911988299
920.8000000000001,0.5760129386145685
921.2,0.5721058583495648
921.6,0.5459821666763207
922.0,0.576695914437617
922.4000000000001,0.587818620788588
922.8000000000001,0.555283672699799
923.2,0.5594128241417256
923.6,0.5609434113750772
924.0,0.598528729032856
924.4000000000001,0.5815824032053124
924.8000000000001,0.5167724482147088
925.2,0.5711523614157166
925.6,0.5566575325602855
926.0,0.6153300452407877
926.4000000000001,0.5619604898839866
926.8000000000001,0.5805676624549433
927.2,0.5563305040264422
927.6,0.5427705354210305
928.0,0.6030867461352155
928.4000000000001,0.5874496368736033
928.8000000000001,0.5694749618356056
929.2,0.5955787835207279
929.6,0.5899006926510582
930.0,0.5557983815427165
930.4000000000001,0.5705917029555961
930.8000000000001,0.564838747915238
931.2,0.5480509751379684
931.6,0.5806481476759154
932.0,0.5629515692911602
932.4000000000001,0.5650176819063838
932.8000000000001,0.5651112437751876
933.2,0.5463916276791335
933.6,0.5570416385688143
934.0,0.5451895445689419
934.4000000000001,0.5529681804472717
934.8000000000001,0.5702170907865879
935.2,0.6097350572769232
935.6,0.539912749338046
936.0,0.5624266157002268
936.4000000000001,0.5350847654735642
936.8000000000001,0.5204133739901879
937.2,0.544355668919032
937.6,0.5412995374806088
938.0,0.5638314470952142
938.4000000000001,0.558323273464216
938.8000000000001,0.5864037222196055
939.2,0.5670299187203098
939.6,0.5369982464131388
940.0,0.5557836688785118
940.4000000000001,0.5761564473895969
940.8000000000001,0.5614184039439147
941.2,0.5339644863112823
941.6,0.5567664510234259
942.0,0.5571246891075602
942.4000000000001,0.5801217904134859
942.8000000000001,0.5221786762886397
943.2,0.5582032306115026
943.6,0.5333274113344113
944.0,0.5346287229160706
944.4000000000001,0.5393963461086151
944.8000000000001,0.5281796719363182
945.2,0.5363375543432537
945.6,0.5653947853878861
946.0,0.5865386311560411
946.4000000000001,0.5478465180096574
946.8000000000001,0.5760431047480834
947.2,0.5449663694393245
947.6,0.5704219683024137
948.0,0.5660304583592907
948.4000000000001,0.5657794142075385
948.8000000000001,0.5432088004876399
949.2,0.5403495227877928
949.6,0.5643495253419006
950.0,0.5797063119416336
950.4000000000001,0.560264050296417
950.8000000000001,0.5857947449085404
951.2,0.5554868654654475
951.6,0.5665731681760019
952.0,0.5067320678603695
952.4000000000001,0.528533851511828
952.8000000000001,0.580980718071485
953.2,0.5317438239767038
953.6,0.5595313689650313
954.0,0.5389736817246318
954.4000000000001,0.5900390410421923
954.8000000000001,0.5870237557190239
955.2,0.5558712457000589
955.6,0.5730050620664553
956.0,0.5686228868423838
956.4000000000001,0.5680618815302948
956.8000000000001,0.5832666516848497
957.2,0.55633884048773
957.6,0.5419155909110871
958.0,0.5713047851238956
958.4000000000001,0.6002194895684453
958.8000000000001,0.5590484406051882
959.2,0.5905583619391191
959.6,0.5693980799138528
960.0,0.5392013996556545
960.4000000000001,0.5307418834131977
960.8000000000001,0.5497077358341791
961.2,0.6175124923406138
961.6,0.5876010665495286
962.0,0.5574366163663232
962.4000000000001,0.5257954403413895
962.8000000000001,0.5866180023052625
963.2,0.5347239843149697
963.6,0.5563059199470772
964.0,0.5665186359030869
964.4000000000001,0.5678331597536275
964.8000000000001,0.5559033139918231
965.2,0.5456021307608951
965.6,0.5960389853620461
966.0,0.5639124795191709
966.4000000000001,0.562943686749503
966.8000000000001,0.5495371798242635
967.2,0.545920052124284
967.6,0.5851912759163205
968.0,0.5714770596884944
968.4000000000001,0.563870066546482
968.8000000000001,0.5708039354949798
969.2,0.5661539717951883
969.6,0.5833348602849361
970.0,0.558358698574466
970.4000000000001,0.5561650025745721
970.8000000000001,0.550501570601204
971.2,0.5543506117286342
971.6,0.5409195950141195
972.0,0.5512048977684274
972.4000000000001,0.5667291749058727
972.8000000000001,0.539047938696631
973.2,0.5645431701353578
973.6,0.5681509119530532
974.0,0.5693358705585146
974.4000000000001,0.5346616200091278
974.8000000000001,0.5653160975041109
975.2,0.5283404286294736
975.6,0.5608555824311017
976.0,0.5847261011406981
976.4000000000001,0.5714383214645636
976.8000000000001,0.554603428268975
977.2,0.5846315394036475
977.6,0.5778709955571861
978.0,0.5891548261920379
978.4000000000001,0.5450899997414957
978.8000000000001,0.5303970597565869
979.2,0.5459566363604532
979.6,0.5571804118229362
980.0,0.5469148163441648
980.4000000000001,0.5550160097124975
980.8000000000001,0.5500244145610744
981.2,0.5262876679091902
981.6,0.5660710392965486
982.0,0.5734971052360112
982.4000000000001,0.5674538836817042
982.8000000000001,0.5849670158058319
983.2,0.5654158005983623
983.6,0.5760830917726539
984.0,0.5759005758145881
984.4000000000001,0.5441516185506244
984.8000000000001,0.55650908949979
985.2,0.5783697376433777
985.6,0.5896659198268266
986.0,0.5476296576898263
986.4000000000001,0.5448664623957106
986.8000000000001,0.565865473322465
987.2,0.5876022340315401
987.6,0.5209402986151974
988.0,0.5615191678939214
988.4000000000001,0.5421173288709845
988.8000000000001,0.571373698456232
989.2,0.5865964282031991
989.6,0.5303937026406232
990.0,0.5549624437638786
990.4000000000001,0.5573316517452045
990.8000000000001,0.5275392424795639
991.2,0.5515693531545733
991.6,0.5647691761491928
992.0,0.5439763068582236
992.4000000000001,0.5360194583146681
992.8000000000001,0.5493023212943393
993.2,0.5438440625254787
993.6,0.5425678505528834
994.0,0.5388361322499559
994.4000000000001,0.5583394866836933
994.8000000000001,0.584513270002792
995.2,0.5512231730454726
995.6,0.5768841098450886
996.0,0.5271331982518829
996.4000000000001,0.5574682906326576
996.8000000000001,0.5735954622785532
997.2,0.5592179291071143
997.6,0.54403521311483
998.0,0.5552494391938126
998.4000000000001,0.5322416515373618
998.8000000000001,0.5653299013786166
999.2,0.5522646924316852
999.6,0.5686008834735011
1000.0,4839.1831496148325
1000.4000000000001,0.5667841954585342
1000.8000000000001,0.5442090970904854
1001.2,0.5591212440465149
1001.6,0.564341085130048
1002.0,0.5639761956768236
1002.4000000000001,0.5827171379327335
1002.8000000000001,0.5623498551299818
1003.2,0.5436392620467289
1003.6,0.5756868053767692
1004.0,0.5648787980420544
1004.4000000000001,0.5586666409224886
1004.8000000000001,0.5782627104275999
1005.2,0.5100782721910966
1005.6,0.5468740014193091
1006.0,0.5563585435069331
1006.4000000000001,0.57205598760707
1006.8000000000001,0.5785202144783163
1007.2,0.5911652593485894
1007.6,0.548891853636006
1008.0,0.586501496144237
1008.4000000000001,0.5305850905480259
1008.8000000000001,0.5799666872128524
1009.2,0.610993290373401
1009.6,0.5609411032142096
1010.0,0.5267618740850871
1010.4000000000001,0.5825796957688849
1010.8000000000001,0.6037973827007025
1011.2,0.576706644224038
1011.6,0.5546521840058153
1012.0,0.5465767912842474
1012.4000000000001,0.5700975955868866
1012.8000000000001,0.5600193169149081
1013.2,0.5496683057616728
1013.6,0.5325627762590047
1014.0,0.5631130218781379
1014.4000000000001,0.5865216368283303
1014.8000000000001,0.5829948746371048
1015.2,0.5391558476054042
1015.6,0.577752302347702
1016.0,0.5453593730208237
1016.4000000000001,0.5443522398542977
1016.8000000000001,0.5729585066174756
1017.2,0.5515407135802551
1017.6,0.5483680197668153
1018.0,0.5806036714925213
1018.4000000000001,0.5461581454970027
1018.8000000000001,0.5760251759461739
1019.2,0.5659036042945562
1019.6,0.5757282144094782
1020.0,0.5542320296421535
1020.4000000000001,0.5696545161574823
1020.8000000000001,0.5674275230147426
1021.2,0.5756090291766209
1021.6,0.5626991984480981
1022.0,0.5669824398343432
1022.4000000000001,0.591440808200809
1022.8000000000001,0.553117055834291
1023.2,0.5264351530728507
1023.6,0.5397426352528899
1024.0,0.5638932484962887
1024.4,0.5870835628498298
1024.8,0.5784620898274571
1025.2,0.5319014229338955
1025.6000000000001,0.5608756188578058
1026.0,0.533582399949916
1026.4,0.5576725162712839
1026.8,0.5637682067141718
1027.2,0.5257553259298654
1027.6000000000001,0.5587120123294477
1028.0,0.5336670900749645
1028.4,0.5541808752716613
1028.8,0.5653071048981678
1029.2,0.5599219636810727
1029.6000000000001,0.5491948544640304
1030.0,0.565769178895488
1030.4,0.5535366543899293
1030.8,0.5408110239033886
1031.2,0.5550078026338143
1031.6000000000001,0.5938949837006319
1032.0,0.5799475929095066
1032.4,0.5607729527072942
1032.8,0.5460158409327647
1033.2,0.5600658509695007
1033.6000000000001,0.5562928162890485
1034.0,0.5684842536666836
1034.4,0.5730339977980594
1034.8,0.5402233112943009
1035.2,0.5816006537365612
1035.6000000000001,0.5852089125778238
1036.0,0.5544617307411168
1036.4,0.5610889903777051
1036.8,0.5535316100334865
1037.2,0.559775927398066
1037.6000000000001,0.5704304372395331
1038.0,0.5863446321952486
1038.4,0.5680205537787575
1038.8,0.5353086536440212
1039.2,0.5244444763388963
1039.6000000000001,0.5593902943215971
1040.0,0.595309259428628
1040.4,0.5661255187836292
1040.8,0.5769570195863652
1041.2,0.5521730899130799
1041.6000000000001,0.5767808586804837
1042.0,0.5514777082681374
1042.4,0.5677350383326437
1042.8,0.6033012928110312
1043.2,0.5750710463617846
1043.6000000000001,0.5491524242397152
1044.0,0.5752462459359668
1044.4,0.5486519615389476
1044.8,0.5625926047732117
1045.2,0.5885172922521439
1045.6000000000001,0.5520186477322191
1046.0,0.6049316578405692
1046.4,0.5576571503373592
1046.8,0.540658820092936
1047.2,0.548894352507272
1047.6000000000001,0.5469502108394614
1048.0,0.5421332275914335
1048.4,0.5535271003514312
1048.8,0.5357761689126916
1049.2,0.5493804329884563
1049.6000000000001,0.5203398160140247
1050.0,0.5790198703606401
1050.4,0.5784507392283216
1050.8,0.5655502751140115
1051.2,0.580635343925161
1051.6000000000001,0.5602582055389688
1052.0,0.5677666299866756
1052.4,0.5971437027506632
1052.8,0.5708694433769248
1053.2,0.5770754895574235
1053.6000000000001,0.5591135356317573
1054.0,0.5507143795198781
1054.4,0.5844575545893693
1054.8,0.574293601217492
1055.2,0.5600244835528061
1055.6000000000001,0.5293567563038284
1056.0,0.5682359607204707
1056.4,0.534459314831079
1056.8,0.526014286149682
1057.2,0.5166467587682096
1057.6000000000001,0.5671768360598124
1058.0,0.5725536055344954
1058.4,0.5328480856253277
1058.8,0.5714039042900152
1059.2,0.531460489922467
1059.6000000000001,0.5427968417096398
1060.0,0.5431482680268408
1060.4,0.5226615659190924
1060.8,0.5793687115025287
1061.2,0.518502933450401
1061.6000000000001,0.5659076609273043
1062.0,0.5593314033782154
1062.4,0.565688138615497
1062.8,0.5304666014221667
1063.2,0.5031429458408395
1063.6000000000001,0.5262995243853723
1064.0,0.5534302762150833
1064.4,0.582314186544188
1064.8,0.5743114107280199
1065.2,0.5586508387207821
1065.6000000000001,0.5607266123105888
1066.0,0.546053143961384
1066.4,0.5549512231903961
1066.8,0.5674263885163062
1067.2,0.5382027023047472
1067.6000000000001,0.5620395587629426
1068.0,0.5743580001685019
1068.4,0.6109970868593991
1068.8,0.5428975021305095
1069.2,0.5542483232337416
1069.6000000000001,0.5431182304331236
1070.0,0.593950954974187
1070.4,0.5603019537366011
1070.8,0.5712789692858576
1071.2,0.5826012039539056
1071.6000000000001,0.5830714334610139
1072.0,0.5752318914070386
1072.4,0.5858462639727852
1072.8,0.5836135503026069
1073.2,0.5401369682500207
1073.6000000000001,0.5480962092779413
1074.0,0.543201329779041
1074.4,0.5567146303009729
1074.8,0.5749180300453263
1075.2,0.536527020685975
1075.6000000000001,0.5363837489117387
1076.0,0.5793586078929084
1076.4,0.5882957657827738
1076.8,0.5303785453296103
1077.2,0.5622880350086542
1077.6000000000001,0.5742187170919546
1078.0,0.5471722172077965
1078.4,0.5619141965489791
1078.8,0.5562785064528979
1079.2,0.5456077583535407
1079.6000000000001,0.5541968910701095
1080.0,0.5399318236999172
1080.4,0.5634956243089835
1080.8,0.5711694287145258
1081.2,0.5469986778020501
1081.6000000000001,0.5834117197654093
1082.0,0.5287487760477624
1082.4,0.5289250646466918
1082.8,0.5635050662390986
1083.2,0.5526065281540268
1083.6000000000001,0.565564562399191
1084.0,0.5867034825603181
1084.4,0.5494016407630401
1084.8,0.5512237017992777
1085.2,0.6126919917039347
1085.6000000000001,0.5853682210867228
1086.0,0.5682415385205429
1086.4,0.541965747870799
1086.8,0.5592934481719575
1087.2,0.5560730184753155
1087.6000000000001,0.5795635345216006
1088.0,0.5875075000358643
1088.4,0.5549363054276346
1088.8,0.560211200826527
1089.2,0.5747109199161899
1089.6000000000001,0.5362129388692289
1090.0,0.5724731882324106
1090.4,0.5558244432493461
1090.8,0.5189659893060108
1091.2,0.5462485783931569
1091.6000000000001,0.5827081803222504
1092.0,0.5514480693558038
1092.4,0.543241865714137
1092.8,0.5666881821655408
1093.2,0.5744541773934208
1093.6000000000001,0.5675421373864405
1094.0,0.5650332731664657
1094.4,0.5914242056204426
1094.8,0.5702760652568896
1095.2,0.5426536053537093
1095.6000000000001,0.5490234254845078
1096.0,0.5450500435719586
1096.4,0.5820182777475682
1096.8,0.5324383011646523
1097.2,0.5932492922302318
1097.6000000000001,0.5950952348124204
1098.0,0.601429962396464
1098.4,0.5756622471671812
1098.8,0.5544221144906979
1099.2,0.583551064255953
1099.6000000000001,0.5798277845293233
1100.0,0.5698899121121653
1100.4,0.5759153633405683
1100.8,0.5519851894214886
1101.2,0.5752665995145181
1101.6000000000001,0.5500736510333666
1102.0,0.5578748925160848
1102.4,0.5292778096065558
1102.8,0.5948872613109114
1103.2,0.5874996694240925
1103.6000000000001,0.5613631389141286
1104.0,0.58393123977582
1104.4,0.5498716602655057
1104.8,0.578680054492977
1105.2,0.5840094514702768
1105.6000000000001,0.5969529974650736
1106.0,0.5629483186134535
1106.4,0.5510625210949291
1106.8,0.5474029841101797
1107.2,0.5229061611402727
1107.6000000000001,0.5802690769589773
1108.0,0.5440870739950572
1108.4,0.5177426046669992
1108.8,0.6039196296006974
1109.2,0.5443072646701549
1109.6000000000001,0.5610533789277024
1110.0,0.5633972596663566
1110.4,0.6130471644524275
1110.8,0.5808164315450072
1111.2,0.5599387081320516
1111.6000000000001,0.5405425787890525
1112.0,0.5548684923839914
1112.4,0.572372165578852
1112.8,0.5499200494145429
1113.2,0.5738658524985777
1113.6000000000001,0.5830498948126399
1114.0,0.5576510517449021
1114.4,0.5867347563942642
1114.8,0.5411301748977182
1115.2,0.5442955164795232
1115.6000000000001,0.5746165336112636
1116.0,0.5857670499428469
1116.4,0.5447196116984964
1116.8,0.5634893981626387
1117.2,0.5961851866638662
1117.6000000000001,0.5403847722012459
1118.0,0.567489028080614
1118.4,0.5805832463461104
1118.8,0.5609473568644787
1119.2,0.5452189061412268
1119.6000000000001,0.5373804918817704
1120.0,0.5639882128221476
1120.4,0.5661478132441776
1120.8,0.551303316331053
1121.2,0.5632832841284315
1121.6000000000001,0.5622493850547727
1122.0,0.5435505461683074
1122.4,0.5416807017552457
1122.8,0.5735700767963587
1123.2,0.5663740308723236
1123.6000000000001,0.5254001762632682
1124.0,0.511065082554745
1124.4,0.5751447461208542
1124.8,0.5262062747458538
1125.2,0.5898275473313639
1125.6000000000001,0.5722167553379714
1126.0,0.5841123547890283
1126.4,0.5357628985200509
1126.8,0.5324562371592743
1127.2,0.5414792074559931
1127.6000000000001,0.5613962592168737
1128.0,0.574572901426945
1128.4,0.5523496235350708
1128.8,0.5926048850480834
1129.2,0.558567135466446
1129.6000000000001,0.5695215567245095
1130.0,0.5775409636162475
1130.4,0.5217687227369927
1130.8,0.5936782936413794
1131.2,0.5833482754080805
1131.6000000000001,0.586372123777264
1132.0,0.5732419149948935
1132.4,0.5781437937978373
1132.8,0.5474693214143372
1133.2,0.5561829182825886
1133.6000000000001,0.5545250403199895
1134.0,0.570214090227827
1134.4,0.5512190102448933
1134.8,0.5937201525412082
1135.2,0.580035415238033
1135.6000000000001,0.5548087078352012
1136.0,0.558012770257129
1136.4,0.5709883591239653
1136.8,0.5581406394745833
1137.2,0.5315585425853576
1137.6000000000001,0.5544836138550849
1138.0,0.5598290654237259
1138.4,0.5813082656617484
1138.8,0.5227354304482003
1139.2,0.6258301556640384
1139.6000000000001,0.4961332583234538
1140.0,0.6101946136199654
1140.4,0.5615932174783099
1140.8,0.5307842035515261
1141.2,0.5602060765442048
1141.6000000000001,0.5566317696561164
1142.0,0.5699937987977616
1142.4,0.5099235145188125
1142.8,0.5449982454873463
1143.2,0.5940740470732926
1143.6000000000001,0.5354216301064703
1144.0,0.5402205991568052
1144.4,0.5841818200938098
1144.8,0.5165750939167371
1145.2,0.5730071994587439
1145.6000000000001,0.5646862722039437
1146.0,0.5352793249623762
1146.4,0.5672887587246047
1146.8,0.5540900520043661
1147.2,0.5743743635634267
1147.6000000000001,0.5726781597848677
1148.0,0.5344529573564083
1148.4,0.5893913885372064
1148.8,0.5322564765675323
1149.2,0.5684226774783365
1149.6000000000001,0.5774966025755653
1150.0,0.4982573215282393
1150.4,0.5512081177180675
1150.8,0.5623330968822426
1151.2,0.5485561577811171
1151.6000000000001,0.5357374352923095
1152.0,0.5356090301184545
1152.4,0.537897340802237
1152.8,0.5671215082431212
1153.2,0.5841839644541538
1153.6000000000001,0.573860449839728
1154.0,0.5547180717498257
1154.4,0.5865658732225647
1154.8,0.5809265655883256
1155.2,0.5247064841264449
1155.6000000000001,0.5646748933744666
1156.0,0.548737950485013
1156.4,0.5931458457214721
1156.8,0.5670803615723323
1157.2,0.5727585193820279
1157.6000000000001,0.5537402725072041
1158.0,0.5921540539215993
1158.4,0.5931006514054591
1158.8,0.5630128325856172
1159.2,0.5488822282545759
1159.6000000000001,0.5852593936083307
1160.0,0.560166470693212
1160.4,0.5544572515505549
1160.8,0.5419245595463865
1161.2,0.556553761958636
1161.6000000000001,0.5160455966654708
1162.0,0.5500432986556072
1162.4,0.5505785753389889
1162.8,0.5663003350112511
1163.2,0.5510122877433251
1163.6000000000001,0.5815475297968175
1164.0,0.5653749409478676
1164.4,0.574264313840727
1164.8,0.5571009773782591
1165.2,0.5604892298337368
1165.6000000000001,0.5923901781924771
1166.0,0.5454055255566694
1166.4,0.5812921307465808
1166.8,0.5746467874849647
1167.2,0.5567139792839316
1167.6000000000001,0.549009766297719
1168.0,0.5519579550302818
1168.4,0.5262518938080984
1168.8,0.5586778090639701
1169.2,0.5947708947055496
1169.6000000000001,0.5284927156378122
1170.0,0.595967448991303
1170.4,0.5309821224088237
1170.8,0.5532866596837703
1171.2,0.5659355772088712
1171.6000000000001,0.538035474323277
1172.0,0.5466283576653783
1172.4,0.5754725286846886
1172.8,0.5083549060489944
1173.2,0.5223331125682174
1173.6000000000001,0.5457602264596507
1174.0,0.5431244419657745
1174.4,0.5783349236833374
1174.8,0.5744826862656797
1175.2,0.5537996536400712
1175.6000000000001,0.539620491546343
1176.0,0.5499460457672559
1176.4,0.5504911559111164
1176.8,0.5396078487901047
1177.2,0.5676497854899618
1177.6000000000001,0.5638512905173424
1178.0,0.5682389367245593
1178.4,0.5828547073248374
1178.8,0.5579726765422469
1179.2,0.5495540196432229
1179.6000000000001,0.5607884140045867
1180.0,0.5589726723947116
1180.4,0.5562707582047003
1180.8,0.5813233779412066
1181.2,0.5632559551667423
1181.6000000000001,0.5405639076174408
1182.0,0.569318870752154
1182.4,0.5721862735623983
1182.8,0.5401870498779854
1183.2,0.5624253222228709
1183.6000000000001,0.49391075755674624
1184.0,0.5437845615242337
1184.4,0.553788383085077
1184.8,0.5451877029640771
1185.2,0.5197285131094036
1185.6000000000001,0.5668497627487075
1186.0,0.5485433920884785
1186.4,0.5626352091418586
1186.8,0.5818914222910904
1187.2,0.5667168352324171
1187.6000000000001,0.5576197052666964
1188.0,0.5530639143650581
1188.4,0.545599688032392
1188.8,0.5573625818196447
1189.2,0.5731269512908529
1189.6000000000001,0.5687774206324222
1190.0,0.5860599512553778
1190.4,0.5772698545341476
1190.8,0.5437561407980289
1191.2,0.5413986964485306
1191.6000000000001,0.5500019102317962
1192.0,0.5553339583359816
1192.4,0.548598030691254
1192.8,0.5763877199672421
1193.2,0.5709315411395895
1193.6000000000001,0.542735301376283
1194.0,0.5685773503724345
1194.4,0.5576870837709769
1194.8,0.5285869453141857
1195.2,0.5517970924150466
1195.6000000000001,0.553761893577672
1196.0,0.568599354916025
1196.4,0.5496760342154736
1196.8,0.5619967824073306
1197.2,0.5722447321716359
1197.6000000000001,0.511218476600282
1198.0,0.5497670091615106
1198.4,0.5902979756988728
1198.8,0.5558488789131123
1199.2,0.5753165733084324
1199.6000000000001,0.5857978922967108
1200.0,0.5708846838546567
1200.4,0.5652025329079045
1200.8,0.5798039816844236
1201.2,0.5688203572885684
1201.6000000000001,0.5533551672123708
1202.0,0.5726450384576784
1202.4,0.553895057444406
1202.8,0.5554724112624794
1203.2,0.5572322953005159
1203.6000000000001,0.5716313684698948
1204.0,0.5262040524669563
1204.4,0.5444986399795041
1204.8,0.5677926266009837
1205.2,0.5612634414719464
1205.6000000000001,0.5593459779061292
1206.0,0.5530982692985592
1206.4,0.5581011776387591
1206.8,0.5188902398156413
1207.2,0.5784749104171767
1207.6000000000001,0.5548866908388743
1208.0,0.5668582726630124
1208.4,0.5519504170809842
1208.8,0.5243113118220845
1209.2,0.5255768532158882
1209.6000000000001,0.5645359466838076
1210.0,0.5770165029706753
1210.4,0.5927532901861007
1210.8,0.5500758149815128
1211.2,0.5790578906230361
1211.6000000000001,0.5362618021084068
1212.0,0.5609075508473685
1212.4,0.5522125432669535
1212.8,0.5547064168342137
1213.2,0.5873720343645072
1213.6000000000001,0.5564173129764101
1214.0,0.5596707443025103
1214.4,0.5344493222240239
1214.8,0.5773557345556055
1215.2,0.5694110007600803
1215.6000000000001,0.5198063425478787
1216.0,0.5190246745041176
1216.4,0.5551313461029194
1216.8,0.5574121446161914
1217.2,0.6144984071308109
1217.6000000000001,0.5655667124189087
1218.0,0.5545022617593305
1218.4,0.5303926472559247
1218.8,0.572582029716606
1219.2,0.5712022954104558
1219.6000000000001,0.5426826565089606
1220.0,0.5684456115931682
1220.4,0.5928315632268866
1220.8,0.5634553418535777
1221.2,0.5816239753865227
1221.6000000000001,0.5521891749034957
1222.0,0.5604325367189039
1222.4,0.5615264987208667
1222.8,0.5650009223648218
1223.2,0.5440965053788062
1223.6000000000001,0.5504761903933794
1224.0,0.5407185325972428
1224.4,0.5621088122431046
1224.8,0.5374831871323282
1225.2,0.5699415277948457
1225.6000000000001,0.5294621760403573
1226.0,0.5777194489247076
1226.4,0.5780732838032115
1226.8,0.5564162350386112
1227.2,0.5349097578565848
1227.6000000000001,0.6194715322075531
1228.0,0.5606153192369356
1228.4,0.5396914287241128
1228.8000000000002,0.5488208240392162
1229.2,0.5693946644037399
1229.6000000000001,0.5842843338737478
1230.0,0.5482375270103917
1230.4,0.5497027783975904
1230.8000000000002,0.5240172007799313
1231.2,0.5669115206453904
1231.6000000000001,0.5495273013688925
1232.0,0.5886033282259057
1232.4,0.5820721435348933
1232.8000000000002,0.5554348386901086
1233.2,0.5609511073411737
1233.6000000000001,0.5512168909752999
1234.0,0.5291269318259978
1234.4,0.5588840243716542
1234.8000000000002,0.6075748888259401
1235.2,0.5526731285693167
1235.6000000000001,0.5718838281459203
1236.0,0.5626980473257175
1236.4,0.529216078158246
1236.8000000000002,0.5492512008142709
1237.2,0.5621705201995322
1237.6000000000001,0.564431179858831
1238.0,0.5540007690518218
1238.4,0.5754491275435948
1238.8000000000002,0.5506581581709233
1239.2,0.5758002940936863
1239.6000000000001,0.540748701636767
1240.0,0.5729098970297594
1240.4,0.5533272165204562
1240.8000000000002,0.5333902886362404
1241.2,0.534662597990584
1241.6000000000001,0.5275760576319883
1242.0,0.5401182998336831
1242.4,0.5484036478828005
1242.8000000000002,0.5548170023386316
1243.2,0.5528322769074259
1243.6000000000001,0.5831542369911964
1244.0,0.5575402288457498
1244.4,0.6194337691051925
1244.8000000000002,0.5442547721454765
1245.2,0.5448654158138625
1245.6000000000001,0.5433261524508486
1246.0,0.5610530482948771
1246.4,0.5790730513474519
1246.8000000000002,0.5393883537181346
1247.2,0.5616045672342737
1247.6000000000001,0.5653831820276803
1248.0,0.5770765242150632
1248.4,0.560266822983399
1248.8000000000002,0.5587136035842468
1249.2,0.5418871884489328
1249.6000000000001,0.5865767572932503
1250.0,0.5928016510101366
1250.4,0.5533873218948019
1250.8000000000002,0.5696461595847164
1251.2,0.5925050477294087
1251.6000000000001,0.5471823224377818
1252.0,0.569869234467126
1252.4,0.5470134701470197
1252.8000000000002,0.5735475593474737
1253.2,0.5734651167974834
1253.6000000000001,0.5556734108851046
1254.0,0.5546827802218417
1254.4,0.6083621071367469
1254.8000000000002,0.5640958516551209
1255.2,0.570035522138767
1255.6000000000001,0.535590869946946
1256.0,0.5615115980865
1256.4,0.5737028498910851
1256.8000000000002,0.5954515648780536
1257.2,0.5315699101072903
1257.6000000000001,0.5757546209046606
1258.0,0.5688324085677069
1258.4,0.5614063923302284
1258.8000000000002,0.5933403488554637
1259.2,0.5395162641527498
1259.6000000000001,0.5696746620203698
1260.0,0.5896210682236185
1260.4,0.5576017579093356
1260.8000000000002,0.5486700433324484
1261.2,0.561648129220479
1261.6000000000001,0.5563789146250124
1262.0,0.5207029663127306
1262.4,0.5661055210318833
1262.8000000000002,0.5590623918588347
1263.2,0.5461518667190731
1263.6000000000001,0.5337608906597318
1264.0,0.600972270663543
1264.4,0.5339431171901468
1264.8000000000002,0.5269571576148346
1265.2,0.5761689684276882
1265.6000000000001,0.5814656801469329
1266.0,0.5303301601410579
1266.4,0.5732942969876572
1266.8000000000002,0.5978690718758407
1267.2,0.5146755438406088
1267.6000000000001,0.5543956648299123
1268.0,0.5287320967107169
1268.4,0.5465405594050282
1268.8000000000002,0.5265432055476044
1269.2,0.5871620653439557
1269.6000000000001,0.576307320395341
1270.0,0.581043280453134
1270.4,0.5320320804102557
1270.8000000000002,0.5669870367637573
1271.2,0.6092259919029486
1271.6000000000001,0.5574543762627922
1272.0,0.5741224617484485
1272.4,0.5336286357203193
1272.8000000000002,0.5950370507652362
1273.2,0.5473190097902436
1273.6000000000001,0.5302981721362502
1274.0,0.5224213440237722
1274.4,0.5379990190118016
1274.8000000000002,0.5750227174463224
1275.2,0.5440903668423095
1275.6000000000001,0.5371877291007536
1276.0,0.5516406174311766
1276.4,0.5692824494097778
1276.8000000000002,0.59839270714853
1277.2,0.5290782902282114
1277.6000000000001,0.5863823843870255
1278.0,0.5706414022250211
1278.4,0.5707697382310513
1278.8000000000002,0.5809832006033253
1279.2,0.5541268750573811
1279.6000000000001,0.5344257399713145
1280.0,0.5711755512154711
1280.4,0.5931765261855292
1280.8000000000002,0.5443738166387737
1281.2,0.5197543425030415
1281.6000000000001,0.5741043717373355
1282.0,0.5412334361136442
1282.4,0.5569859501621078
1282.8000000000002,0.5618809883938225
1283.2,0.583900280855969
1283.6000000000001,0.5475635399609193
1284.0,0.5792956698164938
1284.4,0.5718547460502099
1284.8000000000002,0.561653803274771
1285.2,0.5778252251900102
1285.6000000000001,0.5492176783535757
1286.0,0.5699734343922692
1286.4,0.5011494595786484
1286.8000000000002,0.5377716392094863
1287.2,0.5594685925195552
1287.6000000000001,0.5774587448420272
1288.0,0.570632609374909
1288.4,0.5522423072275265
1288.8000000000002,0.5906126778161843
1289.2,0.515280356134459
1289.6000000000001,0.5824697661185764
1290.0,0.6070683196278566
1290.4,0.5916875918252096
1290.8000000000002,0.5777813669086761
1291.2,0.5334416465167191
1291.6000000000001,0.5694037606373646
1292.0,0.5988217226560767
1292.4,0.5507734371312888
1292.8000000000002,0.5749755153876737
1293.2,0.5339325198193652
1293.6000000000001,0.5507820928369154
1294.0,0.6071483432282657
1294.4,0.5718036487164648
1294.8000000000002,0.5798465458908837
1295.2,0.541287817932643
1295.6000000000001,0.5498538545799452
1296.0,0.5407317588300627
1296.4,0.5939629701435217
1296.8000000000002,0.5878525280765347
1297.2,0.5360988493084552
1297.6000000000001,0.5528674422272769
1298.0,0.5722686088300691
1298.4,0.5864968658801666
1298.8000000000002,0.5927822210118375
1299.2,0.553867459222062
1299.6000000000001,0.5718246408338231
1300.0,0.5227128257821229
1300.4,0.5508446212129677
1300.8000000000002,0.5815362460022582
1301.2,0.5511366924156432
1301.6000000000001,0.5675331800608794
1302.0,0.5547108194634864
1302.4,0.5529743674702876
1302.8000000000002,0.5557491563325554
1303.2,0.5328485417914663
1303.6000000000001,0.5604064538825977
1304.0,0.5186420206613424
1304.4,0.5924256505583537
1304.8000000000002,0.5699704278392468
1305.2,0.5589842793619055
1305.6000000000001,0.5449486592673978
1306.0,0.5999982039865398
1306.4,0.5594395156462926
1306.8000000000002,0.5448874235306979
1307.2,0.5344929405742327
1307.6000000000001,0.540326278319477
1308.0,0.5280004740713963
1308.4,0.5697405456309705
1308.8000000000002,0.5420797584031074
1309.2,0.554658671250214
1309.6000000000001,0.5839521761992237
1310.0,0.589789280964778
1310.4,0.527964410385559
1310.8000000000002,0.5546152341741962
1311.2,0.6042687509802294
1311.6000000000001,0.5422329504846958
1312.0,0.5279610148279226
1312.4,0.5745749081010356
1312.8000000000002,0.5412807225057037
1313.2,0.5726211452706186
1313.6000000000001,0.5544548299372041
1314.0,0.5555306002402701
1314.4,0.5376523204515822
1314.8000000000002,0.558015200265181
1315.2,0.5702216457424556
1315.6000000000001,0.563768405781689
1316.0,0.582993680817902
1316.4,0.5523599461201203
1316.8000000000002,0.5665552416136899
1317.2,0.5718773191470197
1317.6000000000001,0.5714716690004881
1318.0,0.5566801055498933
1318.4,0.5469616328358599
1318.8000000000002,0.5554903974758714
1319.2,0.5339377236723858
1319.6000000000001,0.5762682198696316
1320.0,0.546866325814482
1320.4,0.5458784939507904
1320.8000000000002,0.5617457162121791
1321.2,0.5608559490626802
1321.6000000000001,0.5362932693439062
1322.0,0.5660883863633583
1322.4,0.5247301605647033
1322.8000000000002,0.5561681081016016
1323.2,0.4953971704447577
1323.6000000000001,0.5367072274757759
1324.0,0.5465584638307424
1324.4,0.5320269362819544
1324.8000000000002,0.5483076424555893
1325.2,0.5714055281355082
1325.6000000000001,0.532609396966364
1326.0,0.578557094896883
1326.4,0.5715503218482877
1326.8000000000002,0.5819856595985026
1327.2,0.5569351830665495
1327.6000000000001,0.5574880504197504
1328.0,0.5652499601813782
1328.4,0.5555081813623759
1328.8000000000002,0.5341156555067644
1329.2,0.5804825072600402
1329.6000000000001,0.5552340849727738
1330.0,0.5405948923879593
1330.4,0.5648377626135918
1330.8000000000002,0.5213351482674061
1331.2,0.5881200620272391
1331.6000000000001,0.5405539549085605
1332.0,0.5407456871705498
1332.4,0.5663215481171713
1332.8000000000002,0.61392427017644
1333.2,0.5575262761565712
1333.6000000000001,0.5831324493201988
1334.0,0.5342659311076737
1334.4,0.5188371018950154
1334.8000000000002,0.5688217032320305
1335.2,0.5803144351382579
1335.6000000000001,0.5324125804955446
1336.0,0.5579289789627547
1336.4,0.5506708777317488
1336.8000000000002,0.5352080927019629
1337.2,0.543962215988293
1337.6000000000001,0.575446908107697
1338.0,0.5647090460590395
1338.4,0.5563109503310308
1338.8000000000002,0.5553411992743967
1339.2,0.5657458306994201
1339.6000000000001,0.5687032519562594
1340.0,0.5365880297367746
1340.4,0.5852896488427564
1340.8000000000002,0.5401195352565581
1341.2,0.5318419074699346
1341.6000000000001,0.5701211257095719
1342.0,0.5782577053173013
1342.4,0.5554547539679365
1342.8000000000002,0.5474260168325936
1343.2,0.5420604348684512
1343.6000000000001,0.5853966780864364
1344.0,0.552041004843285
1344.4,0.5589227322136673
1344.8000000000002,0.5322251692896119
1345.2,0.5658977241014453
1345.6000000000001,0.5916131525216172
1346.0,0.5914403605801802
1346.4,0.5677431960786977
1346.8000000000002,0.5599589766229592
1347.2,0.5748097097839118
1347.6000000000001,0.5488680955090569
1348.0,0.5837228105940687
1348.4,0.590566059717383
1348.8000000000002,0.5994383854782619
1349.2,0.5407093014099722
1349.6000000000001,0.596127566599976
1350.0,0.5677409592828029
1350.4,0.6030730438812152
1350.8000000000002,0.5517206060735459
1351.2,0.5554216481277845
1351.6000000000001,0.553053612309801
1352.0,0.5801105621346248
1352.4,0.556018067779625
1352.8000000000002,0.5491762098547025
1353.2,0.5298343060123286
1353.6000000000001,0.5570820588044287
1354.0,0.5726240487339556
1354.4,0.5964440939826826
1354.8000000000002,0.5790133386863061
1355.2,0.564669774397535
1355.6000000000001,0.5723884871239064
1356.0,0.5601229559574552
1356.4,0.5872837923074972
1356.8000000000002,0.5749539678073354
1357.2,0.5434072534429365
1357.6000000000001,0.5997322791781674
1358.0,0.58109659811815
1358.4,0.544654434531064
1358.8000000000002,0.5359489853033349
1359.2,0.5615656266679926
1359.6000000000001,0.5542752435457847
1360.0,0.5156476894639711
1360.4,0.5645035758371928
1360.8000000000002,0.5323175127412093
1361.2,0.5908788772994141
1361.6000000000001,0.5647393292289079
1362.0,0.5490361549395283
1362.4,0.5617244788384871
1362.8000000000002,0.5796494677389078
1363.2,0.52527261329397
1363.6000000000001,0.5334865128321781
1364.0,0.5301792368320866
1364.4,0.5878729697335624
1364.8000000000002,0.5371644311506438
1365.2,0.5918738798712602
1365.6000000000001,0.5666627229870462
1366.0,0.5751107956357843
1366.4,0.5571435666642266
1366.8000000000002,0.5890798776543218
1367.2,0.559527597869405
1367.6000000000001,0.5366167539229517
1368.0,0.5491490403139885
1368.4,0.5724905619613808
1368.8000000000002,0.5958588633975018
1369.2,0.5841493184855233
1369.6000000000001,0.5646805555672132
1370.0,0.5671829509955879
1370.4,0.549467370940951
1370.8000000000002,0.5516233167052957
1371.2,0.5543086491168168
1371.6000000000001,0.5623514985525631
1372.0,0.5793212465787754
1372.4,0.5657855550360705
1372.8000000000002,0.5784013398818784
1373.2,0.5553566652204057
1373.6000000000001,0.5736506271705145
1374.0,0.586778322421803
1374.4,0.547269940290984
1374.8000000000002,0.5881041221939303
1375.2,0.51035522121718
1375.6000000000001,0.5749338575410029
1376.0,0.5811337989720429
1376.4,0.5629390120038592
1376.8000000000002,0.552886132341343
1377.2,0.5632946281533682
1377.6000000000001,0.5490950546172905
1378.0,0.6001439813755576
1378.4,0.5534345740970033
1378.8000000000002,0.566435451503423
1379.2,0.5812121096964802
1379.6000000000001,0.5578772469017744
1380.0,0.5552997591860398
1380.4,0.5671336916988187
1380.8000000000002,0.5559742227452117
1381.2,0.5267941322887096
1381.6000000000001,0.5468638487304389
1382.0,0.5787052050875484
1382.4,0.5591187122789569
1382.8000000000002,0.5270438867565792
1383.2,0.5906399633626571
1383.6000000000001,0.5395715870233196
1384.0,0.5415826296833441
1384.4,0.5611522812350456
1384.8000000000002,0.5911225641171711
1385.2,0.5560967709858713
1385.6000000000001,0.5611372953909463
1386.0,0.579088532910711
1386.4,0.5753202950267851
1386.8000000000002,0.5913239325706333
1387.2,0.55419320233001
1387.6000000000001,0.5400929449557773
1388.0,0.5595802699666572
1388.4,0.5563124624873532
1388.8000000000002,0.5540588745540951
1389.2,0.5558539555276272
1389.6000000000001,0.5564593938370186
1390.0,0.5919637128614602
1390.4,0.5962757801512562
1390.8000000000002,0.5865290472650435
1391.2,0.5373201439912046
1391.6000000000001,0.550441799010222
1392.0,0.5451423804089262
1392.4,0.5593727040219244
1392.8000000000002,0.5711767309005781
1393.2,0.5699255411206327
1393.6000000000001,0.5439768375707257
1394.0,0.5414838891207002
1394.4,0.5453053761772276
1394.8000000000002,0.5806494645372182
1395.2,0.5257307454861408
1395.6000000000001,0.5713432061970205
1396.0,0.57947665118583
1396.4,0.5729708108269982
1396.8000000000002,0.5504905249615357
1397.2,0.5532731595044358
1397.6000000000001,0.6047085127586005
1398.0,0.5600719678813083
1398.4,0.5690679430471614
1398.8000000000002,0.5303979576511094
1399.2,0.53698075655679
1399.6000000000001,0.5826831650961507
1400.0,0.5646634658377089
1400.4,0.5392146837890781
1400.8000000000002,0.5921913479798171
1401.2,0.5509457077115882
1401.6000000000001,0.5545490923001175
1402.0,0.5308999902219992
1402.4,0.549528414574245
1402.8000000000002,0.5392137909746649
1403.2,0.5455940443499224
1403.6000000000001,0.5989638391930592
1404.0,0.5466963897904182
1404.4,0.568626536168165
1404.8000000000002,0.5560376133545725
1405.2,0.5179834758129561
1405.6000000000001,0.5536417688488793
1406.0,0.5854035870808363
1406.4,0.5449222860352017
1406.8000000000002,0.5945667424980874
1407.2,0.5743869878485126
1407.6000000000001,0.5178229573095235
1408.0,0.6094754659157847
1408.4,0.5662919222654276
1408.8000000000002,0.5544956533699149
1409.2,0.5928859487691709
1409.6000000000001,0.5286331619664781
1410.0,0.5392140867882667
1410.4,0.5371954991558117
1410.8000000000002,0.5586058863870198
1411.2,0.5487107497483543
1411.6000000000001,0.565470138350649
1412.0,0.5432615116174693
1412.4,0.5616190702074128
1412.8000000000002,0.5518654900534851
1413.2,0.5469524293216463
1413.6000000000001,0.5451033361972057
1414.0,0.544394295885668
1414.4,0.5349224511443375
1414.8000000000002,0.5355492669505458
1415.2,0.5274895881155871
1415.6000000000001,0.567635779070053
1416.0,0.5742363695374922
1416.4,0.5371093313909799
1416.8000000000002,0.5644618594301561
1417.2,0.611784011595974
1417.6000000000001,0.593082629253938
1418.0,0.5340883160489915
1418.4,0.5528762742517487
1418.8000000000002,0.5378890543980581
1419.2,0.5601674449836536
1419.6000000000001,0.5700296306768758
1420.0,0.5518313656653053
1420.4,0.5564027511105454
1420.8000000000002,0.5351407218965394
1421.2,0.5447274011857599
1421.6000000000001,0.5407451227682832
1422.0,0.5712871292963956
1422.4,0.57736506357808
1422.8000000000002,0.5598912661413431
1423.2,0.5884099057690928
1423.6000000000001,0.5478136807726709
1424.0,0.5681918141535252
1424.4,0.5702036155460043
1424.8000000000002,0.5570483084461276
1425.2,0.5527508911188127
1425.6000000000001,0.53750202838622
1426.0,0.5750123859871612
1426.4,0.5400891032674934
1426.8000000000002,0.5537428717653111
1427.2,0.5970747559873764
1427.6000000000001,0.5276628367159709
1428.0,0.5566021356874483
1428.4,0.573803914037156
1428.8000000000002,0.5328915258215847
1429.2,0.5568425519305902
1429.6000000000001,0.5563721527479993
1430.0,0.5981542678996569
1430.4,0.5888685836312415
1430.8000000000002,0.5817586223692695
1431.2,0.5593056382853008
1431.6000000000001,0.5839730487118483
1432.0,0.5368567287601193
1432.4,0.5497152062556505
1432.8000000000002,0.5577632427821309
1433.2,0.5493461264383296
1433.6000000000001,0.5741586469111426
1434.0,0.5592171683544446
1434.4,0.5791385243238744
1434.8000000000002,0.5416107635706077
1435.2,0.5652729715984587
1435.6000000000001,0.5518722082130852
1436.0,0.5710130135831003
1436.4,0.5289115540755585
1436.8000000000002,0.544019274234739
1437.2,0.5570499660660583
1437.6000000000001,0.5452651704483565
1438.0,0.6019908128172669
1438.4,0.5410377938745975
1438.8000000000002,0.5869002558529293
1439.2,0.5521201496102904
1439.6000000000001,0.5898451876994937
1440.0,0.5806416896898681
1440.4,0.5699200389304068
1440.8000000000002,0.5403723879684418
1441.2,0.5502327791983618
1441.6000000000001,0.556345661805328
1442.0,0.5555399247701394
1442.4,0.536861865057255
1442.8000000000002,0.5578586106497941
1443.2,0.5743633041154883
1443.6000000000001,0.5721300223994505
1444.0,0.5397215970657266
1444.4,0.5643293455080941
1444.8000000000002,0.5756317829254015
1445.2,0.5825736140050211
1445.6000000000001,0.5540205049758321
1446.0,0.5827092449482116
1446.4,0.5506601871708244
1446.8000000000002,0.5051947455470804
1447.2,0.5614972763382549
1447.6000000000001,0.5787758076570679
1448.0,0.5361487821606972
1448.4,0.5522511299074855
1448.8000000000002,0.5113454284906761
1449.2,0.5619398650326011
1449.6000000000001,0.5406783744823743
1450.0,0.5670234631386375
1450.4,0.5657066523335172
1450.8000000000002,0.5839134716428834
1451.2,0.5375261566559759
1451.6000000000001,0.5780149923572445
1452.0,0.5934840870611792
1452.4,0.572038819330491
1452.8000000000002,0.5749322946343477
1453.2,0.5737529435517835
1453.6000000000001,0.5341822875169908
1454.0,0.5435048463431218
1454.4,0.5780300092176239
1454.8000000000002,0.549067974709083
1455.2,0.552397041681111
1455.6000000000001,0.5387025229554666
1456.0,0.5208773569975453
1456.4,0.5858605083314893
1456.8000000000002,0.5773287402428862
1457.2,0.5742371143599747
1457.6000000000001,0.5774435402133946
1458.0,0.5627662503604496
1458.4,0.5705403256621575
1458.8000000000002,0.5778600906894441
1459.2,0.5783546898681229
1459.6000000000001,0.5667778687397573
1460.0,0.4993939400452948
1460.4,0.5307882283661481
1460.8000000000002,0.5480580076093786
1461.2,0.5613079420514302
1461.6000000000001,0.5240689652586746
1462.0,0.5904268234139737
1462.4,0.5679890345649906
1462.8000000000002,0.5344776456903305
1463.2,0.533222908467282
1463.6000000000001,0.5239381895279065
1464.0,0.5455210547803953
1464.4,0.5905604552811899
1464.8000000000002,0.5639666944066378
1465.2,0.5623846784609249
1465.6000000000001,0.5876608817122774
1466.0,0.5868208891814727
1466.4,0.5375802913654829
1466.8000000000002,0.5398611985140703
1467.2,0.516513458457283
1467.6000000000001,0.539209060290552
1468.0,0.5314284425965836
1468.4,0.5480491418252983
1468.8000000000002,0.5487324267396688
1469.2,0.5384800344990022
1469.6000000000001,0.5487001760385353
1470.0,0.5465516547629986
1470.4,0.5923917532689588
1470.8000000000002,0.543156232665106
1471.2,0.5950987749981232
1471.6000000000001,0.5555869892747176
1472.0,0.5545379439236949
1472.4,0.5785341168478408
1472.8000000000002,0.592135639661431
1473.2,0.5748915528546712
1473.6000000000001,0.5582732090005603
1474.0,0.5736532651589524
1474.4,0.5877462688410932
1474.8000000000002,0.5603406362534528
1475.2,0.589289898567145
1475.6000000000001,0.5852044277342455
1476.0,0.5578475673794461
1476.4,0.5517985243396986
1476.8000000000002,0.551759818075024
1477.2,0.5843568510937274
1477.6000000000001,0.6163956461242037
1478.0,0.566756550943803
1478.4,0.5371106404373278
1478.8000000000002,0.5175990906765651
1479.2,0.5756047554404934
1479.6000000000001,0.5324630078563946
1480.0,0.564144226054178
1480.4,0.5125977014249284
1480.8000000000002,0.573518830640255
1481.2,0.5723167976312857
1481.6000000000001,0.5615985510936723
1482.0,0.5614041835869261
1482.4,0.5167508283270696
1482.8000000000002,0.6029782727961162
1483.2,0.5891706146946751
1483.6000000000001,0.5525726523514319
1484.0,0.5400670186521387
1484.4,0.5512088147258644
1484.8000000000002,0.5572502221655635
1485.2,0.5766241303306253
1485.6000000000001,0.5146856197448696
1486.0,0.5435909506456553
1486.4,0.5552166257365987
1486.8000000000002,0.5640839302465225
1487.2,0.5788559544239551
1487.6000000000001,0.5378643632373139
1488.0,0.5725974337849496
1488.4,0.5723652412675452
1488.8000000000002,0.54841630951257
1489.2,0.5709049255450095
1489.6000000000001,0.49962308016931534
1490.0,0.5813061675954346
1490.4,0.5495362428303184
1490.8000000000002,0.5701507868518029
1491.2,0.5515715527418894
1491.6000000000001,0.5725164280453733
1492.0,0.5542133179419141
1492.4,0.5530797983811315
1492.8000000000002,0.5702811748757456
1493.2,0.5435717921756602
1493.6000000000001,0.56288144512181
1494.0,0.5644514067928991
1494.4,0.5376739457580898
1494.8000000000002,0.5642252908485031
1495.2,0.5629483167181196
1495.6000000000001,0.5702193451966752
1496.0,0.5006386389363051
1496.4,0.5501047462747031
1496.8000000000002,0.6051754800748804
1497.2,0.5252767085244578
1497.6000000000001,0.5489193169851715
1498.0,0.5356726407814557
1498.4,0.5420695223663947
1498.8000000000002,0.5707782317691992
1499.2,0.5694729463143401
1499.6000000000001,0.5750678546460164
1500.0,0.49924524217609983
1500.4,0.5523944275425566
1500.8000000000002,0.5772425085427664
1501.2,0.5646935757651271
1501.6000000000001,0.5959084199785342
1502.0,0.6068437434291594
1502.4,0.5347610858907517
1502.8000000000002,0.5725565641602263
1503.2,0.5645892161432462
1503.6000000000001,0.5513237048471826
1504.0,0.5294640149773833
1504.4,0.5724812963807805
1504.8000000000002,0.5727148588214702
1505.2,0.5525278882525209
1505.6000000000001,0.5939605795049604
1506.0,0.5553787590672971
1506.4,0.5646417036338979
1506.8000000000002,0.5658917724819486
1507.2,0.5613524607102813
1507.6000000000001,0.5530902212804336
1508.0,0.5522331032771592
1508.4,0.5642210992751497
1508.8000000000002,0.5539732261538491
1509.2,0.5826224410960138
1509.6000000000001,0.5092894164500745
1510.0,0.5417875641017356
1510.4,0.5687562905755952
1510.8000000000002,0.5256306343809267
1511.2,0.5357022781833498
1511.6000000000001,0.5763758332706613
1512.0,0.5520664676017748
1512.4,0.549513980776997
1512.8000000000002,0.5537444388293963
1513.2,0.5642812780784052
1513.6000000000001,0.537896977606756
1514.0,0.5681177705959702
1514.4,0.5419100037315067
1514.8000000000002,0.5581466595069802
1515.2,0.5225593242094781
1515.6000000000001,0.545255232725552
1516.0,0.5235911579670359
1516.4,0.5621718347202721
1516.8000000000002,0.5705022533226577
1517.2,0.5959834819535295
1517.6000000000001,0.5636401776784713
1518.0,0.5250124093826369
1518.4,0.5589687598555623
1518.8000000000002,0.5575837750434183
1519.2,0.5405577309195725
1519.6000000000001,0.5457660404557776
1520.0,0.5454174450467342
1520.4,0.5731342265228074
1520.8000000000002,0.5825610151745216
1521.2,0.5566387627223063
1521.6000000000001,0.5701911073800315
1522.0,0.5225600603056049
1522.4,0.5948267588117133
1522.8000000000002,0.527778489980728
1523.2,0.5360889431627551
1523.6000000000001,0.5853367857621555
1524.0,0.5380020349675803
1524.4,0.502369828905499
1524.8000000000002,0.5660553519448135
1525.2,0.5527381685738658
1525.6000000000001,0.5722834691249185
1526.0,0.567188866521421
1526.4,0.5454052410493536
1526.8000000000002,0.5508986169412387
1527.2,0.5502838279139818
1527.6000000000001,0.537870651322591
1528.0,0.558026529789274
1528.4,0.5020458547518112
1528.8000000000002,0.548952467701981
1529.2,0.5459402580342466
1529.6000000000001,0.5674771426164403
1530.0,0.5422707722767011
1530.4,0.5720294927720389
1530.8000000000002,0.5506039630982978
1531.2,0.5329231292562931
1531.6000000000001,0.5949829330008907
1532.0,0.5704466453866679
1532.4,0.5483433513704764
1532.8000000000002,0.5609779864716952
1533.2,0.5607516099366789
1533.6000000000001,0.5486975204254699
1534.0,0.5744508243577944
1534.4,0.5443809761465622
1534.8000000000002,0.5246880323615302
1535.2,0.5496926207602681
1535.6000000000001,0.5379802356507405
1536.0,0.5846241074170909
1536.4,0.5382131221357623
1536.8000000000002,0.5396141383520328
1537.2,0.5862748101450128
1537.6000000000001,0.5397807396181978
1538.0,0.5607381526116345
1538.4,0.5518309445252727
1538.8000000000002,0.5306499883669117
1539.2,0.5449106118911581
1539.6000000000001,0.5471634238720461
1540.0,0.5403450874310064
1540.4,0.547149342219964
1540.8000000000002,0.5327025970468566
1541.2,0.5608115648134843
1541.6000000000001,0.5448127415964473
1542.0,0.5432069804655292
1542.4,0.5439131064663025
1542.8000000000002,0.5602456755562542
1543.2,0.5729692099588866
1543.6000000000001,0.5608864357423266
1544.0,0.5496461708192709
1544.4,0.555884831449289
1544.8000000000002,0.5414754776884269
1545.2,0.5828386117587204
1545.6000000000001,0.5173932460722303
1546.0,0.5517644300454064
1546.4,0.5330772682581119
1546.8000000000002,0.5921356903690709
1547.2,0.5942261923498903
1547.6000000000001,0.5415249443259431
1548.0,0.5243657391064233
1548.4,0.5516030444767237
1548.8000000000002,0.555184244243971
1549.2,0.5594678861993443
1549.6000000000001,0.5619726291925226
1550.0,0.5711982666661649
1550.4,0.5471744031657014
1550.8000000000002,0.5385461965817371
1551.2,0.5476525124803461
1551.6000000000001,0.5414083103883116
1552.0,0.5454370154743245
1552.4,0.5586812288869185
1552.8000000000002,0.562627156268394
1553.2,0.5454846016211189
1553.6000000000001,0.5215484062247805
1554.0,0.553611707932612
1554.4,0.5621147419582245
1554.8000000000002,0.5468165750963162
1555.2,0.538348653558505
1555.6000000000001,0.5828630294764932
1556.0,0.5786301421729084
1556.4,0.5575404544115578
1556.8000000000002,0.5568905056483853
1557.2,0.558454990752288
1557.6000000000001,0.5603174802577878
1558.0,0.5694689468560427
1558.4,0.5656671573670108
1558.8000000000002,0.574480226448212
1559.2,0.5558064449497478
1559.6000000000001,0.5783699259140637
1560.0,0.5004895848605408
1560.4,0.5909804443521455
1560.8000000000002,0.5687214307875726
1561.2,0.5412599994961214
1561.6000000000001,0.5843464673040937
1562.0,0.5729443027911475
1562.4,0.5647456204035556
1562.8000000000002,0.5538427738375773
1563.2,0.5724967926918025
1563.6000000000001,0.5272174624763973
1564.0,0.5659458589484265
1564.4,0.5794194545095694
1564.8000000000002,0.5494677667768906
1565.2,0.5938523061392673
1565.6000000000001,0.5313893284703025
1566.0,0.5317529912426733
1566.4,0.5640246962213905
1566.8000000000002,0.5335743091636286
1567.2,0.6051714325072457
1567.6000000000001,0.5378138495930508
1568.0,0.5668774940619336
1568.4,0.551735229887623
1568.8000000000002,0.5493010488344158
1569.2,0.5199460669830024
1569.6000000000001,0.5525372771336294
1570.0,0.5767975069470659
1570.4,0.560748883579295
1570.8000000000002,0.5890278683214057
1571.2,0.5317558656969029
1571.6000000000001,0.5448540611704096
1572.0,0.5291535950539856
1572.4,0.5173815861457373
1572.8000000000002,0.5589826156913632
1573.2,0.5297877179328292
1573.6000000000001,0.5763263584633728
1574.0,0.5495804982525295
1574.4,0.5671549758493547
1574.8000000000002,0.5361091906010728
1575.2,0.6009030220820613
1575.6000000000001,0.5762165588714363
1576.0,0.5770527020451731
1576.4,0.5331629543075276
1576.8000000000002,0.5271895794406736
1577.2,0.5407595801053972
1577.6000000000001,0.5270759935021875
1578.0,0.5419416096523291
1578.4,0.5274047082005878
1578.8000000000002,0.5538579208752685
1579.2,0.5796469244078104
1579.6000000000001,0.5721637631494896
1580.0,0.5589534829094855
1580.4,0.5548505962585006
1580.8000000000002,0.565528931471025
1581.2,0.5557088454367856
1581.6000000000001,0.5811645497915212
1582.0,0.57510866849617
1582.4,0.5908845774367169
1582.8000000000002,0.5213145046549101
1583.2,0.5635969920010211
1583.6000000000001,0.5614499178679034
1584.0,0.5392721714367367
1584.4,0.5351319380513577
1584.8000000000002,0.5647659901121166
1585.2,0.5847117479741719
1585.6000000000001,0.6039518842596592
1586.0,0.558918198533163
1586.4,0.5521406382337601
1586.8000000000002,0.5581071707949049
1587.2,0.5225147557508478
1587.6000000000001,0.5692597121300702
1588.0,0.5555290786024947
1588.4,0.5541626055059072
1588.8000000000002,0.5431239872622536
1589.2,0.5995984944894073
1589.6000000000001,0.6021422899396546
1590.0,0.5856839582677019
1590.4,0.5698075486189987
1590.8000000000002,0.5756075116626634
1591.2,0.5789828285179297
1591.6000000000001,0.5958502519444001
1592.0,0.549732372173977
1592.4,0.5760828420745103
1592.8000000000002,0.579365959817419
1593.2,0.5612740793065223
1593.6000000000001,0.5525588754555545
1594.0,0.578162181564264
1594.4,0.5384511308229571
1594.8000000000002,0.563136470576867
1595.2,0.5463851482695866
1595.6000000000001,0.5690947365050495
1596.0,0.5702395632843252
1596.4,0.5803079000804661
1596.8000000000002,0.5637259632108235
1597.2,0.5581172746568286
1597.6000000000001,0.5301444415079168
1598.0,0.5513160960134609
1598.4,0.5830283717879088
1598.8000000000002,0.5529013776904895
1599.2,0.5826638375004879
1599.6000000000001,0.5862228378144668
1600.0,0.5373845248741759
1600.4,0.5671122844169998
1600.8000000000002,0.5846811663467328
1601.2,0.5467308892772227
1601.6000000000001,0.5760497523961517
1602.0,0.5747084443297628
1602.4,0.5513897241666164
1602.8000000000002,0.5637240315009135
1603.2,0.5494332303066755
1603.6000000000001,0.575761390117872
1604.0,0.5627362285648652
1604.4,0.5370172136404251
1604.8000000000002,0.593184985897832
1605.2,0.5602688348473509
1605.6000000000001,0.5240310584580897
1606.0,0.5549501648831434
1606.4,0.5925225081665572
1606.8000000000002,0.5612443289402433
1607.2,0.5328541648502164
1607.6000000000001,0.5426525924383457
1608.0,0.5442830548577325
1608.4,0.5567517980775663
1608.8000000000002,0.5451966741257904
1609.2,0.5446011391747037
1609.6000000000001,0.567761266537075
1610.0,0.5469791950547244
1610.4,0.5770993064322414
1610.8000000000002,0.516507471334157
1611.2,0.532620833916931
1611.6000000000001,0.5338532607613556
1612.0,0.5517221039722624
1612.4,0.5803496430077266
1612.8000000000002,0.5351096139511348
1613.2,0.5604697963757559
1613.6000000000001,0.5424448564534661
1614.0,0.506504267005041
1614.4,0.5406919868917371
1614.8000000000002,0.534766350250378
1615.2,0.5741299522479926
1615.6000000000001,0.5988742062857951
1616.0,0.5316864986146795
1616.4,0.5360908318769013
1616.8000000000002,0.5735047328819791
1617.2,0.5360090386146188
1617.6000000000001,0.5465425718395734
1618.0,0.5574485909322278
1618.4,0.5341614890618909
1618.8000000000002,0.5823090693919067
1619.2,0.5331790238228584
1619.6000000000001,0.5661257970311824
1620.0,0.5454145524985512
1620.4,0.5636604012718773
1620.8000000000002,0.5229812662321416
1621.2,0.5729475061371927
1621.6000000000001,0.5434765288006618
1622.0,0.5644685017836683
1622.4,0.5486703573377928
1622.8000000000002,0.5538098058754636
1623.2,0.5483272687976632
1623.6000000000001,0.5854179280101476
1624.0,0.5439577925967122
1624.4,0.5438608243885273
1624.8000000000002,0.5715633570848425
1625.2,0.5415410684862814
1625.6000000000001,0.5600662026206114
1626.0,0.5444010707178126
1626.4,0.5594677492587392
1626.8000000000002,0.5691018989465918
1627.2,0.5147653047368619
1627.6000000000001,0.5392135262261969
1628.0,0.5356177994156494
1628.4,0.5669041702112264
1628.8000000000002,0.5472623649041759
1629.2,0.5380429932346186
1629.6000000000001,0.5629851416031697
1630.0,0.5386090546366296
1630.4,0.577645458210169
1630.8000000000002,0.5447125466030865
1631.2,0.5668989540816869
1631.6000000000001,0.5561044437947182
1632.0,0.5246953436796008
1632.4,0.5044317104106163
1632.8000000000002,0.5639950053275351
1633.2,0.5420015260761121
1633.6000000000001,0.585769349640834
1634.0,0.5465388383009291
1634.4,0.5545560180945084
1634.8000000000002,0.5523055560324918
1635.2,0.5382503572452408
1635.6000000000001,0.5756913674283181
1636.0,0.5267716140925033
1636.4,0.5366069218437626
1636.8000000000002,0.5528843187720095
1637.2,0.5468738209912175
1637.6000000000001,0.5524770328786478
1638.0,0.5864988259586363
1638.4,0.5838344692045695
1638.8000000000002,0.5467238690888716
1639.2,0.5882811563890837
1639.6000000000001,0.6078056190941113
1640.0,0.5760400135760969
1640.4,0.5376969154900724
1640.8000000000002,0.576751215112974
1641.2,0.5760874236977721
1641.6000000000001,0.5211987015970988
1642.0,0.5511074677900965
1642.4,0.576486557787175
1642.8000000000002,0.5129021989374055
1643.2,0.5567962186287098
1643.6000000000001,0.5147203513492906
1644.0,0.519340725517769
1644.4,0.5807498423872347
1644.8000000000002,0.5482699193237706
1645.2,0.5239496279048235
1645.6000000000001,0.5591479671813158
1646.0,0.5768195153804163
1646.4,0.5403019569878698
1646.8000000000002,0.576626371093666
1647.2,0.5527334606431183
1647.6000000000001,0.5176312089282298
1648.0,0.5467443110496343
1648.4,0.5537497920859784
1648.8000000000002,0.48588738644825685
1649.2,0.5695612804575348
1649.6000000000001,0.5825631785087588
1650.0,0.5910250287210211
1650.4,0.5423785617846137
1650.8000000000002,0.5770311750340263
1651.2,0.5431148499203793
1651.6000000000001,0.5669410329094411
1652.0,0.5349824788849985
1652.4,0.5546772619640464
1652.8000000000002,0.5938763739180949
1653.2,0.5497225201927002
1653.6000000000001,0.5365461719932892
1654.0,0.5734267649278703
1654.4,0.5522756719924868
1654.8000000000002,0.5479788928151639
1655.2,0.5953865290785739
1655.6000000000001,0.568463619102803
1656.0,0.5406614533861142
1656.4,0.5262807052689943
1656.8000000000002,0.5728248813732373
1657.2,0.549600788729341
1657.6000000000001,0.519766105847981
1658.0,0.5920453542465954
1658.4,0.5419106361900689
1658.8000000000002,0.5404813709106129
1659.2,0.5167632101570114
1659.6000000000001,0.5599239808423334
1660.0,0.5976474459210784
1660.4,0.5685599730111224
1660.8000000000002,0.5571424320219022
1661.2,0.5634354730806579
1661.6000000000001,0.5945878857048321
1662.0,0.5224299366724607
1662.4,0.5522596085485111
1662.8000000000002,0.5535854875804337
1663.2,0.5969904339258693
1663.6000000000001,0.5609563648625694
1664.0,0.5720684015302787
1664.4,0.5235893660014256
1664.8000000000002,0.5234775321758323
1665.2,0.5368564924846999
1665.6000000000001,0.5414187111927813
1666.0,0.555796726225555
1666.4,0.5756901063496528
1666.8000000000002,0.5360813623010787
1667.2,0.527048780689
1667.6000000000001,0.5808527279736836
1668.0,0.5696477475591546
1668.4,0.5289550278485828
1668.8000000000002,0.5619320510407478
1669.2,0.5448916286782524
1669.6000000000001,0.5777103091013676
1670.0,0.5386893038784858
1670.4,0.5464255927934365
1670.8000000000002,0.5359274272010839
1671.2,0.5670275967277729
1671.6000000000001,0.5572116555533432
1672.0,0.570035276097065
1672.4,0.574574774048608
1672.8000000000002,0.558312940231202
1673.2,0.5534170375538544
1673.6000000000001,0.564862010330521
1674.0,0.5389947786309095
1674.4,0.5353791441952841
1674.8000000000002,0.5812124443404247
1675.2,0.5608739562732118
1675.6000000000001,0.5560800974414813
1676.0,0.584753172484912
1676.4,0.5426272521661912
1676.8000000000002,0.5916276409670315
1677.2,0.5977842590683544
1677.6000000000001,0.5380873297718071
1678.0,0.5519948001925511
1678.4,0.561900378967988
1678.8000000000002,0.5377228739294008
1679.2,0.5671274238020246
1679.6000000000001,0.5750389244575682
1680.0,0.6160427794377965
1680.4,0.535112045650062
1680.8000000000002,0.5681344209465861
1681.2,0.5961552347613368
1681.6000000000001,0.5338122124449276
1682.0,0.552991559629529
1682.4,0.5687328329244312
1682.8000000000002,0.5277847606117907
1683.2,0.5587985844798262
1683.6000000000001,0.5574113535568518
1684.0,0.5465600534255873
1684.4,0.5242805556822202
1684.8000000000002,0.5684702114880282
1685.2,0.5688145355944384
1685.6000000000001,0.5627004024070308
1686.0,0.5713546257137309
1686.4,0.5724390684712959
1686.8000000000002,0.572320919041878
1687.2,0.5516400990470777
1687.6000000000001,0.5480041682092349
1688.0,0.5621359916939639
1688.4,0.5587965791450892
1688.8000000000002,0.5792801816111733
1689.2,0.5604908402083832
1689.6000000000001,0.5788102996821257
1690.0,0.5666732113441567
1690.4,0.5457274146383698
1690.8000000000002,0.5628214116810969
1691.2,0.5436849766443501
1691.6000000000001,0.5578962195829296
1692.0,0.5538504988792124
1692.4,0.5500159913875758
1692.8000000000002,0.5357305543147648
1693.2,0.5381184558206814
1693.6000000000001,0.5443029284656492
1694.0,0.5431180381085013
1694.4,0.5795283597561994
1694.8000000000002,0.5568836275952095
1695.2,0.5616568254265591
1695.6000000000001,0.56946984642045
1696.0,0.5614947661998602
1696.4,0.5412087636831708
1696.8000000000002,0.551365723886784
1697.2,0.5926556227471669
1697.6000000000001,0.5519016121217903
1698.0,0.5488430259700748
1698.4,0.5869350953324239
1698.8000000000002,0.5576915259399627
1699.2,0.5480768459803873
1699.6000000000001,0.547480449833112
1700.0,0.5401278930661039
1700.4,0.5651437658506201
1700.8000000000002,0.5682225818325126
1701.2,0.5570774683990275
1701.6000000000001,0.5623350727649581
1702.0,0.5394619336211758
1702.4,0.5656447432479107
1702.8000000000002,0.5683615458334857
1703.2,0.6280516025287289
1703.6000000000001,0.5339515107637008
1704.0,0.5684495608138742
1704.4,0.562198554037111
1704.8000000000002,0.5578462839080377
1705.2,0.5330316723058828
1705.6000000000001,0.516409299931644
1706.0,0.5832953007932117
1706.4,0.5624677571895887
1706.8000000000002,0.5425519898867401
1707.2,0.5287524448556209
1707.6000000000001,0.5306091826399676
1708.0,0.549940677979215
1708.4,0.5502544454706613
1708.8000000000002,0.5592547447983781
1709.2,0.5481659524956619
1709.6000000000001,0.5601152378698204
1710.0,0.49079722692927297
1710.4,0.5708618463109913
1710.8000000000002,0.5225480123358137
1711.2,0.5507268314075691
1711.6000000000001,0.5841357699308951
1712.0,0.5635152809212162
1712.4,0.5311350528230642
1712.8000000000002,0.548604017271758
1713.2,0.5429042437085503
1713.6000000000001,0.589118544126468
1714.0,0.5788253978404707
1714.4,0.5893624915510638
1714.8000000000002,0.5312023930084021
1715.2,0.5336359815580669
1715.6000000000001,0.5464692224511135
1716.0,0.5549157420276729
1716.4,0.5738228774648798
1716.8000000000002,0.5503020383106347
1717.2,0.5739526363762025
1717.6000000000001,0.5741063576333113
1718.0,0.5485859544834089
1718.4,0.5919265554016725
1718.8000000000002,0.5517116557710816
1719.2,0.5835059584129828
1719.6000000000001,0.5523773426784764
1720.0,0.559369058666641
1720.4,0.5510364561975993
1720.8000000000002,0.558584947614677
1721.2,0.5411848343475331
1721.6000000000001,0.5574366474810111
1722.0,0.5432208392125724
1722.4,0.5558190407819831
1722.8000000000002,0.5269906908192187
1723.2,0.5766361178250335
1723.6000000000001,0.5309256020745595
1724.0,0.518061441842836
1724.4,0.5859391417895168
1724.8000000000002,0.5564847771609709
1725.2,0.5697033875213926
1725.6000000000001,0.5427501496610113
1726.0,0.5866337165521863
1726.4,0.5556668159104735
1726.8000000000002,0.5249434902647172
1727.2,0.5599690770983121
1727.6000000000001,0.5963648112756775
1728.0,0.5227657792878371
1728.4,0.5427775439478838
1728.8000000000002,0.539757279691123
1729.2,0.5303462136275565
1729.6000000000001,0.5280961315300793
1730.0,0.5618912036021603
1730.4,0.5528861990723697
1730.8000000000002,0.5250423273390556
1731.2,0.5918238169985146
1731.6000000000001,0.5323283851490928
1732.0,0.5776171270108372
1732.4,0.581324612699611
1732.8000000000002,0.5645625558032396
1733.2,0.5487221626271178
1733.6000000000001,0.574901293641238
1734.0,0.5471932593877811
1734.4,0.5665452921757803
1734.8000000000002,0.5865145914933848
1735.2,0.5103525582478889
1735.6000000000001,0.5615063191209562
1736.0,0.5844584911806552
1736.4,0.5986145356227023
1736.8000000000002,0.536148296299386
1737.2,0.5552384065013458
1737.6000000000001,0.5117977744255997
1738.0,0.542284984627281
1738.4,0.5605743758232282
1738.8000000000002,0.5427317104865502
1739.2,0.5396586478172732
1739.6000000000001,0.5731899382043949
1740.0,0.5442442480317596
1740.4,0.5233749085421332
1740.8000000000002,0.5703346210372461
1741.2,0.5274517199369998
1741.6000000000001,0.5594868614503297
1742.0,0.5518753259010776
1742.4,0.5467915398934644
1742.8000000000002,0.6129062020101724
1743.2,0.5826569007748345
1743.6000000000001,0.556570126325695
1744.0,0.5628138220242783
1744.4,0.5667092143166963
1744.8000000000002,0.5322926444552608
1745.2,0.5471942352535543
1745.6000000000001,0.5885645744220356
1746.0,0.5375638048399767
1746.4,0.5360177810324022
1746.8000000000002,0.5417879924742404
1747.2,0.6016574548066804
1747.6000000000001,0.540198545806674
1748.0,0.5959364582828455
1748.4,0.5811269426895104
1748.8000000000002,0.5581644024459419
1749.2,0.5600651515168672
1749.6000000000001,0.5354077351847578
1750.0,0.5516964599426838
1750.4,0.5563612635970252
1750.8000000000002,0.5705030329678106
1751.2,0.5491436029365958
1751.6000000000001,0.5424348186829734
1752.0,0.5934405904199054
1752.4,0.6040111708235706
1752.8000000000002,0.5048030639675765
1753.2,0.5648040353684233
1753.6000000000001,0.5706359654982609
1754.0,0.5655229647178962
1754.4,0.5772169757374702
1754.8000000000002,0.5652340946587225
1755.2,0.5628616497441981
1755.6000000000001,0.5537498768799365
1756.0,0.5482550582708244
1756.4,0.5703690131066583
1756.8000000000002,0.5727250719585575
1757.2,0.5835682777159439
1757.6000000000001,0.5641225578708802
1758.0,0.5459751746151742
1758.4,0.5402983830222118
1758.8000000000002,0.5434334667451882
1759.2,0.5518744003123247
1759.6000000000001,0.5462883395806768
1760.0,0.5509021099047156
1760.4,0.5577407084150314
1760.8000000000002,0.5654273126564185
1761.2,0.5560826455332903
1761.6000000000001,0.5512602440353735
1762.0,0.6003232851856374
1762.4,0.5292043503604691
1762.8000000000002,0.5821992386881893
1763.2,0.5523550766919101
1763.6000000000001,0.5483168029955231
1764.0,0.5560389710529212
1764.4,0.568177846994821
1764.8000000000002,0.5853052991644343
1765.2,0.5556622046893012
1765.6000000000001,0.5916332557813256
1766.0,0.5350913873931691
1766.4,0.5740450430686039
1766.8000000000002,0.5492659437182474
1767.2,0.5813995036020112
1767.6000000000001,0.5519394150048555
1768.0,0.5450182126227493
1768.4,0.5726728592992917
1768.8000000000002,0.5474029245616082
1769.2,0.5592240617909753
1769.6000000000001,0.5431982717687226
1770.0,0.5480504541750149
1770.4,0.5551478245643922
1770.8000000000002,0.5198683411283014
1771.2,0.5333567288284314
1771.6000000000001,0.5620235785501938
1772.0,0.5486770786831003
1772.4,0.5742862046929046
1772.8000000000002,0.5762107612141519
1773.2,0.5611755522679474
1773.6000000000001,0.5475803127159693
1774.0,0.6033516178679562
1774.4,0.5647409819122614
1774.8000000000002,0.5326760331977989
1775.2,0.5293448473765554
1775.6000000000001,0.560708008974589
1776.0,0.5524250572296315
1776.4,0.5591891698310157
1776.8000000000002,0.5476438195026284
1777.2,0.5638049821710891
1777.6000000000001,0.546167610638003
1778.0,0.5692113466544558
1778.4,0.5304251709239179
1778.8000000000002,0.5558824259342489
1779.2,0.5663241350004149
1779.6000000000001,0.5004472171099373
1780.0,0.5560312960000593
1780.4,0.5550991197853021
1780.8000000000002,0.570041157590359
1781.2,0.565502549409999
1781.6000000000001,0.5690065981785661
1782.0,0.5322367593834411
1782.4,0.5506112273547025
1782.8000000000002,0.5433379531135999
1783.2,0.5728125958683117
1783.6000000000001,0.5678314150522669
1784.0,0.5250490849806628
1784.4,0.5469992070100826
1784.8000000000002,0.5534059122005512
1785.2,0.516543946122996
1785.6000000000001,0.5592559000439074
1786.0,0.5452439427108331
1786.4,0.5353437393645584
1786.8000000000002,0.5516495124727367
1787.2,0.5622472573493842
1787.6000000000001,0.5132611031042191
1788.0,0.5514838301269736
1788.4,0.5513797500893252
1788.8000000000002,0.5891662137056074
1789.2,0.5470004457556801
1789.6000000000001,0.5501829368824804
1790.0,0.5983751108086859
1790.4,0.540030362717706
1790.8000000000002,0.5911250489053776
1791.2,0.5175228812551486
1791.6000000000001,0.5193783423943332
1792.0,0.5453381086058793
1792.4,0.525898703708207
1792.8000000000002,0.5611871631342203
1793.2,0.5598771214151853
1793.6000000000001,0.5651115979433385
1794.0,0.5671402598584167
1794.4,0.5994770410418441
1794.8000000000002,0.5459997749286475
1795.2,0.5527962141003704
1795.6000000000001,0.5409419900712614
1796.0,0.5522156469201632
1796.4,0.5688842477193345
1796.8000000000002,0.5838667102741566
1797.2,0.5499204144081413
1797.6000000000001,0.5508328477311213
1798.0,0.5529816733021011
1798.4,0.5616511391206955
1798.8000000000002,0.54616504141786
1799.2,0.5276691721882091
1799.6000000000001,0.5723420533031333
1800.0,0.5554527730516491
1800.4,0.5657370227088844
1800.8000000000002,0.5428449826491989
1801.2,0.544183270430538
1801.6000000000001,0.5353797190967762
1802.0,0.599877743727028
1802.4,0.5254063627618988
1802.8000000000002,0.5276599785530633
1803.2,0.5830747389240161
1803.6000000000001,0.5436380266108826
1804.0,0.5668003590025066
1804.4,0.554636188777251
1804.8000000000002,0.5259999123879405
1805.2,0.5382249536003123
1805.6000000000001,0.5793538157312363
1806.0,0.5240221719716679
1806.4,0.5415413200682946
1806.8000000000002,0.5866128652639482
1807.2,0.5301280704196372
1807.6000000000001,0.5377597973452554
1808.0,0.529057864057202
1808.4,0.5497363993184085
1808.8000000000002,0.552827205416861
1809.2,0.575302575931241
1809.6000000000001,0.5589870685702444
1810.0,0.5760401276474137
1810.4,0.5394962780352479
1810.8000000000002,0.5568513827097104
1811.2,0.560689672700612
1811.6000000000001,0.5475276551723157
1812.0,0.5833936870319231
1812.4,0.5392983530180865
1812.8000000000002,0.5288192550084656
1813.2,0.5633645945738269
1813.6000000000001,0.5687948604690657
1814.0,0.5754919063074493
1814.4,0.5457712279540142
1814.8000000000002,0.5441122925157654
1815.2,0.5380704397289107
1815.6000000000001,0.5119631144165432
1816.0,0.5629067133934431
1816.4,0.5828839938913335
1816.8000000000002,0.5392051160302243
1817.2,0.5590412582702957
1817.6000000000001,0.5694204610396085
1818.0,0.5355684770499969
1818.4,0.5431696507759805
1818.8000000000002,0.5635985425402581
1819.2,0.5339801668315691
1819.6000000000001,0.5758954970600438
1820.0,0.5460287122236953
1820.4,0.5863639371414269
1820.8000000000002,0.5670072633844017
1821.2,0.5588569334128504
1821.6000000000001,0.567201629701171
1822.0,0.5695879711536233
1822.4,0.5413923749399541
1822.8000000000002,0.5789150399675588
1823.2,0.5130925208385624
1823.6000000000001,0.5817948032665997
1824.0,0.5276276353470138
1824.4,0.5636660596561275
1824.8000000000002,0.5602284976120308
1825.2,0.5171102514600158
1825.6000000000001,0.5603210808722454
1826.0,0.6023723927420414
1826.4,0.5561733306407795
1826.8000000000002,0.5544204646146482
1827.2,0.5480367752661367
1827.6000000000001,0.5273002500133148
1828.0,0.584705128047505
1828.4,0.555539163733784
1828.8000000000002,0.532841035422747
1829.2,0.5498132579649465
1829.6000000000001,0.5531497999299915
1830.0,0.5825894473314278
1830.4,0.5743539877867939
1830.8000000000002,0.5491596160432688
1831.2,0.5696557676784216
1831.6000000000001,0.5592365061319589
1832.0,0.5752675439744644
1832.4,0.5446287068098106
1832.8000000000002,0.5479321615666186
1833.2,0.5427295071523061
1833.6000000000001,0.5811227864138643
1834.0,0.5139182261020963
1834.4,0.5129623455012133
1834.8000000000002,0.590510828207123
1835.2,0.6099502063104391
1835.6000000000001,0.5444119187508775
1836.0,0.5414898732282827
1836.4,0.5464435638057866
1836.8000000000002,0.5862650338841126
1837.2,0.5655122035671789
1837.6000000000001,0.5637527957148339
1838.0,0.5402049199111263
1838.4,0.5465800542146142
1838.8000000000002,0.5515870843714198
1839.2,0.5499962260628567
1839.6000000000001,0.5699946835992608
1840.0,0.5530565476045416
1840.4,0.5474736482969679
1840.8000000000002,0.5613211055777547
1841.2,0.546718267281135
1841.6000000000001,0.5498815827317345
1842.0,0.5513475185359462
1842.4,0.5732752877021668
1842.8000000000002,0.5267314719405474
1843.2,0.5317419772124441
1843.6000000000001,0.527471272548305
1844.0,0.5370338848809234
1844.4,0.5621926273515262
1844.8000000000002,0.5027640574439777
1845.2,0.5678361142663397
1845.6000000000001,0.5332947950659669
1846.0,0.5413277126061259
1846.4,0.5565369628918867
1846.8000000000002,0.597663355009165
1847.2,0.5219379193330308
1847.6000000000001,0.5623329974590231
1848.0,0.5526571889588284
1848.4,0.5419088534000256
1848.8000000000002,0.5560557007456421
1849.2,0.5678675814098969
1849.6000000000001,0.5601345370763479
1850.0,0.5382178002279434
1850.4,0.5623396501387592
1850.8000000000002,0.5104711943048016
1851.2,0.5444919878900358
1851.6000000000001,0.6013933572565112
1852.0,0.540045881583992
1852.4,0.5536032409777619
1852.8000000000002,0.5505936946884029
1853.2,0.5472018256148633
1853.6000000000001,0.5618497599474727
1854.0,0.5582855731850443
1854.4,0.5493391091086901
1854.8000000000002,0.5441115237949855
1855.2,0.5589371142496335
1855.6000000000001,0.5542034926613897
1856.0,0.5433903404641602
1856.4,0.56058163246295
1856.8000000000002,0.5261267577271075
1857.2,0.5622805768155701
1857.6000000000001,0.5165934864434163
1858.0,0.561074633680956
1858.4,0.5877344415007273
1858.8000000000002,0.5917555765349478
1859.2,0.5471378939957653
1859.6000000000001,0.5581934007007091
1860.0,0.5099002028823998
1860.4,0.5343783605782522
1860.8000000000002,0.5714843470986399
1861.2,0.5359018497411397
1861.6000000000001,0.5155338017840907
1862.0,0.5737803720581157
1862.4,0.5564763335110181
1862.8000000000002,0.5539888689208325
1863.2,0.5375443684660505
1863.6000000000001,0.5509729095522234
1864.0,0.5261281529602153
1864.4,0.5393912872379778
1864.8000000000002,0.5679222311382515
1865.2,0.5472953689398292
1865.6000000000001,0.5418903551840127
1866.0,0.5692292554114983
1866.4,0.5805576281737806
1866.8000000000002,0.5744257369972798
1867.2,0.5464249206441733
1867.6000000000001,0.550940047520533
1868.0,0.5497478515183385
1868.4,0.5586638659325581
1868.8000000000002,0.5498505964756741
1869.2,0.5186697751466641
1869.6000000000001,0.6126797833957811
1870.0,0.5535935975319214
1870.4,0.5602594971353871
1870.8000000000002,0.5743029052691769
1871.2,0.5350346245496478
1871.6000000000001,0.5595077208436321
1872.0,0.5653852921852222
1872.4,0.5228815463131927
1872.8000000000002,0.5628597783683388
1873.2,0.572687426979663
1873.6000000000001,0.574940623178974
1874.0,0.5615200841273668
1874.4,0.5638710350648147
1874.8000000000002,0.5534357897926357
1875.2,0.5390553538179017
1875.6000000000001,0.5761252264999391
1876.0,0.5564774554158413
1876.4,0.5755402405611615
1876.8000000000002,0.5900921521242262
1877.2,0.5144640484605879
1877.6000000000001,0.5445435649277828
1878.0,0.5379453848940742
1878.4,0.5348536054352329
1878.8000000000002,0.5613287826458176
1879.2,0.5416423102310548
1879.6000000000001,0.5638186207939868
1880.0,0.5551675587246724
1880.4,0.5706544251701886
1880.8000000000002,0.5550496799595307
1881.2,0.5976722369947697
1881.6000000000001,0.5552151465106522
1882.0,0.49678287473910393
1882.4,0.5633065748925172
1882.8000000000002,0.5819842720401156
1883.2,0.5332589902320631
1883.6000000000001,0.5694079791138786
1884.0,0.5308330648799493
1884.4,0.5454863834920731
1884.8000000000002,0.5774898150977715
1885.2,0.5339227704553142
1885.6000000000001,0.5522029190435398
1886.0,0.5797969615914341
1886.4,0.5747485085811972
1886.8000000000002,0.5598436838659601
1887.2,0.6087645423590249
1887.6000000000001,0.5390776686340752
1888.0,0.550025481077781
1888.4,0.5404816863854757
1888.8000000000002,0.5308221380102269
1889.2,0.5690001648574242
1889.6000000000001,0.5883948339269557
1890.0,0.5834139161181772
1890.4,0.5465829861072045
1890.8000000000002,0.5566456888579602
1891.2,0.5543965144720983
1891.6000000000001,0.5905473824244643
1892.0,0.5827061660588192
1892.4,0.5192756187758556
1892.8000000000002,0.5642400398090583
1893.2,0.5374031994883791
1893.6000000000001,0.5732669740179852
1894.0,0.5471410078033341
1894.4,0.5646641231042173
1894.8000000000002,0.5780812738020912
1895.2,0.5749145042293446
1895.6000000000001,0.4951487861986393
1896.0,0.5257538741989862
1896.4,0.5612498060426049
1896.8000000000002,0.5087140042381039
1897.2,0.5191672349909967
1897.6000000000001,0.5515502643690615
1898.0,0.5539671050789644
1898.4,0.524808452884923
1898.8000000000002,0.5538055309675022
1899.2,0.5522298632427192
1899.6000000000001,0.5227226570468333
1900.0,0.5501515882023054
1900.4,0.5613538642266656
1900.8000000000002,0.5655391679747985
1901.2,0.5789234048342015
1901.6000000000001,0.536394458182666
1902.0,0.5198546197002405
1902.4,0.5495233976764866
1902.8000000000002,0.5396684488573191
1903.2,0.5661391933613256
1903.6000000000001,0.5715790621215612
1904.0,0.5505343988717463
1904.4,0.5598022644730045
1904.8000000000002,0.560817364094374
1905.2,0.5997077756566184
1905.6000000000001,0.5523040995009022
1906.0,0.5106064644104368
1906.4,0.5804149820493316
1906.8000000000002,0.5594593630987027
1907.2,0.5490358312129926
1907.6000000000001,0.572698885698843
1908.0,0.5383057794415556
1908.4,0.5682525383414322
1908.8000000000002,0.5540333096785036
1909.2,0.5631370745717484
1909.6000000000001,0.5317902146302914
1910.0,0.540651037429419
1910.4,0.5550370114616886
1910.8000000000002,0.5468570129856616
1911.2,0.5424131895998765
1911.6000000000001,0.5559076454341934
1912.0,0.570954542667592
1912.4,0.5760167247407723
1912.8000000000002,0.547506655343861
1913.2,0.5667481693685719
1913.6000000000001,0.5541654101452349
1914.0,0.5729854466263287
1914.4,0.5896415556205614
1914.8000000000002,0.5816192318421418
1915.2,0.5823424545771017
1915.6000000000001,0.5420179309248315
1916.0,0.5611421243735619
1916.4,0.5531417288862757
1916.8000000000002,0.5745315101164955
1917.2,0.5633762807812588
1917.6000000000001,0.5507417957658393
1918.0,0.5310221100133393
1918.4,0.5453852826205042
1918.8000000000002,0.5590547329246844
1919.2,0.5463654187188537
1919.6000000000001,0.5561047162247642
1920.0,0.4946814898719262
1920.4,0.5346091594212786
1920.8000000000002,0.5659955428664649
1921.2,0.5512774942270696
1921.6000000000001,0.5550247685518848
1922.0,0.5555881855206475
1922.4,0.5994464768198081
1922.8000000000002,0.5682404859905581
1923.2,0.5554001006377037
1923.6000000000001,0.53842879351612
1924.0,0.545743219511867
1924.4,0.5812861671435321
1924.8000000000002,0.548042181476398
1925.2,0.5207760792872818
1925.6000000000001,0.5575274145982527
1926.0,0.5628691139754977
1926.4,0.552828205031824
1926.8000000000002,0.5430955903938739
1927.2,0.5292137671626604
1927.6000000000001,0.5537802485811766
1928.0,0.5809933801372466
1928.4,0.5638653440938787
1928.8000000000002,0.5906024100777528
1929.2,0.5291857767997634
1929.6000000000001,0.6000551188887101
1930.0,0.5518438356571184
1930.4,0.6099862862020595
1930.8000000000002,0.5387177613265436
1931.2,0.5468860171530816
1931.6000000000001,0.5422406306101695
1932.0,0.5584142681591459
1932.4,0.5774795573231408
1932.8000000000002,0.5604742523773738
1933.2,0.5422164696685792
1933.6000000000001,0.5294640007258092
1934.0,0.5159891607604128
1934.4,0.5454247142849937
1934.8000000000002,0.5754621195702923
1935.2,0.6002258172077249
1935.6000000000001,0.5545322924505449
1936.0,0.5299163223431276
1936.4,0.5368185094648739
1936.8000000000002,0.5339046419338425
1937.2,0.601040193801897
1937.6000000000001,0.5350500270719605
1938.0,0.5101500250524719
1938.4,0.5695637089597723
1938.8000000000002,0.5678157411397888
1939.2,0.571735209924115
1939.6000000000001,0.5785260296307257
1940.0,0.5948999817379892
1940.4,0.5904942724581256
1940.8000000000002,0.5529537822148667
1941.2,0.5477939103990436
1941.6000000000001,0.5492292366332031
1942.0,0.5576954762788982
1942.4,0.5664614045867183
1942.8000000000002,0.5593442121357849
1943.2,0.508489507545586
1943.6000000000001,0.5388563322054875
1944.0,0.5688092793038987
1944.4,0.5343645040716847
1944.8000000000002,0.5701567661525163
1945.2,0.5760585367399461
1945.6000000000001,0.5017583513106088
1946.0,0.577544370373284
1946.4,0.5280485768972419
1946.8000000000002,0.5456155683524796
1947.2,0.5748909204861807
1947.6000000000001,0.5752058221716995
1948.0,0.5710102562427137
1948.4,0.5604089669987954
1948.8000000000002,0.542888807189164
1949.2,0.534853509276854
1949.6000000000001,0.524464730875174
1950.0,0.5247295221929456
1950.4,0.5727668788693577
1950.8000000000002,0.5314550783798201
1951.2,0.5614134177299613
1951.6000000000001,0.555287927062931
1952.0,0.5431346004720994
1952.4,0.5283380940122722
1952.8000000000002,0.5602087653389293
1953.2,0.5982706398006317
1953.6000000000001,0.5691134634673373
1954.0,0.5489966254715588
1954.4,0.5729021125144723
1954.8000000000002,0.5463420029452604
1955.2,0.5716349003909418
1955.6000000000001,0.552939805090363
1956.0,0.5299656331148288
1956.4,0.5637073434668315
1956.8000000000002,0.5410905948263788
1957.2,0.5799552073237084
1957.6000000000001,0.5109346609493057
1958.0,0.5571636183953845
1958.4,0.6003766188486951
1958.8000000000002,0.5711323216112691
1959.2,0.5957376449164736
1959.6000000000001,0.5307633573798808
1960.0,0.5530337654283591
1960.4,0.5654014292308523
1960.8000000000002,0.5687798743353054
1961.2,0.5370738763335416
1961.6000000000001,0.5702789160429469
1962.0,0.5197035719773124
1962.4,0.5512354740356106
1962.8000000000002,0.573399770306058
1963.2,0.5489348894422481
1963.6000000000001,0.5453057204235163
1964.0,0.5376044048655285
1964.4,0.5788498082639765
1964.8000000000002,0.53254019740237
1965.2,0.5454157897621758
1965.6000000000001,0.5696125822771544
1966.0,0.5374838789782314
1966.4,0.5765319419657453
1966.8000000000002,0.5729117145015863
1967.2,0.545986437019599
1967.6000000000001,0.5309207714926288
1968.0,0.5547473178830331
1968.4,0.5463490658002657
1968.8000000000002,0.5767583626161745
1969.2,0.5699735246014624
1969.6000000000001,0.5803182419627112
1970.0,0.5769285089997918
1970.4,0.5395074274831816
1970.8000000000002,0.5699444967312274
1971.2,0.5979289813932237
1971.6000000000001,0.5610306307979475
1972.0,0.5505178199126143
1972.4,0.5383690448679186
1972.8000000000002,0.5095844314914314
1973.2,0.5579576135260947
1973.6000000000001,0.5582759973500407
1974.0,0.5348939456758558
1974.4,0.5576983185553508
1974.8000000000002,0.5600159089900153
1975.2,0.5650897027722656
1975.6000000000001,0.5545749467491737
1976.0,0.5776899174382059
1976.4,0.5804023831768667
1976.8000000000002,0.5694699816120906
1977.2,0.5211353460884945
1977.6000000000001,0.5907653693095252
1978.0,0.5368162126023149
1978.4,0.5410299830089594
1978.8000000000002,0.5554081548434893
1979.2,0.5780124399953694
1979.6000000000001,0.5674111385501781
1980.0,0.543589285831386
1980.4,0.5103739189836106
1980.8000000000002,0.5267747435375685
1981.2,0.5542241017193577
1981.6000000000001,0.5188795671853594
1982.0,0.5288890312532258
1982.4,0.542864769504555
1982.8000000000002,0.5333303180010497
1983.2,0.5716260226635982
1983.6000000000001,0.5754505272256176
1984.0,0.5425886553035907
1984.4,0.5519284821801873
1984.8000000000002,0.5957155296117931
1985.2,0.5791321066946173
1985.6000000000001,0.5546940476305745
1986.0,0.5634202937228012
1986.4,0.570179162331753
1986.8000000000002,0.5528678078196586
1987.2,0.5648050181100337
1987.6000000000001,0.5430422094048402
1988.0,0.560737688682877
1988.4,0.541244428802185
1988.8000000000002,0.5110296430268721
1989.2,0.5359471289276886
1989.6000000000001,0.5343426863100755
1990.0,0.5647356249664853
1990.4,0.5626843968939185
1990.8000000000002,0.5352834568481448
1991.2,0.5717628462267303
1991.6000000000001,0.512735675253336
1992.0,0.5665861840191099
1992.4,0.5660103438706209
1992.8000000000002,0.5197907111239116
1993.2,0.5649853370557532
1993.6000000000001,0.5361155048700951
1994.0,0.5562796547227443
1994.4,0.5304684962755074
1994.8000000000002,0.5727163618357141
1995.2,0.5469368233446849
1995.6000000000001,0.5545238504302732
1996.0,0.582341716260564
1996.4,0.5773988327893104
1996.8000000000002,0.5399346730475023
1997.2,0.5546734093870413
1997.6000000000001,0.558269395011852
1998.0,0.5175506045733064
1998.4,0.5729568165638834
1998.8000000000002,0.5553437331091751
1999.2,0.5316687732966051
1999.6000000000001,0.541499893696662
2000.0,3335.38814435532
2000.4,0.5355929072470259
2000.8000000000002,0.5248557113839553
2001.2,0.5457399432136802
2001.6000000000001,0.5390455736750626
2002.0,0.539917027355255
2002.4,0.5669858903646581
2002.8000000000002,0.5469442549158638
2003.2,0.5505952470767611
2003.6000000000001,0.5506183932411037
2004.0,0.5625470878368908
2004.4,0.5477133560796663
2004.8000000000002,0.5157110451854691
2005.2,0.5790891744367841
2005.6000000000001,0.5823014729204463
2006.0,0.5676344628096504
2006.4,0.5981360527870411
2006.8000000000002,0.559782407535158
2007.2,0.5316698904478205
2007.6000000000001,0.6028203194031382
2008.0,0.5653774865399088
2008.4,0.5315888162230127
2008.8000000000002,0.5570582641557378
2009.2,0.593717660304175
2009.6000000000001,0.5663210507080574
2010.0,0.5420593943223468
2010.4,0.5154951145459024
2010.8000000000002,0.5636658535205306
2011.2,0.5223294279264897
2011.6000000000001,0.5716171907388404
2012.0,0.5402947613482404
2012.4,0.5657649489128243
2012.8000000000002,0.5791492563472846
2013.2,0.5577827642481183
2013.6000000000001,0.5461641012871162
2014.0,0.5521782654583737
2014.4,0.5435242500493653
2014.8000000000002,0.5443690758520132
2015.2,0.5546789427727973
2015.6000000000001,0.5049129794662203
2016.0,0.5454641882887805
2016.4,0.5368939356433362
2016.8000000000002,0.5647239090325296
2017.2,0.5614508273447014
2017.6000000000001,0.5501207509763676
2018.0,0.5466731578609703
2018.4,0.5477661808418105
2018.8000000000002,0.5583953378693824
2019.2,0.5621846839591149
2019.6000000000001,0.5793840070170235
2020.0,0.5542952742581578
2020.4,0.551215910304431
2020.8000000000002,0.5644890474950879
2021.2,0.5315208884551049
2021.6000000000001,0.5368868019504845
2022.0,0.5761654777513073
2022.4,0.5656298723705064
2022.8000000000002,0.531426555427811
2023.2,0.5489672746671266
2023.6000000000001,0.5740776547418284
2024.0,0.5497775104478785
2024.4,0.5766217618578539
2024.8000000000002,0.5751171347112553
2025.2,0.5662880671596539
2025.6000000000001,0.5603157175318068
2026.0,0.5466015711258142
2026.4,0.5416542591359418
2026.8000000000002,0.5779841940345646
2027.2,0.5644514615614276
2027.6000000000001,0.5922874641164283
2028.0,0.5124998142676777
2028.4,0.5639665035380065
2028.8000000000002,0.5564060535051424
2029.2,0.5546655880525516
2029.6000000000001,0.5303737414418086
2030.0,0.5177198976403254
2030.4,0.5580688701222895
2030.8000000000002,0.5821582592025333
2031.2,0.569502991744013
2031.6000000000001,0.542200271418197
2032.0,0.5694483692190248
2032.4,0.545756707836436
2032.8000000000002,0.5655565672548838
2033.2,0.5462070830190994
2033.6000000000001,0.5724701326563342
2034.0,0.5491730144402704
2034.4,0.5350015329046162
2034.8000000000002,0.5908887108277429
2035.2,0.5403731299339255
2035.6000000000001,0.5844652414941269
2036.0,0.5476093207791498
2036.4,0.5754923985762014
2036.8000000000002,0.5643438405281732
2037.2,0.5547095139539953
2037.6000000000001,0.5107154242575518
2038.0,0.5488683193985031
2038.4,0.5433835300912206
2038.8000000000002,0.5550584895702813
2039.2,0.5631481414062847
2039.6000000000001,0.5604934092556499
2040.0,0.5686211943777904
2040.4,0.5842508503597785
2040.8000000000002,0.541425138038794
2041.2,0.5397374752202685
2041.6000000000001,0.5570456267496642
2042.0,0.575014005373554
2042.4,0.5420913549918953
2042.8000000000002,0.5410669573313013
2043.2,0.5607506578456531
2043.6000000000001,0.5546506886922566
2044.0,0.552756123960148
2044.4,0.5795744180528346
2044.8000000000002,0.5889776241432885
2045.2,0.5461578928134835
2045.6000000000001,0.5668016784333476
2046.0,0.5471510484529283
2046.4,0.56162709124433
2046.8000000000002,0.5826756349353263
2047.2,0.5712837722248169
2047.6000000000001,0.5647281051990531
2048.0,0.5557077818197798
2048.4,0.5291590899721421
2048.8,0.518965530053636
2049.2000000000003,0.5566751971957464
2049.6,0.5849813998581788
2050.0,0.5625333442761996
2050.4,0.5638445754614958
2050.8,0.5581436553664844
2051.2000000000003,0.5399876322188196
2051.6,0.5229383242484159
2052.0,0.5563479669787249
2052.4,0.5433069219958924
2052.8,0.5688631877807668
2053.2000000000003,0.5474375238742742
2053.6,0.5670031587195905
2054.0,0.5864525822005597
2054.4,0.5235696534566101
2054.8,0.5388951387711435
2055.2000000000003,0.5572669478626807
2055.6,0.5202443781395836
2056.0,0.554137054800739
2056.4,0.551040831002556
2056.8,0.5564904514167283
2057.2000000000003,0.5637475166397535
2057.6,0.5642351604773072
2058.0,0.5614666215482909
2058.4,0.550591587321811
2058.8,0.5459021974406376
2059.2000000000003,0.5493855711531503
2059.6,0.5817508572990991
2060.0,0.548842436902909
2060.4,0.5750038895744929
2060.8,0.5657808472289544
2061.2000000000003,0.5320181345749536
2061.6,0.5664027413396866
2062.0,0.5427953053247553
2062.4,0.5435213429861182
2062.8,0.5393065397214919
2063.2000000000003,0.5711346544272445
2063.6,0.5343894428115751
2064.0,0.5478980365840874
2064.4,0.5653826413609351
2064.8,0.5272163543551598
2065.2000000000003,0.5594949316344263
2065.6,0.5464127560739179
2066.0,0.5548043250695238
2066.4,0.5703391701940328
2066.8,0.5585269361780819
2067.2000000000003,0.5374259611418442
2067.6,0.5815322756120773
2068.0,0.541718883669374
2068.4,0.5911706942225325
2068.8,0.5359608524759709
2069.2000000000003,0.5697281775459536
2069.6,0.5384107100505828
2070.0,0.5725695565759269
2070.4,0.5582292901550597
2070.8,0.5478498682319204
2071.2000000000003,0.5608705479434498
2071.6,0.6099270268486504
2072.0,0.5274227545441953
2072.4,0.5709775493614817
2072.8,0.527143869633728
2073.2000000000003,0.5556671202701016
2073.6,0.5518611529007161
2074.0,0.542703948080986
2074.4,0.5303703585264755
2074.8,0.5356610699077076
2075.2000000000003,0.572373486166234
2075.6,0.5558575760068658
2076.0,0.5407444198250103
2076.4,0.5298781205208584
2076.8,0.5855197667291444
2077.2000000000003,0.5567494976930168
2077.6,0.530001256049061
2078.0,0.5507614002908622
2078.4,0.5434891076128426
2078.8,0.5558111913626118
2079.2000000000003,0.5516805156153568
2079.6,0.5085673819979888
2080.0,0.5633432360242354
2080.4,0.5175915114402689
2080.8,0.4924782995263514
2081.2000000000003,0.5452116552932083
2081.6,0.5307829502478637
2082.0,0.5643303086837183
2082.4,0.534349537680702
2082.8,0.5812898718480859
2083.2000000000003,0.5416288358773383
2083.6,0.5341291575954352
2084.0,0.5630114777936316
2084.4,0.5662214544285644
2084.8,0.561770552082026
2085.2000000000003,0.5456979252573367
2085.6,0.5480424904258095
2086.0,0.511733734700943
2086.4,0.5726287310265855
2086.8,0.5685232316724593
2087.2000000000003,0.5507353200143951
2087.6,0.5760968304750292
2088.0,0.5580267818478799
2088.4,0.5404454965768098
2088.8,0.5530597145933368
2089.2000000000003,0.5526929309139278
2089.6,0.56739169921857
2090.0,0.557867875660673
2090.4,0.5275775796043813
2090.8,0.52476328677813
2091.2000000000003,0.5181207994702808
2091.6,0.5279808850468809
2092.0,0.568464379671173
2092.4,0.5643289552356172
2092.8,0.5598634688629547
2093.2000000000003,0.553787867005394
2093.6,0.5719188092029183
2094.0,0.5962430441133915
2094.4,0.5897598275055775
2094.8,0.5146069084961871
2095.2000000000003,0.5399422450499703
2095.6,0.5514494323760211
2096.0,0.5570118925267045
2096.4,0.5309069937041276
2096.8,0.559257651290487
2097.2000000000003,0.5297957700416066
2097.6,0.5243662679680515
2098.0,0.6018410599237197
2098.4,0.5354354892566011
2098.8,0.5351989737335507
2099.2000000000003,0.5604821938470338
2099.6,0.5407586822884304
2100.0,0.5504013171271342
2100.4,0.5751124605850023
2100.8,0.521875219278435
2101.2000000000003,0.5804118976859494
2101.6,0.5188391385670983
2102.0,0.5463533040544085
2102.4,0.5522198648778996
2102.8,0.5668075386675736
2103.2000000000003,0.5662667683743504
2103.6,0.5815250760737587
2104.0,0.5663058482054223
2104.4,0.5340879903059138
2104.8,0.5845181990739117
2105.2000000000003,0.5696437602600194
2105.6,0.5551242432388901
2106.0,0.5863492677745212
2106.4,0.5352582987403267
2106.8,0.5726038583738337
2107.2000000000003,0.5439807069837213
2107.6,0.5494204745718055
2108.0,0.5618342577966765
2108.4,0.5600717714323357
2108.8,0.545260584312971
2109.2000000000003,0.5387969456411906
2109.6,0.5665025676935797
2110.0,0.5334594801891865
2110.4,0.5633977456527185
2110.8,0.566840793503823
2111.2000000000003,0.5579525491697784
2111.6,0.5724380409995466
2112.0,0.5483502248866188
2112.4,0.5850896315844005
2112.8,0.5648159974348897
2113.2000000000003,0.5940514479979806
2113.6,0.5515563698728764
2114.0,0.5623302343805505
2114.4,0.5206068033083384
2114.8,0.5810633655677162
2115.2000000000003,0.5832585501125042
2115.6,0.5698767531269804
2116.0,0.5587021050885527
2116.4,0.5498856349430057
2116.8,0.5137756542111369
2117.2000000000003,0.5525396647034809
2117.6,0.5895067806324517
2118.0,0.5383727470810034
2118.4,0.5352552840249853
2118.8,0.5120514481303942
2119.2000000000003,0.5461811256697543
2119.6,0.5682845434284356
2120.0,0.5994616257093998
2120.4,0.5970962979608643
2120.8,0.561362413666137
2121.2000000000003,0.5354657377199592
2121.6,0.5411285076870597
2122.0,0.549602761135048
2122.4,0.5566221840649858
2122.8,0.5472738229726565
2123.2000000000003,0.5567984708819236
2123.6,0.5547744108822671
2124.0,0.5708774218639453
2124.4,0.591457963993849
2124.8,0.5831204467173078
2125.2000000000003,0.551774602214247
2125.6,0.5440291006795017
2126.0,0.5892315729930916
2126.4,0.5343551860287181
2126.8,0.5496961607247163
2127.2000000000003,0.5333807405339909
2127.6,0.563647178025071
2128.0,0.5145149079045966
2128.4,0.5560338553172371
2128.8,0.5362860422951973
2129.2000000000003,0.5315137831328385
2129.6,0.5191987324534202
2130.0,0.5771143653524969
2130.4,0.5884219023316567
2130.8,0.5377036173379209
2131.2000000000003,0.5614797858950147
2131.6,0.5368796034787124
2132.0,0.5774256670198104
2132.4,0.5981990638697225
2132.8,0.5723695559750617
2133.2000000000003,0.5425758874196832
2133.6,0.5681117440226013
2134.0,0.5631616249397278
2134.4,0.5516125943935063
2134.8,0.573973873885236
2135.2000000000003,0.49990810692317267
2135.6,0.559385888189079
2136.0,0.5538069762024096
2136.4,0.5740055381150849
2136.8,0.5591288843579384
2137.2000000000003,0.5358006291594573
2137.6,0.5628568847212887
2138.0,0.555598202723564
2138.4,0.5714537687048432
2138.8,0.5652415164975972
2139.2000000000003,0.5349768335423729
2139.6,0.5413379780601714
2140.0,0.5460972726679388
2140.4,0.5607969445319341
2140.8,0.520395913546865
2141.2000000000003,0.5495040348301404
2141.6,0.5526514159953917
2142.0,0.5071455979166052
2142.4,0.5475498286847958
2142.8,0.529544895265221
2143.2000000000003,0.5703411282698088
2143.6,0.574006892244042
2144.0,0.5242249288100106
2144.4,0.5895395787713492
2144.8,0.5583514164337069
2145.2000000000003,0.5695978896089369
2145.6,0.5608323687328892
2146.0,0.5212110652212727
2146.4,0.5647381048945083
2146.8,0.534268286786095
2147.2000000000003,0.5613733605123857
2147.6,0.5118960987857042
2148.0,0.5715916261557362
2148.4,0.5404352307811315
2148.8,0.5681766425588813
2149.2000000000003,0.5643385730613041
2149.6,0.5282974158704348
2150.0,0.5580874262528821
2150.4,0.5675460950802849
2150.8,0.6141909323077638
2151.2000000000003,0.5741094297826587
2151.6,0.5530125331044795
2152.0,0.5328232117630406
2152.4,0.5211652029631433
2152.8,0.5380643933708675
2153.2000000000003,0.5799171981785431
2153.6,0.5485993289536788
2154.0,0.5704563480168436
2154.4,0.538982292786775
2154.8,0.4942698301751042
2155.2000000000003,0.5532174381170913
2155.6,0.5465822688467864
2156.0,0.5383171259734991
2156.4,0.5475785303402386
2156.8,0.5509003020083729
2157.2000000000003,0.511738964524514
2157.6,0.5621631594626461
2158.0,0.5508867725699333
2158.4,0.580819359946793
2158.8,0.568610317813992
2159.2000000000003,0.5208054409255192
2159.6,0.5523228436360246
2160.0,0.562988695124475
2160.4,0.5782910692892208
2160.8,0.5350812149280029
2161.2000000000003,0.5520000276573613
2161.6,0.5836204546647705
2162.0,0.524678769617943
2162.4,0.5771994752493591
2162.8,0.5541206429626296
2163.2000000000003,0.55114218200934
2163.6,0.5399539793331636
2164.0,0.5679145691281939
2164.4,0.5462481302061176
2164.8,0.5666288187262549
2165.2000000000003,0.5058014046588465
2165.6,0.5629520335174278
2166.0,0.5699527943732624
2166.4,0.5288904453189761
2166.8,0.5468817774534502
2167.2000000000003,0.5621566407936088
2167.6,0.5219513686011891
2168.0,0.5646440186409217
2168.4,0.5657190258830808
2168.8,0.5278697072778674
2169.2000000000003,0.5263329346884705
2169.6,0.5461814341521414
2170.0,0.5770533159302554
2170.4,0.5361939307362092
2170.8,0.5405313845080814
2171.2000000000003,0.5490882684493402
2171.6,0.5324313239642233
2172.0,0.5336269733654903
2172.4,0.5285185645032532
2172.8,0.5569985060701489
2173.2000000000003,0.5480227341659375
2173.6,0.5795869579097904
2174.0,0.53104444794381
2174.4,0.5744858358704737
2174.8,0.5459972879053681
2175.2000000000003,0.577928120514359
2175.6,0.506722818250058
2176.0,0.5454764560588051
2176.4,0.5439343437812033
2176.8,0.5370055313752721
2177.2000000000003,0.5767745190916218
2177.6,0.5617994933698912
2178.0,0.5183174587134592
2178.4,0.5435307322679429
2178.8,0.5374790758034714
2179.2000000000003,0.552032860775838
2179.6,0.549464709369695
2180.0,0.5271390946631077
2180.4,0.5329607648677535
2180.8,0.5760512269915022
2181.2000000000003,0.5373911431664904
2181.6,0.5341503660821533
2182.0,0.5541810795372326
2182.4,0.5287787689005254
2182.8,0.5850043725352075
2183.2000000000003,0.5690533275319934
2183.6,0.511520261161567
2184.0,0.5619265404670545
2184.4,0.560368402620456
2184.8,0.5348249077867543
2185.2000000000003,0.5390649085760177
2185.6,0.5606304935318408
2186.0,0.529565934484532
2186.4,0.5684157766045134
2186.8,0.5754529453380004
2187.2000000000003,0.5220337465021613
2187.6,0.5566447194535143
2188.0,0.5487925646569584
2188.4,0.5762485992199411
2188.8,0.5909130486899381
2189.2000000000003,0.5404469204027057
2189.6,0.5674020856084842
2190.0,0.542326986554482
2190.4,0.5583323646621696
2190.8,0.5657067445574033
2191.2000000000003,0.530848454378892
2191.6,0.5551987341443788
2192.0,0.5641653762822761
2192.4,0.550882427375694
2192.8,0.5727628858644908
2193.2000000000003,0.5480978405849338
2193.6,0.5499094625996878
2194.0,0.5374275521447669
2194.4,0.5792549745063001
2194.8,0.5777180455712441
2195.2000000000003,0.5361416360979248
2195.6,0.5609141591357214
2196.0,0.5728845308972806
2196.4,0.5256357668262513
2196.8,0.52429812114647
2197.2000000000003,0.5237990411864925
2197.6,0.5305658369487898
2198.0,0.5359446900880863
2198.4,0.5083041452688302
2198.8,0.5042957399805026
2199.2000000000003,0.5334027148758104
2199.6,0.5559855439296079
2200.0,0.5399492344758337
2200.4,0.5291104849833378
2200.8,0.5516015318792309
2201.2000000000003,0.5504189003908547
2201.6,0.5678943070630335
2202.0,0.6001038713949849
2202.4,0.5434736619375906
2202.8,0.5381993880555591
2203.2000000000003,0.5621185463855487
2203.6,0.5499128567132463
2204.0,0.5461847500545988
2204.4,0.5464544299099782
2204.8,0.5664417363630116
2205.2000000000003,0.5454747379536097
2205.6,0.5474558246121553
2206.0,0.5770600658377917
2206.4,0.5789694541885445
2206.8,0.5762836392221736
2207.2000000000003,0.5835090106141053
2207.6,0.5072146681526192
2208.0,0.5426849429488478
2208.4,0.5494835846043438
2208.8,0.5505683398478053
2209.2000000000003,0.5533245954230974
2209.6,0.5364754448880646
2210.0,0.5419910841207989
2210.4,0.5633514692467588
2210.8,0.5472175864472764
2211.2000000000003,0.5264097728536814
2211.6,0.5557004721049148
2212.0,0.5555958335914827
2212.4,0.5380984860059985
2212.8,0.5622016091589092
2213.2000000000003,0.540070112158208
2213.6,0.5644261996858566
2214.0,0.563211842447262
2214.4,0.5381730395086667
2214.8,0.562631704603187
2215.2000000000003,0.5692316008970758
2215.6,0.5254168806655432
2216.0,0.5459588222731966
2216.4,0.552770985915365
2216.8,0.5428185476483941
2217.2000000000003,0.5422214210075066
2217.6,0.5830095576041422
2218.0,0.5509728766726952
2218.4,0.5598612461206686
2218.8,0.5241402599691182
2219.2000000000003,0.5721557903036856
2219.6,0.5644646191123734
2220.0,0.5230042721392059
2220.4,0.5287000713460976
2220.8,0.529635278322709
2221.2000000000003,0.5509762594186445
2221.6,0.5406233256518714
2222.0,0.5606282505834868
2222.4,0.5496175234792435
2222.8,0.5790889966608779
2223.2000000000003,0.516896390615158
2223.6,0.5437903500292941
2224.0,0.5066086145530538
2224.4,0.5497855737196041
2224.8,0.5164186290587734
2225.2000000000003,0.5316268915054086
2225.6,0.560675288362494
2226.0,0.5717835835793643
2226.4,0.5539038675815606
2226.8,0.5311358761771042
2227.2000000000003,0.5550525692111012
2227.6,0.5675249090786111
2228.0,0.5493931996935448
2228.4,0.5244367419880016
2228.8,0.5844222219493673
2229.2000000000003,0.5391119310144935
2229.6,0.5534054337116218
2230.0,0.539346833295576
2230.4,0.5634625546472682
2230.8,0.5971832682085597
2231.2000000000003,0.5513166846525561
2231.6,0.5644756958288447
2232.0,0.5612506731951256
2232.4,0.5524326187554686
2232.8,0.5364923433696994
2233.2000000000003,0.5542340626122405
2233.6,0.5396359194671784
2234.0,0.5455393903140314
2234.4,0.5765145292237458
2234.8,0.5844860124647657
2235.2000000000003,0.5559074290728597
2235.6,0.5639259930617516
2236.0,0.5502149916840955
2236.4,0.5648144264997625
2236.8,0.5573475246656955
2237.2000000000003,0.5373883326043005
2237.6,0.5509793220073956
2238.0,0.5727198646824027
2238.4,0.5334024381719733
2238.8,0.5613251898319671
2239.2000000000003,0.5590570683096827
2239.6,0.5293122392901464
2240.0,0.5129179058665536
2240.4,0.5626781256551251
2240.8,0.5542579896478893
2241.2000000000003,0.5488059603866358
2241.6,0.560286639728583
2242.0,0.5647270933471588
2242.4,0.5543314450165898
2242.8,0.5373294380515742
2243.2000000000003,0.5134513005116277
2243.6,0.507016657209792
2244.0,0.5475836264456593
2244.4,0.5558233058589386
2244.8,0.5613255243606176
2245.2000000000003,0.5444397393732944
2245.6,0.5467841838564667
2246.0,0.5522860509501463
2246.4,0.536771483806853
2246.8,0.5234108418594072
2247.2000000000003,0.5409479830428898
2247.6,0.5454776768232197
2248.0,0.579409055150935
2248.4,0.5155936122628063
2248.8,0.5307706187316735
2249.2000000000003,0.5441430405498575
2249.6,0.5382008640026643
2250.0,0.5500554189650221
2250.4,0.553594866672857
2250.8,0.5513243808196077
2251.2000000000003,0.5564901080211081
2251.6,0.5309050347560178
2252.0,0.5320517032517154
2252.4,0.5233691335104367
2252.8,0.5463209388250674
2253.2000000000003,0.5717553848182527
2253.6,0.5375685580854581
2254.0,0.5209487944599228
2254.4,0.5492912178612734
2254.8,0.5466305649399549
2255.2000000000003,0.5278626730214956
2255.6,0.589454491228003
2256.0,0.5694029169675239
2256.4,0.5524440817734463
2256.8,0.5539934424209808
2257.2000000000003,0.5558493858946107
2257.6,0.5051467396165266
2258.0,0.5143592494983046
2258.4,0.559491330103086
2258.8,0.5963847797227795
2259.2000000000003,0.5595337349410249
2259.6,0.562927284627451
2260.0,0.5348772305703701
2260.4,0.5620587193525931
2260.8,0.5379281599729305
2261.2000000000003,0.5769458899091391
2261.6,0.5494129076654323
2262.0,0.5444131345171144
2262.4,0.5516424424975209
2262.8,0.539381575102573
2263.2000000000003,0.518131553244301
2263.6,0.5626309100156796
2264.0,0.5335966115198508
2264.4,0.5552692697380351
2264.8,0.5238042578040962
2265.2000000000003,0.5480479028287909
2265.6,0.552934606830752
2266.0,0.567703025933249
2266.4,0.5636546964516469
2266.8,0.5268998629040164
2267.2000000000003,0.5666640466030368
2267.6,0.5382005541961871
2268.0,0.5719078311559872
2268.4,0.5575268686470259
2268.8,0.5290143443205756
2269.2000000000003,0.5324446293966616
2269.6,0.5612475682094161
2270.0,0.5635410670855553
2270.4,0.5650310854656937
2270.8,0.5602836373105647
2271.2000000000003,0.5548959533703113
2271.6,0.5437632875509656
2272.0,0.5855390082875878
2272.4,0.5099822377494041
2272.8,0.5473035033198886
2273.2000000000003,0.5839324042206264
2273.6,0.5470135331777806
2274.0,0.5634450206077253
2274.4,0.5359324740089432
2274.8,0.5765707282778686
2275.2000000000003,0.5651610286982172
2275.6,0.5330274178308749
2276.0,0.5787415786283473
2276.4,0.5928954294045509
2276.8,0.5422151300335695
2277.2000000000003,0.559033093725904
2277.6,0.5623767236414796
2278.0,0.5321867567887562
2278.4,0.5560280615318596
2278.8,0.568864691151018
2279.2000000000003,0.5425131829841436
2279.6,0.5197506745179252
2280.0,0.5615618159166929
2280.4,0.5450868240870664
2280.8,0.5774765585628013
2281.2000000000003,0.5820104151616886
2281.6,0.5599833561798206
2282.0,0.5326404139473495
2282.4,0.5624246143569009
2282.8,0.5207443920916915
2283.2000000000003,0.48045849313662115
2283.6,0.5644614368813081
2284.0,0.5309815145569714
2284.4,0.5474209433140814
2284.8,0.5471904058304824
2285.2000000000003,0.5612623935616602
2285.6,0.5414260792275883
2286.0,0.5700708882911725
2286.4,0.5504310617181449
2286.8,0.579864729901872
2287.2000000000003,0.5082057992691047
2287.6,0.5458455001472784
2288.0,0.5834008959792769
2288.4,0.5894875566594036
2288.8,0.5601624940647635
2289.2000000000003,0.5281386891388493
2289.6,0.5306213235219761
2290.0,0.5369764956190787
2290.4,0.5735296976820645
2290.8,0.5582631586602461
2291.2000000000003,0.5445282146996477
2291.6,0.5748840026988136
2292.0,0.5168246803104503
2292.4,0.5610584007636816
2292.8,0.5428238849915834
2293.2000000000003,0.5660330083330158
2293.6,0.5301779133986433
2294.0,0.6037698015767536
2294.4,0.5450771269358372
2294.8,0.6066981737936258
2295.2000000000003,0.5481091220131159
2295.6,0.5635086555542059
2296.0,0.5408971967580186
2296.4,0.5718250263342034
2296.8,0.5322123097368868
2297.2000000000003,0.620877434536803
2297.6,0.5429513219606016
2298.0,0.5205036993574905
2298.4,0.5500384110406097
2298.8,0.5566599375886749
2299.2000000000003,0.5698822364283643
2299.6,0.5075093052710735
2300.0,0.5812751285692036
2300.4,0.5710543298870303
2300.8,0.5306496373691206
2301.2000000000003,0.5505380820575347
2301.6,0.5309980218097295
2302.0,0.5479317308052588
2302.4,0.5393634081600024
2302.8,0.5579947976801558
2303.2000000000003,0.5144696378195468
2303.6,0.5597230377055215
2304.0,0.5667540583801254
2304.4,0.5406262395959825
2304.8,0.5365277659399803
2305.2000000000003,0.5519985841715384
2305.6,0.5897294435834436
2306.0,0.5504537855762549
2306.4,0.5209675516059906
2306.8,0.5777687173650156
2307.2000000000003,0.5307913471249921
2307.6,0.5368808022036636
2308.0,0.577708678510243
2308.4,0.585254377117865
2308.8,0.5524368165059289
2309.2000000000003,0.5356736869272527
2309.6,0.5631509494240211
2310.0,0.561881976739807
2310.4,0.5630488905284755
2310.8,0.5631125567035338
2311.2000000000003,0.5451629242824555
2311.6,0.5123790506424464
2312.0,0.5391974683135141
2312.4,0.5331252861838877
2312.8,0.5508657912279313
2313.2000000000003,0.5590401222546062
2313.6,0.5650108061730867
2314.0,0.5513982431600782
2314.4,0.5303843697807965
2314.8,0.5751989295898778
2315.2000000000003,0.5494603072422723
2315.6,0.5665953631581266
2316.0,0.5637094764546163
2316.4,0.5351563452068615
2316.8,0.5504578875470406
2317.2000000000003,0.5516345587338237
2317.6,0.5634726794499461
2318.0,0.5587716090227917
2318.4,0.56147808235791
2318.8,0.5438771874844573
2319.2000000000003,0.526588174038668
2319.6,0.551517305350909
2320.0,0.5501590248089581
2320.4,0.5386982235012737
2320.8,0.5378988057840391
2321.2000000000003,0.5437357252355884
2321.6,0.5782441674339001
2322.0,0.5617460745735301
2322.4,0.5316320224990823
2322.8,0.5211282108010116
2323.2000000000003,0.5452132899153116
2323.6,0.5577308907419996
2324.0,0.572968688534113
2324.4,0.5370324757110779
2324.8,0.5356572238766019
2325.2000000000003,0.5363873415792328
2325.6,0.5251774117559808
2326.0,0.5674657217704536
2326.4,0.5612857295737846
2326.8,0.584589107758687
2327.2000000000003,0.5585447482207829
2327.6,0.5673507613115395
2328.0,0.5904381813336643
2328.4,0.5257447450507758
2328.8,0.5517666480170912
2329.2000000000003,0.5531599215774178
2329.6,0.5361215490552621
2330.0,0.5208064183624536
2330.4,0.5638187251247686
2330.8,0.5724227591969072
2331.2000000000003,0.5719782827064768
2331.6,0.5797337736706599
2332.0,0.5839038267491626
2332.4,0.5360594992997476
2332.8,0.5305554798166869
2333.2000000000003,0.5674228750150087
2333.6,0.542738853338614
2334.0,0.5715731513565535
2334.4,0.5668782529521108
2334.8,0.5503313647012639
2335.2000000000003,0.5431951032450493
2335.6,0.5524281433351178
2336.0,0.574168143923493
2336.4,0.5470817307143917
2336.8,0.5429840916428443
2337.2000000000003,0.512384139356375
2337.6,0.5506074875653854
2338.0,0.5581852996190779
2338.4,0.5101603426278076
2338.8,0.5503502678578437
2339.2000000000003,0.5524686448600379
2339.6,0.5278954415079978
2340.0,0.5774496106780809
2340.4,0.5750410747874293
2340.8,0.5519980254986753
2341.2000000000003,0.5213632108978494
2341.6,0.5486273394804082
2342.0,0.5571765939478349
2342.4,0.5290927027043747
2342.8,0.5623513415767974
2343.2000000000003,0.5673782256675709
2343.6,0.5618068702277479
2344.0,0.5425637124173012
2344.4,0.5517974486168682
2344.8,0.554825101700173
2345.2000000000003,0.5483463807132579
2345.6,0.5320064693695346
2346.0,0.5797895007440574
2346.4,0.5714442284172154
2346.8,0.5434798178239318
2347.2000000000003,0.557744811518897
2347.6,0.5494777129782463
2348.0,0.577049339122186
2348.4,0.566439893875124
2348.8,0.558524666816964
2349.2000000000003,0.5677071230960046
2349.6,0.5317830402230037
2350.0,0.558951513817014
2350.4,0.5251878312687648
2350.8,0.5771586093681317
2351.2000000000003,0.5227879008146926
2351.6,0.6092377412411006
2352.0,0.5482839944994145
2352.4,0.5550173309371804
2352.8,0.5542708457055271
2353.2000000000003,0.5697219736650073
2353.6,0.5189402304938717
2354.0,0.5530311105119745
2354.4,0.5374475152569548
2354.8,0.5901657834508722
2355.2000000000003,0.5766307568057142
2355.6,0.5197660874285968
2356.0,0.5629776550027997
2356.4,0.536555355629097
2356.8,0.5889926740196972
2357.2000000000003,0.6025453317313176
2357.6,0.5391604760914339
2358.0,0.5942107067982998
2358.4,0.563844744057803
2358.8,0.5709010646907978
2359.2000000000003,0.5444562723109253
2359.6,0.5147664948422709
2360.0,0.5579965165975408
2360.4,0.5591836507610581
2360.8,0.5178045369964953
2361.2000000000003,0.52884154194911
2361.6,0.5439768027308651
2362.0,0.5382337424455681
2362.4,0.5588955732002725
2362.8,0.5275378244852039
2363.2000000000003,0.5732258351836371
2363.6,0.5624914072519361
2364.0,0.530907457342471
2364.4,0.5459511069084483
2364.8,0.5662950671847037
2365.2000000000003,0.5334234271654494
2365.6,0.6039245140337606
2366.0,0.5572706451160157
2366.4,0.5219674579558269
2366.8,0.5598080236387708
2367.2000000000003,0.563372067792379
2367.6,0.5541596812310202
2368.0,0.5954376404301484
2368.4,0.5319846447889577
2368.8,0.5771893456649284
2369.2000000000003,0.5343352006440271
2369.6,0.5483819489491546
2370.0,0.5471459497064161
2370.4,0.5662470283516474
2370.8,0.5514526131326006
2371.2000000000003,0.5871795746807552
2371.6,0.5423411910884518
2372.0,0.5484131533529369
2372.4,0.5423195468615425
2372.8,0.551144709875922
2373.2000000000003,0.5463695413827349
2373.6,0.5513406000139631
2374.0,0.5083389933606366
2374.4,0.5976660393168073
2374.8,0.5738178079901463
2375.2000000000003,0.5376913002024925
2375.6,0.6049715720335284
2376.0,0.5571039672860737
2376.4,0.5619113068573067
2376.8,0.5683019226585428
2377.2000000000003,0.5437151203655823
2377.6,0.5482954981936852
2378.0,0.5620605739344393
2378.4,0.5367881183320804
2378.8,0.6164216911625618
2379.2000000000003,0.5419179934741126
2379.6,0.5568901764102647
2380.0,0.5544681185417762
2380.4,0.5308080116630797
2380.8,0.5562338799717567
2381.2000000000003,0.5170583502076885
2381.6,0.5583829807378592
2382.0,0.5667224236774688
2382.4,0.5496780383950683
2382.8,0.5570090184487893
2383.2000000000003,0.5287400508754518
2383.6,0.5574819941878958
2384.0,0.5647508004351083
2384.4,0.5397257106761019
2384.8,0.5410039472072806
2385.2000000000003,0.5707597337178094
2385.6,0.535524705322652
2386.0,0.5428352645037274
2386.4,0.5427272617283236
2386.8,0.5879738590695504
2387.2000000000003,0.5359533888722813
2387.6,0.5428092390927362
2388.0,0.5262562148476488
2388.4,0.5592289746226757
2388.8,0.5490142890616271
2389.2000000000003,0.5745859169291607
2389.6,0.5714311109518949
2390.0,0.6136085008514313
2390.4,0.5523549744103728
2390.8,0.5194500236496871
2391.2000000000003,0.5527171976539265
2391.6,0.5898033416933698
2392.0,0.5714496658061656
2392.4,0.5605935895733504
2392.8,0.5528197519260556
2393.2000000000003,0.5237713933510184
2393.6,0.5656252284176745
2394.0,0.5673553299374066
2394.4,0.5765006971758737
2394.8,0.5592444106131192
2395.2000000000003,0.6059069592854781
2395.6,0.561734701670835
2396.0,0.5696713492386964
2396.4,0.55077783100678
2396.8,0.5616130685242059
2397.2000000000003,0.5220832066778895
2397.6,0.5358641212577263
2398.0,0.5599690463807593
2398.4,0.5411543629937187
2398.8,0.5327758121972538
2399.2000000000003,0.540551753797634
2399.6,0.5477491700170216
2400.0,0.5356712574273821
2400.4,0.5274305071847573
2400.8,0.5579979099818366
2401.2000000000003,0.5506540619161883
2401.6,0.5488404636389435
2402.0,0.5730518687175388
2402.4,0.5842609653919753
2402.8,0.5782417382103172
2403.2000000000003,0.5908511958478705
2403.6,0.5675340393517683
2404.0,0.5478428967235305
2404.4,0.5488851424288369
2404.8,0.5465065038612753
2405.2000000000003,0.5696352025361945
2405.6,0.5633912854735387
2406.0,0.533161912560793
2406.4,0.5452506726785729
2406.8,0.5380698255869911
2407.2000000000003,0.5243160273017128
2407.6,0.5266808884616198
2408.0,0.5862731024007989
2408.4,0.5592346145891757
2408.8,0.5691162632727236
2409.2000000000003,0.5228975700580175
2409.6,0.5678932494938487
2410.0,0.546514177604637
2410.4,0.5655422513160451
2410.8,0.564944338669934
2411.2000000000003,0.5400991999879774
2411.6,0.5799698026796518
2412.0,0.5445639088739577
2412.4,0.5194527799177564
2412.8,0.5342725746370064
2413.2000000000003,0.5379907560688072
2413.6,0.5531909276615865
2414.0,0.5632498846932876
2414.4,0.5474895376821911
2414.8,0.5543973744361742
2415.2000000000003,0.5631347503002635
2415.6,0.5692135488757235
2416.0,0.5696542613766927
2416.4,0.5906589045283678
2416.8,0.5893738074563858
2417.2000000000003,0.5709571313541708
2417.6,0.5615249817389786
2418.0,0.5201060252568195
2418.4,0.5352529593301727
2418.8,0.5633370225157415
2419.2000000000003,0.5661701358236961
2419.6,0.5636386974141113
2420.0,0.556039243118057
2420.4,0.5469342264296755
2420.8,0.5383018584697458
2421.2000000000003,0.575803471985723
2421.6,0.5387428813244536
2422.0,0.5440050660390312
2422.4,0.5750756400781737
2422.8,0.5560450044040344
2423.2000000000003,0.5538474962025118
2423.6,0.5680515226297499
2424.0,0.5484486904021041
2424.4,0.5408387727935494
2424.8,0.5763556571199536
2425.2000000000003,0.5486149249543318
2425.6,0.5410806573085711
2426.0,0.5388345262220972
2426.4,0.5912644949282111
2426.8,0.5633371162604053
2427.2000000000003,0.5842496939189759
2427.6,0.548158305032606
2428.0,0.5593924987456776
2428.4,0.5447888471206755
2428.8,0.557913361580292
2429.2000000000003,0.5936970593017128
2429.6,0.5305172595291995
2430.0,0.5407946503886416
2430.4,0.5288236368124747
2430.8,0.5722431363947206
2431.2000000000003,0.5449990139656491
2431.6,0.5425235415672115
2432.0,0.5579078253210695
2432.4,0.5503890409326992
2432.8,0.5731326029790613
2433.2000000000003,0.5617773828323751
2433.6,0.5576663823535914
2434.0,0.5398108905894861
2434.4,0.575148568476997
2434.8,0.5212054630256802
2435.2000000000003,0.5469588606048145
2435.6,0.5718307379739812
2436.0,0.5469899009193012
2436.4,0.5371941525525711
2436.8,0.5371007651492402
2437.2000000000003,0.5534152749667622
2437.6,0.5398440902298376
2438.0,0.5739579403325281
2438.4,0.5626010411141094
2438.8,0.563329662663238
2439.2000000000003,0.5527684458548581
2439.6,0.5289961726163027
2440.0,0.561283758189318
2440.4,0.5555287503679548
2440.8,0.5416045279227608
2441.2000000000003,0.5233239882892049
2441.6,0.5414041229919468
2442.0,0.5485535476404031
2442.4,0.5137010593521968
2442.8,0.5385067476054303
2443.2000000000003,0.5671495374285943
2443.6,0.5464834451539873
2444.0,0.5643879795143142
2444.4,0.5777981037889891
2444.8,0.5658465727492149
2445.2000000000003,0.5661572945261022
2445.6,0.520738885589081
2446.0,0.5531505567419195
2446.4,0.5511842390094251
2446.8,0.5401880315643758
2447.2000000000003,0.5533023473927628
2447.6,0.5503438540998746
2448.0,0.5553492428183252
2448.4,0.543736755817525
2448.8,0.5411266897516394
2449.2000000000003,0.5629795274619692
2449.6,0.5493905336387341
2450.0,0.5340478987072027
2450.4,0.5294122037163698
2450.8,0.5333483675867748
2451.2000000000003,0.5241678527897581
2451.6,0.5535911955034982
2452.0,0.5565862151931539
2452.4,0.529793976515959
2452.8,0.5633707839471216
2453.2000000000003,0.5589200761100105
2453.6,0.6096548226096835
2454.0,0.5661222148023928
2454.4,0.5929343108361214
2454.8,0.5290196978699881
2455.2000000000003,0.5389035712889563
2455.6,0.5561389982061978
2456.0,0.5437585078346617
2456.4,0.5328758288789509
2456.8,0.5376393234342809
2457.2000000000003,0.5550433397749919
2457.6000000000004,0.5671663176749278
2458.0,0.5570643485070753
2458.4,0.5371584117682933
2458.8,0.5741194507362497
2459.2000000000003,0.5694421902366851
2459.6000000000004,0.5655507327854222
2460.0,0.5674227163653008
2460.4,0.5341985451109176
2460.8,0.5415848557773502
2461.2000000000003,0.5420113832439634
2461.6000000000004,0.5679968988281973
2462.0,0.5390806826282847
2462.4,0.5644497715993141
2462.8,0.5340848742950207
2463.2000000000003,0.5563848738985518
2463.6000000000004,0.5165021700086381
2464.0,0.5464628324829431
2464.4,0.5655782053327536
2464.8,0.48880108394030564
2465.2000000000003,0.5329098048457257
2465.6000000000004,0.5686345079993752
2466.0,0.5159210939284096
2466.4,0.5842385734075972
2466.8,0.5601852735056279
2467.2000000000003,0.5960467052844556
2467.6000000000004,0.5398192957084613
2468.0,0.5740504415427714
2468.4,0.5357266071725573
2468.8,0.5398233739181175
2469.2000000000003,0.5594296453827894
2469.6000000000004,0.5875925220495071
2470.0,0.5634405433392269
2470.4,0.5364693510367329
2470.8,0.5277341003218023
2471.2000000000003,0.5824702205110845
2471.6000000000004,0.528627450927817
2472.0,0.5385480386206207
2472.4,0.5591413219186814
2472.8,0.512755692522121
2473.2000000000003,0.5769739377623955
2473.6000000000004,0.5499255582953911
2474.0,0.5467558619537198
2474.4,0.537772173955754
2474.8,0.5547555511608979
2475.2000000000003,0.5580715951757391
2475.6000000000004,0.5159201571395214
2476.0,0.5838932170844768
2476.4,0.5456626354377178
2476.8,0.5458550457942708
2477.2000000000003,0.5506659643260527
2477.6000000000004,0.5707682182116101
2478.0,0.6073067515716293
2478.4,0.583052442887838
2478.8,0.5454579858134695
2479.2000000000003,0.5747979407263641
2479.6000000000004,0.5713054082924877
2480.0,0.5317201091847039
2480.4,0.5701799327797713
2480.8,0.5441195389080359
2481.2000000000003,0.5869185474113102
2481.6000000000004,0.5253729614034536
2482.0,0.5518584657623656
2482.4,0.5125587900034234
2482.8,0.5422801315993163
2483.2000000000003,0.575254500169579
2483.6000000000004,0.5724821084777356
2484.0,0.5320827906558664
2484.4,0.5579286943394138
2484.8,0.5581506476872687
2485.2000000000003,0.5116661956480667
2485.6000000000004,0.5296187779675009
2486.0,0.5353638257991279
2486.4,0.4957947038633735
2486.8,0.5593097281253265
2487.2000000000003,0.5898402945853659
2487.6000000000004,0.5583966450752774
2488.0,0.5376863926594305
2488.4,0.5487037893399502
2488.8,0.5310717884588847
2489.2000000000003,0.5744793270692896
2489.6000000000004,0.5258023863740977
2490.0,0.5464694763849816
2490.4,0.5256809241572125
2490.8,0.5175124028234872
2491.2000000000003,0.5662399247449892
2491.6000000000004,0.5286708828540407
2492.0,0.5516826001457847
2492.4,0.5198052141930042
2492.8,0.5603238701987661
2493.2000000000003,0.5432805322094806
2493.6000000000004,0.5501369913578806
2494.0,0.5891936903293981
2494.4,0.5260919618976474
2494.8,0.5338748113505236
2495.2000000000003,0.5586368981270904
2495.6000000000004,0.5413811770140841
2496.0,0.5204727443134374
2496.4,0.5336018585609169
2496.8,0.5484522867763224
2497.2000000000003,0.5348618469118397
2497.6000000000004,0.6030199338665744
2498.0,0.5505712874042621
2498.4,0.5382253779076264
2498.8,0.5483244550172458
2499.2000000000003,0.5473202076426628
2499.6000000000004,0.5197503087684126
2500.0,0.5381883790630659
2500.4,0.5779298373726576
2500.8,0.5685424597477481
2501.2000000000003,0.578052498693924
2501.6000000000004,0.5483208802848527
2502.0,0.5704747394973283
2502.4,0.5253543435074168
2502.8,0.5493551242257032
2503.2000000000003,0.5437606310734161
2503.6000000000004,0.5719427292131221
2504.0,0.5831046181751618
2504.4,0.5536205170328927
2504.8,0.5532238603690744
2505.2000000000003,0.5639220135796621
2505.6000000000004,0.5395682737543914
2506.0,0.5648727539119096
2506.4,0.5528282091060874
2506.8,0.514024485103597
2507.2000000000003,0.5420111761592475
2507.6000000000004,0.5365288810905218
2508.0,0.5530760916018254
2508.4,0.5512122199788825
2508.8,0.579849982436382
2509.2000000000003,0.5467056576204006
2509.6000000000004,0.5640226875217307
2510.0,0.5439911435606953
2510.4,0.5662720625823437
2510.8,0.5424848251429274
2511.2000000000003,0.5447683192012264
2511.6000000000004,0.6059637384985563
2512.0,0.5610459200320415
2512.4,0.5488487412870349
2512.8,0.5573305447676843
2513.2000000000003,0.5503986114932602
2513.6000000000004,0.5476932169733989
2514.0,0.5805009827577032
2514.4,0.5584558525438865
2514.8,0.5132088022150906
2515.2000000000003,0.5089642263897933
2515.6000000000004,0.5131251255983799
2516.0,0.5596767378821829
2516.4,0.5719313828076551
2516.8,0.5363218902295921
2517.2000000000003,0.5781958211332572
2517.6000000000004,0.5184670051850205
2518.0,0.5434164815167928
2518.4,0.5210440963609432
2518.8,0.5525822171332583
2519.2000000000003,0.5165436410830883
2519.6000000000004,0.5274625956424102
2520.0,0.5675469204863111
2520.4,0.5183441081186185
2520.8,0.5494646493116142
2521.2000000000003,0.5561829018347666
2521.6000000000004,0.5474576367573525
2522.0,0.6339053135606685
2522.4,0.5383169209487643
2522.8,0.5408156567839105
2523.2000000000003,0.5456669863675838
2523.6000000000004,0.5377607398286893
2524.0,0.5487385030279892
2524.4,0.5694663848180677
2524.8,0.5610741465618682
2525.2000000000003,0.5405426471527301
2525.6000000000004,0.5539970595230344
2526.0,0.5510823888750512
2526.4,0.5705688103875155
2526.8,0.5146488756578623
2527.2000000000003,0.55380816472057
2527.6000000000004,0.5469352240611917
2528.0,0.5539628123933868
2528.4,0.5378304538091503
2528.8,0.525906309330017
2529.2000000000003,0.5357775983943001
2529.6000000000004,0.5801158663322001
2530.0,0.55792959113679
2530.4,0.5638294457535058
2530.8,0.540467121706122
2531.2000000000003,0.587215822926877
2531.6000000000004,0.5395654365069302
2532.0,0.5559105578767088
2532.4,0.5303560276101908
2532.8,0.5500952371877318
2533.2000000000003,0.5291736679084328
2533.6000000000004,0.5889583360644065
2534.0,0.5299591257341862
2534.4,0.5575660482191346
2534.8,0.5605745537700586
2535.2000000000003,0.530403785968332
2535.6000000000004,0.5437299596337158
2536.0,0.5622347017111392
2536.4,0.5506219231992192
2536.8,0.5362385283591488
2537.2000000000003,0.539423606519086
2537.6000000000004,0.5847520787787216
2538.0,0.5777219886277917
2538.4,0.5383698906941189
2538.8,0.5540137565257763
2539.2000000000003,0.5581361380970834
2539.6000000000004,0.5212688687460735
2540.0,0.5312459209706237
2540.4,0.5533281698888033
2540.8,0.5344930030641214
2541.2000000000003,0.5952505374395886
2541.6000000000004,0.5535827311529747
2542.0,0.5749933997823276
2542.4,0.5346184584131025
2542.8,0.5383591535716283
2543.2000000000003,0.5786125389272272
2543.6000000000004,0.578407752828427
2544.0,0.5578310788042898
2544.4,0.5600853841657174
2544.8,0.5587558183926242
2545.2000000000003,0.5519227075434641
2545.6000000000004,0.5490164761985579
2546.0,0.5364493989728891
2546.4,0.5518257396295931
2546.8,0.5545160622161135
2547.2000000000003,0.5415975188817206
2547.6000000000004,0.5594755824797789
2548.0,0.5457679864382317
2548.4,0.5400435207183546
2548.8,0.5288311521015594
2549.2000000000003,0.5231874872117663
2549.6000000000004,0.5589311808392535
2550.0,0.5784634947493595
2550.4,0.5475385097371593
2550.8,0.5374455475487276
2551.2000000000003,0.5576804195064159
2551.6000000000004,0.5197070358658981
2552.0,0.5774198403804872
2552.4,0.5211647995853511
2552.8,0.5552635847355477
2553.2000000000003,0.5592522245697288
2553.6000000000004,0.52231044422426
2554.0,0.5473605962214001
2554.4,0.5633907514014047
2554.8,0.5206690879826491
2555.2000000000003,0.547734454761253
2555.6000000000004,0.6156123211909199
2556.0,0.5399605767039911
2556.4,0.5248095886017374
2556.8,0.5682087406597862
2557.2000000000003,0.507983047480427
2557.6000000000004,0.5467751183173819
2558.0,0.5104570865121074
2558.4,0.535973817383214
2558.8,0.5513942223584347
2559.2000000000003,0.5440758813194864
2559.6000000000004,0.5285556278000694
2560.0,0.5298188706404073
2560.4,0.544370793201428
2560.8,0.5471596479492756
2561.2000000000003,0.568245241015191
2561.6000000000004,0.5223730414384988
2562.0,0.5604066031373803
2562.4,0.5504859176259564
2562.8,0.5821982712939976
2563.2000000000003,0.5664868669001535
2563.6000000000004,0.5232819480451649
2564.0,0.5254450853763927
2564.4,0.5332156457374932
2564.8,0.5574000065374616
2565.2000000000003,0.5525079616820123
2565.6000000000004,0.585745293085332
2566.0,0.513471451485161
2566.4,0.56076419924277
2566.8,0.563696326878801
2567.2000000000003,0.599087765049056
2567.6000000000004,0.5664571978782738
2568.0,0.5522792232017217
2568.4,0.5205960461943033
2568.8,0.5205901377793709
2569.2000000000003,0.5252552832553263
2569.6000000000004,0.5760371737057836
2570.0,0.5625484229925746
2570.4,0.5756685391697054
2570.8,0.5548102574789168
2571.2000000000003,0.5627170839933799
2571.6000000000004,0.5315717263679356
2572.0,0.5641943037404843
2572.4,0.5550928733102685
2572.8,0.5540872181955497
2573.2000000000003,0.5587803355267608
2573.6000000000004,0.5187440329922952
2574.0,0.5656188900193355
2574.4,0.5577117963312351
2574.8,0.5523112758894825
2575.2000000000003,0.537893936084823
2575.6000000000004,0.5628623270961165
2576.0,0.5615331309613228
2576.4,0.540919814702834
2576.8,0.5312609049889048
2577.2000000000003,0.5492522264327648
2577.6000000000004,0.5543196171940005
2578.0,0.5870878774890497
2578.4,0.5103011971110585
2578.8,0.5292634332674633
2579.2000000000003,0.5035713934139009
2579.6000000000004,0.5643024431632468
2580.0,0.5602578236221301
2580.4,0.5327317009928898
2580.8,0.5884641549558265
2581.2000000000003,0.5665752441731312
2581.6000000000004,0.5353208245841524
2582.0,0.5336590740837205
2582.4,0.5733949023795677
2582.8,0.5364591692375281
2583.2000000000003,0.5539906879388095
2583.6000000000004,0.558064093908146
2584.0,0.5421595277707705
2584.4,0.5539009289980689
2584.8,0.5359737552890783
2585.2000000000003,0.5335000470634731
2585.6000000000004,0.5357447480069892
2586.0,0.5645178256308478
2586.4,0.5410876179225306
2586.8,0.5358487609829855
2587.2000000000003,0.5902764887639298
2587.6000000000004,0.5450837638145734
2588.0,0.541197360657959
2588.4,0.5280363804552262
2588.8,0.5606988012770994
2589.2000000000003,0.5367910001823681
2589.6000000000004,0.5278997395155008
2590.0,0.5431941206503016
2590.4,0.5396674668802025
2590.8,0.52820789010094
2591.2000000000003,0.49770749111521556
2591.6000000000004,0.5734078167031207
2592.0,0.5561590465443823
2592.4,0.5741361023128698
2592.8,0.5497838167717561
2593.2000000000003,0.5542696862223793
2593.6000000000004,0.5729095391227975
2594.0,0.5739478073835609
2594.4,0.5473943795009871
2594.8,0.5130066015305075
2595.2000000000003,0.5452321704291898
2595.6000000000004,0.5189559425064735
2596.0,0.5407199438403638
2596.4,0.5331365315065532
2596.8,0.5316922687520066
2597.2000000000003,0.5525691449298196
2597.6000000000004,0.533388415380146
2598.0,0.5497173627465228
2598.4,0.5445868552024755
2598.8,0.5242339660745202
2599.2000000000003,0.575634512388343
2599.6000000000004,0.5411016989535177
2600.0,0.5356378531594053
2600.4,0.5489265727306777
2600.8,0.5472379603238704
2601.2000000000003,0.5440638236391605
2601.6000000000004,0.5149946829846176
2602.0,0.5512617678825574
2602.4,0.5817867226566311
2602.8,0.5507295389613784
2603.2000000000003,0.5338157945462214
2603.6000000000004,0.5471237189044125
2604.0,0.5308517293222852
2604.4,0.5820933080760796
2604.8,0.538946845558997
2605.2000000000003,0.509925320258906
2605.6000000000004,0.5718844051318849
2606.0,0.5439353675602321
2606.4,0.5536163272353495
2606.8,0.5345432869278086
2607.2000000000003,0.5479798717855568
2607.6000000000004,0.5428585770759636
2608.0,0.531262701622813
2608.4,0.5892454019021142
2608.8,0.5253344240888651
2609.2000000000003,0.53354314732809
2609.6000000000004,0.5682673306079864
2610.0,0.5525136311995299
2610.4,0.532425400006125
2610.8,0.5337579502136547
2611.2000000000003,0.530638410799892
2611.6000000000004,0.5309945883822317
2612.0,0.6008386374821238
2612.4,0.573927725029957
2612.8,0.5381618864914649
2613.2000000000003,0.5343346259881809
2613.6000000000004,0.5540633029270581
2614.0,0.5727306034459785
2614.4,0.5538715580086879
2614.8,0.5405602892093276
2615.2000000000003,0.5447974903525536
2615.6000000000004,0.5324492590802201
2616.0,0.5371100999670414
2616.4,0.5911373862550823
2616.8,0.5482472707704016
2617.2000000000003,0.5482584236743677
2617.6000000000004,0.540884662058207
2618.0,0.5399061691775607
2618.4,0.5441430233357536
2618.8,0.5682770757036152
2619.2000000000003,0.5962103917896547
2619.6000000000004,0.5392592187706794
2620.0,0.5253492436024976
2620.4,0.5668124544174469
2620.8,0.5611016637557644
2621.2000000000003,0.5391059947531794
2621.6000000000004,0.5314690128125221
2622.0,0.5863719387750275
2622.4,0.5539654093597978
2622.8,0.5466277965867143
2623.2000000000003,0.5558715926721046
2623.6000000000004,0.5304016356505283
2624.0,0.5648906321247953
2624.4,0.5375593620324296
2624.8,0.5541897590611042
2625.2000000000003,0.5429502169037758
2625.6000000000004,0.5845237242769619
2626.0,0.5690875872650861
2626.4,0.5622340803457105
2626.8,0.56941040085652
2627.2000000000003,0.5908480515848312
2627.6000000000004,0.538694081051171
2628.0,0.5373677669626776
2628.4,0.5493599128488921
2628.8,0.567902003583024
2629.2000000000003,0.5625618613284707
2629.6000000000004,0.549783405941568
2630.0,0.5338590607680155
2630.4,0.5407529102874183
2630.8,0.5201369736637871
2631.2000000000003,0.5320083844215964
2631.6000000000004,0.5580224579104621
2632.0,0.5659349542297876
2632.4,0.5471237730381235
2632.8,0.5707026354214936
2633.2000000000003,0.5320510644429354
2633.6000000000004,0.5330672851237741
2634.0,0.5988324437363035
2634.4,0.5196701098800746
2634.8,0.5388814752947862
2635.2000000000003,0.5537439328336622
2635.6000000000004,0.5457267370744773
2636.0,0.5528211861484893
2636.4,0.5010115082406678
2636.8,0.549448809428163
2637.2000000000003,0.5772580839161559
2637.6000000000004,0.5530971345894368
2638.0,0.5361153579593676
2638.4,0.5363485208489805
2638.8,0.5666773589569394
2639.2000000000003,0.5762183558099988
2639.6000000000004,0.5256726962953575
2640.0,0.5586980196943614
2640.4,0.5569214932957866
2640.8,0.5728073630265105
2641.2000000000003,0.5511813632326027
2641.6000000000004,0.5965926110862672
2642.0,0.5300226430631917
2642.4,0.5348312108415516
2642.8,0.5635829588016835
2643.2000000000003,0.535398141419355
2643.6000000000004,0.5605533280483492
2644.0,0.5734370425981373
2644.4,0.5923829488629619
2644.8,0.5344868894904005
2645.2000000000003,0.5780887043195543
2645.6000000000004,0.5492218519983175
2646.0,0.5283480702652673
2646.4,0.5317208650059215
2646.8,0.5304773604512898
2647.2000000000003,0.5486601938957093
2647.6000000000004,0.5580814059253881
2648.0,0.5402824783764908
2648.4,0.5596323940037706
2648.8,0.5086023515108699
2649.2000000000003,0.5665523088168835
2649.6000000000004,0.553536424455549
2650.0,0.5313980488452549
2650.4,0.5470350707239864
2650.8,0.5423385752100166
2651.2000000000003,0.5541786419536749
2651.6000000000004,0.5568930933757757
2652.0,0.5538677334403408
2652.4,0.5332886282722684
2652.8,0.5294909262695683
2653.2000000000003,0.5415633113236479
2653.6000000000004,0.5625917535445188
2654.0,0.5560744391807174
2654.4,0.5574290513374079
2654.8,0.5507057390733024
2655.2000000000003,0.5686693562368574
2655.6000000000004,0.5553952896792133
2656.0,0.532362945160432
2656.4,0.5778323227696209
2656.8,0.5446100553416258
2657.2000000000003,0.537242554830403
2657.6000000000004,0.5578337734483775
2658.0,0.5392058866777528
2658.4,0.5591052359658593
2658.8,0.5742937414614305
2659.2000000000003,0.5347622885282844
2659.6000000000004,0.5514472116167202
2660.0,0.5239456003131875
2660.4,0.5660455933115034
2660.8,0.5522347205530123
2661.2000000000003,0.5325126099299102
2661.6000000000004,0.5444546939878763
2662.0,0.5356680325340397
2662.4,0.6058154769376589
2662.8,0.514206186012842
2663.2000000000003,0.571163435605825
2663.6000000000004,0.5479605055254985
2664.0,0.5239148859470367
2664.4,0.5497919875992089
2664.8,0.5257291651579363
2665.2000000000003,0.5589063216512479
2665.6000000000004,0.5604655120644595
2666.0,0.533896657697522
2666.4,0.5267931772143475
2666.8,0.5663259757368501
2667.2000000000003,0.5775725669399376
2667.6000000000004,0.5366003304047031
2668.0,0.5421853166411625
2668.4,0.5032633035164732
2668.8,0.5940118440863587
2669.2000000000003,0.5809022042856413
2669.6000000000004,0.5446094936981851
2670.0,0.541579173681925
2670.4,0.5488686084618412
2670.8,0.5773569250822012
2671.2000000000003,0.5301908444438614
2671.6000000000004,0.5815301178266375
2672.0,0.5751190565393763
2672.4,0.5554191754078402
2672.8,0.5781927895919469
2673.2000000000003,0.5788932517183581
2673.6000000000004,0.5527913667139097
2674.0,0.577998556490368
2674.4,0.553413513896548
2674.8,0.5661034187725172
2675.2000000000003,0.5246065368143079
2675.6000000000004,0.5455579209800715
2676.0,0.5277296856914205
2676.4,0.5477212595621497
2676.8,0.5583986923859002
2677.2000000000003,0.5270977294295954
2677.6000000000004,0.5763288926678597
2678.0,0.5537329818566873
2678.4,0.5274683362417315
2678.8,0.5464868146725261
2679.2000000000003,0.5553802635617273
2679.6000000000004,0.562707104019996
2680.0,0.5136725619434012
2680.4,0.5659724935322678
2680.8,0.538355151636536
2681.2000000000003,0.5402583097949061
2681.6000000000004,0.5358091071023513
2682.0,0.5166129956167232
2682.4,0.5504237230181358
2682.8,0.5462713833681777
2683.2000000000003,0.5626000921238642
2683.6000000000004,0.5295462719946844
2684.0,0.5394216181952534
2684.4,0.5548585536343373
2684.8,0.5453882000447223
2685.2000000000003,0.5441248958653203
2685.6000000000004,0.5595606241059369
2686.0,0.5132783943675338
2686.4,0.566477928758746
2686.8,0.5113094099658757
2687.2000000000003,0.5402971223781211
2687.6000000000004,0.5301233318787467
2688.0,0.5248858437850272
2688.4,0.5422001241159355
2688.8,0.5380376508942901
2689.2000000000003,0.567962411793265
2689.6000000000004,0.575719517653192
2690.0,0.57224049211856
2690.4,0.5398677756390963
2690.8,0.5546693489645153
2691.2000000000003,0.5492592091003302
2691.6000000000004,0.5540752367697077
2692.0,0.5228776859372087
2692.4,0.5545932471989828
2692.8,0.5506411619633094
2693.2000000000003,0.5341254284712804
2693.6000000000004,0.5328267078400815
2694.0,0.5632356714480009
2694.4,0.5470002916842195
2694.8,0.5311268729731798
2695.2000000000003,0.5380649282434211
2695.6000000000004,0.5870048167142039
2696.0,0.5750223858528706
2696.4,0.5354198328517736
2696.8,0.5743168651161513
2697.2000000000003,0.5266151521631172
2697.6000000000004,0.5483404109569406
2698.0,0.5312017011734874
2698.4,0.5538576452489676
2698.8,0.5735600486184125
2699.2000000000003,0.5295151723434853
2699.6000000000004,0.5445062574383601
2700.0,0.5351888404334971
2700.4,0.541089382118804
2700.8,0.5438745572454341
2701.2000000000003,0.5361282056641148
2701.6000000000004,0.5424741389750679
2702.0,0.5222230562635759
2702.4,0.5523073881954448
2702.8,0.542362038751463
2703.2000000000003,0.5919003034993829
2703.6000000000004,0.569721181065095
2704.0,0.56094881416734
2704.4,0.561455060374833
2704.8,0.5497683180651886
2705.2000000000003,0.5561803560009327
2705.6000000000004,0.5461316292963446
2706.0,0.5191295312371611
2706.4,0.5427242830936996
2706.8,0.5333252779785753
2707.2000000000003,0.526322453947029
2707.6000000000004,0.5147146224979349
2708.0,0.5389578517552268
2708.4,0.5601938250914924
2708.8,0.5268098686927084
2709.2000000000003,0.5400495652837604
2709.6000000000004,0.5204978234242786
2710.0,0.5530538025771166
2710.4,0.552710412552111
2710.8,0.5564004790075692
2711.2000000000003,0.5443008428976691
2711.6000000000004,0.5758122140837407
2712.0,0.5249378502981655
2712.4,0.5817867606333437
2712.8,0.5700633406652483
2713.2000000000003,0.5365826569334206
2713.6000000000004,0.5308169729404805
2714.0,0.5506636961202325
2714.4,0.5542406025454629
2714.8,0.5408339460425253
2715.2000000000003,0.5779873886714005
2715.6000000000004,0.5432774633007713
2716.0,0.5186661309656342
2716.4,0.5472678992100839
2716.8,0.5610823599125789
2717.2000000000003,0.5859770160706544
2717.6000000000004,0.5903528174912429
2718.0,0.5526366700992325
2718.4,0.5866113711645733
2718.8,0.5556992983341379
2719.2000000000003,0.5165788240101715
2719.6000000000004,0.561303326326484
2720.0,0.5770596922323542
2720.4,0.5455177302718556
2720.8,0.5416105056192979
2721.2000000000003,0.5984917800496969
2721.6000000000004,0.5198688937201218
2722.0,0.5983162130947992
2722.4,0.5462449227124826
2722.8,0.5430275424182858
2723.2000000000003,0.5435598419122848
2723.6000000000004,0.5424249930054579
2724.0,0.5439424550322925
2724.4,0.5432684336405761
2724.8,0.5801696393246307
2725.2000000000003,0.5644045336330166
2725.6000000000004,0.5294287756174568
2726.0,0.5818035046243052
2726.4,0.5113300820654941
2726.8,0.5552748613699778
2727.2000000000003,0.5411617404032294
2727.6000000000004,0.5458016253964424
2728.0,0.5314555991797026
2728.4,0.5471258731322497
2728.8,0.5530741712862869
2729.2000000000003,0.5373192165490794
2729.6000000000004,0.5563686141269318
2730.0,0.5201623780674696
2730.4,0.5469725854033676
2730.8,0.5672261729406913
2731.2000000000003,0.5348950323716308
2731.6000000000004,0.5252243697409616
2732.0,0.5800249771668742
2732.4,0.5177404053542881
2732.8,0.5493205653818605
2733.2000000000003,0.542611923462985
2733.6000000000004,0.5584747266376862
2734.0,0.5474815304548756
2734.4,0.5266948532193843
2734.8,0.5410733390509761
2735.2000000000003,0.5330601036145834
2735.6000000000004,0.5346552940637584
2736.0,0.542584618137819
2736.4,0.5175600773544979
2736.8,0.563621993436237
2737.2000000000003,0.5271847294518694
2737.6000000000004,0.5878291644043528
2738.0,0.5458204870914928
2738.4,0.5443230597202673
2738.8,0.5346944631137613
2739.2000000000003,0.5337689766114275
2739.6000000000004,0.5479006728079742
2740.0,0.570526771096614
2740.4,0.5391583626299898
2740.8,0.5808019483731974
2741.2000000000003,0.5192284937571505
2741.6000000000004,0.5457558095359522
2742.0,0.5678623042062948
2742.4,0.5274479796976972
2742.8,0.5702283467373077
2743.2000000000003,0.5663200692173396
2743.6000000000004,0.5667617421234259
2744.0,0.5440612433648389
2744.4,0.5347536588549293
2744.8,0.5519891577016004
2745.2000000000003,0.5829784259467707
2745.6000000000004,0.5915464079355139
2746.0,0.5553666192433745
2746.4,0.5616907049902031
2746.8,0.5525958456506215
2747.2000000000003,0.5688898758760332
2747.6000000000004,0.5694505591199579
2748.0,0.5287936534824094
2748.4,0.526830798789248
2748.8,0.5906249956206593
2749.2000000000003,0.5408710809539916
2749.6000000000004,0.5600525382702107
2750.0,0.5472286595147895
2750.4,0.5348112393877966
2750.8,0.5614698150512496
2751.2000000000003,0.5596423321357074
2751.6000000000004,0.5319767201960227
2752.0,0.5666478135450294
2752.4,0.5873729062727371
2752.8,0.5460456804259483
2753.2000000000003,0.5154767350461497
2753.6000000000004,0.519963076771496
2754.0,0.5280163879488875
2754.4,0.5520841422258126
2754.8,0.5493590179708603
2755.2000000000003,0.5300324908698297
2755.6000000000004,0.5391274447735753
2756.0,0.5492880049155179
2756.4,0.5021082527700683
2756.8,0.5341743115818175
2757.2000000000003,0.5890134789265612
2757.6000000000004,0.5315122085925402
2758.0,0.5678250868630778
2758.4,0.5404116439745033
2758.8,0.5313133970976104
2759.2000000000003,0.5813854133602155
2759.6000000000004,0.5592857156754238
2760.0,0.5487554943924541
2760.4,0.541716253267501
2760.8,0.5538959587149663
2761.2000000000003,0.5299518103197364
2761.6000000000004,0.536854930891076
2762.0,0.5595330361455637
2762.4,0.5407076432988301
2762.8,0.5434836088158338
2763.2000000000003,0.5357469596267292
2763.6000000000004,0.5384942164545917
2764.0,0.5356363750824623
2764.4,0.5558492850955705
2764.8,0.5275402921991629
2765.2000000000003,0.5551467207590718
2765.6000000000004,0.5535223962217942
2766.0,0.5404667213492573
2766.4,0.5223495195543439
2766.8,0.567415293283904
2767.2000000000003,0.5355434369509434
2767.6000000000004,0.5505278853279495
2768.0,0.5554697464086392
2768.4,0.5233924607275453
2768.8,0.5751470810365541
2769.2000000000003,0.5490163757237584
2769.6000000000004,0.5026833543715239
2770.0,0.5334804204234604
2770.4,0.5726366802376247
2770.8,0.5383989554993855
2771.2000000000003,0.553179682988596
2771.6000000000004,0.569663887883228
2772.0,0.5804873745780875
2772.4,0.5671371773134675
2772.8,0.5561715034040515
2773.2000000000003,0.5386783176291822
2773.6000000000004,0.5306075311225933
2774.0,0.5557133712153288
2774.4,0.5540934727830449
2774.8,0.5320631476931467
2775.2000000000003,0.5639957330713018
2775.6000000000004,0.5587230420031789
2776.0,0.5492395639115528
2776.4,0.5523042017351592
2776.8,0.5462886462965104
2777.2000000000003,0.5264307251317605
2777.6000000000004,0.5295650543332057
2778.0,0.5453453876585168
2778.4,0.5816174846041416
2778.8,0.5952413152141512
2779.2000000000003,0.5715527429079154
2779.6000000000004,0.6128135808171682
2780.0,0.5429689959731034
2780.4,0.5415757393311021
2780.8,0.549069506992812
2781.2000000000003,0.5476981885670259
2781.6000000000004,0.5600591281148934
2782.0,0.5443243355396221
2782.4,0.5281124813254985
2782.8,0.5399441385828158
2783.2000000000003,0.5296404319510019
2783.6000000000004,0.5408357724121186
2784.0,0.550772509997373
2784.4,0.5461990526130076
2784.8,0.5513747099119222
2785.2000000000003,0.5491465643051637
2785.6000000000004,0.5437634880556503
2786.0,0.5620003982850268
2786.4,0.5132958708617527
2786.8,0.538704124884468
2787.2000000000003,0.5781582636618946
2787.6000000000004,0.535581218473626
2788.0,0.5573133487220469
2788.4,0.5957627113183159
2788.8,0.569270770996646
2789.2000000000003,0.5591727574267399
2789.6000000000004,0.5508502973649557
2790.0,0.5495495716036116
2790.4,0.5172457980179912
2790.8,0.5507921193341752
2791.2000000000003,0.5074522185550988
2791.6000000000004,0.5166789891719294
2792.0,0.5638412491819178
2792.4,0.5595265762712406
2792.8,0.5881716659530094
2793.2000000000003,0.521565005175729
2793.6000000000004,0.5343545573757557
2794.0,0.5461801495711534
2794.4,0.5126900585978178
2794.8,0.5270321459026788
2795.2000000000003,0.5868470101386439
2795.6000000000004,0.5502125269063707
2796.0,0.575449646531453
2796.4,0.537846514486418
2796.8,0.5453750645799572
2797.2000000000003,0.5506103172386495
2797.6000000000004,0.5536744549987923
2798.0,0.5743710584331841
2798.4,0.5586082066826946
2798.8,0.5342363122405513
2799.2000000000003,0.5715120335271969
2799.6000000000004,0.518264805856905
2800.0,0.5750241442632283
2800.4,0.5793659300064298
2800.8,0.5313201986824363
2801.2000000000003,0.5485338659879035
2801.6000000000004,0.5227905953610053
2802.0,0.5451459788325661
2802.4,0.5478191829204001
2802.8,0.5432368329647453
2803.2000000000003,0.5366415777065859
2803.6000000000004,0.6160213178051164
2804.0,0.5723212253224007
2804.4,0.5558510620250571
2804.8,0.5421905221526255
2805.2000000000003,0.5565365756244656
2805.6000000000004,0.5328578193778969
2806.0,0.5523053236063253
2806.4,0.5383667705869583
2806.8,0.5882801726072918
2807.2000000000003,0.5256625260894661
2807.6000000000004,0.5491332221562317
2808.0,0.5335222072872484
2808.4,0.5598247678883966
2808.8,0.5396768876423998
2809.2000000000003,0.5338541977792942
2809.6000000000004,0.5512590072764094
2810.0,0.5520759232890697
2810.4,0.5654713736954342
2810.8,0.5347935457251355
2811.2000000000003,0.5205187229206734
2811.6000000000004,0.5119405306684714
2812.0,0.5843462903385811
2812.4,0.5592725209242233
2812.8,0.5169609651955492
2813.2000000000003,0.5355733915172343
2813.6000000000004,0.5739827865994899
2814.0,0.5278478935648787
2814.4,0.5607192406257623
2814.8,0.5482464284476555
2815.2000000000003,0.5500712165761376
2815.6000000000004,0.5177179408556944
2816.0,0.5626032560018052
2816.4,0.557046849994108
2816.8,0.5709069456183217
2817.2000000000003,0.5272948519189943
2817.6000000000004,0.5384569318170177
2818.0,0.5225721855201495
2818.4,0.5560158324249406
2818.8,0.550093342633041
2819.2000000000003,0.5511987751048364
2819.6000000000004,0.5777051068932314
2820.0,0.5445639685671356
2820.4,0.5720669224517306
2820.8,0.561078056779299
2821.2000000000003,0.5671897080273438
2821.6000000000004,0.506738194777631
2822.0,0.5266118604341077
2822.4,0.5260117966467501
2822.8,0.543570872267672
2823.2000000000003,0.5399413252644457
2823.6000000000004,0.5505834113663665
2824.0,0.5420189041925285
2824.4,0.5255402480353158
2824.8,0.5492893047585095
2825.2000000000003,0.5084926183019951
2825.6000000000004,0.5583456964436757
2826.0,0.5257154147088096
2826.4,0.5577393358870995
2826.8,0.5325950906312513
2827.2000000000003,0.5601893355379084
2827.6000000000004,0.5571888156694347
2828.0,0.536205134025632
2828.4,0.5163524649662931
2828.8,0.5616024078372435
2829.2000000000003,0.5407843046284857
2829.6000000000004,0.5436136708467197
2830.0,0.5525898639167568
2830.4,0.5507169442385178
2830.8,0.5291767594231637
2831.2000000000003,0.531232773363783
2831.6000000000004,0.5632877600463577
2832.0,0.5556817027528583
2832.4,0.5247440402215452
2832.8,0.5650837556027175
2833.2000000000003,0.5374477307437795
2833.6000000000004,0.557621081484379
2834.0,0.5760943493759454
2834.4,0.519527057297226
2834.8,0.5454899456146267
2835.2000000000003,0.5190400197772044
2835.6000000000004,0.5482778474045825
2836.0,0.5340976622517316
2836.4,0.5814124931182229
2836.8,0.5560237125863328
2837.2000000000003,0.5848930379885644
2837.6000000000004,0.5465947849985602
2838.0,0.5568308783881668
2838.4,0.5482998934902189
2838.8,0.5390497786324886
2839.2000000000003,0.5621352666345203
2839.6000000000004,0.5554284644266059
2840.0,0.5231723391898684
2840.4,0.5232363193807168
2840.8,0.5328576876709429
2841.2000000000003,0.5738090491141308
2841.6000000000004,0.5630099085540611
2842.0,0.5233915861348052
2842.4,0.538121918403526
2842.8,0.5403206820083942
2843.2000000000003,0.5315028133875886
2843.6000000000004,0.5277032214401723
2844.0,0.5483462281539142
2844.4,0.5365131411329471
2844.8,0.593542972691687
2845.2000000000003,0.5564109613342153
2845.6000000000004,0.5347629738142231
2846.0,0.5301178479249632
2846.4,0.5396040968353498
2846.8,0.5400711027550419
2847.2000000000003,0.5273211751205644
2847.6000000000004,0.5362981284095122
2848.0,0.5468608956841771
2848.4,0.5528207499413352
2848.8,0.5520047116437308
2849.2000000000003,0.5788946435006814
2849.6000000000004,0.5486559968439182
2850.0,0.5399964410231113
2850.4,0.5526691524682198
2850.8,0.5689898761080554
2851.2000000000003,0.5237852159567262
2851.6000000000004,0.5348048447128543
2852.0,0.5180496917196793
2852.4,0.5334718105420843
2852.8,0.5857074651859906
2853.2000000000003,0.5650949604393224
2853.6000000000004,0.5286846914169387
2854.0,0.5727305899549998
2854.4,0.5642452707073153
2854.8,0.5167564481017758
2855.2000000000003,0.5591528508169331
2855.6000000000004,0.5332136313423417
2856.0,0.5507803052828979
2856.4,0.5686047975584906
2856.8,0.5463396775261478
2857.2000000000003,0.5408541556420601
2857.6000000000004,0.5243229416333895
2858.0,0.5682130757000221
2858.4,0.5747838451509967
2858.8,0.5177125962810265
2859.2000000000003,0.5522110362555501
2859.6000000000004,0.575098388000761
2860.0,0.5785203489390476
2860.4,0.5566764950096009
2860.8,0.5324878851059813
2861.2000000000003,0.515235239311736
2861.6000000000004,0.5267097709609035
2862.0,0.5273793165885318
2862.4,0.5624678611226323
2862.8,0.5387358657803243
2863.2000000000003,0.525481053953198
2863.6000000000004,0.5505886182867594
2864.0,0.5761785832299785
2864.4,0.5553138638714732
2864.8,0.5560991535232915
2865.2000000000003,0.5658269322488954
2865.6000000000004,0.5284713809087171
2866.0,0.5551395767198896
2866.4,0.5054608643017018
2866.8,0.5568563785660684
2867.2000000000003,0.5273289585879604
2867.6000000000004,0.5938417664859915
2868.0,0.5520125910659966
2868.4,0.5427442300698123
2868.8,0.5477284546361575
2869.2000000000003,0.5162740218176407
2869.6000000000004,0.5594180198150555
2870.0,0.5381321905924012
2870.4,0.5446016690464427
2870.8,0.552690413884743
2871.2000000000003,0.5747897263959642
2871.6000000000004,0.5211025807701322
2872.0,0.5317375522817304
2872.4,0.5592711174434074
2872.8,0.5435902695970737
2873.2000000000003,0.5683572394190064
2873.6000000000004,0.5178298259452021
2874.0,0.5542740890588562
2874.4,0.5686842750971912
2874.8,0.5738272175059784
2875.2000000000003,0.5876364525127324
2875.6000000000004,0.5505999201813825
2876.0,0.5766984894390845
2876.4,0.5213796398013556
2876.8,0.5595760615056521
2877.2000000000003,0.5484272987258634
2877.6000000000004,0.575145084012581
2878.0,0.5486893586826026
2878.4,0.5514857819747202
2878.8,0.5444153423089475
2879.2000000000003,0.5481038473196571
2879.6000000000004,0.5359896217970842
2880.0,0.5384523354641203
2880.4,0.5354481493034645
2880.8,0.5392781834072466
2881.2000000000003,0.47783514153250556
2881.6000000000004,0.5439865065651431
2882.0,0.5381723199451601
2882.4,0.5345579297152604
2882.8,0.5806435909599568
2883.2000000000003,0.5365901849741206
2883.6000000000004,0.5324750379796179
2884.0,0.5597754777989284
2884.4,0.5478009755935782
2884.8,0.5562484432645971
2885.2000000000003,0.5693244810421524
2885.6000000000004,0.5633800432279785
2886.0,0.5483340202231044
2886.4,0.5334187043790937
2886.8,0.5730457213536176
2887.2000000000003,0.5503662921389393
2887.6000000000004,0.5372609298398596
2888.0,0.5166501655032542
2888.4,0.5433912696362003
2888.8,0.5240417156016233
2889.2000000000003,0.5675771087159018
2889.6000000000004,0.5174382323139175
2890.0,0.5220752209577696
2890.4,0.5631589069968265
2890.8,0.5791764277212175
2891.2000000000003,0.5526032573110832
2891.6000000000004,0.5753911724220592
2892.0,0.5294260758549797
2892.4,0.541389694811472
2892.8,0.5620252174060936
2893.2000000000003,0.5443188782179372
2893.6000000000004,0.5245370110042596
2894.0,0.5357993189269156
2894.4,0.5459380433780516
2894.8,0.5727423537727692
2895.2000000000003,0.5529870391684704
2895.6000000000004,0.5409518436075217
2896.0,0.5569045934374458
2896.4,0.49088135322694887
2896.8,0.5600378416734337
2897.2000000000003,0.5564064695153179
2897.6000000000004,0.5334649647533847
2898.0,0.5361841308229895
2898.4,0.5398708935854977
2898.8,0.5218356286789877
2899.2000000000003,0.5229998827336424
2899.6000000000004,0.5574625156980816
2900.0,0.5574766389765695
2900.4,0.5119729275047354
2900.8,0.5383154798880692
2901.2000000000003,0.5474646712739547
2901.6000000000004,0.5065621029329274
2902.0,0.5617349165597267
2902.4,0.5632043962394726
2902.8,0.519831261866697
2903.2000000000003,0.5787002426919954
2903.6000000000004,0.5394357695789391
2904.0,0.5694679635674414
2904.4,0.5329297754339796
2904.8,0.5356214855248456
2905.2000000000003,0.5141504990257314
2905.6000000000004,0.579884101835447
2906.0,0.5610698228370681
2906.4,0.5504624056829038
2906.8,0.54961887098414
2907.2000000000003,0.5521299760565113
2907.6000000000004,0.5195859688823171
2908.0,0.5377979520376084
2908.4,0.5315436747697849
2908.8,0.5551744262830397
2909.2000000000003,0.5426972777350076
2909.6000000000004,0.5549533822735228
2910.0,0.5452896304806736
2910.4,0.5496943709758544
2910.8,0.5331479744884199
2911.2000000000003,0.5321812590955582
2911.6000000000004,0.5292925875428491
2912.0,0.5494241121468104
2912.4,0.5278114307978644
2912.8,0.5114650961373243
2913.2000000000003,0.5701980357859414
2913.6000000000004,0.5665076316963482
2914.0,0.5560537356818471
2914.4,0.5917410620769025
2914.8,0.5381139525161525
2915.2000000000003,0.5557583734925278
2915.6000000000004,0.57642312240617
2916.0,0.5374792333521434
2916.4,0.5339593548332107
2916.8,0.5484016722606063
2917.2000000000003,0.5504335613578922
2917.6000000000004,0.5341868656140677
2918.0,0.5368697170224694
2918.4,0.5405504233240618
2918.8,0.551681040196264
2919.2000000000003,0.5139893250956935
2919.6000000000004,0.5617388500652513
2920.0,0.5814303219475214
2920.4,0.5333649519695147
2920.8,0.5451487719301226
2921.2000000000003,0.5409029492744154
2921.6000000000004,0.5525704133502111
2922.0,0.5586657581656284
2922.4,0.5640412749406544
2922.8,0.5461176516581856
2923.2000000000003,0.5348629383684793
2923.6000000000004,0.5607699207914951
2924.0,0.5781677073545046
2924.4,0.5461808170777631
2924.8,0.5563916672558328
2925.2000000000003,0.5534230933009369
2925.6000000000004,0.530373554548409
2926.0,0.5228523409934841
2926.4,0.5648509297010279
2926.8,0.5375339787248373
2927.2000000000003,0.5279694899261046
2927.6000000000004,0.5394832855144446
2928.0,0.5533602157289937
2928.4,0.5486916765636097
2928.8,0.5273442246648592
2929.2000000000003,0.5535734104151553
2929.6000000000004,0.5482866401486981
2930.0,0.5755433054747581
2930.4,0.542675278194928
2930.8,0.5139331035472673
2931.2000000000003,0.5755799606673443
2931.6000000000004,0.5374332384227469
2932.0,0.5700460964658697
2932.4,0.54363254571036
2932.8,0.5698077275335411
2933.2000000000003,0.5126890636369077
2933.6000000000004,0.5518040728066744
2934.0,0.5488966191028569
2934.4,0.5616793294752872
2934.8,0.5408511630023267
2935.2000000000003,0.5827760482265378
2935.6000000000004,0.5563514054276323
2936.0,0.5497708764981228
2936.4,0.5413057292341267
2936.8,0.5713253366577079
2937.2000000000003,0.5280081313933923
2937.6000000000004,0.5313748319365186
2938.0,0.5249959657534262
2938.4,0.5593314747504888
2938.8,0.5525087245226581
2939.2000000000003,0.5249575775051196
2939.6000000000004,0.5822422338276699
2940.0,0.5869961706085624
2940.4,0.5641903061717859
2940.8,0.5386791073972774
2941.2000000000003,0.593275879667664
2941.6000000000004,0.5595018500766734
2942.0,0.5619068432241354
2942.4,0.536127644176182
2942.8,0.5195398898038853
2943.2000000000003,0.5522991240942535
2943.6000000000004,0.559434164712777
2944.0,0.5624701634583615
2944.4,0.5453656690750857
2944.8,0.5247582170411096
2945.2000000000003,0.5702288716388059
2945.6000000000004,0.5310452718812434
2946.0,0.5461251832810036
2946.4,0.5327355964642329
2946.8,0.5421647098962276
2947.2000000000003,0.508186848110631
2947.6000000000004,0.5625715686545059
2948.0,0.5553215258699119
2948.4,0.5486259967962606
2948.8,0.5400963054011142
2949.2000000000003,0.5237619979702487
2949.6000000000004,0.5512178770995592
2950.0,0.5057722974411896
2950.4,0.5199641074029124
2950.8,0.5565969270911673
2951.2000000000003,0.5518281581548966
2951.6000000000004,0.5457736143848526
2952.0,0.5376123901715062
2952.4,0.5770788385975973
2952.8,0.5548682748280965
2953.2000000000003,0.5956803345768297
2953.6000000000004,0.5603984374429123
2954.0,0.5288175398145606
2954.4,0.5552930655834846
2954.8,0.5263965242413936
2955.2000000000003,0.5522231740025003
2955.6000000000004,0.5930280571879889
2956.0,0.5108002375011808
2956.4,0.5599356178525462
2956.8,0.5371832981213337
2957.2000000000003,0.5542654294891117
2957.6000000000004,0.5561308111837873
2958.0,0.5128778304928178
2958.4,0.5287555087962709
2958.8,0.5338083568880908
2959.2000000000003,0.4958230321237744
2959.6000000000004,0.5364699344530036
2960.0,0.5412243243574035
2960.4,0.5280636028950848
2960.8,0.5368399396341916
2961.2000000000003,0.5621445716748538
2961.6000000000004,0.5716967743418511
2962.0,0.5494851403972846
2962.4,0.5275369228696853
2962.8,0.5440812775613934
2963.2000000000003,0.5651405883848041
2963.6000000000004,0.553101284355431
2964.0,0.5552048491087143
2964.4,0.5543161159370948
2964.8,0.5551308198620412
2965.2000000000003,0.5618229574244252
2965.6000000000004,0.5525928588079112
2966.0,0.5437776446150667
2966.4,0.555330743125323
2966.8,0.5450009829199001
2967.2000000000003,0.5353934074090755
2967.6000000000004,0.5219726255666755
2968.0,0.5625347411380469
2968.4,0.5231945273629952
2968.8,0.5621063240324999
2969.2000000000003,0.5461558376735001
2969.6000000000004,0.5634780253755334
2970.0,0.5691964192672805
2970.4,0.5262775154100628
2970.8,0.5504786720610911
2971.2000000000003,0.5219134606665997
2971.6000000000004,0.5762370551736874
2972.0,0.5421957738071195
2972.4,0.543177331232029
2972.8,0.5548739760906746
2973.2000000000003,0.5645406619481255
2973.6000000000004,0.46966550312387273
2974.0,0.5382650498333121
2974.4,0.5645373696269596
2974.8,0.5619181851410491
2975.2000000000003,0.5424420649054431
2975.6000000000004,0.5756061684561745
2976.0,0.5274149978377387
2976.4,0.5227781739636495
2976.8,0.5320315801027187
2977.2000000000003,0.5663021782856281
2977.6000000000004,0.5863789753801484
2978.0,0.5264677020285162
2978.4,0.570662172203883
2978.8,0.5336396213032157
2979.2000000000003,0.5557273161952682
2979.6000000000004,0.5298861838522916
2980.0,0.5421516991166695
2980.4,0.5594052002148974
2980.8,0.5321808882459445
2981.2000000000003,0.5718709398619551
2981.6000000000004,0.5386143355556636
2982.0,0.5575166220184796
2982.4,0.5520438252152005
2982.8,0.5599776029054568
2983.2000000000003,0.5576709711189862
2983.6000000000004,0.5351244837726853
2984.0,0.5569974491249093
2984.4,0.5168519024073877
2984.8,0.5584507570753686
2985.2000000000003,0.5796052418960103
2985.6000000000004,0.5674817987370002
2986.0,0.529599576247541
2986.4,0.5314057847052183
2986.8,0.5515139250692609
2987.2000000000003,0.5423801213340637
2987.6000000000004,0.5626608622644826
2988.0,0.5204544186492638
2988.4,0.5289259584281438
2988.8,0.5372365598659395
2989.2000000000003,0.5490598829580465
2989.6000000000004,0.5226575230179545
2990.0,0.591958915817573
2990.4,0.5321740582867206
2990.8,0.5605945713625727
2991.2000000000003,0.5692146389262314
2991.6000000000004,0.517062945788592
2992.0,0.5127024980828245
2992.4,0.530991151824443
2992.8,0.5385690459319944
2993.2000000000003,0.5063501726411005
2993.6000000000004,0.5128633897212317
2994.0,0.5601839559512917
2994.4,0.5573372983890027
2994.8,0.5341850024544016
2995.2000000000003,0.5470539918702623
2995.6000000000004,0.5683477124607695
2996.0,0.5545488385094565
2996.4,0.539070453431986
2996.8,0.5514763855586146
2997.2000000000003,0.538375350530504
2997.6000000000004,0.5672071770892836
2998.0,0.5452782486980361
2998.4,0.5417538131600605
2998.8,0.567688899051622
2999.2000000000003,0.5553593110745751
2999.6000000000004,0.508863615829737
3000.0,0.5300677852809523
3000.4,0.5543001219054232
3000.8,0.5444796309087875
3001.2000000000003,0.5708236245177256
3001.6000000000004,0.5311772127806007
3002.0,0.5254086543904182
3002.4,0.5610436027413407
3002.8,0.5641565871166782
3003.2000000000003,0.5485499638457577
3003.6000000000004,0.554440549372638
3004.0,0.5308937128588668
3004.4,0.5331830225897068
3004.8,0.5789803090575877
3005.2000000000003,0.5319319224329333
3005.6000000000004,0.539260512810786
3006.0,0.5492284282182661
3006.4,0.5721804286103386
3006.8,0.5534123171398796
3007.2000000000003,0.6074671906310992
3007.6000000000004,0.5466521659360559
3008.0,0.5025834054735656
3008.4,0.5409686288844298
3008.8,0.5342123595591701
3009.2000000000003,0.5374726615356621
3009.6000000000004,0.5718718469106349
3010.0,0.5166406593432286
3010.4,0.5452002978346959
3010.8,0.5550711151330731
3011.2000000000003,0.5245534041968628
3011.6000000000004,0.5473706547563648
3012.0,0.5500517304945479
3012.4,0.5485430651956182
3012.8,0.5446776991763392
3013.2000000000003,0.5200445576024306
3013.6000000000004,0.5403751213708933
3014.0,0.5642962349591409
3014.4,0.5294736489793013
3014.8,0.5194953530668045
3015.2000000000003,0.5519554897053425
3015.6000000000004,0.518647248985975
3016.0,0.5338447237474586
3016.4,0.5348324136033129
3016.8,0.5707328663896958
3017.2000000000003,0.5239352270753577
3017.6000000000004,0.5702469817116248
3018.0,0.5617137657419182
3018.4,0.5624019637064538
3018.8,0.5382368599875044
3019.2000000000003,0.5550387637961556
3019.6000000000004,0.5031274206301135
3020.0,0.5401969271484869
3020.4,0.5709043332904051
3020.8,0.5284993883100443
3021.2000000000003,0.5368801967971599
3021.6000000000004,0.5268893284731899
3022.0,0.5155648751710729
3022.4,0.5286420658386443
3022.8,0.5613983041221746
3023.2000000000003,0.5689662772725117
3023.6000000000004,0.5307780059556767
3024.0,0.571331691467115
3024.4,0.5784969154277602
3024.8,0.529792685261404
3025.2000000000003,0.5516705920922679
3025.6000000000004,0.563202482093081
3026.0,0.51537535170614
3026.4,0.5506509191968844
3026.8,0.5277443401356816
3027.2000000000003,0.552097272685215
3027.6000000000004,0.5699564563850789
3028.0,0.5397637783127659
3028.4,0.54884628951287
3028.8,0.5403022778916365
3029.2000000000003,0.5252948774471844
3029.6000000000004,0.5402693574715907
3030.0,0.5826059400610655
3030.4,0.5445340711918909
3030.8,0.5562528559619935
3031.2000000000003,0.5868664048097252
3031.6000000000004,0.5728026726216996
3032.0,0.5100202469450245
3032.4,0.5590770036290683
3032.8,0.5271436724945835
3033.2000000000003,0.5102526596919598
3033.6000000000004,0.5758826544022195
3034.0,0.5060607309496924
3034.4,0.5324140967240899
3034.8,0.5340280577706548
3035.2000000000003,0.5638349679466609
3035.6000000000004,0.5411853386320056
3036.0,0.5302292702357368
3036.4,0.5556792721528038
3036.8,0.5518279367551463
3037.2000000000003,0.552549959852162
3037.6000000000004,0.5593241337922379
3038.0,0.572569100280777
3038.4,0.532735532898049
3038.8,0.5352485418316558
3039.2000000000003,0.5693072557951351
3039.6000000000004,0.5183542656713684
3040.0,0.553896422034343
3040.4,0.5371316258620058
3040.8,0.5687893734411654
3041.2000000000003,0.5605082029016488
3041.6000000000004,0.5410956713874954
3042.0,0.5499231259100621
3042.4,0.5216488595838379
3042.8,0.560250126536822
3043.2000000000003,0.535540854488438
3043.6000000000004,0.5559947504859143
3044.0,0.5335882659646418
3044.4,0.5258809830686791
3044.8,0.5472733309120735
3045.2000000000003,0.5720828519695753
3045.6000000000004,0.5087609101571242
3046.0,0.5833012461850091
3046.4,0.5582286258212976
3046.8,0.537931791815599
3047.2000000000003,0.5242779535033424
3047.6000000000004,0.5150070754090622
3048.0,0.5238003204345222
3048.4,0.5243887652394886
3048.8,0.5650955671551573
3049.2000000000003,0.5355772109146684
3049.6000000000004,0.5496307698267936
3050.0,0.5244482633520196
3050.4,0.5322233020293925
3050.8,0.5409343336583311
3051.2000000000003,0.5521987654972468
3051.6000000000004,0.5752988740665111
3052.0,0.5676905518389167
3052.4,0.580193588670387
3052.8,0.5112255768908541
3053.2000000000003,0.5371582172978328
3053.6000000000004,0.5313653721421228
3054.0,0.5476493795018068
3054.4,0.5121391618455547
3054.8,0.5409160996639758
3055.2000000000003,0.5182153011011391
3055.6000000000004,0.5478729204217756
3056.0,0.5193381790191076
3056.4,0.5446716413972911
3056.8,0.5641005768192396
3057.2000000000003,0.5117502422496538
3057.6000000000004,0.553071166719922
3058.0,0.5157587132314273
3058.4,0.5754027198240588
3058.8,0.5602899403570037
3059.2000000000003,0.5690447700219894
3059.6000000000004,0.5916719125060369
3060.0,0.5297878201723707
3060.4,0.5124266383861127
3060.8,0.5524136469548273
3061.2000000000003,0.5899116198180714
3061.6000000000004,0.5347454666218981
3062.0,0.5403329314820075
3062.4,0.5419681445733802
3062.8,0.523897660819415
3063.2000000000003,0.5617320081047403
3063.6000000000004,0.5109635559671536
3064.0,0.5494231499795551
3064.4,0.5492188298353198
3064.8,0.5357998862179721
3065.2000000000003,0.5430914746988569
3065.6000000000004,0.5480751768340278
3066.0,0.5824109930716688
3066.4,0.5281931895361132
3066.8,0.5284037746993733
3067.2000000000003,0.5585841397298772
3067.6000000000004,0.540447621841499
3068.0,0.5235529396190279
3068.4,0.5363878878310842
3068.8,0.5446112577030546
3069.2000000000003,0.5591708870840483
3069.6000000000004,0.5436356656019248
3070.0,0.5352843681666031
3070.4,0.5531107348075561
3070.8,0.5414707435700256
3071.2000000000003,0.5498995615520553
3071.6000000000004,0.551895012551662
3072.0,0.5738047959849543
3072.4,0.5374158703816457
3072.8,0.5336044960208054
3073.2000000000003,0.5409454750146375
3073.6000000000004,0.543766401087458
3074.0,0.5402037799393835
3074.4,0.5397589838217527
3074.8,0.528147570664926
3075.2000000000003,0.5715958796042387
3075.6000000000004,0.5722163362951972
3076.0,0.5640977266234243
3076.4,0.570198061712302
3076.8,0.5725126898197342
3077.2000000000003,0.5259788933216861
3077.6000000000004,0.5550134834819769
3078.0,0.5410055664965875
3078.4,0.5642591801881015
3078.8,0.566067798439165
3079.2000000000003,0.540242458549719
3079.6000000000004,0.5364648583883457
3080.0,0.5441077015993719
3080.4,0.5145793436047115
3080.8,0.5100060856978555
3081.2000000000003,0.5553986515337253
3081.6000000000004,0.544950288182107
3082.0,0.5490899469814532
3082.4,0.5306613448785937
3082.8,0.5261813876827736
3083.2000000000003,0.5598007298829168
3083.6000000000004,0.550278865867511
3084.0,0.5066445889621114
3084.4,0.5553669145964009
3084.8,0.5437861729607794
3085.2000000000003,0.5539182659160812
3085.6000000000004,0.525216194695016
3086.0,0.5848277916814965
3086.4,0.5657042151457864
3086.8,0.5854433268892456
3087.2000000000003,0.5904418300536978
3087.6000000000004,0.5601114504623447
3088.0,0.5385560546794499
3088.4,0.5662337669001992
3088.8,0.5888200806672169
3089.2000000000003,0.5668618644884353
3089.6000000000004,0.5459741492543209
3090.0,0.5377309360981316
3090.4,0.5650283941641124
3090.8,0.5499627398435017
3091.2000000000003,0.5553113534275177
3091.6000000000004,0.5383854160388194
3092.0,0.5868194190962442
3092.4,0.5528223195626022
3092.8,0.5021291199783747
3093.2000000000003,0.5655577629934997
3093.6000000000004,0.5478241010776522
3094.0,0.5490937368234426
3094.4,0.5423078923771586
3094.8,0.5516805849643145
3095.2000000000003,0.5519783293899738
3095.6000000000004,0.5692330827996805
3096.0,0.5666604895908008
3096.4,0.5699309350770354
3096.8,0.513354984877345
3097.2000000000003,0.5713382258870862
3097.6000000000004,0.5303424507520962
3098.0,0.5472049076021052
3098.4,0.5186671461239494
3098.8,0.5515403331413771
3099.2000000000003,0.5175087544790119
3099.6000000000004,0.5270136489675933
3100.0,0.5316466092710664
3100.4,0.5112034712293368
3100.8,0.5200128406435885
3101.2000000000003,0.54497074003715
3101.6000000000004,0.5185621544795652
3102.0,0.530021956326104
3102.4,0.5659219118109726
3102.8,0.5352215161742435
3103.2000000000003,0.5574039896168324
3103.6000000000004,0.541834043042544
3104.0,0.5552142686028713
3104.4,0.52530442632709
3104.8,0.530096654529887
3105.2000000000003,0.5482573063301658
3105.6000000000004,0.5472991150765603
3106.0,0.5179708740200786
3106.4,0.5278252249778622
3106.8,0.5787109701626423
3107.2000000000003,0.5345288082343101
3107.6000000000004,0.5646670627634939
3108.0,0.5351421685993552
3108.4,0.5496998678189474
3108.8,0.5741578316730391
3109.2000000000003,0.5397920271608461
3109.6000000000004,0.5547669465461301
3110.0,0.5432138815555138
3110.4,0.5520414386772599
3110.8,0.5409580467304762
3111.2000000000003,0.5881153354646509
3111.6000000000004,0.5330665583287567
3112.0,0.5208399071297022
3112.4,0.5200528068978728
3112.8,0.5169058120535898
3113.2000000000003,0.5423163089686095
3113.6000000000004,0.5211858161202291
3114.0,0.5482159964526149
3114.4,0.5517303296139277
3114.8,0.5609851118614373
3115.2000000000003,0.5158738133564238
3115.6000000000004,0.5600972046930774
3116.0,0.5434446206122306
3116.4,0.5220257884307199
3116.8,0.5442864911905776
3117.2000000000003,0.5716966744746366
3117.6000000000004,0.5179900495642558
3118.0,0.5635891179866248
3118.4,0.5474211358994004
3118.8,0.5286774985971517
3119.2000000000003,0.5244075553993203
3119.6000000000004,0.5237962656885639
3120.0,0.552234901829159
3120.4,0.5446922330679201
3120.8,0.5187828887089897
3121.2000000000003,0.5140533126273624
3121.6000000000004,0.5097240001431246
3122.0,0.561794626575216
3122.4,0.5572988572771526
3122.8,0.5347374514783094
3123.2000000000003,0.5475713997983567
3123.6000000000004,0.5298568281404933
3124.0,0.5521560701570738
3124.4,0.572349071408423
3124.8,0.5337540584408258
3125.2000000000003,0.5420426979319815
3125.6000000000004,0.5388053932506245
3126.0,0.5753073866362752
3126.4,0.5614263592543459
3126.8,0.5683908124981591
3127.2000000000003,0.5477197958103796
3127.6000000000004,0.5622704474448426
3128.0,0.5453029187060224
3128.4,0.5408093124131584
3128.8,0.538610359179666
3129.2000000000003,0.5337776210006289
3129.6000000000004,0.54966181171097
3130.0,0.5277371460484124
3130.4,0.5248387613322193
3130.8,0.5515272959192788
3131.2000000000003,0.5432661712007472
3131.6000000000004,0.5495501324926395
3132.0,0.5173849200240419
3132.4,0.5477250091710473
3132.8,0.5438650674767656
3133.2000000000003,0.561600997755023
3133.6000000000004,0.5335412071720512
3134.0,0.5793250467109204
3134.4,0.5607998671770603
3134.8,0.5528605890686324
3135.2000000000003,0.561569703373388
3135.6000000000004,0.532440794783647
3136.0,0.53312201189286
3136.4,0.5338764344110534
3136.8,0.5724819561351596
3137.2000000000003,0.5770442148140293
3137.6000000000004,0.5516467101796961
3138.0,0.5364969536156703
3138.4,0.5461192370103101
3138.8,0.5326697317307899
3139.2000000000003,0.5743583428587881
3139.6000000000004,0.557074715299755
3140.0,0.5691967978786302
3140.4,0.5166007351167614
3140.8,0.524040052025982
3141.2000000000003,0.5287726591818361
3141.6000000000004,0.5257785901228419
3142.0,0.501981746906206
3142.4,0.5454008037239743
3142.8,0.5604539520148053
3143.2000000000003,0.583638752177702
3143.6000000000004,0.5624369387369492
3144.0,0.5328130950588884
3144.4,0.5247822465771155
3144.8,0.5144199630426671
3145.2000000000003,0.5331363906439613
3145.6000000000004,0.5531338459922449
3146.0,0.5399456123789447
3146.4,0.5582665954478728
3146.8,0.5311282555881963
3147.2000000000003,0.5344147449296359
3147.6000000000004,0.561219866170523
3148.0,0.5310221988442418
3148.4,0.5454554724690065
3148.8,0.5417110914452588
3149.2000000000003,0.516537612932892
3149.6000000000004,0.5479292389399578
3150.0,0.5157022108555926
3150.4,0.5612567432267738
3150.8,0.5580431589166811
3151.2000000000003,0.5536755579080311
3151.6000000000004,0.5211761320735193
3152.0,0.5285112394177467
3152.4,0.5182598117673036
3152.8,0.5513336760766421
3153.2000000000003,0.5452626741702686
3153.6000000000004,0.5425630942451534
3154.0,0.5454194904121615
3154.4,0.5067880874656102
3154.8,0.5571385874736188
3155.2000000000003,0.5767927830158985
3155.6000000000004,0.5137944270648795
3156.0,0.5400474969647108
3156.4,0.5581646068186514
3156.8,0.5474828604268791
3157.2000000000003,0.5586159618708508
3157.6000000000004,0.5387581619169289
3158.0,0.5366507568820935
3158.4,0.5526565355453134
3158.8,0.5612203543438905
3159.2000000000003,0.5445144433197809
3159.6000000000004,0.5642604826055968
3160.0,0.5314955719305257
3160.4,0.5508087370405932
3160.8,0.5550712251213649
3161.2000000000003,0.5917309935732604
3161.6000000000004,0.5246275099575455
3162.0,0.5957709912431413
3162.4,0.5285420912103242
3162.8,0.5268823972629184
3163.2000000000003,0.5358090091401939
3163.6000000000004,0.5498817970924043
3164.0,0.5373452153543735
3164.4,0.5701037591380479
3164.8,0.5377437843605908
3165.2000000000003,0.5266536881093922
3165.6000000000004,0.5089034675106399
3166.0,0.5790526018813211
3166.4,0.5398094189299357
3166.8,0.5474816344566072
3167.2000000000003,0.5513218778810384
3167.6000000000004,0.5758439231742328
3168.0,0.5355788794111336
3168.4,0.5404329587235531
3168.8,0.5582046520464216
3169.2000000000003,0.5379783602059572
3169.6000000000004,0.5372789861345189
3170.0,0.5934318509971297
3170.4,0.5455950654212702
3170.8,0.5406933804462521
3171.2000000000003,0.5890144079599026
3171.6000000000004,0.5437412993074577
3172.0,0.5385393599250393
3172.4,0.5661838941160151
3172.8,0.5198810769931335
3173.2000000000003,0.5488612530976861
3173.6000000000004,0.5177310512500709
3174.0,0.5462799171830389
3174.4,0.5647120411202368
3174.8,0.524448068420223
3175.2000000000003,0.5561824526431574
3175.6000000000004,0.5142337579769792
3176.0,0.5424340997506417
3176.4,0.5130880694902431
3176.8,0.5243778326558981
3177.2000000000003,0.497437043653545
3177.6000000000004,0.566458966268514
3178.0,0.5483590313677019
3178.4,0.5263853011819207
3178.8,0.5601735186629169
3179.2000000000003,0.5215766260763514
3179.6000000000004,0.5678339761254991
3180.0,0.5700017568575488
3180.4,0.53032757515436
3180.8,0.5300129135053062
3181.2000000000003,0.5536331621043112
3181.6000000000004,0.5245445781250312
3182.0,0.5390549684477021
3182.4,0.546113967719573
3182.8,0.5557740685055865
3183.2000000000003,0.524138904450291
3183.6000000000004,0.5530771089868748
3184.0,0.528348424106515
3184.4,0.5286603265560634
3184.8,0.5280786348464939
3185.2000000000003,0.5448147310191968
3185.6000000000004,0.567890547960802
3186.0,0.5420839980561636
3186.4,0.5255644798970682
3186.8,0.5666244170852957
3187.2000000000003,0.5396339328792357
3187.6000000000004,0.5212695677059829
3188.0,0.5629269222919324
3188.4,0.5627484656121768
3188.8,0.5139700699821224
3189.2000000000003,0.5634402036512572
3189.6000000000004,0.5542940700735445
3190.0,0.5371709548198446
3190.4,0.5400195855529205
3190.8,0.5817205606223139
3191.2000000000003,0.5292393882496319
3191.6000000000004,0.5466297149947982
3192.0,0.5924012169673692
3192.4,0.5306474718621437
3192.8,0.5271541222900912
3193.2000000000003,0.5393251942417199
3193.6000000000004,0.5390776139005912
3194.0,0.5440474729144731
3194.4,0.5573382192969557
3194.8,0.5245065374924088
3195.2000000000003,0.5313483493544094
3195.6000000000004,0.5567698379597348
3196.0,0.5564143822225838
3196.4,0.5025498971143958
3196.8,0.5537380925712952
3197.2000000000003,0.5318171775114644
3197.6000000000004,0.5760688805097268
3198.0,0.5616596805574346
3198.4,0.4812924596560553
3198.8,0.5707932513874272
3199.2000000000003,0.558535030578848
3199.6000000000004,0.5215981429615472
3200.0,0.5473497532465762
3200.4,0.5411657914149205
3200.8,0.5296805445226851
3201.2000000000003,0.5470680529791981
3201.6000000000004,0.517586483737035
3202.0,0.5356361053180719
3202.4,0.5307640906315632
3202.8,0.5833469970925459
3203.2000000000003,0.5286311257492846
3203.6000000000004,0.5367568212551971
3204.0,0.5393370073336798
3204.4,0.5530010763811909
3204.8,0.5561622306750015
3205.2000000000003,0.558664793169147
3205.6000000000004,0.558093549568408
3206.0,0.542145941042835
3206.4,0.5537125719379918
3206.8,0.5131709811586825
3207.2000000000003,0.5693559170302279
3207.6000000000004,0.5401799651545904
3208.0,0.562605618309887
3208.4,0.5700236102560935
3208.8,0.5212728257485539
3209.2000000000003,0.531223288108778
3209.6000000000004,0.5531499693638088
3210.0,0.528568542053638
3210.4,0.5867204342640352
3210.8,0.5418734123446248
3211.2000000000003,0.5740089738258423
3211.6000000000004,0.5559108787293249
3212.0,0.5674250617605268
3212.4,0.5350557589702863
3212.8,0.5089160182632924
3213.2000000000003,0.5509367358375468
3213.6000000000004,0.552945352422919
3214.0,0.5361561834138905
3214.4,0.5152470347028356
3214.8,0.5557573026880974
3215.2000000000003,0.5389685566960508
3215.6000000000004,0.50291391647431
3216.0,0.5418175916963173
3216.4,0.5466646235479942
3216.8,0.5085040555974311
3217.2000000000003,0.5201801982820279
3217.6000000000004,0.5482303271757901
3218.0,0.5369722561233095
3218.4,0.5329845413648389
3218.8,0.5161769886019406
3219.2000000000003,0.5415748321845133
3219.6000000000004,0.5810605831449343
3220.0,0.5515893034730435
3220.4,0.5384904183942147
3220.8,0.5356958275499756
3221.2000000000003,0.5474124740575798
3221.6000000000004,0.5223952577165055
3222.0,0.5444607142049205
3222.4,0.5352326809663898
3222.8,0.5355365759331272
3223.2000000000003,0.5730589443722465
3223.6000000000004,0.556115178695268
3224.0,0.523374991793487
3224.4,0.5802753666418755
3224.8,0.5388808245888511
3225.2000000000003,0.545380131767343
3225.6000000000004,0.5506183254174063
3226.0,0.5293723719487385
3226.4,0.5129434849271112
3226.8,0.5730314625636733
3227.2000000000003,0.5397641920001991
3227.6000000000004,0.5394008476900322
3228.0,0.5058240135228931
3228.4,0.555331709041855
3228.8,0.5979533326704148
3229.2000000000003,0.5351074344281155
3229.6000000000004,0.5099004956908966
3230.0,0.5503368574000688
3230.4,0.5555981827648719
3230.8,0.5268230063288917
3231.2000000000003,0.520666898622859
3231.6000000000004,0.5592725938846522
3232.0,0.535828291936167
3232.4,0.5268104508343769
3232.8,0.5596445495456512
3233.2000000000003,0.5305424876516492
3233.6000000000004,0.5218044680799178
3234.0,0.5690506193456845
3234.4,0.5817632008965749
3234.8,0.5769384681359412
3235.2000000000003,0.5454367687378939
3235.6000000000004,0.5600477314162665
3236.0,0.5495819567657534
3236.4,0.5763561705634437
3236.8,0.5434590913490783
3237.2000000000003,0.5595730358581035
3237.6000000000004,0.5416848336770813
3238.0,0.5498839829591067
3238.4,0.6045596528464248
3238.8,0.5679440734556993
3239.2000000000003,0.5951825563221519
3239.6000000000004,0.5420718056322994
3240.0,0.576422008502139
3240.4,0.567827545511646
3240.8,0.568710462700427
3241.2000000000003,0.5299137793910013
3241.6000000000004,0.5392189965515034
3242.0,0.5214870987744198
3242.4,0.5397770328063238
3242.8,0.5641481794230334
3243.2000000000003,0.5206176094591948
3243.6000000000004,0.5575431376827417
3244.0,0.5293086730351324
3244.4,0.526886385214754
3244.8,0.5466082704593482
3245.2000000000003,0.5289165296698028
3245.6000000000004,0.5338235851039773
3246.0,0.5277617596594655
3246.4,0.5768107299073489
3246.8,0.5735195244095246
3247.2000000000003,0.5302591866210987
3247.6000000000004,0.5267926646179428
3248.0,0.5494549489879106
3248.4,0.5491465927339441
3248.8,0.5182165091297435
3249.2000000000003,0.5530053301591269
3249.6000000000004,0.5531393971311616
3250.0,0.5498252739526845
3250.4,0.5302729747340073
3250.8,0.5270466123092394
3251.2000000000003,0.5377591072041322
3251.6000000000004,0.5303293878734845
3252.0,0.5533047040881218
3252.4,0.5207806593828105
3252.8,0.5335823792498521
3253.2000000000003,0.5373314738367614
3253.6000000000004,0.5536465974693112
3254.0,0.4941369378534826
3254.4,0.5125770689565817
3254.8,0.5488769784935414
3255.2000000000003,0.5443577904677583
3255.6000000000004,0.5602535751582439
3256.0,0.5465180916463583
3256.4,0.5371588847886122
3256.8,0.5733961543847118
3257.2000000000003,0.5540945644289158
3257.6000000000004,0.5216227356326346
3258.0,0.531954329651956
3258.4,0.5069324515373798
3258.8,0.5191876831007622
3259.2000000000003,0.5702064419758489
3259.6000000000004,0.5131278400921337
3260.0,0.5021856833937051
3260.4,0.5454485288161762
3260.8,0.5470271514941776
3261.2000000000003,0.5459676189972603
3261.6000000000004,0.5273352124103915
3262.0,0.5067232366412212
3262.4,0.5118058010463642
3262.8,0.5212176120143462
3263.2000000000003,0.5371530989270451
3263.6000000000004,0.5671454854931386
3264.0,0.5320052454381214
3264.4,0.5223750744389121
3264.8,0.5533343199608831
3265.2000000000003,0.552693615313046
3265.6000000000004,0.5513302619042516
3266.0,0.5605591722061214
3266.4,0.5651701842705621
3266.8,0.5554040115607701
3267.2000000000003,0.5325820697227992
3267.6000000000004,0.5527645084864125
3268.0,0.5456854874693414
3268.4,0.5334768228269599
3268.8,0.5516202496382177
3269.2000000000003,0.5638227079859731
3269.6000000000004,0.5070790987571057
3270.0,0.5482587069504204
3270.4,0.5810683455538
3270.8,0.5252165630040421
3271.2000000000003,0.5611370882814629
3271.6000000000004,0.5458752349385625
3272.0,0.5684051391213332
3272.4,0.5265683684025818
3272.8,0.5324829647480137
3273.2000000000003,0.5347802676469228
3273.6000000000004,0.5471155261116294
3274.0,0.5459129269606005
3274.4,0.5284883282819942
3274.8,0.509655820955128
3275.2000000000003,0.5330025212445991
3275.6000000000004,0.5380342022502349
3276.0,0.5630639961775978
3276.4,0.5460812666143551
3276.8,0.46480055791142133
3277.2000000000003,0.5515093968950427
3277.6000000000004,0.5436356884941814
3278.0,0.5626763717608554
3278.4,0.5552773949458777
3278.8,0.5303352634291253
3279.2000000000003,0.5405820529316875
3279.6000000000004,0.5505464428182877
3280.0,0.5153636743335771
3280.4,0.5110077729854356
3280.8,0.548505980595196
3281.2000000000003,0.5124299153930949
3281.6000000000004,0.5182812967064581
3282.0,0.5993048187760093
3282.4,0.5477675743006323
3282.8,0.5197026272758383
3283.2000000000003,0.5118408896110699
3283.6000000000004,0.5722172682840809
3284.0,0.5279244184333823
3284.4,0.5315861863749467
3284.8,0.5813343232641079
3285.2000000000003,0.5670241256982813
3285.6000000000004,0.535737309049621
3286.0,0.5214071807936266
3286.4,0.5640466587224244
3286.8,0.5307752024171044
3287.2000000000003,0.5696901083651368
3287.6000000000004,0.5478611268079933
3288.0,0.520393480626214
3288.4,0.5415787904051833
3288.8,0.5449786981627378
3289.2000000000003,0.5873383164300299
3289.6000000000004,0.5354769332740373
3290.0,0.5328683588870623
3290.4,0.532827877116107
3290.8,0.5265214679214786
3291.2000000000003,0.5244674030937962
3291.6000000000004,0.5612864806653491
3292.0,0.548774053100689
3292.4,0.5386410304711257
3292.8,0.5186015394596789
3293.2000000000003,0.5297293202475634
3293.6000000000004,0.5619034259461524
3294.0,0.535437886901353
3294.4,0.5790849507052204
3294.8,0.5612953744930614
3295.2000000000003,0.5378786487009152
3295.6000000000004,0.5446663137964753
3296.0,0.5395024046460972
3296.4,0.56997012084987
3296.8,0.5171371773129388
3297.2000000000003,0.5567777101028353
3297.6000000000004,0.5514400687807317
3298.0,0.5703710105714734
3298.4,0.5386150246809709
3298.8,0.5313357271173962
3299.2000000000003,0.5531048257244586
3299.6000000000004,0.5374266275027996
3300.0,0.5401048635316614
3300.4,0.5420181166412821
3300.8,0.5883169760445146
3301.2000000000003,0.5162401208733562
3301.6000000000004,0.5214440186218423
3302.0,0.5566603985740508
3302.4,0.4921094160454054
3302.8,0.5380110756676668
3303.2000000000003,0.532647725811691
3303.6000000000004,0.5197007652728313
3304.0,0.5677479768345227
3304.4,0.5180429127223388
3304.8,0.5399942157097158
3305.2000000000003,0.560679996573577
3305.6000000000004,0.5463294337958461
3306.0,0.5542966277850957
3306.4,0.5486143995989899
3306.8,0.550573532140763
3307.2000000000003,0.5060928725045432
3307.6000000000004,0.5418760057238554
3308.0,0.5231756071279713
3308.4,0.5228552557524953
3308.8,0.5116768439606787
3309.2000000000003,0.5442357818090128
3309.6000000000004,0.5315616022715587
3310.0,0.5531491918725039
3310.4,0.5589612136149273
3310.8,0.5818270768942929
3311.2000000000003,0.5618230368668822
3311.6000000000004,0.554870658231988
3312.0,0.5440948067945934
3312.4,0.5481007501510572
3312.8,0.5502284383679361
3313.2000000000003,0.5310982888179681
3313.6000000000004,0.5433128536074119
3314.0,0.5314865842762081
3314.4,0.5298551260685187
3314.8,0.5457162216691512
3315.2000000000003,0.5409180260540487
3315.6000000000004,0.5258144797627284
3316.0,0.5445684961446204
3316.4,0.553583884226829
3316.8,0.5673228608754894
3317.2000000000003,0.5223628724603493
3317.6000000000004,0.5444787129837511
3318.0,0.543806079761019
3318.4,0.5158498199703193
3318.8,0.5927304199116848
3319.2000000000003,0.5619970135840745
3319.6000000000004,0.5567927244450476
3320.0,0.5450705826670442
3320.4,0.5263399728154647
3320.8,0.557018369700818
3321.2000000000003,0.5640689789970688
3321.6000000000004,0.49472819784119
3322.0,0.5405181719975611
3322.4,0.5382676060875599
3322.8,0.5358598441357648
3323.2000000000003,0.552650603823669
3323.6000000000004,0.5533464724942695
3324.0,0.5305618672700934
3324.4,0.5446903403868879
3324.8,0.5234156401142595
3325.2000000000003,0.5521029934626079
3325.6000000000004,0.550837456567446
3326.0,0.5396086822937749
3326.4,0.5297391800036111
3326.8,0.5445860396157138
3327.2000000000003,0.5387502724789257
3327.6000000000004,0.4945657484350642
3328.0,0.5056880269782309
3328.4,0.5025786106005087
3328.8,0.5488367880566692
3329.2000000000003,0.5551401654324493
3329.6000000000004,0.5153063571652011
3330.0,0.56576116403425
3330.4,0.5142252502886946
3330.8,0.5556013687991035
3331.2000000000003,0.5596196075962504
3331.6000000000004,0.554934959964812
3332.0,0.5438783966007472
3332.4,0.5258249168547424
3332.8,0.5180524224935484
3333.2000000000003,0.5593453173926799
3333.6000000000004,0.5361342704137835
3334.0,0.5153182394554495
3334.4,0.5652324005822283
3334.8,0.540766209671823
3335.2000000000003,0.5517318106366702
3335.6000000000004,0.5268339185133344
3336.0,0.4985066849150547
3336.4,0.5075297907753493
3336.8,0.5215342605094068
3337.2000000000003,0.5473885783412589
3337.6000000000004,0.5718718352673623
3338.0,0.560733446840974
3338.4,0.5259478692918714
3338.8,0.5369960695878561
3339.2000000000003,0.5432822337473397
3339.6000000000004,0.572659168095973
3340.0,0.5169417545110773
3340.4,0.5248207638197288
3340.8,0.5228732574854262
3341.2000000000003,0.5466579384117214
3341.6000000000004,0.5527506730996721
3342.0,0.5548943910765142
3342.4,0.5179274873871846
3342.8,0.5391000169473565
3343.2000000000003,0.5638462875734088
3343.6000000000004,0.47834259445979976
3344.0,0.5247063411727397
3344.4,0.5238470643252853
3344.8,0.5341539190448775
3345.2000000000003,0.5650860678018317
3345.6000000000004,0.5224552716201771
3346.0,0.5109066891301334
3346.4,0.5383492663405259
3346.8,0.5493258426031326
3347.2000000000003,0.5502867148292714
3347.6000000000004,0.5643657491596628
3348.0,0.5594103093439042
3348.4,0.5265293240379711
3348.8,0.5279068701599283
3349.2000000000003,0.5502161522660497
3349.6000000000004,0.5432912330887055
3350.0,0.5191057129707065
3350.4,0.5581361075799309
3350.8,0.5266328350689344
3351.2000000000003,0.572014458033913
3351.6000000000004,0.5202869362232624
3352.0,0.5130598596781727
3352.4,0.5355466470541245
3352.8,0.5491801868087882
3353.2000000000003,0.5635434704487632
3353.6000000000004,0.5574155060806644
3354.0,0.5627576418709923
3354.4,0.5265781487567079
3354.8,0.5186426043969998
3355.2000000000003,0.5568337772364964
3355.6000000000004,0.562683396631701
3356.0,0.5878068250705928
3356.4,0.539683155741832
3356.8,0.5808226837187703
3357.2000000000003,0.5585030476625431
3357.6000000000004,0.527944443502667
3358.0,0.5071865830777085
3358.4,0.5482226807211918
3358.8,0.5233348548154706
3359.2000000000003,0.5215259759199719
3359.6000000000004,0.5911408798918546
3360.0,0.551901788908079
3360.4,0.512393244261438
3360.8,0.5451951625469047
3361.2000000000003,0.5434165427449382
3361.6000000000004,0.544333897158787
3362.0,0.5468628611776315
3362.4,0.5160944862316786
3362.8,0.5243644246417757
3363.2000000000003,0.5682325303236413
3363.6000000000004,0.5631260786476429
3364.0,0.5083401477057377
3364.4,0.5422541285231963
3364.8,0.5295237459391072
3365.2000000000003,0.546039223627667
3365.6000000000004,0.4980226306428423
3366.0,0.5890364998110352
3366.4,0.5576997846171492
3366.8,0.5514252903437559
3367.2000000000003,0.5259424504917587
3367.6000000000004,0.5446103596524886
3368.0,0.535884184034168
3368.4,0.5210786783245335
3368.8,0.5600122082068135
3369.2000000000003,0.5652496439022902
3369.6000000000004,0.5504342832987017
3370.0,0.5267156864314807
3370.4,0.5580886130410894
3370.8,0.544218649863415
3371.2000000000003,0.5389232163494425
3371.6000000000004,0.5581863124391587
3372.0,0.5276960321577756
3372.4,0.5495394732670835
3372.8,0.5197599500402946
3373.2000000000003,0.5360166089685958
3373.6000000000004,0.5635449667718104
3374.0,0.558496536346791
3374.4,0.5003266324428978
3374.8,0.5509770209273769
3375.2000000000003,0.547313385193025
3375.6000000000004,0.5373795761064081
3376.0,0.5389763798872015
3376.4,0.5612318184425011
3376.8,0.5604195089852296
3377.2000000000003,0.5519142024226724
3377.6000000000004,0.5192852437675312
3378.0,0.5623686136344568
3378.4,0.5652805829915608
3378.8,0.5661779088325155
3379.2000000000003,0.5478548415500241
3379.6000000000004,0.581512153337183
3380.0,0.5415238759697367
3380.4,0.5494783699986975
3380.8,0.5433520009156991
3381.2000000000003,0.5482554233363283
3381.6000000000004,0.5439287833665702
3382.0,0.5529172215218743
3382.4,0.5660365005942125
3382.8,0.5638181816280947
3383.2000000000003,0.5446775239168589
3383.6000000000004,0.5560334794210109
3384.0,0.5322966438727713
3384.4,0.5149494765166656
3384.8,0.532297607798031
3385.2000000000003,0.6003074765830273
3385.6000000000004,0.5503791505290146
3386.0,0.520617078065432
3386.4,0.5513993045923151
3386.8,0.5330489528543544
3387.2000000000003,0.5577057976754831
3387.6000000000004,0.5466481474654197
3388.0,0.5175715138134785
3388.4,0.5291466881750752
3388.8,0.5574345947697669
3389.2000000000003,0.5202137197352572
3389.6000000000004,0.5523730309483359
3390.0,0.5186005325730983
3390.4,0.5191738549634628
3390.8,0.5485897410135511
3391.2000000000003,0.5345111298755492
3391.6000000000004,0.48953688053523736
3392.0,0.5406727163729131
3392.4,0.5572492364909502
3392.8,0.5456652325714912
3393.2000000000003,0.5244826169270406
3393.6000000000004,0.5036433710286354
3394.0,0.5304696156547881
3394.4,0.5473980007341834
3394.8,0.5665303506292073
3395.2000000000003,0.5385171252156531
3395.6000000000004,0.5650307289982508
3396.0,0.5086596128743375
3396.4,0.5409622103758026
3396.8,0.5104441791599188
3397.2000000000003,0.5340307081358827
3397.6000000000004,0.5492616738362012
3398.0,0.5137186932630522
3398.4,0.5606301586278605
3398.8,0.5651104767641718
3399.2000000000003,0.5874972331898777
3399.6000000000004,0.5305876673682076
3400.0,0.5352702987855387
3400.4,0.5563115268384828
3400.8,0.5652810141173419
3401.2000000000003,0.5711431587076543
3401.6000000000004,0.5062477775371345
3402.0,0.5067723385368597
3402.4,0.5343501151559572
3402.8,0.5148472610116849
3403.2000000000003,0.5267957148615656
3403.6000000000004,0.5318133418265459
3404.0,0.5580408545632369
3404.4,0.537487745156857
3404.8,0.5330568440367236
3405.2000000000003,0.5130812466850688
3405.6000000000004,0.5396314056096652
3406.0,0.5448095965460897
3406.4,0.5607642483012372
3406.8,0.5659656633762853
3407.2000000000003,0.5459923636533573
3407.6000000000004,0.5453825105271195
3408.0,0.5569019569508129
3408.4,0.5475128701304048
3408.8,0.5466262309378004
3409.2000000000003,0.5196162452741665
3409.6000000000004,0.513699568851
3410.0,0.5557865349555242
3410.4,0.5419069686622008
3410.8,0.5382585088143955
3411.2000000000003,0.5219998601505363
3411.6000000000004,0.5702064359071267
3412.0,0.5330549151732963
3412.4,0.5467633324773187
3412.8,0.5048856367536328
3413.2000000000003,0.5595291261004975
3413.6000000000004,0.5099518089466352
3414.0,0.5271662490743565
3414.4,0.5478011778124968
3414.8,0.5379396131828973
3415.2000000000003,0.5648388237745955
3415.6000000000004,0.5624823430433467
3416.0,0.5295755957567385
3416.4,0.5469672566891832
3416.8,0.5147069949214076
3417.2000000000003,0.5445697164421143
3417.6000000000004,0.5493574185179727
3418.0,0.5506939226494506
3418.4,0.5226145324441809
3418.8,0.551261757444867
3419.2000000000003,0.5802060482256981
3419.6000000000004,0.5575735934482955
3420.0,0.5547558192024278
3420.4,0.5295006509637713
3420.8,0.5645902135414846
3421.2000000000003,0.5679539960464215
3421.6000000000004,0.5556657977087329
3422.0,0.5151757751856538
3422.4,0.5368230634086413
3422.8,0.5496698767878357
3423.2000000000003,0.5106091049895537
3423.6000000000004,0.5604523151169255
3424.0,0.5491967216780776
3424.4,0.5177613859694341
3424.8,0.559446178204742
3425.2000000000003,0.5762218670341582
3425.6000000000004,0.5234872654606948
3426.0,0.5611044433723772
3426.4,0.5581546632460058
3426.8,0.5181385486888971
3427.2000000000003,0.5413112731545591
3427.6000000000004,0.5555627013280771
3428.0,0.5352971590374883
3428.4,0.5186975627919258
3428.8,0.5230586594708329
3429.2000000000003,0.548859678312324
3429.6000000000004,0.5002815917335784
3430.0,0.5594698698274052
3430.4,0.5269039287122658
3430.8,0.5525116546107578
3431.2000000000003,0.5657958982037945
3431.6000000000004,0.5690237122532282
3432.0,0.5477319012920262
3432.4,0.5349169168218616
3432.8,0.5433833793617782
3433.2000000000003,0.5459630440370787
3433.6000000000004,0.5711440115103664
3434.0,0.572842690478852
3434.4,0.5280717559517744
3434.8,0.5056584014187646
3435.2000000000003,0.5231971544267886
3435.6000000000004,0.5663370078212027
3436.0,0.5500426986823101
3436.4,0.5481862569506689
3436.8,0.5994642305577998
3437.2000000000003,0.5409215120250502
3437.6000000000004,0.5493037191111784
3438.0,0.5316204762992455
3438.4,0.5043613919807213
3438.8,0.5304653473155116
3439.2000000000003,0.5420544768356053
3439.6000000000004,0.5388631516387179
3440.0,0.5497355782600117
3440.4,0.5617709768295984
3440.8,0.5411796552207149
3441.2000000000003,0.5434927357756073
3441.6000000000004,0.5735092155676057
3442.0,0.5312635521513895
3442.4,0.5372505902827079
3442.8,0.5288158283077301
3443.2000000000003,0.5543395326924889
3443.6000000000004,0.5561907095146765
3444.0,0.522943423019781
3444.4,0.559537634467879
3444.8,0.5282715847673147
3445.2000000000003,0.5314739754644104
3445.6000000000004,0.5485664535779947
3446.0,0.5427825227229252
3446.4,0.5266132671016522
3446.8,0.5282346866971029
3447.2000000000003,0.5569849090945492
3447.6000000000004,0.5332815498398893
3448.0,0.5230545129711041
3448.4,0.5334587955480411
3448.8,0.5260415925531036
3449.2000000000003,0.5388935515366112
3449.6000000000004,0.5543232397899803
3450.0,0.5378328817230169
3450.4,0.5484164804138753
3450.8,0.507583551379727
3451.2000000000003,0.5211879339759109
3451.6000000000004,0.5695233783755337
3452.0,0.5763041446489463
3452.4,0.5414773149471023
3452.8,0.5005798126317216
3453.2000000000003,0.5771351416813344
3453.6000000000004,0.5258305508490277
3454.0,0.5334890514217043
3454.4,0.5676766550518556
3454.8,0.5591030643659785
3455.2000000000003,0.5049705988236034
3455.6000000000004,0.5534783713447395
3456.0,0.5496168771604845
3456.4,0.5236506332713667
3456.8,0.5159565142773761
3457.2000000000003,0.5146654943718271
3457.6000000000004,0.537451715747537
3458.0,0.5377270951086973
3458.4,0.5126617368173152
3458.8,0.5462104327967996
3459.2000000000003,0.5349000199104568
3459.6000000000004,0.5385972490530984
3460.0,0.5374708627093551
3460.4,0.5278943951592492
3460.8,0.5467155106169179
3461.2000000000003,0.5613128157032304
3461.6000000000004,0.5194307145416884
3462.0,0.5326612546922038
3462.4,0.5547714569641576
3462.8,0.5394818187438947
3463.2000000000003,0.511866516537842
3463.6000000000004,0.5371459634387995
3464.0,0.5438461595155268
3464.4,0.5256961829247278
3464.8,0.5568044643343129
3465.2000000000003,0.5572347800362203
3465.6000000000004,0.5856832346381832
3466.0,0.5550763049168428
3466.4,0.5177812059806436
3466.8,0.5277386491575206
3467.2000000000003,0.5187545132971682
3467.6000000000004,0.5302353640069011
3468.0,0.5187966300071233
3468.4,0.5280633854047513
3468.8,0.5284135932376908
3469.2000000000003,0.5347741571899761
3469.6000000000004,0.5099067634071863
3470.0,0.5509792019692039
3470.4,0.5458659277364653
3470.8,0.5387554605632593
3471.2000000000003,0.5410028209323988
3471.6000000000004,0.49119771636063564
3472.0,0.536183429135562
3472.4,0.5152230675495953
3472.8,0.5310581481080857
3473.2000000000003,0.5416633272427356
3473.6000000000004,0.5219199908266859
3474.0,0.5801162951588186
3474.4,0.5361205385860275
3474.8,0.5323222607152756
3475.2000000000003,0.5299432576571684
3475.6000000000004,0.5450570232162102
3476.0,0.5393038100994721
3476.4,0.5601228464970346
3476.8,0.5148522148991547
3477.2000000000003,0.5521480229331883
3477.6000000000004,0.5574412096685775
3478.0,0.535766102940682
3478.4,0.5049882780855329
3478.8,0.5400586374314901
3479.2000000000003,0.521622943719478
3479.6000000000004,0.5740534102881324
3480.0,0.5270579820619034
3480.4,0.5310386478276464
3480.8,0.5706582102867621
3481.2000000000003,0.5573265301477355
3481.6000000000004,0.567732446123824
3482.0,0.5368725461160336
3482.4,0.5575113443606371
3482.8,0.509945103998524
3483.2000000000003,0.527463567725472
3483.6000000000004,0.5269843684356955
3484.0,0.5601562861484507
3484.4,0.5169053664050174
3484.8,0.544362512932247
3485.2000000000003,0.5401144596053911
3485.6000000000004,0.541395728213719
3486.0,0.567417687310415
3486.4,0.5789348086354541
3486.8,0.566819303283366
3487.2000000000003,0.5170776011146283
3487.6000000000004,0.5530212689679226
3488.0,0.5376040519862965
3488.4,0.5266329015020108
3488.8,0.5203701708518987
3489.2000000000003,0.5295053774914437
3489.6000000000004,0.5748238953699071
3490.0,0.5535304048497216
3490.4,0.5425151946023385
3490.8,0.5530926309036975
3491.2000000000003,0.5344094908652083
3491.6000000000004,0.5564557253897253
3492.0,0.5163336853351171
3492.4,0.535714433362572
3492.8,0.5831267952742144
3493.2000000000003,0.5649939441532521
3493.6000000000004,0.5170835251862764
3494.0,0.511237458186138
3494.4,0.5234883023460165
3494.8,0.5346077228039444
3495.2000000000003,0.5777477632842035
3495.6000000000004,0.5564853054858492
3496.0,0.539716917347534
3496.4,0.549821372786193
3496.8,0.5474364713839808
3497.2000000000003,0.5332468254321058
3497.6000000000004,0.5441781002507007
3498.0,0.5836526668510824
3498.4,0.5505278183863683
3498.8,0.5555632682402754
3499.2000000000003,0.5154284870342225
3499.6000000000004,0.5545135126294183
3500.0,2112.6245882201347
3500.4,0.5610436667425528
3500.8,0.5379285551125044
3501.2000000000003,0.5501958110424366
3501.6000000000004,0.550539744131847
3502.0,0.5492694671007164
3502.4,0.5603051297195206
3502.8,0.5707569050377825
3503.2000000000003,0.582581547100615
3503.6000000000004,0.5365793751063342
3504.0,0.5389309672336287
3504.4,0.5173850865072838
3504.8,0.5382560644440552
3505.2000000000003,0.5419444774810396
3505.6000000000004,0.5582916668580349
3506.0,0.522614150424091
3506.4,0.544480506947332
3506.8,0.5208950760578698
3507.2000000000003,0.5292151835862717
3507.6000000000004,0.5125209219728781
3508.0,0.5481571123152745
3508.4,0.5572032207346874
3508.8,0.5387504201224043
3509.2000000000003,0.5390541912799752
3509.6000000000004,0.5376149131557193
3510.0,0.5408698089808653
3510.4,0.5434147074818488
3510.8,0.5136087333246039
3511.2000000000003,0.5291695913710814
3511.6000000000004,0.5539087679555916
3512.0,0.5288755002329978
3512.4,0.5426792954054711
3512.8,0.5084816689100109
3513.2000000000003,0.5364472126906943
3513.6000000000004,0.5283137170330181
3514.0,0.5445304222014706
3514.4,0.5364125538881861
3514.8,0.5576194606573696
3515.2000000000003,0.5275500562633114
3515.6000000000004,0.5438542714027168
3516.0,0.5410304902321507
3516.4,0.5195132614763063
3516.8,0.5601609972724204
3517.2000000000003,0.5705681920702573
3517.6000000000004,0.5652778268157523
3518.0,0.559675974917038
3518.4,0.5505418863902034
3518.8,0.5271277871315337
3519.2000000000003,0.5580727737247383
3519.6000000000004,0.5011535997813996
3520.0,0.5406053964834652
3520.4,0.5158568100540637
3520.8,0.5533140440470686
3521.2000000000003,0.5461682877034922
3521.6000000000004,0.5321636000522799
3522.0,0.5395129153331496
3522.4,0.548699098134167
3522.8,0.5429754600842449
3523.2000000000003,0.5877471295411785
3523.6000000000004,0.5408375047202069
3524.0,0.565607040557441
3524.4,0.5170760680670305
3524.8,0.5435556844572388
3525.2000000000003,0.5425087583089997
3525.6000000000004,0.5569732207663531
3526.0,0.554772459966153
3526.4,0.5711209326143379
3526.8,0.5509636843711441
3527.2000000000003,0.5203677927679449
3527.6000000000004,0.5353451070266698
3528.0,0.5341110296586207
3528.4,0.5526524175106591
3528.8,0.5273744295462426
3529.2000000000003,0.5411291423912105
3529.6000000000004,0.5021084551165366
3530.0,0.5613619154428127
3530.4,0.5440645816682339
3530.8,0.5494975609924815
3531.2000000000003,0.511916764125054
3531.6000000000004,0.5424543768912504
3532.0,0.5300947365097509
3532.4,0.5250065086754182
3532.8,0.5324905999826619
3533.2000000000003,0.5209542505961573
3533.6000000000004,0.551955652909687
3534.0,0.5395527048995714
3534.4,0.5214188881935585
3534.8,0.576634047695122
3535.2000000000003,0.5483181248758431
3535.6000000000004,0.5625257380440427
3536.0,0.5425076862930448
3536.4,0.5504974917187555
3536.8,0.5359747981147509
3537.2000000000003,0.5555789246619254
3537.6000000000004,0.5467286549736112
3538.0,0.5574242119750216
3538.4,0.539247668739884
3538.8,0.5342414664169589
3539.2000000000003,0.5084932232875232
3539.6000000000004,0.514924615305003
3540.0,0.5488384220254594
3540.4,0.5580166371170864
3540.8,0.5681410624792697
3541.2000000000003,0.5084133540176962
3541.6000000000004,0.5495589977935202
3542.0,0.5179716188500569
3542.4,0.5524464526913251
3542.8,0.5455364655772936
3543.2000000000003,0.5510014216687279
3543.6000000000004,0.5491109039365473
3544.0,0.5647449597683653
3544.4,0.5316979251121469
3544.8,0.523644957620866
3545.2000000000003,0.5249516783711735
3545.6000000000004,0.5386463428935125
3546.0,0.5146191437293213
3546.4,0.532770225635014
3546.8,0.5409790216520501
3547.2000000000003,0.5465763181457338
3547.6000000000004,0.5609209946279929
3548.0,0.5259631590705623
3548.4,0.5515545379341236
3548.8,0.5599222596460424
3549.2000000000003,0.510699498068034
3549.6000000000004,0.5276140943618348
3550.0,0.5748074539022096
3550.4,0.5237230785680665
3550.8,0.5293159850018905
3551.2000000000003,0.5573944940311177
3551.6000000000004,0.5644840726776374
3552.0,0.5421572610876982
3552.4,0.5073647187074134
3552.8,0.5407237781701022
3553.2000000000003,0.4969222188271057
3553.6000000000004,0.5314987133797123
3554.0,0.5402532641630722
3554.4,0.5107056798048898
3554.8,0.5573639069377363
3555.2000000000003,0.5559025840239973
3555.6000000000004,0.5339989462964565
3556.0,0.5322816289174311
3556.4,0.5052808570786116
3556.8,0.5366514599245767
3557.2000000000003,0.5293235500743856
3557.6000000000004,0.5601055773905568
3558.0,0.5371924901405204
3558.4,0.5415975980600557
3558.8,0.5212200637587223
3559.2000000000003,0.574269663029431
3559.6000000000004,0.5849218157404764
3560.0,0.5320531017159892
3560.4,0.5269395432685419
3560.8,0.6072053967419916
3561.2000000000003,0.5009970730363107
3561.6000000000004,0.5252365876832468
3562.0,0.5058785947744076
3562.4,0.5775278204405189
3562.8,0.534580606932673
3563.2000000000003,0.5622283041024138
3563.6000000000004,0.525831978222691
3564.0,0.5405782889099544
3564.4,0.5416557571555881
3564.8,0.5472793600946911
3565.2000000000003,0.5107369559494147
3565.6000000000004,0.5284747210855134
3566.0,0.5824963552183974
3566.4,0.5346493114858175
3566.8,0.5510604950327592
3567.2000000000003,0.4970524708189778
3567.6000000000004,0.5547518446306097
3568.0,0.538381947269134
3568.4,0.576936530604527
3568.8,0.5646459361450548
3569.2000000000003,0.5506843945978848
3569.6000000000004,0.5372703771507903
3570.0,0.5263075785771694
3570.4,0.5504535607005084
3570.8,0.5515218358416883
3571.2000000000003,0.4899359137151889
3571.6000000000004,0.5118414373122846
3572.0,0.5426914081889561
3572.4,0.5662339093804389
3572.8,0.5819944773990349
3573.2000000000003,0.5707996778948249
3573.6000000000004,0.5369630405523186
3574.0,0.5463652587783449
3574.4,0.516223384140202
3574.8,0.5440810707515571
3575.2000000000003,0.5525483110244158
3575.6000000000004,0.5771881483536472
3576.0,0.5392190175735898
3576.4,0.5499098783231432
3576.8,0.5362258273620893
3577.2000000000003,0.556147363730703
3577.6000000000004,0.5539413985867583
3578.0,0.5228612908020223
3578.4,0.5077506691945043
3578.8,0.5254651842824505
3579.2000000000003,0.5217092492280462
3579.6000000000004,0.5595535241798612
3580.0,0.5058667140110933
3580.4,0.55920512074207
3580.8,0.5405209987285263
3581.2000000000003,0.5153835562970617
3581.6000000000004,0.513417038615223
3582.0,0.5594505334031573
3582.4,0.5396743713107701
3582.8,0.5128649255383837
3583.2000000000003,0.5470637015906071
3583.6000000000004,0.5588912829133622
3584.0,0.5617519631507423
3584.4,0.5441967772439238
3584.8,0.5475333012888927
3585.2000000000003,0.5470272338020485
3585.6000000000004,0.5430488061009041
3586.0,0.5686840812026135
3586.4,0.5185259842704759
3586.8,0.5904816689908119
3587.2000000000003,0.5389810532153033
3587.6000000000004,0.5312203163630015
3588.0,0.5304387365208854
3588.4,0.5230505828493999
3588.8,0.5280418523623431
3589.2000000000003,0.5525687856796448
3589.6000000000004,0.5335671628066391
3590.0,0.5677723148635065
3590.4,0.5386057013879917
3590.8,0.5405639828162482
3591.2000000000003,0.5716258713825977
3591.6000000000004,0.5517932063725711
3592.0,0.5217916330986656
3592.4,0.5353801489669641
3592.8,0.5310225738749362
3593.2000000000003,0.5396338874417314
3593.6000000000004,0.5416362258610279
3594.0,0.5657690910452258
3594.4,0.5398717865936017
3594.8,0.5772952962955645
3595.2000000000003,0.5410672050729257
3595.6000000000004,0.5120018308148272
3596.0,0.5157867777922319
3596.4,0.5889235044143255
3596.8,0.540214067103734
3597.2000000000003,0.555189482056835
3597.6000000000004,0.5608787616425822
3598.0,0.5187161726698841
3598.4,0.5348467439691053
3598.8,0.5204883204840215
3599.2000000000003,0.5431396431100668
3599.6000000000004,0.5571038750566236
3600.0,0.5271366583175868
3600.4,0.509428333765657
3600.8,0.5304061421051626
3601.2000000000003,0.5686435378490321
3601.6000000000004,0.5219592759359518
3602.0,0.5284133307556677
3602.4,0.5803080634918486
3602.8,0.5386282313720456
3603.2000000000003,0.55239325158547
3603.6000000000004,0.5414452751517994
3604.0,0.551121443879533
3604.4,0.5331994139457955
3604.8,0.5709565498789402
3605.2000000000003,0.5307326210567852
3605.6000000000004,0.5354374698956693
3606.0,0.5483781258157006
3606.4,0.5558511632557086
3606.8,0.5327422999337923
3607.2000000000003,0.5208546395401911
3607.6000000000004,0.5092921676597337
3608.0,0.5204623416567327
3608.4,0.5810295300758328
3608.8,0.544734160714006
3609.2000000000003,0.5461085568367307
3609.6000000000004,0.5469618607523952
3610.0,0.5718424888168184
3610.4,0.5546115941261969
3610.8,0.5120324040891036
3611.2000000000003,0.5453524808745311
3611.6000000000004,0.4901171088540641
3612.0,0.5098341857738868
3612.4,0.57167857179109
3612.8,0.5230428615473967
3613.2000000000003,0.5422344422376377
3613.6000000000004,0.5607631911608872
3614.0,0.5680000072574555
3614.4,0.5533915765459453
3614.8,0.4999583406308175
3615.2000000000003,0.5592399914596512
3615.6000000000004,0.5545540182326817
3616.0,0.5541189981639577
3616.4,0.500583012556932
3616.8,0.5718586223048326
3617.2000000000003,0.4961566762924749
3617.6000000000004,0.5338383687159279
3618.0,0.5407284613442738
3618.4,0.5416945251656179
3618.8,0.5488163004862118
3619.2000000000003,0.5378075189980518
3619.6000000000004,0.5301139789469412
3620.0,0.5277577106408189
3620.4,0.5272224397202245
3620.8,0.5488501976147866
3621.2000000000003,0.5564279076812935
3621.6000000000004,0.5327998105861012
3622.0,0.5590525748518398
3622.4,0.5796573690796796
3622.8,0.5387610159183243
3623.2000000000003,0.553315489716208
3623.6000000000004,0.5123812925716551
3624.0,0.5318149726652012
3624.4,0.5380528148977108
3624.8,0.5410482642565648
3625.2000000000003,0.5209071425657825
3625.6000000000004,0.5264718308054561
3626.0,0.5478003663394604
3626.4,0.5563515883745404
3626.8,0.5870287101812092
3627.2000000000003,0.5523072775384609
3627.6000000000004,0.5449957069288905
3628.0,0.5527855324624014
3628.4,0.5146707495536331
3628.8,0.5555007313530081
3629.2000000000003,0.5229459464273755
3629.6000000000004,0.5570034532683659
3630.0,0.5603989258903839
3630.4,0.5584615985909822
3630.8,0.529655970430054
3631.2000000000003,0.5460256694670648
3631.6000000000004,0.5276431508694664
3632.0,0.5623937649324245
3632.4,0.5253522609050765
3632.8,0.5918121628729991
3633.2000000000003,0.5469036706995923
3633.6000000000004,0.5730510921912445
3634.0,0.5561970971244001
3634.4,0.5797374219795435
3634.8,0.5450517793166959
3635.2000000000003,0.5358754312964238
3635.6000000000004,0.5229270146456155
3636.0,0.5612653944326484
3636.4,0.5014653432891852
3636.8,0.539407666900145
3637.2000000000003,0.49386816355038515
3637.6000000000004,0.5634638729049147
3638.0,0.5511244113294728
3638.4,0.5538015898831714
3638.8,0.5282772515528654
3639.2000000000003,0.5220580796426754
3639.6000000000004,0.5586944578278547
3640.0,0.5177717828551646
3640.4,0.5596547770852246
3640.8,0.5196481175745814
3641.2000000000003,0.5513549917177724
3641.6000000000004,0.5787208184923263
3642.0,0.5350608920975941
3642.4,0.5408433312922668
3642.8,0.5890862267826307
3643.2000000000003,0.5719692559785118
3643.6000000000004,0.4899541650013725
3644.0,0.5598444937052185
3644.4,0.5457769451199553
3644.8,0.5272117437348539
3645.2000000000003,0.5329226223090262
3645.6000000000004,0.5459353033087743
3646.0,0.5467635929980156
3646.4,0.5628806432704232
3646.8,0.5571458016671913
3647.2000000000003,0.5300883332286226
3647.6000000000004,0.5146252229122602
3648.0,0.5093140926465136
3648.4,0.5666773061602063
3648.8,0.5306848316295956
3649.2000000000003,0.5630749671356441
3649.6000000000004,0.544079126310758
3650.0,0.5484249262108895
3650.4,0.5697545127494936
3650.8,0.5615101169239636
3651.2000000000003,0.5539358518559114
3651.6000000000004,0.5444866988880994
3652.0,0.5420701853642886
3652.4,0.5594682480625864
3652.8,0.5306871376883244
3653.2000000000003,0.5127247795809103
3653.6000000000004,0.5000666260066121
3654.0,0.5529025901917614
3654.4,0.5661729580426828
3654.8,0.5259114444856967
3655.2000000000003,0.5485571337638047
3655.6000000000004,0.5178114321606284
3656.0,0.5422623015194242
3656.4,0.5281357597560121
3656.8,0.5417167024129779
3657.2000000000003,0.5219785790862598
3657.6000000000004,0.5534233742403665
3658.0,0.5861062466384505
3658.4,0.5784112081687316
3658.8,0.5106796427723456
3659.2000000000003,0.5707261214632856
3659.6000000000004,0.534790646380034
3660.0,0.5437105517073816
3660.4,0.530412109605277
3660.8,0.561473953545011
3661.2000000000003,0.5322615467255861
3661.6000000000004,0.5329717347231849
3662.0,0.5255066177388311
3662.4,0.5391942107375128
3662.8,0.5662814360695742
3663.2000000000003,0.5262015198016635
3663.6000000000004,0.5436949318387037
3664.0,0.5387732341048669
3664.4,0.5147791211675832
3664.8,0.5293236813537091
3665.2000000000003,0.5155623303947525
3665.6000000000004,0.5242920918783037
3666.0,0.5578915611677244
3666.4,0.5332273615773001
3666.8,0.5538816874274498
3667.2000000000003,0.5640663926687935
3667.6000000000004,0.5420927555511041
3668.0,0.577789629759798
3668.4,0.512783740143183
3668.8,0.5598757155489525
3669.2000000000003,0.5598661485598871
3669.6000000000004,0.5601559543318106
3670.0,0.5496665864861063
3670.4,0.5638856871832367
3670.8,0.546888314066071
3671.2000000000003,0.5230570394062555
3671.6000000000004,0.5419340525566028
3672.0,0.5334563442525693
3672.4,0.5069416475903628
3672.8,0.5576354054091276
3673.2000000000003,0.5151190106517577
3673.6000000000004,0.5422328106654526
3674.0,0.5438471302823833
3674.4,0.5604956361496766
3674.8,0.5127520210936372
3675.2000000000003,0.5569040454260872
3675.6000000000004,0.5450968754876889
3676.0,0.4952321493357523
3676.4,0.526553017537177
3676.8,0.5264021010956124
3677.2000000000003,0.5289678165623496
3677.6000000000004,0.5440877998804464
3678.0,0.5185232036817712
3678.4,0.4925281816011522
3678.8,0.5423510082470584
3679.2000000000003,0.510108720487664
3679.6000000000004,0.5530464085349919
3680.0,0.5725755469982777
3680.4,0.5554568603001397
3680.8,0.5459924687040731
3681.2000000000003,0.5441954852888201
3681.6000000000004,0.5588562296513531
3682.0,0.536460578594113
3682.4,0.5247026025811288
3682.8,0.545163376460585
3683.2000000000003,0.5421569103472295
3683.6000000000004,0.5413444166874252
3684.0,0.5397246711526664
3684.4,0.5355495027470966
3684.8,0.5173960369615375
3685.2000000000003,0.5472528899340576
3685.6000000000004,0.5603974964092566
3686.0,0.5588864709036799
3686.4,0.5576802978473903
3686.8,0.5418695659826603
3687.2000000000003,0.5560358787983044
3687.6000000000004,0.5232492413852965
3688.0,0.5678155884064816
3688.4,0.5650187959572112
3688.8,0.5266092359450011
3689.2000000000003,0.5267438563430492
3689.6000000000004,0.526670264990639
3690.0,0.5427259608586311
3690.4,0.556165245950222
3690.8,0.5365081884017595
3691.2000000000003,0.5232790991253421
3691.6000000000004,0.5641641532894868
3692.0,0.5458108625556163
3692.4,0.5380002269623171
3692.8,0.547795680441614
3693.2000000000003,0.5653170819837549
3693.6000000000004,0.5407006703791426
3694.0,0.5401553165394877
3694.4,0.5519712601370362
3694.8,0.5395147376537556
3695.2000000000003,0.5379928184788262
3695.6000000000004,0.5612644751390246
3696.0,0.5159847253548903
3696.4,0.524607212066252
3696.8,0.5371137383012288
3697.2000000000003,0.5767920116684797
3697.6000000000004,0.5403825624859496
3698.0,0.5143013393723682
3698.4,0.5331137706437636
3698.8,0.5342324097033688
3699.2000000000003,0.5342905431889193
3699.6000000000004,0.52623241920009
3700.0,0.5341326811059222
3700.4,0.5463718274935587
3700.8,0.530799995984518
3701.2000000000003,0.5377283195026821
3701.6000000000004,0.5479393598010668
3702.0,0.5223405689495996
3702.4,0.5184484272380739
3702.8,0.5557497889593197
3703.2000000000003,0.5690704784044058
3703.6000000000004,0.5333099059103903
3704.0,0.5548966203101809
3704.4,0.5508686670722901
3704.8,0.5332924097393137
3705.2000000000003,0.5562833529804645
3705.6000000000004,0.5627437863477721
3706.0,0.5261411419321341
3706.4,0.5443726782911141
3706.8,0.5244135996283613
3707.2000000000003,0.5324664461023773
3707.6000000000004,0.5477652747171868
3708.0,0.5617345961278685
3708.4,0.5626672041147248
3708.8,0.5440806097306832
3709.2000000000003,0.5277182004893005
3709.6000000000004,0.5898840776114362
3710.0,0.5542570411988423
3710.4,0.5215409888178147
3710.8,0.5168426852103504
3711.2000000000003,0.5724515455109114
3711.6000000000004,0.5329309822796675
3712.0,0.5377621139204315
3712.4,0.5607059502719509
3712.8,0.5698172071775478
3713.2000000000003,0.5186148351800448
3713.6000000000004,0.5239279283210325
3714.0,0.5686469121153516
3714.4,0.573257060386889
3714.8,0.5284487373290782
3715.2000000000003,0.5221078359714022
3715.6000000000004,0.5358221487654188
3716.0,0.5491504938437272
3716.4,0.551662815418704
3716.8,0.5298188318030047
3717.2000000000003,0.5197529387334819
3717.6000000000004,0.534661193409575
3718.0,0.5444630113006161
3718.4,0.5632150900295599
3718.8,0.5349595577095099
3719.2000000000003,0.5498168953480255
3719.6000000000004,0.5343847633224122
3720.0,0.5574225660064385
3720.4,0.5279279238075075
3720.8,0.5699208517592216
3721.2000000000003,0.5379509090761667
3721.6000000000004,0.5165872362324244
3722.0,0.527148979838129
3722.4,0.5393248858852662
3722.8,0.576846040902678
3723.2000000000003,0.5714093860908397
3723.6000000000004,0.5290205555303455
3724.0,0.5408602871092243
3724.4,0.5210888210086881
3724.8,0.542184609427344
3725.2000000000003,0.5385898509374992
3725.6000000000004,0.5388747647821194
3726.0,0.5686017146457396
3726.4,0.5547710165950808
3726.8,0.5621449834755449
3727.2000000000003,0.5376126284187638
3727.6000000000004,0.5758146074505496
3728.0,0.5364373865770984
3728.4,0.5206860173788335
3728.8,0.5222637203290519
3729.2000000000003,0.5315913669526443
3729.6000000000004,0.5595616205055179
3730.0,0.536402008621648
3730.4,0.5157194043256993
3730.8,0.5756169392539359
3731.2000000000003,0.5331063483919412
3731.6000000000004,0.5510591227387784
3732.0,0.5659715390790675
3732.4,0.5457897185199464
3732.8,0.5272311235209768
3733.2000000000003,0.541825596538157
3733.6000000000004,0.5305619690118295
3734.0,0.513524575893608
3734.4,0.5843872289474203
3734.8,0.5347049721390664
3735.2000000000003,0.5252409028706825
3735.6000000000004,0.5461487808688386
3736.0,0.5156144023510475
3736.4,0.5445316979361616
3736.8,0.5409640014725026
3737.2000000000003,0.5271680028628972
3737.6000000000004,0.5821771083276837
3738.0,0.5219797865086976
3738.4,0.5098015961042124
3738.8,0.5588783693664681
3739.2000000000003,0.5618382330270464
3739.6000000000004,0.5406892420813729
3740.0,0.5307075617912563
3740.4,0.5416830521872195
3740.8,0.5537446551362804
3741.2000000000003,0.5591974471754776
3741.6000000000004,0.5349048282959235
3742.0,0.541795407166392
3742.4,0.5123756753821977
3742.8,0.5267029399840018
3743.2000000000003,0.5618960810868032
3743.6000000000004,0.5476483807071713
3744.0,0.557446569324872
3744.4,0.5439707235214432
3744.8,0.5220350196075383
3745.2000000000003,0.5475903403428543
3745.6000000000004,0.557915207865925
3746.0,0.5888423463803968
3746.4,0.52926294297417
3746.8,0.5267991912049558
3747.2000000000003,0.509087322717986
3747.6000000000004,0.5458301027664207
3748.0,0.5836536413370729
3748.4,0.553043673118196
3748.8,0.5474304729536809
3749.2000000000003,0.5112886008364895
3749.6000000000004,0.5281932870137932
3750.0,0.5762061464252373
3750.4,0.540667437003661
3750.8,0.5630100277828284
3751.2000000000003,0.5210456768080907
3751.6000000000004,0.5646745792436278
3752.0,0.5395223755339221
3752.4,0.5151543755970539
3752.8,0.5229893930209163
3753.2000000000003,0.5404865841745553
3753.6000000000004,0.5442766004846191
3754.0,0.5352306340394172
3754.4,0.5650800477532426
3754.8,0.5060385789381074
3755.2000000000003,0.5304909582954989
3755.6000000000004,0.5672245414693201
3756.0,0.5786459852546848
3756.4,0.533120576013067
3756.8,0.5619985262987206
3757.2000000000003,0.5349542727783984
3757.6000000000004,0.5503432037949612
3758.0,0.5724267223978178
3758.4,0.535425282445467
3758.8,0.5510963500227773
3759.2000000000003,0.5524130588164352
3759.6000000000004,0.5383318928689574
3760.0,0.560213420602317
3760.4,0.5390297709334962
3760.8,0.5417900416590381
3761.2000000000003,0.5381653964005018
3761.6000000000004,0.5588172277374347
3762.0,0.5412123151301602
3762.4,0.5394100421820214
3762.8,0.5543823733619988
3763.2000000000003,0.5715086965034075
3763.6000000000004,0.5668264590890449
3764.0,0.5621681027320523
3764.4,0.6070641533423494
3764.8,0.5612900176941972
3765.2000000000003,0.5543060305398848
3765.6000000000004,0.5632469311205515
3766.0,0.5002010287993494
3766.4,0.5607013525182606
3766.8,0.5513322597744351
3767.2000000000003,0.5564287652497204
3767.6000000000004,0.524050172010532
3768.0,0.5273714768642506
3768.4,0.5398112239696427
3768.8,0.5587809214487063
3769.2000000000003,0.5650793308370219
3769.6000000000004,0.574074598298053
3770.0,0.5345750943361344
3770.4,0.4886738605884041
3770.8,0.5487562742572208
3771.2000000000003,0.5198759260112727
3771.6000000000004,0.5813884914379707
3772.0,0.5371316679768094
3772.4,0.5116615033393599
3772.8,0.5450518632295092
3773.2000000000003,0.5355093814512647
3773.6000000000004,0.5467293251086816
3774.0,0.5384457729357534
3774.4,0.5366664943637734
3774.8,0.5131486195938552
3775.2000000000003,0.551135373272259
3775.6000000000004,0.5583168857617122
3776.0,0.5506208726612783
3776.4,0.5412731772216983
3776.8,0.55279285500084
3777.2000000000003,0.5492463735392547
3777.6000000000004,0.530285233465725
3778.0,0.5488837850138825
3778.4,0.5630172527083096
3778.8,0.5374349562109125
3779.2000000000003,0.5371968670643075
3779.6000000000004,0.5717224157078253
3780.0,0.5561123763325402
3780.4,0.5306813259450903
3780.8,0.5130005619562283
3781.2000000000003,0.5936646198559267
3781.6000000000004,0.5665125616280661
3782.0,0.5884774289648873
3782.4,0.5295273255764424
3782.8,0.520101128062307
3783.2000000000003,0.5460140707533415
3783.6000000000004,0.5462109531640379
3784.0,0.5698791621248318
3784.4,0.5555761824063299
3784.8,0.4847763242522217
3785.2000000000003,0.5406685722651356
3785.6000000000004,0.5537878013833685
3786.0,0.551844148076146
3786.4,0.5672496972870015
3786.8,0.5391753621062908
3787.2000000000003,0.5646010914691167
3787.6000000000004,0.5366021697517561
3788.0,0.5441005424980465
3788.4,0.5566643965686214
3788.8,0.5466267445887852
3789.2000000000003,0.5217298219662317
3789.6000000000004,0.5129473753960605
3790.0,0.5471420170276142
3790.4,0.5569661293040503
3790.8,0.5958343376540906
3791.2000000000003,0.5358853971117873
3791.6000000000004,0.5216726844231606
3792.0,0.5427385645937729
3792.4,0.5225906155648882
3792.8,0.5500483826703186
3793.2000000000003,0.5205549769456606
3793.6000000000004,0.5159473461696001
3794.0,0.5571216161114986
3794.4,0.5477678669696452
3794.8,0.5406037217120181
3795.2000000000003,0.5336015711783062
3795.6000000000004,0.5274293961826874
3796.0,0.5135819715048722
3796.4,0.5685150630604571
3796.8,0.5411355973627516
3797.2000000000003,0.5175219840619458
3797.6000000000004,0.5445904767207318
3798.0,0.5370354949193608
3798.4,0.5326170094064164
3798.8,0.5669973836339022
3799.2000000000003,0.5057943078705468
3799.6000000000004,0.5053641820631797
3800.0,0.5100960691649639
3800.4,0.5478559824237587
3800.8,0.5200362540485005
3801.2000000000003,0.5612072404403877
3801.6000000000004,0.567883518918124
3802.0,0.5223149085861178
3802.4,0.510106337691331
3802.8,0.5359352642758903
3803.2000000000003,0.5477265789170329
3803.6000000000004,0.5482982089150739
3804.0,0.5081022940387306
3804.4,0.5279226985958108
3804.8,0.5074037548199303
3805.2000000000003,0.5556812941061733
3805.6000000000004,0.5497744562583737
3806.0,0.5592348845673231
3806.4,0.5332041403568853
3806.8,0.5545445829309479
3807.2000000000003,0.5447972858452906
3807.6000000000004,0.5413663293288402
3808.0,0.5675872464669038
3808.4,0.538530940383099
3808.8,0.5381877819199472
3809.2000000000003,0.5555967456279759
3809.6000000000004,0.5986375222434152
3810.0,0.5616150645404122
3810.4,0.5449305002072177
3810.8,0.5430194980672188
3811.2000000000003,0.5309861352232664
3811.6000000000004,0.5088621957291554
3812.0,0.5096831027013278
3812.4,0.5391823925732012
3812.8,0.5360922601777329
3813.2000000000003,0.5188458821466617
3813.6000000000004,0.5324188808874413
3814.0,0.5314811450585779
3814.4,0.5741216581818331
3814.8,0.5567343565985774
3815.2000000000003,0.5376829598082559
3815.6000000000004,0.5765750614545534
3816.0,0.5604598198451123
3816.4,0.5499867417341009
3816.8,0.5519983252547012
3817.2000000000003,0.5009216857208927
3817.6000000000004,0.5276735835970255
3818.0,0.5398272579423554
3818.4,0.5277336106963794
3818.8,0.574563239507243
3819.2000000000003,0.5466759608626868
3819.6000000000004,0.5205191808612804
3820.0,0.48820930362924725
3820.4,0.5428302647542006
3820.8,0.5418138189954123
3821.2000000000003,0.5487988468671026
3821.6000000000004,0.5483834417864912
3822.0,0.5321254585242547
3822.4,0.5408894540923548
3822.8,0.5560048356210066
3823.2000000000003,0.5315701075475202
3823.6000000000004,0.5664985090801749
3824.0,0.5433650009839863
3824.4,0.538881457630433
3824.8,0.48981220871139025
3825.2000000000003,0.5418642022378354
3825.6000000000004,0.5425505596467006
3826.0,0.5440975705835369
3826.4,0.5498891970794813
3826.8,0.5672124240455929
3827.2000000000003,0.5600336899404915
3827.6000000000004,0.4940521779719733
3828.0,0.5607229233131479
3828.4,0.5395147049966337
3828.8,0.5556955588641199
3829.2000000000003,0.5354419239202308
3829.6000000000004,0.5090467031410368
3830.0,0.5091708965275777
3830.4,0.533313393054357
3830.8,0.4962465971770792
3831.2000000000003,0.5499574940337552
3831.6000000000004,0.539810095188048
3832.0,0.5427766115424646
3832.4,0.5581014062279321
3832.8,0.5101751032380585
3833.2000000000003,0.5403324850517549
3833.6000000000004,0.5035005278053196
3834.0,0.5627201675203068
3834.4,0.5357825914884787
3834.8,0.5126808244347959
3835.2000000000003,0.5230331458519022
3835.6000000000004,0.5112924728604162
3836.0,0.5396456137666704
3836.4,0.5150795500146941
3836.8,0.5428720109644761
3837.2000000000003,0.5419699715586372
3837.6000000000004,0.5217557644544065
3838.0,0.5043110831048034
3838.4,0.522987188117361
3838.8,0.5563149623399178
3839.2000000000003,0.5750459255831933
3839.6000000000004,0.5105238293785275
3840.0,0.5265426328736514
3840.4,0.5073977459445904
3840.8,0.5697057249983126
3841.2000000000003,0.5154788618609227
3841.6000000000004,0.533953778892209
3842.0,0.5244345475082633
3842.4,0.5609908087850604
3842.8,0.5458426435795284
3843.2000000000003,0.5516972510937727
3843.6000000000004,0.5553909495583005
3844.0,0.5575726960481738
3844.4,0.5144756039444921
3844.8,0.5659200036923826
3845.2000000000003,0.5325556561461215
3845.6000000000004,0.5262254470129083
3846.0,0.5042543197877882
3846.4,0.5419261686874257
3846.8,0.5083390994410971
3847.2000000000003,0.5344085628769698
3847.6000000000004,0.5601453322072698
3848.0,0.522266891500132
3848.4,0.5312434762283684
3848.8,0.5593837834791274
3849.2000000000003,0.5149017099384497
3849.6000000000004,0.571250340525642
3850.0,0.5309889987484572
3850.4,0.5437867244301976
3850.8,0.5273584821882411
3851.2000000000003,0.5415711442173321
3851.6000000000004,0.5423974896210121
3852.0,0.5383689817820707
3852.4,0.5671328116950244
3852.8,0.551209252306787
3853.2000000000003,0.5416922123192917
3853.6000000000004,0.5168954319285991
3854.0,0.5460957997071806
3854.4,0.542030057309565
3854.8,0.559211184497733
3855.2000000000003,0.5290994575551755
3855.6000000000004,0.5296372231252512
3856.0,0.5722061822700494
3856.4,0.5431343079974412
3856.8,0.52105317059531
3857.2000000000003,0.5085104928393732
3857.6000000000004,0.5472700062439659
3858.0,0.558280738015468
3858.4,0.5579476789842134
3858.8,0.5444472322476275
3859.2000000000003,0.5396511544003432
3859.6000000000004,0.5419511170255217
3860.0,0.5583908960664856
3860.4,0.541549064459296
3860.8,0.5301832087965129
3861.2000000000003,0.527552510269417
3861.6000000000004,0.5324457704472735
3862.0,0.49695922081995075
3862.4,0.5419075860897444
3862.8,0.5908024318666988
3863.2000000000003,0.5613367243615076
3863.6000000000004,0.5481955260762092
3864.0,0.5262395667335804
3864.4,0.5222107419866103
3864.8,0.525814545460585
3865.2000000000003,0.536009473962786
3865.6000000000004,0.5585936535072686
3866.0,0.5650070747726652
3866.4,0.5670023631608148
3866.8,0.5252867449323559
3867.2000000000003,0.5469133782911065
3867.6000000000004,0.4842893067952655
3868.0,0.504281644844177
3868.4,0.5630307738899685
3868.8,0.5354522367015648
3869.2000000000003,0.5508692302107613
3869.6000000000004,0.5604779580450683
3870.0,0.4881288950881481
3870.4,0.5354725806192262
3870.8,0.5224637470135615
3871.2000000000003,0.5358818044704298
3871.6000000000004,0.5508368384251661
3872.0,0.5212738560135595
3872.4,0.5155462034823264
3872.8,0.5384843394984384
3873.2000000000003,0.5252564112349706
3873.6000000000004,0.5508456513896036
3874.0,0.5326741579588912
3874.4,0.5378699084344958
3874.8,0.5552964252096949
3875.2000000000003,0.540041277160187
3875.6000000000004,0.5444974544771036
3876.0,0.5257586508996058
3876.4,0.5111167150852717
3876.8,0.52226782836813
3877.2000000000003,0.5781691472439552
3877.6000000000004,0.5642855533107767
3878.0,0.5317630361927185
3878.4,0.5340236100074089
3878.8,0.5515239650279912
3879.2000000000003,0.5218499316078293
3879.6000000000004,0.5312528178013795
3880.0,0.5345389339710327
3880.4,0.5666529221801803
3880.8,0.5106707226720948
3881.2000000000003,0.5225581168910486
3881.6000000000004,0.5138182760700467
3882.0,0.5260254465300624
3882.4,0.5452815667192609
3882.8,0.5465195173701495
3883.2000000000003,0.5600055273607114
3883.6000000000004,0.5320609821477987
3884.0,0.5148341807375522
3884.4,0.5101083576850624
3884.8,0.5088623219829812
3885.2000000000003,0.5042537196382216
3885.6000000000004,0.5514139374314123
3886.0,0.5701559588822959
3886.4,0.5654931316782035
3886.8,0.545485870107883
3887.2000000000003,0.5668556439760147
3887.6000000000004,0.5176053328859102
3888.0,0.5537278821219495
3888.4,0.5794081593894016
3888.8,0.5593812529583102
3889.2000000000003,0.5496292589031155
3889.6000000000004,0.5301768037914896
3890.0,0.5426608759360717
3890.4,0.5294241458354818
3890.8,0.5523619617243641
3891.2000000000003,0.5504369468889728
3891.6000000000004,0.5548176423293362
3892.0,0.5210456589203657
3892.4,0.5303203398740165
3892.8,0.5225635323422565
3893.2000000000003,0.5121237599165924
3893.6000000000004,0.4754071515146661
3894.0,0.543485954528539
3894.4,0.509862550828728
3894.8,0.5542685333024544
3895.2000000000003,0.5477407691439888
3895.6000000000004,0.5279368112821525
3896.0,0.5170312101133604
3896.4,0.5149601659497063
3896.8,0.5092569445727135
3897.2000000000003,0.5728336468281944
3897.6000000000004,0.5575072675674265
3898.0,0.5506446667938031
3898.4,0.5187974217721032
3898.8,0.5301202308288814
3899.2000000000003,0.5657275215520585
3899.6000000000004,0.5358369553939097
3900.0,0.5433782442443597
3900.4,0.5651251183685573
3900.8,0.5466974831733546
3901.2000000000003,0.5192343609673987
3901.6000000000004,0.5379199794750177
3902.0,0.5722844402622116
3902.4,0.5524572441180741
3902.8,0.5171004529824456
3903.2000000000003,0.5454186036780544
3903.6000000000004,0.5212205426313514
3904.0,0.540565447748406
3904.4,0.5307730023849405
3904.8,0.530791007580234
3905.2000000000003,0.5609813359703385
3905.6000000000004,0.5650191428662842
3906.0,0.5663440811019095
3906.4,0.5453686889713091
3906.8,0.5486627045521922
3907.2000000000003,0.5264357443589295
3907.6000000000004,0.5405771272397376
3908.0,0.5316660730479436
3908.4,0.542424311055647
3908.8,0.5552376774489486
3909.2000000000003,0.5944474860366531
3909.6000000000004,0.5464419109880365
3910.0,0.5703555398045502
3910.4,0.5191549950041321
3910.8,0.4883776458502718
3911.2000000000003,0.5412705381824512
3911.6000000000004,0.5227707497289498
3912.0,0.5356649177121303
3912.4,0.5595228547849719
3912.8,0.5289063320547541
3913.2000000000003,0.5105512260349195
3913.6000000000004,0.5263072417766936
3914.0,0.5413771924326616
3914.4,0.5670466117312143
3914.8,0.5126133486967895
3915.2000000000003,0.5510299505258945
3915.6000000000004,0.545619002995052
3916.0,0.5362860559308104
3916.4,0.5352310076763379
3916.8,0.5449301155856924
3917.2000000000003,0.4941275630972605
3917.6000000000004,0.5352363818371914
3918.0,0.5408346674841981
3918.4,0.5447972903495494
3918.8,0.5163023766275945
3919.2000000000003,0.5165973830763112
3919.6000000000004,0.5507263913007516
3920.0,0.5189660366613997
3920.4,0.5060591031890157
3920.8,0.5503093752674698
3921.2000000000003,0.5657508201290701
3921.6000000000004,0.5766809041308797
3922.0,0.5279651170917236
3922.4,0.5568747871476611
3922.8,0.5476518406431466
3923.2000000000003,0.5626123337738774
3923.6000000000004,0.5254518541642896
3924.0,0.5228396974013743
3924.4,0.5632977078613004
3924.8,0.5164476199747763
3925.2000000000003,0.49557038766936323
3925.6000000000004,0.5407585745557401
3926.0,0.5237778950658345
3926.4,0.5348668562839215
3926.8,0.5273018234339004
3927.2000000000003,0.5293423214910704
3927.6000000000004,0.5161724753829938
3928.0,0.4980588998576879
3928.4,0.5310684759121352
3928.8,0.5519221040335823
3929.2000000000003,0.5541445230557636
3929.6000000000004,0.5003578765229479
3930.0,0.5299985489473964
3930.4,0.5245891130992599
3930.8,0.5431749055725072
3931.2000000000003,0.5207818640017418
3931.6000000000004,0.5322774107841843
3932.0,0.5224978655997183
3932.4,0.5623793705695135
3932.8,0.5518781319823091
3933.2000000000003,0.564429355931697
3933.6000000000004,0.5510607475836592
3934.0,0.5316214055184432
3934.4,0.5337431301802912
3934.8,0.5129641394529711
3935.2000000000003,0.5328245930793468
3935.6000000000004,0.5658265134798408
3936.0,0.5185067058157924
3936.4,0.550767216110751
3936.8,0.5463612540719051
3937.2000000000003,0.5096263652374309
3937.6000000000004,0.4903426382640601
3938.0,0.5411109397531284
3938.4,0.5152072969014495
3938.8,0.5930886833312375
3939.2000000000003,0.5570221442268986
3939.6000000000004,0.5629153290180353
3940.0,0.5005512404120416
3940.4,0.5683279710252763
3940.8,0.5315758642861129
3941.2000000000003,0.5369764856427601
3941.6000000000004,0.5357350947557064
3942.0,0.5673319370409913
3942.4,0.5570379158836212
3942.8,0.5322644315954244
3943.2000000000003,0.575554083837357
3943.6000000000004,0.528030736825794
3944.0,0.5067615864920537
3944.4,0.519465959059259
3944.8,0.5439483881854182
3945.2000000000003,0.5602004287951674
3945.6000000000004,0.5656017527878782
3946.0,0.5344812317729062
3946.4,0.5413208292780282
3946.8,0.49557781163324366
3947.2000000000003,0.5119974339815654
3947.6000000000004,0.5118355770155822
3948.0,0.5617385783272425
3948.4,0.545907490711092
3948.8,0.5595265603220423
3949.2000000000003,0.5458557502888997
3949.6000000000004,0.5395815882097342
3950.0,0.534224059025297
3950.4,0.5505939799825768
3950.8,0.5525570018152043
3951.2000000000003,0.5354588729519866
3951.6000000000004,0.5814593153752109
3952.0,0.5385513642701114
3952.4,0.5472278327157906
3952.8,0.5260453960865827
3953.2000000000003,0.493812295517389
3953.6000000000004,0.5201551681534143
3954.0,0.5424633849272119
3954.4,0.5522565381098361
3954.8,0.5346973638662909
3955.2000000000003,0.5448925638543949
3955.6000000000004,0.5385231804832351
3956.0,0.5521130993824303
3956.4,0.5069799217883152
3956.8,0.5642752269207149
3957.2000000000003,0.516668859310445
3957.6000000000004,0.5910145974907804
3958.0,0.556128184611998
3958.4,0.5574216967191475
3958.8,0.5366654030749433
3959.2000000000003,0.531681789452128
3959.6000000000004,0.5172670597427075
3960.0,0.5157786929668332
3960.4,0.5329055148900457
3960.8,0.5658677263354639
3961.2000000000003,0.5317345212620895
3961.6000000000004,0.5519804629015762
3962.0,0.542145305329544
3962.4,0.5388782189014423
3962.8,0.49659029167683133
3963.2000000000003,0.5382932507885223
3963.6000000000004,0.5260528087869065
3964.0,0.5593609583386095
3964.4,0.5820158697472334
3964.8,0.5505826879973259
3965.2000000000003,0.5236776363448891
3965.6000000000004,0.5265830057460922
3966.0,0.5293724542265184
3966.4,0.5300323750752453
3966.8,0.5478264107469821
3967.2000000000003,0.525527834242293
3967.6000000000004,0.5142420155089665
3968.0,0.5154653344283905
3968.4,0.5072123696874007
3968.8,0.5500167486145545
3969.2000000000003,0.5318796872643737
3969.6000000000004,0.4811079333652036
3970.0,0.5552147730325859
3970.4,0.5303188898429342
3970.8,0.5374073018090918
3971.2000000000003,0.5485777706511247
3971.6000000000004,0.5435233182873584
3972.0,0.5141747423971942
3972.4,0.5184499002834837
3972.8,0.5558050555958971
3973.2000000000003,0.5281298018706534
3973.6000000000004,0.557720572491474
3974.0,0.5343049089511231
3974.4,0.5193855912708347
3974.8,0.5341165358729947
3975.2000000000003,0.5493852249432528
3975.6000000000004,0.5428260930449272
3976.0,0.5134670335511197
3976.4,0.552689500526883
3976.8,0.5622022127967601
3977.2000000000003,0.5265371011592047
3977.6000000000004,0.539295152780115
3978.0,0.5624060898119554
3978.4,0.5333888531585923
3978.8,0.5382425025338196
3979.2000000000003,0.5229661917941619
3979.6000000000004,0.5319177994954215
3980.0,0.5326844697007492
3980.4,0.5113402841132474
3980.8,0.5631513679511219
3981.2000000000003,0.549338357464044
3981.6000000000004,0.5397140872823266
3982.0,0.515315469063155
3982.4,0.5046587864715271
3982.8,0.5441114484924462
3983.2000000000003,0.535007222610556
3983.6000000000004,0.5521770011193948
3984.0,0.5669942381504155
3984.4,0.5792074940463382
3984.8,0.5291399866045937
3985.2000000000003,0.5159362079074007
3985.6000000000004,0.5274027846874584
3986.0,0.5057904780099638
3986.4,0.5101619937970238
3986.8,0.521208153024122
3987.2000000000003,0.5646634902346035
3987.6000000000004,0.5335781483219468
3988.0,0.5472801718966762
3988.4,0.522727779414224
3988.8,0.5299795909919105
3989.2000000000003,0.5016318313194417
3989.6000000000004,0.5444630233502296
3990.0,0.5183228770573794
3990.4,0.5268668547845378
3990.8,0.5648552269652826
3991.2000000000003,0.5590077000662298
3991.6000000000004,0.567291583945149
3992.0,0.5177835993732838
3992.4,0.5226132601945078
3992.8,0.5102413685482562
3993.2000000000003,0.5612603976479297
3993.6000000000004,0.4961433234625113
3994.0,0.5518015155871151
3994.4,0.5367873981643909
3994.8,0.5512334555055605
3995.2000000000003,0.5551244416574499
3995.6000000000004,0.5144663719504752
3996.0,0.5584009406750741
3996.4,0.5467838512122617
3996.8,0.5451383841954024
3997.2000000000003,0.5528976392692925
3997.6000000000004,0.5498684665921174
3998.0,0.5683374027897617
3998.4,0.5460669951728445
3998.8,0.5460857367221715
3999.2000000000003,0.5450667799387848
3999.6000000000004,0.5021882037271105
4000.0,0.5312383240144855
4000.4,0.5557276078636131
4000.8,0.547291131025524
4001.2000000000003,0.5351149375817549
4001.6000000000004,0.5646434507120878
4002.0,0.5622856796600649
4002.4,0.5744554325438044
4002.8,0.5673133475603399
4003.2000000000003,0.5263746431938261
4003.6000000000004,0.54677099870336
4004.0,0.5818492921112891
4004.4,0.5384046339941365
4004.8,0.5835546772833928
4005.2000000000003,0.5565825734228419
4005.6000000000004,0.554207968030796
4006.0,0.5252320366670591
4006.4,0.5293020708621338
4006.8,0.5366810248862917
4007.2000000000003,0.5165271108203995
4007.6000000000004,0.5460161953934372
4008.0,0.5044951985212126
4008.4,0.5749551403060018
4008.8,0.5374562835516817
4009.2000000000003,0.5716070493966297
4009.6000000000004,0.532121032910736
4010.0,0.5148550071257672
4010.4,0.5091284262715551
4010.8,0.5356758896092034
4011.2000000000003,0.5066209969193841
4011.6000000000004,0.570909436395318
4012.0,0.5515437947248003
4012.4,0.5765106516515656
4012.8,0.5770283590423189
4013.2000000000003,0.536458259377517
4013.6000000000004,0.5674832721477948
4014.0,0.5135868857484768
4014.4,0.5185326950837227
4014.8,0.5387575333584429
4015.2000000000003,0.5489386260944238
4015.6000000000004,0.5473733058041957
4016.0,0.5367353586352114
4016.4,0.5573222465029487
4016.8,0.5172313193684591
4017.2000000000003,0.4950772696269594
4017.6000000000004,0.5504907590006404
4018.0,0.5293913945538967
4018.4,0.5522449835605419
4018.8,0.5495200016267927
4019.2000000000003,0.5529783240579718
4019.6000000000004,0.5558640838163228
4020.0,0.5443424783730951
4020.4,0.5535719903526823
4020.8,0.5346668269360253
4021.2000000000003,0.5451432494011307
4021.6000000000004,0.5237953897870312
4022.0,0.5281902650367444
4022.4,0.5280102374111255
4022.8,0.5565506513997105
4023.2000000000003,0.5338723163227653
4023.6000000000004,0.5404993829110322
4024.0,0.536962795338358
4024.4,0.5559393848990384
4024.8,0.5127878128582076
4025.2000000000003,0.5396673364582566
4025.6000000000004,0.5407689826752977
4026.0,0.5272207869486344
4026.4,0.5313476541487654
4026.8,0.5645703506754187
4027.2000000000003,0.5262204881287603
4027.6000000000004,0.5808684877590783
4028.0,0.5496380901093576
4028.4,0.5278689287685434
4028.8,0.5482314745203819
4029.2000000000003,0.5253901656382963
4029.6000000000004,0.547449332761551
4030.0,0.546475498252762
4030.4,0.5335034659057152
4030.8,0.5608256888307314
4031.2000000000003,0.55658685185386
4031.6000000000004,0.521335001790373
4032.0,0.5142838538262344
4032.4,0.5284881795737062
4032.8,0.5314788501556248
4033.2000000000003,0.5740337257560448
4033.6000000000004,0.5671740935273336
4034.0,0.5569541818911934
4034.4,0.5344724483363634
4034.8,0.5051965340174165
4035.2000000000003,0.5223081091077071
4035.6000000000004,0.5240821580903818
4036.0,0.5202589350759852
4036.4,0.4877635833046694
4036.8,0.5270941573216668
4037.2000000000003,0.5601186062046969
4037.6000000000004,0.5762211276154404
4038.0,0.5653573774831667
4038.4,0.5527490455014241
4038.8,0.5572207820963065
4039.2000000000003,0.5371978903001299
4039.6000000000004,0.4880526979324416
4040.0,0.5236630642144148
4040.4,0.5116306905278326
4040.8,0.5309927981812937
4041.2000000000003,0.5432844503316435
4041.6000000000004,0.5551842173540987
4042.0,0.558384774130926
4042.4,0.5641362020470655
4042.8,0.5296784279451182
4043.2000000000003,0.517805800784066
4043.6000000000004,0.504617961420046
4044.0,0.5117454226319385
4044.4,0.5322720690506956
4044.8,0.5502862890269745
4045.2000000000003,0.5409708463097446
4045.6000000000004,0.5349018946452847
4046.0,0.5547303038820401
4046.4,0.5235885433955781
4046.8,0.5321916164418813
4047.2000000000003,0.5216062060338104
4047.6000000000004,0.5102747855134073
4048.0,0.5572374222421922
4048.4,0.554927433344504
4048.8,0.5392617643921753
4049.2000000000003,0.5671708916281968
4049.6000000000004,0.5419847151008796
4050.0,0.5644684954992197
4050.4,0.5683026618629441
4050.8,0.5075926819259711
4051.2000000000003,0.5303179418324505
4051.6000000000004,0.5234097807693059
4052.0,0.5248514190540944
4052.4,0.5279061631335673
4052.8,0.558367123842644
4053.2000000000003,0.5332504266720862
4053.6000000000004,0.5573184206869247
4054.0,0.5319314038721769
4054.4,0.5061004741991785
4054.8,0.48161625064657987
4055.2000000000003,0.5206524693511471
4055.6000000000004,0.5501822288509541
4056.0,0.5186327674681807
4056.4,0.54704135056477
4056.8,0.5342313136840882
4057.2000000000003,0.5286485470544897
4057.6000000000004,0.5338400853319365
4058.0,0.5144417915815256
4058.4,0.5191309619468198
4058.8,0.5323658673563156
4059.2000000000003,0.5189618443967577
4059.6000000000004,0.524856610843754
4060.0,0.5632346012131898
4060.4,0.5322770999565115
4060.8,0.5611645546444036
4061.2000000000003,0.5601561012416362
4061.6000000000004,0.5320891040598346
4062.0,0.5624777649960042
4062.4,0.5095188802702393
4062.8,0.5055691463685901
4063.2000000000003,0.526478155391849
4063.6000000000004,0.5246610687011524
4064.0,0.5213273156781412
4064.4,0.5719689556195378
4064.8,0.53795681246735
4065.2000000000003,0.5447406731989929
4065.6000000000004,0.5727334568909441
4066.0,0.5348182293960506
4066.4,0.5241744597278968
4066.8,0.5100652563480027
4067.2000000000003,0.4898257948342384
4067.6000000000004,0.514529926026209
4068.0,0.5372775556106798
4068.4,0.5216590800982599
4068.8,0.5712037140153853
4069.2000000000003,0.5120447421070699
4069.6000000000004,0.5257788345214602
4070.0,0.5280459992286496
4070.4,0.539158601268092
4070.8,0.5056797368130495
4071.2000000000003,0.5384296896023699
4071.6000000000004,0.5115713578305974
4072.0,0.5356700122649224
4072.4,0.5811989318884132
4072.8,0.5511726860961265
4073.2000000000003,0.5589982895458857
4073.6000000000004,0.5560658619491103
4074.0,0.5703528947506383
4074.4,0.5231831848530696
4074.8,0.5318320760472103
4075.2000000000003,0.5284982044705456
4075.6000000000004,0.5578747065346373
4076.0,0.5240863183286057
4076.4,0.5305033053308758
4076.8,0.5423502560139376
4077.2000000000003,0.5793649987177045
4077.6000000000004,0.5667944574558431
4078.0,0.5461436251654885
4078.4,0.5004407180527309
4078.8,0.5274640045362601
4079.2000000000003,0.5033999333344352
4079.6000000000004,0.5202433264201843
4080.0,0.5113932239022386
4080.4,0.5790529084958251
4080.8,0.5827425883778528
4081.2000000000003,0.5535520198133264
4081.6000000000004,0.5662990598690283
4082.0,0.5088198836212497
4082.4,0.548974898906599
4082.8,0.549014194612374
4083.2000000000003,0.5677515981515195
4083.6000000000004,0.5302475413372228
4084.0,0.5428183991443962
4084.4,0.5387864053474605
4084.8,0.546527608327261
4085.2000000000003,0.5640815209089232
4085.6000000000004,0.5608648422664495
4086.0,0.5600609459961253
4086.4,0.5122470249035069
4086.8,0.5375724120174544
4087.2000000000003,0.5257813239215317
4087.6000000000004,0.4922868024153086
4088.0,0.5216978194233175
4088.4,0.5552836795098148
4088.8,0.5534685776422154
4089.2000000000003,0.5290157151614078
4089.6000000000004,0.5504245787938177
4090.0,0.5393760772487979
4090.4,0.5387650978205251
4090.8,0.5566052574440707
4091.2000000000003,0.557153422028856
4091.6000000000004,0.5073537140580214
4092.0,0.5223118056333333
4092.4,0.5190888029938072
4092.8,0.5846348193544001
4093.2000000000003,0.5269000659828244
4093.6000000000004,0.5679461224543492
4094.0,0.5194314689749777
4094.4,0.5139195371969373
4094.8,0.5277192863568898
4095.2000000000003,0.5370498879592253
4095.6000000000004,0.5435917364274473
4096.0,0.541577422786999
4096.400000000001,0.527202724149309
4096.8,0.5416680060817258
4097.2,0.5294258594767144
4097.6,0.5113502835551215
4098.0,0.556620865645398
4098.400000000001,0.5579181498224951
4098.8,0.5489425685422692
4099.2,0.5158768923323431
4099.6,0.5335871143951278
4100.0,0.5103751542040741
4100.400000000001,0.5523363878754587
4100.8,0.5196435711194435
4101.2,0.5227582076055296
4101.6,0.5306846736848707
4102.0,0.5075488182242519
4102.400000000001,0.5171123918726761
4102.8,0.5838366844260994
4103.2,0.5343762864999952
4103.6,0.5246043040987355
4104.0,0.4995341868656689
4104.400000000001,0.5014462634717735
4104.8,0.5229730214466075
4105.2,0.5129495050562586
4105.6,0.519630661859535
4106.0,0.5434825225635325
4106.400000000001,0.5129920863621871
4106.8,0.5847424864990074
4107.2,0.5607343423942474
4107.6,0.5701326910920729
4108.0,0.4910535579683032
4108.400000000001,0.5381569334816781
4108.8,0.4986287041625641
4109.2,0.5239684174308633
4109.6,0.5282044209606592
4110.0,0.5063221940868695
4110.400000000001,0.522030577824573
4110.8,0.5490444716516041
4111.2,0.5270185246441552
4111.6,0.564849245981695
4112.0,0.5450005579117059
4112.400000000001,0.527652196216453
4112.8,0.5328284238603193
4113.2,0.5099773163203078
4113.6,0.530388865819475
4114.0,0.5007933629107836
4114.400000000001,0.5271917396245115
4114.8,0.5572650240739205
4115.2,0.5615296121528672
4115.6,0.5807409875516987
4116.0,0.6307620184759791
4116.400000000001,0.5594741731262866
4116.8,0.5207625178650724
4117.2,0.5387444215345351
4117.6,0.5462991667394077
4118.0,0.5339148142222137
4118.400000000001,0.5061143020180248
4118.8,0.525346981906174
4119.2,0.5526815958286169
4119.6,0.5629290647336693
4120.0,0.5174824175633227
4120.400000000001,0.5481406513603494
4120.8,0.5696738496159937
4121.2,0.5616992055060104
4121.6,0.5312880918215489
4122.0,0.510869972530032
4122.400000000001,0.5106925702910852
4122.8,0.5295301065444756
4123.2,0.5435309424508591
4123.6,0.5263595398833647
4124.0,0.5179420238596506
4124.400000000001,0.5699844526681651
4124.8,0.5486411363545451
4125.2,0.5730961909601286
4125.6,0.5397706760159804
4126.0,0.5378906711919463
4126.400000000001,0.5459694277856095
4126.8,0.534693615418294
4127.2,0.5354896492436435
4127.6,0.5194571753350803
4128.0,0.5527488485727728
4128.400000000001,0.5422125928683142
4128.8,0.5534879591567922
4129.2,0.538588952250379
4129.6,0.5762936028675657
4130.0,0.5802137687096431
4130.400000000001,0.560270644917128
4130.8,0.5289636869643629
4131.2,0.5471413844655931
4131.6,0.5348101453762771
4132.0,0.5128085454568588
4132.400000000001,0.5304504507042623
4132.8,0.5625396136461622
4133.2,0.5088485875810353
4133.6,0.5782885848766124
4134.0,0.5306735122423523
4134.400000000001,0.5464562435530037
4134.8,0.5676639907459806
4135.2,0.5129740456186365
4135.6,0.5442701785209413
4136.0,0.5476863498596347
4136.400000000001,0.4994740076765655
4136.8,0.5503764944027653
4137.2,0.5207723146677932
4137.6,0.5154299095321411
4138.0,0.5192066181306983
4138.400000000001,0.5437843504774245
4138.8,0.5754084058848584
4139.2,0.5574891315354487
4139.6,0.5803401329927085
4140.0,0.555246309850602
4140.400000000001,0.5571309137594437
4140.8,0.5364605765876345
4141.2,0.529776848155804
4141.6,0.5197942485676115
4142.0,0.5067116228351384
4142.400000000001,0.5428805146197933
4142.8,0.525663310174769
4143.2,0.5675365488562149
4143.6,0.5488968063727645
4144.0,0.5481417396673027
4144.400000000001,0.5323820912325984
4144.8,0.5641799303104048
4145.2,0.5607930533573242
4145.6,0.5749138441951207
4146.0,0.53819915953465
4146.400000000001,0.5493816900679346
4146.8,0.5223089846035049
4147.2,0.5466076225147756
4147.6,0.5388189904075198
4148.0,0.5066647274190337
4148.400000000001,0.5760507753236709
4148.8,0.5751657267195458
4149.2,0.5676713787106776
4149.6,0.5557975624790987
4150.0,0.5581087913481042
4150.400000000001,0.5394442059563501
4150.8,0.5234187572263695
4151.2,0.5018050193689626
4151.6,0.5403841610874813
4152.0,0.5267304498998059
4152.400000000001,0.5189690297431182
4152.8,0.5227036227515055
4153.2,0.5343338480351659
4153.6,0.5424972426842952
4154.0,0.5672263431667922
4154.400000000001,0.5537203911710255
4154.8,0.5518084959855915
4155.2,0.551977847029582
4155.6,0.5049127656287616
4156.0,0.5250628128022351
4156.400000000001,0.526415575728283
4156.8,0.522156537890364
4157.2,0.5250269377027242
4157.6,0.5366341545499265
4158.0,0.5471609993578734
4158.400000000001,0.5255036687252393
4158.8,0.5382399840729079
4159.2,0.5460002249792415
4159.6,0.5553534554317482
4160.0,0.5963472891365127
4160.400000000001,0.5311910619567439
4160.8,0.5105824653792445
4161.2,0.5475153041142559
4161.6,0.5133501143060781
4162.0,0.5043808374068357
4162.400000000001,0.5292427525162979
4162.8,0.4868311294606725
4163.2,0.5764761656622397
4163.6,0.5157321253772347
4164.0,0.553782267238153
4164.400000000001,0.5996479826616282
4164.8,0.5398868271572945
4165.2,0.5380676412182296
4165.6,0.5215377201920578
4166.0,0.5337769630328667
4166.400000000001,0.5266968225589357
4166.8,0.505143041182829
4167.2,0.5045828052957222
4167.6,0.5192764564320984
4168.0,0.5127461945784902
4168.400000000001,0.5329863034404605
4168.8,0.5687737714740327
4169.2,0.5374017815269883
4169.6,0.5295780469530709
4170.0,0.5192620995923759
4170.400000000001,0.5922711112614241
4170.8,0.5688132868183104
4171.2,0.5509810977209453
4171.6,0.5398660455590691
4172.0,0.5191319159653127
4172.400000000001,0.5050186231883194
4172.8,0.4961427364686416
4173.2,0.5365622948824406
4173.6,0.5482674806551013
4174.0,0.5456010953877576
4174.400000000001,0.5587160661596989
4174.8,0.5434320992496727
4175.2,0.5345577964292721
4175.6,0.5088820954133904
4176.0,0.5590968987304095
4176.400000000001,0.5083363901164694
4176.8,0.5443198685565089
4177.2,0.5315349917836961
4177.6,0.5353051343907194
4178.0,0.5178544855121611
4178.400000000001,0.5013693162819083
4178.8,0.5464209948123155
4179.2,0.5765676246172196
4179.6,0.5680008006249491
4180.0,0.539888976881946
4180.400000000001,0.6087633332830333
4180.8,0.5711783852325905
4181.2,0.5203384964567843
4181.6,0.5166762943468635
4182.0,0.523719401751753
4182.400000000001,0.5139308861234586
4182.8,0.4741102313011118
4183.2,0.5063591143824833
4183.6,0.49809441551904693
4184.0,0.5183900572678274
4184.400000000001,0.5108548586743111
4184.8,0.5417849936228053
4185.2,0.5906979563606515
4185.6,0.5869401614219678
4186.0,0.5592656494452036
4186.400000000001,0.5700694579584757
4186.8,0.536020969530625
4187.2,0.534211513507603
4187.6,0.5412125827014834
4188.0,0.5041177747045952
4188.400000000001,0.5653739876141988
4188.8,0.48047477960572
4189.2,0.5286127482277722
4189.6,0.5161519075050351
4190.0,0.5356562604493
4190.400000000001,0.5497209735403883
4190.8,0.5903001980769741
4191.2,0.5699884053841766
4191.6,0.5636008985224714
4192.0,0.5484699668134444
4192.400000000001,0.542211514926708
4192.8,0.5631788118855234
4193.2,0.48911983475458426
4193.6,0.5541917251590226
4194.0,0.47513403122008646
4194.400000000001,0.5226323711634268
4194.8,0.5312446969662327
4195.2,0.5350256289103902
4195.6,0.5444934176719384
4196.0,0.5771145459801639
4196.400000000001,0.5500827299900033
4196.8,0.5167580250910687
4197.2,0.5446292999256511
4197.6,0.5265448876469982
4198.0,0.5164898977453201
4198.400000000001,0.5328163640643849
4198.8,0.5490603203340612
4199.2,0.5401076703225596
4199.6,0.5165236016137196
4200.0,0.519672455644331
4200.400000000001,0.5191140519115393
4200.8,0.5095224625075927
4201.2,0.5330493234288098
4201.6,0.5230640333814749
4202.0,0.5371342247580067
4202.400000000001,0.5619806763855887
4202.8,0.5848177466396635
4203.2,0.6146010713552134
4203.6,0.5774253561941458
4204.0,0.53644882777883
4204.400000000001,0.5319711676671557
4204.8,0.5264492435615901
4205.2,0.5046217044739152
4205.6,0.5205490546382898
4206.0,0.526321029044473
4206.400000000001,0.49955948409491
4206.8,0.5356081466448354
4207.2,0.5359277457064144
4207.6,0.5428406919602313
4208.0,0.5739920246914266
4208.400000000001,0.5434324291314897
4208.8,0.5410779778279807
4209.2,0.5727650431838294
4209.6,0.5985866141006508
4210.0,0.5298101557873034
4210.400000000001,0.5290686866784647
4210.8,0.5622722956912336
4211.2,0.5101553915048787
4211.6,0.5257331924500673
4212.0,0.5275208588042142
4212.400000000001,0.49798058705405285
4212.8,0.5074192242524888
4213.2,0.5310082273975161
4213.6,0.5500890881361352
4214.0,0.5553709271290544
4214.400000000001,0.5425317509968097
4214.8,0.5667138114928766
4215.2,0.5761548228274552
4215.6,0.5644361142223865
4216.0,0.5029166682468557
4216.400000000001,0.5158863014988474
4216.8,0.545946054700038
4217.2,0.4981654860930506
4217.6,0.5130380212063093
4218.0,0.5089516431863419
4218.400000000001,0.49475810357992034
4218.8,0.49111879887098425
4219.2,0.5389723390564624
4219.6,0.5511159374076298
4220.0,0.5460456656452689
4220.400000000001,0.5842469059475988
4220.8,0.5684885841585074
4221.2,0.5375189570730333
4221.6,0.5622728792474254
4222.0,0.546954473959198
4222.400000000001,0.5619215696270937
4222.8,0.5684988060806709
4223.2,0.5287383976766358
4223.6,0.507584043578922
4224.0,0.4879958939115627
4224.400000000001,0.5182563988394782
4224.8,0.513037585238038
4225.2,0.48926416520586113
4225.6,0.5728077227834363
4226.0,0.5479731792651885
4226.400000000001,0.5553098945101079
4226.8,0.5622960891820578
4227.2,0.5815720820435926
4227.6,0.5493982820370763
4228.0,0.5883168579166974
4228.400000000001,0.5382534478984813
4228.8,0.519029599390101
4229.2,0.5251693507468794
4229.6,0.49347140772585524
4230.0,0.5305353951178784
4230.400000000001,0.503817925562978
4230.8,0.5352187568847571
4231.2,0.556325982430395
4231.6,0.5399330339185853
4232.0,0.5359739550515823
4232.400000000001,0.5398139456471096
4232.8,0.5740886904181243
4233.2,0.565668671292739
4233.6,0.6099026115490256
4234.0,0.5200111289975489
4234.400000000001,0.5840683550858808
4234.8,0.5845858725353879
4235.2,0.5130773031686097
4235.6,0.5751132843856724
4236.0,0.5484411952271724
4236.400000000001,0.5004839781590086
4236.8,0.5293506720548258
4237.2,0.5196190436308508
4237.6,0.5270283414903074
4238.0,0.5216213675527219
4238.400000000001,0.5295047469597792
4238.8,0.5520473628227338
4239.2,0.5532184307912956
4239.6,0.6112036467038615
4240.0,0.5667333096114961
4240.400000000001,0.582954816907045
4240.8,0.5481810668378588
4241.2,0.5433947804404963
4241.6,0.5888949105912942
4242.0,0.5395189485807312
4242.400000000001,0.5406787653495196
4242.8,0.5240770838307218
4243.2,0.5100529653398668
4243.6,0.5191594622558663
4244.0,0.5042461704937241
4244.400000000001,0.5089104980570001
4244.8,0.48806522972232214
4245.2,0.5304494109655069
4245.6,0.5398076088793562
4246.0,0.533012260744057
4246.400000000001,0.5815965947981556
4246.8,0.5903136513380796
4247.2,0.564357350075795
4247.6,0.6062922693093509
4248.0,0.5484284864527774
4248.400000000001,0.531016910744457
4248.8,0.5309921629687904
4249.2,0.5325827162510184
4249.6,0.5385178329541114
4250.0,0.4933490282291712
4250.400000000001,0.5342911047347816
4250.8,0.4995052474077473
4251.2,0.5452390268148491
4251.6,0.5095770825968746
4252.0,0.5038816913780135
4252.400000000001,0.545947591899303
4252.8,0.5283052577879565
4253.2,0.5735453091762617
4253.6,0.5004521379276791
4254.0,0.5513292310776994
4254.400000000001,0.566598917466153
4254.8,0.5511099684348275
4255.2,0.5927242507537633
4255.6,0.5492735875447193
4256.0,0.5016497453057736
4256.400000000001,0.5559913072502168
4256.8,0.49404444506419465
4257.2,0.5123985065300434
4257.6,0.5039944715339363
4258.0,0.5463208149231576
4258.400000000001,0.5050053110060627
4258.8,0.4899841324266916
4259.2,0.5339250477191693
4259.6,0.5142343447931502
4260.0,0.5270537478699178
4260.400000000001,0.5777617248241812
4260.8,0.5447774801185571
4261.2,0.5754396606986404
4261.6,0.557857653801302
4262.0,0.5898033813596459
4262.400000000001,0.5438803097955855
4262.8,0.5458859607017342
4263.2,0.5198315476421821
4263.6,0.5295474187822804
4264.0,0.5135119342708928
4264.400000000001,0.5341407870239976
4264.8,0.49153896693085375
4265.2,0.5258817715300051
4265.6,0.5158612945287928
4266.0,0.5096977264249418
4266.400000000001,0.5351544530648519
4266.8,0.5259834857289667
4267.2,0.5616820903444549
4267.6,0.5326154378081484
4268.0,0.5357808410673518
4268.400000000001,0.6167510030529332
4268.8,0.5303167333830401
4269.2,0.5567695241789822
4269.6,0.568435694340348
4270.0,0.5832627141297981
4270.400000000001,0.5476807252753026
4270.8,0.5128105837769057
4271.2,0.5176354346326694
4271.6,0.5273311642428642
4272.0,0.5053463661431057
4272.400000000001,0.4761827929672187
4272.8,0.5001229936479039
4273.2,0.5267468226974319
4273.6,0.5452779130356987
4274.0,0.5147879976915379
4274.400000000001,0.5277295501235676
4274.8,0.5450466976363323
4275.2,0.5686894231464955
4275.6,0.5378400339912259
4276.0,0.52559038857883
4276.400000000001,0.5810480970774514
4276.8,0.5920153843294753
4277.2,0.5760610726145475
4277.6,0.5673679226073637
4278.0,0.5657451702342504
4278.400000000001,0.5954384302575138
4278.8,0.5080528023969397
4279.2,0.49620399199312515
4279.6,0.523480136691981
4280.0,0.49554826180674244
4280.400000000001,0.5038781962258829
4280.8,0.5481421594533955
4281.2,0.5253437346851278
4281.6,0.5325873291623145
4282.0,0.5009785870786488
4282.400000000001,0.5758200504531198
4282.8,0.527699948679584
4283.2,0.5801926311001294
4283.6,0.5599647439788504
4284.0,0.5733290855887337
4284.400000000001,0.601566092821624
4284.8,0.5563564802151962
4285.2,0.5981224192425943
4285.6,0.5903740772324895
4286.0,0.5486335240937278
4286.400000000001,0.5179088451532343
4286.8,0.5373724571150604
4287.2,0.4868525399024577
4287.6,0.5250584552711511
4288.0,0.5037623500100645
4288.400000000001,0.5055877350433003
4288.8,0.5511051000119677
4289.2,0.5067601144934893
4289.6,0.521918704187522
4290.0,0.5396022664020439
4290.400000000001,0.5317805654633401
4290.8,0.5761861961779022
4291.2,0.5313196075659747
4291.6,0.584683357363768
4292.0,0.5941880606310639
4292.400000000001,0.5731902629985159
4292.8,0.6092695376798734
4293.2,0.5463787903933194
4293.6,0.5625736272069445
4294.0,0.5502533924078008
4294.400000000001,0.5662159682650343
4294.8,0.5156156233005557
4295.2,0.5203924346412353
4295.6,0.5192027435451652
4296.0,0.5349699203991521
4296.400000000001,0.4975730908952316
4296.8,0.45579511011710294
4297.2,0.4840275904509226
4297.6,0.49694550579296953
4298.0,0.5215951724968796
4298.400000000001,0.5131195575160681
4298.8,0.5528838562323204
4299.2,0.5495142531506892
4299.6,0.5656010832052865
4300.0,0.5733971991859081
4300.400000000001,0.5219247305570571
4300.8,0.560395289723573
4301.2,0.5716637931861912
4301.6,0.577752300375947
4302.0,0.596478843653412
4302.400000000001,0.5830641421021343
4302.8,0.5348476953359516
4303.2,0.554652725335771
4303.6,0.4977917798050056
4304.0,0.4782738971042326
4304.400000000001,0.5262278145490185
4304.8,0.4946953980642719
4305.2,0.5167102287182616
4305.6,0.49572667398105363
4306.0,0.4764242585549504
4306.400000000001,0.4892612375218276
4306.8,0.4914364296277456
4307.2,0.49830400061901675
4307.6,0.5056871148223618
4308.0,0.5450144114284251
4308.400000000001,0.5985030626492909
4308.8,0.5638030555593933
4309.2,0.5495290296102373
4309.6,0.5904255385141276
4310.0,0.5623588220990028
4310.400000000001,0.580219991345185
4310.8,0.6103259959381828
4311.2,0.5472888856411154
4311.6,0.5703456549009119
4312.0,0.5596089678178829
4312.400000000001,0.5162526384691347
4312.8,0.5239380008667978
4313.2,0.5019227105910482
4313.6,0.5202238030580113
4314.0,0.49293187903120433
4314.400000000001,0.4899946607639489
4314.8,0.4836526227113469
4315.2,0.4919162458365996
4315.6,0.5075926942480028
4316.0,0.5135733239846708
4316.400000000001,0.5192732229809877
4316.8,0.5398129486881704
4317.2,0.5481706918612169
4317.6,0.5372444242473227
4318.0,0.5752777034912827
4318.400000000001,0.5366814473259525
4318.8,0.5523992605216217
4319.2,0.547707447954488
4319.6,0.5791468040890537
4320.0,0.5976450109911539
4320.400000000001,0.543297470596645
4320.8,0.5766806666500909
4321.2,0.5513889953408956
4321.6,0.572591252489849
4322.0,0.550867895904576
4322.400000000001,0.518982764879228
4322.8,0.5038060501693805
4323.2,0.48861226893356496
4323.6,0.49798842064513094
4324.0,0.4730371266031014
4324.400000000001,0.5122289930097974
4324.8,0.5101379713839908
4325.2,0.4772151555822887
4325.6,0.49115740978178335
4326.0,0.5128657880640882
4326.400000000001,0.530901595484335
4326.8,0.5505548201857993
4327.2,0.5340871701254511
4327.6,0.5481092894632729
4328.0,0.5771018537698449
4328.400000000001,0.5334677205985043
4328.8,0.5565432687722273
4329.2,0.5273614785130522
4329.6,0.5606891221076559
4330.0,0.5837851316103002
4330.400000000001,0.5576326115372385
4330.8,0.5605604016693954
4331.2,0.5570714830405642
4331.6,0.5459835748247123
4332.0,0.5540381107691132
4332.400000000001,0.529667858397149
4332.8,0.48594971573822404
4333.2,0.5087973893047893
4333.6,0.5154862871539728
4334.0,0.5114605698881892
4334.400000000001,0.5152677718981847
4334.8,0.5414750718364962
4335.2,0.5269999124112466
4335.6,0.45673746833497814
4336.0,0.5012583140922889
4336.400000000001,0.5466777912761435
4336.8,0.5632292559963389
4337.2,0.5257431657451465
4337.6,0.5412577527430674
4338.0,0.5298411594443411
4338.400000000001,0.5675598172346777
4338.8,0.5621515577153414
4339.2,0.5862545867653484
4339.6,0.5716400469253278
4340.0,0.5812928593709015
4340.400000000001,0.5925330086522859
4340.8,0.535534663482706
4341.2,0.5876754670171008
4341.6,0.5470941692485914
4342.0,0.5339788050557521
4342.400000000001,0.48735788322334317
4342.8,0.5241342374744035
4343.2,0.4928391936588713
4343.6,0.4853953868441684
4344.0,0.535591082464736
4344.400000000001,0.48454262801031434
4344.8,0.5074358920526753
4345.2,0.5000937826520853
4345.6,0.5301346662595028
4346.0,0.5158290708167002
4346.400000000001,0.5115736480388007
4346.8,0.4661624434133661
4347.2,0.4960352247714334
4347.6,0.48314414328451255
4348.0,0.5406008767896661
4348.400000000001,0.5623919134913512
4348.8,0.5279162454760641
4349.2,0.5669188014330002
4349.6,0.5886066137529058
4350.0,0.5865598821945134
4350.400000000001,0.6224215467902586
4350.8,0.5817850671303605
4351.2,0.5559130395617516
4351.6,0.5912950732392896
4352.0,0.5968069006800136
4352.400000000001,0.5604257024613248
4352.8,0.5548982256350851
4353.2,0.5509041053293336
4353.6,0.5607043167932833
4354.0,0.5392223642928382
4354.400000000001,0.5270061350105159
4354.8,0.5058772827883801
4355.2,0.5283760772073157
4355.6,0.48976594910491406
4356.0,0.48673087645563873
4356.400000000001,0.46136313085207836
4356.8,0.4654821544048355
4357.2,0.48051224004719323
4357.6,0.4844978667067861
4358.0,0.506788495835286
4358.400000000001,0.5263960215986074
4358.8,0.4928840182080399
4359.2,0.4614877813603916
4359.6,0.5371999764359717
4360.0,0.5199445641881093
4360.400000000001,0.5220560099169218
4360.8,0.5423767977267618
4361.2,0.5623304249577178
4361.6,0.582910678451738
4362.0,0.5717968808023427
4362.400000000001,0.585579675595681
4362.8,0.567325373956348
4363.2,0.5737918464982555
4363.6,0.5762020450454534
4364.0,0.5559547805999692
4364.400000000001,0.5783722991653265
4364.8,0.5934400720399196
4365.2,0.5514603473143567
4365.6,0.5398767586522112
4366.0,0.554959957552174
4366.400000000001,0.5102882332195329
4366.8,0.523454782216439
4367.2,0.5236220664433012
4367.6,0.47635873381434474
4368.0,0.45688711569374163
4368.400000000001,0.511391583819985
4368.8,0.5017189127543307
4369.2,0.4716603663388607
4369.6,0.4775255958272494
4370.0,0.5010000807738237
4370.400000000001,0.48379766272893154
4370.8,0.48791017761111527
4371.2,0.47375397988587725
4371.6,0.49440302126613367
4372.0,0.5012587120530643
4372.400000000001,0.5155669462500762
4372.8,0.5310632011652906
4373.2,0.5568466831181837
4373.6,0.5366246906607838
4374.0,0.5606111945794091
4374.400000000001,0.5736056501325003
4374.8,0.5611371882915959
4375.2,0.5828581779586035
4375.6,0.5774294021909948
4376.0,0.6034382206255567
4376.400000000001,0.5620808186671712
4376.8,0.6138929156638586
4377.2,0.574848787046318
4377.6,0.5735801216533775
4378.0,0.6218943574914503
4378.400000000001,0.5532320663637749
4378.8,0.5837731191640638
4379.2,0.5901244565420632
4379.6,0.549683524287634
4380.0,0.5525044842464316
4380.400000000001,0.5292553356754455
4380.8,0.525603073349059
4381.2,0.4903224525168523
4381.6,0.5146428296695388
4382.0,0.5039103665627505
4382.400000000001,0.48368351610225835
4382.8,0.492802906971837
4383.2,0.4667278147581583
4383.6,0.5075105714072321
4384.0,0.48191107946210177
4384.400000000001,0.4658499886376394
4384.8,0.4499427503034043
4385.2,0.46745420625656825
4385.6,0.47285203879944904
4386.0,0.4902937707975689
4386.400000000001,0.4934084134926434
4386.8,0.4920393648602783
4387.2,0.549413686104572
4387.6,0.5556298421124325
4388.0,0.548435361125644
4388.400000000001,0.5375207670831132
4388.8,0.5821195190757286
4389.2,0.5723660143475653
4389.6,0.590505311549263
4390.0,0.5827383297688982
4390.400000000001,0.6319516322252342
4390.8,0.5826232479888053
4391.2,0.6128258557339428
4391.6,0.5915964696915207
4392.0,0.6106490500137496
4392.400000000001,0.6297893966598751
4392.8,0.5684440899217909
4393.2,0.564737055470008
4393.6,0.5917083067922492
4394.0,0.5655709693750723
4394.400000000001,0.5691478971297846
4394.8,0.5755260668187072
4395.2,0.543542819966319
4395.6,0.5088965623521655
4396.0,0.5122144005149422
4396.400000000001,0.5314443318741203
4396.8,0.535225134779484
4397.2,0.49494295808996147
4397.6,0.521607649963851
4398.0,0.45297982698718037
4398.400000000001,0.4606652010753389
4398.8,0.4702498453878349
4399.2,0.4870174106092345
4399.6,0.4791998924040101
4400.0,0.4828876295150363
4400.400000000001,0.466660190124352
4400.8,0.4847319539362719
4401.2,0.4642383992541545
4401.6,0.4927053527711536
4402.0,0.5086709069785866
4402.400000000001,0.5067764919390004
4402.8,0.46939532434747205
4403.2,0.5259061867468645
4403.6,0.524983656443504
4404.0,0.5332684473968959
4404.400000000001,0.5392301682556346
4404.8,0.554289474457488
4405.2,0.5710733317144282
4405.6,0.5892729504712912
4406.0,0.5647814109083303
4406.400000000001,0.5869376517440125
4406.8,0.5975272118743024
4407.2,0.5533481587798692
4407.6,0.5936824000001456
4408.0,0.5887693600118438
4408.400000000001,0.6427171354990927
4408.8,0.6014171880689456
4409.2,0.6449796756724534
4409.6,0.5822907390443621
4410.0,0.5865751549163092
4410.400000000001,0.5805539279756077
4410.8,0.5966879427465757
4411.2,0.5839578079916398
4411.6,0.5787288736423776
4412.0,0.582570506568543
4412.400000000001,0.5710945257049886
4412.8,0.5888490361310565
4413.2,0.6011331438949394
4413.6,0.5260793073962945
4414.0,0.5404745792307378
4414.400000000001,0.5060104752287217
4414.8,0.5180288429975848
4415.2,0.5087464580670926
4415.6,0.5089869053948619
4416.0,0.48387692201477084
4416.400000000001,0.47234019308859976
4416.8,0.48780107443414356
4417.2,0.4753329077085089
4417.6,0.46464552905311257
4418.0,0.43702507578920785
4418.400000000001,0.48807733116108987
4418.8,0.4191623870832594
4419.2,0.40979049501232445
4419.6,0.4520513438914282
4420.0,0.4825263163950407
4420.400000000001,0.4775128853869449
4420.8,0.4818020740876907
4421.2,0.4426760893468493
4421.6,0.48141513164240035
4422.0,0.464068139537203
4422.400000000001,0.4800282910773993
4422.8,0.4643113945707632
4423.2,0.46946314421393626
4423.6,0.5246402158019554
4424.0,0.5021656775556381
4424.400000000001,0.5341077660654937
4424.8,0.5768847143375826
4425.2,0.5710922140236019
4425.6,0.5519445262882051
4426.0,0.5360101616858667
4426.400000000001,0.5683148501744949
4426.8,0.6000361639860992
4427.2,0.5824238956313044
4427.6,0.6119204208108076
4428.0,0.6215069112887287
4428.400000000001,0.6653445832502881
4428.8,0.6485316918983653
4429.2,0.6589400940053145
4429.6,0.6272456391518105
4430.0,0.654802077079723
4430.400000000001,0.6485032740123372
4430.8,0.6697597884422531
4431.2,0.6309052687141637
4431.6,0.6348392414430638
4432.0,0.6366040994560186
4432.400000000001,0.6013656094207253
4432.8,0.6198142033634217
4433.2,0.6165767710503033
4433.6,0.5929204059647766
4434.0,0.5972349778510063
4434.400000000001,0.6121564071944277
4434.8,0.599545206039501
4435.2,0.6165713970942195
4435.6,0.5652689285711067
4436.0,0.5473980172108761
4436.400000000001,0.5458958135787457
4436.8,0.5310350864923165
4437.2,0.5201716010471695
4437.6,0.524982272100653
4438.0,0.4936518085725498
4438.400000000001,0.49982481569958437
4438.8,0.5283946850449273
4439.2,0.5014070731232511
4439.6,0.4719825948512438
4440.0,0.4640730719550454
4440.400000000001,0.45983426839847946
4440.8,0.47117788564306384
4441.2,0.4252991736214966
4441.6,0.44416316602246964
4442.0,0.4164083753860062
4442.400000000001,0.429012388378474
4442.8,0.4356767988624571
4443.2,0.4367631009064662
4443.6,0.4383418310514533
4444.0,0.43162406102182993
4444.400000000001,0.41120273979174465
4444.8,0.4160709696883357
4445.2,0.4177371050809099
4445.6,0.420039297959877
4446.0,0.4389630877433047
4446.400000000001,0.40682356005040654
4446.8,0.44249971406743516
4447.2,0.4420565430189451
4447.6,0.4086347020299456
4448.0,0.45670099266731856
4448.400000000001,0.43392189113425733
4448.8,0.4219556363855779
4449.2,0.4769332435378555
4449.6,0.5087974352423897
4450.0,0.5281615661221233
4450.400000000001,0.5081173596640908
4450.8,0.49535567643306716
4451.2,0.476763996883084
4451.6,0.5008939902635829
4452.0,0.5160083661177043
4452.400000000001,0.5670201709779791
4452.8,0.5779010099362256
4453.2,0.5588622832009025
4453.6,0.5579695845809516
4454.0,0.5854475821613654
4454.400000000001,0.5936294873403546
4454.8,0.61892781293955
4455.2,0.6143160696624482
4455.6,0.6272201295686837
4456.0,0.6166949344509532
4456.400000000001,0.6319400915609712
4456.8,0.639224635477432
4457.2,0.6603447956540828
4457.6,0.6670314353471006
4458.0,0.6668939260853484
4458.400000000001,0.6603722474564252
4458.8,0.6682309414803976
4459.2,0.6731270352897027
4459.6,0.6786884542130951
4460.0,0.683726656873521
4460.400000000001,0.713218707697283
4460.8,0.6718504638186816
4461.2,0.7002492122550725
4461.6,0.7191756165410766
4462.0,0.7210163044236224
4462.400000000001,0.7339952689194348
4462.8,0.7027558526072221
4463.2,0.7791735008232995
4463.6,0.6985126488258339
4464.0,0.6994782014362275
4464.400000000001,0.7679861624737214
4464.8,0.7044498445704359
4465.2,0.739543146535203
4465.6,0.7219336971361111
4466.0,0.700436305535051
4466.400000000001,0.7223278445169281
4466.8,0.7056189559742397
4467.2,0.7345212520514143
4467.6,0.7180997894059055
4468.0,0.6929681835750623
4468.400000000001,0.6785008770320539
4468.8,0.7283888381141802
4469.2,0.6743565275986846
4469.6,0.7164034249103127
4470.0,0.671063910682502
4470.400000000001,0.6801558347294929
4470.8,0.6324987399539637
4471.2,0.651059637017237
4471.6,0.6590133656378635
4472.0,0.6586283491502551
4472.400000000001,0.6558180627945721
4472.8,0.6350858306032
4473.2,0.6092166969315599
4473.6,0.5764702798281871
4474.0,0.6445712287156511
4474.400000000001,0.5899538668335891
4474.8,0.5798309424988117
4475.2,0.6019033412208619
4475.6,0.5420242159845781
4476.0,0.5402563759401136
4476.400000000001,0.5377331548995397
4476.8,0.5275839052515658
4477.2,0.5288315052118222
4477.6,0.5217122360909222
4478.0,0.5212285078084482
4478.400000000001,0.5088555491098592
4478.8,0.48701168230096903
4479.2,0.4979970679986242
4479.6,0.47701172745603254
4480.0,0.43476932018548153
4480.400000000001,0.4793601021978858
4480.8,0.46305619457850405
4481.2,0.4536405781971745
4481.6,0.4311960909332814
4482.0,0.4181112143101536
4482.400000000001,0.3995743869136704
4482.8,0.4259079035599127
4483.2,0.36948397834431873
4483.6,0.38944189024742
4484.0,0.36359772683967945
4484.400000000001,0.37738434172736385
4484.8,0.38295853195205715
4485.2,0.34742186764226507
4485.6,0.33808528832942475
4486.0,0.3299035703457918
4486.400000000001,0.3047178678029206
4486.8,0.3427719075867341
4487.2,0.31217930706139296
4487.6,0.30178971324398557
4488.0,0.27859431325885936
4488.400000000001,0.27745866466602415
4488.8,0.30274448679293153
4489.2,0.2986841236548052
4489.6,0.2708649987568093
4490.0,0.26553967617473745
4490.400000000001,0.2394648976078621
4490.8,0.24935913424720027
4491.2,0.23609482467600293
4491.6,0.23944593225603597
4492.0,0.23041921263373027
4492.400000000001,0.21558533104155114
4492.8,0.20978913550007725
4493.2,0.21168945891864016
4493.6,0.2021664751544688
4494.0,0.20612481510472788
4494.400000000001,0.1941821396234232
4494.8,0.20831057385860655
4495.2,0.1722686629784906
4495.6,0.18381714997695953
4496.0,0.17117167846707643
4496.400000000001,0.1660439211649411
4496.8,0.1668831292784526
4497.2,0.1565168995087052
4497.6,0.16836551436883226
4498.0,0.17006573507093747
4498.400000000001,0.14824143560813619
4498.8,0.13856406330909707
4499.2,0.1367513972441286
4499.6,0.1501504334747567
4500.0,0.11675521337637836
4500.400000000001,0.13985592791093518
4500.8,0.11228057967862151
4501.2,0.12147310252900986
4501.6,0.09899102098148249
4502.0,0.09822442717610338
4502.400000000001,0.10359137544304792
4502.8,0.10671069371283483
4503.2,0.10525302540567168
4503.6,0.12045118182082264
4504.0,0.09075882243086288
4504.400000000001,0.10696764866217807
4504.8,0.10909932223814786
4505.2,0.09236213021231757
4505.6,0.10114935963408521
4506.0,0.08741196461306217
4506.400000000001,0.09145898255443954
4506.8,0.08361517432307206
4507.2,0.0724236882517438
4507.6,0.0705260319990306
4508.0,0.08232383879488894
4508.400000000001,0.08275666974435239
4508.8,0.06743756020511969
4509.2,0.08078395321489376
4509.6,0.06138309338713719
4510.0,0.06875471635027113
4510.400000000001,0.0703863765549033
4510.8,0.06447997807870637
4511.2,0.06362002699662857
4511.6,0.06761289737813048
4512.0,0.06541714679741063
4512.400000000001,0.05648484372088088
4512.8,0.06530924703419314
4513.2,0.048955579566662646
4513.6,0.05746371631815344
4514.0,0.04684522733403687
4514.400000000001,0.048600477760578686
4514.8,0.05307771869536462
4515.2,0.03663709794678303
4515.6,0.04779841271449262
4516.0,0.04728457190905635
4516.400000000001,0.03587257383796482
4516.8,0.04763399527783376
4517.2,0.04242995834998651
4517.6,0.04565314959405184
4518.0,0.044610879744052735
4518.400000000001,0.036981083527383
4518.8,0.040157501933886154
4519.2,0.03858377543418329
4519.6,0.039050331967515464
4520.0,0.04091597280678397
4520.400000000001,0.03726552574367638
4520.8,0.03455721492794585
4521.2,0.03525288308812478
4521.6,0.03293469753216212
4522.0,0.034478390469313155
4522.400000000001,0.03526424180719842
4522.8,0.029182651869624265
4523.2,0.024731933314078035
4523.6,0.03682154240653872
4524.0,0.03952661549299957
4524.400000000001,0.02587924499777584
4524.8,0.03014506143916425
4525.2,0.026301987578247678
4525.6,0.02786084268403541
4526.0,0.0209035263533717
4526.400000000001,0.0277296798254229
4526.8,0.023308117363539656
4527.2,0.028757987926093197
4527.6,0.02478543082035182
4528.0,0.023084010253931347
4528.400000000001,0.024152056420522088
4528.8,0.023099549486037384
4529.2,0.02610274451281042
4529.6,0.02132098416631374
4530.0,0.023321992239834284
4530.400000000001,0.02056650348857129
4530.8,0.033225954869359316
4531.2,0.019303605204499974
4531.6,0.01606135854059387
4532.0,0.025120128482922586
4532.400000000001,0.01396978592268472
4532.8,0.021801008622437938
4533.2,0.018613363951070837
4533.6,0.027036894598798076
4534.0,0.017698327450048734
4534.400000000001,0.011035619346590657
4534.8,0.021619804996208213
4535.2,0.015130322456306463
4535.6,0.017729362595745892
4536.0,0.0177218144952874
4536.400000000001,0.011348457739470533
4536.8,0.020286537128087
4537.2,0.01277464712204466
4537.6,0.01312238979560851
4538.0,0.019064705684669014
4538.400000000001,0.01519090377122063
4538.8,0.01660341769128368
4539.2,0.016340166135995423
4539.6,0.016470159736019327
4540.0,0.0141070786413077
4540.400000000001,0.012560491913400636
4540.8,0.012722823911260879
4541.2,0.014428651235469093
4541.6,0.010206029351679878
4542.0,0.014282397732627341
4542.400000000001,0.016404064523179454
4542.8,0.007660779394487121
4543.2,0.011848730200217553
4543.6,0.009070688062175826
4544.0,0.012565987259311642
4544.400000000001,0.013014275193160079
4544.8,0.01627300036470892
4545.2,0.015497823212496528
4545.6,0.009711094882570022
4546.0,0.010836017985052371
4546.400000000001,0.011320384705574874
4546.8,0.010579417012943838
4547.2,0.006504293828447015
4547.6,0.011700029265305672
4548.0,0.007414388819810284
4548.400000000001,0.01018071441946333
4548.8,0.006256390439476721
4549.2,0.007873763567119678
4549.6,0.010911042544800688
4550.0,0.00905197270885787
4550.400000000001,0.01242562941269629
4550.8,0.005440148424049296
4551.2,0.014236201244154706
4551.6,0.010707669651722956
4552.0,0.006051226110381164
4552.400000000001,0.005957981762484613
4552.8,0.004548447774067212
4553.2,0.006495971732842686
4553.6,0.011136680924187374
4554.0,0.008183427976230586
4554.400000000001,0.008949344173888698
4554.8,0.004434458478602324
4555.2,0.007736158702515808
4555.6,0.013261051207412139
4556.0,0.0059795497212784725
4556.400000000001,0.005257447971960043
4556.8,0.010192394225707476
4557.2,0.010394012690017404
4557.6,0.008956604784354253
4558.0,0.0055831971998994735
4558.400000000001,0.009781129287994012
4558.8,0.00664717042578487
4559.2,0.004276464931761881
4559.6,0.00817821583333142
4560.0,0.004803499450735673
4560.400000000001,0.004678674200941872
4560.8,0.009230598724018001
4561.2,0.006765258940582781
4561.6,0.0017166411331537214
4562.0,0.004733892070690152
4562.400000000001,0.0038707279660157856
4562.8,0.009317047298912036
4563.2,0.0027939242218152365
4563.6,0.004667508746223549
4564.0,0.007493338669840079
4564.400000000001,0.003996248901943193
4564.8,0.004093178093241987
4565.2,0.004478392428393525
4565.6,0.006215238012220615
4566.0,0.009704982902245802
4566.400000000001,0.008084326387640941
4566.8,0.008353279058545035
4567.2,0.004895942295877945
4567.6,0.0039162931318783255
4568.0,0.005063015604355494
4568.400000000001,0.004617379395540901
4568.8,0.00874840118294215
4569.2,0.006349737791431959
4569.6,0.005226151073035276
4570.0,0.005748231569038428
4570.400000000001,0.0045303125050530635
4570.8,0.0021860387853930704
4571.2,0.0033872142766073134
4571.6,0.0043269548630899875
4572.0,0.007608094552811983
4572.400000000001,0.0027595452902475772
4572.8,0.0024826310153863106
4573.2,0.006083449881203587
4573.6,0.003590871022937604
4574.0,0.005679692715115424
4574.400000000001,0.0025377038581659767
4574.8,0.002957976601415574
4575.2,0.004272265461683653
4575.6,0.004527130861802565
4576.0,0.007130453541933691
4576.400000000001,0.0058920302395631405
4576.8,0.0029653821743766064
4577.2,0.004606433190730294
4577.6,0.005232533285135256
4578.0,0.002347260480604505
4578.400000000001,0.006288493942437902
4578.8,0.005447062885932649
4579.2,0.003047874908959985
4579.6,0.005285801467342477
4580.0,0.004506544483010491
4580.400000000001,0.005252279680005924
4580.8,0.00347915529269992
4581.2,0.0060947921470302395
4581.6,0.0056385104729648906
4582.0,0.0025964137664584016
4582.400000000001,0.004724394085183696
4582.8,0.005849106248509733
4583.2,0.0014626003626540267
4583.6,0.0026105183219236115
4584.0,0.00430334700211924
4584.400000000001,0.00689138258167359
4584.8,0.00432712317502384
4585.2,0.001371294583403478
4585.6,0.006750405453806639
4586.0,0.002753380054469797
4586.400000000001,0.004473376085422367
4586.8,0.004786999440617281
4587.2,0.0027910700961080283
4587.6,0.0027057356390358415
4588.0,0.0025680207051330694
4588.400000000001,0.004864119860169445
4588.8,0.0014370721000408501
4589.2,0.0012443025800485993
4589.6,0.0018579622328748194
4590.0,0.002907225477844443
4590.400000000001,0.003558762541354981
4590.8,0.0038226149634899504
4591.2,0.0013465039423460907
4591.6,0.0030422845488720864
4592.0,0.0025014428275993528
4592.400000000001,0.0018901409899900648
4592.8,0.0008677101937788677
4593.2,0.0028135206482514676
4593.6,0.0030707486919840914
4594.0,0.0021767350119870532
4594.400000000001,0.0035174101140122887
4594.8,0.003822804963462432
4595.2,0.004029845817362587
4595.6,0.0037187886167730938
4596.0,0.0008239154011725209
4596.400000000001,0.004769452313109824
4596.8,0.0018726979077264181
4597.2,0.0025933283291519112
4597.6,0.004036112669762678
4598.0,0.0025926237341920262
4598.400000000001,0.0018331353998228212
4598.8,0.0012796259393693854
4599.2,0.003276210292574952
4599.6,0.003914380269327504
4600.0,0.0021966806786850837
4600.400000000001,0.0017234691603515554
4600.8,0.002253407172712601
4601.2,0.005870341106739877
4601.6,0.00040844291724291814
4602.0,0.004836366189360219
4602.400000000001,0.0029009174030467607
4602.8,0.001736175275398941
4603.2,0.0033226524458666432
4603.6,0.0031801491496534808
4604.0,0.002750533861320927
4604.400000000001,0.00019874978611177124
4604.8,0.001487483363597728
4605.2,0.0024938705888659894
4605.6,0.0004586835907335751
4606.0,0.0026188411875865476
4606.400000000001,0.0022953800104741594
4606.8,0.0022367088005174384
4607.2,0.0009173720189936444
4607.6,0.002980622148890967
4608.0,0.002441251613667737
4608.400000000001,0.001612348721646117
4608.8,0.0023264295273769716
4609.2,0.0008597524387025207
4609.6,0.0017786098342166023
4610.0,0.0005711831956769447
4610.400000000001,0.0007708705997075423
4610.8,0.0018021957509627986
4611.2,0.002255720737600122
4611.6,0.0017287366435783402
4612.0,0.0007639799555462696
4612.400000000001,0.0007831651905856453
4612.8,0.0019628062676475037
4613.2,0.0028753524673045937
4613.6,0.0008525309730446366
4614.0,0.004496941836761163
4614.400000000001,0.0007622173290435253
4614.8,0.0008474536964308878
4615.2,0.0002210568888004945
4615.6,0.004527839654917504
4616.0,0.0022875745538849484
4616.400000000001,0.0011479889838588036
4616.8,0.0012699670726461938
4617.2,0.00036403411836488257
4617.6,0.0036466026958784006
4618.0,0.0033467530199020575
4618.400000000001,0.0018731505741992347
4618.8,0.0009619725394662169
4619.2,0.003270914138399848
4619.6,0.0037033537372250275
4620.0,0.002488851141667225
4620.400000000001,0.0017576811941143336
4620.8,0.001924038354328344
4621.2,0.0010103144743471922
4621.6,0.00020183342345126838
4622.0,0.0008011343452707379
4622.400000000001,0.0018736405090549126
4622.8,0.0004992661996570303
4623.2,0.0008462795929592983
4623.6,0.0006749803272539843
4624.0,0.0019953963772003087
4624.400000000001,0.003893995202196616
4624.8,0.0011824470944987661
4625.2,0.0024769927221353115
4625.6,0.0027655020429701396
4626.0,0.00374010253970984
4626.400000000001,0.002971707035748954
4626.8,0.0017277489764247723
4627.2,0.0019742976107587694
4627.6,0.0021988429562915398
4628.0,0.00048495926552420714
4628.400000000001,0.0038968127329004816
4628.8,0.00197030948584861
4629.2,0.001010430358388176
4629.6,0.0016409364237605492
4630.0,0.0014536437018877288
4630.400000000001,0.0053167464479112565
4630.8,0.001942110686657382
4631.2,0.0010117105621955883
4631.6,0.00022682924758507254
4632.0,0.0016333584321655075
4632.400000000001,0.0010588230312609114
4632.8,0.0012925765945868124
4633.2,0.0011927751218747996
4633.6,0.0034618150377959587
4634.0,0.002301878828768035
4634.400000000001,0.0012924394255492875
4634.8,0.0011886557069860108
4635.2,0.0018266607254542443
4635.6,0.002504558615356129
4636.0,0.002100038341303662
4636.400000000001,0.0023859418403553404
4636.8,0.0018938591096637463
4637.2,6.118953802654263e-05
4637.6,0.001051924306559251
4638.0,0.0011306546694051477
4638.400000000001,0.0023961064581111786
4638.8,0.0005840361180108126
4639.2,0.0019946201072232267
4639.6,0.001901709376852049
4640.0,0.0015286203007345502
4640.400000000001,0.002471090774836482
4640.8,0.002524657264231032
4641.2,0.0019165421091651331
4641.6,0.0003297599708553308
4642.0,0.0008036387736021365
4642.400000000001,0.0006071775898626456
4642.8,0.001813863540753054
4643.2,0.0019309105864276262
4643.6,0.000741316078954372
4644.0,0.00036949514337023356
4644.400000000001,0.0012168981073747303
4644.8,0.0006880794497484621
4645.2,0.0018567249036959932
4645.6,0.001379758283905818
4646.0,0.0006190626337061668
4646.400000000001,0.0001955525914791387
4646.8,0.0008657197714644759
4647.2,0.0007498545809652148
4647.6,0.0007926275418763495
4648.0,0.00035112940217273765
4648.400000000001,0.0006499147203505428
4648.8,0.002091570128479303
4649.2,0.0021999903475151492
4649.6,0.0005959103487701447
4650.0,0.0003081962796484601
4650.400000000001,0.0008090377027491602
4650.8,0.0017787260882586484
4651.2,0.0008821673080720784
4651.6,0.0006979699514580472
4652.0,0.0003512398262811623
4652.400000000001,0.0013002478493247382
4652.8,0.0010149392678493905
4653.2,0.002676253216440423
4653.6,0.00011829355876894572
4654.0,0.0012748222681537235
4654.400000000001,0.0018775416550516105
4654.8,0.0006251786268143816
4655.2,0.0018603188641053048
4655.6,0.000983336153393817
4656.0,8.684866370944067e-05
4656.400000000001,0.0002477532168340891
4656.8,0.0014856094933963222
4657.2,0.0003695934727269925
4657.6,0.0025544275270180925
4658.0,0.003111918002877633
4658.400000000001,0.0007279583277587412
4658.8,0.00043319286634011683
4659.2,0.002608202592841461
4659.6,0.0017174649315676448
4660.0,0.002076587446922162
4660.400000000001,0.0007884186451522148
4660.8,0.00032267471947937284
4661.2,0.0005429856762118602
4661.6,0.0015227929356705903
4662.0,0.0010172539658428801
4662.400000000001,0.0006715674928398951
4662.8,0.0010627973020696196
4663.2,0.00038114371070873906
4663.6,0.0008926750002175273
4664.0,0.00025286454438911034
4664.400000000001,0.0007293812918337395
4664.8,0.0005399627349470543
4665.2,0.0008825121687288243
4665.6,0.0005442122548275739
4666.0,0.0013925279374158953
4666.400000000001,0.00016191773184643624
4666.8,0.00200186320450692
4667.2,0.0017922864477714795
4667.6,0.0004024592503481645
4668.0,0.0009159807038452534
4668.400000000001,0.001328662583301859
4668.8,0.0024165981166554967
4669.2,0.0015249748552268792
4669.6,0.0032029781022135436
4670.0,0.0003210136688882529
4670.400000000001,0.00025957989544883554
4670.8,0.0005188318770514659
4671.2,0.0003090449111179771
4671.6,0.0012579885981885165
4672.0,0.0007849160675459035
4672.400000000001,0.0012671503865939089
4672.8,0.0010102160514604624
4673.2,0.0013892629151470136
4673.6,0.0007932509097627697
4674.0,0.0020633145632607047
4674.400000000001,0.0003036575259258352
4674.8,0.0002491176391936651
4675.2,0.0005742387606178804
4675.6,0.0022995487937167965
4676.0,0.0011186547986033139
4676.400000000001,0.0004024433907140966
4676.8,0.0007091767190782915
4677.2,0.00034135563151424953
4677.6,0.0024269934955086707
4678.0,0.000751430818049087
4678.400000000001,0.0005151484052160167
4678.8,0.0018251482567713216
4679.2,0.0005256054142851191
4679.6,6.20957319767414e-05
4680.0,2.4162159901740883e-05
4680.400000000001,0.0027247335646338705
4680.8,0.0014635216092893399
4681.2,0.0013054180854899307
4681.6,0.0005234049184948635
4682.0,0.000577366126621497
4682.400000000001,0.00017175283967866997
4682.8,0.00035166106810649936
4683.2,0.0006714041796000405
4683.6,6.971567005263838e-05
4684.0,0.002315684311680682
4684.400000000001,0.00039525840639693716
4684.8,0.0011303152768662368
4685.2,0.0022677946389547685
4685.6,3.711179050531497e-05
4686.0,0.0018007251520231209
4686.400000000001,0.000802028796421659
4686.8,0.0007730682951417536
4687.2,0.0009463221188395327
4687.6,0.0014244498256940081
4688.0,0.0010734615373351995
4688.400000000001,0.0009683507286485116
4688.8,0.001169186802332296
4689.2,0.0015788450589923678
4689.6,0.002762857470824157
4690.0,0.0016528305645501565
4690.400000000001,0.00014540815391998508
4690.8,4.0383098916037195e-05
4691.2,0.0008348988639624361
4691.6,0.001100956223761546
4692.0,2.183134388699202e-05
4692.400000000001,4.5160469947729096e-05
4692.8,0.002841439739509766
4693.2,0.00011199929900456501
4693.6,0.001046855979728586
4694.0,0.000275680345064392
4694.400000000001,0.001229221602573634
4694.8,0.0023955444390162542
4695.2,0.0005795650363996245
4695.6,0.0003579626778131426
4696.0,0.001126432250177038
4696.400000000001,0.00033952209087811616
4696.8,0.0008959129110023481
4697.2,0.0001601713256391472
4697.6,0.0019264380781387892
4698.0,0.0009497373226107123
4698.400000000001,0.0008532847782817405
4698.8,0.00404719213662541
4699.2,0.00018343057924181976
4699.6,0.0003311261099827792
4700.0,0.0004192983792744031
4700.400000000001,0.0008649362328055416
4700.8,0.0002526161905913886
4701.2,0.0006409864192923464
4701.6,4.416653862109981e-05
4702.0,0.0014297193875352306
4702.400000000001,0.0017257208144357608
4702.8,0.0005624143568875489
4703.2,0.00014940895747782225
4703.6,1.4922984341266189e-05
4704.0,0.0008832404802694247
4704.400000000001,0.0006037268962271626
4704.8,0.0040199693286141645
4705.2,0.0003480348035006935
4705.6,0.001389214514668381
4706.0,0.0015009559406605635
4706.400000000001,0.0009226017913670081
4706.8,0.0014285909153708327
4707.2,0.0019506205558725647
4707.6,0.0010335932245847457
4708.0,0.0008313987774165994
4708.400000000001,0.000402740532700958
4708.8,4.9441863402732064e-05
4709.2,0.0003083714531759817
4709.6,9.115691470527693e-05
4710.0,0.00027048391112919506
4710.400000000001,0.0011880138406584158
4710.8,0.000799785153055189
4711.2,0.001187058980039428
4711.6,0.0008665019995245562
4712.0,0.000952740596541176
4712.400000000001,0.0003859547136520101
4712.8,3.556635006872387e-05
4713.2,0.0010898056394262107
4713.6,0.0006925153675296134
4714.0,0.0004304426223551415
4714.400000000001,0.00022219541147120743
4714.8,0.002574823668794209
4715.2,0.001797444117752426
4715.6,0.0016809415103893053
4716.0,0.0003882782476030338
4716.400000000001,0.0003523956100619864
4716.8,0.0009786860457454058
4717.2,0.0007457258817193784
4717.6,0.0004720876086184245
4718.0,0.001072288113879376
4718.400000000001,0.001145710736700019
4718.8,0.00017297575871309432
4719.2,0.00035966607083729113
4719.6,0.001923606527775173
4720.0,2.3554509035260986e-05
4720.400000000001,0.0006402178294579553
4720.8,0.0007706979835294884
4721.2,0.00029841566389219237
4721.6,0.001327691924835475
4722.0,0.0006491517587052181
4722.400000000001,0.0003136966260293808
4722.8,0.00048100937086345346
4723.2,0.0005204355921785735
4723.6,0.0005645447173795893
4724.0,0.0002943835837810944
4724.400000000001,0.00036237125594072115
4724.8,0.0006227075617805955
4725.2,0.001450634715021606
4725.6,4.148797112120049e-05
4726.0,0.0001945708778620226
4726.400000000001,0.0015588097561394683
4726.8,4.662507071281711e-05
4727.2,0.0011137911910700778
4727.6,0.0004905526741686558
4728.0,0.0007924410604936333
4728.400000000001,0.00032572046905219904
4728.8,0.0011154702323695996
4729.2,0.0007758346604683734
4729.6,0.0008957535825954213
4730.0,0.000910436810085868
4730.400000000001,0.0006022476070670556
4730.8,0.0008869522947588718
4731.2,0.0015690913137959297
4731.6,7.680634010023996e-05
4732.0,0.00013834291705433935
4732.400000000001,0.00023823397412587571
4732.8,0.00018906682228879852
4733.2,0.00043306287302614254
4733.6,0.0007010078419027455
4734.0,0.00012051018886270428
4734.400000000001,0.0001070053519768385
4734.8,0.0005446789054052953
4735.2,9.738881352858942e-05
4735.6,0.0005152003437526326
4736.0,0.0005814589248740272
4736.400000000001,0.000937175356001382
4736.8,0.0004636581121599174
4737.2,3.7251362996909874e-05
4737.6,1.5221717707321182e-05
4738.0,0.0010483748206043867
4738.400000000001,0.000590539006071491
4738.8,0.0002738117091857604
4739.2,0.0006789185090132806
4739.6,0.0002896463855932797
4740.0,0.0011652826547778044
4740.400000000001,0.0005180435218338708
4740.8,0.0010946476789298817
4741.2,0.0007772183452764284
4741.6,0.0005048561121205296
4742.0,0.00030383611701206945
4742.400000000001,0.001641378343954682
4742.8,0.0016111574082080277
4743.2,0.00022421820087882382
4743.6,0.001304442360183674
4744.0,0.0014296561640295918
4744.400000000001,0.001519560363602143
4744.8,0.0031042948216754474
4745.2,9.811061926580917e-06
4745.6,0.00034191742987398733
4746.0,0.0004567285102637749
4746.400000000001,0.0005405719138689348
4746.8,0.0004729509520453253
4747.2,0.0005934079743063154
4747.6,0.0019086652696151587
4748.0,0.0011811087408811847
4748.400000000001,0.0003870806083896068
4748.8,0.000708710054624428
4749.2,5.417218886929383e-06
4749.6,0.0010864441605630138
4750.0,0.0018473809137451284
4750.400000000001,0.00013898998401191078
4750.8,5.3614820546850876e-05
4751.2,0.0001054016765376926
4751.6,0.0011808698603601603
4752.0,0.0009300150290753755
4752.400000000001,0.0002547719460856397
4752.8,0.001768462327681779
4753.2,0.0015749019774445982
4753.6,0.0001885770057920011
4754.0,0.002279606417909737
4754.400000000001,0.0012375429456547094
4754.8,0.0006769151014164077
4755.2,0.0004210363439068288
4755.6,0.0005006212891104279
4756.0,0.0004982238263986254
4756.400000000001,0.0010222448631161938
4756.8,5.688542587581954e-05
4757.2,0.0008751202684754274
4757.6,0.000542583973366144
4758.0,0.0010746851521286308
4758.400000000001,0.0012397302167389875
4758.8,9.169024587806227e-06
4759.2,4.3186570554645206e-05
4759.6,0.00016038615830449047
4760.0,0.000814358591709834
4760.400000000001,0.0006197750510080844
4760.8,0.00016160311074868265
4761.2,0.0025775478700268803
4761.6,0.00039856833062886724
4762.0,0.0003554610280667709
4762.400000000001,0.0015559188144944472
4762.8,0.00010979085429841763
4763.2,0.000515826862803036
4763.6,0.0001808520973051813
4764.0,0.0008343760418946072
4764.400000000001,0.00015595764673670377
4764.8,4.025013623948386e-06
4765.2,0.002482898693609685
4765.6,0.0004233528005941484
4766.0,0.0004173390608325894
4766.400000000001,5.774560011247545e-05
4766.8,0.0006171946368194604
4767.2,0.0012666340157199338
4767.6,0.002097696222959449
4768.0,0.0007716528691984019
4768.400000000001,0.000562894456967353
4768.8,0.00025298947166409495
4769.2,0.0012152720973700446
4769.6,0.0005031587164551742
4770.0,0.0014817699331763432
4770.400000000001,4.38563675648177e-05
4770.8,0.00024482532355658436
4771.2,0.001221501526773618
4771.6,7.269881833497518e-05
4772.0,0.00038923850656769857
4772.400000000001,2.0308068427028844e-05
4772.8,0.0004846455566993405
4773.2,0.0008430941856969141
4773.6,0.0005569003901489535
4774.0,0.00024447761187851275
4774.400000000001,0.0005560803277791255
4774.8,0.0003701181861132494
4775.2,0.0004931419977498156
4775.6,0.001416720320463726
4776.0,0.0006438355649197174
4776.400000000001,0.0010120735132573447
4776.8,0.0007279340636236601
4777.2,0.0008303014002168422
4777.6,0.0010216029893282377
4778.0,0.0018152798764346344
4778.400000000001,0.00015373275767650415
4778.8,0.00018091107082075582
4779.2,0.0008093099449344726
4779.6,0.0008875999436662205
4780.0,0.00013701994292688262
4780.400000000001,2.638243536640885e-05
4780.8,0.0006608779505119801
4781.2,0.0005151999985085202
4781.6,0.00022973824396072096
4782.0,0.0013677215731335902
4782.400000000001,0.0006952578741658547
4782.8,0.0009183410162931138
4783.2,0.0015003610036185742
4783.6,0.0011630868493083951
4784.0,5.571944041963387e-05
4784.400000000001,0.000351191109806634
4784.8,0.0011597236086140516
4785.2,0.0003818331231677798
4785.6,0.0014778760154090138
4786.0,4.9446584373677846e-05
4786.400000000001,0.0009565811352160172
4786.8,0.0016612264858775234
4787.2,0.0011965862208388205
4787.6,0.000789341757207172
4788.0,0.0007236366841773549
4788.400000000001,0.000596731469665676
4788.8,0.0006377027771040419
4789.2,0.00035942485300528084
4789.6,0.001112212183654202
4790.0,0.00026007609070916125
4790.400000000001,0.0017686501413870116
4790.8,0.00022443130210905878
4791.2,0.00013890427381303745
4791.6,0.00013255244954164626
4792.0,0.0011413576738295262
4792.400000000001,7.241158401298432e-05
4792.8,4.0790375352554e-05
4793.2,0.0009735524545278327
4793.6,0.00024070750032110976
4794.0,0.0007166667644763984
4794.400000000001,0.0008991438031535467
4794.8,0.00013596031951117326
4795.2,0.0006618017741016719
4795.6,0.0003376440209965814
4796.0,0.000293692909249622
4796.400000000001,2.5643304385451216e-05
4796.8,0.00020879117576551716
4797.2,0.000106533252917015
4797.6,0.00033333948491118883
4798.0,0.0010432889625473787
4798.400000000001,0.0001663828217322452
4798.8,0.00043318606412762125
4799.2,0.0008770009640200467
4799.6,0.0021986090296310075
4800.0,0.0009598410162641475
4800.400000000001,0.00033063563094251896
4800.8,3.791369954248575e-05
4801.2,0.0001100860226623246
4801.6,0.0007568823281956938
4802.0,0.00013022304695380698
4802.400000000001,0.0013297466934501028
4802.8,0.00021018169459903393
4803.2,0.0005419227682872947
4803.6,8.143069861785362e-05
4804.0,1.7092589351069007e-05
4804.400000000001,8.70309083319417e-05
4804.8,0.002017206159564045
4805.2,0.0007067034257846725
4805.6,0.00016111885312843524
4806.0,0.0011398848061617147
4806.400000000001,0.0001511581815257176
4806.8,0.00032521180292537744
4807.2,0.00012533321495549472
4807.6,0.0005311735984229129
4808.0,0.0018833686918690094
4808.400000000001,0.0006068328860933548
4808.8,0.0002828255502637145
4809.2,0.0004131896492371129
4809.6,0.000649227032022552
4810.0,2.5303645137122083e-08
4810.400000000001,0.0002928802561034416
4810.8,0.0015357406264779007
4811.2,0.0005908161187266507
4811.6,7.545604616050474e-05
4812.0,0.0005310232030960533
4812.400000000001,0.0008406617486834373
4812.8,0.000357768348626609
4813.2,0.0008801194325838916
4813.6,0.001530136330219658
4814.0,0.00023137370054662242
4814.400000000001,3.271363583120058e-05
4814.8,6.741275551943796e-05
4815.2,0.0005543369339727115
4815.6,0.0007197494362832388
4816.0,0.0007755683184071789
4816.400000000001,0.001640337124810299
4816.8,0.0006466469743870835
4817.2,0.0001360323244232131
4817.6,0.0024394400887483765
4818.0,0.003188639293409199
4818.400000000001,0.0012660787596408447
4818.8,0.0004501995204545269
4819.2,3.931616350437305e-05
4819.6,0.0004601584049305596
4820.0,0.0003543881564803869
4820.400000000001,0.0010998428791343677
4820.8,0.0010020314141539733
4821.2,0.0007528902956626198
4821.6,0.0012343264007223752
4822.0,0.0010049911249959337
4822.400000000001,0.00010514386676816112
4822.8,4.7933568077408054e-05
4823.2,0.0009948164357224207
4823.6,0.0008758142361844043
4824.0,0.0003325856092978115
4824.400000000001,0.0005356210817095717
4824.8,0.00011545065325329999
4825.2,0.0007206617960408106
4825.6,0.0001267486067664844
4826.0,0.0004896295046762147
4826.400000000001,0.001447415214157588
4826.8,0.0014544507447772042
4827.2,0.00016293630632232235
4827.6,0.0001684137003432007
4828.0,0.00013806411241966684
4828.400000000001,0.0007366015667735563
4828.8,0.0002092532614201965
4829.2,0.000631059356857241
4829.6,0.001001855141325364
4830.0,0.0003464763460605332
4830.400000000001,9.788994202530677e-05
4830.8,7.741017292305145e-05
4831.2,0.0005049405412569897
4831.6,0.00019850439787998036
4832.0,0.00018505266775383088
4832.400000000001,0.0008382584733131342
4832.8,0.0009553084900351417
4833.2,0.00022289631620945382
4833.6,0.000498061360410704
4834.0,0.002251745998042363
4834.400000000001,0.00014730384138657895
4834.8,7.059257960515955e-05
4835.2,0.00018974186479171735
4835.6,4.658412502758302e-05
4836.0,0.0005003242317120776
4836.400000000001,0.0004319130777821035
4836.8,0.001303952384124643
4837.2,0.0011437380717446795
4837.6,0.0007041452526327325
4838.0,8.153768325870892e-05
4838.400000000001,0.0004206229787891133
4838.8,0.0007947915489202666
4839.2,0.0010178151136971893
4839.6,0.0006665046349431362
4840.0,0.0006619569420150364
4840.400000000001,0.0008245374067383044
4840.8,0.0011466966569683974
4841.2,0.0005074029899996377
4841.6,0.00012655262543988648
4842.0,0.0005354730231805083
4842.400000000001,0.0012593748042093456
4842.8,3.5564446203628415e-07
4843.2,0.0007096655553477513
4843.6,0.0006467813923033835
4844.0,0.0005075335430957415
4844.400000000001,6.599024666427552e-05
4844.8,0.0005914579451923003
4845.2,0.0004313856193006807
4845.6,4.5716779808286125e-06
4846.0,0.00034249277288018955
4846.400000000001,0.00035265102958883816
4846.8,0.0001593080936767769
4847.2,0.0003773377067544443
4847.6,0.0001980201298938201
4848.0,0.00020398171457288258
4848.400000000001,0.0006931744492475268
4848.8,0.0011559606717892045
4849.2,0.0013331057679548406
4849.6,0.0007694793293904445
4850.0,8.92777589367345e-05
4850.400000000001,0.0003311633238884618
4850.8,0.00032552286712053165
4851.2,0.0008563328518310201
4851.6,0.0015463394771983042
4852.0,9.1039269595445e-05
4852.400000000001,0.0020682215163114023
4852.8,0.001198090474106411
4853.2,3.105268097427871e-06
4853.6,3.323035988904176e-06
4854.0,0.00039025486607872456
4854.400000000001,0.0009791179501756119
4854.8,0.00011588430275583581
4855.2,0.0008929734234096944
4855.6,0.00036321010461485073
4856.0,0.0006006977442578829
4856.400000000001,0.0002397698035849617
4856.8,0.0007287488996147132
4857.2,0.0009094336350899866
4857.6,0.000636877589396193
4858.0,0.0004353087401391599
4858.400000000001,0.00020677620078251612
4858.8,0.00027827562332156475
4859.2,0.0020449372709305316
4859.6,1.0993296362267661e-05
4860.0,0.000659883343362215
4860.400000000001,0.0004895145343545988
4860.8,0.002486048312678799
4861.2,7.674937227560027e-06
4861.6,0.0002651303696670639
4862.0,0.0005543639507148765
4862.400000000001,0.00012448834972960608
4862.8,0.0004990231143081896
4863.2,0.0010400612500850235
4863.6,0.0012261714722306704
4864.0,7.141708022984796e-05
4864.400000000001,0.0011669999279934667
4864.8,0.00025923206286884346
4865.2,0.0012261779568782734
4865.6,0.0007479755848602863
4866.0,0.0008803700271149734
4866.400000000001,0.000800916710298428
4866.8,0.0010313178831432332
4867.2,0.0003800433970923025
4867.6,0.0005001824836769487
4868.0,0.00023025312574829752
4868.400000000001,0.0016516974857197532
4868.8,0.00017659676201270535
4869.2,0.0014004940292439794
4869.6,0.0008981564119851889
4870.0,0.0009125647991869646
4870.400000000001,0.0012287662188324206
4870.8,0.0003909016472724451
4871.2,0.000599788202641503
4871.6,0.0007619600737661602
4872.0,0.000712957073111758
4872.400000000001,0.0006678375667703636
4872.8,3.8484385389047165e-05
4873.2,0.0008963869706976358
4873.6,0.0004938087212946694
4874.0,0.00033082339648514485
4874.400000000001,0.000556834072168853
4874.8,0.0005978613022068845
4875.2,0.00040806333055626987
4875.6,0.0005408507738800843
4876.0,0.0006499336332741081
4876.400000000001,0.00031419525531588825
4876.8,0.00039520260421612645
4877.2,0.0014033066009317518
4877.6,0.0004656846052961217
4878.0,0.0002143772112686073
4878.400000000001,0.0002838697464039641
4878.8,0.0009121446342545715
4879.2,0.0008145471289485792
4879.6,0.0004123072771051904
4880.0,0.0008795410783889099
4880.400000000001,4.92430312618086e-05
4880.8,3.66188136755867e-05
4881.2,0.00021189950316713137
4881.6,0.0005877831957202294
4882.0,0.0013238842698908729
4882.400000000001,0.0007074621744762245
4882.8,0.0018990970594763158
4883.2,0.0013815160080109623
4883.6,0.000657189366398702
4884.0,0.0008905897067986608
4884.400000000001,0.00032990826926148335
4884.8,0.000665161557248288
4885.2,0.00019959601853330585
4885.6,0.0009581305296662045
4886.0,0.0007881276880216969
4886.400000000001,0.0013220826603548756
4886.8,0.0001497257922225297
4887.2,0.0014304202297699814
4887.6,0.0016920139540877053
4888.0,0.001635748663581076
4888.400000000001,0.0001679431432606963
4888.8,0.0009321534649114437
4889.2,0.0012460005516533603
4889.6,0.00018347698351745207
4890.0,0.00018292360178127562
4890.400000000001,0.0011437660647463399
4890.8,9.647688206717024e-05
4891.2,0.002807618320235106
4891.6,0.0006317951716901622
4892.0,0.001016126033207476
4892.400000000001,0.00014693522254285624
4892.8,0.0015424621927209137
4893.2,0.0002688183937827498
4893.6,0.000687738506604927
4894.0,0.0005466685783996812
4894.400000000001,0.0005495117613316687
4894.8,0.0002315673892556716
4895.2,0.00014652879949075413
4895.6,0.0008667953227976902
4896.0,0.0010146887972258991
4896.400000000001,0.0007482231995699372
4896.8,4.061423869819274e-05
4897.2,0.0010555561776909776
4897.6,3.5283085230604096e-05
4898.0,0.0015577071938355411
4898.400000000001,0.00014196164274420887
4898.8,0.00032588558755147713
4899.2,4.972460534746211e-06
4899.6,0.00024041677660779253
4900.0,0.0013461306130316062
4900.400000000001,9.224036511717317e-05
4900.8,2.577353636411831e-06
4901.2,0.0007205913249913743
4901.6,0.0013512781358552032
4902.0,0.000197967151301044
4902.400000000001,0.00034585574687116127
4902.8,0.00031645886003888243
4903.2,3.614195311989427e-05
4903.6,0.0003038726535355844
4904.0,0.0011576725804792569
4904.400000000001,0.00019815220064602076
4904.8,4.905079020446285e-05
4905.2,0.00034909539703086186
4905.6,0.0008033619930394335
4906.0,0.00019764671445959026
4906.400000000001,0.00022625531124326453
4906.8,7.121409300167785e-05
4907.2,0.00032466270539713776
4907.6,0.00014190619208956557
4908.0,3.7664045271212706e-05
4908.400000000001,0.000578797971866865
4908.8,0.0014070889056309534
4909.2,2.3024928726802167e-05
4909.6,0.0015618043935533078
4910.0,0.001569497812254587
4910.400000000001,0.00022551396404525676
4910.8,0.0007770582118904466
4911.2,5.656420143700511e-05
4911.6,0.0005576073016126709
4912.0,0.0004609413797125586
4912.400000000001,0.0006469014186272599
4912.8,0.0005573814378818327
4913.2,0.00017305720066395847
4913.6,0.0008048458914431318
4914.0,0.003663447240122185
4914.400000000001,9.166484815499422e-05
4914.8,0.0003089462772106447
4915.200000000001,0.000534534045668271
4915.6,0.00012427713143434318
4916.0,0.0006923183279232253
4916.400000000001,9.733080400150681e-05
4916.8,0.0015131068277072428
4917.200000000001,0.001245430909609175
4917.6,0.0004659122729812674
4918.0,2.7025030119487836e-05
4918.400000000001,0.0013090608055572222
4918.8,0.002003864044982614
4919.200000000001,0.00043740754837408253
4919.6,0.000356561846183379
4920.0,0.0017842686962147736
4920.400000000001,0.0005279682687876872
4920.8,0.00017249438709044976
4921.200000000001,0.00047323163429214963
4921.6,0.0002813711358770641
4922.0,0.00031372553730737486
4922.400000000001,0.0005591138098034831
4922.8,0.00033616510693716857
4923.200000000001,0.0020933648362937234
4923.6,0.0007961192574480513
4924.0,0.0003223337810011043
4924.400000000001,0.00025432897633486556
4924.8,0.0005136036059226632
4925.200000000001,0.0005112507344719324
4925.6,0.0005080816926752641
4926.0,8.583481739716416e-05
4926.400000000001,0.000308281059605393
4926.8,0.0008425793220034291
4927.200000000001,0.00031336551447512626
4927.6,0.0009990278329136792
4928.0,2.4387213245669416e-05
4928.400000000001,0.00024197781299207448
4928.8,0.0013169415113029254
4929.200000000001,0.0005132652193992224
4929.6,0.0002937230985789481
4930.0,0.0003364400680745945
4930.400000000001,6.009236159797235e-05
4930.8,0.00030351467518868763
4931.200000000001,0.0002684870625331697
4931.6,0.00047555275439509193
4932.0,0.0002610796002707669
4932.400000000001,0.0003723037817204511
4932.8,0.0004995589720522189
4933.200000000001,0.00048449714785919794
4933.6,0.0009879420011285644
4934.0,0.0003263501181991066
4934.400000000001,0.00010934209488523907
4934.8,0.000666518256010292
4935.200000000001,0.0005394864915996908
4935.6,0.00042172656677628946
4936.0,6.553580493879142e-05
4936.400000000001,0.000902892932916398
4936.8,0.00019236393841184216
4937.200000000001,0.0006273983723139802
4937.6,0.00032312066402903373
4938.0,7.06697596406231e-05
4938.400000000001,0.000520280870359126
4938.8,0.0010801316224163542
4939.200000000001,2.1604708022065444e-05
4939.6,0.00014059423833709275
4940.0,0.0017059951637449077
4940.400000000001,0.0003427384663155281
4940.8,0.0010144505901010313
4941.200000000001,0.0003034699685183651
4941.6,0.0003706163879095144
4942.0,2.9831955508734716e-06
4942.400000000001,0.00012960162950856685
4942.8,0.0010166991769014993
4943.200000000001,0.0007711536456946109
4943.6,0.000645617995992421
4944.0,0.00014434583486692328
4944.400000000001,0.0005531240656478222
4944.8,0.0006293965441571872
4945.200000000001,0.0007687869537339684
4945.6,0.00013488539284348938
4946.0,0.00045033803973287356
4946.400000000001,6.966537897238841e-05
4946.8,0.0005170905315580618
4947.200000000001,0.0010272983798464167
4947.6,0.0002644535827123941
4948.0,0.00036829507047923685
4948.400000000001,5.1401210024613394e-05
4948.8,6.360452305385023e-05
4949.200000000001,0.0014314488083038701
4949.6,0.0010988511275308855
4950.0,7.001570775703404e-05
4950.400000000001,0.0013233684771780207
4950.8,0.0009085583374313791
4951.200000000001,0.0016043740224280412
4951.6,0.001030699091070506
4952.0,0.001700265722304847
4952.400000000001,0.0001225874656923065
4952.8,0.0002113475879501268
4953.200000000001,0.001259956045622108
4953.6,0.0004630754679614176
4954.0,0.00031652603265285435
4954.400000000001,0.00014273324641265098
4954.8,0.00023091076596175325
4955.200000000001,0.00037142158639457117
4955.6,0.0005613964014910782
4956.0,0.0002939259885691556
4956.400000000001,0.0003453049388287288
4956.8,4.811610503396668e-05
4957.200000000001,0.0001879354754873431
4957.6,0.0005008156167481509
4958.0,4.223505461514725e-05
4958.400000000001,0.0002487518742004316
4958.8,0.00016003406105190516
4959.200000000001,0.0012090481160468409
4959.6,0.0008999878400507799
4960.0,2.15242154558621e-05
4960.400000000001,0.0002819880866553278
4960.8,0.00038711834727569793
4961.200000000001,0.0009545117122499368
4961.6,0.0004176945560285238
4962.0,3.5273942769311906e-06
4962.400000000001,0.000677506471870697
4962.8,2.122279064858129e-05
4963.200000000001,0.0003050790919440919
4963.6,0.00023218330476176079
4964.0,1.2218633314708705e-05
4964.400000000001,0.0018584404760009611
4964.8,0.0007928575529698586
4965.200000000001,0.0002433468141593132
4965.6,0.00022234090509283896
4966.0,9.60505850148608e-05
4966.400000000001,0.00029035396465224294
4966.8,0.0013306473780879274
4967.200000000001,0.0022351264917593807
4967.6,8.060718831109307e-05
4968.0,0.00010639225616817948
4968.400000000001,0.0008008063870061201
4968.8,5.357888503497572e-05
4969.200000000001,0.0010670281284724783
4969.6,0.0011041012459227202
4970.0,0.0004396732899286482
4970.400000000001,6.809341378835211e-05
4970.8,0.0005179520779633072
4971.200000000001,0.001230886390464731
4971.6,0.0003087700994706482
4972.0,0.0006439569556752352
4972.400000000001,0.0010046122305276933
4972.8,0.000251956842979127
4973.200000000001,0.00011626339600805119
4973.6,0.0001611569935378794
4974.0,0.0002910079983998777
4974.400000000001,0.0004166913845325718
4974.8,0.0007412341896704138
4975.200000000001,0.0010098306750969605
4975.6,0.00014553904025768545
4976.0,0.0007519651996691001
4976.400000000001,0.00032159167453845784
4976.8,0.0003633496695842991
4977.200000000001,0.000718921790025131
4977.6,0.0001643701528794259
4978.0,0.00011391701013076369
4978.400000000001,0.00029267845483444305
4978.8,0.0006643967430219653
4979.200000000001,0.0008696841494980142
4979.6,0.00045724799038835513
4980.0,6.78700741334658e-05
4980.400000000001,0.0004190871564105491
4980.8,0.0007673189594014452
4981.200000000001,5.170445047625894e-05
4981.6,1.0677192992967017e-05
4982.0,0.000672882146542656
4982.400000000001,0.0009364482341981656
4982.8,0.001222954065868389
4983.200000000001,0.0002557513468314746
4983.6,0.0007575518611032652
4984.0,0.00046292812872199583
4984.400000000001,0.00040865975893582637
4984.8,0.0009213926869649815
4985.200000000001,0.00022710934785561456
4985.6,0.0005915036781736731
4986.0,0.00011169140446915755
4986.400000000001,0.00038927822396216723
4986.8,0.00044138748342040007
4987.200000000001,9.186492427689294e-05
4987.6,0.00048009014482807956
4988.0,0.0008322597159265962
4988.400000000001,0.0003647751755847635
4988.8,0.0010196503796101428
4989.200000000001,0.0007149712382903109
4989.6,0.0002514701921434012
4990.0,0.0012371754966318317
4990.400000000001,2.907615417248828e-05
4990.8,0.00013784059273271252
4991.200000000001,7.517413384594631e-05
4991.6,0.00016087914505535456
4992.0,0.0007531932613316589
4992.400000000001,0.0003235506298208891
4992.8,0.0005295321464671897
4993.200000000001,7.220880371422764e-05
4993.6,0.001115839427407448
4994.0,5.754249521711903e-05
4994.400000000001,1.7333829425097412e-05
4994.8,0.00018694946474251943
4995.200000000001,0.00021129821298305901
4995.6,0.00023959801955825578
4996.0,0.0006690009896799058
4996.400000000001,0.00019622578149955
4996.8,0.00018690027632285058
4997.200000000001,0.0005701141737041634
4997.6,0.0003929999132933412
4998.0,8.090989976414467e-05
4998.400000000001,8.106180904384211e-05
4998.8,0.0009657652063114329
4999.200000000001,0.0008177439854975077
4999.6,0.0011150265910667284
5000.0,0.00034158591702339937
5000.400000000001,0.00023044483986130543
5000.8,0.00038185058655553796
5001.200000000001,0.00026246600663556085
5001.6,0.00011523581136816526
5002.0,0.0006233445405816575
5002.400000000001,0.0008575850689347342
5002.8,0.00040730009331318686
5003.200000000001,0.0019069489164621266
5003.6,0.0005399509675963919
5004.0,0.00020188569527897018
5004.400000000001,0.0002215550032112419
5004.8,0.00022368647008609046
5005.200000000001,0.0006297505447628835
5005.6,1.7358614979532822e-05
5006.0,0.0001626546062532491
5006.400000000001,0.00021562827368003045
5006.8,9.441789301907167e-05
5007.200000000001,0.0006343878570405232
5007.6,0.0005029619745088149
5008.0,0.00011082974257437065
5008.400000000001,0.0002800042015253697
5008.8,0.000540349531156451
5009.200000000001,9.642961316622768e-05
5009.6,5.9289587698270475e-05
5010.0,0.0015092143909693338
5010.400000000001,0.0010389334930134676
5010.8,0.00031862126038662426
5011.200000000001,0.00036616934782335666
5011.6,0.00040827585107912443
5012.0,5.88247450266611e-05
5012.400000000001,0.0004919548528377884
5012.8,0.0006559101493579261
5013.200000000001,0.001740788852702429
5013.6,0.0002492019240934795
5014.0,0.0002255813399630203
5014.400000000001,0.0022154649118627558
5014.8,0.0006871830498456978
5015.200000000001,0.000712214521551109
5015.6,9.68419202173626e-05
5016.0,0.0005619898953382218
5016.400000000001,4.177096539485918e-05
5016.8,0.00020068440213547454
5017.200000000001,0.0006483179932596787
5017.6,0.00025305546987331807
5018.0,0.0005796159301715187
5018.400000000001,0.00021581761605856927
5018.8,9.295313786206543e-05
5019.200000000001,0.0006168825046437369
5019.6,0.00019942880174221187
5020.0,9.763702123616928e-05
5020.400000000001,1.1700776344919306e-05
5020.8,0.0012448404169254745
5021.200000000001,7.891129307340869e-05
5021.6,0.0002975274494824025
5022.0,0.00017029943867474223
5022.400000000001,0.00026156957160411936
5022.8,1.4695629256050402e-05
5023.200000000001,0.0017065570788735505
5023.6,9.637047678236588e-05
5024.0,0.0009657489543533156
5024.400000000001,3.100389723327485e-05
5024.8,0.0013009862043951916
5025.200000000001,0.0001930576151353712
5025.6,0.0006975120834012449
5026.0,0.0009726439591083528
5026.400000000001,0.0005228416159591646
5026.8,1.4745603876307592e-05
5027.200000000001,2.1359117196930644e-05
5027.6,0.0005909676181917174
5028.0,0.0004085983942879884
5028.400000000001,0.00047794756756530747
5028.8,0.00014698822582144279
5029.200000000001,0.000976616130926425
5029.6,0.0006087069178423875
5030.0,0.000369924112266734
5030.400000000001,5.37255820560489e-05
5030.8,6.252863187574034e-05
5031.200000000001,0.0006743036045054327
5031.6,0.0001357664673798726
5032.0,6.02012981173964e-05
5032.400000000001,0.0010418185098450595
5032.8,0.000698023785591154
5033.200000000001,0.00021551924173159005
5033.6,0.0003159157181681906
5034.0,0.0005056878926877736
5034.400000000001,0.0002692941036595499
5034.8,0.00012594424333889256
5035.200000000001,0.002007053868956377
5035.6,7.483338674162186e-05
5036.0,0.00041414558535803335
5036.400000000001,0.0001466338719030717
5036.8,0.00267776179632999
5037.200000000001,0.0007818964017115385
5037.6,3.754599295014112e-05
5038.0,0.0006002993924939929
5038.400000000001,0.00039582688743172007
5038.8,8.011542667972037e-06
5039.200000000001,0.00024439374636375143
5039.6,0.00021544976418105764
5040.0,3.083861724266729e-06
5040.400000000001,0.0006525838029192608
5040.8,0.0004602647572666183
5041.200000000001,0.0009629532094852074
5041.6,0.0005482999810966773
5042.0,0.0002229779887775344
5042.400000000001,0.00038375336504802346
5042.8,0.0005087648174403583
5043.200000000001,0.0001711210142103979
5043.6,0.0001244024356053216
5044.0,0.00036920101887889356
5044.400000000001,0.0007116466124192647
5044.8,5.146873331823222e-05
5045.200000000001,0.00011415870463329784
5045.6,0.0003991744402950254
5046.0,0.0002483639940524909
5046.400000000001,4.931037947375657e-05
5046.8,0.0007980711659778026
5047.200000000001,7.031693736375772e-05
5047.6,0.000223322492870724
5048.0,0.0006624305874874702
5048.400000000001,0.000736130346721222
5048.8,0.0008737363839065739
5049.200000000001,0.0008130228101826937
5049.6,0.001498237645810913
5050.0,0.000638917577377414
5050.400000000001,0.0004177803485575628
5050.8,0.0017927093191412128
5051.200000000001,7.447424963105525e-05
5051.6,0.00011006731905312908
5052.0,0.00028582501219534453
5052.400000000001,0.00013362824365858417
5052.8,0.0001617725224481205
5053.200000000001,0.00011370948337842494
5053.6,6.298281209261211e-05
5054.0,0.00023974616770253436
5054.400000000001,0.0001746924376117849
5054.8,0.0007630115669527547
5055.200000000001,0.0018694786499796068
5055.6,6.447342192580982e-05
5056.0,0.0012229180138717346
5056.400000000001,0.000300946326970423
5056.8,0.0003387177741474754
5057.200000000001,0.0007326282294302193
5057.6,1.8855970495488357e-05
5058.0,0.0007760094859775459
5058.400000000001,6.544928367710758e-05
5058.8,0.000421150519126463
5059.200000000001,0.0014008404024020698
5059.6,0.0013245462670599707
5060.0,2.887258195621019e-05
5060.400000000001,0.00017312718355825125
5060.8,0.00010159751940544762
5061.200000000001,0.00020517126429934942
5061.6,0.0005461441320139981
5062.0,0.00019037359111613353
5062.400000000001,0.00023260851115583959
5062.8,0.00023201507517464368
5063.200000000001,0.0003652445130824239
5063.6,0.000808630419309715
5064.0,0.0006241397997619138
5064.400000000001,0.00015903292877197738
5064.8,0.0005858095184614112
5065.200000000001,0.0003513356969646409
5065.6,0.00015099132293889484
5066.0,9.096147179133748e-05
5066.400000000001,0.000430543631464394
5066.8,0.0015766075411749495
5067.200000000001,0.00013500214753612875
5067.6,0.000372413798876451
5068.0,0.0008646147854924585
5068.400000000001,0.00016838597236739063
5068.8,0.0004062686380518541
5069.200000000001,9.56082091194817e-05
5069.6,9.980582006403221e-05
5070.0,0.00027204083378300453
5070.400000000001,0.0004933456798749578
5070.8,0.00023869607308401244
5071.200000000001,9.80310783659589e-05
5071.6,0.00029878509314333287
5072.0,5.543711945754812e-05
5072.400000000001,0.0006862961706337367
5072.8,7.066546403211991e-05
5073.200000000001,0.0009606242869589726
5073.6,3.839369885977426e-05
5074.0,0.0003146147424985801
5074.400000000001,0.0009126338522298681
5074.8,0.00028919198718514456
5075.200000000001,0.00031501283747520923
5075.6,0.0003534996258770725
5076.0,0.00014156468969149324
5076.400000000001,0.0001358010151659214
5076.8,0.00040106452212091196
5077.200000000001,6.943140491931549e-05
5077.6,0.0005930961571366131
5078.0,0.0005420526695018415
5078.400000000001,0.00019241137191587703
5078.8,0.00010244726328216381
5079.200000000001,0.00016382891001499384
5079.6,0.0008431403057829736
5080.0,0.00024011720138285568
5080.400000000001,0.00042618010515715855
5080.8,0.0011898719788681282
5081.200000000001,0.0015168288878130189
5081.6,0.0014918535876411994
5082.0,3.389247238070055e-05
5082.400000000001,9.296622600321501e-05
5082.8,0.000855684552956648
5083.200000000001,0.00018162469503052285
5083.6,7.589219049313759e-05
5084.0,0.00014617762882742082
5084.400000000001,2.355547327415739e-05
5084.8,4.525877258347977e-06
5085.200000000001,4.197623925354946e-05
5085.6,0.0007575885434218474
5086.0,0.00019213262125263334
5086.400000000001,0.00016091367439492513
5086.8,0.00014792096231132026
5087.200000000001,1.2515260839856923e-06
5087.6,6.693646933963096e-05
5088.0,0.0002926540137487974
5088.400000000001,0.0007554079544106926
5088.8,7.064170542073976e-05
5089.200000000001,0.00042464526230512047
5089.6,0.0006985642734549411
5090.0,0.0008712274787517208
5090.400000000001,0.0005412903240291387
5090.8,0.00010874339445349805
5091.200000000001,0.00014570497624478624
5091.6,7.748939262696892e-05
5092.0,0.0002560317268624561
5092.400000000001,0.0006127014658603533
5092.8,5.210326486605697e-05
5093.200000000001,0.0002828794834313749
5093.6,0.000324587590522386
5094.0,0.00012671651678703496
5094.400000000001,0.0003134250518537502
5094.8,5.3864444183411235e-05
5095.200000000001,5.007454586446682e-05
5095.6,0.0009057872574587874
5096.0,0.0008114148162764998
5096.400000000001,0.0005064754861417561
5096.8,0.00034529163003091704
5097.200000000001,0.0002943268975611003
5097.6,6.534979868164881e-05
5098.0,0.00015647413677457987
5098.400000000001,0.0017889015583453906
5098.8,0.00044463490830431735
5099.200000000001,0.0005757895444918115
5099.6,3.9009763568073894e-05
5100.0,4.0422816468761795e-05
5100.400000000001,0.0006162831886963052
5100.8,0.00025692603343427877
5101.200000000001,0.0001632457829370908
5101.6,0.00018526939928819103
5102.0,0.00018165578644044114
5102.400000000001,0.0021616709407075037
5102.8,0.00023158125975216042
5103.200000000001,0.0008066063854719666
5103.6,0.0006758902447991035
5104.0,0.00024824180040650823
5104.400000000001,0.00011823282078175405
5104.8,0.00038557587084928264
5105.200000000001,0.0006859100324702705
5105.6,4.664532360746177e-05
5106.0,0.00023820968823309944
5106.400000000001,6.529956995302107e-05
5106.8,0.0005029210622890834
5107.200000000001,0.00016671960279407452
5107.6,5.504751307034706e-05
5108.0,0.00015179738102931542
5108.400000000001,0.0014709121584375602
5108.8,0.00019423901459797164
5109.200000000001,8.448753372343243e-05
5109.6,0.0010691198355341624
5110.0,0.00022066539180378594
5110.400000000001,0.0003429657052696484
5110.8,0.00013856302669344113
5111.200000000001,0.0002547184262247648
5111.6,0.00021880639485962383
5112.0,7.349965037204541e-05
5112.400000000001,5.191385240133079e-05
5112.8,2.6475022312266157e-05
5113.200000000001,0.00013523251402632863
5113.6,0.0003055705017541351
5114.0,0.0008024151181329133
5114.400000000001,0.0004749491848509941
5114.8,1.2619648943786846e-05
5115.200000000001,6.851064920404953e-05
5115.6,0.0009322006720709767
5116.0,0.0003002852405316282
5116.400000000001,3.528370960498869e-07
5116.8,0.002144878190534537
5117.200000000001,1.0091605813819261e-05
5117.6,0.0001021955508572181
5118.0,0.0001466671942997166
5118.400000000001,0.00013201934434487695
5118.8,0.0013428408515043708
5119.200000000001,2.110138333184133e-06
5119.6,0.000632614609811335
5120.0,4.822814410202159e-05
5120.400000000001,1.8952450388430025e-06
5120.8,0.00013873757726626018
5121.200000000001,0.0004047751326158647
5121.6,0.0003525583501775027
5122.0,0.000717362055731023
5122.400000000001,6.381963566417813e-05
5122.8,0.0002571255058249242
5123.200000000001,4.088747061231439e-05
5123.6,0.0006657376144244
5124.0,0.0010360484975792399
5124.400000000001,1.1431137099077136e-05
5124.8,0.0011250800746577187
5125.200000000001,0.00034015475661326223
5125.6,0.0010216795307201021
5126.0,0.0002185178897265792
5126.400000000001,0.00011344786913774828
5126.8,0.0007196143275989343
5127.200000000001,9.826939149742548e-05
5127.6,0.0005524624264679342
5128.0,0.0007869981633234714
5128.400000000001,0.0003558919022194293
5128.8,0.0005089110892728169
5129.200000000001,0.00017113052599982548
5129.6,0.0006482286823375924
5130.0,0.0007007284975240616
5130.400000000001,0.00011508494296687192
5130.8,0.0001543384089943285
5131.200000000001,0.0004522568604248463
5131.6,0.00020487767198543882
5132.0,1.79674372815542e-05
5132.400000000001,0.00011254839117124842
5132.8,1.162183505161745e-05
5133.200000000001,0.0007453491820525015
5133.6,0.001319254596703534
5134.0,0.0005282308170297175
5134.400000000001,0.00010379283277679332
5134.8,0.00028316538384157646
5135.200000000001,0.0001473055883550148
5135.6,0.0006473641681447367
5136.0,3.903153572467186e-05
5136.400000000001,0.0006280357461054773
5136.8,0.00033669068511545634
5137.200000000001,0.0005258841011247182
5137.6,0.0004940023662738847
5138.0,1.3218547078923595e-05
5138.400000000001,0.00044982815063018307
5138.8,0.00037717034207379623
5139.200000000001,0.00024525789651322317
5139.6,3.2751724748805186e-06
5140.0,0.0004070144820760169
5140.400000000001,0.0006215955168142216
5140.8,0.00010538674588503768
5141.200000000001,0.0006577362044984297
5141.6,0.001039602736156435
5142.0,0.00011966578718186674
5142.400000000001,0.000649210482926927
5142.8,0.00014726603612286445
5143.200000000001,0.00047708836482647336
5143.6,0.00014070693971953802
5144.0,4.494378649728675e-05
5144.400000000001,0.00010372051149383775
5144.8,0.0011702604832145318
5145.200000000001,0.0002558183839049237
5145.6,0.00016444186065139795
5146.0,2.395533390019768e-05
5146.400000000001,5.778519881520699e-05
5146.8,8.820768429048271e-05
5147.200000000001,0.0001285307699132889
5147.6,0.0003316544157376098
5148.0,0.000292534284659276
5148.400000000001,0.0002752938622206009
5148.8,0.0001047059749059005
5149.200000000001,0.00028240932763882564
5149.6,0.00020839225317485893
5150.0,0.0003166300409818633
5150.400000000001,5.998588742977719e-05
5150.8,6.438397711294413e-05
5151.200000000001,0.0011789487760363476
5151.6,0.0007060247953594384
5152.0,0.0013834631957300196
5152.400000000001,3.3556514763754126e-05
5152.8,0.0006619318989086402
5153.200000000001,0.00044445253629892483
5153.6,0.0008773454803956479
5154.0,9.895016326875852e-06
5154.400000000001,0.00017909283707518968
5154.8,0.00015702947468294894
5155.200000000001,0.00021308296573439032
5155.6,0.0003776181409157654
5156.0,9.581954490323542e-05
5156.400000000001,0.0005203986423840141
5156.8,0.0008257399248524285
5157.200000000001,1.3137104270316814e-05
5157.6,0.0010814234673534662
5158.0,0.00047659949617350665
5158.400000000001,6.993893444104225e-05
5158.8,0.000394130287703633
5159.200000000001,4.946557010966624e-05
5159.6,0.0002516853885264555
5160.0,0.0010702214377506173
5160.400000000001,0.0005374135323932056
5160.8,7.27341567010748e-05
5161.200000000001,0.0007462593004339735
5161.6,0.000506867333821858
5162.0,0.0005602643113802084
5162.400000000001,0.001026677442154418
5162.8,3.2724397363513005e-05
5163.200000000001,0.00020706992421010416
5163.6,0.0004025228458636273
5164.0,0.0007644442941368151
5164.400000000001,0.00066814986687937
5164.8,0.0009693568009305552
5165.200000000001,0.00011450311766417061
5165.6,0.00010874826103115554
5166.0,0.00019836959494114545
5166.400000000001,0.0006014797845802859
5166.8,0.00013991866391101088
5167.200000000001,0.0002305669645746225
5167.6,0.0003866630510820073
5168.0,0.00033935184155203986
5168.400000000001,6.362234940203925e-05
5168.8,0.001170540553875138
5169.200000000001,0.00024057209336919021
5169.6,0.0007029870057611884
5170.0,6.169803458140795e-05
5170.400000000001,0.00014025517776806916
5170.8,0.0004192278821054625
5171.200000000001,0.0006650933029953284
5171.6,0.00026991771791261737
5172.0,0.00030821742097668765
5172.400000000001,0.00031311542994141416
5172.8,0.00037403065457671436
5173.200000000001,0.00040223251037715073
5173.6,0.002214321568804672
5174.0,0.002272824905746051
5174.400000000001,0.0003051960130711959
5174.8,0.0001236371432488938
5175.200000000001,0.0003287784176502863
5175.6,0.00014936066733972078
5176.0,0.0003967160396620532
5176.400000000001,0.0003069026413122243
5176.8,9.015222473600921e-05
5177.200000000001,0.00033459028578203915
5177.6,7.053379952996678e-05
5178.0,0.00041129670059463115
5178.400000000001,0.0008026025477680513
5178.8,0.00011070030333737766
5179.200000000001,0.0004024811063893356
5179.6,0.00021528633187860226
5180.0,0.0003349405721446859
5180.400000000001,0.00045097021563594495
5180.8,0.00022721776830918156
5181.200000000001,0.0020642192499848713
5181.6,0.0006249984898049885
5182.0,3.6389535167345044e-05
5182.400000000001,1.0185057977714299e-05
5182.8,0.0005287912796674967
5183.200000000001,0.00021394683691198195
5183.6,0.0007020290283116431
5184.0,0.00018994676245677372
5184.400000000001,0.00010055017735705053
5184.8,0.00011191667124226373
5185.200000000001,0.0004283267159411045
5185.6,0.0005582163851923038
5186.0,0.0005222750687620026
5186.400000000001,0.00013181323152500153
5186.8,0.0011503511440932512
5187.200000000001,0.000168819955092794
5187.6,7.367594966942188e-05
5188.0,4.3812377791643245e-05
5188.400000000001,0.00011385588261876696
5188.8,0.00028818255891336925
5189.200000000001,0.0002787707171584806
5189.6,1.1663538799483125e-05
5190.0,0.0004366052041090265
5190.400000000001,0.0007246480828157365
5190.8,0.0010154193476532556
5191.200000000001,0.0007613480368861456
5191.6,0.00026021284428015394
5192.0,0.0003269839214021175
5192.400000000001,0.000596386145300526
5192.8,0.0006500783509888096
5193.200000000001,0.00023442525672718968
5193.6,3.1068778348692994e-05
5194.0,0.0006740950652120067
5194.400000000001,0.0006111965576064092
5194.8,0.00040581301187246036
5195.200000000001,0.00031620715942432876
5195.6,0.00016020599515917272
5196.0,0.00026078433689684995
5196.400000000001,0.00024821804879852737
5196.8,0.0005949050596231443
5197.200000000001,0.00020958905295660377
5197.6,0.00021496578135536665
5198.0,0.000610942058055333
5198.400000000001,0.00011926153643430054
5198.8,0.00010725630912467253
5199.200000000001,0.000792896492622847
5199.6,6.325788980368533e-05
5200.0,0.00010112440455362548
5200.400000000001,0.0007879850068178972
5200.8,0.00047695262508144266
5201.200000000001,5.509328244216153e-05
5201.6,5.7826243380027766e-05
5202.0,0.0002523097140926005
5202.400000000001,0.0007306273515773566
5202.8,1.9653680482666255e-05
5203.200000000001,0.00034092911657196087
5203.6,0.0006135116302138424
5204.0,9.052004165646155e-05
5204.400000000001,6.768238027999923e-05
5204.8,0.00016769710781519833
5205.200000000001,0.00032478385361809964
5205.6,0.0009144379230533808
5206.0,0.00024160193448042122
5206.400000000001,0.0001088623769810383
5206.8,3.20856202706362e-05
5207.200000000001,0.00038559674935369247
5207.6,0.00020153258071254314
5208.0,7.292764699207843e-05
5208.400000000001,0.0005341690260468664
5208.8,3.85931666503198e-05
5209.200000000001,0.0004166009229775125
5209.6,8.094354074579774e-05
5210.0,0.00026706267048647893
5210.400000000001,8.107860444193262e-05
5210.8,0.0004900923249055872
5211.200000000001,0.0003548190811714063
5211.6,0.00022603288131612867
5212.0,1.0722342208320427e-05
5212.400000000001,0.00039125534629519485
5212.8,0.00031645265763836157
5213.200000000001,0.0001365386315956758
5213.6,0.0002550267953482461
5214.0,4.1713061083385514e-05
5214.400000000001,0.0009941659522549435
5214.8,2.2201417809460192e-05
5215.200000000001,0.00041114170509506384
5215.6,0.00021523663133945337
5216.0,0.000185389324424223
5216.400000000001,0.0005487976844126218
5216.8,0.00020992982032898028
5217.200000000001,0.0004336199147797364
5217.6,0.00016526772138844453
5218.0,0.0007113479881911986
5218.400000000001,0.0008410393746652309
5218.8,0.00026100253343770447
5219.200000000001,0.00029953640260720787
5219.6,0.00045784401554431584
5220.0,2.3202659411229077e-05
5220.400000000001,0.0006526499315091867
5220.8,6.60143419382897e-05
5221.200000000001,0.00044614073997142667
5221.6,0.0003664353885249058
5222.0,7.4232415165832006e-06
5222.400000000001,0.0002788559067349645
5222.8,0.0008720862217797597
5223.200000000001,0.00016395157616019883
5223.6,0.00036383890538096617
5224.0,0.0005393190410241777
5224.400000000001,7.605266034775511e-05
5224.8,0.000666088166827532
5225.200000000001,0.00029822376047984
5225.6,0.0003994931488648658
5226.0,0.0013759424107535072
5226.400000000001,0.00015294810102245893
5226.8,0.0001229651797503053
5227.200000000001,0.0012626821107508044
5227.6,4.0257127364222146e-05
5228.0,0.0005718607112717263
5228.400000000001,3.371381805877782e-05
5228.8,0.0007317903756272134
5229.200000000001,3.7801387488047046e-06
5229.6,0.0006279021254985736
5230.0,0.0005005307456088903
5230.400000000001,0.0002346269959896164
5230.8,0.0002138119490527978
5231.200000000001,5.31987989585857e-05
5231.6,5.707523184326178e-05
5232.0,0.0012612499931619163
5232.400000000001,0.00010104070006592039
5232.8,0.00015796726652554633
5233.200000000001,0.00030833798905572203
5233.6,0.00038756465868425034
5234.0,3.535926946962809e-05
5234.400000000001,9.37436579553276e-05
5234.8,0.0003401434407570204
5235.200000000001,0.00031764273520523397
5235.6,0.00018690751655967241
5236.0,0.0003698922090019196
5236.400000000001,0.00042981399574434063
5236.8,0.0003435681875741528
5237.200000000001,0.0003230999464499565
5237.6,0.0008509847485834258
5238.0,5.801651025759892e-05
5238.400000000001,0.0003469483552198378
5238.8,0.0002108877007512497
5239.200000000001,0.0037406466486838035
5239.6,0.00014694946051890188
5240.0,0.0003062070839750543
5240.400000000001,0.0011228262369605323
5240.8,0.00018596520415100192
5241.200000000001,0.0006493909396444979
5241.6,0.0003869887320243335
5242.0,6.822263474942717e-05
5242.400000000001,0.00010804277038850896
5242.8,0.0005581242975849533
5243.200000000001,3.0916299325902595e-06
5243.6,0.0005738168084250172
5244.0,0.00027665585130823197
5244.400000000001,0.0005089402300271217
5244.8,0.0007146040159456097
5245.200000000001,0.00019870867656909943
5245.6,0.0002665852015053891
5246.0,3.1379781922152364e-05
5246.400000000001,0.0005617211871407335
5246.8,0.0007729204999255544
5247.200000000001,0.0003298929693167207
5247.6,0.0010718991391553236
5248.0,0.00011175608595920075
5248.400000000001,0.0001540803155365374
5248.8,0.00022179968156688755
5249.200000000001,0.0004790175116053302
5249.6,2.4259317863044225e-05
5250.0,0.0001508985345556872
5250.400000000001,0.0006625216421833523
5250.8,0.00011008984460059768
5251.200000000001,0.00023060774059188214
5251.6,0.00024428353380616293
5252.0,0.0004130660456390018
5252.400000000001,0.00030826352272063633
5252.8,0.0007279413731858949
5253.200000000001,1.1159447493796277e-06
5253.6,6.36042846197436e-08
5254.0,0.0005968940807073714
5254.400000000001,4.2460857263197024e-05
5254.8,0.00029079658515257327
5255.200000000001,0.0002491460504883687
5255.6,0.0001255922790591907
5256.0,0.0006017591779835126
5256.400000000001,0.0003971682150516918
5256.8,0.00013911594074826755
5257.200000000001,4.938199855016644e-06
5257.6,0.0010838455228751004
5258.0,0.0007897750315071907
5258.400000000001,0.00020783439177436756
5258.8,0.0003913576905424709
5259.200000000001,0.00014294428165577657
5259.6,0.00011102087674062268
5260.0,0.0005267887738526302
5260.400000000001,0.00025914992074959573
5260.8,0.00022417344725081132
5261.200000000001,3.90479569201341e-05
5261.6,0.0018527186151641947
5262.0,0.0003781909028570529
5262.400000000001,4.0096384532929096e-05
5262.8,0.00020780309991257022
5263.200000000001,0.0005530763695261508
5263.6,0.00010668420507178695
5264.0,0.00017475061011878779
5264.400000000001,8.516343716470825e-05
5264.8,0.0005763162803854934
5265.200000000001,0.00036823046093235217
5265.6,0.00032552812642803374
5266.0,0.0006220116272535273
5266.400000000001,6.734378241512795e-05
5266.8,8.056332312280826e-06
5267.200000000001,0.00024144876239857598
5267.6,0.00036479800280304637
5268.0,0.000192236702109029
5268.400000000001,0.0005124820727403901
5268.8,0.00042570723192690666
5269.200000000001,3.4806115929926945e-05
5269.6,5.837470474635614e-05
5270.0,8.59617017700378e-05
5270.400000000001,0.0004155266423423156
5270.8,0.0007608417001581974
5271.200000000001,4.134518886362237e-05
5271.6,0.00034909196773424386
5272.0,0.00019449850387240445
5272.400000000001,0.0006548397600005251
5272.8,7.091607225554695e-05
5273.200000000001,0.0015399748297528718
5273.6,7.112280606152592e-05
5274.0,0.0009982060937894803
5274.400000000001,0.0003805680846167997
5274.8,0.0005224443059887843
5275.200000000001,0.0006062425890488942
5275.6,0.0011385356350915028
5276.0,0.0004624390015008962
5276.400000000001,0.0012810384637269067
5276.8,0.00048815881292800994
5277.200000000001,8.905339430154229e-05
5277.6,0.0006253991298822564
5278.0,0.0001735798921785942
5278.400000000001,0.0009110031936188359
5278.8,0.00019075392946490033
5279.200000000001,4.3813456807573426e-05
5279.6,0.00010357906494836142
5280.0,0.0003425534603717676
5280.400000000001,0.0015115588956746554
5280.8,0.0011253886815864212
5281.200000000001,0.0007479339618339293
5281.6,0.0008791514485536132
5282.0,0.0001452565901692245
5282.400000000001,0.00021756517724697713
5282.8,0.00012504535398425156
5283.200000000001,0.001252579409194328
5283.6,0.0002859235420182675
5284.0,0.0004894094196487071
5284.400000000001,0.00018151575996544034
5284.8,0.0005720881606158275
5285.200000000001,3.438757936782989e-05
5285.6,0.00034083009582930876
5286.0,0.0009834487394690765
5286.400000000001,0.0003725294183620939
5286.8,0.0005962754360748582
5287.200000000001,0.0003807438927797265
5287.6,4.499003541708595e-05
5288.0,6.6420137536632e-05
5288.400000000001,0.00011335556584513056
5288.8,0.0006670745652377714
5289.200000000001,6.382087531076084e-05
5289.6,5.0091216242774885e-05
5290.0,0.0009796993783998261
5290.400000000001,9.777138309226747e-05
5290.8,0.00018957838658690144
5291.200000000001,0.000460722725182284
5291.6,0.00016053248284554405
5292.0,0.0002722508656154553
5292.400000000001,1.8140168577526036e-05
5292.8,0.000945609833282058
5293.200000000001,0.0001244929830486292
5293.6,9.854465743433901e-05
5294.0,1.186355838048523e-05
5294.400000000001,0.0004501119445890674
5294.8,0.0004190843062577304
5295.200000000001,0.0026684960336902587
5295.6,0.0005538325795870507
5296.0,0.0010138693624056519
5296.400000000001,0.001021293384087383
5296.8,0.0009987537958226704
5297.200000000001,0.0006688943381212967
5297.6,0.000519413449795738
5298.0,0.0014036210482937146
5298.400000000001,0.0004082912578851589
5298.8,0.002104715547953053
5299.200000000001,0.0008863706291448363
5299.6,0.0007337680307824112
5300.0,0.0003179676004971906
5300.400000000001,2.074899262820031e-05
5300.8,0.00018965237027299527
5301.200000000001,0.00047167738700922853
5301.6,2.8344059942020424e-05
5302.0,2.1703432604299217e-05
5302.400000000001,5.131490453292914e-05
5302.8,0.00028221532096700985
5303.200000000001,0.00020563937383875832
5303.6,0.0005565557689629009
5304.0,4.654526009255595e-05
5304.400000000001,0.0005896300395490539
5304.8,0.0006012877961087969
5305.200000000001,5.84437904235025e-05
5305.6,0.0010786635940845369
5306.0,0.0005771179673553205
5306.400000000001,0.000541776098146914
5306.8,0.0004783224925628521
5307.200000000001,7.488954449240649e-05
5307.6,0.0005009807890716101
5308.0,0.0003061327512146556
5308.400000000001,0.0008163556282302401
5308.8,0.00019375274603545815
5309.200000000001,0.0003140542686324516
5309.6,0.00019567832964271814
5310.0,0.00021026845304235442
5310.400000000001,0.001970767593716686
5310.8,0.0006233525113449898
5311.200000000001,4.874191550292245e-05
5311.6,0.00012269684696190696
5312.0,0.00040468519340100675
5312.400000000001,7.140949654264135e-05
5312.8,0.00032771644121232913
5313.200000000001,5.647780378935802e-05
5313.6,0.0001216785109137454
5314.0,0.0011006411959253348
5314.400000000001,0.000555324617784305
5314.8,6.118659099531131e-06
5315.200000000001,1.9223651077393783e-05
5315.6,3.395073264494464e-05
5316.0,6.774099045739854e-05
5316.400000000001,0.0002027765588533957
5316.8,0.0014270502539795228
5317.200000000001,0.0003992958582616481
5317.6,0.0005101782552734939
5318.0,0.00011276362326353862
5318.400000000001,0.0009900663070147742
5318.8,0.00043901915352592956
5319.200000000001,0.0015389172526181442
5319.6,0.0012027834635871528
5320.0,0.0002069323956446798
5320.400000000001,1.6747016162179756e-05
5320.8,0.00011704819440258463
5321.200000000001,0.00013719769012616385
5321.6,0.0007868796425490215
5322.0,0.0001960898051667545
5322.400000000001,0.0003602467663125493
5322.8,2.7248716721309903e-05
5323.200000000001,7.159315781376431e-05
5323.6,5.487071599356842e-05
5324.0,0.0005147100896688293
5324.400000000001,0.0005482670479427887
5324.8,0.0003459545852513129
5325.200000000001,1.0502352363529858e-05
5325.6,0.0004370208859786773
5326.0,0.00016725831112624943
5326.400000000001,0.00036712685477121335
5326.8,0.00012111882099349153
5327.200000000001,0.000351734717528971
5327.6,0.000163560237694198
5328.0,0.0006223048467910762
5328.400000000001,0.0004720564400332112
5328.8,0.001413790489015525
5329.200000000001,3.101904682513387e-05
5329.6,0.00020296654721999746
5330.0,0.0001836823925479355
5330.400000000001,0.0005765939823359642
5330.8,0.00019810391859293727
5331.200000000001,0.0013494180322598866
5331.6,0.00012782647479655997
5332.0,0.000369161168009036
5332.400000000001,0.00011142631698446145
5332.8,0.00023333888521986937
5333.200000000001,0.00044821424558291636
5333.6,0.0007485029704060085
5334.0,0.0005376967967238816
5334.400000000001,2.795256947200924e-05
5334.8,9.148154242744674e-05
5335.200000000001,1.599567826114271e-05
5335.6,0.00012267023432540786
5336.0,0.0006009990242751575
5336.400000000001,0.0005267657746946264
5336.8,0.00021241545802632713
5337.200000000001,0.0003006978415194845
5337.6,0.0010077632740407099
5338.0,4.9732860297237485e-06
5338.400000000001,0.00037249252999799616
5338.8,0.00014001333869422474
5339.200000000001,0.00019766895458253053
5339.6,0.000769699650374953
5340.0,7.258359873635847e-05
5340.400000000001,0.00011675072371243397
5340.8,2.062368489269591e-05
5341.200000000001,0.0010999570888377366
5341.6,0.0015235178113039202
5342.0,0.00013577029153299583
5342.400000000001,0.0016854675141257153
5342.8,0.0005296080378159336
5343.200000000001,0.00026950033404702305
5343.6,1.4294249253412197e-05
5344.0,7.943064644199073e-05
5344.400000000001,0.00035389062926765674
5344.8,0.00013131453870784217
5345.200000000001,5.1603925397044076e-05
5345.6,3.362651232743979e-05
5346.0,8.200405127093433e-05
5346.400000000001,0.0007792729068495314
5346.8,0.0001152394482079637
5347.200000000001,0.0010644889513197985
5347.6,1.240751486156917e-05
5348.0,0.0004655206689775184
5348.400000000001,4.0375996110271015e-05
5348.8,0.0009315079665357001
5349.200000000001,0.0001574377150538251
5349.6,0.00048577833305885157
5350.0,0.00022973942881897324
5350.400000000001,0.0006846481662161447
5350.8,0.0002599868457287445
5351.200000000001,0.00047183909918159587
5351.6,0.0001041857320509232
5352.0,0.0001481079833605123
5352.400000000001,0.0003835161705807721
5352.8,0.00018815846677907862
5353.200000000001,0.0007401889461339799
5353.6,0.00012358233445757672
5354.0,0.00047534946809116123
5354.400000000001,0.000211148415366492
5354.8,2.3671393832533603e-05
5355.200000000001,0.0008192707786985953
5355.6,0.0008984333280946839
5356.0,0.0008138429105602392
5356.400000000001,0.0001065346823459024
5356.8,1.7916059549968756e-05
5357.200000000001,0.00024075863074847384
5357.6,0.000561824017212116
5358.0,0.0015869491370270705
5358.400000000001,0.0009582082361582493
5358.8,0.0003045222586273684
5359.200000000001,0.0006256449871854184
5359.6,0.00011803815904594812
5360.0,0.0005824775234777475
5360.400000000001,0.0004591035756054746
5360.8,0.0006618666333182102
5361.200000000001,0.000163110101072042
5361.6,0.00043185196166840194
5362.0,0.0006974846626700598
5362.400000000001,0.00022867643865720033
5362.8,0.0003220095455910924
5363.200000000001,0.00044755969542721586
5363.6,9.285533280078865e-05
5364.0,0.00019876295690642552
5364.400000000001,0.0009597258706943396
5364.8,0.0022814543073750608
5365.200000000001,0.0007802022103195214
5365.6,0.0008834823035916423
5366.0,0.0003690027887942798
5366.400000000001,0.0004988086375063738
5366.8,0.00020770761678621315
5367.200000000001,0.00039481304363820686
5367.6,0.0004090338283321017
5368.0,5.282038348621284e-05
5368.400000000001,0.000521484577847425
5368.8,5.0386955670933606e-05
5369.200000000001,0.0005123636065762469
5369.6,3.4279629998762334e-05
5370.0,0.00011514254120048879
5370.400000000001,0.0001691018605526304
5370.8,0.0002731655312662696
5371.200000000001,0.00016947537370856416
5371.6,0.0001618533881704816
5372.0,0.00011383293141113877
5372.400000000001,0.0011052804467268096
5372.8,0.00016076908545791215
5373.200000000001,8.380427226975454e-05
5373.6,0.00011762736496097965
5374.0,7.42430335482167e-05
5374.400000000001,0.00010301506586672424
5374.8,3.676722799114064e-06
5375.200000000001,6.375086764634926e-05
5375.6,0.0003625498186507098
5376.0,0.0003421947542099781
5376.400000000001,8.494626255217551e-05
5376.8,0.0002733264527052113
5377.200000000001,0.0006171743286226322
5377.6,0.0004741530515243313
5378.0,5.953116903369425e-05
5378.400000000001,0.001272061986877017
5378.8,0.0007234172987784736
5379.200000000001,2.2569679369038727e-05
5379.6,6.70207956003471e-05
5380.0,0.00016894901329015923
5380.400000000001,0.00032521178331311007
5380.8,0.0003633751033303233
5381.200000000001,0.00030618848906031274
5381.6,0.00041650322811718793
5382.0,0.00025412912833733953
5382.400000000001,0.00021183528234618266
5382.8,0.00046401630526465333
5383.200000000001,3.11539272374687e-05
5383.6,0.001328587270132756
5384.0,0.0011344833822015143
5384.400000000001,2.6127831767333678e-05
5384.8,0.00034750152462806804
5385.200000000001,0.0005718738463502685
5385.6,8.969227341431699e-05
5386.0,0.00021175736401267598
5386.400000000001,0.0008680777203475885
5386.8,0.0006039362566903279
5387.200000000001,0.0006686520998027963
5387.6,0.000429868990892989
5388.0,0.00017371325075718545
5388.400000000001,0.001423455028400858
5388.8,0.0006107091395236419
5389.200000000001,0.0002201625733381198
5389.6,0.001967346950727607
5390.0,8.348226105018857e-05
5390.400000000001,0.00010912001222532928
5390.8,1.5734291161530855e-05
5391.200000000001,0.00026158219156861883
5391.6,0.00011737114733720454
5392.0,0.00031721061045604466
5392.400000000001,0.0003018522699722072
5392.8,0.0003410328728465354
5393.200000000001,0.00021551724858322348
5393.6,0.0007708685339984819
5394.0,0.0006739813952345953
5394.400000000001,0.00030630695829806076
5394.8,2.097570071499805e-06
5395.200000000001,0.00010192256027362359
5395.6,0.0006619977431138236
5396.0,0.0002786000983375363
5396.400000000001,0.0013842482332643278
5396.8,0.0003404458604046648
5397.200000000001,0.00018919149323201888
5397.6,0.0011536509525450478
5398.0,0.00019323652579226195
5398.400000000001,8.132687691411555e-05
5398.8,0.0016682266980114957
5399.200000000001,0.0005596669540429537
5399.6,7.384560977195466e-05
5400.0,0.0001511535371479518
5400.400000000001,0.0013751992136396014
5400.8,0.00023727885848213317
5401.200000000001,8.879203282226372e-05
5401.6,0.0008190433292410833
5402.0,5.585230240540519e-05
5402.400000000001,0.00045552783082958385
5402.8,0.001115328837254052
5403.200000000001,0.0001569049886097916
5403.6,0.00023438876526216807
5404.0,0.0008441134106864694
5404.400000000001,0.00013473717665525933
5404.8,0.0006883498352099431
5405.200000000001,0.0011090732284070584
5405.6,0.00022420563672851252
5406.0,4.138745918376287e-05
5406.400000000001,0.00047641407095589484
5406.8,0.0005596281310648612
5407.200000000001,4.832164292984969e-05
5407.6,9.946656198119088e-05
5408.0,0.0005188214441514607
5408.400000000001,0.00035677412134714844
5408.8,0.00019753886407320595
5409.200000000001,0.0012719893054916902
5409.6,0.00043598546390653423
5410.0,0.00020227396735622956
5410.400000000001,2.714885041816339e-05
5410.8,5.2132479076786944e-05
5411.200000000001,9.289651181118766e-05
5411.6,0.00035934413054597165
5412.0,2.2804431794820545e-05
5412.400000000001,0.00019535178786911554
5412.8,0.00017984560986076943
5413.200000000001,0.00028594653658532064
5413.6,4.831886464152544e-05
5414.0,0.00014684769607237853
5414.400000000001,0.0008247079574420355
5414.8,0.00012672528933631928
5415.200000000001,1.9791818458266703e-05
5415.6,5.781058755520373e-05
5416.0,0.0005964091532615748
5416.400000000001,0.0013280810135157663
5416.8,0.000869716897814073
5417.200000000001,0.00042026392444134106
5417.6,2.6629166195236195e-05
5418.0,0.0004818337017541833
5418.400000000001,0.0010403918297226015
5418.8,0.00011823708591427808
5419.200000000001,0.00032225372995523037
5419.6,0.00029746375663976466
5420.0,0.00030098372516332425
5420.400000000001,0.0004493053892527617
5420.8,0.0004926320260137183
5421.200000000001,0.0003249254266044061
5421.6,0.00044733236411897287
5422.0,0.0003185514435754019
5422.400000000001,0.00011535050776165755
5422.8,0.0003119720189901791
5423.200000000001,0.0008717369033849772
5423.6,8.148161311221485e-05
5424.0,0.0002679866774613144
5424.400000000001,9.403296199789284e-06
5424.8,0.00096976782294464
5425.200000000001,0.0004544832706664672
5425.6,9.408541199615124e-05
5426.0,0.00020440816300387946
5426.400000000001,0.00013890053804077482
5426.8,0.00019822234705271812
5427.200000000001,0.0003362591518609954
5427.6,0.00032103704734939284
5428.0,0.000900603276224189
5428.400000000001,0.0004983529191704884
5428.8,0.00010257781402514628
5429.200000000001,0.0001255549868908065
5429.6,3.091912298412155e-05
5430.0,0.0002449462585146484
5430.400000000001,2.882264303484216e-05
5430.8,6.648086374951999e-05
5431.200000000001,0.0012106881857452134
5431.6,0.00021349673408211397
5432.0,0.00024352410992006134
5432.400000000001,0.0002433588618539354
5432.8,0.00016214283938975382
5433.200000000001,0.0002595726695200558
5433.6,0.00012837175004169597
5434.0,0.00038501398097515156
5434.400000000001,0.001341199510852647
5434.8,0.00024487268814170023
5435.200000000001,0.0005733636739281814
5435.6,3.7789273213356615e-05
5436.0,0.00021720792424655813
5436.400000000001,0.000722452115692274
5436.8,0.00048132249659314617
5437.200000000001,4.449933155110156e-05
5437.6,7.44204137138412e-05
5438.0,0.0012862552872427507
5438.400000000001,0.00018206240337462762
5438.8,0.0006740558495539988
5439.200000000001,0.0002636194333812077
5439.6,0.0002776631149917432
5440.0,0.000708984829912192
5440.400000000001,0.0005499111328730944
5440.8,0.00023296975138809538
5441.200000000001,0.0014367503684083913
5441.6,0.0003608715314940511
5442.0,0.0005245324739162547
5442.400000000001,6.562587366969386e-05
5442.8,0.00023733790222753813
5443.200000000001,0.000697189594353754
5443.6,8.848995315227391e-06
5444.0,0.0005214398532818648
5444.400000000001,0.00021040236765148784
5444.8,0.0005872786979357394
5445.200000000001,0.0003351896270056944
5445.6,9.571318624601378e-05
5446.0,4.528082616250824e-05
5446.400000000001,0.00024930955741853214
5446.8,0.0002205515040618966
5447.200000000001,0.0012273519430347456
5447.6,0.000333442036601012
5448.0,0.00011902921298230367
5448.400000000001,6.67262143133852e-05
5448.8,0.0006855489278400289
5449.200000000001,0.00041415502681163433
5449.6,0.0005861141303408554
5450.0,0.0006180323449644894
5450.400000000001,3.528515894438567e-05
5450.8,6.622829467946146e-05
5451.200000000001,8.256035233178964e-06
5451.6,0.00017894552409588086
5452.0,0.0005873348221342497
5452.400000000001,4.565129651944578e-05
5452.8,3.167034918333701e-05
5453.200000000001,0.0002714563642260265
5453.6,0.00013818149797576056
5454.0,0.0006394153002359855
5454.400000000001,3.7132912519155607e-06
5454.8,0.0015567162611849507
5455.200000000001,0.0007939124157708007
5455.6,0.0007202412303320028
5456.0,0.00030810488128161465
5456.400000000001,0.0004643272678327142
5456.8,7.030249506849078e-05
5457.200000000001,0.00017862460511089114
5457.6,0.0006430495843337317
5458.0,7.577139382235163e-05
5458.400000000001,0.001026988712116734
5458.8,0.0009112939675787873
5459.200000000001,0.00023316166139026863
5459.6,0.0005130648173127884
5460.0,0.0005172936211620712
5460.400000000001,0.0001513768221229759
5460.8,0.000599402025905521
5461.200000000001,8.63431879180528e-05
5461.6,9.735607360458721e-05
5462.0,1.4132719965419732e-05
5462.400000000001,0.00028747850474318234
5462.8,0.00025926443536858324
5463.200000000001,0.0004763930265201172
5463.6,0.00011042949506947345
5464.0,0.00021140955693420963
5464.400000000001,0.0001866731915965419
5464.8,0.00017514216188027566
5465.200000000001,0.00044763927011929325
5465.6,0.0004211337760683323
5466.0,0.0004611583679943109
5466.400000000001,0.0004022181628069268
5466.8,8.766395766434651e-05
5467.200000000001,0.0008251121477293718
5467.6,0.0013910935909729409
5468.0,0.00034962273245604775
5468.400000000001,0.0003839072826091315
5468.8,0.00029876897032073845
5469.200000000001,0.0006919305546148157
5469.6,0.0005003769546110245
5470.0,2.8089731919707993e-05
5470.400000000001,0.0003539550048421651
5470.8,5.6350425369519326e-05
5471.200000000001,0.00014539031665417265
5471.6,0.0004987592095587267
5472.0,0.00032558704860136947
5472.400000000001,0.0007272424192503308
5472.8,0.0008447835593916334
5473.200000000001,0.0009715408755717019
5473.6,7.386338480358306e-06
5474.0,0.00021818000002683802
5474.400000000001,0.000188727401023428
5474.8,2.2590169681983127e-05
5475.200000000001,0.00021958649162633295
5475.6,0.000314191399488298
5476.0,0.0003782521311677466
5476.400000000001,0.0012969023307503463
5476.8,0.0004615311887612902
5477.200000000001,0.00023319717442067247
5477.6,0.00027302711736904196
5478.0,0.0007634178316632468
5478.400000000001,0.000667546332535757
5478.8,0.00036117710856011046
5479.200000000001,0.0007099511481941378
5479.6,0.00011059569752476582
5480.0,0.00038778509866151096
5480.400000000001,6.662451003470278e-05
5480.8,2.8204370326852842e-05
5481.200000000001,0.0005619413188921584
5481.6,0.0015632173825993975
5482.0,0.00042082706069322917
5482.400000000001,0.0005399079426172226
5482.8,0.0005322754684393022
5483.200000000001,0.0001416052631045145
5483.6,0.0003183211518701506
5484.0,0.00025861396487066415
5484.400000000001,4.776935644812883e-06
5484.8,0.0006701149973919022
5485.200000000001,0.0007188581612083473
5485.6,2.8980469207324033e-05
5486.0,0.00023918136934132384
5486.400000000001,0.0003206235964993162
5486.8,0.0009135140215207343
5487.200000000001,0.0001283521693462743
5487.6,0.0005143003291979592
5488.0,0.00041978572390876886
5488.400000000001,0.00024173667676324106
5488.8,0.0002787321485037304
5489.200000000001,0.0003259377687304484
5489.6,7.701226783122779e-05
5490.0,0.0008874512139520589
5490.400000000001,0.0006755522886297046
5490.8,0.0008563332622995374
5491.200000000001,0.000166344052415225
5491.6,5.7112929620924135e-05
5492.0,1.2854802459519003e-06
5492.400000000001,4.4792889829784333e-05
5492.8,9.297858573758324e-06
5493.200000000001,0.0001184456388215432
5493.6,0.0005381426045811491
5494.0,0.001815526459150983
5494.400000000001,0.0005814861475304997
5494.8,0.00047319265772134775
5495.200000000001,0.0003422083874430324
5495.6,0.0002579819518168398
5496.0,0.0005203183961102267
5496.400000000001,0.0001419388634748405
5496.8,0.0003339245541283035
5497.200000000001,0.00032544568374357635
5497.6,0.00022248886345404084
5498.0,0.0001617298326536846
5498.400000000001,0.0003626370909036647
5498.8,9.030503641767665e-05
5499.200000000001,0.0007427450856953774
5499.6,4.6957750902063766e-05
5500.0,0.0002788800830685876
5500.400000000001,1.2725378597700583e-05
5500.8,0.00027881749804290173
5501.200000000001,0.0007824071019128343
5501.6,3.9628804792303614e-06
5502.0,0.00010774734124490452
5502.400000000001,6.256834455972665e-06
5502.8,1.1915837754868863e-05
5503.200000000001,7.438640533686489e-05
5503.6,0.0015487703084909523
5504.0,3.988300021716819e-05
5504.400000000001,8.24631057734614e-05
5504.8,0.0001174440230593568
5505.200000000001,0.0002610187052310442
5505.6,0.000812056428753003
5506.0,0.0007496139703816335
5506.400000000001,9.513119838357572e-05
5506.8,2.243240048033161e-05
5507.200000000001,0.0003115062490780319
5507.6,0.00042700339825350316
5508.0,0.0007845202740117162
5508.400000000001,5.386440367495546e-05
5508.8,0.0005985419171832869
5509.200000000001,0.0006620722672653012
5509.6,0.0006954935185675466
5510.0,0.0009701929092675223
5510.400000000001,0.0001688606635197629
5510.8,0.00012316661971850695
5511.200000000001,7.736220105208586e-05
5511.6,0.0004335791428802251
5512.0,0.00030713200776348734
5512.400000000001,0.0005844691240001911
5512.8,0.0012446796141244154
5513.200000000001,3.579504750696054e-05
5513.6,5.437324310263625e-05
5514.0,0.00038357539266857803
5514.400000000001,0.000475605671946055
5514.8,0.0003125282960779033
5515.200000000001,2.7631406392634676e-05
5515.6,0.0004915182124780466
5516.0,0.0002339467263435642
5516.400000000001,1.3581801254317707e-05
5516.8,0.00028732192294755025
5517.200000000001,0.0004579563600633949
5517.6,0.00011895809829489103
5518.0,0.0002836282205081835
5518.400000000001,0.0002062068450856828
5518.8,0.0009220853139292628
5519.200000000001,0.0013969032411376855
5519.6,0.00031551607425426447
5520.0,6.130426055104792e-05
5520.400000000001,5.4236955384693836e-05
5520.8,4.866781823588614e-05
5521.200000000001,0.0003937280596983007
5521.6,0.000520997035948315
5522.0,2.499723768429893e-05
5522.400000000001,0.0011439026292569966
5522.8,1.7596180663574195e-06
5523.200000000001,0.0002820918773410407
5523.6,0.00022877136136011767
5524.0,0.0005388969564221964
5524.400000000001,0.00021530692544513962
5524.8,0.0009073769713351921
5525.200000000001,9.59492585343268e-05
5525.6,0.0003927418204453602
5526.0,0.00023735919010256496
5526.400000000001,0.0004843030137503923
5526.8,0.0013008382276921944
5527.200000000001,0.00013692074969059436
5527.6,0.0008857608014036248
5528.0,0.00022621382860782326
5528.400000000001,9.329906033636885e-05
5528.8,0.00023484963616686328
5529.200000000001,0.0009690371104034677
5529.6,0.0003141895824806094
5530.0,0.00016047596014041876
5530.400000000001,0.0001089847284385143
5530.8,8.437607531755197e-05
5531.200000000001,0.0003114496421253793
5531.6,0.0004740225702283363
5532.0,6.902784397059702e-05
5532.400000000001,0.0002885221137959416
5532.8,0.00025641718142260014
5533.200000000001,0.0008630175173551035
5533.6,4.724190048763324e-06
5534.0,7.47848578332088e-05
5534.400000000001,1.986438512874277e-05
5534.8,0.00020471604482033112
5535.200000000001,7.24635308413512e-05
5535.6,0.00019332232901381183
5536.0,0.00043396951342938574
5536.400000000001,0.00016855325568164531
5536.8,0.00016003430745159438
5537.200000000001,0.002166281695463916
5537.6,0.0001848545190819075
5538.0,0.000454489449509767
5538.400000000001,0.00017717451398460663
5538.8,0.0005268622407098938
5539.200000000001,0.0011537689191605288
5539.6,0.0002630378112331052
5540.0,0.0007858251586199063
5540.400000000001,3.38960369760434e-05
5540.8,9.158176459236341e-05
5541.200000000001,0.00024868902396565847
5541.6,0.0009571580310989313
5542.0,0.0002799318207090817
5542.400000000001,0.000514800589805914
5542.8,0.0012485584030897552
5543.200000000001,0.00013507516107479265
5543.6,3.160676412690301e-05
5544.0,0.0007786258232888307
5544.400000000001,0.00013454925024424834
5544.8,4.788501618270896e-05
5545.200000000001,0.0007085261415988301
5545.6,0.000715107108839959
5546.0,0.0003251258679761197
5546.400000000001,0.000583266969356898
5546.8,0.00023727006360917696
5547.200000000001,0.002288067792490916
5547.6,0.00017877743538508223
5548.0,0.001073014604727654
5548.400000000001,0.00018183111585961276
5548.8,2.4188031426695593e-05
5549.200000000001,0.001151583262222423
5549.6,0.0006215822047812566
5550.0,0.00010617903895394154
5550.400000000001,0.00045904971635270746
5550.8,0.00024384454569905672
5551.200000000001,0.0012540140090579184
5551.6,8.24635779026949e-05
5552.0,0.0007632228721447024
5552.400000000001,0.0004778094346135679
5552.8,0.0008314203937379135
5553.200000000001,0.0019495086088022798
5553.6,0.001152603194785933
5554.0,0.0012103513068957045
5554.400000000001,0.0003640910136215568
5554.8,0.00034080294129336885
5555.200000000001,0.000626365454295466
5555.6,0.00024136258363608676
5556.0,0.0005419466980872229
5556.400000000001,0.00029248970647513886
5556.8,0.00018137168449189583
5557.200000000001,0.0004996046418212195
5557.6,1.2128842699918305e-05
5558.0,0.0002656914490631433
5558.400000000001,3.6791469085021505e-05
5558.8,0.00015815435564842486
5559.200000000001,5.570577735342767e-05
5559.6,0.00014668340015259277
5560.0,0.00039855768644743976
5560.400000000001,0.00010052670123838154
5560.8,0.00010419233024288564
5561.200000000001,0.00017943764618882742
5561.6,5.781580290775929e-05
5562.0,0.00016525093737156378
5562.400000000001,0.0004575901423584128
5562.8,0.0007474713754451517
5563.200000000001,0.00045202633257789346
5563.6,0.00016981434168116818
5564.0,8.144379568312621e-05
5564.400000000001,0.0006362635503913124
5564.8,0.0006667991975938
5565.200000000001,0.0003418208278208626
5565.6,0.00023333390724001592
5566.0,9.870085425161023e-05
5566.400000000001,0.0009614459337905382
5566.8,8.656107118295485e-05
5567.200000000001,0.00012212180724268792
5567.6,0.000999938756362388
5568.0,5.486021029788316e-06
5568.400000000001,0.0002778619539498936
5568.8,0.0002655320318392344
5569.200000000001,6.0818976390508314e-05
5569.6,0.00014497527636509613
5570.0,4.831925106448388e-05
5570.400000000001,0.0008339386581163887
5570.8,0.0001736593086028731
5571.200000000001,0.0008853551814559026
5571.6,4.978791585718071e-05
5572.0,0.00017212079374968384
5572.400000000001,0.00019161551043573834
5572.8,0.0007388273305371662
5573.200000000001,0.0005259159401333899
5573.6,0.001342533069671887
5574.0,0.0014758294682326882
5574.400000000001,0.000664176775447681
5574.8,0.00026795236630719146
5575.200000000001,0.00031498096442403225
5575.6,0.001116749311643699
5576.0,0.00046388810900141177
5576.400000000001,0.00013200506201661887
5576.8,0.0006656457883173502
5577.200000000001,0.00041085617678283357
5577.6,6.623520851116952e-05
5578.0,0.00026247058475015276
5578.400000000001,0.0007647262699565135
5578.8,0.00047401213385527376
5579.200000000001,8.564248234298632e-06
5579.6,0.00024316351780000935
5580.0,0.000210167062092916
5580.400000000001,0.0004734269053805553
5580.8,0.00014564953162997951
5581.200000000001,0.0005853547392135589
5581.6,0.0010003142663204008
5582.0,0.00021223668670145284
5582.400000000001,0.00022739319288770792
5582.8,0.00028849704287978466
5583.200000000001,0.0003929290992732009
5583.6,0.0003012123947339753
5584.0,7.854153758270918e-05
5584.400000000001,0.00010814381747499376
5584.8,0.0003002982810536843
5585.200000000001,0.00011952721982226958
5585.6,0.00023750098609966275
5586.0,5.312968366904387e-05
5586.400000000001,0.00021555904645091203
5586.8,0.0002025926404491744
5587.200000000001,7.873248356628289e-05
5587.6,0.0003553745995284967
5588.0,0.0001444953324434458
5588.400000000001,0.0005478097572962687
5588.8,0.0003161750194570808
5589.200000000001,0.00022654329163856213
5589.6,0.00026550805183488824
5590.0,0.0006176049247708274
5590.400000000001,4.39660144482536e-05
5590.8,0.0001410602722436266
5591.200000000001,0.0006980496142602191
5591.6,0.0008193119005528114
5592.0,3.531080917398244e-05
5592.400000000001,0.0002519499258258408
5592.8,3.47576413481877e-05
5593.200000000001,0.00022017920949780371
5593.6,0.0002735680792930802
5594.0,0.0014393587386078673
5594.400000000001,3.510914521183458e-05
5594.8,0.0003170912325640689
5595.200000000001,8.413995536563094e-05
5595.6,0.00024973289841181626
5596.0,0.00023288217428368762
5596.400000000001,3.865941195893573e-05
5596.8,2.735369048534488e-07
5597.200000000001,7.012394159646498e-05
5597.6,1.8182177830384624e-05
5598.0,0.0008753381697222653
5598.400000000001,0.0003063085357579921
5598.8,4.5507052471345346e-05
5599.200000000001,2.2700998656156566e-05
5599.6,0.00046125390165929926
5600.0,7.722979888986735e-05
5600.400000000001,0.00014012719221274402
5600.8,0.0011425642778652323
5601.200000000001,2.4447899508970283e-06
5601.6,0.00047527293473312917
5602.0,0.00019695030614399486
5602.400000000001,4.182518629839942e-05
5602.8,0.00018724428024848532
5603.200000000001,7.067403017978686e-05
5603.6,6.206354852869339e-05
5604.0,0.00012859394845985217
5604.400000000001,9.316744327886312e-05
5604.8,1.1986005165046906e-05
5605.200000000001,0.00010076091937132987
5605.6,0.0004441881808555492
5606.0,0.00013454232955221638
5606.400000000001,8.168311129201143e-06
5606.8,0.00028463787474326715
5607.200000000001,0.0003018713396512604
5607.6,0.00021544240203362773
5608.0,2.7199794618722203e-05
5608.400000000001,0.0010093606163648313
5608.8,0.0001619946401710872
5609.200000000001,0.0005309956175930518
5609.6,0.0012313185570673299
5610.0,0.0017785393230005592
5610.400000000001,2.162555293871047e-05
5610.8,0.0004454936584071003
5611.200000000001,0.0009693770391238473
5611.6,7.359237556860854e-05
5612.0,0.00021259980819181946
5612.400000000001,0.00021867803050366902
5612.8,2.3204682918138716e-05
5613.200000000001,6.148309568076153e-05
5613.6,0.0004185675868671179
5614.0,0.00020890072650758948
5614.400000000001,2.668332529546888e-05
5614.8,2.9200323510089924e-05
5615.200000000001,0.00036516949932454036
5615.6,0.0004161916793029547
5616.0,4.661667911639138e-05
5616.400000000001,5.1793875704131446e-05
5616.8,0.0003989760775550688
5617.200000000001,0.0003231161781542702
5617.6,0.0008106058534897927
5618.0,0.0020310289683640147
5618.400000000001,4.5437886471146575e-05
5618.8,0.0004679463154698953
5619.200000000001,3.946491721793665e-05
5619.6,0.00010013706399203356
5620.0,0.0005218981577332192
5620.400000000001,3.388082059181654e-05
5620.8,0.0003758755870345605
5621.200000000001,0.00024671849594957047
5621.6,0.0005294733323265164
5622.0,0.0001378777719351281
5622.400000000001,0.00010535994793963322
5622.8,0.00038111795860220417
5623.200000000001,0.00017142350914724444
5623.6,1.2457625316803395e-05
5624.0,0.0010883070928660152
5624.400000000001,0.00042905971660721657
5624.8,3.243787203781588e-05
5625.200000000001,0.0010744430487107872
5625.6,0.00048795960694138755
5626.0,0.00015229747195425153
5626.400000000001,5.8709509690175716e-05
5626.8,0.0012244618556714337
5627.200000000001,5.064852447593498e-05
5627.6,0.00035170277118668066
5628.0,0.0006762190620084424
5628.400000000001,0.00038990176620524514
5628.8,9.43445118133592e-05
5629.200000000001,0.0003396165990615913
5629.6,0.00023396346473363285
5630.0,3.8097064907447294e-05
5630.400000000001,0.00013997103759466072
5630.8,0.0015348885602859295
5631.200000000001,8.051959804172284e-05
5631.6,1.196031394918143e-05
5632.0,7.599336988362186e-05
5632.400000000001,0.0007060511013388853
5632.8,0.0005923181416187953
5633.200000000001,6.144313554846659e-05
5633.6,2.5618567714115435e-05
5634.0,0.0003849513471395967
5634.400000000001,0.00024717501153538466
5634.8,8.192585254306746e-05
5635.200000000001,0.00012559465475046256
5635.6,0.00031713594084611404
5636.0,0.00019599110470437336
5636.400000000001,0.000429833693490148
5636.8,0.00015583663371005241
5637.200000000001,2.916964239591547e-05
5637.6,0.0012491681886068584
5638.0,0.0002936286092415489
5638.400000000001,0.0002692044717394268
5638.8,4.162302266901448e-05
5639.200000000001,0.00020430165838724798
5639.6,9.438483010313788e-05
5640.0,0.00029156675272160336
5640.400000000001,0.0004910051402035682
5640.8,0.00040960193285143076
5641.200000000001,0.00011035983355883803
5641.6,0.00039932796594301334
5642.0,0.00010106005458587522
5642.400000000001,3.96203188179273e-05
5642.8,0.0001202626702311028
5643.200000000001,9.825950637536507e-05
5643.6,0.0003211492986896802
5644.0,0.0003673644868285788
5644.400000000001,6.308154775589221e-05
5644.8,0.00011519269552442956
5645.200000000001,0.0013846451922839194
5645.6,6.923700094601692e-05
5646.0,0.00012754087535552327
5646.400000000001,0.000424564942434382
5646.8,0.00022817605684406116
5647.200000000001,0.00011434698989057986
5647.6,8.13501750352658e-05
5648.0,0.0006867925037268796
5648.400000000001,0.0004192834991902022
5648.8,0.00048180573114170607
5649.200000000001,9.761350993540807e-05
5649.6,0.0001324235595882192
5650.0,5.392716610428276e-05
5650.400000000001,5.793589118005577e-05
5650.8,1.742969837500578e-06
5651.200000000001,0.00032959870546550704
5651.6,0.0009027556483041393
5652.0,0.0004285603212048249
5652.400000000001,0.0003983179370288469
5652.8,5.346243246838551e-05
5653.200000000001,0.0002273849364552741
5653.6,0.0014263599483294086
5654.0,0.0004066710602491049
5654.400000000001,0.00020078969457877147
5654.8,0.00010374756645292116
5655.200000000001,0.0004216911761173932
5655.6,3.0622512139169214e-05
5656.0,0.0002390160624457368
5656.400000000001,9.49493950167553e-05
5656.8,0.0005130063692521811
5657.200000000001,0.00027186116449638486
5657.6,0.0004719832184727197
5658.0,0.0004538805100412852
5658.400000000001,0.0005321822321407472
5658.8,0.0005498258104154884
5659.200000000001,0.0002825722510514943
5659.6,0.0004073049765789048
5660.0,0.00012374627664836022
5660.400000000001,0.00047002554746531375
5660.8,0.00010688086216215958
5661.200000000001,0.00039894882439461257
5661.6,0.00032474732932684895
5662.0,0.0006207511295523222
5662.400000000001,0.0006947276798108824
5662.8,0.0003352538634734229
5663.200000000001,0.0012720687338769387
5663.6,6.42370939691125e-05
5664.0,2.9023560668744084e-05
5664.400000000001,3.238502434210943e-05
5664.8,7.50760911625841e-05
5665.200000000001,0.0002921811730177737
5665.6,0.00013069429578094538
5666.0,0.0004556276804462524
5666.400000000001,1.675700502791447e-05
5666.8,8.962077999894038e-06
5667.200000000001,0.00016114136980669222
5667.6,0.00013330778688920957
5668.0,0.0003370642049723475
5668.400000000001,0.0003910368642241784
5668.8,0.0004608209405931463
5669.200000000001,0.0011348627167706007
5669.6,5.214990827248253e-05
5670.0,0.0001836410412595633
5670.400000000001,0.0007027006026027093
5670.8,0.001417578180613025
5671.200000000001,0.000480691765310564
5671.6,0.00013561024786337285
5672.0,0.0009835937800567963
5672.400000000001,0.00041587154521597713
5672.8,0.0003127584767229632
5673.200000000001,0.0002315145508013717
5673.6,0.0004387029207154897
5674.0,0.00016649904746312297
5674.400000000001,4.7827432163083295e-05
5674.8,0.00015044429413625635
5675.200000000001,0.0005184147546525574
5675.6,0.00022543052591786968
5676.0,0.000935061095523192
5676.400000000001,0.0008097790263508954
5676.8,0.00019932652101936418
5677.200000000001,0.00019820043059993187
5677.6,0.0014310116250150697
5678.0,0.00022308364310158317
5678.400000000001,0.0005633432681642547
5678.8,0.0001919613679434073
5679.200000000001,0.00029109128252586457
5679.6,0.0005597064414820602
5680.0,0.00037704750873786215
5680.400000000001,7.056958980388079e-05
5680.8,0.0001904381838521551
5681.200000000001,0.0004717596008292811
5681.6,0.0004168570833552979
5682.0,0.00012559296347109658
5682.400000000001,0.0010749123641085768
5682.8,0.0009310189336219622
5683.200000000001,0.0006885907430104727
5683.6,0.0008284152090380273
5684.0,0.00011280577203413833
5684.400000000001,8.539041512158413e-05
5684.8,0.00026084737120320666
5685.200000000001,0.00015712681223472517
5685.6,0.0008359910034212109
5686.0,7.1183774678737e-05
5686.400000000001,0.00022466867371357123
5686.8,0.0001625015911288431
5687.200000000001,0.00022381865946758653
5687.6,0.0010846041685192579
5688.0,0.0002037891997841156
5688.400000000001,0.0003291053472417091
5688.8,0.0006750175587509104
5689.200000000001,0.00013398165798560855
5689.6,0.0009582268753417194
5690.0,0.0004314667054773875
5690.400000000001,0.0004243229934118096
5690.8,0.0001555373989295129
5691.200000000001,4.789773859536722e-05
5691.6,0.0006441590915110172
5692.0,8.75912823241172e-05
5692.400000000001,0.0010389012228613102
5692.8,0.0005381265441913025
5693.200000000001,0.0009874031684471635
5693.6,0.0012838797583129605
5694.0,0.0009173494875029913
5694.400000000001,2.1135016143001154e-05
5694.8,0.00020418765161794525
5695.200000000001,0.0003089775913570672
5695.6,0.0006638142873328873
5696.0,0.0006743113628403224
5696.400000000001,7.558228885075622e-05
5696.8,0.00011391307773008024
5697.200000000001,0.0006411403857750011
5697.6,0.00043602838725344923
5698.0,0.0013969940048308824
5698.400000000001,0.00031972217593106777
5698.8,4.0330029090988436e-05
5699.200000000001,0.00018657361508075826
5699.6,8.41032108336816e-05
5700.0,0.0023109774245589185
5700.400000000001,0.00042227375243771936
5700.8,1.584343181640642e-05
5701.200000000001,0.00033061066025741716
5701.6,0.000426688531266913
5702.0,0.0003337199900641704
5702.400000000001,0.000139132773819843
5702.8,5.561877283919001e-05
5703.200000000001,0.0002068314340109696
5703.6,1.4960987883236432e-05
5704.0,0.00033788667188989954
5704.400000000001,0.00016996106429703161
5704.8,1.1637524562352733e-05
5705.200000000001,0.00025458119977724
5705.6,6.080769605497392e-06
5706.0,0.000265400028353581
5706.400000000001,6.660775286795787e-05
5706.8,0.0010951847057349504
5707.200000000001,0.0006134502954505664
5707.6,0.0004053227198772917
5708.0,5.444818091770706e-05
5708.400000000001,0.00021781888791240684
5708.8,0.0004027241537776646
5709.200000000001,0.0020703886070754835
5709.6,0.00046657624482309074
5710.0,6.371548728140955e-05
5710.400000000001,0.00016971590967301925
5710.8,0.00020007923054382286
5711.200000000001,0.0006707178715879519
5711.6,0.0002839196316658402
5712.0,4.155950169265699e-06
5712.400000000001,0.00032596415947969636
5712.8,0.0011698243414352176
5713.200000000001,0.0003254206686658715
5713.6,5.1992594232174065e-06
5714.0,0.0002853976989897414
5714.400000000001,0.0018773868563093429
5714.8,0.0010384656697534282
5715.200000000001,0.0002544502651476562
5715.6,0.0006675026785278046
5716.0,0.00023774296561258914
5716.400000000001,2.2398486983896955e-05
5716.8,0.0007206547732401889
5717.200000000001,0.00030473159210132417
5717.6,0.0015189352798569383
5718.0,0.00071617111362203
5718.400000000001,0.0005278993064694042
5718.8,0.0009251982772220282
5719.200000000001,0.001211639926409067
5719.6,9.486802871311333e-06
5720.0,0.00036272837526072726
5720.400000000001,0.0002000171149250561
5720.8,0.0001459862957109149
5721.200000000001,0.00032898432951984467
5721.6,6.793600347565815e-05
5722.0,0.0001599928720660903
5722.400000000001,0.00019094338737824735
5722.8,0.0001033940104920239
5723.200000000001,0.000370469169353731
5723.6,0.0005314867786832078
5724.0,0.00017455214965716624
5724.400000000001,6.757605158177006e-05
5724.8,0.00031639804219647083
5725.200000000001,0.00012022382840839534
5725.6,0.00020595932292788666
5726.0,0.00024102427413815407
5726.400000000001,0.0004311285784439007
5726.8,0.0003232785485630869
5727.200000000001,0.0003912051709336042
5727.6,1.834905623228795e-05
5728.0,0.00033933743658397394
5728.400000000001,0.0013169820778218685
5728.8,0.0001555693524230174
5729.200000000001,0.000514047339928646
5729.6,0.0005060757914918134
5730.0,0.00016112641534028293
5730.400000000001,0.0009573694163804795
5730.8,0.0004354145331749981
5731.200000000001,3.226735995184606e-05
5731.6,2.772839247899798e-06
5732.0,5.483694150198704e-05
5732.400000000001,6.310788715885012e-05
5732.8,7.74968347332504e-05
5733.200000000001,0.00016695186348416395
5733.6,0.0001081593389087857
5734.0,0.00012026591996771308
5734.400000000001,0.0007481479954393706
5734.8,4.676718235367099e-05
5735.200000000001,4.623395039906059e-06
5735.6,0.0003540279115289295
5736.0,0.000598661470960951
5736.400000000001,9.137414244986599e-05
5736.8,9.888314600417925e-05
5737.200000000001,2.4176548951799728e-05
5737.6,0.0005192450450267005
5738.0,0.0001276239884785989
5738.400000000001,0.0003092838206257319
5738.8,0.00037672725053416626
5739.200000000001,1.6207532598911696e-05
5739.6,0.0007097285649862728
5740.0,0.0002922303952538331
5740.400000000001,1.5645090541413976e-05
5740.8,0.00043183798874092433
5741.200000000001,0.00014497605609930055
5741.6,6.703783307204545e-05
5742.0,0.00016946200761872127
5742.400000000001,0.00038356285099342655
5742.8,0.00021144450062820147
5743.200000000001,6.877919347150023e-05
5743.6,0.00013817535804359774
5744.0,0.00013647085773846375
5744.400000000001,0.0003979678965111933
5744.8,4.729282686627449e-06
5745.200000000001,0.00011688732122577236
5745.6,6.0192024665528614e-05
5746.0,0.000774990210839231
5746.400000000001,0.0006597520130300334
5746.8,0.0006356642122310803
5747.200000000001,0.0004983770035475658
5747.6,0.0003554272422266921
5748.0,8.260262124090713e-05
5748.400000000001,0.00013994409914325424
5748.8,0.0002334345704059404
5749.200000000001,0.00024228048368716277
5749.6,0.00033996691370872796
5750.0,8.453193956823416e-05
5750.400000000001,0.0006978490881477777
5750.8,0.00023539844818017963
5751.200000000001,7.740092055080473e-05
5751.6,1.0761560998625639e-05
5752.0,0.0002730238214834129
5752.400000000001,0.0016174412190330064
5752.8,0.00010980880713483147
5753.200000000001,0.0006006808451218038
5753.6,0.00011544827418842523
5754.0,3.155091407402868e-05
5754.400000000001,0.00046762780921717447
5754.8,0.0005530516139462909
5755.200000000001,8.25440657651478e-05
5755.6,3.5566799311575585e-05
5756.0,0.0018880632578944932
5756.400000000001,0.00035258702767793293
5756.8,1.2572929585967024e-06
5757.200000000001,0.0008225177321224936
5757.6,0.0005024084542880247
5758.0,0.0006667010616221781
5758.400000000001,0.0001146619736327515
5758.8,0.00040134073453880264
5759.200000000001,0.0005415940778420355
5759.6,5.8750528197316165e-05
5760.0,0.00046482679321874275
5760.400000000001,0.00024270335219395552
5760.8,0.00020169745520011532
5761.200000000001,0.00027920214157955417
5761.6,0.0001075063356261543
5762.0,0.0009705606081658214
5762.400000000001,6.553578252415385e-05
5762.8,0.00028001847408170894
5763.200000000001,0.0004352500224529255
5763.6,2.4700513683906562e-05
5764.0,7.47972508537119e-05
5764.400000000001,8.03121216733051e-05
5764.8,9.895030961617477e-06
5765.200000000001,0.0005344031277473115
5765.6,4.1218041964047516e-05
5766.0,0.0003637185617774199
5766.400000000001,4.7226858619139775e-05
5766.8,5.9392428615187894e-05
5767.200000000001,0.0004173758198940849
5767.6,0.0003175039992669117
5768.0,0.0001229297935535074
5768.400000000001,8.36597457218045e-05
5768.8,0.00026103664045224703
5769.200000000001,0.00015980757925048724
5769.6,9.354035882783511e-05
5770.0,0.0004148487178301225
5770.400000000001,0.0006215390162633069
5770.8,0.0002974798309175734
5771.200000000001,0.0004464903339390441
5771.6,0.00016010084607737395
5772.0,0.00030891335361345174
5772.400000000001,0.000741520357829764
5772.8,2.2599683680422996e-05
5773.200000000001,0.0005384439440191886
5773.6,8.119452391582442e-05
5774.0,0.0003443923368953971
5774.400000000001,0.00024926766838786205
5774.8,0.0012880955727813794
5775.200000000001,0.00021410404817261627
5775.6,0.00020707459070354152
5776.0,0.00016234548495799435
5776.400000000001,0.0017371165660599107
5776.8,0.0001031810244582751
5777.200000000001,0.00022702461770306363
5777.6,0.0007059301876360151
5778.0,0.0016871730924802417
5778.400000000001,0.0003962660309358154
5778.8,0.0001032025164500623
5779.200000000001,0.00045517321678070674
5779.6,0.00020148596469907935
5780.0,0.0007105204496734015
5780.400000000001,0.0003527745831444746
5780.8,0.00030467655598374194
5781.200000000001,0.0006151519084722225
5781.6,9.243188757596804e-05
5782.0,0.0004909878574840803
5782.400000000001,0.00013725330915276472
5782.8,2.4149228210772754e-05
5783.200000000001,8.761880476711359e-05
5783.6,8.395400297312885e-06
5784.0,0.0013266249276173054
5784.400000000001,0.0008110363003189349
5784.8,1.819902921321255e-05
5785.200000000001,0.0010088732978959679
5785.6,0.0006117045304900189
5786.0,0.0015176156427770388
5786.400000000001,0.00018232595791307067
5786.8,0.00016310039172683522
5787.200000000001,0.0012460558949413546
5787.6,0.00037166118734863836
5788.0,0.00011122733740322867
5788.400000000001,0.000265406106182507
5788.8,0.00025914256780565375
5789.200000000001,1.620457542259855e-05
5789.6,0.0001835908241259414
5790.0,0.001089548385162249
5790.400000000001,0.0003866820812297515
5790.8,0.00015375843935573093
5791.200000000001,0.00011700883023577386
5791.6,0.0005790800494398061
5792.0,1.2170186974821568e-05
5792.400000000001,0.0013546076487779611
5792.8,0.0007418188714717564
5793.200000000001,0.00037511307404528097
5793.6,0.00044608745280098953
5794.0,0.00033587516731994996
5794.400000000001,6.15365048876861e-05
5794.8,0.0005691224774405774
5795.200000000001,0.00018542895965023017
5795.6,0.0006366854269626332
5796.0,4.763734497912553e-05
5796.400000000001,5.376322257744352e-05
5796.8,0.00021344954935567133
5797.200000000001,0.0007561813448931567
5797.6,0.00037802071735090916
5798.0,0.0005498059384923219
5798.400000000001,0.0002837745900261842
5798.8,0.0015792327210898795
5799.200000000001,0.0007567858118163014
5799.6,0.0009143429172556967
5800.0,0.00018276929561210036
5800.400000000001,0.0007724611223780833
5800.8,4.063349297028979e-05
5801.200000000001,0.00039743466780050533
5801.6,5.8933219789771974e-05
5802.0,0.00047895586571576447
5802.400000000001,0.0005347332259525963
5802.8,0.0005372182742632693
5803.200000000001,0.00018541804934076896
5803.6,0.0004074182104866513
5804.0,0.000349747748160422
5804.400000000001,0.00041252489329064734
5804.8,0.0005169367570062719
5805.200000000001,0.00044234123585454814
5805.6,0.0005925877421842875
5806.0,0.0005844275932980551
5806.400000000001,0.0007731046427902811
5806.8,0.0007891386230724136
5807.200000000001,4.782404487003348e-05
5807.6,0.0013262331126887102
5808.0,0.00011290485136249815
5808.400000000001,0.00012475794210827602
5808.8,0.0004785718317646136
5809.200000000001,0.00019973351129615971
5809.6,0.0008907252656421408
5810.0,0.0004892898510394334
5810.400000000001,0.00015593270341659538
5810.8,0.00023271019741546818
5811.200000000001,0.0006392432210665775
5811.6,0.00037543039700584004
5812.0,0.00014918757869228946
5812.400000000001,0.0007615436718848677
5812.8,1.5807711488835302e-05
5813.200000000001,0.0009138374377762289
5813.6,0.0006393756021956476
5814.0,0.0001290915495159688
5814.400000000001,0.0001457546133998611
5814.8,0.00010366395618760909
5815.200000000001,0.00014691745415533315
5815.6,0.0006932727668706395
5816.0,0.00018588783271397964
5816.400000000001,4.346367151092507e-05
5816.8,0.00018861834172395655
5817.200000000001,0.0001304135155470592
5817.6,0.00026763070435112857
5818.0,0.0004442692987419099
5818.400000000001,0.0008453478587332752
5818.8,0.00016836286809830602
5819.200000000001,0.00019452861233671133
5819.6,0.000431539884152629
5820.0,0.00011786133805970426
5820.400000000001,0.0008249795938238263
5820.8,0.00016660869763344418
5821.200000000001,8.16767754025607e-05
5821.6,9.687021501107413e-05
5822.0,0.0006387358085067963
5822.400000000001,0.00029438127283180405
5822.8,0.0003874209959644263
5823.200000000001,0.00023249698634674482
5823.6,0.0005296424136172028
5824.0,0.00013063456092885366
5824.400000000001,7.511400890687837e-05
5824.8,4.0670482301326245e-05
5825.200000000001,0.0002448530180137084
5825.6,6.835327738532856e-05
5826.0,0.001134861074225816
5826.400000000001,5.535314471157124e-05
5826.8,7.029647268412683e-05
5827.200000000001,3.066589827275638e-05
5827.6,6.0913585814347604e-05
5828.0,2.148103419541509e-05
5828.400000000001,0.0001238056012674622
5828.8,0.0011391487153862053
5829.200000000001,0.00037536059363819083
5829.6,0.00011621177104648793
5830.0,0.00031256985265691443
5830.400000000001,0.0004086320950892837
5830.8,0.0007898913852288297
5831.200000000001,0.0009108712923022311
5831.6,0.00012632165175916596
5832.0,0.00022569720304761834
5832.400000000001,0.000353807038936698
5832.8,0.0003283681106668673
5833.200000000001,0.0006580651367546173
5833.6,7.360697579249891e-05
5834.0,0.0003754023742288496
5834.400000000001,0.00038599411644007055
5834.8,5.0866944170620936e-05
5835.200000000001,0.0007210256196591913
5835.6,0.00020246667096571823
5836.0,0.0003488728643334473
5836.400000000001,0.00029577664261927613
5836.8,0.00027999408003413187
5837.200000000001,0.0013975733996105923
5837.6,0.00010323491584461944
5838.0,4.324599786109706e-05
5838.400000000001,0.0003239790174798062
5838.8,8.446625485837827e-05
5839.200000000001,2.9620225292216626e-05
5839.6,0.0005997016382705134
5840.0,0.00013037893226678754
5840.400000000001,0.0003096561284066406
5840.8,0.0002451001650817132
5841.200000000001,0.0002952886877949541
5841.6,0.000924168862377241
5842.0,0.0005982903909832541
5842.400000000001,0.00036343998224726265
5842.8,0.00032927642773579143
5843.200000000001,0.00013889171319799934
5843.6,0.0003689527719180883
5844.0,0.00013921031810851885
5844.400000000001,6.438172140812537e-05
5844.8,9.447330383806353e-06
5845.200000000001,1.3134440579745953e-05
5845.6,0.00031420020441475926
5846.0,0.00024395060097900836
5846.400000000001,0.0005372267628371299
5846.8,0.0007465338671894583
5847.200000000001,0.00020614245542647136
5847.6,0.0007444751984653445
5848.0,0.00036586569876302075
5848.400000000001,0.0008232393657307708
5848.8,0.0007989664820920688
5849.200000000001,0.00042809447663245997
5849.6,0.00045508808503656045
5850.0,0.0019687653282754597
5850.400000000001,7.037224920060866e-05
5850.8,0.00019375859557756037
5851.200000000001,0.0002518530634917491
5851.6,2.340835055471738e-05
5852.0,0.00014205952433342235
5852.400000000001,0.0013078353008420345
5852.8,0.00036502187570067407
5853.200000000001,0.000767689758804829
5853.6,0.0006409632952469464
5854.0,0.0003408977489093147
5854.400000000001,0.0005138126367102537
5854.8,1.1499051241934045e-05
5855.200000000001,0.00024932493752870965
5855.6,0.000353467287898097
5856.0,0.00033280970427086227
5856.400000000001,0.0001299819820560368
5856.8,0.0003925824146517583
5857.200000000001,1.00466096140808e-05
5857.6,2.7821918086280214e-05
5858.0,0.00043448133901668524
5858.400000000001,0.00025389489376382874
5858.8,0.00039690594935334764
5859.200000000001,0.0014223608582412109
5859.6,7.636753488756094e-06
5860.0,0.00036320005025331355
5860.400000000001,0.0001462174403480262
5860.8,0.000237791526230642
5861.200000000001,0.00017557435642299063
5861.6,2.7438008909879867e-05
5862.0,0.00014374391359865018
5862.400000000001,0.0005282072732794155
5862.8,0.00011116092797430296
5863.200000000001,0.0005600494712527333
5863.6,9.502846629752982e-05
5864.0,0.0002838878267410709
5864.400000000001,0.00016335016041017897
5864.8,0.0015007906428524767
5865.200000000001,1.096449670499524e-05
5865.6,8.726400754713388e-05
5866.0,0.0001619922339617493
5866.400000000001,0.00010093280488161981
5866.8,7.66740882565432e-05
5867.200000000001,0.00010878133202577744
5867.6,0.00034802945091043494
5868.0,0.00020796649608172368
5868.400000000001,7.953187507369675e-05
5868.8,0.00036323686811978484
5869.200000000001,0.000250293451019951
5869.6,2.179894039673412e-05
5870.0,4.409989934841817e-05
5870.400000000001,0.00030170764418024454
5870.8,0.00015775238896613414
5871.200000000001,0.00018990130927513515
5871.6,0.0007200265931815386
5872.0,0.0004941013471664063
5872.400000000001,2.0299625794271478e-05
5872.8,0.00010592543454008107
5873.200000000001,0.00016966102731252774
5873.6,0.0009178862730760266
5874.0,8.162716460979104e-05
5874.400000000001,2.321095979336883e-05
5874.8,0.00013291446038373754
5875.200000000001,0.0006374183935735219
5875.6,9.787716847455279e-05
5876.0,3.4652034880359065e-05
5876.400000000001,0.00015845956837511453
5876.8,0.00017274559087660207
5877.200000000001,0.00016282869881705558
5877.6,0.00039565159921465317
5878.0,7.122116738443368e-06
5878.400000000001,0.0008228780434774711
5878.8,0.00018035020434383715
5879.200000000001,0.00020583056529838343
5879.6,0.00027608209391272843
5880.0,0.00013565018508715298
5880.400000000001,0.00015392391433356105
5880.8,0.000220874256976396
5881.200000000001,0.000512345851159518
5881.6,0.0005420584723500225
5882.0,0.0003498568765132595
5882.400000000001,6.9931441214300855e-06
5882.8,0.00012810016737416737
5883.200000000001,6.661685527530511e-05
5883.6,0.0011920526371149254
5884.0,0.00027207763090208965
5884.400000000001,0.00042084072876294784
5884.8,6.519959021035392e-05
5885.200000000001,0.0009332710239926829
5885.6,2.8268523743153963e-06
5886.0,7.673276166532684e-06
5886.400000000001,1.789859566230108e-05
5886.8,0.0008989576418207152
5887.200000000001,0.0010691803879613222
5887.6,0.00028973125329449475
5888.0,0.0012398699769562355
5888.400000000001,1.1182049624613181e-05
5888.8,0.0002586869753455539
5889.200000000001,0.00032967543569956055
5889.6,7.777337434416518e-05
5890.0,0.0009113900670414178
5890.400000000001,0.0017487337611742772
5890.8,0.0004131917204493009
5891.200000000001,0.0003131488610071192
5891.6,0.001161058680448129
5892.0,0.00046085074350281466
5892.400000000001,0.00010828087623432509
5892.8,0.0008634104822262763
5893.200000000001,2.9055499499405703e-05
5893.6,0.00029224984465667486
5894.0,0.0002751661140869539
5894.400000000001,0.00016767182602060447
5894.8,0.0009061018453518313
5895.200000000001,0.00021959480798046477
5895.6,0.00026176407076272846
5896.0,0.0001394989990474621
5896.400000000001,0.0011240246522705797
5896.8,0.0003474717900142599
5897.200000000001,0.0004522522546043519
5897.6,0.00020486850014225555
5898.0,0.0003790085347192276
5898.400000000001,0.0010859481391439973
5898.8,0.00031353377570125205
5899.200000000001,5.6784508233712904e-05
5899.6,0.0011335462700530023
5900.0,0.00023619176423177464
5900.400000000001,0.0003010491063065226
5900.8,0.0006698682186547061
5901.200000000001,0.0015362166340545935
5901.6,0.00017683073662291433
5902.0,0.00057047449768565
5902.400000000001,0.0003363075575761348
5902.8,0.0006853621979280687
5903.200000000001,0.0006076548668100809
5903.6,0.0003279292656615157
5904.0,0.0005712518288733389
5904.400000000001,0.0005467445458346365
5904.8,0.0008607978503379385
5905.200000000001,0.00037578079652935266
5905.6,4.2296382809926956e-05
5906.0,0.0013202698511548836
5906.400000000001,0.0010709689595184869
5906.8,0.0003558118769337729
5907.200000000001,0.00014560091278936432
5907.6,0.0006789125628389452
5908.0,4.426021030647022e-05
5908.400000000001,0.0004919272926304165
5908.8,0.00017032049437410273
5909.200000000001,0.0008162257354181001
5909.6,0.0002630917473270945
5910.0,0.001049156398102922
5910.400000000001,0.00021595965216191206
5910.8,0.00035023137509572407
5911.200000000001,0.00029786430232877666
5911.6,0.00016227005054500108
5912.0,0.0007851263911086574
5912.400000000001,0.0006671167230195845
5912.8,0.0004156893151841018
5913.200000000001,0.0009028139298059586
5913.6,0.0003933654906278502
5914.0,0.00011841431581814081
5914.400000000001,1.2286899614591208e-05
5914.8,0.0007811868255468488
5915.200000000001,0.00019779401256732307
5915.6,0.00041710502037899393
5916.0,0.00031921903892453664
5916.400000000001,0.0003343871127189848
5916.8,0.00015133668539618115
5917.200000000001,0.00073252142849834
5917.6,0.00011065999706877696
5918.0,0.00018188972285507188
5918.400000000001,0.0012595246819491993
5918.8,8.38272321057365e-05
5919.200000000001,1.7880625641741754e-05
5919.6,0.0010427805367125486
5920.0,0.00011355536042754631
5920.400000000001,0.00023696527849200952
5920.8,0.00022376096037991165
5921.200000000001,0.00024979194779011464
5921.6,3.392948259451238e-05
5922.0,0.0003346551210586861
5922.400000000001,0.00035922606959404757
5922.8,0.0003302207359792564
5923.200000000001,0.0005281705543669958
5923.6,0.0002718624513638448
5924.0,0.0009520140288594844
5924.400000000001,0.0006153116688302412
5924.8,0.0003207703159445348
5925.200000000001,0.00011903549898456253
5925.6,0.0008669163326559595
5926.0,0.00011094282529815045
5926.400000000001,0.0003080912975016212
5926.8,0.0014315028764999857
5927.200000000001,0.0004751862928022999
5927.6,0.0001532836895830157
5928.0,0.0005311712749372314
5928.400000000001,0.00025264479260204503
5928.8,0.00021608198439474312
5929.200000000001,0.00024705580782108253
5929.6,0.00014034100009845005
5930.0,0.0018599844732675875
5930.400000000001,0.00013708109961520473
5930.8,0.0006518711291426336
5931.200000000001,0.00038084915897958844
5931.6,0.0003986790237839325
5932.0,0.0001746582029790194
5932.400000000001,0.0003919852971675181
5932.8,0.00022747218250025435
5933.200000000001,0.0001837323965282392
5933.6,0.0001198850270388898
5934.0,0.0007344862629024832
5934.400000000001,5.600546834074837e-06
5934.8,7.513538608457305e-05
5935.200000000001,0.0007138624315930405
5935.6,0.0008910839834083938
5936.0,0.00030169505753787734
5936.400000000001,0.0002891439570055238
5936.8,0.0007902134730391946
5937.200000000001,0.00018934202498989902
5937.6,0.0006738183832054171
5938.0,0.00039707539666810953
5938.400000000001,0.00010125025159096541
5938.8,2.2770545868651716e-05
5939.200000000001,0.00042199551729820713
5939.6,0.0012960345204901652
5940.0,2.4864663036267055e-05
5940.400000000001,0.0010425607808272005
5940.8,0.0006041276075949958
5941.200000000001,0.0003996054418396227
5941.6,0.00037698329703118275
5942.0,0.0006064209486811638
5942.400000000001,2.7011928148166647e-05
5942.8,6.391039355416234e-05
5943.200000000001,0.0003556232726019735
5943.6,0.001223571328276474
5944.0,0.0002004085255238541
5944.400000000001,0.0003177774769760641
5944.8,0.00012782457800302756
5945.200000000001,0.00019408469253048955
5945.6,0.00033035219582569204
5946.0,0.00043760487757694863
5946.400000000001,0.000555603004168026
5946.8,5.5483493484846185e-05
5947.200000000001,0.00010180414524314362
5947.6,0.0014565564878234525
5948.0,0.00010010555004852068
5948.400000000001,0.0019988731010096056
5948.8,0.000811874499301928
5949.200000000001,0.0002945118535470697
5949.6,1.8677501908508072e-05
5950.0,7.182576445058303e-05
5950.400000000001,0.00023719282119261375
5950.8,0.0002502122061124172
5951.200000000001,0.00026236857643698345
5951.6,0.00013271659643364751
5952.0,0.0003107725717617357
5952.400000000001,1.11306498894003e-05
5952.8,0.00028177616141306826
5953.200000000001,0.0002997115966528591
5953.6,0.0004837522810681049
5954.0,0.00022878341386990927
5954.400000000001,0.00016685488121789393
5954.8,0.0003136549218559641
5955.200000000001,0.00020061680220581646
5955.6,3.923641422752026e-05
5956.0,0.00036743772509542557
5956.400000000001,0.0001636844640452814
5956.8,0.0003850609657019552
5957.200000000001,0.001121767861996777
5957.6,0.00032895778189213773
5958.0,0.0007012946334997027
5958.400000000001,0.0011693714016684368
5958.8,0.0003500507401184596
5959.200000000001,0.00033894006079729393
5959.6,8.059475839096146e-05
5960.0,4.1816701224596876e-05
5960.400000000001,4.232227896869122e-05
5960.8,1.3977471806423491e-06
5961.200000000001,0.0003453971059276206
5961.6,0.0007752488527246503
5962.0,0.00010580514651519247
5962.400000000001,0.00043150310269551205
5962.8,6.992273735299149e-05
5963.200000000001,0.00014074208666950777
5963.6,0.0003615308715408393
5964.0,0.0004291964145484883
5964.400000000001,0.0003515056896028262
5964.8,0.0010690767632157844
5965.200000000001,0.00021469372793514108
5965.6,0.0001251254437249923
5966.0,0.00045100242647321773
5966.400000000001,0.000946562596458166
5966.8,0.0005426960353763539
5967.200000000001,7.57054204293496e-05
5967.6,2.538227334754777e-06
5968.0,7.254015106436906e-05
5968.400000000001,6.864736153105309e-06
5968.8,0.0006192647560363739
5969.200000000001,0.0005715145855366418
5969.6,0.0001650287043444025
5970.0,0.00020413436888672018
5970.400000000001,8.907852512072471e-05
5970.8,8.143193488259286e-05
5971.200000000001,0.0001638148409099025
5971.6,0.00013894726679708258
5972.0,0.0005646316362008917
5972.400000000001,1.4300615158642475e-06
5972.8,0.00015442812009366949
5973.200000000001,0.0004904193308459699
5973.6,0.0005171779128849166
5974.0,0.0010318966775233693
5974.400000000001,0.0005334401773280744
5974.8,0.0002757753339844063
5975.200000000001,0.0019482118282168693
5975.6,8.991651095886068e-06
5976.0,0.00048419858408750175
5976.400000000001,0.0004689311825617871
5976.8,0.000952664486679374
5977.200000000001,3.8624534212199204e-05
5977.6,0.00017599585493836736
5978.0,0.00031056210598495943
5978.400000000001,2.8114019183691696e-05
5978.8,0.0007759357067300586
5979.200000000001,9.017877000300156e-06
5979.6,0.0002133694210329534
5980.0,5.340646881691149e-05
5980.400000000001,0.0004121946437574006
5980.8,2.705277102970237e-05
5981.200000000001,1.4118052121831658e-06
5981.6,0.0004573239140024995
5982.0,0.00043593268688940184
5982.400000000001,0.00048611813466971804
5982.8,0.0008592045137915421
5983.200000000001,3.50625849062568e-05
5983.6,5.99493151020746e-05
5984.0,4.432545832442186e-05
5984.400000000001,0.0006062931717855882
5984.8,0.0007468022742337609
5985.200000000001,0.0001143596408370008
5985.6,0.0003954288120971892
5986.0,0.0008503275029455826
5986.400000000001,0.00024766974047465425
5986.8,0.00017603832295053827
5987.200000000001,1.4241819781413019e-05
5987.6,0.001403567896501449
5988.0,0.0003352362905489351
5988.400000000001,0.0008823914463880493
5988.8,0.00011065653305850296
5989.200000000001,0.0002349440619509385
5989.6,0.00018804867530929802
5990.0,4.641217258646693e-05
5990.400000000001,0.000609294603943174
5990.8,0.0004469421660735962
5991.200000000001,0.001407980959012776
5991.6,0.0005212676437326037
5992.0,0.00027037969206506135
5992.400000000001,0.0002651629426724912
5992.8,4.6299104462130195e-05
5993.200000000001,0.00021338314292863888
5993.6,0.00019878054072341655
5994.0,0.0002807134946178236
5994.400000000001,0.00029773130266991027
5994.8,0.00012913775738635465
5995.200000000001,7.402397298531539e-06
5995.6,0.00013826683128784434
5996.0,7.498047561720647e-05
5996.400000000001,0.001151280466557579
5996.8,3.294852558315646e-05
5997.200000000001,0.0001501791121539049
5997.6,0.0014031692116848232
5998.0,6.082692643223516e-05
5998.400000000001,0.00013306397036130977
5998.8,9.443012983431092e-05
5999.200000000001,0.0002330642355921277
5999.6,2.1076453218932845e-05
6000.0,8.093202351278824e-05
6000.400000000001,3.111073756993309e-05
6000.8,0.0003581368236209284
6001.200000000001,4.9344646782970125e-05
6001.6,0.00024453708103875076
6002.0,5.707260939791118e-05
6002.400000000001,0.00018252425373447732
6002.8,0.0003656855410109612
6003.200000000001,0.00025819370447110687
6003.6,0.0002814765524521097
6004.0,0.00020206819722609908
6004.400000000001,0.0007681492180048549
6004.8,8.856861314810184e-05
6005.200000000001,0.00020373304961100654
6005.6,4.9864522252622925e-05
6006.0,0.000753513016700367
6006.400000000001,0.0005875804743679797
6006.8,0.00010272196432188102
6007.200000000001,0.000418030079100393
6007.6,0.000149636523089312
6008.0,0.00019937929771190907
6008.400000000001,0.00032579738657656585
6008.8,0.0003611315500213565
6009.200000000001,4.3143234566626055e-05
6009.6,9.958201620812562e-05
6010.0,0.0004440677334851433
6010.400000000001,0.00011952640713960712
6010.8,0.00028253100406547033
6011.200000000001,0.0001269116593044242
6011.6,0.0008603391302873673
6012.0,0.00012892526815555834
6012.400000000001,1.3026473666872447e-05
6012.8,0.00012200201369913247
6013.200000000001,0.0001516401547775025
6013.6,0.00033842638853458717
6014.0,0.0007210344913603598
6014.400000000001,0.000478034749970335
6014.8,0.0003943302275155406
6015.200000000001,0.0006271681736029221
6015.6,0.00040574639702233066
6016.0,1.8986390925192822e-05
6016.400000000001,0.00028631877736228476
6016.8,0.0003465501477076669
6017.200000000001,0.00011321176070531545
6017.6,0.00024689796146822024
6018.0,0.00026123957461325164
6018.400000000001,3.934246049171775e-05
6018.8,2.004573330617466e-05
6019.200000000001,6.821837305523686e-06
6019.6,0.00018804556321196157
6020.0,0.0001968349347365592
6020.400000000001,0.00030486119669694624
6020.8,0.00012572258337724548
6021.200000000001,5.608974335849732e-06
6021.6,0.00033954662662872697
6022.0,0.00034763836414835
6022.400000000001,0.00017533810590811738
6022.8,0.00013881477876793086
6023.200000000001,0.0002112291154557345
6023.6,1.715164397581373e-05
6024.0,4.1268906685089305e-05
6024.400000000001,0.0010255524302945633
6024.8,0.0003568934887444299
6025.200000000001,0.00032856289806776926
6025.6,0.0007703300510570314
6026.0,0.0006681393424964213
6026.400000000001,5.859777179424336e-05
6026.8,0.00047311139342675376
6027.200000000001,0.0003794534243193299
6027.6,0.00022130785323863728
6028.0,0.0013959436349083626
6028.400000000001,0.0011171508773454297
6028.8,6.287599557338814e-05
6029.200000000001,0.00023703119295650365
6029.6,0.0007609905039107344
6030.0,4.69212545546294e-06
6030.400000000001,0.00010439607273033678
6030.8,0.00010016980420173564
6031.200000000001,0.0008956286796292959
6031.6,0.0002895523386427825
6032.0,0.0003921411646929132
6032.400000000001,0.0012059997963859434
6032.8,7.598933902483762e-05
6033.200000000001,0.0006066645178856368
6033.6,0.0008009941666802182
6034.0,3.797430293613961e-05
6034.400000000001,0.0004795775622144939
6034.8,2.4688378979773454e-05
6035.200000000001,0.0003426567696747611
6035.6,0.0015940516043268995
6036.0,0.00022068600236566986
6036.400000000001,7.121874414486686e-05
6036.8,2.7392799913139793e-05
6037.200000000001,0.0002457496017003313
6037.6,0.00029047448515078455
6038.0,0.0005931326332007118
6038.400000000001,0.000567476352789621
6038.8,0.0005243132981760788
6039.200000000001,4.5479334578500236e-05
6039.6,0.0008919230758859167
6040.0,0.0001727325072547596
6040.400000000001,0.0002599157396028078
6040.8,0.0005721161027379061
6041.200000000001,2.7092772395122363e-05
6041.6,0.0004346110923039233
6042.0,7.678581593630817e-05
6042.400000000001,0.0006685390973704859
6042.8,0.0013701344124941281
6043.200000000001,0.0001499193559530483
6043.6,0.00018581550889813274
6044.0,0.0005975503508978071
6044.400000000001,5.981990749254289e-05
6044.8,0.0001383180224240434
6045.200000000001,0.0009198801102327424
6045.6,0.0002707551353677074
6046.0,0.0004834249831249986
6046.400000000001,0.0001910611531618864
6046.8,0.00012190145097004582
6047.200000000001,0.00048349786829707454
6047.6,0.0001848092796805732
6048.0,0.00014405251165151451
6048.400000000001,0.0003588490259540988
6048.8,0.0003543143294157128
6049.200000000001,0.000404396155221608
6049.6,0.00020108520665583049
6050.0,0.0009445086344202248
6050.400000000001,0.00010577618369844785
6050.8,6.054483656289153e-05
6051.200000000001,0.00010101917309461555
6051.6,0.0001937873880382151
6052.0,9.420938452104163e-05
6052.400000000001,0.0005415680081797499
6052.8,0.00044535115198314615
6053.200000000001,0.00011103629672047095
6053.6,0.000103282421146519
6054.0,0.0002084022368659655
6054.400000000001,0.0006071576341127227
6054.8,0.0012341675381643488
6055.200000000001,0.00032703480459386725
6055.6,0.0001381498607849015
6056.0,6.185302703827452e-05
6056.400000000001,0.0007250969474840606
6056.8,0.0006201897624082127
6057.200000000001,0.00016618632262319977
6057.6,3.1902551801057606e-05
6058.0,4.462856405705299e-05
6058.400000000001,0.0004991958525382121
6058.8,6.132551557912204e-05
6059.200000000001,0.00030094351445633194
6059.6,0.0013078615490319865
6060.0,4.595160246699718e-05
6060.400000000001,0.00015204205898143849
6060.8,0.0009822130758454113
6061.200000000001,2.020165419348383e-05
6061.6,3.3371746878412194e-05
6062.0,0.00045468557734717894
6062.400000000001,0.0009004956266984391
6062.8,0.0004373642188539621
6063.200000000001,0.0005377109118230498
6063.6,0.001417942550636707
6064.0,0.0002718083511479262
6064.400000000001,0.000278566743306724
6064.8,0.0002888164934321093
6065.200000000001,0.0006982712085223209
6065.6,0.00031707430849024147
6066.0,0.0006582843043905831
6066.400000000001,0.0007772013444085188
6066.8,4.3953058857780016e-05
6067.200000000001,0.0014223183736469932
6067.6,4.799274596678671e-05
6068.0,0.00012198228242401789
6068.400000000001,8.84169003176114e-05
6068.8,0.00025247653411237804
6069.200000000001,0.0006670068063083286
6069.6,1.077930524592556e-05
6070.0,0.00034380350313545843
6070.400000000001,8.738353976333968e-05
6070.8,3.962003206894627e-06
6071.200000000001,0.00011669812218804938
6071.6,8.611480292740432e-05
6072.0,0.0003258462969888178
6072.400000000001,0.0006637507156337301
6072.8,0.000944855355268747
6073.200000000001,3.6047899559564e-06
6073.6,0.00019440486639323327
6074.0,4.677418405396915e-05
6074.400000000001,0.0003254023764508245
6074.8,9.374476515255317e-07
6075.200000000001,0.00021805090492082717
6075.6,2.0250800259141686e-05
6076.0,0.0001795702026435582
6076.400000000001,0.00020575163200913074
6076.8,0.0008095504562330519
6077.200000000001,0.0009686288130416296
6077.6,0.0001984595477790859
6078.0,0.0001482922857717712
6078.400000000001,0.0003034911653337428
6078.8,0.00034282399706744865
6079.200000000001,0.0009541404139039821
6079.6,0.00036866952748652567
6080.0,0.00032590445523794095
6080.400000000001,0.000430451711893674
6080.8,3.911052788669209e-05
6081.200000000001,0.00043699399289068904
6081.6,0.001213668890398172
6082.0,0.0001581404590831582
6082.400000000001,0.00011956389505505542
6082.8,0.00027419116921238284
6083.200000000001,0.00020145165131713532
6083.6,0.00046607374459034886
6084.0,0.00046451292693981683
6084.400000000001,0.00039377921949555094
6084.8,0.00037891555072893236
6085.200000000001,0.00032536246856733423
6085.6,0.0008136633507313821
6086.0,0.000440940437235484
6086.400000000001,0.0004733881738659499
6086.8,0.00027043932232689237
6087.200000000001,0.0015802399529917927
6087.6,0.0005527427779287079
6088.0,0.00033075612858748514
6088.400000000001,0.00026719042182390783
6088.8,6.196888840416738e-05
6089.200000000001,0.00019473914198014472
6089.6,0.0009975543909894443
6090.0,0.00018169337530799103
6090.400000000001,6.191210166902995e-05
6090.8,0.0001261404979604662
6091.200000000001,0.0006103706757567209
6091.6,6.247901890573114e-05
6092.0,0.001096467606504981
6092.400000000001,2.605814596190859e-06
6092.8,0.001220576366034605
6093.200000000001,0.0003006929931761401
6093.6,4.43674000700772e-05
6094.0,0.0012863636379596961
6094.400000000001,0.00020643138143383675
6094.8,0.00037034225396030717
6095.200000000001,0.0008040404063034996
6095.6,1.5842573400831867e-05
6096.0,0.00011760908950984767
6096.400000000001,1.2526048648021446e-05
6096.8,0.00047909086817143816
6097.200000000001,0.0003550924426690479
6097.6,0.0005879336455103266
6098.0,0.0003010742438656099
6098.400000000001,9.885225760049276e-05
6098.8,0.00013663356711211334
6099.200000000001,0.0002667265238096068
6099.6,0.0003741975509860999
6100.0,0.0003849125329971576
6100.400000000001,7.817643473737105e-05
6100.8,0.00019715990754008402
6101.200000000001,0.00044796186449250853
6101.6,0.0001055999890387646
6102.0,0.00021169567771355932
6102.400000000001,0.0001718796663052754
6102.8,0.00031682530517994947
6103.200000000001,0.00023146794401660034
6103.6,0.0002705308128418246
6104.0,0.00026891911005942084
6104.400000000001,0.0005582681187746073
6104.8,1.769458702312153e-05
6105.200000000001,0.0015306719721266363
6105.6,0.0014649822007302975
6106.0,0.0002275221472759817
6106.400000000001,0.0005974987304858131
6106.8,2.3528519674642774e-05
6107.200000000001,0.0003493408772101932
6107.6,2.7097851162129363e-05
6108.0,0.00018790298235776972
6108.400000000001,0.0004861374120434367
6108.8,0.00033744347512309347
6109.200000000001,9.421866982383585e-06
6109.6,0.00043094125650797193
6110.0,0.000504613466008628
6110.400000000001,2.3394381308070025e-05
6110.8,0.0006858759294527847
6111.200000000001,1.8708347025908895e-05
6111.6,7.41931317091294e-05
6112.0,6.77887920657315e-05
6112.400000000001,0.00018008402314665143
6112.8,0.0005656885430508126
6113.200000000001,0.0003045524097838269
6113.6,0.00031546581647481404
6114.0,0.00012512754010730238
6114.400000000001,0.0003859558881379851
6114.8,0.0003459719422724411
6115.200000000001,0.00023170453371660713
6115.6,7.29746107194159e-05
6116.0,0.0008266265299375173
6116.400000000001,0.001123519419754562
6116.8,0.0007246617609962788
6117.200000000001,0.0002337198845479324
6117.6,0.00048093209702386257
6118.0,0.000136017885018392
6118.400000000001,0.00010902834860468252
6118.8,5.7432608081023816e-05
6119.200000000001,0.00013684770371548996
6119.6,0.0014078676941202432
6120.0,0.000616522528711454
6120.400000000001,7.276180438681032e-05
6120.8,0.00035257989845990077
6121.200000000001,7.576758702092358e-05
6121.6,0.0002477709618451478
6122.0,7.700859243526577e-05
6122.400000000001,0.00014494790377628496
6122.8,0.00041860876990543444
6123.200000000001,8.473869563285312e-05
6123.6,0.0007394634859117916
6124.0,1.7685021880223227e-05
6124.400000000001,3.641655955717607e-05
6124.8,0.0005913367656242787
6125.200000000001,0.00029303306756995587
6125.6,0.00010013636607824609
6126.0,3.596118268067561e-05
6126.400000000001,0.00025933933778749354
6126.8,0.00025689880710878343
6127.200000000001,3.2396620225616735e-05
6127.6,7.96996133774622e-05
6128.0,0.0007366293711701402
6128.400000000001,0.00034800784721276625
6128.8,0.00010614687795132822
6129.200000000001,0.0005890607064114159
6129.6,0.0007345660663951932
6130.0,9.557716528821155e-05
6130.400000000001,0.0004915684076444875
6130.8,0.0006087413512757198
6131.200000000001,0.0005069497091356122
6131.6,0.0007960615410613773
6132.0,0.0004990511538335867
6132.400000000001,0.00026694929647470047
6132.8,0.000669828493108494
6133.200000000001,0.00028638147072082467
6133.6,0.0007153775191682198
6134.0,7.70979490984835e-05
6134.400000000001,0.0004751293975792472
6134.8,7.880355826002893e-05
6135.200000000001,0.0008631560393595772
6135.6,0.0001531415046999619
6136.0,0.00030160981729593974
6136.400000000001,0.00030699843745804446
6136.8,3.575034274609907e-05
6137.200000000001,0.00037122486052944265
6137.6,0.0003464782689410245
6138.0,0.00035715260905167385
6138.400000000001,8.155790009394548e-05
6138.8,6.491469060962424e-05
6139.200000000001,0.0011479511649516148
6139.6,0.0010991628299929599
6140.0,7.830029470492572e-05
6140.400000000001,5.24449669759011e-05
6140.8,3.0108434645169845e-05
6141.200000000001,9.717740596114348e-05
6141.6,0.0016060008982184413
6142.0,0.0010735313858199252
6142.400000000001,0.0003880012953434023
6142.8,1.0015733610799614e-05
6143.200000000001,4.791977761447276e-05
6143.6,9.477514321555168e-05
6144.0,0.0007905472145196182
6144.400000000001,0.0009314925268104715
6144.8,0.0002511210601395426
6145.200000000001,0.0008614903012508972
6145.6,0.0006491935957734365
6146.0,0.00011437363114349116
6146.400000000001,0.0002311325374916862
6146.8,0.00012390649577415186
6147.200000000001,0.00038739887119363677
6147.6,7.479830750987204e-05
6148.0,0.0007865852571491895
6148.400000000001,0.00018785999190092442
6148.8,0.0001753359726144862
6149.200000000001,4.4903330966872615e-05
6149.6,0.00025362396173464317
6150.0,0.00012196660670799571
6150.400000000001,0.0005112393814784866
6150.8,4.473536294507614e-05
6151.200000000001,0.0005034509889118356
6151.6,1.150672953494466e-06
6152.0,7.184015418247086e-05
6152.400000000001,0.0011350208902243916
6152.8,9.585562947180699e-05
6153.200000000001,0.00036086211075765537
6153.6,0.0003223885237579629
6154.0,7.892790028729332e-05
6154.400000000001,0.0002456453973383106
6154.8,0.0003613935931138183
6155.200000000001,0.00022079509706113222
6155.6,3.200265694739854e-05
6156.0,4.312903215861014e-05
6156.400000000001,2.4766742181151758e-05
6156.8,0.00044275739744144776
6157.200000000001,0.0003045465358670786
6157.6,0.00013756301570469766
6158.0,0.0004051520526623712
6158.400000000001,0.00011759489148241091
6158.8,0.00033969533279217705
6159.200000000001,2.1725448854550322e-05
6159.6,5.5322753789216995e-05
6160.0,0.0008670061773990575
6160.400000000001,0.00016165600148831437
6160.8,3.587896875241037e-05
6161.200000000001,0.0011314541681951098
6161.6,0.0007668659799544633
6162.0,1.0833012466477638e-05
6162.400000000001,2.2961857751753582e-05
6162.8,0.000378288921692194
6163.200000000001,0.0006524377011242816
6163.6,0.00011208750678479368
6164.0,9.362344846546253e-05
6164.400000000001,0.00011446950905601376
6164.8,0.00021410705879639093
6165.200000000001,0.0006806979974297734
6165.6,0.0001934609119075411
6166.0,0.00043681562983639724
6166.400000000001,0.0004086303981437682
6166.8,2.4926210142084704e-05
6167.200000000001,6.344340008635036e-07
6167.6,0.00010979650394766279
6168.0,0.0007644245021381407
6168.400000000001,0.0010370886127058178
6168.8,0.0005464744449853354
6169.200000000001,0.0009856904536840554
6169.6,1.8157520324383032e-05
6170.0,0.0003617182231541905
6170.400000000001,0.00021980302075261365
6170.8,8.583814042645231e-05
6171.200000000001,0.0003827259977645239
6171.6,0.0005814282591998511
6172.0,1.0008560945689495e-05
6172.400000000001,0.0008801049032714403
6172.8,0.0004036806031267387
6173.200000000001,0.0006595923778612359
6173.6,8.185559261651716e-05
6174.0,3.9609428702579966e-05
6174.400000000001,7.685832993810845e-05
6174.8,0.0013092087688021648
6175.200000000001,8.264821686931726e-05
6175.6,2.418192657471944e-05
6176.0,0.00028222879029970283
6176.400000000001,0.0002720206918276071
6176.8,0.0007772503016274482
6177.200000000001,0.0004946676314302995
6177.6,0.0006870625939436833
6178.0,1.5103395490864144e-05
6178.400000000001,8.913810109940024e-05
6178.8,0.00020239759495078378
6179.200000000001,0.00015908711732496266
6179.6,0.0004731594155137445
6180.0,0.0003386316902361457
6180.400000000001,8.558796033360213e-05
6180.8,0.0003073008240222445
6181.200000000001,0.0004184996662440454
6181.6,0.0003278172747938039
6182.0,8.404326071350408e-05
6182.400000000001,0.000987535642952674
6182.8,0.00023385730858131842
6183.200000000001,0.0001416318198925661
6183.6,6.108022882209681e-05
6184.0,0.0003403091326833953
6184.400000000001,0.0004760536473689659
6184.8,0.0001282071449113124
6185.200000000001,0.00020408555055745142
6185.6,0.00021356904434677076
6186.0,0.0009080534260990201
6186.400000000001,0.00015638708733094713
6186.8,0.0006998891516748979
6187.200000000001,0.00010005135528286463
6187.6,0.00010482973913917732
6188.0,0.001120854400636066
6188.400000000001,0.0003812900159956575
6188.8,0.0003022279264932261
6189.200000000001,0.0002468840565910586
6189.6,7.359714619863925e-05
6190.0,0.0003229358008295425
6190.400000000001,0.00045100961206473027
6190.8,0.0005028013508047157
6191.200000000001,0.00017558866445367005
6191.6,0.0018375696131170054
6192.0,0.000641039009538156
6192.400000000001,7.642930271946672e-05
6192.8,0.00013786882860521109
6193.200000000001,0.001005408862992168
6193.6,0.0005722002534461673
6194.0,0.00017670776483229194
6194.400000000001,0.0006644076604379026
6194.8,0.0004403965383023686
6195.200000000001,0.0005282965448319438
6195.6,0.0018139960290962749
6196.0,2.9696748595116825e-05
6196.400000000001,3.892401059465573e-05
6196.8,0.0002373720646600281
6197.200000000001,8.133511148979418e-05
6197.6,0.0003583055715156213
6198.0,0.00016486541270065657
6198.400000000001,0.0005650768436913827
6198.8,0.0003496333029704121
6199.200000000001,3.543808612605057e-05
6199.6,7.331917213987379e-05
6200.0,0.00038576268187109105
6200.400000000001,0.0004194585084323494
6200.8,6.423893312046365e-05
6201.200000000001,0.0006249768188444601
6201.6,0.00028395554303778863
6202.0,0.00029159474667538043
6202.400000000001,0.0003398791109482571
6202.8,1.3737474276019705e-05
6203.200000000001,0.000460590479079976
6203.6,8.93989099033397e-05
6204.0,0.000295746830148015
6204.400000000001,0.00014145294148819277
6204.8,0.00033679465654344045
6205.200000000001,0.00016893316784769957
6205.6,0.00019256830047308587
6206.0,0.0003177263656906298
6206.400000000001,2.256610261566841e-06
6206.8,0.0002993832965805702
6207.200000000001,0.00023456394188309216
6207.6,3.36099725704514e-05
6208.0,0.00021667687088621022
6208.400000000001,0.0006003448996488694
6208.8,2.535962462187339e-05
6209.200000000001,4.508337524748529e-05
6209.6,0.0011426587481086128
6210.0,0.00041066724154263846
6210.400000000001,0.00014196354183599713
6210.8,0.00045210021994096674
6211.200000000001,0.00036493188170287687
6211.6,9.05138448186952e-05
6212.0,0.00023064864702057234
6212.400000000001,0.00031017759136265375
6212.8,0.00030712660986193397
6213.200000000001,0.0008257260162527703
6213.6,0.0007278180865984862
6214.0,0.0004668648778106329
6214.400000000001,0.0007816306668344744
6214.8,0.0005350300673200837
6215.200000000001,2.4293759183805762e-05
6215.6,0.00030665752977538583
6216.0,8.557356892603986e-06
6216.400000000001,0.00011006831518710064
6216.8,5.7946837973244373e-05
6217.200000000001,0.00017556541541377343
6217.6,0.00035262793101552823
6218.0,0.00033609246159145106
6218.400000000001,0.0007900846395628668
6218.8,0.00039920880717866426
6219.200000000001,0.0010090800966236011
6219.6,0.0017417614044734897
6220.0,0.0008308518309387252
6220.400000000001,0.00017847165102049894
6220.8,0.0008307435412135551
6221.200000000001,0.0003052810762352058
6221.6,3.078286060793638e-05
6222.0,5.145914125343576e-05
6222.400000000001,0.00019283065234561303
6222.8,0.0006305816172150853
6223.200000000001,0.0002021395208621068
6223.6,4.847401330368073e-05
6224.0,0.0005459222740693477
6224.400000000001,0.0008155760198481979
6224.8,0.0005566802596417382
6225.200000000001,0.00037825475424844177
6225.6,0.00026053807941189643
6226.0,9.382931243441623e-05
6226.400000000001,0.00010786038695637988
6226.8,9.17222288624508e-05
6227.200000000001,0.00038047651241312206
6227.6,0.00018965041273230762
6228.0,0.0008159953358451953
6228.400000000001,0.00013255512738630376
6228.8,9.129907585597258e-05
6229.200000000001,0.00016049918295827495
6229.6,0.00011936842001498673
6230.0,0.0007638265978335693
6230.400000000001,0.0006169525132594931
6230.8,7.969345512432798e-05
6231.200000000001,0.00041182453539371524
6231.6,0.00024975286613121835
6232.0,3.4231588999086057e-06
6232.400000000001,0.00023513356129420735
6232.8,5.50367517578038e-06
6233.200000000001,8.659030590587575e-05
6233.6,3.364452754141431e-05
6234.0,0.0011212910862414547
6234.400000000001,0.00023804088003529845
6234.8,2.619150387082356e-05
6235.200000000001,0.000756126654570042
6235.6,0.00026700736991342713
6236.0,0.0004230326315583442
6236.400000000001,6.422921682031309e-07
6236.8,0.0003063724237410719
6237.200000000001,2.3867368396251995e-06
6237.6,0.00036863367368623906
6238.0,0.000291657630130041
6238.400000000001,0.0011688270731558528
6238.8,0.00011016558023052614
6239.200000000001,0.0008326418427201015
6239.6,0.0007261439217917608
6240.0,4.545552626618858e-05
6240.400000000001,0.0009869895344044226
6240.8,5.511394206363571e-05
6241.200000000001,0.0003404353055677455
6241.6,0.0008823266228374682
6242.0,0.0006681618015470362
6242.400000000001,0.00010554866290396908
6242.8,0.0007189370334719258
6243.200000000001,0.0008504700774165226
6243.6,0.0004206637579523999
6244.0,0.00010649201436002688
6244.400000000001,0.00022716555857397002
6244.8,0.0013195603240637379
6245.200000000001,0.0005161950676709048
6245.6,0.00031538198245104965
6246.0,0.0001968020844441818
6246.400000000001,2.3641864162037514e-05
6246.8,0.0006771161355881061
6247.200000000001,0.0010318826793069408
6247.6,0.0006707916195856634
6248.0,2.9095882388913654e-05
6248.400000000001,4.353228196378648e-05
6248.8,0.0008003460536580682
6249.200000000001,0.0008003332224274052
6249.6,0.0002837259330719442
6250.0,0.00027296331126060543
6250.400000000001,0.0006423516285930463
6250.8,0.0009910664205912663
6251.200000000001,0.0002732592024623982
6251.6,0.00043686877228188013
6252.0,0.00015391449611164298
6252.400000000001,0.00021036247693123096
6252.8,5.9827183259438774e-05
6253.200000000001,0.0002421218564964163
6253.6,0.0009322410176284503
6254.0,2.976035547075351e-07
6254.400000000001,0.00026710278764772305
6254.8,0.0002020711175799053
6255.200000000001,0.00037452885301697395
6255.6,0.0014346757980531581
6256.0,0.000471614046511078
6256.400000000001,0.0002749277426692708
6256.8,0.000385438783806036
6257.200000000001,0.0004639081479151408
6257.6,0.00047877215456717154
6258.0,3.838171323166364e-05
6258.400000000001,3.328529081832563e-05
6258.8,0.00011956951909877943
6259.200000000001,5.890669728711774e-05
6259.6,6.384032394994648e-05
6260.0,4.584426403547877e-05
6260.400000000001,0.00021953569867631695
6260.8,6.85867046789926e-05
6261.200000000001,0.0007658447123803551
6261.6,0.0010474293350360834
6262.0,0.0003075561666225457
6262.400000000001,8.966092850696301e-05
6262.8,2.789141487200686e-05
6263.200000000001,0.0013758689703378961
6263.6,0.000472663947472775
6264.0,0.00040228957430635883
6264.400000000001,0.00023069196215082482
6264.8,8.210117762812211e-05
6265.200000000001,4.477562916583912e-05
6265.6,0.0020534646933989737
6266.0,0.001047482050480366
6266.400000000001,0.00029928487420434664
6266.8,0.00011420479648424166
6267.200000000001,8.889871697311184e-05
6267.6,8.588366078974283e-05
6268.0,7.936925262865776e-05
6268.400000000001,0.0003148057888027806
6268.8,6.556672430996468e-05
6269.200000000001,0.00012984487427986446
6269.6,0.0002220231909550977
6270.0,0.00040614141680171386
6270.400000000001,0.0011128199691501715
6270.8,0.0008477766381065665
6271.200000000001,2.786356738673054e-05
6271.6,0.000470830995384829
6272.0,0.0002308752465594155
6272.400000000001,9.26028446561896e-05
6272.8,0.00020920504500721707
6273.200000000001,0.0001400075816820582
6273.6,0.00035439453700612973
6274.0,8.878661023537697e-05
6274.400000000001,7.641948643603344e-05
6274.8,0.0004868218567367678
6275.200000000001,0.00044188676586440857
6275.6,0.0003177856604192238
6276.0,1.1132031976566924e-06
6276.400000000001,0.0006053853887623001
6276.8,6.968097143859551e-05
6277.200000000001,0.00036008490721124514
6277.6,0.00021277270485745383
6278.0,5.198819507683779e-05
6278.400000000001,0.000176020178870321
6278.8,5.5817131624693e-05
6279.200000000001,9.563150591211367e-05
6279.6,0.0010008101229352973
6280.0,0.00019839538532809154
6280.400000000001,0.000278896899057333
6280.8,0.0009825573621924729
6281.200000000001,0.0003256237810451508
6281.6,0.0009822416753692722
6282.0,0.0004300699181433033
6282.400000000001,0.0003050403585175328
6282.8,0.00020049845995548997
6283.200000000001,0.00040831787743003645
6283.6,0.0005530987869681105
6284.0,0.00029144566699077726
6284.400000000001,6.828780853706764e-05
6284.8,0.00042687486554275844
6285.200000000001,0.00014354927162010093
6285.6,0.0005440693827686315
6286.0,0.00016891489499683483
6286.400000000001,0.0021551421232609636
6286.8,0.00016222946737862534
6287.200000000001,0.0011272748629244794
6287.6,0.0011859808348537258
6288.0,6.0232329398153714e-05
6288.400000000001,0.00035590032474425176
6288.8,0.00023187201132816835
6289.200000000001,0.0001553959461614627
6289.6,8.806585767262111e-05
6290.0,1.8829249311197323e-05
6290.400000000001,1.3481726873693697e-05
6290.8,0.0002428317868225631
6291.200000000001,0.0011481549935322475
6291.6,1.2227183249705984e-05
6292.0,0.000592427547415034
6292.400000000001,0.00011537097974472278
6292.8,0.0002635603522751097
6293.200000000001,0.0013979842157198507
6293.6,0.00035050672331668513
6294.0,0.0006087847693279489
6294.400000000001,0.001661151665823593
6294.8,0.0004023257472829995
6295.200000000001,0.00010657144050308933
6295.6,0.0002775885496176734
6296.0,0.001026753600835811
6296.400000000001,6.747007576359177e-05
6296.8,7.890673661848833e-05
6297.200000000001,0.0004312667988565025
6297.6,0.0006075591025986565
6298.0,0.0003514038928221277
6298.400000000001,0.00014661397573310247
6298.8,0.0010020342581491966
6299.200000000001,6.947337770486517e-06
6299.6,0.0004981764765456255
6300.0,0.0003260377074672747
6300.400000000001,0.0002429894382731432
6300.8,0.0001174692018544834
6301.200000000001,0.0001296718676559523
6301.6,6.699373067739134e-05
6302.0,0.00015896224808525632
6302.400000000001,0.0004776530520934661
6302.8,0.00018459730064416212
6303.200000000001,3.190486572199576e-06
6303.6,6.937710039484359e-05
6304.0,0.00013474283630361648
6304.400000000001,1.515112922571261e-05
6304.8,9.579964049830692e-05
6305.200000000001,8.49137215328077e-05
6305.6,0.00015610428045667355
6306.0,0.0008834197496378376
6306.400000000001,0.00026552441929515426
6306.8,0.00015184791409100773
6307.200000000001,9.17513190908331e-05
6307.6,0.0008667058930688532
6308.0,5.1781603768593414e-05
6308.400000000001,1.80524993426709e-05
6308.8,0.00029329349267409377
6309.200000000001,0.00029011707144714307
6309.6,0.00035723297426902464
6310.0,0.00022844455312005088
6310.400000000001,0.00034133539753395303
6310.8,0.00030020141927327457
6311.200000000001,0.0003441290808383859
6311.6,9.788764854344385e-05
6312.0,0.00032869393956339515
6312.400000000001,5.012692773958708e-05
6312.8,0.00017932655087597542
6313.200000000001,0.00010025076539627556
6313.6,0.00026208060292454334
6314.0,8.315345284956588e-05
6314.400000000001,0.00023568652346494913
6314.8,0.0010979320058086357
6315.200000000001,0.001339173631318782
6315.6,7.357311345787623e-05
6316.0,8.289603593098016e-05
6316.400000000001,0.00012162703299107665
6316.8,3.6448000853461222e-06
6317.200000000001,0.0008907158239932956
6317.6,9.034741363032841e-05
6318.0,6.961745514228573e-05
6318.400000000001,0.000424618984095427
6318.8,6.861009645766395e-05
6319.200000000001,0.0012805480500468604
6319.6,0.0002855999032786292
6320.0,0.0017256847425429164
6320.400000000001,0.0008519506297514133
6320.8,0.000372762769692683
6321.200000000001,0.00026560528778527974
6321.6,0.00026568164018726315
6322.0,8.296376257366842e-05
6322.400000000001,0.000766546837297301
6322.8,0.00028258025297112446
6323.200000000001,0.0001814423223239679
6323.6,0.00029119374618979477
6324.0,0.00045319931791119124
6324.400000000001,0.0002586900626898862
6324.8,0.00021151195444318112
6325.200000000001,0.00018045153858111575
6325.6,0.0010292249143201023
6326.0,9.64962679086953e-05
6326.400000000001,0.00046582842755028695
6326.8,0.0003061022605460199
6327.200000000001,0.0005892623044679993
6327.6,0.000411190460724185
6328.0,0.0005010865511894014
6328.400000000001,8.067656293119221e-06
6328.8,0.0009418650937005317
6329.200000000001,6.880960927883405e-05
6329.6,0.00013870842689179129
6330.0,9.50080052896318e-05
6330.400000000001,0.00011355503437634427
6330.8,0.00015800708222167648
6331.200000000001,0.0008279912940704136
6331.6,0.00043168324733312765
6332.0,0.00041975547835896795
6332.400000000001,0.0011624285366627176
6332.8,9.08519776576705e-05
6333.200000000001,0.0006592713237680135
6333.6,1.77727596237201e-05
6334.0,9.269117146902978e-05
6334.400000000001,0.0005749986012162423
6334.8,0.0002073982792857123
6335.200000000001,0.0002555757098369014
6335.6,0.00024160104341432742
6336.0,0.00044456284667446824
6336.400000000001,1.0741364788374793e-05
6336.8,0.00034836815931502937
6337.200000000001,0.0003306852881264614
6337.6,0.0006283055332488933
6338.0,0.0006782165614348848
6338.400000000001,3.709100989980188e-05
6338.8,0.000622651038575134
6339.200000000001,0.00022081300350552444
6339.6,5.1061568674828694e-05
6340.0,0.0006310614358218555
6340.400000000001,0.0006260963334694135
6340.8,0.0009183361326689494
6341.200000000001,0.00010526747499373497
6341.6,0.0010152593523728357
6342.0,0.0011354228373063443
6342.400000000001,0.0003335016723738543
6342.8,2.2010013682058193e-05
6343.200000000001,8.9523468747695e-05
6343.6,1.9875486787889825e-05
6344.0,0.000220901880707321
6344.400000000001,7.892397378678808e-05
6344.8,9.580860433518122e-05
6345.200000000001,0.00022337602546179937
6345.6,0.00022633834207507934
6346.0,0.00036630502088547335
6346.400000000001,6.698104551610864e-05
6346.8,2.5843213831806763e-05
6347.200000000001,8.091888219663443e-05
6347.6,0.0010646430301749412
6348.0,5.459296315166075e-05
6348.400000000001,0.0002659755938729799
6348.8,0.00016172263766661002
6349.200000000001,4.6022016550237046e-05
6349.6,0.0005467545584572298
6350.0,3.835207291474931e-05
6350.400000000001,0.00018333481312965367
6350.8,7.458291685582138e-05
6351.200000000001,0.0008107156753805443
6351.6,0.00044547492891773555
6352.0,0.00013085467937387833
6352.400000000001,0.000376484794016412
6352.8,0.0006006474180197144
6353.200000000001,0.0005723271505013334
6353.6,0.00017796430139674043
6354.0,0.00047394339162527084
6354.400000000001,0.0007105609301273152
6354.8,0.0006473277782927941
6355.200000000001,3.508561908006322e-05
6355.6,0.0009715228686891179
6356.0,0.00017662617808283522
6356.400000000001,0.0006546699679193764
6356.8,0.0004024625331747373
6357.200000000001,0.0005427904248173221
6357.6,2.452859947806342e-05
6358.0,0.00014830999961418272
6358.400000000001,1.0476095415604906e-05
6358.8,2.9642793231155997e-05
6359.200000000001,0.0013557090887127837
6359.6,8.735728448281323e-05
6360.0,0.00013011170900426375
6360.400000000001,3.8192626421797094e-05
6360.8,4.7697407052224705e-05
6361.200000000001,0.0005474008138957879
6361.6,5.8969243453008686e-05
6362.0,0.0014067901046122865
6362.400000000001,0.001100072483024985
6362.8,0.0013208331418359677
6363.200000000001,0.00018109546052432873
6363.6,0.00031927087481297295
6364.0,2.5438286183938485e-05
6364.400000000001,2.0820238139191825e-05
6364.8,0.0003477873950501847
6365.200000000001,4.696636136579182e-05
6365.6,0.00037222964283449133
6366.0,0.0012856859035148113
6366.400000000001,0.0002689765717050455
6366.8,0.0003925684508299381
6367.200000000001,0.0002877292761261147
6367.6,0.00029403695497608314
6368.0,0.00018005203399612638
6368.400000000001,0.0005759661793903509
6368.8,0.00014365575651612103
6369.200000000001,0.00032608668183989304
6369.6,0.000300589445896166
6370.0,0.0003375148164661389
6370.400000000001,0.00048289761460938415
6370.8,8.755525593827417e-05
6371.200000000001,0.0003304378225845939
6371.6,5.544936248086818e-05
6372.0,0.00032316013442981956
6372.400000000001,0.0006772307926845778
6372.8,2.3120614285342617e-05
6373.200000000001,0.0004093989748400926
6373.6,0.0005671394919013062
6374.0,0.0006368726591271829
6374.400000000001,0.00020268449190839478
6374.8,0.0014254131963824784
6375.200000000001,5.4610994071023685e-05
6375.6,4.6494679078764e-05
6376.0,0.00010741216610270145
6376.400000000001,2.4439055695924128e-05
6376.8,0.00016073470952277435
6377.200000000001,0.00048450442271953816
6377.6,0.0003402969917561279
6378.0,0.00021102271213166378
6378.400000000001,6.684828989218822e-05
6378.8,0.0014925818077081707
6379.200000000001,7.40600858668014e-06
6379.6,0.000621573524170909
6380.0,0.0003141744753524353
6380.400000000001,0.00018583485630342493
6380.8,0.00024319261945475205
6381.200000000001,0.000807831734016532
6381.6,0.00031894095470627815
6382.0,0.0009929171955916029
6382.400000000001,7.0402418642252e-05
6382.8,0.000327959875265273
6383.200000000001,5.472179609836014e-05
6383.6,0.0001637221281394074
6384.0,0.0002089734996493917
6384.400000000001,8.722691430701616e-05
6384.8,0.0005372137803345518
6385.200000000001,0.00034713059657598866
6385.6,0.0010598232029712304
6386.0,0.00020540043219201756
6386.400000000001,0.0001149951510965531
6386.8,0.0001492356717342144
6387.200000000001,0.00010101612516382732
6387.6,0.0009756758128889914
6388.0,0.0005785225809890295
6388.400000000001,0.00020414825924337725
6388.8,0.0003439235322410263
6389.200000000001,3.575498518101961e-05
6389.6,5.2890414932826966e-05
6390.0,0.00016201381696220985
6390.400000000001,0.0007509254932665721
6390.8,0.0010805041291770975
6391.200000000001,0.00016100336368591009
6391.6,0.00025998422403597255
6392.0,4.2508277870698436e-05
6392.400000000001,0.00026310488951239214
6392.8,0.0016335876891477585
6393.200000000001,0.00046443856750334495
6393.6,0.00020257995268431914
6394.0,9.090377800692698e-05
6394.400000000001,0.00014989438124995153
6394.8,0.0005101484960977914
6395.200000000001,0.00034963302065418416
6395.6,0.00015856747034767075
6396.0,2.0704192457624717e-05
6396.400000000001,1.886239674640463e-05
6396.8,1.066501879124772e-05
6397.200000000001,0.00036114587994665867
6397.6,0.00015562027123641942
6398.0,0.0002203819407794392
6398.400000000001,1.0337611209283116e-05
6398.8,0.0006690455594924582
6399.200000000001,3.0018101757912402e-05
6399.6,3.9441772649693694e-05
6400.0,0.0019753051000103664
6400.400000000001,0.00020948363803966735
6400.8,0.0001480377956860681
6401.200000000001,0.00014943838255759988
6401.6,0.0006542268700499793
6402.0,0.0012848985175408438
6402.400000000001,2.5699988856061123e-06
6402.8,0.0010729367876989807
6403.200000000001,0.00034031509976089827
6403.6,8.064182619465837e-05
6404.0,0.0004363600749366815
6404.400000000001,0.0009405645587045613
6404.8,0.00043337007238203286
6405.200000000001,1.7197347758320684e-05
6405.6,0.00010168670443520998
6406.0,8.497104396619664e-06
6406.400000000001,2.1053623202707758e-05
6406.8,0.0006964458256434027
6407.200000000001,0.000769505605350636
6407.6,0.0010245443650306243
6408.0,0.0004491591690957113
6408.400000000001,0.0009481163201510852
6408.8,2.0635243876199364e-05
6409.200000000001,0.00028492724602269487
6409.6,3.831150053944003e-05
6410.0,0.00041042199499615714
6410.400000000001,2.3495719421577196e-05
6410.8,0.00047018572871763135
6411.200000000001,1.342511120808285e-05
6411.6,0.00031039966044856204
6412.0,0.000601280583683444
6412.400000000001,0.0012614411706676114
6412.8,0.00045189941800014336
6413.200000000001,0.00021458795010955467
6413.6,0.00042041136604537076
6414.0,0.00014404340311390825
6414.400000000001,0.0004417778250565242
6414.8,0.0001502923120108958
6415.200000000001,0.000494740252743111
6415.6,0.0008868708711478002
6416.0,4.8462319717600415e-05
6416.400000000001,0.00017348391805859783
6416.8,0.0005286868778184243
6417.200000000001,0.00014010045042503043
6417.6,6.886512603428792e-05
6418.0,0.0010867750960845825
6418.400000000001,0.0006271406887921713
6418.8,0.00017177683536816337
6419.200000000001,0.0011177339263327617
6419.6,0.00025735014996726505
6420.0,0.00017731421814046557
6420.400000000001,0.0002572924734831732
6420.8,3.6346446481604876e-05
6421.200000000001,0.000747456300788605
6421.6,0.0005628457363280288
6422.0,0.0011582470093039242
6422.400000000001,6.075529465510259e-06
6422.8,0.00015098789602331126
6423.200000000001,0.0010361896920138094
6423.6,0.000622716452395751
6424.0,0.0003433736323753499
6424.400000000001,0.00014173912952671942
6424.8,5.601189168117226e-05
6425.200000000001,0.0001876868727480348
6425.6,0.00044987125724320294
6426.0,5.278824980118795e-06
6426.400000000001,0.001222785399305085
6426.8,0.0004274473204652909
6427.200000000001,0.0010103535746066412
6427.6,0.00014775620952136746
6428.0,0.00023596500147148708
6428.400000000001,0.0003343667218621395
6428.8,0.001263302881817981
6429.200000000001,9.645026974630369e-05
6429.6,0.0002822709594174977
6430.0,0.0001732432953579426
6430.400000000001,0.0001905035412326843
6430.8,0.00018509676189814247
6431.200000000001,0.0008403485282390861
6431.6,6.718780307348309e-05
6432.0,0.0008891698443627835
6432.400000000001,0.00013090146730777863
6432.8,2.5639101679097103e-06
6433.200000000001,0.00022345463517414667
6433.6,1.8528570600677825e-05
6434.0,0.00013322800174758582
6434.400000000001,0.0002041954356553012
6434.8,5.6580862784691554e-05
6435.200000000001,0.00016817758551883306
6435.6,6.805237406200406e-05
6436.0,1.1848931416355206e-05
6436.400000000001,5.2146851774117654e-05
6436.8,0.00026714134940492766
6437.200000000001,0.00045005895828676047
6437.6,0.00029842502816537043
6438.0,0.00011962210851619547
6438.400000000001,0.0004994858879903702
6438.8,0.0009780064710175052
6439.200000000001,0.00037277216729529535
6439.6,0.0009856556002584339
6440.0,0.00023631146604088913
6440.400000000001,0.00015980713722171602
6440.8,0.0011560002956400577
6441.200000000001,0.000310064173480328
6441.6,0.00014460929681568948
6442.0,7.696561170315537e-05
6442.400000000001,0.000146712719579743
6442.8,0.00032618803738645373
6443.200000000001,0.00011295972710731967
6443.6,0.0007618346920647511
6444.0,0.0003170590934579452
6444.400000000001,0.0005019676553980127
6444.8,7.979275699671374e-05
6445.200000000001,0.0004975067816886105
6445.6,0.0005973428632543103
6446.0,0.0003991360000408076
6446.400000000001,0.0002962643598625918
6446.8,0.0005112657458938051
6447.200000000001,0.00021530189977760127
6447.6,6.237148268553767e-05
6448.0,4.395597574973575e-05
6448.400000000001,0.001093285174594688
6448.8,0.0011315862989464695
6449.200000000001,2.2671134749054505e-05
6449.6,0.0001239682982616301
6450.0,0.0002213858078168656
6450.400000000001,2.884855815040986e-05
6450.8,0.00029052007431972475
6451.200000000001,0.00022328014836204855
6451.6,9.718658074674242e-05
6452.0,0.0003745024472116813
6452.400000000001,0.00012749261322868083
6452.8,0.0002008695354260918
6453.200000000001,0.0004976274944466828
6453.6,0.00033530245565021455
6454.0,0.00019505897696191674
6454.400000000001,1.048853326140485e-06
6454.8,8.41084276076405e-05
6455.200000000001,0.00024573286075169065
6455.6,0.00015301076880396006
6456.0,0.00031134335208627697
6456.400000000001,0.0006096286755340692
6456.8,0.0007944731456237458
6457.200000000001,0.00010757405952008775
6457.6,0.00020187523435797727
6458.0,0.00028222054459771677
6458.400000000001,3.918352180929608e-05
6458.8,3.3938401629786536e-05
6459.200000000001,8.251670764482197e-05
6459.6,0.0001111187037826506
6460.0,0.0005107055363794993
6460.400000000001,3.9414084488929966e-06
6460.8,0.0002906788771240091
6461.200000000001,5.651285888831413e-06
6461.6,0.00012538263982498631
6462.0,0.00025777683372535154
6462.400000000001,0.00048541527216112025
6462.8,0.0002806778650691713
6463.200000000001,4.3435132799462765e-05
6463.6,0.00025411174833842216
6464.0,1.754864406545517e-05
6464.400000000001,0.0005188303031639154
6464.8,0.0010081227178113646
6465.200000000001,4.349222880544174e-05
6465.6,7.950372105022589e-05
6466.0,0.0006313254024510705
6466.400000000001,0.0011840735978450344
6466.8,0.0012070666157227498
6467.200000000001,0.00011204496228551568
6467.6,0.00019600336229677295
6468.0,0.00017784441150975764
6468.400000000001,0.00012325281127288358
6468.8,0.00019895822733284488
6469.200000000001,8.587496162028438e-05
6469.6,0.0001305442768928289
6470.0,0.0011109228678948166
6470.400000000001,0.0003996645916287141
6470.8,0.00035095154456450754
6471.200000000001,5.1588229469810546e-05
6471.6,1.8455780955319146e-05
6472.0,0.00036626272820900277
6472.400000000001,0.00013512184320133654
6472.8,3.0864915809967367e-06
6473.200000000001,0.00048499316734249796
6473.6,0.0011269204787133337
6474.0,1.5248167488371846e-05
6474.400000000001,0.00012358065777822773
6474.8,0.000371514579741905
6475.200000000001,0.0009966082245381886
6475.6,0.00023811716358246808
6476.0,0.00028886693501439857
6476.400000000001,2.343914216260706e-05
6476.8,0.000570329073294188
6477.200000000001,0.0003449703421498645
6477.6,0.0003527382448206959
6478.0,0.0007900641734848913
6478.400000000001,0.000811886878819986
6478.8,0.0002198735327462406
6479.200000000001,0.00010365639163939467
6479.6,0.0009584390176189221
6480.0,0.00021962800455758047
6480.400000000001,0.00023677718651757745
6480.8,0.000989357770743273
6481.200000000001,0.00024100413980909232
6481.6,4.7467816182535644e-05
6482.0,0.0003488820520920681
6482.400000000001,0.0005469366008271318
6482.8,0.00016115836421218892
6483.200000000001,0.0004422483117950685
6483.6,0.0008478745714737119
6484.0,0.0003043592860597942
6484.400000000001,0.0019634472081573127
6484.8,0.00016893292223595392
6485.200000000001,0.0009686968252198736
6485.6,0.00025618443226626967
6486.0,0.0007899821175406035
6486.400000000001,0.0005154550223092129
6486.8,0.0003574481572102057
6487.200000000001,8.724900736142277e-05
6487.6,0.0002224199293547016
6488.0,5.3363512850097124e-05
6488.400000000001,0.00025074103156469196
6488.8,5.832260035442053e-05
6489.200000000001,0.0004256206381403227
6489.6,0.00014742024616786763
6490.0,0.00029101699336488704
6490.400000000001,0.0012429694684019362
6490.8,0.00020773103107687448
6491.200000000001,0.0006939541549909452
6491.6,0.00018078660072865104
6492.0,0.00016476836761595494
6492.400000000001,0.0002324881185657308
6492.8,0.0001347720472519411
6493.200000000001,0.00047109625410212937
6493.6,0.0001498494858037787
6494.0,0.0012716082468626838
6494.400000000001,6.570590269677762e-05
6494.8,3.624213179114454e-05
6495.200000000001,0.00032997284549449033
6495.6,0.0010944887527262093
6496.0,4.753298642574957e-05
6496.400000000001,1.3144469316745305e-05
6496.8,0.0007686412375412426
6497.200000000001,0.0006668933098117024
6497.6,0.0004143496989324526
6498.0,0.0005754845588091355
6498.400000000001,0.00012589691585839156
6498.8,0.0004847523030925819
6499.200000000001,0.00032501206777361377
6499.6,0.0006275429286106096
6500.0,0.00021339577596647167
6500.400000000001,0.00036218277940587644
6500.8,0.0003177590208957005
6501.200000000001,0.0001225005471880563
6501.6,0.0007407712946255296
6502.0,0.0002861439963411406
6502.400000000001,0.0001516851623871307
6502.8,0.0005011256742015775
6503.200000000001,7.410427087433579e-05
6503.6,0.00013987926275709392
6504.0,0.00011196338466283919
6504.400000000001,0.00018909927723708542
6504.8,0.00037341432674492243
6505.200000000001,0.00043992226394675153
6505.6,0.0010045564236339424
6506.0,0.00045197707980003724
6506.400000000001,7.958778680014322e-06
6506.8,0.0003551531561817374
6507.200000000001,0.001575218323669674
6507.6,3.578454243442095e-05
6508.0,3.919490219190371e-05
6508.400000000001,0.0005461358887414832
6508.8,0.00024466426227660616
6509.200000000001,4.913679436651373e-05
6509.6,0.00021177104571595742
6510.0,0.00011750635232299162
6510.400000000001,0.00011914510169008711
6510.8,0.0003942050338603676
6511.200000000001,6.244435304729845e-05
6511.6,0.00021901281581256953
6512.0,0.0002894355240532633
6512.400000000001,9.033718616076005e-05
6512.8,0.00016407515659177673
6513.200000000001,0.001118256552179744
6513.6,0.00010742734882958257
6514.0,0.0007174412691252824
6514.400000000001,0.0003109762371237285
6514.8,1.3709853731069531e-05
6515.200000000001,0.0005195251155786382
6515.6,0.000270154017409663
6516.0,0.0002929377954473872
6516.400000000001,8.862749213694571e-05
6516.8,0.00019907976776610848
6517.200000000001,0.00010871082331200482
6517.6,0.00010524265275166131
6518.0,0.0010061894177160725
6518.400000000001,0.0002916484100767327
6518.8,8.543331279565812e-05
6519.200000000001,0.000507422281993811
6519.6,0.0001298813211140968
6520.0,0.00019560598725292056
6520.400000000001,0.0001719067436039611
6520.8,0.0010686533569996299
6521.200000000001,0.0005398439169596919
6521.6,0.0008254599079439689
6522.0,0.0014102771590397798
6522.400000000001,0.0008013353221692914
6522.8,0.000349122314014046
6523.200000000001,0.0006148608155937853
6523.6,0.00046534395471915275
6524.0,0.0001509660809717322
6524.400000000001,9.637678505150208e-05
6524.8,2.6537119945168666e-05
6525.200000000001,0.00011499723681307727
6525.6,0.00041641003803146473
6526.0,0.0010146291929190635
6526.400000000001,1.0199042978176946e-05
6526.8,5.708552496274356e-05
6527.200000000001,0.000795384126928881
6527.6,0.00013971671547234154
6528.0,0.0007474493853104237
6528.400000000001,0.00060729960406247
6528.8,0.0006049786110054114
6529.200000000001,0.0002224249024746404
6529.6,0.0008157356348021585
6530.0,0.00034929800114221014
6530.400000000001,0.00017815345662243955
6530.8,0.00042872251104048736
6531.200000000001,0.0002417838957027938
6531.6,1.1602380496566695e-05
6532.0,0.0002617571133028377
6532.400000000001,3.525417127307838e-05
6532.8,0.00018183402111634407
6533.200000000001,5.5076765447746094e-05
6533.6,0.0009980099591756135
6534.0,0.00013162513376659254
6534.400000000001,0.00032626588292328056
6534.8,0.0005219802263794106
6535.200000000001,0.0005287502742810547
6535.6,0.00039778782070977394
6536.0,5.354028127952742e-06
6536.400000000001,0.00045397176910491377
6536.8,0.0006509758325352195
6537.200000000001,0.0003923772487965138
6537.6,3.6693536566792205e-06
6538.0,0.00018108030517578093
6538.400000000001,0.00016440413234384248
6538.8,0.0002818931598252341
6539.200000000001,0.0019433844418589392
6539.6,0.00033165009002015936
6540.0,0.001168827510260873
6540.400000000001,0.00019463216758559802
6540.8,0.00018541886120566908
6541.200000000001,0.00013406108399052668
6541.6,0.00041798943103890657
6542.0,0.00010407335641999113
6542.400000000001,0.00019965445470899993
6542.8,0.0004575641639258452
6543.200000000001,4.0102535347185436e-05
6543.6,2.074286941389215e-05
6544.0,0.00017374987465755055
6544.400000000001,0.00017310186251148841
6544.8,0.000633028611228205
6545.200000000001,0.00021646735352801093
6545.6,0.0002881414356678195
6546.0,9.052671369331611e-05
6546.400000000001,0.0005075131698004028
6546.8,0.0007686733863491355
6547.200000000001,0.0001276850209962554
6547.6,8.778819332243619e-05
6548.0,5.024781331585138e-05
6548.400000000001,0.00023560376559567575
6548.8,0.0009003747287778928
6549.200000000001,0.00042263187888198035
6549.6,8.292087019416034e-06
6550.0,0.0007714872004125128
6550.400000000001,1.624394246652973e-06
6550.8,3.980742043935059e-06
6551.200000000001,1.5494437469952642e-05
6551.6,0.00014697302204490163
6552.0,1.6235293202568882e-05
6552.400000000001,8.971318947452574e-05
6552.8,0.0004342037934867449
6553.200000000001,0.0004353632601194834
6553.6,0.0014242147941583045
6554.0,3.440123983740592e-05
6554.400000000001,5.355314865407667e-05
6554.8,1.8890113056937968e-05
6555.200000000001,0.00029221788696915556
6555.6,4.217903763900592e-05
6556.0,0.00017470755271345337
6556.400000000001,0.0011896221657672005
6556.8,0.0002902710059550708
6557.200000000001,0.0004884170883332718
6557.6,0.00033987734150265074
6558.0,0.00021379363764289526
6558.400000000001,0.001524550316784296
6558.8,0.00041791164579955536
6559.200000000001,0.00045375424441322263
6559.6,0.00011703014657140136
6560.0,0.00014074329763946188
6560.400000000001,0.000686496555849207
6560.8,0.00012199799788915602
6561.200000000001,0.00022682763190336145
6561.6,0.00020171288214692373
6562.0,0.0006086340866477194
6562.400000000001,9.302333123004585e-05
6562.8,0.0005624140627663313
6563.200000000001,1.1045691086715283e-05
6563.6,0.000193550758597907
6564.0,0.00022525584761201784
6564.400000000001,0.0005200157456445721
6564.8,8.560284377356111e-05
6565.200000000001,0.000644864130098669
6565.6,0.0001883020918455299
6566.0,3.880725899434127e-05
6566.400000000001,9.091766287318182e-05
6566.8,0.00021573798945301653
6567.200000000001,0.002927424358322696
6567.6,4.9350680592797404e-05
6568.0,0.0005558941650406598
6568.400000000001,0.0001893146578154041
6568.8,0.0004109264677255356
6569.200000000001,5.1880992458250195e-06
6569.6,9.009233680128142e-05
6570.0,0.00033888116022786464
6570.400000000001,0.000848340751607232
6570.8,0.0005220879110963077
6571.200000000001,0.00043523456567470565
6571.6,0.0001869877940315508
6572.0,0.0006010471821263945
6572.400000000001,0.00013071632584606791
6572.8,0.0003029076709068405
6573.200000000001,0.0003564470831817921
6573.6,4.6111946935246727e-05
6574.0,0.00020312464119995088
6574.400000000001,0.00018681571290318736
6574.8,0.0002779123900880861
6575.200000000001,0.00038855858066841857
6575.6,5.034283639076343e-05
6576.0,0.0010534265696047836
6576.400000000001,3.23532681255286e-05
6576.8,0.0010549484392622277
6577.200000000001,0.00014627677786194904
6577.6,0.0002601250795873904
6578.0,5.448366960131022e-06
6578.400000000001,0.0002700627151855115
6578.8,0.0010647209022181686
6579.200000000001,0.00045866600397943374
6579.6,0.00012705437612925581
6580.0,0.00011110909272200477
6580.400000000001,4.296395948009119e-05
6580.8,0.00021185416091783926
6581.200000000001,0.00032856405352205186
6581.6,0.0003075177575166016
6582.0,0.00011792640150778989
6582.400000000001,0.00015340699064180196
6582.8,0.00025443481894491866
6583.200000000001,0.0008254935925980349
6583.6,0.0005365300186223101
6584.0,0.0008174490616514957
6584.400000000001,0.0005522800560003004
6584.8,0.0007258113303782564
6585.200000000001,0.00016488082334532012
6585.6,0.0006308985086790485
6586.0,0.0003499396437865308
6586.400000000001,0.00011513352679194004
6586.8,0.0002018824192548076
6587.200000000001,0.0001665392350594734
6587.6,0.0006319302603583103
6588.0,0.00029178639309234046
6588.400000000001,0.00020096431262713166
6588.8,0.00025663482486771097
6589.200000000001,0.000168298770209935
6589.6,0.0008658052426038977
6590.0,4.0793967705535035e-05
6590.400000000001,0.00016766826702493457
6590.8,0.0012258129715897882
6591.200000000001,0.00010034046239544027
6591.6,0.0012291243151676978
6592.0,4.3011994262503294e-05
6592.400000000001,0.0010172568476550018
6592.8,0.00025995443273886564
6593.200000000001,0.0007820203947983046
6593.6,0.0003276457013041599
6594.0,6.460769178039165e-05
6594.400000000001,0.0005540451997462393
6594.8,2.213703658288427e-06
6595.200000000001,4.918026966212637e-05
6595.6,0.00028549224221020516
6596.0,0.00035585426491395575
6596.400000000001,0.00010308305468753983
6596.8,0.000595118143384166
6597.200000000001,6.14146075340033e-06
6597.6,0.00029831945263043515
6598.0,0.000371948241021754
6598.400000000001,3.861316461484799e-05
6598.8,0.0011171526811344732
6599.200000000001,9.842825845388736e-06
6599.6,0.0002727570314576442
6600.0,9.75387408511157e-05
6600.400000000001,1.2315973262870398e-05
6600.8,0.00020872423605114603
6601.200000000001,0.00017315686726231095
6601.6,0.00011695829432069301
6602.0,4.5696183163111717e-05
6602.400000000001,0.0001236175723991952
6602.8,0.0012870191188364757
6603.200000000001,0.0005258989618190648
6603.6,0.0002124160702823601
6604.0,0.00021642977436261434
6604.400000000001,0.0007355463257129713
6604.8,0.00047025608782088626
6605.200000000001,0.0009153430493656463
6605.6,0.0010295460613703126
6606.0,0.000420350938577687
6606.400000000001,0.0004984205546728279
6606.8,0.0002436968706653295
6607.200000000001,2.8017862740376284e-05
6607.6,3.6827094513756434e-06
6608.0,0.00030912340368397
6608.400000000001,0.0001251289355695814
6608.8,0.0006526912526594292
6609.200000000001,1.3595572211973467e-05
6609.6,0.0003001143750457687
6610.0,0.0004155249903477708
6610.400000000001,0.0019506697844460612
6610.8,0.00026765760544505615
6611.200000000001,0.00020692223513812719
6611.6,0.0008314943887550752
6612.0,0.00044236789437840016
6612.400000000001,4.217850585768361e-05
6612.8,0.0003692094113190294
6613.200000000001,0.000536075029390487
6613.6,0.00017258739248902498
6614.0,5.118654883031983e-05
6614.400000000001,0.00021478276332237255
6614.8,0.0019000883095711628
6615.200000000001,0.00039253834120134653
6615.6,0.0002467109066532729
6616.0,0.0005151945880464408
6616.400000000001,0.00035003687835305394
6616.8,0.000184268838132635
6617.200000000001,0.00014238088428404722
6617.6,6.7069173086562225e-06
6618.0,0.0008192553929324213
6618.400000000001,7.734904789468261e-05
6618.8,0.0011696142806882596
6619.200000000001,0.0006831543020849895
6619.6,0.0005712411283553239
6620.0,0.00011815919550757983
6620.400000000001,0.00028061697543445264
6620.8,0.0001495848952643059
6621.200000000001,0.00012220904155723367
6621.6,0.0004166061363988825
6622.0,0.00040132465912320734
6622.400000000001,1.284973256817176e-05
6622.8,0.00021229066919119312
6623.200000000001,0.0002729753942327613
6623.6,4.868489777263797e-05
6624.0,0.0008153338191611957
6624.400000000001,0.0001516907456852361
6624.8,0.0002960571641713833
6625.200000000001,0.00039275849790432015
6625.6,0.0004446761632390927
6626.0,0.00042402850637179233
6626.400000000001,0.0011141869622193188
6626.8,0.0007439810902623664
6627.200000000001,0.00039472833416604906
6627.6,0.00013423847859295263
6628.0,2.8079785787404908e-05
6628.400000000001,0.00022823317478754598
6628.8,4.43513220725974e-05
6629.200000000001,4.383389247072612e-05
6629.6,4.8580286018173036e-06
6630.0,0.0017394240635404217
6630.400000000001,0.001006228814380223
6630.8,0.002717917647692821
6631.200000000001,0.0006293744558790158
6631.6,1.0781472319417326e-05
6632.0,0.0003092860780336734
6632.400000000001,0.0003442847162973656
6632.8,0.0005078555411750628
6633.200000000001,0.0008849948180497054
6633.6,0.00017133085362657958
6634.0,0.00014772212541828544
6634.400000000001,0.0003743645315964535
6634.8,0.0002496671093811017
6635.200000000001,0.00010003517184495257
6635.6,1.077911058551146e-05
6636.0,0.0006718532322189456
6636.400000000001,0.000513906478692393
6636.8,0.0012399164518872012
6637.200000000001,0.00012629827608159333
6637.6,6.257767139678972e-05
6638.0,0.00012028863933268541
6638.400000000001,4.161073791927102e-05
6638.8,0.00010721903004995321
6639.200000000001,0.0010845041542358162
6639.6,0.000462839696992773
6640.0,0.00010080724215393799
6640.400000000001,0.00015410787632681304
6640.8,1.7154767712179454e-05
6641.200000000001,0.0004989473191579024
6641.6,0.001036622312165245
6642.0,0.00010745830027524685
6642.400000000001,0.00016385211928828208
6642.8,0.0008708932752894495
6643.200000000001,0.0001672755604411292
6643.6,7.925250105829775e-05
6644.0,0.0004961011713091021
6644.400000000001,0.0002530237705499728
6644.8,1.2061315842966893e-05
6645.200000000001,0.001493621306897849
6645.6,5.999177038599212e-05
6646.0,0.00017140469029304107
6646.400000000001,0.00014221176843831713
6646.8,0.0003787299439042959
6647.200000000001,0.00017838199793497055
6647.6,1.8645744261604832e-06
6648.0,9.980645744916027e-05
6648.400000000001,0.0002150229921107715
6648.8,3.217114404907906e-05
6649.200000000001,0.0006501404251445057
6649.6,0.00019535890176200862
6650.0,0.0001719357009209945
6650.400000000001,0.00010892086269500104
6650.8,6.0203202426321446e-05
6651.200000000001,0.0007096324648230609
6651.6,0.001197494933677627
6652.0,0.00042913602351951266
6652.400000000001,0.00031966547882767457
6652.8,0.000668261769809234
6653.200000000001,0.0001675933772172219
6653.6,0.0007758362149188413
6654.0,0.00010613182762618882
6654.400000000001,0.0006133668826170509
6654.8,0.0004454537339138571
6655.200000000001,0.0006683466705285137
6655.6,1.6443223435028788e-05
6656.0,0.00022615319891850367
6656.400000000001,0.001472896848442775
6656.8,3.5811817457811504e-05
6657.200000000001,1.7021595306884217e-05
6657.6,0.0010218555408378076
6658.0,3.0044410443993115e-06
6658.400000000001,0.0005197668269935993
6658.8,0.0012914804076708973
6659.200000000001,5.8645349639568496e-05
6659.6,1.4544311461740605e-05
6660.0,0.00023190552463886924
6660.400000000001,0.0002705866552900133
6660.8,0.0012129060532385886
6661.200000000001,0.00013738881705552172
6661.6,0.00047838383447176326
6662.0,0.0005833033678459521
6662.400000000001,7.116377437236706e-05
6662.8,0.0010854589279231325
6663.200000000001,0.000249504600729458
6663.6,0.00020750711450223146
6664.0,0.0009974896149425923
6664.400000000001,0.00016853458318603985
6664.8,0.0006692829508958551
6665.200000000001,0.0007435821608515095
6665.6,0.0011560371835195545
6666.0,0.0007874571180646889
6666.400000000001,0.00037617389899387353
6666.8,0.00020396987867555975
6667.200000000001,0.0007652806861652427
6667.6,0.0005280700748474022
6668.0,0.000733801316059965
6668.400000000001,0.0010778671744558236
6668.8,0.0010480767993255396
6669.200000000001,0.00042190201534977705
6669.6,0.0001970810216291992
6670.0,0.00016730714638541172
6670.400000000001,0.001257788448950101
6670.8,0.0001089313292006503
6671.200000000001,4.1738407091204685e-05
6671.6,0.00011037315534488848
6672.0,6.39800371339483e-05
6672.400000000001,6.529788441836153e-05
6672.8,2.0803698813219585e-05
6673.200000000001,0.00047872451893035136
6673.6,0.0012433570962182136
6674.0,9.831358501060215e-05
6674.400000000001,2.407353397640657e-06
6674.8,0.00021964311791167941
6675.200000000001,0.00016607422989697515
6675.6,6.286365462261886e-05
6676.0,0.00030315055197440344
6676.400000000001,0.0001179502995688652
6676.8,0.0005463967182595285
6677.200000000001,4.6723056216172376e-05
6677.6,0.0009921800260966039
6678.0,0.00010240257264656924
6678.400000000001,0.0008986357284149834
6678.8,6.569301427848804e-05
6679.200000000001,0.00011054891096263422
6679.6,0.00013694997703493384
6680.0,0.0001704938439823315
6680.400000000001,0.0002769722367363457
6680.8,0.00024392077758725398
6681.200000000001,1.781280851633249e-05
6681.6,0.00042793188614644365
6682.0,0.00013548313857058309
6682.400000000001,0.0006088168096165702
6682.8,6.362387493682827e-05
6683.200000000001,0.0016246663157549188
6683.6,0.000122543288334531
6684.0,0.0011074055765944097
6684.400000000001,0.0008999727777613095
6684.8,0.000438005983131906
6685.200000000001,0.0006114760853330904
6685.6,7.674634440030629e-05
6686.0,2.0510218594485796e-05
6686.400000000001,0.00011171920236146572
6686.8,0.0002170012496932795
6687.200000000001,0.0004089415412745211
6687.6,0.00021201497388084083
6688.0,0.000667371868502583
6688.400000000001,0.0006373383993045887
6688.8,0.0001800267523082094
6689.200000000001,0.00023357109912446676
6689.6,0.00020084875954774244
6690.0,0.0001241298299203214
6690.400000000001,0.0012125588003331115
6690.8,0.0006323687613641784
6691.200000000001,0.00022588019504570701
6691.6,3.354702639429627e-05
6692.0,0.0001310115982595744
6692.400000000001,0.0001841557093753706
6692.8,0.0016802059521300518
6693.200000000001,0.0004862345540783598
6693.6,2.094747265762753e-05
6694.0,0.00018541026383805996
6694.400000000001,0.0002726810432990827
6694.8,0.00027390895324440567
6695.200000000001,0.00027937475330822465
6695.6,0.00046229833151964576
6696.0,0.00023490208409958021
6696.400000000001,5.070592895435777e-05
6696.8,7.419680367634359e-05
6697.200000000001,9.325449601090886e-05
6697.6,0.00013864888232863973
6698.0,9.567896740148799e-05
6698.400000000001,0.00010729823445099468
6698.8,0.0003970797929394565
6699.200000000001,2.4722891189425687e-05
6699.6,5.4483716110286094e-05
6700.0,0.0011800001661172114
6700.400000000001,0.0008215845275832331
6700.8,0.0004116137217336859
6701.200000000001,0.0002885131701692672
6701.6,0.00042531837181750294
6702.0,0.0009150574254559286
6702.400000000001,8.220403747123338e-05
6702.8,0.00016236064194808273
6703.200000000001,0.0009257467713380672
6703.6,0.000431757330103623
6704.0,0.0003005825400037979
6704.400000000001,0.00019725146992144658
6704.8,0.000595244025284975
6705.200000000001,0.000781608478966925
6705.6,5.392706095507431e-05
6706.0,5.2207733552657836e-05
6706.400000000001,1.1865237006166756e-05
6706.8,1.3678323109013981e-05
6707.200000000001,0.0003346244680046364
6707.6,2.844940088887421e-05
6708.0,0.0002833987448467033
6708.400000000001,0.000847581469662104
6708.8,0.000261113949287619
6709.200000000001,1.523958472003673e-05
6709.6,2.78059186143973e-05
6710.0,0.0007466948209765826
6710.400000000001,1.020218434403012e-06
6710.8,3.6603001763815936e-05
6711.200000000001,5.229252135744818e-05
6711.6,0.0002894454444541943
6712.0,0.00015837274819931828
6712.400000000001,0.0007890761442697279
6712.8,0.00019307181415671514
6713.200000000001,0.00037060296098001506
6713.6,0.0009569396031878724
6714.0,2.7462771177798987e-05
6714.400000000001,8.158892952736303e-05
6714.8,0.0005822238383595338
6715.200000000001,0.000687142921912823
6715.6,0.0010016105984270497
6716.0,0.0008026261637034674
6716.400000000001,0.0001027889524397878
6716.8,0.0011778198652530227
6717.200000000001,0.00010278767404805185
6717.6,0.0007356241923494755
6718.0,6.828091946284053e-05
6718.400000000001,0.0008839096708394055
6718.8,0.0005879263259208015
6719.200000000001,0.0006797152099583147
6719.6,0.0007466874717646335
6720.0,0.0007446382587216198
6720.400000000001,0.0001242877817162811
6720.8,0.0003012059301786052
6721.200000000001,0.0007073416315030957
6721.6,0.0005773442802360599
6722.0,0.0004873261844922132
6722.400000000001,2.2935326856296027e-05
6722.8,8.82232001107259e-05
6723.200000000001,2.323296540399049e-05
6723.6,8.752221973267434e-05
6724.0,0.0009838929817048085
6724.400000000001,0.0006849653127164793
6724.8,0.0015311442780336847
6725.200000000001,0.0013183967155486124
6725.6,0.0008248146361158084
6726.0,0.0006200554792963717
6726.400000000001,5.427464075711691e-05
6726.8,0.0004724063914023686
6727.200000000001,7.679450501376926e-05
6727.6,0.00015864870036859155
6728.0,0.0006439832660378504
6728.400000000001,0.0006762354225236175
6728.8,2.4405104528311246e-05
6729.200000000001,0.0006976544440968507
6729.6,0.00020070068047359197
6730.0,0.0004583154555955225
6730.400000000001,0.0003356124967419505
6730.8,0.00043914824121321253
6731.200000000001,8.432317371770312e-05
6731.6,0.0004702216243566675
6732.0,0.00022671610857703085
6732.400000000001,0.000107334792208451
6732.8,0.00040197253868225246
6733.200000000001,0.0015055057958415197
6733.6,0.0002179198964768357
6734.0,9.907988026981318e-05
6734.400000000001,2.9166025030485265e-06
6734.8,9.950457130944576e-06
6735.200000000001,0.0002835547591148441
6735.6,0.00022675187157676895
6736.0,0.00023840291937751815
6736.400000000001,0.0006817272839014882
6736.8,0.0005670569314041336
6737.200000000001,0.0013962747624479553
6737.6,0.00034527703950745065
6738.0,4.4385552316307086e-05
6738.400000000001,0.0002547782271785748
6738.8,4.100751832023321e-05
6739.200000000001,0.0001355369770509382
6739.6,0.00012456856168836526
6740.0,0.0006745259265879217
6740.400000000001,0.00038325341784514776
6740.8,0.00021403945756703674
6741.200000000001,4.277342403078406e-05
6741.6,0.0006343135183217241
6742.0,0.00016678987208318738
6742.400000000001,0.0002076220906913671
6742.8,0.0003543630167078205
6743.200000000001,0.00032369341695248573
6743.6,0.0005634816235196925
6744.0,0.000502537817887812
6744.400000000001,5.584343112390025e-06
6744.8,1.833860328021972e-05
6745.200000000001,3.745233210290697e-05
6745.6,0.0004351027818348863
6746.0,0.00047010106695865813
6746.400000000001,1.9294884092006894e-05
6746.8,4.126009754510091e-05
6747.200000000001,0.00020401875477124145
6747.6,2.5908282997904813e-06
6748.0,9.126319183140343e-05
6748.400000000001,0.00026745656058300293
6748.8,0.00014741925954171655
6749.200000000001,0.00042831126185318514
6749.6,0.00020930207449232057
6750.0,9.66141385638269e-05
6750.400000000001,6.941696854377158e-05
6750.8,0.0002704211726882092
6751.200000000001,0.00017594314442170522
6751.6,0.00014983576918190143
6752.0,0.000660993917804446
6752.400000000001,0.00010044737574858965
6752.8,3.4873364708205e-05
6753.200000000001,0.00023092452712040416
6753.6,0.00021780231066314813
6754.0,0.00024607741171119257
6754.400000000001,0.0005530660730283841
6754.8,0.00036732061672023274
6755.200000000001,0.0008389797867362042
6755.6,0.0002623519673400037
6756.0,0.00044245418141415844
6756.400000000001,7.540318309438005e-05
6756.8,0.002049022063648632
6757.200000000001,0.0008678147190952014
6757.6,0.0006882077264261652
6758.0,7.406728293066886e-05
6758.400000000001,0.000419573496080374
6758.8,0.0003186438998882619
6759.200000000001,0.00021769522598614425
6759.6,0.0012018777377678224
6760.0,0.0003611123884610701
6760.400000000001,0.0001828459597151031
6760.8,0.0006711302953703043
6761.200000000001,0.0003412738727603331
6761.6,0.0001370884203319437
6762.0,0.00036299290183367216
6762.400000000001,0.00031023335766255
6762.8,5.0803685980222595e-06
6763.200000000001,2.1551567198049095e-05
6763.6,0.0002275700859029095
6764.0,0.0017183795123438153
6764.400000000001,0.0003810087013946459
6764.8,0.0010059920710432015
6765.200000000001,0.00012887360846033677
6765.6,0.0004900312081748651
6766.0,0.0008308642084795426
6766.400000000001,6.548136721708175e-05
6766.8,0.0016886518650561992
6767.200000000001,7.419954193581407e-05
6767.6,0.000868639097515515
6768.0,0.0011259065127436688
6768.400000000001,0.0002534284149288967
6768.8,0.0003446387210654161
6769.200000000001,0.00022814789226093874
6769.6,0.0005810259750799587
6770.0,0.000371550064454498
6770.400000000001,0.00011492574707647402
6770.8,0.00021637176425555511
6771.200000000001,3.15345775676807e-05
6771.6,0.000828032661335764
6772.0,0.0005159638473210241
6772.400000000001,8.585712917127182e-05
6772.8,7.506514835065422e-05
6773.200000000001,0.00016018963332622505
6773.6,0.0002450694808546256
6774.0,8.811888240028149e-05
6774.400000000001,0.00019347990922925822
6774.8,0.00037423619641092286
6775.200000000001,9.747445089882366e-05
6775.6,0.00010214510471097159
6776.0,0.0007625202715525448
6776.400000000001,0.0006178214579959133
6776.8,5.993101107169226e-05
6777.200000000001,0.0003449893755091523
6777.6,0.00016232933172158297
6778.0,0.0002065297404951026
6778.400000000001,0.0012589006483073302
6778.8,6.433428084371712e-05
6779.200000000001,6.81643234204613e-05
6779.6,0.0012576789606567667
6780.0,0.0004895557261816885
6780.400000000001,0.00015585529129752036
6780.8,2.9425936395339493e-05
6781.200000000001,0.0004052096171120216
6781.6,0.00023122447956327655
6782.0,0.00040613606800097993
6782.400000000001,0.00016806657981369212
6782.8,2.244089598726774e-05
6783.200000000001,0.00014103924813964065
6783.6,0.00023157475719263405
6784.0,5.7542131383119986e-05
6784.400000000001,0.0006878554486358721
6784.8,0.00011491358052856035
6785.200000000001,0.00034097871640427865
6785.6,0.0005373782656722661
6786.0,0.0002975656224647277
6786.400000000001,0.0005335472976344305
6786.8,0.0006341726795979636
6787.200000000001,2.409854944468758e-05
6787.6,0.0003988708952861794
6788.0,0.00022980590717114671
6788.400000000001,0.0003291461457030723
6788.8,4.421609348983294e-05
6789.200000000001,0.0001935873752655394
6789.6,6.158671494618285e-05
6790.0,0.00011571211748893695
6790.400000000001,0.0011927685014686152
6790.8,0.0001023054185812918
6791.200000000001,0.00036301380308966674
6791.6,0.00018247098022095956
6792.0,0.00027913651895003315
6792.400000000001,0.0005264111121675812
6792.8,0.00017527401682806954
6793.200000000001,8.144525386126829e-05
6793.6,8.694549751171759e-05
6794.0,0.0006476687837236157
6794.400000000001,1.6000780458996593e-06
6794.8,0.0002645365171523501
6795.200000000001,0.0003729732500675988
6795.6,0.00014518302647748165
6796.0,0.0004724925985659417
6796.400000000001,0.0001156782759011495
6796.8,0.00015667916132393664
6797.200000000001,0.0005404911935626871
6797.6,0.0005294313756809882
6798.0,0.0014716691665381213
6798.400000000001,0.00028075411368119697
6798.8,3.3643845820748533e-05
6799.200000000001,0.00014754402856951044
6799.6,7.81157558330208e-05
6800.0,0.000126682465212489
6800.400000000001,0.00023982234234540368
6800.8,0.0006294776729734198
6801.200000000001,9.270928054671148e-05
6801.6,0.0012077716728508936
6802.0,0.00035235119720188355
6802.400000000001,0.00022930931941958615
6802.8,0.00013100945177876513
6803.200000000001,0.0008969103015284448
6803.6,0.0003311640457450191
6804.0,5.603025703135791e-05
6804.400000000001,0.00022111297937520667
6804.8,0.000177688966487428
6805.200000000001,5.315313200218828e-05
6805.6,1.9374984949115762e-05
6806.0,0.00016661823546641147
6806.400000000001,0.000500326974703032
6806.8,0.0001325158307779477
6807.200000000001,0.001085939378279533
6807.6,0.0005963336456680432
6808.0,0.0001654381141248705
6808.400000000001,0.0001251666813219092
6808.8,7.948313354966557e-06
6809.200000000001,0.0001957626556222939
6809.6,0.00043546790623380207
6810.0,0.00020982630431690675
6810.400000000001,0.0005552851192326142
6810.8,0.0007205890101017522
6811.200000000001,4.829388375782911e-05
6811.6,0.00022995056508345974
6812.0,1.4318255447589013e-05
6812.400000000001,0.00011918965281585737
6812.8,0.0011100542597252709
6813.200000000001,0.00014175582684946357
6813.6,3.181598701995885e-05
6814.0,0.0002220965504538559
6814.400000000001,2.4454500334807183e-06
6814.8,0.00048255234891157105
6815.200000000001,0.0003781600301137125
6815.6,0.0003639273752082257
6816.0,7.576136225171073e-05
6816.400000000001,0.0005900535844702808
6816.8,0.0001707868554844369
6817.200000000001,0.0004991315089974051
6817.6,0.00017779246134452765
6818.0,0.001352754157073476
6818.400000000001,0.00018812005140507134
6818.8,0.0010163102339087971
6819.200000000001,0.0004854950691587005
6819.6,0.00031944307826739597
6820.0,0.001195980411650173
6820.400000000001,0.00026166027233062066
6820.8,0.00023378381447462007
6821.200000000001,0.0002195739410342537
6821.6,5.1706570114495444e-05
6822.0,0.00012195885785996355
6822.400000000001,0.00013583855348566856
6822.8,0.00014262563615041274
6823.200000000001,0.00023779245095056326
6823.6,0.0005435826937173618
6824.0,0.000597530295783219
6824.400000000001,0.00023734626408895208
6824.8,0.00022998356895785605
6825.200000000001,0.00024365027805419752
6825.6,0.00020277432922905853
6826.0,5.240715879844764e-05
6826.400000000001,0.0001639877815203723
6826.8,7.245813332706941e-05
6827.200000000001,0.0013445902939886623
6827.6,0.0007404373124269563
6828.0,0.0007826533265028695
6828.400000000001,0.0007644713122062728
6828.8,0.0004847719188284914
6829.200000000001,2.612492003395598e-06
6829.6,0.00015257312524610494
6830.0,5.2311714532011305e-05
6830.400000000001,0.00013013358410390456
6830.8,6.890619795631071e-05
6831.200000000001,0.000627597717950817
6831.6,0.001080223272557225
6832.0,0.00013752528207755814
6832.400000000001,0.000531642601925342
6832.8,0.0008755809443339927
6833.200000000001,0.0004544238409046046
6833.6,0.0009562290017011916
6834.0,4.0467777795911944e-05
6834.400000000001,0.00025623456215746607
6834.8,0.00017932666750814936
6835.200000000001,0.00012657221457701838
6835.6,0.00015646463933970491
6836.0,5.2032009596098e-05
6836.400000000001,0.00012211628737171033
6836.8,0.0004106667414038592
6837.200000000001,0.0006036661101999481
6837.6,0.0004334834157336768
6838.0,1.5296378738102072e-05
6838.400000000001,0.0001418454593508374
6838.8,0.0007897677288176602
6839.200000000001,0.00022434903926397574
6839.6,0.0018617235834998448
6840.0,0.0004824493657469791
6840.400000000001,8.560271088343641e-05
6840.8,0.00038248141921231894
6841.200000000001,2.3543998722491977e-05
6841.6,8.583606340967707e-05
6842.0,0.00018022374788767803
6842.400000000001,0.0006842148285487669
6842.8,5.222431343790069e-06
6843.200000000001,0.0005943052796135969
6843.6,0.0006371900638588515
6844.0,0.00023581368753003833
6844.400000000001,0.0005182373999204915
6844.8,0.00044674733849263875
6845.200000000001,0.0001221424548415999
6845.6,0.0004935605883891562
6846.0,5.744706589919548e-05
6846.400000000001,0.0017718170995949564
6846.8,7.705528380538792e-05
6847.200000000001,5.495937022336383e-05
6847.6,5.103719021827119e-05
6848.0,0.00019283147103617358
6848.400000000001,0.00028920509371874057
6848.8,0.00024241541464642245
6849.200000000001,7.552713229417153e-05
6849.6,0.0002208921522682241
6850.0,0.0003843756924504676
6850.400000000001,5.649961038855883e-05
6850.8,0.0003045473207543272
6851.200000000001,0.00034768066119603673
6851.6,0.0001739277269723675
6852.0,0.0003817926530813837
6852.400000000001,0.0005612806627881212
6852.8,0.00038135137857609635
6853.200000000001,0.00010763052279322214
6853.6,0.00019935373761986445
6854.0,0.00013389896254224705
6854.400000000001,2.0012084592387766e-05
6854.8,0.0002134629590160025
6855.200000000001,0.0002798824364551467
6855.6,6.690383892784857e-05
6856.0,0.0001332831143836967
6856.400000000001,5.0646553594616494e-05
6856.8,5.44263301743779e-05
6857.200000000001,0.00028732025583398565
6857.6,3.497130797930533e-05
6858.0,0.0005372655603358887
6858.400000000001,0.0005635387035437953
6858.8,0.00045904288054943307
6859.200000000001,0.00019907407494039022
6859.6,4.3063542120795674e-05
6860.0,0.0002506063060827209
6860.400000000001,0.0007311295204426888
6860.8,0.0001836833688345143
6861.200000000001,0.00030088748827275205
6861.6,0.001280476260136329
6862.0,0.00022380924562610385
6862.400000000001,0.00023275158300394014
6862.8,2.8254992215517086e-05
6863.200000000001,1.6154984312682145e-05
6863.6,2.0206766881787395e-05
6864.0,0.0010495223069032613
6864.400000000001,9.614684093550278e-05
6864.8,0.0002069510173771076
6865.200000000001,6.466650273053329e-05
6865.6,0.0005588248517390797
6866.0,0.00017258029469593977
6866.400000000001,0.0004257884284961485
6866.8,0.0004330012338204653
6867.200000000001,4.1880954046903374e-05
6867.6,0.00018321951424129756
6868.0,0.002512424528799373
6868.400000000001,0.0004986861718754679
6868.8,0.0009292970250065545
6869.200000000001,0.0002009545832347836
6869.6,0.00024067587002389636
6870.0,9.285993157698278e-05
6870.400000000001,0.001197653688050478
6870.8,0.0004149691856270914
6871.200000000001,0.00022729839680712274
6871.6,0.0003348753381726495
6872.0,0.0003509532354667346
6872.400000000001,0.0004944837529968178
6872.8,2.2443384526399527e-05
6873.200000000001,0.0001419237925473168
6873.6,0.0007812225745074286
6874.0,0.00010838920099396866
6874.400000000001,0.0002252479197821923
6874.8,0.00010145010499646173
6875.200000000001,0.00019380390128997442
6875.6,0.00021327677351866563
6876.0,0.00016406074896123878
6876.400000000001,0.000963516255780687
6876.8,0.000691275294845514
6877.200000000001,0.0008251828651209265
6877.6,0.00019507437872432547
6878.0,0.0014461487717543984
6878.400000000001,0.00021851356568231535
6878.8,0.00026106918669988564
6879.200000000001,0.00019854638797295462
6879.6,0.0003260534411634229
6880.0,0.001128733572379003
6880.400000000001,0.0003460504682627136
6880.8,1.263719094094692e-05
6881.200000000001,0.0017315220646789118
6881.6,5.03612452246038e-05
6882.0,0.00011233269637633788
6882.400000000001,0.0001340300867581295
6882.8,0.0007935780590608426
6883.200000000001,0.0007845583141051567
6883.6,8.59535115218549e-06
6884.0,8.283768291583703e-05
6884.400000000001,0.0002912211709448439
6884.8,0.0010350328240977934
6885.200000000001,0.00013380501772504834
6885.6,0.000699809832421348
6886.0,0.001250149790801666
6886.400000000001,6.986667548280332e-05
6886.8,0.0002061821274819306
6887.200000000001,0.0003670583783168827
6887.6,0.0008783167895810396
6888.0,0.0003734972569248323
6888.400000000001,5.62635676921519e-05
6888.8,0.00026404010469075314
6889.200000000001,0.000601054134888606
6889.6,0.0002057905437627443
6890.0,0.0003657317455525482
6890.400000000001,9.266626279474398e-05
6890.8,0.0009710191084541288
6891.200000000001,9.228833233154327e-06
6891.6,0.00040836008844131214
6892.0,0.00038207417865976145
6892.400000000001,0.00013616405093537138
6892.8,2.1454178230166115e-05
6893.200000000001,0.00012407342387949443
6893.6,3.420013248375921e-05
6894.0,0.0012394792627532123
6894.400000000001,0.00017949122548729075
6894.8,0.00022871401611553895
6895.200000000001,0.0007283018270047294
6895.6,0.00048319716386094824
6896.0,0.0009962258495369994
6896.400000000001,0.0003884684559799835
6896.8,0.00027920628291157437
6897.200000000001,0.0003654451841002373
6897.6,8.397175176505627e-05
6898.0,0.00015691828897152933
6898.400000000001,2.8241490363888163e-05
6898.8,0.00014650958260558735
6899.200000000001,5.504172555431168e-05
6899.6,0.00028455594478411404
6900.0,8.546784732725858e-05
6900.400000000001,0.0005872070471816482
6900.8,9.134187104288988e-05
6901.200000000001,6.517621862472839e-05
6901.6,0.00020002207685797764
6902.0,8.880603808631966e-05
6902.400000000001,0.00039036446948662306
6902.8,0.0003425990722656744
6903.200000000001,8.918885122111048e-07
6903.6,0.00012011687382988059
6904.0,0.0011786264241217927
6904.400000000001,0.00010263610905107923
6904.8,0.0002987739582206998
6905.200000000001,1.332780678036114e-05
6905.6,0.00018735679766243918
6906.0,0.00069433592499333
6906.400000000001,0.0001816691066643888
6906.8,0.0002126731632069398
6907.200000000001,0.0007201661940589068
6907.6,0.0015030070764626069
6908.0,0.00034516763707437
6908.400000000001,0.0007129141455743749
6908.8,0.0006371600194297284
6909.200000000001,6.540815833831211e-05
6909.6,6.40288297012895e-05
6910.0,0.001135132106616405
6910.400000000001,0.00032677889224160667
6910.8,4.071863722488439e-05
6911.200000000001,0.0003016073787451231
6911.6,0.000276419307118159
6912.0,0.0016965964090041219
6912.400000000001,0.0007076822221850308
6912.8,0.0002290201070828988
6913.200000000001,2.4642758784217894e-05
6913.6,0.0006638935776108831
6914.0,0.00047495752469983135
6914.400000000001,0.00024469846751475353
6914.8,0.0005342568107215326
6915.200000000001,4.167002263137012e-06
6915.6,0.00035939247086011424
6916.0,0.00041773509740695443
6916.400000000001,7.86989931125509e-05
6916.8,0.0013923531098405109
6917.200000000001,0.00011721618886536147
6917.6,0.001283854496858815
6918.0,0.0002887707024788874
6918.400000000001,6.526503647652294e-05
6918.8,0.0004948017798645302
6919.200000000001,8.105920121613533e-05
6919.6,0.00020527320250087372
6920.0,0.0014568703937625973
6920.400000000001,0.0001541057571407564
6920.8,0.0011702555442640037
6921.200000000001,6.944215946570083e-05
6921.6,0.0007366298628281706
6922.0,0.00013714626638183528
6922.400000000001,0.0005724506473533206
6922.8,4.3303149527473284e-05
6923.200000000001,0.0011174722226391489
6923.6,4.801762519204686e-05
6924.0,0.00046578089738247454
6924.400000000001,0.0001448696569163382
6924.8,0.0004972360369244824
6925.200000000001,0.00023749681690225137
6925.6,0.0004411496425239408
6926.0,0.0001634202717949544
6926.400000000001,6.419687542390148e-05
6926.8,0.00012873612867480246
6927.200000000001,0.00017843139310677627
6927.6,0.00036045890061917204
6928.0,0.00020121715847134272
6928.400000000001,0.0006188853029272094
6928.8,0.00015175252023357064
6929.200000000001,0.000468443248497936
6929.6,2.632486229607802e-05
6930.0,0.0002712793182196368
6930.400000000001,9.06739656095978e-05
6930.8,0.00029207679122835844
6931.200000000001,0.00026510734287661116
6931.6,0.0001272444051467099
6932.0,0.00022371279629850472
6932.400000000001,1.1943096936141931e-05
6932.8,0.00024709754518009095
6933.200000000001,8.68153994269766e-05
6933.6,0.00011595608472989821
6934.0,0.0005006694638584438
6934.400000000001,7.857600566960621e-05
6934.8,0.0005858318656217378
6935.200000000001,6.482060841985645e-05
6935.6,4.695649075847971e-05
6936.0,0.00017169331923574816
6936.400000000001,0.000845568024614846
6936.8,0.0018034635292365263
6937.200000000001,0.0006637264510439367
6937.6,0.00037420362294506926
6938.0,0.0001224524887330875
6938.400000000001,0.00023629680377044345
6938.8,0.0001298793684908291
6939.200000000001,7.912612499388345e-05
6939.6,0.000513098259822174
6940.0,0.00034908049155417045
6940.400000000001,0.00032603972495300537
6940.8,0.00014175048738663
6941.200000000001,0.0017925671107013328
6941.6,0.000666646408688909
6942.0,8.482580561229289e-07
6942.400000000001,0.0003255116559640369
6942.8,0.0003521580308161333
6943.200000000001,0.00020308114578744188
6943.6,0.0005444816687040914
6944.0,0.0003633899389755645
6944.400000000001,0.0006162901973325909
6944.8,9.865043441352173e-05
6945.200000000001,0.00023810318510940332
6945.6,0.0004270042633549931
6946.0,0.0005603918204340584
6946.400000000001,0.00043253667998498365
6946.8,0.0001472336520436966
6947.200000000001,0.0002596844906949759
6947.6,0.00036908293001840535
6948.0,0.0001744497204730312
6948.400000000001,0.000604485923509723
6948.8,0.00035667602544747616
6949.200000000001,0.0003275203177248281
6949.6,0.00023691889019160874
6950.0,4.777356864860488e-05
6950.400000000001,0.0016248465724629283
6950.8,0.00036086224594677747
6951.200000000001,8.575200880210191e-05
6951.6,0.0009884610764940495
6952.0,0.0018239636573236144
6952.400000000001,0.0001480728234299567
6952.8,3.836781565229675e-05
6953.200000000001,1.9657847431702006e-05
6953.6,0.001219994376464568
6954.0,0.00026382845215911605
6954.400000000001,0.00027638969939222646
6954.8,0.0010058363845868272
6955.200000000001,0.0004037159092686515
6955.6,0.0008312635248804574
6956.0,0.00010996392013939437
6956.400000000001,0.00010430774469909845
6956.8,6.043732404754822e-05
6957.200000000001,0.00012811637798476364
6957.6,0.0009722382031224677
6958.0,0.0007195066917104892
6958.400000000001,0.0007572047299190548
6958.8,0.0008383326482439063
6959.200000000001,0.0001571257009699327
6959.6,0.0005277918369338505
6960.0,0.00011402630245667262
6960.400000000001,2.865860947272377e-05
6960.8,7.475802345656229e-05
6961.200000000001,0.0008823043027578195
6961.6,0.001093183050422791
6962.0,0.00019029376315298475
6962.400000000001,0.0004977663972032629
6962.8,9.883981041126431e-05
6963.200000000001,0.0008460772892989529
6963.6,0.00010477587372896595
6964.0,0.0003369913876182952
6964.400000000001,0.000352818731077412
6964.8,0.00011647162008826049
6965.200000000001,8.43023004883195e-05
6965.6,0.00023822111617117597
6966.0,0.00036864626265688353
6966.400000000001,4.8231685769890675e-05
6966.8,0.00021550470068003896
6967.200000000001,1.7908374558780705e-05
6967.6,0.00027671344677991926
6968.0,0.0006520163712525172
6968.400000000001,0.00020792837664757347
6968.8,0.0012724893449878366
6969.200000000001,7.30676992814871e-05
6969.6,0.0006936801051088579
6970.0,0.00013039893942137868
6970.400000000001,0.00014411566667193882
6970.8,0.0004905251196057249
6971.200000000001,0.00017959805956345573
6971.6,0.0013581023892793344
6972.0,5.977283197985287e-05
6972.400000000001,0.0002504582201101666
6972.8,0.0004945288333414617
6973.200000000001,1.3452344860725083e-05
6973.6,0.0008028182075113679
6974.0,0.0006217415042064773
6974.400000000001,0.0002863362227878927
6974.8,0.00026290865494314736
6975.200000000001,0.0003097245102694955
6975.6,3.953307345148417e-07
6976.0,0.0006467617321401309
6976.400000000001,0.0005974343600609054
6976.8,0.0001004241113490663
6977.200000000001,0.0003413138325412137
6977.6,0.00041882953459965725
6978.0,0.001353974366131376
6978.400000000001,0.0007317920467856491
6978.8,3.7913274400858285e-05
6979.200000000001,0.0001499809675900388
6979.6,0.0009711097680492241
6980.0,0.0003446602068573957
6980.400000000001,5.886417784329673e-05
6980.8,9.27191874644642e-05
6981.200000000001,0.00030783520698520335
6981.6,7.433196167496772e-05
6982.0,0.00042763838713378937
6982.400000000001,0.00026040912175995587
6982.8,0.00019611320692509412
6983.200000000001,0.00014498559167981792
6983.6,0.000116416801012016
6984.0,0.0007114367691768056
6984.400000000001,0.0005764467680226474
6984.8,8.702084098793466e-05
6985.200000000001,0.0005535369668386667
6985.6,0.00030963911650330305
6986.0,0.0008080648003243267
6986.400000000001,2.0961767974480387e-05
6986.8,0.0001657572784578998
6987.200000000001,0.00038903556033091657
6987.6,0.0001530825536351889
6988.0,0.00019454026760962244
6988.400000000001,0.0003803762241107868
6988.8,0.00014795878464566616
6989.200000000001,0.00011239675864149483
6989.6,2.4374551021399987e-05
6990.0,7.913436744716035e-05
6990.400000000001,0.00042399010370978854
6990.8,0.00036484174951102906
6991.200000000001,0.0010568474094774078
6991.6,0.00027984259807274035
6992.0,0.0011251832373283179
6992.400000000001,0.0005764502890087523
6992.8,0.00035648967799996133
6993.200000000001,0.00014193028106626078
6993.6,0.00019729449966925217
6994.0,0.0002479404702652352
6994.400000000001,0.000792805095322897
6994.8,0.0002468028637139885
6995.200000000001,0.0001772117150297465
6995.6,0.0002032353671853066
6996.0,0.0003623965737379451
6996.400000000001,8.788801065499195e-05
6996.8,0.0005514347915592495
6997.200000000001,0.0004527569936250305
6997.6,0.0001552739205953287
6998.0,0.00017893401903896897
6998.400000000001,0.000131253160991398
6998.8,0.00029831440211004024
6999.200000000001,0.00010242546170602149
6999.6,3.0126241060628103e-05
7000.0,0.0002191114639710427
7000.400000000001,5.18791814813607e-06
7000.8,0.0005261639109445063
7001.200000000001,6.803342269259297e-05
7001.6,0.00010570121494644612
7002.0,0.0002604643085679076
7002.400000000001,0.0004983119200775505
7002.8,0.00012560255481117166
7003.200000000001,2.5277926359542503e-05
7003.6,0.0007152178807767446
7004.0,6.540955060105975e-06
7004.400000000001,0.000558747697612206
7004.8,0.0008680157296891245
7005.200000000001,0.00017826057781298907
7005.6,0.00030171919237901077
7006.0,0.00020521453848731388
7006.400000000001,0.0003960816047788659
7006.8,0.0006241688124942212
7007.200000000001,3.63152794065973e-05
7007.6,0.0003251738984750765
7008.0,0.0008443270021828122
7008.400000000001,0.0006174513401289133
7008.8,0.0007630494905975281
7009.200000000001,1.604162342271796e-05
7009.6,0.0001471151281007853
7010.0,0.0006891745750021996
7010.400000000001,3.297857271439543e-05
7010.8,0.0012847994126209104
7011.200000000001,5.448130034613219e-05
7011.6,2.0369991988681303e-05
7012.0,0.0008092285026874261
7012.400000000001,0.00047244099277126106
7012.8,0.0002497688658045347
7013.200000000001,0.0002468405373024724
7013.6,0.00045250446791269584
7014.0,0.0002977240664117804
7014.400000000001,0.0002943571291545899
7014.8,0.0005979641044076304
7015.200000000001,7.17865980792037e-05
7015.6,0.00010297617722109487
7016.0,0.0011398737408412486
7016.400000000001,0.00014502921765541628
7016.8,0.0003980355177856554
7017.200000000001,0.00044580931031813195
7017.6,0.0005545602626803237
7018.0,0.0005571870940099283
7018.400000000001,2.9889551711183406e-05
7018.8,0.0010721260294712402
7019.200000000001,0.0001696550316882066
7019.6,0.00017151596456155475
7020.0,0.00017798320722630658
7020.400000000001,0.0009702541650977354
7020.8,0.00010379489338796986
7021.200000000001,0.0006849370307090847
7021.6,3.945311780006388e-05
7022.0,0.0004303656586312811
7022.400000000001,0.0004429773020524807
7022.8,9.677700844011304e-05
7023.200000000001,0.0003445369998856068
7023.6,8.08793937390674e-05
7024.0,0.00023727482839097622
7024.400000000001,0.0001503541437421128
7024.8,0.0010368966960535527
7025.200000000001,0.0005619312002843692
7025.6,0.0002350977546445704
7026.0,0.00034084033798564356
7026.400000000001,5.4087288003425164e-05
7026.8,0.00020205171762311734
7027.200000000001,0.00011084283775517362
7027.6,0.001013861220315938
7028.0,0.0011689954118920853
7028.400000000001,0.0005157120041866512
7028.8,0.00046470143748013077
7029.200000000001,0.0005514841065799986
7029.6,6.735057817802976e-05
7030.0,0.0003551422776590207
7030.400000000001,1.0215501175572529e-05
7030.8,0.000580278440141811
7031.200000000001,0.00022517038060596654
7031.6,0.000375965335854503
7032.0,0.0007137010770166753
7032.400000000001,0.0008503985845787215
7032.8,0.0005139066555357961
7033.200000000001,4.289640191720372e-05
7033.6,0.00022381533715452496
7034.0,0.0004584418868338262
7034.400000000001,0.00010907819435729122
7034.8,2.655018312221681e-05
7035.200000000001,3.722101142889897e-05
7035.6,0.000497810809679811
7036.0,0.0008914972899802778
7036.400000000001,6.890302304334484e-06
7036.8,4.144023996575539e-05
7037.200000000001,0.00039839721794024456
7037.6,7.128042051889113e-05
7038.0,0.0002244149076037593
7038.400000000001,2.6462205346104885e-07
7038.8,0.0002469385567246381
7039.200000000001,0.002472871931181224
7039.6,0.00014159457459838286
7040.0,0.00046156977323293894
7040.400000000001,0.00045009997014874614
7040.8,0.00044361915954106533
7041.200000000001,0.00040698327267192657
7041.6,0.0009741239707675453
7042.0,0.000569748645369744
7042.400000000001,5.159874528265386e-05
7042.8,0.0005772263064073117
7043.200000000001,9.202410562790651e-05
7043.6,6.5122661927773955e-06
7044.0,0.0003027048281531481
7044.400000000001,4.930394417209338e-05
7044.8,0.00010604611296075313
7045.200000000001,7.4766830562309176e-06
7045.6,0.0003074940746861625
7046.0,0.000463914259159675
7046.400000000001,0.0005376775536292645
7046.8,0.0004240439157764018
7047.200000000001,0.00029879275995416213
7047.6,0.00025284308018233304
7048.0,6.44904309458974e-05
7048.400000000001,0.0015387032727002038
7048.8,0.0003992245619780875
7049.200000000001,4.8734878253252134e-06
7049.6,0.0015283770300223703
7050.0,0.00018374029447426553
7050.400000000001,7.91126321234746e-05
7050.8,6.037109632314988e-05
7051.200000000001,0.0005028775197570066
7051.6,8.62432970652024e-06
7052.0,0.0015252508631298093
7052.400000000001,0.00010703497659323238
7052.8,0.0004555572848249151
7053.200000000001,0.00010397218016625076
7053.6,6.254069423872623e-05
7054.0,0.000396995681837299
7054.400000000001,0.00077333840147429
7054.8,0.0009121155614131408
7055.200000000001,2.1106690271998256e-05
7055.6,0.00038424562874325214
7056.0,0.00026209285837040005
7056.400000000001,1.1298648858719932e-05
7056.8,1.70931519915462e-05
7057.200000000001,0.001380308128839812
7057.6,0.00018765357603627527
7058.0,0.00041357298612652773
7058.400000000001,0.0002920854711013688
7058.8,0.00080704364580354
7059.200000000001,1.3659165601429367e-05
7059.6,0.00021510910909578268
7060.0,0.0005481780210432559
7060.400000000001,8.340349296527784e-05
7060.8,0.00012964974299609324
7061.200000000001,2.5384380795255276e-05
7061.6,4.08710337276434e-05
7062.0,2.4673451453772317e-05
7062.400000000001,0.00039797462476240733
7062.8,0.00029545942596355304
7063.200000000001,4.318890793635266e-05
7063.6,2.9078653812252563e-05
7064.0,2.4653193678713667e-05
7064.400000000001,0.0004057180345940044
7064.8,0.00010942088308798413
7065.200000000001,0.000608200246870935
7065.6,0.0008912769459621295
7066.0,0.00017385685784703577
7066.400000000001,0.00040810594803509517
7066.8,5.449465801300571e-06
7067.200000000001,4.22260885740544e-05
7067.6,0.0001427734333142733
7068.0,0.000284126287313399
7068.400000000001,0.0010013865609985032
7068.8,0.00038976751194477456
7069.200000000001,0.0001628607252407823
7069.6,0.0007411040548479076
7070.0,0.0005620941429512141
7070.400000000001,0.0005962288976092188
7070.8,0.0003644536222617551
7071.200000000001,0.0003354922744698843
7071.6,0.0001652808016131409
7072.0,0.001094619353247398
7072.400000000001,0.00043670036629224755
7072.8,0.0003526067261400798
7073.200000000001,8.942072803894855e-05
7073.6,0.00021125944214627027
7074.0,0.0003016144839371436
7074.400000000001,0.00010504623128292384
7074.8,0.0002865482573198618
7075.200000000001,0.0008851959291441593
7075.6,0.00010083487013049217
7076.0,0.00013057622177694878
7076.400000000001,9.911303953826112e-05
7076.8,0.0005313018327313438
7077.200000000001,1.3057021831744702e-05
7077.6,0.00037972696866696743
7078.0,9.249412339896043e-05
7078.400000000001,0.00039303525815966706
7078.8,6.233438119988401e-05
7079.200000000001,0.0020866614783886118
7079.6,3.783917953363328e-05
7080.0,8.004656306784442e-05
7080.400000000001,0.0004793213085414668
7080.8,7.52473866273172e-05
7081.200000000001,7.605298582648331e-05
7081.6,0.00044450882838088974
7082.0,0.0001481317139719489
7082.400000000001,0.00010406365176586855
7082.8,7.059056305869041e-06
7083.200000000001,0.000667732294725874
7083.6,0.00012248074268436177
7084.0,0.0010440626113189504
7084.400000000001,0.0004164782438681685
7084.8,0.00019868206280092374
7085.200000000001,0.00019490367534990863
7085.6,5.845613252804556e-05
7086.0,0.0006824362042943383
7086.400000000001,0.0007284194538597623
7086.8,0.00029886304134727767
7087.200000000001,0.0007278556054497212
7087.6,4.778350375073343e-06
7088.0,0.0006023582336470082
7088.400000000001,0.0006326815648289517
7088.8,3.720586648289846e-05
7089.200000000001,0.0003927271737491227
7089.6,0.00011298249535891709
7090.0,3.860755618775535e-05
7090.400000000001,0.0002767158687632826
7090.8,0.0002589401815571435
7091.200000000001,3.789328068593949e-05
7091.6,0.00039049236905004046
7092.0,0.0003282254171785915
7092.400000000001,5.231065493131749e-05
7092.8,7.647314473830488e-05
7093.200000000001,0.00010768390342777271
7093.6,8.673674104447512e-05
7094.0,4.047810114700912e-06
7094.400000000001,7.572459233693137e-05
7094.8,0.00030024792908011407
7095.200000000001,0.00039809871149519696
7095.6,0.0002057164297981031
7096.0,0.00014437720120989814
7096.400000000001,0.0005418378757533044
7096.8,0.0010844764211258243
7097.200000000001,0.0001812925524909106
7097.6,0.00034699258818685845
7098.0,7.05974847286059e-05
7098.400000000001,3.20942299290121e-05
7098.8,0.0002380523816307227
7099.200000000001,0.00014645595255244985
7099.6,7.523428076895574e-05
7100.0,0.00011704061359542565
7100.400000000001,2.7516741060362227e-05
7100.8,0.0009534382656346684
7101.200000000001,0.0001950780357234534
7101.6,9.20240845548756e-05
7102.0,3.7582210256878626e-05
7102.400000000001,0.00020359728063465884
7102.8,1.8298861414512854e-05
7103.200000000001,0.00031063044937053937
7103.6,0.00010293443762341864
7104.0,0.0004336492967872028
7104.400000000001,0.00010686775540711969
7104.8,0.00010338017283781386
7105.200000000001,0.000836656631311242
7105.6,0.0003248457966560017
7106.0,0.0006647682138276553
7106.400000000001,0.00041314576660559293
7106.8,0.0004181812603811218
7107.200000000001,0.00023079765520449172
7107.6,8.219142321776868e-05
7108.0,0.0014214186054796098
7108.400000000001,0.0007982343950759114
7108.8,0.0004130507751670854
7109.200000000001,0.0002233054440641772
7109.6,0.0010548695328343144
7110.0,5.311796055288639e-05
7110.400000000001,0.00023134296820594431
7110.8,8.324755542317269e-05
7111.200000000001,0.00037423640730407535
7111.6,6.764368194178023e-05
7112.0,0.0005722134243002551
7112.400000000001,0.0002908368934524662
7112.8,0.0004798675973350239
7113.200000000001,0.0013920115715532464
7113.6,0.00016211589744200935
7114.0,3.4040813122174816e-05
7114.400000000001,6.142982428265159e-05
7114.8,0.00011570942803618602
7115.200000000001,8.561098811552712e-05
7115.6,3.082893972662162e-05
7116.0,0.0005210385920055022
7116.400000000001,0.001373910225407339
7116.8,0.000456567703611962
7117.200000000001,0.0001526350530993598
7117.6,0.00029563770171738045
7118.0,0.0008693170347532245
7118.400000000001,0.000766109691848794
7118.8,7.239943377560632e-05
7119.200000000001,3.105517795006966e-05
7119.6,0.0005204798614266364
7120.0,8.468177400328198e-06
7120.400000000001,0.0001440119431634295
7120.8,0.0005584326896411968
7121.200000000001,8.144488238912778e-06
7121.6,0.00033588643842307104
7122.0,9.245104260270951e-05
7122.400000000001,0.0014362694641936514
7122.8,0.0002130676789450883
7123.200000000001,0.001322863805814899
7123.6,0.0007265092694184314
7124.0,0.0004938172054465249
7124.400000000001,0.00013432108425279053
7124.8,4.8335917867398945e-05
7125.200000000001,0.001294396090898045
7125.6,0.000527590691292078
7126.0,0.0003815757690078844
7126.400000000001,0.00023144077810847175
7126.8,1.7086165995957338e-05
7127.200000000001,0.0001751018345002466
7127.6,9.204664174964284e-06
7128.0,0.00047865002493532844
7128.400000000001,0.00018012676047050866
7128.8,0.00017412951072106367
7129.200000000001,1.881769625720856e-05
7129.6,6.855402161239899e-05
7130.0,0.0006839419818997682
7130.400000000001,0.0002869777874569321
7130.8,0.00027887184678593486
7131.200000000001,0.00020235454441826144
7131.6,0.0008312313633060341
7132.0,1.5001848537764129e-05
7132.400000000001,0.0009510374043879237
7132.8,0.0006773800634102925
7133.200000000001,0.0002544385439999812
7133.6,0.0002161906887264778
7134.0,0.00033793385705459695
7134.400000000001,6.905174239887786e-05
7134.8,0.0001037596511050585
7135.200000000001,0.00013445024192595403
7135.6,0.00020704986937990019
7136.0,0.0007153785811025491
7136.400000000001,0.000999114766832138
7136.8,0.0006627143700752108
7137.200000000001,0.00030738978524666937
7137.6,0.0003053995147813265
7138.0,7.449006377723458e-05
7138.400000000001,5.074008341289283e-05
7138.8,0.0006449586867090067
7139.200000000001,0.0003725130603189369
7139.6,0.00023260424799044862
7140.0,4.1012973719938596e-05
7140.400000000001,0.00011254626479691339
7140.8,5.3647267215572196e-05
7141.200000000001,0.00027786049605216256
7141.6,0.0008172751723975754
7142.0,3.643100555593485e-05
7142.400000000001,0.0002821948421881023
7142.8,0.0008879660715516527
7143.200000000001,0.00010931670230718247
7143.6,5.045746857248108e-05
7144.0,0.0006781844532527438
7144.400000000001,0.00018401859194798392
7144.8,0.0003418030181131263
7145.200000000001,0.0004989823551028797
7145.6,0.0006819042134218703
7146.0,0.001255113017127314
7146.400000000001,8.297273963164923e-05
7146.8,0.00010315518636780625
7147.200000000001,0.00011512063068304382
7147.6,0.00025002668354475154
7148.0,0.00017875636435070813
7148.400000000001,2.7974144522170314e-05
7148.8,0.00024206049789399158
7149.200000000001,0.0004376002010023669
7149.6,5.051038877869335e-06
7150.0,0.0001414442795451066
7150.400000000001,0.00022359268144394117
7150.8,0.00038652323272806935
7151.200000000001,0.0005811114959576616
7151.6,4.7853976622126015e-05
7152.0,0.0005996161701009532
7152.400000000001,0.0007128283479853414
7152.8,0.00023820671132693624
7153.200000000001,0.0016026216440300277
7153.6,0.0006447990581857756
7154.0,2.3960978467314958e-05
7154.400000000001,0.00020006998256288266
7154.8,9.40260180697403e-05
7155.200000000001,0.0004798424400332761
7155.6,0.0001306943235779839
7156.0,0.0003329919638925996
7156.400000000001,8.925344006830438e-05
7156.8,0.00034122867558497084
7157.200000000001,0.0007102803661129429
7157.6,2.381004767678733e-05
7158.0,0.0003196395628704758
7158.400000000001,0.000322594625578085
7158.8,5.814034875099594e-05
7159.200000000001,5.886772594402363e-05
7159.6,0.0010491873659733823
7160.0,0.000607353463219495
7160.400000000001,7.598371069770099e-05
7160.8,8.434317256379634e-05
7161.200000000001,0.0007627605777392958
7161.6,0.0004971997604890116
7162.0,6.481338584598662e-05
7162.400000000001,0.0005529044628265966
7162.8,0.0024025851375975766
7163.200000000001,0.0002056701718693478
7163.6,0.0003024645785463363
7164.0,0.00023666904340620613
7164.400000000001,0.00019954926694412426
7164.8,0.00036121160308869786
7165.200000000001,8.492537695302506e-05
7165.6,0.0009315959749041542
7166.0,0.00032421596403058294
7166.400000000001,0.000469827894715235
7166.8,0.0002021175474642791
7167.200000000001,1.5446786122435896e-05
7167.6,0.00014674776197103634
7168.0,4.47004845738503e-05
7168.400000000001,0.00013184645254802496
7168.8,0.0003627494498101675
7169.200000000001,0.0004869895752710418
7169.6,0.0009985548366590084
7170.0,0.0007870676424967739
7170.400000000001,0.0005476849909595992
7170.8,0.00037304936294587645
7171.200000000001,0.001025164848749795
7171.6,0.000228855501802148
7172.0,0.0003811253254140559
7172.400000000001,0.0002586529402588175
7172.8,0.0006362451205799497
7173.200000000001,0.00032964767930673757
7173.6,5.587623520367423e-05
7174.0,0.00031327303652753185
7174.400000000001,0.0005891201522278363
7174.8,7.542991704168587e-06
7175.200000000001,2.1129111785888086e-05
7175.6,0.00019746918307968214
7176.0,0.0003148591379102491
7176.400000000001,9.738889644480006e-05
7176.8,0.00047075763034033394
7177.200000000001,0.00022167619605799677
7177.6,0.00026056790473961527
7178.0,6.31849389946592e-05
7178.400000000001,2.036729995000881e-05
7178.8,0.00011994807244380392
7179.200000000001,0.0005106960959758088
7179.6,0.0006422274487124605
7180.0,0.0002532243206182153
7180.400000000001,0.0004944596433248607
7180.8,6.07039033491259e-05
7181.200000000001,0.00011916805645315898
7181.6,0.0007085347971620218
7182.0,2.0289928576210473e-05
7182.400000000001,0.0008465868760975395
7182.8,0.0004558801754160993
7183.200000000001,2.501080729345642e-05
7183.6,0.00040190180012705746
7184.0,0.0005276412587920419
7184.400000000001,0.000915948957214431
7184.8,4.3599089076409064e-05
7185.200000000001,0.00017997636234000564
7185.6,0.0012233551748157768
7186.0,0.00024728887172106574
7186.400000000001,9.772994925050462e-05
7186.8,8.459656734377286e-05
7187.200000000001,0.001144994850146925
7187.6,0.00024813735435125624
7188.0,0.00024534571486369255
7188.400000000001,0.0011613500680353866
7188.8,8.931055507044089e-05
7189.200000000001,0.00024139108872402865
7189.6,7.65615375131736e-05
7190.0,0.00025146404589426394
7190.400000000001,0.00038994931405432183
7190.8,0.00036675401104975823
7191.200000000001,0.0006347505121905724
7191.6,0.00042719443946703675
7192.0,0.0007227274161678348
7192.400000000001,0.00010749272414661265
7192.8,0.00013983399854854953
7193.200000000001,0.00043387514266279647
7193.6,0.00016526336281787063
7194.0,0.000905026053033171
7194.400000000001,8.72498508242488e-07
7194.8,0.0001268643467896286
7195.200000000001,0.0006913946518059336
7195.6,0.0001468911788645258
7196.0,0.0002788088589874621
7196.400000000001,4.2045782404954755e-06
7196.8,0.0002811078500215175
7197.200000000001,0.00012476899205276747
7197.6,0.00042881039877997487
7198.0,8.892439033114939e-05
7198.400000000001,0.00015716441137216076
7198.8,5.043556775556517e-05
7199.200000000001,0.0006282235025783305
7199.6,0.000717304363537951
7200.0,0.0007598902061302219
7200.400000000001,3.9828415549669435e-05
7200.8,0.0019212708057585863
7201.200000000001,0.00019832648586062235
7201.6,0.00010709974057871229
7202.0,0.0002930215339681821
7202.400000000001,0.00014176879323376802
7202.8,6.674487994796002e-05
7203.200000000001,0.0003663442951990194
7203.6,3.6955847948711614e-05
7204.0,0.0011698178266064967
7204.400000000001,0.00011784964492232358
7204.8,0.00031635775340128295
7205.200000000001,0.00011662681638307924
7205.6,0.0005396988963695136
7206.0,1.741025839442796e-05
7206.400000000001,0.0005415393653570597
7206.8,0.000282912734109224
7207.200000000001,0.0007534964264853598
7207.6,0.0011522376866931058
7208.0,0.0003699077002187274
7208.400000000001,8.911480399488208e-05
7208.8,6.770473299880663e-05
7209.200000000001,0.001156813848914824
7209.6,7.609723802948674e-06
7210.0,0.000425886806898596
7210.400000000001,0.0001441420328266286
7210.8,0.0005567271813184421
7211.200000000001,0.001177604547548673
7211.6,0.0006620191339249684
7212.0,3.696195897433252e-05
7212.400000000001,0.0002877976649321918
7212.8,0.0002540107284302049
7213.200000000001,0.0005157323928729539
7213.6,5.562954297548559e-05
7214.0,0.00033334571255080804
7214.400000000001,0.0009292392215007778
7214.8,9.015060973694962e-05
7215.200000000001,1.4757467766945063e-05
7215.6,0.00042248666997525276
7216.0,0.00020493350270069
7216.400000000001,0.00010970675371375511
7216.8,9.016537850341032e-05
7217.200000000001,3.300754511177493e-05
7217.6,0.0002487371102167871
7218.0,0.0002154869780735943
7218.400000000001,0.000561039399247044
7218.8,4.1864136453372755e-05
7219.200000000001,0.00016901948269570287
7219.6,0.00037668860424168015
7220.0,0.00020454257483327028
7220.400000000001,7.329494405427604e-05
7220.8,6.082071438751213e-05
7221.200000000001,0.00029849765011263744
7221.6,1.1945139188863052e-05
7222.0,0.00010792400705278459
7222.400000000001,0.0004452537884221783
7222.8,9.06843713714716e-05
7223.200000000001,0.0003029022848707717
7223.6,0.00012350165397566158
7224.0,8.719775089390149e-06
7224.400000000001,0.00011076617576601176
7224.8,0.0008039408980919841
7225.200000000001,0.0005365293328066887
7225.6,0.00016160987227605803
7226.0,0.00024090464358082834
7226.400000000001,0.0004604340886517433
7226.8,9.144390905842683e-05
7227.200000000001,0.003063860533809909
7227.6,0.00014826789049256263
7228.0,0.0004005702368483793
7228.400000000001,0.00029285165299094653
7228.8,1.0255068217968039e-05
7229.200000000001,0.00014292751858982903
7229.6,0.00012670075506517118
7230.0,0.0003901523499624681
7230.400000000001,0.0003383225459941889
7230.8,0.00010399912985170208
7231.200000000001,0.0001846486102593227
7231.6,0.001524732785423933
7232.0,0.0006259094945653476
7232.400000000001,0.00033827524109830454
7232.8,0.00020827904418400172
7233.200000000001,4.7177112418339875e-05
7233.6,0.00019097288458497827
7234.0,0.0001545793341155934
7234.400000000001,0.0009232308093131648
7234.8,0.00025837048687729164
7235.200000000001,0.0004257584407884301
7235.6,0.0001618154774626654
7236.0,0.00021333737704851035
7236.400000000001,0.00040343223141686653
7236.8,0.0006686161026407224
7237.200000000001,0.00020065302414148177
7237.6,0.00013196121340037202
7238.0,0.00013515536020082658
7238.400000000001,0.0005382468223052134
7238.8,8.571536458139542e-07
7239.200000000001,8.170678110161294e-05
7239.6,5.308901414544826e-05
7240.0,0.00016659470382706501
7240.400000000001,0.00011064461379070692
7240.8,0.00024628272020249834
7241.200000000001,0.00047882672816018754
7241.6,0.0007201705335383167
7242.0,0.0005814416397872637
7242.400000000001,0.0026458342428456695
7242.8,0.00032019119180124676
7243.200000000001,0.00020007268423783534
7243.6,0.000623760173461803
7244.0,0.0002795943035303262
7244.400000000001,0.00033431760387828
7244.8,0.00041188260417397487
7245.200000000001,0.00030705082745798913
7245.6,0.00010649976666164728
7246.0,9.229999739455594e-05
7246.400000000001,1.512498041393845e-05
7246.8,0.0007259353633766999
7247.200000000001,0.0003483057958248667
7247.6,0.0008255036641293101
7248.0,0.0007515159070038514
7248.400000000001,0.0005411688282265668
7248.8,9.873944574574071e-05
7249.200000000001,0.000714227635220086
7249.6,0.0007786991864743365
7250.0,0.0002645877534260446
7250.400000000001,0.0009880455216155692
7250.8,0.0004545089959554284
7251.200000000001,0.0005381682402172037
7251.6,0.0011557742726162788
7252.0,6.525036822417641e-05
7252.400000000001,0.0005773857751075761
7252.8,0.0003063090636226867
7253.200000000001,0.00036143143635223923
7253.6,3.1666269895985326e-05
7254.0,0.0002610148625481187
7254.400000000001,0.0004921200712770024
7254.8,0.0002960757761871837
7255.200000000001,4.747406721513937e-05
7255.6,4.563250021150735e-05
7256.0,0.00029951300529370477
7256.400000000001,4.618064729259258e-05
7256.8,0.00012625352891988947
7257.200000000001,0.00015809988063332395
7257.6,0.0004866930315677384
7258.0,0.0003394354686949699
7258.400000000001,0.0001911170128949242
7258.8,0.00066362325023127
7259.200000000001,0.00018157370515086056
7259.6,0.0016531472307265349
7260.0,0.0006986579929936078
7260.400000000001,0.0002603532174472349
7260.8,2.7291335454632615e-05
7261.200000000001,0.0004975359973727787
7261.6,0.0019986641999840053
7262.0,0.0006459969711908024
7262.400000000001,0.00018835096226198317
7262.8,0.00018112950662398748
7263.200000000001,0.0002792910818754574
7263.6,0.0011435159109603095
7264.0,0.00039806357718559184
7264.400000000001,1.3751702022809336e-05
7264.8,0.000619333143365602
7265.200000000001,3.6450907396032876e-05
7265.6,0.00022301105660552193
7266.0,0.0002617846769456065
7266.400000000001,0.000333204307936778
7266.8,0.0005428952839624941
7267.200000000001,2.2231606080471957e-05
7267.6,0.00010830918901091914
7268.0,3.058066240089609e-05
7268.400000000001,0.0001267462804382763
7268.8,3.893286453488066e-05
7269.200000000001,8.948284266228615e-05
7269.6,0.0005061984378296424
7270.0,0.00045540097066054723
7270.400000000001,0.00015647463695905026
7270.8,2.48431448051049e-05
7271.200000000001,0.00013918551513074807
7271.6,0.00021939701592611595
7272.0,0.00035378168652640566
7272.400000000001,0.00013598313295218575
7272.8,4.8243028249323506e-05
7273.200000000001,0.0002903331594532033
7273.6,0.0005305503515011395
7274.0,0.00016247628980408087
7274.400000000001,6.67844818415678e-06
7274.8,0.00013697450229705906
7275.200000000001,0.000707759770307304
7275.6,6.548754249766225e-05
7276.0,0.0016949870176746012
7276.400000000001,0.0003409450401388577
7276.8,0.0002056530971243108
7277.200000000001,0.00029666258650456865
7277.6,0.0004063012307588235
7278.0,0.0009766309053491347
7278.400000000001,0.00018710640006947536
7278.8,9.514757927401342e-05
7279.200000000001,0.00043921205658789693
7279.6,0.00015074951584836152
7280.0,0.00025106661543443707
7280.400000000001,9.886049344098488e-05
7280.8,0.0005979743699318934
7281.200000000001,0.0006927247912759525
7281.6,0.0001383025767395225
7282.0,0.0003697436498375918
7282.400000000001,0.0005737731164063046
7282.8,8.683604519259975e-05
7283.200000000001,0.00017433095778761367
7283.6,0.0008213869055190349
7284.0,0.0002466841605262948
7284.400000000001,0.00025703458529243627
7284.8,0.0007387767875578357
7285.200000000001,0.0007211749946285486
7285.6,0.0002479777398096718
7286.0,4.826293039971507e-05
7286.400000000001,0.0003051457973937492
7286.8,0.0003589573356096734
7287.200000000001,0.0005238650697548624
7287.6,0.0008574513342675072
7288.0,3.0353081734488655e-06
7288.400000000001,8.628034099767108e-05
7288.8,0.0002480443612444131
7289.200000000001,0.0007577490549249509
7289.6,0.0005522734040942241
7290.0,0.00021805222852715615
7290.400000000001,0.0003913155013825453
7290.8,4.098705738298923e-06
7291.200000000001,0.0012805638892836304
7291.6,0.0006062959670192304
7292.0,5.076060216704797e-05
7292.400000000001,3.431452777298634e-05
7292.8,0.00030373272406407034
7293.200000000001,0.00011144790482161023
7293.6,0.000996010761233709
7294.0,9.60618929160376e-05
7294.400000000001,0.00031048303435452277
7294.8,0.0004472632687155602
7295.200000000001,0.0008299007652384976
7295.6,0.00011943522692574588
7296.0,0.00020051682694958417
7296.400000000001,0.0004967288770823112
7296.8,0.00013709653784099517
7297.200000000001,1.7131986807630367e-05
7297.6,0.0001018441007904116
7298.0,0.00012870083707504278
7298.400000000001,0.00015827330390016532
7298.8,0.0001319582049737429
7299.200000000001,5.217920916884751e-05
7299.6,3.93545206790384e-05
7300.0,9.896748406741865e-05
7300.400000000001,0.0007498216672847611
7300.8,3.101098020600828e-05
7301.200000000001,8.994116426311082e-05
7301.6,0.0006257446636985884
7302.0,9.60182432532755e-05
7302.400000000001,0.0004863220291671594
7302.8,0.0016513897985815538
7303.200000000001,4.2941660446797106e-05
7303.6,0.001279138886468404
7304.0,8.617204812911502e-05
7304.400000000001,2.7200529273300884e-05
7304.8,0.0005204246992069323
7305.200000000001,0.0007714760908415383
7305.6,4.975160611043301e-05
7306.0,0.0002444791490460723
7306.400000000001,9.792687964990596e-05
7306.8,0.000750781764488196
7307.200000000001,0.0003773081251052682
7307.6,0.0005628465114219219
7308.0,0.001031218910960911
7308.400000000001,0.00038644196150689505
7308.8,0.0001704760683205063
7309.200000000001,0.0010320863901862542
7309.6,0.0006020065716928327
7310.0,0.0002820920561172882
7310.400000000001,0.00021482732264364586
7310.8,1.2565130549850768e-05
7311.200000000001,0.00016682014627848992
7311.6,8.189123004634863e-05
7312.0,5.482801368532866e-06
7312.400000000001,0.00023106135814997072
7312.8,0.0018196686031988854
7313.200000000001,2.3185515686516654e-05
7313.6,5.3082520159034664e-05
7314.0,5.295496432284933e-05
7314.400000000001,0.00020262517394668456
7314.8,0.00034800682112839655
7315.200000000001,0.0003234085108214326
7315.6,0.0005263011780642574
7316.0,7.50079883642793e-05
7316.400000000001,0.0004375283579670401
7316.8,0.0008248736391745528
7317.200000000001,0.0003088988938739137
7317.6,0.0006091314177693738
7318.0,0.00022627542210558753
7318.400000000001,0.0005625690623818557
7318.8,2.4612075013559604e-05
7319.200000000001,0.0001922632686410144
7319.6,6.525682157905978e-05
7320.0,0.0004480859589997273
7320.400000000001,0.0001954101007112008
7320.8,0.00029006773964539503
7321.200000000001,0.0005636897504742703
7321.6,0.0003450749215383503
7322.0,0.00015180860209948037
7322.400000000001,0.0003274011976786871
7322.8,0.0005580923181269738
7323.200000000001,0.0008351414982755677
7323.6,0.00020686534637760296
7324.0,0.0005073610979165529
7324.400000000001,0.00040626745670962295
7324.8,4.778272175710601e-05
7325.200000000001,0.00023156749714623224
7325.6,0.0008392902920365725
7326.0,6.720357151854385e-05
7326.400000000001,0.0006389311644250718
7326.8,9.453944992596753e-06
7327.200000000001,0.000225410664106185
7327.6,0.00015158178386636827
7328.0,0.0006192693884684072
7328.400000000001,0.00014874404189838038
7328.8,3.3586401592104074e-05
7329.200000000001,0.0005226569899139462
7329.6,0.00033601389571935814
7330.0,0.0011471042239343068
7330.400000000001,8.814734604672465e-05
7330.8,0.00020384144150743932
7331.200000000001,0.000629707330233558
7331.6,0.00011130776128821084
7332.0,0.00027097492367225354
7332.400000000001,0.00012674446186439043
7332.8,0.00032817191927701317
7333.200000000001,0.0008489722450915872
7333.6,6.359699093039912e-06
7334.0,5.378181290883166e-05
7334.400000000001,0.00011792318131529645
7334.8,7.296273948503168e-07
7335.200000000001,4.338469555318329e-05
7335.6,0.0006962588708166705
7336.0,0.000352295148226182
7336.400000000001,1.4475131667628179e-05
7336.8,0.00029544434361781455
7337.200000000001,0.00011480906484142827
7337.6,0.00011843714478149359
7338.0,0.0008144963068090992
7338.400000000001,4.4798636753777845e-05
7338.8,0.0007007528814467752
7339.200000000001,1.6824550554544124e-05
7339.6,7.97979763983169e-05
7340.0,0.00017573887772457547
7340.400000000001,5.8903680986322144e-05
7340.8,0.00026145629664189716
7341.200000000001,0.00014180171481260661
7341.6,0.0008672124339222928
7342.0,0.0016825616092737677
7342.400000000001,0.0005743746904247546
7342.8,0.0002924513339336904
7343.200000000001,0.0012377748583179812
7343.6,0.0013917673772918763
7344.0,0.0004117025296312333
7344.400000000001,0.00012965558937043847
7344.8,0.00023971261700478111
7345.200000000001,0.0005174651796019149
7345.6,0.00018162951445835205
7346.0,0.0003202027904582532
7346.400000000001,0.0010055771968126709
7346.8,0.0006091593193142299
7347.200000000001,0.00011867166112060922
7347.6,0.00022080798599853792
7348.0,0.0007468686763042081
7348.400000000001,9.714287334440364e-05
7348.8,0.00014076087866615055
7349.200000000001,0.0009261517968062833
7349.6,0.00016056857268825824
7350.0,0.00020957558620602015
7350.400000000001,0.000416608694854243
7350.8,4.816074922050506e-06
7351.200000000001,8.69856324856681e-05
7351.6,0.00066985574416443
7352.0,0.001000144543421005
7352.400000000001,3.492317229518693e-05
7352.8,0.0004953019743451908
7353.200000000001,0.0008990867206470196
7353.6,3.3021550803939196e-05
7354.0,5.4401226487516055e-05
7354.400000000001,0.0008114009167261846
7354.8,0.0001421464680956675
7355.200000000001,0.0004504099240981083
7355.6,0.00021263178860444527
7356.0,0.0001820247361643166
7356.400000000001,7.081136964441662e-05
7356.8,4.454902541604913e-05
7357.200000000001,1.5148177320415405e-05
7357.6,0.00010994559701641869
7358.0,0.0011445306899886287
7358.400000000001,1.202552612666558e-05
7358.8,0.0004145551022090007
7359.200000000001,0.00015022021354455341
7359.6,0.00024852101769971726
7360.0,0.00041645526886660106
7360.400000000001,9.096960576751267e-05
7360.8,0.0007777162409239318
7361.200000000001,0.00019218502143009554
7361.6,3.4890217638194356e-06
7362.0,0.0004314489944138645
7362.400000000001,0.0005334220024405001
7362.8,0.0005355023769090749
7363.200000000001,0.0013586367957722154
7363.6,0.001032031492195014
7364.0,0.00017671570578836084
7364.400000000001,0.00042830498090015495
7364.8,0.0004649092344252715
7365.200000000001,0.0005993428563850288
7365.6,0.00035046482324130725
7366.0,0.0011438397419808518
7366.400000000001,5.254092727217869e-05
7366.8,0.00021128761124307224
7367.200000000001,5.804824363488125e-05
7367.6,0.00031977853440633564
7368.0,8.31102466466567e-05
7368.400000000001,0.0003474538870830182
7368.8,0.0010032200725394232
7369.200000000001,0.0008417939515309827
7369.6,0.00045047057323371556
7370.0,5.2832680086674976e-05
7370.400000000001,0.0005208787247755287
7370.8,0.00010443132394907724
7371.200000000001,0.00014664150607281666
7371.6,0.0002330669327275304
7372.0,0.0002639132843273674
7372.400000000001,0.002134339463626815
7372.8,0.00031334949524347273
7373.200000000001,5.088062178174931e-05
7373.6,0.0003913838700773197
7374.0,0.0002995944626957059
7374.400000000001,0.0009007210909428196
7374.8,0.0003817274481308498
7375.200000000001,1.2472990284940848e-05
7375.6,0.00029883695792003997
7376.0,0.0008902497557913031
7376.400000000001,0.00180521709212548
7376.8,0.0007044076163472132
7377.200000000001,0.00019880220975876508
7377.6,0.0005562196432273141
7378.0,0.00013497075849454277
7378.400000000001,0.0010539288966865126
7378.8,5.749264665768927e-05
7379.200000000001,0.0001632292454980343
7379.6,0.0005046136512103442
7380.0,0.00043640849311640486
7380.400000000001,0.0007566801194870334
7380.8,0.0004825957442819457
7381.200000000001,0.0007781487206600751
7381.6,6.967496399281222e-05
7382.0,0.0008911490724777665
7382.400000000001,0.00021849164109017418
7382.8,0.000956959002205893
7383.200000000001,0.0006335164551317369
7383.6,0.000228809940674024
7384.0,5.6531428462285214e-05
7384.400000000001,0.00027198097222118367
7384.8,2.164856787889165e-05
7385.200000000001,0.00045223181935877824
7385.6,0.0004293003043648597
7386.0,0.0002784383714556001
7386.400000000001,0.00047181785173987744
7386.8,0.0005445228557840577
7387.200000000001,2.2550655836950525e-05
7387.6,0.00018261544200370058
7388.0,5.538230901883995e-05
7388.400000000001,0.0003688508512035053
7388.8,0.0006984398370762488
7389.200000000001,0.0016081076318379415
7389.6,7.282219892794449e-05
7390.0,0.0002053787171439327
7390.400000000001,0.00044934357282238485
7390.8,0.00018402642901306257
7391.200000000001,4.883136522633592e-06
7391.6,8.193172626799159e-05
7392.0,0.0001101243872288535
7392.400000000001,0.00030796828946092484
7392.8,0.0004925622434562071
7393.200000000001,0.0003420012949601992
7393.6,3.444199080772729e-05
7394.0,0.000155232577144907
7394.400000000001,0.0007182474849003012
7394.8,1.378296418920913e-05
7395.200000000001,6.395272390795016e-05
7395.6,0.0001097926583924946
7396.0,0.00021231352055315464
7396.400000000001,0.0007240688201527076
7396.8,0.0005884166910067508
7397.200000000001,0.0005551446749903845
7397.6,1.1696389471086668e-05
7398.0,0.0006639213796091582
7398.400000000001,0.0002632930200391123
7398.8,3.3572603059596655e-05
7399.200000000001,8.916831188009725e-05
7399.6,0.0002403906403830694
7400.0,0.00017229234219769363
7400.400000000001,0.0004641008457690943
7400.8,0.0007099767752800335
7401.200000000001,0.00012686927194421999
7401.6,4.304489750239716e-05
7402.0,0.000614166807412319
7402.400000000001,9.232332811181833e-05
7402.8,0.0006722408987581981
7403.200000000001,0.00010959625702699261
7403.6,0.0005476722167805998
7404.0,0.0006818253722021025
7404.400000000001,0.0017985292596797546
7404.8,0.00011318929468538283
7405.200000000001,0.00014566089207756716
7405.6,0.0005194786810009884
7406.0,0.00013629681775060624
7406.400000000001,0.0005339004589083732
7406.8,0.00016157314164949046
7407.200000000001,0.0005839035035303313
7407.6,0.00036710083674331513
7408.0,0.00020064030677706564
7408.400000000001,0.0009738295176248559
7408.8,0.0001071680850915387
7409.200000000001,0.0007461594281427572
7409.6,0.00017418068766250457
7410.0,0.0006442211187981702
7410.400000000001,0.00024644000895781925
7410.8,9.510058744447512e-05
7411.200000000001,6.080100385082113e-05
7411.6,0.0007744760538588527
7412.0,0.0002872523472830165
7412.400000000001,0.00044572008104049537
7412.8,9.029931560948279e-05
7413.200000000001,0.000362425027905551
7413.6,0.0005214523196074835
7414.0,0.0001008020500202154
7414.400000000001,0.000185556677337149
7414.8,5.614825649839546e-05
7415.200000000001,0.0005548257503895418
7415.6,0.0010046124978931356
7416.0,0.00011564840989331864
7416.400000000001,0.0001020374488007854
7416.8,0.0002920475272329258
7417.200000000001,0.00011159942298435055
7417.6,0.0003737757334013933
7418.0,4.2073518466355686e-05
7418.400000000001,0.00042129289697029744
7418.8,0.00030870278551903464
7419.200000000001,5.607541487249406e-05
7419.6,0.000300999387277987
7420.0,0.000771847696547302
7420.400000000001,0.00015609028245050282
7420.8,6.925249640820386e-05
7421.200000000001,0.00017332013701019946
7421.6,5.875801178444213e-05
7422.0,0.0002197147288806754
7422.400000000001,5.714938335910657e-05
7422.8,3.344351530563163e-05
7423.200000000001,0.0001337231876364519
7423.6,0.001568103376119982
7424.0,3.424783162329528e-05
7424.400000000001,0.00040390099855765844
7424.8,4.897592968807265e-05
7425.200000000001,0.00011105603209396644
7425.6,4.9026053254936554e-05
7426.0,0.0009054405728799475
7426.400000000001,0.0014245090812734574
7426.8,5.404636927506973e-05
7427.200000000001,4.030123629158926e-06
7427.6,0.000349373936341066
7428.0,5.32072981387357e-05
7428.400000000001,0.0010165084121308734
7428.8,0.000199691465889645
7429.200000000001,0.000503403684434645
7429.6,0.00023123024981830894
7430.0,0.0007892462366138999
7430.400000000001,9.877196014017011e-06
7430.8,0.00032056692512477024
7431.200000000001,0.0002691558057379331
7431.6,0.0005565701553941058
7432.0,0.001175234496525612
7432.400000000001,0.0006552339596334246
7432.8,0.0002898915482428841
7433.200000000001,0.0002118749317396839
7433.6,0.00017003231654632976
7434.0,0.00031282423711018594
7434.400000000001,0.0004695899521209115
7434.8,0.0002894270258245344
7435.200000000001,0.00019062163144578488
7435.6,0.0007408292952039672
7436.0,0.001427075873450972
7436.400000000001,9.441120782655436e-05
7436.8,2.442893251525154e-05
7437.200000000001,0.0003184122287700326
7437.6,0.00030126167945047916
7438.0,0.00020720408652877216
7438.400000000001,0.0003772599458959315
7438.8,0.0008741902760459315
7439.200000000001,0.0002498983802749931
7439.6,3.629587716422408e-05
7440.0,0.0002609883948020091
7440.400000000001,7.464469902120401e-05
7440.8,0.0012203565377558526
7441.200000000001,0.000753873377474881
7441.6,0.0003469776212726844
7442.0,0.0017240497405558183
7442.400000000001,0.0003004326625664749
7442.8,0.000622640088776965
7443.200000000001,1.80011448526524e-05
7443.6,0.0006419335100834035
7444.0,3.075865798399011e-05
7444.400000000001,0.0004387814150221342
7444.8,0.000530155247422927
7445.200000000001,0.00041891454776604687
7445.6,0.00019978201788010388
7446.0,9.518823235384328e-06
7446.400000000001,0.00010358882448046972
7446.8,0.00031103991806207145
7447.200000000001,0.00042508474685662505
7447.6,0.0007700938737444506
7448.0,0.0006702864642908384
7448.400000000001,0.0008457094656741401
7448.8,0.0008128576003298548
7449.200000000001,0.00018557535360259853
7449.6,8.284553591825607e-05
7450.0,0.00021914504454810402
7450.400000000001,0.00013310096933735017
7450.8,0.000775577475576316
7451.200000000001,9.341446377043395e-05
7451.6,0.00022568574460866665
7452.0,9.332819895571909e-05
7452.400000000001,3.390772608169241e-05
7452.8,2.159657561113996e-05
7453.200000000001,0.00012060922037421766
7453.6,0.00031908159240802707
7454.0,1.0411240153504136e-05
7454.400000000001,0.0003205678045298934
7454.8,0.00048786634876713084
7455.200000000001,0.0001581696984079092
7455.6,0.0004460715237266601
7456.0,2.8765597140926133e-05
7456.400000000001,9.648603690232406e-05
7456.8,0.0008859050500123899
7457.200000000001,0.0011327078691109771
7457.6,0.00024348148936043107
7458.0,0.0004992213860935871
7458.400000000001,0.00010435731704350612
7458.8,0.0008513006491388525
7459.200000000001,0.00022241783239108768
7459.6,0.0004998117993076787
7460.0,0.001309434747992988
7460.400000000001,0.00021849469768361773
7460.8,0.0007853713680771145
7461.200000000001,0.00023695806381929027
7461.6,0.0002625165175508293
7462.0,2.083687911092152e-05
7462.400000000001,0.00013406551419223626
7462.8,0.0014398256352790846
7463.200000000001,0.0008102878226086163
7463.6,2.998908527534749e-05
7464.0,0.000226818415651753
7464.400000000001,7.753600959011742e-05
7464.8,0.0015710587216839383
7465.200000000001,0.0003946358911516221
7465.6,0.0006078510647453502
7466.0,0.002016323548580393
7466.400000000001,8.817175250124861e-06
7466.8,1.828221167514856e-05
7467.200000000001,0.00035907469888309264
7467.6,0.0003025085904681612
7468.0,0.00019520090355490578
7468.400000000001,0.0006839521991717255
7468.8,0.000311868168223796
7469.200000000001,3.821877186632482e-05
7469.6,4.700065997426172e-05
7470.0,2.3028127073388593e-05
7470.400000000001,0.0006281371467640432
7470.8,1.1409151142542301e-05
7471.200000000001,0.0004967146040155345
7471.6,0.0001335478921101702
7472.0,0.00018495675951332876
7472.400000000001,0.00041299425318649724
7472.8,2.7588265572622776e-05
7473.200000000001,0.00022623797041887724
7473.6,0.0009366853183206418
7474.0,0.00015929863869009676
7474.400000000001,0.000481378220245182
7474.8,0.0004590648097933361
7475.200000000001,0.00043662229874554367
7475.6,6.197224268025687e-05
7476.0,6.176257298933025e-05
7476.400000000001,0.0002527752933461119
7476.8,0.0011163237185401675
7477.200000000001,4.747136768308671e-05
7477.6,0.0005016456783417998
7478.0,0.0006103246228795465
7478.400000000001,9.98883112667268e-05
7478.8,0.0003041183051705665
7479.200000000001,0.00023754514971394987
7479.6,0.0012140420923886567
7480.0,2.35895940656534e-05
7480.400000000001,3.98598564395769e-06
7480.8,0.00021903157067574257
7481.200000000001,0.0004719672335117414
7481.6,0.00023075622441066077
7482.0,0.00029749142020249215
7482.400000000001,0.0009127695095743989
7482.8,0.00025233629317151786
7483.200000000001,0.0006403435091729239
7483.6,0.00034518732044540784
7484.0,0.0004223211827420341
7484.400000000001,0.001227232952443236
7484.8,5.902854625441212e-05
7485.200000000001,1.4755287498938719e-06
7485.6,0.00035897368649633505
7486.0,0.0002636164764774935
7486.400000000001,0.0004548783385083244
7486.8,0.00014036977367967824
7487.200000000001,0.00015195272333433688
7487.6,0.0006007601706790408
7488.0,0.00017166653189891947
7488.400000000001,0.00010552423460386588
7488.8,8.002664553892269e-05
7489.200000000001,0.00046860179580495494
7489.6,0.0006257477424176828
7490.0,0.00032885720220172823
7490.400000000001,8.815948990825201e-05
7490.8,0.0008190612889488254
7491.200000000001,0.0006542699255754669
7491.6,0.00017158005722264758
7492.0,0.0015553077293155965
7492.400000000001,0.000347348644543057
7492.8,0.0001449135148385802
7493.200000000001,6.45119533836465e-05
7493.6,0.00025234447945632723
7494.0,0.0008342789152533007
7494.400000000001,0.00017143261794058415
7494.8,0.0002993876130953283
7495.200000000001,0.0006663037825658606
7495.6,0.0002802416967006982
7496.0,9.439676497568472e-05
7496.400000000001,0.000249498261400756
7496.8,0.0002120590472772467
7497.200000000001,0.0001722076350978485
7497.6,1.9947156306916575e-05
7498.0,9.87419973083322e-05
7498.400000000001,0.001303869747603762
7498.8,0.00041371925515525755
7499.200000000001,0.0001849119644073842
7499.6,0.00020373396421574086
7500.0,0.0002511776967376115
7500.400000000001,0.0010772454450310974
7500.8,1.2433055924251234e-05
7501.200000000001,0.0001632165547154583
7501.6,0.00048436757581379685
7502.0,5.965344633007121e-05
7502.400000000001,0.0003223651667269711
7502.8,0.00011836571299021659
7503.200000000001,0.0006566774867165857
7503.6,0.0004535985777023761
7504.0,0.00025065635601517034
7504.400000000001,0.0004902946042100117
7504.8,0.0003929665713592
7505.200000000001,0.0007298468774503947
7505.6,0.00020997873102637836
7506.0,0.0003003682120049045
7506.400000000001,0.0005435290316612166
7506.8,0.0013365990448937467
7507.200000000001,8.378390202210524e-05
7507.6,0.0007172694502623784
7508.0,0.00016123284023203174
7508.400000000001,0.000349612899050911
7508.8,0.00018266162206264302
7509.200000000001,0.00014818283520642422
7509.6,4.606864959576029e-05
7510.0,0.00037225948801556194
7510.400000000001,0.0011430577931604423
7510.8,0.0001725067034876155
7511.200000000001,9.541062096887065e-05
7511.6,0.0001666968806494269
7512.0,0.0005367669128562505
7512.400000000001,0.00029287966104217473
7512.8,0.00020483850847361536
7513.200000000001,0.00015193843137746867
7513.6,0.0002313258032354332
7514.0,0.00013760952276507118
7514.400000000001,0.0003995550229032268
7514.8,0.00028427757207516457
7515.200000000001,3.1609770066492535e-05
7515.6,0.0005459877536175906
7516.0,5.630970736560629e-05
7516.400000000001,1.1801485376634136e-05
7516.8,0.0007475708648546615
7517.200000000001,0.0001668496385792248
7517.6,6.651878662343835e-05
7518.0,0.00038681741919715715
7518.400000000001,0.00017976718661234626
7518.8,0.00023979323916092075
7519.200000000001,0.0006009095288778076
7519.6,0.0004790235212359869
7520.0,0.001783257263380032
7520.400000000001,5.8270968977089826e-05
7520.8,0.0007005486128703062
7521.200000000001,0.0001792265740295334
7521.6,0.0003981735844504356
7522.0,0.0004450611441118125
7522.400000000001,0.00010296126119157827
7522.8,0.00019183176915320906
7523.200000000001,0.00027243237245054374
7523.6,0.0003276596962403694
7524.0,0.00015489497429255975
7524.400000000001,0.0001584238536592691
7524.8,4.23437661073233e-06
7525.200000000001,9.423150084002311e-05
7525.6,0.00015592117337799637
7526.0,0.0001656844879189429
7526.400000000001,8.219524879013093e-05
7526.8,8.843653073297755e-05
7527.200000000001,9.358297935318098e-05
7527.6,1.20037994097303e-05
7528.0,0.0002877948627651335
7528.400000000001,8.251424472636166e-05
7528.8,3.798999700145141e-05
7529.200000000001,0.00018406128454779007
7529.6,0.00031664714017483146
7530.0,0.00033193773338325655
7530.400000000001,0.001386044908266917
7530.8,0.000413918331264137
7531.200000000001,0.00035473993798096825
7531.6,1.0098067238661306e-05
7532.0,0.00012180278621380039
7532.400000000001,3.299586165491511e-05
7532.8,0.0004268584295659244
7533.200000000001,0.0003072206155522429
7533.6,0.0003625002480596058
7534.0,0.0005037855823653689
7534.400000000001,0.0004436386238250482
7534.8,0.0007439959607299397
7535.200000000001,0.00011184545837216696
7535.6,0.0001850672117939971
7536.0,0.00046181213620994136
7536.400000000001,0.0003015696431817244
7536.8,0.00020911644084520813
7537.200000000001,9.687634413382904e-05
7537.6,0.0008108801585695697
7538.0,3.466688244309205e-05
7538.400000000001,2.990477871937402e-05
7538.8,2.7372325519990037e-05
7539.200000000001,0.0015921714826170647
7539.6,0.000452382788997124
7540.0,0.0008795029662462046
7540.400000000001,0.00031279959435811974
7540.8,0.00040419777910834795
7541.200000000001,0.0002990124938601609
7541.6,0.0005002739421118106
7542.0,0.00022785350672307762
7542.400000000001,0.0003329368200495378
7542.8,0.0006659471029181484
7543.200000000001,0.000461479500718158
7543.6,0.00017243070957646613
7544.0,6.35258163742211e-05
7544.400000000001,0.0008528149395360087
7544.8,8.873647385046639e-06
7545.200000000001,0.0002340360570597864
7545.6,0.00012193422612516624
7546.0,0.0006489986865431582
7546.400000000001,0.0011568612304085062
7546.8,2.173980096493194e-06
7547.200000000001,0.0001564120964945048
7547.6,0.0003500244407228331
7548.0,0.0002355969576523425
7548.400000000001,0.00036860999919089907
7548.8,5.2197735295292456e-05
7549.200000000001,0.00043062473617399416
7549.6,0.0004420942473174479
7550.0,0.00015070141309387084
7550.400000000001,8.233174701243013e-05
7550.8,0.0010243877425399792
7551.200000000001,0.00024039041235398407
7551.6,2.645870255623296e-06
7552.0,0.00021803253176626552
7552.400000000001,5.8930634615571336e-05
7552.8,0.0012401711019295796
7553.200000000001,0.0006009299768786132
7553.6,0.00010666818191528836
7554.0,0.00016853347314289371
7554.400000000001,0.0008681160942902857
7554.8,0.0016881593378173427
7555.200000000001,1.2470877012366595e-05
7555.6,6.980157314956387e-05
7556.0,9.763361753748062e-05
7556.400000000001,3.7018023663833314e-05
7556.8,0.00042618580550942857
7557.200000000001,3.414688582535332e-05
7557.6,2.621699447440856e-05
7558.0,5.022611746781099e-05
7558.400000000001,5.761977323188762e-06
7558.8,7.86693408874556e-05
7559.200000000001,6.217014834816373e-05
7559.6,0.0011801432220176454
7560.0,0.00019378760147330948
7560.400000000001,0.00028868171647484717
7560.8,7.110830558068445e-05
7561.200000000001,0.00019154178815176509
7561.6,0.00026073545415812084
7562.0,0.0007519280153935455
7562.400000000001,0.0007593012712203513
7562.8,3.896626132145225e-06
7563.200000000001,0.0003922563347061398
7563.6,0.00060007943326653
7564.0,7.946265559342969e-05
7564.400000000001,0.0009142334602865387
7564.8,0.0002430567156991265
7565.200000000001,0.000471446026472847
7565.6,0.00014879585554769333
7566.0,0.00014707295897684253
7566.400000000001,0.0009210698616578349
7566.8,0.0008123255020872163
7567.200000000001,0.0003444303362035514
7567.6,8.219125911229802e-05
7568.0,0.0004562870738889549
7568.400000000001,0.0009106871136819777
7568.8,0.0005004780687932304
7569.200000000001,0.0003759837304785734
7569.6,0.00015992195618566956
7570.0,5.718599604462413e-05
7570.400000000001,0.000631710217247774
7570.8,0.00058803300513407
7571.200000000001,7.217398259090929e-05
7571.6,3.2792338545125046e-05
7572.0,0.00046853975369778996
7572.400000000001,6.0015282849355226e-05
7572.8,0.00017677273361186812
7573.200000000001,0.00029785444576055646
7573.6,4.9631997207055334e-05
7574.0,0.0011075258228665898
7574.400000000001,0.00020574817051420644
7574.8,0.000376511405234782
7575.200000000001,0.0002063078896812665
7575.6,0.0016446427613876111
7576.0,0.0003231680136583557
7576.400000000001,0.0004321702745835762
7576.8,3.432288971086587e-05
7577.200000000001,0.000318052579135033
7577.6,7.231031927359147e-07
7578.0,0.0003694803813158278
7578.400000000001,0.00043946182808939175
7578.8,0.0002292238127321274
7579.200000000001,0.00010534967697558599
7579.6,7.423401702662346e-06
7580.0,0.0005151415055451889
7580.400000000001,1.5462975956154155e-05
7580.8,1.2092840416800509e-05
7581.200000000001,3.566932725081925e-05
7581.6,0.0007686801849473377
7582.0,0.00039615134589055315
7582.400000000001,4.7343190958762926e-05
7582.8,2.5219447125417027e-05
7583.200000000001,8.982368827985075e-05
7583.6,0.0005060659909543514
7584.0,0.000736476200391999
7584.400000000001,0.0004480708229454535
7584.8,0.00031967822694231883
7585.200000000001,0.0002286956576680555
7585.6,0.00034201100350378843
7586.0,0.000488591140971998
7586.400000000001,0.00015715817313532602
7586.8,0.0009256877596408216
7587.200000000001,0.00016276740380922916
7587.6,0.001487768903690798
7588.0,9.612143371041503e-05
7588.400000000001,0.00020338018916238725
7588.8,0.00017066297393347594
7589.200000000001,0.00011033406308335606
7589.6,0.0006175842594802949
7590.0,0.0007670593584329044
7590.400000000001,3.878004574205844e-05
7590.8,0.0003571981446680378
7591.200000000001,0.0012713361948440954
7591.6,0.0003289135210553346
7592.0,0.0003976707734281101
7592.400000000001,0.00016376455040624974
7592.8,0.00018502194969720494
7593.200000000001,0.000845143401774288
7593.6,0.0006695558238207805
7594.0,0.0002564308804254992
7594.400000000001,0.00018099940411957121
7594.8,0.0005559218831046543
7595.200000000001,0.0007119411260316244
7595.6,0.0007088356217979797
7596.0,0.0003705771005840908
7596.400000000001,2.1111070748832833e-05
7596.8,0.00022332751328518093
7597.200000000001,0.00010959930257340788
7597.6,0.00017300166160339476
7598.0,0.0003165738531985861
7598.400000000001,0.00029097959748509137
7598.8,0.00010514790217465909
7599.200000000001,1.5187460032284577e-05
7599.6,6.148337613316978e-05
7600.0,0.0002437469900580943
7600.400000000001,0.0001844797202760435
7600.8,0.00013240399716767126
7601.200000000001,0.0003537369597573887
7601.6,0.0005992140381491056
7602.0,0.0008169685605506835
7602.400000000001,0.0005791713595385702
7602.8,0.0006777451147484853
7603.200000000001,0.0002843576932664315
7603.6,0.00035096925608058157
7604.0,4.4905876062789205e-05
7604.400000000001,7.402644905541781e-05
7604.8,0.0001331188240023098
7605.200000000001,0.0009236906592110953
7605.6,0.00011000425059224089
7606.0,0.0013087473674141166
7606.400000000001,3.2091975183673554e-05
7606.8,0.0001339009226878762
7607.200000000001,0.0007022901839641813
7607.6,0.00011240548425803733
7608.0,0.000318714528196891
7608.400000000001,0.001995807108559351
7608.8,7.141148860733234e-06
7609.200000000001,0.0005427909784405725
7609.6,5.818645746016258e-05
7610.0,0.0002737123353621788
7610.400000000001,0.00034514453548853576
7610.8,0.0002977237343686648
7611.200000000001,2.5679350686579777e-05
7611.6,0.0004992706442764366
7612.0,2.603010919317493e-05
7612.400000000001,0.0003477179666177274
7612.8,3.1126645864617145e-05
7613.200000000001,2.8021550170011977e-05
7613.6,0.0003162702591032876
7614.0,4.405820042516082e-05
7614.400000000001,0.000100587347093004
7614.8,0.0006654763223666616
7615.200000000001,0.0008474840404423941
7615.6,0.00012130022344542177
7616.0,0.00044048621838232435
7616.400000000001,6.358356087394579e-05
7616.8,0.0005790415741300425
7617.200000000001,0.0003277483936624235
7617.6,7.998782989456699e-05
7618.0,0.0007359256213759453
7618.400000000001,0.0008508263829832494
7618.8,0.0011801150238852237
7619.200000000001,0.00033537386702963995
7619.6,0.0015037995395185246
7620.0,0.0005337638440564675
7620.400000000001,0.0005385444616100341
7620.8,8.309526909191492e-05
7621.200000000001,0.0011080407258150697
7621.6,0.001182923225311903
7622.0,0.0009023885994910122
7622.400000000001,0.0003739898174291183
7622.8,0.0003457163539118315
7623.200000000001,1.2811557440358836e-05
7623.6,0.00020607286167779096
7624.0,4.8411901000868106e-05
7624.400000000001,0.0006638923252243611
7624.8,0.00046622652738198073
7625.200000000001,0.00046812176125314987
7625.6,0.00038736732167659655
7626.0,0.0002783928894731529
7626.400000000001,0.0008382320907173324
7626.8,0.0003176369819354327
7627.200000000001,0.00033461060102704047
7627.6,0.00018039936465919892
7628.0,0.00040605862317792267
7628.400000000001,0.0013060600542169987
7628.8,0.0003263820955937575
7629.200000000001,0.00019826489812885414
7629.6,7.817252578377062e-06
7630.0,0.00017416374271858706
7630.400000000001,3.587739378689866e-05
7630.8,0.0002019645430859038
7631.200000000001,0.00016395040845302195
7631.6,0.0008020470937278265
7632.0,0.0005114533042320457
7632.400000000001,0.0001020085783871341
7632.8,7.219063930823092e-05
7633.200000000001,0.00023223745616883092
7633.6,0.00045444698199046584
7634.0,0.00021126980051780624
7634.400000000001,0.0007124318898555858
7634.8,0.00012515287988796266
7635.200000000001,0.001286432012999711
7635.6,0.0009985817801602239
7636.0,0.0002600851252004916
7636.400000000001,0.00010184058421833112
7636.8,3.7555127306245734e-05
7637.200000000001,0.0001976275978979119
7637.6,0.00010351321501763752
7638.0,0.0001135976151755491
7638.400000000001,0.00014525997554706266
7638.8,0.00020533220293376793
7639.200000000001,3.212291889012609e-05
7639.6,0.0007609815360543911
7640.0,0.00040841204299821017
7640.400000000001,0.0009068221280793704
7640.8,0.00027010122394700994
7641.200000000001,0.0004125477644546541
7641.6,5.1814340455025644e-05
7642.0,0.00028654455207783415
7642.400000000001,0.0003422807658257664
7642.8,8.197839572308473e-05
7643.200000000001,0.00019872058898207513
7643.6,0.0010364486888993578
7644.0,0.000331815875010819
7644.400000000001,0.00023659906169587355
7644.8,0.000727353287666383
7645.200000000001,9.205343913269366e-06
7645.6,0.00037160380557328004
7646.0,0.0002908175968937274
7646.400000000001,0.0002846130180281498
7646.8,1.514047049627431e-05
7647.200000000001,0.00012905586915891887
7647.6,0.00013933825460202986
7648.0,9.326261298099725e-05
7648.400000000001,0.0003040309068111625
7648.8,0.0006130712650123948
7649.200000000001,3.478998877848406e-05
7649.6,0.0012260655130334256
7650.0,0.001242902248135927
7650.400000000001,0.00038276553997419494
7650.8,0.00035330621790844157
7651.200000000001,1.7625688390239975e-05
7651.6,0.00030700339560735804
7652.0,9.360729910053969e-05
7652.400000000001,0.0003493476911690755
7652.8,0.00017728219153187206
7653.200000000001,1.3803965072553552e-05
7653.6,0.0005268354517561177
7654.0,3.220588278787189e-05
7654.400000000001,0.0009333778112836029
7654.8,0.0009219121670791746
7655.200000000001,6.501295165283188e-05
7655.6,0.0008214403833870854
7656.0,2.7712833388071804e-05
7656.400000000001,0.000608779663810535
7656.8,0.00031990892972234624
7657.200000000001,5.139083528239523e-05
7657.6,4.332822277346668e-05
7658.0,0.0012597499080495957
7658.400000000001,0.00034762271487919595
7658.8,3.2644566005016105e-05
7659.200000000001,0.0004611381352519116
7659.6,0.00032176085619280257
7660.0,0.00039393505832482396
7660.400000000001,0.0002181263804217858
7660.8,1.9803008243160616e-05
7661.200000000001,5.660301755052993e-05
7661.6,0.00015367362409445982
7662.0,0.00045875475918771125
7662.400000000001,0.0004094490558913866
7662.8,0.00044213432452348394
7663.200000000001,0.00049266057108019
7663.6,0.0009264382938727103
7664.0,0.0006010771290539132
7664.400000000001,0.00035309905731982093
7664.8,0.0005479405147211176
7665.200000000001,0.0006650102680515828
7665.6,3.4359020851794976e-05
7666.0,0.0005690992264285015
7666.400000000001,0.0003750373946524975
7666.8,0.00018290087005898444
7667.200000000001,0.0001502862997196102
7667.6,9.537050075917083e-05
7668.0,7.066367624482646e-05
7668.400000000001,2.3168377778933132e-05
7668.8,0.00030497488761555377
7669.200000000001,0.0005166227860297031
7669.6,0.00011262480049564935
7670.0,3.5778727845307776e-06
7670.400000000001,0.00045875868033346846
7670.8,0.00013373168921281374
7671.200000000001,0.0002235592199162033
7671.6,0.0005913601002110137
7672.0,3.414461152228576e-05
7672.400000000001,2.9628650105075897e-05
7672.8,2.147820072410061e-05
7673.200000000001,0.0004964745369461747
7673.6,2.075534828366953e-05
7674.0,0.0002792238723504734
7674.400000000001,7.139743024293149e-05
7674.8,0.00017515114580116527
7675.200000000001,0.0020395708805003073
7675.6,0.0003679341642713275
7676.0,0.0009776726906568325
7676.400000000001,0.0001416221844052306
7676.8,0.0007171479479774815
7677.200000000001,6.6713845847094885e-06
7677.6,0.00036153563717789716
7678.0,0.000594235474246355
7678.400000000001,0.0003604672954420741
7678.8,5.5956943545080395e-06
7679.200000000001,0.0004625337696615688
7679.6,0.00019061802569201027
7680.0,0.0001490574644707515
7680.400000000001,0.0011034826257535903
7680.8,0.0001251766838617992
7681.200000000001,5.4978833655651165e-05
7681.6,0.0001195162270788616
7682.0,4.1851290754840183e-05
7682.400000000001,8.462763971278417e-05
7682.8,0.0010649698840518593
7683.200000000001,0.0001758157841326719
7683.6,0.0009156854060148701
7684.0,0.00014899332891295982
7684.400000000001,4.7687602061658e-05
7684.8,0.00023178405911898552
7685.200000000001,0.0013144149581137453
7685.6,6.182245204034968e-05
7686.0,0.0003850323440535564
7686.400000000001,0.0005346559117882966
7686.8,0.00023346632004236028
7687.200000000001,0.0005042144548706368
7687.6,0.0002125632093311541
7688.0,1.483379768036092e-05
7688.400000000001,0.0003885185764813363
7688.8,0.0002869101632542937
7689.200000000001,0.00011076056025862796
7689.6,0.0001260489528906124
7690.0,0.00018256679421668157
7690.400000000001,0.0008438238282318179
7690.8,0.0002873775985454879
7691.200000000001,0.0001351537800024033
7691.6,4.6188928493666554e-05
7692.0,0.00013643648854888153
7692.400000000001,0.00011449889511673743
7692.8,0.0003745387399238884
7693.200000000001,0.00047615838249469793
7693.6,5.553667773467424e-05
7694.0,3.4395341951327875e-05
7694.400000000001,0.0001341280332816912
7694.8,0.00021796170127087952
7695.200000000001,0.00020526896607381953
7695.6,9.546557105276299e-05
7696.0,0.0003695957657598119
7696.400000000001,5.349143587790299e-05
7696.8,0.0001293263636142438
7697.200000000001,0.00013419095942743487
7697.6,0.00014195192978609967
7698.0,7.340922873755861e-05
7698.400000000001,0.00017820815929992626
7698.8,2.435100440064471e-05
7699.200000000001,0.0007795791289736694
7699.6,4.382814061808402e-05
7700.0,0.000371071951958385
7700.400000000001,7.956995365311715e-05
7700.8,0.000305619936305723
7701.200000000001,0.0006666229941832873
7701.6,3.4637858836991407e-05
7702.0,1.5757268825789505e-05
7702.400000000001,0.00015424631284463445
7702.8,0.00021680110142155266
7703.200000000001,0.00107302365607458
7703.6,6.508010621537556e-05
7704.0,6.691601708314786e-07
7704.400000000001,2.817077923135962e-05
7704.8,7.405202900032e-05
7705.200000000001,2.2212607091124594e-05
7705.6,0.0001314545487132993
7706.0,7.6147233384045504e-06
7706.400000000001,6.969128997689148e-05
7706.8,0.00036510139663024454
7707.200000000001,7.176275667910798e-05
7707.6,0.00015833763596576937
7708.0,0.0011279750504686163
7708.400000000001,9.788886152117773e-06
7708.8,0.00015438934454877778
7709.200000000001,1.738721805203125e-05
7709.6,0.0009054363813214922
7710.0,9.417709067286999e-05
7710.400000000001,0.00030883410805948884
7710.8,0.00010789654023884709
7711.200000000001,4.4943720677674526e-05
7711.6,0.000384349743964692
7712.0,0.00014428185965747868
7712.400000000001,0.0012822899188947526
7712.8,0.0009960766389683568
7713.200000000001,2.052049631758282e-05
7713.6,2.454324291139638e-05
7714.0,9.17988808170025e-06
7714.400000000001,0.0007987622717218926
7714.8,9.975930167458503e-05
7715.200000000001,0.0009396498743038782
7715.6,0.0001938232027534115
7716.0,0.00044379401270620736
7716.400000000001,0.0003311571092676638
7716.8,7.873590810158045e-05
7717.200000000001,0.00020621168846313593
7717.6,0.00037196372875556203
7718.0,2.477365006113737e-05
7718.400000000001,0.0008089421517104738
7718.8,0.0001120664574729503
7719.200000000001,0.0002334936416779258
7719.6,0.0006809131275674717
7720.0,0.00036410346916423357
7720.400000000001,0.0007219062417518847
7720.8,0.00018139801527901957
7721.200000000001,3.133387462782815e-05
7721.6,0.0005097903630554285
7722.0,0.0003504483128210213
7722.400000000001,0.0002703050433476126
7722.8,0.000406491955764617
7723.200000000001,0.0008110428317049833
7723.6,0.0011759753589220092
7724.0,0.0005150640019848705
7724.400000000001,0.00046542018091737936
7724.8,0.00047605265217930397
7725.200000000001,0.0008940123572611053
7725.6,0.0011053199066669587
7726.0,0.000182657438104427
7726.400000000001,0.00013676928454602015
7726.8,8.041520411904736e-05
7727.200000000001,0.0008309609375933565
7727.6,0.00017380010442936335
7728.0,0.0008992965662407662
7728.400000000001,0.00018056769877044764
7728.8,0.00018063380028217574
7729.200000000001,0.0006250240692425885
7729.6,0.0004427055014020025
7730.0,0.0003740981630723576
7730.400000000001,0.00033146796106597523
7730.8,0.00018533161159651964
7731.200000000001,0.0009809674794567572
7731.6,0.0002451753409568515
7732.0,0.00034404174930365326
7732.400000000001,5.00069476127545e-05
7732.8,4.272251906491135e-05
7733.200000000001,0.00039694838509238034
7733.6,0.00027490665450620954
7734.0,7.32210084072128e-05
7734.400000000001,0.00023221456854949618
7734.8,0.00021416200841481285
7735.200000000001,0.00015257567020211682
7735.6,5.210822253768083e-05
7736.0,0.0008847594005839914
7736.400000000001,0.00014950595587069878
7736.8,0.0001718082097989446
7737.200000000001,0.0021855642915885125
7737.6,4.530798098527441e-05
7738.0,0.0005358979904188092
7738.400000000001,1.4198492383045606e-05
7738.8,0.0005439175400560382
7739.200000000001,0.0004586300889580287
7739.6,0.00015708864456383492
7740.0,0.0012935384826246604
7740.400000000001,2.7875754879919194e-05
7740.8,0.00047440997179774256
7741.200000000001,0.0007707852134877109
7741.6,0.0007364968073737396
7742.0,0.0007265688312551557
7742.400000000001,6.44847789130325e-05
7742.8,4.7152694941375386e-05
7743.200000000001,0.00026618248091846695
7743.6,8.197158733417734e-05
7744.0,0.0008598643686153247
7744.400000000001,0.00038739713717683623
7744.8,0.00018770574465541836
7745.200000000001,0.0004641534054321324
7745.6,0.0006259454923822689
7746.0,0.0005231995111815361
7746.400000000001,0.000330984202718494
7746.8,7.509074066740008e-05
7747.200000000001,0.00021524954968668044
7747.6,0.00043694977553708345
7748.0,0.00014980941960653272
7748.400000000001,0.0002546400181593043
7748.8,2.6409814812748476e-05
7749.200000000001,0.00034037541577719237
7749.6,0.0006252372651005314
7750.0,0.0002952248476753779
7750.400000000001,0.0004602385815439791
7750.8,8.962756096610652e-05
7751.200000000001,1.9210777676478374e-05
7751.6,7.350662926940878e-06
7752.0,0.0003600526005499966
7752.400000000001,0.0008262817450131137
7752.8,0.0005687367267408429
7753.200000000001,0.00019106448864951903
7753.6,0.00024007192217209253
7754.0,9.010645483869295e-05
7754.400000000001,2.907519445639532e-05
7754.8,0.000256032876311386
7755.200000000001,0.0006963918070838756
7755.6,4.989647130934752e-05
7756.0,0.00030792353755574204
7756.400000000001,8.25196094315374e-06
7756.8,0.0005683006814919678
7757.200000000001,1.4507291029822945e-05
7757.6,4.295917154879054e-05
7758.0,0.0006247071099125799
7758.400000000001,0.0015245933064157967
7758.8,0.0008207256097247087
7759.200000000001,0.0007071449892727258
7759.6,0.0008317241035273831
7760.0,0.00010669297088510425
7760.400000000001,3.45678673417337e-05
7760.8,0.00044728408062214345
7761.200000000001,3.2575688247153697e-06
7761.6,8.343765499597073e-05
7762.0,9.276600821995193e-05
7762.400000000001,0.000515728510085468
7762.8,4.37350950456733e-05
7763.200000000001,0.00043468393885373705
7763.6,0.0003352435204998822
7764.0,5.886125630763058e-05
7764.400000000001,0.0007167941438035415
7764.8,0.0004477678272727933
7765.200000000001,6.709667127055859e-06
7765.6,0.0005722526256416593
7766.0,0.0008300646777349559
7766.400000000001,0.00040452256348600654
7766.8,0.0003047904055493925
7767.200000000001,0.00021269859816907974
7767.6,0.0013057407299793856
7768.0,2.5301267622046357e-05
7768.400000000001,6.711832238174267e-05
7768.8,1.4854616930451864e-05
7769.200000000001,2.6810933070483205e-05
7769.6,0.00012194793418753193
7770.0,0.0003565954182370249
7770.400000000001,0.00019621004396050808
7770.8,0.0006971740689178536
7771.200000000001,0.0002340984664027484
7771.6,0.00015533473922562413
7772.0,0.00025314133325607857
7772.400000000001,0.0003217790709677752
7772.8,0.00011204252007453825
7773.200000000001,0.00011405409404842526
7773.6,9.010903006062414e-05
7774.0,0.00035962889829982625
7774.400000000001,0.0005675224444124271
7774.8,0.0004363113996096159
7775.200000000001,0.00010403283217069876
7775.6,0.0007475907883438993
7776.0,0.00029009241932747
7776.400000000001,9.406154352661989e-05
7776.8,4.636769170144771e-05
7777.200000000001,0.0003738099911670568
7777.6,0.0003360340462993699
7778.0,0.00025838809182316856
7778.400000000001,0.0003144739433977684
7778.8,0.0005821541759023714
7779.200000000001,1.502001499612059e-05
7779.6,0.0001484989675047576
7780.0,0.00020692964505806852
7780.400000000001,0.0008838945730066563
7780.8,0.00011573389661211172
7781.200000000001,3.3162699844597605e-06
7781.6,0.0003720100035587883
7782.0,0.00016805495461655155
7782.400000000001,0.00040490593419871177
7782.8,0.00042109843826969973
7783.200000000001,0.0006844494068176082
7783.6,2.156069965875576e-05
7784.0,0.0003493960135481608
7784.400000000001,0.00037122649400558904
7784.8,0.000161115277203035
7785.200000000001,0.0002064190267088282
7785.6,8.131906853445136e-06
7786.0,0.00040688680518900165
7786.400000000001,0.0011959456045480352
7786.8,3.761809926879911e-05
7787.200000000001,0.0004001395825730343
7787.6,1.9941400489979302e-05
7788.0,0.0012602324937382968
7788.400000000001,0.00027080871867411234
7788.8,5.4524652642324856e-05
7789.200000000001,0.00016467274197467973
7789.6,0.0006583590001655722
7790.0,0.0003299216676602258
7790.400000000001,0.0005134954219514425
7790.8,9.153378152424054e-05
7791.200000000001,0.0003437734275208551
7791.6,0.00038533131352126254
7792.0,6.919533801020172e-06
7792.400000000001,0.00013825024411225992
7792.8,0.00015572916444924384
7793.200000000001,0.0006545884247548281
7793.6,1.2735058948376627e-05
7794.0,3.037810393270124e-05
7794.400000000001,0.00022700216249586683
7794.8,0.00031914792462670635
7795.200000000001,0.0010444867945445624
7795.6,5.3597740581623724e-05
7796.0,4.180909515401824e-05
7796.400000000001,0.0005694386745581202
7796.8,0.0003884249606445957
7797.200000000001,0.0002830202953197204
7797.6,0.0016984784095420858
7798.0,0.00019060583437965648
7798.400000000001,0.0008249382929215456
7798.8,5.889731771688499e-05
7799.200000000001,7.952304060855629e-05
7799.6,0.0006699854172497859
7800.0,0.0001953337095721798
7800.400000000001,2.9860892462420086e-05
7800.8,1.833296898195296e-05
7801.200000000001,8.683319003179625e-05
7801.6,4.227491348083234e-05
7802.0,0.0004290312403499739
7802.400000000001,0.00010465676112822025
7802.8,5.13474306011306e-05
7803.200000000001,1.4019010550512083e-05
7803.6,0.0002683860058179618
7804.0,3.7264904433651616e-05
7804.400000000001,0.00022516286420129199
7804.8,9.127661297213735e-05
7805.200000000001,0.0007727937077533113
7805.6,5.14184700303814e-05
7806.0,1.0532711493555709e-05
7806.400000000001,0.0006498569535469769
7806.8,9.11853648292568e-05
7807.200000000001,0.0001847989391933427
7807.6,0.00011454213958146495
7808.0,0.0006423818670848988
7808.400000000001,0.0003365192516907456
7808.8,0.0004501820831894966
7809.200000000001,0.00041795862182710035
7809.6,0.0007568771568518482
7810.0,0.0002535315640275755
7810.400000000001,0.000121124303890203
7810.8,0.0002519784302011026
7811.200000000001,4.44583450419166e-05
7811.6,0.0005257793414264211
7812.0,0.0005115048400209923
7812.400000000001,6.721487609555724e-05
7812.8,0.0002153250426965861
7813.200000000001,0.00022852283799055294
7813.6,0.00046672674020226904
7814.0,0.001101731712972547
7814.400000000001,0.000758280507276845
7814.8,0.0002069627087686159
7815.200000000001,0.0007380578430763661
7815.6,0.000564482918321721
7816.0,7.28895540119101e-05
7816.400000000001,0.00015210886103297954
7816.8,0.00025859671833233284
7817.200000000001,0.0004492885638801882
7817.6,0.0010214544660589243
7818.0,6.54018060808116e-05
7818.400000000001,5.36469820133089e-05
7818.8,0.0005607344025393864
7819.200000000001,0.0001410013044640322
7819.6,0.00013291886758671877
7820.0,7.699670816613182e-05
7820.400000000001,0.0024236313264780086
7820.8,0.0002780615460086692
7821.200000000001,2.8890697739651236e-05
7821.6,0.001063525089047656
7822.0,2.833942847352104e-05
7822.400000000001,0.0008188370689044504
7822.8,4.088136854688729e-05
7823.200000000001,0.0008358926545847502
7823.6,0.00024021381149138104
7824.0,0.0006125164014881458
7824.400000000001,0.00022675956971751287
7824.8,0.00010665983011999155
7825.200000000001,0.00029971494787296466
7825.6,0.00022704192351836018
7826.0,0.00012791009156366045
7826.400000000001,4.262161186013974e-06
7826.8,0.0015592046488295873
7827.200000000001,0.00017641772202750108
7827.6,0.0004529320067859675
7828.0,6.583054107659759e-05
7828.400000000001,0.000521220034792197
7828.8,0.0006206051144080076
7829.200000000001,0.00047543328066383005
7829.6,0.0006228197084004059
7830.0,1.11535520715019e-05
7830.400000000001,0.0011006941709991811
7830.8,0.00018087760832998003
7831.200000000001,0.0006370556125639172
7831.6,9.006073069174583e-05
7832.0,0.00019240866102729622
7832.400000000001,0.00011166310604074765
7832.8,0.00011226073808754349
7833.200000000001,0.0004728586126553129
7833.6,6.290503438126577e-05
7834.0,0.00026297867302359077
7834.400000000001,4.036676318326769e-05
7834.8,0.0020706930160562347
7835.200000000001,0.00036199633126955346
7835.6,8.444262247945216e-06
7836.0,0.0004202434884203475
7836.400000000001,0.0013204484525472472
7836.8,0.0009494770320518765
7837.200000000001,0.000192027841645953
7837.6,0.0007474867559073217
7838.0,0.00047782126759991295
7838.400000000001,0.00021813929277338725
7838.8,1.0069852134235471e-05
7839.200000000001,0.0009650131459777157
7839.6,0.0005945400713650101
7840.0,0.0004595038677905237
7840.400000000001,0.0005718416494606594
7840.8,0.00011498969104395434
7841.200000000001,1.0083827290562742e-05
7841.6,0.00014455704063795618
7842.0,0.0006467586357552246
7842.400000000001,0.00024264680456540194
7842.8,0.00017711275085833522
7843.200000000001,5.020118709750324e-05
7843.6,6.5948861060570675e-06
7844.0,0.0001853372041893409
7844.400000000001,0.0011802910896284683
7844.8,0.0011744290262240926
7845.200000000001,6.0521748654990864e-05
7845.6,0.001808175654063751
7846.0,2.6362492864741003e-05
7846.400000000001,0.0001426199825788704
7846.8,0.0005130992247803666
7847.200000000001,0.0010276796315613396
7847.6,5.338750821505858e-06
7848.0,0.0003484751775524444
7848.400000000001,0.00021715684274645463
7848.8,0.00021690191700316657
7849.200000000001,0.0006195724018183337
7849.6,4.11970096594287e-05
7850.0,0.000620575016774693
7850.400000000001,0.0005902263628102352
7850.8,0.00017093805525998917
7851.200000000001,0.0007692742496087617
7851.6,0.00023826325764759643
7852.0,2.5855680890049386e-05
7852.400000000001,4.480698739247363e-05
7852.8,4.0001726240947505e-05
7853.200000000001,0.0003426138110971683
7853.6,4.920735409625246e-05
7854.0,2.6636176872767924e-05
7854.400000000001,0.0008192536446916317
7854.8,0.0010015534848588927
7855.200000000001,0.00031392397817578004
7855.6,0.0010858880429273274
7856.0,0.0006691137061240383
7856.400000000001,0.0005405095831933488
7856.8,0.0005027288340559421
7857.200000000001,0.0005988830443947603
7857.6,4.657764540206221e-05
7858.0,0.00014103202976072923
7858.400000000001,5.875480001699376e-05
7858.8,0.00042620687198613346
7859.200000000001,0.0006811427365377004
7859.6,7.35003776352357e-06
7860.0,3.7471670857830826e-06
7860.400000000001,9.082552008280978e-05
7860.8,0.000636865844153039
7861.200000000001,0.00030465453581182965
7861.6,2.259232659637352e-05
7862.0,0.0001505476112399633
7862.400000000001,2.0632489550702332e-05
7862.8,4.075007550213723e-05
7863.200000000001,4.5404440069450974e-05
7863.6,0.00040948806625179746
7864.0,5.7129096738567245e-06
7864.400000000001,8.174835592988849e-05
7864.8,0.0005174780100135414
7865.200000000001,0.0001538237747348321
7865.6,0.0005226074172418466
7866.0,0.0003651465108670194
7866.400000000001,0.0004462883906511757
7866.8,8.2342153454779e-05
7867.200000000001,0.00022683396556877
7867.6,0.00041886061296200587
7868.0,9.304234718869201e-06
7868.400000000001,0.000201850197837195
7868.8,0.0002805974205181576
7869.200000000001,0.00014601775653570997
7869.6,0.0005707042866993578
7870.0,1.627105358234223e-05
7870.400000000001,0.0005477589192829608
7870.8,0.0008146754172564503
7871.200000000001,7.870663701309729e-05
7871.6,0.000760067755056543
7872.0,0.00016239852472499134
7872.400000000001,1.53012513953307e-05
7872.8,0.00014575550929611832
7873.200000000001,0.0001274660595611882
7873.6,0.0001460911144095481
7874.0,0.00044461718367285635
7874.400000000001,0.0004970319015371882
7874.8,0.001137855943185156
7875.200000000001,0.0011959929796980838
7875.6,6.920216085902413e-05
7876.0,7.50006093668064e-05
7876.400000000001,7.112179664227168e-05
7876.8,0.0009706861730595877
7877.200000000001,0.00038361446110466465
7877.6,0.0006855473665693494
7878.0,0.0003869743082134877
7878.400000000001,0.0006244017944212764
7878.8,0.0005886905922835155
7879.200000000001,0.0008655216952206957
7879.6,8.76672546319073e-05
7880.0,0.0006769502533681309
7880.400000000001,0.0005802391419661166
7880.8,0.0004696071493551105
7881.200000000001,0.00010660387165166505
7881.6,0.0002451224841306035
7882.0,0.00013104101156702483
7882.400000000001,0.00026643139521961406
7882.8,0.00034577903986388086
7883.200000000001,3.7656754430249385e-05
7883.6,0.001045730892822581
7884.0,8.482830224157113e-05
7884.400000000001,3.4757017327664774e-05
7884.8,0.00034073992982691116
7885.200000000001,0.00010090156337226689
7885.6,2.062195280212485e-05
7886.0,0.0010172321698987499
7886.400000000001,0.0004748393845927124
7886.8,0.0003846218872336239
7887.200000000001,0.0002996466680192533
7887.6,0.0006240512310201363
7888.0,0.00035196095780889243
7888.400000000001,1.5703545737886002e-05
7888.8,0.0006281655240315266
7889.200000000001,1.2420408482101745e-05
7889.6,8.109962851254486e-05
7890.0,0.00019616251161904622
7890.400000000001,2.440248045875012e-05
7890.8,0.000696492863958487
7891.200000000001,0.0002898761416211297
7891.6,8.845860863006032e-05
7892.0,0.0002646777091931394
7892.400000000001,0.000122779722154923
7892.8,0.00046229754517323514
7893.200000000001,0.00048742685351983934
7893.6,0.00048626561336095826
7894.0,0.0005049413939345387
7894.400000000001,0.0004924887405016247
7894.8,0.0004480335221515413
7895.200000000001,0.00025125715204862343
7895.6,2.9742719150266963e-05
7896.0,8.869305941598832e-05
7896.400000000001,0.00010931472760287806
7896.8,0.00020063196896609854
7897.200000000001,0.0009471249872627833
7897.6,0.00020853383249645643
7898.0,0.0011422379720169367
7898.400000000001,0.0007643395225072305
7898.8,0.00031813779845412516
7899.200000000001,0.0007006879875987696
7899.6,0.0008756475417800585
7900.0,0.0005105144057977749
7900.400000000001,0.0002140131099943338
7900.8,0.000304002095364135
7901.200000000001,0.00012972423739996284
7901.6,0.00020700741566743007
7902.0,0.0005312888303921987
7902.400000000001,0.00020205201786368084
7902.8,0.0005242380358602184
7903.200000000001,0.00024695038010680715
7903.6,0.0010048521252785888
7904.0,0.00010791462655210962
7904.400000000001,0.0001137628266149931
7904.8,0.00022949024268833763
7905.200000000001,0.0002649576813121927
7905.6,0.0004317838629296747
7906.0,0.0016611927522907797
7906.400000000001,0.0005113479440989949
7906.8,7.040777110148656e-05
7907.200000000001,0.00032070939994529896
7907.6,0.0005171152437401602
7908.0,0.0002532198175575053
7908.400000000001,8.351894556391621e-05
7908.8,0.0005242169815069208
7909.200000000001,0.00023146512179754948
7909.6,0.0005818690995432952
7910.0,0.0005316961004326828
7910.400000000001,0.00018956584811511535
7910.8,0.00018815847395875775
7911.200000000001,0.00033707210371121946
7911.6,3.46110898474586e-05
7912.0,3.5614660796846205e-05
7912.400000000001,0.0007788296293535727
7912.8,0.0010681439324291347
7913.200000000001,0.00027794207251172117
7913.6,5.387654760936729e-05
7914.0,8.771659184398297e-05
7914.400000000001,0.0003226716951948492
7914.8,0.00037997555360325043
7915.200000000001,0.00014100141638269948
7915.6,8.85692619363256e-05
7916.0,0.0010483311222814653
7916.400000000001,0.0009384406849114095
7916.8,2.426721215707933e-05
7917.200000000001,0.001057299788499072
7917.6,0.0005447126631785561
7918.0,0.0004945861765774637
7918.400000000001,0.0003609563366290183
7918.8,0.0016692614259398054
7919.200000000001,0.00013733594102984062
7919.6,0.0010819763324705807
7920.0,0.0001302709777122568
7920.400000000001,0.0006360234754631666
7920.8,0.0001835214966051241
7921.200000000001,0.00013116681785189824
7921.6,7.18017939754002e-05
7922.0,0.00015342394192558934
7922.400000000001,0.0004941426485340654
7922.8,6.111858797186081e-05
7923.200000000001,8.967449034732738e-05
7923.6,0.0004937576891208975
7924.0,0.0001562000557671822
7924.400000000001,4.629463513456187e-05
7924.8,0.0006408984158554142
7925.200000000001,0.0011088737831205532
7925.6,1.0031705264324572e-05
7926.0,0.0015759352253491665
7926.400000000001,0.0007931543699295128
7926.8,0.0009889961696847888
7927.200000000001,0.0006059659005815762
7927.6,3.909659981756098e-05
7928.0,0.0001241516548102319
7928.400000000001,0.00018112922356057314
7928.8,0.0003339968062614576
7929.200000000001,9.756117002441933e-05
7929.6,0.00014207542037623702
7930.0,4.8211975227897525e-05
7930.400000000001,3.109849395739151e-05
7930.8,0.00038467818994253626
7931.200000000001,8.157264906876344e-05
7931.6,0.00028614811122517286
7932.0,0.0006052055145818347
7932.400000000001,4.703512762534703e-05
7932.8,0.0010084542988944495
7933.200000000001,0.0009021001211976477
7933.6,1.556912294068739e-05
7934.0,0.0001569223565040053
7934.400000000001,0.0005129212687671072
7934.8,0.000952645788179355
7935.200000000001,0.0001527033702915975
7935.6,0.0009183289553527164
7936.0,0.00037033998918142635
7936.400000000001,0.0001922499930480904
7936.8,0.00047663561449148124
7937.200000000001,0.00045591966696427867
7937.6,0.00018401410140224378
7938.0,3.555511850012124e-05
7938.400000000001,0.00033219161166647714
7938.8,0.00108392002748142
7939.200000000001,0.00012194553257793947
7939.6,0.0015914923488414825
7940.0,0.0002298944369695759
7940.400000000001,0.0006541691458218888
7940.8,0.00047235022112577515
7941.200000000001,0.0002744070973052816
7941.6,1.6120192969206594e-05
7942.0,0.0002670279723528911
7942.400000000001,0.0005408096018563543
7942.8,4.467591427845261e-05
7943.200000000001,0.00040687688486410167
7943.6,0.0004165277397325307
7944.0,0.00011053785076670726
7944.400000000001,8.931572403240133e-05
7944.8,0.00045920909529897994
7945.200000000001,0.00022091175308097162
7945.6,1.270994580224871e-05
7946.0,0.00015434689719923207
7946.400000000001,0.00034200443927246224
7946.8,0.0010534099258669935
7947.200000000001,0.0002505410907252378
7947.6,0.0007903764282569387
7948.0,9.268951463594952e-05
7948.400000000001,0.000570693237070425
7948.8,4.7606305369865135e-05
7949.200000000001,0.00064214215468703
7949.6,0.000324373722485773
7950.0,0.00021170875140225724
7950.400000000001,0.00015786985395926833
7950.8,0.0006869404413846251
7951.200000000001,0.0005541647595545717
7951.6,0.00020524873865709631
7952.0,0.0009027926319398926
7952.400000000001,0.0010987477694289324
7952.8,7.008472969505102e-06
7953.200000000001,0.001119474063001034
7953.6,7.549383638043525e-06
7954.0,0.0002655461049499026
7954.400000000001,3.580448556222129e-05
7954.8,0.00039000158177029764
7955.200000000001,0.00041413633982351347
7955.6,0.00016558531685330306
7956.0,0.00018956696120029192
7956.400000000001,0.0002958934894438043
7956.8,0.00047339983384256173
7957.200000000001,0.0001911717192733748
7957.6,0.00012240479543251657
7958.0,0.000708736580208041
7958.400000000001,0.0002923814692934649
7958.8,4.365031501566899e-05
7959.200000000001,0.0021333604434245344
7959.6,0.0025008130444030313
7960.0,0.000921007688716305
7960.400000000001,0.0007148501238850212
7960.8,0.0001666214960526736
7961.200000000001,0.00016428604953303556
7961.6,0.0006828907792710446
7962.0,6.959214170764085e-05
7962.400000000001,0.00020547908253819644
7962.8,8.068654576728458e-05
7963.200000000001,0.00017913643073438543
7963.6,0.000530491523588064
7964.0,0.000779885009945071
7964.400000000001,0.0015548904541810083
7964.8,0.0016007164365185623
7965.200000000001,7.988178287086048e-06
7965.6,1.4560731361907369e-05
7966.0,0.0004208621911481405
7966.400000000001,0.0004874197677131799
7966.8,2.141287484586908e-05
7967.200000000001,0.0005356693394371413
7967.6,0.0002656186816862504
7968.0,0.00019354380048662275
7968.400000000001,0.0005893853770219573
7968.8,0.00025231438726426705
7969.200000000001,0.0009109033078806624
7969.6,6.278909126951873e-05
7970.0,0.0005306687137666084
7970.400000000001,0.00043962520955673895
7970.8,0.001192433707021313
7971.200000000001,0.00034240967018276075
7971.6,0.00019069455406567763
7972.0,0.00013985381992949429
7972.400000000001,0.00016871134375648329
7972.8,0.0006259386414152817
7973.200000000001,2.788125418548934e-05
7973.6,0.0002326528545861868
7974.0,0.0006357303227002486
7974.400000000001,0.00025412252926242237
7974.8,0.0013314333002215277
7975.200000000001,0.0005183287392063002
7975.6,0.00014894840509462295
7976.0,0.00036135046384062945
7976.400000000001,0.0002367173029154253
7976.8,0.00020061963443857305
7977.200000000001,0.00010659586802377764
7977.6,0.00033285665921979016
7978.0,8.880176694233271e-05
7978.400000000001,0.000541569219377505
7978.8,0.0001299965737701506
7979.200000000001,2.1617847867375955e-05
7979.6,0.0008700152752750429
7980.0,0.0004197773903805406
7980.400000000001,0.0005080705629297064
7980.8,6.78451291205582e-05
7981.200000000001,0.0008717015897040666
7981.6,0.00011199054553391783
7982.0,4.0811390458011375e-05
7982.400000000001,0.000466662311721722
7982.8,5.8253306316316156e-05
7983.200000000001,7.385978207818337e-05
7983.6,0.0005159179461137606
7984.0,0.0010670946117224947
7984.400000000001,0.00038427415411678437
7984.8,0.00018185025444055261
7985.200000000001,0.00010779200132476723
7985.6,7.335826196833473e-05
7986.0,0.0008128269027650331
7986.400000000001,0.00044131387047749237
7986.8,0.00016340719761043316
7987.200000000001,0.0005885340328431957
7987.6,9.959440366380607e-05
7988.0,0.000406255675492674
7988.400000000001,0.00010561058050567153
7988.8,0.0006970609479085599
7989.200000000001,0.0008469822729635995
7989.6,0.00027294949819279396
7990.0,0.00010332446434957698
7990.400000000001,0.00018752088025754458
7990.8,0.0001110029511929373
7991.200000000001,0.0005187236381465746
7991.6,0.000345890228161336
7992.0,0.0006694953078657201
7992.400000000001,0.000261577943854571
7992.8,0.0004291760388507972
7993.200000000001,0.00018440724836421698
7993.6,0.0006277640882073758
7994.0,0.0002722328458839311
7994.400000000001,2.2171698500046067e-05
7994.8,0.0002943216468431292
7995.200000000001,0.0011494810536914542
7995.6,0.00032510319881780974
7996.0,0.00021900772380015809
7996.400000000001,0.0004864822472063047
7996.8,0.0010104371424831048
7997.200000000001,0.0002565686828930835
7997.6,9.691977039145655e-05
7998.0,0.0004839354098687854
7998.400000000001,2.525694563702267e-06
7998.8,0.00014094062114168907
7999.200000000001,0.00045863719398108333
7999.6,0.00014950687231828143
8000.0,0.0010211619889177062
