{
  "total_time_hours": 31.25,
  "n_steps": 10,
  "initial_porosity": 0.019889,
  "initial_defects": 0.024238,
  "final_porosity": 1.0,
  "final_defects": 0.965179,
  "porosity_growth_rate": 0.031363551999999996,
  "defect_growth_rate": 0.030110112
}