{
  "vacancy_formation": {
    "mean": 1.393331048521808,
    "std": 0.1836598413788237,
    "min": 1.0260143525799266,
    "max": 1.9936621079135106,
    "q25": 1.2520974819226773,
    "q50": 1.3925096849112304,
    "q75": 1.5189354563966757
  },
  "grain_boundaries": {
    "by_type": {
      "mean": {
        "mixed": 1.72248311108139,
        "tilt": 1.452770755491873,
        "twist": 1.533703195289197
      },
      "std": {
        "mixed": 1.403126709271179,
        "tilt": 1.114202031672399,
        "twist": 1.263160040952003
      },
      "min": {
        "mixed": 0.5359112338958889,
        "tilt": 0.5337904158006901,
        "twist": 0.63733268203754
      },
      "max": {
        "mixed": 4.573340016714592,
        "tilt": 4.617496669828966,
        "twist": 4.330090910754207
      }
    },
    "misorientation_correlation": {
      "r": -0.6355197159101985,
      "p_value": 1.0531990511843615e-05
    },
    "overall": {
      "mean": 1.5694265008924682,
      "std": 1.2349198380564232
    }
  },
  "activation_barriers": {
    "by_mechanism": {
      "mean": {
        "interstitial": 0.18534729464347863,
        "interstitialcy": 0.4831741443965396,
        "solute_drag": 2.0959666249961524,
        "vacancy": 1.2203842404560834
      },
      "std": {
        "interstitial": 0.04065963621775667,
        "interstitialcy": 0.0908252801885257,
        "solute_drag": 0.2980015459855259,
        "vacancy": 0.1261082334985212
      },
      "count": {
        "interstitial": 13.0,
        "interstitialcy": 17.0,
        "solute_drag": 14.0,
        "vacancy": 16.0
      }
    },
    "overall": {
      "mean": 0.9915525980391643,
      "std": 0.7399276757555215,
      "range": [
        0.10350319817241245,
        2.434436026805514
      ]
    }
  },
  "surface_energies": {
    "by_miller": {
      "mean": {
        "(100)": 2.1748173153102703,
        "(110)": 1.6555189433677229,
        "(111)": 1.9129002747170258,
        "(210)": 2.046565238925433,
        "(211)": 2.0187517206704224,
        "(310)": 1.802043530787533
      },
      "std": {
        "(100)": 0.3619643123358174,
        "(110)": 0.3396172962276298,
        "(111)": 0.04648937432742765,
        "(210)": 0.2175402175414879,
        "(211)": 0.21315843971299686,
        "(310)": 0.4894357978725894
      },
      "count": {
        "(100)": 5.0,
        "(110)": 4.0,
        "(111)": 4.0,
        "(210)": 4.0,
        "(211)": 4.0,
        "(310)": 4.0
      }
    },
    "oxidation_effect": {
      "clean": 2.1365291482180524,
      "oxidized": 1.5370262363396252
    }
  }
}