timestamp,zone_1_air_temp_c,zone_1_relative_humidity_pct,zone_1_operative_temp_c,zone_2_air_temp_c,zone_2_relative_humidity_pct,zone_2_operative_temp_c,zone_3_air_temp_c,zone_3_relative_humidity_pct,zone_3_operative_temp_c,zone_4_air_temp_c,zone_4_relative_humidity_pct,zone_4_operative_temp_c,zone_5_air_temp_c,zone_5_relative_humidity_pct,zone_5_operative_temp_c,zone_6_air_temp_c,zone_6_relative_humidity_pct,zone_6_operative_temp_c,zone_7_air_temp_c,zone_7_relative_humidity_pct,zone_7_operative_temp_c,zone_8_air_temp_c,zone_8_relative_humidity_pct,zone_8_operative_temp_c,zone_9_air_temp_c,zone_9_relative_humidity_pct,zone_9_operative_temp_c,zone_10_air_temp_c,zone_10_relative_humidity_pct,zone_10_operative_temp_c,zone_11_air_temp_c,zone_11_relative_humidity_pct,zone_11_operative_temp_c,zone_12_air_temp_c,zone_12_relative_humidity_pct,zone_12_operative_temp_c,zone_13_air_temp_c,zone_13_relative_humidity_pct,zone_13_operative_temp_c,zone_14_air_temp_c,zone_14_relative_humidity_pct,zone_14_operative_temp_c,zone_15_air_temp_c,zone_15_relative_humidity_pct,zone_15_operative_temp_c,zone_16_air_temp_c,zone_16_relative_humidity_pct,zone_16_operative_temp_c,zone_17_air_temp_c,zone_17_relative_humidity_pct,zone_17_operative_temp_c,zone_18_air_temp_c,zone_18_relative_humidity_pct,zone_18_operative_temp_c,zone_19_air_temp_c,zone_19_relative_humidity_pct,zone_19_operative_temp_c,zone_20_air_temp_c,zone_20_relative_humidity_pct,zone_20_operative_temp_c,zone_1_co2_ppm,zone_1_pm25_ug_m3,zone_1_pm10_ug_m3,zone_1_tvoc_ppb,zone_2_co2_ppm,zone_2_pm25_ug_m3,zone_2_pm10_ug_m3,zone_2_tvoc_ppb,zone_3_co2_ppm,zone_3_pm25_ug_m3,zone_3_pm10_ug_m3,zone_3_tvoc_ppb,zone_4_co2_ppm,zone_4_pm25_ug_m3,zone_4_pm10_ug_m3,zone_4_tvoc_ppb,zone_5_co2_ppm,zone_5_pm25_ug_m3,zone_5_pm10_ug_m3,zone_5_tvoc_ppb,zone_6_co2_ppm,zone_6_pm25_ug_m3,zone_6_pm10_ug_m3,zone_6_tvoc_ppb,zone_7_co2_ppm,zone_7_pm25_ug_m3,zone_7_pm10_ug_m3,zone_7_tvoc_ppb,zone_8_co2_ppm,zone_8_pm25_ug_m3,zone_8_pm10_ug_m3,zone_8_tvoc_ppb,zone_9_co2_ppm,zone_9_pm25_ug_m3,zone_9_pm10_ug_m3,zone_9_tvoc_ppb,zone_10_co2_ppm,zone_10_pm25_ug_m3,zone_10_pm10_ug_m3,zone_10_tvoc_ppb,zone_11_co2_ppm,zone_11_pm25_ug_m3,zone_11_pm10_ug_m3,zone_11_tvoc_ppb,zone_12_co2_ppm,zone_12_pm25_ug_m3,zone_12_pm10_ug_m3,zone_12_tvoc_ppb,zone_13_co2_ppm,zone_13_pm25_ug_m3,zone_13_pm10_ug_m3,zone_13_tvoc_ppb,zone_14_co2_ppm,zone_14_pm25_ug_m3,zone_14_pm10_ug_m3,zone_14_tvoc_ppb,zone_15_co2_ppm,zone_15_pm25_ug_m3,zone_15_pm10_ug_m3,zone_15_tvoc_ppb,zone_16_co2_ppm,zone_16_pm25_ug_m3,zone_16_pm10_ug_m3,zone_16_tvoc_ppb,zone_17_co2_ppm,zone_17_pm25_ug_m3,zone_17_pm10_ug_m3,zone_17_tvoc_ppb,zone_18_co2_ppm,zone_18_pm25_ug_m3,zone_18_pm10_ug_m3,zone_18_tvoc_ppb,zone_19_co2_ppm,zone_19_pm25_ug_m3,zone_19_pm10_ug_m3,zone_19_tvoc_ppb,zone_20_co2_ppm,zone_20_pm25_ug_m3,zone_20_pm10_ug_m3,zone_20_tvoc_ppb,zone_1_illuminance_lux,zone_1_daylight_factor,zone_2_illuminance_lux,zone_2_daylight_factor,zone_3_illuminance_lux,zone_3_daylight_factor,zone_4_illuminance_lux,zone_4_daylight_factor,zone_5_illuminance_lux,zone_5_daylight_factor,zone_6_illuminance_lux,zone_6_daylight_factor,zone_7_illuminance_lux,zone_7_daylight_factor,zone_8_illuminance_lux,zone_8_daylight_factor,zone_9_illuminance_lux,zone_9_daylight_factor,zone_10_illuminance_lux,zone_10_daylight_factor,zone_11_illuminance_lux,zone_11_daylight_factor,zone_12_illuminance_lux,zone_12_daylight_factor,zone_13_illuminance_lux,zone_13_daylight_factor,zone_14_illuminance_lux,zone_14_daylight_factor,zone_15_illuminance_lux,zone_15_daylight_factor,zone_16_illuminance_lux,zone_16_daylight_factor,zone_17_illuminance_lux,zone_17_daylight_factor,zone_18_illuminance_lux,zone_18_daylight_factor,zone_19_illuminance_lux,zone_19_daylight_factor,zone_20_illuminance_lux,zone_20_daylight_factor,zone_1_noise_level_db,zone_2_noise_level_db,zone_3_noise_level_db,zone_4_noise_level_db,zone_5_noise_level_db,zone_6_noise_level_db,zone_7_noise_level_db,zone_8_noise_level_db,zone_9_noise_level_db,zone_10_noise_level_db,zone_11_noise_level_db,zone_12_noise_level_db,zone_13_noise_level_db,zone_14_noise_level_db,zone_15_noise_level_db,zone_16_noise_level_db,zone_17_noise_level_db,zone_18_noise_level_db,zone_19_noise_level_db,zone_20_noise_level_db,building_avg_temp_c,building_avg_rh_pct,building_avg_co2_ppm,building_avg_illuminance_lux
2025-01-01 00:00:00-05:00,20.004944394327524,65.1855868517109,19.91366322817865,19.323106482631186,68.14936685018364,19.056144626053236,20.013385589667458,62.07670252574969,19.95269284368409,20.741626108185578,66.84877573130197,20.525524661314737,19.241635718691892,65.5132834502453,19.82895594599767,20.58458935067087,60.09809783814037,20.634507634660974,19.973347755221987,63.714953825644194,20.200186332583428,19.92771307799571,57.49744005096459,19.475706288171402,19.997814992484187,63.09657365980087,19.95597959192763,20.48256908687685,58.080576733402644,20.250409285545462,20.4604487733125,60.39581930415226,20.120205859516464,19.2300896077853,61.12354668964585,19.476163441782383,19.394804980269672,64.20289574919053,19.286563939069268,20.0374827729883,55.35150590844263,20.09677366703298,20.306306561273864,59.84750598258342,20.316272682894635,20.17828815004957,55.271070095164085,20.04421284099723,20.13921496115766,65.02680966928733,19.880358740331573,19.54994378383045,58.70415864015939,19.505808212172262,20.31878179195368,64.19911639308431,19.919848194742332,21.10047570645415,64.68527447668765,20.774228599221445,450.1728808467235,3.1975876595557495,6.128104365068029,374.8876757185094,398.4808370751303,2.9204259284392453,6.78666553440016,280.0259592461036,410.97905438420776,2.953103639528542,4.182070154990771,330.89529500306776,404.22101512019833,3.612179460440476,4.150781023792785,308.85075283471105,463.83919868457366,4.032194906017944,5.08060932953013,400.8266201974401,438.8549081981802,3.427540241917241,6.73952794941169,372.18255444771586,389.30288173191667,3.087340051903473,4.8241768695085385,370.9544770828873,399.79904769637574,3.430823722369197,5.6825472027734385,401.00786462331473,403.1819692038832,5.529923845422609,5.616270035391172,351.8910019418011,444.0326168506322,3.4015503534065026,4.021206020317883,331.0238885802942,403.93317861807094,4.634677850304875,7.266260979695732,356.9445001688236,428.97828995257214,6.15885982769552,5.197636733879013,412.40842000484895,413.77000160629217,3.3980215350036955,8.310244139570536,313.66539947691945,385.2211134343916,3.1788449726840424,6.087580296522614,393.4100111031694,409.7711986241419,4.822650009680484,5.320544315279761,298.64078891351,425.23561650225514,2.845010116914113,5.803605232253628,447.6134409331054,434.25668164739136,3.568023581531893,6.781303954153791,409.7787312851924,466.9202829144538,3.035440029297525,5.004122372828045,411.94364118210837,445.49699597407437,2.3932729567403577,6.669269256660213,337.4366027099775,394.96355752934835,3.232714989299233,9.849352893981319,405.84716224461386,0.0035665198014912416,-0.03273643057177585,-0.014892046484023515,0.0008940132504824576,-0.024683390262204882,0.04499368888058973,0.018285681977153922,0.013187820277195422,0.01009711059477109,0.01658829569420934,0.022378363095998183,-0.031167701301884794,-0.050896951863514096,-0.04510791660057698,-0.0014375957477456805,-0.007147585746878695,0.015505769908857232,-0.10025670630680064,-0.05455608260961348,-0.040604971011829034,0.03163958394216066,-0.003312311140978812,0.0731973440770579,0.027337653912011557,-0.029326447120286897,-0.006050751550526558,-0.01002041317287574,-0.001803387644346128,0.09070696116179394,0.01729643959105935,-0.058284204554486824,0.006992937440505007,-0.04440301960804718,-0.110309254503282,-0.015476480928726395,-0.0044906673468163094,-0.03870490981792035,0.047474142087125054,0.00018604910837648696,0.02155404923888367,54.73682369945017,54.07634329927713,56.018282802489985,51.342896851738985,54.05854914597402,52.47495284552904,52.4670152074521,48.772478382373045,52.44589977019843,55.752409718751835,54.4417552023355,55.504377812636974,55.65078676080353,54.22262938419357,53.28254592795208,53.302520604915884,55.58878632967985,54.799754135163944,52.46394696296169,54.46745157036793,20.228240791552178,64.38633078649481,427.1084709705978,-0.05555382657914979
2025-01-01 00:15:00-05:00,18.987145212742735,51.68512281438263,18.872672700051087,18.86486700209608,53.128544083977644,18.36212075589664,19.99205585697842,45.951051935859574,19.44156170596826,18.68469343825501,52.27096481553806,18.366032271028086,18.73861752285394,50.2760523524378,19.08256879830303,20.313139699717933,46.533228638202104,20.479851950377746,19.509546079055017,42.18876762767396,19.29628113314217,19.145043753896722,51.5719757190639,18.8318201996361,19.053684958951795,45.5589337119353,19.517030920380883,18.969338490658686,46.3092652736002,19.183801308365627,19.038130905576615,48.88132590724744,19.295283055279167,18.757737553105283,49.194222629415286,18.624804565489654,18.667246108456848,50.96589591170392,18.723061278530288,19.679229505957704,47.58595652643395,19.557613932984008,19.304636547494788,48.63174114595323,19.273981765114115,19.216186045421228,51.92697137156023,18.605036464732752,18.90155866320817,55.010922440796065,18.747747886719647,19.420970673161758,52.76752380950642,19.11179601844485,18.799262762575626,54.41049784329121,18.761935057421407,19.57073372274724,48.98486941276239,19.492190644349044,460.723741331117,6.2598910305760675,10.602995659733498,413.5317570863975,452.55455516219104,6.849524093393069,10.600754946676249,339.5466601969401,415.341404477371,5.960383911357972,8.108991726128567,292.0412790797541,437.9697825366775,5.73302839577241,9.592951008534886,315.52062492673303,434.12672081495106,4.151609073533773,10.47724389513212,386.2190230361195,447.2646550373237,9.444539785928578,21.766973524803785,480.5421433523786,458.83349491141405,4.310687319846727,12.1406450392582,326.7640684792307,416.69521137543273,4.687576013185816,10.841532007667475,301.6629681147795,441.1254585723721,5.912512918668836,10.271947848721721,438.92066367491384,439.30098574825007,6.402039565596543,8.826339028699875,308.1768233832944,413.7909244566163,4.177335602780875,9.216859061726176,329.8909851850725,448.0196595193784,4.119250042493444,11.657368917986489,276.51944422121215,450.5880848032719,4.8087804083391354,9.275303874272506,253.7964245708931,428.6903999434412,4.838345528379183,7.80363306167602,281.17646722315374,439.0581944233686,5.933323660849483,9.365804344812895,354.2510927193495,435.62216923853555,5.716899414878266,14.52694729826505,417.39068376143405,461.3744452942815,5.868477892521322,12.313460808447005,383.95532650769394,437.10483030697634,5.220754502754443,10.827621420170514,414.1460477244753,469.0128158922979,4.85712650408026,8.530546142688307,331.7500620656642,446.7177556699111,5.298208191283037,11.094108184654239,380.2129005069567,0.02184528852066393,0.0425190084887205,0.033329219333580476,-0.09826768215980262,0.041314434399884664,-0.04269611417119656,0.05130595770751004,-0.12247137373973015,-0.0530076224008106,-0.06165898451052514,0.008226511324970147,0.018344350433987352,-0.09416756611483705,0.06615892133989996,-0.032580831759065725,-0.10342339923239366,0.10002650493389742,-0.020594442440390222,0.04801774709582196,-0.02419098027028633,-0.04931027065455429,-0.1127800663840578,-0.023813238324320838,0.06074014719530409,0.05212200509628523,-0.04134980864799476,-0.030799589082715108,-0.11909552994855284,-0.0014099044934686614,0.005088100613537396,0.05798338186276937,-0.026338129709068403,-0.11632698837484041,0.03400925396768758,-0.06545373623287129,0.05684271509691916,0.060837988366690625,-0.08179994454148143,0.0039326693937598925,0.002118118905409318,38.76889827370828,40.791447228211,38.4368582237838,42.1364296893741,44.37427116647866,39.48374239885322,38.51964094865699,39.270770198677724,39.46286498247497,41.47283667409868,38.11955859780442,40.14563313565878,37.09259004553697,37.862682148033485,41.75580058785389,41.785354438424186,37.95707788943338,38.854744418593306,41.23268125869551,42.98841060218504,19.245256369965837,48.81397565245541,479.79464836234786,-0.029480230125263737
2025-01-01 00:30:00-05:00,20.023093633334902,67.58208776000644,19.540977862681796,20.766476861790473,65.32349476611078,20.49645773685658,19.640046983686243,78.94467413599865,19.497175147536215,19.577693060155063,64.6636610163649,19.676180945599164,19.394469368631764,65.46133431046717,19.510320155615577,20.075817740875884,65.59962341142358,20.353111188297486,19.347842264898723,68.10933450363133,19.78959956574076,19.64512488817587,67.73036462750454,19.393493949476685,19.321513953895206,68.07704740371892,19.37794302564357,19.927796073342993,64.08461048084231,20.150492097866056,20.681197333707754,68.17031899802004,20.374731023085406,19.84208537969863,61.38038153187596,19.460900295323153,20.08091765482608,66.01288761962554,19.51903318634477,19.578548956218985,70.72103106988614,19.392060761514514,19.802674403410418,73.19711529989118,20.31410441467269,20.651590238234522,68.19738228366454,20.788071936666096,20.323131050734037,65.78373651954404,20.332034960106718,19.996138319240323,67.80924020190533,19.91222293642258,20.540628532657845,69.06716699562679,20.637629068185056,19.672599002302068,61.906558734475766,19.863694229316163,406.71159862813886,3.511080002909026,8.098633822487269,341.5852831892725,426.55407876209136,4.5820835834015705,7.1980410440046425,341.9954139314569,487.73381739204285,4.205305000327321,6.834365643082168,476.68694998901253,460.4928254929986,4.119112043720748,7.5575828378551835,529.566219364515,407.0430549911466,3.87871044354267,5.286500570708223,485.85963635622005,434.5276183704518,6.969519201561404,13.49902628746728,411.5062301858709,434.6916289712027,3.5087464180466084,7.763220074409576,426.3916718593469,460.2917521767359,2.40019347875821,6.230116286189073,369.31625896855127,426.0938709462493,3.3295034560772745,5.236935688230721,289.70803977766576,419.79809696081924,3.329297432082532,6.547696424999829,371.6153495153421,414.50196289430386,3.36831836592459,6.415093076396155,366.5584555963624,424.5161132749079,3.4064241508076787,5.479785532990697,302.26416319090345,375.8264657836594,3.098597638075971,7.138427413836077,341.03959681828434,440.9473404143611,2.9668417743222335,5.028400368773249,354.71454329767954,402.1329977768154,4.505806351625673,6.989427870409636,270.0523302672961,423.4457832522949,3.6108493145430955,4.912824775997217,449.91674231058045,426.2429123918493,3.926025828969902,6.82152295932802,247.80980158262034,421.26804014115345,3.912158435302697,7.308532971374995,266.7310835933083,487.9190804331987,3.0448074054089225,7.964028688551113,441.79486356899906,434.3044477645517,2.19694152199168,4.508748589448338,263.7864904613436,-0.01673663716916481,-0.010989715171876847,0.012984950397092672,-0.008397563671456046,-0.06959041624088562,0.027683098570269418,-0.021856304940174962,-0.08062103327218595,-0.02852107239504517,-0.05288255760179847,-0.008598770673261029,-0.027649835398385777,-0.08721866856599056,-0.011259158387758603,-0.07553483456615016,0.01738258808487533,0.04609094367981045,0.07383588578028234,-0.005998819241131264,-0.11970522301620633,0.02884560475458857,-0.04449287723638152,0.06165466813558136,0.028109588129925325,-0.06081538486837913,-0.05838546761677769,0.03516624799888034,-0.02789649942660787,0.06457559219481442,0.044002976787995966,-0.042656224350683725,0.06155980998234496,-0.041125090039186435,0.03478385806918839,-0.06019481138911701,-0.06035066046208292,-0.07081767681474796,0.047150066350059194,0.04618392812439315,0.007161471471778726,52.89420733352357,53.87141588438645,52.38957966083974,51.36949394433498,50.85519749611652,49.18665069215671,53.60057520550229,49.106744188951645,50.162244273095105,51.49833677489669,51.10390046256243,50.55711168911937,48.598133279978946,51.79906993193411,53.23394724930186,50.636318523943004,49.024537588899705,52.59283056674085,53.032793617374026,55.87414532646143,19.368778795009835,69.1421877502153,450.6784384680163,-0.03323185158374912
2025-01-01 00:45:00-05:00,20.030554096599445,80.96690310165778,20.6986083234913,20.821499071689757,78.10656369430748,20.920033694721745,20.423785366892034,75.24342317907966,20.55006511160992,20.048347697760377,78.86832557889778,19.6691714770536,21.790711301075,74.62724306694741,22.036186829023478,20.106931327350576,81.37969988331847,20.17638506893157,19.847152652229646,80.70205302868753,20.09512642230917,21.763445106392915,69.2297531187438,21.669852243229137,20.845994398781624,75.6118427781001,21.304378687379202,20.993419472046856,76.44478035765508,21.63616920368915,21.609563766863037,76.96830059909625,21.622958379249194,20.710677426578663,80.66499477712338,21.07835622903903,21.392976078597723,75.99429377037292,21.232617180590534,20.92327342570122,77.9746206285156,20.65640546964953,21.420698815671866,71.87027875840819,21.54244790200335,21.061649087902364,77.42197300471656,21.10945959910643,21.0839403192393,80.33800147381893,20.513106125433765,20.76446029530388,76.81723271160494,20.693116356818265,21.4133536728703,75.1186634952091,21.436591372104097,21.20402290331439,73.23752194106814,21.19956089059271,399.5227098721589,3.6279157404402627,9.596884809201113,346.573148165353,438.4444911136696,4.123053845395413,6.256026444502324,383.88244639584985,424.3583412722309,2.8226178497882737,5.507759379454139,357.45538178234335,465.3211614715374,3.808783504568577,7.446879040947545,289.0025317555185,445.8943159599165,3.7609639460955475,5.963998002988439,396.35119326914327,477.33022523190766,3.377360416369346,7.076979633807003,417.2400912919351,420.25505318883654,3.5589726965268436,7.354849052970667,725.6273373114936,400.502144784093,3.636450234343602,6.590989989766041,361.51474550819813,437.0223554282098,5.000876986400876,12.200418419520142,689.9768375230551,423.65381096958686,3.66911635820666,8.148404558795981,397.8184725335403,444.06359036569927,7.132802698912636,14.288269451947441,411.20318676805056,420.3213788338568,4.321568267338206,5.194630187929991,518.0638026816872,432.17760933402946,4.958949010130111,7.43004748066128,340.047116366682,440.653267767422,3.3225917502897744,6.25852637220667,361.96673928484864,415.45834120023017,4.3232312179052705,5.8333500866469254,265.96189226064337,453.38506710263925,3.6692512669354382,5.707447904516018,338.59997754953724,399.49673856080284,3.5789545735538644,8.052242273197184,337.3358360362753,418.28914797588317,4.23789704742193,8.2124482468212,377.4108107611894,397.861396757717,3.5584402925621337,5.297600782702678,335.1103594277135,434.7860614444094,4.404497198300865,5.502814653142421,339.9646378169784,-0.051387014837638134,0.013427306582685676,-0.03611329654465822,0.012736672054513749,0.05556237062734111,0.05393044331576111,-0.04260318744870116,0.0312880638167907,-0.015993677199026966,0.03785058450015122,0.007251693194947052,-0.007604812453000928,0.04345124118688459,-0.018056723023353177,-0.06360537478262283,0.047641105906893036,-0.03836715198582144,0.05144722718182855,-0.012372724869187023,0.044511074785283905,-0.007429289630701949,-0.0010974012504933945,-0.10878429779104822,-0.030556602907419846,0.08041852974486863,-0.0012382924543343598,-0.06252387159192309,0.01768073278107755,-0.04096271647404783,-0.05092399135845452,-0.01900116971835024,-0.060325837051583425,-0.047920743794322485,-0.023974656881084504,-0.0017274463795119795,-0.02457069089748978,-0.04883702715885684,-0.023945053239680714,-0.04274471241766204,-0.05506037321492921,69.55795170675493,68.15130302304017,67.39709257827737,69.06332214482238,72.43762380205132,68.68502548584198,69.77386845537247,69.77269270666945,68.4023658415618,69.85995678636495,67.45990883724818,69.03213210036554,67.14859347089384,66.41439586133974,64.9859127095926,65.68051695302404,66.13260068614065,70.48964375381811,68.5945202452404,69.28229611400626,21.028509079777407,78.00915369086414,427.8329673229528,0.012542610649687154
2025-01-01 01:00:00-05:00,-2.305843009213694e+18,-7.378697629483821e+18,-9.223372036854776e+17,-2.305843009213694e+18,-7.378697629483821e+18,-9.223372036854776e+17,-2.305843009213694e+18,-7.378697629483821e+18,-9.223372036854776e+17,-2.305843009213694e+18,-7.378697629483821e+18,-9.223372036854776e+17,-2.305843009213694e+18,-7.378697629483821e+18,-9.223372036854776e+17,-9.223372036854776e+17,24.83433767450117,-9.223372036854776e+17,-9.223372036854776e+17,26.866678379925844,-9.223372036854776e+17,-9.223372036854776e+17,26.411147318029858,-9.223372036854776e+17,-9.223372036854776e+17,26.581004796168795,-9.223372036854776e+17,-9.223372036854776e+17,26.790152526645723,-9.223372036854776e+17,-9.223372036854776e+17,26.637775920570416,-9.223372036854776e+17,-9.223372036854776e+17,20.88069987846345,-9.223372036854776e+17,-9.223372036854776e+17,22.554845260715986,-9.223372036854776e+17,-9.223372036854776e+17,28.10452982870973,-9.223372036854776e+17,-9.223372036854776e+17,26.301995682882236,-9.223372036854776e+17,-9.223372036854776e+17,23.865250332986957,-9.223372036854776e+17,-9.223372036854776e+17,23.234104074276566,-9.223372036854776e+17,-9.223372036854776e+17,21.76751705486991,-9.223372036854776e+17,-9.223372036854776e+17,24.17424801395999,-9.223372036854776e+17,-9.223372036854776e+17,27.980719963057968,-9.223372036854776e+17,-1.4551213358243378e+20,0.9921516456882334,0.9840353547681829,50.01198947908808,-1.4551213358243378e+20,1.0189730862329736,0.9104459532079355,49.966659965930894,-1.4551213358243378e+20,0.8884177409313653,0.8788497518966141,50.03818832320034,-1.4551213358243378e+20,0.941225058874942,0.9915707508808403,49.97867078346076,-1.4551213358243378e+20,0.9692464314734625,1.0907004945733358,49.99925935133207,398.2409833674191,0.861650453618343,0.9161052882138543,49.965563847721896,438.5061231634289,1.0884117152589647,0.9476435322627575,50.01083361428819,480.6172795061404,1.0367526779805845,0.770763520282155,49.98320257573036,433.3569253594791,0.9178883111614556,1.1128830273486991,49.97325447493125,434.0533690118822,0.9345651412553383,1.0445935157183641,50.03005343913983,470.3472013875321,1.0269811221365808,1.160177728214194,50.04029059777529,392.00742392790033,0.9734452131689515,0.9307907304385101,50.011921801226265,433.5000778235549,1.016261188644126,1.0432524300482136,49.98529621274652,494.36880099657134,1.1052456774085753,0.932206380240263,49.99505293948806,425.63062474764513,1.1859792220682224,0.8377054142392714,50.009211400778405,410.6313721426188,0.9681767159331872,1.0872956584437392,49.94662469523473,390.164085308517,1.0174348298444722,0.9715523414681527,50.022850545218056,453.91929221101657,0.8160281152263406,0.992222446145058,49.971425688085134,450.65067210052126,1.0404412414722992,0.9358854483468564,50.045133893857496,450.7941468500197,1.075533871157244,0.7931930747801327,49.93263829091333,-0.018350581788166426,-0.10130961772947787,0.0005975816141743927,0.09906931021872654,0.06914260350729097,0.021286521564752626,0.043212925222257274,0.036738884539246223,-0.030424574699595187,0.04597799643484809,0.031824185141208085,-0.13361671325541,-0.037889874272953566,0.010724230902860675,0.03339901796587621,-0.021142372549333002,-0.019988060370204105,0.0480230931590439,-0.00539743122984144,-0.04488323138291554,0.014942451638896563,-0.0712505887225858,0.014885284890023762,-0.01754957891342989,-0.006253088489965019,0.0940924279947391,-0.07852413112469078,0.0030254629843835326,-0.018559518733498124,0.053042210644447196,0.010877704607430738,-0.07424709227487279,0.010864098556959424,0.03941818886958954,-0.031017871855016255,0.0473037553162738,-0.03885234124430942,0.09812765070655825,-0.06537009381303491,0.05963966909259454,33.81339742384655,35.548405364447255,38.64260081353137,35.728553281186315,31.121188867071655,39.958708137419194,35.778809952160024,34.72239762365465,36.94294037807894,39.20483772988771,34.80753455253113,35.67603435634076,35.976589104495595,33.29276036995786,34.75781448109124,38.62114033320242,37.29500718049487,33.148050201131376,36.13798245205782,35.87543667697255,-9.223372036854778e+17,22.0916531117543,434.7532006866888,0.11365592524557958
2025-01-01 01:15:00-05:00,18.363608540091303,49.970096962896974,18.350293823358655,18.421296046560567,48.405218998013005,18.818646539669494,17.719579547185443,46.962808126275824,18.165987279432915,19.718883343956513,54.28667710480164,18.767198581993423,18.46005696127347,42.125828123261655,18.751680335156443,19.084189742574615,39.91444623037978,18.709502529309525,18.611891672113785,49.578535654995946,18.924949743689922,18.569740435807855,52.78671265892197,18.666300600685997,19.282068272006807,46.95825922721403,18.792648038053997,18.071429631886947,50.70280565183506,18.21853966464297,17.2186156796146,47.29549635125555,17.611038918974636,18.2722196761814,46.76388825331501,18.168259845614006,18.23590457570635,46.99855153428086,18.708610051807536,18.79916903649648,46.49288148880654,18.33284502569577,17.59249627588906,46.593042441206784,17.746662222930105,18.7575613562321,45.09672839111769,18.545194529092033,18.989188988998144,44.833877369565315,19.315751622283948,18.07416794357698,46.089066954838856,17.819119638435044,18.37539062707979,54.26015391397122,18.435727934445577,19.390474207970378,43.535457588957584,19.385798954003878,459.968194947209,2.961030370623953,4.6757734308172685,382.126766012678,476.74202406424115,2.7460471007413956,4.159760580583246,355.9517255725064,404.4338162080565,3.6225827986448214,4.526430731372943,379.01080276617466,475.2977956064963,4.935219325521668,8.174711938464542,451.7960431067903,418.9394812043517,3.2369981315447545,3.590278458986907,270.5970265066385,414.775641194535,3.6671891768445484,4.952887626946303,415.29005795633935,436.1497510433251,2.8530848262896527,5.3824187226071265,379.8961126042953,403.45481631855836,3.4163867845973384,6.7505616010851375,341.75558458456317,423.0523455570997,2.2713794791326443,4.063814237357084,373.66610108396617,477.49699881386016,3.4063835267803295,5.951439368337854,447.52388858843636,444.78962808792784,4.488482414838858,4.520747276344628,481.4020588584584,419.26772343245227,3.03665106712074,5.052043658838532,377.36653409713693,441.44697570748775,3.0798428780401768,4.7107840866437645,271.6378430848321,425.91262162156016,6.564016011363254,8.993509466250888,569.5798413900483,479.37629104580867,2.1761030501960206,5.336068996653949,411.61510466872056,398.2438273746181,3.3127417890894124,6.3048350865068405,268.17296392124916,427.3373490172144,2.0276347968587873,4.4276883033594165,344.70464857213193,437.0395251727493,2.629626939061164,3.913175041578418,310.5702567266103,460.57895408512024,2.8636133995465336,4.009240665433353,315.6891074763178,419.3089173817872,3.032726771984673,4.356194747429997,294.3446573181886,0.06843933155446279,0.10843649895698258,0.033455493936811895,0.004618985723181373,0.0051455427285547264,-0.028450836283786748,0.043907302534614,-0.00971086818645129,-0.0017248149962007632,-0.06614910890913461,0.04243997614267564,-0.04352802450309112,0.040918854911357834,0.011701378595072504,-0.027867053073388055,-0.014603143589104901,-0.06864139700081777,0.11761017118939752,0.06206038389587906,-0.012454424997866132,-0.019875582165383907,-0.07092680271803856,0.08027307176721481,0.06116422633905564,-0.011007184765193925,0.039755794986262395,0.0416018251306941,0.05201873558985191,0.033974057522268584,-0.04529259552630824,0.036923939068553006,-0.0198102636567083,-0.0647267975881159,-0.047512235337719415,-0.09639100903790543,0.016309507915167862,0.012562927100231153,0.013013852377335006,0.023752417326045785,-0.04081561623725013,37.704679124571406,32.93542269445279,34.37753083949203,34.48614641552469,36.903476408327954,33.34281625316744,36.89517812041292,34.22306821286503,36.276116605667056,33.781034446906986,33.534662299489185,37.07816915178198,35.85392497983776,36.94377958185713,32.703676197529,36.77902310482756,33.02557918136329,33.56768004108826,34.9095710506541,36.18945526800942,18.475655324648162,45.205100370761464,457.26827293801887,0.010286912224522859
2025-01-01 01:30:00-05:00,20.920809688470715,60.29997383701894,20.767796503018683,20.587197278024753,55.46698027129252,20.56161182100331,21.153306765270454,59.64493165986704,21.412629871265793,20.53751348727406,59.56962066260077,20.73306867338107,21.59274265339722,53.13344202188327,21.525024395309963,21.732112443777975,58.68298352326937,21.756921546995695,21.14696968794211,55.50919159025724,21.330177554031337,20.805538026674256,51.27411925814738,20.798167700383125,20.30004652416897,59.76715868876866,20.31848957676326,21.372272684108342,58.29289833405917,21.586008079712897,21.045113130748575,55.75646276306893,21.514337430981396,21.044152629411148,60.60917028181002,21.361734974341022,20.637105417630853,49.68402670163493,20.530469046788344,21.023712550907856,51.37659973995109,21.072029920449033,20.57581353781836,55.20547430210115,20.49036982364354,20.249082558068338,57.79672095727396,19.681381469253484,21.021855261136565,54.40257228361246,21.02412862202295,20.951573412218625,60.960478262620185,20.639352612344954,21.389786691476417,56.987142421292766,20.817402095460324,20.046746469741414,63.78848196201507,20.501680750696703,421.51035227708417,4.220159238316192,6.8494694450352345,345.67135211327115,380.3660432832099,5.699459546187051,11.474501560006459,288.29345164726504,401.8713837682379,5.039611056602905,9.089487600037673,233.50240155499955,391.0839424008591,7.499590242571445,10.2955314747149,456.30669969748,407.635300311681,5.30137251719767,10.762329685811842,425.67718207200016,462.32416481893557,8.374058900908656,17.09362311109449,462.5135146780999,412.9755763476457,4.488584834978953,9.175735890163777,294.48008916450607,440.7655980790301,5.966006076647778,8.57670049498338,375.204334564966,471.4050739152722,4.513247031001637,10.489943989970335,358.2765021291285,522.265472307892,7.0639658064987705,10.756583115986738,548.9877088694535,427.3360847812515,6.0696208954856345,9.892293736900388,260.62552549548195,444.8686091873258,5.873616348764272,10.116433307723259,293.68945328012506,395.3139372291498,7.550838391608992,8.911433772561573,283.0543183964438,418.5514545186733,6.082574555955668,10.555321577785419,356.4550301977636,385.36688627821417,4.360938646998387,8.602444490200677,429.7436562089611,403.3582872012479,5.6156951416769205,13.349598656313598,344.1623002589703,424.06297625674307,6.00416366563385,10.834419560685463,355.6699042124226,422.2069495288191,5.443891230711911,8.946023524160875,470.0346559093952,405.6241079218561,6.343704699126761,9.150577180109343,333.88306789972046,385.6158662760415,5.629104837280481,9.785030508996758,304.1318025090439,0.018730978470560787,0.01584679666085993,0.05538476113688112,0.021895830235600197,0.02638885063240967,0.009285331244360298,-0.03177388934425011,-0.024194482490508686,-0.014148910867434378,0.04297575874689558,0.060988943274313825,-0.021816264709077052,-0.022739049396187858,0.13003368696104084,-0.07375165830997023,-0.027860098570641645,-0.048649519379679734,-0.08724516074955131,0.0619225449592577,0.01265829745310129,-0.010548706668445646,0.04909472301511962,0.004965820011373776,0.0077606040684532925,-0.015663232790938505,-0.012586754658363206,0.011932914703659937,-9.806696126562418e-05,-0.03280172894117933,-0.13712098805710002,0.018565134651294692,-0.011426743015029184,-0.022202978034472826,-0.020857264295878062,-0.03990611341749015,-0.05915648766960893,-0.0007918774057542194,0.06081972001668608,-0.06974074674938241,0.015402671373518653,62.46363076364717,66.42019691749256,68.43359857570162,68.2483513680429,67.40854681111412,68.98301412251392,65.84170167953828,66.50313443230425,67.60245609893872,64.95912066244506,65.64720017543523,66.44540891818379,62.9200871044411,67.71210091415414,68.2816229855992,63.89501235006763,65.2733138934456,64.96080326401032,67.78571174259228,65.02186072469344,20.6787491694136,57.93906941147009,460.26896435825637,0.013596597572873135
2025-01-01 01:45:00-05:00,19.864586236588192,72.5489108055523,19.323157573391235,19.12788980974134,65.84528214668666,19.372446285685996,19.51337581565808,72.61877938654668,19.70774144092198,19.454125806750326,69.62219230465017,19.559320709497655,19.187290871239835,71.24756742085707,19.073764138186824,19.909866345746,67.28949129517292,20.666352770891635,18.826218351935008,68.80069799287092,19.206355647189984,20.186044839476942,70.70940478289303,20.269642818591187,20.01493214862785,75.68293109252386,19.907553341740932,19.452200447132324,64.30364200676397,19.147298225844036,19.959002017331613,68.35879132704643,20.18832094797788,18.639302010289647,75.7628359448439,18.433667093028014,18.91891336386642,65.8910402899419,19.052590072286975,19.82765396849285,70.68285523661707,19.705613756271585,19.538209367067502,65.99554342929036,19.459148252140345,18.89774164869479,75.23505162848252,19.0593235346089,18.977598627867167,68.14297040206132,19.306322120791744,20.301605381019463,68.41015462226687,20.38002670883845,19.468212352818764,67.56592639568602,19.75670891482432,20.06196921001824,67.58699146296763,19.753059713841143,451.6501479874062,4.808355078318644,7.718621974282458,374.4255324241707,466.58240496843354,4.886882716523827,5.377813778947997,371.14132337754467,410.8656704053249,3.483707344570218,6.6408027562626675,382.49063487566355,397.2193931699248,3.1789779641425238,5.086369038907536,325.42243708919165,444.2285893769315,3.365644388860353,8.617227390167491,337.17033478519073,421.88856981855986,5.474307207430917,8.945897304416484,477.6063091931176,400.3790706176705,3.860666578283219,4.470013635361044,363.12728096112664,447.59686368451406,3.5522795190634584,8.712227166184352,430.3338876813621,447.22920692285754,6.511874242973198,9.044706165116569,340.6759190763371,441.26386798132245,3.2625890789682583,8.15422475017275,412.7999116549965,414.1241683669125,3.637427321246288,9.477239374715115,254.30511087305368,404.3425170887203,3.0964403971623367,8.545175174895988,449.78706478279975,405.7480330594345,5.508420178878297,5.98021830505856,354.42043012576625,383.72655084285816,3.378123005019432,6.344951626846871,338.87293061773784,392.6094872461518,4.636915802559678,5.358907274989316,343.68600937541225,400.24807039051734,4.318221489815302,7.528870368106847,342.0239009419169,446.3581201918441,4.051566032806362,6.2543404059802,358.2476507026037,437.936628191781,4.336051339823514,5.460905081231387,307.720529490492,446.2436442126329,3.326128203842627,6.660531288800687,372.85318840185823,451.0341803249441,3.503549059893165,4.582325529923117,315.4267135665951,-0.07603672641822129,0.050838309095643866,-0.006435983230118576,0.017321577818290045,-0.0513117174720637,-0.03671082245738902,-0.060591641398974584,0.039693925862765767,-0.019130119425622608,-0.00878572661824921,-0.0548775935521348,-0.02115719810655077,0.01940266644009241,0.029824517132087572,-0.03181499553868325,0.019272706107141206,0.06311115494820195,-0.01972070856613546,0.023816415617168307,-0.02802870119673045,0.005193865963861631,-0.07977882162918863,-0.0095194740955225,-0.010186218712999517,-0.029629680616509165,-0.0024285933382691338,-0.05930974047333823,0.09210326669245068,-0.008108812720379143,0.009512770049793763,0.03828177603038658,-0.08216518197078235,-0.03400437271650223,0.01968526169948121,-0.06502856949215911,0.04612796028703849,-0.09313450950932896,0.0278073523534533,-0.026136954112364698,0.013784619141890728,47.488400367139,48.32904878246378,47.7858184426414,47.13207684331557,49.026973602857574,52.4844163337718,48.70623668041923,48.76033777990765,45.533760487007996,44.94159197983571,50.34921173760641,48.88497197794329,45.48022453297515,48.28172638281462,47.071833779544754,48.93146536974454,48.418076965293025,46.68307559110361,49.7846571368544,48.38930418911861,19.333812254554548,68.99097034144242,438.4936929693149,0.07705790746280224
2025-01-01 02:00:00-05:00,17.35933465414248,47.87251294431154,17.391580739966738,17.560711882690637,44.4332920858407,17.249127769578376,17.86621539485367,50.5941439998458,17.89462684972999,17.441216761740254,49.09083851130989,17.647381609063945,17.41202064078944,53.97885694324622,17.490676810792326,17.97740225179399,62.922811694478185,17.82151423549856,17.883657477790464,56.3864276000138,18.09090316476722,17.827906082081032,48.41749942761594,18.07078680126917,18.342807818122246,52.797244064815146,17.86920144140855,18.228395503398414,52.96465529907506,18.01380033355101,18.336100273489972,55.14558015765008,18.35825386843292,18.702032216787032,49.13362088929349,19.007727342725083,18.161328998867642,50.83238903957146,18.76110476623998,18.216451943783504,60.934945687837484,18.100907725520006,17.478085983021806,53.11313213222258,17.629574312292647,17.62812591076469,54.09059501277141,17.522177693635953,18.144441616157888,47.79029536923793,17.627931152011307,18.099019453746315,43.29638109472353,18.345166965120782,17.2084482057257,60.94601058105307,17.033111608924862,18.105280452270645,59.1073700227023,18.120251848006156,426.1988111543795,3.18689233594773,6.5029509923580875,345.3674459196421,371.52901349528855,3.4454614601861726,9.438911773070458,377.9721973200216,436.7591652008216,3.019371699768291,6.401765623261538,361.47210760649193,451.6005502324391,3.935895145612317,7.376509780500902,274.5967606361041,430.240070798938,3.1299562340406872,8.508828658112652,397.72506118554406,439.1072418793613,3.5082960587815664,8.95934414024446,352.7108260848363,410.21956021121207,2.8546699569771916,7.079457841410652,309.0044403087251,434.46072223344373,3.3763581927210393,7.158317309752517,448.90032835593814,428.45336478826033,4.669057475131339,5.278944836694334,393.25592961863265,458.1486966286923,3.757428870986893,9.056807259449226,421.48278125612035,441.93680580500745,4.202137610046263,6.977104248340737,389.24200064801653,490.8485957774113,4.9612174804428735,6.478142410516864,317.33097406932075,401.09408152946844,4.264911436801578,11.337139827009748,416.38171950366046,434.32786388851855,3.265838630534347,5.225041421364294,290.55308728874905,457.5333556759638,3.8574572453919576,5.398389527160373,315.09375323530406,408.60187381062315,2.647286935485389,6.029499415688907,323.4899825590527,382.2808919426769,4.412950891177653,5.644831803493932,276.10886863541685,476.8002654600844,4.12069185882476,5.038219242181224,341.3643771395385,403.33568067028364,5.397223053636346,5.927879441663757,433.8828680107804,418.2414645108069,3.7199569527906338,5.9875999346628825,300.4811394778323,0.006503413717054195,-0.06888411566081423,0.08932266302269486,0.11343013552585067,0.002277442755899755,-0.010566545503482823,0.006162178783417401,0.05524365728502201,-0.07740042101670642,-0.041561477375077364,-0.02729588895130691,-0.016674155571895385,0.03505393355693817,-0.02427803991528854,0.014473312115019813,-0.012473132264331483,-0.013888111496791783,0.0015536520939264812,0.013479476212792926,-0.05362580609786371,-0.029256671427536823,-0.005941743305856251,-0.00977128849638869,0.019180498945093744,-0.018435053900803338,0.09391620566534635,-0.003423619496851129,-0.05298223009249369,0.04197780149225356,-0.0437590676055226,0.000624028567011241,0.024533210108381803,-0.0880065682706767,0.04621680598634985,0.03741981377559134,-0.06523972237102436,0.11586992506765757,0.021641835234713303,-0.011930962828454642,0.027494135211518618,34.307071104814135,33.49719906701076,38.334169732656676,33.582889151429484,36.03686342829968,33.645091928435235,33.95381596303428,36.903917203216245,34.96727289412754,33.949882889283295,38.36810408398346,33.13961741885995,33.62507610955163,35.40798489621271,35.36810794410098,36.881350889844406,31.750051377478886,34.80988318875027,37.1194102619737,32.29709224232741,17.816243634475217,51.08513664884741,455.0259655275193,-0.027142632354803627
2025-01-01 02:15:00-05:00,19.6933065540937,63.453603349926674,19.510893228943097,23.437047618864533,76.59322777384197,21.619377664793067,18.914451487984742,62.10590934628861,18.732825034070874,19.415434978733558,65.96083490451986,19.284801040860454,18.88038593394394,63.87176227449373,18.610830979948624,18.0605996884818,67.77868725110189,18.539008940529563,19.094342600100383,60.11013882649836,19.270543796872488,19.64669138893444,70.75471373773468,19.430406659416047,19.57983956803878,57.15187948918847,19.597099439209675,18.868788048975752,61.30675431407674,18.906042739669022,19.709301357392793,60.897483509821264,19.684099558350688,19.314946034007935,54.53333743915081,19.637477018886724,19.227223107625328,67.53916202390366,19.592732850367966,18.83794791491089,65.75701085620584,19.11307216126716,19.328712692960416,63.584059191822234,19.31365074464396,18.77078463866774,67.67274855019981,18.986425407830644,19.42931143666133,58.94405519714917,19.30227252985877,19.732707951982682,62.36639154607304,19.38787522043009,19.28273436384718,63.133064371081474,19.407124925919277,18.16916668919595,61.75083549012382,18.696269404708207,411.5291784007189,2.743903013920268,4.650206882097183,378.9911472557003,568.918271050583,5.89573455793039,15.933575622731272,468.3829641102387,421.27250221974873,2.3364555328382166,4.9276134460027,261.9815250680685,436.9208744887831,3.672418284255675,4.0574363773995366,365.824954039515,436.4310909864987,3.6758286078996254,4.964091123699752,317.050893919527,461.6136191464084,3.951608026568267,5.309880139437809,251.78509757684114,415.55809146244076,2.5980616238459686,3.6266025963744855,403.35534509728825,440.2085199941274,2.9226012256788807,4.541637953671311,281.4436084717805,449.78173941760235,2.04270051986063,4.479230912338818,327.36026728396564,444.98162015957047,4.03584932827944,6.464105471145652,437.4541599944806,431.7146679180575,2.8123575215246333,6.20303327518577,270.45945787139016,437.92493475509394,3.9323520566719905,4.197808195973922,350.875424987178,428.2495160083416,2.95863159150557,5.668960277103881,272.2988863306712,423.12024736777715,3.668958681052019,4.083896736930988,292.64524421419907,448.180627263776,2.495596226155353,5.701999851034666,348.75040415801385,424.12905300404185,2.742766057968513,3.952168214907169,380.82278627798723,466.1479558928465,2.9304859341605525,5.690107648406708,323.41872166207514,424.39958468120403,3.018526721573929,5.522626405888984,373.67189565394216,423.21174713563147,2.5367675056753463,4.722788220919275,376.00006321614063,445.96969224209465,2.4469237175984113,4.887988461537443,353.6031471598086,0.06368909332221127,0.008579471223473998,-0.03722585341378168,0.05013503871989701,0.048614348754599364,-0.02616416420306345,0.0021888841382404624,0.03469808547052932,0.012085618783379597,-0.01572951455250687,0.0426477271595688,-0.05925025168330375,-0.03914184000516774,0.09490286293782588,-0.03371256194742149,-0.010481262331079108,-0.0693053164259497,-0.03655931364842524,-0.005214915515785253,0.01279251452575001,0.11341519603702253,0.07380205275676341,0.07342321143121953,-0.06421140376499772,0.03591769889090739,0.06293195885970618,-0.06409164065049831,0.025884001794969493,-0.00030236693775500623,0.07499089656103607,0.012204923533832962,-0.039025631835963935,0.011905736794110833,-0.011210578289190039,-0.07421362676244216,0.04139801553784673,0.03799169384708079,-0.018404582629370957,0.03078721791795662,-0.03723026974369624,42.203359961916526,46.10852741258817,44.11323686621402,45.107182028544436,44.870260036237745,44.45201719961366,42.523565672192234,43.2716803138868,42.83215218783899,44.19646558271607,46.21892572775297,41.25825276502344,42.45144017574108,42.60214228984735,44.03505721289323,43.98083464523516,44.11677675734768,47.221896692219964,45.719542892556234,42.46906266029903,19.430631097904843,64.38640200642075,455.60084429980844,0.0666439576713165
2025-01-01 02:30:00-05:00,17.91031795827116,67.44013799462915,17.546970843263203,17.830404282231754,67.28468803859846,17.821869621584618,17.87158781487201,64.44292483570335,18.295502360394106,17.861277647555486,63.211959767271466,18.181807501817378,18.528754155895943,57.78937980831391,18.710612067467356,17.844445993864465,66.02250317532192,17.705559835526618,17.56213764702077,66.61333225944064,17.22620598801144,18.01294161891309,65.43962634160033,18.154838860031273,18.23987573308575,61.42795411657909,18.055011484458397,17.846046465202182,64.32215970399326,18.04412737513871,18.193493566077414,64.78730676719117,18.042051049616752,17.494165437551125,62.76409571955575,18.16791435584925,16.308192220200123,62.97985844801103,16.98488189129734,17.245505292622703,71.02654928356154,17.55922268455298,17.667220853597236,65.96603425762459,17.4758780718439,17.772359185881847,73.14040797162386,17.609734943805307,17.98613558814767,67.6305461874145,18.427445473084962,17.527465417262416,59.726208195715515,18.014377338979173,18.113373500752573,66.39181778430452,17.93057744159738,19.09308821350104,58.65037974125441,19.184459451365267,393.6340546017887,4.523441251865309,6.1767108114402625,429.67088756393537,444.0518330263483,3.418789914787637,6.879988415572542,230.52920354845088,457.562859746541,4.645869885419211,6.0678913945190756,226.20146653090154,424.5571080542964,3.236162801136904,4.669826348148618,433.66727884272075,390.587606860351,2.9033880939623704,6.28590348624952,423.83580157884836,398.5546069275019,2.653101494728255,6.974034958686572,241.85138635497788,387.296267468242,2.600555653983469,4.657795921463088,250.73590389271436,486.37472655846057,5.458825932738904,11.964681738732859,438.4813660570708,477.52278090649617,3.108600295799141,6.667157765386718,370.46513666055193,444.1496352390125,4.000193591761067,4.672653615662525,384.2061922109379,457.59663197665935,4.537408011273996,5.748233874531697,223.26230021299844,455.9859088666106,3.5153009616837942,7.633332004564016,318.4922615593399,447.9583249754542,3.356036261945922,5.162749852958736,366.53851479770685,419.3017821958024,3.108053213198077,6.482174277580761,360.54750977218714,427.66086127596657,3.1441184470850696,6.684577708697005,406.59025084181974,414.33058455433644,6.072020803248176,8.529148711781765,453.00438514880494,421.2741501044639,3.4810418908735423,5.52949498027696,316.2020992263242,423.88398853157014,3.6365183153258642,4.315505356152666,387.7393752838545,459.5694344585332,3.137276486507056,6.317990923201919,332.43173685635116,383.3224572343712,3.381399114490694,6.677142174226166,296.7168789613825,0.03806697707739262,-0.008971051320545806,-0.07784224469816056,-0.07254990892699538,-0.015150320166900611,-0.038062352629113616,0.01169376684114814,-0.047695561967815686,0.10879332513928096,0.04441394920399869,-0.07851032836823796,-0.01662143326542986,0.041138798260755116,-0.08150856676884725,-0.060504665432790795,-0.04047092737722771,-0.09736043173179608,0.006243369897477836,0.1349231952562711,-0.08917330172519433,-0.05273916809143958,0.007121097509850138,-0.07958396117780163,-0.011837642075522658,-0.0860864677653072,-0.015533166301146283,0.04611418930844311,-0.05144669366402225,-0.04598190555999592,0.01504944673869699,-0.08834080459728795,-0.06546747642893745,-0.01096199276875606,-0.02412059406985287,0.07101998124416403,-0.048982522958809414,-0.0245489620343542,0.06037294798586158,-0.07708783588727494,-0.04616818520464157,37.61113674391311,33.73035310286329,35.47833190963079,31.271370894820954,36.43904308786021,32.646800516139315,35.50473446997997,34.995889959105995,33.24621900179817,30.943896401340506,35.549889452120546,35.315149207644936,36.665281864794636,35.56665164057072,35.578005163577224,37.8406347909551,34.50878521912149,37.58710597266296,35.29773319422353,36.802343537273046,18.416803824518567,63.224298169703374,438.36663913992817,-0.02122509718421733
2025-01-01 02:45:00-05:00,17.472401180475547,54.145287452282105,17.33692908707344,16.95633915839856,55.02822668874566,17.247852033009657,20.90398540112397,62.864954576818775,19.115569242901074,18.21059293892678,54.35863633974704,17.802502033094324,17.672084569607527,48.87747873369186,17.58938528107815,17.922904596603562,49.38665034110133,18.16978146713944,18.308853169664232,52.27357931328335,18.652413668920616,17.485153961869432,55.373705681178194,17.550052033345768,18.62438474669116,49.60148327359485,19.007311760364093,17.812823272535105,51.40550386941451,17.831432282328866,18.076863344230304,51.47716064562391,17.712833203649872,18.472782703236632,46.96565706025331,18.695466168073153,17.382497391496766,58.01685026472828,17.70468116909194,17.398228829270224,56.32601525354932,17.731690804342414,16.89724925737535,48.42906107283959,16.833283108161794,18.21846001967109,45.80531310944512,17.957526767831805,19.376774593866273,50.32176383962224,18.77443998527752,18.28066535530731,57.542042695945824,18.363379930512767,17.77370064226855,60.205480436746704,17.29158894428082,17.769893663329857,48.67188193384348,17.73592088092741,441.16278967852554,3.4581490970672197,6.847100035185278,311.34171170714984,424.1430754665615,3.798101274136273,5.643279666721073,423.15217408998046,541.6775988359104,7.941110381393846,17.772079870242433,445.6378988183239,346.86758409505387,3.423993129494922,6.370718681749153,316.14495192282595,448.5640083567992,4.0684048218871585,6.093536073429893,360.72374492746934,409.7894347302398,2.7780712524081412,7.414289685146934,281.59824262744974,436.98140142405316,2.297531560044051,5.685476169921531,269.41257315486985,430.4136067915334,4.769056417937677,5.7299485591631285,214.22391862550788,439.4187311674637,3.801899274553578,6.94788248743154,284.2566217997035,364.7501613152332,3.138838068481825,5.728321869688734,243.16663913369047,459.1043830871218,3.956046519099921,6.418237674836238,408.9850191335798,368.8449668277484,3.567992234602764,4.401687066401482,369.387444113921,418.8120383457874,3.4319487496071557,6.6391658784078,403.44058839196634,399.2294316108629,4.149220089606995,7.5965237499240885,303.9417620020674,404.8000823378707,2.9136250293445243,6.409207877792458,259.6429892324704,439.3621535843466,3.9308586773280885,5.751609301526367,329.4612116651129,409.04640774437945,3.0058739724588137,5.593118473399105,420.99198785650634,418.11699252319556,2.765996248436543,4.702974227628114,315.1414792787839,453.56840829866326,3.8149914400570175,5.358735676077547,372.36345818628155,456.8031232403939,3.0954651086300253,5.846016608212471,222.91707250213102,0.06434052307358844,-0.052880178916393905,-0.07055308442475616,0.061457922190488304,0.07631892395144763,0.031528756205929064,0.044291453968455116,0.044962195073694235,0.013814750834505575,0.030439222329546975,0.00807952410687219,0.054270787790193856,-0.03298666603656103,-0.024100409268889626,-0.046010257077049976,0.1020667194780315,-0.07358444063858803,0.0650490070189204,-0.03423934071703136,0.038342506240771894,0.02499271268478817,0.0014471717760658528,-0.019550155327096353,-0.003926784849194189,-0.03744911885041267,0.02505885031374019,0.013914339766682882,0.04570413279260061,-0.029477613775654304,-0.0042593684459208275,0.0513045088202938,0.0324835855572324,0.0019968315212280387,-0.0020608204412462658,0.1079858483909765,0.060573776147604556,0.021666728467543944,0.046549751860981925,-0.01480562162447105,0.042652946974739134,35.94513459690074,40.96353101230873,33.805891799682904,34.70105434566981,34.61958578935641,32.37536047512369,35.58881948183559,32.50243557675464,33.73336799404842,36.19867444819609,38.68551155305418,35.62231558418265,34.411212540393706,39.23462995569383,29.973204031636087,36.40960816175611,31.475829606988313,34.10710312853339,33.85390197703271,36.33991568205796,17.879531066436613,57.04264005230942,409.9111010783698,-0.018010106311605472
2025-01-01 03:00:00-05:00,19.15554573184485,61.28807923177212,19.244387631419823,19.76028270124349,53.60529408139859,19.754554669665872,18.794333221733595,63.19240087289364,18.733548014235986,19.251165472501505,59.44568571835882,18.685696664504345,18.602635577825243,58.22392790699755,18.032391326049694,19.16356889313618,58.981532657161054,18.513029933602915,17.99791416687095,62.78859684730875,18.87420499858171,19.318153636323082,53.29805651753387,19.317662413868668,18.62598997409004,64.7403719995216,18.500635860142637,19.37427618354673,58.34037123997488,18.89563029516682,18.1963894546676,59.4451548086689,18.632156323571998,17.62081400203644,58.85274231199043,18.31228421136618,18.60743747756836,61.44186420554856,18.621099694859904,18.878133747298264,65.45294021732482,19.18227844974851,18.789756404492827,59.49642750260569,19.04234061378849,18.611708357715376,54.050879912321506,18.628761552524512,19.361550746082145,51.71840683803491,19.1107979182477,18.540770908695574,56.988225238938405,18.148042786096653,18.224836050677816,63.7848816440739,18.19231346603253,19.336035231462386,63.192903942683174,19.30560229160777,418.65281431139175,5.774004599649676,7.392168364299533,301.6116406113072,424.8340762731826,2.3593583173196437,6.975413868444989,349.2076802997459,405.23049497514273,3.9370470180409116,7.456060385811202,355.9630940076223,398.6841965418782,2.7937818367677685,5.370383919374868,290.1387768402602,458.81489369749386,4.353044478439065,5.58960439682903,418.2800426607498,468.08715347898504,3.3215302143557355,6.39501247771743,329.5517424929061,417.4200066245076,3.905435748340817,8.443792805543021,434.3963782532141,461.3196321904072,3.290362423497049,8.022888027595265,406.74292030441234,438.68468317602145,7.28389373790682,10.477249892522256,396.98102674727045,410.5528209118331,4.163818657552639,9.23605813910231,378.9774044237389,441.0032284312718,4.499741720257491,6.878936052285334,441.39682040982285,456.4621763938932,3.0074171099337157,7.446004118823086,354.9886878239886,479.74338322346836,3.4047327594263384,6.971384459385747,215.2633687695166,454.9479821740582,5.106788275477372,12.934484188438978,402.6725063402585,437.4138325011129,3.849461532016007,7.328566446739689,293.62137288572217,408.4726141313838,4.892878475673267,5.962162592979245,367.71602868786545,408.7164094827119,3.729710567116898,5.443280478149203,298.33482796625344,450.01713651569344,6.2382616282859065,7.227482032726372,420.08081866815655,437.1680079960878,3.421368220462059,6.811087207750522,401.02765495068087,445.4090886352048,3.6620610733832355,6.419367962440327,434.81504084876343,-0.07442662616125711,0.06426424422022083,-0.0004976144012760424,-0.04724633706395514,-0.08915998608394243,0.04919706501659448,0.051443049639688515,-0.01765067634122247,0.1134522035284567,0.014865701014061178,-0.039297778227979994,-0.014927901469715683,-0.035100333836797955,-0.02778357421024338,0.0442230138894284,-0.012980566250236789,-0.040126652411735256,0.005516192497749135,-0.02235910935177343,0.0330221229228389,0.015136651580563135,-0.03567732750608473,0.04211585205388502,-0.004744149000761105,0.07475696704209236,-0.04992957753605627,-0.03573306616190535,-0.03765509722470279,-0.013669835102874256,0.01007845573248814,-0.014558551394726666,-0.021470482041703494,0.04150963263597973,-0.10231947729022968,-0.03702933241786487,0.005644521273586135,0.022349375543569777,-0.016553470370778246,0.0013021404699563614,0.027631740187714506,37.99927907138172,41.63764833665077,45.244660562320625,39.69316246892602,40.250753152279515,41.113804252550736,42.84894934357553,43.789144443543755,38.95846238467628,39.9081747993314,45.43349836648009,38.63231423183146,42.33019004253649,42.824931244561895,41.584234967039656,41.34174215512243,41.119534936214336,42.56011980727101,40.4754255169636,40.44057651096114,18.92224597142377,62.73917051530899,443.1057565864768,-0.016484814289645724
2025-01-01 03:15:00-05:00,16.71482714259625,30.405130790475187,17.01469335469732,16.663808012908582,33.37778690816093,16.509441745898332,16.712086587432527,29.576810100452086,16.39152465713147,16.82855097776747,29.490988018392954,16.851184367358968,16.226799995000814,38.62512768692329,15.694758863075545,16.46123518515322,27.131794029806578,16.520262671544565,15.41933066548497,37.33594107488318,15.772760108383904,15.745056356269725,34.55112248548716,16.334845277853617,16.192951441357504,38.54464223154323,16.144006903978603,15.717122034275585,32.719969080993145,16.179161161870923,16.204844586871403,26.4200303153548,16.066498001047254,16.041869159243753,35.09448408726877,15.93281143933594,16.312080004234456,36.33474430446354,16.213185351091347,17.17699217919392,26.968565066454133,17.335580570548082,15.174951835112957,34.412966876852146,15.511229919952466,16.34039334476638,33.47794830909346,16.475418792678077,14.898003872333938,31.843729715906242,15.255950244637983,15.920832363851758,35.919370613997245,15.911155823018925,16.28385688845501,37.339434711067355,15.79414888381745,15.446786912224306,41.022019099471734,15.133989217632115,426.6950559089504,6.288117391314802,11.141326557522687,336.10154970116594,406.7227404791007,5.727831105341186,10.207836220322704,182.66284875482705,366.1580191907857,9.096284367544184,10.473474882004485,336.7445759807916,429.3527597718783,5.169394201938622,9.065275050833893,325.2438657684861,425.29733053562893,3.3632746104747695,12.40596714192624,343.6526373737729,416.8393350248052,5.575093388669763,13.711675565442508,246.19219543488947,409.9492301749606,4.956518734744642,10.93457341896224,331.80176468513577,429.32630991740626,6.9510187460648645,10.84878286440465,396.1815824025702,422.02367777342596,7.0749229478227695,7.6225204242243665,299.95925649344736,411.54341851942615,5.461804042107462,11.565033488805305,418.9843894862728,413.71399934896743,4.597863759887626,8.991526090502703,244.8346702357594,412.29597088077105,5.0552940088117175,11.804145306321766,381.6638362172816,489.5010135149511,5.362036849129944,11.741865346333071,435.97927437477097,432.34729173730443,8.786014729929958,13.397368004065342,502.6547895179455,433.9769355149272,5.287092853324548,9.427107502652566,294.9817498302586,446.2200252976885,3.7600610342594862,11.399310592099878,375.31139597785216,438.0436640012676,4.993743469861767,9.682439256493398,303.0934492665267,423.48043690263734,5.51152161307723,14.31195656644907,346.53169202871544,436.5346960703181,6.819974863444714,12.194322386664004,357.0232347879135,405.6099909483475,6.036064320721843,10.834907626705176,351.99316508592335,0.006289168651863431,0.0073136039886952725,0.000601234059429019,-0.032681597483597474,-0.01643257940599035,0.05266366911499723,0.00039262381963137247,-0.030078574777600994,-0.028415749519721884,0.018924258398120952,0.02755880840412177,0.06491010754475156,0.04105472816162789,-0.0002140549283486673,-0.10389275642750387,0.035029275857541516,0.0001859234974286779,-0.11019868400690083,0.015121976848397231,-0.027486086418548713,0.0380459536659363,-0.0355064033577845,0.015894554787117543,-0.019713375973001504,-0.004521560639462349,0.0012379185713022383,-0.029007711597331662,-0.08782889329937181,0.029377425870889214,-0.02486855088769642,-0.02152186091050432,0.052878434884657655,0.00037670232526848996,-0.013978029695292153,-0.03068863974712608,0.017202558554746058,-0.016506921042261497,-0.02201786121210047,-0.043051582397183756,0.016753382412823616,32.413958362020985,34.875474402088834,37.07000165416114,34.34846380751121,32.256998306459465,35.81056301751566,36.01150357548411,33.119905529067516,35.65580528071163,34.84967860574988,35.31960656411625,36.06510293786246,37.189755134037526,34.846029475390836,34.01508163924221,35.39686986307585,35.79619096101841,34.87862000232297,35.27681507739959,35.83144645422257,15.796790060787398,32.54788526904102,406.0060235485298,-0.005350774995101304
2025-01-01 03:30:00-05:00,17.142741386683166,42.54959845500338,17.120906918449943,16.153267666897108,56.19412169880748,16.17562024747945,16.635607242375286,50.70885043855217,16.79625637023664,17.049392105033665,48.981090136650266,16.753952187276887,16.136486839053756,54.893191544437755,16.412864556910854,17.76400934077561,48.048971239196554,17.06560061963734,16.206623665830456,48.15012937227505,16.152080018724703,16.721171276966395,50.86707118735429,16.462419967782925,16.70158111039111,57.42427212695043,16.79854152853743,15.969178074960789,46.47719499778099,16.165805090248355,16.319386348274254,52.860892137209056,16.20976511872219,16.653206879211762,54.883888718655605,16.455713901431135,16.079594368525978,54.60807010472607,16.210917653710904,16.11437226636752,52.82070228854045,16.052002439226428,16.52099897177019,50.27921321622677,16.442884034840706,17.599027698895885,48.88194055999139,17.492992276299983,16.363292144046454,48.3026145895216,16.488258549671386,17.042262712972413,50.88360526953469,17.000963477413755,16.497677321097918,54.71048101844748,16.71528784335859,16.020102476568383,50.04501228782991,16.556346681329547,491.1285723994722,7.123768983670805,17.025735476484456,288.73550690335884,404.094862582979,7.993743002120504,14.416783876283823,486.48368238683145,410.5176536428501,6.874143555999532,15.054792195768679,452.01179755711877,463.5643104043302,9.157346399212466,19.6578146202792,254.07044178869324,407.8462922904727,9.44676593951496,15.630821489520553,267.13438024825285,369.53518770140965,8.129806448810257,13.220381493308055,268.3633775048937,461.8052160832406,9.716612822860045,22.334723868620102,418.96467172295513,472.07047488786503,9.209225368198531,17.20208618997294,206.00221631878352,402.6566924288321,6.67377092404886,13.587022244993326,358.92216800485033,457.1585532418262,8.97326857954145,14.7411853513671,273.76867224045856,420.2053044232103,7.368131421355728,20.085764876854586,224.49934961434877,451.4789470462519,8.903824309675304,24.159963641911048,366.49122364996646,431.66564668741205,7.6131660998801625,15.164849790985086,369.971911485781,406.44895000852375,11.61227721204478,13.48972916245834,356.02583402451927,417.19785929342333,9.828421618060064,13.094286798946284,306.31308746195776,371.5451222987853,9.74108828123215,18.736393055997947,274.07417908689075,432.07565201340384,9.313387578368442,20.01773006756736,299.41255698498594,404.766648545902,10.936818461326977,16.721867186160296,231.6910518567504,382.3984186474386,8.334040783868222,14.77957027683426,294.40597758314567,492.94954457637635,5.548054847788302,23.18632931779116,331.2184875842303,-0.017413119848475843,-0.0027080748828595203,0.006280127228300929,-0.06498691049382425,-0.0960589913323815,0.012105898424119792,-0.049764928468092356,-0.03203355066780502,-0.012638760994256813,-0.05704563266643932,-0.04225391781574198,0.06162529243258094,0.03160471164816563,0.01730986893663869,-0.013401375483404901,0.013273263747667578,-0.019827152093032534,0.033845403323710554,-0.04533420907901695,-0.024701383631567302,-0.12502781476212635,-0.008388736608722745,0.05934349687840516,-0.015440015907670582,-0.028621603881707383,0.03821067754925541,-0.022959687727050055,-0.0743157937632312,-0.016246159407929162,0.08421396978179964,0.09684040748398338,0.022962014897803865,-0.016648231583367992,-0.09902831249882109,0.047188087683872976,-0.004052127429906685,0.019693095825289924,-0.03562241994896217,-0.01788092771614348,0.05628783086981887,39.2628259053525,38.863156971217634,36.04909370801924,34.0797878378611,36.47146281516785,33.881341614728356,34.08905751155852,36.462690529451486,35.73390298378107,32.642771769968746,32.926621678101434,36.22403550478937,36.10533357446846,34.743979469573404,36.62345517726864,35.275886462649225,35.32195981403794,35.736698392747,33.56325109155863,37.93735625811435,16.226606161465902,52.910425286962536,419.46375015479373,-0.008746709248825167
2025-01-01 03:45:00-05:00,18.93790962621553,53.460683770653745,18.781943204318054,17.853538046386173,65.26015834376493,17.800102101964868,18.721457131170336,61.22511685433901,18.598045105441475,18.635629701791146,61.23223264019351,18.633249327241828,18.924532273980923,61.266231065844984,18.804768031867482,18.35657726296893,46.4688169064421,18.336412537695637,17.71693388673122,58.85864731166505,17.411718762824396,18.691397436464857,53.383709740960526,18.820020550602713,18.564313440317523,62.64103601466594,18.46740342082705,18.136759879412008,57.2432871404417,18.232880949878076,18.518977956192252,54.95654261192448,18.33949532092643,18.78714157557189,56.97028465851767,18.998090847095767,18.479991992049897,58.64612968593848,18.11820059761316,19.22261786647786,59.74765022021728,19.534236068713845,17.909175792178587,61.73002660189296,18.186015940781296,17.630408742436845,60.759496533177426,17.891274490147442,17.574024984290652,63.4605054141565,17.043591313236377,19.833968061368864,59.531222759116794,19.865481316910333,17.678007673154116,58.05082905697498,18.053523019237836,18.65546519187017,54.814576845344526,18.416967399512547,436.47112692750744,3.207034967785982,5.063386061018651,280.60551281282073,440.8716459542319,2.718089982941073,5.553686105026309,306.04430044423304,385.05850313684454,3.8739751976081074,5.241222225226952,349.3120518311674,434.31015994357335,3.7134230227442515,4.241254356062004,322.31019101105596,450.2521974089955,3.542039469841883,5.777224238169438,312.9651288268678,413.09013903505513,2.712146585025978,6.394106226006426,312.166246558458,395.34089494968254,2.673877264323038,5.280654875657212,362.15812522188173,498.80623878438996,3.1920856012007697,4.7706644567983005,314.6047089793984,428.8736354858572,2.96437916826157,4.261001743751104,358.1417676007698,435.8731833647733,2.706564066536745,4.360236874427142,311.39382258256495,440.6281012910192,3.0283458446356493,4.223764346293463,263.89672849702237,425.37171184524124,2.5796158198423966,4.5595998920919,356.20078605912994,457.5023842454748,2.915041402330127,5.721503410070134,407.7150240434443,425.85674112641635,3.2406211896051014,5.217898420829627,345.9318448987597,440.6211386349093,2.9005668648671623,4.420277980668042,333.17148545906923,376.6418104892646,4.680228181480871,5.703868718605325,405.8934545579998,389.3687446626011,4.120007027102634,4.570507615686824,462.5911972060373,440.21633909698505,8.928946375807497,14.938531789111009,724.3153604482391,402.63980181456907,3.0619920301464143,6.173353062583509,366.50530351320333,402.160187724936,2.449963377366487,5.918109907670367,330.4242421003337,0.029748630172956838,0.031237528099434538,-0.03340283439193145,0.09111671515060284,0.015808130637852146,0.07345723731888454,-0.03628398054491333,0.0010537471338344078,-0.0009930116719349662,0.02734156204230679,-0.017978911661273942,-0.02935234047517505,0.02300048332305238,0.021783503359932323,-0.005757506648487142,-0.127981792504181,0.03492410119093988,-0.0007496360263172506,0.05243775126382996,-0.04938810684958123,-0.08434698583517858,-0.09982761449910314,0.034113090474080565,-0.005698395611711502,-0.06373927679834085,0.05101754342860492,-0.05375046817530043,-0.023603337126930204,-0.12245135764542228,-0.027406056866289052,-0.13544155820762177,-0.009897601216183428,0.04613076530366327,-0.0420808791715207,0.054200429805442756,0.004383776717531309,0.020280280378447674,0.04087759636422522,0.044452450080146894,0.01708487186218818,34.83693618864725,31.22116947972282,36.30556348132435,36.61087438620224,38.321717433247514,33.51789293741197,33.183925807533434,37.2767785921838,37.57003256099057,35.64073289499751,38.49276248853687,36.087767181095764,30.070227928101556,35.0930036497435,36.251496811266,37.55692568719,36.75667437874001,33.88210077731207,38.974260006248336,34.968336960309145,18.303981066146736,58.36878597156501,439.54855100147984,0.0179127785873005
2025-01-01 04:00:00-05:00,17.56394752642262,51.61019729452156,17.454454846157926,18.951397907708348,52.395418542141705,18.455617399616134,17.59511708025115,46.90234932343573,17.568242156626546,18.45862466769413,47.85115675473743,18.66283455082102,17.69066700113712,47.05411467460836,17.861803895788036,17.901949241986955,52.644208959771305,18.22407849411733,17.8831851509785,52.245856732258915,17.800711673101222,17.222828919446503,47.99242449595154,17.0917113433919,18.02036566251869,45.10542097572186,18.585066022727098,18.05049168363813,47.53708604998385,17.951108238252992,17.494847841720727,41.39932065286508,17.87283032615978,18.12264818606954,43.80027205429708,17.579225768603543,17.843992723644906,47.072900739192974,17.201128693373928,18.92219664322846,48.77096599911539,18.98297018968348,18.50941231835391,47.615080817943785,18.544262072494266,17.89936003490862,57.63032061544383,17.837006945792407,17.527767824878502,49.075343570083454,17.53570861958306,18.05256993184983,47.483416173048084,17.815659245716542,17.505729525838106,45.778635865799664,18.072455199521052,17.463718244468073,45.187292227688104,17.21935723604105,398.7545405799608,3.7771402902289384,8.006506707928837,406.03077134997346,493.62338913540765,7.833545577366961,6.485631120462146,615.2847015889337,476.3770620270113,3.149216224221961,6.0489276932406755,251.5922198012655,386.31738027097435,4.066558689547133,8.925403611179583,421.1703133844476,445.09457400531926,3.216393803709453,6.859930632428923,257.6003344401986,454.81983151911453,4.747109690843939,8.72067839703512,449.08537858626494,404.2861354299029,5.762384563379363,5.953276982613332,368.49249926288246,452.0585809756034,4.528057958524983,5.880914489144653,278.15719929446885,405.1058533988401,4.352904256473794,6.7625167186116295,321.3202862627373,405.9200268728951,5.891837782187517,7.446296501227784,328.78961406727916,395.303145129496,3.6956638811761047,5.819514353188808,289.36911227869507,474.20238902543167,3.58592638456759,6.358928354036155,379.13299645166563,378.3732372151724,2.589352772892847,5.6916620811868235,271.32252863844775,390.9012801588953,5.826074574473465,9.029870335485915,387.8876386771432,419.1370814072751,3.141549736013067,7.547035020432908,331.2173755800802,445.03273178079064,3.4010105629166136,7.856231273848665,294.50041062675035,396.02267734055766,5.083052826753306,6.220700705529625,380.200963911822,414.2676643375571,3.5751145913299456,5.724894415451499,274.7514233888912,469.94112842283954,4.5130264542375205,7.404624450422186,217.9275849429684,411.7645789825615,3.5184997823144704,7.954143106581765,311.9285146477632,-0.04245589548348857,-0.04273413586616916,0.11128574031853436,0.059317143447780454,-0.010651163431802682,-0.03384492185105099,-0.02983373248038116,0.028515703282244398,-0.00848971082493894,-0.022862169575301607,-0.014521218171056505,0.028468799915350534,-0.055138766353449324,0.020859448638849726,-0.03779433026463589,-0.018534990167627923,-0.04679151427333056,-0.1089635036302002,-0.07356736035694476,-0.019109678143000464,-0.027422499078549774,0.050636113364023495,-0.02359383796114252,0.0730138876157395,-0.058511630554057836,-0.032006705999973246,0.06699924127200438,0.07793183300327987,0.03931371190357576,0.0231652056703629,0.0047644666832150715,0.0548987074551475,-0.016284427974472666,-0.07111976838153673,-0.024621069322059333,0.004148026744646394,0.054570977323670236,0.01181724411455171,-0.025353776484226327,-0.018502093738221623,33.649125334444136,34.56022462323804,33.88015551484097,37.35644850489623,38.73729358427653,33.609617703092134,36.91652085061824,35.94571275470274,35.81563369075485,38.49526644527862,32.75719640418424,35.23358921846128,34.46583250354349,32.327804010297776,36.379524011134684,34.90456518453441,35.63317026126894,32.60022155539644,38.42196142870614,32.22857812605443,18.0404274327262,47.836348069580325,428.55678652807075,-0.021214271015661854
2025-01-01 04:15:00-05:00,19.04105010228631,74.26502525839584,19.008381388406065,19.683280119287772,72.7984570405571,19.556514071530675,20.738988087990204,79.81382544593693,20.4936961879744,19.975579732175568,68.1032562266721,20.146403170716063,19.373267444907576,67.6674926641061,19.431740193302797,19.96320824087854,71.52851982457273,20.039180630257516,20.49287832818535,73.77095629876668,20.418517762248655,19.734027872837913,67.62910461910815,19.966665942399906,20.826321622258014,64.01451932798592,20.699205999240366,19.81699675460305,74.5810809469435,19.583071183905187,20.401101073444863,66.09990993037509,19.803777048268582,20.516855335198862,63.34912484661943,20.059796463357483,19.90273943741924,70.16621326735431,19.633278312674776,19.55309190744922,77.75016668377798,19.80946817437766,20.7840313752595,73.09734798981245,20.471252971740086,18.775615818872637,79.07236686081507,18.715617408104848,18.87927291036578,72.25410733390815,19.069949468468586,20.095364968309575,74.65874802149044,19.88792127417615,19.413138255437836,74.00753208067559,19.23852647410443,20.329039435396528,70.64371225152188,19.993673568880492,446.14304883546765,3.0221416462557924,5.13822096049244,330.78332378289053,455.6867445282168,3.0653379200016517,6.033325118156334,377.77834145717134,477.2576790165914,3.3020022369121165,5.6559305232486,376.0242791054373,424.4250347639639,2.360190167845694,5.269819605705869,417.4095814155761,421.99035105348855,2.6351878779100497,4.756679990882215,363.5747334141295,457.31294757153233,2.477232231831919,4.709357531396967,374.6510212405325,414.3651738235705,3.221733719592693,3.9681905005338813,329.37311502748594,397.19051686648385,3.4909381724071555,5.080097547660687,327.1582488661612,446.9635165730092,2.7848835266765914,5.012275133087184,325.49505890709236,470.7502486210875,2.70910730002051,4.863728974424762,363.9900328351761,435.56801009233965,4.114506452977615,9.065565401268632,579.6748280259169,437.58173492229025,3.338902243541264,5.206185415953907,403.04744208655956,406.7740046581297,3.822925700830553,7.1068215838359015,410.08106192025133,429.60022039442214,2.8013298976339005,4.341948244715378,397.01816197338815,382.8406993785816,3.406003238249887,8.320560767095843,400.9012725626111,443.06831441122534,3.123431342633722,3.834223144225724,467.16084159568,422.5972580382756,3.696211471225723,8.816448138151154,328.0837205018339,414.1643105151656,3.1817586566352793,5.4945519649605865,514.3895837317818,344.3383118306484,1.7240338865492202,5.114420931725124,476.2614060869522,444.67403396384043,2.835029873790427,5.334185205593809,298.6186799770896,-0.04332844051563389,0.008064487310717237,0.07554650592448993,0.061533078493913956,-0.00879359124396866,0.06425745949631569,-0.006008041505485321,-0.10103182195704932,0.05824653521323704,0.10106191898589899,0.012317300467730934,-0.06565208371309211,-0.019203503339742068,0.031495212915809014,-0.0479069264411067,-0.057648758144865656,0.06132267621532376,-0.030775112188798304,-0.035693283178613096,-0.010041561465037803,0.04601223397802595,0.010378512230289537,0.029073233444792918,-0.11015477332868917,0.04911020756188961,0.05008783038466794,0.058157149564850824,0.03706955704371719,0.03227220129904664,-0.04094816083906249,-0.11199338599282259,0.02101849388480209,-0.025229757832613706,0.026412837145860443,-0.021987294123530128,0.03528305616842754,0.0034530377183122083,0.01438313353008535,-0.01819747527933985,0.025899469469481125,55.06997675314282,51.91717013343708,54.027839013964545,53.66320635785265,51.017914306182405,54.48768692801263,53.394275280906825,52.213124255086754,52.96880851413789,51.94840940428008,50.9154304690506,50.12489756777781,52.3664832483056,51.80368946595333,51.21365311981547,54.56087372011229,54.2172043457458,54.15744310710632,52.41210061073012,54.04936090126113,19.828513278481047,75.73186534626717,458.8374522597516,0.005022728815606579
2025-01-01 04:30:00-05:00,18.773398724880565,43.548101660116394,19.146914874421636,17.137334499926723,53.88091639353677,17.416732696996508,18.317737955106573,45.947485238294455,18.5207393699358,19.088313771306122,42.64658395337331,18.92061499712205,18.739666482872792,36.779280271763014,18.82270146093553,18.698034902188486,49.42082416378587,19.091856607094215,18.083977181734593,46.803921331650145,18.209011071548147,18.604947095679773,50.993361695851775,18.42456202445559,18.31734332989363,47.190421349834864,18.139508285332795,19.355519222437977,46.89260842249884,18.92484167083709,18.199730746253103,45.55174776030041,18.19792609123305,18.032486520710403,45.74193444121573,17.728196774708135,18.219591894929327,50.70923281301998,17.59211397637892,19.55458554925828,54.713628233784256,19.19645460563178,18.57121363923295,46.30292256890095,19.224491018501542,18.228204916227682,48.26528174043959,18.33678969438245,17.71373557690161,51.71502479534758,17.815544917756746,18.14079255350894,52.15145382093204,18.194719581680012,18.366599971376278,43.05812417325629,18.10492490575475,18.04031341672455,50.5103761447655,18.493688556227614,448.3345529598155,2.1377102605404907,5.114091962267246,232.26445873965923,442.3069782945402,2.7924815962609943,4.249340131855162,324.07854193373447,438.36793570819844,2.280537865403872,4.151335616878238,260.3733834803634,395.6022376736004,2.8433283581585727,4.730424841779814,328.07643823193587,460.62575245760723,2.5374234635462356,7.330621545755261,251.94487000615013,431.7823406075566,8.022218493105207,7.782163578054448,347.2117561172699,401.50141916274566,1.4646626889548837,4.001260442958303,324.633943910755,449.06373591426444,3.747304007231099,3.1975756438291936,302.98813624661625,358.00326473097965,2.1624661704712933,6.09749199380701,359.518546768104,452.7044296895179,2.6306234335893977,4.501714906249044,302.04647931244386,481.3172430928787,2.070622166842746,4.574618976689001,309.77770622061826,409.3715575472119,3.2508684072105005,3.5044877599702904,311.73648064145584,407.91273165681224,2.1432206153966007,4.7632296713126,404.30400089569923,420.23900044506735,6.070326732683461,8.684780050413828,699.6044654523604,450.55840980711525,2.8355283443141017,4.324145714552214,237.2581466110822,452.78879142322216,3.192226642116235,3.387978957502172,348.89786782383163,419.2318061039479,2.3558474220972005,4.256968847765062,365.53207859060166,445.7189853335701,2.6372290227618684,8.527672499341545,327.06986000396324,402.8168524651962,3.482723799974539,4.700183372763296,458.48198939877665,448.8319311695384,2.4450573617660467,4.350855789375863,231.92446987071483,-0.00015342528471565175,0.004509112304042623,-0.05721435818695053,0.0517943856214724,0.03700011124195027,0.04547806092596464,-0.025728366815242938,-0.03653759885754468,-0.10954157164945522,-0.019001723219617274,0.04791609874100105,-0.05269518933458172,0.03445168153709365,-0.0030105194803866707,0.04917145301006101,0.0488367534941679,-0.006817232627418269,-0.08678499472717037,-0.02008713924720594,-0.01592346988332593,-0.013201694209985335,-0.08738944597988134,-0.065979241010514,0.03494864287308904,-0.041130861954959574,0.00742203151915294,-0.02006315017193895,0.022344259181111797,-0.05327710139431844,8.294139915308616e-05,0.01697509276201144,-0.00098633095030437,0.033478086431998594,-0.03654637681519509,-0.021579818954085547,-0.00314841371750715,0.016081823410165157,-0.018025013108756104,0.044280463301923284,0.02252345848711694,32.585308938313204,35.62740166677502,35.918135455218255,35.358631645130096,32.5420821707618,37.81443145682791,38.05953333989491,35.41037542524685,36.182559677895725,31.609075385257178,31.979352697336825,33.65831915817757,35.97402246141186,37.36748269379824,33.83878354658104,36.741373433266794,34.18532014165257,36.175253680740084,38.190658543533544,37.19508389301461,18.474921775307312,48.56227300100525,413.266967336307,-0.08058263135679533
2025-01-01 04:45:00-05:00,18.91883040316425,53.89175446181571,18.979287090099522,19.8665289815781,54.825667683530355,19.232702395509833,17.68600851567074,52.68426647984585,18.13223684960927,18.144646216143112,54.19251856272374,18.04681483442966,17.622097851608796,56.57276555142337,17.468942589718857,17.587015296219942,56.026153569259876,17.53616429844408,17.413676301028687,57.996834128902776,16.893184939089576,17.95175743386235,51.63982722306875,18.26841919585961,18.536884022359697,53.4686346946588,18.45409517264627,17.012962945071713,55.780146234099576,17.32671802117168,18.09648266932698,59.26349523831089,18.325565436478755,18.234038743116194,51.84996073146751,18.124348562432214,17.311592180596065,53.99010357079733,17.438640408167043,17.65734566769514,58.74097921631326,17.68652409609768,16.97806934177019,54.54508485091567,17.024804135893813,17.85711222345916,52.76571672088566,18.000557977246352,17.12879433594321,59.897245161417295,17.124827937822907,18.35835662729003,58.90792347039625,18.17502137522032,18.29690122701353,48.254488663928065,17.94843333002867,18.27416671703936,54.590340340715805,18.612514031273395,429.00572590457836,2.5926029190618425,4.641900631099392,395.10625513572046,487.4495769877953,5.529951147447096,8.517585935403549,392.632554187517,396.3876108699311,2.32583825256265,3.703775050690582,321.7608523869888,425.5154314825628,4.0264782439046405,4.67455982179901,464.83096738926264,409.3885785998651,2.51006354410456,5.169355047280164,353.72937218918554,432.09454020774996,3.317236842537357,6.346989632305868,351.6802355199859,425.59245602737,1.9348797425110944,4.401590433901905,404.5038419519144,421.4032109169289,2.540721482428346,6.828759094555465,345.5399909751449,409.97965120014464,2.433306054227844,3.2114397388827003,346.9214845177616,372.09417703194384,3.15440347673541,4.2916866678099,337.3388116029961,447.3728079704609,2.301507803497749,3.72055660264308,393.84276100686185,403.83713157826367,2.651487492783157,4.375080781112347,303.323598331727,412.0408103265908,2.5588448847276575,3.844782697986254,292.810077810308,430.0277283680089,4.454509105853083,8.10611969277948,503.1385305047458,405.77343105333136,3.0086882880418746,5.676656667376273,242.12433608366672,435.918174522992,2.1986230972466787,5.0187832701161925,337.86008405833616,464.58008172214124,2.9627872181706674,4.8679532585907115,272.45229206832033,429.647953999856,4.16551799642017,6.191896774340421,311.24806431701774,449.72493995695476,3.094019280899126,3.896391867921969,398.5030573224529,382.6716387945861,2.4432263299813353,4.981967153772677,461.78797036269856,-0.04608763774004809,0.006706584097491678,-0.005096463625771973,0.03453710468895959,-0.01418774551544274,0.0019915798402047225,-0.012238051322314994,-0.023044078119556777,-0.022734856627066532,0.11130896421694557,0.051597467261882725,0.005587185203801858,0.11418626783925263,0.06447928555859135,0.049000580737604466,-0.06331902028487878,0.022914986127127602,-0.014391354638776749,-0.050233491186734994,0.07243327399089251,-0.015240250865367436,0.05130121457343159,-0.10085950846030314,-0.004338263454790446,0.04022668784477659,-0.014426469255563179,-0.015725436110733054,-0.0032532827042560455,-0.05666519411843083,-0.061850960450364624,-0.034956059431812424,0.02558569324395664,-0.03900114305460624,0.061895121893205264,-0.04258451846585962,0.07311542091616847,-0.010443354743889091,0.07288982759870265,-0.010905537190097993,0.023777751081682494,37.97795863251131,35.67468130866324,35.3833534036157,36.51508018243395,35.973153274174685,36.484850719780326,36.115927860797804,35.07263002831718,36.51489765503319,37.63897162019868,36.65106692074466,35.99118053832159,31.021563871444826,33.280944101214665,37.030924734037065,35.42737028648767,32.39474693569861,36.30282663389531,36.32260968213796,36.81520047914892,17.922498726163067,53.76457266108831,374.70818363179575,0.03912081857668195
2025-01-01 05:00:00-05:00,22.72127349663547,61.90829082773342,23.04645725024549,22.184694596687127,62.63257350669053,22.030209218646586,22.52840685641151,58.757126201514026,22.412112667592595,21.339627210911686,63.17851540634915,21.191851652174318,22.502785069944938,60.69472835356919,22.01317204346687,22.334448191063046,59.46461480004584,22.55718707301714,22.464204391544648,56.534789398890744,22.57350201982519,22.476738127750473,64.82176741476644,22.160056073583405,22.012510155812862,64.26218546200963,21.74908514806124,21.559451746168797,59.58731032434714,22.32108616557129,22.19005893307417,59.14550744083005,22.275266404077936,23.053935749519034,58.22947443936811,23.29069037488337,21.540679726074583,64.39868289633371,21.306439586985988,23.436501547902203,55.07970819130049,23.772285975388474,23.20205488533295,56.51013996658488,23.097469892890068,22.56148681831904,58.45762893311955,23.34943444401374,22.136191683280977,60.51479033607254,22.09440392243913,21.96105027150049,65.98992262214067,21.83705848810377,22.166896699044425,59.630460800088514,21.950788876082886,22.840430745308442,55.363024909256204,23.081109694509582,441.5848204045939,2.7093539227009797,5.3516926440593355,339.12248098512094,441.4590053814856,3.387119702347633,5.692907584749125,321.27085129358835,391.97529773099586,2.4847600311664424,4.5670735984718815,490.64399627578393,400.8056429259754,2.6102682335366927,4.711801734800097,542.4164929297175,411.50199689390666,2.989635020455083,5.3372161443294175,179.47620798996596,410.7734968449341,3.3011745077470516,5.742814563994731,306.7843292906469,424.3157897786878,2.3694043100681874,5.6631279683426055,359.74667914302245,438.06638836833577,2.92442195825715,3.381935937831108,451.0491619381077,478.3607802277326,2.6980434482414206,5.499260407402644,379.8987937763553,420.70821352265284,3.316193139451678,5.337618024654104,410.2338415911599,449.58437810341513,3.757314063377337,4.749663856662606,427.7105404005532,410.97099526264805,3.228524775152987,5.1382498781441,504.93459542422096,432.8755077397803,2.79529075841215,4.348839393630416,432.69834929684095,450.2819789110112,3.1631348006821667,8.65430464143887,372.2707572458546,452.6222969511745,3.0889855822968495,4.3595461131466395,324.0275269036949,424.3043725900131,5.0764607766699035,9.289980499971355,311.227147003331,426.7308266248753,2.5999085946508544,5.08102789745708,390.04325905723596,375.3397213451274,2.7218386746034717,5.4897540219623675,400.91843247868115,425.5155363128464,2.5119934494325413,5.618026947432682,475.00144192096644,412.9157847757628,3.611220188196242,4.690508421037381,371.7645268171903,0.012971260097004623,0.05136515351615496,0.002464219470432586,-0.015984586819534168,0.14033499790801773,0.011153282673822408,0.0036902002133287776,0.051818590022697,0.08316869478443856,-0.008059834075354528,0.010247122553558584,0.025427734327290837,0.09055820522840925,-0.08059711332983793,0.005265960106215915,0.02474100828476364,-0.026009624918420987,-0.025196625594485586,0.0520487881531602,-0.08745279814907253,0.0007893706479936793,0.03396217544575146,-0.030575460204600214,-0.0030900736422606895,-0.04902573139301182,0.09546403418025301,-0.05614649878394534,-0.05631578547603322,0.0675546570631154,0.011430216718985232,-0.14671450391833593,0.02721290148366294,0.05836168516903816,-0.09236160887161986,0.045574930786329945,-0.03680690384363463,-0.021671042220805965,-0.07444535224992443,0.06691702639633654,-0.04415320529079673,86.6528162882653,87.88439000915992,90.0007765324594,89.72690928241879,85.95537918312249,87.46479204768359,91.83621058511679,84.39674104287961,84.00460136196112,89.38274541414462,83.6561477216617,86.58936171651416,86.78945673853005,87.70204805444887,89.33931931570753,87.7629512330996,85.87607137139754,91.48167456912695,87.34555928132657,85.78830750671581,22.361748229633786,61.101765033799104,460.1393092646793,0.05660128986755225
2025-01-01 05:15:00-05:00,19.951467935109676,67.94420130280385,19.831763392765613,21.085090386990707,75.02348933645422,20.872150312807282,20.315597887047666,68.29273724702321,20.425828995173767,20.849591772223874,75.86046014070044,20.56450214439747,21.13339632215377,77.08875442627146,20.645338269865825,20.481353320596266,69.11441791472939,20.816209678468205,21.417834368638584,74.70161040204401,21.497655826141248,20.199863782124655,68.86711463525712,20.176307666137294,20.516679813091688,67.8333310289866,20.627617220922907,19.553535541921587,74.33782811470091,19.538314530589968,20.032785583747096,71.76173114276962,19.55350349258812,20.88801488114516,70.23680130744387,20.740877535223113,20.75784496479536,70.62991798367061,20.453583800140702,19.773567603387914,67.31827458672852,19.822165732969893,20.816606884330476,65.47199695999653,21.272705427123135,20.17127740776568,70.11021164680308,20.31651174949547,20.05339699005298,73.75262174174216,20.03689294075524,19.67499113317592,71.7272068093506,19.451159310000794,19.769463237561173,75.38404104465367,19.003518299662574,19.718318637686497,65.79109411908406,19.919174125400588,448.7416330942887,2.1634117613434585,4.65530849166859,395.33169572573223,384.1646645779704,4.925696777874904,5.0292295522562815,356.5677416389638,464.4694407309438,3.1350906992445307,5.030958438155825,386.0381931504237,446.760798416653,3.6034999273685897,6.221366443795628,402.16840888466834,471.3055146981707,4.1518527581315245,8.914344863525335,449.3777657626042,442.5796053384581,3.502495505801821,7.335889942269211,296.2470103333923,430.5132005467646,7.811623013092439,10.671609399254788,522.2514199643857,430.1418477543745,3.7647601670777484,6.447604151852393,330.7244180568062,422.60610164446,3.852334688100603,8.22652042272815,566.6157491045377,435.7730713176538,5.380475237619194,6.404673123456806,255.64180160579673,447.809670381903,3.1206970599829846,5.0521375673808695,458.80398684057866,398.1094492883214,3.712970123362458,6.278076736435971,405.59194715291574,438.9014350917002,3.6813021513535564,6.34857117301428,342.60301679426226,447.15348344394215,3.9471071128263913,6.803291949008054,449.17649187792216,387.59816523011875,3.4231564935007,6.788941428271704,418.5578112682827,427.5042155650728,3.126350720945253,7.772611870039025,401.7920079707141,430.62732206028,3.765773906109808,5.618368560181167,462.83151570386474,437.0093944783042,3.484816992116161,4.433677767686629,306.27365947135183,377.4811983580748,3.776169896229067,7.00849192209649,347.059222246836,438.64495626649926,3.783389198825344,5.927724170524896,255.1483653199863,-0.1019574983087843,-0.021223585459888922,0.03428150171130106,0.010302424483745326,0.04042637576257667,0.0518152905505347,-0.032153810428589134,-0.04333532430743156,-0.02483199246942193,-0.00474501666273,-0.05548274408530566,0.08066842637761407,-0.0233964981109889,-0.1276152925611376,-0.027168531918916355,0.04982461624280891,0.05084683682674215,-0.07625732915363809,-0.06574946977357875,-0.04540111748140935,-0.04205036534180004,0.021954444686444707,0.003994752310610637,-0.020309752844646978,-0.00628730295894,-0.01801690402691828,-0.00803089274755974,-0.04664027775508378,-0.012029834412099632,0.003240875604958475,0.054456492802743534,-0.054719569370820634,0.008019962785954527,-0.01217503969244339,0.007771224443069512,0.043032960435874734,-0.03847557245839015,0.039106888551189926,-0.08191935927885752,-0.04895332908643201,56.86619867303834,58.71649999106259,56.51726091977937,56.53190692813142,57.08610097033599,53.81819034191125,55.41027293433155,55.91327625587089,55.8143606438106,56.015971614578476,57.863216281634045,54.332459062504,53.106336217219,53.66152802476073,56.351264233033696,55.19944394247312,54.184794595727126,55.40059654220923,56.67595308659056,52.885383471896624,20.193614552127563,73.8417608560127,431.25244117888747,0.011078457012301483
2025-01-01 05:30:00-05:00,20.44119371437164,54.522463043996915,20.30996826553111,21.206106812785123,50.64698378724806,21.565646976621604,20.309747223039654,53.190433387557164,20.36646798029135,20.696555712771506,49.41244490718005,21.090548930051284,20.543187758899947,53.52456797223523,20.373203239173414,21.196934111182955,50.82925251753189,21.401345978300366,20.19272577953401,50.228933355118784,20.198601289553228,20.33172279696202,44.87358220913715,20.80526980609761,21.576412735992147,42.955871938077614,21.926464950563084,21.168406525075266,51.39801545105157,20.555588755824115,20.551576238356677,45.85641029193937,20.45270999390145,20.46217274559511,45.094350221775045,20.763148842073637,20.68573310436163,50.17303532135347,20.83045902254352,21.05030293380587,50.663616777024224,21.457402271089556,20.813672447878947,42.76437248253368,20.96846648628511,20.98980898769752,48.17738867408897,21.275083606807602,20.801965368862565,46.8157524589161,20.745678582771465,21.080789831978578,50.33390083813456,20.796413050603054,20.65075776734073,48.43927243888595,20.625613360702026,20.788306196301026,52.00915418788797,20.85756309666236,430.588517149047,3.524280703500561,7.044186529656514,444.8045786314525,375.4500624972818,3.4510192649273033,8.421043611214811,535.4150680545717,507.6100307708143,4.212686101295194,8.508172321628898,310.1095772896017,428.87816057079164,5.8912984738756995,7.6517154286530715,266.9447376330744,447.1086007582054,4.420754884073621,8.620774553181432,287.12264812996744,455.62988893024567,6.703671776665305,11.713701418033619,310.97783009459624,403.2080972092318,3.915443329209977,5.572531955034567,350.3229894154265,417.3165714700692,3.5600077395947234,5.449842739394164,293.8701338325311,429.09455459796027,4.953222504852198,5.211224522235573,399.9431470587323,453.27266787529766,2.9260071849627822,6.873974076431805,363.36887371900264,425.1995819993414,4.084522840085851,6.815001258693215,315.96688819931774,410.7163488628099,4.188791560695428,6.726185286085654,388.3148864057873,449.50643436448865,4.771072840297786,9.738614916397458,316.4939299375621,462.96020974655187,5.068274700978696,9.657493139815688,350.85511749810564,448.57138800011563,4.564404594663429,9.75396006956311,314.3803527303806,383.43065176903946,5.026396371771126,8.571613002208677,365.04497729445416,425.9112578374409,3.6786036116775858,8.358451151615288,242.219350464954,402.36269638548106,4.763795620422187,8.046148692335406,245.5592279385697,435.4999544516568,3.9305303366414144,6.746501888803398,308.1843897155411,456.8264999089243,3.921635557823852,7.053554895051877,291.58401064725797,0.05878699112079078,-0.026498644152383982,-0.07621006501311858,-0.025817126672211373,0.0015022840774043653,0.033093466337502105,0.016099719653090882,-0.016549109346705056,0.046429245171723255,-0.014715565668250913,0.12898065676315645,-0.008144684066890425,-0.032955621016923155,0.03703712568853728,0.005631105427308662,0.014020365878627815,-0.06636150268369248,0.012551806840926567,-0.04815924297642136,0.036571168149483455,0.023502963249454584,0.11181315092895915,-0.04058142959769905,0.02509039069542032,-0.0034543942223498325,-0.05539823416694767,0.02446228791794069,-0.02758757179317871,0.03767878572526578,0.027442292356291777,-0.06448860046221148,0.11790942742858822,0.07844943325537952,0.0042274127300016215,-0.03626706826603727,0.02820876525995072,-0.04020212152153673,0.04909623612751649,-0.013669293229290473,0.04400798646849848,65.57100144915555,67.40133316706797,66.51821417200016,68.60151953169401,62.15112656756199,69.16710139507022,66.59516267388263,69.46081695559322,67.14991709119934,67.65628478722668,70.18080926458518,67.14604215296423,64.65157511872766,68.11227935150688,67.05034168561996,67.19399038180396,70.55757104022497,66.07598002431736,65.01649565678836,67.0290508398714,20.581287972115568,49.36144474846479,433.8966234840268,0.03739276859880359
2025-01-01 05:45:00-05:00,-2.305843009213694e+18,-7.378697629483821e+18,-9.223372036854776e+17,-2.305843009213694e+18,-7.378697629483821e+18,-9.223372036854776e+17,-2.305843009213694e+18,-7.378697629483821e+18,-9.223372036854776e+17,-2.305843009213694e+18,-7.378697629483821e+18,-9.223372036854776e+17,-2.305843009213694e+18,-7.378697629483821e+18,-9.223372036854776e+17,-9.223372036854776e+17,24.185439888077376,-9.223372036854776e+17,-9.223372036854776e+17,26.485812222188695,-9.223372036854776e+17,-9.223372036854776e+17,24.3872926223058,-9.223372036854776e+17,-9.223372036854776e+17,23.251124953078325,-9.223372036854776e+17,-9.223372036854776e+17,21.924013446745068,-9.223372036854776e+17,-9.223372036854776e+17,25.51113704258548,-9.223372036854776e+17,-9.223372036854776e+17,23.20987688048286,-9.223372036854776e+17,-9.223372036854776e+17,26.16122886888011,-9.223372036854776e+17,-9.223372036854776e+17,22.58068507798314,-9.223372036854776e+17,-9.223372036854776e+17,23.839554402184902,-9.223372036854776e+17,-9.223372036854776e+17,23.125734626218264,-9.223372036854776e+17,-9.223372036854776e+17,28.073534657567407,-9.223372036854776e+17,-9.223372036854776e+17,24.69488543404647,-9.223372036854776e+17,-9.223372036854776e+17,25.759006333789138,-9.223372036854776e+17,-9.223372036854776e+17,25.87882703423856,-9.223372036854776e+17,-1.659614528207965e+20,1.2333425329004555,1.093727590531919,50.027165515398764,-1.659614528207965e+20,0.9727199364100768,1.115056793442987,49.99297729604054,-1.659614528207965e+20,1.2312193576294224,0.9681206726500617,50.015858292224166,-1.659614528207965e+20,1.0331266508704569,0.9813618507518168,49.958887635887464,-1.659614528207965e+20,1.2418991274913738,0.9964865983909342,49.93673059394018,439.204997506362,0.8757611051852185,0.8680495442456125,49.96765529096798,395.4074419060094,1.0573958988957355,0.8348067375686464,50.032725127527186,418.78649557565757,0.9306089059403883,1.1162718824154387,49.89084275547436,432.27287461857065,1.3339704300185546,1.0190235200367006,50.03406568589668,411.09366551541245,1.2072884618813955,0.9198072593232368,49.93276520106477,404.9659330275536,0.988702505886138,0.9267390626069724,49.991124980186186,402.580213656409,0.9288225856027756,1.0381695508137072,50.050621022612,426.0422866815514,1.013416065888022,0.945162049586156,50.00932456061469,370.48299186510104,0.7698359550192135,1.0045008025227307,49.970840570658844,426.43016989216585,1.0406370761575447,1.286658666633277,50.01249857012967,423.6917652420987,1.1149483625813854,0.8938366827280352,50.01275856135453,450.28777665280984,1.0142525397891349,1.0000644507310656,50.09459932361515,396.83595311322586,1.0009821962765741,1.115469901761643,50.05805262645633,426.72613438733816,1.029727814086279,1.1078262560994943,49.984555705332056,458.19438182469474,0.8710743745343823,1.0292996030996306,50.044821178057205,-0.1392599390978255,-0.03071849144085814,-0.08570628779106974,-0.042566763760632315,-0.033735493689120453,0.01307410634360953,0.09138228794199608,0.04048180466884538,0.030205832988964395,-0.06290584462523051,-0.004259133478263164,0.008777909677381377,0.0864967312523514,-0.01656040401573877,0.020219183117898346,0.00018884668538930003,-0.0616975095096861,-0.05413431975940534,-0.0338441926256137,0.1027452051774379,0.009599619488855187,0.004816811284250862,0.008719019929127138,0.0475103515397215,-0.037682786141157734,-0.03362167239749239,0.059059652944947263,-0.032117984651628816,-0.034698561530121595,0.02340655080826856,0.04743692112943665,0.003382155971362142,-0.0029950887794071876,0.024503624225221406,0.0032307280344359896,0.06167002041535219,-0.023242318007447967,-0.015871300099276276,0.03881454609924435,-0.007420037789339572,37.18610037372728,41.31394552085995,43.21718506659841,35.71667910266383,42.61166092811775,43.686965424196764,41.997859463149496,39.983433249051124,43.99811081699165,40.57481249424594,43.9279829714884,44.455582973366134,39.749977219726084,37.89987187103372,41.268646606393304,42.44791695234649,38.71251452617003,43.88953957751794,38.597608778791056,40.73580404880687,-9.223372036854778e+17,25.41913922545717,404.79486145881083,-0.04187160989482409
2025-01-01 06:00:00-05:00,19.739704315658408,69.33988486218966,19.612931074830215,21.443747798678817,52.332384328509974,21.053194029897,19.46645407388973,64.2941881421408,19.428054109997973,20.643858164904508,59.521656495191344,20.775759535804088,20.89891414256913,55.5373048202738,20.699615926820815,20.75947241502783,57.71713852808342,20.664819256716324,21.041333679382973,57.96288491139961,20.82133634650705,20.352604589063034,55.43754919459386,20.454894221414236,20.59550633398943,52.381514060088385,20.469178072446123,20.49986942587474,65.8596916615545,20.554142655681154,21.34507244357575,60.48789241514279,21.11750633322555,21.006453958860806,56.63282366529253,20.71451039624695,21.389365690436332,67.38242732042241,21.44745637058828,21.136930926946214,58.83340372484532,20.85014291802117,20.24207800731393,57.809284808000726,19.97152496050063,21.344579817956497,62.52895748224423,21.371673253444744,19.734734521958508,65.75334727521825,19.695641039442275,20.90391094026956,67.81174174962732,20.72682040112233,20.642055147319212,62.588216689690086,20.96235925070225,20.80328715966018,60.2177444966856,20.961706252963676,488.6312344123816,3.292618671043813,3.915893154719754,157.96234899117607,435.39190538048337,2.4907862174408995,3.7040902657921544,264.1716559486246,410.2927481879827,2.3403129575817863,3.3633385229106194,203.06134850482306,454.5094415739357,2.1982752241433916,3.3590759119626044,313.0021480074758,390.6841330266812,2.185930830558303,3.2551745553536695,312.27922002526026,417.3122517276469,1.6941139974102286,4.770370239893759,224.27943650773298,453.7453679830733,2.7344043790186685,5.3883331451300895,184.16368524376819,395.9109845710138,2.314736011448069,4.822622485342577,225.64543257551705,419.8522603632025,2.444576093316743,2.5671724355165964,234.05425890868545,431.90899460082596,2.0400905556322204,4.521675113171041,168.58861456578478,434.0939339801845,2.6329337333848257,4.6492975297558665,227.17275940069598,391.11368710091193,2.8287881050182184,3.489574475794313,166.00051924898824,441.9295099919515,2.488225742963695,4.588979458380625,245.41794423260052,486.2724275736798,1.8167878410498208,5.005066908708297,273.4489414102683,480.4759567732013,2.288619800628438,4.108372757902004,243.4972578869459,384.9030779681116,1.9924985931284245,4.515578194066616,232.96518693683777,423.81935778779103,2.8256206297400923,5.974452125445372,244.85981211028655,459.67158009947076,6.576104195129749,10.573059663069376,433.7305312587662,423.02038676792847,3.354337785937796,3.9889835225531813,290.3003008471811,475.4768807862283,2.8843672605372865,4.54372480004494,251.2287390235653,0.045236098313784646,-0.03278811146147641,-0.06094552377581321,-0.0320241008024899,-0.04553598945388509,-0.022511902424745604,-0.00833627051277733,0.001980038848289228,-0.0036295822617291792,0.06631734337661578,0.013685560646284643,0.004890524760279992,0.030034688989667616,0.08586663255826114,-0.005593477650041697,-0.01979551733594869,-0.04847585887325868,0.06620172706305733,0.04214976022602155,-0.0432007421454183,0.025120249194965957,0.07650806079397246,0.0029263705975903745,-0.09480984730256686,0.003847848951641081,0.03628310780598106,-0.044806516955298914,-0.03283848611673284,0.03276377964843578,0.0014556702724734443,-0.04873330557064448,0.00438221775354158,0.04741304598990262,0.1076795640101853,-0.01891615446115878,0.006046078197332824,-0.011793216036975895,-0.07249273504939921,-0.03596706524193065,-0.0971598783842928,197.7341580639005,198.40005991090962,195.85386077980314,197.40031690281802,197.77387053685092,196.47856896319618,199.14497464755834,197.34526730676987,195.27569460517074,200.61744125533056,194.8647303511719,196.57697240694625,195.9932504911401,198.57329954005422,194.78798877929006,198.40905632961656,196.35554528713956,197.4791050483944,198.39900492708125,196.72993531743134,20.898446894017496,59.63233861354848,384.63912482007385,0.07587912710728728
2025-01-01 06:15:00-05:00,21.92033222101423,50.002533642461174,21.3768391709941,21.65763114168203,50.488895264643425,21.59573749110809,21.60404283263083,54.06281147599077,21.174661319901393,21.79378907051794,48.75440797690717,21.802976649295463,21.210595568973627,51.55352491005108,21.46854403365681,21.686022953927527,57.48047191950466,21.60256390426568,22.39597693903627,47.061819447931974,22.525100406119982,22.82656164151218,48.68537438743537,22.623679684654835,21.69786360512982,51.66408395952187,21.67077791908313,21.826447236697803,53.810867766281866,21.626597287074244,22.037592839791774,52.423461668602464,21.73825293021021,22.19042729553544,48.07937500931226,21.844018497401077,21.24173856576136,51.18308940637811,21.757427715664733,21.65746740833053,50.04344593095119,21.303280252736034,20.810971732789223,54.66091418270203,21.24950950536741,21.928463310524414,53.15457361329972,21.399424451295967,22.02399137152707,49.113166689928875,21.99738002592991,22.592239194711404,57.02480543446892,21.863140789080937,22.260845733120863,47.10104459583605,21.642294223321688,21.64839809997656,48.02152393937748,21.661119695180496,481.34209218873775,2.726398258277565,3.9043971256787415,165.0403988368132,447.27662952247823,1.8717586108155035,3.6246582942270513,211.65677605466752,426.4103094304125,2.84757284777931,3.9107627295227854,140.71798611936347,413.2781287499348,2.61405441695419,2.9603057724043373,256.6629005194333,409.92188995187166,1.687595117596765,3.536409550858235,260.60020209316133,480.97535588458516,4.384333498534326,7.998538634930516,309.49783932773465,418.83870000396735,1.5192730977838502,4.231285951780103,236.19126573083284,398.2929656517167,2.669645610150527,5.24197409536626,269.72739680771264,411.2901723407476,2.845876176795237,2.144756028657213,242.02479028736045,423.846263357621,1.942802217597436,3.673859413318074,273.6259612028141,378.841826206408,1.953189590956379,2.83005202856577,272.23770900370107,439.35244781220484,2.0273508740802875,3.4437784340823243,230.61911123559727,380.27166331192825,2.104571383974038,3.557025700063652,230.0500875059175,373.4851763351373,3.4153616755908254,5.287322810847916,314.1749032269079,468.87311146580345,2.3796792589675264,4.1963345871919895,260.34392989390284,481.6528618717682,2.578995406036013,3.3035027725311665,276.9235393909231,426.75665788445764,1.992536716357116,2.9173978382699857,225.83733545972058,478.3380520219416,2.436567866091371,4.610726870825426,332.4748217955708,404.40001156829953,2.1894949939231414,3.672597315188232,210.34724381841855,433.85950699575,3.3853243000302933,3.5797915764218193,210.49126961056442,-0.02904559140618288,0.055116717921148896,0.07520540053399061,0.11770861432870741,0.021851414383067765,-0.04621470506456535,-0.03408322409156973,0.0766560621336022,0.0158298971408453,0.00485481101476417,0.012113181031348546,0.0896775040291403,-0.023390679182368816,0.05213239044837864,0.02156766684897947,-0.0061750809643346515,0.058796736566888774,0.00840977198960548,0.07262353231366438,0.05060651245898792,0.075808933612948,0.0012755702012423112,-0.0930055110278627,0.10469697306615336,-0.10579501154219387,-0.049335283179962254,-0.08423704114630239,-0.04757067729983141,-0.046142648448381104,0.10197456277174488,-0.023214013016967468,-0.08785591703954661,-0.0819578591125215,-0.09833625871815042,0.12517453656824698,0.016471210646191444,0.0502945961363393,0.019125643732176036,-0.011718877257757374,-0.06856796691924417,263.08294305818913,258.620802667768,257.89956186610647,261.8252813241732,257.42258007302377,260.8268953272243,261.9427131373184,259.1146605769578,258.9383624946059,262.73130003434306,257.4672498171858,265.233341435279,259.5011669067035,263.3411583668517,263.35255912037877,259.76602336442323,260.71964640842083,259.5221777194243,262.2267542521399,264.12608170430343,21.571524968808824,51.55640509738057,409.18985163138314,0.009509739411656113
2025-01-01 06:30:00-05:00,21.18847200163659,57.453141851462185,20.967385137379427,19.737707382822734,64.39358148066603,19.43550312491241,20.469257418904537,62.336080110404616,19.75726131765306,20.362222779799197,58.57050010281027,20.278811016835046,20.746388409615275,68.0442272674929,20.478338101668406,20.753465312409663,57.965960427539365,21.04117976551133,20.231487905922712,64.0341646437359,20.180921510044268,19.612095880029624,65.37900166562184,20.038876872822655,19.6270986033498,59.1756879750578,19.62330300715062,20.481102349563,60.172120734837634,20.514817871067432,19.65192903037468,66.3949267319326,19.35319826072719,20.888948539430498,59.95448213661974,21.061243958700725,20.956090240204976,62.38115178866175,20.732959069729958,20.45481575103813,60.80243879245507,20.691823196735108,19.898324898845214,61.95520163882051,20.134418582536114,19.640456002005468,69.19201447640694,19.722891150774764,21.423148886837158,63.75446315271991,21.095358301664106,21.222920832764,63.72822898195587,20.461055324520544,19.45830837970465,64.76015847051761,19.95534656144697,20.426983812030386,59.88040818620445,20.17857893895996,456.54858440109837,2.5852956250693535,4.893644668263215,206.50798867386175,353.22053292647365,2.107252579250568,2.8284347583653666,228.42358088577538,435.1356453305372,2.6319915305370194,5.769943282523904,184.61223324635802,384.62317503215536,3.084508939969549,3.994882460670792,327.7007002553338,500.17704166175,3.2612806749549748,5.589133710544844,315.32816423406746,459.0146137095368,3.9180406888481287,4.723225652734674,312.80943072541476,402.69877210307243,2.2520639498198056,5.46479380835249,283.81428416303856,452.97389983114715,2.927686999744188,3.8660789841607137,208.3739192631018,444.2977748138034,2.7495084426963423,6.159917769795194,213.50206414230146,436.5461867543148,1.8725641382153684,3.7936188882835356,251.4123164840592,411.58028893553626,2.6929240630152935,3.632767240455945,301.2275143259276,434.29860559785254,2.720831329587806,4.659559369909085,215.89244171934027,387.7616981130596,3.452097508710079,4.5557107244704795,201.6570074210257,417.9282811215991,3.5233734707728877,6.80485815744857,300.29076959033875,426.8326379008082,3.1865233164222233,5.024280383916848,322.95990920665366,409.3695017209496,2.6869825876822175,4.038986901938935,278.6113978382419,379.4996378932261,1.7956105047629467,6.422675545682646,246.53595107489923,416.0517381752561,3.1685870020208804,4.565612248528567,186.20379124977532,424.3783721477916,3.7456656062576306,7.350211656384582,247.0204821449931,416.9423509168754,2.6608467443541737,3.8633843744333967,190.42062024639785,-0.07247688420375661,-0.0035345241357040247,-0.03273524486290289,-0.019115082916493595,-0.026326953535313627,0.0054157362078639075,0.015334020583461165,-0.0075079863720485356,-0.004274650139460333,0.031354535156395164,0.017690948045239817,0.06711544472082472,0.006334065006703412,0.029440705238175192,-0.01768122329014934,-0.0670049293610133,-0.011854000912108031,-0.013040833205387875,0.02611964147164715,-0.057506057090936494,-0.011508905508797698,0.02262130480375095,-0.02698395919497834,0.007206084970446749,-0.004425615366913592,0.04146818256565646,-0.05035739627110365,0.00030406160256481716,0.021114251555948316,-0.0009144099551394152,-0.11417965315092574,0.00642677880733562,0.0641046941054391,-0.03787868361544398,-0.012440062708632028,0.015904762003568725,-0.018964473051071153,0.05982447454135495,0.06316542383783506,-0.06592628456340731,182.82794202798536,187.89441468621135,185.93388294613078,184.62295692553533,188.08349163091586,184.52118641310582,184.2951381347328,187.88454401159154,182.95183540855265,186.67722072524293,186.2369260914598,187.4081916223639,187.11969137619957,186.92466140611754,187.26765909269145,184.4003810770181,186.77955109843992,189.0188181401632,192.9645708780896,187.5265393395588,20.279220232877275,61.232164466887895,443.1760828743271,-0.08025652751294332
2025-01-01 06:45:00-05:00,22.646282040583486,59.17720542974799,23.06455569355591,22.769096731947954,63.30814855478261,22.56224980242699,23.537694945143564,63.49421726867564,23.496477476319775,22.424406224152158,58.416935771011936,22.601248194778304,23.113377658103722,62.08090581808447,23.366985773359858,22.406182106449457,63.67101172264442,22.364257788100254,21.939489819330415,58.61883461298708,22.236174904007,22.65685571296414,58.304750197303804,22.732869611879607,23.103246406476256,62.4782686229611,22.895167754883904,22.7256906533612,58.45238892805211,22.680155730977614,23.229866067750535,59.059112568118216,23.47072743166649,23.652569010779168,54.377430539737965,23.067100012727632,22.900003622014424,60.16496796301304,22.725333236431187,22.87265765077649,66.82797899931336,22.685743950493723,23.584703777392583,55.14104702287448,23.403547603979924,22.762787595215553,53.56555724323132,22.459710878821014,22.83486247436201,63.83769879832907,23.217014356428372,22.746714892999506,59.57882350718001,22.685844900445698,23.448966340885974,61.803337492847646,23.00568565892588,22.415452054661742,64.6390693709543,22.603141694172262,437.0707238948815,4.36507816292683,7.9717023235973254,247.58106651020756,419.70974470396965,2.918232801723363,8.176749776114152,371.8000000651696,481.2184821727204,6.2803488515286565,6.96867311494096,323.8088194329564,446.39683838994176,4.123442360163273,8.979716854846583,191.51708205235016,443.2868482086657,4.697085700708272,7.842356187811764,204.8469329073595,420.69254219697956,4.311984753889112,9.394201682247255,205.12384693406116,409.6127181211788,4.3380559999620365,8.651847656089332,219.26099001916577,389.5946013903592,3.7264055815736117,9.1585303299847,269.33117758081,433.6492959324196,4.695449118492675,8.616952984794342,265.9808357658329,381.6115778367039,3.7280403253809506,5.926885643957605,258.79089367813043,447.61890954275185,6.661237024222224,10.610975637658434,456.6933325568477,440.78958299064243,3.9048389764626443,5.891431205718093,235.32687510415036,414.7695663655756,3.791330666693979,7.510701795618741,270.79381523690444,356.2849614969865,5.581601958242046,9.052161722698038,262.60677502361216,428.73231703958487,4.119343994243358,9.512589646228774,287.71684158289787,443.21437740238656,5.258687684581158,7.472816753184074,275.88452990605515,467.8701993054367,3.4331509178203556,8.795960832573321,246.2635997648852,397.61263528480026,3.1338762031355953,7.435110791855781,281.1969504709832,375.0092434640373,2.522350381255867,7.840048528083751,261.83768626536335,432.4529940214072,5.581047048519502,7.935986930151872,223.32260426133774,0.008499646234156309,0.051140248167878134,0.040426468666442825,0.05003881377140467,0.04954421749719651,-0.05721720986886755,-0.03975432356980525,0.09414873904405752,-0.106316387066361,0.08075449259630851,-0.042353015202602734,0.01923378596954904,-0.0624679336532606,-0.024337515619553017,-0.15756528314489257,0.00889382471695467,-0.04741951720509663,0.0627034695729407,-0.06568466655791742,-0.019467278461774918,0.005508770368572528,-0.02766713116596193,0.047051891118906806,0.005484302530076691,0.022258280822330855,-0.042674169280219346,0.027810734375269965,-0.03756280720351535,0.017844768864540728,0.001958442603494111,0.021232043097544163,0.008590525065928787,0.03446452366837146,0.0998493274625409,0.03700979577723764,-0.06079608100890482,-0.016630539427939035,0.08859884562379389,-0.038734348965646155,0.053366237454169546,312.8016180870673,315.6150031096761,315.42842091775145,315.5089668552495,315.30753563100825,316.121024222357,311.54827463982735,313.52484538724,312.30602987345384,318.1192155629642,316.7903057419602,316.2522626093435,314.09698922978373,313.81136119926117,314.91855985565263,316.61363031910525,318.78439713843795,314.6358781432459,314.7744118565816,317.49130355283245,23.107304040332025,58.22399761523545,421.3629584786864,0.06076940792139756
2025-01-01 07:00:00-05:00,21.95895319739832,53.384651589505374,21.618118037384313,21.835124735037006,54.78240876573761,22.0981437077374,23.90453169112274,63.96359861932012,23.37969419277006,22.238706828717905,55.023427817364094,22.264031072165622,25.164278679729964,64.00681511741702,24.083824328934714,22.288110985777283,59.09888578255598,22.713212548638612,21.94099800270254,51.885866948544724,22.046893639559514,21.368330109198766,51.62444194522265,21.34411035830228,20.983901819476507,52.34671388059975,21.58478655964965,21.54609958380316,55.96662547722419,21.973281828540937,22.461713181492758,56.8643724548256,22.412561006258862,21.78878727304459,56.890483754866764,21.43048979255998,21.826470115053652,62.775827416083075,21.87644969073045,22.87125140313528,54.31837399168144,22.81523149159056,21.088711449448407,57.98705800572604,21.369056289999055,21.433088991109845,59.25757244510157,21.362319263839925,22.448976316568576,58.40498858322828,22.32758928381863,23.051605051350265,52.18774914866436,22.77715438705663,21.452811304077994,56.28858787427858,21.518424076128056,21.96611189947162,54.81946245406633,21.9721155093858,396.5578792290104,3.5424587645604335,4.389974022293371,310.89184889307325,411.5217055326385,3.58286584352214,7.745080748408397,271.87411503930235,456.4847351295657,4.1983101474283115,6.378959500299643,373.0356358671895,430.8840513449709,2.5921812792881025,5.239161017720191,236.83783502637672,598.5057814723361,9.915135239732159,13.478732338782304,478.2407681577771,440.01322540401713,8.688429402842603,18.008625373675038,482.56861467651527,410.67963769617006,2.2548255784738296,6.369271303346012,283.11550658700787,432.71518680237926,2.847462835121582,5.457587791565284,316.82494256987974,438.1002716114832,3.4958667259454925,5.374563871185382,229.12721298222414,369.6155538507267,3.276140154576291,5.637446859605428,276.33768482569815,446.3104344677657,4.1393756855928885,11.210305618532738,254.04031202011626,437.4362697865446,3.5485994521802087,3.029826095862419,290.0381606284721,486.8183263723488,8.24845243586187,18.58700401790127,441.4363872008765,423.7551738196813,15.981651813222216,15.172549595347112,391.1437984602687,435.0496213594399,3.1543991212487295,6.16372135493035,298.60369209652447,457.6602719787508,4.689191736295586,5.266548518063983,318.30157212105706,438.6826828197667,8.412150404465464,15.47254266877616,260.53091192403497,420.5064280817036,2.62458205683457,6.763430636759855,239.6477629867526,411.0242874660812,2.90888407071873,10.374558646052431,272.61023016872593,456.37471392764087,3.3459593016031572,4.759235607525404,166.3009836069396,0.044280711974423,0.013551082070561205,0.029441533581817697,0.10385848822761368,219.33077154736506,0.036611165166086354,-0.007365449407729152,0.10313409588489736,423.5166763228307,-0.006556542229441776,434.67181759234035,0.03969374274318163,0.05044947459305006,0.033791879126034284,-0.009670993158446176,0.05257439213861366,-0.009820261785413238,0.013012114109497151,-0.03100944116858433,0.0005081094061567267,94.25779896005727,-0.09426612287414901,0.024325720800201647,-0.06971079561194336,419.4546492789809,-0.0037536426722774166,419.94539305393107,0.05658177026591972,-0.10322968917320559,-0.004261319255686956,-0.02869670576145015,-0.057490074693540144,320.7867669973601,-0.0460539271547162,0.02173515337072053,0.01969134098147389,87.3499850311662,0.03285546185110296,0.02412986015902314,-0.0024188529641995474,267.4056065246319,262.61325783829886,266.29354254884396,266.59934186646444,265.8230382253096,268.98142269856055,264.11139659535405,266.4647102964877,264.5417274146991,268.48399197818964,267.3009022587264,266.7830721591114,265.3055464648158,265.70809387951783,263.9467250705067,270.17250112637066,261.38309263446274,263.2949281146178,263.85209310239287,266.6093205274013,22.04405804018963,55.0623990313192,419.79419869018244,121.0065432943688
2025-01-01 07:15:00-05:00,24.47436801195376,57.01005644101636,23.94637760182616,22.465187770337135,58.795769773295454,22.3566626661678,22.231958270046796,63.98711004125818,21.977127920042236,22.356609178405908,61.65734884916813,22.503575469702266,26.40047242412541,68.80846439151622,24.017739398794564,23.251175133320988,60.86970266274256,23.61273086453017,22.992813653005964,56.4193450891987,23.206786831729943,22.595773968222836,65.56127786624185,22.652341383690942,22.454136299906878,53.397765534963696,22.07238017693439,23.260416028267652,55.210644887101076,23.489107742983837,23.087287258506787,56.88676863835882,23.034168802527407,22.938754238694802,56.72684475110779,23.0968857646063,23.58128310339863,63.073240702321534,23.857026731976074,23.397748073545777,70.26114826549026,23.152564033632224,22.630342580243727,58.40033385222474,23.00706575900227,22.33637093670471,57.134793119488826,22.840221457814792,21.710590562297735,64.16380519236364,21.883806633840877,22.042815922373908,56.12581735260615,22.174687102708173,23.40834993484211,56.20568847632011,23.34557810707463,23.296153481338557,58.16231326278065,23.11447731167212,478.4098194237134,3.8993312019724162,6.635777889539513,327.6987005251209,423.4240527634836,2.5324662039558308,5.31487059867619,289.2157141367999,501.91947017802363,3.10407387767337,5.473814213679677,393.5771029632075,420.51171669844024,1.7367016504202524,4.841550204867655,306.0126184669305,648.6699471163777,11.463083836059594,14.986509520288465,432.0910175850539,429.25772443909426,11.157382930629552,21.332593175044526,727.4804179081824,395.61249220564235,3.448700698814766,3.644140334508153,254.20892478208913,412.1858528985461,2.7649238507286613,5.339997899709864,193.28656370307115,421.54977087024315,2.9490603720669433,4.1926694962835995,226.82909402203322,468.9320176057159,2.777857086199293,2.8136588379556033,265.6567569816577,457.52292168586973,3.8595254635593417,4.924001359595366,287.1015830241492,414.05349856946515,2.465209827439161,6.833037764484573,338.1036710420797,410.2800474872607,7.454965830646307,11.868657371023426,395.43118521836567,473.0766527868826,7.057302663541699,13.558077745694868,425.1594251796763,423.25599675098175,4.024402874152849,8.643413452100434,301.30092591647264,415.47984629543123,2.3617542346605793,4.035812018683567,215.75907714509256,457.4495543967492,2.5810627452111463,4.444768031957896,282.0940973629322,477.8609368496236,3.1336886779701505,3.9136411650515317,250.82018206089361,462.1341587295459,3.312812969272112,4.7750639902344165,294.32703371250545,432.28630504476564,2.6213037886383685,4.138809200066012,226.51633290512433,194.76112635038032,-0.043706180461705324,-0.008984191736766437,0.039035287295220385,89.30236368389293,-0.08871562842368569,-0.03392227435505201,0.022902213810774872,461.86859566971464,-0.00463746277810691,487.95011752240066,0.017484992919182353,0.06999222583330131,-0.019820431967815376,0.03424678841596589,-0.04361948409764505,0.00859997794151385,0.017330170497045494,0.07860407329671928,-0.03452578815728283,93.08900403297966,-0.09132923388073572,-0.03482270727460109,-0.02855015124335097,444.1409212938626,0.11050735027681279,401.1633767989063,0.05607867914219122,187.0025225152146,0.010130099968392332,-0.018327972983228392,-0.05197814025282094,0.04324645738134205,0.02208778272035384,-0.0075323455382990435,0.1634953368693471,97.3028494939344,-0.030686477085350286,0.03733261267607348,0.0017677647949748702,306.2213847953854,307.1988105707317,303.9866726613619,304.9828122495249,307.148158573852,307.3200676348522,305.50525503678944,307.7484606890653,304.0827269310898,307.26617094967344,306.81358760602245,307.4986844368758,304.6853423815279,308.62494487575646,300.5204421039774,304.8185431689478,309.8060509358011,305.59075202336203,307.30490165336704,303.2819913159255,23.10976235805367,59.80840914533555,386.0392206116212,122.91684102296489
2025-01-01 07:30:00-05:00,22.379092662321426,57.89883465926695,21.99571994785144,22.17082943236982,52.805125061301645,22.33327391477011,22.632833552050638,57.09667788173516,22.56415701066672,22.56648269190454,59.620735427109345,22.45723908968944,25.25260410078714,67.7510859338041,23.625313089738093,24.025709273776087,57.96814834982246,24.1004176348714,22.923045048113213,61.91329570340401,22.848427885290736,22.334733799904757,52.28635315770245,22.311281706745827,21.832383221041667,55.31984561272287,21.899737234178694,22.83070229569904,55.63694281648105,22.729732703304716,23.805379271836102,53.7352525478631,23.15327401199961,22.472076936451238,59.67000705954613,22.378238955855775,23.890899957265468,61.071756752009684,24.21957513240152,24.039944577660286,62.194962845259354,23.805324506284222,22.47049995388926,50.769791167139886,22.494780460155397,21.855847240726213,59.01048832474926,22.02209783091308,22.071849216481343,59.41155453585082,22.054879126875107,22.506841961537752,55.29799516603331,22.468151144302873,22.913733113109583,53.921951504684515,23.25815584390221,22.599144583310828,55.414162232661724,23.29206572664951,402.3376334415723,3.156312502524673,4.199030931441026,419.8215016667812,373.97296641373566,1.6543236766306273,5.936110261712954,252.19793033596005,434.6559283689464,3.2302233114884373,6.334749762936224,298.3359516997141,445.24621586765585,3.799037046816064,4.5391080648847515,240.90112461173825,624.7133157344172,9.118032067427691,11.092600442724574,408.1486187382177,455.4839450753177,9.03560323971161,17.139205925102505,352.208516244573,412.80162609497063,3.6571502404079714,4.931633791281729,314.6441291053354,370.18903363517217,2.699724004172441,3.278201011968937,272.09094930999424,484.6314678514286,3.258298446269008,3.160868096646458,169.9939540691399,395.2481310300827,2.4092252914767975,4.241978279230073,214.50499795627977,419.97710927309214,3.3488698849727805,6.412524978803597,331.4699995016675,396.54850223460795,2.0524962622905005,4.3948433540046405,310.4932949870044,419.145547820061,6.098406041568819,15.01739291589258,310.30397769135,471.12669069490744,7.7434956711612415,14.382740419071789,407.5652494903011,420.43998641082044,2.448011647809298,6.24034218418793,333.93887421838906,411.01797677782366,4.057828189629418,5.963763621968137,220.9448363032728,423.7271690325538,1.636261364124299,3.547096594775039,190.4345518955974,416.69083954657094,2.223186345139853,3.326312728095436,302.0636196015309,409.43409843593525,6.187979781183225,12.218204188141206,246.3241625595186,420.98751935066724,2.545002663954109,4.169083611523215,226.67652045051423,0.11039859277885569,0.9246518710262308,0.0943039459011544,0.960599048041203,96.13796656411814,0.01586449658234773,86.28725485323935,0.021425634282043037,401.7078416432943,0.007338805182230237,402.0861276316006,0.053813443535926625,80.67351175193625,0.0032627360907846823,0.017458217984498026,1.0009192330848666,-0.043247526449394114,0.9967492663769714,0.008632254568491662,0.9790382379510879,83.76497726020203,-0.0041505810250641855,0.038134260099870386,1.0679533475212482,458.14292221643956,-0.0441018635277184,433.0995008913501,0.03008778053177498,-0.013301488886979271,0.9856963592349521,0.025309311627410062,0.9550352414850423,-0.025866418500986144,0.9530117406758618,0.06620905403694417,1.080458545681488,285.2980784737841,0.03483888431743523,0.056763902999678234,0.9823375145537151,302.67534987268004,297.6593885001623,309.10725173745135,303.06491635408366,296.920213196488,306.11640766893885,297.9270744224788,304.4535057276498,300.14057221608,302.6064046511856,302.773497675407,302.380123710127,298.4961139570311,304.35600004406564,302.90506402230807,300.8201500186728,302.0714424011269,303.3807129042637,301.63568455914213,299.91033094111623,22.596036590148795,58.35497054241053,471.2362091870701,116.46215388981182
2025-01-01 07:45:00-05:00,25.01713983937796,53.88026509058204,24.929677369734982,24.452260143662738,64.1919186861511,24.668187861061316,23.308160823749613,70.26854418077767,23.015351806321654,23.39717165011614,67.29308347450562,23.45470462880121,25.54144758965089,79.02142196229332,24.174444069469626,23.895126238227313,67.93604557784387,23.922071902278645,23.661296241705035,69.6077498108744,24.06950600591797,24.32336957699099,60.375621443902446,24.11049922103042,23.781350326174767,53.07780088721437,23.405854771941108,24.102034091105363,67.23775566258465,23.491911086305723,24.142967748050577,67.36745821383977,24.11472138365953,23.52628473745704,66.2202563920411,23.565285576537345,23.90192516562586,71.31819806696853,24.197464371027074,23.489500223917073,76.0771433096409,23.218640698152722,23.85156305458749,69.12670224992931,23.6629697643536,23.719582736601204,66.10351714491152,24.19342732949884,24.210148700834615,60.06231086876027,24.277265768280426,23.88030989833015,65.420928015818,23.86611398922167,23.672921986068875,67.07782326963658,22.93646006225004,24.61589956553832,57.64439310886961,24.5042008566172,427.1415345399943,2.570813502013746,4.510565764711334,200.70511562281862,485.38166643230284,2.381327196619945,4.9797656003686575,463.5603919259344,465.1003748317569,4.695929334041385,6.749757125374534,393.25787598255965,436.8400836836517,2.630541126586673,4.798087215126966,331.2926719973464,624.4777671320079,7.188463396947939,13.711603929294919,566.3561077635051,437.5034411515662,6.479181289132682,14.660790184692521,329.5382659228622,423.6516263216644,2.806227698680793,5.649440247611917,255.15416154947576,488.0232766348671,2.792775946395664,4.343418176499258,327.71915541931327,416.0647555578989,2.7959421667245388,4.579061417591949,362.56865026984843,509.5209508343571,2.5680395785220504,5.807204985208384,347.2010560206672,433.75418963591517,4.599762275427586,6.570426328922575,339.4551050576033,438.80396012505827,2.290160197016542,4.604561012582784,239.67511942276488,402.7059327502717,6.690413617598594,12.117484566426013,333.9502846873677,462.3904429197321,9.193265891113867,28.209059514887194,627.5215762088103,453.90543899709076,2.955388141016865,5.123063928292163,274.3367235487403,363.66455315372326,3.4270620190590826,4.6352227617336155,293.32270780224974,434.28749918752385,2.5034966166513364,3.9137805358000115,281.78029304246616,437.83567103185555,2.261274282475179,5.499769679282118,244.04326846236899,439.41292201302514,5.869882437355613,8.741257079242594,329.70390396541137,448.6313360659201,3.2022386036856463,4.306962748725652,366.9965217637621,1.035411082226209,0.9273985625460568,0.993500339327801,0.9631694855447839,92.36588421209645,-0.0031584285047339088,0.8368462943813939,1.0279512931609387,463.5483836667659,-0.06253161455521962,428.9071957904903,0.044486212265033215,0.5072656533283385,0.9836853954138034,0.3345558849554581,0.9948268625171697,0.21932336962920596,0.9843161518204304,94.55680290143215,-0.06666586882467872,82.34094066839478,-0.010407634606528927,0.23103009890038007,1.0034338295883227,300.20695078106,-0.10029879668546055,403.192262824976,0.025066365666840233,0.5056249363057124,0.9815866961428203,0.5166731902650616,0.9852452205436192,0.7223065229048735,0.9303009979846558,0.8912998343455544,0.9610058097680635,219.27223227868245,0.02952648062996585,1.0568770174015412,0.9470614584848162,498.761111204701,501.96997523422,497.31265793399353,498.88892544639145,495.9346475975444,496.06585090882044,496.9062910801264,494.0037999198524,497.0099411955633,495.2686377022253,501.58410686974963,496.48780667935165,494.82299176673104,496.7996293364153,494.84170055854844,498.56549370892026,498.7633367424879,494.5978913859586,495.58126142028766,494.3302818671747,24.2189853333474,64.24605110248963,430.3437993150324,104.67922798396448
2025-01-01 08:00:00-05:00,26.877325612248068,70.69752172469339,25.037640345374783,24.866453474725734,68.95970079303959,24.201063201790973,23.8499043569971,64.08011265781154,24.13503047945462,24.453356193339868,65.13142265411689,24.264467766011194,23.871025508766568,66.5220156054092,23.51933258612906,23.16863623764732,68.1852711617952,23.47766964636518,24.620904422324305,73.33301135082189,24.54323477391275,24.379451357407408,66.44007503203657,23.908189120719175,23.865860137651275,70.64771204148306,23.96249620227727,23.76301493565081,63.74550993576386,23.938760101638906,23.271761210251874,69.68614052882577,23.300905946057448,23.875305435451185,62.83077150088756,23.937938370086048,24.021388077715795,62.70673511148271,23.47983368487666,23.640845812412962,66.74944520679608,23.70917739418254,23.862974997954485,70.6982812547027,23.871802676573814,24.764447646402445,61.69862465244796,24.572510038448517,24.60767495115376,64.70404805863264,24.623337575111336,23.807102423799513,65.15998836360566,23.96442574152377,23.25753454234683,65.03088078588593,23.40308137822686,24.196165215899764,59.888201165903915,24.499830702511648,621.0129675301179,9.33926978878862,14.710056909592948,484.2154771257045,537.8212814745056,6.567460498732657,9.2922687909816,316.31950875672834,436.82617131180626,2.8024614144147133,4.049717863769129,366.02698053256296,440.3408761084375,2.6898147416504035,3.0565562643495556,300.08062201569055,455.36284517216075,5.747208674323278,7.530073781589101,291.2666749204662,417.11117668334816,4.549888153990882,10.980774456812602,320.8194995865908,397.07337760178865,9.540247822747526,15.131632550526202,552.4175377654745,405.8817014837646,2.045004591126145,5.837510852705451,295.7581893061279,402.57784068363554,10.973803446147418,14.223121429871417,437.7285206107877,400.1121077118062,5.387327614018294,10.417409576583125,457.5113955396058,382.8943255250042,3.3689229152432345,5.497664953656269,475.6343304574612,369.3681932376817,3.0373856997337256,4.869683291609409,342.5184813018122,396.66287220845675,4.43940322580788,7.122045072080087,310.4413239975967,415.18119234191806,5.116874190575426,10.041736232105844,362.07040135638647,432.62411468097207,12.787492535259798,12.828288448758235,350.0259707181058,396.45801548033273,3.193556148071869,6.7326035593641835,368.2117231437729,431.57340401844715,8.920395844449736,11.013939378712358,431.59584275408156,403.64095394052674,6.328234056047903,10.950510883337147,395.5005239069258,407.07144888737486,4.398025732022574,5.831639085486637,398.0920960070021,446.54022958656674,2.6912104723666848,5.172975310532106,281.1301759737329,413.3598483509128,-0.03654140552358875,202.3401331183645,0.02193117429937625,43.168741378545754,0.048165137405158154,2.6684580063660785,1.0408297129553679,188.06789077800929,-0.07925475325409076,284.145796246266,-0.008637721488917074,459.97994967987756,0.01596438457195734,50.36275332894338,0.034955567022496796,401.4587316387191,0.021823759032475062,214.49353548720745,0.03576448939529264,93.55076543281234,-0.05506877981476613,0.4182166173250289,1.0207878991240196,188.52807860092898,0.07181161889216736,241.82292805515414,-0.07358596569046119,488.9066697694907,0.04043236376378305,46.87825497125681,0.049890487023230734,472.92956482771893,-0.03593149116463028,247.26382456989515,-0.07909494602508002,89.23874330200726,0.05002038577440833,3.1842524646260353,1.0379898770199096,384.26442029963107,383.2028289307955,383.604594615597,386.024854909846,383.12130688629065,380.714043940195,384.58774228635326,384.7496665073788,384.35803414823846,384.64716272836677,382.1872265175651,384.93165561736373,382.5677146640052,381.5928607200187,383.5476347848031,381.58735480730866,383.29696046950795,380.8604000725763,382.1453887280846,384.0608322476276,24.006699907654244,66.93221153892755,486.7260659819031,206.66343578298304
2025-01-01 08:15:00-05:00,25.68747924363364,78.8974383611205,24.455582325471156,23.910779303393387,75.68786998040572,23.06535673710728,23.4932201841945,66.47912322618181,23.870337200703606,23.26910082520436,70.0494065274005,23.027054176888278,24.195170496128267,72.22759607215417,23.485367256457135,24.209845185890792,72.40725285176121,23.777540499726847,24.4928450588213,71.31821812293504,24.28350541865722,23.832951886246466,61.351125312586106,23.299040544926264,24.07932624643226,67.17133942120121,23.925179291065177,24.304221810671688,73.24687213856201,24.52062238017732,23.554073046300743,74.03140806545856,23.230074117588654,22.803493192909986,68.8652097888265,23.407160535901543,23.28710775697268,63.171435367586035,23.66893316007679,23.925807635522936,70.20519222586738,24.04981686108349,24.318337499983233,67.77689643050286,24.28155764563013,22.708372484368564,72.3086382318933,23.31387200137585,24.16735854857642,68.73358490411972,24.413467161547086,23.61010982396719,76.55537226269983,23.153825002236406,23.32908735036917,68.68142174092172,23.490718185683377,23.20696176210895,72.27427413190725,23.00955898543118,643.8776772910596,8.982932954223779,11.182294197435972,426.52324641325777,487.1438286227699,4.623762954459479,7.110941624215276,274.3910053605071,484.9991547639315,3.3314063266106584,6.228567269855719,399.6083792875593,426.6968680773453,2.3465681817178274,4.398248647589413,303.0608997784876,536.0320388377676,6.13454232609249,7.251847575330153,433.7066677113579,455.1123502470307,4.865915569340864,10.752956081546827,422.8958022476761,436.25095837123547,10.983636936922665,14.412859516455747,616.9044971575308,468.8267879119859,2.448205227593237,3.44491986546225,387.0350586647027,422.44023770025785,4.892542028543841,13.170706511465145,626.3395669086495,415.37605624127707,4.779462665527998,9.742857514086065,302.81699899145906,473.82606484432404,2.5919675078174236,5.80781267398348,309.5196594975556,417.2976227128197,1.971613163781037,4.338093520269109,273.3539305057522,387.91775389200916,6.087752062519285,7.603375472065983,531.991990949184,461.27321465282984,5.050480274121334,8.440342659241615,368.05683631701976,468.74511993717675,7.530407181597499,15.430808733448337,860.5869530180678,434.03842426220297,3.001619149684596,4.622239230283881,350.71473396956975,375.85922600723046,6.702594582860136,9.098888195770812,753.7297879216806,409.13444313372395,6.598281200511002,7.101739600776656,468.0332875473001,387.8470670851771,2.6141255900192006,5.247176516400487,290.1343318235544,408.9700715214936,2.3128530516031627,3.1371079847922023,317.02734591541406,481.78751162509303,0.06469165998160677,214.65426089469102,0.1429217185584475,101.83802773168402,0.045580780884992456,5.3423422526045625,1.0061856547445023,172.64029121787183,-0.04867006827871691,280.7428976108273,0.018043779864273263,496.80028258284744,-0.006984616955383747,1.9341414131044539,0.9731784478781061,430.7696879820612,0.07920574940142354,229.89541162684236,-0.04108591777916536,47.45772530567724,0.001613705553777373,0.9145568563510211,0.9769404185293936,219.47932700899523,-0.06411799261451097,270.2623398609633,0.12173019531548993,479.5545568405939,0.003339551131578196,45.413977387121065,0.0695932941451971,424.6971221451987,0.10965748195414735,232.29363757042873,0.02583117562341253,55.38930881429822,0.06491769588593352,6.497285649366327,1.0326163701144733,327.1654615307099,325.230071603591,324.40827546383304,329.29576309615874,326.2920156019324,329.91920349660154,326.9107416865358,328.2374735887235,326.99888194552665,327.67785941915724,325.33565424004547,327.8375300554192,326.02615460321755,326.45050204336496,325.3986080710396,329.91912525697694,328.4863653008452,326.77289524175217,326.6374382227668,327.021718481688,23.5745681537786,69.82259654524385,437.40278497661075,209.95727787560807
2025-01-01 08:30:00-05:00,24.97070527691098,60.78854420341974,23.927215919608603,25.043577541892642,55.14566937209233,24.624549924766768,25.065384652070836,49.28293183395314,25.30089760736703,24.449952827812467,52.21934750666133,24.55823544215781,24.795164365033557,60.440244009400146,24.10635718103672,22.94574035196646,57.0933705251729,23.413868581525726,23.4615525247665,59.70258226874684,23.681389274245394,23.247808713046098,52.14563535570066,23.58687291854572,23.745565469505433,55.025538839513594,23.58427700359368,23.6842804699158,49.7505512787357,23.915938141749916,24.10226297570896,49.681731243396094,23.992496688469682,23.755890104053215,55.087309636241606,23.23697467537075,23.6398118370167,53.903270066761735,23.51143022430167,25.059059157020446,53.517630916446414,25.53503725051771,23.886402330834404,55.70760810009505,23.72728053437,23.44267829037198,59.59649404079397,23.270577610066944,24.64771985795513,52.28595069111433,24.49887609685379,23.24347280577619,55.9400314301142,23.6411716819412,23.60940002108061,57.01162195086884,24.351102121848662,24.225298400556966,49.57349560572272,24.549449593664665,588.7497105274989,7.699872413883447,14.51878764845066,490.88471615944155,515.31497651832,4.090536526581717,8.17586127558596,530.1398303255695,450.20547146784156,3.124889160626821,4.963486018142302,415.66416046224606,445.2829156541289,2.1799811195671004,3.969243507321817,251.24054293648882,526.7899650740763,4.6949068098966835,6.139623133479114,408.7956192894111,431.50137980609543,4.895805912382419,6.481115880179793,558.0362480558458,427.45974223679406,10.40299622923455,15.56111382813869,511.69305649635186,408.27755979417356,2.5958797501288493,4.138175124429685,314.62389489775467,454.60864241617975,8.717214812729951,12.154754202646556,459.4978905057837,439.27974243781756,4.9308204535598925,8.769016315874644,451.3017403974437,410.5013942306726,4.34294821111959,5.725784882618749,307.9348968070821,439.1292155843199,3.02833628819451,4.580849017346167,230.69996568643674,508.03505828279623,6.158964553485584,10.476932055292963,387.455775370172,439.3386638377751,6.25772817698996,12.736256445910838,295.15791486591837,429.07519446896595,8.18198748603811,15.506676850746846,518.2265812104977,472.20121817146344,3.715135368594877,3.9480829212674347,257.78968838039975,414.0763024767725,5.686313368091238,11.571858165280549,457.27932508476465,463.984168858906,5.376960498149528,6.953339134691277,464.90190542788946,417.95919950395256,3.8024916641074515,6.579710111160274,280.7146518342835,387.03106011166983,3.128008421259534,6.807283777279271,438.313325042548,494.3048289189854,0.08692413315300479,186.46070509970593,0.1279317833831442,49.63922229870395,0.05542093835811013,8.899640761242793,1.0584369385613288,188.65049012618636,0.1017920559288763,208.64185122144252,0.036904585721141484,487.8859698264642,0.05930840133334516,3.1923366580185597,0.9245726835901005,406.53650274527564,-0.16576542096067454,166.69635274901822,-0.024570536993917043,44.77120575113109,0.04936089424340655,46.523912407002705,0.12945068118672184,166.6178102286198,-0.02790226961341047,279.98965472828115,-0.0027057890557686207,469.8278811683506,0.06233094762636311,53.317839976197114,0.12809628908748963,448.3235923408081,-0.041606564734994314,166.96307029247933,0.10704519842207494,58.77085857905698,0.19837176511409926,10.519518146178974,0.9647746393222743,482.8766547977915,481.79847402891306,477.92839918441416,483.4198707965136,479.8913601075829,481.073977160196,481.25479936402655,479.90569385307623,480.7040824578382,480.6604105466649,478.28133358596165,479.7944674874857,477.8396339364462,477.3213035332755,480.0172912659476,481.53871046194496,478.7859459331027,478.4040082694895,482.72395044837293,483.47175526292625,23.87868591882561,54.79081801544237,472.04517333891454,197.26047401103355
2025-01-01 08:45:00-05:00,26.124956006028913,82.43357113900697,24.56039605607454,24.490365733488456,71.9705603819515,24.718045941809326,23.89023299599764,73.25961825044291,23.853471429718123,22.861989658069938,69.67428732598353,23.050658287311695,24.812009894101696,76.40870008234491,24.129686294413027,24.53347500795704,73.3782025836754,24.25130247162728,23.71951424652082,75.3721570264687,24.389821176100575,23.27390903757184,80.91830402434087,23.438116127705847,24.681675596008905,70.25324075153885,24.225346975441298,23.686404397313034,77.68751917782095,23.619121579423666,23.531991230813155,73.93919112851496,23.587165732419184,23.84208691919644,72.65006793581863,24.0637445949635,23.462408107676136,80.70105532944659,23.83013637755252,24.085631469788446,73.5334023876217,24.365720175944983,23.370622292619284,81.59859063764803,23.44409791487601,24.078182484817102,68.50462548146608,24.381521930023315,24.34862662301018,74.72237981750564,24.398492561210624,23.622544253828583,78.1703910628187,23.871454695277453,24.118659654766674,75.10649740998159,23.536230267147143,23.23676438951404,77.4301223478245,23.044168957109196,647.7192019131915,10.644085552422524,16.16029771132701,666.0446270858941,543.6486002720375,8.042738584971243,11.465418720581338,351.2487327635837,404.3645030929763,5.016060700857907,7.482050917088423,351.9012733055312,426.26515252920933,3.825824858140084,6.361936334980185,319.76161257972143,537.3336223838764,6.435414347580376,10.188089213098882,348.991401877614,420.910865233076,7.715619292892329,13.073774639639602,554.4578740097568,473.5632339555196,11.279278980864351,15.583761118946075,476.422126649656,417.0128192029013,5.175414646052153,6.621558879861356,242.93504607769202,460.78047047674784,7.050873993836065,17.546714395011985,550.7740171996362,379.7055113616407,7.105971588284915,9.158833659640333,372.4302661504435,404.1380669662661,2.93988207712956,8.587636674457304,420.3544631011921,446.17313156024056,4.3923221767497935,7.311472235029044,299.5340442024187,450.8217885641147,8.479936350842255,9.32833787174204,344.2884639153758,437.24608223925645,6.30299390552796,10.767152743658942,469.6084898370734,417.7836880208046,14.087384439722234,15.572476526078342,588.2977783470919,397.78507686036863,3.5141825317438626,7.009362461560457,239.18396351242114,420.422242373996,12.178869390870211,16.95178320614909,503.2561588902788,422.61403630273645,6.752464421109277,9.176106429090899,297.009877307777,448.7951697064206,4.146937997452772,7.758488933467272,404.4946283211254,377.1639088525924,3.4987959126609565,5.834518893639423,245.76601963249487,440.7752602890555,0.04045786246952869,229.57775675129037,0.09407613459069825,54.96841591717443,0.24077374504350152,12.913544688052085,1.0250194339205563,188.37602949908697,0.04177131531506504,294.40585924630886,0.03737631098244817,429.0710072209141,0.038020516993120944,4.742582744963343,0.9439881645207225,432.1023272447868,0.10057395182284057,265.2234424187046,-0.031191392084239683,50.09613550416472,0.09961237805478557,2.0732050797794437,0.9923369525863693,171.50267022115554,0.054470802507483436,266.83553211675815,0.05709232869546843,457.88258937150846,-0.08028101482609587,8.744710597054253,1.0337637600083205,426.3235024245874,0.010740756670611078,254.75180692845214,0.04869537521804117,95.77139431821486,0.17423628212046627,15.45986853226838,1.070102826192739,351.7905717013308,353.78467173615593,348.99672017934756,351.567415945072,354.6903838317846,350.70067794879,353.77117982571775,354.8691011549687,353.43615592988806,353.9927087081801,353.3086191511178,355.3490536574849,353.80487082379886,351.49841503435283,351.76762271747896,352.564439111072,349.85805598575485,350.0336472021409,353.4384453557296,353.7380515316013,23.97726431015921,77.16755625659087,408.75962575310126,205.05904014179768
2025-01-01 09:00:00-05:00,25.81620528586117,62.56414765106932,23.935121666049444,23.608294208638164,54.5701901500076,22.833796834486346,27.088503303965997,62.806900442790784,25.01853060502308,22.810150455491552,34.83889503465675,23.196196408552815,24.905670940590866,57.438647113468726,24.434401432175385,24.354904398947482,49.97821832606537,24.53849489129319,23.253043135710655,56.72552537232363,23.445082187506344,24.035751032897785,47.89995254898943,24.285660327845,24.07614358824389,52.97973541892024,23.81258061393113,23.62622205104672,48.207530190009834,23.847651288147873,24.265450753811738,50.647573331977135,24.770310467620547,22.76218617879247,51.68827634814569,23.107369102114806,24.361727092938562,42.88894527347356,24.415354476097512,23.36100818287024,58.17426843491032,23.670359549317773,24.113248559875835,54.44368010762742,24.93431422944568,22.863341584170122,51.95088618771602,23.26049169030215,24.127766462003574,52.18476462002207,24.480876573350894,24.031088914226498,48.97921554399013,24.222991713315782,24.826024721474727,53.80420471848444,25.080692119946605,24.66964169188692,38.84610134456456,24.988079589303968,641.7786773308459,9.098116365476038,12.693688069375467,715.4203628448553,526.155052701562,4.150364969065053,9.57971264779951,442.55618642851323,674.8431730630875,10.091155729788401,22.54536546655343,709.9561555329753,399.2645138993465,2.3707977285055977,3.1619794165900115,492.453568362392,524.0730293000704,5.14078659558491,7.220998125479816,315.45969335984864,406.1294240420809,5.623794238580504,12.977658077728627,500.5743500869152,414.5378957997304,9.841742638284925,19.80980206174281,398.1183689254988,414.10048586452285,3.075261738456062,6.824791222377924,258.0557492419928,398.79859934310974,7.524105325561727,11.61980867554116,505.0529307081537,491.60978164299615,4.443512030030867,9.092850052888249,460.728660596326,456.37821129076787,10.371580459049557,23.246597410476422,608.4831693539096,406.76391942807254,3.026944730076169,4.141670187018332,408.67843232666024,370.60852150657166,5.260850003537881,7.865321782755347,337.69872576891856,493.56123468359664,5.200955375901254,11.316419474361203,450.81225479304015,417.9824630032654,10.924360497194572,17.087882735111368,462.43122227409424,424.91849707952014,3.8944461135175987,3.4479301134501665,320.6843742718817,472.4151514566777,10.387241993500439,12.238970869747455,555.9888184781842,402.80916153872914,4.675097157116611,8.951308396098122,360.6375563356168,497.55582626301344,9.003983070559496,22.9331522084066,526.1483961161646,423.2541473064887,2.5758868094406027,3.2094577538074,280.3700850227272,474.003130396985,0.0913456921671504,303.77460919991387,0.05850847880515523,413.75290262051476,0.003798874921875632,17.470134426069638,1.0693052977695017,221.51844670017087,0.10594139093991067,329.4059663377872,0.010585758570793642,451.6429041730927,-0.005705175296889853,55.67677102141651,-0.003074240629325556,441.0647356087556,-0.04092436145915384,243.40907886357442,-0.024797451837517234,497.8152475467718,-0.029846218447936414,2.7774809121178103,1.056525543423186,188.33761649749138,0.05663203767509774,306.6510928548781,0.06212205736633515,413.72624768684926,0.09770837324706275,56.54958319229203,0.23663295816198646,459.2006564324057,0.01945062696374216,266.8671434054692,0.1597409276996219,464.46559761674484,0.16341328272240147,20.841101282015615,1.0372464495457403,475.9863623366376,480.05068653739,478.6902840217436,475.216532028205,472.4788653902415,479.83306439504054,472.76998337239206,476.80469895454786,472.3587050289713,476.2334900253998,475.756061054302,476.92377823522094,476.63331837904434,476.9078418823302,474.26619268923963,474.51873053475975,481.0554352207098,476.03220686400493,474.2493356658207,473.37656904875337,23.892627078710117,49.76059732817638,389.448348338233,281.590864886849
2025-01-01 09:15:00-05:00,25.274316675939758,80.36183031248815,23.860820102366937,25.35781832213411,61.446984777676796,24.426123230397618,27.10711441847703,82.50334961587782,24.848538406286107,23.642028419967925,53.46451299138931,23.81096409098187,24.779625913239283,61.72277337828413,24.09987959043047,24.313780877606373,58.8216804553973,24.394835383379203,24.597562928365186,60.78745033088551,24.49582128621266,23.509104923727957,63.86536207317183,23.596453674900037,23.692641040532784,59.9936980577162,23.69877406967878,23.84552950501651,52.82260084278293,23.506047103359606,23.174167081555147,67.66656426483831,22.90703150909947,24.92755559646558,55.33492289912378,24.62291208877842,23.85272902595018,59.977837011691044,23.99731982184101,23.652814331694476,60.21066757620529,23.743722926237552,24.445376650757236,68.62118461360954,24.802228036494217,23.092538217795497,59.231396877796854,23.355789349370827,23.85670836966889,63.69289883972996,23.796159446347723,24.48693268267363,60.617811874904376,24.680566652120337,23.38110214415947,65.17424312864648,23.857363434129276,22.005786866616052,59.227462864264496,22.133875766082546,719.1733043646432,10.52623851826565,19.437323986894597,517.9188386452515,519.3491583755482,5.230331759897944,11.93246158537043,574.1547460813786,704.1312014255248,11.101738926421058,16.78778560192125,510.7037355750251,423.6622795733064,2.5394893319093894,3.6804972223872627,326.5947990600748,551.4241503753211,7.22025073601967,7.966756985749096,375.1204102491652,428.90658027609834,6.052251693921005,10.959004413062704,485.59437529960957,439.43595406392853,10.395545088738752,24.44682351852029,654.502180321034,411.09114801962124,3.948686535685818,4.815300285370196,371.1767601049579,440.94519368362785,7.278633028412499,13.04904033317602,556.6271291880306,434.91114658044677,8.408651919842852,9.831387649856548,419.9013999330834,419.92952253656694,12.77446433419013,15.349738546070906,654.215290275072,363.9653192072678,2.511150159284236,3.9026644324958326,282.65348435333607,371.94871491386033,5.119476844561921,10.912284679999134,382.62954899300263,447.2580552095195,5.861041528448255,10.58721523327624,257.8112513004822,387.46640030346236,11.72409572454487,18.967636263711114,911.3629075729227,487.7113380529627,2.311896645584635,3.5705302905860883,211.36930593278154,457.9110741951633,9.919694537028557,14.673252141023056,548.1294831209508,453.67640812700785,5.504547854535797,11.594098724334893,395.6935944671811,489.89664867619706,13.322136090683312,16.37122053031886,609.4029600365816,392.3850644321574,2.4556852898282084,5.53345783806556,271.409453296122,444.19977998211164,0.03365826579195375,315.58397512908084,0.10354466171157165,412.3915886026664,0.017790739031141783,22.21660329449289,0.9273615054580846,276.5756509249235,0.055428879816117785,288.5810450284316,0.06936028293509933,407.8042849815743,0.0056093530553322085,53.11438948838073,0.19008431813266108,492.02410821185737,0.0204856952221644,296.71379091545333,0.01944582283742082,421.0366477715359,0.026845610372916717,3.707446501591293,0.992436466034143,245.8702654435037,-0.09694926033425867,298.8440888762023,-0.02519005524937427,418.5536764285829,0.07202940470722956,15.089355085766215,1.0182050719405793,473.06500154842377,0.08577417490433503,319.90391255030994,0.030648570531646255,455.7750086160129,0.05914308057058616,26.669718201652014,0.9573082501568873,340.2563999790523,342.0990770187214,341.0515306933563,333.6445133363931,337.98267333046334,337.27926450718786,339.86805012792144,341.37097875431886,338.86135507500643,339.70143789381797,340.24542547642466,337.14589880550426,337.3506472168312,337.8743501871021,338.0983824837062,340.29788359959986,342.44463416470234,340.80841089983807,342.21325376495724,337.69048428221515,23.147187549970223,61.438302007910394,424.57835491646165,284.3131464217888
2025-01-01 09:30:00-05:00,26.286930545205873,71.98474241446608,24.908744292890653,25.39553018701952,68.71840988198925,25.115785072819943,26.589974573405406,80.43833118888146,24.256576442303214,25.11334367436136,57.456035522240086,24.981190957882543,24.613023422714342,63.535198728403884,23.919373521261832,24.969088950603663,60.531433978671615,25.170729331217213,23.706351792753605,77.30333693114684,24.449792156696446,23.05883219229633,60.522482072312414,23.575534965846884,23.993987111484167,62.24066966120963,24.18352372324679,23.986700772519615,64.63763971462978,23.975814220759446,24.274339739088674,70.08920629928,24.403113579738974,24.482375594129053,61.85651283925631,25.195673500046514,24.544103826445006,66.51806581132674,24.12228120325592,24.035704107500028,68.97051490030105,24.108490362247455,24.535439910022408,72.60303135794412,24.816682176972087,23.970714383642417,59.96700027060742,24.105021949241923,24.15315855724088,71.40893585492083,24.34660054233362,25.09478573129403,58.929063673449406,25.332700862990183,23.944218318190295,70.63196339398547,23.990892775677278,24.15434660133098,57.92000645825582,24.34447720669633,736.5546837545288,10.597361680644278,15.194849417756787,616.9722961166278,549.3817577451609,5.813182802755857,8.022034879104453,451.0126144863386,715.583001883454,14.419550698050609,16.153863540608913,356.6114105400485,406.333685482664,2.045014030059005,4.036962535763024,264.0088954576759,529.1578257486198,5.5412600362312565,7.792560050727323,326.37318253730984,478.4802445803548,5.15867230272732,10.58813836498998,454.6090031105809,433.4841360831818,11.391639374610294,19.93916097669765,496.5266369041769,442.8517919110243,2.6123298684656597,3.5240302672831616,372.57333960950893,442.36060955100464,12.909175739732472,19.29221243625173,424.34073278327816,399.037203760521,5.101309008641561,7.237671272524173,400.3479186345584,412.3438127805,10.367676403934436,16.814799995843977,570.924192475175,354.1683534993666,2.485829504162467,3.117592762285251,365.468496646895,401.4380092836212,4.479771248710829,9.244738383144835,446.59838668557467,450.9581681961755,3.9340880827529707,8.444167826254601,452.92650091812493,477.2377062678458,11.572825719397496,14.93374816028548,494.2804152966159,437.6093000217556,2.9082664553981394,5.297440660152762,341.6783695313953,453.89227808731795,11.535387880713033,14.115440841631123,516.6316237548995,401.42747679008363,6.50271977594942,10.367790052793106,487.6780814744635,497.5478543201664,8.982871789001086,12.976215538718831,555.4676052712547,447.4293648899769,2.715616000704046,6.008945262026824,232.06135728343318,453.5279159233827,0.04238280178525363,355.73850478334555,0.10148702224065767,408.4871375771699,0.23100110435075832,27.315908255756334,1.0108131298968381,257.304601688023,0.01123136430102653,336.23563106831324,0.029814827032189788,426.15509737964305,-0.03066741276792139,49.647021429758574,0.21828654889079713,409.2798310960235,-0.06982734527583928,287.16014042103643,0.018619251344947598,458.0355149440482,0.09507869416684522,4.500166309620895,1.0173768199555402,217.32999998726078,0.013012681856686897,337.2244304225624,-0.0021875150549286737,482.5114666835883,0.02642897390258338,61.11513993395758,0.31805284828457003,436.2138713480958,0.10959521045756991,310.80939304159864,0.09917459277163768,420.56504823822405,0.1575680583948854,72.56761818499773,0.43664084990197893,400.22053002726295,398.9859078163063,401.6695901706328,399.553044240842,401.2655720918644,399.43950306199724,400.2374412716962,399.1716335497917,401.4828522345905,403.73365908251526,400.8059295588968,400.0063277392006,401.39145027628246,400.3797465699484,400.68562558794065,400.9163928634525,399.587802606701,403.2239940662964,399.88953436624155,397.41542890128306,24.137389792384077,63.8356928539036,447.7360803067331,290.61747987800055
2025-01-01 09:45:00-05:00,26.199897833227357,73.73907186114711,24.966111659927133,25.222754709521165,77.21887368176012,24.24191354684024,25.962762901824973,89.51178918718766,23.747812880257396,23.39006718633979,65.59438523760103,23.89922095455329,24.56346724666584,71.86356054004858,24.432435753975216,23.181092820200387,75.12698865013212,23.471500693723836,23.98513453153578,83.68538844333925,23.718774322216444,24.41931756000887,65.44757519983148,24.752555634434763,25.055665706296224,62.593037738131,25.02865582894136,23.517773166482794,69.93765592716247,23.381394799572348,23.311082636757874,76.47089336467795,23.460989226858658,23.99173055036239,69.02245167737841,23.55642462882971,23.68071951271197,68.24802905400188,23.735023751288256,23.803700704555887,71.28316621682094,23.710029534959432,23.65983017247198,65.33157141254088,23.60900391338492,24.04056345875074,65.61166700453413,24.490444863085877,23.75264058413586,77.47329590793228,23.66449111566467,25.016987091471716,69.1252977615536,24.893040195530013,24.988549288581787,65.83304294867301,24.859733676588206,24.951885940878267,65.15129816905895,25.063982146771068,702.7549988582999,8.266163771310769,18.514288606917578,525.609129221408,535.8494046552413,6.247752188646657,13.61079621591406,669.2489782536271,697.7338561844506,10.49429438148717,23.523320557965054,658.8283968273961,486.86967494649986,3.3076421450889186,6.8347538111501684,427.5402483405234,458.81940158760864,5.744203534708643,7.680463006629979,486.13559864306194,351.76559374799876,6.4074260696872445,10.868108607450734,477.9789052842931,425.15273497827013,16.02476593838966,16.475111180373077,521.2562989857187,400.32620539524316,3.089302467539047,5.307395224954015,442.2368400621871,416.9277673113201,11.279054512821352,16.21819004186147,656.7219654690385,408.4805551760979,6.018331971968903,14.043971013185628,460.5019364493536,469.76205264699445,11.247772694474168,20.099543497281044,696.2916496319292,435.95130267215933,4.868863475375838,5.274391751814687,283.161309337993,382.76665955124287,5.715319889980398,12.083567882458627,276.35223568251655,451.53133658795304,7.1516116130600595,12.288950119828533,381.5455425387911,411.65632544029245,10.69543483570379,20.208843462871798,535.5433399638275,444.4018701482323,3.288602139627988,5.2565766140736745,333.4151909761486,434.9472774779687,9.03113950073303,16.17107589896459,425.22535958209164,431.0261626894983,8.66720315303056,9.836020885774358,393.1738654372829,476.2543732944953,9.145051718509269,17.435866956624498,578.3153264402765,394.58393393417026,3.8731044697628207,8.753065874619244,306.92598379671057,485.04098696936603,0.12037860779681268,326.77832311430865,0.1279675504351071,412.21594004336265,0.01862899314519116,32.43780881436679,1.050772339870847,194.7588159698568,0.18445321138774493,300.89316586701915,0.04401393857294461,478.32574507730806,-0.06290702094974869,11.614276029148085,0.9992731995749677,478.0791656002368,0.09084292249829949,265.7791259740578,0.14577139854240523,401.3526767038382,0.0484857933360594,5.259187312588478,1.0176099808690864,214.9064514803194,0.07880224950465178,286.8082656870473,0.06061921744981436,481.0286366619932,0.030631839723774586,62.31246880971765,0.36855230646778253,462.4869050880029,0.06484821388774412,297.6985190854924,0.10344934669414001,422.7960014898832,0.15546216439009072,38.84959718927776,0.9816020034731694,530.72862764473,527.4006022940616,525.552560106009,530.4465704000972,527.7375570232509,529.118828481233,527.404202554615,526.4223362627062,528.0415903370039,525.2198409684635,529.2155903811743,531.880947565613,525.8232940161913,527.9328412429619,525.8403754642812,529.4168644902065,529.4004447109211,527.8225823370007,526.4484944203222,528.557779591662,24.04421120039181,70.88820571665245,444.85582857382315,282.9728465456928
2025-01-01 10:00:00-05:00,26.007318093416327,80.33325882339327,24.439709294542432,25.396039941324663,65.03377425697151,25.128794041458203,26.84603040917237,86.42884811080341,24.610724549746333,25.865403033454577,66.50461524163919,25.178281631808137,23.347282070698267,60.406404617004085,23.85180994718828,24.037609713856984,65.45227141916672,24.26666885161764,23.931062651277866,74.25631339747575,24.27569303879953,24.840037192751197,53.6771011024083,24.572638758340084,24.215638152587104,76.64435487846644,24.242061215540428,23.647252820402787,62.70695909094507,23.129772099426738,23.703152829001446,73.57757252694428,23.559628695583086,24.00934572057581,64.76963040608106,23.88870190419324,23.925717028691327,67.0736710939177,23.878582526263116,24.494701844632182,65.69781885237101,24.90570525214854,23.299529635585564,68.91685930398083,23.32367170438229,24.190746288497664,58.80920603213538,24.41134936638766,23.984720782428063,67.51019216767209,24.539935207046266,23.489373534020253,65.14579351870867,23.712121228005334,23.939890429399703,67.9297798873254,24.44360342239521,23.5329911015217,69.80072918243825,23.514599304079628,703.8374899512705,7.849787817398306,16.772052710229417,423.1181975422368,565.3099159486452,4.588111211383221,9.772625686487554,431.1353842862386,713.3467651161619,12.577810584663576,21.99564491849515,630.1267185202167,519.2770681800081,6.4503828713468785,9.979406665454821,373.1777575547994,473.32453105986457,2.8262337369835056,6.178043292784703,335.7081564158773,352.7571716636444,7.669243182272236,13.3427697365364,461.8753497246872,438.99731741816413,10.493946274590742,18.260931013535842,471.85895146201756,436.9626492501199,2.2892446990898816,6.205182514426745,376.96452391286397,375.80569671238214,8.352115108199428,18.808202356967215,487.4564147549037,429.04383701100494,5.847606388962742,10.474846761040856,392.6003391323821,438.27704104079976,12.53517665587456,23.949996148705303,504.33214957847883,426.3480682966129,6.919191071374772,10.556101857483286,498.74061117575644,479.56546809140417,2.852191559581065,4.913853558770258,345.19658084676166,484.8449165600755,5.67131908106944,7.933135979993196,490.0444233852877,471.2648944499757,13.146879881001533,19.590626334211468,430.52649650157883,418.2417790962657,3.1154501956487457,6.335865756730934,286.9874606988183,436.02523692570713,7.367159480784435,17.42033370906685,498.3370548738237,396.3159129006637,4.57477915272139,12.261378201025643,426.6739039986861,469.00633058936063,8.953799612741713,16.96187278939428,793.785214426101,466.86393251963364,6.530820421911065,7.26375803840825,529.5536224323056,416.7564112371322,0.11819633906283883,315.96740197126235,0.09800270997500964,448.8143405190657,0.11315484597109143,326.280073306174,0.05758701157729664,31.74819313787864,0.9555510834517018,335.1067993060216,0.06997708974440843,415.6874551375939,0.09270950144796652,13.53877238362807,0.9651467864677886,440.68509562004374,-0.048770171161748845,293.06638975577073,0.008501695246067842,471.63183493887027,-0.02768430923211028,298.1614830890973,0.06663806536742775,9.014677141586047,1.1014257705027972,268.0210340677664,-0.02702741647389499,462.9468619334347,0.07340394004131964,69.46602451275477,0.35916654527238095,483.57992138000674,-0.09387536454810307,286.35447281722077,0.16716257097215442,499.0040285230929,0.08647331543265817,264.26060231215246,0.18518509898538296,584.6059348200899,582.2518023002816,583.5492514575648,582.9408990332824,582.0799383914076,581.4842500787289,582.6628318611138,584.1899538034851,583.0586020981436,582.133530808245,583.3551325754669,583.0820515074561,585.7062932607439,583.5323221989037,586.4196024766334,584.8128219002128,586.3396296646896,586.5968720541233,586.4933092323746,589.7227773754248,23.772842031558426,60.11583676409138,444.76902637719775,307.5370350133022
2025-01-01 10:15:00-05:00,25.37058907694355,84.11707187489766,23.972887470693284,24.487894826384267,76.31456800182804,24.06996026205538,25.82931820989184,87.10939834270751,23.384924082067045,24.728375596756226,74.46580778553559,24.205670098072922,23.8178822390426,60.12757192514569,24.136084707711152,24.291801032192378,71.65310609537411,24.228008155600218,24.371396266309908,66.85528694266922,24.242234142879322,23.226615537716945,60.57325644942742,23.53364450218213,23.8303852093629,69.95146994050539,23.865630406637777,23.444372569483562,65.72831425082003,23.617925000160845,24.287651428934634,76.16703261536844,24.309343601651154,24.510432258569956,69.96115759039779,24.141427533619126,23.44060416041926,56.98676082333236,23.52681041592545,24.241583782649773,60.99785706530305,24.27612397738481,23.684487722467857,73.87503853979656,24.385184060076913,24.35258368207054,65.76367506398118,24.443974068066694,23.90369197847762,63.58511020862745,24.350388036980384,23.787177091221082,68.11384064494774,23.85968895571299,23.124412378414426,79.02072497153013,23.7174919526632,24.289535701603928,66.90568722503146,24.317601841634627,593.5667581312313,11.199767460838618,17.211839109222836,508.28928730636727,590.3102187969873,3.6791601479523366,10.285643674310224,361.76362976505015,706.4173466929217,10.972234174602987,17.156369222358848,488.3993629409571,555.6830413271804,4.341823550397975,13.25098250536203,588.142785024254,440.23553189349127,2.5325269967313413,3.1772406604711754,285.42251744107205,439.183483819448,5.926058157847258,9.313800570899197,368.017265521709,377.40115946457377,13.28306110742444,16.987334754010085,555.7780812493028,467.22462515515303,2.1598829944602733,4.53547228466643,320.41611664272955,473.3467799485152,8.653307240028644,12.9264227994204,628.0607691457873,427.2713591264367,6.136868587301382,12.079340914486854,517.5043381041863,408.76247725621766,8.695684940008165,15.108482085437638,530.9580422026773,470.43247688258225,5.332473319774593,8.392436781033041,411.35858790494905,405.1155846095959,2.3588558458405013,4.723338893021175,308.92854131392306,448.7441881078589,6.05610020296564,7.3222895005798625,408.15594656612024,421.62342375967546,8.189934187909353,22.472090818420803,625.8115121379795,458.8093341795891,4.253086845743897,5.628586368290365,292.6484436083572,387.95754124209896,9.26424373195711,16.048662117509952,349.02170077562454,484.00908303851185,5.1691647081545025,8.427669960303193,554.580399839923,473.0418023639817,17.94993502729623,21.64043292457586,652.4241892788617,432.76907284410527,4.898652882934199,7.210461092980629,493.5908885230007,457.8572112658047,0.1493897026447774,306.0772043419114,0.12026782152986382,432.3801192563744,0.06946166032365153,267.8906243551653,0.17886524385622138,35.765814140839225,1.028993563495602,294.63217839974743,0.11078854260783202,429.0341938633399,0.032508122714126855,15.235196690958,0.9918966286385588,481.5287707507583,0.07712391560927412,265.91581163844177,0.020764174986598005,442.1035413337802,0.018040896681830308,314.1575572165962,0.058767565902108326,55.946530946642184,0.11870182784998141,266.5287640229921,0.052511565437421366,446.1821911642209,-0.002956105112275273,28.644139461450003,0.9670083961036731,415.8591634025508,0.041521970442278684,306.9329510191818,0.17729385383093382,450.446669719893,0.1667113092427311,283.8932996816707,0.10641212534577034,556.9893943791072,560.7517315287979,562.0729128092671,560.0132530341406,563.5456457222899,561.2548435291149,561.3730405552416,561.6043369093613,558.9487446829628,557.5148157420643,558.9186641273842,560.704591926973,563.4277103083882,560.903591621422,557.6716967442896,561.8638321222807,560.6180914031974,562.7315378782172,562.2846683585938,559.4656510169214,23.70241091730384,64.78570692177463,487.7167527115058,299.87099654622176
2025-01-01 10:30:00-05:00,25.157111808079513,73.9504201620763,24.021337754542376,25.16847896995313,70.38968330380307,24.655142730378586,27.12016228759775,71.04761690919003,24.782565200853686,24.902444909120735,69.51019287188858,24.6027479756416,24.56362869457371,56.675117179599276,25.22761085697562,24.087617201330076,54.14763472347768,24.26352918087919,24.896549441480506,65.49652971149882,24.643625999567902,23.798664455208566,57.88927020953599,23.794727680887757,23.343113983132,72.61333238646596,23.384929494410486,24.104799125606508,58.65223495030606,24.414174934217513,24.237628967928494,67.66369469389774,24.44295640089051,23.523577583220234,59.53327913012754,23.95203253795663,23.436480719280684,58.72142309640208,23.88540355636132,24.37080905736358,68.43006247638813,24.977778627843435,24.773276125812977,63.888183870235935,25.26599220023939,24.058391529903528,59.886687322318174,24.17097295566602,25.288174253118203,62.054140483503126,25.43766908410518,23.80363587883939,57.725252732361895,24.326360304592058,24.490124969352365,63.03606909302071,24.719372511851237,23.389914222761774,68.46858368923579,23.94815105719921,670.3470477296569,10.55342079279439,12.764831195944021,471.0662126757698,541.6140470473786,4.263504252176389,7.784908633017559,260.0557351575856,742.7579777536835,14.083733792795815,16.912268445537666,451.5228046132905,520.1735875491306,6.598925261909558,12.50925806720005,322.5226171247115,403.7518396173303,2.8870161729482695,4.889712030902332,244.70468694882766,425.90430773494506,8.270305893001867,9.529157273670608,586.2729294803888,443.68841465047115,10.260737446736293,26.83704469986589,884.1653577385035,431.7576494035364,3.203882920694345,4.987590691002401,375.83420016249363,454.4602920719955,8.466499195684166,16.782045245122944,389.2245136632348,418.5441568956452,7.195869306648482,10.759855902430361,533.814039589392,424.23509813454484,11.20339726585271,14.669283437249135,342.27879740834356,390.0760745279754,7.3249951199458145,7.82867719381178,564.4406139795473,442.45044102049457,2.2746624482965947,6.33092375634796,355.6857415348821,439.5765645438029,4.695415565857385,7.11964977410983,367.15748118664715,472.210988612245,13.605772435146744,20.016718864058102,549.4494753748888,408.06902500161294,4.27104787767019,4.0970988695616155,348.82235519934756,508.2614582024933,6.974975776713559,18.220423609728783,574.6675186321208,469.4609759360597,7.039389592525254,10.612512475698182,388.8598947631259,425.34812425122504,11.24093915754169,21.26234888867187,455.29486097037903,403.460329248187,4.565025553213543,9.819845504287523,527.2093989926213,430.40575847606993,0.13496781581275707,313.20343407750124,0.19444026525543656,421.78273529163965,0.0780419257289243,318.2094707941439,0.17668498421556086,39.47430830350198,1.046175184008254,304.5153993361894,0.16519888704389907,494.79488724278417,-0.012685798960591639,58.1317123158936,0.2872007260861535,452.43415262654696,0.012629082655238278,293.0489914693485,0.09268515271690977,420.3531056824105,0.024302768226633284,285.2272342941776,0.0028488844025629546,11.061842223106563,1.0534069263772303,287.4944017041439,-0.061406873991795695,407.2403713991044,0.060444664042460176,69.2850327645058,0.45234718246051164,473.43348127340994,0.02352080242919502,269.83962069905067,0.23191388122644227,421.76797013708335,0.08450250762306835,319.252236128912,0.13935447495157555,553.5664900694604,556.7063246246024,552.8861395155615,554.3593512249764,555.8775680902608,551.501097513316,551.503172529515,554.9045794025569,554.6681272967793,557.7546589122898,553.7689106455177,554.7013012177835,552.556812619677,551.2169353236678,554.9942578373314,554.2424203710696,553.5804790843712,554.8369729833871,554.5610270238659,554.2907602670588,24.046047146957832,63.745522502161926,441.29548267153007,304.6107723487066
2025-01-01 10:45:00-05:00,25.964705593792086,67.41474290905369,24.379249026598917,24.05651103983022,75.55600401454429,23.684753798642486,26.357812527363574,80.97504715394484,24.543264138564908,24.67657114932789,71.23791434552618,24.17160575960921,24.309941291208574,62.96771583391226,24.69195258818588,24.06143326382314,63.843966049111934,24.67546652720525,24.50183776842301,67.97472621293348,24.36132194225646,23.352561952600897,55.59910544607208,23.338355702577314,23.635142325497398,63.597135562191916,24.030251748362243,23.896744831508467,60.52837257039052,24.055053181922382,24.048723730444497,63.12878340816186,24.1771195371147,23.945858625581288,64.61570254654083,24.586280712275084,22.19438258230165,60.13504756355302,22.791536409315786,23.99037743228635,60.98732266452113,24.02236439569327,24.554000432165193,62.43528854500895,24.922019873920796,24.03841318543521,55.62250330582055,24.311345618021466,23.224605201686522,72.69181436298447,23.706099764788192,24.697641143033813,57.153385380902634,25.37784194735345,23.486956745705303,69.33597044287312,23.623638693702947,23.332431506266808,56.957926125541114,24.485913761453876,667.7607013451981,8.558354260270841,11.201455420735074,500.09849223333595,481.72871428847685,4.641803604185837,10.497033743049634,442.18053170069,707.7605174461058,11.197844662019218,17.039265417503913,596.7594267755612,473.7456051242337,4.330819294899524,11.655974603469842,439.65738805551086,476.9818130119847,2.9330299768775188,3.3932641656482336,297.5752476782117,466.78343924234946,5.894051937334772,11.381323606623528,563.4011363520355,407.01807393819394,8.93062165198013,18.853426621413302,623.771260438125,418.4921633263788,2.704753772074211,4.733174357720586,331.1871435732364,372.3861374015484,9.074568894768985,13.530887226230737,448.35257828092017,411.3723751972352,6.736113010742906,10.162392791629037,386.6749946986584,451.29708090306895,9.074073171487786,19.382278851036027,512.7900697981194,445.3152196708497,6.758317660840178,9.403096302786585,391.0811012368893,407.3550998242193,2.303914563692583,3.5467494774861037,382.981911492088,452.1983658100714,5.016771972151393,9.41173511923869,588.4036610916662,450.8163995987523,10.769490657085202,18.25288770054292,426.94696040177683,398.2998752499209,2.5615974925931986,3.790735212248322,242.12555035784015,451.29730340300944,8.663791814011248,10.847297472527748,908.0062091862518,400.63966211194054,7.725137126036339,6.886127959092823,559.0841357767213,437.0348832169829,14.591770482445451,12.797249909239918,539.6697276884903,406.47107198959105,5.220796054033666,9.261558134759351,380.0497881297994,442.1587254696091,0.12098787049645937,276.98837163193696,0.1602675596060516,469.7229714438462,0.05304105882470313,275.175081108107,0.26981525219093444,42.82095306694764,0.9977846760037374,342.77060328275434,0.13562826345450285,483.34139160100943,0.07569265451708693,18.184191123794058,0.9739366052557152,406.2308541969112,0.02167500828507065,328.7713767644456,0.03621248254184298,475.5895682423775,0.04631013119541248,257.1481480088208,0.0898674419019697,12.137181241138206,0.9669003629621983,253.16992812543774,0.07235235542005243,436.13188582380604,0.06700261367285186,34.39080524404345,1.0326576435621322,438.07943622305584,0.15566113657297054,305.39992402845616,0.15907933208898276,430.39072203742086,0.12178552674622221,346.772397111931,0.21399846382567078,552.3896843884556,552.5212365972939,553.2089996823657,557.5903116037667,559.5951393290542,555.5924486048228,557.7784131414871,553.2102403966726,558.3371049115568,556.404986997254,551.7981491682077,556.4772121403962,557.5147933930401,556.2051667117502,556.4476102101421,561.3553697431646,559.1571272567676,554.3869593443467,552.5800518638207,555.024829947503,24.16687513656978,59.78758989551698,418.97602160008313,303.77459081759275
2025-01-01 11:00:00-05:00,25.121656707769517,93.40529844334019,24.144780917926266,25.2836882675156,76.25316492764819,24.799306286079734,27.086471975367246,95.51714679945057,24.86042716210766,23.93948315168447,82.92629664972466,23.795793032963378,23.787924842569904,73.121180031518,24.754750046096984,23.672373634512113,78.30225101603507,24.234398168144136,23.59247479832829,79.07833064428327,24.05383871566893,25.490199030718614,67.06473699821326,25.640016294177578,23.712080076469924,68.25082147176353,24.33975589576906,23.900423206905234,73.36687141606633,24.123418466914288,23.83319873262059,78.77669317484552,23.76198493780359,23.918018377641147,68.65910584372297,23.949425240484146,23.551876637233153,64.98951457067332,23.95691317052638,24.890383486691928,69.81449149001465,24.492775105015987,24.374023814343378,76.01939811426524,24.600890381365843,23.466272358109187,68.23897811846463,24.10425252295509,24.008569238154173,72.77645778589738,24.79736726000793,23.900978151464734,71.55357033354329,24.22026142555885,24.45951218493745,79.33489975891712,24.81951104832883,24.446888363838653,66.3174067486604,25.05821812869886,659.931397074525,7.102557160986778,11.205926283600236,433.061880565355,487.8826969272069,7.631221039773446,7.3448156545151235,261.26413640156943,694.4312829677044,12.232720255148061,16.59136302502409,679.279639603969,492.9875335845843,4.614202300601912,7.8130191983598705,574.628625338512,472.6938522722788,1.5697675957972677,3.6129925479653195,407.8884132149952,406.8403517889398,5.452747407035255,12.785770160647697,362.56041865493074,423.19150011734473,9.761800822200177,15.350639587190752,517.3867782135864,397.7130484845788,3.5909493189724717,6.093478295467469,325.9773105603329,474.96592238868584,9.755937565174614,16.6588716418683,553.0717598514145,446.3814068250051,9.224143903045647,10.205403821953,394.9869783994931,436.2216738182511,9.94274999210616,19.363643373178874,709.005956691695,461.55879088156377,7.130075265056952,11.198075833502926,379.96399943217364,390.8203895999032,2.394568538752007,4.394454538076939,277.143314109988,483.2534802648564,7.801665818559403,6.158445660321126,579.9460153668981,464.33646683995846,11.649055841362978,16.89198333748884,580.5940079255752,462.3108917545997,2.4437838324758667,4.6765919890059955,282.3098237672226,391.62040375040044,9.241749936856076,14.674857156309296,531.926228868258,422.21151487567334,5.305061841657515,11.054101630464489,307.18232726604197,388.1506292704655,9.749116250821432,18.388584366790706,541.8088093145317,398.3808104938133,5.198319802629073,8.172936909694412,337.8777568337078,469.0514956094768,0.12967533553102134,304.2723971375598,0.18068157798314632,432.06266877831956,0.19602035003817148,352.45282873587416,0.13571630864859574,45.785904652253315,1.0237042237452822,320.5854828529741,0.1696721300111565,479.44400640419946,0.021413764461728484,104.99481187903586,0.16060285357066184,494.7353386340188,-0.0368565701864887,274.6124487526812,0.02694806649014218,481.3609484785869,0.01716406657060655,350.97322594676564,-0.024563279697386003,12.86781602443408,1.052081262387527,330.4565280341245,0.1274465760824291,445.1893875885681,-0.040307194082659245,36.62281828009212,1.032374216392397,420.2350374726091,0.06258622369775586,318.4088828566147,0.23188210338422133,435.6672305712532,0.11162617647022419,340.90385756782723,0.1097795513451088,484.63277061709374,484.23592824139945,483.5584721014226,480.25434061006837,485.72833101761296,485.0387087413519,489.1463257598238,487.9106755662591,480.88337471824167,485.76774352943994,484.10047429905694,488.2344321974604,482.5881204775363,484.27454475040616,486.18935558438704,485.42531912310585,485.6849967033262,487.5143284741546,484.4533218830571,485.0790083324126,24.23611173425236,71.89667308926698,422.11069670614256,322.5683038995691
2025-01-01 11:15:00-05:00,25.815584885706393,87.43337066612183,24.21731857310869,25.961921686829708,74.45416425583242,25.18383664973384,26.379593160819773,85.95059694530755,23.976900826181573,25.33675599659699,73.63731926956777,25.384938342087217,24.68854933611135,61.23228698197501,25.489566838273976,23.660326183370252,70.35044121182108,23.940980179483574,23.90118835648391,72.80299349441789,24.571596917521198,23.833362803633474,63.250118478063904,24.188704061506012,24.04420939866994,74.6610200506955,23.93745294307018,25.034881788890978,69.68457504168578,24.51999741770885,23.814428354233613,71.74087003812392,23.816413014669344,23.8541607634026,74.86906831037679,24.291557643111826,24.29567079348648,67.74210158674478,24.209737042147342,23.999786920991433,78.60869629594963,24.042336338496977,24.45060797761862,70.2514481610749,24.967172224515128,23.83423539790318,76.8171391590162,24.0264492945302,24.884016048231384,70.7217821452551,24.98207587589728,23.873131611230434,73.59220250675652,23.546349453523526,23.63323664235157,73.55340642601463,24.166961076867157,23.956132161954034,69.93014664571409,24.541705634895838,602.0640584695723,8.303491656476638,13.828690420167627,537.3460150531049,493.5541095555222,7.981725699687288,7.410288426271877,443.92822842533855,719.3854428584822,10.361136380716784,23.727971667120304,661.2855126315079,531.1136988529762,6.005075645165134,9.401212136434776,362.33008130053634,422.71206460642725,2.684154053769173,5.346351634429733,333.32797563900357,385.4973220338735,6.137332398322414,10.057692926405528,490.6428316322562,417.79574961111007,9.742484735257618,19.373555724239623,544.1535227956114,459.3599714282173,4.352495446636072,4.635289283409971,305.52856828518566,467.9411737413812,8.12670630941126,10.06237052594944,504.1488042848306,417.2133504639102,6.67842082004703,14.846049583595233,399.9957907333501,483.15941942092127,15.341808549112727,18.392358242212616,586.4070429311021,425.16154824443197,4.670898566821663,11.531869885606858,578.5325433926208,446.1836796735599,2.6514496907176803,3.3132338406220656,247.87247131869267,396.62987747193245,7.969013413203741,12.974556908105775,415.2770202852568,418.0594440920102,14.664521648661367,20.24224706157745,592.0257807466509,404.0765408621062,2.6523184570022065,3.4249156652679984,309.2853967922353,445.55016897859645,8.929074281007594,16.515577565589787,557.6246216814232,394.2693162960748,5.160818147605596,11.061267140092053,398.4291594520484,412.25074311735864,9.152114905485263,14.021897933872083,606.7681842879373,467.84788072997003,6.075393819713511,9.739924013991374,676.7472063343613,416.11051926805976,0.18162094311555613,282.61211480986594,0.24101160568237748,414.31787800869955,0.2130575964311722,356.47630160841175,0.16914550737391873,47.850257428732775,0.9288443089414896,318.15437113878966,0.20946410601434745,487.19288593519764,0.05592891769081818,67.34369747505744,0.3678391026765251,410.79520092165507,0.09397524892629944,300.30586620128076,0.023934968976124887,412.50396766757524,0.04282114354065049,306.0129757943242,-0.029125875354119105,13.530099072965296,0.9479828434632078,323.4863861838212,0.06283128177301063,451.543310414858,0.08148576888590361,38.46691780822303,1.025393486177986,458.97962064734855,0.18865033556107286,313.4490649449233,0.19757845814255515,457.2689966883686,0.13059975464767834,322.1116417971097,0.20026791200902222,551.0300532934905,550.6060070882933,551.2757740629241,552.5954069601473,553.2592018112956,552.313291477234,548.6916606288077,551.2481716672296,552.9465476912023,554.0956431534723,552.9571942202662,553.8702447207897,550.7552780111164,552.5769355853718,550.6366486565504,552.161106266764,549.9787859358187,554.8941734478065,549.0995137336348,551.5312559312115,24.159546685823017,74.4876809110767,407.4073346177413,309.9435364570873
2025-01-01 11:30:00-05:00,26.229705050184876,65.25295807438505,25.0899271340578,24.390156092774024,66.57481573041522,24.072146251128782,26.413412611688486,79.09651088896402,24.222769439754334,24.439217781457753,68.36401967697647,24.327935244083235,23.162759996827905,68.07371408716538,24.062784684664273,23.36123576614085,64.17407120002444,23.7124606999519,24.212604072777626,66.82087509168606,24.57559910871828,24.72519596536753,57.46018197531933,25.24154400793402,23.141032922856255,71.80142892038579,23.25498153109779,24.26317467838346,61.60055941093159,24.817443981810207,22.953814309185834,69.69117549765134,23.716776979548168,23.998875007758752,65.27565034726159,24.68369714696571,24.390982202265295,57.946570831229394,24.379780147792193,23.405499517972935,60.79534111470658,23.733277786620437,24.295016678639094,64.57600458117575,23.975612941792978,24.184631170944517,60.02847683863454,24.693151119214058,24.19039375242368,64.28063002604335,24.387816422137753,23.90573657695946,66.82315930086031,24.136573790977,25.4542047374019,60.6071180691636,25.94913943110219,22.847277291375445,66.2231761757686,23.908773822004417,649.228261976257,5.905864063681107,11.535494027874838,541.4457540139448,531.7913582463933,4.753020498829822,5.879018864521419,561.5534079249069,708.4104782463139,12.459772720883173,19.344815800838703,464.3732236775533,561.2992187786396,5.086912623557731,6.3110795153508095,441.64801533910014,448.44486384069353,1.810737107263027,3.338495078753014,317.7584601289819,399.20037496035803,6.3004273730284295,14.592941904689093,581.7737325916324,471.19309036772074,9.336445716318849,15.106750828477967,438.28709503454587,417.81428559836957,2.2813926277243763,2.8254301762152725,233.31717361821447,350.88107468865564,6.290793817192348,10.45226697867252,558.1554864967061,414.8436396912058,4.121148031502461,11.21884744258861,452.0928385263488,437.9637339280336,12.082642028227212,14.445840479163216,473.2853340414908,380.20162020772005,4.96510089676901,9.619640724575437,387.0710731379542,470.5058114672549,2.1100173427714632,3.9291548927853546,309.946381050894,463.70725843685653,5.465846306519786,7.593094061528407,451.76615817003875,452.6852079112911,10.0251808444824,15.478717015972354,556.1466685892054,419.90812651461874,2.200055048383353,3.7845094860583317,310.2765029198757,417.4365805862066,9.103169566284436,13.693213993771232,373.46001031473764,423.5329366980968,3.8015153136721285,8.03141286087509,319.1867586368044,423.3840441076001,10.644307227366989,18.253712800753068,682.9394863476966,436.7907459586665,5.075807029961502,7.85653959409233,437.7608267204545,465.1633529052075,0.16593784926369326,291.7586012524326,0.2566387407982764,449.3468166515691,0.1147964613198594,367.23334127972316,0.13150583389964293,49.61528008119662,1.1462512057720458,328.44996344014027,0.09187570083100244,476.42408495202085,-0.0017499479750293506,21.113990401432723,0.9374591618442862,460.88989593100206,0.02308022640503695,299.2589015568022,0.04149826592288078,405.60629652300264,0.0706014894364713,320.88351633503896,0.015094030731319768,14.042551495146856,0.98849824346035,275.97722163739854,0.003219547944745521,493.34322316868594,-0.006904674580950718,39.790537676962046,0.9762399815613827,430.2909677516257,0.13572729711563164,296.9932486579946,0.2650194524019078,442.2476911577033,0.04796937666352376,319.41462114329966,0.1580088874603947,580.3811953881316,583.8277814910357,583.5690502012405,582.6898989833796,582.043454942383,579.5421795041249,580.9028541822075,580.2884206099975,584.542047917329,579.9788173347262,580.217045433116,583.7263882849192,584.8718518953397,579.4028109891104,581.7421294334989,581.3493609350783,581.2983994300845,582.5528859966784,587.1055009626974,583.3864401674359,23.761669894765447,66.2610278213387,440.47819386199615,312.3721652477912
2025-01-01 11:45:00-05:00,26.7363825341979,91.66618904750577,25.09576027379605,24.3662270587844,85.21369316712894,24.07720341278752,27.125260003552352,97.42407428306431,24.51812971064121,24.344526325429864,87.31989205590676,24.115350053180716,23.62217401131732,78.37708318387254,23.863536317520555,24.274953673468463,77.24676798506303,25.13516486370619,23.968030183481638,79.07525670243956,24.236099699158103,23.283094096199765,78.4884155503505,23.965411693151413,23.657903007005075,77.50666109415991,23.90655463005689,23.98285368967192,76.10749361399873,23.899149227548566,24.08639451807746,81.79170780304145,24.196684986048144,23.748921965388167,78.95191285536761,23.803200942615153,23.894595135945817,80.01319200422319,23.76348755472254,25.277995768149033,77.92026280975567,25.32337228019932,24.15656838760229,80.77136984291597,24.447459745834216,23.54825596289354,78.69012448739694,24.221356638595122,24.337992004182553,81.7463274158236,24.49258900669229,24.470938527889576,76.31159050515298,24.997601383643776,24.744170970728007,79.22586278666166,25.564569598968873,23.495300850907682,84.06739578545454,24.30658375156142,615.2798955465822,9.867399305561776,12.78819798275647,619.1362057009901,559.5332988046905,5.94506907252091,10.55005792688044,431.30974629092145,672.4165268891841,13.851918949555817,26.51653945267348,522.5893721821643,565.2697676998304,7.352132951367068,12.367041513394208,564.3966091634213,392.6280007431355,2.543990369252396,4.580488985904159,481.472728277344,474.34891508315684,5.583839602989179,9.330385739675165,486.8500283092494,392.982102848896,11.454024980908844,22.19753227227089,488.71398367794285,394.48258318495266,2.8749562905600476,3.8771519722539627,295.45266269397234,365.66704441438526,10.750603660753187,15.379055364879447,560.6408579198232,449.67964767898417,8.477622663718469,7.595097104605449,581.8413497557186,398.2127619750137,16.61686934476938,19.517542285469922,815.593412992176,489.31528207764046,8.148916129520622,9.774354724630719,467.2532383502526,418.51079082044953,2.4708997220064344,3.8176518224182483,443.4261198983994,431.4896708528524,5.862187628585241,10.440836195732446,422.17379371319277,447.07439239660266,8.842146587247738,13.050573804971785,425.8065894635974,482.5303399950669,3.5495092664674925,4.787115979228252,324.6943649977452,466.2403809782224,7.253180873416947,21.36127876679903,456.82492716589445,432.7874677926172,5.972942262760373,11.324240097673176,458.38128048035605,408.5607083071176,9.444103345365772,22.03707880801341,616.6121111186783,422.42128127333456,7.2637806171029125,6.801153499378341,324.3528359529935,438.7933374841844,0.1199658014308185,309.2084996378017,0.2869976992535357,440.30533581205145,0.1975286514554675,332.6766230829087,0.17240384812229134,50.684574078608286,1.0220063998322484,353.5762036422302,0.15038547038002573,417.4981522827593,0.10568086319698225,21.46985988885379,1.049643377571059,488.0453975807116,0.06523136342318345,288.02926590043137,0.08245843951167037,434.5679263326666,-0.03389981773142113,285.5552335131878,0.053675337528500844,14.32900200066271,1.019370324491008,391.02216585687864,0.02736054401584405,416.3806215055138,0.12757123373456308,40.573074724678065,0.9891769105909028,483.9711651874012,0.16138798573748986,355.76628165840697,0.24279486000864559,452.7348982389703,0.23768870761533695,323.7129728800348,0.2665379219715113,699.1446050282393,703.4989761064818,698.270959416138,701.0199633335882,705.8457363715809,702.3196449797512,703.9402778310829,701.2117650193836,700.2037858939361,698.666438400311,706.5245671940022,702.3762221443488,702.4613550004892,704.5116706490952,702.3833918576189,704.4324303166327,700.559560898167,705.1280103569479,703.3182238357994,701.2057297052407,23.82258369269547,84.32583542656526,456.2797095062406,316.9266607275342
2025-01-01 12:00:00-05:00,26.710728757687797,90.46159795346104,25.278090862796294,25.0688129649561,82.88575580363349,23.811975118082238,24.06836598772866,65.36853833663608,24.56266384425195,26.30137516297217,84.27281501757328,24.68606482140862,25.074414925747856,76.59338235279219,25.543533398025488,24.176879677437004,76.91174883999622,24.656326313885312,24.037842922012796,81.37035509485992,23.861734638594932,23.205360902674343,76.77656010762182,24.028973073902367,24.55375609705879,69.30544472667113,25.024633330077553,23.80517840168808,73.97793648355022,23.760034444023276,24.270129754613794,66.64490876062428,24.7931918046506,24.045193402431394,70.92223524491163,24.086520635337575,23.314758574308897,72.62497174889472,24.349802017901233,23.18404074856429,80.94001154169517,23.44527101032677,24.38093490076027,80.60394498722351,24.81761436166723,24.447602673184697,72.89855107204674,24.863405584299596,24.31876212163825,77.61939096125087,25.201680375145433,24.240059735191014,72.81752317393888,24.62185525793468,23.7910052650676,70.45768551429074,24.041501177868856,24.620226649912446,78.34846428965272,25.235957882950146,695.1142272547796,11.682087558692578,25.129334224644673,615.1716511635312,600.118651853701,6.035185205143425,9.821720432845202,475.8213870369996,445.28206798656714,4.376150788699296,5.714559075487342,421.0020849711903,625.2288366728786,7.970745731541445,17.68063594464738,339.4903174734787,420.7422786188884,2.77659262895322,5.330453900252584,325.0318679549594,435.1528317998062,7.219174107915446,11.154549195564462,439.5547623274133,519.5285644080336,11.133236597998064,21.571298697194543,504.58963653835133,426.8955911859999,3.174518802113726,6.672766015418611,351.7677923462454,436.6692743849035,10.434872850671956,19.613533974533038,833.348247131336,409.9568436886209,6.8519505203006545,10.689710406419305,328.2086517328454,447.7261557121469,3.5229195109630513,6.198616815876506,378.53122339216895,498.91342082352,6.379732201384883,19.887590438420542,475.72136643179624,488.4477941398375,3.9352270969654755,5.071304325860373,417.5253187230163,410.357710893209,4.808674314317985,9.221553243478821,336.3332565836775,396.81715084714205,10.017047269915238,24.582278032666693,708.0753233024324,397.14697622480367,4.43952804146029,5.612755250295818,463.4697719955035,407.65290201592705,11.438907439141294,16.398378301444883,691.5123945935146,455.8876765008439,5.899250572641079,11.784281509036381,532.4855880511483,403.1585069247691,3.56057793970544,12.40696667213591,368.27699186563683,389.928012770967,13.00324225425479,22.964735085337217,889.6813894085317,471.90240059027684,0.14987935228473315,395.64420748152435,0.11929022133007729,142.13749922344235,0.4221683725175868,488.90881242972495,0.20390539595384405,88.37247658813666,0.615616099630103,353.219445192276,0.15329513762346697,454.6041949440194,0.07209437692107745,68.8904957447109,0.23318655807483216,410.61413831635406,-0.06819166477213129,377.53330963714325,0.09316270253196315,99.11000120365082,0.01640542648279518,488.6937957312909,-0.031107522085099763,57.34413259766399,0.29944089335182,409.5480834904797,0.08365027563813826,454.81041789544327,0.1345624029443293,83.63903871010785,0.47826089349280265,414.00590091408196,0.23593198877630978,361.18981701271787,0.16729050141052004,139.34168938879228,0.46768156124850857,435.6866306553887,0.18240264415193627,659.5197210545476,663.4103010480281,661.4297210514052,663.0620361040924,662.2538019658862,663.7966499135857,659.1105338810121,658.4549362346171,660.7400364904242,660.8897801202842,661.056689697966,659.7704701699337,662.4417251023651,662.0835663387478,662.1379717543457,660.3121991142855,660.9088386265323,659.4906643457225,662.6708783319908,659.5971857744212,24.322526096893693,74.90724740997867,468.87644360778046,309.8363232603536
2025-01-01 12:15:00-05:00,25.75186432236283,88.93896057648732,23.61439049400596,25.376733050427887,81.30820327973896,24.826953767092963,24.291423972705587,77.32249578106601,24.383251100284763,24.960653272753234,91.44482664161147,23.25038882105063,23.666564334543093,69.57563524459952,24.713012005284718,24.469730578067445,70.82694581264904,24.608302928064866,23.781169967096986,79.50699875434043,23.96448685918642,23.85822414731603,72.66413276166237,23.81154641805829,24.969445344265655,71.7838731636811,24.886708224937898,23.415393283913282,75.69058007235412,23.515151131151487,23.9955244644555,74.65034461360113,23.695518184600587,23.92478678660918,70.96836823510995,24.40244914853404,22.528451788209118,70.01659626542423,23.447752523955987,23.754395495597688,71.22201923062933,23.887048751572838,23.71850088162075,79.19851382437443,23.86816988032067,24.091763744412653,72.71218948345805,24.11446761107576,24.62050335512931,72.73824959038646,24.935457446244374,23.82297507666612,69.28347187518074,24.365615630533654,24.0581239548661,72.693962851759,24.74724977616035,24.100292199756424,74.69084465191507,24.617407129597726,652.37934073684,8.592650251827807,16.8101099867087,758.7855313521285,552.3831634014527,4.875460563546155,8.604027973479775,531.0722103990406,461.12429813602824,4.20677308403753,6.2730834530491935,357.4613804031482,594.0332867757364,11.423155582574974,17.550326251028473,604.5714423008021,480.9818576558512,2.1832817155937114,4.3526088787402495,274.11277793608633,431.96649457245917,5.844717842415901,13.35741417591435,588.6626981773294,437.6611024485902,15.211178853657543,20.27766891438911,672.6057466645036,400.89515410748953,3.371493990926805,4.2251914470506895,187.5305246734139,471.3526496533758,8.003900542114561,18.36353165426794,626.4662742392287,506.6703427682522,5.692393342665066,10.577022209411176,321.82322653926127,438.36514156771824,5.051342870325618,5.612416809707461,494.3489147442175,424.4186889008988,9.6738281707756,18.51907936945777,604.2647164822515,439.4614411867202,3.5415707573323,4.640801864621686,298.9522349455044,403.81544071487997,7.283554482562211,11.362270529467782,575.4830676646828,416.41514952952906,18.785592266128248,25.385875730816988,506.2998189500763,426.93127162997223,2.688372853617161,4.859051091882803,389.5491857235367,422.31478716317815,11.250654128563415,14.282626151631737,420.9570188058302,420.2084398189894,9.108415650101541,11.46431975273859,428.19381559097565,462.6495678581357,4.160401898271126,5.919597213332119,225.54985072602776,418.6239258609408,12.137515798386001,13.891136029313696,493.3261310064747,426.7100765025399,0.09526139699914057,348.43242420616315,0.14270922703558564,143.9345668571549,0.4447603680356941,496.25458910451636,0.11883850601091293,50.662534075068635,1.0467125612784933,342.0102591881348,0.1315119831678924,447.75492967957865,0.0932447139562106,21.451696211067052,1.0803888607952628,456.6647343400769,-0.013193203644610171,326.9377467417343,0.08128196891938222,102.39813035771391,0.10972424076384578,479.32774579993054,0.016369668556972587,14.313046898771464,1.0285154134911871,357.20295601045325,0.0685662749915119,440.6366857091413,0.14489554709509989,40.6989379306921,0.9696469217989517,419.02015502650806,0.07367882626781362,360.98606804912555,0.13169351697949386,141.78112336956983,0.5108926029103805,430.7211964738446,0.09260844457058166,517.9344245591468,517.4470372634715,516.836078795177,515.4498252829871,517.912851871802,517.974967175323,517.7472281148243,513.8276775855218,518.7423441340956,520.0522837363255,517.0295762821338,523.1391486838638,517.7315050180401,521.6417351148564,517.8499038849109,516.6996754113479,517.9940263234104,514.1006372195983,517.519067131375,515.7124121776166,24.02709042076191,73.7931761348838,423.9222724348484,292.42789791486234
2025-01-01 12:30:00-05:00,25.99883773167085,95.38348858550611,24.522630001887013,24.938998297115074,82.69115483381104,23.579303646123698,24.44296746741438,76.3006118812339,24.869785178038786,24.911963503790837,88.50370190970548,23.92905993099811,24.14840020637448,71.1054979943356,24.251947290751595,23.764171950701204,79.35241935123732,24.02702288110664,23.955433533173135,80.0483463640168,24.638290823185446,23.417285185925305,76.27704255097093,24.01839738525241,23.62669625884083,76.13294852176001,23.970106889280537,24.152872451853487,70.36245857798936,24.481728084469236,24.341409844416653,72.69535620636164,24.56790406607521,23.986421460538498,79.67264588429889,24.277827747002497,24.117139180284294,73.20297363544391,24.190863288402877,23.993520372875423,80.73774697881498,23.838480788784906,23.191132085663757,78.34189432123775,23.780017650764364,23.845183404621604,75.38826984118805,23.883140359766806,23.38357826669425,77.34543765957231,24.077254085378666,24.045011891478133,79.11204084395304,24.66806942265664,24.358265649848835,71.63865503035191,24.98902790549278,25.053106219771443,77.3898169202562,25.61285964617851,734.4124863323024,10.116423907746823,13.99182370413499,922.207497057215,506.57217120215995,7.774786433210548,11.571419557397707,508.60155916200966,450.06528241153904,3.7544550913726975,7.147979959763401,457.2178396824014,618.0144736328065,9.258980549335378,11.67774352543227,510.8340793591679,452.6087102808226,3.7839714849220183,5.720054781385815,384.75122177470587,354.26500016337695,5.4325167979196545,9.595046253113418,483.92016116353915,449.7796959292178,14.965728399683394,17.72806191362482,716.0473142339401,442.7708490663719,2.5947926521804403,6.660910004436547,320.0974404012094,427.24426884864414,9.405396471181547,17.262788302354767,518.0329390015561,425.5461243823579,5.607431975621692,11.003451295617383,437.5010640392867,375.5851624205522,3.750316627702596,6.56919780308811,456.78484553462516,494.46495372333413,9.332766023276449,12.734248211546507,673.8490722555565,408.5882812173788,2.6104563082409697,4.180075925261773,299.24875000566203,461.30136140948576,6.927869664782162,9.872198672298767,391.9542385676642,451.3628385585269,17.212060735527295,26.736330879449742,782.3194799465731,404.7447236342386,2.4630134187339,4.526022781886321,298.841206453352,433.56009091831964,9.10039600905073,11.079478811399312,488.3448913999428,419.793052067287,6.81839819681618,11.028704571201457,418.2248028645959,410.7864618148392,5.0595126520326295,6.480456938760729,501.5015641363842,404.7928448813189,8.065007701008362,11.807707130192755,296.6126997911611,477.3392914332175,0.13256593213391032,342.7867209446482,0.2696932582644244,146.73405328698303,0.480760582515089,426.8744514376795,0.10153942238047264,89.54886720667476,0.5472663565857337,398.0914410876945,0.1446079424511528,435.1583881419756,0.047429825619919236,64.93958005836762,0.20512763104785203,482.8227092407994,0.041600051586217636,314.44890571979425,0.0536012223636273,142.14103947786546,0.048306564547816074,421.09406556683535,-0.046641269431716564,14.03943666617318,0.9785384944177407,339.9366442655999,0.08459965170489868,499.13749187444387,0.04389096268657675,39.760153329614006,1.0446973599167255,456.8901846970877,0.027619351494101996,400.0120645184251,0.1564340606148498,171.69915125282924,0.3940893133940498,427.57719966753024,0.11171325886331024,675.5578435348258,676.0731796465593,675.2037434356758,678.5304003860273,680.0770184845319,674.0102386401428,676.6895844371047,676.063791608028,680.3438008201834,675.9762154564852,675.0282615066129,676.2307068884575,672.6378558945015,674.6804496010876,677.2915925118481,675.3816170042244,677.8529532409669,674.3989767783628,679.8811698920773,676.2837467208474,23.636939668543487,77.4238657446448,431.75795097772317,304.60140174727746
2025-01-01 12:45:00-05:00,26.669628643163435,76.92449754840449,24.642733438400953,25.515788490331726,71.54657847920468,25.16357037268772,23.795916565221265,61.964850543955436,23.953483750139245,26.021037611042633,74.78895578563322,24.361212768973072,23.390937948348075,58.48324064301565,23.657609734419477,23.211763195809688,69.05107543655222,24.129691139800904,24.002446884925508,74.02478064591764,24.21432151340598,23.966110386726307,61.81825518412555,24.06218048538331,24.300474874109156,70.07166387858531,24.524344030839416,23.829794015591077,72.932679034346,24.667176840257135,24.59956895363563,63.185752009298966,24.823653719853645,23.97306293415196,66.48135007947009,23.903237920387234,23.316657162064566,66.04855157137747,23.55432292778123,25.396041673221884,59.21487043505966,25.286813111177118,24.56246981215437,69.68714262017525,24.596921627749015,24.12017923882279,60.4536993379823,24.64326759619729,23.62497455553175,76.06376176287687,23.442405382868866,23.22242109548391,69.84150988222063,23.53975903709674,24.36344826692597,62.605088992101926,25.05101677073858,24.848022474434714,64.2766756909144,25.432722865089517,640.8169165291043,9.837235283156456,19.90243920155122,530.2190804660972,573.0994555168332,6.0484101370398395,11.579006758633277,573.7567437309435,468.87686581169123,3.676468877293179,6.752743704570811,342.11192003859554,598.1604970044175,7.974552099989924,15.71490023677668,687.0900339077155,414.96906058230775,3.4681958839572506,2.75212754362061,364.2734024917651,378.1735756705515,6.810994293932918,12.260743961088492,414.4730403701964,407.8861913110933,7.886076741146485,21.622327889783076,660.1046109657439,445.96079061067667,3.4658547963349946,5.812946741376012,420.5782986046291,451.7456683691281,9.699663627362714,17.017826008167837,517.5689591624603,412.2943493430755,6.91798619933158,8.96070920654483,472.1760609113718,426.9777381744079,3.703649510548583,6.272785670971524,378.8585767403315,440.74152900172425,11.372008457450004,14.460180580880175,462.95564802259855,467.8818269320918,2.7894290589249167,5.367351723705149,299.4549496427805,398.5391514191713,6.97458486545031,11.768860723834363,586.8518308937055,456.2142393003784,11.368106628683334,16.30296720560852,581.5572076354342,411.7817846014788,2.80374809953358,4.2421463816468465,272.16221200775715,426.4770565780451,12.866544979075199,22.494859704460104,627.328438333933,451.7247221624197,5.441308782790641,13.048473044532798,346.6733110771542,444.3469059916629,3.626191269429726,8.54872474579718,352.83979455559216,354.22624539347004,6.864539397248797,11.797205023144393,688.7263774941556,469.47091879542046,0.1013561801804786,383.3922748546572,0.26034774341461425,143.87161087211913,0.38980780480528576,453.8301107231522,0.11540304612624287,47.86677812437753,1.0038871418671906,372.9288782859742,0.10745517893877808,484.3537537308792,0.07210291509255826,62.448347939276374,0.3493137262447017,498.7069026314033,-0.051697125008925066,342.14251886626465,0.037406073324507946,97.85870714590244,0.12169434749907766,493.47309424029595,0.0051536305925951025,13.477408363960654,0.9748867737765767,390.3539994191757,0.043565289757030265,486.97672343006195,0.042603651716374424,38.486050293137396,0.9079703427295546,462.7801019410635,0.11294223373827898,350.9020589619326,0.21063132075598534,148.6966163397547,0.4121724291888226,495.89782320451945,0.13718083197586944,629.0854099725456,632.6366326965287,633.441538797031,627.6528226854874,629.2267012863108,631.0246571761322,630.5041588825859,628.7895591899812,636.278861450033,629.0677747550523,634.5877303019118,631.7205821778906,636.5883464896456,630.7296572804122,631.4251077016607,631.5663419200373,633.489283109615,632.4286579178861,630.9104999772812,629.731353590822,24.290631543635104,64.05493468835259,412.8494403723339,311.9784188691876
2025-01-01 13:00:00-05:00,25.983889075178308,75.73385667589328,24.60115912587588,25.59532274904338,68.40609627426402,25.05743157984961,23.775818482360602,71.96890532878585,23.899652471141774,25.724505138694376,78.09840898270615,24.552719425885865,24.14061806571341,62.225198762717184,24.506695774324257,23.429978925211273,63.7435522439832,23.934906575824282,24.176515097382772,67.68074128430064,23.77689068267251,23.45322882386392,62.653069299477295,23.770866804264838,23.46787195088637,73.84027226845487,23.54577480758845,23.478450311789082,63.11480645065189,24.31763008969647,23.715378250732478,64.36982253091094,24.034293471361455,24.636402404930912,79.04149688717271,24.79397658271641,23.24739860134445,62.151203943078784,23.81102214836791,25.218283652771202,67.01751225836017,25.03260562909028,24.533476720382914,73.13919060820747,24.867756162710652,23.962511789028465,61.84757310175402,23.832769725733293,23.974540065057656,70.97042605101774,24.417986681257773,24.105696791756465,67.15689621115948,24.390353642347073,24.436528954300485,69.78043403082101,24.79056493806696,23.836399905840118,71.33195487664838,24.195045425997797,619.6484577848267,6.737187788616846,10.979050152249705,659.4920282391187,483.02925638798024,6.71575716548458,11.230118841415115,436.6045446522224,471.8325049595098,4.183645424375461,5.304743646884453,421.05409283318,607.8888843816463,6.230445761941714,11.847967765009694,422.1632433802456,462.56241402749964,2.0302704739277915,2.7973826895630722,296.32824476317126,447.75417909784073,6.74863144413403,8.756606687213527,348.16865174134455,388.2195758296716,10.386607262141572,13.395386029401468,681.7256369373099,453.68252010287813,1.5741874067922177,4.080445449189586,435.840705517329,464.83896905785025,13.09893517752958,13.541560513263624,691.1044452510458,429.6399002391149,6.330225599349407,9.528770147081811,375.4933879947135,392.370036842935,3.1596438966470206,6.279834673052189,524.2467843489029,476.21273969414716,8.136604698443582,12.90468394364832,555.7631910090652,437.7566972297049,3.855467787442377,5.8023415519591355,280.1715752223942,384.77379901334706,6.244162320698767,8.061554197921183,503.8177776186534,421.7084498417896,17.629618056744523,19.235620353667002,762.249282351439,451.5647711950073,3.3663059711081935,4.171492846182858,320.50250237804295,473.708893893324,6.7661854369095895,17.73127157731907,638.647917519105,506.4721526448369,7.891114730198828,7.561835690837048,613.3232914945753,500.8727167454683,2.802450456418985,5.038034211515565,382.43271184054316,402.65985380109106,7.897053168938107,9.229710167195345,323.2842461014246,497.40194488961475,-0.019842075133981896,313.0565054695998,0.1536318378819791,147.14270685972986,0.372865836542316,416.09526902530627,0.10339796706355504,45.629209974465326,1.0542479783797687,355.18709864279253,0.13660139412470362,449.3559340511449,-0.011441599930450734,19.386681683337496,0.967065168847814,473.1448304573723,0.045358770103134535,356.9511605801884,0.1264316287095212,101.82578453145821,0.126225973761083,432.6738350704396,0.068821567275799,93.79278225193548,0.22669158839851755,327.3376892006552,0.0209656625610406,446.9461458219399,-0.037158595799249676,80.6678040351178,0.5549674707504697,475.4285526888933,0.1437347800316708,342.21512435114175,0.0820292540607033,134.12289101669225,0.38565566671268414,465.27993695235335,0.023176794436111883,615.9076299186526,615.2934100112135,613.2860576374521,614.033325926527,614.3805110681268,613.3483184247688,615.9996084861385,616.5138892230037,613.3666546019982,614.0655992532065,614.2353888885269,616.3673751964645,615.4580583487217,612.2624603743009,618.109002676986,620.4203235597762,616.7105222581135,615.6842975816633,614.1832073523589,618.8390219127765,23.80137545190986,67.03146480855935,456.0543007974407,298.686356991223
2025-01-01 13:15:00-05:00,27.32643039283141,85.33369040066997,25.3095885439261,25.174037691764067,86.50931994226951,24.489441494608208,24.638010205893526,79.39332047436756,25.258213969729322,26.108033792461512,90.10563780988396,24.439121629547593,24.37408513645001,75.59014219863732,24.728445664675014,24.170004467461432,80.35718284499136,24.56685192889517,24.850367483011553,79.65745854540576,25.415685598566206,24.030009756930912,77.79232279916577,23.64300575467042,24.353818019868594,75.79644723912057,24.850443030613008,23.884634273258246,79.8338009702204,23.528599629151017,24.085438880971438,83.00776669041784,24.080462702635774,23.707720972476015,80.14682839842999,23.863584795996967,23.911952868225224,72.02248682877351,24.180328665364186,24.717264631775507,79.17384693161651,25.071661340880414,23.7553497478943,80.58005402653886,23.645613303813853,24.235521521859017,78.50125964051357,24.201805812628148,22.739533699167012,74.439235333178,23.362291288891956,24.466732548620943,75.94414326540263,24.988591929589354,24.482010351942296,76.48463588563187,25.18458281464918,25.626618191721896,77.50899358388745,25.725265811742165,587.5800419799938,11.230493872030664,14.389951359627043,845.5926781391363,547.9890583422805,5.813733004746716,8.405757215186158,295.7040282873999,458.23819298690654,3.0587959796161206,4.984403968994363,371.07554015495043,602.6581736656797,6.403776710922848,13.53318657229849,397.16719393647696,417.3919182595792,3.0424936126572146,4.614252829566061,306.0179491927926,413.5142986257408,8.321743801975146,7.2198265491608655,258.1841340990198,405.97633237541487,9.132429118541591,18.37514638920275,552.4876794129328,408.46482736190217,2.681800885942272,4.544582403207892,323.0568434201243,409.1731488906464,9.000145735052012,16.179844617425,408.0369388808078,421.2815300361537,5.236776071997617,8.45698821004797,465.54368302875406,439.9584609370451,2.930101496321911,4.652966622345382,346.9778857885658,385.4563806324596,8.401194998395287,13.77032651715401,595.408426996551,460.6979908861987,2.426335900589611,4.276890170178371,402.49202117094734,428.16169360413863,5.7261463407029,10.578605623570299,491.4267852622601,470.08081693894553,11.721284000113407,13.267850594686585,645.847561374769,453.50244540611396,3.093614634808894,4.3383702596262586,458.85055876760924,483.8851422532087,11.749491578782466,16.494899939020822,541.9783441881622,400.6718228775934,5.28107780770678,10.214519592762116,446.97189506801783,439.38644953692824,3.548936075734018,4.565243716928598,409.44425442893095,466.27853349356764,9.044101800240732,11.218380283500585,555.1419934900829,492.17531506624357,0.23603746891919813,376.9252657338073,0.11808833365498766,136.64107050620032,0.41493347361813293,465.93252976434303,0.08626132443386579,82.56829991283261,0.5007174580100575,355.0978178091177,0.025839962673858727,410.93644716401985,0.1766193180665669,57.91260374287983,0.3053294116607214,429.5132733267374,-0.0049013603725249835,343.707584964455,0.000163275426990718,96.28105776327767,-0.021149670881048396,469.7121142597427,-0.024701620134734082,12.076133665176176,1.0138598683500504,333.6866060577562,0.060774386723200194,500.01397695849164,0.08569720594346839,80.13795858500322,0.5319068050888704,432.2238164800377,0.0658034879360817,362.3403501838884,0.11456169030479424,183.1655511780439,0.26310245130917587,468.14484680926466,0.07411012618422477,710.9545700428467,713.5989655624965,713.3046411816122,712.6803917453253,718.6135439636528,708.6345135658702,714.7810657081875,714.9119152992945,712.3361715869743,710.5333225202457,713.6211562108285,713.3052808294002,713.1641332397908,711.2686301658033,712.895253131061,713.493459568692,713.5896918286868,714.9394444209019,713.6322340762352,712.0028227641341,24.301140192886745,76.10918706212976,396.09014147249576,304.4488040182934
2025-01-01 13:30:00-05:00,26.239242788586054,89.65212916221653,24.67723455115981,24.227805461167616,83.93413956920966,23.858275854290593,24.503898991381636,79.94880383799982,24.905477934058293,25.59902750254375,88.71580898589693,24.347237061876545,23.186282977414674,83.49138943922723,23.58120786979356,23.859611726724584,80.36284344012257,23.72415034774097,24.634910270290877,79.084365484857,24.713356222372447,24.89116894590286,79.73643925815233,24.721424359577323,24.197243723420257,78.24199904967641,24.311222261694,24.155312584830416,79.27431988236366,23.75817003725761,25.091860653133462,70.57447940068819,25.317879981531465,23.78805661513953,80.63930804968952,24.26834805780838,24.629484690829216,79.81706161686468,24.837767666705282,23.748384926039833,83.17200484202596,24.202066359699984,24.44183246240512,80.22899107865781,24.973507080122943,23.96248162303489,76.94502083242578,24.25969742100122,24.810713464610107,81.55642496474348,25.54100175614597,23.62433786904749,77.47944254949776,24.195548124757494,23.50493404218646,76.59518861474672,23.929242391284962,24.04786175986678,84.31411241975876,24.27941773817094,657.6552088073358,7.2938120347900375,18.232937054819537,680.567938697226,501.31215177232025,6.390464367529926,11.11411937432818,572.7155906582672,487.02491730325335,3.575903852817861,5.373925734867587,326.75685555130576,635.0872264774777,7.523419277218464,10.522316763187096,459.85063280858105,424.6534742272139,2.505390467712204,5.253835382740329,464.433566814133,451.6571490953829,6.049620258501685,10.971184285781375,671.7222317421847,492.846082285361,12.067021196259203,20.645693694037796,502.78149642060333,437.54391313420336,1.8319965093316597,3.990787716897355,310.5609009176432,451.9339928340368,8.626157605865387,19.344340033549912,623.6068083128172,431.0239209389283,5.534992446561826,11.581083326391225,390.37422456481914,462.99033916864835,3.8517866638571365,5.438103775527145,303.49357016232807,429.0804698639747,9.878902065695884,15.365126910452489,541.0829154906975,453.00400034979356,2.64544391585353,4.356441518475033,421.8770033189529,375.9499849639661,6.390841117808119,8.533947633179551,448.94183576963445,415.5387393090977,16.482130340313844,21.623240858513416,656.0779389064111,462.9867297539774,3.2298408195158346,5.208906162265077,237.01608732694427,393.5136686808389,11.6285833701468,16.018963779527457,571.5103138710737,497.594887665979,5.75981730607807,9.31883016151324,413.5385981834102,447.4535844881995,3.0105449453075304,7.360306790438059,323.74190757631624,432.3545343036895,9.434527358466797,12.177290803371324,624.476321728312,436.46171345863286,0.09194576434664031,348.9303184105152,0.18705310586889012,132.2995897587045,0.3961404417369188,461.99273432344853,0.07380219978550201,39.40833241906425,1.0195567613843728,327.1586143682276,0.0968533740629617,430.903177574424,0.07604274441430091,16.788132183133854,0.9932392788542291,470.613292253624,-0.0151518398537271,340.98112012327454,0.05711537553755296,97.41944339841929,0.023168756566446624,482.21203603007456,-0.0453796749736948,11.331077420726423,0.9762262789803533,331.18475124768287,0.054028237092652184,453.74920709287505,-0.022903220161318488,71.17742213031713,0.44759646471387954,485.3993482850233,0.08316618937030981,353.932540116563,0.1656641551773141,129.93760314688612,0.38917234158910924,495.9955503450825,0.07121354737958605,748.0809292669763,748.6835988217867,747.1279825634346,746.5744488136974,747.4788545217286,745.7526487043428,745.9079798339363,746.9634359613668,746.6038749739896,745.0364990334175,747.9940357640156,749.3320187263417,744.6616269062511,749.0921349679697,745.8872252711393,744.9133957296092,748.354209360247,743.208968281675,747.9177822267342,742.1486129887792,24.62657726921671,81.41990398650557,420.8983888068527,295.88504266571715
2025-01-01 13:45:00-05:00,26.98193421836377,84.00820716428927,25.5589490048318,25.484192929959914,78.03678081447701,24.799406224397725,24.085033799839362,77.37990935937275,24.343349946053014,27.372399617414768,78.63505078351965,25.882654063836565,23.964771052977298,72.87122383470201,24.180178857177047,24.929695278519365,73.77805160973007,25.37398537157574,24.14028647612634,78.61638561185435,24.003485491160482,25.02664573435251,66.24117009163578,24.86393886158844,24.772186188971418,75.26247608459936,24.439437039597664,24.09177223007258,74.32205407154302,24.22076795550228,25.004150658000697,72.23155826339175,24.738199149915935,24.638540715072732,74.7211636285101,24.496505205222682,24.219492566071292,76.5042498359868,24.136113388439796,25.442874815765524,70.73753274710442,25.2645651995159,24.850921101711823,78.14561896922194,24.983881492524834,23.44745048242108,77.04304829598301,23.933850276663783,24.465850076603864,80.87084766349385,24.887848673077393,23.99986062478446,78.5117824686279,24.279313525463653,23.771582167874307,69.41843346519501,24.196636608376714,23.507837299370063,76.35977309264875,23.82786709739759,562.7731920392806,16.64834505462719,15.224746330302738,643.0429526517385,546.3193946268071,7.0312123375444155,10.353674252834136,431.02396167109987,492.53533459588874,3.6054124286480596,7.38738878638278,453.9574074733003,600.1694735819169,8.667931535023252,20.65764438575533,470.84609311548496,436.82474371715216,3.4993974649746216,7.609598292778716,318.2961560742383,417.43537198170384,7.007251854865838,8.77426127959458,382.39386108739603,419.84993460337864,11.503048397466898,19.580366652136775,513.6004232542122,426.2151405511743,2.8273618252910766,5.01654650142364,300.48878251199244,422.9869522412261,8.945291596770153,15.287449833290578,445.6581853973777,414.7000832701792,8.216807219310049,10.914429065027575,413.4235610559178,446.60891915864954,4.836736538437368,8.489054319145557,519.1454553145406,510.9641111914428,9.860569579170486,13.110012736728478,694.7596532732973,346.6918744231287,2.977570339951712,6.189531901329717,321.17614163520534,408.0317983760935,7.418293959949217,13.090006755167718,520.1479808612587,393.6143053805642,10.636657442262438,26.71518339552008,835.310186024772,455.9482091795716,4.4176470426394685,7.179362882036623,368.197925225467,432.1781021266565,8.950445856297211,20.18152048930497,570.6479301736365,417.5878616322528,6.508061083073189,10.495295511617712,618.0201077440197,457.17884283839135,5.976023526278818,7.558507506730405,359.13200166545806,460.21797569952224,8.29648386959567,20.407930976854708,604.0198756194519,412.7207338640525,0.07796870656462881,305.56742132504036,0.16766385505788822,123.61397482780748,0.3283924364271507,427.1567638811729,0.07369754769277977,35.73867222987999,1.0233890228631604,301.37781862173784,0.1305656141770043,426.2608978178363,0.13601898224936804,15.13800377279015,1.0302808954802036,471.16681066235327,0.04710544826148572,348.07901198059625,0.07841452528069129,94.99133459198785,0.05409126469782067,474.32904464978486,0.03338416806208829,10.104555994465985,1.0269027017069625,315.55508104713095,0.09949864773183628,420.31219532534436,-0.021103382806012545,74.21640696533068,0.4067981175412519,495.72941972296036,0.13300093621863077,302.5405582960749,0.009955389997031716,128.23527172577607,0.3444879501398254,430.8013766401851,0.18142978851409372,743.110205817464,745.075420149493,742.0618072165993,737.0566585684466,735.4366749979368,741.1601424068871,738.8025194956361,740.8474510583109,741.9489153183089,738.5456068543666,741.9895477905104,741.9127237867415,742.4475431515416,741.4790825037959,741.4788901526899,743.0475848221326,740.4650822863666,737.9317981500946,745.1476356648741,738.5245005279728,24.28030629727066,75.9940507745335,331.0410247706458,280.72765128286426
2025-01-01 14:00:00-05:00,26.061549276540287,86.20149009703923,24.581482768059473,25.533883362818628,69.53820459133894,24.75338466604162,27.15684102316856,82.37078785186341,25.295068996506018,23.743278500465177,69.77298354101268,24.557358250677254,23.57899720830352,64.62129215392204,24.39295238753169,23.533295923959813,76.4191319575967,23.554815765796597,24.24752641646361,73.86292391318574,24.335889331796086,24.91275409509932,67.88493240362143,24.966311834640337,23.205509182788177,81.68368462000865,22.90718942359763,23.214421831216455,74.03008547613196,23.487050955030824,23.470597912729975,73.00672310053164,23.460083511295867,23.94479294491525,66.19277417200357,23.72409048919007,23.934714591983376,75.1564850804178,24.106887752428932,23.987026787609306,63.78235496749845,24.561011280339248,24.150872583089352,76.39738030257733,24.10431022585041,23.990214771236438,67.8526761361729,24.455332327229154,23.7615113388778,75.65915477574043,23.962335348731457,23.126676025505486,76.3065761088396,23.16270800063044,23.902220794060224,74.67426242926551,24.096413160054478,23.787960468353795,69.43061414286068,23.88001065429332,583.9001377208515,9.328953504646517,11.779276516422529,356.29672063650537,516.0074245038509,5.2258625127410605,7.750892671993159,354.82920147928957,652.6562140442783,10.88540529807411,25.000150426744725,469.77264262552103,465.4253789056153,2.6470611335269467,5.476982692460882,319.4479358454849,419.5915218279312,2.23858649894324,3.7657425369843005,249.00414047842352,383.30544905025835,5.999206590114189,9.186865317677182,512.8409945854233,453.8027402941652,10.707707585825924,15.367822342942695,450.848402480011,442.3165329334317,3.162753632427272,3.9905404355564036,297.8587807794994,397.2728980005246,9.602679658012418,15.578845852870986,640.4646423635215,462.6123012147307,8.713406552875654,11.717189244140318,564.4735679608997,408.79732780473717,10.412011076588781,13.82786910343494,646.5796720837919,432.61318039376863,2.8927718175581045,4.622795858583982,451.1603861302413,398.25561990363167,1.990491580358765,4.723816740716531,301.25205460862696,400.98579562032694,5.230925897134763,11.818538065312545,351.2134792596744,504.21126550178366,11.189348297802566,21.31058586159914,486.7839827222804,401.83543289773314,2.276309347661249,4.206204854210351,313.10939958767807,425.4035725834189,8.427725518066918,13.896592833636388,412.5123960053969,412.6039654414239,5.851456346146228,8.577015387743149,408.23783353362177,413.90658766221895,9.208884423171703,15.946537294600672,490.43083374624524,446.0248515550423,2.1245151663015722,4.171918643318064,454.52976117283833,468.7548752273256,0.17884818188627663,304.84597294837295,0.14978364358033333,477.56989200439705,0.19939243473965723,37.43001975320297,0.9406609674814987,31.721080710966884,0.9632744403843544,304.5964468103755,0.1349380783074161,489.118236633419,0.02584411274704363,13.502318956875191,0.9019213302547364,470.5824564205955,0.027612293379676814,304.04167369686684,0.07223156529788773,488.2023286782006,-0.040762783257108096,6.003270695203759,0.960620435953729,8.99616955375213,1.0311415170488267,294.4520086052946,0.02228914793374534,457.3347624815219,0.026692624356194156,25.469200174957038,1.042458138834205,453.0958053993166,0.1259328607807857,317.19176006195556,0.06621662410403986,435.0112073135319,0.047630398224246674,44.80924957210974,0.9711665772247834,612.8388662826986,612.444705118167,614.806258610533,615.5113420819719,615.4457381875387,614.9224549587599,615.7442075655365,610.4268543372509,613.8639019572582,613.7029188874509,612.3473782494834,610.7944183283698,614.9408841503033,611.9964232514717,616.7390793206106,613.8323835110797,608.7373085428792,614.9863648383233,616.715532239545,613.7424385068745,23.924558481422828,69.47830448518661,402.23130659264064,271.62725405824693
2025-01-01 14:15:00-05:00,26.104717041663378,90.11566825885092,24.74144971199363,25.381929222779394,83.37210937943557,24.451166143333417,26.084605445683867,96.05557464078797,23.844048070068965,23.9735335723259,78.1232634981175,24.13626328459955,24.058257532335976,75.24414694568613,24.560440837749567,24.051690117935035,80.48047384830063,24.218197246703088,24.025277898207968,79.79879354314943,23.98669574803352,24.135095305843603,79.1729870805479,24.571053099943832,24.376047152865915,83.05225439241458,24.5249465984738,24.235262676801547,79.07404519422383,24.789027579452178,24.498548352282345,78.97824129342197,24.541259290192542,23.978005589513856,78.35797646236608,24.158255666432133,24.15330848815759,81.37411129667622,24.047889577903725,24.866313563212472,81.1869716435326,24.765769106390724,23.460361676945723,80.61990494127899,23.625078416812833,23.993335035873365,76.65113726916864,24.669752777239303,23.633689362276797,77.44599423243614,24.183886894990973,24.756441228996287,77.35496267172701,24.85661205801444,24.345914238882386,84.1727779185698,25.058094494391483,23.231066407722928,80.57709035780992,23.459227793039755,581.9888971270345,7.516373595359333,12.44632829910303,462.5693443799181,548.449723961875,5.283635460885447,8.088403732817941,456.8888322475543,602.1573771282438,11.09589300360751,14.578999686741167,585.6780310074735,363.47001093358585,2.481482132985615,3.974990960770646,307.0097120560252,432.73075581427645,2.4497779574877594,3.9758677440164467,350.32838288119285,420.0603309231707,5.051443979925002,7.224666389277551,355.3349584092879,383.41609031108106,9.272691179060681,22.808498845796457,620.0344332924499,394.05617029918744,2.03476324191061,3.500486695467305,423.7411264694894,400.11305792359394,8.444423000837183,12.738303394086374,488.1176380884027,462.4748692179132,4.50564937243493,11.2684224206529,398.82356150936516,442.24852143263035,14.0809651258167,15.543661208781664,762.6176636568804,461.66214268180886,2.0712863874402725,5.989134461745055,284.26615704708024,456.0729171620833,2.559583540905899,4.215691425316605,293.1851487885818,422.1511562622746,4.907566990641493,11.51356090864208,577.3662412988454,407.96016117326013,9.10658015404658,18.43690374441891,463.61513051953153,442.1310630911909,2.2209311792767883,3.8699748185636995,428.46671250548127,464.2063079123754,10.425670387482102,10.43272434409326,509.6728709876767,407.4865762745002,4.511864881110997,8.456619707560552,356.1496573363459,409.3835306321492,13.220828999963498,19.995180135271095,761.0311980214219,447.81165971184794,1.9995864914966246,3.9181084853023602,413.1757516795638,463.4738592342417,0.027036889638749367,292.10699910155716,0.09388883968016576,420.35142081775564,0.04421715370786886,32.42483602212292,1.0034613228240823,27.499845232355387,1.022189694469276,294.45219618786547,0.031834729210561616,465.8548818756877,-0.01686857494556187,11.610123973474744,0.9984603385057089,485.69862989558857,-0.040183667109865394,265.74705401001404,-0.018275384527524835,424.21787495660783,-0.01325337047969708,5.184394299464925,1.1211426209960527,7.810421973572862,0.9323290379235155,347.93312009585105,0.03600658271218132,425.12689254437095,-0.01624952568518328,22.136286666192447,0.9621031412338978,477.4675979036589,0.02851780475409357,264.8134474454969,0.09174780017227827,471.86380655517576,0.0426173717534064,38.88084828396459,1.0329689506810629,654.2091472077884,655.3153654229122,652.1214129938938,652.5670887684187,648.9681121010746,651.947067097624,653.8696980307295,652.5993863977403,649.2254555328225,649.96989218752,652.6210043237814,649.6412920703601,647.8696253523727,651.2700685100805,649.8017877896707,653.6753566652175,655.1831143049008,648.0357822789476,653.3587984363987,652.3178510146415,24.021916293816993,78.08717624142653,412.83544615846614,262.23784505057347
2025-01-01 14:30:00-05:00,25.84938050549327,79.05219754557922,24.14658263663398,25.283385858471988,74.58759657849141,24.3774940186634,27.32511321979479,86.60688100723493,25.005498095825345,23.412644039976694,69.0280489572795,24.043852856516576,23.370907708040495,67.52638290597095,23.244468578887002,25.043062221337692,61.41789302094098,25.332418174955116,24.307721995465727,75.47788291509447,24.32275917305358,23.869545279116785,62.48807523817246,24.042075186929807,23.93275672102023,69.8755957680139,24.282184074404608,23.51385032698917,63.809895262312764,23.806683532097086,23.989110513607333,72.99838105739384,23.767548884430653,24.207763635055716,66.40923734913528,24.11490633872699,23.86440749513492,68.62134739598977,23.82839860883453,24.350229166722453,74.56222920364839,24.06239617136724,24.176282784960545,80.1954563432555,24.1765085047823,24.641631477935046,62.99560294203873,24.363519789779286,24.006112963509963,67.24338893193718,24.05349524706681,23.999745319387618,62.807245450083244,24.18633740182772,24.07752107975725,72.04812010130847,24.326377470572258,24.794160757291866,63.80990369185032,25.153189814261246,542.2488926615747,7.751555426234068,11.917579715340839,480.81225264996135,509.537192029886,6.974867277887729,7.484887830847537,448.46008371519065,728.043940577598,9.437403657885596,18.72303923978932,603.0739732516644,422.55696699182766,2.597262815203938,4.055124553516595,229.072826250381,446.8668861881963,1.6582585994532546,2.696848104256694,409.0715359321768,405.67617202168003,5.498314413189386,11.05266376717281,446.69487095677545,426.63373973751237,12.104026211798283,17.011816765101116,893.2291650816293,443.76892856939577,1.8495802669753336,4.936858012993619,473.9021857855878,458.05200883250563,8.061159411043263,16.187328291881663,579.9475964599184,451.6807020105621,5.941466119623867,8.120952848619348,401.96065207638895,466.4139460381114,8.505802228230847,13.771900015025023,694.2579642660216,406.5793907712891,2.6205697654160764,3.6485731699717543,435.62163351542375,419.15580318154963,1.5633078535586384,3.517227417870159,312.6526307048233,456.1370860141679,5.305081031704612,9.714523488453086,460.0030367196319,415.1872405240094,8.747691535897927,14.219747891276159,650.4031276081212,432.22440765942844,3.1482868812997573,4.436894915381577,416.2175165377378,452.69057655817653,9.239176358211916,8.771350320518387,547.913148748536,410.5525849673443,6.020498987425583,8.781606221234503,374.93708961013147,410.95844172609026,9.527563588030064,21.025108114886724,373.02027185056414,469.0229303106979,2.3553166291567926,4.771648152329881,495.9421180429108,409.1909626394715,0.009191627229684515,303.7169290923033,0.14375058050483924,452.1858342555064,0.11534898662198058,27.393290318182903,0.9510695891017332,23.164254973224423,0.9152838649352265,303.06338648982614,0.05724959856584832,457.274952468484,0.006025931817717815,9.806183309790292,1.0092606269066784,409.9889163240787,0.07215492487347518,243.43753678332183,0.15901945082891392,426.93208413733817,-0.055225878524565924,4.478271300058171,1.0095993612811414,6.553640752251395,1.0243137129933535,325.58582789689444,0.022990920850555936,464.6200643313636,-0.017970282178528328,18.68114006426796,1.0283801322419566,454.762243448793,0.06455794688287403,308.10087554814004,0.08454602266493551,485.4345048841238,0.08614037362377902,32.752078516061864,0.9763530575560986,695.0096581571543,694.2722768586625,696.7353837119522,699.0431723828935,694.1072927510791,696.519664216418,696.0335137623052,699.1150446261083,693.3351876380783,696.5274148644003,695.5211915282658,695.3453026417858,695.5791820530961,695.1300087832368,697.3453687121151,699.0994328922925,693.44855950714,694.7406891717142,693.9251093692018,695.9388756051084,24.10494834356954,69.83924169571834,419.37738009555176,258.29111894024567
2025-01-01 14:45:00-05:00,25.935274222919386,90.60970980246817,24.537252994619976,25.43652222779831,87.57258284910665,24.28942330393234,26.371457062938777,94.71174484884807,24.27484101192603,24.406843248789873,74.88040353590505,24.32590260900699,24.930235256977177,64.5607978123458,24.607421400678906,24.110636250165115,81.56632820002102,24.606495059446438,24.011800362334476,82.24116019038593,24.186220357329756,24.15671155878618,77.92938045999068,23.67807428399266,24.642516858394487,84.67634135161491,24.333420377940325,23.80729314354015,81.17281251300555,23.87255531366905,24.31758298164156,80.34834218857833,24.237665131799126,24.733600476951842,74.53710832657696,24.48293166119504,23.536085017315255,82.87101689781632,23.55284250214728,23.992789718662365,79.29098319424698,24.160023061882725,23.74778466693981,78.94627857869659,23.934138473748625,24.603909324045418,74.19205121764276,24.53779136149561,24.03396637974134,79.17922971357726,24.355902789402254,24.094590616861055,78.99281481995128,24.603784997856135,24.072792299283414,77.85333232678796,24.40032012139984,24.88533260042552,72.81126029942828,24.93762362806169,556.3693412895965,8.376831631276808,12.457403126763822,695.3042122449156,534.7180299706899,5.545917098957768,8.267936708291636,376.1086932917677,682.297454216658,7.372313420501976,16.820577429576613,572.9275039631792,409.41734848831106,1.7535081562754027,4.22033201254441,340.4472847897713,451.01832141700265,3.6666588357897885,4.526623354132054,348.3560197308863,399.1727455971015,5.258264222381145,5.998349217572477,477.9297616218618,485.1273135798406,11.261372279551914,17.099812176928967,475.94641170644184,493.21448781449436,2.2557291823537504,3.1478658357502414,247.38047678466563,412.7580162139206,8.44535462941139,13.889899542123054,530.8017802588092,405.3453209598318,5.613444723107568,9.79564188103246,448.5859512704841,438.42292118298786,9.132776401400927,19.3262409652193,815.1808126805547,397.40053323716506,2.7906211244318695,2.5564470036954248,383.7893138275156,426.33312794006565,2.294512560208685,3.955665392013061,299.5689545239206,412.93935607465875,4.723110421704794,8.543378320720173,589.1846675139209,449.974442352482,11.714046913398438,16.892820462178037,451.23419835863945,420.9474422261822,2.1477215037487816,4.199711986897077,269.8900864258916,404.4842473905747,10.871787670244279,11.620657886178751,517.6416600382908,467.7318071837969,5.249106861455079,6.1860010669059955,368.0361596637877,426.23887640516136,12.728864481468982,13.68686220607733,484.937464274322,365.5543325475453,2.0930621004849046,3.227709457441557,340.4210787906374,416.9915967911589,0.055147687893771585,266.212840671786,0.08837872095188425,445.02092768570185,0.0858958988178997,22.19028286826177,1.0570698798427596,62.87790220159373,0.3465678760141155,287.553888435469,-0.0004629181562883361,451.79341963210334,0.02306444056831125,7.98119048209945,0.9669348658092426,411.8142790535977,0.03825845577207958,298.0527099129737,0.09568904222502317,413.2768478256179,-0.014595451055668198,3.578432491823522,1.051231360094882,5.369086549717394,0.9246793734478654,287.40977345339553,0.1416409948048374,493.9866973878509,0.025457471747852137,63.179063305649976,0.3058715538770005,410.52145233966513,-0.000730127005502415,308.0811049279027,0.056236494085202794,432.21963207406407,0.10161312525185978,26.788140573608143,1.037227110008298,735.9397197856854,740.3509493418154,736.8591592363681,739.9840912810153,743.6154206769129,738.4842398792184,736.6617038915815,741.4040882750603,735.5135184690341,736.631391272106,735.1460560967336,740.5574230604933,740.3418973791437,734.710873309638,736.8754117884234,735.5874931256551,739.9491364890976,738.5053082516242,737.1242858354905,736.9195164259369,24.454842600439477,78.8015711208466,397.5117528626354,255.79021656617144
2025-01-01 15:00:00-05:00,26.139153218060997,79.76238968531077,24.87736012009044,25.106429235840572,63.63067625744789,24.970345389767306,25.11226991312902,75.23994570978638,24.06609753933045,24.850021508121078,69.70005958916106,24.733741048667635,24.466145125107136,61.01939644072085,25.108955486520685,24.18883469646964,68.06274245038341,24.115849513868667,24.862667919990443,71.00367190191312,24.681461098556706,23.495207053215726,65.41851681665963,23.756867019916335,24.703635761165053,74.03140674158172,24.767232560624635,23.57326460909925,73.08921808079185,23.642228038317228,23.62077111141653,69.35387133606184,23.85398969166988,23.898101392187193,67.1595477628708,24.055816976447957,23.97481349638831,66.54604406737992,24.201413991776047,24.114365389977603,62.94603175701411,24.067801036503184,23.773811213478716,75.46106379388895,23.97002810565766,24.072796006161234,66.1982671975649,24.589740391229597,24.057785109025037,77.55073533552053,24.272155588456656,23.96364169999419,67.86351282374022,24.428777747332806,24.392705990443577,73.6810338764454,24.832547840927777,23.47058903292749,65.88992598235933,23.88624262002916,547.2845046229114,8.455975093351316,12.225051400481906,418.8220180970755,479.83044094582897,6.440594899523002,8.882404706851007,316.89210758040525,640.7811320535139,9.210030901890319,14.127765851641715,664.1026503269176,455.2838281723704,4.749335893197544,6.441340111528624,429.2534690710473,445.12226104171094,2.4246405593235973,5.565324401886162,372.7182353114694,399.82476541789424,4.95965842368136,4.9559468488575895,319.8507748677866,478.55329844152794,7.0150637659872945,13.610252583058669,508.81207996930124,420.9325899782118,2.1195996255580494,6.2835867033712605,297.385005015863,413.7358375418152,8.501941190221942,11.217868868185011,367.3919347400802,411.6146022013134,5.410864058457206,5.90917908101552,509.7264184287928,407.86763225924636,6.562045759054211,17.199832904684875,491.85068047810233,380.6870653417627,5.271255991107183,8.001626438749591,445.9195386370979,452.3699661552775,2.680931429428185,4.922236025910841,324.58109494694526,453.3867753863604,4.6986268753652976,9.816924755519898,414.55855591947613,432.6079441623281,12.860104192265847,13.179322048699355,464.21712834647536,394.20442089978525,2.7390428478058086,5.1862905104960575,425.2953431895322,394.06263982546324,6.265331613056541,12.632220851847633,329.87679234552826,422.4666913053076,5.2758919443103025,12.68717056206223,331.1029765669122,431.6678396472556,9.630234093465994,19.847057933817943,510.81915909509195,439.9582794252777,4.80543547420584,10.2047696381613,377.2300556054963,460.1789469452332,0.021598750421525162,252.47115617879925,0.06915713490549251,467.138399615497,0.0015164550307922783,242.17306524560738,0.056351664759755886,14.778414299218905,1.078493559630105,216.21468735163444,0.03543991400670127,465.6645507459073,0.013329685676694947,45.91620726871515,0.13126213692926975,464.32953482742124,-0.09172140484837502,218.19531047250192,0.06599508123251445,482.0331140716474,-0.04338466243611028,259.59575505936147,-0.05481881719822962,4.2934927537149115,0.9677573460750164,246.63213175644265,-0.012193014895336855,478.8495971390138,0.06269758042929821,11.845265453908489,0.9098641141689288,434.675910738446,-0.038489602388031556,221.92417197387297,0.06341018455445706,427.2556215248427,-0.012627645192367906,215.48848533517955,0.01922679672520082,631.6947936424689,628.4803016902986,632.0351954140257,627.8194284144029,632.6174233089391,633.6049700687045,627.6222997169705,626.6799260848417,625.3377142773892,629.8975254421591,631.767588555716,626.3220406603377,631.8111580601868,625.8832890867232,629.2973650050715,624.6340617404838,628.6672762881702,628.0519499573429,627.5996255312972,628.1582933092313,24.011033152242767,66.82646754730007,401.40005383302827,281.50640307950437
2025-01-01 15:15:00-05:00,26.062991608222955,78.7106282183267,25.078496751912734,25.90100350353909,68.60399105888871,25.44510110554275,26.957483734915602,86.44427908335038,24.964920806385944,25.42901093203938,76.62474474336184,24.81622083986136,23.959899553014285,67.81345758793883,24.24293784854848,23.68383125273538,73.38308654144909,23.70172051449952,24.09200868716287,78.75766759628857,24.224381146411226,24.34814143927233,62.28634633951718,24.464970052846226,23.946503537757028,74.0804692726146,23.78547822557288,24.63241848796208,70.57683874929985,23.815327573162183,23.805260248468795,72.0739760484881,23.609361871291945,24.569535030138088,70.31459873707503,24.718544183924713,23.148096894515707,69.39352336488025,23.469999966568704,24.0276466689392,66.45701809974561,23.785288771624067,24.079873132860154,68.25200247411225,24.195544278603386,23.207828761065645,65.82801117021181,23.4617834877483,24.309119687175478,70.11190382352483,24.316964668884026,24.450632683789244,67.27453726452579,24.323860488664735,22.714815116697743,78.00869922496108,23.271012408056535,23.865449739470936,72.62681065397221,24.136264107605133,542.5303810993703,7.783230041632621,11.676049626370782,478.2767604634352,474.1080078272707,5.217339988480763,8.618638156148942,451.9807769402387,608.6311625585491,10.619467437173101,15.384541191420876,612.7583574124802,502.19513197110973,4.403904680422036,12.085947183623492,395.8765362943059,429.0408453527499,3.958951069864302,5.828615042178354,273.01284901038315,416.6265474342174,6.9125234539560365,9.510096874515586,498.24563018201076,388.65081928131127,7.486938652355505,14.046315374012892,569.2535583689734,422.756516136792,4.0284012288861275,7.399427061614342,242.1756035933787,425.0733184486833,7.464405348786196,21.787160751600986,553.0529527512795,458.53078958022536,5.958743505551466,9.705595084720642,422.8949303207084,437.31374366335814,10.337821340392466,16.72169133319985,526.3282825161432,441.040288139471,7.288937835965502,10.304622928113439,407.1003261564157,424.48711879359473,2.94198163933807,5.069553056732763,393.8699790484282,438.78156548639686,5.114888860817551,9.887612012106585,423.37442084007193,449.5725765122847,9.322636061440095,13.851838187498831,398.5632567420893,382.17027747960003,3.4182808714311985,5.778844836876493,220.28049733359623,421.3172093176569,9.277538541334945,11.124991399231632,661.3926774839995,412.95171332375065,5.8239695304197205,6.906682294422154,358.3200884412662,396.6872761159261,7.328682419516122,13.128489404290578,737.3748989766608,442.7035425385872,4.620415814189982,9.122713427280713,383.90196846582666,491.451727093988,0.00014785999848606485,213.85753348026736,0.015640915976533165,492.0901705913026,0.052520482552014455,211.56987448879278,0.08136321165590674,10.971942076473743,1.0452868071765846,220.31322422357744,0.05558162314822053,475.7523828269344,0.10695116201274477,50.32031652264959,0.059067963637893864,495.37128226697365,-0.008914702900109105,265.33672200997466,-0.04241514090568814,441.35243143032017,0.021204467902648728,279.10667420460055,0.030382029921792116,3.0557871355409185,0.950685879045353,230.54826259389682,0.0009188710609211344,428.2422902598134,0.04238774435114516,51.73583057959995,0.09722263366291843,410.80259304422106,0.09453704338701541,240.32477231510887,-0.012918145164892508,469.091975698349,-0.013211661117063761,231.27641688121292,0.03059534052648153,648.2771375403502,642.986672267168,642.7428077995378,642.9055402371112,648.9344993793061,643.3428032041743,640.294470939216,644.9198066620334,641.8804944244849,644.8993182916317,643.705301117704,645.936036301701,646.2552016465633,647.1816256019083,643.4180338777641,648.9262006081176,647.8884561658414,646.1686671667445,644.6929328944059,643.6227700756376,24.04024327090762,70.87662434704266,457.20320350989647,285.66226360548256
2025-01-01 15:30:00-05:00,26.091777972764657,81.25111419975265,24.84056797233412,24.410102299476396,79.81900010754259,23.482210682061805,26.75720244578407,91.90683714251031,24.714353883499896,24.31774457808295,86.45752626005054,23.26871060140721,23.652935988718205,76.09224178348447,23.93135103307677,23.44783663081638,74.98421291964218,23.446297331865065,23.96274584387268,80.58589097796134,24.414833737121853,23.289048547272063,73.52324557421792,23.743948140671286,23.77131455206,72.42150047361162,23.655610857896548,23.691274335829696,66.7404014434179,23.930257706003445,23.87503733072098,79.4376451499644,23.920396594698943,24.29481177737221,80.71267845408957,24.134813795937763,24.30627062891966,73.85570424133947,24.22388739321387,24.046239467155594,75.28769521141142,24.117786421094728,23.05954117987952,79.5944203236705,23.3800162877203,25.18196438308788,72.51346135786238,25.113738349788825,24.07724710916109,76.81793117092705,24.16870944210084,23.884709151281516,75.99178453663453,24.11740648971303,24.287311029492354,81.45481312612846,24.38415865289438,23.949785278290793,73.59293186852717,24.464793537782707,542.4403266035495,6.431438232359801,11.69276377902343,566.0286980905968,476.63340386597486,4.945465142165596,6.731739720210734,340.321459984289,656.2718868620034,10.697050391321715,14.249458692210803,589.5146299028061,446.91771465262127,6.019178126345758,8.87296407801978,427.21443113691714,378.9948714806576,3.3071589833401926,4.097309577892898,372.39405301393106,425.06641550037693,4.175452441720865,9.208296990192546,387.7575214874135,452.07625195732413,11.763881019925252,15.419787114548978,509.14636297994565,485.33718887336124,3.5175011499035596,5.872408436182262,341.35766679315566,428.9656110669479,10.328250086925944,13.40608169379807,414.2625000144317,406.20449271764534,5.496647108933849,8.32116639920728,360.79790817098745,461.6795653478549,11.238966979666534,16.689888679084916,517.3713475036086,414.47789166046726,4.658582980747794,9.44388667580656,311.11212278976325,398.51498024350445,3.9789384972043877,6.186391901612729,376.56183849809446,395.0908801166389,5.055009609557208,9.913570634602051,425.29196316446973,425.44154888729724,8.79194227844467,14.929462922248913,677.8339738687133,419.5270005756434,2.571839079019405,6.309025168463359,388.0181077946862,426.2697315538608,10.825382036496906,15.54404960620079,384.4210891183762,414.5399349449461,6.340620418513191,6.9000514068099745,653.8270666284252,430.1747158739375,9.449973228929814,17.36440677910069,620.2734965879456,430.7848846925288,7.008583347196716,10.753352096379654,530.9792812974108,490.86232167047666,-0.023826927528048936,226.05882320865584,0.08636763269383954,494.7113018978274,-0.02202105953815847,217.63701712081394,0.06113043828609394,7.537665414994553,1.0748646930322607,227.7445109575025,0.07817278354908745,455.85932160846886,-0.03286179541674991,52.0905617731167,0.0888839436158807,446.77532965796473,0.02340750973568169,246.1118821564232,0.05482817267482607,434.89754455371894,0.0478844526295023,284.54174816522817,-0.04525468658053554,2.007993735555227,0.9935412390416424,239.46478325523486,-0.03457459270457228,430.2629008581283,0.01998536438992974,53.42873126136173,0.15015308300844998,498.98980905461684,-0.09163641427564306,246.6794951649247,0.12431260270845285,421.12124335557723,0.034258964048183044,220.4039326278045,0.042542868943931916,574.0693332489031,574.5679887653858,572.81172500831,571.2779515544592,570.8023132566215,571.3979086588305,570.9171060807888,571.4535623230634,574.4041550104591,572.9419838345989,571.7088244392278,573.6062623823851,573.5220352569625,573.5010064348571,571.2432425062404,570.6919493540404,570.1611813070317,567.8770810932263,568.2731900796346,573.1761455255994,24.142221587450265,77.69460970547388,412.2981780001314,284.86930069119126
2025-01-01 15:45:00-05:00,25.662480380685203,86.08286102017077,24.352062740814496,25.684824003235036,82.41604697690754,24.754825613273173,26.365904853810008,87.91493183855091,24.006606344644272,24.388200606560392,80.15608428103491,24.280255311173125,23.910527498837627,68.94249284506361,23.756108892955737,24.817855016494896,79.52585201940248,24.417964917177372,24.23260640431166,73.05356784639939,24.264974304512343,23.38219291707644,78.45214075605082,23.515914570357562,24.43629097837389,80.13092571772229,24.784014567832585,23.794549021112115,67.91066310166862,23.721930891929237,23.19499419122572,81.76208363820294,23.803569230293505,23.339375570105155,74.153956145422,23.80358965061954,23.876872714556708,73.75037188084721,23.675587827983176,24.020341667680608,78.93622593061599,24.34498896949231,22.911532021425256,78.98185282915846,23.484270034241266,23.317649175085993,73.7543430459855,23.264975238445192,24.612215499681817,75.1587318717715,24.615267327669947,23.788612844720745,76.64770514661686,23.566007013356824,23.576817317080458,68.85561742009004,24.484007199148007,23.407806696284606,70.78924834325156,23.708145737219155,552.2562340351751,6.873916297243973,13.458298143827802,408.27035908583844,507.50665643401845,4.59844704123445,7.004411608979941,411.06041517976,566.4499324928273,8.34268739773758,15.045992844744632,544.2184700288728,458.93379876045776,6.980511686894413,9.541622804430041,408.76234349237,445.1530916012963,3.2876409120679226,4.271156756578269,269.9375392202357,396.69329182094407,4.2099747150913505,8.506504583655499,448.71715691856065,411.4800736140557,6.356802696229591,15.72741525937932,557.87589114357,413.9690846757207,2.6685812852915958,5.568058543569481,310.13396328044576,389.24047106629854,8.416376972308743,10.825034025943387,559.751720510418,418.5814628080784,4.381998091037885,8.668272401271269,451.18256842718927,359.89506495950565,8.77366527504372,12.964160514935905,502.7473330833226,386.4655097113483,4.723095296069171,8.661526599276543,425.2197637433486,438.2231816910575,3.450293272469071,3.8210271773779336,276.37482760978384,416.4014415753316,4.994930969833299,7.009339481455519,450.8812347888046,366.1006305427134,7.932464350719423,14.41794242429948,426.9528660030591,420.6596219937915,3.353962837987186,4.369096148039843,393.4097573584681,459.76107360963476,8.741798934308118,11.150491373120774,483.76664235343867,428.5141448186617,5.7916137891064245,9.726864657062247,319.30998617214163,435.11134799727046,10.778706911750216,13.89454892699194,376.01664157366565,422.4866569592068,5.703277498022944,10.991337782974346,353.5945646153142,416.29009809333206,0.006436218435861814,213.75303678731544,0.012161378396555622,417.79027065914846,0.01800878780417187,238.89380294781404,-0.06924355421783668,4.59813919306532,0.9618900453335307,232.34081989516045,0.060980316447803495,493.77872547027846,-0.024645846710056762,42.95125187638392,0.06351352645144936,496.06318639839867,-0.002949029296185195,226.8002595503051,-0.111702755521935,498.185388747147,0.021910400423464003,227.23241283082083,-0.005093406429920797,1.2292671788913743,0.9781450009983844,225.9286133269343,0.07379610279849519,407.44650678906015,0.06412454743734082,46.39432508281398,0.06557501762811646,423.63544487762226,0.020352435242347703,214.73073840619406,-0.005279346227620555,464.5409936963719,0.0048407680425514455,217.52690145806832,0.03860630640971495,556.298699876418,557.8735300888887,556.4714548860655,562.1552621449083,557.2026841266709,561.2220892188769,559.9884595902789,557.0145691405121,559.2969257916792,558.931127449634,558.4703118679724,559.6149699040485,556.7231458779601,554.7388351137201,556.4876504189773,554.4449154691489,556.321279823337,561.4959417445762,560.5859212233393,558.1432777256568,23.682383576155235,77.38638726021351,380.8005348668237,275.54772044045785
2025-01-01 16:00:00-05:00,26.142288474280036,87.82639690717845,24.962900900867822,24.84786916272827,83.4759010651411,23.703238562806554,26.4180544056702,94.99106181243052,24.360131337174757,25.242881839740292,85.17291582407749,24.34158223331394,23.717212355917265,82.23244669517553,23.447284358258763,24.6362006887155,71.2360378268961,24.872619182670206,24.069525817219493,79.19260433308888,24.006998836741992,24.74244829446274,74.03704400967548,24.717505776202174,24.050276984788827,80.50976774978638,24.078590497760214,24.502255807198456,74.89775025008522,24.561912948438263,24.468831938196182,79.98229118242182,24.575369860894487,24.24036737249938,75.11452082394591,24.639675045011003,24.57046853843611,75.65595928583024,24.29197597662722,24.04141376746138,78.72464544790535,23.940557693849314,23.91819475179982,76.34579394178203,23.882421493622324,24.527227083996195,77.78213309910035,24.63670862913418,24.015092435189406,79.30958631636368,24.461378023637554,24.250922933067756,78.53198621708344,24.019516525879705,24.942405444547997,80.55059470118694,24.99461139335058,23.46166053508016,78.35106802441844,22.94940948858649,539.650746986521,8.925110184249233,15.930794449677277,520.121846097749,448.29435728867935,4.444207629326245,5.602545261806942,449.2032700788119,579.572622851527,10.352875934404615,16.196588603756915,800.0093092139222,531.0731539764577,5.264076077916655,10.92982574582853,327.6413009951303,431.937058798034,2.761659557355564,5.8666126184626215,363.30864381002164,513.2905576487838,7.737221814470661,11.595858429401101,577.7159092846044,410.0458947642706,11.134053472494704,17.743357456671333,505.28035803182087,381.53014858709946,2.8497766881533,4.474736345796891,367.3179989586567,456.86510179377,7.889711663691521,16.442400001579763,414.89328726919837,471.5100101108951,5.224863836994026,9.657949549905462,490.52026807601067,436.6272621806603,8.779565343158698,14.517033211770165,403.33851523026243,444.41021666267824,5.62738214369429,10.50543243079656,459.38882094911986,422.6732975722062,2.964630861037037,6.268347796986256,352.42430882740774,446.00560543403884,4.783079597386034,9.472595536363944,598.832377809044,473.5245293450358,7.512334367665559,16.81169468620076,484.11320978615373,421.8716068400111,2.695101718305249,7.284861143291701,478.8428390815727,413.98519474738066,10.251070204741564,13.783395983880519,524.5827033060607,400.4491752639282,7.672653939844866,8.411727725103717,320.5036492992448,434.4444919765103,7.702601756780158,12.205469055915387,539.369381945734,404.8802146577156,8.224247048277622,13.181223891029285,511.7315169743076,438.8137715476668,0.08936087768361821,245.50675600488665,0.01092384474274416,426.69703955742165,0.04829749217764043,258.067182815083,-0.0028595514104107506,2.303550934909815,0.9887512516823793,296.3194542053392,0.017338664815800955,497.5800667922857,0.03842948495248299,1.0624399053394116,1.0108491488686802,493.81529593464046,-0.16485987773717162,228.56385742513143,-0.009687832045057469,492.64460291295796,0.13063316308442585,244.78100832171904,-0.035817416065103753,0.6980971090451977,0.9899921794154368,230.29833251449773,0.07312634584850213,428.81459111833414,0.009606955481965955,1.807027099526109,0.9806689229930678,463.79124064092156,-0.013573085370023536,252.58093833428057,-0.08445664421249033,409.8845901943333,-0.010929998203347622,254.9999845531135,0.028880603345546225,691.2844906109685,696.3820245860418,690.4028284828601,693.7689116250431,694.2321552675819,693.0209335692649,692.4303615753751,693.7452417457807,694.8661587746377,695.044775942502,692.7547811341325,693.5591389133625,691.2606373894973,693.5153745586442,695.283417091593,692.7757925859752,692.7753607669193,693.1146337135931,691.7139404008291,692.9608855006203,24.261139674274677,81.37619415186602,408.68914936633865,283.44052526486274
2025-01-01 16:15:00-05:00,24.733116009209585,86.67805801270528,22.734955593983425,24.805344800624585,81.90569085121692,24.055352822520298,25.795141430291054,90.2135832313604,23.93539072064476,24.995491344827833,83.71689992035076,24.27949245430409,24.027053202019353,81.39742872698393,23.92941699571654,24.06333166681718,78.16544153371174,23.636458026815088,23.859223357777577,76.24522846423017,24.010900162149213,24.556349764108127,80.85071707039218,25.14841132295224,23.40906246211364,83.99232228321786,23.524513060711346,24.179006908710285,78.0761689788056,24.25566349450245,22.935796923520158,81.99453617931539,23.27658735917671,23.75719246619448,78.90864487286179,23.986177210230778,24.67483110584152,78.36769838985691,24.44746589874817,24.786670712505256,80.14584879265247,25.084103809391966,23.886904453707135,80.70762574298112,24.035350671525144,24.022784585392067,83.63741404912463,24.20654974999908,23.561587624456315,81.24517846187213,24.076308448097294,24.45837969207731,81.08792113775687,24.734534265367994,23.29836600684832,80.5205629461804,23.188495214026766,23.78405459345184,79.3666660017443,23.860792859135206,573.1197012113063,9.32860675333837,15.926436808672209,525.5715321759891,484.6479815805589,6.9520768700316555,11.418479018860593,509.8610591909222,563.9821013116075,7.530284346478876,16.072598809526912,744.0314425618262,453.76607095300864,7.3158405298200275,13.641975182088116,409.7413072602184,420.64246907527877,3.3024121811980307,4.316104922612374,402.4362498786371,431.4488756207975,6.9479986423190345,9.845597789506014,504.49358752565837,488.1940182424362,8.57375695374842,17.366320025282537,484.4928842671988,433.5754049356831,3.0618882455572773,6.225215166260899,394.13215932379984,416.7219561028525,11.439721890306712,13.21834291070697,519.7219809746042,421.6864342671255,7.126718746266301,9.922351593877574,547.0915329109009,416.5595717920449,10.133105633781337,20.940169294800548,573.5591287954858,412.41546824588664,5.317960412998843,9.142608473932723,626.1854279077417,436.73519518638983,2.312684930386148,5.110405917892573,392.7469848624975,429.5364439961478,4.953561992057488,8.502652383108455,384.96225691547244,425.6414079293865,10.413685264724098,15.91336250506043,428.92249122808016,469.2162483276814,2.707116420570568,4.447154850010261,361.1766672748846,496.32570011776596,7.6462496697199835,9.529474027165177,465.86750524333314,428.0392408768428,5.796122873482789,9.04212032211356,444.15875210364436,445.727111102814,14.661632571560062,18.436224481287837,658.6650279275436,425.6612867794931,5.8638152399802435,11.210533904483915,353.7994041988618,404.5177173280786,-0.07786643635933953,235.84402966163745,0.06396335827249168,481.1034597269826,-0.025860191264550608,271.1190225799862,0.08917087852426149,0.6689978811398446,1.0062714044257424,263.35456178858715,-0.030269781831385855,499.6260528228988,-0.07843042449594677,0.3289303998113047,1.0331193895368402,490.34652602645673,0.00360662960586018,250.58646167691867,0.005905040225378082,497.26966642022035,0.047184169347433,242.13523158723928,0.05257690906823684,0.18739224124934697,0.9052588882419031,245.15764037107735,-0.00955008439874902,409.399668712478,-0.025231574003176892,0.5524028154487141,0.9836415018575411,428.574350268202,0.029181532225785057,201.05856796109043,0.06114266646822304,462.19872136907725,0.04825546398583228,217.15129774043484,0.014491459027022629,722.2463578579873,724.4693384355672,721.9222818773492,723.1473261878674,724.6022980063497,722.7715506163796,721.0422172423309,727.3216492456368,722.5330015605522,724.624797067493,724.4570821624316,725.1001179066512,722.4057965454376,721.5927687497987,722.0069777546179,721.0617361878415,724.0607700157534,722.6366767067259,720.688224057562,721.7021746710819,23.820420178214416,80.44482525731596,403.3942381995266,280.12231006972473
2025-01-01 16:30:00-05:00,24.993519751873016,79.06751633685644,23.460436266027678,24.15192299866938,77.9869093379603,23.67878282377376,26.662063027043864,73.3872009615087,24.34477203515078,25.21947376826852,75.00645918317868,24.051431932547732,23.637340541391712,68.58079132483651,24.271293849938644,23.66159827073693,72.64019814394231,23.614513341030186,24.226224100823067,67.53194920279898,24.169397088590095,24.353282563991055,65.79057471389342,23.93246627894309,23.768479169297827,78.71642163906922,23.595175005098245,23.671514590294688,73.71519948700812,23.470792124749938,23.684879398266876,73.1795730196665,23.7603782457556,24.370042572226975,74.1014001703009,24.255197585193248,23.2359477155147,69.30287973188526,22.692113629961426,22.77824918420034,74.56629753683387,22.866867281079042,24.03830322159881,71.94756475338609,24.162396368231693,23.379489559447084,70.65312174470928,23.27725307034489,24.852430857357838,64.0915674062875,24.578271080518995,23.86986199786889,71.75069010092662,23.990643972713162,24.877998482008753,68.02833855875039,24.533177627806857,23.531332091448267,63.27068059196482,23.62265344089605,572.3241348793194,8.292704138652674,15.784446828613111,592.9308303290079,449.9127844356061,4.737337703050662,7.762204056918167,622.5488599201213,620.0432922272988,10.713124394714752,15.586980717471539,670.0304451011168,486.5276523981841,5.08413999313549,7.730414251205998,416.898911402998,378.33024384827223,3.05808713502653,2.7414580189617848,339.18090353230775,432.52340620594384,5.255524475409528,8.789813151811584,399.9036040577735,503.7875086177894,15.504247948252026,12.35194255095099,523.059957376501,461.8232388864502,1.8052220901495697,3.537934858806472,371.3793909949969,458.9741170995525,6.465183496563843,14.772304832562515,501.3985533927189,426.16714404441575,4.766691942658778,7.770285788060809,404.5895467816463,452.06525837179527,7.628097514113639,18.43876241389839,635.5283885626233,398.5533774939619,4.858904837894314,7.312024072730253,356.0661461809062,385.37554658111367,2.7129554948185834,3.6909752088092045,275.5828263962276,473.93460188965554,5.4196859712211785,9.017587852354474,411.7984702753226,414.96035491887636,7.905135466527078,19.04246817971722,502.2587200304009,444.646005002182,2.9602372329929576,3.321369651236891,291.0665523654733,447.2779820992154,6.422160053780542,12.260478604370178,522.390022574268,427.47298341470355,4.9150956730106685,6.4222907064088215,401.33885698014114,391.57622651762154,11.587704204849873,20.0774983328151,846.8329980907906,453.9295742384883,4.057294036835436,7.752553895663513,344.36228489746605,446.93013399934307,0.04215122902754455,201.34793744356884,-0.05207909587853396,451.8543093784958,0.020683626662800367,245.82429175525294,-0.03861399849081425,0.04328092996618224,1.006440636393788,235.15220486277445,-0.006839265943402792,466.99293500240515,-0.0019768103517098083,-0.03917200292715325,1.0623593864988743,490.9725713193678,0.037899134852411774,224.8469612036054,-0.022428260531949604,414.19519839771306,0.04508200316084644,247.95018915983047,0.016086563630361605,0.1272005657192179,0.996193887718042,251.92923250889012,0.05934291304916309,449.9266181567114,-0.038453209898361235,-0.016966496784306628,0.9436514176289976,465.3052484159756,-0.03416927926592625,220.55445646366047,-0.038554007777093904,451.43258899144905,0.009350366874349545,217.7920482371158,0.025540797986436634,614.0779353249161,609.9804925731893,608.9395842720558,611.9544560765015,608.5577266397644,609.9384422899826,611.1602422366046,609.3777179501254,609.0218893373259,610.1951703523008,606.9634310088406,607.5085895401132,606.6829337447705,611.4122390701092,610.2119952402752,607.5639203815178,609.7089726229048,614.5533834790327,608.3553124441889,608.1290900706516,23.762119769676193,68.99237104556974,432.58777346714794,274.18964886936476
2025-01-01 16:45:00-05:00,25.522121439100374,84.33952945074832,24.30034546254256,24.791754664654768,81.92187143779297,23.50164280948146,24.98785658803612,92.76391408749349,23.174858818288406,24.79347228706758,85.61127664942693,24.12388392378986,24.63856148088007,79.51000116120193,25.189085687398983,22.780808566328297,78.86874740070644,22.76968305014476,23.620349050679167,83.44285004404789,24.095398268170342,24.658123336103795,73.68924765558747,24.608782879779923,23.374461481408222,78.03145143992236,23.50068643169396,23.66452520518954,78.51982862628974,23.269027702766046,22.999693068643555,78.59050899811662,23.17402018405757,22.767474773613028,82.74764596558026,22.673070358356586,23.75512798361652,73.88051049053107,23.55997781585415,24.31535512542609,77.61309651476681,24.349341481780904,24.91452035137898,79.46379471270565,24.95238263278988,24.251285041324252,74.31108739283034,24.034205537722077,23.16430546267409,79.66778961168554,23.238569898189393,23.360635449168964,81.5420323818146,23.838828402396718,23.65201921650492,79.45369625667912,24.13504491337093,23.83087573609387,73.63720506931857,23.91839596042497,544.2740945034964,9.942675113823242,16.703723390453533,558.7878034588119,518.1640642559588,8.131923425208262,11.136514530595361,434.9136674946624,583.1909131077666,8.40253438125223,15.608891471805862,639.3701370763462,531.1031616193776,5.408911494541527,10.726771016177135,409.9208619232284,475.951920455514,3.511892120284152,6.1652139944949,265.48406607252423,418.33636494912923,6.842906420092488,8.86708276473893,634.0488963464142,392.15713526673085,10.118173207019268,17.360175566964955,586.8639381471728,446.4178649885366,3.6217705342779603,5.822954592750655,255.2708396487003,452.48850540169605,9.995358218283906,19.07343863832232,447.47000458402437,422.06639880059987,4.563617315947323,7.814596526889692,456.18734668319996,390.49517102179055,7.606977811662283,13.724772292054002,479.7808581746793,407.5937996572431,5.701493308695864,12.074050162304971,311.70792718247657,411.11294224163055,2.8288573187719916,5.117337665550646,349.5400132923895,428.2706670812141,6.118225908548714,11.512427886238743,428.1659013394305,377.0924120296648,9.976493037684463,15.125708832923271,534.245902128324,462.1422308351599,2.2251389957499246,5.6079911886805744,289.9673278041843,441.8489319816685,6.0137277437851875,15.037791052655907,419.316215537778,425.4517993799704,6.215196064053031,10.551020486872387,473.29867361328365,394.46929555116344,11.933522787250736,16.077327338359513,513.6795554036964,400.2021297626256,5.899522925475337,8.227883625430517,525.6690632827649,475.3681930069335,0.07668455862535029,200.43863736649658,-0.0043338562686758356,445.30901245877317,-0.02880060149094496,243.06799217376465,0.11357355138940038,0.05569959780715222,-0.021864841857182453,297.7071210085511,0.12685951149491242,493.2618600821052,0.007086021666226342,40.288716013801675,-0.049575408126255854,489.73069186721983,-0.004071194240744797,245.84353212798342,0.079165141707498,489.05003322006667,-0.0041051295011856085,264.3083658471595,0.005870511847576923,0.03635566255253948,-0.05506438700389457,245.94765012495225,0.016405079866586694,470.788568642324,0.027617399678435413,48.345400759853426,-0.020509906275364115,421.08247803856733,0.05708083418341783,244.943152669627,-0.060604750177005284,411.38314923847537,-0.08115769907324737,215.46368784052618,-0.000579992695140444,672.2773492807182,675.811759417339,677.4890885486304,672.3268901822254,678.4081783998574,677.0500170963195,676.9803087071955,673.7059214199046,674.1580257985167,675.2677258168395,673.528584956499,676.5589361306003,673.0776816733395,675.5740549348748,673.550657898107,676.3238467883695,675.7463683469183,671.9073537795487,671.917368477956,674.7305402122622,23.599079207272652,75.72941671400542,440.1500164913181,287.0489703904153
2025-01-01 17:00:00-05:00,26.070598787165316,86.1261400804056,23.928065331984747,24.992136149051486,79.0751421216788,23.298434212582425,23.564712915419438,62.314831520750076,23.095180751275507,23.292598689872253,71.5878828946118,23.678568478847712,25.324688852506288,64.27916112225927,24.15817205546738,23.87746978619371,71.18886391294268,23.18772671354311,24.200591015411444,71.88004382105743,24.177685873352928,23.771044958208023,67.1989552867872,24.057945296251294,23.985335491613412,73.77956620902832,23.45582243574603,24.20870484954311,70.31522739861396,24.153027501638636,24.336174946005062,66.71971558361882,24.365780111774335,23.73528770715349,65.90614176116203,24.468438817181813,23.902015257467895,71.03324126435376,23.76278679836507,24.10512574361581,69.07242585105041,24.549217374683714,24.06511009236065,75.61108451173308,23.94625911459351,23.721670734482405,70.63115380260246,24.035597072026498,24.052296551516577,74.70768992100294,23.684787610671016,23.452363907342043,75.14268007604839,23.155073784127367,24.30306071564698,65.20226690552968,24.0904739129785,24.314921488595367,62.64897328137901,24.328250198660797,604.8669609264421,13.146078316611476,19.927554670366614,615.8232941099046,505.35453977599906,8.986327218849443,13.186284471011696,416.2048121348088,480.30574651646845,4.5363355635078175,6.809794855470079,321.9986792544201,405.49120257519894,4.123600860569316,7.182985985291668,247.27064398370666,495.8881411087418,6.708036214308332,8.470828909239184,321.60969671084877,436.6403666623879,6.888470511933321,12.394827709625845,449.1411656556497,472.2021161712566,11.950844002678776,22.229477887065705,799.044800794686,395.5077245199767,4.700339573287235,7.761295561505414,331.5724875012077,409.7470814011108,11.972988085232148,16.407866833382712,715.8382708771954,401.4886999437535,6.24342523393042,15.113487703552934,513.2885357542915,432.80006857793927,4.074420870497557,9.826907529734864,302.6470781404767,415.17276850400737,4.137377105432567,4.558325957419957,263.1804281978181,440.50288607677993,8.045920393049428,9.489692742040504,520.3078162396549,405.1224469848585,6.830211302128402,9.515603750176243,285.2260770746036,385.8660804772331,12.012019963862302,20.031377999390234,711.5758674262972,427.40357481870944,2.857970320054862,7.0241413149136545,446.2444055565189,495.46609017235494,8.187730014611855,19.620630930632913,834.6139103664249,414.1577885293547,8.54333068997839,11.70884112264775,392.2795427177684,391.3219586384181,4.578911771121912,6.020393647892438,286.6179916000559,436.9784706684132,4.382845019953867,4.073667052525063,363.6624064486799,479.03598159501263,-0.031309851432677095,343.3425303040553,-0.07790759931816582,94.17845003215278,0.008782080068082473,0.09814520358766617,0.027215048825655515,209.4409333075937,-0.04565749318497896,332.2053204825876,-0.06992882655054782,440.3468402618935,0.02166748700457063,0.07556777192555611,0.11110662338215274,481.9293058953807,0.0027739774043818426,319.09518121444813,0.005187762151105505,86.60044473435411,-0.015342878155738563,0.02449808500863693,0.06805309353490502,231.874318666997,0.11417563853269215,375.28687894351935,0.03510103360027949,475.045552662166,-0.05505216210911393,0.044913918261549224,-0.06601773807159905,478.5898967729452,-0.011111172714513208,343.2265942251218,0.03390036274521745,92.94672057507289,-0.03997458833277026,0.006452282654617971,0.008702314053193482,616.6160055590323,617.0956190900696,618.5974581704621,616.0628657742332,615.9079596875212,615.2626302599606,613.9732353374662,615.6421870362693,611.8605308173336,613.6385849503401,617.3689544589263,614.7912080575564,613.472399035471,612.7069357287011,614.9410104022268,614.240576762939,615.2140760253078,612.8945102476873,616.2510133282364,617.6675013423932,23.63876821381298,71.9133779388781,400.68965923609875,239.16015820483582
2025-01-01 17:15:00-05:00,26.156562163154092,84.28250164061797,24.16624653130664,24.654090126917723,69.17480399704556,23.91352782816175,24.741135924491427,68.33702076897191,24.615864030575903,24.55519888923408,61.276606826929374,24.739692767599863,25.53997305514765,70.65726326308206,24.40817309828408,23.913859947956908,71.83319330344317,23.897541137566595,23.532418098734908,76.88620636689335,23.921957427908374,23.335999556167447,70.75977010356765,23.433241196038015,24.328277248875448,77.33097999036268,24.81491797309293,24.921187585329452,61.89737714208188,24.483392451374222,24.805366177545633,60.52619891414157,24.83585374507061,23.6332753456904,72.74691626849418,23.9672902929877,23.09463602516762,69.51460796323133,23.158411733544735,24.464415904982342,70.10536581673331,24.36871074481492,24.39903432901353,73.63953558834156,24.27198613020061,24.646965680707382,63.44757694383934,24.400091716080798,24.651355214587504,70.71771458278036,24.587664755457222,23.645835228234052,71.26125181586842,23.194090789137242,24.729459213372216,62.738416946998015,24.789731650990582,24.963263054024463,59.460896166009164,24.405963567967234,590.8270485581361,13.38220483007376,21.99305373385008,539.8644193121667,549.3505927204176,8.4191644289398,14.739681760136813,597.2167921925688,439.67128987060806,4.9044525081214525,12.109090893842307,350.1471312139432,451.89290244799696,4.151622510570875,9.599171752551932,413.24458341949725,494.41930110479825,6.1739332197229855,10.162663393429959,548.2947842465749,433.2955858340864,6.488020733338434,14.825479554553253,451.9621206318442,452.36142695695236,16.715176977025546,15.664504346797695,640.1387812986022,443.0831262671084,4.551620641595204,10.613086722956691,230.64675129058932,472.38032156270225,12.005643685920424,26.277738908085254,522.1788972542598,441.2793628536787,7.4534597164715155,15.132828758091527,444.5410557707997,420.7151807880055,5.458655259329958,10.38557939538649,344.2182981051077,455.9681327273557,3.987234377588943,9.026922481392472,444.9472178514365,383.92045949843106,8.191342577631204,14.514551685893998,379.6410615734859,427.9024367127532,8.572856772202236,14.548031754780544,397.01978576202947,385.37001075828516,15.430267553159037,29.073358775568845,455.6742287723542,434.59591463836557,5.439236341157849,10.128430104892976,475.44836422763666,394.06183356323373,12.364078837496212,22.55075088827719,492.28185409251137,424.5709039761359,8.922986598559953,16.892707645910424,347.7483889849246,438.0159242851392,4.21068839077774,9.439350454448252,377.2159998881658,407.0742397201654,6.2878240092090545,8.241164123965207,210.07257938294646,449.8271834697726,0.018819819973448344,290.0219259631935,-0.026182060900352067,92.09930433655423,0.0053068752851626625,-0.07740683324111369,0.02584717973196217,213.5149937500882,0.08634833188417906,389.0524049560674,-0.06038720424504395,485.93633594773746,0.01744366797265928,-0.0029921455884079086,0.0196561908804657,469.4491071193832,0.05099517320713335,297.81089739007365,-0.048060958919548424,80.23079663414588,0.06365537825154405,0.019501048663146378,0.0007932710509078062,201.30980513659625,-0.019981994877123894,385.7238715964489,-0.04974267761596764,405.95531947255625,0.017440588594240133,48.07146593002961,0.06543611760942575,411.05113967015916,0.07257216982359131,247.6522173771865,-0.02594263365180052,88.89822846209825,-0.08305417525381793,0.025913789813253187,-0.050660153311247895,528.5720002862616,530.4949134740951,528.56348697403,529.7895091963966,531.6725322489372,526.9456001169015,529.7519743357168,526.1667323134602,530.0648742851852,530.4564560987585,528.751279098779,528.8866660363907,526.9410504515491,528.9720928224822,531.6526986593022,525.5156798152523,530.5847753292895,531.5916245202781,526.7783497708903,529.1205990989458,23.780232783752336,71.0268245183764,438.28529404720933,227.87052778159565
2025-01-01 17:30:00-05:00,26.14939651970027,85.80686531399853,23.997860448439102,24.422330550078318,79.08419523892162,23.619945703104957,24.165667183735223,71.1467500874621,23.858213278959322,24.27900858282151,68.90533376878683,24.337355070169973,24.992470551630266,70.6476347078411,24.013553263347948,24.804024931730215,70.62706797074762,24.676388324849274,23.98124213022708,72.07539562964193,23.720707246950443,24.34225671576719,60.22624326460888,24.289956475637734,23.87759758496741,78.97829880873302,23.990907593633683,24.29381121623708,67.4684015916579,23.888485855835704,23.707006065887324,61.84771970056747,23.457398956604745,23.557899535349705,67.67180543922821,23.482677869666645,23.60174272786561,70.60989588180664,23.567741077541296,24.11617702732708,71.51085124265113,23.701184942261598,23.625391389441063,76.27459070998911,23.518447700064087,23.74334076328382,63.47906283043842,23.66230173906815,23.31014738804228,68.92344509895028,23.509513138051837,24.823848172493037,67.53315945685688,24.61565414451777,24.60081870956193,62.781472575361306,24.49605207239276,23.609560590285355,71.8714999332357,23.823554429412518,633.2516638588812,10.649891837619784,17.51030869124759,386.27014102173536,485.61720416952903,8.38839196591513,9.75595380448193,536.4636383667148,475.31184541261933,4.1047525154195315,5.5482334570731195,408.88648641807134,413.44918144172493,2.296738531896583,5.32333084875261,271.75290809549836,479.8434958616842,6.20352488165251,10.287690404061395,347.3100625607129,414.5863727676275,7.951087943903198,9.796522352847989,435.63919788178697,427.9245895091938,14.755786792792609,18.60741339330536,584.8786951866496,433.08336825027374,3.051308503364396,4.045767489537158,467.0976657555217,448.5185386622854,9.04233565573597,15.371864548242892,496.3159798732375,396.8994366908446,4.508544305865453,9.5748590459676,566.43996687163,435.41132843702405,4.509463096487906,5.621115397744968,421.23345664598884,398.11716022526724,3.31234273192352,5.4548266289563765,301.8359377506094,409.52251256194137,5.950317462780609,7.233123486037469,270.5124979929755,382.41893680507286,8.320826573479694,11.055587419218897,408.0335290759773,436.4983921836553,14.909484947154482,23.304897071610007,545.3231235008031,406.24907839501634,2.2957457233190106,4.1659530392661805,301.7058036824671,442.0835201739387,8.403777729146103,16.64598341092681,646.4039805207267,423.74567707758587,7.531545407016023,11.256700885664925,608.0729403487375,437.1688171286252,3.756550222008904,5.088645778746775,357.0964811924165,446.57943292862603,3.036494695491911,4.548281600920427,278.28854039669466,409.49277963085046,-0.00609810057448491,324.2235544921867,0.0644109121908419,99.500079205552,-0.018331925039084502,-0.007730129709812183,0.01196820387401842,214.86218103393153,-0.04165320317282728,353.70849092043005,0.008757514679330763,490.9398674763065,0.09938686797053771,0.06593188132404902,-0.02505727831828915,402.3919825452597,-0.07921187223820274,282.2554033332982,0.0376565245138623,87.74692579645632,-0.012651497817872571,0.04192190732235119,0.051519340362499756,233.09604138826205,-0.012890568352076557,388.03337739234524,0.008068884391444564,434.10195475717626,-0.021418289138829462,-0.072377765666485,0.006663161085700317,489.47217796615496,0.010942805998860968,294.3643220054874,0.008424324782710131,84.32787453123419,-0.008959266578223301,-0.04793939239001855,-0.08090316682932122,588.4873019266284,585.7900367559704,583.8640218141877,588.5293166532466,585.0484334199939,585.7656946961034,584.9122162634046,585.2116020528581,588.3337931670183,585.161295837973,584.5258616710887,586.603823517931,587.7184925489845,586.5001837951377,585.2028128155589,586.6403835225177,588.61772867928,583.5152748947693,587.5867327991934,585.8805394514302,23.864990377250198,68.96459552745223,463.67608014506754,229.37760230969562
2025-01-01 17:45:00-05:00,26.589808561450102,83.51862901890695,24.16032209627179,25.17249297771652,83.64632699986352,23.587322457328696,24.41333940514152,74.97449641809723,24.093707978325224,23.43227653877904,69.94763223157946,23.802915973058706,23.969680873597117,83.53138214031428,23.468726556928228,24.33547011850663,74.05550187201383,23.738485585202717,23.774866285435877,80.0356194539262,23.15471064106421,24.332050192074416,79.65318851090876,24.80663369509977,24.146995144930365,75.48194650405253,23.876793132297735,24.488529136247138,76.78999186976604,24.454373715092473,23.84912438795771,79.73451625200882,23.89256672491244,23.59035017782087,72.10859460996895,23.693272737871997,25.284678851955967,69.77101608837161,24.855089689449898,23.73943691482663,75.43140639532812,24.07567717128012,24.51406453383377,77.79746860122164,24.75677842048057,23.675452067762354,71.35635162505613,23.609130467393964,24.073510077243547,66.77340414086946,24.223883420016925,23.909994764701082,71.26705041085546,23.915101874418077,24.272528300191297,70.04831014967607,24.155929416768224,24.307772759576164,72.12535314406155,24.315771677578333,598.9831736742904,7.030018874006568,13.898172111735313,563.1300078067713,497.6205020286375,7.191413498263282,9.711009952295294,457.9350679197678,423.50333935815223,3.245210483938828,4.31802491946011,453.7922861115174,447.94029370681613,1.8652387246181301,3.3569637919024524,263.4981958639834,439.65965569063854,5.512445316012152,7.5765983998936735,481.0102261751639,398.24353116643755,7.137249621528895,9.188248243977409,358.33299269617925,461.884264371195,12.740336522862828,17.169585013510854,735.2816518803708,440.3008432043744,2.544611748442278,4.072161549067849,328.6222573831888,421.8329399675734,9.082970426514576,18.072508982321118,581.5247541105775,478.57138274877536,5.78998256263049,7.685827932541639,504.3883352040278,385.4761927591072,3.5466394956207274,3.308683078609802,296.56067376307607,445.2593468873302,2.3611201326793054,3.9396280037688536,443.6999236960784,408.3911787949774,5.038977261004203,5.967423762719766,249.4422568360304,421.6596350361188,7.566024159422309,5.430120353276544,775.8288128701596,425.931051640148,14.685153252234851,16.394403687550657,827.7481299993296,448.82278665469056,2.6967010070310025,3.264910106910142,339.3125235269264,395.16338969758135,9.189127273330154,16.92125749005337,440.26645993523374,417.16778221856805,5.502761000626817,9.075261750216503,320.70599378687064,468.1886066232489,4.4722830327122525,5.344336062345375,403.44012646031666,445.93611666358225,2.030619151933569,3.657647385637998,202.00222773757997,438.1308469044516,-0.08596441475036073,326.51049175138877,-0.07707002164021642,91.71239235250447,-0.0915662384599481,0.012536483598456515,0.052303098408714645,225.3291331415063,0.08281948389361726,378.5850268456811,0.035339792109541045,490.3910360463817,-0.04423812638538632,48.38303764653887,0.11498021984333212,413.0850724026128,0.0368208686950585,303.46766133118507,0.01992083499354763,90.19666262511883,0.0017460619634089665,-0.029689726531001298,0.09002981394297158,222.254447186598,0.034752341453061095,371.30058129982524,0.09361853605356979,428.78779180606,-0.04189900923379711,0.006093258550794064,0.0053276378647811005,484.01461843844305,-0.05249087870711731,308.51674250308685,-0.031677866101780965,87.127500939941,-0.06640583378768429,0.00984471064610069,-0.05589290736032587,653.557033574136,656.9260960548455,653.4427143571985,657.681054998087,655.2017894649523,657.1111700545458,655.2880921907755,658.0686230007984,653.7363654164187,655.4292121098889,656.151230129423,657.2990988013562,654.0939792601249,656.057961030132,654.5931901658411,654.4073855743866,659.116213831258,657.0270825765111,657.8488048811834,655.223200264999,24.073935691401736,74.42799143775338,451.68708753335056,235.46347043249156
2025-01-01 18:00:00-05:00,24.464642334725585,74.54210077291094,23.62674944949362,23.855090229850468,70.14065555755175,24.09166116855992,23.448111919458018,70.1241260790793,23.38703167052823,23.82295894762127,70.5834548447082,23.26099001039325,24.211506874982483,69.5345394669463,23.71304228526319,23.897905564132255,69.26961939833701,24.12137985947678,23.411137450366027,80.73605427833799,22.971134782672546,24.173862888535005,65.86678359806542,24.421938010449406,24.631853827144347,62.58561999320533,24.279583257246728,24.37891658706752,69.23732532544885,23.99550632535596,24.040137380736226,74.37550202867047,23.96779548324081,23.632793210521076,67.24141701171268,23.59350055452637,24.27011766615599,71.99215483501457,24.221915152495043,24.210702412919073,71.46645589320507,24.235662074005557,23.87526447652427,81.16031080384835,23.745752399831215,22.954228066769108,72.87382132043912,23.065983463895698,24.434676625338167,70.90575142597247,24.50476444261285,24.069298743565724,67.89179140961771,23.623613158344735,23.885799856316456,66.13162524509178,24.032298800588194,24.77522303093212,68.3484711030007,24.051614707004934,526.2874680416065,7.947966802445339,8.819925945322648,448.4296563118701,509.10369792091285,4.4364104516820575,5.985877432611167,386.22299896102317,430.58886079796446,3.4876012600519424,6.5672054757788585,404.430109481124,398.6993519736413,3.345562692225669,5.975262285653518,326.02892479000593,487.7135776200989,5.2833930952457875,4.534730686597876,377.1799349494852,363.1478853986501,5.864633081092409,11.128696700434705,304.93124329845966,472.4481352259787,10.372323762401578,15.004384883833245,596.56016069753,407.65631734005694,3.3628758966487577,5.908920834283046,246.11462644944083,357.78265731081814,8.396395167970097,11.710848708403345,331.4836307122222,420.3803877968814,3.6622756645674213,6.7829366527069865,536.8686992158273,397.28113696523644,2.6919260298817282,6.640664612980623,539.8249363224932,443.29390439400464,2.898697525295742,4.6700964864618655,323.81280958377016,382.0235930288388,9.460038111312665,5.1333347641872145,391.9884366712321,433.99666814395067,7.399902666992479,10.105242951139553,419.52884589462565,435.34042509659656,8.415482072103272,17.45945316553775,601.5398150831367,440.1464728343106,4.607261264489746,4.545134795388126,424.90894819184086,430.2232937509155,8.076878170651334,10.533523876862105,512.2327270986168,408.7195350476614,5.387845900803005,8.718986969447934,396.0306297544409,420.9569127317545,4.6887551547650075,5.419511469679534,388.54476653256773,476.6652756692513,2.9001664883857425,4.919193703077588,300.02923523462465,394.5362953976353,0.06094933506428668,148.2799970998286,0.011784057338488974,44.64489979095739,0.03904452355245039,0.048101813083893045,0.055072131718130315,124.0111755818143,0.024754725373045846,214.72514624049685,0.04317751868162931,483.16269080151227,-0.03221764001132978,-0.08295914028775526,-0.020752702085386654,330.8170373965061,0.016979690164852526,137.11095418786158,-0.08766088268643374,41.01690877094696,-0.008609188347453781,-0.014001703573067285,0.007007438946054115,149.1906261054861,0.06612468386663922,241.67706938406386,0.07387262946699316,410.42644327178607,-0.042762465581491445,-0.05082307834859682,0.033332149090648994,374.3724244338049,0.02712822639523987,143.4536025328534,-0.0231466333773129,44.7976823183475,-0.08805532025618835,-0.015434903305891765,-0.08435038155520191,524.0125008823768,527.587766662373,526.0832994757784,524.4764675170536,525.0558150132695,523.9081940933345,520.8939800964692,524.9289665267128,522.261749679477,522.7844875720584,525.3438102388033,522.2931881374266,528.2000534930484,523.5172978209775,524.049896734269,524.0738495768758,525.2728915976627,523.3767950799875,523.4452718691828,527.8961296799018,24.068472121421483,70.43014907137936,446.3246273352953,164.00992417968715
2025-01-01 18:15:00-05:00,25.396641029486823,66.86919812745839,24.250654410837445,24.631318457785625,65.47492335299407,23.885261772724864,24.88719618514425,52.48114373477809,25.123484047948573,23.708147337175035,63.54156529423449,23.547195859229653,24.962559274989886,61.61730539811762,24.376080554371057,23.952242976201777,68.30558063374488,24.007295738298335,23.252543353053166,66.02747290664652,23.789599313741665,23.715815772826076,58.817766868797825,23.88069141988271,23.42074415848675,65.9915301972767,23.92050635344937,24.67165444219477,61.14103294906478,24.591944710303437,24.751985381826113,58.71665456985404,24.532780675338117,24.010536043008695,64.76753219024793,23.73856739205664,24.925326431116495,63.75916482835785,24.935468173790625,24.671052232847533,50.11733298824177,24.807110743892643,24.09077301544225,68.94767573271102,24.303393256114568,24.59953432678115,62.24475828600565,25.11362083276763,23.540343291803854,69.20021550085504,23.432858379134615,23.503435884788313,65.65443348159907,23.64836848726271,23.42015961249048,56.89740309311204,23.70233797582125,24.140240575996902,61.58879295627073,24.1900682984424,524.6192845021782,7.526261964451732,8.673889576637151,529.6331697389132,529.2315574426367,3.4536951784817798,7.1710307683392855,396.4837908052621,470.13970307563807,3.5637321771241037,5.176578869391373,392.4349593370518,431.3339931951182,2.766848786589167,3.7075292548805487,313.96301921717827,483.45736026731873,5.058997883040365,6.225805474153096,310.38365160539075,471.4340384228075,4.403349974725074,7.789203071119308,353.0515330221659,366.59254934911496,8.021139454459478,14.066576361538223,469.8888100128662,440.1206969199327,3.026089351755355,5.450152213587597,299.7945601573097,446.17855607916135,7.286379617956719,9.02321142260181,741.9853122948467,425.88684297284743,4.532744835149903,5.623142942944785,455.70261420579857,373.12533027764124,2.672436576496073,4.0451611413500395,257.9339552321203,414.3111436544444,2.3169457290201216,3.7308696536398975,275.1575473114262,423.20589178286997,3.6705064081700916,7.512844776506896,387.5452154611936,433.3166909201522,4.298569008160272,6.530067044344919,451.7994936968175,438.3146734387902,6.733055248415912,20.714937940335844,449.20237446115976,415.00784200161667,2.980655148771892,4.610061152235063,407.4781503255239,476.62038434159433,7.8284879764829265,7.669155864987084,393.60787584096613,364.84759626742016,4.4625531751297824,7.966327544440175,452.8044813014956,422.71146911211247,2.4783852683713987,3.021422682509622,356.53022748159896,419.99816464638224,2.745323964065173,5.4685192126556235,316.5475047478919,338.3209568445832,0.001761055148699598,198.16740990945223,0.08017708667223551,45.35582725893973,0.09952380411603012,0.07134193227514954,-0.000929427776617376,131.53387055941764,0.010150853350811407,173.38526467731864,0.014407490486224535,440.6913776857493,0.030472516538178618,-0.03155008652195659,-0.06055442327524549,321.7740951565064,-0.0811826174280386,121.18667745444499,0.06689776408173723,-0.09945926328140087,0.02699789922813789,-0.12259728602080133,0.012976743155484461,144.60674090250487,-0.05888087212102854,235.00537473677426,0.0402649894557463,436.2539406875036,0.048267204537660056,43.84185660775236,0.1395106475815305,325.3813142021851,0.0208796063669001,184.44443059677673,-0.04962876468090566,0.10048676748424386,-0.10276229430291811,-0.01801718584570351,0.011221887995534526,621.4122058014452,623.2524416584021,624.5969742800152,620.3593897311757,622.2419365050716,622.2525500088533,623.8286221283778,627.4090080075999,623.9281396790999,621.4295470372371,620.1226110521392,624.9594041096673,625.196469751944,623.1947968424282,623.1683506843016,622.7999374537852,623.8595471175897,620.0510589151569,621.7377054537936,624.799171688366,23.89886503840519,60.942932112789215,438.39760625152854,157.04995109371674
2025-01-01 18:30:00-05:00,25.15429070109255,78.89487243243623,24.012650762431978,22.793758163300655,82.2332702419235,22.498654390174107,23.484773982674664,75.74390108766484,23.31961523180447,22.9576916157402,68.7996399837523,22.9216800930217,22.76406955165954,80.43452160575391,22.068751261534924,22.80083256953632,77.8411795283963,22.658189943777437,23.658624510912208,72.85751381000503,24.000727586101828,23.59198621530857,71.27096963517164,23.014495730286182,23.792641459208305,79.25749269060336,23.612778336332347,21.853507060609026,77.17615918285152,22.023222281188875,23.06758725616479,76.39771678380944,23.072838551240384,21.69168747301871,79.65636032781494,22.229295243136715,23.550276373215283,76.36782329685172,23.378757341770932,23.00641086261703,79.4193831013926,22.664332533080703,23.72795686388735,81.00006677520463,23.999733684723918,22.163005138315217,78.32247533367423,21.978566977942574,23.354261892317005,73.43760766603044,23.340240378661967,23.057047094846013,73.9802611353641,22.938251995706274,22.53413701471503,79.95984760301651,22.606566143695222,22.229310905445907,79.85482815681438,22.264078097833366,557.6913011502529,8.62995543561147,14.0916032021446,398.78940705633096,543.3912261414414,4.5307560563009375,12.277131067373764,370.8358092204601,444.64203008850177,3.0187380818256226,7.12797774772829,468.4986276421826,412.4104303987485,3.3954885664744774,4.528020767136285,337.18073039574654,475.1778355494352,6.085215581607598,7.326825946433559,309.1476123981491,408.8672515361985,5.533184372707415,10.171068502731696,293.16303299727065,385.63076822420726,8.612430754918591,16.52611120886848,479.818496300147,467.7563205848985,3.0293046105624026,10.863104572633372,311.72480106572846,415.73665853806364,10.753528927538268,14.202865880885735,361.37486748416086,463.24253551328337,5.950974824602717,8.984628503167139,244.1149691642244,423.65793573677286,3.1688308744810656,7.3845479866548,280.0778452107788,416.00525473566995,5.789540153318137,4.4476477652709585,446.14770387630847,425.9239200417217,3.8075539300880594,12.156480321837101,357.18859681356946,458.69680786882395,5.980048073049956,15.295262857273126,267.61469560804676,449.9130955153501,9.179674702484837,13.89493096670683,474.2858808541934,427.75749824004663,4.353321302712426,6.644449710551823,287.9708023623264,409.9899052158418,8.0979958579431,12.334729259764613,328.5035808391882,441.50229246406576,4.898484716832889,8.899493361540172,423.085997759594,451.6402286051209,3.0969126799258953,7.668046889315955,349.048823743049,420.92882998053994,2.6362609854355914,7.402708435746509,271.8928937627174,388.74008041755945,-0.026049258820563644,186.33055343459148,0.027437655783172223,48.09439732629421,0.006980595328294219,-0.051454547044547105,-0.021516352097054443,125.53633069326848,0.027149362556911624,161.15202727058195,-0.07597493675261927,415.8445902139882,0.01131918826244118,-0.025258267790040853,-0.025491193806840957,411.64148964915097,0.03488645919401229,184.35943758585415,0.005064438899219179,48.22848766433858,0.04457639878942071,0.030702565753362887,0.04772733054818119,125.09110614339373,0.02865232627177979,163.52463254618448,0.04755316277764123,429.9108685617576,-0.04287813961441208,0.07765109586626674,-0.05262457373480783,378.7160058403261,-0.00535053107424345,180.61044859930232,-0.06070081139078629,49.57604821635398,0.09922011450220992,0.04794331412660964,0.04695461206632917,303.3259531303234,304.1168295150622,303.8003026977543,303.8617144455699,307.1092335149176,303.22627464681733,304.787758522745,305.6300712973499,305.78927527026127,304.3874619932757,308.2847626903907,306.76865387768,307.4962891588252,303.39615793773083,306.366966160853,306.73386185462107,308.5963267243278,306.09561385981374,303.3850379348816,307.01742591650293,22.914312072731633,73.08923699306503,420.3296504045993,164.90373560067067
2025-01-01 18:45:00-05:00,25.654613720412105,61.23390008464879,24.72092960956323,23.691742297514548,62.12373124190132,23.370971263735523,23.891173407868827,54.954918590340824,24.09992338475394,23.360151047083903,59.74568558084777,23.1525166615222,24.724377364567292,57.94693267523906,24.42299752062067,24.68188793479241,63.29160023680319,24.844452609778777,23.872300932529306,64.5193505293265,24.17876300581181,23.466014673686463,50.70460137931358,23.64718921292679,23.817021969142168,58.50066341362577,23.644421463922676,24.43759047276097,57.35192783995272,24.265051489447707,23.475653691266288,61.20678557698736,23.431244061452293,24.213659154672396,55.99023244867882,24.253836699732865,23.611032358232865,59.77563916236819,23.85124952307486,24.09013827321692,51.80788419252647,24.1715790529631,24.702307839247403,60.44624208184877,24.252693373086743,24.172126735908055,54.361734981300145,24.376447755235027,24.087971041089457,63.747296921921816,24.12465061803937,23.66810862421003,59.77746944047378,24.01867969205398,23.80455588187666,52.558339711825006,23.44400388803514,23.801877468491565,63.98304650351414,24.261677278499374,492.18454621645645,7.666050355422495,10.983195571853496,448.38935910391865,444.134279200105,4.459806998144558,7.890595517000247,362.07878171973516,407.3934447440541,2.9741616165825056,5.963156777490386,315.8499679963239,438.0174611151133,2.711985995057258,5.714096729405504,386.505835144701,489.1744449902807,3.772917824454479,10.460843180768617,519.2045518918873,434.80148845420825,5.255009936297819,9.816629032577735,392.1671701471862,393.9028530018861,9.756724438620045,11.948271140780669,449.4466546614128,379.48550674671696,3.753225790833206,4.8598423151552925,375.9002537211479,438.87330999523704,8.256432543110074,13.726932877761389,479.6339105648502,383.7730236918765,5.939611013673053,9.725755249319874,355.09607294196945,431.07849480333783,4.867172588846572,6.459775409144422,426.04889003261735,409.43422639770245,2.5493010121860986,5.835253527818718,422.40149508468676,406.3918505874334,5.0548624757479566,9.005240158097628,407.55723730484266,425.1833466416313,6.026166878454948,9.764676316515791,379.6982678744523,458.4460666539594,9.974933074337859,18.5400748688123,703.4497967885003,419.42157962935397,3.1017599333397254,4.563552335038124,278.8493029188751,420.3263029390183,7.0889245273279515,16.045881990397763,347.18274183225003,377.1328914057928,7.618449454763392,8.25661996267605,361.8802935872448,420.8759332762119,2.624850679299233,5.765441145450177,450.1604899381658,357.7835737093262,3.6361073861668625,5.524473254466579,413.0713992960138,379.77515129665255,-0.07608346864852311,120.19778768035329,-0.029190167027186027,-0.007682578391605591,-0.030651930998382204,-0.02704978378162471,-0.07124078008150245,127.95802669797438,0.07617219649415964,298.26588628547574,-0.010979576255485537,433.3158443022703,0.017561403582776334,-0.018184127003372207,-0.02789259041975746,344.41517016163897,0.09030988009657089,180.91663695344624,0.04926279553879864,43.850959256277754,0.053216377582462004,-0.06550847520871676,0.07183778427692761,141.5257547046439,0.04831350155321145,190.46068440428002,0.12165042269182831,463.5210852818867,-0.013960927376149752,0.053470864850168234,-0.09211104758508659,340.1033849541194,-0.03741793260279186,183.716443805895,0.17357747384027386,0.058839729711242975,-0.068268325912149,-0.01322341719680367,-0.047393237015865036,536.4620610355605,533.6755686058835,532.5363423164667,536.5971158858747,537.0226680002224,537.2552340154958,533.5490027938497,532.3428414393736,536.2815369358239,534.4453796387601,538.5379607266608,534.2757342398947,533.5059717015625,532.5103501478632,534.9895674150699,533.8049787455849,537.2865333526369,535.9153218198254,532.7834962002338,536.3377668025296,24.097487179630825,59.1555695643757,463.9054387628418,162.3007297970062
2025-01-01 19:00:00-05:00,24.842273572793047,41.90504639462019,24.947904113019987,25.24702893929257,57.262679289385794,24.435200145772672,23.788687472752244,56.36006542269017,23.806932477658673,23.713821704334702,49.56888615797865,23.76702169487696,24.945850694391595,46.85929123793069,25.058332838358794,24.452876179872664,52.54293319016876,24.102068273854528,23.710126432361708,53.757307326104495,23.7002977475421,23.58697086810167,55.135794850736495,23.601603944399546,24.04982340761479,42.29609892920615,24.483580597785195,24.576500553472698,48.68662866967804,24.41102989922919,23.31857601677323,49.41766612546163,22.962160913081355,24.80561935995006,45.397693720420314,24.42933656263263,23.738580570195225,53.12255662419771,24.00005958482302,24.93147350926816,50.385047729499334,24.80466659854391,23.48366889277385,59.839094256961225,23.28677388256173,23.665411932398573,47.37138635366665,23.798053233409334,23.944912225277562,54.33017847726326,23.86561564075431,23.97810074308963,48.70803515002057,24.201021826041035,24.208207682028227,46.91029636843526,24.313188176655927,24.644509818770665,46.912360233109474,24.382707756542807,445.7185670699668,2.7971645731333115,3.4647841484947492,270.574148609567,479.608925105498,5.167080121428137,6.888845642143215,281.1083362044546,457.0918642700596,2.2941723320794543,6.130292534533466,326.5728837449328,426.9367755718043,2.5950909426794633,5.873013842474107,307.9890200757954,403.7514855864201,2.9625256537332656,4.398675727450796,535.8341060328296,432.93900862840604,2.1684250743512448,3.1880482637874605,314.5770064764051,415.1727461446353,2.8043710859659696,4.060229406925177,314.2760252211871,434.8223148559661,2.4472300503058353,3.921593844172,345.93761373488644,471.6349468749993,2.1317240189348285,4.382671165415619,269.98820802386217,421.21180905569275,2.525344490855873,4.257107322355376,192.85822058301477,416.40010184167465,2.987313794832727,6.66778169045102,323.60404874960074,437.27444824453926,2.7757905200657333,2.9580865674741816,257.2414415692222,385.7846162229675,3.095552004026945,5.123565268589809,198.33944320245232,431.4358043500392,3.7144141421978096,5.903369775850965,357.74414764141375,472.97733883805637,2.1627750078185217,4.254433676430079,210.00429926638597,440.2452269483114,3.5952480117436516,7.025546172031198,250.81322483307144,442.36815651086204,2.0412542054870935,3.7930518963902906,225.17265202505533,376.5927361018648,2.6552844251630825,3.390088175678823,207.7110619304014,442.58512187734846,2.185760408132617,4.345570461582701,251.52423910751364,396.54310684059635,2.24883871884264,4.919588027277155,289.4646603738533,-0.07518339120796948,0.026045111894703706,218.06167495412038,-0.055586626476201356,-0.004647422781423641,0.01040460917182797,0.0685419566559775,0.04068767125028142,0.03956230174094671,-0.13122305311842297,0.0682849949873353,-0.08828743540544695,0.04373176746337078,-0.0702575966427058,-0.046672868684610624,0.05424685592401316,0.02948368174546627,0.01669118405881761,-0.003978005646464301,0.02052629919416542,-0.01973517883914434,-0.015187613568164835,0.010002956429643264,0.0064102262313526755,-0.04552777830261926,0.009233029642530621,83.67207795283653,0.039288312447634546,0.06046610879815644,-0.02343318865408138,96.11922027883273,-0.0015343292840178408,-0.04519144724042379,0.043031831819357776,0.050650187014507846,-0.041399329900091375,-0.061480049089998906,-0.015782880194694957,0.004981994363433082,0.05042530253033896,459.1819715483718,463.1031556536965,463.3730540436125,465.0411088428726,460.80582271708215,461.1562985970373,461.2007089518085,458.2391524847302,464.17088282910026,459.73388331718235,461.64473304939725,461.3605070314025,461.7676845054324,458.94813537842,461.8876039172592,462.7877556399878,462.52788204886133,461.34558562714363,460.577600725694,461.3117028052598,24.176834640504964,54.34932375152205,440.3950084749539,19.892269172535894
2025-01-01 19:15:00-05:00,24.135803083809478,67.25016910993892,23.97459057614132,23.69634914512897,69.15572673504052,23.67544656671804,25.048738603671875,73.19419559332395,24.307980240651222,24.306181103503697,66.90938784037016,23.958841886512435,24.751556329899035,63.70845589350015,24.456672784043246,22.861255642560455,70.75024005052823,22.857425495881085,23.13750536210895,72.4512446810485,22.7576439642481,23.884884600397047,72.3920552773944,23.750255228342304,22.791335701815527,63.89259106881495,23.471631810899,23.444076374255978,68.17479881930059,23.186096919791662,23.453734117510034,71.31321462616079,23.558501310010396,24.14814160421708,64.78743622666106,24.115396530332923,24.146806943735847,63.678000882101195,24.17714309672557,22.938949452162948,76.55857973737139,23.065456936499302,22.56198751417759,73.6935539185426,23.14161534465925,24.0885326502056,75.13278804416856,23.923022813751086,25.015155477175387,65.80674163579467,25.27113414188836,24.731610684954468,66.85152383034433,24.52956394081306,22.86831419885067,72.51095844472219,22.72217085704627,23.137347039881227,76.25381143332355,23.585631290820064,465.3866879598304,3.1838682649852608,7.058087529585065,226.9200803614465,464.57253287684847,4.445884548804251,4.921477238596728,261.9738263004758,483.02070554057593,7.283527562621781,11.6034409601078,402.2022265301829,433.90155059037045,2.4873443456326654,5.146129803337413,261.46170316416897,454.9267337157904,3.9235215864704442,6.7900672646748435,245.54748513608857,442.81396845820706,3.9857082683697227,5.0727715759639755,240.96866354021543,416.51045440924355,2.8615150392723385,7.064797533567142,265.4266158349514,452.9766768520096,4.765216986133561,6.587719144529143,264.87540245510445,440.5841642899324,4.544339690554218,5.641174102303389,331.2523604226582,435.95204278486494,3.070895668309373,5.035476962527178,230.16737682936352,385.188715795658,3.496998827857051,5.630294272296876,311.9075152926183,457.9968491609474,4.320860732806481,5.8801961233587905,319.22446984409544,448.52488018028185,3.0021303474798016,6.8080601719192995,222.5275499544858,426.58251413924324,3.7904226949606707,8.234745414858082,432.66815489066414,459.0832097026798,4.754044495310806,7.274334139140528,178.136341163727,448.12899324457993,3.415147619812425,7.23650146856746,316.53498572580673,396.740524588218,4.540349676029308,6.815132512242992,267.41445259298666,442.3834230605382,3.1438148710431233,7.761465728303987,353.06415558944923,429.55211528169866,3.98896466315964,5.889204403755119,204.6436544892344,444.9457906218838,8.665498311488376,9.233084728481337,551.0517827086128,0.09241708744834384,0.007605908392742733,0.040659441350427254,-0.09648057636037384,248.547099680258,0.057301330518469834,-0.08365455040699826,0.003284483708074518,0.002784367737097516,0.017956968809227626,-0.03865462226073149,0.019747235132480077,0.04205143712160527,0.10905393015639267,-0.04823442757605149,-0.005639424339548397,-0.07348418165004426,0.027723500345758254,-0.001739933335512202,-0.016843005381344398,0.0605819254207167,0.009107992863467165,-0.0435619864463545,-0.03187171101339522,0.04986136410428807,0.008231265048547421,0.08250350399263767,-0.03308415942635539,0.04091335696859775,0.052957633088004656,-0.050555867554093054,-0.09133641199498217,-0.035643614365250785,-0.04826107922673404,-0.008068387460072267,-0.07314112778380782,0.03618208371539929,0.002973954177498473,210.6628411204032,0.022589629231126424,415.8596478256632,414.7561441052116,412.7290832485923,412.7510830364459,416.49303240512484,415.06839020776135,414.84713882261065,417.24956819327355,413.14375919734726,415.36308910766286,414.7764936557713,413.4505442581258,413.20706753313334,413.08349222840275,412.84620523968624,412.08503815510693,412.38555784483424,419.40615797187695,415.36835909563894,417.68601630208747,23.777702941122353,69.41741121203904,408.64022940372274,22.93917123396387
2025-01-01 19:30:00-05:00,24.241711980680034,64.10475365437146,23.735675017210824,24.459681171414086,67.94559104399967,24.66865771598583,25.1197205826593,65.5772462712257,24.973406442736238,23.925778553280534,67.39215026543428,24.380214876714717,24.637640304886038,64.9120495337137,24.80919826149532,23.317270693129164,64.80646151714427,23.516909880216023,24.756764420674997,62.934512703147035,24.707520288584995,23.676677055266566,69.65768733220231,23.789035798794284,23.5705033599096,68.14254206144331,23.812553762167145,23.244279111030615,73.95354975920051,23.313408583372013,24.046073672765033,69.03000044993932,23.814452908351875,24.68957106763458,62.78268779606657,24.658591998153323,24.303260186707526,63.059257309053976,24.106256660824908,23.626823282483922,69.23462002902055,23.72026145617179,23.858726050367988,70.16941965926499,23.929505344010046,24.22575891565282,62.09977752645413,24.287973133313994,23.971872979393304,61.142624676919766,23.540169450106614,24.278238785724596,64.99593553784577,24.85318640722864,24.230526001551354,63.189374176796505,24.37139727565922,24.551811861228085,67.05329158684411,24.752261501570754,393.2971980620551,2.8423566382146914,7.047918447752694,208.54642822757663,417.7288130568801,3.856863431663593,6.235823103258059,373.24378401635266,366.4448356450971,3.7634976813715975,6.235562811469796,287.04649573461063,441.17249303285416,2.6743561660541295,5.611199069159196,293.34218612256234,496.5686878516492,3.1671044827730657,7.3391030887538635,243.05487389174684,420.0048579326499,3.6995697267550773,7.259416228945617,274.3497866416327,414.63230041753604,4.37901029659177,8.362494813019625,198.16363966379424,381.0915754405112,2.926398510840151,4.956153456225077,245.71854683470224,421.3537831607912,3.1294670630537307,6.9957893524439,272.0890531644198,404.594158576597,3.354885293465098,6.249205000931175,243.7599749896693,390.1104582051682,3.0118671956104417,9.758666816781416,228.92022654877078,409.17659203643825,3.2712329939399916,7.862685734540257,269.2064698239163,433.6519938420138,3.074863714537236,6.575457736124711,285.82720834105425,425.05547182263535,7.622678071530222,13.321701074275758,359.79358042919034,425.91948991815866,3.0671444327110295,7.588617955264063,235.93133682251965,406.8577775326885,4.156704705944072,6.666185730068509,243.94016010209648,409.12137831266404,3.8190462559271543,6.950016517833979,466.75971118828943,392.2883837592103,3.2414621142169158,6.438257930593084,240.12022985023657,412.4002149092468,3.32892091235552,8.156909901928822,279.6622973175663,442.1785886821572,3.049280697361911,7.3817674579364985,292.3293071598211,-0.03587630006014783,0.030290237616398697,0.007572160547004947,0.07811634714727929,-0.02924138442566528,0.06397716484777735,-0.053825676235829734,-0.04218977289530265,0.09976127587282368,0.007450261759009107,-0.10035180496066275,0.02278985301872695,0.03780319392464811,0.022576304414000478,0.06729669880168712,0.005004398294949593,0.0603369982051784,-0.053269195411287974,-0.031089467667496207,0.021212363108847925,0.04010213360294027,0.01656829556996561,-0.004343361959686664,0.043328396399591504,0.040161053363925614,-0.025597112000750294,439.39272584698455,0.06065054928852698,0.04802670050067024,0.0769152264167555,0.012284769085907971,-0.016933115459714366,-0.06994751248258041,-0.043000826349117886,0.06646784723743447,0.05652294157605739,0.019336765047113017,0.005952205937237533,0.04718032986546776,-0.02768743874116868,424.88164459328,425.54798133425436,423.86151036748515,422.2801785342798,428.8285912941822,426.129831188237,423.16251169704236,422.6444355000251,424.54777985557774,425.0947949941916,424.85851133088545,422.44651605800385,425.24040881586336,425.6277109478317,425.31374128655705,426.5685597176709,421.27305844513467,423.3113302260951,421.95171543349596,421.7988765255995,23.758097866101437,64.47716327520999,422.0435396754132,22.044129625478597
2025-01-01 19:45:00-05:00,20.987814429634607,67.52147695887187,21.072157278754446,21.66524331352858,67.68776634372699,21.93427413385124,24.71735937154365,71.40073393886541,23.487078086331405,21.847568969804254,68.87298431358201,21.755465000416866,21.894549615856018,61.0879560843238,22.117286310373828,21.630945945922363,64.24594931300408,20.993945800764706,22.091280065303334,61.49317414013204,22.017906563572765,21.522517511024365,63.172656275795596,21.087526331897802,21.172650169346618,70.24253796396594,20.87919001201696,21.32207702180799,64.67866813231112,21.126869226249376,21.281867435833075,69.16427519996303,21.555590911305575,22.37197849724738,62.60561496149262,22.137505963320585,21.2885141533466,57.317585215443046,21.67334495748597,22.281773444086813,65.93846171376573,22.331746128609065,21.553198305678354,61.91997736689873,21.890601620935527,22.48458183332964,59.95851027239873,22.510306547834155,21.825234568005186,61.82540801629346,21.894863988407746,21.096523342450325,70.25074850614202,20.568650625479656,21.552335013380596,62.66207692534094,21.41505230979012,22.552344938541374,64.00048898094295,22.32078092139845,440.8480135339229,2.9602625931741584,7.952080504337054,263.29725047960545,409.6695432428823,3.9614714461257168,4.897744289305117,207.2219133625939,538.7586597279565,7.760021812796011,16.219956743565966,450.1170968376529,431.50058785237525,4.203359559807356,4.5998011564204,178.60088194446809,430.7255393904019,3.043453226318628,6.019743389732733,175.76344045989782,386.80077326426897,3.1671995948878364,8.229285002507895,220.4313428658523,378.72492619657834,3.7821005883377756,6.826765490092804,264.5657288591059,429.3444666211791,3.6024877722138875,4.361992149208283,279.7142176089641,416.8121931504783,4.250120456678464,8.511973143541372,214.67287739831397,452.37834829647556,4.213594571117089,6.42548555929084,290.1571785864541,367.3004833030323,3.271197053174525,7.269109520090555,220.84988259450742,441.09259051553653,3.267923071348158,7.415167898304277,266.11000854089355,422.4645584282817,3.6506508736378613,7.147324229524912,282.5475913986694,412.0459621200602,3.5182235551210685,5.9063071202099096,169.6594508957901,438.0184710828257,4.220048326038787,5.680014399415758,239.8461687562217,465.39940740102827,4.949796000155293,8.281213259444755,224.86143807503765,477.0427896047119,3.7008411464904207,5.664811557819045,421.514204898855,368.08792053722357,4.467044030250441,7.394210183650186,331.24428971793486,429.2918254387609,3.1929982911255945,6.358737769688248,188.7672518450099,416.06921335013106,4.2051077620162,4.880051808855241,272.42034570192976,0.03162671774712063,0.02776323505101899,-0.013490735030398316,-0.02104412452475104,438.0299779419751,0.04558430618302333,0.02188896528004236,-0.029022822163292,-0.03719824659396071,0.009297131939759664,-0.06824112149026594,-0.006314429757658813,0.08426736331092347,-0.07910465947966694,-0.08683408872924725,0.003179300052489246,0.053054897540139916,-0.030929905737461502,-0.05262284165445579,-0.0050378421850701145,0.03336185126287802,0.07321013068310651,0.04792136831638083,0.0285836978937912,0.01076685679542467,-0.016108960692305458,0.01614357428822885,-0.0037153425768492476,-0.03426173112776686,0.04544238305918918,0.05648833435613392,0.04372441508462187,0.03028069523526224,0.026373634786555685,-0.0829983528403328,0.013325832327710284,0.028200890140091237,0.031044608249861855,0.06340123792767621,-0.017469466169674947,254.47025899009802,255.80915144615818,257.18951281061834,253.2791350775383,258.3695972513067,253.61752285151,257.1009166871549,254.02139355058816,254.3924067941062,255.303548283561,258.1357607269667,256.67719864768605,252.85977222544733,257.27182129030706,256.92962467509153,258.99883231683447,257.5950774677968,258.0333757407726,255.05290103407887,259.45526593817806,21.734611670175607,63.37172287429773,410.5710683829902,21.859551606570694
2025-01-01 20:00:00-05:00,23.559963480392955,64.20389708293659,23.53845843335468,24.148033269266712,58.95189791212307,24.320749464937677,25.198059270096117,58.67024429477231,24.792176169360445,23.10796698058398,63.34482354531432,23.218947068479306,23.91812264742276,60.2489395667493,24.695532156632588,23.71750093815966,61.54783881578253,23.700432161958293,23.86170911086451,59.613545686575144,24.063100733702743,23.676570931354547,61.94186417852413,23.79492811721659,23.962890339660326,69.50700767471658,23.82102778511449,23.362282613650837,65.33415822386586,23.555527864993344,24.040576376844896,59.496047103239505,24.014815970708902,24.39847149096088,57.778449000652785,24.243758504034084,23.09977339378809,64.20644913524461,22.961400379560803,24.714234043066938,57.9791689835464,24.272591783784453,23.499953971924764,58.980517807426985,24.014551759730494,24.040191294102193,62.51376307480457,23.927406939149968,23.290587903632126,61.209217029836445,23.449643797180297,24.123277451800792,59.97517245554267,23.73769548058491,23.61603815535364,63.725522072430664,23.730214510710518,23.290218355473325,64.04275208486015,23.755702381135144,380.62499762020025,2.881316666915002,5.227881564750518,313.11613851171194,434.26918699999436,3.3356327103811902,6.516539258342102,242.39248705410472,409.7593369311652,2.8984387833348215,6.968691854938698,280.59119766115407,438.25877244366075,3.0888755344510095,6.757634488295083,318.590698126534,434.32824339000706,3.0009980203171502,7.085002453890314,183.91054182446905,419.4683581762043,3.52039999642639,6.406673773464237,425.77279729775347,403.0999996541916,4.177115401145159,6.269261434886698,344.80717618958244,410.1574090204573,6.199629193268505,12.538642206201361,411.6038443644937,527.3080883865948,4.370031771798399,5.080595109154711,176.4902039546343,406.3828448302498,4.153477216223078,5.8857022945142345,234.39877303149024,386.3613071041464,2.6201449340800274,5.94085942185028,215.64406648904352,402.5354306921349,2.330624828095988,4.885167015683844,364.058593576296,452.8322717479203,3.9232108389704528,5.498549466246071,243.1337767184783,383.86000380183043,4.809020554006649,7.3767121827678,257.7477864209826,421.3454335147184,3.189263874785775,6.222390607108434,218.0065915998924,409.6204271614235,3.6128044665518884,6.4918288304399105,289.2293901264739,418.5422860133784,2.9844528538878152,7.2854982939607895,239.96190454938005,454.723490345746,2.9329195735475775,7.4186192931643795,275.46252675522754,453.248159718479,3.2375982685315625,5.857151476877607,204.51303310584473,419.91749520000604,3.3229160882920725,6.124440599215921,270.2578421937253,-0.03345202932131885,-0.0406599700266115,-0.04841365648007863,-0.09009905406191542,-0.061564540675285155,0.022258999668263287,0.10271645346650687,-0.003418767751809236,0.017178017571174008,0.04702519743686971,-0.016593906984686598,-0.05914909301555326,0.022883490029354556,0.03056526725445574,-0.03620137804101843,0.05830645932007642,-0.009070827862100115,-0.05089518737274153,0.02094283778846199,0.014539733576841171,-0.008485201571743754,-0.0893075506847419,-0.02185921250645805,0.042847709696609226,0.08209349598830659,-0.005388634237976812,-0.02309397402489043,0.024438787940720772,-0.057394984666158146,-0.018782312476280358,-0.041093231466761915,0.07639962777476222,-0.009466755521084707,-0.010540957846374835,0.02231430943757537,0.0008706276814966151,-0.034590042312034615,-0.0025503933547597383,0.0007411581334616181,0.05577402153935164,363.26194844034376,367.1342369837258,360.7361541575282,363.32546195233994,366.093065618454,364.88424837371485,364.1073206770621,363.79492435404103,362.9292479011197,369.37360851946676,365.76548402996724,365.11614165138866,366.94524718253314,367.5901543220696,366.1336347899074,364.33641196864096,366.17798440958455,365.4525105033749,365.10188876905636,366.22195321525135,23.80985731090735,63.02509332127905,427.97764474471745,0.0399586993197838
2025-01-01 20:15:00-05:00,-2.305843009213694e+18,-7.378697629483821e+18,-9.223372036854776e+17,-2.305843009213694e+18,-7.378697629483821e+18,-9.223372036854776e+17,-2.305843009213694e+18,-7.378697629483821e+18,-9.223372036854776e+17,-2.305843009213694e+18,-7.378697629483821e+18,-9.223372036854776e+17,-2.305843009213694e+18,-7.378697629483821e+18,-9.223372036854776e+17,-9.223372036854776e+17,25.42819305075845,-9.223372036854776e+17,-9.223372036854776e+17,26.422020220443784,-9.223372036854776e+17,-9.223372036854776e+17,25.993426359901207,-9.223372036854776e+17,-9.223372036854776e+17,27.32998663527107,-9.223372036854776e+17,-9.223372036854776e+17,25.703897452821202,-9.223372036854776e+17,-9.223372036854776e+17,23.190490765390308,-9.223372036854776e+17,-9.223372036854776e+17,24.287763197993733,-9.223372036854776e+17,-9.223372036854776e+17,22.581825072657214,-9.223372036854776e+17,-9.223372036854776e+17,24.165012070723385,-9.223372036854776e+17,-9.223372036854776e+17,24.83150222901826,-9.223372036854776e+17,-9.223372036854776e+17,28.223757348390755,-9.223372036854776e+17,-9.223372036854776e+17,26.109646995896686,-9.223372036854776e+17,-9.223372036854776e+17,25.53411030053187,-9.223372036854776e+17,-9.223372036854776e+17,26.17708394737882,-9.223372036854776e+17,-9.223372036854776e+17,19.525325887573835,-9.223372036854776e+17,-1.153437198380043e+20,1.0567535153038599,0.9306969330401602,49.95792575038232,-1.153437198380043e+20,1.0328442423047313,0.9249673900366214,49.992273343681774,-1.153437198380043e+20,1.0890730779438378,0.7679953888179053,50.04831494265349,-1.153437198380043e+20,1.118119364844472,0.9952580492142481,49.977117734958156,-1.153437198380043e+20,0.8950134850691805,1.0711645758134054,49.92525988924564,414.573376459409,1.0245801238481556,1.1265253363640035,50.02174602426394,367.0254554237833,1.0661214955080391,0.7942085221483137,50.00696845611879,401.7272463232798,0.997871219159061,0.9044415342248018,49.97390527303114,432.0846328452163,0.8979299699355324,0.9837311087574835,49.9693006403201,427.2905766179046,1.00683439792555,1.0154351446813707,49.9070890766268,418.81060682411834,1.2356755858334565,1.152191695737955,49.96843166911647,433.29887610507495,0.800876146658785,0.9313379969373796,49.98370295995834,434.84858735720786,0.9550115091191481,0.8702354225042519,49.99298646914514,410.1063652726621,1.2112825057355854,1.0456293481622099,49.939642527430784,414.4750181001008,0.8803726190983632,1.0021548227296966,49.91970697815722,510.8466893689717,0.9766842883848512,0.9317698432165226,50.00262580101748,457.9472754460866,0.9107158763224755,1.204861334202957,50.02016094586205,425.5263550919851,0.8773497277770789,1.0076240265456395,50.014245278245546,404.75755030086043,1.0401520049580326,0.9200525925440471,50.01413228322998,432.2457404424729,1.0015936231735192,0.966222809111388,50.048051983743825,-0.07591336369462202,-0.17099529895768548,-0.01447775474401173,-0.05105824866963646,0.05182059228495398,0.03376504628172894,-0.08385227397318885,-0.049072444095648746,0.06285366087909185,-0.030519781142176378,0.013127419757157,-0.040947396169620225,0.004691053161542679,-0.05516791149814781,0.03105245123941923,-0.016128596535157684,0.0013625724933067267,0.019791301167836336,-0.044985074449367425,0.030062992242595267,-0.029806643220838997,0.0005722726443992281,-0.03698291320985166,0.034937075347441636,-0.0844543932047763,-0.0212959558989526,0.012600704222174878,0.005924696141204531,-0.03386691578758318,0.017112975001696895,0.018426297936277175,-0.07828817898611207,0.026722571970403897,-0.09823839893712183,0.006911228130503016,-0.024395756488609935,-0.019132820605922782,-0.022679989585575346,-0.01891371615234061,-0.11618662558198017,388.111440643663,387.8334817133651,389.3983718514289,389.4254690049433,390.01610879093516,390.4809923806684,387.17639443486814,389.47079875719754,386.6681446543075,388.20391780162686,388.0038594057273,386.8495487468141,386.1986049047479,387.00130749920623,386.79398510900455,385.88999916149214,386.0560829447165,389.4363861568081,387.5077062692036,388.40583214659773,-9.223372036854778e+17,27.302211405616244,457.9013539069742,0.04991602959783842
2025-01-01 20:30:00-05:00,25.001352572436357,55.9914400234201,24.75954305264364,23.87269911345625,48.15625707969967,23.665163827079624,23.743220530278943,53.840147207246645,23.71419748282395,23.699142119786753,53.67608016374667,23.528598682880343,24.261358533968323,52.2927829259263,24.380217107808758,23.878388485719903,54.877659883298236,23.890619221009377,23.617841839808623,53.66859731059387,23.412192510236405,23.64576536586117,54.16612902773835,23.57351229268797,23.9132786164831,60.88811566007957,23.86548392608344,24.26698679537147,47.662582560578606,24.15468558308174,23.444239817109008,58.83671255038046,23.667001920791407,24.101342848783176,53.72003881342324,23.882029077498718,23.843947560091063,51.62042424494407,23.88799879222799,23.728970146563466,57.032704377269,23.42720625527206,24.19308775323545,54.777410481403045,24.21281210977569,24.058788268518505,50.92214106220794,24.146409025891415,23.984501234988418,56.31229471414436,24.167716384388296,23.932118014632724,54.21671877488204,23.861794272657157,23.213893554186587,55.30409278819319,23.28822445303895,24.310690956507454,52.94499618218204,23.76545698914364,459.1408094429372,2.8849603892155358,5.69265279913761,253.94668864275025,412.2113668470222,3.376149679574134,6.987708174626636,334.35860733321715,464.7375065002159,3.0434364462346846,7.5505702875775835,287.44744397728863,404.2624304071115,3.953864752566749,5.761647700544428,393.45057663847064,368.24000272047937,3.182772519474621,6.036639348725564,242.7039682168693,389.964815460074,4.344757839821558,6.062587975223723,252.54056504232247,381.14966207986686,3.47869243059554,5.641016482378593,240.9870214409389,412.4188186503604,4.0951790860305834,8.958839385881358,311.96343703425214,425.2407522038268,5.717237022850368,19.10833155932655,396.0132407730908,443.5918684676109,5.331133686792221,6.099173656574131,232.14594766588496,430.0570775983112,3.265931713602369,7.760330860794985,286.50894878673085,426.9101663379341,3.945026752766361,6.231587683845594,246.96052787531255,424.6564785819016,3.676032837404885,5.466433944328066,284.0209349446742,416.80127483603206,3.402739165943004,6.422884996743052,227.79374122493473,463.0353693654161,2.5429922233206796,10.422049895932622,276.73125514589583,422.2932297397416,3.5626897017692616,8.999483580838827,286.8115144800283,435.6533225311529,3.748033216051349,5.859969258719331,206.5129045416136,450.3683129331084,3.5717712195039613,7.223381352842407,286.88888285071283,466.8163073920058,3.211960369461409,7.294753937267788,206.66334264569073,429.50133023301527,4.350388449916923,5.312785689529059,232.99497865949274,-0.007297368920800188,-0.005496993694524745,-0.04094147997527936,-0.053904815218450655,-0.038165364856658716,0.005914279983281324,0.002978533974376306,0.0024290959918610647,0.07419094718363599,-0.05754454864259017,0.0007974151556264742,-0.08115973497116494,0.038223199655356616,0.046456539242655935,-0.027874142513556344,-0.010251271500882255,-0.04568581370079639,-0.025898598577221883,0.03905833995781466,0.007345617950473446,0.017206099570219582,-0.0321534329494642,0.00012900218060270661,0.010338324982214061,-0.010418912578689892,0.04440376655704156,0.02933447250749882,-0.035439299401269046,0.014020664500556612,-0.045484686557312824,-0.022745884333454605,-0.0471636424617251,-0.11487109881920571,-0.04809440121400991,0.04169935839047618,-0.020326207347077185,-0.06175310129294908,0.010987153087953703,0.0951897717332665,0.05557097623068139,449.3315618572048,452.2208547805765,454.20573943995703,452.0874044935576,452.8444942275357,449.2519526100891,446.44035041109527,448.58850959482544,452.2796246328425,449.59508206307197,452.17167860589836,446.8356908571862,449.99845479958896,450.76932922222784,449.35893164252525,447.2364641177126,450.00599248912533,448.3505875407397,444.004735292361,447.89873135171945,24.181950210450815,54.41738674258598,423.8446704913296,-0.01962966764537552
2025-01-01 20:45:00-05:00,23.24967446154774,61.02770482801023,22.214662814685013,21.963611542897677,69.23653068555552,21.974836437298155,21.302236899232454,65.07166691520617,21.75071936054073,22.116893918591998,60.204347487296886,22.374439582720065,22.874391956044885,62.05614197940975,22.86831114379541,22.307853232119133,64.2276932664207,21.834581829263698,22.896262098301047,48.971320549126965,23.481035035672384,21.280360047858508,62.142772397941165,21.343367807777998,22.0859985783915,60.448657424036185,22.095088229534724,22.746159019050353,57.93235204859544,22.934128551862532,21.729887457636536,63.87794170868497,21.301637969476005,21.786334202074812,68.66996512417828,21.829489042863617,21.835881323302146,65.530628967687,22.384870126672748,22.56618423351953,68.75381309796879,22.58617974808136,21.911107939005532,55.30815198078713,21.94029261158728,23.011865172814595,57.05942625286165,22.81209082511506,22.54466139810758,59.77447486861,22.65931861492473,22.133758459754965,62.96335209760878,22.210673516587274,23.374262798742002,55.85275018704045,23.27748994749248,22.483091765788814,62.51406826446231,21.644952326148957,475.28252487187183,7.169892127160377,12.572563960876774,380.40786458150103,402.6751066825583,3.0054768162272656,5.996164147367662,291.9318351472661,434.0029606324297,3.127618703363432,7.0633227117888975,287.23309436275235,425.07296147019366,3.424548752310523,7.473763502769112,309.6758406960915,423.12441679156245,4.660412414982305,5.733589419792035,246.08945976374198,398.6418155602064,3.4513645927601706,7.437324420920268,261.264291391913,444.77910634647617,3.3563322880451536,5.688389920162567,215.17746458161028,415.79946133812314,3.9876957883421777,6.215702032033738,218.88495998105634,415.4265030201966,2.893972306465673,7.028278456927383,325.2841108332733,429.3762942105409,3.110159499136316,5.407606621321165,233.41517524743114,418.3093787651574,2.3639178815125703,7.035702028322126,208.13200134237601,453.240444716904,3.587565189967475,6.369421051195662,248.7659571264662,407.7704239119123,4.76289537639442,4.858484987824702,249.8637070498956,405.40888057096714,7.9012082824652525,10.782614646050243,386.3784283760708,406.0721237946782,4.587022015097569,4.645642390404093,219.08348284351416,414.141759969747,3.032233261796632,5.605214728397823,231.82069316785515,436.3911740071,3.7417522303306545,6.137892092867116,162.38103929135545,397.11822484526465,3.2511382825873314,6.277323522289514,311.2156859831574,410.4994772835476,3.322206243425195,5.678338822436644,312.43958201782743,445.5020422212629,4.333979884386891,4.457778587763855,235.92900144690137,-0.06270085050242917,-0.008858965099846378,-0.01151044529114656,-0.02475570213174573,0.005601889691743406,-0.04780181306047055,0.02772000887583998,-0.08100507419413322,-0.013399121103819063,-0.06921250699065129,0.0393354329414611,-0.0025713977784582887,0.06173916160496227,-0.06577971206692455,0.020016927976326607,-0.03443399649716973,0.012620876139355683,-0.028984675866223688,-0.07412043533450012,0.023255510405878182,0.032400750742407045,-0.02662642705573235,-0.03212426348809624,0.013229608769786811,0.02801081034981976,-0.043592370464172414,-0.06393758667240751,0.01542503659347325,-0.016228701078199896,0.010521149971054343,0.08760318323457082,0.018172966556680988,0.05362123288438425,0.02029237797517419,-0.0037868482925025636,-0.014869154356530204,0.03820465626294127,0.010471538426301413,-0.12901605104117259,0.044801027852662816,287.2673896430719,289.9097380509973,287.32483358531294,283.05572232042647,290.07785365486694,287.5154994735752,286.8912729809337,285.4606568039968,289.3196049237992,285.7608952643258,289.36146136198516,288.1018763431813,288.07411488745777,287.21179290339984,288.4852957841787,287.0828992220411,285.3259057087478,284.4223288161671,288.42049248769723,289.01249604107676,22.23420013904287,57.93691627464607,403.93371843078364,0.06488705703650675
2025-01-01 21:00:00-05:00,22.117202399142474,59.67678017227225,21.924091989912444,21.81133837970115,58.44971383315807,21.817027754206954,21.284375246766142,51.96592221656203,21.581379614728863,21.515023472434557,52.374878041220235,21.75204518739331,21.78257525770946,49.69557344128661,21.89306252407688,21.919334949589306,54.85122837563739,22.26582739892666,21.05170271126832,56.229744170266365,20.854999046086235,21.48991181058223,54.991581919669215,21.223024639475227,22.680929057616925,48.89470098211639,21.871483035774,22.52615718381876,50.95562892231977,22.175293331841175,22.44444651458657,55.45407730806705,22.390349558635467,21.851972340674923,51.822538262991536,21.786499134736406,21.365496397473144,59.47966589865659,21.39036702424037,21.066217038539925,58.0973456783068,21.324853034095383,19.996745974473466,57.02804987415579,19.87925008819781,20.869254382957937,58.942745782274734,21.5342939337989,21.8680277843639,52.668470292429845,21.855205430219424,21.754269968061642,54.19875106158636,21.91006637634513,21.357606625104353,55.037494655205684,21.54648217200481,21.704280833040283,57.40105503166871,21.73210276765548,449.54378575134024,4.496485934311877,9.012106437220343,438.67084466918766,460.36475313825565,4.616407053067229,5.356507229408824,282.12886067384915,437.4535466331067,3.524132375443158,10.718266532646114,388.5943872149594,435.57408187677555,4.631705813724181,7.107852250688857,350.313764980954,457.04170421998634,4.051134937811358,6.058000684417945,418.37963005506884,402.6704088708332,4.435386751177476,5.339316225046495,278.7796028630249,445.18959332183965,4.938254305991495,8.010769061822598,532.609268401918,441.29237107488626,3.653332284923944,8.6817584631746,362.66011882911926,431.98063167722046,8.64282585296227,13.278877355378375,314.4611423389528,427.42019877863333,4.47366142169068,6.334961850758005,284.27247337148185,446.87218365801925,3.5909910922763673,8.472115063250687,256.8606740689323,399.27024285840685,3.54895503747106,7.003679220802595,389.55665411344677,418.242899833289,5.271232904643724,5.386519550425185,295.02057855065016,462.9573421025264,3.775466753964827,8.433957586942245,390.29181830086435,412.50344432420655,4.124760595954672,6.516269327264344,327.11148153267015,407.3893026732327,3.3974887173653268,6.304262319358615,338.69816246522515,424.08587528713724,2.9857684918569825,6.040211597237893,366.63112546679014,380.94347925712236,5.81648815899526,12.161911041867102,446.65117200655345,343.241851831432,3.25727110832787,6.21420829474817,368.0130702629335,408.05334645068535,4.798543772559639,7.988415259107063,350.8738303326725,0.0073549636614964435,0.008190859678683894,-0.005509544041508836,0.1194177808259339,-0.016214284665024906,-0.01892753824015536,0.07349135953910022,-0.02662070429417008,-0.10125436924412874,-0.04536751176121539,-0.06003015854927096,0.15841199937813055,0.03437117174815312,0.05030263844093809,-0.02006924968569727,-0.02103519333251689,0.011308295243168778,0.035187292113215834,-0.03740816284103092,-0.018604118408766922,-0.06303133150634763,-0.042524486634530706,-0.04709080060648972,0.035112253386165464,0.03948845431548428,0.04277379906029699,-0.04868027010476831,0.04834372772006658,0.02845457235685524,-0.0878544789865595,0.031120750961473004,0.037698081800312755,-0.004105689054986603,-0.013487517476648798,-0.04920249419757475,0.05682682602000754,0.0671275440292523,0.0025354364472785617,0.04336945425507443,-0.029461342892276594,247.45007446629947,247.70868037267698,247.79411647086292,245.50930753656039,247.79655474126204,248.28076578851153,247.536910989667,250.33690589678466,247.66095043153888,248.1173816111671,246.00356850209556,247.21322493905228,246.77703547485325,248.44863951398878,245.70975727573187,250.3405001188665,248.95606451614634,246.55913086799399,250.32564925593314,250.0795825984625,21.62548795340564,57.63295896368267,453.2145524979781,-0.02077615647905435
2025-01-01 21:15:00-05:00,21.785588922773258,62.328058683989696,21.39980827098845,21.922863654126377,65.71087818558443,21.72777321796159,21.570767193233113,68.9767352854177,21.63462110389862,21.492346081077983,71.16231587242548,21.249172923714042,21.96608945291869,69.33057880415211,22.427796753925286,21.800171715806382,65.0049528313807,21.66424489669594,21.797509186802955,66.95477738804692,21.405467199152916,22.27267933830372,67.21987225478745,22.042446993434613,21.725528366277075,66.11425663774071,21.92758453521566,21.27141575920024,70.91813214868925,20.9192633546113,22.14622857553361,72.90173928453785,21.788678427306944,21.865600628317733,64.29700798046372,22.03968139081576,21.29769225855155,68.26459353968303,21.386290590954008,22.256167497981806,64.55448090291014,22.735989882431003,21.629793915995258,58.542467297719945,21.484185440025026,22.4148607812622,66.62130778146793,21.728950970822083,22.229441238387057,63.141701641837024,22.28898830725269,22.242476683923012,65.16849116108928,22.084443400765938,21.723163507983706,64.16631413798639,21.475128173626093,21.633644264506543,63.5356762323038,21.60874972099594,406.2914971978747,3.352399267642598,6.089781079688664,382.33500501544427,436.26157801050147,3.2290937756301195,6.4357681178058375,243.79843961720988,432.9910469040226,2.609017094271803,4.80392778343285,252.61066824984144,459.1567261123925,3.5224469509800547,6.918037886243798,366.60602115157394,455.1795061510799,4.025865865827507,7.02752120367092,381.63013595890095,427.028609184261,6.13001360032277,8.16756830559773,436.01166790280354,396.18240149104287,3.344675277217981,6.171368283619915,499.4596971610611,466.7337954837738,3.2704660514117974,8.847472581517573,243.09934129465134,371.2328291743606,3.2535102723883598,7.450279681036312,528.4276099459273,419.2008577279891,4.116001615663244,4.363208914895519,487.35693557608886,407.69890518709246,3.3226006198333726,9.005438309398793,461.3355434843319,443.8305265361714,4.529077676400816,6.0338592983325015,284.45566646341206,423.8238260373531,3.102403471781781,6.89028134292661,245.54729870928574,433.15702586746113,5.032855930881578,6.450209628883718,315.273773789097,462.81589765028906,3.9416624893176406,5.6271778624194715,314.4860257801317,437.24093522968263,3.911137163618688,5.588902967214578,315.28321343234325,424.0651667447003,3.4426362727233366,6.194725980260434,407.225339542032,411.9589008512974,3.47790288969736,6.560384969282141,340.8541034491857,444.29908945108014,3.6120960512458447,5.773640317536716,420.4903949010861,431.6579950218998,3.3684024464051143,5.575643763981528,358.2352924688317,-0.0012598683284441516,0.0758938979141328,0.049437452406519145,0.04614698965807841,0.03250999423424957,-0.0161460749494319,0.022336398828117374,-0.05809388232122973,-0.019205720030755536,0.03437197532012301,0.08622225510525892,-0.005104415100583478,0.0015719767844932992,-0.061038996501301956,0.021871771351311478,0.026257874938066528,-0.024335900093957367,0.08348646495888189,0.10211194504805565,-0.028571697625060413,-0.016214567277904907,0.026956064223644813,0.09332946725338614,-0.07247636961554194,0.04018774555074836,0.06638998511633475,-0.04245828605690671,0.036937781827067646,0.005410968707116192,0.011764264439349007,-0.009663107191636197,0.040540259739954426,0.02500071734943749,-0.005054911394102957,-0.054592333898445415,-0.012418237260274773,0.014115688223037007,0.03204454651580948,-0.007202642974159551,-0.004642733604851122,251.20882787272893,254.5652380549422,252.06203679482948,249.14340913999226,253.61960973375068,254.03441191599237,250.26174467345956,253.9406479786108,247.57572528461014,252.49033774130532,253.67049091895584,250.4609029326161,250.30991312459008,253.54683891670246,248.23263494889588,251.00972419676532,253.04756152667082,251.80495178588433,250.8142968662161,250.6089163065989,21.886377845522617,67.6260184895497,460.3189391203906,0.06662701122596848
2025-01-01 21:30:00-05:00,25.467108567551975,61.20984001790601,24.042617113277863,23.204403114326126,59.57744017868747,23.47177776086815,22.707065512093077,53.93870106294459,23.122177720539682,23.358844844468447,59.99695311204592,23.172259332585362,23.01460801576468,61.52299602562647,22.6492269626522,23.985847722124834,54.97762730716603,24.195363705461457,22.250495873148132,59.49377686903775,22.795067953743875,23.42673246187174,59.866925035157834,23.04679026465044,23.3881595179651,58.5728495889301,23.23177085440402,22.752691842884,62.44108311731367,22.90172794493672,24.038419108921946,52.20307161070136,23.995086561159592,23.70188579557973,55.359780892914706,23.397356052341586,23.095045929378767,57.319191222138045,23.123149741842944,22.69690061188367,59.14736508689841,22.926369316579102,23.607078425782262,55.09622782974527,23.672235819848378,23.49688652224042,54.37588776832261,24.173921687597442,24.663048131719314,47.931414136727795,24.802240544568026,23.340103273794348,55.560462673615966,23.281587207321106,22.86753395700101,52.66172971876316,22.716384218265468,22.27741650462816,62.808252842397835,22.393255474048868,525.8919751768043,6.5600134118756745,19.45615952325469,542.181030859994,405.9462902654707,3.395123472517533,8.110545286974675,450.8789387838507,437.64363450424395,4.2438886636752216,4.705518233847035,276.12483080688173,452.7077641115132,3.2892940838584512,6.869403847695469,480.45953785264123,463.55046744672984,3.8684138600938542,7.750871955712644,436.63953227035046,407.5991950582543,3.8829733586064696,8.61817544775818,336.145824589621,383.46625213163844,2.8416990322606606,6.650092146719636,416.27278203494666,452.5663521780232,4.184956206063325,5.8483951880968155,500.66371790814014,473.42588989429163,4.340644861525728,8.105064222968938,471.17630249232377,424.38118385259634,3.1953983487404343,6.667013932844396,519.9033926234168,432.2197271080084,5.15739181374839,7.173602773064755,365.79210938552586,482.6148135743203,4.585627962708937,7.100978443483391,455.51215934131346,438.0301363805734,3.4812992965140186,5.102392680078946,425.02327217733057,455.3158911336213,3.2265690628513295,7.612189851600714,543.0393635706208,406.2673627607094,3.040469173136501,6.956466242623501,447.5304840278824,452.6671093266453,3.9639533693929367,7.819031145460928,436.91228995692893,448.3627691802628,3.2759945223537943,5.079037685366562,443.4240125878291,391.5474829573501,3.497388787429583,6.334512657201901,265.2231500686504,453.56836563936633,4.1317743155350275,6.352142372139347,419.9416641728734,470.6198108919179,4.235592091740745,5.409208275181127,430.54879987221375,-0.034730621893981684,-0.0024364016624961013,-0.020430774580186675,0.024215354040750293,0.029771819690462283,0.014627832856757068,-0.09208273403701936,0.010017771893795177,0.08717982512813766,0.02524239908257611,0.06726569120720788,-0.021006422462591517,0.04841379772421743,-0.048716275429025464,-0.05189770329563542,0.03643281750453937,0.03227723401291906,-0.004382798465882231,0.10892989619191139,0.03874181510588203,-0.00946670226750871,-0.12253684638029708,-0.0927422514853003,0.06648402225309478,0.03619588218396282,0.01849142875775961,-0.02757089882451832,0.023996522544196406,-0.06696601187670044,-0.0027591013036008766,-0.07473333182658176,0.07375580504215339,0.0760662846004405,0.013102215756735206,-0.0005904784513814929,0.05719861003165819,-0.13396786142255676,-0.03128685817450965,0.028525255561860238,0.08133909440876168,336.2200708297792,335.64366541804173,336.8038584191464,334.62079321874126,335.8166328741133,336.7448896893982,337.41259316878626,339.64655342495973,337.09228994878407,336.24611928697266,338.54573038375304,338.80757295770707,336.08475117683366,337.4648686074719,334.1056000940164,338.5677486860834,337.447094956938,337.65329419947506,332.84202490336435,334.9396991866255,23.38924856189655,56.314897148448,409.78210409567464,0.1302180214757803
2025-01-01 21:45:00-05:00,22.316072718364122,48.284513661172845,21.758605341322273,22.630137029744542,47.61907591114623,22.89966117420671,22.63046001826398,54.25378592286835,22.485292313756226,21.795756928082504,56.202395939665536,21.79139439984189,22.31757676093548,55.87001306372738,22.227492934974638,22.096109069634796,52.43831970120626,21.735483432472765,21.80322827531475,53.954579035999785,22.04297083843609,22.903250421493475,52.288919126326334,22.95787340457073,22.197543007862304,54.424821111696566,22.454742985953686,22.715640432096798,51.102612728140286,22.94683143559938,22.58250363117551,54.75334683215498,22.257620076294813,23.47505909860521,46.14876860513644,22.91638744709768,22.81391382041952,50.55589263271862,22.914139121380813,22.963353015887705,58.1175272380821,22.901314315692606,21.981237960598143,54.771221143392694,21.682057235046926,22.480801023482535,50.79569951307447,22.550499602003942,22.08667443489934,54.64981752783907,22.1407774877541,22.22858427636064,55.30693721032665,22.575982312189915,22.285783694925353,55.8710705722065,22.206847100604662,22.38598637001648,51.82646828614894,22.339008146334013,389.99111901186285,3.729190525956572,3.7851731434240032,410.70670172738505,412.57791035660176,3.6254861753794683,3.8576867925567084,282.409947614611,461.8262660391251,2.8906175015762847,6.043634067599715,313.44599570581175,405.54912021167996,2.7051261753385325,4.571372003367437,235.03779625207383,447.04973995531003,3.0796600836000083,6.155612071183553,326.6100179936941,431.2065707216495,4.98841394406138,7.1365359557805625,480.6277616616118,394.67939908197224,4.013800920051556,7.018300580391354,262.16303084767276,444.8450210030102,2.485161255606102,3.173914656727828,334.7437839736256,400.51542332850113,2.39633310444396,7.03388395562137,281.9680112955427,422.1422871740527,2.8691237716400035,5.459875036036847,359.60192172575694,439.45652532491386,2.822153214711967,6.57719369068657,428.9247712569429,409.05955660629166,5.309304471675808,5.1028020971538055,293.18411697374745,460.17808554610605,2.8426700125950957,6.423121987464227,326.3646940647304,437.29060589558486,7.711083203528773,12.51406864729484,692.4934189499552,420.83834865603296,2.4664599540915755,4.568532685312325,335.9917272150712,356.5515905482247,3.155184382087232,5.401919919573067,375.575651713103,461.6466253656553,3.962778332545145,5.342934530121241,458.21418970274425,442.9118412501175,3.5138532754114182,5.88310771776342,339.22796461077155,407.45413347670757,2.9437563388945884,7.921055427530595,354.0391121693363,476.5686801973836,2.4094214579017987,4.936925645333362,392.09012034719154,0.007571794328514604,0.03462896960538523,-0.029831537428422636,0.05987357745052371,0.02535189448177501,-0.08819936673624734,-0.06429579716831534,-0.04889185124523291,-0.038162955192387576,0.044166515252491746,0.046758595833968714,0.010845430704586642,0.004807757083507889,0.0068837732166517635,-0.09292671382443016,0.08499155022541202,0.016575585757629106,-0.07874627934888921,-0.06805312820171425,0.07250928496551477,-0.014109649063768215,-0.006922777475328337,0.03269290652998041,0.022498942460936963,0.06597463555705023,-0.08947434776135654,-0.026112742126727463,-0.010032178907757658,0.062038880988924794,0.022037607131120254,-0.053072720311593026,0.03642993022171286,0.018392453371746744,0.022815028545581217,-0.013005821112361739,-0.002683295822558669,0.06783560448113765,-0.01003983722549085,0.0020416868642864484,-0.06549421501686162,279.78137651615845,277.4700074918681,275.48830195337246,276.4393690534852,276.82762321000615,281.8955693923951,272.8198079256746,279.6858938605822,277.63923233916614,279.8481261465891,277.36903727006654,275.06308231378523,278.4736078865977,277.18156203941385,275.66367954740576,274.65725954873045,277.4979500597729,276.989696390208,275.41612008714276,274.85046388048414,22.464216136061097,51.71405198312448,464.2686988534117,0.04651200093597742
2025-01-01 22:00:00-05:00,20.189982920642045,59.098145580942244,20.519512385427213,20.653312116157924,64.42136535630969,20.563512780533078,21.166596252237117,56.73982794324979,21.299764883577634,20.780524830092794,54.17288769862209,20.411627099042025,20.482852086967917,56.348691355133084,20.67365873140782,20.783580229013893,54.68269149793802,20.6172863343055,20.73782921934186,54.57576585662245,21.001620439227928,21.11924497116778,55.96099695977012,21.267087442403053,19.8332655580775,60.17121029725013,20.009994670362293,20.84327915278922,63.0552590475068,20.961219555762025,20.51211929842821,49.67212788784327,20.595571198302665,20.60930693538748,55.01702191376547,20.535900543786465,20.917848268498023,62.095793000002274,20.549584011853185,20.324156738933475,51.49347661176437,20.04411305541901,20.932560024073467,66.57487205934477,21.027380534087737,20.280695974723397,47.994054696863216,20.208632566614874,20.359126899694417,53.39479901658741,20.106512010378346,20.15159708660747,55.326075646455465,20.54547489714618,21.624191163487833,51.119006651549114,21.01937651352993,20.180960911435253,62.758206495010484,20.244301818307076,419.78891378643846,4.917950796821237,7.167752112122481,410.637935974542,444.95162306052595,5.097207873021376,6.65281799266442,420.30518966428434,436.8925137601332,3.3185827858595647,6.688771147149464,348.22271381901464,425.30268681315204,4.748517459418319,6.587773625621855,345.0125539658673,389.54095610314647,3.6854911506175174,6.176647829710409,351.14418058544135,465.0064914060748,4.963504273289908,5.9765289677504265,295.7872084290034,435.17956652272835,3.0046511544552055,6.141536713460054,315.5287670947145,480.35328120518705,4.156656905913852,5.983608305266827,470.8646224504987,415.242111178752,3.191910344865491,5.659484947677584,286.61608252558517,449.6590637379925,4.3956299836124035,6.6423538106490385,287.1739592733409,455.8347332628995,3.635716434636279,5.566542203111807,334.7290548084869,416.8261600216258,4.947984115409905,8.19685715317461,277.39345778180683,410.2556692340459,4.501197395665074,8.587381315701915,369.683146861933,467.7680604248624,4.522600208381491,8.336777918862854,253.27965393599706,453.97464257791813,9.023541119107263,13.266269530966278,339.71075456425126,448.0593611481494,3.717524248175258,7.472357796484937,377.71574640808456,405.274426516361,3.626139786581454,8.303359190311049,333.39782054155876,436.90390449229994,4.440371207975691,10.745726383754555,453.9757198984252,408.7341376230575,3.713335303666354,6.333624981758625,431.66420757895145,409.0130921548972,3.4114046594207843,6.58342917811656,321.1985601341838,0.05194196163866404,0.018854624693709732,0.04436174368285367,0.09169307942080522,-0.058444610679079884,0.02555188431223064,0.06860133630198277,-0.02795024539930284,0.014559920125599556,-0.022990014820145684,0.06325803985907508,-0.057522444004393075,-0.024396126982414126,-0.03058287543370349,-0.02005461002506609,-0.0052030365682219255,0.16066536988167743,0.0020083801102353726,0.06037263169394487,-0.025874977379615485,-0.03375533158113057,-0.0910771653911776,-0.006779993448418666,-0.042306769182971125,0.03805842106266508,0.03060985074424565,0.039838267935381505,-0.08294836205068616,-0.025566132186300928,-0.0006159935147297142,-0.12626130231149835,-0.005993674563387767,0.10558015201984983,0.005805535736447928,0.04284623611293353,-0.010257269819907162,0.005956677943023594,-0.06629095690631767,0.06407420634392787,-0.009102023122782956,64.16989002754607,61.4353710463839,60.80620315855324,62.261389704111984,64.04697032730705,63.45892690476791,62.07858756701885,65.12116960890468,61.217932236193214,59.57725214983426,64.18517444738055,64.05512063159661,62.712354883499955,61.92729132080423,65.19721544793015,62.455341146392264,62.47082994376275,63.50476057559607,61.49706084018578,64.11818070284751,20.676408046628673,55.43491974638316,456.05513554931684,0.030608492613776087
2025-01-01 22:15:00-05:00,21.549929045570863,64.95166653428359,21.641346239116164,22.06079035319516,60.62071846528034,21.934248352991357,21.721218690078526,73.46474145857208,21.059460968044885,21.981320629812128,60.494807532356106,21.712076633902928,21.52061428566987,66.16927636826675,21.00978687814346,21.353205990792866,61.96558743420137,21.536467611816022,21.914184189637545,67.48577590986254,21.92016635080124,22.36010284473566,63.84806517760746,22.061434526830315,22.531490424602598,64.30922051385726,22.41019491642041,21.990934882367682,64.59251682117419,21.427640418727524,22.787251090734323,60.41960552775345,22.264747435270632,21.851996293687417,58.75688209093863,22.064217516133812,21.019779591028776,63.01200635866355,21.30715365493746,22.255873796654367,64.1252077479114,22.354533783415267,21.81448648198076,62.69327376068694,21.830530576594743,22.239791978736683,62.34662335983874,22.38502430718659,21.935892882086357,65.4757438902636,22.32548821492552,21.45632206626839,58.40798408464239,21.507325705827103,21.704893702495188,67.1983798883149,21.962031136457927,22.051673428909098,59.518650583030485,22.263739885484526,404.9869962312777,3.3266804095619658,4.8407821264780955,295.4306273534254,457.9495379029435,3.192393881778555,5.712890478126317,322.13075702089276,520.4730385013747,4.054161057366465,5.579417939485882,339.889108881942,430.9600905982248,3.2308257730959893,5.911462936926641,514.3191636872115,428.07146877662217,3.1051234314060507,8.333552035857497,340.28131306196735,433.61045539423475,3.4030114335092767,7.35028572997753,509.9015288637255,448.7924618184607,3.374942696812248,6.212627121481897,294.0824248082526,470.78319111694367,3.9340093587139036,6.122301460362074,321.04174394898644,417.3485380928355,3.3989653210953334,5.529798749947571,300.50277484143174,426.6921133252714,2.6606834784825457,5.94147497476809,351.1087011341299,441.52594892403346,3.3318566395472304,5.2041177136577295,408.01141443971926,424.76845333536426,3.2550959834587525,5.767268305887051,348.0855614935343,424.4368618754638,3.470857014194981,6.912168710734954,377.0946548088045,419.6980876442799,3.973026044192738,8.549689014725036,501.21102130032176,426.87582426423234,2.8285617754092756,8.738021652222107,443.6716246918204,382.71587262468995,5.647665316510075,13.130731740660416,359.67901180361474,432.3250207691818,2.9786897142609026,5.594857358612869,371.4164150673412,449.79434902753945,2.9626599615994365,6.903479583649512,299.0857832589126,484.26913690013794,3.7603391440071707,4.618000579390257,332.33340836053196,489.237981547897,5.007685821994634,6.846053796926424,315.85793130355415,-0.00549722851554399,-0.06924043633199989,0.034834806488220287,0.026406521387350397,-0.009622841529912628,-0.10064810286219819,0.022013135351914657,0.11298939058283151,-0.015355635912900224,-0.020768229762705325,-0.07763608529224297,-0.05579458214686567,0.006073488340916502,-0.027721370318260104,-0.08940882527123402,-0.013188406636101453,-0.04508302128831382,0.009578045177365794,0.08067713128383554,0.015758348679782007,-0.0666315209841781,-0.034625328788177714,-0.0412917324385568,0.009255698912489172,-0.0577207243580833,-0.032185800045485866,0.011124571062330673,-0.002369743415237767,0.03931510495198515,0.04175282545534799,0.013612358833807396,0.05309916244783222,-0.09398621293958606,-0.1663997680078118,0.04769211347864635,-0.05106691874751343,-0.13271971538163138,-0.012246674258449582,0.020956212341976407,0.03236166809547101,80.5207662668542,81.96664601262694,80.03961131557371,81.80751399314934,77.80517780306167,79.85699310088341,81.37858754305041,79.35321115479293,82.39959206059892,80.04637716596935,80.19560791808364,77.72710910952141,82.00545886059982,81.24690470712376,84.84708396960416,80.68670151794181,80.31455672118169,84.19960812791817,83.19337945545044,80.55980178821387,21.771477316246976,65.46398383097062,416.27498698979144,-0.023655699296817864
2025-01-01 22:30:00-05:00,20.020771102117546,57.01929771563237,19.785800851396598,20.843067706710674,54.54177871855346,20.956909714888948,20.491388281682486,62.268833411038464,20.66395913584129,19.89720320040777,55.07950720609815,20.013820725913995,21.01383554826401,52.69545354422788,20.801887051323863,21.029488393822902,56.478982446700705,20.4025624197388,21.420280637793013,53.37796188657647,21.124053420096576,21.694899833734667,57.07508431258991,21.165358172529853,22.08289557525668,59.70317499051773,22.138682968571274,21.122461685837415,57.18730621298095,20.971325512167084,20.49234840602041,61.68053113398024,20.790538410690754,20.37033647971169,54.51982072007494,20.247067548084207,20.665119457784243,60.80077822904481,21.054978169990495,20.999227479563444,57.45936585598506,21.053745924795248,20.40188693164426,53.755060960411825,20.348983098535694,21.002127790666453,60.46382390028923,21.063867589518196,20.645457256749886,56.991004541554915,20.5797649767824,20.21549266367097,55.06164291546372,20.10267459163505,21.400769265540976,53.68393700767675,21.285804377360314,20.594337075217148,53.53636305418574,20.616900794066765,439.79653335624005,5.103948156003356,8.807898699749465,526.0391745948212,423.40305287812646,3.538342391039805,7.259691690643362,411.8558141694949,450.23791671582717,4.858474179327096,5.687268316565692,408.01185884338804,450.4499055639471,6.553478344621609,5.223877285848406,424.38611369743234,406.8892214275214,5.008032599241215,8.35819930499721,278.2264329129203,382.9872035885536,4.5105218723780895,7.587050150930908,353.9302564544972,446.37581326681476,4.185588534164858,8.268496538369675,515.0845429275644,458.4495964452844,6.712776622713925,9.488097625214431,428.5119058241027,455.82769826363807,6.126560361491379,8.645934578754199,380.66270484335826,402.69755228054277,3.3613227609820737,8.775195237863493,375.49423213041473,443.5778189648763,5.600029282067111,8.966063856223265,570.847266316045,423.3767878696905,5.04580702653499,8.14523405537742,523.7138286297029,388.6853637864426,4.2753187530711685,7.222601959304676,285.0627936706553,440.75520372236326,8.498840072782976,15.945016033134422,448.03756345505303,442.77731314127976,3.916139372165529,9.045828265456526,339.17161330017154,472.3221304624298,4.071433783672866,7.4828554422706155,412.0275916130485,404.5164144326565,4.999194681467246,6.989391310497479,422.5741854020119,412.20953093849425,4.4370637874824475,5.510184913149735,410.76827839486964,422.27646920678876,5.36144538914072,13.767123521850547,346.66830818939246,475.1177189747387,4.423137176310968,9.531020963598886,374.97833950855585,-0.036428114585884616,-0.06450910470966598,-0.012172438941301251,0.07205987278144325,0.08011298391086435,0.020566731094646337,-0.056291364495579324,0.043249941745193116,-0.0036127083415815257,0.08268612205247194,0.0349465161692011,-0.030946255787665213,-0.0159546872921015,-0.076491331229537,-0.0033433601700237335,0.019858129823671217,0.06664522715070818,0.041570459129458934,0.053155873591038905,-0.070453720197392,-0.015213088494801406,-0.010687163334789206,0.017370044301028967,0.065929504559869,-0.022741850021344098,-0.026382939197901245,-0.043557764183429014,0.027714438250331215,-0.04238031981857403,-0.03817471566477719,0.033301754303282353,0.0034903760317547814,-0.015878166231012913,-0.002761143606602132,0.0023913539188033625,0.10723632548814128,-0.08516370327242288,-0.0319074402523196,-0.0710474243872407,0.010485315785585404,64.89687452483592,67.90075712355886,67.51441876128256,63.32723134257373,67.90857953641178,70.24591461773083,71.34241314373074,68.48929500353229,65.2802984510773,68.5840053354079,64.76042522775928,64.3566561904716,68.79503359613085,69.91727227188207,65.39179492206321,67.51525627703239,69.43909929118155,67.18755615747074,65.05926191106396,71.5083109918299,20.87496912583277,52.458144976827946,460.6702044698033,0.09285267350996994
2025-01-01 22:45:00-05:00,24.548919135696725,63.16973565348872,22.74900898461592,21.352707674405465,54.71368129559014,21.665836697983494,22.218942418317067,53.19023380702433,22.063092091441323,21.49101249753558,49.820995920982824,21.38587716465733,21.16875580722642,63.77966875046476,21.01665939776361,22.021963796080072,51.45320259521445,22.30560588288982,21.687531414929474,48.877449544803575,22.07782861857426,22.069893337796373,55.423224900996686,22.009816254370122,21.898384356942973,51.83295416974446,22.091150485790006,21.811242191598883,54.70098030544873,21.782427397982726,22.01053615947438,54.338360708159186,21.78250433692859,22.564806986763543,50.99012607772368,22.940036089451816,21.410600746263743,55.434768158232195,21.225096899965564,21.68170179353259,54.62230795159648,21.694232829259352,22.001506661917812,55.67826463810563,22.01553550785308,21.083750200952153,50.63870177073276,21.18130089779069,22.20827748040646,52.98869768923847,22.356429147256,21.477584040997712,52.547462433568235,21.682183644141194,22.126743012960315,54.45023007050661,21.630962531940604,21.559369821326683,42.00154454392991,21.463117914187382,574.9592611154087,7.476050731292235,10.603945170596232,561.5097649847572,399.98951210972683,3.5367299874172105,9.877066021950737,400.59938003772214,431.4362421513326,2.167131293724424,7.182630748214307,465.2271121833418,416.2106255444942,3.4226768533576237,5.58048761573115,309.94425347091743,426.00079125281434,2.767008799634544,7.9235739525199955,246.95470425956083,375.2253529563755,3.3642344037552907,5.626053640108743,308.0419894315086,431.1040746698556,3.610798754276493,5.181598896201522,270.1586129658441,480.36151506355293,3.2905065547381516,6.095771422591836,370.5530789008052,400.8427023628071,3.436729035548113,8.138954952710968,362.3634623603962,436.6880549589619,3.6337980946133785,5.1864978482219115,322.79487262459367,392.9990696528952,3.2463254384889746,7.456235417758238,291.5691764977105,444.19944221417114,3.4437874946195546,6.169393062184913,609.3325112345564,397.04548307018854,4.1661046516099995,4.924752739506511,398.47385175399785,436.68182542962006,2.746467157099351,6.383901145531004,303.5172658389939,488.6121602546898,2.7709376685494895,5.532157814220327,279.28577375553095,479.2062889165447,3.4871877137697465,7.741196158078866,390.1103866962367,412.1848487783204,2.7771722722014727,5.443418719047184,465.3853451032656,454.50842638971994,2.7007088675115263,5.779308144926628,368.64593623754035,453.6220621875684,2.8926199367688983,5.09461654492034,318.21899704242156,464.9806981886377,4.360271881451077,4.86852408932001,304.42938060590325,0.019997043266295422,0.0576791945597274,0.030045130523907948,-0.03203811401881271,-0.017094302759922502,0.058492295834988085,0.024674836422586763,0.030031766983499297,0.06560694414805875,0.0509891243238289,0.03701982138508132,0.04425105843892649,-0.004292407164545055,-0.01648785858696393,-0.056835120645493356,-0.023442947502472992,-0.04261579550108367,-0.016175813826294873,-0.0033411390403713342,0.09023578975825827,-0.013886100861754761,-0.02028208710752763,0.001720244447358732,0.014513840079999882,-0.08476251605642132,0.01809801865566208,-0.015981303385655312,-0.10794062171228345,-0.044052242814747816,0.037823630749168675,0.03582280443971929,0.013735903913152348,-0.09017335889685857,-0.02581701906810028,0.00128337650132767,0.0007489007829797023,-0.05268334131533645,0.05276795129400848,-0.0732983350672149,0.0026027764569455467,80.743567987191,82.62734095013842,79.70756499287891,80.5834755430213,80.24450497203071,81.20616916559234,78.92485371079216,84.06602160078295,83.37096133087536,79.85967783161611,85.37621664664877,82.64335145835686,81.23385647589173,82.04524172949705,81.49313449703389,80.88569771710262,82.58908352708438,80.5939742944934,80.92920722111808,78.64735311025788,21.771397837300942,53.98726088338695,397.56933556751426,0.04441178609179667
2025-01-01 23:00:00-05:00,20.73875913809703,70.73159383221217,19.53299067712905,19.47094258553837,66.62765289923016,18.973143247287997,18.866299333121372,60.621424981619306,19.252671558887467,19.074899591915912,55.22449396872779,19.28543801295518,19.7090898944499,66.56520984521093,19.174428956664002,19.506967514576907,55.075260686048445,19.305058142002775,19.17392974088556,67.76951924597505,18.716861076503697,19.46332108618304,59.95897212760901,19.326725487124463,18.240352199686402,60.172922576180525,17.644588371068195,19.20272806689323,60.563366752794806,19.53405335854301,19.362285138719617,58.89522942107161,18.93533919930843,18.947450076078987,65.39240216824761,19.218213958852655,20.03676423895671,58.411840152422364,19.71339861235888,18.547207245358145,64.56852344122323,18.035882251623306,20.00594182928059,65.045662283117,20.06123978822891,19.86353052348478,62.757901356564666,20.199865693089055,18.727529543418697,59.13195376102804,18.583212405402175,20.227910399881164,56.74523902045618,20.32677818091757,19.063507718992277,60.54646251883366,18.637440233496545,19.46067458926418,57.293789425768836,19.735529037080425,533.2006583684777,6.920875480992152,12.570191788326078,537.1474015254371,501.47345085085806,5.218620485049696,8.215857960211682,336.11832021389694,428.0364026043465,2.2140926097590685,4.801310480063869,449.3710112021162,450.6278923785358,3.2231698783280014,3.7279571715810684,366.42384693722545,413.1336640073741,2.6911340582610963,6.6792629708443085,301.0931722885217,442.35610930802284,3.814316936623007,3.83359070847368,346.40644078477925,375.71869890413626,3.454514704685696,5.4463827165116285,493.7788017452942,430.5979799630456,3.3275516582141744,3.8110777350155236,305.1848863062099,426.4337187845823,2.2688383682665982,4.755031111386106,337.77643915612975,413.784827192791,2.6135125709879956,3.825712579822245,550.6990700497556,426.81274415959433,3.3126542958999425,3.8268341739822347,294.5971980763761,436.8359057352952,2.6435229610476503,4.99815557784381,379.5288951340396,459.34594086634485,3.542926687793905,3.92992758392264,289.8530440652003,466.6526886927173,2.570179727783095,3.543047228554,257.26271525299666,412.3777214230625,3.1355821668985997,4.429790591852884,484.8113481707859,421.02434429317265,2.4131185892504994,3.9201670345242223,398.3642507819361,434.2095719410196,3.0081656841480138,4.229043275308511,287.04270416231805,396.80802419081294,3.1635281040963483,4.3280563391508515,399.4863677007462,403.2640506022358,3.2781436666091603,4.383466566366679,455.44374762403135,400.9272574845834,2.524320321722566,3.1538064164473694,315.9916613138615,0.022078570854680055,-0.04397333626611876,-0.013101515878919542,-0.04313656688325283,0.05246406128881559,0.04474197753165468,0.015357952676460307,0.06487898625080413,0.012724000712527668,0.03760940611223784,0.04836984623392224,0.016678607626876698,-0.04230473582124985,0.0441923577329086,-0.05623499250831657,-0.03203643954410023,0.026372358500176454,0.044050416318771,-0.09649675677253444,0.05730126059799168,-0.023638040147538196,0.03405740308324389,0.06602650396461954,-0.036602823603005374,0.049815728786778805,0.055270328580087624,-0.11848358276209803,-0.0033502122595355163,-0.04645022384997579,0.02361581380353315,-0.030699610590763926,-0.024711165792607702,0.01571996686664771,0.001531570422424456,0.05323061872437332,-6.110196385722092e-05,-2.047246927503042e-05,-0.07312281992294,-0.010752278558078096,0.09083841011047912,40.517235452614635,39.64943673632766,39.71509520868305,45.11513505313158,39.94068115277266,41.122772810264365,42.55206477453854,45.9598033463992,42.84114859422254,39.21605207531163,39.61733758291653,41.6094095042918,42.161431719663376,41.49211198696908,41.30654995254608,44.766868824854065,43.26754887272657,43.115554756362656,45.5996763766877,40.49417969840083,19.011985001471047,61.069904028039126,412.35700032513313,-0.02302170712389806
2025-01-01 23:15:00-05:00,19.67234019986925,60.89885165216262,19.35445059460904,20.27259563763029,59.517428912487034,19.925783363501058,19.103566557316828,65.28260531209608,19.465389516068306,18.421098276859713,58.83259589224725,19.180465372747484,19.42588609164819,61.58413754973382,19.42514584757022,19.101918178778632,60.6210210480247,19.09850871540677,19.07958979816975,64.34437623068222,18.965155311897885,19.331502239092753,56.94059143352194,18.845046175286484,19.260393052949524,61.776443778550465,19.53734859445712,19.414688685460025,67.69515043480592,19.15473918787349,18.15450310983773,61.85298572136266,17.74740943845127,19.613630690905765,58.62155752250505,19.1715262242791,20.19775270160863,60.556432610885814,20.025776946171376,18.466378295800226,62.5832728424629,18.688231560990506,19.39597959668776,61.8154807523814,19.375296252424647,19.73304168253426,59.50672832200185,19.38783204164034,20.914407765655156,55.06267765850177,20.706437882060353,19.31628711815967,61.823786532562224,18.957404809726693,18.74995837462562,59.55882829692626,19.06288954616828,19.766585546862608,62.225052552791084,19.815183766117006,509.1259102417286,3.570690341731553,7.468650832817101,310.41867308015327,423.3887741102315,3.7211440281279313,6.514391789334632,290.74397719082566,375.03678192696634,4.1971430019583575,5.1407911806027125,386.66527564719786,395.3241908593804,3.388037846585865,5.455104291629062,284.9660554386064,422.5847705062395,3.4121954839561295,5.763888608096252,211.03025434365588,403.3625117017893,4.435000832966401,9.258481155097053,418.86322206747553,400.5985923943155,3.4303170130954888,3.4084332929177728,339.27616344764425,444.11021682375764,3.6099177896732617,5.843274003965959,381.46364742289046,432.80408348935464,4.817435968675867,6.04670107408291,313.29685550596616,458.8859999078069,3.0582997394358573,10.176226561968218,499.1700090300507,410.5927943351292,2.988099771294225,6.36349907016212,289.37607248783877,417.15059836435677,3.56359505251334,8.541280827095642,330.3915426659375,431.43266135684775,3.1233644848582514,7.6365842017891925,267.98420531737133,426.010754109331,3.6056324186163047,8.038983251450624,330.1671112322948,424.5876316916038,2.7421020636035256,4.107565941825627,391.58099029443827,442.3480003406993,3.515994318423204,7.548568414054845,371.3301534065639,420.6808260029832,5.36405756125586,9.20582942762895,424.0316103933076,432.48586171904054,3.108443344362583,6.503976017037017,217.0144767113328,463.65936097311095,2.316019363296858,6.5629707497857925,339.24144802480987,422.6203126287632,4.507528086339819,4.982267578646008,311.52631807570543,-0.014245086088646398,0.018458058082595506,-0.010659248091967069,-0.05157990608107678,-0.0005070737429914251,-0.04478533406750329,-0.12472329926562796,0.02562352593285147,0.10209683657521938,-0.09123772798267793,0.04234452876221931,-0.007966925689803011,0.04995078900013261,0.09391855209743094,0.07360156279038871,0.01617961955007473,-0.12997141604695658,0.03638198284389344,0.004235347511369761,-0.029190236636004892,0.032466615203671445,0.06248325517785726,-0.056725108774470435,-0.0637246189041205,0.059729182402774965,-0.08306880246636437,0.1009857324915914,-0.004740897143464562,-0.07159222822077164,0.054474613860584165,0.06400375768221075,0.007837764673114695,0.0038251045662453793,0.05338465018489528,-0.012246999884418897,0.0929434392176345,-0.05107498852413869,-0.02376133652140385,0.030381580897480383,-0.055409108167963156,44.424564098449466,42.02399277716206,45.24699082225649,48.76886162271906,47.6609451434672,43.63485603737992,47.078360221397055,46.28182813915854,43.09309973338282,44.92818377687612,49.41147657657207,43.63050873262188,46.24409275447798,47.664324586377184,47.02941253469416,48.59629557965949,46.183377155226594,42.52624426879608,46.26268724556395,46.003354833617976,19.06532707557893,61.17779132030752,400.3091278005568,0.07495575478986814
2025-01-01 23:30:00-05:00,19.313851803704907,56.88220427999071,19.476703957101932,20.669394901997542,54.87733768160257,19.68657139231783,19.532675095981713,55.16331604341895,19.44220905316138,20.12236018104073,57.827215986598105,19.50097731590305,19.211653254642098,58.558293917266035,18.71276264047608,18.68356734607395,58.65027469017685,18.649699659773255,19.444037116565504,54.58750858125929,19.724133376422223,18.27619619568033,55.59879087631899,18.305063604633254,19.3485048112099,56.15101359740821,19.029325044302155,19.0515444777973,54.01612016405701,18.83152638033653,19.856046499035553,58.528504098717484,19.968334775917985,19.063244658353046,58.30245838892343,19.575432347257365,19.15465862004868,52.76623280494661,19.171751776404566,19.819693084859605,57.17464023607977,19.27918185432107,18.25426341183853,55.454197507268965,18.794399262885115,19.400776822295942,57.216233313992085,19.42998865212262,19.277567366516603,54.305631532138584,19.396446874958233,18.39672654395164,52.01127183385635,18.659010133496324,19.051678666891817,59.50814334551302,19.313581397948155,18.979361247161044,60.753204906299096,18.586087056467342,447.187035254656,4.574585175722014,10.069356639756892,331.1772412062117,496.8404561769703,9.726707540193097,12.509683614158376,469.8101270685776,408.62111348879597,4.851955699773138,8.142808911154074,426.9239114448143,447.47513336052566,3.910243488429204,11.440772234736475,321.0758340236878,455.51617216830084,5.597022430009763,8.637518078098527,274.08429545271736,425.55362605803674,4.6307287096455125,10.906278678324819,381.5315136532042,438.6678331995251,4.077286252380484,10.738789751811385,270.57012156079423,421.7996577867693,4.582375228972144,9.838303173035591,443.8270153050319,385.3886879466987,5.1036626233491,11.2271921540719,356.14999485747904,482.229507810401,5.518090845104263,10.336604506834869,242.38818122216713,454.4121937253958,4.87366623900215,7.053958417441344,523.6205823024455,428.5164420359661,5.394398807665007,8.334134108518306,354.68475213793283,441.8148034297134,4.6393683482046715,13.34456606043256,248.39593309510997,432.93054523863424,6.648104197162061,12.46807820215265,377.25400563290754,375.1491827246712,3.3742653035832713,12.609786877931572,346.89077374510225,384.2558612090252,4.052082029460665,9.381879833854162,363.9867856284977,423.69032301314644,6.3120278476957346,12.561460303606683,391.33544260380603,444.81589811653737,4.993808391994124,8.906532654147574,258.74665126791984,446.83380738442963,5.634328147018149,10.181952399787027,387.4061513916599,376.2047050422468,3.9491735232978704,9.047428188529935,558.2974063807163,0.06867360541869154,-0.051197273012069666,0.07769344526785807,0.014697421710471621,-0.015488182038300675,0.031180174550191765,-0.10497255222421387,-0.07021540118106516,0.048813752452263576,0.09788488396536478,0.022226835170838944,0.03744326346746682,0.010691131195256356,0.04137796543012967,0.01368590873488654,-0.0195911676135376,-0.02561768043477406,-0.014904013019200017,0.020575007740267715,-0.01764494688791575,-0.06843102001628275,0.09790797451982453,-0.025806962528621948,0.12324466011736653,-0.061018522086437446,0.0028786310437877377,0.0009034526239751748,-0.045733337550679945,-0.07039339447864645,0.0578347443999233,0.07917798714833818,-0.08148142321356364,-0.05460907406306617,-0.0536230853056801,-0.010207572127386932,0.020825306220619896,-0.044497459190917237,-0.026208649610990432,0.0653603962365174,-0.05316783840677716,37.9776802629796,39.50707079000374,39.12149154817972,45.04870956205528,41.22482294480345,42.621946716846104,41.818969085640184,40.69511210781512,40.91597354523224,43.803754567370504,41.61299730224059,43.600930737344086,44.018505463421135,38.92394506923066,42.35053753090097,41.472026185668376,43.09243058699888,38.209445557917554,42.07038431342305,43.18938417318433,18.690060306620044,53.625446161503575,403.81984727776916,0.005494242559530758
2025-01-01 23:45:00-05:00,17.888140589226964,53.96128224916726,17.519121011228833,17.340964531928815,51.36642163792772,17.131189385706385,16.505805817094522,51.37463516886892,16.50095052084194,18.322424811522705,52.276091114835495,17.92916646330073,17.118344819110927,55.44993514722956,16.82222597954163,19.003225550524366,46.345657167385994,19.132253343815766,17.082733053640332,57.26349521100447,16.75436848980632,17.95753827687051,47.066974265567985,17.558610254160524,17.210829641498854,58.861344746643766,17.37168799455966,16.524746040581647,57.92380603148083,16.3802462582621,17.3636716214169,60.19505854714205,17.631025150235168,17.31454650282646,55.134795698841586,17.35226882036313,16.508810747081416,60.031631186490756,16.852612562151283,16.389176589078314,54.17853819075567,17.07764513218834,17.45305820059546,54.36658894055609,17.250640874760048,17.337419728029516,56.60768980861172,16.85020154950818,16.353326010042675,54.67702297601334,16.712623300451956,17.339109999371775,51.23666699888988,17.40413679313695,17.840138538339417,60.79640847897958,17.65871274381222,16.644163411191734,53.12896808327258,16.978755108912615,454.66597168406213,5.205417996357321,10.450576599733322,354.87216823795944,453.353112589405,5.248105696956261,7.033509823184845,286.410419994733,416.41043611674223,5.328089327763814,9.06513632740978,294.0835337629013,404.68531556845335,3.7252824423557036,11.274588484210376,351.78297084068527,469.2308289177427,4.589159981584233,8.121048171909004,367.0038937440079,428.2385288788051,9.666545235333157,11.298062057386254,416.87583989299793,404.32111523255935,2.911990630006908,8.283892050737311,400.8013028752119,473.0086867931807,3.336459809283255,8.826579449527339,470.7102176626028,389.7728551005553,5.944906048695105,7.647594771933042,388.9667580196726,465.5869383989694,4.759446234795208,9.078064205462933,261.26251141547937,422.28172108318233,5.498454620345289,12.31577945192473,328.0466233443515,426.66654480274366,4.4166849573458205,11.029843963955287,351.83862264985544,380.67648734536414,4.613084040973677,10.20944399197624,328.86596111121906,425.9275804310186,5.446451887814938,8.039217794097656,338.90651429842205,410.88837747094345,4.01909711275291,10.147490174213564,315.4000404941037,406.31784591313107,4.840837053857688,10.336765934895286,228.6979918198388,429.50256278059504,3.9251100665017455,10.529929928977467,338.9118132120847,502.2005274128142,5.368304580361137,8.698322158399758,300.0660033948778,453.7526404857087,10.014023635198939,7.904316184633039,359.70862896885984,419.49828698594575,5.046709057284295,5.979644346075584,255.04336445533409,-0.014977029000121586,0.03732179447195351,-0.006891450994230113,-0.13149386920991887,0.00932802955572927,0.03521779040096541,0.015538859887675484,-0.06582485228624521,0.006561954574160567,-0.00459718814463046,0.02022413157846331,0.08543093916230259,0.035526365924192345,0.03423978185291728,-0.07681099869994708,-0.014476227153287556,0.023603357566108773,0.041015279409307694,0.011920778216699107,0.060463147740539604,0.014019660515138518,-0.00037574071942607064,0.05058012071868837,-0.08694579633809867,-0.01899849796070239,0.0995873276215926,0.0496301576744177,0.038020835983214984,0.019030927445983444,-0.047595453546748163,-0.03326822697530718,0.05173646163728374,0.10867544816478239,0.0035131936686894185,-0.06613705115677568,0.02636110237877924,0.04569643106586199,0.03354034630886003,-0.03347050887527764,-0.1256518670557865,35.07199270908917,36.001043566115435,36.38475684620379,35.76101936816334,35.47066622138634,34.15564839252001,32.54821259034275,33.314998186605855,35.25959655059352,33.27220323202246,37.541957825018045,35.77725927562862,34.37530069917407,34.26889997405569,33.189522395482186,33.97766227543543,36.9907143756761,34.82243368689691,34.879970120375056,36.256817803220564,17.629057251090984,51.1021812826159,451.67432049928755,0.033842321760956244
2025-01-02 00:00:00-05:00,-2.305843009213694e+18,-7.378697629483821e+18,-9.223372036854776e+17,-2.305843009213694e+18,-7.378697629483821e+18,-9.223372036854776e+17,-2.305843009213694e+18,-7.378697629483821e+18,-9.223372036854776e+17,-2.305843009213694e+18,-7.378697629483821e+18,-9.223372036854776e+17,-2.305843009213694e+18,-7.378697629483821e+18,-9.223372036854776e+17,-9.223372036854776e+17,25.944010299015872,-9.223372036854776e+17,-9.223372036854776e+17,26.620829333069224,-9.223372036854776e+17,-9.223372036854776e+17,26.17348295805359,-9.223372036854776e+17,-9.223372036854776e+17,22.21153478426772,-9.223372036854776e+17,-9.223372036854776e+17,23.971322379766573,-9.223372036854776e+17,-9.223372036854776e+17,26.241713179265773,-9.223372036854776e+17,-9.223372036854776e+17,26.119127213460196,-9.223372036854776e+17,-9.223372036854776e+17,23.117875966964,-9.223372036854776e+17,-9.223372036854776e+17,27.649178153004186,-9.223372036854776e+17,-9.223372036854776e+17,24.83211180840809,-9.223372036854776e+17,-9.223372036854776e+17,19.89634178113516,-9.223372036854776e+17,-9.223372036854776e+17,26.64838271807744,-9.223372036854776e+17,-9.223372036854776e+17,25.07395133383123,-9.223372036854776e+17,-9.223372036854776e+17,22.644522960825217,-9.223372036854776e+17,-9.223372036854776e+17,22.31938900534992,-9.223372036854776e+17,-1.3835058055282164e+20,1.0031642844095312,1.056644682462899,50.013765716650255,-1.3835058055282164e+20,0.9287538642184032,0.9447708382354251,50.0470659409401,-1.3835058055282164e+20,1.1210346956711175,1.0564975819664835,50.04613870593455,-1.3835058055282164e+20,1.0387888588657292,0.974557961931994,49.91395307994905,-1.3835058055282164e+20,1.0051711325929351,0.9662532343078505,50.09115247739898,473.32654863518883,0.9913580955060256,0.9741777289866672,49.9717813178571,460.586910121411,1.0532911577870598,1.0512715258542964,50.084731642216965,459.3083174205848,1.0479314973034035,0.9230752919848908,50.02069676159065,427.36904650422224,1.153044573403751,1.2576201486034495,49.96837084335663,453.3331133718847,0.8563251591282622,0.9813020633218503,50.01345621427698,471.33072676660186,1.1656549456319416,0.9730618185050293,50.01585653820642,410.0207899441008,0.9130911782926318,0.9658899244481451,50.01431629280725,414.10649330686556,1.0372123451115665,1.0036724081907378,49.95878201735428,405.54368559503104,1.099065256913891,0.9245681094374754,50.013587895344784,416.3447205787977,1.022520526392931,0.9081391332951583,49.98907175571565,436.1430711059506,0.870530964918392,1.1233644922287196,49.9868497472118,411.51664198448606,0.9521798552397442,0.8786316875088752,49.98057231282344,450.19491455364755,1.0659206971406776,0.9964259344814159,50.05255253399748,369.89355252961434,1.1228298997082435,0.8796773280711512,49.982269297837064,432.2892464378224,1.130655511862894,0.9033423325081601,50.02886107347731,0.07439705408636149,0.012371164622061719,-0.020292110925838464,0.06623515476553432,-0.04161023359053547,0.08528879887729805,0.10177134920099583,-0.13549376409144614,-0.004707416272496049,0.008645139589371556,0.059616743856118884,0.03680851720974872,0.024114259634249083,-0.08442522381906328,-0.0024153660198402735,0.030284461057519887,0.011995555512994987,0.04650903924736784,0.023847812996356528,0.008796167335416554,-0.0896865137748116,0.058054232221175374,-0.010248091070643717,0.016845672990013744,-0.08777125513375582,-0.05494904735160288,0.039658556675319236,0.04720959144330012,-0.04637537846874489,0.02585163389282258,0.059075594376909325,-0.05045618408436369,-0.01797155533148635,0.02385217827657648,0.0439283341230171,0.0029865251591385516,0.05936924220850483,-0.06381887549256933,-0.110569167462783,-0.05393325905427503,54.36169684453004,51.59076065025783,43.30027130530108,48.832996923330825,49.820756468272734,48.701288348728916,49.21866609258691,52.31944106405769,50.87573625065221,49.55926663015496,50.259393293319846,45.96430257174684,52.5217263623275,48.23116306561165,49.02462189713392,49.04538350803962,49.08303976286742,48.3426424786927,52.17892162741014,50.43367834294703,-9.223372036854778e+17,29.488773829840994,427.9387872598494,-0.020520158176429323
