time_seconds,time_hours,strain,strain_rate_per_s,stress_mpa,temperature_C,state
0.0,0.0,0.0,3.582991098641635e-26,0.5,1200,green
360.3603603603604,0.1001001001001001,1.29116275393675e-23,3.582962660078613e-26,0.5,1200,green
720.7207207207208,0.2002002002002002,2.5823157559675678e-23,3.58293693037835e-26,0.5,1200,green
1081.081081081081,0.3003003003003003,3.8734599349922275e-23,3.5829136515131304e-26,0.5,1200,green
1441.4414414414416,0.4004004004004004,5.1645961314298766e-23,3.5828925900331924e-26,0.5,1200,green
1801.801801801802,0.5005005005005005,6.455725105647084e-23,3.5828735347255984e-26,0.5,1200,green
2162.162162162162,0.6006006006006006,7.74684754558311e-23,3.582856294496111e-26,0.5,1200,green
2522.5225225225226,0.7007007007007008,9.037964073648833e-23,3.5828406964528186e-26,0.5,1200,green
2882.882882882883,0.8008008008008008,1.0329075252968533e-22,3.5828265841723107e-26,0.5,1200,green
3243.2432432432433,0.9009009009009009,1.162018159302712e-22,3.582813816131e-26,0.5,1200,green
3603.603603603604,1.001001001001001,1.2911283554779475e-22,3.5828022642858654e-26,0.5,1200,green
3963.963963963964,1.1011011011011012,1.4202381555273064e-22,3.5827918127903885e-26,0.5,1200,green
4324.324324324324,1.2012012012012012,1.5493475971830264e-22,3.5827823568327966e-26,0.5,1200,green
4684.684684684685,1.3013013013013013,1.678456714583232e-22,3.5827738015849676e-26,0.5,1200,green
5045.045045045045,1.4014014014014016,1.8075655386142823e-22,3.5827660612514585e-26,0.5,1200,green
5405.405405405406,1.5015015015015016,1.9366740972205141e-22,3.582759058209112e-26,0.5,1200,green
5765.765765765766,1.6016016016016017,2.0657824156844784e-22,3.5827527222286207e-26,0.5,1200,green
6126.126126126126,1.7017017017017018,2.194890516880482e-22,3.58274698977024e-26,0.5,1200,green
6486.486486486487,1.8018018018018018,2.323998421503984e-22,3.582741803346588e-26,0.5,1200,green
6846.846846846847,1.9019019019019021,2.4531061482791346e-22,3.582737110946135e-26,0.5,1200,green
7207.207207207208,2.002002002002002,2.5822137141465487e-22,3.582732865511614e-26,0.5,1200,green
7567.567567567568,2.1021021021021022,2.7113211344331967e-22,3.582729024468112e-26,0.5,1200,green
7927.927927927928,2.2022022022022023,2.8404284230061047e-22,3.5827255492961097e-26,0.5,1200,green
8288.288288288288,2.3023023023023024,2.969535592411421e-22,3.582722405145193e-26,0.5,1200,green
8648.648648648648,2.4024024024024024,3.0986426540002355e-22,3.582719560484561e-26,0.5,1200,green
9009.009009009009,2.5025025025025025,3.2277496180424097e-22,3.58271698678682e-26,0.5,1200,green
9369.36936936937,2.6026026026026026,3.356856493829568e-22,3.582714658241901e-26,0.5,1200,green
9729.729729729732,2.702702702702703,3.4859632897682793e-22,3.5827125514982235e-26,0.5,1200,green
10090.09009009009,2.802802802802803,3.6150700134643585e-22,3.5827106454285213e-26,0.5,1200,green
10450.450450450451,2.902902902902903,3.7441766717991456e-22,3.582708920917966e-26,0.5,1200,green
10810.810810810812,3.0030030030030033,3.873283270998509e-22,3.5827073606724764e-26,0.5,1200,green
11171.171171171172,3.1031031031031033,4.0023898166952846e-22,3.582705949045287e-26,0.5,1200,green
11531.531531531533,3.2032032032032034,4.131496313985762e-22,3.5827046718800363e-26,0.5,1200,green
11891.891891891892,3.3033033033033035,4.260602767480793e-22,3.5827035163688013e-26,0.5,1200,green
12252.252252252252,3.4034034034034035,4.389709181352034e-22,3.5827024709236534e-26,0.5,1200,green
12612.612612612613,3.5035035035035036,4.518815559373774e-22,3.582701525060451e-26,0.5,1200,green
12972.972972972973,3.6036036036036037,4.647921904960791e-22,3.5827006692936994e-26,0.5,1200,green
13333.333333333334,3.7037037037037037,4.777028221202595e-22,3.582699895041428e-26,0.5,1200,green
13693.693693693695,3.8038038038038042,4.906134510894412e-22,3.582699194539126e-26,0.5,1200,green
14054.054054054055,3.9039039039039043,5.035240776565209e-22,3.5826985607618754e-26,0.5,1200,green
14414.414414414416,4.004004004004004,5.164347020503065e-22,3.582697987353906e-26,0.5,1200,green
14774.774774774776,4.104104104104104,5.293453244778111e-22,3.582697468564853e-26,0.5,1200,green
15135.135135135137,4.2042042042042045,5.422559451263293e-22,3.582696999192092e-26,0.5,1200,green
15495.495495495496,4.3043043043043046,5.551665641653148e-22,3.582696574528566e-26,0.5,1200,green
15855.855855855856,4.404404404404405,5.680771817480811e-22,3.582696190315579e-26,0.5,1200,green
16216.216216216217,4.504504504504505,5.809877980133374e-22,3.5826958427000903e-26,0.5,1200,green
16576.576576576575,4.604604604604605,5.938984130865807e-22,3.582695528196073e-26,0.5,1200,green
16936.936936936938,4.704704704704705,6.068090270813542e-22,3.5826952436495535e-26,0.5,1200,green
17297.297297297297,4.804804804804805,6.197196401003852e-22,3.582694986206988e-26,0.5,1200,green
17657.65765765766,4.904904904904905,6.326302522366166e-22,3.5826947532866375e-26,0.5,1200,green
18018.018018018018,5.005005005005005,6.455408635741375e-22,3.582694542552684e-26,0.5,1200,green
18378.378378378377,5.105105105105105,6.584514741890278e-22,3.5826943518918047e-26,0.5,1200,green
18738.73873873874,5.205205205205205,6.713620841501204e-22,3.582694179391975e-26,0.5,1200,green
19099.099099099098,5.305305305305305,6.842726935196916e-22,3.5826940233232974e-26,0.5,1200,green
19459.459459459464,5.405405405405406,6.971833023540856e-22,3.582693882120653e-26,0.5,1200,green
19819.819819819822,5.505505505505506,7.100939107042796e-22,3.582693754368006e-26,0.5,1200,green
20180.18018018018,5.605605605605606,7.230045186163952e-22,3.582693638784201e-26,0.5,1200,green
20540.540540540544,5.705705705705706,7.35915126132161e-22,3.582693534210118e-26,0.5,1200,green
20900.900900900902,5.805805805805806,7.488257332893302e-22,3.5826934395970457e-26,0.5,1200,green
21261.261261261265,5.9059059059059065,7.617363401220606e-22,3.5826933539961666e-26,0.5,1200,green
21621.621621621623,6.0060060060060065,7.746469466612558e-22,3.5826932765490416e-26,0.5,1200,green
21981.981981981982,6.106106106106107,7.87557552934876e-22,3.582693206478999e-26,0.5,1200,green
22342.342342342345,6.206206206206207,8.004681589682181e-22,3.582693143083349e-26,0.5,1200,green
22702.702702702703,6.306306306306307,8.133787647841694e-22,3.582693085726334e-26,0.5,1200,green
23063.063063063066,6.406406406406407,8.26289370403437e-22,3.5826930338327557e-26,0.5,1200,green
23423.423423423425,6.506506506506507,8.391999758447554e-22,3.5826929868822044e-26,0.5,1200,green
23783.783783783783,6.606606606606607,8.52110581125075e-22,3.582692944403841e-26,0.5,1200,green
24144.144144144146,6.706706706706707,8.650211862597318e-22,3.582692905971675e-26,0.5,1200,green
24504.504504504504,6.806806806806807,8.779317912626003e-22,3.582692871200295e-26,0.5,1200,green
24864.864864864867,6.906906906906907,8.908423961462337e-22,3.582692839740998e-26,0.5,1200,green
25225.225225225226,7.007007007007007,9.037530009219896e-22,3.5826928112782986e-26,0.5,1200,green
25585.585585585584,7.107107107107107,9.166636056001434e-22,3.5826927855267605e-26,0.5,1200,green
25945.945945945947,7.207207207207207,9.295742101899928e-22,3.5826927622281376e-26,0.5,1200,green
26306.306306306305,7.307307307307307,9.42484814699948e-22,3.582692741148782e-26,0.5,1200,green
26666.666666666668,7.407407407407407,9.553954191376202e-22,3.5826927220773017e-26,0.5,1200,green
27027.02702702703,7.507507507507508,9.68306023509894e-22,3.58269270482244e-26,0.5,1200,green
27387.38738738739,7.6076076076076085,9.812166278229989e-22,3.582692689211158e-26,0.5,1200,green
27747.74774774775,7.7077077077077085,9.94127232082571e-22,3.5826926750869e-26,0.5,1200,green
28108.10810810811,7.807807807807809,1.0070378362937092e-21,3.5826926623080224e-26,0.5,1200,green
28468.468468468473,7.907907907907909,1.0199484404610274e-21,3.5826926507463725e-26,0.5,1200,green
28828.82882882883,8.008008008008009,1.032859044588699e-21,3.5826926402860064e-26,0.5,1200,green
29189.18918918919,8.108108108108109,1.0457696486805012e-21,3.5826926308220233e-26,0.5,1200,green
29549.549549549552,8.208208208208209,1.0586802527398504e-21,3.5826926222595147e-26,0.5,1200,green
29909.90990990991,8.308308308308309,1.0715908567698375e-21,3.5826926145126115e-26,0.5,1200,green
30270.270270270274,8.408408408408409,1.0845014607732598e-21,3.5826926075036254e-26,0.5,1200,green
30630.630630630632,8.508508508508509,1.0974120647526473e-21,3.582692601162267e-26,0.5,1200,green
30990.99099099099,8.608608608608609,1.1103226687102895e-21,3.5826925954249434e-26,0.5,1200,green
31351.351351351354,8.70870870870871,1.123233272648258e-21,3.582692590234118e-26,0.5,1200,green
31711.711711711712,8.80880880880881,1.1361438765684266e-21,3.582692585537735e-26,0.5,1200,green
32072.072072072075,8.90890890890891,1.1490544804724907e-21,3.5826925812886974e-26,0.5,1200,green
32432.432432432433,9.00900900900901,1.1619650843619842e-21,3.5826925774443935e-26,0.5,1200,green
32792.792792792796,9.10910910910911,1.1748756882382954e-21,3.582692573966272e-26,0.5,1200,green
33153.15315315315,9.20920920920921,1.1877862921026794e-21,3.5826925708194526e-26,0.5,1200,green
33513.51351351351,9.30930930930931,1.2006968959562729e-21,3.5826925679723777e-26,0.5,1200,green
33873.873873873876,9.40940940940941,1.2136074998001035e-21,3.582692565396496e-26,0.5,1200,green
34234.23423423424,9.50950950950951,1.226518103635101e-21,3.5826925630659745e-26,0.5,1200,green
34594.59459459459,9.60960960960961,1.2394287074621066e-21,3.582692560957443e-26,0.5,1200,green
34954.954954954956,9.70970970970971,1.252339311281882e-21,3.582692559049755e-26,0.5,1200,green
35315.31531531532,9.80980980980981,1.265249915095116e-21,3.582692557323781e-26,0.5,1200,green
35675.67567567567,9.90990990990991,1.278160518902431e-21,3.5826925557622114e-26,0.5,1200,green
36036.036036036036,10.01001001001001,1.2910711227043915e-21,3.582692554349386e-26,0.5,1200,green
36396.3963963964,10.11011011011011,1.3039817265015074e-21,3.582692553071137e-26,0.5,1200,green
36756.75675675675,10.21021021021021,1.3168923302942394e-21,3.582692551914645e-26,0.5,1200,green
37117.117117117115,10.31031031031031,1.3298029340830063e-21,3.582692550868313e-26,0.5,1200,green
37477.47747747748,10.41041041041041,1.342713537868185e-21,3.5826925499216466e-26,0.5,1200,green
37837.83783783784,10.51051051051051,1.3556241416501174e-21,3.582692549065153e-26,0.5,1200,green
38198.198198198195,10.61061061061061,1.3685347454291129e-21,3.582692548290244e-26,0.5,1200,green
38558.558558558565,10.710710710710712,1.3814453492054513e-21,3.582692547589147e-26,0.5,1200,green
38918.91891891893,10.810810810810812,1.3943559529793853e-21,3.582692546954832e-26,0.5,1200,green
39279.27927927928,10.910910910910912,1.4072665567511442e-21,3.5826925463809377e-26,0.5,1200,green
39639.639639639645,11.011011011011012,1.4201771605209352e-21,3.582692545861708e-26,0.5,1200,green
40000.00000000001,11.111111111111112,1.4330877642889457e-21,3.582692545391937e-26,0.5,1200,green
40360.36036036036,11.211211211211213,1.4459983680553451e-21,3.582692544966913e-26,0.5,1200,green
40720.720720720725,11.311311311311313,1.4589089718202873e-21,3.582692544582374e-26,0.5,1200,green
41081.08108108109,11.411411411411413,1.4718195755839108e-21,3.582692544234463e-26,0.5,1200,green
41441.44144144144,11.511511511511513,1.4847301793463412e-21,3.5826925439196924e-26,0.5,1200,green
41801.801801801805,11.611611611611613,1.4976407831076923e-21,3.582692543634904e-26,0.5,1200,green
42162.16216216217,11.711711711711713,1.5105513868680668e-21,3.582692543377243e-26,0.5,1200,green
42522.52252252253,11.811811811811813,1.5234619906275578e-21,3.582692543144125e-26,0.5,1200,green
42882.882882882885,11.911911911911913,1.5363725943862492e-21,3.582692542933213e-26,0.5,1200,green
43243.24324324325,12.012012012012013,1.5492831981442176e-21,3.58269254274239e-26,0.5,1200,green
43603.60360360361,12.112112112112113,1.5621938019015316e-21,3.5826925425697433e-26,0.5,1200,green
43963.963963963964,12.212212212212213,1.5751044056582534e-21,3.5826925424135426e-26,0.5,1200,green
44324.32432432433,12.312312312312313,1.5880150094144399e-21,3.58269254227222e-26,0.5,1200,green
44684.68468468469,12.412412412412413,1.6009256131701415e-21,3.582692542144359e-26,0.5,1200,green
45045.04504504505,12.512512512512513,1.613836216925405e-21,3.5826925420286767e-26,0.5,1200,green
45405.40540540541,12.612612612612613,1.6267468206802713e-21,3.582692541924014e-26,0.5,1200,green
45765.76576576577,12.712712712712714,1.6396574244347792e-21,3.582692541829321e-26,0.5,1200,green
46126.12612612613,12.812812812812814,1.6525680281889621e-21,3.5826925417436475e-26,0.5,1200,green
46486.48648648649,12.912912912912914,1.665478631942851e-21,3.582692541666134e-26,0.5,1200,green
46846.84684684685,13.013013013013014,1.6783892356964744e-21,3.5826925415960047e-26,0.5,1200,green
47207.20720720721,13.113113113113114,1.6912998394498574e-21,3.5826925415325555e-26,0.5,1200,green
47567.56756756757,13.213213213213214,1.7042104432030223e-21,3.58269254147515e-26,0.5,1200,green
47927.92792792793,13.313313313313314,1.717121046955991e-21,3.582692541423212e-26,0.5,1200,green
48288.28828828829,13.413413413413414,1.7300316507087813e-21,3.5826925413762217e-26,0.5,1200,green
48648.648648648654,13.513513513513514,1.742942254461411e-21,3.582692541333707e-26,0.5,1200,green
49009.00900900901,13.613613613613614,1.755852858213894e-21,3.582692541295242e-26,0.5,1200,green
49369.36936936937,13.713713713713714,1.7687634619662457e-21,3.582692541260442e-26,0.5,1200,green
49729.729729729734,13.813813813813814,1.781674065718478e-21,3.5826925412289554e-26,0.5,1200,green
50090.09009009009,13.913913913913914,1.794584669470602e-21,3.5826925412004686e-26,0.5,1200,green
50450.45045045045,14.014014014014014,1.8074952732226286e-21,3.5826925411746956e-26,0.5,1200,green
50810.81081081081,14.114114114114114,1.8204058769745668e-21,3.582692541151377e-26,0.5,1200,green
51171.17117117117,14.214214214214214,1.8333164807264248e-21,3.58269254113028e-26,0.5,1200,green
51531.53153153153,14.314314314314315,1.846227084478211e-21,3.582692541111192e-26,0.5,1200,green
51891.89189189189,14.414414414414415,1.8591376882299314e-21,3.582692541093922e-26,0.5,1200,green
52252.252252252256,14.514514514514515,1.8720482919815927e-21,3.582692541078298e-26,0.5,1200,green
52612.61261261261,14.614614614614615,1.8849588957332e-21,3.582692541064162e-26,0.5,1200,green
52972.97297297297,14.714714714714715,1.8978694994847593e-21,3.582692541051372e-26,0.5,1200,green
53333.333333333336,14.814814814814815,1.9107801032362743e-21,3.5826925410398007e-26,0.5,1200,green
53693.69369369369,14.914914914914915,1.9236907069877498e-21,3.5826925410293314e-26,0.5,1200,green
54054.05405405406,15.015015015015017,1.93660131073919e-21,3.582692541019859e-26,0.5,1200,green
54414.41441441442,15.115115115115117,1.9495119144905973e-21,3.582692541011289e-26,0.5,1200,green
54774.77477477478,15.215215215215217,1.962422518241975e-21,3.582692541003536e-26,0.5,1200,green
55135.13513513514,15.315315315315317,1.975333121993326e-21,3.582692540996521e-26,0.5,1200,green
55495.4954954955,15.415415415415417,1.9882437257446537e-21,3.5826925409901745e-26,0.5,1200,green
55855.85585585586,15.515515515515517,2.001154329495959e-21,3.582692540984432e-26,0.5,1200,green
56216.21621621622,15.615615615615617,2.0140649332472447e-21,3.582692540979237e-26,0.5,1200,green
56576.57657657658,15.715715715715717,2.0269755369985122e-21,3.5826925409745366e-26,0.5,1200,green
56936.936936936945,15.815815815815817,2.0398861407497643e-21,3.582692540970284e-26,0.5,1200,green
57297.2972972973,15.915915915915917,2.0527967445010017e-21,3.582692540966436e-26,0.5,1200,green
57657.65765765766,16.016016016016017,2.0657073482522255e-21,3.582692540962955e-26,0.5,1200,green
58018.018018018025,16.116116116116117,2.0786179520034377e-21,3.5826925409598057e-26,0.5,1200,green
58378.37837837838,16.216216216216218,2.091528555754639e-21,3.5826925409569565e-26,0.5,1200,green
58738.73873873874,16.316316316316318,2.1044391595058305e-21,3.582692540954378e-26,0.5,1200,green
59099.099099099105,16.416416416416418,2.1173497632570134e-21,3.5826925409520456e-26,0.5,1200,green
59459.45945945947,16.516516516516518,2.130260367008188e-21,3.5826925409499356e-26,0.5,1200,green
59819.81981981982,16.616616616616618,2.1431709707593554e-21,3.582692540948026e-26,0.5,1200,green
60180.180180180185,16.716716716716718,2.156081574510516e-21,3.5826925409462984e-26,0.5,1200,green
60540.54054054055,16.816816816816818,2.168992178261671e-21,3.5826925409447355e-26,0.5,1200,green
60900.9009009009,16.916916916916918,2.181902782012821e-21,3.582692540943322e-26,0.5,1200,green
61261.261261261265,17.017017017017018,2.1948133857639653e-21,3.5826925409420424e-26,0.5,1200,green
61621.62162162163,17.117117117117118,2.207723989515106e-21,3.5826925409408847e-26,0.5,1200,green
61981.98198198198,17.217217217217218,2.220634593266242e-21,3.582692540939838e-26,0.5,1200,green
62342.342342342345,17.31731731731732,2.233545197017375e-21,3.58269254093889e-26,0.5,1200,green
62702.70270270271,17.41741741741742,2.2464558007685045e-21,3.582692540938033e-26,0.5,1200,green
63063.06306306307,17.51751751751752,2.2593664045196313e-21,3.582692540937257e-26,0.5,1200,green
63423.423423423425,17.61761761761762,2.272277008270755e-21,3.582692540936556e-26,0.5,1200,green
63783.78378378379,17.71771771771772,2.2851876120218766e-21,3.582692540935921e-26,0.5,1200,green
64144.14414414415,17.81781781781782,2.2980982157729963e-21,3.5826925409353464e-26,0.5,1200,green
64504.504504504504,17.91791791791792,2.3110088195241133e-21,3.582692540934827e-26,0.5,1200,green
64864.86486486487,18.01801801801802,2.3239194232752292e-21,3.582692540934357e-26,0.5,1200,green
65225.22522522523,18.11811811811812,2.336830027026343e-21,3.582692540933931e-26,0.5,1200,green
65585.58558558559,18.21821821821822,2.3497406307774557e-21,3.5826925409335464e-26,0.5,1200,green
65945.94594594595,18.31831831831832,2.362651234528567e-21,3.582692540933198e-26,0.5,1200,green
66306.3063063063,18.41841841841842,2.375561838279677e-21,3.582692540932883e-26,0.5,1200,green
66666.66666666667,18.51851851851852,2.388472442030786e-21,3.582692540932598e-26,0.5,1200,green
67027.02702702703,18.61861861861862,2.401383045781894e-21,3.5826925409323405e-26,0.5,1200,green
67387.3873873874,18.71871871871872,2.4142936495330014e-21,3.582692540932107e-26,0.5,1200,green
67747.74774774775,18.81881881881882,2.4272042532841075e-21,3.5826925409318957e-26,0.5,1200,green
68108.1081081081,18.91891891891892,2.440114857035213e-21,3.5826925409317046e-26,0.5,1200,green
68468.46846846848,19.01901901901902,2.4530254607863182e-21,3.582692540931532e-26,0.5,1200,green
68828.82882882883,19.11911911911912,2.465936064537422e-21,3.5826925409313757e-26,0.5,1200,green
69189.18918918919,19.21921921921922,2.478846668288526e-21,3.5826925409312345e-26,0.5,1200,green
69549.54954954956,19.31931931931932,2.4917572720396294e-21,3.5826925409311065e-26,0.5,1200,green
69909.90990990991,19.41941941941942,2.504667875790732e-21,3.5826925409309906e-26,0.5,1200,green
70270.27027027027,19.51951951951952,2.5175784795418345e-21,3.5826925409308855e-26,0.5,1200,green
70630.63063063064,19.61961961961962,2.530489083292937e-21,3.582692540930791e-26,0.5,1200,green
70990.99099099099,19.71971971971972,2.5433996870440385e-21,3.5826925409307053e-26,0.5,1200,green
71351.35135135135,19.81981981981982,2.55631029079514e-21,3.582692540930628e-26,0.5,1200,green
71711.71171171172,19.91991991991992,2.5692208945462413e-21,3.582692540930558e-26,0.5,1200,green
72072.07207207207,20.02002002002002,2.582131498297342e-21,3.582692540930494e-26,0.5,1200,green
72432.43243243243,20.12012012012012,2.5950421020484426e-21,3.5826925409304367e-26,0.5,1200,green
72792.7927927928,20.22022022022022,2.607952705799544e-21,3.5826925409303844e-26,0.5,1200,green
73153.15315315315,20.32032032032032,2.6208633095506436e-21,3.5826925409303374e-26,0.5,1200,green
73513.5135135135,20.42042042042042,2.6337739133017437e-21,3.582692540930295e-26,0.5,1200,green
73873.87387387388,20.52052052052052,2.646684517052844e-21,3.5826925409302564e-26,0.5,1200,green
74234.23423423423,20.62062062062062,2.6595951208039442e-21,3.5826925409302214e-26,0.5,1200,green
74594.5945945946,20.72072072072072,2.6725057245550443e-21,3.58269254093019e-26,0.5,1200,green
74954.95495495496,20.82082082082082,2.6854163283061437e-21,3.582692540930162e-26,0.5,1200,green
75315.31531531531,20.92092092092092,2.6983269320572434e-21,3.582692540930136e-26,0.5,1200,green
75675.67567567568,21.02102102102102,2.711237535808343e-21,3.5826925409301124e-26,0.5,1200,green
76036.03603603604,21.12112112112112,2.7241481395594425e-21,3.582692540930091e-26,0.5,1200,green
76396.39639639639,21.22122122122122,2.7370587433105418e-21,3.582692540930072e-26,0.5,1200,green
76756.75675675676,21.32132132132132,2.749969347061641e-21,3.582692540930055e-26,0.5,1200,green
77117.11711711713,21.421421421421424,2.762879950812741e-21,3.5826925409300395e-26,0.5,1200,green
77477.47747747749,21.521521521521525,2.77579055456384e-21,3.582692540930025e-26,0.5,1200,green
77837.83783783785,21.621621621621625,2.7887011583149396e-21,3.5826925409300125e-26,0.5,1200,green
78198.19819819821,21.721721721721725,2.8016117620660385e-21,3.582692540930001e-26,0.5,1200,green
78558.55855855856,21.821821821821825,2.8145223658171375e-21,3.58269254092999e-26,0.5,1200,green
78918.91891891893,21.921921921921925,2.827432969568237e-21,3.582692540929981e-26,0.5,1200,green
79279.27927927929,22.022022022022025,2.8403435733193354e-21,3.5826925409299723e-26,0.5,1200,green
79639.63963963964,22.122122122122125,2.8532541770704344e-21,3.5826925409299643e-26,0.5,1200,green
80000.00000000001,22.222222222222225,2.8661647808215338e-21,3.5826925409299574e-26,0.5,1200,green
80360.36036036037,22.322322322322325,2.8790753845726324e-21,3.582692540929951e-26,0.5,1200,green
80720.72072072072,22.422422422422425,2.891985988323731e-21,3.5826925409299454e-26,0.5,1200,green
81081.0810810811,22.522522522522525,2.9048965920748303e-21,3.58269254092994e-26,0.5,1200,green
81441.44144144145,22.622622622622625,2.917807195825929e-21,3.5826925409299356e-26,0.5,1200,green
81801.8018018018,22.722722722722725,2.9307177995770275e-21,3.582692540929931e-26,0.5,1200,green
82162.16216216217,22.822822822822825,2.943628403328127e-21,3.5826925409299276e-26,0.5,1200,green
82522.52252252253,22.922922922922925,2.9565390070792254e-21,3.582692540929924e-26,0.5,1200,green
82882.88288288288,23.023023023023026,2.969449610830324e-21,3.5826925409299207e-26,0.5,1200,green
83243.24324324325,23.123123123123126,2.9823602145814234e-21,3.582692540929918e-26,0.5,1200,green
83603.60360360361,23.223223223223226,2.995270818332522e-21,3.5826925409299155e-26,0.5,1200,green
83963.96396396398,23.323323323323326,3.008181422083621e-21,3.582692540929913e-26,0.5,1200,green
84324.32432432433,23.423423423423426,3.0210920258347195e-21,3.582692540929911e-26,0.5,1200,green
84684.68468468469,23.523523523523526,3.034002629585818e-21,3.582692540929909e-26,0.5,1200,green
85045.04504504506,23.623623623623626,3.0469132333369174e-21,3.5826925409299075e-26,0.5,1200,green
85405.40540540541,23.723723723723726,3.059823837088016e-21,3.582692540929906e-26,0.5,1200,green
85765.76576576577,23.823823823823826,3.0727344408391143e-21,3.582692540929904e-26,0.5,1200,green
86126.12612612614,23.923923923923926,3.0856450445902136e-21,3.582692540929903e-26,0.5,1200,green
86486.4864864865,24.024024024024026,3.098555648341312e-21,3.582692540929902e-26,0.5,1200,green
86846.84684684685,24.124124124124126,3.1114662520924104e-21,3.5826925409299006e-26,0.5,1200,green
87207.20720720722,24.224224224224226,3.1243768558435094e-21,3.5826925409299e-26,0.5,1200,green
87567.56756756757,24.324324324324326,3.137287459594608e-21,3.582692540929899e-26,0.5,1200,green
87927.92792792793,24.424424424424426,3.1501980633457066e-21,3.582692540929898e-26,0.5,1200,green
88288.2882882883,24.524524524524526,3.163108667096806e-21,3.5826925409298977e-26,0.5,1200,green
88648.64864864865,24.624624624624627,3.1760192708479045e-21,3.582692540929897e-26,0.5,1200,green
89009.00900900901,24.724724724724727,3.188929874599003e-21,3.5826925409298966e-26,0.5,1200,green
89369.36936936938,24.824824824824827,3.201840478350102e-21,3.582692540929896e-26,0.5,1200,green
89729.72972972973,24.924924924924927,3.2147510821012007e-21,3.5826925409298954e-26,0.5,1200,green
90090.0900900901,25.025025025025027,3.2276616858522996e-21,3.582692540929895e-26,0.5,1200,green
90450.45045045046,25.125125125125127,3.2405722896033982e-21,3.582692540929894e-26,0.5,1200,green
90810.81081081081,25.225225225225227,3.253482893354497e-21,3.582692540929894e-26,0.5,1200,green
91171.17117117118,25.325325325325327,3.2663934971055958e-21,3.5826925409298937e-26,0.5,1200,green
91531.53153153154,25.425425425425427,3.2793041008566944e-21,3.5826925409298937e-26,0.5,1200,green
91891.8918918919,25.525525525525527,3.2922147046077926e-21,3.582692540929893e-26,0.5,1200,green
92252.25225225226,25.625625625625627,3.305125308358892e-21,3.582692540929893e-26,0.5,1200,green
92612.61261261262,25.725725725725727,3.31803591210999e-21,3.5826925409298925e-26,0.5,1200,green
92972.97297297297,25.825825825825827,3.3309465158610888e-21,3.5826925409298925e-26,0.5,1200,green
93333.33333333334,25.925925925925927,3.3438571196121877e-21,3.5826925409298925e-26,0.5,1200,green
93693.6936936937,26.026026026026027,3.3567677233632863e-21,3.5826925409298925e-26,0.5,1200,green
94054.05405405405,26.126126126126128,3.369678327114385e-21,3.582692540929892e-26,0.5,1200,green
94414.41441441442,26.226226226226228,3.382588930865484e-21,3.582692540929892e-26,0.5,1200,green
94774.77477477478,26.326326326326328,3.395499534616582e-21,3.582692540929892e-26,0.5,1200,green
95135.13513513513,26.426426426426428,3.408410138367681e-21,3.582692540929892e-26,0.5,1200,green
95495.4954954955,26.526526526526528,3.42132074211878e-21,3.582692540929892e-26,0.5,1200,green
95855.85585585586,26.626626626626628,3.434231345869879e-21,3.5826925409298914e-26,0.5,1200,green
96216.21621621623,26.726726726726728,3.447141949620977e-21,3.5826925409298914e-26,0.5,1200,green
96576.57657657658,26.826826826826828,3.460052553372076e-21,3.5826925409298914e-26,0.5,1200,green
96936.93693693694,26.926926926926928,3.4729631571231744e-21,3.5826925409298914e-26,0.5,1200,green
97297.29729729731,27.027027027027028,3.485873760874274e-21,3.5826925409298914e-26,0.5,1200,green
97657.65765765766,27.127127127127128,3.498784364625372e-21,3.5826925409298914e-26,0.5,1200,green
98018.01801801802,27.227227227227228,3.511694968376471e-21,3.5826925409298914e-26,0.5,1200,green
98378.37837837839,27.32732732732733,3.5246055721275695e-21,3.5826925409298914e-26,0.5,1200,green
98738.73873873874,27.42742742742743,3.537516175878668e-21,3.5826925409298914e-26,0.5,1200,green
99099.0990990991,27.52752752752753,3.550426779629767e-21,3.5826925409298914e-26,0.5,1200,green
99459.45945945947,27.62762762762763,3.563337383380866e-21,3.5826925409298914e-26,0.5,1200,green
99819.81981981982,27.72772772772773,3.576247987131965e-21,3.582692540929891e-26,0.5,1200,green
100180.18018018018,27.82782782782783,3.5891585908830625e-21,3.582692540929891e-26,0.5,1200,green
100540.54054054055,27.92792792792793,3.602069194634162e-21,3.582692540929891e-26,0.5,1200,green
100900.9009009009,28.02802802802803,3.6149797983852604e-21,3.582692540929891e-26,0.5,1200,green
101261.26126126126,28.12812812812813,3.627890402136359e-21,3.582692540929891e-26,0.5,1200,green
101621.62162162163,28.22822822822823,3.640801005887458e-21,3.582692540929891e-26,0.5,1200,green
101981.98198198198,28.32832832832833,3.653711609638556e-21,3.582692540929891e-26,0.5,1200,green
102342.34234234234,28.42842842842843,3.666622213389655e-21,3.582692540929891e-26,0.5,1200,green
102702.7027027027,28.52852852852853,3.679532817140754e-21,3.582692540929891e-26,0.5,1200,green
103063.06306306306,28.62862862862863,3.692443420891853e-21,3.582692540929891e-26,0.5,1200,green
103423.42342342343,28.72872872872873,3.705354024642951e-21,3.582692540929891e-26,0.5,1200,green
103783.78378378379,28.82882882882883,3.71826462839405e-21,3.582692540929891e-26,0.5,1200,green
104144.14414414414,28.92892892892893,3.7311752321451485e-21,3.582692540929891e-26,0.5,1200,green
104504.50450450451,29.02902902902903,3.744085835896248e-21,3.582692540929891e-26,0.5,1200,green
104864.86486486487,29.12912912912913,3.7569964396473465e-21,3.582692540929891e-26,0.5,1200,green
105225.22522522522,29.22922922922923,3.769907043398444e-21,3.582692540929891e-26,0.5,1200,green
105585.58558558559,29.32932932932933,3.782817647149544e-21,3.582692540929891e-26,0.5,1200,green
105945.94594594595,29.42942942942943,3.795728250900642e-21,3.582692540929891e-26,0.5,1200,green
106306.3063063063,29.52952952952953,3.808638854651741e-21,3.582692540929891e-26,0.5,1200,green
106666.66666666667,29.62962962962963,3.8215494584028394e-21,3.582692540929891e-26,0.5,1200,green
107027.02702702703,29.72972972972973,3.834460062153938e-21,3.582692540929891e-26,0.5,1200,green
107387.38738738738,29.82982982982983,3.847370665905037e-21,3.582692540929891e-26,0.5,1200,green
107747.74774774777,29.929929929929934,3.860281269656137e-21,3.582692540929891e-26,0.5,1200,green
108108.10810810812,30.030030030030034,3.8731918734072346e-21,3.582692540929891e-26,0.5,1200,green
108468.46846846848,30.130130130130134,3.886102477158333e-21,3.582692540929891e-26,0.5,1200,green
108828.82882882885,30.230230230230234,3.8990130809094325e-21,3.582692540929891e-26,0.5,1200,green
109189.1891891892,30.330330330330334,3.911923684660531e-21,3.582692540929891e-26,0.5,1200,green
109549.54954954956,30.430430430430434,3.92483428841163e-21,3.582692540929891e-26,0.5,1200,green
109909.90990990993,30.530530530530534,3.937744892162728e-21,3.582692540929891e-26,0.5,1200,green
110270.27027027028,30.630630630630634,3.950655495913827e-21,3.582692540929891e-26,0.5,1200,green
110630.63063063064,30.730730730730734,3.9635660996649255e-21,3.582692540929891e-26,0.5,1200,green
110990.990990991,30.830830830830834,3.976476703416025e-21,3.582692540929891e-26,0.5,1200,green
111351.35135135136,30.930930930930934,3.9893873071671234e-21,3.582692540929891e-26,0.5,1200,green
111711.71171171172,31.031031031031034,4.002297910918222e-21,3.582692540929891e-26,0.5,1200,green
112072.07207207209,31.131131131131134,4.0152085146693206e-21,3.582692540929891e-26,0.5,1200,green
112432.43243243244,31.231231231231234,4.028119118420419e-21,3.582692540929891e-26,0.5,1200,green
112792.79279279281,31.331331331331334,4.0410297221715185e-21,3.582692540929891e-26,0.5,1200,green
113153.15315315317,31.431431431431434,4.053940325922616e-21,3.582692540929891e-26,0.5,1200,green
113513.51351351352,31.531531531531535,4.066850929673715e-21,3.582692540929891e-26,0.5,1200,green
113873.87387387389,31.631631631631635,4.079761533424814e-21,3.582692540929891e-26,0.5,1200,green
114234.23423423425,31.731731731731735,4.092672137175913e-21,3.582692540929891e-26,0.5,1200,green
114594.5945945946,31.831831831831835,4.1055827409270115e-21,3.582692540929891e-26,0.5,1200,green
114954.95495495497,31.931931931931935,4.11849334467811e-21,3.582692540929891e-26,0.5,1200,green
115315.31531531533,32.032032032032035,4.131403948429209e-21,3.582692540929891e-26,0.5,1200,green
115675.67567567568,32.132132132132135,4.144314552180307e-21,3.582692540929891e-26,0.5,1200,green
116036.03603603605,32.232232232232235,4.157225155931407e-21,3.582692540929891e-26,0.5,1200,green
116396.3963963964,32.332332332332335,4.170135759682505e-21,3.582692540929891e-26,0.5,1200,green
116756.75675675676,32.432432432432435,4.183046363433604e-21,3.582692540929891e-26,0.5,1200,green
117117.11711711713,32.532532532532535,4.1959569671847024e-21,3.582692540929891e-26,0.5,1200,green
117477.47747747749,32.632632632632635,4.208867570935801e-21,3.582692540929891e-26,0.5,1200,green
117837.83783783784,32.732732732732735,4.2217781746868996e-21,3.582692540929891e-26,0.5,1200,green
118198.19819819821,32.832832832832835,4.234688778437999e-21,3.582692540929891e-26,0.5,1200,green
118558.55855855856,32.932932932932935,4.247599382189097e-21,3.582692540929891e-26,0.5,1200,green
118918.91891891893,33.033033033033036,4.260509985940196e-21,3.582692540929891e-26,0.5,1200,green
119279.27927927929,33.133133133133136,4.273420589691295e-21,3.582692540929891e-26,0.5,1200,green
119639.63963963964,33.233233233233236,4.286331193442393e-21,3.582692540929891e-26,0.5,1200,green
120000.00000000001,33.333333333333336,4.299241797193492e-21,3.582692540929891e-26,0.5,1200,green
120360.36036036037,33.433433433433436,4.3121524009445905e-21,3.582692540929891e-26,0.5,1200,green
120720.72072072072,33.533533533533536,4.325063004695689e-21,3.582692540929891e-26,0.5,1200,green
121081.0810810811,33.633633633633636,4.3379736084467884e-21,3.582692540929891e-26,0.5,1200,green
121441.44144144145,33.733733733733736,4.350884212197887e-21,3.582692540929891e-26,0.5,1200,green
121801.8018018018,33.833833833833836,4.3637948159489856e-21,3.582692540929891e-26,0.5,1200,green
122162.16216216217,33.933933933933936,4.376705419700084e-21,3.582692540929891e-26,0.5,1200,green
122522.52252252253,34.034034034034036,4.389616023451183e-21,3.582692540929891e-26,0.5,1200,green
122882.88288288288,34.134134134134136,4.4025266272022814e-21,3.582692540929891e-26,0.5,1200,green
123243.24324324325,34.234234234234236,4.415437230953381e-21,3.582692540929891e-26,0.5,1200,green
123603.60360360361,34.334334334334336,4.428347834704479e-21,3.582692540929891e-26,0.5,1200,green
123963.96396396396,34.434434434434436,4.441258438455577e-21,3.582692540929891e-26,0.5,1200,green
124324.32432432433,34.53453453453454,4.4541690422066765e-21,3.582692540929891e-26,0.5,1200,green
124684.68468468469,34.63463463463464,4.467079645957775e-21,3.582692540929891e-26,0.5,1200,green
125045.04504504506,34.73473473473474,4.4799902497088745e-21,3.582692540929891e-26,0.5,1200,green
125405.40540540541,34.83483483483484,4.492900853459972e-21,3.582692540929891e-26,0.5,1200,green
125765.76576576577,34.93493493493494,4.505811457211071e-21,3.582692540929891e-26,0.5,1200,green
126126.12612612614,35.03503503503504,4.51872206096217e-21,3.582692540929891e-26,0.5,1200,green
126486.4864864865,35.13513513513514,4.531632664713269e-21,3.582692540929891e-26,0.5,1200,green
126846.84684684685,35.23523523523524,4.5445432684643674e-21,3.582692540929891e-26,0.5,1200,green
127207.20720720722,35.33533533533534,4.557453872215466e-21,3.582692540929891e-26,0.5,1200,green
127567.56756756757,35.43543543543544,4.5703644759665646e-21,3.582692540929891e-26,0.5,1200,green
127927.92792792793,35.53553553553554,4.583275079717663e-21,3.582692540929891e-26,0.5,1200,green
128288.2882882883,35.63563563563564,4.5961856834687626e-21,3.582692540929891e-26,0.5,1200,green
128648.64864864865,35.73573573573574,4.609096287219861e-21,3.582692540929891e-26,0.5,1200,green
129009.00900900901,35.83583583583584,4.622006890970959e-21,3.582692540929891e-26,0.5,1200,green
129369.36936936938,35.93593593593594,4.634917494722058e-21,3.582692540929891e-26,0.5,1200,green
129729.72972972973,36.03603603603604,4.647828098473157e-21,3.582692540929891e-26,0.5,1200,green
130090.09009009009,36.13613613613614,4.6607387022242555e-21,3.582692540929891e-26,0.5,1200,green
130450.45045045046,36.23623623623624,4.673649305975354e-21,3.582692540929891e-26,0.5,1200,green
130810.81081081081,36.33633633633634,4.686559909726453e-21,3.582692540929891e-26,0.5,1200,green
131171.17117117118,36.43643643643644,4.699470513477552e-21,3.582692540929891e-26,0.5,1200,green
131531.53153153154,36.53653653653654,4.712381117228651e-21,3.582692540929891e-26,0.5,1200,green
131891.8918918919,36.63663663663664,4.725291720979749e-21,3.582692540929891e-26,0.5,1200,green
132252.25225225225,36.73673673673674,4.738202324730848e-21,3.582692540929891e-26,0.5,1200,green
132612.6126126126,36.83683683683684,4.7511129284819464e-21,3.582692540929891e-26,0.5,1200,green
132972.972972973,36.93693693693694,4.764023532233046e-21,3.582692540929891e-26,0.5,1200,green
133333.33333333334,37.03703703703704,4.776934135984144e-21,3.582692540929891e-26,0.5,1200,green
133693.6936936937,37.13713713713714,4.789844739735243e-21,3.582692540929891e-26,0.5,1200,green
134054.05405405405,37.23723723723724,4.8027553434863416e-21,3.582692540929891e-26,0.5,1200,green
134414.4144144144,37.33733733733734,4.8156659472374394e-21,3.582692540929891e-26,0.5,1200,green
134774.7747747748,37.43743743743744,4.8285765509885395e-21,3.582692540929891e-26,0.5,1200,green
135135.13513513515,37.53753753753754,4.841487154739638e-21,3.582692540929891e-26,0.5,1200,green
135495.4954954955,37.63763763763764,4.854397758490737e-21,3.582692540929891e-26,0.5,1200,green
135855.85585585586,37.73773773773774,4.8673083622418345e-21,3.582692540929891e-26,0.5,1200,green
136216.2162162162,37.83783783783784,4.880218965992933e-21,3.582692540929891e-26,0.5,1200,green
136576.57657657657,37.93793793793794,4.893129569744032e-21,3.582692540929891e-26,0.5,1200,green
136936.93693693695,38.03803803803804,4.906040173495132e-21,3.582692540929891e-26,0.5,1200,green
137297.2972972973,38.13813813813814,4.91895077724623e-21,3.582692540929891e-26,0.5,1200,green
137657.65765765766,38.23823823823824,4.931861380997328e-21,3.582692540929891e-26,0.5,1200,green
138018.01801801802,38.33833833833834,4.944771984748427e-21,3.582692540929891e-26,0.5,1200,green
138378.37837837837,38.43843843843844,4.9576825884995254e-21,3.582692540929891e-26,0.5,1200,green
138738.73873873873,38.53853853853854,4.970593192250624e-21,3.582692540929891e-26,0.5,1200,green
139099.0990990991,38.63863863863864,4.983503796001723e-21,3.582692540929891e-26,0.5,1200,green
139459.45945945947,38.73873873873874,4.996414399752822e-21,3.582692540929891e-26,0.5,1200,green
139819.81981981982,38.83883883883884,5.0093250035039206e-21,3.582692540929891e-26,0.5,1200,green
140180.18018018018,38.93893893893894,5.022235607255019e-21,3.582692540929891e-26,0.5,1200,green
140540.54054054053,39.03903903903904,5.035146211006118e-21,3.582692540929891e-26,0.5,1200,green
140900.9009009009,39.13913913913914,5.048056814757216e-21,3.582692540929891e-26,0.5,1200,green
141261.26126126127,39.23923923923924,5.060967418508316e-21,3.582692540929891e-26,0.5,1200,green
141621.62162162163,39.33933933933934,5.073878022259414e-21,3.582692540929891e-26,0.5,1200,green
141981.98198198198,39.43943943943944,5.086788626010513e-21,3.582692540929891e-26,0.5,1200,green
142342.34234234234,39.53953953953954,5.0996992297616115e-21,3.582692540929891e-26,0.5,1200,green
142702.7027027027,39.63963963963964,5.11260983351271e-21,3.582692540929891e-26,0.5,1200,green
143063.06306306308,39.73973973973974,5.1255204372638094e-21,3.582692540929891e-26,0.5,1200,green
143423.42342342343,39.83983983983984,5.138431041014908e-21,3.582692540929891e-26,0.5,1200,green
143783.7837837838,39.93993993993994,5.1513416447660066e-21,3.582692540929891e-26,0.5,1200,green
144144.14414414414,40.04004004004004,5.164252248517105e-21,3.582692540929891e-26,0.5,1200,green
144504.5045045045,40.14014014014014,5.177162852268204e-21,3.582692540929891e-26,0.5,1200,green
144864.86486486485,40.24024024024024,5.1900734560193016e-21,3.582692540929891e-26,0.5,1200,green
145225.22522522524,40.34034034034034,5.202984059770402e-21,3.582692540929891e-26,0.5,1200,green
145585.5855855856,40.44044044044044,5.2158946635215e-21,3.582692540929891e-26,0.5,1200,green
145945.94594594595,40.54054054054054,5.228805267272599e-21,3.582692540929891e-26,0.5,1200,green
146306.3063063063,40.64064064064064,5.241715871023697e-21,3.582692540929891e-26,0.5,1200,green
146666.66666666666,40.74074074074074,5.254626474774795e-21,3.582692540929891e-26,0.5,1200,green
147027.027027027,40.84084084084084,5.267537078525894e-21,3.582692540929891e-26,0.5,1200,green
147387.3873873874,40.94094094094094,5.280447682276994e-21,3.582692540929891e-26,0.5,1200,green
147747.74774774775,41.04104104104104,5.293358286028092e-21,3.582692540929891e-26,0.5,1200,green
148108.1081081081,41.14114114114114,5.3062688897791905e-21,3.582692540929891e-26,0.5,1200,green
148468.46846846846,41.24124124124124,5.319179493530289e-21,3.582692540929891e-26,0.5,1200,green
148828.82882882882,41.34134134134134,5.332090097281388e-21,3.582692540929891e-26,0.5,1200,green
149189.1891891892,41.44144144144144,5.345000701032487e-21,3.582692540929891e-26,0.5,1200,green
149549.54954954956,41.54154154154154,5.3579113047835856e-21,3.582692540929891e-26,0.5,1200,green
149909.9099099099,41.64164164164164,5.370821908534684e-21,3.582692540929891e-26,0.5,1200,green
150270.27027027027,41.74174174174174,5.383732512285783e-21,3.582692540929891e-26,0.5,1200,green
150630.63063063062,41.84184184184184,5.396643116036881e-21,3.582692540929891e-26,0.5,1200,green
150990.99099099098,41.94194194194194,5.40955371978798e-21,3.582692540929891e-26,0.5,1200,green
151351.35135135136,42.04204204204204,5.422464323539079e-21,3.582692540929891e-26,0.5,1200,green
151711.71171171172,42.14214214214214,5.435374927290178e-21,3.582692540929891e-26,0.5,1200,green
152072.07207207207,42.24224224224224,5.4482855310412765e-21,3.582692540929891e-26,0.5,1200,green
152432.43243243243,42.34234234234234,5.461196134792375e-21,3.582692540929891e-26,0.5,1200,green
152792.79279279278,42.44244244244244,5.474106738543474e-21,3.582692540929891e-26,0.5,1200,green
153153.15315315314,42.54254254254254,5.487017342294572e-21,3.582692540929891e-26,0.5,1200,green
153513.51351351352,42.64264264264264,5.4999279460456716e-21,3.582692540929891e-26,0.5,1200,green
153873.8738738739,42.74274274274275,5.512838549796771e-21,3.582692540929891e-26,0.5,1200,green
154234.23423423426,42.84284284284285,5.5257491535478696e-21,3.582692540929891e-26,0.5,1200,green
154594.59459459462,42.94294294294295,5.538659757298968e-21,3.582692540929891e-26,0.5,1200,green
154954.95495495497,43.04304304304305,5.551570361050067e-21,3.582692540929891e-26,0.5,1200,green
155315.31531531533,43.14314314314315,5.564480964801165e-21,3.582692540929891e-26,0.5,1200,green
155675.6756756757,43.24324324324325,5.577391568552265e-21,3.582692540929891e-26,0.5,1200,green
156036.03603603606,43.34334334334335,5.590302172303363e-21,3.582692540929891e-26,0.5,1200,green
156396.39639639642,43.44344344344345,5.603212776054462e-21,3.582692540929891e-26,0.5,1200,green
156756.75675675677,43.54354354354355,5.6161233798055605e-21,3.582692540929891e-26,0.5,1200,green
157117.11711711713,43.64364364364365,5.629033983556659e-21,3.582692540929891e-26,0.5,1200,green
157477.47747747749,43.74374374374375,5.641944587307758e-21,3.582692540929891e-26,0.5,1200,green
157837.83783783787,43.84384384384385,5.654855191058857e-21,3.582692540929891e-26,0.5,1200,green
158198.19819819822,43.94394394394395,5.6677657948099556e-21,3.582692540929891e-26,0.5,1200,green
158558.55855855858,44.04404404404405,5.680676398561054e-21,3.582692540929891e-26,0.5,1200,green
158918.91891891893,44.14414414414415,5.693587002312153e-21,3.582692540929891e-26,0.5,1200,green
159279.2792792793,44.24424424424425,5.706497606063251e-21,3.582692540929891e-26,0.5,1200,green
159639.63963963967,44.34434434434435,5.719408209814351e-21,3.582692540929891e-26,0.5,1200,green
160000.00000000003,44.44444444444445,5.732318813565449e-21,3.582692540929891e-26,0.5,1200,green
160360.36036036038,44.54454454454455,5.745229417316548e-21,3.582692540929891e-26,0.5,1200,green
160720.72072072074,44.64464464464465,5.7581400210676465e-21,3.582692540929891e-26,0.5,1200,green
161081.0810810811,44.74474474474475,5.771050624818744e-21,3.582692540929891e-26,0.5,1200,green
161441.44144144145,44.84484484484485,5.783961228569843e-21,3.582692540929891e-26,0.5,1200,green
161801.80180180183,44.94494494494495,5.796871832320943e-21,3.582692540929891e-26,0.5,1200,green
162162.1621621622,45.04504504504505,5.8097824360720416e-21,3.582692540929891e-26,0.5,1200,green
162522.52252252254,45.14514514514515,5.8226930398231395e-21,3.582692540929891e-26,0.5,1200,green
162882.8828828829,45.24524524524525,5.835603643574238e-21,3.582692540929891e-26,0.5,1200,green
163243.24324324325,45.34534534534535,5.848514247325337e-21,3.582692540929891e-26,0.5,1200,green
163603.6036036036,45.44544544544545,5.861424851076435e-21,3.582692540929891e-26,0.5,1200,green
163963.963963964,45.54554554554555,5.8743354548275346e-21,3.582692540929891e-26,0.5,1200,green
164324.32432432435,45.64564564564565,5.887246058578633e-21,3.582692540929891e-26,0.5,1200,green
164684.6846846847,45.74574574574575,5.900156662329732e-21,3.582692540929891e-26,0.5,1200,green
165045.04504504506,45.84584584584585,5.91306726608083e-21,3.582692540929891e-26,0.5,1200,green
165405.4054054054,45.94594594594595,5.925977869831929e-21,3.582692540929891e-26,0.5,1200,green
165765.76576576577,46.04604604604605,5.9388884735830275e-21,3.582692540929891e-26,0.5,1200,green
166126.12612612615,46.14614614614615,5.951799077334127e-21,3.582692540929891e-26,0.5,1200,green
166486.4864864865,46.24624624624625,5.9647096810852255e-21,3.582692540929891e-26,0.5,1200,green
166846.84684684686,46.34634634634635,5.977620284836324e-21,3.582692540929891e-26,0.5,1200,green
167207.20720720722,46.44644644644645,5.990530888587423e-21,3.582692540929891e-26,0.5,1200,green
167567.56756756757,46.54654654654655,6.003441492338521e-21,3.582692540929891e-26,0.5,1200,green
167927.92792792796,46.64664664664665,6.0163520960896206e-21,3.582692540929891e-26,0.5,1200,green
168288.2882882883,46.74674674674675,6.029262699840719e-21,3.582692540929891e-26,0.5,1200,green
168648.64864864867,46.84684684684685,6.042173303591818e-21,3.582692540929891e-26,0.5,1200,green
169009.00900900902,46.94694694694695,6.0550839073429164e-21,3.582692540929891e-26,0.5,1200,green
169369.36936936938,47.04704704704705,6.067994511094015e-21,3.582692540929891e-26,0.5,1200,green
169729.72972972973,47.14714714714715,6.0809051148451136e-21,3.582692540929891e-26,0.5,1200,green
170090.09009009012,47.24724724724725,6.093815718596213e-21,3.582692540929891e-26,0.5,1200,green
170450.45045045047,47.34734734734735,6.1067263223473115e-21,3.582692540929891e-26,0.5,1200,green
170810.81081081083,47.44744744744745,6.11963692609841e-21,3.582692540929891e-26,0.5,1200,green
171171.17117117118,47.54754754754755,6.132547529849509e-21,3.582692540929891e-26,0.5,1200,green
171531.53153153154,47.64764764764765,6.1454581336006065e-21,3.582692540929891e-26,0.5,1200,green
171891.8918918919,47.74774774774775,6.158368737351705e-21,3.582692540929891e-26,0.5,1200,green
172252.25225225228,47.84784784784785,6.171279341102805e-21,3.582692540929891e-26,0.5,1200,green
172612.61261261263,47.94794794794795,6.184189944853904e-21,3.582692540929891e-26,0.5,1200,green
172972.972972973,48.04804804804805,6.197100548605002e-21,3.582692540929891e-26,0.5,1200,green
173333.33333333334,48.14814814814815,6.2100111523561e-21,3.582692540929891e-26,0.5,1200,green
173693.6936936937,48.24824824824825,6.222921756107199e-21,3.582692540929891e-26,0.5,1200,green
174054.05405405408,48.34834834834835,6.235832359858299e-21,3.582692540929891e-26,0.5,1200,green
174414.41441441444,48.44844844844845,6.248742963609397e-21,3.582692540929891e-26,0.5,1200,green
174774.7747747748,48.54854854854855,6.2616535673604954e-21,3.582692540929891e-26,0.5,1200,green
175135.13513513515,48.64864864864865,6.274564171111594e-21,3.582692540929891e-26,0.5,1200,green
175495.4954954955,48.74874874874875,6.2874747748626926e-21,3.582692540929891e-26,0.5,1200,green
175855.85585585586,48.84884884884885,6.300385378613791e-21,3.582692540929891e-26,0.5,1200,green
176216.21621621624,48.94894894894895,6.3132959823648905e-21,3.582692540929891e-26,0.5,1200,green
176576.5765765766,49.04904904904905,6.326206586115989e-21,3.582692540929891e-26,0.5,1200,green
176936.93693693695,49.14914914914915,6.339117189867088e-21,3.582692540929891e-26,0.5,1200,green
177297.2972972973,49.24924924924925,6.352027793618186e-21,3.582692540929891e-26,0.5,1200,green
177657.65765765766,49.34934934934935,6.364938397369285e-21,3.582692540929891e-26,0.5,1200,green
178018.01801801802,49.44944944944945,6.3778490011203835e-21,3.582692540929891e-26,0.5,1200,green
178378.3783783784,49.54954954954955,6.390759604871483e-21,3.582692540929891e-26,0.5,1200,green
178738.73873873876,49.64964964964965,6.4036702086225814e-21,3.582692540929891e-26,0.5,1200,green
179099.0990990991,49.74974974974975,6.41658081237368e-21,3.582692540929891e-26,0.5,1200,green
179459.45945945947,49.84984984984985,6.4294914161247786e-21,3.582692540929891e-26,0.5,1200,green
179819.81981981982,49.94994994994995,6.442402019875877e-21,3.582692540929891e-26,0.5,1200,green
180180.1801801802,50.050050050050054,6.4553126236269765e-21,3.582692540929891e-26,0.5,1200,green
180540.54054054056,50.150150150150154,6.468223227378075e-21,3.582692540929891e-26,0.5,1200,green
180900.90090090092,50.250250250250254,6.481133831129174e-21,3.582692540929891e-26,0.5,1200,green
181261.26126126127,50.350350350350354,6.494044434880272e-21,3.582692540929891e-26,0.5,1200,green
181621.62162162163,50.450450450450454,6.506955038631371e-21,3.582692540929891e-26,0.5,1200,green
181981.98198198198,50.550550550550554,6.519865642382469e-21,3.582692540929891e-26,0.5,1200,green
182342.34234234237,50.650650650650654,6.532776246133569e-21,3.582692540929891e-26,0.5,1200,green
182702.70270270272,50.750750750750754,6.5456868498846674e-21,3.582692540929891e-26,0.5,1200,green
183063.06306306308,50.850850850850854,6.558597453635766e-21,3.582692540929891e-26,0.5,1200,green
183423.42342342343,50.950950950950954,6.571508057386864e-21,3.582692540929891e-26,0.5,1200,green
183783.7837837838,51.051051051051054,6.5844186611379625e-21,3.582692540929891e-26,0.5,1200,green
184144.14414414414,51.151151151151154,6.597329264889061e-21,3.582692540929891e-26,0.5,1200,green
184504.50450450453,51.251251251251254,6.610239868640161e-21,3.582692540929891e-26,0.5,1200,green
184864.86486486488,51.351351351351354,6.623150472391259e-21,3.582692540929891e-26,0.5,1200,green
185225.22522522524,51.451451451451454,6.6360610761423576e-21,3.582692540929891e-26,0.5,1200,green
185585.5855855856,51.551551551551555,6.648971679893456e-21,3.582692540929891e-26,0.5,1200,green
185945.94594594595,51.651651651651655,6.661882283644555e-21,3.582692540929891e-26,0.5,1200,green
186306.30630630633,51.751751751751755,6.674792887395654e-21,3.582692540929891e-26,0.5,1200,green
186666.6666666667,51.851851851851855,6.687703491146753e-21,3.582692540929891e-26,0.5,1200,green
187027.02702702704,51.951951951951955,6.700614094897851e-21,3.582692540929891e-26,0.5,1200,green
187387.3873873874,52.052052052052055,6.71352469864895e-21,3.582692540929891e-26,0.5,1200,green
187747.74774774775,52.152152152152155,6.7264353024000485e-21,3.582692540929891e-26,0.5,1200,green
188108.1081081081,52.252252252252255,6.739345906151147e-21,3.582692540929891e-26,0.5,1200,green
188468.4684684685,52.352352352352355,6.7522565099022464e-21,3.582692540929891e-26,0.5,1200,green
188828.82882882885,52.452452452452455,6.765167113653345e-21,3.582692540929891e-26,0.5,1200,green
189189.1891891892,52.552552552552555,6.778077717404444e-21,3.582692540929891e-26,0.5,1200,green
189549.54954954956,52.652652652652655,6.790988321155542e-21,3.582692540929891e-26,0.5,1200,green
189909.9099099099,52.752752752752755,6.803898924906641e-21,3.582692540929891e-26,0.5,1200,green
190270.27027027027,52.852852852852855,6.81680952865774e-21,3.582692540929891e-26,0.5,1200,green
190630.63063063065,52.952952952952955,6.82972013240884e-21,3.582692540929891e-26,0.5,1200,green
190990.990990991,53.053053053053056,6.842630736159938e-21,3.582692540929891e-26,0.5,1200,green
191351.35135135136,53.153153153153156,6.855541339911037e-21,3.582692540929891e-26,0.5,1200,green
191711.71171171172,53.253253253253256,6.868451943662135e-21,3.582692540929891e-26,0.5,1200,green
192072.07207207207,53.353353353353356,6.881362547413234e-21,3.582692540929891e-26,0.5,1200,green
192432.43243243246,53.453453453453456,6.894273151164332e-21,3.582692540929891e-26,0.5,1200,green
192792.7927927928,53.553553553553556,6.907183754915431e-21,3.582692540929891e-26,0.5,1200,green
193153.15315315317,53.653653653653656,6.92009435866653e-21,3.582692540929891e-26,0.5,1200,green
193513.51351351352,53.753753753753756,6.933004962417628e-21,3.582692540929891e-26,0.5,1200,green
193873.87387387388,53.853853853853856,6.945915566168727e-21,3.582692540929891e-26,0.5,1200,green
194234.23423423423,53.953953953953956,6.958826169919825e-21,3.582692540929891e-26,0.5,1200,green
194594.59459459462,54.054054054054056,6.971736773670926e-21,3.582692540929891e-26,0.5,1200,green
194954.95495495497,54.154154154154156,6.984647377422024e-21,3.582692540929891e-26,0.5,1200,green
195315.31531531533,54.254254254254256,6.997557981173123e-21,3.582692540929891e-26,0.5,1200,green
195675.67567567568,54.354354354354356,7.010468584924221e-21,3.582692540929891e-26,0.5,1200,green
196036.03603603604,54.454454454454456,7.02337918867532e-21,3.582692540929891e-26,0.5,1200,green
196396.3963963964,54.55455455455456,7.036289792426419e-21,3.582692540929891e-26,0.5,1200,green
196756.75675675677,54.65465465465466,7.049200396177517e-21,3.582692540929891e-26,0.5,1200,green
197117.11711711713,54.75475475475476,7.062110999928616e-21,3.582692540929891e-26,0.5,1200,green
197477.47747747749,54.85485485485486,7.075021603679714e-21,3.582692540929891e-26,0.5,1200,green
197837.83783783784,54.95495495495496,7.087932207430813e-21,3.582692540929891e-26,0.5,1200,green
198198.1981981982,55.05505505505506,7.100842811181911e-21,3.582692540929891e-26,0.5,1200,green
198558.55855855855,55.15515515515516,7.11375341493301e-21,3.582692540929891e-26,0.5,1200,green
198918.91891891893,55.25525525525526,7.12666401868411e-21,3.582692540929891e-26,0.5,1200,green
199279.2792792793,55.35535535535536,7.139574622435209e-21,3.582692540929891e-26,0.5,1200,green
199639.63963963964,55.45545545545546,7.152485226186307e-21,3.582692540929891e-26,0.5,1200,green
200000.0,55.55555555555556,7.165395829937404e-21,3.582692540929891e-26,0.5,1200,green
200360.36036036036,55.65565565565566,7.178306433688503e-21,3.582692540929891e-26,0.5,1200,green
200720.72072072074,55.75575575575576,7.191217037439603e-21,3.582692540929891e-26,0.5,1200,green
201081.0810810811,55.85585585585586,7.204127641190702e-21,3.582692540929891e-26,0.5,1200,green
201441.44144144145,55.95595595595596,7.2170382449418e-21,3.582692540929891e-26,0.5,1200,green
201801.8018018018,56.05605605605606,7.229948848692899e-21,3.582692540929891e-26,0.5,1200,green
202162.16216216216,56.15615615615616,7.242859452443998e-21,3.582692540929891e-26,0.5,1200,green
202522.52252252251,56.25625625625626,7.255770056195096e-21,3.582692540929891e-26,0.5,1200,green
202882.8828828829,56.35635635635636,7.268680659946195e-21,3.582692540929891e-26,0.5,1200,green
203243.24324324325,56.45645645645646,7.281591263697293e-21,3.582692540929891e-26,0.5,1200,green
203603.6036036036,56.55655655655656,7.294501867448392e-21,3.582692540929891e-26,0.5,1200,green
203963.96396396396,56.65665665665666,7.30741247119949e-21,3.582692540929891e-26,0.5,1200,green
204324.32432432432,56.75675675675676,7.320323074950589e-21,3.582692540929891e-26,0.5,1200,green
204684.68468468467,56.85685685685686,7.333233678701688e-21,3.582692540929891e-26,0.5,1200,green
205045.04504504506,56.95695695695696,7.346144282452788e-21,3.582692540929891e-26,0.5,1200,green
205405.4054054054,57.05705705705706,7.359054886203886e-21,3.582692540929891e-26,0.5,1200,green
205765.76576576577,57.15715715715716,7.371965489954985e-21,3.582692540929891e-26,0.5,1200,green
206126.12612612612,57.25725725725726,7.384876093706084e-21,3.582692540929891e-26,0.5,1200,green
206486.48648648648,57.35735735735736,7.397786697457182e-21,3.582692540929891e-26,0.5,1200,green
206846.84684684686,57.45745745745746,7.41069730120828e-21,3.582692540929891e-26,0.5,1200,green
207207.20720720722,57.55755755755756,7.42360790495938e-21,3.582692540929891e-26,0.5,1200,green
207567.56756756757,57.65765765765766,7.436518508710478e-21,3.582692540929891e-26,0.5,1200,green
207927.92792792793,57.75775775775776,7.449429112461576e-21,3.582692540929891e-26,0.5,1200,green
208288.28828828828,57.85785785785786,7.462339716212675e-21,3.582692540929891e-26,0.5,1200,green
208648.64864864864,57.95795795795796,7.475250319963774e-21,3.582692540929891e-26,0.5,1200,green
209009.00900900902,58.05805805805806,7.488160923714874e-21,3.582692540929891e-26,0.5,1200,green
209369.36936936938,58.15815815815816,7.501071527465972e-21,3.582692540929891e-26,0.5,1200,green
209729.72972972973,58.25825825825826,7.513982131217071e-21,3.582692540929891e-26,0.5,1200,green
210090.0900900901,58.35835835835836,7.52689273496817e-21,3.582692540929891e-26,0.5,1200,green
210450.45045045044,58.45845845845846,7.539803338719267e-21,3.582692540929891e-26,0.5,1200,green
210810.8108108108,58.55855855855856,7.552713942470365e-21,3.582692540929891e-26,0.5,1200,green
211171.17117117118,58.65865865865866,7.565624546221465e-21,3.582692540929891e-26,0.5,1200,green
211531.53153153154,58.75875875875876,7.578535149972564e-21,3.582692540929891e-26,0.5,1200,green
211891.8918918919,58.85885885885886,7.591445753723663e-21,3.582692540929891e-26,0.5,1200,green
212252.25225225225,58.95895895895896,7.604356357474761e-21,3.582692540929891e-26,0.5,1200,green
212612.6126126126,59.05905905905906,7.61726696122586e-21,3.582692540929891e-26,0.5,1200,green
212972.972972973,59.15915915915916,7.63017756497696e-21,3.582692540929891e-26,0.5,1200,green
213333.33333333334,59.25925925925926,7.643088168728057e-21,3.582692540929891e-26,0.5,1200,green
213693.6936936937,59.35935935935936,7.655998772479155e-21,3.582692540929891e-26,0.5,1200,green
214054.05405405405,59.45945945945946,7.668909376230254e-21,3.582692540929891e-26,0.5,1200,green
214414.4144144144,59.55955955955956,7.681819979981353e-21,3.582692540929891e-26,0.5,1200,green
214774.77477477476,59.65965965965966,7.694730583732451e-21,3.582692540929891e-26,0.5,1200,green
215135.13513513515,59.75975975975976,7.707641187483551e-21,3.582692540929891e-26,0.5,1200,green
215495.49549549553,59.85985985985987,7.720551791234651e-21,3.582692540929891e-26,0.5,1200,green
215855.8558558559,59.95995995995997,7.733462394985749e-21,3.582692540929891e-26,0.5,1200,green
216216.21621621624,60.06006006006007,7.746372998736847e-21,3.582692540929891e-26,0.5,1200,green
216576.5765765766,60.16016016016017,7.759283602487946e-21,3.582692540929891e-26,0.5,1200,green
216936.93693693695,60.26026026026027,7.772194206239044e-21,3.582692540929891e-26,0.5,1200,green
217297.29729729734,60.36036036036037,7.785104809990144e-21,3.582692540929891e-26,0.5,1200,green
217657.6576576577,60.46046046046047,7.798015413741243e-21,3.582692540929891e-26,0.5,1200,green
218018.01801801805,60.56056056056057,7.810926017492342e-21,3.582692540929891e-26,0.5,1200,green
218378.3783783784,60.66066066066067,7.82383662124344e-21,3.582692540929891e-26,0.5,1200,green
218738.73873873876,60.76076076076077,7.836747224994539e-21,3.582692540929891e-26,0.5,1200,green
219099.0990990991,60.86086086086087,7.849657828745637e-21,3.582692540929891e-26,0.5,1200,green
219459.4594594595,60.96096096096097,7.862568432496736e-21,3.582692540929891e-26,0.5,1200,green
219819.81981981985,61.06106106106107,7.875479036247835e-21,3.582692540929891e-26,0.5,1200,green
220180.1801801802,61.16116116116117,7.888389639998933e-21,3.582692540929891e-26,0.5,1200,green
220540.54054054056,61.26126126126127,7.901300243750032e-21,3.582692540929891e-26,0.5,1200,green
220900.90090090092,61.36136136136137,7.91421084750113e-21,3.582692540929891e-26,0.5,1200,green
221261.26126126127,61.46146146146147,7.927121451252229e-21,3.582692540929891e-26,0.5,1200,green
221621.62162162166,61.56156156156157,7.940032055003329e-21,3.582692540929891e-26,0.5,1200,green
221981.981981982,61.66166166166167,7.952942658754428e-21,3.582692540929891e-26,0.5,1200,green
222342.34234234237,61.76176176176177,7.965853262505526e-21,3.582692540929891e-26,0.5,1200,green
222702.70270270272,61.86186186186187,7.978763866256625e-21,3.582692540929891e-26,0.5,1200,green
223063.06306306308,61.96196196196197,7.991674470007723e-21,3.582692540929891e-26,0.5,1200,green
223423.42342342343,62.06206206206207,8.004585073758822e-21,3.582692540929891e-26,0.5,1200,green
223783.78378378382,62.16216216216217,8.01749567750992e-21,3.582692540929891e-26,0.5,1200,green
224144.14414414417,62.26226226226227,8.030406281261019e-21,3.582692540929891e-26,0.5,1200,green
224504.50450450453,62.36236236236237,8.043316885012118e-21,3.582692540929891e-26,0.5,1200,green
224864.86486486488,62.46246246246247,8.056227488763216e-21,3.582692540929891e-26,0.5,1200,green
225225.22522522524,62.56256256256257,8.069138092514315e-21,3.582692540929891e-26,0.5,1200,green
225585.58558558562,62.66266266266267,8.082048696265415e-21,3.582692540929891e-26,0.5,1200,green
225945.94594594598,62.76276276276277,8.094959300016514e-21,3.582692540929891e-26,0.5,1200,green
226306.30630630633,62.86286286286287,8.107869903767611e-21,3.582692540929891e-26,0.5,1200,green
226666.6666666667,62.96296296296297,8.12078050751871e-21,3.582692540929891e-26,0.5,1200,green
227027.02702702704,63.06306306306307,8.133691111269808e-21,3.582692540929891e-26,0.5,1200,green
227387.3873873874,63.16316316316317,8.146601715020907e-21,3.582692540929891e-26,0.5,1200,green
227747.74774774778,63.26326326326327,8.159512318772007e-21,3.582692540929891e-26,0.5,1200,green
228108.10810810814,63.36336336336337,8.172422922523105e-21,3.582692540929891e-26,0.5,1200,green
228468.4684684685,63.46346346346347,8.185333526274204e-21,3.582692540929891e-26,0.5,1200,green
228828.82882882885,63.56356356356357,8.198244130025302e-21,3.582692540929891e-26,0.5,1200,green
229189.1891891892,63.66366366366367,8.211154733776401e-21,3.582692540929891e-26,0.5,1200,green
229549.54954954956,63.76376376376377,8.2240653375275e-21,3.582692540929891e-26,0.5,1200,green
229909.90990990994,63.86386386386387,8.236975941278598e-21,3.582692540929891e-26,0.5,1200,green
230270.2702702703,63.96396396396397,8.249886545029697e-21,3.582692540929891e-26,0.5,1200,green
230630.63063063065,64.06406406406407,8.262797148780795e-21,3.582692540929891e-26,0.5,1200,green
230990.99099099098,64.16416416416416,8.275707752531894e-21,3.582692540929891e-26,0.5,1200,green
231351.35135135136,64.26426426426427,8.288618356282993e-21,3.582692540929891e-26,0.5,1200,green
231711.71171171172,64.36436436436436,8.301528960034091e-21,3.582692540929891e-26,0.5,1200,green
232072.0720720721,64.46446446446447,8.314439563785191e-21,3.582692540929891e-26,0.5,1200,green
232432.43243243243,64.56456456456456,8.327350167536288e-21,3.582692540929891e-26,0.5,1200,green
232792.7927927928,64.66466466466467,8.340260771287388e-21,3.582692540929891e-26,0.5,1200,green
233153.15315315314,64.76476476476476,8.353171375038486e-21,3.582692540929891e-26,0.5,1200,green
233513.51351351352,64.86486486486487,8.366081978789586e-21,3.582692540929891e-26,0.5,1200,green
233873.87387387388,64.96496496496496,8.378992582540684e-21,3.582692540929891e-26,0.5,1200,green
234234.23423423426,65.06506506506507,8.391903186291783e-21,3.582692540929891e-26,0.5,1200,green
234594.5945945946,65.16516516516516,8.40481379004288e-21,3.582692540929891e-26,0.5,1200,green
234954.95495495497,65.26526526526527,8.41772439379398e-21,3.582692540929891e-26,0.5,1200,green
235315.3153153153,65.36536536536536,8.430634997545077e-21,3.582692540929891e-26,0.5,1200,green
235675.67567567568,65.46546546546547,8.443545601296177e-21,3.582692540929891e-26,0.5,1200,green
236036.03603603604,65.56556556556556,8.456456205047276e-21,3.582692540929891e-26,0.5,1200,green
236396.39639639642,65.66566566566567,8.469366808798376e-21,3.582692540929891e-26,0.5,1200,green
236756.75675675675,65.76576576576576,8.482277412549473e-21,3.582692540929891e-26,0.5,1200,green
237117.11711711713,65.86586586586587,8.495188016300572e-21,3.582692540929891e-26,0.5,1200,green
237477.47747747746,65.96596596596596,8.50809862005167e-21,3.582692540929891e-26,0.5,1200,green
237837.83783783787,66.06606606606607,8.52100922380277e-21,3.582692540929891e-26,0.5,1200,green
238198.1981981982,66.16616616616616,8.533919827553867e-21,3.582692540929891e-26,0.5,1200,green
238558.55855855858,66.26626626626627,8.546830431304967e-21,3.582692540929891e-26,0.5,1200,green
238918.9189189189,66.36636636636636,8.559741035056065e-21,3.582692540929891e-26,0.5,1200,green
239279.2792792793,66.46646646646647,8.572651638807165e-21,3.582692540929891e-26,0.5,1200,green
239639.63963963964,66.56656656656656,8.585562242558263e-21,3.582692540929891e-26,0.5,1200,green
240000.00000000003,66.66666666666667,8.598472846309362e-21,3.582692540929891e-26,0.5,1200,green
240360.36036036036,66.76676676676676,8.61138345006046e-21,3.582692540929891e-26,0.5,1200,green
240720.72072072074,66.86686686686687,8.624294053811559e-21,3.582692540929891e-26,0.5,1200,green
241081.08108108107,66.96696696696696,8.637204657562658e-21,3.582692540929891e-26,0.5,1200,green
241441.44144144145,67.06706706706707,8.650115261313756e-21,3.582692540929891e-26,0.5,1200,green
241801.8018018018,67.16716716716716,8.663025865064855e-21,3.582692540929891e-26,0.5,1200,green
242162.1621621622,67.26726726726727,8.675936468815955e-21,3.582692540929891e-26,0.5,1200,green
242522.52252252251,67.36736736736736,8.688847072567052e-21,3.582692540929891e-26,0.5,1200,green
242882.8828828829,67.46746746746747,8.701757676318152e-21,3.582692540929891e-26,0.5,1200,green
243243.24324324323,67.56756756756756,8.714668280069249e-21,3.582692540929891e-26,0.5,1200,green
243603.6036036036,67.66766766766767,8.72757888382035e-21,3.582692540929891e-26,0.5,1200,green
243963.96396396396,67.76776776776777,8.740489487571448e-21,3.582692540929891e-26,0.5,1200,green
244324.32432432435,67.86786786786787,8.753400091322546e-21,3.582692540929891e-26,0.5,1200,green
244684.68468468467,67.96796796796797,8.766310695073644e-21,3.582692540929891e-26,0.5,1200,green
245045.04504504506,68.06806806806807,8.779221298824744e-21,3.582692540929891e-26,0.5,1200,green
245405.40540540538,68.16816816816817,8.79213190257584e-21,3.582692540929891e-26,0.5,1200,green
245765.76576576577,68.26826826826827,8.805042506326941e-21,3.582692540929891e-26,0.5,1200,green
246126.12612612615,68.36836836836838,8.817953110078041e-21,3.582692540929891e-26,0.5,1200,green
246486.4864864865,68.46846846846847,8.83086371382914e-21,3.582692540929891e-26,0.5,1200,green
246846.8468468469,68.56856856856858,8.843774317580238e-21,3.582692540929891e-26,0.5,1200,green
247207.20720720722,68.66866866866867,8.856684921331337e-21,3.582692540929891e-26,0.5,1200,green
247567.5675675676,68.76876876876878,8.869595525082435e-21,3.582692540929891e-26,0.5,1200,green
247927.92792792793,68.86886886886887,8.882506128833532e-21,3.582692540929891e-26,0.5,1200,green
248288.28828828834,68.96896896896898,8.895416732584634e-21,3.582692540929891e-26,0.5,1200,green
248648.64864864867,69.06906906906907,8.908327336335731e-21,3.582692540929891e-26,0.5,1200,green
249009.00900900905,69.16916916916918,8.921237940086831e-21,3.582692540929891e-26,0.5,1200,green
249369.36936936938,69.26926926926927,8.934148543837928e-21,3.582692540929891e-26,0.5,1200,green
249729.72972972976,69.36936936936938,8.947059147589028e-21,3.582692540929891e-26,0.5,1200,green
250090.09009009012,69.46946946946947,8.959969751340127e-21,3.582692540929891e-26,0.5,1200,green
250450.4504504505,69.56956956956958,8.972880355091226e-21,3.582692540929891e-26,0.5,1200,green
250810.81081081083,69.66966966966967,8.985790958842323e-21,3.582692540929891e-26,0.5,1200,green
251171.1711711712,69.76976976976978,8.998701562593423e-21,3.582692540929891e-26,0.5,1200,green
251531.53153153154,69.86986986986987,9.01161216634452e-21,3.582692540929891e-26,0.5,1200,green
251891.89189189192,69.96996996996998,9.02452277009562e-21,3.582692540929891e-26,0.5,1200,green
252252.25225225228,70.07007007007007,9.037433373846719e-21,3.582692540929891e-26,0.5,1200,green
252612.61261261266,70.17017017017018,9.050343977597819e-21,3.582692540929891e-26,0.5,1200,green
252972.972972973,70.27027027027027,9.063254581348916e-21,3.582692540929891e-26,0.5,1200,green
253333.33333333337,70.37037037037038,9.076165185100014e-21,3.582692540929891e-26,0.5,1200,green
253693.6936936937,70.47047047047047,9.089075788851113e-21,3.582692540929891e-26,0.5,1200,green
254054.05405405408,70.57057057057058,9.101986392602211e-21,3.582692540929891e-26,0.5,1200,green
254414.41441441444,70.67067067067067,9.11489699635331e-21,3.582692540929891e-26,0.5,1200,green
254774.77477477482,70.77077077077078,9.12780760010441e-21,3.582692540929891e-26,0.5,1200,green
255135.13513513515,70.87087087087087,9.140718203855507e-21,3.582692540929891e-26,0.5,1200,green
255495.49549549553,70.97097097097098,9.153628807606607e-21,3.582692540929891e-26,0.5,1200,green
255855.85585585586,71.07107107107107,9.166539411357704e-21,3.582692540929891e-26,0.5,1200,green
256216.21621621624,71.17117117117118,9.179450015108805e-21,3.582692540929891e-26,0.5,1200,green
256576.5765765766,71.27127127127127,9.192360618859903e-21,3.582692540929891e-26,0.5,1200,green
256936.93693693698,71.37137137137138,9.205271222611002e-21,3.582692540929891e-26,0.5,1200,green
257297.2972972973,71.47147147147147,9.2181818263621e-21,3.582692540929891e-26,0.5,1200,green
257657.6576576577,71.57157157157158,9.231092430113199e-21,3.582692540929891e-26,0.5,1200,green
258018.01801801802,71.67167167167167,9.244003033864296e-21,3.582692540929891e-26,0.5,1200,green
258378.3783783784,71.77177177177178,9.256913637615396e-21,3.582692540929891e-26,0.5,1200,green
258738.73873873876,71.87187187187187,9.269824241366495e-21,3.582692540929891e-26,0.5,1200,green
259099.09909909914,71.97197197197198,9.282734845117595e-21,3.582692540929891e-26,0.5,1200,green
259459.45945945947,72.07207207207207,9.295645448868692e-21,3.582692540929891e-26,0.5,1200,green
259819.81981981985,72.17217217217218,9.308556052619792e-21,3.582692540929891e-26,0.5,1200,green
260180.18018018018,72.27227227227228,9.321466656370889e-21,3.582692540929891e-26,0.5,1200,green
260540.54054054056,72.37237237237238,9.334377260121989e-21,3.582692540929891e-26,0.5,1200,green
260900.90090090092,72.47247247247248,9.347287863873086e-21,3.582692540929891e-26,0.5,1200,green
261261.2612612613,72.57257257257258,9.360198467624186e-21,3.582692540929891e-26,0.5,1200,green
261621.62162162163,72.67267267267268,9.373109071375283e-21,3.582692540929891e-26,0.5,1200,green
261981.981981982,72.77277277277278,9.386019675126384e-21,3.582692540929891e-26,0.5,1200,green
262342.34234234237,72.87287287287288,9.398930278877482e-21,3.582692540929891e-26,0.5,1200,green
262702.7027027027,72.97297297297298,9.41184088262858e-21,3.582692540929891e-26,0.5,1200,green
263063.0630630631,73.07307307307308,9.42475148637968e-21,3.582692540929891e-26,0.5,1200,green
263423.42342342343,73.17317317317318,9.437662090130778e-21,3.582692540929891e-26,0.5,1200,green
263783.7837837838,73.27327327327328,9.450572693881877e-21,3.582692540929891e-26,0.5,1200,green
264144.1441441442,73.37337337337338,9.463483297632977e-21,3.582692540929891e-26,0.5,1200,green
264504.5045045045,73.47347347347348,9.476393901384074e-21,3.582692540929891e-26,0.5,1200,green
264864.8648648649,73.57357357357358,9.489304505135174e-21,3.582692540929891e-26,0.5,1200,green
265225.2252252252,73.67367367367368,9.502215108886271e-21,3.582692540929891e-26,0.5,1200,green
265585.5855855856,73.77377377377378,9.515125712637371e-21,3.582692540929891e-26,0.5,1200,green
265945.945945946,73.87387387387388,9.52803631638847e-21,3.582692540929891e-26,0.5,1200,green
266306.30630630633,73.97397397397398,9.540946920139568e-21,3.582692540929891e-26,0.5,1200,green
266666.6666666667,74.07407407407408,9.553857523890667e-21,3.582692540929891e-26,0.5,1200,green
267027.02702702704,74.17417417417418,9.566768127641765e-21,3.582692540929891e-26,0.5,1200,green
267387.3873873874,74.27427427427428,9.579678731392864e-21,3.582692540929891e-26,0.5,1200,green
267747.7477477478,74.37437437437438,9.592589335143964e-21,3.582692540929891e-26,0.5,1200,green
268108.1081081081,74.47447447447448,9.605499938895061e-21,3.582692540929891e-26,0.5,1200,green
268468.4684684685,74.57457457457458,9.618410542646161e-21,3.582692540929891e-26,0.5,1200,green
268828.8288288288,74.67467467467468,9.631321146397257e-21,3.582692540929891e-26,0.5,1200,green
269189.18918918923,74.77477477477478,9.644231750148358e-21,3.582692540929891e-26,0.5,1200,green
269549.5495495496,74.87487487487488,9.657142353899457e-21,3.582692540929891e-26,0.5,1200,green
269909.90990990994,74.97497497497498,9.670052957650556e-21,3.582692540929891e-26,0.5,1200,green
270270.2702702703,75.07507507507508,9.682963561401654e-21,3.582692540929891e-26,0.5,1200,green
270630.63063063065,75.17517517517518,9.695874165152753e-21,3.582692540929891e-26,0.5,1200,green
270990.990990991,75.27527527527528,9.708784768903851e-21,3.582692540929891e-26,0.5,1200,green
271351.35135135136,75.37537537537538,9.721695372654948e-21,3.582692540929891e-26,0.5,1200,green
271711.7117117117,75.47547547547548,9.734605976406047e-21,3.582692540929891e-26,0.5,1200,green
272072.07207207213,75.57557557557558,9.747516580157149e-21,3.582692540929891e-26,0.5,1200,green
272432.4324324324,75.67567567567568,9.760427183908244e-21,3.582692540929891e-26,0.5,1200,green
272792.79279279284,75.77577577577578,9.773337787659346e-21,3.582692540929891e-26,0.5,1200,green
273153.15315315314,75.87587587587588,9.786248391410441e-21,3.582692540929891e-26,0.5,1200,green
273513.51351351355,75.97597597597598,9.799158995161543e-21,3.582692540929891e-26,0.5,1200,green
273873.8738738739,76.07607607607608,9.812069598912642e-21,3.582692540929891e-26,0.5,1200,green
274234.23423423426,76.17617617617618,9.824980202663739e-21,3.582692540929891e-26,0.5,1200,green
274594.5945945946,76.27627627627628,9.837890806414837e-21,3.582692540929891e-26,0.5,1200,green
274954.95495495497,76.37637637637638,9.850801410165936e-21,3.582692540929891e-26,0.5,1200,green
275315.3153153153,76.47647647647648,9.863712013917035e-21,3.582692540929891e-26,0.5,1200,green
275675.6756756757,76.57657657657658,9.876622617668133e-21,3.582692540929891e-26,0.5,1200,green
276036.03603603604,76.67667667667668,9.889533221419232e-21,3.582692540929891e-26,0.5,1200,green
276396.39639639645,76.77677677677679,9.902443825170333e-21,3.582692540929891e-26,0.5,1200,green
276756.75675675675,76.87687687687688,9.915354428921429e-21,3.582692540929891e-26,0.5,1200,green
277117.11711711716,76.97697697697699,9.928265032672529e-21,3.582692540929891e-26,0.5,1200,green
277477.47747747746,77.07707707707708,9.941175636423626e-21,3.582692540929891e-26,0.5,1200,green
277837.83783783787,77.17717717717719,9.954086240174726e-21,3.582692540929891e-26,0.5,1200,green
278198.1981981982,77.27727727727728,9.966996843925825e-21,3.582692540929891e-26,0.5,1200,green
278558.5585585586,77.37737737737739,9.979907447676923e-21,3.582692540929891e-26,0.5,1200,green
278918.91891891893,77.47747747747748,9.992818051428022e-21,3.582692540929891e-26,0.5,1200,green
279279.2792792793,77.57757757757759,1.000572865517912e-20,3.582692540929891e-26,0.5,1200,green
279639.63963963964,77.67767767767768,1.0018639258930219e-20,3.582692540929891e-26,0.5,1200,green
280000.0,77.77777777777779,1.0031549862681318e-20,3.582692540929891e-26,0.5,1200,green
280360.36036036036,77.87787787787788,1.0044460466432416e-20,3.582692540929891e-26,0.5,1200,green
280720.72072072077,77.97797797797799,1.0057371070183516e-20,3.582692540929891e-26,0.5,1200,green
281081.08108108107,78.07807807807808,1.0070281673934614e-20,3.582692540929891e-26,0.5,1200,green
281441.4414414415,78.17817817817819,1.0083192277685714e-20,3.582692540929891e-26,0.5,1200,green
281801.8018018018,78.27827827827828,1.009610288143681e-20,3.582692540929891e-26,0.5,1200,green
282162.1621621622,78.37837837837839,1.0109013485187911e-20,3.582692540929891e-26,0.5,1200,green
282522.52252252254,78.47847847847848,1.012192408893901e-20,3.582692540929891e-26,0.5,1200,green
282882.8828828829,78.57857857857859,1.0134834692690108e-20,3.582692540929891e-26,0.5,1200,green
283243.24324324325,78.67867867867868,1.0147745296441207e-20,3.582692540929891e-26,0.5,1200,green
283603.6036036036,78.77877877877879,1.0160655900192305e-20,3.582692540929891e-26,0.5,1200,green
283963.96396396396,78.87887887887888,1.0173566503943404e-20,3.582692540929891e-26,0.5,1200,green
284324.3243243244,78.97897897897899,1.0186477107694504e-20,3.582692540929891e-26,0.5,1200,green
284684.6846846847,79.07907907907908,1.0199387711445601e-20,3.582692540929891e-26,0.5,1200,green
285045.0450450451,79.17917917917919,1.0212298315196701e-20,3.582692540929891e-26,0.5,1200,green
285405.4054054054,79.27927927927928,1.0225208918947798e-20,3.582692540929891e-26,0.5,1200,green
285765.7657657658,79.37937937937939,1.0238119522698898e-20,3.582692540929891e-26,0.5,1200,green
286126.12612612615,79.47947947947948,1.0251030126449997e-20,3.582692540929891e-26,0.5,1200,green
286486.4864864865,79.57957957957959,1.0263940730201095e-20,3.582692540929891e-26,0.5,1200,green
286846.84684684686,79.67967967967968,1.0276851333952194e-20,3.582692540929891e-26,0.5,1200,green
287207.2072072072,79.77977977977979,1.0289761937703293e-20,3.582692540929891e-26,0.5,1200,green
287567.5675675676,79.87987987987988,1.0302672541454391e-20,3.582692540929891e-26,0.5,1200,green
287927.9279279279,79.97997997997999,1.031558314520549e-20,3.582692540929891e-26,0.5,1200,green
288288.2882882883,80.08008008008008,1.0328493748956588e-20,3.582692540929891e-26,0.5,1200,green
288648.6486486487,80.18018018018019,1.0341404352707688e-20,3.582692540929891e-26,0.5,1200,green
289009.009009009,80.28028028028028,1.0354314956458786e-20,3.582692540929891e-26,0.5,1200,green
289369.3693693694,80.38038038038039,1.0367225560209886e-20,3.582692540929891e-26,0.5,1200,green
289729.7297297297,80.48048048048048,1.0380136163960981e-20,3.582692540929891e-26,0.5,1200,green
290090.0900900901,80.58058058058059,1.0393046767712083e-20,3.582692540929891e-26,0.5,1200,green
290450.4504504505,80.68068068068068,1.0405957371463181e-20,3.582692540929891e-26,0.5,1200,green
290810.8108108108,80.78078078078079,1.041886797521428e-20,3.582692540929891e-26,0.5,1200,green
291171.1711711712,80.88088088088088,1.0431778578965379e-20,3.582692540929891e-26,0.5,1200,green
291531.53153153154,80.98098098098099,1.0444689182716477e-20,3.582692540929891e-26,0.5,1200,green
291891.8918918919,81.08108108108108,1.0457599786467576e-20,3.582692540929891e-26,0.5,1200,green
292252.25225225225,81.18118118118119,1.0470510390218673e-20,3.582692540929891e-26,0.5,1200,green
292612.6126126126,81.28128128128128,1.0483420993969771e-20,3.582692540929891e-26,0.5,1200,green
292972.972972973,81.38138138138139,1.0496331597720873e-20,3.582692540929891e-26,0.5,1200,green
293333.3333333333,81.48148148148148,1.0509242201471969e-20,3.582692540929891e-26,0.5,1200,green
293693.6936936937,81.58158158158159,1.052215280522307e-20,3.582692540929891e-26,0.5,1200,green
294054.054054054,81.68168168168168,1.0535063408974166e-20,3.582692540929891e-26,0.5,1200,green
294414.41441441444,81.78178178178179,1.0547974012725267e-20,3.582692540929891e-26,0.5,1200,green
294774.7747747748,81.88188188188188,1.0560884616476366e-20,3.582692540929891e-26,0.5,1200,green
295135.13513513515,81.98198198198199,1.0573795220227463e-20,3.582692540929891e-26,0.5,1200,green
295495.4954954955,82.08208208208208,1.0586705823978562e-20,3.582692540929891e-26,0.5,1200,green
295855.85585585586,82.18218218218219,1.059961642772966e-20,3.582692540929891e-26,0.5,1200,green
296216.2162162162,82.28228228228228,1.0612527031480759e-20,3.582692540929891e-26,0.5,1200,green
296576.5765765766,82.38238238238239,1.062543763523186e-20,3.582692540929891e-26,0.5,1200,green
296936.9369369369,82.48248248248248,1.0638348238982956e-20,3.582692540929891e-26,0.5,1200,green
297297.29729729734,82.58258258258259,1.0651258842734058e-20,3.582692540929891e-26,0.5,1200,green
297657.65765765763,82.68268268268268,1.0664169446485153e-20,3.582692540929891e-26,0.5,1200,green
298018.01801801805,82.78278278278279,1.0677080050236253e-20,3.582692540929891e-26,0.5,1200,green
298378.3783783784,82.88288288288288,1.0689990653987352e-20,3.582692540929891e-26,0.5,1200,green
298738.73873873876,82.98298298298299,1.070290125773845e-20,3.582692540929891e-26,0.5,1200,green
299099.0990990991,83.08308308308308,1.0715811861489549e-20,3.582692540929891e-26,0.5,1200,green
299459.45945945947,83.18318318318319,1.0728722465240648e-20,3.582692540929891e-26,0.5,1200,green
299819.8198198198,83.28328328328328,1.0741633068991746e-20,3.582692540929891e-26,0.5,1200,green
300180.1801801802,83.38338338338339,1.0754543672742845e-20,3.582692540929891e-26,0.5,1200,green
300540.54054054053,83.48348348348348,1.0767454276493944e-20,3.582692540929891e-26,0.5,1200,green
300900.90090090095,83.58358358358359,1.0780364880245044e-20,3.582692540929891e-26,0.5,1200,green
301261.26126126124,83.68368368368368,1.079327548399614e-20,3.582692540929891e-26,0.5,1200,green
301621.62162162166,83.78378378378379,1.0806186087747241e-20,3.582692540929891e-26,0.5,1200,green
301981.98198198195,83.88388388388388,1.0819096691498338e-20,3.582692540929891e-26,0.5,1200,green
302342.34234234237,83.98398398398399,1.0832007295249438e-20,3.582692540929891e-26,0.5,1200,green
302702.7027027027,84.08408408408408,1.0844917899000537e-20,3.582692540929891e-26,0.5,1200,green
303063.0630630631,84.18418418418419,1.0857828502751635e-20,3.582692540929891e-26,0.5,1200,green
303423.42342342343,84.28428428428428,1.0870739106502734e-20,3.582692540929891e-26,0.5,1200,green
303783.7837837838,84.38438438438439,1.0883649710253832e-20,3.582692540929891e-26,0.5,1200,green
304144.14414414414,84.48448448448448,1.0896560314004931e-20,3.582692540929891e-26,0.5,1200,green
304504.5045045045,84.58458458458459,1.090947091775603e-20,3.582692540929891e-26,0.5,1200,green
304864.86486486485,84.68468468468468,1.0922381521507128e-20,3.582692540929891e-26,0.5,1200,green
305225.22522522527,84.78478478478479,1.0935292125258228e-20,3.582692540929891e-26,0.5,1200,green
305585.58558558556,84.88488488488488,1.0948202729009325e-20,3.582692540929891e-26,0.5,1200,green
305945.945945946,84.98498498498499,1.0961113332760425e-20,3.582692540929891e-26,0.5,1200,green
306306.3063063063,85.08508508508508,1.0974023936511523e-20,3.582692540929891e-26,0.5,1200,green
306666.6666666667,85.18518518518519,1.0986934540262623e-20,3.582692540929891e-26,0.5,1200,green
307027.02702702704,85.28528528528528,1.0999845144013721e-20,3.582692540929891e-26,0.5,1200,green
307387.3873873874,85.38538538538539,1.101275574776482e-20,3.582692540929891e-26,0.5,1200,green
307747.7477477478,85.4854854854855,1.102566635151592e-20,3.582692540929891e-26,0.5,1200,green
308108.1081081081,85.58558558558559,1.1038576955267017e-20,3.582692540929891e-26,0.5,1200,green
308468.4684684685,85.6856856856857,1.1051487559018117e-20,3.582692540929891e-26,0.5,1200,green
308828.8288288289,85.78578578578579,1.1064398162769216e-20,3.582692540929891e-26,0.5,1200,green
309189.18918918923,85.8858858858859,1.1077308766520314e-20,3.582692540929891e-26,0.5,1200,green
309549.5495495496,85.98598598598599,1.1090219370271413e-20,3.582692540929891e-26,0.5,1200,green
309909.90990990994,86.0860860860861,1.1103129974022511e-20,3.582692540929891e-26,0.5,1200,green
310270.2702702703,86.18618618618619,1.111604057777361e-20,3.582692540929891e-26,0.5,1200,green
310630.63063063065,86.2862862862863,1.1128951181524709e-20,3.582692540929891e-26,0.5,1200,green
310990.990990991,86.38638638638639,1.1141861785275807e-20,3.582692540929891e-26,0.5,1200,green
311351.3513513514,86.4864864864865,1.1154772389026907e-20,3.582692540929891e-26,0.5,1200,green
311711.7117117117,86.58658658658659,1.1167682992778004e-20,3.582692540929891e-26,0.5,1200,green
312072.07207207213,86.6866866866867,1.1180593596529105e-20,3.582692540929891e-26,0.5,1200,green
312432.4324324324,86.78678678678679,1.1193504200280202e-20,3.582692540929891e-26,0.5,1200,green
312792.79279279284,86.8868868868869,1.1206414804031302e-20,3.582692540929891e-26,0.5,1200,green
313153.1531531532,86.98698698698699,1.12193254077824e-20,3.582692540929891e-26,0.5,1200,green
313513.51351351355,87.0870870870871,1.1232236011533499e-20,3.582692540929891e-26,0.5,1200,green
313873.8738738739,87.18718718718719,1.1245146615284598e-20,3.582692540929891e-26,0.5,1200,green
314234.23423423426,87.2872872872873,1.1258057219035696e-20,3.582692540929891e-26,0.5,1200,green
314594.5945945946,87.38738738738739,1.1270967822786795e-20,3.582692540929891e-26,0.5,1200,green
314954.95495495497,87.4874874874875,1.1283878426537893e-20,3.582692540929891e-26,0.5,1200,green
315315.3153153153,87.58758758758759,1.1296789030288992e-20,3.582692540929891e-26,0.5,1200,green
315675.67567567574,87.6876876876877,1.1309699634040092e-20,3.582692540929891e-26,0.5,1200,green
316036.03603603604,87.78778778778779,1.1322610237791188e-20,3.582692540929891e-26,0.5,1200,green
316396.39639639645,87.8878878878879,1.1335520841542289e-20,3.582692540929891e-26,0.5,1200,green
316756.75675675675,87.98798798798799,1.1348431445293385e-20,3.582692540929891e-26,0.5,1200,green
317117.11711711716,88.0880880880881,1.1361342049044486e-20,3.582692540929891e-26,0.5,1200,green
317477.4774774775,88.18818818818819,1.1374252652795585e-20,3.582692540929891e-26,0.5,1200,green
317837.83783783787,88.2882882882883,1.1387163256546684e-20,3.582692540929891e-26,0.5,1200,green
318198.1981981982,88.38838838838839,1.1400073860297782e-20,3.582692540929891e-26,0.5,1200,green
318558.5585585586,88.4884884884885,1.141298446404888e-20,3.582692540929891e-26,0.5,1200,green
318918.91891891893,88.58858858858859,1.1425895067799978e-20,3.582692540929891e-26,0.5,1200,green
319279.27927927935,88.6886886886887,1.143880567155108e-20,3.582692540929891e-26,0.5,1200,green
319639.63963963964,88.78878878878879,1.1451716275302175e-20,3.582692540929891e-26,0.5,1200,green
320000.00000000006,88.8888888888889,1.1464626879053277e-20,3.582692540929891e-26,0.5,1200,green
320360.36036036036,88.988988988989,1.1477537482804372e-20,3.582692540929891e-26,0.5,1200,green
320720.72072072077,89.0890890890891,1.1490448086555474e-20,3.582692540929891e-26,0.5,1200,green
321081.0810810811,89.1891891891892,1.1503358690306572e-20,3.582692540929891e-26,0.5,1200,green
321441.4414414415,89.2892892892893,1.1516269294057671e-20,3.582692540929891e-26,0.5,1200,green
321801.80180180183,89.3893893893894,1.1529179897808768e-20,3.582692540929891e-26,0.5,1200,green
322162.1621621622,89.4894894894895,1.1542090501559867e-20,3.582692540929891e-26,0.5,1200,green
322522.52252252254,89.5895895895896,1.1555001105310965e-20,3.582692540929891e-26,0.5,1200,green
322882.8828828829,89.6896896896897,1.1567911709062064e-20,3.582692540929891e-26,0.5,1200,green
323243.24324324325,89.7897897897898,1.1580822312813162e-20,3.582692540929891e-26,0.5,1200,green
323603.60360360367,89.8898898898899,1.1593732916564264e-20,3.582692540929891e-26,0.5,1200,green
323963.96396396396,89.98998998999,1.160664352031536e-20,3.582692540929891e-26,0.5,1200,green
324324.3243243244,90.0900900900901,1.1619554124066461e-20,3.582692540929891e-26,0.5,1200,green
324684.6846846847,90.1901901901902,1.1632464727817557e-20,3.582692540929891e-26,0.5,1200,green
325045.0450450451,90.2902902902903,1.1645375331568657e-20,3.582692540929891e-26,0.5,1200,green
325405.40540540544,90.3903903903904,1.1658285935319756e-20,3.582692540929891e-26,0.5,1200,green
325765.7657657658,90.4904904904905,1.1671196539070854e-20,3.582692540929891e-26,0.5,1200,green
326126.12612612615,90.5905905905906,1.1684107142821953e-20,3.582692540929891e-26,0.5,1200,green
326486.4864864865,90.6906906906907,1.1697017746573051e-20,3.582692540929891e-26,0.5,1200,green
326846.84684684686,90.7907907907908,1.170992835032415e-20,3.582692540929891e-26,0.5,1200,green
327207.2072072072,90.8908908908909,1.1722838954075248e-20,3.582692540929891e-26,0.5,1200,green
327567.5675675676,90.990990990991,1.1735749557826347e-20,3.582692540929891e-26,0.5,1200,green
327927.927927928,91.0910910910911,1.1748660161577447e-20,3.582692540929891e-26,0.5,1200,green
328288.2882882883,91.1911911911912,1.1761570765328544e-20,3.582692540929891e-26,0.5,1200,green
328648.6486486487,91.2912912912913,1.1774481369079644e-20,3.582692540929891e-26,0.5,1200,green
329009.009009009,91.3913913913914,1.1787391972830741e-20,3.582692540929891e-26,0.5,1200,green
329369.3693693694,91.4914914914915,1.1800302576581842e-20,3.582692540929891e-26,0.5,1200,green
329729.72972972976,91.5915915915916,1.181321318033294e-20,3.582692540929891e-26,0.5,1200,green
330090.0900900901,91.6916916916917,1.1826123784084039e-20,3.582692540929891e-26,0.5,1200,green
330450.4504504505,91.7917917917918,1.1839034387835137e-20,3.582692540929891e-26,0.5,1200,green
330810.8108108108,91.8918918918919,1.1851944991586236e-20,3.582692540929891e-26,0.5,1200,green
331171.1711711712,91.991991991992,1.1864855595337335e-20,3.582692540929891e-26,0.5,1200,green
331531.53153153154,92.0920920920921,1.1877766199088433e-20,3.582692540929891e-26,0.5,1200,green
331891.8918918919,92.1921921921922,1.1890676802839532e-20,3.582692540929891e-26,0.5,1200,green
332252.2522522523,92.2922922922923,1.1903587406590632e-20,3.582692540929891e-26,0.5,1200,green
332612.6126126126,92.3923923923924,1.1916498010341729e-20,3.582692540929891e-26,0.5,1200,green
332972.972972973,92.4924924924925,1.1929408614092829e-20,3.582692540929891e-26,0.5,1200,green
333333.3333333333,92.5925925925926,1.1942319217843926e-20,3.582692540929891e-26,0.5,1200,green
333693.6936936937,92.6926926926927,1.1955229821595026e-20,3.582692540929891e-26,0.5,1200,green
334054.0540540541,92.7927927927928,1.1968140425346125e-20,3.582692540929891e-26,0.5,1200,green
334414.41441441444,92.8928928928929,1.1981051029097223e-20,3.582692540929891e-26,0.5,1200,green
334774.7747747748,92.992992992993,1.1993961632848322e-20,3.582692540929891e-26,0.5,1200,green
335135.13513513515,93.0930930930931,1.200687223659942e-20,3.582692540929891e-26,0.5,1200,green
335495.4954954955,93.1931931931932,1.2019782840350519e-20,3.582692540929891e-26,0.5,1200,green
335855.8558558559,93.2932932932933,1.2032693444101619e-20,3.582692540929891e-26,0.5,1200,green
336216.2162162162,93.3933933933934,1.2045604047852716e-20,3.582692540929891e-26,0.5,1200,green
336576.5765765766,93.4934934934935,1.2058514651603816e-20,3.582692540929891e-26,0.5,1200,green
336936.9369369369,93.5935935935936,1.2071425255354914e-20,3.582692540929891e-26,0.5,1200,green
337297.29729729734,93.6936936936937,1.2084335859106014e-20,3.582692540929891e-26,0.5,1200,green
337657.6576576577,93.7937937937938,1.2097246462857112e-20,3.582692540929891e-26,0.5,1200,green
338018.01801801805,93.8938938938939,1.2110157066608211e-20,3.582692540929891e-26,0.5,1200,green
338378.3783783784,93.993993993994,1.212306767035931e-20,3.582692540929891e-26,0.5,1200,green
338738.73873873876,94.0940940940941,1.2135978274110408e-20,3.582692540929891e-26,0.5,1200,green
339099.0990990991,94.1941941941942,1.2148888877861507e-20,3.582692540929891e-26,0.5,1200,green
339459.45945945947,94.2942942942943,1.2161799481612605e-20,3.582692540929891e-26,0.5,1200,green
339819.8198198198,94.3943943943944,1.2174710085363704e-20,3.582692540929891e-26,0.5,1200,green
340180.18018018024,94.4944944944945,1.2187620689114804e-20,3.582692540929891e-26,0.5,1200,green
340540.54054054053,94.5945945945946,1.22005312928659e-20,3.582692540929891e-26,0.5,1200,green
340900.90090090095,94.6946946946947,1.2213441896617001e-20,3.582692540929891e-26,0.5,1200,green
341261.26126126124,94.7947947947948,1.2226352500368097e-20,3.582692540929891e-26,0.5,1200,green
341621.62162162166,94.8948948948949,1.2239263104119198e-20,3.582692540929891e-26,0.5,1200,green
341981.981981982,94.994994994995,1.2252173707870297e-20,3.582692540929891e-26,0.5,1200,green
342342.34234234237,95.0950950950951,1.2265084311621395e-20,3.582692540929891e-26,0.5,1200,green
342702.7027027027,95.1951951951952,1.2277994915372493e-20,3.582692540929891e-26,0.5,1200,green
343063.0630630631,95.2952952952953,1.2290905519123591e-20,3.582692540929891e-26,0.5,1200,green
343423.42342342343,95.3953953953954,1.230381612287469e-20,3.582692540929891e-26,0.5,1200,green
343783.7837837838,95.4954954954955,1.2316726726625788e-20,3.582692540929891e-26,0.5,1200,green
344144.14414414414,95.5955955955956,1.2329637330376887e-20,3.582692540929891e-26,0.5,1200,green
344504.50450450456,95.6956956956957,1.2342547934127988e-20,3.582692540929891e-26,0.5,1200,green
344864.86486486485,95.7957957957958,1.2355458537879084e-20,3.582692540929891e-26,0.5,1200,green
345225.22522522527,95.8958958958959,1.2368369141630186e-20,3.582692540929891e-26,0.5,1200,green
345585.58558558556,95.995995995996,1.2381279745381281e-20,3.582692540929891e-26,0.5,1200,green
345945.945945946,96.0960960960961,1.2394190349132381e-20,3.582692540929891e-26,0.5,1200,green
346306.30630630633,96.1961961961962,1.240710095288348e-20,3.582692540929891e-26,0.5,1200,green
346666.6666666667,96.2962962962963,1.2420011556634579e-20,3.582692540929891e-26,0.5,1200,green
347027.02702702704,96.3963963963964,1.2432922160385677e-20,3.582692540929891e-26,0.5,1200,green
347387.3873873874,96.4964964964965,1.2445832764136776e-20,3.582692540929891e-26,0.5,1200,green
347747.74774774775,96.5965965965966,1.2458743367887874e-20,3.582692540929891e-26,0.5,1200,green
348108.10810810816,96.6966966966967,1.2471653971638976e-20,3.582692540929891e-26,0.5,1200,green
348468.46846846846,96.7967967967968,1.2484564575390072e-20,3.582692540929891e-26,0.5,1200,green
348828.8288288289,96.8968968968969,1.2497475179141172e-20,3.582692540929891e-26,0.5,1200,green
349189.1891891892,96.996996996997,1.2510385782892269e-20,3.582692540929891e-26,0.5,1200,green
349549.5495495496,97.0970970970971,1.2523296386643369e-20,3.582692540929891e-26,0.5,1200,green
349909.90990990994,97.1971971971972,1.2536206990394467e-20,3.582692540929891e-26,0.5,1200,green
350270.2702702703,97.2972972972973,1.2549117594145566e-20,3.582692540929891e-26,0.5,1200,green
350630.63063063065,97.3973973973974,1.2562028197896665e-20,3.582692540929891e-26,0.5,1200,green
350990.990990991,97.4974974974975,1.2574938801647763e-20,3.582692540929891e-26,0.5,1200,green
351351.35135135136,97.5975975975976,1.2587849405398862e-20,3.582692540929891e-26,0.5,1200,green
351711.7117117117,97.6976976976977,1.260076000914996e-20,3.582692540929891e-26,0.5,1200,green
352072.0720720721,97.7977977977978,1.2613670612901059e-20,3.582692540929891e-26,0.5,1200,green
352432.4324324325,97.8978978978979,1.2626581216652159e-20,3.582692540929891e-26,0.5,1200,green
352792.7927927928,97.997997997998,1.2639491820403256e-20,3.582692540929891e-26,0.5,1200,green
353153.1531531532,98.0980980980981,1.2652402424154356e-20,3.582692540929891e-26,0.5,1200,green
353513.5135135135,98.1981981981982,1.2665313027905453e-20,3.582692540929891e-26,0.5,1200,green
353873.8738738739,98.2982982982983,1.2678223631656553e-20,3.582692540929891e-26,0.5,1200,green
354234.23423423426,98.3983983983984,1.2691134235407652e-20,3.582692540929891e-26,0.5,1200,green
354594.5945945946,98.4984984984985,1.270404483915875e-20,3.582692540929891e-26,0.5,1200,green
354954.95495495497,98.5985985985986,1.2716955442909849e-20,3.582692540929891e-26,0.5,1200,green
355315.3153153153,98.6986986986987,1.2729866046660948e-20,3.582692540929891e-26,0.5,1200,green
355675.6756756757,98.7987987987988,1.2742776650412046e-20,3.582692540929891e-26,0.5,1200,green
356036.03603603604,98.8988988988989,1.2755687254163145e-20,3.582692540929891e-26,0.5,1200,green
356396.3963963964,98.998998998999,1.2768597857914244e-20,3.582692540929891e-26,0.5,1200,green
356756.7567567568,99.0990990990991,1.2781508461665344e-20,3.582692540929891e-26,0.5,1200,green
357117.1171171171,99.1991991991992,1.2794419065416441e-20,3.582692540929891e-26,0.5,1200,green
357477.4774774775,99.2992992992993,1.2807329669167541e-20,3.582692540929891e-26,0.5,1200,green
357837.8378378378,99.3993993993994,1.2820240272918638e-20,3.582692540929891e-26,0.5,1200,green
358198.1981981982,99.4994994994995,1.2833150876669738e-20,3.582692540929891e-26,0.5,1200,green
358558.5585585586,99.5995995995996,1.2846061480420837e-20,3.582692540929891e-26,0.5,1200,green
358918.91891891893,99.6996996996997,1.2858972084171935e-20,3.582692540929891e-26,0.5,1200,green
359279.2792792793,99.7997997997998,1.2871882687923034e-20,3.582692540929891e-26,0.5,1200,green
359639.63963963964,99.8998998998999,1.2884793291674132e-20,3.582692540929891e-26,0.5,1200,green
360000.0,100.0,1.2897703895425231e-20,3.582692540929891e-26,0.5,1200,green
0.0,0.0,0.0,1.5317051943374363e-26,0.5,1200,sintered
360.3603603603604,0.1001001001001001,5.519636087540706e-24,1.531693037038269e-26,0.5,1200,sintered
720.7207207207208,0.2002002002002002,1.1039230486323164e-23,1.531682037760164e-26,0.5,1200,sintered
1081.081081081081,0.3003003003003003,1.6558787167332988e-23,1.5316720861979652e-26,0.5,1200,sintered
1441.4414414414416,0.4004004004004004,2.2078309723306906e-23,1.531663082553431e-26,0.5,1200,sintered
1801.801801801802,0.5005005005005005,2.7597801404762136e-23,1.5316549365344158e-26,0.5,1200,sintered
2162.162162162162,0.6006006006006006,3.311726515259388e-23,1.531647566449386e-26,0.5,1200,sintered
2522.5225225225226,0.7007007007007008,3.863670362756784e-23,1.531640898388184e-26,0.5,1200,sintered
2882.882882882883,0.8008008008008008,4.415611923700336e-23,1.5316348654808274e-26,0.5,1200,sintered
3243.2432432432433,0.9009009009009009,4.967551415891503e-23,1.5316294072269107e-26,0.5,1200,sintered
3603.603603603604,1.001001001001001,5.519489036385472e-23,1.5316244688888827e-26,0.5,1200,sintered
3963.963963963964,1.1011011011011012,6.071424963467299e-23,1.5316200009431163e-26,0.5,1200,sintered
4324.324324324324,1.2012012012012012,6.623359358439828e-23,1.531615958583266e-26,0.5,1200,sintered
4684.684684684685,1.3013013013013013,7.1752923672413e-23,1.5316123012709318e-26,0.5,1200,sintered
5045.045045045045,1.4014014014014016,7.727224121908875e-23,1.5316089923291244e-26,0.5,1200,sintered
5405.405405405406,1.5015015015015016,8.279154741902758e-23,1.531605998574453e-26,0.5,1200,sintered
5765.765765765766,1.6016016016016017,8.8310843353042e-23,1.5316032899843497e-26,0.5,1200,sintered
6126.126126126126,1.7017017017017018,9.383012999899359e-23,1.5316008393959905e-26,0.5,1200,sintered
6486.486486486487,1.8018018018018018,9.934940824159966e-23,1.5315986222338963e-26,0.5,1200,sintered
6846.846846846847,1.9019019019019021,1.0486867888130536e-22,1.5315966162634795e-26,0.5,1200,sintered
7207.207207207208,2.002002002002002,1.103879426423109e-22,1.531594801368067e-26,0.5,1200,sintered
7567.567567567568,2.1021021021021022,1.1590720017983411e-22,1.5315931593471627e-26,0.5,1200,sintered
7927.927927927928,2.2022022022022023,1.2142645208668135e-22,1.5315916737339247e-26,0.5,1200,sintered
8288.288288288288,2.3023023023023024,1.2694569889919223e-22,1.53159032963003e-26,0.5,1200,sintered
8648.648648648648,2.4024024024024024,1.3246494110261835e-22,1.5315891135562676e-26,0.5,1200,sintered
9009.009009009009,2.5025025025025025,1.379841791359896e-22,1.531588013317364e-26,0.5,1200,sintered
9369.36936936937,2.6026026026026026,1.4350341339651676e-22,1.531587017879683e-26,0.5,1200,sintered
9729.729729729732,2.702702702702703,1.490226442435752e-22,1.5315861172605792e-26,0.5,1200,sintered
10090.09009009009,2.802802802802803,1.5454187200230855e-22,1.5315853024282832e-26,0.5,1200,sintered
10450.450450450451,2.902902902902903,1.6006109696688947e-22,1.5315845652113317e-26,0.5,1200,sintered
10810.810810810812,3.0030030030030033,1.6558031940346982e-22,1.5315838982166182e-26,0.5,1200,sintered
11171.171171171172,3.1031031031031033,1.7109953955284965e-22,1.5315832947552535e-26,0.5,1200,sintered
11531.531531531533,3.2032032032032034,1.7661875763289198e-22,1.5315827487754856e-26,0.5,1200,sintered
11891.891891891892,3.3033033033033035,1.8213797384070769e-22,1.5315822548020115e-26,0.5,1200,sintered
12252.252252252252,3.4034034034034035,1.8765718835463237e-22,1.5315818078810676e-26,0.5,1200,sintered
12612.612612612613,3.5035035035035036,1.931764013360144e-22,1.531581403530752e-26,0.5,1200,sintered
12972.972972972973,3.6036036036036037,1.986956129308333e-22,1.5315810376960787e-26,0.5,1200,sintered
13333.333333333334,3.7037037037037037,2.0421482327116365e-22,1.531580706708311e-26,0.5,1200,sintered
13693.693693693695,3.8038038038038042,2.0973403247649935e-22,1.5315804072481713e-26,0.5,1200,sintered
14054.054054054055,3.9039039039039043,2.1525324065495227e-22,1.5315801363125536e-26,0.5,1200,sintered
14414.414414414416,4.004004004004004,2.207724479043362e-22,1.5315798911844075e-26,0.5,1200,sintered
14774.774774774776,4.104104104104104,2.262916543131479e-22,1.53157966940549e-26,0.5,1200,sintered
15135.135135135137,4.2042042042042045,2.3181085996145457e-22,1.5315794687517132e-26,0.5,1200,sintered
15495.495495495496,4.3043043043043046,2.373300649216966e-22,1.5315792872108412e-26,0.5,1200,sintered
15855.855855855856,4.404404404404405,2.4284926925941447e-22,1.5315791229623096e-26,0.5,1200,sintered
16216.216216216217,4.504504504504505,2.483684730339054e-22,1.531578974358968e-26,0.5,1200,sintered
16576.576576576575,4.604604604604605,2.5388767629881864e-22,1.531578839910563e-26,0.5,1200,sintered
16936.936936936938,4.704704704704705,2.594068791026931e-22,1.5315787182687925e-26,0.5,1200,sintered
17297.297297297297,4.804804804804805,2.6492608148944404e-22,1.5315786082137842e-26,0.5,1200,sintered
17657.65765765766,4.904904904904905,2.7044528349880396e-22,1.531578508641862e-26,0.5,1200,sintered
18018.018018018018,5.005005005005005,2.7596448516672043e-22,1.5315784185544793e-26,0.5,1200,sintered
18378.378378378377,5.105105105105105,2.81483686525717e-22,1.5315783370482038e-26,0.5,1200,sintered
18738.73873873874,5.205205205205205,2.8700288760521935e-22,1.531578263305658e-26,0.5,1200,sintered
19099.099099099098,5.305305305305305,2.925220884318501e-22,1.5315781965873217e-26,0.5,1200,sintered
19459.459459459464,5.405405405405406,2.9804128902969617e-22,1.5315781362241176e-26,0.5,1200,sintered
19819.819819819822,5.505505505505506,3.0356048942054994e-22,1.5315780816106988e-26,0.5,1200,sintered
20180.18018018018,5.605605605605606,3.090796896241281e-22,1.5315780321993804e-26,0.5,1200,sintered
20540.540540540544,5.705705705705706,3.145988896582692e-22,1.5315779874946458e-26,0.5,1200,sintered
20900.900900900902,5.805805805805806,3.2011808953911273e-22,1.531577947048178e-26,0.5,1200,sintered
21261.261261261265,5.9059059059059065,3.2563728928126073e-22,1.5315779104543637e-26,0.5,1200,sintered
21621.621621621623,6.0060060060060065,3.3115648889792437e-22,1.5315778773462256e-26,0.5,1200,sintered
21981.981981981982,6.106106106106107,3.366756884010564e-22,1.5315778473917418e-26,0.5,1200,sintered
22342.342342342345,6.206206206206207,3.421948878014712e-22,1.5315778202905173e-26,0.5,1200,sintered
22702.702702702703,6.306306306306307,3.4771408710895277e-22,1.5315777957707695e-26,0.5,1200,sintered
23063.063063063066,6.406406406406407,3.532332863323534e-22,1.5315777735866054e-26,0.5,1200,sintered
23423.423423423425,6.506506506506507,3.58752485479682e-22,1.5315777535155525e-26,0.5,1200,sintered
23783.783783783783,6.606606606606607,3.642716845581846e-22,1.5315777353563306e-26,0.5,1200,sintered
24144.144144144146,6.706706706706707,3.6979088357441725e-22,1.531577718926832e-26,0.5,1200,sintered
24504.504504504504,6.806806806806807,3.7531008253431128e-22,1.531577704062295e-26,0.5,1200,sintered
24864.864864864867,6.906906906906907,3.808292814432331e-22,1.531577690613652e-26,0.5,1200,sintered
25225.225225225226,7.007007007007007,3.86348480306038e-22,1.5315776784460344e-26,0.5,1200,sintered
25585.585585585584,7.107107107107107,3.9186767912711875e-22,1.531577667437421e-26,0.5,1200,sintered
25945.945945945947,7.207207207207207,3.9738687791044976e-22,1.5315776574774126e-26,0.5,1200,sintered
26306.306306306305,7.307307307307307,4.0290607665962673e-22,1.5315776484661263e-26,0.5,1200,sintered
26666.666666666668,7.407407407407407,4.08425275377903e-22,1.5315776403131934e-26,0.5,1200,sintered
27027.02702702703,7.507507507507508,4.13944474068222e-22,1.5315776329368532e-26,0.5,1200,sintered
27387.38738738739,7.6076076076076085,4.1946367273324656e-22,1.5315776262631327e-26,0.5,1200,sintered
27747.74774774775,7.7077077077077085,4.249828713753863e-22,1.531577620225105e-26,0.5,1200,sintered
28108.10810810811,7.807807807807809,4.305020699968209e-22,1.5315776147622185e-26,0.5,1200,sintered
28468.468468468473,7.907907907907909,4.360212685995227e-22,1.5315776098196892e-26,0.5,1200,sintered
28828.82882882883,8.008008008008009,4.415404671852758e-22,1.5315776053479512e-26,0.5,1200,sintered
29189.18918918919,8.108108108108109,4.470596657556949e-22,1.5315776013021605e-26,0.5,1200,sintered
29549.549549549552,8.208208208208209,4.525788643122406e-22,1.531577597641744e-26,0.5,1200,sintered
29909.90990990991,8.308308308308309,4.580980628562343e-22,1.5315775943299938e-26,0.5,1200,sintered
30270.270270270274,8.408408408408409,4.636172613888716e-22,1.5315775913336983e-26,0.5,1200,sintered
30630.630630630632,8.508508508508509,4.691364599112344e-22,1.5315775886228095e-26,0.5,1200,sintered
30990.99099099099,8.608608608608609,4.74655658424301e-22,1.531577586170141e-26,0.5,1200,sintered
31351.351351351354,8.70870870870871,4.801748569289574e-22,1.5315775839510973e-26,0.5,1200,sintered
31711.711711711712,8.80880880880881,4.856940554260042e-22,1.5315775819434242e-26,0.5,1200,sintered
32072.072072072075,8.90890890890891,4.912132539161666e-22,1.5315775801269886e-26,0.5,1200,sintered
32432.432432432433,9.00900900900901,4.9673245240010015e-22,1.531577578483574e-26,0.5,1200,sintered
32792.792792792796,9.10910910910911,5.022516508783984e-22,1.5315775769967e-26,0.5,1200,sintered
33153.15315315315,9.20920920920921,5.077708493515978e-22,1.5315775756514552e-26,0.5,1200,sintered
33513.51351351351,9.30930930930931,5.132900478201843e-22,1.5315775744343493e-26,0.5,1200,sintered
33873.873873873876,9.40940940940941,5.188092462845972e-22,1.5315775733331766e-26,0.5,1200,sintered
34234.23423423424,9.50950950950951,5.243284447452342e-22,1.531577572336894e-26,0.5,1200,sintered
34594.59459459459,9.60960960960961,5.298476432024545e-22,1.5315775714355106e-26,0.5,1200,sintered
34954.954954954956,9.70970970970971,5.3536684165658405e-22,1.5315775706199867e-26,0.5,1200,sintered
35315.31531531532,9.80980980980981,5.408860401079171e-22,1.531577569882144e-26,0.5,1200,sintered
35675.67567567567,9.90990990990991,5.464052385567199e-22,1.5315775692145833e-26,0.5,1200,sintered
36036.036036036036,10.01001001001001,5.519244370032337e-22,1.5315775686106097e-26,0.5,1200,sintered
36396.3963963964,10.11011011011011,5.574436354476763e-22,1.5315775680641666e-26,0.5,1200,sintered
36756.75675675675,10.21021021021021,5.62962833890245e-22,1.5315775675697737e-26,0.5,1200,sintered
37117.117117117115,10.31031031031031,5.684820323311186e-22,1.5315775671224734e-26,0.5,1200,sintered
37477.47747747748,10.41041041041041,5.740012307704583e-22,1.53157756671778e-26,0.5,1200,sintered
37837.83783783784,10.51051051051051,5.7952042920841025e-22,1.531577566351635e-26,0.5,1200,sintered
38198.198198198195,10.61061061061061,5.850396276451065e-22,1.5315775660203662e-26,0.5,1200,sintered
38558.558558558565,10.710710710710712,5.90558826080667e-22,1.531577565720652e-26,0.5,1200,sintered
38918.91891891893,10.810810810810812,5.960780245151996e-22,1.5315775654494864e-26,0.5,1200,sintered
39279.27927927928,10.910910910910912,6.015972229488024e-22,1.53157756520415e-26,0.5,1200,sintered
39639.639639639645,11.011011011011012,6.071164213815639e-22,1.531577564982183e-26,0.5,1200,sintered
40000.00000000001,11.111111111111112,6.126356198135643e-22,1.5315775647813587e-26,0.5,1200,sintered
40360.36036036036,11.211211211211213,6.181548182448759e-22,1.531577564599664e-26,0.5,1200,sintered
40720.720720720725,11.311311311311313,6.2367401667556465e-22,1.531577564435276e-26,0.5,1200,sintered
41081.08108108109,11.411411411411413,6.291932151056895e-22,1.5315775642865465e-26,0.5,1200,sintered
41441.44144144144,11.511511511511513,6.347124135353044e-22,1.531577564151984e-26,0.5,1200,sintered
41801.801801801805,11.611611611611613,6.402316119644579e-22,1.531577564030239e-26,0.5,1200,sintered
42162.16216216217,11.711711711711713,6.45750810393194e-22,1.5315775639200904e-26,0.5,1200,sintered
42522.52252252253,11.811811811811813,6.512700088215523e-22,1.5315775638204343e-26,0.5,1200,sintered
42882.882882882885,11.911911911911913,6.567892072495688e-22,1.5315775637302702e-26,0.5,1200,sintered
43243.24324324325,12.012012012012013,6.623084056772762e-22,1.5315775636486947e-26,0.5,1200,sintered
43603.60360360361,12.112112112112113,6.678276041047039e-22,1.5315775635748897e-26,0.5,1200,sintered
43963.963963963964,12.212212212212213,6.733468025318784e-22,1.5315775635081147e-26,0.5,1200,sintered
44324.32432432433,12.312312312312313,6.788660009588241e-22,1.5315775634477004e-26,0.5,1200,sintered
44684.68468468469,12.412412412412413,6.843851993855626e-22,1.5315775633930405e-26,0.5,1200,sintered
45045.04504504505,12.512512512512513,6.899043978121136e-22,1.5315775633435874e-26,0.5,1200,sintered
45405.40540540541,12.612612612612613,6.954235962384949e-22,1.5315775632988446e-26,0.5,1200,sintered
45765.76576576577,12.712712712712714,7.0094279466472285e-22,1.5315775632583638e-26,0.5,1200,sintered
46126.12612612613,12.812812812812814,7.064619930908121e-22,1.531577563221739e-26,0.5,1200,sintered
46486.48648648649,12.912912912912914,7.119811915167756e-22,1.5315775631886026e-26,0.5,1200,sintered
46846.84684684685,13.013013013013014,7.175003899426256e-22,1.531577563158623e-26,0.5,1200,sintered
47207.20720720721,13.113113113113114,7.230195883683729e-22,1.5315775631314985e-26,0.5,1200,sintered
47567.56756756757,13.213213213213214,7.285387867940268e-22,1.531577563106958e-26,0.5,1200,sintered
47927.92792792793,13.313313313313314,7.340579852195969e-22,1.531577563084755e-26,0.5,1200,sintered
48288.28828828829,13.413413413413414,7.395771836450907e-22,1.531577563064667e-26,0.5,1200,sintered
48648.648648648654,13.513513513513514,7.450963820705158e-22,1.5315775630464924e-26,0.5,1200,sintered
49009.00900900901,13.613613613613614,7.506155804958783e-22,1.531577563030049e-26,0.5,1200,sintered
49369.36936936937,13.713713713713714,7.561347789211847e-22,1.5315775630151716e-26,0.5,1200,sintered
49729.729729729734,13.813813813813814,7.616539773464398e-22,1.5315775630017117e-26,0.5,1200,sintered
50090.09009009009,13.913913913913914,7.671731757716488e-22,1.5315775629895337e-26,0.5,1200,sintered
50450.45045045045,14.014014014014014,7.726923741968162e-22,1.5315775629785157e-26,0.5,1200,sintered
50810.81081081081,14.114114114114114,7.782115726219458e-22,1.5315775629685473e-26,0.5,1200,sintered
51171.17117117117,14.214214214214214,7.837307710470411e-22,1.5315775629595285e-26,0.5,1200,sintered
51531.53153153153,14.314314314314315,7.892499694721056e-22,1.5315775629513686e-26,0.5,1200,sintered
51891.89189189189,14.414414414414415,7.94769167897142e-22,1.531577562943986e-26,0.5,1200,sintered
52252.252252252256,14.514514514514515,8.002883663221532e-22,1.5315775629373066e-26,0.5,1200,sintered
52612.61261261261,14.614614614614615,8.058075647471413e-22,1.5315775629312635e-26,0.5,1200,sintered
52972.97297297297,14.714714714714715,8.113267631721089e-22,1.5315775629257959e-26,0.5,1200,sintered
53333.333333333336,14.814814814814815,8.168459615970577e-22,1.531577562920849e-26,0.5,1200,sintered
53693.69369369369,14.914914914914915,8.223651600219893e-22,1.5315775629163735e-26,0.5,1200,sintered
54054.05405405406,15.015015015015017,8.27884358446906e-22,1.5315775629123244e-26,0.5,1200,sintered
54414.41441441442,15.115115115115117,8.334035568718086e-22,1.5315775629086608e-26,0.5,1200,sintered
54774.77477477478,15.215215215215217,8.389227552966985e-22,1.5315775629053464e-26,0.5,1200,sintered
55135.13513513514,15.315315315315317,8.444419537215772e-22,1.5315775629023474e-26,0.5,1200,sintered
55495.4954954955,15.415415415415417,8.499611521464455e-22,1.5315775628996342e-26,0.5,1200,sintered
55855.85585585586,15.515515515515517,8.554803505713047e-22,1.5315775628971796e-26,0.5,1200,sintered
56216.21621621622,15.615615615615617,8.609995489961553e-22,1.5315775628949586e-26,0.5,1200,sintered
56576.57657657658,15.715715715715717,8.665187474209983e-22,1.5315775628929492e-26,0.5,1200,sintered
56936.936936936945,15.815815815815817,8.720379458458344e-22,1.531577562891131e-26,0.5,1200,sintered
57297.2972972973,15.915915915915917,8.775571442706642e-22,1.5315775628894864e-26,0.5,1200,sintered
57657.65765765766,16.016016016016017,8.830763426954885e-22,1.5315775628879984e-26,0.5,1200,sintered
58018.018018018025,16.116116116116117,8.885955411203078e-22,1.5315775628866518e-26,0.5,1200,sintered
58378.37837837838,16.216216216216218,8.941147395451221e-22,1.531577562885434e-26,0.5,1200,sintered
58738.73873873874,16.316316316316318,8.996339379699325e-22,1.5315775628843316e-26,0.5,1200,sintered
59099.099099099105,16.416416416416418,9.051531363947392e-22,1.5315775628833346e-26,0.5,1200,sintered
59459.45945945947,16.516516516516518,9.106723348195422e-22,1.5315775628824323e-26,0.5,1200,sintered
59819.81981981982,16.616616616616618,9.161915332443423e-22,1.531577562881616e-26,0.5,1200,sintered
60180.180180180185,16.716716716716718,9.217107316691395e-22,1.5315775628808777e-26,0.5,1200,sintered
60540.54054054055,16.816816816816818,9.272299300939343e-22,1.5315775628802096e-26,0.5,1200,sintered
60900.9009009009,16.916916916916918,9.327491285187267e-22,1.5315775628796052e-26,0.5,1200,sintered
61261.261261261265,17.017017017017018,9.382683269435172e-22,1.5315775628790582e-26,0.5,1200,sintered
61621.62162162163,17.117117117117118,9.437875253683058e-22,1.5315775628785634e-26,0.5,1200,sintered
61981.98198198198,17.217217217217218,9.493067237930925e-22,1.5315775628781157e-26,0.5,1200,sintered
62342.342342342345,17.31731731731732,9.548259222178777e-22,1.5315775628777105e-26,0.5,1200,sintered
62702.70270270271,17.41741741741742,9.603451206426615e-22,1.5315775628773443e-26,0.5,1200,sintered
63063.06306306307,17.51751751751752,9.658643190674443e-22,1.5315775628770126e-26,0.5,1200,sintered
63423.423423423425,17.61761761761762,9.713835174922256e-22,1.5315775628767127e-26,0.5,1200,sintered
63783.78378378379,17.71771771771772,9.76902715917006e-22,1.5315775628764412e-26,0.5,1200,sintered
64144.14414414415,17.81781781781782,9.824219143417856e-22,1.5315775628761958e-26,0.5,1200,sintered
64504.504504504504,17.91791791791792,9.879411127665642e-22,1.5315775628759737e-26,0.5,1200,sintered
64864.86486486487,18.01801801801802,9.934603111913421e-22,1.5315775628757725e-26,0.5,1200,sintered
65225.22522522523,18.11811811811812,9.989795096161194e-22,1.5315775628755908e-26,0.5,1200,sintered
65585.58558558559,18.21821821821822,1.004498708040896e-21,1.531577562875426e-26,0.5,1200,sintered
65945.94594594595,18.31831831831832,1.010017906465672e-21,1.5315775628752774e-26,0.5,1200,sintered
66306.3063063063,18.41841841841842,1.0155371048904476e-21,1.5315775628751426e-26,0.5,1200,sintered
66666.66666666667,18.51851851851852,1.0210563033152226e-21,1.531577562875021e-26,0.5,1200,sintered
67027.02702702703,18.61861861861862,1.0265755017399973e-21,1.5315775628749107e-26,0.5,1200,sintered
67387.3873873874,18.71871871871872,1.0320947001647716e-21,1.5315775628748108e-26,0.5,1200,sintered
67747.74774774775,18.81881881881882,1.0376138985895455e-21,1.5315775628747207e-26,0.5,1200,sintered
68108.1081081081,18.91891891891892,1.043133097014319e-21,1.531577562874639e-26,0.5,1200,sintered
68468.46846846848,19.01901901901902,1.0486522954390926e-21,1.531577562874565e-26,0.5,1200,sintered
68828.82882882883,19.11911911911912,1.0541714938638656e-21,1.5315775628744983e-26,0.5,1200,sintered
69189.18918918919,19.21921921921922,1.0596906922886383e-21,1.5315775628744377e-26,0.5,1200,sintered
69549.54954954956,19.31931931931932,1.0652098907134111e-21,1.5315775628743832e-26,0.5,1200,sintered
69909.90990990991,19.41941941941942,1.0707290891381834e-21,1.5315775628743335e-26,0.5,1200,sintered
70270.27027027027,19.51951951951952,1.0762482875629556e-21,1.5315775628742888e-26,0.5,1200,sintered
70630.63063063064,19.61961961961962,1.081767485987728e-21,1.5315775628742483e-26,0.5,1200,sintered
70990.99099099099,19.71971971971972,1.0872866844124998e-21,1.5315775628742116e-26,0.5,1200,sintered
71351.35135135135,19.81981981981982,1.0928058828372717e-21,1.5315775628741786e-26,0.5,1200,sintered
71711.71171171172,19.91991991991992,1.0983250812620435e-21,1.5315775628741484e-26,0.5,1200,sintered
72072.07207207207,20.02002002002002,1.1038442796868152e-21,1.5315775628741212e-26,0.5,1200,sintered
72432.43243243243,20.12012012012012,1.1093634781115867e-21,1.5315775628740968e-26,0.5,1200,sintered
72792.7927927928,20.22022022022022,1.1148826765363582e-21,1.5315775628740744e-26,0.5,1200,sintered
73153.15315315315,20.32032032032032,1.1204018749611296e-21,1.5315775628740543e-26,0.5,1200,sintered
73513.5135135135,20.42042042042042,1.1259210733859007e-21,1.5315775628740362e-26,0.5,1200,sintered
73873.87387387388,20.52052052052052,1.1314402718106724e-21,1.53157756287402e-26,0.5,1200,sintered
74234.23423423423,20.62062062062062,1.1369594702354433e-21,1.531577562874005e-26,0.5,1200,sintered
74594.5945945946,20.72072072072072,1.1424786686602148e-21,1.5315775628739914e-26,0.5,1200,sintered
74954.95495495496,20.82082082082082,1.1479978670849857e-21,1.531577562873979e-26,0.5,1200,sintered
75315.31531531531,20.92092092092092,1.1535170655097566e-21,1.5315775628739682e-26,0.5,1200,sintered
75675.67567567568,21.02102102102102,1.1590362639345279e-21,1.5315775628739582e-26,0.5,1200,sintered
76036.03603603604,21.12112112112112,1.1645554623592988e-21,1.5315775628739493e-26,0.5,1200,sintered
76396.39639639639,21.22122122122122,1.1700746607840699e-21,1.531577562873941e-26,0.5,1200,sintered
76756.75675675676,21.32132132132132,1.1755938592088408e-21,1.5315775628739338e-26,0.5,1200,sintered
77117.11711711713,21.421421421421424,1.1811130576336119e-21,1.531577562873927e-26,0.5,1200,sintered
77477.47747747749,21.521521521521525,1.1866322560583826e-21,1.5315775628739209e-26,0.5,1200,sintered
77837.83783783785,21.621621621621625,1.1921514544831537e-21,1.5315775628739154e-26,0.5,1200,sintered
78198.19819819821,21.721721721721725,1.1976706529079244e-21,1.5315775628739105e-26,0.5,1200,sintered
78558.55855855856,21.821821821821825,1.2031898513326951e-21,1.531577562873906e-26,0.5,1200,sintered
78918.91891891893,21.921921921921925,1.2087090497574662e-21,1.531577562873902e-26,0.5,1200,sintered
79279.27927927929,22.022022022022025,1.214228248182237e-21,1.5315775628738982e-26,0.5,1200,sintered
79639.63963963964,22.122122122122125,1.2197474466070075e-21,1.531577562873895e-26,0.5,1200,sintered
80000.00000000001,22.222222222222225,1.2252666450317786e-21,1.531577562873892e-26,0.5,1200,sintered
80360.36036036037,22.322322322322325,1.2307858434565493e-21,1.5315775628738893e-26,0.5,1200,sintered
80720.72072072072,22.422422422422425,1.23630504188132e-21,1.5315775628738867e-26,0.5,1200,sintered
81081.0810810811,22.522522522522525,1.2418242403060907e-21,1.5315775628738847e-26,0.5,1200,sintered
81441.44144144145,22.622622622622625,1.2473434387308617e-21,1.5315775628738827e-26,0.5,1200,sintered
81801.8018018018,22.722722722722725,1.2528626371556322e-21,1.5315775628738807e-26,0.5,1200,sintered
82162.16216216217,22.822822822822825,1.258381835580403e-21,1.531577562873879e-26,0.5,1200,sintered
82522.52252252253,22.922922922922925,1.2639010340051738e-21,1.5315775628738775e-26,0.5,1200,sintered
82882.88288288288,23.023023023023026,1.2694202324299444e-21,1.5315775628738764e-26,0.5,1200,sintered
83243.24324324325,23.123123123123126,1.2749394308547153e-21,1.531577562873875e-26,0.5,1200,sintered
83603.60360360361,23.223223223223226,1.2804586292794858e-21,1.531577562873874e-26,0.5,1200,sintered
83963.96396396398,23.323323323323326,1.2859778277042569e-21,1.531577562873873e-26,0.5,1200,sintered
84324.32432432433,23.423423423423426,1.2914970261290274e-21,1.531577562873872e-26,0.5,1200,sintered
84684.68468468469,23.523523523523526,1.297016224553798e-21,1.5315775628738712e-26,0.5,1200,sintered
85045.04504504506,23.623623623623626,1.3025354229785689e-21,1.5315775628738703e-26,0.5,1200,sintered
85405.40540540541,23.723723723723726,1.3080546214033394e-21,1.5315775628738698e-26,0.5,1200,sintered
85765.76576576577,23.823823823823826,1.3135738198281101e-21,1.5315775628738692e-26,0.5,1200,sintered
86126.12612612614,23.923923923923926,1.3190930182528808e-21,1.5315775628738686e-26,0.5,1200,sintered
86486.4864864865,24.024024024024026,1.3246122166776516e-21,1.531577562873868e-26,0.5,1200,sintered
86846.84684684685,24.124124124124126,1.3301314151024223e-21,1.5315775628738678e-26,0.5,1200,sintered
87207.20720720722,24.224224224224226,1.335650613527193e-21,1.5315775628738672e-26,0.5,1200,sintered
87567.56756756757,24.324324324324326,1.3411698119519637e-21,1.531577562873867e-26,0.5,1200,sintered
87927.92792792793,24.424424424424426,1.3466890103767343e-21,1.5315775628738666e-26,0.5,1200,sintered
88288.2882882883,24.524524524524526,1.3522082088015052e-21,1.5315775628738663e-26,0.5,1200,sintered
88648.64864864865,24.624624624624627,1.3577274072262757e-21,1.531577562873866e-26,0.5,1200,sintered
89009.00900900901,24.724724724724727,1.3632466056510462e-21,1.5315775628738657e-26,0.5,1200,sintered
89369.36936936938,24.824824824824827,1.3687658040758171e-21,1.5315775628738655e-26,0.5,1200,sintered
89729.72972972973,24.924924924924927,1.3742850025005877e-21,1.5315775628738655e-26,0.5,1200,sintered
90090.0900900901,25.025025025025027,1.3798042009253586e-21,1.5315775628738652e-26,0.5,1200,sintered
90450.45045045046,25.125125125125127,1.3853233993501291e-21,1.531577562873865e-26,0.5,1200,sintered
90810.81081081081,25.225225225225227,1.3908425977748996e-21,1.531577562873865e-26,0.5,1200,sintered
91171.17117117118,25.325325325325327,1.3963617961996706e-21,1.5315775628738646e-26,0.5,1200,sintered
91531.53153153154,25.425425425425427,1.401880994624441e-21,1.5315775628738646e-26,0.5,1200,sintered
91891.8918918919,25.525525525525527,1.4074001930492118e-21,1.5315775628738646e-26,0.5,1200,sintered
92252.25225225226,25.625625625625627,1.4129193914739825e-21,1.5315775628738643e-26,0.5,1200,sintered
92612.61261261262,25.725725725725727,1.418438589898753e-21,1.5315775628738643e-26,0.5,1200,sintered
92972.97297297297,25.825825825825827,1.4239577883235238e-21,1.5315775628738643e-26,0.5,1200,sintered
93333.33333333334,25.925925925925927,1.4294769867482945e-21,1.531577562873864e-26,0.5,1200,sintered
93693.6936936937,26.026026026026027,1.4349961851730652e-21,1.531577562873864e-26,0.5,1200,sintered
94054.05405405405,26.126126126126128,1.4405153835978358e-21,1.531577562873864e-26,0.5,1200,sintered
94414.41441441442,26.226226226226228,1.4460345820226067e-21,1.531577562873864e-26,0.5,1200,sintered
94774.77477477478,26.326326326326328,1.4515537804473772e-21,1.531577562873864e-26,0.5,1200,sintered
95135.13513513513,26.426426426426428,1.4570729788721477e-21,1.5315775628738637e-26,0.5,1200,sintered
95495.4954954955,26.526526526526528,1.4625921772969186e-21,1.5315775628738637e-26,0.5,1200,sintered
95855.85585585586,26.626626626626628,1.4681113757216892e-21,1.5315775628738637e-26,0.5,1200,sintered
96216.21621621623,26.726726726726728,1.47363057414646e-21,1.5315775628738637e-26,0.5,1200,sintered
96576.57657657658,26.826826826826828,1.4791497725712306e-21,1.5315775628738637e-26,0.5,1200,sintered
96936.93693693694,26.926926926926928,1.4846689709960011e-21,1.5315775628738637e-26,0.5,1200,sintered
97297.29729729731,27.027027027027028,1.490188169420772e-21,1.5315775628738637e-26,0.5,1200,sintered
97657.65765765766,27.127127127127128,1.4957073678455426e-21,1.5315775628738637e-26,0.5,1200,sintered
98018.01801801802,27.227227227227228,1.5012265662703133e-21,1.5315775628738637e-26,0.5,1200,sintered
98378.37837837839,27.32732732732733,1.506745764695084e-21,1.5315775628738637e-26,0.5,1200,sintered
98738.73873873874,27.42742742742743,1.5122649631198548e-21,1.5315775628738637e-26,0.5,1200,sintered
99099.0990990991,27.52752752752753,1.5177841615446253e-21,1.5315775628738635e-26,0.5,1200,sintered
99459.45945945947,27.62762762762763,1.523303359969396e-21,1.5315775628738635e-26,0.5,1200,sintered
99819.81981981982,27.72772772772773,1.5288225583941667e-21,1.5315775628738635e-26,0.5,1200,sintered
100180.18018018018,27.82782782782783,1.5343417568189373e-21,1.5315775628738635e-26,0.5,1200,sintered
100540.54054054055,27.92792792792793,1.5398609552437082e-21,1.5315775628738635e-26,0.5,1200,sintered
100900.9009009009,28.02802802802803,1.5453801536684787e-21,1.5315775628738635e-26,0.5,1200,sintered
101261.26126126126,28.12812812812813,1.5508993520932492e-21,1.5315775628738635e-26,0.5,1200,sintered
101621.62162162163,28.22822822822823,1.5564185505180201e-21,1.5315775628738635e-26,0.5,1200,sintered
101981.98198198198,28.32832832832833,1.5619377489427907e-21,1.5315775628738635e-26,0.5,1200,sintered
102342.34234234234,28.42842842842843,1.5674569473675614e-21,1.5315775628738635e-26,0.5,1200,sintered
102702.7027027027,28.52852852852853,1.5729761457923321e-21,1.5315775628738635e-26,0.5,1200,sintered
103063.06306306306,28.62862862862863,1.5784953442171028e-21,1.5315775628738635e-26,0.5,1200,sintered
103423.42342342343,28.72872872872873,1.5840145426418736e-21,1.5315775628738635e-26,0.5,1200,sintered
103783.78378378379,28.82882882882883,1.589533741066644e-21,1.5315775628738635e-26,0.5,1200,sintered
104144.14414414414,28.92892892892893,1.5950529394914148e-21,1.5315775628738635e-26,0.5,1200,sintered
104504.50450450451,29.02902902902903,1.6005721379161855e-21,1.5315775628738635e-26,0.5,1200,sintered
104864.86486486487,29.12912912912913,1.6060913363409563e-21,1.5315775628738635e-26,0.5,1200,sintered
105225.22522522522,29.22922922922923,1.6116105347657268e-21,1.5315775628738635e-26,0.5,1200,sintered
105585.58558558559,29.32932932932933,1.6171297331904977e-21,1.5315775628738635e-26,0.5,1200,sintered
105945.94594594595,29.42942942942943,1.6226489316152682e-21,1.5315775628738635e-26,0.5,1200,sintered
106306.3063063063,29.52952952952953,1.6281681300400388e-21,1.5315775628738635e-26,0.5,1200,sintered
106666.66666666667,29.62962962962963,1.6336873284648097e-21,1.5315775628738635e-26,0.5,1200,sintered
107027.02702702703,29.72972972972973,1.6392065268895802e-21,1.5315775628738635e-26,0.5,1200,sintered
107387.38738738738,29.82982982982983,1.6447257253143507e-21,1.5315775628738635e-26,0.5,1200,sintered
107747.74774774777,29.929929929929934,1.6502449237391218e-21,1.5315775628738635e-26,0.5,1200,sintered
108108.10810810812,30.030030030030034,1.6557641221638926e-21,1.5315775628738635e-26,0.5,1200,sintered
108468.46846846848,30.130130130130134,1.661283320588663e-21,1.5315775628738635e-26,0.5,1200,sintered
108828.82882882885,30.230230230230234,1.6668025190134338e-21,1.5315775628738635e-26,0.5,1200,sintered
109189.1891891892,30.330330330330334,1.6723217174382045e-21,1.5315775628738635e-26,0.5,1200,sintered
109549.54954954956,30.430430430430434,1.677840915862975e-21,1.5315775628738635e-26,0.5,1200,sintered
109909.90990990993,30.530530530530534,1.683360114287746e-21,1.5315775628738635e-26,0.5,1200,sintered
110270.27027027028,30.630630630630634,1.6888793127125165e-21,1.5315775628738635e-26,0.5,1200,sintered
110630.63063063064,30.730730730730734,1.6943985111372874e-21,1.5315775628738635e-26,0.5,1200,sintered
110990.990990991,30.830830830830834,1.699917709562058e-21,1.5315775628738635e-26,0.5,1200,sintered
111351.35135135136,30.930930930930934,1.705436907986829e-21,1.5315775628738635e-26,0.5,1200,sintered
111711.71171171172,31.031031031031034,1.7109561064115994e-21,1.5315775628738635e-26,0.5,1200,sintered
112072.07207207209,31.131131131131134,1.7164753048363703e-21,1.5315775628738635e-26,0.5,1200,sintered
112432.43243243244,31.231231231231234,1.721994503261141e-21,1.5315775628738635e-26,0.5,1200,sintered
112792.79279279281,31.331331331331334,1.7275137016859117e-21,1.5315775628738635e-26,0.5,1200,sintered
113153.15315315317,31.431431431431434,1.7330329001106823e-21,1.5315775628738635e-26,0.5,1200,sintered
113513.51351351352,31.531531531531535,1.7385520985354528e-21,1.5315775628738635e-26,0.5,1200,sintered
113873.87387387389,31.631631631631635,1.7440712969602237e-21,1.5315775628738635e-26,0.5,1200,sintered
114234.23423423425,31.731731731731735,1.7495904953849942e-21,1.5315775628738635e-26,0.5,1200,sintered
114594.5945945946,31.831831831831835,1.7551096938097648e-21,1.5315775628738635e-26,0.5,1200,sintered
114954.95495495497,31.931931931931935,1.7606288922345357e-21,1.5315775628738635e-26,0.5,1200,sintered
115315.31531531533,32.032032032032035,1.7661480906593062e-21,1.5315775628738635e-26,0.5,1200,sintered
115675.67567567568,32.132132132132135,1.7716672890840767e-21,1.5315775628738635e-26,0.5,1200,sintered
116036.03603603605,32.232232232232235,1.7771864875088477e-21,1.5315775628738635e-26,0.5,1200,sintered
116396.3963963964,32.332332332332335,1.7827056859336182e-21,1.5315775628738635e-26,0.5,1200,sintered
116756.75675675676,32.432432432432435,1.7882248843583887e-21,1.5315775628738635e-26,0.5,1200,sintered
117117.11711711713,32.532532532532535,1.7937440827831596e-21,1.5315775628738635e-26,0.5,1200,sintered
117477.47747747749,32.632632632632635,1.79926328120793e-21,1.5315775628738635e-26,0.5,1200,sintered
117837.83783783784,32.732732732732735,1.8047824796327007e-21,1.5315775628738635e-26,0.5,1200,sintered
118198.19819819821,32.832832832832835,1.8103016780574716e-21,1.5315775628738635e-26,0.5,1200,sintered
118558.55855855856,32.932932932932935,1.815820876482242e-21,1.5315775628738635e-26,0.5,1200,sintered
118918.91891891893,33.033033033033036,1.821340074907013e-21,1.5315775628738635e-26,0.5,1200,sintered
119279.27927927929,33.133133133133136,1.8268592733317836e-21,1.5315775628738635e-26,0.5,1200,sintered
119639.63963963964,33.233233233233236,1.832378471756554e-21,1.5315775628738635e-26,0.5,1200,sintered
120000.00000000001,33.333333333333336,1.837897670181325e-21,1.5315775628738635e-26,0.5,1200,sintered
120360.36036036037,33.433433433433436,1.8434168686060956e-21,1.5315775628738635e-26,0.5,1200,sintered
120720.72072072072,33.533533533533536,1.8489360670308665e-21,1.5315775628738635e-26,0.5,1200,sintered
121081.0810810811,33.633633633633636,1.854455265455637e-21,1.5315775628738635e-26,0.5,1200,sintered
121441.44144144145,33.733733733733736,1.8599744638804075e-21,1.5315775628738635e-26,0.5,1200,sintered
121801.8018018018,33.833833833833836,1.8654936623051784e-21,1.5315775628738635e-26,0.5,1200,sintered
122162.16216216217,33.933933933933936,1.871012860729949e-21,1.5315775628738635e-26,0.5,1200,sintered
122522.52252252253,34.034034034034036,1.87653205915472e-21,1.5315775628738635e-26,0.5,1200,sintered
122882.88288288288,34.134134134134136,1.8820512575794904e-21,1.5315775628738635e-26,0.5,1200,sintered
123243.24324324325,34.234234234234236,1.8875704560042613e-21,1.5315775628738635e-26,0.5,1200,sintered
123603.60360360361,34.334334334334336,1.893089654429032e-21,1.5315775628738635e-26,0.5,1200,sintered
123963.96396396396,34.434434434434436,1.8986088528538024e-21,1.5315775628738635e-26,0.5,1200,sintered
124324.32432432433,34.53453453453454,1.9041280512785733e-21,1.5315775628738635e-26,0.5,1200,sintered
124684.68468468469,34.63463463463464,1.909647249703344e-21,1.5315775628738635e-26,0.5,1200,sintered
125045.04504504506,34.73473473473474,1.9151664481281147e-21,1.5315775628738635e-26,0.5,1200,sintered
125405.40540540541,34.83483483483484,1.9206856465528853e-21,1.5315775628738635e-26,0.5,1200,sintered
125765.76576576577,34.93493493493494,1.9262048449776558e-21,1.5315775628738635e-26,0.5,1200,sintered
126126.12612612614,35.03503503503504,1.9317240434024267e-21,1.5315775628738635e-26,0.5,1200,sintered
126486.4864864865,35.13513513513514,1.9372432418271972e-21,1.5315775628738635e-26,0.5,1200,sintered
126846.84684684685,35.23523523523524,1.9427624402519678e-21,1.5315775628738635e-26,0.5,1200,sintered
127207.20720720722,35.33533533533534,1.9482816386767387e-21,1.5315775628738635e-26,0.5,1200,sintered
127567.56756756757,35.43543543543544,1.9538008371015092e-21,1.5315775628738635e-26,0.5,1200,sintered
127927.92792792793,35.53553553553554,1.9593200355262798e-21,1.5315775628738635e-26,0.5,1200,sintered
128288.2882882883,35.63563563563564,1.9648392339510507e-21,1.5315775628738635e-26,0.5,1200,sintered
128648.64864864865,35.73573573573574,1.9703584323758212e-21,1.5315775628738635e-26,0.5,1200,sintered
129009.00900900901,35.83583583583584,1.9758776308005917e-21,1.5315775628738635e-26,0.5,1200,sintered
129369.36936936938,35.93593593593594,1.9813968292253626e-21,1.5315775628738635e-26,0.5,1200,sintered
129729.72972972973,36.03603603603604,1.986916027650133e-21,1.5315775628738635e-26,0.5,1200,sintered
130090.09009009009,36.13613613613614,1.9924352260749037e-21,1.5315775628738635e-26,0.5,1200,sintered
130450.45045045046,36.23623623623624,1.9979544244996746e-21,1.5315775628738635e-26,0.5,1200,sintered
130810.81081081081,36.33633633633634,2.003473622924445e-21,1.5315775628738635e-26,0.5,1200,sintered
131171.17117117118,36.43643643643644,2.008992821349216e-21,1.5315775628738635e-26,0.5,1200,sintered
131531.53153153154,36.53653653653654,2.0145120197739866e-21,1.5315775628738635e-26,0.5,1200,sintered
131891.8918918919,36.63663663663664,2.020031218198757e-21,1.5315775628738635e-26,0.5,1200,sintered
132252.25225225225,36.73673673673674,2.025550416623528e-21,1.5315775628738635e-26,0.5,1200,sintered
132612.6126126126,36.83683683683684,2.0310696150482986e-21,1.5315775628738635e-26,0.5,1200,sintered
132972.972972973,36.93693693693694,2.0365888134730695e-21,1.5315775628738635e-26,0.5,1200,sintered
133333.33333333334,37.03703703703704,2.04210801189784e-21,1.5315775628738635e-26,0.5,1200,sintered
133693.6936936937,37.13713713713714,2.047627210322611e-21,1.5315775628738635e-26,0.5,1200,sintered
134054.05405405405,37.23723723723724,2.0531464087473814e-21,1.5315775628738635e-26,0.5,1200,sintered
134414.4144144144,37.33733733733734,2.058665607172152e-21,1.5315775628738635e-26,0.5,1200,sintered
134774.7747747748,37.43743743743744,2.064184805596923e-21,1.5315775628738635e-26,0.5,1200,sintered
135135.13513513515,37.53753753753754,2.0697040040216934e-21,1.5315775628738635e-26,0.5,1200,sintered
135495.4954954955,37.63763763763764,2.0752232024464643e-21,1.5315775628738635e-26,0.5,1200,sintered
135855.85585585586,37.73773773773774,2.080742400871235e-21,1.5315775628738635e-26,0.5,1200,sintered
136216.2162162162,37.83783783783784,2.0862615992960054e-21,1.5315775628738635e-26,0.5,1200,sintered
136576.57657657657,37.93793793793794,2.091780797720776e-21,1.5315775628738635e-26,0.5,1200,sintered
136936.93693693695,38.03803803803804,2.0972999961455472e-21,1.5315775628738635e-26,0.5,1200,sintered
137297.2972972973,38.13813813813814,2.1028191945703177e-21,1.5315775628738635e-26,0.5,1200,sintered
137657.65765765766,38.23823823823824,2.1083383929950883e-21,1.5315775628738635e-26,0.5,1200,sintered
138018.01801801802,38.33833833833834,2.1138575914198588e-21,1.5315775628738635e-26,0.5,1200,sintered
138378.37837837837,38.43843843843844,2.1193767898446293e-21,1.5315775628738635e-26,0.5,1200,sintered
138738.73873873873,38.53853853853854,2.1248959882694e-21,1.5315775628738635e-26,0.5,1200,sintered
139099.0990990991,38.63863863863864,2.130415186694171e-21,1.5315775628738635e-26,0.5,1200,sintered
139459.45945945947,38.73873873873874,2.1359343851189417e-21,1.5315775628738635e-26,0.5,1200,sintered
139819.81981981982,38.83883883883884,2.1414535835437122e-21,1.5315775628738635e-26,0.5,1200,sintered
140180.18018018018,38.93893893893894,2.1469727819684828e-21,1.5315775628738635e-26,0.5,1200,sintered
140540.54054054053,39.03903903903904,2.1524919803932533e-21,1.5315775628738635e-26,0.5,1200,sintered
140900.9009009009,39.13913913913914,2.1580111788180242e-21,1.5315775628738635e-26,0.5,1200,sintered
141261.26126126127,39.23923923923924,2.163530377242795e-21,1.5315775628738635e-26,0.5,1200,sintered
141621.62162162163,39.33933933933934,2.1690495756675656e-21,1.5315775628738635e-26,0.5,1200,sintered
141981.98198198198,39.43943943943944,2.174568774092336e-21,1.5315775628738635e-26,0.5,1200,sintered
142342.34234234234,39.53953953953954,2.180087972517107e-21,1.5315775628738635e-26,0.5,1200,sintered
142702.7027027027,39.63963963963964,2.1856071709418776e-21,1.5315775628738635e-26,0.5,1200,sintered
143063.06306306308,39.73973973973974,2.1911263693666485e-21,1.5315775628738635e-26,0.5,1200,sintered
143423.42342342343,39.83983983983984,2.196645567791419e-21,1.5315775628738635e-26,0.5,1200,sintered
143783.7837837838,39.93993993993994,2.2021647662161896e-21,1.5315775628738635e-26,0.5,1200,sintered
144144.14414414414,40.04004004004004,2.2076839646409605e-21,1.5315775628738635e-26,0.5,1200,sintered
144504.5045045045,40.14014014014014,2.213203163065731e-21,1.5315775628738635e-26,0.5,1200,sintered
144864.86486486485,40.24024024024024,2.2187223614905016e-21,1.5315775628738635e-26,0.5,1200,sintered
145225.22522522524,40.34034034034034,2.2242415599152725e-21,1.5315775628738635e-26,0.5,1200,sintered
145585.5855855856,40.44044044044044,2.229760758340043e-21,1.5315775628738635e-26,0.5,1200,sintered
145945.94594594595,40.54054054054054,2.235279956764814e-21,1.5315775628738635e-26,0.5,1200,sintered
146306.3063063063,40.64064064064064,2.2407991551895844e-21,1.5315775628738635e-26,0.5,1200,sintered
146666.66666666666,40.74074074074074,2.246318353614355e-21,1.5315775628738635e-26,0.5,1200,sintered
147027.027027027,40.84084084084084,2.2518375520391255e-21,1.5315775628738635e-26,0.5,1200,sintered
147387.3873873874,40.94094094094094,2.2573567504638968e-21,1.5315775628738635e-26,0.5,1200,sintered
147747.74774774775,41.04104104104104,2.2628759488886673e-21,1.5315775628738635e-26,0.5,1200,sintered
148108.1081081081,41.14114114114114,2.268395147313438e-21,1.5315775628738635e-26,0.5,1200,sintered
148468.46846846846,41.24124124124124,2.2739143457382084e-21,1.5315775628738635e-26,0.5,1200,sintered
148828.82882882882,41.34134134134134,2.279433544162979e-21,1.5315775628738635e-26,0.5,1200,sintered
149189.1891891892,41.44144144144144,2.2849527425877502e-21,1.5315775628738635e-26,0.5,1200,sintered
149549.54954954956,41.54154154154154,2.2904719410125207e-21,1.5315775628738635e-26,0.5,1200,sintered
149909.9099099099,41.64164164164164,2.2959911394372913e-21,1.5315775628738635e-26,0.5,1200,sintered
150270.27027027027,41.74174174174174,2.3015103378620618e-21,1.5315775628738635e-26,0.5,1200,sintered
150630.63063063062,41.84184184184184,2.3070295362868323e-21,1.5315775628738635e-26,0.5,1200,sintered
150990.99099099098,41.94194194194194,2.312548734711603e-21,1.5315775628738635e-26,0.5,1200,sintered
151351.35135135136,42.04204204204204,2.318067933136374e-21,1.5315775628738635e-26,0.5,1200,sintered
151711.71171171172,42.14214214214214,2.3235871315611447e-21,1.5315775628738635e-26,0.5,1200,sintered
152072.07207207207,42.24224224224224,2.3291063299859152e-21,1.5315775628738635e-26,0.5,1200,sintered
152432.43243243243,42.34234234234234,2.3346255284106858e-21,1.5315775628738635e-26,0.5,1200,sintered
152792.79279279278,42.44244244244244,2.3401447268354567e-21,1.5315775628738635e-26,0.5,1200,sintered
153153.15315315314,42.54254254254254,2.3456639252602272e-21,1.5315775628738635e-26,0.5,1200,sintered
153513.51351351352,42.64264264264264,2.351183123684998e-21,1.5315775628738635e-26,0.5,1200,sintered
153873.8738738739,42.74274274274275,2.356702322109769e-21,1.5315775628738635e-26,0.5,1200,sintered
154234.23423423426,42.84284284284285,2.36222152053454e-21,1.5315775628738635e-26,0.5,1200,sintered
154594.59459459462,42.94294294294295,2.3677407189593105e-21,1.5315775628738635e-26,0.5,1200,sintered
154954.95495495497,43.04304304304305,2.373259917384081e-21,1.5315775628738635e-26,0.5,1200,sintered
155315.31531531533,43.14314314314315,2.3787791158088515e-21,1.5315775628738635e-26,0.5,1200,sintered
155675.6756756757,43.24324324324325,2.3842983142336224e-21,1.5315775628738635e-26,0.5,1200,sintered
156036.03603603606,43.34334334334335,2.3898175126583933e-21,1.5315775628738635e-26,0.5,1200,sintered
156396.39639639642,43.44344344344345,2.395336711083164e-21,1.5315775628738635e-26,0.5,1200,sintered
156756.75675675677,43.54354354354355,2.4008559095079344e-21,1.5315775628738635e-26,0.5,1200,sintered
157117.11711711713,43.64364364364365,2.406375107932705e-21,1.5315775628738635e-26,0.5,1200,sintered
157477.47747747749,43.74374374374375,2.4118943063574755e-21,1.5315775628738635e-26,0.5,1200,sintered
157837.83783783787,43.84384384384385,2.4174135047822468e-21,1.5315775628738635e-26,0.5,1200,sintered
158198.19819819822,43.94394394394395,2.4229327032070173e-21,1.5315775628738635e-26,0.5,1200,sintered
158558.55855855858,44.04404404404405,2.428451901631788e-21,1.5315775628738635e-26,0.5,1200,sintered
158918.91891891893,44.14414414414415,2.4339711000565584e-21,1.5315775628738635e-26,0.5,1200,sintered
159279.2792792793,44.24424424424425,2.439490298481329e-21,1.5315775628738635e-26,0.5,1200,sintered
159639.63963963967,44.34434434434435,2.4450094969061e-21,1.5315775628738635e-26,0.5,1200,sintered
160000.00000000003,44.44444444444445,2.4505286953308707e-21,1.5315775628738635e-26,0.5,1200,sintered
160360.36036036038,44.54454454454455,2.4560478937556412e-21,1.5315775628738635e-26,0.5,1200,sintered
160720.72072072074,44.64464464464465,2.4615670921804118e-21,1.5315775628738635e-26,0.5,1200,sintered
161081.0810810811,44.74474474474475,2.4670862906051827e-21,1.5315775628738635e-26,0.5,1200,sintered
161441.44144144145,44.84484484484485,2.4726054890299532e-21,1.5315775628738635e-26,0.5,1200,sintered
161801.80180180183,44.94494494494495,2.478124687454724e-21,1.5315775628738635e-26,0.5,1200,sintered
162162.1621621622,45.04504504504505,2.4836438858794947e-21,1.5315775628738635e-26,0.5,1200,sintered
162522.52252252254,45.14514514514515,2.489163084304265e-21,1.5315775628738635e-26,0.5,1200,sintered
162882.8828828829,45.24524524524525,2.494682282729036e-21,1.5315775628738635e-26,0.5,1200,sintered
163243.24324324325,45.34534534534535,2.5002014811538066e-21,1.5315775628738635e-26,0.5,1200,sintered
163603.6036036036,45.44544544544545,2.505720679578577e-21,1.5315775628738635e-26,0.5,1200,sintered
163963.963963964,45.54554554554555,2.511239878003348e-21,1.5315775628738635e-26,0.5,1200,sintered
164324.32432432435,45.64564564564565,2.5167590764281186e-21,1.5315775628738635e-26,0.5,1200,sintered
164684.6846846847,45.74574574574575,2.5222782748528895e-21,1.5315775628738635e-26,0.5,1200,sintered
165045.04504504506,45.84584584584585,2.52779747327766e-21,1.5315775628738635e-26,0.5,1200,sintered
165405.4054054054,45.94594594594595,2.5333166717024306e-21,1.5315775628738635e-26,0.5,1200,sintered
165765.76576576577,46.04604604604605,2.538835870127201e-21,1.5315775628738635e-26,0.5,1200,sintered
166126.12612612615,46.14614614614615,2.5443550685519724e-21,1.5315775628738635e-26,0.5,1200,sintered
166486.4864864865,46.24624624624625,2.549874266976743e-21,1.5315775628738635e-26,0.5,1200,sintered
166846.84684684686,46.34634634634635,2.5553934654015135e-21,1.5315775628738635e-26,0.5,1200,sintered
167207.20720720722,46.44644644644645,2.560912663826284e-21,1.5315775628738635e-26,0.5,1200,sintered
167567.56756756757,46.54654654654655,2.5664318622510545e-21,1.5315775628738635e-26,0.5,1200,sintered
167927.92792792796,46.64664664664665,2.5719510606758258e-21,1.5315775628738635e-26,0.5,1200,sintered
168288.2882882883,46.74674674674675,2.5774702591005963e-21,1.5315775628738635e-26,0.5,1200,sintered
168648.64864864867,46.84684684684685,2.582989457525367e-21,1.5315775628738635e-26,0.5,1200,sintered
169009.00900900902,46.94694694694695,2.5885086559501374e-21,1.5315775628738635e-26,0.5,1200,sintered
169369.36936936938,47.04704704704705,2.594027854374908e-21,1.5315775628738635e-26,0.5,1200,sintered
169729.72972972973,47.14714714714715,2.5995470527996785e-21,1.5315775628738635e-26,0.5,1200,sintered
170090.09009009012,47.24724724724725,2.6050662512244498e-21,1.5315775628738635e-26,0.5,1200,sintered
170450.45045045047,47.34734734734735,2.6105854496492203e-21,1.5315775628738635e-26,0.5,1200,sintered
170810.81081081083,47.44744744744745,2.616104648073991e-21,1.5315775628738635e-26,0.5,1200,sintered
171171.17117117118,47.54754754754755,2.6216238464987614e-21,1.5315775628738635e-26,0.5,1200,sintered
171531.53153153154,47.64764764764765,2.6271430449235323e-21,1.5315775628738635e-26,0.5,1200,sintered
171891.8918918919,47.74774774774775,2.6326622433483028e-21,1.5315775628738635e-26,0.5,1200,sintered
172252.25225225228,47.84784784784785,2.6381814417730737e-21,1.5315775628738635e-26,0.5,1200,sintered
172612.61261261263,47.94794794794795,2.6437006401978442e-21,1.5315775628738635e-26,0.5,1200,sintered
172972.972972973,48.04804804804805,2.6492198386226148e-21,1.5315775628738635e-26,0.5,1200,sintered
173333.33333333334,48.14814814814815,2.6547390370473857e-21,1.5315775628738635e-26,0.5,1200,sintered
173693.6936936937,48.24824824824825,2.6602582354721562e-21,1.5315775628738635e-26,0.5,1200,sintered
174054.05405405408,48.34834834834835,2.665777433896927e-21,1.5315775628738635e-26,0.5,1200,sintered
174414.41441441444,48.44844844844845,2.6712966323216977e-21,1.5315775628738635e-26,0.5,1200,sintered
174774.7747747748,48.54854854854855,2.6768158307464682e-21,1.5315775628738635e-26,0.5,1200,sintered
175135.13513513515,48.64864864864865,2.682335029171239e-21,1.5315775628738635e-26,0.5,1200,sintered
175495.4954954955,48.74874874874875,2.6878542275960096e-21,1.5315775628738635e-26,0.5,1200,sintered
175855.85585585586,48.84884884884885,2.69337342602078e-21,1.5315775628738635e-26,0.5,1200,sintered
176216.21621621624,48.94894894894895,2.698892624445551e-21,1.5315775628738635e-26,0.5,1200,sintered
176576.5765765766,49.04904904904905,2.704411822870322e-21,1.5315775628738635e-26,0.5,1200,sintered
176936.93693693695,49.14914914914915,2.7099310212950925e-21,1.5315775628738635e-26,0.5,1200,sintered
177297.2972972973,49.24924924924925,2.715450219719863e-21,1.5315775628738635e-26,0.5,1200,sintered
177657.65765765766,49.34934934934935,2.7209694181446336e-21,1.5315775628738635e-26,0.5,1200,sintered
178018.01801801802,49.44944944944945,2.726488616569404e-21,1.5315775628738635e-26,0.5,1200,sintered
178378.3783783784,49.54954954954955,2.7320078149941754e-21,1.5315775628738635e-26,0.5,1200,sintered
178738.73873873876,49.64964964964965,2.737527013418946e-21,1.5315775628738635e-26,0.5,1200,sintered
179099.0990990991,49.74974974974975,2.7430462118437165e-21,1.5315775628738635e-26,0.5,1200,sintered
179459.45945945947,49.84984984984985,2.748565410268487e-21,1.5315775628738635e-26,0.5,1200,sintered
179819.81981981982,49.94994994994995,2.7540846086932575e-21,1.5315775628738635e-26,0.5,1200,sintered
180180.1801801802,50.050050050050054,2.759603807118029e-21,1.5315775628738635e-26,0.5,1200,sintered
180540.54054054056,50.150150150150154,2.7651230055427993e-21,1.5315775628738635e-26,0.5,1200,sintered
180900.90090090092,50.250250250250254,2.77064220396757e-21,1.5315775628738635e-26,0.5,1200,sintered
181261.26126126127,50.350350350350354,2.7761614023923404e-21,1.5315775628738635e-26,0.5,1200,sintered
181621.62162162163,50.450450450450454,2.781680600817111e-21,1.5315775628738635e-26,0.5,1200,sintered
181981.98198198198,50.550550550550554,2.787199799241882e-21,1.5315775628738635e-26,0.5,1200,sintered
182342.34234234237,50.650650650650654,2.7927189976666528e-21,1.5315775628738635e-26,0.5,1200,sintered
182702.70270270272,50.750750750750754,2.7982381960914233e-21,1.5315775628738635e-26,0.5,1200,sintered
183063.06306306308,50.850850850850854,2.803757394516194e-21,1.5315775628738635e-26,0.5,1200,sintered
183423.42342342343,50.950950950950954,2.8092765929409644e-21,1.5315775628738635e-26,0.5,1200,sintered
183783.7837837838,51.051051051051054,2.8147957913657353e-21,1.5315775628738635e-26,0.5,1200,sintered
184144.14414414414,51.151151151151154,2.8203149897905058e-21,1.5315775628738635e-26,0.5,1200,sintered
184504.50450450453,51.251251251251254,2.8258341882152767e-21,1.5315775628738635e-26,0.5,1200,sintered
184864.86486486488,51.351351351351354,2.8313533866400472e-21,1.5315775628738635e-26,0.5,1200,sintered
185225.22522522524,51.451451451451454,2.8368725850648178e-21,1.5315775628738635e-26,0.5,1200,sintered
185585.5855855856,51.551551551551555,2.8423917834895887e-21,1.5315775628738635e-26,0.5,1200,sintered
185945.94594594595,51.651651651651655,2.8479109819143592e-21,1.5315775628738635e-26,0.5,1200,sintered
186306.30630630633,51.751751751751755,2.85343018033913e-21,1.5315775628738635e-26,0.5,1200,sintered
186666.6666666667,51.851851851851855,2.8589493787639007e-21,1.5315775628738635e-26,0.5,1200,sintered
187027.02702702704,51.951951951951955,2.8644685771886716e-21,1.5315775628738635e-26,0.5,1200,sintered
187387.3873873874,52.052052052052055,2.869987775613442e-21,1.5315775628738635e-26,0.5,1200,sintered
187747.74774774775,52.152152152152155,2.8755069740382126e-21,1.5315775628738635e-26,0.5,1200,sintered
188108.1081081081,52.252252252252255,2.881026172462983e-21,1.5315775628738635e-26,0.5,1200,sintered
188468.4684684685,52.352352352352355,2.886545370887754e-21,1.5315775628738635e-26,0.5,1200,sintered
188828.82882882885,52.452452452452455,2.892064569312525e-21,1.5315775628738635e-26,0.5,1200,sintered
189189.1891891892,52.552552552552555,2.8975837677372955e-21,1.5315775628738635e-26,0.5,1200,sintered
189549.54954954956,52.652652652652655,2.903102966162066e-21,1.5315775628738635e-26,0.5,1200,sintered
189909.9099099099,52.752752752752755,2.9086221645868366e-21,1.5315775628738635e-26,0.5,1200,sintered
190270.27027027027,52.852852852852855,2.914141363011607e-21,1.5315775628738635e-26,0.5,1200,sintered
190630.63063063065,52.952952952952955,2.9196605614363784e-21,1.5315775628738635e-26,0.5,1200,sintered
190990.990990991,53.053053053053056,2.925179759861149e-21,1.5315775628738635e-26,0.5,1200,sintered
191351.35135135136,53.153153153153156,2.9306989582859195e-21,1.5315775628738635e-26,0.5,1200,sintered
191711.71171171172,53.253253253253256,2.93621815671069e-21,1.5315775628738635e-26,0.5,1200,sintered
192072.07207207207,53.353353353353356,2.9417373551354605e-21,1.5315775628738635e-26,0.5,1200,sintered
192432.43243243246,53.453453453453456,2.947256553560232e-21,1.5315775628738635e-26,0.5,1200,sintered
192792.7927927928,53.553553553553556,2.9527757519850023e-21,1.5315775628738635e-26,0.5,1200,sintered
193153.15315315317,53.653653653653656,2.958294950409773e-21,1.5315775628738635e-26,0.5,1200,sintered
193513.51351351352,53.753753753753756,2.9638141488345434e-21,1.5315775628738635e-26,0.5,1200,sintered
193873.87387387388,53.853853853853856,2.969333347259314e-21,1.5315775628738635e-26,0.5,1200,sintered
194234.23423423423,53.953953953953956,2.974852545684085e-21,1.5315775628738635e-26,0.5,1200,sintered
194594.59459459462,54.054054054054056,2.9803717441088558e-21,1.5315775628738635e-26,0.5,1200,sintered
194954.95495495497,54.154154154154156,2.9858909425336263e-21,1.5315775628738635e-26,0.5,1200,sintered
195315.31531531533,54.254254254254256,2.991410140958397e-21,1.5315775628738635e-26,0.5,1200,sintered
195675.67567567568,54.354354354354356,2.9969293393831677e-21,1.5315775628738635e-26,0.5,1200,sintered
196036.03603603604,54.454454454454456,3.0024485378079383e-21,1.5315775628738635e-26,0.5,1200,sintered
196396.3963963964,54.55455455455456,3.0079677362327088e-21,1.5315775628738635e-26,0.5,1200,sintered
196756.75675675677,54.65465465465466,3.0134869346574797e-21,1.5315775628738635e-26,0.5,1200,sintered
197117.11711711713,54.75475475475476,3.0190061330822502e-21,1.5315775628738635e-26,0.5,1200,sintered
197477.47747747749,54.85485485485486,3.024525331507021e-21,1.5315775628738635e-26,0.5,1200,sintered
197837.83783783784,54.95495495495496,3.0300445299317917e-21,1.5315775628738635e-26,0.5,1200,sintered
198198.1981981982,55.05505505505506,3.0355637283565622e-21,1.5315775628738635e-26,0.5,1200,sintered
198558.55855855855,55.15515515515516,3.0410829267813328e-21,1.5315775628738635e-26,0.5,1200,sintered
198918.91891891893,55.25525525525526,3.0466021252061037e-21,1.5315775628738635e-26,0.5,1200,sintered
199279.2792792793,55.35535535535536,3.0521213236308746e-21,1.5315775628738635e-26,0.5,1200,sintered
199639.63963963964,55.45545545545546,3.057640522055645e-21,1.5315775628738635e-26,0.5,1200,sintered
200000.0,55.55555555555556,3.0631597204804156e-21,1.5315775628738635e-26,0.5,1200,sintered
200360.36036036036,55.65565565565566,3.068678918905186e-21,1.5315775628738635e-26,0.5,1200,sintered
200720.72072072074,55.75575575575576,3.0741981173299575e-21,1.5315775628738635e-26,0.5,1200,sintered
201081.0810810811,55.85585585585586,3.079717315754728e-21,1.5315775628738635e-26,0.5,1200,sintered
201441.44144144145,55.95595595595596,3.0852365141794985e-21,1.5315775628738635e-26,0.5,1200,sintered
201801.8018018018,56.05605605605606,3.090755712604269e-21,1.5315775628738635e-26,0.5,1200,sintered
202162.16216216216,56.15615615615616,3.0962749110290396e-21,1.5315775628738635e-26,0.5,1200,sintered
202522.52252252251,56.25625625625626,3.10179410945381e-21,1.5315775628738635e-26,0.5,1200,sintered
202882.8828828829,56.35635635635636,3.1073133078785814e-21,1.5315775628738635e-26,0.5,1200,sintered
203243.24324324325,56.45645645645646,3.112832506303352e-21,1.5315775628738635e-26,0.5,1200,sintered
203603.6036036036,56.55655655655656,3.1183517047281225e-21,1.5315775628738635e-26,0.5,1200,sintered
203963.96396396396,56.65665665665666,3.123870903152893e-21,1.5315775628738635e-26,0.5,1200,sintered
204324.32432432432,56.75675675675676,3.1293901015776635e-21,1.5315775628738635e-26,0.5,1200,sintered
204684.68468468467,56.85685685685686,3.1349093000024344e-21,1.5315775628738635e-26,0.5,1200,sintered
205045.04504504506,56.95695695695696,3.1404284984272054e-21,1.5315775628738635e-26,0.5,1200,sintered
205405.4054054054,57.05705705705706,3.145947696851976e-21,1.5315775628738635e-26,0.5,1200,sintered
205765.76576576577,57.15715715715716,3.1514668952767464e-21,1.5315775628738635e-26,0.5,1200,sintered
206126.12612612612,57.25725725725726,3.1569860937015173e-21,1.5315775628738635e-26,0.5,1200,sintered
206486.48648648648,57.35735735735736,3.162505292126288e-21,1.5315775628738635e-26,0.5,1200,sintered
206846.84684684686,57.45745745745746,3.1680244905510588e-21,1.5315775628738635e-26,0.5,1200,sintered
207207.20720720722,57.55755755755756,3.1735436889758293e-21,1.5315775628738635e-26,0.5,1200,sintered
207567.56756756757,57.65765765765766,3.1790628874006e-21,1.5315775628738635e-26,0.5,1200,sintered
207927.92792792793,57.75775775775776,3.1845820858253707e-21,1.5315775628738635e-26,0.5,1200,sintered
208288.28828828828,57.85785785785786,3.1901012842501413e-21,1.5315775628738635e-26,0.5,1200,sintered
208648.64864864864,57.95795795795796,3.1956204826749118e-21,1.5315775628738635e-26,0.5,1200,sintered
209009.00900900902,58.05805805805806,3.2011396810996827e-21,1.5315775628738635e-26,0.5,1200,sintered
209369.36936936938,58.15815815815816,3.2066588795244532e-21,1.5315775628738635e-26,0.5,1200,sintered
209729.72972972973,58.25825825825826,3.212178077949224e-21,1.5315775628738635e-26,0.5,1200,sintered
210090.0900900901,58.35835835835836,3.2176972763739947e-21,1.5315775628738635e-26,0.5,1200,sintered
210450.45045045044,58.45845845845846,3.2232164747987652e-21,1.5315775628738635e-26,0.5,1200,sintered
210810.8108108108,58.55855855855856,3.2287356732235358e-21,1.5315775628738635e-26,0.5,1200,sintered
211171.17117117118,58.65865865865866,3.234254871648307e-21,1.5315775628738635e-26,0.5,1200,sintered
211531.53153153154,58.75875875875876,3.2397740700730776e-21,1.5315775628738635e-26,0.5,1200,sintered
211891.8918918919,58.85885885885886,3.245293268497848e-21,1.5315775628738635e-26,0.5,1200,sintered
212252.25225225225,58.95895895895896,3.2508124669226186e-21,1.5315775628738635e-26,0.5,1200,sintered
212612.6126126126,59.05905905905906,3.256331665347389e-21,1.5315775628738635e-26,0.5,1200,sintered
212972.972972973,59.15915915915916,3.2618508637721605e-21,1.5315775628738635e-26,0.5,1200,sintered
213333.33333333334,59.25925925925926,3.267370062196931e-21,1.5315775628738635e-26,0.5,1200,sintered
213693.6936936937,59.35935935935936,3.2728892606217015e-21,1.5315775628738635e-26,0.5,1200,sintered
214054.05405405405,59.45945945945946,3.278408459046472e-21,1.5315775628738635e-26,0.5,1200,sintered
214414.4144144144,59.55955955955956,3.2839276574712426e-21,1.5315775628738635e-26,0.5,1200,sintered
214774.77477477476,59.65965965965966,3.289446855896013e-21,1.5315775628738635e-26,0.5,1200,sintered
215135.13513513515,59.75975975975976,3.2949660543207844e-21,1.5315775628738635e-26,0.5,1200,sintered
215495.49549549553,59.85985985985987,3.3004852527455553e-21,1.5315775628738635e-26,0.5,1200,sintered
215855.8558558559,59.95995995995997,3.306004451170326e-21,1.5315775628738635e-26,0.5,1200,sintered
216216.21621621624,60.06006006006007,3.3115236495950968e-21,1.5315775628738635e-26,0.5,1200,sintered
216576.5765765766,60.16016016016017,3.3170428480198673e-21,1.5315775628738635e-26,0.5,1200,sintered
216936.93693693695,60.26026026026027,3.322562046444638e-21,1.5315775628738635e-26,0.5,1200,sintered
217297.29729729734,60.36036036036037,3.3280812448694087e-21,1.5315775628738635e-26,0.5,1200,sintered
217657.6576576577,60.46046046046047,3.3336004432941793e-21,1.5315775628738635e-26,0.5,1200,sintered
218018.01801801805,60.56056056056057,3.33911964171895e-21,1.5315775628738635e-26,0.5,1200,sintered
218378.3783783784,60.66066066066067,3.3446388401437207e-21,1.5315775628738635e-26,0.5,1200,sintered
218738.73873873876,60.76076076076077,3.3501580385684912e-21,1.5315775628738635e-26,0.5,1200,sintered
219099.0990990991,60.86086086086087,3.3556772369932618e-21,1.5315775628738635e-26,0.5,1200,sintered
219459.4594594595,60.96096096096097,3.361196435418033e-21,1.5315775628738635e-26,0.5,1200,sintered
219819.81981981985,61.06106106106107,3.3667156338428036e-21,1.5315775628738635e-26,0.5,1200,sintered
220180.1801801802,61.16116116116117,3.372234832267574e-21,1.5315775628738635e-26,0.5,1200,sintered
220540.54054054056,61.26126126126127,3.3777540306923447e-21,1.5315775628738635e-26,0.5,1200,sintered
220900.90090090092,61.36136136136137,3.383273229117115e-21,1.5315775628738635e-26,0.5,1200,sintered
221261.26126126127,61.46146146146147,3.388792427541886e-21,1.5315775628738635e-26,0.5,1200,sintered
221621.62162162166,61.56156156156157,3.394311625966657e-21,1.5315775628738635e-26,0.5,1200,sintered
221981.981981982,61.66166166166167,3.399830824391427e-21,1.5315775628738635e-26,0.5,1200,sintered
222342.34234234237,61.76176176176177,3.4053500228161984e-21,1.5315775628738635e-26,0.5,1200,sintered
222702.70270270272,61.86186186186187,3.410869221240969e-21,1.5315775628738635e-26,0.5,1200,sintered
223063.06306306308,61.96196196196197,3.4163884196657395e-21,1.5315775628738635e-26,0.5,1200,sintered
223423.42342342343,62.06206206206207,3.42190761809051e-21,1.5315775628738635e-26,0.5,1200,sintered
223783.78378378382,62.16216216216217,3.4274268165152806e-21,1.5315775628738635e-26,0.5,1200,sintered
224144.14414414417,62.26226226226227,3.432946014940052e-21,1.5315775628738635e-26,0.5,1200,sintered
224504.50450450453,62.36236236236237,3.4384652133648224e-21,1.5315775628738635e-26,0.5,1200,sintered
224864.86486486488,62.46246246246247,3.443984411789593e-21,1.5315775628738635e-26,0.5,1200,sintered
225225.22522522524,62.56256256256257,3.4495036102143635e-21,1.5315775628738635e-26,0.5,1200,sintered
225585.58558558562,62.66266266266267,3.455022808639135e-21,1.5315775628738635e-26,0.5,1200,sintered
225945.94594594598,62.76276276276277,3.460542007063905e-21,1.5315775628738635e-26,0.5,1200,sintered
226306.30630630633,62.86286286286287,3.466061205488676e-21,1.5315775628738635e-26,0.5,1200,sintered
226666.6666666667,62.96296296296297,3.471580403913446e-21,1.5315775628738635e-26,0.5,1200,sintered
227027.02702702704,63.06306306306307,3.477099602338217e-21,1.5315775628738635e-26,0.5,1200,sintered
227387.3873873874,63.16316316316317,3.4826188007629874e-21,1.5315775628738635e-26,0.5,1200,sintered
227747.74774774778,63.26326326326327,3.488137999187759e-21,1.5315775628738635e-26,0.5,1200,sintered
228108.10810810814,63.36336336336337,3.493657197612529e-21,1.5315775628738635e-26,0.5,1200,sintered
228468.4684684685,63.46346346346347,3.4991763960373e-21,1.5315775628738635e-26,0.5,1200,sintered
228828.82882882885,63.56356356356357,3.50469559446207e-21,1.5315775628738635e-26,0.5,1200,sintered
229189.1891891892,63.66366366366367,3.510214792886841e-21,1.5315775628738635e-26,0.5,1200,sintered
229549.54954954956,63.76376376376377,3.515733991311611e-21,1.5315775628738635e-26,0.5,1200,sintered
229909.90990990994,63.86386386386387,3.521253189736383e-21,1.5315775628738635e-26,0.5,1200,sintered
230270.2702702703,63.96396396396397,3.526772388161153e-21,1.5315775628738635e-26,0.5,1200,sintered
230630.63063063065,64.06406406406407,3.532291586585924e-21,1.5315775628738635e-26,0.5,1200,sintered
230990.99099099098,64.16416416416416,3.5378107850106935e-21,1.5315775628738635e-26,0.5,1200,sintered
231351.35135135136,64.26426426426427,3.543329983435465e-21,1.5315775628738635e-26,0.5,1200,sintered
231711.71171171172,64.36436436436436,3.548849181860235e-21,1.5315775628738635e-26,0.5,1200,sintered
232072.0720720721,64.46446446446447,3.5543683802850066e-21,1.5315775628738635e-26,0.5,1200,sintered
232432.43243243243,64.56456456456456,3.559887578709776e-21,1.5315775628738635e-26,0.5,1200,sintered
232792.7927927928,64.66466466466467,3.565406777134548e-21,1.5315775628738635e-26,0.5,1200,sintered
233153.15315315314,64.76476476476476,3.570925975559318e-21,1.5315775628738635e-26,0.5,1200,sintered
233513.51351351352,64.86486486486487,3.576445173984089e-21,1.5315775628738635e-26,0.5,1200,sintered
233873.87387387388,64.96496496496496,3.581964372408859e-21,1.5315775628738635e-26,0.5,1200,sintered
234234.23423423426,65.06506506506507,3.5874835708336305e-21,1.5315775628738635e-26,0.5,1200,sintered
234594.5945945946,65.16516516516516,3.5930027692584e-21,1.5315775628738635e-26,0.5,1200,sintered
234954.95495495497,65.26526526526527,3.5985219676831716e-21,1.5315775628738635e-26,0.5,1200,sintered
235315.3153153153,65.36536536536536,3.604041166107942e-21,1.5315775628738635e-26,0.5,1200,sintered
235675.67567567568,65.46546546546547,3.609560364532713e-21,1.5315775628738635e-26,0.5,1200,sintered
236036.03603603604,65.56556556556556,3.615079562957483e-21,1.5315775628738635e-26,0.5,1200,sintered
236396.39639639642,65.66566566566567,3.6205987613822545e-21,1.5315775628738635e-26,0.5,1200,sintered
236756.75675675675,65.76576576576576,3.626117959807025e-21,1.5315775628738635e-26,0.5,1200,sintered
237117.11711711713,65.86586586586587,3.6316371582317956e-21,1.5315775628738635e-26,0.5,1200,sintered
237477.47747747746,65.96596596596596,3.637156356656566e-21,1.5315775628738635e-26,0.5,1200,sintered
237837.83783783787,66.06606606606607,3.642675555081337e-21,1.5315775628738635e-26,0.5,1200,sintered
238198.1981981982,66.16616616616616,3.648194753506108e-21,1.5315775628738635e-26,0.5,1200,sintered
238558.55855855858,66.26626626626627,3.6537139519308784e-21,1.5315775628738635e-26,0.5,1200,sintered
238918.9189189189,66.36636636636636,3.659233150355649e-21,1.5315775628738635e-26,0.5,1200,sintered
239279.2792792793,66.46646646646647,3.6647523487804195e-21,1.5315775628738635e-26,0.5,1200,sintered
239639.63963963964,66.56656656656656,3.670271547205191e-21,1.5315775628738635e-26,0.5,1200,sintered
240000.00000000003,66.66666666666667,3.675790745629961e-21,1.5315775628738635e-26,0.5,1200,sintered
240360.36036036036,66.76676676676676,3.681309944054732e-21,1.5315775628738635e-26,0.5,1200,sintered
240720.72072072074,66.86686686686687,3.6868291424795024e-21,1.5315775628738635e-26,0.5,1200,sintered
241081.08108108107,66.96696696696696,3.692348340904273e-21,1.5315775628738635e-26,0.5,1200,sintered
241441.44144144145,67.06706706706707,3.697867539329044e-21,1.5315775628738635e-26,0.5,1200,sintered
241801.8018018018,67.16716716716716,3.703386737753815e-21,1.5315775628738635e-26,0.5,1200,sintered
242162.1621621622,67.26726726726727,3.708905936178585e-21,1.5315775628738635e-26,0.5,1200,sintered
242522.52252252251,67.36736736736736,3.714425134603356e-21,1.5315775628738635e-26,0.5,1200,sintered
242882.8828828829,67.46746746746747,3.719944333028126e-21,1.5315775628738635e-26,0.5,1200,sintered
243243.24324324323,67.56756756756756,3.725463531452897e-21,1.5315775628738635e-26,0.5,1200,sintered
243603.6036036036,67.66766766766767,3.730982729877668e-21,1.5315775628738635e-26,0.5,1200,sintered
243963.96396396396,67.76776776776777,3.736501928302439e-21,1.5315775628738635e-26,0.5,1200,sintered
244324.32432432435,67.86786786786787,3.742021126727209e-21,1.5315775628738635e-26,0.5,1200,sintered
244684.68468468467,67.96796796796797,3.74754032515198e-21,1.5315775628738635e-26,0.5,1200,sintered
245045.04504504506,68.06806806806807,3.753059523576751e-21,1.5315775628738635e-26,0.5,1200,sintered
245405.40540540538,68.16816816816817,3.758578722001521e-21,1.5315775628738635e-26,0.5,1200,sintered
245765.76576576577,68.26826826826827,3.764097920426292e-21,1.5315775628738635e-26,0.5,1200,sintered
246126.12612612615,68.36836836836838,3.769617118851063e-21,1.5315775628738635e-26,0.5,1200,sintered
246486.4864864865,68.46846846846847,3.775136317275834e-21,1.5315775628738635e-26,0.5,1200,sintered
246846.8468468469,68.56856856856858,3.7806555157006045e-21,1.5315775628738635e-26,0.5,1200,sintered
247207.20720720722,68.66866866866867,3.786174714125375e-21,1.5315775628738635e-26,0.5,1200,sintered
247567.5675675676,68.76876876876878,3.7916939125501455e-21,1.5315775628738635e-26,0.5,1200,sintered
247927.92792792793,68.86886886886887,3.797213110974916e-21,1.5315775628738635e-26,0.5,1200,sintered
248288.28828828834,68.96896896896898,3.802732309399687e-21,1.5315775628738635e-26,0.5,1200,sintered
248648.64864864867,69.06906906906907,3.808251507824458e-21,1.5315775628738635e-26,0.5,1200,sintered
249009.00900900905,69.16916916916918,3.8137707062492284e-21,1.5315775628738635e-26,0.5,1200,sintered
249369.36936936938,69.26926926926927,3.819289904673999e-21,1.5315775628738635e-26,0.5,1200,sintered
249729.72972972976,69.36936936936938,3.82480910309877e-21,1.5315775628738635e-26,0.5,1200,sintered
250090.09009009012,69.46946946946947,3.830328301523541e-21,1.5315775628738635e-26,0.5,1200,sintered
250450.4504504505,69.56956956956958,3.835847499948311e-21,1.5315775628738635e-26,0.5,1200,sintered
250810.81081081083,69.66966966966967,3.841366698373082e-21,1.5315775628738635e-26,0.5,1200,sintered
251171.1711711712,69.76976976976978,3.846885896797852e-21,1.5315775628738635e-26,0.5,1200,sintered
251531.53153153154,69.86986986986987,3.852405095222623e-21,1.5315775628738635e-26,0.5,1200,sintered
251891.89189189192,69.96996996996998,3.857924293647394e-21,1.5315775628738635e-26,0.5,1200,sintered
252252.25225225228,70.07007007007007,3.863443492072165e-21,1.5315775628738635e-26,0.5,1200,sintered
252612.61261261266,70.17017017017018,3.868962690496935e-21,1.5315775628738635e-26,0.5,1200,sintered
252972.972972973,70.27027027027027,3.874481888921706e-21,1.5315775628738635e-26,0.5,1200,sintered
253333.33333333337,70.37037037037038,3.880001087346477e-21,1.5315775628738635e-26,0.5,1200,sintered
253693.6936936937,70.47047047047047,3.885520285771247e-21,1.5315775628738635e-26,0.5,1200,sintered
254054.05405405408,70.57057057057058,3.891039484196018e-21,1.5315775628738635e-26,0.5,1200,sintered
254414.41441441444,70.67067067067067,3.896558682620789e-21,1.5315775628738635e-26,0.5,1200,sintered
254774.77477477482,70.77077077077078,3.90207788104556e-21,1.5315775628738635e-26,0.5,1200,sintered
255135.13513513515,70.87087087087087,3.90759707947033e-21,1.5315775628738635e-26,0.5,1200,sintered
255495.49549549553,70.97097097097098,3.913116277895101e-21,1.5315775628738635e-26,0.5,1200,sintered
255855.85585585586,71.07107107107107,3.918635476319871e-21,1.5315775628738635e-26,0.5,1200,sintered
256216.21621621624,71.17117117117118,3.924154674744642e-21,1.5315775628738635e-26,0.5,1200,sintered
256576.5765765766,71.27127127127127,3.9296738731694126e-21,1.5315775628738635e-26,0.5,1200,sintered
256936.93693693698,71.37137137137138,3.935193071594184e-21,1.5315775628738635e-26,0.5,1200,sintered
257297.2972972973,71.47147147147147,3.940712270018954e-21,1.5315775628738635e-26,0.5,1200,sintered
257657.6576576577,71.57157157157158,3.946231468443725e-21,1.5315775628738635e-26,0.5,1200,sintered
258018.01801801802,71.67167167167167,3.951750666868495e-21,1.5315775628738635e-26,0.5,1200,sintered
258378.3783783784,71.77177177177178,3.957269865293266e-21,1.5315775628738635e-26,0.5,1200,sintered
258738.73873873876,71.87187187187187,3.9627890637180365e-21,1.5315775628738635e-26,0.5,1200,sintered
259099.09909909914,71.97197197197198,3.968308262142808e-21,1.5315775628738635e-26,0.5,1200,sintered
259459.45945945947,72.07207207207207,3.9738274605675776e-21,1.5315775628738635e-26,0.5,1200,sintered
259819.81981981985,72.17217217217218,3.979346658992349e-21,1.5315775628738635e-26,0.5,1200,sintered
260180.18018018018,72.27227227227228,3.984865857417119e-21,1.5315775628738635e-26,0.5,1200,sintered
260540.54054054056,72.37237237237238,3.99038505584189e-21,1.5315775628738635e-26,0.5,1200,sintered
260900.90090090092,72.47247247247248,3.9959042542666605e-21,1.5315775628738635e-26,0.5,1200,sintered
261261.2612612613,72.57257257257258,4.001423452691432e-21,1.5315775628738635e-26,0.5,1200,sintered
261621.62162162163,72.67267267267268,4.0069426511162016e-21,1.5315775628738635e-26,0.5,1200,sintered
261981.981981982,72.77277277277278,4.012461849540973e-21,1.5315775628738635e-26,0.5,1200,sintered
262342.34234234237,72.87287287287288,4.0179810479657434e-21,1.5315775628738635e-26,0.5,1200,sintered
262702.7027027027,72.97297297297298,4.023500246390514e-21,1.5315775628738635e-26,0.5,1200,sintered
263063.0630630631,73.07307307307308,4.0290194448152844e-21,1.5315775628738635e-26,0.5,1200,sintered
263423.42342342343,73.17317317317318,4.034538643240055e-21,1.5315775628738635e-26,0.5,1200,sintered
263783.7837837838,73.27327327327328,4.0400578416648255e-21,1.5315775628738635e-26,0.5,1200,sintered
264144.1441441442,73.37337337337338,4.0455770400895975e-21,1.5315775628738635e-26,0.5,1200,sintered
264504.5045045045,73.47347347347348,4.051096238514367e-21,1.5315775628738635e-26,0.5,1200,sintered
264864.8648648649,73.57357357357358,4.0566154369391386e-21,1.5315775628738635e-26,0.5,1200,sintered
265225.2252252252,73.67367367367368,4.0621346353639084e-21,1.5315775628738635e-26,0.5,1200,sintered
265585.5855855856,73.77377377377378,4.06765383378868e-21,1.5315775628738635e-26,0.5,1200,sintered
265945.945945946,73.87387387387388,4.07317303221345e-21,1.5315775628738635e-26,0.5,1200,sintered
266306.30630630633,73.97397397397398,4.078692230638221e-21,1.5315775628738635e-26,0.5,1200,sintered
266666.6666666667,74.07407407407408,4.084211429062991e-21,1.5315775628738635e-26,0.5,1200,sintered
267027.02702702704,74.17417417417418,4.089730627487762e-21,1.5315775628738635e-26,0.5,1200,sintered
267387.3873873874,74.27427427427428,4.095249825912533e-21,1.5315775628738635e-26,0.5,1200,sintered
267747.7477477478,74.37437437437438,4.1007690243373044e-21,1.5315775628738635e-26,0.5,1200,sintered
268108.1081081081,74.47447447447448,4.106288222762074e-21,1.5315775628738635e-26,0.5,1200,sintered
268468.4684684685,74.57457457457458,4.1118074211868454e-21,1.5315775628738635e-26,0.5,1200,sintered
268828.8288288288,74.67467467467468,4.117326619611615e-21,1.5315775628738635e-26,0.5,1200,sintered
269189.18918918923,74.77477477477478,4.1228458180363865e-21,1.5315775628738635e-26,0.5,1200,sintered
269549.5495495496,74.87487487487488,4.128365016461157e-21,1.5315775628738635e-26,0.5,1200,sintered
269909.90990990994,74.97497497497498,4.1338842148859276e-21,1.5315775628738635e-26,0.5,1200,sintered
270270.2702702703,75.07507507507508,4.139403413310698e-21,1.5315775628738635e-26,0.5,1200,sintered
270630.63063063065,75.17517517517518,4.1449226117354694e-21,1.5315775628738635e-26,0.5,1200,sintered
270990.990990991,75.27527527527528,4.15044181016024e-21,1.5315775628738635e-26,0.5,1200,sintered
271351.35135135136,75.37537537537538,4.1559610085850105e-21,1.5315775628738635e-26,0.5,1200,sintered
271711.7117117117,75.47547547547548,4.161480207009781e-21,1.5315775628738635e-26,0.5,1200,sintered
272072.07207207213,75.57557557557558,4.166999405434552e-21,1.5315775628738635e-26,0.5,1200,sintered
272432.4324324324,75.67567567567568,4.172518603859322e-21,1.5315775628738635e-26,0.5,1200,sintered
272792.79279279284,75.77577577577578,4.178037802284093e-21,1.5315775628738635e-26,0.5,1200,sintered
273153.15315315314,75.87587587587588,4.183557000708863e-21,1.5315775628738635e-26,0.5,1200,sintered
273513.51351351355,75.97597597597598,4.1890761991336344e-21,1.5315775628738635e-26,0.5,1200,sintered
273873.8738738739,76.07607607607608,4.194595397558406e-21,1.5315775628738635e-26,0.5,1200,sintered
274234.23423423426,76.17617617617618,4.200114595983176e-21,1.5315775628738635e-26,0.5,1200,sintered
274594.5945945946,76.27627627627628,4.205633794407947e-21,1.5315775628738635e-26,0.5,1200,sintered
274954.95495495497,76.37637637637638,4.211152992832717e-21,1.5315775628738635e-26,0.5,1200,sintered
275315.3153153153,76.47647647647648,4.216672191257488e-21,1.5315775628738635e-26,0.5,1200,sintered
275675.6756756757,76.57657657657658,4.222191389682258e-21,1.5315775628738635e-26,0.5,1200,sintered
276036.03603603604,76.67667667667668,4.227710588107029e-21,1.5315775628738635e-26,0.5,1200,sintered
276396.39639639645,76.77677677677679,4.2332297865318e-21,1.5315775628738635e-26,0.5,1200,sintered
276756.75675675675,76.87687687687688,4.23874898495657e-21,1.5315775628738635e-26,0.5,1200,sintered
277117.11711711716,76.97697697697699,4.244268183381341e-21,1.5315775628738635e-26,0.5,1200,sintered
277477.47747747746,77.07707707707708,4.249787381806111e-21,1.5315775628738635e-26,0.5,1200,sintered
277837.83783783787,77.17717717717719,4.255306580230883e-21,1.5315775628738635e-26,0.5,1200,sintered
278198.1981981982,77.27727727727728,4.2608257786556536e-21,1.5315775628738635e-26,0.5,1200,sintered
278558.5585585586,77.37737737737739,4.266344977080424e-21,1.5315775628738635e-26,0.5,1200,sintered
278918.91891891893,77.47747747747748,4.271864175505195e-21,1.5315775628738635e-26,0.5,1200,sintered
279279.2792792793,77.57757757757759,4.277383373929965e-21,1.5315775628738635e-26,0.5,1200,sintered
279639.63963963964,77.67767767767768,4.282902572354736e-21,1.5315775628738635e-26,0.5,1200,sintered
280000.0,77.77777777777779,4.288421770779506e-21,1.5315775628738635e-26,0.5,1200,sintered
280360.36036036036,77.87787787787788,4.293940969204277e-21,1.5315775628738635e-26,0.5,1200,sintered
280720.72072072077,77.97797797797799,4.299460167629049e-21,1.5315775628738635e-26,0.5,1200,sintered
281081.08108108107,78.07807807807808,4.304979366053818e-21,1.5315775628738635e-26,0.5,1200,sintered
281441.4414414415,78.17817817817819,4.31049856447859e-21,1.5315775628738635e-26,0.5,1200,sintered
281801.8018018018,78.27827827827828,4.31601776290336e-21,1.5315775628738635e-26,0.5,1200,sintered
282162.1621621622,78.37837837837839,4.321536961328131e-21,1.5315775628738635e-26,0.5,1200,sintered
282522.52252252254,78.47847847847848,4.3270561597529015e-21,1.5315775628738635e-26,0.5,1200,sintered
282882.8828828829,78.57857857857859,4.332575358177672e-21,1.5315775628738635e-26,0.5,1200,sintered
283243.24324324325,78.67867867867868,4.3380945566024426e-21,1.5315775628738635e-26,0.5,1200,sintered
283603.6036036036,78.77877877877879,4.343613755027213e-21,1.5315775628738635e-26,0.5,1200,sintered
283963.96396396396,78.87887887887888,4.3491329534519836e-21,1.5315775628738635e-26,0.5,1200,sintered
284324.3243243244,78.97897897897899,4.354652151876756e-21,1.5315775628738635e-26,0.5,1200,sintered
284684.6846846847,79.07907907907908,4.3601713503015254e-21,1.5315775628738635e-26,0.5,1200,sintered
285045.0450450451,79.17917917917919,4.365690548726297e-21,1.5315775628738635e-26,0.5,1200,sintered
285405.4054054054,79.27927927927928,4.3712097471510665e-21,1.5315775628738635e-26,0.5,1200,sintered
285765.7657657658,79.37937937937939,4.376728945575838e-21,1.5315775628738635e-26,0.5,1200,sintered
286126.12612612615,79.47947947947948,4.382248144000608e-21,1.5315775628738635e-26,0.5,1200,sintered
286486.4864864865,79.57957957957959,4.387767342425379e-21,1.5315775628738635e-26,0.5,1200,sintered
286846.84684684686,79.67967967967968,4.3932865408501494e-21,1.5315775628738635e-26,0.5,1200,sintered
287207.2072072072,79.77977977977979,4.39880573927492e-21,1.5315775628738635e-26,0.5,1200,sintered
287567.5675675676,79.87987987987988,4.4043249376996904e-21,1.5315775628738635e-26,0.5,1200,sintered
287927.9279279279,79.97997997997999,4.409844136124461e-21,1.5315775628738635e-26,0.5,1200,sintered
288288.2882882883,80.08008008008008,4.415363334549232e-21,1.5315775628738635e-26,0.5,1200,sintered
288648.6486486487,80.18018018018019,4.4208825329740036e-21,1.5315775628738635e-26,0.5,1200,sintered
289009.009009009,80.28028028028028,4.426401731398773e-21,1.5315775628738635e-26,0.5,1200,sintered
289369.3693693694,80.38038038038039,4.4319209298235446e-21,1.5315775628738635e-26,0.5,1200,sintered
289729.7297297297,80.48048048048048,4.4374401282483144e-21,1.5315775628738635e-26,0.5,1200,sintered
290090.0900900901,80.58058058058059,4.442959326673086e-21,1.5315775628738635e-26,0.5,1200,sintered
290450.4504504505,80.68068068068068,4.448478525097856e-21,1.5315775628738635e-26,0.5,1200,sintered
290810.8108108108,80.78078078078079,4.453997723522627e-21,1.5315775628738635e-26,0.5,1200,sintered
291171.1711711712,80.88088088088088,4.459516921947397e-21,1.5315775628738635e-26,0.5,1200,sintered
291531.53153153154,80.98098098098099,4.4650361203721686e-21,1.5315775628738635e-26,0.5,1200,sintered
291891.8918918919,81.08108108108108,4.470555318796939e-21,1.5315775628738635e-26,0.5,1200,sintered
292252.25225225225,81.18118118118119,4.47607451722171e-21,1.5315775628738635e-26,0.5,1200,sintered
292612.6126126126,81.28128128128128,4.48159371564648e-21,1.5315775628738635e-26,0.5,1200,sintered
292972.972972973,81.38138138138139,4.4871129140712514e-21,1.5315775628738635e-26,0.5,1200,sintered
293333.3333333333,81.48148148148148,4.492632112496021e-21,1.5315775628738635e-26,0.5,1200,sintered
293693.6936936937,81.58158158158159,4.4981513109207925e-21,1.5315775628738635e-26,0.5,1200,sintered
294054.054054054,81.68168168168168,4.503670509345562e-21,1.5315775628738635e-26,0.5,1200,sintered
294414.41441441444,81.78178178178179,4.5091897077703336e-21,1.5315775628738635e-26,0.5,1200,sintered
294774.7747747748,81.88188188188188,4.514708906195105e-21,1.5315775628738635e-26,0.5,1200,sintered
295135.13513513515,81.98198198198199,4.5202281046198754e-21,1.5315775628738635e-26,0.5,1200,sintered
295495.4954954955,82.08208208208208,4.525747303044646e-21,1.5315775628738635e-26,0.5,1200,sintered
295855.85585585586,82.18218218218219,4.5312665014694165e-21,1.5315775628738635e-26,0.5,1200,sintered
296216.2162162162,82.28228228228228,4.536785699894187e-21,1.5315775628738635e-26,0.5,1200,sintered
296576.5765765766,82.38238238238239,4.542304898318958e-21,1.5315775628738635e-26,0.5,1200,sintered
296936.9369369369,82.48248248248248,4.547824096743728e-21,1.5315775628738635e-26,0.5,1200,sintered
297297.29729729734,82.58258258258259,4.553343295168499e-21,1.5315775628738635e-26,0.5,1200,sintered
297657.65765765763,82.68268268268268,4.558862493593269e-21,1.5315775628738635e-26,0.5,1200,sintered
298018.01801801805,82.78278278278279,4.564381692018041e-21,1.5315775628738635e-26,0.5,1200,sintered
298378.3783783784,82.88288288288288,4.569900890442812e-21,1.5315775628738635e-26,0.5,1200,sintered
298738.73873873876,82.98298298298299,4.575420088867582e-21,1.5315775628738635e-26,0.5,1200,sintered
299099.0990990991,83.08308308308308,4.580939287292353e-21,1.5315775628738635e-26,0.5,1200,sintered
299459.45945945947,83.18318318318319,4.586458485717123e-21,1.5315775628738635e-26,0.5,1200,sintered
299819.8198198198,83.28328328328328,4.591977684141894e-21,1.5315775628738635e-26,0.5,1200,sintered
300180.1801801802,83.38338338338339,4.597496882566664e-21,1.5315775628738635e-26,0.5,1200,sintered
300540.54054054053,83.48348348348348,4.603016080991435e-21,1.5315775628738635e-26,0.5,1200,sintered
300900.90090090095,83.58358358358359,4.608535279416206e-21,1.5315775628738635e-26,0.5,1200,sintered
301261.26126126124,83.68368368368368,4.614054477840976e-21,1.5315775628738635e-26,0.5,1200,sintered
301621.62162162166,83.78378378378379,4.619573676265748e-21,1.5315775628738635e-26,0.5,1200,sintered
301981.98198198195,83.88388388388388,4.625092874690517e-21,1.5315775628738635e-26,0.5,1200,sintered
302342.34234234237,83.98398398398399,4.630612073115289e-21,1.5315775628738635e-26,0.5,1200,sintered
302702.7027027027,84.08408408408408,4.6361312715400596e-21,1.5315775628738635e-26,0.5,1200,sintered
303063.0630630631,84.18418418418419,4.64165046996483e-21,1.5315775628738635e-26,0.5,1200,sintered
303423.42342342343,84.28428428428428,4.647169668389601e-21,1.5315775628738635e-26,0.5,1200,sintered
303783.7837837838,84.38438438438439,4.652688866814371e-21,1.5315775628738635e-26,0.5,1200,sintered
304144.14414414414,84.48448448448448,4.658208065239142e-21,1.5315775628738635e-26,0.5,1200,sintered
304504.5045045045,84.58458458458459,4.663727263663912e-21,1.5315775628738635e-26,0.5,1200,sintered
304864.86486486485,84.68468468468468,4.669246462088683e-21,1.5315775628738635e-26,0.5,1200,sintered
305225.22522522527,84.78478478478479,4.674765660513455e-21,1.5315775628738635e-26,0.5,1200,sintered
305585.58558558556,84.88488488488488,4.6802848589382246e-21,1.5315775628738635e-26,0.5,1200,sintered
305945.945945946,84.98498498498499,4.685804057362996e-21,1.5315775628738635e-26,0.5,1200,sintered
306306.3063063063,85.08508508508508,4.691323255787766e-21,1.5315775628738635e-26,0.5,1200,sintered
306666.6666666667,85.18518518518519,4.696842454212537e-21,1.5315775628738635e-26,0.5,1200,sintered
307027.02702702704,85.28528528528528,4.7023616526373075e-21,1.5315775628738635e-26,0.5,1200,sintered
307387.3873873874,85.38538538538539,4.707880851062078e-21,1.5315775628738635e-26,0.5,1200,sintered
307747.7477477478,85.4854854854855,4.713400049486849e-21,1.5315775628738635e-26,0.5,1200,sintered
308108.1081081081,85.58558558558559,4.718919247911619e-21,1.5315775628738635e-26,0.5,1200,sintered
308468.4684684685,85.6856856856857,4.724438446336391e-21,1.5315775628738635e-26,0.5,1200,sintered
308828.8288288289,85.78578578578579,4.729957644761162e-21,1.5315775628738635e-26,0.5,1200,sintered
309189.18918918923,85.8858858858859,4.735476843185932e-21,1.5315775628738635e-26,0.5,1200,sintered
309549.5495495496,85.98598598598599,4.740996041610703e-21,1.5315775628738635e-26,0.5,1200,sintered
309909.90990990994,86.0860860860861,4.746515240035473e-21,1.5315775628738635e-26,0.5,1200,sintered
310270.2702702703,86.18618618618619,4.752034438460244e-21,1.5315775628738635e-26,0.5,1200,sintered
310630.63063063065,86.2862862862863,4.757553636885014e-21,1.5315775628738635e-26,0.5,1200,sintered
310990.990990991,86.38638638638639,4.763072835309785e-21,1.5315775628738635e-26,0.5,1200,sintered
311351.3513513514,86.4864864864865,4.768592033734556e-21,1.5315775628738635e-26,0.5,1200,sintered
311711.7117117117,86.58658658658659,4.774111232159326e-21,1.5315775628738635e-26,0.5,1200,sintered
312072.07207207213,86.6866866866867,4.779630430584098e-21,1.5315775628738635e-26,0.5,1200,sintered
312432.4324324324,86.78678678678679,4.785149629008868e-21,1.5315775628738635e-26,0.5,1200,sintered
312792.79279279284,86.8868868868869,4.790668827433639e-21,1.5315775628738635e-26,0.5,1200,sintered
313153.1531531532,86.98698698698699,4.7961880258584096e-21,1.5315775628738635e-26,0.5,1200,sintered
313513.51351351355,87.0870870870871,4.80170722428318e-21,1.5315775628738635e-26,0.5,1200,sintered
313873.8738738739,87.18718718718719,4.8072264227079506e-21,1.5315775628738635e-26,0.5,1200,sintered
314234.23423423426,87.2872872872873,4.812745621132721e-21,1.5315775628738635e-26,0.5,1200,sintered
314594.5945945946,87.38738738738739,4.818264819557492e-21,1.5315775628738635e-26,0.5,1200,sintered
314954.95495495497,87.4874874874875,4.823784017982262e-21,1.5315775628738635e-26,0.5,1200,sintered
315315.3153153153,87.58758758758759,4.829303216407033e-21,1.5315775628738635e-26,0.5,1200,sintered
315675.67567567574,87.6876876876877,4.834822414831805e-21,1.5315775628738635e-26,0.5,1200,sintered
316036.03603603604,87.78778778778779,4.8403416132565746e-21,1.5315775628738635e-26,0.5,1200,sintered
316396.39639639645,87.8878878878879,4.845860811681346e-21,1.5315775628738635e-26,0.5,1200,sintered
316756.75675675675,87.98798798798799,4.851380010106116e-21,1.5315775628738635e-26,0.5,1200,sintered
317117.11711711716,88.0880880880881,4.856899208530887e-21,1.5315775628738635e-26,0.5,1200,sintered
317477.4774774775,88.18818818818819,4.8624184069556575e-21,1.5315775628738635e-26,0.5,1200,sintered
317837.83783783787,88.2882882882883,4.867937605380428e-21,1.5315775628738635e-26,0.5,1200,sintered
318198.1981981982,88.38838838838839,4.8734568038051985e-21,1.5315775628738635e-26,0.5,1200,sintered
318558.5585585586,88.4884884884885,4.878976002229969e-21,1.5315775628738635e-26,0.5,1200,sintered
318918.91891891893,88.58858858858859,4.88449520065474e-21,1.5315775628738635e-26,0.5,1200,sintered
319279.27927927935,88.6886886886887,4.8900143990795116e-21,1.5315775628738635e-26,0.5,1200,sintered
319639.63963963964,88.78878878878879,4.8955335975042814e-21,1.5315775628738635e-26,0.5,1200,sintered
320000.00000000006,88.8888888888889,4.901052795929053e-21,1.5315775628738635e-26,0.5,1200,sintered
320360.36036036036,88.988988988989,4.9065719943538225e-21,1.5315775628738635e-26,0.5,1200,sintered
320720.72072072077,89.0890890890891,4.912091192778594e-21,1.5315775628738635e-26,0.5,1200,sintered
321081.0810810811,89.1891891891892,4.917610391203364e-21,1.5315775628738635e-26,0.5,1200,sintered
321441.4414414415,89.2892892892893,4.923129589628135e-21,1.5315775628738635e-26,0.5,1200,sintered
321801.80180180183,89.3893893893894,4.928648788052905e-21,1.5315775628738635e-26,0.5,1200,sintered
322162.1621621622,89.4894894894895,4.934167986477677e-21,1.5315775628738635e-26,0.5,1200,sintered
322522.52252252254,89.5895895895896,4.939687184902447e-21,1.5315775628738635e-26,0.5,1200,sintered
322882.8828828829,89.6896896896897,4.945206383327218e-21,1.5315775628738635e-26,0.5,1200,sintered
323243.24324324325,89.7897897897898,4.950725581751988e-21,1.5315775628738635e-26,0.5,1200,sintered
323603.60360360367,89.8898898898899,4.9562447801767595e-21,1.5315775628738635e-26,0.5,1200,sintered
323963.96396396396,89.98998998999,4.961763978601529e-21,1.5315775628738635e-26,0.5,1200,sintered
324324.3243243244,90.0900900900901,4.9672831770263006e-21,1.5315775628738635e-26,0.5,1200,sintered
324684.6846846847,90.1901901901902,4.97280237545107e-21,1.5315775628738635e-26,0.5,1200,sintered
325045.0450450451,90.2902902902903,4.978321573875842e-21,1.5315775628738635e-26,0.5,1200,sintered
325405.40540540544,90.3903903903904,4.983840772300612e-21,1.5315775628738635e-26,0.5,1200,sintered
325765.7657657658,90.4904904904905,4.9893599707253835e-21,1.5315775628738635e-26,0.5,1200,sintered
326126.12612612615,90.5905905905906,4.994879169150154e-21,1.5315775628738635e-26,0.5,1200,sintered
326486.4864864865,90.6906906906907,5.0003983675749245e-21,1.5315775628738635e-26,0.5,1200,sintered
326846.84684684686,90.7907907907908,5.005917565999695e-21,1.5315775628738635e-26,0.5,1200,sintered
327207.2072072072,90.8908908908909,5.0114367644244656e-21,1.5315775628738635e-26,0.5,1200,sintered
327567.5675675676,90.990990990991,5.016955962849236e-21,1.5315775628738635e-26,0.5,1200,sintered
327927.927927928,91.0910910910911,5.0224751612740074e-21,1.5315775628738635e-26,0.5,1200,sintered
328288.2882882883,91.1911911911912,5.027994359698777e-21,1.5315775628738635e-26,0.5,1200,sintered
328648.6486486487,91.2912912912913,5.0335135581235485e-21,1.5315775628738635e-26,0.5,1200,sintered
329009.009009009,91.3913913913914,5.039032756548318e-21,1.5315775628738635e-26,0.5,1200,sintered
329369.3693693694,91.4914914914915,5.04455195497309e-21,1.5315775628738635e-26,0.5,1200,sintered
329729.72972972976,91.5915915915916,5.050071153397861e-21,1.5315775628738635e-26,0.5,1200,sintered
330090.0900900901,91.6916916916917,5.055590351822631e-21,1.5315775628738635e-26,0.5,1200,sintered
330450.4504504505,91.7917917917918,5.061109550247402e-21,1.5315775628738635e-26,0.5,1200,sintered
330810.8108108108,91.8918918918919,5.0666287486721724e-21,1.5315775628738635e-26,0.5,1200,sintered
331171.1711711712,91.991991991992,5.072147947096943e-21,1.5315775628738635e-26,0.5,1200,sintered
331531.53153153154,92.0920920920921,5.0776671455217135e-21,1.5315775628738635e-26,0.5,1200,sintered
331891.8918918919,92.1921921921922,5.083186343946484e-21,1.5315775628738635e-26,0.5,1200,sintered
332252.2522522523,92.2922922922923,5.088705542371256e-21,1.5315775628738635e-26,0.5,1200,sintered
332612.6126126126,92.3923923923924,5.094224740796025e-21,1.5315775628738635e-26,0.5,1200,sintered
332972.972972973,92.4924924924925,5.099743939220797e-21,1.5315775628738635e-26,0.5,1200,sintered
333333.3333333333,92.5925925925926,5.105263137645567e-21,1.5315775628738635e-26,0.5,1200,sintered
333693.6936936937,92.6926926926927,5.110782336070338e-21,1.5315775628738635e-26,0.5,1200,sintered
334054.0540540541,92.7927927927928,5.116301534495109e-21,1.5315775628738635e-26,0.5,1200,sintered
334414.41441441444,92.8928928928929,5.121820732919879e-21,1.5315775628738635e-26,0.5,1200,sintered
334774.7747747748,92.992992992993,5.12733993134465e-21,1.5315775628738635e-26,0.5,1200,sintered
335135.13513513515,93.0930930930931,5.13285912976942e-21,1.5315775628738635e-26,0.5,1200,sintered
335495.4954954955,93.1931931931932,5.138378328194191e-21,1.5315775628738635e-26,0.5,1200,sintered
335855.8558558559,93.2932932932933,5.143897526618963e-21,1.5315775628738635e-26,0.5,1200,sintered
336216.2162162162,93.3933933933934,5.149416725043732e-21,1.5315775628738635e-26,0.5,1200,sintered
336576.5765765766,93.4934934934935,5.154935923468504e-21,1.5315775628738635e-26,0.5,1200,sintered
336936.9369369369,93.5935935935936,5.160455121893274e-21,1.5315775628738635e-26,0.5,1200,sintered
337297.29729729734,93.6936936936937,5.165974320318045e-21,1.5315775628738635e-26,0.5,1200,sintered
337657.6576576577,93.7937937937938,5.1714935187428156e-21,1.5315775628738635e-26,0.5,1200,sintered
338018.01801801805,93.8938938938939,5.177012717167586e-21,1.5315775628738635e-26,0.5,1200,sintered
338378.3783783784,93.993993993994,5.182531915592357e-21,1.5315775628738635e-26,0.5,1200,sintered
338738.73873873876,94.0940940940941,5.188051114017127e-21,1.5315775628738635e-26,0.5,1200,sintered
339099.0990990991,94.1941941941942,5.193570312441898e-21,1.5315775628738635e-26,0.5,1200,sintered
339459.45945945947,94.2942942942943,5.199089510866668e-21,1.5315775628738635e-26,0.5,1200,sintered
339819.8198198198,94.3943943943944,5.2046087092914395e-21,1.5315775628738635e-26,0.5,1200,sintered
340180.18018018024,94.4944944944945,5.210127907716211e-21,1.5315775628738635e-26,0.5,1200,sintered
340540.54054054053,94.5945945945946,5.2156471061409806e-21,1.5315775628738635e-26,0.5,1200,sintered
340900.90090090095,94.6946946946947,5.221166304565752e-21,1.5315775628738635e-26,0.5,1200,sintered
341261.26126126124,94.7947947947948,5.226685502990522e-21,1.5315775628738635e-26,0.5,1200,sintered
341621.62162162166,94.8948948948949,5.232204701415293e-21,1.5315775628738635e-26,0.5,1200,sintered
341981.981981982,94.994994994995,5.2377238998400635e-21,1.5315775628738635e-26,0.5,1200,sintered
342342.34234234237,95.0950950950951,5.243243098264834e-21,1.5315775628738635e-26,0.5,1200,sintered
342702.7027027027,95.1951951951952,5.2487622966896045e-21,1.5315775628738635e-26,0.5,1200,sintered
343063.0630630631,95.2952952952953,5.254281495114376e-21,1.5315775628738635e-26,0.5,1200,sintered
343423.42342342343,95.3953953953954,5.259800693539146e-21,1.5315775628738635e-26,0.5,1200,sintered
343783.7837837838,95.4954954954955,5.265319891963917e-21,1.5315775628738635e-26,0.5,1200,sintered
344144.14414414414,95.5955955955956,5.2708390903886874e-21,1.5315775628738635e-26,0.5,1200,sintered
344504.50450450456,95.6956956956957,5.276358288813459e-21,1.5315775628738635e-26,0.5,1200,sintered
344864.86486486485,95.7957957957958,5.2818774872382285e-21,1.5315775628738635e-26,0.5,1200,sintered
345225.22522522527,95.8958958958959,5.287396685663e-21,1.5315775628738635e-26,0.5,1200,sintered
345585.58558558556,95.995995995996,5.2929158840877695e-21,1.5315775628738635e-26,0.5,1200,sintered
345945.945945946,96.0960960960961,5.298435082512541e-21,1.5315775628738635e-26,0.5,1200,sintered
346306.30630630633,96.1961961961962,5.303954280937311e-21,1.5315775628738635e-26,0.5,1200,sintered
346666.6666666667,96.2962962962963,5.309473479362083e-21,1.5315775628738635e-26,0.5,1200,sintered
347027.02702702704,96.3963963963964,5.314992677786853e-21,1.5315775628738635e-26,0.5,1200,sintered
347387.3873873874,96.4964964964965,5.320511876211624e-21,1.5315775628738635e-26,0.5,1200,sintered
347747.74774774775,96.5965965965966,5.326031074636394e-21,1.5315775628738635e-26,0.5,1200,sintered
348108.10810810816,96.6966966966967,5.3315502730611655e-21,1.5315775628738635e-26,0.5,1200,sintered
348468.46846846846,96.7967967967968,5.337069471485935e-21,1.5315775628738635e-26,0.5,1200,sintered
348828.8288288289,96.8968968968969,5.3425886699107066e-21,1.5315775628738635e-26,0.5,1200,sintered
349189.1891891892,96.996996996997,5.348107868335476e-21,1.5315775628738635e-26,0.5,1200,sintered
349549.5495495496,97.0970970970971,5.353627066760248e-21,1.5315775628738635e-26,0.5,1200,sintered
349909.90990990994,97.1971971971972,5.359146265185019e-21,1.5315775628738635e-26,0.5,1200,sintered
350270.2702702703,97.2972972972973,5.3646654636097895e-21,1.5315775628738635e-26,0.5,1200,sintered
350630.63063063065,97.3973973973974,5.37018466203456e-21,1.5315775628738635e-26,0.5,1200,sintered
350990.990990991,97.4974974974975,5.3757038604593305e-21,1.5315775628738635e-26,0.5,1200,sintered
351351.35135135136,97.5975975975976,5.381223058884101e-21,1.5315775628738635e-26,0.5,1200,sintered
351711.7117117117,97.6976976976977,5.3867422573088716e-21,1.5315775628738635e-26,0.5,1200,sintered
352072.0720720721,97.7977977977978,5.392261455733642e-21,1.5315775628738635e-26,0.5,1200,sintered
352432.4324324325,97.8978978978979,5.3977806541584134e-21,1.5315775628738635e-26,0.5,1200,sintered
352792.7927927928,97.997997997998,5.403299852583183e-21,1.5315775628738635e-26,0.5,1200,sintered
353153.1531531532,98.0980980980981,5.408819051007955e-21,1.5315775628738635e-26,0.5,1200,sintered
353513.5135135135,98.1981981981982,5.414338249432724e-21,1.5315775628738635e-26,0.5,1200,sintered
353873.8738738739,98.2982982982983,5.419857447857496e-21,1.5315775628738635e-26,0.5,1200,sintered
354234.23423423426,98.3983983983984,5.425376646282267e-21,1.5315775628738635e-26,0.5,1200,sintered
354594.5945945946,98.4984984984985,5.430895844707037e-21,1.5315775628738635e-26,0.5,1200,sintered
354954.95495495497,98.5985985985986,5.436415043131808e-21,1.5315775628738635e-26,0.5,1200,sintered
355315.3153153153,98.6986986986987,5.4419342415565784e-21,1.5315775628738635e-26,0.5,1200,sintered
355675.6756756757,98.7987987987988,5.447453439981349e-21,1.5315775628738635e-26,0.5,1200,sintered
356036.03603603604,98.8988988988989,5.4529726384061195e-21,1.5315775628738635e-26,0.5,1200,sintered
356396.3963963964,98.998998998999,5.45849183683089e-21,1.5315775628738635e-26,0.5,1200,sintered
356756.7567567568,99.0990990990991,5.464011035255662e-21,1.5315775628738635e-26,0.5,1200,sintered
357117.1171171171,99.1991991991992,5.469530233680432e-21,1.5315775628738635e-26,0.5,1200,sintered
357477.4774774775,99.2992992992993,5.475049432105203e-21,1.5315775628738635e-26,0.5,1200,sintered
357837.8378378378,99.3993993993994,5.480568630529973e-21,1.5315775628738635e-26,0.5,1200,sintered
358198.1981981982,99.4994994994995,5.486087828954744e-21,1.5315775628738635e-26,0.5,1200,sintered
358558.5585585586,99.5995995995996,5.491607027379515e-21,1.5315775628738635e-26,0.5,1200,sintered
358918.91891891893,99.6996996996997,5.497126225804285e-21,1.5315775628738635e-26,0.5,1200,sintered
359279.2792792793,99.7997997997998,5.502645424229056e-21,1.5315775628738635e-26,0.5,1200,sintered
359639.63963963964,99.8998998998999,5.508164622653826e-21,1.5315775628738635e-26,0.5,1200,sintered
360000.0,100.0,5.513683821078597e-21,1.5315775628738635e-26,0.5,1200,sintered
0.0,0.0,0.0,1.536061910411145e-25,1.0,1200,green
360.3603603603604,0.1001001001001001,5.535335901938747e-23,1.5360497185322811e-25,1.0,1200,green
720.7207207207208,0.2002002002002002,1.1070629996541542e-22,1.5360386879683047e-25,1.0,1200,green
1081.081081081081,0.3003003003003003,1.66058862660889e-22,1.5360287081003127e-25,1.0,1200,green
1441.4414414414416,0.4004004004004004,2.2141108313536577e-22,1.536019678846201e-25,1.0,1200,green
1801.801801801802,0.5005005005005005,2.767629939864741e-22,1.5360115096570012e-25,1.0,1200,green
2162.162162162162,0.6006006006006006,3.321146247068158e-22,1.53600411860882e-25,1.0,1200,green
2522.5225225225226,0.7007007007007008,3.874660019797293e-22,1.5359974315812725e-25,1.0,1200,green
2882.882882882883,0.8008008008008008,4.428171499468809e-22,1.535991381514175e-25,1.0,1200,green
3243.2432432432433,0.9009009009009009,4.981680904503671e-22,1.5359859077350368e-25,1.0,1200,green
3603.603603603604,1.001001001001001,5.53518843251756e-22,1.5359809553506134e-25,1.0,1200,green
3963.963963963964,1.1011011011011012,6.088694262302638e-22,1.535976474696415e-25,1.0,1200,green
4324.324324324324,1.2012012012012012,6.642198555620553e-22,1.535972420838651e-25,1.0,1200,green
4684.684684684685,1.3013013013013013,7.195701458824645e-22,1.5359687531236158e-25,1.0,1200,green
5045.045045045045,1.4014014014014016,7.749203104327637e-22,1.5359654347699972e-25,1.0,1200,green
5405.405405405406,1.5015015015015016,8.302703611929522e-22,1.5359624325000195e-25,1.0,1200,green
5765.765765765766,1.6016016016016017,8.856203090018967e-22,1.5359597162057195e-25,1.0,1200,green
6126.126126126126,1.7017017017017018,9.409701636660275e-22,1.5359572586470127e-25,1.0,1200,green
6486.486486486487,1.8018018018018018,9.963199340576819e-22,1.5359550351785184e-25,1.0,1200,green
6846.846846846847,1.9019019019019021,1.051669628204079e-21,1.5359530235024058e-25,1.0,1200,green
7207.207207207208,2.002002002002002,1.1070192533678194e-21,1.5359512034447833e-25,1.0,1200,green
7567.567567567568,2.1021021021021022,1.162368816119719e-21,1.5359495567533858e-25,1.0,1200,green
7927.927927927928,2.2022022022022023,1.2177183224047021e-21,1.535948066914534e-25,1.0,1200,green
8288.288288288288,2.3023023023023024,1.2730677776014205e-21,1.5359467189875282e-25,1.0,1200,green
8648.648648648648,2.4024024024024024,1.3284171865761927e-21,1.535945499454818e-25,1.0,1200,green
9009.009009009009,2.5025025025025025,1.3837665537318044e-21,1.5359443960864421e-25,1.0,1200,green
9369.36936936937,2.6026026026026026,1.4391158830516629e-21,1.5359433978173816e-25,1.0,1200,green
9729.729729729732,2.702702702702703,1.4944651781397425e-21,1.5359424946365955e-25,1.0,1200,green
10090.09009009009,2.802802802802803,1.549814442256728e-21,1.5359416774866257e-25,1.0,1200,green
10450.450450450451,2.902902902902903,1.6051636783527139e-21,1.535940938172766e-25,1.0,1200,green
10810.810810810812,3.0030030030030033,1.6605128890967887e-21,1.5359402692808817e-25,1.0,1200,green
11171.171171171172,3.1031031031031033,1.715862076903802e-21,1.5359396641030576e-25,1.0,1200,green
11531.531531531533,3.2032032032032034,1.771211243958581e-21,1.5359391165703284e-25,1.0,1200,green
11891.891891891892,3.3033033033033035,1.826560392237841e-21,1.5359386211918173e-25,1.0,1200,green
12252.252252252252,3.4034034034034035,1.8819095235300102e-21,1.535938172999671e-25,1.0,1200,green
12612.612612612613,3.5035035035035036,1.9372586394531624e-21,1.535937767499239e-25,1.0,1200,green
12972.972972972973,3.6036036036036037,1.9926077414712444e-21,1.5359374006240012e-25,1.0,1200,green
13333.333333333334,3.7037037037037037,2.0479568309087586e-21,1.5359370686947863e-25,1.0,1200,green
13693.693693693695,3.8038038038038042,2.103305908964043e-21,1.535936768382875e-25,1.0,1200,green
14054.054054054055,3.9039039039039043,2.158654976721291e-21,1.53593649667662e-25,1.0,1200,green
14414.414414414416,4.004004004004004,2.2140040351614236e-21,1.535936250851242e-25,1.0,1200,green
14774.774774774776,4.104104104104104,2.269353085171925e-21,1.535936028441506e-25,1.0,1200,green
15135.135135135137,4.2042042042042045,2.3247021275557444e-21,1.5359358272169983e-25,1.0,1200,green
15495.495495495496,4.3043043043043046,2.3800511630393464e-21,1.5359356451597593e-25,1.0,1200,green
15855.855855855856,4.404404404404405,2.43540019228e-21,1.535935480444046e-25,1.0,1200,green
16216.216216216217,4.504504504504505,2.4907492158723642e-21,1.5359353314180235e-25,1.0,1200,green
16576.576576576575,4.604604604604605,2.5460982343544574e-21,1.5359351965871994e-25,1.0,1200,green
16936.936936936938,4.704704704704705,2.601447248213049e-21,1.5359350745994363e-25,1.0,1200,green
17297.297297297297,4.804804804804805,2.6567962578885407e-21,1.5359349642313921e-25,1.0,1200,green
17657.65765765766,4.904904904904905,2.7121452637793885e-21,1.535934864376252e-25,1.0,1200,green
18018.018018018018,5.005005005005005,2.767494266246089e-21,1.5359347740326285e-25,1.0,1200,green
18378.378378378377,5.105105105105105,2.822843265614804e-21,1.5359346922945203e-25,1.0,1200,green
18738.73873873874,5.205205205205205,2.8781922621806278e-21,1.5359346183422242e-25,1.0,1200,green
19099.099099099098,5.305305305305305,2.933541256210542e-21,1.5359345514341173e-25,1.0,1200,green
19459.459459459464,5.405405405405406,2.9888902479461028e-21,1.5359344908992186e-25,1.0,1200,green
19819.819819819822,5.505505505505506,3.0442392376058524e-21,1.5359344361304598e-25,1.0,1200,green
20180.18018018018,5.605605605605606,3.099588225387519e-21,1.535934386578598e-25,1.0,1200,green
20540.540540540544,5.705705705705706,3.1549372114699963e-21,1.535934341746707e-25,1.0,1200,green
20900.900900900902,5.805805805805806,3.210286196015137e-21,1.5359343011851951e-25,1.0,1200,green
21261.261261261265,5.9059059059059065,3.2656351791693776e-21,1.5359342644872949e-25,1.0,1200,green
21621.621621621623,6.0060060060060065,3.3209841610652052e-21,1.5359342312849854e-25,1.0,1200,green
21981.981981981982,6.106106106106107,3.376333141822488e-21,1.5359342012453005e-25,1.0,1200,green
22342.342342342345,6.206206206206207,3.431682121549677e-21,1.5359341740669904e-25,1.0,1200,green
22702.702702702703,6.306306306306307,3.487031100344889e-21,1.5359341494775e-25,1.0,1200,green
23063.063063063066,6.406406406406407,3.542380078296902e-21,1.5359341272302358e-25,1.0,1200,green
23423.423423423425,6.506506506506507,3.5977290554860285e-21,1.5359341071020938e-25,1.0,1200,green
23783.783783783783,6.606606606606607,3.653078031984939e-21,1.5359340888912207e-25,1.0,1200,green
24144.144144144146,6.706706706706707,3.708427007859379e-21,1.5359340724149907e-25,1.0,1200,green
24504.504504504504,6.806806806806807,3.763775983168829e-21,1.5359340575081735e-25,1.0,1200,green
24864.864864864867,6.906906906906907,3.819124957967108e-21,1.5359340440212778e-25,1.0,1200,green
25225.225225225226,7.007007007007007,3.874473932302906e-21,1.5359340318190513e-25,1.0,1200,green
25585.585585585584,7.107107107107107,3.929822906220275e-21,1.5359340207791254e-25,1.0,1200,green
25945.945945945947,7.207207207207207,3.985171879759074e-21,1.5359340107907872e-25,1.0,1200,green
26306.306306306305,7.307307307307307,4.040520852955361e-21,1.5359340017538697e-25,1.0,1200,green
26666.666666666668,7.407407407407407,4.095869825841762e-21,1.535933993577747e-25,1.0,1200,green
27027.02702702703,7.507507507507508,4.151218798447794e-21,1.5359339861804258e-25,1.0,1200,green
27387.38738738739,7.6076076076076085,4.206567770800163e-21,1.5359339794877227e-25,1.0,1200,green
27747.74774774775,7.7077077077077085,4.2619167429230325e-21,1.5359339734325208e-25,1.0,1200,green
28108.10810810811,7.807807807807809,4.317265714838262e-21,1.5359339679540959e-25,1.0,1200,green
28468.468468468473,7.907907907907909,4.3726146865656304e-21,1.5359339629975082e-25,1.0,1200,green
28828.82882882883,8.008008008008009,4.427963658123031e-21,1.535933958513051e-25,1.0,1200,green
29189.18918918919,8.108108108108109,4.483312629526655e-21,1.5359339544557526e-25,1.0,1200,green
29549.549549549552,8.208208208208209,4.53866160079115e-21,1.5359339507849248e-25,1.0,1200,green
29909.90990990991,8.308308308308309,4.594010571929767e-21,1.5359339474637547e-25,1.0,1200,green
30270.270270270274,8.408408408408409,4.649359542954498e-21,1.5359339444589365e-25,1.0,1200,green
30630.630630630632,8.508508508508509,4.704708513876191e-21,1.535933941740337e-25,1.0,1200,green
30990.99099099099,8.608608608608609,4.7600574847046585e-21,1.5359339392806924e-25,1.0,1200,green
31351.351351351354,8.70870870870871,4.815406455448783e-21,1.5359339370553368e-25,1.0,1200,green
31711.711711711712,8.80880880880881,4.870755426116598e-21,1.5359339350419532e-25,1.0,1200,green
32072.072072072075,8.90890890890891,4.926104396715371e-21,1.535933933220351e-25,1.0,1200,green
32432.432432432433,9.00900900900901,4.981453367251679e-21,1.535933931572262e-25,1.0,1200,green
32792.792792792796,9.10910910910911,5.036802337731474e-21,1.5359339300811586e-25,1.0,1200,green
33153.15315315315,9.20920920920921,5.0921513081601344e-21,1.5359339287320876e-25,1.0,1200,green
33513.51351351351,9.30930930930931,5.147500278542536e-21,1.5359339275115197e-25,1.0,1200,green
33873.873873873876,9.40940940940941,5.202849248883082e-21,1.5359339264072148e-25,1.0,1200,green
34234.23423423424,9.50950950950951,5.258198219185761e-21,1.5359339254080986e-25,1.0,1200,green
34594.59459459459,9.60960960960961,5.3135471894541775e-21,1.5359339245041513e-25,1.0,1200,green
34954.954954954956,9.70970970970971,5.368896159691598e-21,1.5359339236863077e-25,1.0,1200,green
35315.31531531532,9.80980980980981,5.4242451299009745e-21,1.5359339229463664e-25,1.0,1200,green
35675.67567567567,9.90990990990991,5.479594100084975e-21,1.5359339222769068e-25,1.0,1200,green
36036.036036036036,10.01001001001001,5.53494307024602e-21,1.5359339216712154e-25,1.0,1200,green
36396.3963963964,10.11011011011011,5.5902920403862966e-21,1.5359339211232178e-25,1.0,1200,green
36756.75675675675,10.21021021021021,5.6456410105077796e-21,1.5359339206274189e-25,1.0,1200,green
37117.117117117115,10.31031031031031,5.7009899806122624e-21,1.5359339201788463e-25,1.0,1200,green
37477.47747747748,10.41041041041041,5.756338950701364e-21,1.5359339197730018e-25,1.0,1200,green
37837.83783783784,10.51051051051051,5.811687920776547e-21,1.5359339194058153e-25,1.0,1200,green
38198.198198198195,10.61061061061061,5.867036890839139e-21,1.5359339190736043e-25,1.0,1200,green
38558.558558558565,10.710710710710712,5.922385860890341e-21,1.5359339187730375e-25,1.0,1200,green
38918.91891891893,10.810810810810812,5.977734830931235e-21,1.5359339185011007e-25,1.0,1200,green
39279.27927927928,10.910910910910912,6.033083800962803e-21,1.5359339182550667e-25,1.0,1200,green
39639.639639639645,11.011011011011012,6.088432770985935e-21,1.535933918032468e-25,1.0,1200,green
40000.00000000001,11.111111111111112,6.143781741001434e-21,1.5359339178310728e-25,1.0,1200,green
40360.36036036036,11.211211211211213,6.1991307110100265e-21,1.535933917648861e-25,1.0,1200,green
40720.720720720725,11.311311311311313,6.254479681012371e-21,1.5359339174840055e-25,1.0,1200,green
41081.08108108109,11.411411411411413,6.309828651009063e-21,1.535933917334853e-25,1.0,1200,green
41441.44144144144,11.511511511511513,6.365177621000639e-21,1.5359339171999078e-25,1.0,1200,green
41801.801801801805,11.611611611611613,6.420526590987588e-21,1.5359339170778165e-25,1.0,1200,green
42162.16216216217,11.711711711711713,6.4758755609703514e-21,1.5359339169673547e-25,1.0,1200,green
42522.52252252253,11.811811811811813,6.531224530949326e-21,1.535933916867415e-25,1.0,1200,green
42882.882882882885,11.911911911911913,6.586573500924873e-21,1.5359339167769946e-25,1.0,1200,green
43243.24324324325,12.012012012012013,6.641922470897321e-21,1.535933916695187e-25,1.0,1200,green
43603.60360360361,12.112112112112113,6.697271440866963e-21,1.535933916621172e-25,1.0,1200,green
43963.963963963964,12.212212212212213,6.752620410834066e-21,1.5359339165542072e-25,1.0,1200,green
44324.32432432433,12.312312312312313,6.807969380798872e-21,1.5359339164936208e-25,1.0,1200,green
44684.68468468469,12.412412412412413,6.863318350761605e-21,1.5359339164388056e-25,1.0,1200,green
45045.04504504505,12.512512512512513,6.918667320722455e-21,1.5359339163892116e-25,1.0,1200,green
45405.40540540541,12.612612612612613,6.974016290681603e-21,1.5359339163443417e-25,1.0,1200,green
45765.76576576577,12.712712712712714,7.029365260639215e-21,1.5359339163037459e-25,1.0,1200,green
46126.12612612613,12.812812812812814,7.084714230595435e-21,1.5359339162670167e-25,1.0,1200,green
46486.48648648649,12.912912912912914,7.140063200550392e-21,1.5359339162337863e-25,1.0,1200,green
46846.84684684685,13.013013013013014,7.195412170504213e-21,1.5359339162037212e-25,1.0,1200,green
47207.20720720721,13.113113113113114,7.250761140457002e-21,1.5359339161765197e-25,1.0,1200,green
47567.56756756757,13.213213213213214,7.306110110408857e-21,1.5359339161519094e-25,1.0,1200,green
47927.92792792793,13.313313313313314,7.36145908035987e-21,1.5359339161296432e-25,1.0,1200,green
48288.28828828829,13.413413413413414,7.41680805031012e-21,1.535933916109498e-25,1.0,1200,green
48648.648648648654,13.513513513513514,7.472157020259677e-21,1.5359339160912716e-25,1.0,1200,green
49009.00900900901,13.613613613613614,7.527505990208609e-21,1.5359339160747814e-25,1.0,1200,green
49369.36936936937,13.713713713713714,7.582854960156978e-21,1.535933916059862e-25,1.0,1200,green
49729.729729729734,13.813813813813814,7.638203930104834e-21,1.5359339160463636e-25,1.0,1200,green
50090.09009009009,13.913913913913914,7.693552900052226e-21,1.535933916034151e-25,1.0,1200,green
50450.45045045045,14.014014014014014,7.7489018699992e-21,1.5359339160231019e-25,1.0,1200,green
50810.81081081081,14.114114114114114,7.804250839945795e-21,1.5359339160131049e-25,1.0,1200,green
51171.17117117117,14.214214214214214,7.859599809892047e-21,1.5359339160040605e-25,1.0,1200,green
51531.53153153153,14.314314314314315,7.914948779837991e-21,1.5359339159958772e-25,1.0,1200,green
51891.89189189189,14.414414414414415,7.970297749783652e-21,1.5359339159884737e-25,1.0,1200,green
52252.252252252256,14.514514514514515,8.025646719729061e-21,1.5359339159817754e-25,1.0,1200,green
52612.61261261261,14.614614614614615,8.080995689674238e-21,1.535933915975715e-25,1.0,1200,green
52972.97297297297,14.714714714714715,8.136344659619208e-21,1.535933915970232e-25,1.0,1200,green
53333.333333333336,14.814814814814815,8.191693629563992e-21,1.5359339159652712e-25,1.0,1200,green
53693.69369369369,14.914914914914915,8.247042599508602e-21,1.5359339159607827e-25,1.0,1200,green
54054.05405405406,15.015015015015017,8.302391569453062e-21,1.535933915956722e-25,1.0,1200,green
54414.41441441442,15.115115115115117,8.35774053939738e-21,1.5359339159530481e-25,1.0,1200,green
54774.77477477478,15.215215215215217,8.413089509341574e-21,1.5359339159497241e-25,1.0,1200,green
55135.13513513514,15.315315315315317,8.468438479285653e-21,1.5359339159467168e-25,1.0,1200,green
55495.4954954955,15.415415415415417,8.523787449229629e-21,1.535933915943996e-25,1.0,1200,green
55855.85585585586,15.515515515515517,8.579136419173511e-21,1.5359339159415343e-25,1.0,1200,green
56216.21621621622,15.615615615615617,8.63448538911731e-21,1.535933915939307e-25,1.0,1200,green
56576.57657657658,15.715715715715717,8.689834359061032e-21,1.535933915937292e-25,1.0,1200,green
56936.936936936945,15.815815815815817,8.745183329004685e-21,1.5359339159354688e-25,1.0,1200,green
57297.2972972973,15.915915915915917,8.800532298948275e-21,1.5359339159338192e-25,1.0,1200,green
57657.65765765766,16.016016016016017,8.855881268891808e-21,1.5359339159323268e-25,1.0,1200,green
58018.018018018025,16.116116116116117,8.911230238835292e-21,1.5359339159309766e-25,1.0,1200,green
58378.37837837838,16.216216216216218,8.966579208778728e-21,1.535933915929755e-25,1.0,1200,green
58738.73873873874,16.316316316316318,9.021928178722122e-21,1.5359339159286497e-25,1.0,1200,green
59099.099099099105,16.416416416416418,9.077277148665479e-21,1.5359339159276499e-25,1.0,1200,green
59459.45945945947,16.516516516516518,9.132626118608801e-21,1.535933915926745e-25,1.0,1200,green
59819.81981981982,16.616616616616618,9.187975088552092e-21,1.5359339159259266e-25,1.0,1200,green
60180.180180180185,16.716716716716718,9.243324058495356e-21,1.535933915925186e-25,1.0,1200,green
60540.54054054055,16.816816816816818,9.298673028438592e-21,1.535933915924516e-25,1.0,1200,green
60900.9009009009,16.916916916916918,9.354021998381806e-21,1.5359339159239096e-25,1.0,1200,green
61261.261261261265,17.017017017017018,9.409370968325001e-21,1.5359339159233614e-25,1.0,1200,green
61621.62162162163,17.117117117117118,9.464719938268176e-21,1.535933915922865e-25,1.0,1200,green
61981.98198198198,17.217217217217218,9.520068908211333e-21,1.5359339159224162e-25,1.0,1200,green
62342.342342342345,17.31731731731732,9.575417878154478e-21,1.5359339159220098e-25,1.0,1200,green
62702.70270270271,17.41741741741742,9.630766848097606e-21,1.5359339159216425e-25,1.0,1200,green
63063.06306306307,17.51751751751752,9.686115818040722e-21,1.53593391592131e-25,1.0,1200,green
63423.423423423425,17.61761761761762,9.741464787983826e-21,1.535933915921009e-25,1.0,1200,green
63783.78378378379,17.71771771771772,9.79681375792692e-21,1.535933915920737e-25,1.0,1200,green
64144.14414414415,17.81781781781782,9.852162727870006e-21,1.5359339159204906e-25,1.0,1200,green
64504.504504504504,17.91791791791792,9.907511697813082e-21,1.535933915920268e-25,1.0,1200,green
64864.86486486487,18.01801801801802,9.962860667756152e-21,1.5359339159200663e-25,1.0,1200,green
65225.22522522523,18.11811811811812,1.0018209637699214e-20,1.535933915919884e-25,1.0,1200,green
65585.58558558559,18.21821821821822,1.0073558607642271e-20,1.535933915919719e-25,1.0,1200,green
65945.94594594595,18.31831831831832,1.0128907577585318e-20,1.5359339159195697e-25,1.0,1200,green
66306.3063063063,18.41841841841842,1.0184256547528364e-20,1.5359339159194347e-25,1.0,1200,green
66666.66666666667,18.51851851851852,1.0239605517471406e-20,1.5359339159193124e-25,1.0,1200,green
67027.02702702703,18.61861861861862,1.029495448741444e-20,1.535933915919202e-25,1.0,1200,green
67387.3873873874,18.71871871871872,1.0350303457357475e-20,1.5359339159191018e-25,1.0,1200,green
67747.74774774775,18.81881881881882,1.0405652427300503e-20,1.5359339159190114e-25,1.0,1200,green
68108.1081081081,18.91891891891892,1.0461001397243529e-20,1.5359339159189294e-25,1.0,1200,green
68468.46846846848,19.01901901901902,1.0516350367186553e-20,1.5359339159188555e-25,1.0,1200,green
68828.82882882883,19.11911911911912,1.0571699337129572e-20,1.5359339159187884e-25,1.0,1200,green
69189.18918918919,19.21921921921922,1.062704830707259e-20,1.5359339159187278e-25,1.0,1200,green
69549.54954954956,19.31931931931932,1.0682397277015608e-20,1.535933915918673e-25,1.0,1200,green
69909.90990990991,19.41941941941942,1.0737746246958621e-20,1.5359339159186231e-25,1.0,1200,green
70270.27027027027,19.51951951951952,1.0793095216901633e-20,1.5359339159185784e-25,1.0,1200,green
70630.63063063064,19.61961961961962,1.0848444186844646e-20,1.5359339159185377e-25,1.0,1200,green
70990.99099099099,19.71971971971972,1.0903793156787654e-20,1.535933915918501e-25,1.0,1200,green
71351.35135135135,19.81981981981982,1.0959142126730662e-20,1.5359339159184677e-25,1.0,1200,green
71711.71171171172,19.91991991991992,1.1014491096673671e-20,1.5359339159184376e-25,1.0,1200,green
72072.07207207207,20.02002002002002,1.1069840066616676e-20,1.5359339159184103e-25,1.0,1200,green
72432.43243243243,20.12012012012012,1.1125189036559681e-20,1.5359339159183857e-25,1.0,1200,green
72792.7927927928,20.22022022022022,1.1180538006502687e-20,1.5359339159183635e-25,1.0,1200,green
73153.15315315315,20.32032032032032,1.123588697644569e-20,1.5359339159183433e-25,1.0,1200,green
73513.5135135135,20.42042042042042,1.1291235946388691e-20,1.5359339159183251e-25,1.0,1200,green
73873.87387387388,20.52052052052052,1.1346584916331696e-20,1.5359339159183086e-25,1.0,1200,green
74234.23423423423,20.62062062062062,1.1401933886274697e-20,1.5359339159182937e-25,1.0,1200,green
74594.5945945946,20.72072072072072,1.14572828562177e-20,1.5359339159182801e-25,1.0,1200,green
74954.95495495496,20.82082082082082,1.15126318261607e-20,1.535933915918268e-25,1.0,1200,green
75315.31531531531,20.92092092092092,1.15679807961037e-20,1.535933915918257e-25,1.0,1200,green
75675.67567567568,21.02102102102102,1.1623329766046701e-20,1.5359339159182468e-25,1.0,1200,green
76036.03603603604,21.12112112112112,1.16786787359897e-20,1.535933915918238e-25,1.0,1200,green
76396.39639639639,21.22122122122122,1.1734027705932698e-20,1.5359339159182296e-25,1.0,1200,green
76756.75675675676,21.32132132132132,1.17893766758757e-20,1.5359339159182223e-25,1.0,1200,green
77117.11711711713,21.421421421421424,1.1844725645818699e-20,1.5359339159182154e-25,1.0,1200,green
77477.47747747749,21.521521521521525,1.1900074615761697e-20,1.5359339159182094e-25,1.0,1200,green
77837.83783783785,21.621621621621625,1.1955423585704696e-20,1.535933915918204e-25,1.0,1200,green
78198.19819819821,21.721721721721725,1.2010772555647694e-20,1.5359339159181989e-25,1.0,1200,green
78558.55855855856,21.821821821821825,1.2066121525590693e-20,1.5359339159181945e-25,1.0,1200,green
78918.91891891893,21.921921921921925,1.212147049553369e-20,1.5359339159181904e-25,1.0,1200,green
79279.27927927929,22.022022022022025,1.2176819465476688e-20,1.5359339159181867e-25,1.0,1200,green
79639.63963963964,22.122122122122125,1.2232168435419685e-20,1.5359339159181835e-25,1.0,1200,green
80000.00000000001,22.222222222222225,1.2287517405362684e-20,1.5359339159181805e-25,1.0,1200,green
80360.36036036037,22.322322322322325,1.2342866375305681e-20,1.5359339159181777e-25,1.0,1200,green
80720.72072072072,22.422422422422425,1.2398215345248677e-20,1.5359339159181752e-25,1.0,1200,green
81081.0810810811,22.522522522522525,1.2453564315191676e-20,1.535933915918173e-25,1.0,1200,green
81441.44144144145,22.622622622622625,1.2508913285134672e-20,1.5359339159181708e-25,1.0,1200,green
81801.8018018018,22.722722722722725,1.256426225507767e-20,1.535933915918169e-25,1.0,1200,green
82162.16216216217,22.822822822822825,1.2619611225020667e-20,1.5359339159181674e-25,1.0,1200,green
82522.52252252253,22.922922922922925,1.2674960194963663e-20,1.535933915918166e-25,1.0,1200,green
82882.88288288288,23.023023023023026,1.273030916490666e-20,1.5359339159181647e-25,1.0,1200,green
83243.24324324325,23.123123123123126,1.2785658134849658e-20,1.5359339159181635e-25,1.0,1200,green
83603.60360360361,23.223223223223226,1.2841007104792653e-20,1.5359339159181624e-25,1.0,1200,green
83963.96396396398,23.323323323323326,1.2896356074735651e-20,1.5359339159181612e-25,1.0,1200,green
84324.32432432433,23.423423423423426,1.2951705044678648e-20,1.5359339159181603e-25,1.0,1200,green
84684.68468468469,23.523523523523526,1.3007054014621644e-20,1.5359339159181596e-25,1.0,1200,green
85045.04504504506,23.623623623623626,1.3062402984564642e-20,1.535933915918159e-25,1.0,1200,green
85405.40540540541,23.723723723723726,1.3117751954507638e-20,1.5359339159181582e-25,1.0,1200,green
85765.76576576577,23.823823823823826,1.3173100924450633e-20,1.5359339159181575e-25,1.0,1200,green
86126.12612612614,23.923923923923926,1.3228449894393631e-20,1.535933915918157e-25,1.0,1200,green
86486.4864864865,24.024024024024026,1.3283798864336628e-20,1.5359339159181566e-25,1.0,1200,green
86846.84684684685,24.124124124124126,1.3339147834279624e-20,1.5359339159181562e-25,1.0,1200,green
87207.20720720722,24.224224224224226,1.3394496804222622e-20,1.5359339159181557e-25,1.0,1200,green
87567.56756756757,24.324324324324326,1.3449845774165618e-20,1.5359339159181552e-25,1.0,1200,green
87927.92792792793,24.424424424424426,1.3505194744108613e-20,1.535933915918155e-25,1.0,1200,green
88288.2882882883,24.524524524524526,1.3560543714051612e-20,1.5359339159181545e-25,1.0,1200,green
88648.64864864865,24.624624624624627,1.3615892683994605e-20,1.5359339159181543e-25,1.0,1200,green
89009.00900900901,24.724724724724727,1.36712416539376e-20,1.535933915918154e-25,1.0,1200,green
89369.36936936938,24.824824824824827,1.37265906238806e-20,1.5359339159181539e-25,1.0,1200,green
89729.72972972973,24.924924924924927,1.3781939593823596e-20,1.5359339159181536e-25,1.0,1200,green
90090.0900900901,25.025025025025027,1.3837288563766595e-20,1.5359339159181536e-25,1.0,1200,green
90450.45045045046,25.125125125125127,1.389263753370959e-20,1.5359339159181534e-25,1.0,1200,green
90810.81081081081,25.225225225225227,1.3947986503652584e-20,1.5359339159181532e-25,1.0,1200,green
91171.17117117118,25.325325325325327,1.4003335473595583e-20,1.5359339159181532e-25,1.0,1200,green
91531.53153153154,25.425425425425427,1.405868444353858e-20,1.535933915918153e-25,1.0,1200,green
91891.8918918919,25.525525525525527,1.4114033413481574e-20,1.535933915918153e-25,1.0,1200,green
92252.25225225226,25.625625625625627,1.4169382383424573e-20,1.5359339159181527e-25,1.0,1200,green
92612.61261261262,25.725725725725727,1.422473135336757e-20,1.5359339159181527e-25,1.0,1200,green
92972.97297297297,25.825825825825827,1.4280080323310562e-20,1.5359339159181525e-25,1.0,1200,green
93333.33333333334,25.925925925925927,1.433542929325356e-20,1.5359339159181525e-25,1.0,1200,green
93693.6936936937,26.026026026026027,1.4390778263196557e-20,1.5359339159181525e-25,1.0,1200,green
94054.05405405405,26.126126126126128,1.4446127233139553e-20,1.5359339159181525e-25,1.0,1200,green
94414.41441441442,26.226226226226228,1.4501476203082552e-20,1.5359339159181523e-25,1.0,1200,green
94774.77477477478,26.326326326326328,1.4556825173025548e-20,1.5359339159181523e-25,1.0,1200,green
95135.13513513513,26.426426426426428,1.461217414296854e-20,1.5359339159181523e-25,1.0,1200,green
95495.4954954955,26.526526526526528,1.466752311291154e-20,1.5359339159181523e-25,1.0,1200,green
95855.85585585586,26.626626626626628,1.4722872082854535e-20,1.5359339159181523e-25,1.0,1200,green
96216.21621621623,26.726726726726728,1.4778221052797534e-20,1.535933915918152e-25,1.0,1200,green
96576.57657657658,26.826826826826828,1.483357002274053e-20,1.535933915918152e-25,1.0,1200,green
96936.93693693694,26.926926926926928,1.4888918992683523e-20,1.535933915918152e-25,1.0,1200,green
97297.29729729731,27.027027027027028,1.4944267962626522e-20,1.535933915918152e-25,1.0,1200,green
97657.65765765766,27.127127127127128,1.4999616932569518e-20,1.535933915918152e-25,1.0,1200,green
98018.01801801802,27.227227227227228,1.5054965902512514e-20,1.535933915918152e-25,1.0,1200,green
98378.37837837839,27.32732732732733,1.5110314872455513e-20,1.535933915918152e-25,1.0,1200,green
98738.73873873874,27.42742742742743,1.516566384239851e-20,1.535933915918152e-25,1.0,1200,green
99099.0990990991,27.52752752752753,1.5221012812341502e-20,1.535933915918152e-25,1.0,1200,green
99459.45945945947,27.62762762762763,1.52763617822845e-20,1.535933915918152e-25,1.0,1200,green
99819.81981981982,27.72772772772773,1.5331710752227496e-20,1.535933915918152e-25,1.0,1200,green
100180.18018018018,27.82782782782783,1.5387059722170492e-20,1.5359339159181518e-25,1.0,1200,green
100540.54054054055,27.92792792792793,1.544240869211349e-20,1.5359339159181518e-25,1.0,1200,green
100900.9009009009,28.02802802802803,1.5497757662056487e-20,1.5359339159181518e-25,1.0,1200,green
101261.26126126126,28.12812812812813,1.555310663199948e-20,1.5359339159181518e-25,1.0,1200,green
101621.62162162163,28.22822822822823,1.560845560194248e-20,1.5359339159181518e-25,1.0,1200,green
101981.98198198198,28.32832832832833,1.5663804571885475e-20,1.5359339159181518e-25,1.0,1200,green
102342.34234234234,28.42842842842843,1.571915354182847e-20,1.5359339159181518e-25,1.0,1200,green
102702.7027027027,28.52852852852853,1.577450251177147e-20,1.5359339159181518e-25,1.0,1200,green
103063.06306306306,28.62862862862863,1.5829851481714466e-20,1.5359339159181518e-25,1.0,1200,green
103423.42342342343,28.72872872872873,1.5885200451657462e-20,1.5359339159181518e-25,1.0,1200,green
103783.78378378379,28.82882882882883,1.5940549421600457e-20,1.5359339159181518e-25,1.0,1200,green
104144.14414414414,28.92892892892893,1.5995898391543453e-20,1.5359339159181518e-25,1.0,1200,green
104504.50450450451,29.02902902902903,1.6051247361486452e-20,1.5359339159181518e-25,1.0,1200,green
104864.86486486487,29.12912912912913,1.6106596331429448e-20,1.5359339159181518e-25,1.0,1200,green
105225.22522522522,29.22922922922923,1.6161945301372444e-20,1.5359339159181518e-25,1.0,1200,green
105585.58558558559,29.32932932932933,1.621729427131544e-20,1.5359339159181518e-25,1.0,1200,green
105945.94594594595,29.42942942942943,1.6272643241258436e-20,1.5359339159181518e-25,1.0,1200,green
106306.3063063063,29.52952952952953,1.6327992211201432e-20,1.5359339159181518e-25,1.0,1200,green
106666.66666666667,29.62962962962963,1.638334118114443e-20,1.5359339159181518e-25,1.0,1200,green
107027.02702702703,29.72972972972973,1.6438690151087427e-20,1.5359339159181518e-25,1.0,1200,green
107387.38738738738,29.82982982982983,1.649403912103042e-20,1.5359339159181518e-25,1.0,1200,green
107747.74774774777,29.929929929929934,1.654938809097342e-20,1.5359339159181518e-25,1.0,1200,green
108108.10810810812,30.030030030030034,1.6604737060916417e-20,1.5359339159181518e-25,1.0,1200,green
108468.46846846848,30.130130130130134,1.6660086030859413e-20,1.5359339159181518e-25,1.0,1200,green
108828.82882882885,30.230230230230234,1.671543500080241e-20,1.5359339159181518e-25,1.0,1200,green
109189.1891891892,30.330330330330334,1.6770783970745405e-20,1.5359339159181518e-25,1.0,1200,green
109549.54954954956,30.430430430430434,1.68261329406884e-20,1.5359339159181518e-25,1.0,1200,green
109909.90990990993,30.530530530530534,1.68814819106314e-20,1.5359339159181518e-25,1.0,1200,green
110270.27027027028,30.630630630630634,1.6936830880574396e-20,1.5359339159181518e-25,1.0,1200,green
110630.63063063064,30.730730730730734,1.6992179850517392e-20,1.5359339159181518e-25,1.0,1200,green
110990.990990991,30.830830830830834,1.7047528820460388e-20,1.5359339159181518e-25,1.0,1200,green
111351.35135135136,30.930930930930934,1.7102877790403384e-20,1.5359339159181518e-25,1.0,1200,green
111711.71171171172,31.031031031031034,1.715822676034638e-20,1.5359339159181518e-25,1.0,1200,green
112072.07207207209,31.131131131131134,1.7213575730289378e-20,1.5359339159181518e-25,1.0,1200,green
112432.43243243244,31.231231231231234,1.7268924700232374e-20,1.5359339159181518e-25,1.0,1200,green
112792.79279279281,31.331331331331334,1.732427367017537e-20,1.5359339159181518e-25,1.0,1200,green
113153.15315315317,31.431431431431434,1.7379622640118366e-20,1.5359339159181518e-25,1.0,1200,green
113513.51351351352,31.531531531531535,1.7434971610061362e-20,1.5359339159181518e-25,1.0,1200,green
113873.87387387389,31.631631631631635,1.749032058000436e-20,1.5359339159181518e-25,1.0,1200,green
114234.23423423425,31.731731731731735,1.7545669549947357e-20,1.5359339159181518e-25,1.0,1200,green
114594.5945945946,31.831831831831835,1.7601018519890353e-20,1.5359339159181518e-25,1.0,1200,green
114954.95495495497,31.931931931931935,1.765636748983335e-20,1.5359339159181518e-25,1.0,1200,green
115315.31531531533,32.032032032032035,1.7711716459776345e-20,1.5359339159181518e-25,1.0,1200,green
115675.67567567568,32.132132132132135,1.776706542971934e-20,1.5359339159181518e-25,1.0,1200,green
116036.03603603605,32.232232232232235,1.782241439966234e-20,1.5359339159181518e-25,1.0,1200,green
116396.3963963964,32.332332332332335,1.7877763369605335e-20,1.5359339159181518e-25,1.0,1200,green
116756.75675675676,32.432432432432435,1.793311233954833e-20,1.5359339159181518e-25,1.0,1200,green
117117.11711711713,32.532532532532535,1.7988461309491327e-20,1.5359339159181518e-25,1.0,1200,green
117477.47747747749,32.632632632632635,1.8043810279434323e-20,1.5359339159181518e-25,1.0,1200,green
117837.83783783784,32.732732732732735,1.809915924937732e-20,1.5359339159181518e-25,1.0,1200,green
118198.19819819821,32.832832832832835,1.8154508219320318e-20,1.5359339159181518e-25,1.0,1200,green
118558.55855855856,32.932932932932935,1.8209857189263314e-20,1.5359339159181518e-25,1.0,1200,green
118918.91891891893,33.033033033033036,1.826520615920631e-20,1.5359339159181518e-25,1.0,1200,green
119279.27927927929,33.133133133133136,1.8320555129149306e-20,1.5359339159181518e-25,1.0,1200,green
119639.63963963964,33.233233233233236,1.83759040990923e-20,1.5359339159181518e-25,1.0,1200,green
120000.00000000001,33.333333333333336,1.84312530690353e-20,1.5359339159181518e-25,1.0,1200,green
120360.36036036037,33.433433433433436,1.8486602038978296e-20,1.5359339159181518e-25,1.0,1200,green
120720.72072072072,33.533533533533536,1.8541951008921292e-20,1.5359339159181518e-25,1.0,1200,green
121081.0810810811,33.633633633633636,1.8597299978864288e-20,1.5359339159181518e-25,1.0,1200,green
121441.44144144145,33.733733733733736,1.8652648948807284e-20,1.5359339159181518e-25,1.0,1200,green
121801.8018018018,33.833833833833836,1.870799791875028e-20,1.5359339159181518e-25,1.0,1200,green
122162.16216216217,33.933933933933936,1.876334688869328e-20,1.5359339159181518e-25,1.0,1200,green
122522.52252252253,34.034034034034036,1.8818695858636275e-20,1.5359339159181518e-25,1.0,1200,green
122882.88288288288,34.134134134134136,1.887404482857927e-20,1.5359339159181518e-25,1.0,1200,green
123243.24324324325,34.234234234234236,1.8929393798522267e-20,1.5359339159181518e-25,1.0,1200,green
123603.60360360361,34.334334334334336,1.8984742768465262e-20,1.5359339159181518e-25,1.0,1200,green
123963.96396396396,34.434434434434436,1.9040091738408258e-20,1.5359339159181518e-25,1.0,1200,green
124324.32432432433,34.53453453453454,1.9095440708351257e-20,1.5359339159181518e-25,1.0,1200,green
124684.68468468469,34.63463463463464,1.9150789678294253e-20,1.5359339159181518e-25,1.0,1200,green
125045.04504504506,34.73473473473474,1.920613864823725e-20,1.5359339159181518e-25,1.0,1200,green
125405.40540540541,34.83483483483484,1.9261487618180245e-20,1.5359339159181518e-25,1.0,1200,green
125765.76576576577,34.93493493493494,1.931683658812324e-20,1.5359339159181518e-25,1.0,1200,green
126126.12612612614,35.03503503503504,1.937218555806624e-20,1.5359339159181518e-25,1.0,1200,green
126486.4864864865,35.13513513513514,1.9427534528009236e-20,1.5359339159181518e-25,1.0,1200,green
126846.84684684685,35.23523523523524,1.9482883497952232e-20,1.5359339159181518e-25,1.0,1200,green
127207.20720720722,35.33533533533534,1.9538232467895228e-20,1.5359339159181518e-25,1.0,1200,green
127567.56756756757,35.43543543543544,1.9593581437838223e-20,1.5359339159181518e-25,1.0,1200,green
127927.92792792793,35.53553553553554,1.964893040778122e-20,1.5359339159181518e-25,1.0,1200,green
128288.2882882883,35.63563563563564,1.9704279377724218e-20,1.5359339159181518e-25,1.0,1200,green
128648.64864864865,35.73573573573574,1.9759628347667214e-20,1.5359339159181518e-25,1.0,1200,green
129009.00900900901,35.83583583583584,1.981497731761021e-20,1.5359339159181518e-25,1.0,1200,green
129369.36936936938,35.93593593593594,1.9870326287553206e-20,1.5359339159181518e-25,1.0,1200,green
129729.72972972973,36.03603603603604,1.9925675257496202e-20,1.5359339159181518e-25,1.0,1200,green
130090.09009009009,36.13613613613614,1.9981024227439198e-20,1.5359339159181518e-25,1.0,1200,green
130450.45045045046,36.23623623623624,2.0036373197382197e-20,1.5359339159181518e-25,1.0,1200,green
130810.81081081081,36.33633633633634,2.0091722167325193e-20,1.5359339159181518e-25,1.0,1200,green
131171.17117117118,36.43643643643644,2.0147071137268192e-20,1.5359339159181518e-25,1.0,1200,green
131531.53153153154,36.53653653653654,2.0202420107211184e-20,1.5359339159181518e-25,1.0,1200,green
131891.8918918919,36.63663663663664,2.025776907715418e-20,1.5359339159181518e-25,1.0,1200,green
132252.25225225225,36.73673673673674,2.0313118047097176e-20,1.5359339159181518e-25,1.0,1200,green
132612.6126126126,36.83683683683684,2.0368467017040172e-20,1.5359339159181518e-25,1.0,1200,green
132972.972972973,36.93693693693694,2.0423815986983174e-20,1.5359339159181518e-25,1.0,1200,green
133333.33333333334,37.03703703703704,2.047916495692617e-20,1.5359339159181518e-25,1.0,1200,green
133693.6936936937,37.13713713713714,2.0534513926869163e-20,1.5359339159181518e-25,1.0,1200,green
134054.05405405405,37.23723723723724,2.058986289681216e-20,1.5359339159181518e-25,1.0,1200,green
134414.4144144144,37.33733733733734,2.0645211866755155e-20,1.5359339159181518e-25,1.0,1200,green
134774.7747747748,37.43743743743744,2.0700560836698157e-20,1.5359339159181518e-25,1.0,1200,green
135135.13513513515,37.53753753753754,2.0755909806641153e-20,1.5359339159181518e-25,1.0,1200,green
135495.4954954955,37.63763763763764,2.0811258776584145e-20,1.5359339159181518e-25,1.0,1200,green
135855.85585585586,37.73773773773774,2.086660774652714e-20,1.5359339159181518e-25,1.0,1200,green
136216.2162162162,37.83783783783784,2.0921956716470137e-20,1.5359339159181518e-25,1.0,1200,green
136576.57657657657,37.93793793793794,2.0977305686413133e-20,1.5359339159181518e-25,1.0,1200,green
136936.93693693695,38.03803803803804,2.1032654656356135e-20,1.5359339159181518e-25,1.0,1200,green
137297.2972972973,38.13813813813814,2.108800362629913e-20,1.5359339159181518e-25,1.0,1200,green
137657.65765765766,38.23823823823824,2.1143352596242124e-20,1.5359339159181518e-25,1.0,1200,green
138018.01801801802,38.33833833833834,2.119870156618512e-20,1.5359339159181518e-25,1.0,1200,green
138378.37837837837,38.43843843843844,2.1254050536128116e-20,1.5359339159181518e-25,1.0,1200,green
138738.73873873873,38.53853853853854,2.1309399506071112e-20,1.5359339159181518e-25,1.0,1200,green
139099.0990990991,38.63863863863864,2.1364748476014114e-20,1.5359339159181518e-25,1.0,1200,green
139459.45945945947,38.73873873873874,2.142009744595711e-20,1.5359339159181518e-25,1.0,1200,green
139819.81981981982,38.83883883883884,2.1475446415900102e-20,1.5359339159181518e-25,1.0,1200,green
140180.18018018018,38.93893893893894,2.1530795385843098e-20,1.5359339159181518e-25,1.0,1200,green
140540.54054054053,39.03903903903904,2.1586144355786094e-20,1.5359339159181518e-25,1.0,1200,green
140900.9009009009,39.13913913913914,2.164149332572909e-20,1.5359339159181518e-25,1.0,1200,green
141261.26126126127,39.23923923923924,2.1696842295672092e-20,1.5359339159181518e-25,1.0,1200,green
141621.62162162163,39.33933933933934,2.1752191265615088e-20,1.5359339159181518e-25,1.0,1200,green
141981.98198198198,39.43943943943944,2.180754023555808e-20,1.5359339159181518e-25,1.0,1200,green
142342.34234234234,39.53953953953954,2.1862889205501077e-20,1.5359339159181518e-25,1.0,1200,green
142702.7027027027,39.63963963963964,2.1918238175444073e-20,1.5359339159181518e-25,1.0,1200,green
143063.06306306308,39.73973973973974,2.1973587145387075e-20,1.5359339159181518e-25,1.0,1200,green
143423.42342342343,39.83983983983984,2.202893611533007e-20,1.5359339159181518e-25,1.0,1200,green
143783.7837837838,39.93993993993994,2.2084285085273063e-20,1.5359339159181518e-25,1.0,1200,green
144144.14414414414,40.04004004004004,2.213963405521606e-20,1.5359339159181518e-25,1.0,1200,green
144504.5045045045,40.14014014014014,2.2194983025159055e-20,1.5359339159181518e-25,1.0,1200,green
144864.86486486485,40.24024024024024,2.225033199510205e-20,1.5359339159181518e-25,1.0,1200,green
145225.22522522524,40.34034034034034,2.2305680965045053e-20,1.5359339159181518e-25,1.0,1200,green
145585.5855855856,40.44044044044044,2.236102993498805e-20,1.5359339159181518e-25,1.0,1200,green
145945.94594594595,40.54054054054054,2.2416378904931042e-20,1.5359339159181518e-25,1.0,1200,green
146306.3063063063,40.64064064064064,2.2471727874874038e-20,1.5359339159181518e-25,1.0,1200,green
146666.66666666666,40.74074074074074,2.2527076844817034e-20,1.5359339159181518e-25,1.0,1200,green
147027.027027027,40.84084084084084,2.258242581476003e-20,1.5359339159181518e-25,1.0,1200,green
147387.3873873874,40.94094094094094,2.2637774784703032e-20,1.5359339159181518e-25,1.0,1200,green
147747.74774774775,41.04104104104104,2.2693123754646027e-20,1.5359339159181518e-25,1.0,1200,green
148108.1081081081,41.14114114114114,2.274847272458902e-20,1.5359339159181518e-25,1.0,1200,green
148468.46846846846,41.24124124124124,2.2803821694532016e-20,1.5359339159181518e-25,1.0,1200,green
148828.82882882882,41.34134134134134,2.2859170664475012e-20,1.5359339159181518e-25,1.0,1200,green
149189.1891891892,41.44144144144144,2.2914519634418014e-20,1.5359339159181518e-25,1.0,1200,green
149549.54954954956,41.54154154154154,2.296986860436101e-20,1.5359339159181518e-25,1.0,1200,green
149909.9099099099,41.64164164164164,2.3025217574304006e-20,1.5359339159181518e-25,1.0,1200,green
150270.27027027027,41.74174174174174,2.3080566544247e-20,1.5359339159181518e-25,1.0,1200,green
150630.63063063062,41.84184184184184,2.3135915514189995e-20,1.5359339159181518e-25,1.0,1200,green
150990.99099099098,41.94194194194194,2.319126448413299e-20,1.5359339159181518e-25,1.0,1200,green
151351.35135135136,42.04204204204204,2.3246613454075993e-20,1.5359339159181518e-25,1.0,1200,green
151711.71171171172,42.14214214214214,2.3301962424018988e-20,1.5359339159181518e-25,1.0,1200,green
152072.07207207207,42.24224224224224,2.3357311393961984e-20,1.5359339159181518e-25,1.0,1200,green
152432.43243243243,42.34234234234234,2.3412660363904977e-20,1.5359339159181518e-25,1.0,1200,green
152792.79279279278,42.44244244244244,2.3468009333847973e-20,1.5359339159181518e-25,1.0,1200,green
153153.15315315314,42.54254254254254,2.352335830379097e-20,1.5359339159181518e-25,1.0,1200,green
153513.51351351352,42.64264264264264,2.357870727373397e-20,1.5359339159181518e-25,1.0,1200,green
153873.8738738739,42.74274274274275,2.363405624367697e-20,1.5359339159181518e-25,1.0,1200,green
154234.23423423426,42.84284284284285,2.3689405213619966e-20,1.5359339159181518e-25,1.0,1200,green
154594.59459459462,42.94294294294295,2.3744754183562962e-20,1.5359339159181518e-25,1.0,1200,green
154954.95495495497,43.04304304304305,2.3800103153505958e-20,1.5359339159181518e-25,1.0,1200,green
155315.31531531533,43.14314314314315,2.3855452123448954e-20,1.5359339159181518e-25,1.0,1200,green
155675.6756756757,43.24324324324325,2.3910801093391952e-20,1.5359339159181518e-25,1.0,1200,green
156036.03603603606,43.34334334334335,2.3966150063334948e-20,1.5359339159181518e-25,1.0,1200,green
156396.39639639642,43.44344344344345,2.4021499033277944e-20,1.5359339159181518e-25,1.0,1200,green
156756.75675675677,43.54354354354355,2.407684800322094e-20,1.5359339159181518e-25,1.0,1200,green
157117.11711711713,43.64364364364365,2.4132196973163936e-20,1.5359339159181518e-25,1.0,1200,green
157477.47747747749,43.74374374374375,2.4187545943106932e-20,1.5359339159181518e-25,1.0,1200,green
157837.83783783787,43.84384384384385,2.424289491304993e-20,1.5359339159181518e-25,1.0,1200,green
158198.19819819822,43.94394394394395,2.4298243882992927e-20,1.5359339159181518e-25,1.0,1200,green
158558.55855855858,44.04404404404405,2.4353592852935923e-20,1.5359339159181518e-25,1.0,1200,green
158918.91891891893,44.14414414414415,2.440894182287892e-20,1.5359339159181518e-25,1.0,1200,green
159279.2792792793,44.24424424424425,2.4464290792821915e-20,1.5359339159181518e-25,1.0,1200,green
159639.63963963967,44.34434434434435,2.4519639762764913e-20,1.5359339159181518e-25,1.0,1200,green
160000.00000000003,44.44444444444445,2.457498873270791e-20,1.5359339159181518e-25,1.0,1200,green
160360.36036036038,44.54454454454455,2.4630337702650905e-20,1.5359339159181518e-25,1.0,1200,green
160720.72072072074,44.64464464464465,2.46856866725939e-20,1.5359339159181518e-25,1.0,1200,green
161081.0810810811,44.74474474474475,2.4741035642536897e-20,1.5359339159181518e-25,1.0,1200,green
161441.44144144145,44.84484484484485,2.4796384612479893e-20,1.5359339159181518e-25,1.0,1200,green
161801.80180180183,44.94494494494495,2.4851733582422892e-20,1.5359339159181518e-25,1.0,1200,green
162162.1621621622,45.04504504504505,2.4907082552365888e-20,1.5359339159181518e-25,1.0,1200,green
162522.52252252254,45.14514514514515,2.4962431522308884e-20,1.5359339159181518e-25,1.0,1200,green
162882.8828828829,45.24524524524525,2.501778049225188e-20,1.5359339159181518e-25,1.0,1200,green
163243.24324324325,45.34534534534535,2.5073129462194876e-20,1.5359339159181518e-25,1.0,1200,green
163603.6036036036,45.44544544544545,2.512847843213787e-20,1.5359339159181518e-25,1.0,1200,green
163963.963963964,45.54554554554555,2.518382740208087e-20,1.5359339159181518e-25,1.0,1200,green
164324.32432432435,45.64564564564565,2.5239176372023866e-20,1.5359339159181518e-25,1.0,1200,green
164684.6846846847,45.74574574574575,2.5294525341966862e-20,1.5359339159181518e-25,1.0,1200,green
165045.04504504506,45.84584584584585,2.5349874311909858e-20,1.5359339159181518e-25,1.0,1200,green
165405.4054054054,45.94594594594595,2.5405223281852854e-20,1.5359339159181518e-25,1.0,1200,green
165765.76576576577,46.04604604604605,2.546057225179585e-20,1.5359339159181518e-25,1.0,1200,green
166126.12612612615,46.14614614614615,2.551592122173885e-20,1.5359339159181518e-25,1.0,1200,green
166486.4864864865,46.24624624624625,2.5571270191681845e-20,1.5359339159181518e-25,1.0,1200,green
166846.84684684686,46.34634634634635,2.562661916162484e-20,1.5359339159181518e-25,1.0,1200,green
167207.20720720722,46.44644644644645,2.5681968131567837e-20,1.5359339159181518e-25,1.0,1200,green
167567.56756756757,46.54654654654655,2.5737317101510832e-20,1.5359339159181518e-25,1.0,1200,green
167927.92792792796,46.64664664664665,2.579266607145383e-20,1.5359339159181518e-25,1.0,1200,green
168288.2882882883,46.74674674674675,2.5848015041396827e-20,1.5359339159181518e-25,1.0,1200,green
168648.64864864867,46.84684684684685,2.5903364011339823e-20,1.5359339159181518e-25,1.0,1200,green
169009.00900900902,46.94694694694695,2.595871298128282e-20,1.5359339159181518e-25,1.0,1200,green
169369.36936936938,47.04704704704705,2.6014061951225815e-20,1.5359339159181518e-25,1.0,1200,green
169729.72972972973,47.14714714714715,2.606941092116881e-20,1.5359339159181518e-25,1.0,1200,green
170090.09009009012,47.24724724724725,2.612475989111181e-20,1.5359339159181518e-25,1.0,1200,green
170450.45045045047,47.34734734734735,2.6180108861054806e-20,1.5359339159181518e-25,1.0,1200,green
170810.81081081083,47.44744744744745,2.6235457830997802e-20,1.5359339159181518e-25,1.0,1200,green
171171.17117117118,47.54754754754755,2.6290806800940798e-20,1.5359339159181518e-25,1.0,1200,green
171531.53153153154,47.64764764764765,2.6346155770883793e-20,1.5359339159181518e-25,1.0,1200,green
171891.8918918919,47.74774774774775,2.640150474082679e-20,1.5359339159181518e-25,1.0,1200,green
172252.25225225228,47.84784784784785,2.6456853710769788e-20,1.5359339159181518e-25,1.0,1200,green
172612.61261261263,47.94794794794795,2.6512202680712784e-20,1.5359339159181518e-25,1.0,1200,green
172972.972972973,48.04804804804805,2.656755165065578e-20,1.5359339159181518e-25,1.0,1200,green
173333.33333333334,48.14814814814815,2.6622900620598776e-20,1.5359339159181518e-25,1.0,1200,green
173693.6936936937,48.24824824824825,2.6678249590541772e-20,1.5359339159181518e-25,1.0,1200,green
174054.05405405408,48.34834834834835,2.673359856048477e-20,1.5359339159181518e-25,1.0,1200,green
174414.41441441444,48.44844844844845,2.6788947530427767e-20,1.5359339159181518e-25,1.0,1200,green
174774.7747747748,48.54854854854855,2.6844296500370763e-20,1.5359339159181518e-25,1.0,1200,green
175135.13513513515,48.64864864864865,2.689964547031376e-20,1.5359339159181518e-25,1.0,1200,green
175495.4954954955,48.74874874874875,2.6954994440256754e-20,1.5359339159181518e-25,1.0,1200,green
175855.85585585586,48.84884884884885,2.701034341019975e-20,1.5359339159181518e-25,1.0,1200,green
176216.21621621624,48.94894894894895,2.706569238014275e-20,1.5359339159181518e-25,1.0,1200,green
176576.5765765766,49.04904904904905,2.712104135008575e-20,1.5359339159181518e-25,1.0,1200,green
176936.93693693695,49.14914914914915,2.717639032002875e-20,1.5359339159181518e-25,1.0,1200,green
177297.2972972973,49.24924924924925,2.723173928997174e-20,1.5359339159181518e-25,1.0,1200,green
177657.65765765766,49.34934934934935,2.728708825991473e-20,1.5359339159181518e-25,1.0,1200,green
178018.01801801802,49.44944944944945,2.734243722985773e-20,1.5359339159181518e-25,1.0,1200,green
178378.3783783784,49.54954954954955,2.739778619980073e-20,1.5359339159181518e-25,1.0,1200,green
178738.73873873876,49.64964964964965,2.7453135169743727e-20,1.5359339159181518e-25,1.0,1200,green
179099.0990990991,49.74974974974975,2.750848413968672e-20,1.5359339159181518e-25,1.0,1200,green
179459.45945945947,49.84984984984985,2.756383310962972e-20,1.5359339159181518e-25,1.0,1200,green
179819.81981981982,49.94994994994995,2.7619182079572714e-20,1.5359339159181518e-25,1.0,1200,green
180180.1801801802,50.050050050050054,2.7674531049515716e-20,1.5359339159181518e-25,1.0,1200,green
180540.54054054056,50.150150150150154,2.772988001945871e-20,1.5359339159181518e-25,1.0,1200,green
180900.90090090092,50.250250250250254,2.778522898940171e-20,1.5359339159181518e-25,1.0,1200,green
181261.26126126127,50.350350350350354,2.7840577959344704e-20,1.5359339159181518e-25,1.0,1200,green
181621.62162162163,50.450450450450454,2.7895926929287694e-20,1.5359339159181518e-25,1.0,1200,green
181981.98198198198,50.550550550550554,2.795127589923069e-20,1.5359339159181518e-25,1.0,1200,green
182342.34234234237,50.650650650650654,2.800662486917369e-20,1.5359339159181518e-25,1.0,1200,green
182702.70270270272,50.750750750750754,2.806197383911669e-20,1.5359339159181518e-25,1.0,1200,green
183063.06306306308,50.850850850850854,2.8117322809059684e-20,1.5359339159181518e-25,1.0,1200,green
183423.42342342343,50.950950950950954,2.817267177900268e-20,1.5359339159181518e-25,1.0,1200,green
183783.7837837838,51.051051051051054,2.8228020748945675e-20,1.5359339159181518e-25,1.0,1200,green
184144.14414414414,51.151151151151154,2.828336971888867e-20,1.5359339159181518e-25,1.0,1200,green
184504.50450450453,51.251251251251254,2.8338718688831673e-20,1.5359339159181518e-25,1.0,1200,green
184864.86486486488,51.351351351351354,2.839406765877467e-20,1.5359339159181518e-25,1.0,1200,green
185225.22522522524,51.451451451451454,2.8449416628717665e-20,1.5359339159181518e-25,1.0,1200,green
185585.5855855856,51.551551551551555,2.8504765598660655e-20,1.5359339159181518e-25,1.0,1200,green
185945.94594594595,51.651651651651655,2.856011456860365e-20,1.5359339159181518e-25,1.0,1200,green
186306.30630630633,51.751751751751755,2.861546353854665e-20,1.5359339159181518e-25,1.0,1200,green
186666.6666666667,51.851851851851855,2.867081250848965e-20,1.5359339159181518e-25,1.0,1200,green
187027.02702702704,51.951951951951955,2.8726161478432645e-20,1.5359339159181518e-25,1.0,1200,green
187387.3873873874,52.052052052052055,2.878151044837564e-20,1.5359339159181518e-25,1.0,1200,green
187747.74774774775,52.152152152152155,2.8836859418318636e-20,1.5359339159181518e-25,1.0,1200,green
188108.1081081081,52.252252252252255,2.889220838826163e-20,1.5359339159181518e-25,1.0,1200,green
188468.4684684685,52.352352352352355,2.8947557358204634e-20,1.5359339159181518e-25,1.0,1200,green
188828.82882882885,52.452452452452455,2.900290632814763e-20,1.5359339159181518e-25,1.0,1200,green
189189.1891891892,52.552552552552555,2.9058255298090626e-20,1.5359339159181518e-25,1.0,1200,green
189549.54954954956,52.652652652652655,2.911360426803362e-20,1.5359339159181518e-25,1.0,1200,green
189909.9099099099,52.752752752752755,2.916895323797661e-20,1.5359339159181518e-25,1.0,1200,green
190270.27027027027,52.852852852852855,2.922430220791961e-20,1.5359339159181518e-25,1.0,1200,green
190630.63063063065,52.952952952952955,2.927965117786261e-20,1.5359339159181518e-25,1.0,1200,green
190990.990990991,53.053053053053056,2.9335000147805606e-20,1.5359339159181518e-25,1.0,1200,green
191351.35135135136,53.153153153153156,2.93903491177486e-20,1.5359339159181518e-25,1.0,1200,green
191711.71171171172,53.253253253253256,2.94456980876916e-20,1.5359339159181518e-25,1.0,1200,green
192072.07207207207,53.353353353353356,2.9501047057634593e-20,1.5359339159181518e-25,1.0,1200,green
192432.43243243246,53.453453453453456,2.9556396027577595e-20,1.5359339159181518e-25,1.0,1200,green
192792.7927927928,53.553553553553556,2.961174499752059e-20,1.5359339159181518e-25,1.0,1200,green
193153.15315315317,53.653653653653656,2.966709396746359e-20,1.5359339159181518e-25,1.0,1200,green
193513.51351351352,53.753753753753756,2.972244293740658e-20,1.5359339159181518e-25,1.0,1200,green
193873.87387387388,53.853853853853856,2.977779190734957e-20,1.5359339159181518e-25,1.0,1200,green
194234.23423423423,53.953953953953956,2.983314087729257e-20,1.5359339159181518e-25,1.0,1200,green
194594.59459459462,54.054054054054056,2.988848984723557e-20,1.5359339159181518e-25,1.0,1200,green
194954.95495495497,54.154154154154156,2.9943838817178567e-20,1.5359339159181518e-25,1.0,1200,green
195315.31531531533,54.254254254254256,2.999918778712156e-20,1.5359339159181518e-25,1.0,1200,green
195675.67567567568,54.354354354354356,3.005453675706456e-20,1.5359339159181518e-25,1.0,1200,green
196036.03603603604,54.454454454454456,3.0109885727007554e-20,1.5359339159181518e-25,1.0,1200,green
196396.3963963964,54.55455455455456,3.016523469695055e-20,1.5359339159181518e-25,1.0,1200,green
196756.75675675677,54.65465465465466,3.022058366689355e-20,1.5359339159181518e-25,1.0,1200,green
197117.11711711713,54.75475475475476,3.027593263683655e-20,1.5359339159181518e-25,1.0,1200,green
197477.47747747749,54.85485485485486,3.0331281606779544e-20,1.5359339159181518e-25,1.0,1200,green
197837.83783783784,54.95495495495496,3.038663057672254e-20,1.5359339159181518e-25,1.0,1200,green
198198.1981981982,55.05505505505506,3.044197954666553e-20,1.5359339159181518e-25,1.0,1200,green
198558.55855855855,55.15515515515516,3.0497328516608526e-20,1.5359339159181518e-25,1.0,1200,green
198918.91891891893,55.25525525525526,3.055267748655153e-20,1.5359339159181518e-25,1.0,1200,green
199279.2792792793,55.35535535535536,3.0608026456494523e-20,1.5359339159181518e-25,1.0,1200,green
199639.63963963964,55.45545545545546,3.066337542643752e-20,1.5359339159181518e-25,1.0,1200,green
200000.0,55.55555555555556,3.0718724396380515e-20,1.5359339159181518e-25,1.0,1200,green
200360.36036036036,55.65565565565566,3.077407336632351e-20,1.5359339159181518e-25,1.0,1200,green
200720.72072072074,55.75575575575576,3.0829422336266513e-20,1.5359339159181518e-25,1.0,1200,green
201081.0810810811,55.85585585585586,3.088477130620951e-20,1.5359339159181518e-25,1.0,1200,green
201441.44144144145,55.95595595595596,3.0940120276152505e-20,1.5359339159181518e-25,1.0,1200,green
201801.8018018018,56.05605605605606,3.09954692460955e-20,1.5359339159181518e-25,1.0,1200,green
202162.16216216216,56.15615615615616,3.105081821603849e-20,1.5359339159181518e-25,1.0,1200,green
202522.52252252251,56.25625625625626,3.1106167185981487e-20,1.5359339159181518e-25,1.0,1200,green
202882.8828828829,56.35635635635636,3.116151615592449e-20,1.5359339159181518e-25,1.0,1200,green
203243.24324324325,56.45645645645646,3.1216865125867485e-20,1.5359339159181518e-25,1.0,1200,green
203603.6036036036,56.55655655655656,3.127221409581048e-20,1.5359339159181518e-25,1.0,1200,green
203963.96396396396,56.65665665665666,3.1327563065753476e-20,1.5359339159181518e-25,1.0,1200,green
204324.32432432432,56.75675675675676,3.138291203569647e-20,1.5359339159181518e-25,1.0,1200,green
204684.68468468467,56.85685685685686,3.143826100563947e-20,1.5359339159181518e-25,1.0,1200,green
205045.04504504506,56.95695695695696,3.149360997558247e-20,1.5359339159181518e-25,1.0,1200,green
205405.4054054054,57.05705705705706,3.1548958945525466e-20,1.5359339159181518e-25,1.0,1200,green
205765.76576576577,57.15715715715716,3.160430791546846e-20,1.5359339159181518e-25,1.0,1200,green
206126.12612612612,57.25725725725726,3.165965688541146e-20,1.5359339159181518e-25,1.0,1200,green
206486.48648648648,57.35735735735736,3.171500585535445e-20,1.5359339159181518e-25,1.0,1200,green
206846.84684684686,57.45745745745746,3.177035482529745e-20,1.5359339159181518e-25,1.0,1200,green
207207.20720720722,57.55755755755756,3.1825703795240446e-20,1.5359339159181518e-25,1.0,1200,green
207567.56756756757,57.65765765765766,3.188105276518344e-20,1.5359339159181518e-25,1.0,1200,green
207927.92792792793,57.75775775775776,3.193640173512644e-20,1.5359339159181518e-25,1.0,1200,green
208288.28828828828,57.85785785785786,3.1991750705069433e-20,1.5359339159181518e-25,1.0,1200,green
208648.64864864864,57.95795795795796,3.204709967501243e-20,1.5359339159181518e-25,1.0,1200,green
209009.00900900902,58.05805805805806,3.210244864495543e-20,1.5359339159181518e-25,1.0,1200,green
209369.36936936938,58.15815815815816,3.2157797614898427e-20,1.5359339159181518e-25,1.0,1200,green
209729.72972972973,58.25825825825826,3.221314658484142e-20,1.5359339159181518e-25,1.0,1200,green
210090.0900900901,58.35835835835836,3.226849555478442e-20,1.5359339159181518e-25,1.0,1200,green
210450.45045045044,58.45845845845846,3.2323844524727415e-20,1.5359339159181518e-25,1.0,1200,green
210810.8108108108,58.55855855855856,3.2379193494670405e-20,1.5359339159181518e-25,1.0,1200,green
211171.17117117118,58.65865865865866,3.2434542464613407e-20,1.5359339159181518e-25,1.0,1200,green
211531.53153153154,58.75875875875876,3.24898914345564e-20,1.5359339159181518e-25,1.0,1200,green
211891.8918918919,58.85885885885886,3.25452404044994e-20,1.5359339159181518e-25,1.0,1200,green
212252.25225225225,58.95895895895896,3.2600589374442394e-20,1.5359339159181518e-25,1.0,1200,green
212612.6126126126,59.05905905905906,3.265593834438539e-20,1.5359339159181518e-25,1.0,1200,green
212972.972972973,59.15915915915916,3.271128731432839e-20,1.5359339159181518e-25,1.0,1200,green
213333.33333333334,59.25925925925926,3.276663628427139e-20,1.5359339159181518e-25,1.0,1200,green
213693.6936936937,59.35935935935936,3.2821985254214384e-20,1.5359339159181518e-25,1.0,1200,green
214054.05405405405,59.45945945945946,3.287733422415738e-20,1.5359339159181518e-25,1.0,1200,green
214414.4144144144,59.55955955955956,3.2932683194100376e-20,1.5359339159181518e-25,1.0,1200,green
214774.77477477476,59.65965965965966,3.2988032164043366e-20,1.5359339159181518e-25,1.0,1200,green
215135.13513513515,59.75975975975976,3.304338113398637e-20,1.5359339159181518e-25,1.0,1200,green
215495.49549549553,59.85985985985987,3.309873010392937e-20,1.5359339159181518e-25,1.0,1200,green
215855.8558558559,59.95995995995997,3.3154079073872365e-20,1.5359339159181518e-25,1.0,1200,green
216216.21621621624,60.06006006006007,3.320942804381536e-20,1.5359339159181518e-25,1.0,1200,green
216576.5765765766,60.16016016016017,3.326477701375836e-20,1.5359339159181518e-25,1.0,1200,green
216936.93693693695,60.26026026026027,3.3320125983701353e-20,1.5359339159181518e-25,1.0,1200,green
217297.29729729734,60.36036036036037,3.337547495364435e-20,1.5359339159181518e-25,1.0,1200,green
217657.6576576577,60.46046046046047,3.3430823923587345e-20,1.5359339159181518e-25,1.0,1200,green
218018.01801801805,60.56056056056057,3.348617289353034e-20,1.5359339159181518e-25,1.0,1200,green
218378.3783783784,60.66066066066067,3.3541521863473337e-20,1.5359339159181518e-25,1.0,1200,green
218738.73873873876,60.76076076076077,3.359687083341633e-20,1.5359339159181518e-25,1.0,1200,green
219099.0990990991,60.86086086086087,3.365221980335933e-20,1.5359339159181518e-25,1.0,1200,green
219459.4594594595,60.96096096096097,3.370756877330233e-20,1.5359339159181518e-25,1.0,1200,green
219819.81981981985,61.06106106106107,3.3762917743245326e-20,1.5359339159181518e-25,1.0,1200,green
220180.1801801802,61.16116116116117,3.381826671318832e-20,1.5359339159181518e-25,1.0,1200,green
220540.54054054056,61.26126126126127,3.387361568313132e-20,1.5359339159181518e-25,1.0,1200,green
220900.90090090092,61.36136136136137,3.3928964653074314e-20,1.5359339159181518e-25,1.0,1200,green
221261.26126126127,61.46146146146147,3.398431362301731e-20,1.5359339159181518e-25,1.0,1200,green
221621.62162162166,61.56156156156157,3.4039662592960306e-20,1.5359339159181518e-25,1.0,1200,green
221981.981981982,61.66166166166167,3.40950115629033e-20,1.5359339159181518e-25,1.0,1200,green
222342.34234234237,61.76176176176177,3.41503605328463e-20,1.5359339159181518e-25,1.0,1200,green
222702.70270270272,61.86186186186187,3.4205709502789294e-20,1.5359339159181518e-25,1.0,1200,green
223063.06306306308,61.96196196196197,3.426105847273229e-20,1.5359339159181518e-25,1.0,1200,green
223423.42342342343,62.06206206206207,3.4316407442675285e-20,1.5359339159181518e-25,1.0,1200,green
223783.78378378382,62.16216216216217,3.437175641261829e-20,1.5359339159181518e-25,1.0,1200,green
224144.14414414417,62.26226226226227,3.4427105382561283e-20,1.5359339159181518e-25,1.0,1200,green
224504.50450450453,62.36236236236237,3.448245435250428e-20,1.5359339159181518e-25,1.0,1200,green
224864.86486486488,62.46246246246247,3.4537803322447275e-20,1.5359339159181518e-25,1.0,1200,green
225225.22522522524,62.56256256256257,3.459315229239027e-20,1.5359339159181518e-25,1.0,1200,green
225585.58558558562,62.66266266266267,3.4648501262333267e-20,1.5359339159181518e-25,1.0,1200,green
225945.94594594598,62.76276276276277,3.470385023227626e-20,1.5359339159181518e-25,1.0,1200,green
226306.30630630633,62.86286286286287,3.475919920221926e-20,1.5359339159181518e-25,1.0,1200,green
226666.6666666667,62.96296296296297,3.4814548172162255e-20,1.5359339159181518e-25,1.0,1200,green
227027.02702702704,63.06306306306307,3.486989714210525e-20,1.5359339159181518e-25,1.0,1200,green
227387.3873873874,63.16316316316317,3.4925246112048246e-20,1.5359339159181518e-25,1.0,1200,green
227747.74774774778,63.26326326326327,3.498059508199125e-20,1.5359339159181518e-25,1.0,1200,green
228108.10810810814,63.36336336336337,3.5035944051934244e-20,1.5359339159181518e-25,1.0,1200,green
228468.4684684685,63.46346346346347,3.509129302187724e-20,1.5359339159181518e-25,1.0,1200,green
228828.82882882885,63.56356356356357,3.5146641991820236e-20,1.5359339159181518e-25,1.0,1200,green
229189.1891891892,63.66366366366367,3.520199096176323e-20,1.5359339159181518e-25,1.0,1200,green
229549.54954954956,63.76376376376377,3.525733993170623e-20,1.5359339159181518e-25,1.0,1200,green
229909.90990990994,63.86386386386387,3.5312688901649224e-20,1.5359339159181518e-25,1.0,1200,green
230270.2702702703,63.96396396396397,3.536803787159222e-20,1.5359339159181518e-25,1.0,1200,green
230630.63063063065,64.06406406406407,3.5423386841535216e-20,1.5359339159181518e-25,1.0,1200,green
230990.99099099098,64.16416416416416,3.547873581147821e-20,1.5359339159181518e-25,1.0,1200,green
231351.35135135136,64.26426426426427,3.553408478142121e-20,1.5359339159181518e-25,1.0,1200,green
231711.71171171172,64.36436436436436,3.5589433751364203e-20,1.5359339159181518e-25,1.0,1200,green
232072.0720720721,64.46446446446447,3.5644782721307205e-20,1.5359339159181518e-25,1.0,1200,green
232432.43243243243,64.56456456456456,3.5700131691250195e-20,1.5359339159181518e-25,1.0,1200,green
232792.7927927928,64.66466466466467,3.57554806611932e-20,1.5359339159181518e-25,1.0,1200,green
233153.15315315314,64.76476476476476,3.5810829631136187e-20,1.5359339159181518e-25,1.0,1200,green
233513.51351351352,64.86486486486487,3.586617860107919e-20,1.5359339159181518e-25,1.0,1200,green
233873.87387387388,64.96496496496496,3.5921527571022185e-20,1.5359339159181518e-25,1.0,1200,green
234234.23423423426,65.06506506506507,3.597687654096518e-20,1.5359339159181518e-25,1.0,1200,green
234594.5945945946,65.16516516516516,3.6032225510908177e-20,1.5359339159181518e-25,1.0,1200,green
234954.95495495497,65.26526526526527,3.608757448085117e-20,1.5359339159181518e-25,1.0,1200,green
235315.3153153153,65.36536536536536,3.614292345079417e-20,1.5359339159181518e-25,1.0,1200,green
235675.67567567568,65.46546546546547,3.6198272420737164e-20,1.5359339159181518e-25,1.0,1200,green
236036.03603603604,65.56556556556556,3.625362139068016e-20,1.5359339159181518e-25,1.0,1200,green
236396.39639639642,65.66566566566567,3.630897036062316e-20,1.5359339159181518e-25,1.0,1200,green
236756.75675675675,65.76576576576576,3.636431933056615e-20,1.5359339159181518e-25,1.0,1200,green
237117.11711711713,65.86586586586587,3.6419668300509154e-20,1.5359339159181518e-25,1.0,1200,green
237477.47747747746,65.96596596596596,3.6475017270452144e-20,1.5359339159181518e-25,1.0,1200,green
237837.83783783787,66.06606606606607,3.6530366240395146e-20,1.5359339159181518e-25,1.0,1200,green
238198.1981981982,66.16616616616616,3.658571521033814e-20,1.5359339159181518e-25,1.0,1200,green
238558.55855855858,66.26626626626627,3.664106418028114e-20,1.5359339159181518e-25,1.0,1200,green
238918.9189189189,66.36636636636636,3.6696413150224134e-20,1.5359339159181518e-25,1.0,1200,green
239279.2792792793,66.46646646646647,3.675176212016713e-20,1.5359339159181518e-25,1.0,1200,green
239639.63963963964,66.56656656656656,3.6807111090110125e-20,1.5359339159181518e-25,1.0,1200,green
240000.00000000003,66.66666666666667,3.686246006005313e-20,1.5359339159181518e-25,1.0,1200,green
240360.36036036036,66.76676676676676,3.691780902999612e-20,1.5359339159181518e-25,1.0,1200,green
240720.72072072074,66.86686686686687,3.697315799993912e-20,1.5359339159181518e-25,1.0,1200,green
241081.08108108107,66.96696696696696,3.702850696988211e-20,1.5359339159181518e-25,1.0,1200,green
241441.44144144145,67.06706706706707,3.708385593982511e-20,1.5359339159181518e-25,1.0,1200,green
241801.8018018018,67.16716716716716,3.7139204909768107e-20,1.5359339159181518e-25,1.0,1200,green
242162.1621621622,67.26726726726727,3.71945538797111e-20,1.5359339159181518e-25,1.0,1200,green
242522.52252252251,67.36736736736736,3.72499028496541e-20,1.5359339159181518e-25,1.0,1200,green
242882.8828828829,67.46746746746747,3.7305251819597095e-20,1.5359339159181518e-25,1.0,1200,green
243243.24324324323,67.56756756756756,3.736060078954009e-20,1.5359339159181518e-25,1.0,1200,green
243603.6036036036,67.66766766766767,3.7415949759483086e-20,1.5359339159181518e-25,1.0,1200,green
243963.96396396396,67.76776776776777,3.747129872942608e-20,1.5359339159181518e-25,1.0,1200,green
244324.32432432435,67.86786786786787,3.7526647699369084e-20,1.5359339159181518e-25,1.0,1200,green
244684.68468468467,67.96796796796797,3.7581996669312074e-20,1.5359339159181518e-25,1.0,1200,green
245045.04504504506,68.06806806806807,3.7637345639255076e-20,1.5359339159181518e-25,1.0,1200,green
245405.40540540538,68.16816816816817,3.7692694609198066e-20,1.5359339159181518e-25,1.0,1200,green
245765.76576576577,68.26826826826827,3.774804357914107e-20,1.5359339159181518e-25,1.0,1200,green
246126.12612612615,68.36836836836838,3.7803392549084064e-20,1.5359339159181518e-25,1.0,1200,green
246486.4864864865,68.46846846846847,3.785874151902706e-20,1.5359339159181518e-25,1.0,1200,green
246846.8468468469,68.56856856856858,3.791409048897006e-20,1.5359339159181518e-25,1.0,1200,green
247207.20720720722,68.66866866866867,3.796943945891305e-20,1.5359339159181518e-25,1.0,1200,green
247567.5675675676,68.76876876876878,3.8024788428856053e-20,1.5359339159181518e-25,1.0,1200,green
247927.92792792793,68.86886886886887,3.8080137398799043e-20,1.5359339159181518e-25,1.0,1200,green
248288.28828828834,68.96896896896898,3.813548636874205e-20,1.5359339159181518e-25,1.0,1200,green
248648.64864864867,69.06906906906907,3.819083533868504e-20,1.5359339159181518e-25,1.0,1200,green
249009.00900900905,69.16916916916918,3.8246184308628043e-20,1.5359339159181518e-25,1.0,1200,green
249369.36936936938,69.26926926926927,3.830153327857103e-20,1.5359339159181518e-25,1.0,1200,green
249729.72972972976,69.36936936936938,3.8356882248514035e-20,1.5359339159181518e-25,1.0,1200,green
250090.09009009012,69.46946946946947,3.8412231218457025e-20,1.5359339159181518e-25,1.0,1200,green
250450.4504504505,69.56956956956958,3.8467580188400027e-20,1.5359339159181518e-25,1.0,1200,green
250810.81081081083,69.66966966966967,3.8522929158343017e-20,1.5359339159181518e-25,1.0,1200,green
251171.1711711712,69.76976976976978,3.857827812828602e-20,1.5359339159181518e-25,1.0,1200,green
251531.53153153154,69.86986986986987,3.863362709822901e-20,1.5359339159181518e-25,1.0,1200,green
251891.89189189192,69.96996996996998,3.868897606817201e-20,1.5359339159181518e-25,1.0,1200,green
252252.25225225228,70.07007007007007,3.8744325038115006e-20,1.5359339159181518e-25,1.0,1200,green
252612.61261261266,70.17017017017018,3.879967400805801e-20,1.5359339159181518e-25,1.0,1200,green
252972.972972973,70.27027027027027,3.8855022978001e-20,1.5359339159181518e-25,1.0,1200,green
253333.33333333337,70.37037037037038,3.8910371947944e-20,1.5359339159181518e-25,1.0,1200,green
253693.6936936937,70.47047047047047,3.896572091788699e-20,1.5359339159181518e-25,1.0,1200,green
254054.05405405408,70.57057057057058,3.902106988782999e-20,1.5359339159181518e-25,1.0,1200,green
254414.41441441444,70.67067067067067,3.907641885777298e-20,1.5359339159181518e-25,1.0,1200,green
254774.77477477482,70.77077077077078,3.9131767827715984e-20,1.5359339159181518e-25,1.0,1200,green
255135.13513513515,70.87087087087087,3.9187116797658973e-20,1.5359339159181518e-25,1.0,1200,green
255495.49549549553,70.97097097097098,3.9242465767601975e-20,1.5359339159181518e-25,1.0,1200,green
255855.85585585586,71.07107107107107,3.9297814737544965e-20,1.5359339159181518e-25,1.0,1200,green
256216.21621621624,71.17117117117118,3.935316370748797e-20,1.5359339159181518e-25,1.0,1200,green
256576.5765765766,71.27127127127127,3.9408512677430963e-20,1.5359339159181518e-25,1.0,1200,green
256936.93693693698,71.37137137137138,3.9463861647373965e-20,1.5359339159181518e-25,1.0,1200,green
257297.2972972973,71.47147147147147,3.9519210617316955e-20,1.5359339159181518e-25,1.0,1200,green
257657.6576576577,71.57157157157158,3.9574559587259957e-20,1.5359339159181518e-25,1.0,1200,green
258018.01801801802,71.67167167167167,3.9629908557202947e-20,1.5359339159181518e-25,1.0,1200,green
258378.3783783784,71.77177177177178,3.968525752714594e-20,1.5359339159181518e-25,1.0,1200,green
258738.73873873876,71.87187187187187,3.974060649708894e-20,1.5359339159181518e-25,1.0,1200,green
259099.09909909914,71.97197197197198,3.979595546703194e-20,1.5359339159181518e-25,1.0,1200,green
259459.45945945947,72.07207207207207,3.985130443697493e-20,1.5359339159181518e-25,1.0,1200,green
259819.81981981985,72.17217217217218,3.990665340691793e-20,1.5359339159181518e-25,1.0,1200,green
260180.18018018018,72.27227227227228,3.996200237686092e-20,1.5359339159181518e-25,1.0,1200,green
260540.54054054056,72.37237237237238,4.0017351346803924e-20,1.5359339159181518e-25,1.0,1200,green
260900.90090090092,72.47247247247248,4.007270031674692e-20,1.5359339159181518e-25,1.0,1200,green
261261.2612612613,72.57257257257258,4.012804928668992e-20,1.5359339159181518e-25,1.0,1200,green
261621.62162162163,72.67267267267268,4.018339825663291e-20,1.5359339159181518e-25,1.0,1200,green
261981.981981982,72.77277277277278,4.0238747226575914e-20,1.5359339159181518e-25,1.0,1200,green
262342.34234234237,72.87287287287288,4.029409619651891e-20,1.5359339159181518e-25,1.0,1200,green
262702.7027027027,72.97297297297298,4.03494451664619e-20,1.5359339159181518e-25,1.0,1200,green
263063.0630630631,73.07307307307308,4.0404794136404895e-20,1.5359339159181518e-25,1.0,1200,green
263423.42342342343,73.17317317317318,4.046014310634789e-20,1.5359339159181518e-25,1.0,1200,green
263783.7837837838,73.27327327327328,4.051549207629089e-20,1.5359339159181518e-25,1.0,1200,green
264144.1441441442,73.37337337337338,4.0570841046233895e-20,1.5359339159181518e-25,1.0,1200,green
264504.5045045045,73.47347347347348,4.062619001617688e-20,1.5359339159181518e-25,1.0,1200,green
264864.8648648649,73.57357357357358,4.068153898611989e-20,1.5359339159181518e-25,1.0,1200,green
265225.2252252252,73.67367367367368,4.073688795606287e-20,1.5359339159181518e-25,1.0,1200,green
265585.5855855856,73.77377377377378,4.079223692600588e-20,1.5359339159181518e-25,1.0,1200,green
265945.945945946,73.87387387387388,4.0847585895948875e-20,1.5359339159181518e-25,1.0,1200,green
266306.30630630633,73.97397397397398,4.090293486589187e-20,1.5359339159181518e-25,1.0,1200,green
266666.6666666667,74.07407407407408,4.0958283835834867e-20,1.5359339159181518e-25,1.0,1200,green
267027.02702702704,74.17417417417418,4.1013632805777856e-20,1.5359339159181518e-25,1.0,1200,green
267387.3873873874,74.27427427427428,4.106898177572085e-20,1.5359339159181518e-25,1.0,1200,green
267747.7477477478,74.37437437437438,4.112433074566386e-20,1.5359339159181518e-25,1.0,1200,green
268108.1081081081,74.47447447447448,4.1179679715606844e-20,1.5359339159181518e-25,1.0,1200,green
268468.4684684685,74.57457457457458,4.123502868554985e-20,1.5359339159181518e-25,1.0,1200,green
268828.8288288288,74.67467467467468,4.1290377655492836e-20,1.5359339159181518e-25,1.0,1200,green
269189.18918918923,74.77477477477478,4.1345726625435844e-20,1.5359339159181518e-25,1.0,1200,green
269549.5495495496,74.87487487487488,4.140107559537884e-20,1.5359339159181518e-25,1.0,1200,green
269909.90990990994,74.97497497497498,4.1456424565321836e-20,1.5359339159181518e-25,1.0,1200,green
270270.2702702703,75.07507507507508,4.151177353526483e-20,1.5359339159181518e-25,1.0,1200,green
270630.63063063065,75.17517517517518,4.156712250520783e-20,1.5359339159181518e-25,1.0,1200,green
270990.990990991,75.27527527527528,4.162247147515082e-20,1.5359339159181518e-25,1.0,1200,green
271351.35135135136,75.37537537537538,4.1677820445093813e-20,1.5359339159181518e-25,1.0,1200,green
271711.7117117117,75.47547547547548,4.173316941503681e-20,1.5359339159181518e-25,1.0,1200,green
272072.07207207213,75.57557557557558,4.178851838497982e-20,1.5359339159181518e-25,1.0,1200,green
272432.4324324324,75.67567567567568,4.18438673549228e-20,1.5359339159181518e-25,1.0,1200,green
272792.79279279284,75.77577577577578,4.189921632486581e-20,1.5359339159181518e-25,1.0,1200,green
273153.15315315314,75.87587587587588,4.195456529480879e-20,1.5359339159181518e-25,1.0,1200,green
273513.51351351355,75.97597597597598,4.20099142647518e-20,1.5359339159181518e-25,1.0,1200,green
273873.8738738739,76.07607607607608,4.2065263234694797e-20,1.5359339159181518e-25,1.0,1200,green
274234.23423423426,76.17617617617618,4.212061220463779e-20,1.5359339159181518e-25,1.0,1200,green
274594.5945945946,76.27627627627628,4.217596117458079e-20,1.5359339159181518e-25,1.0,1200,green
274954.95495495497,76.37637637637638,4.2231310144523785e-20,1.5359339159181518e-25,1.0,1200,green
275315.3153153153,76.47647647647648,4.2286659114466774e-20,1.5359339159181518e-25,1.0,1200,green
275675.6756756757,76.57657657657658,4.234200808440977e-20,1.5359339159181518e-25,1.0,1200,green
276036.03603603604,76.67667667667668,4.2397357054352766e-20,1.5359339159181518e-25,1.0,1200,green
276396.39639639645,76.77677677677679,4.2452706024295774e-20,1.5359339159181518e-25,1.0,1200,green
276756.75675675675,76.87687687687688,4.250805499423876e-20,1.5359339159181518e-25,1.0,1200,green
277117.11711711716,76.97697697697699,4.2563403964181766e-20,1.5359339159181518e-25,1.0,1200,green
277477.47747747746,77.07707707707708,4.261875293412475e-20,1.5359339159181518e-25,1.0,1200,green
277837.83783783787,77.17717717717719,4.267410190406776e-20,1.5359339159181518e-25,1.0,1200,green
278198.1981981982,77.27727727727728,4.2729450874010754e-20,1.5359339159181518e-25,1.0,1200,green
278558.5585585586,77.37737737737739,4.278479984395375e-20,1.5359339159181518e-25,1.0,1200,green
278918.91891891893,77.47747747747748,4.2840148813896746e-20,1.5359339159181518e-25,1.0,1200,green
279279.2792792793,77.57757757757759,4.2895497783839735e-20,1.5359339159181518e-25,1.0,1200,green
279639.63963963964,77.67767767767768,4.295084675378273e-20,1.5359339159181518e-25,1.0,1200,green
280000.0,77.77777777777779,4.300619572372573e-20,1.5359339159181518e-25,1.0,1200,green
280360.36036036036,77.87787787787788,4.3061544693668723e-20,1.5359339159181518e-25,1.0,1200,green
280720.72072072077,77.97797797797799,4.311689366361173e-20,1.5359339159181518e-25,1.0,1200,green
281081.08108108107,78.07807807807808,4.3172242633554715e-20,1.5359339159181518e-25,1.0,1200,green
281441.4414414415,78.17817817817819,4.322759160349772e-20,1.5359339159181518e-25,1.0,1200,green
281801.8018018018,78.27827827827828,4.3282940573440707e-20,1.5359339159181518e-25,1.0,1200,green
282162.1621621622,78.37837837837839,4.3338289543383715e-20,1.5359339159181518e-25,1.0,1200,green
282522.52252252254,78.47847847847848,4.339363851332671e-20,1.5359339159181518e-25,1.0,1200,green
282882.8828828829,78.57857857857859,4.3448987483269707e-20,1.5359339159181518e-25,1.0,1200,green
283243.24324324325,78.67867867867868,4.35043364532127e-20,1.5359339159181518e-25,1.0,1200,green
283603.6036036036,78.77877877877879,4.355968542315569e-20,1.5359339159181518e-25,1.0,1200,green
283963.96396396396,78.87887887887888,4.361503439309869e-20,1.5359339159181518e-25,1.0,1200,green
284324.3243243244,78.97897897897899,4.3670383363041696e-20,1.5359339159181518e-25,1.0,1200,green
284684.6846846847,79.07907907907908,4.372573233298468e-20,1.5359339159181518e-25,1.0,1200,green
285045.0450450451,79.17917917917919,4.378108130292769e-20,1.5359339159181518e-25,1.0,1200,green
285405.4054054054,79.27927927927928,4.383643027287067e-20,1.5359339159181518e-25,1.0,1200,green
285765.7657657658,79.37937937937939,4.389177924281368e-20,1.5359339159181518e-25,1.0,1200,green
286126.12612612615,79.47947947947948,4.3947128212756676e-20,1.5359339159181518e-25,1.0,1200,green
286486.4864864865,79.57957957957959,4.400247718269967e-20,1.5359339159181518e-25,1.0,1200,green
286846.84684684686,79.67967967967968,4.405782615264267e-20,1.5359339159181518e-25,1.0,1200,green
287207.2072072072,79.77977977977979,4.4113175122585663e-20,1.5359339159181518e-25,1.0,1200,green
287567.5675675676,79.87987987987988,4.4168524092528653e-20,1.5359339159181518e-25,1.0,1200,green
287927.9279279279,79.97997997997999,4.422387306247165e-20,1.5359339159181518e-25,1.0,1200,green
288288.2882882883,80.08008008008008,4.4279222032414645e-20,1.5359339159181518e-25,1.0,1200,green
288648.6486486487,80.18018018018019,4.4334571002357653e-20,1.5359339159181518e-25,1.0,1200,green
289009.009009009,80.28028028028028,4.4389919972300637e-20,1.5359339159181518e-25,1.0,1200,green
289369.3693693694,80.38038038038039,4.4445268942243645e-20,1.5359339159181518e-25,1.0,1200,green
289729.7297297297,80.48048048048048,4.450061791218663e-20,1.5359339159181518e-25,1.0,1200,green
290090.0900900901,80.58058058058059,4.4555966882129637e-20,1.5359339159181518e-25,1.0,1200,green
290450.4504504505,80.68068068068068,4.461131585207263e-20,1.5359339159181518e-25,1.0,1200,green
290810.8108108108,80.78078078078079,4.466666482201563e-20,1.5359339159181518e-25,1.0,1200,green
291171.1711711712,80.88088088088088,4.4722013791958624e-20,1.5359339159181518e-25,1.0,1200,green
291531.53153153154,80.98098098098099,4.477736276190162e-20,1.5359339159181518e-25,1.0,1200,green
291891.8918918919,81.08108108108108,4.483271173184461e-20,1.5359339159181518e-25,1.0,1200,green
292252.25225225225,81.18118118118119,4.4888060701787606e-20,1.5359339159181518e-25,1.0,1200,green
292612.6126126126,81.28128128128128,4.49434096717306e-20,1.5359339159181518e-25,1.0,1200,green
292972.972972973,81.38138138138139,4.499875864167361e-20,1.5359339159181518e-25,1.0,1200,green
293333.3333333333,81.48148148148148,4.5054107611616594e-20,1.5359339159181518e-25,1.0,1200,green
293693.6936936937,81.58158158158159,4.51094565815596e-20,1.5359339159181518e-25,1.0,1200,green
294054.054054054,81.68168168168168,4.5164805551502586e-20,1.5359339159181518e-25,1.0,1200,green
294414.41441441444,81.78178178178179,4.5220154521445594e-20,1.5359339159181518e-25,1.0,1200,green
294774.7747747748,81.88188188188188,4.527550349138859e-20,1.5359339159181518e-25,1.0,1200,green
295135.13513513515,81.98198198198199,4.5330852461331585e-20,1.5359339159181518e-25,1.0,1200,green
295495.4954954955,82.08208208208208,4.538620143127458e-20,1.5359339159181518e-25,1.0,1200,green
295855.85585585586,82.18218218218219,4.544155040121758e-20,1.5359339159181518e-25,1.0,1200,green
296216.2162162162,82.28228228228228,4.549689937116057e-20,1.5359339159181518e-25,1.0,1200,green
296576.5765765766,82.38238238238239,4.5552248341103575e-20,1.5359339159181518e-25,1.0,1200,green
296936.9369369369,82.48248248248248,4.560759731104656e-20,1.5359339159181518e-25,1.0,1200,green
297297.29729729734,82.58258258258259,4.5662946280989567e-20,1.5359339159181518e-25,1.0,1200,green
297657.65765765763,82.68268268268268,4.571829525093255e-20,1.5359339159181518e-25,1.0,1200,green
298018.01801801805,82.78278278278279,4.577364422087556e-20,1.5359339159181518e-25,1.0,1200,green
298378.3783783784,82.88288288288288,4.5828993190818555e-20,1.5359339159181518e-25,1.0,1200,green
298738.73873873876,82.98298298298299,4.588434216076155e-20,1.5359339159181518e-25,1.0,1200,green
299099.0990990991,83.08308308308308,4.5939691130704546e-20,1.5359339159181518e-25,1.0,1200,green
299459.45945945947,83.18318318318319,4.599504010064754e-20,1.5359339159181518e-25,1.0,1200,green
299819.8198198198,83.28328328328328,4.605038907059054e-20,1.5359339159181518e-25,1.0,1200,green
300180.1801801802,83.38338338338339,4.610573804053353e-20,1.5359339159181518e-25,1.0,1200,green
300540.54054054053,83.48348348348348,4.6161087010476524e-20,1.5359339159181518e-25,1.0,1200,green
300900.90090090095,83.58358358358359,4.621643598041953e-20,1.5359339159181518e-25,1.0,1200,green
301261.26126126124,83.68368368368368,4.6271784950362516e-20,1.5359339159181518e-25,1.0,1200,green
301621.62162162166,83.78378378378379,4.6327133920305524e-20,1.5359339159181518e-25,1.0,1200,green
301981.98198198195,83.88388388388388,4.638248289024851e-20,1.5359339159181518e-25,1.0,1200,green
302342.34234234237,83.98398398398399,4.6437831860191516e-20,1.5359339159181518e-25,1.0,1200,green
302702.7027027027,84.08408408408408,4.649318083013451e-20,1.5359339159181518e-25,1.0,1200,green
303063.0630630631,84.18418418418419,4.654852980007751e-20,1.5359339159181518e-25,1.0,1200,green
303423.42342342343,84.28428428428428,4.6603878770020503e-20,1.5359339159181518e-25,1.0,1200,green
303783.7837837838,84.38438438438439,4.66592277399635e-20,1.5359339159181518e-25,1.0,1200,green
304144.14414414414,84.48448448448448,4.6714576709906495e-20,1.5359339159181518e-25,1.0,1200,green
304504.5045045045,84.58458458458459,4.6769925679849485e-20,1.5359339159181518e-25,1.0,1200,green
304864.86486486485,84.68468468468468,4.682527464979248e-20,1.5359339159181518e-25,1.0,1200,green
305225.22522522527,84.78478478478479,4.688062361973549e-20,1.5359339159181518e-25,1.0,1200,green
305585.58558558556,84.88488488488488,4.693597258967847e-20,1.5359339159181518e-25,1.0,1200,green
305945.945945946,84.98498498498499,4.699132155962148e-20,1.5359339159181518e-25,1.0,1200,green
306306.3063063063,85.08508508508508,4.7046670529564465e-20,1.5359339159181518e-25,1.0,1200,green
306666.6666666667,85.18518518518519,4.710201949950747e-20,1.5359339159181518e-25,1.0,1200,green
307027.02702702704,85.28528528528528,4.715736846945047e-20,1.5359339159181518e-25,1.0,1200,green
307387.3873873874,85.38538538538539,4.7212717439393464e-20,1.5359339159181518e-25,1.0,1200,green
307747.7477477478,85.4854854854855,4.7268066409336466e-20,1.5359339159181518e-25,1.0,1200,green
308108.1081081081,85.58558558558559,4.7323415379279456e-20,1.5359339159181518e-25,1.0,1200,green
308468.4684684685,85.6856856856857,4.737876434922246e-20,1.5359339159181518e-25,1.0,1200,green
308828.8288288289,85.78578578578579,4.7434113319165454e-20,1.5359339159181518e-25,1.0,1200,green
309189.18918918923,85.8858858858859,4.748946228910845e-20,1.5359339159181518e-25,1.0,1200,green
309549.5495495496,85.98598598598599,4.7544811259051446e-20,1.5359339159181518e-25,1.0,1200,green
309909.90990990994,86.0860860860861,4.760016022899444e-20,1.5359339159181518e-25,1.0,1200,green
310270.2702702703,86.18618618618619,4.765550919893744e-20,1.5359339159181518e-25,1.0,1200,green
310630.63063063065,86.2862862862863,4.7710858168880434e-20,1.5359339159181518e-25,1.0,1200,green
310990.990990991,86.38638638638639,4.776620713882343e-20,1.5359339159181518e-25,1.0,1200,green
311351.3513513514,86.4864864864865,4.782155610876643e-20,1.5359339159181518e-25,1.0,1200,green
311711.7117117117,86.58658658658659,4.787690507870942e-20,1.5359339159181518e-25,1.0,1200,green
312072.07207207213,86.6866866866867,4.7932254048652423e-20,1.5359339159181518e-25,1.0,1200,green
312432.4324324324,86.78678678678679,4.7987603018595413e-20,1.5359339159181518e-25,1.0,1200,green
312792.79279279284,86.8868868868869,4.8042951988538415e-20,1.5359339159181518e-25,1.0,1200,green
313153.1531531532,86.98698698698699,4.809830095848141e-20,1.5359339159181518e-25,1.0,1200,green
313513.51351351355,87.0870870870871,4.8153649928424407e-20,1.5359339159181518e-25,1.0,1200,green
313873.8738738739,87.18718718718719,4.82089988983674e-20,1.5359339159181518e-25,1.0,1200,green
314234.23423423426,87.2872872872873,4.82643478683104e-20,1.5359339159181518e-25,1.0,1200,green
314594.5945945946,87.38738738738739,4.8319696838253395e-20,1.5359339159181518e-25,1.0,1200,green
314954.95495495497,87.4874874874875,4.837504580819639e-20,1.5359339159181518e-25,1.0,1200,green
315315.3153153153,87.58758758758759,4.8430394778139386e-20,1.5359339159181518e-25,1.0,1200,green
315675.67567567574,87.6876876876877,4.848574374808239e-20,1.5359339159181518e-25,1.0,1200,green
316036.03603603604,87.78778778778779,4.854109271802538e-20,1.5359339159181518e-25,1.0,1200,green
316396.39639639645,87.8878878878879,4.859644168796838e-20,1.5359339159181518e-25,1.0,1200,green
316756.75675675675,87.98798798798799,4.865179065791137e-20,1.5359339159181518e-25,1.0,1200,green
317117.11711711716,88.0880880880881,4.870713962785437e-20,1.5359339159181518e-25,1.0,1200,green
317477.4774774775,88.18818818818819,4.876248859779737e-20,1.5359339159181518e-25,1.0,1200,green
317837.83783783787,88.2882882882883,4.8817837567740364e-20,1.5359339159181518e-25,1.0,1200,green
318198.1981981982,88.38838838838839,4.887318653768336e-20,1.5359339159181518e-25,1.0,1200,green
318558.5585585586,88.4884884884885,4.8928535507626356e-20,1.5359339159181518e-25,1.0,1200,green
318918.91891891893,88.58858858858859,4.898388447756935e-20,1.5359339159181518e-25,1.0,1200,green
319279.27927927935,88.6886886886887,4.9039233447512353e-20,1.5359339159181518e-25,1.0,1200,green
319639.63963963964,88.78878878878879,4.9094582417455343e-20,1.5359339159181518e-25,1.0,1200,green
320000.00000000006,88.8888888888889,4.9149931387398345e-20,1.5359339159181518e-25,1.0,1200,green
320360.36036036036,88.988988988989,4.9205280357341335e-20,1.5359339159181518e-25,1.0,1200,green
320720.72072072077,89.0890890890891,4.926062932728434e-20,1.5359339159181518e-25,1.0,1200,green
321081.0810810811,89.1891891891892,4.931597829722733e-20,1.5359339159181518e-25,1.0,1200,green
321441.4414414415,89.2892892892893,4.937132726717033e-20,1.5359339159181518e-25,1.0,1200,green
321801.80180180183,89.3893893893894,4.9426676237113325e-20,1.5359339159181518e-25,1.0,1200,green
322162.1621621622,89.4894894894895,4.948202520705632e-20,1.5359339159181518e-25,1.0,1200,green
322522.52252252254,89.5895895895896,4.9537374176999317e-20,1.5359339159181518e-25,1.0,1200,green
322882.8828828829,89.6896896896897,4.959272314694231e-20,1.5359339159181518e-25,1.0,1200,green
323243.24324324325,89.7897897897898,4.964807211688531e-20,1.5359339159181518e-25,1.0,1200,green
323603.60360360367,89.8898898898899,4.970342108682831e-20,1.5359339159181518e-25,1.0,1200,green
323963.96396396396,89.98998998999,4.97587700567713e-20,1.5359339159181518e-25,1.0,1200,green
324324.3243243244,90.0900900900901,4.98141190267143e-20,1.5359339159181518e-25,1.0,1200,green
324684.6846846847,90.1901901901902,4.986946799665729e-20,1.5359339159181518e-25,1.0,1200,green
325045.0450450451,90.2902902902903,4.9924816966600294e-20,1.5359339159181518e-25,1.0,1200,green
325405.40540540544,90.3903903903904,4.998016593654329e-20,1.5359339159181518e-25,1.0,1200,green
325765.7657657658,90.4904904904905,5.0035514906486286e-20,1.5359339159181518e-25,1.0,1200,green
326126.12612612615,90.5905905905906,5.009086387642928e-20,1.5359339159181518e-25,1.0,1200,green
326486.4864864865,90.6906906906907,5.014621284637228e-20,1.5359339159181518e-25,1.0,1200,green
326846.84684684686,90.7907907907908,5.0201561816315274e-20,1.5359339159181518e-25,1.0,1200,green
327207.2072072072,90.8908908908909,5.025691078625827e-20,1.5359339159181518e-25,1.0,1200,green
327567.5675675676,90.990990990991,5.0312259756201265e-20,1.5359339159181518e-25,1.0,1200,green
327927.927927928,91.0910910910911,5.036760872614427e-20,1.5359339159181518e-25,1.0,1200,green
328288.2882882883,91.1911911911912,5.042295769608726e-20,1.5359339159181518e-25,1.0,1200,green
328648.6486486487,91.2912912912913,5.047830666603026e-20,1.5359339159181518e-25,1.0,1200,green
329009.009009009,91.3913913913914,5.053365563597325e-20,1.5359339159181518e-25,1.0,1200,green
329369.3693693694,91.4914914914915,5.058900460591625e-20,1.5359339159181518e-25,1.0,1200,green
329729.72972972976,91.5915915915916,5.0644353575859247e-20,1.5359339159181518e-25,1.0,1200,green
330090.0900900901,91.6916916916917,5.069970254580224e-20,1.5359339159181518e-25,1.0,1200,green
330450.4504504505,91.7917917917918,5.075505151574524e-20,1.5359339159181518e-25,1.0,1200,green
330810.8108108108,91.8918918918919,5.0810400485688235e-20,1.5359339159181518e-25,1.0,1200,green
331171.1711711712,91.991991991992,5.086574945563123e-20,1.5359339159181518e-25,1.0,1200,green
331531.53153153154,92.0920920920921,5.0921098425574226e-20,1.5359339159181518e-25,1.0,1200,green
331891.8918918919,92.1921921921922,5.097644739551722e-20,1.5359339159181518e-25,1.0,1200,green
332252.2522522523,92.2922922922923,5.1031796365460224e-20,1.5359339159181518e-25,1.0,1200,green
332612.6126126126,92.3923923923924,5.1087145335403214e-20,1.5359339159181518e-25,1.0,1200,green
332972.972972973,92.4924924924925,5.1142494305346216e-20,1.5359339159181518e-25,1.0,1200,green
333333.3333333333,92.5925925925926,5.1197843275289206e-20,1.5359339159181518e-25,1.0,1200,green
333693.6936936937,92.6926926926927,5.125319224523221e-20,1.5359339159181518e-25,1.0,1200,green
334054.0540540541,92.7927927927928,5.1308541215175204e-20,1.5359339159181518e-25,1.0,1200,green
334414.41441441444,92.8928928928929,5.13638901851182e-20,1.5359339159181518e-25,1.0,1200,green
334774.7747747748,92.992992992993,5.1419239155061196e-20,1.5359339159181518e-25,1.0,1200,green
335135.13513513515,93.0930930930931,5.147458812500419e-20,1.5359339159181518e-25,1.0,1200,green
335495.4954954955,93.1931931931932,5.152993709494719e-20,1.5359339159181518e-25,1.0,1200,green
335855.8558558559,93.2932932932933,5.158528606489019e-20,1.5359339159181518e-25,1.0,1200,green
336216.2162162162,93.3933933933934,5.164063503483318e-20,1.5359339159181518e-25,1.0,1200,green
336576.5765765766,93.4934934934935,5.169598400477618e-20,1.5359339159181518e-25,1.0,1200,green
336936.9369369369,93.5935935935936,5.175133297471917e-20,1.5359339159181518e-25,1.0,1200,green
337297.29729729734,93.6936936936937,5.180668194466217e-20,1.5359339159181518e-25,1.0,1200,green
337657.6576576577,93.7937937937938,5.186203091460517e-20,1.5359339159181518e-25,1.0,1200,green
338018.01801801805,93.8938938938939,5.1917379884548165e-20,1.5359339159181518e-25,1.0,1200,green
338378.3783783784,93.993993993994,5.197272885449116e-20,1.5359339159181518e-25,1.0,1200,green
338738.73873873876,94.0940940940941,5.2028077824434157e-20,1.5359339159181518e-25,1.0,1200,green
339099.0990990991,94.1941941941942,5.208342679437715e-20,1.5359339159181518e-25,1.0,1200,green
339459.45945945947,94.2942942942943,5.213877576432015e-20,1.5359339159181518e-25,1.0,1200,green
339819.8198198198,94.3943943943944,5.2194124734263144e-20,1.5359339159181518e-25,1.0,1200,green
340180.18018018024,94.4944944944945,5.2249473704206146e-20,1.5359339159181518e-25,1.0,1200,green
340540.54054054053,94.5945945945946,5.2304822674149136e-20,1.5359339159181518e-25,1.0,1200,green
340900.90090090095,94.6946946946947,5.236017164409214e-20,1.5359339159181518e-25,1.0,1200,green
341261.26126126124,94.7947947947948,5.241552061403513e-20,1.5359339159181518e-25,1.0,1200,green
341621.62162162166,94.8948948948949,5.247086958397813e-20,1.5359339159181518e-25,1.0,1200,green
341981.981981982,94.994994994995,5.2526218553921126e-20,1.5359339159181518e-25,1.0,1200,green
342342.34234234237,95.0950950950951,5.258156752386412e-20,1.5359339159181518e-25,1.0,1200,green
342702.7027027027,95.1951951951952,5.263691649380712e-20,1.5359339159181518e-25,1.0,1200,green
343063.0630630631,95.2952952952953,5.2692265463750113e-20,1.5359339159181518e-25,1.0,1200,green
343423.42342342343,95.3953953953954,5.274761443369311e-20,1.5359339159181518e-25,1.0,1200,green
343783.7837837838,95.4954954954955,5.2802963403636105e-20,1.5359339159181518e-25,1.0,1200,green
344144.14414414414,95.5955955955956,5.28583123735791e-20,1.5359339159181518e-25,1.0,1200,green
344504.50450450456,95.6956956956957,5.2913661343522103e-20,1.5359339159181518e-25,1.0,1200,green
344864.86486486485,95.7957957957958,5.296901031346509e-20,1.5359339159181518e-25,1.0,1200,green
345225.22522522527,95.8958958958959,5.3024359283408095e-20,1.5359339159181518e-25,1.0,1200,green
345585.58558558556,95.995995995996,5.3079708253351085e-20,1.5359339159181518e-25,1.0,1200,green
345945.945945946,96.0960960960961,5.3135057223294087e-20,1.5359339159181518e-25,1.0,1200,green
346306.30630630633,96.1961961961962,5.319040619323708e-20,1.5359339159181518e-25,1.0,1200,green
346666.6666666667,96.2962962962963,5.324575516318008e-20,1.5359339159181518e-25,1.0,1200,green
347027.02702702704,96.3963963963964,5.3301104133123074e-20,1.5359339159181518e-25,1.0,1200,green
347387.3873873874,96.4964964964965,5.335645310306607e-20,1.5359339159181518e-25,1.0,1200,green
347747.74774774775,96.5965965965966,5.3411802073009066e-20,1.5359339159181518e-25,1.0,1200,green
348108.10810810816,96.6966966966967,5.346715104295207e-20,1.5359339159181518e-25,1.0,1200,green
348468.46846846846,96.7967967967968,5.352250001289506e-20,1.5359339159181518e-25,1.0,1200,green
348828.8288288289,96.8968968968969,5.357784898283806e-20,1.5359339159181518e-25,1.0,1200,green
349189.1891891892,96.996996996997,5.363319795278105e-20,1.5359339159181518e-25,1.0,1200,green
349549.5495495496,97.0970970970971,5.368854692272405e-20,1.5359339159181518e-25,1.0,1200,green
349909.90990990994,97.1971971971972,5.374389589266705e-20,1.5359339159181518e-25,1.0,1200,green
350270.2702702703,97.2972972972973,5.3799244862610044e-20,1.5359339159181518e-25,1.0,1200,green
350630.63063063065,97.3973973973974,5.385459383255304e-20,1.5359339159181518e-25,1.0,1200,green
350990.990990991,97.4974974974975,5.3909942802496035e-20,1.5359339159181518e-25,1.0,1200,green
351351.35135135136,97.5975975975976,5.396529177243903e-20,1.5359339159181518e-25,1.0,1200,green
351711.7117117117,97.6976976976977,5.402064074238203e-20,1.5359339159181518e-25,1.0,1200,green
352072.0720720721,97.7977977977978,5.4075989712325023e-20,1.5359339159181518e-25,1.0,1200,green
352432.4324324325,97.8978978978979,5.4131338682268025e-20,1.5359339159181518e-25,1.0,1200,green
352792.7927927928,97.997997997998,5.4186687652211015e-20,1.5359339159181518e-25,1.0,1200,green
353153.1531531532,98.0980980980981,5.424203662215402e-20,1.5359339159181518e-25,1.0,1200,green
353513.5135135135,98.1981981981982,5.4297385592097e-20,1.5359339159181518e-25,1.0,1200,green
353873.8738738739,98.2982982982983,5.435273456204001e-20,1.5359339159181518e-25,1.0,1200,green
354234.23423423426,98.3983983983984,5.4408083531983e-20,1.5359339159181518e-25,1.0,1200,green
354594.5945945946,98.4984984984985,5.446343250192599e-20,1.5359339159181518e-25,1.0,1200,green
354954.95495495497,98.5985985985986,5.451878147186899e-20,1.5359339159181518e-25,1.0,1200,green
355315.3153153153,98.6986986986987,5.457413044181198e-20,1.5359339159181518e-25,1.0,1200,green
355675.6756756757,98.7987987987988,5.462947941175498e-20,1.5359339159181518e-25,1.0,1200,green
356036.03603603604,98.8988988988989,5.468482838169797e-20,1.5359339159181518e-25,1.0,1200,green
356396.3963963964,98.998998998999,5.474017735164097e-20,1.5359339159181518e-25,1.0,1200,green
356756.7567567568,99.0990990990991,5.479552632158398e-20,1.5359339159181518e-25,1.0,1200,green
357117.1171171171,99.1991991991992,5.485087529152697e-20,1.5359339159181518e-25,1.0,1200,green
357477.4774774775,99.2992992992993,5.490622426146997e-20,1.5359339159181518e-25,1.0,1200,green
357837.8378378378,99.3993993993994,5.496157323141296e-20,1.5359339159181518e-25,1.0,1200,green
358198.1981981982,99.4994994994995,5.501692220135596e-20,1.5359339159181518e-25,1.0,1200,green
358558.5585585586,99.5995995995996,5.507227117129895e-20,1.5359339159181518e-25,1.0,1200,green
358918.91891891893,99.6996996996997,5.512762014124195e-20,1.5359339159181518e-25,1.0,1200,green
359279.2792792793,99.7997997997998,5.518296911118494e-20,1.5359339159181518e-25,1.0,1200,green
359639.63963963964,99.8998998998999,5.523831808112794e-20,1.5359339159181518e-25,1.0,1200,green
360000.0,100.0,5.529366705107093e-20,1.5359339159181518e-25,1.0,1200,green
0.0,0.0,0.0,5.716525918500501e-26,1.0,1200,sintered
360.3603603603604,0.1001001001001001,2.0600010283810502e-23,5.716480545855656e-26,1.0,1200,sintered
720.7207207207208,0.2002002002002002,4.1199864979673715e-23,5.716439495098236e-26,1.0,1200,sintered
1081.081081081081,0.3003003003003003,6.179957890783199e-23,5.716402354554842e-26,1.0,1200,sintered
1441.4414414414416,0.4004004004004004,8.239916547685291e-23,5.716368751765263e-26,1.0,1200,sintered
1801.801801801802,0.5005005005005005,1.0299863681809569e-22,5.7163383497473e-26,1.0,1200,sintered
2162.162162162162,0.6006006006006006,1.2359800390736934e-22,5.716310843617367e-26,1.0,1200,sintered
2522.5225225225226,0.7007007007007008,1.4419727667500259e-22,5.716285957533002e-26,1.0,1200,sintered
2882.882882882883,0.8008008008008008,1.6479646410542888e-22,5.716263441926608e-26,1.0,1200,sintered
3243.2432432432433,0.9009009009009009,1.8539557432728612e-22,5.716243071002686e-26,1.0,1200,sintered
3603.603603603604,1.001001001001001,2.0599461469493392e-22,5.716224640473473e-26,1.0,1200,sintered
3963.963963963964,1.1011011011011012,2.2659359186220586e-22,5.716207965510254e-26,1.0,1200,sintered
4324.324324324324,1.2012012012012012,2.471925118491369e-22,5.716192878889839e-26,1.0,1200,sintered
4684.684684684685,1.3013013013013013,2.6779138010233483e-22,5.716179229317566e-26,1.0,1200,sintered
5045.045045045045,1.4014014014014016,2.883902015496007e-22,5.716166879910072e-26,1.0,1200,sintered
5405.405405405406,1.5015015015015016,3.0898898064934706e-22,5.716155706822565e-26,1.0,1200,sintered
5765.765765765766,1.6016016016016017,3.2958772143530867e-22,5.716145598006857e-26,1.0,1200,sintered
6126.126126126126,1.7017017017017018,3.5018642755699413e-22,5.716136452087706e-26,1.0,1200,sintered
6486.486486486487,1.8018018018018018,3.7078510231628516e-22,5.716128177346179e-26,1.0,1200,sintered
6846.846846846847,1.9019019019019021,3.9138374870054864e-22,5.716120690799863e-26,1.0,1200,sintered
7207.207207207208,2.002002002002002,4.119823694125954e-22,5.71611391737068e-26,1.0,1200,sintered
7567.567567567568,2.1021021021021022,4.325809668977849e-22,5.716107789131974e-26,1.0,1200,sintered
7927.927927927928,2.2022022022022023,4.531795433685485e-22,5.716102244627319e-26,1.0,1200,sintered
8288.288288288288,2.3023023023023024,4.737781008265765e-22,5.716097228254208e-26,1.0,1200,sintered
8648.648648648648,2.4024024024024024,4.943766410828921e-22,5.716092689706446e-26,1.0,1200,sintered
9009.009009009009,2.5025025025025025,5.149751657760124e-22,5.716088583469663e-26,1.0,1200,sintered
9369.36936936937,2.6026026026026026,5.355736763883809e-22,5.716084868364875e-26,1.0,1200,sintered
9729.729729729732,2.702702702702703,5.561721742612336e-22,5.716081507135527e-26,1.0,1200,sintered
10090.09009009009,2.802802802802803,5.767706606080493e-22,5.716078466073868e-26,1.0,1200,sintered
10450.450450450451,2.902902902902903,5.973691365267197e-22,5.716075714682917e-26,1.0,1200,sintered
10810.810810810812,3.0030030030030033,6.179676030105582e-22,5.716073225370626e-26,1.0,1200,sintered
11171.171171171172,3.1031031031031033,6.385660609582626e-22,5.716070973173176e-26,1.0,1200,sintered
11531.531531531533,3.2032032032032034,6.591645111829263e-22,5.716068935504632e-26,1.0,1200,sintered
11891.891891891892,3.3033033033033035,6.797629544201931e-22,5.716067091930438e-26,1.0,1200,sintered
12252.252252252252,3.4034034034034035,7.003613913356351e-22,5.716065423962497e-26,1.0,1200,sintered
12612.612612612613,3.5035035035035036,7.209598225314258e-22,5.71606391487376e-26,1.0,1200,sintered
12972.972972972973,3.6036036036036037,7.4155824855238e-22,5.716062549530481e-26,1.0,1200,sintered
13333.333333333334,3.7037037037037037,7.62156669891417e-22,5.716061314240453e-26,1.0,1200,sintered
13693.693693693695,3.8038038038038042,7.8275508699450455e-22,5.716060196615693e-26,1.0,1200,sintered
14054.054054054055,3.9039039039039043,8.033535002651299e-22,5.716059185448213e-26,1.0,1200,sintered
14414.414414414416,4.004004004004004,8.239519100683472e-22,5.716058270597624e-26,1.0,1200,sintered
14774.774774774776,4.104104104104104,8.445503167344381e-22,5.716057442889436e-26,1.0,1200,sintered
15135.135135135137,4.2042042042042045,8.651487205622236e-22,5.716056694023062e-26,1.0,1200,sintered
15495.495495495496,4.3043043043043046,8.857471218220613e-22,5.71605601648857e-26,1.0,1200,sintered
15855.855855855856,4.404404404404405,9.063455207585566e-22,5.716055403491374e-26,1.0,1200,sintered
16216.216216216217,4.504504504504505,9.269439175930146e-22,5.716054848884093e-26,1.0,1200,sintered
16576.576576576575,4.604604604604605,9.475423125256616e-22,5.716054347104904e-26,1.0,1200,sintered
16936.936936936938,4.704704704704705,9.681407057376507e-22,5.716053893121764e-26,1.0,1200,sintered
17297.297297297297,4.804804804804805,9.887390973928801e-22,5.716053482381948e-26,1.0,1200,sintered
17657.65765765766,4.904904904904905,1.0093374876396363e-21,5.716053110766395e-26,1.0,1200,sintered
18018.018018018018,5.005005005005005,1.0299358766120802e-21,5.716052774548394e-26,1.0,1200,sintered
18378.378378378377,5.105105105105105,1.0505342644315945e-21,5.716052470356217e-26,1.0,1200,sintered
18738.73873873874,5.205205205205205,1.0711326512079997e-21,5.716052195139304e-26,1.0,1200,sintered
19099.099099099098,5.305305305305305,1.0917310370406545e-21,5.71605194613767e-26,1.0,1200,sintered
19459.459459459464,5.405405405405406,1.112329422019455e-21,5.716051720854226e-26,1.0,1200,sintered
19819.819819819822,5.505505505505506,1.1329278062257324e-21,5.71605151702974e-26,1.0,1200,sintered
20180.18018018018,5.605605605605606,1.1535261897330726e-21,5.716051332620179e-26,1.0,1200,sintered
20540.540540540544,5.705705705705706,1.1741245726080517e-21,5.71605116577621e-26,1.0,1200,sintered
20900.900900900902,5.805805805805806,1.1947229549109037e-21,5.716051014824654e-26,1.0,1200,sintered
21261.261261261265,5.9059059059059065,1.215321336696126e-21,5.71605087825171e-26,1.0,1200,sintered
21621.621621621623,6.0060060060060065,1.2359197180130238e-21,5.716050754687769e-26,1.0,1200,sintered
21981.981981981982,6.106106106106107,1.256518098906207e-21,5.716050642893683e-26,1.0,1200,sintered
22342.342342342345,6.206206206206207,1.2771164794160356e-21,5.716050541748337e-26,1.0,1200,sintered
22702.702702702703,6.306306306306307,1.2977148595790252e-21,5.716050450237402e-26,1.0,1200,sintered
23063.063063063066,6.406406406406407,1.3183132394282138e-21,5.716050367443174e-26,1.0,1200,sintered
23423.423423423425,6.506506506506507,1.3389116189934909e-21,5.716050292535357e-26,1.0,1200,sintered
23783.783783783783,6.606606606606607,1.359509998301901e-21,5.716050224762744e-26,1.0,1200,sintered
24144.144144144146,6.706706706706707,1.3801083773779112e-21,5.716050163445687e-26,1.0,1200,sintered
24504.504504504504,6.806806806806807,1.4007067562436582e-21,5.716050107969274e-26,1.0,1200,sintered
24864.864864864867,6.906906906906907,1.4213051349191703e-21,5.716050057777163e-26,1.0,1200,sintered
25225.225225225226,7.007007007007007,1.441903513422568e-21,5.716050012366008e-26,1.0,1200,sintered
25585.585585585584,7.107107107107107,1.4625018917702454e-21,5.71604997128041e-26,1.0,1200,sintered
25945.945945945947,7.207207207207207,1.483100269977036e-21,5.716049934108344e-26,1.0,1200,sintered
26306.306306306305,7.307307307307307,1.5036986480563593e-21,5.716049900477035e-26,1.0,1200,sintered
26666.666666666668,7.407407407407407,1.5242970260203569e-21,5.716049870049214e-26,1.0,1200,sintered
27027.02702702703,7.507507507507508,1.5448954038800143e-21,5.716049842519739e-26,1.0,1200,sintered
27387.38738738739,7.6076076076076085,1.5654937816452697e-21,5.716049817612532e-26,1.0,1200,sintered
27747.74774774775,7.7077077077077085,1.5860921593251157e-21,5.716049795077816e-26,1.0,1200,sintered
28108.10810810811,7.807807807807809,1.6066905369276874e-21,5.716049774689603e-26,1.0,1200,sintered
28468.468468468473,7.907907907907909,1.6272889144603457e-21,5.716049756243431e-26,1.0,1200,sintered
28828.82882882883,8.008008008008009,1.6478872919297499e-21,5.716049739554315e-26,1.0,1200,sintered
29189.18918918919,8.108108108108109,1.6684856693419253e-21,5.716049724454891e-26,1.0,1200,sintered
29549.549549549552,8.208208208208209,1.6890840467023232e-21,5.716049710793734e-26,1.0,1200,sintered
29909.90990990991,8.308308308308309,1.709682424015875e-21,5.716049698433845e-26,1.0,1200,sintered
30270.270270270274,8.408408408408409,1.7302808012870438e-21,5.716049687251274e-26,1.0,1200,sintered
30630.630630630632,8.508508508508509,1.750879178519866e-21,5.716049677133879e-26,1.0,1200,sintered
30990.99099099099,8.608608608608609,1.7714775557179945e-21,5.716049667980198e-26,1.0,1200,sintered
31351.351351351354,8.70870870870871,1.792075932884734e-21,5.716049659698432e-26,1.0,1200,sintered
31711.711711711712,8.80880880880881,1.812674310023075e-21,5.716049652205532e-26,1.0,1200,sintered
32072.072072072075,8.90890890890891,1.8332726871357213e-21,5.716049645426354e-26,1.0,1200,sintered
32432.432432432433,9.00900900900901,1.853871064225121e-21,5.716049639292915e-26,1.0,1200,sintered
32792.792792792796,9.10910910910911,1.8744694412934887e-21,5.716049633743704e-26,1.0,1200,sintered
33153.15315315315,9.20920920920921,1.8950678183428274e-21,5.716049628723073e-26,1.0,1200,sintered
33513.51351351351,9.30930930930931,1.91566619537495e-21,5.716049624180673e-26,1.0,1200,sintered
33873.873873873876,9.40940940940941,1.936264572391496e-21,5.716049620070951e-26,1.0,1200,sintered
34234.23423423424,9.50950950950951,1.9568629493939497e-21,5.716049616352694e-26,1.0,1200,sintered
34594.59459459459,9.60960960960961,1.9774613263836523e-21,5.716049612988611e-26,1.0,1200,sintered
34954.954954954956,9.70970970970971,1.9980597033618196e-21,5.716049609944968e-26,1.0,1200,sintered
35315.31531531532,9.80980980980981,2.01865808032955e-21,5.716049607191243e-26,1.0,1200,sintered
35675.67567567567,9.90990990990991,2.0392564572878374e-21,5.716049604699817e-26,1.0,1200,sintered
36036.036036036036,10.01001001001001,2.0598548342375815e-21,5.716049602445708e-26,1.0,1200,sintered
36396.3963963964,10.11011011011011,2.080453211179596e-21,5.71604960040631e-26,1.0,1200,sintered
36756.75675675675,10.21021021021021,2.1010515881146167e-21,5.716049598561172e-26,1.0,1200,sintered
37117.117117117115,10.31031031031031,2.1216499650433105e-21,5.716049596891788e-26,1.0,1200,sintered
37477.47747747748,10.41041041041041,2.1422483419662804e-21,5.716049595381419e-26,1.0,1200,sintered
37837.83783783784,10.51051051051051,2.1628467188840706e-21,5.716049594014917e-26,1.0,1200,sintered
38198.198198198195,10.61061061061061,2.1834450957971746e-21,5.716049592778578e-26,1.0,1200,sintered
38558.558558558565,10.710710710710712,2.2040434727060396e-21,5.716049591660004e-26,1.0,1200,sintered
38918.91891891893,10.810810810810812,2.224641849611069e-21,5.71604959064798e-26,1.0,1200,sintered
39279.27927927928,10.910910910910912,2.2452402265126272e-21,5.716049589732352e-26,1.0,1200,sintered
39639.639639639645,11.011011011011012,2.2658386034110464e-21,5.716049588903941e-26,1.0,1200,sintered
40000.00000000001,11.111111111111112,2.2864369803066244e-21,5.716049588154439e-26,1.0,1200,sintered
40360.36036036036,11.211211211211213,2.307035357199632e-21,5.716049587476329e-26,1.0,1200,sintered
40720.720720720725,11.311311311311313,2.3276337340903152e-21,5.716049586862812e-26,1.0,1200,sintered
41081.08108108109,11.411411411411413,2.348232110978894e-21,5.716049586307734e-26,1.0,1200,sintered
41441.44144144144,11.511511511511513,2.368830487865569e-21,5.716049585805529e-26,1.0,1200,sintered
41801.801801801805,11.611611611611613,2.3894288647505226e-21,5.716049585351161e-26,1.0,1200,sintered
42162.16216216217,11.711711711711713,2.410027241633918e-21,5.716049584940073e-26,1.0,1200,sintered
42522.52252252253,11.811811811811813,2.430625618515904e-21,5.716049584568141e-26,1.0,1200,sintered
42882.882882882885,11.911911911911913,2.451223995396614e-21,5.716049584231638e-26,1.0,1200,sintered
43243.24324324325,12.012012012012013,2.4718223722761703e-21,5.716049583927188e-26,1.0,1200,sintered
43603.60360360361,12.112112112112113,2.4924207491546827e-21,5.716049583651737e-26,1.0,1200,sintered
43963.963963963964,12.212212212212213,2.5130191260322503e-21,5.716049583402524e-26,1.0,1200,sintered
44324.32432432433,12.312312312312313,2.5336175029089636e-21,5.716049583177049e-26,1.0,1200,sintered
44684.68468468469,12.412412412412413,2.5542158797849036e-21,5.716049582973052e-26,1.0,1200,sintered
45045.04504504505,12.512512512512513,2.5748142566601442e-21,5.716049582788487e-26,1.0,1200,sintered
45405.40540540541,12.612612612612613,2.5954126335347514e-21,5.716049582621501e-26,1.0,1200,sintered
45765.76576576577,12.712712712712714,2.6160110104087865e-21,5.716049582470421e-26,1.0,1200,sintered
46126.12612612613,12.812812812812814,2.6366093872823036e-21,5.716049582333732e-26,1.0,1200,sintered
46486.48648648649,12.912912912912914,2.657207764155351e-21,5.716049582210063e-26,1.0,1200,sintered
46846.84684684685,13.013013013013014,2.6778061410279754e-21,5.716049582098174e-26,1.0,1200,sintered
47207.20720720721,13.113113113113114,2.6984045179002158e-21,5.716049581996943e-26,1.0,1200,sintered
47567.56756756757,13.213213213213214,2.7190028947721087e-21,5.716049581905354e-26,1.0,1200,sintered
47927.92792792793,13.313313313313314,2.739601271643688e-21,5.71604958182249e-26,1.0,1200,sintered
48288.28828828829,13.413413413413414,2.7601996485149833e-21,5.716049581747519e-26,1.0,1200,sintered
48648.648648648654,13.513513513513514,2.7807980253860215e-21,5.716049581679689e-26,1.0,1200,sintered
49009.00900900901,13.613613613613614,2.8013964022568265e-21,5.71604958161832e-26,1.0,1200,sintered
49369.36936936937,13.713713713713714,2.8219947791274216e-21,5.716049581562796e-26,1.0,1200,sintered
49729.729729729734,13.813813813813814,2.842593155997826e-21,5.716049581512561e-26,1.0,1200,sintered
50090.09009009009,13.913913913913914,2.863191532868058e-21,5.716049581467111e-26,1.0,1200,sintered
50450.45045045045,14.014014014014014,2.883789909738135e-21,5.716049581425991e-26,1.0,1200,sintered
50810.81081081081,14.114114114114114,2.9043882866080702e-21,5.716049581388787e-26,1.0,1200,sintered
51171.17117117117,14.214214214214214,2.924986663477878e-21,5.716049581355127e-26,1.0,1200,sintered
51531.53153153153,14.314314314314315,2.9455850403475704e-21,5.716049581324673e-26,1.0,1200,sintered
51891.89189189189,14.414414414414415,2.9661834172171585e-21,5.71604958129712e-26,1.0,1200,sintered
52252.252252252256,14.514514514514515,2.9867817940866522e-21,5.716049581272193e-26,1.0,1200,sintered
52612.61261261261,14.614614614614615,3.0073801709560598e-21,5.716049581249638e-26,1.0,1200,sintered
52972.97297297297,14.714714714714715,3.0279785478253906e-21,5.716049581229233e-26,1.0,1200,sintered
53333.333333333336,14.814814814814815,3.0485769246946515e-21,5.716049581210771e-26,1.0,1200,sintered
53693.69369369369,14.914914914914915,3.0691753015638488e-21,5.716049581194068e-26,1.0,1200,sintered
54054.05405405406,15.015015015015017,3.0897736784329893e-21,5.716049581178956e-26,1.0,1200,sintered
54414.41441441442,15.115115115115117,3.1103720553020775e-21,5.716049581165283e-26,1.0,1200,sintered
54774.77477477478,15.215215215215217,3.1309704321711187e-21,5.716049581152912e-26,1.0,1200,sintered
55135.13513513514,15.315315315315317,3.1515688090401178e-21,5.716049581141721e-26,1.0,1200,sintered
55495.4954954955,15.415415415415417,3.172167185909079e-21,5.716049581131595e-26,1.0,1200,sintered
55855.85585585586,15.515515515515517,3.192765562778004e-21,5.716049581122433e-26,1.0,1200,sintered
56216.21621621622,15.615615615615617,3.213363939646899e-21,5.716049581114144e-26,1.0,1200,sintered
56576.57657657658,15.715715715715717,3.233962316515765e-21,5.716049581106646e-26,1.0,1200,sintered
56936.936936936945,15.815815815815817,3.2545606933846057e-21,5.71604958109986e-26,1.0,1200,sintered
57297.2972972973,15.915915915915917,3.2751590702534223e-21,5.716049581093722e-26,1.0,1200,sintered
57657.65765765766,16.016016016016017,3.2957574471222186e-21,5.716049581088167e-26,1.0,1200,sintered
58018.018018018025,16.116116116116117,3.3163558239909957e-21,5.716049581083143e-26,1.0,1200,sintered
58378.37837837838,16.216216216216218,3.3369542008597552e-21,5.716049581078597e-26,1.0,1200,sintered
58738.73873873874,16.316316316316318,3.3575525777284992e-21,5.716049581074484e-26,1.0,1200,sintered
59099.099099099105,16.416416416416418,3.3781509545972297e-21,5.716049581070762e-26,1.0,1200,sintered
59459.45945945947,16.516516516516518,3.398749331465947e-21,5.716049581067395e-26,1.0,1200,sintered
59819.81981981982,16.616616616616618,3.419347708334652e-21,5.716049581064349e-26,1.0,1200,sintered
60180.180180180185,16.716716716716718,3.439946085203348e-21,5.716049581061592e-26,1.0,1200,sintered
60540.54054054055,16.816816816816818,3.4605444620720336e-21,5.716049581059099e-26,1.0,1200,sintered
60900.9009009009,16.916916916916918,3.481142838940711e-21,5.716049581056843e-26,1.0,1200,sintered
61261.261261261265,17.017017017017018,3.50174121580938e-21,5.716049581054802e-26,1.0,1200,sintered
61621.62162162163,17.117117117117118,3.522339592678043e-21,5.716049581052955e-26,1.0,1200,sintered
61981.98198198198,17.217217217217218,3.542937969546699e-21,5.716049581051285e-26,1.0,1200,sintered
62342.342342342345,17.31731731731732,3.56353634641535e-21,5.716049581049773e-26,1.0,1200,sintered
62702.70270270271,17.41741741741742,3.584134723283995e-21,5.716049581048405e-26,1.0,1200,sintered
63063.06306306307,17.51751751751752,3.604733100152636e-21,5.716049581047167e-26,1.0,1200,sintered
63423.423423423425,17.61761761761762,3.625331477021272e-21,5.716049581046048e-26,1.0,1200,sintered
63783.78378378379,17.71771771771772,3.6459298538899046e-21,5.716049581045036e-26,1.0,1200,sintered
64144.14414414415,17.81781781781782,3.666528230758534e-21,5.71604958104412e-26,1.0,1200,sintered
64504.504504504504,17.91791791791792,3.6871266076271594e-21,5.71604958104329e-26,1.0,1200,sintered
64864.86486486487,18.01801801801802,3.707724984495782e-21,5.71604958104254e-26,1.0,1200,sintered
65225.22522522523,18.11811811811812,3.728323361364404e-21,5.716049581041861e-26,1.0,1200,sintered
65585.58558558559,18.21821821821822,3.748921738233021e-21,5.716049581041247e-26,1.0,1200,sintered
65945.94594594595,18.31831831831832,3.7695201151016375e-21,5.716049581040692e-26,1.0,1200,sintered
66306.3063063063,18.41841841841842,3.790118491970251e-21,5.716049581040189e-26,1.0,1200,sintered
66666.66666666667,18.51851851851852,3.8107168688388645e-21,5.716049581039734e-26,1.0,1200,sintered
67027.02702702703,18.61861861861862,3.8313152457074746e-21,5.716049581039322e-26,1.0,1200,sintered
67387.3873873874,18.71871871871872,3.851913622576085e-21,5.71604958103895e-26,1.0,1200,sintered
67747.74774774775,18.81881881881882,3.8725119994446926e-21,5.716049581038614e-26,1.0,1200,sintered
68108.1081081081,18.91891891891892,3.8931103763133e-21,5.716049581038309e-26,1.0,1200,sintered
68468.46846846848,19.01901901901902,3.913708753181906e-21,5.716049581038033e-26,1.0,1200,sintered
68828.82882882883,19.11911911911912,3.934307130050511e-21,5.716049581037784e-26,1.0,1200,sintered
69189.18918918919,19.21921921921922,3.954905506919115e-21,5.716049581037558e-26,1.0,1200,sintered
69549.54954954956,19.31931931931932,3.975503883787718e-21,5.716049581037353e-26,1.0,1200,sintered
69909.90990990991,19.41941941941942,3.996102260656321e-21,5.716049581037169e-26,1.0,1200,sintered
70270.27027027027,19.51951951951952,4.016700637524923e-21,5.716049581037002e-26,1.0,1200,sintered
70630.63063063064,19.61961961961962,4.037299014393525e-21,5.716049581036851e-26,1.0,1200,sintered
70990.99099099099,19.71971971971972,4.057897391262126e-21,5.716049581036714e-26,1.0,1200,sintered
71351.35135135135,19.81981981981982,4.078495768130726e-21,5.71604958103659e-26,1.0,1200,sintered
71711.71171171172,19.91991991991992,4.0990941449993264e-21,5.716049581036479e-26,1.0,1200,sintered
72072.07207207207,20.02002002002002,4.119692521867926e-21,5.716049581036377e-26,1.0,1200,sintered
72432.43243243243,20.12012012012012,4.1402908987365256e-21,5.716049581036285e-26,1.0,1200,sintered
72792.7927927928,20.22022022022022,4.160889275605125e-21,5.716049581036202e-26,1.0,1200,sintered
73153.15315315315,20.32032032032032,4.181487652473723e-21,5.716049581036127e-26,1.0,1200,sintered
73513.5135135135,20.42042042042042,4.202086029342321e-21,5.71604958103606e-26,1.0,1200,sintered
73873.87387387388,20.52052052052052,4.22268440621092e-21,5.716049581035998e-26,1.0,1200,sintered
74234.23423423423,20.62062062062062,4.243282783079518e-21,5.716049581035943e-26,1.0,1200,sintered
74594.5945945946,20.72072072072072,4.263881159948116e-21,5.716049581035892e-26,1.0,1200,sintered
74954.95495495496,20.82082082082082,4.2844795368167144e-21,5.716049581035846e-26,1.0,1200,sintered
75315.31531531531,20.92092092092092,4.305077913685312e-21,5.716049581035806e-26,1.0,1200,sintered
75675.67567567568,21.02102102102102,4.325676290553909e-21,5.716049581035768e-26,1.0,1200,sintered
76036.03603603604,21.12112112112112,4.3462746674225064e-21,5.716049581035735e-26,1.0,1200,sintered
76396.39639639639,21.22122122122122,4.366873044291103e-21,5.716049581035704e-26,1.0,1200,sintered
76756.75675675676,21.32132132132132,4.387471421159701e-21,5.716049581035676e-26,1.0,1200,sintered
77117.11711711713,21.421421421421424,4.4080697980282984e-21,5.716049581035651e-26,1.0,1200,sintered
77477.47747747749,21.521521521521525,4.428668174896895e-21,5.716049581035629e-26,1.0,1200,sintered
77837.83783783785,21.621621621621625,4.449266551765492e-21,5.716049581035609e-26,1.0,1200,sintered
78198.19819819821,21.721721721721725,4.469864928634089e-21,5.71604958103559e-26,1.0,1200,sintered
78558.55855855856,21.821821821821825,4.4904633055026855e-21,5.716049581035573e-26,1.0,1200,sintered
78918.91891891893,21.921921921921925,4.511061682371282e-21,5.716049581035558e-26,1.0,1200,sintered
79279.27927927929,22.022022022022025,4.531660059239879e-21,5.716049581035544e-26,1.0,1200,sintered
79639.63963963964,22.122122122122125,4.552258436108475e-21,5.716049581035532e-26,1.0,1200,sintered
80000.00000000001,22.222222222222225,4.572856812977072e-21,5.716049581035521e-26,1.0,1200,sintered
80360.36036036037,22.322322322322325,4.593455189845668e-21,5.716049581035511e-26,1.0,1200,sintered
80720.72072072072,22.422422422422425,4.614053566714264e-21,5.716049581035502e-26,1.0,1200,sintered
81081.0810810811,22.522522522522525,4.634651943582861e-21,5.716049581035494e-26,1.0,1200,sintered
81441.44144144145,22.622622622622625,4.655250320451457e-21,5.716049581035486e-26,1.0,1200,sintered
81801.8018018018,22.722722722722725,4.675848697320053e-21,5.716049581035479e-26,1.0,1200,sintered
82162.16216216217,22.822822822822825,4.69644707418865e-21,5.716049581035473e-26,1.0,1200,sintered
82522.52252252253,22.922922922922925,4.717045451057246e-21,5.716049581035467e-26,1.0,1200,sintered
82882.88288288288,23.023023023023026,4.737643827925842e-21,5.716049581035463e-26,1.0,1200,sintered
83243.24324324325,23.123123123123126,4.758242204794439e-21,5.716049581035458e-26,1.0,1200,sintered
83603.60360360361,23.223223223223226,4.7788405816630345e-21,5.716049581035454e-26,1.0,1200,sintered
83963.96396396398,23.323323323323326,4.799438958531632e-21,5.71604958103545e-26,1.0,1200,sintered
84324.32432432433,23.423423423423426,4.820037335400228e-21,5.716049581035447e-26,1.0,1200,sintered
84684.68468468469,23.523523523523526,4.8406357122688235e-21,5.716049581035443e-26,1.0,1200,sintered
85045.04504504506,23.623623623623626,4.86123408913742e-21,5.716049581035441e-26,1.0,1200,sintered
85405.40540540541,23.723723723723726,4.881832466006016e-21,5.716049581035439e-26,1.0,1200,sintered
85765.76576576577,23.823823823823826,4.902430842874612e-21,5.716049581035436e-26,1.0,1200,sintered
86126.12612612614,23.923923923923926,4.923029219743208e-21,5.716049581035434e-26,1.0,1200,sintered
86486.4864864865,24.024024024024026,4.943627596611804e-21,5.716049581035432e-26,1.0,1200,sintered
86846.84684684685,24.124124124124126,4.9642259734804e-21,5.716049581035431e-26,1.0,1200,sintered
87207.20720720722,24.224224224224226,4.984824350348997e-21,5.71604958103543e-26,1.0,1200,sintered
87567.56756756757,24.324324324324326,5.005422727217593e-21,5.716049581035427e-26,1.0,1200,sintered
87927.92792792793,24.424424424424426,5.026021104086189e-21,5.716049581035426e-26,1.0,1200,sintered
88288.2882882883,24.524524524524526,5.0466194809547855e-21,5.716049581035425e-26,1.0,1200,sintered
88648.64864864865,24.624624624624627,5.067217857823381e-21,5.716049581035424e-26,1.0,1200,sintered
89009.00900900901,24.724724724724727,5.087816234691977e-21,5.716049581035424e-26,1.0,1200,sintered
89369.36936936938,24.824824824824827,5.108414611560574e-21,5.716049581035423e-26,1.0,1200,sintered
89729.72972972973,24.924924924924927,5.1290129884291696e-21,5.716049581035421e-26,1.0,1200,sintered
90090.0900900901,25.025025025025027,5.149611365297766e-21,5.716049581035421e-26,1.0,1200,sintered
90450.45045045046,25.125125125125127,5.170209742166362e-21,5.71604958103542e-26,1.0,1200,sintered
90810.81081081081,25.225225225225227,5.190808119034958e-21,5.71604958103542e-26,1.0,1200,sintered
91171.17117117118,25.325325325325327,5.2114064959035544e-21,5.716049581035419e-26,1.0,1200,sintered
91531.53153153154,25.425425425425427,5.23200487277215e-21,5.716049581035419e-26,1.0,1200,sintered
91891.8918918919,25.525525525525527,5.252603249640745e-21,5.716049581035418e-26,1.0,1200,sintered
92252.25225225226,25.625625625625627,5.2732016265093426e-21,5.716049581035418e-26,1.0,1200,sintered
92612.61261261262,25.725725725725727,5.293800003377938e-21,5.716049581035418e-26,1.0,1200,sintered
92972.97297297297,25.825825825825827,5.3143983802465335e-21,5.716049581035418e-26,1.0,1200,sintered
93333.33333333334,25.925925925925927,5.33499675711513e-21,5.716049581035417e-26,1.0,1200,sintered
93693.6936936937,26.026026026026027,5.355595133983726e-21,5.716049581035417e-26,1.0,1200,sintered
94054.05405405405,26.126126126126128,5.376193510852322e-21,5.716049581035417e-26,1.0,1200,sintered
94414.41441441442,26.226226226226228,5.396791887720918e-21,5.716049581035417e-26,1.0,1200,sintered
94774.77477477478,26.326326326326328,5.417390264589514e-21,5.716049581035417e-26,1.0,1200,sintered
95135.13513513513,26.426426426426428,5.43798864145811e-21,5.716049581035416e-26,1.0,1200,sintered
95495.4954954955,26.526526526526528,5.4585870183267066e-21,5.716049581035416e-26,1.0,1200,sintered
95855.85585585586,26.626626626626628,5.4791853951953024e-21,5.716049581035416e-26,1.0,1200,sintered
96216.21621621623,26.726726726726728,5.499783772063899e-21,5.716049581035416e-26,1.0,1200,sintered
96576.57657657658,26.826826826826828,5.520382148932495e-21,5.716049581035416e-26,1.0,1200,sintered
96936.93693693694,26.926926926926928,5.5409805258010906e-21,5.716049581035416e-26,1.0,1200,sintered
97297.29729729731,27.027027027027028,5.561578902669687e-21,5.716049581035416e-26,1.0,1200,sintered
97657.65765765766,27.127127127127128,5.582177279538283e-21,5.716049581035416e-26,1.0,1200,sintered
98018.01801801802,27.227227227227228,5.602775656406879e-21,5.716049581035416e-26,1.0,1200,sintered
98378.37837837839,27.32732732732733,5.6233740332754754e-21,5.716049581035416e-26,1.0,1200,sintered
98738.73873873874,27.42742742742743,5.643972410144071e-21,5.716049581035416e-26,1.0,1200,sintered
99099.0990990991,27.52752752752753,5.664570787012667e-21,5.716049581035415e-26,1.0,1200,sintered
99459.45945945947,27.62762762762763,5.685169163881264e-21,5.716049581035415e-26,1.0,1200,sintered
99819.81981981982,27.72772772772773,5.7057675407498595e-21,5.716049581035415e-26,1.0,1200,sintered
100180.18018018018,27.82782782782783,5.726365917618455e-21,5.716049581035415e-26,1.0,1200,sintered
100540.54054054055,27.92792792792793,5.746964294487052e-21,5.716049581035415e-26,1.0,1200,sintered
100900.9009009009,28.02802802802803,5.767562671355648e-21,5.716049581035415e-26,1.0,1200,sintered
101261.26126126126,28.12812812812813,5.7881610482242435e-21,5.716049581035415e-26,1.0,1200,sintered
101621.62162162163,28.22822822822823,5.80875942509284e-21,5.716049581035415e-26,1.0,1200,sintered
101981.98198198198,28.32832832832833,5.829357801961436e-21,5.716049581035415e-26,1.0,1200,sintered
102342.34234234234,28.42842842842843,5.849956178830032e-21,5.716049581035415e-26,1.0,1200,sintered
102702.7027027027,28.52852852852853,5.870554555698628e-21,5.716049581035415e-26,1.0,1200,sintered
103063.06306306306,28.62862862862863,5.891152932567224e-21,5.716049581035415e-26,1.0,1200,sintered
103423.42342342343,28.72872872872873,5.911751309435821e-21,5.716049581035415e-26,1.0,1200,sintered
103783.78378378379,28.82882882882883,5.9323496863044165e-21,5.716049581035415e-26,1.0,1200,sintered
104144.14414414414,28.92892892892893,5.952948063173012e-21,5.716049581035415e-26,1.0,1200,sintered
104504.50450450451,29.02902902902903,5.973546440041609e-21,5.716049581035415e-26,1.0,1200,sintered
104864.86486486487,29.12912912912913,5.994144816910205e-21,5.716049581035415e-26,1.0,1200,sintered
105225.22522522522,29.22922922922923,6.0147431937788006e-21,5.716049581035415e-26,1.0,1200,sintered
105585.58558558559,29.32932932932933,6.035341570647397e-21,5.716049581035415e-26,1.0,1200,sintered
105945.94594594595,29.42942942942943,6.055939947515993e-21,5.716049581035415e-26,1.0,1200,sintered
106306.3063063063,29.52952952952953,6.076538324384589e-21,5.716049581035415e-26,1.0,1200,sintered
106666.66666666667,29.62962962962963,6.0971367012531854e-21,5.716049581035415e-26,1.0,1200,sintered
107027.02702702703,29.72972972972973,6.117735078121781e-21,5.716049581035415e-26,1.0,1200,sintered
107387.38738738738,29.82982982982983,6.138333454990377e-21,5.716049581035415e-26,1.0,1200,sintered
107747.74774774777,29.929929929929934,6.1589318318589744e-21,5.716049581035415e-26,1.0,1200,sintered
108108.10810810812,30.030030030030034,6.17953020872757e-21,5.716049581035415e-26,1.0,1200,sintered
108468.46846846848,30.130130130130134,6.200128585596166e-21,5.716049581035415e-26,1.0,1200,sintered
108828.82882882885,30.230230230230234,6.2207269624647626e-21,5.716049581035415e-26,1.0,1200,sintered
109189.1891891892,30.330330330330334,6.2413253393333584e-21,5.716049581035415e-26,1.0,1200,sintered
109549.54954954956,30.430430430430434,6.261923716201954e-21,5.716049581035415e-26,1.0,1200,sintered
109909.90990990993,30.530530530530534,6.282522093070551e-21,5.716049581035415e-26,1.0,1200,sintered
110270.27027027028,30.630630630630634,6.303120469939147e-21,5.716049581035415e-26,1.0,1200,sintered
110630.63063063064,30.730730730730734,6.3237188468077425e-21,5.716049581035415e-26,1.0,1200,sintered
110990.990990991,30.830830830830834,6.344317223676339e-21,5.716049581035415e-26,1.0,1200,sintered
111351.35135135136,30.930930930930934,6.364915600544935e-21,5.716049581035415e-26,1.0,1200,sintered
111711.71171171172,31.031031031031034,6.385513977413531e-21,5.716049581035415e-26,1.0,1200,sintered
112072.07207207209,31.131131131131134,6.406112354282127e-21,5.716049581035415e-26,1.0,1200,sintered
112432.43243243244,31.231231231231234,6.426710731150723e-21,5.716049581035415e-26,1.0,1200,sintered
112792.79279279281,31.331331331331334,6.44730910801932e-21,5.716049581035415e-26,1.0,1200,sintered
113153.15315315317,31.431431431431434,6.4679074848879155e-21,5.716049581035415e-26,1.0,1200,sintered
113513.51351351352,31.531531531531535,6.488505861756511e-21,5.716049581035415e-26,1.0,1200,sintered
113873.87387387389,31.631631631631635,6.509104238625108e-21,5.716049581035415e-26,1.0,1200,sintered
114234.23423423425,31.731731731731735,6.529702615493704e-21,5.716049581035415e-26,1.0,1200,sintered
114594.5945945946,31.831831831831835,6.5503009923622996e-21,5.716049581035415e-26,1.0,1200,sintered
114954.95495495497,31.931931931931935,6.570899369230896e-21,5.716049581035415e-26,1.0,1200,sintered
115315.31531531533,32.032032032032035,6.591497746099492e-21,5.716049581035415e-26,1.0,1200,sintered
115675.67567567568,32.132132132132135,6.612096122968088e-21,5.716049581035415e-26,1.0,1200,sintered
116036.03603603605,32.232232232232235,6.6326944998366844e-21,5.716049581035415e-26,1.0,1200,sintered
116396.3963963964,32.332332332332335,6.65329287670528e-21,5.716049581035415e-26,1.0,1200,sintered
116756.75675675676,32.432432432432435,6.673891253573876e-21,5.716049581035415e-26,1.0,1200,sintered
117117.11711711713,32.532532532532535,6.6944896304424726e-21,5.716049581035415e-26,1.0,1200,sintered
117477.47747747749,32.632632632632635,6.7150880073110684e-21,5.716049581035415e-26,1.0,1200,sintered
117837.83783783784,32.732732732732735,6.735686384179664e-21,5.716049581035415e-26,1.0,1200,sintered
118198.19819819821,32.832832832832835,6.756284761048261e-21,5.716049581035415e-26,1.0,1200,sintered
118558.55855855856,32.932932932932935,6.776883137916857e-21,5.716049581035415e-26,1.0,1200,sintered
118918.91891891893,33.033033033033036,6.797481514785453e-21,5.716049581035415e-26,1.0,1200,sintered
119279.27927927929,33.133133133133136,6.818079891654049e-21,5.716049581035415e-26,1.0,1200,sintered
119639.63963963964,33.233233233233236,6.838678268522645e-21,5.716049581035415e-26,1.0,1200,sintered
120000.00000000001,33.333333333333336,6.859276645391242e-21,5.716049581035415e-26,1.0,1200,sintered
120360.36036036037,33.433433433433436,6.879875022259838e-21,5.716049581035415e-26,1.0,1200,sintered
120720.72072072072,33.533533533533536,6.900473399128434e-21,5.716049581035415e-26,1.0,1200,sintered
121081.0810810811,33.633633633633636,6.92107177599703e-21,5.716049581035415e-26,1.0,1200,sintered
121441.44144144145,33.733733733733736,6.941670152865626e-21,5.716049581035415e-26,1.0,1200,sintered
121801.8018018018,33.833833833833836,6.962268529734221e-21,5.716049581035415e-26,1.0,1200,sintered
122162.16216216217,33.933933933933936,6.982866906602819e-21,5.716049581035415e-26,1.0,1200,sintered
122522.52252252253,34.034034034034036,7.003465283471414e-21,5.716049581035415e-26,1.0,1200,sintered
122882.88288288288,34.134134134134136,7.02406366034001e-21,5.716049581035415e-26,1.0,1200,sintered
123243.24324324325,34.234234234234236,7.044662037208606e-21,5.716049581035415e-26,1.0,1200,sintered
123603.60360360361,34.334334334334336,7.065260414077202e-21,5.716049581035415e-26,1.0,1200,sintered
123963.96396396396,34.434434434434436,7.085858790945798e-21,5.716049581035415e-26,1.0,1200,sintered
124324.32432432433,34.53453453453454,7.106457167814395e-21,5.716049581035415e-26,1.0,1200,sintered
124684.68468468469,34.63463463463464,7.127055544682991e-21,5.716049581035415e-26,1.0,1200,sintered
125045.04504504506,34.73473473473474,7.147653921551587e-21,5.716049581035415e-26,1.0,1200,sintered
125405.40540540541,34.83483483483484,7.168252298420183e-21,5.716049581035415e-26,1.0,1200,sintered
125765.76576576577,34.93493493493494,7.188850675288778e-21,5.716049581035415e-26,1.0,1200,sintered
126126.12612612614,35.03503503503504,7.209449052157376e-21,5.716049581035415e-26,1.0,1200,sintered
126486.4864864865,35.13513513513514,7.230047429025972e-21,5.716049581035415e-26,1.0,1200,sintered
126846.84684684685,35.23523523523524,7.250645805894567e-21,5.716049581035415e-26,1.0,1200,sintered
127207.20720720722,35.33533533533534,7.271244182763163e-21,5.716049581035415e-26,1.0,1200,sintered
127567.56756756757,35.43543543543544,7.291842559631759e-21,5.716049581035415e-26,1.0,1200,sintered
127927.92792792793,35.53553553553554,7.312440936500355e-21,5.716049581035415e-26,1.0,1200,sintered
128288.2882882883,35.63563563563564,7.333039313368952e-21,5.716049581035415e-26,1.0,1200,sintered
128648.64864864865,35.73573573573574,7.353637690237548e-21,5.716049581035415e-26,1.0,1200,sintered
129009.00900900901,35.83583583583584,7.374236067106144e-21,5.716049581035415e-26,1.0,1200,sintered
129369.36936936938,35.93593593593594,7.39483444397474e-21,5.716049581035415e-26,1.0,1200,sintered
129729.72972972973,36.03603603603604,7.415432820843336e-21,5.716049581035415e-26,1.0,1200,sintered
130090.09009009009,36.13613613613614,7.436031197711931e-21,5.716049581035415e-26,1.0,1200,sintered
130450.45045045046,36.23623623623624,7.456629574580529e-21,5.716049581035415e-26,1.0,1200,sintered
130810.81081081081,36.33633633633634,7.477227951449124e-21,5.716049581035415e-26,1.0,1200,sintered
131171.17117117118,36.43643643643644,7.49782632831772e-21,5.716049581035415e-26,1.0,1200,sintered
131531.53153153154,36.53653653653654,7.518424705186316e-21,5.716049581035415e-26,1.0,1200,sintered
131891.8918918919,36.63663663663664,7.539023082054912e-21,5.716049581035415e-26,1.0,1200,sintered
132252.25225225225,36.73673673673674,7.559621458923508e-21,5.716049581035415e-26,1.0,1200,sintered
132612.6126126126,36.83683683683684,7.580219835792104e-21,5.716049581035415e-26,1.0,1200,sintered
132972.972972973,36.93693693693694,7.600818212660701e-21,5.716049581035415e-26,1.0,1200,sintered
133333.33333333334,37.03703703703704,7.621416589529297e-21,5.716049581035415e-26,1.0,1200,sintered
133693.6936936937,37.13713713713714,7.642014966397893e-21,5.716049581035415e-26,1.0,1200,sintered
134054.05405405405,37.23723723723724,7.662613343266488e-21,5.716049581035415e-26,1.0,1200,sintered
134414.4144144144,37.33733733733734,7.683211720135084e-21,5.716049581035415e-26,1.0,1200,sintered
134774.7747747748,37.43743743743744,7.703810097003682e-21,5.716049581035415e-26,1.0,1200,sintered
135135.13513513515,37.53753753753754,7.724408473872277e-21,5.716049581035415e-26,1.0,1200,sintered
135495.4954954955,37.63763763763764,7.745006850740873e-21,5.716049581035415e-26,1.0,1200,sintered
135855.85585585586,37.73773773773774,7.765605227609469e-21,5.716049581035415e-26,1.0,1200,sintered
136216.2162162162,37.83783783783784,7.786203604478065e-21,5.716049581035415e-26,1.0,1200,sintered
136576.57657657657,37.93793793793794,7.80680198134666e-21,5.716049581035415e-26,1.0,1200,sintered
136936.93693693695,38.03803803803804,7.827400358215258e-21,5.716049581035415e-26,1.0,1200,sintered
137297.2972972973,38.13813813813814,7.847998735083854e-21,5.716049581035415e-26,1.0,1200,sintered
137657.65765765766,38.23823823823824,7.86859711195245e-21,5.716049581035415e-26,1.0,1200,sintered
138018.01801801802,38.33833833833834,7.889195488821046e-21,5.716049581035415e-26,1.0,1200,sintered
138378.37837837837,38.43843843843844,7.909793865689641e-21,5.716049581035415e-26,1.0,1200,sintered
138738.73873873873,38.53853853853854,7.930392242558237e-21,5.716049581035415e-26,1.0,1200,sintered
139099.0990990991,38.63863863863864,7.950990619426834e-21,5.716049581035415e-26,1.0,1200,sintered
139459.45945945947,38.73873873873874,7.97158899629543e-21,5.716049581035415e-26,1.0,1200,sintered
139819.81981981982,38.83883883883884,7.992187373164026e-21,5.716049581035415e-26,1.0,1200,sintered
140180.18018018018,38.93893893893894,8.012785750032622e-21,5.716049581035415e-26,1.0,1200,sintered
140540.54054054053,39.03903903903904,8.033384126901218e-21,5.716049581035415e-26,1.0,1200,sintered
140900.9009009009,39.13913913913914,8.053982503769814e-21,5.716049581035415e-26,1.0,1200,sintered
141261.26126126127,39.23923923923924,8.074580880638411e-21,5.716049581035415e-26,1.0,1200,sintered
141621.62162162163,39.33933933933934,8.095179257507007e-21,5.716049581035415e-26,1.0,1200,sintered
141981.98198198198,39.43943943943944,8.115777634375603e-21,5.716049581035415e-26,1.0,1200,sintered
142342.34234234234,39.53953953953954,8.136376011244198e-21,5.716049581035415e-26,1.0,1200,sintered
142702.7027027027,39.63963963963964,8.156974388112794e-21,5.716049581035415e-26,1.0,1200,sintered
143063.06306306308,39.73973973973974,8.177572764981392e-21,5.716049581035415e-26,1.0,1200,sintered
143423.42342342343,39.83983983983984,8.198171141849987e-21,5.716049581035415e-26,1.0,1200,sintered
143783.7837837838,39.93993993993994,8.218769518718583e-21,5.716049581035415e-26,1.0,1200,sintered
144144.14414414414,40.04004004004004,8.239367895587179e-21,5.716049581035415e-26,1.0,1200,sintered
144504.5045045045,40.14014014014014,8.259966272455775e-21,5.716049581035415e-26,1.0,1200,sintered
144864.86486486485,40.24024024024024,8.28056464932437e-21,5.716049581035415e-26,1.0,1200,sintered
145225.22522522524,40.34034034034034,8.301163026192968e-21,5.716049581035415e-26,1.0,1200,sintered
145585.5855855856,40.44044044044044,8.321761403061564e-21,5.716049581035415e-26,1.0,1200,sintered
145945.94594594595,40.54054054054054,8.34235977993016e-21,5.716049581035415e-26,1.0,1200,sintered
146306.3063063063,40.64064064064064,8.362958156798756e-21,5.716049581035415e-26,1.0,1200,sintered
146666.66666666666,40.74074074074074,8.383556533667351e-21,5.716049581035415e-26,1.0,1200,sintered
147027.027027027,40.84084084084084,8.404154910535947e-21,5.716049581035415e-26,1.0,1200,sintered
147387.3873873874,40.94094094094094,8.424753287404544e-21,5.716049581035415e-26,1.0,1200,sintered
147747.74774774775,41.04104104104104,8.44535166427314e-21,5.716049581035415e-26,1.0,1200,sintered
148108.1081081081,41.14114114114114,8.465950041141736e-21,5.716049581035415e-26,1.0,1200,sintered
148468.46846846846,41.24124124124124,8.486548418010332e-21,5.716049581035415e-26,1.0,1200,sintered
148828.82882882882,41.34134134134134,8.507146794878928e-21,5.716049581035415e-26,1.0,1200,sintered
149189.1891891892,41.44144144144144,8.527745171747525e-21,5.716049581035415e-26,1.0,1200,sintered
149549.54954954956,41.54154154154154,8.548343548616121e-21,5.716049581035415e-26,1.0,1200,sintered
149909.9099099099,41.64164164164164,8.568941925484717e-21,5.716049581035415e-26,1.0,1200,sintered
150270.27027027027,41.74174174174174,8.589540302353313e-21,5.716049581035415e-26,1.0,1200,sintered
150630.63063063062,41.84184184184184,8.610138679221908e-21,5.716049581035415e-26,1.0,1200,sintered
150990.99099099098,41.94194194194194,8.630737056090504e-21,5.716049581035415e-26,1.0,1200,sintered
151351.35135135136,42.04204204204204,8.651335432959102e-21,5.716049581035415e-26,1.0,1200,sintered
151711.71171171172,42.14214214214214,8.671933809827697e-21,5.716049581035415e-26,1.0,1200,sintered
152072.07207207207,42.24224224224224,8.692532186696293e-21,5.716049581035415e-26,1.0,1200,sintered
152432.43243243243,42.34234234234234,8.713130563564889e-21,5.716049581035415e-26,1.0,1200,sintered
152792.79279279278,42.44244244244244,8.733728940433485e-21,5.716049581035415e-26,1.0,1200,sintered
153153.15315315314,42.54254254254254,8.75432731730208e-21,5.716049581035415e-26,1.0,1200,sintered
153513.51351351352,42.64264264264264,8.774925694170678e-21,5.716049581035415e-26,1.0,1200,sintered
153873.8738738739,42.74274274274275,8.795524071039275e-21,5.716049581035415e-26,1.0,1200,sintered
154234.23423423426,42.84284284284285,8.816122447907871e-21,5.716049581035415e-26,1.0,1200,sintered
154594.59459459462,42.94294294294295,8.836720824776467e-21,5.716049581035415e-26,1.0,1200,sintered
154954.95495495497,43.04304304304305,8.857319201645063e-21,5.716049581035415e-26,1.0,1200,sintered
155315.31531531533,43.14314314314315,8.877917578513659e-21,5.716049581035415e-26,1.0,1200,sintered
155675.6756756757,43.24324324324325,8.898515955382256e-21,5.716049581035415e-26,1.0,1200,sintered
156036.03603603606,43.34334334334335,8.919114332250852e-21,5.716049581035415e-26,1.0,1200,sintered
156396.39639639642,43.44344344344345,8.939712709119448e-21,5.716049581035415e-26,1.0,1200,sintered
156756.75675675677,43.54354354354355,8.960311085988043e-21,5.716049581035415e-26,1.0,1200,sintered
157117.11711711713,43.64364364364365,8.98090946285664e-21,5.716049581035415e-26,1.0,1200,sintered
157477.47747747749,43.74374374374375,9.001507839725235e-21,5.716049581035415e-26,1.0,1200,sintered
157837.83783783787,43.84384384384385,9.022106216593832e-21,5.716049581035415e-26,1.0,1200,sintered
158198.19819819822,43.94394394394395,9.042704593462428e-21,5.716049581035415e-26,1.0,1200,sintered
158558.55855855858,44.04404404404405,9.063302970331024e-21,5.716049581035415e-26,1.0,1200,sintered
158918.91891891893,44.14414414414415,9.08390134719962e-21,5.716049581035415e-26,1.0,1200,sintered
159279.2792792793,44.24424424424425,9.104499724068216e-21,5.716049581035415e-26,1.0,1200,sintered
159639.63963963967,44.34434434434435,9.125098100936813e-21,5.716049581035415e-26,1.0,1200,sintered
160000.00000000003,44.44444444444445,9.145696477805409e-21,5.716049581035415e-26,1.0,1200,sintered
160360.36036036038,44.54454454454455,9.166294854674005e-21,5.716049581035415e-26,1.0,1200,sintered
160720.72072072074,44.64464464464465,9.1868932315426e-21,5.716049581035415e-26,1.0,1200,sintered
161081.0810810811,44.74474474474475,9.207491608411196e-21,5.716049581035415e-26,1.0,1200,sintered
161441.44144144145,44.84484484484485,9.228089985279792e-21,5.716049581035415e-26,1.0,1200,sintered
161801.80180180183,44.94494494494495,9.24868836214839e-21,5.716049581035415e-26,1.0,1200,sintered
162162.1621621622,45.04504504504505,9.269286739016985e-21,5.716049581035415e-26,1.0,1200,sintered
162522.52252252254,45.14514514514515,9.289885115885581e-21,5.716049581035415e-26,1.0,1200,sintered
162882.8828828829,45.24524524524525,9.310483492754177e-21,5.716049581035415e-26,1.0,1200,sintered
163243.24324324325,45.34534534534535,9.331081869622773e-21,5.716049581035415e-26,1.0,1200,sintered
163603.6036036036,45.44544544544545,9.351680246491369e-21,5.716049581035415e-26,1.0,1200,sintered
163963.963963964,45.54554554554555,9.372278623359966e-21,5.716049581035415e-26,1.0,1200,sintered
164324.32432432435,45.64564564564565,9.392877000228562e-21,5.716049581035415e-26,1.0,1200,sintered
164684.6846846847,45.74574574574575,9.413475377097158e-21,5.716049581035415e-26,1.0,1200,sintered
165045.04504504506,45.84584584584585,9.434073753965753e-21,5.716049581035415e-26,1.0,1200,sintered
165405.4054054054,45.94594594594595,9.45467213083435e-21,5.716049581035415e-26,1.0,1200,sintered
165765.76576576577,46.04604604604605,9.475270507702945e-21,5.716049581035415e-26,1.0,1200,sintered
166126.12612612615,46.14614614614615,9.495868884571542e-21,5.716049581035415e-26,1.0,1200,sintered
166486.4864864865,46.24624624624625,9.516467261440138e-21,5.716049581035415e-26,1.0,1200,sintered
166846.84684684686,46.34634634634635,9.537065638308734e-21,5.716049581035415e-26,1.0,1200,sintered
167207.20720720722,46.44644644644645,9.55766401517733e-21,5.716049581035415e-26,1.0,1200,sintered
167567.56756756757,46.54654654654655,9.578262392045926e-21,5.716049581035415e-26,1.0,1200,sintered
167927.92792792796,46.64664664664665,9.598860768914523e-21,5.716049581035415e-26,1.0,1200,sintered
168288.2882882883,46.74674674674675,9.619459145783119e-21,5.716049581035415e-26,1.0,1200,sintered
168648.64864864867,46.84684684684685,9.640057522651715e-21,5.716049581035415e-26,1.0,1200,sintered
169009.00900900902,46.94694694694695,9.66065589952031e-21,5.716049581035415e-26,1.0,1200,sintered
169369.36936936938,47.04704704704705,9.681254276388906e-21,5.716049581035415e-26,1.0,1200,sintered
169729.72972972973,47.14714714714715,9.701852653257502e-21,5.716049581035415e-26,1.0,1200,sintered
170090.09009009012,47.24724724724725,9.7224510301261e-21,5.716049581035415e-26,1.0,1200,sintered
170450.45045045047,47.34734734734735,9.743049406994695e-21,5.716049581035415e-26,1.0,1200,sintered
170810.81081081083,47.44744744744745,9.763647783863291e-21,5.716049581035415e-26,1.0,1200,sintered
171171.17117117118,47.54754754754755,9.784246160731887e-21,5.716049581035415e-26,1.0,1200,sintered
171531.53153153154,47.64764764764765,9.804844537600483e-21,5.716049581035415e-26,1.0,1200,sintered
171891.8918918919,47.74774774774775,9.825442914469079e-21,5.716049581035415e-26,1.0,1200,sintered
172252.25225225228,47.84784784784785,9.846041291337676e-21,5.716049581035415e-26,1.0,1200,sintered
172612.61261261263,47.94794794794795,9.866639668206272e-21,5.716049581035415e-26,1.0,1200,sintered
172972.972972973,48.04804804804805,9.887238045074868e-21,5.716049581035415e-26,1.0,1200,sintered
173333.33333333334,48.14814814814815,9.907836421943463e-21,5.716049581035415e-26,1.0,1200,sintered
173693.6936936937,48.24824824824825,9.92843479881206e-21,5.716049581035415e-26,1.0,1200,sintered
174054.05405405408,48.34834834834835,9.949033175680657e-21,5.716049581035415e-26,1.0,1200,sintered
174414.41441441444,48.44844844844845,9.969631552549252e-21,5.716049581035415e-26,1.0,1200,sintered
174774.7747747748,48.54854854854855,9.990229929417848e-21,5.716049581035415e-26,1.0,1200,sintered
175135.13513513515,48.64864864864865,1.0010828306286444e-20,5.716049581035415e-26,1.0,1200,sintered
175495.4954954955,48.74874874874875,1.003142668315504e-20,5.716049581035415e-26,1.0,1200,sintered
175855.85585585586,48.84884884884885,1.0052025060023636e-20,5.716049581035415e-26,1.0,1200,sintered
176216.21621621624,48.94894894894895,1.0072623436892233e-20,5.716049581035415e-26,1.0,1200,sintered
176576.5765765766,49.04904904904905,1.0093221813760829e-20,5.716049581035415e-26,1.0,1200,sintered
176936.93693693695,49.14914914914915,1.0113820190629425e-20,5.716049581035415e-26,1.0,1200,sintered
177297.2972972973,49.24924924924925,1.013441856749802e-20,5.716049581035415e-26,1.0,1200,sintered
177657.65765765766,49.34934934934935,1.0155016944366616e-20,5.716049581035415e-26,1.0,1200,sintered
178018.01801801802,49.44944944944945,1.0175615321235212e-20,5.716049581035415e-26,1.0,1200,sintered
178378.3783783784,49.54954954954955,1.019621369810381e-20,5.716049581035415e-26,1.0,1200,sintered
178738.73873873876,49.64964964964965,1.0216812074972405e-20,5.716049581035415e-26,1.0,1200,sintered
179099.0990990991,49.74974974974975,1.0237410451841001e-20,5.716049581035415e-26,1.0,1200,sintered
179459.45945945947,49.84984984984985,1.0258008828709597e-20,5.716049581035415e-26,1.0,1200,sintered
179819.81981981982,49.94994994994995,1.0278607205578193e-20,5.716049581035415e-26,1.0,1200,sintered
180180.1801801802,50.050050050050054,1.029920558244679e-20,5.716049581035415e-26,1.0,1200,sintered
180540.54054054056,50.150150150150154,1.0319803959315386e-20,5.716049581035415e-26,1.0,1200,sintered
180900.90090090092,50.250250250250254,1.0340402336183982e-20,5.716049581035415e-26,1.0,1200,sintered
181261.26126126127,50.350350350350354,1.0361000713052578e-20,5.716049581035415e-26,1.0,1200,sintered
181621.62162162163,50.450450450450454,1.0381599089921173e-20,5.716049581035415e-26,1.0,1200,sintered
181981.98198198198,50.550550550550554,1.0402197466789768e-20,5.716049581035415e-26,1.0,1200,sintered
182342.34234234237,50.650650650650654,1.0422795843658367e-20,5.716049581035415e-26,1.0,1200,sintered
182702.70270270272,50.750750750750754,1.0443394220526962e-20,5.716049581035415e-26,1.0,1200,sintered
183063.06306306308,50.850850850850854,1.0463992597395558e-20,5.716049581035415e-26,1.0,1200,sintered
183423.42342342343,50.950950950950954,1.0484590974264153e-20,5.716049581035415e-26,1.0,1200,sintered
183783.7837837838,51.051051051051054,1.0505189351132748e-20,5.716049581035415e-26,1.0,1200,sintered
184144.14414414414,51.151151151151154,1.0525787728001344e-20,5.716049581035415e-26,1.0,1200,sintered
184504.50450450453,51.251251251251254,1.0546386104869943e-20,5.716049581035415e-26,1.0,1200,sintered
184864.86486486488,51.351351351351354,1.0566984481738539e-20,5.716049581035415e-26,1.0,1200,sintered
185225.22522522524,51.451451451451454,1.0587582858607133e-20,5.716049581035415e-26,1.0,1200,sintered
185585.5855855856,51.551551551551555,1.0608181235475729e-20,5.716049581035415e-26,1.0,1200,sintered
185945.94594594595,51.651651651651655,1.0628779612344325e-20,5.716049581035415e-26,1.0,1200,sintered
186306.30630630633,51.751751751751755,1.0649377989212924e-20,5.716049581035415e-26,1.0,1200,sintered
186666.6666666667,51.851851851851855,1.0669976366081518e-20,5.716049581035415e-26,1.0,1200,sintered
187027.02702702704,51.951951951951955,1.0690574742950114e-20,5.716049581035415e-26,1.0,1200,sintered
187387.3873873874,52.052052052052055,1.071117311981871e-20,5.716049581035415e-26,1.0,1200,sintered
187747.74774774775,52.152152152152155,1.0731771496687305e-20,5.716049581035415e-26,1.0,1200,sintered
188108.1081081081,52.252252252252255,1.0752369873555901e-20,5.716049581035415e-26,1.0,1200,sintered
188468.4684684685,52.352352352352355,1.0772968250424499e-20,5.716049581035415e-26,1.0,1200,sintered
188828.82882882885,52.452452452452455,1.0793566627293094e-20,5.716049581035415e-26,1.0,1200,sintered
189189.1891891892,52.552552552552555,1.081416500416169e-20,5.716049581035415e-26,1.0,1200,sintered
189549.54954954956,52.652652652652655,1.0834763381030286e-20,5.716049581035415e-26,1.0,1200,sintered
189909.9099099099,52.752752752752755,1.0855361757898882e-20,5.716049581035415e-26,1.0,1200,sintered
190270.27027027027,52.852852852852855,1.0875960134767478e-20,5.716049581035415e-26,1.0,1200,sintered
190630.63063063065,52.952952952952955,1.0896558511636075e-20,5.716049581035415e-26,1.0,1200,sintered
190990.990990991,53.053053053053056,1.0917156888504671e-20,5.716049581035415e-26,1.0,1200,sintered
191351.35135135136,53.153153153153156,1.0937755265373267e-20,5.716049581035415e-26,1.0,1200,sintered
191711.71171171172,53.253253253253256,1.0958353642241863e-20,5.716049581035415e-26,1.0,1200,sintered
192072.07207207207,53.353353353353356,1.0978952019110458e-20,5.716049581035415e-26,1.0,1200,sintered
192432.43243243246,53.453453453453456,1.0999550395979056e-20,5.716049581035415e-26,1.0,1200,sintered
192792.7927927928,53.553553553553556,1.1020148772847652e-20,5.716049581035415e-26,1.0,1200,sintered
193153.15315315317,53.653653653653656,1.1040747149716247e-20,5.716049581035415e-26,1.0,1200,sintered
193513.51351351352,53.753753753753756,1.1061345526584843e-20,5.716049581035415e-26,1.0,1200,sintered
193873.87387387388,53.853853853853856,1.1081943903453439e-20,5.716049581035415e-26,1.0,1200,sintered
194234.23423423423,53.953953953953956,1.1102542280322035e-20,5.716049581035415e-26,1.0,1200,sintered
194594.59459459462,54.054054054054056,1.1123140657190632e-20,5.716049581035415e-26,1.0,1200,sintered
194954.95495495497,54.154154154154156,1.1143739034059228e-20,5.716049581035415e-26,1.0,1200,sintered
195315.31531531533,54.254254254254256,1.1164337410927824e-20,5.716049581035415e-26,1.0,1200,sintered
195675.67567567568,54.354354354354356,1.118493578779642e-20,5.716049581035415e-26,1.0,1200,sintered
196036.03603603604,54.454454454454456,1.1205534164665015e-20,5.716049581035415e-26,1.0,1200,sintered
196396.3963963964,54.55455455455456,1.1226132541533611e-20,5.716049581035415e-26,1.0,1200,sintered
196756.75675675677,54.65465465465466,1.1246730918402209e-20,5.716049581035415e-26,1.0,1200,sintered
197117.11711711713,54.75475475475476,1.1267329295270804e-20,5.716049581035415e-26,1.0,1200,sintered
197477.47747747749,54.85485485485486,1.12879276721394e-20,5.716049581035415e-26,1.0,1200,sintered
197837.83783783784,54.95495495495496,1.1308526049007996e-20,5.716049581035415e-26,1.0,1200,sintered
198198.1981981982,55.05505505505506,1.1329124425876592e-20,5.716049581035415e-26,1.0,1200,sintered
198558.55855855855,55.15515515515516,1.1349722802745188e-20,5.716049581035415e-26,1.0,1200,sintered
198918.91891891893,55.25525525525526,1.1370321179613785e-20,5.716049581035415e-26,1.0,1200,sintered
199279.2792792793,55.35535535535536,1.1390919556482381e-20,5.716049581035415e-26,1.0,1200,sintered
199639.63963963964,55.45545545545546,1.1411517933350977e-20,5.716049581035415e-26,1.0,1200,sintered
200000.0,55.55555555555556,1.1432116310219573e-20,5.716049581035415e-26,1.0,1200,sintered
200360.36036036036,55.65565565565566,1.1452714687088168e-20,5.716049581035415e-26,1.0,1200,sintered
200720.72072072074,55.75575575575576,1.1473313063956766e-20,5.716049581035415e-26,1.0,1200,sintered
201081.0810810811,55.85585585585586,1.1493911440825362e-20,5.716049581035415e-26,1.0,1200,sintered
201441.44144144145,55.95595595595596,1.1514509817693957e-20,5.716049581035415e-26,1.0,1200,sintered
201801.8018018018,56.05605605605606,1.1535108194562553e-20,5.716049581035415e-26,1.0,1200,sintered
202162.16216216216,56.15615615615616,1.1555706571431149e-20,5.716049581035415e-26,1.0,1200,sintered
202522.52252252251,56.25625625625626,1.1576304948299745e-20,5.716049581035415e-26,1.0,1200,sintered
202882.8828828829,56.35635635635636,1.1596903325168342e-20,5.716049581035415e-26,1.0,1200,sintered
203243.24324324325,56.45645645645646,1.1617501702036938e-20,5.716049581035415e-26,1.0,1200,sintered
203603.6036036036,56.55655655655656,1.1638100078905534e-20,5.716049581035415e-26,1.0,1200,sintered
203963.96396396396,56.65665665665666,1.165869845577413e-20,5.716049581035415e-26,1.0,1200,sintered
204324.32432432432,56.75675675675676,1.1679296832642725e-20,5.716049581035415e-26,1.0,1200,sintered
204684.68468468467,56.85685685685686,1.1699895209511321e-20,5.716049581035415e-26,1.0,1200,sintered
205045.04504504506,56.95695695695696,1.1720493586379919e-20,5.716049581035415e-26,1.0,1200,sintered
205405.4054054054,57.05705705705706,1.1741091963248514e-20,5.716049581035415e-26,1.0,1200,sintered
205765.76576576577,57.15715715715716,1.176169034011711e-20,5.716049581035415e-26,1.0,1200,sintered
206126.12612612612,57.25725725725726,1.1782288716985706e-20,5.716049581035415e-26,1.0,1200,sintered
206486.48648648648,57.35735735735736,1.1802887093854302e-20,5.716049581035415e-26,1.0,1200,sintered
206846.84684684686,57.45745745745746,1.18234854707229e-20,5.716049581035415e-26,1.0,1200,sintered
207207.20720720722,57.55755755755756,1.1844083847591495e-20,5.716049581035415e-26,1.0,1200,sintered
207567.56756756757,57.65765765765766,1.1864682224460091e-20,5.716049581035415e-26,1.0,1200,sintered
207927.92792792793,57.75775775775776,1.1885280601328687e-20,5.716049581035415e-26,1.0,1200,sintered
208288.28828828828,57.85785785785786,1.1905878978197283e-20,5.716049581035415e-26,1.0,1200,sintered
208648.64864864864,57.95795795795796,1.1926477355065878e-20,5.716049581035415e-26,1.0,1200,sintered
209009.00900900902,58.05805805805806,1.1947075731934476e-20,5.716049581035415e-26,1.0,1200,sintered
209369.36936936938,58.15815815815816,1.1967674108803072e-20,5.716049581035415e-26,1.0,1200,sintered
209729.72972972973,58.25825825825826,1.1988272485671667e-20,5.716049581035415e-26,1.0,1200,sintered
210090.0900900901,58.35835835835836,1.2008870862540263e-20,5.716049581035415e-26,1.0,1200,sintered
210450.45045045044,58.45845845845846,1.2029469239408859e-20,5.716049581035415e-26,1.0,1200,sintered
210810.8108108108,58.55855855855856,1.2050067616277455e-20,5.716049581035415e-26,1.0,1200,sintered
211171.17117117118,58.65865865865866,1.2070665993146052e-20,5.716049581035415e-26,1.0,1200,sintered
211531.53153153154,58.75875875875876,1.2091264370014648e-20,5.716049581035415e-26,1.0,1200,sintered
211891.8918918919,58.85885885885886,1.2111862746883244e-20,5.716049581035415e-26,1.0,1200,sintered
212252.25225225225,58.95895895895896,1.213246112375184e-20,5.716049581035415e-26,1.0,1200,sintered
212612.6126126126,59.05905905905906,1.2153059500620435e-20,5.716049581035415e-26,1.0,1200,sintered
212972.972972973,59.15915915915916,1.2173657877489033e-20,5.716049581035415e-26,1.0,1200,sintered
213333.33333333334,59.25925925925926,1.2194256254357629e-20,5.716049581035415e-26,1.0,1200,sintered
213693.6936936937,59.35935935935936,1.2214854631226224e-20,5.716049581035415e-26,1.0,1200,sintered
214054.05405405405,59.45945945945946,1.223545300809482e-20,5.716049581035415e-26,1.0,1200,sintered
214414.4144144144,59.55955955955956,1.2256051384963416e-20,5.716049581035415e-26,1.0,1200,sintered
214774.77477477476,59.65965965965966,1.2276649761832012e-20,5.716049581035415e-26,1.0,1200,sintered
215135.13513513515,59.75975975975976,1.229724813870061e-20,5.716049581035415e-26,1.0,1200,sintered
215495.49549549553,59.85985985985987,1.2317846515569207e-20,5.716049581035415e-26,1.0,1200,sintered
215855.8558558559,59.95995995995997,1.2338444892437802e-20,5.716049581035415e-26,1.0,1200,sintered
216216.21621621624,60.06006006006007,1.2359043269306398e-20,5.716049581035415e-26,1.0,1200,sintered
216576.5765765766,60.16016016016017,1.2379641646174994e-20,5.716049581035415e-26,1.0,1200,sintered
216936.93693693695,60.26026026026027,1.240024002304359e-20,5.716049581035415e-26,1.0,1200,sintered
217297.29729729734,60.36036036036037,1.2420838399912187e-20,5.716049581035415e-26,1.0,1200,sintered
217657.6576576577,60.46046046046047,1.2441436776780783e-20,5.716049581035415e-26,1.0,1200,sintered
218018.01801801805,60.56056056056057,1.2462035153649379e-20,5.716049581035415e-26,1.0,1200,sintered
218378.3783783784,60.66066066066067,1.2482633530517975e-20,5.716049581035415e-26,1.0,1200,sintered
218738.73873873876,60.76076076076077,1.250323190738657e-20,5.716049581035415e-26,1.0,1200,sintered
219099.0990990991,60.86086086086087,1.2523830284255166e-20,5.716049581035415e-26,1.0,1200,sintered
219459.4594594595,60.96096096096097,1.2544428661123764e-20,5.716049581035415e-26,1.0,1200,sintered
219819.81981981985,61.06106106106107,1.256502703799236e-20,5.716049581035415e-26,1.0,1200,sintered
220180.1801801802,61.16116116116117,1.2585625414860955e-20,5.716049581035415e-26,1.0,1200,sintered
220540.54054054056,61.26126126126127,1.2606223791729551e-20,5.716049581035415e-26,1.0,1200,sintered
220900.90090090092,61.36136136136137,1.2626822168598147e-20,5.716049581035415e-26,1.0,1200,sintered
221261.26126126127,61.46146146146147,1.2647420545466743e-20,5.716049581035415e-26,1.0,1200,sintered
221621.62162162166,61.56156156156157,1.266801892233534e-20,5.716049581035415e-26,1.0,1200,sintered
221981.981981982,61.66166166166167,1.2688617299203936e-20,5.716049581035415e-26,1.0,1200,sintered
222342.34234234237,61.76176176176177,1.2709215676072532e-20,5.716049581035415e-26,1.0,1200,sintered
222702.70270270272,61.86186186186187,1.2729814052941128e-20,5.716049581035415e-26,1.0,1200,sintered
223063.06306306308,61.96196196196197,1.2750412429809723e-20,5.716049581035415e-26,1.0,1200,sintered
223423.42342342343,62.06206206206207,1.277101080667832e-20,5.716049581035415e-26,1.0,1200,sintered
223783.78378378382,62.16216216216217,1.2791609183546917e-20,5.716049581035415e-26,1.0,1200,sintered
224144.14414414417,62.26226226226227,1.2812207560415512e-20,5.716049581035415e-26,1.0,1200,sintered
224504.50450450453,62.36236236236237,1.2832805937284108e-20,5.716049581035415e-26,1.0,1200,sintered
224864.86486486488,62.46246246246247,1.2853404314152704e-20,5.716049581035415e-26,1.0,1200,sintered
225225.22522522524,62.56256256256257,1.28740026910213e-20,5.716049581035415e-26,1.0,1200,sintered
225585.58558558562,62.66266266266267,1.2894601067889897e-20,5.716049581035415e-26,1.0,1200,sintered
225945.94594594598,62.76276276276277,1.2915199444758493e-20,5.716049581035415e-26,1.0,1200,sintered
226306.30630630633,62.86286286286287,1.2935797821627089e-20,5.716049581035415e-26,1.0,1200,sintered
226666.6666666667,62.96296296296297,1.2956396198495685e-20,5.716049581035415e-26,1.0,1200,sintered
227027.02702702704,63.06306306306307,1.297699457536428e-20,5.716049581035415e-26,1.0,1200,sintered
227387.3873873874,63.16316316316317,1.2997592952232876e-20,5.716049581035415e-26,1.0,1200,sintered
227747.74774774778,63.26326326326327,1.3018191329101474e-20,5.716049581035415e-26,1.0,1200,sintered
228108.10810810814,63.36336336336337,1.303878970597007e-20,5.716049581035415e-26,1.0,1200,sintered
228468.4684684685,63.46346346346347,1.3059388082838665e-20,5.716049581035415e-26,1.0,1200,sintered
228828.82882882885,63.56356356356357,1.3079986459707261e-20,5.716049581035415e-26,1.0,1200,sintered
229189.1891891892,63.66366366366367,1.3100584836575857e-20,5.716049581035415e-26,1.0,1200,sintered
229549.54954954956,63.76376376376377,1.3121183213444453e-20,5.716049581035415e-26,1.0,1200,sintered
229909.90990990994,63.86386386386387,1.314178159031305e-20,5.716049581035415e-26,1.0,1200,sintered
230270.2702702703,63.96396396396397,1.3162379967181646e-20,5.716049581035415e-26,1.0,1200,sintered
230630.63063063065,64.06406406406407,1.3182978344050242e-20,5.716049581035415e-26,1.0,1200,sintered
230990.99099099098,64.16416416416416,1.3203576720918836e-20,5.716049581035415e-26,1.0,1200,sintered
231351.35135135136,64.26426426426427,1.3224175097787433e-20,5.716049581035415e-26,1.0,1200,sintered
231711.71171171172,64.36436436436436,1.3244773474656029e-20,5.716049581035415e-26,1.0,1200,sintered
232072.0720720721,64.46446446446447,1.3265371851524627e-20,5.716049581035415e-26,1.0,1200,sintered
232432.43243243243,64.56456456456456,1.3285970228393221e-20,5.716049581035415e-26,1.0,1200,sintered
232792.7927927928,64.66466466466467,1.3306568605261818e-20,5.716049581035415e-26,1.0,1200,sintered
233153.15315315314,64.76476476476476,1.3327166982130413e-20,5.716049581035415e-26,1.0,1200,sintered
233513.51351351352,64.86486486486487,1.334776535899901e-20,5.716049581035415e-26,1.0,1200,sintered
233873.87387387388,64.96496496496496,1.3368363735867606e-20,5.716049581035415e-26,1.0,1200,sintered
234234.23423423426,65.06506506506507,1.3388962112736203e-20,5.716049581035415e-26,1.0,1200,sintered
234594.5945945946,65.16516516516516,1.3409560489604797e-20,5.716049581035415e-26,1.0,1200,sintered
234954.95495495497,65.26526526526527,1.3430158866473395e-20,5.716049581035415e-26,1.0,1200,sintered
235315.3153153153,65.36536536536536,1.3450757243341989e-20,5.716049581035415e-26,1.0,1200,sintered
235675.67567567568,65.46546546546547,1.3471355620210586e-20,5.716049581035415e-26,1.0,1200,sintered
236036.03603603604,65.56556556556556,1.3491953997079182e-20,5.716049581035415e-26,1.0,1200,sintered
236396.39639639642,65.66566566566567,1.351255237394778e-20,5.716049581035415e-26,1.0,1200,sintered
236756.75675675675,65.76576576576576,1.3533150750816374e-20,5.716049581035415e-26,1.0,1200,sintered
237117.11711711713,65.86586586586587,1.355374912768497e-20,5.716049581035415e-26,1.0,1200,sintered
237477.47747747746,65.96596596596596,1.3574347504553564e-20,5.716049581035415e-26,1.0,1200,sintered
237837.83783783787,66.06606606606607,1.359494588142216e-20,5.716049581035415e-26,1.0,1200,sintered
238198.1981981982,66.16616616616616,1.3615544258290756e-20,5.716049581035415e-26,1.0,1200,sintered
238558.55855855858,66.26626626626627,1.3636142635159353e-20,5.716049581035415e-26,1.0,1200,sintered
238918.9189189189,66.36636636636636,1.3656741012027947e-20,5.716049581035415e-26,1.0,1200,sintered
239279.2792792793,66.46646646646647,1.3677339388896545e-20,5.716049581035415e-26,1.0,1200,sintered
239639.63963963964,66.56656656656656,1.3697937765765142e-20,5.716049581035415e-26,1.0,1200,sintered
240000.00000000003,66.66666666666667,1.371853614263374e-20,5.716049581035415e-26,1.0,1200,sintered
240360.36036036036,66.76676676676676,1.3739134519502334e-20,5.716049581035415e-26,1.0,1200,sintered
240720.72072072074,66.86686686686687,1.375973289637093e-20,5.716049581035415e-26,1.0,1200,sintered
241081.08108108107,66.96696696696696,1.3780331273239525e-20,5.716049581035415e-26,1.0,1200,sintered
241441.44144144145,67.06706706706707,1.3800929650108123e-20,5.716049581035415e-26,1.0,1200,sintered
241801.8018018018,67.16716716716716,1.3821528026976717e-20,5.716049581035415e-26,1.0,1200,sintered
242162.1621621622,67.26726726726727,1.3842126403845314e-20,5.716049581035415e-26,1.0,1200,sintered
242522.52252252251,67.36736736736736,1.386272478071391e-20,5.716049581035415e-26,1.0,1200,sintered
242882.8828828829,67.46746746746747,1.3883323157582506e-20,5.716049581035415e-26,1.0,1200,sintered
243243.24324324323,67.56756756756756,1.39039215344511e-20,5.716049581035415e-26,1.0,1200,sintered
243603.6036036036,67.66766766766767,1.3924519911319697e-20,5.716049581035415e-26,1.0,1200,sintered
243963.96396396396,67.76776776776777,1.3945118288188295e-20,5.716049581035415e-26,1.0,1200,sintered
244324.32432432435,67.86786786786787,1.3965716665056892e-20,5.716049581035415e-26,1.0,1200,sintered
244684.68468468467,67.96796796796797,1.3986315041925486e-20,5.716049581035415e-26,1.0,1200,sintered
245045.04504504506,68.06806806806807,1.4006913418794084e-20,5.716049581035415e-26,1.0,1200,sintered
245405.40540540538,68.16816816816817,1.4027511795662678e-20,5.716049581035415e-26,1.0,1200,sintered
245765.76576576577,68.26826826826827,1.4048110172531275e-20,5.716049581035415e-26,1.0,1200,sintered
246126.12612612615,68.36836836836838,1.4068708549399873e-20,5.716049581035415e-26,1.0,1200,sintered
246486.4864864865,68.46846846846847,1.4089306926268467e-20,5.716049581035415e-26,1.0,1200,sintered
246846.8468468469,68.56856856856858,1.4109905303137064e-20,5.716049581035415e-26,1.0,1200,sintered
247207.20720720722,68.66866866866867,1.413050368000566e-20,5.716049581035415e-26,1.0,1200,sintered
247567.5675675676,68.76876876876878,1.4151102056874256e-20,5.716049581035415e-26,1.0,1200,sintered
247927.92792792793,68.86886886886887,1.417170043374285e-20,5.716049581035415e-26,1.0,1200,sintered
248288.28828828834,68.96896896896898,1.419229881061145e-20,5.716049581035415e-26,1.0,1200,sintered
248648.64864864867,69.06906906906907,1.4212897187480045e-20,5.716049581035415e-26,1.0,1200,sintered
249009.00900900905,69.16916916916918,1.4233495564348642e-20,5.716049581035415e-26,1.0,1200,sintered
249369.36936936938,69.26926926926927,1.4254093941217237e-20,5.716049581035415e-26,1.0,1200,sintered
249729.72972972976,69.36936936936938,1.4274692318085834e-20,5.716049581035415e-26,1.0,1200,sintered
250090.09009009012,69.46946946946947,1.4295290694954428e-20,5.716049581035415e-26,1.0,1200,sintered
250450.4504504505,69.56956956956958,1.4315889071823026e-20,5.716049581035415e-26,1.0,1200,sintered
250810.81081081083,69.66966966966967,1.433648744869162e-20,5.716049581035415e-26,1.0,1200,sintered
251171.1711711712,69.76976976976978,1.4357085825560217e-20,5.716049581035415e-26,1.0,1200,sintered
251531.53153153154,69.86986986986987,1.4377684202428812e-20,5.716049581035415e-26,1.0,1200,sintered
251891.89189189192,69.96996996996998,1.439828257929741e-20,5.716049581035415e-26,1.0,1200,sintered
252252.25225225228,70.07007007007007,1.4418880956166006e-20,5.716049581035415e-26,1.0,1200,sintered
252612.61261261266,70.17017017017018,1.4439479333034604e-20,5.716049581035415e-26,1.0,1200,sintered
252972.972972973,70.27027027027027,1.4460077709903198e-20,5.716049581035415e-26,1.0,1200,sintered
253333.33333333337,70.37037037037038,1.4480676086771795e-20,5.716049581035415e-26,1.0,1200,sintered
253693.6936936937,70.47047047047047,1.450127446364039e-20,5.716049581035415e-26,1.0,1200,sintered
254054.05405405408,70.57057057057058,1.4521872840508987e-20,5.716049581035415e-26,1.0,1200,sintered
254414.41441441444,70.67067067067067,1.454247121737758e-20,5.716049581035415e-26,1.0,1200,sintered
254774.77477477482,70.77077077077078,1.456306959424618e-20,5.716049581035415e-26,1.0,1200,sintered
255135.13513513515,70.87087087087087,1.4583667971114773e-20,5.716049581035415e-26,1.0,1200,sintered
255495.49549549553,70.97097097097098,1.460426634798337e-20,5.716049581035415e-26,1.0,1200,sintered
255855.85585585586,71.07107107107107,1.4624864724851965e-20,5.716049581035415e-26,1.0,1200,sintered
256216.21621621624,71.17117117117118,1.4645463101720562e-20,5.716049581035415e-26,1.0,1200,sintered
256576.5765765766,71.27127127127127,1.466606147858916e-20,5.716049581035415e-26,1.0,1200,sintered
256936.93693693698,71.37137137137138,1.4686659855457757e-20,5.716049581035415e-26,1.0,1200,sintered
257297.2972972973,71.47147147147147,1.470725823232635e-20,5.716049581035415e-26,1.0,1200,sintered
257657.6576576577,71.57157157157158,1.4727856609194948e-20,5.716049581035415e-26,1.0,1200,sintered
258018.01801801802,71.67167167167167,1.4748454986063543e-20,5.716049581035415e-26,1.0,1200,sintered
258378.3783783784,71.77177177177178,1.476905336293214e-20,5.716049581035415e-26,1.0,1200,sintered
258738.73873873876,71.87187187187187,1.4789651739800734e-20,5.716049581035415e-26,1.0,1200,sintered
259099.09909909914,71.97197197197198,1.4810250116669332e-20,5.716049581035415e-26,1.0,1200,sintered
259459.45945945947,72.07207207207207,1.4830848493537926e-20,5.716049581035415e-26,1.0,1200,sintered
259819.81981981985,72.17217217217218,1.4851446870406523e-20,5.716049581035415e-26,1.0,1200,sintered
260180.18018018018,72.27227227227228,1.4872045247275117e-20,5.716049581035415e-26,1.0,1200,sintered
260540.54054054056,72.37237237237238,1.4892643624143715e-20,5.716049581035415e-26,1.0,1200,sintered
260900.90090090092,72.47247247247248,1.4913242001012312e-20,5.716049581035415e-26,1.0,1200,sintered
261261.2612612613,72.57257257257258,1.493384037788091e-20,5.716049581035415e-26,1.0,1200,sintered
261621.62162162163,72.67267267267268,1.4954438754749504e-20,5.716049581035415e-26,1.0,1200,sintered
261981.981981982,72.77277277277278,1.49750371316181e-20,5.716049581035415e-26,1.0,1200,sintered
262342.34234234237,72.87287287287288,1.4995635508486695e-20,5.716049581035415e-26,1.0,1200,sintered
262702.7027027027,72.97297297297298,1.5016233885355293e-20,5.716049581035415e-26,1.0,1200,sintered
263063.0630630631,73.07307307307308,1.5036832262223887e-20,5.716049581035415e-26,1.0,1200,sintered
263423.42342342343,73.17317317317318,1.5057430639092484e-20,5.716049581035415e-26,1.0,1200,sintered
263783.7837837838,73.27327327327328,1.507802901596108e-20,5.716049581035415e-26,1.0,1200,sintered
264144.1441441442,73.37337337337338,1.509862739282968e-20,5.716049581035415e-26,1.0,1200,sintered
264504.5045045045,73.47347347347348,1.511922576969827e-20,5.716049581035415e-26,1.0,1200,sintered
264864.8648648649,73.57357357357358,1.513982414656687e-20,5.716049581035415e-26,1.0,1200,sintered
265225.2252252252,73.67367367367368,1.5160422523435462e-20,5.716049581035415e-26,1.0,1200,sintered
265585.5855855856,73.77377377377378,1.5181020900304062e-20,5.716049581035415e-26,1.0,1200,sintered
265945.945945946,73.87387387387388,1.5201619277172657e-20,5.716049581035415e-26,1.0,1200,sintered
266306.30630630633,73.97397397397398,1.5222217654041254e-20,5.716049581035415e-26,1.0,1200,sintered
266666.6666666667,74.07407407407408,1.5242816030909848e-20,5.716049581035415e-26,1.0,1200,sintered
267027.02702702704,74.17417417417418,1.5263414407778446e-20,5.716049581035415e-26,1.0,1200,sintered
267387.3873873874,74.27427427427428,1.528401278464704e-20,5.716049581035415e-26,1.0,1200,sintered
267747.7477477478,74.37437437437438,1.530461116151564e-20,5.716049581035415e-26,1.0,1200,sintered
268108.1081081081,74.47447447447448,1.5325209538384232e-20,5.716049581035415e-26,1.0,1200,sintered
268468.4684684685,74.57457457457458,1.5345807915252832e-20,5.716049581035415e-26,1.0,1200,sintered
268828.8288288288,74.67467467467468,1.5366406292121423e-20,5.716049581035415e-26,1.0,1200,sintered
269189.18918918923,74.77477477477478,1.5387004668990024e-20,5.716049581035415e-26,1.0,1200,sintered
269549.5495495496,74.87487487487488,1.5407603045858618e-20,5.716049581035415e-26,1.0,1200,sintered
269909.90990990994,74.97497497497498,1.5428201422727215e-20,5.716049581035415e-26,1.0,1200,sintered
270270.2702702703,75.07507507507508,1.544879979959581e-20,5.716049581035415e-26,1.0,1200,sintered
270630.63063063065,75.17517517517518,1.5469398176464407e-20,5.716049581035415e-26,1.0,1200,sintered
270990.990990991,75.27527527527528,1.5489996553333e-20,5.716049581035415e-26,1.0,1200,sintered
271351.35135135136,75.37537537537538,1.55105949302016e-20,5.716049581035415e-26,1.0,1200,sintered
271711.7117117117,75.47547547547548,1.5531193307070193e-20,5.716049581035415e-26,1.0,1200,sintered
272072.07207207213,75.57557557557558,1.5551791683938793e-20,5.716049581035415e-26,1.0,1200,sintered
272432.4324324324,75.67567567567568,1.5572390060807385e-20,5.716049581035415e-26,1.0,1200,sintered
272792.79279279284,75.77577577577578,1.5592988437675985e-20,5.716049581035415e-26,1.0,1200,sintered
273153.15315315314,75.87587587587588,1.5613586814544576e-20,5.716049581035415e-26,1.0,1200,sintered
273513.51351351355,75.97597597597598,1.5634185191413177e-20,5.716049581035415e-26,1.0,1200,sintered
273873.8738738739,76.07607607607608,1.565478356828177e-20,5.716049581035415e-26,1.0,1200,sintered
274234.23423423426,76.17617617617618,1.5675381945150368e-20,5.716049581035415e-26,1.0,1200,sintered
274594.5945945946,76.27627627627628,1.5695980322018963e-20,5.716049581035415e-26,1.0,1200,sintered
274954.95495495497,76.37637637637638,1.571657869888756e-20,5.716049581035415e-26,1.0,1200,sintered
275315.3153153153,76.47647647647648,1.5737177075756154e-20,5.716049581035415e-26,1.0,1200,sintered
275675.6756756757,76.57657657657658,1.575777545262475e-20,5.716049581035415e-26,1.0,1200,sintered
276036.03603603604,76.67667667667668,1.5778373829493346e-20,5.716049581035415e-26,1.0,1200,sintered
276396.39639639645,76.77677677677679,1.5798972206361946e-20,5.716049581035415e-26,1.0,1200,sintered
276756.75675675675,76.87687687687688,1.5819570583230537e-20,5.716049581035415e-26,1.0,1200,sintered
277117.11711711716,76.97697697697699,1.5840168960099138e-20,5.716049581035415e-26,1.0,1200,sintered
277477.47747747746,77.07707707707708,1.586076733696773e-20,5.716049581035415e-26,1.0,1200,sintered
277837.83783783787,77.17717717717719,1.588136571383633e-20,5.716049581035415e-26,1.0,1200,sintered
278198.1981981982,77.27727727727728,1.5901964090704924e-20,5.716049581035415e-26,1.0,1200,sintered
278558.5585585586,77.37737737737739,1.592256246757352e-20,5.716049581035415e-26,1.0,1200,sintered
278918.91891891893,77.47747747747748,1.5943160844442115e-20,5.716049581035415e-26,1.0,1200,sintered
279279.2792792793,77.57757757757759,1.5963759221310713e-20,5.716049581035415e-26,1.0,1200,sintered
279639.63963963964,77.67767767767768,1.5984357598179307e-20,5.716049581035415e-26,1.0,1200,sintered
280000.0,77.77777777777779,1.6004955975047904e-20,5.716049581035415e-26,1.0,1200,sintered
280360.36036036036,77.87787787787788,1.60255543519165e-20,5.716049581035415e-26,1.0,1200,sintered
280720.72072072077,77.97797797797799,1.60461527287851e-20,5.716049581035415e-26,1.0,1200,sintered
281081.08108108107,78.07807807807808,1.606675110565369e-20,5.716049581035415e-26,1.0,1200,sintered
281441.4414414415,78.17817817817819,1.608734948252229e-20,5.716049581035415e-26,1.0,1200,sintered
281801.8018018018,78.27827827827828,1.6107947859390882e-20,5.716049581035415e-26,1.0,1200,sintered
282162.1621621622,78.37837837837839,1.6128546236259482e-20,5.716049581035415e-26,1.0,1200,sintered
282522.52252252254,78.47847847847848,1.6149144613128077e-20,5.716049581035415e-26,1.0,1200,sintered
282882.8828828829,78.57857857857859,1.6169742989996674e-20,5.716049581035415e-26,1.0,1200,sintered
283243.24324324325,78.67867867867868,1.6190341366865268e-20,5.716049581035415e-26,1.0,1200,sintered
283603.6036036036,78.77877877877879,1.6210939743733866e-20,5.716049581035415e-26,1.0,1200,sintered
283963.96396396396,78.87887887887888,1.623153812060246e-20,5.716049581035415e-26,1.0,1200,sintered
284324.3243243244,78.97897897897899,1.625213649747106e-20,5.716049581035415e-26,1.0,1200,sintered
284684.6846846847,79.07907907907908,1.6272734874339652e-20,5.716049581035415e-26,1.0,1200,sintered
285045.0450450451,79.17917917917919,1.6293333251208252e-20,5.716049581035415e-26,1.0,1200,sintered
285405.4054054054,79.27927927927928,1.6313931628076843e-20,5.716049581035415e-26,1.0,1200,sintered
285765.7657657658,79.37937937937939,1.6334530004945444e-20,5.716049581035415e-26,1.0,1200,sintered
286126.12612612615,79.47947947947948,1.6355128381814038e-20,5.716049581035415e-26,1.0,1200,sintered
286486.4864864865,79.57957957957959,1.6375726758682635e-20,5.716049581035415e-26,1.0,1200,sintered
286846.84684684686,79.67967967967968,1.639632513555123e-20,5.716049581035415e-26,1.0,1200,sintered
287207.2072072072,79.77977977977979,1.6416923512419827e-20,5.716049581035415e-26,1.0,1200,sintered
287567.5675675676,79.87987987987988,1.643752188928842e-20,5.716049581035415e-26,1.0,1200,sintered
287927.9279279279,79.97997997997999,1.645812026615702e-20,5.716049581035415e-26,1.0,1200,sintered
288288.2882882883,80.08008008008008,1.6478718643025613e-20,5.716049581035415e-26,1.0,1200,sintered
288648.6486486487,80.18018018018019,1.6499317019894213e-20,5.716049581035415e-26,1.0,1200,sintered
289009.009009009,80.28028028028028,1.6519915396762805e-20,5.716049581035415e-26,1.0,1200,sintered
289369.3693693694,80.38038038038039,1.6540513773631405e-20,5.716049581035415e-26,1.0,1200,sintered
289729.7297297297,80.48048048048048,1.6561112150499996e-20,5.716049581035415e-26,1.0,1200,sintered
290090.0900900901,80.58058058058059,1.6581710527368597e-20,5.716049581035415e-26,1.0,1200,sintered
290450.4504504505,80.68068068068068,1.660230890423719e-20,5.716049581035415e-26,1.0,1200,sintered
290810.8108108108,80.78078078078079,1.6622907281105788e-20,5.716049581035415e-26,1.0,1200,sintered
291171.1711711712,80.88088088088088,1.6643505657974383e-20,5.716049581035415e-26,1.0,1200,sintered
291531.53153153154,80.98098098098099,1.6664104034842977e-20,5.716049581035415e-26,1.0,1200,sintered
291891.8918918919,81.08108108108108,1.6684702411711574e-20,5.716049581035415e-26,1.0,1200,sintered
292252.25225225225,81.18118118118119,1.6705300788580168e-20,5.716049581035415e-26,1.0,1200,sintered
292612.6126126126,81.28128128128128,1.6725899165448766e-20,5.716049581035415e-26,1.0,1200,sintered
292972.972972973,81.38138138138139,1.6746497542317366e-20,5.716049581035415e-26,1.0,1200,sintered
293333.3333333333,81.48148148148148,1.6767095919185957e-20,5.716049581035415e-26,1.0,1200,sintered
293693.6936936937,81.58158158158159,1.6787694296054558e-20,5.716049581035415e-26,1.0,1200,sintered
294054.054054054,81.68168168168168,1.680829267292315e-20,5.716049581035415e-26,1.0,1200,sintered
294414.41441441444,81.78178178178179,1.682889104979175e-20,5.716049581035415e-26,1.0,1200,sintered
294774.7747747748,81.88188188188188,1.6849489426660344e-20,5.716049581035415e-26,1.0,1200,sintered
295135.13513513515,81.98198198198199,1.6870087803528938e-20,5.716049581035415e-26,1.0,1200,sintered
295495.4954954955,82.08208208208208,1.6890686180397535e-20,5.716049581035415e-26,1.0,1200,sintered
295855.85585585586,82.18218218218219,1.691128455726613e-20,5.716049581035415e-26,1.0,1200,sintered
296216.2162162162,82.28228228228228,1.6931882934134727e-20,5.716049581035415e-26,1.0,1200,sintered
296576.5765765766,82.38238238238239,1.6952481311003327e-20,5.716049581035415e-26,1.0,1200,sintered
296936.9369369369,82.48248248248248,1.697307968787192e-20,5.716049581035415e-26,1.0,1200,sintered
297297.29729729734,82.58258258258259,1.699367806474052e-20,5.716049581035415e-26,1.0,1200,sintered
297657.65765765763,82.68268268268268,1.701427644160911e-20,5.716049581035415e-26,1.0,1200,sintered
298018.01801801805,82.78278278278279,1.7034874818477708e-20,5.716049581035415e-26,1.0,1200,sintered
298378.3783783784,82.88288288288288,1.7055473195346305e-20,5.716049581035415e-26,1.0,1200,sintered
298738.73873873876,82.98298298298299,1.70760715722149e-20,5.716049581035415e-26,1.0,1200,sintered
299099.0990990991,83.08308308308308,1.7096669949083497e-20,5.716049581035415e-26,1.0,1200,sintered
299459.45945945947,83.18318318318319,1.711726832595209e-20,5.716049581035415e-26,1.0,1200,sintered
299819.8198198198,83.28328328328328,1.7137866702820688e-20,5.716049581035415e-26,1.0,1200,sintered
300180.1801801802,83.38338338338339,1.7158465079689283e-20,5.716049581035415e-26,1.0,1200,sintered
300540.54054054053,83.48348348348348,1.717906345655788e-20,5.716049581035415e-26,1.0,1200,sintered
300900.90090090095,83.58358358358359,1.7199661833426477e-20,5.716049581035415e-26,1.0,1200,sintered
301261.26126126124,83.68368368368368,1.7220260210295072e-20,5.716049581035415e-26,1.0,1200,sintered
301621.62162162166,83.78378378378379,1.724085858716367e-20,5.716049581035415e-26,1.0,1200,sintered
301981.98198198195,83.88388388388388,1.7261456964032263e-20,5.716049581035415e-26,1.0,1200,sintered
302342.34234234237,83.98398398398399,1.728205534090086e-20,5.716049581035415e-26,1.0,1200,sintered
302702.7027027027,84.08408408408408,1.7302653717769458e-20,5.716049581035415e-26,1.0,1200,sintered
303063.0630630631,84.18418418418419,1.7323252094638052e-20,5.716049581035415e-26,1.0,1200,sintered
303423.42342342343,84.28428428428428,1.734385047150665e-20,5.716049581035415e-26,1.0,1200,sintered
303783.7837837838,84.38438438438439,1.7364448848375244e-20,5.716049581035415e-26,1.0,1200,sintered
304144.14414414414,84.48448448448448,1.738504722524384e-20,5.716049581035415e-26,1.0,1200,sintered
304504.5045045045,84.58458458458459,1.7405645602112436e-20,5.716049581035415e-26,1.0,1200,sintered
304864.86486486485,84.68468468468468,1.7426243978981033e-20,5.716049581035415e-26,1.0,1200,sintered
305225.22522522527,84.78478478478479,1.744684235584963e-20,5.716049581035415e-26,1.0,1200,sintered
305585.58558558556,84.88488488488488,1.7467440732718225e-20,5.716049581035415e-26,1.0,1200,sintered
305945.945945946,84.98498498498499,1.7488039109586822e-20,5.716049581035415e-26,1.0,1200,sintered
306306.3063063063,85.08508508508508,1.7508637486455416e-20,5.716049581035415e-26,1.0,1200,sintered
306666.6666666667,85.18518518518519,1.7529235863324014e-20,5.716049581035415e-26,1.0,1200,sintered
307027.02702702704,85.28528528528528,1.754983424019261e-20,5.716049581035415e-26,1.0,1200,sintered
307387.3873873874,85.38538538538539,1.7570432617061205e-20,5.716049581035415e-26,1.0,1200,sintered
307747.7477477478,85.4854854854855,1.7591030993929806e-20,5.716049581035415e-26,1.0,1200,sintered
308108.1081081081,85.58558558558559,1.7611629370798397e-20,5.716049581035415e-26,1.0,1200,sintered
308468.4684684685,85.6856856856857,1.7632227747666997e-20,5.716049581035415e-26,1.0,1200,sintered
308828.8288288289,85.78578578578579,1.765282612453559e-20,5.716049581035415e-26,1.0,1200,sintered
309189.18918918923,85.8858858858859,1.767342450140419e-20,5.716049581035415e-26,1.0,1200,sintered
309549.5495495496,85.98598598598599,1.7694022878272783e-20,5.716049581035415e-26,1.0,1200,sintered
309909.90990990994,86.0860860860861,1.771462125514138e-20,5.716049581035415e-26,1.0,1200,sintered
310270.2702702703,86.18618618618619,1.7735219632009975e-20,5.716049581035415e-26,1.0,1200,sintered
310630.63063063065,86.2862862862863,1.7755818008878572e-20,5.716049581035415e-26,1.0,1200,sintered
310990.990990991,86.38638638638639,1.7776416385747166e-20,5.716049581035415e-26,1.0,1200,sintered
311351.3513513514,86.4864864864865,1.7797014762615767e-20,5.716049581035415e-26,1.0,1200,sintered
311711.7117117117,86.58658658658659,1.7817613139484358e-20,5.716049581035415e-26,1.0,1200,sintered
312072.07207207213,86.6866866866867,1.7838211516352958e-20,5.716049581035415e-26,1.0,1200,sintered
312432.4324324324,86.78678678678679,1.785880989322155e-20,5.716049581035415e-26,1.0,1200,sintered
312792.79279279284,86.8868868868869,1.787940827009015e-20,5.716049581035415e-26,1.0,1200,sintered
313153.1531531532,86.98698698698699,1.7900006646958744e-20,5.716049581035415e-26,1.0,1200,sintered
313513.51351351355,87.0870870870871,1.7920605023827342e-20,5.716049581035415e-26,1.0,1200,sintered
313873.8738738739,87.18718718718719,1.7941203400695936e-20,5.716049581035415e-26,1.0,1200,sintered
314234.23423423426,87.2872872872873,1.7961801777564533e-20,5.716049581035415e-26,1.0,1200,sintered
314594.5945945946,87.38738738738739,1.7982400154433128e-20,5.716049581035415e-26,1.0,1200,sintered
314954.95495495497,87.4874874874875,1.8002998531301725e-20,5.716049581035415e-26,1.0,1200,sintered
315315.3153153153,87.58758758758759,1.802359690817032e-20,5.716049581035415e-26,1.0,1200,sintered
315675.67567567574,87.6876876876877,1.804419528503892e-20,5.716049581035415e-26,1.0,1200,sintered
316036.03603603604,87.78778778778779,1.806479366190751e-20,5.716049581035415e-26,1.0,1200,sintered
316396.39639639645,87.8878878878879,1.808539203877611e-20,5.716049581035415e-26,1.0,1200,sintered
316756.75675675675,87.98798798798799,1.8105990415644703e-20,5.716049581035415e-26,1.0,1200,sintered
317117.11711711716,88.0880880880881,1.8126588792513303e-20,5.716049581035415e-26,1.0,1200,sintered
317477.4774774775,88.18818818818819,1.8147187169381897e-20,5.716049581035415e-26,1.0,1200,sintered
317837.83783783787,88.2882882882883,1.8167785546250495e-20,5.716049581035415e-26,1.0,1200,sintered
318198.1981981982,88.38838838838839,1.818838392311909e-20,5.716049581035415e-26,1.0,1200,sintered
318558.5585585586,88.4884884884885,1.8208982299987686e-20,5.716049581035415e-26,1.0,1200,sintered
318918.91891891893,88.58858858858859,1.822958067685628e-20,5.716049581035415e-26,1.0,1200,sintered
319279.27927927935,88.6886886886887,1.825017905372488e-20,5.716049581035415e-26,1.0,1200,sintered
319639.63963963964,88.78878878878879,1.8270777430593472e-20,5.716049581035415e-26,1.0,1200,sintered
320000.00000000006,88.8888888888889,1.8291375807462073e-20,5.716049581035415e-26,1.0,1200,sintered
320360.36036036036,88.988988988989,1.8311974184330664e-20,5.716049581035415e-26,1.0,1200,sintered
320720.72072072077,89.0890890890891,1.8332572561199264e-20,5.716049581035415e-26,1.0,1200,sintered
321081.0810810811,89.1891891891892,1.835317093806786e-20,5.716049581035415e-26,1.0,1200,sintered
321441.4414414415,89.2892892892893,1.8373769314936456e-20,5.716049581035415e-26,1.0,1200,sintered
321801.80180180183,89.3893893893894,1.839436769180505e-20,5.716049581035415e-26,1.0,1200,sintered
322162.1621621622,89.4894894894895,1.8414966068673648e-20,5.716049581035415e-26,1.0,1200,sintered
322522.52252252254,89.5895895895896,1.8435564445542242e-20,5.716049581035415e-26,1.0,1200,sintered
322882.8828828829,89.6896896896897,1.845616282241084e-20,5.716049581035415e-26,1.0,1200,sintered
323243.24324324325,89.7897897897898,1.8476761199279434e-20,5.716049581035415e-26,1.0,1200,sintered
323603.60360360367,89.8898898898899,1.8497359576148034e-20,5.716049581035415e-26,1.0,1200,sintered
323963.96396396396,89.98998998999,1.8517957953016625e-20,5.716049581035415e-26,1.0,1200,sintered
324324.3243243244,90.0900900900901,1.8538556329885226e-20,5.716049581035415e-26,1.0,1200,sintered
324684.6846846847,90.1901901901902,1.8559154706753817e-20,5.716049581035415e-26,1.0,1200,sintered
325045.0450450451,90.2902902902903,1.8579753083622417e-20,5.716049581035415e-26,1.0,1200,sintered
325405.40540540544,90.3903903903904,1.860035146049101e-20,5.716049581035415e-26,1.0,1200,sintered
325765.7657657658,90.4904904904905,1.862094983735961e-20,5.716049581035415e-26,1.0,1200,sintered
326126.12612612615,90.5905905905906,1.8641548214228203e-20,5.716049581035415e-26,1.0,1200,sintered
326486.4864864865,90.6906906906907,1.86621465910968e-20,5.716049581035415e-26,1.0,1200,sintered
326846.84684684686,90.7907907907908,1.8682744967965395e-20,5.716049581035415e-26,1.0,1200,sintered
327207.2072072072,90.8908908908909,1.8703343344833992e-20,5.716049581035415e-26,1.0,1200,sintered
327567.5675675676,90.990990990991,1.8723941721702586e-20,5.716049581035415e-26,1.0,1200,sintered
327927.927927928,91.0910910910911,1.8744540098571187e-20,5.716049581035415e-26,1.0,1200,sintered
328288.2882882883,91.1911911911912,1.8765138475439778e-20,5.716049581035415e-26,1.0,1200,sintered
328648.6486486487,91.2912912912913,1.8785736852308378e-20,5.716049581035415e-26,1.0,1200,sintered
329009.009009009,91.3913913913914,1.880633522917697e-20,5.716049581035415e-26,1.0,1200,sintered
329369.3693693694,91.4914914914915,1.882693360604557e-20,5.716049581035415e-26,1.0,1200,sintered
329729.72972972976,91.5915915915916,1.8847531982914164e-20,5.716049581035415e-26,1.0,1200,sintered
330090.0900900901,91.6916916916917,1.8868130359782762e-20,5.716049581035415e-26,1.0,1200,sintered
330450.4504504505,91.7917917917918,1.8888728736651356e-20,5.716049581035415e-26,1.0,1200,sintered
330810.8108108108,91.8918918918919,1.8909327113519953e-20,5.716049581035415e-26,1.0,1200,sintered
331171.1711711712,91.991991991992,1.8929925490388548e-20,5.716049581035415e-26,1.0,1200,sintered
331531.53153153154,92.0920920920921,1.8950523867257145e-20,5.716049581035415e-26,1.0,1200,sintered
331891.8918918919,92.1921921921922,1.897112224412574e-20,5.716049581035415e-26,1.0,1200,sintered
332252.2522522523,92.2922922922923,1.899172062099434e-20,5.716049581035415e-26,1.0,1200,sintered
332612.6126126126,92.3923923923924,1.901231899786293e-20,5.716049581035415e-26,1.0,1200,sintered
332972.972972973,92.4924924924925,1.903291737473153e-20,5.716049581035415e-26,1.0,1200,sintered
333333.3333333333,92.5925925925926,1.9053515751600123e-20,5.716049581035415e-26,1.0,1200,sintered
333693.6936936937,92.6926926926927,1.9074114128468723e-20,5.716049581035415e-26,1.0,1200,sintered
334054.0540540541,92.7927927927928,1.9094712505337317e-20,5.716049581035415e-26,1.0,1200,sintered
334414.41441441444,92.8928928928929,1.9115310882205915e-20,5.716049581035415e-26,1.0,1200,sintered
334774.7747747748,92.992992992993,1.913590925907451e-20,5.716049581035415e-26,1.0,1200,sintered
335135.13513513515,93.0930930930931,1.9156507635943106e-20,5.716049581035415e-26,1.0,1200,sintered
335495.4954954955,93.1931931931932,1.91771060128117e-20,5.716049581035415e-26,1.0,1200,sintered
335855.8558558559,93.2932932932933,1.91977043896803e-20,5.716049581035415e-26,1.0,1200,sintered
336216.2162162162,93.3933933933934,1.9218302766548892e-20,5.716049581035415e-26,1.0,1200,sintered
336576.5765765766,93.4934934934935,1.9238901143417493e-20,5.716049581035415e-26,1.0,1200,sintered
336936.9369369369,93.5935935935936,1.9259499520286084e-20,5.716049581035415e-26,1.0,1200,sintered
337297.29729729734,93.6936936936937,1.9280097897154684e-20,5.716049581035415e-26,1.0,1200,sintered
337657.6576576577,93.7937937937938,1.930069627402328e-20,5.716049581035415e-26,1.0,1200,sintered
338018.01801801805,93.8938938938939,1.9321294650891876e-20,5.716049581035415e-26,1.0,1200,sintered
338378.3783783784,93.993993993994,1.934189302776047e-20,5.716049581035415e-26,1.0,1200,sintered
338738.73873873876,94.0940940940941,1.9362491404629068e-20,5.716049581035415e-26,1.0,1200,sintered
339099.0990990991,94.1941941941942,1.9383089781497662e-20,5.716049581035415e-26,1.0,1200,sintered
339459.45945945947,94.2942942942943,1.940368815836626e-20,5.716049581035415e-26,1.0,1200,sintered
339819.8198198198,94.3943943943944,1.9424286535234854e-20,5.716049581035415e-26,1.0,1200,sintered
340180.18018018024,94.4944944944945,1.9444884912103454e-20,5.716049581035415e-26,1.0,1200,sintered
340540.54054054053,94.5945945945946,1.9465483288972045e-20,5.716049581035415e-26,1.0,1200,sintered
340900.90090090095,94.6946946946947,1.9486081665840645e-20,5.716049581035415e-26,1.0,1200,sintered
341261.26126126124,94.7947947947948,1.9506680042709237e-20,5.716049581035415e-26,1.0,1200,sintered
341621.62162162166,94.8948948948949,1.9527278419577837e-20,5.716049581035415e-26,1.0,1200,sintered
341981.981981982,94.994994994995,1.954787679644643e-20,5.716049581035415e-26,1.0,1200,sintered
342342.34234234237,95.0950950950951,1.956847517331503e-20,5.716049581035415e-26,1.0,1200,sintered
342702.7027027027,95.1951951951952,1.9589073550183623e-20,5.716049581035415e-26,1.0,1200,sintered
343063.0630630631,95.2952952952953,1.960967192705222e-20,5.716049581035415e-26,1.0,1200,sintered
343423.42342342343,95.3953953953954,1.9630270303920815e-20,5.716049581035415e-26,1.0,1200,sintered
343783.7837837838,95.4954954954955,1.9650868680789412e-20,5.716049581035415e-26,1.0,1200,sintered
344144.14414414414,95.5955955955956,1.9671467057658006e-20,5.716049581035415e-26,1.0,1200,sintered
344504.50450450456,95.6956956956957,1.9692065434526607e-20,5.716049581035415e-26,1.0,1200,sintered
344864.86486486485,95.7957957957958,1.9712663811395198e-20,5.716049581035415e-26,1.0,1200,sintered
345225.22522522527,95.8958958958959,1.9733262188263798e-20,5.716049581035415e-26,1.0,1200,sintered
345585.58558558556,95.995995995996,1.975386056513239e-20,5.716049581035415e-26,1.0,1200,sintered
345945.945945946,96.0960960960961,1.977445894200099e-20,5.716049581035415e-26,1.0,1200,sintered
346306.30630630633,96.1961961961962,1.9795057318869584e-20,5.716049581035415e-26,1.0,1200,sintered
346666.6666666667,96.2962962962963,1.9815655695738182e-20,5.716049581035415e-26,1.0,1200,sintered
347027.02702702704,96.3963963963964,1.9836254072606776e-20,5.716049581035415e-26,1.0,1200,sintered
347387.3873873874,96.4964964964965,1.9856852449475373e-20,5.716049581035415e-26,1.0,1200,sintered
347747.74774774775,96.5965965965966,1.9877450826343968e-20,5.716049581035415e-26,1.0,1200,sintered
348108.10810810816,96.6966966966967,1.9898049203212568e-20,5.716049581035415e-26,1.0,1200,sintered
348468.46846846846,96.7967967967968,1.991864758008116e-20,5.716049581035415e-26,1.0,1200,sintered
348828.8288288289,96.8968968968969,1.993924595694976e-20,5.716049581035415e-26,1.0,1200,sintered
349189.1891891892,96.996996996997,1.995984433381835e-20,5.716049581035415e-26,1.0,1200,sintered
349549.5495495496,97.0970970970971,1.998044271068695e-20,5.716049581035415e-26,1.0,1200,sintered
349909.90990990994,97.1971971971972,2.0001041087555546e-20,5.716049581035415e-26,1.0,1200,sintered
350270.2702702703,97.2972972972973,2.0021639464424143e-20,5.716049581035415e-26,1.0,1200,sintered
350630.63063063065,97.3973973973974,2.0042237841292737e-20,5.716049581035415e-26,1.0,1200,sintered
350990.990990991,97.4974974974975,2.0062836218161335e-20,5.716049581035415e-26,1.0,1200,sintered
351351.35135135136,97.5975975975976,2.008343459502993e-20,5.716049581035415e-26,1.0,1200,sintered
351711.7117117117,97.6976976976977,2.0104032971898526e-20,5.716049581035415e-26,1.0,1200,sintered
352072.0720720721,97.7977977977978,2.012463134876712e-20,5.716049581035415e-26,1.0,1200,sintered
352432.4324324325,97.8978978978979,2.014522972563572e-20,5.716049581035415e-26,1.0,1200,sintered
352792.7927927928,97.997997997998,2.0165828102504312e-20,5.716049581035415e-26,1.0,1200,sintered
353153.1531531532,98.0980980980981,2.0186426479372913e-20,5.716049581035415e-26,1.0,1200,sintered
353513.5135135135,98.1981981981982,2.0207024856241504e-20,5.716049581035415e-26,1.0,1200,sintered
353873.8738738739,98.2982982982983,2.0227623233110104e-20,5.716049581035415e-26,1.0,1200,sintered
354234.23423423426,98.3983983983984,2.02482216099787e-20,5.716049581035415e-26,1.0,1200,sintered
354594.5945945946,98.4984984984985,2.0268819986847296e-20,5.716049581035415e-26,1.0,1200,sintered
354954.95495495497,98.5985985985986,2.028941836371589e-20,5.716049581035415e-26,1.0,1200,sintered
355315.3153153153,98.6986986986987,2.0310016740584488e-20,5.716049581035415e-26,1.0,1200,sintered
355675.6756756757,98.7987987987988,2.0330615117453082e-20,5.716049581035415e-26,1.0,1200,sintered
356036.03603603604,98.8988988988989,2.035121349432168e-20,5.716049581035415e-26,1.0,1200,sintered
356396.3963963964,98.998998998999,2.0371811871190273e-20,5.716049581035415e-26,1.0,1200,sintered
356756.7567567568,99.0990990990991,2.0392410248058874e-20,5.716049581035415e-26,1.0,1200,sintered
357117.1171171171,99.1991991991992,2.0413008624927465e-20,5.716049581035415e-26,1.0,1200,sintered
357477.4774774775,99.2992992992993,2.0433607001796065e-20,5.716049581035415e-26,1.0,1200,sintered
357837.8378378378,99.3993993993994,2.0454205378664657e-20,5.716049581035415e-26,1.0,1200,sintered
358198.1981981982,99.4994994994995,2.0474803755533257e-20,5.716049581035415e-26,1.0,1200,sintered
358558.5585585586,99.5995995995996,2.049540213240185e-20,5.716049581035415e-26,1.0,1200,sintered
358918.91891891893,99.6996996996997,2.051600050927045e-20,5.716049581035415e-26,1.0,1200,sintered
359279.2792792793,99.7997997997998,2.0536598886139043e-20,5.716049581035415e-26,1.0,1200,sintered
359639.63963963964,99.8998998998999,2.055719726300764e-20,5.716049581035415e-26,1.0,1200,sintered
360000.0,100.0,2.0577795639876235e-20,5.716049581035415e-26,1.0,1200,sintered
0.0,0.0,0.0,6.585241569565865e-25,2.0,1200,green
360.3603603603604,0.1001001001001001,2.373050450368938e-22,6.585189301836966e-25,2.0,1200,green
720.7207207207208,0.2002002002002002,4.746082977540592e-22,6.585142012773979e-25,2.0,1200,green
1081.081081081081,0.3003003003003003,7.119099288755991e-22,6.585099228143285e-25,2.0,1200,green
1441.4414414414416,0.4004004004004004,9.492100928636082e-22,6.585060518883511e-25,2.0,1200,green
1801.801801801802,0.5005005005005005,1.1865089294671787e-21,6.5850254968027325e-25,2.0,1200,green
2162.162162162162,0.6006006006006006,1.423806565123862e-21,6.584993810685529e-25,2.0,1200,green
2522.5225225225226,0.7007007007007008,1.6611031142276347e-21,6.584965142770855e-25,2.0,1200,green
2882.882882882883,0.8008008008008008,1.898398680276086e-21,6.584939205565408e-25,2.0,1200,green
3243.2432432432433,0.9009009009009009,2.135693356908333e-21,6.584915738960527e-25,2.0,1200,green
3603.603603603604,1.001001001001001,2.3729872288440733e-21,6.584894507623722e-25,2.0,1200,green
3963.963963963964,1.1011011011011012,2.610280372733184e-21,6.5848752986386635e-25,2.0,1200,green
4324.324324324324,1.2012012012012012,2.8475728579244025e-21,6.584857919369974e-25,2.0,1200,green
4684.684684684685,1.3013013013013013,3.0848647471607782e-21,6.584842195531402e-25,2.0,1200,green
5045.045045045045,1.4014014014014016,3.3221560972088892e-21,6.584827969438012e-25,2.0,1200,green
5405.405405405406,1.5015015015015016,3.5594469594281165e-21,6.584815098424854e-25,2.0,1200,green
5765.765765765766,1.6016016016016017,3.7967373802856985e-21,6.584803453416265e-25,2.0,1200,green
6126.126126126126,1.7017017017017018,4.0340274018227226e-21,6.584792917631447e-25,2.0,1200,green
6486.486486486487,1.8018018018018018,4.2713170620757325e-21,6.584783385413338e-25,2.0,1200,green
6846.846846846847,1.9019019019019021,4.508606395458167e-21,6.584774761169048e-25,2.0,1200,green
7207.207207207208,2.002002002002002,4.74589543310548e-21,6.584766958411208e-25,2.0,1200,green
7567.567567567568,2.1021021021021022,4.983184203187373e-21,6.584759898890644e-25,2.0,1200,green
7927.927927927928,2.2022022022022023,5.220472731190296e-21,6.584753511811664e-25,2.0,1200,green
8288.288288288288,2.3023023023023024,5.457761040173033e-21,6.584747733122087e-25,2.0,1200,green
8648.648648648648,2.4024024024024024,5.695049150997949e-21,6.584742504870906e-25,2.0,1200,green
9009.009009009009,2.5025025025025025,5.932337082540199e-21,6.584737774627127e-25,2.0,1200,green
9369.36936936937,2.6026026026026026,6.169624851877023e-21,6.584733494953977e-25,2.0,1200,green
9729.729729729732,2.702702702702703,6.406912474459e-21,6.584729622933183e-25,2.0,1200,green
10090.09009009009,2.802802802802803,6.644199964264989e-21,6.584726119734573e-25,2.0,1200,green
10450.450450450451,2.902902902902903,6.881487333942324e-21,6.584722950226672e-25,2.0,1200,green
10810.810810810812,3.0030030030030033,7.118774594933635e-21,6.584720082624388e-25,2.0,1200,green
11171.171171171172,3.1031031031031033,7.356061757591612e-21,6.58471748817026e-25,2.0,1200,green
11531.531531531533,3.2032032032032034,7.593348831282814e-21,6.584715140846064e-25,2.0,1200,green
11891.891891891892,3.3033033033033035,7.830635824481603e-21,6.584713017111897e-25,2.0,1200,green
12252.252252252252,3.4034034034034035,8.06792274485514e-21,6.584711095670102e-25,2.0,1200,green
12612.612612612613,3.5035035035035036,8.305209599340257e-21,6.584709357251694e-25,2.0,1200,green
12972.972972972973,3.6036036036036037,8.542496394213034e-21,6.584707784423118e-25,2.0,1200,green
13333.333333333334,3.7037037037037037,8.779783135151737e-21,6.584706361411422e-25,2.0,1200,green
13693.693693693695,3.8038038038038042,9.017069827293751e-21,6.584705073946074e-25,2.0,1200,green
14054.054054054055,3.9039039039039043,9.254356475287118e-21,6.584703909115858e-25,2.0,1200,green
14414.414414414416,4.004004004004004,9.491643083337137e-21,6.584702855239393e-25,2.0,1200,green
14774.774774774776,4.104104104104104,9.728929655248534e-21,6.584701901747981e-25,2.0,1200,green
15135.135135135137,4.2042042042042045,9.966216194463631e-21,6.584701039079632e-25,2.0,1200,green
15495.495495495496,4.3043043043043046,1.0203502704096849e-20,6.584700258583162e-25,2.0,1200,green
15855.855855855856,4.404404404404405,1.044078918696596e-20,6.584699552431441e-25,2.0,1200,green
16216.216216216217,4.504504504504505,1.0678075645620325e-20,6.5846989135428965e-25,2.0,1200,green
16576.576576576575,4.604604604604605,1.0915362082366477e-20,6.5846983355104995e-25,2.0,1200,green
16936.936936936938,4.704704704704705,1.1152648499291245e-20,6.58469781253751e-25,2.0,1200,green
17297.297297297297,4.804804804804805,1.1389934898282674e-20,6.584697339379347e-25,2.0,1200,green
17657.65765765766,4.904904904904905,1.1627221281048973e-20,6.58469691129099e-25,2.0,1200,green
18018.018018018018,5.005005005005005,1.1864507649135635e-20,6.584696523979398e-25,2.0,1200,green
18378.378378378377,5.105105105105105,1.2101794003940943e-20,6.584696173560456e-25,2.0,1200,green
18738.73873873874,5.205205205205205,1.233908034672999e-20,6.584695856520022e-25,2.0,1200,green
19099.099099099098,5.305305305305305,1.2576366678647359e-20,6.584695569678689e-25,2.0,1200,green
19459.459459459464,5.405405405405406,1.2813653000728618e-20,6.584695310159897e-25,2.0,1200,green
19819.819819819822,5.505505505505506,1.3050939313910678e-20,6.584695075361088e-25,2.0,1200,green
20180.18018018018,5.605605605605606,1.3288225619041222e-20,6.584694862927605e-25,2.0,1200,green
20540.540540540544,5.705705705705706,1.3525511916887183e-20,6.584694670729082e-25,2.0,1200,green
20900.900900900902,5.805805805805806,1.3762798208142435e-20,6.584694496838073e-25,2.0,1200,green
21261.261261261265,5.9059059059059065,1.400008449343477e-20,6.584694339510731e-25,2.0,1200,green
21621.621621621623,6.0060060060060065,1.4237370773332165e-20,6.584694197169315e-25,2.0,1200,green
21981.981981981982,6.106106106106107,1.4474657048348516e-20,6.584694068386366e-25,2.0,1200,green
22342.342342342345,6.206206206206207,1.4711943318948757e-20,6.5846939518704e-25,2.0,1200,green
22702.702702702703,6.306306306306307,1.494922958555353e-20,6.5846938464529465e-25,2.0,1200,green
23063.063063063066,6.406406406406407,1.518651584854342e-20,6.5846937510768375e-25,2.0,1200,green
23423.423423423425,6.506506506506507,1.5423802108262754e-20,6.584693664785604e-25,2.0,1200,green
23783.783783783783,6.606606606606607,1.5661088365023064e-20,6.584693586713882e-25,2.0,1200,green
24144.144144144146,6.706706706706707,1.5898374619106208e-20,6.5846935160787375e-25,2.0,1200,green
24504.504504504504,6.806806806806807,1.6135660870767185e-20,6.5846934521718135e-25,2.0,1200,green
24864.864864864867,6.906906906906907,1.637294712023673e-20,6.5846933943522255e-25,2.0,1200,green
25225.225225225226,7.007007007007007,1.661023336772357e-20,6.584693342040135e-25,2.0,1200,green
25585.585585585584,7.107107107107107,1.6847519613416573e-20,6.584693294710936e-25,2.0,1200,green
25945.945945945947,7.207207207207207,1.7084805857486606e-20,6.584693251889993e-25,2.0,1200,green
26306.306306306305,7.307307307307307,1.7322092100088255e-20,6.5846932131478795e-25,2.0,1200,green
26666.666666666668,7.407407407407407,1.7559378341361398e-20,6.584693178096074e-25,2.0,1200,green
27027.02702702703,7.507507507507508,1.779666458143257e-20,6.584693146383064e-25,2.0,1200,green
27387.38738738739,7.6076076076076085,1.803395082041627e-20,6.5846931176908175e-25,2.0,1200,green
27747.74774774775,7.7077077077077085,1.827123705841608e-20,6.584693091731599e-25,2.0,1200,green
28108.10810810811,7.807807807807809,1.8508523295525715e-20,6.584693068245077e-25,2.0,1200,green
28468.468468468473,7.907907907907909,1.8745809531829977e-20,6.58469304699572e-25,2.0,1200,green
28828.82882882883,8.008008008008009,1.898309576740557e-20,6.584693027770432e-25,2.0,1200,green
29189.18918918919,8.108108108108109,1.9220382002321906e-20,6.584693010376413e-25,2.0,1200,green
29549.549549549552,8.208208208208209,1.945766823664178e-20,6.5846929946392295e-25,2.0,1200,green
29909.90990990991,8.308308308308309,1.9694954470422012e-20,6.5846929804010615e-25,2.0,1200,green
30270.270270270274,8.408408408408409,1.9932240703714002e-20,6.584692967519125e-25,2.0,1200,green
30630.630630630632,8.508508508508509,2.016952693656425e-20,6.584692955864232e-25,2.0,1200,green
30990.99099099099,8.608608608608609,2.040681316901484e-20,6.584692945319505e-25,2.0,1200,green
31351.351351351354,8.70870870870871,2.0644099401103847e-20,6.584692935779197e-25,2.0,1200,green
31711.711711711712,8.80880880880881,2.0881385632865697e-20,6.584692927147633e-25,2.0,1200,green
32072.072072072075,8.90890890890891,2.1118671864331563e-20,6.5846929193382525e-25,2.0,1200,green
32432.432432432433,9.00900900900901,2.1355958095529637e-20,6.584692912272741e-25,2.0,1200,green
32792.792792792796,9.10910910910911,2.159324432648543e-20,6.584692905880241e-25,2.0,1200,green
33153.15315315315,9.20920920920921,2.183053055722201e-20,6.584692900096647e-25,2.0,1200,green
33513.51351351351,9.30930930930931,2.206781678776027e-20,6.584692894863958e-25,2.0,1200,green
33873.873873873876,9.40940940940941,2.2305103018119096e-20,6.584692890129699e-25,2.0,1200,green
34234.23423423424,9.50950950950951,2.2542389248315575e-20,6.584692885846394e-25,2.0,1200,green
34594.59459459459,9.60960960960961,2.2779675478365175e-20,6.584692881971087e-25,2.0,1200,green
34954.954954954956,9.70970970970971,2.3016961708281885e-20,6.584692878464915e-25,2.0,1200,green
35315.31531531532,9.80980980980981,2.325424793807837e-20,6.584692875292717e-25,2.0,1200,green
35675.67567567567,9.90990990990991,2.3491534167766066e-20,6.584692872422681e-25,2.0,1200,green
36036.036036036036,10.01001001001001,2.3728820397355357e-20,6.5846928698260245e-25,2.0,1200,green
36396.3963963964,10.11011011011011,2.3966106626855603e-20,6.584692867476708e-25,2.0,1200,green
36756.75675675675,10.21021021021021,2.4203392856275282e-20,6.584692865351172e-25,2.0,1200,green
37117.117117117115,10.31031031031031,2.444067908562208e-20,6.584692863428099e-25,2.0,1200,green
37477.47747747748,10.41041041041041,2.467796531490293e-20,6.584692861688206e-25,2.0,1200,green
37837.83783783784,10.51051051051051,2.491525154412412e-20,6.5846928601140415e-25,2.0,1200,green
38198.198198198195,10.61061061061061,2.5152537773291326e-20,6.584692858689823e-25,2.0,1200,green
38558.558558558565,10.710710710710712,2.5389824002409706e-20,6.584692857401264e-25,2.0,1200,green
38918.91891891893,10.810810810810812,2.562711023148389e-20,6.584692856235446e-25,2.0,1200,green
39279.27927927928,10.910910910910912,2.5864396460518098e-20,6.5846928551806745e-25,2.0,1200,green
39639.639639639645,11.011011011011012,2.6101682689516134e-20,6.584692854226374e-25,2.0,1200,green
40000.00000000001,11.111111111111112,2.633896891848145e-20,6.584692853362974e-25,2.0,1200,green
40360.36036036036,11.211211211211213,2.6576255147417156e-20,6.584692852581814e-25,2.0,1200,green
40720.720720720725,11.311311311311313,2.6813541376326078e-20,6.584692851875063e-25,2.0,1200,green
41081.08108108109,11.411411411411413,2.7050827605210764e-20,6.584692851235633e-25,2.0,1200,green
41441.44144144144,11.511511511511513,2.7288113834073516e-20,6.58469285065711e-25,2.0,1200,green
41801.801801801805,11.611611611611613,2.752540006291644e-20,6.584692850133693e-25,2.0,1200,green
42162.16216216217,11.711711711711713,2.776268629174141e-20,6.584692849660133e-25,2.0,1200,green
42522.52252252253,11.811811811811813,2.799997252055015e-20,6.584692849231681e-25,2.0,1200,green
42882.882882882885,11.911911911911913,2.823725874934418e-20,6.584692848844041e-25,2.0,1200,green
43243.24324324325,12.012012012012013,2.847454497812493e-20,6.584692848493325e-25,2.0,1200,green
43603.60360360361,12.112112112112113,2.8711831206893656e-20,6.584692848176015e-25,2.0,1200,green
43963.963963963964,12.212212212212213,2.894911743565149e-20,6.584692847888931e-25,2.0,1200,green
44324.32432432433,12.312312312312313,2.9186403664399494e-20,6.584692847629191e-25,2.0,1200,green
44684.68468468469,12.412412412412413,2.942368989313858e-20,6.5846928473941935e-25,2.0,1200,green
45045.04504504505,12.512512512512513,2.966097612186962e-20,6.58469284718158e-25,2.0,1200,green
45405.40540540541,12.612612612612613,2.989826235059335e-20,6.584692846989218e-25,2.0,1200,green
45765.76576576577,12.712712712712714,3.01355485793105e-20,6.584692846815179e-25,2.0,1200,green
46126.12612612613,12.812812812812814,3.037283480802168e-20,6.584692846657719e-25,2.0,1200,green
46486.48648648649,12.912912912912914,3.0610121036727444e-20,6.584692846515256e-25,2.0,1200,green
46846.84684684685,13.013013013013014,3.084740726542834e-20,6.584692846386364e-25,2.0,1200,green
47207.20720720721,13.113113113113114,3.108469349412481e-20,6.584692846269749e-25,2.0,1200,green
47567.56756756757,13.213213213213214,3.1321979722817283e-20,6.5846928461642425e-25,2.0,1200,green
47927.92792792793,13.313313313313314,3.155926595150614e-20,6.584692846068785e-25,2.0,1200,green
48288.28828828829,13.413413413413414,3.1796552180191725e-20,6.58469284598242e-25,2.0,1200,green
48648.648648648654,13.513513513513514,3.2033838408874345e-20,6.584692845904283e-25,2.0,1200,green
49009.00900900901,13.613613613613614,3.2271124637554275e-20,6.584692845833588e-25,2.0,1200,green
49369.36936936937,13.713713713713714,3.2508410866231797e-20,6.584692845769626e-25,2.0,1200,green
49729.729729729734,13.813813813813814,3.274569709490712e-20,6.584692845711758e-25,2.0,1200,green
50090.09009009009,13.913913913913914,3.2982983323580455e-20,6.584692845659401e-25,2.0,1200,green
50450.45045045045,14.014014014014014,3.3220269552252e-20,6.584692845612032e-25,2.0,1200,green
50810.81081081081,14.114114114114114,3.345755578092192e-20,6.584692845569174e-25,2.0,1200,green
51171.17117117117,14.214214214214214,3.369484200959037e-20,6.584692845530399e-25,2.0,1200,green
51531.53153153153,14.314314314314315,3.393212823825749e-20,6.584692845495318e-25,2.0,1200,green
51891.89189189189,14.414414414414415,3.41694144669234e-20,6.584692845463578e-25,2.0,1200,green
52252.252252252256,14.514514514514515,3.440670069558823e-20,6.584692845434861e-25,2.0,1200,green
52612.61261261261,14.614614614614615,3.4643986924252074e-20,6.58469284540888e-25,2.0,1200,green
52972.97297297297,14.714714714714715,3.4881273152915025e-20,6.584692845385374e-25,2.0,1200,green
53333.333333333336,14.814814814814815,3.5118559381577176e-20,6.584692845364106e-25,2.0,1200,green
53693.69369369369,14.914914914914915,3.5355845610238586e-20,6.584692845344865e-25,2.0,1200,green
54054.05405405406,15.015015015015017,3.559313183889935e-20,6.584692845327456e-25,2.0,1200,green
54414.41441441442,15.115115115115117,3.583041806755952e-20,6.584692845311705e-25,2.0,1200,green
54774.77477477478,15.215215215215217,3.606770429621913e-20,6.584692845297455e-25,2.0,1200,green
55135.13513513514,15.315315315315317,3.6304990524878264e-20,6.584692845284562e-25,2.0,1200,green
55495.4954954955,15.415415415415417,3.6542276753536954e-20,6.584692845272897e-25,2.0,1200,green
55855.85585585586,15.515515515515517,3.677956298219524e-20,6.584692845262344e-25,2.0,1200,green
56216.21621621622,15.615615615615617,3.701684921085317e-20,6.584692845252795e-25,2.0,1200,green
56576.57657657658,15.715715715715717,3.725413543951077e-20,6.584692845244156e-25,2.0,1200,green
56936.936936936945,15.815815815815817,3.749142166816808e-20,6.58469284523634e-25,2.0,1200,green
57297.2972972973,15.915915915915917,3.772870789682511e-20,6.584692845229269e-25,2.0,1200,green
57657.65765765766,16.016016016016017,3.7965994125481903e-20,6.584692845222871e-25,2.0,1200,green
58018.018018018025,16.116116116116117,3.820328035413848e-20,6.584692845217082e-25,2.0,1200,green
58378.37837837838,16.216216216216218,3.8440566582794854e-20,6.584692845211845e-25,2.0,1200,green
58738.73873873874,16.316316316316318,3.8677852811451046e-20,6.584692845207107e-25,2.0,1200,green
59099.099099099105,16.416416416416418,3.891513904010708e-20,6.58469284520282e-25,2.0,1200,green
59459.45945945947,16.516516516516518,3.9152425268762974e-20,6.584692845198941e-25,2.0,1200,green
59819.81981981982,16.616616616616618,3.938971149741872e-20,6.584692845195432e-25,2.0,1200,green
60180.180180180185,16.716716716716718,3.962699772607436e-20,6.584692845192257e-25,2.0,1200,green
60540.54054054055,16.816816816816818,3.986428395472988e-20,6.584692845189385e-25,2.0,1200,green
60900.9009009009,16.916916916916918,4.0101570183385306e-20,6.584692845186786e-25,2.0,1200,green
61261.261261261265,17.017017017017018,4.033885641204064e-20,6.584692845184435e-25,2.0,1200,green
61621.62162162163,17.117117117117118,4.05761426406959e-20,6.584692845182308e-25,2.0,1200,green
61981.98198198198,17.217217217217218,4.081342886935108e-20,6.584692845180383e-25,2.0,1200,green
62342.342342342345,17.31731731731732,4.1050715098006194e-20,6.584692845178642e-25,2.0,1200,green
62702.70270270271,17.41741741741742,4.1288001326661255e-20,6.584692845177066e-25,2.0,1200,green
63063.06306306307,17.51751751751752,4.152528755531626e-20,6.584692845175641e-25,2.0,1200,green
63423.423423423425,17.61761761761762,4.1762573783971215e-20,6.584692845174351e-25,2.0,1200,green
63783.78378378379,17.71771771771772,4.199986001262612e-20,6.584692845173184e-25,2.0,1200,green
64144.14414414415,17.81781781781782,4.2237146241280994e-20,6.584692845172129e-25,2.0,1200,green
64504.504504504504,17.91791791791792,4.2474432469935826e-20,6.584692845171173e-25,2.0,1200,green
64864.86486486487,18.01801801801802,4.271171869859062e-20,6.58469284517031e-25,2.0,1200,green
65225.22522522523,18.11811811811812,4.29490049272454e-20,6.584692845169527e-25,2.0,1200,green
65585.58558558559,18.21821821821822,4.318629115590014e-20,6.58469284516882e-25,2.0,1200,green
65945.94594594595,18.31831831831832,4.3423577384554866e-20,6.58469284516818e-25,2.0,1200,green
66306.3063063063,18.41841841841842,4.3660863613209554e-20,6.584692845167601e-25,2.0,1200,green
66666.66666666667,18.51851851851852,4.389814984186424e-20,6.584692845167077e-25,2.0,1200,green
67027.02702702703,18.61861861861862,4.41354360705189e-20,6.584692845166603e-25,2.0,1200,green
67387.3873873874,18.71871871871872,4.437272229917355e-20,6.584692845166174e-25,2.0,1200,green
67747.74774774775,18.81881881881882,4.461000852782818e-20,6.584692845165787e-25,2.0,1200,green
68108.1081081081,18.91891891891892,4.484729475648279e-20,6.584692845165435e-25,2.0,1200,green
68468.46846846848,19.01901901901902,4.50845809851374e-20,6.584692845165118e-25,2.0,1200,green
68828.82882882883,19.11911911911912,4.532186721379199e-20,6.584692845164831e-25,2.0,1200,green
69189.18918918919,19.21921921921922,4.5559153442446575e-20,6.584692845164571e-25,2.0,1200,green
69549.54954954956,19.31931931931932,4.5796439671101155e-20,6.584692845164336e-25,2.0,1200,green
69909.90990990991,19.41941941941942,4.603372589975571e-20,6.584692845164123e-25,2.0,1200,green
70270.27027027027,19.51951951951952,4.627101212841027e-20,6.58469284516393e-25,2.0,1200,green
70630.63063063064,19.61961961961962,4.650829835706483e-20,6.584692845163756e-25,2.0,1200,green
70990.99099099099,19.71971971971972,4.6745584585719377e-20,6.584692845163598e-25,2.0,1200,green
71351.35135135135,19.81981981981982,4.698287081437391e-20,6.584692845163456e-25,2.0,1200,green
71711.71171171172,19.91991991991992,4.722015704302845e-20,6.5846928451633265e-25,2.0,1200,green
72072.07207207207,20.02002002002002,4.745744327168298e-20,6.58469284516321e-25,2.0,1200,green
72432.43243243243,20.12012012012012,4.769472950033751e-20,6.584692845163104e-25,2.0,1200,green
72792.7927927928,20.22022022022022,4.793201572899204e-20,6.584692845163009e-25,2.0,1200,green
73153.15315315315,20.32032032032032,4.816930195764655e-20,6.584692845162922e-25,2.0,1200,green
73513.5135135135,20.42042042042042,4.840658818630107e-20,6.584692845162844e-25,2.0,1200,green
73873.87387387388,20.52052052052052,4.864387441495559e-20,6.584692845162774e-25,2.0,1200,green
74234.23423423423,20.62062062062062,4.8881160643610105e-20,6.584692845162709e-25,2.0,1200,green
74594.5945945946,20.72072072072072,4.911844687226462e-20,6.5846928451626515e-25,2.0,1200,green
74954.95495495496,20.82082082082082,4.9355733100919125e-20,6.584692845162599e-25,2.0,1200,green
75315.31531531531,20.92092092092092,4.9593019329573627e-20,6.584692845162551e-25,2.0,1200,green
75675.67567567568,21.02102102102102,4.983030555822814e-20,6.584692845162509e-25,2.0,1200,green
76036.03603603604,21.12112112112112,5.006759178688264e-20,6.58469284516247e-25,2.0,1200,green
76396.39639639639,21.22122122122122,5.0304878015537136e-20,6.584692845162435e-25,2.0,1200,green
76756.75675675676,21.32132132132132,5.0542164244191644e-20,6.584692845162404e-25,2.0,1200,green
77117.11711711713,21.421421421421424,5.077945047284616e-20,6.584692845162374e-25,2.0,1200,green
77477.47747747749,21.521521521521525,5.101673670150065e-20,6.5846928451623485e-25,2.0,1200,green
77837.83783783785,21.621621621621625,5.1254022930155154e-20,6.584692845162325e-25,2.0,1200,green
78198.19819819821,21.721721721721725,5.149130915880965e-20,6.5846928451623035e-25,2.0,1200,green
78558.55855855856,21.821821821821825,5.1728595387464144e-20,6.584692845162284e-25,2.0,1200,green
78918.91891891893,21.921921921921925,5.1965881616118645e-20,6.584692845162267e-25,2.0,1200,green
79279.27927927929,22.022022022022025,5.2203167844773135e-20,6.584692845162251e-25,2.0,1200,green
79639.63963963964,22.122122122122125,5.244045407342763e-20,6.584692845162237e-25,2.0,1200,green
80000.00000000001,22.222222222222225,5.267774030208213e-20,6.584692845162224e-25,2.0,1200,green
80360.36036036037,22.322322322322325,5.2915026530736626e-20,6.584692845162213e-25,2.0,1200,green
80720.72072072072,22.422422422422425,5.315231275939111e-20,6.5846928451622015e-25,2.0,1200,green
81081.0810810811,22.522522522522525,5.338959898804561e-20,6.584692845162192e-25,2.0,1200,green
81441.44144144145,22.622622622622625,5.36268852167001e-20,6.584692845162183e-25,2.0,1200,green
81801.8018018018,22.722722722722725,5.3864171445354595e-20,6.584692845162176e-25,2.0,1200,green
82162.16216216217,22.822822822822825,5.410145767400909e-20,6.5846928451621685e-25,2.0,1200,green
82522.52252252253,22.922922922922925,5.433874390266358e-20,6.584692845162162e-25,2.0,1200,green
82882.88288288288,23.023023023023026,5.457603013131806e-20,6.5846928451621565e-25,2.0,1200,green
83243.24324324325,23.123123123123126,5.481331635997257e-20,6.584692845162151e-25,2.0,1200,green
83603.60360360361,23.223223223223226,5.505060258862705e-20,6.584692845162146e-25,2.0,1200,green
83963.96396396398,23.323323323323326,5.528788881728155e-20,6.584692845162142e-25,2.0,1200,green
84324.32432432433,23.423423423423426,5.552517504593604e-20,6.584692845162138e-25,2.0,1200,green
84684.68468468469,23.523523523523526,5.576246127459053e-20,6.5846928451621345e-25,2.0,1200,green
85045.04504504506,23.623623623623626,5.599974750324503e-20,6.584692845162132e-25,2.0,1200,green
85405.40540540541,23.723723723723726,5.623703373189952e-20,6.584692845162129e-25,2.0,1200,green
85765.76576576577,23.823823823823826,5.6474319960554e-20,6.584692845162126e-25,2.0,1200,green
86126.12612612614,23.923923923923926,5.67116061892085e-20,6.5846928451621235e-25,2.0,1200,green
86486.4864864865,24.024024024024026,5.694889241786298e-20,6.584692845162122e-25,2.0,1200,green
86846.84684684685,24.124124124124126,5.718617864651747e-20,6.58469284516212e-25,2.0,1200,green
87207.20720720722,24.224224224224226,5.742346487517197e-20,6.584692845162118e-25,2.0,1200,green
87567.56756756757,24.324324324324326,5.766075110382645e-20,6.584692845162116e-25,2.0,1200,green
87927.92792792793,24.424424424424426,5.789803733248094e-20,6.584692845162115e-25,2.0,1200,green
88288.2882882883,24.524524524524526,5.813532356113544e-20,6.584692845162113e-25,2.0,1200,green
88648.64864864865,24.624624624624627,5.837260978978993e-20,6.584692845162112e-25,2.0,1200,green
89009.00900900901,24.724724724724727,5.860989601844441e-20,6.5846928451621115e-25,2.0,1200,green
89369.36936936938,24.824824824824827,5.88471822470989e-20,6.584692845162111e-25,2.0,1200,green
89729.72972972973,24.924924924924927,5.908446847575339e-20,6.58469284516211e-25,2.0,1200,green
90090.0900900901,25.025025025025027,5.93217547044079e-20,6.584692845162109e-25,2.0,1200,green
90450.45045045046,25.125125125125127,5.955904093306238e-20,6.584692845162108e-25,2.0,1200,green
90810.81081081081,25.225225225225227,5.979632716171687e-20,6.584692845162108e-25,2.0,1200,green
91171.17117117118,25.325325325325327,6.003361339037137e-20,6.584692845162107e-25,2.0,1200,green
91531.53153153154,25.425425425425427,6.027089961902586e-20,6.584692845162106e-25,2.0,1200,green
91891.8918918919,25.525525525525527,6.050818584768035e-20,6.584692845162106e-25,2.0,1200,green
92252.25225225226,25.625625625625627,6.074547207633484e-20,6.584692845162105e-25,2.0,1200,green
92612.61261261262,25.725725725725727,6.098275830498933e-20,6.584692845162105e-25,2.0,1200,green
92972.97297297297,25.825825825825827,6.122004453364381e-20,6.584692845162105e-25,2.0,1200,green
93333.33333333334,25.925925925925927,6.145733076229832e-20,6.584692845162104e-25,2.0,1200,green
93693.6936936937,26.026026026026027,6.16946169909528e-20,6.584692845162104e-25,2.0,1200,green
94054.05405405405,26.126126126126128,6.193190321960728e-20,6.584692845162104e-25,2.0,1200,green
94414.41441441442,26.226226226226228,6.216918944826178e-20,6.584692845162103e-25,2.0,1200,green
94774.77477477478,26.326326326326328,6.240647567691626e-20,6.584692845162103e-25,2.0,1200,green
95135.13513513513,26.426426426426428,6.264376190557076e-20,6.584692845162103e-25,2.0,1200,green
95495.4954954955,26.526526526526528,6.288104813422525e-20,6.584692845162103e-25,2.0,1200,green
95855.85585585586,26.626626626626628,6.311833436287974e-20,6.584692845162103e-25,2.0,1200,green
96216.21621621623,26.726726726726728,6.335562059153423e-20,6.584692845162102e-25,2.0,1200,green
96576.57657657658,26.826826826826828,6.359290682018873e-20,6.584692845162102e-25,2.0,1200,green
96936.93693693694,26.926926926926928,6.383019304884321e-20,6.584692845162102e-25,2.0,1200,green
97297.29729729731,27.027027027027028,6.40674792774977e-20,6.584692845162102e-25,2.0,1200,green
97657.65765765766,27.127127127127128,6.430476550615219e-20,6.584692845162102e-25,2.0,1200,green
98018.01801801802,27.227227227227228,6.454205173480667e-20,6.584692845162102e-25,2.0,1200,green
98378.37837837839,27.32732732732733,6.477933796346118e-20,6.584692845162102e-25,2.0,1200,green
98738.73873873874,27.42742742742743,6.501662419211566e-20,6.584692845162102e-25,2.0,1200,green
99099.0990990991,27.52752752752753,6.525391042077014e-20,6.584692845162102e-25,2.0,1200,green
99459.45945945947,27.62762762762763,6.549119664942464e-20,6.584692845162102e-25,2.0,1200,green
99819.81981981982,27.72772772772773,6.572848287807914e-20,6.584692845162102e-25,2.0,1200,green
100180.18018018018,27.82782782782783,6.596576910673362e-20,6.584692845162101e-25,2.0,1200,green
100540.54054054055,27.92792792792793,6.620305533538811e-20,6.584692845162101e-25,2.0,1200,green
100900.9009009009,28.02802802802803,6.64403415640426e-20,6.584692845162101e-25,2.0,1200,green
101261.26126126126,28.12812812812813,6.667762779269708e-20,6.584692845162101e-25,2.0,1200,green
101621.62162162163,28.22822822822823,6.691491402135159e-20,6.584692845162101e-25,2.0,1200,green
101981.98198198198,28.32832832832833,6.715220025000607e-20,6.584692845162101e-25,2.0,1200,green
102342.34234234234,28.42842842842843,6.738948647866055e-20,6.584692845162101e-25,2.0,1200,green
102702.7027027027,28.52852852852853,6.762677270731505e-20,6.584692845162101e-25,2.0,1200,green
103063.06306306306,28.62862862862863,6.786405893596954e-20,6.584692845162101e-25,2.0,1200,green
103423.42342342343,28.72872872872873,6.810134516462404e-20,6.584692845162101e-25,2.0,1200,green
103783.78378378379,28.82882882882883,6.833863139327852e-20,6.584692845162101e-25,2.0,1200,green
104144.14414414414,28.92892892892893,6.857591762193301e-20,6.584692845162101e-25,2.0,1200,green
104504.50450450451,29.02902902902903,6.88132038505875e-20,6.584692845162101e-25,2.0,1200,green
104864.86486486487,29.12912912912913,6.9050490079242e-20,6.584692845162101e-25,2.0,1200,green
105225.22522522522,29.22922922922923,6.928777630789648e-20,6.584692845162101e-25,2.0,1200,green
105585.58558558559,29.32932932932933,6.952506253655098e-20,6.584692845162101e-25,2.0,1200,green
105945.94594594595,29.42942942942943,6.976234876520546e-20,6.584692845162101e-25,2.0,1200,green
106306.3063063063,29.52952952952953,6.999963499385994e-20,6.584692845162101e-25,2.0,1200,green
106666.66666666667,29.62962962962963,7.023692122251445e-20,6.584692845162101e-25,2.0,1200,green
107027.02702702703,29.72972972972973,7.047420745116893e-20,6.584692845162101e-25,2.0,1200,green
107387.38738738738,29.82982982982983,7.071149367982342e-20,6.584692845162101e-25,2.0,1200,green
107747.74774774777,29.929929929929934,7.094877990847792e-20,6.584692845162101e-25,2.0,1200,green
108108.10810810812,30.030030030030034,7.11860661371324e-20,6.584692845162101e-25,2.0,1200,green
108468.46846846848,30.130130130130134,7.14233523657869e-20,6.584692845162101e-25,2.0,1200,green
108828.82882882885,30.230230230230234,7.16606385944414e-20,6.584692845162101e-25,2.0,1200,green
109189.1891891892,30.330330330330334,7.189792482309588e-20,6.584692845162101e-25,2.0,1200,green
109549.54954954956,30.430430430430434,7.213521105175036e-20,6.584692845162101e-25,2.0,1200,green
109909.90990990993,30.530530530530534,7.237249728040486e-20,6.584692845162101e-25,2.0,1200,green
110270.27027027028,30.630630630630634,7.260978350905935e-20,6.584692845162101e-25,2.0,1200,green
110630.63063063064,30.730730730730734,7.284706973771384e-20,6.584692845162101e-25,2.0,1200,green
110990.990990991,30.830830830830834,7.308435596636833e-20,6.584692845162101e-25,2.0,1200,green
111351.35135135136,30.930930930930934,7.332164219502281e-20,6.584692845162101e-25,2.0,1200,green
111711.71171171172,31.031031031031034,7.355892842367731e-20,6.584692845162101e-25,2.0,1200,green
112072.07207207209,31.131131131131134,7.37962146523318e-20,6.584692845162101e-25,2.0,1200,green
112432.43243243244,31.231231231231234,7.403350088098629e-20,6.584692845162101e-25,2.0,1200,green
112792.79279279281,31.331331331331334,7.427078710964078e-20,6.584692845162101e-25,2.0,1200,green
113153.15315315317,31.431431431431434,7.450807333829527e-20,6.584692845162101e-25,2.0,1200,green
113513.51351351352,31.531531531531535,7.474535956694976e-20,6.584692845162101e-25,2.0,1200,green
113873.87387387389,31.631631631631635,7.498264579560426e-20,6.584692845162101e-25,2.0,1200,green
114234.23423423425,31.731731731731735,7.521993202425874e-20,6.584692845162101e-25,2.0,1200,green
114594.5945945946,31.831831831831835,7.545721825291322e-20,6.584692845162101e-25,2.0,1200,green
114954.95495495497,31.931931931931935,7.569450448156772e-20,6.584692845162101e-25,2.0,1200,green
115315.31531531533,32.032032032032035,7.593179071022221e-20,6.584692845162101e-25,2.0,1200,green
115675.67567567568,32.132132132132135,7.61690769388767e-20,6.584692845162101e-25,2.0,1200,green
116036.03603603605,32.232232232232235,7.640636316753119e-20,6.584692845162101e-25,2.0,1200,green
116396.3963963964,32.332332332332335,7.664364939618568e-20,6.584692845162101e-25,2.0,1200,green
116756.75675675676,32.432432432432435,7.688093562484017e-20,6.584692845162101e-25,2.0,1200,green
117117.11711711713,32.532532532532535,7.711822185349467e-20,6.584692845162101e-25,2.0,1200,green
117477.47747747749,32.632632632632635,7.735550808214915e-20,6.584692845162101e-25,2.0,1200,green
117837.83783783784,32.732732732732735,7.759279431080363e-20,6.584692845162101e-25,2.0,1200,green
118198.19819819821,32.832832832832835,7.783008053945813e-20,6.584692845162101e-25,2.0,1200,green
118558.55855855856,32.932932932932935,7.806736676811262e-20,6.584692845162101e-25,2.0,1200,green
118918.91891891893,33.033033033033036,7.830465299676712e-20,6.584692845162101e-25,2.0,1200,green
119279.27927927929,33.133133133133136,7.85419392254216e-20,6.584692845162101e-25,2.0,1200,green
119639.63963963964,33.233233233233236,7.877922545407609e-20,6.584692845162101e-25,2.0,1200,green
120000.00000000001,33.333333333333336,7.901651168273058e-20,6.584692845162101e-25,2.0,1200,green
120360.36036036037,33.433433433433436,7.925379791138508e-20,6.584692845162101e-25,2.0,1200,green
120720.72072072072,33.533533533533536,7.949108414003956e-20,6.584692845162101e-25,2.0,1200,green
121081.0810810811,33.633633633633636,7.972837036869405e-20,6.584692845162101e-25,2.0,1200,green
121441.44144144145,33.733733733733736,7.996565659734854e-20,6.584692845162101e-25,2.0,1200,green
121801.8018018018,33.833833833833836,8.020294282600303e-20,6.584692845162101e-25,2.0,1200,green
122162.16216216217,33.933933933933936,8.044022905465753e-20,6.584692845162101e-25,2.0,1200,green
122522.52252252253,34.034034034034036,8.067751528331201e-20,6.584692845162101e-25,2.0,1200,green
122882.88288288288,34.134134134134136,8.09148015119665e-20,6.584692845162101e-25,2.0,1200,green
123243.24324324325,34.234234234234236,8.115208774062099e-20,6.584692845162101e-25,2.0,1200,green
123603.60360360361,34.334334334334336,8.138937396927548e-20,6.584692845162101e-25,2.0,1200,green
123963.96396396396,34.434434434434436,8.162666019792997e-20,6.584692845162101e-25,2.0,1200,green
124324.32432432433,34.53453453453454,8.186394642658446e-20,6.584692845162101e-25,2.0,1200,green
124684.68468468469,34.63463463463464,8.210123265523895e-20,6.584692845162101e-25,2.0,1200,green
125045.04504504506,34.73473473473474,8.233851888389344e-20,6.584692845162101e-25,2.0,1200,green
125405.40540540541,34.83483483483484,8.257580511254794e-20,6.584692845162101e-25,2.0,1200,green
125765.76576576577,34.93493493493494,8.281309134120242e-20,6.584692845162101e-25,2.0,1200,green
126126.12612612614,35.03503503503504,8.305037756985692e-20,6.584692845162101e-25,2.0,1200,green
126486.4864864865,35.13513513513514,8.32876637985114e-20,6.584692845162101e-25,2.0,1200,green
126846.84684684685,35.23523523523524,8.35249500271659e-20,6.584692845162101e-25,2.0,1200,green
127207.20720720722,35.33533533533534,8.376223625582039e-20,6.584692845162101e-25,2.0,1200,green
127567.56756756757,35.43543543543544,8.399952248447487e-20,6.584692845162101e-25,2.0,1200,green
127927.92792792793,35.53553553553554,8.423680871312936e-20,6.584692845162101e-25,2.0,1200,green
128288.2882882883,35.63563563563564,8.447409494178385e-20,6.584692845162101e-25,2.0,1200,green
128648.64864864865,35.73573573573574,8.471138117043835e-20,6.584692845162101e-25,2.0,1200,green
129009.00900900901,35.83583583583584,8.494866739909283e-20,6.584692845162101e-25,2.0,1200,green
129369.36936936938,35.93593593593594,8.518595362774732e-20,6.584692845162101e-25,2.0,1200,green
129729.72972972973,36.03603603603604,8.542323985640181e-20,6.584692845162101e-25,2.0,1200,green
130090.09009009009,36.13613613613614,8.56605260850563e-20,6.584692845162101e-25,2.0,1200,green
130450.45045045046,36.23623623623624,8.58978123137108e-20,6.584692845162101e-25,2.0,1200,green
130810.81081081081,36.33633633633634,8.613509854236528e-20,6.584692845162101e-25,2.0,1200,green
131171.17117117118,36.43643643643644,8.637238477101978e-20,6.584692845162101e-25,2.0,1200,green
131531.53153153154,36.53653653653654,8.660967099967426e-20,6.584692845162101e-25,2.0,1200,green
131891.8918918919,36.63663663663664,8.684695722832876e-20,6.584692845162101e-25,2.0,1200,green
132252.25225225225,36.73673673673674,8.708424345698324e-20,6.584692845162101e-25,2.0,1200,green
132612.6126126126,36.83683683683684,8.732152968563772e-20,6.584692845162101e-25,2.0,1200,green
132972.972972973,36.93693693693694,8.755881591429223e-20,6.584692845162101e-25,2.0,1200,green
133333.33333333334,37.03703703703704,8.779610214294671e-20,6.584692845162101e-25,2.0,1200,green
133693.6936936937,37.13713713713714,8.803338837160121e-20,6.584692845162101e-25,2.0,1200,green
134054.05405405405,37.23723723723724,8.827067460025569e-20,6.584692845162101e-25,2.0,1200,green
134414.4144144144,37.33733733733734,8.850796082891017e-20,6.584692845162101e-25,2.0,1200,green
134774.7747747748,37.43743743743744,8.874524705756468e-20,6.584692845162101e-25,2.0,1200,green
135135.13513513515,37.53753753753754,8.898253328621916e-20,6.584692845162101e-25,2.0,1200,green
135495.4954954955,37.63763763763764,8.921981951487366e-20,6.584692845162101e-25,2.0,1200,green
135855.85585585586,37.73773773773774,8.945710574352814e-20,6.584692845162101e-25,2.0,1200,green
136216.2162162162,37.83783783783784,8.969439197218263e-20,6.584692845162101e-25,2.0,1200,green
136576.57657657657,37.93793793793794,8.993167820083712e-20,6.584692845162101e-25,2.0,1200,green
136936.93693693695,38.03803803803804,9.016896442949162e-20,6.584692845162101e-25,2.0,1200,green
137297.2972972973,38.13813813813814,9.040625065814611e-20,6.584692845162101e-25,2.0,1200,green
137657.65765765766,38.23823823823824,9.06435368868006e-20,6.584692845162101e-25,2.0,1200,green
138018.01801801802,38.33833833833834,9.088082311545508e-20,6.584692845162101e-25,2.0,1200,green
138378.37837837837,38.43843843843844,9.111810934410957e-20,6.584692845162101e-25,2.0,1200,green
138738.73873873873,38.53853853853854,9.135539557276406e-20,6.584692845162101e-25,2.0,1200,green
139099.0990990991,38.63863863863864,9.159268180141856e-20,6.584692845162101e-25,2.0,1200,green
139459.45945945947,38.73873873873874,9.182996803007305e-20,6.584692845162101e-25,2.0,1200,green
139819.81981981982,38.83883883883884,9.206725425872753e-20,6.584692845162101e-25,2.0,1200,green
140180.18018018018,38.93893893893894,9.230454048738203e-20,6.584692845162101e-25,2.0,1200,green
140540.54054054053,39.03903903903904,9.254182671603651e-20,6.584692845162101e-25,2.0,1200,green
140900.9009009009,39.13913913913914,9.277911294469099e-20,6.584692845162101e-25,2.0,1200,green
141261.26126126127,39.23923923923924,9.30163991733455e-20,6.584692845162101e-25,2.0,1200,green
141621.62162162163,39.33933933933934,9.325368540199998e-20,6.584692845162101e-25,2.0,1200,green
141981.98198198198,39.43943943943944,9.349097163065448e-20,6.584692845162101e-25,2.0,1200,green
142342.34234234234,39.53953953953954,9.372825785930896e-20,6.584692845162101e-25,2.0,1200,green
142702.7027027027,39.63963963963964,9.396554408796344e-20,6.584692845162101e-25,2.0,1200,green
143063.06306306308,39.73973973973974,9.420283031661795e-20,6.584692845162101e-25,2.0,1200,green
143423.42342342343,39.83983983983984,9.444011654527243e-20,6.584692845162101e-25,2.0,1200,green
143783.7837837838,39.93993993993994,9.467740277392693e-20,6.584692845162101e-25,2.0,1200,green
144144.14414414414,40.04004004004004,9.491468900258141e-20,6.584692845162101e-25,2.0,1200,green
144504.5045045045,40.14014014014014,9.51519752312359e-20,6.584692845162101e-25,2.0,1200,green
144864.86486486485,40.24024024024024,9.538926145989039e-20,6.584692845162101e-25,2.0,1200,green
145225.22522522524,40.34034034034034,9.562654768854489e-20,6.584692845162101e-25,2.0,1200,green
145585.5855855856,40.44044044044044,9.586383391719938e-20,6.584692845162101e-25,2.0,1200,green
145945.94594594595,40.54054054054054,9.610112014585387e-20,6.584692845162101e-25,2.0,1200,green
146306.3063063063,40.64064064064064,9.633840637450835e-20,6.584692845162101e-25,2.0,1200,green
146666.66666666666,40.74074074074074,9.657569260316284e-20,6.584692845162101e-25,2.0,1200,green
147027.027027027,40.84084084084084,9.681297883181733e-20,6.584692845162101e-25,2.0,1200,green
147387.3873873874,40.94094094094094,9.705026506047183e-20,6.584692845162101e-25,2.0,1200,green
147747.74774774775,41.04104104104104,9.728755128912632e-20,6.584692845162101e-25,2.0,1200,green
148108.1081081081,41.14114114114114,9.75248375177808e-20,6.584692845162101e-25,2.0,1200,green
148468.46846846846,41.24124124124124,9.77621237464353e-20,6.584692845162101e-25,2.0,1200,green
148828.82882882882,41.34134134134134,9.799940997508978e-20,6.584692845162101e-25,2.0,1200,green
149189.1891891892,41.44144144144144,9.823669620374429e-20,6.584692845162101e-25,2.0,1200,green
149549.54954954956,41.54154154154154,9.847398243239877e-20,6.584692845162101e-25,2.0,1200,green
149909.9099099099,41.64164164164164,9.871126866105325e-20,6.584692845162101e-25,2.0,1200,green
150270.27027027027,41.74174174174174,9.894855488970775e-20,6.584692845162101e-25,2.0,1200,green
150630.63063063062,41.84184184184184,9.918584111836223e-20,6.584692845162101e-25,2.0,1200,green
150990.99099099098,41.94194194194194,9.942312734701671e-20,6.584692845162101e-25,2.0,1200,green
151351.35135135136,42.04204204204204,9.966041357567122e-20,6.584692845162101e-25,2.0,1200,green
151711.71171171172,42.14214214214214,9.98976998043257e-20,6.584692845162101e-25,2.0,1200,green
152072.07207207207,42.24224224224224,1.001349860329802e-19,6.584692845162101e-25,2.0,1200,green
152432.43243243243,42.34234234234234,1.0037227226163468e-19,6.584692845162101e-25,2.0,1200,green
152792.79279279278,42.44244244244244,1.0060955849028917e-19,6.584692845162101e-25,2.0,1200,green
153153.15315315314,42.54254254254254,1.0084684471894366e-19,6.584692845162101e-25,2.0,1200,green
153513.51351351352,42.64264264264264,1.0108413094759816e-19,6.584692845162101e-25,2.0,1200,green
153873.8738738739,42.74274274274275,1.0132141717625266e-19,6.584692845162101e-25,2.0,1200,green
154234.23423423426,42.84284284284285,1.0155870340490716e-19,6.584692845162101e-25,2.0,1200,green
154594.59459459462,42.94294294294295,1.0179598963356164e-19,6.584692845162101e-25,2.0,1200,green
154954.95495495497,43.04304304304305,1.0203327586221613e-19,6.584692845162101e-25,2.0,1200,green
155315.31531531533,43.14314314314315,1.0227056209087062e-19,6.584692845162101e-25,2.0,1200,green
155675.6756756757,43.24324324324325,1.0250784831952512e-19,6.584692845162101e-25,2.0,1200,green
156036.03603603606,43.34334334334335,1.0274513454817961e-19,6.584692845162101e-25,2.0,1200,green
156396.39639639642,43.44344344344345,1.029824207768341e-19,6.584692845162101e-25,2.0,1200,green
156756.75675675677,43.54354354354355,1.0321970700548858e-19,6.584692845162101e-25,2.0,1200,green
157117.11711711713,43.64364364364365,1.0345699323414307e-19,6.584692845162101e-25,2.0,1200,green
157477.47747747749,43.74374374374375,1.0369427946279756e-19,6.584692845162101e-25,2.0,1200,green
157837.83783783787,43.84384384384385,1.0393156569145206e-19,6.584692845162101e-25,2.0,1200,green
158198.19819819822,43.94394394394395,1.0416885192010655e-19,6.584692845162101e-25,2.0,1200,green
158558.55855855858,44.04404404404405,1.0440613814876103e-19,6.584692845162101e-25,2.0,1200,green
158918.91891891893,44.14414414414415,1.0464342437741553e-19,6.584692845162101e-25,2.0,1200,green
159279.2792792793,44.24424424424425,1.0488071060607001e-19,6.584692845162101e-25,2.0,1200,green
159639.63963963967,44.34434434434435,1.0511799683472452e-19,6.584692845162101e-25,2.0,1200,green
160000.00000000003,44.44444444444445,1.05355283063379e-19,6.584692845162101e-25,2.0,1200,green
160360.36036036038,44.54454454454455,1.0559256929203348e-19,6.584692845162101e-25,2.0,1200,green
160720.72072072074,44.64464464464465,1.0582985552068798e-19,6.584692845162101e-25,2.0,1200,green
161081.0810810811,44.74474474474475,1.0606714174934246e-19,6.584692845162101e-25,2.0,1200,green
161441.44144144145,44.84484484484485,1.0630442797799694e-19,6.584692845162101e-25,2.0,1200,green
161801.80180180183,44.94494494494495,1.0654171420665145e-19,6.584692845162101e-25,2.0,1200,green
162162.1621621622,45.04504504504505,1.0677900043530594e-19,6.584692845162101e-25,2.0,1200,green
162522.52252252254,45.14514514514515,1.0701628666396043e-19,6.584692845162101e-25,2.0,1200,green
162882.8828828829,45.24524524524525,1.0725357289261491e-19,6.584692845162101e-25,2.0,1200,green
163243.24324324325,45.34534534534535,1.074908591212694e-19,6.584692845162101e-25,2.0,1200,green
163603.6036036036,45.44544544544545,1.0772814534992389e-19,6.584692845162101e-25,2.0,1200,green
163963.963963964,45.54554554554555,1.0796543157857839e-19,6.584692845162101e-25,2.0,1200,green
164324.32432432435,45.64564564564565,1.0820271780723288e-19,6.584692845162101e-25,2.0,1200,green
164684.6846846847,45.74574574574575,1.0844000403588737e-19,6.584692845162101e-25,2.0,1200,green
165045.04504504506,45.84584584584585,1.0867729026454185e-19,6.584692845162101e-25,2.0,1200,green
165405.4054054054,45.94594594594595,1.0891457649319633e-19,6.584692845162101e-25,2.0,1200,green
165765.76576576577,46.04604604604605,1.0915186272185082e-19,6.584692845162101e-25,2.0,1200,green
166126.12612612615,46.14614614614615,1.0938914895050532e-19,6.584692845162101e-25,2.0,1200,green
166486.4864864865,46.24624624624625,1.0962643517915983e-19,6.584692845162101e-25,2.0,1200,green
166846.84684684686,46.34634634634635,1.0986372140781431e-19,6.584692845162101e-25,2.0,1200,green
167207.20720720722,46.44644644644645,1.101010076364688e-19,6.584692845162101e-25,2.0,1200,green
167567.56756756757,46.54654654654655,1.1033829386512328e-19,6.584692845162101e-25,2.0,1200,green
167927.92792792796,46.64664664664665,1.1057558009377779e-19,6.584692845162101e-25,2.0,1200,green
168288.2882882883,46.74674674674675,1.1081286632243227e-19,6.584692845162101e-25,2.0,1200,green
168648.64864864867,46.84684684684685,1.1105015255108675e-19,6.584692845162101e-25,2.0,1200,green
169009.00900900902,46.94694694694695,1.1128743877974124e-19,6.584692845162101e-25,2.0,1200,green
169369.36936936938,47.04704704704705,1.1152472500839572e-19,6.584692845162101e-25,2.0,1200,green
169729.72972972973,47.14714714714715,1.1176201123705023e-19,6.584692845162101e-25,2.0,1200,green
170090.09009009012,47.24724724724725,1.1199929746570473e-19,6.584692845162101e-25,2.0,1200,green
170450.45045045047,47.34734734734735,1.1223658369435922e-19,6.584692845162101e-25,2.0,1200,green
170810.81081081083,47.44744744744745,1.124738699230137e-19,6.584692845162101e-25,2.0,1200,green
171171.17117117118,47.54754754754755,1.1271115615166818e-19,6.584692845162101e-25,2.0,1200,green
171531.53153153154,47.64764764764765,1.1294844238032267e-19,6.584692845162101e-25,2.0,1200,green
171891.8918918919,47.74774774774775,1.1318572860897715e-19,6.584692845162101e-25,2.0,1200,green
172252.25225225228,47.84784784784785,1.1342301483763166e-19,6.584692845162101e-25,2.0,1200,green
172612.61261261263,47.94794794794795,1.1366030106628614e-19,6.584692845162101e-25,2.0,1200,green
172972.972972973,48.04804804804805,1.1389758729494062e-19,6.584692845162101e-25,2.0,1200,green
173333.33333333334,48.14814814814815,1.1413487352359513e-19,6.584692845162101e-25,2.0,1200,green
173693.6936936937,48.24824824824825,1.1437215975224961e-19,6.584692845162101e-25,2.0,1200,green
174054.05405405408,48.34834834834835,1.1460944598090412e-19,6.584692845162101e-25,2.0,1200,green
174414.41441441444,48.44844844844845,1.148467322095586e-19,6.584692845162101e-25,2.0,1200,green
174774.7747747748,48.54854854854855,1.150840184382131e-19,6.584692845162101e-25,2.0,1200,green
175135.13513513515,48.64864864864865,1.1532130466686757e-19,6.584692845162101e-25,2.0,1200,green
175495.4954954955,48.74874874874875,1.1555859089552206e-19,6.584692845162101e-25,2.0,1200,green
175855.85585585586,48.84884884884885,1.1579587712417654e-19,6.584692845162101e-25,2.0,1200,green
176216.21621621624,48.94894894894895,1.1603316335283105e-19,6.584692845162101e-25,2.0,1200,green
176576.5765765766,49.04904904904905,1.1627044958148555e-19,6.584692845162101e-25,2.0,1200,green
176936.93693693695,49.14914914914915,1.1650773581014004e-19,6.584692845162101e-25,2.0,1200,green
177297.2972972973,49.24924924924925,1.1674502203879452e-19,6.584692845162101e-25,2.0,1200,green
177657.65765765766,49.34934934934935,1.16982308267449e-19,6.584692845162101e-25,2.0,1200,green
178018.01801801802,49.44944944944945,1.1721959449610349e-19,6.584692845162101e-25,2.0,1200,green
178378.3783783784,49.54954954954955,1.17456880724758e-19,6.584692845162101e-25,2.0,1200,green
178738.73873873876,49.64964964964965,1.1769416695341248e-19,6.584692845162101e-25,2.0,1200,green
179099.0990990991,49.74974974974975,1.1793145318206696e-19,6.584692845162101e-25,2.0,1200,green
179459.45945945947,49.84984984984985,1.1816873941072144e-19,6.584692845162101e-25,2.0,1200,green
179819.81981981982,49.94994994994995,1.1840602563937595e-19,6.584692845162101e-25,2.0,1200,green
180180.1801801802,50.050050050050054,1.1864331186803046e-19,6.584692845162101e-25,2.0,1200,green
180540.54054054056,50.150150150150154,1.1888059809668494e-19,6.584692845162101e-25,2.0,1200,green
180900.90090090092,50.250250250250254,1.1911788432533942e-19,6.584692845162101e-25,2.0,1200,green
181261.26126126127,50.350350350350354,1.193551705539939e-19,6.584692845162101e-25,2.0,1200,green
181621.62162162163,50.450450450450454,1.195924567826484e-19,6.584692845162101e-25,2.0,1200,green
181981.98198198198,50.550550550550554,1.1982974301130287e-19,6.584692845162101e-25,2.0,1200,green
182342.34234234237,50.650650650650654,1.2006702923995738e-19,6.584692845162101e-25,2.0,1200,green
182702.70270270272,50.750750750750754,1.2030431546861186e-19,6.584692845162101e-25,2.0,1200,green
183063.06306306308,50.850850850850854,1.2054160169726637e-19,6.584692845162101e-25,2.0,1200,green
183423.42342342343,50.950950950950954,1.2077888792592085e-19,6.584692845162101e-25,2.0,1200,green
183783.7837837838,51.051051051051054,1.2101617415457534e-19,6.584692845162101e-25,2.0,1200,green
184144.14414414414,51.151151151151154,1.2125346038322982e-19,6.584692845162101e-25,2.0,1200,green
184504.50450450453,51.251251251251254,1.2149074661188433e-19,6.584692845162101e-25,2.0,1200,green
184864.86486486488,51.351351351351354,1.217280328405388e-19,6.584692845162101e-25,2.0,1200,green
185225.22522522524,51.451451451451454,1.219653190691933e-19,6.584692845162101e-25,2.0,1200,green
185585.5855855856,51.551551551551555,1.2220260529784778e-19,6.584692845162101e-25,2.0,1200,green
185945.94594594595,51.651651651651655,1.2243989152650226e-19,6.584692845162101e-25,2.0,1200,green
186306.30630630633,51.751751751751755,1.2267717775515677e-19,6.584692845162101e-25,2.0,1200,green
186666.6666666667,51.851851851851855,1.2291446398381128e-19,6.584692845162101e-25,2.0,1200,green
187027.02702702704,51.951951951951955,1.2315175021246576e-19,6.584692845162101e-25,2.0,1200,green
187387.3873873874,52.052052052052055,1.2338903644112024e-19,6.584692845162101e-25,2.0,1200,green
187747.74774774775,52.152152152152155,1.2362632266977473e-19,6.584692845162101e-25,2.0,1200,green
188108.1081081081,52.252252252252255,1.238636088984292e-19,6.584692845162101e-25,2.0,1200,green
188468.4684684685,52.352352352352355,1.2410089512708372e-19,6.584692845162101e-25,2.0,1200,green
188828.82882882885,52.452452452452455,1.243381813557382e-19,6.584692845162101e-25,2.0,1200,green
189189.1891891892,52.552552552552555,1.2457546758439268e-19,6.584692845162101e-25,2.0,1200,green
189549.54954954956,52.652652652652655,1.2481275381304717e-19,6.584692845162101e-25,2.0,1200,green
189909.9099099099,52.752752752752755,1.2505004004170167e-19,6.584692845162101e-25,2.0,1200,green
190270.27027027027,52.852852852852855,1.2528732627035616e-19,6.584692845162101e-25,2.0,1200,green
190630.63063063065,52.952952952952955,1.2552461249901066e-19,6.584692845162101e-25,2.0,1200,green
190990.990990991,53.053053053053056,1.2576189872766515e-19,6.584692845162101e-25,2.0,1200,green
191351.35135135136,53.153153153153156,1.2599918495631963e-19,6.584692845162101e-25,2.0,1200,green
191711.71171171172,53.253253253253256,1.2623647118497411e-19,6.584692845162101e-25,2.0,1200,green
192072.07207207207,53.353353353353356,1.264737574136286e-19,6.584692845162101e-25,2.0,1200,green
192432.43243243246,53.453453453453456,1.267110436422831e-19,6.584692845162101e-25,2.0,1200,green
192792.7927927928,53.553553553553556,1.2694832987093759e-19,6.584692845162101e-25,2.0,1200,green
193153.15315315317,53.653653653653656,1.271856160995921e-19,6.584692845162101e-25,2.0,1200,green
193513.51351351352,53.753753753753756,1.2742290232824658e-19,6.584692845162101e-25,2.0,1200,green
193873.87387387388,53.853853853853856,1.2766018855690106e-19,6.584692845162101e-25,2.0,1200,green
194234.23423423423,53.953953953953956,1.2789747478555554e-19,6.584692845162101e-25,2.0,1200,green
194594.59459459462,54.054054054054056,1.2813476101421005e-19,6.584692845162101e-25,2.0,1200,green
194954.95495495497,54.154154154154156,1.2837204724286453e-19,6.584692845162101e-25,2.0,1200,green
195315.31531531533,54.254254254254256,1.2860933347151902e-19,6.584692845162101e-25,2.0,1200,green
195675.67567567568,54.354354354354356,1.288466197001735e-19,6.584692845162101e-25,2.0,1200,green
196036.03603603604,54.454454454454456,1.2908390592882798e-19,6.584692845162101e-25,2.0,1200,green
196396.3963963964,54.55455455455456,1.293211921574825e-19,6.584692845162101e-25,2.0,1200,green
196756.75675675677,54.65465465465466,1.29558478386137e-19,6.584692845162101e-25,2.0,1200,green
197117.11711711713,54.75475475475476,1.2979576461479148e-19,6.584692845162101e-25,2.0,1200,green
197477.47747747749,54.85485485485486,1.3003305084344596e-19,6.584692845162101e-25,2.0,1200,green
197837.83783783784,54.95495495495496,1.3027033707210045e-19,6.584692845162101e-25,2.0,1200,green
198198.1981981982,55.05505505505506,1.3050762330075493e-19,6.584692845162101e-25,2.0,1200,green
198558.55855855855,55.15515515515516,1.3074490952940941e-19,6.584692845162101e-25,2.0,1200,green
198918.91891891893,55.25525525525526,1.3098219575806392e-19,6.584692845162101e-25,2.0,1200,green
199279.2792792793,55.35535535535536,1.312194819867184e-19,6.584692845162101e-25,2.0,1200,green
199639.63963963964,55.45545545545546,1.314567682153729e-19,6.584692845162101e-25,2.0,1200,green
200000.0,55.55555555555556,1.316940544440274e-19,6.584692845162101e-25,2.0,1200,green
200360.36036036036,55.65565565565566,1.3193134067268188e-19,6.584692845162101e-25,2.0,1200,green
200720.72072072074,55.75575575575576,1.3216862690133639e-19,6.584692845162101e-25,2.0,1200,green
201081.0810810811,55.85585585585586,1.3240591312999087e-19,6.584692845162101e-25,2.0,1200,green
201441.44144144145,55.95595595595596,1.3264319935864535e-19,6.584692845162101e-25,2.0,1200,green
201801.8018018018,56.05605605605606,1.3288048558729984e-19,6.584692845162101e-25,2.0,1200,green
202162.16216216216,56.15615615615616,1.3311777181595432e-19,6.584692845162101e-25,2.0,1200,green
202522.52252252251,56.25625625625626,1.333550580446088e-19,6.584692845162101e-25,2.0,1200,green
202882.8828828829,56.35635635635636,1.335923442732633e-19,6.584692845162101e-25,2.0,1200,green
203243.24324324325,56.45645645645646,1.3382963050191782e-19,6.584692845162101e-25,2.0,1200,green
203603.6036036036,56.55655655655656,1.340669167305723e-19,6.584692845162101e-25,2.0,1200,green
203963.96396396396,56.65665665665666,1.3430420295922678e-19,6.584692845162101e-25,2.0,1200,green
204324.32432432432,56.75675675675676,1.3454148918788127e-19,6.584692845162101e-25,2.0,1200,green
204684.68468468467,56.85685685685686,1.3477877541653575e-19,6.584692845162101e-25,2.0,1200,green
205045.04504504506,56.95695695695696,1.3501606164519026e-19,6.584692845162101e-25,2.0,1200,green
205405.4054054054,57.05705705705706,1.3525334787384474e-19,6.584692845162101e-25,2.0,1200,green
205765.76576576577,57.15715715715716,1.3549063410249922e-19,6.584692845162101e-25,2.0,1200,green
206126.12612612612,57.25725725725726,1.3572792033115373e-19,6.584692845162101e-25,2.0,1200,green
206486.48648648648,57.35735735735736,1.3596520655980821e-19,6.584692845162101e-25,2.0,1200,green
206846.84684684686,57.45745745745746,1.3620249278846272e-19,6.584692845162101e-25,2.0,1200,green
207207.20720720722,57.55755755755756,1.364397790171172e-19,6.584692845162101e-25,2.0,1200,green
207567.56756756757,57.65765765765766,1.3667706524577169e-19,6.584692845162101e-25,2.0,1200,green
207927.92792792793,57.75775775775776,1.3691435147442617e-19,6.584692845162101e-25,2.0,1200,green
208288.28828828828,57.85785785785786,1.3715163770308065e-19,6.584692845162101e-25,2.0,1200,green
208648.64864864864,57.95795795795796,1.3738892393173514e-19,6.584692845162101e-25,2.0,1200,green
209009.00900900902,58.05805805805806,1.3762621016038964e-19,6.584692845162101e-25,2.0,1200,green
209369.36936936938,58.15815815815816,1.3786349638904413e-19,6.584692845162101e-25,2.0,1200,green
209729.72972972973,58.25825825825826,1.3810078261769863e-19,6.584692845162101e-25,2.0,1200,green
210090.0900900901,58.35835835835836,1.3833806884635312e-19,6.584692845162101e-25,2.0,1200,green
210450.45045045044,58.45845845845846,1.385753550750076e-19,6.584692845162101e-25,2.0,1200,green
210810.8108108108,58.55855855855856,1.3881264130366208e-19,6.584692845162101e-25,2.0,1200,green
211171.17117117118,58.65865865865866,1.390499275323166e-19,6.584692845162101e-25,2.0,1200,green
211531.53153153154,58.75875875875876,1.3928721376097107e-19,6.584692845162101e-25,2.0,1200,green
211891.8918918919,58.85885885885886,1.3952449998962556e-19,6.584692845162101e-25,2.0,1200,green
212252.25225225225,58.95895895895896,1.3976178621828004e-19,6.584692845162101e-25,2.0,1200,green
212612.6126126126,59.05905905905906,1.3999907244693452e-19,6.584692845162101e-25,2.0,1200,green
212972.972972973,59.15915915915916,1.4023635867558903e-19,6.584692845162101e-25,2.0,1200,green
213333.33333333334,59.25925925925926,1.4047364490424354e-19,6.584692845162101e-25,2.0,1200,green
213693.6936936937,59.35935935935936,1.4071093113289802e-19,6.584692845162101e-25,2.0,1200,green
214054.05405405405,59.45945945945946,1.409482173615525e-19,6.584692845162101e-25,2.0,1200,green
214414.4144144144,59.55955955955956,1.41185503590207e-19,6.584692845162101e-25,2.0,1200,green
214774.77477477476,59.65965965965966,1.4142278981886147e-19,6.584692845162101e-25,2.0,1200,green
215135.13513513515,59.75975975975976,1.4166007604751598e-19,6.584692845162101e-25,2.0,1200,green
215495.49549549553,59.85985985985987,1.4189736227617049e-19,6.584692845162101e-25,2.0,1200,green
215855.8558558559,59.95995995995997,1.4213464850482497e-19,6.584692845162101e-25,2.0,1200,green
216216.21621621624,60.06006006006007,1.4237193473347945e-19,6.584692845162101e-25,2.0,1200,green
216576.5765765766,60.16016016016017,1.4260922096213394e-19,6.584692845162101e-25,2.0,1200,green
216936.93693693695,60.26026026026027,1.4284650719078844e-19,6.584692845162101e-25,2.0,1200,green
217297.29729729734,60.36036036036037,1.4308379341944295e-19,6.584692845162101e-25,2.0,1200,green
217657.6576576577,60.46046046046047,1.4332107964809743e-19,6.584692845162101e-25,2.0,1200,green
218018.01801801805,60.56056056056057,1.4355836587675192e-19,6.584692845162101e-25,2.0,1200,green
218378.3783783784,60.66066066066067,1.437956521054064e-19,6.584692845162101e-25,2.0,1200,green
218738.73873873876,60.76076076076077,1.4403293833406088e-19,6.584692845162101e-25,2.0,1200,green
219099.0990990991,60.86086086086087,1.4427022456271537e-19,6.584692845162101e-25,2.0,1200,green
219459.4594594595,60.96096096096097,1.4450751079136987e-19,6.584692845162101e-25,2.0,1200,green
219819.81981981985,61.06106106106107,1.4474479702002436e-19,6.584692845162101e-25,2.0,1200,green
220180.1801801802,61.16116116116117,1.4498208324867884e-19,6.584692845162101e-25,2.0,1200,green
220540.54054054056,61.26126126126127,1.4521936947733335e-19,6.584692845162101e-25,2.0,1200,green
220900.90090090092,61.36136136136137,1.4545665570598783e-19,6.584692845162101e-25,2.0,1200,green
221261.26126126127,61.46146146146147,1.4569394193464231e-19,6.584692845162101e-25,2.0,1200,green
221621.62162162166,61.56156156156157,1.4593122816329682e-19,6.584692845162101e-25,2.0,1200,green
221981.981981982,61.66166166166167,1.461685143919513e-19,6.584692845162101e-25,2.0,1200,green
222342.34234234237,61.76176176176177,1.4640580062060579e-19,6.584692845162101e-25,2.0,1200,green
222702.70270270272,61.86186186186187,1.4664308684926027e-19,6.584692845162101e-25,2.0,1200,green
223063.06306306308,61.96196196196197,1.4688037307791475e-19,6.584692845162101e-25,2.0,1200,green
223423.42342342343,62.06206206206207,1.4711765930656926e-19,6.584692845162101e-25,2.0,1200,green
223783.78378378382,62.16216216216217,1.4735494553522377e-19,6.584692845162101e-25,2.0,1200,green
224144.14414414417,62.26226226226227,1.4759223176387825e-19,6.584692845162101e-25,2.0,1200,green
224504.50450450453,62.36236236236237,1.4782951799253274e-19,6.584692845162101e-25,2.0,1200,green
224864.86486486488,62.46246246246247,1.4806680422118722e-19,6.584692845162101e-25,2.0,1200,green
225225.22522522524,62.56256256256257,1.483040904498417e-19,6.584692845162101e-25,2.0,1200,green
225585.58558558562,62.66266266266267,1.485413766784962e-19,6.584692845162101e-25,2.0,1200,green
225945.94594594598,62.76276276276277,1.487786629071507e-19,6.584692845162101e-25,2.0,1200,green
226306.30630630633,62.86286286286287,1.4901594913580518e-19,6.584692845162101e-25,2.0,1200,green
226666.6666666667,62.96296296296297,1.4925323536445966e-19,6.584692845162101e-25,2.0,1200,green
227027.02702702704,63.06306306306307,1.4949052159311417e-19,6.584692845162101e-25,2.0,1200,green
227387.3873873874,63.16316316316317,1.4972780782176865e-19,6.584692845162101e-25,2.0,1200,green
227747.74774774778,63.26326326326327,1.4996509405042316e-19,6.584692845162101e-25,2.0,1200,green
228108.10810810814,63.36336336336337,1.5020238027907764e-19,6.584692845162101e-25,2.0,1200,green
228468.4684684685,63.46346346346347,1.5043966650773212e-19,6.584692845162101e-25,2.0,1200,green
228828.82882882885,63.56356356356357,1.506769527363866e-19,6.584692845162101e-25,2.0,1200,green
229189.1891891892,63.66366366366367,1.509142389650411e-19,6.584692845162101e-25,2.0,1200,green
229549.54954954956,63.76376376376377,1.5115152519369557e-19,6.584692845162101e-25,2.0,1200,green
229909.90990990994,63.86386386386387,1.5138881142235008e-19,6.584692845162101e-25,2.0,1200,green
230270.2702702703,63.96396396396397,1.5162609765100459e-19,6.584692845162101e-25,2.0,1200,green
230630.63063063065,64.06406406406407,1.5186338387965907e-19,6.584692845162101e-25,2.0,1200,green
230990.99099099098,64.16416416416416,1.5210067010831353e-19,6.584692845162101e-25,2.0,1200,green
231351.35135135136,64.26426426426427,1.5233795633696804e-19,6.584692845162101e-25,2.0,1200,green
231711.71171171172,64.36436436436436,1.5257524256562252e-19,6.584692845162101e-25,2.0,1200,green
232072.0720720721,64.46446446446447,1.5281252879427703e-19,6.584692845162101e-25,2.0,1200,green
232432.43243243243,64.56456456456456,1.5304981502293149e-19,6.584692845162101e-25,2.0,1200,green
232792.7927927928,64.66466466466467,1.53287101251586e-19,6.584692845162101e-25,2.0,1200,green
233153.15315315314,64.76476476476476,1.5352438748024048e-19,6.584692845162101e-25,2.0,1200,green
233513.51351351352,64.86486486486487,1.5376167370889498e-19,6.584692845162101e-25,2.0,1200,green
233873.87387387388,64.96496496496496,1.5399895993754947e-19,6.584692845162101e-25,2.0,1200,green
234234.23423423426,65.06506506506507,1.5423624616620397e-19,6.584692845162101e-25,2.0,1200,green
234594.5945945946,65.16516516516516,1.5447353239485843e-19,6.584692845162101e-25,2.0,1200,green
234954.95495495497,65.26526526526527,1.5471081862351294e-19,6.584692845162101e-25,2.0,1200,green
235315.3153153153,65.36536536536536,1.549481048521674e-19,6.584692845162101e-25,2.0,1200,green
235675.67567567568,65.46546546546547,1.551853910808219e-19,6.584692845162101e-25,2.0,1200,green
236036.03603603604,65.56556556556556,1.554226773094764e-19,6.584692845162101e-25,2.0,1200,green
236396.39639639642,65.66566566566567,1.556599635381309e-19,6.584692845162101e-25,2.0,1200,green
236756.75675675675,65.76576576576576,1.5589724976678538e-19,6.584692845162101e-25,2.0,1200,green
237117.11711711713,65.86586586586587,1.561345359954399e-19,6.584692845162101e-25,2.0,1200,green
237477.47747747746,65.96596596596596,1.5637182222409435e-19,6.584692845162101e-25,2.0,1200,green
237837.83783783787,66.06606606606607,1.5660910845274888e-19,6.584692845162101e-25,2.0,1200,green
238198.1981981982,66.16616616616616,1.5684639468140334e-19,6.584692845162101e-25,2.0,1200,green
238558.55855855858,66.26626626626627,1.5708368091005785e-19,6.584692845162101e-25,2.0,1200,green
238918.9189189189,66.36636636636636,1.573209671387123e-19,6.584692845162101e-25,2.0,1200,green
239279.2792792793,66.46646646646647,1.5755825336736681e-19,6.584692845162101e-25,2.0,1200,green
239639.63963963964,66.56656656656656,1.577955395960213e-19,6.584692845162101e-25,2.0,1200,green
240000.00000000003,66.66666666666667,1.580328258246758e-19,6.584692845162101e-25,2.0,1200,green
240360.36036036036,66.76676676676676,1.5827011205333029e-19,6.584692845162101e-25,2.0,1200,green
240720.72072072074,66.86686686686687,1.585073982819848e-19,6.584692845162101e-25,2.0,1200,green
241081.08108108107,66.96696696696696,1.5874468451063925e-19,6.584692845162101e-25,2.0,1200,green
241441.44144144145,67.06706706706707,1.5898197073929376e-19,6.584692845162101e-25,2.0,1200,green
241801.8018018018,67.16716716716716,1.5921925696794824e-19,6.584692845162101e-25,2.0,1200,green
242162.1621621622,67.26726726726727,1.5945654319660275e-19,6.584692845162101e-25,2.0,1200,green
242522.52252252251,67.36736736736736,1.596938294252572e-19,6.584692845162101e-25,2.0,1200,green
242882.8828828829,67.46746746746747,1.5993111565391172e-19,6.584692845162101e-25,2.0,1200,green
243243.24324324323,67.56756756756756,1.601684018825662e-19,6.584692845162101e-25,2.0,1200,green
243603.6036036036,67.66766766766767,1.604056881112207e-19,6.584692845162101e-25,2.0,1200,green
243963.96396396396,67.76776776776777,1.606429743398752e-19,6.584692845162101e-25,2.0,1200,green
244324.32432432435,67.86786786786787,1.608802605685297e-19,6.584692845162101e-25,2.0,1200,green
244684.68468468467,67.96796796796797,1.6111754679718416e-19,6.584692845162101e-25,2.0,1200,green
245045.04504504506,68.06806806806807,1.6135483302583866e-19,6.584692845162101e-25,2.0,1200,green
245405.40540540538,68.16816816816817,1.6159211925449312e-19,6.584692845162101e-25,2.0,1200,green
245765.76576576577,68.26826826826827,1.6182940548314763e-19,6.584692845162101e-25,2.0,1200,green
246126.12612612615,68.36836836836838,1.6206669171180214e-19,6.584692845162101e-25,2.0,1200,green
246486.4864864865,68.46846846846847,1.6230397794045662e-19,6.584692845162101e-25,2.0,1200,green
246846.8468468469,68.56856856856858,1.6254126416911113e-19,6.584692845162101e-25,2.0,1200,green
247207.20720720722,68.66866866866867,1.627785503977656e-19,6.584692845162101e-25,2.0,1200,green
247567.5675675676,68.76876876876878,1.6301583662642012e-19,6.584692845162101e-25,2.0,1200,green
247927.92792792793,68.86886886886887,1.6325312285507458e-19,6.584692845162101e-25,2.0,1200,green
248288.28828828834,68.96896896896898,1.634904090837291e-19,6.584692845162101e-25,2.0,1200,green
248648.64864864867,69.06906906906907,1.6372769531238357e-19,6.584692845162101e-25,2.0,1200,green
249009.00900900905,69.16916916916918,1.6396498154103808e-19,6.584692845162101e-25,2.0,1200,green
249369.36936936938,69.26926926926927,1.6420226776969253e-19,6.584692845162101e-25,2.0,1200,green
249729.72972972976,69.36936936936938,1.6443955399834704e-19,6.584692845162101e-25,2.0,1200,green
250090.09009009012,69.46946946946947,1.6467684022700153e-19,6.584692845162101e-25,2.0,1200,green
250450.4504504505,69.56956956956958,1.6491412645565603e-19,6.584692845162101e-25,2.0,1200,green
250810.81081081083,69.66966966966967,1.6515141268431052e-19,6.584692845162101e-25,2.0,1200,green
251171.1711711712,69.76976976976978,1.6538869891296502e-19,6.584692845162101e-25,2.0,1200,green
251531.53153153154,69.86986986986987,1.6562598514161948e-19,6.584692845162101e-25,2.0,1200,green
251891.89189189192,69.96996996996998,1.65863271370274e-19,6.584692845162101e-25,2.0,1200,green
252252.25225225228,70.07007007007007,1.6610055759892847e-19,6.584692845162101e-25,2.0,1200,green
252612.61261261266,70.17017017017018,1.6633784382758298e-19,6.584692845162101e-25,2.0,1200,green
252972.972972973,70.27027027027027,1.6657513005623744e-19,6.584692845162101e-25,2.0,1200,green
253333.33333333337,70.37037037037038,1.6681241628489195e-19,6.584692845162101e-25,2.0,1200,green
253693.6936936937,70.47047047047047,1.6704970251354643e-19,6.584692845162101e-25,2.0,1200,green
254054.05405405408,70.57057057057058,1.6728698874220094e-19,6.584692845162101e-25,2.0,1200,green
254414.41441441444,70.67067067067067,1.6752427497085542e-19,6.584692845162101e-25,2.0,1200,green
254774.77477477482,70.77077077077078,1.6776156119950993e-19,6.584692845162101e-25,2.0,1200,green
255135.13513513515,70.87087087087087,1.6799884742816439e-19,6.584692845162101e-25,2.0,1200,green
255495.49549549553,70.97097097097098,1.682361336568189e-19,6.584692845162101e-25,2.0,1200,green
255855.85585585586,71.07107107107107,1.6847341988547335e-19,6.584692845162101e-25,2.0,1200,green
256216.21621621624,71.17117117117118,1.6871070611412786e-19,6.584692845162101e-25,2.0,1200,green
256576.5765765766,71.27127127127127,1.6894799234278234e-19,6.584692845162101e-25,2.0,1200,green
256936.93693693698,71.37137137137138,1.6918527857143685e-19,6.584692845162101e-25,2.0,1200,green
257297.2972972973,71.47147147147147,1.6942256480009133e-19,6.584692845162101e-25,2.0,1200,green
257657.6576576577,71.57157157157158,1.6965985102874584e-19,6.584692845162101e-25,2.0,1200,green
258018.01801801802,71.67167167167167,1.698971372574003e-19,6.584692845162101e-25,2.0,1200,green
258378.3783783784,71.77177177177178,1.701344234860548e-19,6.584692845162101e-25,2.0,1200,green
258738.73873873876,71.87187187187187,1.703717097147093e-19,6.584692845162101e-25,2.0,1200,green
259099.09909909914,71.97197197197198,1.706089959433638e-19,6.584692845162101e-25,2.0,1200,green
259459.45945945947,72.07207207207207,1.7084628217201826e-19,6.584692845162101e-25,2.0,1200,green
259819.81981981985,72.17217217217218,1.7108356840067276e-19,6.584692845162101e-25,2.0,1200,green
260180.18018018018,72.27227227227228,1.7132085462932725e-19,6.584692845162101e-25,2.0,1200,green
260540.54054054056,72.37237237237238,1.7155814085798176e-19,6.584692845162101e-25,2.0,1200,green
260900.90090090092,72.47247247247248,1.7179542708663624e-19,6.584692845162101e-25,2.0,1200,green
261261.2612612613,72.57257257257258,1.7203271331529075e-19,6.584692845162101e-25,2.0,1200,green
261621.62162162163,72.67267267267268,1.722699995439452e-19,6.584692845162101e-25,2.0,1200,green
261981.981981982,72.77277277277278,1.7250728577259971e-19,6.584692845162101e-25,2.0,1200,green
262342.34234234237,72.87287287287288,1.727445720012542e-19,6.584692845162101e-25,2.0,1200,green
262702.7027027027,72.97297297297298,1.7298185822990868e-19,6.584692845162101e-25,2.0,1200,green
263063.0630630631,73.07307307307308,1.7321914445856316e-19,6.584692845162101e-25,2.0,1200,green
263423.42342342343,73.17317317317318,1.7345643068721767e-19,6.584692845162101e-25,2.0,1200,green
263783.7837837838,73.27327327327328,1.7369371691587215e-19,6.584692845162101e-25,2.0,1200,green
264144.1441441442,73.37337337337338,1.7393100314452666e-19,6.584692845162101e-25,2.0,1200,green
264504.5045045045,73.47347347347348,1.7416828937318112e-19,6.584692845162101e-25,2.0,1200,green
264864.8648648649,73.57357357357358,1.7440557560183565e-19,6.584692845162101e-25,2.0,1200,green
265225.2252252252,73.67367367367368,1.7464286183049009e-19,6.584692845162101e-25,2.0,1200,green
265585.5855855856,73.77377377377378,1.7488014805914462e-19,6.584692845162101e-25,2.0,1200,green
265945.945945946,73.87387387387388,1.751174342877991e-19,6.584692845162101e-25,2.0,1200,green
266306.30630630633,73.97397397397398,1.7535472051645358e-19,6.584692845162101e-25,2.0,1200,green
266666.6666666667,74.07407407407408,1.7559200674510807e-19,6.584692845162101e-25,2.0,1200,green
267027.02702702704,74.17417417417418,1.7582929297376257e-19,6.584692845162101e-25,2.0,1200,green
267387.3873873874,74.27427427427428,1.7606657920241706e-19,6.584692845162101e-25,2.0,1200,green
267747.7477477478,74.37437437437438,1.7630386543107156e-19,6.584692845162101e-25,2.0,1200,green
268108.1081081081,74.47447447447448,1.7654115165972602e-19,6.584692845162101e-25,2.0,1200,green
268468.4684684685,74.57457457457458,1.7677843788838055e-19,6.584692845162101e-25,2.0,1200,green
268828.8288288288,74.67467467467468,1.77015724117035e-19,6.584692845162101e-25,2.0,1200,green
269189.18918918923,74.77477477477478,1.7725301034568952e-19,6.584692845162101e-25,2.0,1200,green
269549.5495495496,74.87487487487488,1.77490296574344e-19,6.584692845162101e-25,2.0,1200,green
269909.90990990994,74.97497497497498,1.7772758280299849e-19,6.584692845162101e-25,2.0,1200,green
270270.2702702703,75.07507507507508,1.7796486903165297e-19,6.584692845162101e-25,2.0,1200,green
270630.63063063065,75.17517517517518,1.7820215526030748e-19,6.584692845162101e-25,2.0,1200,green
270990.990990991,75.27527527527528,1.7843944148896196e-19,6.584692845162101e-25,2.0,1200,green
271351.35135135136,75.37537537537538,1.7867672771761644e-19,6.584692845162101e-25,2.0,1200,green
271711.7117117117,75.47547547547548,1.7891401394627093e-19,6.584692845162101e-25,2.0,1200,green
272072.07207207213,75.57557557557558,1.7915130017492546e-19,6.584692845162101e-25,2.0,1200,green
272432.4324324324,75.67567567567568,1.793885864035799e-19,6.584692845162101e-25,2.0,1200,green
272792.79279279284,75.77577577577578,1.7962587263223443e-19,6.584692845162101e-25,2.0,1200,green
273153.15315315314,75.87587587587588,1.7986315886088888e-19,6.584692845162101e-25,2.0,1200,green
273513.51351351355,75.97597597597598,1.801004450895434e-19,6.584692845162101e-25,2.0,1200,green
273873.8738738739,76.07607607607608,1.8033773131819787e-19,6.584692845162101e-25,2.0,1200,green
274234.23423423426,76.17617617617618,1.8057501754685238e-19,6.584692845162101e-25,2.0,1200,green
274594.5945945946,76.27627627627628,1.8081230377550687e-19,6.584692845162101e-25,2.0,1200,green
274954.95495495497,76.37637637637638,1.8104959000416135e-19,6.584692845162101e-25,2.0,1200,green
275315.3153153153,76.47647647647648,1.8128687623281583e-19,6.584692845162101e-25,2.0,1200,green
275675.6756756757,76.57657657657658,1.8152416246147032e-19,6.584692845162101e-25,2.0,1200,green
276036.03603603604,76.67667667667668,1.817614486901248e-19,6.584692845162101e-25,2.0,1200,green
276396.39639639645,76.77677677677679,1.8199873491877933e-19,6.584692845162101e-25,2.0,1200,green
276756.75675675675,76.87687687687688,1.822360211474338e-19,6.584692845162101e-25,2.0,1200,green
277117.11711711716,76.97697697697699,1.824733073760883e-19,6.584692845162101e-25,2.0,1200,green
277477.47747747746,77.07707707707708,1.8271059360474276e-19,6.584692845162101e-25,2.0,1200,green
277837.83783783787,77.17717717717719,1.8294787983339729e-19,6.584692845162101e-25,2.0,1200,green
278198.1981981982,77.27727727727728,1.8318516606205177e-19,6.584692845162101e-25,2.0,1200,green
278558.5585585586,77.37737737737739,1.8342245229070625e-19,6.584692845162101e-25,2.0,1200,green
278918.91891891893,77.47747747747748,1.8365973851936074e-19,6.584692845162101e-25,2.0,1200,green
279279.2792792793,77.57757757757759,1.8389702474801522e-19,6.584692845162101e-25,2.0,1200,green
279639.63963963964,77.67767767767768,1.841343109766697e-19,6.584692845162101e-25,2.0,1200,green
280000.0,77.77777777777779,1.843715972053242e-19,6.584692845162101e-25,2.0,1200,green
280360.36036036036,77.87787787787788,1.846088834339787e-19,6.584692845162101e-25,2.0,1200,green
280720.72072072077,77.97797797797799,1.848461696626332e-19,6.584692845162101e-25,2.0,1200,green
281081.08108108107,78.07807807807808,1.8508345589128766e-19,6.584692845162101e-25,2.0,1200,green
281441.4414414415,78.17817817817819,1.853207421199422e-19,6.584692845162101e-25,2.0,1200,green
281801.8018018018,78.27827827827828,1.8555802834859663e-19,6.584692845162101e-25,2.0,1200,green
282162.1621621622,78.37837837837839,1.8579531457725116e-19,6.584692845162101e-25,2.0,1200,green
282522.52252252254,78.47847847847848,1.8603260080590564e-19,6.584692845162101e-25,2.0,1200,green
282882.8828828829,78.57857857857859,1.8626988703456012e-19,6.584692845162101e-25,2.0,1200,green
283243.24324324325,78.67867867867868,1.865071732632146e-19,6.584692845162101e-25,2.0,1200,green
283603.6036036036,78.77877877877879,1.8674445949186911e-19,6.584692845162101e-25,2.0,1200,green
283963.96396396396,78.87887887887888,1.869817457205236e-19,6.584692845162101e-25,2.0,1200,green
284324.3243243244,78.97897897897899,1.872190319491781e-19,6.584692845162101e-25,2.0,1200,green
284684.6846846847,79.07907907907908,1.8745631817783256e-19,6.584692845162101e-25,2.0,1200,green
285045.0450450451,79.17917917917919,1.876936044064871e-19,6.584692845162101e-25,2.0,1200,green
285405.4054054054,79.27927927927928,1.8793089063514153e-19,6.584692845162101e-25,2.0,1200,green
285765.7657657658,79.37937937937939,1.8816817686379606e-19,6.584692845162101e-25,2.0,1200,green
286126.12612612615,79.47947947947948,1.8840546309245054e-19,6.584692845162101e-25,2.0,1200,green
286486.4864864865,79.57957957957959,1.8864274932110503e-19,6.584692845162101e-25,2.0,1200,green
286846.84684684686,79.67967967967968,1.888800355497595e-19,6.584692845162101e-25,2.0,1200,green
287207.2072072072,79.77977977977979,1.8911732177841402e-19,6.584692845162101e-25,2.0,1200,green
287567.5675675676,79.87987987987988,1.893546080070685e-19,6.584692845162101e-25,2.0,1200,green
287927.9279279279,79.97997997997999,1.8959189423572299e-19,6.584692845162101e-25,2.0,1200,green
288288.2882882883,80.08008008008008,1.8982918046437747e-19,6.584692845162101e-25,2.0,1200,green
288648.6486486487,80.18018018018019,1.90066466693032e-19,6.584692845162101e-25,2.0,1200,green
289009.009009009,80.28028028028028,1.9030375292168643e-19,6.584692845162101e-25,2.0,1200,green
289369.3693693694,80.38038038038039,1.9054103915034097e-19,6.584692845162101e-25,2.0,1200,green
289729.7297297297,80.48048048048048,1.9077832537899543e-19,6.584692845162101e-25,2.0,1200,green
290090.0900900901,80.58058058058059,1.9101561160764993e-19,6.584692845162101e-25,2.0,1200,green
290450.4504504505,80.68068068068068,1.9125289783630442e-19,6.584692845162101e-25,2.0,1200,green
290810.8108108108,80.78078078078079,1.9149018406495892e-19,6.584692845162101e-25,2.0,1200,green
291171.1711711712,80.88088088088088,1.917274702936134e-19,6.584692845162101e-25,2.0,1200,green
291531.53153153154,80.98098098098099,1.919647565222679e-19,6.584692845162101e-25,2.0,1200,green
291891.8918918919,81.08108108108108,1.9220204275092237e-19,6.584692845162101e-25,2.0,1200,green
292252.25225225225,81.18118118118119,1.9243932897957686e-19,6.584692845162101e-25,2.0,1200,green
292612.6126126126,81.28128128128128,1.9267661520823134e-19,6.584692845162101e-25,2.0,1200,green
292972.972972973,81.38138138138139,1.9291390143688587e-19,6.584692845162101e-25,2.0,1200,green
293333.3333333333,81.48148148148148,1.9315118766554033e-19,6.584692845162101e-25,2.0,1200,green
293693.6936936937,81.58158158158159,1.9338847389419484e-19,6.584692845162101e-25,2.0,1200,green
294054.054054054,81.68168168168168,1.936257601228493e-19,6.584692845162101e-25,2.0,1200,green
294414.41441441444,81.78178178178179,1.9386304635150383e-19,6.584692845162101e-25,2.0,1200,green
294774.7747747748,81.88188188188188,1.941003325801583e-19,6.584692845162101e-25,2.0,1200,green
295135.13513513515,81.98198198198199,1.943376188088128e-19,6.584692845162101e-25,2.0,1200,green
295495.4954954955,82.08208208208208,1.9457490503746728e-19,6.584692845162101e-25,2.0,1200,green
295855.85585585586,82.18218218218219,1.9481219126612176e-19,6.584692845162101e-25,2.0,1200,green
296216.2162162162,82.28228228228228,1.9504947749477624e-19,6.584692845162101e-25,2.0,1200,green
296576.5765765766,82.38238238238239,1.9528676372343077e-19,6.584692845162101e-25,2.0,1200,green
296936.9369369369,82.48248248248248,1.9552404995208523e-19,6.584692845162101e-25,2.0,1200,green
297297.29729729734,82.58258258258259,1.9576133618073974e-19,6.584692845162101e-25,2.0,1200,green
297657.65765765763,82.68268268268268,1.959986224093942e-19,6.584692845162101e-25,2.0,1200,green
298018.01801801805,82.78278278278279,1.9623590863804873e-19,6.584692845162101e-25,2.0,1200,green
298378.3783783784,82.88288288288288,1.9647319486670322e-19,6.584692845162101e-25,2.0,1200,green
298738.73873873876,82.98298298298299,1.967104810953577e-19,6.584692845162101e-25,2.0,1200,green
299099.0990990991,83.08308308308308,1.9694776732401218e-19,6.584692845162101e-25,2.0,1200,green
299459.45945945947,83.18318318318319,1.9718505355266666e-19,6.584692845162101e-25,2.0,1200,green
299819.8198198198,83.28328328328328,1.9742233978132115e-19,6.584692845162101e-25,2.0,1200,green
300180.1801801802,83.38338338338339,1.9765962600997566e-19,6.584692845162101e-25,2.0,1200,green
300540.54054054053,83.48348348348348,1.9789691223863014e-19,6.584692845162101e-25,2.0,1200,green
300900.90090090095,83.58358358358359,1.9813419846728465e-19,6.584692845162101e-25,2.0,1200,green
301261.26126126124,83.68368368368368,1.983714846959391e-19,6.584692845162101e-25,2.0,1200,green
301621.62162162166,83.78378378378379,1.9860877092459364e-19,6.584692845162101e-25,2.0,1200,green
301981.98198198195,83.88388388388388,1.9884605715324807e-19,6.584692845162101e-25,2.0,1200,green
302342.34234234237,83.98398398398399,1.990833433819026e-19,6.584692845162101e-25,2.0,1200,green
302702.7027027027,84.08408408408408,1.9932062961055709e-19,6.584692845162101e-25,2.0,1200,green
303063.0630630631,84.18418418418419,1.9955791583921157e-19,6.584692845162101e-25,2.0,1200,green
303423.42342342343,84.28428428428428,1.9979520206786605e-19,6.584692845162101e-25,2.0,1200,green
303783.7837837838,84.38438438438439,2.0003248829652056e-19,6.584692845162101e-25,2.0,1200,green
304144.14414414414,84.48448448448448,2.0026977452517504e-19,6.584692845162101e-25,2.0,1200,green
304504.5045045045,84.58458458458459,2.0050706075382953e-19,6.584692845162101e-25,2.0,1200,green
304864.86486486485,84.68468468468468,2.00744346982484e-19,6.584692845162101e-25,2.0,1200,green
305225.22522522527,84.78478478478479,2.0098163321113854e-19,6.584692845162101e-25,2.0,1200,green
305585.58558558556,84.88488488488488,2.0121891943979298e-19,6.584692845162101e-25,2.0,1200,green
305945.945945946,84.98498498498499,2.014562056684475e-19,6.584692845162101e-25,2.0,1200,green
306306.3063063063,85.08508508508508,2.0169349189710197e-19,6.584692845162101e-25,2.0,1200,green
306666.6666666667,85.18518518518519,2.0193077812575647e-19,6.584692845162101e-25,2.0,1200,green
307027.02702702704,85.28528528528528,2.0216806435441096e-19,6.584692845162101e-25,2.0,1200,green
307387.3873873874,85.38538538538539,2.0240535058306546e-19,6.584692845162101e-25,2.0,1200,green
307747.7477477478,85.4854854854855,2.0264263681171997e-19,6.584692845162101e-25,2.0,1200,green
308108.1081081081,85.58558558558559,2.0287992304037443e-19,6.584692845162101e-25,2.0,1200,green
308468.4684684685,85.6856856856857,2.0311720926902896e-19,6.584692845162101e-25,2.0,1200,green
308828.8288288289,85.78578578578579,2.0335449549768344e-19,6.584692845162101e-25,2.0,1200,green
309189.18918918923,85.8858858858859,2.0359178172633793e-19,6.584692845162101e-25,2.0,1200,green
309549.5495495496,85.98598598598599,2.038290679549924e-19,6.584692845162101e-25,2.0,1200,green
309909.90990990994,86.0860860860861,2.040663541836469e-19,6.584692845162101e-25,2.0,1200,green
310270.2702702703,86.18618618618619,2.0430364041230138e-19,6.584692845162101e-25,2.0,1200,green
310630.63063063065,86.2862862862863,2.0454092664095589e-19,6.584692845162101e-25,2.0,1200,green
310990.990990991,86.38638638638639,2.0477821286961037e-19,6.584692845162101e-25,2.0,1200,green
311351.3513513514,86.4864864864865,2.0501549909826488e-19,6.584692845162101e-25,2.0,1200,green
311711.7117117117,86.58658658658659,2.0525278532691933e-19,6.584692845162101e-25,2.0,1200,green
312072.07207207213,86.6866866866867,2.0549007155557387e-19,6.584692845162101e-25,2.0,1200,green
312432.4324324324,86.78678678678679,2.057273577842283e-19,6.584692845162101e-25,2.0,1200,green
312792.79279279284,86.8868868868869,2.0596464401288283e-19,6.584692845162101e-25,2.0,1200,green
313153.1531531532,86.98698698698699,2.0620193024153732e-19,6.584692845162101e-25,2.0,1200,green
313513.51351351355,87.0870870870871,2.064392164701918e-19,6.584692845162101e-25,2.0,1200,green
313873.8738738739,87.18718718718719,2.0667650269884628e-19,6.584692845162101e-25,2.0,1200,green
314234.23423423426,87.2872872872873,2.069137889275008e-19,6.584692845162101e-25,2.0,1200,green
314594.5945945946,87.38738738738739,2.0715107515615527e-19,6.584692845162101e-25,2.0,1200,green
314954.95495495497,87.4874874874875,2.0738836138480976e-19,6.584692845162101e-25,2.0,1200,green
315315.3153153153,87.58758758758759,2.0762564761346424e-19,6.584692845162101e-25,2.0,1200,green
315675.67567567574,87.6876876876877,2.0786293384211877e-19,6.584692845162101e-25,2.0,1200,green
316036.03603603604,87.78778778778779,2.081002200707732e-19,6.584692845162101e-25,2.0,1200,green
316396.39639639645,87.8878878878879,2.0833750629942774e-19,6.584692845162101e-25,2.0,1200,green
316756.75675675675,87.98798798798799,2.085747925280822e-19,6.584692845162101e-25,2.0,1200,green
317117.11711711716,88.0880880880881,2.088120787567367e-19,6.584692845162101e-25,2.0,1200,green
317477.4774774775,88.18818818818819,2.0904936498539119e-19,6.584692845162101e-25,2.0,1200,green
317837.83783783787,88.2882882882883,2.092866512140457e-19,6.584692845162101e-25,2.0,1200,green
318198.1981981982,88.38838838838839,2.0952393744270018e-19,6.584692845162101e-25,2.0,1200,green
318558.5585585586,88.4884884884885,2.0976122367135466e-19,6.584692845162101e-25,2.0,1200,green
318918.91891891893,88.58858858858859,2.0999850990000914e-19,6.584692845162101e-25,2.0,1200,green
319279.27927927935,88.6886886886887,2.1023579612866367e-19,6.584692845162101e-25,2.0,1200,green
319639.63963963964,88.78878878878879,2.104730823573181e-19,6.584692845162101e-25,2.0,1200,green
320000.00000000006,88.8888888888889,2.1071036858597264e-19,6.584692845162101e-25,2.0,1200,green
320360.36036036036,88.988988988989,2.109476548146271e-19,6.584692845162101e-25,2.0,1200,green
320720.72072072077,89.0890890890891,2.111849410432816e-19,6.584692845162101e-25,2.0,1200,green
321081.0810810811,89.1891891891892,2.114222272719361e-19,6.584692845162101e-25,2.0,1200,green
321441.4414414415,89.2892892892893,2.116595135005906e-19,6.584692845162101e-25,2.0,1200,green
321801.80180180183,89.3893893893894,2.1189679972924508e-19,6.584692845162101e-25,2.0,1200,green
322162.1621621622,89.4894894894895,2.1213408595789956e-19,6.584692845162101e-25,2.0,1200,green
322522.52252252254,89.5895895895896,2.1237137218655405e-19,6.584692845162101e-25,2.0,1200,green
322882.8828828829,89.6896896896897,2.1260865841520853e-19,6.584692845162101e-25,2.0,1200,green
323243.24324324325,89.7897897897898,2.1284594464386301e-19,6.584692845162101e-25,2.0,1200,green
323603.60360360367,89.8898898898899,2.1308323087251755e-19,6.584692845162101e-25,2.0,1200,green
323963.96396396396,89.98998998999,2.13320517101172e-19,6.584692845162101e-25,2.0,1200,green
324324.3243243244,90.0900900900901,2.1355780332982651e-19,6.584692845162101e-25,2.0,1200,green
324684.6846846847,90.1901901901902,2.1379508955848097e-19,6.584692845162101e-25,2.0,1200,green
325045.0450450451,90.2902902902903,2.140323757871355e-19,6.584692845162101e-25,2.0,1200,green
325405.40540540544,90.3903903903904,2.1426966201578999e-19,6.584692845162101e-25,2.0,1200,green
325765.7657657658,90.4904904904905,2.1450694824444447e-19,6.584692845162101e-25,2.0,1200,green
326126.12612612615,90.5905905905906,2.1474423447309895e-19,6.584692845162101e-25,2.0,1200,green
326486.4864864865,90.6906906906907,2.1498152070175344e-19,6.584692845162101e-25,2.0,1200,green
326846.84684684686,90.7907907907908,2.1521880693040792e-19,6.584692845162101e-25,2.0,1200,green
327207.2072072072,90.8908908908909,2.1545609315906243e-19,6.584692845162101e-25,2.0,1200,green
327567.5675675676,90.990990990991,2.156933793877169e-19,6.584692845162101e-25,2.0,1200,green
327927.927927928,91.0910910910911,2.1593066561637142e-19,6.584692845162101e-25,2.0,1200,green
328288.2882882883,91.1911911911912,2.1616795184502588e-19,6.584692845162101e-25,2.0,1200,green
328648.6486486487,91.2912912912913,2.164052380736804e-19,6.584692845162101e-25,2.0,1200,green
329009.009009009,91.3913913913914,2.1664252430233484e-19,6.584692845162101e-25,2.0,1200,green
329369.3693693694,91.4914914914915,2.1687981053098937e-19,6.584692845162101e-25,2.0,1200,green
329729.72972972976,91.5915915915916,2.1711709675964386e-19,6.584692845162101e-25,2.0,1200,green
330090.0900900901,91.6916916916917,2.1735438298829834e-19,6.584692845162101e-25,2.0,1200,green
330450.4504504505,91.7917917917918,2.175916692169528e-19,6.584692845162101e-25,2.0,1200,green
330810.8108108108,91.8918918918919,2.178289554456073e-19,6.584692845162101e-25,2.0,1200,green
331171.1711711712,91.991991991992,2.180662416742618e-19,6.584692845162101e-25,2.0,1200,green
331531.53153153154,92.0920920920921,2.1830352790291627e-19,6.584692845162101e-25,2.0,1200,green
331891.8918918919,92.1921921921922,2.1854081413157076e-19,6.584692845162101e-25,2.0,1200,green
332252.2522522523,92.2922922922923,2.187781003602253e-19,6.584692845162101e-25,2.0,1200,green
332612.6126126126,92.3923923923924,2.1901538658887977e-19,6.584692845162101e-25,2.0,1200,green
332972.972972973,92.4924924924925,2.192526728175343e-19,6.584692845162101e-25,2.0,1200,green
333333.3333333333,92.5925925925926,2.1948995904618874e-19,6.584692845162101e-25,2.0,1200,green
333693.6936936937,92.6926926926927,2.1972724527484327e-19,6.584692845162101e-25,2.0,1200,green
334054.0540540541,92.7927927927928,2.1996453150349775e-19,6.584692845162101e-25,2.0,1200,green
334414.41441441444,92.8928928928929,2.2020181773215223e-19,6.584692845162101e-25,2.0,1200,green
334774.7747747748,92.992992992993,2.204391039608067e-19,6.584692845162101e-25,2.0,1200,green
335135.13513513515,93.0930930930931,2.206763901894612e-19,6.584692845162101e-25,2.0,1200,green
335495.4954954955,93.1931931931932,2.209136764181157e-19,6.584692845162101e-25,2.0,1200,green
335855.8558558559,93.2932932932933,2.211509626467702e-19,6.584692845162101e-25,2.0,1200,green
336216.2162162162,93.3933933933934,2.2138824887542465e-19,6.584692845162101e-25,2.0,1200,green
336576.5765765766,93.4934934934935,2.216255351040792e-19,6.584692845162101e-25,2.0,1200,green
336936.9369369369,93.5935935935936,2.218628213327336e-19,6.584692845162101e-25,2.0,1200,green
337297.29729729734,93.6936936936937,2.2210010756138815e-19,6.584692845162101e-25,2.0,1200,green
337657.6576576577,93.7937937937938,2.2233739379004263e-19,6.584692845162101e-25,2.0,1200,green
338018.01801801805,93.8938938938939,2.225746800186971e-19,6.584692845162101e-25,2.0,1200,green
338378.3783783784,93.993993993994,2.228119662473516e-19,6.584692845162101e-25,2.0,1200,green
338738.73873873876,94.0940940940941,2.230492524760061e-19,6.584692845162101e-25,2.0,1200,green
339099.0990990991,94.1941941941942,2.232865387046606e-19,6.584692845162101e-25,2.0,1200,green
339459.45945945947,94.2942942942943,2.235238249333151e-19,6.584692845162101e-25,2.0,1200,green
339819.8198198198,94.3943943943944,2.237611111619696e-19,6.584692845162101e-25,2.0,1200,green
340180.18018018024,94.4944944944945,2.239983973906241e-19,6.584692845162101e-25,2.0,1200,green
340540.54054054053,94.5945945945946,2.2423568361927855e-19,6.584692845162101e-25,2.0,1200,green
340900.90090090095,94.6946946946947,2.244729698479331e-19,6.584692845162101e-25,2.0,1200,green
341261.26126126124,94.7947947947948,2.247102560765875e-19,6.584692845162101e-25,2.0,1200,green
341621.62162162166,94.8948948948949,2.2494754230524204e-19,6.584692845162101e-25,2.0,1200,green
341981.981981982,94.994994994995,2.2518482853389653e-19,6.584692845162101e-25,2.0,1200,green
342342.34234234237,95.0950950950951,2.25422114762551e-19,6.584692845162101e-25,2.0,1200,green
342702.7027027027,95.1951951951952,2.256594009912055e-19,6.584692845162101e-25,2.0,1200,green
343063.0630630631,95.2952952952953,2.2589668721986e-19,6.584692845162101e-25,2.0,1200,green
343423.42342342343,95.3953953953954,2.2613397344851446e-19,6.584692845162101e-25,2.0,1200,green
343783.7837837838,95.4954954954955,2.2637125967716894e-19,6.584692845162101e-25,2.0,1200,green
344144.14414414414,95.5955955955956,2.2660854590582343e-19,6.584692845162101e-25,2.0,1200,green
344504.50450450456,95.6956956956957,2.2684583213447796e-19,6.584692845162101e-25,2.0,1200,green
344864.86486486485,95.7957957957958,2.270831183631324e-19,6.584692845162101e-25,2.0,1200,green
345225.22522522527,95.8958958958959,2.273204045917869e-19,6.584692845162101e-25,2.0,1200,green
345585.58558558556,95.995995995996,2.275576908204414e-19,6.584692845162101e-25,2.0,1200,green
345945.945945946,96.0960960960961,2.277949770490959e-19,6.584692845162101e-25,2.0,1200,green
346306.30630630633,96.1961961961962,2.280322632777504e-19,6.584692845162101e-25,2.0,1200,green
346666.6666666667,96.2962962962963,2.282695495064049e-19,6.584692845162101e-25,2.0,1200,green
347027.02702702704,96.3963963963964,2.285068357350594e-19,6.584692845162101e-25,2.0,1200,green
347387.3873873874,96.4964964964965,2.2874412196371387e-19,6.584692845162101e-25,2.0,1200,green
347747.74774774775,96.5965965965966,2.2898140819236835e-19,6.584692845162101e-25,2.0,1200,green
348108.10810810816,96.6966966966967,2.292186944210229e-19,6.584692845162101e-25,2.0,1200,green
348468.46846846846,96.7967967967968,2.294559806496773e-19,6.584692845162101e-25,2.0,1200,green
348828.8288288289,96.8968968968969,2.2969326687833185e-19,6.584692845162101e-25,2.0,1200,green
349189.1891891892,96.996996996997,2.299305531069863e-19,6.584692845162101e-25,2.0,1200,green
349549.5495495496,97.0970970970971,2.301678393356408e-19,6.584692845162101e-25,2.0,1200,green
349909.90990990994,97.1971971971972,2.304051255642953e-19,6.584692845162101e-25,2.0,1200,green
350270.2702702703,97.2972972972973,2.306424117929498e-19,6.584692845162101e-25,2.0,1200,green
350630.63063063065,97.3973973973974,2.3087969802160427e-19,6.584692845162101e-25,2.0,1200,green
350990.990990991,97.4974974974975,2.3111698425025875e-19,6.584692845162101e-25,2.0,1200,green
351351.35135135136,97.5975975975976,2.3135427047891323e-19,6.584692845162101e-25,2.0,1200,green
351711.7117117117,97.6976976976977,2.315915567075677e-19,6.584692845162101e-25,2.0,1200,green
352072.0720720721,97.7977977977978,2.3182884293622225e-19,6.584692845162101e-25,2.0,1200,green
352432.4324324325,97.8978978978979,2.3206612916487673e-19,6.584692845162101e-25,2.0,1200,green
352792.7927927928,97.997997997998,2.323034153935312e-19,6.584692845162101e-25,2.0,1200,green
353153.1531531532,98.0980980980981,2.3254070162218575e-19,6.584692845162101e-25,2.0,1200,green
353513.5135135135,98.1981981981982,2.327779878508402e-19,6.584692845162101e-25,2.0,1200,green
353873.8738738739,98.2982982982983,2.330152740794947e-19,6.584692845162101e-25,2.0,1200,green
354234.23423423426,98.3983983983984,2.332525603081492e-19,6.584692845162101e-25,2.0,1200,green
354594.5945945946,98.4984984984985,2.334898465368037e-19,6.584692845162101e-25,2.0,1200,green
354954.95495495497,98.5985985985986,2.3372713276545816e-19,6.584692845162101e-25,2.0,1200,green
355315.3153153153,98.6986986986987,2.3396441899411265e-19,6.584692845162101e-25,2.0,1200,green
355675.6756756757,98.7987987987988,2.3420170522276713e-19,6.584692845162101e-25,2.0,1200,green
356036.03603603604,98.8988988988989,2.344389914514216e-19,6.584692845162101e-25,2.0,1200,green
356396.3963963964,98.998998998999,2.346762776800761e-19,6.584692845162101e-25,2.0,1200,green
356756.7567567568,99.0990990990991,2.3491356390873063e-19,6.584692845162101e-25,2.0,1200,green
357117.1171171171,99.1991991991992,2.3515085013738506e-19,6.584692845162101e-25,2.0,1200,green
357477.4774774775,99.2992992992993,2.353881363660396e-19,6.584692845162101e-25,2.0,1200,green
357837.8378378378,99.3993993993994,2.3562542259469403e-19,6.584692845162101e-25,2.0,1200,green
358198.1981981982,99.4994994994995,2.3586270882334856e-19,6.584692845162101e-25,2.0,1200,green
358558.5585585586,99.5995995995996,2.3609999505200304e-19,6.584692845162101e-25,2.0,1200,green
358918.91891891893,99.6996996996997,2.3633728128065753e-19,6.584692845162101e-25,2.0,1200,green
359279.2792792793,99.7997997997998,2.3657456750931206e-19,6.584692845162101e-25,2.0,1200,green
359639.63963963964,99.8998998998999,2.3681185373796654e-19,6.584692845162101e-25,2.0,1200,green
360000.0,100.0,2.3704913996662102e-19,6.584692845162101e-25,2.0,1200,green
0.0,0.0,0.0,2.133482911574487e-25,2.0,1200,sintered
360.3603603603604,0.1001001001001001,7.688195688317082e-23,2.1334659779046656e-25,2.0,1200,sintered
720.7207207207208,0.2002002002002002,1.5376333309159004e-22,2.1334506572202657e-25,2.0,1200,sintered
1081.081081081081,0.3003003003003003,2.3064418393635785e-22,2.1334367958793413e-25,2.0,1200,sintered
1441.4414414414416,0.4004004004004004,3.075245594600179e-22,2.1334242548748275e-25,2.0,1200,sintered
1801.801801801802,0.5005005005005005,3.8440450493840387e-22,2.1334129084405198e-25,2.0,1200,sintered
2162.162162162162,0.6006006006006006,4.612840613346833e-22,2.133402642789841e-25,2.0,1200,sintered
2522.5225225225226,0.7007007007007008,5.381632657101533e-22,2.133393354974744e-25,2.0,1200,sintered
2882.882882882883,0.8008008008008008,6.150421515959055e-22,2.1333849518533083e-25,2.0,1200,sintered
3243.2432432432433,0.9009009009009009,6.919207493290891e-22,2.133377349155673e-25,2.0,1200,sintered
3603.603603603604,1.001001001001001,7.687990863571448e-22,2.13337047063895e-25,2.0,1200,sintered
3963.963963963964,1.1011011011011012,8.456771875130572e-22,2.133364247322624e-25,2.0,1200,sintered
4324.324324324324,1.2012012012012012,9.225550752643916e-22,2.1333586167967924e-25,2.0,1200,sintered
4684.684684684685,1.3013013013013013,9.994327699386068e-22,2.1333535225962923e-25,2.0,1200,sintered
5045.045045045045,1.4014014014014016,1.076310289926907e-21,2.133348913634445e-25,2.0,1200,sintered
5405.405405405406,1.5015015015015016,1.1531876518686758e-21,2.1333447436907405e-25,2.0,1200,sintered
5765.765765765766,1.6016016016016017,1.2300648708183437e-21,2.133340970947316e-25,2.0,1200,sintered
6126.126126126126,1.7017017017017018,1.3069419603963587e-21,2.1333375575695937e-25,2.0,1200,sintered
6486.486486486487,1.8018018018018018,1.3838189329257789e-21,2.1333344693268577e-25,2.0,1200,sintered
6846.846846846847,1.9019019019019021,1.460695799555852e-21,2.1333316752489754e-25,2.0,1200,sintered
7207.207207207208,2.002002002002002,1.5375725703738237e-21,2.133329147315818e-25,2.0,1200,sintered
7567.567567567568,2.1021021021021022,1.6144492545060995e-21,2.1333268601762605e-25,2.0,1200,sintered
7927.927927927928,2.2022022022022023,1.6913258602097645e-21,2.133324790893955e-25,2.0,1200,sintered
8288.288288288288,2.3023023023023024,1.7682023949553913e-21,2.1333229187173106e-25,2.0,1200,sintered
8648.648648648648,2.4024024024024024,1.8450788655019573e-21,2.1333212248713922e-25,2.0,1200,sintered
9009.009009009009,2.5025025025025025,1.9219552779646247e-21,2.1333196923696362e-25,2.0,1200,sintered
9369.36936936937,2.6026026026026026,1.998831637876068e-21,2.1333183058435027e-25,2.0,1200,sintered
9729.729729729732,2.702702702702703,2.0757079502419575e-21,2.133317051388353e-25,2.0,1200,sintered
10090.09009009009,2.802802802802803,2.1525842195911552e-21,2.1333159164240106e-25,2.0,1200,sintered
10450.450450450451,2.902902902902903,2.229460450021139e-21,2.1333148895685984e-25,2.0,1200,sintered
10810.810810810812,3.0030030030030033,2.306336645239085e-21,2.133313960524401e-25,2.0,1200,sintered
11171.171171171172,3.1031031031031033,2.383212808599052e-21,2.1333131199745914e-25,2.0,1200,sintered
11531.531531531533,3.2032032032032034,2.4600889431356117e-21,2.1333123594898e-25,2.0,1200,sintered
11891.891891891892,3.3033033033033035,2.536965051594285e-21,2.1333116714435824e-25,2.0,1200,sintered
12252.252252252252,3.4034034034034035,2.613841136459073e-21,2.133311048935935e-25,2.0,1200,sintered
12612.612612612613,3.5035035035035036,2.6907171999773676e-21,2.1333104857241035e-25,2.0,1200,sintered
12972.972972972973,3.6036036036036037,2.7675932441824893e-21,2.133309976159974e-25,2.0,1200,sintered
13333.333333333334,3.7037037037037037,2.8444692709140793e-21,2.1333095151334336e-25,2.0,1200,sintered
13693.693693693695,3.8038038038038042,2.921345281836546e-21,2.133309098021124e-25,2.0,1200,sintered
14054.054054054055,3.9039039039039043,2.9982212784557577e-21,2.133308720640077e-25,2.0,1200,sintered
14414.414414414416,4.004004004004004,3.075097262134146e-21,2.133308379205764e-25,2.0,1200,sintered
14774.774774774776,4.104104104104104,3.1519732341043635e-21,2.1333080702941454e-25,2.0,1200,sintered
15135.135135135137,4.2042042042042045,3.2288491954816518e-21,2.133307790807332e-25,2.0,1200,sintered
15495.495495495496,4.3043043043043046,3.305725147275019e-21,2.1333075379425187e-25,2.0,1200,sintered
15855.855855855856,4.404404404404405,3.382601090397366e-21,2.1333073091638757e-25,2.0,1200,sintered
16216.216216216217,4.504504504504505,3.4594770256746335e-21,2.133307102177119e-25,2.0,1200,sintered
16576.576576576575,4.604604604604605,3.536352953854089e-21,2.133306914906504e-25,2.0,1200,sintered
16936.936936936938,4.704704704704705,3.613228875611825e-21,2.133306745474005e-25,2.0,1200,sintered
17297.297297297297,4.804804804804805,3.6901047915595264e-21,2.1333065921804857e-25,2.0,1200,sintered
17657.65765765766,4.904904904904905,3.76698070225062e-21,2.133306453488657e-25,2.0,1200,sintered
18018.018018018018,5.005005005005005,3.843856608185814e-21,2.1333063280076624e-25,2.0,1200,sintered
18378.378378378377,5.105105105105105,3.92073250981812e-21,2.133306214479128e-25,2.0,1200,sintered
18738.73873873874,5.205205205205205,3.997608407557406e-21,2.133306111764544e-25,2.0,1200,sintered
19099.099099099098,5.305305305305305,4.074484301774492e-21,2.133306018833848e-25,2.0,1200,sintered
19459.459459459464,5.405405405405406,4.1513601928048796e-21,2.133305934755094e-25,2.0,1200,sintered
19819.819819819822,5.505505505505506,4.22823608095211e-21,2.1333058586851056e-25,2.0,1200,sintered
20180.18018018018,5.605605605605606,4.305111966490814e-21,2.133305789861024e-25,2.0,1200,sintered
20540.540540540544,5.705705705705706,4.381987849669463e-21,2.1333057275926527e-25,2.0,1200,sintered
20900.900900900902,5.805805805805806,4.458863730712859e-21,2.1333056712555404e-25,2.0,1200,sintered
21261.261261261265,5.9059059059059065,4.5357396098243906e-21,2.1333056202847154e-25,2.0,1200,sintered
21621.621621621623,6.0060060060060065,4.6126154871880756e-21,2.133305574169022e-25,2.0,1200,sintered
21981.981981981982,6.106106106106107,4.6894913629704006e-21,2.1333055324459937e-25,2.0,1200,sintered
22342.342342342345,6.206206206206207,4.7663672373219966e-21,2.1333054946972155e-25,2.0,1200,sintered
22702.702702702703,6.306306306306307,4.8432431103791435e-21,2.1333054605441276e-25,2.0,1200,sintered
23063.063063063066,6.406406406406407,4.9201189822651414e-21,2.1333054296442286e-25,2.0,1200,sintered
23423.423423423425,6.506506506506507,4.996994853091548e-21,2.1333054016876425e-25,2.0,1200,sintered
23783.783783783783,6.606606606606607,5.0738707229592906e-21,2.1333053763940094e-25,2.0,1200,sintered
24144.144144144146,6.706706706706707,5.1507465919596865e-21,2.1333053535096745e-25,2.0,1200,sintered
24504.504504504504,6.806806806806807,5.227622460175352e-21,2.1333053328051447e-25,2.0,1200,sintered
24864.864864864867,6.906906906906907,5.3044983276810364e-21,2.133305314072787e-25,2.0,1200,sintered
25225.225225225226,7.007007007007007,5.381374194544366e-21,2.133305297124745e-25,2.0,1200,sintered
25585.585585585584,7.107107107107107,5.458250060826529e-21,2.133305281791057e-25,2.0,1200,sintered
25945.945945945947,7.207207207207207,5.535125926582882e-21,2.1333052679179516e-25,2.0,1200,sintered
26306.306306306305,7.307307307307307,5.612001791863511e-21,2.133305255366303e-25,2.0,1200,sintered
26666.666666666668,7.407407407407407,5.688877656713729e-21,2.1333052440102387e-25,2.0,1200,sintered
27027.02702702703,7.507507507507508,5.765753521174536e-21,2.1333052337358754e-25,2.0,1200,sintered
27387.38738738739,7.6076076076076085,5.8426293852830225e-21,2.133305224440177e-25,2.0,1200,sintered
27747.74774774775,7.7077077077077085,5.919505249072748e-21,2.1333052160299237e-25,2.0,1200,sintered
28108.10810810811,7.807807807807809,5.9963811125740775e-21,2.1333052084207734e-25,2.0,1200,sintered
28468.468468468473,7.907907907907909,6.073256975814481e-21,2.1333052015364186e-25,2.0,1200,sintered
28828.82882882883,8.008008008008009,6.150132838818811e-21,2.1333051953078208e-25,2.0,1200,sintered
29189.18918918919,8.108108108108109,6.227008701609555e-21,2.133305189672516e-25,2.0,1200,sintered
29549.549549549552,8.208208208208209,6.303884564207059e-21,2.133305184573992e-25,2.0,1200,sintered
29909.90990990991,8.308308308308309,6.380760426629729e-21,2.133305179961118e-25,2.0,1200,sintered
30270.270270270274,8.408408408408409,6.4576362888942185e-21,2.1333051757876355e-25,2.0,1200,sintered
30630.630630630632,8.508508508508509,6.534512151015593e-21,2.13330517201169e-25,2.0,1200,sintered
30990.99099099099,8.608608608608609,6.611388013007487e-21,2.133305168595415e-25,2.0,1200,sintered
31351.351351351354,8.70870870870871,6.688263874882234e-21,2.1333051655045514e-25,2.0,1200,sintered
31711.711711711712,8.80880880880881,6.765139736650991e-21,2.133305162708102e-25,2.0,1200,sintered
32072.072072072075,8.90890890890891,6.842015598323855e-21,2.1333051601780233e-25,2.0,1200,sintered
32432.432432432433,9.00900900900901,6.918891459909958e-21,2.1333051578889428e-25,2.0,1200,sintered
32792.792792792796,9.10910910910911,6.995767321417567e-21,2.133305155817904e-25,2.0,1200,sintered
33153.15315315315,9.20920920920921,7.072643182854156e-21,2.1333051539441385e-25,2.0,1200,sintered
33513.51351351351,9.30930930930931,7.149519044226496e-21,2.1333051522488547e-25,2.0,1200,sintered
33873.873873873876,9.40940940940941,7.226394905540699e-21,2.1333051507150523e-25,2.0,1200,sintered
34234.23423423424,9.50950950950951,7.303270766802308e-21,2.1333051493273495e-25,2.0,1200,sintered
34594.59459459459,9.60960960960961,7.380146628016329e-21,2.1333051480718297e-25,2.0,1200,sintered
34954.954954954956,9.70970970970971,7.457022489187298e-21,2.1333051469359018e-25,2.0,1200,sintered
35315.31531531532,9.80980980980981,7.533898350319316e-21,2.133305145908175e-25,2.0,1200,sintered
35675.67567567567,9.90990990990991,7.61077421141609e-21,2.1333051449783423e-25,2.0,1200,sintered
36036.036036036036,10.01001001001001,7.68765007248098e-21,2.133305144137079e-25,2.0,1200,sintered
36396.3963963964,10.11011011011011,7.764525933517022e-21,2.133305143375949e-25,2.0,1200,sintered
36756.75675675675,10.21021021021021,7.841401794526963e-21,2.1333051426873185e-25,2.0,1200,sintered
37117.117117117115,10.31031031031031,7.918277655513292e-21,2.1333051420642826e-25,2.0,1200,sintered
37477.47747747748,10.41041041041041,7.995153516478256e-21,2.1333051415005927e-25,2.0,1200,sintered
37837.83783783784,10.51051051051051,8.072029377423889e-21,2.133305140990596e-25,2.0,1200,sintered
38198.198198198195,10.61061061061061,8.148905238352035e-21,2.1333051405291784e-25,2.0,1200,sintered
38558.558558558565,10.710710710710712,8.225781099264359e-21,2.133305140111712e-25,2.0,1200,sintered
38918.91891891893,10.810810810810812,8.302656960162368e-21,2.1333051397340106e-25,2.0,1200,sintered
39279.27927927928,10.910910910910912,8.379532821047421e-21,2.1333051393922866e-25,2.0,1200,sintered
39639.639639639645,11.011011011011012,8.45640868192076e-21,2.1333051390831128e-25,2.0,1200,sintered
40000.00000000001,11.111111111111112,8.533284542783497e-21,2.1333051388033887e-25,2.0,1200,sintered
40360.36036036036,11.211211211211213,8.610160403636639e-21,2.1333051385503094e-25,2.0,1200,sintered
40720.720720720725,11.311311311311313,8.687036264481105e-21,2.1333051383213364e-25,2.0,1200,sintered
41081.08108108109,11.411411411411413,8.763912125317719e-21,2.1333051381141743e-25,2.0,1200,sintered
41441.44144144144,11.511511511511513,8.840787986147228e-21,2.1333051379267445e-25,2.0,1200,sintered
41801.801801801805,11.611611611611613,8.917663846970312e-21,2.1333051377571684e-25,2.0,1200,sintered
42162.16216216217,11.711711711711713,8.994539707787579e-21,2.133305137603745e-25,2.0,1200,sintered
42522.52252252253,11.811811811811813,9.071415568599585e-21,2.133305137464935e-25,2.0,1200,sintered
42882.882882882885,11.911911911911913,9.148291429406832e-21,2.1333051373393477e-25,2.0,1200,sintered
43243.24324324325,12.012012012012013,9.225167290209772e-21,2.133305137225723e-25,2.0,1200,sintered
43603.60360360361,12.112112112112113,9.302043151008816e-21,2.133305137122921e-25,2.0,1200,sintered
43963.963963963964,12.212212212212213,9.378919011804334e-21,2.133305137029911e-25,2.0,1200,sintered
44324.32432432433,12.312312312312313,9.455794872596663e-21,2.1333051369457614e-25,2.0,1200,sintered
44684.68468468469,12.412412412412413,9.532670733386108e-21,2.1333051368696266e-25,2.0,1200,sintered
45045.04504504505,12.512512512512513,9.60954659417294e-21,2.1333051368007445e-25,2.0,1200,sintered
45405.40540540541,12.612612612612613,9.686422454957411e-21,2.133305136738423e-25,2.0,1200,sintered
45765.76576576577,12.712712712712714,9.763298315739743e-21,2.133305136682038e-25,2.0,1200,sintered
46126.12612612613,12.812812812812814,9.840174176520144e-21,2.133305136631024e-25,2.0,1200,sintered
46486.48648648649,12.912912912912914,9.917050037298795e-21,2.133305136584869e-25,2.0,1200,sintered
46846.84684684685,13.013013013013014,9.993925898075862e-21,2.1333051365431105e-25,2.0,1200,sintered
47207.20720720721,13.113113113113114,1.0070801758851499e-20,2.13330513650533e-25,2.0,1200,sintered
47567.56756756757,13.213213213213214,1.0147677619625839e-20,2.133305136471148e-25,2.0,1200,sintered
47927.92792792793,13.313313313313314,1.0224553480399008e-20,2.1333051364402217e-25,2.0,1200,sintered
48288.28828828829,13.413413413413414,1.0301429341171117e-20,2.1333051364122413e-25,2.0,1200,sintered
48648.648648648654,13.513513513513514,1.0378305201942265e-20,2.1333051363869264e-25,2.0,1200,sintered
49009.00900900901,13.613613613613614,1.0455181062712544e-20,2.1333051363640226e-25,2.0,1200,sintered
49369.36936936937,13.713713713713714,1.053205692348204e-20,2.1333051363433004e-25,2.0,1200,sintered
49729.729729729734,13.813813813813814,1.0608932784250825e-20,2.133305136324552e-25,2.0,1200,sintered
50090.09009009009,13.913913913913914,1.0685808645018966e-20,2.1333051363075897e-25,2.0,1200,sintered
50450.45045045045,14.014014014014014,1.0762684505786526e-20,2.133305136292243e-25,2.0,1200,sintered
50810.81081081081,14.114114114114114,1.083956036655356e-20,2.133305136278358e-25,2.0,1200,sintered
51171.17117117117,14.214214214214214,1.0916436227320117e-20,2.133305136265796e-25,2.0,1200,sintered
51531.53153153153,14.314314314314315,1.0993312088086244e-20,2.1333051362544302e-25,2.0,1200,sintered
51891.89189189189,14.414414414414415,1.1070187948851981e-20,2.133305136244147e-25,2.0,1200,sintered
52252.252252252256,14.514514514514515,1.1147063809617367e-20,2.1333051362348436e-25,2.0,1200,sintered
52612.61261261261,14.614614614614615,1.1223939670382431e-20,2.133305136226426e-25,2.0,1200,sintered
52972.97297297297,14.714714714714715,1.1300815531147209e-20,2.1333051362188105e-25,2.0,1200,sintered
53333.333333333336,14.814814814814815,1.1377691391911723e-20,2.1333051362119205e-25,2.0,1200,sintered
53693.69369369369,14.914914914914915,1.1454567252676002e-20,2.1333051362056863e-25,2.0,1200,sintered
54054.05405405406,15.015015015015017,1.153144311344007e-20,2.133305136200046e-25,2.0,1200,sintered
54414.41441441442,15.115115115115117,1.1608318974203942e-20,2.1333051361949433e-25,2.0,1200,sintered
54774.77477477478,15.215215215215217,1.168519483496764e-20,2.133305136190327e-25,2.0,1200,sintered
55135.13513513514,15.315315315315317,1.1762070695731177e-20,2.1333051361861496e-25,2.0,1200,sintered
55495.4954954955,15.415415415415417,1.1838946556494573e-20,2.1333051361823706e-25,2.0,1200,sintered
55855.85585585586,15.515515515515517,1.1915822417257838e-20,2.1333051361789516e-25,2.0,1200,sintered
56216.21621621622,15.615615615615617,1.1992698278020988e-20,2.1333051361758576e-25,2.0,1200,sintered
56576.57657657658,15.715715715715717,1.206957413878403e-20,2.133305136173059e-25,2.0,1200,sintered
56936.936936936945,15.815815815815817,1.2146449999546978e-20,2.1333051361705266e-25,2.0,1200,sintered
57297.2972972973,15.915915915915917,1.2223325860309836e-20,2.1333051361682357e-25,2.0,1200,sintered
57657.65765765766,16.016016016016017,1.2300201721072619e-20,2.133305136166163e-25,2.0,1200,sintered
58018.018018018025,16.116116116116117,1.237707758183533e-20,2.1333051361642877e-25,2.0,1200,sintered
58378.37837837838,16.216216216216218,1.2453953442597974e-20,2.133305136162591e-25,2.0,1200,sintered
58738.73873873874,16.316316316316318,1.2530829303360562e-20,2.1333051361610556e-25,2.0,1200,sintered
59099.099099099105,16.416416416416418,1.2607705164123097e-20,2.133305136159667e-25,2.0,1200,sintered
59459.45945945947,16.516516516516518,1.2684581024885586e-20,2.1333051361584103e-25,2.0,1200,sintered
59819.81981981982,16.616616616616618,1.2761456885648029e-20,2.1333051361572733e-25,2.0,1200,sintered
60180.180180180185,16.716716716716718,1.2838332746410434e-20,2.133305136156245e-25,2.0,1200,sintered
60540.54054054055,16.816816816816818,1.2915208607172806e-20,2.133305136155314e-25,2.0,1200,sintered
60900.9009009009,16.916916916916918,1.2992084467935142e-20,2.1333051361544724e-25,2.0,1200,sintered
61261.261261261265,17.017017017017018,1.3068960328697452e-20,2.1333051361537106e-25,2.0,1200,sintered
61621.62162162163,17.117117117117118,1.3145836189459736e-20,2.1333051361530214e-25,2.0,1200,sintered
61981.98198198198,17.217217217217218,1.3222712050221995e-20,2.133305136152398e-25,2.0,1200,sintered
62342.342342342345,17.31731731731732,1.3299587910984234e-20,2.1333051361518335e-25,2.0,1200,sintered
62702.70270270271,17.41741741741742,1.3376463771746453e-20,2.1333051361513233e-25,2.0,1200,sintered
63063.06306306307,17.51751751751752,1.3453339632508653e-20,2.1333051361508614e-25,2.0,1200,sintered
63423.423423423425,17.61761761761762,1.3530215493270839e-20,2.1333051361504435e-25,2.0,1200,sintered
63783.78378378379,17.71771771771772,1.360709135403301e-20,2.1333051361500656e-25,2.0,1200,sintered
64144.14414414415,17.81781781781782,1.368396721479517e-20,2.1333051361497235e-25,2.0,1200,sintered
64504.504504504504,17.91791791791792,1.3760843075557312e-20,2.133305136149414e-25,2.0,1200,sintered
64864.86486486487,18.01801801801802,1.3837718936319453e-20,2.133305136149134e-25,2.0,1200,sintered
65225.22522522523,18.11811811811812,1.3914594797081578e-20,2.133305136148881e-25,2.0,1200,sintered
65585.58558558559,18.21821821821822,1.3991470657843694e-20,2.1333051361486514e-25,2.0,1200,sintered
65945.94594594595,18.31831831831832,1.4068346518605804e-20,2.1333051361484443e-25,2.0,1200,sintered
66306.3063063063,18.41841841841842,1.4145222379367906e-20,2.1333051361482565e-25,2.0,1200,sintered
66666.66666666667,18.51851851851852,1.4222098240130004e-20,2.133305136148087e-25,2.0,1200,sintered
67027.02702702703,18.61861861861862,1.4298974100892093e-20,2.133305136147933e-25,2.0,1200,sintered
67387.3873873874,18.71871871871872,1.4375849961654182e-20,2.1333051361477945e-25,2.0,1200,sintered
67747.74774774775,18.81881881881882,1.445272582241626e-20,2.1333051361476687e-25,2.0,1200,sintered
68108.1081081081,18.91891891891892,1.4529601683178336e-20,2.133305136147555e-25,2.0,1200,sintered
68468.46846846848,19.01901901901902,1.460647754394041e-20,2.133305136147452e-25,2.0,1200,sintered
68828.82882882883,19.11911911911912,1.4683353404702475e-20,2.1333051361473592e-25,2.0,1200,sintered
69189.18918918919,19.21921921921922,1.476022926546454e-20,2.1333051361472748e-25,2.0,1200,sintered
69549.54954954956,19.31931931931932,1.4837105126226605e-20,2.1333051361471985e-25,2.0,1200,sintered
69909.90990990991,19.41941941941942,1.4913980986988664e-20,2.1333051361471297e-25,2.0,1200,sintered
70270.27027027027,19.51951951951952,1.499085684775072e-20,2.133305136147067e-25,2.0,1200,sintered
70630.63063063064,19.61961961961962,1.506773270851278e-20,2.1333051361470107e-25,2.0,1200,sintered
70990.99099099099,19.71971971971972,1.514460856927483e-20,2.1333051361469598e-25,2.0,1200,sintered
71351.35135135135,19.81981981981982,1.522148443003688e-20,2.133305136146914e-25,2.0,1200,sintered
71711.71171171172,19.91991991991992,1.5298360290798933e-20,2.133305136146872e-25,2.0,1200,sintered
72072.07207207207,20.02002002002002,1.5375236151560983e-20,2.133305136146834e-25,2.0,1200,sintered
72432.43243243243,20.12012012012012,1.5452112012323027e-20,2.1333051361468e-25,2.0,1200,sintered
72792.7927927928,20.22022022022022,1.5528987873085077e-20,2.1333051361467687e-25,2.0,1200,sintered
73153.15315315315,20.32032032032032,1.560586373384712e-20,2.1333051361467407e-25,2.0,1200,sintered
73513.5135135135,20.42042042042042,1.5682739594609162e-20,2.1333051361467155e-25,2.0,1200,sintered
73873.87387387388,20.52052052052052,1.575961545537121e-20,2.1333051361466925e-25,2.0,1200,sintered
74234.23423423423,20.62062062062062,1.583649131613325e-20,2.133305136146672e-25,2.0,1200,sintered
74594.5945945946,20.72072072072072,1.5913367176895294e-20,2.133305136146653e-25,2.0,1200,sintered
74954.95495495496,20.82082082082082,1.5990243037657335e-20,2.133305136146636e-25,2.0,1200,sintered
75315.31531531531,20.92092092092092,1.6067118898419373e-20,2.133305136146621e-25,2.0,1200,sintered
75675.67567567568,21.02102102102102,1.6143994759181414e-20,2.1333051361466066e-25,2.0,1200,sintered
76036.03603603604,21.12112112112112,1.6220870619943455e-20,2.1333051361465943e-25,2.0,1200,sintered
76396.39639639639,21.22122122122122,1.6297746480705493e-20,2.133305136146583e-25,2.0,1200,sintered
76756.75675675676,21.32132132132132,1.6374622341467534e-20,2.1333051361465727e-25,2.0,1200,sintered
77117.11711711713,21.421421421421424,1.6451498202229572e-20,2.1333051361465635e-25,2.0,1200,sintered
77477.47747747749,21.521521521521525,1.652837406299161e-20,2.1333051361465548e-25,2.0,1200,sintered
77837.83783783785,21.621621621621625,1.660524992375365e-20,2.1333051361465474e-25,2.0,1200,sintered
78198.19819819821,21.721721721721725,1.6682125784515685e-20,2.1333051361465405e-25,2.0,1200,sintered
78558.55855855856,21.821821821821825,1.6759001645277723e-20,2.133305136146534e-25,2.0,1200,sintered
78918.91891891893,21.921921921921925,1.683587750603976e-20,2.1333051361465286e-25,2.0,1200,sintered
79279.27927927929,22.022022022022025,1.6912753366801796e-20,2.1333051361465235e-25,2.0,1200,sintered
79639.63963963964,22.122122122122125,1.6989629227563834e-20,2.133305136146519e-25,2.0,1200,sintered
80000.00000000001,22.222222222222225,1.7066505088325872e-20,2.1333051361465144e-25,2.0,1200,sintered
80360.36036036037,22.322322322322325,1.7143380949087907e-20,2.1333051361465107e-25,2.0,1200,sintered
80720.72072072072,22.422422422422425,1.7220256809849942e-20,2.1333051361465075e-25,2.0,1200,sintered
81081.0810810811,22.522522522522525,1.729713267061198e-20,2.1333051361465043e-25,2.0,1200,sintered
81441.44144144145,22.622622622622625,1.7374008531374018e-20,2.1333051361465015e-25,2.0,1200,sintered
81801.8018018018,22.722722722722725,1.745088439213605e-20,2.1333051361464987e-25,2.0,1200,sintered
82162.16216216217,22.822822822822825,1.7527760252898088e-20,2.1333051361464964e-25,2.0,1200,sintered
82522.52252252253,22.922922922922925,1.7604636113660126e-20,2.1333051361464946e-25,2.0,1200,sintered
82882.88288288288,23.023023023023026,1.7681511974422158e-20,2.133305136146493e-25,2.0,1200,sintered
83243.24324324325,23.123123123123126,1.7758387835184196e-20,2.133305136146491e-25,2.0,1200,sintered
83603.60360360361,23.223223223223226,1.783526369594623e-20,2.1333051361464896e-25,2.0,1200,sintered
83963.96396396398,23.323323323323326,1.7912139556708266e-20,2.133305136146488e-25,2.0,1200,sintered
84324.32432432433,23.423423423423426,1.79890154174703e-20,2.133305136146487e-25,2.0,1200,sintered
84684.68468468469,23.523523523523526,1.806589127823234e-20,2.133305136146486e-25,2.0,1200,sintered
85045.04504504506,23.623623623623626,1.8142767138994374e-20,2.1333051361464845e-25,2.0,1200,sintered
85405.40540540541,23.723723723723726,1.821964299975641e-20,2.1333051361464836e-25,2.0,1200,sintered
85765.76576576577,23.823823823823826,1.8296518860518444e-20,2.1333051361464827e-25,2.0,1200,sintered
86126.12612612614,23.923923923923926,1.8373394721280482e-20,2.133305136146482e-25,2.0,1200,sintered
86486.4864864865,24.024024024024026,1.8450270582042514e-20,2.1333051361464813e-25,2.0,1200,sintered
86846.84684684685,24.124124124124126,1.852714644280455e-20,2.133305136146481e-25,2.0,1200,sintered
87207.20720720722,24.224224224224226,1.8604022303566587e-20,2.1333051361464804e-25,2.0,1200,sintered
87567.56756756757,24.324324324324326,1.868089816432862e-20,2.13330513614648e-25,2.0,1200,sintered
87927.92792792793,24.424424424424426,1.8757774025090654e-20,2.1333051361464795e-25,2.0,1200,sintered
88288.2882882883,24.524524524524526,1.8834649885852692e-20,2.133305136146479e-25,2.0,1200,sintered
88648.64864864865,24.624624624624627,1.8911525746614724e-20,2.1333051361464785e-25,2.0,1200,sintered
89009.00900900901,24.724724724724727,1.898840160737676e-20,2.133305136146478e-25,2.0,1200,sintered
89369.36936936938,24.824824824824827,1.90652774681388e-20,2.1333051361464776e-25,2.0,1200,sintered
89729.72972972973,24.924924924924927,1.9142153328900832e-20,2.1333051361464776e-25,2.0,1200,sintered
90090.0900900901,25.025025025025027,1.921902918966287e-20,2.133305136146477e-25,2.0,1200,sintered
90450.45045045046,25.125125125125127,1.9295905050424905e-20,2.133305136146477e-25,2.0,1200,sintered
90810.81081081081,25.225225225225227,1.937278091118694e-20,2.1333051361464767e-25,2.0,1200,sintered
91171.17117117118,25.325325325325327,1.9449656771948975e-20,2.1333051361464767e-25,2.0,1200,sintered
91531.53153153154,25.425425425425427,1.952653263271101e-20,2.1333051361464767e-25,2.0,1200,sintered
91891.8918918919,25.525525525525527,1.9603408493473044e-20,2.1333051361464762e-25,2.0,1200,sintered
92252.25225225226,25.625625625625627,1.968028435423508e-20,2.1333051361464762e-25,2.0,1200,sintered
92612.61261261262,25.725725725725727,1.9757160214997114e-20,2.1333051361464762e-25,2.0,1200,sintered
92972.97297297297,25.825825825825827,1.983403607575915e-20,2.133305136146476e-25,2.0,1200,sintered
93333.33333333334,25.925925925925927,1.9910911936521184e-20,2.133305136146476e-25,2.0,1200,sintered
93693.6936936937,26.026026026026027,1.998778779728322e-20,2.133305136146476e-25,2.0,1200,sintered
94054.05405405405,26.126126126126128,2.0064663658045254e-20,2.133305136146476e-25,2.0,1200,sintered
94414.41441441442,26.226226226226228,2.014153951880729e-20,2.133305136146476e-25,2.0,1200,sintered
94774.77477477478,26.326326326326328,2.0218415379569324e-20,2.1333051361464753e-25,2.0,1200,sintered
95135.13513513513,26.426426426426428,2.029529124033136e-20,2.1333051361464753e-25,2.0,1200,sintered
95495.4954954955,26.526526526526528,2.0372167101093397e-20,2.1333051361464753e-25,2.0,1200,sintered
95855.85585585586,26.626626626626628,2.044904296185543e-20,2.1333051361464753e-25,2.0,1200,sintered
96216.21621621623,26.726726726726728,2.0525918822617467e-20,2.1333051361464753e-25,2.0,1200,sintered
96576.57657657658,26.826826826826828,2.0602794683379502e-20,2.1333051361464753e-25,2.0,1200,sintered
96936.93693693694,26.926926926926928,2.0679670544141534e-20,2.1333051361464753e-25,2.0,1200,sintered
97297.29729729731,27.027027027027028,2.0756546404903572e-20,2.1333051361464753e-25,2.0,1200,sintered
97657.65765765766,27.127127127127128,2.0833422265665607e-20,2.1333051361464753e-25,2.0,1200,sintered
98018.01801801802,27.227227227227228,2.091029812642764e-20,2.1333051361464753e-25,2.0,1200,sintered
98378.37837837839,27.32732732732733,2.0987173987189677e-20,2.1333051361464753e-25,2.0,1200,sintered
98738.73873873874,27.42742742742743,2.1064049847951712e-20,2.133305136146475e-25,2.0,1200,sintered
99099.0990990991,27.52752752752753,2.1140925708713744e-20,2.133305136146475e-25,2.0,1200,sintered
99459.45945945947,27.62762762762763,2.1217801569475782e-20,2.133305136146475e-25,2.0,1200,sintered
99819.81981981982,27.72772772772773,2.1294677430237817e-20,2.133305136146475e-25,2.0,1200,sintered
100180.18018018018,27.82782782782783,2.1371553290999852e-20,2.133305136146475e-25,2.0,1200,sintered
100540.54054054055,27.92792792792793,2.1448429151761887e-20,2.133305136146475e-25,2.0,1200,sintered
100900.9009009009,28.02802802802803,2.1525305012523922e-20,2.133305136146475e-25,2.0,1200,sintered
101261.26126126126,28.12812812812813,2.1602180873285957e-20,2.133305136146475e-25,2.0,1200,sintered
101621.62162162163,28.22822822822823,2.1679056734047992e-20,2.133305136146475e-25,2.0,1200,sintered
101981.98198198198,28.32832832832833,2.1755932594810027e-20,2.133305136146475e-25,2.0,1200,sintered
102342.34234234234,28.42842842842843,2.1832808455572062e-20,2.133305136146475e-25,2.0,1200,sintered
102702.7027027027,28.52852852852853,2.1909684316334097e-20,2.133305136146475e-25,2.0,1200,sintered
103063.06306306306,28.62862862862863,2.1986560177096132e-20,2.133305136146475e-25,2.0,1200,sintered
103423.42342342343,28.72872872872873,2.206343603785817e-20,2.133305136146475e-25,2.0,1200,sintered
103783.78378378379,28.82882882882883,2.2140311898620202e-20,2.133305136146475e-25,2.0,1200,sintered
104144.14414414414,28.92892892892893,2.2217187759382237e-20,2.133305136146475e-25,2.0,1200,sintered
104504.50450450451,29.02902902902903,2.2294063620144274e-20,2.133305136146475e-25,2.0,1200,sintered
104864.86486486487,29.12912912912913,2.237093948090631e-20,2.133305136146475e-25,2.0,1200,sintered
105225.22522522522,29.22922922922923,2.244781534166834e-20,2.133305136146475e-25,2.0,1200,sintered
105585.58558558559,29.32932932932933,2.252469120243038e-20,2.133305136146475e-25,2.0,1200,sintered
105945.94594594595,29.42942942942943,2.2601567063192414e-20,2.133305136146475e-25,2.0,1200,sintered
106306.3063063063,29.52952952952953,2.2678442923954446e-20,2.133305136146475e-25,2.0,1200,sintered
106666.66666666667,29.62962962962963,2.2755318784716484e-20,2.133305136146475e-25,2.0,1200,sintered
107027.02702702703,29.72972972972973,2.283219464547852e-20,2.133305136146475e-25,2.0,1200,sintered
107387.38738738738,29.82982982982983,2.290907050624055e-20,2.133305136146475e-25,2.0,1200,sintered
107747.74774774777,29.929929929929934,2.2985946367002592e-20,2.133305136146475e-25,2.0,1200,sintered
108108.10810810812,30.030030030030034,2.3062822227764627e-20,2.133305136146475e-25,2.0,1200,sintered
108468.46846846848,30.130130130130134,2.313969808852666e-20,2.133305136146475e-25,2.0,1200,sintered
108828.82882882885,30.230230230230234,2.3216573949288697e-20,2.133305136146475e-25,2.0,1200,sintered
109189.1891891892,30.330330330330334,2.3293449810050732e-20,2.133305136146475e-25,2.0,1200,sintered
109549.54954954956,30.430430430430434,2.3370325670812767e-20,2.133305136146475e-25,2.0,1200,sintered
109909.90990990993,30.530530530530534,2.3447201531574802e-20,2.133305136146475e-25,2.0,1200,sintered
110270.27027027028,30.630630630630634,2.3524077392336837e-20,2.133305136146475e-25,2.0,1200,sintered
110630.63063063064,30.730730730730734,2.3600953253098872e-20,2.133305136146475e-25,2.0,1200,sintered
110990.990990991,30.830830830830834,2.3677829113860907e-20,2.133305136146475e-25,2.0,1200,sintered
111351.35135135136,30.930930930930934,2.3754704974622942e-20,2.133305136146475e-25,2.0,1200,sintered
111711.71171171172,31.031031031031034,2.3831580835384977e-20,2.133305136146475e-25,2.0,1200,sintered
112072.07207207209,31.131131131131134,2.3908456696147012e-20,2.133305136146475e-25,2.0,1200,sintered
112432.43243243244,31.231231231231234,2.3985332556909047e-20,2.133305136146475e-25,2.0,1200,sintered
112792.79279279281,31.331331331331334,2.4062208417671085e-20,2.133305136146475e-25,2.0,1200,sintered
113153.15315315317,31.431431431431434,2.4139084278433117e-20,2.133305136146475e-25,2.0,1200,sintered
113513.51351351352,31.531531531531535,2.4215960139195152e-20,2.133305136146475e-25,2.0,1200,sintered
113873.87387387389,31.631631631631635,2.429283599995719e-20,2.133305136146475e-25,2.0,1200,sintered
114234.23423423425,31.731731731731735,2.4369711860719225e-20,2.133305136146475e-25,2.0,1200,sintered
114594.5945945946,31.831831831831835,2.4446587721481257e-20,2.133305136146475e-25,2.0,1200,sintered
114954.95495495497,31.931931931931935,2.4523463582243295e-20,2.133305136146475e-25,2.0,1200,sintered
115315.31531531533,32.032032032032035,2.460033944300533e-20,2.133305136146475e-25,2.0,1200,sintered
115675.67567567568,32.132132132132135,2.4677215303767362e-20,2.133305136146475e-25,2.0,1200,sintered
116036.03603603605,32.232232232232235,2.47540911645294e-20,2.133305136146475e-25,2.0,1200,sintered
116396.3963963964,32.332332332332335,2.4830967025291435e-20,2.133305136146475e-25,2.0,1200,sintered
116756.75675675676,32.432432432432435,2.4907842886053467e-20,2.133305136146475e-25,2.0,1200,sintered
117117.11711711713,32.532532532532535,2.4984718746815504e-20,2.133305136146475e-25,2.0,1200,sintered
117477.47747747749,32.632632632632635,2.506159460757754e-20,2.133305136146475e-25,2.0,1200,sintered
117837.83783783784,32.732732732732735,2.513847046833957e-20,2.133305136146475e-25,2.0,1200,sintered
118198.19819819821,32.832832832832835,2.521534632910161e-20,2.133305136146475e-25,2.0,1200,sintered
118558.55855855856,32.932932932932935,2.5292222189863644e-20,2.133305136146475e-25,2.0,1200,sintered
118918.91891891893,33.033033033033036,2.5369098050625682e-20,2.133305136146475e-25,2.0,1200,sintered
119279.27927927929,33.133133133133136,2.5445973911387714e-20,2.133305136146475e-25,2.0,1200,sintered
119639.63963963964,33.233233233233236,2.552284977214975e-20,2.133305136146475e-25,2.0,1200,sintered
120000.00000000001,33.333333333333336,2.5599725632911787e-20,2.133305136146475e-25,2.0,1200,sintered
120360.36036036037,33.433433433433436,2.567660149367382e-20,2.133305136146475e-25,2.0,1200,sintered
120720.72072072072,33.533533533533536,2.5753477354435854e-20,2.133305136146475e-25,2.0,1200,sintered
121081.0810810811,33.633633633633636,2.5830353215197892e-20,2.133305136146475e-25,2.0,1200,sintered
121441.44144144145,33.733733733733736,2.5907229075959924e-20,2.133305136146475e-25,2.0,1200,sintered
121801.8018018018,33.833833833833836,2.598410493672196e-20,2.133305136146475e-25,2.0,1200,sintered
122162.16216216217,33.933933933933936,2.6060980797483997e-20,2.133305136146475e-25,2.0,1200,sintered
122522.52252252253,34.034034034034036,2.613785665824603e-20,2.133305136146475e-25,2.0,1200,sintered
122882.88288288288,34.134134134134136,2.6214732519008064e-20,2.133305136146475e-25,2.0,1200,sintered
123243.24324324325,34.234234234234236,2.6291608379770102e-20,2.133305136146475e-25,2.0,1200,sintered
123603.60360360361,34.334334334334336,2.6368484240532137e-20,2.133305136146475e-25,2.0,1200,sintered
123963.96396396396,34.434434434434436,2.644536010129417e-20,2.133305136146475e-25,2.0,1200,sintered
124324.32432432433,34.53453453453454,2.6522235962056207e-20,2.133305136146475e-25,2.0,1200,sintered
124684.68468468469,34.63463463463464,2.6599111822818242e-20,2.133305136146475e-25,2.0,1200,sintered
125045.04504504506,34.73473473473474,2.6675987683580277e-20,2.133305136146475e-25,2.0,1200,sintered
125405.40540540541,34.83483483483484,2.6752863544342312e-20,2.133305136146475e-25,2.0,1200,sintered
125765.76576576577,34.93493493493494,2.6829739405104347e-20,2.133305136146475e-25,2.0,1200,sintered
126126.12612612614,35.03503503503504,2.6906615265866382e-20,2.133305136146475e-25,2.0,1200,sintered
126486.4864864865,35.13513513513514,2.6983491126628417e-20,2.133305136146475e-25,2.0,1200,sintered
126846.84684684685,35.23523523523524,2.7060366987390452e-20,2.133305136146475e-25,2.0,1200,sintered
127207.20720720722,35.33533533533534,2.7137242848152487e-20,2.133305136146475e-25,2.0,1200,sintered
127567.56756756757,35.43543543543544,2.721411870891452e-20,2.133305136146475e-25,2.0,1200,sintered
127927.92792792793,35.53553553553554,2.729099456967655e-20,2.133305136146475e-25,2.0,1200,sintered
128288.2882882883,35.63563563563564,2.736787043043859e-20,2.133305136146475e-25,2.0,1200,sintered
128648.64864864865,35.73573573573574,2.7444746291200627e-20,2.133305136146475e-25,2.0,1200,sintered
129009.00900900901,35.83583583583584,2.7521622151962656e-20,2.133305136146475e-25,2.0,1200,sintered
129369.36936936938,35.93593593593594,2.7598498012724697e-20,2.133305136146475e-25,2.0,1200,sintered
129729.72972972973,36.03603603603604,2.767537387348673e-20,2.133305136146475e-25,2.0,1200,sintered
130090.09009009009,36.13613613613614,2.7752249734248766e-20,2.133305136146475e-25,2.0,1200,sintered
130450.45045045046,36.23623623623624,2.78291255950108e-20,2.133305136146475e-25,2.0,1200,sintered
130810.81081081081,36.33633633633634,2.7906001455772836e-20,2.133305136146475e-25,2.0,1200,sintered
131171.17117117118,36.43643643643644,2.798287731653487e-20,2.133305136146475e-25,2.0,1200,sintered
131531.53153153154,36.53653653653654,2.8059753177296906e-20,2.133305136146475e-25,2.0,1200,sintered
131891.8918918919,36.63663663663664,2.813662903805894e-20,2.133305136146475e-25,2.0,1200,sintered
132252.25225225225,36.73673673673674,2.8213504898820976e-20,2.133305136146475e-25,2.0,1200,sintered
132612.6126126126,36.83683683683684,2.8290380759583005e-20,2.133305136146475e-25,2.0,1200,sintered
132972.972972973,36.93693693693694,2.8367256620345046e-20,2.133305136146475e-25,2.0,1200,sintered
133333.33333333334,37.03703703703704,2.844413248110708e-20,2.133305136146475e-25,2.0,1200,sintered
133693.6936936937,37.13713713713714,2.8521008341869116e-20,2.133305136146475e-25,2.0,1200,sintered
134054.05405405405,37.23723723723724,2.859788420263115e-20,2.133305136146475e-25,2.0,1200,sintered
134414.4144144144,37.33733733733734,2.8674760063393186e-20,2.133305136146475e-25,2.0,1200,sintered
134774.7747747748,37.43743743743744,2.875163592415523e-20,2.133305136146475e-25,2.0,1200,sintered
135135.13513513515,37.53753753753754,2.8828511784917256e-20,2.133305136146475e-25,2.0,1200,sintered
135495.4954954955,37.63763763763764,2.890538764567929e-20,2.133305136146475e-25,2.0,1200,sintered
135855.85585585586,37.73773773773774,2.8982263506441326e-20,2.133305136146475e-25,2.0,1200,sintered
136216.2162162162,37.83783783783784,2.905913936720336e-20,2.133305136146475e-25,2.0,1200,sintered
136576.57657657657,37.93793793793794,2.9136015227965396e-20,2.133305136146475e-25,2.0,1200,sintered
136936.93693693695,38.03803803803804,2.9212891088727437e-20,2.133305136146475e-25,2.0,1200,sintered
137297.2972972973,38.13813813813814,2.9289766949489466e-20,2.133305136146475e-25,2.0,1200,sintered
137657.65765765766,38.23823823823824,2.93666428102515e-20,2.133305136146475e-25,2.0,1200,sintered
138018.01801801802,38.33833833833834,2.9443518671013536e-20,2.133305136146475e-25,2.0,1200,sintered
138378.37837837837,38.43843843843844,2.952039453177557e-20,2.133305136146475e-25,2.0,1200,sintered
138738.73873873873,38.53853853853854,2.9597270392537606e-20,2.133305136146475e-25,2.0,1200,sintered
139099.0990990991,38.63863863863864,2.9674146253299647e-20,2.133305136146475e-25,2.0,1200,sintered
139459.45945945947,38.73873873873874,2.975102211406168e-20,2.133305136146475e-25,2.0,1200,sintered
139819.81981981982,38.83883883883884,2.982789797482371e-20,2.133305136146475e-25,2.0,1200,sintered
140180.18018018018,38.93893893893894,2.9904773835585746e-20,2.133305136146475e-25,2.0,1200,sintered
140540.54054054053,39.03903903903904,2.998164969634778e-20,2.133305136146475e-25,2.0,1200,sintered
140900.9009009009,39.13913913913914,3.0058525557109816e-20,2.133305136146475e-25,2.0,1200,sintered
141261.26126126127,39.23923923923924,3.0135401417871857e-20,2.133305136146475e-25,2.0,1200,sintered
141621.62162162163,39.33933933933934,3.021227727863389e-20,2.133305136146475e-25,2.0,1200,sintered
141981.98198198198,39.43943943943944,3.028915313939592e-20,2.133305136146475e-25,2.0,1200,sintered
142342.34234234234,39.53953953953954,3.0366029000157955e-20,2.133305136146475e-25,2.0,1200,sintered
142702.7027027027,39.63963963963964,3.044290486091999e-20,2.133305136146475e-25,2.0,1200,sintered
143063.06306306308,39.73973973973974,3.051978072168203e-20,2.133305136146475e-25,2.0,1200,sintered
143423.42342342343,39.83983983983984,3.0596656582444066e-20,2.133305136146475e-25,2.0,1200,sintered
143783.7837837838,39.93993993993994,3.06735324432061e-20,2.133305136146475e-25,2.0,1200,sintered
144144.14414414414,40.04004004004004,3.0750408303968136e-20,2.133305136146475e-25,2.0,1200,sintered
144504.5045045045,40.14014014014014,3.0827284164730165e-20,2.133305136146475e-25,2.0,1200,sintered
144864.86486486485,40.24024024024024,3.09041600254922e-20,2.133305136146475e-25,2.0,1200,sintered
145225.22522522524,40.34034034034034,3.098103588625424e-20,2.133305136146475e-25,2.0,1200,sintered
145585.5855855856,40.44044044044044,3.1057911747016276e-20,2.133305136146475e-25,2.0,1200,sintered
145945.94594594595,40.54054054054054,3.113478760777831e-20,2.133305136146475e-25,2.0,1200,sintered
146306.3063063063,40.64064064064064,3.1211663468540346e-20,2.133305136146475e-25,2.0,1200,sintered
146666.66666666666,40.74074074074074,3.1288539329302375e-20,2.133305136146475e-25,2.0,1200,sintered
147027.027027027,40.84084084084084,3.136541519006441e-20,2.133305136146475e-25,2.0,1200,sintered
147387.3873873874,40.94094094094094,3.144229105082645e-20,2.133305136146475e-25,2.0,1200,sintered
147747.74774774775,41.04104104104104,3.1519166911588486e-20,2.133305136146475e-25,2.0,1200,sintered
148108.1081081081,41.14114114114114,3.159604277235052e-20,2.133305136146475e-25,2.0,1200,sintered
148468.46846846846,41.24124124124124,3.1672918633112556e-20,2.133305136146475e-25,2.0,1200,sintered
148828.82882882882,41.34134134134134,3.174979449387459e-20,2.133305136146475e-25,2.0,1200,sintered
149189.1891891892,41.44144144144144,3.1826670354636626e-20,2.133305136146475e-25,2.0,1200,sintered
149549.54954954956,41.54154154154154,3.190354621539866e-20,2.133305136146475e-25,2.0,1200,sintered
149909.9099099099,41.64164164164164,3.1980422076160696e-20,2.133305136146475e-25,2.0,1200,sintered
150270.27027027027,41.74174174174174,3.205729793692273e-20,2.133305136146475e-25,2.0,1200,sintered
150630.63063063062,41.84184184184184,3.2134173797684766e-20,2.133305136146475e-25,2.0,1200,sintered
150990.99099099098,41.94194194194194,3.22110496584468e-20,2.133305136146475e-25,2.0,1200,sintered
151351.35135135136,42.04204204204204,3.2287925519208836e-20,2.133305136146475e-25,2.0,1200,sintered
151711.71171171172,42.14214214214214,3.236480137997087e-20,2.133305136146475e-25,2.0,1200,sintered
152072.07207207207,42.24224224224224,3.2441677240732906e-20,2.133305136146475e-25,2.0,1200,sintered
152432.43243243243,42.34234234234234,3.251855310149494e-20,2.133305136146475e-25,2.0,1200,sintered
152792.79279279278,42.44244244244244,3.2595428962256976e-20,2.133305136146475e-25,2.0,1200,sintered
153153.15315315314,42.54254254254254,3.267230482301901e-20,2.133305136146475e-25,2.0,1200,sintered
153513.51351351352,42.64264264264264,3.274918068378105e-20,2.133305136146475e-25,2.0,1200,sintered
153873.8738738739,42.74274274274275,3.2826056544543087e-20,2.133305136146475e-25,2.0,1200,sintered
154234.23423423426,42.84284284284285,3.290293240530512e-20,2.133305136146475e-25,2.0,1200,sintered
154594.59459459462,42.94294294294295,3.2979808266067157e-20,2.133305136146475e-25,2.0,1200,sintered
154954.95495495497,43.04304304304305,3.305668412682919e-20,2.133305136146475e-25,2.0,1200,sintered
155315.31531531533,43.14314314314315,3.3133559987591226e-20,2.133305136146475e-25,2.0,1200,sintered
155675.6756756757,43.24324324324325,3.321043584835327e-20,2.133305136146475e-25,2.0,1200,sintered
156036.03603603606,43.34334334334335,3.3287311709115296e-20,2.133305136146475e-25,2.0,1200,sintered
156396.39639639642,43.44344344344345,3.336418756987733e-20,2.133305136146475e-25,2.0,1200,sintered
156756.75675675677,43.54354354354355,3.3441063430639366e-20,2.133305136146475e-25,2.0,1200,sintered
157117.11711711713,43.64364364364365,3.35179392914014e-20,2.133305136146475e-25,2.0,1200,sintered
157477.47747747749,43.74374374374375,3.3594815152163436e-20,2.133305136146475e-25,2.0,1200,sintered
157837.83783783787,43.84384384384385,3.367169101292548e-20,2.133305136146475e-25,2.0,1200,sintered
158198.19819819822,43.94394394394395,3.374856687368751e-20,2.133305136146475e-25,2.0,1200,sintered
158558.55855855858,44.04404404404405,3.382544273444954e-20,2.133305136146475e-25,2.0,1200,sintered
158918.91891891893,44.14414414414415,3.3902318595211576e-20,2.133305136146475e-25,2.0,1200,sintered
159279.2792792793,44.24424424424425,3.397919445597361e-20,2.133305136146475e-25,2.0,1200,sintered
159639.63963963967,44.34434434434435,3.405607031673565e-20,2.133305136146475e-25,2.0,1200,sintered
160000.00000000003,44.44444444444445,3.413294617749769e-20,2.133305136146475e-25,2.0,1200,sintered
160360.36036036038,44.54454454454455,3.420982203825972e-20,2.133305136146475e-25,2.0,1200,sintered
160720.72072072074,44.64464464464465,3.428669789902175e-20,2.133305136146475e-25,2.0,1200,sintered
161081.0810810811,44.74474474474475,3.4363573759783786e-20,2.133305136146475e-25,2.0,1200,sintered
161441.44144144145,44.84484484484485,3.444044962054582e-20,2.133305136146475e-25,2.0,1200,sintered
161801.80180180183,44.94494494494495,3.451732548130786e-20,2.133305136146475e-25,2.0,1200,sintered
162162.1621621622,45.04504504504505,3.4594201342069897e-20,2.133305136146475e-25,2.0,1200,sintered
162522.52252252254,45.14514514514515,3.467107720283193e-20,2.133305136146475e-25,2.0,1200,sintered
162882.8828828829,45.24524524524525,3.4747953063593967e-20,2.133305136146475e-25,2.0,1200,sintered
163243.24324324325,45.34534534534535,3.4824828924355996e-20,2.133305136146475e-25,2.0,1200,sintered
163603.6036036036,45.44544544544545,3.490170478511803e-20,2.133305136146475e-25,2.0,1200,sintered
163963.963963964,45.54554554554555,3.497858064588007e-20,2.133305136146475e-25,2.0,1200,sintered
164324.32432432435,45.64564564564565,3.5055456506642107e-20,2.133305136146475e-25,2.0,1200,sintered
164684.6846846847,45.74574574574575,3.513233236740414e-20,2.133305136146475e-25,2.0,1200,sintered
165045.04504504506,45.84584584584585,3.5209208228166177e-20,2.133305136146475e-25,2.0,1200,sintered
165405.4054054054,45.94594594594595,3.5286084088928206e-20,2.133305136146475e-25,2.0,1200,sintered
165765.76576576577,46.04604604604605,3.536295994969024e-20,2.133305136146475e-25,2.0,1200,sintered
166126.12612612615,46.14614614614615,3.543983581045228e-20,2.133305136146475e-25,2.0,1200,sintered
166486.4864864865,46.24624624624625,3.5516711671214317e-20,2.133305136146475e-25,2.0,1200,sintered
166846.84684684686,46.34634634634635,3.559358753197635e-20,2.133305136146475e-25,2.0,1200,sintered
167207.20720720722,46.44644644644645,3.5670463392738387e-20,2.133305136146475e-25,2.0,1200,sintered
167567.56756756757,46.54654654654655,3.574733925350042e-20,2.133305136146475e-25,2.0,1200,sintered
167927.92792792796,46.64664664664665,3.5824215114262456e-20,2.133305136146475e-25,2.0,1200,sintered
168288.2882882883,46.74674674674675,3.590109097502449e-20,2.133305136146475e-25,2.0,1200,sintered
168648.64864864867,46.84684684684685,3.5977966835786526e-20,2.133305136146475e-25,2.0,1200,sintered
169009.00900900902,46.94694694694695,3.605484269654856e-20,2.133305136146475e-25,2.0,1200,sintered
169369.36936936938,47.04704704704705,3.6131718557310596e-20,2.133305136146475e-25,2.0,1200,sintered
169729.72972972973,47.14714714714715,3.620859441807263e-20,2.133305136146475e-25,2.0,1200,sintered
170090.09009009012,47.24724724724725,3.6285470278834666e-20,2.133305136146475e-25,2.0,1200,sintered
170450.45045045047,47.34734734734735,3.63623461395967e-20,2.133305136146475e-25,2.0,1200,sintered
170810.81081081083,47.44744744744745,3.6439222000358736e-20,2.133305136146475e-25,2.0,1200,sintered
171171.17117117118,47.54754754754755,3.651609786112077e-20,2.133305136146475e-25,2.0,1200,sintered
171531.53153153154,47.64764764764765,3.6592973721882806e-20,2.133305136146475e-25,2.0,1200,sintered
171891.8918918919,47.74774774774775,3.666984958264484e-20,2.133305136146475e-25,2.0,1200,sintered
172252.25225225228,47.84784784784785,3.674672544340688e-20,2.133305136146475e-25,2.0,1200,sintered
172612.61261261263,47.94794794794795,3.682360130416891e-20,2.133305136146475e-25,2.0,1200,sintered
172972.972972973,48.04804804804805,3.6900477164930946e-20,2.133305136146475e-25,2.0,1200,sintered
173333.33333333334,48.14814814814815,3.697735302569298e-20,2.133305136146475e-25,2.0,1200,sintered
173693.6936936937,48.24824824824825,3.7054228886455016e-20,2.133305136146475e-25,2.0,1200,sintered
174054.05405405408,48.34834834834835,3.713110474721706e-20,2.133305136146475e-25,2.0,1200,sintered
174414.41441441444,48.44844844844845,3.720798060797909e-20,2.133305136146475e-25,2.0,1200,sintered
174774.7747747748,48.54854854854855,3.728485646874112e-20,2.133305136146475e-25,2.0,1200,sintered
175135.13513513515,48.64864864864865,3.7361732329503156e-20,2.133305136146475e-25,2.0,1200,sintered
175495.4954954955,48.74874874874875,3.743860819026519e-20,2.133305136146475e-25,2.0,1200,sintered
175855.85585585586,48.84884884884885,3.7515484051027226e-20,2.133305136146475e-25,2.0,1200,sintered
176216.21621621624,48.94894894894895,3.7592359911789267e-20,2.133305136146475e-25,2.0,1200,sintered
176576.5765765766,49.04904904904905,3.76692357725513e-20,2.133305136146475e-25,2.0,1200,sintered
176936.93693693695,49.14914914914915,3.7746111633313337e-20,2.133305136146475e-25,2.0,1200,sintered
177297.2972972973,49.24924924924925,3.7822987494075366e-20,2.133305136146475e-25,2.0,1200,sintered
177657.65765765766,49.34934934934935,3.78998633548374e-20,2.133305136146475e-25,2.0,1200,sintered
178018.01801801802,49.44944944944945,3.7976739215599436e-20,2.133305136146475e-25,2.0,1200,sintered
178378.3783783784,49.54954954954955,3.8053615076361477e-20,2.133305136146475e-25,2.0,1200,sintered
178738.73873873876,49.64964964964965,3.813049093712351e-20,2.133305136146475e-25,2.0,1200,sintered
179099.0990990991,49.74974974974975,3.8207366797885547e-20,2.133305136146475e-25,2.0,1200,sintered
179459.45945945947,49.84984984984985,3.8284242658647576e-20,2.133305136146475e-25,2.0,1200,sintered
179819.81981981982,49.94994994994995,3.836111851940961e-20,2.133305136146475e-25,2.0,1200,sintered
180180.1801801802,50.050050050050054,3.843799438017165e-20,2.133305136146475e-25,2.0,1200,sintered
180540.54054054056,50.150150150150154,3.8514870240933686e-20,2.133305136146475e-25,2.0,1200,sintered
180900.90090090092,50.250250250250254,3.859174610169572e-20,2.133305136146475e-25,2.0,1200,sintered
181261.26126126127,50.350350350350354,3.8668621962457756e-20,2.133305136146475e-25,2.0,1200,sintered
181621.62162162163,50.450450450450454,3.874549782321979e-20,2.133305136146475e-25,2.0,1200,sintered
181981.98198198198,50.550550550550554,3.882237368398182e-20,2.133305136146475e-25,2.0,1200,sintered
182342.34234234237,50.650650650650654,3.889924954474386e-20,2.133305136146475e-25,2.0,1200,sintered
182702.70270270272,50.750750750750754,3.8976125405505896e-20,2.133305136146475e-25,2.0,1200,sintered
183063.06306306308,50.850850850850854,3.905300126626793e-20,2.133305136146475e-25,2.0,1200,sintered
183423.42342342343,50.950950950950954,3.9129877127029966e-20,2.133305136146475e-25,2.0,1200,sintered
183783.7837837838,51.051051051051054,3.9206752987792e-20,2.133305136146475e-25,2.0,1200,sintered
184144.14414414414,51.151151151151154,3.928362884855403e-20,2.133305136146475e-25,2.0,1200,sintered
184504.50450450453,51.251251251251254,3.936050470931607e-20,2.133305136146475e-25,2.0,1200,sintered
184864.86486486488,51.351351351351354,3.9437380570078106e-20,2.133305136146475e-25,2.0,1200,sintered
185225.22522522524,51.451451451451454,3.951425643084014e-20,2.133305136146475e-25,2.0,1200,sintered
185585.5855855856,51.551551551551555,3.9591132291602176e-20,2.133305136146475e-25,2.0,1200,sintered
185945.94594594595,51.651651651651655,3.966800815236421e-20,2.133305136146475e-25,2.0,1200,sintered
186306.30630630633,51.751751751751755,3.974488401312625e-20,2.133305136146475e-25,2.0,1200,sintered
186666.6666666667,51.851851851851855,3.982175987388828e-20,2.133305136146475e-25,2.0,1200,sintered
187027.02702702704,51.951951951951955,3.9898635734650316e-20,2.133305136146475e-25,2.0,1200,sintered
187387.3873873874,52.052052052052055,3.997551159541235e-20,2.133305136146475e-25,2.0,1200,sintered
187747.74774774775,52.152152152152155,4.0052387456174386e-20,2.133305136146475e-25,2.0,1200,sintered
188108.1081081081,52.252252252252255,4.012926331693642e-20,2.133305136146475e-25,2.0,1200,sintered
188468.4684684685,52.352352352352355,4.020613917769846e-20,2.133305136146475e-25,2.0,1200,sintered
188828.82882882885,52.452452452452455,4.028301503846049e-20,2.133305136146475e-25,2.0,1200,sintered
189189.1891891892,52.552552552552555,4.0359890899222526e-20,2.133305136146475e-25,2.0,1200,sintered
189549.54954954956,52.652652652652655,4.043676675998456e-20,2.133305136146475e-25,2.0,1200,sintered
189909.9099099099,52.752752752752755,4.0513642620746596e-20,2.133305136146475e-25,2.0,1200,sintered
190270.27027027027,52.852852852852855,4.059051848150863e-20,2.133305136146475e-25,2.0,1200,sintered
190630.63063063065,52.952952952952955,4.066739434227067e-20,2.133305136146475e-25,2.0,1200,sintered
190990.990990991,53.053053053053056,4.0744270203032707e-20,2.133305136146475e-25,2.0,1200,sintered
191351.35135135136,53.153153153153156,4.0821146063794736e-20,2.133305136146475e-25,2.0,1200,sintered
191711.71171171172,53.253253253253256,4.089802192455677e-20,2.133305136146475e-25,2.0,1200,sintered
192072.07207207207,53.353353353353356,4.0974897785318806e-20,2.133305136146475e-25,2.0,1200,sintered
192432.43243243246,53.453453453453456,4.1051773646080847e-20,2.133305136146475e-25,2.0,1200,sintered
192792.7927927928,53.553553553553556,4.112864950684288e-20,2.133305136146475e-25,2.0,1200,sintered
193153.15315315317,53.653653653653656,4.1205525367604916e-20,2.133305136146475e-25,2.0,1200,sintered
193513.51351351352,53.753753753753756,4.1282401228366945e-20,2.133305136146475e-25,2.0,1200,sintered
193873.87387387388,53.853853853853856,4.135927708912898e-20,2.133305136146475e-25,2.0,1200,sintered
194234.23423423423,53.953953953953956,4.1436152949891015e-20,2.133305136146475e-25,2.0,1200,sintered
194594.59459459462,54.054054054054056,4.1513028810653056e-20,2.133305136146475e-25,2.0,1200,sintered
194954.95495495497,54.154154154154156,4.158990467141509e-20,2.133305136146475e-25,2.0,1200,sintered
195315.31531531533,54.254254254254256,4.1666780532177126e-20,2.133305136146475e-25,2.0,1200,sintered
195675.67567567568,54.354354354354356,4.174365639293916e-20,2.133305136146475e-25,2.0,1200,sintered
196036.03603603604,54.454454454454456,4.182053225370119e-20,2.133305136146475e-25,2.0,1200,sintered
196396.3963963964,54.55455455455456,4.1897408114463225e-20,2.133305136146475e-25,2.0,1200,sintered
196756.75675675677,54.65465465465466,4.1974283975225266e-20,2.133305136146475e-25,2.0,1200,sintered
197117.11711711713,54.75475475475476,4.20511598359873e-20,2.133305136146475e-25,2.0,1200,sintered
197477.47747747749,54.85485485485486,4.2128035696749336e-20,2.133305136146475e-25,2.0,1200,sintered
197837.83783783784,54.95495495495496,4.220491155751137e-20,2.133305136146475e-25,2.0,1200,sintered
198198.1981981982,55.05505505505506,4.22817874182734e-20,2.133305136146475e-25,2.0,1200,sintered
198558.55855855855,55.15515515515516,4.2358663279035435e-20,2.133305136146475e-25,2.0,1200,sintered
198918.91891891893,55.25525525525526,4.2435539139797476e-20,2.133305136146475e-25,2.0,1200,sintered
199279.2792792793,55.35535535535536,4.251241500055951e-20,2.133305136146475e-25,2.0,1200,sintered
199639.63963963964,55.45545545545546,4.2589290861321546e-20,2.133305136146475e-25,2.0,1200,sintered
200000.0,55.55555555555556,4.266616672208358e-20,2.133305136146475e-25,2.0,1200,sintered
200360.36036036036,55.65565565565566,4.2743042582845616e-20,2.133305136146475e-25,2.0,1200,sintered
200720.72072072074,55.75575575575576,4.281991844360765e-20,2.133305136146475e-25,2.0,1200,sintered
201081.0810810811,55.85585585585586,4.2896794304369686e-20,2.133305136146475e-25,2.0,1200,sintered
201441.44144144145,55.95595595595596,4.297367016513172e-20,2.133305136146475e-25,2.0,1200,sintered
201801.8018018018,56.05605605605606,4.3050546025893756e-20,2.133305136146475e-25,2.0,1200,sintered
202162.16216216216,56.15615615615616,4.312742188665579e-20,2.133305136146475e-25,2.0,1200,sintered
202522.52252252251,56.25625625625626,4.3204297747417826e-20,2.133305136146475e-25,2.0,1200,sintered
202882.8828828829,56.35635635635636,4.328117360817986e-20,2.133305136146475e-25,2.0,1200,sintered
203243.24324324325,56.45645645645646,4.3358049468941896e-20,2.133305136146475e-25,2.0,1200,sintered
203603.6036036036,56.55655655655656,4.343492532970393e-20,2.133305136146475e-25,2.0,1200,sintered
203963.96396396396,56.65665665665666,4.3511801190465966e-20,2.133305136146475e-25,2.0,1200,sintered
204324.32432432432,56.75675675675676,4.3588677051228e-20,2.133305136146475e-25,2.0,1200,sintered
204684.68468468467,56.85685685685686,4.3665552911990036e-20,2.133305136146475e-25,2.0,1200,sintered
205045.04504504506,56.95695695695696,4.3742428772752077e-20,2.133305136146475e-25,2.0,1200,sintered
205405.4054054054,57.05705705705706,4.3819304633514105e-20,2.133305136146475e-25,2.0,1200,sintered
205765.76576576577,57.15715715715716,4.389618049427614e-20,2.133305136146475e-25,2.0,1200,sintered
206126.12612612612,57.25725725725726,4.3973056355038175e-20,2.133305136146475e-25,2.0,1200,sintered
206486.48648648648,57.35735735735736,4.404993221580021e-20,2.133305136146475e-25,2.0,1200,sintered
206846.84684684686,57.45745745745746,4.412680807656225e-20,2.133305136146475e-25,2.0,1200,sintered
207207.20720720722,57.55755755755756,4.4203683937324286e-20,2.133305136146475e-25,2.0,1200,sintered
207567.56756756757,57.65765765765766,4.4280559798086315e-20,2.133305136146475e-25,2.0,1200,sintered
207927.92792792793,57.75775775775776,4.435743565884835e-20,2.133305136146475e-25,2.0,1200,sintered
208288.28828828828,57.85785785785786,4.4434311519610385e-20,2.133305136146475e-25,2.0,1200,sintered
208648.64864864864,57.95795795795796,4.451118738037242e-20,2.133305136146475e-25,2.0,1200,sintered
209009.00900900902,58.05805805805806,4.458806324113446e-20,2.133305136146475e-25,2.0,1200,sintered
209369.36936936938,58.15815815815816,4.4664939101896496e-20,2.133305136146475e-25,2.0,1200,sintered
209729.72972972973,58.25825825825826,4.474181496265853e-20,2.133305136146475e-25,2.0,1200,sintered
210090.0900900901,58.35835835835836,4.481869082342056e-20,2.133305136146475e-25,2.0,1200,sintered
210450.45045045044,58.45845845845846,4.4895566684182595e-20,2.133305136146475e-25,2.0,1200,sintered
210810.8108108108,58.55855855855856,4.497244254494463e-20,2.133305136146475e-25,2.0,1200,sintered
211171.17117117118,58.65865865865866,4.504931840570667e-20,2.133305136146475e-25,2.0,1200,sintered
211531.53153153154,58.75875875875876,4.5126194266468706e-20,2.133305136146475e-25,2.0,1200,sintered
211891.8918918919,58.85885885885886,4.520307012723074e-20,2.133305136146475e-25,2.0,1200,sintered
212252.25225225225,58.95895895895896,4.527994598799277e-20,2.133305136146475e-25,2.0,1200,sintered
212612.6126126126,59.05905905905906,4.5356821848754805e-20,2.133305136146475e-25,2.0,1200,sintered
212972.972972973,59.15915915915916,4.5433697709516846e-20,2.133305136146475e-25,2.0,1200,sintered
213333.33333333334,59.25925925925926,4.551057357027888e-20,2.133305136146475e-25,2.0,1200,sintered
213693.6936936937,59.35935935935936,4.5587449431040916e-20,2.133305136146475e-25,2.0,1200,sintered
214054.05405405405,59.45945945945946,4.566432529180295e-20,2.133305136146475e-25,2.0,1200,sintered
214414.4144144144,59.55955955955956,4.5741201152564986e-20,2.133305136146475e-25,2.0,1200,sintered
214774.77477477476,59.65965965965966,4.5818077013327015e-20,2.133305136146475e-25,2.0,1200,sintered
215135.13513513515,59.75975975975976,4.5894952874089056e-20,2.133305136146475e-25,2.0,1200,sintered
215495.49549549553,59.85985985985987,4.5971828734851097e-20,2.133305136146475e-25,2.0,1200,sintered
215855.8558558559,59.95995995995997,4.604870459561313e-20,2.133305136146475e-25,2.0,1200,sintered
216216.21621621624,60.06006006006007,4.6125580456375167e-20,2.133305136146475e-25,2.0,1200,sintered
216576.5765765766,60.16016016016017,4.62024563171372e-20,2.133305136146475e-25,2.0,1200,sintered
216936.93693693695,60.26026026026027,4.627933217789923e-20,2.133305136146475e-25,2.0,1200,sintered
217297.29729729734,60.36036036036037,4.635620803866127e-20,2.133305136146475e-25,2.0,1200,sintered
217657.6576576577,60.46046046046047,4.6433083899423307e-20,2.133305136146475e-25,2.0,1200,sintered
218018.01801801805,60.56056056056057,4.650995976018534e-20,2.133305136146475e-25,2.0,1200,sintered
218378.3783783784,60.66066066066067,4.6586835620947376e-20,2.133305136146475e-25,2.0,1200,sintered
218738.73873873876,60.76076076076077,4.666371148170941e-20,2.133305136146475e-25,2.0,1200,sintered
219099.0990990991,60.86086086086087,4.6740587342471446e-20,2.133305136146475e-25,2.0,1200,sintered
219459.4594594595,60.96096096096097,4.681746320323348e-20,2.133305136146475e-25,2.0,1200,sintered
219819.81981981985,61.06106106106107,4.6894339063995516e-20,2.133305136146475e-25,2.0,1200,sintered
220180.1801801802,61.16116116116117,4.697121492475755e-20,2.133305136146475e-25,2.0,1200,sintered
220540.54054054056,61.26126126126127,4.7048090785519586e-20,2.133305136146475e-25,2.0,1200,sintered
220900.90090090092,61.36136136136137,4.712496664628162e-20,2.133305136146475e-25,2.0,1200,sintered
221261.26126126127,61.46146146146147,4.7201842507043656e-20,2.133305136146475e-25,2.0,1200,sintered
221621.62162162166,61.56156156156157,4.727871836780569e-20,2.133305136146475e-25,2.0,1200,sintered
221981.981981982,61.66166166166167,4.7355594228567726e-20,2.133305136146475e-25,2.0,1200,sintered
222342.34234234237,61.76176176176177,4.743247008932976e-20,2.133305136146475e-25,2.0,1200,sintered
222702.70270270272,61.86186186186187,4.7509345950091796e-20,2.133305136146475e-25,2.0,1200,sintered
223063.06306306308,61.96196196196197,4.758622181085383e-20,2.133305136146475e-25,2.0,1200,sintered
223423.42342342343,62.06206206206207,4.7663097671615866e-20,2.133305136146475e-25,2.0,1200,sintered
223783.78378378382,62.16216216216217,4.773997353237791e-20,2.133305136146475e-25,2.0,1200,sintered
224144.14414414417,62.26226226226227,4.7816849393139936e-20,2.133305136146475e-25,2.0,1200,sintered
224504.50450450453,62.36236236236237,4.789372525390197e-20,2.133305136146475e-25,2.0,1200,sintered
224864.86486486488,62.46246246246247,4.7970601114664006e-20,2.133305136146475e-25,2.0,1200,sintered
225225.22522522524,62.56256256256257,4.804747697542604e-20,2.133305136146475e-25,2.0,1200,sintered
225585.58558558562,62.66266266266267,4.812435283618808e-20,2.133305136146475e-25,2.0,1200,sintered
225945.94594594598,62.76276276276277,4.8201228696950117e-20,2.133305136146475e-25,2.0,1200,sintered
226306.30630630633,62.86286286286287,4.8278104557712146e-20,2.133305136146475e-25,2.0,1200,sintered
226666.6666666667,62.96296296296297,4.835498041847418e-20,2.133305136146475e-25,2.0,1200,sintered
227027.02702702704,63.06306306306307,4.8431856279236216e-20,2.133305136146475e-25,2.0,1200,sintered
227387.3873873874,63.16316316316317,4.850873213999825e-20,2.133305136146475e-25,2.0,1200,sintered
227747.74774774778,63.26326326326327,4.858560800076029e-20,2.133305136146475e-25,2.0,1200,sintered
228108.10810810814,63.36336336336337,4.8662483861522327e-20,2.133305136146475e-25,2.0,1200,sintered
228468.4684684685,63.46346346346347,4.873935972228436e-20,2.133305136146475e-25,2.0,1200,sintered
228828.82882882885,63.56356356356357,4.881623558304639e-20,2.133305136146475e-25,2.0,1200,sintered
229189.1891891892,63.66366366366367,4.8893111443808426e-20,2.133305136146475e-25,2.0,1200,sintered
229549.54954954956,63.76376376376377,4.896998730457046e-20,2.133305136146475e-25,2.0,1200,sintered
229909.90990990994,63.86386386386387,4.90468631653325e-20,2.133305136146475e-25,2.0,1200,sintered
230270.2702702703,63.96396396396397,4.9123739026094537e-20,2.133305136146475e-25,2.0,1200,sintered
230630.63063063065,64.06406406406407,4.920061488685657e-20,2.133305136146475e-25,2.0,1200,sintered
230990.99099099098,64.16416416416416,4.9277490747618594e-20,2.133305136146475e-25,2.0,1200,sintered
231351.35135135136,64.26426426426427,4.9354366608380635e-20,2.133305136146475e-25,2.0,1200,sintered
231711.71171171172,64.36436436436436,4.943124246914267e-20,2.133305136146475e-25,2.0,1200,sintered
232072.0720720721,64.46446446446447,4.950811832990471e-20,2.133305136146475e-25,2.0,1200,sintered
232432.43243243243,64.56456456456456,4.958499419066674e-20,2.133305136146475e-25,2.0,1200,sintered
232792.7927927928,64.66466466466467,4.966187005142878e-20,2.133305136146475e-25,2.0,1200,sintered
233153.15315315314,64.76476476476476,4.973874591219081e-20,2.133305136146475e-25,2.0,1200,sintered
233513.51351351352,64.86486486486487,4.9815621772952845e-20,2.133305136146475e-25,2.0,1200,sintered
233873.87387387388,64.96496496496496,4.989249763371488e-20,2.133305136146475e-25,2.0,1200,sintered
234234.23423423426,65.06506506506507,4.996937349447692e-20,2.133305136146475e-25,2.0,1200,sintered
234594.5945945946,65.16516516516516,5.004624935523895e-20,2.133305136146475e-25,2.0,1200,sintered
234954.95495495497,65.26526526526527,5.012312521600099e-20,2.133305136146475e-25,2.0,1200,sintered
235315.3153153153,65.36536536536536,5.020000107676302e-20,2.133305136146475e-25,2.0,1200,sintered
235675.67567567568,65.46546546546547,5.0276876937525055e-20,2.133305136146475e-25,2.0,1200,sintered
236036.03603603604,65.56556556556556,5.035375279828709e-20,2.133305136146475e-25,2.0,1200,sintered
236396.39639639642,65.66566566566567,5.043062865904913e-20,2.133305136146475e-25,2.0,1200,sintered
236756.75675675675,65.76576576576576,5.050750451981116e-20,2.133305136146475e-25,2.0,1200,sintered
237117.11711711713,65.86586586586587,5.05843803805732e-20,2.133305136146475e-25,2.0,1200,sintered
237477.47747747746,65.96596596596596,5.066125624133523e-20,2.133305136146475e-25,2.0,1200,sintered
237837.83783783787,66.06606606606607,5.0738132102097277e-20,2.133305136146475e-25,2.0,1200,sintered
238198.1981981982,66.16616616616616,5.08150079628593e-20,2.133305136146475e-25,2.0,1200,sintered
238558.55855855858,66.26626626626627,5.089188382362134e-20,2.133305136146475e-25,2.0,1200,sintered
238918.9189189189,66.36636636636636,5.096875968438337e-20,2.133305136146475e-25,2.0,1200,sintered
239279.2792792793,66.46646646646647,5.104563554514541e-20,2.133305136146475e-25,2.0,1200,sintered
239639.63963963964,66.56656656656656,5.1122511405907446e-20,2.133305136146475e-25,2.0,1200,sintered
240000.00000000003,66.66666666666667,5.1199387266669487e-20,2.133305136146475e-25,2.0,1200,sintered
240360.36036036036,66.76676676676676,5.127626312743151e-20,2.133305136146475e-25,2.0,1200,sintered
240720.72072072074,66.86686686686687,5.135313898819355e-20,2.133305136146475e-25,2.0,1200,sintered
241081.08108108107,66.96696696696696,5.143001484895558e-20,2.133305136146475e-25,2.0,1200,sintered
241441.44144144145,67.06706706706707,5.150689070971762e-20,2.133305136146475e-25,2.0,1200,sintered
241801.8018018018,67.16716716716716,5.1583766570479656e-20,2.133305136146475e-25,2.0,1200,sintered
242162.1621621622,67.26726726726727,5.1660642431241697e-20,2.133305136146475e-25,2.0,1200,sintered
242522.52252252251,67.36736736736736,5.1737518292003726e-20,2.133305136146475e-25,2.0,1200,sintered
242882.8828828829,67.46746746746747,5.181439415276576e-20,2.133305136146475e-25,2.0,1200,sintered
243243.24324324323,67.56756756756756,5.189127001352779e-20,2.133305136146475e-25,2.0,1200,sintered
243603.6036036036,67.66766766766767,5.196814587428983e-20,2.133305136146475e-25,2.0,1200,sintered
243963.96396396396,67.76776776776777,5.2045021735051865e-20,2.133305136146475e-25,2.0,1200,sintered
244324.32432432435,67.86786786786787,5.2121897595813906e-20,2.133305136146475e-25,2.0,1200,sintered
244684.68468468467,67.96796796796797,5.2198773456575935e-20,2.133305136146475e-25,2.0,1200,sintered
245045.04504504506,68.06806806806807,5.227564931733797e-20,2.133305136146475e-25,2.0,1200,sintered
245405.40540540538,68.16816816816817,5.23525251781e-20,2.133305136146475e-25,2.0,1200,sintered
245765.76576576577,68.26826826826827,5.242940103886204e-20,2.133305136146475e-25,2.0,1200,sintered
246126.12612612615,68.36836836836838,5.250627689962408e-20,2.133305136146475e-25,2.0,1200,sintered
246486.4864864865,68.46846846846847,5.2583152760386116e-20,2.133305136146475e-25,2.0,1200,sintered
246846.8468468469,68.56856856856858,5.266002862114816e-20,2.133305136146475e-25,2.0,1200,sintered
247207.20720720722,68.66866866866867,5.2736904481910186e-20,2.133305136146475e-25,2.0,1200,sintered
247567.5675675676,68.76876876876878,5.281378034267222e-20,2.133305136146475e-25,2.0,1200,sintered
247927.92792792793,68.86886886886887,5.289065620343425e-20,2.133305136146475e-25,2.0,1200,sintered
248288.28828828834,68.96896896896898,5.29675320641963e-20,2.133305136146475e-25,2.0,1200,sintered
248648.64864864867,69.06906906906907,5.3044407924958326e-20,2.133305136146475e-25,2.0,1200,sintered
249009.00900900905,69.16916916916918,5.312128378572037e-20,2.133305136146475e-25,2.0,1200,sintered
249369.36936936938,69.26926926926927,5.3198159646482396e-20,2.133305136146475e-25,2.0,1200,sintered
249729.72972972976,69.36936936936938,5.327503550724444e-20,2.133305136146475e-25,2.0,1200,sintered
250090.09009009012,69.46946946946947,5.3351911368006466e-20,2.133305136146475e-25,2.0,1200,sintered
250450.4504504505,69.56956956956958,5.3428787228768507e-20,2.133305136146475e-25,2.0,1200,sintered
250810.81081081083,69.66966966966967,5.3505663089530536e-20,2.133305136146475e-25,2.0,1200,sintered
251171.1711711712,69.76976976976978,5.3582538950292577e-20,2.133305136146475e-25,2.0,1200,sintered
251531.53153153154,69.86986986986987,5.3659414811054606e-20,2.133305136146475e-25,2.0,1200,sintered
251891.89189189192,69.96996996996998,5.3736290671816647e-20,2.133305136146475e-25,2.0,1200,sintered
252252.25225225228,70.07007007007007,5.3813166532578676e-20,2.133305136146475e-25,2.0,1200,sintered
252612.61261261266,70.17017017017018,5.3890042393340717e-20,2.133305136146475e-25,2.0,1200,sintered
252972.972972973,70.27027027027027,5.3966918254102746e-20,2.133305136146475e-25,2.0,1200,sintered
253333.33333333337,70.37037037037038,5.4043794114864787e-20,2.133305136146475e-25,2.0,1200,sintered
253693.6936936937,70.47047047047047,5.4120669975626816e-20,2.133305136146475e-25,2.0,1200,sintered
254054.05405405408,70.57057057057058,5.4197545836388857e-20,2.133305136146475e-25,2.0,1200,sintered
254414.41441441444,70.67067067067067,5.427442169715089e-20,2.133305136146475e-25,2.0,1200,sintered
254774.77477477482,70.77077077077078,5.435129755791293e-20,2.133305136146475e-25,2.0,1200,sintered
255135.13513513515,70.87087087087087,5.442817341867496e-20,2.133305136146475e-25,2.0,1200,sintered
255495.49549549553,70.97097097097098,5.4505049279437e-20,2.133305136146475e-25,2.0,1200,sintered
255855.85585585586,71.07107107107107,5.458192514019902e-20,2.133305136146475e-25,2.0,1200,sintered
256216.21621621624,71.17117117117118,5.465880100096107e-20,2.133305136146475e-25,2.0,1200,sintered
256576.5765765766,71.27127127127127,5.47356768617231e-20,2.133305136146475e-25,2.0,1200,sintered
256936.93693693698,71.37137137137138,5.481255272248514e-20,2.133305136146475e-25,2.0,1200,sintered
257297.2972972973,71.47147147147147,5.488942858324717e-20,2.133305136146475e-25,2.0,1200,sintered
257657.6576576577,71.57157157157158,5.496630444400921e-20,2.133305136146475e-25,2.0,1200,sintered
258018.01801801802,71.67167167167167,5.504318030477123e-20,2.133305136146475e-25,2.0,1200,sintered
258378.3783783784,71.77177177177178,5.512005616553328e-20,2.133305136146475e-25,2.0,1200,sintered
258738.73873873876,71.87187187187187,5.519693202629531e-20,2.133305136146475e-25,2.0,1200,sintered
259099.09909909914,71.97197197197198,5.527380788705735e-20,2.133305136146475e-25,2.0,1200,sintered
259459.45945945947,72.07207207207207,5.535068374781938e-20,2.133305136146475e-25,2.0,1200,sintered
259819.81981981985,72.17217217217218,5.542755960858142e-20,2.133305136146475e-25,2.0,1200,sintered
260180.18018018018,72.27227227227228,5.550443546934345e-20,2.133305136146475e-25,2.0,1200,sintered
260540.54054054056,72.37237237237238,5.558131133010549e-20,2.133305136146475e-25,2.0,1200,sintered
260900.90090090092,72.47247247247248,5.565818719086752e-20,2.133305136146475e-25,2.0,1200,sintered
261261.2612612613,72.57257257257258,5.573506305162956e-20,2.133305136146475e-25,2.0,1200,sintered
261621.62162162163,72.67267267267268,5.581193891239159e-20,2.133305136146475e-25,2.0,1200,sintered
261981.981981982,72.77277277277278,5.588881477315363e-20,2.133305136146475e-25,2.0,1200,sintered
262342.34234234237,72.87287287287288,5.596569063391566e-20,2.133305136146475e-25,2.0,1200,sintered
262702.7027027027,72.97297297297298,5.60425664946777e-20,2.133305136146475e-25,2.0,1200,sintered
263063.0630630631,73.07307307307308,5.611944235543973e-20,2.133305136146475e-25,2.0,1200,sintered
263423.42342342343,73.17317317317318,5.619631821620177e-20,2.133305136146475e-25,2.0,1200,sintered
263783.7837837838,73.27327327327328,5.62731940769638e-20,2.133305136146475e-25,2.0,1200,sintered
264144.1441441442,73.37337337337338,5.635006993772585e-20,2.133305136146475e-25,2.0,1200,sintered
264504.5045045045,73.47347347347348,5.642694579848787e-20,2.133305136146475e-25,2.0,1200,sintered
264864.8648648649,73.57357357357358,5.650382165924992e-20,2.133305136146475e-25,2.0,1200,sintered
265225.2252252252,73.67367367367368,5.658069752001193e-20,2.133305136146475e-25,2.0,1200,sintered
265585.5855855856,73.77377377377378,5.665757338077398e-20,2.133305136146475e-25,2.0,1200,sintered
265945.945945946,73.87387387387388,5.673444924153601e-20,2.133305136146475e-25,2.0,1200,sintered
266306.30630630633,73.97397397397398,5.681132510229805e-20,2.133305136146475e-25,2.0,1200,sintered
266666.6666666667,74.07407407407408,5.688820096306008e-20,2.133305136146475e-25,2.0,1200,sintered
267027.02702702704,74.17417417417418,5.696507682382212e-20,2.133305136146475e-25,2.0,1200,sintered
267387.3873873874,74.27427427427428,5.704195268458415e-20,2.133305136146475e-25,2.0,1200,sintered
267747.7477477478,74.37437437437438,5.71188285453462e-20,2.133305136146475e-25,2.0,1200,sintered
268108.1081081081,74.47447447447448,5.719570440610822e-20,2.133305136146475e-25,2.0,1200,sintered
268468.4684684685,74.57457457457458,5.727258026687027e-20,2.133305136146475e-25,2.0,1200,sintered
268828.8288288288,74.67467467467468,5.734945612763229e-20,2.133305136146475e-25,2.0,1200,sintered
269189.18918918923,74.77477477477478,5.742633198839434e-20,2.133305136146475e-25,2.0,1200,sintered
269549.5495495496,74.87487487487488,5.750320784915637e-20,2.133305136146475e-25,2.0,1200,sintered
269909.90990990994,74.97497497497498,5.75800837099184e-20,2.133305136146475e-25,2.0,1200,sintered
270270.2702702703,75.07507507507508,5.765695957068043e-20,2.133305136146475e-25,2.0,1200,sintered
270630.63063063065,75.17517517517518,5.773383543144247e-20,2.133305136146475e-25,2.0,1200,sintered
270990.990990991,75.27527527527528,5.78107112922045e-20,2.133305136146475e-25,2.0,1200,sintered
271351.35135135136,75.37537537537538,5.788758715296654e-20,2.133305136146475e-25,2.0,1200,sintered
271711.7117117117,75.47547547547548,5.796446301372857e-20,2.133305136146475e-25,2.0,1200,sintered
272072.07207207213,75.57557557557558,5.804133887449062e-20,2.133305136146475e-25,2.0,1200,sintered
272432.4324324324,75.67567567567568,5.811821473525264e-20,2.133305136146475e-25,2.0,1200,sintered
272792.79279279284,75.77577577577578,5.819509059601469e-20,2.133305136146475e-25,2.0,1200,sintered
273153.15315315314,75.87587587587588,5.827196645677671e-20,2.133305136146475e-25,2.0,1200,sintered
273513.51351351355,75.97597597597598,5.834884231753876e-20,2.133305136146475e-25,2.0,1200,sintered
273873.8738738739,76.07607607607608,5.842571817830079e-20,2.133305136146475e-25,2.0,1200,sintered
274234.23423423426,76.17617617617618,5.850259403906283e-20,2.133305136146475e-25,2.0,1200,sintered
274594.5945945946,76.27627627627628,5.857946989982485e-20,2.133305136146475e-25,2.0,1200,sintered
274954.95495495497,76.37637637637638,5.865634576058688e-20,2.133305136146475e-25,2.0,1200,sintered
275315.3153153153,76.47647647647648,5.873322162134892e-20,2.133305136146475e-25,2.0,1200,sintered
275675.6756756757,76.57657657657658,5.881009748211095e-20,2.133305136146475e-25,2.0,1200,sintered
276036.03603603604,76.67667667667668,5.888697334287299e-20,2.133305136146475e-25,2.0,1200,sintered
276396.39639639645,76.77677677677679,5.896384920363504e-20,2.133305136146475e-25,2.0,1200,sintered
276756.75675675675,76.87687687687688,5.904072506439706e-20,2.133305136146475e-25,2.0,1200,sintered
277117.11711711716,76.97697697697699,5.911760092515911e-20,2.133305136146475e-25,2.0,1200,sintered
277477.47747747746,77.07707707707708,5.919447678592113e-20,2.133305136146475e-25,2.0,1200,sintered
277837.83783783787,77.17717717717719,5.927135264668318e-20,2.133305136146475e-25,2.0,1200,sintered
278198.1981981982,77.27727727727728,5.934822850744521e-20,2.133305136146475e-25,2.0,1200,sintered
278558.5585585586,77.37737737737739,5.942510436820725e-20,2.133305136146475e-25,2.0,1200,sintered
278918.91891891893,77.47747747747748,5.950198022896928e-20,2.133305136146475e-25,2.0,1200,sintered
279279.2792792793,77.57757757757759,5.95788560897313e-20,2.133305136146475e-25,2.0,1200,sintered
279639.63963963964,77.67767767767768,5.965573195049334e-20,2.133305136146475e-25,2.0,1200,sintered
280000.0,77.77777777777779,5.973260781125537e-20,2.133305136146475e-25,2.0,1200,sintered
280360.36036036036,77.87787787787788,5.980948367201741e-20,2.133305136146475e-25,2.0,1200,sintered
280720.72072072077,77.97797797797799,5.988635953277946e-20,2.133305136146475e-25,2.0,1200,sintered
281081.08108108107,78.07807807807808,5.996323539354148e-20,2.133305136146475e-25,2.0,1200,sintered
281441.4414414415,78.17817817817819,6.004011125430353e-20,2.133305136146475e-25,2.0,1200,sintered
281801.8018018018,78.27827827827828,6.011698711506555e-20,2.133305136146475e-25,2.0,1200,sintered
282162.1621621622,78.37837837837839,6.01938629758276e-20,2.133305136146475e-25,2.0,1200,sintered
282522.52252252254,78.47847847847848,6.027073883658963e-20,2.133305136146475e-25,2.0,1200,sintered
282882.8828828829,78.57857857857859,6.034761469735167e-20,2.133305136146475e-25,2.0,1200,sintered
283243.24324324325,78.67867867867868,6.04244905581137e-20,2.133305136146475e-25,2.0,1200,sintered
283603.6036036036,78.77877877877879,6.050136641887574e-20,2.133305136146475e-25,2.0,1200,sintered
283963.96396396396,78.87887887887888,6.057824227963776e-20,2.133305136146475e-25,2.0,1200,sintered
284324.3243243244,78.97897897897899,6.065511814039981e-20,2.133305136146475e-25,2.0,1200,sintered
284684.6846846847,79.07907907907908,6.073199400116183e-20,2.133305136146475e-25,2.0,1200,sintered
285045.0450450451,79.17917917917919,6.080886986192388e-20,2.133305136146475e-25,2.0,1200,sintered
285405.4054054054,79.27927927927928,6.08857457226859e-20,2.133305136146475e-25,2.0,1200,sintered
285765.7657657658,79.37937937937939,6.096262158344795e-20,2.133305136146475e-25,2.0,1200,sintered
286126.12612612615,79.47947947947948,6.103949744420998e-20,2.133305136146475e-25,2.0,1200,sintered
286486.4864864865,79.57957957957959,6.111637330497202e-20,2.133305136146475e-25,2.0,1200,sintered
286846.84684684686,79.67967967967968,6.119324916573405e-20,2.133305136146475e-25,2.0,1200,sintered
287207.2072072072,79.77977977977979,6.127012502649609e-20,2.133305136146475e-25,2.0,1200,sintered
287567.5675675676,79.87987987987988,6.134700088725812e-20,2.133305136146475e-25,2.0,1200,sintered
287927.9279279279,79.97997997997999,6.142387674802016e-20,2.133305136146475e-25,2.0,1200,sintered
288288.2882882883,80.08008008008008,6.150075260878219e-20,2.133305136146475e-25,2.0,1200,sintered
288648.6486486487,80.18018018018019,6.157762846954423e-20,2.133305136146475e-25,2.0,1200,sintered
289009.009009009,80.28028028028028,6.165450433030625e-20,2.133305136146475e-25,2.0,1200,sintered
289369.3693693694,80.38038038038039,6.17313801910683e-20,2.133305136146475e-25,2.0,1200,sintered
289729.7297297297,80.48048048048048,6.180825605183032e-20,2.133305136146475e-25,2.0,1200,sintered
290090.0900900901,80.58058058058059,6.188513191259237e-20,2.133305136146475e-25,2.0,1200,sintered
290450.4504504505,80.68068068068068,6.19620077733544e-20,2.133305136146475e-25,2.0,1200,sintered
290810.8108108108,80.78078078078079,6.203888363411644e-20,2.133305136146475e-25,2.0,1200,sintered
291171.1711711712,80.88088088088088,6.211575949487847e-20,2.133305136146475e-25,2.0,1200,sintered
291531.53153153154,80.98098098098099,6.21926353556405e-20,2.133305136146475e-25,2.0,1200,sintered
291891.8918918919,81.08108108108108,6.226951121640254e-20,2.133305136146475e-25,2.0,1200,sintered
292252.25225225225,81.18118118118119,6.234638707716458e-20,2.133305136146475e-25,2.0,1200,sintered
292612.6126126126,81.28128128128128,6.242326293792661e-20,2.133305136146475e-25,2.0,1200,sintered
292972.972972973,81.38138138138139,6.250013879868866e-20,2.133305136146475e-25,2.0,1200,sintered
293333.3333333333,81.48148148148148,6.257701465945067e-20,2.133305136146475e-25,2.0,1200,sintered
293693.6936936937,81.58158158158159,6.265389052021272e-20,2.133305136146475e-25,2.0,1200,sintered
294054.054054054,81.68168168168168,6.273076638097474e-20,2.133305136146475e-25,2.0,1200,sintered
294414.41441441444,81.78178178178179,6.280764224173679e-20,2.133305136146475e-25,2.0,1200,sintered
294774.7747747748,81.88188188188188,6.288451810249882e-20,2.133305136146475e-25,2.0,1200,sintered
295135.13513513515,81.98198198198199,6.296139396326086e-20,2.133305136146475e-25,2.0,1200,sintered
295495.4954954955,82.08208208208208,6.303826982402289e-20,2.133305136146475e-25,2.0,1200,sintered
295855.85585585586,82.18218218218219,6.311514568478493e-20,2.133305136146475e-25,2.0,1200,sintered
296216.2162162162,82.28228228228228,6.319202154554696e-20,2.133305136146475e-25,2.0,1200,sintered
296576.5765765766,82.38238238238239,6.326889740630901e-20,2.133305136146475e-25,2.0,1200,sintered
296936.9369369369,82.48248248248248,6.334577326707103e-20,2.133305136146475e-25,2.0,1200,sintered
297297.29729729734,82.58258258258259,6.342264912783308e-20,2.133305136146475e-25,2.0,1200,sintered
297657.65765765763,82.68268268268268,6.34995249885951e-20,2.133305136146475e-25,2.0,1200,sintered
298018.01801801805,82.78278278278279,6.357640084935714e-20,2.133305136146475e-25,2.0,1200,sintered
298378.3783783784,82.88288288288288,6.365327671011917e-20,2.133305136146475e-25,2.0,1200,sintered
298738.73873873876,82.98298298298299,6.37301525708812e-20,2.133305136146475e-25,2.0,1200,sintered
299099.0990990991,83.08308308308308,6.380702843164324e-20,2.133305136146475e-25,2.0,1200,sintered
299459.45945945947,83.18318318318319,6.388390429240528e-20,2.133305136146475e-25,2.0,1200,sintered
299819.8198198198,83.28328328328328,6.396078015316731e-20,2.133305136146475e-25,2.0,1200,sintered
300180.1801801802,83.38338338338339,6.403765601392935e-20,2.133305136146475e-25,2.0,1200,sintered
300540.54054054053,83.48348348348348,6.411453187469138e-20,2.133305136146475e-25,2.0,1200,sintered
300900.90090090095,83.58358358358359,6.419140773545343e-20,2.133305136146475e-25,2.0,1200,sintered
301261.26126126124,83.68368368368368,6.426828359621545e-20,2.133305136146475e-25,2.0,1200,sintered
301621.62162162166,83.78378378378379,6.43451594569775e-20,2.133305136146475e-25,2.0,1200,sintered
301981.98198198195,83.88388388388388,6.442203531773952e-20,2.133305136146475e-25,2.0,1200,sintered
302342.34234234237,83.98398398398399,6.449891117850157e-20,2.133305136146475e-25,2.0,1200,sintered
302702.7027027027,84.08408408408408,6.457578703926359e-20,2.133305136146475e-25,2.0,1200,sintered
303063.0630630631,84.18418418418419,6.465266290002562e-20,2.133305136146475e-25,2.0,1200,sintered
303423.42342342343,84.28428428428428,6.472953876078766e-20,2.133305136146475e-25,2.0,1200,sintered
303783.7837837838,84.38438438438439,6.48064146215497e-20,2.133305136146475e-25,2.0,1200,sintered
304144.14414414414,84.48448448448448,6.488329048231173e-20,2.133305136146475e-25,2.0,1200,sintered
304504.5045045045,84.58458458458459,6.496016634307376e-20,2.133305136146475e-25,2.0,1200,sintered
304864.86486486485,84.68468468468468,6.50370422038358e-20,2.133305136146475e-25,2.0,1200,sintered
305225.22522522527,84.78478478478479,6.511391806459785e-20,2.133305136146475e-25,2.0,1200,sintered
305585.58558558556,84.88488488488488,6.519079392535987e-20,2.133305136146475e-25,2.0,1200,sintered
305945.945945946,84.98498498498499,6.526766978612192e-20,2.133305136146475e-25,2.0,1200,sintered
306306.3063063063,85.08508508508508,6.534454564688394e-20,2.133305136146475e-25,2.0,1200,sintered
306666.6666666667,85.18518518518519,6.542142150764599e-20,2.133305136146475e-25,2.0,1200,sintered
307027.02702702704,85.28528528528528,6.549829736840802e-20,2.133305136146475e-25,2.0,1200,sintered
307387.3873873874,85.38538538538539,6.557517322917004e-20,2.133305136146475e-25,2.0,1200,sintered
307747.7477477478,85.4854854854855,6.565204908993209e-20,2.133305136146475e-25,2.0,1200,sintered
308108.1081081081,85.58558558558559,6.572892495069411e-20,2.133305136146475e-25,2.0,1200,sintered
308468.4684684685,85.6856856856857,6.580580081145616e-20,2.133305136146475e-25,2.0,1200,sintered
308828.8288288289,85.78578578578579,6.58826766722182e-20,2.133305136146475e-25,2.0,1200,sintered
309189.18918918923,85.8858858858859,6.595955253298023e-20,2.133305136146475e-25,2.0,1200,sintered
309549.5495495496,85.98598598598599,6.603642839374227e-20,2.133305136146475e-25,2.0,1200,sintered
309909.90990990994,86.0860860860861,6.61133042545043e-20,2.133305136146475e-25,2.0,1200,sintered
310270.2702702703,86.18618618618619,6.619018011526634e-20,2.133305136146475e-25,2.0,1200,sintered
310630.63063063065,86.2862862862863,6.626705597602837e-20,2.133305136146475e-25,2.0,1200,sintered
310990.990990991,86.38638638638639,6.634393183679041e-20,2.133305136146475e-25,2.0,1200,sintered
311351.3513513514,86.4864864864865,6.642080769755245e-20,2.133305136146475e-25,2.0,1200,sintered
311711.7117117117,86.58658658658659,6.649768355831448e-20,2.133305136146475e-25,2.0,1200,sintered
312072.07207207213,86.6866866866867,6.657455941907651e-20,2.133305136146475e-25,2.0,1200,sintered
312432.4324324324,86.78678678678679,6.665143527983853e-20,2.133305136146475e-25,2.0,1200,sintered
312792.79279279284,86.8868868868869,6.672831114060058e-20,2.133305136146475e-25,2.0,1200,sintered
313153.1531531532,86.98698698698699,6.680518700136262e-20,2.133305136146475e-25,2.0,1200,sintered
313513.51351351355,87.0870870870871,6.688206286212465e-20,2.133305136146475e-25,2.0,1200,sintered
313873.8738738739,87.18718718718719,6.695893872288669e-20,2.133305136146475e-25,2.0,1200,sintered
314234.23423423426,87.2872872872873,6.703581458364872e-20,2.133305136146475e-25,2.0,1200,sintered
314594.5945945946,87.38738738738739,6.711269044441076e-20,2.133305136146475e-25,2.0,1200,sintered
314954.95495495497,87.4874874874875,6.718956630517279e-20,2.133305136146475e-25,2.0,1200,sintered
315315.3153153153,87.58758758758759,6.726644216593483e-20,2.133305136146475e-25,2.0,1200,sintered
315675.67567567574,87.6876876876877,6.734331802669687e-20,2.133305136146475e-25,2.0,1200,sintered
316036.03603603604,87.78778778778779,6.74201938874589e-20,2.133305136146475e-25,2.0,1200,sintered
316396.39639639645,87.8878878878879,6.749706974822094e-20,2.133305136146475e-25,2.0,1200,sintered
316756.75675675675,87.98798798798799,6.757394560898295e-20,2.133305136146475e-25,2.0,1200,sintered
317117.11711711716,88.0880880880881,6.7650821469745e-20,2.133305136146475e-25,2.0,1200,sintered
317477.4774774775,88.18818818818819,6.772769733050704e-20,2.133305136146475e-25,2.0,1200,sintered
317837.83783783787,88.2882882882883,6.780457319126907e-20,2.133305136146475e-25,2.0,1200,sintered
318198.1981981982,88.38838838838839,6.78814490520311e-20,2.133305136146475e-25,2.0,1200,sintered
318558.5585585586,88.4884884884885,6.795832491279314e-20,2.133305136146475e-25,2.0,1200,sintered
318918.91891891893,88.58858858858859,6.803520077355518e-20,2.133305136146475e-25,2.0,1200,sintered
319279.27927927935,88.6886886886887,6.811207663431722e-20,2.133305136146475e-25,2.0,1200,sintered
319639.63963963964,88.78878878878879,6.818895249507925e-20,2.133305136146475e-25,2.0,1200,sintered
320000.00000000006,88.8888888888889,6.826582835584129e-20,2.133305136146475e-25,2.0,1200,sintered
320360.36036036036,88.988988988989,6.834270421660332e-20,2.133305136146475e-25,2.0,1200,sintered
320720.72072072077,89.0890890890891,6.841958007736536e-20,2.133305136146475e-25,2.0,1200,sintered
321081.0810810811,89.1891891891892,6.84964559381274e-20,2.133305136146475e-25,2.0,1200,sintered
321441.4414414415,89.2892892892893,6.857333179888942e-20,2.133305136146475e-25,2.0,1200,sintered
321801.80180180183,89.3893893893894,6.865020765965146e-20,2.133305136146475e-25,2.0,1200,sintered
322162.1621621622,89.4894894894895,6.872708352041349e-20,2.133305136146475e-25,2.0,1200,sintered
322522.52252252254,89.5895895895896,6.880395938117553e-20,2.133305136146475e-25,2.0,1200,sintered
322882.8828828829,89.6896896896897,6.888083524193756e-20,2.133305136146475e-25,2.0,1200,sintered
323243.24324324325,89.7897897897898,6.89577111026996e-20,2.133305136146475e-25,2.0,1200,sintered
323603.60360360367,89.8898898898899,6.903458696346164e-20,2.133305136146475e-25,2.0,1200,sintered
323963.96396396396,89.98998998999,6.911146282422367e-20,2.133305136146475e-25,2.0,1200,sintered
324324.3243243244,90.0900900900901,6.918833868498571e-20,2.133305136146475e-25,2.0,1200,sintered
324684.6846846847,90.1901901901902,6.926521454574774e-20,2.133305136146475e-25,2.0,1200,sintered
325045.0450450451,90.2902902902903,6.934209040650978e-20,2.133305136146475e-25,2.0,1200,sintered
325405.40540540544,90.3903903903904,6.941896626727182e-20,2.133305136146475e-25,2.0,1200,sintered
325765.7657657658,90.4904904904905,6.949584212803385e-20,2.133305136146475e-25,2.0,1200,sintered
326126.12612612615,90.5905905905906,6.957271798879587e-20,2.133305136146475e-25,2.0,1200,sintered
326486.4864864865,90.6906906906907,6.964959384955791e-20,2.133305136146475e-25,2.0,1200,sintered
326846.84684684686,90.7907907907908,6.972646971031994e-20,2.133305136146475e-25,2.0,1200,sintered
327207.2072072072,90.8908908908909,6.980334557108198e-20,2.133305136146475e-25,2.0,1200,sintered
327567.5675675676,90.990990990991,6.988022143184401e-20,2.133305136146475e-25,2.0,1200,sintered
327927.927927928,91.0910910910911,6.995709729260606e-20,2.133305136146475e-25,2.0,1200,sintered
328288.2882882883,91.1911911911912,7.003397315336808e-20,2.133305136146475e-25,2.0,1200,sintered
328648.6486486487,91.2912912912913,7.011084901413013e-20,2.133305136146475e-25,2.0,1200,sintered
329009.009009009,91.3913913913914,7.018772487489215e-20,2.133305136146475e-25,2.0,1200,sintered
329369.3693693694,91.4914914914915,7.02646007356542e-20,2.133305136146475e-25,2.0,1200,sintered
329729.72972972976,91.5915915915916,7.034147659641624e-20,2.133305136146475e-25,2.0,1200,sintered
330090.0900900901,91.6916916916917,7.041835245717827e-20,2.133305136146475e-25,2.0,1200,sintered
330450.4504504505,91.7917917917918,7.049522831794031e-20,2.133305136146475e-25,2.0,1200,sintered
330810.8108108108,91.8918918918919,7.057210417870233e-20,2.133305136146475e-25,2.0,1200,sintered
331171.1711711712,91.991991991992,7.064898003946436e-20,2.133305136146475e-25,2.0,1200,sintered
331531.53153153154,92.0920920920921,7.07258559002264e-20,2.133305136146475e-25,2.0,1200,sintered
331891.8918918919,92.1921921921922,7.080273176098843e-20,2.133305136146475e-25,2.0,1200,sintered
332252.2522522523,92.2922922922923,7.087960762175048e-20,2.133305136146475e-25,2.0,1200,sintered
332612.6126126126,92.3923923923924,7.09564834825125e-20,2.133305136146475e-25,2.0,1200,sintered
332972.972972973,92.4924924924925,7.103335934327455e-20,2.133305136146475e-25,2.0,1200,sintered
333333.3333333333,92.5925925925926,7.111023520403657e-20,2.133305136146475e-25,2.0,1200,sintered
333693.6936936937,92.6926926926927,7.118711106479862e-20,2.133305136146475e-25,2.0,1200,sintered
334054.0540540541,92.7927927927928,7.126398692556066e-20,2.133305136146475e-25,2.0,1200,sintered
334414.41441441444,92.8928928928929,7.134086278632269e-20,2.133305136146475e-25,2.0,1200,sintered
334774.7747747748,92.992992992993,7.141773864708473e-20,2.133305136146475e-25,2.0,1200,sintered
335135.13513513515,93.0930930930931,7.149461450784676e-20,2.133305136146475e-25,2.0,1200,sintered
335495.4954954955,93.1931931931932,7.157149036860878e-20,2.133305136146475e-25,2.0,1200,sintered
335855.8558558559,93.2932932932933,7.164836622937083e-20,2.133305136146475e-25,2.0,1200,sintered
336216.2162162162,93.3933933933934,7.172524209013285e-20,2.133305136146475e-25,2.0,1200,sintered
336576.5765765766,93.4934934934935,7.18021179508949e-20,2.133305136146475e-25,2.0,1200,sintered
336936.9369369369,93.5935935935936,7.187899381165692e-20,2.133305136146475e-25,2.0,1200,sintered
337297.29729729734,93.6936936936937,7.195586967241897e-20,2.133305136146475e-25,2.0,1200,sintered
337657.6576576577,93.7937937937938,7.203274553318101e-20,2.133305136146475e-25,2.0,1200,sintered
338018.01801801805,93.8938938938939,7.210962139394304e-20,2.133305136146475e-25,2.0,1200,sintered
338378.3783783784,93.993993993994,7.218649725470508e-20,2.133305136146475e-25,2.0,1200,sintered
338738.73873873876,94.0940940940941,7.226337311546711e-20,2.133305136146475e-25,2.0,1200,sintered
339099.0990990991,94.1941941941942,7.234024897622915e-20,2.133305136146475e-25,2.0,1200,sintered
339459.45945945947,94.2942942942943,7.241712483699118e-20,2.133305136146475e-25,2.0,1200,sintered
339819.8198198198,94.3943943943944,7.249400069775322e-20,2.133305136146475e-25,2.0,1200,sintered
340180.18018018024,94.4944944944945,7.257087655851525e-20,2.133305136146475e-25,2.0,1200,sintered
340540.54054054053,94.5945945945946,7.264775241927727e-20,2.133305136146475e-25,2.0,1200,sintered
340900.90090090095,94.6946946946947,7.272462828003932e-20,2.133305136146475e-25,2.0,1200,sintered
341261.26126126124,94.7947947947948,7.280150414080134e-20,2.133305136146475e-25,2.0,1200,sintered
341621.62162162166,94.8948948948949,7.287838000156339e-20,2.133305136146475e-25,2.0,1200,sintered
341981.981981982,94.994994994995,7.295525586232543e-20,2.133305136146475e-25,2.0,1200,sintered
342342.34234234237,95.0950950950951,7.303213172308746e-20,2.133305136146475e-25,2.0,1200,sintered
342702.7027027027,95.1951951951952,7.31090075838495e-20,2.133305136146475e-25,2.0,1200,sintered
343063.0630630631,95.2952952952953,7.318588344461153e-20,2.133305136146475e-25,2.0,1200,sintered
343423.42342342343,95.3953953953954,7.326275930537357e-20,2.133305136146475e-25,2.0,1200,sintered
343783.7837837838,95.4954954954955,7.33396351661356e-20,2.133305136146475e-25,2.0,1200,sintered
344144.14414414414,95.5955955955956,7.341651102689764e-20,2.133305136146475e-25,2.0,1200,sintered
344504.50450450456,95.6956956956957,7.349338688765968e-20,2.133305136146475e-25,2.0,1200,sintered
344864.86486486485,95.7957957957958,7.357026274842169e-20,2.133305136146475e-25,2.0,1200,sintered
345225.22522522527,95.8958958958959,7.364713860918374e-20,2.133305136146475e-25,2.0,1200,sintered
345585.58558558556,95.995995995996,7.372401446994576e-20,2.133305136146475e-25,2.0,1200,sintered
345945.945945946,96.0960960960961,7.380089033070781e-20,2.133305136146475e-25,2.0,1200,sintered
346306.30630630633,96.1961961961962,7.387776619146985e-20,2.133305136146475e-25,2.0,1200,sintered
346666.6666666667,96.2962962962963,7.395464205223188e-20,2.133305136146475e-25,2.0,1200,sintered
347027.02702702704,96.3963963963964,7.403151791299392e-20,2.133305136146475e-25,2.0,1200,sintered
347387.3873873874,96.4964964964965,7.410839377375595e-20,2.133305136146475e-25,2.0,1200,sintered
347747.74774774775,96.5965965965966,7.418526963451799e-20,2.133305136146475e-25,2.0,1200,sintered
348108.10810810816,96.6966966966967,7.426214549528003e-20,2.133305136146475e-25,2.0,1200,sintered
348468.46846846846,96.7967967967968,7.433902135604206e-20,2.133305136146475e-25,2.0,1200,sintered
348828.8288288289,96.8968968968969,7.44158972168041e-20,2.133305136146475e-25,2.0,1200,sintered
349189.1891891892,96.996996996997,7.449277307756613e-20,2.133305136146475e-25,2.0,1200,sintered
349549.5495495496,97.0970970970971,7.456964893832816e-20,2.133305136146475e-25,2.0,1200,sintered
349909.90990990994,97.1971971971972,7.46465247990902e-20,2.133305136146475e-25,2.0,1200,sintered
350270.2702702703,97.2972972972973,7.472340065985223e-20,2.133305136146475e-25,2.0,1200,sintered
350630.63063063065,97.3973973973974,7.480027652061427e-20,2.133305136146475e-25,2.0,1200,sintered
350990.990990991,97.4974974974975,7.48771523813763e-20,2.133305136146475e-25,2.0,1200,sintered
351351.35135135136,97.5975975975976,7.495402824213833e-20,2.133305136146475e-25,2.0,1200,sintered
351711.7117117117,97.6976976976977,7.503090410290037e-20,2.133305136146475e-25,2.0,1200,sintered
352072.0720720721,97.7977977977978,7.51077799636624e-20,2.133305136146475e-25,2.0,1200,sintered
352432.4324324325,97.8978978978979,7.518465582442445e-20,2.133305136146475e-25,2.0,1200,sintered
352792.7927927928,97.997997997998,7.526153168518647e-20,2.133305136146475e-25,2.0,1200,sintered
353153.1531531532,98.0980980980981,7.533840754594852e-20,2.133305136146475e-25,2.0,1200,sintered
353513.5135135135,98.1981981981982,7.541528340671054e-20,2.133305136146475e-25,2.0,1200,sintered
353873.8738738739,98.2982982982983,7.549215926747259e-20,2.133305136146475e-25,2.0,1200,sintered
354234.23423423426,98.3983983983984,7.556903512823461e-20,2.133305136146475e-25,2.0,1200,sintered
354594.5945945946,98.4984984984985,7.564591098899665e-20,2.133305136146475e-25,2.0,1200,sintered
354954.95495495497,98.5985985985986,7.572278684975868e-20,2.133305136146475e-25,2.0,1200,sintered
355315.3153153153,98.6986986986987,7.579966271052072e-20,2.133305136146475e-25,2.0,1200,sintered
355675.6756756757,98.7987987987988,7.587653857128275e-20,2.133305136146475e-25,2.0,1200,sintered
356036.03603603604,98.8988988988989,7.595341443204479e-20,2.133305136146475e-25,2.0,1200,sintered
356396.3963963964,98.998998998999,7.603029029280682e-20,2.133305136146475e-25,2.0,1200,sintered
356756.7567567568,99.0990990990991,7.610716615356887e-20,2.133305136146475e-25,2.0,1200,sintered
357117.1171171171,99.1991991991992,7.61840420143309e-20,2.133305136146475e-25,2.0,1200,sintered
357477.4774774775,99.2992992992993,7.626091787509294e-20,2.133305136146475e-25,2.0,1200,sintered
357837.8378378378,99.3993993993994,7.633779373585496e-20,2.133305136146475e-25,2.0,1200,sintered
358198.1981981982,99.4994994994995,7.641466959661701e-20,2.133305136146475e-25,2.0,1200,sintered
358558.5585585586,99.5995995995996,7.649154545737905e-20,2.133305136146475e-25,2.0,1200,sintered
358918.91891891893,99.6996996996997,7.656842131814107e-20,2.133305136146475e-25,2.0,1200,sintered
359279.2792792793,99.7997997997998,7.66452971789031e-20,2.133305136146475e-25,2.0,1200,sintered
359639.63963963964,99.8998998998999,7.672217303966514e-20,2.133305136146475e-25,2.0,1200,sintered
360000.0,100.0,7.679904890042717e-20,2.133305136146475e-25,2.0,1200,sintered
0.0,0.0,0.0,4.510718544312257e-24,5.0,1200,green
360.3603603603604,0.1001001001001001,1.6254776016931144e-21,4.510682742282593e-24,5.0,1200,green
720.7207207207208,0.2002002002002002,3.250942926464037e-21,4.510650350509094e-24,5.0,1200,green
1081.081081081081,0.3003003003003003,4.876397143728299e-21,4.510621044154112e-24,5.0,1200,green
1441.4414414414416,0.4004004004004004,6.501841311510922e-21,4.5105945293218074e-24,5.0,1200,green
1801.801801801802,0.5005005005005005,8.1272763870567e-21,4.510570540110848e-24,5.0,1200,green
2162.162162162162,0.6006006006006006,9.752703236429851e-21,4.5105488359478414e-24,5.0,1200,green
2522.5225225225226,0.7007007007007008,1.137812264319925e-20,4.510529199174766e-24,5.0,1200,green
2882.882882882883,0.8008008008008008,1.3003535316296355e-20,4.510511432866217e-24,5.0,1200,green
3243.2432432432433,0.9009009009009009,1.462894189712467e-20,4.5104953588545515e-24,5.0,1200,green
3603.603603603604,1.001001001001001,1.6254342965992013e-20,4.510480815943159e-24,5.0,1200,green
3963.963963963964,1.1011011011011012,1.787973904793003e-20,4.5104676582899115e-24,5.0,1200,green
4324.324324324324,1.2012012012012012,1.9505130617959452e-20,4.510455753944606e-24,5.0,1200,green
4684.684684684685,1.3013013013013013,2.1130518105853806e-20,4.51044498352571e-24,5.0,1200,green
5045.045045045045,1.4014014014014016,2.2755901900449314e-20,4.51043523902316e-24,5.0,1200,green
5405.405405405406,1.5015015015015016,2.4381282353544334e-20,4.5104264227151895e-24,5.0,1200,green
5765.765765765766,1.6016016016016017,2.600665978342732e-20,4.5104184461883404e-24,5.0,1200,green
6126.126126126126,1.7017017017017018,2.7632034478068736e-20,4.510411229450813e-24,5.0,1200,green
6486.486486486487,1.8018018018018018,2.925740669800898e-20,4.510404700130281e-24,5.0,1200,green
6846.846846846847,1.9019019019019021,3.088277667897113e-20,4.5103987927481085e-24,5.0,1200,green
7207.207207207208,2.002002002002002,3.2508144634224904e-20,4.510393448062707e-24,5.0,1200,green
7567.567567567568,2.1021021021021022,3.4133510756725416e-20,4.5103886124754335e-24,5.0,1200,green
7927.927927927928,2.2022022022022023,3.575887522104817e-20,4.5103842374930895e-24,5.0,1200,green
8288.288288288288,2.3023023023023024,3.738423818513985e-20,4.510380279241602e-24,5.0,1200,green
8648.648648648648,2.4024024024024024,3.900959979190219e-20,4.510376698026045e-24,5.0,1200,green
9009.009009009009,2.5025025025025025,4.063496017062507e-20,4.510373457932556e-24,5.0,1200,green
9369.36936936937,2.6026026026026026,4.226031943828314e-20,4.510370526468184e-24,5.0,1200,green
9729.729729729732,2.702702702702703,4.3885677700708814e-20,4.510367874235033e-24,5.0,1200,green
10090.09009009009,2.802802802802803,4.551103505365364e-20,4.510365474635449e-24,5.0,1200,green
10450.450450450451,2.902902902902903,4.713639158374855e-20,4.510363303605288e-24,5.0,1200,green
10810.810810810812,3.0030030030030033,4.876174736937258e-20,4.510361339372592e-24,5.0,1200,green
11171.171171171172,3.1031031031031033,5.038710248143894e-20,4.510359562239251e-24,5.0,1200,green
11531.531531531533,3.2032032032032034,5.20124569841061e-20,4.510357954383462e-24,5.0,1200,green
11891.891891891892,3.3033033033033035,5.363781093542126e-20,4.510356499681005e-24,5.0,1200,green
12252.252252252252,3.4034034034034035,5.526316438790246e-20,4.510355183543542e-24,5.0,1200,green
12612.612612612613,3.5035035035035036,5.688851738906518e-20,4.5103539927723195e-24,5.0,1200,green
12972.972972972973,3.6036036036036037,5.851386998189895e-20,4.510352915425809e-24,5.0,1200,green
13333.333333333334,3.7037037037037037,6.013922220529837e-20,4.51035194069995e-24,5.0,1200,green
13693.693693693695,3.8038038038038042,6.176457409445323e-20,4.510351058819801e-24,5.0,1200,green
14054.054054054055,3.9039039039039043,6.338992568120139e-20,4.510350260941515e-24,5.0,1200,green
14414.414414414416,4.004004004004004,6.501527699434803e-20,4.510349539063651e-24,5.0,1200,green
14774.774774774776,4.104104104104104,6.664062805995456e-20,4.5103488859469285e-24,5.0,1200,green
15135.135135135137,4.2042042042042045,6.826597890159995e-20,4.5103482950416325e-24,5.0,1200,green
15495.495495495496,4.3043043043043046,6.98913295406172e-20,4.510347760421928e-24,5.0,1200,green
15855.855855855856,4.404404404404405,7.15166799963073e-20,4.5103472767264355e-24,5.0,1200,green
16216.216216216217,4.504504504504505,7.314203028613273e-20,4.510346839104463e-24,5.0,1200,green
16576.576576576575,4.604604604604605,7.476738042589261e-20,4.510346443167363e-24,5.0,1200,green
16936.936936936938,4.704704704704705,7.639273042988118e-20,4.5103460849445194e-24,5.0,1200,green
17297.297297297297,4.804804804804805,7.801808031103106e-20,4.510345760843531e-24,5.0,1200,green
17657.65765765766,4.904904904904905,7.964343008104305e-20,4.510345467614183e-24,5.0,1200,green
18018.018018018018,5.005005005005005,8.126877975050335e-20,4.5103452023158544e-24,5.0,1200,green
18378.378378378377,5.105105105105105,8.289412932898986e-20,4.510344962288028e-24,5.0,1200,green
18738.73873873874,5.205205205205205,8.451947882516808e-20,4.510344745123609e-24,5.0,1200,green
19099.099099099098,5.305305305305305,8.614482824687817e-20,4.510344548644784e-24,5.0,1200,green
19459.459459459464,5.405405405405406,8.777017760121348e-20,4.510344370881187e-24,5.0,1200,green
19819.819819819822,5.505505505505506,8.939552689459159e-20,4.510344210050134e-24,5.0,1200,green
20180.18018018018,5.605605605605606,9.102087613281891e-20,4.5103440645387445e-24,5.0,1200,green
20540.540540540544,5.705705705705706,9.264622532114875e-20,4.5103439328877735e-24,5.0,1200,green
20900.900900900902,5.805805805805806,9.427157446433394e-20,4.510343813776973e-24,5.0,1200,green
21261.261261261265,5.9059059059059065,9.589692356667471e-20,4.510343706011851e-24,5.0,1200,green
21621.621621621623,6.0060060060060065,9.752227263206159e-20,4.5103436085116965e-24,5.0,1200,green
21981.981981981982,6.106106106106107,9.914762166401455e-20,4.51034352029874e-24,5.0,1200,green
22342.342342342345,6.206206206206207,1.0077297066571832e-19,4.510343440488345e-24,5.0,1200,green
22702.702702702703,6.306306306306307,1.0239831964005416e-19,4.510343368280141e-24,5.0,1200,green
23063.063063063066,6.406406406406407,1.0402366858962903e-19,4.5103433029499966e-24,5.0,1200,green
23423.423423423425,6.506506506506507,1.0564901751680141e-19,4.5103432438427545e-24,5.0,1200,green
23783.783783783783,6.606606606606607,1.0727436642370525e-19,4.510343190365664e-24,5.0,1200,green
24144.144144144146,6.706706706706707,1.088997153122712e-19,4.510343141982434e-24,5.0,1200,green
24504.504504504504,6.806806806806807,1.1052506418424599e-19,4.5103430982078595e-24,5.0,1200,green
24864.864864864867,6.906906906906907,1.1215041304121002e-19,4.510343058602951e-24,5.0,1200,green
25225.225225225226,7.007007007007007,1.13775761884593e-19,4.510343022770535e-24,5.0,1200,green
25585.585585585584,7.107107107107107,1.154011107156887e-19,4.5103429903512695e-24,5.0,1200,green
25945.945945945947,7.207207207207207,1.1702645953566746e-19,4.510342961020041e-24,5.0,1200,green
26306.306306306305,7.307307307307307,1.186518083455882e-19,4.510342934482705e-24,5.0,1200,green
26666.666666666668,7.407407407407407,1.2027715714640898e-19,4.510342910473134e-24,5.0,1200,green
27027.02702702703,7.507507507507508,1.2190250593899663e-19,4.5103428887505494e-24,5.0,1200,green
27387.38738738739,7.6076076076076085,1.2352785472413532e-19,4.5103428690971104e-24,5.0,1200,green
27747.74774774775,7.7077077077077085,1.2515320350253465e-19,4.510342851315723e-24,5.0,1200,green
28108.10810810811,7.807807807807809,1.2677855227483653e-19,4.5103428352280685e-24,5.0,1200,green
28468.468468468473,7.907907907907909,1.2840390104162178e-19,4.5103428206728146e-24,5.0,1200,green
28828.82882882883,8.008008008008009,1.3002924980341583e-19,4.510342807503994e-24,5.0,1200,green
29189.18918918919,8.108108108108109,1.3165459856069418e-19,4.5103427955895446e-24,5.0,1200,green
29549.549549549552,8.208208208208209,1.3327994731388692e-19,4.5103427848099844e-24,5.0,1200,green
29909.90990990991,8.308308308308309,1.3490529606338324e-19,4.510342775057212e-24,5.0,1200,green
30270.270270270274,8.408408408408409,1.365306448095352e-19,4.510342766233421e-24,5.0,1200,green
30630.630630630632,8.508508508508509,1.3815599355266141e-19,4.5103427582501245e-24,5.0,1200,green
30990.99099099099,8.608608608608609,1.3978134229305e-19,4.510342751027262e-24,5.0,1200,green
31351.351351351354,8.70870870870871,1.4140669103096188e-19,4.5103427444923994e-24,5.0,1200,green
31711.711711711712,8.80880880880881,1.430320397666328e-19,4.510342738580004e-24,5.0,1200,green
32072.072072072075,8.90890890890891,1.4465738850027635e-19,4.510342733230782e-24,5.0,1200,green
32432.432432432433,9.00900900900901,1.4628273723208556e-19,4.5103427283910905e-24,5.0,1200,green
32792.792792792796,9.10910910910911,1.479080859622352e-19,4.510342724012395e-24,5.0,1200,green
33153.15315315315,9.20920920920921,1.495334346908833e-19,4.510342720050784e-24,5.0,1200,green
33513.51351351351,9.30930930930931,1.5115878341817294e-19,4.510342716466529e-24,5.0,1200,green
33873.873873873876,9.40940940940941,1.527841321442335e-19,4.5103427132236854e-24,5.0,1200,green
34234.23423423424,9.50950950950951,1.5440948086918207e-19,4.510342710289733e-24,5.0,1200,green
34594.59459459459,9.60960960960961,1.5603482959312452e-19,4.5103427076352486e-24,5.0,1200,green
34954.954954954956,9.70970970970971,1.5766017831615676e-19,4.510342705233613e-24,5.0,1200,green
35315.31531531532,9.80980980980981,1.5928552703836542e-19,4.5103427030607396e-24,5.0,1200,green
35675.67567567567,9.90990990990991,1.6091087575982896e-19,4.51034270109484e-24,5.0,1200,green
36036.036036036036,10.01001001001001,1.625362244806184e-19,4.510342699316199e-24,5.0,1200,green
36396.3963963964,10.11011011011011,1.6416157320079796e-19,4.510342697706978e-24,5.0,1200,green
36756.75675675675,10.21021021021021,1.6578692192042563e-19,4.5103426962510406e-24,5.0,1200,green
37117.117117117115,10.31031031031031,1.6741227063955408e-19,4.510342694933787e-24,5.0,1200,green
37477.47747747748,10.41041041041041,1.6903761935823082e-19,4.5103426937420045e-24,5.0,1200,green
37837.83783783784,10.51051051051051,1.7066296807649889e-19,4.510342692663743e-24,5.0,1200,green
38198.198198198195,10.61061061061061,1.7228831679439717e-19,4.51034269168819e-24,5.0,1200,green
38558.558558558565,10.710710710710712,1.7391366551196102e-19,4.510342690805562e-24,5.0,1200,green
38918.91891891893,10.810810810810812,1.7553901422922214e-19,4.5103426900070064e-24,5.0,1200,green
39279.27927927928,10.910910910910912,1.771643629462094e-19,4.510342689284516e-24,5.0,1200,green
39639.639639639645,11.011011011011012,1.7878971166294898e-19,4.510342688630845e-24,5.0,1200,green
40000.00000000001,11.111111111111112,1.8041506037946438e-19,4.510342688039438e-24,5.0,1200,green
40360.36036036036,11.211211211211213,1.8204040909577695e-19,4.510342687504365e-24,5.0,1200,green
40720.720720720725,11.311311311311313,1.8366575781190605e-19,4.510342687020259e-24,5.0,1200,green
41081.08108108109,11.411411411411413,1.8529110652786918e-19,4.510342686582265e-24,5.0,1200,green
41441.44144144144,11.511511511511513,1.8691645524368207e-19,4.510342686185992e-24,5.0,1200,green
41801.801801801805,11.611611611611613,1.8854180395935908e-19,4.510342685827465e-24,5.0,1200,green
42162.16216216217,11.711711711711713,1.9016715267491318e-19,4.510342685503089e-24,5.0,1200,green
42522.52252252253,11.811811811811813,1.9179250139035602e-19,4.510342685209611e-24,5.0,1200,green
42882.882882882885,11.911911911911913,1.934178501056982e-19,4.5103426849440875e-24,5.0,1200,green
43243.24324324325,12.012012012012013,1.950431988209494e-19,4.510342684703856e-24,5.0,1200,green
43603.60360360361,12.112112112112113,1.9666854753611819e-19,4.510342684486507e-24,5.0,1200,green
43963.963963963964,12.212212212212213,1.9829389625121241e-19,4.510342684289862e-24,5.0,1200,green
44324.32432432433,12.312312312312313,1.9991924496623923e-19,4.510342684111947e-24,5.0,1200,green
44684.68468468469,12.412412412412413,2.0154459368120505e-19,4.510342683950979e-24,5.0,1200,green
45045.04504504505,12.512512512512513,2.0316994239611566e-19,4.510342683805344e-24,5.0,1200,green
45405.40540540541,12.612612612612613,2.0479529111097632e-19,4.510342683673582e-24,5.0,1200,green
45765.76576576577,12.712712712712714,2.0642063982579182e-19,4.51034268355437e-24,5.0,1200,green
46126.12612612613,12.812812812812814,2.0804598854056644e-19,4.5103426834465136e-24,5.0,1200,green
46486.48648648649,12.912912912912914,2.0967133725530403e-19,4.510342683348931e-24,5.0,1200,green
46846.84684684685,13.013013013013014,2.112966859700082e-19,4.510342683260643e-24,5.0,1200,green
47207.20720720721,13.113113113113114,2.129220346846821e-19,4.5103426831807645e-24,5.0,1200,green
47567.56756756757,13.213213213213214,2.1454738339932858e-19,4.510342683108495e-24,5.0,1200,green
47927.92792792793,13.313313313313314,2.161727321139503e-19,4.51034268304311e-24,5.0,1200,green
48288.28828828829,13.413413413413414,2.177980808285496e-19,4.510342682983952e-24,5.0,1200,green
48648.648648648654,13.513513513513514,2.194234295431286e-19,4.51034268293043e-24,5.0,1200,green
49009.00900900901,13.613613613613614,2.2104877825768923e-19,4.510342682882005e-24,5.0,1200,green
49369.36936936937,13.713713713713714,2.2267412697223334e-19,4.510342682838194e-24,5.0,1200,green
49729.729729729734,13.813813813813814,2.2429947568676233e-19,4.510342682798555e-24,5.0,1200,green
50090.09009009009,13.913913913913914,2.2592482440127774e-19,4.5103426827626926e-24,5.0,1200,green
50450.45045045045,14.014014014014014,2.275501731157809e-19,4.510342682730245e-24,5.0,1200,green
50810.81081081081,14.114114114114114,2.2917552183027294e-19,4.5103426827008895e-24,5.0,1200,green
51171.17117117117,14.214214214214214,2.3080087054475484e-19,4.510342682674329e-24,5.0,1200,green
51531.53153153153,14.314314314314315,2.3242621925922764e-19,4.510342682650299e-24,5.0,1200,green
51891.89189189189,14.414414414414415,2.3405156797369226e-19,4.510342682628558e-24,5.0,1200,green
52252.252252252256,14.514514514514515,2.3567691668814946e-19,4.510342682608889e-24,5.0,1200,green
52612.61261261261,14.614614614614615,2.373022654025998e-19,4.510342682591092e-24,5.0,1200,green
52972.97297297297,14.714714714714715,2.389276141170441e-19,4.51034268257499e-24,5.0,1200,green
53333.333333333336,14.814814814814815,2.4055296283148284e-19,4.510342682560423e-24,5.0,1200,green
53693.69369369369,14.914914914914915,2.4217831154591664e-19,4.510342682547243e-24,5.0,1200,green
54054.05405405406,15.015015015015017,2.438036602603459e-19,4.510342682535318e-24,5.0,1200,green
54414.41441441442,15.115115115115117,2.454290089747711e-19,4.51034268252453e-24,5.0,1200,green
54774.77477477478,15.215215215215217,2.4705435768919253e-19,4.510342682514768e-24,5.0,1200,green
55135.13513513514,15.315315315315317,2.4867970640361063e-19,4.5103426825059374e-24,5.0,1200,green
55495.4954954955,15.415415415415417,2.503050551180258e-19,4.510342682497947e-24,5.0,1200,green
55855.85585585586,15.515515515515517,2.519304038324381e-19,4.5103426824907184e-24,5.0,1200,green
56216.21621621622,15.615615615615617,2.5355575254684795e-19,4.5103426824841775e-24,5.0,1200,green
56576.57657657658,15.715715715715717,2.551811012612556e-19,4.5103426824782604e-24,5.0,1200,green
56936.936936936945,15.815815815815817,2.5680644997566125e-19,4.510342682472907e-24,5.0,1200,green
57297.2972972973,15.915915915915917,2.5843179869006496e-19,4.510342682468063e-24,5.0,1200,green
57657.65765765766,16.016016016016017,2.6005714740446708e-19,4.5103426824636806e-24,5.0,1200,green
58018.018018018025,16.116116116116117,2.6168249611886766e-19,4.5103426824597155e-24,5.0,1200,green
58378.37837837838,16.216216216216218,2.633078448332669e-19,4.510342682456128e-24,5.0,1200,green
58738.73873873874,16.316316316316318,2.649331935476649e-19,4.510342682452883e-24,5.0,1200,green
59099.099099099105,16.416416416416418,2.6655854226206183e-19,4.5103426824499464e-24,5.0,1200,green
59459.45945945947,16.516516516516518,2.681838909764577e-19,4.51034268244729e-24,5.0,1200,green
59819.81981981982,16.616616616616618,2.698092396908527e-19,4.510342682444886e-24,5.0,1200,green
60180.180180180185,16.716716716716718,2.7143458840524687e-19,4.510342682442711e-24,5.0,1200,green
60540.54054054055,16.816816816816818,2.7305993711964027e-19,4.510342682440744e-24,5.0,1200,green
60900.9009009009,16.916916916916918,2.74685285834033e-19,4.5103426824389636e-24,5.0,1200,green
61261.261261261265,17.017017017017018,2.763106345484251e-19,4.5103426824373525e-24,5.0,1200,green
61621.62162162163,17.117117117117118,2.779359832628167e-19,4.5103426824358956e-24,5.0,1200,green
61981.98198198198,17.217217217217218,2.7956133197720773e-19,4.5103426824345776e-24,5.0,1200,green
62342.342342342345,17.31731731731732,2.8118668069159834e-19,4.5103426824333844e-24,5.0,1200,green
62702.70270270271,17.41741741741742,2.828120294059886e-19,4.510342682432305e-24,5.0,1200,green
63063.06306306307,17.51751751751752,2.8443737812037846e-19,4.510342682431329e-24,5.0,1200,green
63423.423423423425,17.61761761761762,2.860627268347679e-19,4.510342682430446e-24,5.0,1200,green
63783.78378378379,17.71771771771772,2.876880755491571e-19,4.510342682429646e-24,5.0,1200,green
64144.14414414415,17.81781781781782,2.8931342426354606e-19,4.5103426824289234e-24,5.0,1200,green
64504.504504504504,17.91791791791792,2.909387729779347e-19,4.510342682428269e-24,5.0,1200,green
64864.86486486487,18.01801801801802,2.925641216923232e-19,4.510342682427677e-24,5.0,1200,green
65225.22522522523,18.11811811811812,2.9418947040671145e-19,4.510342682427142e-24,5.0,1200,green
65585.58558558559,18.21821821821822,2.9581481912109956e-19,4.510342682426657e-24,5.0,1200,green
65945.94594594595,18.31831831831832,2.9744016783548743e-19,4.510342682426218e-24,5.0,1200,green
66306.3063063063,18.41841841841842,2.990655165498751e-19,4.510342682425822e-24,5.0,1200,green
66666.66666666667,18.51851851851852,3.006908652642628e-19,4.510342682425463e-24,5.0,1200,green
67027.02702702703,18.61861861861862,3.0231621397865026e-19,4.510342682425138e-24,5.0,1200,green
67387.3873873874,18.71871871871872,3.039415626930377e-19,4.5103426824248445e-24,5.0,1200,green
67747.74774774775,18.81881881881882,3.0556691140742494e-19,4.510342682424579e-24,5.0,1200,green
68108.1081081081,18.91891891891892,3.0719226012181213e-19,4.510342682424338e-24,5.0,1200,green
68468.46846846848,19.01901901901902,3.088176088361993e-19,4.510342682424121e-24,5.0,1200,green
68828.82882882883,19.11911911911912,3.104429575505863e-19,4.510342682423924e-24,5.0,1200,green
69189.18918918919,19.21921921921922,3.1206830626497324e-19,4.510342682423746e-24,5.0,1200,green
69549.54954954956,19.31931931931932,3.136936549793602e-19,4.510342682423585e-24,5.0,1200,green
69909.90990990991,19.41941941941942,3.1531900369374705e-19,4.510342682423439e-24,5.0,1200,green
70270.27027027027,19.51951951951952,3.1694435240813376e-19,4.5103426824233075e-24,5.0,1200,green
70630.63063063064,19.61961961961962,3.1856970112252057e-19,4.5103426824231885e-24,5.0,1200,green
70990.99099099099,19.71971971971972,3.2019504983690723e-19,4.5103426824230805e-24,5.0,1200,green
71351.35135135135,19.81981981981982,3.2182039855129395e-19,4.510342682422983e-24,5.0,1200,green
71711.71171171172,19.91991991991992,3.234457472656806e-19,4.510342682422894e-24,5.0,1200,green
72072.07207207207,20.02002002002002,3.250710959800672e-19,4.5103426824228145e-24,5.0,1200,green
72432.43243243243,20.12012012012012,3.266964446944538e-19,4.510342682422742e-24,5.0,1200,green
72792.7927927928,20.22022022022022,3.283217934088404e-19,4.5103426824226764e-24,5.0,1200,green
73153.15315315315,20.32032032032032,3.299471421232269e-19,4.510342682422617e-24,5.0,1200,green
73513.5135135135,20.42042042042042,3.315724908376134e-19,4.510342682422564e-24,5.0,1200,green
73873.87387387388,20.52052052052052,3.3319783955199993e-19,4.5103426824225155e-24,5.0,1200,green
74234.23423423423,20.62062062062062,3.348231882663864e-19,4.5103426824224714e-24,5.0,1200,green
74594.5945945946,20.72072072072072,3.364485369807729e-19,4.510342682422432e-24,5.0,1200,green
74954.95495495496,20.82082082082082,3.3807388569515934e-19,4.510342682422396e-24,5.0,1200,green
75315.31531531531,20.92092092092092,3.3969923440954577e-19,4.5103426824223634e-24,5.0,1200,green
75675.67567567568,21.02102102102102,3.413245831239322e-19,4.510342682422334e-24,5.0,1200,green
76036.03603603604,21.12112112112112,3.429499318383186e-19,4.5103426824223076e-24,5.0,1200,green
76396.39639639639,21.22122122122122,3.44575280552705e-19,4.510342682422283e-24,5.0,1200,green
76756.75675675676,21.32132132132132,3.4620062926709146e-19,4.510342682422261e-24,5.0,1200,green
77117.11711711713,21.421421421421424,3.478259779814779e-19,4.510342682422242e-24,5.0,1200,green
77477.47747747749,21.521521521521525,3.4945132669586426e-19,4.510342682422224e-24,5.0,1200,green
77837.83783783785,21.621621621621625,3.510766754102507e-19,4.510342682422208e-24,5.0,1200,green
78198.19819819821,21.721721721721725,3.5270202412463706e-19,4.510342682422193e-24,5.0,1200,green
78558.55855855856,21.821821821821825,3.543273728390234e-19,4.5103426824221805e-24,5.0,1200,green
78918.91891891893,21.921921921921925,3.559527215534098e-19,4.510342682422168e-24,5.0,1200,green
79279.27927927929,22.022022022022025,3.5757807026779614e-19,4.510342682422158e-24,5.0,1200,green
79639.63963963964,22.122122122122125,3.5920341898218247e-19,4.5103426824221474e-24,5.0,1200,green
80000.00000000001,22.222222222222225,3.608287676965689e-19,4.5103426824221386e-24,5.0,1200,green
80360.36036036037,22.322322322322325,3.6245411641095517e-19,4.5103426824221305e-24,5.0,1200,green
80720.72072072072,22.422422422422425,3.6407946512534155e-19,4.510342682422124e-24,5.0,1200,green
81081.0810810811,22.522522522522525,3.657048138397279e-19,4.510342682422117e-24,5.0,1200,green
81441.44144144145,22.622622622622625,3.6733016255411425e-19,4.5103426824221114e-24,5.0,1200,green
81801.8018018018,22.722722722722725,3.689555112685006e-19,4.5103426824221056e-24,5.0,1200,green
82162.16216216217,22.822822822822825,3.70580859982887e-19,4.510342682422101e-24,5.0,1200,green
82522.52252252253,22.922922922922925,3.722062086972733e-19,4.510342682422097e-24,5.0,1200,green
82882.88288288288,23.023023023023026,3.738315574116596e-19,4.510342682422092e-24,5.0,1200,green
83243.24324324325,23.123123123123126,3.7545690612604594e-19,4.510342682422089e-24,5.0,1200,green
83603.60360360361,23.223223223223226,3.770822548404323e-19,4.510342682422086e-24,5.0,1200,green
83963.96396396398,23.323323323323326,3.787076035548187e-19,4.510342682422083e-24,5.0,1200,green
84324.32432432433,23.423423423423426,3.8033295226920497e-19,4.51034268242208e-24,5.0,1200,green
84684.68468468469,23.523523523523526,3.819583009835913e-19,4.510342682422078e-24,5.0,1200,green
85045.04504504506,23.623623623623626,3.835836496979776e-19,4.5103426824220754e-24,5.0,1200,green
85405.40540540541,23.723723723723726,3.85208998412364e-19,4.510342682422073e-24,5.0,1200,green
85765.76576576577,23.823823823823826,3.868343471267503e-19,4.510342682422072e-24,5.0,1200,green
86126.12612612614,23.923923923923926,3.8845969584113666e-19,4.51034268242207e-24,5.0,1200,green
86486.4864864865,24.024024024024026,3.90085044555523e-19,4.510342682422069e-24,5.0,1200,green
86846.84684684685,24.124124124124126,3.9171039326990926e-19,4.510342682422067e-24,5.0,1200,green
87207.20720720722,24.224224224224226,3.9333574198429564e-19,4.510342682422066e-24,5.0,1200,green
87567.56756756757,24.324324324324326,3.9496109069868197e-19,4.510342682422065e-24,5.0,1200,green
87927.92792792793,24.424424424424426,3.9658643941306825e-19,4.5103426824220644e-24,5.0,1200,green
88288.2882882883,24.524524524524526,3.982117881274546e-19,4.510342682422063e-24,5.0,1200,green
88648.64864864865,24.624624624624627,3.998371368418409e-19,4.510342682422062e-24,5.0,1200,green
89009.00900900901,24.724724724724727,4.014624855562273e-19,4.5103426824220615e-24,5.0,1200,green
89369.36936936938,24.824824824824827,4.0308783427061365e-19,4.510342682422061e-24,5.0,1200,green
89729.72972972973,24.924924924924927,4.0471318298499993e-19,4.510342682422061e-24,5.0,1200,green
90090.0900900901,25.025025025025027,4.063385316993863e-19,4.51034268242206e-24,5.0,1200,green
90450.45045045046,25.125125125125127,4.079638804137726e-19,4.510342682422059e-24,5.0,1200,green
90810.81081081081,25.225225225225227,4.095892291281589e-19,4.510342682422059e-24,5.0,1200,green
91171.17117117118,25.325325325325327,4.112145778425453e-19,4.5103426824220585e-24,5.0,1200,green
91531.53153153154,25.425425425425427,4.1283992655693157e-19,4.5103426824220585e-24,5.0,1200,green
91891.8918918919,25.525525525525527,4.144652752713179e-19,4.510342682422058e-24,5.0,1200,green
92252.25225225226,25.625625625625627,4.1609062398570427e-19,4.510342682422058e-24,5.0,1200,green
92612.61261261262,25.725725725725727,4.1771597270009055e-19,4.510342682422057e-24,5.0,1200,green
92972.97297297297,25.825825825825827,4.1934132141447683e-19,4.510342682422057e-24,5.0,1200,green
93333.33333333334,25.925925925925927,4.209666701288632e-19,4.510342682422057e-24,5.0,1200,green
93693.6936936937,26.026026026026027,4.2259201884324954e-19,4.510342682422057e-24,5.0,1200,green
94054.05405405405,26.126126126126128,4.242173675576358e-19,4.510342682422056e-24,5.0,1200,green
94414.41441441442,26.226226226226228,4.258427162720222e-19,4.510342682422056e-24,5.0,1200,green
94774.77477477478,26.326326326326328,4.274680649864085e-19,4.510342682422056e-24,5.0,1200,green
95135.13513513513,26.426426426426428,4.290934137007948e-19,4.510342682422056e-24,5.0,1200,green
95495.4954954955,26.526526526526528,4.3071876241518117e-19,4.510342682422056e-24,5.0,1200,green
95855.85585585586,26.626626626626628,4.3234411112956745e-19,4.5103426824220556e-24,5.0,1200,green
96216.21621621623,26.726726726726728,4.339694598439538e-19,4.5103426824220556e-24,5.0,1200,green
96576.57657657658,26.826826826826828,4.355948085583401e-19,4.5103426824220556e-24,5.0,1200,green
96936.93693693694,26.926926926926928,4.372201572727264e-19,4.5103426824220556e-24,5.0,1200,green
97297.29729729731,27.027027027027028,4.388455059871128e-19,4.5103426824220556e-24,5.0,1200,green
97657.65765765766,27.127127127127128,4.40470854701499e-19,4.5103426824220556e-24,5.0,1200,green
98018.01801801802,27.227227227227228,4.420962034158853e-19,4.5103426824220556e-24,5.0,1200,green
98378.37837837839,27.32732732732733,4.437215521302717e-19,4.5103426824220556e-24,5.0,1200,green
98738.73873873874,27.42742742742743,4.453469008446581e-19,4.5103426824220556e-24,5.0,1200,green
99099.0990990991,27.52752752752753,4.469722495590444e-19,4.5103426824220556e-24,5.0,1200,green
99459.45945945947,27.62762762762763,4.485975982734307e-19,4.5103426824220556e-24,5.0,1200,green
99819.81981981982,27.72772772772773,4.502229469878171e-19,4.510342682422055e-24,5.0,1200,green
100180.18018018018,27.82782782782783,4.518482957022034e-19,4.510342682422055e-24,5.0,1200,green
100540.54054054055,27.92792792792793,4.534736444165898e-19,4.510342682422055e-24,5.0,1200,green
100900.9009009009,28.02802802802803,4.55098993130976e-19,4.510342682422055e-24,5.0,1200,green
101261.26126126126,28.12812812812813,4.567243418453624e-19,4.510342682422055e-24,5.0,1200,green
101621.62162162163,28.22822822822823,4.583496905597488e-19,4.510342682422055e-24,5.0,1200,green
101981.98198198198,28.32832832832833,4.599750392741351e-19,4.510342682422055e-24,5.0,1200,green
102342.34234234234,28.42842842842843,4.616003879885214e-19,4.510342682422055e-24,5.0,1200,green
102702.7027027027,28.52852852852853,4.632257367029077e-19,4.510342682422055e-24,5.0,1200,green
103063.06306306306,28.62862862862863,4.64851085417294e-19,4.510342682422055e-24,5.0,1200,green
103423.42342342343,28.72872872872873,4.664764341316804e-19,4.510342682422055e-24,5.0,1200,green
103783.78378378379,28.82882882882883,4.681017828460667e-19,4.510342682422055e-24,5.0,1200,green
104144.14414414414,28.92892892892893,4.69727131560453e-19,4.510342682422055e-24,5.0,1200,green
104504.50450450451,29.02902902902903,4.713524802748394e-19,4.510342682422055e-24,5.0,1200,green
104864.86486486487,29.12912912912913,4.729778289892257e-19,4.510342682422055e-24,5.0,1200,green
105225.22522522522,29.22922922922923,4.74603177703612e-19,4.510342682422055e-24,5.0,1200,green
105585.58558558559,29.32932932932933,4.7622852641799835e-19,4.510342682422055e-24,5.0,1200,green
105945.94594594595,29.42942942942943,4.778538751323846e-19,4.510342682422055e-24,5.0,1200,green
106306.3063063063,29.52952952952953,4.794792238467709e-19,4.510342682422055e-24,5.0,1200,green
106666.66666666667,29.62962962962963,4.811045725611573e-19,4.510342682422055e-24,5.0,1200,green
107027.02702702703,29.72972972972973,4.827299212755437e-19,4.510342682422055e-24,5.0,1200,green
107387.38738738738,29.82982982982983,4.843552699899299e-19,4.510342682422055e-24,5.0,1200,green
107747.74774774777,29.929929929929934,4.859806187043163e-19,4.510342682422055e-24,5.0,1200,green
108108.10810810812,30.030030030030034,4.876059674187027e-19,4.510342682422055e-24,5.0,1200,green
108468.46846846848,30.130130130130134,4.89231316133089e-19,4.510342682422055e-24,5.0,1200,green
108828.82882882885,30.230230230230234,4.908566648474753e-19,4.510342682422055e-24,5.0,1200,green
109189.1891891892,30.330330330330334,4.924820135618616e-19,4.510342682422055e-24,5.0,1200,green
109549.54954954956,30.430430430430434,4.941073622762479e-19,4.510342682422055e-24,5.0,1200,green
109909.90990990993,30.530530530530534,4.957327109906343e-19,4.510342682422055e-24,5.0,1200,green
110270.27027027028,30.630630630630634,4.973580597050206e-19,4.510342682422055e-24,5.0,1200,green
110630.63063063064,30.730730730730734,4.989834084194069e-19,4.510342682422055e-24,5.0,1200,green
110990.990990991,30.830830830830834,5.006087571337933e-19,4.510342682422055e-24,5.0,1200,green
111351.35135135136,30.930930930930934,5.022341058481796e-19,4.510342682422055e-24,5.0,1200,green
111711.71171171172,31.031031031031034,5.038594545625659e-19,4.510342682422055e-24,5.0,1200,green
112072.07207207209,31.131131131131134,5.054848032769522e-19,4.510342682422055e-24,5.0,1200,green
112432.43243243244,31.231231231231234,5.071101519913385e-19,4.510342682422055e-24,5.0,1200,green
112792.79279279281,31.331331331331334,5.087355007057249e-19,4.510342682422055e-24,5.0,1200,green
113153.15315315317,31.431431431431434,5.103608494201112e-19,4.510342682422055e-24,5.0,1200,green
113513.51351351352,31.531531531531535,5.119861981344976e-19,4.510342682422055e-24,5.0,1200,green
113873.87387387389,31.631631631631635,5.136115468488839e-19,4.510342682422055e-24,5.0,1200,green
114234.23423423425,31.731731731731735,5.152368955632702e-19,4.510342682422055e-24,5.0,1200,green
114594.5945945946,31.831831831831835,5.168622442776565e-19,4.510342682422055e-24,5.0,1200,green
114954.95495495497,31.931931931931935,5.184875929920429e-19,4.510342682422055e-24,5.0,1200,green
115315.31531531533,32.032032032032035,5.2011294170642915e-19,4.510342682422055e-24,5.0,1200,green
115675.67567567568,32.132132132132135,5.217382904208154e-19,4.510342682422055e-24,5.0,1200,green
116036.03603603605,32.232232232232235,5.233636391352018e-19,4.510342682422055e-24,5.0,1200,green
116396.3963963964,32.332332332332335,5.249889878495882e-19,4.510342682422055e-24,5.0,1200,green
116756.75675675676,32.432432432432435,5.266143365639745e-19,4.510342682422055e-24,5.0,1200,green
117117.11711711713,32.532532532532535,5.282396852783608e-19,4.510342682422055e-24,5.0,1200,green
117477.47747747749,32.632632632632635,5.298650339927471e-19,4.510342682422055e-24,5.0,1200,green
117837.83783783784,32.732732732732735,5.314903827071334e-19,4.510342682422055e-24,5.0,1200,green
118198.19819819821,32.832832832832835,5.331157314215198e-19,4.510342682422055e-24,5.0,1200,green
118558.55855855856,32.932932932932935,5.3474108013590605e-19,4.510342682422055e-24,5.0,1200,green
118918.91891891893,33.033033033033036,5.363664288502924e-19,4.510342682422055e-24,5.0,1200,green
119279.27927927929,33.133133133133136,5.379917775646787e-19,4.510342682422055e-24,5.0,1200,green
119639.63963963964,33.233233233233236,5.396171262790651e-19,4.510342682422055e-24,5.0,1200,green
120000.00000000001,33.333333333333336,5.412424749934515e-19,4.510342682422055e-24,5.0,1200,green
120360.36036036037,33.433433433433436,5.428678237078377e-19,4.510342682422055e-24,5.0,1200,green
120720.72072072072,33.533533533533536,5.44493172422224e-19,4.510342682422055e-24,5.0,1200,green
121081.0810810811,33.633633633633636,5.461185211366104e-19,4.510342682422055e-24,5.0,1200,green
121441.44144144145,33.733733733733736,5.477438698509967e-19,4.510342682422055e-24,5.0,1200,green
121801.8018018018,33.833833833833836,5.49369218565383e-19,4.510342682422055e-24,5.0,1200,green
122162.16216216217,33.933933933933936,5.509945672797693e-19,4.510342682422055e-24,5.0,1200,green
122522.52252252253,34.034034034034036,5.526199159941557e-19,4.510342682422055e-24,5.0,1200,green
122882.88288288288,34.134134134134136,5.54245264708542e-19,4.510342682422055e-24,5.0,1200,green
123243.24324324325,34.234234234234236,5.558706134229284e-19,4.510342682422055e-24,5.0,1200,green
123603.60360360361,34.334334334334336,5.574959621373146e-19,4.510342682422055e-24,5.0,1200,green
123963.96396396396,34.434434434434436,5.591213108517009e-19,4.510342682422055e-24,5.0,1200,green
124324.32432432433,34.53453453453454,5.607466595660873e-19,4.510342682422055e-24,5.0,1200,green
124684.68468468469,34.63463463463464,5.623720082804736e-19,4.510342682422055e-24,5.0,1200,green
125045.04504504506,34.73473473473474,5.6399735699485995e-19,4.510342682422055e-24,5.0,1200,green
125405.40540540541,34.83483483483484,5.656227057092463e-19,4.510342682422055e-24,5.0,1200,green
125765.76576576577,34.93493493493494,5.672480544236326e-19,4.510342682422055e-24,5.0,1200,green
126126.12612612614,35.03503503503504,5.68873403138019e-19,4.510342682422055e-24,5.0,1200,green
126486.4864864865,35.13513513513514,5.704987518524053e-19,4.510342682422055e-24,5.0,1200,green
126846.84684684685,35.23523523523524,5.721241005667915e-19,4.510342682422055e-24,5.0,1200,green
127207.20720720722,35.33533533533534,5.737494492811779e-19,4.510342682422055e-24,5.0,1200,green
127567.56756756757,35.43543543543544,5.753747979955642e-19,4.510342682422055e-24,5.0,1200,green
127927.92792792793,35.53553553553554,5.770001467099506e-19,4.510342682422055e-24,5.0,1200,green
128288.2882882883,35.63563563563564,5.786254954243369e-19,4.510342682422055e-24,5.0,1200,green
128648.64864864865,35.73573573573574,5.802508441387232e-19,4.510342682422055e-24,5.0,1200,green
129009.00900900901,35.83583583583584,5.818761928531095e-19,4.510342682422055e-24,5.0,1200,green
129369.36936936938,35.93593593593594,5.835015415674959e-19,4.510342682422055e-24,5.0,1200,green
129729.72972972973,36.03603603603604,5.851268902818822e-19,4.510342682422055e-24,5.0,1200,green
130090.09009009009,36.13613613613614,5.867522389962684e-19,4.510342682422055e-24,5.0,1200,green
130450.45045045046,36.23623623623624,5.883775877106548e-19,4.510342682422055e-24,5.0,1200,green
130810.81081081081,36.33633633633634,5.900029364250412e-19,4.510342682422055e-24,5.0,1200,green
131171.17117117118,36.43643643643644,5.916282851394276e-19,4.510342682422055e-24,5.0,1200,green
131531.53153153154,36.53653653653654,5.932536338538138e-19,4.510342682422055e-24,5.0,1200,green
131891.8918918919,36.63663663663664,5.948789825682001e-19,4.510342682422055e-24,5.0,1200,green
132252.25225225225,36.73673673673674,5.965043312825864e-19,4.510342682422055e-24,5.0,1200,green
132612.6126126126,36.83683683683684,5.981296799969727e-19,4.510342682422055e-24,5.0,1200,green
132972.972972973,36.93693693693694,5.997550287113592e-19,4.510342682422055e-24,5.0,1200,green
133333.33333333334,37.03703703703704,6.013803774257454e-19,4.510342682422055e-24,5.0,1200,green
133693.6936936937,37.13713713713714,6.030057261401318e-19,4.510342682422055e-24,5.0,1200,green
134054.05405405405,37.23723723723724,6.046310748545181e-19,4.510342682422055e-24,5.0,1200,green
134414.4144144144,37.33733733733734,6.062564235689044e-19,4.510342682422055e-24,5.0,1200,green
134774.7747747748,37.43743743743744,6.078817722832908e-19,4.510342682422055e-24,5.0,1200,green
135135.13513513515,37.53753753753754,6.095071209976771e-19,4.510342682422055e-24,5.0,1200,green
135495.4954954955,37.63763763763764,6.111324697120634e-19,4.510342682422055e-24,5.0,1200,green
135855.85585585586,37.73773773773774,6.127578184264497e-19,4.510342682422055e-24,5.0,1200,green
136216.2162162162,37.83783783783784,6.143831671408361e-19,4.510342682422055e-24,5.0,1200,green
136576.57657657657,37.93793793793794,6.160085158552223e-19,4.510342682422055e-24,5.0,1200,green
136936.93693693695,38.03803803803804,6.176338645696087e-19,4.510342682422055e-24,5.0,1200,green
137297.2972972973,38.13813813813814,6.192592132839951e-19,4.510342682422055e-24,5.0,1200,green
137657.65765765766,38.23823823823824,6.208845619983814e-19,4.510342682422055e-24,5.0,1200,green
138018.01801801802,38.33833833833834,6.2250991071276765e-19,4.510342682422055e-24,5.0,1200,green
138378.37837837837,38.43843843843844,6.241352594271539e-19,4.510342682422055e-24,5.0,1200,green
138738.73873873873,38.53853853853854,6.257606081415403e-19,4.510342682422055e-24,5.0,1200,green
139099.0990990991,38.63863863863864,6.273859568559267e-19,4.510342682422055e-24,5.0,1200,green
139459.45945945947,38.73873873873874,6.29011305570313e-19,4.510342682422055e-24,5.0,1200,green
139819.81981981982,38.83883883883884,6.306366542846993e-19,4.510342682422055e-24,5.0,1200,green
140180.18018018018,38.93893893893894,6.322620029990856e-19,4.510342682422055e-24,5.0,1200,green
140540.54054054053,39.03903903903904,6.338873517134719e-19,4.510342682422055e-24,5.0,1200,green
140900.9009009009,39.13913913913914,6.355127004278582e-19,4.510342682422055e-24,5.0,1200,green
141261.26126126127,39.23923923923924,6.371380491422446e-19,4.510342682422055e-24,5.0,1200,green
141621.62162162163,39.33933933933934,6.387633978566309e-19,4.510342682422055e-24,5.0,1200,green
141981.98198198198,39.43943943943944,6.403887465710172e-19,4.510342682422055e-24,5.0,1200,green
142342.34234234234,39.53953953953954,6.420140952854036e-19,4.510342682422055e-24,5.0,1200,green
142702.7027027027,39.63963963963964,6.436394439997899e-19,4.510342682422055e-24,5.0,1200,green
143063.06306306308,39.73973973973974,6.452647927141763e-19,4.510342682422055e-24,5.0,1200,green
143423.42342342343,39.83983983983984,6.468901414285626e-19,4.510342682422055e-24,5.0,1200,green
143783.7837837838,39.93993993993994,6.485154901429489e-19,4.510342682422055e-24,5.0,1200,green
144144.14414414414,40.04004004004004,6.501408388573352e-19,4.510342682422055e-24,5.0,1200,green
144504.5045045045,40.14014014014014,6.5176618757172145e-19,4.510342682422055e-24,5.0,1200,green
144864.86486486485,40.24024024024024,6.533915362861078e-19,4.510342682422055e-24,5.0,1200,green
145225.22522522524,40.34034034034034,6.550168850004942e-19,4.510342682422055e-24,5.0,1200,green
145585.5855855856,40.44044044044044,6.566422337148806e-19,4.510342682422055e-24,5.0,1200,green
145945.94594594595,40.54054054054054,6.582675824292669e-19,4.510342682422055e-24,5.0,1200,green
146306.3063063063,40.64064064064064,6.598929311436531e-19,4.510342682422055e-24,5.0,1200,green
146666.66666666666,40.74074074074074,6.615182798580394e-19,4.510342682422055e-24,5.0,1200,green
147027.027027027,40.84084084084084,6.631436285724258e-19,4.510342682422055e-24,5.0,1200,green
147387.3873873874,40.94094094094094,6.647689772868122e-19,4.510342682422055e-24,5.0,1200,green
147747.74774774775,41.04104104104104,6.663943260011984e-19,4.510342682422055e-24,5.0,1200,green
148108.1081081081,41.14114114114114,6.680196747155848e-19,4.510342682422055e-24,5.0,1200,green
148468.46846846846,41.24124124124124,6.696450234299711e-19,4.510342682422055e-24,5.0,1200,green
148828.82882882882,41.34134134134134,6.712703721443574e-19,4.510342682422055e-24,5.0,1200,green
149189.1891891892,41.44144144144144,6.728957208587439e-19,4.510342682422055e-24,5.0,1200,green
149549.54954954956,41.54154154154154,6.745210695731301e-19,4.510342682422055e-24,5.0,1200,green
149909.9099099099,41.64164164164164,6.761464182875164e-19,4.510342682422055e-24,5.0,1200,green
150270.27027027027,41.74174174174174,6.777717670019027e-19,4.510342682422055e-24,5.0,1200,green
150630.63063063062,41.84184184184184,6.793971157162891e-19,4.510342682422055e-24,5.0,1200,green
150990.99099099098,41.94194194194194,6.8102246443067535e-19,4.510342682422055e-24,5.0,1200,green
151351.35135135136,42.04204204204204,6.826478131450617e-19,4.510342682422055e-24,5.0,1200,green
151711.71171171172,42.14214214214214,6.842731618594481e-19,4.510342682422055e-24,5.0,1200,green
152072.07207207207,42.24224224224224,6.858985105738344e-19,4.510342682422055e-24,5.0,1200,green
152432.43243243243,42.34234234234234,6.875238592882207e-19,4.510342682422055e-24,5.0,1200,green
152792.79279279278,42.44244244244244,6.891492080026069e-19,4.510342682422055e-24,5.0,1200,green
153153.15315315314,42.54254254254254,6.907745567169933e-19,4.510342682422055e-24,5.0,1200,green
153513.51351351352,42.64264264264264,6.923999054313797e-19,4.510342682422055e-24,5.0,1200,green
153873.8738738739,42.74274274274275,6.940252541457662e-19,4.510342682422055e-24,5.0,1200,green
154234.23423423426,42.84284284284285,6.956506028601524e-19,4.510342682422055e-24,5.0,1200,green
154594.59459459462,42.94294294294295,6.972759515745387e-19,4.510342682422055e-24,5.0,1200,green
154954.95495495497,43.04304304304305,6.989013002889251e-19,4.510342682422055e-24,5.0,1200,green
155315.31531531533,43.14314314314315,7.005266490033114e-19,4.510342682422055e-24,5.0,1200,green
155675.6756756757,43.24324324324325,7.021519977176978e-19,4.510342682422055e-24,5.0,1200,green
156036.03603603606,43.34334334334335,7.037773464320841e-19,4.510342682422055e-24,5.0,1200,green
156396.39639639642,43.44344344344345,7.054026951464704e-19,4.510342682422055e-24,5.0,1200,green
156756.75675675677,43.54354354354355,7.070280438608567e-19,4.510342682422055e-24,5.0,1200,green
157117.11711711713,43.64364364364365,7.08653392575243e-19,4.510342682422055e-24,5.0,1200,green
157477.47747747749,43.74374374374375,7.102787412896293e-19,4.510342682422055e-24,5.0,1200,green
157837.83783783787,43.84384384384385,7.119040900040157e-19,4.510342682422055e-24,5.0,1200,green
158198.19819819822,43.94394394394395,7.13529438718402e-19,4.510342682422055e-24,5.0,1200,green
158558.55855855858,44.04404404404405,7.151547874327884e-19,4.510342682422055e-24,5.0,1200,green
158918.91891891893,44.14414414414415,7.167801361471747e-19,4.510342682422055e-24,5.0,1200,green
159279.2792792793,44.24424424424425,7.184054848615609e-19,4.510342682422055e-24,5.0,1200,green
159639.63963963967,44.34434434434435,7.200308335759474e-19,4.510342682422055e-24,5.0,1200,green
160000.00000000003,44.44444444444445,7.216561822903337e-19,4.510342682422055e-24,5.0,1200,green
160360.36036036038,44.54454454454455,7.2328153100472e-19,4.510342682422055e-24,5.0,1200,green
160720.72072072074,44.64464464464465,7.249068797191062e-19,4.510342682422055e-24,5.0,1200,green
161081.0810810811,44.74474474474475,7.265322284334926e-19,4.510342682422055e-24,5.0,1200,green
161441.44144144145,44.84484484484485,7.281575771478789e-19,4.510342682422055e-24,5.0,1200,green
161801.80180180183,44.94494494494495,7.297829258622654e-19,4.510342682422055e-24,5.0,1200,green
162162.1621621622,45.04504504504505,7.3140827457665165e-19,4.510342682422055e-24,5.0,1200,green
162522.52252252254,45.14514514514515,7.330336232910379e-19,4.510342682422055e-24,5.0,1200,green
162882.8828828829,45.24524524524525,7.346589720054242e-19,4.510342682422055e-24,5.0,1200,green
163243.24324324325,45.34534534534535,7.362843207198105e-19,4.510342682422055e-24,5.0,1200,green
163603.6036036036,45.44544544544545,7.379096694341969e-19,4.510342682422055e-24,5.0,1200,green
163963.963963964,45.54554554554555,7.395350181485832e-19,4.510342682422055e-24,5.0,1200,green
164324.32432432435,45.64564564564565,7.411603668629696e-19,4.510342682422055e-24,5.0,1200,green
164684.6846846847,45.74574574574575,7.427857155773559e-19,4.510342682422055e-24,5.0,1200,green
165045.04504504506,45.84584584584585,7.444110642917422e-19,4.510342682422055e-24,5.0,1200,green
165405.4054054054,45.94594594594595,7.460364130061285e-19,4.510342682422055e-24,5.0,1200,green
165765.76576576577,46.04604604604605,7.476617617205148e-19,4.510342682422055e-24,5.0,1200,green
166126.12612612615,46.14614614614615,7.492871104349012e-19,4.510342682422055e-24,5.0,1200,green
166486.4864864865,46.24624624624625,7.509124591492875e-19,4.510342682422055e-24,5.0,1200,green
166846.84684684686,46.34634634634635,7.525378078636739e-19,4.510342682422055e-24,5.0,1200,green
167207.20720720722,46.44644644644645,7.541631565780601e-19,4.510342682422055e-24,5.0,1200,green
167567.56756756757,46.54654654654655,7.557885052924464e-19,4.510342682422055e-24,5.0,1200,green
167927.92792792796,46.64664664664665,7.574138540068329e-19,4.510342682422055e-24,5.0,1200,green
168288.2882882883,46.74674674674675,7.590392027212192e-19,4.510342682422055e-24,5.0,1200,green
168648.64864864867,46.84684684684685,7.606645514356055e-19,4.510342682422055e-24,5.0,1200,green
169009.00900900902,46.94694694694695,7.622899001499917e-19,4.510342682422055e-24,5.0,1200,green
169369.36936936938,47.04704704704705,7.639152488643781e-19,4.510342682422055e-24,5.0,1200,green
169729.72972972973,47.14714714714715,7.655405975787644e-19,4.510342682422055e-24,5.0,1200,green
170090.09009009012,47.24724724724725,7.671659462931508e-19,4.510342682422055e-24,5.0,1200,green
170450.45045045047,47.34734734734735,7.687912950075371e-19,4.510342682422055e-24,5.0,1200,green
170810.81081081083,47.44744744744745,7.704166437219234e-19,4.510342682422055e-24,5.0,1200,green
171171.17117117118,47.54754754754755,7.720419924363097e-19,4.510342682422055e-24,5.0,1200,green
171531.53153153154,47.64764764764765,7.73667341150696e-19,4.510342682422055e-24,5.0,1200,green
171891.8918918919,47.74774774774775,7.752926898650824e-19,4.510342682422055e-24,5.0,1200,green
172252.25225225228,47.84784784784785,7.769180385794687e-19,4.510342682422055e-24,5.0,1200,green
172612.61261261263,47.94794794794795,7.78543387293855e-19,4.510342682422055e-24,5.0,1200,green
172972.972972973,48.04804804804805,7.801687360082414e-19,4.510342682422055e-24,5.0,1200,green
173333.33333333334,48.14814814814815,7.817940847226277e-19,4.510342682422055e-24,5.0,1200,green
173693.6936936937,48.24824824824825,7.834194334370139e-19,4.510342682422055e-24,5.0,1200,green
174054.05405405408,48.34834834834835,7.850447821514004e-19,4.510342682422055e-24,5.0,1200,green
174414.41441441444,48.44844844844845,7.866701308657867e-19,4.510342682422055e-24,5.0,1200,green
174774.7747747748,48.54854854854855,7.88295479580173e-19,4.510342682422055e-24,5.0,1200,green
175135.13513513515,48.64864864864865,7.8992082829455935e-19,4.510342682422055e-24,5.0,1200,green
175495.4954954955,48.74874874874875,7.915461770089456e-19,4.510342682422055e-24,5.0,1200,green
175855.85585585586,48.84884884884885,7.931715257233319e-19,4.510342682422055e-24,5.0,1200,green
176216.21621621624,48.94894894894895,7.947968744377184e-19,4.510342682422055e-24,5.0,1200,green
176576.5765765766,49.04904904904905,7.964222231521047e-19,4.510342682422055e-24,5.0,1200,green
176936.93693693695,49.14914914914915,7.980475718664909e-19,4.510342682422055e-24,5.0,1200,green
177297.2972972973,49.24924924924925,7.996729205808772e-19,4.510342682422055e-24,5.0,1200,green
177657.65765765766,49.34934934934935,8.012982692952636e-19,4.510342682422055e-24,5.0,1200,green
178018.01801801802,49.44944944944945,8.029236180096499e-19,4.510342682422055e-24,5.0,1200,green
178378.3783783784,49.54954954954955,8.045489667240363e-19,4.510342682422055e-24,5.0,1200,green
178738.73873873876,49.64964964964965,8.061743154384226e-19,4.510342682422055e-24,5.0,1200,green
179099.0990990991,49.74974974974975,8.077996641528089e-19,4.510342682422055e-24,5.0,1200,green
179459.45945945947,49.84984984984985,8.094250128671952e-19,4.510342682422055e-24,5.0,1200,green
179819.81981981982,49.94994994994995,8.110503615815815e-19,4.510342682422055e-24,5.0,1200,green
180180.1801801802,50.050050050050054,8.126757102959679e-19,4.510342682422055e-24,5.0,1200,green
180540.54054054056,50.150150150150154,8.143010590103542e-19,4.510342682422055e-24,5.0,1200,green
180900.90090090092,50.250250250250254,8.159264077247405e-19,4.510342682422055e-24,5.0,1200,green
181261.26126126127,50.350350350350354,8.175517564391269e-19,4.510342682422055e-24,5.0,1200,green
181621.62162162163,50.450450450450454,8.191771051535132e-19,4.510342682422055e-24,5.0,1200,green
181981.98198198198,50.550550550550554,8.208024538678994e-19,4.510342682422055e-24,5.0,1200,green
182342.34234234237,50.650650650650654,8.224278025822859e-19,4.510342682422055e-24,5.0,1200,green
182702.70270270272,50.750750750750754,8.240531512966722e-19,4.510342682422055e-24,5.0,1200,green
183063.06306306308,50.850850850850854,8.256785000110585e-19,4.510342682422055e-24,5.0,1200,green
183423.42342342343,50.950950950950954,8.273038487254447e-19,4.510342682422055e-24,5.0,1200,green
183783.7837837838,51.051051051051054,8.289291974398311e-19,4.510342682422055e-24,5.0,1200,green
184144.14414414414,51.151151151151154,8.305545461542174e-19,4.510342682422055e-24,5.0,1200,green
184504.50450450453,51.251251251251254,8.321798948686039e-19,4.510342682422055e-24,5.0,1200,green
184864.86486486488,51.351351351351354,8.3380524358299015e-19,4.510342682422055e-24,5.0,1200,green
185225.22522522524,51.451451451451454,8.354305922973764e-19,4.510342682422055e-24,5.0,1200,green
185585.5855855856,51.551551551551555,8.370559410117627e-19,4.510342682422055e-24,5.0,1200,green
185945.94594594595,51.651651651651655,8.38681289726149e-19,4.510342682422055e-24,5.0,1200,green
186306.30630630633,51.751751751751755,8.403066384405355e-19,4.510342682422055e-24,5.0,1200,green
186666.6666666667,51.851851851851855,8.419319871549217e-19,4.510342682422055e-24,5.0,1200,green
187027.02702702704,51.951951951951955,8.435573358693081e-19,4.510342682422055e-24,5.0,1200,green
187387.3873873874,52.052052052052055,8.451826845836944e-19,4.510342682422055e-24,5.0,1200,green
187747.74774774775,52.152152152152155,8.468080332980807e-19,4.510342682422055e-24,5.0,1200,green
188108.1081081081,52.252252252252255,8.48433382012467e-19,4.510342682422055e-24,5.0,1200,green
188468.4684684685,52.352352352352355,8.500587307268534e-19,4.510342682422055e-24,5.0,1200,green
188828.82882882885,52.452452452452455,8.516840794412397e-19,4.510342682422055e-24,5.0,1200,green
189189.1891891892,52.552552552552555,8.53309428155626e-19,4.510342682422055e-24,5.0,1200,green
189549.54954954956,52.652652652652655,8.549347768700124e-19,4.510342682422055e-24,5.0,1200,green
189909.9099099099,52.752752752752755,8.565601255843986e-19,4.510342682422055e-24,5.0,1200,green
190270.27027027027,52.852852852852855,8.581854742987849e-19,4.510342682422055e-24,5.0,1200,green
190630.63063063065,52.952952952952955,8.598108230131714e-19,4.510342682422055e-24,5.0,1200,green
190990.990990991,53.053053053053056,8.614361717275577e-19,4.510342682422055e-24,5.0,1200,green
191351.35135135136,53.153153153153156,8.63061520441944e-19,4.510342682422055e-24,5.0,1200,green
191711.71171171172,53.253253253253256,8.646868691563302e-19,4.510342682422055e-24,5.0,1200,green
192072.07207207207,53.353353353353356,8.663122178707166e-19,4.510342682422055e-24,5.0,1200,green
192432.43243243246,53.453453453453456,8.67937566585103e-19,4.510342682422055e-24,5.0,1200,green
192792.7927927928,53.553553553553556,8.695629152994892e-19,4.510342682422055e-24,5.0,1200,green
193153.15315315317,53.653653653653656,8.711882640138755e-19,4.510342682422055e-24,5.0,1200,green
193513.51351351352,53.753753753753756,8.728136127282617e-19,4.510342682422055e-24,5.0,1200,green
193873.87387387388,53.853853853853856,8.744389614426481e-19,4.510342682422055e-24,5.0,1200,green
194234.23423423423,53.953953953953956,8.760643101570345e-19,4.510342682422055e-24,5.0,1200,green
194594.59459459462,54.054054054054056,8.776896588714209e-19,4.510342682422055e-24,5.0,1200,green
194954.95495495497,54.154154154154156,8.793150075858072e-19,4.510342682422055e-24,5.0,1200,green
195315.31531531533,54.254254254254256,8.809403563001934e-19,4.510342682422055e-24,5.0,1200,green
195675.67567567568,54.354354354354356,8.825657050145798e-19,4.510342682422055e-24,5.0,1200,green
196036.03603603604,54.454454454454456,8.84191053728966e-19,4.510342682422055e-24,5.0,1200,green
196396.3963963964,54.55455455455456,8.858164024433523e-19,4.510342682422055e-24,5.0,1200,green
196756.75675675677,54.65465465465466,8.874417511577387e-19,4.510342682422055e-24,5.0,1200,green
197117.11711711713,54.75475475475476,8.890670998721251e-19,4.510342682422055e-24,5.0,1200,green
197477.47747747749,54.85485485485486,8.906924485865115e-19,4.510342682422055e-24,5.0,1200,green
197837.83783783784,54.95495495495496,8.923177973008977e-19,4.510342682422055e-24,5.0,1200,green
198198.1981981982,55.05505505505506,8.93943146015284e-19,4.510342682422055e-24,5.0,1200,green
198558.55855855855,55.15515515515516,8.955684947296702e-19,4.510342682422055e-24,5.0,1200,green
198918.91891891893,55.25525525525526,8.971938434440568e-19,4.510342682422055e-24,5.0,1200,green
199279.2792792793,55.35535535535536,8.98819192158443e-19,4.510342682422055e-24,5.0,1200,green
199639.63963963964,55.45545545545546,9.004445408728293e-19,4.510342682422055e-24,5.0,1200,green
200000.0,55.55555555555556,9.020698895872157e-19,4.510342682422055e-24,5.0,1200,green
200360.36036036036,55.65565565565566,9.036952383016019e-19,4.510342682422055e-24,5.0,1200,green
200720.72072072074,55.75575575575576,9.053205870159885e-19,4.510342682422055e-24,5.0,1200,green
201081.0810810811,55.85585585585586,9.069459357303747e-19,4.510342682422055e-24,5.0,1200,green
201441.44144144145,55.95595595595596,9.08571284444761e-19,4.510342682422055e-24,5.0,1200,green
201801.8018018018,56.05605605605606,9.101966331591472e-19,4.510342682422055e-24,5.0,1200,green
202162.16216216216,56.15615615615616,9.118219818735336e-19,4.510342682422055e-24,5.0,1200,green
202522.52252252251,56.25625625625626,9.1344733058792e-19,4.510342682422055e-24,5.0,1200,green
202882.8828828829,56.35635635635636,9.150726793023063e-19,4.510342682422055e-24,5.0,1200,green
203243.24324324325,56.45645645645646,9.166980280166927e-19,4.510342682422055e-24,5.0,1200,green
203603.6036036036,56.55655655655656,9.183233767310789e-19,4.510342682422055e-24,5.0,1200,green
203963.96396396396,56.65665665665666,9.199487254454653e-19,4.510342682422055e-24,5.0,1200,green
204324.32432432432,56.75675675675676,9.215740741598515e-19,4.510342682422055e-24,5.0,1200,green
204684.68468468467,56.85685685685686,9.231994228742378e-19,4.510342682422055e-24,5.0,1200,green
205045.04504504506,56.95695695695696,9.248247715886242e-19,4.510342682422055e-24,5.0,1200,green
205405.4054054054,57.05705705705706,9.264501203030106e-19,4.510342682422055e-24,5.0,1200,green
205765.76576576577,57.15715715715716,9.28075469017397e-19,4.510342682422055e-24,5.0,1200,green
206126.12612612612,57.25725725725726,9.297008177317831e-19,4.510342682422055e-24,5.0,1200,green
206486.48648648648,57.35735735735736,9.313261664461695e-19,4.510342682422055e-24,5.0,1200,green
206846.84684684686,57.45745745745746,9.329515151605559e-19,4.510342682422055e-24,5.0,1200,green
207207.20720720722,57.55755755755756,9.345768638749423e-19,4.510342682422055e-24,5.0,1200,green
207567.56756756757,57.65765765765766,9.362022125893285e-19,4.510342682422055e-24,5.0,1200,green
207927.92792792793,57.75775775775776,9.378275613037148e-19,4.510342682422055e-24,5.0,1200,green
208288.28828828828,57.85785785785786,9.394529100181012e-19,4.510342682422055e-24,5.0,1200,green
208648.64864864864,57.95795795795796,9.410782587324874e-19,4.510342682422055e-24,5.0,1200,green
209009.00900900902,58.05805805805806,9.42703607446874e-19,4.510342682422055e-24,5.0,1200,green
209369.36936936938,58.15815815815816,9.443289561612601e-19,4.510342682422055e-24,5.0,1200,green
209729.72972972973,58.25825825825826,9.459543048756465e-19,4.510342682422055e-24,5.0,1200,green
210090.0900900901,58.35835835835836,9.475796535900327e-19,4.510342682422055e-24,5.0,1200,green
210450.45045045044,58.45845845845846,9.49205002304419e-19,4.510342682422055e-24,5.0,1200,green
210810.8108108108,58.55855855855856,9.508303510188055e-19,4.510342682422055e-24,5.0,1200,green
211171.17117117118,58.65865865865866,9.524556997331918e-19,4.510342682422055e-24,5.0,1200,green
211531.53153153154,58.75875875875876,9.540810484475782e-19,4.510342682422055e-24,5.0,1200,green
211891.8918918919,58.85885885885886,9.557063971619644e-19,4.510342682422055e-24,5.0,1200,green
212252.25225225225,58.95895895895896,9.573317458763508e-19,4.510342682422055e-24,5.0,1200,green
212612.6126126126,59.05905905905906,9.58957094590737e-19,4.510342682422055e-24,5.0,1200,green
212972.972972973,59.15915915915916,9.605824433051235e-19,4.510342682422055e-24,5.0,1200,green
213333.33333333334,59.25925925925926,9.622077920195097e-19,4.510342682422055e-24,5.0,1200,green
213693.6936936937,59.35935935935936,9.63833140733896e-19,4.510342682422055e-24,5.0,1200,green
214054.05405405405,59.45945945945946,9.654584894482825e-19,4.510342682422055e-24,5.0,1200,green
214414.4144144144,59.55955955955956,9.670838381626686e-19,4.510342682422055e-24,5.0,1200,green
214774.77477477476,59.65965965965966,9.68709186877055e-19,4.510342682422055e-24,5.0,1200,green
215135.13513513515,59.75975975975976,9.703345355914414e-19,4.510342682422055e-24,5.0,1200,green
215495.49549549553,59.85985985985987,9.719598843058278e-19,4.510342682422055e-24,5.0,1200,green
215855.8558558559,59.95995995995997,9.735852330202141e-19,4.510342682422055e-24,5.0,1200,green
216216.21621621624,60.06006006006007,9.752105817346005e-19,4.510342682422055e-24,5.0,1200,green
216576.5765765766,60.16016016016017,9.768359304489867e-19,4.510342682422055e-24,5.0,1200,green
216936.93693693695,60.26026026026027,9.78461279163373e-19,4.510342682422055e-24,5.0,1200,green
217297.29729729734,60.36036036036037,9.800866278777594e-19,4.510342682422055e-24,5.0,1200,green
217657.6576576577,60.46046046046047,9.817119765921458e-19,4.510342682422055e-24,5.0,1200,green
218018.01801801805,60.56056056056057,9.83337325306532e-19,4.510342682422055e-24,5.0,1200,green
218378.3783783784,60.66066066066067,9.849626740209184e-19,4.510342682422055e-24,5.0,1200,green
218738.73873873876,60.76076076076077,9.865880227353048e-19,4.510342682422055e-24,5.0,1200,green
219099.0990990991,60.86086086086087,9.88213371449691e-19,4.510342682422055e-24,5.0,1200,green
219459.4594594595,60.96096096096097,9.898387201640775e-19,4.510342682422055e-24,5.0,1200,green
219819.81981981985,61.06106106106107,9.914640688784637e-19,4.510342682422055e-24,5.0,1200,green
220180.1801801802,61.16116116116117,9.9308941759285e-19,4.510342682422055e-24,5.0,1200,green
220540.54054054056,61.26126126126127,9.947147663072363e-19,4.510342682422055e-24,5.0,1200,green
220900.90090090092,61.36136136136137,9.963401150216226e-19,4.510342682422055e-24,5.0,1200,green
221261.26126126127,61.46146146146147,9.97965463736009e-19,4.510342682422055e-24,5.0,1200,green
221621.62162162166,61.56156156156157,9.995908124503954e-19,4.510342682422055e-24,5.0,1200,green
221981.981981982,61.66166166166167,1.0012161611647818e-18,4.510342682422055e-24,5.0,1200,green
222342.34234234237,61.76176176176177,1.002841509879168e-18,4.510342682422055e-24,5.0,1200,green
222702.70270270272,61.86186186186187,1.0044668585935543e-18,4.510342682422055e-24,5.0,1200,green
223063.06306306308,61.96196196196197,1.0060922073079405e-18,4.510342682422055e-24,5.0,1200,green
223423.42342342343,62.06206206206207,1.0077175560223269e-18,4.510342682422055e-24,5.0,1200,green
223783.78378378382,62.16216216216217,1.0093429047367133e-18,4.510342682422055e-24,5.0,1200,green
224144.14414414417,62.26226226226227,1.0109682534510996e-18,4.510342682422055e-24,5.0,1200,green
224504.50450450453,62.36236236236237,1.012593602165486e-18,4.510342682422055e-24,5.0,1200,green
224864.86486486488,62.46246246246247,1.0142189508798722e-18,4.510342682422055e-24,5.0,1200,green
225225.22522522524,62.56256256256257,1.0158442995942586e-18,4.510342682422055e-24,5.0,1200,green
225585.58558558562,62.66266266266267,1.017469648308645e-18,4.510342682422055e-24,5.0,1200,green
225945.94594594598,62.76276276276277,1.0190949970230313e-18,4.510342682422055e-24,5.0,1200,green
226306.30630630633,62.86286286286287,1.0207203457374175e-18,4.510342682422055e-24,5.0,1200,green
226666.6666666667,62.96296296296297,1.0223456944518039e-18,4.510342682422055e-24,5.0,1200,green
227027.02702702704,63.06306306306307,1.0239710431661902e-18,4.510342682422055e-24,5.0,1200,green
227387.3873873874,63.16316316316317,1.0255963918805764e-18,4.510342682422055e-24,5.0,1200,green
227747.74774774778,63.26326326326327,1.027221740594963e-18,4.510342682422055e-24,5.0,1200,green
228108.10810810814,63.36336336336337,1.0288470893093492e-18,4.510342682422055e-24,5.0,1200,green
228468.4684684685,63.46346346346347,1.0304724380237356e-18,4.510342682422055e-24,5.0,1200,green
228828.82882882885,63.56356356356357,1.0320977867381217e-18,4.510342682422055e-24,5.0,1200,green
229189.1891891892,63.66366366366367,1.0337231354525081e-18,4.510342682422055e-24,5.0,1200,green
229549.54954954956,63.76376376376377,1.0353484841668945e-18,4.510342682422055e-24,5.0,1200,green
229909.90990990994,63.86386386386387,1.0369738328812809e-18,4.510342682422055e-24,5.0,1200,green
230270.2702702703,63.96396396396397,1.0385991815956672e-18,4.510342682422055e-24,5.0,1200,green
230630.63063063065,64.06406406406407,1.0402245303100534e-18,4.510342682422055e-24,5.0,1200,green
230990.99099099098,64.16416416416416,1.0418498790244396e-18,4.510342682422055e-24,5.0,1200,green
231351.35135135136,64.26426426426427,1.043475227738826e-18,4.510342682422055e-24,5.0,1200,green
231711.71171171172,64.36436436436436,1.0451005764532124e-18,4.510342682422055e-24,5.0,1200,green
232072.0720720721,64.46446446446447,1.0467259251675987e-18,4.510342682422055e-24,5.0,1200,green
232432.43243243243,64.56456456456456,1.048351273881985e-18,4.510342682422055e-24,5.0,1200,green
232792.7927927928,64.66466466466467,1.0499766225963715e-18,4.510342682422055e-24,5.0,1200,green
233153.15315315314,64.76476476476476,1.0516019713107575e-18,4.510342682422055e-24,5.0,1200,green
233513.51351351352,64.86486486486487,1.053227320025144e-18,4.510342682422055e-24,5.0,1200,green
233873.87387387388,64.96496496496496,1.0548526687395302e-18,4.510342682422055e-24,5.0,1200,green
234234.23423423426,65.06506506506507,1.0564780174539168e-18,4.510342682422055e-24,5.0,1200,green
234594.5945945946,65.16516516516516,1.058103366168303e-18,4.510342682422055e-24,5.0,1200,green
234954.95495495497,65.26526526526527,1.0597287148826894e-18,4.510342682422055e-24,5.0,1200,green
235315.3153153153,65.36536536536536,1.0613540635970755e-18,4.510342682422055e-24,5.0,1200,green
235675.67567567568,65.46546546546547,1.062979412311462e-18,4.510342682422055e-24,5.0,1200,green
236036.03603603604,65.56556556556556,1.0646047610258483e-18,4.510342682422055e-24,5.0,1200,green
236396.39639639642,65.66566566566567,1.0662301097402347e-18,4.510342682422055e-24,5.0,1200,green
236756.75675675675,65.76576576576576,1.0678554584546209e-18,4.510342682422055e-24,5.0,1200,green
237117.11711711713,65.86586586586587,1.0694808071690072e-18,4.510342682422055e-24,5.0,1200,green
237477.47747747746,65.96596596596596,1.0711061558833934e-18,4.510342682422055e-24,5.0,1200,green
237837.83783783787,66.06606606606607,1.07273150459778e-18,4.510342682422055e-24,5.0,1200,green
238198.1981981982,66.16616616616616,1.0743568533121662e-18,4.510342682422055e-24,5.0,1200,green
238558.55855855858,66.26626626626627,1.0759822020265525e-18,4.510342682422055e-24,5.0,1200,green
238918.9189189189,66.36636636636636,1.0776075507409387e-18,4.510342682422055e-24,5.0,1200,green
239279.2792792793,66.46646646646647,1.0792328994553253e-18,4.510342682422055e-24,5.0,1200,green
239639.63963963964,66.56656656656656,1.0808582481697115e-18,4.510342682422055e-24,5.0,1200,green
240000.00000000003,66.66666666666667,1.082483596884098e-18,4.510342682422055e-24,5.0,1200,green
240360.36036036036,66.76676676676676,1.0841089455984842e-18,4.510342682422055e-24,5.0,1200,green
240720.72072072074,66.86686686686687,1.0857342943128706e-18,4.510342682422055e-24,5.0,1200,green
241081.08108108107,66.96696696696696,1.0873596430272568e-18,4.510342682422055e-24,5.0,1200,green
241441.44144144145,67.06706706706707,1.0889849917416432e-18,4.510342682422055e-24,5.0,1200,green
241801.8018018018,67.16716716716716,1.0906103404560295e-18,4.510342682422055e-24,5.0,1200,green
242162.1621621622,67.26726726726727,1.092235689170416e-18,4.510342682422055e-24,5.0,1200,green
242522.52252252251,67.36736736736736,1.0938610378848021e-18,4.510342682422055e-24,5.0,1200,green
242882.8828828829,67.46746746746747,1.0954863865991885e-18,4.510342682422055e-24,5.0,1200,green
243243.24324324323,67.56756756756756,1.0971117353135747e-18,4.510342682422055e-24,5.0,1200,green
243603.6036036036,67.66766766766767,1.0987370840279612e-18,4.510342682422055e-24,5.0,1200,green
243963.96396396396,67.76776776776777,1.1003624327423474e-18,4.510342682422055e-24,5.0,1200,green
244324.32432432435,67.86786786786787,1.1019877814567338e-18,4.510342682422055e-24,5.0,1200,green
244684.68468468467,67.96796796796797,1.10361313017112e-18,4.510342682422055e-24,5.0,1200,green
245045.04504504506,68.06806806806807,1.1052384788855065e-18,4.510342682422055e-24,5.0,1200,green
245405.40540540538,68.16816816816817,1.1068638275998927e-18,4.510342682422055e-24,5.0,1200,green
245765.76576576577,68.26826826826827,1.108489176314279e-18,4.510342682422055e-24,5.0,1200,green
246126.12612612615,68.36836836836838,1.1101145250286655e-18,4.510342682422055e-24,5.0,1200,green
246486.4864864865,68.46846846846847,1.1117398737430518e-18,4.510342682422055e-24,5.0,1200,green
246846.8468468469,68.56856856856858,1.1133652224574382e-18,4.510342682422055e-24,5.0,1200,green
247207.20720720722,68.66866866866867,1.1149905711718244e-18,4.510342682422055e-24,5.0,1200,green
247567.5675675676,68.76876876876878,1.1166159198862108e-18,4.510342682422055e-24,5.0,1200,green
247927.92792792793,68.86886886886887,1.118241268600597e-18,4.510342682422055e-24,5.0,1200,green
248288.28828828834,68.96896896896898,1.1198666173149835e-18,4.510342682422055e-24,5.0,1200,green
248648.64864864867,69.06906906906907,1.1214919660293697e-18,4.510342682422055e-24,5.0,1200,green
249009.00900900905,69.16916916916918,1.1231173147437563e-18,4.510342682422055e-24,5.0,1200,green
249369.36936936938,69.26926926926927,1.1247426634581423e-18,4.510342682422055e-24,5.0,1200,green
249729.72972972976,69.36936936936938,1.1263680121725288e-18,4.510342682422055e-24,5.0,1200,green
250090.09009009012,69.46946946946947,1.127993360886915e-18,4.510342682422055e-24,5.0,1200,green
250450.4504504505,69.56956956956958,1.1296187096013016e-18,4.510342682422055e-24,5.0,1200,green
250810.81081081083,69.66966966966967,1.1312440583156878e-18,4.510342682422055e-24,5.0,1200,green
251171.1711711712,69.76976976976978,1.1328694070300742e-18,4.510342682422055e-24,5.0,1200,green
251531.53153153154,69.86986986986987,1.1344947557444603e-18,4.510342682422055e-24,5.0,1200,green
251891.89189189192,69.96996996996998,1.1361201044588467e-18,4.510342682422055e-24,5.0,1200,green
252252.25225225228,70.07007007007007,1.137745453173233e-18,4.510342682422055e-24,5.0,1200,green
252612.61261261266,70.17017017017018,1.1393708018876195e-18,4.510342682422055e-24,5.0,1200,green
252972.972972973,70.27027027027027,1.1409961506020056e-18,4.510342682422055e-24,5.0,1200,green
253333.33333333337,70.37037037037038,1.142621499316392e-18,4.510342682422055e-24,5.0,1200,green
253693.6936936937,70.47047047047047,1.1442468480307782e-18,4.510342682422055e-24,5.0,1200,green
254054.05405405408,70.57057057057058,1.1458721967451648e-18,4.510342682422055e-24,5.0,1200,green
254414.41441441444,70.67067067067067,1.147497545459551e-18,4.510342682422055e-24,5.0,1200,green
254774.77477477482,70.77077077077078,1.1491228941739373e-18,4.510342682422055e-24,5.0,1200,green
255135.13513513515,70.87087087087087,1.1507482428883235e-18,4.510342682422055e-24,5.0,1200,green
255495.49549549553,70.97097097097098,1.15237359160271e-18,4.510342682422055e-24,5.0,1200,green
255855.85585585586,71.07107107107107,1.1539989403170963e-18,4.510342682422055e-24,5.0,1200,green
256216.21621621624,71.17117117117118,1.1556242890314826e-18,4.510342682422055e-24,5.0,1200,green
256576.5765765766,71.27127127127127,1.157249637745869e-18,4.510342682422055e-24,5.0,1200,green
256936.93693693698,71.37137137137138,1.1588749864602554e-18,4.510342682422055e-24,5.0,1200,green
257297.2972972973,71.47147147147147,1.1605003351746416e-18,4.510342682422055e-24,5.0,1200,green
257657.6576576577,71.57157157157158,1.162125683889028e-18,4.510342682422055e-24,5.0,1200,green
258018.01801801802,71.67167167167167,1.1637510326034141e-18,4.510342682422055e-24,5.0,1200,green
258378.3783783784,71.77177177177178,1.1653763813178005e-18,4.510342682422055e-24,5.0,1200,green
258738.73873873876,71.87187187187187,1.1670017300321869e-18,4.510342682422055e-24,5.0,1200,green
259099.09909909914,71.97197197197198,1.1686270787465733e-18,4.510342682422055e-24,5.0,1200,green
259459.45945945947,72.07207207207207,1.1702524274609594e-18,4.510342682422055e-24,5.0,1200,green
259819.81981981985,72.17217217217218,1.171877776175346e-18,4.510342682422055e-24,5.0,1200,green
260180.18018018018,72.27227227227228,1.173503124889732e-18,4.510342682422055e-24,5.0,1200,green
260540.54054054056,72.37237237237238,1.1751284736041186e-18,4.510342682422055e-24,5.0,1200,green
260900.90090090092,72.47247247247248,1.1767538223185048e-18,4.510342682422055e-24,5.0,1200,green
261261.2612612613,72.57257257257258,1.1783791710328913e-18,4.510342682422055e-24,5.0,1200,green
261621.62162162163,72.67267267267268,1.1800045197472775e-18,4.510342682422055e-24,5.0,1200,green
261981.981981982,72.77277277277278,1.1816298684616639e-18,4.510342682422055e-24,5.0,1200,green
262342.34234234237,72.87287287287288,1.1832552171760503e-18,4.510342682422055e-24,5.0,1200,green
262702.7027027027,72.97297297297298,1.1848805658904364e-18,4.510342682422055e-24,5.0,1200,green
263063.0630630631,73.07307307307308,1.1865059146048228e-18,4.510342682422055e-24,5.0,1200,green
263423.42342342343,73.17317317317318,1.188131263319209e-18,4.510342682422055e-24,5.0,1200,green
263783.7837837838,73.27327327327328,1.1897566120335954e-18,4.510342682422055e-24,5.0,1200,green
264144.1441441442,73.37337337337338,1.191381960747982e-18,4.510342682422055e-24,5.0,1200,green
264504.5045045045,73.47347347347348,1.193007309462368e-18,4.510342682422055e-24,5.0,1200,green
264864.8648648649,73.57357357357358,1.1946326581767545e-18,4.510342682422055e-24,5.0,1200,green
265225.2252252252,73.67367367367368,1.1962580068911405e-18,4.510342682422055e-24,5.0,1200,green
265585.5855855856,73.77377377377378,1.197883355605527e-18,4.510342682422055e-24,5.0,1200,green
265945.945945946,73.87387387387388,1.1995087043199134e-18,4.510342682422055e-24,5.0,1200,green
266306.30630630633,73.97397397397398,1.2011340530342998e-18,4.510342682422055e-24,5.0,1200,green
266666.6666666667,74.07407407407408,1.202759401748686e-18,4.510342682422055e-24,5.0,1200,green
267027.02702702704,74.17417417417418,1.2043847504630724e-18,4.510342682422055e-24,5.0,1200,green
267387.3873873874,74.27427427427428,1.2060100991774588e-18,4.510342682422055e-24,5.0,1200,green
267747.7477477478,74.37437437437438,1.2076354478918453e-18,4.510342682422055e-24,5.0,1200,green
268108.1081081081,74.47447447447448,1.2092607966062313e-18,4.510342682422055e-24,5.0,1200,green
268468.4684684685,74.57457457457458,1.2108861453206179e-18,4.510342682422055e-24,5.0,1200,green
268828.8288288288,74.67467467467468,1.2125114940350039e-18,4.510342682422055e-24,5.0,1200,green
269189.18918918923,74.77477477477478,1.2141368427493904e-18,4.510342682422055e-24,5.0,1200,green
269549.5495495496,74.87487487487488,1.2157621914637768e-18,4.510342682422055e-24,5.0,1200,green
269909.90990990994,74.97497497497498,1.217387540178163e-18,4.510342682422055e-24,5.0,1200,green
270270.2702702703,75.07507507507508,1.2190128888925494e-18,4.510342682422055e-24,5.0,1200,green
270630.63063063065,75.17517517517518,1.2206382376069356e-18,4.510342682422055e-24,5.0,1200,green
270990.990990991,75.27527527527528,1.222263586321322e-18,4.510342682422055e-24,5.0,1200,green
271351.35135135136,75.37537537537538,1.2238889350357083e-18,4.510342682422055e-24,5.0,1200,green
271711.7117117117,75.47547547547548,1.2255142837500945e-18,4.510342682422055e-24,5.0,1200,green
272072.07207207213,75.57557557557558,1.227139632464481e-18,4.510342682422055e-24,5.0,1200,green
272432.4324324324,75.67567567567568,1.2287649811788672e-18,4.510342682422055e-24,5.0,1200,green
272792.79279279284,75.77577577577578,1.2303903298932538e-18,4.510342682422055e-24,5.0,1200,green
273153.15315315314,75.87587587587588,1.2320156786076398e-18,4.510342682422055e-24,5.0,1200,green
273513.51351351355,75.97597597597598,1.2336410273220264e-18,4.510342682422055e-24,5.0,1200,green
273873.8738738739,76.07607607607608,1.2352663760364126e-18,4.510342682422055e-24,5.0,1200,green
274234.23423423426,76.17617617617618,1.236891724750799e-18,4.510342682422055e-24,5.0,1200,green
274594.5945945946,76.27627627627628,1.2385170734651853e-18,4.510342682422055e-24,5.0,1200,green
274954.95495495497,76.37637637637638,1.2401424221795715e-18,4.510342682422055e-24,5.0,1200,green
275315.3153153153,76.47647647647648,1.2417677708939579e-18,4.510342682422055e-24,5.0,1200,green
275675.6756756757,76.57657657657658,1.2433931196083442e-18,4.510342682422055e-24,5.0,1200,green
276036.03603603604,76.67667667667668,1.2450184683227304e-18,4.510342682422055e-24,5.0,1200,green
276396.39639639645,76.77677677677679,1.246643817037117e-18,4.510342682422055e-24,5.0,1200,green
276756.75675675675,76.87687687687688,1.248269165751503e-18,4.510342682422055e-24,5.0,1200,green
277117.11711711716,76.97697697697699,1.2498945144658896e-18,4.510342682422055e-24,5.0,1200,green
277477.47747747746,77.07707707707708,1.2515198631802757e-18,4.510342682422055e-24,5.0,1200,green
277837.83783783787,77.17717717717719,1.2531452118946623e-18,4.510342682422055e-24,5.0,1200,green
278198.1981981982,77.27727727727728,1.2547705606090485e-18,4.510342682422055e-24,5.0,1200,green
278558.5585585586,77.37737737737739,1.2563959093234349e-18,4.510342682422055e-24,5.0,1200,green
278918.91891891893,77.47747747747748,1.258021258037821e-18,4.510342682422055e-24,5.0,1200,green
279279.2792792793,77.57757757757759,1.2596466067522074e-18,4.510342682422055e-24,5.0,1200,green
279639.63963963964,77.67767767767768,1.2612719554665938e-18,4.510342682422055e-24,5.0,1200,green
280000.0,77.77777777777779,1.26289730418098e-18,4.510342682422055e-24,5.0,1200,green
280360.36036036036,77.87787787787788,1.2645226528953664e-18,4.510342682422055e-24,5.0,1200,green
280720.72072072077,77.97797797797799,1.266148001609753e-18,4.510342682422055e-24,5.0,1200,green
281081.08108108107,78.07807807807808,1.267773350324139e-18,4.510342682422055e-24,5.0,1200,green
281441.4414414415,78.17817817817819,1.2693986990385255e-18,4.510342682422055e-24,5.0,1200,green
281801.8018018018,78.27827827827828,1.2710240477529115e-18,4.510342682422055e-24,5.0,1200,green
282162.1621621622,78.37837837837839,1.272649396467298e-18,4.510342682422055e-24,5.0,1200,green
282522.52252252254,78.47847847847848,1.2742747451816844e-18,4.510342682422055e-24,5.0,1200,green
282882.8828828829,78.57857857857859,1.2759000938960708e-18,4.510342682422055e-24,5.0,1200,green
283243.24324324325,78.67867867867868,1.277525442610457e-18,4.510342682422055e-24,5.0,1200,green
283603.6036036036,78.77877877877879,1.2791507913248434e-18,4.510342682422055e-24,5.0,1200,green
283963.96396396396,78.87887887887888,1.2807761400392295e-18,4.510342682422055e-24,5.0,1200,green
284324.3243243244,78.97897897897899,1.2824014887536161e-18,4.510342682422055e-24,5.0,1200,green
284684.6846846847,79.07907907907908,1.2840268374680023e-18,4.510342682422055e-24,5.0,1200,green
285045.0450450451,79.17917917917919,1.2856521861823889e-18,4.510342682422055e-24,5.0,1200,green
285405.4054054054,79.27927927927928,1.2872775348967749e-18,4.510342682422055e-24,5.0,1200,green
285765.7657657658,79.37937937937939,1.2889028836111614e-18,4.510342682422055e-24,5.0,1200,green
286126.12612612615,79.47947947947948,1.2905282323255478e-18,4.510342682422055e-24,5.0,1200,green
286486.4864864865,79.57957957957959,1.292153581039934e-18,4.510342682422055e-24,5.0,1200,green
286846.84684684686,79.67967967967968,1.2937789297543204e-18,4.510342682422055e-24,5.0,1200,green
287207.2072072072,79.77977977977979,1.2954042784687065e-18,4.510342682422055e-24,5.0,1200,green
287567.5675675676,79.87987987987988,1.297029627183093e-18,4.510342682422055e-24,5.0,1200,green
287927.9279279279,79.97997997997999,1.2986549758974793e-18,4.510342682422055e-24,5.0,1200,green
288288.2882882883,80.08008008008008,1.3002803246118655e-18,4.510342682422055e-24,5.0,1200,green
288648.6486486487,80.18018018018019,1.301905673326252e-18,4.510342682422055e-24,5.0,1200,green
289009.009009009,80.28028028028028,1.303531022040638e-18,4.510342682422055e-24,5.0,1200,green
289369.3693693694,80.38038038038039,1.3051563707550246e-18,4.510342682422055e-24,5.0,1200,green
289729.7297297297,80.48048048048048,1.3067817194694108e-18,4.510342682422055e-24,5.0,1200,green
290090.0900900901,80.58058058058059,1.3084070681837974e-18,4.510342682422055e-24,5.0,1200,green
290450.4504504505,80.68068068068068,1.3100324168981835e-18,4.510342682422055e-24,5.0,1200,green
290810.8108108108,80.78078078078079,1.31165776561257e-18,4.510342682422055e-24,5.0,1200,green
291171.1711711712,80.88088088088088,1.3132831143269563e-18,4.510342682422055e-24,5.0,1200,green
291531.53153153154,80.98098098098099,1.3149084630413425e-18,4.510342682422055e-24,5.0,1200,green
291891.8918918919,81.08108108108108,1.3165338117557288e-18,4.510342682422055e-24,5.0,1200,green
292252.25225225225,81.18118118118119,1.318159160470115e-18,4.510342682422055e-24,5.0,1200,green
292612.6126126126,81.28128128128128,1.3197845091845014e-18,4.510342682422055e-24,5.0,1200,green
292972.972972973,81.38138138138139,1.321409857898888e-18,4.510342682422055e-24,5.0,1200,green
293333.3333333333,81.48148148148148,1.323035206613274e-18,4.510342682422055e-24,5.0,1200,green
293693.6936936937,81.58158158158159,1.3246605553276605e-18,4.510342682422055e-24,5.0,1200,green
294054.054054054,81.68168168168168,1.3262859040420467e-18,4.510342682422055e-24,5.0,1200,green
294414.41441441444,81.78178178178179,1.3279112527564333e-18,4.510342682422055e-24,5.0,1200,green
294774.7747747748,81.88188188188188,1.3295366014708195e-18,4.510342682422055e-24,5.0,1200,green
295135.13513513515,81.98198198198199,1.3311619501852058e-18,4.510342682422055e-24,5.0,1200,green
295495.4954954955,82.08208208208208,1.332787298899592e-18,4.510342682422055e-24,5.0,1200,green
295855.85585585586,82.18218218218219,1.3344126476139784e-18,4.510342682422055e-24,5.0,1200,green
296216.2162162162,82.28228228228228,1.3360379963283648e-18,4.510342682422055e-24,5.0,1200,green
296576.5765765766,82.38238238238239,1.3376633450427513e-18,4.510342682422055e-24,5.0,1200,green
296936.9369369369,82.48248248248248,1.3392886937571373e-18,4.510342682422055e-24,5.0,1200,green
297297.29729729734,82.58258258258259,1.340914042471524e-18,4.510342682422055e-24,5.0,1200,green
297657.65765765763,82.68268268268268,1.3425393911859099e-18,4.510342682422055e-24,5.0,1200,green
298018.01801801805,82.78278278278279,1.3441647399002965e-18,4.510342682422055e-24,5.0,1200,green
298378.3783783784,82.88288288288288,1.3457900886146828e-18,4.510342682422055e-24,5.0,1200,green
298738.73873873876,82.98298298298299,1.347415437329069e-18,4.510342682422055e-24,5.0,1200,green
299099.0990990991,83.08308308308308,1.3490407860434554e-18,4.510342682422055e-24,5.0,1200,green
299459.45945945947,83.18318318318319,1.3506661347578418e-18,4.510342682422055e-24,5.0,1200,green
299819.8198198198,83.28328328328328,1.352291483472228e-18,4.510342682422055e-24,5.0,1200,green
300180.1801801802,83.38338338338339,1.3539168321866143e-18,4.510342682422055e-24,5.0,1200,green
300540.54054054053,83.48348348348348,1.3555421809010005e-18,4.510342682422055e-24,5.0,1200,green
300900.90090090095,83.58358358358359,1.357167529615387e-18,4.510342682422055e-24,5.0,1200,green
301261.26126126124,83.68368368368368,1.3587928783297733e-18,4.510342682422055e-24,5.0,1200,green
301621.62162162166,83.78378378378379,1.3604182270441598e-18,4.510342682422055e-24,5.0,1200,green
301981.98198198195,83.88388388388388,1.3620435757585458e-18,4.510342682422055e-24,5.0,1200,green
302342.34234234237,83.98398398398399,1.3636689244729324e-18,4.510342682422055e-24,5.0,1200,green
302702.7027027027,84.08408408408408,1.3652942731873186e-18,4.510342682422055e-24,5.0,1200,green
303063.0630630631,84.18418418418419,1.366919621901705e-18,4.510342682422055e-24,5.0,1200,green
303423.42342342343,84.28428428428428,1.3685449706160913e-18,4.510342682422055e-24,5.0,1200,green
303783.7837837838,84.38438438438439,1.3701703193304775e-18,4.510342682422055e-24,5.0,1200,green
304144.14414414414,84.48448448448448,1.3717956680448639e-18,4.510342682422055e-24,5.0,1200,green
304504.5045045045,84.58458458458459,1.3734210167592503e-18,4.510342682422055e-24,5.0,1200,green
304864.86486486485,84.68468468468468,1.3750463654736364e-18,4.510342682422055e-24,5.0,1200,green
305225.22522522527,84.78478478478479,1.376671714188023e-18,4.510342682422055e-24,5.0,1200,green
305585.58558558556,84.88488488488488,1.378297062902409e-18,4.510342682422055e-24,5.0,1200,green
305945.945945946,84.98498498498499,1.3799224116167956e-18,4.510342682422055e-24,5.0,1200,green
306306.3063063063,85.08508508508508,1.3815477603311818e-18,4.510342682422055e-24,5.0,1200,green
306666.6666666667,85.18518518518519,1.3831731090455683e-18,4.510342682422055e-24,5.0,1200,green
307027.02702702704,85.28528528528528,1.3847984577599545e-18,4.510342682422055e-24,5.0,1200,green
307387.3873873874,85.38538538538539,1.3864238064743409e-18,4.510342682422055e-24,5.0,1200,green
307747.7477477478,85.4854854854855,1.3880491551887275e-18,4.510342682422055e-24,5.0,1200,green
308108.1081081081,85.58558558558559,1.3896745039031134e-18,4.510342682422055e-24,5.0,1200,green
308468.4684684685,85.6856856856857,1.3912998526175e-18,4.510342682422055e-24,5.0,1200,green
308828.8288288289,85.78578578578579,1.3929252013318864e-18,4.510342682422055e-24,5.0,1200,green
309189.18918918923,85.8858858858859,1.3945505500462726e-18,4.510342682422055e-24,5.0,1200,green
309549.5495495496,85.98598598598599,1.396175898760659e-18,4.510342682422055e-24,5.0,1200,green
309909.90990990994,86.0860860860861,1.3978012474750453e-18,4.510342682422055e-24,5.0,1200,green
310270.2702702703,86.18618618618619,1.3994265961894315e-18,4.510342682422055e-24,5.0,1200,green
310630.63063063065,86.2862862862863,1.4010519449038179e-18,4.510342682422055e-24,5.0,1200,green
310990.990990991,86.38638638638639,1.402677293618204e-18,4.510342682422055e-24,5.0,1200,green
311351.3513513514,86.4864864864865,1.4043026423325906e-18,4.510342682422055e-24,5.0,1200,green
311711.7117117117,86.58658658658659,1.4059279910469768e-18,4.510342682422055e-24,5.0,1200,green
312072.07207207213,86.6866866866867,1.4075533397613634e-18,4.510342682422055e-24,5.0,1200,green
312432.4324324324,86.78678678678679,1.4091786884757494e-18,4.510342682422055e-24,5.0,1200,green
312792.79279279284,86.8868868868869,1.410804037190136e-18,4.510342682422055e-24,5.0,1200,green
313153.1531531532,86.98698698698699,1.4124293859045221e-18,4.510342682422055e-24,5.0,1200,green
313513.51351351355,87.0870870870871,1.4140547346189085e-18,4.510342682422055e-24,5.0,1200,green
313873.8738738739,87.18718718718719,1.4156800833332949e-18,4.510342682422055e-24,5.0,1200,green
314234.23423423426,87.2872872872873,1.417305432047681e-18,4.510342682422055e-24,5.0,1200,green
314594.5945945946,87.38738738738739,1.4189307807620674e-18,4.510342682422055e-24,5.0,1200,green
314954.95495495497,87.4874874874875,1.4205561294764538e-18,4.510342682422055e-24,5.0,1200,green
315315.3153153153,87.58758758758759,1.42218147819084e-18,4.510342682422055e-24,5.0,1200,green
315675.67567567574,87.6876876876877,1.4238068269052266e-18,4.510342682422055e-24,5.0,1200,green
316036.03603603604,87.78778778778779,1.4254321756196126e-18,4.510342682422055e-24,5.0,1200,green
316396.39639639645,87.8878878878879,1.4270575243339991e-18,4.510342682422055e-24,5.0,1200,green
316756.75675675675,87.98798798798799,1.4286828730483853e-18,4.510342682422055e-24,5.0,1200,green
317117.11711711716,88.0880880880881,1.4303082217627719e-18,4.510342682422055e-24,5.0,1200,green
317477.4774774775,88.18818818818819,1.431933570477158e-18,4.510342682422055e-24,5.0,1200,green
317837.83783783787,88.2882882882883,1.4335589191915444e-18,4.510342682422055e-24,5.0,1200,green
318198.1981981982,88.38838838838839,1.4351842679059308e-18,4.510342682422055e-24,5.0,1200,green
318558.5585585586,88.4884884884885,1.436809616620317e-18,4.510342682422055e-24,5.0,1200,green
318918.91891891893,88.58858858858859,1.4384349653347034e-18,4.510342682422055e-24,5.0,1200,green
319279.27927927935,88.6886886886887,1.44006031404909e-18,4.510342682422055e-24,5.0,1200,green
319639.63963963964,88.78878878878879,1.441685662763476e-18,4.510342682422055e-24,5.0,1200,green
320000.00000000006,88.8888888888889,1.4433110114778625e-18,4.510342682422055e-24,5.0,1200,green
320360.36036036036,88.988988988989,1.4449363601922485e-18,4.510342682422055e-24,5.0,1200,green
320720.72072072077,89.0890890890891,1.446561708906635e-18,4.510342682422055e-24,5.0,1200,green
321081.0810810811,89.1891891891892,1.4481870576210214e-18,4.510342682422055e-24,5.0,1200,green
321441.4414414415,89.2892892892893,1.4498124063354076e-18,4.510342682422055e-24,5.0,1200,green
321801.80180180183,89.3893893893894,1.451437755049794e-18,4.510342682422055e-24,5.0,1200,green
322162.1621621622,89.4894894894895,1.4530631037641804e-18,4.510342682422055e-24,5.0,1200,green
322522.52252252254,89.5895895895896,1.4546884524785666e-18,4.510342682422055e-24,5.0,1200,green
322882.8828828829,89.6896896896897,1.456313801192953e-18,4.510342682422055e-24,5.0,1200,green
323243.24324324325,89.7897897897898,1.4579391499073393e-18,4.510342682422055e-24,5.0,1200,green
323603.60360360367,89.8898898898899,1.4595644986217259e-18,4.510342682422055e-24,5.0,1200,green
323963.96396396396,89.98998998999,1.4611898473361119e-18,4.510342682422055e-24,5.0,1200,green
324324.3243243244,90.0900900900901,1.4628151960504984e-18,4.510342682422055e-24,5.0,1200,green
324684.6846846847,90.1901901901902,1.4644405447648844e-18,4.510342682422055e-24,5.0,1200,green
325045.0450450451,90.2902902902903,1.466065893479271e-18,4.510342682422055e-24,5.0,1200,green
325405.40540540544,90.3903903903904,1.4676912421936574e-18,4.510342682422055e-24,5.0,1200,green
325765.7657657658,90.4904904904905,1.4693165909080436e-18,4.510342682422055e-24,5.0,1200,green
326126.12612612615,90.5905905905906,1.47094193962243e-18,4.510342682422055e-24,5.0,1200,green
326486.4864864865,90.6906906906907,1.4725672883368161e-18,4.510342682422055e-24,5.0,1200,green
326846.84684684686,90.7907907907908,1.4741926370512025e-18,4.510342682422055e-24,5.0,1200,green
327207.2072072072,90.8908908908909,1.4758179857655889e-18,4.510342682422055e-24,5.0,1200,green
327567.5675675676,90.990990990991,1.477443334479975e-18,4.510342682422055e-24,5.0,1200,green
327927.927927928,91.0910910910911,1.4790686831943616e-18,4.510342682422055e-24,5.0,1200,green
328288.2882882883,91.1911911911912,1.4806940319087478e-18,4.510342682422055e-24,5.0,1200,green
328648.6486486487,91.2912912912913,1.4823193806231344e-18,4.510342682422055e-24,5.0,1200,green
329009.009009009,91.3913913913914,1.4839447293375204e-18,4.510342682422055e-24,5.0,1200,green
329369.3693693694,91.4914914914915,1.485570078051907e-18,4.510342682422055e-24,5.0,1200,green
329729.72972972976,91.5915915915916,1.4871954267662931e-18,4.510342682422055e-24,5.0,1200,green
330090.0900900901,91.6916916916917,1.4888207754806795e-18,4.510342682422055e-24,5.0,1200,green
330450.4504504505,91.7917917917918,1.4904461241950659e-18,4.510342682422055e-24,5.0,1200,green
330810.8108108108,91.8918918918919,1.492071472909452e-18,4.510342682422055e-24,5.0,1200,green
331171.1711711712,91.991991991992,1.4936968216238384e-18,4.510342682422055e-24,5.0,1200,green
331531.53153153154,92.0920920920921,1.4953221703382248e-18,4.510342682422055e-24,5.0,1200,green
331891.8918918919,92.1921921921922,1.496947519052611e-18,4.510342682422055e-24,5.0,1200,green
332252.2522522523,92.2922922922923,1.4985728677669975e-18,4.510342682422055e-24,5.0,1200,green
332612.6126126126,92.3923923923924,1.5001982164813835e-18,4.510342682422055e-24,5.0,1200,green
332972.972972973,92.4924924924925,1.5018235651957701e-18,4.510342682422055e-24,5.0,1200,green
333333.3333333333,92.5925925925926,1.5034489139101563e-18,4.510342682422055e-24,5.0,1200,green
333693.6936936937,92.6926926926927,1.5050742626245429e-18,4.510342682422055e-24,5.0,1200,green
334054.0540540541,92.7927927927928,1.506699611338929e-18,4.510342682422055e-24,5.0,1200,green
334414.41441441444,92.8928928928929,1.5083249600533154e-18,4.510342682422055e-24,5.0,1200,green
334774.7747747748,92.992992992993,1.5099503087677016e-18,4.510342682422055e-24,5.0,1200,green
335135.13513513515,93.0930930930931,1.511575657482088e-18,4.510342682422055e-24,5.0,1200,green
335495.4954954955,93.1931931931932,1.5132010061964743e-18,4.510342682422055e-24,5.0,1200,green
335855.8558558559,93.2932932932933,1.514826354910861e-18,4.510342682422055e-24,5.0,1200,green
336216.2162162162,93.3933933933934,1.516451703625247e-18,4.510342682422055e-24,5.0,1200,green
336576.5765765766,93.4934934934935,1.5180770523396335e-18,4.510342682422055e-24,5.0,1200,green
336936.9369369369,93.5935935935936,1.5197024010540195e-18,4.510342682422055e-24,5.0,1200,green
337297.29729729734,93.6936936936937,1.521327749768406e-18,4.510342682422055e-24,5.0,1200,green
337657.6576576577,93.7937937937938,1.5229530984827924e-18,4.510342682422055e-24,5.0,1200,green
338018.01801801805,93.8938938938939,1.5245784471971786e-18,4.510342682422055e-24,5.0,1200,green
338378.3783783784,93.993993993994,1.526203795911565e-18,4.510342682422055e-24,5.0,1200,green
338738.73873873876,94.0940940940941,1.5278291446259513e-18,4.510342682422055e-24,5.0,1200,green
339099.0990990991,94.1941941941942,1.5294544933403375e-18,4.510342682422055e-24,5.0,1200,green
339459.45945945947,94.2942942942943,1.531079842054724e-18,4.510342682422055e-24,5.0,1200,green
339819.8198198198,94.3943943943944,1.53270519076911e-18,4.510342682422055e-24,5.0,1200,green
340180.18018018024,94.4944944944945,1.5343305394834967e-18,4.510342682422055e-24,5.0,1200,green
340540.54054054053,94.5945945945946,1.5359558881978828e-18,4.510342682422055e-24,5.0,1200,green
340900.90090090095,94.6946946946947,1.5375812369122694e-18,4.510342682422055e-24,5.0,1200,green
341261.26126126124,94.7947947947948,1.5392065856266554e-18,4.510342682422055e-24,5.0,1200,green
341621.62162162166,94.8948948948949,1.540831934341042e-18,4.510342682422055e-24,5.0,1200,green
341981.981981982,94.994994994995,1.5424572830554283e-18,4.510342682422055e-24,5.0,1200,green
342342.34234234237,95.0950950950951,1.5440826317698145e-18,4.510342682422055e-24,5.0,1200,green
342702.7027027027,95.1951951951952,1.5457079804842009e-18,4.510342682422055e-24,5.0,1200,green
343063.0630630631,95.2952952952953,1.547333329198587e-18,4.510342682422055e-24,5.0,1200,green
343423.42342342343,95.3953953953954,1.5489586779129735e-18,4.510342682422055e-24,5.0,1200,green
343783.7837837838,95.4954954954955,1.5505840266273598e-18,4.510342682422055e-24,5.0,1200,green
344144.14414414414,95.5955955955956,1.552209375341746e-18,4.510342682422055e-24,5.0,1200,green
344504.50450450456,95.6956956956957,1.5538347240561326e-18,4.510342682422055e-24,5.0,1200,green
344864.86486486485,95.7957957957958,1.5554600727705188e-18,4.510342682422055e-24,5.0,1200,green
345225.22522522527,95.8958958958959,1.5570854214849051e-18,4.510342682422055e-24,5.0,1200,green
345585.58558558556,95.995995995996,1.5587107701992913e-18,4.510342682422055e-24,5.0,1200,green
345945.945945946,96.0960960960961,1.5603361189136779e-18,4.510342682422055e-24,5.0,1200,green
346306.30630630633,96.1961961961962,1.561961467628064e-18,4.510342682422055e-24,5.0,1200,green
346666.6666666667,96.2962962962963,1.5635868163424505e-18,4.510342682422055e-24,5.0,1200,green
347027.02702702704,96.3963963963964,1.5652121650568368e-18,4.510342682422055e-24,5.0,1200,green
347387.3873873874,96.4964964964965,1.566837513771223e-18,4.510342682422055e-24,5.0,1200,green
347747.74774774775,96.5965965965966,1.5684628624856094e-18,4.510342682422055e-24,5.0,1200,green
348108.10810810816,96.6966966966967,1.570088211199996e-18,4.510342682422055e-24,5.0,1200,green
348468.46846846846,96.7967967967968,1.571713559914382e-18,4.510342682422055e-24,5.0,1200,green
348828.8288288289,96.8968968968969,1.5733389086287685e-18,4.510342682422055e-24,5.0,1200,green
349189.1891891892,96.996996996997,1.5749642573431545e-18,4.510342682422055e-24,5.0,1200,green
349549.5495495496,97.0970970970971,1.576589606057541e-18,4.510342682422055e-24,5.0,1200,green
349909.90990990994,97.1971971971972,1.5782149547719275e-18,4.510342682422055e-24,5.0,1200,green
350270.2702702703,97.2972972972973,1.5798403034863138e-18,4.510342682422055e-24,5.0,1200,green
350630.63063063065,97.3973973973974,1.5814656522007e-18,4.510342682422055e-24,5.0,1200,green
350990.990990991,97.4974974974975,1.5830910009150864e-18,4.510342682422055e-24,5.0,1200,green
351351.35135135136,97.5975975975976,1.5847163496294726e-18,4.510342682422055e-24,5.0,1200,green
351711.7117117117,97.6976976976977,1.586341698343859e-18,4.510342682422055e-24,5.0,1200,green
352072.0720720721,97.7977977977978,1.5879670470582453e-18,4.510342682422055e-24,5.0,1200,green
352432.4324324325,97.8978978978979,1.5895923957726319e-18,4.510342682422055e-24,5.0,1200,green
352792.7927927928,97.997997997998,1.5912177444870179e-18,4.510342682422055e-24,5.0,1200,green
353153.1531531532,98.0980980980981,1.5928430932014045e-18,4.510342682422055e-24,5.0,1200,green
353513.5135135135,98.1981981981982,1.5944684419157904e-18,4.510342682422055e-24,5.0,1200,green
353873.8738738739,98.2982982982983,1.596093790630177e-18,4.510342682422055e-24,5.0,1200,green
354234.23423423426,98.3983983983984,1.5977191393445634e-18,4.510342682422055e-24,5.0,1200,green
354594.5945945946,98.4984984984985,1.5993444880589496e-18,4.510342682422055e-24,5.0,1200,green
354954.95495495497,98.5985985985986,1.600969836773336e-18,4.510342682422055e-24,5.0,1200,green
355315.3153153153,98.6986986986987,1.6025951854877223e-18,4.510342682422055e-24,5.0,1200,green
355675.6756756757,98.7987987987988,1.6042205342021085e-18,4.510342682422055e-24,5.0,1200,green
356036.03603603604,98.8988988988989,1.6058458829164949e-18,4.510342682422055e-24,5.0,1200,green
356396.3963963964,98.998998998999,1.607471231630881e-18,4.510342682422055e-24,5.0,1200,green
356756.7567567568,99.0990990990991,1.6090965803452676e-18,4.510342682422055e-24,5.0,1200,green
357117.1171171171,99.1991991991992,1.6107219290596538e-18,4.510342682422055e-24,5.0,1200,green
357477.4774774775,99.2992992992993,1.6123472777740404e-18,4.510342682422055e-24,5.0,1200,green
357837.8378378378,99.3993993993994,1.6139726264884264e-18,4.510342682422055e-24,5.0,1200,green
358198.1981981982,99.4994994994995,1.615597975202813e-18,4.510342682422055e-24,5.0,1200,green
358558.5585585586,99.5995995995996,1.6172233239171991e-18,4.510342682422055e-24,5.0,1200,green
358918.91891891893,99.6996996996997,1.6188486726315855e-18,4.510342682422055e-24,5.0,1200,green
359279.2792792793,99.7997997997998,1.6204740213459719e-18,4.510342682422055e-24,5.0,1200,green
359639.63963963964,99.8998998998999,1.622099370060358e-18,4.510342682422055e-24,5.0,1200,green
360000.0,100.0,1.6237247187747444e-18,4.510342682422055e-24,5.0,1200,green
0.0,0.0,0.0,1.216676683136068e-24,5.0,1200,sintered
360.3603603603604,0.1001001001001001,4.384402789736647e-22,1.2166670262500813e-24,5.0,1200,sintered
720.7207207207208,0.2002002002002002,8.768772464915548e-22,1.216658289212921e-24,5.0,1200,sintered
1081.081081081081,0.3003003003003003,1.3153112179802695e-21,1.216650384406087e-24,5.0,1200,sintered
1441.4414414414416,0.4004004004004004,1.753742478821031e-21,1.216643232557018e-24,5.0,1200,sintered
1801.801801801802,0.5005005005005005,2.1921712872115994e-21,1.2166367619441136e-24,5.0,1200,sintered
2162.162162162162,0.6006006006006006,2.6305978767555855e-21,1.2166309076774821e-24,5.0,1200,sintered
2522.5225225225226,0.7007007007007008,3.06902245880512e-21,1.2166256110481984e-24,5.0,1200,sintered
2882.882882882883,0.8008008008008008,3.507445224580376e-21,1.2166208189395477e-24,5.0,1200,sintered
3243.2432432432433,0.9009009009009009,3.9458663470872014e-21,1.2166164832943493e-24,5.0,1200,sintered
3603.603603603604,1.001001001001001,4.384285982852096e-21,1.2166125606330211e-24,5.0,1200,sintered
3963.963963963964,1.1011011011011012,4.822704273491914e-21,1.2166090116175476e-24,5.0,1200,sintered
4324.324324324324,1.2012012012012012,5.261121347134057e-21,1.2166058006569834e-24,5.0,1200,sintered
4684.684684684685,1.3013013013013013,5.699537319701391e-21,1.2166028955505333e-24,5.0,1200,sintered
5045.045045045045,1.4014014014014016,6.13795229607476e-21,1.2166002671646285e-24,5.0,1200,sintered
5405.405405405406,1.5015015015015016,6.5763663711447814e-21,1.2165978891407653e-24,5.0,1200,sintered
5765.765765765766,1.6016016016016017,7.014779630763437e-21,1.21659573763117e-24,5.0,1200,sintered
6126.126126126126,1.7017017017017018,7.45319215260504e-21,1.2165937910596447e-24,5.0,1200,sintered
6486.486486486487,1.8018018018018018,7.891604006945182e-21,1.2165920299051922e-24,5.0,1200,sintered
6846.846846846847,1.9019019019019021,8.330015257365479e-21,1.216590436506252e-24,5.0,1200,sintered
7207.207207207208,2.002002002002002,8.768425961391201e-21,1.2165889948835828e-24,5.0,1200,sintered
7567.567567567568,2.1021021021021022,9.206836171068153e-21,1.2165876905800166e-24,5.0,1200,sintered
7927.927927927928,2.2022022022022023,9.645245933484613e-21,1.2165865105154758e-24,5.0,1200,sintered
8288.288288288288,2.3023023023023024,1.008365529124355e-20,1.2165854428558018e-24,5.0,1200,sintered
8648.648648648648,2.4024024024024024,1.0522064282889873e-20,1.2165844768940769e-24,5.0,1200,sintered
9009.009009009009,2.5025025025025025,1.0960472943296961e-20,1.2165836029432506e-24,5.0,1200,sintered
9369.36936936937,2.6026026026026026,1.1398881304016394e-20,1.216582812238995e-24,5.0,1200,sintered
9729.729729729732,2.702702702702703,1.183728939359437e-20,1.2165820968518119e-24,5.0,1200,sintered
10090.09009009009,2.802802802802803,1.2275697237857957e-20,1.2165814496075126e-24,5.0,1200,sintered
10450.450450450451,2.902902902902903,1.2714104860174132e-20,1.216580864015273e-24,5.0,1200,sintered
10810.810810810812,3.0030030030030033,1.3152512281684086e-20,1.2165803342025395e-24,5.0,1200,sintered
11171.171171171172,3.1031031031031033,1.359091952151524e-20,1.216579854856139e-24,5.0,1200,sintered
11531.531531531533,3.2032032032032034,1.4029326596973076e-20,1.2165794211689939e-24,5.0,1200,sintered
11891.891891891892,3.3033033033033035,1.4467733523714666e-20,1.216579028791916e-24,5.0,1200,sintered
12252.252252252252,3.4034034034034035,1.4906140315905707e-20,1.2165786737899916e-24,5.0,1200,sintered
12612.612612612613,3.5035035035035036,1.534454698636256e-20,1.2165783526031195e-24,5.0,1200,sintered
12972.972972972973,3.6036036036036037,1.578295354668079e-20,1.2165780620103092e-24,5.0,1200,sintered
13333.333333333334,3.7037037037037037,1.6221360007351447e-20,1.2165777990973799e-24,5.0,1200,sintered
13693.693693693695,3.8038038038038042,1.665976637786628e-20,1.2165775612277356e-24,5.0,1200,sintered
14054.054054054055,3.9039039039039043,1.709817266681291e-20,1.2165773460159248e-24,5.0,1200,sintered
14414.414414414416,4.004004004004004,1.7536578881960972e-20,1.2165771513037174e-24,5.0,1200,sintered
14774.774774774776,4.104104104104104,1.7974985030340006e-20,1.2165769751384613e-24,5.0,1200,sintered
15135.135135135137,4.2042042042042045,1.8413391118309976e-20,1.216576815753501e-24,5.0,1200,sintered
15495.495495495496,4.3043043043043046,1.8851797151625036e-20,1.2165766715504606e-24,5.0,1200,sintered
15855.855855855856,4.404404404404405,1.9290203135491236e-20,1.2165765410832143e-24,5.0,1200,sintered
16216.216216216217,4.504504504504505,1.9728609074618737e-20,1.2165764230433843e-24,5.0,1200,sintered
16576.576576576575,4.604604604604605,2.0167014973269038e-20,1.2165763162472202e-24,5.0,1200,sintered
16936.936936936938,4.704704704704705,2.0605420835297726e-20,1.2165762196237274e-24,5.0,1200,sintered
17297.297297297297,4.804804804804805,2.104382666419312e-20,1.2165761322039268e-24,5.0,1200,sintered
17657.65765765766,4.904904904904905,2.1482232463111277e-20,1.2165760531111376e-24,5.0,1200,sintered
18018.018018018018,5.005005005005005,2.192063823490761e-20,1.216575981552186e-24,5.0,1200,sintered
18378.378378378377,5.105105105105105,2.2359043982165572e-20,1.21657591680945e-24,5.0,1200,sintered
18738.73873873874,5.205205205205205,2.2797449707222517e-20,1.2165758582336636e-24,5.0,1200,sintered
19099.099099099098,5.305305305305305,2.3235855412193157e-20,1.2165758052374055e-24,5.0,1200,sintered
19459.459459459464,5.405405405405406,2.367426109899079e-20,1.2165757572892082e-24,5.0,1200,sintered
19819.819819819822,5.505505505505506,2.411266676934643e-20,1.2165757139082277e-24,5.0,1200,sintered
20180.18018018018,5.605605605605606,2.455107242482624e-20,1.2165756746594222e-24,5.0,1200,sintered
20540.540540540544,5.705705705705706,2.4989478066847193e-20,1.2165756391491892e-24,5.0,1200,sintered
20900.900900900902,5.805805805805806,2.542788369669128e-20,1.2165756070214179e-24,5.0,1200,sintered
21261.261261261265,5.9059059059059065,2.5866289315518395e-20,1.216575577953918e-24,5.0,1200,sintered
21621.621621621623,6.0060060060060065,2.630469492437793e-20,1.2165755516551891e-24,5.0,1200,sintered
21981.981981981982,6.106106106106107,2.6743100524219332e-20,1.216575527861497e-24,5.0,1200,sintered
22342.342342342345,6.206206206206207,2.7181506115901614e-20,1.216575506334229e-24,5.0,1200,sintered
22702.702702702703,6.306306306306307,2.761991170020194e-20,1.2165754868575012e-24,5.0,1200,sintered
23063.063063063066,6.406406406406407,2.805831727782349e-20,1.2165754692359932e-24,5.0,1200,sintered
23423.423423423425,6.506506506506507,2.849672284940241e-20,1.2165754532929892e-24,5.0,1200,sintered
23783.783783783783,6.606606606606607,2.89351284155143e-20,1.2165754388686066e-24,5.0,1200,sintered
24144.144144144146,6.706706706706707,2.9373533976679905e-20,1.2165754258181921e-24,5.0,1200,sintered
24504.504504504504,6.806806806806807,2.981193953337037e-20,1.2165754140108704e-24,5.0,1200,sintered
24864.864864864867,6.906906906906907,3.0250345086011987e-20,1.2165754033282336e-24,5.0,1200,sintered
25225.225225225226,7.007007007007007,3.0688750634990387e-20,1.2165753936631515e-24,5.0,1200,sintered
25585.585585585584,7.107107107107107,3.112715618065454e-20,1.2165753849186988e-24,5.0,1200,sintered
25945.945945945947,7.207207207207207,3.15655617233201e-20,1.216575377007183e-24,5.0,1200,sintered
26306.306306306305,7.307307307307307,3.2003967263272726e-20,1.2165753698492639e-24,5.0,1200,sintered
26666.666666666668,7.407407407407407,3.2442372800770813e-20,1.2165753633731591e-24,5.0,1200,sintered
27027.02702702703,7.507507507507508,3.288077833604818e-20,1.2165753575139239e-24,5.0,1200,sintered
27387.38738738739,7.6076076076076085,3.3319183869316333e-20,1.2165753522127992e-24,5.0,1200,sintered
27747.74774774775,7.7077077077077085,3.375758940076668e-20,1.2165753474166234e-24,5.0,1200,sintered
28108.10810810811,7.807807807807809,3.4195994930572365e-20,1.2165753430772983e-24,5.0,1200,sintered
28468.468468468473,7.907907907907909,3.4634400458890044e-20,1.2165753391513077e-24,5.0,1200,sintered
28828.82882882883,8.008008008008009,3.5072805985861456e-20,1.21657533559928e-24,5.0,1200,sintered
29189.18918918919,8.108108108108109,3.5511211511614844e-20,1.2165753323855942e-24,5.0,1200,sintered
29549.549549549552,8.208208208208209,3.594961703626621e-20,1.2165753294780222e-24,5.0,1200,sintered
29909.90990990991,8.308308308308309,3.638802255992055e-20,1.2165753268474054e-24,5.0,1200,sintered
30270.270270270274,8.408408408408409,3.682642808267281e-20,1.2165753244673632e-24,5.0,1200,sintered
30630.630630630632,8.508508508508509,3.726483360460893e-20,1.2165753223140277e-24,5.0,1200,sintered
30990.99099099099,8.608608608608609,3.7703239125806646e-20,1.216575320365804e-24,5.0,1200,sintered
31351.351351351354,8.70870870870871,3.8141644646336304e-20,1.2165753186031547e-24,5.0,1200,sintered
31711.711711711712,8.80880880880881,3.8580050166261515e-20,1.2165753170084034e-24,5.0,1200,sintered
32072.072072072075,8.90890890890891,3.9018455685639876e-20,1.2165753155655572e-24,5.0,1200,sintered
32432.432432432433,9.00900900900901,3.9456861204523466e-20,1.2165753142601467e-24,5.0,1200,sintered
32792.792792792796,9.10910910910911,3.989526672295942e-20,1.2165753130790807e-24,5.0,1200,sintered
33153.15315315315,9.20920920920921,4.033367224099036e-20,1.2165753120105148e-24,5.0,1200,sintered
33513.51351351351,9.30930930930931,4.077207775865489e-20,1.2165753110437331e-24,5.0,1200,sintered
33873.873873873876,9.40940940940941,4.12104832759879e-20,1.2165753101690406e-24,5.0,1200,sintered
34234.23423423424,9.50950950950951,4.164888879302097e-20,1.2165753093776653e-24,5.0,1200,sintered
34594.59459459459,9.60960960960961,4.208729430978265e-20,1.216575308661671e-24,5.0,1200,sintered
34954.954954954956,9.70970970970971,4.252569982629882e-20,1.2165753080138773e-24,5.0,1200,sintered
35315.31531531532,9.80980980980981,4.296410534259286e-20,1.216575307427788e-24,5.0,1200,sintered
35675.67567567567,9.90990990990991,4.340251085868591e-20,1.2165753068975256e-24,5.0,1200,sintered
36036.036036036036,10.01001001001001,4.384091637459714e-20,1.2165753064177724e-24,5.0,1200,sintered
36396.3963963964,10.11011011011011,4.427932189034385e-20,1.2165753059837172e-24,5.0,1200,sintered
36756.75675675675,10.21021021021021,4.4717727405941716e-20,1.216575305591007e-24,5.0,1200,sintered
37117.117117117115,10.31031031031031,4.515613292140492e-20,1.2165753052357039e-24,5.0,1200,sintered
37477.47747747748,10.41041041041041,4.559453843674629e-20,1.2165753049142444e-24,5.0,1200,sintered
37837.83783783784,10.51051051051051,4.603294395197743e-20,1.2165753046234049e-24,5.0,1200,sintered
38198.198198198195,10.61061061061061,4.6471349467108824e-20,1.2165753043602688e-24,5.0,1200,sintered
38558.558558558565,10.710710710710712,4.690975498215001e-20,1.2165753041221972e-24,5.0,1200,sintered
38918.91891891893,10.810810810810812,4.7348160497109546e-20,1.2165753039068028e-24,5.0,1200,sintered
39279.27927927928,10.910910910910912,4.7786566011995206e-20,1.2165753037119254e-24,5.0,1200,sintered
39639.639639639645,11.011011011011012,4.8224971526814054e-20,1.2165753035356107e-24,5.0,1200,sintered
40000.00000000001,11.111111111111112,4.8663377041572447e-20,1.2165753033760904e-24,5.0,1200,sintered
40360.36036036036,11.211211211211213,4.910178255627612e-20,1.2165753032317648e-24,5.0,1200,sintered
40720.720720720725,11.311311311311313,4.954018807093032e-20,1.2165753031011869e-24,5.0,1200,sintered
41081.08108108109,11.411411411411413,4.997859358553974e-20,1.216575302983047e-24,5.0,1200,sintered
41441.44144144144,11.511511511511513,5.041699910010863e-20,1.2165753028761602e-24,5.0,1200,sintered
41801.801801801805,11.611611611611613,5.085540461464089e-20,1.2165753027794546e-24,5.0,1200,sintered
42162.16216216217,11.711711711711713,5.1293810129139986e-20,1.2165753026919606e-24,5.0,1200,sintered
42522.52252252253,11.811811811811813,5.1732215643609073e-20,1.2165753026128008e-24,5.0,1200,sintered
42882.882882882885,11.911911911911913,5.217062115805101e-20,1.216575302541181e-24,5.0,1200,sintered
43243.24324324325,12.012012012012013,5.26090266724684e-20,1.2165753024763833e-24,5.0,1200,sintered
43603.60360360361,12.112112112112113,5.3047432186863567e-20,1.2165753024177578e-24,5.0,1200,sintered
43963.963963963964,12.212212212212213,5.348583770123862e-20,1.2165753023647165e-24,5.0,1200,sintered
44324.32432432433,12.312312312312313,5.392424321559549e-20,1.2165753023167277e-24,5.0,1200,sintered
44684.68468468469,12.412412412412413,5.436264872993591e-20,1.2165753022733099e-24,5.0,1200,sintered
45045.04504504505,12.512512512512513,5.480105424426146e-20,1.2165753022340278e-24,5.0,1200,sintered
45405.40540540541,12.612612612612613,5.52394597585735e-20,1.2165753021984875e-24,5.0,1200,sintered
45765.76576576577,12.712712712712714,5.567786527287338e-20,1.2165753021663324e-24,5.0,1200,sintered
46126.12612612613,12.812812812812814,5.611627078716222e-20,1.2165753021372402e-24,5.0,1200,sintered
46486.48648648649,12.912912912912914,5.655467630144109e-20,1.2165753021109192e-24,5.0,1200,sintered
46846.84684684685,13.013013013013014,5.699308181571093e-20,1.2165753020871054e-24,5.0,1200,sintered
47207.20720720721,13.113113113113114,5.74314873299726e-20,1.2165753020655596e-24,5.0,1200,sintered
47567.56756756757,13.213213213213214,5.786989284422688e-20,1.2165753020460665e-24,5.0,1200,sintered
47927.92792792793,13.313313313313314,5.83082983584745e-20,1.21657530202843e-24,5.0,1200,sintered
48288.28828828829,13.413413413413414,5.874670387271604e-20,1.2165753020124734e-24,5.0,1200,sintered
48648.648648648654,13.513513513513514,5.918510938695214e-20,1.2165753019980369e-24,5.0,1200,sintered
49009.00900900901,13.613613613613614,5.962351490118326e-20,1.2165753019849753e-24,5.0,1200,sintered
49369.36936936937,13.713713713713714,6.006192041540993e-20,1.216575301973158e-24,5.0,1200,sintered
49729.729729729734,13.813813813813814,6.050032592963252e-20,1.2165753019624664e-24,5.0,1200,sintered
50090.09009009009,13.913913913913914,6.093873144385146e-20,1.216575301952793e-24,5.0,1200,sintered
50450.45045045045,14.014014014014014,6.137713695806708e-20,1.216575301944041e-24,5.0,1200,sintered
50810.81081081081,14.114114114114114,6.18155424722797e-20,1.2165753019361228e-24,5.0,1200,sintered
51171.17117117117,14.214214214214214,6.225394798648961e-20,1.216575301928959e-24,5.0,1200,sintered
51531.53153153153,14.314314314314315,6.269235350069705e-20,1.2165753019224774e-24,5.0,1200,sintered
51891.89189189189,14.414414414414415,6.313075901490227e-20,1.2165753019166131e-24,5.0,1200,sintered
52252.252252252256,14.514514514514515,6.35691645291055e-20,1.2165753019113074e-24,5.0,1200,sintered
52612.61261261261,14.614614614614615,6.400757004330688e-20,1.2165753019065072e-24,5.0,1200,sintered
52972.97297297297,14.714714714714715,6.444597555750663e-20,1.2165753019021643e-24,5.0,1200,sintered
53333.333333333336,14.814814814814815,6.488438107170488e-20,1.216575301898235e-24,5.0,1200,sintered
53693.69369369369,14.914914914914915,6.53227865859018e-20,1.2165753018946799e-24,5.0,1200,sintered
54054.05405405406,15.015015015015017,6.57611921000975e-20,1.2165753018914634e-24,5.0,1200,sintered
54414.41441441442,15.115115115115117,6.619959761429209e-20,1.2165753018885533e-24,5.0,1200,sintered
54774.77477477478,15.215215215215217,6.663800312848566e-20,1.2165753018859206e-24,5.0,1200,sintered
55135.13513513514,15.315315315315317,6.707640864267837e-20,1.2165753018835386e-24,5.0,1200,sintered
55495.4954954955,15.415415415415417,6.751481415687023e-20,1.2165753018813834e-24,5.0,1200,sintered
55855.85585585586,15.515515515515517,6.795321967106136e-20,1.2165753018794335e-24,5.0,1200,sintered
56216.21621621622,15.615615615615617,6.839162518525182e-20,1.2165753018776694e-24,5.0,1200,sintered
56576.57657657658,15.715715715715717,6.883003069944169e-20,1.2165753018760733e-24,5.0,1200,sintered
56936.936936936945,15.815815815815817,6.9268436213631e-20,1.2165753018746292e-24,5.0,1200,sintered
57297.2972972973,15.915915915915917,6.970684172781981e-20,1.2165753018733226e-24,5.0,1200,sintered
57657.65765765766,16.016016016016017,7.014524724200818e-20,1.2165753018721405e-24,5.0,1200,sintered
58018.018018018025,16.116116116116117,7.058365275619615e-20,1.2165753018710712e-24,5.0,1200,sintered
58378.37837837838,16.216216216216218,7.102205827038375e-20,1.2165753018701034e-24,5.0,1200,sintered
58738.73873873874,16.316316316316318,7.146046378457101e-20,1.216575301869228e-24,5.0,1200,sintered
59099.099099099105,16.416416416416418,7.189886929875797e-20,1.216575301868436e-24,5.0,1200,sintered
59459.45945945947,16.516516516516518,7.233727481294467e-20,1.2165753018677194e-24,5.0,1200,sintered
59819.81981981982,16.616616616616618,7.277568032713112e-20,1.216575301867071e-24,5.0,1200,sintered
60180.180180180185,16.716716716716718,7.321408584131733e-20,1.2165753018664845e-24,5.0,1200,sintered
60540.54054054055,16.816816816816818,7.365249135550336e-20,1.2165753018659537e-24,5.0,1200,sintered
60900.9009009009,16.916916916916918,7.40908968696892e-20,1.2165753018654736e-24,5.0,1200,sintered
61261.261261261265,17.017017017017018,7.452930238387487e-20,1.2165753018650392e-24,5.0,1200,sintered
61621.62162162163,17.117117117117118,7.49677078980604e-20,1.2165753018646462e-24,5.0,1200,sintered
61981.98198198198,17.217217217217218,7.540611341224579e-20,1.2165753018642906e-24,5.0,1200,sintered
62342.342342342345,17.31731731731732,7.584451892643107e-20,1.2165753018639688e-24,5.0,1200,sintered
62702.70270270271,17.41741741741742,7.628292444061624e-20,1.2165753018636777e-24,5.0,1200,sintered
63063.06306306307,17.51751751751752,7.672132995480129e-20,1.2165753018634143e-24,5.0,1200,sintered
63423.423423423425,17.61761761761762,7.715973546898626e-20,1.216575301863176e-24,5.0,1200,sintered
63783.78378378379,17.71771771771772,7.759814098317114e-20,1.2165753018629604e-24,5.0,1200,sintered
64144.14414414415,17.81781781781782,7.803654649735596e-20,1.2165753018627654e-24,5.0,1200,sintered
64504.504504504504,17.91791791791792,7.84749520115407e-20,1.216575301862589e-24,5.0,1200,sintered
64864.86486486487,18.01801801801802,7.89133575257254e-20,1.2165753018624293e-24,5.0,1200,sintered
65225.22522522523,18.11811811811812,7.935176303991003e-20,1.2165753018622849e-24,5.0,1200,sintered
65585.58558558559,18.21821821821822,7.979016855409462e-20,1.2165753018621541e-24,5.0,1200,sintered
65945.94594594595,18.31831831831832,8.022857406827915e-20,1.216575301862036e-24,5.0,1200,sintered
66306.3063063063,18.41841841841842,8.066697958246364e-20,1.216575301861929e-24,5.0,1200,sintered
66666.66666666667,18.51851851851852,8.110538509664812e-20,1.2165753018618321e-24,5.0,1200,sintered
67027.02702702703,18.61861861861862,8.154379061083254e-20,1.2165753018617445e-24,5.0,1200,sintered
67387.3873873874,18.71871871871872,8.198219612501694e-20,1.2165753018616654e-24,5.0,1200,sintered
67747.74774774775,18.81881881881882,8.242060163920131e-20,1.2165753018615937e-24,5.0,1200,sintered
68108.1081081081,18.91891891891892,8.285900715338564e-20,1.2165753018615289e-24,5.0,1200,sintered
68468.46846846848,19.01901901901902,8.329741266756999e-20,1.2165753018614701e-24,5.0,1200,sintered
68828.82882882883,19.11911911911912,8.373581818175428e-20,1.216575301861417e-24,5.0,1200,sintered
69189.18918918919,19.21921921921922,8.417422369593856e-20,1.2165753018613691e-24,5.0,1200,sintered
69549.54954954956,19.31931931931932,8.461262921012284e-20,1.2165753018613256e-24,5.0,1200,sintered
69909.90990990991,19.41941941941942,8.505103472430709e-20,1.2165753018612863e-24,5.0,1200,sintered
70270.27027027027,19.51951951951952,8.548944023849132e-20,1.2165753018612506e-24,5.0,1200,sintered
70630.63063063064,19.61961961961962,8.592784575267556e-20,1.2165753018612185e-24,5.0,1200,sintered
70990.99099099099,19.71971971971972,8.636625126685978e-20,1.2165753018611895e-24,5.0,1200,sintered
71351.35135135135,19.81981981981982,8.680465678104398e-20,1.216575301861163e-24,5.0,1200,sintered
71711.71171171172,19.91991991991992,8.724306229522818e-20,1.2165753018611393e-24,5.0,1200,sintered
72072.07207207207,20.02002002002002,8.768146780941237e-20,1.2165753018611177e-24,5.0,1200,sintered
72432.43243243243,20.12012012012012,8.811987332359655e-20,1.2165753018610982e-24,5.0,1200,sintered
72792.7927927928,20.22022022022022,8.855827883778073e-20,1.2165753018610806e-24,5.0,1200,sintered
73153.15315315315,20.32032032032032,8.89966843519649e-20,1.2165753018610646e-24,5.0,1200,sintered
73513.5135135135,20.42042042042042,8.943508986614905e-20,1.21657530186105e-24,5.0,1200,sintered
73873.87387387388,20.52052052052052,8.987349538033323e-20,1.216575301861037e-24,5.0,1200,sintered
74234.23423423423,20.62062062062062,9.031190089451737e-20,1.2165753018610253e-24,5.0,1200,sintered
74594.5945945946,20.72072072072072,9.075030640870153e-20,1.2165753018610144e-24,5.0,1200,sintered
74954.95495495496,20.82082082082082,9.118871192288568e-20,1.2165753018610049e-24,5.0,1200,sintered
75315.31531531531,20.92092092092092,9.162711743706982e-20,1.216575301860996e-24,5.0,1200,sintered
75675.67567567568,21.02102102102102,9.206552295125397e-20,1.2165753018609882e-24,5.0,1200,sintered
76036.03603603604,21.12112112112112,9.25039284654381e-20,1.216575301860981e-24,5.0,1200,sintered
76396.39639639639,21.22122122122122,9.294233397962223e-20,1.2165753018609744e-24,5.0,1200,sintered
76756.75675675676,21.32132132132132,9.338073949380638e-20,1.2165753018609687e-24,5.0,1200,sintered
77117.11711711713,21.421421421421424,9.381914500799052e-20,1.2165753018609634e-24,5.0,1200,sintered
77477.47747747749,21.521521521521525,9.425755052217464e-20,1.2165753018609584e-24,5.0,1200,sintered
77837.83783783785,21.621621621621625,9.469595603635879e-20,1.2165753018609542e-24,5.0,1200,sintered
78198.19819819821,21.721721721721725,9.51343615505429e-20,1.2165753018609502e-24,5.0,1200,sintered
78558.55855855856,21.821821821821825,9.557276706472702e-20,1.2165753018609467e-24,5.0,1200,sintered
78918.91891891893,21.921921921921925,9.601117257891115e-20,1.2165753018609434e-24,5.0,1200,sintered
79279.27927927929,22.022022022022025,9.644957809309527e-20,1.2165753018609406e-24,5.0,1200,sintered
79639.63963963964,22.122122122122125,9.68879836072794e-20,1.2165753018609379e-24,5.0,1200,sintered
80000.00000000001,22.222222222222225,9.732638912146353e-20,1.2165753018609355e-24,5.0,1200,sintered
80360.36036036037,22.322322322322325,9.776479463564763e-20,1.2165753018609334e-24,5.0,1200,sintered
80720.72072072072,22.422422422422425,9.820320014983175e-20,1.2165753018609314e-24,5.0,1200,sintered
81081.0810810811,22.522522522522525,9.864160566401587e-20,1.2165753018609296e-24,5.0,1200,sintered
81441.44144144145,22.622622622622625,9.90800111782e-20,1.2165753018609281e-24,5.0,1200,sintered
81801.8018018018,22.722722722722725,9.95184166923841e-20,1.2165753018609266e-24,5.0,1200,sintered
82162.16216216217,22.822822822822825,9.995682220656824e-20,1.2165753018609254e-24,5.0,1200,sintered
82522.52252252253,22.922922922922925,1.0039522772075235e-19,1.216575301860924e-24,5.0,1200,sintered
82882.88288288288,23.023023023023026,1.0083363323493645e-19,1.216575301860923e-24,5.0,1200,sintered
83243.24324324325,23.123123123123126,1.0127203874912058e-19,1.216575301860922e-24,5.0,1200,sintered
83603.60360360361,23.223223223223226,1.0171044426330469e-19,1.2165753018609211e-24,5.0,1200,sintered
83963.96396396398,23.323323323323326,1.0214884977748881e-19,1.2165753018609204e-24,5.0,1200,sintered
84324.32432432433,23.423423423423426,1.0258725529167292e-19,1.2165753018609197e-24,5.0,1200,sintered
84684.68468468469,23.523523523523526,1.0302566080585704e-19,1.2165753018609191e-24,5.0,1200,sintered
85045.04504504506,23.623623623623626,1.0346406632004117e-19,1.2165753018609184e-24,5.0,1200,sintered
85405.40540540541,23.723723723723726,1.0390247183422528e-19,1.2165753018609178e-24,5.0,1200,sintered
85765.76576576577,23.823823823823826,1.0434087734840937e-19,1.2165753018609175e-24,5.0,1200,sintered
86126.12612612614,23.923923923923926,1.047792828625935e-19,1.216575301860917e-24,5.0,1200,sintered
86486.4864864865,24.024024024024026,1.0521768837677761e-19,1.2165753018609165e-24,5.0,1200,sintered
86846.84684684685,24.124124124124126,1.0565609389096173e-19,1.2165753018609162e-24,5.0,1200,sintered
87207.20720720722,24.224224224224226,1.0609449940514585e-19,1.216575301860916e-24,5.0,1200,sintered
87567.56756756757,24.324324324324326,1.0653290491932996e-19,1.2165753018609156e-24,5.0,1200,sintered
87927.92792792793,24.424424424424426,1.0697131043351406e-19,1.2165753018609154e-24,5.0,1200,sintered
88288.2882882883,24.524524524524526,1.0740971594769819e-19,1.216575301860915e-24,5.0,1200,sintered
88648.64864864865,24.624624624624627,1.0784812146188229e-19,1.2165753018609149e-24,5.0,1200,sintered
89009.00900900901,24.724724724724727,1.082865269760664e-19,1.2165753018609147e-24,5.0,1200,sintered
89369.36936936938,24.824824824824827,1.0872493249025052e-19,1.2165753018609145e-24,5.0,1200,sintered
89729.72972972973,24.924924924924927,1.0916333800443463e-19,1.2165753018609143e-24,5.0,1200,sintered
90090.0900900901,25.025025025025027,1.0960174351861877e-19,1.2165753018609142e-24,5.0,1200,sintered
90450.45045045046,25.125125125125127,1.1004014903280285e-19,1.2165753018609142e-24,5.0,1200,sintered
90810.81081081081,25.225225225225227,1.1047855454698696e-19,1.216575301860914e-24,5.0,1200,sintered
91171.17117117118,25.325325325325327,1.109169600611711e-19,1.216575301860914e-24,5.0,1200,sintered
91531.53153153154,25.425425425425427,1.113553655753552e-19,1.2165753018609138e-24,5.0,1200,sintered
91891.8918918919,25.525525525525527,1.1179377108953932e-19,1.2165753018609138e-24,5.0,1200,sintered
92252.25225225226,25.625625625625627,1.1223217660372343e-19,1.2165753018609136e-24,5.0,1200,sintered
92612.61261261262,25.725725725725727,1.1267058211790754e-19,1.2165753018609136e-24,5.0,1200,sintered
92972.97297297297,25.825825825825827,1.1310898763209165e-19,1.2165753018609134e-24,5.0,1200,sintered
93333.33333333334,25.925925925925927,1.1354739314627576e-19,1.2165753018609134e-24,5.0,1200,sintered
93693.6936936937,26.026026026026027,1.1398579866045987e-19,1.2165753018609134e-24,5.0,1200,sintered
94054.05405405405,26.126126126126128,1.1442420417464398e-19,1.2165753018609132e-24,5.0,1200,sintered
94414.41441441442,26.226226226226228,1.148626096888281e-19,1.2165753018609132e-24,5.0,1200,sintered
94774.77477477478,26.326326326326328,1.1530101520301222e-19,1.2165753018609132e-24,5.0,1200,sintered
95135.13513513513,26.426426426426428,1.157394207171963e-19,1.2165753018609132e-24,5.0,1200,sintered
95495.4954954955,26.526526526526528,1.1617782623138044e-19,1.2165753018609132e-24,5.0,1200,sintered
95855.85585585586,26.626626626626628,1.1661623174556455e-19,1.2165753018609132e-24,5.0,1200,sintered
96216.21621621623,26.726726726726728,1.1705463725974866e-19,1.216575301860913e-24,5.0,1200,sintered
96576.57657657658,26.826826826826828,1.1749304277393277e-19,1.216575301860913e-24,5.0,1200,sintered
96936.93693693694,26.926926926926928,1.1793144828811688e-19,1.216575301860913e-24,5.0,1200,sintered
97297.29729729731,27.027027027027028,1.1836985380230101e-19,1.216575301860913e-24,5.0,1200,sintered
97657.65765765766,27.127127127127128,1.1880825931648512e-19,1.216575301860913e-24,5.0,1200,sintered
98018.01801801802,27.227227227227228,1.192466648306692e-19,1.216575301860913e-24,5.0,1200,sintered
98378.37837837839,27.32732732732733,1.1968507034485334e-19,1.216575301860913e-24,5.0,1200,sintered
98738.73873873874,27.42742742742743,1.2012347585903745e-19,1.216575301860913e-24,5.0,1200,sintered
99099.0990990991,27.52752752752753,1.2056188137322156e-19,1.216575301860913e-24,5.0,1200,sintered
99459.45945945947,27.62762762762763,1.2100028688740567e-19,1.216575301860913e-24,5.0,1200,sintered
99819.81981981982,27.72772772772773,1.2143869240158978e-19,1.216575301860913e-24,5.0,1200,sintered
100180.18018018018,27.82782782782783,1.218770979157739e-19,1.2165753018609129e-24,5.0,1200,sintered
100540.54054054055,27.92792792792793,1.2231550342995803e-19,1.2165753018609129e-24,5.0,1200,sintered
100900.9009009009,28.02802802802803,1.2275390894414211e-19,1.2165753018609129e-24,5.0,1200,sintered
101261.26126126126,28.12812812812813,1.2319231445832622e-19,1.2165753018609129e-24,5.0,1200,sintered
101621.62162162163,28.22822822822823,1.2363071997251036e-19,1.2165753018609129e-24,5.0,1200,sintered
101981.98198198198,28.32832832832833,1.2406912548669447e-19,1.2165753018609129e-24,5.0,1200,sintered
102342.34234234234,28.42842842842843,1.2450753100087858e-19,1.2165753018609129e-24,5.0,1200,sintered
102702.7027027027,28.52852852852853,1.2494593651506269e-19,1.2165753018609129e-24,5.0,1200,sintered
103063.06306306306,28.62862862862863,1.253843420292468e-19,1.2165753018609129e-24,5.0,1200,sintered
103423.42342342343,28.72872872872873,1.2582274754343093e-19,1.2165753018609129e-24,5.0,1200,sintered
103783.78378378379,28.82882882882883,1.2626115305761502e-19,1.2165753018609129e-24,5.0,1200,sintered
104144.14414414414,28.92892892892893,1.2669955857179913e-19,1.2165753018609129e-24,5.0,1200,sintered
104504.50450450451,29.02902902902903,1.2713796408598326e-19,1.2165753018609129e-24,5.0,1200,sintered
104864.86486486487,29.12912912912913,1.2757636960016737e-19,1.2165753018609129e-24,5.0,1200,sintered
105225.22522522522,29.22922922922923,1.2801477511435148e-19,1.2165753018609129e-24,5.0,1200,sintered
105585.58558558559,29.32932932932933,1.284531806285356e-19,1.2165753018609129e-24,5.0,1200,sintered
105945.94594594595,29.42942942942943,1.288915861427197e-19,1.2165753018609129e-24,5.0,1200,sintered
106306.3063063063,29.52952952952953,1.293299916569038e-19,1.2165753018609129e-24,5.0,1200,sintered
106666.66666666667,29.62962962962963,1.2976839717108792e-19,1.2165753018609129e-24,5.0,1200,sintered
107027.02702702703,29.72972972972973,1.3020680268527203e-19,1.2165753018609129e-24,5.0,1200,sintered
107387.38738738738,29.82982982982983,1.3064520819945614e-19,1.2165753018609129e-24,5.0,1200,sintered
107747.74774774777,29.929929929929934,1.3108361371364028e-19,1.2165753018609129e-24,5.0,1200,sintered
108108.10810810812,30.030030030030034,1.3152201922782438e-19,1.2165753018609129e-24,5.0,1200,sintered
108468.46846846848,30.130130130130134,1.319604247420085e-19,1.2165753018609129e-24,5.0,1200,sintered
108828.82882882885,30.230230230230234,1.3239883025619263e-19,1.2165753018609129e-24,5.0,1200,sintered
109189.1891891892,30.330330330330334,1.3283723577037674e-19,1.2165753018609129e-24,5.0,1200,sintered
109549.54954954956,30.430430430430434,1.3327564128456082e-19,1.2165753018609129e-24,5.0,1200,sintered
109909.90990990993,30.530530530530534,1.3371404679874496e-19,1.2165753018609129e-24,5.0,1200,sintered
110270.27027027028,30.630630630630634,1.3415245231292907e-19,1.2165753018609129e-24,5.0,1200,sintered
110630.63063063064,30.730730730730734,1.3459085782711318e-19,1.2165753018609129e-24,5.0,1200,sintered
110990.990990991,30.830830830830834,1.350292633412973e-19,1.2165753018609129e-24,5.0,1200,sintered
111351.35135135136,30.930930930930934,1.354676688554814e-19,1.2165753018609129e-24,5.0,1200,sintered
111711.71171171172,31.031031031031034,1.359060743696655e-19,1.2165753018609129e-24,5.0,1200,sintered
112072.07207207209,31.131131131131134,1.3634447988384964e-19,1.2165753018609129e-24,5.0,1200,sintered
112432.43243243244,31.231231231231234,1.3678288539803373e-19,1.2165753018609129e-24,5.0,1200,sintered
112792.79279279281,31.331331331331334,1.3722129091221786e-19,1.2165753018609129e-24,5.0,1200,sintered
113153.15315315317,31.431431431431434,1.3765969642640197e-19,1.2165753018609129e-24,5.0,1200,sintered
113513.51351351352,31.531531531531535,1.3809810194058608e-19,1.2165753018609129e-24,5.0,1200,sintered
113873.87387387389,31.631631631631635,1.385365074547702e-19,1.2165753018609129e-24,5.0,1200,sintered
114234.23423423425,31.731731731731735,1.389749129689543e-19,1.2165753018609129e-24,5.0,1200,sintered
114594.5945945946,31.831831831831835,1.3941331848313841e-19,1.2165753018609129e-24,5.0,1200,sintered
114954.95495495497,31.931931931931935,1.3985172399732255e-19,1.2165753018609129e-24,5.0,1200,sintered
115315.31531531533,32.032032032032035,1.4029012951150663e-19,1.2165753018609129e-24,5.0,1200,sintered
115675.67567567568,32.132132132132135,1.4072853502569074e-19,1.2165753018609129e-24,5.0,1200,sintered
116036.03603603605,32.232232232232235,1.4116694053987488e-19,1.2165753018609129e-24,5.0,1200,sintered
116396.3963963964,32.332332332332335,1.4160534605405899e-19,1.2165753018609129e-24,5.0,1200,sintered
116756.75675675676,32.432432432432435,1.420437515682431e-19,1.2165753018609129e-24,5.0,1200,sintered
117117.11711711713,32.532532532532535,1.424821570824272e-19,1.2165753018609129e-24,5.0,1200,sintered
117477.47747747749,32.632632632632635,1.4292056259661132e-19,1.2165753018609129e-24,5.0,1200,sintered
117837.83783783784,32.732732732732735,1.4335896811079543e-19,1.2165753018609129e-24,5.0,1200,sintered
118198.19819819821,32.832832832832835,1.4379737362497954e-19,1.2165753018609129e-24,5.0,1200,sintered
118558.55855855856,32.932932932932935,1.4423577913916365e-19,1.2165753018609129e-24,5.0,1200,sintered
118918.91891891893,33.033033033033036,1.4467418465334778e-19,1.2165753018609129e-24,5.0,1200,sintered
119279.27927927929,33.133133133133136,1.451125901675319e-19,1.2165753018609129e-24,5.0,1200,sintered
119639.63963963964,33.233233233233236,1.45550995681716e-19,1.2165753018609129e-24,5.0,1200,sintered
120000.00000000001,33.333333333333336,1.459894011959001e-19,1.2165753018609129e-24,5.0,1200,sintered
120360.36036036037,33.433433433433436,1.4642780671008422e-19,1.2165753018609129e-24,5.0,1200,sintered
120720.72072072072,33.533533533533536,1.4686621222426833e-19,1.2165753018609129e-24,5.0,1200,sintered
121081.0810810811,33.633633633633636,1.4730461773845244e-19,1.2165753018609129e-24,5.0,1200,sintered
121441.44144144145,33.733733733733736,1.4774302325263655e-19,1.2165753018609129e-24,5.0,1200,sintered
121801.8018018018,33.833833833833836,1.4818142876682066e-19,1.2165753018609129e-24,5.0,1200,sintered
122162.16216216217,33.933933933933936,1.486198342810048e-19,1.2165753018609129e-24,5.0,1200,sintered
122522.52252252253,34.034034034034036,1.490582397951889e-19,1.2165753018609129e-24,5.0,1200,sintered
122882.88288288288,34.134134134134136,1.49496645309373e-19,1.2165753018609129e-24,5.0,1200,sintered
123243.24324324325,34.234234234234236,1.4993505082355712e-19,1.2165753018609129e-24,5.0,1200,sintered
123603.60360360361,34.334334334334336,1.5037345633774123e-19,1.2165753018609129e-24,5.0,1200,sintered
123963.96396396396,34.434434434434436,1.5081186185192534e-19,1.2165753018609129e-24,5.0,1200,sintered
124324.32432432433,34.53453453453454,1.5125026736610945e-19,1.2165753018609129e-24,5.0,1200,sintered
124684.68468468469,34.63463463463464,1.5168867288029356e-19,1.2165753018609129e-24,5.0,1200,sintered
125045.04504504506,34.73473473473474,1.521270783944777e-19,1.2165753018609129e-24,5.0,1200,sintered
125405.40540540541,34.83483483483484,1.525654839086618e-19,1.2165753018609129e-24,5.0,1200,sintered
125765.76576576577,34.93493493493494,1.530038894228459e-19,1.2165753018609129e-24,5.0,1200,sintered
126126.12612612614,35.03503503503504,1.5344229493703003e-19,1.2165753018609129e-24,5.0,1200,sintered
126486.4864864865,35.13513513513514,1.5388070045121414e-19,1.2165753018609129e-24,5.0,1200,sintered
126846.84684684685,35.23523523523524,1.5431910596539825e-19,1.2165753018609129e-24,5.0,1200,sintered
127207.20720720722,35.33533533533534,1.5475751147958236e-19,1.2165753018609129e-24,5.0,1200,sintered
127567.56756756757,35.43543543543544,1.5519591699376647e-19,1.2165753018609129e-24,5.0,1200,sintered
127927.92792792793,35.53553553553554,1.5563432250795058e-19,1.2165753018609129e-24,5.0,1200,sintered
128288.2882882883,35.63563563563564,1.560727280221347e-19,1.2165753018609129e-24,5.0,1200,sintered
128648.64864864865,35.73573573573574,1.565111335363188e-19,1.2165753018609129e-24,5.0,1200,sintered
129009.00900900901,35.83583583583584,1.569495390505029e-19,1.2165753018609129e-24,5.0,1200,sintered
129369.36936936938,35.93593593593594,1.5738794456468704e-19,1.2165753018609129e-24,5.0,1200,sintered
129729.72972972973,36.03603603603604,1.5782635007887115e-19,1.2165753018609129e-24,5.0,1200,sintered
130090.09009009009,36.13613613613614,1.5826475559305526e-19,1.2165753018609129e-24,5.0,1200,sintered
130450.45045045046,36.23623623623624,1.5870316110723937e-19,1.2165753018609129e-24,5.0,1200,sintered
130810.81081081081,36.33633633633634,1.5914156662142348e-19,1.2165753018609129e-24,5.0,1200,sintered
131171.17117117118,36.43643643643644,1.5957997213560762e-19,1.2165753018609129e-24,5.0,1200,sintered
131531.53153153154,36.53653653653654,1.600183776497917e-19,1.2165753018609129e-24,5.0,1200,sintered
131891.8918918919,36.63663663663664,1.604567831639758e-19,1.2165753018609129e-24,5.0,1200,sintered
132252.25225225225,36.73673673673674,1.6089518867815992e-19,1.2165753018609129e-24,5.0,1200,sintered
132612.6126126126,36.83683683683684,1.6133359419234403e-19,1.2165753018609129e-24,5.0,1200,sintered
132972.972972973,36.93693693693694,1.6177199970652817e-19,1.2165753018609129e-24,5.0,1200,sintered
133333.33333333334,37.03703703703704,1.6221040522071228e-19,1.2165753018609129e-24,5.0,1200,sintered
133693.6936936937,37.13713713713714,1.6264881073489639e-19,1.2165753018609129e-24,5.0,1200,sintered
134054.05405405405,37.23723723723724,1.630872162490805e-19,1.2165753018609129e-24,5.0,1200,sintered
134414.4144144144,37.33733733733734,1.635256217632646e-19,1.2165753018609129e-24,5.0,1200,sintered
134774.7747747748,37.43743743743744,1.6396402727744874e-19,1.2165753018609129e-24,5.0,1200,sintered
135135.13513513515,37.53753753753754,1.6440243279163285e-19,1.2165753018609129e-24,5.0,1200,sintered
135495.4954954955,37.63763763763764,1.6484083830581696e-19,1.2165753018609129e-24,5.0,1200,sintered
135855.85585585586,37.73773773773774,1.6527924382000107e-19,1.2165753018609129e-24,5.0,1200,sintered
136216.2162162162,37.83783783783784,1.6571764933418516e-19,1.2165753018609129e-24,5.0,1200,sintered
136576.57657657657,37.93793793793794,1.6615605484836927e-19,1.2165753018609129e-24,5.0,1200,sintered
136936.93693693695,38.03803803803804,1.6659446036255342e-19,1.2165753018609129e-24,5.0,1200,sintered
137297.2972972973,38.13813813813814,1.6703286587673753e-19,1.2165753018609129e-24,5.0,1200,sintered
137657.65765765766,38.23823823823824,1.6747127139092162e-19,1.2165753018609129e-24,5.0,1200,sintered
138018.01801801802,38.33833833833834,1.6790967690510573e-19,1.2165753018609129e-24,5.0,1200,sintered
138378.37837837837,38.43843843843844,1.6834808241928984e-19,1.2165753018609129e-24,5.0,1200,sintered
138738.73873873873,38.53853853853854,1.6878648793347395e-19,1.2165753018609129e-24,5.0,1200,sintered
139099.0990990991,38.63863863863864,1.6922489344765808e-19,1.2165753018609129e-24,5.0,1200,sintered
139459.45945945947,38.73873873873874,1.696632989618422e-19,1.2165753018609129e-24,5.0,1200,sintered
139819.81981981982,38.83883883883884,1.701017044760263e-19,1.2165753018609129e-24,5.0,1200,sintered
140180.18018018018,38.93893893893894,1.7054010999021041e-19,1.2165753018609129e-24,5.0,1200,sintered
140540.54054054053,39.03903903903904,1.7097851550439452e-19,1.2165753018609129e-24,5.0,1200,sintered
140900.9009009009,39.13913913913914,1.714169210185786e-19,1.2165753018609129e-24,5.0,1200,sintered
141261.26126126127,39.23923923923924,1.7185532653276277e-19,1.2165753018609129e-24,5.0,1200,sintered
141621.62162162163,39.33933933933934,1.7229373204694688e-19,1.2165753018609129e-24,5.0,1200,sintered
141981.98198198198,39.43943943943944,1.7273213756113099e-19,1.2165753018609129e-24,5.0,1200,sintered
142342.34234234234,39.53953953953954,1.7317054307531507e-19,1.2165753018609129e-24,5.0,1200,sintered
142702.7027027027,39.63963963963964,1.7360894858949918e-19,1.2165753018609129e-24,5.0,1200,sintered
143063.06306306308,39.73973973973974,1.7404735410368334e-19,1.2165753018609129e-24,5.0,1200,sintered
143423.42342342343,39.83983983983984,1.7448575961786743e-19,1.2165753018609129e-24,5.0,1200,sintered
143783.7837837838,39.93993993993994,1.7492416513205154e-19,1.2165753018609129e-24,5.0,1200,sintered
144144.14414414414,40.04004004004004,1.7536257064623565e-19,1.2165753018609129e-24,5.0,1200,sintered
144504.5045045045,40.14014014014014,1.7580097616041976e-19,1.2165753018609129e-24,5.0,1200,sintered
144864.86486486485,40.24024024024024,1.7623938167460387e-19,1.2165753018609129e-24,5.0,1200,sintered
145225.22522522524,40.34034034034034,1.76677787188788e-19,1.2165753018609129e-24,5.0,1200,sintered
145585.5855855856,40.44044044044044,1.771161927029721e-19,1.2165753018609129e-24,5.0,1200,sintered
145945.94594594595,40.54054054054054,1.7755459821715622e-19,1.2165753018609129e-24,5.0,1200,sintered
146306.3063063063,40.64064064064064,1.7799300373134033e-19,1.2165753018609129e-24,5.0,1200,sintered
146666.66666666666,40.74074074074074,1.7843140924552444e-19,1.2165753018609129e-24,5.0,1200,sintered
147027.027027027,40.84084084084084,1.7886981475970853e-19,1.2165753018609129e-24,5.0,1200,sintered
147387.3873873874,40.94094094094094,1.7930822027389268e-19,1.2165753018609129e-24,5.0,1200,sintered
147747.74774774775,41.04104104104104,1.797466257880768e-19,1.2165753018609129e-24,5.0,1200,sintered
148108.1081081081,41.14114114114114,1.8018503130226088e-19,1.2165753018609129e-24,5.0,1200,sintered
148468.46846846846,41.24124124124124,1.80623436816445e-19,1.2165753018609129e-24,5.0,1200,sintered
148828.82882882882,41.34134134134134,1.810618423306291e-19,1.2165753018609129e-24,5.0,1200,sintered
149189.1891891892,41.44144144144144,1.8150024784481323e-19,1.2165753018609129e-24,5.0,1200,sintered
149549.54954954956,41.54154154154154,1.8193865335899734e-19,1.2165753018609129e-24,5.0,1200,sintered
149909.9099099099,41.64164164164164,1.8237705887318145e-19,1.2165753018609129e-24,5.0,1200,sintered
150270.27027027027,41.74174174174174,1.8281546438736556e-19,1.2165753018609129e-24,5.0,1200,sintered
150630.63063063062,41.84184184184184,1.8325386990154967e-19,1.2165753018609129e-24,5.0,1200,sintered
150990.99099099098,41.94194194194194,1.8369227541573378e-19,1.2165753018609129e-24,5.0,1200,sintered
151351.35135135136,42.04204204204204,1.8413068092991792e-19,1.2165753018609129e-24,5.0,1200,sintered
151711.71171171172,42.14214214214214,1.8456908644410203e-19,1.2165753018609129e-24,5.0,1200,sintered
152072.07207207207,42.24224224224224,1.8500749195828614e-19,1.2165753018609129e-24,5.0,1200,sintered
152432.43243243243,42.34234234234234,1.8544589747247025e-19,1.2165753018609129e-24,5.0,1200,sintered
152792.79279279278,42.44244244244244,1.8588430298665433e-19,1.2165753018609129e-24,5.0,1200,sintered
153153.15315315314,42.54254254254254,1.8632270850083844e-19,1.2165753018609129e-24,5.0,1200,sintered
153513.51351351352,42.64264264264264,1.867611140150226e-19,1.2165753018609129e-24,5.0,1200,sintered
153873.8738738739,42.74274274274275,1.8719951952920674e-19,1.2165753018609129e-24,5.0,1200,sintered
154234.23423423426,42.84284284284285,1.8763792504339085e-19,1.2165753018609129e-24,5.0,1200,sintered
154594.59459459462,42.94294294294295,1.8807633055757496e-19,1.2165753018609129e-24,5.0,1200,sintered
154954.95495495497,43.04304304304305,1.8851473607175904e-19,1.2165753018609129e-24,5.0,1200,sintered
155315.31531531533,43.14314314314315,1.8895314158594315e-19,1.2165753018609129e-24,5.0,1200,sintered
155675.6756756757,43.24324324324325,1.893915471001273e-19,1.2165753018609129e-24,5.0,1200,sintered
156036.03603603606,43.34334334334335,1.898299526143114e-19,1.2165753018609129e-24,5.0,1200,sintered
156396.39639639642,43.44344344344345,1.902683581284955e-19,1.2165753018609129e-24,5.0,1200,sintered
156756.75675675677,43.54354354354355,1.9070676364267962e-19,1.2165753018609129e-24,5.0,1200,sintered
157117.11711711713,43.64364364364365,1.9114516915686373e-19,1.2165753018609129e-24,5.0,1200,sintered
157477.47747747749,43.74374374374375,1.9158357467104784e-19,1.2165753018609129e-24,5.0,1200,sintered
157837.83783783787,43.84384384384385,1.9202198018523197e-19,1.2165753018609129e-24,5.0,1200,sintered
158198.19819819822,43.94394394394395,1.9246038569941608e-19,1.2165753018609129e-24,5.0,1200,sintered
158558.55855855858,44.04404404404405,1.928987912136002e-19,1.2165753018609129e-24,5.0,1200,sintered
158918.91891891893,44.14414414414415,1.933371967277843e-19,1.2165753018609129e-24,5.0,1200,sintered
159279.2792792793,44.24424424424425,1.937756022419684e-19,1.2165753018609129e-24,5.0,1200,sintered
159639.63963963967,44.34434434434435,1.9421400775615254e-19,1.2165753018609129e-24,5.0,1200,sintered
160000.00000000003,44.44444444444445,1.9465241327033665e-19,1.2165753018609129e-24,5.0,1200,sintered
160360.36036036038,44.54454454454455,1.9509081878452076e-19,1.2165753018609129e-24,5.0,1200,sintered
160720.72072072074,44.64464464464465,1.9552922429870485e-19,1.2165753018609129e-24,5.0,1200,sintered
161081.0810810811,44.74474474474475,1.9596762981288896e-19,1.2165753018609129e-24,5.0,1200,sintered
161441.44144144145,44.84484484484485,1.9640603532707307e-19,1.2165753018609129e-24,5.0,1200,sintered
161801.80180180183,44.94494494494495,1.968444408412572e-19,1.2165753018609129e-24,5.0,1200,sintered
162162.1621621622,45.04504504504505,1.9728284635544131e-19,1.2165753018609129e-24,5.0,1200,sintered
162522.52252252254,45.14514514514515,1.9772125186962542e-19,1.2165753018609129e-24,5.0,1200,sintered
162882.8828828829,45.24524524524525,1.9815965738380953e-19,1.2165753018609129e-24,5.0,1200,sintered
163243.24324324325,45.34534534534535,1.9859806289799364e-19,1.2165753018609129e-24,5.0,1200,sintered
163603.6036036036,45.44544544544545,1.9903646841217775e-19,1.2165753018609129e-24,5.0,1200,sintered
163963.963963964,45.54554554554555,1.9947487392636189e-19,1.2165753018609129e-24,5.0,1200,sintered
164324.32432432435,45.64564564564565,1.99913279440546e-19,1.2165753018609129e-24,5.0,1200,sintered
164684.6846846847,45.74574574574575,2.003516849547301e-19,1.2165753018609129e-24,5.0,1200,sintered
165045.04504504506,45.84584584584585,2.0079009046891422e-19,1.2165753018609129e-24,5.0,1200,sintered
165405.4054054054,45.94594594594595,2.012284959830983e-19,1.2165753018609129e-24,5.0,1200,sintered
165765.76576576577,46.04604604604605,2.0166690149728241e-19,1.2165753018609129e-24,5.0,1200,sintered
166126.12612612615,46.14614614614615,2.0210530701146657e-19,1.2165753018609129e-24,5.0,1200,sintered
166486.4864864865,46.24624624624625,2.0254371252565066e-19,1.2165753018609129e-24,5.0,1200,sintered
166846.84684684686,46.34634634634635,2.0298211803983477e-19,1.2165753018609129e-24,5.0,1200,sintered
167207.20720720722,46.44644644644645,2.0342052355401888e-19,1.2165753018609129e-24,5.0,1200,sintered
167567.56756756757,46.54654654654655,2.0385892906820299e-19,1.2165753018609129e-24,5.0,1200,sintered
167927.92792792796,46.64664664664665,2.0429733458238712e-19,1.2165753018609129e-24,5.0,1200,sintered
168288.2882882883,46.74674674674675,2.0473574009657123e-19,1.2165753018609129e-24,5.0,1200,sintered
168648.64864864867,46.84684684684685,2.0517414561075534e-19,1.2165753018609129e-24,5.0,1200,sintered
169009.00900900902,46.94694694694695,2.0561255112493945e-19,1.2165753018609129e-24,5.0,1200,sintered
169369.36936936938,47.04704704704705,2.0605095663912356e-19,1.2165753018609129e-24,5.0,1200,sintered
169729.72972972973,47.14714714714715,2.0648936215330767e-19,1.2165753018609129e-24,5.0,1200,sintered
170090.09009009012,47.24724724724725,2.069277676674918e-19,1.2165753018609129e-24,5.0,1200,sintered
170450.45045045047,47.34734734734735,2.0736617318167591e-19,1.2165753018609129e-24,5.0,1200,sintered
170810.81081081083,47.44744744744745,2.0780457869586002e-19,1.2165753018609129e-24,5.0,1200,sintered
171171.17117117118,47.54754754754755,2.082429842100441e-19,1.2165753018609129e-24,5.0,1200,sintered
171531.53153153154,47.64764764764765,2.0868138972422822e-19,1.2165753018609129e-24,5.0,1200,sintered
171891.8918918919,47.74774774774775,2.0911979523841233e-19,1.2165753018609129e-24,5.0,1200,sintered
172252.25225225228,47.84784784784785,2.0955820075259646e-19,1.2165753018609129e-24,5.0,1200,sintered
172612.61261261263,47.94794794794795,2.0999660626678057e-19,1.2165753018609129e-24,5.0,1200,sintered
172972.972972973,48.04804804804805,2.1043501178096468e-19,1.2165753018609129e-24,5.0,1200,sintered
173333.33333333334,48.14814814814815,2.108734172951488e-19,1.2165753018609129e-24,5.0,1200,sintered
173693.6936936937,48.24824824824825,2.113118228093329e-19,1.2165753018609129e-24,5.0,1200,sintered
174054.05405405408,48.34834834834835,2.1175022832351704e-19,1.2165753018609129e-24,5.0,1200,sintered
174414.41441441444,48.44844844844845,2.1218863383770115e-19,1.2165753018609129e-24,5.0,1200,sintered
174774.7747747748,48.54854854854855,2.1262703935188526e-19,1.2165753018609129e-24,5.0,1200,sintered
175135.13513513515,48.64864864864865,2.1306544486606937e-19,1.2165753018609129e-24,5.0,1200,sintered
175495.4954954955,48.74874874874875,2.1350385038025348e-19,1.2165753018609129e-24,5.0,1200,sintered
175855.85585585586,48.84884884884885,2.1394225589443756e-19,1.2165753018609129e-24,5.0,1200,sintered
176216.21621621624,48.94894894894895,2.1438066140862172e-19,1.2165753018609129e-24,5.0,1200,sintered
176576.5765765766,49.04904904904905,2.1481906692280583e-19,1.2165753018609129e-24,5.0,1200,sintered
176936.93693693695,49.14914914914915,2.1525747243698992e-19,1.2165753018609129e-24,5.0,1200,sintered
177297.2972972973,49.24924924924925,2.1569587795117403e-19,1.2165753018609129e-24,5.0,1200,sintered
177657.65765765766,49.34934934934935,2.1613428346535814e-19,1.2165753018609129e-24,5.0,1200,sintered
178018.01801801802,49.44944944944945,2.1657268897954225e-19,1.2165753018609129e-24,5.0,1200,sintered
178378.3783783784,49.54954954954955,2.170110944937264e-19,1.2165753018609129e-24,5.0,1200,sintered
178738.73873873876,49.64964964964965,2.174495000079105e-19,1.2165753018609129e-24,5.0,1200,sintered
179099.0990990991,49.74974974974975,2.1788790552209463e-19,1.2165753018609129e-24,5.0,1200,sintered
179459.45945945947,49.84984984984985,2.1832631103627874e-19,1.2165753018609129e-24,5.0,1200,sintered
179819.81981981982,49.94994994994995,2.1876471655046285e-19,1.2165753018609129e-24,5.0,1200,sintered
180180.1801801802,50.050050050050054,2.19203122064647e-19,1.2165753018609129e-24,5.0,1200,sintered
180540.54054054056,50.150150150150154,2.1964152757883107e-19,1.2165753018609129e-24,5.0,1200,sintered
180900.90090090092,50.250250250250254,2.200799330930152e-19,1.2165753018609129e-24,5.0,1200,sintered
181261.26126126127,50.350350350350354,2.205183386071993e-19,1.2165753018609129e-24,5.0,1200,sintered
181621.62162162163,50.450450450450454,2.209567441213834e-19,1.2165753018609129e-24,5.0,1200,sintered
181981.98198198198,50.550550550550554,2.213951496355675e-19,1.2165753018609129e-24,5.0,1200,sintered
182342.34234234237,50.650650650650654,2.2183355514975166e-19,1.2165753018609129e-24,5.0,1200,sintered
182702.70270270272,50.750750750750754,2.2227196066393577e-19,1.2165753018609129e-24,5.0,1200,sintered
183063.06306306308,50.850850850850854,2.227103661781199e-19,1.2165753018609129e-24,5.0,1200,sintered
183423.42342342343,50.950950950950954,2.23148771692304e-19,1.2165753018609129e-24,5.0,1200,sintered
183783.7837837838,51.051051051051054,2.235871772064881e-19,1.2165753018609129e-24,5.0,1200,sintered
184144.14414414414,51.151151151151154,2.2402558272067217e-19,1.2165753018609129e-24,5.0,1200,sintered
184504.50450450453,51.251251251251254,2.244639882348563e-19,1.2165753018609129e-24,5.0,1200,sintered
184864.86486486488,51.351351351351354,2.2490239374904043e-19,1.2165753018609129e-24,5.0,1200,sintered
185225.22522522524,51.451451451451454,2.2534079926322454e-19,1.2165753018609129e-24,5.0,1200,sintered
185585.5855855856,51.551551551551555,2.2577920477740865e-19,1.2165753018609129e-24,5.0,1200,sintered
185945.94594594595,51.651651651651655,2.2621761029159276e-19,1.2165753018609129e-24,5.0,1200,sintered
186306.30630630633,51.751751751751755,2.2665601580577687e-19,1.2165753018609129e-24,5.0,1200,sintered
186666.6666666667,51.851851851851855,2.27094421319961e-19,1.2165753018609129e-24,5.0,1200,sintered
187027.02702702704,51.951951951951955,2.275328268341451e-19,1.2165753018609129e-24,5.0,1200,sintered
187387.3873873874,52.052052052052055,2.279712323483292e-19,1.2165753018609129e-24,5.0,1200,sintered
187747.74774774775,52.152152152152155,2.284096378625133e-19,1.2165753018609129e-24,5.0,1200,sintered
188108.1081081081,52.252252252252255,2.288480433766974e-19,1.2165753018609129e-24,5.0,1200,sintered
188468.4684684685,52.352352352352355,2.292864488908816e-19,1.2165753018609129e-24,5.0,1200,sintered
188828.82882882885,52.452452452452455,2.297248544050657e-19,1.2165753018609129e-24,5.0,1200,sintered
189189.1891891892,52.552552552552555,2.301632599192498e-19,1.2165753018609129e-24,5.0,1200,sintered
189549.54954954956,52.652652652652655,2.306016654334339e-19,1.2165753018609129e-24,5.0,1200,sintered
189909.9099099099,52.752752752752755,2.3104007094761797e-19,1.2165753018609129e-24,5.0,1200,sintered
190270.27027027027,52.852852852852855,2.314784764618021e-19,1.2165753018609129e-24,5.0,1200,sintered
190630.63063063065,52.952952952952955,2.3191688197598624e-19,1.2165753018609129e-24,5.0,1200,sintered
190990.990990991,53.053053053053056,2.3235528749017035e-19,1.2165753018609129e-24,5.0,1200,sintered
191351.35135135136,53.153153153153156,2.3279369300435446e-19,1.2165753018609129e-24,5.0,1200,sintered
191711.71171171172,53.253253253253256,2.3323209851853857e-19,1.2165753018609129e-24,5.0,1200,sintered
192072.07207207207,53.353353353353356,2.336705040327227e-19,1.2165753018609129e-24,5.0,1200,sintered
192432.43243243246,53.453453453453456,2.341089095469068e-19,1.2165753018609129e-24,5.0,1200,sintered
192792.7927927928,53.553553553553556,2.345473150610909e-19,1.2165753018609129e-24,5.0,1200,sintered
193153.15315315317,53.653653653653656,2.34985720575275e-19,1.2165753018609129e-24,5.0,1200,sintered
193513.51351351352,53.753753753753756,2.354241260894591e-19,1.2165753018609129e-24,5.0,1200,sintered
193873.87387387388,53.853853853853856,2.3586253160364323e-19,1.2165753018609129e-24,5.0,1200,sintered
194234.23423423423,53.953953953953956,2.3630093711782734e-19,1.2165753018609129e-24,5.0,1200,sintered
194594.59459459462,54.054054054054056,2.367393426320115e-19,1.2165753018609129e-24,5.0,1200,sintered
194954.95495495497,54.154154154154156,2.371777481461956e-19,1.2165753018609129e-24,5.0,1200,sintered
195315.31531531533,54.254254254254256,2.376161536603797e-19,1.2165753018609129e-24,5.0,1200,sintered
195675.67567567568,54.354354354354356,2.380545591745638e-19,1.2165753018609129e-24,5.0,1200,sintered
196036.03603603604,54.454454454454456,2.384929646887479e-19,1.2165753018609129e-24,5.0,1200,sintered
196396.3963963964,54.55455455455456,2.38931370202932e-19,1.2165753018609129e-24,5.0,1200,sintered
196756.75675675677,54.65465465465466,2.3936977571711616e-19,1.2165753018609129e-24,5.0,1200,sintered
197117.11711711713,54.75475475475476,2.3980818123130027e-19,1.2165753018609129e-24,5.0,1200,sintered
197477.47747747749,54.85485485485486,2.402465867454844e-19,1.2165753018609129e-24,5.0,1200,sintered
197837.83783783784,54.95495495495496,2.406849922596685e-19,1.2165753018609129e-24,5.0,1200,sintered
198198.1981981982,55.05505505505506,2.411233977738526e-19,1.2165753018609129e-24,5.0,1200,sintered
198558.55855855855,55.15515515515516,2.415618032880367e-19,1.2165753018609129e-24,5.0,1200,sintered
198918.91891891893,55.25525525525526,2.420002088022208e-19,1.2165753018609129e-24,5.0,1200,sintered
199279.2792792793,55.35535535535536,2.4243861431640493e-19,1.2165753018609129e-24,5.0,1200,sintered
199639.63963963964,55.45545545545546,2.4287701983058904e-19,1.2165753018609129e-24,5.0,1200,sintered
200000.0,55.55555555555556,2.4331542534477315e-19,1.2165753018609129e-24,5.0,1200,sintered
200360.36036036036,55.65565565565566,2.4375383085895726e-19,1.2165753018609129e-24,5.0,1200,sintered
200720.72072072074,55.75575575575576,2.441922363731414e-19,1.2165753018609129e-24,5.0,1200,sintered
201081.0810810811,55.85585585585586,2.4463064188732553e-19,1.2165753018609129e-24,5.0,1200,sintered
201441.44144144145,55.95595595595596,2.450690474015096e-19,1.2165753018609129e-24,5.0,1200,sintered
201801.8018018018,56.05605605605606,2.455074529156937e-19,1.2165753018609129e-24,5.0,1200,sintered
202162.16216216216,56.15615615615616,2.459458584298778e-19,1.2165753018609129e-24,5.0,1200,sintered
202522.52252252251,56.25625625625626,2.463842639440619e-19,1.2165753018609129e-24,5.0,1200,sintered
202882.8828828829,56.35635635635636,2.468226694582461e-19,1.2165753018609129e-24,5.0,1200,sintered
203243.24324324325,56.45645645645646,2.472610749724302e-19,1.2165753018609129e-24,5.0,1200,sintered
203603.6036036036,56.55655655655656,2.476994804866143e-19,1.2165753018609129e-24,5.0,1200,sintered
203963.96396396396,56.65665665665666,2.481378860007984e-19,1.2165753018609129e-24,5.0,1200,sintered
204324.32432432432,56.75675675675676,2.485762915149825e-19,1.2165753018609129e-24,5.0,1200,sintered
204684.68468468467,56.85685685685686,2.4901469702916663e-19,1.2165753018609129e-24,5.0,1200,sintered
205045.04504504506,56.95695695695696,2.4945310254335074e-19,1.2165753018609129e-24,5.0,1200,sintered
205405.4054054054,57.05705705705706,2.4989150805753485e-19,1.2165753018609129e-24,5.0,1200,sintered
205765.76576576577,57.15715715715716,2.5032991357171896e-19,1.2165753018609129e-24,5.0,1200,sintered
206126.12612612612,57.25725725725726,2.5076831908590307e-19,1.2165753018609129e-24,5.0,1200,sintered
206486.48648648648,57.35735735735736,2.512067246000872e-19,1.2165753018609129e-24,5.0,1200,sintered
206846.84684684686,57.45745745745746,2.5164513011427133e-19,1.2165753018609129e-24,5.0,1200,sintered
207207.20720720722,57.55755755755756,2.520835356284554e-19,1.2165753018609129e-24,5.0,1200,sintered
207567.56756756757,57.65765765765766,2.525219411426395e-19,1.2165753018609129e-24,5.0,1200,sintered
207927.92792792793,57.75775775775776,2.529603466568236e-19,1.2165753018609129e-24,5.0,1200,sintered
208288.28828828828,57.85785785785786,2.5339875217100773e-19,1.2165753018609129e-24,5.0,1200,sintered
208648.64864864864,57.95795795795796,2.5383715768519184e-19,1.2165753018609129e-24,5.0,1200,sintered
209009.00900900902,58.05805805805806,2.54275563199376e-19,1.2165753018609129e-24,5.0,1200,sintered
209369.36936936938,58.15815815815816,2.547139687135601e-19,1.2165753018609129e-24,5.0,1200,sintered
209729.72972972973,58.25825825825826,2.551523742277442e-19,1.2165753018609129e-24,5.0,1200,sintered
210090.0900900901,58.35835835835836,2.5559077974192832e-19,1.2165753018609129e-24,5.0,1200,sintered
210450.45045045044,58.45845845845846,2.5602918525611243e-19,1.2165753018609129e-24,5.0,1200,sintered
210810.8108108108,58.55855855855856,2.564675907702965e-19,1.2165753018609129e-24,5.0,1200,sintered
211171.17117117118,58.65865865865866,2.5690599628448065e-19,1.2165753018609129e-24,5.0,1200,sintered
211531.53153153154,58.75875875875876,2.5734440179866476e-19,1.2165753018609129e-24,5.0,1200,sintered
211891.8918918919,58.85885885885886,2.5778280731284887e-19,1.2165753018609129e-24,5.0,1200,sintered
212252.25225225225,58.95895895895896,2.58221212827033e-19,1.2165753018609129e-24,5.0,1200,sintered
212612.6126126126,59.05905905905906,2.586596183412171e-19,1.2165753018609129e-24,5.0,1200,sintered
212972.972972973,59.15915915915916,2.590980238554012e-19,1.2165753018609129e-24,5.0,1200,sintered
213333.33333333334,59.25925925925926,2.595364293695853e-19,1.2165753018609129e-24,5.0,1200,sintered
213693.6936936937,59.35935935935936,2.599748348837694e-19,1.2165753018609129e-24,5.0,1200,sintered
214054.05405405405,59.45945945945946,2.6041324039795353e-19,1.2165753018609129e-24,5.0,1200,sintered
214414.4144144144,59.55955955955956,2.6085164591213764e-19,1.2165753018609129e-24,5.0,1200,sintered
214774.77477477476,59.65965965965966,2.6129005142632175e-19,1.2165753018609129e-24,5.0,1200,sintered
215135.13513513515,59.75975975975976,2.617284569405059e-19,1.2165753018609129e-24,5.0,1200,sintered
215495.49549549553,59.85985985985987,2.6216686245469e-19,1.2165753018609129e-24,5.0,1200,sintered
215855.8558558559,59.95995995995997,2.6260526796887413e-19,1.2165753018609129e-24,5.0,1200,sintered
216216.21621621624,60.06006006006007,2.6304367348305824e-19,1.2165753018609129e-24,5.0,1200,sintered
216576.5765765766,60.16016016016017,2.6348207899724235e-19,1.2165753018609129e-24,5.0,1200,sintered
216936.93693693695,60.26026026026027,2.6392048451142646e-19,1.2165753018609129e-24,5.0,1200,sintered
217297.29729729734,60.36036036036037,2.643588900256106e-19,1.2165753018609129e-24,5.0,1200,sintered
217657.6576576577,60.46046046046047,2.6479729553979473e-19,1.2165753018609129e-24,5.0,1200,sintered
218018.01801801805,60.56056056056057,2.6523570105397884e-19,1.2165753018609129e-24,5.0,1200,sintered
218378.3783783784,60.66066066066067,2.6567410656816295e-19,1.2165753018609129e-24,5.0,1200,sintered
218738.73873873876,60.76076076076077,2.6611251208234706e-19,1.2165753018609129e-24,5.0,1200,sintered
219099.0990990991,60.86086086086087,2.665509175965311e-19,1.2165753018609129e-24,5.0,1200,sintered
219459.4594594595,60.96096096096097,2.669893231107153e-19,1.2165753018609129e-24,5.0,1200,sintered
219819.81981981985,61.06106106106107,2.674277286248994e-19,1.2165753018609129e-24,5.0,1200,sintered
220180.1801801802,61.16116116116117,2.678661341390835e-19,1.2165753018609129e-24,5.0,1200,sintered
220540.54054054056,61.26126126126127,2.683045396532676e-19,1.2165753018609129e-24,5.0,1200,sintered
220900.90090090092,61.36136136136137,2.687429451674517e-19,1.2165753018609129e-24,5.0,1200,sintered
221261.26126126127,61.46146146146147,2.6918135068163583e-19,1.2165753018609129e-24,5.0,1200,sintered
221621.62162162166,61.56156156156157,2.6961975619581994e-19,1.2165753018609129e-24,5.0,1200,sintered
221981.981981982,61.66166166166167,2.7005816171000405e-19,1.2165753018609129e-24,5.0,1200,sintered
222342.34234234237,61.76176176176177,2.7049656722418816e-19,1.2165753018609129e-24,5.0,1200,sintered
222702.70270270272,61.86186186186187,2.7093497273837227e-19,1.2165753018609129e-24,5.0,1200,sintered
223063.06306306308,61.96196196196197,2.713733782525564e-19,1.2165753018609129e-24,5.0,1200,sintered
223423.42342342343,62.06206206206207,2.718117837667405e-19,1.2165753018609129e-24,5.0,1200,sintered
223783.78378378382,62.16216216216217,2.7225018928092465e-19,1.2165753018609129e-24,5.0,1200,sintered
224144.14414414417,62.26226226226227,2.7268859479510876e-19,1.2165753018609129e-24,5.0,1200,sintered
224504.50450450453,62.36236236236237,2.7312700030929287e-19,1.2165753018609129e-24,5.0,1200,sintered
224864.86486486488,62.46246246246247,2.7356540582347693e-19,1.2165753018609129e-24,5.0,1200,sintered
225225.22522522524,62.56256256256257,2.7400381133766104e-19,1.2165753018609129e-24,5.0,1200,sintered
225585.58558558562,62.66266266266267,2.744422168518452e-19,1.2165753018609129e-24,5.0,1200,sintered
225945.94594594598,62.76276276276277,2.748806223660293e-19,1.2165753018609129e-24,5.0,1200,sintered
226306.30630630633,62.86286286286287,2.753190278802134e-19,1.2165753018609129e-24,5.0,1200,sintered
226666.6666666667,62.96296296296297,2.7575743339439753e-19,1.2165753018609129e-24,5.0,1200,sintered
227027.02702702704,63.06306306306307,2.7619583890858164e-19,1.2165753018609129e-24,5.0,1200,sintered
227387.3873873874,63.16316316316317,2.7663424442276575e-19,1.2165753018609129e-24,5.0,1200,sintered
227747.74774774778,63.26326326326327,2.7707264993694986e-19,1.2165753018609129e-24,5.0,1200,sintered
228108.10810810814,63.36336336336337,2.7751105545113397e-19,1.2165753018609129e-24,5.0,1200,sintered
228468.4684684685,63.46346346346347,2.779494609653181e-19,1.2165753018609129e-24,5.0,1200,sintered
228828.82882882885,63.56356356356357,2.783878664795022e-19,1.2165753018609129e-24,5.0,1200,sintered
229189.1891891892,63.66366366366367,2.788262719936863e-19,1.2165753018609129e-24,5.0,1200,sintered
229549.54954954956,63.76376376376377,2.792646775078704e-19,1.2165753018609129e-24,5.0,1200,sintered
229909.90990990994,63.86386386386387,2.7970308302205457e-19,1.2165753018609129e-24,5.0,1200,sintered
230270.2702702703,63.96396396396397,2.8014148853623868e-19,1.2165753018609129e-24,5.0,1200,sintered
230630.63063063065,64.06406406406407,2.8057989405042274e-19,1.2165753018609129e-24,5.0,1200,sintered
230990.99099099098,64.16416416416416,2.8101829956460685e-19,1.2165753018609129e-24,5.0,1200,sintered
231351.35135135136,64.26426426426427,2.8145670507879096e-19,1.2165753018609129e-24,5.0,1200,sintered
231711.71171171172,64.36436436436436,2.8189511059297507e-19,1.2165753018609129e-24,5.0,1200,sintered
232072.0720720721,64.46446446446447,2.8233351610715922e-19,1.2165753018609129e-24,5.0,1200,sintered
232432.43243243243,64.56456456456456,2.827719216213433e-19,1.2165753018609129e-24,5.0,1200,sintered
232792.7927927928,64.66466466466467,2.8321032713552744e-19,1.2165753018609129e-24,5.0,1200,sintered
233153.15315315314,64.76476476476476,2.836487326497115e-19,1.2165753018609129e-24,5.0,1200,sintered
233513.51351351352,64.86486486486487,2.8408713816389566e-19,1.2165753018609129e-24,5.0,1200,sintered
233873.87387387388,64.96496496496496,2.8452554367807977e-19,1.2165753018609129e-24,5.0,1200,sintered
234234.23423423426,65.06506506506507,2.849639491922639e-19,1.2165753018609129e-24,5.0,1200,sintered
234594.5945945946,65.16516516516516,2.8540235470644795e-19,1.2165753018609129e-24,5.0,1200,sintered
234954.95495495497,65.26526526526527,2.858407602206321e-19,1.2165753018609129e-24,5.0,1200,sintered
235315.3153153153,65.36536536536536,2.8627916573481617e-19,1.2165753018609129e-24,5.0,1200,sintered
235675.67567567568,65.46546546546547,2.8671757124900032e-19,1.2165753018609129e-24,5.0,1200,sintered
236036.03603603604,65.56556556556556,2.8715597676318443e-19,1.2165753018609129e-24,5.0,1200,sintered
236396.39639639642,65.66566566566567,2.8759438227736854e-19,1.2165753018609129e-24,5.0,1200,sintered
236756.75675675675,65.76576576576576,2.8803278779155265e-19,1.2165753018609129e-24,5.0,1200,sintered
237117.11711711713,65.86586586586587,2.8847119330573676e-19,1.2165753018609129e-24,5.0,1200,sintered
237477.47747747746,65.96596596596596,2.8890959881992087e-19,1.2165753018609129e-24,5.0,1200,sintered
237837.83783783787,66.06606606606607,2.8934800433410503e-19,1.2165753018609129e-24,5.0,1200,sintered
238198.1981981982,66.16616616616616,2.897864098482891e-19,1.2165753018609129e-24,5.0,1200,sintered
238558.55855855858,66.26626626626627,2.9022481536247325e-19,1.2165753018609129e-24,5.0,1200,sintered
238918.9189189189,66.36636636636636,2.906632208766573e-19,1.2165753018609129e-24,5.0,1200,sintered
239279.2792792793,66.46646646646647,2.9110162639084147e-19,1.2165753018609129e-24,5.0,1200,sintered
239639.63963963964,66.56656656656656,2.915400319050256e-19,1.2165753018609129e-24,5.0,1200,sintered
240000.00000000003,66.66666666666667,2.919784374192097e-19,1.2165753018609129e-24,5.0,1200,sintered
240360.36036036036,66.76676676676676,2.9241684293339375e-19,1.2165753018609129e-24,5.0,1200,sintered
240720.72072072074,66.86686686686687,2.928552484475779e-19,1.2165753018609129e-24,5.0,1200,sintered
241081.08108108107,66.96696696696696,2.9329365396176197e-19,1.2165753018609129e-24,5.0,1200,sintered
241441.44144144145,67.06706706706707,2.9373205947594613e-19,1.2165753018609129e-24,5.0,1200,sintered
241801.8018018018,67.16716716716716,2.9417046499013024e-19,1.2165753018609129e-24,5.0,1200,sintered
242162.1621621622,67.26726726726727,2.9460887050431435e-19,1.2165753018609129e-24,5.0,1200,sintered
242522.52252252251,67.36736736736736,2.9504727601849846e-19,1.2165753018609129e-24,5.0,1200,sintered
242882.8828828829,67.46746746746747,2.9548568153268257e-19,1.2165753018609129e-24,5.0,1200,sintered
243243.24324324323,67.56756756756756,2.959240870468667e-19,1.2165753018609129e-24,5.0,1200,sintered
243603.6036036036,67.66766766766767,2.963624925610508e-19,1.2165753018609129e-24,5.0,1200,sintered
243963.96396396396,67.76776776776777,2.968008980752349e-19,1.2165753018609129e-24,5.0,1200,sintered
244324.32432432435,67.86786786786787,2.9723930358941906e-19,1.2165753018609129e-24,5.0,1200,sintered
244684.68468468467,67.96796796796797,2.976777091036031e-19,1.2165753018609129e-24,5.0,1200,sintered
245045.04504504506,68.06806806806807,2.981161146177873e-19,1.2165753018609129e-24,5.0,1200,sintered
245405.40540540538,68.16816816816817,2.9855452013197134e-19,1.2165753018609129e-24,5.0,1200,sintered
245765.76576576577,68.26826826826827,2.9899292564615545e-19,1.2165753018609129e-24,5.0,1200,sintered
246126.12612612615,68.36836836836838,2.994313311603396e-19,1.2165753018609129e-24,5.0,1200,sintered
246486.4864864865,68.46846846846847,2.998697366745237e-19,1.2165753018609129e-24,5.0,1200,sintered
246846.8468468469,68.56856856856858,3.003081421887079e-19,1.2165753018609129e-24,5.0,1200,sintered
247207.20720720722,68.66866866866867,3.0074654770289194e-19,1.2165753018609129e-24,5.0,1200,sintered
247567.5675675676,68.76876876876878,3.011849532170761e-19,1.2165753018609129e-24,5.0,1200,sintered
247927.92792792793,68.86886886886887,3.0162335873126016e-19,1.2165753018609129e-24,5.0,1200,sintered
248288.28828828834,68.96896896896898,3.020617642454443e-19,1.2165753018609129e-24,5.0,1200,sintered
248648.64864864867,69.06906906906907,3.025001697596284e-19,1.2165753018609129e-24,5.0,1200,sintered
249009.00900900905,69.16916916916918,3.0293857527381254e-19,1.2165753018609129e-24,5.0,1200,sintered
249369.36936936938,69.26926926926927,3.033769807879966e-19,1.2165753018609129e-24,5.0,1200,sintered
249729.72972972976,69.36936936936938,3.0381538630218076e-19,1.2165753018609129e-24,5.0,1200,sintered
250090.09009009012,69.46946946946947,3.0425379181636487e-19,1.2165753018609129e-24,5.0,1200,sintered
250450.4504504505,69.56956956956958,3.04692197330549e-19,1.2165753018609129e-24,5.0,1200,sintered
250810.81081081083,69.66966966966967,3.051306028447331e-19,1.2165753018609129e-24,5.0,1200,sintered
251171.1711711712,69.76976976976978,3.055690083589172e-19,1.2165753018609129e-24,5.0,1200,sintered
251531.53153153154,69.86986986986987,3.0600741387310126e-19,1.2165753018609129e-24,5.0,1200,sintered
251891.89189189192,69.96996996996998,3.064458193872854e-19,1.2165753018609129e-24,5.0,1200,sintered
252252.25225225228,70.07007007007007,3.0688422490146953e-19,1.2165753018609129e-24,5.0,1200,sintered
252612.61261261266,70.17017017017018,3.073226304156537e-19,1.2165753018609129e-24,5.0,1200,sintered
252972.972972973,70.27027027027027,3.0776103592983775e-19,1.2165753018609129e-24,5.0,1200,sintered
253333.33333333337,70.37037037037038,3.081994414440219e-19,1.2165753018609129e-24,5.0,1200,sintered
253693.6936936937,70.47047047047047,3.0863784695820597e-19,1.2165753018609129e-24,5.0,1200,sintered
254054.05405405408,70.57057057057058,3.090762524723901e-19,1.2165753018609129e-24,5.0,1200,sintered
254414.41441441444,70.67067067067067,3.095146579865742e-19,1.2165753018609129e-24,5.0,1200,sintered
254774.77477477482,70.77077077077078,3.0995306350075835e-19,1.2165753018609129e-24,5.0,1200,sintered
255135.13513513515,70.87087087087087,3.103914690149424e-19,1.2165753018609129e-24,5.0,1200,sintered
255495.49549549553,70.97097097097098,3.1082987452912657e-19,1.2165753018609129e-24,5.0,1200,sintered
255855.85585585586,71.07107107107107,3.1126828004331063e-19,1.2165753018609129e-24,5.0,1200,sintered
256216.21621621624,71.17117117117118,3.117066855574948e-19,1.2165753018609129e-24,5.0,1200,sintered
256576.5765765766,71.27127127127127,3.121450910716789e-19,1.2165753018609129e-24,5.0,1200,sintered
256936.93693693698,71.37137137137138,3.12583496585863e-19,1.2165753018609129e-24,5.0,1200,sintered
257297.2972972973,71.47147147147147,3.1302190210004707e-19,1.2165753018609129e-24,5.0,1200,sintered
257657.6576576577,71.57157157157158,3.1346030761423123e-19,1.2165753018609129e-24,5.0,1200,sintered
258018.01801801802,71.67167167167167,3.138987131284153e-19,1.2165753018609129e-24,5.0,1200,sintered
258378.3783783784,71.77177177177178,3.1433711864259945e-19,1.2165753018609129e-24,5.0,1200,sintered
258738.73873873876,71.87187187187187,3.1477552415678356e-19,1.2165753018609129e-24,5.0,1200,sintered
259099.09909909914,71.97197197197198,3.152139296709677e-19,1.2165753018609129e-24,5.0,1200,sintered
259459.45945945947,72.07207207207207,3.1565233518515178e-19,1.2165753018609129e-24,5.0,1200,sintered
259819.81981981985,72.17217217217218,3.160907406993359e-19,1.2165753018609129e-24,5.0,1200,sintered
260180.18018018018,72.27227227227228,3.1652914621352e-19,1.2165753018609129e-24,5.0,1200,sintered
260540.54054054056,72.37237237237238,3.169675517277041e-19,1.2165753018609129e-24,5.0,1200,sintered
260900.90090090092,72.47247247247248,3.174059572418882e-19,1.2165753018609129e-24,5.0,1200,sintered
261261.2612612613,72.57257257257258,3.1784436275607237e-19,1.2165753018609129e-24,5.0,1200,sintered
261621.62162162163,72.67267267267268,3.1828276827025643e-19,1.2165753018609129e-24,5.0,1200,sintered
261981.981981982,72.77277277277278,3.187211737844406e-19,1.2165753018609129e-24,5.0,1200,sintered
262342.34234234237,72.87287287287288,3.191595792986247e-19,1.2165753018609129e-24,5.0,1200,sintered
262702.7027027027,72.97297297297298,3.195979848128088e-19,1.2165753018609129e-24,5.0,1200,sintered
263063.0630630631,73.07307307307308,3.2003639032699287e-19,1.2165753018609129e-24,5.0,1200,sintered
263423.42342342343,73.17317317317318,3.20474795841177e-19,1.2165753018609129e-24,5.0,1200,sintered
263783.7837837838,73.27327327327328,3.209132013553611e-19,1.2165753018609129e-24,5.0,1200,sintered
264144.1441441442,73.37337337337338,3.213516068695453e-19,1.2165753018609129e-24,5.0,1200,sintered
264504.5045045045,73.47347347347348,3.217900123837293e-19,1.2165753018609129e-24,5.0,1200,sintered
264864.8648648649,73.57357357357358,3.222284178979135e-19,1.2165753018609129e-24,5.0,1200,sintered
265225.2252252252,73.67367367367368,3.2266682341209753e-19,1.2165753018609129e-24,5.0,1200,sintered
265585.5855855856,73.77377377377378,3.231052289262817e-19,1.2165753018609129e-24,5.0,1200,sintered
265945.945945946,73.87387387387388,3.235436344404658e-19,1.2165753018609129e-24,5.0,1200,sintered
266306.30630630633,73.97397397397398,3.239820399546499e-19,1.2165753018609129e-24,5.0,1200,sintered
266666.6666666667,74.07407407407408,3.24420445468834e-19,1.2165753018609129e-24,5.0,1200,sintered
267027.02702702704,74.17417417417418,3.2485885098301813e-19,1.2165753018609129e-24,5.0,1200,sintered
267387.3873873874,74.27427427427428,3.2529725649720224e-19,1.2165753018609129e-24,5.0,1200,sintered
267747.7477477478,74.37437437437438,3.257356620113864e-19,1.2165753018609129e-24,5.0,1200,sintered
268108.1081081081,74.47447447447448,3.2617406752557046e-19,1.2165753018609129e-24,5.0,1200,sintered
268468.4684684685,74.57457457457458,3.266124730397546e-19,1.2165753018609129e-24,5.0,1200,sintered
268828.8288288288,74.67467467467468,3.270508785539387e-19,1.2165753018609129e-24,5.0,1200,sintered
269189.18918918923,74.77477477477478,3.2748928406812284e-19,1.2165753018609129e-24,5.0,1200,sintered
269549.5495495496,74.87487487487488,3.2792768958230695e-19,1.2165753018609129e-24,5.0,1200,sintered
269909.90990990994,74.97497497497498,3.2836609509649106e-19,1.2165753018609129e-24,5.0,1200,sintered
270270.2702702703,75.07507507507508,3.2880450061067517e-19,1.2165753018609129e-24,5.0,1200,sintered
270630.63063063065,75.17517517517518,3.292429061248593e-19,1.2165753018609129e-24,5.0,1200,sintered
270990.990990991,75.27527527527528,3.296813116390434e-19,1.2165753018609129e-24,5.0,1200,sintered
271351.35135135136,75.37537537537538,3.301197171532275e-19,1.2165753018609129e-24,5.0,1200,sintered
271711.7117117117,75.47547547547548,3.305581226674116e-19,1.2165753018609129e-24,5.0,1200,sintered
272072.07207207213,75.57557557557558,3.3099652818159577e-19,1.2165753018609129e-24,5.0,1200,sintered
272432.4324324324,75.67567567567568,3.314349336957798e-19,1.2165753018609129e-24,5.0,1200,sintered
272792.79279279284,75.77577577577578,3.31873339209964e-19,1.2165753018609129e-24,5.0,1200,sintered
273153.15315315314,75.87587587587588,3.32311744724148e-19,1.2165753018609129e-24,5.0,1200,sintered
273513.51351351355,75.97597597597598,3.327501502383322e-19,1.2165753018609129e-24,5.0,1200,sintered
273873.8738738739,76.07607607607608,3.331885557525163e-19,1.2165753018609129e-24,5.0,1200,sintered
274234.23423423426,76.17617617617618,3.3362696126670043e-19,1.2165753018609129e-24,5.0,1200,sintered
274594.5945945946,76.27627627627628,3.3406536678088454e-19,1.2165753018609129e-24,5.0,1200,sintered
274954.95495495497,76.37637637637638,3.345037722950686e-19,1.2165753018609129e-24,5.0,1200,sintered
275315.3153153153,76.47647647647648,3.349421778092527e-19,1.2165753018609129e-24,5.0,1200,sintered
275675.6756756757,76.57657657657658,3.353805833234368e-19,1.2165753018609129e-24,5.0,1200,sintered
276036.03603603604,76.67667667667668,3.3581898883762093e-19,1.2165753018609129e-24,5.0,1200,sintered
276396.39639639645,76.77677677677679,3.3625739435180514e-19,1.2165753018609129e-24,5.0,1200,sintered
276756.75675675675,76.87687687687688,3.3669579986598915e-19,1.2165753018609129e-24,5.0,1200,sintered
277117.11711711716,76.97697697697699,3.371342053801733e-19,1.2165753018609129e-24,5.0,1200,sintered
277477.47747747746,77.07707707707708,3.3757261089435737e-19,1.2165753018609129e-24,5.0,1200,sintered
277837.83783783787,77.17717717717719,3.3801101640854153e-19,1.2165753018609129e-24,5.0,1200,sintered
278198.1981981982,77.27727727727728,3.3844942192272564e-19,1.2165753018609129e-24,5.0,1200,sintered
278558.5585585586,77.37737737737739,3.3888782743690975e-19,1.2165753018609129e-24,5.0,1200,sintered
278918.91891891893,77.47747747747748,3.3932623295109386e-19,1.2165753018609129e-24,5.0,1200,sintered
279279.2792792793,77.57757757757759,3.3976463846527797e-19,1.2165753018609129e-24,5.0,1200,sintered
279639.63963963964,77.67767767767768,3.402030439794621e-19,1.2165753018609129e-24,5.0,1200,sintered
280000.0,77.77777777777779,3.406414494936462e-19,1.2165753018609129e-24,5.0,1200,sintered
280360.36036036036,77.87787787787788,3.410798550078303e-19,1.2165753018609129e-24,5.0,1200,sintered
280720.72072072077,77.97797797797799,3.4151826052201446e-19,1.2165753018609129e-24,5.0,1200,sintered
281081.08108108107,78.07807807807808,3.419566660361985e-19,1.2165753018609129e-24,5.0,1200,sintered
281441.4414414415,78.17817817817819,3.4239507155038268e-19,1.2165753018609129e-24,5.0,1200,sintered
281801.8018018018,78.27827827827828,3.428334770645667e-19,1.2165753018609129e-24,5.0,1200,sintered
282162.1621621622,78.37837837837839,3.432718825787509e-19,1.2165753018609129e-24,5.0,1200,sintered
282522.52252252254,78.47847847847848,3.43710288092935e-19,1.2165753018609129e-24,5.0,1200,sintered
282882.8828828829,78.57857857857859,3.441486936071191e-19,1.2165753018609129e-24,5.0,1200,sintered
283243.24324324325,78.67867867867868,3.4458709912130323e-19,1.2165753018609129e-24,5.0,1200,sintered
283603.6036036036,78.77877877877879,3.4502550463548734e-19,1.2165753018609129e-24,5.0,1200,sintered
283963.96396396396,78.87887887887888,3.4546391014967145e-19,1.2165753018609129e-24,5.0,1200,sintered
284324.3243243244,78.97897897897899,3.459023156638556e-19,1.2165753018609129e-24,5.0,1200,sintered
284684.6846846847,79.07907907907908,3.463407211780396e-19,1.2165753018609129e-24,5.0,1200,sintered
285045.0450450451,79.17917917917919,3.467791266922238e-19,1.2165753018609129e-24,5.0,1200,sintered
285405.4054054054,79.27927927927928,3.4721753220640784e-19,1.2165753018609129e-24,5.0,1200,sintered
285765.7657657658,79.37937937937939,3.4765593772059204e-19,1.2165753018609129e-24,5.0,1200,sintered
286126.12612612615,79.47947947947948,3.4809434323477615e-19,1.2165753018609129e-24,5.0,1200,sintered
286486.4864864865,79.57957957957959,3.485327487489602e-19,1.2165753018609129e-24,5.0,1200,sintered
286846.84684684686,79.67967967967968,3.4897115426314433e-19,1.2165753018609129e-24,5.0,1200,sintered
287207.2072072072,79.77977977977979,3.4940955977732844e-19,1.2165753018609129e-24,5.0,1200,sintered
287567.5675675676,79.87987987987988,3.4984796529151255e-19,1.2165753018609129e-24,5.0,1200,sintered
287927.9279279279,79.97997997997999,3.5028637080569666e-19,1.2165753018609129e-24,5.0,1200,sintered
288288.2882882883,80.08008008008008,3.5072477631988077e-19,1.2165753018609129e-24,5.0,1200,sintered
288648.6486486487,80.18018018018019,3.511631818340649e-19,1.2165753018609129e-24,5.0,1200,sintered
289009.009009009,80.28028028028028,3.51601587348249e-19,1.2165753018609129e-24,5.0,1200,sintered
289369.3693693694,80.38038038038039,3.5203999286243314e-19,1.2165753018609129e-24,5.0,1200,sintered
289729.7297297297,80.48048048048048,3.524783983766172e-19,1.2165753018609129e-24,5.0,1200,sintered
290090.0900900901,80.58058058058059,3.5291680389080136e-19,1.2165753018609129e-24,5.0,1200,sintered
290450.4504504505,80.68068068068068,3.5335520940498547e-19,1.2165753018609129e-24,5.0,1200,sintered
290810.8108108108,80.78078078078079,3.537936149191696e-19,1.2165753018609129e-24,5.0,1200,sintered
291171.1711711712,80.88088088088088,3.542320204333537e-19,1.2165753018609129e-24,5.0,1200,sintered
291531.53153153154,80.98098098098099,3.546704259475378e-19,1.2165753018609129e-24,5.0,1200,sintered
291891.8918918919,81.08108108108108,3.551088314617219e-19,1.2165753018609129e-24,5.0,1200,sintered
292252.25225225225,81.18118118118119,3.55547236975906e-19,1.2165753018609129e-24,5.0,1200,sintered
292612.6126126126,81.28128128128128,3.5598564249009013e-19,1.2165753018609129e-24,5.0,1200,sintered
292972.972972973,81.38138138138139,3.564240480042743e-19,1.2165753018609129e-24,5.0,1200,sintered
293333.3333333333,81.48148148148148,3.5686245351845835e-19,1.2165753018609129e-24,5.0,1200,sintered
293693.6936936937,81.58158158158159,3.573008590326425e-19,1.2165753018609129e-24,5.0,1200,sintered
294054.054054054,81.68168168168168,3.5773926454682652e-19,1.2165753018609129e-24,5.0,1200,sintered
294414.41441441444,81.78178178178179,3.5817767006101073e-19,1.2165753018609129e-24,5.0,1200,sintered
294774.7747747748,81.88188188188188,3.5861607557519484e-19,1.2165753018609129e-24,5.0,1200,sintered
295135.13513513515,81.98198198198199,3.5905448108937895e-19,1.2165753018609129e-24,5.0,1200,sintered
295495.4954954955,82.08208208208208,3.5949288660356306e-19,1.2165753018609129e-24,5.0,1200,sintered
295855.85585585586,82.18218218218219,3.599312921177471e-19,1.2165753018609129e-24,5.0,1200,sintered
296216.2162162162,82.28228228228228,3.6036969763193123e-19,1.2165753018609129e-24,5.0,1200,sintered
296576.5765765766,82.38238238238239,3.6080810314611544e-19,1.2165753018609129e-24,5.0,1200,sintered
296936.9369369369,82.48248248248248,3.6124650866029945e-19,1.2165753018609129e-24,5.0,1200,sintered
297297.29729729734,82.58258258258259,3.6168491417448366e-19,1.2165753018609129e-24,5.0,1200,sintered
297657.65765765763,82.68268268268268,3.6212331968866767e-19,1.2165753018609129e-24,5.0,1200,sintered
298018.01801801805,82.78278278278279,3.6256172520285183e-19,1.2165753018609129e-24,5.0,1200,sintered
298378.3783783784,82.88288288288288,3.6300013071703594e-19,1.2165753018609129e-24,5.0,1200,sintered
298738.73873873876,82.98298298298299,3.6343853623122005e-19,1.2165753018609129e-24,5.0,1200,sintered
299099.0990990991,83.08308308308308,3.6387694174540416e-19,1.2165753018609129e-24,5.0,1200,sintered
299459.45945945947,83.18318318318319,3.6431534725958827e-19,1.2165753018609129e-24,5.0,1200,sintered
299819.8198198198,83.28328328328328,3.647537527737724e-19,1.2165753018609129e-24,5.0,1200,sintered
300180.1801801802,83.38338338338339,3.651921582879565e-19,1.2165753018609129e-24,5.0,1200,sintered
300540.54054054053,83.48348348348348,3.656305638021406e-19,1.2165753018609129e-24,5.0,1200,sintered
300900.90090090095,83.58358358358359,3.6606896931632476e-19,1.2165753018609129e-24,5.0,1200,sintered
301261.26126126124,83.68368368368368,3.665073748305088e-19,1.2165753018609129e-24,5.0,1200,sintered
301621.62162162166,83.78378378378379,3.66945780344693e-19,1.2165753018609129e-24,5.0,1200,sintered
301981.98198198195,83.88388388388388,3.6738418585887704e-19,1.2165753018609129e-24,5.0,1200,sintered
302342.34234234237,83.98398398398399,3.678225913730612e-19,1.2165753018609129e-24,5.0,1200,sintered
302702.7027027027,84.08408408408408,3.682609968872453e-19,1.2165753018609129e-24,5.0,1200,sintered
303063.0630630631,84.18418418418419,3.686994024014294e-19,1.2165753018609129e-24,5.0,1200,sintered
303423.42342342343,84.28428428428428,3.6913780791561353e-19,1.2165753018609129e-24,5.0,1200,sintered
303783.7837837838,84.38438438438439,3.6957621342979764e-19,1.2165753018609129e-24,5.0,1200,sintered
304144.14414414414,84.48448448448448,3.7001461894398175e-19,1.2165753018609129e-24,5.0,1200,sintered
304504.5045045045,84.58458458458459,3.7045302445816586e-19,1.2165753018609129e-24,5.0,1200,sintered
304864.86486486485,84.68468468468468,3.7089142997234997e-19,1.2165753018609129e-24,5.0,1200,sintered
305225.22522522527,84.78478478478479,3.7132983548653413e-19,1.2165753018609129e-24,5.0,1200,sintered
305585.58558558556,84.88488488488488,3.7176824100071814e-19,1.2165753018609129e-24,5.0,1200,sintered
305945.945945946,84.98498498498499,3.7220664651490235e-19,1.2165753018609129e-24,5.0,1200,sintered
306306.3063063063,85.08508508508508,3.7264505202908636e-19,1.2165753018609129e-24,5.0,1200,sintered
306666.6666666667,85.18518518518519,3.7308345754327057e-19,1.2165753018609129e-24,5.0,1200,sintered
307027.02702702704,85.28528528528528,3.735218630574547e-19,1.2165753018609129e-24,5.0,1200,sintered
307387.3873873874,85.38538538538539,3.7396026857163874e-19,1.2165753018609129e-24,5.0,1200,sintered
307747.7477477478,85.4854854854855,3.7439867408582294e-19,1.2165753018609129e-24,5.0,1200,sintered
308108.1081081081,85.58558558558559,3.7483707960000696e-19,1.2165753018609129e-24,5.0,1200,sintered
308468.4684684685,85.6856856856857,3.7527548511419116e-19,1.2165753018609129e-24,5.0,1200,sintered
308828.8288288289,85.78578578578579,3.7571389062837527e-19,1.2165753018609129e-24,5.0,1200,sintered
309189.18918918923,85.8858858858859,3.761522961425594e-19,1.2165753018609129e-24,5.0,1200,sintered
309549.5495495496,85.98598598598599,3.7659070165674345e-19,1.2165753018609129e-24,5.0,1200,sintered
309909.90990990994,86.0860860860861,3.7702910717092756e-19,1.2165753018609129e-24,5.0,1200,sintered
310270.2702702703,86.18618618618619,3.7746751268511167e-19,1.2165753018609129e-24,5.0,1200,sintered
310630.63063063065,86.2862862862863,3.7790591819929578e-19,1.2165753018609129e-24,5.0,1200,sintered
310990.990990991,86.38638638638639,3.783443237134799e-19,1.2165753018609129e-24,5.0,1200,sintered
311351.3513513514,86.4864864864865,3.787827292276641e-19,1.2165753018609129e-24,5.0,1200,sintered
311711.7117117117,86.58658658658659,3.792211347418481e-19,1.2165753018609129e-24,5.0,1200,sintered
312072.07207207213,86.6866866866867,3.7965954025603226e-19,1.2165753018609129e-24,5.0,1200,sintered
312432.4324324324,86.78678678678679,3.8009794577021633e-19,1.2165753018609129e-24,5.0,1200,sintered
312792.79279279284,86.8868868868869,3.805363512844005e-19,1.2165753018609129e-24,5.0,1200,sintered
313153.1531531532,86.98698698698699,3.809747567985846e-19,1.2165753018609129e-24,5.0,1200,sintered
313513.51351351355,87.0870870870871,3.814131623127687e-19,1.2165753018609129e-24,5.0,1200,sintered
313873.8738738739,87.18718718718719,3.818515678269528e-19,1.2165753018609129e-24,5.0,1200,sintered
314234.23423423426,87.2872872872873,3.822899733411369e-19,1.2165753018609129e-24,5.0,1200,sintered
314594.5945945946,87.38738738738739,3.8272837885532103e-19,1.2165753018609129e-24,5.0,1200,sintered
314954.95495495497,87.4874874874875,3.8316678436950514e-19,1.2165753018609129e-24,5.0,1200,sintered
315315.3153153153,87.58758758758759,3.8360518988368925e-19,1.2165753018609129e-24,5.0,1200,sintered
315675.67567567574,87.6876876876877,3.840435953978734e-19,1.2165753018609129e-24,5.0,1200,sintered
316036.03603603604,87.78778778778779,3.8448200091205747e-19,1.2165753018609129e-24,5.0,1200,sintered
316396.39639639645,87.8878878878879,3.8492040642624163e-19,1.2165753018609129e-24,5.0,1200,sintered
316756.75675675675,87.98798798798799,3.8535881194042565e-19,1.2165753018609129e-24,5.0,1200,sintered
317117.11711711716,88.0880880880881,3.8579721745460985e-19,1.2165753018609129e-24,5.0,1200,sintered
317477.4774774775,88.18818818818819,3.8623562296879396e-19,1.2165753018609129e-24,5.0,1200,sintered
317837.83783783787,88.2882882882883,3.8667402848297807e-19,1.2165753018609129e-24,5.0,1200,sintered
318198.1981981982,88.38838838838839,3.871124339971622e-19,1.2165753018609129e-24,5.0,1200,sintered
318558.5585585586,88.4884884884885,3.875508395113463e-19,1.2165753018609129e-24,5.0,1200,sintered
318918.91891891893,88.58858858858859,3.8798924502553035e-19,1.2165753018609129e-24,5.0,1200,sintered
319279.27927927935,88.6886886886887,3.8842765053971456e-19,1.2165753018609129e-24,5.0,1200,sintered
319639.63963963964,88.78878878878879,3.8886605605389857e-19,1.2165753018609129e-24,5.0,1200,sintered
320000.00000000006,88.8888888888889,3.893044615680828e-19,1.2165753018609129e-24,5.0,1200,sintered
320360.36036036036,88.988988988989,3.897428670822668e-19,1.2165753018609129e-24,5.0,1200,sintered
320720.72072072077,89.0890890890891,3.90181272596451e-19,1.2165753018609129e-24,5.0,1200,sintered
321081.0810810811,89.1891891891892,3.906196781106351e-19,1.2165753018609129e-24,5.0,1200,sintered
321441.4414414415,89.2892892892893,3.9105808362481917e-19,1.2165753018609129e-24,5.0,1200,sintered
321801.80180180183,89.3893893893894,3.914964891390033e-19,1.2165753018609129e-24,5.0,1200,sintered
322162.1621621622,89.4894894894895,3.919348946531874e-19,1.2165753018609129e-24,5.0,1200,sintered
322522.52252252254,89.5895895895896,3.923733001673715e-19,1.2165753018609129e-24,5.0,1200,sintered
322882.8828828829,89.6896896896897,3.928117056815556e-19,1.2165753018609129e-24,5.0,1200,sintered
323243.24324324325,89.7897897897898,3.932501111957397e-19,1.2165753018609129e-24,5.0,1200,sintered
323603.60360360367,89.8898898898899,3.936885167099239e-19,1.2165753018609129e-24,5.0,1200,sintered
323963.96396396396,89.98998998999,3.9412692222410794e-19,1.2165753018609129e-24,5.0,1200,sintered
324324.3243243244,90.0900900900901,3.945653277382921e-19,1.2165753018609129e-24,5.0,1200,sintered
324684.6846846847,90.1901901901902,3.9500373325247616e-19,1.2165753018609129e-24,5.0,1200,sintered
325045.0450450451,90.2902902902903,3.954421387666603e-19,1.2165753018609129e-24,5.0,1200,sintered
325405.40540540544,90.3903903903904,3.9588054428084443e-19,1.2165753018609129e-24,5.0,1200,sintered
325765.7657657658,90.4904904904905,3.9631894979502854e-19,1.2165753018609129e-24,5.0,1200,sintered
326126.12612612615,90.5905905905906,3.9675735530921265e-19,1.2165753018609129e-24,5.0,1200,sintered
326486.4864864865,90.6906906906907,3.9719576082339676e-19,1.2165753018609129e-24,5.0,1200,sintered
326846.84684684686,90.7907907907908,3.9763416633758087e-19,1.2165753018609129e-24,5.0,1200,sintered
327207.2072072072,90.8908908908909,3.98072571851765e-19,1.2165753018609129e-24,5.0,1200,sintered
327567.5675675676,90.990990990991,3.985109773659491e-19,1.2165753018609129e-24,5.0,1200,sintered
327927.927927928,91.0910910910911,3.9894938288013325e-19,1.2165753018609129e-24,5.0,1200,sintered
328288.2882882883,91.1911911911912,3.9938778839431726e-19,1.2165753018609129e-24,5.0,1200,sintered
328648.6486486487,91.2912912912913,3.9982619390850147e-19,1.2165753018609129e-24,5.0,1200,sintered
329009.009009009,91.3913913913914,4.002645994226855e-19,1.2165753018609129e-24,5.0,1200,sintered
329369.3693693694,91.4914914914915,4.007030049368697e-19,1.2165753018609129e-24,5.0,1200,sintered
329729.72972972976,91.5915915915916,4.011414104510538e-19,1.2165753018609129e-24,5.0,1200,sintered
330090.0900900901,91.6916916916917,4.015798159652379e-19,1.2165753018609129e-24,5.0,1200,sintered
330450.4504504505,91.7917917917918,4.02018221479422e-19,1.2165753018609129e-24,5.0,1200,sintered
330810.8108108108,91.8918918918919,4.024566269936061e-19,1.2165753018609129e-24,5.0,1200,sintered
331171.1711711712,91.991991991992,4.028950325077902e-19,1.2165753018609129e-24,5.0,1200,sintered
331531.53153153154,92.0920920920921,4.033334380219743e-19,1.2165753018609129e-24,5.0,1200,sintered
331891.8918918919,92.1921921921922,4.037718435361584e-19,1.2165753018609129e-24,5.0,1200,sintered
332252.2522522523,92.2922922922923,4.042102490503426e-19,1.2165753018609129e-24,5.0,1200,sintered
332612.6126126126,92.3923923923924,4.0464865456452663e-19,1.2165753018609129e-24,5.0,1200,sintered
332972.972972973,92.4924924924925,4.050870600787108e-19,1.2165753018609129e-24,5.0,1200,sintered
333333.3333333333,92.5925925925926,4.0552546559289485e-19,1.2165753018609129e-24,5.0,1200,sintered
333693.6936936937,92.6926926926927,4.05963871107079e-19,1.2165753018609129e-24,5.0,1200,sintered
334054.0540540541,92.7927927927928,4.064022766212631e-19,1.2165753018609129e-24,5.0,1200,sintered
334414.41441441444,92.8928928928929,4.0684068213544723e-19,1.2165753018609129e-24,5.0,1200,sintered
334774.7747747748,92.992992992993,4.0727908764963134e-19,1.2165753018609129e-24,5.0,1200,sintered
335135.13513513515,93.0930930930931,4.0771749316381545e-19,1.2165753018609129e-24,5.0,1200,sintered
335495.4954954955,93.1931931931932,4.0815589867799956e-19,1.2165753018609129e-24,5.0,1200,sintered
335855.8558558559,93.2932932932933,4.085943041921837e-19,1.2165753018609129e-24,5.0,1200,sintered
336216.2162162162,93.3933933933934,4.090327097063678e-19,1.2165753018609129e-24,5.0,1200,sintered
336576.5765765766,93.4934934934935,4.0947111522055193e-19,1.2165753018609129e-24,5.0,1200,sintered
336936.9369369369,93.5935935935936,4.09909520734736e-19,1.2165753018609129e-24,5.0,1200,sintered
337297.29729729734,93.6936936936937,4.1034792624892015e-19,1.2165753018609129e-24,5.0,1200,sintered
337657.6576576577,93.7937937937938,4.1078633176310426e-19,1.2165753018609129e-24,5.0,1200,sintered
338018.01801801805,93.8938938938939,4.1122473727728837e-19,1.2165753018609129e-24,5.0,1200,sintered
338378.3783783784,93.993993993994,4.116631427914725e-19,1.2165753018609129e-24,5.0,1200,sintered
338738.73873873876,94.0940940940941,4.121015483056566e-19,1.2165753018609129e-24,5.0,1200,sintered
339099.0990990991,94.1941941941942,4.125399538198407e-19,1.2165753018609129e-24,5.0,1200,sintered
339459.45945945947,94.2942942942943,4.129783593340248e-19,1.2165753018609129e-24,5.0,1200,sintered
339819.8198198198,94.3943943943944,4.134167648482089e-19,1.2165753018609129e-24,5.0,1200,sintered
340180.18018018024,94.4944944944945,4.138551703623931e-19,1.2165753018609129e-24,5.0,1200,sintered
340540.54054054053,94.5945945945946,4.142935758765771e-19,1.2165753018609129e-24,5.0,1200,sintered
340900.90090090095,94.6946946946947,4.147319813907613e-19,1.2165753018609129e-24,5.0,1200,sintered
341261.26126126124,94.7947947947948,4.151703869049453e-19,1.2165753018609129e-24,5.0,1200,sintered
341621.62162162166,94.8948948948949,4.156087924191295e-19,1.2165753018609129e-24,5.0,1200,sintered
341981.981981982,94.994994994995,4.1604719793331363e-19,1.2165753018609129e-24,5.0,1200,sintered
342342.34234234237,95.0950950950951,4.164856034474977e-19,1.2165753018609129e-24,5.0,1200,sintered
342702.7027027027,95.1951951951952,4.169240089616818e-19,1.2165753018609129e-24,5.0,1200,sintered
343063.0630630631,95.2952952952953,4.173624144758659e-19,1.2165753018609129e-24,5.0,1200,sintered
343423.42342342343,95.3953953953954,4.1780081999005e-19,1.2165753018609129e-24,5.0,1200,sintered
343783.7837837838,95.4954954954955,4.1823922550423413e-19,1.2165753018609129e-24,5.0,1200,sintered
344144.14414414414,95.5955955955956,4.1867763101841824e-19,1.2165753018609129e-24,5.0,1200,sintered
344504.50450450456,95.6956956956957,4.191160365326024e-19,1.2165753018609129e-24,5.0,1200,sintered
344864.86486486485,95.7957957957958,4.1955444204678646e-19,1.2165753018609129e-24,5.0,1200,sintered
345225.22522522527,95.8958958958959,4.199928475609706e-19,1.2165753018609129e-24,5.0,1200,sintered
345585.58558558556,95.995995995996,4.204312530751547e-19,1.2165753018609129e-24,5.0,1200,sintered
345945.945945946,96.0960960960961,4.2086965858933884e-19,1.2165753018609129e-24,5.0,1200,sintered
346306.30630630633,96.1961961961962,4.2130806410352295e-19,1.2165753018609129e-24,5.0,1200,sintered
346666.6666666667,96.2962962962963,4.2174646961770706e-19,1.2165753018609129e-24,5.0,1200,sintered
347027.02702702704,96.3963963963964,4.2218487513189117e-19,1.2165753018609129e-24,5.0,1200,sintered
347387.3873873874,96.4964964964965,4.226232806460753e-19,1.2165753018609129e-24,5.0,1200,sintered
347747.74774774775,96.5965965965966,4.230616861602594e-19,1.2165753018609129e-24,5.0,1200,sintered
348108.10810810816,96.6966966966967,4.2350009167444355e-19,1.2165753018609129e-24,5.0,1200,sintered
348468.46846846846,96.7967967967968,4.239384971886276e-19,1.2165753018609129e-24,5.0,1200,sintered
348828.8288288289,96.8968968968969,4.2437690270281177e-19,1.2165753018609129e-24,5.0,1200,sintered
349189.1891891892,96.996996996997,4.2481530821699583e-19,1.2165753018609129e-24,5.0,1200,sintered
349549.5495495496,97.0970970970971,4.2525371373118e-19,1.2165753018609129e-24,5.0,1200,sintered
349909.90990990994,97.1971971971972,4.256921192453641e-19,1.2165753018609129e-24,5.0,1200,sintered
350270.2702702703,97.2972972972973,4.261305247595482e-19,1.2165753018609129e-24,5.0,1200,sintered
350630.63063063065,97.3973973973974,4.265689302737323e-19,1.2165753018609129e-24,5.0,1200,sintered
350990.990990991,97.4974974974975,4.2700733578791643e-19,1.2165753018609129e-24,5.0,1200,sintered
351351.35135135136,97.5975975975976,4.2744574130210054e-19,1.2165753018609129e-24,5.0,1200,sintered
351711.7117117117,97.6976976976977,4.278841468162846e-19,1.2165753018609129e-24,5.0,1200,sintered
352072.0720720721,97.7977977977978,4.283225523304687e-19,1.2165753018609129e-24,5.0,1200,sintered
352432.4324324325,97.8978978978979,4.287609578446529e-19,1.2165753018609129e-24,5.0,1200,sintered
352792.7927927928,97.997997997998,4.2919936335883693e-19,1.2165753018609129e-24,5.0,1200,sintered
353153.1531531532,98.0980980980981,4.2963776887302114e-19,1.2165753018609129e-24,5.0,1200,sintered
353513.5135135135,98.1981981981982,4.3007617438720515e-19,1.2165753018609129e-24,5.0,1200,sintered
353873.8738738739,98.2982982982983,4.305145799013893e-19,1.2165753018609129e-24,5.0,1200,sintered
354234.23423423426,98.3983983983984,4.309529854155734e-19,1.2165753018609129e-24,5.0,1200,sintered
354594.5945945946,98.4984984984985,4.3139139092975753e-19,1.2165753018609129e-24,5.0,1200,sintered
354954.95495495497,98.5985985985986,4.3182979644394164e-19,1.2165753018609129e-24,5.0,1200,sintered
355315.3153153153,98.6986986986987,4.3226820195812575e-19,1.2165753018609129e-24,5.0,1200,sintered
355675.6756756757,98.7987987987988,4.3270660747230986e-19,1.2165753018609129e-24,5.0,1200,sintered
356036.03603603604,98.8988988988989,4.3314501298649397e-19,1.2165753018609129e-24,5.0,1200,sintered
356396.3963963964,98.998998998999,4.335834185006781e-19,1.2165753018609129e-24,5.0,1200,sintered
356756.7567567568,99.0990990990991,4.340218240148622e-19,1.2165753018609129e-24,5.0,1200,sintered
357117.1171171171,99.1991991991992,4.3446022952904625e-19,1.2165753018609129e-24,5.0,1200,sintered
357477.4774774775,99.2992992992993,4.348986350432305e-19,1.2165753018609129e-24,5.0,1200,sintered
357837.8378378378,99.3993993993994,4.353370405574145e-19,1.2165753018609129e-24,5.0,1200,sintered
358198.1981981982,99.4994994994995,4.357754460715987e-19,1.2165753018609129e-24,5.0,1200,sintered
358558.5585585586,99.5995995995996,4.362138515857828e-19,1.2165753018609129e-24,5.0,1200,sintered
358918.91891891893,99.6996996996997,4.366522570999669e-19,1.2165753018609129e-24,5.0,1200,sintered
359279.2792792793,99.7997997997998,4.37090662614151e-19,1.2165753018609129e-24,5.0,1200,sintered
359639.63963963964,99.8998998998999,4.375290681283351e-19,1.2165753018609129e-24,5.0,1200,sintered
360000.0,100.0,4.379674736425192e-19,1.2165753018609129e-24,5.0,1200,sintered
0.0,0.0,0.0,1.9337873731056867e-23,10.0,1200,green
360.3603603603604,0.1001001001001001,6.968575029767277e-21,1.9337720244395672e-23,10.0,1200,green
720.7207207207208,0.2002002002002002,1.3937097427216925e-20,1.9337581377822712e-23,10.0,1200,green
1081.081081081081,0.3003003003003003,2.0905572205743082e-20,1.9337455738728495e-23,10.0,1200,green
1441.4414414414416,0.4004004004004004,2.78740039011983e-20,1.9337342067153985e-23,10.0,1200,green
1801.801801801802,0.5005005005005005,3.484239661738087e-20,1.9337239223155212e-23,10.0,1200,green
2162.162162162162,0.6006006006006006,4.181075406718935e-20,1.9337146175371463e-23,10.0,1200,green
2522.5225225225226,0.7007007007007008,4.877907960985705e-20,1.9337061990682376e-23,10.0,1200,green
2882.882882882883,0.8008008008008008,5.574737628463968e-20,1.9336985824850254e-23,10.0,1200,green
3243.2432432432433,0.9009009009009009,6.271564684129425e-20,1.9336916914053696e-23,10.0,1200,green
3603.603603603604,1.001001001001001,6.968389376765483e-20,1.9336854567227703e-23,10.0,1200,green
3963.963963963964,1.1011011011011012,7.665211931458136e-20,1.9336798159133385e-23,10.0,1200,green
4324.324324324324,1.2012012012012012,8.362032551853231e-20,1.9336747124087834e-23,10.0,1200,green
4684.684684684685,1.3013013013013013,9.05885142219871e-20,1.9336700950291222e-23,10.0,1200,green
5045.045045045045,1.4014014014014016,9.755668709192313e-20,1.9336659174694265e-23,10.0,1200,green
5405.405405405406,1.5015015015015016,1.0452484563653296e-19,1.9336621378354586e-23,10.0,1200,green
5765.765765765766,1.6016016016016017,1.1149299122034908e-19,1.9336587182235385e-23,10.0,1200,green
6126.126126126126,1.7017017017017018,1.184611250779279e-19,1.9336556243404313e-23,10.0,1200,green
6486.486486486487,1.8018018018018018,1.2542924832623052e-19,1.9336528251594417e-23,10.0,1200,green
6846.846846846847,1.9019019019019021,1.3239736197582392e-19,1.933650292609263e-23,10.0,1200,green
7207.207207207208,2.002002002002002,1.3936546694101542e-19,1.9336480012924713e-23,10.0,1200,green
7567.567567567568,2.1021021021021022,1.4633356404902165e-19,1.9336459282308255e-23,10.0,1200,green
7927.927927927928,2.2022022022022023,1.533016540482643e-19,1.9336440526348354e-23,10.0,1200,green
8288.288288288288,2.3023023023023024,1.6026973761587541e-19,1.9336423556952745e-23,10.0,1200,green
8648.648648648648,2.4024024024024024,1.6723781536448832e-19,1.9336408203945552e-23,10.0,1200,green
9009.009009009009,2.5025025025025025,1.7420588784838082e-19,1.9336394313360683e-23,10.0,1200,green
9369.36936936937,2.6026026026026026,1.8117395556903418e-19,1.9336381745897803e-23,10.0,1200,green
9729.729729729732,2.702702702702703,1.8814201898016196e-19,1.933637037552537e-23,10.0,1200,green
10090.09009009009,2.802802802802803,1.9511007849225995e-19,1.933636008821675e-23,10.0,1200,green
10450.450450450451,2.902902902902903,2.0207813447672312e-19,1.93363507808067e-23,10.0,1200,green
10810.810810810812,3.0030030030030033,2.090461872695698e-19,1.9336342359956788e-23,10.0,1200,green
11171.171171171172,3.1031031031031033,2.1601423717481147e-19,1.9336334741219372e-23,10.0,1200,green
11531.531531531533,3.2032032032032034,2.2298228446750163e-19,1.9336327848190708e-23,10.0,1200,green
11891.891891891892,3.3033033033033035,2.2995032939649407e-19,1.933632161174475e-23,10.0,1200,green
12252.252252252252,3.4034034034034035,2.3691837218693843e-19,1.9336315969339924e-23,10.0,1200,green
12612.612612612613,3.5035035035035036,2.4388641304253815e-19,1.933631086439194e-23,10.0,1200,green
12972.972972972973,3.6036036036036037,2.5085445214759326e-19,1.9336306245706343e-23,10.0,1200,green
13333.333333333334,3.7037037037037037,2.578224896688487e-19,1.9336302066965106e-23,10.0,1200,green
13693.693693693695,3.8038038038038042,2.647905257571664e-19,1.933629828626214e-23,10.0,1200,green
14054.054054054055,3.9039039039039043,2.717585605490381e-19,1.933629486568305e-23,10.0,1200,green
14414.414414414416,4.004004004004004,2.787265941679544e-19,1.9336291770924898e-23,10.0,1200,green
14774.774774774776,4.104104104104104,2.8569462672564308e-19,1.9336288970952214e-23,10.0,1200,green
15135.135135135137,4.2042042042042045,2.926626583231893e-19,1.9336286437685751e-23,10.0,1200,green
15495.495495495496,4.3043043043043046,2.996306890520497e-19,1.9336284145720905e-23,10.0,1200,green
15855.855855855856,4.404404404404405,3.0659871899496945e-19,1.9336282072072933e-23,10.0,1200,green
16216.216216216217,4.504504504504505,3.135667482268117e-19,1.9336280195946468e-23,10.0,1200,green
16576.576576576575,4.604604604604605,3.2053477681530885e-19,1.933627849852696e-23,10.0,1200,green
16936.936936936938,4.704704704704705,3.275028048217417e-19,1.9336276962792012e-23,10.0,1200,green
17297.297297297297,4.804804804804805,3.344708323015535e-19,1.9336275573340656e-23,10.0,1200,green
17657.65765765766,4.904904904904905,3.414388593049068e-19,1.933627431623892e-23,10.0,1200,green
18018.018018018018,5.005005005005005,3.484068858771855e-19,1.933627317888009e-23,10.0,1200,green
18378.378378378377,5.105105105105105,3.5537491205945104e-19,1.9336272149858272e-23,10.0,1200,green
18738.73873873874,5.205205205205205,3.6234293788885337e-19,1.9336271218854024e-23,10.0,1200,green
19099.099099099098,5.305305305305305,3.693109633990037e-19,1.9336270376530866e-23,10.0,1200,green
19459.459459459464,5.405405405405406,3.7627898862031197e-19,1.9336269614441642e-23,10.0,1200,green
19819.819819819822,5.505505505505506,3.8324701358029107e-19,1.933626892494382e-23,10.0,1200,green
20180.18018018018,5.605605605605606,3.9021503830383357e-19,1.9336268301122838e-23,10.0,1200,green
20540.540540540544,5.705705705705706,3.971830628134608e-19,1.933626773672277e-23,10.0,1200,green
20900.900900900902,5.805805805805806,4.041510871295488e-19,1.933626722608359e-23,10.0,1200,green
21261.261261261265,5.9059059059059065,4.1111911127053295e-19,1.93362667640844e-23,10.0,1200,green
21621.621621621623,6.0060060060060065,4.180871352530922e-19,1.9336266346092088e-23,10.0,1200,green
21981.981981981982,6.106106106106107,4.250551590923172e-19,1.933626596791486e-23,10.0,1200,green
22342.342342342345,6.206206206206207,4.3202318280186096e-19,1.9336265625760208e-23,10.0,1200,green
22702.702702702703,6.306306306306307,4.38991206394076e-19,1.9336265316196863e-23,10.0,1200,green
23063.063063063066,6.406406406406407,4.459592298801383e-19,1.9336265036120402e-23,10.0,1200,green
23423.423423423425,6.506506506506507,4.529272532701591e-19,1.933626478272211e-23,10.0,1200,green
23783.783783783783,6.606606606606607,4.5989527657328675e-19,1.93362645534608e-23,10.0,1200,green
24144.144144144146,6.706706706706707,4.668632997977981e-19,1.9336264346037354e-23,10.0,1200,green
24504.504504504504,6.806806806806807,4.738313229511817e-19,1.9336264158371644e-23,10.0,1200,green
24864.864864864867,6.906906906906907,4.807993460402125e-19,1.9336263988581685e-23,10.0,1200,green
25225.225225225226,7.007007007007007,4.877673690710205e-19,1.9336263834964754e-23,10.0,1200,green
25585.585585585584,7.107107107107107,4.947353920491514e-19,1.933626369598032e-23,10.0,1200,green
25945.945945945947,7.207207207207207,5.017034149796229e-19,1.9336263570234592e-23,10.0,1200,green
26306.306306306305,7.307307307307307,5.086714378669749e-19,1.9336263456466543e-23,10.0,1200,green
26666.666666666668,7.407407407407407,5.156394607153146e-19,1.9336263353535256e-23,10.0,1200,green
27027.02702702703,7.507507507507508,5.226074835283579e-19,1.93362632604085e-23,10.0,1200,green
27387.38738738739,7.6076076076076085,5.295755063094669e-19,1.933626317615236e-23,10.0,1200,green
27747.74774774775,7.7077077077077085,5.3654352906168365e-19,1.9336263099921882e-23,10.0,1200,green
28108.10810810811,7.807807807807809,5.435115517877601e-19,1.93362630309526e-23,10.0,1200,green
28468.468468468473,7.907907907907909,5.504795744901862e-19,1.933626296855286e-23,10.0,1200,green
28828.82882882883,8.008008008008009,5.574475971712146e-19,1.933626291209689e-23,10.0,1200,green
29189.18918918919,8.108108108108109,5.644156198328837e-19,1.9336262861018528e-23,10.0,1200,green
29549.549549549552,8.208208208208209,5.713836424770374e-19,1.9336262814805543e-23,10.0,1200,green
29909.90990990991,8.308308308308309,5.783516651053442e-19,1.933626277299449e-23,10.0,1200,green
30270.270270270274,8.408408408408409,5.853196877193135e-19,1.933626273516607e-23,10.0,1200,green
30630.630630630632,8.508508508508509,5.922877103203109e-19,1.9336262700940927e-23,10.0,1200,green
30990.99099099099,8.608608608608609,5.992557329095722e-19,1.9336262669975837e-23,10.0,1200,green
31351.351351351354,8.70870870870871,6.062237554882153e-19,1.933626264196027e-23,10.0,1200,green
31711.711711711712,8.80880880880881,6.131917780572515e-19,1.9336262616613275e-23,10.0,1200,green
32072.072072072075,8.90890890890891,6.201598006175959e-19,1.9336262593680658e-23,10.0,1200,green
32432.432432432433,9.00900900900901,6.271278231700764e-19,1.9336262572932448e-23,10.0,1200,green
32792.792792792796,9.10910910910911,6.340958457154422e-19,1.933626255416057e-23,10.0,1200,green
33153.15315315315,9.20920920920921,6.410638682543707e-19,1.9336262537176772e-23,10.0,1200,green
33513.51351351351,9.30930930930931,6.480318907874755e-19,1.9336262521810734e-23,10.0,1200,green
33873.873873873876,9.40940940940941,6.549999133153111e-19,1.933626250790836e-23,10.0,1200,green
34234.23423423424,9.50950950950951,6.619679358383794e-19,1.933626249533023e-23,10.0,1200,green
34594.59459459459,9.60960960960961,6.689359583571344e-19,1.9336262483950206e-23,10.0,1200,green
34954.954954954956,9.70970970970971,6.75903980871987e-19,1.933626247365417e-23,10.0,1200,green
35315.31531531532,9.80980980980981,6.828720033833092e-19,1.9336262464338858e-23,10.0,1200,green
35675.67567567567,9.90990990990991,6.898400258914369e-19,1.933626245591086e-23,10.0,1200,green
36036.036036036036,10.01001001001001,6.968080483966746e-19,1.9336262448285657e-23,10.0,1200,green
36396.3963963964,10.11011011011011,7.037760708992977e-19,1.9336262441386778e-23,10.0,1200,green
36756.75675675675,10.21021021021021,7.107440933995547e-19,1.9336262435145038e-23,10.0,1200,green
37117.117117117115,10.31031031031031,7.177121158976717e-19,1.9336262429497846e-23,10.0,1200,green
37477.47747747748,10.41041041041041,7.246801383938521e-19,1.9336262424388566e-23,10.0,1200,green
37837.83783783784,10.51051051051051,7.316481608882805e-19,1.933626241976596e-23,10.0,1200,green
38198.198198198195,10.61061061061061,7.386161833811237e-19,1.9336262415583672e-23,10.0,1200,green
38558.558558558565,10.710710710710712,7.455842058725329e-19,1.933626241179976e-23,10.0,1200,green
38918.91891891893,10.810810810810812,7.525522283626445e-19,1.9336262408376278e-23,10.0,1200,green
39279.27927927928,10.910910910910912,7.595202508515819e-19,1.9336262405278892e-23,10.0,1200,green
39639.639639639645,11.011011011011012,7.664882733394574e-19,1.9336262402476543e-23,10.0,1200,green
40000.00000000001,11.111111111111112,7.734562958263719e-19,1.9336262399941128e-23,10.0,1200,green
40360.36036036036,11.211211211211213,7.804243183124169e-19,1.9336262397647218e-23,10.0,1200,green
40720.720720720725,11.311311311311313,7.873923407976753e-19,1.933626239557181e-23,10.0,1200,green
41081.08108108109,11.411411411411413,7.9436036328222215e-19,1.933626239369409e-23,10.0,1200,green
41441.44144144144,11.511511511511513,8.013283857661249e-19,1.933626239199523e-23,10.0,1200,green
41801.801801801805,11.611611611611613,8.082964082494452e-19,1.9336262390458191e-23,10.0,1200,green
42162.16216216217,11.711711711711713,8.152644307322386e-19,1.933626238906756e-23,10.0,1200,green
42522.52252252253,11.811811811811813,8.222324532145551e-19,1.933626238780939e-23,10.0,1200,green
42882.882882882885,11.911911911911913,8.292004756964399e-19,1.933626238667107e-23,10.0,1200,green
43243.24324324325,12.012012012012013,8.361684981779345e-19,1.933626238564117e-23,10.0,1200,green
43603.60360360361,12.112112112112113,8.43136520659076e-19,1.9336262384709378e-23,10.0,1200,green
43963.963963963964,12.212212212212213,8.501045431398979e-19,1.933626238386634e-23,10.0,1200,green
44324.32432432433,12.312312312312313,8.570725656204307e-19,1.9336262383103605e-23,10.0,1200,green
44684.68468468469,12.412412412412413,8.64040588100702e-19,1.9336262382413523e-23,10.0,1200,green
45045.04504504505,12.512512512512513,8.710086105807367e-19,1.933626238178917e-23,10.0,1200,green
45405.40540540541,12.612612612612613,8.779766330605572e-19,1.9336262381224293e-23,10.0,1200,green
45765.76576576577,12.712712712712714,8.849446555401839e-19,1.933626238071322e-23,10.0,1200,green
46126.12612612613,12.812812812812814,8.919126780196356e-19,1.9336262380250827e-23,10.0,1200,green
46486.48648648649,12.912912912912914,8.988807004989286e-19,1.933626237983248e-23,10.0,1200,green
46846.84684684685,13.013013013013014,9.058487229780782e-19,1.9336262379453983e-23,10.0,1200,green
47207.20720720721,13.113113113113114,9.12816745457098e-19,1.9336262379111538e-23,10.0,1200,green
47567.56756756757,13.213213213213214,9.197847679360003e-19,1.933626237880171e-23,10.0,1200,green
47927.92792792793,13.313313313313314,9.267527904147964e-19,1.9336262378521396e-23,10.0,1200,green
48288.28828828829,13.413413413413414,9.337208128934964e-19,1.9336262378267783e-23,10.0,1200,green
48648.648648648654,13.513513513513514,9.406888353721095e-19,1.9336262378038327e-23,10.0,1200,green
49009.00900900901,13.613613613613614,9.476568578506439e-19,1.9336262377830728e-23,10.0,1200,green
49369.36936936937,13.713713713713714,9.54624880329107e-19,1.9336262377642902e-23,10.0,1200,green
49729.729729729734,13.813813813813814,9.615929028075058e-19,1.933626237747297e-23,10.0,1200,green
50090.09009009009,13.913913913913914,9.685609252858462e-19,1.933626237731922e-23,10.0,1200,green
50450.45045045045,14.014014014014014,9.75528947764134e-19,1.933626237718012e-23,10.0,1200,green
50810.81081081081,14.114114114114114,9.824969702423739e-19,1.9336262377054267e-23,10.0,1200,green
51171.17117117117,14.214214214214214,9.894649927205708e-19,1.9336262376940403e-23,10.0,1200,green
51531.53153153153,14.314314314314315,9.964330151987287e-19,1.9336262376837383e-23,10.0,1200,green
51891.89189189189,14.414414414414415,1.0034010376768513e-18,1.9336262376744178e-23,10.0,1200,green
52252.252252252256,14.514514514514515,1.0103690601549419e-18,1.933626237665985e-23,10.0,1200,green
52612.61261261261,14.614614614614615,1.0173370826330034e-18,1.9336262376583555e-23,10.0,1200,green
52972.97297297297,14.714714714714715,1.0243051051110388e-18,1.9336262376514527e-23,10.0,1200,green
53333.333333333336,14.814814814814815,1.0312731275890508e-18,1.9336262376452073e-23,10.0,1200,green
53693.69369369369,14.914914914914915,1.038241150067041e-18,1.933626237639557e-23,10.0,1200,green
54054.05405405406,15.015015015015017,1.0452091725450123e-18,1.9336262376344448e-23,10.0,1200,green
54414.41441441442,15.115115115115117,1.0521771950229658e-18,1.9336262376298198e-23,10.0,1200,green
54774.77477477478,15.215215215215217,1.0591452175009033e-18,1.933626237625635e-23,10.0,1200,green
55135.13513513514,15.315315315315317,1.0661132399788266e-18,1.933626237621849e-23,10.0,1200,green
55495.4954954955,15.415415415415417,1.073081262456737e-18,1.9336262376184237e-23,10.0,1200,green
55855.85585585586,15.515515515515517,1.0800492849346355e-18,1.9336262376153245e-23,10.0,1200,green
56216.21621621622,15.615615615615617,1.0870173074125235e-18,1.9336262376125204e-23,10.0,1200,green
56576.57657657658,15.715715715715717,1.0939853298904017e-18,1.9336262376099837e-23,10.0,1200,green
56936.936936936945,15.815815815815817,1.1009533523682715e-18,1.9336262376076885e-23,10.0,1200,green
57297.2972972973,15.915915915915917,1.107921374846133e-18,1.933626237605612e-23,10.0,1200,green
57657.65765765766,16.016016016016017,1.1148893973239876e-18,1.933626237603733e-23,10.0,1200,green
58018.018018018025,16.116116116116117,1.121857419801836e-18,1.9336262376020332e-23,10.0,1200,green
58378.37837837838,16.216216216216218,1.1288254422796783e-18,1.9336262376004954e-23,10.0,1200,green
58738.73873873874,16.316316316316318,1.1357934647575153e-18,1.933626237599104e-23,10.0,1200,green
59099.099099099105,16.416416416416418,1.1427614872353476e-18,1.933626237597845e-23,10.0,1200,green
59459.45945945947,16.516516516516518,1.1497295097131757e-18,1.9336262375967062e-23,10.0,1200,green
59819.81981981982,16.616616616616618,1.1566975321909996e-18,1.9336262375956755e-23,10.0,1200,green
60180.180180180185,16.716716716716718,1.1636655546688202e-18,1.9336262375947434e-23,10.0,1200,green
60540.54054054055,16.816816816816818,1.1706335771466376e-18,1.9336262375938997e-23,10.0,1200,green
60900.9009009009,16.916916916916918,1.177601599624452e-18,1.9336262375931365e-23,10.0,1200,green
61261.261261261265,17.017017017017018,1.1845696221022638e-18,1.9336262375924462e-23,10.0,1200,green
61621.62162162163,17.117117117117118,1.1915376445800734e-18,1.9336262375918214e-23,10.0,1200,green
61981.98198198198,17.217217217217218,1.1985056670578807e-18,1.9336262375912563e-23,10.0,1200,green
62342.342342342345,17.31731731731732,1.2054736895356859e-18,1.933626237590745e-23,10.0,1200,green
62702.70270270271,17.41741741741742,1.2124417120134897e-18,1.933626237590282e-23,10.0,1200,green
63063.06306306307,17.51751751751752,1.2194097344912919e-18,1.9336262375898636e-23,10.0,1200,green
63423.423423423425,17.61761761761762,1.2263777569690924e-18,1.9336262375894848e-23,10.0,1200,green
63783.78378378379,17.71771771771772,1.2333457794468917e-18,1.933626237589142e-23,10.0,1200,green
64144.14414414415,17.81781781781782,1.24031380192469e-18,1.9336262375888324e-23,10.0,1200,green
64504.504504504504,17.91791791791792,1.2472818244024869e-18,1.9336262375885517e-23,10.0,1200,green
64864.86486486487,18.01801801801802,1.2542498468802828e-18,1.933626237588298e-23,10.0,1200,green
65225.22522522523,18.11811811811812,1.2612178693580782e-18,1.9336262375880683e-23,10.0,1200,green
65585.58558558559,18.21821821821822,1.2681858918358728e-18,1.9336262375878609e-23,10.0,1200,green
65945.94594594595,18.31831831831832,1.2751539143136664e-18,1.9336262375876728e-23,10.0,1200,green
66306.3063063063,18.41841841841842,1.2821219367914593e-18,1.933626237587503e-23,10.0,1200,green
66666.66666666667,18.51851851851852,1.2890899592692522e-18,1.933626237587349e-23,10.0,1200,green
67027.02702702703,18.61861861861862,1.296057981747044e-18,1.9336262375872096e-23,10.0,1200,green
67387.3873873874,18.71871871871872,1.3030260042248356e-18,1.9336262375870839e-23,10.0,1200,green
67747.74774774775,18.81881881881882,1.3099940267026268e-18,1.9336262375869698e-23,10.0,1200,green
68108.1081081081,18.91891891891892,1.3169620491804173e-18,1.933626237586867e-23,10.0,1200,green
68468.46846846848,19.01901901901902,1.3239300716582077e-18,1.9336262375867735e-23,10.0,1200,green
68828.82882882883,19.11911911911912,1.3308980941359977e-18,1.9336262375866892e-23,10.0,1200,green
69189.18918918919,19.21921921921922,1.3378661166137873e-18,1.9336262375866128e-23,10.0,1200,green
69549.54954954956,19.31931931931932,1.3448341390915769e-18,1.9336262375865437e-23,10.0,1200,green
69909.90990990991,19.41941941941942,1.351802161569366e-18,1.9336262375864814e-23,10.0,1200,green
70270.27027027027,19.51951951951952,1.3587701840471551e-18,1.9336262375864247e-23,10.0,1200,green
70630.63063063064,19.61961961961962,1.365738206524944e-18,1.9336262375863736e-23,10.0,1200,green
70990.99099099099,19.71971971971972,1.3727062290027326e-18,1.9336262375863274e-23,10.0,1200,green
71351.35135135135,19.81981981981982,1.379674251480521e-18,1.9336262375862854e-23,10.0,1200,green
71711.71171171172,19.91991991991992,1.3866422739583096e-18,1.9336262375862475e-23,10.0,1200,green
72072.07207207207,20.02002002002002,1.3936102964360975e-18,1.9336262375862134e-23,10.0,1200,green
72432.43243243243,20.12012012012012,1.4005783189138856e-18,1.9336262375861822e-23,10.0,1200,green
72792.7927927928,20.22022022022022,1.4075463413916738e-18,1.9336262375861543e-23,10.0,1200,green
73153.15315315315,20.32032032032032,1.4145143638694617e-18,1.9336262375861288e-23,10.0,1200,green
73513.5135135135,20.42042042042042,1.4214823863472492e-18,1.9336262375861058e-23,10.0,1200,green
73873.87387387388,20.52052052052052,1.4284504088250372e-18,1.9336262375860853e-23,10.0,1200,green
74234.23423423423,20.62062062062062,1.4354184313028249e-18,1.9336262375860665e-23,10.0,1200,green
74594.5945945946,20.72072072072072,1.4423864537806126e-18,1.9336262375860494e-23,10.0,1200,green
74954.95495495496,20.82082082082082,1.4493544762584e-18,1.9336262375860338e-23,10.0,1200,green
75315.31531531531,20.92092092092092,1.4563224987361873e-18,1.93362623758602e-23,10.0,1200,green
75675.67567567568,21.02102102102102,1.463290521213975e-18,1.9336262375860074e-23,10.0,1200,green
76036.03603603604,21.12112112112112,1.4702585436917623e-18,1.933626237585996e-23,10.0,1200,green
76396.39639639639,21.22122122122122,1.4772265661695496e-18,1.9336262375859856e-23,10.0,1200,green
76756.75675675676,21.32132132132132,1.4841945886473369e-18,1.9336262375859765e-23,10.0,1200,green
77117.11711711713,21.421421421421424,1.4911626111251245e-18,1.933626237585968e-23,10.0,1200,green
77477.47747747749,21.521521521521525,1.4981306336029116e-18,1.9336262375859604e-23,10.0,1200,green
77837.83783783785,21.621621621621625,1.5050986560806991e-18,1.9336262375859533e-23,10.0,1200,green
78198.19819819821,21.721721721721725,1.5120666785584862e-18,1.9336262375859471e-23,10.0,1200,green
78558.55855855856,21.821821821821825,1.5190347010362733e-18,1.9336262375859416e-23,10.0,1200,green
78918.91891891893,21.921921921921925,1.5260027235140606e-18,1.9336262375859363e-23,10.0,1200,green
79279.27927927929,22.022022022022025,1.5329707459918477e-18,1.933626237585932e-23,10.0,1200,green
79639.63963963964,22.122122122122125,1.5399387684696348e-18,1.9336262375859275e-23,10.0,1200,green
80000.00000000001,22.222222222222225,1.5469067909474219e-18,1.9336262375859236e-23,10.0,1200,green
80360.36036036037,22.322322322322325,1.553874813425209e-18,1.9336262375859204e-23,10.0,1200,green
80720.72072072072,22.422422422422425,1.5608428359029959e-18,1.9336262375859172e-23,10.0,1200,green
81081.0810810811,22.522522522522525,1.5678108583807832e-18,1.9336262375859145e-23,10.0,1200,green
81441.44144144145,22.622622622622625,1.57477888085857e-18,1.933626237585912e-23,10.0,1200,green
81801.8018018018,22.722722722722725,1.5817469033363572e-18,1.9336262375859095e-23,10.0,1200,green
82162.16216216217,22.822822822822825,1.5887149258141443e-18,1.9336262375859075e-23,10.0,1200,green
82522.52252252253,22.922922922922925,1.5956829482919314e-18,1.9336262375859057e-23,10.0,1200,green
82882.88288288288,23.023023023023026,1.6026509707697183e-18,1.933626237585904e-23,10.0,1200,green
83243.24324324325,23.123123123123126,1.6096189932475056e-18,1.9336262375859025e-23,10.0,1200,green
83603.60360360361,23.223223223223226,1.6165870157252925e-18,1.933626237585901e-23,10.0,1200,green
83963.96396396398,23.323323323323326,1.6235550382030797e-18,1.9336262375858998e-23,10.0,1200,green
84324.32432432433,23.423423423423426,1.6305230606808666e-18,1.9336262375858987e-23,10.0,1200,green
84684.68468468469,23.523523523523526,1.6374910831586535e-18,1.9336262375858975e-23,10.0,1200,green
85045.04504504506,23.623623623623626,1.6444591056364406e-18,1.9336262375858966e-23,10.0,1200,green
85405.40540540541,23.723723723723726,1.6514271281142275e-18,1.9336262375858957e-23,10.0,1200,green
85765.76576576577,23.823823823823826,1.6583951505920146e-18,1.933626237585895e-23,10.0,1200,green
86126.12612612614,23.923923923923926,1.6653631730698017e-18,1.9336262375858943e-23,10.0,1200,green
86486.4864864865,24.024024024024026,1.6723311955475886e-18,1.9336262375858937e-23,10.0,1200,green
86846.84684684685,24.124124124124126,1.6792992180253755e-18,1.933626237585893e-23,10.0,1200,green
87207.20720720722,24.224224224224226,1.6862672405031626e-18,1.9336262375858928e-23,10.0,1200,green
87567.56756756757,24.324324324324326,1.6932352629809495e-18,1.9336262375858922e-23,10.0,1200,green
87927.92792792793,24.424424424424426,1.7002032854587364e-18,1.933626237585892e-23,10.0,1200,green
88288.2882882883,24.524524524524526,1.7071713079365235e-18,1.9336262375858913e-23,10.0,1200,green
88648.64864864865,24.624624624624627,1.7141393304143104e-18,1.933626237585891e-23,10.0,1200,green
89009.00900900901,24.724724724724727,1.7211073528920973e-18,1.9336262375858907e-23,10.0,1200,green
89369.36936936938,24.824824824824827,1.7280753753698844e-18,1.9336262375858904e-23,10.0,1200,green
89729.72972972973,24.924924924924927,1.7350433978476715e-18,1.93362623758589e-23,10.0,1200,green
90090.0900900901,25.025025025025027,1.7420114203254586e-18,1.9336262375858898e-23,10.0,1200,green
90450.45045045046,25.125125125125127,1.7489794428032453e-18,1.9336262375858898e-23,10.0,1200,green
90810.81081081081,25.225225225225227,1.7559474652810324e-18,1.9336262375858895e-23,10.0,1200,green
91171.17117117118,25.325325325325327,1.7629154877588195e-18,1.9336262375858895e-23,10.0,1200,green
91531.53153153154,25.425425425425427,1.7698835102366062e-18,1.9336262375858893e-23,10.0,1200,green
91891.8918918919,25.525525525525527,1.7768515327143933e-18,1.9336262375858893e-23,10.0,1200,green
92252.25225225226,25.625625625625627,1.7838195551921804e-18,1.933626237585889e-23,10.0,1200,green
92612.61261261262,25.725725725725727,1.790787577669967e-18,1.933626237585889e-23,10.0,1200,green
92972.97297297297,25.825825825825827,1.7977556001477542e-18,1.9336262375858887e-23,10.0,1200,green
93333.33333333334,25.925925925925927,1.8047236226255413e-18,1.9336262375858887e-23,10.0,1200,green
93693.6936936937,26.026026026026027,1.8116916451033284e-18,1.9336262375858887e-23,10.0,1200,green
94054.05405405405,26.126126126126128,1.818659667581115e-18,1.9336262375858884e-23,10.0,1200,green
94414.41441441442,26.226226226226228,1.8256276900589022e-18,1.9336262375858884e-23,10.0,1200,green
94774.77477477478,26.326326326326328,1.8325957125366893e-18,1.9336262375858884e-23,10.0,1200,green
95135.13513513513,26.426426426426428,1.839563735014476e-18,1.9336262375858884e-23,10.0,1200,green
95495.4954954955,26.526526526526528,1.846531757492263e-18,1.9336262375858884e-23,10.0,1200,green
95855.85585585586,26.626626626626628,1.8534997799700502e-18,1.933626237585888e-23,10.0,1200,green
96216.21621621623,26.726726726726728,1.8604678024478373e-18,1.933626237585888e-23,10.0,1200,green
96576.57657657658,26.826826826826828,1.867435824925624e-18,1.933626237585888e-23,10.0,1200,green
96936.93693693694,26.926926926926928,1.874403847403411e-18,1.933626237585888e-23,10.0,1200,green
97297.29729729731,27.027027027027028,1.8813718698811982e-18,1.933626237585888e-23,10.0,1200,green
97657.65765765766,27.127127127127128,1.888339892358985e-18,1.933626237585888e-23,10.0,1200,green
98018.01801801802,27.227227227227228,1.895307914836772e-18,1.933626237585888e-23,10.0,1200,green
98378.37837837839,27.32732732732733,1.902275937314559e-18,1.933626237585888e-23,10.0,1200,green
98738.73873873874,27.42742742742743,1.909243959792346e-18,1.933626237585888e-23,10.0,1200,green
99099.0990990991,27.52752752752753,1.916211982270133e-18,1.933626237585888e-23,10.0,1200,green
99459.45945945947,27.62762762762763,1.92318000474792e-18,1.933626237585888e-23,10.0,1200,green
99819.81981981982,27.72772772772773,1.9301480272257067e-18,1.9336262375858878e-23,10.0,1200,green
100180.18018018018,27.82782782782783,1.937116049703494e-18,1.9336262375858878e-23,10.0,1200,green
100540.54054054055,27.92792792792793,1.944084072181281e-18,1.9336262375858878e-23,10.0,1200,green
100900.9009009009,28.02802802802803,1.951052094659068e-18,1.9336262375858878e-23,10.0,1200,green
101261.26126126126,28.12812812812813,1.9580201171368547e-18,1.9336262375858878e-23,10.0,1200,green
101621.62162162163,28.22822822822823,1.964988139614642e-18,1.9336262375858878e-23,10.0,1200,green
101981.98198198198,28.32832832832833,1.971956162092429e-18,1.9336262375858878e-23,10.0,1200,green
102342.34234234234,28.42842842842843,1.9789241845702156e-18,1.9336262375858878e-23,10.0,1200,green
102702.7027027027,28.52852852852853,1.9858922070480027e-18,1.9336262375858878e-23,10.0,1200,green
103063.06306306306,28.62862862862863,1.99286022952579e-18,1.9336262375858878e-23,10.0,1200,green
103423.42342342343,28.72872872872873,1.999828252003577e-18,1.9336262375858878e-23,10.0,1200,green
103783.78378378379,28.82882882882883,2.0067962744813636e-18,1.9336262375858878e-23,10.0,1200,green
104144.14414414414,28.92892892892893,2.0137642969591507e-18,1.9336262375858878e-23,10.0,1200,green
104504.50450450451,29.02902902902903,2.020732319436938e-18,1.9336262375858878e-23,10.0,1200,green
104864.86486486487,29.12912912912913,2.0277003419147245e-18,1.9336262375858878e-23,10.0,1200,green
105225.22522522522,29.22922922922923,2.0346683643925116e-18,1.9336262375858878e-23,10.0,1200,green
105585.58558558559,29.32932932932933,2.0416363868702987e-18,1.9336262375858878e-23,10.0,1200,green
105945.94594594595,29.42942942942943,2.0486044093480854e-18,1.9336262375858878e-23,10.0,1200,green
106306.3063063063,29.52952952952953,2.0555724318258725e-18,1.9336262375858878e-23,10.0,1200,green
106666.66666666667,29.62962962962963,2.0625404543036596e-18,1.9336262375858878e-23,10.0,1200,green
107027.02702702703,29.72972972972973,2.0695084767814463e-18,1.9336262375858878e-23,10.0,1200,green
107387.38738738738,29.82982982982983,2.0764764992592334e-18,1.9336262375858878e-23,10.0,1200,green
107747.74774774777,29.929929929929934,2.083444521737021e-18,1.9336262375858878e-23,10.0,1200,green
108108.10810810812,30.030030030030034,2.0904125442148076e-18,1.9336262375858878e-23,10.0,1200,green
108468.46846846848,30.130130130130134,2.0973805666925947e-18,1.9336262375858878e-23,10.0,1200,green
108828.82882882885,30.230230230230234,2.1043485891703818e-18,1.9336262375858878e-23,10.0,1200,green
109189.1891891892,30.330330330330334,2.1113166116481685e-18,1.9336262375858878e-23,10.0,1200,green
109549.54954954956,30.430430430430434,2.1182846341259556e-18,1.9336262375858878e-23,10.0,1200,green
109909.90990990993,30.530530530530534,2.1252526566037427e-18,1.9336262375858878e-23,10.0,1200,green
110270.27027027028,30.630630630630634,2.1322206790815294e-18,1.9336262375858878e-23,10.0,1200,green
110630.63063063064,30.730730730730734,2.1391887015593165e-18,1.9336262375858878e-23,10.0,1200,green
110990.990990991,30.830830830830834,2.1461567240371036e-18,1.9336262375858878e-23,10.0,1200,green
111351.35135135136,30.930930930930934,2.1531247465148903e-18,1.9336262375858878e-23,10.0,1200,green
111711.71171171172,31.031031031031034,2.1600927689926774e-18,1.9336262375858878e-23,10.0,1200,green
112072.07207207209,31.131131131131134,2.1670607914704645e-18,1.9336262375858878e-23,10.0,1200,green
112432.43243243244,31.231231231231234,2.1740288139482516e-18,1.9336262375858878e-23,10.0,1200,green
112792.79279279281,31.331331331331334,2.1809968364260387e-18,1.9336262375858878e-23,10.0,1200,green
113153.15315315317,31.431431431431434,2.1879648589038254e-18,1.9336262375858878e-23,10.0,1200,green
113513.51351351352,31.531531531531535,2.1949328813816125e-18,1.9336262375858878e-23,10.0,1200,green
113873.87387387389,31.631631631631635,2.2019009038593996e-18,1.9336262375858878e-23,10.0,1200,green
114234.23423423425,31.731731731731735,2.2088689263371863e-18,1.9336262375858878e-23,10.0,1200,green
114594.5945945946,31.831831831831835,2.2158369488149734e-18,1.9336262375858878e-23,10.0,1200,green
114954.95495495497,31.931931931931935,2.2228049712927605e-18,1.9336262375858878e-23,10.0,1200,green
115315.31531531533,32.032032032032035,2.2297729937705472e-18,1.9336262375858878e-23,10.0,1200,green
115675.67567567568,32.132132132132135,2.2367410162483343e-18,1.9336262375858878e-23,10.0,1200,green
116036.03603603605,32.232232232232235,2.2437090387261214e-18,1.9336262375858878e-23,10.0,1200,green
116396.3963963964,32.332332332332335,2.250677061203908e-18,1.9336262375858878e-23,10.0,1200,green
116756.75675675676,32.432432432432435,2.2576450836816952e-18,1.9336262375858878e-23,10.0,1200,green
117117.11711711713,32.532532532532535,2.2646131061594823e-18,1.9336262375858878e-23,10.0,1200,green
117477.47747747749,32.632632632632635,2.271581128637269e-18,1.9336262375858878e-23,10.0,1200,green
117837.83783783784,32.732732732732735,2.278549151115056e-18,1.9336262375858878e-23,10.0,1200,green
118198.19819819821,32.832832832832835,2.285517173592843e-18,1.9336262375858878e-23,10.0,1200,green
118558.55855855856,32.932932932932935,2.2924851960706303e-18,1.9336262375858878e-23,10.0,1200,green
118918.91891891893,33.033033033033036,2.2994532185484174e-18,1.9336262375858878e-23,10.0,1200,green
119279.27927927929,33.133133133133136,2.306421241026204e-18,1.9336262375858878e-23,10.0,1200,green
119639.63963963964,33.233233233233236,2.313389263503991e-18,1.9336262375858878e-23,10.0,1200,green
120000.00000000001,33.333333333333336,2.3203572859817783e-18,1.9336262375858878e-23,10.0,1200,green
120360.36036036037,33.433433433433436,2.327325308459565e-18,1.9336262375858878e-23,10.0,1200,green
120720.72072072072,33.533533533533536,2.334293330937352e-18,1.9336262375858878e-23,10.0,1200,green
121081.0810810811,33.633633633633636,2.341261353415139e-18,1.9336262375858878e-23,10.0,1200,green
121441.44144144145,33.733733733733736,2.348229375892926e-18,1.9336262375858878e-23,10.0,1200,green
121801.8018018018,33.833833833833836,2.355197398370713e-18,1.9336262375858878e-23,10.0,1200,green
122162.16216216217,33.933933933933936,2.3621654208485e-18,1.9336262375858878e-23,10.0,1200,green
122522.52252252253,34.034034034034036,2.3691334433262868e-18,1.9336262375858878e-23,10.0,1200,green
122882.88288288288,34.134134134134136,2.376101465804074e-18,1.9336262375858878e-23,10.0,1200,green
123243.24324324325,34.234234234234236,2.383069488281861e-18,1.9336262375858878e-23,10.0,1200,green
123603.60360360361,34.334334334334336,2.3900375107596477e-18,1.9336262375858878e-23,10.0,1200,green
123963.96396396396,34.434434434434436,2.3970055332374348e-18,1.9336262375858878e-23,10.0,1200,green
124324.32432432433,34.53453453453454,2.403973555715222e-18,1.9336262375858878e-23,10.0,1200,green
124684.68468468469,34.63463463463464,2.4109415781930086e-18,1.9336262375858878e-23,10.0,1200,green
125045.04504504506,34.73473473473474,2.417909600670796e-18,1.9336262375858878e-23,10.0,1200,green
125405.40540540541,34.83483483483484,2.4248776231485828e-18,1.9336262375858878e-23,10.0,1200,green
125765.76576576577,34.93493493493494,2.43184564562637e-18,1.9336262375858878e-23,10.0,1200,green
126126.12612612614,35.03503503503504,2.438813668104157e-18,1.9336262375858878e-23,10.0,1200,green
126486.4864864865,35.13513513513514,2.4457816905819437e-18,1.9336262375858878e-23,10.0,1200,green
126846.84684684685,35.23523523523524,2.4527497130597308e-18,1.9336262375858878e-23,10.0,1200,green
127207.20720720722,35.33533533533534,2.459717735537518e-18,1.9336262375858878e-23,10.0,1200,green
127567.56756756757,35.43543543543544,2.4666857580153046e-18,1.9336262375858878e-23,10.0,1200,green
127927.92792792793,35.53553553553554,2.4736537804930917e-18,1.9336262375858878e-23,10.0,1200,green
128288.2882882883,35.63563563563564,2.4806218029708788e-18,1.9336262375858878e-23,10.0,1200,green
128648.64864864865,35.73573573573574,2.4875898254486655e-18,1.9336262375858878e-23,10.0,1200,green
129009.00900900901,35.83583583583584,2.4945578479264526e-18,1.9336262375858878e-23,10.0,1200,green
129369.36936936938,35.93593593593594,2.5015258704042397e-18,1.9336262375858878e-23,10.0,1200,green
129729.72972972973,36.03603603603604,2.5084938928820264e-18,1.9336262375858878e-23,10.0,1200,green
130090.09009009009,36.13613613613614,2.5154619153598135e-18,1.9336262375858878e-23,10.0,1200,green
130450.45045045046,36.23623623623624,2.5224299378376006e-18,1.9336262375858878e-23,10.0,1200,green
130810.81081081081,36.33633633633634,2.5293979603153873e-18,1.9336262375858878e-23,10.0,1200,green
131171.17117117118,36.43643643643644,2.5363659827931748e-18,1.9336262375858878e-23,10.0,1200,green
131531.53153153154,36.53653653653654,2.5433340052709615e-18,1.9336262375858878e-23,10.0,1200,green
131891.8918918919,36.63663663663664,2.5503020277487486e-18,1.9336262375858878e-23,10.0,1200,green
132252.25225225225,36.73673673673674,2.5572700502265353e-18,1.9336262375858878e-23,10.0,1200,green
132612.6126126126,36.83683683683684,2.564238072704322e-18,1.9336262375858878e-23,10.0,1200,green
132972.972972973,36.93693693693694,2.5712060951821095e-18,1.9336262375858878e-23,10.0,1200,green
133333.33333333334,37.03703703703704,2.5781741176598966e-18,1.9336262375858878e-23,10.0,1200,green
133693.6936936937,37.13713713713714,2.5851421401376833e-18,1.9336262375858878e-23,10.0,1200,green
134054.05405405405,37.23723723723724,2.5921101626154704e-18,1.9336262375858878e-23,10.0,1200,green
134414.4144144144,37.33733733733734,2.599078185093257e-18,1.9336262375858878e-23,10.0,1200,green
134774.7747747748,37.43743743743744,2.6060462075710446e-18,1.9336262375858878e-23,10.0,1200,green
135135.13513513515,37.53753753753754,2.6130142300488313e-18,1.9336262375858878e-23,10.0,1200,green
135495.4954954955,37.63763763763764,2.6199822525266184e-18,1.9336262375858878e-23,10.0,1200,green
135855.85585585586,37.73773773773774,2.626950275004405e-18,1.9336262375858878e-23,10.0,1200,green
136216.2162162162,37.83783783783784,2.633918297482192e-18,1.9336262375858878e-23,10.0,1200,green
136576.57657657657,37.93793793793794,2.640886319959979e-18,1.9336262375858878e-23,10.0,1200,green
136936.93693693695,38.03803803803804,2.6478543424377664e-18,1.9336262375858878e-23,10.0,1200,green
137297.2972972973,38.13813813813814,2.6548223649155535e-18,1.9336262375858878e-23,10.0,1200,green
137657.65765765766,38.23823823823824,2.66179038739334e-18,1.9336262375858878e-23,10.0,1200,green
138018.01801801802,38.33833833833834,2.668758409871127e-18,1.9336262375858878e-23,10.0,1200,green
138378.37837837837,38.43843843843844,2.675726432348914e-18,1.9336262375858878e-23,10.0,1200,green
138738.73873873873,38.53853853853854,2.6826944548267007e-18,1.9336262375858878e-23,10.0,1200,green
139099.0990990991,38.63863863863864,2.689662477304488e-18,1.9336262375858878e-23,10.0,1200,green
139459.45945945947,38.73873873873874,2.6966304997822753e-18,1.9336262375858878e-23,10.0,1200,green
139819.81981981982,38.83883883883884,2.703598522260062e-18,1.9336262375858878e-23,10.0,1200,green
140180.18018018018,38.93893893893894,2.710566544737849e-18,1.9336262375858878e-23,10.0,1200,green
140540.54054054053,39.03903903903904,2.7175345672156358e-18,1.9336262375858878e-23,10.0,1200,green
140900.9009009009,39.13913913913914,2.7245025896934225e-18,1.9336262375858878e-23,10.0,1200,green
141261.26126126127,39.23923923923924,2.73147061217121e-18,1.9336262375858878e-23,10.0,1200,green
141621.62162162163,39.33933933933934,2.738438634648997e-18,1.9336262375858878e-23,10.0,1200,green
141981.98198198198,39.43943943943944,2.7454066571267838e-18,1.9336262375858878e-23,10.0,1200,green
142342.34234234234,39.53953953953954,2.752374679604571e-18,1.9336262375858878e-23,10.0,1200,green
142702.7027027027,39.63963963963964,2.7593427020823576e-18,1.9336262375858878e-23,10.0,1200,green
143063.06306306308,39.73973973973974,2.766310724560145e-18,1.9336262375858878e-23,10.0,1200,green
143423.42342342343,39.83983983983984,2.773278747037932e-18,1.9336262375858878e-23,10.0,1200,green
143783.7837837838,39.93993993993994,2.780246769515719e-18,1.9336262375858878e-23,10.0,1200,green
144144.14414414414,40.04004004004004,2.7872147919935056e-18,1.9336262375858878e-23,10.0,1200,green
144504.5045045045,40.14014014014014,2.7941828144712927e-18,1.9336262375858878e-23,10.0,1200,green
144864.86486486485,40.24024024024024,2.8011508369490794e-18,1.9336262375858878e-23,10.0,1200,green
145225.22522522524,40.34034034034034,2.808118859426867e-18,1.9336262375858878e-23,10.0,1200,green
145585.5855855856,40.44044044044044,2.815086881904654e-18,1.9336262375858878e-23,10.0,1200,green
145945.94594594595,40.54054054054054,2.8220549043824407e-18,1.9336262375858878e-23,10.0,1200,green
146306.3063063063,40.64064064064064,2.8290229268602278e-18,1.9336262375858878e-23,10.0,1200,green
146666.66666666666,40.74074074074074,2.8359909493380145e-18,1.9336262375858878e-23,10.0,1200,green
147027.027027027,40.84084084084084,2.842958971815801e-18,1.9336262375858878e-23,10.0,1200,green
147387.3873873874,40.94094094094094,2.8499269942935887e-18,1.9336262375858878e-23,10.0,1200,green
147747.74774774775,41.04104104104104,2.8568950167713758e-18,1.9336262375858878e-23,10.0,1200,green
148108.1081081081,41.14114114114114,2.8638630392491625e-18,1.9336262375858878e-23,10.0,1200,green
148468.46846846846,41.24124124124124,2.8708310617269496e-18,1.9336262375858878e-23,10.0,1200,green
148828.82882882882,41.34134134134134,2.8777990842047363e-18,1.9336262375858878e-23,10.0,1200,green
149189.1891891892,41.44144144144144,2.8847671066825237e-18,1.9336262375858878e-23,10.0,1200,green
149549.54954954956,41.54154154154154,2.8917351291603105e-18,1.9336262375858878e-23,10.0,1200,green
149909.9099099099,41.64164164164164,2.8987031516380976e-18,1.9336262375858878e-23,10.0,1200,green
150270.27027027027,41.74174174174174,2.9056711741158843e-18,1.9336262375858878e-23,10.0,1200,green
150630.63063063062,41.84184184184184,2.9126391965936714e-18,1.9336262375858878e-23,10.0,1200,green
150990.99099099098,41.94194194194194,2.919607219071458e-18,1.9336262375858878e-23,10.0,1200,green
151351.35135135136,42.04204204204204,2.9265752415492455e-18,1.9336262375858878e-23,10.0,1200,green
151711.71171171172,42.14214214214214,2.9335432640270326e-18,1.9336262375858878e-23,10.0,1200,green
152072.07207207207,42.24224224224224,2.9405112865048194e-18,1.9336262375858878e-23,10.0,1200,green
152432.43243243243,42.34234234234234,2.9474793089826064e-18,1.9336262375858878e-23,10.0,1200,green
152792.79279279278,42.44244244244244,2.954447331460393e-18,1.9336262375858878e-23,10.0,1200,green
153153.15315315314,42.54254254254254,2.96141535393818e-18,1.9336262375858878e-23,10.0,1200,green
153513.51351351352,42.64264264264264,2.9683833764159673e-18,1.9336262375858878e-23,10.0,1200,green
153873.8738738739,42.74274274274275,2.975351398893755e-18,1.9336262375858878e-23,10.0,1200,green
154234.23423423426,42.84284284284285,2.982319421371542e-18,1.9336262375858878e-23,10.0,1200,green
154594.59459459462,42.94294294294295,2.9892874438493286e-18,1.9336262375858878e-23,10.0,1200,green
154954.95495495497,43.04304304304305,2.9962554663271157e-18,1.9336262375858878e-23,10.0,1200,green
155315.31531531533,43.14314314314315,3.0032234888049024e-18,1.9336262375858878e-23,10.0,1200,green
155675.6756756757,43.24324324324325,3.01019151128269e-18,1.9336262375858878e-23,10.0,1200,green
156036.03603603606,43.34334334334335,3.0171595337604766e-18,1.9336262375858878e-23,10.0,1200,green
156396.39639639642,43.44344344344345,3.0241275562382637e-18,1.9336262375858878e-23,10.0,1200,green
156756.75675675677,43.54354354354355,3.0310955787160504e-18,1.9336262375858878e-23,10.0,1200,green
157117.11711711713,43.64364364364365,3.0380636011938375e-18,1.9336262375858878e-23,10.0,1200,green
157477.47747747749,43.74374374374375,3.0450316236716242e-18,1.9336262375858878e-23,10.0,1200,green
157837.83783783787,43.84384384384385,3.0519996461494117e-18,1.9336262375858878e-23,10.0,1200,green
158198.19819819822,43.94394394394395,3.0589676686271984e-18,1.9336262375858878e-23,10.0,1200,green
158558.55855855858,44.04404404404405,3.0659356911049855e-18,1.9336262375858878e-23,10.0,1200,green
158918.91891891893,44.14414414414415,3.0729037135827722e-18,1.9336262375858878e-23,10.0,1200,green
159279.2792792793,44.24424424424425,3.0798717360605593e-18,1.9336262375858878e-23,10.0,1200,green
159639.63963963967,44.34434434434435,3.086839758538347e-18,1.9336262375858878e-23,10.0,1200,green
160000.00000000003,44.44444444444445,3.0938077810161335e-18,1.9336262375858878e-23,10.0,1200,green
160360.36036036038,44.54454454454455,3.1007758034939206e-18,1.9336262375858878e-23,10.0,1200,green
160720.72072072074,44.64464464464465,3.1077438259717073e-18,1.9336262375858878e-23,10.0,1200,green
161081.0810810811,44.74474474474475,3.1147118484494944e-18,1.9336262375858878e-23,10.0,1200,green
161441.44144144145,44.84484484484485,3.121679870927281e-18,1.9336262375858878e-23,10.0,1200,green
161801.80180180183,44.94494494494495,3.1286478934050686e-18,1.9336262375858878e-23,10.0,1200,green
162162.1621621622,45.04504504504505,3.1356159158828553e-18,1.9336262375858878e-23,10.0,1200,green
162522.52252252254,45.14514514514515,3.1425839383606424e-18,1.9336262375858878e-23,10.0,1200,green
162882.8828828829,45.24524524524525,3.149551960838429e-18,1.9336262375858878e-23,10.0,1200,green
163243.24324324325,45.34534534534535,3.1565199833162162e-18,1.9336262375858878e-23,10.0,1200,green
163603.6036036036,45.44544544544545,3.163488005794003e-18,1.9336262375858878e-23,10.0,1200,green
163963.963963964,45.54554554554555,3.1704560282717904e-18,1.9336262375858878e-23,10.0,1200,green
164324.32432432435,45.64564564564565,3.177424050749577e-18,1.9336262375858878e-23,10.0,1200,green
164684.6846846847,45.74574574574575,3.1843920732273642e-18,1.9336262375858878e-23,10.0,1200,green
165045.04504504506,45.84584584584585,3.191360095705151e-18,1.9336262375858878e-23,10.0,1200,green
165405.4054054054,45.94594594594595,3.198328118182938e-18,1.9336262375858878e-23,10.0,1200,green
165765.76576576577,46.04604604604605,3.2052961406607247e-18,1.9336262375858878e-23,10.0,1200,green
166126.12612612615,46.14614614614615,3.2122641631385122e-18,1.9336262375858878e-23,10.0,1200,green
166486.4864864865,46.24624624624625,3.2192321856162993e-18,1.9336262375858878e-23,10.0,1200,green
166846.84684684686,46.34634634634635,3.226200208094086e-18,1.9336262375858878e-23,10.0,1200,green
167207.20720720722,46.44644644644645,3.2331682305718727e-18,1.9336262375858878e-23,10.0,1200,green
167567.56756756757,46.54654654654655,3.24013625304966e-18,1.9336262375858878e-23,10.0,1200,green
167927.92792792796,46.64664664664665,3.2471042755274473e-18,1.9336262375858878e-23,10.0,1200,green
168288.2882882883,46.74674674674675,3.254072298005234e-18,1.9336262375858878e-23,10.0,1200,green
168648.64864864867,46.84684684684685,3.261040320483021e-18,1.9336262375858878e-23,10.0,1200,green
169009.00900900902,46.94694694694695,3.268008342960808e-18,1.9336262375858878e-23,10.0,1200,green
169369.36936936938,47.04704704704705,3.274976365438595e-18,1.9336262375858878e-23,10.0,1200,green
169729.72972972973,47.14714714714715,3.2819443879163816e-18,1.9336262375858878e-23,10.0,1200,green
170090.09009009012,47.24724724724725,3.288912410394169e-18,1.9336262375858878e-23,10.0,1200,green
170450.45045045047,47.34734734734735,3.295880432871956e-18,1.9336262375858878e-23,10.0,1200,green
170810.81081081083,47.44744744744745,3.302848455349743e-18,1.9336262375858878e-23,10.0,1200,green
171171.17117117118,47.54754754754755,3.3098164778275296e-18,1.9336262375858878e-23,10.0,1200,green
171531.53153153154,47.64764764764765,3.3167845003053167e-18,1.9336262375858878e-23,10.0,1200,green
171891.8918918919,47.74774774774775,3.3237525227831034e-18,1.9336262375858878e-23,10.0,1200,green
172252.25225225228,47.84784784784785,3.330720545260891e-18,1.9336262375858878e-23,10.0,1200,green
172612.61261261263,47.94794794794795,3.337688567738678e-18,1.9336262375858878e-23,10.0,1200,green
172972.972972973,48.04804804804805,3.3446565902164647e-18,1.9336262375858878e-23,10.0,1200,green
173333.33333333334,48.14814814814815,3.3516246126942514e-18,1.9336262375858878e-23,10.0,1200,green
173693.6936936937,48.24824824824825,3.3585926351720385e-18,1.9336262375858878e-23,10.0,1200,green
174054.05405405408,48.34834834834835,3.365560657649826e-18,1.9336262375858878e-23,10.0,1200,green
174414.41441441444,48.44844844844845,3.3725286801276127e-18,1.9336262375858878e-23,10.0,1200,green
174774.7747747748,48.54854854854855,3.3794967026053998e-18,1.9336262375858878e-23,10.0,1200,green
175135.13513513515,48.64864864864865,3.3864647250831865e-18,1.9336262375858878e-23,10.0,1200,green
175495.4954954955,48.74874874874875,3.3934327475609736e-18,1.9336262375858878e-23,10.0,1200,green
175855.85585585586,48.84884884884885,3.4004007700387603e-18,1.9336262375858878e-23,10.0,1200,green
176216.21621621624,48.94894894894895,3.4073687925165478e-18,1.9336262375858878e-23,10.0,1200,green
176576.5765765766,49.04904904904905,3.4143368149943345e-18,1.9336262375858878e-23,10.0,1200,green
176936.93693693695,49.14914914914915,3.4213048374721216e-18,1.9336262375858878e-23,10.0,1200,green
177297.2972972973,49.24924924924925,3.4282728599499083e-18,1.9336262375858878e-23,10.0,1200,green
177657.65765765766,49.34934934934935,3.4352408824276954e-18,1.9336262375858878e-23,10.0,1200,green
178018.01801801802,49.44944944944945,3.442208904905482e-18,1.9336262375858878e-23,10.0,1200,green
178378.3783783784,49.54954954954955,3.4491769273832696e-18,1.9336262375858878e-23,10.0,1200,green
178738.73873873876,49.64964964964965,3.4561449498610563e-18,1.9336262375858878e-23,10.0,1200,green
179099.0990990991,49.74974974974975,3.4631129723388434e-18,1.9336262375858878e-23,10.0,1200,green
179459.45945945947,49.84984984984985,3.4700809948166305e-18,1.9336262375858878e-23,10.0,1200,green
179819.81981981982,49.94994994994995,3.477049017294417e-18,1.9336262375858878e-23,10.0,1200,green
180180.1801801802,50.050050050050054,3.484017039772205e-18,1.9336262375858878e-23,10.0,1200,green
180540.54054054056,50.150150150150154,3.4909850622499914e-18,1.9336262375858878e-23,10.0,1200,green
180900.90090090092,50.250250250250254,3.497953084727778e-18,1.9336262375858878e-23,10.0,1200,green
181261.26126126127,50.350350350350354,3.5049211072055656e-18,1.9336262375858878e-23,10.0,1200,green
181621.62162162163,50.450450450450454,3.511889129683352e-18,1.9336262375858878e-23,10.0,1200,green
181981.98198198198,50.550550550550554,3.518857152161139e-18,1.9336262375858878e-23,10.0,1200,green
182342.34234234237,50.650650650650654,3.5258251746389265e-18,1.9336262375858878e-23,10.0,1200,green
182702.70270270272,50.750750750750754,3.532793197116713e-18,1.9336262375858878e-23,10.0,1200,green
183063.06306306308,50.850850850850854,3.5397612195945e-18,1.9336262375858878e-23,10.0,1200,green
183423.42342342343,50.950950950950954,3.5467292420722874e-18,1.9336262375858878e-23,10.0,1200,green
183783.7837837838,51.051051051051054,3.553697264550074e-18,1.9336262375858878e-23,10.0,1200,green
184144.14414414414,51.151151151151154,3.560665287027861e-18,1.9336262375858878e-23,10.0,1200,green
184504.50450450453,51.251251251251254,3.567633309505648e-18,1.9336262375858878e-23,10.0,1200,green
184864.86486486488,51.351351351351354,3.574601331983435e-18,1.9336262375858878e-23,10.0,1200,green
185225.22522522524,51.451451451451454,3.581569354461222e-18,1.9336262375858878e-23,10.0,1200,green
185585.5855855856,51.551551551551555,3.588537376939009e-18,1.9336262375858878e-23,10.0,1200,green
185945.94594594595,51.651651651651655,3.595505399416796e-18,1.9336262375858878e-23,10.0,1200,green
186306.30630630633,51.751751751751755,3.602473421894583e-18,1.9336262375858878e-23,10.0,1200,green
186666.6666666667,51.851851851851855,3.60944144437237e-18,1.9336262375858878e-23,10.0,1200,green
187027.02702702704,51.951951951951955,3.616409466850157e-18,1.9336262375858878e-23,10.0,1200,green
187387.3873873874,52.052052052052055,3.623377489327944e-18,1.9336262375858878e-23,10.0,1200,green
187747.74774774775,52.152152152152155,3.630345511805731e-18,1.9336262375858878e-23,10.0,1200,green
188108.1081081081,52.252252252252255,3.637313534283518e-18,1.9336262375858878e-23,10.0,1200,green
188468.4684684685,52.352352352352355,3.644281556761305e-18,1.9336262375858878e-23,10.0,1200,green
188828.82882882885,52.452452452452455,3.651249579239092e-18,1.9336262375858878e-23,10.0,1200,green
189189.1891891892,52.552552552552555,3.6582176017168786e-18,1.9336262375858878e-23,10.0,1200,green
189549.54954954956,52.652652652652655,3.665185624194666e-18,1.9336262375858878e-23,10.0,1200,green
189909.9099099099,52.752752752752755,3.672153646672453e-18,1.9336262375858878e-23,10.0,1200,green
190270.27027027027,52.852852852852855,3.6791216691502395e-18,1.9336262375858878e-23,10.0,1200,green
190630.63063063065,52.952952952952955,3.686089691628027e-18,1.9336262375858878e-23,10.0,1200,green
190990.990990991,53.053053053053056,3.693057714105814e-18,1.9336262375858878e-23,10.0,1200,green
191351.35135135136,53.153153153153156,3.7000257365836004e-18,1.9336262375858878e-23,10.0,1200,green
191711.71171171172,53.253253253253256,3.706993759061388e-18,1.9336262375858878e-23,10.0,1200,green
192072.07207207207,53.353353353353356,3.7139617815391746e-18,1.9336262375858878e-23,10.0,1200,green
192432.43243243246,53.453453453453456,3.720929804016962e-18,1.9336262375858878e-23,10.0,1200,green
192792.7927927928,53.553553553553556,3.727897826494749e-18,1.9336262375858878e-23,10.0,1200,green
193153.15315315317,53.653653653653656,3.7348658489725355e-18,1.9336262375858878e-23,10.0,1200,green
193513.51351351352,53.753753753753756,3.741833871450322e-18,1.9336262375858878e-23,10.0,1200,green
193873.87387387388,53.853853853853856,3.74880189392811e-18,1.9336262375858878e-23,10.0,1200,green
194234.23423423423,53.953953953953956,3.7557699164058964e-18,1.9336262375858878e-23,10.0,1200,green
194594.59459459462,54.054054054054056,3.762737938883684e-18,1.9336262375858878e-23,10.0,1200,green
194954.95495495497,54.154154154154156,3.7697059613614706e-18,1.9336262375858878e-23,10.0,1200,green
195315.31531531533,54.254254254254256,3.776673983839257e-18,1.9336262375858878e-23,10.0,1200,green
195675.67567567568,54.354354354354356,3.783642006317045e-18,1.9336262375858878e-23,10.0,1200,green
196036.03603603604,54.454454454454456,3.7906100287948315e-18,1.9336262375858878e-23,10.0,1200,green
196396.3963963964,54.55455455455456,3.797578051272618e-18,1.9336262375858878e-23,10.0,1200,green
196756.75675675677,54.65465465465466,3.804546073750406e-18,1.9336262375858878e-23,10.0,1200,green
197117.11711711713,54.75475475475476,3.811514096228192e-18,1.9336262375858878e-23,10.0,1200,green
197477.47747747749,54.85485485485486,3.818482118705979e-18,1.9336262375858878e-23,10.0,1200,green
197837.83783783784,54.95495495495496,3.8254501411837666e-18,1.9336262375858878e-23,10.0,1200,green
198198.1981981982,55.05505505505506,3.832418163661553e-18,1.9336262375858878e-23,10.0,1200,green
198558.55855855855,55.15515515515516,3.83938618613934e-18,1.9336262375858878e-23,10.0,1200,green
198918.91891891893,55.25525525525526,3.8463542086171275e-18,1.9336262375858878e-23,10.0,1200,green
199279.2792792793,55.35535535535536,3.853322231094914e-18,1.9336262375858878e-23,10.0,1200,green
199639.63963963964,55.45545545545546,3.860290253572701e-18,1.9336262375858878e-23,10.0,1200,green
200000.0,55.55555555555556,3.867258276050488e-18,1.9336262375858878e-23,10.0,1200,green
200360.36036036036,55.65565565565566,3.874226298528275e-18,1.9336262375858878e-23,10.0,1200,green
200720.72072072074,55.75575575575576,3.8811943210060626e-18,1.9336262375858878e-23,10.0,1200,green
201081.0810810811,55.85585585585586,3.888162343483849e-18,1.9336262375858878e-23,10.0,1200,green
201441.44144144145,55.95595595595596,3.895130365961636e-18,1.9336262375858878e-23,10.0,1200,green
201801.8018018018,56.05605605605606,3.9020983884394235e-18,1.9336262375858878e-23,10.0,1200,green
202162.16216216216,56.15615615615616,3.90906641091721e-18,1.9336262375858878e-23,10.0,1200,green
202522.52252252251,56.25625625625626,3.916034433394997e-18,1.9336262375858878e-23,10.0,1200,green
202882.8828828829,56.35635635635636,3.923002455872784e-18,1.9336262375858878e-23,10.0,1200,green
203243.24324324325,56.45645645645646,3.929970478350571e-18,1.9336262375858878e-23,10.0,1200,green
203603.6036036036,56.55655655655656,3.936938500828358e-18,1.9336262375858878e-23,10.0,1200,green
203963.96396396396,56.65665665665666,3.943906523306145e-18,1.9336262375858878e-23,10.0,1200,green
204324.32432432432,56.75675675675676,3.950874545783932e-18,1.9336262375858878e-23,10.0,1200,green
204684.68468468467,56.85685685685686,3.957842568261719e-18,1.9336262375858878e-23,10.0,1200,green
205045.04504504506,56.95695695695696,3.964810590739506e-18,1.9336262375858878e-23,10.0,1200,green
205405.4054054054,57.05705705705706,3.971778613217293e-18,1.9336262375858878e-23,10.0,1200,green
205765.76576576577,57.15715715715716,3.9787466356950796e-18,1.9336262375858878e-23,10.0,1200,green
206126.12612612612,57.25725725725726,3.985714658172867e-18,1.9336262375858878e-23,10.0,1200,green
206486.48648648648,57.35735735735736,3.992682680650654e-18,1.9336262375858878e-23,10.0,1200,green
206846.84684684686,57.45745745745746,3.999650703128441e-18,1.9336262375858878e-23,10.0,1200,green
207207.20720720722,57.55755755755756,4.006618725606228e-18,1.9336262375858878e-23,10.0,1200,green
207567.56756756757,57.65765765765766,4.013586748084015e-18,1.9336262375858878e-23,10.0,1200,green
207927.92792792793,57.75775775775776,4.020554770561802e-18,1.9336262375858878e-23,10.0,1200,green
208288.28828828828,57.85785785785786,4.027522793039589e-18,1.9336262375858878e-23,10.0,1200,green
208648.64864864864,57.95795795795796,4.0344908155173756e-18,1.9336262375858878e-23,10.0,1200,green
209009.00900900902,58.05805805805806,4.041458837995163e-18,1.9336262375858878e-23,10.0,1200,green
209369.36936936938,58.15815815815816,4.04842686047295e-18,1.9336262375858878e-23,10.0,1200,green
209729.72972972973,58.25825825825826,4.0553948829507365e-18,1.9336262375858878e-23,10.0,1200,green
210090.0900900901,58.35835835835836,4.062362905428524e-18,1.9336262375858878e-23,10.0,1200,green
210450.45045045044,58.45845845845846,4.069330927906311e-18,1.9336262375858878e-23,10.0,1200,green
210810.8108108108,58.55855855855856,4.076298950384097e-18,1.9336262375858878e-23,10.0,1200,green
211171.17117117118,58.65865865865866,4.083266972861885e-18,1.9336262375858878e-23,10.0,1200,green
211531.53153153154,58.75875875875876,4.0902349953396716e-18,1.9336262375858878e-23,10.0,1200,green
211891.8918918919,58.85885885885886,4.097203017817458e-18,1.9336262375858878e-23,10.0,1200,green
212252.25225225225,58.95895895895896,4.104171040295246e-18,1.9336262375858878e-23,10.0,1200,green
212612.6126126126,59.05905905905906,4.1111390627730325e-18,1.9336262375858878e-23,10.0,1200,green
212972.972972973,59.15915915915916,4.11810708525082e-18,1.9336262375858878e-23,10.0,1200,green
213333.33333333334,59.25925925925926,4.125075107728607e-18,1.9336262375858878e-23,10.0,1200,green
213693.6936936937,59.35935935935936,4.132043130206393e-18,1.9336262375858878e-23,10.0,1200,green
214054.05405405405,59.45945945945946,4.13901115268418e-18,1.9336262375858878e-23,10.0,1200,green
214414.4144144144,59.55955955955956,4.1459791751619676e-18,1.9336262375858878e-23,10.0,1200,green
214774.77477477476,59.65965965965966,4.152947197639754e-18,1.9336262375858878e-23,10.0,1200,green
215135.13513513515,59.75975975975976,4.159915220117542e-18,1.9336262375858878e-23,10.0,1200,green
215495.49549549553,59.85985985985987,4.166883242595329e-18,1.9336262375858878e-23,10.0,1200,green
215855.8558558559,59.95995995995997,4.173851265073116e-18,1.9336262375858878e-23,10.0,1200,green
216216.21621621624,60.06006006006007,4.180819287550903e-18,1.9336262375858878e-23,10.0,1200,green
216576.5765765766,60.16016016016017,4.18778731002869e-18,1.9336262375858878e-23,10.0,1200,green
216936.93693693695,60.26026026026027,4.194755332506477e-18,1.9336262375858878e-23,10.0,1200,green
217297.29729729734,60.36036036036037,4.201723354984264e-18,1.9336262375858878e-23,10.0,1200,green
217657.6576576577,60.46046046046047,4.208691377462051e-18,1.9336262375858878e-23,10.0,1200,green
218018.01801801805,60.56056056056057,4.215659399939838e-18,1.9336262375858878e-23,10.0,1200,green
218378.3783783784,60.66066066066067,4.2226274224176244e-18,1.9336262375858878e-23,10.0,1200,green
218738.73873873876,60.76076076076077,4.229595444895412e-18,1.9336262375858878e-23,10.0,1200,green
219099.0990990991,60.86086086086087,4.236563467373199e-18,1.9336262375858878e-23,10.0,1200,green
219459.4594594595,60.96096096096097,4.243531489850986e-18,1.9336262375858878e-23,10.0,1200,green
219819.81981981985,61.06106106106107,4.250499512328773e-18,1.9336262375858878e-23,10.0,1200,green
220180.1801801802,61.16116116116117,4.2574675348065595e-18,1.9336262375858878e-23,10.0,1200,green
220540.54054054056,61.26126126126127,4.264435557284346e-18,1.9336262375858878e-23,10.0,1200,green
220900.90090090092,61.36136136136137,4.271403579762134e-18,1.9336262375858878e-23,10.0,1200,green
221261.26126126127,61.46146146146147,4.2783716022399204e-18,1.9336262375858878e-23,10.0,1200,green
221621.62162162166,61.56156156156157,4.285339624717708e-18,1.9336262375858878e-23,10.0,1200,green
221981.981981982,61.66166166166167,4.292307647195495e-18,1.9336262375858878e-23,10.0,1200,green
222342.34234234237,61.76176176176177,4.299275669673281e-18,1.9336262375858878e-23,10.0,1200,green
222702.70270270272,61.86186186186187,4.306243692151068e-18,1.9336262375858878e-23,10.0,1200,green
223063.06306306308,61.96196196196197,4.3132117146288555e-18,1.9336262375858878e-23,10.0,1200,green
223423.42342342343,62.06206206206207,4.320179737106642e-18,1.9336262375858878e-23,10.0,1200,green
223783.78378378382,62.16216216216217,4.32714775958443e-18,1.9336262375858878e-23,10.0,1200,green
224144.14414414417,62.26226226226227,4.3341157820622164e-18,1.9336262375858878e-23,10.0,1200,green
224504.50450450453,62.36236236236237,4.341083804540003e-18,1.9336262375858878e-23,10.0,1200,green
224864.86486486488,62.46246246246247,4.348051827017791e-18,1.9336262375858878e-23,10.0,1200,green
225225.22522522524,62.56256256256257,4.355019849495577e-18,1.9336262375858878e-23,10.0,1200,green
225585.58558558562,62.66266266266267,4.361987871973365e-18,1.9336262375858878e-23,10.0,1200,green
225945.94594594598,62.76276276276277,4.3689558944511515e-18,1.9336262375858878e-23,10.0,1200,green
226306.30630630633,62.86286286286287,4.375923916928938e-18,1.9336262375858878e-23,10.0,1200,green
226666.6666666667,62.96296296296297,4.382891939406725e-18,1.9336262375858878e-23,10.0,1200,green
227027.02702702704,63.06306306306307,4.3898599618845124e-18,1.9336262375858878e-23,10.0,1200,green
227387.3873873874,63.16316316316317,4.396827984362299e-18,1.9336262375858878e-23,10.0,1200,green
227747.74774774778,63.26326326326327,4.4037960068400866e-18,1.9336262375858878e-23,10.0,1200,green
228108.10810810814,63.36336336336337,4.410764029317873e-18,1.9336262375858878e-23,10.0,1200,green
228468.4684684685,63.46346346346347,4.41773205179566e-18,1.9336262375858878e-23,10.0,1200,green
228828.82882882885,63.56356356356357,4.424700074273447e-18,1.9336262375858878e-23,10.0,1200,green
229189.1891891892,63.66366366366367,4.431668096751234e-18,1.9336262375858878e-23,10.0,1200,green
229549.54954954956,63.76376376376377,4.438636119229021e-18,1.9336262375858878e-23,10.0,1200,green
229909.90990990994,63.86386386386387,4.4456041417068084e-18,1.9336262375858878e-23,10.0,1200,green
230270.2702702703,63.96396396396397,4.452572164184595e-18,1.9336262375858878e-23,10.0,1200,green
230630.63063063065,64.06406406406407,4.459540186662382e-18,1.9336262375858878e-23,10.0,1200,green
230990.99099099098,64.16416416416416,4.4665082091401685e-18,1.9336262375858878e-23,10.0,1200,green
231351.35135135136,64.26426426426427,4.473476231617956e-18,1.9336262375858878e-23,10.0,1200,green
231711.71171171172,64.36436436436436,4.480444254095743e-18,1.9336262375858878e-23,10.0,1200,green
232072.0720720721,64.46446446446447,4.48741227657353e-18,1.9336262375858878e-23,10.0,1200,green
232432.43243243243,64.56456456456456,4.494380299051316e-18,1.9336262375858878e-23,10.0,1200,green
232792.7927927928,64.66466466466467,4.501348321529104e-18,1.9336262375858878e-23,10.0,1200,green
233153.15315315314,64.76476476476476,4.50831634400689e-18,1.9336262375858878e-23,10.0,1200,green
233513.51351351352,64.86486486486487,4.515284366484678e-18,1.9336262375858878e-23,10.0,1200,green
233873.87387387388,64.96496496496496,4.5222523889624645e-18,1.9336262375858878e-23,10.0,1200,green
234234.23423423426,65.06506506506507,4.529220411440252e-18,1.9336262375858878e-23,10.0,1200,green
234594.5945945946,65.16516516516516,4.536188433918038e-18,1.9336262375858878e-23,10.0,1200,green
234954.95495495497,65.26526526526527,4.5431564563958254e-18,1.9336262375858878e-23,10.0,1200,green
235315.3153153153,65.36536536536536,4.550124478873612e-18,1.9336262375858878e-23,10.0,1200,green
235675.67567567568,65.46546546546547,4.5570925013514e-18,1.9336262375858878e-23,10.0,1200,green
236036.03603603604,65.56556556556556,4.564060523829186e-18,1.9336262375858878e-23,10.0,1200,green
236396.39639639642,65.66566566566567,4.571028546306974e-18,1.9336262375858878e-23,10.0,1200,green
236756.75675675675,65.76576576576576,4.5779965687847605e-18,1.9336262375858878e-23,10.0,1200,green
237117.11711711713,65.86586586586587,4.584964591262548e-18,1.9336262375858878e-23,10.0,1200,green
237477.47747747746,65.96596596596596,4.591932613740334e-18,1.9336262375858878e-23,10.0,1200,green
237837.83783783787,66.06606606606607,4.598900636218122e-18,1.9336262375858878e-23,10.0,1200,green
238198.1981981982,66.16616616616616,4.605868658695908e-18,1.9336262375858878e-23,10.0,1200,green
238558.55855855858,66.26626626626627,4.612836681173696e-18,1.9336262375858878e-23,10.0,1200,green
238918.9189189189,66.36636636636636,4.619804703651482e-18,1.9336262375858878e-23,10.0,1200,green
239279.2792792793,66.46646646646647,4.62677272612927e-18,1.9336262375858878e-23,10.0,1200,green
239639.63963963964,66.56656656656656,4.6337407486070565e-18,1.9336262375858878e-23,10.0,1200,green
240000.00000000003,66.66666666666667,4.640708771084844e-18,1.9336262375858878e-23,10.0,1200,green
240360.36036036036,66.76676676676676,4.64767679356263e-18,1.9336262375858878e-23,10.0,1200,green
240720.72072072074,66.86686686686687,4.6546448160404174e-18,1.9336262375858878e-23,10.0,1200,green
241081.08108108107,66.96696696696696,4.661612838518204e-18,1.9336262375858878e-23,10.0,1200,green
241441.44144144145,67.06706706706707,4.6685808609959916e-18,1.9336262375858878e-23,10.0,1200,green
241801.8018018018,67.16716716716716,4.675548883473778e-18,1.9336262375858878e-23,10.0,1200,green
242162.1621621622,67.26726726726727,4.682516905951566e-18,1.9336262375858878e-23,10.0,1200,green
242522.52252252251,67.36736736736736,4.689484928429352e-18,1.9336262375858878e-23,10.0,1200,green
242882.8828828829,67.46746746746747,4.696452950907139e-18,1.9336262375858878e-23,10.0,1200,green
243243.24324324323,67.56756756756756,4.703420973384926e-18,1.9336262375858878e-23,10.0,1200,green
243603.6036036036,67.66766766766767,4.7103889958627134e-18,1.9336262375858878e-23,10.0,1200,green
243963.96396396396,67.76776776776777,4.7173570183405e-18,1.9336262375858878e-23,10.0,1200,green
244324.32432432435,67.86786786786787,4.7243250408182876e-18,1.9336262375858878e-23,10.0,1200,green
244684.68468468467,67.96796796796797,4.7312930632960735e-18,1.9336262375858878e-23,10.0,1200,green
245045.04504504506,68.06806806806807,4.738261085773861e-18,1.9336262375858878e-23,10.0,1200,green
245405.40540540538,68.16816816816817,4.745229108251648e-18,1.9336262375858878e-23,10.0,1200,green
245765.76576576577,68.26826826826827,4.752197130729435e-18,1.9336262375858878e-23,10.0,1200,green
246126.12612612615,68.36836836836838,4.759165153207223e-18,1.9336262375858878e-23,10.0,1200,green
246486.4864864865,68.46846846846847,4.7661331756850094e-18,1.9336262375858878e-23,10.0,1200,green
246846.8468468469,68.56856856856858,4.773101198162797e-18,1.9336262375858878e-23,10.0,1200,green
247207.20720720722,68.66866866866867,4.780069220640583e-18,1.9336262375858878e-23,10.0,1200,green
247567.5675675676,68.76876876876878,4.78703724311837e-18,1.9336262375858878e-23,10.0,1200,green
247927.92792792793,68.86886886886887,4.794005265596157e-18,1.9336262375858878e-23,10.0,1200,green
248288.28828828834,68.96896896896898,4.800973288073945e-18,1.9336262375858878e-23,10.0,1200,green
248648.64864864867,69.06906906906907,4.807941310551731e-18,1.9336262375858878e-23,10.0,1200,green
249009.00900900905,69.16916916916918,4.814909333029519e-18,1.9336262375858878e-23,10.0,1200,green
249369.36936936938,69.26926926926927,4.821877355507305e-18,1.9336262375858878e-23,10.0,1200,green
249729.72972972976,69.36936936936938,4.828845377985092e-18,1.9336262375858878e-23,10.0,1200,green
250090.09009009012,69.46946946946947,4.8358134004628796e-18,1.9336262375858878e-23,10.0,1200,green
250450.4504504505,69.56956956956958,4.842781422940667e-18,1.9336262375858878e-23,10.0,1200,green
250810.81081081083,69.66966966966967,4.849749445418453e-18,1.9336262375858878e-23,10.0,1200,green
251171.1711711712,69.76976976976978,4.8567174678962405e-18,1.9336262375858878e-23,10.0,1200,green
251531.53153153154,69.86986986986987,4.863685490374027e-18,1.9336262375858878e-23,10.0,1200,green
251891.89189189192,69.96996996996998,4.870653512851814e-18,1.9336262375858878e-23,10.0,1200,green
252252.25225225228,70.07007007007007,4.877621535329601e-18,1.9336262375858878e-23,10.0,1200,green
252612.61261261266,70.17017017017018,4.884589557807389e-18,1.9336262375858878e-23,10.0,1200,green
252972.972972973,70.27027027027027,4.891557580285175e-18,1.9336262375858878e-23,10.0,1200,green
253333.33333333337,70.37037037037038,4.898525602762962e-18,1.9336262375858878e-23,10.0,1200,green
253693.6936936937,70.47047047047047,4.905493625240749e-18,1.9336262375858878e-23,10.0,1200,green
254054.05405405408,70.57057057057058,4.9124616477185365e-18,1.9336262375858878e-23,10.0,1200,green
254414.41441441444,70.67067067067067,4.919429670196323e-18,1.9336262375858878e-23,10.0,1200,green
254774.77477477482,70.77077077077078,4.926397692674111e-18,1.9336262375858878e-23,10.0,1200,green
255135.13513513515,70.87087087087087,4.9333657151518966e-18,1.9336262375858878e-23,10.0,1200,green
255495.49549549553,70.97097097097098,4.940333737629684e-18,1.9336262375858878e-23,10.0,1200,green
255855.85585585586,71.07107107107107,4.947301760107471e-18,1.9336262375858878e-23,10.0,1200,green
256216.21621621624,71.17117117117118,4.954269782585258e-18,1.9336262375858878e-23,10.0,1200,green
256576.5765765766,71.27127127127127,4.961237805063045e-18,1.9336262375858878e-23,10.0,1200,green
256936.93693693698,71.37137137137138,4.9682058275408325e-18,1.9336262375858878e-23,10.0,1200,green
257297.2972972973,71.47147147147147,4.9751738500186184e-18,1.9336262375858878e-23,10.0,1200,green
257657.6576576577,71.57157157157158,4.982141872496406e-18,1.9336262375858878e-23,10.0,1200,green
258018.01801801802,71.67167167167167,4.9891098949741926e-18,1.9336262375858878e-23,10.0,1200,green
258378.3783783784,71.77177177177178,4.99607791745198e-18,1.9336262375858878e-23,10.0,1200,green
258738.73873873876,71.87187187187187,5.003045939929767e-18,1.9336262375858878e-23,10.0,1200,green
259099.09909909914,71.97197197197198,5.010013962407554e-18,1.9336262375858878e-23,10.0,1200,green
259459.45945945947,72.07207207207207,5.01698198488534e-18,1.9336262375858878e-23,10.0,1200,green
259819.81981981985,72.17217217217218,5.023950007363128e-18,1.9336262375858878e-23,10.0,1200,green
260180.18018018018,72.27227227227228,5.0309180298409144e-18,1.9336262375858878e-23,10.0,1200,green
260540.54054054056,72.37237237237238,5.037886052318702e-18,1.9336262375858878e-23,10.0,1200,green
260900.90090090092,72.47247247247248,5.0448540747964886e-18,1.9336262375858878e-23,10.0,1200,green
261261.2612612613,72.57257257257258,5.051822097274276e-18,1.9336262375858878e-23,10.0,1200,green
261621.62162162163,72.67267267267268,5.058790119752062e-18,1.9336262375858878e-23,10.0,1200,green
261981.981981982,72.77277277277278,5.0657581422298495e-18,1.9336262375858878e-23,10.0,1200,green
262342.34234234237,72.87287287287288,5.072726164707637e-18,1.9336262375858878e-23,10.0,1200,green
262702.7027027027,72.97297297297298,5.079694187185424e-18,1.9336262375858878e-23,10.0,1200,green
263063.0630630631,73.07307307307308,5.08666220966321e-18,1.9336262375858878e-23,10.0,1200,green
263423.42342342343,73.17317317317318,5.093630232140997e-18,1.9336262375858878e-23,10.0,1200,green
263783.7837837838,73.27327327327328,5.1005982546187846e-18,1.9336262375858878e-23,10.0,1200,green
264144.1441441442,73.37337337337338,5.107566277096572e-18,1.9336262375858878e-23,10.0,1200,green
264504.5045045045,73.47347347347348,5.114534299574358e-18,1.9336262375858878e-23,10.0,1200,green
264864.8648648649,73.57357357357358,5.121502322052146e-18,1.9336262375858878e-23,10.0,1200,green
265225.2252252252,73.67367367367368,5.1284703445299314e-18,1.9336262375858878e-23,10.0,1200,green
265585.5855855856,73.77377377377378,5.13543836700772e-18,1.9336262375858878e-23,10.0,1200,green
265945.945945946,73.87387387387388,5.142406389485506e-18,1.9336262375858878e-23,10.0,1200,green
266306.30630630633,73.97397397397398,5.149374411963294e-18,1.9336262375858878e-23,10.0,1200,green
266666.6666666667,74.07407407407408,5.1563424344410806e-18,1.9336262375858878e-23,10.0,1200,green
267027.02702702704,74.17417417417418,5.163310456918867e-18,1.9336262375858878e-23,10.0,1200,green
267387.3873873874,74.27427427427428,5.170278479396654e-18,1.9336262375858878e-23,10.0,1200,green
267747.7477477478,74.37437437437438,5.177246501874442e-18,1.9336262375858878e-23,10.0,1200,green
268108.1081081081,74.47447447447448,5.184214524352228e-18,1.9336262375858878e-23,10.0,1200,green
268468.4684684685,74.57457457457458,5.191182546830016e-18,1.9336262375858878e-23,10.0,1200,green
268828.8288288288,74.67467467467468,5.1981505693078016e-18,1.9336262375858878e-23,10.0,1200,green
269189.18918918923,74.77477477477478,5.20511859178559e-18,1.9336262375858878e-23,10.0,1200,green
269549.5495495496,74.87487487487488,5.2120866142633766e-18,1.9336262375858878e-23,10.0,1200,green
269909.90990990994,74.97497497497498,5.219054636741163e-18,1.9336262375858878e-23,10.0,1200,green
270270.2702702703,75.07507507507508,5.22602265921895e-18,1.9336262375858878e-23,10.0,1200,green
270630.63063063065,75.17517517517518,5.2329906816967375e-18,1.9336262375858878e-23,10.0,1200,green
270990.990990991,75.27527527527528,5.239958704174524e-18,1.9336262375858878e-23,10.0,1200,green
271351.35135135136,75.37537537537538,5.246926726652311e-18,1.9336262375858878e-23,10.0,1200,green
271711.7117117117,75.47547547547548,5.2538947491300976e-18,1.9336262375858878e-23,10.0,1200,green
272072.07207207213,75.57557557557558,5.260862771607886e-18,1.9336262375858878e-23,10.0,1200,green
272432.4324324324,75.67567567567568,5.267830794085672e-18,1.9336262375858878e-23,10.0,1200,green
272792.79279279284,75.77577577577578,5.274798816563459e-18,1.9336262375858878e-23,10.0,1200,green
273153.15315315314,75.87587587587588,5.281766839041245e-18,1.9336262375858878e-23,10.0,1200,green
273513.51351351355,75.97597597597598,5.2887348615190334e-18,1.9336262375858878e-23,10.0,1200,green
273873.8738738739,76.07607607607608,5.29570288399682e-18,1.9336262375858878e-23,10.0,1200,green
274234.23423423426,76.17617617617618,5.302670906474607e-18,1.9336262375858878e-23,10.0,1200,green
274594.5945945946,76.27627627627628,5.309638928952394e-18,1.9336262375858878e-23,10.0,1200,green
274954.95495495497,76.37637637637638,5.316606951430181e-18,1.9336262375858878e-23,10.0,1200,green
275315.3153153153,76.47647647647648,5.323574973907968e-18,1.9336262375858878e-23,10.0,1200,green
275675.6756756757,76.57657657657658,5.3305429963857545e-18,1.9336262375858878e-23,10.0,1200,green
276036.03603603604,76.67667667667668,5.337511018863541e-18,1.9336262375858878e-23,10.0,1200,green
276396.39639639645,76.77677677677679,5.3444790413413294e-18,1.9336262375858878e-23,10.0,1200,green
276756.75675675675,76.87687687687688,5.351447063819115e-18,1.9336262375858878e-23,10.0,1200,green
277117.11711711716,76.97697697697699,5.358415086296904e-18,1.9336262375858878e-23,10.0,1200,green
277477.47747747746,77.07707707707708,5.365383108774689e-18,1.9336262375858878e-23,10.0,1200,green
277837.83783783787,77.17717717717719,5.372351131252477e-18,1.9336262375858878e-23,10.0,1200,green
278198.1981981982,77.27727727727728,5.379319153730264e-18,1.9336262375858878e-23,10.0,1200,green
278558.5585585586,77.37737737737739,5.3862871762080505e-18,1.9336262375858878e-23,10.0,1200,green
278918.91891891893,77.47747747747748,5.393255198685838e-18,1.9336262375858878e-23,10.0,1200,green
279279.2792792793,77.57757757757759,5.400223221163625e-18,1.9336262375858878e-23,10.0,1200,green
279639.63963963964,77.67767767767768,5.407191243641411e-18,1.9336262375858878e-23,10.0,1200,green
280000.0,77.77777777777779,5.414159266119198e-18,1.9336262375858878e-23,10.0,1200,green
280360.36036036036,77.87787787787788,5.4211272885969856e-18,1.9336262375858878e-23,10.0,1200,green
280720.72072072077,77.97797797797799,5.428095311074773e-18,1.9336262375858878e-23,10.0,1200,green
281081.08108108107,78.07807807807808,5.435063333552559e-18,1.9336262375858878e-23,10.0,1200,green
281441.4414414415,78.17817817817819,5.442031356030347e-18,1.9336262375858878e-23,10.0,1200,green
281801.8018018018,78.27827827827828,5.4489993785081324e-18,1.9336262375858878e-23,10.0,1200,green
282162.1621621622,78.37837837837839,5.455967400985921e-18,1.9336262375858878e-23,10.0,1200,green
282522.52252252254,78.47847847847848,5.462935423463707e-18,1.9336262375858878e-23,10.0,1200,green
282882.8828828829,78.57857857857859,5.469903445941495e-18,1.9336262375858878e-23,10.0,1200,green
283243.24324324325,78.67867867867868,5.4768714684192816e-18,1.9336262375858878e-23,10.0,1200,green
283603.6036036036,78.77877877877879,5.483839490897068e-18,1.9336262375858878e-23,10.0,1200,green
283963.96396396396,78.87887887887888,5.490807513374855e-18,1.9336262375858878e-23,10.0,1200,green
284324.3243243244,78.97897897897899,5.497775535852643e-18,1.9336262375858878e-23,10.0,1200,green
284684.6846846847,79.07907907907908,5.504743558330429e-18,1.9336262375858878e-23,10.0,1200,green
285045.0450450451,79.17917917917919,5.511711580808217e-18,1.9336262375858878e-23,10.0,1200,green
285405.4054054054,79.27927927927928,5.5186796032860026e-18,1.9336262375858878e-23,10.0,1200,green
285765.7657657658,79.37937937937939,5.525647625763791e-18,1.9336262375858878e-23,10.0,1200,green
286126.12612612615,79.47947947947948,5.5326156482415775e-18,1.9336262375858878e-23,10.0,1200,green
286486.4864864865,79.57957957957959,5.539583670719364e-18,1.9336262375858878e-23,10.0,1200,green
286846.84684684686,79.67967967967968,5.546551693197152e-18,1.9336262375858878e-23,10.0,1200,green
287207.2072072072,79.77977977977979,5.5535197156749384e-18,1.9336262375858878e-23,10.0,1200,green
287567.5675675676,79.87987987987988,5.560487738152725e-18,1.9336262375858878e-23,10.0,1200,green
287927.9279279279,79.97997997997999,5.567455760630512e-18,1.9336262375858878e-23,10.0,1200,green
288288.2882882883,80.08008008008008,5.5744237831082986e-18,1.9336262375858878e-23,10.0,1200,green
288648.6486486487,80.18018018018019,5.581391805586087e-18,1.9336262375858878e-23,10.0,1200,green
289009.009009009,80.28028028028028,5.588359828063873e-18,1.9336262375858878e-23,10.0,1200,green
289369.3693693694,80.38038038038039,5.595327850541661e-18,1.9336262375858878e-23,10.0,1200,green
289729.7297297297,80.48048048048048,5.602295873019446e-18,1.9336262375858878e-23,10.0,1200,green
290090.0900900901,80.58058058058059,5.6092638954972344e-18,1.9336262375858878e-23,10.0,1200,green
290450.4504504505,80.68068068068068,5.616231917975021e-18,1.9336262375858878e-23,10.0,1200,green
290810.8108108108,80.78078078078079,5.623199940452808e-18,1.9336262375858878e-23,10.0,1200,green
291171.1711711712,80.88088088088088,5.630167962930595e-18,1.9336262375858878e-23,10.0,1200,green
291531.53153153154,80.98098098098099,5.637135985408382e-18,1.9336262375858878e-23,10.0,1200,green
291891.8918918919,81.08108108108108,5.644104007886169e-18,1.9336262375858878e-23,10.0,1200,green
292252.25225225225,81.18118118118119,5.6510720303639555e-18,1.9336262375858878e-23,10.0,1200,green
292612.6126126126,81.28128128128128,5.658040052841743e-18,1.9336262375858878e-23,10.0,1200,green
292972.972972973,81.38138138138139,5.6650080753195304e-18,1.9336262375858878e-23,10.0,1200,green
293333.3333333333,81.48148148148148,5.671976097797316e-18,1.9336262375858878e-23,10.0,1200,green
293693.6936936937,81.58158158158159,5.6789441202751046e-18,1.9336262375858878e-23,10.0,1200,green
294054.054054054,81.68168168168168,5.68591214275289e-18,1.9336262375858878e-23,10.0,1200,green
294414.41441441444,81.78178178178179,5.692880165230678e-18,1.9336262375858878e-23,10.0,1200,green
294774.7747747748,81.88188188188188,5.699848187708465e-18,1.9336262375858878e-23,10.0,1200,green
295135.13513513515,81.98198198198199,5.706816210186252e-18,1.9336262375858878e-23,10.0,1200,green
295495.4954954955,82.08208208208208,5.713784232664039e-18,1.9336262375858878e-23,10.0,1200,green
295855.85585585586,82.18218218218219,5.720752255141826e-18,1.9336262375858878e-23,10.0,1200,green
296216.2162162162,82.28228228228228,5.727720277619612e-18,1.9336262375858878e-23,10.0,1200,green
296576.5765765766,82.38238238238239,5.7346883000974006e-18,1.9336262375858878e-23,10.0,1200,green
296936.9369369369,82.48248248248248,5.7416563225751865e-18,1.9336262375858878e-23,10.0,1200,green
297297.29729729734,82.58258258258259,5.748624345052974e-18,1.9336262375858878e-23,10.0,1200,green
297657.65765765763,82.68268268268268,5.75559236753076e-18,1.9336262375858878e-23,10.0,1200,green
298018.01801801805,82.78278278278279,5.762560390008548e-18,1.9336262375858878e-23,10.0,1200,green
298378.3783783784,82.88288288288288,5.769528412486335e-18,1.9336262375858878e-23,10.0,1200,green
298738.73873873876,82.98298298298299,5.776496434964122e-18,1.9336262375858878e-23,10.0,1200,green
299099.0990990991,83.08308308308308,5.783464457441908e-18,1.9336262375858878e-23,10.0,1200,green
299459.45945945947,83.18318318318319,5.790432479919696e-18,1.9336262375858878e-23,10.0,1200,green
299819.8198198198,83.28328328328328,5.7974005023974825e-18,1.9336262375858878e-23,10.0,1200,green
300180.1801801802,83.38338338338339,5.804368524875269e-18,1.9336262375858878e-23,10.0,1200,green
300540.54054054053,83.48348348348348,5.811336547353056e-18,1.9336262375858878e-23,10.0,1200,green
300900.90090090095,83.58358358358359,5.818304569830844e-18,1.9336262375858878e-23,10.0,1200,green
301261.26126126124,83.68368368368368,5.82527259230863e-18,1.9336262375858878e-23,10.0,1200,green
301621.62162162166,83.78378378378379,5.8322406147864184e-18,1.9336262375858878e-23,10.0,1200,green
301981.98198198195,83.88388388388388,5.8392086372642036e-18,1.9336262375858878e-23,10.0,1200,green
302342.34234234237,83.98398398398399,5.846176659741992e-18,1.9336262375858878e-23,10.0,1200,green
302702.7027027027,84.08408408408408,5.8531446822197785e-18,1.9336262375858878e-23,10.0,1200,green
303063.0630630631,84.18418418418419,5.860112704697565e-18,1.9336262375858878e-23,10.0,1200,green
303423.42342342343,84.28428428428428,5.867080727175353e-18,1.9336262375858878e-23,10.0,1200,green
303783.7837837838,84.38438438438439,5.8740487496531394e-18,1.9336262375858878e-23,10.0,1200,green
304144.14414414414,84.48448448448448,5.881016772130926e-18,1.9336262375858878e-23,10.0,1200,green
304504.5045045045,84.58458458458459,5.887984794608713e-18,1.9336262375858878e-23,10.0,1200,green
304864.86486486485,84.68468468468468,5.8949528170865e-18,1.9336262375858878e-23,10.0,1200,green
305225.22522522527,84.78478478478479,5.901920839564288e-18,1.9336262375858878e-23,10.0,1200,green
305585.58558558556,84.88488488488488,5.908888862042074e-18,1.9336262375858878e-23,10.0,1200,green
305945.945945946,84.98498498498499,5.915856884519862e-18,1.9336262375858878e-23,10.0,1200,green
306306.3063063063,85.08508508508508,5.922824906997647e-18,1.9336262375858878e-23,10.0,1200,green
306666.6666666667,85.18518518518519,5.9297929294754354e-18,1.9336262375858878e-23,10.0,1200,green
307027.02702702704,85.28528528528528,5.936760951953222e-18,1.9336262375858878e-23,10.0,1200,green
307387.3873873874,85.38538538538539,5.9437289744310096e-18,1.9336262375858878e-23,10.0,1200,green
307747.7477477478,85.4854854854855,5.950696996908797e-18,1.9336262375858878e-23,10.0,1200,green
308108.1081081081,85.58558558558559,5.957665019386583e-18,1.9336262375858878e-23,10.0,1200,green
308468.4684684685,85.6856856856857,5.964633041864371e-18,1.9336262375858878e-23,10.0,1200,green
308828.8288288289,85.78578578578579,5.971601064342158e-18,1.9336262375858878e-23,10.0,1200,green
309189.18918918923,85.8858858858859,5.978569086819945e-18,1.9336262375858878e-23,10.0,1200,green
309549.5495495496,85.98598598598599,5.9855371092977314e-18,1.9336262375858878e-23,10.0,1200,green
309909.90990990994,86.0860860860861,5.992505131775519e-18,1.9336262375858878e-23,10.0,1200,green
310270.2702702703,86.18618618618619,5.9994731542533056e-18,1.9336262375858878e-23,10.0,1200,green
310630.63063063065,86.2862862862863,6.006441176731092e-18,1.9336262375858878e-23,10.0,1200,green
310990.990990991,86.38638638638639,6.013409199208879e-18,1.9336262375858878e-23,10.0,1200,green
311351.3513513514,86.4864864864865,6.020377221686667e-18,1.9336262375858878e-23,10.0,1200,green
311711.7117117117,86.58658658658659,6.027345244164453e-18,1.9336262375858878e-23,10.0,1200,green
312072.07207207213,86.6866866866867,6.034313266642241e-18,1.9336262375858878e-23,10.0,1200,green
312432.4324324324,86.78678678678679,6.041281289120027e-18,1.9336262375858878e-23,10.0,1200,green
312792.79279279284,86.8868868868869,6.048249311597815e-18,1.9336262375858878e-23,10.0,1200,green
313153.1531531532,86.98698698698699,6.0552173340756016e-18,1.9336262375858878e-23,10.0,1200,green
313513.51351351355,87.0870870870871,6.062185356553388e-18,1.9336262375858878e-23,10.0,1200,green
313873.8738738739,87.18718718718719,6.069153379031175e-18,1.9336262375858878e-23,10.0,1200,green
314234.23423423426,87.2872872872873,6.0761214015089625e-18,1.9336262375858878e-23,10.0,1200,green
314594.5945945946,87.38738738738739,6.083089423986749e-18,1.9336262375858878e-23,10.0,1200,green
314954.95495495497,87.4874874874875,6.090057446464536e-18,1.9336262375858878e-23,10.0,1200,green
315315.3153153153,87.58758758758759,6.097025468942323e-18,1.9336262375858878e-23,10.0,1200,green
315675.67567567574,87.6876876876877,6.103993491420111e-18,1.9336262375858878e-23,10.0,1200,green
316036.03603603604,87.78778778778779,6.110961513897897e-18,1.9336262375858878e-23,10.0,1200,green
316396.39639639645,87.8878878878879,6.117929536375684e-18,1.9336262375858878e-23,10.0,1200,green
316756.75675675675,87.98798798798799,6.12489755885347e-18,1.9336262375858878e-23,10.0,1200,green
317117.11711711716,88.0880880880881,6.1318655813312585e-18,1.9336262375858878e-23,10.0,1200,green
317477.4774774775,88.18818818818819,6.138833603809045e-18,1.9336262375858878e-23,10.0,1200,green
317837.83783783787,88.2882882882883,6.145801626286832e-18,1.9336262375858878e-23,10.0,1200,green
318198.1981981982,88.38838838838839,6.152769648764619e-18,1.9336262375858878e-23,10.0,1200,green
318558.5585585586,88.4884884884885,6.159737671242406e-18,1.9336262375858878e-23,10.0,1200,green
318918.91891891893,88.58858858858859,6.166705693720193e-18,1.9336262375858878e-23,10.0,1200,green
319279.27927927935,88.6886886886887,6.173673716197981e-18,1.9336262375858878e-23,10.0,1200,green
319639.63963963964,88.78878878878879,6.180641738675766e-18,1.9336262375858878e-23,10.0,1200,green
320000.00000000006,88.8888888888889,6.1876097611535545e-18,1.9336262375858878e-23,10.0,1200,green
320360.36036036036,88.988988988989,6.1945777836313404e-18,1.9336262375858878e-23,10.0,1200,green
320720.72072072077,89.0890890890891,6.201545806109129e-18,1.9336262375858878e-23,10.0,1200,green
321081.0810810811,89.1891891891892,6.208513828586915e-18,1.9336262375858878e-23,10.0,1200,green
321441.4414414415,89.2892892892893,6.215481851064702e-18,1.9336262375858878e-23,10.0,1200,green
321801.80180180183,89.3893893893894,6.222449873542489e-18,1.9336262375858878e-23,10.0,1200,green
322162.1621621622,89.4894894894895,6.229417896020276e-18,1.9336262375858878e-23,10.0,1200,green
322522.52252252254,89.5895895895896,6.236385918498063e-18,1.9336262375858878e-23,10.0,1200,green
322882.8828828829,89.6896896896897,6.24335394097585e-18,1.9336262375858878e-23,10.0,1200,green
323243.24324324325,89.7897897897898,6.2503219634536364e-18,1.9336262375858878e-23,10.0,1200,green
323603.60360360367,89.8898898898899,6.257289985931425e-18,1.9336262375858878e-23,10.0,1200,green
323963.96396396396,89.98998998999,6.2642580084092106e-18,1.9336262375858878e-23,10.0,1200,green
324324.3243243244,90.0900900900901,6.271226030886998e-18,1.9336262375858878e-23,10.0,1200,green
324684.6846846847,90.1901901901902,6.278194053364784e-18,1.9336262375858878e-23,10.0,1200,green
325045.0450450451,90.2902902902903,6.285162075842572e-18,1.9336262375858878e-23,10.0,1200,green
325405.40540540544,90.3903903903904,6.292130098320359e-18,1.9336262375858878e-23,10.0,1200,green
325765.7657657658,90.4904904904905,6.299098120798146e-18,1.9336262375858878e-23,10.0,1200,green
326126.12612612615,90.5905905905906,6.3060661432759324e-18,1.9336262375858878e-23,10.0,1200,green
326486.4864864865,90.6906906906907,6.31303416575372e-18,1.9336262375858878e-23,10.0,1200,green
326846.84684684686,90.7907907907908,6.3200021882315066e-18,1.9336262375858878e-23,10.0,1200,green
327207.2072072072,90.8908908908909,6.326970210709293e-18,1.9336262375858878e-23,10.0,1200,green
327567.5675675676,90.990990990991,6.33393823318708e-18,1.9336262375858878e-23,10.0,1200,green
327927.927927928,91.0910910910911,6.340906255664868e-18,1.9336262375858878e-23,10.0,1200,green
328288.2882882883,91.1911911911912,6.347874278142654e-18,1.9336262375858878e-23,10.0,1200,green
328648.6486486487,91.2912912912913,6.354842300620442e-18,1.9336262375858878e-23,10.0,1200,green
329009.009009009,91.3913913913914,6.361810323098228e-18,1.9336262375858878e-23,10.0,1200,green
329369.3693693694,91.4914914914915,6.368778345576016e-18,1.9336262375858878e-23,10.0,1200,green
329729.72972972976,91.5915915915916,6.3757463680538026e-18,1.9336262375858878e-23,10.0,1200,green
330090.0900900901,91.6916916916917,6.382714390531589e-18,1.9336262375858878e-23,10.0,1200,green
330450.4504504505,91.7917917917918,6.389682413009377e-18,1.9336262375858878e-23,10.0,1200,green
330810.8108108108,91.8918918918919,6.3966504354871635e-18,1.9336262375858878e-23,10.0,1200,green
331171.1711711712,91.991991991992,6.40361845796495e-18,1.9336262375858878e-23,10.0,1200,green
331531.53153153154,92.0920920920921,6.410586480442737e-18,1.9336262375858878e-23,10.0,1200,green
331891.8918918919,92.1921921921922,6.4175545029205236e-18,1.9336262375858878e-23,10.0,1200,green
332252.2522522523,92.2922922922923,6.424522525398312e-18,1.9336262375858878e-23,10.0,1200,green
332612.6126126126,92.3923923923924,6.431490547876098e-18,1.9336262375858878e-23,10.0,1200,green
332972.972972973,92.4924924924925,6.438458570353886e-18,1.9336262375858878e-23,10.0,1200,green
333333.3333333333,92.5925925925926,6.445426592831671e-18,1.9336262375858878e-23,10.0,1200,green
333693.6936936937,92.6926926926927,6.4523946153094595e-18,1.9336262375858878e-23,10.0,1200,green
334054.0540540541,92.7927927927928,6.459362637787246e-18,1.9336262375858878e-23,10.0,1200,green
334414.41441441444,92.8928928928929,6.466330660265033e-18,1.9336262375858878e-23,10.0,1200,green
334774.7747747748,92.992992992993,6.47329868274282e-18,1.9336262375858878e-23,10.0,1200,green
335135.13513513515,93.0930930930931,6.480266705220607e-18,1.9336262375858878e-23,10.0,1200,green
335495.4954954955,93.1931931931932,6.487234727698394e-18,1.9336262375858878e-23,10.0,1200,green
335855.8558558559,93.2932932932933,6.494202750176182e-18,1.9336262375858878e-23,10.0,1200,green
336216.2162162162,93.3933933933934,6.501170772653968e-18,1.9336262375858878e-23,10.0,1200,green
336576.5765765766,93.4934934934935,6.5081387951317555e-18,1.9336262375858878e-23,10.0,1200,green
336936.9369369369,93.5935935935936,6.5151068176095414e-18,1.9336262375858878e-23,10.0,1200,green
337297.29729729734,93.6936936936937,6.52207484008733e-18,1.9336262375858878e-23,10.0,1200,green
337657.6576576577,93.7937937937938,6.529042862565116e-18,1.9336262375858878e-23,10.0,1200,green
338018.01801801805,93.8938938938939,6.536010885042903e-18,1.9336262375858878e-23,10.0,1200,green
338378.3783783784,93.993993993994,6.54297890752069e-18,1.9336262375858878e-23,10.0,1200,green
338738.73873873876,94.0940940940941,6.549946929998477e-18,1.9336262375858878e-23,10.0,1200,green
339099.0990990991,94.1941941941942,6.556914952476264e-18,1.9336262375858878e-23,10.0,1200,green
339459.45945945947,94.2942942942943,6.563882974954051e-18,1.9336262375858878e-23,10.0,1200,green
339819.8198198198,94.3943943943944,6.5708509974318374e-18,1.9336262375858878e-23,10.0,1200,green
340180.18018018024,94.4944944944945,6.577819019909626e-18,1.9336262375858878e-23,10.0,1200,green
340540.54054054053,94.5945945945946,6.5847870423874116e-18,1.9336262375858878e-23,10.0,1200,green
340900.90090090095,94.6946946946947,6.591755064865199e-18,1.9336262375858878e-23,10.0,1200,green
341261.26126126124,94.7947947947948,6.598723087342985e-18,1.9336262375858878e-23,10.0,1200,green
341621.62162162166,94.8948948948949,6.605691109820773e-18,1.9336262375858878e-23,10.0,1200,green
341981.981981982,94.994994994995,6.61265913229856e-18,1.9336262375858878e-23,10.0,1200,green
342342.34234234237,95.0950950950951,6.619627154776347e-18,1.9336262375858878e-23,10.0,1200,green
342702.7027027027,95.1951951951952,6.626595177254134e-18,1.9336262375858878e-23,10.0,1200,green
343063.0630630631,95.2952952952953,6.633563199731921e-18,1.9336262375858878e-23,10.0,1200,green
343423.42342342343,95.3953953953954,6.6405312222097076e-18,1.9336262375858878e-23,10.0,1200,green
343783.7837837838,95.4954954954955,6.647499244687494e-18,1.9336262375858878e-23,10.0,1200,green
344144.14414414414,95.5955955955956,6.654467267165281e-18,1.9336262375858878e-23,10.0,1200,green
344504.50450450456,95.6956956956957,6.661435289643069e-18,1.9336262375858878e-23,10.0,1200,green
344864.86486486485,95.7957957957958,6.668403312120855e-18,1.9336262375858878e-23,10.0,1200,green
345225.22522522527,95.8958958958959,6.6753713345986434e-18,1.9336262375858878e-23,10.0,1200,green
345585.58558558556,95.995995995996,6.6823393570764286e-18,1.9336262375858878e-23,10.0,1200,green
345945.945945946,96.0960960960961,6.689307379554217e-18,1.9336262375858878e-23,10.0,1200,green
346306.30630630633,96.1961961961962,6.6962754020320036e-18,1.9336262375858878e-23,10.0,1200,green
346666.6666666667,96.2962962962963,6.70324342450979e-18,1.9336262375858878e-23,10.0,1200,green
347027.02702702704,96.3963963963964,6.710211446987578e-18,1.9336262375858878e-23,10.0,1200,green
347387.3873873874,96.4964964964965,6.7171794694653645e-18,1.9336262375858878e-23,10.0,1200,green
347747.74774774775,96.5965965965966,6.724147491943151e-18,1.9336262375858878e-23,10.0,1200,green
348108.10810810816,96.6966966966967,6.7311155144209394e-18,1.9336262375858878e-23,10.0,1200,green
348468.46846846846,96.7967967967968,6.738083536898725e-18,1.9336262375858878e-23,10.0,1200,green
348828.8288288289,96.8968968968969,6.745051559376513e-18,1.9336262375858878e-23,10.0,1200,green
349189.1891891892,96.996996996997,6.752019581854299e-18,1.9336262375858878e-23,10.0,1200,green
349549.5495495496,97.0970970970971,6.758987604332087e-18,1.9336262375858878e-23,10.0,1200,green
349909.90990990994,97.1971971971972,6.765955626809874e-18,1.9336262375858878e-23,10.0,1200,green
350270.2702702703,97.2972972972973,6.7729236492876605e-18,1.9336262375858878e-23,10.0,1200,green
350630.63063063065,97.3973973973974,6.779891671765447e-18,1.9336262375858878e-23,10.0,1200,green
350990.990990991,97.4974974974975,6.786859694243235e-18,1.9336262375858878e-23,10.0,1200,green
351351.35135135136,97.5975975975976,6.793827716721021e-18,1.9336262375858878e-23,10.0,1200,green
351711.7117117117,97.6976976976977,6.800795739198808e-18,1.9336262375858878e-23,10.0,1200,green
352072.0720720721,97.7977977977978,6.807763761676595e-18,1.9336262375858878e-23,10.0,1200,green
352432.4324324325,97.8978978978979,6.814731784154383e-18,1.9336262375858878e-23,10.0,1200,green
352792.7927927928,97.997997997998,6.821699806632169e-18,1.9336262375858878e-23,10.0,1200,green
353153.1531531532,98.0980980980981,6.8286678291099564e-18,1.9336262375858878e-23,10.0,1200,green
353513.5135135135,98.1981981981982,6.835635851587742e-18,1.9336262375858878e-23,10.0,1200,green
353873.8738738739,98.2982982982983,6.842603874065531e-18,1.9336262375858878e-23,10.0,1200,green
354234.23423423426,98.3983983983984,6.849571896543317e-18,1.9336262375858878e-23,10.0,1200,green
354594.5945945946,98.4984984984985,6.856539919021104e-18,1.9336262375858878e-23,10.0,1200,green
354954.95495495497,98.5985985985986,6.863507941498891e-18,1.9336262375858878e-23,10.0,1200,green
355315.3153153153,98.6986986986987,6.870475963976678e-18,1.9336262375858878e-23,10.0,1200,green
355675.6756756757,98.7987987987988,6.877443986454465e-18,1.9336262375858878e-23,10.0,1200,green
356036.03603603604,98.8988988988989,6.884412008932252e-18,1.9336262375858878e-23,10.0,1200,green
356396.3963963964,98.998998998999,6.891380031410038e-18,1.9336262375858878e-23,10.0,1200,green
356756.7567567568,99.0990990990991,6.898348053887827e-18,1.9336262375858878e-23,10.0,1200,green
357117.1171171171,99.1991991991992,6.9053160763656126e-18,1.9336262375858878e-23,10.0,1200,green
357477.4774774775,99.2992992992993,6.9122840988434e-18,1.9336262375858878e-23,10.0,1200,green
357837.8378378378,99.3993993993994,6.919252121321186e-18,1.9336262375858878e-23,10.0,1200,green
358198.1981981982,99.4994994994995,6.926220143798974e-18,1.9336262375858878e-23,10.0,1200,green
358558.5585585586,99.5995995995996,6.933188166276761e-18,1.9336262375858878e-23,10.0,1200,green
358918.91891891893,99.6996996996997,6.940156188754549e-18,1.9336262375858878e-23,10.0,1200,green
359279.2792792793,99.7997997997998,6.947124211232335e-18,1.9336262375858878e-23,10.0,1200,green
359639.63963963964,99.8998998998999,6.954092233710123e-18,1.9336262375858878e-23,10.0,1200,green
360000.0,100.0,6.96106025618791e-18,1.9336262375858878e-23,10.0,1200,green
0.0,0.0,0.0,4.540797941598104e-24,10.0,1200,sintered
360.3603603603604,0.1001001001001001,1.6363169804041237e-21,4.54076190082522e-24,10.0,1200,sintered
720.7207207207208,0.2002002002002002,3.2726216020182966e-21,4.540729293049544e-24,10.0,1200,sintered
1081.081081081081,0.3003003003003003,4.908915042056212e-21,4.540699791267273e-24,10.0,1200,sintered
1441.4414414414416,0.4004004004004004,6.545198365598252e-21,4.540673099622746e-24,10.0,1200,sintered
1801.801801801802,0.5005005005005005,8.181472536272532e-21,4.540648950441485e-24,10.0,1200,sintered
2162.162162162162,0.6006006006006006,9.817738425918554e-21,4.540627101545851e-24,10.0,1200,sintered
2522.5225225225226,0.7007007007007008,1.145399682333036e-20,4.5406073338263885e-24,10.0,1200,sintered
2882.882882882883,0.8008008008008008,1.3090248442166872e-20,4.540589449044508e-24,10.0,1200,sintered
3243.2432432432433,0.9009009009009009,1.472649392810875e-20,4.540573267844469e-24,10.0,1200,sintered
3603.603603603604,1.001001001001001,1.6362733865333538e-20,4.5405586279547334e-24,10.0,1200,sintered
3963.963963963964,1.1011011011011012,1.7998968782374027e-20,4.540545382560637e-24,10.0,1200,sintered
4324.324324324324,1.2012012012012012,1.9635199157418595e-20,4.5405333988320736e-24,10.0,1200,sintered
4684.684684684685,1.3013013013013013,2.1271425423106666e-20,4.5405225565914254e-24,10.0,1200,sintered
5045.045045045045,1.4014014014014016,2.2907647970867405e-20,4.540512747108371e-24,10.0,1200,sintered
5405.405405405406,1.5015015015015016,2.4543867154845102e-20,4.540503872009495e-24,10.0,1200,sintered
5765.765765765766,1.6016016016016017,2.6180083295450693e-20,4.5404958422917586e-24,10.0,1200,sintered
6126.126126126126,1.7017017017017018,2.781629668257496e-20,4.5404885774299444e-24,10.0,1200,sintered
6486.486486486487,1.8018018018018018,2.945250757849569e-20,4.540482004569115e-24,10.0,1200,sintered
6846.846846846847,1.9019019019019021,3.108871622050786e-20,4.540476057793995e-24,10.0,1200,sintered
7207.207207207208,2.002002002002002,3.2724922823303366e-20,4.540470677467949e-24,10.0,1200,sintered
7567.567567567568,2.1021021021021022,3.4361127581124023e-20,4.540465809634916e-24,10.0,1200,sintered
7927.927927927928,2.2022022022022023,3.5997330669709504e-20,4.540461405478321e-24,10.0,1200,sintered
8288.288288288288,2.3023023023023024,3.7633532248059716e-20,4.540457420831523e-24,10.0,1200,sintered
8648.648648648648,2.4024024024024024,3.9269732460029336e-20,4.540453815734891e-24,10.0,1200,sintered
9009.009009009009,2.5025025025025025,4.090593143577041e-20,4.540450554035076e-24,10.0,1200,sintered
9369.36936936937,2.6026026026026026,4.254212929303761e-20,4.5404476030224474e-24,10.0,1200,sintered
9729.729729729732,2.702702702702703,4.4178326138369105e-20,4.540444933103073e-24,10.0,1200,sintered
10090.09009009009,2.802802802802803,4.581452206815495e-20,4.540442517501934e-24,10.0,1200,sintered
10450.450450450451,2.902902902902903,4.7450717169603743e-20,4.540440331994417e-24,10.0,1200,sintered
10810.810810810812,3.0030030030030033,4.9086911521617226e-20,4.540438354663379e-24,10.0,1200,sintered
11171.171171171172,3.1031031031031033,5.072310519558145e-20,4.540436565679354e-24,10.0,1200,sintered
11531.531531531533,3.2032032032032034,5.235929825608276e-20,4.540434947101696e-24,10.0,1200,sintered
11891.891891891892,3.3033033033033035,5.399549076155542e-20,4.540433482698662e-24,10.0,1200,sintered
12252.252252252252,3.4034034034034035,5.563168276486767e-20,4.540432157784632e-24,10.0,1200,sintered
12612.612612612613,3.5035035035035036,5.726787431385186e-20,4.540430959072839e-24,10.0,1200,sintered
12972.972972972973,3.6036036036036037,5.890406545178419e-20,4.540429874542122e-24,10.0,1200,sintered
13333.333333333334,3.7037037037037037,6.054025621781862e-20,4.540428893316375e-24,10.0,1200,sintered
13693.693693693695,3.8038038038038042,6.21764466473796e-20,4.540428005555472e-24,10.0,1200,sintered
14054.054054054055,3.9039039039039043,6.381263677251732e-20,4.5404272023565936e-24,10.0,1200,sintered
14414.414414414416,4.004004004004004,6.544882662222902e-20,4.540426475664939e-24,10.0,1200,sintered
14774.774774774776,4.104104104104104,6.708501622274989e-20,4.5404258181929554e-24,10.0,1200,sintered
15135.135135135137,4.2042042042042045,6.872120559781616e-20,4.540425223347251e-24,10.0,1200,sintered
15495.495495495496,4.3043043043043046,7.035739476890311e-20,4.540424685162474e-24,10.0,1200,sintered
15855.855855855856,4.404404404404405,7.199358375544036e-20,4.5404241982414936e-24,10.0,1200,sintered
16216.216216216217,4.504504504504505,7.362977257500692e-20,4.540423757701271e-24,10.0,1200,sintered
16576.576576576575,4.604604604604605,7.526596124350721e-20,4.540423359123893e-24,10.0,1200,sintered
16936.936936936938,4.704704704704705,7.69021497753308e-20,4.540422998512267e-24,10.0,1200,sintered
17297.297297297297,4.804804804804805,7.853833818349658e-20,4.540422672250034e-24,10.0,1200,sintered
17657.65765765766,4.904904904904905,8.017452647978335e-20,4.540422377065308e-24,10.0,1200,sintered
18018.018018018018,5.005005005005005,8.181071467484791e-20,4.5404221099978566e-24,10.0,1200,sintered
18378.378378378377,5.105105105105105,8.3446902778332e-20,4.5404218683694224e-24,10.0,1200,sintered
18738.73873873874,5.205205205205205,8.508309079895898e-20,4.5404216497568576e-24,10.0,1200,sintered
19099.099099099098,5.305305305305305,8.671927874462122e-20,4.540421451967829e-24,10.0,1200,sintered
19459.459459459464,5.405405405405406,8.835546662245939e-20,4.5404212730188285e-24,10.0,1200,sintered
19819.819819819822,5.505505505505506,8.999165443893389e-20,4.540421111115284e-24,10.0,1200,sintered
20180.18018018018,5.605605605605606,9.162784219988982e-20,4.540420964633563e-24,10.0,1200,sintered
20540.540540540544,5.705705705705706,9.326402991061551e-20,4.5404208321046875e-24,10.0,1200,sintered
20900.900900900902,5.805805805805806,9.490021757589554e-20,4.540420712199605e-24,10.0,1200,sintered
21261.261261261265,5.9059059059059065,9.653640520005877e-20,4.5404206037158594e-24,10.0,1200,sintered
21621.621621621623,6.0060060060060065,9.817259278702168e-20,4.540420505565533e-24,10.0,1200,sintered
21981.981981981982,6.106106106106107,9.980878034032773e-20,4.5404204167643334e-24,10.0,1200,sintered
22342.342342342345,6.206206206206207,1.0144496786318285e-19,4.5404203364217286e-24,10.0,1200,sintered
22702.702702702703,6.306306306306307,1.0308115535848758e-19,4.54042026373201e-24,10.0,1200,sintered
23063.063063063066,6.406406406406407,1.0471734282886618e-19,4.540420197966217e-24,10.0,1200,sintered
23423.423423423425,6.506506506506507,1.0635353027669294e-19,4.540420138464822e-24,10.0,1200,sintered
23783.783783783783,6.606606606606607,1.0798971770411599e-19,4.540420084631123e-24,10.0,1200,sintered
24144.144144144146,6.706706706706707,1.0962590511307887e-19,4.540420035925253e-24,10.0,1200,sintered
24504.504504504504,6.806806806806807,1.1126209250533995e-19,4.540419991858771e-24,10.0,1200,sintered
24864.864864864867,6.906906906906907,1.1289827988249013e-19,4.5404199519897605e-24,10.0,1200,sintered
25225.225225225226,7.007007007007007,1.1453446724596874e-19,4.540419915918398e-24,10.0,1200,sintered
25585.585585585584,7.107107107107107,1.1617065459707812e-19,4.5404198832829474e-24,10.0,1200,sintered
25945.945945945947,7.207207207207207,1.1780684193699644e-19,4.5404198537561265e-24,10.0,1200,sintered
26306.306306306305,7.307307307307307,1.1944302926678963e-19,4.540419827041828e-24,10.0,1200,sintered
26666.666666666668,7.407407407407407,1.2107921658742222e-19,4.54041980287215e-24,10.0,1200,sintered
27027.02702702703,7.507507507507508,1.2271540389976676e-19,4.5404197810047106e-24,10.0,1200,sintered
27387.38738738739,7.6076076076076085,1.2435159120461268e-19,4.5404197612202135e-24,10.0,1200,sintered
27747.74774774775,7.7077077077077085,1.2598777850267428e-19,4.540419743320253e-24,10.0,1200,sintered
28108.10810810811,7.807807807807809,1.2762396579459778e-19,4.540419727125319e-24,10.0,1200,sintered
28468.468468468473,7.907907907907909,1.2926015308096787e-19,4.5404197124730035e-24,10.0,1200,sintered
28828.82882882883,8.008008008008009,1.3089634036231349e-19,4.540419699216368e-24,10.0,1200,sintered
29189.18918918919,8.108108108108109,1.3253252763911326e-19,4.540419687222469e-24,10.0,1200,sintered
29549.549549549552,8.208208208208209,1.341687149118002e-19,4.5404196763710256e-24,10.0,1200,sintered
29909.90990990991,8.308308308308309,1.3580490218076603e-19,4.540419666553217e-24,10.0,1200,sintered
30270.270270270274,8.408408408408409,1.3744108944636527e-19,4.5404196576705855e-24,10.0,1200,sintered
30630.630630630632,8.508508508508509,1.3907727670891853e-19,4.5404196496340525e-24,10.0,1200,sintered
30990.99099099099,8.608608608608609,1.4071346396871595e-19,4.540419642363025e-24,10.0,1200,sintered
31351.351351351354,8.70870870870871,1.4234965122602007e-19,4.540419635784585e-24,10.0,1200,sintered
31711.711711711712,8.80880880880881,1.4398583848106837e-19,4.5404196298327634e-24,10.0,1200,sintered
32072.072072072075,8.90890890890891,1.4562202573407573e-19,4.540419624447871e-24,10.0,1200,sintered
32432.432432432433,9.00900900900901,1.4725821298523654e-19,4.540419619575906e-24,10.0,1200,sintered
32792.792792792796,9.10910910910911,1.4889440023472672e-19,4.5404196151680115e-24,10.0,1200,sintered
33153.15315315315,9.20920920920921,1.5053058748270532e-19,4.540419611179983e-24,10.0,1200,sintered
33513.51351351351,9.30930930930931,1.5216677472931643e-19,4.540419607571827e-24,10.0,1200,sintered
33873.873873873876,9.40940940940941,1.5380296197469028e-19,4.540419604307358e-24,10.0,1200,sintered
34234.23423423424,9.50950950950951,1.5543914921894468e-19,4.5404196013538414e-24,10.0,1200,sintered
34594.59459459459,9.60960960960961,1.5707533646218628e-19,4.5404195986816555e-24,10.0,1200,sintered
34954.954954954956,9.70970970970971,1.5871152370451157e-19,4.5404195962640045e-24,10.0,1200,sintered
35315.31531531532,9.80980980980981,1.6034771094600782e-19,4.540419594076642e-24,10.0,1200,sintered
35675.67567567567,9.90990990990991,1.61983898186754e-19,4.540419592097633e-24,10.0,1200,sintered
36036.036036036036,10.01001001001001,1.6362008542682154e-19,4.54041959030713e-24,10.0,1200,sintered
36396.3963963964,10.11011011011011,1.652562726662751e-19,4.5404195886871786e-24,10.0,1200,sintered
36756.75675675675,10.21021021021021,1.6689245990517313e-19,4.540419587221533e-24,10.0,1200,sintered
37117.117117117115,10.31031031031031,1.6852864714356863e-19,4.540419585895494e-24,10.0,1200,sintered
37477.47747747748,10.41041041041041,1.701648343815094e-19,4.5404195846957655e-24,10.0,1200,sintered
37837.83783783784,10.51051051051051,1.7180102161903877e-19,4.540419583610314e-24,10.0,1200,sintered
38198.198198198195,10.61061061061061,1.7343720885619592e-19,4.540419582628255e-24,10.0,1200,sintered
38558.558558558565,10.710710710710712,1.7507339609301633e-19,4.540419581739741e-24,10.0,1200,sintered
38918.91891891893,10.810810810810812,1.7670958332953205e-19,4.540419580935861e-24,10.0,1200,sintered
39279.27927927928,10.910910910910912,1.783457705657721e-19,4.540419580208552e-24,10.0,1200,sintered
39639.639639639645,11.011011011011012,1.7998195780176275e-19,4.5404195795505224e-24,10.0,1200,sintered
40000.00000000001,11.111111111111112,1.8161814503752777e-19,4.540419578955171e-24,10.0,1200,sintered
40360.36036036036,11.211211211211213,1.832543322730886e-19,4.54041957841653e-24,10.0,1200,sintered
40720.720720720725,11.311311311311313,1.8489051950846474e-19,4.540419577929196e-24,10.0,1200,sintered
41081.08108108109,11.411411411411413,1.865267067436738e-19,4.540419577488281e-24,10.0,1200,sintered
41441.44144144144,11.511511511511513,1.881628939787316e-19,4.540419577089366e-24,10.0,1200,sintered
41801.801801801805,11.611611611611613,1.8979908121365265e-19,4.5404195767284484e-24,10.0,1200,sintered
42162.16216216217,11.711711711711713,1.9143526844844993e-19,4.540419576401909e-24,10.0,1200,sintered
42522.52252252253,11.811811811811813,1.9307145568313525e-19,4.540419576106474e-24,10.0,1200,sintered
42882.882882882885,11.911911911911913,1.9470764291771922e-19,4.5404195758391796e-24,10.0,1200,sintered
43243.24324324325,12.012012012012013,1.963438301522116e-19,4.5404195755973466e-24,10.0,1200,sintered
43603.60360360361,12.112112112112113,1.97980017386621e-19,4.540419575378548e-24,10.0,1200,sintered
43963.963963963964,12.212212212212213,1.9961620462095536e-19,4.540419575180591e-24,10.0,1200,sintered
44324.32432432433,12.312312312312313,2.0125239185522187e-19,4.540419575001491e-24,10.0,1200,sintered
44684.68468468469,12.412412412412413,2.0288857908942696e-19,4.5404195748394496e-24,10.0,1200,sintered
45045.04504504505,12.512512512512513,2.045247663235765e-19,4.5404195746928434e-24,10.0,1200,sintered
45405.40540540541,12.612612612612613,2.0616095355767572e-19,4.540419574560202e-24,10.0,1200,sintered
45765.76576576577,12.712712712712714,2.077971407917295e-19,4.540419574440195e-24,10.0,1200,sintered
46126.12612612613,12.812812812812814,2.0943332802574212e-19,4.540419574331619e-24,10.0,1200,sintered
46486.48648648649,12.912912912912914,2.110695152597175e-19,4.540419574233386e-24,10.0,1200,sintered
46846.84684684685,13.013013013013014,2.1270570249365919e-19,4.540419574144509e-24,10.0,1200,sintered
47207.20720720721,13.113113113113114,2.1434188972757043e-19,4.540419574064099e-24,10.0,1200,sintered
47567.56756756757,13.213213213213214,2.1597807696145403e-19,4.540419573991347e-24,10.0,1200,sintered
47927.92792792793,13.313313313313314,2.1761426419531277e-19,4.5404195739255255e-24,10.0,1200,sintered
48288.28828828829,13.413413413413414,2.192504514291489e-19,4.5404195738659735e-24,10.0,1200,sintered
48648.648648648654,13.513513513513514,2.208866386629646e-19,4.540419573812094e-24,10.0,1200,sintered
49009.00900900901,13.613613613613614,2.225228258967618e-19,4.540419573763347e-24,10.0,1200,sintered
49369.36936936937,13.713713713713714,2.241590131305423e-19,4.540419573719243e-24,10.0,1200,sintered
49729.729729729734,13.813813813813814,2.2579520036430773e-19,4.54041957367934e-24,10.0,1200,sintered
50090.09009009009,13.913913913913914,2.274313875980594e-19,4.540419573643238e-24,10.0,1200,sintered
50450.45045045045,14.014014014014014,2.290675748317987e-19,4.540419573610575e-24,10.0,1200,sintered
50810.81081081081,14.114114114114114,2.3070376206552687e-19,4.5404195735810234e-24,10.0,1200,sintered
51171.17117117117,14.214214214214214,2.3233994929924487e-19,4.540419573554286e-24,10.0,1200,sintered
51531.53153153153,14.314314314314315,2.339761365329537e-19,4.540419573530096e-24,10.0,1200,sintered
51891.89189189189,14.414414414414415,2.3561232376665424e-19,4.54041957350821e-24,10.0,1200,sintered
52252.252252252256,14.514514514514515,2.372485110003473e-19,4.5404195734884084e-24,10.0,1200,sintered
52612.61261261261,14.614614614614615,2.3888469823403347e-19,4.540419573470494e-24,10.0,1200,sintered
52972.97297297297,14.714714714714715,2.4052088546771357e-19,4.5404195734542845e-24,10.0,1200,sintered
53333.333333333336,14.814814814814815,2.4215707270138814e-19,4.54041957343962e-24,10.0,1200,sintered
53693.69369369369,14.914914914914915,2.437932599350576e-19,4.540419573426352e-24,10.0,1200,sintered
54054.05405405406,15.015015015015017,2.454294471687226e-19,4.540419573414348e-24,10.0,1200,sintered
54414.41441441442,15.115115115115117,2.4706563440238344e-19,4.540419573403488e-24,10.0,1200,sintered
54774.77477477478,15.215215215215217,2.4870182163604053e-19,4.540419573393661e-24,10.0,1200,sintered
55135.13513513514,15.315315315315317,2.503380088696943e-19,4.540419573384771e-24,10.0,1200,sintered
55495.4954954955,15.415415415415417,2.51974196103345e-19,4.5404195733767276e-24,10.0,1200,sintered
55855.85585585586,15.515515515515517,2.536103833369929e-19,4.5404195733694505e-24,10.0,1200,sintered
56216.21621621622,15.615615615615617,2.5524657057063836e-19,4.540419573362866e-24,10.0,1200,sintered
56576.57657657658,15.715715715715717,2.568827578042816e-19,4.5404195733569095e-24,10.0,1200,sintered
56936.936936936945,15.815815815815817,2.5851894503792274e-19,4.5404195733515206e-24,10.0,1200,sintered
57297.2972972973,15.915915915915917,2.6015513227156197e-19,4.5404195733466445e-24,10.0,1200,sintered
57657.65765765766,16.016016016016017,2.617913195051996e-19,4.540419573342233e-24,10.0,1200,sintered
58018.018018018025,16.116116116116117,2.6342750673883575e-19,4.540419573338241e-24,10.0,1200,sintered
58378.37837837838,16.216216216216218,2.6506369397247045e-19,4.54041957333463e-24,10.0,1200,sintered
58738.73873873874,16.316316316316318,2.6669988120610395e-19,4.540419573331362e-24,10.0,1200,sintered
59099.099099099105,16.416416416416418,2.6833606843973634e-19,4.540419573328407e-24,10.0,1200,sintered
59459.45945945947,16.516516516516518,2.699722556733677e-19,4.5404195733257324e-24,10.0,1200,sintered
59819.81981981982,16.616616616616618,2.7160844290699813e-19,4.5404195733233124e-24,10.0,1200,sintered
60180.180180180185,16.716716716716718,2.732446301406278e-19,4.540419573321123e-24,10.0,1200,sintered
60540.54054054055,16.816816816816818,2.7488081737425666e-19,4.540419573319142e-24,10.0,1200,sintered
60900.9009009009,16.916916916916918,2.7651700460788486e-19,4.5404195733173504e-24,10.0,1200,sintered
61261.261261261265,17.017017017017018,2.7815319184151243e-19,4.540419573315729e-24,10.0,1200,sintered
61621.62162162163,17.117117117117118,2.7978937907513943e-19,4.5404195733142626e-24,10.0,1200,sintered
61981.98198198198,17.217217217217218,2.8142556630876595e-19,4.540419573312935e-24,10.0,1200,sintered
62342.342342342345,17.31731731731732,2.8306175354239203e-19,4.5404195733117345e-24,10.0,1200,sintered
62702.70270270271,17.41741741741742,2.846979407760177e-19,4.540419573310648e-24,10.0,1200,sintered
63063.06306306307,17.51751751751752,2.8633412800964294e-19,4.540419573309665e-24,10.0,1200,sintered
63423.423423423425,17.61761761761762,2.8797031524326787e-19,4.540419573308776e-24,10.0,1200,sintered
63783.78378378379,17.71771771771772,2.896065024768925e-19,4.5404195733079715e-24,10.0,1200,sintered
64144.14414414415,17.81781781781782,2.9124268971051686e-19,4.5404195733072434e-24,10.0,1200,sintered
64504.504504504504,17.91791791791792,2.92878876944141e-19,4.540419573306585e-24,10.0,1200,sintered
64864.86486486487,18.01801801801802,2.945150641777649e-19,4.540419573305989e-24,10.0,1200,sintered
65225.22522522523,18.11811811811812,2.9615125141138856e-19,4.54041957330545e-24,10.0,1200,sintered
65585.58558558559,18.21821821821822,2.977874386450121e-19,4.540419573304962e-24,10.0,1200,sintered
65945.94594594595,18.31831831831832,2.994236258786354e-19,4.540419573304521e-24,10.0,1200,sintered
66306.3063063063,18.41841841841842,3.0105981311225853e-19,4.540419573304122e-24,10.0,1200,sintered
66666.66666666667,18.51851851851852,3.026960003458816e-19,4.54041957330376e-24,10.0,1200,sintered
67027.02702702703,18.61861861861862,3.043321875795045e-19,4.540419573303433e-24,10.0,1200,sintered
67387.3873873874,18.71871871871872,3.0596837481312734e-19,4.540419573303138e-24,10.0,1200,sintered
67747.74774774775,18.81881881881882,3.0760456204675e-19,4.5404195733028705e-24,10.0,1200,sintered
68108.1081081081,18.91891891891892,3.092407492803726e-19,4.540419573302628e-24,10.0,1200,sintered
68468.46846846848,19.01901901901902,3.108769365139952e-19,4.540419573302409e-24,10.0,1200,sintered
68828.82882882883,19.11911911911912,3.1251312374761766e-19,4.540419573302211e-24,10.0,1200,sintered
69189.18918918919,19.21921921921922,3.1414931098124e-19,4.5404195733020315e-24,10.0,1200,sintered
69549.54954954956,19.31931931931932,3.1578549821486236e-19,4.54041957330187e-24,10.0,1200,sintered
69909.90990990991,19.41941941941942,3.174216854484846e-19,4.540419573301723e-24,10.0,1200,sintered
70270.27027027027,19.51951951951952,3.1905787268210677e-19,4.54041957330159e-24,10.0,1200,sintered
70630.63063063064,19.61961961961962,3.20694059915729e-19,4.54041957330147e-24,10.0,1200,sintered
70990.99099099099,19.71971971971972,3.223302471493511e-19,4.5404195733013615e-24,10.0,1200,sintered
71351.35135135135,19.81981981981982,3.239664343829732e-19,4.540419573301263e-24,10.0,1200,sintered
71711.71171171172,19.91991991991992,3.2560262161659526e-19,4.540419573301174e-24,10.0,1200,sintered
72072.07207207207,20.02002002002002,3.272388088502173e-19,4.540419573301093e-24,10.0,1200,sintered
72432.43243243243,20.12012012012012,3.288749960838393e-19,4.5404195733010206e-24,10.0,1200,sintered
72792.7927927928,20.22022022022022,3.305111833174613e-19,4.540419573300955e-24,10.0,1200,sintered
73153.15315315315,20.32032032032032,3.3214737055108323e-19,4.540419573300896e-24,10.0,1200,sintered
73513.5135135135,20.42042042042042,3.337835577847051e-19,4.540419573300841e-24,10.0,1200,sintered
73873.87387387388,20.52052052052052,3.354197450183271e-19,4.540419573300793e-24,10.0,1200,sintered
74234.23423423423,20.62062062062062,3.3705593225194896e-19,4.540419573300749e-24,10.0,1200,sintered
74594.5945945946,20.72072072072072,3.386921194855709e-19,4.5404195733007084e-24,10.0,1200,sintered
74954.95495495496,20.82082082082082,3.4032830671919274e-19,4.5404195733006724e-24,10.0,1200,sintered
75315.31531531531,20.92092092092092,3.419644939528146e-19,4.54041957330064e-24,10.0,1200,sintered
75675.67567567568,21.02102102102102,3.4360068118643643e-19,4.54041957330061e-24,10.0,1200,sintered
76036.03603603604,21.12112112112112,3.452368684200583e-19,4.5404195733005835e-24,10.0,1200,sintered
76396.39639639639,21.22122122122122,3.468730556536801e-19,4.540419573300559e-24,10.0,1200,sintered
76756.75675675676,21.32132132132132,3.4850924288730197e-19,4.540419573300537e-24,10.0,1200,sintered
77117.11711711713,21.421421421421424,3.5014543012092377e-19,4.540419573300517e-24,10.0,1200,sintered
77477.47747747749,21.521521521521525,3.517816173545456e-19,4.5404195733005e-24,10.0,1200,sintered
77837.83783783785,21.621621621621625,3.534178045881674e-19,4.5404195733004836e-24,10.0,1200,sintered
78198.19819819821,21.721721721721725,3.550539918217892e-19,4.540419573300469e-24,10.0,1200,sintered
78558.55855855856,21.821821821821825,3.5669017905541096e-19,4.540419573300456e-24,10.0,1200,sintered
78918.91891891893,21.921921921921925,3.583263662890328e-19,4.540419573300443e-24,10.0,1200,sintered
79279.27927927929,22.022022022022025,3.5996255352265456e-19,4.540419573300433e-24,10.0,1200,sintered
79639.63963963964,22.122122122122125,3.6159874075627626e-19,4.5404195733004226e-24,10.0,1200,sintered
80000.00000000001,22.222222222222225,3.632349279898981e-19,4.540419573300414e-24,10.0,1200,sintered
80360.36036036037,22.322322322322325,3.6487111522351985e-19,4.540419573300406e-24,10.0,1200,sintered
80720.72072072072,22.422422422422425,3.665073024571416e-19,4.540419573300398e-24,10.0,1200,sintered
81081.0810810811,22.522522522522525,3.681434896907634e-19,4.540419573300392e-24,10.0,1200,sintered
81441.44144144145,22.622622622622625,3.6977967692438515e-19,4.540419573300386e-24,10.0,1200,sintered
81801.8018018018,22.722722722722725,3.7141586415800685e-19,4.540419573300381e-24,10.0,1200,sintered
82162.16216216217,22.822822822822825,3.730520513916287e-19,4.5404195733003756e-24,10.0,1200,sintered
82522.52252252253,22.922922922922925,3.746882386252504e-19,4.540419573300371e-24,10.0,1200,sintered
82882.88288288288,23.023023023023026,3.763244258588721e-19,4.5404195733003675e-24,10.0,1200,sintered
83243.24324324325,23.123123123123126,3.7796061309249394e-19,4.540419573300364e-24,10.0,1200,sintered
83603.60360360361,23.223223223223226,3.7959680032611565e-19,4.54041957330036e-24,10.0,1200,sintered
83963.96396396398,23.323323323323326,3.8123298755973744e-19,4.540419573300357e-24,10.0,1200,sintered
84324.32432432433,23.423423423423426,3.8286917479335914e-19,4.540419573300355e-24,10.0,1200,sintered
84684.68468468469,23.523523523523526,3.845053620269809e-19,4.540419573300352e-24,10.0,1200,sintered
85045.04504504506,23.623623623623626,3.861415492606027e-19,4.54041957330035e-24,10.0,1200,sintered
85405.40540540541,23.723723723723726,3.877777364942244e-19,4.5404195733003484e-24,10.0,1200,sintered
85765.76576576577,23.823823823823826,3.8941392372784614e-19,4.540419573300346e-24,10.0,1200,sintered
86126.12612612614,23.923923923923926,3.910501109614679e-19,4.540419573300345e-24,10.0,1200,sintered
86486.4864864865,24.024024024024026,3.9268629819508964e-19,4.540419573300343e-24,10.0,1200,sintered
86846.84684684685,24.124124124124126,3.9432248542871134e-19,4.540419573300342e-24,10.0,1200,sintered
87207.20720720722,24.224224224224226,3.9595867266233314e-19,4.540419573300341e-24,10.0,1200,sintered
87567.56756756757,24.324324324324326,3.9759485989595484e-19,4.5404195733003396e-24,10.0,1200,sintered
87927.92792792793,24.424424424424426,3.992310471295766e-19,4.540419573300339e-24,10.0,1200,sintered
88288.2882882883,24.524524524524526,4.008672343631984e-19,4.540419573300338e-24,10.0,1200,sintered
88648.64864864865,24.624624624624627,4.025034215968201e-19,4.5404195733003366e-24,10.0,1200,sintered
89009.00900900901,24.724724724724727,4.0413960883044184e-19,4.540419573300336e-24,10.0,1200,sintered
89369.36936936938,24.824824824824827,4.057757960640636e-19,4.540419573300336e-24,10.0,1200,sintered
89729.72972972973,24.924924924924927,4.0741198329768534e-19,4.540419573300335e-24,10.0,1200,sintered
90090.0900900901,25.025025025025027,4.090481705313071e-19,4.5404195733003344e-24,10.0,1200,sintered
90450.45045045046,25.125125125125127,4.1068435776492884e-19,4.540419573300334e-24,10.0,1200,sintered
90810.81081081081,25.225225225225227,4.1232054499855054e-19,4.540419573300334e-24,10.0,1200,sintered
91171.17117117118,25.325325325325327,4.1395673223217234e-19,4.540419573300333e-24,10.0,1200,sintered
91531.53153153154,25.425425425425427,4.1559291946579404e-19,4.540419573300333e-24,10.0,1200,sintered
91891.8918918919,25.525525525525527,4.1722910669941574e-19,4.540419573300332e-24,10.0,1200,sintered
92252.25225225226,25.625625625625627,4.1886529393303754e-19,4.540419573300332e-24,10.0,1200,sintered
92612.61261261262,25.725725725725727,4.2050148116665924e-19,4.5404195733003315e-24,10.0,1200,sintered
92972.97297297297,25.825825825825827,4.22137668400281e-19,4.5404195733003315e-24,10.0,1200,sintered
93333.33333333334,25.925925925925927,4.2377385563390274e-19,4.5404195733003315e-24,10.0,1200,sintered
93693.6936936937,26.026026026026027,4.254100428675245e-19,4.5404195733003315e-24,10.0,1200,sintered
94054.05405405405,26.126126126126128,4.270462301011462e-19,4.540419573300331e-24,10.0,1200,sintered
94414.41441441442,26.226226226226228,4.28682417334768e-19,4.540419573300331e-24,10.0,1200,sintered
94774.77477477478,26.326326326326328,4.303186045683897e-19,4.540419573300331e-24,10.0,1200,sintered
95135.13513513513,26.426426426426428,4.319547918020114e-19,4.540419573300331e-24,10.0,1200,sintered
95495.4954954955,26.526526526526528,4.335909790356332e-19,4.540419573300331e-24,10.0,1200,sintered
95855.85585585586,26.626626626626628,4.352271662692549e-19,4.54041957330033e-24,10.0,1200,sintered
96216.21621621623,26.726726726726728,4.368633535028767e-19,4.54041957330033e-24,10.0,1200,sintered
96576.57657657658,26.826826826826828,4.384995407364984e-19,4.54041957330033e-24,10.0,1200,sintered
96936.93693693694,26.926926926926928,4.401357279701201e-19,4.54041957330033e-24,10.0,1200,sintered
97297.29729729731,27.027027027027028,4.417719152037419e-19,4.54041957330033e-24,10.0,1200,sintered
97657.65765765766,27.127127127127128,4.434081024373636e-19,4.54041957330033e-24,10.0,1200,sintered
98018.01801801802,27.227227227227228,4.450442896709853e-19,4.54041957330033e-24,10.0,1200,sintered
98378.37837837839,27.32732732732733,4.466804769046071e-19,4.54041957330033e-24,10.0,1200,sintered
98738.73873873874,27.42742742742743,4.483166641382288e-19,4.54041957330033e-24,10.0,1200,sintered
99099.0990990991,27.52752752752753,4.499528513718506e-19,4.54041957330033e-24,10.0,1200,sintered
99459.45945945947,27.62762762762763,4.515890386054723e-19,4.54041957330033e-24,10.0,1200,sintered
99819.81981981982,27.72772772772773,4.532252258390941e-19,4.540419573300329e-24,10.0,1200,sintered
100180.18018018018,27.82782782782783,4.548614130727157e-19,4.540419573300329e-24,10.0,1200,sintered
100540.54054054055,27.92792792792793,4.564976003063376e-19,4.540419573300329e-24,10.0,1200,sintered
100900.9009009009,28.02802802802803,4.581337875399592e-19,4.540419573300329e-24,10.0,1200,sintered
101261.26126126126,28.12812812812813,4.59769974773581e-19,4.540419573300329e-24,10.0,1200,sintered
101621.62162162163,28.22822822822823,4.614061620072027e-19,4.540419573300329e-24,10.0,1200,sintered
101981.98198198198,28.32832832832833,4.630423492408245e-19,4.540419573300329e-24,10.0,1200,sintered
102342.34234234234,28.42842842842843,4.646785364744462e-19,4.540419573300329e-24,10.0,1200,sintered
102702.7027027027,28.52852852852853,4.66314723708068e-19,4.540419573300329e-24,10.0,1200,sintered
103063.06306306306,28.62862862862863,4.679509109416897e-19,4.540419573300329e-24,10.0,1200,sintered
103423.42342342343,28.72872872872873,4.695870981753115e-19,4.540419573300329e-24,10.0,1200,sintered
103783.78378378379,28.82882882882883,4.712232854089332e-19,4.540419573300329e-24,10.0,1200,sintered
104144.14414414414,28.92892892892893,4.728594726425549e-19,4.540419573300329e-24,10.0,1200,sintered
104504.50450450451,29.02902902902903,4.744956598761767e-19,4.540419573300329e-24,10.0,1200,sintered
104864.86486486487,29.12912912912913,4.761318471097984e-19,4.540419573300329e-24,10.0,1200,sintered
105225.22522522522,29.22922922922923,4.777680343434201e-19,4.540419573300329e-24,10.0,1200,sintered
105585.58558558559,29.32932932932933,4.794042215770419e-19,4.540419573300329e-24,10.0,1200,sintered
105945.94594594595,29.42942942942943,4.810404088106636e-19,4.540419573300329e-24,10.0,1200,sintered
106306.3063063063,29.52952952952953,4.826765960442854e-19,4.540419573300329e-24,10.0,1200,sintered
106666.66666666667,29.62962962962963,4.843127832779071e-19,4.540419573300329e-24,10.0,1200,sintered
107027.02702702703,29.72972972972973,4.859489705115289e-19,4.540419573300329e-24,10.0,1200,sintered
107387.38738738738,29.82982982982983,4.875851577451505e-19,4.540419573300329e-24,10.0,1200,sintered
107747.74774774777,29.929929929929934,4.892213449787724e-19,4.540419573300329e-24,10.0,1200,sintered
108108.10810810812,30.030030030030034,4.908575322123941e-19,4.540419573300329e-24,10.0,1200,sintered
108468.46846846848,30.130130130130134,4.924937194460159e-19,4.540419573300329e-24,10.0,1200,sintered
108828.82882882885,30.230230230230234,4.941299066796376e-19,4.540419573300329e-24,10.0,1200,sintered
109189.1891891892,30.330330330330334,4.957660939132594e-19,4.540419573300329e-24,10.0,1200,sintered
109549.54954954956,30.430430430430434,4.97402281146881e-19,4.540419573300329e-24,10.0,1200,sintered
109909.90990990993,30.530530530530534,4.990384683805029e-19,4.540419573300329e-24,10.0,1200,sintered
110270.27027027028,30.630630630630634,5.006746556141245e-19,4.540419573300329e-24,10.0,1200,sintered
110630.63063063064,30.730730730730734,5.023108428477463e-19,4.540419573300329e-24,10.0,1200,sintered
110990.990990991,30.830830830830834,5.03947030081368e-19,4.540419573300329e-24,10.0,1200,sintered
111351.35135135136,30.930930930930934,5.055832173149898e-19,4.540419573300329e-24,10.0,1200,sintered
111711.71171171172,31.031031031031034,5.072194045486115e-19,4.540419573300329e-24,10.0,1200,sintered
112072.07207207209,31.131131131131134,5.088555917822333e-19,4.540419573300329e-24,10.0,1200,sintered
112432.43243243244,31.231231231231234,5.10491779015855e-19,4.540419573300329e-24,10.0,1200,sintered
112792.79279279281,31.331331331331334,5.121279662494768e-19,4.540419573300329e-24,10.0,1200,sintered
113153.15315315317,31.431431431431434,5.137641534830985e-19,4.540419573300329e-24,10.0,1200,sintered
113513.51351351352,31.531531531531535,5.154003407167202e-19,4.540419573300329e-24,10.0,1200,sintered
113873.87387387389,31.631631631631635,5.17036527950342e-19,4.540419573300329e-24,10.0,1200,sintered
114234.23423423425,31.731731731731735,5.186727151839637e-19,4.540419573300329e-24,10.0,1200,sintered
114594.5945945946,31.831831831831835,5.203089024175854e-19,4.540419573300329e-24,10.0,1200,sintered
114954.95495495497,31.931931931931935,5.219450896512072e-19,4.540419573300329e-24,10.0,1200,sintered
115315.31531531533,32.032032032032035,5.235812768848289e-19,4.540419573300329e-24,10.0,1200,sintered
115675.67567567568,32.132132132132135,5.252174641184507e-19,4.540419573300329e-24,10.0,1200,sintered
116036.03603603605,32.232232232232235,5.268536513520724e-19,4.540419573300329e-24,10.0,1200,sintered
116396.3963963964,32.332332332332335,5.284898385856942e-19,4.540419573300329e-24,10.0,1200,sintered
116756.75675675676,32.432432432432435,5.301260258193158e-19,4.540419573300329e-24,10.0,1200,sintered
117117.11711711713,32.532532532532535,5.317622130529377e-19,4.540419573300329e-24,10.0,1200,sintered
117477.47747747749,32.632632632632635,5.333984002865593e-19,4.540419573300329e-24,10.0,1200,sintered
117837.83783783784,32.732732732732735,5.350345875201811e-19,4.540419573300329e-24,10.0,1200,sintered
118198.19819819821,32.832832832832835,5.366707747538028e-19,4.540419573300329e-24,10.0,1200,sintered
118558.55855855856,32.932932932932935,5.383069619874246e-19,4.540419573300329e-24,10.0,1200,sintered
118918.91891891893,33.033033033033036,5.399431492210463e-19,4.540419573300329e-24,10.0,1200,sintered
119279.27927927929,33.133133133133136,5.415793364546681e-19,4.540419573300329e-24,10.0,1200,sintered
119639.63963963964,33.233233233233236,5.432155236882897e-19,4.540419573300329e-24,10.0,1200,sintered
120000.00000000001,33.333333333333336,5.448517109219116e-19,4.540419573300329e-24,10.0,1200,sintered
120360.36036036037,33.433433433433436,5.464878981555332e-19,4.540419573300329e-24,10.0,1200,sintered
120720.72072072072,33.533533533533536,5.48124085389155e-19,4.540419573300329e-24,10.0,1200,sintered
121081.0810810811,33.633633633633636,5.497602726227767e-19,4.540419573300329e-24,10.0,1200,sintered
121441.44144144145,33.733733733733736,5.513964598563985e-19,4.540419573300329e-24,10.0,1200,sintered
121801.8018018018,33.833833833833836,5.530326470900202e-19,4.540419573300329e-24,10.0,1200,sintered
122162.16216216217,33.933933933933936,5.54668834323642e-19,4.540419573300329e-24,10.0,1200,sintered
122522.52252252253,34.034034034034036,5.563050215572637e-19,4.540419573300329e-24,10.0,1200,sintered
122882.88288288288,34.134134134134136,5.579412087908854e-19,4.540419573300329e-24,10.0,1200,sintered
123243.24324324325,34.234234234234236,5.595773960245072e-19,4.540419573300329e-24,10.0,1200,sintered
123603.60360360361,34.334334334334336,5.612135832581289e-19,4.540419573300329e-24,10.0,1200,sintered
123963.96396396396,34.434434434434436,5.628497704917506e-19,4.540419573300329e-24,10.0,1200,sintered
124324.32432432433,34.53453453453454,5.644859577253724e-19,4.540419573300329e-24,10.0,1200,sintered
124684.68468468469,34.63463463463464,5.661221449589941e-19,4.540419573300329e-24,10.0,1200,sintered
125045.04504504506,34.73473473473474,5.677583321926159e-19,4.540419573300329e-24,10.0,1200,sintered
125405.40540540541,34.83483483483484,5.693945194262376e-19,4.540419573300329e-24,10.0,1200,sintered
125765.76576576577,34.93493493493494,5.710307066598594e-19,4.540419573300329e-24,10.0,1200,sintered
126126.12612612614,35.03503503503504,5.726668938934811e-19,4.540419573300329e-24,10.0,1200,sintered
126486.4864864865,35.13513513513514,5.743030811271029e-19,4.540419573300329e-24,10.0,1200,sintered
126846.84684684685,35.23523523523524,5.759392683607245e-19,4.540419573300329e-24,10.0,1200,sintered
127207.20720720722,35.33533533533534,5.775754555943464e-19,4.540419573300329e-24,10.0,1200,sintered
127567.56756756757,35.43543543543544,5.79211642827968e-19,4.540419573300329e-24,10.0,1200,sintered
127927.92792792793,35.53553553553554,5.808478300615898e-19,4.540419573300329e-24,10.0,1200,sintered
128288.2882882883,35.63563563563564,5.824840172952115e-19,4.540419573300329e-24,10.0,1200,sintered
128648.64864864865,35.73573573573574,5.841202045288333e-19,4.540419573300329e-24,10.0,1200,sintered
129009.00900900901,35.83583583583584,5.85756391762455e-19,4.540419573300329e-24,10.0,1200,sintered
129369.36936936938,35.93593593593594,5.873925789960768e-19,4.540419573300329e-24,10.0,1200,sintered
129729.72972972973,36.03603603603604,5.890287662296985e-19,4.540419573300329e-24,10.0,1200,sintered
130090.09009009009,36.13613613613614,5.906649534633202e-19,4.540419573300329e-24,10.0,1200,sintered
130450.45045045046,36.23623623623624,5.92301140696942e-19,4.540419573300329e-24,10.0,1200,sintered
130810.81081081081,36.33633633633634,5.939373279305637e-19,4.540419573300329e-24,10.0,1200,sintered
131171.17117117118,36.43643643643644,5.955735151641855e-19,4.540419573300329e-24,10.0,1200,sintered
131531.53153153154,36.53653653653654,5.972097023978072e-19,4.540419573300329e-24,10.0,1200,sintered
131891.8918918919,36.63663663663664,5.988458896314289e-19,4.540419573300329e-24,10.0,1200,sintered
132252.25225225225,36.73673673673674,6.004820768650507e-19,4.540419573300329e-24,10.0,1200,sintered
132612.6126126126,36.83683683683684,6.021182640986723e-19,4.540419573300329e-24,10.0,1200,sintered
132972.972972973,36.93693693693694,6.037544513322942e-19,4.540419573300329e-24,10.0,1200,sintered
133333.33333333334,37.03703703703704,6.053906385659159e-19,4.540419573300329e-24,10.0,1200,sintered
133693.6936936937,37.13713713713714,6.070268257995377e-19,4.540419573300329e-24,10.0,1200,sintered
134054.05405405405,37.23723723723724,6.086630130331593e-19,4.540419573300329e-24,10.0,1200,sintered
134414.4144144144,37.33733733733734,6.102992002667811e-19,4.540419573300329e-24,10.0,1200,sintered
134774.7747747748,37.43743743743744,6.119353875004029e-19,4.540419573300329e-24,10.0,1200,sintered
135135.13513513515,37.53753753753754,6.135715747340247e-19,4.540419573300329e-24,10.0,1200,sintered
135495.4954954955,37.63763763763764,6.152077619676463e-19,4.540419573300329e-24,10.0,1200,sintered
135855.85585585586,37.73773773773774,6.168439492012681e-19,4.540419573300329e-24,10.0,1200,sintered
136216.2162162162,37.83783783783784,6.184801364348898e-19,4.540419573300329e-24,10.0,1200,sintered
136576.57657657657,37.93793793793794,6.201163236685115e-19,4.540419573300329e-24,10.0,1200,sintered
136936.93693693695,38.03803803803804,6.217525109021333e-19,4.540419573300329e-24,10.0,1200,sintered
137297.2972972973,38.13813813813814,6.233886981357551e-19,4.540419573300329e-24,10.0,1200,sintered
137657.65765765766,38.23823823823824,6.250248853693768e-19,4.540419573300329e-24,10.0,1200,sintered
138018.01801801802,38.33833833833834,6.266610726029985e-19,4.540419573300329e-24,10.0,1200,sintered
138378.37837837837,38.43843843843844,6.282972598366202e-19,4.540419573300329e-24,10.0,1200,sintered
138738.73873873873,38.53853853853854,6.29933447070242e-19,4.540419573300329e-24,10.0,1200,sintered
139099.0990990991,38.63863863863864,6.315696343038638e-19,4.540419573300329e-24,10.0,1200,sintered
139459.45945945947,38.73873873873874,6.332058215374855e-19,4.540419573300329e-24,10.0,1200,sintered
139819.81981981982,38.83883883883884,6.348420087711072e-19,4.540419573300329e-24,10.0,1200,sintered
140180.18018018018,38.93893893893894,6.36478196004729e-19,4.540419573300329e-24,10.0,1200,sintered
140540.54054054053,39.03903903903904,6.381143832383506e-19,4.540419573300329e-24,10.0,1200,sintered
140900.9009009009,39.13913913913914,6.397505704719724e-19,4.540419573300329e-24,10.0,1200,sintered
141261.26126126127,39.23923923923924,6.413867577055942e-19,4.540419573300329e-24,10.0,1200,sintered
141621.62162162163,39.33933933933934,6.43022944939216e-19,4.540419573300329e-24,10.0,1200,sintered
141981.98198198198,39.43943943943944,6.446591321728376e-19,4.540419573300329e-24,10.0,1200,sintered
142342.34234234234,39.53953953953954,6.462953194064594e-19,4.540419573300329e-24,10.0,1200,sintered
142702.7027027027,39.63963963963964,6.479315066400811e-19,4.540419573300329e-24,10.0,1200,sintered
143063.06306306308,39.73973973973974,6.49567693873703e-19,4.540419573300329e-24,10.0,1200,sintered
143423.42342342343,39.83983983983984,6.512038811073246e-19,4.540419573300329e-24,10.0,1200,sintered
143783.7837837838,39.93993993993994,6.528400683409464e-19,4.540419573300329e-24,10.0,1200,sintered
144144.14414414414,40.04004004004004,6.544762555745681e-19,4.540419573300329e-24,10.0,1200,sintered
144504.5045045045,40.14014014014014,6.561124428081898e-19,4.540419573300329e-24,10.0,1200,sintered
144864.86486486485,40.24024024024024,6.577486300418115e-19,4.540419573300329e-24,10.0,1200,sintered
145225.22522522524,40.34034034034034,6.593848172754334e-19,4.540419573300329e-24,10.0,1200,sintered
145585.5855855856,40.44044044044044,6.610210045090551e-19,4.540419573300329e-24,10.0,1200,sintered
145945.94594594595,40.54054054054054,6.626571917426768e-19,4.540419573300329e-24,10.0,1200,sintered
146306.3063063063,40.64064064064064,6.642933789762985e-19,4.540419573300329e-24,10.0,1200,sintered
146666.66666666666,40.74074074074074,6.659295662099203e-19,4.540419573300329e-24,10.0,1200,sintered
147027.027027027,40.84084084084084,6.675657534435419e-19,4.540419573300329e-24,10.0,1200,sintered
147387.3873873874,40.94094094094094,6.692019406771638e-19,4.540419573300329e-24,10.0,1200,sintered
147747.74774774775,41.04104104104104,6.708381279107855e-19,4.540419573300329e-24,10.0,1200,sintered
148108.1081081081,41.14114114114114,6.724743151444073e-19,4.540419573300329e-24,10.0,1200,sintered
148468.46846846846,41.24124124124124,6.741105023780289e-19,4.540419573300329e-24,10.0,1200,sintered
148828.82882882882,41.34134134134134,6.757466896116507e-19,4.540419573300329e-24,10.0,1200,sintered
149189.1891891892,41.44144144144144,6.773828768452725e-19,4.540419573300329e-24,10.0,1200,sintered
149549.54954954956,41.54154154154154,6.790190640788943e-19,4.540419573300329e-24,10.0,1200,sintered
149909.9099099099,41.64164164164164,6.806552513125159e-19,4.540419573300329e-24,10.0,1200,sintered
150270.27027027027,41.74174174174174,6.822914385461377e-19,4.540419573300329e-24,10.0,1200,sintered
150630.63063063062,41.84184184184184,6.839276257797594e-19,4.540419573300329e-24,10.0,1200,sintered
150990.99099099098,41.94194194194194,6.855638130133811e-19,4.540419573300329e-24,10.0,1200,sintered
151351.35135135136,42.04204204204204,6.872000002470029e-19,4.540419573300329e-24,10.0,1200,sintered
151711.71171171172,42.14214214214214,6.888361874806247e-19,4.540419573300329e-24,10.0,1200,sintered
152072.07207207207,42.24224224224224,6.904723747142464e-19,4.540419573300329e-24,10.0,1200,sintered
152432.43243243243,42.34234234234234,6.921085619478681e-19,4.540419573300329e-24,10.0,1200,sintered
152792.79279279278,42.44244244244244,6.937447491814898e-19,4.540419573300329e-24,10.0,1200,sintered
153153.15315315314,42.54254254254254,6.953809364151116e-19,4.540419573300329e-24,10.0,1200,sintered
153513.51351351352,42.64264264264264,6.970171236487334e-19,4.540419573300329e-24,10.0,1200,sintered
153873.8738738739,42.74274274274275,6.986533108823553e-19,4.540419573300329e-24,10.0,1200,sintered
154234.23423423426,42.84284284284285,7.002894981159769e-19,4.540419573300329e-24,10.0,1200,sintered
154594.59459459462,42.94294294294295,7.019256853495987e-19,4.540419573300329e-24,10.0,1200,sintered
154954.95495495497,43.04304304304305,7.035618725832204e-19,4.540419573300329e-24,10.0,1200,sintered
155315.31531531533,43.14314314314315,7.051980598168421e-19,4.540419573300329e-24,10.0,1200,sintered
155675.6756756757,43.24324324324325,7.068342470504639e-19,4.540419573300329e-24,10.0,1200,sintered
156036.03603603606,43.34334334334335,7.084704342840857e-19,4.540419573300329e-24,10.0,1200,sintered
156396.39639639642,43.44344344344345,7.101066215177074e-19,4.540419573300329e-24,10.0,1200,sintered
156756.75675675677,43.54354354354355,7.117428087513291e-19,4.540419573300329e-24,10.0,1200,sintered
157117.11711711713,43.64364364364365,7.133789959849508e-19,4.540419573300329e-24,10.0,1200,sintered
157477.47747747749,43.74374374374375,7.150151832185726e-19,4.540419573300329e-24,10.0,1200,sintered
157837.83783783787,43.84384384384385,7.166513704521944e-19,4.540419573300329e-24,10.0,1200,sintered
158198.19819819822,43.94394394394395,7.182875576858161e-19,4.540419573300329e-24,10.0,1200,sintered
158558.55855855858,44.04404404404405,7.199237449194378e-19,4.540419573300329e-24,10.0,1200,sintered
158918.91891891893,44.14414414414415,7.215599321530596e-19,4.540419573300329e-24,10.0,1200,sintered
159279.2792792793,44.24424424424425,7.231961193866812e-19,4.540419573300329e-24,10.0,1200,sintered
159639.63963963967,44.34434434434435,7.248323066203031e-19,4.540419573300329e-24,10.0,1200,sintered
160000.00000000003,44.44444444444445,7.264684938539248e-19,4.540419573300329e-24,10.0,1200,sintered
160360.36036036038,44.54454454454455,7.281046810875466e-19,4.540419573300329e-24,10.0,1200,sintered
160720.72072072074,44.64464464464465,7.297408683211682e-19,4.540419573300329e-24,10.0,1200,sintered
161081.0810810811,44.74474474474475,7.3137705555479e-19,4.540419573300329e-24,10.0,1200,sintered
161441.44144144145,44.84484484484485,7.330132427884117e-19,4.540419573300329e-24,10.0,1200,sintered
161801.80180180183,44.94494494494495,7.346494300220336e-19,4.540419573300329e-24,10.0,1200,sintered
162162.1621621622,45.04504504504505,7.362856172556552e-19,4.540419573300329e-24,10.0,1200,sintered
162522.52252252254,45.14514514514515,7.37921804489277e-19,4.540419573300329e-24,10.0,1200,sintered
162882.8828828829,45.24524524524525,7.395579917228987e-19,4.540419573300329e-24,10.0,1200,sintered
163243.24324324325,45.34534534534535,7.411941789565204e-19,4.540419573300329e-24,10.0,1200,sintered
163603.6036036036,45.44544544544545,7.428303661901421e-19,4.540419573300329e-24,10.0,1200,sintered
163963.963963964,45.54554554554555,7.44466553423764e-19,4.540419573300329e-24,10.0,1200,sintered
164324.32432432435,45.64564564564565,7.461027406573857e-19,4.540419573300329e-24,10.0,1200,sintered
164684.6846846847,45.74574574574575,7.477389278910074e-19,4.540419573300329e-24,10.0,1200,sintered
165045.04504504506,45.84584584584585,7.493751151246291e-19,4.540419573300329e-24,10.0,1200,sintered
165405.4054054054,45.94594594594595,7.510113023582508e-19,4.540419573300329e-24,10.0,1200,sintered
165765.76576576577,46.04604604604605,7.526474895918725e-19,4.540419573300329e-24,10.0,1200,sintered
166126.12612612615,46.14614614614615,7.542836768254944e-19,4.540419573300329e-24,10.0,1200,sintered
166486.4864864865,46.24624624624625,7.559198640591161e-19,4.540419573300329e-24,10.0,1200,sintered
166846.84684684686,46.34634634634635,7.575560512927378e-19,4.540419573300329e-24,10.0,1200,sintered
167207.20720720722,46.44644644644645,7.591922385263595e-19,4.540419573300329e-24,10.0,1200,sintered
167567.56756756757,46.54654654654655,7.608284257599813e-19,4.540419573300329e-24,10.0,1200,sintered
167927.92792792796,46.64664664664665,7.624646129936031e-19,4.540419573300329e-24,10.0,1200,sintered
168288.2882882883,46.74674674674675,7.641008002272248e-19,4.540419573300329e-24,10.0,1200,sintered
168648.64864864867,46.84684684684685,7.657369874608465e-19,4.540419573300329e-24,10.0,1200,sintered
169009.00900900902,46.94694694694695,7.673731746944683e-19,4.540419573300329e-24,10.0,1200,sintered
169369.36936936938,47.04704704704705,7.690093619280899e-19,4.540419573300329e-24,10.0,1200,sintered
169729.72972972973,47.14714714714715,7.706455491617117e-19,4.540419573300329e-24,10.0,1200,sintered
170090.09009009012,47.24724724724725,7.722817363953335e-19,4.540419573300329e-24,10.0,1200,sintered
170450.45045045047,47.34734734734735,7.739179236289553e-19,4.540419573300329e-24,10.0,1200,sintered
170810.81081081083,47.44744744744745,7.755541108625769e-19,4.540419573300329e-24,10.0,1200,sintered
171171.17117117118,47.54754754754755,7.771902980961987e-19,4.540419573300329e-24,10.0,1200,sintered
171531.53153153154,47.64764764764765,7.788264853298204e-19,4.540419573300329e-24,10.0,1200,sintered
171891.8918918919,47.74774774774775,7.804626725634421e-19,4.540419573300329e-24,10.0,1200,sintered
172252.25225225228,47.84784784784785,7.820988597970639e-19,4.540419573300329e-24,10.0,1200,sintered
172612.61261261263,47.94794794794795,7.837350470306857e-19,4.540419573300329e-24,10.0,1200,sintered
172972.972972973,48.04804804804805,7.853712342643074e-19,4.540419573300329e-24,10.0,1200,sintered
173333.33333333334,48.14814814814815,7.870074214979291e-19,4.540419573300329e-24,10.0,1200,sintered
173693.6936936937,48.24824824824825,7.886436087315508e-19,4.540419573300329e-24,10.0,1200,sintered
174054.05405405408,48.34834834834835,7.9027979596517265e-19,4.540419573300329e-24,10.0,1200,sintered
174414.41441441444,48.44844844844845,7.919159831987944e-19,4.540419573300329e-24,10.0,1200,sintered
174774.7747747748,48.54854854854855,7.935521704324161e-19,4.540419573300329e-24,10.0,1200,sintered
175135.13513513515,48.64864864864865,7.951883576660378e-19,4.540419573300329e-24,10.0,1200,sintered
175495.4954954955,48.74874874874875,7.968245448996596e-19,4.540419573300329e-24,10.0,1200,sintered
175855.85585585586,48.84884884884885,7.984607321332812e-19,4.540419573300329e-24,10.0,1200,sintered
176216.21621621624,48.94894894894895,8.0009691936690305e-19,4.540419573300329e-24,10.0,1200,sintered
176576.5765765766,49.04904904904905,8.017331066005248e-19,4.540419573300329e-24,10.0,1200,sintered
176936.93693693695,49.14914914914915,8.0336929383414655e-19,4.540419573300329e-24,10.0,1200,sintered
177297.2972972973,49.24924924924925,8.050054810677682e-19,4.540419573300329e-24,10.0,1200,sintered
177657.65765765766,49.34934934934935,8.0664166830139e-19,4.540419573300329e-24,10.0,1200,sintered
178018.01801801802,49.44944944944945,8.082778555350117e-19,4.540419573300329e-24,10.0,1200,sintered
178378.3783783784,49.54954954954955,8.0991404276863355e-19,4.540419573300329e-24,10.0,1200,sintered
178738.73873873876,49.64964964964965,8.115502300022552e-19,4.540419573300329e-24,10.0,1200,sintered
179099.0990990991,49.74974974974975,8.1318641723587695e-19,4.540419573300329e-24,10.0,1200,sintered
179459.45945945947,49.84984984984985,8.148226044694987e-19,4.540419573300329e-24,10.0,1200,sintered
179819.81981981982,49.94994994994995,8.164587917031204e-19,4.540419573300329e-24,10.0,1200,sintered
180180.1801801802,50.050050050050054,8.180949789367422e-19,4.540419573300329e-24,10.0,1200,sintered
180540.54054054056,50.150150150150154,8.1973116617036395e-19,4.540419573300329e-24,10.0,1200,sintered
180900.90090090092,50.250250250250254,8.213673534039857e-19,4.540419573300329e-24,10.0,1200,sintered
181261.26126126127,50.350350350350354,8.2300354063760735e-19,4.540419573300329e-24,10.0,1200,sintered
181621.62162162163,50.450450450450454,8.246397278712291e-19,4.540419573300329e-24,10.0,1200,sintered
181981.98198198198,50.550550550550554,8.2627591510485085e-19,4.540419573300329e-24,10.0,1200,sintered
182342.34234234237,50.650650650650654,8.279121023384727e-19,4.540419573300329e-24,10.0,1200,sintered
182702.70270270272,50.750750750750754,8.2954828957209435e-19,4.540419573300329e-24,10.0,1200,sintered
183063.06306306308,50.850850850850854,8.311844768057161e-19,4.540419573300329e-24,10.0,1200,sintered
183423.42342342343,50.950950950950954,8.3282066403933785e-19,4.540419573300329e-24,10.0,1200,sintered
183783.7837837838,51.051051051051054,8.344568512729595e-19,4.540419573300329e-24,10.0,1200,sintered
184144.14414414414,51.151151151151154,8.3609303850658125e-19,4.540419573300329e-24,10.0,1200,sintered
184504.50450450453,51.251251251251254,8.377292257402031e-19,4.540419573300329e-24,10.0,1200,sintered
184864.86486486488,51.351351351351354,8.393654129738248e-19,4.540419573300329e-24,10.0,1200,sintered
185225.22522522524,51.451451451451454,8.410016002074465e-19,4.540419573300329e-24,10.0,1200,sintered
185585.5855855856,51.551551551551555,8.4263778744106825e-19,4.540419573300329e-24,10.0,1200,sintered
185945.94594594595,51.651651651651655,8.4427397467469e-19,4.540419573300329e-24,10.0,1200,sintered
186306.30630630633,51.751751751751755,8.459101619083118e-19,4.540419573300329e-24,10.0,1200,sintered
186666.6666666667,51.851851851851855,8.475463491419335e-19,4.540419573300329e-24,10.0,1200,sintered
187027.02702702704,51.951951951951955,8.491825363755552e-19,4.540419573300329e-24,10.0,1200,sintered
187387.3873873874,52.052052052052055,8.50818723609177e-19,4.540419573300329e-24,10.0,1200,sintered
187747.74774774775,52.152152152152155,8.5245491084279865e-19,4.540419573300329e-24,10.0,1200,sintered
188108.1081081081,52.252252252252255,8.540910980764204e-19,4.540419573300329e-24,10.0,1200,sintered
188468.4684684685,52.352352352352355,8.557272853100422e-19,4.540419573300329e-24,10.0,1200,sintered
188828.82882882885,52.452452452452455,8.57363472543664e-19,4.540419573300329e-24,10.0,1200,sintered
189189.1891891892,52.552552552552555,8.589996597772856e-19,4.540419573300329e-24,10.0,1200,sintered
189549.54954954956,52.652652652652655,8.606358470109074e-19,4.540419573300329e-24,10.0,1200,sintered
189909.9099099099,52.752752752752755,8.622720342445291e-19,4.540419573300329e-24,10.0,1200,sintered
190270.27027027027,52.852852852852855,8.639082214781508e-19,4.540419573300329e-24,10.0,1200,sintered
190630.63063063065,52.952952952952955,8.655444087117726e-19,4.540419573300329e-24,10.0,1200,sintered
190990.990990991,53.053053053053056,8.671805959453944e-19,4.540419573300329e-24,10.0,1200,sintered
191351.35135135136,53.153153153153156,8.688167831790161e-19,4.540419573300329e-24,10.0,1200,sintered
191711.71171171172,53.253253253253256,8.704529704126379e-19,4.540419573300329e-24,10.0,1200,sintered
192072.07207207207,53.353353353353356,8.720891576462595e-19,4.540419573300329e-24,10.0,1200,sintered
192432.43243243246,53.453453453453456,8.737253448798814e-19,4.540419573300329e-24,10.0,1200,sintered
192792.7927927928,53.553553553553556,8.753615321135031e-19,4.540419573300329e-24,10.0,1200,sintered
193153.15315315317,53.653653653653656,8.769977193471249e-19,4.540419573300329e-24,10.0,1200,sintered
193513.51351351352,53.753753753753756,8.786339065807464e-19,4.540419573300329e-24,10.0,1200,sintered
193873.87387387388,53.853853853853856,8.802700938143682e-19,4.540419573300329e-24,10.0,1200,sintered
194234.23423423423,53.953953953953956,8.8190628104799e-19,4.540419573300329e-24,10.0,1200,sintered
194594.59459459462,54.054054054054056,8.835424682816119e-19,4.540419573300329e-24,10.0,1200,sintered
194954.95495495497,54.154154154154156,8.851786555152334e-19,4.540419573300329e-24,10.0,1200,sintered
195315.31531531533,54.254254254254256,8.868148427488552e-19,4.540419573300329e-24,10.0,1200,sintered
195675.67567567568,54.354354354354356,8.88451029982477e-19,4.540419573300329e-24,10.0,1200,sintered
196036.03603603604,54.454454454454456,8.900872172160987e-19,4.540419573300329e-24,10.0,1200,sintered
196396.3963963964,54.55455455455456,8.917234044497204e-19,4.540419573300329e-24,10.0,1200,sintered
196756.75675675677,54.65465465465466,8.933595916833422e-19,4.540419573300329e-24,10.0,1200,sintered
197117.11711711713,54.75475475475476,8.94995778916964e-19,4.540419573300329e-24,10.0,1200,sintered
197477.47747747749,54.85485485485486,8.966319661505857e-19,4.540419573300329e-24,10.0,1200,sintered
197837.83783783784,54.95495495495496,8.982681533842074e-19,4.540419573300329e-24,10.0,1200,sintered
198198.1981981982,55.05505505505506,8.999043406178292e-19,4.540419573300329e-24,10.0,1200,sintered
198558.55855855855,55.15515515515516,9.015405278514507e-19,4.540419573300329e-24,10.0,1200,sintered
198918.91891891893,55.25525525525526,9.031767150850727e-19,4.540419573300329e-24,10.0,1200,sintered
199279.2792792793,55.35535535535536,9.048129023186944e-19,4.540419573300329e-24,10.0,1200,sintered
199639.63963963964,55.45545545545546,9.064490895523162e-19,4.540419573300329e-24,10.0,1200,sintered
200000.0,55.55555555555556,9.080852767859377e-19,4.540419573300329e-24,10.0,1200,sintered
200360.36036036036,55.65565565565566,9.097214640195595e-19,4.540419573300329e-24,10.0,1200,sintered
200720.72072072074,55.75575575575576,9.113576512531814e-19,4.540419573300329e-24,10.0,1200,sintered
201081.0810810811,55.85585585585586,9.129938384868032e-19,4.540419573300329e-24,10.0,1200,sintered
201441.44144144145,55.95595595595596,9.146300257204247e-19,4.540419573300329e-24,10.0,1200,sintered
201801.8018018018,56.05605605605606,9.162662129540465e-19,4.540419573300329e-24,10.0,1200,sintered
202162.16216216216,56.15615615615616,9.179024001876682e-19,4.540419573300329e-24,10.0,1200,sintered
202522.52252252251,56.25625625625626,9.1953858742129e-19,4.540419573300329e-24,10.0,1200,sintered
202882.8828828829,56.35635635635636,9.211747746549117e-19,4.540419573300329e-24,10.0,1200,sintered
203243.24324324325,56.45645645645646,9.228109618885335e-19,4.540419573300329e-24,10.0,1200,sintered
203603.6036036036,56.55655655655656,9.244471491221552e-19,4.540419573300329e-24,10.0,1200,sintered
203963.96396396396,56.65665665665666,9.26083336355777e-19,4.540419573300329e-24,10.0,1200,sintered
204324.32432432432,56.75675675675676,9.277195235893987e-19,4.540419573300329e-24,10.0,1200,sintered
204684.68468468467,56.85685685685686,9.293557108230205e-19,4.540419573300329e-24,10.0,1200,sintered
205045.04504504506,56.95695695695696,9.309918980566422e-19,4.540419573300329e-24,10.0,1200,sintered
205405.4054054054,57.05705705705706,9.32628085290264e-19,4.540419573300329e-24,10.0,1200,sintered
205765.76576576577,57.15715715715716,9.342642725238857e-19,4.540419573300329e-24,10.0,1200,sintered
206126.12612612612,57.25725725725726,9.359004597575075e-19,4.540419573300329e-24,10.0,1200,sintered
206486.48648648648,57.35735735735736,9.37536646991129e-19,4.540419573300329e-24,10.0,1200,sintered
206846.84684684686,57.45745745745746,9.39172834224751e-19,4.540419573300329e-24,10.0,1200,sintered
207207.20720720722,57.55755755755756,9.408090214583727e-19,4.540419573300329e-24,10.0,1200,sintered
207567.56756756757,57.65765765765766,9.424452086919945e-19,4.540419573300329e-24,10.0,1200,sintered
207927.92792792793,57.75775775775776,9.44081395925616e-19,4.540419573300329e-24,10.0,1200,sintered
208288.28828828828,57.85785785785786,9.457175831592378e-19,4.540419573300329e-24,10.0,1200,sintered
208648.64864864864,57.95795795795796,9.473537703928595e-19,4.540419573300329e-24,10.0,1200,sintered
209009.00900900902,58.05805805805806,9.489899576264815e-19,4.540419573300329e-24,10.0,1200,sintered
209369.36936936938,58.15815815815816,9.50626144860103e-19,4.540419573300329e-24,10.0,1200,sintered
209729.72972972973,58.25825825825826,9.522623320937248e-19,4.540419573300329e-24,10.0,1200,sintered
210090.0900900901,58.35835835835836,9.538985193273465e-19,4.540419573300329e-24,10.0,1200,sintered
210450.45045045044,58.45845845845846,9.555347065609683e-19,4.540419573300329e-24,10.0,1200,sintered
210810.8108108108,58.55855855855856,9.5717089379459e-19,4.540419573300329e-24,10.0,1200,sintered
211171.17117117118,58.65865865865866,9.588070810282118e-19,4.540419573300329e-24,10.0,1200,sintered
211531.53153153154,58.75875875875876,9.604432682618335e-19,4.540419573300329e-24,10.0,1200,sintered
211891.8918918919,58.85885885885886,9.620794554954553e-19,4.540419573300329e-24,10.0,1200,sintered
212252.25225225225,58.95895895895896,9.63715642729077e-19,4.540419573300329e-24,10.0,1200,sintered
212612.6126126126,59.05905905905906,9.653518299626988e-19,4.540419573300329e-24,10.0,1200,sintered
212972.972972973,59.15915915915916,9.669880171963205e-19,4.540419573300329e-24,10.0,1200,sintered
213333.33333333334,59.25925925925926,9.686242044299423e-19,4.540419573300329e-24,10.0,1200,sintered
213693.6936936937,59.35935935935936,9.70260391663564e-19,4.540419573300329e-24,10.0,1200,sintered
214054.05405405405,59.45945945945946,9.718965788971858e-19,4.540419573300329e-24,10.0,1200,sintered
214414.4144144144,59.55955955955956,9.735327661308073e-19,4.540419573300329e-24,10.0,1200,sintered
214774.77477477476,59.65965965965966,9.75168953364429e-19,4.540419573300329e-24,10.0,1200,sintered
215135.13513513515,59.75975975975976,9.76805140598051e-19,4.540419573300329e-24,10.0,1200,sintered
215495.49549549553,59.85985985985987,9.784413278316728e-19,4.540419573300329e-24,10.0,1200,sintered
215855.8558558559,59.95995995995997,9.800775150652945e-19,4.540419573300329e-24,10.0,1200,sintered
216216.21621621624,60.06006006006007,9.817137022989163e-19,4.540419573300329e-24,10.0,1200,sintered
216576.5765765766,60.16016016016017,9.83349889532538e-19,4.540419573300329e-24,10.0,1200,sintered
216936.93693693695,60.26026026026027,9.849860767661598e-19,4.540419573300329e-24,10.0,1200,sintered
217297.29729729734,60.36036036036037,9.866222639997815e-19,4.540419573300329e-24,10.0,1200,sintered
217657.6576576577,60.46046046046047,9.882584512334033e-19,4.540419573300329e-24,10.0,1200,sintered
218018.01801801805,60.56056056056057,9.89894638467025e-19,4.540419573300329e-24,10.0,1200,sintered
218378.3783783784,60.66066066066067,9.915308257006468e-19,4.540419573300329e-24,10.0,1200,sintered
218738.73873873876,60.76076076076077,9.931670129342683e-19,4.540419573300329e-24,10.0,1200,sintered
219099.0990990991,60.86086086086087,9.9480320016789e-19,4.540419573300329e-24,10.0,1200,sintered
219459.4594594595,60.96096096096097,9.96439387401512e-19,4.540419573300329e-24,10.0,1200,sintered
219819.81981981985,61.06106106106107,9.980755746351338e-19,4.540419573300329e-24,10.0,1200,sintered
220180.1801801802,61.16116116116117,9.997117618687553e-19,4.540419573300329e-24,10.0,1200,sintered
220540.54054054056,61.26126126126127,1.001347949102377e-18,4.540419573300329e-24,10.0,1200,sintered
220900.90090090092,61.36136136136137,1.0029841363359988e-18,4.540419573300329e-24,10.0,1200,sintered
221261.26126126127,61.46146146146147,1.0046203235696206e-18,4.540419573300329e-24,10.0,1200,sintered
221621.62162162166,61.56156156156157,1.0062565108032423e-18,4.540419573300329e-24,10.0,1200,sintered
221981.981981982,61.66166166166167,1.007892698036864e-18,4.540419573300329e-24,10.0,1200,sintered
222342.34234234237,61.76176176176177,1.0095288852704858e-18,4.540419573300329e-24,10.0,1200,sintered
222702.70270270272,61.86186186186187,1.0111650725041076e-18,4.540419573300329e-24,10.0,1200,sintered
223063.06306306308,61.96196196196197,1.0128012597377293e-18,4.540419573300329e-24,10.0,1200,sintered
223423.42342342343,62.06206206206207,1.014437446971351e-18,4.540419573300329e-24,10.0,1200,sintered
223783.78378378382,62.16216216216217,1.0160736342049728e-18,4.540419573300329e-24,10.0,1200,sintered
224144.14414414417,62.26226226226227,1.0177098214385946e-18,4.540419573300329e-24,10.0,1200,sintered
224504.50450450453,62.36236236236237,1.0193460086722163e-18,4.540419573300329e-24,10.0,1200,sintered
224864.86486486488,62.46246246246247,1.020982195905838e-18,4.540419573300329e-24,10.0,1200,sintered
225225.22522522524,62.56256256256257,1.0226183831394596e-18,4.540419573300329e-24,10.0,1200,sintered
225585.58558558562,62.66266266266267,1.0242545703730816e-18,4.540419573300329e-24,10.0,1200,sintered
225945.94594594598,62.76276276276277,1.0258907576067033e-18,4.540419573300329e-24,10.0,1200,sintered
226306.30630630633,62.86286286286287,1.027526944840325e-18,4.540419573300329e-24,10.0,1200,sintered
226666.6666666667,62.96296296296297,1.0291631320739466e-18,4.540419573300329e-24,10.0,1200,sintered
227027.02702702704,63.06306306306307,1.0307993193075684e-18,4.540419573300329e-24,10.0,1200,sintered
227387.3873873874,63.16316316316317,1.0324355065411901e-18,4.540419573300329e-24,10.0,1200,sintered
227747.74774774778,63.26326326326327,1.034071693774812e-18,4.540419573300329e-24,10.0,1200,sintered
228108.10810810814,63.36336336336337,1.0357078810084336e-18,4.540419573300329e-24,10.0,1200,sintered
228468.4684684685,63.46346346346347,1.0373440682420554e-18,4.540419573300329e-24,10.0,1200,sintered
228828.82882882885,63.56356356356357,1.0389802554756771e-18,4.540419573300329e-24,10.0,1200,sintered
229189.1891891892,63.66366366366367,1.0406164427092989e-18,4.540419573300329e-24,10.0,1200,sintered
229549.54954954956,63.76376376376377,1.0422526299429206e-18,4.540419573300329e-24,10.0,1200,sintered
229909.90990990994,63.86386386386387,1.0438888171765424e-18,4.540419573300329e-24,10.0,1200,sintered
230270.2702702703,63.96396396396397,1.0455250044101641e-18,4.540419573300329e-24,10.0,1200,sintered
230630.63063063065,64.06406406406407,1.0471611916437859e-18,4.540419573300329e-24,10.0,1200,sintered
230990.99099099098,64.16416416416416,1.0487973788774074e-18,4.540419573300329e-24,10.0,1200,sintered
231351.35135135136,64.26426426426427,1.0504335661110294e-18,4.540419573300329e-24,10.0,1200,sintered
231711.71171171172,64.36436436436436,1.052069753344651e-18,4.540419573300329e-24,10.0,1200,sintered
232072.0720720721,64.46446446446447,1.0537059405782729e-18,4.540419573300329e-24,10.0,1200,sintered
232432.43243243243,64.56456456456456,1.0553421278118944e-18,4.540419573300329e-24,10.0,1200,sintered
232792.7927927928,64.66466466466467,1.0569783150455164e-18,4.540419573300329e-24,10.0,1200,sintered
233153.15315315314,64.76476476476476,1.058614502279138e-18,4.540419573300329e-24,10.0,1200,sintered
233513.51351351352,64.86486486486487,1.0602506895127597e-18,4.540419573300329e-24,10.0,1200,sintered
233873.87387387388,64.96496496496496,1.0618868767463814e-18,4.540419573300329e-24,10.0,1200,sintered
234234.23423423426,65.06506506506507,1.0635230639800034e-18,4.540419573300329e-24,10.0,1200,sintered
234594.5945945946,65.16516516516516,1.065159251213625e-18,4.540419573300329e-24,10.0,1200,sintered
234954.95495495497,65.26526526526527,1.0667954384472467e-18,4.540419573300329e-24,10.0,1200,sintered
235315.3153153153,65.36536536536536,1.0684316256808682e-18,4.540419573300329e-24,10.0,1200,sintered
235675.67567567568,65.46546546546547,1.0700678129144902e-18,4.540419573300329e-24,10.0,1200,sintered
236036.03603603604,65.56556556556556,1.071704000148112e-18,4.540419573300329e-24,10.0,1200,sintered
236396.39639639642,65.66566566566567,1.0733401873817337e-18,4.540419573300329e-24,10.0,1200,sintered
236756.75675675675,65.76576576576576,1.0749763746153552e-18,4.540419573300329e-24,10.0,1200,sintered
237117.11711711713,65.86586586586587,1.0766125618489772e-18,4.540419573300329e-24,10.0,1200,sintered
237477.47747747746,65.96596596596596,1.0782487490825987e-18,4.540419573300329e-24,10.0,1200,sintered
237837.83783783787,66.06606606606607,1.0798849363162207e-18,4.540419573300329e-24,10.0,1200,sintered
238198.1981981982,66.16616616616616,1.0815211235498422e-18,4.540419573300329e-24,10.0,1200,sintered
238558.55855855858,66.26626626626627,1.0831573107834642e-18,4.540419573300329e-24,10.0,1200,sintered
238918.9189189189,66.36636636636636,1.0847934980170857e-18,4.540419573300329e-24,10.0,1200,sintered
239279.2792792793,66.46646646646647,1.0864296852507075e-18,4.540419573300329e-24,10.0,1200,sintered
239639.63963963964,66.56656656656656,1.0880658724843292e-18,4.540419573300329e-24,10.0,1200,sintered
240000.00000000003,66.66666666666667,1.0897020597179512e-18,4.540419573300329e-24,10.0,1200,sintered
240360.36036036036,66.76676676676676,1.0913382469515727e-18,4.540419573300329e-24,10.0,1200,sintered
240720.72072072074,66.86686686686687,1.0929744341851945e-18,4.540419573300329e-24,10.0,1200,sintered
241081.08108108107,66.96696696696696,1.0946106214188162e-18,4.540419573300329e-24,10.0,1200,sintered
241441.44144144145,67.06706706706707,1.096246808652438e-18,4.540419573300329e-24,10.0,1200,sintered
241801.8018018018,67.16716716716716,1.0978829958860597e-18,4.540419573300329e-24,10.0,1200,sintered
242162.1621621622,67.26726726726727,1.0995191831196815e-18,4.540419573300329e-24,10.0,1200,sintered
242522.52252252251,67.36736736736736,1.1011553703533032e-18,4.540419573300329e-24,10.0,1200,sintered
242882.8828828829,67.46746746746747,1.102791557586925e-18,4.540419573300329e-24,10.0,1200,sintered
243243.24324324323,67.56756756756756,1.1044277448205465e-18,4.540419573300329e-24,10.0,1200,sintered
243603.6036036036,67.66766766766767,1.1060639320541685e-18,4.540419573300329e-24,10.0,1200,sintered
243963.96396396396,67.76776776776777,1.1077001192877902e-18,4.540419573300329e-24,10.0,1200,sintered
244324.32432432435,67.86786786786787,1.109336306521412e-18,4.540419573300329e-24,10.0,1200,sintered
244684.68468468467,67.96796796796797,1.1109724937550335e-18,4.540419573300329e-24,10.0,1200,sintered
245045.04504504506,68.06806806806807,1.1126086809886555e-18,4.540419573300329e-24,10.0,1200,sintered
245405.40540540538,68.16816816816817,1.114244868222277e-18,4.540419573300329e-24,10.0,1200,sintered
245765.76576576577,68.26826826826827,1.1158810554558988e-18,4.540419573300329e-24,10.0,1200,sintered
246126.12612612615,68.36836836836838,1.1175172426895207e-18,4.540419573300329e-24,10.0,1200,sintered
246486.4864864865,68.46846846846847,1.1191534299231425e-18,4.540419573300329e-24,10.0,1200,sintered
246846.8468468469,68.56856856856858,1.1207896171567642e-18,4.540419573300329e-24,10.0,1200,sintered
247207.20720720722,68.66866866866867,1.1224258043903858e-18,4.540419573300329e-24,10.0,1200,sintered
247567.5675675676,68.76876876876878,1.1240619916240077e-18,4.540419573300329e-24,10.0,1200,sintered
247927.92792792793,68.86886886886887,1.1256981788576293e-18,4.540419573300329e-24,10.0,1200,sintered
248288.28828828834,68.96896896896898,1.1273343660912512e-18,4.540419573300329e-24,10.0,1200,sintered
248648.64864864867,69.06906906906907,1.1289705533248728e-18,4.540419573300329e-24,10.0,1200,sintered
249009.00900900905,69.16916916916918,1.1306067405584947e-18,4.540419573300329e-24,10.0,1200,sintered
249369.36936936938,69.26926926926927,1.1322429277921163e-18,4.540419573300329e-24,10.0,1200,sintered
249729.72972972976,69.36936936936938,1.1338791150257382e-18,4.540419573300329e-24,10.0,1200,sintered
250090.09009009012,69.46946946946947,1.1355153022593598e-18,4.540419573300329e-24,10.0,1200,sintered
250450.4504504505,69.56956956956958,1.1371514894929817e-18,4.540419573300329e-24,10.0,1200,sintered
250810.81081081083,69.66966966966967,1.1387876767266033e-18,4.540419573300329e-24,10.0,1200,sintered
251171.1711711712,69.76976976976978,1.1404238639602252e-18,4.540419573300329e-24,10.0,1200,sintered
251531.53153153154,69.86986986986987,1.1420600511938468e-18,4.540419573300329e-24,10.0,1200,sintered
251891.89189189192,69.96996996996998,1.1436962384274685e-18,4.540419573300329e-24,10.0,1200,sintered
252252.25225225228,70.07007007007007,1.1453324256610903e-18,4.540419573300329e-24,10.0,1200,sintered
252612.61261261266,70.17017017017018,1.1469686128947122e-18,4.540419573300329e-24,10.0,1200,sintered
252972.972972973,70.27027027027027,1.1486048001283338e-18,4.540419573300329e-24,10.0,1200,sintered
253333.33333333337,70.37037037037038,1.1502409873619555e-18,4.540419573300329e-24,10.0,1200,sintered
253693.6936936937,70.47047047047047,1.151877174595577e-18,4.540419573300329e-24,10.0,1200,sintered
254054.05405405408,70.57057057057058,1.153513361829199e-18,4.540419573300329e-24,10.0,1200,sintered
254414.41441441444,70.67067067067067,1.1551495490628208e-18,4.540419573300329e-24,10.0,1200,sintered
254774.77477477482,70.77077077077078,1.1567857362964425e-18,4.540419573300329e-24,10.0,1200,sintered
255135.13513513515,70.87087087087087,1.158421923530064e-18,4.540419573300329e-24,10.0,1200,sintered
255495.49549549553,70.97097097097098,1.160058110763686e-18,4.540419573300329e-24,10.0,1200,sintered
255855.85585585586,71.07107107107107,1.1616942979973076e-18,4.540419573300329e-24,10.0,1200,sintered
256216.21621621624,71.17117117117118,1.1633304852309295e-18,4.540419573300329e-24,10.0,1200,sintered
256576.5765765766,71.27127127127127,1.164966672464551e-18,4.540419573300329e-24,10.0,1200,sintered
256936.93693693698,71.37137137137138,1.166602859698173e-18,4.540419573300329e-24,10.0,1200,sintered
257297.2972972973,71.47147147147147,1.1682390469317946e-18,4.540419573300329e-24,10.0,1200,sintered
257657.6576576577,71.57157157157158,1.1698752341654165e-18,4.540419573300329e-24,10.0,1200,sintered
258018.01801801802,71.67167167167167,1.171511421399038e-18,4.540419573300329e-24,10.0,1200,sintered
258378.3783783784,71.77177177177178,1.1731476086326598e-18,4.540419573300329e-24,10.0,1200,sintered
258738.73873873876,71.87187187187187,1.1747837958662816e-18,4.540419573300329e-24,10.0,1200,sintered
259099.09909909914,71.97197197197198,1.1764199830999035e-18,4.540419573300329e-24,10.0,1200,sintered
259459.45945945947,72.07207207207207,1.178056170333525e-18,4.540419573300329e-24,10.0,1200,sintered
259819.81981981985,72.17217217217218,1.1796923575671468e-18,4.540419573300329e-24,10.0,1200,sintered
260180.18018018018,72.27227227227228,1.1813285448007684e-18,4.540419573300329e-24,10.0,1200,sintered
260540.54054054056,72.37237237237238,1.1829647320343903e-18,4.540419573300329e-24,10.0,1200,sintered
260900.90090090092,72.47247247247248,1.184600919268012e-18,4.540419573300329e-24,10.0,1200,sintered
261261.2612612613,72.57257257257258,1.1862371065016338e-18,4.540419573300329e-24,10.0,1200,sintered
261621.62162162163,72.67267267267268,1.1878732937352554e-18,4.540419573300329e-24,10.0,1200,sintered
261981.981981982,72.77277277277278,1.1895094809688773e-18,4.540419573300329e-24,10.0,1200,sintered
262342.34234234237,72.87287287287288,1.191145668202499e-18,4.540419573300329e-24,10.0,1200,sintered
262702.7027027027,72.97297297297298,1.1927818554361208e-18,4.540419573300329e-24,10.0,1200,sintered
263063.0630630631,73.07307307307308,1.1944180426697424e-18,4.540419573300329e-24,10.0,1200,sintered
263423.42342342343,73.17317317317318,1.1960542299033641e-18,4.540419573300329e-24,10.0,1200,sintered
263783.7837837838,73.27327327327328,1.1976904171369859e-18,4.540419573300329e-24,10.0,1200,sintered
264144.1441441442,73.37337337337338,1.1993266043706078e-18,4.540419573300329e-24,10.0,1200,sintered
264504.5045045045,73.47347347347348,1.2009627916042294e-18,4.540419573300329e-24,10.0,1200,sintered
264864.8648648649,73.57357357357358,1.2025989788378513e-18,4.540419573300329e-24,10.0,1200,sintered
265225.2252252252,73.67367367367368,1.2042351660714727e-18,4.540419573300329e-24,10.0,1200,sintered
265585.5855855856,73.77377377377378,1.2058713533050948e-18,4.540419573300329e-24,10.0,1200,sintered
265945.945945946,73.87387387387388,1.2075075405387164e-18,4.540419573300329e-24,10.0,1200,sintered
266306.30630630633,73.97397397397398,1.2091437277723381e-18,4.540419573300329e-24,10.0,1200,sintered
266666.6666666667,74.07407407407408,1.2107799150059599e-18,4.540419573300329e-24,10.0,1200,sintered
267027.02702702704,74.17417417417418,1.2124161022395816e-18,4.540419573300329e-24,10.0,1200,sintered
267387.3873873874,74.27427427427428,1.2140522894732034e-18,4.540419573300329e-24,10.0,1200,sintered
267747.7477477478,74.37437437437438,1.2156884767068253e-18,4.540419573300329e-24,10.0,1200,sintered
268108.1081081081,74.47447447447448,1.2173246639404467e-18,4.540419573300329e-24,10.0,1200,sintered
268468.4684684685,74.57457457457458,1.2189608511740688e-18,4.540419573300329e-24,10.0,1200,sintered
268828.8288288288,74.67467467467468,1.2205970384076902e-18,4.540419573300329e-24,10.0,1200,sintered
269189.18918918923,74.77477477477478,1.2222332256413121e-18,4.540419573300329e-24,10.0,1200,sintered
269549.5495495496,74.87487487487488,1.2238694128749339e-18,4.540419573300329e-24,10.0,1200,sintered
269909.90990990994,74.97497497497498,1.2255056001085556e-18,4.540419573300329e-24,10.0,1200,sintered
270270.2702702703,75.07507507507508,1.2271417873421774e-18,4.540419573300329e-24,10.0,1200,sintered
270630.63063063065,75.17517517517518,1.2287779745757991e-18,4.540419573300329e-24,10.0,1200,sintered
270990.990990991,75.27527527527528,1.2304141618094207e-18,4.540419573300329e-24,10.0,1200,sintered
271351.35135135136,75.37537537537538,1.2320503490430424e-18,4.540419573300329e-24,10.0,1200,sintered
271711.7117117117,75.47547547547548,1.2336865362766642e-18,4.540419573300329e-24,10.0,1200,sintered
272072.07207207213,75.57557557557558,1.2353227235102861e-18,4.540419573300329e-24,10.0,1200,sintered
272432.4324324324,75.67567567567568,1.2369589107439077e-18,4.540419573300329e-24,10.0,1200,sintered
272792.79279279284,75.77577577577578,1.2385950979775296e-18,4.540419573300329e-24,10.0,1200,sintered
273153.15315315314,75.87587587587588,1.240231285211151e-18,4.540419573300329e-24,10.0,1200,sintered
273513.51351351355,75.97597597597598,1.2418674724447731e-18,4.540419573300329e-24,10.0,1200,sintered
273873.8738738739,76.07607607607608,1.2435036596783947e-18,4.540419573300329e-24,10.0,1200,sintered
274234.23423423426,76.17617617617618,1.2451398469120164e-18,4.540419573300329e-24,10.0,1200,sintered
274594.5945945946,76.27627627627628,1.2467760341456382e-18,4.540419573300329e-24,10.0,1200,sintered
274954.95495495497,76.37637637637638,1.24841222137926e-18,4.540419573300329e-24,10.0,1200,sintered
275315.3153153153,76.47647647647648,1.2500484086128817e-18,4.540419573300329e-24,10.0,1200,sintered
275675.6756756757,76.57657657657658,1.2516845958465034e-18,4.540419573300329e-24,10.0,1200,sintered
276036.03603603604,76.67667667667668,1.253320783080125e-18,4.540419573300329e-24,10.0,1200,sintered
276396.39639639645,76.77677677677679,1.2549569703137471e-18,4.540419573300329e-24,10.0,1200,sintered
276756.75675675675,76.87687687687688,1.2565931575473685e-18,4.540419573300329e-24,10.0,1200,sintered
277117.11711711716,76.97697697697699,1.2582293447809904e-18,4.540419573300329e-24,10.0,1200,sintered
277477.47747747746,77.07707707707708,1.259865532014612e-18,4.540419573300329e-24,10.0,1200,sintered
277837.83783783787,77.17717717717719,1.261501719248234e-18,4.540419573300329e-24,10.0,1200,sintered
278198.1981981982,77.27727727727728,1.2631379064818557e-18,4.540419573300329e-24,10.0,1200,sintered
278558.5585585586,77.37737737737739,1.2647740937154774e-18,4.540419573300329e-24,10.0,1200,sintered
278918.91891891893,77.47747747747748,1.266410280949099e-18,4.540419573300329e-24,10.0,1200,sintered
279279.2792792793,77.57757757757759,1.2680464681827207e-18,4.540419573300329e-24,10.0,1200,sintered
279639.63963963964,77.67767767767768,1.2696826554163425e-18,4.540419573300329e-24,10.0,1200,sintered
280000.0,77.77777777777779,1.2713188426499642e-18,4.540419573300329e-24,10.0,1200,sintered
280360.36036036036,77.87787787787788,1.272955029883586e-18,4.540419573300329e-24,10.0,1200,sintered
280720.72072072077,77.97797797797799,1.2745912171172079e-18,4.540419573300329e-24,10.0,1200,sintered
281081.08108108107,78.07807807807808,1.2762274043508293e-18,4.540419573300329e-24,10.0,1200,sintered
281441.4414414415,78.17817817817819,1.2778635915844514e-18,4.540419573300329e-24,10.0,1200,sintered
281801.8018018018,78.27827827827828,1.2794997788180728e-18,4.540419573300329e-24,10.0,1200,sintered
282162.1621621622,78.37837837837839,1.2811359660516947e-18,4.540419573300329e-24,10.0,1200,sintered
282522.52252252254,78.47847847847848,1.2827721532853165e-18,4.540419573300329e-24,10.0,1200,sintered
282882.8828828829,78.57857857857859,1.2844083405189382e-18,4.540419573300329e-24,10.0,1200,sintered
283243.24324324325,78.67867867867868,1.28604452775256e-18,4.540419573300329e-24,10.0,1200,sintered
283603.6036036036,78.77877877877879,1.2876807149861815e-18,4.540419573300329e-24,10.0,1200,sintered
283963.96396396396,78.87887887887888,1.2893169022198033e-18,4.540419573300329e-24,10.0,1200,sintered
284324.3243243244,78.97897897897899,1.2909530894534254e-18,4.540419573300329e-24,10.0,1200,sintered
284684.6846846847,79.07907907907908,1.2925892766870468e-18,4.540419573300329e-24,10.0,1200,sintered
285045.0450450451,79.17917917917919,1.2942254639206687e-18,4.540419573300329e-24,10.0,1200,sintered
285405.4054054054,79.27927927927928,1.2958616511542903e-18,4.540419573300329e-24,10.0,1200,sintered
285765.7657657658,79.37937937937939,1.2974978383879122e-18,4.540419573300329e-24,10.0,1200,sintered
286126.12612612615,79.47947947947948,1.299134025621534e-18,4.540419573300329e-24,10.0,1200,sintered
286486.4864864865,79.57957957957959,1.3007702128551555e-18,4.540419573300329e-24,10.0,1200,sintered
286846.84684684686,79.67967967967968,1.3024064000887773e-18,4.540419573300329e-24,10.0,1200,sintered
287207.2072072072,79.77977977977979,1.304042587322399e-18,4.540419573300329e-24,10.0,1200,sintered
287567.5675675676,79.87987987987988,1.3056787745560208e-18,4.540419573300329e-24,10.0,1200,sintered
287927.9279279279,79.97997997997999,1.3073149617896425e-18,4.540419573300329e-24,10.0,1200,sintered
288288.2882882883,80.08008008008008,1.3089511490232643e-18,4.540419573300329e-24,10.0,1200,sintered
288648.6486486487,80.18018018018019,1.3105873362568862e-18,4.540419573300329e-24,10.0,1200,sintered
289009.009009009,80.28028028028028,1.3122235234905076e-18,4.540419573300329e-24,10.0,1200,sintered
289369.3693693694,80.38038038038039,1.3138597107241295e-18,4.540419573300329e-24,10.0,1200,sintered
289729.7297297297,80.48048048048048,1.315495897957751e-18,4.540419573300329e-24,10.0,1200,sintered
290090.0900900901,80.58058058058059,1.317132085191373e-18,4.540419573300329e-24,10.0,1200,sintered
290450.4504504505,80.68068068068068,1.3187682724249948e-18,4.540419573300329e-24,10.0,1200,sintered
290810.8108108108,80.78078078078079,1.3204044596586165e-18,4.540419573300329e-24,10.0,1200,sintered
291171.1711711712,80.88088088088088,1.3220406468922383e-18,4.540419573300329e-24,10.0,1200,sintered
291531.53153153154,80.98098098098099,1.3236768341258598e-18,4.540419573300329e-24,10.0,1200,sintered
291891.8918918919,81.08108108108108,1.3253130213594816e-18,4.540419573300329e-24,10.0,1200,sintered
292252.25225225225,81.18118118118119,1.3269492085931033e-18,4.540419573300329e-24,10.0,1200,sintered
292612.6126126126,81.28128128128128,1.328585395826725e-18,4.540419573300329e-24,10.0,1200,sintered
292972.972972973,81.38138138138139,1.330221583060347e-18,4.540419573300329e-24,10.0,1200,sintered
293333.3333333333,81.48148148148148,1.3318577702939686e-18,4.540419573300329e-24,10.0,1200,sintered
293693.6936936937,81.58158158158159,1.3334939575275905e-18,4.540419573300329e-24,10.0,1200,sintered
294054.054054054,81.68168168168168,1.3351301447612119e-18,4.540419573300329e-24,10.0,1200,sintered
294414.41441441444,81.78178178178179,1.3367663319948338e-18,4.540419573300329e-24,10.0,1200,sintered
294774.7747747748,81.88188188188188,1.3384025192284556e-18,4.540419573300329e-24,10.0,1200,sintered
295135.13513513515,81.98198198198199,1.3400387064620773e-18,4.540419573300329e-24,10.0,1200,sintered
295495.4954954955,82.08208208208208,1.341674893695699e-18,4.540419573300329e-24,10.0,1200,sintered
295855.85585585586,82.18218218218219,1.3433110809293208e-18,4.540419573300329e-24,10.0,1200,sintered
296216.2162162162,82.28228228228228,1.3449472681629426e-18,4.540419573300329e-24,10.0,1200,sintered
296576.5765765766,82.38238238238239,1.3465834553965645e-18,4.540419573300329e-24,10.0,1200,sintered
296936.9369369369,82.48248248248248,1.3482196426301859e-18,4.540419573300329e-24,10.0,1200,sintered
297297.29729729734,82.58258258258259,1.3498558298638078e-18,4.540419573300329e-24,10.0,1200,sintered
297657.65765765763,82.68268268268268,1.3514920170974294e-18,4.540419573300329e-24,10.0,1200,sintered
298018.01801801805,82.78278278278279,1.3531282043310513e-18,4.540419573300329e-24,10.0,1200,sintered
298378.3783783784,82.88288288288288,1.354764391564673e-18,4.540419573300329e-24,10.0,1200,sintered
298738.73873873876,82.98298298298299,1.3564005787982948e-18,4.540419573300329e-24,10.0,1200,sintered
299099.0990990991,83.08308308308308,1.3580367660319165e-18,4.540419573300329e-24,10.0,1200,sintered
299459.45945945947,83.18318318318319,1.3596729532655381e-18,4.540419573300329e-24,10.0,1200,sintered
299819.8198198198,83.28328328328328,1.3613091404991599e-18,4.540419573300329e-24,10.0,1200,sintered
300180.1801801802,83.38338338338339,1.3629453277327816e-18,4.540419573300329e-24,10.0,1200,sintered
300540.54054054053,83.48348348348348,1.3645815149664034e-18,4.540419573300329e-24,10.0,1200,sintered
300900.90090090095,83.58358358358359,1.3662177022000253e-18,4.540419573300329e-24,10.0,1200,sintered
301261.26126126124,83.68368368368368,1.3678538894336469e-18,4.540419573300329e-24,10.0,1200,sintered
301621.62162162166,83.78378378378379,1.3694900766672688e-18,4.540419573300329e-24,10.0,1200,sintered
301981.98198198195,83.88388388388388,1.3711262639008902e-18,4.540419573300329e-24,10.0,1200,sintered
302342.34234234237,83.98398398398399,1.3727624511345121e-18,4.540419573300329e-24,10.0,1200,sintered
302702.7027027027,84.08408408408408,1.3743986383681338e-18,4.540419573300329e-24,10.0,1200,sintered
303063.0630630631,84.18418418418419,1.3760348256017556e-18,4.540419573300329e-24,10.0,1200,sintered
303423.42342342343,84.28428428428428,1.3776710128353773e-18,4.540419573300329e-24,10.0,1200,sintered
303783.7837837838,84.38438438438439,1.3793072000689991e-18,4.540419573300329e-24,10.0,1200,sintered
304144.14414414414,84.48448448448448,1.3809433873026208e-18,4.540419573300329e-24,10.0,1200,sintered
304504.5045045045,84.58458458458459,1.3825795745362424e-18,4.540419573300329e-24,10.0,1200,sintered
304864.86486486485,84.68468468468468,1.3842157617698642e-18,4.540419573300329e-24,10.0,1200,sintered
305225.22522522527,84.78478478478479,1.385851949003486e-18,4.540419573300329e-24,10.0,1200,sintered
305585.58558558556,84.88488488488488,1.3874881362371077e-18,4.540419573300329e-24,10.0,1200,sintered
305945.945945946,84.98498498498499,1.3891243234707296e-18,4.540419573300329e-24,10.0,1200,sintered
306306.3063063063,85.08508508508508,1.3907605107043512e-18,4.540419573300329e-24,10.0,1200,sintered
306666.6666666667,85.18518518518519,1.392396697937973e-18,4.540419573300329e-24,10.0,1200,sintered
307027.02702702704,85.28528528528528,1.3940328851715948e-18,4.540419573300329e-24,10.0,1200,sintered
307387.3873873874,85.38538538538539,1.3956690724052164e-18,4.540419573300329e-24,10.0,1200,sintered
307747.7477477478,85.4854854854855,1.3973052596388385e-18,4.540419573300329e-24,10.0,1200,sintered
308108.1081081081,85.58558558558559,1.3989414468724599e-18,4.540419573300329e-24,10.0,1200,sintered
308468.4684684685,85.6856856856857,1.4005776341060818e-18,4.540419573300329e-24,10.0,1200,sintered
308828.8288288289,85.78578578578579,1.4022138213397036e-18,4.540419573300329e-24,10.0,1200,sintered
309189.18918918923,85.8858858858859,1.4038500085733253e-18,4.540419573300329e-24,10.0,1200,sintered
309549.5495495496,85.98598598598599,1.405486195806947e-18,4.540419573300329e-24,10.0,1200,sintered
309909.90990990994,86.0860860860861,1.4071223830405688e-18,4.540419573300329e-24,10.0,1200,sintered
310270.2702702703,86.18618618618619,1.4087585702741904e-18,4.540419573300329e-24,10.0,1200,sintered
310630.63063063065,86.2862862862863,1.4103947575078121e-18,4.540419573300329e-24,10.0,1200,sintered
310990.990990991,86.38638638638639,1.4120309447414339e-18,4.540419573300329e-24,10.0,1200,sintered
311351.3513513514,86.4864864864865,1.4136671319750558e-18,4.540419573300329e-24,10.0,1200,sintered
311711.7117117117,86.58658658658659,1.4153033192086774e-18,4.540419573300329e-24,10.0,1200,sintered
312072.07207207213,86.6866866866867,1.4169395064422993e-18,4.540419573300329e-24,10.0,1200,sintered
312432.4324324324,86.78678678678679,1.4185756936759207e-18,4.540419573300329e-24,10.0,1200,sintered
312792.79279279284,86.8868868868869,1.4202118809095428e-18,4.540419573300329e-24,10.0,1200,sintered
313153.1531531532,86.98698698698699,1.4218480681431644e-18,4.540419573300329e-24,10.0,1200,sintered
313513.51351351355,87.0870870870871,1.4234842553767861e-18,4.540419573300329e-24,10.0,1200,sintered
313873.8738738739,87.18718718718719,1.4251204426104079e-18,4.540419573300329e-24,10.0,1200,sintered
314234.23423423426,87.2872872872873,1.4267566298440296e-18,4.540419573300329e-24,10.0,1200,sintered
314594.5945945946,87.38738738738739,1.4283928170776514e-18,4.540419573300329e-24,10.0,1200,sintered
314954.95495495497,87.4874874874875,1.4300290043112731e-18,4.540419573300329e-24,10.0,1200,sintered
315315.3153153153,87.58758758758759,1.4316651915448947e-18,4.540419573300329e-24,10.0,1200,sintered
315675.67567567574,87.6876876876877,1.4333013787785168e-18,4.540419573300329e-24,10.0,1200,sintered
316036.03603603604,87.78778778778779,1.4349375660121382e-18,4.540419573300329e-24,10.0,1200,sintered
316396.39639639645,87.8878878878879,1.4365737532457601e-18,4.540419573300329e-24,10.0,1200,sintered
316756.75675675675,87.98798798798799,1.4382099404793817e-18,4.540419573300329e-24,10.0,1200,sintered
317117.11711711716,88.0880880880881,1.4398461277130036e-18,4.540419573300329e-24,10.0,1200,sintered
317477.4774774775,88.18818818818819,1.4414823149466254e-18,4.540419573300329e-24,10.0,1200,sintered
317837.83783783787,88.2882882882883,1.4431185021802471e-18,4.540419573300329e-24,10.0,1200,sintered
318198.1981981982,88.38838838838839,1.4447546894138687e-18,4.540419573300329e-24,10.0,1200,sintered
318558.5585585586,88.4884884884885,1.4463908766474904e-18,4.540419573300329e-24,10.0,1200,sintered
318918.91891891893,88.58858858858859,1.4480270638811122e-18,4.540419573300329e-24,10.0,1200,sintered
319279.27927927935,88.6886886886887,1.4496632511147341e-18,4.540419573300329e-24,10.0,1200,sintered
319639.63963963964,88.78878878878879,1.4512994383483557e-18,4.540419573300329e-24,10.0,1200,sintered
320000.00000000006,88.8888888888889,1.4529356255819776e-18,4.540419573300329e-24,10.0,1200,sintered
320360.36036036036,88.988988988989,1.454571812815599e-18,4.540419573300329e-24,10.0,1200,sintered
320720.72072072077,89.0890890890891,1.4562080000492211e-18,4.540419573300329e-24,10.0,1200,sintered
321081.0810810811,89.1891891891892,1.4578441872828427e-18,4.540419573300329e-24,10.0,1200,sintered
321441.4414414415,89.2892892892893,1.4594803745164644e-18,4.540419573300329e-24,10.0,1200,sintered
321801.80180180183,89.3893893893894,1.4611165617500862e-18,4.540419573300329e-24,10.0,1200,sintered
322162.1621621622,89.4894894894895,1.462752748983708e-18,4.540419573300329e-24,10.0,1200,sintered
322522.52252252254,89.5895895895896,1.4643889362173297e-18,4.540419573300329e-24,10.0,1200,sintered
322882.8828828829,89.6896896896897,1.4660251234509514e-18,4.540419573300329e-24,10.0,1200,sintered
323243.24324324325,89.7897897897898,1.467661310684573e-18,4.540419573300329e-24,10.0,1200,sintered
323603.60360360367,89.8898898898899,1.4692974979181951e-18,4.540419573300329e-24,10.0,1200,sintered
323963.96396396396,89.98998998999,1.4709336851518165e-18,4.540419573300329e-24,10.0,1200,sintered
324324.3243243244,90.0900900900901,1.4725698723854384e-18,4.540419573300329e-24,10.0,1200,sintered
324684.6846846847,90.1901901901902,1.47420605961906e-18,4.540419573300329e-24,10.0,1200,sintered
325045.0450450451,90.2902902902903,1.475842246852682e-18,4.540419573300329e-24,10.0,1200,sintered
325405.40540540544,90.3903903903904,1.4774784340863037e-18,4.540419573300329e-24,10.0,1200,sintered
325765.7657657658,90.4904904904905,1.4791146213199254e-18,4.540419573300329e-24,10.0,1200,sintered
326126.12612612615,90.5905905905906,1.480750808553547e-18,4.540419573300329e-24,10.0,1200,sintered
326486.4864864865,90.6906906906907,1.4823869957871687e-18,4.540419573300329e-24,10.0,1200,sintered
326846.84684684686,90.7907907907908,1.4840231830207905e-18,4.540419573300329e-24,10.0,1200,sintered
327207.2072072072,90.8908908908909,1.4856593702544122e-18,4.540419573300329e-24,10.0,1200,sintered
327567.5675675676,90.990990990991,1.487295557488034e-18,4.540419573300329e-24,10.0,1200,sintered
327927.927927928,91.0910910910911,1.488931744721656e-18,4.540419573300329e-24,10.0,1200,sintered
328288.2882882883,91.1911911911912,1.4905679319552773e-18,4.540419573300329e-24,10.0,1200,sintered
328648.6486486487,91.2912912912913,1.4922041191888994e-18,4.540419573300329e-24,10.0,1200,sintered
329009.009009009,91.3913913913914,1.4938403064225208e-18,4.540419573300329e-24,10.0,1200,sintered
329369.3693693694,91.4914914914915,1.4954764936561427e-18,4.540419573300329e-24,10.0,1200,sintered
329729.72972972976,91.5915915915916,1.4971126808897645e-18,4.540419573300329e-24,10.0,1200,sintered
330090.0900900901,91.6916916916917,1.4987488681233862e-18,4.540419573300329e-24,10.0,1200,sintered
330450.4504504505,91.7917917917918,1.500385055357008e-18,4.540419573300329e-24,10.0,1200,sintered
330810.8108108108,91.8918918918919,1.5020212425906295e-18,4.540419573300329e-24,10.0,1200,sintered
331171.1711711712,91.991991991992,1.5036574298242513e-18,4.540419573300329e-24,10.0,1200,sintered
331531.53153153154,92.0920920920921,1.505293617057873e-18,4.540419573300329e-24,10.0,1200,sintered
331891.8918918919,92.1921921921922,1.5069298042914948e-18,4.540419573300329e-24,10.0,1200,sintered
332252.2522522523,92.2922922922923,1.5085659915251167e-18,4.540419573300329e-24,10.0,1200,sintered
332612.6126126126,92.3923923923924,1.5102021787587383e-18,4.540419573300329e-24,10.0,1200,sintered
332972.972972973,92.4924924924925,1.5118383659923602e-18,4.540419573300329e-24,10.0,1200,sintered
333333.3333333333,92.5925925925926,1.5134745532259816e-18,4.540419573300329e-24,10.0,1200,sintered
333693.6936936937,92.6926926926927,1.5151107404596035e-18,4.540419573300329e-24,10.0,1200,sintered
334054.0540540541,92.7927927927928,1.5167469276932253e-18,4.540419573300329e-24,10.0,1200,sintered
334414.41441441444,92.8928928928929,1.518383114926847e-18,4.540419573300329e-24,10.0,1200,sintered
334774.7747747748,92.992992992993,1.5200193021604688e-18,4.540419573300329e-24,10.0,1200,sintered
335135.13513513515,93.0930930930931,1.5216554893940905e-18,4.540419573300329e-24,10.0,1200,sintered
335495.4954954955,93.1931931931932,1.5232916766277123e-18,4.540419573300329e-24,10.0,1200,sintered
335855.8558558559,93.2932932932933,1.5249278638613342e-18,4.540419573300329e-24,10.0,1200,sintered
336216.2162162162,93.3933933933934,1.5265640510949556e-18,4.540419573300329e-24,10.0,1200,sintered
336576.5765765766,93.4934934934935,1.5282002383285775e-18,4.540419573300329e-24,10.0,1200,sintered
336936.9369369369,93.5935935935936,1.529836425562199e-18,4.540419573300329e-24,10.0,1200,sintered
337297.29729729734,93.6936936936937,1.531472612795821e-18,4.540419573300329e-24,10.0,1200,sintered
337657.6576576577,93.7937937937938,1.5331088000294428e-18,4.540419573300329e-24,10.0,1200,sintered
338018.01801801805,93.8938938938939,1.5347449872630645e-18,4.540419573300329e-24,10.0,1200,sintered
338378.3783783784,93.993993993994,1.5363811744966863e-18,4.540419573300329e-24,10.0,1200,sintered
338738.73873873876,94.0940940940941,1.5380173617303078e-18,4.540419573300329e-24,10.0,1200,sintered
339099.0990990991,94.1941941941942,1.5396535489639296e-18,4.540419573300329e-24,10.0,1200,sintered
339459.45945945947,94.2942942942943,1.5412897361975513e-18,4.540419573300329e-24,10.0,1200,sintered
339819.8198198198,94.3943943943944,1.542925923431173e-18,4.540419573300329e-24,10.0,1200,sintered
340180.18018018024,94.4944944944945,1.544562110664795e-18,4.540419573300329e-24,10.0,1200,sintered
340540.54054054053,94.5945945945946,1.5461982978984166e-18,4.540419573300329e-24,10.0,1200,sintered
340900.90090090095,94.6946946946947,1.5478344851320385e-18,4.540419573300329e-24,10.0,1200,sintered
341261.26126126124,94.7947947947948,1.5494706723656599e-18,4.540419573300329e-24,10.0,1200,sintered
341621.62162162166,94.8948948948949,1.5511068595992818e-18,4.540419573300329e-24,10.0,1200,sintered
341981.981981982,94.994994994995,1.5527430468329036e-18,4.540419573300329e-24,10.0,1200,sintered
342342.34234234237,95.0950950950951,1.5543792340665253e-18,4.540419573300329e-24,10.0,1200,sintered
342702.7027027027,95.1951951951952,1.556015421300147e-18,4.540419573300329e-24,10.0,1200,sintered
343063.0630630631,95.2952952952953,1.5576516085337688e-18,4.540419573300329e-24,10.0,1200,sintered
343423.42342342343,95.3953953953954,1.5592877957673906e-18,4.540419573300329e-24,10.0,1200,sintered
343783.7837837838,95.4954954954955,1.5609239830010121e-18,4.540419573300329e-24,10.0,1200,sintered
344144.14414414414,95.5955955955956,1.5625601702346339e-18,4.540419573300329e-24,10.0,1200,sintered
344504.50450450456,95.6956956956957,1.5641963574682558e-18,4.540419573300329e-24,10.0,1200,sintered
344864.86486486485,95.7957957957958,1.5658325447018774e-18,4.540419573300329e-24,10.0,1200,sintered
345225.22522522527,95.8958958958959,1.5674687319354993e-18,4.540419573300329e-24,10.0,1200,sintered
345585.58558558556,95.995995995996,1.5691049191691209e-18,4.540419573300329e-24,10.0,1200,sintered
345945.945945946,96.0960960960961,1.5707411064027428e-18,4.540419573300329e-24,10.0,1200,sintered
346306.30630630633,96.1961961961962,1.5723772936363646e-18,4.540419573300329e-24,10.0,1200,sintered
346666.6666666667,96.2962962962963,1.5740134808699861e-18,4.540419573300329e-24,10.0,1200,sintered
347027.02702702704,96.3963963963964,1.5756496681036079e-18,4.540419573300329e-24,10.0,1200,sintered
347387.3873873874,96.4964964964965,1.5772858553372296e-18,4.540419573300329e-24,10.0,1200,sintered
347747.74774774775,96.5965965965966,1.5789220425708514e-18,4.540419573300329e-24,10.0,1200,sintered
348108.10810810816,96.6966966966967,1.5805582298044733e-18,4.540419573300329e-24,10.0,1200,sintered
348468.46846846846,96.7967967967968,1.5821944170380949e-18,4.540419573300329e-24,10.0,1200,sintered
348828.8288288289,96.8968968968969,1.5838306042717168e-18,4.540419573300329e-24,10.0,1200,sintered
349189.1891891892,96.996996996997,1.5854667915053382e-18,4.540419573300329e-24,10.0,1200,sintered
349549.5495495496,97.0970970970971,1.5871029787389601e-18,4.540419573300329e-24,10.0,1200,sintered
349909.90990990994,97.1971971971972,1.5887391659725819e-18,4.540419573300329e-24,10.0,1200,sintered
350270.2702702703,97.2972972972973,1.5903753532062036e-18,4.540419573300329e-24,10.0,1200,sintered
350630.63063063065,97.3973973973974,1.5920115404398254e-18,4.540419573300329e-24,10.0,1200,sintered
350990.990990991,97.4974974974975,1.5936477276734471e-18,4.540419573300329e-24,10.0,1200,sintered
351351.35135135136,97.5975975975976,1.5952839149070689e-18,4.540419573300329e-24,10.0,1200,sintered
351711.7117117117,97.6976976976977,1.5969201021406904e-18,4.540419573300329e-24,10.0,1200,sintered
352072.0720720721,97.7977977977978,1.5985562893743122e-18,4.540419573300329e-24,10.0,1200,sintered
352432.4324324325,97.8978978978979,1.6001924766079341e-18,4.540419573300329e-24,10.0,1200,sintered
352792.7927927928,97.997997997998,1.6018286638415557e-18,4.540419573300329e-24,10.0,1200,sintered
353153.1531531532,98.0980980980981,1.6034648510751776e-18,4.540419573300329e-24,10.0,1200,sintered
353513.5135135135,98.1981981981982,1.6051010383087992e-18,4.540419573300329e-24,10.0,1200,sintered
353873.8738738739,98.2982982982983,1.6067372255424211e-18,4.540419573300329e-24,10.0,1200,sintered
354234.23423423426,98.3983983983984,1.6083734127760429e-18,4.540419573300329e-24,10.0,1200,sintered
354594.5945945946,98.4984984984985,1.6100096000096644e-18,4.540419573300329e-24,10.0,1200,sintered
354954.95495495497,98.5985985985986,1.6116457872432862e-18,4.540419573300329e-24,10.0,1200,sintered
355315.3153153153,98.6986986986987,1.613281974476908e-18,4.540419573300329e-24,10.0,1200,sintered
355675.6756756757,98.7987987987988,1.6149181617105297e-18,4.540419573300329e-24,10.0,1200,sintered
356036.03603603604,98.8988988988989,1.6165543489441514e-18,4.540419573300329e-24,10.0,1200,sintered
356396.3963963964,98.998998998999,1.6181905361777732e-18,4.540419573300329e-24,10.0,1200,sintered
356756.7567567568,99.0990990990991,1.6198267234113951e-18,4.540419573300329e-24,10.0,1200,sintered
357117.1171171171,99.1991991991992,1.6214629106450165e-18,4.540419573300329e-24,10.0,1200,sintered
357477.4774774775,99.2992992992993,1.6230990978786384e-18,4.540419573300329e-24,10.0,1200,sintered
357837.8378378378,99.3993993993994,1.62473528511226e-18,4.540419573300329e-24,10.0,1200,sintered
358198.1981981982,99.4994994994995,1.626371472345882e-18,4.540419573300329e-24,10.0,1200,sintered
358558.5585585586,99.5995995995996,1.6280076595795037e-18,4.540419573300329e-24,10.0,1200,sintered
358918.91891891893,99.6996996996997,1.6296438468131254e-18,4.540419573300329e-24,10.0,1200,sintered
359279.2792792793,99.7997997997998,1.6312800340467472e-18,4.540419573300329e-24,10.0,1200,sintered
359639.63963963964,99.8998998998999,1.6329162212803687e-18,4.540419573300329e-24,10.0,1200,sintered
360000.0,100.0,1.6345524085139905e-18,4.540419573300329e-24,10.0,1200,sintered
