time_seconds,time_hours,strain,strain_rate_per_s,stress_mpa,temperature_C,state
0.0,0.0,0.0,4.856597575014307e-20,5.0,800,sintered
360.3603603603604,0.1001001001001001,1.7501181909425656e-17,4.8565590277077667e-20,5.0,800,sintered
720.7207207207208,0.2002002002002002,3.50022316357635e-17,4.856524152153666e-20,5.0,800,sintered
1081.081081081081,0.3003003003003003,5.250316176986924e-17,4.856492598606012e-20,5.0,800,sintered
1441.4414414414416,0.4004004004004004,7.000398370327994e-17,4.8564640506332215e-20,5.0,800,sintered
1801.801801801802,0.5005005005005005,8.750470774245278e-17,4.8564382219448146e-20,5.0,800,sintered
2162.162162162162,0.6006006006006006,1.0500534321212248e-16,4.856414853520384e-20,5.0,800,sintered
2522.5225225225226,0.7007007007007008,1.2250589854881337e-16,4.856393711012032e-20,5.0,800,sintered
2882.882882882883,0.8008008008008008,1.4000638138544423e-16,4.856374582394237e-20,5.0,800,sintered
3243.2432432432433,0.9009009009009009,1.5750679862787428e-16,4.856357275837575e-20,5.0,800,sintered
3603.603603603604,1.001001001001001,1.7500715652415789e-16,4.8563416177849805e-20,5.0,800,sintered
3963.963963963964,1.1011011011011012,1.9250746072720254e-16,4.856327451211246e-20,5.0,800,sintered
4324.324324324324,1.2012012012012012,2.1000771635145846e-16,4.85631463404831e-20,5.0,800,sintered
4684.684684684685,1.3013013013013013,2.275079280242084e-16,4.856303037760539e-20,5.0,800,sintered
5045.045045045045,1.4014014014014016,2.4500809993197185e-16,4.8562925460557274e-20,5.0,800,sintered
5405.405405405406,1.5015015015015016,2.6250823586248906e-16,4.856283053718866e-20,5.0,800,sintered
5765.765765765766,1.6016016016016017,2.800083392427062e-16,4.856274465557008e-20,5.0,800,sintered
6126.126126126126,1.7017017017017018,2.975084131731418e-16,4.856266695444635e-20,5.0,800,sintered
6486.486486486487,1.8018018018018018,3.150084604589805e-16,4.856259665459955e-20,5.0,800,sintered
6846.846846846847,1.9019019019019021,3.325084836382041e-16,4.8562533051034726e-20,5.0,800,sintered
7207.207207207208,2.002002002002002,3.5000848500704366e-16,4.856247550590991e-20,5.0,800,sintered
7567.567567567568,2.1021021021021022,3.67508466643007e-16,4.85624234421396e-20,5.0,800,sintered
7927.927927927928,2.2022022022022023,3.850084304257127e-16,4.856237633760751e-20,5.0,800,sintered
8288.288288288288,2.3023023023023024,4.025083780557399e-16,4.856233371993056e-20,5.0,800,sintered
8648.648648648648,2.4024024024024024,4.200083110716822e-16,4.8562295161721655e-20,5.0,800,sintered
9009.009009009009,2.5025025025025025,4.3750823086557714e-16,4.856226027630368e-20,5.0,800,sintered
9369.36936936937,2.6026026026026026,4.550081386968664e-16,4.8562228713831715e-20,5.0,800,sintered
9729.729729729732,2.702702702702703,4.725080357050261e-16,4.856220015778468e-20,5.0,800,sintered
10090.09009009009,2.802802802802803,4.900079229209929e-16,4.856217432179113e-20,5.0,800,sintered
10450.450450450451,2.902902902902903,5.075078012775047e-16,4.856215094675739e-20,5.0,800,sintered
10810.810810810812,3.0030030030030033,5.25007671618452e-16,4.856212979826929e-20,5.0,800,sintered
11171.171171171172,3.1031031031031033,5.425075347073429e-16,4.8562110664241335e-20,5.0,800,sintered
11531.531531531533,3.2032032032032034,5.600073912349585e-16,4.8562093352789846e-20,5.0,800,sintered
11891.891891891892,3.3033033033033035,5.775072418262808e-16,4.8562077690308675e-20,5.0,800,sintered
12252.252252252252,3.4034034034034035,5.950070870467608e-16,4.8562063519728196e-20,5.0,800,sintered
12612.612612612613,3.5035035035035036,6.125069274079879e-16,4.8562050698940174e-20,5.0,800,sintered
12972.972972972973,3.6036036036036037,6.300067633728213e-16,4.8562039099372616e-20,5.0,800,sintered
13333.333333333334,3.7037037037037037,6.4750659536003135e-16,4.8562028604700434e-20,5.0,800,sintered
13693.693693693695,3.8038038038038042,6.650064237484994e-16,4.856201910967885e-20,5.0,800,sintered
14054.054054054055,3.9039039039039043,6.825062488810166e-16,4.8562010519087994e-20,5.0,800,sintered
14414.414414414416,4.004004004004004,7.000060710677229e-16,4.856200274677799e-20,5.0,800,sintered
14774.774774774776,4.104104104104104,7.175058905892157e-16,4.8561995714805016e-20,5.0,800,sintered
15135.135135135137,4.2042042042042045,7.350057076993654e-16,4.8561989352649633e-20,5.0,800,sintered
15495.495495495496,4.3043043043043046,7.525055226278597e-16,4.8561983596509594e-20,5.0,800,sintered
15855.855855855856,4.404404404404405,7.700053355825083e-16,4.856197838866004e-20,5.0,800,sintered
16216.216216216217,4.504504504504505,7.875051467513262e-16,4.8561973676874574e-20,5.0,800,sintered
16576.576576576575,4.604604604604605,8.050049563044193e-16,4.856196941390152e-20,5.0,800,sintered
16936.936936936938,4.704704704704705,8.225047643956907e-16,4.8561965556990086e-20,5.0,800,sintered
17297.297297297297,4.804804804804805,8.400045711643835e-16,4.856196206746162e-20,5.0,800,sintered
17657.65765765766,4.904904904904905,8.575043767364772e-16,4.856195891032174e-20,5.0,800,sintered
18018.018018018018,5.005005005005005,8.750041812259519e-16,4.8561956053909387e-20,5.0,800,sintered
18378.378378378377,5.105105105105105,8.925039847359303e-16,4.856195346957931e-20,5.0,800,sintered
18738.73873873874,5.205205205205205,9.100037873597126e-16,4.8561951131414816e-20,5.0,800,sintered
19099.099099099098,5.305305305305305,9.27503589181712e-16,4.8561949015967864e-20,5.0,800,sintered
19459.459459459464,5.405405405405406,9.450033902783008e-16,4.8561947102023897e-20,5.0,800,sintered
19819.819819819822,5.505505505505506,9.62503190718576e-16,4.8561945370389126e-20,5.0,800,sintered
20180.18018018018,5.605605605605606,9.80002990565054e-16,4.8561943803698025e-20,5.0,800,sintered
20540.540540540544,5.705705705705706,9.975027898742962e-16,4.8561942386239195e-20,5.0,800,sintered
20900.900900900902,5.805805805805806,1.0150025886974755e-15,4.856194110379778e-20,5.0,800,sintered
21261.261261261265,5.9059059059059065,1.032502387080891e-15,4.856193994351295e-20,5.0,800,sintered
21621.621621621623,6.0060060060060065,1.0500021850664319e-15,4.856193889374891e-20,5.0,800,sintered
21981.981981981982,6.106106106106107,1.0675019826919964e-15,4.8561937943978205e-20,5.0,800,sintered
22342.342342342345,6.206206206206207,1.0850017799918743e-15,4.8561937084676154e-20,5.0,800,sintered
22702.702702702703,6.306306306306307,1.1025015769970872e-15,4.8561936307225324e-20,5.0,800,sintered
23063.063063063066,6.406406406406407,1.1200013737357039e-15,4.856193560382914e-20,5.0,800,sintered
23423.423423423425,6.506506506506507,1.1375011702331177e-15,4.8561934967433663e-20,5.0,800,sintered
23783.783783783783,6.606606606606607,1.1550009665123044e-15,4.856193439165686e-20,5.0,800,sintered
24144.144144144146,6.706706706706707,1.1725007625940506e-15,4.856193387072461e-20,5.0,800,sintered
24504.504504504504,6.806806806806807,1.1900005584971635e-15,4.85619333994128e-20,5.0,800,sintered
24864.864864864867,6.906906906906907,1.207500354238658e-15,4.8561932972994924e-20,5.0,800,sintered
25225.225225225226,7.007007007007007,1.2250001498339292e-15,4.8561932587194696e-20,5.0,800,sintered
25585.585585585584,7.107107107107107,1.2424999452969047e-15,4.8561932238143155e-20,5.0,800,sintered
25945.945945945947,7.207207207207207,1.2599997406401869e-15,4.856193192233987e-20,5.0,800,sintered
26306.306306306305,7.307307307307307,1.2774995358751763e-15,4.8561931636617847e-20,5.0,800,sintered
26666.666666666668,7.407407407407407,1.2949993310121885e-15,4.856193137811175e-20,5.0,800,sintered
27027.02702702703,7.507507507507508,1.3124991260605561e-15,4.856193114422917e-20,5.0,800,sintered
27387.38738738739,7.6076076076076085,1.3299989210287227e-15,4.856193093262464e-20,5.0,800,sintered
27747.74774774775,7.7077077077077085,1.3474987159243276e-15,4.856193074117611e-20,5.0,800,sintered
28108.10810810811,7.807807807807809,1.3649985107542825e-15,4.856193056796366e-20,5.0,800,sintered
28468.468468468473,7.907907907907909,1.3824983055248412e-15,4.856193041125024e-20,5.0,800,sintered
28828.82882882883,8.008008008008009,1.3999981002416608e-15,4.8561930269464265e-20,5.0,800,sintered
29189.18918918919,8.108108108108109,1.4174978949098605e-15,4.8561930141183855e-20,5.0,800,sintered
29549.549549549552,8.208208208208209,1.4349976895340714e-15,4.8561930025122556e-20,5.0,800,sintered
29909.90990990991,8.308308308308309,1.4524974841184835e-15,4.8561929920116456e-20,5.0,800,sintered
30270.270270270274,8.408408408408409,1.4699972786668881e-15,4.856192982511252e-20,5.0,800,sintered
30630.630630630632,8.508508508508509,1.4874970731827145e-15,4.8561929739158016e-20,5.0,800,sintered
30990.99099099099,8.608608608608609,1.5049968676690659e-15,4.8561929661390945e-20,5.0,800,sintered
31351.351351351354,8.70870870870871,1.5224966621287504e-15,4.8561929591031434e-20,5.0,800,sintered
31711.711711711712,8.80880880880881,1.5399964565643078e-15,4.856192952737389e-20,5.0,800,sintered
32072.072072072075,8.90890890890891,1.5574962509780363e-15,4.856192946977992e-20,5.0,800,sintered
32432.432432432433,9.00900900900901,1.574996045372015e-15,4.856192941767196e-20,5.0,800,sintered
32792.792792792796,9.10910910910911,1.5924958397481257e-15,4.856192937052745e-20,5.0,800,sintered
33153.15315315315,9.20920920920921,1.6099956341080696e-15,4.85619293278736e-20,5.0,800,sintered
33513.51351351351,9.30930930930931,1.6274954284533873e-15,4.856192928928267e-20,5.0,800,sintered
33873.873873873876,9.40940940940941,1.6449952227854716e-15,4.856192925436764e-20,5.0,800,sintered
34234.23423423424,9.50950950950951,1.6624950171055834e-15,4.8561929222778383e-20,5.0,800,sintered
34594.59459459459,9.60960960960961,1.6799948114148623e-15,4.85619291941981e-20,5.0,800,sintered
34954.954954954956,9.70970970970971,1.697494605714341e-15,4.8561929168340174e-20,5.0,800,sintered
35315.31531531532,9.80980980980981,1.714994400004953e-15,4.85619291449453e-20,5.0,800,sintered
35675.67567567567,9.90990990990991,1.7324941942875422e-15,4.856192912377887e-20,5.0,800,sintered
36036.036036036036,10.01001001001001,1.7499939885628735e-15,4.85619291046286e-20,5.0,800,sintered
36396.3963963964,10.11011011011011,1.7674937828316377e-15,4.856192908730245e-20,5.0,800,sintered
36756.75675675675,10.21021021021021,1.7849935770944608e-15,4.856192907162668e-20,5.0,800,sintered
37117.117117117115,10.31031031031031,1.8024933713519084e-15,4.8561929057444075e-20,5.0,800,sintered
37477.47747747748,10.41041041041041,1.8199931656044923e-15,4.8561929044612404e-20,5.0,800,sintered
37837.83783783784,10.51051051051051,1.8374929598526767e-15,4.856192903300299e-20,5.0,800,sintered
38198.198198198195,10.61061061061061,1.8549927540968794e-15,4.856192902249941e-20,5.0,800,sintered
38558.558558558565,10.710710710710712,1.8724925483374813e-15,4.856192901299633e-20,5.0,800,sintered
38918.91891891893,10.810810810810812,1.889992342574824e-15,4.856192900439845e-20,5.0,800,sintered
39279.27927927928,10.910910910910912,1.907492136809218e-15,4.856192899661954e-20,5.0,800,sintered
39639.639639639645,11.011011011011012,1.9249919310409448e-15,4.8561928989581604e-20,5.0,800,sintered
40000.00000000001,11.111111111111112,1.9424917252702584e-15,4.8561928983214046e-20,5.0,800,sintered
40360.36036036036,11.211211211211213,1.959991519497388e-15,4.856192897745302e-20,5.0,800,sintered
40720.720720720725,11.311311311311313,1.9774913137225426e-15,4.8561928972240753e-20,5.0,800,sintered
41081.08108108109,11.411411411411413,1.99499110794591e-15,4.8561928967524963e-20,5.0,800,sintered
41441.44144144144,11.511511511511513,2.012490902167659e-15,4.856192896325837e-20,5.0,800,sintered
41801.801801801805,11.611611611611613,2.0299906963879467e-15,4.856192895939819e-20,5.0,800,sintered
42162.16216216217,11.711711711711713,2.0474904906069097e-15,4.85619289559057e-20,5.0,800,sintered
42522.52252252253,11.811811811811813,2.0649902848246753e-15,4.856192895274588e-20,5.0,800,sintered
42882.882882882885,11.911911911911913,2.0824900790413573e-15,4.8561928949887044e-20,5.0,800,sintered
43243.24324324325,12.012012012012013,2.099989873257059e-15,4.856192894730052e-20,5.0,800,sintered
43603.60360360361,12.112112112112113,2.1174896674718736e-15,4.856192894496037e-20,5.0,800,sintered
43963.963963963964,12.212212212212213,2.1349894616858858e-15,4.856192894284313e-20,5.0,800,sintered
44324.32432432433,12.312312312312313,2.152489255899172e-15,4.856192894092756e-20,5.0,800,sintered
44684.68468468469,12.412412412412413,2.169989050111802e-15,4.8561928939194456e-20,5.0,800,sintered
45045.04504504505,12.512512512512513,2.1874888443238367e-15,4.8561928937626436e-20,5.0,800,sintered
45405.40540540541,12.612612612612613,2.2049886385353336e-15,4.856192893620777e-20,5.0,800,sintered
45765.76576576577,12.712712712712714,2.222488432746345e-15,4.856192893492424e-20,5.0,800,sintered
46126.12612612613,12.812812812812814,2.2399882269569157e-15,4.856192893376297e-20,5.0,800,sintered
46486.48648648649,12.912912912912914,2.2574880211670884e-15,4.856192893271232e-20,5.0,800,sintered
46846.84684684685,13.013013013013014,2.2749878153769007e-15,4.8561928931761744e-20,5.0,800,sintered
47207.20720720721,13.113113113113114,2.2924876095863868e-15,4.856192893090171e-20,5.0,800,sintered
47567.56756756757,13.213213213213214,2.309987403795578e-15,4.85619289301236e-20,5.0,800,sintered
47927.92792792793,13.313313313313314,2.327487198004503e-15,4.856192892941961e-20,5.0,800,sintered
48288.28828828829,13.413413413413414,2.344986992213186e-15,4.8561928928782674e-20,5.0,800,sintered
48648.648648648654,13.513513513513514,2.3624867864216512e-15,4.8561928928206405e-20,5.0,800,sintered
49009.00900900901,13.613613613613614,2.3799865806299177e-15,4.856192892768503e-20,5.0,800,sintered
49369.36936936937,13.713713713713714,2.3974863748380063e-15,4.856192892721332e-20,5.0,800,sintered
49729.729729729734,13.813813813813814,2.4149861690459332e-15,4.856192892678654e-20,5.0,800,sintered
50090.09009009009,13.913913913913914,2.432485963253713e-15,4.856192892640041e-20,5.0,800,sintered
50450.45045045045,14.014014014014014,2.4499857574613614e-15,4.856192892605107e-20,5.0,800,sintered
50810.81081081081,14.114114114114114,2.467485551668889e-15,4.856192892573499e-20,5.0,800,sintered
51171.17117117117,14.214214214214214,2.4849853458763083e-15,4.856192892544903e-20,5.0,800,sintered
51531.53153153153,14.314314314314315,2.5024851400836305e-15,4.85619289251903e-20,5.0,800,sintered
51891.89189189189,14.414414414414415,2.5199849342908632e-15,4.8561928924956224e-20,5.0,800,sintered
52252.252252252256,14.514514514514515,2.537484728498016e-15,4.856192892474444e-20,5.0,800,sintered
52612.61261261261,14.614614614614615,2.554984522705096e-15,4.8561928924552826e-20,5.0,800,sintered
52972.97297297297,14.714714714714715,2.57248431691211e-15,4.856192892437947e-20,5.0,800,sintered
53333.333333333336,14.814814814814815,2.589984111119065e-15,4.856192892422262e-20,5.0,800,sintered
53693.69369369369,14.914914914914915,2.607483905325966e-15,4.8561928924080714e-20,5.0,800,sintered
54054.05405405406,15.015015015015017,2.624983699532819e-15,4.856192892395233e-20,5.0,800,sintered
54414.41441441442,15.115115115115117,2.642483493739627e-15,4.8561928923836163e-20,5.0,800,sintered
54774.77477477478,15.215215215215217,2.6599832879463956e-15,4.856192892373107e-20,5.0,800,sintered
55135.13513513514,15.315315315315317,2.677483082153128e-15,4.856192892363599e-20,5.0,800,sintered
55495.4954954955,15.415415415415417,2.6949828763598283e-15,4.856192892354996e-20,5.0,800,sintered
55855.85585585586,15.515515515515517,2.7124826705664985e-15,4.8561928923472127e-20,5.0,800,sintered
56216.21621621622,15.615615615615617,2.729982464773142e-15,4.8561928923401704e-20,5.0,800,sintered
56576.57657657658,15.715715715715717,2.747482258979762e-15,4.856192892333799e-20,5.0,800,sintered
56936.936936936945,15.815815815815817,2.7649820531863597e-15,4.856192892328035e-20,5.0,800,sintered
57297.2972972973,15.915915915915917,2.7824818473929376e-15,4.85619289232282e-20,5.0,800,sintered
57657.65765765766,16.016016016016017,2.799981641599498e-15,4.8561928923181016e-20,5.0,800,sintered
58018.018018018025,16.116116116116117,2.8174814358060414e-15,4.8561928923138327e-20,5.0,800,sintered
58378.37837837838,16.216216216216218,2.834981230012571e-15,4.85619289230997e-20,5.0,800,sintered
58738.73873873874,16.316316316316318,2.852481024219087e-15,4.8561928923064756e-20,5.0,800,sintered
59099.099099099105,16.416416416416418,2.8699808184255906e-15,4.856192892303314e-20,5.0,800,sintered
59459.45945945947,16.516516516516518,2.887480612632084e-15,4.8561928923004535e-20,5.0,800,sintered
59819.81981981982,16.616616616616618,2.9049804068385674e-15,4.8561928922978655e-20,5.0,800,sintered
60180.180180180185,16.716716716716718,2.9224802010450416e-15,4.8561928922955243e-20,5.0,800,sintered
60540.54054054055,16.816816816816818,2.9399799952515087e-15,4.856192892293406e-20,5.0,800,sintered
60900.9009009009,16.916916916916918,2.9574797894579675e-15,4.856192892291489e-20,5.0,800,sintered
61261.261261261265,17.017017017017018,2.9749795836644204e-15,4.856192892289755e-20,5.0,800,sintered
61621.62162162163,17.117117117117118,2.992479377870867e-15,4.856192892288186e-20,5.0,800,sintered
61981.98198198198,17.217217217217218,3.009979172077308e-15,4.856192892286767e-20,5.0,800,sintered
62342.342342342345,17.31731731731732,3.0274789662837447e-15,4.8561928922854824e-20,5.0,800,sintered
62702.70270270271,17.41741741741742,3.0449787604901767e-15,4.85619289228432e-20,5.0,800,sintered
63063.06306306307,17.51751751751752,3.0624785546966048e-15,4.8561928922832694e-20,5.0,800,sintered
63423.423423423425,17.61761761761762,3.0799783489030293e-15,4.856192892282318e-20,5.0,800,sintered
63783.78378378379,17.71771771771772,3.0974781431094502e-15,4.856192892281458e-20,5.0,800,sintered
64144.14414414415,17.81781781781782,3.1149779373158684e-15,4.856192892280679e-20,5.0,800,sintered
64504.504504504504,17.91791791791792,3.1324777315222842e-15,4.856192892279975e-20,5.0,800,sintered
64864.86486486487,18.01801801801802,3.1499775257286973e-15,4.8561928922793375e-20,5.0,800,sintered
65225.22522522523,18.11811811811812,3.1674773199351083e-15,4.856192892278761e-20,5.0,800,sintered
65585.58558558559,18.21821821821822,3.1849771141415174e-15,4.856192892278239e-20,5.0,800,sintered
65945.94594594595,18.31831831831832,3.202476908347924e-15,4.856192892277767e-20,5.0,800,sintered
66306.3063063063,18.41841841841842,3.2199767025543298e-15,4.85619289227734e-20,5.0,800,sintered
66666.66666666667,18.51851851851852,3.237476496760734e-15,4.8561928922769535e-20,5.0,800,sintered
67027.02702702703,18.61861861861862,3.254976290967137e-15,4.856192892276604e-20,5.0,800,sintered
67387.3873873874,18.71871871871872,3.272476085173539e-15,4.856192892276288e-20,5.0,800,sintered
67747.74774774775,18.81881881881882,3.289975879379939e-15,4.856192892276002e-20,5.0,800,sintered
68108.1081081081,18.91891891891892,3.3074756735863386e-15,4.8561928922757426e-20,5.0,800,sintered
68468.46846846848,19.01901901901902,3.3249754677927375e-15,4.8561928922755085e-20,5.0,800,sintered
68828.82882882883,19.11911911911912,3.342475261999135e-15,4.8561928922752966e-20,5.0,800,sintered
69189.18918918919,19.21921921921922,3.359975056205532e-15,4.856192892275105e-20,5.0,800,sintered
69549.54954954956,19.31931931931932,3.377474850411929e-15,4.856192892274931e-20,5.0,800,sintered
69909.90990990991,19.41941941941942,3.3949746446183242e-15,4.856192892274775e-20,5.0,800,sintered
70270.27027027027,19.51951951951952,3.4124744388247195e-15,4.856192892274633e-20,5.0,800,sintered
70630.63063063064,19.61961961961962,3.429974233031115e-15,4.856192892274504e-20,5.0,800,sintered
70990.99099099099,19.71971971971972,3.4474740272375093e-15,4.856192892274388e-20,5.0,800,sintered
71351.35135135135,19.81981981981982,3.4649738214439027e-15,4.856192892274283e-20,5.0,800,sintered
71711.71171171172,19.91991991991992,3.4824736156502968e-15,4.8561928922741874e-20,5.0,800,sintered
72072.07207207207,20.02002002002002,3.49997340985669e-15,4.8561928922741013e-20,5.0,800,sintered
72432.43243243243,20.12012012012012,3.5174732040630827e-15,4.856192892274024e-20,5.0,800,sintered
72792.7927927928,20.22022022022022,3.5349729982694756e-15,4.856192892273953e-20,5.0,800,sintered
73153.15315315315,20.32032032032032,3.552472792475868e-15,4.8561928922738895e-20,5.0,800,sintered
73513.5135135135,20.42042042042042,3.56997258668226e-15,4.856192892273832e-20,5.0,800,sintered
73873.87387387388,20.52052052052052,3.587472380888653e-15,4.85619289227378e-20,5.0,800,sintered
74234.23423423423,20.62062062062062,3.604972175095045e-15,4.8561928922737324e-20,5.0,800,sintered
74594.5945945946,20.72072072072072,3.622471969301437e-15,4.8561928922736897e-20,5.0,800,sintered
74954.95495495496,20.82082082082082,3.639971763507827e-15,4.856192892273651e-20,5.0,800,sintered
75315.31531531531,20.92092092092092,3.657471557714219e-15,4.856192892273616e-20,5.0,800,sintered
75675.67567567568,21.02102102102102,3.674971351920611e-15,4.8561928922735843e-20,5.0,800,sintered
76036.03603603604,21.12112112112112,3.692471146127002e-15,4.856192892273556e-20,5.0,800,sintered
76396.39639639639,21.22122122122122,3.709970940333393e-15,4.85619289227353e-20,5.0,800,sintered
76756.75675675676,21.32132132132132,3.7274707345397845e-15,4.856192892273507e-20,5.0,800,sintered
77117.11711711713,21.421421421421424,3.7449705287461755e-15,4.8561928922734856e-20,5.0,800,sintered
77477.47747747749,21.521521521521525,3.7624703229525665e-15,4.8561928922734664e-20,5.0,800,sintered
77837.83783783785,21.621621621621625,3.779970117158958e-15,4.856192892273449e-20,5.0,800,sintered
78198.19819819821,21.721721721721725,3.797469911365348e-15,4.856192892273433e-20,5.0,800,sintered
78558.55855855856,21.821821821821825,3.8149697055717386e-15,4.856192892273419e-20,5.0,800,sintered
78918.91891891893,21.921921921921925,3.83246949977813e-15,4.856192892273406e-20,5.0,800,sintered
79279.27927927929,22.022022022022025,3.84996929398452e-15,4.856192892273394e-20,5.0,800,sintered
79639.63963963964,22.122122122122125,3.867469088190911e-15,4.856192892273384e-20,5.0,800,sintered
80000.00000000001,22.222222222222225,3.884968882397302e-15,4.8561928922733743e-20,5.0,800,sintered
80360.36036036037,22.322322322322325,3.902468676603692e-15,4.856192892273366e-20,5.0,800,sintered
80720.72072072072,22.422422422422425,3.919968470810082e-15,4.856192892273358e-20,5.0,800,sintered
81081.0810810811,22.522522522522525,3.937468265016473e-15,4.856192892273351e-20,5.0,800,sintered
81441.44144144145,22.622622622622625,3.954968059222863e-15,4.856192892273345e-20,5.0,800,sintered
81801.8018018018,22.722722722722725,3.972467853429253e-15,4.856192892273339e-20,5.0,800,sintered
82162.16216216217,22.822822822822825,3.989967647635644e-15,4.8561928922733334e-20,5.0,800,sintered
82522.52252252253,22.922922922922925,4.0074674418420345e-15,4.856192892273329e-20,5.0,800,sintered
82882.88288288288,23.023023023023026,4.024967236048424e-15,4.8561928922733243e-20,5.0,800,sintered
83243.24324324325,23.123123123123126,4.042467030254815e-15,4.856192892273321e-20,5.0,800,sintered
83603.60360360361,23.223223223223226,4.059966824461206e-15,4.856192892273317e-20,5.0,800,sintered
83963.96396396398,23.323323323323326,4.077466618667596e-15,4.856192892273314e-20,5.0,800,sintered
84324.32432432433,23.423423423423426,4.094966412873986e-15,4.856192892273311e-20,5.0,800,sintered
84684.68468468469,23.523523523523526,4.112466207080376e-15,4.856192892273309e-20,5.0,800,sintered
85045.04504504506,23.623623623623626,4.1299660012867665e-15,4.856192892273306e-20,5.0,800,sintered
85405.40540540541,23.723723723723726,4.147465795493157e-15,4.856192892273304e-20,5.0,800,sintered
85765.76576576577,23.823823823823826,4.164965589699547e-15,4.856192892273302e-20,5.0,800,sintered
86126.12612612614,23.923923923923926,4.182465383905937e-15,4.8561928922733e-20,5.0,800,sintered
86486.4864864865,24.024024024024026,4.199965178112327e-15,4.856192892273299e-20,5.0,800,sintered
86846.84684684685,24.124124124124126,4.217464972318718e-15,4.856192892273297e-20,5.0,800,sintered
87207.20720720722,24.224224224224226,4.234964766525108e-15,4.856192892273296e-20,5.0,800,sintered
87567.56756756757,24.324324324324326,4.2524645607314985e-15,4.856192892273295e-20,5.0,800,sintered
87927.92792792793,24.424424424424426,4.269964354937889e-15,4.856192892273294e-20,5.0,800,sintered
88288.2882882883,24.524524524524526,4.28746414914428e-15,4.856192892273293e-20,5.0,800,sintered
88648.64864864865,24.624624624624627,4.304963943350669e-15,4.8561928922732925e-20,5.0,800,sintered
89009.00900900901,24.724724724724727,4.322463737557059e-15,4.856192892273291e-20,5.0,800,sintered
89369.36936936938,24.824824824824827,4.33996353176345e-15,4.8561928922732906e-20,5.0,800,sintered
89729.72972972973,24.924924924924927,4.3574633259698396e-15,4.85619289227329e-20,5.0,800,sintered
90090.0900900901,25.025025025025027,4.3749631201762306e-15,4.8561928922732894e-20,5.0,800,sintered
90450.45045045046,25.125125125125127,4.392462914382621e-15,4.856192892273289e-20,5.0,800,sintered
90810.81081081081,25.225225225225227,4.40996270858901e-15,4.856192892273288e-20,5.0,800,sintered
91171.17117117118,25.325325325325327,4.427462502795401e-15,4.856192892273288e-20,5.0,800,sintered
91531.53153153154,25.425425425425427,4.444962297001791e-15,4.8561928922732876e-20,5.0,800,sintered
91891.8918918919,25.525525525525527,4.462462091208181e-15,4.8561928922732876e-20,5.0,800,sintered
92252.25225225226,25.625625625625627,4.479961885414572e-15,4.856192892273287e-20,5.0,800,sintered
92612.61261261262,25.725725725725727,4.497461679620962e-15,4.856192892273287e-20,5.0,800,sintered
92972.97297297297,25.825825825825827,4.514961473827352e-15,4.8561928922732864e-20,5.0,800,sintered
93333.33333333334,25.925925925925927,4.532461268033742e-15,4.8561928922732864e-20,5.0,800,sintered
93693.6936936937,26.026026026026027,4.549961062240132e-15,4.856192892273286e-20,5.0,800,sintered
94054.05405405405,26.126126126126128,4.5674608564465225e-15,4.856192892273286e-20,5.0,800,sintered
94414.41441441442,26.226226226226228,4.584960650652913e-15,4.856192892273286e-20,5.0,800,sintered
94774.77477477478,26.326326326326328,4.602460444859303e-15,4.856192892273285e-20,5.0,800,sintered
95135.13513513513,26.426426426426428,4.619960239065693e-15,4.856192892273285e-20,5.0,800,sintered
95495.4954954955,26.526526526526528,4.637460033272083e-15,4.856192892273285e-20,5.0,800,sintered
95855.85585585586,26.626626626626628,4.6549598274784734e-15,4.856192892273285e-20,5.0,800,sintered
96216.21621621623,26.726726726726728,4.672459621684864e-15,4.856192892273285e-20,5.0,800,sintered
96576.57657657658,26.826826826826828,4.689959415891254e-15,4.856192892273285e-20,5.0,800,sintered
96936.93693693694,26.926926926926928,4.707459210097644e-15,4.8561928922732846e-20,5.0,800,sintered
97297.29729729731,27.027027027027028,4.724959004304035e-15,4.8561928922732846e-20,5.0,800,sintered
97657.65765765766,27.127127127127128,4.742458798510424e-15,4.8561928922732846e-20,5.0,800,sintered
98018.01801801802,27.227227227227228,4.7599585927168145e-15,4.8561928922732846e-20,5.0,800,sintered
98378.37837837839,27.32732732732733,4.7774583869232054e-15,4.8561928922732846e-20,5.0,800,sintered
98738.73873873874,27.42742742742743,4.794958181129595e-15,4.8561928922732846e-20,5.0,800,sintered
99099.0990990991,27.52752752752753,4.812457975335985e-15,4.8561928922732846e-20,5.0,800,sintered
99459.45945945947,27.62762762762763,4.829957769542376e-15,4.8561928922732846e-20,5.0,800,sintered
99819.81981981982,27.72772772772773,4.847457563748765e-15,4.8561928922732846e-20,5.0,800,sintered
100180.18018018018,27.82782782782783,4.8649573579551555e-15,4.8561928922732846e-20,5.0,800,sintered
100540.54054054055,27.92792792792793,4.8824571521615465e-15,4.856192892273284e-20,5.0,800,sintered
100900.9009009009,28.02802802802803,4.899956946367937e-15,4.856192892273284e-20,5.0,800,sintered
101261.26126126126,28.12812812812813,4.917456740574326e-15,4.856192892273284e-20,5.0,800,sintered
101621.62162162163,28.22822822822823,4.934956534780717e-15,4.856192892273284e-20,5.0,800,sintered
101981.98198198198,28.32832832832833,4.952456328987107e-15,4.856192892273284e-20,5.0,800,sintered
102342.34234234234,28.42842842842843,4.969956123193497e-15,4.856192892273284e-20,5.0,800,sintered
102702.7027027027,28.52852852852853,4.9874559173998876e-15,4.856192892273284e-20,5.0,800,sintered
103063.06306306306,28.62862862862863,5.004955711606278e-15,4.856192892273284e-20,5.0,800,sintered
103423.42342342343,28.72872872872873,5.022455505812668e-15,4.856192892273284e-20,5.0,800,sintered
103783.78378378379,28.82882882882883,5.039955300019058e-15,4.856192892273284e-20,5.0,800,sintered
104144.14414414414,28.92892892892893,5.057455094225448e-15,4.856192892273284e-20,5.0,800,sintered
104504.50450450451,29.02902902902903,5.0749548884318385e-15,4.856192892273284e-20,5.0,800,sintered
104864.86486486487,29.12912912912913,5.092454682638229e-15,4.856192892273284e-20,5.0,800,sintered
105225.22522522522,29.22922922922923,5.109954476844619e-15,4.856192892273284e-20,5.0,800,sintered
105585.58558558559,29.32932932932933,5.127454271051009e-15,4.856192892273284e-20,5.0,800,sintered
105945.94594594595,29.42942942942943,5.144954065257399e-15,4.856192892273284e-20,5.0,800,sintered
106306.3063063063,29.52952952952953,5.162453859463789e-15,4.856192892273284e-20,5.0,800,sintered
106666.66666666667,29.62962962962963,5.1799536536701795e-15,4.856192892273284e-20,5.0,800,sintered
107027.02702702703,29.72972972972973,5.19745344787657e-15,4.856192892273284e-20,5.0,800,sintered
107387.38738738738,29.82982982982983,5.21495324208296e-15,4.856192892273284e-20,5.0,800,sintered
107747.74774774777,29.929929929929934,5.232453036289351e-15,4.856192892273284e-20,5.0,800,sintered
108108.10810810812,30.030030030030034,5.249952830495741e-15,4.856192892273284e-20,5.0,800,sintered
108468.46846846848,30.130130130130134,5.267452624702131e-15,4.856192892273284e-20,5.0,800,sintered
108828.82882882885,30.230230230230234,5.284952418908521e-15,4.856192892273284e-20,5.0,800,sintered
109189.1891891892,30.330330330330334,5.3024522131149116e-15,4.856192892273284e-20,5.0,800,sintered
109549.54954954956,30.430430430430434,5.319952007321302e-15,4.856192892273284e-20,5.0,800,sintered
109909.90990990993,30.530530530530534,5.337451801527693e-15,4.856192892273284e-20,5.0,800,sintered
110270.27027027028,30.630630630630634,5.354951595734082e-15,4.856192892273284e-20,5.0,800,sintered
110630.63063063064,30.730730730730734,5.372451389940472e-15,4.856192892273284e-20,5.0,800,sintered
110990.990990991,30.830830830830834,5.389951184146863e-15,4.856192892273284e-20,5.0,800,sintered
111351.35135135136,30.930930930930934,5.407450978353253e-15,4.856192892273284e-20,5.0,800,sintered
111711.71171171172,31.031031031031034,5.424950772559643e-15,4.856192892273284e-20,5.0,800,sintered
112072.07207207209,31.131131131131134,5.442450566766034e-15,4.856192892273284e-20,5.0,800,sintered
112432.43243243244,31.231231231231234,5.459950360972423e-15,4.856192892273284e-20,5.0,800,sintered
112792.79279279281,31.331331331331334,5.477450155178814e-15,4.856192892273284e-20,5.0,800,sintered
113153.15315315317,31.431431431431434,5.494949949385204e-15,4.856192892273284e-20,5.0,800,sintered
113513.51351351352,31.531531531531535,5.512449743591594e-15,4.856192892273284e-20,5.0,800,sintered
113873.87387387389,31.631631631631635,5.529949537797985e-15,4.856192892273284e-20,5.0,800,sintered
114234.23423423425,31.731731731731735,5.547449332004375e-15,4.856192892273284e-20,5.0,800,sintered
114594.5945945946,31.831831831831835,5.564949126210765e-15,4.856192892273284e-20,5.0,800,sintered
114954.95495495497,31.931931931931935,5.582448920417155e-15,4.856192892273284e-20,5.0,800,sintered
115315.31531531533,32.032032032032035,5.599948714623545e-15,4.856192892273284e-20,5.0,800,sintered
115675.67567567568,32.132132132132135,5.6174485088299355e-15,4.856192892273284e-20,5.0,800,sintered
116036.03603603605,32.232232232232235,5.634948303036326e-15,4.856192892273284e-20,5.0,800,sintered
116396.3963963964,32.332332332332335,5.652448097242716e-15,4.856192892273284e-20,5.0,800,sintered
116756.75675675676,32.432432432432435,5.669947891449106e-15,4.856192892273284e-20,5.0,800,sintered
117117.11711711713,32.532532532532535,5.687447685655496e-15,4.856192892273284e-20,5.0,800,sintered
117477.47747747749,32.632632632632635,5.7049474798618864e-15,4.856192892273284e-20,5.0,800,sintered
117837.83783783784,32.732732732732735,5.722447274068277e-15,4.856192892273284e-20,5.0,800,sintered
118198.19819819821,32.832832832832835,5.739947068274667e-15,4.856192892273284e-20,5.0,800,sintered
118558.55855855856,32.932932932932935,5.757446862481057e-15,4.856192892273284e-20,5.0,800,sintered
118918.91891891893,33.033033033033036,5.774946656687448e-15,4.856192892273284e-20,5.0,800,sintered
119279.27927927929,33.133133133133136,5.792446450893837e-15,4.856192892273284e-20,5.0,800,sintered
119639.63963963964,33.233233233233236,5.8099462451002275e-15,4.856192892273284e-20,5.0,800,sintered
120000.00000000001,33.333333333333336,5.8274460393066185e-15,4.856192892273284e-20,5.0,800,sintered
120360.36036036037,33.433433433433436,5.844945833513008e-15,4.856192892273284e-20,5.0,800,sintered
120720.72072072072,33.533533533533536,5.862445627719398e-15,4.856192892273284e-20,5.0,800,sintered
121081.0810810811,33.633633633633636,5.879945421925789e-15,4.856192892273284e-20,5.0,800,sintered
121441.44144144145,33.733733733733736,5.897445216132179e-15,4.856192892273284e-20,5.0,800,sintered
121801.8018018018,33.833833833833836,5.9149450103385686e-15,4.856192892273284e-20,5.0,800,sintered
122162.16216216217,33.933933933933936,5.9324448045449595e-15,4.856192892273284e-20,5.0,800,sintered
122522.52252252253,34.034034034034036,5.94994459875135e-15,4.856192892273284e-20,5.0,800,sintered
122882.88288288288,34.134134134134136,5.967444392957739e-15,4.856192892273284e-20,5.0,800,sintered
123243.24324324325,34.234234234234236,5.98494418716413e-15,4.856192892273284e-20,5.0,800,sintered
123603.60360360361,34.334334334334336,6.00244398137052e-15,4.856192892273284e-20,5.0,800,sintered
123963.96396396396,34.434434434434436,6.01994377557691e-15,4.856192892273284e-20,5.0,800,sintered
124324.32432432433,34.53453453453454,6.0374435697833006e-15,4.856192892273284e-20,5.0,800,sintered
124684.68468468469,34.63463463463464,6.054943363989691e-15,4.856192892273284e-20,5.0,800,sintered
125045.04504504506,34.73473473473474,6.072443158196081e-15,4.856192892273284e-20,5.0,800,sintered
125405.40540540541,34.83483483483484,6.089942952402471e-15,4.856192892273284e-20,5.0,800,sintered
125765.76576576577,34.93493493493494,6.107442746608861e-15,4.856192892273284e-20,5.0,800,sintered
126126.12612612614,35.03503503503504,6.1249425408152515e-15,4.856192892273284e-20,5.0,800,sintered
126486.4864864865,35.13513513513514,6.142442335021642e-15,4.856192892273284e-20,5.0,800,sintered
126846.84684684685,35.23523523523524,6.159942129228032e-15,4.856192892273284e-20,5.0,800,sintered
127207.20720720722,35.33533533533534,6.177441923434422e-15,4.856192892273284e-20,5.0,800,sintered
127567.56756756757,35.43543543543544,6.194941717640812e-15,4.856192892273284e-20,5.0,800,sintered
127927.92792792793,35.53553553553554,6.212441511847202e-15,4.856192892273284e-20,5.0,800,sintered
128288.2882882883,35.63563563563564,6.2299413060535925e-15,4.856192892273284e-20,5.0,800,sintered
128648.64864864865,35.73573573573574,6.247441100259983e-15,4.856192892273284e-20,5.0,800,sintered
129009.00900900901,35.83583583583584,6.264940894466373e-15,4.856192892273284e-20,5.0,800,sintered
129369.36936936938,35.93593593593594,6.282440688672764e-15,4.856192892273284e-20,5.0,800,sintered
129729.72972972973,36.03603603603604,6.299940482879153e-15,4.856192892273284e-20,5.0,800,sintered
130090.09009009009,36.13613613613614,6.3174402770855434e-15,4.856192892273284e-20,5.0,800,sintered
130450.45045045046,36.23623623623624,6.3349400712919344e-15,4.856192892273284e-20,5.0,800,sintered
130810.81081081081,36.33633633633634,6.352439865498324e-15,4.856192892273284e-20,5.0,800,sintered
131171.17117117118,36.43643643643644,6.369939659704715e-15,4.856192892273284e-20,5.0,800,sintered
131531.53153153154,36.53653653653654,6.387439453911105e-15,4.856192892273284e-20,5.0,800,sintered
131891.8918918919,36.63663663663664,6.404939248117494e-15,4.856192892273284e-20,5.0,800,sintered
132252.25225225225,36.73673673673674,6.4224390423238845e-15,4.856192892273284e-20,5.0,800,sintered
132612.6126126126,36.83683683683684,6.439938836530275e-15,4.856192892273284e-20,5.0,800,sintered
132972.972972973,36.93693693693694,6.457438630736666e-15,4.856192892273284e-20,5.0,800,sintered
133333.33333333334,37.03703703703704,6.474938424943056e-15,4.856192892273284e-20,5.0,800,sintered
133693.6936936937,37.13713713713714,6.492438219149446e-15,4.856192892273284e-20,5.0,800,sintered
134054.05405405405,37.23723723723724,6.509938013355836e-15,4.856192892273284e-20,5.0,800,sintered
134414.4144144144,37.33733733733734,6.5274378075622256e-15,4.856192892273284e-20,5.0,800,sintered
134774.7747747748,37.43743743743744,6.544937601768617e-15,4.856192892273284e-20,5.0,800,sintered
135135.13513513515,37.53753753753754,6.562437395975007e-15,4.856192892273284e-20,5.0,800,sintered
135495.4954954955,37.63763763763764,6.579937190181397e-15,4.856192892273284e-20,5.0,800,sintered
135855.85585585586,37.73773773773774,6.597436984387787e-15,4.856192892273284e-20,5.0,800,sintered
136216.2162162162,37.83783783783784,6.614936778594177e-15,4.856192892273284e-20,5.0,800,sintered
136576.57657657657,37.93793793793794,6.632436572800567e-15,4.856192892273284e-20,5.0,800,sintered
136936.93693693695,38.03803803803804,6.649936367006958e-15,4.856192892273284e-20,5.0,800,sintered
137297.2972972973,38.13813813813814,6.6674361612133486e-15,4.856192892273284e-20,5.0,800,sintered
137657.65765765766,38.23823823823824,6.684935955419738e-15,4.856192892273284e-20,5.0,800,sintered
138018.01801801802,38.33833833833834,6.702435749626128e-15,4.856192892273284e-20,5.0,800,sintered
138378.37837837837,38.43843843843844,6.719935543832518e-15,4.856192892273284e-20,5.0,800,sintered
138738.73873873873,38.53853853853854,6.737435338038908e-15,4.856192892273284e-20,5.0,800,sintered
139099.0990990991,38.63863863863864,6.7549351322452995e-15,4.856192892273284e-20,5.0,800,sintered
139459.45945945947,38.73873873873874,6.77243492645169e-15,4.856192892273284e-20,5.0,800,sintered
139819.81981981982,38.83883883883884,6.789934720658079e-15,4.856192892273284e-20,5.0,800,sintered
140180.18018018018,38.93893893893894,6.807434514864469e-15,4.856192892273284e-20,5.0,800,sintered
140540.54054054053,39.03903903903904,6.824934309070859e-15,4.856192892273284e-20,5.0,800,sintered
140900.9009009009,39.13913913913914,6.8424341032772496e-15,4.856192892273284e-20,5.0,800,sintered
141261.26126126127,39.23923923923924,6.8599338974836405e-15,4.856192892273284e-20,5.0,800,sintered
141621.62162162163,39.33933933933934,6.877433691690031e-15,4.856192892273284e-20,5.0,800,sintered
141981.98198198198,39.43943943943944,6.894933485896421e-15,4.856192892273284e-20,5.0,800,sintered
142342.34234234234,39.53953953953954,6.91243328010281e-15,4.856192892273284e-20,5.0,800,sintered
142702.7027027027,39.63963963963964,6.9299330743092004e-15,4.856192892273284e-20,5.0,800,sintered
143063.06306306308,39.73973973973974,6.947432868515592e-15,4.856192892273284e-20,5.0,800,sintered
143423.42342342343,39.83983983983984,6.9649326627219816e-15,4.856192892273284e-20,5.0,800,sintered
143783.7837837838,39.93993993993994,6.982432456928372e-15,4.856192892273284e-20,5.0,800,sintered
144144.14414414414,40.04004004004004,6.999932251134762e-15,4.856192892273284e-20,5.0,800,sintered
144504.5045045045,40.14014014014014,7.017432045341151e-15,4.856192892273284e-20,5.0,800,sintered
144864.86486486485,40.24024024024024,7.0349318395475415e-15,4.856192892273284e-20,5.0,800,sintered
145225.22522522524,40.34034034034034,7.052431633753933e-15,4.856192892273284e-20,5.0,800,sintered
145585.5855855856,40.44044044044044,7.069931427960323e-15,4.856192892273284e-20,5.0,800,sintered
145945.94594594595,40.54054054054054,7.087431222166713e-15,4.856192892273284e-20,5.0,800,sintered
146306.3063063063,40.64064064064064,7.104931016373103e-15,4.856192892273284e-20,5.0,800,sintered
146666.66666666666,40.74074074074074,7.122430810579492e-15,4.856192892273284e-20,5.0,800,sintered
147027.027027027,40.84084084084084,7.139930604785883e-15,4.856192892273284e-20,5.0,800,sintered
147387.3873873874,40.94094094094094,7.157430398992274e-15,4.856192892273284e-20,5.0,800,sintered
147747.74774774775,41.04104104104104,7.174930193198664e-15,4.856192892273284e-20,5.0,800,sintered
148108.1081081081,41.14114114114114,7.192429987405055e-15,4.856192892273284e-20,5.0,800,sintered
148468.46846846846,41.24124124124124,7.209929781611444e-15,4.856192892273284e-20,5.0,800,sintered
148828.82882882882,41.34134134134134,7.227429575817833e-15,4.856192892273284e-20,5.0,800,sintered
149189.1891891892,41.44144144144144,7.244929370024226e-15,4.856192892273284e-20,5.0,800,sintered
149549.54954954956,41.54154154154154,7.262429164230615e-15,4.856192892273284e-20,5.0,800,sintered
149909.9099099099,41.64164164164164,7.279928958437005e-15,4.856192892273284e-20,5.0,800,sintered
150270.27027027027,41.74174174174174,7.297428752643396e-15,4.856192892273284e-20,5.0,800,sintered
150630.63063063062,41.84184184184184,7.314928546849785e-15,4.856192892273284e-20,5.0,800,sintered
150990.99099099098,41.94194194194194,7.332428341056175e-15,4.856192892273284e-20,5.0,800,sintered
151351.35135135136,42.04204204204204,7.349928135262567e-15,4.856192892273284e-20,5.0,800,sintered
151711.71171171172,42.14214214214214,7.367427929468956e-15,4.856192892273284e-20,5.0,800,sintered
152072.07207207207,42.24224224224224,7.384927723675346e-15,4.856192892273284e-20,5.0,800,sintered
152432.43243243243,42.34234234234234,7.402427517881737e-15,4.856192892273284e-20,5.0,800,sintered
152792.79279279278,42.44244244244244,7.419927312088126e-15,4.856192892273284e-20,5.0,800,sintered
153153.15315315314,42.54254254254254,7.437427106294516e-15,4.856192892273284e-20,5.0,800,sintered
153513.51351351352,42.64264264264264,7.454926900500908e-15,4.856192892273284e-20,5.0,800,sintered
153873.8738738739,42.74274274274275,7.472426694707299e-15,4.856192892273284e-20,5.0,800,sintered
154234.23423423426,42.84284284284285,7.489926488913688e-15,4.856192892273284e-20,5.0,800,sintered
154594.59459459462,42.94294294294295,7.50742628312008e-15,4.856192892273284e-20,5.0,800,sintered
154954.95495495497,43.04304304304305,7.524926077326469e-15,4.856192892273284e-20,5.0,800,sintered
155315.31531531533,43.14314314314315,7.542425871532858e-15,4.856192892273284e-20,5.0,800,sintered
155675.6756756757,43.24324324324325,7.55992566573925e-15,4.856192892273284e-20,5.0,800,sintered
156036.03603603606,43.34334334334335,7.57742545994564e-15,4.856192892273284e-20,5.0,800,sintered
156396.39639639642,43.44344344344345,7.59492525415203e-15,4.856192892273284e-20,5.0,800,sintered
156756.75675675677,43.54354354354355,7.61242504835842e-15,4.856192892273284e-20,5.0,800,sintered
157117.11711711713,43.64364364364365,7.62992484256481e-15,4.856192892273284e-20,5.0,800,sintered
157477.47747747749,43.74374374374375,7.6474246367712e-15,4.856192892273284e-20,5.0,800,sintered
157837.83783783787,43.84384384384385,7.664924430977592e-15,4.856192892273284e-20,5.0,800,sintered
158198.19819819822,43.94394394394395,7.682424225183981e-15,4.856192892273284e-20,5.0,800,sintered
158558.55855855858,44.04404404404405,7.69992401939037e-15,4.856192892273284e-20,5.0,800,sintered
158918.91891891893,44.14414414414415,7.717423813596762e-15,4.856192892273284e-20,5.0,800,sintered
159279.2792792793,44.24424424424425,7.734923607803151e-15,4.856192892273284e-20,5.0,800,sintered
159639.63963963967,44.34434434434435,7.752423402009542e-15,4.856192892273284e-20,5.0,800,sintered
160000.00000000003,44.44444444444445,7.769923196215933e-15,4.856192892273284e-20,5.0,800,sintered
160360.36036036038,44.54454454454455,7.787422990422322e-15,4.856192892273284e-20,5.0,800,sintered
160720.72072072074,44.64464464464465,7.804922784628713e-15,4.856192892273284e-20,5.0,800,sintered
161081.0810810811,44.74474474474475,7.822422578835103e-15,4.856192892273284e-20,5.0,800,sintered
161441.44144144145,44.84484484484485,7.839922373041492e-15,4.856192892273284e-20,5.0,800,sintered
161801.80180180183,44.94494494494495,7.857422167247883e-15,4.856192892273284e-20,5.0,800,sintered
162162.1621621622,45.04504504504505,7.874921961454274e-15,4.856192892273284e-20,5.0,800,sintered
162522.52252252254,45.14514514514515,7.892421755660663e-15,4.856192892273284e-20,5.0,800,sintered
162882.8828828829,45.24524524524525,7.909921549867054e-15,4.856192892273284e-20,5.0,800,sintered
163243.24324324325,45.34534534534535,7.927421344073444e-15,4.856192892273284e-20,5.0,800,sintered
163603.6036036036,45.44544544544545,7.944921138279833e-15,4.856192892273284e-20,5.0,800,sintered
163963.963963964,45.54554554554555,7.962420932486226e-15,4.856192892273284e-20,5.0,800,sintered
164324.32432432435,45.64564564564565,7.979920726692615e-15,4.856192892273284e-20,5.0,800,sintered
164684.6846846847,45.74574574574575,7.997420520899004e-15,4.856192892273284e-20,5.0,800,sintered
165045.04504504506,45.84584584584585,8.014920315105395e-15,4.856192892273284e-20,5.0,800,sintered
165405.4054054054,45.94594594594595,8.032420109311785e-15,4.856192892273284e-20,5.0,800,sintered
165765.76576576577,46.04604604604605,8.049919903518174e-15,4.856192892273284e-20,5.0,800,sintered
166126.12612612615,46.14614614614615,8.067419697724567e-15,4.856192892273284e-20,5.0,800,sintered
166486.4864864865,46.24624624624625,8.084919491930956e-15,4.856192892273284e-20,5.0,800,sintered
166846.84684684686,46.34634634634635,8.102419286137345e-15,4.856192892273284e-20,5.0,800,sintered
167207.20720720722,46.44644644644645,8.119919080343736e-15,4.856192892273284e-20,5.0,800,sintered
167567.56756756757,46.54654654654655,8.137418874550126e-15,4.856192892273284e-20,5.0,800,sintered
167927.92792792796,46.64664664664665,8.154918668756517e-15,4.856192892273284e-20,5.0,800,sintered
168288.2882882883,46.74674674674675,8.172418462962908e-15,4.856192892273284e-20,5.0,800,sintered
168648.64864864867,46.84684684684685,8.189918257169297e-15,4.856192892273284e-20,5.0,800,sintered
169009.00900900902,46.94694694694695,8.207418051375687e-15,4.856192892273284e-20,5.0,800,sintered
169369.36936936938,47.04704704704705,8.224917845582078e-15,4.856192892273284e-20,5.0,800,sintered
169729.72972972973,47.14714714714715,8.242417639788467e-15,4.856192892273284e-20,5.0,800,sintered
170090.09009009012,47.24724724724725,8.259917433994858e-15,4.856192892273284e-20,5.0,800,sintered
170450.45045045047,47.34734734734735,8.277417228201249e-15,4.856192892273284e-20,5.0,800,sintered
170810.81081081083,47.44744744744745,8.294917022407638e-15,4.856192892273284e-20,5.0,800,sintered
171171.17117117118,47.54754754754755,8.312416816614028e-15,4.856192892273284e-20,5.0,800,sintered
171531.53153153154,47.64764764764765,8.329916610820419e-15,4.856192892273284e-20,5.0,800,sintered
171891.8918918919,47.74774774774775,8.347416405026808e-15,4.856192892273284e-20,5.0,800,sintered
172252.25225225228,47.84784784784785,8.364916199233199e-15,4.856192892273284e-20,5.0,800,sintered
172612.61261261263,47.94794794794795,8.38241599343959e-15,4.856192892273284e-20,5.0,800,sintered
172972.972972973,48.04804804804805,8.39991578764598e-15,4.856192892273284e-20,5.0,800,sintered
173333.33333333334,48.14814814814815,8.41741558185237e-15,4.856192892273284e-20,5.0,800,sintered
173693.6936936937,48.24824824824825,8.43491537605876e-15,4.856192892273284e-20,5.0,800,sintered
174054.05405405408,48.34834834834835,8.45241517026515e-15,4.856192892273284e-20,5.0,800,sintered
174414.41441441444,48.44844844844845,8.46991496447154e-15,4.856192892273284e-20,5.0,800,sintered
174774.7747747748,48.54854854854855,8.487414758677931e-15,4.856192892273284e-20,5.0,800,sintered
175135.13513513515,48.64864864864865,8.50491455288432e-15,4.856192892273284e-20,5.0,800,sintered
175495.4954954955,48.74874874874875,8.522414347090711e-15,4.856192892273284e-20,5.0,800,sintered
175855.85585585586,48.84884884884885,8.5399141412971e-15,4.856192892273284e-20,5.0,800,sintered
176216.21621621624,48.94894894894895,8.557413935503492e-15,4.856192892273284e-20,5.0,800,sintered
176576.5765765766,49.04904904904905,8.574913729709883e-15,4.856192892273284e-20,5.0,800,sintered
176936.93693693695,49.14914914914915,8.592413523916272e-15,4.856192892273284e-20,5.0,800,sintered
177297.2972972973,49.24924924924925,8.609913318122661e-15,4.856192892273284e-20,5.0,800,sintered
177657.65765765766,49.34934934934935,8.627413112329052e-15,4.856192892273284e-20,5.0,800,sintered
178018.01801801802,49.44944944944945,8.644912906535442e-15,4.856192892273284e-20,5.0,800,sintered
178378.3783783784,49.54954954954955,8.662412700741833e-15,4.856192892273284e-20,5.0,800,sintered
178738.73873873876,49.64964964964965,8.679912494948224e-15,4.856192892273284e-20,5.0,800,sintered
179099.0990990991,49.74974974974975,8.697412289154613e-15,4.856192892273284e-20,5.0,800,sintered
179459.45945945947,49.84984984984985,8.714912083361002e-15,4.856192892273284e-20,5.0,800,sintered
179819.81981981982,49.94994994994995,8.732411877567393e-15,4.856192892273284e-20,5.0,800,sintered
180180.1801801802,50.050050050050054,8.749911671773784e-15,4.856192892273284e-20,5.0,800,sintered
180540.54054054056,50.150150150150154,8.767411465980174e-15,4.856192892273284e-20,5.0,800,sintered
180900.90090090092,50.250250250250254,8.784911260186565e-15,4.856192892273284e-20,5.0,800,sintered
181261.26126126127,50.350350350350354,8.802411054392954e-15,4.856192892273284e-20,5.0,800,sintered
181621.62162162163,50.450450450450454,8.819910848599344e-15,4.856192892273284e-20,5.0,800,sintered
181981.98198198198,50.550550550550554,8.837410642805735e-15,4.856192892273284e-20,5.0,800,sintered
182342.34234234237,50.650650650650654,8.854910437012125e-15,4.856192892273284e-20,5.0,800,sintered
182702.70270270272,50.750750750750754,8.872410231218515e-15,4.856192892273284e-20,5.0,800,sintered
183063.06306306308,50.850850850850854,8.889910025424906e-15,4.856192892273284e-20,5.0,800,sintered
183423.42342342343,50.950950950950954,8.907409819631295e-15,4.856192892273284e-20,5.0,800,sintered
183783.7837837838,51.051051051051054,8.924909613837685e-15,4.856192892273284e-20,5.0,800,sintered
184144.14414414414,51.151151151151154,8.942409408044076e-15,4.856192892273284e-20,5.0,800,sintered
184504.50450450453,51.251251251251254,8.959909202250467e-15,4.856192892273284e-20,5.0,800,sintered
184864.86486486488,51.351351351351354,8.977408996456856e-15,4.856192892273284e-20,5.0,800,sintered
185225.22522522524,51.451451451451454,8.994908790663247e-15,4.856192892273284e-20,5.0,800,sintered
185585.5855855856,51.551551551551555,9.012408584869636e-15,4.856192892273284e-20,5.0,800,sintered
185945.94594594595,51.651651651651655,9.029908379076027e-15,4.856192892273284e-20,5.0,800,sintered
186306.30630630633,51.751751751751755,9.047408173282418e-15,4.856192892273284e-20,5.0,800,sintered
186666.6666666667,51.851851851851855,9.064907967488808e-15,4.856192892273284e-20,5.0,800,sintered
187027.02702702704,51.951951951951955,9.082407761695197e-15,4.856192892273284e-20,5.0,800,sintered
187387.3873873874,52.052052052052055,9.099907555901588e-15,4.856192892273284e-20,5.0,800,sintered
187747.74774774775,52.152152152152155,9.117407350107977e-15,4.856192892273284e-20,5.0,800,sintered
188108.1081081081,52.252252252252255,9.134907144314368e-15,4.856192892273284e-20,5.0,800,sintered
188468.4684684685,52.352352352352355,9.15240693852076e-15,4.856192892273284e-20,5.0,800,sintered
188828.82882882885,52.452452452452455,9.169906732727149e-15,4.856192892273284e-20,5.0,800,sintered
189189.1891891892,52.552552552552555,9.18740652693354e-15,4.856192892273284e-20,5.0,800,sintered
189549.54954954956,52.652652652652655,9.204906321139929e-15,4.856192892273284e-20,5.0,800,sintered
189909.9099099099,52.752752752752755,9.222406115346318e-15,4.856192892273284e-20,5.0,800,sintered
190270.27027027027,52.852852852852855,9.23990590955271e-15,4.856192892273284e-20,5.0,800,sintered
190630.63063063065,52.952952952952955,9.2574057037591e-15,4.856192892273284e-20,5.0,800,sintered
190990.990990991,53.053053053053056,9.27490549796549e-15,4.856192892273284e-20,5.0,800,sintered
191351.35135135136,53.153153153153156,9.29240529217188e-15,4.856192892273284e-20,5.0,800,sintered
191711.71171171172,53.253253253253256,9.30990508637827e-15,4.856192892273284e-20,5.0,800,sintered
192072.07207207207,53.353353353353356,9.32740488058466e-15,4.856192892273284e-20,5.0,800,sintered
192432.43243243246,53.453453453453456,9.344904674791052e-15,4.856192892273284e-20,5.0,800,sintered
192792.7927927928,53.553553553553556,9.362404468997441e-15,4.856192892273284e-20,5.0,800,sintered
193153.15315315317,53.653653653653656,9.379904263203831e-15,4.856192892273284e-20,5.0,800,sintered
193513.51351351352,53.753753753753756,9.397404057410222e-15,4.856192892273284e-20,5.0,800,sintered
193873.87387387388,53.853853853853856,9.414903851616611e-15,4.856192892273284e-20,5.0,800,sintered
194234.23423423423,53.953953953953956,9.432403645823e-15,4.856192892273284e-20,5.0,800,sintered
194594.59459459462,54.054054054054056,9.449903440029393e-15,4.856192892273284e-20,5.0,800,sintered
194954.95495495497,54.154154154154156,9.467403234235782e-15,4.856192892273284e-20,5.0,800,sintered
195315.31531531533,54.254254254254256,9.484903028442172e-15,4.856192892273284e-20,5.0,800,sintered
195675.67567567568,54.354354354354356,9.502402822648563e-15,4.856192892273284e-20,5.0,800,sintered
196036.03603603604,54.454454454454456,9.519902616854952e-15,4.856192892273284e-20,5.0,800,sintered
196396.3963963964,54.55455455455456,9.537402411061342e-15,4.856192892273284e-20,5.0,800,sintered
196756.75675675677,54.65465465465466,9.554902205267734e-15,4.856192892273284e-20,5.0,800,sintered
197117.11711711713,54.75475475475476,9.572401999474124e-15,4.856192892273284e-20,5.0,800,sintered
197477.47747747749,54.85485485485486,9.589901793680513e-15,4.856192892273284e-20,5.0,800,sintered
197837.83783783784,54.95495495495496,9.607401587886904e-15,4.856192892273284e-20,5.0,800,sintered
198198.1981981982,55.05505505505506,9.624901382093293e-15,4.856192892273284e-20,5.0,800,sintered
198558.55855855855,55.15515515515516,9.642401176299684e-15,4.856192892273284e-20,5.0,800,sintered
198918.91891891893,55.25525525525526,9.659900970506075e-15,4.856192892273284e-20,5.0,800,sintered
199279.2792792793,55.35535535535536,9.677400764712465e-15,4.856192892273284e-20,5.0,800,sintered
199639.63963963964,55.45545545545546,9.694900558918854e-15,4.856192892273284e-20,5.0,800,sintered
200000.0,55.55555555555556,9.712400353125245e-15,4.856192892273284e-20,5.0,800,sintered
200360.36036036036,55.65565565565566,9.729900147331634e-15,4.856192892273284e-20,5.0,800,sintered
200720.72072072074,55.75575575575576,9.747399941538025e-15,4.856192892273284e-20,5.0,800,sintered
201081.0810810811,55.85585585585586,9.764899735744416e-15,4.856192892273284e-20,5.0,800,sintered
201441.44144144145,55.95595595595596,9.782399529950806e-15,4.856192892273284e-20,5.0,800,sintered
201801.8018018018,56.05605605605606,9.799899324157197e-15,4.856192892273284e-20,5.0,800,sintered
202162.16216216216,56.15615615615616,9.817399118363586e-15,4.856192892273284e-20,5.0,800,sintered
202522.52252252251,56.25625625625626,9.834898912569975e-15,4.856192892273284e-20,5.0,800,sintered
202882.8828828829,56.35635635635636,9.852398706776368e-15,4.856192892273284e-20,5.0,800,sintered
203243.24324324325,56.45645645645646,9.869898500982757e-15,4.856192892273284e-20,5.0,800,sintered
203603.6036036036,56.55655655655656,9.887398295189147e-15,4.856192892273284e-20,5.0,800,sintered
203963.96396396396,56.65665665665666,9.904898089395538e-15,4.856192892273284e-20,5.0,800,sintered
204324.32432432432,56.75675675675676,9.922397883601927e-15,4.856192892273284e-20,5.0,800,sintered
204684.68468468467,56.85685685685686,9.939897677808317e-15,4.856192892273284e-20,5.0,800,sintered
205045.04504504506,56.95695695695696,9.957397472014709e-15,4.856192892273284e-20,5.0,800,sintered
205405.4054054054,57.05705705705706,9.974897266221098e-15,4.856192892273284e-20,5.0,800,sintered
205765.76576576577,57.15715715715716,9.992397060427488e-15,4.856192892273284e-20,5.0,800,sintered
206126.12612612612,57.25725725725726,1.0009896854633879e-14,4.856192892273284e-20,5.0,800,sintered
206486.48648648648,57.35735735735736,1.0027396648840268e-14,4.856192892273284e-20,5.0,800,sintered
206846.84684684686,57.45745745745746,1.0044896443046659e-14,4.856192892273284e-20,5.0,800,sintered
207207.20720720722,57.55755755755756,1.006239623725305e-14,4.856192892273284e-20,5.0,800,sintered
207567.56756756757,57.65765765765766,1.007989603145944e-14,4.856192892273284e-20,5.0,800,sintered
207927.92792792793,57.75775775775776,1.0097395825665829e-14,4.856192892273284e-20,5.0,800,sintered
208288.28828828828,57.85785785785786,1.011489561987222e-14,4.856192892273284e-20,5.0,800,sintered
208648.64864864864,57.95795795795796,1.013239541407861e-14,4.856192892273284e-20,5.0,800,sintered
209009.00900900902,58.05805805805806,1.0149895208285e-14,4.856192892273284e-20,5.0,800,sintered
209369.36936936938,58.15815815815816,1.0167395002491391e-14,4.856192892273284e-20,5.0,800,sintered
209729.72972972973,58.25825825825826,1.018489479669778e-14,4.856192892273284e-20,5.0,800,sintered
210090.0900900901,58.35835835835836,1.020239459090417e-14,4.856192892273284e-20,5.0,800,sintered
210450.45045045044,58.45845845845846,1.0219894385110561e-14,4.856192892273284e-20,5.0,800,sintered
210810.8108108108,58.55855855855856,1.023739417931695e-14,4.856192892273284e-20,5.0,800,sintered
211171.17117117118,58.65865865865866,1.0254893973523341e-14,4.856192892273284e-20,5.0,800,sintered
211531.53153153154,58.75875875875876,1.0272393767729732e-14,4.856192892273284e-20,5.0,800,sintered
211891.8918918919,58.85885885885886,1.0289893561936122e-14,4.856192892273284e-20,5.0,800,sintered
212252.25225225225,58.95895895895896,1.0307393356142511e-14,4.856192892273284e-20,5.0,800,sintered
212612.6126126126,59.05905905905906,1.0324893150348902e-14,4.856192892273284e-20,5.0,800,sintered
212972.972972973,59.15915915915916,1.0342392944555293e-14,4.856192892273284e-20,5.0,800,sintered
213333.33333333334,59.25925925925926,1.0359892738761682e-14,4.856192892273284e-20,5.0,800,sintered
213693.6936936937,59.35935935935936,1.0377392532968073e-14,4.856192892273284e-20,5.0,800,sintered
214054.05405405405,59.45945945945946,1.0394892327174463e-14,4.856192892273284e-20,5.0,800,sintered
214414.4144144144,59.55955955955956,1.0412392121380854e-14,4.856192892273284e-20,5.0,800,sintered
214774.77477477476,59.65965965965966,1.0429891915587243e-14,4.856192892273284e-20,5.0,800,sintered
215135.13513513515,59.75975975975976,1.0447391709793634e-14,4.856192892273284e-20,5.0,800,sintered
215495.49549549553,59.85985985985987,1.0464891504000025e-14,4.856192892273284e-20,5.0,800,sintered
215855.8558558559,59.95995995995997,1.0482391298206416e-14,4.856192892273284e-20,5.0,800,sintered
216216.21621621624,60.06006006006007,1.0499891092412805e-14,4.856192892273284e-20,5.0,800,sintered
216576.5765765766,60.16016016016017,1.0517390886619196e-14,4.856192892273284e-20,5.0,800,sintered
216936.93693693695,60.26026026026027,1.0534890680825586e-14,4.856192892273284e-20,5.0,800,sintered
217297.29729729734,60.36036036036037,1.0552390475031977e-14,4.856192892273284e-20,5.0,800,sintered
217657.6576576577,60.46046046046047,1.0569890269238366e-14,4.856192892273284e-20,5.0,800,sintered
218018.01801801805,60.56056056056057,1.0587390063444757e-14,4.856192892273284e-20,5.0,800,sintered
218378.3783783784,60.66066066066067,1.0604889857651146e-14,4.856192892273284e-20,5.0,800,sintered
218738.73873873876,60.76076076076077,1.0622389651857537e-14,4.856192892273284e-20,5.0,800,sintered
219099.0990990991,60.86086086086087,1.0639889446063927e-14,4.856192892273284e-20,5.0,800,sintered
219459.4594594595,60.96096096096097,1.0657389240270318e-14,4.856192892273284e-20,5.0,800,sintered
219819.81981981985,61.06106106106107,1.0674889034476709e-14,4.856192892273284e-20,5.0,800,sintered
220180.1801801802,61.16116116116117,1.0692388828683098e-14,4.856192892273284e-20,5.0,800,sintered
220540.54054054056,61.26126126126127,1.0709888622889487e-14,4.856192892273284e-20,5.0,800,sintered
220900.90090090092,61.36136136136137,1.0727388417095878e-14,4.856192892273284e-20,5.0,800,sintered
221261.26126126127,61.46146146146147,1.0744888211302268e-14,4.856192892273284e-20,5.0,800,sintered
221621.62162162166,61.56156156156157,1.0762388005508659e-14,4.856192892273284e-20,5.0,800,sintered
221981.981981982,61.66166166166167,1.077988779971505e-14,4.856192892273284e-20,5.0,800,sintered
222342.34234234237,61.76176176176177,1.0797387593921439e-14,4.856192892273284e-20,5.0,800,sintered
222702.70270270272,61.86186186186187,1.0814887388127829e-14,4.856192892273284e-20,5.0,800,sintered
223063.06306306308,61.96196196196197,1.083238718233422e-14,4.856192892273284e-20,5.0,800,sintered
223423.42342342343,62.06206206206207,1.0849886976540609e-14,4.856192892273284e-20,5.0,800,sintered
223783.78378378382,62.16216216216217,1.0867386770747e-14,4.856192892273284e-20,5.0,800,sintered
224144.14414414417,62.26226226226227,1.0884886564953391e-14,4.856192892273284e-20,5.0,800,sintered
224504.50450450453,62.36236236236237,1.090238635915978e-14,4.856192892273284e-20,5.0,800,sintered
224864.86486486488,62.46246246246247,1.091988615336617e-14,4.856192892273284e-20,5.0,800,sintered
225225.22522522524,62.56256256256257,1.093738594757256e-14,4.856192892273284e-20,5.0,800,sintered
225585.58558558562,62.66266266266267,1.0954885741778952e-14,4.856192892273284e-20,5.0,800,sintered
225945.94594594598,62.76276276276277,1.0972385535985341e-14,4.856192892273284e-20,5.0,800,sintered
226306.30630630633,62.86286286286287,1.0989885330191732e-14,4.856192892273284e-20,5.0,800,sintered
226666.6666666667,62.96296296296297,1.1007385124398121e-14,4.856192892273284e-20,5.0,800,sintered
227027.02702702704,63.06306306306307,1.102488491860451e-14,4.856192892273284e-20,5.0,800,sintered
227387.3873873874,63.16316316316317,1.1042384712810902e-14,4.856192892273284e-20,5.0,800,sintered
227747.74774774778,63.26326326326327,1.1059884507017293e-14,4.856192892273284e-20,5.0,800,sintered
228108.10810810814,63.36336336336337,1.1077384301223682e-14,4.856192892273284e-20,5.0,800,sintered
228468.4684684685,63.46346346346347,1.1094884095430073e-14,4.856192892273284e-20,5.0,800,sintered
228828.82882882885,63.56356356356357,1.1112383889636462e-14,4.856192892273284e-20,5.0,800,sintered
229189.1891891892,63.66366366366367,1.1129883683842853e-14,4.856192892273284e-20,5.0,800,sintered
229549.54954954956,63.76376376376377,1.1147383478049243e-14,4.856192892273284e-20,5.0,800,sintered
229909.90990990994,63.86386386386387,1.1164883272255634e-14,4.856192892273284e-20,5.0,800,sintered
230270.2702702703,63.96396396396397,1.1182383066462025e-14,4.856192892273284e-20,5.0,800,sintered
230630.63063063065,64.06406406406407,1.1199882860668414e-14,4.856192892273284e-20,5.0,800,sintered
230990.99099099098,64.16416416416416,1.1217382654874802e-14,4.856192892273284e-20,5.0,800,sintered
231351.35135135136,64.26426426426427,1.1234882449081194e-14,4.856192892273284e-20,5.0,800,sintered
231711.71171171172,64.36436436436436,1.1252382243287584e-14,4.856192892273284e-20,5.0,800,sintered
232072.0720720721,64.46446446446447,1.1269882037493975e-14,4.856192892273284e-20,5.0,800,sintered
232432.43243243243,64.56456456456456,1.1287381831700364e-14,4.856192892273284e-20,5.0,800,sintered
232792.7927927928,64.66466466466467,1.1304881625906755e-14,4.856192892273284e-20,5.0,800,sintered
233153.15315315314,64.76476476476476,1.1322381420113143e-14,4.856192892273284e-20,5.0,800,sintered
233513.51351351352,64.86486486486487,1.1339881214319535e-14,4.856192892273284e-20,5.0,800,sintered
233873.87387387388,64.96496496496496,1.1357381008525925e-14,4.856192892273284e-20,5.0,800,sintered
234234.23423423426,65.06506506506507,1.1374880802732316e-14,4.856192892273284e-20,5.0,800,sintered
234594.5945945946,65.16516516516516,1.1392380596938705e-14,4.856192892273284e-20,5.0,800,sintered
234954.95495495497,65.26526526526527,1.1409880391145096e-14,4.856192892273284e-20,5.0,800,sintered
235315.3153153153,65.36536536536536,1.1427380185351484e-14,4.856192892273284e-20,5.0,800,sintered
235675.67567567568,65.46546546546547,1.1444879979557877e-14,4.856192892273284e-20,5.0,800,sintered
236036.03603603604,65.56556556556556,1.1462379773764266e-14,4.856192892273284e-20,5.0,800,sintered
236396.39639639642,65.66566566566567,1.1479879567970657e-14,4.856192892273284e-20,5.0,800,sintered
236756.75675675675,65.76576576576576,1.1497379362177046e-14,4.856192892273284e-20,5.0,800,sintered
237117.11711711713,65.86586586586587,1.1514879156383437e-14,4.856192892273284e-20,5.0,800,sintered
237477.47747747746,65.96596596596596,1.1532378950589827e-14,4.856192892273284e-20,5.0,800,sintered
237837.83783783787,66.06606606606607,1.1549878744796219e-14,4.856192892273284e-20,5.0,800,sintered
238198.1981981982,66.16616616616616,1.1567378539002607e-14,4.856192892273284e-20,5.0,800,sintered
238558.55855855858,66.26626626626627,1.1584878333208998e-14,4.856192892273284e-20,5.0,800,sintered
238918.9189189189,66.36636636636636,1.1602378127415387e-14,4.856192892273284e-20,5.0,800,sintered
239279.2792792793,66.46646646646647,1.1619877921621778e-14,4.856192892273284e-20,5.0,800,sintered
239639.63963963964,66.56656656656656,1.1637377715828168e-14,4.856192892273284e-20,5.0,800,sintered
240000.00000000003,66.66666666666667,1.165487751003456e-14,4.856192892273284e-20,5.0,800,sintered
240360.36036036036,66.76676676676676,1.1672377304240948e-14,4.856192892273284e-20,5.0,800,sintered
240720.72072072074,66.86686686686687,1.1689877098447339e-14,4.856192892273284e-20,5.0,800,sintered
241081.08108108107,66.96696696696696,1.1707376892653728e-14,4.856192892273284e-20,5.0,800,sintered
241441.44144144145,67.06706706706707,1.172487668686012e-14,4.856192892273284e-20,5.0,800,sintered
241801.8018018018,67.16716716716716,1.174237648106651e-14,4.856192892273284e-20,5.0,800,sintered
242162.1621621622,67.26726726726727,1.1759876275272901e-14,4.856192892273284e-20,5.0,800,sintered
242522.52252252251,67.36736736736736,1.1777376069479289e-14,4.856192892273284e-20,5.0,800,sintered
242882.8828828829,67.46746746746747,1.1794875863685682e-14,4.856192892273284e-20,5.0,800,sintered
243243.24324324323,67.56756756756756,1.181237565789207e-14,4.856192892273284e-20,5.0,800,sintered
243603.6036036036,67.66766766766767,1.182987545209846e-14,4.856192892273284e-20,5.0,800,sintered
243963.96396396396,67.76776776776777,1.1847375246304851e-14,4.856192892273284e-20,5.0,800,sintered
244324.32432432435,67.86786786786787,1.1864875040511242e-14,4.856192892273284e-20,5.0,800,sintered
244684.68468468467,67.96796796796797,1.188237483471763e-14,4.856192892273284e-20,5.0,800,sintered
245045.04504504506,68.06806806806807,1.1899874628924023e-14,4.856192892273284e-20,5.0,800,sintered
245405.40540540538,68.16816816816817,1.191737442313041e-14,4.856192892273284e-20,5.0,800,sintered
245765.76576576577,68.26826826826827,1.1934874217336801e-14,4.856192892273284e-20,5.0,800,sintered
246126.12612612615,68.36836836836838,1.1952374011543194e-14,4.856192892273284e-20,5.0,800,sintered
246486.4864864865,68.46846846846847,1.1969873805749583e-14,4.856192892273284e-20,5.0,800,sintered
246846.8468468469,68.56856856856858,1.1987373599955974e-14,4.856192892273284e-20,5.0,800,sintered
247207.20720720722,68.66866866866867,1.2004873394162364e-14,4.856192892273284e-20,5.0,800,sintered
247567.5675675676,68.76876876876878,1.2022373188368755e-14,4.856192892273284e-20,5.0,800,sintered
247927.92792792793,68.86886886886887,1.2039872982575143e-14,4.856192892273284e-20,5.0,800,sintered
248288.28828828834,68.96896896896898,1.2057372776781537e-14,4.856192892273284e-20,5.0,800,sintered
248648.64864864867,69.06906906906907,1.2074872570987924e-14,4.856192892273284e-20,5.0,800,sintered
249009.00900900905,69.16916916916918,1.2092372365194315e-14,4.856192892273284e-20,5.0,800,sintered
249369.36936936938,69.26926926926927,1.2109872159400705e-14,4.856192892273284e-20,5.0,800,sintered
249729.72972972976,69.36936936936938,1.2127371953607096e-14,4.856192892273284e-20,5.0,800,sintered
250090.09009009012,69.46946946946947,1.2144871747813485e-14,4.856192892273284e-20,5.0,800,sintered
250450.4504504505,69.56956956956958,1.2162371542019878e-14,4.856192892273284e-20,5.0,800,sintered
250810.81081081083,69.66966966966967,1.2179871336226266e-14,4.856192892273284e-20,5.0,800,sintered
251171.1711711712,69.76976976976978,1.2197371130432657e-14,4.856192892273284e-20,5.0,800,sintered
251531.53153153154,69.86986986986987,1.2214870924639046e-14,4.856192892273284e-20,5.0,800,sintered
251891.89189189192,69.96996996996998,1.2232370718845437e-14,4.856192892273284e-20,5.0,800,sintered
252252.25225225228,70.07007007007007,1.2249870513051826e-14,4.856192892273284e-20,5.0,800,sintered
252612.61261261266,70.17017017017018,1.2267370307258219e-14,4.856192892273284e-20,5.0,800,sintered
252972.972972973,70.27027027027027,1.2284870101464607e-14,4.856192892273284e-20,5.0,800,sintered
253333.33333333337,70.37037037037038,1.2302369895670998e-14,4.856192892273284e-20,5.0,800,sintered
253693.6936936937,70.47047047047047,1.2319869689877387e-14,4.856192892273284e-20,5.0,800,sintered
254054.05405405408,70.57057057057058,1.2337369484083778e-14,4.856192892273284e-20,5.0,800,sintered
254414.41441441444,70.67067067067067,1.2354869278290167e-14,4.856192892273284e-20,5.0,800,sintered
254774.77477477482,70.77077077077078,1.237236907249656e-14,4.856192892273284e-20,5.0,800,sintered
255135.13513513515,70.87087087087087,1.2389868866702948e-14,4.856192892273284e-20,5.0,800,sintered
255495.49549549553,70.97097097097098,1.2407368660909339e-14,4.856192892273284e-20,5.0,800,sintered
255855.85585585586,71.07107107107107,1.2424868455115728e-14,4.856192892273284e-20,5.0,800,sintered
256216.21621621624,71.17117117117118,1.2442368249322119e-14,4.856192892273284e-20,5.0,800,sintered
256576.5765765766,71.27127127127127,1.2459868043528508e-14,4.856192892273284e-20,5.0,800,sintered
256936.93693693698,71.37137137137138,1.2477367837734901e-14,4.856192892273284e-20,5.0,800,sintered
257297.2972972973,71.47147147147147,1.2494867631941289e-14,4.856192892273284e-20,5.0,800,sintered
257657.6576576577,71.57157157157158,1.251236742614768e-14,4.856192892273284e-20,5.0,800,sintered
258018.01801801802,71.67167167167167,1.2529867220354069e-14,4.856192892273284e-20,5.0,800,sintered
258378.3783783784,71.77177177177178,1.254736701456046e-14,4.856192892273284e-20,5.0,800,sintered
258738.73873873876,71.87187187187187,1.2564866808766851e-14,4.856192892273284e-20,5.0,800,sintered
259099.09909909914,71.97197197197198,1.2582366602973242e-14,4.856192892273284e-20,5.0,800,sintered
259459.45945945947,72.07207207207207,1.259986639717963e-14,4.856192892273284e-20,5.0,800,sintered
259819.81981981985,72.17217217217218,1.2617366191386022e-14,4.856192892273284e-20,5.0,800,sintered
260180.18018018018,72.27227227227228,1.263486598559241e-14,4.856192892273284e-20,5.0,800,sintered
260540.54054054056,72.37237237237238,1.2652365779798801e-14,4.856192892273284e-20,5.0,800,sintered
260900.90090090092,72.47247247247248,1.2669865574005192e-14,4.856192892273284e-20,5.0,800,sintered
261261.2612612613,72.57257257257258,1.2687365368211583e-14,4.856192892273284e-20,5.0,800,sintered
261621.62162162163,72.67267267267268,1.2704865162417971e-14,4.856192892273284e-20,5.0,800,sintered
261981.981981982,72.77277277277278,1.2722364956624363e-14,4.856192892273284e-20,5.0,800,sintered
262342.34234234237,72.87287287287288,1.2739864750830753e-14,4.856192892273284e-20,5.0,800,sintered
262702.7027027027,72.97297297297298,1.2757364545037142e-14,4.856192892273284e-20,5.0,800,sintered
263063.0630630631,73.07307307307308,1.2774864339243533e-14,4.856192892273284e-20,5.0,800,sintered
263423.42342342343,73.17317317317318,1.2792364133449923e-14,4.856192892273284e-20,5.0,800,sintered
263783.7837837838,73.27327327327328,1.2809863927656312e-14,4.856192892273284e-20,5.0,800,sintered
264144.1441441442,73.37337337337338,1.2827363721862706e-14,4.856192892273284e-20,5.0,800,sintered
264504.5045045045,73.47347347347348,1.2844863516069092e-14,4.856192892273284e-20,5.0,800,sintered
264864.8648648649,73.57357357357358,1.2862363310275485e-14,4.856192892273284e-20,5.0,800,sintered
265225.2252252252,73.67367367367368,1.2879863104481873e-14,4.856192892273284e-20,5.0,800,sintered
265585.5855855856,73.77377377377378,1.2897362898688265e-14,4.856192892273284e-20,5.0,800,sintered
265945.945945946,73.87387387387388,1.2914862692894655e-14,4.856192892273284e-20,5.0,800,sintered
266306.30630630633,73.97397397397398,1.2932362487101046e-14,4.856192892273284e-20,5.0,800,sintered
266666.6666666667,74.07407407407408,1.2949862281307435e-14,4.856192892273284e-20,5.0,800,sintered
267027.02702702704,74.17417417417418,1.2967362075513824e-14,4.856192892273284e-20,5.0,800,sintered
267387.3873873874,74.27427427427428,1.2984861869720215e-14,4.856192892273284e-20,5.0,800,sintered
267747.7477477478,74.37437437437438,1.3002361663926608e-14,4.856192892273284e-20,5.0,800,sintered
268108.1081081081,74.47447447447448,1.3019861458132996e-14,4.856192892273284e-20,5.0,800,sintered
268468.4684684685,74.57457457457458,1.3037361252339388e-14,4.856192892273284e-20,5.0,800,sintered
268828.8288288288,74.67467467467468,1.3054861046545774e-14,4.856192892273284e-20,5.0,800,sintered
269189.18918918923,74.77477477477478,1.3072360840752167e-14,4.856192892273284e-20,5.0,800,sintered
269549.5495495496,74.87487487487488,1.3089860634958558e-14,4.856192892273284e-20,5.0,800,sintered
269909.90990990994,74.97497497497498,1.3107360429164947e-14,4.856192892273284e-20,5.0,800,sintered
270270.2702702703,75.07507507507508,1.3124860223371337e-14,4.856192892273284e-20,5.0,800,sintered
270630.63063063065,75.17517517517518,1.3142360017577728e-14,4.856192892273284e-20,5.0,800,sintered
270990.990990991,75.27527527527528,1.3159859811784117e-14,4.856192892273284e-20,5.0,800,sintered
271351.35135135136,75.37537537537538,1.3177359605990508e-14,4.856192892273284e-20,5.0,800,sintered
271711.7117117117,75.47547547547548,1.3194859400196897e-14,4.856192892273284e-20,5.0,800,sintered
272072.07207207213,75.57557557557558,1.321235919440329e-14,4.856192892273284e-20,5.0,800,sintered
272432.4324324324,75.67567567567568,1.3229858988609678e-14,4.856192892273284e-20,5.0,800,sintered
272792.79279279284,75.77577577577578,1.324735878281607e-14,4.856192892273284e-20,5.0,800,sintered
273153.15315315314,75.87587587587588,1.3264858577022457e-14,4.856192892273284e-20,5.0,800,sintered
273513.51351351355,75.97597597597598,1.328235837122885e-14,4.856192892273284e-20,5.0,800,sintered
273873.8738738739,76.07607607607608,1.329985816543524e-14,4.856192892273284e-20,5.0,800,sintered
274234.23423423426,76.17617617617618,1.331735795964163e-14,4.856192892273284e-20,5.0,800,sintered
274594.5945945946,76.27627627627628,1.333485775384802e-14,4.856192892273284e-20,5.0,800,sintered
274954.95495495497,76.37637637637638,1.335235754805441e-14,4.856192892273284e-20,5.0,800,sintered
275315.3153153153,76.47647647647648,1.3369857342260799e-14,4.856192892273284e-20,5.0,800,sintered
275675.6756756757,76.57657657657658,1.338735713646719e-14,4.856192892273284e-20,5.0,800,sintered
276036.03603603604,76.67667667667668,1.340485693067358e-14,4.856192892273284e-20,5.0,800,sintered
276396.39639639645,76.77677677677679,1.3422356724879972e-14,4.856192892273284e-20,5.0,800,sintered
276756.75675675675,76.87687687687688,1.343985651908636e-14,4.856192892273284e-20,5.0,800,sintered
277117.11711711716,76.97697697697699,1.3457356313292752e-14,4.856192892273284e-20,5.0,800,sintered
277477.47747747746,77.07707707707708,1.3474856107499139e-14,4.856192892273284e-20,5.0,800,sintered
277837.83783783787,77.17717717717719,1.3492355901705533e-14,4.856192892273284e-20,5.0,800,sintered
278198.1981981982,77.27727727727728,1.3509855695911922e-14,4.856192892273284e-20,5.0,800,sintered
278558.5585585586,77.37737737737739,1.3527355490118312e-14,4.856192892273284e-20,5.0,800,sintered
278918.91891891893,77.47747747747748,1.3544855284324703e-14,4.856192892273284e-20,5.0,800,sintered
279279.2792792793,77.57757757757759,1.3562355078531092e-14,4.856192892273284e-20,5.0,800,sintered
279639.63963963964,77.67767767767768,1.3579854872737481e-14,4.856192892273284e-20,5.0,800,sintered
280000.0,77.77777777777779,1.3597354666943872e-14,4.856192892273284e-20,5.0,800,sintered
280360.36036036036,77.87787787787788,1.3614854461150262e-14,4.856192892273284e-20,5.0,800,sintered
280720.72072072077,77.97797797797799,1.3632354255356654e-14,4.856192892273284e-20,5.0,800,sintered
281081.08108108107,78.07807807807808,1.3649854049563042e-14,4.856192892273284e-20,5.0,800,sintered
281441.4414414415,78.17817817817819,1.3667353843769435e-14,4.856192892273284e-20,5.0,800,sintered
281801.8018018018,78.27827827827828,1.3684853637975822e-14,4.856192892273284e-20,5.0,800,sintered
282162.1621621622,78.37837837837839,1.3702353432182215e-14,4.856192892273284e-20,5.0,800,sintered
282522.52252252254,78.47847847847848,1.3719853226388604e-14,4.856192892273284e-20,5.0,800,sintered
282882.8828828829,78.57857857857859,1.3737353020594994e-14,4.856192892273284e-20,5.0,800,sintered
283243.24324324325,78.67867867867868,1.3754852814801385e-14,4.856192892273284e-20,5.0,800,sintered
283603.6036036036,78.77877877877879,1.3772352609007774e-14,4.856192892273284e-20,5.0,800,sintered
283963.96396396396,78.87887887887888,1.3789852403214165e-14,4.856192892273284e-20,5.0,800,sintered
284324.3243243244,78.97897897897899,1.3807352197420558e-14,4.856192892273284e-20,5.0,800,sintered
284684.6846846847,79.07907907907908,1.3824851991626944e-14,4.856192892273284e-20,5.0,800,sintered
285045.0450450451,79.17917917917919,1.3842351785833336e-14,4.856192892273284e-20,5.0,800,sintered
285405.4054054054,79.27927927927928,1.3859851580039724e-14,4.856192892273284e-20,5.0,800,sintered
285765.7657657658,79.37937937937939,1.3877351374246117e-14,4.856192892273284e-20,5.0,800,sintered
286126.12612612615,79.47947947947948,1.3894851168452508e-14,4.856192892273284e-20,5.0,800,sintered
286486.4864864865,79.57957957957959,1.3912350962658897e-14,4.856192892273284e-20,5.0,800,sintered
286846.84684684686,79.67967967967968,1.3929850756865286e-14,4.856192892273284e-20,5.0,800,sintered
287207.2072072072,79.77977977977979,1.3947350551071677e-14,4.856192892273284e-20,5.0,800,sintered
287567.5675675676,79.87987987987988,1.3964850345278067e-14,4.856192892273284e-20,5.0,800,sintered
287927.9279279279,79.97997997997999,1.3982350139484456e-14,4.856192892273284e-20,5.0,800,sintered
288288.2882882883,80.08008008008008,1.3999849933690847e-14,4.856192892273284e-20,5.0,800,sintered
288648.6486486487,80.18018018018019,1.401734972789724e-14,4.856192892273284e-20,5.0,800,sintered
289009.009009009,80.28028028028028,1.4034849522103626e-14,4.856192892273284e-20,5.0,800,sintered
289369.3693693694,80.38038038038039,1.405234931631002e-14,4.856192892273284e-20,5.0,800,sintered
289729.7297297297,80.48048048048048,1.4069849110516406e-14,4.856192892273284e-20,5.0,800,sintered
290090.0900900901,80.58058058058059,1.4087348904722799e-14,4.856192892273284e-20,5.0,800,sintered
290450.4504504505,80.68068068068068,1.410484869892919e-14,4.856192892273284e-20,5.0,800,sintered
290810.8108108108,80.78078078078079,1.4122348493135579e-14,4.856192892273284e-20,5.0,800,sintered
291171.1711711712,80.88088088088088,1.4139848287341969e-14,4.856192892273284e-20,5.0,800,sintered
291531.53153153154,80.98098098098099,1.415734808154836e-14,4.856192892273284e-20,5.0,800,sintered
291891.8918918919,81.08108108108108,1.4174847875754749e-14,4.856192892273284e-20,5.0,800,sintered
292252.25225225225,81.18118118118119,1.4192347669961138e-14,4.856192892273284e-20,5.0,800,sintered
292612.6126126126,81.28128128128128,1.420984746416753e-14,4.856192892273284e-20,5.0,800,sintered
292972.972972973,81.38138138138139,1.4227347258373922e-14,4.856192892273284e-20,5.0,800,sintered
293333.3333333333,81.48148148148148,1.4244847052580308e-14,4.856192892273284e-20,5.0,800,sintered
293693.6936936937,81.58158158158159,1.42623468467867e-14,4.856192892273284e-20,5.0,800,sintered
294054.054054054,81.68168168168168,1.427984664099309e-14,4.856192892273284e-20,5.0,800,sintered
294414.41441441444,81.78178178178179,1.4297346435199483e-14,4.856192892273284e-20,5.0,800,sintered
294774.7747747748,81.88188188188188,1.4314846229405872e-14,4.856192892273284e-20,5.0,800,sintered
295135.13513513515,81.98198198198199,1.433234602361226e-14,4.856192892273284e-20,5.0,800,sintered
295495.4954954955,82.08208208208208,1.434984581781865e-14,4.856192892273284e-20,5.0,800,sintered
295855.85585585586,82.18218218218219,1.436734561202504e-14,4.856192892273284e-20,5.0,800,sintered
296216.2162162162,82.28228228228228,1.4384845406231433e-14,4.856192892273284e-20,5.0,800,sintered
296576.5765765766,82.38238238238239,1.4402345200437825e-14,4.856192892273284e-20,5.0,800,sintered
296936.9369369369,82.48248248248248,1.441984499464421e-14,4.856192892273284e-20,5.0,800,sintered
297297.29729729734,82.58258258258259,1.4437344788850604e-14,4.856192892273284e-20,5.0,800,sintered
297657.65765765763,82.68268268268268,1.445484458305699e-14,4.856192892273284e-20,5.0,800,sintered
298018.01801801805,82.78278278278279,1.4472344377263383e-14,4.856192892273284e-20,5.0,800,sintered
298378.3783783784,82.88288288288288,1.4489844171469775e-14,4.856192892273284e-20,5.0,800,sintered
298738.73873873876,82.98298298298299,1.4507343965676165e-14,4.856192892273284e-20,5.0,800,sintered
299099.0990990991,83.08308308308308,1.4524843759882554e-14,4.856192892273284e-20,5.0,800,sintered
299459.45945945947,83.18318318318319,1.4542343554088943e-14,4.856192892273284e-20,5.0,800,sintered
299819.8198198198,83.28328328328328,1.4559843348295333e-14,4.856192892273284e-20,5.0,800,sintered
300180.1801801802,83.38338338338339,1.4577343142501722e-14,4.856192892273284e-20,5.0,800,sintered
300540.54054054053,83.48348348348348,1.4594842936708115e-14,4.856192892273284e-20,5.0,800,sintered
300900.90090090095,83.58358358358359,1.4612342730914507e-14,4.856192892273284e-20,5.0,800,sintered
301261.26126126124,83.68368368368368,1.4629842525120894e-14,4.856192892273284e-20,5.0,800,sintered
301621.62162162166,83.78378378378379,1.4647342319327286e-14,4.856192892273284e-20,5.0,800,sintered
301981.98198198195,83.88388388388388,1.4664842113533672e-14,4.856192892273284e-20,5.0,800,sintered
302342.34234234237,83.98398398398399,1.4682341907740065e-14,4.856192892273284e-20,5.0,800,sintered
302702.7027027027,84.08408408408408,1.4699841701946457e-14,4.856192892273284e-20,5.0,800,sintered
303063.0630630631,84.18418418418419,1.4717341496152847e-14,4.856192892273284e-20,5.0,800,sintered
303423.42342342343,84.28428428428428,1.4734841290359236e-14,4.856192892273284e-20,5.0,800,sintered
303783.7837837838,84.38438438438439,1.4752341084565626e-14,4.856192892273284e-20,5.0,800,sintered
304144.14414414414,84.48448448448448,1.4769840878772015e-14,4.856192892273284e-20,5.0,800,sintered
304504.5045045045,84.58458458458459,1.4787340672978408e-14,4.856192892273284e-20,5.0,800,sintered
304864.86486486485,84.68468468468468,1.4804840467184797e-14,4.856192892273284e-20,5.0,800,sintered
305225.22522522527,84.78478478478479,1.482234026139119e-14,4.856192892273284e-20,5.0,800,sintered
305585.58558558556,84.88488488488488,1.4839840055597576e-14,4.856192892273284e-20,5.0,800,sintered
305945.945945946,84.98498498498499,1.4857339849803968e-14,4.856192892273284e-20,5.0,800,sintered
306306.3063063063,85.08508508508508,1.4874839644010354e-14,4.856192892273284e-20,5.0,800,sintered
306666.6666666667,85.18518518518519,1.489233943821675e-14,4.856192892273284e-20,5.0,800,sintered
307027.02702702704,85.28528528528528,1.490983923242314e-14,4.856192892273284e-20,5.0,800,sintered
307387.3873873874,85.38538538538539,1.492733902662953e-14,4.856192892273284e-20,5.0,800,sintered
307747.7477477478,85.4854854854855,1.494483882083592e-14,4.856192892273284e-20,5.0,800,sintered
308108.1081081081,85.58558558558559,1.4962338615042308e-14,4.856192892273284e-20,5.0,800,sintered
308468.4684684685,85.6856856856857,1.49798384092487e-14,4.856192892273284e-20,5.0,800,sintered
308828.8288288289,85.78578578578579,1.499733820345509e-14,4.856192892273284e-20,5.0,800,sintered
309189.18918918923,85.8858858858859,1.5014837997661482e-14,4.856192892273284e-20,5.0,800,sintered
309549.5495495496,85.98598598598599,1.5032337791867872e-14,4.856192892273284e-20,5.0,800,sintered
309909.90990990994,86.0860860860861,1.504983758607426e-14,4.856192892273284e-20,5.0,800,sintered
310270.2702702703,86.18618618618619,1.506733738028065e-14,4.856192892273284e-20,5.0,800,sintered
310630.63063063065,86.2862862862863,1.508483717448704e-14,4.856192892273284e-20,5.0,800,sintered
310990.990990991,86.38638638638639,1.5102336968693432e-14,4.856192892273284e-20,5.0,800,sintered
311351.3513513514,86.4864864864865,1.5119836762899825e-14,4.856192892273284e-20,5.0,800,sintered
311711.7117117117,86.58658658658659,1.513733655710621e-14,4.856192892273284e-20,5.0,800,sintered
312072.07207207213,86.6866866866867,1.5154836351312604e-14,4.856192892273284e-20,5.0,800,sintered
312432.4324324324,86.78678678678679,1.517233614551899e-14,4.856192892273284e-20,5.0,800,sintered
312792.79279279284,86.8868868868869,1.5189835939725382e-14,4.856192892273284e-20,5.0,800,sintered
313153.1531531532,86.98698698698699,1.5207335733931775e-14,4.856192892273284e-20,5.0,800,sintered
313513.51351351355,87.0870870870871,1.5224835528138164e-14,4.856192892273284e-20,5.0,800,sintered
313873.8738738739,87.18718718718719,1.5242335322344554e-14,4.856192892273284e-20,5.0,800,sintered
314234.23423423426,87.2872872872873,1.5259835116550943e-14,4.856192892273284e-20,5.0,800,sintered
314594.5945945946,87.38738738738739,1.5277334910757332e-14,4.856192892273284e-20,5.0,800,sintered
314954.95495495497,87.4874874874875,1.5294834704963722e-14,4.856192892273284e-20,5.0,800,sintered
315315.3153153153,87.58758758758759,1.5312334499170114e-14,4.856192892273284e-20,5.0,800,sintered
315675.67567567574,87.6876876876877,1.5329834293376507e-14,4.856192892273284e-20,5.0,800,sintered
316036.03603603604,87.78778778778779,1.5347334087582893e-14,4.856192892273284e-20,5.0,800,sintered
316396.39639639645,87.8878878878879,1.5364833881789286e-14,4.856192892273284e-20,5.0,800,sintered
316756.75675675675,87.98798798798799,1.5382333675995672e-14,4.856192892273284e-20,5.0,800,sintered
317117.11711711716,88.0880880880881,1.5399833470202065e-14,4.856192892273284e-20,5.0,800,sintered
317477.4774774775,88.18818818818819,1.5417333264408457e-14,4.856192892273284e-20,5.0,800,sintered
317837.83783783787,88.2882882882883,1.5434833058614846e-14,4.856192892273284e-20,5.0,800,sintered
318198.1981981982,88.38838838838839,1.5452332852821236e-14,4.856192892273284e-20,5.0,800,sintered
318558.5585585586,88.4884884884885,1.5469832647027625e-14,4.856192892273284e-20,5.0,800,sintered
318918.91891891893,88.58858858858859,1.5487332441234015e-14,4.856192892273284e-20,5.0,800,sintered
319279.27927927935,88.6886886886887,1.5504832235440407e-14,4.856192892273284e-20,5.0,800,sintered
319639.63963963964,88.78878878878879,1.5522332029646797e-14,4.856192892273284e-20,5.0,800,sintered
320000.00000000006,88.8888888888889,1.553983182385319e-14,4.856192892273284e-20,5.0,800,sintered
320360.36036036036,88.988988988989,1.5557331618059575e-14,4.856192892273284e-20,5.0,800,sintered
320720.72072072077,89.0890890890891,1.5574831412265968e-14,4.856192892273284e-20,5.0,800,sintered
321081.0810810811,89.1891891891892,1.5592331206472357e-14,4.856192892273284e-20,5.0,800,sintered
321441.4414414415,89.2892892892893,1.560983100067875e-14,4.856192892273284e-20,5.0,800,sintered
321801.80180180183,89.3893893893894,1.562733079488514e-14,4.856192892273284e-20,5.0,800,sintered
322162.1621621622,89.4894894894895,1.564483058909153e-14,4.856192892273284e-20,5.0,800,sintered
322522.52252252254,89.5895895895896,1.5662330383297918e-14,4.856192892273284e-20,5.0,800,sintered
322882.8828828829,89.6896896896897,1.5679830177504307e-14,4.856192892273284e-20,5.0,800,sintered
323243.24324324325,89.7897897897898,1.5697329971710697e-14,4.856192892273284e-20,5.0,800,sintered
323603.60360360367,89.8898898898899,1.571482976591709e-14,4.856192892273284e-20,5.0,800,sintered
323963.96396396396,89.98998998999,1.573232956012348e-14,4.856192892273284e-20,5.0,800,sintered
324324.3243243244,90.0900900900901,1.574982935432987e-14,4.856192892273284e-20,5.0,800,sintered
324684.6846846847,90.1901901901902,1.5767329148536257e-14,4.856192892273284e-20,5.0,800,sintered
325045.0450450451,90.2902902902903,1.578482894274265e-14,4.856192892273284e-20,5.0,800,sintered
325405.40540540544,90.3903903903904,1.580232873694904e-14,4.856192892273284e-20,5.0,800,sintered
325765.7657657658,90.4904904904905,1.5819828531155432e-14,4.856192892273284e-20,5.0,800,sintered
326126.12612612615,90.5905905905906,1.583732832536182e-14,4.856192892273284e-20,5.0,800,sintered
326486.4864864865,90.6906906906907,1.585482811956821e-14,4.856192892273284e-20,5.0,800,sintered
326846.84684684686,90.7907907907908,1.58723279137746e-14,4.856192892273284e-20,5.0,800,sintered
327207.2072072072,90.8908908908909,1.588982770798099e-14,4.856192892273284e-20,5.0,800,sintered
327567.5675675676,90.990990990991,1.590732750218738e-14,4.856192892273284e-20,5.0,800,sintered
327927.927927928,91.0910910910911,1.5924827296393775e-14,4.856192892273284e-20,5.0,800,sintered
328288.2882882883,91.1911911911912,1.594232709060016e-14,4.856192892273284e-20,5.0,800,sintered
328648.6486486487,91.2912912912913,1.5959826884806553e-14,4.856192892273284e-20,5.0,800,sintered
329009.009009009,91.3913913913914,1.597732667901294e-14,4.856192892273284e-20,5.0,800,sintered
329369.3693693694,91.4914914914915,1.5994826473219332e-14,4.856192892273284e-20,5.0,800,sintered
329729.72972972976,91.5915915915916,1.601232626742572e-14,4.856192892273284e-20,5.0,800,sintered
330090.0900900901,91.6916916916917,1.6029826061632114e-14,4.856192892273284e-20,5.0,800,sintered
330450.4504504505,91.7917917917918,1.6047325855838503e-14,4.856192892273284e-20,5.0,800,sintered
330810.8108108108,91.8918918918919,1.6064825650044893e-14,4.856192892273284e-20,5.0,800,sintered
331171.1711711712,91.991991991992,1.6082325444251282e-14,4.856192892273284e-20,5.0,800,sintered
331531.53153153154,92.0920920920921,1.6099825238457672e-14,4.856192892273284e-20,5.0,800,sintered
331891.8918918919,92.1921921921922,1.6117325032664064e-14,4.856192892273284e-20,5.0,800,sintered
332252.2522522523,92.2922922922923,1.6134824826870457e-14,4.856192892273284e-20,5.0,800,sintered
332612.6126126126,92.3923923923924,1.6152324621076843e-14,4.856192892273284e-20,5.0,800,sintered
332972.972972973,92.4924924924925,1.6169824415283235e-14,4.856192892273284e-20,5.0,800,sintered
333333.3333333333,92.5925925925926,1.6187324209489622e-14,4.856192892273284e-20,5.0,800,sintered
333693.6936936937,92.6926926926927,1.6204824003696014e-14,4.856192892273284e-20,5.0,800,sintered
334054.0540540541,92.7927927927928,1.6222323797902407e-14,4.856192892273284e-20,5.0,800,sintered
334414.41441441444,92.8928928928929,1.6239823592108796e-14,4.856192892273284e-20,5.0,800,sintered
334774.7747747748,92.992992992993,1.6257323386315186e-14,4.856192892273284e-20,5.0,800,sintered
335135.13513513515,93.0930930930931,1.6274823180521575e-14,4.856192892273284e-20,5.0,800,sintered
335495.4954954955,93.1931931931932,1.6292322974727964e-14,4.856192892273284e-20,5.0,800,sintered
335855.8558558559,93.2932932932933,1.6309822768934357e-14,4.856192892273284e-20,5.0,800,sintered
336216.2162162162,93.3933933933934,1.6327322563140746e-14,4.856192892273284e-20,5.0,800,sintered
336576.5765765766,93.4934934934935,1.634482235734714e-14,4.856192892273284e-20,5.0,800,sintered
336936.9369369369,93.5935935935936,1.6362322151553525e-14,4.856192892273284e-20,5.0,800,sintered
337297.29729729734,93.6936936936937,1.6379821945759918e-14,4.856192892273284e-20,5.0,800,sintered
337657.6576576577,93.7937937937938,1.6397321739966307e-14,4.856192892273284e-20,5.0,800,sintered
338018.01801801805,93.8938938938939,1.6414821534172696e-14,4.856192892273284e-20,5.0,800,sintered
338378.3783783784,93.993993993994,1.643232132837909e-14,4.856192892273284e-20,5.0,800,sintered
338738.73873873876,94.0940940940941,1.6449821122585478e-14,4.856192892273284e-20,5.0,800,sintered
339099.0990990991,94.1941941941942,1.6467320916791868e-14,4.856192892273284e-20,5.0,800,sintered
339459.45945945947,94.2942942942943,1.6484820710998257e-14,4.856192892273284e-20,5.0,800,sintered
339819.8198198198,94.3943943943944,1.6502320505204647e-14,4.856192892273284e-20,5.0,800,sintered
340180.18018018024,94.4944944944945,1.651982029941104e-14,4.856192892273284e-20,5.0,800,sintered
340540.54054054053,94.5945945945946,1.653732009361743e-14,4.856192892273284e-20,5.0,800,sintered
340900.90090090095,94.6946946946947,1.655481988782382e-14,4.856192892273284e-20,5.0,800,sintered
341261.26126126124,94.7947947947948,1.6572319682030207e-14,4.856192892273284e-20,5.0,800,sintered
341621.62162162166,94.8948948948949,1.65898194762366e-14,4.856192892273284e-20,5.0,800,sintered
341981.981981982,94.994994994995,1.660731927044299e-14,4.856192892273284e-20,5.0,800,sintered
342342.34234234237,95.0950950950951,1.662481906464938e-14,4.856192892273284e-20,5.0,800,sintered
342702.7027027027,95.1951951951952,1.664231885885577e-14,4.856192892273284e-20,5.0,800,sintered
343063.0630630631,95.2952952952953,1.665981865306216e-14,4.856192892273284e-20,5.0,800,sintered
343423.42342342343,95.3953953953954,1.667731844726855e-14,4.856192892273284e-20,5.0,800,sintered
343783.7837837838,95.4954954954955,1.669481824147494e-14,4.856192892273284e-20,5.0,800,sintered
344144.14414414414,95.5955955955956,1.671231803568133e-14,4.856192892273284e-20,5.0,800,sintered
344504.50450450456,95.6956956956957,1.672981782988772e-14,4.856192892273284e-20,5.0,800,sintered
344864.86486486485,95.7957957957958,1.674731762409411e-14,4.856192892273284e-20,5.0,800,sintered
345225.22522522527,95.8958958958959,1.6764817418300503e-14,4.856192892273284e-20,5.0,800,sintered
345585.58558558556,95.995995995996,1.678231721250689e-14,4.856192892273284e-20,5.0,800,sintered
345945.945945946,96.0960960960961,1.6799817006713282e-14,4.856192892273284e-20,5.0,800,sintered
346306.30630630633,96.1961961961962,1.681731680091967e-14,4.856192892273284e-20,5.0,800,sintered
346666.6666666667,96.2962962962963,1.6834816595126064e-14,4.856192892273284e-20,5.0,800,sintered
347027.02702702704,96.3963963963964,1.6852316389332453e-14,4.856192892273284e-20,5.0,800,sintered
347387.3873873874,96.4964964964965,1.6869816183538843e-14,4.856192892273284e-20,5.0,800,sintered
347747.74774774775,96.5965965965966,1.6887315977745232e-14,4.856192892273284e-20,5.0,800,sintered
348108.10810810816,96.6966966966967,1.6904815771951625e-14,4.856192892273284e-20,5.0,800,sintered
348468.46846846846,96.7967967967968,1.692231556615801e-14,4.856192892273284e-20,5.0,800,sintered
348828.8288288289,96.8968968968969,1.6939815360364403e-14,4.856192892273284e-20,5.0,800,sintered
349189.1891891892,96.996996996997,1.6957315154570793e-14,4.856192892273284e-20,5.0,800,sintered
349549.5495495496,97.0970970970971,1.6974814948777185e-14,4.856192892273284e-20,5.0,800,sintered
349909.90990990994,97.1971971971972,1.6992314742983575e-14,4.856192892273284e-20,5.0,800,sintered
350270.2702702703,97.2972972972973,1.7009814537189964e-14,4.856192892273284e-20,5.0,800,sintered
350630.63063063065,97.3973973973974,1.7027314331396353e-14,4.856192892273284e-20,5.0,800,sintered
350990.990990991,97.4974974974975,1.7044814125602746e-14,4.856192892273284e-20,5.0,800,sintered
351351.35135135136,97.5975975975976,1.7062313919809135e-14,4.856192892273284e-20,5.0,800,sintered
351711.7117117117,97.6976976976977,1.7079813714015525e-14,4.856192892273284e-20,5.0,800,sintered
352072.0720720721,97.7977977977978,1.7097313508221914e-14,4.856192892273284e-20,5.0,800,sintered
352432.4324324325,97.8978978978979,1.7114813302428307e-14,4.856192892273284e-20,5.0,800,sintered
352792.7927927928,97.997997997998,1.7132313096634693e-14,4.856192892273284e-20,5.0,800,sintered
353153.1531531532,98.0980980980981,1.714981289084109e-14,4.856192892273284e-20,5.0,800,sintered
353513.5135135135,98.1981981981982,1.7167312685047475e-14,4.856192892273284e-20,5.0,800,sintered
353873.8738738739,98.2982982982983,1.7184812479253867e-14,4.856192892273284e-20,5.0,800,sintered
354234.23423423426,98.3983983983984,1.7202312273460257e-14,4.856192892273284e-20,5.0,800,sintered
354594.5945945946,98.4984984984985,1.7219812067666646e-14,4.856192892273284e-20,5.0,800,sintered
354954.95495495497,98.5985985985986,1.7237311861873036e-14,4.856192892273284e-20,5.0,800,sintered
355315.3153153153,98.6986986986987,1.7254811656079428e-14,4.856192892273284e-20,5.0,800,sintered
355675.6756756757,98.7987987987988,1.7272311450285817e-14,4.856192892273284e-20,5.0,800,sintered
356036.03603603604,98.8988988988989,1.7289811244492207e-14,4.856192892273284e-20,5.0,800,sintered
356396.3963963964,98.998998998999,1.7307311038698596e-14,4.856192892273284e-20,5.0,800,sintered
356756.7567567568,99.0990990990991,1.732481083290499e-14,4.856192892273284e-20,5.0,800,sintered
357117.1171171171,99.1991991991992,1.7342310627111378e-14,4.856192892273284e-20,5.0,800,sintered
357477.4774774775,99.2992992992993,1.735981042131777e-14,4.856192892273284e-20,5.0,800,sintered
357837.8378378378,99.3993993993994,1.7377310215524157e-14,4.856192892273284e-20,5.0,800,sintered
358198.1981981982,99.4994994994995,1.739481000973055e-14,4.856192892273284e-20,5.0,800,sintered
358558.5585585586,99.5995995995996,1.741230980393694e-14,4.856192892273284e-20,5.0,800,sintered
358918.91891891893,99.6996996996997,1.7429809598143328e-14,4.856192892273284e-20,5.0,800,sintered
359279.2792792793,99.7997997997998,1.744730939234972e-14,4.856192892273284e-20,5.0,800,sintered
359639.63963963964,99.8998998998999,1.746480918655611e-14,4.856192892273284e-20,5.0,800,sintered
360000.0,100.0,1.74823089807625e-14,4.856192892273284e-20,5.0,800,sintered
0.0,0.0,0.0,4.463012516241219e-19,10.0,800,sintered
360.3603603603604,0.1001001001001001,1.6082863095888897e-16,4.462977092859129e-19,10.0,800,sintered
720.7207207207208,0.2002002002002002,3.216560472098137e-16,4.462945043665829e-19,10.0,800,sintered
1081.081081081081,0.3003003003003003,4.824823644575361e-16,4.462916047259202e-19,10.0,800,sintered
1441.4414414414416,0.4004004004004004,6.4330768738557525e-16,4.462889812851695e-19,10.0,800,sintered
1801.801801801802,0.5005005005005005,8.041321107060147e-16,4.462866077354188e-19,10.0,800,sintered
2162.162162162162,0.6006006006006006,9.649557201093134e-16,4.462844602737626e-19,10.0,800,sintered
2522.5225225225226,0.7007007007007008,1.1257785931236448e-15,4.4628251736459745e-19,10.0,800,sintered
2882.882882882883,0.8008008008008008,1.2866007998923786e-15,4.462807595236538e-19,10.0,800,sintered
3243.2432432432433,0.9009009009009009,1.4474224038775075e-15,4.462791691226004e-19,10.0,800,sintered
3603.603603603604,1.001001001001001,1.6082434624960705e-15,4.462777302122598e-19,10.0,800,sintered
3963.963963963964,1.1011011011011012,1.769064027695951e-15,4.462764283626642e-19,10.0,800,sintered
4324.324324324324,1.2012012012012012,1.929884146476834e-15,4.462752505183457e-19,10.0,800,sintered
4684.684684684685,1.3013013013013013,2.0907038613615364e-15,4.462741848674109e-19,10.0,800,sintered
5045.045045045045,1.4014014014014016,2.251523210822442e-15,4.462732207230862e-19,10.0,800,sintered
5405.405405405406,1.5015015015015016,2.4123422296673193e-15,4.462723484165472e-19,10.0,800,sintered
5765.765765765766,1.6016016016016017,2.5731609493883867e-15,4.4627155919995525e-19,10.0,800,sintered
6126.126126126126,1.7017017017017018,2.7339793984781296e-15,4.462708451587312e-19,10.0,800,sintered
6486.486486486487,1.8018018018018018,2.8947976027150357e-15,4.462701991321842e-19,10.0,800,sintered
6846.846846846847,1.9019019019019021,3.055615585422109e-15,4.462696146417019e-19,10.0,800,sintered
7207.207207207208,2.002002002002002,3.2164333677007638e-15,4.462690858257802e-19,10.0,800,sintered
7567.567567567568,2.1021021021021022,3.377250968642439e-15,4.462686073812418e-19,10.0,800,sintered
7927.927927927928,2.2022022022022023,3.538068405520053e-15,4.462681745100535e-19,10.0,800,sintered
8288.288288288288,2.3023023023023024,3.698885693961225e-15,4.462677828712102e-19,10.0,800,sintered
8648.648648648648,2.4024024024024024,3.859702848104995e-15,4.462674285372011e-19,10.0,800,sintered
9009.009009009009,2.5025025025025025,4.020519880743612e-15,4.462671079546232e-19,10.0,800,sintered
9369.36936936937,2.6026026026026026,4.181336803450826e-15,4.462668179085462e-19,10.0,800,sintered
9729.729729729732,2.702702702702703,4.34215362669795e-15,4.462665554902722e-19,10.0,800,sintered
10090.09009009009,2.802802802802803,4.502970359958869e-15,4.462663180681658e-19,10.0,800,sintered
10450.450450450451,2.902902902902903,4.663787011805054e-15,4.462661032612634e-19,10.0,800,sintered
10810.810810810812,3.0030030030030033,4.8246035899915155e-15,4.462659089153955e-19,10.0,800,sintered
11171.171171171172,3.1031031031031033,4.985420101534574e-15,4.462657330815839e-19,10.0,800,sintered
11531.531531531533,3.2032032032032034,5.146236552782223e-15,4.462655739964972e-19,10.0,800,sintered
11891.891891891892,3.3033033033033035,5.30705294947779e-15,4.462654300647663e-19,10.0,800,sintered
12252.252252252252,3.4034034034034035,5.4678692968175335e-15,4.462652998429865e-19,10.0,800,sintered
12612.612612612613,3.5035035035035036,5.628685599502752e-15,4.462651820252416e-19,10.0,800,sintered
12972.972972972973,3.6036036036036037,5.789501861786929e-15,4.462650754300082e-19,10.0,800,sintered
13333.333333333334,3.7037037037037037,5.950318087518391e-15,4.4626497898830675e-19,10.0,800,sintered
13693.693693693695,3.8038038038038042,6.1111342801789e-15,4.462648917329813e-19,10.0,800,sintered
14054.054054054055,3.9039039039039043,6.2719504429185664e-15,4.462648127890007e-19,10.0,800,sintered
14414.414414414416,4.004004004004004,6.432766578587447e-15,4.46264741364683e-19,10.0,800,sintered
14774.774774774776,4.104104104104104,6.5935826897641184e-15,4.462646767437567e-19,10.0,800,sintered
15135.135135135137,4.2042042042042045,6.754398778781541e-15,4.462646182781773e-19,10.0,800,sintered
15495.495495495496,4.3043043043043046,6.915214847750452e-15,4.462645653816286e-19,10.0,800,sintered
15855.855855855856,4.404404404404405,7.076030898580538e-15,4.462645175236429e-19,10.0,800,sintered
16216.216216216217,4.504504504504505,7.236846932999576e-15,4.462644742242811e-19,10.0,800,sintered
16576.576576576575,4.604604604604605,7.397662952570773e-15,4.4626443504932e-19,10.0,800,sintered
16936.936936936938,4.704704704704705,7.55847895870843e-15,4.462643996058975e-19,10.0,800,sintered
17297.297297297297,4.804804804804805,7.719294952692138e-15,4.462643675385727e-19,10.0,800,sintered
17657.65765765766,4.904904904904905,7.880110935679594e-15,4.462643385257615e-19,10.0,800,sintered
18018.018018018018,5.005005005005005,8.040926908718227e-15,4.462643122765122e-19,10.0,800,sintered
18378.378378378377,5.105105105105105,8.201742872755696e-15,4.462642885275864e-19,10.0,800,sintered
18738.73873873874,5.205205205205205,8.36255882864939e-15,4.462642670408208e-19,10.0,800,sintered
19099.099099099098,5.305305305305305,8.523374777175027e-15,4.462642476007373e-19,10.0,800,sintered
19459.459459459464,5.405405405405406,8.684190719034441e-15,4.462642300123831e-19,10.0,800,sintered
19819.819819819822,5.505505505505506,8.845006654862608e-15,4.46264214099375e-19,10.0,800,sintered
20180.18018018018,5.605605605605606,9.00582258523402e-15,4.46264199702131e-19,10.0,800,sintered
20540.540540540544,5.705705705705706,9.166638510668457e-15,4.4626418667627e-19,10.0,800,sintered
20900.900900900902,5.805805805805806,9.327454431636177e-15,4.462641748911633e-19,10.0,800,sintered
21261.261261261265,5.9059059059059065,9.488270348562653e-15,4.462641642286251e-19,10.0,800,sintered
21621.621621621623,6.0060060060060065,9.649086261832821e-15,4.462641545817273e-19,10.0,800,sintered
21981.981981981982,6.106106106106107,9.809902171794958e-15,4.462641458537269e-19,10.0,800,sintered
22342.342342342345,6.206206206206207,9.970718078764168e-15,4.462641379570961e-19,10.0,800,sintered
22702.702702702703,6.306306306306307,1.013153398302553e-14,4.462641308126442e-19,10.0,800,sintered
23063.063063063066,6.406406406406407,1.029234988483698e-14,4.462641243487238e-19,10.0,800,sintered
23423.423423423425,6.506506506506507,1.0453165784431878e-14,4.462641185005124e-19,10.0,800,sintered
23783.783783783783,6.606606606606607,1.0613981682021358e-14,4.462641132093614e-19,10.0,800,sintered
24144.144144144146,6.706706706706707,1.0774797577796442e-14,4.462641084222093e-19,10.0,800,sintered
24504.504504504504,6.806806806806807,1.0935613471929957e-14,4.462641040910484e-19,10.0,800,sintered
24864.864864864867,6.906906906906907,1.109642936457827e-14,4.462641001724444e-19,10.0,800,sintered
25225.225225225226,7.007007007007007,1.1257245255882846e-14,4.462640966270997e-19,10.0,800,sintered
25585.585585585584,7.107107107107107,1.1418061145971684e-14,4.462640934194602e-19,10.0,800,sintered
25945.945945945947,7.207207207207207,1.1578877034960588e-14,4.462640905173585e-19,10.0,800,sintered
26306.306306306305,7.307307307307307,1.1739692922954327e-14,4.462640878916912e-19,10.0,800,sintered
26666.666666666668,7.407407407407407,1.1900508810047695e-14,4.462640855161269e-19,10.0,800,sintered
27027.02702702703,7.507507507507508,1.2061324696326455e-14,4.462640833668426e-19,10.0,800,sintered
27387.38738738739,7.6076076076076085,1.2222140581868203e-14,4.462640814222844e-19,10.0,800,sintered
27747.74774774775,7.7077077077077085,1.2382956466743138e-14,4.462640796629516e-19,10.0,800,sintered
28108.10810810811,7.807807807807809,1.2543772351014777e-14,4.462640780712007e-19,10.0,800,sintered
28468.468468468473,7.907907907907909,1.2704588234740587e-14,4.462640766310691e-19,10.0,800,sintered
28828.82882882883,8.008008008008009,1.286540411797256e-14,4.462640753281146e-19,10.0,800,sintered
29189.18918918919,8.108108108108109,1.3026220000757734e-14,4.462640741492706e-19,10.0,800,sintered
29549.549549549552,8.208208208208209,1.3187035883138671e-14,4.462640730827152e-19,10.0,800,sintered
29909.90990990991,8.308308308308309,1.3347851765153873e-14,4.462640721177526e-19,10.0,800,sintered
30270.270270270274,8.408408408408409,1.350866764683818e-14,4.462640712447057e-19,10.0,800,sintered
30630.630630630632,8.508508508508509,1.3669483528223107e-14,4.462640704548193e-19,10.0,800,sintered
30990.99099099099,8.608608608608609,1.3830299409337171e-14,4.46264069740172e-19,10.0,800,sintered
31351.351351351354,8.70870870870871,1.399111529020618e-14,4.462640690935972e-19,10.0,800,sintered
31711.711711711712,8.80880880880881,1.4151931170853466e-14,4.462640685086106e-19,10.0,800,sintered
32072.072072072075,8.90890890890891,1.4312747051300157e-14,4.462640679793459e-19,10.0,800,sintered
32432.432432432433,9.00900900900901,1.4473562931565357e-14,4.462640675004953e-19,10.0,800,sintered
32792.792792792796,9.10910910910911,1.463437881166635e-14,4.462640670672567e-19,10.0,800,sintered
33153.15315315315,9.20920920920921,1.4795194691618783e-14,4.4626406667528545e-19,10.0,800,sintered
33513.51351351351,9.30930930930931,1.4956010571436803e-14,4.462640663206507e-19,10.0,800,sintered
33873.873873873876,9.40940940940941,1.511682645113322e-14,4.46264065999796e-19,10.0,800,sintered
34234.23423423424,9.50950950950951,1.5277642330719607e-14,4.462640657095038e-19,10.0,800,sintered
34594.59459459459,9.60960960960961,1.543845821020645e-14,4.462640654468628e-19,10.0,800,sintered
34954.954954954956,9.70970970970971,1.5599274089603235e-14,4.462640652092392e-19,10.0,800,sintered
35315.31531531532,9.80980980980981,1.5760089968918533e-14,4.462640649942499e-19,10.0,800,sintered
35675.67567567567,9.90990990990991,1.5920905848160104e-14,4.462640647997392e-19,10.0,800,sintered
36036.036036036036,10.01001001001001,1.6081721727334982e-14,4.462640646237561e-19,10.0,800,sintered
36396.3963963964,10.11011011011011,1.6242537606449512e-14,4.46264064464536e-19,10.0,800,sintered
36756.75675675675,10.21021021021021,1.640335348550944e-14,4.462640643204821e-19,10.0,800,sintered
37117.117117117115,10.31031031031031,1.6564169364519975e-14,4.462640641901498e-19,10.0,800,sintered
37477.47747747748,10.41041041041041,1.6724985243485817e-14,4.4626406407223205e-19,10.0,800,sintered
37837.83783783784,10.51051051051051,1.6885801122411223e-14,4.462640639655463e-19,10.0,800,sintered
38198.198198198195,10.61061061061061,1.704661700130004e-14,4.4626406386902275e-19,10.0,800,sintered
38558.558558558565,10.710710710710712,1.7207432880155767e-14,4.462640637816934e-19,10.0,800,sintered
38918.91891891893,10.810810810810812,1.7368248758981545e-14,4.462640637026824e-19,10.0,800,sintered
39279.27927927928,10.910910910910912,1.7529064637780224e-14,4.462640636311975e-19,10.0,800,sintered
39639.639639639645,11.011011011011012,1.7689880516554395e-14,4.4626406356652175e-19,10.0,800,sintered
40000.00000000001,11.111111111111112,1.785069639530639e-14,4.462640635080065e-19,10.0,800,sintered
40360.36036036036,11.211211211211213,1.8011512274038313e-14,4.462640634550651e-19,10.0,800,sintered
40720.720720720725,11.311311311311313,1.8172328152752082e-14,4.462640634071665e-19,10.0,800,sintered
41081.08108108109,11.411411411411413,1.833314403144943e-14,4.462640633638303e-19,10.0,800,sintered
41441.44144144144,11.511511511511513,1.8493959910131914e-14,4.462640633246222e-19,10.0,800,sintered
41801.801801801805,11.611611611611613,1.8654775788800955e-14,4.462640632891486e-19,10.0,800,sintered
42162.16216216217,11.711711711711713,1.8815591667457838e-14,4.462640632570541e-19,10.0,800,sintered
42522.52252252253,11.811811811811813,1.897640754610371e-14,4.462640632280166e-19,10.0,800,sintered
42882.882882882885,11.911911911911913,1.913722342473962e-14,4.462640632017451e-19,10.0,800,sintered
43243.24324324325,12.012012012012013,1.9298039303366527e-14,4.462640631779761e-19,10.0,800,sintered
43603.60360360361,12.112112112112113,1.945885518198528e-14,4.46264063156471e-19,10.0,800,sintered
43963.963963963964,12.212212212212213,1.9619671060596658e-14,4.462640631370144e-19,10.0,800,sintered
44324.32432432433,12.312312312312313,1.9780486939201366e-14,4.462640631194111e-19,10.0,800,sintered
44684.68468468469,12.412412412412413,1.9941302817800044e-14,4.462640631034847e-19,10.0,800,sintered
45045.04504504505,12.512512512512513,2.0102118696393253e-14,4.462640630890752e-19,10.0,800,sintered
45405.40540540541,12.612612612612613,2.026293457498152e-14,4.462640630760383e-19,10.0,800,sintered
45765.76576576577,12.712712712712714,2.042375045356532e-14,4.462640630642432e-19,10.0,800,sintered
46126.12612612613,12.812812812812814,2.0584566332145076e-14,4.462640630535716e-19,10.0,800,sintered
46486.48648648649,12.912912912912914,2.0745382210721167e-14,4.462640630439165e-19,10.0,800,sintered
46846.84684684685,13.013013013013014,2.090619808929395e-14,4.462640630351811e-19,10.0,800,sintered
47207.20720720721,13.113113113113114,2.1067013967863744e-14,4.462640630272777e-19,10.0,800,sintered
47567.56756756757,13.213213213213214,2.122782984643082e-14,4.462640630201272e-19,10.0,800,sintered
47927.92792792793,13.313313313313314,2.1388645724995448e-14,4.462640630136578e-19,10.0,800,sintered
48288.28828828829,13.413413413413414,2.1549461603557857e-14,4.462640630078047e-19,10.0,800,sintered
48648.648648648654,13.513513513513514,2.1710277482118256e-14,4.46264063002509e-19,10.0,800,sintered
49009.00900900901,13.613613613613614,2.187109336067684e-14,4.462640629977178e-19,10.0,800,sintered
49369.36936936937,13.713713713713714,2.203190923923378e-14,4.46264062993383e-19,10.0,800,sintered
49729.729729729734,13.813813813813814,2.2192725117789242e-14,4.46264062989461e-19,10.0,800,sintered
50090.09009009009,13.913913913913914,2.235354099634335e-14,4.462640629859127e-19,10.0,800,sintered
50450.45045045045,14.014014014014014,2.2514356874896242e-14,4.462640629827024e-19,10.0,800,sintered
50810.81081081081,14.114114114114114,2.2675172753448036e-14,4.462640629797978e-19,10.0,800,sintered
51171.17117117117,14.214214214214214,2.283598863199883e-14,4.462640629771699e-19,10.0,800,sintered
51531.53153153153,14.314314314314315,2.2996804510548728e-14,4.462640629747923e-19,10.0,800,sintered
51891.89189189189,14.414414414414415,2.3157620389097808e-14,4.462640629726412e-19,10.0,800,sintered
52252.252252252256,14.514514514514515,2.3318436267646154e-14,4.46264062970695e-19,10.0,800,sintered
52612.61261261261,14.614614614614615,2.3479252146193827e-14,4.462640629689342e-19,10.0,800,sintered
52972.97297297297,14.714714714714715,2.36400680247409e-14,4.462640629673411e-19,10.0,800,sintered
53333.333333333336,14.814814814814815,2.3800883903287425e-14,4.462640629658997e-19,10.0,800,sintered
53693.69369369369,14.914914914914915,2.3961699781833454e-14,4.4626406296459565e-19,10.0,800,sintered
54054.05405405406,15.015015015015017,2.4122515660379042e-14,4.462640629634158e-19,10.0,800,sintered
54414.41441441442,15.115115115115117,2.4283331538924222e-14,4.462640629623483e-19,10.0,800,sintered
54774.77477477478,15.215215215215217,2.4444147417469037e-14,4.462640629613825e-19,10.0,800,sintered
55135.13513513514,15.315315315315317,2.460496329601352e-14,4.462640629605087e-19,10.0,800,sintered
55495.4954954955,15.415415415415417,2.4765779174557703e-14,4.462640629597182e-19,10.0,800,sintered
55855.85585585586,15.515515515515517,2.4926595053101612e-14,4.462640629590029e-19,10.0,800,sintered
56216.21621621622,15.615615615615617,2.5087410931645278e-14,4.462640629583558e-19,10.0,800,sintered
56576.57657657658,15.715715715715717,2.5248226810188723e-14,4.462640629577703e-19,10.0,800,sintered
56936.936936936945,15.815815815815817,2.5409042688731966e-14,4.462640629572406e-19,10.0,800,sintered
57297.2972972973,15.915915915915917,2.556985856727503e-14,4.4626406295676135e-19,10.0,800,sintered
57657.65765765766,16.016016016016017,2.5730674445817928e-14,4.462640629563277e-19,10.0,800,sintered
58018.018018018025,16.116116116116117,2.5891490324360675e-14,4.462640629559354e-19,10.0,800,sintered
58378.37837837838,16.216216216216218,2.6052306202903287e-14,4.462640629555806e-19,10.0,800,sintered
58738.73873873874,16.316316316316318,2.6213122081445782e-14,4.462640629552594e-19,10.0,800,sintered
59099.099099099105,16.416416416416418,2.6373937959988164e-14,4.462640629549689e-19,10.0,800,sintered
59459.45945945947,16.516516516516518,2.6534753838530448e-14,4.46264062954706e-19,10.0,800,sintered
59819.81981981982,16.616616616616618,2.669556971707264e-14,4.462640629544681e-19,10.0,800,sintered
60180.180180180185,16.716716716716718,2.6856385595614753e-14,4.46264062954253e-19,10.0,800,sintered
60540.54054054055,16.816816816816818,2.701720147415679e-14,4.462640629540583e-19,10.0,800,sintered
60900.9009009009,16.916916916916918,2.717801735269876e-14,4.462640629538822e-19,10.0,800,sintered
61261.261261261265,17.017017017017018,2.733883323124067e-14,4.462640629537228e-19,10.0,800,sintered
61621.62162162163,17.117117117117118,2.7499649109782525e-14,4.462640629535787e-19,10.0,800,sintered
61981.98198198198,17.217217217217218,2.766046498832433e-14,4.462640629534482e-19,10.0,800,sintered
62342.342342342345,17.31731731731732,2.7821280866866095e-14,4.462640629533302e-19,10.0,800,sintered
62702.70270270271,17.41741741741742,2.7982096745407817e-14,4.462640629532234e-19,10.0,800,sintered
63063.06306306307,17.51751751751752,2.81429126239495e-14,4.462640629531268e-19,10.0,800,sintered
63423.423423423425,17.61761761761762,2.8303728502491148e-14,4.462640629530394e-19,10.0,800,sintered
63783.78378378379,17.71771771771772,2.8464544381032775e-14,4.462640629529603e-19,10.0,800,sintered
64144.14414414415,17.81781781781782,2.862536025957437e-14,4.462640629528888e-19,10.0,800,sintered
64504.504504504504,17.91791791791792,2.8786176138115935e-14,4.462640629528241e-19,10.0,800,sintered
64864.86486486487,18.01801801801802,2.8946992016657484e-14,4.462640629527655e-19,10.0,800,sintered
65225.22522522523,18.11811811811812,2.910780789519901e-14,4.462640629527125e-19,10.0,800,sintered
65585.58558558559,18.21821821821822,2.9268623773740524e-14,4.462640629526646e-19,10.0,800,sintered
65945.94594594595,18.31831831831832,2.942943965228201e-14,4.462640629526212e-19,10.0,800,sintered
66306.3063063063,18.41841841841842,2.959025553082349e-14,4.46264062952582e-19,10.0,800,sintered
66666.66666666667,18.51851851851852,2.9751071409364955e-14,4.462640629525465e-19,10.0,800,sintered
67027.02702702703,18.61861861861862,2.99118872879064e-14,4.462640629525143e-19,10.0,800,sintered
67387.3873873874,18.71871871871872,3.007270316644785e-14,4.462640629524853e-19,10.0,800,sintered
67747.74774774775,18.81881881881882,3.023351904498928e-14,4.46264062952459e-19,10.0,800,sintered
68108.1081081081,18.91891891891892,3.0394334923530695e-14,4.462640629524351e-19,10.0,800,sintered
68468.46846846848,19.01901901901902,3.055515080207212e-14,4.462640629524137e-19,10.0,800,sintered
68828.82882882883,19.11911911911912,3.0715966680613527e-14,4.462640629523942e-19,10.0,800,sintered
69189.18918918919,19.21921921921922,3.0876782559154924e-14,4.462640629523766e-19,10.0,800,sintered
69549.54954954956,19.31931931931932,3.103759843769632e-14,4.462640629523606e-19,10.0,800,sintered
69909.90990990991,19.41941941941942,3.1198414316237705e-14,4.462640629523463e-19,10.0,800,sintered
70270.27027027027,19.51951951951952,3.135923019477909e-14,4.462640629523332e-19,10.0,800,sintered
70630.63063063064,19.61961961961962,3.152004607332047e-14,4.462640629523213e-19,10.0,800,sintered
70990.99099099099,19.71971971971972,3.168086195186184e-14,4.462640629523107e-19,10.0,800,sintered
71351.35135135135,19.81981981981982,3.184167783040321e-14,4.46264062952301e-19,10.0,800,sintered
71711.71171171172,19.91991991991992,3.200249370894458e-14,4.462640629522922e-19,10.0,800,sintered
72072.07207207207,20.02002002002002,3.216330958748594e-14,4.462640629522843e-19,10.0,800,sintered
72432.43243243243,20.12012012012012,3.232412546602731e-14,4.462640629522772e-19,10.0,800,sintered
72792.7927927928,20.22022022022022,3.248494134456867e-14,4.462640629522708e-19,10.0,800,sintered
73153.15315315315,20.32032032032032,3.2645757223110026e-14,4.462640629522649e-19,10.0,800,sintered
73513.5135135135,20.42042042042042,3.280657310165138e-14,4.462640629522596e-19,10.0,800,sintered
73873.87387387388,20.52052052052052,3.296738898019274e-14,4.462640629522548e-19,10.0,800,sintered
74234.23423423423,20.62062062062062,3.312820485873409e-14,4.462640629522504e-19,10.0,800,sintered
74594.5945945946,20.72072072072072,3.3289020737275444e-14,4.462640629522465e-19,10.0,800,sintered
74954.95495495496,20.82082082082082,3.344983661581679e-14,4.462640629522429e-19,10.0,800,sintered
75315.31531531531,20.92092092092092,3.361065249435814e-14,4.4626406295223975e-19,10.0,800,sintered
75675.67567567568,21.02102102102102,3.377146837289949e-14,4.462640629522369e-19,10.0,800,sintered
76036.03603603604,21.12112112112112,3.393228425144083e-14,4.462640629522342e-19,10.0,800,sintered
76396.39639639639,21.22122122122122,3.409310012998217e-14,4.462640629522319e-19,10.0,800,sintered
76756.75675675676,21.32132132132132,3.4253916008523523e-14,4.462640629522296e-19,10.0,800,sintered
77117.11711711713,21.421421421421424,3.441473188706487e-14,4.462640629522277e-19,10.0,800,sintered
77477.47747747749,21.521521521521525,3.457554776560621e-14,4.46264062952226e-19,10.0,800,sintered
77837.83783783785,21.621621621621625,3.4736363644147557e-14,4.462640629522243e-19,10.0,800,sintered
78198.19819819821,21.721721721721725,3.489717952268889e-14,4.462640629522229e-19,10.0,800,sintered
78558.55855855856,21.821821821821825,3.505799540123023e-14,4.462640629522216e-19,10.0,800,sintered
78918.91891891893,21.921921921921925,3.5218811279771584e-14,4.462640629522204e-19,10.0,800,sintered
79279.27927927929,22.022022022022025,3.5379627158312924e-14,4.462640629522193e-19,10.0,800,sintered
79639.63963963964,22.122122122122125,3.554044303685426e-14,4.462640629522184e-19,10.0,800,sintered
80000.00000000001,22.222222222222225,3.5701258915395604e-14,4.462640629522175e-19,10.0,800,sintered
80360.36036036037,22.322322322322325,3.586207479393694e-14,4.462640629522167e-19,10.0,800,sintered
80720.72072072072,22.422422422422425,3.602289067247827e-14,4.462640629522161e-19,10.0,800,sintered
81081.0810810811,22.522522522522525,3.618370655101962e-14,4.462640629522154e-19,10.0,800,sintered
81441.44144144145,22.622622622622625,3.634452242956095e-14,4.462640629522148e-19,10.0,800,sintered
81801.8018018018,22.722722722722725,3.6505338308102287e-14,4.462640629522142e-19,10.0,800,sintered
82162.16216216217,22.822822822822825,3.6666154186643633e-14,4.4626406295221375e-19,10.0,800,sintered
82522.52252252253,22.922922922922925,3.682697006518497e-14,4.462640629522134e-19,10.0,800,sintered
82882.88288288288,23.023023023023026,3.69877859437263e-14,4.46264062952213e-19,10.0,800,sintered
83243.24324324325,23.123123123123126,3.714860182226764e-14,4.462640629522126e-19,10.0,800,sintered
83603.60360360361,23.223223223223226,3.730941770080898e-14,4.462640629522123e-19,10.0,800,sintered
83963.96396396398,23.323323323323326,3.747023357935033e-14,4.46264062952212e-19,10.0,800,sintered
84324.32432432433,23.423423423423426,3.763104945789166e-14,4.462640629522117e-19,10.0,800,sintered
84684.68468468469,23.523523523523526,3.7791865336432996e-14,4.462640629522114e-19,10.0,800,sintered
85045.04504504506,23.623623623623626,3.7952681214974336e-14,4.462640629522112e-19,10.0,800,sintered
85405.40540540541,23.723723723723726,3.811349709351567e-14,4.462640629522111e-19,10.0,800,sintered
85765.76576576577,23.823823823823826,3.8274312972057004e-14,4.462640629522109e-19,10.0,800,sintered
86126.12612612614,23.923923923923926,3.8435128850598344e-14,4.462640629522108e-19,10.0,800,sintered
86486.4864864865,24.024024024024026,3.8595944729139685e-14,4.462640629522106e-19,10.0,800,sintered
86846.84684684685,24.124124124124126,3.875676060768102e-14,4.462640629522105e-19,10.0,800,sintered
87207.20720720722,24.224224224224226,3.891757648622236e-14,4.462640629522104e-19,10.0,800,sintered
87567.56756756757,24.324324324324326,3.907839236476369e-14,4.462640629522103e-19,10.0,800,sintered
87927.92792792793,24.424424424424426,3.9239208243305027e-14,4.462640629522102e-19,10.0,800,sintered
88288.2882882883,24.524524524524526,3.940002412184637e-14,4.462640629522101e-19,10.0,800,sintered
88648.64864864865,24.624624624624627,3.95608400003877e-14,4.4626406295221e-19,10.0,800,sintered
89009.00900900901,24.724724724724727,3.9721655878929035e-14,4.462640629522099e-19,10.0,800,sintered
89369.36936936938,24.824824824824827,3.988247175747038e-14,4.462640629522098e-19,10.0,800,sintered
89729.72972972973,24.924924924924927,4.0043287636011715e-14,4.462640629522098e-19,10.0,800,sintered
90090.0900900901,25.025025025025027,4.0204103514553055e-14,4.462640629522097e-19,10.0,800,sintered
90450.45045045046,25.125125125125127,4.036491939309439e-14,4.462640629522097e-19,10.0,800,sintered
90810.81081081081,25.225225225225227,4.0525735271635723e-14,4.462640629522096e-19,10.0,800,sintered
91171.17117117118,25.325325325325327,4.0686551150177064e-14,4.462640629522096e-19,10.0,800,sintered
91531.53153153154,25.425425425425427,4.08473670287184e-14,4.462640629522096e-19,10.0,800,sintered
91891.8918918919,25.525525525525527,4.100818290725973e-14,4.462640629522095e-19,10.0,800,sintered
92252.25225225226,25.625625625625627,4.116899878580107e-14,4.462640629522095e-19,10.0,800,sintered
92612.61261261262,25.725725725725727,4.1329814664342406e-14,4.462640629522095e-19,10.0,800,sintered
92972.97297297297,25.825825825825827,4.149063054288374e-14,4.462640629522094e-19,10.0,800,sintered
93333.33333333334,25.925925925925927,4.165144642142508e-14,4.462640629522094e-19,10.0,800,sintered
93693.6936936937,26.026026026026027,4.1812262299966414e-14,4.462640629522094e-19,10.0,800,sintered
94054.05405405405,26.126126126126128,4.197307817850775e-14,4.462640629522094e-19,10.0,800,sintered
94414.41441441442,26.226226226226228,4.2133894057049094e-14,4.462640629522094e-19,10.0,800,sintered
94774.77477477478,26.326326326326328,4.229470993559043e-14,4.462640629522093e-19,10.0,800,sintered
95135.13513513513,26.426426426426428,4.245552581413176e-14,4.462640629522093e-19,10.0,800,sintered
95495.4954954955,26.526526526526528,4.26163416926731e-14,4.462640629522093e-19,10.0,800,sintered
95855.85585585586,26.626626626626628,4.2777157571214436e-14,4.462640629522093e-19,10.0,800,sintered
96216.21621621623,26.726726726726728,4.2937973449755777e-14,4.462640629522093e-19,10.0,800,sintered
96576.57657657658,26.826826826826828,4.309878932829711e-14,4.462640629522093e-19,10.0,800,sintered
96936.93693693694,26.926926926926928,4.3259605206838444e-14,4.462640629522093e-19,10.0,800,sintered
97297.29729729731,27.027027027027028,4.3420421085379785e-14,4.462640629522093e-19,10.0,800,sintered
97657.65765765766,27.127127127127128,4.358123696392112e-14,4.462640629522093e-19,10.0,800,sintered
98018.01801801802,27.227227227227228,4.374205284246245e-14,4.462640629522093e-19,10.0,800,sintered
98378.37837837839,27.32732732732733,4.390286872100379e-14,4.462640629522093e-19,10.0,800,sintered
98738.73873873874,27.42742742742743,4.4063684599545127e-14,4.462640629522092e-19,10.0,800,sintered
99099.0990990991,27.52752752752753,4.422450047808646e-14,4.462640629522092e-19,10.0,800,sintered
99459.45945945947,27.62762762762763,4.438531635662781e-14,4.462640629522092e-19,10.0,800,sintered
99819.81981981982,27.72772772772773,4.454613223516914e-14,4.462640629522092e-19,10.0,800,sintered
100180.18018018018,27.82782782782783,4.4706948113710475e-14,4.462640629522092e-19,10.0,800,sintered
100540.54054054055,27.92792792792793,4.4867763992251815e-14,4.462640629522092e-19,10.0,800,sintered
100900.9009009009,28.02802802802803,4.502857987079315e-14,4.462640629522092e-19,10.0,800,sintered
101261.26126126126,28.12812812812813,4.5189395749334483e-14,4.462640629522092e-19,10.0,800,sintered
101621.62162162163,28.22822822822823,4.5350211627875823e-14,4.462640629522092e-19,10.0,800,sintered
101981.98198198198,28.32832832832833,4.551102750641716e-14,4.462640629522092e-19,10.0,800,sintered
102342.34234234234,28.42842842842843,4.567184338495849e-14,4.462640629522092e-19,10.0,800,sintered
102702.7027027027,28.52852852852853,4.583265926349983e-14,4.462640629522092e-19,10.0,800,sintered
103063.06306306306,28.62862862862863,4.5993475142041166e-14,4.462640629522092e-19,10.0,800,sintered
103423.42342342343,28.72872872872873,4.6154291020582506e-14,4.462640629522092e-19,10.0,800,sintered
103783.78378378379,28.82882882882883,4.631510689912384e-14,4.462640629522092e-19,10.0,800,sintered
104144.14414414414,28.92892892892893,4.6475922777665174e-14,4.462640629522092e-19,10.0,800,sintered
104504.50450450451,29.02902902902903,4.663673865620652e-14,4.462640629522092e-19,10.0,800,sintered
104864.86486486487,29.12912912912913,4.6797554534747854e-14,4.462640629522092e-19,10.0,800,sintered
105225.22522522522,29.22922922922923,4.695837041328919e-14,4.462640629522092e-19,10.0,800,sintered
105585.58558558559,29.32932932932933,4.711918629183053e-14,4.462640629522092e-19,10.0,800,sintered
105945.94594594595,29.42942942942943,4.728000217037186e-14,4.462640629522092e-19,10.0,800,sintered
106306.3063063063,29.52952952952953,4.7440818048913196e-14,4.462640629522092e-19,10.0,800,sintered
106666.66666666667,29.62962962962963,4.7601633927454536e-14,4.462640629522092e-19,10.0,800,sintered
107027.02702702703,29.72972972972973,4.776244980599587e-14,4.462640629522092e-19,10.0,800,sintered
107387.38738738738,29.82982982982983,4.7923265684537204e-14,4.462640629522092e-19,10.0,800,sintered
107747.74774774777,29.929929929929934,4.808408156307855e-14,4.462640629522092e-19,10.0,800,sintered
108108.10810810812,30.030030030030034,4.8244897441619885e-14,4.462640629522092e-19,10.0,800,sintered
108468.46846846848,30.130130130130134,4.840571332016122e-14,4.462640629522092e-19,10.0,800,sintered
108828.82882882885,30.230230230230234,4.856652919870256e-14,4.462640629522092e-19,10.0,800,sintered
109189.1891891892,30.330330330330334,4.872734507724389e-14,4.462640629522092e-19,10.0,800,sintered
109549.54954954956,30.430430430430434,4.8888160955785233e-14,4.462640629522092e-19,10.0,800,sintered
109909.90990990993,30.530530530530534,4.9048976834326573e-14,4.462640629522092e-19,10.0,800,sintered
110270.27027027028,30.630630630630634,4.920979271286791e-14,4.462640629522092e-19,10.0,800,sintered
110630.63063063064,30.730730730730734,4.937060859140924e-14,4.462640629522092e-19,10.0,800,sintered
110990.990990991,30.830830830830834,4.953142446995058e-14,4.462640629522092e-19,10.0,800,sintered
111351.35135135136,30.930930930930934,4.9692240348491915e-14,4.462640629522092e-19,10.0,800,sintered
111711.71171171172,31.031031031031034,4.985305622703325e-14,4.462640629522092e-19,10.0,800,sintered
112072.07207207209,31.131131131131134,5.001387210557459e-14,4.462640629522092e-19,10.0,800,sintered
112432.43243243244,31.231231231231234,5.0174687984115924e-14,4.462640629522092e-19,10.0,800,sintered
112792.79279279281,31.331331331331334,5.0335503862657264e-14,4.462640629522092e-19,10.0,800,sintered
113153.15315315317,31.431431431431434,5.04963197411986e-14,4.462640629522092e-19,10.0,800,sintered
113513.51351351352,31.531531531531535,5.065713561973993e-14,4.462640629522092e-19,10.0,800,sintered
113873.87387387389,31.631631631631635,5.081795149828127e-14,4.462640629522092e-19,10.0,800,sintered
114234.23423423425,31.731731731731735,5.0978767376822606e-14,4.462640629522092e-19,10.0,800,sintered
114594.5945945946,31.831831831831835,5.1139583255363946e-14,4.462640629522092e-19,10.0,800,sintered
114954.95495495497,31.931931931931935,5.1300399133905286e-14,4.462640629522092e-19,10.0,800,sintered
115315.31531531533,32.032032032032035,5.146121501244662e-14,4.462640629522092e-19,10.0,800,sintered
115675.67567567568,32.132132132132135,5.1622030890987954e-14,4.462640629522092e-19,10.0,800,sintered
116036.03603603605,32.232232232232235,5.1782846769529294e-14,4.462640629522092e-19,10.0,800,sintered
116396.3963963964,32.332332332332335,5.194366264807063e-14,4.462640629522092e-19,10.0,800,sintered
116756.75675675676,32.432432432432435,5.210447852661196e-14,4.462640629522092e-19,10.0,800,sintered
117117.11711711713,32.532532532532535,5.22652944051533e-14,4.462640629522092e-19,10.0,800,sintered
117477.47747747749,32.632632632632635,5.2426110283694637e-14,4.462640629522092e-19,10.0,800,sintered
117837.83783783784,32.732732732732735,5.258692616223597e-14,4.462640629522092e-19,10.0,800,sintered
118198.19819819821,32.832832832832835,5.274774204077731e-14,4.462640629522092e-19,10.0,800,sintered
118558.55855855856,32.932932932932935,5.2908557919318645e-14,4.462640629522092e-19,10.0,800,sintered
118918.91891891893,33.033033033033036,5.3069373797859985e-14,4.462640629522092e-19,10.0,800,sintered
119279.27927927929,33.133133133133136,5.323018967640132e-14,4.462640629522092e-19,10.0,800,sintered
119639.63963963964,33.233233233233236,5.339100555494266e-14,4.462640629522092e-19,10.0,800,sintered
120000.00000000001,33.333333333333336,5.3551821433484e-14,4.462640629522092e-19,10.0,800,sintered
120360.36036036037,33.433433433433436,5.3712637312025333e-14,4.462640629522092e-19,10.0,800,sintered
120720.72072072072,33.533533533533536,5.387345319056667e-14,4.462640629522092e-19,10.0,800,sintered
121081.0810810811,33.633633633633636,5.403426906910801e-14,4.462640629522092e-19,10.0,800,sintered
121441.44144144145,33.733733733733736,5.419508494764934e-14,4.462640629522092e-19,10.0,800,sintered
121801.8018018018,33.833833833833836,5.4355900826190675e-14,4.462640629522092e-19,10.0,800,sintered
122162.16216216217,33.933933933933936,5.4516716704732016e-14,4.462640629522092e-19,10.0,800,sintered
122522.52252252253,34.034034034034036,5.467753258327335e-14,4.462640629522092e-19,10.0,800,sintered
122882.88288288288,34.134134134134136,5.4838348461814683e-14,4.462640629522092e-19,10.0,800,sintered
123243.24324324325,34.234234234234236,5.4999164340356024e-14,4.462640629522092e-19,10.0,800,sintered
123603.60360360361,34.334334334334336,5.515998021889736e-14,4.462640629522092e-19,10.0,800,sintered
123963.96396396396,34.434434434434436,5.532079609743869e-14,4.462640629522092e-19,10.0,800,sintered
124324.32432432433,34.53453453453454,5.548161197598003e-14,4.462640629522092e-19,10.0,800,sintered
124684.68468468469,34.63463463463464,5.564242785452137e-14,4.462640629522092e-19,10.0,800,sintered
125045.04504504506,34.73473473473474,5.580324373306271e-14,4.462640629522092e-19,10.0,800,sintered
125405.40540540541,34.83483483483484,5.5964059611604046e-14,4.462640629522092e-19,10.0,800,sintered
125765.76576576577,34.93493493493494,5.612487549014538e-14,4.462640629522092e-19,10.0,800,sintered
126126.12612612614,35.03503503503504,5.628569136868672e-14,4.462640629522092e-19,10.0,800,sintered
126486.4864864865,35.13513513513514,5.6446507247228054e-14,4.462640629522092e-19,10.0,800,sintered
126846.84684684685,35.23523523523524,5.660732312576939e-14,4.462640629522092e-19,10.0,800,sintered
127207.20720720722,35.33533533533534,5.676813900431073e-14,4.462640629522092e-19,10.0,800,sintered
127567.56756756757,35.43543543543544,5.692895488285207e-14,4.462640629522092e-19,10.0,800,sintered
127927.92792792793,35.53553553553554,5.70897707613934e-14,4.462640629522092e-19,10.0,800,sintered
128288.2882882883,35.63563563563564,5.725058663993474e-14,4.462640629522092e-19,10.0,800,sintered
128648.64864864865,35.73573573573574,5.741140251847607e-14,4.462640629522092e-19,10.0,800,sintered
129009.00900900901,35.83583583583584,5.75722183970174e-14,4.462640629522092e-19,10.0,800,sintered
129369.36936936938,35.93593593593594,5.773303427555875e-14,4.462640629522092e-19,10.0,800,sintered
129729.72972972973,36.03603603603604,5.789385015410009e-14,4.462640629522092e-19,10.0,800,sintered
130090.09009009009,36.13613613613614,5.805466603264142e-14,4.462640629522092e-19,10.0,800,sintered
130450.45045045046,36.23623623623624,5.821548191118275e-14,4.462640629522092e-19,10.0,800,sintered
130810.81081081081,36.33633633633634,5.837629778972409e-14,4.462640629522092e-19,10.0,800,sintered
131171.17117117118,36.43643643643644,5.853711366826543e-14,4.462640629522092e-19,10.0,800,sintered
131531.53153153154,36.53653653653654,5.869792954680677e-14,4.462640629522092e-19,10.0,800,sintered
131891.8918918919,36.63663663663664,5.88587454253481e-14,4.462640629522092e-19,10.0,800,sintered
132252.25225225225,36.73673673673674,5.901956130388944e-14,4.462640629522092e-19,10.0,800,sintered
132612.6126126126,36.83683683683684,5.918037718243077e-14,4.462640629522092e-19,10.0,800,sintered
132972.972972973,36.93693693693694,5.934119306097212e-14,4.462640629522092e-19,10.0,800,sintered
133333.33333333334,37.03703703703704,5.950200893951345e-14,4.462640629522092e-19,10.0,800,sintered
133693.6936936937,37.13713713713714,5.966282481805478e-14,4.462640629522092e-19,10.0,800,sintered
134054.05405405405,37.23723723723724,5.982364069659612e-14,4.462640629522092e-19,10.0,800,sintered
134414.4144144144,37.33733733733734,5.998445657513745e-14,4.462640629522092e-19,10.0,800,sintered
134774.7747747748,37.43743743743744,6.01452724536788e-14,4.462640629522092e-19,10.0,800,sintered
135135.13513513515,37.53753753753754,6.030608833222013e-14,4.462640629522092e-19,10.0,800,sintered
135495.4954954955,37.63763763763764,6.046690421076147e-14,4.462640629522092e-19,10.0,800,sintered
135855.85585585586,37.73773773773774,6.06277200893028e-14,4.462640629522092e-19,10.0,800,sintered
136216.2162162162,37.83783783783784,6.078853596784413e-14,4.462640629522092e-19,10.0,800,sintered
136576.57657657657,37.93793793793794,6.094935184638547e-14,4.462640629522092e-19,10.0,800,sintered
136936.93693693695,38.03803803803804,6.111016772492681e-14,4.462640629522092e-19,10.0,800,sintered
137297.2972972973,38.13813813813814,6.127098360346816e-14,4.462640629522092e-19,10.0,800,sintered
137657.65765765766,38.23823823823824,6.14317994820095e-14,4.462640629522092e-19,10.0,800,sintered
138018.01801801802,38.33833833833834,6.159261536055083e-14,4.462640629522092e-19,10.0,800,sintered
138378.37837837837,38.43843843843844,6.175343123909216e-14,4.462640629522092e-19,10.0,800,sintered
138738.73873873873,38.53853853853854,6.19142471176335e-14,4.462640629522092e-19,10.0,800,sintered
139099.0990990991,38.63863863863864,6.207506299617484e-14,4.462640629522092e-19,10.0,800,sintered
139459.45945945947,38.73873873873874,6.223587887471618e-14,4.462640629522092e-19,10.0,800,sintered
139819.81981981982,38.83883883883884,6.239669475325751e-14,4.462640629522092e-19,10.0,800,sintered
140180.18018018018,38.93893893893894,6.255751063179884e-14,4.462640629522092e-19,10.0,800,sintered
140540.54054054053,39.03903903903904,6.271832651034018e-14,4.462640629522092e-19,10.0,800,sintered
140900.9009009009,39.13913913913914,6.287914238888151e-14,4.462640629522092e-19,10.0,800,sintered
141261.26126126127,39.23923923923924,6.303995826742286e-14,4.462640629522092e-19,10.0,800,sintered
141621.62162162163,39.33933933933934,6.320077414596419e-14,4.462640629522092e-19,10.0,800,sintered
141981.98198198198,39.43943943943944,6.336159002450553e-14,4.462640629522092e-19,10.0,800,sintered
142342.34234234234,39.53953953953954,6.352240590304686e-14,4.462640629522092e-19,10.0,800,sintered
142702.7027027027,39.63963963963964,6.36832217815882e-14,4.462640629522092e-19,10.0,800,sintered
143063.06306306308,39.73973973973974,6.384403766012954e-14,4.462640629522092e-19,10.0,800,sintered
143423.42342342343,39.83983983983984,6.400485353867088e-14,4.462640629522092e-19,10.0,800,sintered
143783.7837837838,39.93993993993994,6.416566941721221e-14,4.462640629522092e-19,10.0,800,sintered
144144.14414414414,40.04004004004004,6.432648529575354e-14,4.462640629522092e-19,10.0,800,sintered
144504.5045045045,40.14014014014014,6.448730117429488e-14,4.462640629522092e-19,10.0,800,sintered
144864.86486486485,40.24024024024024,6.464811705283621e-14,4.462640629522092e-19,10.0,800,sintered
145225.22522522524,40.34034034034034,6.480893293137756e-14,4.462640629522092e-19,10.0,800,sintered
145585.5855855856,40.44044044044044,6.496974880991889e-14,4.462640629522092e-19,10.0,800,sintered
145945.94594594595,40.54054054054054,6.513056468846023e-14,4.462640629522092e-19,10.0,800,sintered
146306.3063063063,40.64064064064064,6.529138056700156e-14,4.462640629522092e-19,10.0,800,sintered
146666.66666666666,40.74074074074074,6.545219644554289e-14,4.462640629522092e-19,10.0,800,sintered
147027.027027027,40.84084084084084,6.561301232408423e-14,4.462640629522092e-19,10.0,800,sintered
147387.3873873874,40.94094094094094,6.577382820262557e-14,4.462640629522092e-19,10.0,800,sintered
147747.74774774775,41.04104104104104,6.593464408116692e-14,4.462640629522092e-19,10.0,800,sintered
148108.1081081081,41.14114114114114,6.609545995970825e-14,4.462640629522092e-19,10.0,800,sintered
148468.46846846846,41.24124124124124,6.625627583824959e-14,4.462640629522092e-19,10.0,800,sintered
148828.82882882882,41.34134134134134,6.641709171679092e-14,4.462640629522092e-19,10.0,800,sintered
149189.1891891892,41.44144144144144,6.657790759533227e-14,4.462640629522092e-19,10.0,800,sintered
149549.54954954956,41.54154154154154,6.67387234738736e-14,4.462640629522092e-19,10.0,800,sintered
149909.9099099099,41.64164164164164,6.689953935241494e-14,4.462640629522092e-19,10.0,800,sintered
150270.27027027027,41.74174174174174,6.706035523095627e-14,4.462640629522092e-19,10.0,800,sintered
150630.63063063062,41.84184184184184,6.72211711094976e-14,4.462640629522092e-19,10.0,800,sintered
150990.99099099098,41.94194194194194,6.738198698803894e-14,4.462640629522092e-19,10.0,800,sintered
151351.35135135136,42.04204204204204,6.754280286658029e-14,4.462640629522092e-19,10.0,800,sintered
151711.71171171172,42.14214214214214,6.770361874512162e-14,4.462640629522092e-19,10.0,800,sintered
152072.07207207207,42.24224224224224,6.786443462366295e-14,4.462640629522092e-19,10.0,800,sintered
152432.43243243243,42.34234234234234,6.802525050220429e-14,4.462640629522092e-19,10.0,800,sintered
152792.79279279278,42.44244244244244,6.818606638074562e-14,4.462640629522092e-19,10.0,800,sintered
153153.15315315314,42.54254254254254,6.834688225928695e-14,4.462640629522092e-19,10.0,800,sintered
153513.51351351352,42.64264264264264,6.85076981378283e-14,4.462640629522092e-19,10.0,800,sintered
153873.8738738739,42.74274274274275,6.866851401636965e-14,4.462640629522092e-19,10.0,800,sintered
154234.23423423426,42.84284284284285,6.882932989491098e-14,4.462640629522092e-19,10.0,800,sintered
154594.59459459462,42.94294294294295,6.899014577345232e-14,4.462640629522092e-19,10.0,800,sintered
154954.95495495497,43.04304304304305,6.915096165199365e-14,4.462640629522092e-19,10.0,800,sintered
155315.31531531533,43.14314314314315,6.931177753053498e-14,4.462640629522092e-19,10.0,800,sintered
155675.6756756757,43.24324324324325,6.947259340907633e-14,4.462640629522092e-19,10.0,800,sintered
156036.03603603606,43.34334334334335,6.963340928761766e-14,4.462640629522092e-19,10.0,800,sintered
156396.39639639642,43.44344344344345,6.9794225166159e-14,4.462640629522092e-19,10.0,800,sintered
156756.75675675677,43.54354354354355,6.995504104470033e-14,4.462640629522092e-19,10.0,800,sintered
157117.11711711713,43.64364364364365,7.011585692324167e-14,4.462640629522092e-19,10.0,800,sintered
157477.47747747749,43.74374374374375,7.0276672801783e-14,4.462640629522092e-19,10.0,800,sintered
157837.83783783787,43.84384384384385,7.043748868032436e-14,4.462640629522092e-19,10.0,800,sintered
158198.19819819822,43.94394394394395,7.059830455886569e-14,4.462640629522092e-19,10.0,800,sintered
158558.55855855858,44.04404404404405,7.075912043740703e-14,4.462640629522092e-19,10.0,800,sintered
158918.91891891893,44.14414414414415,7.091993631594836e-14,4.462640629522092e-19,10.0,800,sintered
159279.2792792793,44.24424424424425,7.10807521944897e-14,4.462640629522092e-19,10.0,800,sintered
159639.63963963967,44.34434434434435,7.124156807303104e-14,4.462640629522092e-19,10.0,800,sintered
160000.00000000003,44.44444444444445,7.140238395157238e-14,4.462640629522092e-19,10.0,800,sintered
160360.36036036038,44.54454454454455,7.156319983011371e-14,4.462640629522092e-19,10.0,800,sintered
160720.72072072074,44.64464464464465,7.172401570865504e-14,4.462640629522092e-19,10.0,800,sintered
161081.0810810811,44.74474474474475,7.188483158719638e-14,4.462640629522092e-19,10.0,800,sintered
161441.44144144145,44.84484484484485,7.204564746573771e-14,4.462640629522092e-19,10.0,800,sintered
161801.80180180183,44.94494494494495,7.220646334427906e-14,4.462640629522092e-19,10.0,800,sintered
162162.1621621622,45.04504504504505,7.236727922282039e-14,4.462640629522092e-19,10.0,800,sintered
162522.52252252254,45.14514514514515,7.252809510136173e-14,4.462640629522092e-19,10.0,800,sintered
162882.8828828829,45.24524524524525,7.268891097990306e-14,4.462640629522092e-19,10.0,800,sintered
163243.24324324325,45.34534534534535,7.284972685844439e-14,4.462640629522092e-19,10.0,800,sintered
163603.6036036036,45.44544544544545,7.301054273698573e-14,4.462640629522092e-19,10.0,800,sintered
163963.963963964,45.54554554554555,7.317135861552707e-14,4.462640629522092e-19,10.0,800,sintered
164324.32432432435,45.64564564564565,7.333217449406841e-14,4.462640629522092e-19,10.0,800,sintered
164684.6846846847,45.74574574574575,7.349299037260974e-14,4.462640629522092e-19,10.0,800,sintered
165045.04504504506,45.84584584584585,7.365380625115108e-14,4.462640629522092e-19,10.0,800,sintered
165405.4054054054,45.94594594594595,7.381462212969241e-14,4.462640629522092e-19,10.0,800,sintered
165765.76576576577,46.04604604604605,7.397543800823374e-14,4.462640629522092e-19,10.0,800,sintered
166126.12612612615,46.14614614614615,7.413625388677509e-14,4.462640629522092e-19,10.0,800,sintered
166486.4864864865,46.24624624624625,7.429706976531642e-14,4.462640629522092e-19,10.0,800,sintered
166846.84684684686,46.34634634634635,7.445788564385776e-14,4.462640629522092e-19,10.0,800,sintered
167207.20720720722,46.44644644644645,7.461870152239909e-14,4.462640629522092e-19,10.0,800,sintered
167567.56756756757,46.54654654654655,7.477951740094043e-14,4.462640629522092e-19,10.0,800,sintered
167927.92792792796,46.64664664664665,7.494033327948179e-14,4.462640629522092e-19,10.0,800,sintered
168288.2882882883,46.74674674674675,7.510114915802312e-14,4.462640629522092e-19,10.0,800,sintered
168648.64864864867,46.84684684684685,7.526196503656445e-14,4.462640629522092e-19,10.0,800,sintered
169009.00900900902,46.94694694694695,7.542278091510579e-14,4.462640629522092e-19,10.0,800,sintered
169369.36936936938,47.04704704704705,7.558359679364712e-14,4.462640629522092e-19,10.0,800,sintered
169729.72972972973,47.14714714714715,7.574441267218845e-14,4.462640629522092e-19,10.0,800,sintered
170090.09009009012,47.24724724724725,7.59052285507298e-14,4.462640629522092e-19,10.0,800,sintered
170450.45045045047,47.34734734734735,7.606604442927114e-14,4.462640629522092e-19,10.0,800,sintered
170810.81081081083,47.44744744744745,7.622686030781247e-14,4.462640629522092e-19,10.0,800,sintered
171171.17117117118,47.54754754754755,7.63876761863538e-14,4.462640629522092e-19,10.0,800,sintered
171531.53153153154,47.64764764764765,7.654849206489514e-14,4.462640629522092e-19,10.0,800,sintered
171891.8918918919,47.74774774774775,7.670930794343647e-14,4.462640629522092e-19,10.0,800,sintered
172252.25225225228,47.84784784784785,7.687012382197782e-14,4.462640629522092e-19,10.0,800,sintered
172612.61261261263,47.94794794794795,7.703093970051915e-14,4.462640629522092e-19,10.0,800,sintered
172972.972972973,48.04804804804805,7.719175557906049e-14,4.462640629522092e-19,10.0,800,sintered
173333.33333333334,48.14814814814815,7.735257145760182e-14,4.462640629522092e-19,10.0,800,sintered
173693.6936936937,48.24824824824825,7.751338733614315e-14,4.462640629522092e-19,10.0,800,sintered
174054.05405405408,48.34834834834835,7.76742032146845e-14,4.462640629522092e-19,10.0,800,sintered
174414.41441441444,48.44844844844845,7.783501909322583e-14,4.462640629522092e-19,10.0,800,sintered
174774.7747747748,48.54854854854855,7.799583497176717e-14,4.462640629522092e-19,10.0,800,sintered
175135.13513513515,48.64864864864865,7.81566508503085e-14,4.462640629522092e-19,10.0,800,sintered
175495.4954954955,48.74874874874875,7.831746672884984e-14,4.462640629522092e-19,10.0,800,sintered
175855.85585585586,48.84884884884885,7.847828260739117e-14,4.462640629522092e-19,10.0,800,sintered
176216.21621621624,48.94894894894895,7.863909848593252e-14,4.462640629522092e-19,10.0,800,sintered
176576.5765765766,49.04904904904905,7.879991436447385e-14,4.462640629522092e-19,10.0,800,sintered
176936.93693693695,49.14914914914915,7.896073024301518e-14,4.462640629522092e-19,10.0,800,sintered
177297.2972972973,49.24924924924925,7.912154612155652e-14,4.462640629522092e-19,10.0,800,sintered
177657.65765765766,49.34934934934935,7.928236200009785e-14,4.462640629522092e-19,10.0,800,sintered
178018.01801801802,49.44944944944945,7.944317787863919e-14,4.462640629522092e-19,10.0,800,sintered
178378.3783783784,49.54954954954955,7.960399375718054e-14,4.462640629522092e-19,10.0,800,sintered
178738.73873873876,49.64964964964965,7.976480963572188e-14,4.462640629522092e-19,10.0,800,sintered
179099.0990990991,49.74974974974975,7.992562551426321e-14,4.462640629522092e-19,10.0,800,sintered
179459.45945945947,49.84984984984985,8.008644139280455e-14,4.462640629522092e-19,10.0,800,sintered
179819.81981981982,49.94994994994995,8.024725727134588e-14,4.462640629522092e-19,10.0,800,sintered
180180.1801801802,50.050050050050054,8.040807314988723e-14,4.462640629522092e-19,10.0,800,sintered
180540.54054054056,50.150150150150154,8.056888902842856e-14,4.462640629522092e-19,10.0,800,sintered
180900.90090090092,50.250250250250254,8.07297049069699e-14,4.462640629522092e-19,10.0,800,sintered
181261.26126126127,50.350350350350354,8.089052078551123e-14,4.462640629522092e-19,10.0,800,sintered
181621.62162162163,50.450450450450454,8.105133666405256e-14,4.462640629522092e-19,10.0,800,sintered
181981.98198198198,50.550550550550554,8.12121525425939e-14,4.462640629522092e-19,10.0,800,sintered
182342.34234234237,50.650650650650654,8.137296842113524e-14,4.462640629522092e-19,10.0,800,sintered
182702.70270270272,50.750750750750754,8.153378429967658e-14,4.462640629522092e-19,10.0,800,sintered
183063.06306306308,50.850850850850854,8.169460017821791e-14,4.462640629522092e-19,10.0,800,sintered
183423.42342342343,50.950950950950954,8.185541605675925e-14,4.462640629522092e-19,10.0,800,sintered
183783.7837837838,51.051051051051054,8.201623193530058e-14,4.462640629522092e-19,10.0,800,sintered
184144.14414414414,51.151151151151154,8.217704781384191e-14,4.462640629522092e-19,10.0,800,sintered
184504.50450450453,51.251251251251254,8.233786369238326e-14,4.462640629522092e-19,10.0,800,sintered
184864.86486486488,51.351351351351354,8.249867957092459e-14,4.462640629522092e-19,10.0,800,sintered
185225.22522522524,51.451451451451454,8.265949544946593e-14,4.462640629522092e-19,10.0,800,sintered
185585.5855855856,51.551551551551555,8.282031132800726e-14,4.462640629522092e-19,10.0,800,sintered
185945.94594594595,51.651651651651655,8.29811272065486e-14,4.462640629522092e-19,10.0,800,sintered
186306.30630630633,51.751751751751755,8.314194308508994e-14,4.462640629522092e-19,10.0,800,sintered
186666.6666666667,51.851851851851855,8.330275896363128e-14,4.462640629522092e-19,10.0,800,sintered
187027.02702702704,51.951951951951955,8.346357484217261e-14,4.462640629522092e-19,10.0,800,sintered
187387.3873873874,52.052052052052055,8.362439072071394e-14,4.462640629522092e-19,10.0,800,sintered
187747.74774774775,52.152152152152155,8.378520659925528e-14,4.462640629522092e-19,10.0,800,sintered
188108.1081081081,52.252252252252255,8.394602247779661e-14,4.462640629522092e-19,10.0,800,sintered
188468.4684684685,52.352352352352355,8.410683835633797e-14,4.462640629522092e-19,10.0,800,sintered
188828.82882882885,52.452452452452455,8.42676542348793e-14,4.462640629522092e-19,10.0,800,sintered
189189.1891891892,52.552552552552555,8.442847011342064e-14,4.462640629522092e-19,10.0,800,sintered
189549.54954954956,52.652652652652655,8.458928599196197e-14,4.462640629522092e-19,10.0,800,sintered
189909.9099099099,52.752752752752755,8.475010187050331e-14,4.462640629522092e-19,10.0,800,sintered
190270.27027027027,52.852852852852855,8.491091774904464e-14,4.462640629522092e-19,10.0,800,sintered
190630.63063063065,52.952952952952955,8.507173362758599e-14,4.462640629522092e-19,10.0,800,sintered
190990.990990991,53.053053053053056,8.523254950612732e-14,4.462640629522092e-19,10.0,800,sintered
191351.35135135136,53.153153153153156,8.539336538466866e-14,4.462640629522092e-19,10.0,800,sintered
191711.71171171172,53.253253253253256,8.555418126320999e-14,4.462640629522092e-19,10.0,800,sintered
192072.07207207207,53.353353353353356,8.571499714175132e-14,4.462640629522092e-19,10.0,800,sintered
192432.43243243246,53.453453453453456,8.587581302029267e-14,4.462640629522092e-19,10.0,800,sintered
192792.7927927928,53.553553553553556,8.6036628898834e-14,4.462640629522092e-19,10.0,800,sintered
193153.15315315317,53.653653653653656,8.619744477737534e-14,4.462640629522092e-19,10.0,800,sintered
193513.51351351352,53.753753753753756,8.635826065591667e-14,4.462640629522092e-19,10.0,800,sintered
193873.87387387388,53.853853853853856,8.6519076534458e-14,4.462640629522092e-19,10.0,800,sintered
194234.23423423423,53.953953953953956,8.667989241299934e-14,4.462640629522092e-19,10.0,800,sintered
194594.59459459462,54.054054054054056,8.684070829154069e-14,4.462640629522092e-19,10.0,800,sintered
194954.95495495497,54.154154154154156,8.700152417008202e-14,4.462640629522092e-19,10.0,800,sintered
195315.31531531533,54.254254254254256,8.716234004862335e-14,4.462640629522092e-19,10.0,800,sintered
195675.67567567568,54.354354354354356,8.732315592716469e-14,4.462640629522092e-19,10.0,800,sintered
196036.03603603604,54.454454454454456,8.748397180570602e-14,4.462640629522092e-19,10.0,800,sintered
196396.3963963964,54.55455455455456,8.764478768424736e-14,4.462640629522092e-19,10.0,800,sintered
196756.75675675677,54.65465465465466,8.78056035627887e-14,4.462640629522092e-19,10.0,800,sintered
197117.11711711713,54.75475475475476,8.796641944133004e-14,4.462640629522092e-19,10.0,800,sintered
197477.47747747749,54.85485485485486,8.812723531987137e-14,4.462640629522092e-19,10.0,800,sintered
197837.83783783784,54.95495495495496,8.82880511984127e-14,4.462640629522092e-19,10.0,800,sintered
198198.1981981982,55.05505505505506,8.844886707695404e-14,4.462640629522092e-19,10.0,800,sintered
198558.55855855855,55.15515515515516,8.860968295549538e-14,4.462640629522092e-19,10.0,800,sintered
198918.91891891893,55.25525525525526,8.877049883403673e-14,4.462640629522092e-19,10.0,800,sintered
199279.2792792793,55.35535535535536,8.893131471257806e-14,4.462640629522092e-19,10.0,800,sintered
199639.63963963964,55.45545545545546,8.90921305911194e-14,4.462640629522092e-19,10.0,800,sintered
200000.0,55.55555555555556,8.925294646966073e-14,4.462640629522092e-19,10.0,800,sintered
200360.36036036036,55.65565565565566,8.941376234820207e-14,4.462640629522092e-19,10.0,800,sintered
200720.72072072074,55.75575575575576,8.957457822674341e-14,4.462640629522092e-19,10.0,800,sintered
201081.0810810811,55.85585585585586,8.973539410528475e-14,4.462640629522092e-19,10.0,800,sintered
201441.44144144145,55.95595595595596,8.989620998382608e-14,4.462640629522092e-19,10.0,800,sintered
201801.8018018018,56.05605605605606,9.005702586236741e-14,4.462640629522092e-19,10.0,800,sintered
202162.16216216216,56.15615615615616,9.021784174090875e-14,4.462640629522092e-19,10.0,800,sintered
202522.52252252251,56.25625625625626,9.037865761945008e-14,4.462640629522092e-19,10.0,800,sintered
202882.8828828829,56.35635635635636,9.053947349799143e-14,4.462640629522092e-19,10.0,800,sintered
203243.24324324325,56.45645645645646,9.070028937653276e-14,4.462640629522092e-19,10.0,800,sintered
203603.6036036036,56.55655655655656,9.08611052550741e-14,4.462640629522092e-19,10.0,800,sintered
203963.96396396396,56.65665665665666,9.102192113361543e-14,4.462640629522092e-19,10.0,800,sintered
204324.32432432432,56.75675675675676,9.118273701215677e-14,4.462640629522092e-19,10.0,800,sintered
204684.68468468467,56.85685685685686,9.13435528906981e-14,4.462640629522092e-19,10.0,800,sintered
205045.04504504506,56.95695695695696,9.150436876923945e-14,4.462640629522092e-19,10.0,800,sintered
205405.4054054054,57.05705705705706,9.166518464778078e-14,4.462640629522092e-19,10.0,800,sintered
205765.76576576577,57.15715715715716,9.182600052632211e-14,4.462640629522092e-19,10.0,800,sintered
206126.12612612612,57.25725725725726,9.198681640486345e-14,4.462640629522092e-19,10.0,800,sintered
206486.48648648648,57.35735735735736,9.214763228340478e-14,4.462640629522092e-19,10.0,800,sintered
206846.84684684686,57.45745745745746,9.230844816194613e-14,4.462640629522092e-19,10.0,800,sintered
207207.20720720722,57.55755755755756,9.246926404048746e-14,4.462640629522092e-19,10.0,800,sintered
207567.56756756757,57.65765765765766,9.26300799190288e-14,4.462640629522092e-19,10.0,800,sintered
207927.92792792793,57.75775775775776,9.279089579757013e-14,4.462640629522092e-19,10.0,800,sintered
208288.28828828828,57.85785785785786,9.295171167611146e-14,4.462640629522092e-19,10.0,800,sintered
208648.64864864864,57.95795795795796,9.31125275546528e-14,4.462640629522092e-19,10.0,800,sintered
209009.00900900902,58.05805805805806,9.327334343319416e-14,4.462640629522092e-19,10.0,800,sintered
209369.36936936938,58.15815815815816,9.343415931173549e-14,4.462640629522092e-19,10.0,800,sintered
209729.72972972973,58.25825825825826,9.359497519027682e-14,4.462640629522092e-19,10.0,800,sintered
210090.0900900901,58.35835835835836,9.375579106881816e-14,4.462640629522092e-19,10.0,800,sintered
210450.45045045044,58.45845845845846,9.391660694735949e-14,4.462640629522092e-19,10.0,800,sintered
210810.8108108108,58.55855855855856,9.407742282590083e-14,4.462640629522092e-19,10.0,800,sintered
211171.17117117118,58.65865865865866,9.423823870444217e-14,4.462640629522092e-19,10.0,800,sintered
211531.53153153154,58.75875875875876,9.439905458298351e-14,4.462640629522092e-19,10.0,800,sintered
211891.8918918919,58.85885885885886,9.455987046152484e-14,4.462640629522092e-19,10.0,800,sintered
212252.25225225225,58.95895895895896,9.472068634006617e-14,4.462640629522092e-19,10.0,800,sintered
212612.6126126126,59.05905905905906,9.488150221860751e-14,4.462640629522092e-19,10.0,800,sintered
212972.972972973,59.15915915915916,9.504231809714886e-14,4.462640629522092e-19,10.0,800,sintered
213333.33333333334,59.25925925925926,9.520313397569019e-14,4.462640629522092e-19,10.0,800,sintered
213693.6936936937,59.35935935935936,9.536394985423152e-14,4.462640629522092e-19,10.0,800,sintered
214054.05405405405,59.45945945945946,9.552476573277286e-14,4.462640629522092e-19,10.0,800,sintered
214414.4144144144,59.55955955955956,9.568558161131419e-14,4.462640629522092e-19,10.0,800,sintered
214774.77477477476,59.65965965965966,9.584639748985552e-14,4.462640629522092e-19,10.0,800,sintered
215135.13513513515,59.75975975975976,9.600721336839687e-14,4.462640629522092e-19,10.0,800,sintered
215495.49549549553,59.85985985985987,9.616802924693822e-14,4.462640629522092e-19,10.0,800,sintered
215855.8558558559,59.95995995995997,9.632884512547955e-14,4.462640629522092e-19,10.0,800,sintered
216216.21621621624,60.06006006006007,9.648966100402089e-14,4.462640629522092e-19,10.0,800,sintered
216576.5765765766,60.16016016016017,9.665047688256222e-14,4.462640629522092e-19,10.0,800,sintered
216936.93693693695,60.26026026026027,9.681129276110355e-14,4.462640629522092e-19,10.0,800,sintered
217297.29729729734,60.36036036036037,9.69721086396449e-14,4.462640629522092e-19,10.0,800,sintered
217657.6576576577,60.46046046046047,9.713292451818623e-14,4.462640629522092e-19,10.0,800,sintered
218018.01801801805,60.56056056056057,9.729374039672757e-14,4.462640629522092e-19,10.0,800,sintered
218378.3783783784,60.66066066066067,9.74545562752689e-14,4.462640629522092e-19,10.0,800,sintered
218738.73873873876,60.76076076076077,9.761537215381025e-14,4.462640629522092e-19,10.0,800,sintered
219099.0990990991,60.86086086086087,9.777618803235158e-14,4.462640629522092e-19,10.0,800,sintered
219459.4594594595,60.96096096096097,9.793700391089293e-14,4.462640629522092e-19,10.0,800,sintered
219819.81981981985,61.06106106106107,9.809781978943426e-14,4.462640629522092e-19,10.0,800,sintered
220180.1801801802,61.16116116116117,9.82586356679756e-14,4.462640629522092e-19,10.0,800,sintered
220540.54054054056,61.26126126126127,9.841945154651693e-14,4.462640629522092e-19,10.0,800,sintered
220900.90090090092,61.36136136136137,9.858026742505826e-14,4.462640629522092e-19,10.0,800,sintered
221261.26126126127,61.46146146146147,9.87410833035996e-14,4.462640629522092e-19,10.0,800,sintered
221621.62162162166,61.56156156156157,9.890189918214095e-14,4.462640629522092e-19,10.0,800,sintered
221981.981981982,61.66166166166167,9.906271506068228e-14,4.462640629522092e-19,10.0,800,sintered
222342.34234234237,61.76176176176177,9.922353093922361e-14,4.462640629522092e-19,10.0,800,sintered
222702.70270270272,61.86186186186187,9.938434681776495e-14,4.462640629522092e-19,10.0,800,sintered
223063.06306306308,61.96196196196197,9.954516269630628e-14,4.462640629522092e-19,10.0,800,sintered
223423.42342342343,62.06206206206207,9.970597857484762e-14,4.462640629522092e-19,10.0,800,sintered
223783.78378378382,62.16216216216217,9.986679445338896e-14,4.462640629522092e-19,10.0,800,sintered
224144.14414414417,62.26226226226227,1.000276103319303e-13,4.462640629522092e-19,10.0,800,sintered
224504.50450450453,62.36236236236237,1.0018842621047163e-13,4.462640629522092e-19,10.0,800,sintered
224864.86486486488,62.46246246246247,1.0034924208901296e-13,4.462640629522092e-19,10.0,800,sintered
225225.22522522524,62.56256256256257,1.005100579675543e-13,4.462640629522092e-19,10.0,800,sintered
225585.58558558562,62.66266266266267,1.0067087384609564e-13,4.462640629522092e-19,10.0,800,sintered
225945.94594594598,62.76276276276277,1.0083168972463698e-13,4.462640629522092e-19,10.0,800,sintered
226306.30630630633,62.86286286286287,1.0099250560317831e-13,4.462640629522092e-19,10.0,800,sintered
226666.6666666667,62.96296296296297,1.0115332148171965e-13,4.462640629522092e-19,10.0,800,sintered
227027.02702702704,63.06306306306307,1.0131413736026098e-13,4.462640629522092e-19,10.0,800,sintered
227387.3873873874,63.16316316316317,1.0147495323880231e-13,4.462640629522092e-19,10.0,800,sintered
227747.74774774778,63.26326326326327,1.0163576911734366e-13,4.462640629522092e-19,10.0,800,sintered
228108.10810810814,63.36336336336337,1.01796584995885e-13,4.462640629522092e-19,10.0,800,sintered
228468.4684684685,63.46346346346347,1.0195740087442633e-13,4.462640629522092e-19,10.0,800,sintered
228828.82882882885,63.56356356356357,1.0211821675296767e-13,4.462640629522092e-19,10.0,800,sintered
229189.1891891892,63.66366366366367,1.0227903263150901e-13,4.462640629522092e-19,10.0,800,sintered
229549.54954954956,63.76376376376377,1.0243984851005034e-13,4.462640629522092e-19,10.0,800,sintered
229909.90990990994,63.86386386386387,1.0260066438859169e-13,4.462640629522092e-19,10.0,800,sintered
230270.2702702703,63.96396396396397,1.0276148026713302e-13,4.462640629522092e-19,10.0,800,sintered
230630.63063063065,64.06406406406407,1.0292229614567436e-13,4.462640629522092e-19,10.0,800,sintered
230990.99099099098,64.16416416416416,1.0308311202421568e-13,4.462640629522092e-19,10.0,800,sintered
231351.35135135136,64.26426426426427,1.0324392790275702e-13,4.462640629522092e-19,10.0,800,sintered
231711.71171171172,64.36436436436436,1.0340474378129836e-13,4.462640629522092e-19,10.0,800,sintered
232072.0720720721,64.46446446446447,1.035655596598397e-13,4.462640629522092e-19,10.0,800,sintered
232432.43243243243,64.56456456456456,1.0372637553838103e-13,4.462640629522092e-19,10.0,800,sintered
232792.7927927928,64.66466466466467,1.0388719141692237e-13,4.462640629522092e-19,10.0,800,sintered
233153.15315315314,64.76476476476476,1.040480072954637e-13,4.462640629522092e-19,10.0,800,sintered
233513.51351351352,64.86486486486487,1.0420882317400504e-13,4.462640629522092e-19,10.0,800,sintered
233873.87387387388,64.96496496496496,1.0436963905254637e-13,4.462640629522092e-19,10.0,800,sintered
234234.23423423426,65.06506506506507,1.0453045493108772e-13,4.462640629522092e-19,10.0,800,sintered
234594.5945945946,65.16516516516516,1.0469127080962904e-13,4.462640629522092e-19,10.0,800,sintered
234954.95495495497,65.26526526526527,1.0485208668817039e-13,4.462640629522092e-19,10.0,800,sintered
235315.3153153153,65.36536536536536,1.0501290256671171e-13,4.462640629522092e-19,10.0,800,sintered
235675.67567567568,65.46546546546547,1.0517371844525306e-13,4.462640629522092e-19,10.0,800,sintered
236036.03603603604,65.56556556556556,1.0533453432379439e-13,4.462640629522092e-19,10.0,800,sintered
236396.39639639642,65.66566566566567,1.0549535020233574e-13,4.462640629522092e-19,10.0,800,sintered
236756.75675675675,65.76576576576576,1.0565616608087706e-13,4.462640629522092e-19,10.0,800,sintered
237117.11711711713,65.86586586586587,1.058169819594184e-13,4.462640629522092e-19,10.0,800,sintered
237477.47747747746,65.96596596596596,1.0597779783795973e-13,4.462640629522092e-19,10.0,800,sintered
237837.83783783787,66.06606606606607,1.0613861371650109e-13,4.462640629522092e-19,10.0,800,sintered
238198.1981981982,66.16616616616616,1.0629942959504241e-13,4.462640629522092e-19,10.0,800,sintered
238558.55855855858,66.26626626626627,1.0646024547358375e-13,4.462640629522092e-19,10.0,800,sintered
238918.9189189189,66.36636636636636,1.0662106135212508e-13,4.462640629522092e-19,10.0,800,sintered
239279.2792792793,66.46646646646647,1.0678187723066643e-13,4.462640629522092e-19,10.0,800,sintered
239639.63963963964,66.56656656656656,1.0694269310920777e-13,4.462640629522092e-19,10.0,800,sintered
240000.00000000003,66.66666666666667,1.0710350898774911e-13,4.462640629522092e-19,10.0,800,sintered
240360.36036036036,66.76676676676676,1.0726432486629044e-13,4.462640629522092e-19,10.0,800,sintered
240720.72072072074,66.86686686686687,1.0742514074483178e-13,4.462640629522092e-19,10.0,800,sintered
241081.08108108107,66.96696696696696,1.075859566233731e-13,4.462640629522092e-19,10.0,800,sintered
241441.44144144145,67.06706706706707,1.0774677250191445e-13,4.462640629522092e-19,10.0,800,sintered
241801.8018018018,67.16716716716716,1.0790758838045578e-13,4.462640629522092e-19,10.0,800,sintered
242162.1621621622,67.26726726726727,1.0806840425899713e-13,4.462640629522092e-19,10.0,800,sintered
242522.52252252251,67.36736736736736,1.0822922013753845e-13,4.462640629522092e-19,10.0,800,sintered
242882.8828828829,67.46746746746747,1.083900360160798e-13,4.462640629522092e-19,10.0,800,sintered
243243.24324324323,67.56756756756756,1.0855085189462112e-13,4.462640629522092e-19,10.0,800,sintered
243603.6036036036,67.66766766766767,1.0871166777316247e-13,4.462640629522092e-19,10.0,800,sintered
243963.96396396396,67.76776776776777,1.088724836517038e-13,4.462640629522092e-19,10.0,800,sintered
244324.32432432435,67.86786786786787,1.0903329953024515e-13,4.462640629522092e-19,10.0,800,sintered
244684.68468468467,67.96796796796797,1.0919411540878647e-13,4.462640629522092e-19,10.0,800,sintered
245045.04504504506,68.06806806806807,1.0935493128732782e-13,4.462640629522092e-19,10.0,800,sintered
245405.40540540538,68.16816816816817,1.0951574716586914e-13,4.462640629522092e-19,10.0,800,sintered
245765.76576576577,68.26826826826827,1.0967656304441048e-13,4.462640629522092e-19,10.0,800,sintered
246126.12612612615,68.36836836836838,1.0983737892295183e-13,4.462640629522092e-19,10.0,800,sintered
246486.4864864865,68.46846846846847,1.0999819480149316e-13,4.462640629522092e-19,10.0,800,sintered
246846.8468468469,68.56856856856858,1.1015901068003451e-13,4.462640629522092e-19,10.0,800,sintered
247207.20720720722,68.66866866866867,1.1031982655857583e-13,4.462640629522092e-19,10.0,800,sintered
247567.5675675676,68.76876876876878,1.1048064243711718e-13,4.462640629522092e-19,10.0,800,sintered
247927.92792792793,68.86886886886887,1.106414583156585e-13,4.462640629522092e-19,10.0,800,sintered
248288.28828828834,68.96896896896898,1.1080227419419986e-13,4.462640629522092e-19,10.0,800,sintered
248648.64864864867,69.06906906906907,1.1096309007274118e-13,4.462640629522092e-19,10.0,800,sintered
249009.00900900905,69.16916916916918,1.1112390595128254e-13,4.462640629522092e-19,10.0,800,sintered
249369.36936936938,69.26926926926927,1.1128472182982386e-13,4.462640629522092e-19,10.0,800,sintered
249729.72972972976,69.36936936936938,1.1144553770836521e-13,4.462640629522092e-19,10.0,800,sintered
250090.09009009012,69.46946946946947,1.1160635358690654e-13,4.462640629522092e-19,10.0,800,sintered
250450.4504504505,69.56956956956958,1.1176716946544789e-13,4.462640629522092e-19,10.0,800,sintered
250810.81081081083,69.66966966966967,1.1192798534398921e-13,4.462640629522092e-19,10.0,800,sintered
251171.1711711712,69.76976976976978,1.1208880122253056e-13,4.462640629522092e-19,10.0,800,sintered
251531.53153153154,69.86986986986987,1.1224961710107188e-13,4.462640629522092e-19,10.0,800,sintered
251891.89189189192,69.96996996996998,1.1241043297961322e-13,4.462640629522092e-19,10.0,800,sintered
252252.25225225228,70.07007007007007,1.1257124885815456e-13,4.462640629522092e-19,10.0,800,sintered
252612.61261261266,70.17017017017018,1.127320647366959e-13,4.462640629522092e-19,10.0,800,sintered
252972.972972973,70.27027027027027,1.1289288061523723e-13,4.462640629522092e-19,10.0,800,sintered
253333.33333333337,70.37037037037038,1.1305369649377857e-13,4.462640629522092e-19,10.0,800,sintered
253693.6936936937,70.47047047047047,1.1321451237231989e-13,4.462640629522092e-19,10.0,800,sintered
254054.05405405408,70.57057057057058,1.1337532825086124e-13,4.462640629522092e-19,10.0,800,sintered
254414.41441441444,70.67067067067067,1.1353614412940257e-13,4.462640629522092e-19,10.0,800,sintered
254774.77477477482,70.77077077077078,1.1369696000794395e-13,4.462640629522092e-19,10.0,800,sintered
255135.13513513515,70.87087087087087,1.1385777588648527e-13,4.462640629522092e-19,10.0,800,sintered
255495.49549549553,70.97097097097098,1.1401859176502661e-13,4.462640629522092e-19,10.0,800,sintered
255855.85585585586,71.07107107107107,1.1417940764356793e-13,4.462640629522092e-19,10.0,800,sintered
256216.21621621624,71.17117117117118,1.1434022352210928e-13,4.462640629522092e-19,10.0,800,sintered
256576.5765765766,71.27127127127127,1.145010394006506e-13,4.462640629522092e-19,10.0,800,sintered
256936.93693693698,71.37137137137138,1.1466185527919195e-13,4.462640629522092e-19,10.0,800,sintered
257297.2972972973,71.47147147147147,1.1482267115773327e-13,4.462640629522092e-19,10.0,800,sintered
257657.6576576577,71.57157157157158,1.1498348703627462e-13,4.462640629522092e-19,10.0,800,sintered
258018.01801801802,71.67167167167167,1.1514430291481594e-13,4.462640629522092e-19,10.0,800,sintered
258378.3783783784,71.77177177177178,1.1530511879335728e-13,4.462640629522092e-19,10.0,800,sintered
258738.73873873876,71.87187187187187,1.1546593467189863e-13,4.462640629522092e-19,10.0,800,sintered
259099.09909909914,71.97197197197198,1.1562675055043998e-13,4.462640629522092e-19,10.0,800,sintered
259459.45945945947,72.07207207207207,1.157875664289813e-13,4.462640629522092e-19,10.0,800,sintered
259819.81981981985,72.17217217217218,1.1594838230752265e-13,4.462640629522092e-19,10.0,800,sintered
260180.18018018018,72.27227227227228,1.1610919818606397e-13,4.462640629522092e-19,10.0,800,sintered
260540.54054054056,72.37237237237238,1.1627001406460531e-13,4.462640629522092e-19,10.0,800,sintered
260900.90090090092,72.47247247247248,1.1643082994314663e-13,4.462640629522092e-19,10.0,800,sintered
261261.2612612613,72.57257257257258,1.1659164582168798e-13,4.462640629522092e-19,10.0,800,sintered
261621.62162162163,72.67267267267268,1.167524617002293e-13,4.462640629522092e-19,10.0,800,sintered
261981.981981982,72.77277277277278,1.1691327757877065e-13,4.462640629522092e-19,10.0,800,sintered
262342.34234234237,72.87287287287288,1.17074093457312e-13,4.462640629522092e-19,10.0,800,sintered
262702.7027027027,72.97297297297298,1.1723490933585332e-13,4.462640629522092e-19,10.0,800,sintered
263063.0630630631,73.07307307307308,1.1739572521439466e-13,4.462640629522092e-19,10.0,800,sintered
263423.42342342343,73.17317317317318,1.1755654109293598e-13,4.462640629522092e-19,10.0,800,sintered
263783.7837837838,73.27327327327328,1.1771735697147733e-13,4.462640629522092e-19,10.0,800,sintered
264144.1441441442,73.37337337337338,1.178781728500187e-13,4.462640629522092e-19,10.0,800,sintered
264504.5045045045,73.47347347347348,1.1803898872856e-13,4.462640629522092e-19,10.0,800,sintered
264864.8648648649,73.57357357357358,1.1819980460710137e-13,4.462640629522092e-19,10.0,800,sintered
265225.2252252252,73.67367367367368,1.1836062048564267e-13,4.462640629522092e-19,10.0,800,sintered
265585.5855855856,73.77377377377378,1.1852143636418404e-13,4.462640629522092e-19,10.0,800,sintered
265945.945945946,73.87387387387388,1.1868225224272536e-13,4.462640629522092e-19,10.0,800,sintered
266306.30630630633,73.97397397397398,1.188430681212667e-13,4.462640629522092e-19,10.0,800,sintered
266666.6666666667,74.07407407407408,1.1900388399980803e-13,4.462640629522092e-19,10.0,800,sintered
267027.02702702704,74.17417417417418,1.1916469987834937e-13,4.462640629522092e-19,10.0,800,sintered
267387.3873873874,74.27427427427428,1.193255157568907e-13,4.462640629522092e-19,10.0,800,sintered
267747.7477477478,74.37437437437438,1.1948633163543207e-13,4.462640629522092e-19,10.0,800,sintered
268108.1081081081,74.47447447447448,1.1964714751397336e-13,4.462640629522092e-19,10.0,800,sintered
268468.4684684685,74.57457457457458,1.1980796339251474e-13,4.462640629522092e-19,10.0,800,sintered
268828.8288288288,74.67467467467468,1.1996877927105603e-13,4.462640629522092e-19,10.0,800,sintered
269189.18918918923,74.77477477477478,1.201295951495974e-13,4.462640629522092e-19,10.0,800,sintered
269549.5495495496,74.87487487487488,1.2029041102813872e-13,4.462640629522092e-19,10.0,800,sintered
269909.90990990994,74.97497497497498,1.2045122690668007e-13,4.462640629522092e-19,10.0,800,sintered
270270.2702702703,75.07507507507508,1.206120427852214e-13,4.462640629522092e-19,10.0,800,sintered
270630.63063063065,75.17517517517518,1.2077285866376274e-13,4.462640629522092e-19,10.0,800,sintered
270990.990990991,75.27527527527528,1.2093367454230406e-13,4.462640629522092e-19,10.0,800,sintered
271351.35135135136,75.37537537537538,1.210944904208454e-13,4.462640629522092e-19,10.0,800,sintered
271711.7117117117,75.47547547547548,1.2125530629938673e-13,4.462640629522092e-19,10.0,800,sintered
272072.07207207213,75.57557557557558,1.214161221779281e-13,4.462640629522092e-19,10.0,800,sintered
272432.4324324324,75.67567567567568,1.215769380564694e-13,4.462640629522092e-19,10.0,800,sintered
272792.79279279284,75.77577577577578,1.2173775393501077e-13,4.462640629522092e-19,10.0,800,sintered
273153.15315315314,75.87587587587588,1.2189856981355206e-13,4.462640629522092e-19,10.0,800,sintered
273513.51351351355,75.97597597597598,1.2205938569209344e-13,4.462640629522092e-19,10.0,800,sintered
273873.8738738739,76.07607607607608,1.2222020157063476e-13,4.462640629522092e-19,10.0,800,sintered
274234.23423423426,76.17617617617618,1.223810174491761e-13,4.462640629522092e-19,10.0,800,sintered
274594.5945945946,76.27627627627628,1.2254183332771745e-13,4.462640629522092e-19,10.0,800,sintered
274954.95495495497,76.37637637637638,1.2270264920625877e-13,4.462640629522092e-19,10.0,800,sintered
275315.3153153153,76.47647647647648,1.2286346508480012e-13,4.462640629522092e-19,10.0,800,sintered
275675.6756756757,76.57657657657658,1.2302428096334144e-13,4.462640629522092e-19,10.0,800,sintered
276036.03603603604,76.67667667667668,1.2318509684188279e-13,4.462640629522092e-19,10.0,800,sintered
276396.39639639645,76.77677677677679,1.2334591272042413e-13,4.462640629522092e-19,10.0,800,sintered
276756.75675675675,76.87687687687688,1.2350672859896545e-13,4.462640629522092e-19,10.0,800,sintered
277117.11711711716,76.97697697697699,1.236675444775068e-13,4.462640629522092e-19,10.0,800,sintered
277477.47747747746,77.07707707707708,1.2382836035604812e-13,4.462640629522092e-19,10.0,800,sintered
277837.83783783787,77.17717717717719,1.2398917623458947e-13,4.462640629522092e-19,10.0,800,sintered
278198.1981981982,77.27727727727728,1.2414999211313082e-13,4.462640629522092e-19,10.0,800,sintered
278558.5585585586,77.37737737737739,1.2431080799167214e-13,4.462640629522092e-19,10.0,800,sintered
278918.91891891893,77.47747747747748,1.2447162387021348e-13,4.462640629522092e-19,10.0,800,sintered
279279.2792792793,77.57757757757759,1.246324397487548e-13,4.462640629522092e-19,10.0,800,sintered
279639.63963963964,77.67767767767768,1.2479325562729615e-13,4.462640629522092e-19,10.0,800,sintered
280000.0,77.77777777777779,1.2495407150583747e-13,4.462640629522092e-19,10.0,800,sintered
280360.36036036036,77.87787787787788,1.2511488738437882e-13,4.462640629522092e-19,10.0,800,sintered
280720.72072072077,77.97797797797799,1.2527570326292017e-13,4.462640629522092e-19,10.0,800,sintered
281081.08108108107,78.07807807807808,1.2543651914146149e-13,4.462640629522092e-19,10.0,800,sintered
281441.4414414415,78.17817817817819,1.2559733502000283e-13,4.462640629522092e-19,10.0,800,sintered
281801.8018018018,78.27827827827828,1.2575815089854415e-13,4.462640629522092e-19,10.0,800,sintered
282162.1621621622,78.37837837837839,1.259189667770855e-13,4.462640629522092e-19,10.0,800,sintered
282522.52252252254,78.47847847847848,1.2607978265562685e-13,4.462640629522092e-19,10.0,800,sintered
282882.8828828829,78.57857857857859,1.2624059853416817e-13,4.462640629522092e-19,10.0,800,sintered
283243.24324324325,78.67867867867868,1.2640141441270952e-13,4.462640629522092e-19,10.0,800,sintered
283603.6036036036,78.77877877877879,1.2656223029125084e-13,4.462640629522092e-19,10.0,800,sintered
283963.96396396396,78.87887887887888,1.2672304616979218e-13,4.462640629522092e-19,10.0,800,sintered
284324.3243243244,78.97897897897899,1.2688386204833353e-13,4.462640629522092e-19,10.0,800,sintered
284684.6846846847,79.07907907907908,1.2704467792687485e-13,4.462640629522092e-19,10.0,800,sintered
285045.0450450451,79.17917917917919,1.2720549380541622e-13,4.462640629522092e-19,10.0,800,sintered
285405.4054054054,79.27927927927928,1.2736630968395752e-13,4.462640629522092e-19,10.0,800,sintered
285765.7657657658,79.37937937937939,1.275271255624989e-13,4.462640629522092e-19,10.0,800,sintered
286126.12612612615,79.47947947947948,1.276879414410402e-13,4.462640629522092e-19,10.0,800,sintered
286486.4864864865,79.57957957957959,1.2784875731958156e-13,4.462640629522092e-19,10.0,800,sintered
286846.84684684686,79.67967967967968,1.2800957319812288e-13,4.462640629522092e-19,10.0,800,sintered
287207.2072072072,79.77977977977979,1.2817038907666423e-13,4.462640629522092e-19,10.0,800,sintered
287567.5675675676,79.87987987987988,1.2833120495520555e-13,4.462640629522092e-19,10.0,800,sintered
287927.9279279279,79.97997997997999,1.284920208337469e-13,4.462640629522092e-19,10.0,800,sintered
288288.2882882883,80.08008008008008,1.2865283671228822e-13,4.462640629522092e-19,10.0,800,sintered
288648.6486486487,80.18018018018019,1.288136525908296e-13,4.462640629522092e-19,10.0,800,sintered
289009.009009009,80.28028028028028,1.2897446846937088e-13,4.462640629522092e-19,10.0,800,sintered
289369.3693693694,80.38038038038039,1.2913528434791226e-13,4.462640629522092e-19,10.0,800,sintered
289729.7297297297,80.48048048048048,1.2929610022645355e-13,4.462640629522092e-19,10.0,800,sintered
290090.0900900901,80.58058058058059,1.2945691610499492e-13,4.462640629522092e-19,10.0,800,sintered
290450.4504504505,80.68068068068068,1.2961773198353624e-13,4.462640629522092e-19,10.0,800,sintered
290810.8108108108,80.78078078078079,1.297785478620776e-13,4.462640629522092e-19,10.0,800,sintered
291171.1711711712,80.88088088088088,1.299393637406189e-13,4.462640629522092e-19,10.0,800,sintered
291531.53153153154,80.98098098098099,1.3010017961916026e-13,4.462640629522092e-19,10.0,800,sintered
291891.8918918919,81.08108108108108,1.3026099549770158e-13,4.462640629522092e-19,10.0,800,sintered
292252.25225225225,81.18118118118119,1.3042181137624293e-13,4.462640629522092e-19,10.0,800,sintered
292612.6126126126,81.28128128128128,1.3058262725478425e-13,4.462640629522092e-19,10.0,800,sintered
292972.972972973,81.38138138138139,1.3074344313332562e-13,4.462640629522092e-19,10.0,800,sintered
293333.3333333333,81.48148148148148,1.3090425901186692e-13,4.462640629522092e-19,10.0,800,sintered
293693.6936936937,81.58158158158159,1.310650748904083e-13,4.462640629522092e-19,10.0,800,sintered
294054.054054054,81.68168168168168,1.3122589076894958e-13,4.462640629522092e-19,10.0,800,sintered
294414.41441441444,81.78178178178179,1.3138670664749096e-13,4.462640629522092e-19,10.0,800,sintered
294774.7747747748,81.88188188188188,1.3154752252603228e-13,4.462640629522092e-19,10.0,800,sintered
295135.13513513515,81.98198198198199,1.3170833840457362e-13,4.462640629522092e-19,10.0,800,sintered
295495.4954954955,82.08208208208208,1.3186915428311497e-13,4.462640629522092e-19,10.0,800,sintered
295855.85585585586,82.18218218218219,1.320299701616563e-13,4.462640629522092e-19,10.0,800,sintered
296216.2162162162,82.28228228228228,1.3219078604019764e-13,4.462640629522092e-19,10.0,800,sintered
296576.5765765766,82.38238238238239,1.3235160191873898e-13,4.462640629522092e-19,10.0,800,sintered
296936.9369369369,82.48248248248248,1.325124177972803e-13,4.462640629522092e-19,10.0,800,sintered
297297.29729729734,82.58258258258259,1.3267323367582165e-13,4.462640629522092e-19,10.0,800,sintered
297657.65765765763,82.68268268268268,1.3283404955436297e-13,4.462640629522092e-19,10.0,800,sintered
298018.01801801805,82.78278278278279,1.3299486543290432e-13,4.462640629522092e-19,10.0,800,sintered
298378.3783783784,82.88288288288288,1.3315568131144567e-13,4.462640629522092e-19,10.0,800,sintered
298738.73873873876,82.98298298298299,1.33316497189987e-13,4.462640629522092e-19,10.0,800,sintered
299099.0990990991,83.08308308308308,1.3347731306852833e-13,4.462640629522092e-19,10.0,800,sintered
299459.45945945947,83.18318318318319,1.3363812894706966e-13,4.462640629522092e-19,10.0,800,sintered
299819.8198198198,83.28328328328328,1.33798944825611e-13,4.462640629522092e-19,10.0,800,sintered
300180.1801801802,83.38338338338339,1.3395976070415232e-13,4.462640629522092e-19,10.0,800,sintered
300540.54054054053,83.48348348348348,1.3412057658269367e-13,4.462640629522092e-19,10.0,800,sintered
300900.90090090095,83.58358358358359,1.3428139246123502e-13,4.462640629522092e-19,10.0,800,sintered
301261.26126126124,83.68368368368368,1.3444220833977634e-13,4.462640629522092e-19,10.0,800,sintered
301621.62162162166,83.78378378378379,1.3460302421831768e-13,4.462640629522092e-19,10.0,800,sintered
301981.98198198195,83.88388388388388,1.34763840096859e-13,4.462640629522092e-19,10.0,800,sintered
302342.34234234237,83.98398398398399,1.3492465597540035e-13,4.462640629522092e-19,10.0,800,sintered
302702.7027027027,84.08408408408408,1.350854718539417e-13,4.462640629522092e-19,10.0,800,sintered
303063.0630630631,84.18418418418419,1.3524628773248302e-13,4.462640629522092e-19,10.0,800,sintered
303423.42342342343,84.28428428428428,1.3540710361102437e-13,4.462640629522092e-19,10.0,800,sintered
303783.7837837838,84.38438438438439,1.355679194895657e-13,4.462640629522092e-19,10.0,800,sintered
304144.14414414414,84.48448448448448,1.3572873536810704e-13,4.462640629522092e-19,10.0,800,sintered
304504.5045045045,84.58458458458459,1.3588955124664836e-13,4.462640629522092e-19,10.0,800,sintered
304864.86486486485,84.68468468468468,1.360503671251897e-13,4.462640629522092e-19,10.0,800,sintered
305225.22522522527,84.78478478478479,1.3621118300373107e-13,4.462640629522092e-19,10.0,800,sintered
305585.58558558556,84.88488488488488,1.3637199888227237e-13,4.462640629522092e-19,10.0,800,sintered
305945.945945946,84.98498498498499,1.3653281476081374e-13,4.462640629522092e-19,10.0,800,sintered
306306.3063063063,85.08508508508508,1.3669363063935504e-13,4.462640629522092e-19,10.0,800,sintered
306666.6666666667,85.18518518518519,1.368544465178964e-13,4.462640629522092e-19,10.0,800,sintered
307027.02702702704,85.28528528528528,1.3701526239643773e-13,4.462640629522092e-19,10.0,800,sintered
307387.3873873874,85.38538538538539,1.3717607827497908e-13,4.462640629522092e-19,10.0,800,sintered
307747.7477477478,85.4854854854855,1.3733689415352042e-13,4.462640629522092e-19,10.0,800,sintered
308108.1081081081,85.58558558558559,1.3749771003206175e-13,4.462640629522092e-19,10.0,800,sintered
308468.4684684685,85.6856856856857,1.376585259106031e-13,4.462640629522092e-19,10.0,800,sintered
308828.8288288289,85.78578578578579,1.3781934178914444e-13,4.462640629522092e-19,10.0,800,sintered
309189.18918918923,85.8858858858859,1.3798015766768576e-13,4.462640629522092e-19,10.0,800,sintered
309549.5495495496,85.98598598598599,1.381409735462271e-13,4.462640629522092e-19,10.0,800,sintered
309909.90990990994,86.0860860860861,1.3830178942476843e-13,4.462640629522092e-19,10.0,800,sintered
310270.2702702703,86.18618618618619,1.3846260530330978e-13,4.462640629522092e-19,10.0,800,sintered
310630.63063063065,86.2862862862863,1.386234211818511e-13,4.462640629522092e-19,10.0,800,sintered
310990.990990991,86.38638638638639,1.3878423706039244e-13,4.462640629522092e-19,10.0,800,sintered
311351.3513513514,86.4864864864865,1.389450529389338e-13,4.462640629522092e-19,10.0,800,sintered
311711.7117117117,86.58658658658659,1.391058688174751e-13,4.462640629522092e-19,10.0,800,sintered
312072.07207207213,86.6866866866867,1.3926668469601646e-13,4.462640629522092e-19,10.0,800,sintered
312432.4324324324,86.78678678678679,1.3942750057455778e-13,4.462640629522092e-19,10.0,800,sintered
312792.79279279284,86.8868868868869,1.3958831645309913e-13,4.462640629522092e-19,10.0,800,sintered
313153.1531531532,86.98698698698699,1.3974913233164047e-13,4.462640629522092e-19,10.0,800,sintered
313513.51351351355,87.0870870870871,1.399099482101818e-13,4.462640629522092e-19,10.0,800,sintered
313873.8738738739,87.18718718718719,1.4007076408872314e-13,4.462640629522092e-19,10.0,800,sintered
314234.23423423426,87.2872872872873,1.4023157996726446e-13,4.462640629522092e-19,10.0,800,sintered
314594.5945945946,87.38738738738739,1.403923958458058e-13,4.462640629522092e-19,10.0,800,sintered
314954.95495495497,87.4874874874875,1.4055321172434713e-13,4.462640629522092e-19,10.0,800,sintered
315315.3153153153,87.58758758758759,1.4071402760288848e-13,4.462640629522092e-19,10.0,800,sintered
315675.67567567574,87.6876876876877,1.4087484348142985e-13,4.462640629522092e-19,10.0,800,sintered
316036.03603603604,87.78778778778779,1.4103565935997114e-13,4.462640629522092e-19,10.0,800,sintered
316396.39639639645,87.8878878878879,1.4119647523851252e-13,4.462640629522092e-19,10.0,800,sintered
316756.75675675675,87.98798798798799,1.413572911170538e-13,4.462640629522092e-19,10.0,800,sintered
317117.11711711716,88.0880880880881,1.4151810699559518e-13,4.462640629522092e-19,10.0,800,sintered
317477.4774774775,88.18818818818819,1.416789228741365e-13,4.462640629522092e-19,10.0,800,sintered
317837.83783783787,88.2882882882883,1.4183973875267785e-13,4.462640629522092e-19,10.0,800,sintered
318198.1981981982,88.38838838838839,1.4200055463121917e-13,4.462640629522092e-19,10.0,800,sintered
318558.5585585586,88.4884884884885,1.4216137050976052e-13,4.462640629522092e-19,10.0,800,sintered
318918.91891891893,88.58858858858859,1.4232218638830184e-13,4.462640629522092e-19,10.0,800,sintered
319279.27927927935,88.6886886886887,1.424830022668432e-13,4.462640629522092e-19,10.0,800,sintered
319639.63963963964,88.78878878878879,1.426438181453845e-13,4.462640629522092e-19,10.0,800,sintered
320000.00000000006,88.8888888888889,1.4280463402392588e-13,4.462640629522092e-19,10.0,800,sintered
320360.36036036036,88.988988988989,1.4296544990246718e-13,4.462640629522092e-19,10.0,800,sintered
320720.72072072077,89.0890890890891,1.4312626578100855e-13,4.462640629522092e-19,10.0,800,sintered
321081.0810810811,89.1891891891892,1.4328708165954987e-13,4.462640629522092e-19,10.0,800,sintered
321441.4414414415,89.2892892892893,1.4344789753809122e-13,4.462640629522092e-19,10.0,800,sintered
321801.80180180183,89.3893893893894,1.4360871341663254e-13,4.462640629522092e-19,10.0,800,sintered
322162.1621621622,89.4894894894895,1.4376952929517388e-13,4.462640629522092e-19,10.0,800,sintered
322522.52252252254,89.5895895895896,1.439303451737152e-13,4.462640629522092e-19,10.0,800,sintered
322882.8828828829,89.6896896896897,1.4409116105225655e-13,4.462640629522092e-19,10.0,800,sintered
323243.24324324325,89.7897897897898,1.4425197693079787e-13,4.462640629522092e-19,10.0,800,sintered
323603.60360360367,89.8898898898899,1.4441279280933924e-13,4.462640629522092e-19,10.0,800,sintered
323963.96396396396,89.98998998999,1.4457360868788054e-13,4.462640629522092e-19,10.0,800,sintered
324324.3243243244,90.0900900900901,1.447344245664219e-13,4.462640629522092e-19,10.0,800,sintered
324684.6846846847,90.1901901901902,1.448952404449632e-13,4.462640629522092e-19,10.0,800,sintered
325045.0450450451,90.2902902902903,1.4505605632350458e-13,4.462640629522092e-19,10.0,800,sintered
325405.40540540544,90.3903903903904,1.4521687220204593e-13,4.462640629522092e-19,10.0,800,sintered
325765.7657657658,90.4904904904905,1.4537768808058725e-13,4.462640629522092e-19,10.0,800,sintered
326126.12612612615,90.5905905905906,1.455385039591286e-13,4.462640629522092e-19,10.0,800,sintered
326486.4864864865,90.6906906906907,1.4569931983766992e-13,4.462640629522092e-19,10.0,800,sintered
326846.84684684686,90.7907907907908,1.4586013571621126e-13,4.462640629522092e-19,10.0,800,sintered
327207.2072072072,90.8908908908909,1.4602095159475258e-13,4.462640629522092e-19,10.0,800,sintered
327567.5675675676,90.990990990991,1.4618176747329393e-13,4.462640629522092e-19,10.0,800,sintered
327927.927927928,91.0910910910911,1.4634258335183528e-13,4.462640629522092e-19,10.0,800,sintered
328288.2882882883,91.1911911911912,1.465033992303766e-13,4.462640629522092e-19,10.0,800,sintered
328648.6486486487,91.2912912912913,1.4666421510891794e-13,4.462640629522092e-19,10.0,800,sintered
329009.009009009,91.3913913913914,1.4682503098745927e-13,4.462640629522092e-19,10.0,800,sintered
329369.3693693694,91.4914914914915,1.469858468660006e-13,4.462640629522092e-19,10.0,800,sintered
329729.72972972976,91.5915915915916,1.4714666274454196e-13,4.462640629522092e-19,10.0,800,sintered
330090.0900900901,91.6916916916917,1.4730747862308328e-13,4.462640629522092e-19,10.0,800,sintered
330450.4504504505,91.7917917917918,1.4746829450162463e-13,4.462640629522092e-19,10.0,800,sintered
330810.8108108108,91.8918918918919,1.4762911038016595e-13,4.462640629522092e-19,10.0,800,sintered
331171.1711711712,91.991991991992,1.477899262587073e-13,4.462640629522092e-19,10.0,800,sintered
331531.53153153154,92.0920920920921,1.4795074213724862e-13,4.462640629522092e-19,10.0,800,sintered
331891.8918918919,92.1921921921922,1.4811155801578996e-13,4.462640629522092e-19,10.0,800,sintered
332252.2522522523,92.2922922922923,1.482723738943313e-13,4.462640629522092e-19,10.0,800,sintered
332612.6126126126,92.3923923923924,1.4843318977287263e-13,4.462640629522092e-19,10.0,800,sintered
332972.972972973,92.4924924924925,1.4859400565141398e-13,4.462640629522092e-19,10.0,800,sintered
333333.3333333333,92.5925925925926,1.487548215299553e-13,4.462640629522092e-19,10.0,800,sintered
333693.6936936937,92.6926926926927,1.4891563740849665e-13,4.462640629522092e-19,10.0,800,sintered
334054.0540540541,92.7927927927928,1.49076453287038e-13,4.462640629522092e-19,10.0,800,sintered
334414.41441441444,92.8928928928929,1.4923726916557931e-13,4.462640629522092e-19,10.0,800,sintered
334774.7747747748,92.992992992993,1.4939808504412066e-13,4.462640629522092e-19,10.0,800,sintered
335135.13513513515,93.0930930930931,1.4955890092266198e-13,4.462640629522092e-19,10.0,800,sintered
335495.4954954955,93.1931931931932,1.4971971680120333e-13,4.462640629522092e-19,10.0,800,sintered
335855.8558558559,93.2932932932933,1.498805326797447e-13,4.462640629522092e-19,10.0,800,sintered
336216.2162162162,93.3933933933934,1.50041348558286e-13,4.462640629522092e-19,10.0,800,sintered
336576.5765765766,93.4934934934935,1.5020216443682737e-13,4.462640629522092e-19,10.0,800,sintered
336936.9369369369,93.5935935935936,1.5036298031536866e-13,4.462640629522092e-19,10.0,800,sintered
337297.29729729734,93.6936936936937,1.5052379619391003e-13,4.462640629522092e-19,10.0,800,sintered
337657.6576576577,93.7937937937938,1.5068461207245136e-13,4.462640629522092e-19,10.0,800,sintered
338018.01801801805,93.8938938938939,1.508454279509927e-13,4.462640629522092e-19,10.0,800,sintered
338378.3783783784,93.993993993994,1.5100624382953402e-13,4.462640629522092e-19,10.0,800,sintered
338738.73873873876,94.0940940940941,1.5116705970807537e-13,4.462640629522092e-19,10.0,800,sintered
339099.0990990991,94.1941941941942,1.513278755866167e-13,4.462640629522092e-19,10.0,800,sintered
339459.45945945947,94.2942942942943,1.5148869146515804e-13,4.462640629522092e-19,10.0,800,sintered
339819.8198198198,94.3943943943944,1.5164950734369936e-13,4.462640629522092e-19,10.0,800,sintered
340180.18018018024,94.4944944944945,1.5181032322224073e-13,4.462640629522092e-19,10.0,800,sintered
340540.54054054053,94.5945945945946,1.5197113910078203e-13,4.462640629522092e-19,10.0,800,sintered
340900.90090090095,94.6946946946947,1.521319549793234e-13,4.462640629522092e-19,10.0,800,sintered
341261.26126126124,94.7947947947948,1.522927708578647e-13,4.462640629522092e-19,10.0,800,sintered
341621.62162162166,94.8948948948949,1.5245358673640607e-13,4.462640629522092e-19,10.0,800,sintered
341981.981981982,94.994994994995,1.526144026149474e-13,4.462640629522092e-19,10.0,800,sintered
342342.34234234237,95.0950950950951,1.5277521849348874e-13,4.462640629522092e-19,10.0,800,sintered
342702.7027027027,95.1951951951952,1.5293603437203006e-13,4.462640629522092e-19,10.0,800,sintered
343063.0630630631,95.2952952952953,1.530968502505714e-13,4.462640629522092e-19,10.0,800,sintered
343423.42342342343,95.3953953953954,1.5325766612911272e-13,4.462640629522092e-19,10.0,800,sintered
343783.7837837838,95.4954954954955,1.5341848200765407e-13,4.462640629522092e-19,10.0,800,sintered
344144.14414414414,95.5955955955956,1.535792978861954e-13,4.462640629522092e-19,10.0,800,sintered
344504.50450450456,95.6956956956957,1.5374011376473676e-13,4.462640629522092e-19,10.0,800,sintered
344864.86486486485,95.7957957957958,1.5390092964327806e-13,4.462640629522092e-19,10.0,800,sintered
345225.22522522527,95.8958958958959,1.5406174552181943e-13,4.462640629522092e-19,10.0,800,sintered
345585.58558558556,95.995995995996,1.5422256140036073e-13,4.462640629522092e-19,10.0,800,sintered
345945.945945946,96.0960960960961,1.543833772789021e-13,4.462640629522092e-19,10.0,800,sintered
346306.30630630633,96.1961961961962,1.5454419315744345e-13,4.462640629522092e-19,10.0,800,sintered
346666.6666666667,96.2962962962963,1.5470500903598477e-13,4.462640629522092e-19,10.0,800,sintered
347027.02702702704,96.3963963963964,1.5486582491452611e-13,4.462640629522092e-19,10.0,800,sintered
347387.3873873874,96.4964964964965,1.5502664079306744e-13,4.462640629522092e-19,10.0,800,sintered
347747.74774774775,96.5965965965966,1.5518745667160878e-13,4.462640629522092e-19,10.0,800,sintered
348108.10810810816,96.6966966966967,1.5534827255015013e-13,4.462640629522092e-19,10.0,800,sintered
348468.46846846846,96.7967967967968,1.5550908842869145e-13,4.462640629522092e-19,10.0,800,sintered
348828.8288288289,96.8968968968969,1.556699043072328e-13,4.462640629522092e-19,10.0,800,sintered
349189.1891891892,96.996996996997,1.5583072018577412e-13,4.462640629522092e-19,10.0,800,sintered
349549.5495495496,97.0970970970971,1.5599153606431546e-13,4.462640629522092e-19,10.0,800,sintered
349909.90990990994,97.1971971971972,1.561523519428568e-13,4.462640629522092e-19,10.0,800,sintered
350270.2702702703,97.2972972972973,1.5631316782139813e-13,4.462640629522092e-19,10.0,800,sintered
350630.63063063065,97.3973973973974,1.5647398369993948e-13,4.462640629522092e-19,10.0,800,sintered
350990.990990991,97.4974974974975,1.566347995784808e-13,4.462640629522092e-19,10.0,800,sintered
351351.35135135136,97.5975975975976,1.5679561545702215e-13,4.462640629522092e-19,10.0,800,sintered
351711.7117117117,97.6976976976977,1.5695643133556347e-13,4.462640629522092e-19,10.0,800,sintered
352072.0720720721,97.7977977977978,1.5711724721410481e-13,4.462640629522092e-19,10.0,800,sintered
352432.4324324325,97.8978978978979,1.5727806309264616e-13,4.462640629522092e-19,10.0,800,sintered
352792.7927927928,97.997997997998,1.5743887897118748e-13,4.462640629522092e-19,10.0,800,sintered
353153.1531531532,98.0980980980981,1.5759969484972883e-13,4.462640629522092e-19,10.0,800,sintered
353513.5135135135,98.1981981981982,1.5776051072827015e-13,4.462640629522092e-19,10.0,800,sintered
353873.8738738739,98.2982982982983,1.579213266068115e-13,4.462640629522092e-19,10.0,800,sintered
354234.23423423426,98.3983983983984,1.5808214248535284e-13,4.462640629522092e-19,10.0,800,sintered
354594.5945945946,98.4984984984985,1.5824295836389416e-13,4.462640629522092e-19,10.0,800,sintered
354954.95495495497,98.5985985985986,1.584037742424355e-13,4.462640629522092e-19,10.0,800,sintered
355315.3153153153,98.6986986986987,1.5856459012097683e-13,4.462640629522092e-19,10.0,800,sintered
355675.6756756757,98.7987987987988,1.5872540599951818e-13,4.462640629522092e-19,10.0,800,sintered
356036.03603603604,98.8988988988989,1.588862218780595e-13,4.462640629522092e-19,10.0,800,sintered
356396.3963963964,98.998998998999,1.5904703775660085e-13,4.462640629522092e-19,10.0,800,sintered
356756.7567567568,99.0990990990991,1.5920785363514222e-13,4.462640629522092e-19,10.0,800,sintered
357117.1171171171,99.1991991991992,1.5936866951368351e-13,4.462640629522092e-19,10.0,800,sintered
357477.4774774775,99.2992992992993,1.5952948539222489e-13,4.462640629522092e-19,10.0,800,sintered
357837.8378378378,99.3993993993994,1.5969030127076618e-13,4.462640629522092e-19,10.0,800,sintered
358198.1981981982,99.4994994994995,1.5985111714930755e-13,4.462640629522092e-19,10.0,800,sintered
358558.5585585586,99.5995995995996,1.6001193302784888e-13,4.462640629522092e-19,10.0,800,sintered
358918.91891891893,99.6996996996997,1.6017274890639022e-13,4.462640629522092e-19,10.0,800,sintered
359279.2792792793,99.7997997997998,1.6033356478493154e-13,4.462640629522092e-19,10.0,800,sintered
359639.63963963964,99.8998998998999,1.604943806634729e-13,4.462640629522092e-19,10.0,800,sintered
360000.0,100.0,1.606551965420142e-13,4.462640629522092e-19,10.0,800,sintered
0.0,0.0,0.0,4.1013241085899736e-18,20.0,800,sintered
360.3603603603604,0.1001001001001001,1.477948670551208e-15,4.101291555965386e-18,20.0,800,sintered
720.7207207207208,0.2002002002002002,2.9558861784380936e-15,4.101262104080888e-18,20.0,800,sintered
1081.081081081081,0.3003003003003003,4.4338135869396144e-15,4.1012354575812125e-18,20.0,800,sintered
1441.4414414414416,0.4004004004004004,5.9117318580540584e-15,4.101211349244615e-18,20.0,800,sintered
1801.801801801802,0.5005005005005005,7.389641862146344e-15,4.101189537303061e-18,20.0,800,sintered
2162.162162162162,0.6006006006006006,8.867544386676382e-15,4.1011698030176866e-18,20.0,800,sintered
2522.5225225225226,0.7007007007007008,1.034544014409606e-14,4.101151948485191e-18,20.0,800,sintered
2882.882882882883,0.8008008008008008,1.1823329778993958e-14,4.101135794653189e-18,20.0,800,sintered
3243.2432432432433,0.9009009009009009,1.3301213874559578e-14,4.101121179524598e-18,20.0,800,sintered
3603.603603603604,1.001001001001001,1.477909295843178e-14,4.101107956533068e-18,20.0,800,sintered
3963.963963963964,1.1011011011011012,1.6256967507990147e-14,4.101095993073157e-18,20.0,800,sintered
4324.324324324324,1.2012012012012012,1.7734837955142372e-14,4.1010851691705086e-18,20.0,800,sintered
4684.684684684685,1.3013013013013013,1.9212704690655573e-14,4.101075376278701e-18,20.0,800,sintered
5045.045045045045,1.4014014014014016,2.0690568068075058e-14,4.1010665161907036e-18,20.0,800,sintered
5405.405405405406,1.5015015015015016,2.2168428407269837e-14,4.101058500054012e-18,20.0,800,sintered
5765.765765765766,1.6016016016016017,2.3646285997640393e-14,4.1010512474796056e-18,20.0,800,sintered
6126.126126126126,1.7017017017017018,2.5124141101020894e-14,4.101044685735769e-18,20.0,800,sintered
6486.486486486487,1.8018018018018018,2.6601993954304982e-14,4.101038749018715e-18,20.0,800,sintered
6846.846846846847,1.9019019019019021,2.8079844771821432e-14,4.1010333777926705e-18,20.0,800,sintered
7207.207207207208,2.002002002002002,2.955769374748353e-14,4.101028518192836e-18,20.0,800,sintered
7567.567567567568,2.1021021021021022,3.103554105673371e-14,4.101024121485201e-18,20.0,800,sintered
7927.927927927928,2.2022022022022023,3.2513386858302943e-14,4.1010201435778264e-18,20.0,800,sintered
8288.288288288288,2.3023023023023024,3.399123129580261e-14,4.1010165445786665e-18,20.0,800,sintered
8648.648648648648,2.4024024024024024,3.5469074499164627e-14,4.10101328839552e-18,20.0,800,sintered
9009.009009009009,2.5025025025025025,3.69469165859445e-14,4.10101034237408e-18,20.0,800,sintered
9369.36936936937,2.6026026026026026,3.8424757662500204e-14,4.101007676970468e-18,20.0,800,sintered
9729.729729729732,2.702702702702703,3.9902597825058765e-14,4.10100526545495e-18,20.0,800,sintered
10090.09009009009,2.802802802802803,4.138043716068128e-14,4.101003083643886e-18,20.0,800,sintered
10450.450450450451,2.902902902902903,4.285827574813603e-14,4.101001109657203e-18,20.0,800,sintered
10810.810810810812,3.0030030030030033,4.433611365868836e-14,4.100999323698972e-18,20.0,800,sintered
11171.171171171172,3.1031031031031033,4.5813950956815335e-14,4.100997707858892e-18,20.0,800,sintered
11531.531531531533,3.2032032032032034,4.7291787700852414e-14,4.100996245932672e-18,20.0,800,sintered
11891.891891891892,3.3033033033033035,4.8769623943578404e-14,4.100994923259533e-18,20.0,800,sintered
12252.252252252252,3.4034034034034035,5.024745973274478e-14,4.100993726575178e-18,20.0,800,sintered
12612.612612612613,3.5035035035035036,5.1725295111554505e-14,4.10099264387878e-18,20.0,800,sintered
12972.972972972973,3.6036036036036037,5.320313011909535e-14,4.100991664312626e-18,20.0,800,sintered
13333.333333333334,3.7037037037037037,5.468096479073185e-14,4.100990778053236e-18,20.0,800,sintered
13693.693693693695,3.8038038038038042,5.615879915845994e-14,4.100989976212846e-18,20.0,800,sintered
14054.054054054055,3.9039039039039043,5.763663325122788e-14,4.10098925075028e-18,20.0,800,sintered
14414.414414414416,4.004004004004004,5.911446709522645e-14,4.1009885943903106e-18,20.0,800,sintered
14774.774774774776,4.104104104104104,6.059230071415176e-14,4.100988000550696e-18,20.0,800,sintered
15135.135135135137,4.2042042042042045,6.207013412944272e-14,4.100987463276177e-18,20.0,800,sintered
15495.495495495496,4.3043043043043046,6.354796736049614e-14,4.1009869771787495e-18,20.0,800,sintered
15855.855855855856,4.404404404404405,6.502580042486125e-14,4.100986537383633e-18,20.0,800,sintered
16216.216216216217,4.504504504504505,6.650363333841564e-14,4.1009861394803886e-18,20.0,800,sintered
16576.576576576575,4.604604604604605,6.798146611552446e-14,4.100985779478682e-18,20.0,800,sintered
16936.936936936938,4.704704704704705,6.945929876918463e-14,4.100985453768272e-18,20.0,800,sintered
17297.297297297297,4.804804804804805,7.093713131115499e-14,4.100985159082806e-18,20.0,800,sintered
17657.65765765766,4.904904904904905,7.241496375207439e-14,4.1009848924670585e-18,20.0,800,sintered
18018.018018018018,5.005005005005005,7.389279610156819e-14,4.100984651247302e-18,20.0,800,sintered
18378.378378378377,5.105105105105105,7.537062836834502e-14,4.1009844330044876e-18,20.0,800,sintered
18738.73873873874,5.205205205205205,7.684846056028391e-14,4.100984235549988e-18,20.0,800,sintered
19099.099099099098,5.305305305305305,7.83262926845134e-14,4.100984056903653e-18,20.0,800,sintered
19459.459459459464,5.405405405405406,7.980412474748307e-14,4.100983895273944e-18,20.0,800,sintered
19819.819819819822,5.505505505505506,8.128195675502803e-14,4.1009837490399746e-18,20.0,800,sintered
20180.18018018018,5.605605605605606,8.275978871242774e-14,4.100983616735251e-18,20.0,800,sintered
20540.540540540544,5.705705705705706,8.423762062445863e-14,4.10098349703297e-18,20.0,800,sintered
20900.900900900902,5.805805805805806,8.571545249544227e-14,4.100983388732708e-18,20.0,800,sintered
21261.261261261265,5.9059059059059065,8.719328432928853e-14,4.1009832907483875e-18,20.0,800,sintered
21621.621621621623,6.0060060060060065,8.867111612953483e-14,4.100983202097382e-18,20.0,800,sintered
21981.981981981982,6.106106106106107,9.01489478993817e-14,4.100983121890665e-18,20.0,800,sintered
22342.342342342345,6.206206206206207,9.162677964172478e-14,4.10098304932389e-18,20.0,800,sintered
22702.702702702703,6.306306306306307,9.310461135918389e-14,4.100982983669329e-18,20.0,800,sintered
23063.063063063066,6.406406406406407,9.458244305412931e-14,4.100982924268572e-18,20.0,800,sintered
23423.423423423425,6.506506506506507,9.606027472870553e-14,4.100982870525924e-18,20.0,800,sintered
23783.783783783783,6.606606606606607,9.753810638485278e-14,4.100982821902433e-18,20.0,800,sintered
24144.144144144146,6.706706706706707,9.90159380243265e-14,4.100982777910483e-18,20.0,800,sintered
24504.504504504504,6.806806806806807,1.0049376964871487e-13,4.1009827381089044e-18,20.0,800,sintered
24864.864864864867,6.906906906906907,1.0197160125945484e-13,4.100982702098552e-18,20.0,800,sintered
25225.225225225226,7.007007007007007,1.0344943285784644e-13,4.100982669518299e-18,20.0,800,sintered
25585.585585585584,7.107107107107107,1.049272644450659e-13,4.1009826400414175e-18,20.0,800,sintered
25945.945945945947,7.207207207207207,1.0640509602217741e-13,4.100982613372302e-18,20.0,800,sintered
26306.306306306305,7.307307307307307,1.0788292759014376e-13,4.100982589243504e-18,20.0,800,sintered
26666.666666666668,7.407407407407407,1.093607591498361e-13,4.10098256741305e-18,20.0,800,sintered
27027.02702702703,7.507507507507508,1.1083859070204253e-13,4.100982547662015e-18,20.0,800,sintered
27387.38738738739,7.6076076076076085,1.1231642224747607e-13,4.100982529792329e-18,20.0,800,sintered
27747.74774774775,7.7077077077077085,1.1379425378678195e-13,4.100982513624787e-18,20.0,800,sintered
28108.10810810811,7.807807807807809,1.1527208532054374e-13,4.100982498997254e-18,20.0,800,sintered
28468.468468468473,7.907907907907909,1.1674991684928962e-13,4.10098248576304e-18,20.0,800,sintered
28828.82882882883,8.008008008008009,1.182277483734973e-13,4.100982473789426e-18,20.0,800,sintered
29189.18918918919,8.108108108108109,1.197055798935991e-13,4.100982462956337e-18,20.0,800,sintered
29549.549549549552,8.208208208208209,1.2118341140998615e-13,4.100982453155134e-18,20.0,800,sintered
29909.90990990991,8.308308308308309,1.2266124292301221e-13,4.100982444287526e-18,20.0,800,sintered
30270.270270270274,8.408408408408409,1.2413907443299751e-13,4.100982436264586e-18,20.0,800,sintered
30630.630630630632,8.508508508508509,1.2561690594023162e-13,4.100982429005856e-18,20.0,800,sintered
30990.99099099099,8.608608608608609,1.270947374449766e-13,4.1009824224385426e-18,20.0,800,sintered
31351.351351351354,8.70870870870871,1.2857256894746965e-13,4.100982416496787e-18,20.0,800,sintered
31711.711711711712,8.80880880880881,1.3005040044792513e-13,4.100982411121002e-18,20.0,800,sintered
32072.072072072075,8.90890890890891,1.3152823194653725e-13,4.1009824062572775e-18,20.0,800,sintered
32432.432432432433,9.00900900900901,1.3300606344348153e-13,4.100982401856839e-18,20.0,800,sintered
32792.792792792796,9.10910910910911,1.3448389493891686e-13,4.100982397875555e-18,20.0,800,sintered
33153.15315315315,9.20920920920921,1.359617264329869e-13,4.100982394273501e-18,20.0,800,sintered
33513.51351351351,9.30930930930931,1.3743955792582182e-13,4.100982391014554e-18,20.0,800,sintered
33873.873873873876,9.40940940940941,1.3891738941753922e-13,4.1009823880660325e-18,20.0,800,sintered
34234.23423423424,9.50950950950951,1.403952209082455e-13,4.100982385398367e-18,20.0,800,sintered
34594.59459459459,9.60960960960961,1.4187305239803698e-13,4.1009823829848045e-18,20.0,800,sintered
34954.954954954956,9.70970970970971,1.433508838870009e-13,4.100982380801141e-18,20.0,800,sintered
35315.31531531532,9.80980980980981,1.4482871537521596e-13,4.100982378825479e-18,20.0,800,sintered
35675.67567567567,9.90990990990991,1.4630654686275353e-13,4.100982377038006e-18,20.0,800,sintered
36036.036036036036,10.01001001001001,1.477843783496782e-13,4.100982375420794e-18,20.0,800,sintered
36396.3963963964,10.11011011011011,1.492622098360483e-13,4.100982373957627e-18,20.0,800,sintered
36756.75675675675,10.21021021021021,1.5074004132191662e-13,4.100982372633831e-18,20.0,800,sintered
37117.117117117115,10.31031031031031,1.5221787280733104e-13,4.100982371436131e-18,20.0,800,sintered
37477.47747747748,10.41041041041041,1.5369570429233477e-13,4.100982370352516e-18,20.0,800,sintered
37837.83783783784,10.51051051051051,1.551735357769669e-13,4.100982369372118e-18,20.0,800,sintered
38198.198198198195,10.61061061061061,1.566513672612628e-13,4.100982368485107e-18,20.0,800,sintered
38558.558558558565,10.710710710710712,1.5812919874525463e-13,4.100982367682586e-18,20.0,800,sintered
38918.91891891893,10.810810810810812,1.5960703022897119e-13,4.1009823669565076e-18,20.0,800,sintered
39279.27927927928,10.910910910910912,1.6108486171243877e-13,4.1009823662995906e-18,20.0,800,sintered
39639.639639639645,11.011011011011012,1.625626931956811e-13,4.100982365705247e-18,20.0,800,sintered
40000.00000000001,11.111111111111112,1.6404052467871965e-13,4.100982365167517e-18,20.0,800,sintered
40360.36036036036,11.211211211211213,1.6551835616157374e-13,4.100982364681007e-18,20.0,800,sintered
40720.720720720725,11.311311311311313,1.6699618764426104e-13,4.100982364240838e-18,20.0,800,sintered
41081.08108108109,11.411411411411413,1.684740191267974e-13,4.100982363842597e-18,20.0,800,sintered
41441.44144144144,11.511511511511513,1.699518506091972e-13,4.1009823634822894e-18,20.0,800,sintered
41801.801801801805,11.611611611611613,1.7142968209147343e-13,4.100982363156303e-18,20.0,800,sintered
42162.16216216217,11.711711711711713,1.729075135736379e-13,4.100982362861367e-18,20.0,800,sintered
42522.52252252253,11.811811811811813,1.7438534505570125e-13,4.100982362594525e-18,20.0,800,sintered
42882.882882882885,11.911911911911913,1.7586317653767306e-13,4.1009823623531005e-18,20.0,800,sintered
43243.24324324325,12.012012012012013,1.7734100801956208e-13,4.100982362134673e-18,20.0,800,sintered
43603.60360360361,12.112112112112113,1.7881883950137621e-13,4.10098236193705e-18,20.0,800,sintered
43963.963963963964,12.212212212212213,1.8029667098312257e-13,4.1009823617582524e-18,20.0,800,sintered
44324.32432432433,12.312312312312313,1.8177450246480763e-13,4.100982361596486e-18,20.0,800,sintered
44684.68468468469,12.412412412412413,1.832523339464372e-13,4.1009823614501275e-18,20.0,800,sintered
45045.04504504505,12.512512512512513,1.8473016542801662e-13,4.1009823613177106e-18,20.0,800,sintered
45405.40540540541,12.612612612612613,1.862079969095506e-13,4.100982361197907e-18,20.0,800,sintered
45765.76576576577,12.712712712712714,1.8768582839104348e-13,4.100982361089515e-18,20.0,800,sintered
46126.12612612613,12.812812812812814,1.8916365987249922e-13,4.100982360991447e-18,20.0,800,sintered
46486.48648648649,12.912912912912914,1.9064149135392132e-13,4.100982360902721e-18,20.0,800,sintered
46846.84684684685,13.013013013013014,1.92119322835313e-13,4.100982360822446e-18,20.0,800,sintered
47207.20720720721,13.113113113113114,1.9359715431667716e-13,4.100982360749818e-18,20.0,800,sintered
47567.56756756757,13.213213213213214,1.950749857980164e-13,4.100982360684107e-18,20.0,800,sintered
47927.92792792793,13.313313313313314,1.9655281727933312e-13,4.100982360624656e-18,20.0,800,sintered
48288.28828828829,13.413413413413414,1.9803064876062945e-13,4.100982360570868e-18,20.0,800,sintered
48648.648648648654,13.513513513513514,1.9950848024190734e-13,4.100982360522204e-18,20.0,800,sintered
49009.00900900901,13.613613613613614,2.0098631172316853e-13,4.100982360478174e-18,20.0,800,sintered
49369.36936936937,13.713713713713714,2.0246414320441463e-13,4.100982360438339e-18,20.0,800,sintered
49729.729729729734,13.813813813813814,2.0394197468564707e-13,4.1009823604022976e-18,20.0,800,sintered
50090.09009009009,13.913913913913914,2.0541980616686712e-13,4.10098236036969e-18,20.0,800,sintered
50450.45045045045,14.014014014014014,2.0689763764807604e-13,4.100982360340188e-18,20.0,800,sintered
50810.81081081081,14.114114114114114,2.0837546912927483e-13,4.100982360313496e-18,20.0,800,sintered
51171.17117117117,14.214214214214214,2.0985330061046444e-13,4.100982360289347e-18,20.0,800,sintered
51531.53153153153,14.314314314314315,2.1133113209164581e-13,4.100982360267498e-18,20.0,800,sintered
51891.89189189189,14.414414414414415,2.1280896357281967e-13,4.10098236024773e-18,20.0,800,sintered
52252.252252252256,14.514514514514515,2.1428679505398673e-13,4.100982360229845e-18,20.0,800,sintered
52612.61261261261,14.614614614614615,2.1576462653514766e-13,4.100982360213664e-18,20.0,800,sintered
52972.97297297297,14.714714714714715,2.1724245801630308e-13,4.100982360199024e-18,20.0,800,sintered
53333.333333333336,14.814814814814815,2.1872028949745346e-13,4.100982360185778e-18,20.0,800,sintered
53693.69369369369,14.914914914914915,2.2019812097859927e-13,4.100982360173795e-18,20.0,800,sintered
54054.05405405406,15.015015015015017,2.2167595245974103e-13,4.100982360162952e-18,20.0,800,sintered
54414.41441441442,15.115115115115117,2.2315378394087904e-13,4.100982360153143e-18,20.0,800,sintered
54774.77477477478,15.215215215215217,2.2463161542201367e-13,4.100982360144268e-18,20.0,800,sintered
55135.13513513514,15.315315315315317,2.2610944690314529e-13,4.100982360136238e-18,20.0,800,sintered
55495.4954954955,15.415415415415417,2.275872783842741e-13,4.1009823601289735e-18,20.0,800,sintered
55855.85585585586,15.515515515515517,2.290651098654005e-13,4.100982360122401e-18,20.0,800,sintered
56216.21621621622,15.615615615615617,2.3054294134652457e-13,4.100982360116453e-18,20.0,800,sintered
56576.57657657658,15.715715715715717,2.3202077282764665e-13,4.100982360111073e-18,20.0,800,sintered
56936.936936936945,15.815815815815817,2.3349860430876686e-13,4.100982360106205e-18,20.0,800,sintered
57297.2972972973,15.915915915915917,2.349764357898854e-13,4.100982360101801e-18,20.0,800,sintered
57657.65765765766,16.016016016016017,2.3645426727100244e-13,4.1009823600978165e-18,20.0,800,sintered
58018.018018018025,16.116116116116117,2.379320987521181e-13,4.100982360094211e-18,20.0,800,sintered
58378.37837837838,16.216216216216218,2.3940993023323256e-13,4.1009823600909494e-18,20.0,800,sintered
58738.73873873874,16.316316316316318,2.4088776171434585e-13,4.100982360087999e-18,20.0,800,sintered
59099.099099099105,16.416416416416418,2.423655931954582e-13,4.100982360085329e-18,20.0,800,sintered
59459.45945945947,16.516516516516518,2.4384342467656956e-13,4.100982360082913e-18,20.0,800,sintered
59819.81981981982,16.616616616616618,2.4532125615768013e-13,4.100982360080727e-18,20.0,800,sintered
60180.180180180185,16.716716716716718,2.4679908763878994e-13,4.1009823600787506e-18,20.0,800,sintered
60540.54054054055,16.816816816816818,2.4827691911989904e-13,4.100982360076961e-18,20.0,800,sintered
60900.9009009009,16.916916916916918,2.4975475060100754e-13,4.1009823600753425e-18,20.0,800,sintered
61261.261261261265,17.017017017017018,2.5123258208211553e-13,4.100982360073879e-18,20.0,800,sintered
61621.62162162163,17.117117117117118,2.5271041356322297e-13,4.100982360072554e-18,20.0,800,sintered
61981.98198198198,17.217217217217218,2.5418824504432995e-13,4.100982360071355e-18,20.0,800,sintered
62342.342342342345,17.31731731731732,2.556660765254366e-13,4.10098236007027e-18,20.0,800,sintered
62702.70270270271,17.41741741741742,2.571439080065428e-13,4.100982360069289e-18,20.0,800,sintered
63063.06306306307,17.51751751751752,2.5862173948764873e-13,4.1009823600684014e-18,20.0,800,sintered
63423.423423423425,17.61761761761762,2.6009957096875425e-13,4.100982360067598e-18,20.0,800,sintered
63783.78378378379,17.71771771771772,2.615774024498596e-13,4.1009823600668715e-18,20.0,800,sintered
64144.14414414415,17.81781781781782,2.630552339309647e-13,4.1009823600662136e-18,20.0,800,sintered
64504.504504504504,17.91791791791792,2.6453306541206944e-13,4.100982360065619e-18,20.0,800,sintered
64864.86486486487,18.01801801801802,2.660108968931741e-13,4.100982360065081e-18,20.0,800,sintered
65225.22522522523,18.11811811811812,2.6748872837427856e-13,4.100982360064594e-18,20.0,800,sintered
65585.58558558559,18.21821821821822,2.689665598553828e-13,4.1009823600641536e-18,20.0,800,sintered
65945.94594594595,18.31831831831832,2.704443913364869e-13,4.1009823600637545e-18,20.0,800,sintered
66306.3063063063,18.41841841841842,2.719222228175909e-13,4.100982360063394e-18,20.0,800,sintered
66666.66666666667,18.51851851851852,2.7340005429869483e-13,4.100982360063068e-18,20.0,800,sintered
67027.02702702703,18.61861861861862,2.7487788577979853e-13,4.100982360062773e-18,20.0,800,sintered
67387.3873873874,18.71871871871872,2.7635571726090223e-13,4.100982360062506e-18,20.0,800,sintered
67747.74774774775,18.81881881881882,2.778335487420058e-13,4.100982360062264e-18,20.0,800,sintered
68108.1081081081,18.91891891891892,2.7931138022310923e-13,4.100982360062045e-18,20.0,800,sintered
68468.46846846848,19.01901901901902,2.807892117042127e-13,4.100982360061848e-18,20.0,800,sintered
68828.82882882883,19.11911911911912,2.82267043185316e-13,4.100982360061668e-18,20.0,800,sintered
69189.18918918919,19.21921921921922,2.837448746664192e-13,4.1009823600615066e-18,20.0,800,sintered
69549.54954954956,19.31931931931932,2.852227061475225e-13,4.10098236006136e-18,20.0,800,sintered
69909.90990990991,19.41941941941942,2.8670053762862566e-13,4.100982360061228e-18,20.0,800,sintered
70270.27027027027,19.51951951951952,2.8817836910972876e-13,4.1009823600611075e-18,20.0,800,sintered
70630.63063063064,19.61961961961962,2.8965620059083185e-13,4.100982360061e-18,20.0,800,sintered
70990.99099099099,19.71971971971972,2.9113403207193485e-13,4.100982360060901e-18,20.0,800,sintered
71351.35135135135,19.81981981981982,2.926118635530379e-13,4.1009823600608125e-18,20.0,800,sintered
71711.71171171172,19.91991991991992,2.940896950341409e-13,4.100982360060732e-18,20.0,800,sintered
72072.07207207207,20.02002002002002,2.9556752651524383e-13,4.100982360060659e-18,20.0,800,sintered
72432.43243243243,20.12012012012012,2.970453579963467e-13,4.100982360060594e-18,20.0,800,sintered
72792.7927927928,20.22022022022022,2.985231894774497e-13,4.100982360060534e-18,20.0,800,sintered
73153.15315315315,20.32032032032032,3.000010209585525e-13,4.1009823600604804e-18,20.0,800,sintered
73513.5135135135,20.42042042042042,3.014788524396554e-13,4.100982360060432e-18,20.0,800,sintered
73873.87387387388,20.52052052052052,3.029566839207583e-13,4.100982360060387e-18,20.0,800,sintered
74234.23423423423,20.62062062062062,3.044345154018611e-13,4.100982360060348e-18,20.0,800,sintered
74594.5945945946,20.72072072072072,3.0591234688296393e-13,4.100982360060312e-18,20.0,800,sintered
74954.95495495496,20.82082082082082,3.073901783640668e-13,4.1009823600602786e-18,20.0,800,sintered
75315.31531531531,20.92092092092092,3.088680098451695e-13,4.100982360060249e-18,20.0,800,sintered
75675.67567567568,21.02102102102102,3.1034584132627236e-13,4.100982360060222e-18,20.0,800,sintered
76036.03603603604,21.12112112112112,3.1182367280737505e-13,4.1009823600601985e-18,20.0,800,sintered
76396.39639639639,21.22122122122122,3.1330150428847784e-13,4.100982360060177e-18,20.0,800,sintered
76756.75675675676,21.32132132132132,3.1477933576958064e-13,4.100982360060157e-18,20.0,800,sintered
77117.11711711713,21.421421421421424,3.162571672506835e-13,4.100982360060139e-18,20.0,800,sintered
77477.47747747749,21.521521521521525,3.1773499873178617e-13,4.100982360060123e-18,20.0,800,sintered
77837.83783783785,21.621621621621625,3.1921283021288896e-13,4.100982360060108e-18,20.0,800,sintered
78198.19819819821,21.721721721721725,3.2069066169399166e-13,4.1009823600600945e-18,20.0,800,sintered
78558.55855855856,21.821821821821825,3.221684931750944e-13,4.100982360060083e-18,20.0,800,sintered
78918.91891891893,21.921921921921925,3.2364632465619714e-13,4.100982360060072e-18,20.0,800,sintered
79279.27927927929,22.022022022022025,3.2512415613729983e-13,4.100982360060062e-18,20.0,800,sintered
79639.63963963964,22.122122122122125,3.2660198761840257e-13,4.100982360060054e-18,20.0,800,sintered
80000.00000000001,22.222222222222225,3.280798190995053e-13,4.100982360060045e-18,20.0,800,sintered
80360.36036036037,22.322322322322325,3.29557650580608e-13,4.100982360060038e-18,20.0,800,sintered
80720.72072072072,22.422422422422425,3.310354820617107e-13,4.100982360060031e-18,20.0,800,sintered
81081.0810810811,22.522522522522525,3.325133135428135e-13,4.100982360060025e-18,20.0,800,sintered
81441.44144144145,22.622622622622625,3.3399114502391613e-13,4.10098236006002e-18,20.0,800,sintered
81801.8018018018,22.722722722722725,3.3546897650501887e-13,4.100982360060015e-18,20.0,800,sintered
82162.16216216217,22.822822822822825,3.3694680798612156e-13,4.1009823600600105e-18,20.0,800,sintered
82522.52252252253,22.922922922922925,3.3842463946722425e-13,4.100982360060007e-18,20.0,800,sintered
82882.88288288288,23.023023023023026,3.3990247094832695e-13,4.100982360060003e-18,20.0,800,sintered
83243.24324324325,23.123123123123126,3.413803024294297e-13,4.10098236006e-18,20.0,800,sintered
83603.60360360361,23.223223223223226,3.428581339105324e-13,4.100982360059997e-18,20.0,800,sintered
83963.96396396398,23.323323323323326,3.443359653916351e-13,4.100982360059994e-18,20.0,800,sintered
84324.32432432433,23.423423423423426,3.4581379687273776e-13,4.100982360059992e-18,20.0,800,sintered
84684.68468468469,23.523523523523526,3.4729162835384045e-13,4.10098236005999e-18,20.0,800,sintered
85045.04504504506,23.623623623623626,3.487694598349432e-13,4.1009823600599874e-18,20.0,800,sintered
85405.40540540541,23.723723723723726,3.502472913160459e-13,4.100982360059986e-18,20.0,800,sintered
85765.76576576577,23.823823823823826,3.517251227971486e-13,4.100982360059984e-18,20.0,800,sintered
86126.12612612614,23.923923923923926,3.532029542782513e-13,4.100982360059983e-18,20.0,800,sintered
86486.4864864865,24.024024024024026,3.5468078575935396e-13,4.100982360059981e-18,20.0,800,sintered
86846.84684684685,24.124124124124126,3.5615861724045665e-13,4.1009823600599805e-18,20.0,800,sintered
87207.20720720722,24.224224224224226,3.5763644872155934e-13,4.100982360059979e-18,20.0,800,sintered
87567.56756756757,24.324324324324326,3.5911428020266204e-13,4.100982360059978e-18,20.0,800,sintered
87927.92792792793,24.424424424424426,3.6059211168376473e-13,4.1009823600599774e-18,20.0,800,sintered
88288.2882882883,24.524524524524526,3.620699431648674e-13,4.100982360059977e-18,20.0,800,sintered
88648.64864864865,24.624624624624627,3.635477746459701e-13,4.100982360059976e-18,20.0,800,sintered
89009.00900900901,24.724724724724727,3.650256061270728e-13,4.100982360059975e-18,20.0,800,sintered
89369.36936936938,24.824824824824827,3.665034376081755e-13,4.100982360059974e-18,20.0,800,sintered
89729.72972972973,24.924924924924927,3.679812690892782e-13,4.100982360059974e-18,20.0,800,sintered
90090.0900900901,25.025025025025027,3.6945910057038093e-13,4.1009823600599735e-18,20.0,800,sintered
90450.45045045046,25.125125125125127,3.709369320514836e-13,4.100982360059973e-18,20.0,800,sintered
90810.81081081081,25.225225225225227,3.724147635325863e-13,4.100982360059973e-18,20.0,800,sintered
91171.17117117118,25.325325325325327,3.7389259501368905e-13,4.100982360059972e-18,20.0,800,sintered
91531.53153153154,25.425425425425427,3.753704264947917e-13,4.100982360059972e-18,20.0,800,sintered
91891.8918918919,25.525525525525527,3.768482579758944e-13,4.100982360059972e-18,20.0,800,sintered
92252.25225225226,25.625625625625627,3.7832608945699707e-13,4.100982360059971e-18,20.0,800,sintered
92612.61261261262,25.725725725725727,3.7980392093809977e-13,4.100982360059971e-18,20.0,800,sintered
92972.97297297297,25.825825825825827,3.8128175241920246e-13,4.100982360059971e-18,20.0,800,sintered
93333.33333333334,25.925925925925927,3.8275958390030515e-13,4.1009823600599705e-18,20.0,800,sintered
93693.6936936937,26.026026026026027,3.8423741538140784e-13,4.1009823600599705e-18,20.0,800,sintered
94054.05405405405,26.126126126126128,3.8571524686251053e-13,4.1009823600599705e-18,20.0,800,sintered
94414.41441441442,26.226226226226228,3.871930783436132e-13,4.1009823600599705e-18,20.0,800,sintered
94774.77477477478,26.326326326326328,3.886709098247159e-13,4.1009823600599705e-18,20.0,800,sintered
95135.13513513513,26.426426426426428,3.9014874130581855e-13,4.10098236005997e-18,20.0,800,sintered
95495.4954954955,26.526526526526528,3.916265727869213e-13,4.10098236005997e-18,20.0,800,sintered
95855.85585585586,26.626626626626628,3.93104404268024e-13,4.10098236005997e-18,20.0,800,sintered
96216.21621621623,26.726726726726728,3.9458223574912673e-13,4.10098236005997e-18,20.0,800,sintered
96576.57657657658,26.826826826826828,3.9606006723022937e-13,4.10098236005997e-18,20.0,800,sintered
96936.93693693694,26.926926926926928,3.9753789871133206e-13,4.10098236005997e-18,20.0,800,sintered
97297.29729729731,27.027027027027028,3.9901573019243475e-13,4.10098236005997e-18,20.0,800,sintered
97657.65765765766,27.127127127127128,4.0049356167353744e-13,4.10098236005997e-18,20.0,800,sintered
98018.01801801802,27.227227227227228,4.0197139315464014e-13,4.10098236005997e-18,20.0,800,sintered
98378.37837837839,27.32732732732733,4.0344922463574283e-13,4.10098236005997e-18,20.0,800,sintered
98738.73873873874,27.42742742742743,4.049270561168455e-13,4.10098236005997e-18,20.0,800,sintered
99099.0990990991,27.52752752752753,4.0640488759794816e-13,4.100982360059969e-18,20.0,800,sintered
99459.45945945947,27.62762762762763,4.078827190790509e-13,4.100982360059969e-18,20.0,800,sintered
99819.81981981982,27.72772772772773,4.093605505601536e-13,4.100982360059969e-18,20.0,800,sintered
100180.18018018018,27.82782782782783,4.1083838204125623e-13,4.100982360059969e-18,20.0,800,sintered
100540.54054054055,27.92792792792793,4.12316213522359e-13,4.100982360059969e-18,20.0,800,sintered
100900.9009009009,28.02802802802803,4.1379404500346167e-13,4.100982360059969e-18,20.0,800,sintered
101261.26126126126,28.12812812812813,4.152718764845643e-13,4.100982360059969e-18,20.0,800,sintered
101621.62162162163,28.22822822822823,4.1674970796566705e-13,4.100982360059969e-18,20.0,800,sintered
101981.98198198198,28.32832832832833,4.1822753944676974e-13,4.100982360059969e-18,20.0,800,sintered
102342.34234234234,28.42842842842843,4.197053709278724e-13,4.100982360059969e-18,20.0,800,sintered
102702.7027027027,28.52852852852853,4.211832024089751e-13,4.100982360059969e-18,20.0,800,sintered
103063.06306306306,28.62862862862863,4.226610338900778e-13,4.100982360059969e-18,20.0,800,sintered
103423.42342342343,28.72872872872873,4.241388653711805e-13,4.100982360059969e-18,20.0,800,sintered
103783.78378378379,28.82882882882883,4.256166968522832e-13,4.100982360059969e-18,20.0,800,sintered
104144.14414414414,28.92892892892893,4.2709452833338584e-13,4.100982360059969e-18,20.0,800,sintered
104504.50450450451,29.02902902902903,4.285723598144886e-13,4.100982360059969e-18,20.0,800,sintered
104864.86486486487,29.12912912912913,4.3005019129559127e-13,4.100982360059969e-18,20.0,800,sintered
105225.22522522522,29.22922922922923,4.315280227766939e-13,4.100982360059969e-18,20.0,800,sintered
105585.58558558559,29.32932932932933,4.3300585425779666e-13,4.100982360059969e-18,20.0,800,sintered
105945.94594594595,29.42942942942943,4.3448368573889935e-13,4.100982360059969e-18,20.0,800,sintered
106306.3063063063,29.52952952952953,4.35961517220002e-13,4.100982360059969e-18,20.0,800,sintered
106666.66666666667,29.62962962962963,4.3743934870110473e-13,4.100982360059969e-18,20.0,800,sintered
107027.02702702703,29.72972972972973,4.389171801822074e-13,4.100982360059969e-18,20.0,800,sintered
107387.38738738738,29.82982982982983,4.4039501166331006e-13,4.100982360059969e-18,20.0,800,sintered
107747.74774774777,29.929929929929934,4.4187284314441285e-13,4.100982360059969e-18,20.0,800,sintered
108108.10810810812,30.030030030030034,4.4335067462551555e-13,4.100982360059969e-18,20.0,800,sintered
108468.46846846848,30.130130130130134,4.448285061066182e-13,4.100982360059969e-18,20.0,800,sintered
108828.82882882885,30.230230230230234,4.4630633758772093e-13,4.100982360059969e-18,20.0,800,sintered
109189.1891891892,30.330330330330334,4.477841690688236e-13,4.100982360059969e-18,20.0,800,sintered
109549.54954954956,30.430430430430434,4.4926200054992626e-13,4.100982360059969e-18,20.0,800,sintered
109909.90990990993,30.530530530530534,4.50739832031029e-13,4.100982360059969e-18,20.0,800,sintered
110270.27027027028,30.630630630630634,4.522176635121317e-13,4.100982360059969e-18,20.0,800,sintered
110630.63063063064,30.730730730730734,4.5369549499323434e-13,4.100982360059969e-18,20.0,800,sintered
110990.990990991,30.830830830830834,4.55173326474337e-13,4.100982360059969e-18,20.0,800,sintered
111351.35135135136,30.930930930930934,4.566511579554397e-13,4.100982360059969e-18,20.0,800,sintered
111711.71171171172,31.031031031031034,4.581289894365424e-13,4.100982360059969e-18,20.0,800,sintered
112072.07207207209,31.131131131131134,4.59606820917645e-13,4.100982360059969e-18,20.0,800,sintered
112432.43243243244,31.231231231231234,4.610846523987478e-13,4.100982360059969e-18,20.0,800,sintered
112792.79279279281,31.331331331331334,4.625624838798505e-13,4.100982360059969e-18,20.0,800,sintered
113153.15315315317,31.431431431431434,4.640403153609532e-13,4.100982360059969e-18,20.0,800,sintered
113513.51351351352,31.531531531531535,4.655181468420558e-13,4.100982360059969e-18,20.0,800,sintered
113873.87387387389,31.631631631631635,4.669959783231586e-13,4.100982360059969e-18,20.0,800,sintered
114234.23423423425,31.731731731731735,4.684738098042612e-13,4.100982360059969e-18,20.0,800,sintered
114594.5945945946,31.831831831831835,4.699516412853639e-13,4.100982360059969e-18,20.0,800,sintered
114954.95495495497,31.931931931931935,4.714294727664666e-13,4.100982360059969e-18,20.0,800,sintered
115315.31531531533,32.032032032032035,4.729073042475693e-13,4.100982360059969e-18,20.0,800,sintered
115675.67567567568,32.132132132132135,4.74385135728672e-13,4.100982360059969e-18,20.0,800,sintered
116036.03603603605,32.232232232232235,4.758629672097747e-13,4.100982360059969e-18,20.0,800,sintered
116396.3963963964,32.332332332332335,4.773407986908773e-13,4.100982360059969e-18,20.0,800,sintered
116756.75675675676,32.432432432432435,4.788186301719801e-13,4.100982360059969e-18,20.0,800,sintered
117117.11711711713,32.532532532532535,4.802964616530827e-13,4.100982360059969e-18,20.0,800,sintered
117477.47747747749,32.632632632632635,4.817742931341855e-13,4.100982360059969e-18,20.0,800,sintered
117837.83783783784,32.732732732732735,4.832521246152881e-13,4.100982360059969e-18,20.0,800,sintered
118198.19819819821,32.832832832832835,4.847299560963909e-13,4.100982360059969e-18,20.0,800,sintered
118558.55855855856,32.932932932932935,4.862077875774935e-13,4.100982360059969e-18,20.0,800,sintered
118918.91891891893,33.033033033033036,4.876856190585962e-13,4.100982360059969e-18,20.0,800,sintered
119279.27927927929,33.133133133133136,4.891634505396989e-13,4.100982360059969e-18,20.0,800,sintered
119639.63963963964,33.233233233233236,4.906412820208016e-13,4.100982360059969e-18,20.0,800,sintered
120000.00000000001,33.333333333333336,4.921191135019043e-13,4.100982360059969e-18,20.0,800,sintered
120360.36036036037,33.433433433433436,4.93596944983007e-13,4.100982360059969e-18,20.0,800,sintered
120720.72072072072,33.533533533533536,4.950747764641096e-13,4.100982360059969e-18,20.0,800,sintered
121081.0810810811,33.633633633633636,4.965526079452124e-13,4.100982360059969e-18,20.0,800,sintered
121441.44144144145,33.733733733733736,4.98030439426315e-13,4.100982360059969e-18,20.0,800,sintered
121801.8018018018,33.833833833833836,4.995082709074177e-13,4.100982360059969e-18,20.0,800,sintered
122162.16216216217,33.933933933933936,5.009861023885204e-13,4.100982360059969e-18,20.0,800,sintered
122522.52252252253,34.034034034034036,5.024639338696232e-13,4.100982360059969e-18,20.0,800,sintered
122882.88288288288,34.134134134134136,5.039417653507258e-13,4.100982360059969e-18,20.0,800,sintered
123243.24324324325,34.234234234234236,5.054195968318285e-13,4.100982360059969e-18,20.0,800,sintered
123603.60360360361,34.334334334334336,5.068974283129312e-13,4.100982360059969e-18,20.0,800,sintered
123963.96396396396,34.434434434434436,5.083752597940338e-13,4.100982360059969e-18,20.0,800,sintered
124324.32432432433,34.53453453453454,5.098530912751366e-13,4.100982360059969e-18,20.0,800,sintered
124684.68468468469,34.63463463463464,5.113309227562393e-13,4.100982360059969e-18,20.0,800,sintered
125045.04504504506,34.73473473473474,5.128087542373419e-13,4.100982360059969e-18,20.0,800,sintered
125405.40540540541,34.83483483483484,5.142865857184447e-13,4.100982360059969e-18,20.0,800,sintered
125765.76576576577,34.93493493493494,5.157644171995473e-13,4.100982360059969e-18,20.0,800,sintered
126126.12612612614,35.03503503503504,5.172422486806501e-13,4.100982360059969e-18,20.0,800,sintered
126486.4864864865,35.13513513513514,5.187200801617527e-13,4.100982360059969e-18,20.0,800,sintered
126846.84684684685,35.23523523523524,5.201979116428553e-13,4.100982360059969e-18,20.0,800,sintered
127207.20720720722,35.33533533533534,5.216757431239581e-13,4.100982360059969e-18,20.0,800,sintered
127567.56756756757,35.43543543543544,5.231535746050608e-13,4.100982360059969e-18,20.0,800,sintered
127927.92792792793,35.53553553553554,5.246314060861635e-13,4.100982360059969e-18,20.0,800,sintered
128288.2882882883,35.63563563563564,5.261092375672662e-13,4.100982360059969e-18,20.0,800,sintered
128648.64864864865,35.73573573573574,5.275870690483689e-13,4.100982360059969e-18,20.0,800,sintered
129009.00900900901,35.83583583583584,5.290649005294715e-13,4.100982360059969e-18,20.0,800,sintered
129369.36936936938,35.93593593593594,5.305427320105742e-13,4.100982360059969e-18,20.0,800,sintered
129729.72972972973,36.03603603603604,5.32020563491677e-13,4.100982360059969e-18,20.0,800,sintered
130090.09009009009,36.13613613613614,5.334983949727796e-13,4.100982360059969e-18,20.0,800,sintered
130450.45045045046,36.23623623623624,5.349762264538824e-13,4.100982360059969e-18,20.0,800,sintered
130810.81081081081,36.33633633633634,5.36454057934985e-13,4.100982360059969e-18,20.0,800,sintered
131171.17117117118,36.43643643643644,5.379318894160877e-13,4.100982360059969e-18,20.0,800,sintered
131531.53153153154,36.53653653653654,5.394097208971904e-13,4.100982360059969e-18,20.0,800,sintered
131891.8918918919,36.63663663663664,5.40887552378293e-13,4.100982360059969e-18,20.0,800,sintered
132252.25225225225,36.73673673673674,5.423653838593958e-13,4.100982360059969e-18,20.0,800,sintered
132612.6126126126,36.83683683683684,5.438432153404984e-13,4.100982360059969e-18,20.0,800,sintered
132972.972972973,36.93693693693694,5.453210468216013e-13,4.100982360059969e-18,20.0,800,sintered
133333.33333333334,37.03703703703704,5.467988783027039e-13,4.100982360059969e-18,20.0,800,sintered
133693.6936936937,37.13713713713714,5.482767097838065e-13,4.100982360059969e-18,20.0,800,sintered
134054.05405405405,37.23723723723724,5.497545412649092e-13,4.100982360059969e-18,20.0,800,sintered
134414.4144144144,37.33733733733734,5.512323727460119e-13,4.100982360059969e-18,20.0,800,sintered
134774.7747747748,37.43743743743744,5.527102042271147e-13,4.100982360059969e-18,20.0,800,sintered
135135.13513513515,37.53753753753754,5.541880357082173e-13,4.100982360059969e-18,20.0,800,sintered
135495.4954954955,37.63763763763764,5.5566586718932e-13,4.100982360059969e-18,20.0,800,sintered
135855.85585585586,37.73773773773774,5.571436986704227e-13,4.100982360059969e-18,20.0,800,sintered
136216.2162162162,37.83783783783784,5.586215301515253e-13,4.100982360059969e-18,20.0,800,sintered
136576.57657657657,37.93793793793794,5.600993616326281e-13,4.100982360059969e-18,20.0,800,sintered
136936.93693693695,38.03803803803804,5.615771931137308e-13,4.100982360059969e-18,20.0,800,sintered
137297.2972972973,38.13813813813814,5.630550245948334e-13,4.100982360059969e-18,20.0,800,sintered
137657.65765765766,38.23823823823824,5.645328560759362e-13,4.100982360059969e-18,20.0,800,sintered
138018.01801801802,38.33833833833834,5.660106875570388e-13,4.100982360059969e-18,20.0,800,sintered
138378.37837837837,38.43843843843844,5.674885190381415e-13,4.100982360059969e-18,20.0,800,sintered
138738.73873873873,38.53853853853854,5.689663505192441e-13,4.100982360059969e-18,20.0,800,sintered
139099.0990990991,38.63863863863864,5.70444182000347e-13,4.100982360059969e-18,20.0,800,sintered
139459.45945945947,38.73873873873874,5.719220134814496e-13,4.100982360059969e-18,20.0,800,sintered
139819.81981981982,38.83883883883884,5.733998449625523e-13,4.100982360059969e-18,20.0,800,sintered
140180.18018018018,38.93893893893894,5.74877676443655e-13,4.100982360059969e-18,20.0,800,sintered
140540.54054054053,39.03903903903904,5.763555079247576e-13,4.100982360059969e-18,20.0,800,sintered
140900.9009009009,39.13913913913914,5.778333394058603e-13,4.100982360059969e-18,20.0,800,sintered
141261.26126126127,39.23923923923924,5.793111708869631e-13,4.100982360059969e-18,20.0,800,sintered
141621.62162162163,39.33933933933934,5.807890023680657e-13,4.100982360059969e-18,20.0,800,sintered
141981.98198198198,39.43943943943944,5.822668338491684e-13,4.100982360059969e-18,20.0,800,sintered
142342.34234234234,39.53953953953954,5.837446653302711e-13,4.100982360059969e-18,20.0,800,sintered
142702.7027027027,39.63963963963964,5.852224968113738e-13,4.100982360059969e-18,20.0,800,sintered
143063.06306306308,39.73973973973974,5.867003282924765e-13,4.100982360059969e-18,20.0,800,sintered
143423.42342342343,39.83983983983984,5.881781597735793e-13,4.100982360059969e-18,20.0,800,sintered
143783.7837837838,39.93993993993994,5.896559912546819e-13,4.100982360059969e-18,20.0,800,sintered
144144.14414414414,40.04004004004004,5.911338227357845e-13,4.100982360059969e-18,20.0,800,sintered
144504.5045045045,40.14014014014014,5.926116542168873e-13,4.100982360059969e-18,20.0,800,sintered
144864.86486486485,40.24024024024024,5.940894856979899e-13,4.100982360059969e-18,20.0,800,sintered
145225.22522522524,40.34034034034034,5.955673171790927e-13,4.100982360059969e-18,20.0,800,sintered
145585.5855855856,40.44044044044044,5.970451486601954e-13,4.100982360059969e-18,20.0,800,sintered
145945.94594594595,40.54054054054054,5.98522980141298e-13,4.100982360059969e-18,20.0,800,sintered
146306.3063063063,40.64064064064064,6.000008116224007e-13,4.100982360059969e-18,20.0,800,sintered
146666.66666666666,40.74074074074074,6.014786431035034e-13,4.100982360059969e-18,20.0,800,sintered
147027.027027027,40.84084084084084,6.029564745846061e-13,4.100982360059969e-18,20.0,800,sintered
147387.3873873874,40.94094094094094,6.044343060657088e-13,4.100982360059969e-18,20.0,800,sintered
147747.74774774775,41.04104104104104,6.059121375468115e-13,4.100982360059969e-18,20.0,800,sintered
148108.1081081081,41.14114114114114,6.073899690279142e-13,4.100982360059969e-18,20.0,800,sintered
148468.46846846846,41.24124124124124,6.088678005090168e-13,4.100982360059969e-18,20.0,800,sintered
148828.82882882882,41.34134134134134,6.103456319901195e-13,4.100982360059969e-18,20.0,800,sintered
149189.1891891892,41.44144144144144,6.118234634712223e-13,4.100982360059969e-18,20.0,800,sintered
149549.54954954956,41.54154154154154,6.13301294952325e-13,4.100982360059969e-18,20.0,800,sintered
149909.9099099099,41.64164164164164,6.147791264334277e-13,4.100982360059969e-18,20.0,800,sintered
150270.27027027027,41.74174174174174,6.162569579145303e-13,4.100982360059969e-18,20.0,800,sintered
150630.63063063062,41.84184184184184,6.17734789395633e-13,4.100982360059969e-18,20.0,800,sintered
150990.99099099098,41.94194194194194,6.192126208767356e-13,4.100982360059969e-18,20.0,800,sintered
151351.35135135136,42.04204204204204,6.206904523578385e-13,4.100982360059969e-18,20.0,800,sintered
151711.71171171172,42.14214214214214,6.221682838389411e-13,4.100982360059969e-18,20.0,800,sintered
152072.07207207207,42.24224224224224,6.236461153200437e-13,4.100982360059969e-18,20.0,800,sintered
152432.43243243243,42.34234234234234,6.251239468011465e-13,4.100982360059969e-18,20.0,800,sintered
152792.79279279278,42.44244244244244,6.266017782822491e-13,4.100982360059969e-18,20.0,800,sintered
153153.15315315314,42.54254254254254,6.280796097633518e-13,4.100982360059969e-18,20.0,800,sintered
153513.51351351352,42.64264264264264,6.295574412444546e-13,4.100982360059969e-18,20.0,800,sintered
153873.8738738739,42.74274274274275,6.310352727255574e-13,4.100982360059969e-18,20.0,800,sintered
154234.23423423426,42.84284284284285,6.325131042066601e-13,4.100982360059969e-18,20.0,800,sintered
154594.59459459462,42.94294294294295,6.339909356877627e-13,4.100982360059969e-18,20.0,800,sintered
154954.95495495497,43.04304304304305,6.354687671688654e-13,4.100982360059969e-18,20.0,800,sintered
155315.31531531533,43.14314314314315,6.36946598649968e-13,4.100982360059969e-18,20.0,800,sintered
155675.6756756757,43.24324324324325,6.384244301310709e-13,4.100982360059969e-18,20.0,800,sintered
156036.03603603606,43.34334334334335,6.399022616121735e-13,4.100982360059969e-18,20.0,800,sintered
156396.39639639642,43.44344344344345,6.413800930932761e-13,4.100982360059969e-18,20.0,800,sintered
156756.75675675677,43.54354354354355,6.428579245743789e-13,4.100982360059969e-18,20.0,800,sintered
157117.11711711713,43.64364364364365,6.443357560554815e-13,4.100982360059969e-18,20.0,800,sintered
157477.47747747749,43.74374374374375,6.458135875365842e-13,4.100982360059969e-18,20.0,800,sintered
157837.83783783787,43.84384384384385,6.47291419017687e-13,4.100982360059969e-18,20.0,800,sintered
158198.19819819822,43.94394394394395,6.487692504987896e-13,4.100982360059969e-18,20.0,800,sintered
158558.55855855858,44.04404404404405,6.502470819798923e-13,4.100982360059969e-18,20.0,800,sintered
158918.91891891893,44.14414414414415,6.51724913460995e-13,4.100982360059969e-18,20.0,800,sintered
159279.2792792793,44.24424424424425,6.532027449420977e-13,4.100982360059969e-18,20.0,800,sintered
159639.63963963967,44.34434434434435,6.546805764232004e-13,4.100982360059969e-18,20.0,800,sintered
160000.00000000003,44.44444444444445,6.561584079043032e-13,4.100982360059969e-18,20.0,800,sintered
160360.36036036038,44.54454454454455,6.576362393854058e-13,4.100982360059969e-18,20.0,800,sintered
160720.72072072074,44.64464464464465,6.591140708665084e-13,4.100982360059969e-18,20.0,800,sintered
161081.0810810811,44.74474474474475,6.605919023476112e-13,4.100982360059969e-18,20.0,800,sintered
161441.44144144145,44.84484484484485,6.620697338287138e-13,4.100982360059969e-18,20.0,800,sintered
161801.80180180183,44.94494494494495,6.635475653098166e-13,4.100982360059969e-18,20.0,800,sintered
162162.1621621622,45.04504504504505,6.650253967909193e-13,4.100982360059969e-18,20.0,800,sintered
162522.52252252254,45.14514514514515,6.665032282720219e-13,4.100982360059969e-18,20.0,800,sintered
162882.8828828829,45.24524524524525,6.679810597531246e-13,4.100982360059969e-18,20.0,800,sintered
163243.24324324325,45.34534534534535,6.694588912342272e-13,4.100982360059969e-18,20.0,800,sintered
163603.6036036036,45.44544544544545,6.7093672271533e-13,4.100982360059969e-18,20.0,800,sintered
163963.963963964,45.54554554554555,6.724145541964327e-13,4.100982360059969e-18,20.0,800,sintered
164324.32432432435,45.64564564564565,6.738923856775354e-13,4.100982360059969e-18,20.0,800,sintered
164684.6846846847,45.74574574574575,6.753702171586381e-13,4.100982360059969e-18,20.0,800,sintered
165045.04504504506,45.84584584584585,6.768480486397407e-13,4.100982360059969e-18,20.0,800,sintered
165405.4054054054,45.94594594594595,6.783258801208434e-13,4.100982360059969e-18,20.0,800,sintered
165765.76576576577,46.04604604604605,6.798037116019461e-13,4.100982360059969e-18,20.0,800,sintered
166126.12612612615,46.14614614614615,6.812815430830489e-13,4.100982360059969e-18,20.0,800,sintered
166486.4864864865,46.24624624624625,6.827593745641515e-13,4.100982360059969e-18,20.0,800,sintered
166846.84684684686,46.34634634634635,6.842372060452542e-13,4.100982360059969e-18,20.0,800,sintered
167207.20720720722,46.44644644644645,6.857150375263569e-13,4.100982360059969e-18,20.0,800,sintered
167567.56756756757,46.54654654654655,6.871928690074595e-13,4.100982360059969e-18,20.0,800,sintered
167927.92792792796,46.64664664664665,6.886707004885624e-13,4.100982360059969e-18,20.0,800,sintered
168288.2882882883,46.74674674674675,6.90148531969665e-13,4.100982360059969e-18,20.0,800,sintered
168648.64864864867,46.84684684684685,6.916263634507676e-13,4.100982360059969e-18,20.0,800,sintered
169009.00900900902,46.94694694694695,6.931041949318704e-13,4.100982360059969e-18,20.0,800,sintered
169369.36936936938,47.04704704704705,6.94582026412973e-13,4.100982360059969e-18,20.0,800,sintered
169729.72972972973,47.14714714714715,6.960598578940757e-13,4.100982360059969e-18,20.0,800,sintered
170090.09009009012,47.24724724724725,6.975376893751785e-13,4.100982360059969e-18,20.0,800,sintered
170450.45045045047,47.34734734734735,6.990155208562812e-13,4.100982360059969e-18,20.0,800,sintered
170810.81081081083,47.44744744744745,7.004933523373838e-13,4.100982360059969e-18,20.0,800,sintered
171171.17117117118,47.54754754754755,7.019711838184865e-13,4.100982360059969e-18,20.0,800,sintered
171531.53153153154,47.64764764764765,7.034490152995892e-13,4.100982360059969e-18,20.0,800,sintered
171891.8918918919,47.74774774774775,7.049268467806918e-13,4.100982360059969e-18,20.0,800,sintered
172252.25225225228,47.84784784784785,7.064046782617947e-13,4.100982360059969e-18,20.0,800,sintered
172612.61261261263,47.94794794794795,7.078825097428973e-13,4.100982360059969e-18,20.0,800,sintered
172972.972972973,48.04804804804805,7.093603412239999e-13,4.100982360059969e-18,20.0,800,sintered
173333.33333333334,48.14814814814815,7.108381727051026e-13,4.100982360059969e-18,20.0,800,sintered
173693.6936936937,48.24824824824825,7.123160041862053e-13,4.100982360059969e-18,20.0,800,sintered
174054.05405405408,48.34834834834835,7.137938356673081e-13,4.100982360059969e-18,20.0,800,sintered
174414.41441441444,48.44844844844845,7.152716671484107e-13,4.100982360059969e-18,20.0,800,sintered
174774.7747747748,48.54854854854855,7.167494986295135e-13,4.100982360059969e-18,20.0,800,sintered
175135.13513513515,48.64864864864865,7.182273301106161e-13,4.100982360059969e-18,20.0,800,sintered
175495.4954954955,48.74874874874875,7.197051615917187e-13,4.100982360059969e-18,20.0,800,sintered
175855.85585585586,48.84884884884885,7.211829930728215e-13,4.100982360059969e-18,20.0,800,sintered
176216.21621621624,48.94894894894895,7.226608245539242e-13,4.100982360059969e-18,20.0,800,sintered
176576.5765765766,49.04904904904905,7.241386560350269e-13,4.100982360059969e-18,20.0,800,sintered
176936.93693693695,49.14914914914915,7.256164875161296e-13,4.100982360059969e-18,20.0,800,sintered
177297.2972972973,49.24924924924925,7.270943189972322e-13,4.100982360059969e-18,20.0,800,sintered
177657.65765765766,49.34934934934935,7.285721504783349e-13,4.100982360059969e-18,20.0,800,sintered
178018.01801801802,49.44944944944945,7.300499819594376e-13,4.100982360059969e-18,20.0,800,sintered
178378.3783783784,49.54954954954955,7.315278134405404e-13,4.100982360059969e-18,20.0,800,sintered
178738.73873873876,49.64964964964965,7.33005644921643e-13,4.100982360059969e-18,20.0,800,sintered
179099.0990990991,49.74974974974975,7.344834764027458e-13,4.100982360059969e-18,20.0,800,sintered
179459.45945945947,49.84984984984985,7.359613078838484e-13,4.100982360059969e-18,20.0,800,sintered
179819.81981981982,49.94994994994995,7.37439139364951e-13,4.100982360059969e-18,20.0,800,sintered
180180.1801801802,50.050050050050054,7.389169708460539e-13,4.100982360059969e-18,20.0,800,sintered
180540.54054054056,50.150150150150154,7.403948023271565e-13,4.100982360059969e-18,20.0,800,sintered
180900.90090090092,50.250250250250254,7.418726338082592e-13,4.100982360059969e-18,20.0,800,sintered
181261.26126126127,50.350350350350354,7.433504652893618e-13,4.100982360059969e-18,20.0,800,sintered
181621.62162162163,50.450450450450454,7.448282967704645e-13,4.100982360059969e-18,20.0,800,sintered
181981.98198198198,50.550550550550554,7.463061282515672e-13,4.100982360059969e-18,20.0,800,sintered
182342.34234234237,50.650650650650654,7.4778395973267e-13,4.100982360059969e-18,20.0,800,sintered
182702.70270270272,50.750750750750754,7.492617912137727e-13,4.100982360059969e-18,20.0,800,sintered
183063.06306306308,50.850850850850854,7.507396226948753e-13,4.100982360059969e-18,20.0,800,sintered
183423.42342342343,50.950950950950954,7.522174541759779e-13,4.100982360059969e-18,20.0,800,sintered
183783.7837837838,51.051051051051054,7.536952856570807e-13,4.100982360059969e-18,20.0,800,sintered
184144.14414414414,51.151151151151154,7.551731171381833e-13,4.100982360059969e-18,20.0,800,sintered
184504.50450450453,51.251251251251254,7.566509486192861e-13,4.100982360059969e-18,20.0,800,sintered
184864.86486486488,51.351351351351354,7.581287801003888e-13,4.100982360059969e-18,20.0,800,sintered
185225.22522522524,51.451451451451454,7.596066115814915e-13,4.100982360059969e-18,20.0,800,sintered
185585.5855855856,51.551551551551555,7.610844430625941e-13,4.100982360059969e-18,20.0,800,sintered
185945.94594594595,51.651651651651655,7.625622745436968e-13,4.100982360059969e-18,20.0,800,sintered
186306.30630630633,51.751751751751755,7.640401060247996e-13,4.100982360059969e-18,20.0,800,sintered
186666.6666666667,51.851851851851855,7.655179375059022e-13,4.100982360059969e-18,20.0,800,sintered
187027.02702702704,51.951951951951955,7.66995768987005e-13,4.100982360059969e-18,20.0,800,sintered
187387.3873873874,52.052052052052055,7.684736004681076e-13,4.100982360059969e-18,20.0,800,sintered
187747.74774774775,52.152152152152155,7.699514319492102e-13,4.100982360059969e-18,20.0,800,sintered
188108.1081081081,52.252252252252255,7.71429263430313e-13,4.100982360059969e-18,20.0,800,sintered
188468.4684684685,52.352352352352355,7.729070949114157e-13,4.100982360059969e-18,20.0,800,sintered
188828.82882882885,52.452452452452455,7.743849263925184e-13,4.100982360059969e-18,20.0,800,sintered
189189.1891891892,52.552552552552555,7.758627578736211e-13,4.100982360059969e-18,20.0,800,sintered
189549.54954954956,52.652652652652655,7.773405893547238e-13,4.100982360059969e-18,20.0,800,sintered
189909.9099099099,52.752752752752755,7.788184208358264e-13,4.100982360059969e-18,20.0,800,sintered
190270.27027027027,52.852852852852855,7.80296252316929e-13,4.100982360059969e-18,20.0,800,sintered
190630.63063063065,52.952952952952955,7.817740837980319e-13,4.100982360059969e-18,20.0,800,sintered
190990.990990991,53.053053053053056,7.832519152791345e-13,4.100982360059969e-18,20.0,800,sintered
191351.35135135136,53.153153153153156,7.847297467602372e-13,4.100982360059969e-18,20.0,800,sintered
191711.71171171172,53.253253253253256,7.862075782413399e-13,4.100982360059969e-18,20.0,800,sintered
192072.07207207207,53.353353353353356,7.876854097224425e-13,4.100982360059969e-18,20.0,800,sintered
192432.43243243246,53.453453453453456,7.891632412035454e-13,4.100982360059969e-18,20.0,800,sintered
192792.7927927928,53.553553553553556,7.90641072684648e-13,4.100982360059969e-18,20.0,800,sintered
193153.15315315317,53.653653653653656,7.921189041657507e-13,4.100982360059969e-18,20.0,800,sintered
193513.51351351352,53.753753753753756,7.935967356468533e-13,4.100982360059969e-18,20.0,800,sintered
193873.87387387388,53.853853853853856,7.95074567127956e-13,4.100982360059969e-18,20.0,800,sintered
194234.23423423423,53.953953953953956,7.965523986090587e-13,4.100982360059969e-18,20.0,800,sintered
194594.59459459462,54.054054054054056,7.980302300901614e-13,4.100982360059969e-18,20.0,800,sintered
194954.95495495497,54.154154154154156,7.995080615712642e-13,4.100982360059969e-18,20.0,800,sintered
195315.31531531533,54.254254254254256,8.009858930523668e-13,4.100982360059969e-18,20.0,800,sintered
195675.67567567568,54.354354354354356,8.024637245334695e-13,4.100982360059969e-18,20.0,800,sintered
196036.03603603604,54.454454454454456,8.039415560145722e-13,4.100982360059969e-18,20.0,800,sintered
196396.3963963964,54.55455455455456,8.054193874956748e-13,4.100982360059969e-18,20.0,800,sintered
196756.75675675677,54.65465465465466,8.068972189767776e-13,4.100982360059969e-18,20.0,800,sintered
197117.11711711713,54.75475475475476,8.083750504578803e-13,4.100982360059969e-18,20.0,800,sintered
197477.47747747749,54.85485485485486,8.09852881938983e-13,4.100982360059969e-18,20.0,800,sintered
197837.83783783784,54.95495495495496,8.113307134200856e-13,4.100982360059969e-18,20.0,800,sintered
198198.1981981982,55.05505505505506,8.128085449011882e-13,4.100982360059969e-18,20.0,800,sintered
198558.55855855855,55.15515515515516,8.14286376382291e-13,4.100982360059969e-18,20.0,800,sintered
198918.91891891893,55.25525525525526,8.157642078633937e-13,4.100982360059969e-18,20.0,800,sintered
199279.2792792793,55.35535535535536,8.172420393444965e-13,4.100982360059969e-18,20.0,800,sintered
199639.63963963964,55.45545545545546,8.187198708255991e-13,4.100982360059969e-18,20.0,800,sintered
200000.0,55.55555555555556,8.201977023067017e-13,4.100982360059969e-18,20.0,800,sintered
200360.36036036036,55.65565565565566,8.216755337878044e-13,4.100982360059969e-18,20.0,800,sintered
200720.72072072074,55.75575575575576,8.231533652689072e-13,4.100982360059969e-18,20.0,800,sintered
201081.0810810811,55.85585585585586,8.246311967500099e-13,4.100982360059969e-18,20.0,800,sintered
201441.44144144145,55.95595595595596,8.261090282311125e-13,4.100982360059969e-18,20.0,800,sintered
201801.8018018018,56.05605605605606,8.275868597122153e-13,4.100982360059969e-18,20.0,800,sintered
202162.16216216216,56.15615615615616,8.290646911933179e-13,4.100982360059969e-18,20.0,800,sintered
202522.52252252251,56.25625625625626,8.305425226744205e-13,4.100982360059969e-18,20.0,800,sintered
202882.8828828829,56.35635635635636,8.320203541555234e-13,4.100982360059969e-18,20.0,800,sintered
203243.24324324325,56.45645645645646,8.33498185636626e-13,4.100982360059969e-18,20.0,800,sintered
203603.6036036036,56.55655655655656,8.349760171177287e-13,4.100982360059969e-18,20.0,800,sintered
203963.96396396396,56.65665665665666,8.364538485988314e-13,4.100982360059969e-18,20.0,800,sintered
204324.32432432432,56.75675675675676,8.37931680079934e-13,4.100982360059969e-18,20.0,800,sintered
204684.68468468467,56.85685685685686,8.394095115610367e-13,4.100982360059969e-18,20.0,800,sintered
205045.04504504506,56.95695695695696,8.408873430421395e-13,4.100982360059969e-18,20.0,800,sintered
205405.4054054054,57.05705705705706,8.423651745232422e-13,4.100982360059969e-18,20.0,800,sintered
205765.76576576577,57.15715715715716,8.438430060043448e-13,4.100982360059969e-18,20.0,800,sintered
206126.12612612612,57.25725725725726,8.453208374854476e-13,4.100982360059969e-18,20.0,800,sintered
206486.48648648648,57.35735735735736,8.467986689665502e-13,4.100982360059969e-18,20.0,800,sintered
206846.84684684686,57.45745745745746,8.482765004476529e-13,4.100982360059969e-18,20.0,800,sintered
207207.20720720722,57.55755755755756,8.497543319287557e-13,4.100982360059969e-18,20.0,800,sintered
207567.56756756757,57.65765765765766,8.512321634098583e-13,4.100982360059969e-18,20.0,800,sintered
207927.92792792793,57.75775775775776,8.52709994890961e-13,4.100982360059969e-18,20.0,800,sintered
208288.28828828828,57.85785785785786,8.541878263720636e-13,4.100982360059969e-18,20.0,800,sintered
208648.64864864864,57.95795795795796,8.556656578531663e-13,4.100982360059969e-18,20.0,800,sintered
209009.00900900902,58.05805805805806,8.571434893342691e-13,4.100982360059969e-18,20.0,800,sintered
209369.36936936938,58.15815815815816,8.586213208153718e-13,4.100982360059969e-18,20.0,800,sintered
209729.72972972973,58.25825825825826,8.600991522964745e-13,4.100982360059969e-18,20.0,800,sintered
210090.0900900901,58.35835835835836,8.615769837775771e-13,4.100982360059969e-18,20.0,800,sintered
210450.45045045044,58.45845845845846,8.630548152586797e-13,4.100982360059969e-18,20.0,800,sintered
210810.8108108108,58.55855855855856,8.645326467397825e-13,4.100982360059969e-18,20.0,800,sintered
211171.17117117118,58.65865865865866,8.660104782208852e-13,4.100982360059969e-18,20.0,800,sintered
211531.53153153154,58.75875875875876,8.674883097019879e-13,4.100982360059969e-18,20.0,800,sintered
211891.8918918919,58.85885885885886,8.689661411830906e-13,4.100982360059969e-18,20.0,800,sintered
212252.25225225225,58.95895895895896,8.704439726641933e-13,4.100982360059969e-18,20.0,800,sintered
212612.6126126126,59.05905905905906,8.719218041452959e-13,4.100982360059969e-18,20.0,800,sintered
212972.972972973,59.15915915915916,8.733996356263987e-13,4.100982360059969e-18,20.0,800,sintered
213333.33333333334,59.25925925925926,8.748774671075014e-13,4.100982360059969e-18,20.0,800,sintered
213693.6936936937,59.35935935935936,8.76355298588604e-13,4.100982360059969e-18,20.0,800,sintered
214054.05405405405,59.45945945945946,8.778331300697068e-13,4.100982360059969e-18,20.0,800,sintered
214414.4144144144,59.55955955955956,8.793109615508094e-13,4.100982360059969e-18,20.0,800,sintered
214774.77477477476,59.65965965965966,8.80788793031912e-13,4.100982360059969e-18,20.0,800,sintered
215135.13513513515,59.75975975975976,8.822666245130149e-13,4.100982360059969e-18,20.0,800,sintered
215495.49549549553,59.85985985985987,8.837444559941176e-13,4.100982360059969e-18,20.0,800,sintered
215855.8558558559,59.95995995995997,8.852222874752203e-13,4.100982360059969e-18,20.0,800,sintered
216216.21621621624,60.06006006006007,8.86700118956323e-13,4.100982360059969e-18,20.0,800,sintered
216576.5765765766,60.16016016016017,8.881779504374257e-13,4.100982360059969e-18,20.0,800,sintered
216936.93693693695,60.26026026026027,8.896557819185283e-13,4.100982360059969e-18,20.0,800,sintered
217297.29729729734,60.36036036036037,8.911336133996311e-13,4.100982360059969e-18,20.0,800,sintered
217657.6576576577,60.46046046046047,8.926114448807338e-13,4.100982360059969e-18,20.0,800,sintered
218018.01801801805,60.56056056056057,8.940892763618364e-13,4.100982360059969e-18,20.0,800,sintered
218378.3783783784,60.66066066066067,8.955671078429392e-13,4.100982360059969e-18,20.0,800,sintered
218738.73873873876,60.76076076076077,8.970449393240418e-13,4.100982360059969e-18,20.0,800,sintered
219099.0990990991,60.86086086086087,8.985227708051444e-13,4.100982360059969e-18,20.0,800,sintered
219459.4594594595,60.96096096096097,9.000006022862473e-13,4.100982360059969e-18,20.0,800,sintered
219819.81981981985,61.06106106106107,9.014784337673499e-13,4.100982360059969e-18,20.0,800,sintered
220180.1801801802,61.16116116116117,9.029562652484526e-13,4.100982360059969e-18,20.0,800,sintered
220540.54054054056,61.26126126126127,9.044340967295553e-13,4.100982360059969e-18,20.0,800,sintered
220900.90090090092,61.36136136136137,9.05911928210658e-13,4.100982360059969e-18,20.0,800,sintered
221261.26126126127,61.46146146146147,9.073897596917606e-13,4.100982360059969e-18,20.0,800,sintered
221621.62162162166,61.56156156156157,9.088675911728634e-13,4.100982360059969e-18,20.0,800,sintered
221981.981981982,61.66166166166167,9.103454226539662e-13,4.100982360059969e-18,20.0,800,sintered
222342.34234234237,61.76176176176177,9.11823254135069e-13,4.100982360059969e-18,20.0,800,sintered
222702.70270270272,61.86186186186187,9.133010856161715e-13,4.100982360059969e-18,20.0,800,sintered
223063.06306306308,61.96196196196197,9.147789170972742e-13,4.100982360059969e-18,20.0,800,sintered
223423.42342342343,62.06206206206207,9.16256748578377e-13,4.100982360059969e-18,20.0,800,sintered
223783.78378378382,62.16216216216217,9.177345800594797e-13,4.100982360059969e-18,20.0,800,sintered
224144.14414414417,62.26226226226227,9.192124115405822e-13,4.100982360059969e-18,20.0,800,sintered
224504.50450450453,62.36236236236237,9.20690243021685e-13,4.100982360059969e-18,20.0,800,sintered
224864.86486486488,62.46246246246247,9.221680745027877e-13,4.100982360059969e-18,20.0,800,sintered
225225.22522522524,62.56256256256257,9.236459059838902e-13,4.100982360059969e-18,20.0,800,sintered
225585.58558558562,62.66266266266267,9.251237374649932e-13,4.100982360059969e-18,20.0,800,sintered
225945.94594594598,62.76276276276277,9.266015689460957e-13,4.100982360059969e-18,20.0,800,sintered
226306.30630630633,62.86286286286287,9.280794004271985e-13,4.100982360059969e-18,20.0,800,sintered
226666.6666666667,62.96296296296297,9.29557231908301e-13,4.100982360059969e-18,20.0,800,sintered
227027.02702702704,63.06306306306307,9.310350633894038e-13,4.100982360059969e-18,20.0,800,sintered
227387.3873873874,63.16316316316317,9.325128948705065e-13,4.100982360059969e-18,20.0,800,sintered
227747.74774774778,63.26326326326327,9.339907263516092e-13,4.100982360059969e-18,20.0,800,sintered
228108.10810810814,63.36336336336337,9.35468557832712e-13,4.100982360059969e-18,20.0,800,sintered
228468.4684684685,63.46346346346347,9.369463893138145e-13,4.100982360059969e-18,20.0,800,sintered
228828.82882882885,63.56356356356357,9.384242207949173e-13,4.100982360059969e-18,20.0,800,sintered
229189.1891891892,63.66366366366367,9.3990205227602e-13,4.100982360059969e-18,20.0,800,sintered
229549.54954954956,63.76376376376377,9.413798837571225e-13,4.100982360059969e-18,20.0,800,sintered
229909.90990990994,63.86386386386387,9.428577152382253e-13,4.100982360059969e-18,20.0,800,sintered
230270.2702702703,63.96396396396397,9.44335546719328e-13,4.100982360059969e-18,20.0,800,sintered
230630.63063063065,64.06406406406407,9.458133782004308e-13,4.100982360059969e-18,20.0,800,sintered
230990.99099099098,64.16416416416416,9.472912096815333e-13,4.100982360059969e-18,20.0,800,sintered
231351.35135135136,64.26426426426427,9.48769041162636e-13,4.100982360059969e-18,20.0,800,sintered
231711.71171171172,64.36436436436436,9.502468726437388e-13,4.100982360059969e-18,20.0,800,sintered
232072.0720720721,64.46446446446447,9.517247041248415e-13,4.100982360059969e-18,20.0,800,sintered
232432.43243243243,64.56456456456456,9.53202535605944e-13,4.100982360059969e-18,20.0,800,sintered
232792.7927927928,64.66466466466467,9.546803670870468e-13,4.100982360059969e-18,20.0,800,sintered
233153.15315315314,64.76476476476476,9.561581985681494e-13,4.100982360059969e-18,20.0,800,sintered
233513.51351351352,64.86486486486487,9.576360300492523e-13,4.100982360059969e-18,20.0,800,sintered
233873.87387387388,64.96496496496496,9.591138615303548e-13,4.100982360059969e-18,20.0,800,sintered
234234.23423423426,65.06506506506507,9.605916930114576e-13,4.100982360059969e-18,20.0,800,sintered
234594.5945945946,65.16516516516516,9.620695244925601e-13,4.100982360059969e-18,20.0,800,sintered
234954.95495495497,65.26526526526527,9.63547355973663e-13,4.100982360059969e-18,20.0,800,sintered
235315.3153153153,65.36536536536536,9.650251874547656e-13,4.100982360059969e-18,20.0,800,sintered
235675.67567567568,65.46546546546547,9.665030189358683e-13,4.100982360059969e-18,20.0,800,sintered
236036.03603603604,65.56556556556556,9.67980850416971e-13,4.100982360059969e-18,20.0,800,sintered
236396.39639639642,65.66566566566567,9.694586818980738e-13,4.100982360059969e-18,20.0,800,sintered
236756.75675675675,65.76576576576576,9.709365133791764e-13,4.100982360059969e-18,20.0,800,sintered
237117.11711711713,65.86586586586587,9.724143448602791e-13,4.100982360059969e-18,20.0,800,sintered
237477.47747747746,65.96596596596596,9.738921763413817e-13,4.100982360059969e-18,20.0,800,sintered
237837.83783783787,66.06606606606607,9.753700078224846e-13,4.100982360059969e-18,20.0,800,sintered
238198.1981981982,66.16616616616616,9.768478393035871e-13,4.100982360059969e-18,20.0,800,sintered
238558.55855855858,66.26626626626627,9.783256707846899e-13,4.100982360059969e-18,20.0,800,sintered
238918.9189189189,66.36636636636636,9.798035022657924e-13,4.100982360059969e-18,20.0,800,sintered
239279.2792792793,66.46646646646647,9.812813337468954e-13,4.100982360059969e-18,20.0,800,sintered
239639.63963963964,66.56656656656656,9.82759165227998e-13,4.100982360059969e-18,20.0,800,sintered
240000.00000000003,66.66666666666667,9.842369967091006e-13,4.100982360059969e-18,20.0,800,sintered
240360.36036036036,66.76676676676676,9.857148281902034e-13,4.100982360059969e-18,20.0,800,sintered
240720.72072072074,66.86686686686687,9.871926596713061e-13,4.100982360059969e-18,20.0,800,sintered
241081.08108108107,66.96696696696696,9.886704911524087e-13,4.100982360059969e-18,20.0,800,sintered
241441.44144144145,67.06706706706707,9.901483226335114e-13,4.100982360059969e-18,20.0,800,sintered
241801.8018018018,67.16716716716716,9.916261541146142e-13,4.100982360059969e-18,20.0,800,sintered
242162.1621621622,67.26726726726727,9.931039855957169e-13,4.100982360059969e-18,20.0,800,sintered
242522.52252252251,67.36736736736736,9.945818170768194e-13,4.100982360059969e-18,20.0,800,sintered
242882.8828828829,67.46746746746747,9.960596485579222e-13,4.100982360059969e-18,20.0,800,sintered
243243.24324324323,67.56756756756756,9.975374800390247e-13,4.100982360059969e-18,20.0,800,sintered
243603.6036036036,67.66766766766767,9.990153115201275e-13,4.100982360059969e-18,20.0,800,sintered
243963.96396396396,67.76776776776777,1.0004931430012302e-12,4.100982360059969e-18,20.0,800,sintered
244324.32432432435,67.86786786786787,1.001970974482333e-12,4.100982360059969e-18,20.0,800,sintered
244684.68468468467,67.96796796796797,1.0034488059634355e-12,4.100982360059969e-18,20.0,800,sintered
245045.04504504506,68.06806806806807,1.0049266374445384e-12,4.100982360059969e-18,20.0,800,sintered
245405.40540540538,68.16816816816817,1.006404468925641e-12,4.100982360059969e-18,20.0,800,sintered
245765.76576576577,68.26826826826827,1.0078823004067437e-12,4.100982360059969e-18,20.0,800,sintered
246126.12612612615,68.36836836836838,1.0093601318878465e-12,4.100982360059969e-18,20.0,800,sintered
246486.4864864865,68.46846846846847,1.0108379633689492e-12,4.100982360059969e-18,20.0,800,sintered
246846.8468468469,68.56856856856858,1.012315794850052e-12,4.100982360059969e-18,20.0,800,sintered
247207.20720720722,68.66866866866867,1.0137936263311545e-12,4.100982360059969e-18,20.0,800,sintered
247567.5675675676,68.76876876876878,1.0152714578122572e-12,4.100982360059969e-18,20.0,800,sintered
247927.92792792793,68.86886886886887,1.0167492892933598e-12,4.100982360059969e-18,20.0,800,sintered
248288.28828828834,68.96896896896898,1.0182271207744627e-12,4.100982360059969e-18,20.0,800,sintered
248648.64864864867,69.06906906906907,1.0197049522555652e-12,4.100982360059969e-18,20.0,800,sintered
249009.00900900905,69.16916916916918,1.0211827837366682e-12,4.100982360059969e-18,20.0,800,sintered
249369.36936936938,69.26926926926927,1.0226606152177707e-12,4.100982360059969e-18,20.0,800,sintered
249729.72972972976,69.36936936936938,1.0241384466988735e-12,4.100982360059969e-18,20.0,800,sintered
250090.09009009012,69.46946946946947,1.025616278179976e-12,4.100982360059969e-18,20.0,800,sintered
250450.4504504505,69.56956956956958,1.027094109661079e-12,4.100982360059969e-18,20.0,800,sintered
250810.81081081083,69.66966966966967,1.0285719411421815e-12,4.100982360059969e-18,20.0,800,sintered
251171.1711711712,69.76976976976978,1.0300497726232842e-12,4.100982360059969e-18,20.0,800,sintered
251531.53153153154,69.86986986986987,1.0315276041043868e-12,4.100982360059969e-18,20.0,800,sintered
251891.89189189192,69.96996996996998,1.0330054355854895e-12,4.100982360059969e-18,20.0,800,sintered
252252.25225225228,70.07007007007007,1.0344832670665923e-12,4.100982360059969e-18,20.0,800,sintered
252612.61261261266,70.17017017017018,1.035961098547695e-12,4.100982360059969e-18,20.0,800,sintered
252972.972972973,70.27027027027027,1.0374389300287975e-12,4.100982360059969e-18,20.0,800,sintered
253333.33333333337,70.37037037037038,1.0389167615099003e-12,4.100982360059969e-18,20.0,800,sintered
253693.6936936937,70.47047047047047,1.0403945929910028e-12,4.100982360059969e-18,20.0,800,sintered
254054.05405405408,70.57057057057058,1.0418724244721058e-12,4.100982360059969e-18,20.0,800,sintered
254414.41441441444,70.67067067067067,1.0433502559532083e-12,4.100982360059969e-18,20.0,800,sintered
254774.77477477482,70.77077077077078,1.0448280874343112e-12,4.100982360059969e-18,20.0,800,sintered
255135.13513513515,70.87087087087087,1.0463059189154138e-12,4.100982360059969e-18,20.0,800,sintered
255495.49549549553,70.97097097097098,1.0477837503965165e-12,4.100982360059969e-18,20.0,800,sintered
255855.85585585586,71.07107107107107,1.049261581877619e-12,4.100982360059969e-18,20.0,800,sintered
256216.21621621624,71.17117117117118,1.0507394133587218e-12,4.100982360059969e-18,20.0,800,sintered
256576.5765765766,71.27127127127127,1.0522172448398246e-12,4.100982360059969e-18,20.0,800,sintered
256936.93693693698,71.37137137137138,1.0536950763209273e-12,4.100982360059969e-18,20.0,800,sintered
257297.2972972973,71.47147147147147,1.0551729078020298e-12,4.100982360059969e-18,20.0,800,sintered
257657.6576576577,71.57157157157158,1.0566507392831326e-12,4.100982360059969e-18,20.0,800,sintered
258018.01801801802,71.67167167167167,1.0581285707642351e-12,4.100982360059969e-18,20.0,800,sintered
258378.3783783784,71.77177177177178,1.059606402245338e-12,4.100982360059969e-18,20.0,800,sintered
258738.73873873876,71.87187187187187,1.0610842337264406e-12,4.100982360059969e-18,20.0,800,sintered
259099.09909909914,71.97197197197198,1.0625620652075435e-12,4.100982360059969e-18,20.0,800,sintered
259459.45945945947,72.07207207207207,1.064039896688646e-12,4.100982360059969e-18,20.0,800,sintered
259819.81981981985,72.17217217217218,1.0655177281697488e-12,4.100982360059969e-18,20.0,800,sintered
260180.18018018018,72.27227227227228,1.0669955596508514e-12,4.100982360059969e-18,20.0,800,sintered
260540.54054054056,72.37237237237238,1.0684733911319541e-12,4.100982360059969e-18,20.0,800,sintered
260900.90090090092,72.47247247247248,1.0699512226130568e-12,4.100982360059969e-18,20.0,800,sintered
261261.2612612613,72.57257257257258,1.0714290540941596e-12,4.100982360059969e-18,20.0,800,sintered
261621.62162162163,72.67267267267268,1.0729068855752621e-12,4.100982360059969e-18,20.0,800,sintered
261981.981981982,72.77277277277278,1.0743847170563649e-12,4.100982360059969e-18,20.0,800,sintered
262342.34234234237,72.87287287287288,1.0758625485374676e-12,4.100982360059969e-18,20.0,800,sintered
262702.7027027027,72.97297297297298,1.0773403800185704e-12,4.100982360059969e-18,20.0,800,sintered
263063.0630630631,73.07307307307308,1.0788182114996729e-12,4.100982360059969e-18,20.0,800,sintered
263423.42342342343,73.17317317317318,1.0802960429807756e-12,4.100982360059969e-18,20.0,800,sintered
263783.7837837838,73.27327327327328,1.0817738744618782e-12,4.100982360059969e-18,20.0,800,sintered
264144.1441441442,73.37337337337338,1.0832517059429811e-12,4.100982360059969e-18,20.0,800,sintered
264504.5045045045,73.47347347347348,1.0847295374240837e-12,4.100982360059969e-18,20.0,800,sintered
264864.8648648649,73.57357357357358,1.0862073689051866e-12,4.100982360059969e-18,20.0,800,sintered
265225.2252252252,73.67367367367368,1.087685200386289e-12,4.100982360059969e-18,20.0,800,sintered
265585.5855855856,73.77377377377378,1.0891630318673919e-12,4.100982360059969e-18,20.0,800,sintered
265945.945945946,73.87387387387388,1.0906408633484946e-12,4.100982360059969e-18,20.0,800,sintered
266306.30630630633,73.97397397397398,1.0921186948295972e-12,4.100982360059969e-18,20.0,800,sintered
266666.6666666667,74.07407407407408,1.0935965263107e-12,4.100982360059969e-18,20.0,800,sintered
267027.02702702704,74.17417417417418,1.0950743577918024e-12,4.100982360059969e-18,20.0,800,sintered
267387.3873873874,74.27427427427428,1.0965521892729052e-12,4.100982360059969e-18,20.0,800,sintered
267747.7477477478,74.37437437437438,1.0980300207540081e-12,4.100982360059969e-18,20.0,800,sintered
268108.1081081081,74.47447447447448,1.0995078522351105e-12,4.100982360059969e-18,20.0,800,sintered
268468.4684684685,74.57457457457458,1.1009856837162134e-12,4.100982360059969e-18,20.0,800,sintered
268828.8288288288,74.67467467467468,1.102463515197316e-12,4.100982360059969e-18,20.0,800,sintered
269189.18918918923,74.77477477477478,1.1039413466784187e-12,4.100982360059969e-18,20.0,800,sintered
269549.5495495496,74.87487487487488,1.1054191781595214e-12,4.100982360059969e-18,20.0,800,sintered
269909.90990990994,74.97497497497498,1.1068970096406242e-12,4.100982360059969e-18,20.0,800,sintered
270270.2702702703,75.07507507507508,1.1083748411217267e-12,4.100982360059969e-18,20.0,800,sintered
270630.63063063065,75.17517517517518,1.1098526726028295e-12,4.100982360059969e-18,20.0,800,sintered
270990.990990991,75.27527527527528,1.1113305040839322e-12,4.100982360059969e-18,20.0,800,sintered
271351.35135135136,75.37537537537538,1.1128083355650347e-12,4.100982360059969e-18,20.0,800,sintered
271711.7117117117,75.47547547547548,1.1142861670461375e-12,4.100982360059969e-18,20.0,800,sintered
272072.07207207213,75.57557557557558,1.1157639985272404e-12,4.100982360059969e-18,20.0,800,sintered
272432.4324324324,75.67567567567568,1.1172418300083428e-12,4.100982360059969e-18,20.0,800,sintered
272792.79279279284,75.77577577577578,1.1187196614894457e-12,4.100982360059969e-18,20.0,800,sintered
273153.15315315314,75.87587587587588,1.1201974929705483e-12,4.100982360059969e-18,20.0,800,sintered
273513.51351351355,75.97597597597598,1.121675324451651e-12,4.100982360059969e-18,20.0,800,sintered
273873.8738738739,76.07607607607608,1.1231531559327537e-12,4.100982360059969e-18,20.0,800,sintered
274234.23423423426,76.17617617617618,1.1246309874138565e-12,4.100982360059969e-18,20.0,800,sintered
274594.5945945946,76.27627627627628,1.126108818894959e-12,4.100982360059969e-18,20.0,800,sintered
274954.95495495497,76.37637637637638,1.1275866503760618e-12,4.100982360059969e-18,20.0,800,sintered
275315.3153153153,76.47647647647648,1.1290644818571645e-12,4.100982360059969e-18,20.0,800,sintered
275675.6756756757,76.57657657657658,1.130542313338267e-12,4.100982360059969e-18,20.0,800,sintered
276036.03603603604,76.67667667667668,1.1320201448193698e-12,4.100982360059969e-18,20.0,800,sintered
276396.39639639645,76.77677677677679,1.1334979763004727e-12,4.100982360059969e-18,20.0,800,sintered
276756.75675675675,76.87687687687688,1.134975807781575e-12,4.100982360059969e-18,20.0,800,sintered
277117.11711711716,76.97697697697699,1.136453639262678e-12,4.100982360059969e-18,20.0,800,sintered
277477.47747747746,77.07707707707708,1.1379314707437803e-12,4.100982360059969e-18,20.0,800,sintered
277837.83783783787,77.17717717717719,1.1394093022248833e-12,4.100982360059969e-18,20.0,800,sintered
278198.1981981982,77.27727727727728,1.140887133705986e-12,4.100982360059969e-18,20.0,800,sintered
278558.5585585586,77.37737737737739,1.1423649651870888e-12,4.100982360059969e-18,20.0,800,sintered
278918.91891891893,77.47747747747748,1.1438427966681913e-12,4.100982360059969e-18,20.0,800,sintered
279279.2792792793,77.57757757757759,1.145320628149294e-12,4.100982360059969e-18,20.0,800,sintered
279639.63963963964,77.67767767767768,1.1467984596303968e-12,4.100982360059969e-18,20.0,800,sintered
280000.0,77.77777777777779,1.1482762911114993e-12,4.100982360059969e-18,20.0,800,sintered
280360.36036036036,77.87787787787788,1.149754122592602e-12,4.100982360059969e-18,20.0,800,sintered
280720.72072072077,77.97797797797799,1.151231954073705e-12,4.100982360059969e-18,20.0,800,sintered
281081.08108108107,78.07807807807808,1.1527097855548074e-12,4.100982360059969e-18,20.0,800,sintered
281441.4414414415,78.17817817817819,1.1541876170359103e-12,4.100982360059969e-18,20.0,800,sintered
281801.8018018018,78.27827827827828,1.1556654485170126e-12,4.100982360059969e-18,20.0,800,sintered
282162.1621621622,78.37837837837839,1.1571432799981156e-12,4.100982360059969e-18,20.0,800,sintered
282522.52252252254,78.47847847847848,1.1586211114792183e-12,4.100982360059969e-18,20.0,800,sintered
282882.8828828829,78.57857857857859,1.160098942960321e-12,4.100982360059969e-18,20.0,800,sintered
283243.24324324325,78.67867867867868,1.1615767744414236e-12,4.100982360059969e-18,20.0,800,sintered
283603.6036036036,78.77877877877879,1.1630546059225264e-12,4.100982360059969e-18,20.0,800,sintered
283963.96396396396,78.87887887887888,1.1645324374036289e-12,4.100982360059969e-18,20.0,800,sintered
284324.3243243244,78.97897897897899,1.1660102688847318e-12,4.100982360059969e-18,20.0,800,sintered
284684.6846846847,79.07907907907908,1.1674881003658344e-12,4.100982360059969e-18,20.0,800,sintered
285045.0450450451,79.17917917917919,1.1689659318469373e-12,4.100982360059969e-18,20.0,800,sintered
285405.4054054054,79.27927927927928,1.1704437633280397e-12,4.100982360059969e-18,20.0,800,sintered
285765.7657657658,79.37937937937939,1.1719215948091426e-12,4.100982360059969e-18,20.0,800,sintered
286126.12612612615,79.47947947947948,1.1733994262902451e-12,4.100982360059969e-18,20.0,800,sintered
286486.4864864865,79.57957957957959,1.1748772577713479e-12,4.100982360059969e-18,20.0,800,sintered
286846.84684684686,79.67967967967968,1.1763550892524506e-12,4.100982360059969e-18,20.0,800,sintered
287207.2072072072,79.77977977977979,1.1778329207335532e-12,4.100982360059969e-18,20.0,800,sintered
287567.5675675676,79.87987987987988,1.179310752214656e-12,4.100982360059969e-18,20.0,800,sintered
287927.9279279279,79.97997997997999,1.1807885836957587e-12,4.100982360059969e-18,20.0,800,sintered
288288.2882882883,80.08008008008008,1.1822664151768612e-12,4.100982360059969e-18,20.0,800,sintered
288648.6486486487,80.18018018018019,1.1837442466579641e-12,4.100982360059969e-18,20.0,800,sintered
289009.009009009,80.28028028028028,1.1852220781390667e-12,4.100982360059969e-18,20.0,800,sintered
289369.3693693694,80.38038038038039,1.1866999096201694e-12,4.100982360059969e-18,20.0,800,sintered
289729.7297297297,80.48048048048048,1.188177741101272e-12,4.100982360059969e-18,20.0,800,sintered
290090.0900900901,80.58058058058059,1.189655572582375e-12,4.100982360059969e-18,20.0,800,sintered
290450.4504504505,80.68068068068068,1.1911334040634774e-12,4.100982360059969e-18,20.0,800,sintered
290810.8108108108,80.78078078078079,1.1926112355445802e-12,4.100982360059969e-18,20.0,800,sintered
291171.1711711712,80.88088088088088,1.194089067025683e-12,4.100982360059969e-18,20.0,800,sintered
291531.53153153154,80.98098098098099,1.1955668985067855e-12,4.100982360059969e-18,20.0,800,sintered
291891.8918918919,81.08108108108108,1.1970447299878882e-12,4.100982360059969e-18,20.0,800,sintered
292252.25225225225,81.18118118118119,1.198522561468991e-12,4.100982360059969e-18,20.0,800,sintered
292612.6126126126,81.28128128128128,1.2000003929500935e-12,4.100982360059969e-18,20.0,800,sintered
292972.972972973,81.38138138138139,1.2014782244311964e-12,4.100982360059969e-18,20.0,800,sintered
293333.3333333333,81.48148148148148,1.202956055912299e-12,4.100982360059969e-18,20.0,800,sintered
293693.6936936937,81.58158158158159,1.2044338873934017e-12,4.100982360059969e-18,20.0,800,sintered
294054.054054054,81.68168168168168,1.2059117188745043e-12,4.100982360059969e-18,20.0,800,sintered
294414.41441441444,81.78178178178179,1.2073895503556072e-12,4.100982360059969e-18,20.0,800,sintered
294774.7747747748,81.88188188188188,1.2088673818367097e-12,4.100982360059969e-18,20.0,800,sintered
295135.13513513515,81.98198198198199,1.2103452133178125e-12,4.100982360059969e-18,20.0,800,sintered
295495.4954954955,82.08208208208208,1.2118230447989152e-12,4.100982360059969e-18,20.0,800,sintered
295855.85585585586,82.18218218218219,1.2133008762800178e-12,4.100982360059969e-18,20.0,800,sintered
296216.2162162162,82.28228228228228,1.2147787077611205e-12,4.100982360059969e-18,20.0,800,sintered
296576.5765765766,82.38238238238239,1.2162565392422234e-12,4.100982360059969e-18,20.0,800,sintered
296936.9369369369,82.48248248248248,1.2177343707233258e-12,4.100982360059969e-18,20.0,800,sintered
297297.29729729734,82.58258258258259,1.2192122022044287e-12,4.100982360059969e-18,20.0,800,sintered
297657.65765765763,82.68268268268268,1.220690033685531e-12,4.100982360059969e-18,20.0,800,sintered
298018.01801801805,82.78278278278279,1.222167865166634e-12,4.100982360059969e-18,20.0,800,sintered
298378.3783783784,82.88288288288288,1.2236456966477368e-12,4.100982360059969e-18,20.0,800,sintered
298738.73873873876,82.98298298298299,1.2251235281288395e-12,4.100982360059969e-18,20.0,800,sintered
299099.0990990991,83.08308308308308,1.226601359609942e-12,4.100982360059969e-18,20.0,800,sintered
299459.45945945947,83.18318318318319,1.2280791910910448e-12,4.100982360059969e-18,20.0,800,sintered
299819.8198198198,83.28328328328328,1.2295570225721475e-12,4.100982360059969e-18,20.0,800,sintered
300180.1801801802,83.38338338338339,1.23103485405325e-12,4.100982360059969e-18,20.0,800,sintered
300540.54054054053,83.48348348348348,1.2325126855343528e-12,4.100982360059969e-18,20.0,800,sintered
300900.90090090095,83.58358358358359,1.2339905170154557e-12,4.100982360059969e-18,20.0,800,sintered
301261.26126126124,83.68368368368368,1.235468348496558e-12,4.100982360059969e-18,20.0,800,sintered
301621.62162162166,83.78378378378379,1.236946179977661e-12,4.100982360059969e-18,20.0,800,sintered
301981.98198198195,83.88388388388388,1.2384240114587634e-12,4.100982360059969e-18,20.0,800,sintered
302342.34234234237,83.98398398398399,1.2399018429398663e-12,4.100982360059969e-18,20.0,800,sintered
302702.7027027027,84.08408408408408,1.241379674420969e-12,4.100982360059969e-18,20.0,800,sintered
303063.0630630631,84.18418418418419,1.2428575059020716e-12,4.100982360059969e-18,20.0,800,sintered
303423.42342342343,84.28428428428428,1.2443353373831743e-12,4.100982360059969e-18,20.0,800,sintered
303783.7837837838,84.38438438438439,1.245813168864277e-12,4.100982360059969e-18,20.0,800,sintered
304144.14414414414,84.48448448448448,1.2472910003453796e-12,4.100982360059969e-18,20.0,800,sintered
304504.5045045045,84.58458458458459,1.2487688318264824e-12,4.100982360059969e-18,20.0,800,sintered
304864.86486486485,84.68468468468468,1.250246663307585e-12,4.100982360059969e-18,20.0,800,sintered
305225.22522522527,84.78478478478479,1.251724494788688e-12,4.100982360059969e-18,20.0,800,sintered
305585.58558558556,84.88488488488488,1.2532023262697904e-12,4.100982360059969e-18,20.0,800,sintered
305945.945945946,84.98498498498499,1.2546801577508933e-12,4.100982360059969e-18,20.0,800,sintered
306306.3063063063,85.08508508508508,1.2561579892319957e-12,4.100982360059969e-18,20.0,800,sintered
306666.6666666667,85.18518518518519,1.2576358207130986e-12,4.100982360059969e-18,20.0,800,sintered
307027.02702702704,85.28528528528528,1.2591136521942013e-12,4.100982360059969e-18,20.0,800,sintered
307387.3873873874,85.38538538538539,1.2605914836753039e-12,4.100982360059969e-18,20.0,800,sintered
307747.7477477478,85.4854854854855,1.2620693151564068e-12,4.100982360059969e-18,20.0,800,sintered
308108.1081081081,85.58558558558559,1.2635471466375094e-12,4.100982360059969e-18,20.0,800,sintered
308468.4684684685,85.6856856856857,1.2650249781186123e-12,4.100982360059969e-18,20.0,800,sintered
308828.8288288289,85.78578578578579,1.2665028095997149e-12,4.100982360059969e-18,20.0,800,sintered
309189.18918918923,85.8858858858859,1.2679806410808176e-12,4.100982360059969e-18,20.0,800,sintered
309549.5495495496,85.98598598598599,1.2694584725619201e-12,4.100982360059969e-18,20.0,800,sintered
309909.90990990994,86.0860860860861,1.2709363040430229e-12,4.100982360059969e-18,20.0,800,sintered
310270.2702702703,86.18618618618619,1.2724141355241256e-12,4.100982360059969e-18,20.0,800,sintered
310630.63063063065,86.2862862862863,1.2738919670052282e-12,4.100982360059969e-18,20.0,800,sintered
310990.990990991,86.38638638638639,1.275369798486331e-12,4.100982360059969e-18,20.0,800,sintered
311351.3513513514,86.4864864864865,1.2768476299674338e-12,4.100982360059969e-18,20.0,800,sintered
311711.7117117117,86.58658658658659,1.2783254614485362e-12,4.100982360059969e-18,20.0,800,sintered
312072.07207207213,86.6866866866867,1.2798032929296391e-12,4.100982360059969e-18,20.0,800,sintered
312432.4324324324,86.78678678678679,1.2812811244107417e-12,4.100982360059969e-18,20.0,800,sintered
312792.79279279284,86.8868868868869,1.2827589558918444e-12,4.100982360059969e-18,20.0,800,sintered
313153.1531531532,86.98698698698699,1.2842367873729472e-12,4.100982360059969e-18,20.0,800,sintered
313513.51351351355,87.0870870870871,1.2857146188540499e-12,4.100982360059969e-18,20.0,800,sintered
313873.8738738739,87.18718718718719,1.2871924503351524e-12,4.100982360059969e-18,20.0,800,sintered
314234.23423423426,87.2872872872873,1.2886702818162552e-12,4.100982360059969e-18,20.0,800,sintered
314594.5945945946,87.38738738738739,1.290148113297358e-12,4.100982360059969e-18,20.0,800,sintered
314954.95495495497,87.4874874874875,1.2916259447784605e-12,4.100982360059969e-18,20.0,800,sintered
315315.3153153153,87.58758758758759,1.2931037762595632e-12,4.100982360059969e-18,20.0,800,sintered
315675.67567567574,87.6876876876877,1.2945816077406661e-12,4.100982360059969e-18,20.0,800,sintered
316036.03603603604,87.78778778778779,1.2960594392217685e-12,4.100982360059969e-18,20.0,800,sintered
316396.39639639645,87.8878878878879,1.2975372707028714e-12,4.100982360059969e-18,20.0,800,sintered
316756.75675675675,87.98798798798799,1.299015102183974e-12,4.100982360059969e-18,20.0,800,sintered
317117.11711711716,88.0880880880881,1.3004929336650767e-12,4.100982360059969e-18,20.0,800,sintered
317477.4774774775,88.18818818818819,1.3019707651461794e-12,4.100982360059969e-18,20.0,800,sintered
317837.83783783787,88.2882882882883,1.3034485966272822e-12,4.100982360059969e-18,20.0,800,sintered
318198.1981981982,88.38838838838839,1.3049264281083847e-12,4.100982360059969e-18,20.0,800,sintered
318558.5585585586,88.4884884884885,1.3064042595894875e-12,4.100982360059969e-18,20.0,800,sintered
318918.91891891893,88.58858858858859,1.3078820910705902e-12,4.100982360059969e-18,20.0,800,sintered
319279.27927927935,88.6886886886887,1.309359922551693e-12,4.100982360059969e-18,20.0,800,sintered
319639.63963963964,88.78878878878879,1.3108377540327955e-12,4.100982360059969e-18,20.0,800,sintered
320000.00000000006,88.8888888888889,1.3123155855138984e-12,4.100982360059969e-18,20.0,800,sintered
320360.36036036036,88.988988988989,1.3137934169950008e-12,4.100982360059969e-18,20.0,800,sintered
320720.72072072077,89.0890890890891,1.3152712484761037e-12,4.100982360059969e-18,20.0,800,sintered
321081.0810810811,89.1891891891892,1.3167490799572065e-12,4.100982360059969e-18,20.0,800,sintered
321441.4414414415,89.2892892892893,1.318226911438309e-12,4.100982360059969e-18,20.0,800,sintered
321801.80180180183,89.3893893893894,1.3197047429194117e-12,4.100982360059969e-18,20.0,800,sintered
322162.1621621622,89.4894894894895,1.3211825744005145e-12,4.100982360059969e-18,20.0,800,sintered
322522.52252252254,89.5895895895896,1.322660405881617e-12,4.100982360059969e-18,20.0,800,sintered
322882.8828828829,89.6896896896897,1.3241382373627198e-12,4.100982360059969e-18,20.0,800,sintered
323243.24324324325,89.7897897897898,1.3256160688438223e-12,4.100982360059969e-18,20.0,800,sintered
323603.60360360367,89.8898898898899,1.3270939003249253e-12,4.100982360059969e-18,20.0,800,sintered
323963.96396396396,89.98998998999,1.3285717318060278e-12,4.100982360059969e-18,20.0,800,sintered
324324.3243243244,90.0900900900901,1.3300495632871307e-12,4.100982360059969e-18,20.0,800,sintered
324684.6846846847,90.1901901901902,1.331527394768233e-12,4.100982360059969e-18,20.0,800,sintered
325045.0450450451,90.2902902902903,1.333005226249336e-12,4.100982360059969e-18,20.0,800,sintered
325405.40540540544,90.3903903903904,1.3344830577304388e-12,4.100982360059969e-18,20.0,800,sintered
325765.7657657658,90.4904904904905,1.3359608892115413e-12,4.100982360059969e-18,20.0,800,sintered
326126.12612612615,90.5905905905906,1.337438720692644e-12,4.100982360059969e-18,20.0,800,sintered
326486.4864864865,90.6906906906907,1.3389165521737466e-12,4.100982360059969e-18,20.0,800,sintered
326846.84684684686,90.7907907907908,1.3403943836548493e-12,4.100982360059969e-18,20.0,800,sintered
327207.2072072072,90.8908908908909,1.341872215135952e-12,4.100982360059969e-18,20.0,800,sintered
327567.5675675676,90.990990990991,1.3433500466170546e-12,4.100982360059969e-18,20.0,800,sintered
327927.927927928,91.0910910910911,1.3448278780981575e-12,4.100982360059969e-18,20.0,800,sintered
328288.2882882883,91.1911911911912,1.34630570957926e-12,4.100982360059969e-18,20.0,800,sintered
328648.6486486487,91.2912912912913,1.3477835410603628e-12,4.100982360059969e-18,20.0,800,sintered
329009.009009009,91.3913913913914,1.3492613725414654e-12,4.100982360059969e-18,20.0,800,sintered
329369.3693693694,91.4914914914915,1.3507392040225683e-12,4.100982360059969e-18,20.0,800,sintered
329729.72972972976,91.5915915915916,1.3522170355036709e-12,4.100982360059969e-18,20.0,800,sintered
330090.0900900901,91.6916916916917,1.3536948669847736e-12,4.100982360059969e-18,20.0,800,sintered
330450.4504504505,91.7917917917918,1.3551726984658763e-12,4.100982360059969e-18,20.0,800,sintered
330810.8108108108,91.8918918918919,1.3566505299469789e-12,4.100982360059969e-18,20.0,800,sintered
331171.1711711712,91.991991991992,1.3581283614280816e-12,4.100982360059969e-18,20.0,800,sintered
331531.53153153154,92.0920920920921,1.3596061929091844e-12,4.100982360059969e-18,20.0,800,sintered
331891.8918918919,92.1921921921922,1.361084024390287e-12,4.100982360059969e-18,20.0,800,sintered
332252.2522522523,92.2922922922923,1.3625618558713898e-12,4.100982360059969e-18,20.0,800,sintered
332612.6126126126,92.3923923923924,1.3640396873524924e-12,4.100982360059969e-18,20.0,800,sintered
332972.972972973,92.4924924924925,1.3655175188335951e-12,4.100982360059969e-18,20.0,800,sintered
333333.3333333333,92.5925925925926,1.3669953503146977e-12,4.100982360059969e-18,20.0,800,sintered
333693.6936936937,92.6926926926927,1.3684731817958006e-12,4.100982360059969e-18,20.0,800,sintered
334054.0540540541,92.7927927927928,1.3699510132769031e-12,4.100982360059969e-18,20.0,800,sintered
334414.41441441444,92.8928928928929,1.3714288447580059e-12,4.100982360059969e-18,20.0,800,sintered
334774.7747747748,92.992992992993,1.3729066762391086e-12,4.100982360059969e-18,20.0,800,sintered
335135.13513513515,93.0930930930931,1.3743845077202112e-12,4.100982360059969e-18,20.0,800,sintered
335495.4954954955,93.1931931931932,1.375862339201314e-12,4.100982360059969e-18,20.0,800,sintered
335855.8558558559,93.2932932932933,1.3773401706824169e-12,4.100982360059969e-18,20.0,800,sintered
336216.2162162162,93.3933933933934,1.3788180021635192e-12,4.100982360059969e-18,20.0,800,sintered
336576.5765765766,93.4934934934935,1.3802958336446221e-12,4.100982360059969e-18,20.0,800,sintered
336936.9369369369,93.5935935935936,1.3817736651257245e-12,4.100982360059969e-18,20.0,800,sintered
337297.29729729734,93.6936936936937,1.3832514966068274e-12,4.100982360059969e-18,20.0,800,sintered
337657.6576576577,93.7937937937938,1.3847293280879302e-12,4.100982360059969e-18,20.0,800,sintered
338018.01801801805,93.8938938938939,1.386207159569033e-12,4.100982360059969e-18,20.0,800,sintered
338378.3783783784,93.993993993994,1.3876849910501354e-12,4.100982360059969e-18,20.0,800,sintered
338738.73873873876,94.0940940940941,1.3891628225312382e-12,4.100982360059969e-18,20.0,800,sintered
339099.0990990991,94.1941941941942,1.390640654012341e-12,4.100982360059969e-18,20.0,800,sintered
339459.45945945947,94.2942942942943,1.3921184854934435e-12,4.100982360059969e-18,20.0,800,sintered
339819.8198198198,94.3943943943944,1.3935963169745462e-12,4.100982360059969e-18,20.0,800,sintered
340180.18018018024,94.4944944944945,1.3950741484556492e-12,4.100982360059969e-18,20.0,800,sintered
340540.54054054053,94.5945945945946,1.3965519799367515e-12,4.100982360059969e-18,20.0,800,sintered
340900.90090090095,94.6946946946947,1.3980298114178544e-12,4.100982360059969e-18,20.0,800,sintered
341261.26126126124,94.7947947947948,1.3995076428989568e-12,4.100982360059969e-18,20.0,800,sintered
341621.62162162166,94.8948948948949,1.4009854743800597e-12,4.100982360059969e-18,20.0,800,sintered
341981.981981982,94.994994994995,1.4024633058611625e-12,4.100982360059969e-18,20.0,800,sintered
342342.34234234237,95.0950950950951,1.4039411373422652e-12,4.100982360059969e-18,20.0,800,sintered
342702.7027027027,95.1951951951952,1.4054189688233677e-12,4.100982360059969e-18,20.0,800,sintered
343063.0630630631,95.2952952952953,1.4068968003044705e-12,4.100982360059969e-18,20.0,800,sintered
343423.42342342343,95.3953953953954,1.408374631785573e-12,4.100982360059969e-18,20.0,800,sintered
343783.7837837838,95.4954954954955,1.4098524632666758e-12,4.100982360059969e-18,20.0,800,sintered
344144.14414414414,95.5955955955956,1.4113302947477785e-12,4.100982360059969e-18,20.0,800,sintered
344504.50450450456,95.6956956956957,1.4128081262288815e-12,4.100982360059969e-18,20.0,800,sintered
344864.86486486485,95.7957957957958,1.4142859577099838e-12,4.100982360059969e-18,20.0,800,sintered
345225.22522522527,95.8958958958959,1.4157637891910867e-12,4.100982360059969e-18,20.0,800,sintered
345585.58558558556,95.995995995996,1.417241620672189e-12,4.100982360059969e-18,20.0,800,sintered
345945.945945946,96.0960960960961,1.418719452153292e-12,4.100982360059969e-18,20.0,800,sintered
346306.30630630633,96.1961961961962,1.4201972836343948e-12,4.100982360059969e-18,20.0,800,sintered
346666.6666666667,96.2962962962963,1.4216751151154973e-12,4.100982360059969e-18,20.0,800,sintered
347027.02702702704,96.3963963963964,1.4231529465966e-12,4.100982360059969e-18,20.0,800,sintered
347387.3873873874,96.4964964964965,1.4246307780777028e-12,4.100982360059969e-18,20.0,800,sintered
347747.74774774775,96.5965965965966,1.4261086095588053e-12,4.100982360059969e-18,20.0,800,sintered
348108.10810810816,96.6966966966967,1.4275864410399083e-12,4.100982360059969e-18,20.0,800,sintered
348468.46846846846,96.7967967967968,1.4290642725210108e-12,4.100982360059969e-18,20.0,800,sintered
348828.8288288289,96.8968968968969,1.4305421040021135e-12,4.100982360059969e-18,20.0,800,sintered
349189.1891891892,96.996996996997,1.432019935483216e-12,4.100982360059969e-18,20.0,800,sintered
349549.5495495496,97.0970970970971,1.433497766964319e-12,4.100982360059969e-18,20.0,800,sintered
349909.90990990994,97.1971971971972,1.4349755984454216e-12,4.100982360059969e-18,20.0,800,sintered
350270.2702702703,97.2972972972973,1.4364534299265243e-12,4.100982360059969e-18,20.0,800,sintered
350630.63063063065,97.3973973973974,1.437931261407627e-12,4.100982360059969e-18,20.0,800,sintered
350990.990990991,97.4974974974975,1.4394090928887296e-12,4.100982360059969e-18,20.0,800,sintered
351351.35135135136,97.5975975975976,1.4408869243698323e-12,4.100982360059969e-18,20.0,800,sintered
351711.7117117117,97.6976976976977,1.442364755850935e-12,4.100982360059969e-18,20.0,800,sintered
352072.0720720721,97.7977977977978,1.4438425873320376e-12,4.100982360059969e-18,20.0,800,sintered
352432.4324324325,97.8978978978979,1.4453204188131406e-12,4.100982360059969e-18,20.0,800,sintered
352792.7927927928,97.997997997998,1.4467982502942431e-12,4.100982360059969e-18,20.0,800,sintered
353153.1531531532,98.0980980980981,1.4482760817753458e-12,4.100982360059969e-18,20.0,800,sintered
353513.5135135135,98.1981981981982,1.4497539132564484e-12,4.100982360059969e-18,20.0,800,sintered
353873.8738738739,98.2982982982983,1.4512317447375513e-12,4.100982360059969e-18,20.0,800,sintered
354234.23423423426,98.3983983983984,1.4527095762186539e-12,4.100982360059969e-18,20.0,800,sintered
354594.5945945946,98.4984984984985,1.4541874076997566e-12,4.100982360059969e-18,20.0,800,sintered
354954.95495495497,98.5985985985986,1.4556652391808594e-12,4.100982360059969e-18,20.0,800,sintered
355315.3153153153,98.6986986986987,1.4571430706619619e-12,4.100982360059969e-18,20.0,800,sintered
355675.6756756757,98.7987987987988,1.4586209021430646e-12,4.100982360059969e-18,20.0,800,sintered
356036.03603603604,98.8988988988989,1.4600987336241674e-12,4.100982360059969e-18,20.0,800,sintered
356396.3963963964,98.998998998999,1.46157656510527e-12,4.100982360059969e-18,20.0,800,sintered
356756.7567567568,99.0990990990991,1.4630543965863729e-12,4.100982360059969e-18,20.0,800,sintered
357117.1171171171,99.1991991991992,1.4645322280674752e-12,4.100982360059969e-18,20.0,800,sintered
357477.4774774775,99.2992992992993,1.4660100595485781e-12,4.100982360059969e-18,20.0,800,sintered
357837.8378378378,99.3993993993994,1.4674878910296807e-12,4.100982360059969e-18,20.0,800,sintered
358198.1981981982,99.4994994994995,1.4689657225107836e-12,4.100982360059969e-18,20.0,800,sintered
358558.5585585586,99.5995995995996,1.4704435539918862e-12,4.100982360059969e-18,20.0,800,sintered
358918.91891891893,99.6996996996997,1.471921385472989e-12,4.100982360059969e-18,20.0,800,sintered
359279.2792792793,99.7997997997998,1.4733992169540916e-12,4.100982360059969e-18,20.0,800,sintered
359639.63963963964,99.8998998998999,1.4748770484351942e-12,4.100982360059969e-18,20.0,800,sintered
360000.0,100.0,1.476354879916297e-12,4.100982360059969e-18,20.0,800,sintered
0.0,0.0,0.0,7.69718843516333e-17,50.0,800,sintered
360.3603603603604,0.1001001001001001,2.7737504068272325e-14,7.697127341799607e-17,50.0,800,sintered
720.7207207207208,0.2002002002002002,5.547479864046862e-14,7.697072067771329e-17,50.0,800,sintered
1081.081081081081,0.3003003003003003,8.321190367175037e-14,7.697022058768454e-17,50.0,800,sintered
1441.4414414414416,0.4004004004004004,1.1094883721648715e-13,7.69697681328072e-17,50.0,800,sintered
1801.801801801802,0.5005005005005005,1.3868561560931278e-13,7.696935877568293e-17,50.0,800,sintered
2162.162162162162,0.6006006006006006,1.6642225362893578e-13,7.696898841111495e-17,50.0,800,sintered
2522.5225225225226,0.7007007007007008,1.941587646463462e-13,7.696865332493936e-17,50.0,800,sintered
2882.882882882883,0.8008008008008008,2.2189516075890502e-13,7.696835015677812e-17,50.0,800,sintered
3243.2432432432433,0.9009009009009009,2.496314529116615e-13,7.696807586633973e-17,50.0,800,sintered
3603.603603603604,1.001001001001001,2.773676510071145e-13,7.69678277029301e-17,50.0,800,sintered
3963.963963963964,1.1011011011011012,3.051037640045186e-13,7.696760317786737e-17,50.0,800,sintered
4324.324324324324,1.2012012012012012,3.328398000097311e-13,7.696740003952453e-17,50.0,800,sintered
4684.684684684685,1.3013013013013013,3.6057576635650104e-13,7.696721625074906e-17,50.0,800,sintered
5045.045045045045,1.4014014014014016,3.8831166968001454e-13,7.696704996843374e-17,50.0,800,sintered
5405.405405405406,1.5015015015015016,4.1604751598343543e-13,7.696689952503301e-17,50.0,800,sintered
5765.765765765766,1.6016016016016017,4.4378331069810724e-13,7.696676341184038e-17,50.0,800,sintered
6126.126126126126,1.7017017017017018,4.715190587380208e-13,7.696664026385833e-17,50.0,800,sintered
6486.486486486487,1.8018018018018018,4.992547645490942e-13,7.69665288461097e-17,50.0,800,sintered
6846.846846846847,1.9019019019019021,5.269904321537574e-13,7.696642804125279e-17,50.0,800,sintered
7207.207207207208,2.002002002002002,5.547260651912914e-13,7.696633683837621e-17,50.0,800,sintered
7567.567567567568,2.1021021021021022,5.824616669543242e-13,7.696625432286108e-17,50.0,800,sintered
7927.927927927928,2.2022022022022023,6.101972404218505e-13,7.696617966720883e-17,50.0,800,sintered
8288.288288288288,2.3023023023023024,6.379327882891067e-13,7.696611212274275e-17,50.0,800,sintered
8648.648648648648,2.4024024024024024,6.65668312994599e-13,7.696605101209996e-17,50.0,800,sintered
9009.009009009009,2.5025025025025025,6.934038167445586e-13,7.696599572243849e-17,50.0,800,sintered
9369.36936936937,2.6026026026026026,7.21139301535066e-13,7.696594569929153e-17,50.0,800,sintered
9729.729729729732,2.702702702702703,7.488747691720689e-13,7.696590044100698e-17,50.0,800,sintered
10090.09009009009,2.802802802802803,7.76610221289492e-13,7.696585949371668e-17,50.0,800,sintered
10450.450450450451,2.902902902902903,8.04345659365625e-13,7.696582244678483e-17,50.0,800,sintered
10810.810810810812,3.0030030030030033,8.320810847379447e-13,7.696578892869001e-17,50.0,800,sintered
11171.171171171172,3.1031031031031033,8.598164986165293e-13,7.696575860329935e-17,50.0,800,sintered
11531.531531531533,3.2032032032032034,8.875519020961935e-13,7.696573116649774e-17,50.0,800,sintered
11891.891891891892,3.3033033033033035,9.15287296167467e-13,7.696570634313797e-17,50.0,800,sintered
12252.252252252252,3.4034034034034035,9.430226817265286e-13,7.696568388428143e-17,50.0,800,sintered
12612.612612612613,3.5035035035035036,9.707580595841937e-13,7.696566356470178e-17,50.0,800,sintered
12972.972972972973,3.6036036036036037,9.984934304740445e-13,7.696564518062611e-17,50.0,800,sintered
13333.333333333334,3.7037037037037037,1.026228795059787e-12,7.696562854769161e-17,50.0,800,sintered
13693.693693693695,3.8038038038038042,1.0539641539419075e-12,7.696561349909654e-17,50.0,800,sintered
14054.054054054055,3.9039039039039043,1.0816995076636941e-12,7.696559988392757e-17,50.0,800,sintered
14414.414414414416,4.004004004004004,1.1094348567166848e-12,7.696558756564637e-17,50.0,800,sintered
14774.774774774776,4.104104104104104,1.137170201545597e-12,7.696557642072026e-17,50.0,800,sintered
15135.135135135137,4.2042042042042045,1.1649055425527877e-12,7.696556633738351e-17,50.0,800,sintered
15495.495495495496,4.3043043043043046,1.1926408801022877e-12,7.696555721451635e-17,50.0,800,sintered
15855.855855855856,4.404404404404405,1.2203762145234531e-12,7.696554896063105e-17,50.0,800,sintered
16216.216216216217,4.504504504504505,1.2481115461142675e-12,7.696554149295433e-17,50.0,800,sintered
16576.576576576575,4.604604604604605,1.2758468751443308e-12,7.696553473659736e-17,50.0,800,sintered
16936.936936936938,4.704704704704705,1.3035822018575627e-12,7.696552862380468e-17,50.0,800,sintered
17297.297297297297,4.804804804804805,1.3313175264746488e-12,7.696552309327476e-17,50.0,800,sintered
17657.65765765766,4.904904904904905,1.3590528491952534e-12,7.696551808954527e-17,50.0,800,sintered
18018.018018018018,5.005005005005005,1.386788170200022e-12,7.696551356243677e-17,50.0,800,sintered
18378.378378378377,5.105105105105105,1.414523489652394e-12,7.696550946654963e-17,50.0,800,sintered
18738.73873873874,5.205205205205205,1.44225880770024e-12,7.696550576080863e-17,50.0,800,sintered
19099.099099099098,5.305305305305305,1.469994124477345e-12,7.696550240805117e-17,50.0,800,sintered
19459.459459459464,5.405405405405406,1.4977294401047522e-12,7.69654993746544e-17,50.0,800,sintered
19819.819819819822,5.505505505505506,1.5254647546919724e-12,7.696549663019824e-17,50.0,800,sintered
20180.18018018018,5.605605605605606,1.5532000683380876e-12,7.696549414716019e-17,50.0,800,sintered
20540.540540540544,5.705705705705706,1.5809353811327412e-12,7.696549190063933e-17,50.0,800,sintered
20900.900900900902,5.805805805805806,1.608670693157037e-12,7.696548986810665e-17,50.0,800,sintered
21261.261261261265,5.9059059059059065,1.6364060044843545e-12,7.696548802917913e-17,50.0,800,sintered
21621.621621621623,6.0060060060060065,1.6641413151810828e-12,7.696548636541525e-17,50.0,800,sintered
21981.981981981982,6.106106106106107,1.6918766253072872e-12,7.696548486013013e-17,50.0,800,sintered
22342.342342342345,6.206206206206207,1.7196119349173128e-12,7.696548349822815e-17,50.0,800,sintered
22702.702702702703,6.306306306306307,1.7473472440603265e-12,7.696548226605163e-17,50.0,800,sintered
23063.063063063066,6.406406406406407,1.7750825527808132e-12,7.696548115124381e-17,50.0,800,sintered
23423.423423423425,6.506506506506507,1.8028178611190191e-12,7.696548014262495e-17,50.0,800,sintered
23783.783783783783,6.606606606606607,1.8305531691113585e-12,7.696547923008021e-17,50.0,800,sintered
24144.144144144146,6.706706706706707,1.858288476790776e-12,7.696547840445824e-17,50.0,800,sintered
24504.504504504504,6.806806806806807,1.886023784187078e-12,7.696547765747935e-17,50.0,800,sintered
24864.864864864867,6.906906906906907,1.913759091327233e-12,7.696547698165256e-17,50.0,800,sintered
25225.225225225226,7.007007007007007,1.941494398235639e-12,7.696547637020041e-17,50.0,800,sintered
25585.585585585584,7.107107107107107,1.969229704934371e-12,7.696547581699099e-17,50.0,800,sintered
25945.945945945947,7.207207207207207,1.9969650114434016e-12,7.696547531647652e-17,50.0,800,sintered
26306.306306306305,7.307307307307307,2.0247003177807996e-12,7.696547486363764e-17,50.0,800,sintered
26666.666666666668,7.407407407407407,2.0524356239629146e-12,7.696547445393307e-17,50.0,800,sintered
27027.02702702703,7.507507507507508,2.080170930004537e-12,7.696547408325416e-17,50.0,800,sintered
27387.38738738739,7.6076076076076085,2.1079062359190493e-12,7.69654737478836e-17,50.0,800,sintered
27747.74774774775,7.7077077077077085,2.1356415417185594e-12,7.696547344445812e-17,50.0,800,sintered
28108.10810810811,7.807807807807809,2.163376847414021e-12,7.696547316993488e-17,50.0,800,sintered
28468.468468468473,7.907907907907909,2.191112153015346e-12,7.696547292156086e-17,50.0,800,sintered
28828.82882882883,8.008008008008009,2.218847458531501e-12,7.696547269684522e-17,50.0,800,sintered
29189.18918918919,8.108108108108109,2.2465827639705978e-12,7.696547249353447e-17,50.0,800,sintered
29549.549549549552,8.208208208208209,2.274318069339977e-12,7.696547230958971e-17,50.0,800,sintered
29909.90990990991,8.308308308308309,2.3020533746462795e-12,7.696547214316626e-17,50.0,800,sintered
30270.270270270274,8.408408408408409,2.329788679895514e-12,7.696547199259519e-17,50.0,800,sintered
30630.630630630632,8.508508508508509,2.3575239850931154e-12,7.696547185636646e-17,50.0,800,sintered
30990.99099099099,8.608608608608609,2.385259290244003e-12,7.696547173311396e-17,50.0,800,sintered
31351.351351351354,8.70870870870871,2.4129945953526255e-12,7.696547162160165e-17,50.0,800,sintered
31711.711711711712,8.80880880880881,2.4407299004230094e-12,7.696547152071124e-17,50.0,800,sintered
32072.072072072075,8.90890890890891,2.4684652054587966e-12,7.696547142943096e-17,50.0,800,sintered
32432.432432432433,9.00900900900901,2.4962005104632827e-12,7.696547134684541e-17,50.0,800,sintered
32792.792792792796,9.10910910910911,2.5239358154394496e-12,7.696547127212639e-17,50.0,800,sintered
33153.15315315315,9.20920920920921,2.5516711203899944e-12,7.69654712045246e-17,50.0,800,sintered
33513.51351351351,9.30930930930931,2.5794064253173572e-12,7.696547114336209e-17,50.0,800,sintered
33873.873873873876,9.40940940940941,2.6071417302237477e-12,7.69654710880255e-17,50.0,800,sintered
34234.23423423424,9.50950950950951,2.6348770351111623e-12,7.69654710379599e-17,50.0,800,sintered
34594.59459459459,9.60960960960961,2.6626123399814084e-12,7.69654709926632e-17,50.0,800,sintered
34954.954954954956,9.70970970970971,2.6903476448361223e-12,7.696547095168115e-17,50.0,800,sintered
35315.31531531532,9.80980980980981,2.7180829496767826e-12,7.696547091460278e-17,50.0,800,sintered
35675.67567567567,9.90990990990991,2.7458182545047278e-12,7.696547088105624e-17,50.0,800,sintered
36036.036036036036,10.01001001001001,2.7735535593211704e-12,7.696547085070511e-17,50.0,800,sintered
36396.3963963964,10.11011011011011,2.8012888641272054e-12,7.696547082324502e-17,50.0,800,sintered
36756.75675675675,10.21021021021021,2.8290241689238232e-12,7.69654707984006e-17,50.0,800,sintered
37117.117117117115,10.31031031031031,2.8567594737119224e-12,7.696547077592267e-17,50.0,800,sintered
37477.47747747748,10.41041041041041,2.8844947784923132e-12,7.696547075558585e-17,50.0,800,sintered
37837.83783783784,10.51051051051051,2.9122300832657308e-12,7.696547073718618e-17,50.0,800,sintered
38198.198198198195,10.61061061061061,2.939965388032838e-12,7.696547072053912e-17,50.0,800,sintered
38558.558558558565,10.710710710710712,2.967700692794238e-12,7.696547070547775e-17,50.0,800,sintered
38918.91891891893,10.810810810810812,2.9954359975504724e-12,7.696547069185103e-17,50.0,800,sintered
39279.27927927928,10.910910910910912,3.0231713023020334e-12,7.696547067952229e-17,50.0,800,sintered
39639.639639639645,11.011011011011012,3.0509066070493677e-12,7.696547066836791e-17,50.0,800,sintered
40000.00000000001,11.111111111111112,3.078641911792877e-12,7.696547065827601e-17,50.0,800,sintered
40360.36036036036,11.211211211211213,3.1063772165329255e-12,7.69654706491454e-17,50.0,800,sintered
40720.720720720725,11.311311311311313,3.134112521269843e-12,7.696547064088451e-17,50.0,800,sintered
41081.08108108109,11.411411411411413,3.161847826003928e-12,7.69654706334105e-17,50.0,800,sintered
41441.44144144144,11.511511511511513,3.189583130735449e-12,7.696547062664841e-17,50.0,800,sintered
41801.801801801805,11.611611611611613,3.2173184354646524e-12,7.696547062053042e-17,50.0,800,sintered
42162.16216216217,11.711711711711713,3.2450537401917575e-12,7.69654706149952e-17,50.0,800,sintered
42522.52252252253,11.811811811811813,3.2727890449169647e-12,7.696547060998722e-17,50.0,800,sintered
42882.882882882885,11.911911911911913,3.300524349640454e-12,7.696547060545628e-17,50.0,800,sintered
43243.24324324325,12.012012012012013,3.3282596543623906e-12,7.696547060135691e-17,50.0,800,sintered
43603.60360360361,12.112112112112113,3.355994959082921e-12,7.696547059764802e-17,50.0,800,sintered
43963.963963963964,12.212212212212213,3.383730263802179e-12,7.696547059429242e-17,50.0,800,sintered
44324.32432432433,12.312312312312313,3.411465568520287e-12,7.696547059125645e-17,50.0,800,sintered
44684.68468468469,12.412412412412413,3.4392008732373535e-12,7.696547058850966e-17,50.0,800,sintered
45045.04504504505,12.512512512512513,3.4669361779534787e-12,7.696547058602451e-17,50.0,800,sintered
45405.40540540541,12.612612612612613,3.494671482668751e-12,7.696547058377609e-17,50.0,800,sintered
45765.76576576577,12.712712712712714,3.5224067873832527e-12,7.696547058174184e-17,50.0,800,sintered
46126.12612612613,12.812812812812814,3.550142092097057e-12,7.696547057990135e-17,50.0,800,sintered
46486.48648648649,12.912912912912914,3.5778773968102294e-12,7.696547057823616e-17,50.0,800,sintered
46846.84684684685,13.013013013013014,3.6056127015228314e-12,7.696547057672961e-17,50.0,800,sintered
47207.20720720721,13.113113113113114,3.633348006234917e-12,7.696547057536655e-17,50.0,800,sintered
47567.56756756757,13.213213213213214,3.6610833109465345e-12,7.696547057413332e-17,50.0,800,sintered
47927.92792792793,13.313313313313314,3.688818615657729e-12,7.696547057301758e-17,50.0,800,sintered
48288.28828828829,13.413413413413414,3.716553920368542e-12,7.69654705720081e-17,50.0,800,sintered
48648.648648648654,13.513513513513514,3.744289225079009e-12,7.696547057109478e-17,50.0,800,sintered
49009.00900900901,13.613613613613614,3.772024529789161e-12,7.696547057026846e-17,50.0,800,sintered
49369.36936936937,13.713713713713714,3.7997598344990314e-12,7.696547056952084e-17,50.0,800,sintered
49729.729729729734,13.813813813813814,3.827495139208644e-12,7.696547056884444e-17,50.0,800,sintered
50090.09009009009,13.913913913913914,3.855230443918026e-12,7.696547056823247e-17,50.0,800,sintered
50450.45045045045,14.014014014014014,3.882965748627197e-12,7.696547056767879e-17,50.0,800,sintered
50810.81081081081,14.114114114114114,3.9107010533361794e-12,7.696547056717785e-17,50.0,800,sintered
51171.17117117117,14.214214214214214,3.9384363580449884e-12,7.696547056672462e-17,50.0,800,sintered
51531.53153153153,14.314314314314315,3.966171662753643e-12,7.696547056631458e-17,50.0,800,sintered
51891.89189189189,14.414414414414415,3.993906967462157e-12,7.696547056594358e-17,50.0,800,sintered
52252.252252252256,14.514514514514515,4.021642272170544e-12,7.696547056560793e-17,50.0,800,sintered
52612.61261261261,14.614614614614615,4.049377576878816e-12,7.696547056530424e-17,50.0,800,sintered
52972.97297297297,14.714714714714715,4.0771128815869824e-12,7.696547056502949e-17,50.0,800,sintered
53333.333333333336,14.814814814814815,4.104848186295056e-12,7.696547056478091e-17,50.0,800,sintered
53693.69369369369,14.914914914914915,4.132583491003044e-12,7.6965470564556e-17,50.0,800,sintered
54054.05405405406,15.015015015015017,4.160318795710955e-12,7.696547056435252e-17,50.0,800,sintered
54414.41441441442,15.115115115115117,4.188054100418796e-12,7.696547056416842e-17,50.0,800,sintered
54774.77477477478,15.215215215215217,4.215789405126574e-12,7.696547056400185e-17,50.0,800,sintered
55135.13513513514,15.315315315315317,4.243524709834295e-12,7.696547056385115e-17,50.0,800,sintered
55495.4954954955,15.415415415415417,4.271260014541964e-12,7.696547056371481e-17,50.0,800,sintered
55855.85585585586,15.515515515515517,4.2989953192495865e-12,7.696547056359145e-17,50.0,800,sintered
56216.21621621622,15.615615615615617,4.326730623957166e-12,7.696547056347984e-17,50.0,800,sintered
56576.57657657658,15.715715715715717,4.354465928664708e-12,7.696547056337887e-17,50.0,800,sintered
56936.936936936945,15.815815815815817,4.382201233372215e-12,7.696547056328751e-17,50.0,800,sintered
57297.2972972973,15.915915915915917,4.409936538079691e-12,7.696547056320485e-17,50.0,800,sintered
57657.65765765766,16.016016016016017,4.437671842787139e-12,7.696547056313007e-17,50.0,800,sintered
58018.018018018025,16.116116116116117,4.4654071474945604e-12,7.696547056306241e-17,50.0,800,sintered
58378.37837837838,16.216216216216218,4.493142452201959e-12,7.69654705630012e-17,50.0,800,sintered
58738.73873873874,16.316316316316318,4.5208777569093366e-12,7.696547056294581e-17,50.0,800,sintered
59099.099099099105,16.416416416416418,4.548613061616696e-12,7.69654705628957e-17,50.0,800,sintered
59459.45945945947,16.516516516516518,4.576348366324037e-12,7.696547056285037e-17,50.0,800,sintered
59819.81981981982,16.616616616616618,4.604083671031363e-12,7.696547056280935e-17,50.0,800,sintered
60180.180180180185,16.716716716716718,4.631818975738675e-12,7.696547056277225e-17,50.0,800,sintered
60540.54054054055,16.816816816816818,4.659554280445974e-12,7.696547056273867e-17,50.0,800,sintered
60900.9009009009,16.916916916916918,4.687289585153262e-12,7.696547056270829e-17,50.0,800,sintered
61261.261261261265,17.017017017017018,4.715024889860539e-12,7.696547056268081e-17,50.0,800,sintered
61621.62162162163,17.117117117117118,4.742760194567807e-12,7.696547056265594e-17,50.0,800,sintered
61981.98198198198,17.217217217217218,4.770495499275066e-12,7.696547056263344e-17,50.0,800,sintered
62342.342342342345,17.31731731731732,4.7982308039823176e-12,7.69654705626131e-17,50.0,800,sintered
62702.70270270271,17.41741741741742,4.825966108689562e-12,7.696547056259468e-17,50.0,800,sintered
63063.06306306307,17.51751751751752,4.8537014133968005e-12,7.696547056257801e-17,50.0,800,sintered
63423.423423423425,17.61761761761762,4.881436718104033e-12,7.696547056256294e-17,50.0,800,sintered
63783.78378378379,17.71771771771772,4.90917202281126e-12,7.696547056254931e-17,50.0,800,sintered
64144.14414414415,17.81781781781782,4.936907327518483e-12,7.696547056253697e-17,50.0,800,sintered
64504.504504504504,17.91791791791792,4.964642632225701e-12,7.69654705625258e-17,50.0,800,sintered
64864.86486486487,18.01801801801802,4.992377936932916e-12,7.69654705625157e-17,50.0,800,sintered
65225.22522522523,18.11811811811812,5.020113241640127e-12,7.696547056250656e-17,50.0,800,sintered
65585.58558558559,18.21821821821822,5.047848546347336e-12,7.696547056249829e-17,50.0,800,sintered
65945.94594594595,18.31831831831832,5.075583851054541e-12,7.696547056249081e-17,50.0,800,sintered
66306.3063063063,18.41841841841842,5.103319155761743e-12,7.696547056248404e-17,50.0,800,sintered
66666.66666666667,18.51851851851852,5.131054460468944e-12,7.696547056247792e-17,50.0,800,sintered
67027.02702702703,18.61861861861862,5.158789765176141e-12,7.696547056247238e-17,50.0,800,sintered
67387.3873873874,18.71871871871872,5.186525069883339e-12,7.696547056246736e-17,50.0,800,sintered
67747.74774774775,18.81881881881882,5.214260374590533e-12,7.696547056246284e-17,50.0,800,sintered
68108.1081081081,18.91891891891892,5.2419956792977255e-12,7.696547056245874e-17,50.0,800,sintered
68468.46846846848,19.01901901901902,5.269730984004917e-12,7.696547056245501e-17,50.0,800,sintered
68828.82882882883,19.11911911911912,5.2974662887121075e-12,7.696547056245166e-17,50.0,800,sintered
69189.18918918919,19.21921921921922,5.325201593419297e-12,7.696547056244862e-17,50.0,800,sintered
69549.54954954956,19.31931931931932,5.3529368981264854e-12,7.696547056244587e-17,50.0,800,sintered
69909.90990990991,19.41941941941942,5.380672202833672e-12,7.696547056244339e-17,50.0,800,sintered
70270.27027027027,19.51951951951952,5.4084075075408585e-12,7.696547056244113e-17,50.0,800,sintered
70630.63063063064,19.61961961961962,5.436142812248045e-12,7.69654705624391e-17,50.0,800,sintered
70990.99099099099,19.71971971971972,5.46387811695523e-12,7.696547056243725e-17,50.0,800,sintered
71351.35135135135,19.81981981981982,5.491613421662413e-12,7.696547056243559e-17,50.0,800,sintered
71711.71171171172,19.91991991991992,5.519348726369598e-12,7.696547056243408e-17,50.0,800,sintered
72072.07207207207,20.02002002002002,5.54708403107678e-12,7.696547056243272e-17,50.0,800,sintered
72432.43243243243,20.12012012012012,5.5748193357839624e-12,7.696547056243148e-17,50.0,800,sintered
72792.7927927928,20.22022022022022,5.602554640491145e-12,7.696547056243037e-17,50.0,800,sintered
73153.15315315315,20.32032032032032,5.6302899451983274e-12,7.696547056242936e-17,50.0,800,sintered
73513.5135135135,20.42042042042042,5.658025249905509e-12,7.696547056242844e-17,50.0,800,sintered
73873.87387387388,20.52052052052052,5.68576055461269e-12,7.696547056242761e-17,50.0,800,sintered
74234.23423423423,20.62062062062062,5.713495859319871e-12,7.696547056242687e-17,50.0,800,sintered
74594.5945945946,20.72072072072072,5.7412311640270526e-12,7.69654705624262e-17,50.0,800,sintered
74954.95495495496,20.82082082082082,5.768966468734233e-12,7.696547056242558e-17,50.0,800,sintered
75315.31531531531,20.92092092092092,5.796701773441413e-12,7.696547056242502e-17,50.0,800,sintered
75675.67567567568,21.02102102102102,5.824437078148593e-12,7.696547056242452e-17,50.0,800,sintered
76036.03603603604,21.12112112112112,5.852172382855773e-12,7.696547056242408e-17,50.0,800,sintered
76396.39639639639,21.22122122122122,5.879907687562952e-12,7.696547056242366e-17,50.0,800,sintered
76756.75675675676,21.32132132132132,5.907642992270133e-12,7.696547056242329e-17,50.0,800,sintered
77117.11711711713,21.421421421421424,5.935378296977313e-12,7.696547056242295e-17,50.0,800,sintered
77477.47747747749,21.521521521521525,5.9631136016844924e-12,7.696547056242265e-17,50.0,800,sintered
77837.83783783785,21.621621621621625,5.990848906391672e-12,7.696547056242237e-17,50.0,800,sintered
78198.19819819821,21.721721721721725,6.018584211098851e-12,7.696547056242213e-17,50.0,800,sintered
78558.55855855856,21.821821821821825,6.046319515806029e-12,7.696547056242189e-17,50.0,800,sintered
78918.91891891893,21.921921921921925,6.0740548205132095e-12,7.69654705624217e-17,50.0,800,sintered
79279.27927927929,22.022022022022025,6.1017901252203876e-12,7.696547056242151e-17,50.0,800,sintered
79639.63963963964,22.122122122122125,6.129525429927566e-12,7.696547056242134e-17,50.0,800,sintered
80000.00000000001,22.222222222222225,6.157260734634745e-12,7.696547056242119e-17,50.0,800,sintered
80360.36036036037,22.322322322322325,6.184996039341924e-12,7.696547056242106e-17,50.0,800,sintered
80720.72072072072,22.422422422422425,6.212731344049102e-12,7.696547056242093e-17,50.0,800,sintered
81081.0810810811,22.522522522522525,6.240466648756282e-12,7.696547056242082e-17,50.0,800,sintered
81441.44144144145,22.622622622622625,6.26820195346346e-12,7.696547056242072e-17,50.0,800,sintered
81801.8018018018,22.722722722722725,6.295937258170639e-12,7.696547056242062e-17,50.0,800,sintered
82162.16216216217,22.822822822822825,6.323672562877818e-12,7.696547056242055e-17,50.0,800,sintered
82522.52252252253,22.922922922922925,6.351407867584996e-12,7.696547056242048e-17,50.0,800,sintered
82882.88288288288,23.023023023023026,6.379143172292174e-12,7.69654705624204e-17,50.0,800,sintered
83243.24324324325,23.123123123123126,6.4068784769993535e-12,7.696547056242034e-17,50.0,800,sintered
83603.60360360361,23.223223223223226,6.434613781706531e-12,7.696547056242029e-17,50.0,800,sintered
83963.96396396398,23.323323323323326,6.46234908641371e-12,7.696547056242024e-17,50.0,800,sintered
84324.32432432433,23.423423423423426,6.4900843911208885e-12,7.696547056242019e-17,50.0,800,sintered
84684.68468468469,23.523523523523526,6.5178196958280665e-12,7.696547056242016e-17,50.0,800,sintered
85045.04504504506,23.623623623623626,6.545555000535245e-12,7.696547056242012e-17,50.0,800,sintered
85405.40540540541,23.723723723723726,6.5732903052424235e-12,7.696547056242008e-17,50.0,800,sintered
85765.76576576577,23.823823823823826,6.6010256099496015e-12,7.696547056242004e-17,50.0,800,sintered
86126.12612612614,23.923923923923926,6.62876091465678e-12,7.696547056242002e-17,50.0,800,sintered
86486.4864864865,24.024024024024026,6.6564962193639585e-12,7.696547056242e-17,50.0,800,sintered
86846.84684684685,24.124124124124126,6.684231524071137e-12,7.696547056241997e-17,50.0,800,sintered
87207.20720720722,24.224224224224226,6.711966828778316e-12,7.696547056241996e-17,50.0,800,sintered
87567.56756756757,24.324324324324326,6.739702133485494e-12,7.696547056241993e-17,50.0,800,sintered
87927.92792792793,24.424424424424426,6.7674374381926715e-12,7.696547056241992e-17,50.0,800,sintered
88288.2882882883,24.524524524524526,6.79517274289985e-12,7.696547056241991e-17,50.0,800,sintered
88648.64864864865,24.624624624624627,6.8229080476070284e-12,7.69654705624199e-17,50.0,800,sintered
89009.00900900901,24.724724724724727,6.8506433523142065e-12,7.696547056241988e-17,50.0,800,sintered
89369.36936936938,24.824824824824827,6.878378657021385e-12,7.696547056241987e-17,50.0,800,sintered
89729.72972972973,24.924924924924927,6.9061139617285634e-12,7.696547056241986e-17,50.0,800,sintered
90090.0900900901,25.025025025025027,6.933849266435742e-12,7.696547056241985e-17,50.0,800,sintered
90450.45045045046,25.125125125125127,6.96158457114292e-12,7.696547056241984e-17,50.0,800,sintered
90810.81081081081,25.225225225225227,6.989319875850098e-12,7.696547056241984e-17,50.0,800,sintered
91171.17117117118,25.325325325325327,7.017055180557277e-12,7.696547056241982e-17,50.0,800,sintered
91531.53153153154,25.425425425425427,7.044790485264455e-12,7.696547056241982e-17,50.0,800,sintered
91891.8918918919,25.525525525525527,7.072525789971633e-12,7.696547056241981e-17,50.0,800,sintered
92252.25225225226,25.625625625625627,7.100261094678812e-12,7.696547056241981e-17,50.0,800,sintered
92612.61261261262,25.725725725725727,7.1279963993859895e-12,7.69654705624198e-17,50.0,800,sintered
92972.97297297297,25.825825825825827,7.1557317040931676e-12,7.69654705624198e-17,50.0,800,sintered
93333.33333333334,25.925925925925927,7.1834670088003464e-12,7.69654705624198e-17,50.0,800,sintered
93693.6936936937,26.026026026026027,7.2112023135075245e-12,7.69654705624198e-17,50.0,800,sintered
94054.05405405405,26.126126126126128,7.2389376182147026e-12,7.696547056241979e-17,50.0,800,sintered
94414.41441441442,26.226226226226228,7.2666729229218814e-12,7.696547056241979e-17,50.0,800,sintered
94774.77477477478,26.326326326326328,7.29440822762906e-12,7.696547056241979e-17,50.0,800,sintered
95135.13513513513,26.426426426426428,7.322143532336238e-12,7.696547056241979e-17,50.0,800,sintered
95495.4954954955,26.526526526526528,7.349878837043416e-12,7.696547056241979e-17,50.0,800,sintered
95855.85585585586,26.626626626626628,7.377614141750594e-12,7.696547056241977e-17,50.0,800,sintered
96216.21621621623,26.726726726726728,7.405349446457774e-12,7.696547056241977e-17,50.0,800,sintered
96576.57657657658,26.826826826826828,7.433084751164952e-12,7.696547056241977e-17,50.0,800,sintered
96936.93693693694,26.926926926926928,7.46082005587213e-12,7.696547056241977e-17,50.0,800,sintered
97297.29729729731,27.027027027027028,7.488555360579308e-12,7.696547056241977e-17,50.0,800,sintered
97657.65765765766,27.127127127127128,7.516290665286486e-12,7.696547056241977e-17,50.0,800,sintered
98018.01801801802,27.227227227227228,7.544025969993664e-12,7.696547056241977e-17,50.0,800,sintered
98378.37837837839,27.32732732732733,7.571761274700844e-12,7.696547056241977e-17,50.0,800,sintered
98738.73873873874,27.42742742742743,7.599496579408022e-12,7.696547056241977e-17,50.0,800,sintered
99099.0990990991,27.52752752752753,7.627231884115199e-12,7.696547056241977e-17,50.0,800,sintered
99459.45945945947,27.62762762762763,7.654967188822378e-12,7.696547056241977e-17,50.0,800,sintered
99819.81981981982,27.72772772772773,7.682702493529556e-12,7.696547056241976e-17,50.0,800,sintered
100180.18018018018,27.82782782782783,7.710437798236734e-12,7.696547056241976e-17,50.0,800,sintered
100540.54054054055,27.92792792792793,7.738173102943912e-12,7.696547056241976e-17,50.0,800,sintered
100900.9009009009,28.02802802802803,7.76590840765109e-12,7.696547056241976e-17,50.0,800,sintered
101261.26126126126,28.12812812812813,7.793643712358269e-12,7.696547056241976e-17,50.0,800,sintered
101621.62162162163,28.22822822822823,7.821379017065448e-12,7.696547056241976e-17,50.0,800,sintered
101981.98198198198,28.32832832832833,7.849114321772626e-12,7.696547056241976e-17,50.0,800,sintered
102342.34234234234,28.42842842842843,7.876849626479804e-12,7.696547056241976e-17,50.0,800,sintered
102702.7027027027,28.52852852852853,7.904584931186982e-12,7.696547056241976e-17,50.0,800,sintered
103063.06306306306,28.62862862862863,7.93232023589416e-12,7.696547056241976e-17,50.0,800,sintered
103423.42342342343,28.72872872872873,7.96005554060134e-12,7.696547056241976e-17,50.0,800,sintered
103783.78378378379,28.82882882882883,7.987790845308518e-12,7.696547056241976e-17,50.0,800,sintered
104144.14414414414,28.92892892892893,8.015526150015695e-12,7.696547056241976e-17,50.0,800,sintered
104504.50450450451,29.02902902902903,8.043261454722874e-12,7.696547056241976e-17,50.0,800,sintered
104864.86486486487,29.12912912912913,8.070996759430052e-12,7.696547056241976e-17,50.0,800,sintered
105225.22522522522,29.22922922922923,8.09873206413723e-12,7.696547056241976e-17,50.0,800,sintered
105585.58558558559,29.32932932932933,8.126467368844409e-12,7.696547056241976e-17,50.0,800,sintered
105945.94594594595,29.42942942942943,8.154202673551587e-12,7.696547056241976e-17,50.0,800,sintered
106306.3063063063,29.52952952952953,8.181937978258765e-12,7.696547056241976e-17,50.0,800,sintered
106666.66666666667,29.62962962962963,8.209673282965944e-12,7.696547056241976e-17,50.0,800,sintered
107027.02702702703,29.72972972972973,8.237408587673122e-12,7.696547056241976e-17,50.0,800,sintered
107387.38738738738,29.82982982982983,8.2651438923803e-12,7.696547056241976e-17,50.0,800,sintered
107747.74774774777,29.929929929929934,8.29287919708748e-12,7.696547056241976e-17,50.0,800,sintered
108108.10810810812,30.030030030030034,8.320614501794658e-12,7.696547056241976e-17,50.0,800,sintered
108468.46846846848,30.130130130130134,8.348349806501836e-12,7.696547056241976e-17,50.0,800,sintered
108828.82882882885,30.230230230230234,8.376085111209014e-12,7.696547056241976e-17,50.0,800,sintered
109189.1891891892,30.330330330330334,8.403820415916192e-12,7.696547056241976e-17,50.0,800,sintered
109549.54954954956,30.430430430430434,8.43155572062337e-12,7.696547056241976e-17,50.0,800,sintered
109909.90990990993,30.530530530530534,8.45929102533055e-12,7.696547056241976e-17,50.0,800,sintered
110270.27027027028,30.630630630630634,8.487026330037728e-12,7.696547056241976e-17,50.0,800,sintered
110630.63063063064,30.730730730730734,8.514761634744905e-12,7.696547056241976e-17,50.0,800,sintered
110990.990990991,30.830830830830834,8.542496939452084e-12,7.696547056241976e-17,50.0,800,sintered
111351.35135135136,30.930930930930934,8.570232244159262e-12,7.696547056241976e-17,50.0,800,sintered
111711.71171171172,31.031031031031034,8.59796754886644e-12,7.696547056241976e-17,50.0,800,sintered
112072.07207207209,31.131131131131134,8.625702853573618e-12,7.696547056241976e-17,50.0,800,sintered
112432.43243243244,31.231231231231234,8.653438158280797e-12,7.696547056241976e-17,50.0,800,sintered
112792.79279279281,31.331331331331334,8.681173462987976e-12,7.696547056241976e-17,50.0,800,sintered
113153.15315315317,31.431431431431434,8.708908767695154e-12,7.696547056241976e-17,50.0,800,sintered
113513.51351351352,31.531531531531535,8.736644072402332e-12,7.696547056241976e-17,50.0,800,sintered
113873.87387387389,31.631631631631635,8.76437937710951e-12,7.696547056241976e-17,50.0,800,sintered
114234.23423423425,31.731731731731735,8.792114681816688e-12,7.696547056241976e-17,50.0,800,sintered
114594.5945945946,31.831831831831835,8.819849986523867e-12,7.696547056241976e-17,50.0,800,sintered
114954.95495495497,31.931931931931935,8.847585291231046e-12,7.696547056241976e-17,50.0,800,sintered
115315.31531531533,32.032032032032035,8.875320595938224e-12,7.696547056241976e-17,50.0,800,sintered
115675.67567567568,32.132132132132135,8.9030559006454e-12,7.696547056241976e-17,50.0,800,sintered
116036.03603603605,32.232232232232235,8.93079120535258e-12,7.696547056241976e-17,50.0,800,sintered
116396.3963963964,32.332332332332335,8.958526510059758e-12,7.696547056241976e-17,50.0,800,sintered
116756.75675675676,32.432432432432435,8.986261814766936e-12,7.696547056241976e-17,50.0,800,sintered
117117.11711711713,32.532532532532535,9.013997119474115e-12,7.696547056241976e-17,50.0,800,sintered
117477.47747747749,32.632632632632635,9.041732424181293e-12,7.696547056241976e-17,50.0,800,sintered
117837.83783783784,32.732732732732735,9.06946772888847e-12,7.696547056241976e-17,50.0,800,sintered
118198.19819819821,32.832832832832835,9.09720303359565e-12,7.696547056241976e-17,50.0,800,sintered
118558.55855855856,32.932932932932935,9.124938338302828e-12,7.696547056241976e-17,50.0,800,sintered
118918.91891891893,33.033033033033036,9.152673643010006e-12,7.696547056241976e-17,50.0,800,sintered
119279.27927927929,33.133133133133136,9.180408947717185e-12,7.696547056241976e-17,50.0,800,sintered
119639.63963963964,33.233233233233236,9.208144252424363e-12,7.696547056241976e-17,50.0,800,sintered
120000.00000000001,33.333333333333336,9.235879557131542e-12,7.696547056241976e-17,50.0,800,sintered
120360.36036036037,33.433433433433436,9.263614861838719e-12,7.696547056241976e-17,50.0,800,sintered
120720.72072072072,33.533533533533536,9.291350166545897e-12,7.696547056241976e-17,50.0,800,sintered
121081.0810810811,33.633633633633636,9.319085471253076e-12,7.696547056241976e-17,50.0,800,sintered
121441.44144144145,33.733733733733736,9.346820775960254e-12,7.696547056241976e-17,50.0,800,sintered
121801.8018018018,33.833833833833836,9.374556080667433e-12,7.696547056241976e-17,50.0,800,sintered
122162.16216216217,33.933933933933936,9.40229138537461e-12,7.696547056241976e-17,50.0,800,sintered
122522.52252252253,34.034034034034036,9.430026690081789e-12,7.696547056241976e-17,50.0,800,sintered
122882.88288288288,34.134134134134136,9.457761994788967e-12,7.696547056241976e-17,50.0,800,sintered
123243.24324324325,34.234234234234236,9.485497299496146e-12,7.696547056241976e-17,50.0,800,sintered
123603.60360360361,34.334334334334336,9.513232604203324e-12,7.696547056241976e-17,50.0,800,sintered
123963.96396396396,34.434434434434436,9.540967908910503e-12,7.696547056241976e-17,50.0,800,sintered
124324.32432432433,34.53453453453454,9.56870321361768e-12,7.696547056241976e-17,50.0,800,sintered
124684.68468468469,34.63463463463464,9.596438518324859e-12,7.696547056241976e-17,50.0,800,sintered
125045.04504504506,34.73473473473474,9.624173823032038e-12,7.696547056241976e-17,50.0,800,sintered
125405.40540540541,34.83483483483484,9.651909127739215e-12,7.696547056241976e-17,50.0,800,sintered
125765.76576576577,34.93493493493494,9.679644432446393e-12,7.696547056241976e-17,50.0,800,sintered
126126.12612612614,35.03503503503504,9.707379737153573e-12,7.696547056241976e-17,50.0,800,sintered
126486.4864864865,35.13513513513514,9.73511504186075e-12,7.696547056241976e-17,50.0,800,sintered
126846.84684684685,35.23523523523524,9.762850346567929e-12,7.696547056241976e-17,50.0,800,sintered
127207.20720720722,35.33533533533534,9.790585651275107e-12,7.696547056241976e-17,50.0,800,sintered
127567.56756756757,35.43543543543544,9.818320955982285e-12,7.696547056241976e-17,50.0,800,sintered
127927.92792792793,35.53553553553554,9.846056260689463e-12,7.696547056241976e-17,50.0,800,sintered
128288.2882882883,35.63563563563564,9.873791565396642e-12,7.696547056241976e-17,50.0,800,sintered
128648.64864864865,35.73573573573574,9.90152687010382e-12,7.696547056241976e-17,50.0,800,sintered
129009.00900900901,35.83583583583584,9.929262174810997e-12,7.696547056241976e-17,50.0,800,sintered
129369.36936936938,35.93593593593594,9.956997479518177e-12,7.696547056241976e-17,50.0,800,sintered
129729.72972972973,36.03603603603604,9.984732784225355e-12,7.696547056241976e-17,50.0,800,sintered
130090.09009009009,36.13613613613614,1.0012468088932533e-11,7.696547056241976e-17,50.0,800,sintered
130450.45045045046,36.23623623623624,1.0040203393639711e-11,7.696547056241976e-17,50.0,800,sintered
130810.81081081081,36.33633633633634,1.0067938698346889e-11,7.696547056241976e-17,50.0,800,sintered
131171.17117117118,36.43643643643644,1.0095674003054069e-11,7.696547056241976e-17,50.0,800,sintered
131531.53153153154,36.53653653653654,1.0123409307761247e-11,7.696547056241976e-17,50.0,800,sintered
131891.8918918919,36.63663663663664,1.0151144612468425e-11,7.696547056241976e-17,50.0,800,sintered
132252.25225225225,36.73673673673674,1.0178879917175603e-11,7.696547056241976e-17,50.0,800,sintered
132612.6126126126,36.83683683683684,1.0206615221882781e-11,7.696547056241976e-17,50.0,800,sintered
132972.972972973,36.93693693693694,1.023435052658996e-11,7.696547056241976e-17,50.0,800,sintered
133333.33333333334,37.03703703703704,1.0262085831297139e-11,7.696547056241976e-17,50.0,800,sintered
133693.6936936937,37.13713713713714,1.0289821136004317e-11,7.696547056241976e-17,50.0,800,sintered
134054.05405405405,37.23723723723724,1.0317556440711493e-11,7.696547056241976e-17,50.0,800,sintered
134414.4144144144,37.33733733733734,1.0345291745418671e-11,7.696547056241976e-17,50.0,800,sintered
134774.7747747748,37.43743743743744,1.0373027050125852e-11,7.696547056241976e-17,50.0,800,sintered
135135.13513513515,37.53753753753754,1.040076235483303e-11,7.696547056241976e-17,50.0,800,sintered
135495.4954954955,37.63763763763764,1.0428497659540207e-11,7.696547056241976e-17,50.0,800,sintered
135855.85585585586,37.73773773773774,1.0456232964247385e-11,7.696547056241976e-17,50.0,800,sintered
136216.2162162162,37.83783783783784,1.0483968268954563e-11,7.696547056241976e-17,50.0,800,sintered
136576.57657657657,37.93793793793794,1.0511703573661741e-11,7.696547056241976e-17,50.0,800,sintered
136936.93693693695,38.03803803803804,1.053943887836892e-11,7.696547056241976e-17,50.0,800,sintered
137297.2972972973,38.13813813813814,1.0567174183076099e-11,7.696547056241976e-17,50.0,800,sintered
137657.65765765766,38.23823823823824,1.0594909487783277e-11,7.696547056241976e-17,50.0,800,sintered
138018.01801801802,38.33833833833834,1.0622644792490455e-11,7.696547056241976e-17,50.0,800,sintered
138378.37837837837,38.43843843843844,1.0650380097197633e-11,7.696547056241976e-17,50.0,800,sintered
138738.73873873873,38.53853853853854,1.0678115401904811e-11,7.696547056241976e-17,50.0,800,sintered
139099.0990990991,38.63863863863864,1.070585070661199e-11,7.696547056241976e-17,50.0,800,sintered
139459.45945945947,38.73873873873874,1.0733586011319169e-11,7.696547056241976e-17,50.0,800,sintered
139819.81981981982,38.83883883883884,1.0761321316026347e-11,7.696547056241976e-17,50.0,800,sintered
140180.18018018018,38.93893893893894,1.0789056620733525e-11,7.696547056241976e-17,50.0,800,sintered
140540.54054054053,39.03903903903904,1.0816791925440703e-11,7.696547056241976e-17,50.0,800,sintered
140900.9009009009,39.13913913913914,1.0844527230147881e-11,7.696547056241976e-17,50.0,800,sintered
141261.26126126127,39.23923923923924,1.087226253485506e-11,7.696547056241976e-17,50.0,800,sintered
141621.62162162163,39.33933933933934,1.0899997839562239e-11,7.696547056241976e-17,50.0,800,sintered
141981.98198198198,39.43943943943944,1.0927733144269417e-11,7.696547056241976e-17,50.0,800,sintered
142342.34234234234,39.53953953953954,1.0955468448976595e-11,7.696547056241976e-17,50.0,800,sintered
142702.7027027027,39.63963963963964,1.0983203753683771e-11,7.696547056241976e-17,50.0,800,sintered
143063.06306306308,39.73973973973974,1.1010939058390953e-11,7.696547056241976e-17,50.0,800,sintered
143423.42342342343,39.83983983983984,1.103867436309813e-11,7.696547056241976e-17,50.0,800,sintered
143783.7837837838,39.93993993993994,1.1066409667805309e-11,7.696547056241976e-17,50.0,800,sintered
144144.14414414414,40.04004004004004,1.1094144972512485e-11,7.696547056241976e-17,50.0,800,sintered
144504.5045045045,40.14014014014014,1.1121880277219663e-11,7.696547056241976e-17,50.0,800,sintered
144864.86486486485,40.24024024024024,1.1149615581926841e-11,7.696547056241976e-17,50.0,800,sintered
145225.22522522524,40.34034034034034,1.1177350886634023e-11,7.696547056241976e-17,50.0,800,sintered
145585.5855855856,40.44044044044044,1.1205086191341199e-11,7.696547056241976e-17,50.0,800,sintered
145945.94594594595,40.54054054054054,1.1232821496048377e-11,7.696547056241976e-17,50.0,800,sintered
146306.3063063063,40.64064064064064,1.1260556800755555e-11,7.696547056241976e-17,50.0,800,sintered
146666.66666666666,40.74074074074074,1.1288292105462733e-11,7.696547056241976e-17,50.0,800,sintered
147027.027027027,40.84084084084084,1.1316027410169911e-11,7.696547056241976e-17,50.0,800,sintered
147387.3873873874,40.94094094094094,1.1343762714877091e-11,7.696547056241976e-17,50.0,800,sintered
147747.74774774775,41.04104104104104,1.1371498019584269e-11,7.696547056241976e-17,50.0,800,sintered
148108.1081081081,41.14114114114114,1.1399233324291447e-11,7.696547056241976e-17,50.0,800,sintered
148468.46846846846,41.24124124124124,1.1426968628998625e-11,7.696547056241976e-17,50.0,800,sintered
148828.82882882882,41.34134134134134,1.1454703933705803e-11,7.696547056241976e-17,50.0,800,sintered
149189.1891891892,41.44144144144144,1.1482439238412983e-11,7.696547056241976e-17,50.0,800,sintered
149549.54954954956,41.54154154154154,1.1510174543120161e-11,7.696547056241976e-17,50.0,800,sintered
149909.9099099099,41.64164164164164,1.1537909847827339e-11,7.696547056241976e-17,50.0,800,sintered
150270.27027027027,41.74174174174174,1.1565645152534517e-11,7.696547056241976e-17,50.0,800,sintered
150630.63063063062,41.84184184184184,1.1593380457241695e-11,7.696547056241976e-17,50.0,800,sintered
150990.99099099098,41.94194194194194,1.1621115761948873e-11,7.696547056241976e-17,50.0,800,sintered
151351.35135135136,42.04204204204204,1.1648851066656053e-11,7.696547056241976e-17,50.0,800,sintered
151711.71171171172,42.14214214214214,1.1676586371363231e-11,7.696547056241976e-17,50.0,800,sintered
152072.07207207207,42.24224224224224,1.1704321676070409e-11,7.696547056241976e-17,50.0,800,sintered
152432.43243243243,42.34234234234234,1.1732056980777587e-11,7.696547056241976e-17,50.0,800,sintered
152792.79279279278,42.44244244244244,1.1759792285484763e-11,7.696547056241976e-17,50.0,800,sintered
153153.15315315314,42.54254254254254,1.1787527590191942e-11,7.696547056241976e-17,50.0,800,sintered
153513.51351351352,42.64264264264264,1.1815262894899123e-11,7.696547056241976e-17,50.0,800,sintered
153873.8738738739,42.74274274274275,1.1842998199606303e-11,7.696547056241976e-17,50.0,800,sintered
154234.23423423426,42.84284284284285,1.187073350431348e-11,7.696547056241976e-17,50.0,800,sintered
154594.59459459462,42.94294294294295,1.1898468809020659e-11,7.696547056241976e-17,50.0,800,sintered
154954.95495495497,43.04304304304305,1.1926204113727837e-11,7.696547056241976e-17,50.0,800,sintered
155315.31531531533,43.14314314314315,1.1953939418435013e-11,7.696547056241976e-17,50.0,800,sintered
155675.6756756757,43.24324324324325,1.1981674723142194e-11,7.696547056241976e-17,50.0,800,sintered
156036.03603603606,43.34334334334335,1.2009410027849372e-11,7.696547056241976e-17,50.0,800,sintered
156396.39639639642,43.44344344344345,1.203714533255655e-11,7.696547056241976e-17,50.0,800,sintered
156756.75675675677,43.54354354354355,1.2064880637263727e-11,7.696547056241976e-17,50.0,800,sintered
157117.11711711713,43.64364364364365,1.2092615941970905e-11,7.696547056241976e-17,50.0,800,sintered
157477.47747747749,43.74374374374375,1.2120351246678083e-11,7.696547056241976e-17,50.0,800,sintered
157837.83783783787,43.84384384384385,1.2148086551385264e-11,7.696547056241976e-17,50.0,800,sintered
158198.19819819822,43.94394394394395,1.2175821856092441e-11,7.696547056241976e-17,50.0,800,sintered
158558.55855855858,44.04404404404405,1.2203557160799619e-11,7.696547056241976e-17,50.0,800,sintered
158918.91891891893,44.14414414414415,1.2231292465506797e-11,7.696547056241976e-17,50.0,800,sintered
159279.2792792793,44.24424424424425,1.2259027770213975e-11,7.696547056241976e-17,50.0,800,sintered
159639.63963963967,44.34434434434435,1.2286763074921155e-11,7.696547056241976e-17,50.0,800,sintered
160000.00000000003,44.44444444444445,1.2314498379628333e-11,7.696547056241976e-17,50.0,800,sintered
160360.36036036038,44.54454454454455,1.2342233684335511e-11,7.696547056241976e-17,50.0,800,sintered
160720.72072072074,44.64464464464465,1.2369968989042689e-11,7.696547056241976e-17,50.0,800,sintered
161081.0810810811,44.74474474474475,1.2397704293749867e-11,7.696547056241976e-17,50.0,800,sintered
161441.44144144145,44.84484484484485,1.2425439598457045e-11,7.696547056241976e-17,50.0,800,sintered
161801.80180180183,44.94494494494495,1.2453174903164225e-11,7.696547056241976e-17,50.0,800,sintered
162162.1621621622,45.04504504504505,1.2480910207871403e-11,7.696547056241976e-17,50.0,800,sintered
162522.52252252254,45.14514514514515,1.250864551257858e-11,7.696547056241976e-17,50.0,800,sintered
162882.8828828829,45.24524524524525,1.2536380817285759e-11,7.696547056241976e-17,50.0,800,sintered
163243.24324324325,45.34534534534535,1.2564116121992937e-11,7.696547056241976e-17,50.0,800,sintered
163603.6036036036,45.44544544544545,1.2591851426700115e-11,7.696547056241976e-17,50.0,800,sintered
163963.963963964,45.54554554554555,1.2619586731407295e-11,7.696547056241976e-17,50.0,800,sintered
164324.32432432435,45.64564564564565,1.2647322036114473e-11,7.696547056241976e-17,50.0,800,sintered
164684.6846846847,45.74574574574575,1.267505734082165e-11,7.696547056241976e-17,50.0,800,sintered
165045.04504504506,45.84584584584585,1.2702792645528829e-11,7.696547056241976e-17,50.0,800,sintered
165405.4054054054,45.94594594594595,1.2730527950236005e-11,7.696547056241976e-17,50.0,800,sintered
165765.76576576577,46.04604604604605,1.2758263254943183e-11,7.696547056241976e-17,50.0,800,sintered
166126.12612612615,46.14614614614615,1.2785998559650365e-11,7.696547056241976e-17,50.0,800,sintered
166486.4864864865,46.24624624624625,1.2813733864357543e-11,7.696547056241976e-17,50.0,800,sintered
166846.84684684686,46.34634634634635,1.2841469169064719e-11,7.696547056241976e-17,50.0,800,sintered
167207.20720720722,46.44644644644645,1.2869204473771897e-11,7.696547056241976e-17,50.0,800,sintered
167567.56756756757,46.54654654654655,1.2896939778479075e-11,7.696547056241976e-17,50.0,800,sintered
167927.92792792796,46.64664664664665,1.2924675083186255e-11,7.696547056241976e-17,50.0,800,sintered
168288.2882882883,46.74674674674675,1.2952410387893433e-11,7.696547056241976e-17,50.0,800,sintered
168648.64864864867,46.84684684684685,1.2980145692600611e-11,7.696547056241976e-17,50.0,800,sintered
169009.00900900902,46.94694694694695,1.3007880997307789e-11,7.696547056241976e-17,50.0,800,sintered
169369.36936936938,47.04704704704705,1.3035616302014967e-11,7.696547056241976e-17,50.0,800,sintered
169729.72972972973,47.14714714714715,1.3063351606722145e-11,7.696547056241976e-17,50.0,800,sintered
170090.09009009012,47.24724724724725,1.3091086911429325e-11,7.696547056241976e-17,50.0,800,sintered
170450.45045045047,47.34734734734735,1.3118822216136503e-11,7.696547056241976e-17,50.0,800,sintered
170810.81081081083,47.44744744744745,1.3146557520843681e-11,7.696547056241976e-17,50.0,800,sintered
171171.17117117118,47.54754754754755,1.3174292825550859e-11,7.696547056241976e-17,50.0,800,sintered
171531.53153153154,47.64764764764765,1.3202028130258037e-11,7.696547056241976e-17,50.0,800,sintered
171891.8918918919,47.74774774774775,1.3229763434965215e-11,7.696547056241976e-17,50.0,800,sintered
172252.25225225228,47.84784784784785,1.3257498739672395e-11,7.696547056241976e-17,50.0,800,sintered
172612.61261261263,47.94794794794795,1.3285234044379573e-11,7.696547056241976e-17,50.0,800,sintered
172972.972972973,48.04804804804805,1.3312969349086751e-11,7.696547056241976e-17,50.0,800,sintered
173333.33333333334,48.14814814814815,1.3340704653793929e-11,7.696547056241976e-17,50.0,800,sintered
173693.6936936937,48.24824824824825,1.3368439958501107e-11,7.696547056241976e-17,50.0,800,sintered
174054.05405405408,48.34834834834835,1.3396175263208287e-11,7.696547056241976e-17,50.0,800,sintered
174414.41441441444,48.44844844844845,1.3423910567915465e-11,7.696547056241976e-17,50.0,800,sintered
174774.7747747748,48.54854854854855,1.3451645872622643e-11,7.696547056241976e-17,50.0,800,sintered
175135.13513513515,48.64864864864865,1.3479381177329821e-11,7.696547056241976e-17,50.0,800,sintered
175495.4954954955,48.74874874874875,1.3507116482036997e-11,7.696547056241976e-17,50.0,800,sintered
175855.85585585586,48.84884884884885,1.3534851786744175e-11,7.696547056241976e-17,50.0,800,sintered
176216.21621621624,48.94894894894895,1.3562587091451357e-11,7.696547056241976e-17,50.0,800,sintered
176576.5765765766,49.04904904904905,1.3590322396158533e-11,7.696547056241976e-17,50.0,800,sintered
176936.93693693695,49.14914914914915,1.3618057700865711e-11,7.696547056241976e-17,50.0,800,sintered
177297.2972972973,49.24924924924925,1.364579300557289e-11,7.696547056241976e-17,50.0,800,sintered
177657.65765765766,49.34934934934935,1.3673528310280067e-11,7.696547056241976e-17,50.0,800,sintered
178018.01801801802,49.44944944944945,1.3701263614987245e-11,7.696547056241976e-17,50.0,800,sintered
178378.3783783784,49.54954954954955,1.3728998919694425e-11,7.696547056241976e-17,50.0,800,sintered
178738.73873873876,49.64964964964965,1.3756734224401603e-11,7.696547056241976e-17,50.0,800,sintered
179099.0990990991,49.74974974974975,1.3784469529108781e-11,7.696547056241976e-17,50.0,800,sintered
179459.45945945947,49.84984984984985,1.381220483381596e-11,7.696547056241976e-17,50.0,800,sintered
179819.81981981982,49.94994994994995,1.3839940138523137e-11,7.696547056241976e-17,50.0,800,sintered
180180.1801801802,50.050050050050054,1.3867675443230317e-11,7.696547056241976e-17,50.0,800,sintered
180540.54054054056,50.150150150150154,1.3895410747937495e-11,7.696547056241976e-17,50.0,800,sintered
180900.90090090092,50.250250250250254,1.3923146052644673e-11,7.696547056241976e-17,50.0,800,sintered
181261.26126126127,50.350350350350354,1.3950881357351851e-11,7.696547056241976e-17,50.0,800,sintered
181621.62162162163,50.450450450450454,1.397861666205903e-11,7.696547056241976e-17,50.0,800,sintered
181981.98198198198,50.550550550550554,1.4006351966766207e-11,7.696547056241976e-17,50.0,800,sintered
182342.34234234237,50.650650650650654,1.4034087271473387e-11,7.696547056241976e-17,50.0,800,sintered
182702.70270270272,50.750750750750754,1.4061822576180565e-11,7.696547056241976e-17,50.0,800,sintered
183063.06306306308,50.850850850850854,1.4089557880887743e-11,7.696547056241976e-17,50.0,800,sintered
183423.42342342343,50.950950950950954,1.4117293185594921e-11,7.696547056241976e-17,50.0,800,sintered
183783.7837837838,51.051051051051054,1.41450284903021e-11,7.696547056241976e-17,50.0,800,sintered
184144.14414414414,51.151151151151154,1.4172763795009276e-11,7.696547056241976e-17,50.0,800,sintered
184504.50450450453,51.251251251251254,1.4200499099716457e-11,7.696547056241976e-17,50.0,800,sintered
184864.86486486488,51.351351351351354,1.4228234404423635e-11,7.696547056241976e-17,50.0,800,sintered
185225.22522522524,51.451451451451454,1.4255969709130812e-11,7.696547056241976e-17,50.0,800,sintered
185585.5855855856,51.551551551551555,1.428370501383799e-11,7.696547056241976e-17,50.0,800,sintered
185945.94594594595,51.651651651651655,1.4311440318545168e-11,7.696547056241976e-17,50.0,800,sintered
186306.30630630633,51.751751751751755,1.4339175623252349e-11,7.696547056241976e-17,50.0,800,sintered
186666.6666666667,51.851851851851855,1.4366910927959525e-11,7.696547056241976e-17,50.0,800,sintered
187027.02702702704,51.951951951951955,1.4394646232666703e-11,7.696547056241976e-17,50.0,800,sintered
187387.3873873874,52.052052052052055,1.4422381537373881e-11,7.696547056241976e-17,50.0,800,sintered
187747.74774774775,52.152152152152155,1.445011684208106e-11,7.696547056241976e-17,50.0,800,sintered
188108.1081081081,52.252252252252255,1.4477852146788238e-11,7.696547056241976e-17,50.0,800,sintered
188468.4684684685,52.352352352352355,1.4505587451495417e-11,7.696547056241976e-17,50.0,800,sintered
188828.82882882885,52.452452452452455,1.4533322756202595e-11,7.696547056241976e-17,50.0,800,sintered
189189.1891891892,52.552552552552555,1.4561058060909773e-11,7.696547056241976e-17,50.0,800,sintered
189549.54954954956,52.652652652652655,1.458879336561695e-11,7.696547056241976e-17,50.0,800,sintered
189909.9099099099,52.752752752752755,1.461652867032413e-11,7.696547056241976e-17,50.0,800,sintered
190270.27027027027,52.852852852852855,1.4644263975031308e-11,7.696547056241976e-17,50.0,800,sintered
190630.63063063065,52.952952952952955,1.467199927973849e-11,7.696547056241976e-17,50.0,800,sintered
190990.990990991,53.053053053053056,1.4699734584445664e-11,7.696547056241976e-17,50.0,800,sintered
191351.35135135136,53.153153153153156,1.4727469889152842e-11,7.696547056241976e-17,50.0,800,sintered
191711.71171171172,53.253253253253256,1.475520519386002e-11,7.696547056241976e-17,50.0,800,sintered
192072.07207207207,53.353353353353356,1.4782940498567198e-11,7.696547056241976e-17,50.0,800,sintered
192432.43243243246,53.453453453453456,1.481067580327438e-11,7.696547056241976e-17,50.0,800,sintered
192792.7927927928,53.553553553553556,1.4838411107981557e-11,7.696547056241976e-17,50.0,800,sintered
193153.15315315317,53.653653653653656,1.4866146412688735e-11,7.696547056241976e-17,50.0,800,sintered
193513.51351351352,53.753753753753756,1.4893881717395913e-11,7.696547056241976e-17,50.0,800,sintered
193873.87387387388,53.853853853853856,1.492161702210309e-11,7.696547056241976e-17,50.0,800,sintered
194234.23423423423,53.953953953953956,1.494935232681027e-11,7.696547056241976e-17,50.0,800,sintered
194594.59459459462,54.054054054054056,1.4977087631517448e-11,7.696547056241976e-17,50.0,800,sintered
194954.95495495497,54.154154154154156,1.5004822936224626e-11,7.696547056241976e-17,50.0,800,sintered
195315.31531531533,54.254254254254256,1.5032558240931804e-11,7.696547056241976e-17,50.0,800,sintered
195675.67567567568,54.354354354354356,1.5060293545638982e-11,7.696547056241976e-17,50.0,800,sintered
196036.03603603604,54.454454454454456,1.508802885034616e-11,7.696547056241976e-17,50.0,800,sintered
196396.3963963964,54.55455455455456,1.5115764155053338e-11,7.696547056241976e-17,50.0,800,sintered
196756.75675675677,54.65465465465466,1.514349945976052e-11,7.696547056241976e-17,50.0,800,sintered
197117.11711711713,54.75475475475476,1.5171234764467697e-11,7.696547056241976e-17,50.0,800,sintered
197477.47747747749,54.85485485485486,1.5198970069174875e-11,7.696547056241976e-17,50.0,800,sintered
197837.83783783784,54.95495495495496,1.5226705373882053e-11,7.696547056241976e-17,50.0,800,sintered
198198.1981981982,55.05505505505506,1.5254440678589228e-11,7.696547056241976e-17,50.0,800,sintered
198558.55855855855,55.15515515515516,1.5282175983296406e-11,7.696547056241976e-17,50.0,800,sintered
198918.91891891893,55.25525525525526,1.5309911288003587e-11,7.696547056241976e-17,50.0,800,sintered
199279.2792792793,55.35535535535536,1.5337646592710766e-11,7.696547056241976e-17,50.0,800,sintered
199639.63963963964,55.45545545545546,1.5365381897417944e-11,7.696547056241976e-17,50.0,800,sintered
200000.0,55.55555555555556,1.5393117202125122e-11,7.696547056241976e-17,50.0,800,sintered
200360.36036036036,55.65565565565566,1.54208525068323e-11,7.696547056241976e-17,50.0,800,sintered
200720.72072072074,55.75575575575576,1.544858781153948e-11,7.696547056241976e-17,50.0,800,sintered
201081.0810810811,55.85585585585586,1.5476323116246656e-11,7.696547056241976e-17,50.0,800,sintered
201441.44144144145,55.95595595595596,1.5504058420953834e-11,7.696547056241976e-17,50.0,800,sintered
201801.8018018018,56.05605605605606,1.5531793725661012e-11,7.696547056241976e-17,50.0,800,sintered
202162.16216216216,56.15615615615616,1.555952903036819e-11,7.696547056241976e-17,50.0,800,sintered
202522.52252252251,56.25625625625626,1.5587264335075368e-11,7.696547056241976e-17,50.0,800,sintered
202882.8828828829,56.35635635635636,1.561499963978255e-11,7.696547056241976e-17,50.0,800,sintered
203243.24324324325,56.45645645645646,1.5642734944489727e-11,7.696547056241976e-17,50.0,800,sintered
203603.6036036036,56.55655655655656,1.5670470249196905e-11,7.696547056241976e-17,50.0,800,sintered
203963.96396396396,56.65665665665666,1.5698205553904084e-11,7.696547056241976e-17,50.0,800,sintered
204324.32432432432,56.75675675675676,1.572594085861126e-11,7.696547056241976e-17,50.0,800,sintered
204684.68468468467,56.85685685685686,1.575367616331844e-11,7.696547056241976e-17,50.0,800,sintered
205045.04504504506,56.95695695695696,1.5781411468025618e-11,7.696547056241976e-17,50.0,800,sintered
205405.4054054054,57.05705705705706,1.5809146772732796e-11,7.696547056241976e-17,50.0,800,sintered
205765.76576576577,57.15715715715716,1.5836882077439974e-11,7.696547056241976e-17,50.0,800,sintered
206126.12612612612,57.25725725725726,1.5864617382147152e-11,7.696547056241976e-17,50.0,800,sintered
206486.48648648648,57.35735735735736,1.589235268685433e-11,7.696547056241976e-17,50.0,800,sintered
206846.84684684686,57.45745745745746,1.592008799156151e-11,7.696547056241976e-17,50.0,800,sintered
207207.20720720722,57.55755755755756,1.594782329626869e-11,7.696547056241976e-17,50.0,800,sintered
207567.56756756757,57.65765765765766,1.5975558600975867e-11,7.696547056241976e-17,50.0,800,sintered
207927.92792792793,57.75775775775776,1.6003293905683045e-11,7.696547056241976e-17,50.0,800,sintered
208288.28828828828,57.85785785785786,1.603102921039022e-11,7.696547056241976e-17,50.0,800,sintered
208648.64864864864,57.95795795795796,1.6058764515097398e-11,7.696547056241976e-17,50.0,800,sintered
209009.00900900902,58.05805805805806,1.608649981980458e-11,7.696547056241976e-17,50.0,800,sintered
209369.36936936938,58.15815815815816,1.6114235124511758e-11,7.696547056241976e-17,50.0,800,sintered
209729.72972972973,58.25825825825826,1.6141970429218936e-11,7.696547056241976e-17,50.0,800,sintered
210090.0900900901,58.35835835835836,1.6169705733926114e-11,7.696547056241976e-17,50.0,800,sintered
210450.45045045044,58.45845845845846,1.6197441038633292e-11,7.696547056241976e-17,50.0,800,sintered
210810.8108108108,58.55855855855856,1.622517634334047e-11,7.696547056241976e-17,50.0,800,sintered
211171.17117117118,58.65865865865866,1.6252911648047648e-11,7.696547056241976e-17,50.0,800,sintered
211531.53153153154,58.75875875875876,1.6280646952754826e-11,7.696547056241976e-17,50.0,800,sintered
211891.8918918919,58.85885885885886,1.6308382257462004e-11,7.696547056241976e-17,50.0,800,sintered
212252.25225225225,58.95895895895896,1.6336117562169182e-11,7.696547056241976e-17,50.0,800,sintered
212612.6126126126,59.05905905905906,1.636385286687636e-11,7.696547056241976e-17,50.0,800,sintered
212972.972972973,59.15915915915916,1.639158817158354e-11,7.696547056241976e-17,50.0,800,sintered
213333.33333333334,59.25925925925926,1.641932347629072e-11,7.696547056241976e-17,50.0,800,sintered
213693.6936936937,59.35935935935936,1.6447058780997898e-11,7.696547056241976e-17,50.0,800,sintered
214054.05405405405,59.45945945945946,1.6474794085705076e-11,7.696547056241976e-17,50.0,800,sintered
214414.4144144144,59.55955955955956,1.6502529390412254e-11,7.696547056241976e-17,50.0,800,sintered
214774.77477477476,59.65965965965966,1.6530264695119432e-11,7.696547056241976e-17,50.0,800,sintered
215135.13513513515,59.75975975975976,1.655799999982661e-11,7.696547056241976e-17,50.0,800,sintered
215495.49549549553,59.85985985985987,1.658573530453379e-11,7.696547056241976e-17,50.0,800,sintered
215855.8558558559,59.95995995995997,1.661347060924097e-11,7.696547056241976e-17,50.0,800,sintered
216216.21621621624,60.06006006006007,1.6641205913948147e-11,7.696547056241976e-17,50.0,800,sintered
216576.5765765766,60.16016016016017,1.6668941218655325e-11,7.696547056241976e-17,50.0,800,sintered
216936.93693693695,60.26026026026027,1.6696676523362503e-11,7.696547056241976e-17,50.0,800,sintered
217297.29729729734,60.36036036036037,1.672441182806968e-11,7.696547056241976e-17,50.0,800,sintered
217657.6576576577,60.46046046046047,1.675214713277686e-11,7.696547056241976e-17,50.0,800,sintered
218018.01801801805,60.56056056056057,1.6779882437484038e-11,7.696547056241976e-17,50.0,800,sintered
218378.3783783784,60.66066066066067,1.6807617742191216e-11,7.696547056241976e-17,50.0,800,sintered
218738.73873873876,60.76076076076077,1.6835353046898394e-11,7.696547056241976e-17,50.0,800,sintered
219099.0990990991,60.86086086086087,1.6863088351605572e-11,7.696547056241976e-17,50.0,800,sintered
219459.4594594595,60.96096096096097,1.6890823656312753e-11,7.696547056241976e-17,50.0,800,sintered
219819.81981981985,61.06106106106107,1.691855896101993e-11,7.696547056241976e-17,50.0,800,sintered
220180.1801801802,61.16116116116117,1.694629426572711e-11,7.696547056241976e-17,50.0,800,sintered
220540.54054054056,61.26126126126127,1.6974029570434287e-11,7.696547056241976e-17,50.0,800,sintered
220900.90090090092,61.36136136136137,1.7001764875141462e-11,7.696547056241976e-17,50.0,800,sintered
221261.26126126127,61.46146146146147,1.702950017984864e-11,7.696547056241976e-17,50.0,800,sintered
221621.62162162166,61.56156156156157,1.705723548455582e-11,7.696547056241976e-17,50.0,800,sintered
221981.981981982,61.66166166166167,1.7084970789263e-11,7.696547056241976e-17,50.0,800,sintered
222342.34234234237,61.76176176176177,1.7112706093970178e-11,7.696547056241976e-17,50.0,800,sintered
222702.70270270272,61.86186186186187,1.7140441398677356e-11,7.696547056241976e-17,50.0,800,sintered
223063.06306306308,61.96196196196197,1.7168176703384534e-11,7.696547056241976e-17,50.0,800,sintered
223423.42342342343,62.06206206206207,1.7195912008091712e-11,7.696547056241976e-17,50.0,800,sintered
223783.78378378382,62.16216216216217,1.722364731279889e-11,7.696547056241976e-17,50.0,800,sintered
224144.14414414417,62.26226226226227,1.7251382617506068e-11,7.696547056241976e-17,50.0,800,sintered
224504.50450450453,62.36236236236237,1.7279117922213246e-11,7.696547056241976e-17,50.0,800,sintered
224864.86486486488,62.46246246246247,1.7306853226920424e-11,7.696547056241976e-17,50.0,800,sintered
225225.22522522524,62.56256256256257,1.7334588531627602e-11,7.696547056241976e-17,50.0,800,sintered
225585.58558558562,62.66266266266267,1.7362323836334783e-11,7.696547056241976e-17,50.0,800,sintered
225945.94594594598,62.76276276276277,1.739005914104196e-11,7.696547056241976e-17,50.0,800,sintered
226306.30630630633,62.86286286286287,1.741779444574914e-11,7.696547056241976e-17,50.0,800,sintered
226666.6666666667,62.96296296296297,1.7445529750456317e-11,7.696547056241976e-17,50.0,800,sintered
227027.02702702704,63.06306306306307,1.7473265055163496e-11,7.696547056241976e-17,50.0,800,sintered
227387.3873873874,63.16316316316317,1.7501000359870674e-11,7.696547056241976e-17,50.0,800,sintered
227747.74774774778,63.26326326326327,1.7528735664577852e-11,7.696547056241976e-17,50.0,800,sintered
228108.10810810814,63.36336336336337,1.755647096928503e-11,7.696547056241976e-17,50.0,800,sintered
228468.4684684685,63.46346346346347,1.7584206273992208e-11,7.696547056241976e-17,50.0,800,sintered
228828.82882882885,63.56356356356357,1.7611941578699386e-11,7.696547056241976e-17,50.0,800,sintered
229189.1891891892,63.66366366366367,1.7639676883406564e-11,7.696547056241976e-17,50.0,800,sintered
229549.54954954956,63.76376376376377,1.7667412188113742e-11,7.696547056241976e-17,50.0,800,sintered
229909.90990990994,63.86386386386387,1.7695147492820923e-11,7.696547056241976e-17,50.0,800,sintered
230270.2702702703,63.96396396396397,1.77228827975281e-11,7.696547056241976e-17,50.0,800,sintered
230630.63063063065,64.06406406406407,1.775061810223528e-11,7.696547056241976e-17,50.0,800,sintered
230990.99099099098,64.16416416416416,1.7778353406942454e-11,7.696547056241976e-17,50.0,800,sintered
231351.35135135136,64.26426426426427,1.7806088711649632e-11,7.696547056241976e-17,50.0,800,sintered
231711.71171171172,64.36436436436436,1.783382401635681e-11,7.696547056241976e-17,50.0,800,sintered
232072.0720720721,64.46446446446447,1.786155932106399e-11,7.696547056241976e-17,50.0,800,sintered
232432.43243243243,64.56456456456456,1.7889294625771166e-11,7.696547056241976e-17,50.0,800,sintered
232792.7927927928,64.66466466466467,1.7917029930478348e-11,7.696547056241976e-17,50.0,800,sintered
233153.15315315314,64.76476476476476,1.7944765235185523e-11,7.696547056241976e-17,50.0,800,sintered
233513.51351351352,64.86486486486487,1.7972500539892704e-11,7.696547056241976e-17,50.0,800,sintered
233873.87387387388,64.96496496496496,1.8000235844599882e-11,7.696547056241976e-17,50.0,800,sintered
234234.23423423426,65.06506506506507,1.802797114930706e-11,7.696547056241976e-17,50.0,800,sintered
234594.5945945946,65.16516516516516,1.8055706454014238e-11,7.696547056241976e-17,50.0,800,sintered
234954.95495495497,65.26526526526527,1.8083441758721416e-11,7.696547056241976e-17,50.0,800,sintered
235315.3153153153,65.36536536536536,1.8111177063428594e-11,7.696547056241976e-17,50.0,800,sintered
235675.67567567568,65.46546546546547,1.8138912368135772e-11,7.696547056241976e-17,50.0,800,sintered
236036.03603603604,65.56556556556556,1.816664767284295e-11,7.696547056241976e-17,50.0,800,sintered
236396.39639639642,65.66566566566567,1.819438297755013e-11,7.696547056241976e-17,50.0,800,sintered
236756.75675675675,65.76576576576576,1.8222118282257306e-11,7.696547056241976e-17,50.0,800,sintered
237117.11711711713,65.86586586586587,1.8249853586964488e-11,7.696547056241976e-17,50.0,800,sintered
237477.47747747746,65.96596596596596,1.8277588891671663e-11,7.696547056241976e-17,50.0,800,sintered
237837.83783783787,66.06606606606607,1.8305324196378844e-11,7.696547056241976e-17,50.0,800,sintered
238198.1981981982,66.16616616616616,1.833305950108602e-11,7.696547056241976e-17,50.0,800,sintered
238558.55855855858,66.26626626626627,1.83607948057932e-11,7.696547056241976e-17,50.0,800,sintered
238918.9189189189,66.36636636636636,1.8388530110500375e-11,7.696547056241976e-17,50.0,800,sintered
239279.2792792793,66.46646646646647,1.8416265415207556e-11,7.696547056241976e-17,50.0,800,sintered
239639.63963963964,66.56656656656656,1.8444000719914734e-11,7.696547056241976e-17,50.0,800,sintered
240000.00000000003,66.66666666666667,1.8471736024621915e-11,7.696547056241976e-17,50.0,800,sintered
240360.36036036036,66.76676676676676,1.849947132932909e-11,7.696547056241976e-17,50.0,800,sintered
240720.72072072074,66.86686686686687,1.8527206634036268e-11,7.696547056241976e-17,50.0,800,sintered
241081.08108108107,66.96696696696696,1.8554941938743446e-11,7.696547056241976e-17,50.0,800,sintered
241441.44144144145,67.06706706706707,1.8582677243450624e-11,7.696547056241976e-17,50.0,800,sintered
241801.8018018018,67.16716716716716,1.8610412548157802e-11,7.696547056241976e-17,50.0,800,sintered
242162.1621621622,67.26726726726727,1.8638147852864984e-11,7.696547056241976e-17,50.0,800,sintered
242522.52252252251,67.36736736736736,1.866588315757216e-11,7.696547056241976e-17,50.0,800,sintered
242882.8828828829,67.46746746746747,1.869361846227934e-11,7.696547056241976e-17,50.0,800,sintered
243243.24324324323,67.56756756756756,1.8721353766986515e-11,7.696547056241976e-17,50.0,800,sintered
243603.6036036036,67.66766766766767,1.8749089071693696e-11,7.696547056241976e-17,50.0,800,sintered
243963.96396396396,67.76776776776777,1.8776824376400874e-11,7.696547056241976e-17,50.0,800,sintered
244324.32432432435,67.86786786786787,1.8804559681108052e-11,7.696547056241976e-17,50.0,800,sintered
244684.68468468467,67.96796796796797,1.883229498581523e-11,7.696547056241976e-17,50.0,800,sintered
245045.04504504506,68.06806806806807,1.8860030290522408e-11,7.696547056241976e-17,50.0,800,sintered
245405.40540540538,68.16816816816817,1.8887765595229586e-11,7.696547056241976e-17,50.0,800,sintered
245765.76576576577,68.26826826826827,1.8915500899936764e-11,7.696547056241976e-17,50.0,800,sintered
246126.12612612615,68.36836836836838,1.8943236204643946e-11,7.696547056241976e-17,50.0,800,sintered
246486.4864864865,68.46846846846847,1.8970971509351124e-11,7.696547056241976e-17,50.0,800,sintered
246846.8468468469,68.56856856856858,1.8998706814058302e-11,7.696547056241976e-17,50.0,800,sintered
247207.20720720722,68.66866866866867,1.902644211876548e-11,7.696547056241976e-17,50.0,800,sintered
247567.5675675676,68.76876876876878,1.9054177423472658e-11,7.696547056241976e-17,50.0,800,sintered
247927.92792792793,68.86886886886887,1.9081912728179836e-11,7.696547056241976e-17,50.0,800,sintered
248288.28828828834,68.96896896896898,1.9109648032887017e-11,7.696547056241976e-17,50.0,800,sintered
248648.64864864867,69.06906906906907,1.9137383337594192e-11,7.696547056241976e-17,50.0,800,sintered
249009.00900900905,69.16916916916918,1.9165118642301373e-11,7.696547056241976e-17,50.0,800,sintered
249369.36936936938,69.26926926926927,1.9192853947008548e-11,7.696547056241976e-17,50.0,800,sintered
249729.72972972976,69.36936936936938,1.922058925171573e-11,7.696547056241976e-17,50.0,800,sintered
250090.09009009012,69.46946946946947,1.9248324556422908e-11,7.696547056241976e-17,50.0,800,sintered
250450.4504504505,69.56956956956958,1.9276059861130086e-11,7.696547056241976e-17,50.0,800,sintered
250810.81081081083,69.66966966966967,1.930379516583726e-11,7.696547056241976e-17,50.0,800,sintered
251171.1711711712,69.76976976976978,1.9331530470544442e-11,7.696547056241976e-17,50.0,800,sintered
251531.53153153154,69.86986986986987,1.9359265775251617e-11,7.696547056241976e-17,50.0,800,sintered
251891.89189189192,69.96996996996998,1.9387001079958798e-11,7.696547056241976e-17,50.0,800,sintered
252252.25225225228,70.07007007007007,1.9414736384665976e-11,7.696547056241976e-17,50.0,800,sintered
252612.61261261266,70.17017017017018,1.9442471689373157e-11,7.696547056241976e-17,50.0,800,sintered
252972.972972973,70.27027027027027,1.9470206994080332e-11,7.696547056241976e-17,50.0,800,sintered
253333.33333333337,70.37037037037038,1.949794229878751e-11,7.696547056241976e-17,50.0,800,sintered
253693.6936936937,70.47047047047047,1.9525677603494688e-11,7.696547056241976e-17,50.0,800,sintered
254054.05405405408,70.57057057057058,1.9553412908201866e-11,7.696547056241976e-17,50.0,800,sintered
254414.41441441444,70.67067067067067,1.9581148212909044e-11,7.696547056241976e-17,50.0,800,sintered
254774.77477477482,70.77077077077078,1.9608883517616226e-11,7.696547056241976e-17,50.0,800,sintered
255135.13513513515,70.87087087087087,1.96366188223234e-11,7.696547056241976e-17,50.0,800,sintered
255495.49549549553,70.97097097097098,1.9664354127030582e-11,7.696547056241976e-17,50.0,800,sintered
255855.85585585586,71.07107107107107,1.9692089431737756e-11,7.696547056241976e-17,50.0,800,sintered
256216.21621621624,71.17117117117118,1.9719824736444938e-11,7.696547056241976e-17,50.0,800,sintered
256576.5765765766,71.27127127127127,1.9747560041152116e-11,7.696547056241976e-17,50.0,800,sintered
256936.93693693698,71.37137137137138,1.9775295345859294e-11,7.696547056241976e-17,50.0,800,sintered
257297.2972972973,71.47147147147147,1.9803030650566472e-11,7.696547056241976e-17,50.0,800,sintered
257657.6576576577,71.57157157157158,1.983076595527365e-11,7.696547056241976e-17,50.0,800,sintered
258018.01801801802,71.67167167167167,1.9858501259980825e-11,7.696547056241976e-17,50.0,800,sintered
258378.3783783784,71.77177177177178,1.9886236564688006e-11,7.696547056241976e-17,50.0,800,sintered
258738.73873873876,71.87187187187187,1.9913971869395184e-11,7.696547056241976e-17,50.0,800,sintered
259099.09909909914,71.97197197197198,1.9941707174102365e-11,7.696547056241976e-17,50.0,800,sintered
259459.45945945947,72.07207207207207,1.996944247880954e-11,7.696547056241976e-17,50.0,800,sintered
259819.81981981985,72.17217217217218,1.999717778351672e-11,7.696547056241976e-17,50.0,800,sintered
260180.18018018018,72.27227227227228,2.0024913088223896e-11,7.696547056241976e-17,50.0,800,sintered
260540.54054054056,72.37237237237238,2.0052648392931078e-11,7.696547056241976e-17,50.0,800,sintered
260900.90090090092,72.47247247247248,2.0080383697638253e-11,7.696547056241976e-17,50.0,800,sintered
261261.2612612613,72.57257257257258,2.0108119002345434e-11,7.696547056241976e-17,50.0,800,sintered
261621.62162162163,72.67267267267268,2.013585430705261e-11,7.696547056241976e-17,50.0,800,sintered
261981.981981982,72.77277277277278,2.016358961175979e-11,7.696547056241976e-17,50.0,800,sintered
262342.34234234237,72.87287287287288,2.0191324916466968e-11,7.696547056241976e-17,50.0,800,sintered
262702.7027027027,72.97297297297298,2.0219060221174146e-11,7.696547056241976e-17,50.0,800,sintered
263063.0630630631,73.07307307307308,2.0246795525881324e-11,7.696547056241976e-17,50.0,800,sintered
263423.42342342343,73.17317317317318,2.0274530830588502e-11,7.696547056241976e-17,50.0,800,sintered
263783.7837837838,73.27327327327328,2.030226613529568e-11,7.696547056241976e-17,50.0,800,sintered
264144.1441441442,73.37337337337338,2.033000144000286e-11,7.696547056241976e-17,50.0,800,sintered
264504.5045045045,73.47347347347348,2.0357736744710036e-11,7.696547056241976e-17,50.0,800,sintered
264864.8648648649,73.57357357357358,2.0385472049417218e-11,7.696547056241976e-17,50.0,800,sintered
265225.2252252252,73.67367367367368,2.0413207354124393e-11,7.696547056241976e-17,50.0,800,sintered
265585.5855855856,73.77377377377378,2.0440942658831574e-11,7.696547056241976e-17,50.0,800,sintered
265945.945945946,73.87387387387388,2.0468677963538752e-11,7.696547056241976e-17,50.0,800,sintered
266306.30630630633,73.97397397397398,2.049641326824593e-11,7.696547056241976e-17,50.0,800,sintered
266666.6666666667,74.07407407407408,2.0524148572953108e-11,7.696547056241976e-17,50.0,800,sintered
267027.02702702704,74.17417417417418,2.0551883877660286e-11,7.696547056241976e-17,50.0,800,sintered
267387.3873873874,74.27427427427428,2.0579619182367464e-11,7.696547056241976e-17,50.0,800,sintered
267747.7477477478,74.37437437437438,2.0607354487074645e-11,7.696547056241976e-17,50.0,800,sintered
268108.1081081081,74.47447447447448,2.0635089791781817e-11,7.696547056241976e-17,50.0,800,sintered
268468.4684684685,74.57457457457458,2.0662825096489e-11,7.696547056241976e-17,50.0,800,sintered
268828.8288288288,74.67467467467468,2.0690560401196173e-11,7.696547056241976e-17,50.0,800,sintered
269189.18918918923,74.77477477477478,2.0718295705903358e-11,7.696547056241976e-17,50.0,800,sintered
269549.5495495496,74.87487487487488,2.0746031010610536e-11,7.696547056241976e-17,50.0,800,sintered
269909.90990990994,74.97497497497498,2.0773766315317714e-11,7.696547056241976e-17,50.0,800,sintered
270270.2702702703,75.07507507507508,2.0801501620024892e-11,7.696547056241976e-17,50.0,800,sintered
270630.63063063065,75.17517517517518,2.0829236924732067e-11,7.696547056241976e-17,50.0,800,sintered
270990.990990991,75.27527527527528,2.0856972229439245e-11,7.696547056241976e-17,50.0,800,sintered
271351.35135135136,75.37537537537538,2.0884707534146423e-11,7.696547056241976e-17,50.0,800,sintered
271711.7117117117,75.47547547547548,2.09124428388536e-11,7.696547056241976e-17,50.0,800,sintered
272072.07207207213,75.57557557557558,2.0940178143560785e-11,7.696547056241976e-17,50.0,800,sintered
272432.4324324324,75.67567567567568,2.0967913448267957e-11,7.696547056241976e-17,50.0,800,sintered
272792.79279279284,75.77577577577578,2.099564875297514e-11,7.696547056241976e-17,50.0,800,sintered
273153.15315315314,75.87587587587588,2.1023384057682313e-11,7.696547056241976e-17,50.0,800,sintered
273513.51351351355,75.97597597597598,2.1051119362389494e-11,7.696547056241976e-17,50.0,800,sintered
273873.8738738739,76.07607607607608,2.1078854667096672e-11,7.696547056241976e-17,50.0,800,sintered
274234.23423423426,76.17617617617618,2.110658997180385e-11,7.696547056241976e-17,50.0,800,sintered
274594.5945945946,76.27627627627628,2.113432527651103e-11,7.696547056241976e-17,50.0,800,sintered
274954.95495495497,76.37637637637638,2.1162060581218207e-11,7.696547056241976e-17,50.0,800,sintered
275315.3153153153,76.47647647647648,2.1189795885925385e-11,7.696547056241976e-17,50.0,800,sintered
275675.6756756757,76.57657657657658,2.1217531190632563e-11,7.696547056241976e-17,50.0,800,sintered
276036.03603603604,76.67667667667668,2.124526649533974e-11,7.696547056241976e-17,50.0,800,sintered
276396.39639639645,76.77677677677679,2.1273001800046922e-11,7.696547056241976e-17,50.0,800,sintered
276756.75675675675,76.87687687687688,2.1300737104754097e-11,7.696547056241976e-17,50.0,800,sintered
277117.11711711716,76.97697697697699,2.1328472409461278e-11,7.696547056241976e-17,50.0,800,sintered
277477.47747747746,77.07707707707708,2.1356207714168453e-11,7.696547056241976e-17,50.0,800,sintered
277837.83783783787,77.17717717717719,2.1383943018875634e-11,7.696547056241976e-17,50.0,800,sintered
278198.1981981982,77.27727727727728,2.1411678323582812e-11,7.696547056241976e-17,50.0,800,sintered
278558.5585585586,77.37737737737739,2.143941362828999e-11,7.696547056241976e-17,50.0,800,sintered
278918.91891891893,77.47747747747748,2.146714893299717e-11,7.696547056241976e-17,50.0,800,sintered
279279.2792792793,77.57757757757759,2.1494884237704347e-11,7.696547056241976e-17,50.0,800,sintered
279639.63963963964,77.67767767767768,2.1522619542411525e-11,7.696547056241976e-17,50.0,800,sintered
280000.0,77.77777777777779,2.1550354847118703e-11,7.696547056241976e-17,50.0,800,sintered
280360.36036036036,77.87787787787788,2.157809015182588e-11,7.696547056241976e-17,50.0,800,sintered
280720.72072072077,77.97797797797799,2.1605825456533062e-11,7.696547056241976e-17,50.0,800,sintered
281081.08108108107,78.07807807807808,2.1633560761240237e-11,7.696547056241976e-17,50.0,800,sintered
281441.4414414415,78.17817817817819,2.1661296065947418e-11,7.696547056241976e-17,50.0,800,sintered
281801.8018018018,78.27827827827828,2.1689031370654593e-11,7.696547056241976e-17,50.0,800,sintered
282162.1621621622,78.37837837837839,2.1716766675361774e-11,7.696547056241976e-17,50.0,800,sintered
282522.52252252254,78.47847847847848,2.1744501980068952e-11,7.696547056241976e-17,50.0,800,sintered
282882.8828828829,78.57857857857859,2.177223728477613e-11,7.696547056241976e-17,50.0,800,sintered
283243.24324324325,78.67867867867868,2.179997258948331e-11,7.696547056241976e-17,50.0,800,sintered
283603.6036036036,78.77877877877879,2.1827707894190486e-11,7.696547056241976e-17,50.0,800,sintered
283963.96396396396,78.87887887887888,2.1855443198897665e-11,7.696547056241976e-17,50.0,800,sintered
284324.3243243244,78.97897897897899,2.1883178503604846e-11,7.696547056241976e-17,50.0,800,sintered
284684.6846846847,79.07907907907908,2.191091380831202e-11,7.696547056241976e-17,50.0,800,sintered
285045.0450450451,79.17917917917919,2.1938649113019202e-11,7.696547056241976e-17,50.0,800,sintered
285405.4054054054,79.27927927927928,2.1966384417726374e-11,7.696547056241976e-17,50.0,800,sintered
285765.7657657658,79.37937937937939,2.1994119722433558e-11,7.696547056241976e-17,50.0,800,sintered
286126.12612612615,79.47947947947948,2.2021855027140736e-11,7.696547056241976e-17,50.0,800,sintered
286486.4864864865,79.57957957957959,2.2049590331847914e-11,7.696547056241976e-17,50.0,800,sintered
286846.84684684686,79.67967967967968,2.2077325636555092e-11,7.696547056241976e-17,50.0,800,sintered
287207.2072072072,79.77977977977979,2.210506094126227e-11,7.696547056241976e-17,50.0,800,sintered
287567.5675675676,79.87987987987988,2.2132796245969448e-11,7.696547056241976e-17,50.0,800,sintered
287927.9279279279,79.97997997997999,2.2160531550676626e-11,7.696547056241976e-17,50.0,800,sintered
288288.2882882883,80.08008008008008,2.21882668553838e-11,7.696547056241976e-17,50.0,800,sintered
288648.6486486487,80.18018018018019,2.2216002160090986e-11,7.696547056241976e-17,50.0,800,sintered
289009.009009009,80.28028028028028,2.2243737464798157e-11,7.696547056241976e-17,50.0,800,sintered
289369.3693693694,80.38038038038039,2.2271472769505342e-11,7.696547056241976e-17,50.0,800,sintered
289729.7297297297,80.48048048048048,2.2299208074212514e-11,7.696547056241976e-17,50.0,800,sintered
290090.0900900901,80.58058058058059,2.2326943378919698e-11,7.696547056241976e-17,50.0,800,sintered
290450.4504504505,80.68068068068068,2.2354678683626876e-11,7.696547056241976e-17,50.0,800,sintered
290810.8108108108,80.78078078078079,2.238241398833405e-11,7.696547056241976e-17,50.0,800,sintered
291171.1711711712,80.88088088088088,2.241014929304123e-11,7.696547056241976e-17,50.0,800,sintered
291531.53153153154,80.98098098098099,2.2437884597748407e-11,7.696547056241976e-17,50.0,800,sintered
291891.8918918919,81.08108108108108,2.2465619902455585e-11,7.696547056241976e-17,50.0,800,sintered
292252.25225225225,81.18118118118119,2.2493355207162763e-11,7.696547056241976e-17,50.0,800,sintered
292612.6126126126,81.28128128128128,2.252109051186994e-11,7.696547056241976e-17,50.0,800,sintered
292972.972972973,81.38138138138139,2.2548825816577126e-11,7.696547056241976e-17,50.0,800,sintered
293333.3333333333,81.48148148148148,2.2576561121284297e-11,7.696547056241976e-17,50.0,800,sintered
293693.6936936937,81.58158158158159,2.260429642599148e-11,7.696547056241976e-17,50.0,800,sintered
294054.054054054,81.68168168168168,2.2632031730698653e-11,7.696547056241976e-17,50.0,800,sintered
294414.41441441444,81.78178178178179,2.2659767035405835e-11,7.696547056241976e-17,50.0,800,sintered
294774.7747747748,81.88188188188188,2.2687502340113013e-11,7.696547056241976e-17,50.0,800,sintered
295135.13513513515,81.98198198198199,2.271523764482019e-11,7.696547056241976e-17,50.0,800,sintered
295495.4954954955,82.08208208208208,2.274297294952737e-11,7.696547056241976e-17,50.0,800,sintered
295855.85585585586,82.18218218218219,2.2770708254234547e-11,7.696547056241976e-17,50.0,800,sintered
296216.2162162162,82.28228228228228,2.2798443558941725e-11,7.696547056241976e-17,50.0,800,sintered
296576.5765765766,82.38238238238239,2.2826178863648906e-11,7.696547056241976e-17,50.0,800,sintered
296936.9369369369,82.48248248248248,2.285391416835608e-11,7.696547056241976e-17,50.0,800,sintered
297297.29729729734,82.58258258258259,2.2881649473063262e-11,7.696547056241976e-17,50.0,800,sintered
297657.65765765763,82.68268268268268,2.2909384777770437e-11,7.696547056241976e-17,50.0,800,sintered
298018.01801801805,82.78278278278279,2.293712008247762e-11,7.696547056241976e-17,50.0,800,sintered
298378.3783783784,82.88288288288288,2.2964855387184797e-11,7.696547056241976e-17,50.0,800,sintered
298738.73873873876,82.98298298298299,2.2992590691891975e-11,7.696547056241976e-17,50.0,800,sintered
299099.0990990991,83.08308308308308,2.3020325996599153e-11,7.696547056241976e-17,50.0,800,sintered
299459.45945945947,83.18318318318319,2.304806130130633e-11,7.696547056241976e-17,50.0,800,sintered
299819.8198198198,83.28328328328328,2.307579660601351e-11,7.696547056241976e-17,50.0,800,sintered
300180.1801801802,83.38338338338339,2.3103531910720687e-11,7.696547056241976e-17,50.0,800,sintered
300540.54054054053,83.48348348348348,2.3131267215427865e-11,7.696547056241976e-17,50.0,800,sintered
300900.90090090095,83.58358358358359,2.3159002520135046e-11,7.696547056241976e-17,50.0,800,sintered
301261.26126126124,83.68368368368368,2.318673782484222e-11,7.696547056241976e-17,50.0,800,sintered
301621.62162162166,83.78378378378379,2.3214473129549402e-11,7.696547056241976e-17,50.0,800,sintered
301981.98198198195,83.88388388388388,2.3242208434256577e-11,7.696547056241976e-17,50.0,800,sintered
302342.34234234237,83.98398398398399,2.326994373896376e-11,7.696547056241976e-17,50.0,800,sintered
302702.7027027027,84.08408408408408,2.3297679043670937e-11,7.696547056241976e-17,50.0,800,sintered
303063.0630630631,84.18418418418419,2.3325414348378115e-11,7.696547056241976e-17,50.0,800,sintered
303423.42342342343,84.28428428428428,2.3353149653085293e-11,7.696547056241976e-17,50.0,800,sintered
303783.7837837838,84.38438438438439,2.338088495779247e-11,7.696547056241976e-17,50.0,800,sintered
304144.14414414414,84.48448448448448,2.340862026249965e-11,7.696547056241976e-17,50.0,800,sintered
304504.5045045045,84.58458458458459,2.3436355567206827e-11,7.696547056241976e-17,50.0,800,sintered
304864.86486486485,84.68468468468468,2.3464090871914005e-11,7.696547056241976e-17,50.0,800,sintered
305225.22522522527,84.78478478478479,2.3491826176621186e-11,7.696547056241976e-17,50.0,800,sintered
305585.58558558556,84.88488488488488,2.3519561481328358e-11,7.696547056241976e-17,50.0,800,sintered
305945.945945946,84.98498498498499,2.3547296786035542e-11,7.696547056241976e-17,50.0,800,sintered
306306.3063063063,85.08508508508508,2.3575032090742714e-11,7.696547056241976e-17,50.0,800,sintered
306666.6666666667,85.18518518518519,2.36027673954499e-11,7.696547056241976e-17,50.0,800,sintered
307027.02702702704,85.28528528528528,2.3630502700157077e-11,7.696547056241976e-17,50.0,800,sintered
307387.3873873874,85.38538538538539,2.3658238004864255e-11,7.696547056241976e-17,50.0,800,sintered
307747.7477477478,85.4854854854855,2.3685973309571436e-11,7.696547056241976e-17,50.0,800,sintered
308108.1081081081,85.58558558558559,2.3713708614278607e-11,7.696547056241976e-17,50.0,800,sintered
308468.4684684685,85.6856856856857,2.3741443918985792e-11,7.696547056241976e-17,50.0,800,sintered
308828.8288288289,85.78578578578579,2.376917922369297e-11,7.696547056241976e-17,50.0,800,sintered
309189.18918918923,85.8858858858859,2.3796914528400148e-11,7.696547056241976e-17,50.0,800,sintered
309549.5495495496,85.98598598598599,2.3824649833107326e-11,7.696547056241976e-17,50.0,800,sintered
309909.90990990994,86.0860860860861,2.3852385137814504e-11,7.696547056241976e-17,50.0,800,sintered
310270.2702702703,86.18618618618619,2.3880120442521682e-11,7.696547056241976e-17,50.0,800,sintered
310630.63063063065,86.2862862862863,2.3907855747228857e-11,7.696547056241976e-17,50.0,800,sintered
310990.990990991,86.38638638638639,2.3935591051936035e-11,7.696547056241976e-17,50.0,800,sintered
311351.3513513514,86.4864864864865,2.396332635664322e-11,7.696547056241976e-17,50.0,800,sintered
311711.7117117117,86.58658658658659,2.399106166135039e-11,7.696547056241976e-17,50.0,800,sintered
312072.07207207213,86.6866866866867,2.4018796966057576e-11,7.696547056241976e-17,50.0,800,sintered
312432.4324324324,86.78678678678679,2.4046532270764747e-11,7.696547056241976e-17,50.0,800,sintered
312792.79279279284,86.8868868868869,2.4074267575471932e-11,7.696547056241976e-17,50.0,800,sintered
313153.1531531532,86.98698698698699,2.4102002880179107e-11,7.696547056241976e-17,50.0,800,sintered
313513.51351351355,87.0870870870871,2.4129738184886285e-11,7.696547056241976e-17,50.0,800,sintered
313873.8738738739,87.18718718718719,2.4157473489593463e-11,7.696547056241976e-17,50.0,800,sintered
314234.23423423426,87.2872872872873,2.418520879430064e-11,7.696547056241976e-17,50.0,800,sintered
314594.5945945946,87.38738738738739,2.421294409900782e-11,7.696547056241976e-17,50.0,800,sintered
314954.95495495497,87.4874874874875,2.4240679403714997e-11,7.696547056241976e-17,50.0,800,sintered
315315.3153153153,87.58758758758759,2.4268414708422175e-11,7.696547056241976e-17,50.0,800,sintered
315675.67567567574,87.6876876876877,2.429615001312936e-11,7.696547056241976e-17,50.0,800,sintered
316036.03603603604,87.78778778778779,2.432388531783653e-11,7.696547056241976e-17,50.0,800,sintered
316396.39639639645,87.8878878878879,2.4351620622543713e-11,7.696547056241976e-17,50.0,800,sintered
316756.75675675675,87.98798798798799,2.4379355927250887e-11,7.696547056241976e-17,50.0,800,sintered
317117.11711711716,88.0880880880881,2.440709123195807e-11,7.696547056241976e-17,50.0,800,sintered
317477.4774774775,88.18818818818819,2.4434826536665247e-11,7.696547056241976e-17,50.0,800,sintered
317837.83783783787,88.2882882882883,2.4462561841372425e-11,7.696547056241976e-17,50.0,800,sintered
318198.1981981982,88.38838838838839,2.4490297146079603e-11,7.696547056241976e-17,50.0,800,sintered
318558.5585585586,88.4884884884885,2.451803245078678e-11,7.696547056241976e-17,50.0,800,sintered
318918.91891891893,88.58858858858859,2.454576775549396e-11,7.696547056241976e-17,50.0,800,sintered
319279.27927927935,88.6886886886887,2.457350306020114e-11,7.696547056241976e-17,50.0,800,sintered
319639.63963963964,88.78878878878879,2.4601238364908315e-11,7.696547056241976e-17,50.0,800,sintered
320000.00000000006,88.8888888888889,2.4628973669615496e-11,7.696547056241976e-17,50.0,800,sintered
320360.36036036036,88.988988988989,2.465670897432267e-11,7.696547056241976e-17,50.0,800,sintered
320720.72072072077,89.0890890890891,2.4684444279029853e-11,7.696547056241976e-17,50.0,800,sintered
321081.0810810811,89.1891891891892,2.471217958373703e-11,7.696547056241976e-17,50.0,800,sintered
321441.4414414415,89.2892892892893,2.473991488844421e-11,7.696547056241976e-17,50.0,800,sintered
321801.80180180183,89.3893893893894,2.4767650193151387e-11,7.696547056241976e-17,50.0,800,sintered
322162.1621621622,89.4894894894895,2.4795385497858565e-11,7.696547056241976e-17,50.0,800,sintered
322522.52252252254,89.5895895895896,2.4823120802565743e-11,7.696547056241976e-17,50.0,800,sintered
322882.8828828829,89.6896896896897,2.485085610727292e-11,7.696547056241976e-17,50.0,800,sintered
323243.24324324325,89.7897897897898,2.48785914119801e-11,7.696547056241976e-17,50.0,800,sintered
323603.60360360367,89.8898898898899,2.490632671668728e-11,7.696547056241976e-17,50.0,800,sintered
323963.96396396396,89.98998998999,2.4934062021394455e-11,7.696547056241976e-17,50.0,800,sintered
324324.3243243244,90.0900900900901,2.4961797326101636e-11,7.696547056241976e-17,50.0,800,sintered
324684.6846846847,90.1901901901902,2.498953263080881e-11,7.696547056241976e-17,50.0,800,sintered
325045.0450450451,90.2902902902903,2.5017267935515992e-11,7.696547056241976e-17,50.0,800,sintered
325405.40540540544,90.3903903903904,2.504500324022317e-11,7.696547056241976e-17,50.0,800,sintered
325765.7657657658,90.4904904904905,2.507273854493035e-11,7.696547056241976e-17,50.0,800,sintered
326126.12612612615,90.5905905905906,2.5100473849637527e-11,7.696547056241976e-17,50.0,800,sintered
326486.4864864865,90.6906906906907,2.5128209154344705e-11,7.696547056241976e-17,50.0,800,sintered
326846.84684684686,90.7907907907908,2.5155944459051883e-11,7.696547056241976e-17,50.0,800,sintered
327207.2072072072,90.8908908908909,2.518367976375906e-11,7.696547056241976e-17,50.0,800,sintered
327567.5675675676,90.990990990991,2.521141506846624e-11,7.696547056241976e-17,50.0,800,sintered
327927.927927928,91.0910910910911,2.523915037317342e-11,7.696547056241976e-17,50.0,800,sintered
328288.2882882883,91.1911911911912,2.5266885677880592e-11,7.696547056241976e-17,50.0,800,sintered
328648.6486486487,91.2912912912913,2.5294620982587776e-11,7.696547056241976e-17,50.0,800,sintered
329009.009009009,91.3913913913914,2.5322356287294948e-11,7.696547056241976e-17,50.0,800,sintered
329369.3693693694,91.4914914914915,2.5350091592002132e-11,7.696547056241976e-17,50.0,800,sintered
329729.72972972976,91.5915915915916,2.537782689670931e-11,7.696547056241976e-17,50.0,800,sintered
330090.0900900901,91.6916916916917,2.540556220141649e-11,7.696547056241976e-17,50.0,800,sintered
330450.4504504505,91.7917917917918,2.5433297506123667e-11,7.696547056241976e-17,50.0,800,sintered
330810.8108108108,91.8918918918919,2.546103281083084e-11,7.696547056241976e-17,50.0,800,sintered
331171.1711711712,91.991991991992,2.548876811553802e-11,7.696547056241976e-17,50.0,800,sintered
331531.53153153154,92.0920920920921,2.5516503420245198e-11,7.696547056241976e-17,50.0,800,sintered
331891.8918918919,92.1921921921922,2.5544238724952376e-11,7.696547056241976e-17,50.0,800,sintered
332252.2522522523,92.2922922922923,2.557197402965956e-11,7.696547056241976e-17,50.0,800,sintered
332612.6126126126,92.3923923923924,2.5599709334366732e-11,7.696547056241976e-17,50.0,800,sintered
332972.972972973,92.4924924924925,2.5627444639073916e-11,7.696547056241976e-17,50.0,800,sintered
333333.3333333333,92.5925925925926,2.5655179943781088e-11,7.696547056241976e-17,50.0,800,sintered
333693.6936936937,92.6926926926927,2.568291524848827e-11,7.696547056241976e-17,50.0,800,sintered
334054.0540540541,92.7927927927928,2.5710650553195447e-11,7.696547056241976e-17,50.0,800,sintered
334414.41441441444,92.8928928928929,2.5738385857902625e-11,7.696547056241976e-17,50.0,800,sintered
334774.7747747748,92.992992992993,2.5766121162609803e-11,7.696547056241976e-17,50.0,800,sintered
335135.13513513515,93.0930930930931,2.579385646731698e-11,7.696547056241976e-17,50.0,800,sintered
335495.4954954955,93.1931931931932,2.582159177202416e-11,7.696547056241976e-17,50.0,800,sintered
335855.8558558559,93.2932932932933,2.584932707673134e-11,7.696547056241976e-17,50.0,800,sintered
336216.2162162162,93.3933933933934,2.5877062381438516e-11,7.696547056241976e-17,50.0,800,sintered
336576.5765765766,93.4934934934935,2.5904797686145697e-11,7.696547056241976e-17,50.0,800,sintered
336936.9369369369,93.5935935935936,2.5932532990852872e-11,7.696547056241976e-17,50.0,800,sintered
337297.29729729734,93.6936936936937,2.5960268295560053e-11,7.696547056241976e-17,50.0,800,sintered
337657.6576576577,93.7937937937938,2.598800360026723e-11,7.696547056241976e-17,50.0,800,sintered
338018.01801801805,93.8938938938939,2.601573890497441e-11,7.696547056241976e-17,50.0,800,sintered
338378.3783783784,93.993993993994,2.6043474209681587e-11,7.696547056241976e-17,50.0,800,sintered
338738.73873873876,94.0940940940941,2.6071209514388765e-11,7.696547056241976e-17,50.0,800,sintered
339099.0990990991,94.1941941941942,2.6098944819095943e-11,7.696547056241976e-17,50.0,800,sintered
339459.45945945947,94.2942942942943,2.612668012380312e-11,7.696547056241976e-17,50.0,800,sintered
339819.8198198198,94.3943943943944,2.61544154285103e-11,7.696547056241976e-17,50.0,800,sintered
340180.18018018024,94.4944944944945,2.618215073321748e-11,7.696547056241976e-17,50.0,800,sintered
340540.54054054053,94.5945945945946,2.6209886037924656e-11,7.696547056241976e-17,50.0,800,sintered
340900.90090090095,94.6946946946947,2.6237621342631837e-11,7.696547056241976e-17,50.0,800,sintered
341261.26126126124,94.7947947947948,2.6265356647339012e-11,7.696547056241976e-17,50.0,800,sintered
341621.62162162166,94.8948948948949,2.6293091952046193e-11,7.696547056241976e-17,50.0,800,sintered
341981.981981982,94.994994994995,2.632082725675337e-11,7.696547056241976e-17,50.0,800,sintered
342342.34234234237,95.0950950950951,2.634856256146055e-11,7.696547056241976e-17,50.0,800,sintered
342702.7027027027,95.1951951951952,2.6376297866167727e-11,7.696547056241976e-17,50.0,800,sintered
343063.0630630631,95.2952952952953,2.6404033170874905e-11,7.696547056241976e-17,50.0,800,sintered
343423.42342342343,95.3953953953954,2.6431768475582083e-11,7.696547056241976e-17,50.0,800,sintered
343783.7837837838,95.4954954954955,2.645950378028926e-11,7.696547056241976e-17,50.0,800,sintered
344144.14414414414,95.5955955955956,2.648723908499644e-11,7.696547056241976e-17,50.0,800,sintered
344504.50450450456,95.6956956956957,2.651497438970362e-11,7.696547056241976e-17,50.0,800,sintered
344864.86486486485,95.7957957957958,2.6542709694410795e-11,7.696547056241976e-17,50.0,800,sintered
345225.22522522527,95.8958958958959,2.6570444999117977e-11,7.696547056241976e-17,50.0,800,sintered
345585.58558558556,95.995995995996,2.6598180303825148e-11,7.696547056241976e-17,50.0,800,sintered
345945.945945946,96.0960960960961,2.6625915608532333e-11,7.696547056241976e-17,50.0,800,sintered
346306.30630630633,96.1961961961962,2.665365091323951e-11,7.696547056241976e-17,50.0,800,sintered
346666.6666666667,96.2962962962963,2.668138621794669e-11,7.696547056241976e-17,50.0,800,sintered
347027.02702702704,96.3963963963964,2.6709121522653867e-11,7.696547056241976e-17,50.0,800,sintered
347387.3873873874,96.4964964964965,2.6736856827361045e-11,7.696547056241976e-17,50.0,800,sintered
347747.74774774775,96.5965965965966,2.6764592132068223e-11,7.696547056241976e-17,50.0,800,sintered
348108.10810810816,96.6966966966967,2.6792327436775404e-11,7.696547056241976e-17,50.0,800,sintered
348468.46846846846,96.7967967967968,2.6820062741482576e-11,7.696547056241976e-17,50.0,800,sintered
348828.8288288289,96.8968968968969,2.684779804618976e-11,7.696547056241976e-17,50.0,800,sintered
349189.1891891892,96.996996996997,2.6875533350896932e-11,7.696547056241976e-17,50.0,800,sintered
349549.5495495496,97.0970970970971,2.6903268655604117e-11,7.696547056241976e-17,50.0,800,sintered
349909.90990990994,97.1971971971972,2.6931003960311295e-11,7.696547056241976e-17,50.0,800,sintered
350270.2702702703,97.2972972972973,2.6958739265018473e-11,7.696547056241976e-17,50.0,800,sintered
350630.63063063065,97.3973973973974,2.6986474569725648e-11,7.696547056241976e-17,50.0,800,sintered
350990.990990991,97.4974974974975,2.7014209874432826e-11,7.696547056241976e-17,50.0,800,sintered
351351.35135135136,97.5975975975976,2.7041945179140004e-11,7.696547056241976e-17,50.0,800,sintered
351711.7117117117,97.6976976976977,2.7069680483847182e-11,7.696547056241976e-17,50.0,800,sintered
352072.0720720721,97.7977977977978,2.709741578855436e-11,7.696547056241976e-17,50.0,800,sintered
352432.4324324325,97.8978978978979,2.7125151093261544e-11,7.696547056241976e-17,50.0,800,sintered
352792.7927927928,97.997997997998,2.7152886397968716e-11,7.696547056241976e-17,50.0,800,sintered
353153.1531531532,98.0980980980981,2.7180621702675897e-11,7.696547056241976e-17,50.0,800,sintered
353513.5135135135,98.1981981981982,2.7208357007383072e-11,7.696547056241976e-17,50.0,800,sintered
353873.8738738739,98.2982982982983,2.7236092312090253e-11,7.696547056241976e-17,50.0,800,sintered
354234.23423423426,98.3983983983984,2.726382761679743e-11,7.696547056241976e-17,50.0,800,sintered
354594.5945945946,98.4984984984985,2.729156292150461e-11,7.696547056241976e-17,50.0,800,sintered
354954.95495495497,98.5985985985986,2.7319298226211788e-11,7.696547056241976e-17,50.0,800,sintered
355315.3153153153,98.6986986986987,2.7347033530918966e-11,7.696547056241976e-17,50.0,800,sintered
355675.6756756757,98.7987987987988,2.7374768835626144e-11,7.696547056241976e-17,50.0,800,sintered
356036.03603603604,98.8988988988989,2.7402504140333322e-11,7.696547056241976e-17,50.0,800,sintered
356396.3963963964,98.998998998999,2.74302394450405e-11,7.696547056241976e-17,50.0,800,sintered
356756.7567567568,99.0990990990991,2.745797474974768e-11,7.696547056241976e-17,50.0,800,sintered
357117.1171171171,99.1991991991992,2.7485710054454856e-11,7.696547056241976e-17,50.0,800,sintered
357477.4774774775,99.2992992992993,2.7513445359162037e-11,7.696547056241976e-17,50.0,800,sintered
357837.8378378378,99.3993993993994,2.7541180663869212e-11,7.696547056241976e-17,50.0,800,sintered
358198.1981981982,99.4994994994995,2.7568915968576393e-11,7.696547056241976e-17,50.0,800,sintered
358558.5585585586,99.5995995995996,2.759665127328357e-11,7.696547056241976e-17,50.0,800,sintered
358918.91891891893,99.6996996996997,2.762438657799075e-11,7.696547056241976e-17,50.0,800,sintered
359279.2792792793,99.7997997997998,2.7652121882697928e-11,7.696547056241976e-17,50.0,800,sintered
359639.63963963964,99.8998998998999,2.7679857187405106e-11,7.696547056241976e-17,50.0,800,sintered
360000.0,100.0,2.7707592492112284e-11,7.696547056241976e-17,50.0,800,sintered
