{
  "simulation_type": "cross_slip_events",
  "method": "MD-EAM",
  "timestamp": "2025-10-04T11:54:36.622067",
  "units": {
    "time": "ps",
    "distance": "Angstrom",
    "energy": "eV",
    "stress": "MPa"
  },
  "simulations": [
    {
      "simulation_id": "cross_slip_0000",
      "temperature": 906.8800476420146,
      "applied_stress": 510.3189676763983,
      "initial_plane": [
        1,
        1,
        1
      ],
      "cross_slip_plane": [
        1,
        -1,
        1
      ],
      "screw_dislocation_length": 126.87388562895275,
      "event_details": {
        "nucleation_time": 67.22387975816966,
        "completion_time": 82.95521748218947,
        "activation_energy": 1.4270751029851483,
        "critical_stress": 577.0723244222592,
        "constriction_width": 14.04112472002778
      },
      "energy_barrier": {
        "forward_barrier": 1.4270751029851483,
        "reverse_barrier": 1.5067475926325922,
        "saddle_point_configuration": "Fleischer-type"
      },
      "success_rate": 1.1815297211455127e-08,
      "computational_details": {
        "n_atoms": 94592,
        "simulation_time": 250,
        "method": "adaptive-timestep MD"
      }
    },
    {
      "simulation_id": "cross_slip_0001",
      "temperature": 998.4941967729824,
      "applied_stress": 630.0305424001099,
      "initial_plane": [
        1,
        1,
        1
      ],
      "cross_slip_plane": [
        1,
        -1,
        1
      ],
      "screw_dislocation_length": 90.094338560687,
      "event_details": {
        "nucleation_time": 85.29467767407104,
        "completion_time": 95.00489000879124,
        "activation_energy": 0.9436664202882346,
        "critical_stress": 363.59175224704137,
        "constriction_width": 13.216795661462346
      },
      "energy_barrier": {
        "forward_barrier": 0.9436664202882346,
        "reverse_barrier": 1.0036659789234663,
        "saddle_point_configuration": "Fleischer-type"
      },
      "success_rate": 1.7330568431756138e-05,
      "computational_details": {
        "n_atoms": 86131,
        "simulation_time": 250,
        "method": "adaptive-timestep MD"
      }
    },
    {
      "simulation_id": "cross_slip_0002",
      "temperature": 877.4112032825881,
      "applied_stress": 598.5326147905708,
      "initial_plane": [
        1,
        1,
        1
      ],
      "cross_slip_plane": [
        1,
        -1,
        1
      ],
      "screw_dislocation_length": 88.14836122232458,
      "event_details": {
        "nucleation_time": 140.67454528318086,
        "completion_time": 150.88165861968542,
        "activation_energy": 0.8046009555294578,
        "critical_stress": 406.28059266986594,
        "constriction_width": 10.481959952264775
      },
      "energy_barrier": {
        "forward_barrier": 0.8046009555294578,
        "reverse_barrier": 0.8143591244950563,
        "saddle_point_configuration": "Fleischer-type"
      },
      "success_rate": 2.4001439453167906e-05,
      "computational_details": {
        "n_atoms": 92704,
        "simulation_time": 250,
        "method": "adaptive-timestep MD"
      }
    },
    {
      "simulation_id": "cross_slip_0003",
      "temperature": 723.7569392720777,
      "applied_stress": 557.7006948346547,
      "initial_plane": [
        1,
        1,
        1
      ],
      "cross_slip_plane": [
        1,
        -1,
        1
      ],
      "screw_dislocation_length": 84.07424319598042,
      "event_details": {
        "nucleation_time": 175.78730166175757,
        "completion_time": 181.56371453437774,
        "activation_energy": 1.450027919698225,
        "critical_stress": 533.7455245462702,
        "constriction_width": 8.628141295120678
      },
      "energy_barrier": {
        "forward_barrier": 1.450027919698225,
        "reverse_barrier": 1.2965235731032239,
        "saddle_point_configuration": "Fleischer-type"
      },
      "success_rate": 8.069909583272101e-11,
      "computational_details": {
        "n_atoms": 84672,
        "simulation_time": 250,
        "method": "adaptive-timestep MD"
      }
    },
    {
      "simulation_id": "cross_slip_0004",
      "temperature": 1074.0737831999324,
      "applied_stress": 670.61832080289,
      "initial_plane": [
        1,
        1,
        1
      ],
      "cross_slip_plane": [
        1,
        -1,
        1
      ],
      "screw_dislocation_length": 61.866370459675835,
      "event_details": {
        "nucleation_time": 90.7718011139688,
        "completion_time": 102.15580122998972,
        "activation_energy": 0.8081452765510141,
        "critical_stress": 484.8085147513576,
        "constriction_width": 11.748322147003012
      },
      "energy_barrier": {
        "forward_barrier": 0.8081452765510141,
        "reverse_barrier": 0.7859871728101018,
        "saddle_point_configuration": "Fleischer-type"
      },
      "success_rate": 0.00016199074558105275,
      "computational_details": {
        "n_atoms": 99888,
        "simulation_time": 250,
        "method": "adaptive-timestep MD"
      }
    },
    {
      "simulation_id": "cross_slip_0005",
      "temperature": 1139.6370350096895,
      "applied_stress": 638.7149895127457,
      "initial_plane": [
        1,
        1,
        1
      ],
      "cross_slip_plane": [
        1,
        -1,
        1
      ],
      "screw_dislocation_length": 88.80771048115412,
      "event_details": {
        "nucleation_time": 180.43238845879824,
        "completion_time": 186.42435679471754,
        "activation_energy": 1.2310006076030677,
        "critical_stress": 399.5223840851887,
        "constriction_width": 5.854011333627928
      },
      "energy_barrier": {
        "forward_barrier": 1.2310006076030677,
        "reverse_barrier": 1.3255544918581041,
        "saddle_point_configuration": "Fleischer-type"
      },
      "success_rate": 3.616656732853195e-06,
      "computational_details": {
        "n_atoms": 93999,
        "simulation_time": 250,
        "method": "adaptive-timestep MD"
      }
    },
    {
      "simulation_id": "cross_slip_0006",
      "temperature": 694.3408494191568,
      "applied_stress": 217.6365695731807,
      "initial_plane": [
        1,
        1,
        1
      ],
      "cross_slip_plane": [
        1,
        -1,
        1
      ],
      "screw_dislocation_length": 63.15223243790109,
      "event_details": {
        "nucleation_time": 83.89933951623703,
        "completion_time": 94.45576919215804,
        "activation_energy": 1.1155685445575192,
        "critical_stress": 441.7174337254263,
        "constriction_width": 8.084941863001019
      },
      "energy_barrier": {
        "forward_barrier": 1.1155685445575192,
        "reverse_barrier": 1.038919973861784,
        "saddle_point_configuration": "Fleischer-type"
      },
      "success_rate": 8.052870603481626e-09,
      "computational_details": {
        "n_atoms": 79547,
        "simulation_time": 250,
        "method": "adaptive-timestep MD"
      }
    },
    {
      "simulation_id": "cross_slip_0007",
      "temperature": 1129.5171183635218,
      "applied_stress": 374.52168430304437,
      "initial_plane": [
        1,
        1,
        1
      ],
      "cross_slip_plane": [
        1,
        -1,
        1
      ],
      "screw_dislocation_length": 69.13099887727238,
      "event_details": {
        "nucleation_time": 61.70708034659205,
        "completion_time": 79.07053914672832,
        "activation_energy": 1.273623537367263,
        "critical_stress": 555.4363165358455,
        "constriction_width": 10.89286598800326
      },
      "energy_barrier": {
        "forward_barrier": 1.273623537367263,
        "reverse_barrier": 1.1560526369530852,
        "saddle_point_configuration": "Fleischer-type"
      },
      "success_rate": 2.0866410063682865e-06,
      "computational_details": {
        "n_atoms": 55011,
        "simulation_time": 250,