,year,digital_lending_regulation_dummy,open_banking_initiative_dummy,fintech_regulatory_sandbox_dummy,bank_npl_ratio,domestic_credit_private,regulatory_quality,bank_roa,bank_zscore
count,140.0,140.0,140.0,140.0,140.0,140.0,140.0,140.0,0.0
mean,2016.5,0.2571428571428571,0.2357142857142857,0.35714285714285715,8.492642857142858,38.1697857142857,-0.40119285714285713,1.3482142857142858,
std,4.045603351148027,0.43862815197386523,0.4259684570636131,0.480877922728126,3.9140732267101663,19.118354677253535,0.42298480161189683,0.7428007157990442,
min,2010.0,0.0,0.0,0.0,0.5,5.99,-1.132,0.1,
25%,2013.0,0.0,0.0,0.0,6.1025,22.974999999999998,-0.72925,0.6975,
50%,2016.5,0.0,0.0,0.0,8.254999999999999,35.224999999999994,-0.419,1.3,
75%,2020.0,1.0,0.0,1.0,11.3475,46.37,-0.10275,1.865,
max,2023.0,1.0,1.0,1.0,16.64,85.99,0.508,3.43,
