0.000000000000000000e+00 0.000000000000000000e+00 0.000000000000000000e+00
0.000000000000000000e+00 0.000000000000000000e+00 9.579252256698883626e-04
0.000000000000000000e+00 0.000000000000000000e+00 1.915850451339776725e-03
0.000000000000000000e+00 0.000000000000000000e+00 2.709479926194905200e-02
0.000000000000000000e+00 0.000000000000000000e+00 3.612639901593206471e-02
0.000000000000000000e+00 0.000000000000000000e+00 4.515799876991508088e-02
0.000000000000000000e+00 0.000000000000000000e+00 5.418959852389810400e-02
0.000000000000000000e+00 0.000000000000000000e+00 6.322119827788111324e-02
0.000000000000000000e+00 7.977214429163098988e-03 0.000000000000000000e+00
0.000000000000000000e+00 7.977214429163098988e-03 9.579252256698883626e-04
0.000000000000000000e+00 7.977214429163098988e-03 1.915850451339776725e-03
0.000000000000000000e+00 7.521151541396761675e-02 2.709479926194905200e-02
0.000000000000000000e+00 7.521151541396761675e-02 3.612639901593206471e-02
0.000000000000000000e+00 7.521151541396761675e-02 4.515799876991508088e-02
0.000000000000000000e+00 7.521151541396761675e-02 5.418959852389810400e-02
0.000000000000000000e+00 7.521151541396761675e-02 6.322119827788111324e-02
0.000000000000000000e+00 1.595442885832619798e-02 0.000000000000000000e+00
0.000000000000000000e+00 1.595442885832619798e-02 9.579252256698883626e-04
0.000000000000000000e+00 1.595442885832619798e-02 1.915850451339776725e-03
0.000000000000000000e+00 1.504230308279352335e-01 2.709479926194905200e-02
0.000000000000000000e+00 1.504230308279352335e-01 3.612639901593206471e-02
0.000000000000000000e+00 1.504230308279352335e-01 4.515799876991508088e-02
0.000000000000000000e+00 1.504230308279352335e-01 5.418959852389810400e-02
0.000000000000000000e+00 1.504230308279352335e-01 6.322119827788111324e-02
0.000000000000000000e+00 2.393164328748929870e-02 0.000000000000000000e+00
0.000000000000000000e+00 2.393164328748929870e-02 9.579252256698883626e-04
0.000000000000000000e+00 2.393164328748929870e-02 1.915850451339776725e-03
0.000000000000000000e+00 2.256345462419028780e-01 2.709479926194905200e-02
0.000000000000000000e+00 2.256345462419028780e-01 3.612639901593206471e-02
0.000000000000000000e+00 2.256345462419028780e-01 4.515799876991508088e-02
0.000000000000000000e+00 2.256345462419028780e-01 5.418959852389810400e-02
0.000000000000000000e+00 2.256345462419028780e-01 6.322119827788111324e-02
0.000000000000000000e+00 3.190885771665239595e-02 0.000000000000000000e+00
0.000000000000000000e+00 3.190885771665239595e-02 9.579252256698883626e-04
0.000000000000000000e+00 3.190885771665239595e-02 1.915850451339776725e-03
0.000000000000000000e+00 3.008460616558704670e-01 2.709479926194905200e-02
0.000000000000000000e+00 3.008460616558704670e-01 3.612639901593206471e-02
0.000000000000000000e+00 3.008460616558704670e-01 4.515799876991508088e-02
0.000000000000000000e+00 3.008460616558704670e-01 5.418959852389810400e-02
0.000000000000000000e+00 3.008460616558704670e-01 6.322119827788111324e-02
0.000000000000000000e+00 3.988607214581549321e-02 0.000000000000000000e+00
0.000000000000000000e+00 3.988607214581549321e-02 9.579252256698883626e-04
0.000000000000000000e+00 3.988607214581549321e-02 1.915850451339776725e-03
0.000000000000000000e+00 3.760575770698381115e-01 2.709479926194905200e-02
0.000000000000000000e+00 3.760575770698381115e-01 3.612639901593206471e-02
0.000000000000000000e+00 3.760575770698381115e-01 4.515799876991508088e-02
0.000000000000000000e+00 3.760575770698381115e-01 5.418959852389810400e-02
0.000000000000000000e+00 3.760575770698381115e-01 6.322119827788111324e-02
0.000000000000000000e+00 4.786328657497859740e-02 0.000000000000000000e+00
0.000000000000000000e+00 4.786328657497859740e-02 9.579252256698883626e-04
0.000000000000000000e+00 4.786328657497859740e-02 1.915850451339776725e-03
0.000000000000000000e+00 4.512690924838057560e-01 2.709479926194905200e-02
0.000000000000000000e+00 4.512690924838057560e-01 3.612639901593206471e-02
0.000000000000000000e+00 4.512690924838057560e-01 4.515799876991508088e-02
0.000000000000000000e+00 4.512690924838057560e-01 5.418959852389810400e-02
0.000000000000000000e+00 4.512690924838057560e-01 6.322119827788111324e-02
0.000000000000000000e+00 5.584050100414169465e-02 0.000000000000000000e+00
0.000000000000000000e+00 5.584050100414169465e-02 9.579252256698883626e-04
0.000000000000000000e+00 5.584050100414169465e-02 1.915850451339776725e-03
0.000000000000000000e+00 5.264806078977734005e-01 2.709479926194905200e-02
0.000000000000000000e+00 5.264806078977734005e-01 3.612639901593206471e-02
0.000000000000000000e+00 5.264806078977734005e-01 4.515799876991508088e-02
0.000000000000000000e+00 5.264806078977734005e-01 5.418959852389810400e-02
0.000000000000000000e+00 5.264806078977734005e-01 6.322119827788111324e-02
0.000000000000000000e+00 6.381771543330479191e-02 0.000000000000000000e+00
0.000000000000000000e+00 6.381771543330479191e-02 9.579252256698883626e-04
0.000000000000000000e+00 6.381771543330479191e-02 1.915850451339776725e-03
0.000000000000000000e+00 6.016921233117409340e-01 2.709479926194905200e-02
0.000000000000000000e+00 6.016921233117409340e-01 3.612639901593206471e-02
0.000000000000000000e+00 6.016921233117409340e-01 4.515799876991508088e-02
0.000000000000000000e+00 6.016921233117409340e-01 5.418959852389810400e-02
0.000000000000000000e+00 6.016921233117409340e-01 6.322119827788111324e-02
0.000000000000000000e+00 7.179492986246789610e-02 0.000000000000000000e+00
0.000000000000000000e+00 7.179492986246789610e-02 9.579252256698883626e-04
0.000000000000000000e+00 7.179492986246789610e-02 1.915850451339776725e-03
0.000000000000000000e+00 6.769036387257085785e-01 2.709479926194905200e-02
0.000000000000000000e+00 6.769036387257085785e-01 3.612639901593206471e-02
0.000000000000000000e+00 6.769036387257085785e-01 4.515799876991508088e-02
0.000000000000000000e+00 6.769036387257085785e-01 5.418959852389810400e-02
0.000000000000000000e+00 6.769036387257085785e-01 6.322119827788111324e-02
0.000000000000000000e+00 7.977214429163098641e-02 0.000000000000000000e+00
0.000000000000000000e+00 7.977214429163098641e-02 9.579252256698883626e-04
0.000000000000000000e+00 7.977214429163098641e-02 1.915850451339776725e-03
0.000000000000000000e+00 7.521151541396762230e-01 2.709479926194905200e-02
0.000000000000000000e+00 7.521151541396762230e-01 3.612639901593206471e-02
0.000000000000000000e+00 7.521151541396762230e-01 4.515799876991508088e-02
0.000000000000000000e+00 7.521151541396762230e-01 5.418959852389810400e-02
0.000000000000000000e+00 7.521151541396762230e-01 6.322119827788111324e-02
0.000000000000000000e+00 8.774935872079409060e-02 0.000000000000000000e+00
0.000000000000000000e+00 8.774935872079409060e-02 9.579252256698883626e-04
0.000000000000000000e+00 8.774935872079409060e-02 1.915850451339776725e-03
0.000000000000000000e+00 8.273266695536437565e-01 2.709479926194905200e-02
0.000000000000000000e+00 8.273266695536437565e-01 3.612639901593206471e-02
0.000000000000000000e+00 8.273266695536437565e-01 4.515799876991508088e-02
0.000000000000000000e+00 8.273266695536437565e-01 5.418959852389810400e-02
0.000000000000000000e+00 8.273266695536437565e-01 6.322119827788111324e-02
0.000000000000000000e+00 9.572657314995719480e-02 0.000000000000000000e+00
0.000000000000000000e+00 9.572657314995719480e-02 9.579252256698883626e-04
0.000000000000000000e+00 9.572657314995719480e-02 1.915850451339776725e-03
0.000000000000000000e+00 9.025381849676115120e-01 2.709479926194905200e-02
0.000000000000000000e+00 9.025381849676115120e-01 3.612639901593206471e-02
0.000000000000000000e+00 9.025381849676115120e-01 4.515799876991508088e-02
0.000000000000000000e+00 9.025381849676115120e-01 5.418959852389810400e-02
0.000000000000000000e+00 9.025381849676115120e-01 6.322119827788111324e-02
0.000000000000000000e+00 1.037037875791202990e-01 0.000000000000000000e+00
0.000000000000000000e+00 1.037037875791202990e-01 9.579252256698883626e-04
0.000000000000000000e+00 1.037037875791202990e-01 1.915850451339776725e-03
0.000000000000000000e+00 9.777497003815791565e-01 2.709479926194905200e-02
0.000000000000000000e+00 9.777497003815791565e-01 3.612639901593206471e-02
0.000000000000000000e+00 9.777497003815791565e-01 4.515799876991508088e-02
0.000000000000000000e+00 9.777497003815791565e-01 5.418959852389810400e-02
0.000000000000000000e+00 9.777497003815791565e-01 6.322119827788111324e-02
0.000000000000000000e+00 1.116810020082833893e-01 0.000000000000000000e+00
0.000000000000000000e+00 1.116810020082833893e-01 9.579252256698883626e-04
0.000000000000000000e+00 1.116810020082833893e-01 1.915850451339776725e-03
0.000000000000000000e+00 1.052961215795546801e+00 2.709479926194905200e-02
0.000000000000000000e+00 1.052961215795546801e+00 3.612639901593206471e-02
0.000000000000000000e+00 1.052961215795546801e+00 4.515799876991508088e-02
0.000000000000000000e+00 1.052961215795546801e+00 5.418959852389810400e-02
0.000000000000000000e+00 1.052961215795546801e+00 6.322119827788111324e-02
2.813454402097177558e-03 0.000000000000000000e+00 0.000000000000000000e+00
2.813454402097177558e-03 0.000000000000000000e+00 9.579252256698883626e-04
2.813454402097177558e-03 0.000000000000000000e+00 1.915850451339776725e-03
2.652607260452275600e-02 0.000000000000000000e+00 2.709479926194905200e-02
2.652607260452275600e-02 0.000000000000000000e+00 3.612639901593206471e-02
2.652607260452275600e-02 0.000000000000000000e+00 4.515799876991508088e-02
2.652607260452275600e-02 0.000000000000000000e+00 5.418959852389810400e-02
2.652607260452275600e-02 0.000000000000000000e+00 6.322119827788111324e-02
2.813454402097177558e-03 7.977214429163098988e-03 0.000000000000000000e+00
2.813454402097177558e-03 7.977214429163098988e-03 9.579252256698883626e-04
2.813454402097177558e-03 7.977214429163098988e-03 1.915850451339776725e-03
2.652607260452275600e-02 7.521151541396761675e-02 2.709479926194905200e-02
2.652607260452275600e-02 7.521151541396761675e-02 3.612639901593206471e-02
2.652607260452275600e-02 7.521151541396761675e-02 4.515799876991508088e-02
2.652607260452275600e-02 7.521151541396761675e-02 5.418959852389810400e-02
2.652607260452275600e-02 7.521151541396761675e-02 6.322119827788111324e-02
2.813454402097177558e-03 1.595442885832619798e-02 0.000000000000000000e+00
2.813454402097177558e-03 1.595442885832619798e-02 9.579252256698883626e-04
2.813454402097177558e-03 1.595442885832619798e-02 1.915850451339776725e-03
2.652607260452275600e-02 1.504230308279352335e-01 2.709479926194905200e-02
2.652607260452275600e-02 1.504230308279352335e-01 3.612639901593206471e-02
2.652607260452275600e-02 1.504230308279352335e-01 4.515799876991508088e-02
2.652607260452275600e-02 1.504230308279352335e-01 5.418959852389810400e-02
2.652607260452275600e-02 1.504230308279352335e-01 6.322119827788111324e-02
2.813454402097177558e-03 2.393164328748929870e-02 0.000000000000000000e+00
2.813454402097177558e-03 2.393164328748929870e-02 9.579252256698883626e-04
2.813454402097177558e-03 2.393164328748929870e-02 1.915850451339776725e-03
2.652607260452275600e-02 2.256345462419028780e-01 2.709479926194905200e-02
2.652607260452275600e-02 2.256345462419028780e-01 3.612639901593206471e-02
2.652607260452275600e-02 2.256345462419028780e-01 4.515799876991508088e-02
2.652607260452275600e-02 2.256345462419028780e-01 5.418959852389810400e-02
2.652607260452275600e-02 2.256345462419028780e-01 6.322119827788111324e-02
2.813454402097177558e-03 3.190885771665239595e-02 0.000000000000000000e+00
2.813454402097177558e-03 3.190885771665239595e-02 9.579252256698883626e-04
2.813454402097177558e-03 3.190885771665239595e-02 1.915850451339776725e-03
2.652607260452275600e-02 3.008460616558704670e-01 2.709479926194905200e-02
2.652607260452275600e-02 3.008460616558704670e-01 3.612639901593206471e-02
2.652607260452275600e-02 3.008460616558704670e-01 4.515799876991508088e-02
2.652607260452275600e-02 3.008460616558704670e-01 5.418959852389810400e-02
2.652607260452275600e-02 3.008460616558704670e-01 6.322119827788111324e-02
2.813454402097177558e-03 3.988607214581549321e-02 0.000000000000000000e+00
2.813454402097177558e-03 3.988607214581549321e-02 9.579252256698883626e-04
2.813454402097177558e-03 3.988607214581549321e-02 1.915850451339776725e-03
2.652607260452275600e-02 3.760575770698381115e-01 2.709479926194905200e-02
2.652607260452275600e-02 3.760575770698381115e-01 3.612639901593206471e-02
2.652607260452275600e-02 3.760575770698381115e-01 4.515799876991508088e-02
2.652607260452275600e-02 3.760575770698381115e-01 5.418959852389810400e-02
2.652607260452275600e-02 3.760575770698381115e-01 6.322119827788111324e-02
2.813454402097177558e-03 4.786328657497859740e-02 0.000000000000000000e+00
2.813454402097177558e-03 4.786328657497859740e-02 9.579252256698883626e-04
2.813454402097177558e-03 4.786328657497859740e-02 1.915850451339776725e-03
2.652607260452275600e-02 4.512690924838057560e-01 2.709479926194905200e-02
2.652607260452275600e-02 4.512690924838057560e-01 3.612639901593206471e-02
2.652607260452275600e-02 4.512690924838057560e-01 4.515799876991508088e-02
2.652607260452275600e-02 4.512690924838057560e-01 5.418959852389810400e-02
2.652607260452275600e-02 4.512690924838057560e-01 6.322119827788111324e-02
2.813454402097177558e-03 5.584050100414169465e-02 0.000000000000000000e+00
2.813454402097177558e-03 5.584050100414169465e-02 9.579252256698883626e-04
2.813454402097177558e-03 5.584050100414169465e-02 1.915850451339776725e-03
2.652607260452275600e-02 5.264806078977734005e-01 2.709479926194905200e-02
2.652607260452275600e-02 5.264806078977734005e-01 3.612639901593206471e-02
2.652607260452275600e-02 5.264806078977734005e-01 4.515799876991508088e-02
2.652607260452275600e-02 5.264806078977734005e-01 5.418959852389810400e-02
2.652607260452275600e-02 5.264806078977734005e-01 6.322119827788111324e-02
2.813454402097177558e-03 6.381771543330479191e-02 0.000000000000000000e+00
2.813454402097177558e-03 6.381771543330479191e-02 9.579252256698883626e-04
2.813454402097177558e-03 6.381771543330479191e-02 1.915850451339776725e-03
2.652607260452275600e-02 6.016921233117409340e-01 2.709479926194905200e-02
2.652607260452275600e-02 6.016921233117409340e-01 3.612639901593206471e-02
2.652607260452275600e-02 6.016921233117409340e-01 4.515799876991508088e-02
2.652607260452275600e-02 6.016921233117409340e-01 5.418959852389810400e-02
2.652607260452275600e-02 6.016921233117409340e-01 6.322119827788111324e-02
2.813454402097177558e-03 7.179492986246789610e-02 0.000000000000000000e+00
2.813454402097177558e-03 7.179492986246789610e-02 9.579252256698883626e-04
2.813454402097177558e-03 7.179492986246789610e-02 1.915850451339776725e-03
2.652607260452275600e-02 6.769036387257085785e-01 2.709479926194905200e-02
2.652607260452275600e-02 6.769036387257085785e-01 3.612639901593206471e-02
2.652607260452275600e-02 6.769036387257085785e-01 4.515799876991508088e-02
2.652607260452275600e-02 6.769036387257085785e-01 5.418959852389810400e-02
2.652607260452275600e-02 6.769036387257085785e-01 6.322119827788111324e-02
2.813454402097177558e-03 7.977214429163098641e-02 0.000000000000000000e+00
2.813454402097177558e-03 7.977214429163098641e-02 9.579252256698883626e-04
2.813454402097177558e-03 7.977214429163098641e-02 1.915850451339776725e-03
2.652607260452275600e-02 7.521151541396762230e-01 2.709479926194905200e-02
2.652607260452275600e-02 7.521151541396762230e-01 3.612639901593206471e-02
2.652607260452275600e-02 7.521151541396762230e-01 4.515799876991508088e-02
2.652607260452275600e-02 7.521151541396762230e-01 5.418959852389810400e-02
2.652607260452275600e-02 7.521151541396762230e-01 6.322119827788111324e-02
2.813454402097177558e-03 8.774935872079409060e-02 0.000000000000000000e+00
2.813454402097177558e-03 8.774935872079409060e-02 9.579252256698883626e-04
2.813454402097177558e-03 8.774935872079409060e-02 1.915850451339776725e-03
2.652607260452275600e-02 8.273266695536437565e-01 2.709479926194905200e-02
2.652607260452275600e-02 8.273266695536437565e-01 3.612639901593206471e-02
2.652607260452275600e-02 8.273266695536437565e-01 4.515799876991508088e-02
2.652607260452275600e-02 8.273266695536437565e-01 5.418959852389810400e-02
2.652607260452275600e-02 8.273266695536437565e-01 6.322119827788111324e-02
2.813454402097177558e-03 9.572657314995719480e-02 0.000000000000000000e+00
2.813454402097177558e-03 9.572657314995719480e-02 9.579252256698883626e-04
2.813454402097177558e-03 9.572657314995719480e-02 1.915850451339776725e-03
2.652607260452275600e-02 9.025381849676115120e-01 2.709479926194905200e-02
2.652607260452275600e-02 9.025381849676115120e-01 3.612639901593206471e-02
2.652607260452275600e-02 9.025381849676115120e-01 4.515799876991508088e-02
2.652607260452275600e-02 9.025381849676115120e-01 5.418959852389810400e-02
2.652607260452275600e-02 9.025381849676115120e-01 6.322119827788111324e-02
2.813454402097177558e-03 1.037037875791202990e-01 0.000000000000000000e+00
2.813454402097177558e-03 1.037037875791202990e-01 9.579252256698883626e-04
2.813454402097177558e-03 1.037037875791202990e-01 1.915850451339776725e-03
2.652607260452275600e-02 9.777497003815791565e-01 2.709479926194905200e-02
2.652607260452275600e-02 9.777497003815791565e-01 3.612639901593206471e-02
2.652607260452275600e-02 9.777497003815791565e-01 4.515799876991508088e-02
2.652607260452275600e-02 9.777497003815791565e-01 5.418959852389810400e-02
2.652607260452275600e-02 9.777497003815791565e-01 6.322119827788111324e-02
2.813454402097177558e-03 1.116810020082833893e-01 0.000000000000000000e+00
2.813454402097177558e-03 1.116810020082833893e-01 9.579252256698883626e-04
2.813454402097177558e-03 1.116810020082833893e-01 1.915850451339776725e-03
2.652607260452275600e-02 1.052961215795546801e+00 2.709479926194905200e-02
2.652607260452275600e-02 1.052961215795546801e+00 3.612639901593206471e-02
2.652607260452275600e-02 1.052961215795546801e+00 4.515799876991508088e-02
2.652607260452275600e-02 1.052961215795546801e+00 5.418959852389810400e-02
2.652607260452275600e-02 1.052961215795546801e+00 6.322119827788111324e-02
5.626908804194355115e-03 0.000000000000000000e+00 0.000000000000000000e+00
5.626908804194355115e-03 0.000000000000000000e+00 9.579252256698883626e-04
5.626908804194355115e-03 0.000000000000000000e+00 1.915850451339776725e-03
5.305214520904551201e-02 0.000000000000000000e+00 2.709479926194905200e-02
5.305214520904551201e-02 0.000000000000000000e+00 3.612639901593206471e-02
5.305214520904551201e-02 0.000000000000000000e+00 4.515799876991508088e-02
5.305214520904551201e-02 0.000000000000000000e+00 5.418959852389810400e-02
5.305214520904551201e-02 0.000000000000000000e+00 6.322119827788111324e-02
5.626908804194355115e-03 7.977214429163098988e-03 0.000000000000000000e+00
5.626908804194355115e-03 7.977214429163098988e-03 9.579252256698883626e-04
5.626908804194355115e-03 7.977214429163098988e-03 1.915850451339776725e-03
5.305214520904551201e-02 7.521151541396761675e-02 2.709479926194905200e-02
5.305214520904551201e-02 7.521151541396761675e-02 3.612639901593206471e-02
5.305214520904551201e-02 7.521151541396761675e-02 4.515799876991508088e-02
5.305214520904551201e-02 7.521151541396761675e-02 5.418959852389810400e-02
5.305214520904551201e-02 7.521151541396761675e-02 6.322119827788111324e-02
5.626908804194355115e-03 1.595442885832619798e-02 0.000000000000000000e+00
5.626908804194355115e-03 1.595442885832619798e-02 9.579252256698883626e-04
5.626908804194355115e-03 1.595442885832619798e-02 1.915850451339776725e-03
5.305214520904551201e-02 1.504230308279352335e-01 2.709479926194905200e-02
5.305214520904551201e-02 1.504230308279352335e-01 3.612639901593206471e-02
5.305214520904551201e-02 1.504230308279352335e-01 4.515799876991508088e-02
5.305214520904551201e-02 1.504230308279352335e-01 5.418959852389810400e-02
5.305214520904551201e-02 1.504230308279352335e-01 6.322119827788111324e-02
5.626908804194355115e-03 2.393164328748929870e-02 0.000000000000000000e+00
5.626908804194355115e-03 2.393164328748929870e-02 9.579252256698883626e-04
5.626908804194355115e-03 2.393164328748929870e-02 1.915850451339776725e-03
5.305214520904551201e-02 2.256345462419028780e-01 2.709479926194905200e-02
5.305214520904551201e-02 2.256345462419028780e-01 3.612639901593206471e-02
5.305214520904551201e-02 2.256345462419028780e-01 4.515799876991508088e-02
5.305214520904551201e-02 2.256345462419028780e-01 5.418959852389810400e-02
5.305214520904551201e-02 2.256345462419028780e-01 6.322119827788111324e-02
5.626908804194355115e-03 3.190885771665239595e-02 0.000000000000000000e+00
5.626908804194355115e-03 3.190885771665239595e-02 9.579252256698883626e-04
5.626908804194355115e-03 3.190885771665239595e-02 1.915850451339776725e-03
5.305214520904551201e-02 3.008460616558704670e-01 2.709479926194905200e-02
5.305214520904551201e-02 3.008460616558704670e-01 3.612639901593206471e-02
5.305214520904551201e-02 3.008460616558704670e-01 4.515799876991508088e-02
5.305214520904551201e-02 3.008460616558704670e-01 5.418959852389810400e-02
5.305214520904551201e-02 3.008460616558704670e-01 6.322119827788111324e-02
5.626908804194355115e-03 3.988607214581549321e-02 0.000000000000000000e+00
5.626908804194355115e-03 3.988607214581549321e-02 9.579252256698883626e-04
5.626908804194355115e-03 3.988607214581549321e-02 1.915850451339776725e-03
5.305214520904551201e-02 3.760575770698381115e-01 2.709479926194905200e-02
5.305214520904551201e-02 3.760575770698381115e-01 3.612639901593206471e-02
5.305214520904551201e-02 3.760575770698381115e-01 4.515799876991508088e-02
5.305214520904551201e-02 3.760575770698381115e-01 5.418959852389810400e-02
5.305214520904551201e-02 3.760575770698381115e-01 6.322119827788111324e-02
5.626908804194355115e-03 4.786328657497859740e-02 0.000000000000000000e+00
5.626908804194355115e-03 4.786328657497859740e-02 9.579252256698883626e-04
5.626908804194355115e-03 4.786328657497859740e-02 1.915850451339776725e-03
5.305214520904551201e-02 4.512690924838057560e-01 2.709479926194905200e-02
5.305214520904551201e-02 4.512690924838057560e-01 3.612639901593206471e-02
5.305214520904551201e-02 4.512690924838057560e-01 4.515799876991508088e-02
5.305214520904551201e-02 4.512690924838057560e-01 5.418959852389810400e-02
5.305214520904551201e-02 4.512690924838057560e-01 6.322119827788111324e-02
5.626908804194355115e-03 5.584050100414169465e-02 0.000000000000000000e+00
5.626908804194355115e-03 5.584050100414169465e-02 9.579252256698883626e-04
5.626908804194355115e-03 5.584050100414169465e-02 1.915850451339776725e-03
5.305214520904551201e-02 5.264806078977734005e-01 2.709479926194905200e-02
5.305214520904551201e-02 5.264806078977734005e-01 3.612639901593206471e-02
5.305214520904551201e-02 5.264806078977734005e-01 4.515799876991508088e-02
5.305214520904551201e-02 5.264806078977734005e-01 5.418959852389810400e-02
5.305214520904551201e-02 5.264806078977734005e-01 6.322119827788111324e-02
5.626908804194355115e-03 6.381771543330479191e-02 0.000000000000000000e+00
5.626908804194355115e-03 6.381771543330479191e-02 9.579252256698883626e-04
5.626908804194355115e-03 6.381771543330479191e-02 1.915850451339776725e-03
5.305214520904551201e-02 6.016921233117409340e-01 2.709479926194905200e-02
5.305214520904551201e-02 6.016921233117409340e-01 3.612639901593206471e-02
5.305214520904551201e-02 6.016921233117409340e-01 4.515799876991508088e-02
5.305214520904551201e-02 6.016921233117409340e-01 5.418959852389810400e-02
5.305214520904551201e-02 6.016921233117409340e-01 6.322119827788111324e-02
5.626908804194355115e-03 7.179492986246789610e-02 0.000000000000000000e+00
5.626908804194355115e-03 7.179492986246789610e-02 9.579252256698883626e-04
5.626908804194355115e-03 7.179492986246789610e-02 1.915850451339776725e-03
5.305214520904551201e-02 6.769036387257085785e-01 2.709479926194905200e-02
5.305214520904551201e-02 6.769036387257085785e-01 3.612639901593206471e-02
5.305214520904551201e-02 6.769036387257085785e-01 4.515799876991508088e-02
5.305214520904551201e-02 6.769036387257085785e-01 5.418959852389810400e-02
5.305214520904551201e-02 6.769036387257085785e-01 6.322119827788111324e-02
5.626908804194355115e-03 7.977214429163098641e-02 0.000000000000000000e+00
5.626908804194355115e-03 7.977214429163098641e-02 9.579252256698883626e-04
5.626908804194355115e-03 7.977214429163098641e-02 1.915850451339776725e-03
5.305214520904551201e-02 7.521151541396762230e-01 2.709479926194905200e-02
5.305214520904551201e-02 7.521151541396762230e-01 3.612639901593206471e-02
5.305214520904551201e-02 7.521151541396762230e-01 4.515799876991508088e-02
5.305214520904551201e-02 7.521151541396762230e-01 5.418959852389810400e-02
5.305214520904551201e-02 7.521151541396762230e-01 6.322119827788111324e-02
5.626908804194355115e-03 8.774935872079409060e-02 0.000000000000000000e+00
5.626908804194355115e-03 8.774935872079409060e-02 9.579252256698883626e-04
5.626908804194355115e-03 8.774935872079409060e-02 1.915850451339776725e-03
5.305214520904551201e-02 8.273266695536437565e-01 2.709479926194905200e-02
5.305214520904551201e-02 8.273266695536437565e-01 3.612639901593206471e-02
5.305214520904551201e-02 8.273266695536437565e-01 4.515799876991508088e-02
5.305214520904551201e-02 8.273266695536437565e-01 5.418959852389810400e-02
5.305214520904551201e-02 8.273266695536437565e-01 6.322119827788111324e-02
5.626908804194355115e-03 9.572657314995719480e-02 0.000000000000000000e+00
5.626908804194355115e-03 9.572657314995719480e-02 9.579252256698883626e-04
5.626908804194355115e-03 9.572657314995719480e-02 1.915850451339776725e-03
5.305214520904551201e-02 9.025381849676115120e-01 2.709479926194905200e-02
5.305214520904551201e-02 9.025381849676115120e-01 3.612639901593206471e-02
5.305214520904551201e-02 9.025381849676115120e-01 4.515799876991508088e-02
5.305214520904551201e-02 9.025381849676115120e-01 5.418959852389810400e-02
5.305214520904551201e-02 9.025381849676115120e-01 6.322119827788111324e-02
5.626908804194355115e-03 1.037037875791202990e-01 0.000000000000000000e+00
5.626908804194355115e-03 1.037037875791202990e-01 9.579252256698883626e-04
5.626908804194355115e-03 1.037037875791202990e-01 1.915850451339776725e-03
5.305214520904551201e-02 9.777497003815791565e-01 2.709479926194905200e-02
5.305214520904551201e-02 9.777497003815791565e-01 3.612639901593206471e-02
5.305214520904551201e-02 9.777497003815791565e-01 4.515799876991508088e-02
5.305214520904551201e-02 9.777497003815791565e-01 5.418959852389810400e-02
5.305214520904551201e-02 9.777497003815791565e-01 6.322119827788111324e-02
5.626908804194355115e-03 1.116810020082833893e-01 0.000000000000000000e+00
5.626908804194355115e-03 1.116810020082833893e-01 9.579252256698883626e-04
5.626908804194355115e-03 1.116810020082833893e-01 1.915850451339776725e-03
5.305214520904551201e-02 1.052961215795546801e+00 2.709479926194905200e-02
5.305214520904551201e-02 1.052961215795546801e+00 3.612639901593206471e-02
5.305214520904551201e-02 1.052961215795546801e+00 4.515799876991508088e-02
5.305214520904551201e-02 1.052961215795546801e+00 5.418959852389810400e-02
5.305214520904551201e-02 1.052961215795546801e+00 6.322119827788111324e-02
8.440363206291533540e-03 0.000000000000000000e+00 0.000000000000000000e+00
8.440363206291533540e-03 0.000000000000000000e+00 9.579252256698883626e-04
8.440363206291533540e-03 0.000000000000000000e+00 1.915850451339776725e-03
7.957821781356827495e-02 0.000000000000000000e+00 2.709479926194905200e-02
7.957821781356827495e-02 0.000000000000000000e+00 3.612639901593206471e-02
7.957821781356827495e-02 0.000000000000000000e+00 4.515799876991508088e-02
7.957821781356827495e-02 0.000000000000000000e+00 5.418959852389810400e-02
7.957821781356827495e-02 0.000000000000000000e+00 6.322119827788111324e-02
8.440363206291533540e-03 7.977214429163098988e-03 0.000000000000000000e+00
8.440363206291533540e-03 7.977214429163098988e-03 9.579252256698883626e-04
8.440363206291533540e-03 7.977214429163098988e-03 1.915850451339776725e-03
7.957821781356827495e-02 7.521151541396761675e-02 2.709479926194905200e-02
7.957821781356827495e-02 7.521151541396761675e-02 3.612639901593206471e-02
7.957821781356827495e-02 7.521151541396761675e-02 4.515799876991508088e-02
7.957821781356827495e-02 7.521151541396761675e-02 5.418959852389810400e-02
7.957821781356827495e-02 7.521151541396761675e-02 6.322119827788111324e-02
8.440363206291533540e-03 1.595442885832619798e-02 0.000000000000000000e+00
8.440363206291533540e-03 1.595442885832619798e-02 9.579252256698883626e-04
8.440363206291533540e-03 1.595442885832619798e-02 1.915850451339776725e-03
7.957821781356827495e-02 1.504230308279352335e-01 2.709479926194905200e-02
7.957821781356827495e-02 1.504230308279352335e-01 3.612639901593206471e-02
7.957821781356827495e-02 1.504230308279352335e-01 4.515799876991508088e-02
7.957821781356827495e-02 1.504230308279352335e-01 5.418959852389810400e-02
7.957821781356827495e-02 1.504230308279352335e-01 6.322119827788111324e-02
8.440363206291533540e-03 2.393164328748929870e-02 0.000000000000000000e+00
8.440363206291533540e-03 2.393164328748929870e-02 9.579252256698883626e-04
8.440363206291533540e-03 2.393164328748929870e-02 1.915850451339776725e-03
7.957821781356827495e-02 2.256345462419028780e-01 2.709479926194905200e-02
7.957821781356827495e-02 2.256345462419028780e-01 3.612639901593206471e-02
7.957821781356827495e-02 2.256345462419028780e-01 4.515799876991508088e-02
7.957821781356827495e-02 2.256345462419028780e-01 5.418959852389810400e-02
7.957821781356827495e-02 2.256345462419028780e-01 6.322119827788111324e-02
8.440363206291533540e-03 3.190885771665239595e-02 0.000000000000000000e+00
8.440363206291533540e-03 3.190885771665239595e-02 9.579252256698883626e-04
8.440363206291533540e-03 3.190885771665239595e-02 1.915850451339776725e-03
7.957821781356827495e-02 3.008460616558704670e-01 2.709479926194905200e-02
7.957821781356827495e-02 3.008460616558704670e-01 3.612639901593206471e-02
7.957821781356827495e-02 3.008460616558704670e-01 4.515799876991508088e-02
7.957821781356827495e-02 3.008460616558704670e-01 5.418959852389810400e-02
7.957821781356827495e-02 3.008460616558704670e-01 6.322119827788111324e-02
8.440363206291533540e-03 3.988607214581549321e-02 0.000000000000000000e+00
8.440363206291533540e-03 3.988607214581549321e-02 9.579252256698883626e-04
8.440363206291533540e-03 3.988607214581549321e-02 1.915850451339776725e-03
7.957821781356827495e-02 3.760575770698381115e-01 2.709479926194905200e-02
7.957821781356827495e-02 3.760575770698381115e-01 3.612639901593206471e-02
7.957821781356827495e-02 3.760575770698381115e-01 4.515799876991508088e-02
7.957821781356827495e-02 3.760575770698381115e-01 5.418959852389810400e-02
7.957821781356827495e-02 3.760575770698381115e-01 6.322119827788111324e-02
8.440363206291533540e-03 4.786328657497859740e-02 0.000000000000000000e+00
8.440363206291533540e-03 4.786328657497859740e-02 9.579252256698883626e-04
8.440363206291533540e-03 4.786328657497859740e-02 1.915850451339776725e-03
7.957821781356827495e-02 4.512690924838057560e-01 2.709479926194905200e-02
7.957821781356827495e-02 4.512690924838057560e-01 3.612639901593206471e-02
7.957821781356827495e-02 4.512690924838057560e-01 4.515799876991508088e-02
7.957821781356827495e-02 4.512690924838057560e-01 5.418959852389810400e-02
7.957821781356827495e-02 4.512690924838057560e-01 6.322119827788111324e-02
8.440363206291533540e-03 5.584050100414169465e-02 0.000000000000000000e+00
8.440363206291533540e-03 5.584050100414169465e-02 9.579252256698883626e-04
8.440363206291533540e-03 5.584050100414169465e-02 1.915850451339776725e-03
7.957821781356827495e-02 5.264806078977734005e-01 2.709479926194905200e-02
7.957821781356827495e-02 5.264806078977734005e-01 3.612639901593206471e-02
7.957821781356827495e-02 5.264806078977734005e-01 4.515799876991508088e-02
7.957821781356827495e-02 5.264806078977734005e-01 5.418959852389810400e-02
7.957821781356827495e-02 5.264806078977734005e-01 6.322119827788111324e-02
8.440363206291533540e-03 6.381771543330479191e-02 0.000000000000000000e+00
8.440363206291533540e-03 6.381771543330479191e-02 9.579252256698883626e-04
8.440363206291533540e-03 6.381771543330479191e-02 1.915850451339776725e-03
7.957821781356827495e-02 6.016921233117409340e-01 2.709479926194905200e-02
7.957821781356827495e-02 6.016921233117409340e-01 3.612639901593206471e-02
7.957821781356827495e-02 6.016921233117409340e-01 4.515799876991508088e-02
7.957821781356827495e-02 6.016921233117409340e-01 5.418959852389810400e-02
7.957821781356827495e-02 6.016921233117409340e-01 6.322119827788111324e-02
8.440363206291533540e-03 7.179492986246789610e-02 0.000000000000000000e+00
8.440363206291533540e-03 7.179492986246789610e-02 9.579252256698883626e-04
8.440363206291533540e-03 7.179492986246789610e-02 1.915850451339776725e-03
7.957821781356827495e-02 6.769036387257085785e-01 2.709479926194905200e-02
7.957821781356827495e-02 6.769036387257085785e-01 3.612639901593206471e-02
7.957821781356827495e-02 6.769036387257085785e-01 4.515799876991508088e-02
7.957821781356827495e-02 6.769036387257085785e-01 5.418959852389810400e-02
7.957821781356827495e-02 6.769036387257085785e-01 6.322119827788111324e-02
8.440363206291533540e-03 7.977214429163098641e-02 0.000000000000000000e+00
8.440363206291533540e-03 7.977214429163098641e-02 9.579252256698883626e-04
8.440363206291533540e-03 7.977214429163098641e-02 1.915850451339776725e-03
7.957821781356827495e-02 7.521151541396762230e-01 2.709479926194905200e-02
7.957821781356827495e-02 7.521151541396762230e-01 3.612639901593206471e-02
7.957821781356827495e-02 7.521151541396762230e-01 4.515799876991508088e-02
7.957821781356827495e-02 7.521151541396762230e-01 5.418959852389810400e-02
7.957821781356827495e-02 7.521151541396762230e-01 6.322119827788111324e-02
8.440363206291533540e-03 8.774935872079409060e-02 0.000000000000000000e+00
8.440363206291533540e-03 8.774935872079409060e-02 9.579252256698883626e-04
8.440363206291533540e-03 8.774935872079409060e-02 1.915850451339776725e-03
7.957821781356827495e-02 8.273266695536437565e-01 2.709479926194905200e-02
7.957821781356827495e-02 8.273266695536437565e-01 3.612639901593206471e-02
7.957821781356827495e-02 8.273266695536437565e-01 4.515799876991508088e-02
7.957821781356827495e-02 8.273266695536437565e-01 5.418959852389810400e-02
7.957821781356827495e-02 8.273266695536437565e-01 6.322119827788111324e-02
8.440363206291533540e-03 9.572657314995719480e-02 0.000000000000000000e+00
8.440363206291533540e-03 9.572657314995719480e-02 9.579252256698883626e-04
8.440363206291533540e-03 9.572657314995719480e-02 1.915850451339776725e-03
7.957821781356827495e-02 9.025381849676115120e-01 2.709479926194905200e-02
7.957821781356827495e-02 9.025381849676115120e-01 3.612639901593206471e-02
7.957821781356827495e-02 9.025381849676115120e-01 4.515799876991508088e-02
7.957821781356827495e-02 9.025381849676115120e-01 5.418959852389810400e-02
7.957821781356827495e-02 9.025381849676115120e-01 6.322119827788111324e-02
8.440363206291533540e-03 1.037037875791202990e-01 0.000000000000000000e+00
8.440363206291533540e-03 1.037037875791202990e-01 9.579252256698883626e-04
8.440363206291533540e-03 1.037037875791202990e-01 1.915850451339776725e-03
7.957821781356827495e-02 9.777497003815791565e-01 2.709479926194905200e-02
7.957821781356827495e-02 9.777497003815791565e-01 3.612639901593206471e-02
7.957821781356827495e-02 9.777497003815791565e-01 4.515799876991508088e-02
7.957821781356827495e-02 9.777497003815791565e-01 5.418959852389810400e-02
7.957821781356827495e-02 9.777497003815791565e-01 6.322119827788111324e-02
8.440363206291533540e-03 1.116810020082833893e-01 0.000000000000000000e+00
8.440363206291533540e-03 1.116810020082833893e-01 9.579252256698883626e-04
8.440363206291533540e-03 1.116810020082833893e-01 1.915850451339776725e-03
7.957821781356827495e-02 1.052961215795546801e+00 2.709479926194905200e-02
7.957821781356827495e-02 1.052961215795546801e+00 3.612639901593206471e-02
7.957821781356827495e-02 1.052961215795546801e+00 4.515799876991508088e-02
7.957821781356827495e-02 1.052961215795546801e+00 5.418959852389810400e-02
7.957821781356827495e-02 1.052961215795546801e+00 6.322119827788111324e-02
1.125381760838871023e-02 0.000000000000000000e+00 0.000000000000000000e+00
1.125381760838871023e-02 0.000000000000000000e+00 9.579252256698883626e-04
1.125381760838871023e-02 0.000000000000000000e+00 1.915850451339776725e-03
1.061042904180910240e-01 0.000000000000000000e+00 2.709479926194905200e-02
1.061042904180910240e-01 0.000000000000000000e+00 3.612639901593206471e-02
1.061042904180910240e-01 0.000000000000000000e+00 4.515799876991508088e-02
1.061042904180910240e-01 0.000000000000000000e+00 5.418959852389810400e-02
1.061042904180910240e-01 0.000000000000000000e+00 6.322119827788111324e-02
1.125381760838871023e-02 7.977214429163098988e-03 0.000000000000000000e+00
1.125381760838871023e-02 7.977214429163098988e-03 9.579252256698883626e-04
1.125381760838871023e-02 7.977214429163098988e-03 1.915850451339776725e-03
1.061042904180910240e-01 7.521151541396761675e-02 2.709479926194905200e-02
1.061042904180910240e-01 7.521151541396761675e-02 3.612639901593206471e-02
1.061042904180910240e-01 7.521151541396761675e-02 4.515799876991508088e-02
1.061042904180910240e-01 7.521151541396761675e-02 5.418959852389810400e-02
1.061042904180910240e-01 7.521151541396761675e-02 6.322119827788111324e-02
1.125381760838871023e-02 1.595442885832619798e-02 0.000000000000000000e+00
1.125381760838871023e-02 1.595442885832619798e-02 9.579252256698883626e-04
1.125381760838871023e-02 1.595442885832619798e-02 1.915850451339776725e-03
1.061042904180910240e-01 1.504230308279352335e-01 2.709479926194905200e-02
1.061042904180910240e-01 1.504230308279352335e-01 3.612639901593206471e-02
1.061042904180910240e-01 1.504230308279352335e-01 4.515799876991508088e-02
1.061042904180910240e-01 1.504230308279352335e-01 5.418959852389810400e-02
1.061042904180910240e-01 1.504230308279352335e-01 6.322119827788111324e-02
1.125381760838871023e-02 2.393164328748929870e-02 0.000000000000000000e+00
1.125381760838871023e-02 2.393164328748929870e-02 9.579252256698883626e-04
1.125381760838871023e-02 2.393164328748929870e-02 1.915850451339776725e-03
1.061042904180910240e-01 2.256345462419028780e-01 2.709479926194905200e-02
1.061042904180910240e-01 2.256345462419028780e-01 3.612639901593206471e-02
1.061042904180910240e-01 2.256345462419028780e-01 4.515799876991508088e-02
1.061042904180910240e-01 2.256345462419028780e-01 5.418959852389810400e-02
1.061042904180910240e-01 2.256345462419028780e-01 6.322119827788111324e-02
1.125381760838871023e-02 3.190885771665239595e-02 0.000000000000000000e+00
1.125381760838871023e-02 3.190885771665239595e-02 9.579252256698883626e-04
1.125381760838871023e-02 3.190885771665239595e-02 1.915850451339776725e-03
1.061042904180910240e-01 3.008460616558704670e-01 2.709479926194905200e-02
1.061042904180910240e-01 3.008460616558704670e-01 3.612639901593206471e-02
1.061042904180910240e-01 3.008460616558704670e-01 4.515799876991508088e-02
1.061042904180910240e-01 3.008460616558704670e-01 5.418959852389810400e-02
1.061042904180910240e-01 3.008460616558704670e-01 6.322119827788111324e-02
1.125381760838871023e-02 3.988607214581549321e-02 0.000000000000000000e+00
1.125381760838871023e-02 3.988607214581549321e-02 9.579252256698883626e-04
1.125381760838871023e-02 3.988607214581549321e-02 1.915850451339776725e-03
1.061042904180910240e-01 3.760575770698381115e-01 2.709479926194905200e-02
1.061042904180910240e-01 3.760575770698381115e-01 3.612639901593206471e-02
1.061042904180910240e-01 3.760575770698381115e-01 4.515799876991508088e-02
1.061042904180910240e-01 3.760575770698381115e-01 5.418959852389810400e-02
1.061042904180910240e-01 3.760575770698381115e-01 6.322119827788111324e-02
1.125381760838871023e-02 4.786328657497859740e-02 0.000000000000000000e+00
1.125381760838871023e-02 4.786328657497859740e-02 9.579252256698883626e-04
1.125381760838871023e-02 4.786328657497859740e-02 1.915850451339776725e-03
1.061042904180910240e-01 4.512690924838057560e-01 2.709479926194905200e-02
1.061042904180910240e-01 4.512690924838057560e-01 3.612639901593206471e-02
1.061042904180910240e-01 4.512690924838057560e-01 4.515799876991508088e-02
1.061042904180910240e-01 4.512690924838057560e-01 5.418959852389810400e-02
1.061042904180910240e-01 4.512690924838057560e-01 6.322119827788111324e-02
1.125381760838871023e-02 5.584050100414169465e-02 0.000000000000000000e+00
1.125381760838871023e-02 5.584050100414169465e-02 9.579252256698883626e-04
1.125381760838871023e-02 5.584050100414169465e-02 1.915850451339776725e-03
1.061042904180910240e-01 5.264806078977734005e-01 2.709479926194905200e-02
1.061042904180910240e-01 5.264806078977734005e-01 3.612639901593206471e-02
1.061042904180910240e-01 5.264806078977734005e-01 4.515799876991508088e-02
1.061042904180910240e-01 5.264806078977734005e-01 5.418959852389810400e-02
1.061042904180910240e-01 5.264806078977734005e-01 6.322119827788111324e-02
1.125381760838871023e-02 6.381771543330479191e-02 0.000000000000000000e+00
1.125381760838871023e-02 6.381771543330479191e-02 9.579252256698883626e-04
1.125381760838871023e-02 6.381771543330479191e-02 1.915850451339776725e-03
1.061042904180910240e-01 6.016921233117409340e-01 2.709479926194905200e-02
1.061042904180910240e-01 6.016921233117409340e-01 3.612639901593206471e-02
1.061042904180910240e-01 6.016921233117409340e-01 4.515799876991508088e-02
1.061042904180910240e-01 6.016921233117409340e-01 5.418959852389810400e-02
1.061042904180910240e-01 6.016921233117409340e-01 6.322119827788111324e-02
1.125381760838871023e-02 7.179492986246789610e-02 0.000000000000000000e+00
1.125381760838871023e-02 7.179492986246789610e-02 9.579252256698883626e-04
1.125381760838871023e-02 7.179492986246789610e-02 1.915850451339776725e-03
1.061042904180910240e-01 6.769036387257085785e-01 2.709479926194905200e-02
1.061042904180910240e-01 6.769036387257085785e-01 3.612639901593206471e-02
1.061042904180910240e-01 6.769036387257085785e-01 4.515799876991508088e-02
1.061042904180910240e-01 6.769036387257085785e-01 5.418959852389810400e-02
1.061042904180910240e-01 6.769036387257085785e-01 6.322119827788111324e-02
1.125381760838871023e-02 7.977214429163098641e-02 0.000000000000000000e+00
1.125381760838871023e-02 7.977214429163098641e-02 9.579252256698883626e-04
1.125381760838871023e-02 7.977214429163098641e-02 1.915850451339776725e-03
1.061042904180910240e-01 7.521151541396762230e-01 2.709479926194905200e-02
1.061042904180910240e-01 7.521151541396762230e-01 3.612639901593206471e-02
1.061042904180910240e-01 7.521151541396762230e-01 4.515799876991508088e-02
1.061042904180910240e-01 7.521151541396762230e-01 5.418959852389810400e-02
1.061042904180910240e-01 7.521151541396762230e-01 6.322119827788111324e-02
1.125381760838871023e-02 8.774935872079409060e-02 0.000000000000000000e+00
1.125381760838871023e-02 8.774935872079409060e-02 9.579252256698883626e-04
1.125381760838871023e-02 8.774935872079409060e-02 1.915850451339776725e-03
1.061042904180910240e-01 8.273266695536437565e-01 2.709479926194905200e-02
1.061042904180910240e-01 8.273266695536437565e-01 3.612639901593206471e-02
1.061042904180910240e-01 8.273266695536437565e-01 4.515799876991508088e-02
1.061042904180910240e-01 8.273266695536437565e-01 5.418959852389810400e-02
1.061042904180910240e-01 8.273266695536437565e-01 6.322119827788111324e-02
1.125381760838871023e-02 9.572657314995719480e-02 0.000000000000000000e+00
1.125381760838871023e-02 9.572657314995719480e-02 9.579252256698883626e-04
1.125381760838871023e-02 9.572657314995719480e-02 1.915850451339776725e-03
1.061042904180910240e-01 9.025381849676115120e-01 2.709479926194905200e-02
1.061042904180910240e-01 9.025381849676115120e-01 3.612639901593206471e-02
1.061042904180910240e-01 9.025381849676115120e-01 4.515799876991508088e-02
1.061042904180910240e-01 9.025381849676115120e-01 5.418959852389810400e-02
1.061042904180910240e-01 9.025381849676115120e-01 6.322119827788111324e-02
1.125381760838871023e-02 1.037037875791202990e-01 0.000000000000000000e+00
1.125381760838871023e-02 1.037037875791202990e-01 9.579252256698883626e-04
1.125381760838871023e-02 1.037037875791202990e-01 1.915850451339776725e-03
1.061042904180910240e-01 9.777497003815791565e-01 2.709479926194905200e-02
1.061042904180910240e-01 9.777497003815791565e-01 3.612639901593206471e-02
1.061042904180910240e-01 9.777497003815791565e-01 4.515799876991508088e-02
1.061042904180910240e-01 9.777497003815791565e-01 5.418959852389810400e-02
1.061042904180910240e-01 9.777497003815791565e-01 6.322119827788111324e-02
1.125381760838871023e-02 1.116810020082833893e-01 0.000000000000000000e+00
1.125381760838871023e-02 1.116810020082833893e-01 9.579252256698883626e-04
1.125381760838871023e-02 1.116810020082833893e-01 1.915850451339776725e-03
1.061042904180910240e-01 1.052961215795546801e+00 2.709479926194905200e-02
1.061042904180910240e-01 1.052961215795546801e+00 3.612639901593206471e-02
1.061042904180910240e-01 1.052961215795546801e+00 4.515799876991508088e-02
1.061042904180910240e-01 1.052961215795546801e+00 5.418959852389810400e-02
1.061042904180910240e-01 1.052961215795546801e+00 6.322119827788111324e-02
1.406727201048588866e-02 0.000000000000000000e+00 0.000000000000000000e+00
1.406727201048588866e-02 0.000000000000000000e+00 9.579252256698883626e-04
1.406727201048588866e-02 0.000000000000000000e+00 1.915850451339776725e-03
1.326303630226137731e-01 0.000000000000000000e+00 2.709479926194905200e-02
1.326303630226137731e-01 0.000000000000000000e+00 3.612639901593206471e-02
1.326303630226137731e-01 0.000000000000000000e+00 4.515799876991508088e-02
1.326303630226137731e-01 0.000000000000000000e+00 5.418959852389810400e-02
1.326303630226137731e-01 0.000000000000000000e+00 6.322119827788111324e-02
1.406727201048588866e-02 7.977214429163098988e-03 0.000000000000000000e+00
1.406727201048588866e-02 7.977214429163098988e-03 9.579252256698883626e-04
1.406727201048588866e-02 7.977214429163098988e-03 1.915850451339776725e-03
1.326303630226137731e-01 7.521151541396761675e-02 2.709479926194905200e-02
1.326303630226137731e-01 7.521151541396761675e-02 3.612639901593206471e-02
1.326303630226137731e-01 7.521151541396761675e-02 4.515799876991508088e-02
1.326303630226137731e-01 7.521151541396761675e-02 5.418959852389810400e-02
1.326303630226137731e-01 7.521151541396761675e-02 6.322119827788111324e-02
1.406727201048588866e-02 1.595442885832619798e-02 0.000000000000000000e+00
1.406727201048588866e-02 1.595442885832619798e-02 9.579252256698883626e-04
1.406727201048588866e-02 1.595442885832619798e-02 1.915850451339776725e-03
1.326303630226137731e-01 1.504230308279352335e-01 2.709479926194905200e-02
1.326303630226137731e-01 1.504230308279352335e-01 3.612639901593206471e-02
1.326303630226137731e-01 1.504230308279352335e-01 4.515799876991508088e-02
1.326303630226137731e-01 1.504230308279352335e-01 5.418959852389810400e-02
1.326303630226137731e-01 1.504230308279352335e-01 6.322119827788111324e-02
1.406727201048588866e-02 2.393164328748929870e-02 0.000000000000000000e+00
1.406727201048588866e-02 2.393164328748929870e-02 9.579252256698883626e-04
1.406727201048588866e-02 2.393164328748929870e-02 1.915850451339776725e-03
1.326303630226137731e-01 2.256345462419028780e-01 2.709479926194905200e-02
1.326303630226137731e-01 2.256345462419028780e-01 3.612639901593206471e-02
1.326303630226137731e-01 2.256345462419028780e-01 4.515799876991508088e-02
1.326303630226137731e-01 2.256345462419028780e-01 5.418959852389810400e-02
1.326303630226137731e-01 2.256345462419028780e-01 6.322119827788111324e-02
1.406727201048588866e-02 3.190885771665239595e-02 0.000000000000000000e+00
1.406727201048588866e-02 3.190885771665239595e-02 9.579252256698883626e-04
1.406727201048588866e-02 3.190885771665239595e-02 1.915850451339776725e-03
1.326303630226137731e-01 3.008460616558704670e-01 2.709479926194905200e-02
1.326303630226137731e-01 3.008460616558704670e-01 3.612639901593206471e-02
1.326303630226137731e-01 3.008460616558704670e-01 4.515799876991508088e-02
1.326303630226137731e-01 3.008460616558704670e-01 5.418959852389810400e-02
1.326303630226137731e-01 3.008460616558704670e-01 6.322119827788111324e-02
1.406727201048588866e-02 3.988607214581549321e-02 0.000000000000000000e+00
1.406727201048588866e-02 3.988607214581549321e-02 9.579252256698883626e-04
1.406727201048588866e-02 3.988607214581549321e-02 1.915850451339776725e-03
1.326303630226137731e-01 3.760575770698381115e-01 2.709479926194905200e-02
1.326303630226137731e-01 3.760575770698381115e-01 3.612639901593206471e-02
1.326303630226137731e-01 3.760575770698381115e-01 4.515799876991508088e-02
1.326303630226137731e-01 3.760575770698381115e-01 5.418959852389810400e-02
1.326303630226137731e-01 3.760575770698381115e-01 6.322119827788111324e-02
1.406727201048588866e-02 4.786328657497859740e-02 0.000000000000000000e+00
1.406727201048588866e-02 4.786328657497859740e-02 9.579252256698883626e-04
1.406727201048588866e-02 4.786328657497859740e-02 1.915850451339776725e-03
1.326303630226137731e-01 4.512690924838057560e-01 2.709479926194905200e-02
1.326303630226137731e-01 4.512690924838057560e-01 3.612639901593206471e-02
1.326303630226137731e-01 4.512690924838057560e-01 4.515799876991508088e-02
1.326303630226137731e-01 4.512690924838057560e-01 5.418959852389810400e-02
1.326303630226137731e-01 4.512690924838057560e-01 6.322119827788111324e-02
1.406727201048588866e-02 5.584050100414169465e-02 0.000000000000000000e+00
1.406727201048588866e-02 5.584050100414169465e-02 9.579252256698883626e-04
1.406727201048588866e-02 5.584050100414169465e-02 1.915850451339776725e-03
1.326303630226137731e-01 5.264806078977734005e-01 2.709479926194905200e-02
1.326303630226137731e-01 5.264806078977734005e-01 3.612639901593206471e-02
1.326303630226137731e-01 5.264806078977734005e-01 4.515799876991508088e-02
1.326303630226137731e-01 5.264806078977734005e-01 5.418959852389810400e-02
1.326303630226137731e-01 5.264806078977734005e-01 6.322119827788111324e-02
1.406727201048588866e-02 6.381771543330479191e-02 0.000000000000000000e+00
1.406727201048588866e-02 6.381771543330479191e-02 9.579252256698883626e-04
1.406727201048588866e-02 6.381771543330479191e-02 1.915850451339776725e-03
1.326303630226137731e-01 6.016921233117409340e-01 2.709479926194905200e-02
1.326303630226137731e-01 6.016921233117409340e-01 3.612639901593206471e-02
1.326303630226137731e-01 6.016921233117409340e-01 4.515799876991508088e-02
1.326303630226137731e-01 6.016921233117409340e-01 5.418959852389810400e-02
1.326303630226137731e-01 6.016921233117409340e-01 6.322119827788111324e-02
1.406727201048588866e-02 7.179492986246789610e-02 0.000000000000000000e+00
1.406727201048588866e-02 7.179492986246789610e-02 9.579252256698883626e-04
1.406727201048588866e-02 7.179492986246789610e-02 1.915850451339776725e-03
1.326303630226137731e-01 6.769036387257085785e-01 2.709479926194905200e-02
1.326303630226137731e-01 6.769036387257085785e-01 3.612639901593206471e-02
1.326303630226137731e-01 6.769036387257085785e-01 4.515799876991508088e-02
1.326303630226137731e-01 6.769036387257085785e-01 5.418959852389810400e-02
1.326303630226137731e-01 6.769036387257085785e-01 6.322119827788111324e-02
1.406727201048588866e-02 7.977214429163098641e-02 0.000000000000000000e+00
1.406727201048588866e-02 7.977214429163098641e-02 9.579252256698883626e-04
1.406727201048588866e-02 7.977214429163098641e-02 1.915850451339776725e-03
1.326303630226137731e-01 7.521151541396762230e-01 2.709479926194905200e-02
1.326303630226137731e-01 7.521151541396762230e-01 3.612639901593206471e-02
1.326303630226137731e-01 7.521151541396762230e-01 4.515799876991508088e-02
1.326303630226137731e-01 7.521151541396762230e-01 5.418959852389810400e-02
1.326303630226137731e-01 7.521151541396762230e-01 6.322119827788111324e-02
1.406727201048588866e-02 8.774935872079409060e-02 0.000000000000000000e+00
1.406727201048588866e-02 8.774935872079409060e-02 9.579252256698883626e-04
1.406727201048588866e-02 8.774935872079409060e-02 1.915850451339776725e-03
1.326303630226137731e-01 8.273266695536437565e-01 2.709479926194905200e-02
1.326303630226137731e-01 8.273266695536437565e-01 3.612639901593206471e-02
1.326303630226137731e-01 8.273266695536437565e-01 4.515799876991508088e-02
1.326303630226137731e-01 8.273266695536437565e-01 5.418959852389810400e-02
1.326303630226137731e-01 8.273266695536437565e-01 6.322119827788111324e-02
1.406727201048588866e-02 9.572657314995719480e-02 0.000000000000000000e+00
1.406727201048588866e-02 9.572657314995719480e-02 9.579252256698883626e-04
1.406727201048588866e-02 9.572657314995719480e-02 1.915850451339776725e-03
1.326303630226137731e-01 9.025381849676115120e-01 2.709479926194905200e-02
1.326303630226137731e-01 9.025381849676115120e-01 3.612639901593206471e-02
1.326303630226137731e-01 9.025381849676115120e-01 4.515799876991508088e-02
1.326303630226137731e-01 9.025381849676115120e-01 5.418959852389810400e-02
1.326303630226137731e-01 9.025381849676115120e-01 6.322119827788111324e-02
1.406727201048588866e-02 1.037037875791202990e-01 0.000000000000000000e+00
1.406727201048588866e-02 1.037037875791202990e-01 9.579252256698883626e-04
1.406727201048588866e-02 1.037037875791202990e-01 1.915850451339776725e-03
1.326303630226137731e-01 9.777497003815791565e-01 2.709479926194905200e-02
1.326303630226137731e-01 9.777497003815791565e-01 3.612639901593206471e-02
1.326303630226137731e-01 9.777497003815791565e-01 4.515799876991508088e-02
1.326303630226137731e-01 9.777497003815791565e-01 5.418959852389810400e-02
1.326303630226137731e-01 9.777497003815791565e-01 6.322119827788111324e-02
1.406727201048588866e-02 1.116810020082833893e-01 0.000000000000000000e+00
1.406727201048588866e-02 1.116810020082833893e-01 9.579252256698883626e-04
1.406727201048588866e-02 1.116810020082833893e-01 1.915850451339776725e-03
1.326303630226137731e-01 1.052961215795546801e+00 2.709479926194905200e-02
1.326303630226137731e-01 1.052961215795546801e+00 3.612639901593206471e-02
1.326303630226137731e-01 1.052961215795546801e+00 4.515799876991508088e-02
1.326303630226137731e-01 1.052961215795546801e+00 5.418959852389810400e-02
1.326303630226137731e-01 1.052961215795546801e+00 6.322119827788111324e-02
1.688072641258306708e-02 0.000000000000000000e+00 0.000000000000000000e+00
1.688072641258306708e-02 0.000000000000000000e+00 9.579252256698883626e-04
1.688072641258306708e-02 0.000000000000000000e+00 1.915850451339776725e-03
1.591564356271365499e-01 0.000000000000000000e+00 2.709479926194905200e-02
1.591564356271365499e-01 0.000000000000000000e+00 3.612639901593206471e-02
1.591564356271365499e-01 0.000000000000000000e+00 4.515799876991508088e-02
1.591564356271365499e-01 0.000000000000000000e+00 5.418959852389810400e-02
1.591564356271365499e-01 0.000000000000000000e+00 6.322119827788111324e-02
1.688072641258306708e-02 7.977214429163098988e-03 0.000000000000000000e+00
1.688072641258306708e-02 7.977214429163098988e-03 9.579252256698883626e-04
1.688072641258306708e-02 7.977214429163098988e-03 1.915850451339776725e-03
1.591564356271365499e-01 7.521151541396761675e-02 2.709479926194905200e-02
1.591564356271365499e-01 7.521151541396761675e-02 3.612639901593206471e-02
1.591564356271365499e-01 7.521151541396761675e-02 4.515799876991508088e-02
1.591564356271365499e-01 7.521151541396761675e-02 5.418959852389810400e-02
1.591564356271365499e-01 7.521151541396761675e-02 6.322119827788111324e-02
1.688072641258306708e-02 1.595442885832619798e-02 0.000000000000000000e+00
1.688072641258306708e-02 1.595442885832619798e-02 9.579252256698883626e-04
1.688072641258306708e-02 1.595442885832619798e-02 1.915850451339776725e-03
1.591564356271365499e-01 1.504230308279352335e-01 2.709479926194905200e-02
1.591564356271365499e-01 1.504230308279352335e-01 3.612639901593206471e-02
1.591564356271365499e-01 1.504230308279352335e-01 4.515799876991508088e-02
1.591564356271365499e-01 1.504230308279352335e-01 5.418959852389810400e-02
1.591564356271365499e-01 1.504230308279352335e-01 6.322119827788111324e-02
1.688072641258306708e-02 2.393164328748929870e-02 0.000000000000000000e+00
1.688072641258306708e-02 2.393164328748929870e-02 9.579252256698883626e-04
1.688072641258306708e-02 2.393164328748929870e-02 1.915850451339776725e-03
1.591564356271365499e-01 2.256345462419028780e-01 2.709479926194905200e-02
1.591564356271365499e-01 2.256345462419028780e-01 3.612639901593206471e-02
1.591564356271365499e-01 2.256345462419028780e-01 4.515799876991508088e-02
1.591564356271365499e-01 2.256345462419028780e-01 5.418959852389810400e-02
1.591564356271365499e-01 2.256345462419028780e-01 6.322119827788111324e-02
1.688072641258306708e-02 3.190885771665239595e-02 0.000000000000000000e+00
1.688072641258306708e-02 3.190885771665239595e-02 9.579252256698883626e-04
1.688072641258306708e-02 3.190885771665239595e-02 1.915850451339776725e-03
1.591564356271365499e-01 3.008460616558704670e-01 2.709479926194905200e-02
1.591564356271365499e-01 3.008460616558704670e-01 3.612639901593206471e-02
1.591564356271365499e-01 3.008460616558704670e-01 4.515799876991508088e-02
1.591564356271365499e-01 3.008460616558704670e-01 5.418959852389810400e-02
1.591564356271365499e-01 3.008460616558704670e-01 6.322119827788111324e-02
1.688072641258306708e-02 3.988607214581549321e-02 0.000000000000000000e+00
1.688072641258306708e-02 3.988607214581549321e-02 9.579252256698883626e-04
1.688072641258306708e-02 3.988607214581549321e-02 1.915850451339776725e-03
1.591564356271365499e-01 3.760575770698381115e-01 2.709479926194905200e-02
1.591564356271365499e-01 3.760575770698381115e-01 3.612639901593206471e-02
1.591564356271365499e-01 3.760575770698381115e-01 4.515799876991508088e-02
1.591564356271365499e-01 3.760575770698381115e-01 5.418959852389810400e-02
1.591564356271365499e-01 3.760575770698381115e-01 6.322119827788111324e-02
1.688072641258306708e-02 4.786328657497859740e-02 0.000000000000000000e+00
1.688072641258306708e-02 4.786328657497859740e-02 9.579252256698883626e-04
1.688072641258306708e-02 4.786328657497859740e-02 1.915850451339776725e-03
1.591564356271365499e-01 4.512690924838057560e-01 2.709479926194905200e-02
1.591564356271365499e-01 4.512690924838057560e-01 3.612639901593206471e-02
1.591564356271365499e-01 4.512690924838057560e-01 4.515799876991508088e-02
1.591564356271365499e-01 4.512690924838057560e-01 5.418959852389810400e-02
1.591564356271365499e-01 4.512690924838057560e-01 6.322119827788111324e-02
1.688072641258306708e-02 5.584050100414169465e-02 0.000000000000000000e+00
1.688072641258306708e-02 5.584050100414169465e-02 9.579252256698883626e-04
1.688072641258306708e-02 5.584050100414169465e-02 1.915850451339776725e-03
1.591564356271365499e-01 5.264806078977734005e-01 2.709479926194905200e-02
1.591564356271365499e-01 5.264806078977734005e-01 3.612639901593206471e-02
1.591564356271365499e-01 5.264806078977734005e-01 4.515799876991508088e-02
1.591564356271365499e-01 5.264806078977734005e-01 5.418959852389810400e-02
1.591564356271365499e-01 5.264806078977734005e-01 6.322119827788111324e-02
1.688072641258306708e-02 6.381771543330479191e-02 0.000000000000000000e+00
1.688072641258306708e-02 6.381771543330479191e-02 9.579252256698883626e-04
1.688072641258306708e-02 6.381771543330479191e-02 1.915850451339776725e-03
1.591564356271365499e-01 6.016921233117409340e-01 2.709479926194905200e-02
1.591564356271365499e-01 6.016921233117409340e-01 3.612639901593206471e-02
1.591564356271365499e-01 6.016921233117409340e-01 4.515799876991508088e-02
1.591564356271365499e-01 6.016921233117409340e-01 5.418959852389810400e-02
1.591564356271365499e-01 6.016921233117409340e-01 6.322119827788111324e-02
1.688072641258306708e-02 7.179492986246789610e-02 0.000000000000000000e+00
1.688072641258306708e-02 7.179492986246789610e-02 9.579252256698883626e-04
1.688072641258306708e-02 7.179492986246789610e-02 1.915850451339776725e-03
1.591564356271365499e-01 6.769036387257085785e-01 2.709479926194905200e-02
1.591564356271365499e-01 6.769036387257085785e-01 3.612639901593206471e-02
1.591564356271365499e-01 6.769036387257085785e-01 4.515799876991508088e-02
1.591564356271365499e-01 6.769036387257085785e-01 5.418959852389810400e-02
1.591564356271365499e-01 6.769036387257085785e-01 6.322119827788111324e-02
1.688072641258306708e-02 7.977214429163098641e-02 0.000000000000000000e+00
1.688072641258306708e-02 7.977214429163098641e-02 9.579252256698883626e-04
1.688072641258306708e-02 7.977214429163098641e-02 1.915850451339776725e-03
1.591564356271365499e-01 7.521151541396762230e-01 2.709479926194905200e-02
1.591564356271365499e-01 7.521151541396762230e-01 3.612639901593206471e-02
1.591564356271365499e-01 7.521151541396762230e-01 4.515799876991508088e-02
1.591564356271365499e-01 7.521151541396762230e-01 5.418959852389810400e-02
1.591564356271365499e-01 7.521151541396762230e-01 6.322119827788111324e-02
1.688072641258306708e-02 8.774935872079409060e-02 0.000000000000000000e+00
1.688072641258306708e-02 8.774935872079409060e-02 9.579252256698883626e-04
1.688072641258306708e-02 8.774935872079409060e-02 1.915850451339776725e-03
1.591564356271365499e-01 8.273266695536437565e-01 2.709479926194905200e-02
1.591564356271365499e-01 8.273266695536437565e-01 3.612639901593206471e-02
1.591564356271365499e-01 8.273266695536437565e-01 4.515799876991508088e-02
1.591564356271365499e-01 8.273266695536437565e-01 5.418959852389810400e-02
1.591564356271365499e-01 8.273266695536437565e-01 6.322119827788111324e-02
1.688072641258306708e-02 9.572657314995719480e-02 0.000000000000000000e+00
1.688072641258306708e-02 9.572657314995719480e-02 9.579252256698883626e-04
1.688072641258306708e-02 9.572657314995719480e-02 1.915850451339776725e-03
1.591564356271365499e-01 9.025381849676115120e-01 2.709479926194905200e-02
1.591564356271365499e-01 9.025381849676115120e-01 3.612639901593206471e-02
1.591564356271365499e-01 9.025381849676115120e-01 4.515799876991508088e-02
1.591564356271365499e-01 9.025381849676115120e-01 5.418959852389810400e-02
1.591564356271365499e-01 9.025381849676115120e-01 6.322119827788111324e-02
1.688072641258306708e-02 1.037037875791202990e-01 0.000000000000000000e+00
1.688072641258306708e-02 1.037037875791202990e-01 9.579252256698883626e-04
1.688072641258306708e-02 1.037037875791202990e-01 1.915850451339776725e-03
1.591564356271365499e-01 9.777497003815791565e-01 2.709479926194905200e-02
1.591564356271365499e-01 9.777497003815791565e-01 3.612639901593206471e-02
1.591564356271365499e-01 9.777497003815791565e-01 4.515799876991508088e-02
1.591564356271365499e-01 9.777497003815791565e-01 5.418959852389810400e-02
1.591564356271365499e-01 9.777497003815791565e-01 6.322119827788111324e-02
1.688072641258306708e-02 1.116810020082833893e-01 0.000000000000000000e+00
1.688072641258306708e-02 1.116810020082833893e-01 9.579252256698883626e-04
1.688072641258306708e-02 1.116810020082833893e-01 1.915850451339776725e-03
1.591564356271365499e-01 1.052961215795546801e+00 2.709479926194905200e-02
1.591564356271365499e-01 1.052961215795546801e+00 3.612639901593206471e-02
1.591564356271365499e-01 1.052961215795546801e+00 4.515799876991508088e-02
1.591564356271365499e-01 1.052961215795546801e+00 5.418959852389810400e-02
1.591564356271365499e-01 1.052961215795546801e+00 6.322119827788111324e-02
1.969418081468024204e-02 0.000000000000000000e+00 0.000000000000000000e+00
1.969418081468024204e-02 0.000000000000000000e+00 9.579252256698883626e-04
1.969418081468024204e-02 0.000000000000000000e+00 1.915850451339776725e-03
1.856825082316592990e-01 0.000000000000000000e+00 2.709479926194905200e-02
1.856825082316592990e-01 0.000000000000000000e+00 3.612639901593206471e-02
1.856825082316592990e-01 0.000000000000000000e+00 4.515799876991508088e-02
1.856825082316592990e-01 0.000000000000000000e+00 5.418959852389810400e-02
1.856825082316592990e-01 0.000000000000000000e+00 6.322119827788111324e-02
1.969418081468024204e-02 7.977214429163098988e-03 0.000000000000000000e+00
1.969418081468024204e-02 7.977214429163098988e-03 9.579252256698883626e-04
1.969418081468024204e-02 7.977214429163098988e-03 1.915850451339776725e-03
1.856825082316592990e-01 7.521151541396761675e-02 2.709479926194905200e-02
1.856825082316592990e-01 7.521151541396761675e-02 3.612639901593206471e-02
1.856825082316592990e-01 7.521151541396761675e-02 4.515799876991508088e-02
1.856825082316592990e-01 7.521151541396761675e-02 5.418959852389810400e-02
1.856825082316592990e-01 7.521151541396761675e-02 6.322119827788111324e-02
1.969418081468024204e-02 1.595442885832619798e-02 0.000000000000000000e+00
1.969418081468024204e-02 1.595442885832619798e-02 9.579252256698883626e-04
1.969418081468024204e-02 1.595442885832619798e-02 1.915850451339776725e-03
1.856825082316592990e-01 1.504230308279352335e-01 2.709479926194905200e-02
1.856825082316592990e-01 1.504230308279352335e-01 3.612639901593206471e-02
1.856825082316592990e-01 1.504230308279352335e-01 4.515799876991508088e-02
1.856825082316592990e-01 1.504230308279352335e-01 5.418959852389810400e-02
1.856825082316592990e-01 1.504230308279352335e-01 6.322119827788111324e-02
1.969418081468024204e-02 2.393164328748929870e-02 0.000000000000000000e+00
1.969418081468024204e-02 2.393164328748929870e-02 9.579252256698883626e-04
1.969418081468024204e-02 2.393164328748929870e-02 1.915850451339776725e-03
1.856825082316592990e-01 2.256345462419028780e-01 2.709479926194905200e-02
1.856825082316592990e-01 2.256345462419028780e-01 3.612639901593206471e-02
1.856825082316592990e-01 2.256345462419028780e-01 4.515799876991508088e-02
1.856825082316592990e-01 2.256345462419028780e-01 5.418959852389810400e-02
1.856825082316592990e-01 2.256345462419028780e-01 6.322119827788111324e-02
1.969418081468024204e-02 3.190885771665239595e-02 0.000000000000000000e+00
1.969418081468024204e-02 3.190885771665239595e-02 9.579252256698883626e-04
1.969418081468024204e-02 3.190885771665239595e-02 1.915850451339776725e-03
1.856825082316592990e-01 3.008460616558704670e-01 2.709479926194905200e-02
1.856825082316592990e-01 3.008460616558704670e-01 3.612639901593206471e-02
1.856825082316592990e-01 3.008460616558704670e-01 4.515799876991508088e-02
1.856825082316592990e-01 3.008460616558704670e-01 5.418959852389810400e-02
1.856825082316592990e-01 3.008460616558704670e-01 6.322119827788111324e-02
1.969418081468024204e-02 3.988607214581549321e-02 0.000000000000000000e+00
1.969418081468024204e-02 3.988607214581549321e-02 9.579252256698883626e-04
1.969418081468024204e-02 3.988607214581549321e-02 1.915850451339776725e-03
1.856825082316592990e-01 3.760575770698381115e-01 2.709479926194905200e-02
1.856825082316592990e-01 3.760575770698381115e-01 3.612639901593206471e-02
1.856825082316592990e-01 3.760575770698381115e-01 4.515799876991508088e-02
1.856825082316592990e-01 3.760575770698381115e-01 5.418959852389810400e-02
1.856825082316592990e-01 3.760575770698381115e-01 6.322119827788111324e-02
1.969418081468024204e-02 4.786328657497859740e-02 0.000000000000000000e+00
1.969418081468024204e-02 4.786328657497859740e-02 9.579252256698883626e-04
1.969418081468024204e-02 4.786328657497859740e-02 1.915850451339776725e-03
1.856825082316592990e-01 4.512690924838057560e-01 2.709479926194905200e-02
1.856825082316592990e-01 4.512690924838057560e-01 3.612639901593206471e-02
1.856825082316592990e-01 4.512690924838057560e-01 4.515799876991508088e-02
1.856825082316592990e-01 4.512690924838057560e-01 5.418959852389810400e-02
1.856825082316592990e-01 4.512690924838057560e-01 6.322119827788111324e-02
1.969418081468024204e-02 5.584050100414169465e-02 0.000000000000000000e+00
1.969418081468024204e-02 5.584050100414169465e-02 9.579252256698883626e-04
1.969418081468024204e-02 5.584050100414169465e-02 1.915850451339776725e-03
1.856825082316592990e-01 5.264806078977734005e-01 2.709479926194905200e-02
1.856825082316592990e-01 5.264806078977734005e-01 3.612639901593206471e-02
1.856825082316592990e-01 5.264806078977734005e-01 4.515799876991508088e-02
1.856825082316592990e-01 5.264806078977734005e-01 5.418959852389810400e-02
1.856825082316592990e-01 5.264806078977734005e-01 6.322119827788111324e-02
1.969418081468024204e-02 6.381771543330479191e-02 0.000000000000000000e+00
1.969418081468024204e-02 6.381771543330479191e-02 9.579252256698883626e-04
1.969418081468024204e-02 6.381771543330479191e-02 1.915850451339776725e-03
1.856825082316592990e-01 6.016921233117409340e-01 2.709479926194905200e-02
1.856825082316592990e-01 6.016921233117409340e-01 3.612639901593206471e-02
1.856825082316592990e-01 6.016921233117409340e-01 4.515799876991508088e-02
1.856825082316592990e-01 6.016921233117409340e-01 5.418959852389810400e-02
1.856825082316592990e-01 6.016921233117409340e-01 6.322119827788111324e-02
1.969418081468024204e-02 7.179492986246789610e-02 0.000000000000000000e+00
1.969418081468024204e-02 7.179492986246789610e-02 9.579252256698883626e-04
1.969418081468024204e-02 7.179492986246789610e-02 1.915850451339776725e-03
1.856825082316592990e-01 6.769036387257085785e-01 2.709479926194905200e-02
1.856825082316592990e-01 6.769036387257085785e-01 3.612639901593206471e-02
1.856825082316592990e-01 6.769036387257085785e-01 4.515799876991508088e-02
1.856825082316592990e-01 6.769036387257085785e-01 5.418959852389810400e-02
1.856825082316592990e-01 6.769036387257085785e-01 6.322119827788111324e-02
1.969418081468024204e-02 7.977214429163098641e-02 0.000000000000000000e+00
1.969418081468024204e-02 7.977214429163098641e-02 9.579252256698883626e-04
1.969418081468024204e-02 7.977214429163098641e-02 1.915850451339776725e-03
1.856825082316592990e-01 7.521151541396762230e-01 2.709479926194905200e-02
1.856825082316592990e-01 7.521151541396762230e-01 3.612639901593206471e-02
1.856825082316592990e-01 7.521151541396762230e-01 4.515799876991508088e-02
1.856825082316592990e-01 7.521151541396762230e-01 5.418959852389810400e-02
1.856825082316592990e-01 7.521151541396762230e-01 6.322119827788111324e-02
1.969418081468024204e-02 8.774935872079409060e-02 0.000000000000000000e+00
1.969418081468024204e-02 8.774935872079409060e-02 9.579252256698883626e-04
1.969418081468024204e-02 8.774935872079409060e-02 1.915850451339776725e-03
1.856825082316592990e-01 8.273266695536437565e-01 2.709479926194905200e-02
1.856825082316592990e-01 8.273266695536437565e-01 3.612639901593206471e-02
1.856825082316592990e-01 8.273266695536437565e-01 4.515799876991508088e-02
1.856825082316592990e-01 8.273266695536437565e-01 5.418959852389810400e-02
1.856825082316592990e-01 8.273266695536437565e-01 6.322119827788111324e-02
1.969418081468024204e-02 9.572657314995719480e-02 0.000000000000000000e+00
1.969418081468024204e-02 9.572657314995719480e-02 9.579252256698883626e-04
1.969418081468024204e-02 9.572657314995719480e-02 1.915850451339776725e-03
1.856825082316592990e-01 9.025381849676115120e-01 2.709479926194905200e-02
1.856825082316592990e-01 9.025381849676115120e-01 3.612639901593206471e-02
1.856825082316592990e-01 9.025381849676115120e-01 4.515799876991508088e-02
1.856825082316592990e-01 9.025381849676115120e-01 5.418959852389810400e-02
1.856825082316592990e-01 9.025381849676115120e-01 6.322119827788111324e-02
1.969418081468024204e-02 1.037037875791202990e-01 0.000000000000000000e+00
1.969418081468024204e-02 1.037037875791202990e-01 9.579252256698883626e-04
1.969418081468024204e-02 1.037037875791202990e-01 1.915850451339776725e-03
1.856825082316592990e-01 9.777497003815791565e-01 2.709479926194905200e-02
1.856825082316592990e-01 9.777497003815791565e-01 3.612639901593206471e-02
1.856825082316592990e-01 9.777497003815791565e-01 4.515799876991508088e-02
1.856825082316592990e-01 9.777497003815791565e-01 5.418959852389810400e-02
1.856825082316592990e-01 9.777497003815791565e-01 6.322119827788111324e-02
1.969418081468024204e-02 1.116810020082833893e-01 0.000000000000000000e+00
1.969418081468024204e-02 1.116810020082833893e-01 9.579252256698883626e-04
1.969418081468024204e-02 1.116810020082833893e-01 1.915850451339776725e-03
1.856825082316592990e-01 1.052961215795546801e+00 2.709479926194905200e-02
1.856825082316592990e-01 1.052961215795546801e+00 3.612639901593206471e-02
1.856825082316592990e-01 1.052961215795546801e+00 4.515799876991508088e-02
1.856825082316592990e-01 1.052961215795546801e+00 5.418959852389810400e-02
1.856825082316592990e-01 1.052961215795546801e+00 6.322119827788111324e-02
2.250763521677742046e-02 0.000000000000000000e+00 0.000000000000000000e+00
2.250763521677742046e-02 0.000000000000000000e+00 9.579252256698883626e-04
2.250763521677742046e-02 0.000000000000000000e+00 1.915850451339776725e-03
2.122085808361820480e-01 0.000000000000000000e+00 2.709479926194905200e-02
2.122085808361820480e-01 0.000000000000000000e+00 3.612639901593206471e-02
2.122085808361820480e-01 0.000000000000000000e+00 4.515799876991508088e-02
2.122085808361820480e-01 0.000000000000000000e+00 5.418959852389810400e-02
2.122085808361820480e-01 0.000000000000000000e+00 6.322119827788111324e-02
2.250763521677742046e-02 7.977214429163098988e-03 0.000000000000000000e+00
2.250763521677742046e-02 7.977214429163098988e-03 9.579252256698883626e-04
2.250763521677742046e-02 7.977214429163098988e-03 1.915850451339776725e-03
2.122085808361820480e-01 7.521151541396761675e-02 2.709479926194905200e-02
2.122085808361820480e-01 7.521151541396761675e-02 3.612639901593206471e-02
2.122085808361820480e-01 7.521151541396761675e-02 4.515799876991508088e-02
2.122085808361820480e-01 7.521151541396761675e-02 5.418959852389810400e-02
2.122085808361820480e-01 7.521151541396761675e-02 6.322119827788111324e-02
2.250763521677742046e-02 1.595442885832619798e-02 0.000000000000000000e+00
2.250763521677742046e-02 1.595442885832619798e-02 9.579252256698883626e-04
2.250763521677742046e-02 1.595442885832619798e-02 1.915850451339776725e-03
2.122085808361820480e-01 1.504230308279352335e-01 2.709479926194905200e-02
2.122085808361820480e-01 1.504230308279352335e-01 3.612639901593206471e-02
2.122085808361820480e-01 1.504230308279352335e-01 4.515799876991508088e-02
2.122085808361820480e-01 1.504230308279352335e-01 5.418959852389810400e-02
2.122085808361820480e-01 1.504230308279352335e-01 6.322119827788111324e-02
2.250763521677742046e-02 2.393164328748929870e-02 0.000000000000000000e+00
2.250763521677742046e-02 2.393164328748929870e-02 9.579252256698883626e-04
2.250763521677742046e-02 2.393164328748929870e-02 1.915850451339776725e-03
2.122085808361820480e-01 2.256345462419028780e-01 2.709479926194905200e-02
2.122085808361820480e-01 2.256345462419028780e-01 3.612639901593206471e-02
2.122085808361820480e-01 2.256345462419028780e-01 4.515799876991508088e-02
2.122085808361820480e-01 2.256345462419028780e-01 5.418959852389810400e-02
2.122085808361820480e-01 2.256345462419028780e-01 6.322119827788111324e-02
2.250763521677742046e-02 3.190885771665239595e-02 0.000000000000000000e+00
2.250763521677742046e-02 3.190885771665239595e-02 9.579252256698883626e-04
2.250763521677742046e-02 3.190885771665239595e-02 1.915850451339776725e-03
2.122085808361820480e-01 3.008460616558704670e-01 2.709479926194905200e-02
2.122085808361820480e-01 3.008460616558704670e-01 3.612639901593206471e-02
2.122085808361820480e-01 3.008460616558704670e-01 4.515799876991508088e-02
2.122085808361820480e-01 3.008460616558704670e-01 5.418959852389810400e-02
2.122085808361820480e-01 3.008460616558704670e-01 6.322119827788111324e-02
2.250763521677742046e-02 3.988607214581549321e-02 0.000000000000000000e+00
2.250763521677742046e-02 3.988607214581549321e-02 9.579252256698883626e-04
2.250763521677742046e-02 3.988607214581549321e-02 1.915850451339776725e-03
2.122085808361820480e-01 3.760575770698381115e-01 2.709479926194905200e-02
2.122085808361820480e-01 3.760575770698381115e-01 3.612639901593206471e-02
2.122085808361820480e-01 3.760575770698381115e-01 4.515799876991508088e-02
2.122085808361820480e-01 3.760575770698381115e-01 5.418959852389810400e-02
2.122085808361820480e-01 3.760575770698381115e-01 6.322119827788111324e-02
2.250763521677742046e-02 4.786328657497859740e-02 0.000000000000000000e+00
2.250763521677742046e-02 4.786328657497859740e-02 9.579252256698883626e-04
2.250763521677742046e-02 4.786328657497859740e-02 1.915850451339776725e-03
2.122085808361820480e-01 4.512690924838057560e-01 2.709479926194905200e-02
2.122085808361820480e-01 4.512690924838057560e-01 3.612639901593206471e-02
2.122085808361820480e-01 4.512690924838057560e-01 4.515799876991508088e-02
2.122085808361820480e-01 4.512690924838057560e-01 5.418959852389810400e-02
2.122085808361820480e-01 4.512690924838057560e-01 6.322119827788111324e-02
2.250763521677742046e-02 5.584050100414169465e-02 0.000000000000000000e+00
2.250763521677742046e-02 5.584050100414169465e-02 9.579252256698883626e-04
2.250763521677742046e-02 5.584050100414169465e-02 1.915850451339776725e-03
2.122085808361820480e-01 5.264806078977734005e-01 2.709479926194905200e-02
2.122085808361820480e-01 5.264806078977734005e-01 3.612639901593206471e-02
2.122085808361820480e-01 5.264806078977734005e-01 4.515799876991508088e-02
2.122085808361820480e-01 5.264806078977734005e-01 5.418959852389810400e-02
2.122085808361820480e-01 5.264806078977734005e-01 6.322119827788111324e-02
2.250763521677742046e-02 6.381771543330479191e-02 0.000000000000000000e+00
2.250763521677742046e-02 6.381771543330479191e-02 9.579252256698883626e-04
2.250763521677742046e-02 6.381771543330479191e-02 1.915850451339776725e-03
2.122085808361820480e-01 6.016921233117409340e-01 2.709479926194905200e-02
2.122085808361820480e-01 6.016921233117409340e-01 3.612639901593206471e-02
2.122085808361820480e-01 6.016921233117409340e-01 4.515799876991508088e-02
2.122085808361820480e-01 6.016921233117409340e-01 5.418959852389810400e-02
2.122085808361820480e-01 6.016921233117409340e-01 6.322119827788111324e-02
2.250763521677742046e-02 7.179492986246789610e-02 0.000000000000000000e+00
2.250763521677742046e-02 7.179492986246789610e-02 9.579252256698883626e-04
2.250763521677742046e-02 7.179492986246789610e-02 1.915850451339776725e-03
2.122085808361820480e-01 6.769036387257085785e-01 2.709479926194905200e-02
2.122085808361820480e-01 6.769036387257085785e-01 3.612639901593206471e-02
2.122085808361820480e-01 6.769036387257085785e-01 4.515799876991508088e-02
2.122085808361820480e-01 6.769036387257085785e-01 5.418959852389810400e-02
2.122085808361820480e-01 6.769036387257085785e-01 6.322119827788111324e-02
2.250763521677742046e-02 7.977214429163098641e-02 0.000000000000000000e+00
2.250763521677742046e-02 7.977214429163098641e-02 9.579252256698883626e-04
2.250763521677742046e-02 7.977214429163098641e-02 1.915850451339776725e-03
2.122085808361820480e-01 7.521151541396762230e-01 2.709479926194905200e-02
2.122085808361820480e-01 7.521151541396762230e-01 3.612639901593206471e-02
2.122085808361820480e-01 7.521151541396762230e-01 4.515799876991508088e-02
2.122085808361820480e-01 7.521151541396762230e-01 5.418959852389810400e-02
2.122085808361820480e-01 7.521151541396762230e-01 6.322119827788111324e-02
2.250763521677742046e-02 8.774935872079409060e-02 0.000000000000000000e+00
2.250763521677742046e-02 8.774935872079409060e-02 9.579252256698883626e-04
2.250763521677742046e-02 8.774935872079409060e-02 1.915850451339776725e-03
2.122085808361820480e-01 8.273266695536437565e-01 2.709479926194905200e-02
2.122085808361820480e-01 8.273266695536437565e-01 3.612639901593206471e-02
2.122085808361820480e-01 8.273266695536437565e-01 4.515799876991508088e-02
2.122085808361820480e-01 8.273266695536437565e-01 5.418959852389810400e-02
2.122085808361820480e-01 8.273266695536437565e-01 6.322119827788111324e-02
2.250763521677742046e-02 9.572657314995719480e-02 0.000000000000000000e+00
2.250763521677742046e-02 9.572657314995719480e-02 9.579252256698883626e-04
2.250763521677742046e-02 9.572657314995719480e-02 1.915850451339776725e-03
2.122085808361820480e-01 9.025381849676115120e-01 2.709479926194905200e-02
2.122085808361820480e-01 9.025381849676115120e-01 3.612639901593206471e-02
2.122085808361820480e-01 9.025381849676115120e-01 4.515799876991508088e-02
2.122085808361820480e-01 9.025381849676115120e-01 5.418959852389810400e-02
2.122085808361820480e-01 9.025381849676115120e-01 6.322119827788111324e-02
2.250763521677742046e-02 1.037037875791202990e-01 0.000000000000000000e+00
2.250763521677742046e-02 1.037037875791202990e-01 9.579252256698883626e-04
2.250763521677742046e-02 1.037037875791202990e-01 1.915850451339776725e-03
2.122085808361820480e-01 9.777497003815791565e-01 2.709479926194905200e-02
2.122085808361820480e-01 9.777497003815791565e-01 3.612639901593206471e-02
2.122085808361820480e-01 9.777497003815791565e-01 4.515799876991508088e-02
2.122085808361820480e-01 9.777497003815791565e-01 5.418959852389810400e-02
2.122085808361820480e-01 9.777497003815791565e-01 6.322119827788111324e-02
2.250763521677742046e-02 1.116810020082833893e-01 0.000000000000000000e+00
2.250763521677742046e-02 1.116810020082833893e-01 9.579252256698883626e-04
2.250763521677742046e-02 1.116810020082833893e-01 1.915850451339776725e-03
2.122085808361820480e-01 1.052961215795546801e+00 2.709479926194905200e-02
2.122085808361820480e-01 1.052961215795546801e+00 3.612639901593206471e-02
2.122085808361820480e-01 1.052961215795546801e+00 4.515799876991508088e-02
2.122085808361820480e-01 1.052961215795546801e+00 5.418959852389810400e-02
2.122085808361820480e-01 1.052961215795546801e+00 6.322119827788111324e-02
2.532108961887459889e-02 0.000000000000000000e+00 0.000000000000000000e+00
2.532108961887459889e-02 0.000000000000000000e+00 9.579252256698883626e-04
2.532108961887459889e-02 0.000000000000000000e+00 1.915850451339776725e-03
2.387346534407047971e-01 0.000000000000000000e+00 2.709479926194905200e-02
2.387346534407047971e-01 0.000000000000000000e+00 3.612639901593206471e-02
2.387346534407047971e-01 0.000000000000000000e+00 4.515799876991508088e-02
2.387346534407047971e-01 0.000000000000000000e+00 5.418959852389810400e-02
2.387346534407047971e-01 0.000000000000000000e+00 6.322119827788111324e-02
2.532108961887459889e-02 7.977214429163098988e-03 0.000000000000000000e+00
2.532108961887459889e-02 7.977214429163098988e-03 9.579252256698883626e-04
2.532108961887459889e-02 7.977214429163098988e-03 1.915850451339776725e-03
2.387346534407047971e-01 7.521151541396761675e-02 2.709479926194905200e-02
2.387346534407047971e-01 7.521151541396761675e-02 3.612639901593206471e-02
2.387346534407047971e-01 7.521151541396761675e-02 4.515799876991508088e-02
2.387346534407047971e-01 7.521151541396761675e-02 5.418959852389810400e-02
2.387346534407047971e-01 7.521151541396761675e-02 6.322119827788111324e-02
2.532108961887459889e-02 1.595442885832619798e-02 0.000000000000000000e+00
2.532108961887459889e-02 1.595442885832619798e-02 9.579252256698883626e-04
2.532108961887459889e-02 1.595442885832619798e-02 1.915850451339776725e-03
2.387346534407047971e-01 1.504230308279352335e-01 2.709479926194905200e-02
2.387346534407047971e-01 1.504230308279352335e-01 3.612639901593206471e-02
2.387346534407047971e-01 1.504230308279352335e-01 4.515799876991508088e-02
2.387346534407047971e-01 1.504230308279352335e-01 5.418959852389810400e-02
2.387346534407047971e-01 1.504230308279352335e-01 6.322119827788111324e-02
2.532108961887459889e-02 2.393164328748929870e-02 0.000000000000000000e+00
2.532108961887459889e-02 2.393164328748929870e-02 9.579252256698883626e-04
2.532108961887459889e-02 2.393164328748929870e-02 1.915850451339776725e-03
2.387346534407047971e-01 2.256345462419028780e-01 2.709479926194905200e-02
2.387346534407047971e-01 2.256345462419028780e-01 3.612639901593206471e-02
2.387346534407047971e-01 2.256345462419028780e-01 4.515799876991508088e-02
2.387346534407047971e-01 2.256345462419028780e-01 5.418959852389810400e-02
2.387346534407047971e-01 2.256345462419028780e-01 6.322119827788111324e-02
2.532108961887459889e-02 3.190885771665239595e-02 0.000000000000000000e+00
2.532108961887459889e-02 3.190885771665239595e-02 9.579252256698883626e-04
2.532108961887459889e-02 3.190885771665239595e-02 1.915850451339776725e-03
2.387346534407047971e-01 3.008460616558704670e-01 2.709479926194905200e-02
2.387346534407047971e-01 3.008460616558704670e-01 3.612639901593206471e-02
2.387346534407047971e-01 3.008460616558704670e-01 4.515799876991508088e-02
2.387346534407047971e-01 3.008460616558704670e-01 5.418959852389810400e-02
2.387346534407047971e-01 3.008460616558704670e-01 6.322119827788111324e-02
2.532108961887459889e-02 3.988607214581549321e-02 0.000000000000000000e+00
2.532108961887459889e-02 3.988607214581549321e-02 9.579252256698883626e-04
2.532108961887459889e-02 3.988607214581549321e-02 1.915850451339776725e-03
2.387346534407047971e-01 3.760575770698381115e-01 2.709479926194905200e-02
2.387346534407047971e-01 3.760575770698381115e-01 3.612639901593206471e-02
2.387346534407047971e-01 3.760575770698381115e-01 4.515799876991508088e-02
2.387346534407047971e-01 3.760575770698381115e-01 5.418959852389810400e-02
2.387346534407047971e-01 3.760575770698381115e-01 6.322119827788111324e-02
2.532108961887459889e-02 4.786328657497859740e-02 0.000000000000000000e+00
2.532108961887459889e-02 4.786328657497859740e-02 9.579252256698883626e-04
2.532108961887459889e-02 4.786328657497859740e-02 1.915850451339776725e-03
2.387346534407047971e-01 4.512690924838057560e-01 2.709479926194905200e-02
2.387346534407047971e-01 4.512690924838057560e-01 3.612639901593206471e-02
2.387346534407047971e-01 4.512690924838057560e-01 4.515799876991508088e-02
2.387346534407047971e-01 4.512690924838057560e-01 5.418959852389810400e-02
2.387346534407047971e-01 4.512690924838057560e-01 6.322119827788111324e-02
2.532108961887459889e-02 5.584050100414169465e-02 0.000000000000000000e+00
2.532108961887459889e-02 5.584050100414169465e-02 9.579252256698883626e-04
2.532108961887459889e-02 5.584050100414169465e-02 1.915850451339776725e-03
2.387346534407047971e-01 5.264806078977734005e-01 2.709479926194905200e-02
2.387346534407047971e-01 5.264806078977734005e-01 3.612639901593206471e-02
2.387346534407047971e-01 5.264806078977734005e-01 4.515799876991508088e-02
2.387346534407047971e-01 5.264806078977734005e-01 5.418959852389810400e-02
2.387346534407047971e-01 5.264806078977734005e-01 6.322119827788111324e-02
2.532108961887459889e-02 6.381771543330479191e-02 0.000000000000000000e+00
2.532108961887459889e-02 6.381771543330479191e-02 9.579252256698883626e-04
2.532108961887459889e-02 6.381771543330479191e-02 1.915850451339776725e-03
2.387346534407047971e-01 6.016921233117409340e-01 2.709479926194905200e-02
2.387346534407047971e-01 6.016921233117409340e-01 3.612639901593206471e-02
2.387346534407047971e-01 6.016921233117409340e-01 4.515799876991508088e-02
2.387346534407047971e-01 6.016921233117409340e-01 5.418959852389810400e-02
2.387346534407047971e-01 6.016921233117409340e-01 6.322119827788111324e-02
2.532108961887459889e-02 7.179492986246789610e-02 0.000000000000000000e+00
2.532108961887459889e-02 7.179492986246789610e-02 9.579252256698883626e-04
2.532108961887459889e-02 7.179492986246789610e-02 1.915850451339776725e-03
2.387346534407047971e-01 6.769036387257085785e-01 2.709479926194905200e-02
2.387346534407047971e-01 6.769036387257085785e-01 3.612639901593206471e-02
2.387346534407047971e-01 6.769036387257085785e-01 4.515799876991508088e-02
2.387346534407047971e-01 6.769036387257085785e-01 5.418959852389810400e-02
2.387346534407047971e-01 6.769036387257085785e-01 6.322119827788111324e-02
2.532108961887459889e-02 7.977214429163098641e-02 0.000000000000000000e+00
2.532108961887459889e-02 7.977214429163098641e-02 9.579252256698883626e-04
2.532108961887459889e-02 7.977214429163098641e-02 1.915850451339776725e-03
2.387346534407047971e-01 7.521151541396762230e-01 2.709479926194905200e-02
2.387346534407047971e-01 7.521151541396762230e-01 3.612639901593206471e-02
2.387346534407047971e-01 7.521151541396762230e-01 4.515799876991508088e-02
2.387346534407047971e-01 7.521151541396762230e-01 5.418959852389810400e-02
2.387346534407047971e-01 7.521151541396762230e-01 6.322119827788111324e-02
2.532108961887459889e-02 8.774935872079409060e-02 0.000000000000000000e+00
2.532108961887459889e-02 8.774935872079409060e-02 9.579252256698883626e-04
2.532108961887459889e-02 8.774935872079409060e-02 1.915850451339776725e-03
2.387346534407047971e-01 8.273266695536437565e-01 2.709479926194905200e-02
2.387346534407047971e-01 8.273266695536437565e-01 3.612639901593206471e-02
2.387346534407047971e-01 8.273266695536437565e-01 4.515799876991508088e-02
2.387346534407047971e-01 8.273266695536437565e-01 5.418959852389810400e-02
2.387346534407047971e-01 8.273266695536437565e-01 6.322119827788111324e-02
2.532108961887459889e-02 9.572657314995719480e-02 0.000000000000000000e+00
2.532108961887459889e-02 9.572657314995719480e-02 9.579252256698883626e-04
2.532108961887459889e-02 9.572657314995719480e-02 1.915850451339776725e-03
2.387346534407047971e-01 9.025381849676115120e-01 2.709479926194905200e-02
2.387346534407047971e-01 9.025381849676115120e-01 3.612639901593206471e-02
2.387346534407047971e-01 9.025381849676115120e-01 4.515799876991508088e-02
2.387346534407047971e-01 9.025381849676115120e-01 5.418959852389810400e-02
2.387346534407047971e-01 9.025381849676115120e-01 6.322119827788111324e-02
2.532108961887459889e-02 1.037037875791202990e-01 0.000000000000000000e+00
2.532108961887459889e-02 1.037037875791202990e-01 9.579252256698883626e-04
2.532108961887459889e-02 1.037037875791202990e-01 1.915850451339776725e-03
2.387346534407047971e-01 9.777497003815791565e-01 2.709479926194905200e-02
2.387346534407047971e-01 9.777497003815791565e-01 3.612639901593206471e-02
2.387346534407047971e-01 9.777497003815791565e-01 4.515799876991508088e-02
2.387346534407047971e-01 9.777497003815791565e-01 5.418959852389810400e-02
2.387346534407047971e-01 9.777497003815791565e-01 6.322119827788111324e-02
2.532108961887459889e-02 1.116810020082833893e-01 0.000000000000000000e+00
2.532108961887459889e-02 1.116810020082833893e-01 9.579252256698883626e-04
2.532108961887459889e-02 1.116810020082833893e-01 1.915850451339776725e-03
2.387346534407047971e-01 1.052961215795546801e+00 2.709479926194905200e-02
2.387346534407047971e-01 1.052961215795546801e+00 3.612639901593206471e-02
2.387346534407047971e-01 1.052961215795546801e+00 4.515799876991508088e-02
2.387346534407047971e-01 1.052961215795546801e+00 5.418959852389810400e-02
2.387346534407047971e-01 1.052961215795546801e+00 6.322119827788111324e-02
2.813454402097177731e-02 0.000000000000000000e+00 0.000000000000000000e+00
2.813454402097177731e-02 0.000000000000000000e+00 9.579252256698883626e-04
2.813454402097177731e-02 0.000000000000000000e+00 1.915850451339776725e-03
2.652607260452275462e-01 0.000000000000000000e+00 2.709479926194905200e-02
2.652607260452275462e-01 0.000000000000000000e+00 3.612639901593206471e-02
2.652607260452275462e-01 0.000000000000000000e+00 4.515799876991508088e-02
2.652607260452275462e-01 0.000000000000000000e+00 5.418959852389810400e-02
2.652607260452275462e-01 0.000000000000000000e+00 6.322119827788111324e-02
2.813454402097177731e-02 7.977214429163098988e-03 0.000000000000000000e+00
2.813454402097177731e-02 7.977214429163098988e-03 9.579252256698883626e-04
2.813454402097177731e-02 7.977214429163098988e-03 1.915850451339776725e-03
2.652607260452275462e-01 7.521151541396761675e-02 2.709479926194905200e-02
2.652607260452275462e-01 7.521151541396761675e-02 3.612639901593206471e-02
2.652607260452275462e-01 7.521151541396761675e-02 4.515799876991508088e-02
2.652607260452275462e-01 7.521151541396761675e-02 5.418959852389810400e-02
2.652607260452275462e-01 7.521151541396761675e-02 6.322119827788111324e-02
2.813454402097177731e-02 1.595442885832619798e-02 0.000000000000000000e+00
2.813454402097177731e-02 1.595442885832619798e-02 9.579252256698883626e-04
2.813454402097177731e-02 1.595442885832619798e-02 1.915850451339776725e-03
2.652607260452275462e-01 1.504230308279352335e-01 2.709479926194905200e-02
2.652607260452275462e-01 1.504230308279352335e-01 3.612639901593206471e-02
2.652607260452275462e-01 1.504230308279352335e-01 4.515799876991508088e-02
2.652607260452275462e-01 1.504230308279352335e-01 5.418959852389810400e-02
2.652607260452275462e-01 1.504230308279352335e-01 6.322119827788111324e-02
2.813454402097177731e-02 2.393164328748929870e-02 0.000000000000000000e+00
2.813454402097177731e-02 2.393164328748929870e-02 9.579252256698883626e-04
2.813454402097177731e-02 2.393164328748929870e-02 1.915850451339776725e-03
2.652607260452275462e-01 2.256345462419028780e-01 2.709479926194905200e-02
2.652607260452275462e-01 2.256345462419028780e-01 3.612639901593206471e-02
2.652607260452275462e-01 2.256345462419028780e-01 4.515799876991508088e-02
2.652607260452275462e-01 2.256345462419028780e-01 5.418959852389810400e-02
2.652607260452275462e-01 2.256345462419028780e-01 6.322119827788111324e-02
2.813454402097177731e-02 3.190885771665239595e-02 0.000000000000000000e+00
2.813454402097177731e-02 3.190885771665239595e-02 9.579252256698883626e-04
2.813454402097177731e-02 3.190885771665239595e-02 1.915850451339776725e-03
2.652607260452275462e-01 3.008460616558704670e-01 2.709479926194905200e-02
2.652607260452275462e-01 3.008460616558704670e-01 3.612639901593206471e-02
2.652607260452275462e-01 3.008460616558704670e-01 4.515799876991508088e-02
2.652607260452275462e-01 3.008460616558704670e-01 5.418959852389810400e-02
2.652607260452275462e-01 3.008460616558704670e-01 6.322119827788111324e-02
2.813454402097177731e-02 3.988607214581549321e-02 0.000000000000000000e+00
2.813454402097177731e-02 3.988607214581549321e-02 9.579252256698883626e-04
2.813454402097177731e-02 3.988607214581549321e-02 1.915850451339776725e-03
2.652607260452275462e-01 3.760575770698381115e-01 2.709479926194905200e-02
2.652607260452275462e-01 3.760575770698381115e-01 3.612639901593206471e-02
2.652607260452275462e-01 3.760575770698381115e-01 4.515799876991508088e-02
2.652607260452275462e-01 3.760575770698381115e-01 5.418959852389810400e-02
2.652607260452275462e-01 3.760575770698381115e-01 6.322119827788111324e-02
2.813454402097177731e-02 4.786328657497859740e-02 0.000000000000000000e+00
2.813454402097177731e-02 4.786328657497859740e-02 9.579252256698883626e-04
2.813454402097177731e-02 4.786328657497859740e-02 1.915850451339776725e-03
2.652607260452275462e-01 4.512690924838057560e-01 2.709479926194905200e-02
2.652607260452275462e-01 4.512690924838057560e-01 3.612639901593206471e-02
2.652607260452275462e-01 4.512690924838057560e-01 4.515799876991508088e-02
2.652607260452275462e-01 4.512690924838057560e-01 5.418959852389810400e-02
2.652607260452275462e-01 4.512690924838057560e-01 6.322119827788111324e-02
2.813454402097177731e-02 5.584050100414169465e-02 0.000000000000000000e+00
2.813454402097177731e-02 5.584050100414169465e-02 9.579252256698883626e-04
2.813454402097177731e-02 5.584050100414169465e-02 1.915850451339776725e-03
2.652607260452275462e-01 5.264806078977734005e-01 2.709479926194905200e-02
2.652607260452275462e-01 5.264806078977734005e-01 3.612639901593206471e-02
2.652607260452275462e-01 5.264806078977734005e-01 4.515799876991508088e-02
2.652607260452275462e-01 5.264806078977734005e-01 5.418959852389810400e-02
2.652607260452275462e-01 5.264806078977734005e-01 6.322119827788111324e-02
2.813454402097177731e-02 6.381771543330479191e-02 0.000000000000000000e+00
2.813454402097177731e-02 6.381771543330479191e-02 9.579252256698883626e-04
2.813454402097177731e-02 6.381771543330479191e-02 1.915850451339776725e-03
2.652607260452275462e-01 6.016921233117409340e-01 2.709479926194905200e-02
2.652607260452275462e-01 6.016921233117409340e-01 3.612639901593206471e-02
2.652607260452275462e-01 6.016921233117409340e-01 4.515799876991508088e-02
2.652607260452275462e-01 6.016921233117409340e-01 5.418959852389810400e-02
2.652607260452275462e-01 6.016921233117409340e-01 6.322119827788111324e-02
2.813454402097177731e-02 7.179492986246789610e-02 0.000000000000000000e+00
2.813454402097177731e-02 7.179492986246789610e-02 9.579252256698883626e-04
2.813454402097177731e-02 7.179492986246789610e-02 1.915850451339776725e-03
2.652607260452275462e-01 6.769036387257085785e-01 2.709479926194905200e-02
2.652607260452275462e-01 6.769036387257085785e-01 3.612639901593206471e-02
2.652607260452275462e-01 6.769036387257085785e-01 4.515799876991508088e-02
2.652607260452275462e-01 6.769036387257085785e-01 5.418959852389810400e-02
2.652607260452275462e-01 6.769036387257085785e-01 6.322119827788111324e-02
2.813454402097177731e-02 7.977214429163098641e-02 0.000000000000000000e+00
2.813454402097177731e-02 7.977214429163098641e-02 9.579252256698883626e-04
2.813454402097177731e-02 7.977214429163098641e-02 1.915850451339776725e-03
2.652607260452275462e-01 7.521151541396762230e-01 2.709479926194905200e-02
2.652607260452275462e-01 7.521151541396762230e-01 3.612639901593206471e-02
2.652607260452275462e-01 7.521151541396762230e-01 4.515799876991508088e-02
2.652607260452275462e-01 7.521151541396762230e-01 5.418959852389810400e-02
2.652607260452275462e-01 7.521151541396762230e-01 6.322119827788111324e-02
2.813454402097177731e-02 8.774935872079409060e-02 0.000000000000000000e+00
2.813454402097177731e-02 8.774935872079409060e-02 9.579252256698883626e-04
2.813454402097177731e-02 8.774935872079409060e-02 1.915850451339776725e-03
2.652607260452275462e-01 8.273266695536437565e-01 2.709479926194905200e-02
2.652607260452275462e-01 8.273266695536437565e-01 3.612639901593206471e-02
2.652607260452275462e-01 8.273266695536437565e-01 4.515799876991508088e-02
2.652607260452275462e-01 8.273266695536437565e-01 5.418959852389810400e-02
2.652607260452275462e-01 8.273266695536437565e-01 6.322119827788111324e-02
2.813454402097177731e-02 9.572657314995719480e-02 0.000000000000000000e+00
2.813454402097177731e-02 9.572657314995719480e-02 9.579252256698883626e-04
2.813454402097177731e-02 9.572657314995719480e-02 1.915850451339776725e-03
2.652607260452275462e-01 9.025381849676115120e-01 2.709479926194905200e-02
2.652607260452275462e-01 9.025381849676115120e-01 3.612639901593206471e-02
2.652607260452275462e-01 9.025381849676115120e-01 4.515799876991508088e-02
2.652607260452275462e-01 9.025381849676115120e-01 5.418959852389810400e-02
2.652607260452275462e-01 9.025381849676115120e-01 6.322119827788111324e-02
2.813454402097177731e-02 1.037037875791202990e-01 0.000000000000000000e+00
2.813454402097177731e-02 1.037037875791202990e-01 9.579252256698883626e-04
2.813454402097177731e-02 1.037037875791202990e-01 1.915850451339776725e-03
2.652607260452275462e-01 9.777497003815791565e-01 2.709479926194905200e-02
2.652607260452275462e-01 9.777497003815791565e-01 3.612639901593206471e-02
2.652607260452275462e-01 9.777497003815791565e-01 4.515799876991508088e-02
2.652607260452275462e-01 9.777497003815791565e-01 5.418959852389810400e-02
2.652607260452275462e-01 9.777497003815791565e-01 6.322119827788111324e-02
2.813454402097177731e-02 1.116810020082833893e-01 0.000000000000000000e+00
2.813454402097177731e-02 1.116810020082833893e-01 9.579252256698883626e-04
2.813454402097177731e-02 1.116810020082833893e-01 1.915850451339776725e-03
2.652607260452275462e-01 1.052961215795546801e+00 2.709479926194905200e-02
2.652607260452275462e-01 1.052961215795546801e+00 3.612639901593206471e-02
2.652607260452275462e-01 1.052961215795546801e+00 4.515799876991508088e-02
2.652607260452275462e-01 1.052961215795546801e+00 5.418959852389810400e-02
2.652607260452275462e-01 1.052961215795546801e+00 6.322119827788111324e-02
3.094799842306895574e-02 0.000000000000000000e+00 0.000000000000000000e+00
3.094799842306895574e-02 0.000000000000000000e+00 9.579252256698883626e-04
3.094799842306895574e-02 0.000000000000000000e+00 1.915850451339776725e-03
2.917867986497503230e-01 0.000000000000000000e+00 2.709479926194905200e-02
2.917867986497503230e-01 0.000000000000000000e+00 3.612639901593206471e-02
2.917867986497503230e-01 0.000000000000000000e+00 4.515799876991508088e-02
2.917867986497503230e-01 0.000000000000000000e+00 5.418959852389810400e-02
2.917867986497503230e-01 0.000000000000000000e+00 6.322119827788111324e-02
3.094799842306895574e-02 7.977214429163098988e-03 0.000000000000000000e+00
3.094799842306895574e-02 7.977214429163098988e-03 9.579252256698883626e-04
3.094799842306895574e-02 7.977214429163098988e-03 1.915850451339776725e-03
2.917867986497503230e-01 7.521151541396761675e-02 2.709479926194905200e-02
2.917867986497503230e-01 7.521151541396761675e-02 3.612639901593206471e-02
2.917867986497503230e-01 7.521151541396761675e-02 4.515799876991508088e-02
2.917867986497503230e-01 7.521151541396761675e-02 5.418959852389810400e-02
2.917867986497503230e-01 7.521151541396761675e-02 6.322119827788111324e-02
3.094799842306895574e-02 1.595442885832619798e-02 0.000000000000000000e+00
3.094799842306895574e-02 1.595442885832619798e-02 9.579252256698883626e-04
3.094799842306895574e-02 1.595442885832619798e-02 1.915850451339776725e-03
2.917867986497503230e-01 1.504230308279352335e-01 2.709479926194905200e-02
2.917867986497503230e-01 1.504230308279352335e-01 3.612639901593206471e-02
2.917867986497503230e-01 1.504230308279352335e-01 4.515799876991508088e-02
2.917867986497503230e-01 1.504230308279352335e-01 5.418959852389810400e-02
2.917867986497503230e-01 1.504230308279352335e-01 6.322119827788111324e-02
3.094799842306895574e-02 2.393164328748929870e-02 0.000000000000000000e+00
3.094799842306895574e-02 2.393164328748929870e-02 9.579252256698883626e-04
3.094799842306895574e-02 2.393164328748929870e-02 1.915850451339776725e-03
2.917867986497503230e-01 2.256345462419028780e-01 2.709479926194905200e-02
2.917867986497503230e-01 2.256345462419028780e-01 3.612639901593206471e-02
2.917867986497503230e-01 2.256345462419028780e-01 4.515799876991508088e-02
2.917867986497503230e-01 2.256345462419028780e-01 5.418959852389810400e-02
2.917867986497503230e-01 2.256345462419028780e-01 6.322119827788111324e-02
3.094799842306895574e-02 3.190885771665239595e-02 0.000000000000000000e+00
3.094799842306895574e-02 3.190885771665239595e-02 9.579252256698883626e-04
3.094799842306895574e-02 3.190885771665239595e-02 1.915850451339776725e-03
2.917867986497503230e-01 3.008460616558704670e-01 2.709479926194905200e-02
2.917867986497503230e-01 3.008460616558704670e-01 3.612639901593206471e-02
2.917867986497503230e-01 3.008460616558704670e-01 4.515799876991508088e-02
2.917867986497503230e-01 3.008460616558704670e-01 5.418959852389810400e-02
2.917867986497503230e-01 3.008460616558704670e-01 6.322119827788111324e-02
3.094799842306895574e-02 3.988607214581549321e-02 0.000000000000000000e+00
3.094799842306895574e-02 3.988607214581549321e-02 9.579252256698883626e-04
3.094799842306895574e-02 3.988607214581549321e-02 1.915850451339776725e-03
2.917867986497503230e-01 3.760575770698381115e-01 2.709479926194905200e-02
2.917867986497503230e-01 3.760575770698381115e-01 3.612639901593206471e-02
2.917867986497503230e-01 3.760575770698381115e-01 4.515799876991508088e-02
2.917867986497503230e-01 3.760575770698381115e-01 5.418959852389810400e-02
2.917867986497503230e-01 3.760575770698381115e-01 6.322119827788111324e-02
3.094799842306895574e-02 4.786328657497859740e-02 0.000000000000000000e+00
3.094799842306895574e-02 4.786328657497859740e-02 9.579252256698883626e-04
3.094799842306895574e-02 4.786328657497859740e-02 1.915850451339776725e-03
2.917867986497503230e-01 4.512690924838057560e-01 2.709479926194905200e-02
2.917867986497503230e-01 4.512690924838057560e-01 3.612639901593206471e-02
2.917867986497503230e-01 4.512690924838057560e-01 4.515799876991508088e-02
2.917867986497503230e-01 4.512690924838057560e-01 5.418959852389810400e-02
2.917867986497503230e-01 4.512690924838057560e-01 6.322119827788111324e-02
3.094799842306895574e-02 5.584050100414169465e-02 0.000000000000000000e+00
3.094799842306895574e-02 5.584050100414169465e-02 9.579252256698883626e-04
3.094799842306895574e-02 5.584050100414169465e-02 1.915850451339776725e-03
2.917867986497503230e-01 5.264806078977734005e-01 2.709479926194905200e-02
2.917867986497503230e-01 5.264806078977734005e-01 3.612639901593206471e-02
2.917867986497503230e-01 5.264806078977734005e-01 4.515799876991508088e-02
2.917867986497503230e-01 5.264806078977734005e-01 5.418959852389810400e-02
2.917867986497503230e-01 5.264806078977734005e-01 6.322119827788111324e-02
3.094799842306895574e-02 6.381771543330479191e-02 0.000000000000000000e+00
3.094799842306895574e-02 6.381771543330479191e-02 9.579252256698883626e-04
3.094799842306895574e-02 6.381771543330479191e-02 1.915850451339776725e-03
2.917867986497503230e-01 6.016921233117409340e-01 2.709479926194905200e-02
2.917867986497503230e-01 6.016921233117409340e-01 3.612639901593206471e-02
2.917867986497503230e-01 6.016921233117409340e-01 4.515799876991508088e-02
2.917867986497503230e-01 6.016921233117409340e-01 5.418959852389810400e-02
2.917867986497503230e-01 6.016921233117409340e-01 6.322119827788111324e-02
3.094799842306895574e-02 7.179492986246789610e-02 0.000000000000000000e+00
3.094799842306895574e-02 7.179492986246789610e-02 9.579252256698883626e-04
3.094799842306895574e-02 7.179492986246789610e-02 1.915850451339776725e-03
2.917867986497503230e-01 6.769036387257085785e-01 2.709479926194905200e-02
2.917867986497503230e-01 6.769036387257085785e-01 3.612639901593206471e-02
2.917867986497503230e-01 6.769036387257085785e-01 4.515799876991508088e-02
2.917867986497503230e-01 6.769036387257085785e-01 5.418959852389810400e-02
2.917867986497503230e-01 6.769036387257085785e-01 6.322119827788111324e-02
3.094799842306895574e-02 7.977214429163098641e-02 0.000000000000000000e+00
3.094799842306895574e-02 7.977214429163098641e-02 9.579252256698883626e-04
3.094799842306895574e-02 7.977214429163098641e-02 1.915850451339776725e-03
2.917867986497503230e-01 7.521151541396762230e-01 2.709479926194905200e-02
2.917867986497503230e-01 7.521151541396762230e-01 3.612639901593206471e-02
2.917867986497503230e-01 7.521151541396762230e-01 4.515799876991508088e-02
2.917867986497503230e-01 7.521151541396762230e-01 5.418959852389810400e-02
2.917867986497503230e-01 7.521151541396762230e-01 6.322119827788111324e-02
3.094799842306895574e-02 8.774935872079409060e-02 0.000000000000000000e+00
3.094799842306895574e-02 8.774935872079409060e-02 9.579252256698883626e-04
3.094799842306895574e-02 8.774935872079409060e-02 1.915850451339776725e-03
2.917867986497503230e-01 8.273266695536437565e-01 2.709479926194905200e-02
2.917867986497503230e-01 8.273266695536437565e-01 3.612639901593206471e-02
2.917867986497503230e-01 8.273266695536437565e-01 4.515799876991508088e-02
2.917867986497503230e-01 8.273266695536437565e-01 5.418959852389810400e-02
2.917867986497503230e-01 8.273266695536437565e-01 6.322119827788111324e-02
3.094799842306895574e-02 9.572657314995719480e-02 0.000000000000000000e+00
3.094799842306895574e-02 9.572657314995719480e-02 9.579252256698883626e-04
3.094799842306895574e-02 9.572657314995719480e-02 1.915850451339776725e-03
2.917867986497503230e-01 9.025381849676115120e-01 2.709479926194905200e-02
2.917867986497503230e-01 9.025381849676115120e-01 3.612639901593206471e-02
2.917867986497503230e-01 9.025381849676115120e-01 4.515799876991508088e-02
2.917867986497503230e-01 9.025381849676115120e-01 5.418959852389810400e-02
2.917867986497503230e-01 9.025381849676115120e-01 6.322119827788111324e-02
3.094799842306895574e-02 1.037037875791202990e-01 0.000000000000000000e+00
3.094799842306895574e-02 1.037037875791202990e-01 9.579252256698883626e-04
3.094799842306895574e-02 1.037037875791202990e-01 1.915850451339776725e-03
2.917867986497503230e-01 9.777497003815791565e-01 2.709479926194905200e-02
2.917867986497503230e-01 9.777497003815791565e-01 3.612639901593206471e-02
2.917867986497503230e-01 9.777497003815791565e-01 4.515799876991508088e-02
2.917867986497503230e-01 9.777497003815791565e-01 5.418959852389810400e-02
2.917867986497503230e-01 9.777497003815791565e-01 6.322119827788111324e-02
3.094799842306895574e-02 1.116810020082833893e-01 0.000000000000000000e+00
3.094799842306895574e-02 1.116810020082833893e-01 9.579252256698883626e-04
3.094799842306895574e-02 1.116810020082833893e-01 1.915850451339776725e-03
2.917867986497503230e-01 1.052961215795546801e+00 2.709479926194905200e-02
2.917867986497503230e-01 1.052961215795546801e+00 3.612639901593206471e-02
2.917867986497503230e-01 1.052961215795546801e+00 4.515799876991508088e-02
2.917867986497503230e-01 1.052961215795546801e+00 5.418959852389810400e-02
2.917867986497503230e-01 1.052961215795546801e+00 6.322119827788111324e-02
3.376145282516613416e-02 0.000000000000000000e+00 0.000000000000000000e+00
3.376145282516613416e-02 0.000000000000000000e+00 9.579252256698883626e-04
3.376145282516613416e-02 0.000000000000000000e+00 1.915850451339776725e-03
3.183128712542730998e-01 0.000000000000000000e+00 2.709479926194905200e-02
3.183128712542730998e-01 0.000000000000000000e+00 3.612639901593206471e-02
3.183128712542730998e-01 0.000000000000000000e+00 4.515799876991508088e-02
3.183128712542730998e-01 0.000000000000000000e+00 5.418959852389810400e-02
3.183128712542730998e-01 0.000000000000000000e+00 6.322119827788111324e-02
3.376145282516613416e-02 7.977214429163098988e-03 0.000000000000000000e+00
3.376145282516613416e-02 7.977214429163098988e-03 9.579252256698883626e-04
3.376145282516613416e-02 7.977214429163098988e-03 1.915850451339776725e-03
3.183128712542730998e-01 7.521151541396761675e-02 2.709479926194905200e-02
3.183128712542730998e-01 7.521151541396761675e-02 3.612639901593206471e-02
3.183128712542730998e-01 7.521151541396761675e-02 4.515799876991508088e-02
3.183128712542730998e-01 7.521151541396761675e-02 5.418959852389810400e-02
3.183128712542730998e-01 7.521151541396761675e-02 6.322119827788111324e-02
3.376145282516613416e-02 1.595442885832619798e-02 0.000000000000000000e+00
3.376145282516613416e-02 1.595442885832619798e-02 9.579252256698883626e-04
3.376145282516613416e-02 1.595442885832619798e-02 1.915850451339776725e-03
3.183128712542730998e-01 1.504230308279352335e-01 2.709479926194905200e-02
3.183128712542730998e-01 1.504230308279352335e-01 3.612639901593206471e-02
3.183128712542730998e-01 1.504230308279352335e-01 4.515799876991508088e-02
3.183128712542730998e-01 1.504230308279352335e-01 5.418959852389810400e-02
3.183128712542730998e-01 1.504230308279352335e-01 6.322119827788111324e-02
3.376145282516613416e-02 2.393164328748929870e-02 0.000000000000000000e+00
3.376145282516613416e-02 2.393164328748929870e-02 9.579252256698883626e-04
3.376145282516613416e-02 2.393164328748929870e-02 1.915850451339776725e-03
3.183128712542730998e-01 2.256345462419028780e-01 2.709479926194905200e-02
3.183128712542730998e-01 2.256345462419028780e-01 3.612639901593206471e-02
3.183128712542730998e-01 2.256345462419028780e-01 4.515799876991508088e-02
3.183128712542730998e-01 2.256345462419028780e-01 5.418959852389810400e-02
3.183128712542730998e-01 2.256345462419028780e-01 6.322119827788111324e-02
3.376145282516613416e-02 3.190885771665239595e-02 0.000000000000000000e+00
3.376145282516613416e-02 3.190885771665239595e-02 9.579252256698883626e-04
3.376145282516613416e-02 3.190885771665239595e-02 1.915850451339776725e-03
3.183128712542730998e-01 3.008460616558704670e-01 2.709479926194905200e-02
3.183128712542730998e-01 3.008460616558704670e-01 3.612639901593206471e-02
3.183128712542730998e-01 3.008460616558704670e-01 4.515799876991508088e-02
3.183128712542730998e-01 3.008460616558704670e-01 5.418959852389810400e-02
3.183128712542730998e-01 3.008460616558704670e-01 6.322119827788111324e-02
3.376145282516613416e-02 3.988607214581549321e-02 0.000000000000000000e+00
3.376145282516613416e-02 3.988607214581549321e-02 9.579252256698883626e-04
3.376145282516613416e-02 3.988607214581549321e-02 1.915850451339776725e-03
3.183128712542730998e-01 3.760575770698381115e-01 2.709479926194905200e-02
3.183128712542730998e-01 3.760575770698381115e-01 3.612639901593206471e-02
3.183128712542730998e-01 3.760575770698381115e-01 4.515799876991508088e-02
3.183128712542730998e-01 3.760575770698381115e-01 5.418959852389810400e-02
3.183128712542730998e-01 3.760575770698381115e-01 6.322119827788111324e-02
3.376145282516613416e-02 4.786328657497859740e-02 0.000000000000000000e+00
3.376145282516613416e-02 4.786328657497859740e-02 9.579252256698883626e-04
3.376145282516613416e-02 4.786328657497859740e-02 1.915850451339776725e-03
3.183128712542730998e-01 4.512690924838057560e-01 2.709479926194905200e-02
3.183128712542730998e-01 4.512690924838057560e-01 3.612639901593206471e-02
3.183128712542730998e-01 4.512690924838057560e-01 4.515799876991508088e-02
3.183128712542730998e-01 4.512690924838057560e-01 5.418959852389810400e-02
3.183128712542730998e-01 4.512690924838057560e-01 6.322119827788111324e-02
3.376145282516613416e-02 5.584050100414169465e-02 0.000000000000000000e+00
3.376145282516613416e-02 5.584050100414169465e-02 9.579252256698883626e-04
3.376145282516613416e-02 5.584050100414169465e-02 1.915850451339776725e-03
3.183128712542730998e-01 5.264806078977734005e-01 2.709479926194905200e-02
3.183128712542730998e-01 5.264806078977734005e-01 3.612639901593206471e-02
3.183128712542730998e-01 5.264806078977734005e-01 4.515799876991508088e-02
3.183128712542730998e-01 5.264806078977734005e-01 5.418959852389810400e-02
3.183128712542730998e-01 5.264806078977734005e-01 6.322119827788111324e-02
3.376145282516613416e-02 6.381771543330479191e-02 0.000000000000000000e+00
3.376145282516613416e-02 6.381771543330479191e-02 9.579252256698883626e-04
3.376145282516613416e-02 6.381771543330479191e-02 1.915850451339776725e-03
3.183128712542730998e-01 6.016921233117409340e-01 2.709479926194905200e-02
3.183128712542730998e-01 6.016921233117409340e-01 3.612639901593206471e-02
3.183128712542730998e-01 6.016921233117409340e-01 4.515799876991508088e-02
3.183128712542730998e-01 6.016921233117409340e-01 5.418959852389810400e-02
3.183128712542730998e-01 6.016921233117409340e-01 6.322119827788111324e-02
3.376145282516613416e-02 7.179492986246789610e-02 0.000000000000000000e+00
3.376145282516613416e-02 7.179492986246789610e-02 9.579252256698883626e-04
3.376145282516613416e-02 7.179492986246789610e-02 1.915850451339776725e-03
3.183128712542730998e-01 6.769036387257085785e-01 2.709479926194905200e-02
3.183128712542730998e-01 6.769036387257085785e-01 3.612639901593206471e-02
3.183128712542730998e-01 6.769036387257085785e-01 4.515799876991508088e-02
3.183128712542730998e-01 6.769036387257085785e-01 5.418959852389810400e-02
3.183128712542730998e-01 6.769036387257085785e-01 6.322119827788111324e-02
3.376145282516613416e-02 7.977214429163098641e-02 0.000000000000000000e+00
3.376145282516613416e-02 7.977214429163098641e-02 9.579252256698883626e-04
3.376145282516613416e-02 7.977214429163098641e-02 1.915850451339776725e-03
3.183128712542730998e-01 7.521151541396762230e-01 2.709479926194905200e-02
3.183128712542730998e-01 7.521151541396762230e-01 3.612639901593206471e-02
3.183128712542730998e-01 7.521151541396762230e-01 4.515799876991508088e-02
3.183128712542730998e-01 7.521151541396762230e-01 5.418959852389810400e-02
3.183128712542730998e-01 7.521151541396762230e-01 6.322119827788111324e-02
3.376145282516613416e-02 8.774935872079409060e-02 0.000000000000000000e+00
3.376145282516613416e-02 8.774935872079409060e-02 9.579252256698883626e-04
3.376145282516613416e-02 8.774935872079409060e-02 1.915850451339776725e-03
3.183128712542730998e-01 8.273266695536437565e-01 2.709479926194905200e-02
3.183128712542730998e-01 8.273266695536437565e-01 3.612639901593206471e-02
3.183128712542730998e-01 8.273266695536437565e-01 4.515799876991508088e-02
3.183128712542730998e-01 8.273266695536437565e-01 5.418959852389810400e-02
3.183128712542730998e-01 8.273266695536437565e-01 6.322119827788111324e-02
3.376145282516613416e-02 9.572657314995719480e-02 0.000000000000000000e+00
3.376145282516613416e-02 9.572657314995719480e-02 9.579252256698883626e-04
3.376145282516613416e-02 9.572657314995719480e-02 1.915850451339776725e-03
3.183128712542730998e-01 9.025381849676115120e-01 2.709479926194905200e-02
3.183128712542730998e-01 9.025381849676115120e-01 3.612639901593206471e-02
3.183128712542730998e-01 9.025381849676115120e-01 4.515799876991508088e-02
3.183128712542730998e-01 9.025381849676115120e-01 5.418959852389810400e-02
3.183128712542730998e-01 9.025381849676115120e-01 6.322119827788111324e-02
3.376145282516613416e-02 1.037037875791202990e-01 0.000000000000000000e+00
3.376145282516613416e-02 1.037037875791202990e-01 9.579252256698883626e-04
3.376145282516613416e-02 1.037037875791202990e-01 1.915850451339776725e-03
3.183128712542730998e-01 9.777497003815791565e-01 2.709479926194905200e-02
3.183128712542730998e-01 9.777497003815791565e-01 3.612639901593206471e-02
3.183128712542730998e-01 9.777497003815791565e-01 4.515799876991508088e-02
3.183128712542730998e-01 9.777497003815791565e-01 5.418959852389810400e-02
3.183128712542730998e-01 9.777497003815791565e-01 6.322119827788111324e-02
3.376145282516613416e-02 1.116810020082833893e-01 0.000000000000000000e+00
3.376145282516613416e-02 1.116810020082833893e-01 9.579252256698883626e-04
3.376145282516613416e-02 1.116810020082833893e-01 1.915850451339776725e-03
3.183128712542730998e-01 1.052961215795546801e+00 2.709479926194905200e-02
3.183128712542730998e-01 1.052961215795546801e+00 3.612639901593206471e-02
3.183128712542730998e-01 1.052961215795546801e+00 4.515799876991508088e-02
3.183128712542730998e-01 1.052961215795546801e+00 5.418959852389810400e-02
3.183128712542730998e-01 1.052961215795546801e+00 6.322119827788111324e-02
3.657490722726330912e-02 0.000000000000000000e+00 0.000000000000000000e+00
3.657490722726330912e-02 0.000000000000000000e+00 9.579252256698883626e-04
3.657490722726330912e-02 0.000000000000000000e+00 1.915850451339776725e-03
3.448389438587958766e-01 0.000000000000000000e+00 2.709479926194905200e-02
3.448389438587958766e-01 0.000000000000000000e+00 3.612639901593206471e-02
3.448389438587958766e-01 0.000000000000000000e+00 4.515799876991508088e-02
3.448389438587958766e-01 0.000000000000000000e+00 5.418959852389810400e-02
3.448389438587958766e-01 0.000000000000000000e+00 6.322119827788111324e-02
3.657490722726330912e-02 7.977214429163098988e-03 0.000000000000000000e+00
3.657490722726330912e-02 7.977214429163098988e-03 9.579252256698883626e-04
3.657490722726330912e-02 7.977214429163098988e-03 1.915850451339776725e-03
3.448389438587958766e-01 7.521151541396761675e-02 2.709479926194905200e-02
3.448389438587958766e-01 7.521151541396761675e-02 3.612639901593206471e-02
3.448389438587958766e-01 7.521151541396761675e-02 4.515799876991508088e-02
3.448389438587958766e-01 7.521151541396761675e-02 5.418959852389810400e-02
3.448389438587958766e-01 7.521151541396761675e-02 6.322119827788111324e-02
3.657490722726330912e-02 1.595442885832619798e-02 0.000000000000000000e+00
3.657490722726330912e-02 1.595442885832619798e-02 9.579252256698883626e-04
3.657490722726330912e-02 1.595442885832619798e-02 1.915850451339776725e-03
3.448389438587958766e-01 1.504230308279352335e-01 2.709479926194905200e-02
3.448389438587958766e-01 1.504230308279352335e-01 3.612639901593206471e-02
3.448389438587958766e-01 1.504230308279352335e-01 4.515799876991508088e-02
3.448389438587958766e-01 1.504230308279352335e-01 5.418959852389810400e-02
3.448389438587958766e-01 1.504230308279352335e-01 6.322119827788111324e-02
3.657490722726330912e-02 2.393164328748929870e-02 0.000000000000000000e+00
3.657490722726330912e-02 2.393164328748929870e-02 9.579252256698883626e-04
3.657490722726330912e-02 2.393164328748929870e-02 1.915850451339776725e-03
3.448389438587958766e-01 2.256345462419028780e-01 2.709479926194905200e-02
3.448389438587958766e-01 2.256345462419028780e-01 3.612639901593206471e-02
3.448389438587958766e-01 2.256345462419028780e-01 4.515799876991508088e-02
3.448389438587958766e-01 2.256345462419028780e-01 5.418959852389810400e-02
3.448389438587958766e-01 2.256345462419028780e-01 6.322119827788111324e-02
3.657490722726330912e-02 3.190885771665239595e-02 0.000000000000000000e+00
3.657490722726330912e-02 3.190885771665239595e-02 9.579252256698883626e-04
3.657490722726330912e-02 3.190885771665239595e-02 1.915850451339776725e-03
3.448389438587958766e-01 3.008460616558704670e-01 2.709479926194905200e-02
3.448389438587958766e-01 3.008460616558704670e-01 3.612639901593206471e-02
3.448389438587958766e-01 3.008460616558704670e-01 4.515799876991508088e-02
3.448389438587958766e-01 3.008460616558704670e-01 5.418959852389810400e-02
3.448389438587958766e-01 3.008460616558704670e-01 6.322119827788111324e-02
3.657490722726330912e-02 3.988607214581549321e-02 0.000000000000000000e+00
3.657490722726330912e-02 3.988607214581549321e-02 9.579252256698883626e-04
3.657490722726330912e-02 3.988607214581549321e-02 1.915850451339776725e-03
3.448389438587958766e-01 3.760575770698381115e-01 2.709479926194905200e-02
3.448389438587958766e-01 3.760575770698381115e-01 3.612639901593206471e-02
3.448389438587958766e-01 3.760575770698381115e-01 4.515799876991508088e-02
3.448389438587958766e-01 3.760575770698381115e-01 5.418959852389810400e-02
3.448389438587958766e-01 3.760575770698381115e-01 6.322119827788111324e-02
3.657490722726330912e-02 4.786328657497859740e-02 0.000000000000000000e+00
3.657490722726330912e-02 4.786328657497859740e-02 9.579252256698883626e-04
3.657490722726330912e-02 4.786328657497859740e-02 1.915850451339776725e-03
3.448389438587958766e-01 4.512690924838057560e-01 2.709479926194905200e-02
3.448389438587958766e-01 4.512690924838057560e-01 3.612639901593206471e-02
3.448389438587958766e-01 4.512690924838057560e-01 4.515799876991508088e-02
3.448389438587958766e-01 4.512690924838057560e-01 5.418959852389810400e-02
3.448389438587958766e-01 4.512690924838057560e-01 6.322119827788111324e-02
3.657490722726330912e-02 5.584050100414169465e-02 0.000000000000000000e+00
3.657490722726330912e-02 5.584050100414169465e-02 9.579252256698883626e-04
3.657490722726330912e-02 5.584050100414169465e-02 1.915850451339776725e-03
3.448389438587958766e-01 5.264806078977734005e-01 2.709479926194905200e-02
3.448389438587958766e-01 5.264806078977734005e-01 3.612639901593206471e-02
3.448389438587958766e-01 5.264806078977734005e-01 4.515799876991508088e-02
3.448389438587958766e-01 5.264806078977734005e-01 5.418959852389810400e-02
3.448389438587958766e-01 5.264806078977734005e-01 6.322119827788111324e-02
3.657490722726330912e-02 6.381771543330479191e-02 0.000000000000000000e+00
3.657490722726330912e-02 6.381771543330479191e-02 9.579252256698883626e-04
3.657490722726330912e-02 6.381771543330479191e-02 1.915850451339776725e-03
3.448389438587958766e-01 6.016921233117409340e-01 2.709479926194905200e-02
3.448389438587958766e-01 6.016921233117409340e-01 3.612639901593206471e-02
3.448389438587958766e-01 6.016921233117409340e-01 4.515799876991508088e-02
3.448389438587958766e-01 6.016921233117409340e-01 5.418959852389810400e-02
3.448389438587958766e-01 6.016921233117409340e-01 6.322119827788111324e-02
3.657490722726330912e-02 7.179492986246789610e-02 0.000000000000000000e+00
3.657490722726330912e-02 7.179492986246789610e-02 9.579252256698883626e-04
3.657490722726330912e-02 7.179492986246789610e-02 1.915850451339776725e-03
3.448389438587958766e-01 6.769036387257085785e-01 2.709479926194905200e-02
3.448389438587958766e-01 6.769036387257085785e-01 3.612639901593206471e-02
3.448389438587958766e-01 6.769036387257085785e-01 4.515799876991508088e-02
3.448389438587958766e-01 6.769036387257085785e-01 5.418959852389810400e-02
3.448389438587958766e-01 6.769036387257085785e-01 6.322119827788111324e-02
3.657490722726330912e-02 7.977214429163098641e-02 0.000000000000000000e+00
3.657490722726330912e-02 7.977214429163098641e-02 9.579252256698883626e-04
3.657490722726330912e-02 7.977214429163098641e-02 1.915850451339776725e-03
3.448389438587958766e-01 7.521151541396762230e-01 2.709479926194905200e-02
3.448389438587958766e-01 7.521151541396762230e-01 3.612639901593206471e-02
3.448389438587958766e-01 7.521151541396762230e-01 4.515799876991508088e-02
3.448389438587958766e-01 7.521151541396762230e-01 5.418959852389810400e-02
3.448389438587958766e-01 7.521151541396762230e-01 6.322119827788111324e-02
3.657490722726330912e-02 8.774935872079409060e-02 0.000000000000000000e+00
3.657490722726330912e-02 8.774935872079409060e-02 9.579252256698883626e-04
3.657490722726330912e-02 8.774935872079409060e-02 1.915850451339776725e-03
3.448389438587958766e-01 8.273266695536437565e-01 2.709479926194905200e-02
3.448389438587958766e-01 8.273266695536437565e-01 3.612639901593206471e-02
3.448389438587958766e-01 8.273266695536437565e-01 4.515799876991508088e-02
3.448389438587958766e-01 8.273266695536437565e-01 5.418959852389810400e-02
3.448389438587958766e-01 8.273266695536437565e-01 6.322119827788111324e-02
3.657490722726330912e-02 9.572657314995719480e-02 0.000000000000000000e+00
3.657490722726330912e-02 9.572657314995719480e-02 9.579252256698883626e-04
3.657490722726330912e-02 9.572657314995719480e-02 1.915850451339776725e-03
3.448389438587958766e-01 9.025381849676115120e-01 2.709479926194905200e-02
3.448389438587958766e-01 9.025381849676115120e-01 3.612639901593206471e-02
3.448389438587958766e-01 9.025381849676115120e-01 4.515799876991508088e-02
3.448389438587958766e-01 9.025381849676115120e-01 5.418959852389810400e-02
3.448389438587958766e-01 9.025381849676115120e-01 6.322119827788111324e-02
3.657490722726330912e-02 1.037037875791202990e-01 0.000000000000000000e+00
3.657490722726330912e-02 1.037037875791202990e-01 9.579252256698883626e-04
3.657490722726330912e-02 1.037037875791202990e-01 1.915850451339776725e-03
3.448389438587958766e-01 9.777497003815791565e-01 2.709479926194905200e-02
3.448389438587958766e-01 9.777497003815791565e-01 3.612639901593206471e-02
3.448389438587958766e-01 9.777497003815791565e-01 4.515799876991508088e-02
3.448389438587958766e-01 9.777497003815791565e-01 5.418959852389810400e-02
3.448389438587958766e-01 9.777497003815791565e-01 6.322119827788111324e-02
3.657490722726330912e-02 1.116810020082833893e-01 0.000000000000000000e+00
3.657490722726330912e-02 1.116810020082833893e-01 9.579252256698883626e-04
3.657490722726330912e-02 1.116810020082833893e-01 1.915850451339776725e-03
3.448389438587958766e-01 1.052961215795546801e+00 2.709479926194905200e-02
3.448389438587958766e-01 1.052961215795546801e+00 3.612639901593206471e-02
3.448389438587958766e-01 1.052961215795546801e+00 4.515799876991508088e-02
3.448389438587958766e-01 1.052961215795546801e+00 5.418959852389810400e-02
3.448389438587958766e-01 1.052961215795546801e+00 6.322119827788111324e-02
3.938836162936048407e-02 0.000000000000000000e+00 0.000000000000000000e+00
3.938836162936048407e-02 0.000000000000000000e+00 9.579252256698883626e-04
3.938836162936048407e-02 0.000000000000000000e+00 1.915850451339776725e-03
3.713650164633185979e-01 0.000000000000000000e+00 2.709479926194905200e-02
3.713650164633185979e-01 0.000000000000000000e+00 3.612639901593206471e-02
3.713650164633185979e-01 0.000000000000000000e+00 4.515799876991508088e-02
3.713650164633185979e-01 0.000000000000000000e+00 5.418959852389810400e-02
3.713650164633185979e-01 0.000000000000000000e+00 6.322119827788111324e-02
3.938836162936048407e-02 7.977214429163098988e-03 0.000000000000000000e+00
3.938836162936048407e-02 7.977214429163098988e-03 9.579252256698883626e-04
3.938836162936048407e-02 7.977214429163098988e-03 1.915850451339776725e-03
3.713650164633185979e-01 7.521151541396761675e-02 2.709479926194905200e-02
3.713650164633185979e-01 7.521151541396761675e-02 3.612639901593206471e-02
3.713650164633185979e-01 7.521151541396761675e-02 4.515799876991508088e-02
3.713650164633185979e-01 7.521151541396761675e-02 5.418959852389810400e-02
3.713650164633185979e-01 7.521151541396761675e-02 6.322119827788111324e-02
3.938836162936048407e-02 1.595442885832619798e-02 0.000000000000000000e+00
3.938836162936048407e-02 1.595442885832619798e-02 9.579252256698883626e-04
3.938836162936048407e-02 1.595442885832619798e-02 1.915850451339776725e-03
3.713650164633185979e-01 1.504230308279352335e-01 2.709479926194905200e-02
3.713650164633185979e-01 1.504230308279352335e-01 3.612639901593206471e-02
3.713650164633185979e-01 1.504230308279352335e-01 4.515799876991508088e-02
3.713650164633185979e-01 1.504230308279352335e-01 5.418959852389810400e-02
3.713650164633185979e-01 1.504230308279352335e-01 6.322119827788111324e-02
3.938836162936048407e-02 2.393164328748929870e-02 0.000000000000000000e+00
3.938836162936048407e-02 2.393164328748929870e-02 9.579252256698883626e-04
3.938836162936048407e-02 2.393164328748929870e-02 1.915850451339776725e-03
3.713650164633185979e-01 2.256345462419028780e-01 2.709479926194905200e-02
3.713650164633185979e-01 2.256345462419028780e-01 3.612639901593206471e-02
3.713650164633185979e-01 2.256345462419028780e-01 4.515799876991508088e-02
3.713650164633185979e-01 2.256345462419028780e-01 5.418959852389810400e-02
3.713650164633185979e-01 2.256345462419028780e-01 6.322119827788111324e-02
3.938836162936048407e-02 3.190885771665239595e-02 0.000000000000000000e+00
3.938836162936048407e-02 3.190885771665239595e-02 9.579252256698883626e-04
3.938836162936048407e-02 3.190885771665239595e-02 1.915850451339776725e-03
3.713650164633185979e-01 3.008460616558704670e-01 2.709479926194905200e-02
3.713650164633185979e-01 3.008460616558704670e-01 3.612639901593206471e-02
3.713650164633185979e-01 3.008460616558704670e-01 4.515799876991508088e-02
3.713650164633185979e-01 3.008460616558704670e-01 5.418959852389810400e-02
3.713650164633185979e-01 3.008460616558704670e-01 6.322119827788111324e-02
3.938836162936048407e-02 3.988607214581549321e-02 0.000000000000000000e+00
3.938836162936048407e-02 3.988607214581549321e-02 9.579252256698883626e-04
3.938836162936048407e-02 3.988607214581549321e-02 1.915850451339776725e-03
3.713650164633185979e-01 3.760575770698381115e-01 2.709479926194905200e-02
3.713650164633185979e-01 3.760575770698381115e-01 3.612639901593206471e-02
3.713650164633185979e-01 3.760575770698381115e-01 4.515799876991508088e-02
3.713650164633185979e-01 3.760575770698381115e-01 5.418959852389810400e-02
3.713650164633185979e-01 3.760575770698381115e-01 6.322119827788111324e-02
3.938836162936048407e-02 4.786328657497859740e-02 0.000000000000000000e+00
3.938836162936048407e-02 4.786328657497859740e-02 9.579252256698883626e-04
3.938836162936048407e-02 4.786328657497859740e-02 1.915850451339776725e-03
3.713650164633185979e-01 4.512690924838057560e-01 2.709479926194905200e-02
3.713650164633185979e-01 4.512690924838057560e-01 3.612639901593206471e-02
3.713650164633185979e-01 4.512690924838057560e-01 4.515799876991508088e-02
3.713650164633185979e-01 4.512690924838057560e-01 5.418959852389810400e-02
3.713650164633185979e-01 4.512690924838057560e-01 6.322119827788111324e-02
3.938836162936048407e-02 5.584050100414169465e-02 0.000000000000000000e+00
3.938836162936048407e-02 5.584050100414169465e-02 9.579252256698883626e-04
3.938836162936048407e-02 5.584050100414169465e-02 1.915850451339776725e-03
3.713650164633185979e-01 5.264806078977734005e-01 2.709479926194905200e-02
3.713650164633185979e-01 5.264806078977734005e-01 3.612639901593206471e-02
3.713650164633185979e-01 5.264806078977734005e-01 4.515799876991508088e-02
3.713650164633185979e-01 5.264806078977734005e-01 5.418959852389810400e-02
3.713650164633185979e-01 5.264806078977734005e-01 6.322119827788111324e-02
3.938836162936048407e-02 6.381771543330479191e-02 0.000000000000000000e+00
3.938836162936048407e-02 6.381771543330479191e-02 9.579252256698883626e-04
3.938836162936048407e-02 6.381771543330479191e-02 1.915850451339776725e-03
3.713650164633185979e-01 6.016921233117409340e-01 2.709479926194905200e-02
3.713650164633185979e-01 6.016921233117409340e-01 3.612639901593206471e-02
3.713650164633185979e-01 6.016921233117409340e-01 4.515799876991508088e-02
3.713650164633185979e-01 6.016921233117409340e-01 5.418959852389810400e-02
3.713650164633185979e-01 6.016921233117409340e-01 6.322119827788111324e-02
3.938836162936048407e-02 7.179492986246789610e-02 0.000000000000000000e+00
3.938836162936048407e-02 7.179492986246789610e-02 9.579252256698883626e-04
3.938836162936048407e-02 7.179492986246789610e-02 1.915850451339776725e-03
3.713650164633185979e-01 6.769036387257085785e-01 2.709479926194905200e-02
3.713650164633185979e-01 6.769036387257085785e-01 3.612639901593206471e-02
3.713650164633185979e-01 6.769036387257085785e-01 4.515799876991508088e-02
3.713650164633185979e-01 6.769036387257085785e-01 5.418959852389810400e-02
3.713650164633185979e-01 6.769036387257085785e-01 6.322119827788111324e-02
3.938836162936048407e-02 7.977214429163098641e-02 0.000000000000000000e+00
3.938836162936048407e-02 7.977214429163098641e-02 9.579252256698883626e-04
3.938836162936048407e-02 7.977214429163098641e-02 1.915850451339776725e-03
3.713650164633185979e-01 7.521151541396762230e-01 2.709479926194905200e-02
3.713650164633185979e-01 7.521151541396762230e-01 3.612639901593206471e-02
3.713650164633185979e-01 7.521151541396762230e-01 4.515799876991508088e-02
3.713650164633185979e-01 7.521151541396762230e-01 5.418959852389810400e-02
3.713650164633185979e-01 7.521151541396762230e-01 6.322119827788111324e-02
3.938836162936048407e-02 8.774935872079409060e-02 0.000000000000000000e+00
3.938836162936048407e-02 8.774935872079409060e-02 9.579252256698883626e-04
3.938836162936048407e-02 8.774935872079409060e-02 1.915850451339776725e-03
3.713650164633185979e-01 8.273266695536437565e-01 2.709479926194905200e-02
3.713650164633185979e-01 8.273266695536437565e-01 3.612639901593206471e-02
3.713650164633185979e-01 8.273266695536437565e-01 4.515799876991508088e-02
3.713650164633185979e-01 8.273266695536437565e-01 5.418959852389810400e-02
3.713650164633185979e-01 8.273266695536437565e-01 6.322119827788111324e-02
3.938836162936048407e-02 9.572657314995719480e-02 0.000000000000000000e+00
3.938836162936048407e-02 9.572657314995719480e-02 9.579252256698883626e-04
3.938836162936048407e-02 9.572657314995719480e-02 1.915850451339776725e-03
3.713650164633185979e-01 9.025381849676115120e-01 2.709479926194905200e-02
3.713650164633185979e-01 9.025381849676115120e-01 3.612639901593206471e-02
3.713650164633185979e-01 9.025381849676115120e-01 4.515799876991508088e-02
3.713650164633185979e-01 9.025381849676115120e-01 5.418959852389810400e-02
3.713650164633185979e-01 9.025381849676115120e-01 6.322119827788111324e-02
3.938836162936048407e-02 1.037037875791202990e-01 0.000000000000000000e+00
3.938836162936048407e-02 1.037037875791202990e-01 9.579252256698883626e-04
3.938836162936048407e-02 1.037037875791202990e-01 1.915850451339776725e-03
3.713650164633185979e-01 9.777497003815791565e-01 2.709479926194905200e-02
3.713650164633185979e-01 9.777497003815791565e-01 3.612639901593206471e-02
3.713650164633185979e-01 9.777497003815791565e-01 4.515799876991508088e-02
3.713650164633185979e-01 9.777497003815791565e-01 5.418959852389810400e-02
3.713650164633185979e-01 9.777497003815791565e-01 6.322119827788111324e-02
3.938836162936048407e-02 1.116810020082833893e-01 0.000000000000000000e+00
3.938836162936048407e-02 1.116810020082833893e-01 9.579252256698883626e-04
3.938836162936048407e-02 1.116810020082833893e-01 1.915850451339776725e-03
3.713650164633185979e-01 1.052961215795546801e+00 2.709479926194905200e-02
3.713650164633185979e-01 1.052961215795546801e+00 3.612639901593206471e-02
3.713650164633185979e-01 1.052961215795546801e+00 4.515799876991508088e-02
3.713650164633185979e-01 1.052961215795546801e+00 5.418959852389810400e-02
3.713650164633185979e-01 1.052961215795546801e+00 6.322119827788111324e-02
