0.000000000000000000e+00 0.000000000000000000e+00 0.000000000000000000e+00
0.000000000000000000e+00 0.000000000000000000e+00 3.246575196214655985e-04
0.000000000000000000e+00 0.000000000000000000e+00 6.493150392429311970e-04
0.000000000000000000e+00 0.000000000000000000e+00 9.739725588643968496e-04
0.000000000000000000e+00 0.000000000000000000e+00 1.298630078485862394e-03
0.000000000000000000e+00 0.000000000000000000e+00 1.623287598107327938e-03
0.000000000000000000e+00 0.000000000000000000e+00 1.947945117728793699e-03
0.000000000000000000e+00 0.000000000000000000e+00 2.272602637350259244e-03
0.000000000000000000e+00 2.703616713141191331e-03 0.000000000000000000e+00
0.000000000000000000e+00 2.703616713141191331e-03 3.246575196214655985e-04
0.000000000000000000e+00 2.703616713141191331e-03 6.493150392429311970e-04
0.000000000000000000e+00 2.703616713141191331e-03 9.739725588643968496e-04
0.000000000000000000e+00 2.703616713141191331e-03 1.298630078485862394e-03
0.000000000000000000e+00 2.703616713141191331e-03 1.623287598107327938e-03
0.000000000000000000e+00 2.703616713141191331e-03 1.947945117728793699e-03
0.000000000000000000e+00 2.703616713141191331e-03 2.272602637350259244e-03
0.000000000000000000e+00 5.407233426282382661e-03 0.000000000000000000e+00
0.000000000000000000e+00 5.407233426282382661e-03 3.246575196214655985e-04
0.000000000000000000e+00 5.407233426282382661e-03 6.493150392429311970e-04
0.000000000000000000e+00 5.407233426282382661e-03 9.739725588643968496e-04
0.000000000000000000e+00 5.407233426282382661e-03 1.298630078485862394e-03
0.000000000000000000e+00 5.407233426282382661e-03 1.623287598107327938e-03
0.000000000000000000e+00 5.407233426282382661e-03 1.947945117728793699e-03
0.000000000000000000e+00 5.407233426282382661e-03 2.272602637350259244e-03
0.000000000000000000e+00 8.110850139423574426e-03 0.000000000000000000e+00
0.000000000000000000e+00 8.110850139423574426e-03 3.246575196214655985e-04
0.000000000000000000e+00 8.110850139423574426e-03 6.493150392429311970e-04
0.000000000000000000e+00 8.110850139423574426e-03 9.739725588643968496e-04
0.000000000000000000e+00 8.110850139423574426e-03 1.298630078485862394e-03
0.000000000000000000e+00 8.110850139423574426e-03 1.623287598107327938e-03
0.000000000000000000e+00 8.110850139423574426e-03 1.947945117728793699e-03
0.000000000000000000e+00 8.110850139423574426e-03 2.272602637350259244e-03
0.000000000000000000e+00 1.081446685256476532e-02 0.000000000000000000e+00
0.000000000000000000e+00 1.081446685256476532e-02 3.246575196214655985e-04
0.000000000000000000e+00 1.081446685256476532e-02 6.493150392429311970e-04
0.000000000000000000e+00 1.081446685256476532e-02 9.739725588643968496e-04
0.000000000000000000e+00 1.081446685256476532e-02 1.298630078485862394e-03
0.000000000000000000e+00 1.081446685256476532e-02 1.623287598107327938e-03
0.000000000000000000e+00 1.081446685256476532e-02 1.947945117728793699e-03
0.000000000000000000e+00 1.081446685256476532e-02 2.272602637350259244e-03
0.000000000000000000e+00 1.351808356570595622e-02 0.000000000000000000e+00
0.000000000000000000e+00 1.351808356570595622e-02 3.246575196214655985e-04
0.000000000000000000e+00 1.351808356570595622e-02 6.493150392429311970e-04
0.000000000000000000e+00 1.351808356570595622e-02 9.739725588643968496e-04
0.000000000000000000e+00 1.351808356570595622e-02 1.298630078485862394e-03
0.000000000000000000e+00 1.351808356570595622e-02 1.623287598107327938e-03
0.000000000000000000e+00 1.351808356570595622e-02 1.947945117728793699e-03
0.000000000000000000e+00 1.351808356570595622e-02 2.272602637350259244e-03
0.000000000000000000e+00 1.622170027884714885e-02 0.000000000000000000e+00
0.000000000000000000e+00 1.622170027884714885e-02 3.246575196214655985e-04
0.000000000000000000e+00 1.622170027884714885e-02 6.493150392429311970e-04
0.000000000000000000e+00 1.622170027884714885e-02 9.739725588643968496e-04
0.000000000000000000e+00 1.622170027884714885e-02 1.298630078485862394e-03
0.000000000000000000e+00 1.622170027884714885e-02 1.623287598107327938e-03
0.000000000000000000e+00 1.622170027884714885e-02 1.947945117728793699e-03
0.000000000000000000e+00 1.622170027884714885e-02 2.272602637350259244e-03
0.000000000000000000e+00 1.892531699198833975e-02 0.000000000000000000e+00
0.000000000000000000e+00 1.892531699198833975e-02 3.246575196214655985e-04
0.000000000000000000e+00 1.892531699198833975e-02 6.493150392429311970e-04
0.000000000000000000e+00 1.892531699198833975e-02 9.739725588643968496e-04
0.000000000000000000e+00 1.892531699198833975e-02 1.298630078485862394e-03
0.000000000000000000e+00 1.892531699198833975e-02 1.623287598107327938e-03
0.000000000000000000e+00 1.892531699198833975e-02 1.947945117728793699e-03
0.000000000000000000e+00 1.892531699198833975e-02 2.272602637350259244e-03
0.000000000000000000e+00 2.162893370512953065e-02 0.000000000000000000e+00
0.000000000000000000e+00 2.162893370512953065e-02 3.246575196214655985e-04
0.000000000000000000e+00 2.162893370512953065e-02 6.493150392429311970e-04
0.000000000000000000e+00 2.162893370512953065e-02 9.739725588643968496e-04
0.000000000000000000e+00 2.162893370512953065e-02 1.298630078485862394e-03
0.000000000000000000e+00 2.162893370512953065e-02 1.623287598107327938e-03
0.000000000000000000e+00 2.162893370512953065e-02 1.947945117728793699e-03
0.000000000000000000e+00 2.162893370512953065e-02 2.272602637350259244e-03
0.000000000000000000e+00 2.433255041827072154e-02 0.000000000000000000e+00
0.000000000000000000e+00 2.433255041827072154e-02 3.246575196214655985e-04
0.000000000000000000e+00 2.433255041827072154e-02 6.493150392429311970e-04
0.000000000000000000e+00 2.433255041827072154e-02 9.739725588643968496e-04
0.000000000000000000e+00 2.433255041827072154e-02 1.298630078485862394e-03
0.000000000000000000e+00 2.433255041827072154e-02 1.623287598107327938e-03
0.000000000000000000e+00 2.433255041827072154e-02 1.947945117728793699e-03
0.000000000000000000e+00 2.433255041827072154e-02 2.272602637350259244e-03
0.000000000000000000e+00 2.703616713141191244e-02 0.000000000000000000e+00
0.000000000000000000e+00 2.703616713141191244e-02 3.246575196214655985e-04
0.000000000000000000e+00 2.703616713141191244e-02 6.493150392429311970e-04
0.000000000000000000e+00 2.703616713141191244e-02 9.739725588643968496e-04
0.000000000000000000e+00 2.703616713141191244e-02 1.298630078485862394e-03
0.000000000000000000e+00 2.703616713141191244e-02 1.623287598107327938e-03
0.000000000000000000e+00 2.703616713141191244e-02 1.947945117728793699e-03
0.000000000000000000e+00 2.703616713141191244e-02 2.272602637350259244e-03
0.000000000000000000e+00 2.973978384455310334e-02 0.000000000000000000e+00
0.000000000000000000e+00 2.973978384455310334e-02 3.246575196214655985e-04
0.000000000000000000e+00 2.973978384455310334e-02 6.493150392429311970e-04
0.000000000000000000e+00 2.973978384455310334e-02 9.739725588643968496e-04
0.000000000000000000e+00 2.973978384455310334e-02 1.298630078485862394e-03
0.000000000000000000e+00 2.973978384455310334e-02 1.623287598107327938e-03
0.000000000000000000e+00 2.973978384455310334e-02 1.947945117728793699e-03
0.000000000000000000e+00 2.973978384455310334e-02 2.272602637350259244e-03
0.000000000000000000e+00 3.244340055769429770e-02 0.000000000000000000e+00
0.000000000000000000e+00 3.244340055769429770e-02 3.246575196214655985e-04
0.000000000000000000e+00 3.244340055769429770e-02 6.493150392429311970e-04
0.000000000000000000e+00 3.244340055769429770e-02 9.739725588643968496e-04
0.000000000000000000e+00 3.244340055769429770e-02 1.298630078485862394e-03
0.000000000000000000e+00 3.244340055769429770e-02 1.623287598107327938e-03
0.000000000000000000e+00 3.244340055769429770e-02 1.947945117728793699e-03
0.000000000000000000e+00 3.244340055769429770e-02 2.272602637350259244e-03
0.000000000000000000e+00 3.514701727083548860e-02 0.000000000000000000e+00
0.000000000000000000e+00 3.514701727083548860e-02 3.246575196214655985e-04
0.000000000000000000e+00 3.514701727083548860e-02 6.493150392429311970e-04
0.000000000000000000e+00 3.514701727083548860e-02 9.739725588643968496e-04
0.000000000000000000e+00 3.514701727083548860e-02 1.298630078485862394e-03
0.000000000000000000e+00 3.514701727083548860e-02 1.623287598107327938e-03
0.000000000000000000e+00 3.514701727083548860e-02 1.947945117728793699e-03
0.000000000000000000e+00 3.514701727083548860e-02 2.272602637350259244e-03
0.000000000000000000e+00 3.785063398397667950e-02 0.000000000000000000e+00
0.000000000000000000e+00 3.785063398397667950e-02 3.246575196214655985e-04
0.000000000000000000e+00 3.785063398397667950e-02 6.493150392429311970e-04
0.000000000000000000e+00 3.785063398397667950e-02 9.739725588643968496e-04
0.000000000000000000e+00 3.785063398397667950e-02 1.298630078485862394e-03
0.000000000000000000e+00 3.785063398397667950e-02 1.623287598107327938e-03
0.000000000000000000e+00 3.785063398397667950e-02 1.947945117728793699e-03
0.000000000000000000e+00 3.785063398397667950e-02 2.272602637350259244e-03
9.535286296633492748e-04 0.000000000000000000e+00 0.000000000000000000e+00
9.535286296633492748e-04 0.000000000000000000e+00 3.246575196214655985e-04
9.535286296633492748e-04 0.000000000000000000e+00 6.493150392429311970e-04
9.535286296633492748e-04 0.000000000000000000e+00 9.739725588643968496e-04
9.535286296633492748e-04 0.000000000000000000e+00 1.298630078485862394e-03
9.535286296633492748e-04 0.000000000000000000e+00 1.623287598107327938e-03
9.535286296633492748e-04 0.000000000000000000e+00 1.947945117728793699e-03
9.535286296633492748e-04 0.000000000000000000e+00 2.272602637350259244e-03
9.535286296633492748e-04 2.703616713141191331e-03 0.000000000000000000e+00
9.535286296633492748e-04 2.703616713141191331e-03 3.246575196214655985e-04
9.535286296633492748e-04 2.703616713141191331e-03 6.493150392429311970e-04
9.535286296633492748e-04 2.703616713141191331e-03 9.739725588643968496e-04
9.535286296633492748e-04 2.703616713141191331e-03 1.298630078485862394e-03
9.535286296633492748e-04 2.703616713141191331e-03 1.623287598107327938e-03
9.535286296633492748e-04 2.703616713141191331e-03 1.947945117728793699e-03
9.535286296633492748e-04 2.703616713141191331e-03 2.272602637350259244e-03
9.535286296633492748e-04 5.407233426282382661e-03 0.000000000000000000e+00
9.535286296633492748e-04 5.407233426282382661e-03 3.246575196214655985e-04
9.535286296633492748e-04 5.407233426282382661e-03 6.493150392429311970e-04
9.535286296633492748e-04 5.407233426282382661e-03 9.739725588643968496e-04
9.535286296633492748e-04 5.407233426282382661e-03 1.298630078485862394e-03
9.535286296633492748e-04 5.407233426282382661e-03 1.623287598107327938e-03
9.535286296633492748e-04 5.407233426282382661e-03 1.947945117728793699e-03
9.535286296633492748e-04 5.407233426282382661e-03 2.272602637350259244e-03
9.535286296633492748e-04 8.110850139423574426e-03 0.000000000000000000e+00
9.535286296633492748e-04 8.110850139423574426e-03 3.246575196214655985e-04
9.535286296633492748e-04 8.110850139423574426e-03 6.493150392429311970e-04
9.535286296633492748e-04 8.110850139423574426e-03 9.739725588643968496e-04
9.535286296633492748e-04 8.110850139423574426e-03 1.298630078485862394e-03
9.535286296633492748e-04 8.110850139423574426e-03 1.623287598107327938e-03
9.535286296633492748e-04 8.110850139423574426e-03 1.947945117728793699e-03
9.535286296633492748e-04 8.110850139423574426e-03 2.272602637350259244e-03
9.535286296633492748e-04 1.081446685256476532e-02 0.000000000000000000e+00
9.535286296633492748e-04 1.081446685256476532e-02 3.246575196214655985e-04
9.535286296633492748e-04 1.081446685256476532e-02 6.493150392429311970e-04
9.535286296633492748e-04 1.081446685256476532e-02 9.739725588643968496e-04
9.535286296633492748e-04 1.081446685256476532e-02 1.298630078485862394e-03
9.535286296633492748e-04 1.081446685256476532e-02 1.623287598107327938e-03
9.535286296633492748e-04 1.081446685256476532e-02 1.947945117728793699e-03
9.535286296633492748e-04 1.081446685256476532e-02 2.272602637350259244e-03
9.535286296633492748e-04 1.351808356570595622e-02 0.000000000000000000e+00
9.535286296633492748e-04 1.351808356570595622e-02 3.246575196214655985e-04
9.535286296633492748e-04 1.351808356570595622e-02 6.493150392429311970e-04
9.535286296633492748e-04 1.351808356570595622e-02 9.739725588643968496e-04
9.535286296633492748e-04 1.351808356570595622e-02 1.298630078485862394e-03
9.535286296633492748e-04 1.351808356570595622e-02 1.623287598107327938e-03
9.535286296633492748e-04 1.351808356570595622e-02 1.947945117728793699e-03
9.535286296633492748e-04 1.351808356570595622e-02 2.272602637350259244e-03
9.535286296633492748e-04 1.622170027884714885e-02 0.000000000000000000e+00
9.535286296633492748e-04 1.622170027884714885e-02 3.246575196214655985e-04
9.535286296633492748e-04 1.622170027884714885e-02 6.493150392429311970e-04
9.535286296633492748e-04 1.622170027884714885e-02 9.739725588643968496e-04
9.535286296633492748e-04 1.622170027884714885e-02 1.298630078485862394e-03
9.535286296633492748e-04 1.622170027884714885e-02 1.623287598107327938e-03
9.535286296633492748e-04 1.622170027884714885e-02 1.947945117728793699e-03
9.535286296633492748e-04 1.622170027884714885e-02 2.272602637350259244e-03
9.535286296633492748e-04 1.892531699198833975e-02 0.000000000000000000e+00
9.535286296633492748e-04 1.892531699198833975e-02 3.246575196214655985e-04
9.535286296633492748e-04 1.892531699198833975e-02 6.493150392429311970e-04
9.535286296633492748e-04 1.892531699198833975e-02 9.739725588643968496e-04
9.535286296633492748e-04 1.892531699198833975e-02 1.298630078485862394e-03
9.535286296633492748e-04 1.892531699198833975e-02 1.623287598107327938e-03
9.535286296633492748e-04 1.892531699198833975e-02 1.947945117728793699e-03
9.535286296633492748e-04 1.892531699198833975e-02 2.272602637350259244e-03
9.535286296633492748e-04 2.162893370512953065e-02 0.000000000000000000e+00
9.535286296633492748e-04 2.162893370512953065e-02 3.246575196214655985e-04
9.535286296633492748e-04 2.162893370512953065e-02 6.493150392429311970e-04
9.535286296633492748e-04 2.162893370512953065e-02 9.739725588643968496e-04
9.535286296633492748e-04 2.162893370512953065e-02 1.298630078485862394e-03
9.535286296633492748e-04 2.162893370512953065e-02 1.623287598107327938e-03
9.535286296633492748e-04 2.162893370512953065e-02 1.947945117728793699e-03
9.535286296633492748e-04 2.162893370512953065e-02 2.272602637350259244e-03
9.535286296633492748e-04 2.433255041827072154e-02 0.000000000000000000e+00
9.535286296633492748e-04 2.433255041827072154e-02 3.246575196214655985e-04
9.535286296633492748e-04 2.433255041827072154e-02 6.493150392429311970e-04
9.535286296633492748e-04 2.433255041827072154e-02 9.739725588643968496e-04
9.535286296633492748e-04 2.433255041827072154e-02 1.298630078485862394e-03
9.535286296633492748e-04 2.433255041827072154e-02 1.623287598107327938e-03
9.535286296633492748e-04 2.433255041827072154e-02 1.947945117728793699e-03
9.535286296633492748e-04 2.433255041827072154e-02 2.272602637350259244e-03
9.535286296633492748e-04 2.703616713141191244e-02 0.000000000000000000e+00
9.535286296633492748e-04 2.703616713141191244e-02 3.246575196214655985e-04
9.535286296633492748e-04 2.703616713141191244e-02 6.493150392429311970e-04
9.535286296633492748e-04 2.703616713141191244e-02 9.739725588643968496e-04
9.535286296633492748e-04 2.703616713141191244e-02 1.298630078485862394e-03
9.535286296633492748e-04 2.703616713141191244e-02 1.623287598107327938e-03
9.535286296633492748e-04 2.703616713141191244e-02 1.947945117728793699e-03
9.535286296633492748e-04 2.703616713141191244e-02 2.272602637350259244e-03
9.535286296633492748e-04 2.973978384455310334e-02 0.000000000000000000e+00
9.535286296633492748e-04 2.973978384455310334e-02 3.246575196214655985e-04
9.535286296633492748e-04 2.973978384455310334e-02 6.493150392429311970e-04
9.535286296633492748e-04 2.973978384455310334e-02 9.739725588643968496e-04
9.535286296633492748e-04 2.973978384455310334e-02 1.298630078485862394e-03
9.535286296633492748e-04 2.973978384455310334e-02 1.623287598107327938e-03
9.535286296633492748e-04 2.973978384455310334e-02 1.947945117728793699e-03
9.535286296633492748e-04 2.973978384455310334e-02 2.272602637350259244e-03
9.535286296633492748e-04 3.244340055769429770e-02 0.000000000000000000e+00
9.535286296633492748e-04 3.244340055769429770e-02 3.246575196214655985e-04
9.535286296633492748e-04 3.244340055769429770e-02 6.493150392429311970e-04
9.535286296633492748e-04 3.244340055769429770e-02 9.739725588643968496e-04
9.535286296633492748e-04 3.244340055769429770e-02 1.298630078485862394e-03
9.535286296633492748e-04 3.244340055769429770e-02 1.623287598107327938e-03
9.535286296633492748e-04 3.244340055769429770e-02 1.947945117728793699e-03
9.535286296633492748e-04 3.244340055769429770e-02 2.272602637350259244e-03
9.535286296633492748e-04 3.514701727083548860e-02 0.000000000000000000e+00
9.535286296633492748e-04 3.514701727083548860e-02 3.246575196214655985e-04
9.535286296633492748e-04 3.514701727083548860e-02 6.493150392429311970e-04
9.535286296633492748e-04 3.514701727083548860e-02 9.739725588643968496e-04
9.535286296633492748e-04 3.514701727083548860e-02 1.298630078485862394e-03
9.535286296633492748e-04 3.514701727083548860e-02 1.623287598107327938e-03
9.535286296633492748e-04 3.514701727083548860e-02 1.947945117728793699e-03
9.535286296633492748e-04 3.514701727083548860e-02 2.272602637350259244e-03
9.535286296633492748e-04 3.785063398397667950e-02 0.000000000000000000e+00
9.535286296633492748e-04 3.785063398397667950e-02 3.246575196214655985e-04
9.535286296633492748e-04 3.785063398397667950e-02 6.493150392429311970e-04
9.535286296633492748e-04 3.785063398397667950e-02 9.739725588643968496e-04
9.535286296633492748e-04 3.785063398397667950e-02 1.298630078485862394e-03
9.535286296633492748e-04 3.785063398397667950e-02 1.623287598107327938e-03
9.535286296633492748e-04 3.785063398397667950e-02 1.947945117728793699e-03
9.535286296633492748e-04 3.785063398397667950e-02 2.272602637350259244e-03
1.907057259326698550e-03 0.000000000000000000e+00 0.000000000000000000e+00
1.907057259326698550e-03 0.000000000000000000e+00 3.246575196214655985e-04
1.907057259326698550e-03 0.000000000000000000e+00 6.493150392429311970e-04
1.907057259326698550e-03 0.000000000000000000e+00 9.739725588643968496e-04
1.907057259326698550e-03 0.000000000000000000e+00 1.298630078485862394e-03
1.907057259326698550e-03 0.000000000000000000e+00 1.623287598107327938e-03
1.907057259326698550e-03 0.000000000000000000e+00 1.947945117728793699e-03
1.907057259326698550e-03 0.000000000000000000e+00 2.272602637350259244e-03
1.907057259326698550e-03 2.703616713141191331e-03 0.000000000000000000e+00
1.907057259326698550e-03 2.703616713141191331e-03 3.246575196214655985e-04
1.907057259326698550e-03 2.703616713141191331e-03 6.493150392429311970e-04
1.907057259326698550e-03 2.703616713141191331e-03 9.739725588643968496e-04
1.907057259326698550e-03 2.703616713141191331e-03 1.298630078485862394e-03
1.907057259326698550e-03 2.703616713141191331e-03 1.623287598107327938e-03
1.907057259326698550e-03 2.703616713141191331e-03 1.947945117728793699e-03
1.907057259326698550e-03 2.703616713141191331e-03 2.272602637350259244e-03
1.907057259326698550e-03 5.407233426282382661e-03 0.000000000000000000e+00
1.907057259326698550e-03 5.407233426282382661e-03 3.246575196214655985e-04
1.907057259326698550e-03 5.407233426282382661e-03 6.493150392429311970e-04
1.907057259326698550e-03 5.407233426282382661e-03 9.739725588643968496e-04
1.907057259326698550e-03 5.407233426282382661e-03 1.298630078485862394e-03
1.907057259326698550e-03 5.407233426282382661e-03 1.623287598107327938e-03
1.907057259326698550e-03 5.407233426282382661e-03 1.947945117728793699e-03
1.907057259326698550e-03 5.407233426282382661e-03 2.272602637350259244e-03
1.907057259326698550e-03 8.110850139423574426e-03 0.000000000000000000e+00
1.907057259326698550e-03 8.110850139423574426e-03 3.246575196214655985e-04
1.907057259326698550e-03 8.110850139423574426e-03 6.493150392429311970e-04
1.907057259326698550e-03 8.110850139423574426e-03 9.739725588643968496e-04
1.907057259326698550e-03 8.110850139423574426e-03 1.298630078485862394e-03
1.907057259326698550e-03 8.110850139423574426e-03 1.623287598107327938e-03
1.907057259326698550e-03 8.110850139423574426e-03 1.947945117728793699e-03
1.907057259326698550e-03 8.110850139423574426e-03 2.272602637350259244e-03
1.907057259326698550e-03 1.081446685256476532e-02 0.000000000000000000e+00
1.907057259326698550e-03 1.081446685256476532e-02 3.246575196214655985e-04
1.907057259326698550e-03 1.081446685256476532e-02 6.493150392429311970e-04
1.907057259326698550e-03 1.081446685256476532e-02 9.739725588643968496e-04
1.907057259326698550e-03 1.081446685256476532e-02 1.298630078485862394e-03
1.907057259326698550e-03 1.081446685256476532e-02 1.623287598107327938e-03
1.907057259326698550e-03 1.081446685256476532e-02 1.947945117728793699e-03
1.907057259326698550e-03 1.081446685256476532e-02 2.272602637350259244e-03
1.907057259326698550e-03 1.351808356570595622e-02 0.000000000000000000e+00
1.907057259326698550e-03 1.351808356570595622e-02 3.246575196214655985e-04
1.907057259326698550e-03 1.351808356570595622e-02 6.493150392429311970e-04
1.907057259326698550e-03 1.351808356570595622e-02 9.739725588643968496e-04
1.907057259326698550e-03 1.351808356570595622e-02 1.298630078485862394e-03
1.907057259326698550e-03 1.351808356570595622e-02 1.623287598107327938e-03
1.907057259326698550e-03 1.351808356570595622e-02 1.947945117728793699e-03
1.907057259326698550e-03 1.351808356570595622e-02 2.272602637350259244e-03
1.907057259326698550e-03 1.622170027884714885e-02 0.000000000000000000e+00
1.907057259326698550e-03 1.622170027884714885e-02 3.246575196214655985e-04
1.907057259326698550e-03 1.622170027884714885e-02 6.493150392429311970e-04
1.907057259326698550e-03 1.622170027884714885e-02 9.739725588643968496e-04
1.907057259326698550e-03 1.622170027884714885e-02 1.298630078485862394e-03
1.907057259326698550e-03 1.622170027884714885e-02 1.623287598107327938e-03
1.907057259326698550e-03 1.622170027884714885e-02 1.947945117728793699e-03
1.907057259326698550e-03 1.622170027884714885e-02 2.272602637350259244e-03
1.907057259326698550e-03 1.892531699198833975e-02 0.000000000000000000e+00
1.907057259326698550e-03 1.892531699198833975e-02 3.246575196214655985e-04
1.907057259326698550e-03 1.892531699198833975e-02 6.493150392429311970e-04
1.907057259326698550e-03 1.892531699198833975e-02 9.739725588643968496e-04
1.907057259326698550e-03 1.892531699198833975e-02 1.298630078485862394e-03
1.907057259326698550e-03 1.892531699198833975e-02 1.623287598107327938e-03
1.907057259326698550e-03 1.892531699198833975e-02 1.947945117728793699e-03
1.907057259326698550e-03 1.892531699198833975e-02 2.272602637350259244e-03
1.907057259326698550e-03 2.162893370512953065e-02 0.000000000000000000e+00
1.907057259326698550e-03 2.162893370512953065e-02 3.246575196214655985e-04
1.907057259326698550e-03 2.162893370512953065e-02 6.493150392429311970e-04
1.907057259326698550e-03 2.162893370512953065e-02 9.739725588643968496e-04
1.907057259326698550e-03 2.162893370512953065e-02 1.298630078485862394e-03
1.907057259326698550e-03 2.162893370512953065e-02 1.623287598107327938e-03
1.907057259326698550e-03 2.162893370512953065e-02 1.947945117728793699e-03
1.907057259326698550e-03 2.162893370512953065e-02 2.272602637350259244e-03
1.907057259326698550e-03 2.433255041827072154e-02 0.000000000000000000e+00
1.907057259326698550e-03 2.433255041827072154e-02 3.246575196214655985e-04
1.907057259326698550e-03 2.433255041827072154e-02 6.493150392429311970e-04
1.907057259326698550e-03 2.433255041827072154e-02 9.739725588643968496e-04
1.907057259326698550e-03 2.433255041827072154e-02 1.298630078485862394e-03
1.907057259326698550e-03 2.433255041827072154e-02 1.623287598107327938e-03
1.907057259326698550e-03 2.433255041827072154e-02 1.947945117728793699e-03
1.907057259326698550e-03 2.433255041827072154e-02 2.272602637350259244e-03
1.907057259326698550e-03 2.703616713141191244e-02 0.000000000000000000e+00
1.907057259326698550e-03 2.703616713141191244e-02 3.246575196214655985e-04
1.907057259326698550e-03 2.703616713141191244e-02 6.493150392429311970e-04
1.907057259326698550e-03 2.703616713141191244e-02 9.739725588643968496e-04
1.907057259326698550e-03 2.703616713141191244e-02 1.298630078485862394e-03
1.907057259326698550e-03 2.703616713141191244e-02 1.623287598107327938e-03
1.907057259326698550e-03 2.703616713141191244e-02 1.947945117728793699e-03
1.907057259326698550e-03 2.703616713141191244e-02 2.272602637350259244e-03
1.907057259326698550e-03 2.973978384455310334e-02 0.000000000000000000e+00
1.907057259326698550e-03 2.973978384455310334e-02 3.246575196214655985e-04
1.907057259326698550e-03 2.973978384455310334e-02 6.493150392429311970e-04
1.907057259326698550e-03 2.973978384455310334e-02 9.739725588643968496e-04
1.907057259326698550e-03 2.973978384455310334e-02 1.298630078485862394e-03
1.907057259326698550e-03 2.973978384455310334e-02 1.623287598107327938e-03
1.907057259326698550e-03 2.973978384455310334e-02 1.947945117728793699e-03
1.907057259326698550e-03 2.973978384455310334e-02 2.272602637350259244e-03
1.907057259326698550e-03 3.244340055769429770e-02 0.000000000000000000e+00
1.907057259326698550e-03 3.244340055769429770e-02 3.246575196214655985e-04
1.907057259326698550e-03 3.244340055769429770e-02 6.493150392429311970e-04
1.907057259326698550e-03 3.244340055769429770e-02 9.739725588643968496e-04
1.907057259326698550e-03 3.244340055769429770e-02 1.298630078485862394e-03
1.907057259326698550e-03 3.244340055769429770e-02 1.623287598107327938e-03
1.907057259326698550e-03 3.244340055769429770e-02 1.947945117728793699e-03
1.907057259326698550e-03 3.244340055769429770e-02 2.272602637350259244e-03
1.907057259326698550e-03 3.514701727083548860e-02 0.000000000000000000e+00
1.907057259326698550e-03 3.514701727083548860e-02 3.246575196214655985e-04
1.907057259326698550e-03 3.514701727083548860e-02 6.493150392429311970e-04
1.907057259326698550e-03 3.514701727083548860e-02 9.739725588643968496e-04
1.907057259326698550e-03 3.514701727083548860e-02 1.298630078485862394e-03
1.907057259326698550e-03 3.514701727083548860e-02 1.623287598107327938e-03
1.907057259326698550e-03 3.514701727083548860e-02 1.947945117728793699e-03
1.907057259326698550e-03 3.514701727083548860e-02 2.272602637350259244e-03
1.907057259326698550e-03 3.785063398397667950e-02 0.000000000000000000e+00
1.907057259326698550e-03 3.785063398397667950e-02 3.246575196214655985e-04
1.907057259326698550e-03 3.785063398397667950e-02 6.493150392429311970e-04
1.907057259326698550e-03 3.785063398397667950e-02 9.739725588643968496e-04
1.907057259326698550e-03 3.785063398397667950e-02 1.298630078485862394e-03
1.907057259326698550e-03 3.785063398397667950e-02 1.623287598107327938e-03
1.907057259326698550e-03 3.785063398397667950e-02 1.947945117728793699e-03
1.907057259326698550e-03 3.785063398397667950e-02 2.272602637350259244e-03
2.860585888990047933e-03 0.000000000000000000e+00 0.000000000000000000e+00
2.860585888990047933e-03 0.000000000000000000e+00 3.246575196214655985e-04
2.860585888990047933e-03 0.000000000000000000e+00 6.493150392429311970e-04
2.860585888990047933e-03 0.000000000000000000e+00 9.739725588643968496e-04
2.860585888990047933e-03 0.000000000000000000e+00 1.298630078485862394e-03
2.860585888990047933e-03 0.000000000000000000e+00 1.623287598107327938e-03
2.860585888990047933e-03 0.000000000000000000e+00 1.947945117728793699e-03
2.860585888990047933e-03 0.000000000000000000e+00 2.272602637350259244e-03
2.860585888990047933e-03 2.703616713141191331e-03 0.000000000000000000e+00
2.860585888990047933e-03 2.703616713141191331e-03 3.246575196214655985e-04
2.860585888990047933e-03 2.703616713141191331e-03 6.493150392429311970e-04
2.860585888990047933e-03 2.703616713141191331e-03 9.739725588643968496e-04
2.860585888990047933e-03 2.703616713141191331e-03 1.298630078485862394e-03
2.860585888990047933e-03 2.703616713141191331e-03 1.623287598107327938e-03
2.860585888990047933e-03 2.703616713141191331e-03 1.947945117728793699e-03
2.860585888990047933e-03 2.703616713141191331e-03 2.272602637350259244e-03
2.860585888990047933e-03 5.407233426282382661e-03 0.000000000000000000e+00
2.860585888990047933e-03 5.407233426282382661e-03 3.246575196214655985e-04
2.860585888990047933e-03 5.407233426282382661e-03 6.493150392429311970e-04
2.860585888990047933e-03 5.407233426282382661e-03 9.739725588643968496e-04
2.860585888990047933e-03 5.407233426282382661e-03 1.298630078485862394e-03
2.860585888990047933e-03 5.407233426282382661e-03 1.623287598107327938e-03
2.860585888990047933e-03 5.407233426282382661e-03 1.947945117728793699e-03
2.860585888990047933e-03 5.407233426282382661e-03 2.272602637350259244e-03
2.860585888990047933e-03 8.110850139423574426e-03 0.000000000000000000e+00
2.860585888990047933e-03 8.110850139423574426e-03 3.246575196214655985e-04
2.860585888990047933e-03 8.110850139423574426e-03 6.493150392429311970e-04
2.860585888990047933e-03 8.110850139423574426e-03 9.739725588643968496e-04
2.860585888990047933e-03 8.110850139423574426e-03 1.298630078485862394e-03
2.860585888990047933e-03 8.110850139423574426e-03 1.623287598107327938e-03
2.860585888990047933e-03 8.110850139423574426e-03 1.947945117728793699e-03
2.860585888990047933e-03 8.110850139423574426e-03 2.272602637350259244e-03
2.860585888990047933e-03 1.081446685256476532e-02 0.000000000000000000e+00
2.860585888990047933e-03 1.081446685256476532e-02 3.246575196214655985e-04
2.860585888990047933e-03 1.081446685256476532e-02 6.493150392429311970e-04
2.860585888990047933e-03 1.081446685256476532e-02 9.739725588643968496e-04
2.860585888990047933e-03 1.081446685256476532e-02 1.298630078485862394e-03
2.860585888990047933e-03 1.081446685256476532e-02 1.623287598107327938e-03
2.860585888990047933e-03 1.081446685256476532e-02 1.947945117728793699e-03
2.860585888990047933e-03 1.081446685256476532e-02 2.272602637350259244e-03
2.860585888990047933e-03 1.351808356570595622e-02 0.000000000000000000e+00
2.860585888990047933e-03 1.351808356570595622e-02 3.246575196214655985e-04
2.860585888990047933e-03 1.351808356570595622e-02 6.493150392429311970e-04
2.860585888990047933e-03 1.351808356570595622e-02 9.739725588643968496e-04
2.860585888990047933e-03 1.351808356570595622e-02 1.298630078485862394e-03
2.860585888990047933e-03 1.351808356570595622e-02 1.623287598107327938e-03
2.860585888990047933e-03 1.351808356570595622e-02 1.947945117728793699e-03
2.860585888990047933e-03 1.351808356570595622e-02 2.272602637350259244e-03
2.860585888990047933e-03 1.622170027884714885e-02 0.000000000000000000e+00
2.860585888990047933e-03 1.622170027884714885e-02 3.246575196214655985e-04
2.860585888990047933e-03 1.622170027884714885e-02 6.493150392429311970e-04
2.860585888990047933e-03 1.622170027884714885e-02 9.739725588643968496e-04
2.860585888990047933e-03 1.622170027884714885e-02 1.298630078485862394e-03
2.860585888990047933e-03 1.622170027884714885e-02 1.623287598107327938e-03
2.860585888990047933e-03 1.622170027884714885e-02 1.947945117728793699e-03
2.860585888990047933e-03 1.622170027884714885e-02 2.272602637350259244e-03
2.860585888990047933e-03 1.892531699198833975e-02 0.000000000000000000e+00
2.860585888990047933e-03 1.892531699198833975e-02 3.246575196214655985e-04
2.860585888990047933e-03 1.892531699198833975e-02 6.493150392429311970e-04
2.860585888990047933e-03 1.892531699198833975e-02 9.739725588643968496e-04
2.860585888990047933e-03 1.892531699198833975e-02 1.298630078485862394e-03
2.860585888990047933e-03 1.892531699198833975e-02 1.623287598107327938e-03
2.860585888990047933e-03 1.892531699198833975e-02 1.947945117728793699e-03
2.860585888990047933e-03 1.892531699198833975e-02 2.272602637350259244e-03
2.860585888990047933e-03 2.162893370512953065e-02 0.000000000000000000e+00
2.860585888990047933e-03 2.162893370512953065e-02 3.246575196214655985e-04
2.860585888990047933e-03 2.162893370512953065e-02 6.493150392429311970e-04
2.860585888990047933e-03 2.162893370512953065e-02 9.739725588643968496e-04
2.860585888990047933e-03 2.162893370512953065e-02 1.298630078485862394e-03
2.860585888990047933e-03 2.162893370512953065e-02 1.623287598107327938e-03
2.860585888990047933e-03 2.162893370512953065e-02 1.947945117728793699e-03
2.860585888990047933e-03 2.162893370512953065e-02 2.272602637350259244e-03
2.860585888990047933e-03 2.433255041827072154e-02 0.000000000000000000e+00
2.860585888990047933e-03 2.433255041827072154e-02 3.246575196214655985e-04
2.860585888990047933e-03 2.433255041827072154e-02 6.493150392429311970e-04
2.860585888990047933e-03 2.433255041827072154e-02 9.739725588643968496e-04
2.860585888990047933e-03 2.433255041827072154e-02 1.298630078485862394e-03
2.860585888990047933e-03 2.433255041827072154e-02 1.623287598107327938e-03
2.860585888990047933e-03 2.433255041827072154e-02 1.947945117728793699e-03
2.860585888990047933e-03 2.433255041827072154e-02 2.272602637350259244e-03
2.860585888990047933e-03 2.703616713141191244e-02 0.000000000000000000e+00
2.860585888990047933e-03 2.703616713141191244e-02 3.246575196214655985e-04
2.860585888990047933e-03 2.703616713141191244e-02 6.493150392429311970e-04
2.860585888990047933e-03 2.703616713141191244e-02 9.739725588643968496e-04
2.860585888990047933e-03 2.703616713141191244e-02 1.298630078485862394e-03
2.860585888990047933e-03 2.703616713141191244e-02 1.623287598107327938e-03
2.860585888990047933e-03 2.703616713141191244e-02 1.947945117728793699e-03
2.860585888990047933e-03 2.703616713141191244e-02 2.272602637350259244e-03
2.860585888990047933e-03 2.973978384455310334e-02 0.000000000000000000e+00
2.860585888990047933e-03 2.973978384455310334e-02 3.246575196214655985e-04
2.860585888990047933e-03 2.973978384455310334e-02 6.493150392429311970e-04
2.860585888990047933e-03 2.973978384455310334e-02 9.739725588643968496e-04
2.860585888990047933e-03 2.973978384455310334e-02 1.298630078485862394e-03
2.860585888990047933e-03 2.973978384455310334e-02 1.623287598107327938e-03
2.860585888990047933e-03 2.973978384455310334e-02 1.947945117728793699e-03
2.860585888990047933e-03 2.973978384455310334e-02 2.272602637350259244e-03
2.860585888990047933e-03 3.244340055769429770e-02 0.000000000000000000e+00
2.860585888990047933e-03 3.244340055769429770e-02 3.246575196214655985e-04
2.860585888990047933e-03 3.244340055769429770e-02 6.493150392429311970e-04
2.860585888990047933e-03 3.244340055769429770e-02 9.739725588643968496e-04
2.860585888990047933e-03 3.244340055769429770e-02 1.298630078485862394e-03
2.860585888990047933e-03 3.244340055769429770e-02 1.623287598107327938e-03
2.860585888990047933e-03 3.244340055769429770e-02 1.947945117728793699e-03
2.860585888990047933e-03 3.244340055769429770e-02 2.272602637350259244e-03
2.860585888990047933e-03 3.514701727083548860e-02 0.000000000000000000e+00
2.860585888990047933e-03 3.514701727083548860e-02 3.246575196214655985e-04
2.860585888990047933e-03 3.514701727083548860e-02 6.493150392429311970e-04
2.860585888990047933e-03 3.514701727083548860e-02 9.739725588643968496e-04
2.860585888990047933e-03 3.514701727083548860e-02 1.298630078485862394e-03
2.860585888990047933e-03 3.514701727083548860e-02 1.623287598107327938e-03
2.860585888990047933e-03 3.514701727083548860e-02 1.947945117728793699e-03
2.860585888990047933e-03 3.514701727083548860e-02 2.272602637350259244e-03
2.860585888990047933e-03 3.785063398397667950e-02 0.000000000000000000e+00
2.860585888990047933e-03 3.785063398397667950e-02 3.246575196214655985e-04
2.860585888990047933e-03 3.785063398397667950e-02 6.493150392429311970e-04
2.860585888990047933e-03 3.785063398397667950e-02 9.739725588643968496e-04
2.860585888990047933e-03 3.785063398397667950e-02 1.298630078485862394e-03
2.860585888990047933e-03 3.785063398397667950e-02 1.623287598107327938e-03
2.860585888990047933e-03 3.785063398397667950e-02 1.947945117728793699e-03
2.860585888990047933e-03 3.785063398397667950e-02 2.272602637350259244e-03
3.814114518653397099e-03 0.000000000000000000e+00 0.000000000000000000e+00
3.814114518653397099e-03 0.000000000000000000e+00 3.246575196214655985e-04
3.814114518653397099e-03 0.000000000000000000e+00 6.493150392429311970e-04
3.814114518653397099e-03 0.000000000000000000e+00 9.739725588643968496e-04
3.814114518653397099e-03 0.000000000000000000e+00 1.298630078485862394e-03
3.814114518653397099e-03 0.000000000000000000e+00 1.623287598107327938e-03
3.814114518653397099e-03 0.000000000000000000e+00 1.947945117728793699e-03
3.814114518653397099e-03 0.000000000000000000e+00 2.272602637350259244e-03
3.814114518653397099e-03 2.703616713141191331e-03 0.000000000000000000e+00
3.814114518653397099e-03 2.703616713141191331e-03 3.246575196214655985e-04
3.814114518653397099e-03 2.703616713141191331e-03 6.493150392429311970e-04
3.814114518653397099e-03 2.703616713141191331e-03 9.739725588643968496e-04
3.814114518653397099e-03 2.703616713141191331e-03 1.298630078485862394e-03
3.814114518653397099e-03 2.703616713141191331e-03 1.623287598107327938e-03
3.814114518653397099e-03 2.703616713141191331e-03 1.947945117728793699e-03
3.814114518653397099e-03 2.703616713141191331e-03 2.272602637350259244e-03
3.814114518653397099e-03 5.407233426282382661e-03 0.000000000000000000e+00
3.814114518653397099e-03 5.407233426282382661e-03 3.246575196214655985e-04
3.814114518653397099e-03 5.407233426282382661e-03 6.493150392429311970e-04
3.814114518653397099e-03 5.407233426282382661e-03 9.739725588643968496e-04
3.814114518653397099e-03 5.407233426282382661e-03 1.298630078485862394e-03
3.814114518653397099e-03 5.407233426282382661e-03 1.623287598107327938e-03
3.814114518653397099e-03 5.407233426282382661e-03 1.947945117728793699e-03
3.814114518653397099e-03 5.407233426282382661e-03 2.272602637350259244e-03
3.814114518653397099e-03 8.110850139423574426e-03 0.000000000000000000e+00
3.814114518653397099e-03 8.110850139423574426e-03 3.246575196214655985e-04
3.814114518653397099e-03 8.110850139423574426e-03 6.493150392429311970e-04
3.814114518653397099e-03 8.110850139423574426e-03 9.739725588643968496e-04
3.814114518653397099e-03 8.110850139423574426e-03 1.298630078485862394e-03
3.814114518653397099e-03 8.110850139423574426e-03 1.623287598107327938e-03
3.814114518653397099e-03 8.110850139423574426e-03 1.947945117728793699e-03
3.814114518653397099e-03 8.110850139423574426e-03 2.272602637350259244e-03
3.814114518653397099e-03 1.081446685256476532e-02 0.000000000000000000e+00
3.814114518653397099e-03 1.081446685256476532e-02 3.246575196214655985e-04
3.814114518653397099e-03 1.081446685256476532e-02 6.493150392429311970e-04
3.814114518653397099e-03 1.081446685256476532e-02 9.739725588643968496e-04
3.814114518653397099e-03 1.081446685256476532e-02 1.298630078485862394e-03
3.814114518653397099e-03 1.081446685256476532e-02 1.623287598107327938e-03
3.814114518653397099e-03 1.081446685256476532e-02 1.947945117728793699e-03
3.814114518653397099e-03 1.081446685256476532e-02 2.272602637350259244e-03
3.814114518653397099e-03 1.351808356570595622e-02 0.000000000000000000e+00
3.814114518653397099e-03 1.351808356570595622e-02 3.246575196214655985e-04
3.814114518653397099e-03 1.351808356570595622e-02 6.493150392429311970e-04
3.814114518653397099e-03 1.351808356570595622e-02 9.739725588643968496e-04
3.814114518653397099e-03 1.351808356570595622e-02 1.298630078485862394e-03
3.814114518653397099e-03 1.351808356570595622e-02 1.623287598107327938e-03
3.814114518653397099e-03 1.351808356570595622e-02 1.947945117728793699e-03
3.814114518653397099e-03 1.351808356570595622e-02 2.272602637350259244e-03
3.814114518653397099e-03 1.622170027884714885e-02 0.000000000000000000e+00
3.814114518653397099e-03 1.622170027884714885e-02 3.246575196214655985e-04
3.814114518653397099e-03 1.622170027884714885e-02 6.493150392429311970e-04
3.814114518653397099e-03 1.622170027884714885e-02 9.739725588643968496e-04
3.814114518653397099e-03 1.622170027884714885e-02 1.298630078485862394e-03
3.814114518653397099e-03 1.622170027884714885e-02 1.623287598107327938e-03
3.814114518653397099e-03 1.622170027884714885e-02 1.947945117728793699e-03
3.814114518653397099e-03 1.622170027884714885e-02 2.272602637350259244e-03
3.814114518653397099e-03 1.892531699198833975e-02 0.000000000000000000e+00
3.814114518653397099e-03 1.892531699198833975e-02 3.246575196214655985e-04
3.814114518653397099e-03 1.892531699198833975e-02 6.493150392429311970e-04
3.814114518653397099e-03 1.892531699198833975e-02 9.739725588643968496e-04
3.814114518653397099e-03 1.892531699198833975e-02 1.298630078485862394e-03
3.814114518653397099e-03 1.892531699198833975e-02 1.623287598107327938e-03
3.814114518653397099e-03 1.892531699198833975e-02 1.947945117728793699e-03
3.814114518653397099e-03 1.892531699198833975e-02 2.272602637350259244e-03
3.814114518653397099e-03 2.162893370512953065e-02 0.000000000000000000e+00
3.814114518653397099e-03 2.162893370512953065e-02 3.246575196214655985e-04
3.814114518653397099e-03 2.162893370512953065e-02 6.493150392429311970e-04
3.814114518653397099e-03 2.162893370512953065e-02 9.739725588643968496e-04
3.814114518653397099e-03 2.162893370512953065e-02 1.298630078485862394e-03
3.814114518653397099e-03 2.162893370512953065e-02 1.623287598107327938e-03
3.814114518653397099e-03 2.162893370512953065e-02 1.947945117728793699e-03
3.814114518653397099e-03 2.162893370512953065e-02 2.272602637350259244e-03
3.814114518653397099e-03 2.433255041827072154e-02 0.000000000000000000e+00
3.814114518653397099e-03 2.433255041827072154e-02 3.246575196214655985e-04
3.814114518653397099e-03 2.433255041827072154e-02 6.493150392429311970e-04
3.814114518653397099e-03 2.433255041827072154e-02 9.739725588643968496e-04
3.814114518653397099e-03 2.433255041827072154e-02 1.298630078485862394e-03
3.814114518653397099e-03 2.433255041827072154e-02 1.623287598107327938e-03
3.814114518653397099e-03 2.433255041827072154e-02 1.947945117728793699e-03
3.814114518653397099e-03 2.433255041827072154e-02 2.272602637350259244e-03
3.814114518653397099e-03 2.703616713141191244e-02 0.000000000000000000e+00
3.814114518653397099e-03 2.703616713141191244e-02 3.246575196214655985e-04
3.814114518653397099e-03 2.703616713141191244e-02 6.493150392429311970e-04
3.814114518653397099e-03 2.703616713141191244e-02 9.739725588643968496e-04
3.814114518653397099e-03 2.703616713141191244e-02 1.298630078485862394e-03
3.814114518653397099e-03 2.703616713141191244e-02 1.623287598107327938e-03
3.814114518653397099e-03 2.703616713141191244e-02 1.947945117728793699e-03
3.814114518653397099e-03 2.703616713141191244e-02 2.272602637350259244e-03
3.814114518653397099e-03 2.973978384455310334e-02 0.000000000000000000e+00
3.814114518653397099e-03 2.973978384455310334e-02 3.246575196214655985e-04
3.814114518653397099e-03 2.973978384455310334e-02 6.493150392429311970e-04
3.814114518653397099e-03 2.973978384455310334e-02 9.739725588643968496e-04
3.814114518653397099e-03 2.973978384455310334e-02 1.298630078485862394e-03
3.814114518653397099e-03 2.973978384455310334e-02 1.623287598107327938e-03
3.814114518653397099e-03 2.973978384455310334e-02 1.947945117728793699e-03
3.814114518653397099e-03 2.973978384455310334e-02 2.272602637350259244e-03
3.814114518653397099e-03 3.244340055769429770e-02 0.000000000000000000e+00
3.814114518653397099e-03 3.244340055769429770e-02 3.246575196214655985e-04
3.814114518653397099e-03 3.244340055769429770e-02 6.493150392429311970e-04
3.814114518653397099e-03 3.244340055769429770e-02 9.739725588643968496e-04
3.814114518653397099e-03 3.244340055769429770e-02 1.298630078485862394e-03
3.814114518653397099e-03 3.244340055769429770e-02 1.623287598107327938e-03
3.814114518653397099e-03 3.244340055769429770e-02 1.947945117728793699e-03
3.814114518653397099e-03 3.244340055769429770e-02 2.272602637350259244e-03
3.814114518653397099e-03 3.514701727083548860e-02 0.000000000000000000e+00
3.814114518653397099e-03 3.514701727083548860e-02 3.246575196214655985e-04
3.814114518653397099e-03 3.514701727083548860e-02 6.493150392429311970e-04
3.814114518653397099e-03 3.514701727083548860e-02 9.739725588643968496e-04
3.814114518653397099e-03 3.514701727083548860e-02 1.298630078485862394e-03
3.814114518653397099e-03 3.514701727083548860e-02 1.623287598107327938e-03
3.814114518653397099e-03 3.514701727083548860e-02 1.947945117728793699e-03
3.814114518653397099e-03 3.514701727083548860e-02 2.272602637350259244e-03
3.814114518653397099e-03 3.785063398397667950e-02 0.000000000000000000e+00
3.814114518653397099e-03 3.785063398397667950e-02 3.246575196214655985e-04
3.814114518653397099e-03 3.785063398397667950e-02 6.493150392429311970e-04
3.814114518653397099e-03 3.785063398397667950e-02 9.739725588643968496e-04
3.814114518653397099e-03 3.785063398397667950e-02 1.298630078485862394e-03
3.814114518653397099e-03 3.785063398397667950e-02 1.623287598107327938e-03
3.814114518653397099e-03 3.785063398397667950e-02 1.947945117728793699e-03
3.814114518653397099e-03 3.785063398397667950e-02 2.272602637350259244e-03
4.767643148316746265e-03 0.000000000000000000e+00 0.000000000000000000e+00
4.767643148316746265e-03 0.000000000000000000e+00 3.246575196214655985e-04
4.767643148316746265e-03 0.000000000000000000e+00 6.493150392429311970e-04
4.767643148316746265e-03 0.000000000000000000e+00 9.739725588643968496e-04
4.767643148316746265e-03 0.000000000000000000e+00 1.298630078485862394e-03
4.767643148316746265e-03 0.000000000000000000e+00 1.623287598107327938e-03
4.767643148316746265e-03 0.000000000000000000e+00 1.947945117728793699e-03
4.767643148316746265e-03 0.000000000000000000e+00 2.272602637350259244e-03
4.767643148316746265e-03 2.703616713141191331e-03 0.000000000000000000e+00
4.767643148316746265e-03 2.703616713141191331e-03 3.246575196214655985e-04
4.767643148316746265e-03 2.703616713141191331e-03 6.493150392429311970e-04
4.767643148316746265e-03 2.703616713141191331e-03 9.739725588643968496e-04
4.767643148316746265e-03 2.703616713141191331e-03 1.298630078485862394e-03
4.767643148316746265e-03 2.703616713141191331e-03 1.623287598107327938e-03
4.767643148316746265e-03 2.703616713141191331e-03 1.947945117728793699e-03
4.767643148316746265e-03 2.703616713141191331e-03 2.272602637350259244e-03
4.767643148316746265e-03 5.407233426282382661e-03 0.000000000000000000e+00
4.767643148316746265e-03 5.407233426282382661e-03 3.246575196214655985e-04
4.767643148316746265e-03 5.407233426282382661e-03 6.493150392429311970e-04
4.767643148316746265e-03 5.407233426282382661e-03 9.739725588643968496e-04
4.767643148316746265e-03 5.407233426282382661e-03 1.298630078485862394e-03
4.767643148316746265e-03 5.407233426282382661e-03 1.623287598107327938e-03
4.767643148316746265e-03 5.407233426282382661e-03 1.947945117728793699e-03
4.767643148316746265e-03 5.407233426282382661e-03 2.272602637350259244e-03
4.767643148316746265e-03 8.110850139423574426e-03 0.000000000000000000e+00
4.767643148316746265e-03 8.110850139423574426e-03 3.246575196214655985e-04
4.767643148316746265e-03 8.110850139423574426e-03 6.493150392429311970e-04
4.767643148316746265e-03 8.110850139423574426e-03 9.739725588643968496e-04
4.767643148316746265e-03 8.110850139423574426e-03 1.298630078485862394e-03
4.767643148316746265e-03 8.110850139423574426e-03 1.623287598107327938e-03
4.767643148316746265e-03 8.110850139423574426e-03 1.947945117728793699e-03
4.767643148316746265e-03 8.110850139423574426e-03 2.272602637350259244e-03
4.767643148316746265e-03 1.081446685256476532e-02 0.000000000000000000e+00
4.767643148316746265e-03 1.081446685256476532e-02 3.246575196214655985e-04
4.767643148316746265e-03 1.081446685256476532e-02 6.493150392429311970e-04
4.767643148316746265e-03 1.081446685256476532e-02 9.739725588643968496e-04
4.767643148316746265e-03 1.081446685256476532e-02 1.298630078485862394e-03
4.767643148316746265e-03 1.081446685256476532e-02 1.623287598107327938e-03
4.767643148316746265e-03 1.081446685256476532e-02 1.947945117728793699e-03
4.767643148316746265e-03 1.081446685256476532e-02 2.272602637350259244e-03
4.767643148316746265e-03 1.351808356570595622e-02 0.000000000000000000e+00
4.767643148316746265e-03 1.351808356570595622e-02 3.246575196214655985e-04
4.767643148316746265e-03 1.351808356570595622e-02 6.493150392429311970e-04
4.767643148316746265e-03 1.351808356570595622e-02 9.739725588643968496e-04
4.767643148316746265e-03 1.351808356570595622e-02 1.298630078485862394e-03
4.767643148316746265e-03 1.351808356570595622e-02 1.623287598107327938e-03
4.767643148316746265e-03 1.351808356570595622e-02 1.947945117728793699e-03
4.767643148316746265e-03 1.351808356570595622e-02 2.272602637350259244e-03
4.767643148316746265e-03 1.622170027884714885e-02 0.000000000000000000e+00
4.767643148316746265e-03 1.622170027884714885e-02 3.246575196214655985e-04
4.767643148316746265e-03 1.622170027884714885e-02 6.493150392429311970e-04
4.767643148316746265e-03 1.622170027884714885e-02 9.739725588643968496e-04
4.767643148316746265e-03 1.622170027884714885e-02 1.298630078485862394e-03
4.767643148316746265e-03 1.622170027884714885e-02 1.623287598107327938e-03
4.767643148316746265e-03 1.622170027884714885e-02 1.947945117728793699e-03
4.767643148316746265e-03 1.622170027884714885e-02 2.272602637350259244e-03
4.767643148316746265e-03 1.892531699198833975e-02 0.000000000000000000e+00
4.767643148316746265e-03 1.892531699198833975e-02 3.246575196214655985e-04
4.767643148316746265e-03 1.892531699198833975e-02 6.493150392429311970e-04
4.767643148316746265e-03 1.892531699198833975e-02 9.739725588643968496e-04
4.767643148316746265e-03 1.892531699198833975e-02 1.298630078485862394e-03
4.767643148316746265e-03 1.892531699198833975e-02 1.623287598107327938e-03
4.767643148316746265e-03 1.892531699198833975e-02 1.947945117728793699e-03
4.767643148316746265e-03 1.892531699198833975e-02 2.272602637350259244e-03
4.767643148316746265e-03 2.162893370512953065e-02 0.000000000000000000e+00
4.767643148316746265e-03 2.162893370512953065e-02 3.246575196214655985e-04
4.767643148316746265e-03 2.162893370512953065e-02 6.493150392429311970e-04
4.767643148316746265e-03 2.162893370512953065e-02 9.739725588643968496e-04
4.767643148316746265e-03 2.162893370512953065e-02 1.298630078485862394e-03
4.767643148316746265e-03 2.162893370512953065e-02 1.623287598107327938e-03
4.767643148316746265e-03 2.162893370512953065e-02 1.947945117728793699e-03
4.767643148316746265e-03 2.162893370512953065e-02 2.272602637350259244e-03
4.767643148316746265e-03 2.433255041827072154e-02 0.000000000000000000e+00
4.767643148316746265e-03 2.433255041827072154e-02 3.246575196214655985e-04
4.767643148316746265e-03 2.433255041827072154e-02 6.493150392429311970e-04
4.767643148316746265e-03 2.433255041827072154e-02 9.739725588643968496e-04
4.767643148316746265e-03 2.433255041827072154e-02 1.298630078485862394e-03
4.767643148316746265e-03 2.433255041827072154e-02 1.623287598107327938e-03
4.767643148316746265e-03 2.433255041827072154e-02 1.947945117728793699e-03
4.767643148316746265e-03 2.433255041827072154e-02 2.272602637350259244e-03
4.767643148316746265e-03 2.703616713141191244e-02 0.000000000000000000e+00
4.767643148316746265e-03 2.703616713141191244e-02 3.246575196214655985e-04
4.767643148316746265e-03 2.703616713141191244e-02 6.493150392429311970e-04
4.767643148316746265e-03 2.703616713141191244e-02 9.739725588643968496e-04
4.767643148316746265e-03 2.703616713141191244e-02 1.298630078485862394e-03
4.767643148316746265e-03 2.703616713141191244e-02 1.623287598107327938e-03
4.767643148316746265e-03 2.703616713141191244e-02 1.947945117728793699e-03
4.767643148316746265e-03 2.703616713141191244e-02 2.272602637350259244e-03
4.767643148316746265e-03 2.973978384455310334e-02 0.000000000000000000e+00
4.767643148316746265e-03 2.973978384455310334e-02 3.246575196214655985e-04
4.767643148316746265e-03 2.973978384455310334e-02 6.493150392429311970e-04
4.767643148316746265e-03 2.973978384455310334e-02 9.739725588643968496e-04
4.767643148316746265e-03 2.973978384455310334e-02 1.298630078485862394e-03
4.767643148316746265e-03 2.973978384455310334e-02 1.623287598107327938e-03
4.767643148316746265e-03 2.973978384455310334e-02 1.947945117728793699e-03
4.767643148316746265e-03 2.973978384455310334e-02 2.272602637350259244e-03
4.767643148316746265e-03 3.244340055769429770e-02 0.000000000000000000e+00
4.767643148316746265e-03 3.244340055769429770e-02 3.246575196214655985e-04
4.767643148316746265e-03 3.244340055769429770e-02 6.493150392429311970e-04
4.767643148316746265e-03 3.244340055769429770e-02 9.739725588643968496e-04
4.767643148316746265e-03 3.244340055769429770e-02 1.298630078485862394e-03
4.767643148316746265e-03 3.244340055769429770e-02 1.623287598107327938e-03
4.767643148316746265e-03 3.244340055769429770e-02 1.947945117728793699e-03
4.767643148316746265e-03 3.244340055769429770e-02 2.272602637350259244e-03
4.767643148316746265e-03 3.514701727083548860e-02 0.000000000000000000e+00
4.767643148316746265e-03 3.514701727083548860e-02 3.246575196214655985e-04
4.767643148316746265e-03 3.514701727083548860e-02 6.493150392429311970e-04
4.767643148316746265e-03 3.514701727083548860e-02 9.739725588643968496e-04
4.767643148316746265e-03 3.514701727083548860e-02 1.298630078485862394e-03
4.767643148316746265e-03 3.514701727083548860e-02 1.623287598107327938e-03
4.767643148316746265e-03 3.514701727083548860e-02 1.947945117728793699e-03
4.767643148316746265e-03 3.514701727083548860e-02 2.272602637350259244e-03
4.767643148316746265e-03 3.785063398397667950e-02 0.000000000000000000e+00
4.767643148316746265e-03 3.785063398397667950e-02 3.246575196214655985e-04
4.767643148316746265e-03 3.785063398397667950e-02 6.493150392429311970e-04
4.767643148316746265e-03 3.785063398397667950e-02 9.739725588643968496e-04
4.767643148316746265e-03 3.785063398397667950e-02 1.298630078485862394e-03
4.767643148316746265e-03 3.785063398397667950e-02 1.623287598107327938e-03
4.767643148316746265e-03 3.785063398397667950e-02 1.947945117728793699e-03
4.767643148316746265e-03 3.785063398397667950e-02 2.272602637350259244e-03
5.721171777980095866e-03 0.000000000000000000e+00 0.000000000000000000e+00
5.721171777980095866e-03 0.000000000000000000e+00 3.246575196214655985e-04
5.721171777980095866e-03 0.000000000000000000e+00 6.493150392429311970e-04
5.721171777980095866e-03 0.000000000000000000e+00 9.739725588643968496e-04
5.721171777980095866e-03 0.000000000000000000e+00 1.298630078485862394e-03
5.721171777980095866e-03 0.000000000000000000e+00 1.623287598107327938e-03
5.721171777980095866e-03 0.000000000000000000e+00 1.947945117728793699e-03
5.721171777980095866e-03 0.000000000000000000e+00 2.272602637350259244e-03
5.721171777980095866e-03 2.703616713141191331e-03 0.000000000000000000e+00
5.721171777980095866e-03 2.703616713141191331e-03 3.246575196214655985e-04
5.721171777980095866e-03 2.703616713141191331e-03 6.493150392429311970e-04
5.721171777980095866e-03 2.703616713141191331e-03 9.739725588643968496e-04
5.721171777980095866e-03 2.703616713141191331e-03 1.298630078485862394e-03
5.721171777980095866e-03 2.703616713141191331e-03 1.623287598107327938e-03
5.721171777980095866e-03 2.703616713141191331e-03 1.947945117728793699e-03
5.721171777980095866e-03 2.703616713141191331e-03 2.272602637350259244e-03
5.721171777980095866e-03 5.407233426282382661e-03 0.000000000000000000e+00
5.721171777980095866e-03 5.407233426282382661e-03 3.246575196214655985e-04
5.721171777980095866e-03 5.407233426282382661e-03 6.493150392429311970e-04
5.721171777980095866e-03 5.407233426282382661e-03 9.739725588643968496e-04
5.721171777980095866e-03 5.407233426282382661e-03 1.298630078485862394e-03
5.721171777980095866e-03 5.407233426282382661e-03 1.623287598107327938e-03
5.721171777980095866e-03 5.407233426282382661e-03 1.947945117728793699e-03
5.721171777980095866e-03 5.407233426282382661e-03 2.272602637350259244e-03
5.721171777980095866e-03 8.110850139423574426e-03 0.000000000000000000e+00
5.721171777980095866e-03 8.110850139423574426e-03 3.246575196214655985e-04
5.721171777980095866e-03 8.110850139423574426e-03 6.493150392429311970e-04
5.721171777980095866e-03 8.110850139423574426e-03 9.739725588643968496e-04
5.721171777980095866e-03 8.110850139423574426e-03 1.298630078485862394e-03
5.721171777980095866e-03 8.110850139423574426e-03 1.623287598107327938e-03
5.721171777980095866e-03 8.110850139423574426e-03 1.947945117728793699e-03
5.721171777980095866e-03 8.110850139423574426e-03 2.272602637350259244e-03
5.721171777980095866e-03 1.081446685256476532e-02 0.000000000000000000e+00
5.721171777980095866e-03 1.081446685256476532e-02 3.246575196214655985e-04
5.721171777980095866e-03 1.081446685256476532e-02 6.493150392429311970e-04
5.721171777980095866e-03 1.081446685256476532e-02 9.739725588643968496e-04
5.721171777980095866e-03 1.081446685256476532e-02 1.298630078485862394e-03
5.721171777980095866e-03 1.081446685256476532e-02 1.623287598107327938e-03
5.721171777980095866e-03 1.081446685256476532e-02 1.947945117728793699e-03
5.721171777980095866e-03 1.081446685256476532e-02 2.272602637350259244e-03
5.721171777980095866e-03 1.351808356570595622e-02 0.000000000000000000e+00
5.721171777980095866e-03 1.351808356570595622e-02 3.246575196214655985e-04
5.721171777980095866e-03 1.351808356570595622e-02 6.493150392429311970e-04
5.721171777980095866e-03 1.351808356570595622e-02 9.739725588643968496e-04
5.721171777980095866e-03 1.351808356570595622e-02 1.298630078485862394e-03
5.721171777980095866e-03 1.351808356570595622e-02 1.623287598107327938e-03
5.721171777980095866e-03 1.351808356570595622e-02 1.947945117728793699e-03
5.721171777980095866e-03 1.351808356570595622e-02 2.272602637350259244e-03
5.721171777980095866e-03 1.622170027884714885e-02 0.000000000000000000e+00
5.721171777980095866e-03 1.622170027884714885e-02 3.246575196214655985e-04
5.721171777980095866e-03 1.622170027884714885e-02 6.493150392429311970e-04
5.721171777980095866e-03 1.622170027884714885e-02 9.739725588643968496e-04
5.721171777980095866e-03 1.622170027884714885e-02 1.298630078485862394e-03
5.721171777980095866e-03 1.622170027884714885e-02 1.623287598107327938e-03
5.721171777980095866e-03 1.622170027884714885e-02 1.947945117728793699e-03
5.721171777980095866e-03 1.622170027884714885e-02 2.272602637350259244e-03
5.721171777980095866e-03 1.892531699198833975e-02 0.000000000000000000e+00
5.721171777980095866e-03 1.892531699198833975e-02 3.246575196214655985e-04
5.721171777980095866e-03 1.892531699198833975e-02 6.493150392429311970e-04
5.721171777980095866e-03 1.892531699198833975e-02 9.739725588643968496e-04
5.721171777980095866e-03 1.892531699198833975e-02 1.298630078485862394e-03
5.721171777980095866e-03 1.892531699198833975e-02 1.623287598107327938e-03
5.721171777980095866e-03 1.892531699198833975e-02 1.947945117728793699e-03
5.721171777980095866e-03 1.892531699198833975e-02 2.272602637350259244e-03
5.721171777980095866e-03 2.162893370512953065e-02 0.000000000000000000e+00
5.721171777980095866e-03 2.162893370512953065e-02 3.246575196214655985e-04
5.721171777980095866e-03 2.162893370512953065e-02 6.493150392429311970e-04
5.721171777980095866e-03 2.162893370512953065e-02 9.739725588643968496e-04
5.721171777980095866e-03 2.162893370512953065e-02 1.298630078485862394e-03
5.721171777980095866e-03 2.162893370512953065e-02 1.623287598107327938e-03
5.721171777980095866e-03 2.162893370512953065e-02 1.947945117728793699e-03
5.721171777980095866e-03 2.162893370512953065e-02 2.272602637350259244e-03
5.721171777980095866e-03 2.433255041827072154e-02 0.000000000000000000e+00
5.721171777980095866e-03 2.433255041827072154e-02 3.246575196214655985e-04
5.721171777980095866e-03 2.433255041827072154e-02 6.493150392429311970e-04
5.721171777980095866e-03 2.433255041827072154e-02 9.739725588643968496e-04
5.721171777980095866e-03 2.433255041827072154e-02 1.298630078485862394e-03
5.721171777980095866e-03 2.433255041827072154e-02 1.623287598107327938e-03
5.721171777980095866e-03 2.433255041827072154e-02 1.947945117728793699e-03
5.721171777980095866e-03 2.433255041827072154e-02 2.272602637350259244e-03
5.721171777980095866e-03 2.703616713141191244e-02 0.000000000000000000e+00
5.721171777980095866e-03 2.703616713141191244e-02 3.246575196214655985e-04
5.721171777980095866e-03 2.703616713141191244e-02 6.493150392429311970e-04
5.721171777980095866e-03 2.703616713141191244e-02 9.739725588643968496e-04
5.721171777980095866e-03 2.703616713141191244e-02 1.298630078485862394e-03
5.721171777980095866e-03 2.703616713141191244e-02 1.623287598107327938e-03
5.721171777980095866e-03 2.703616713141191244e-02 1.947945117728793699e-03
5.721171777980095866e-03 2.703616713141191244e-02 2.272602637350259244e-03
5.721171777980095866e-03 2.973978384455310334e-02 0.000000000000000000e+00
5.721171777980095866e-03 2.973978384455310334e-02 3.246575196214655985e-04
5.721171777980095866e-03 2.973978384455310334e-02 6.493150392429311970e-04
5.721171777980095866e-03 2.973978384455310334e-02 9.739725588643968496e-04
5.721171777980095866e-03 2.973978384455310334e-02 1.298630078485862394e-03
5.721171777980095866e-03 2.973978384455310334e-02 1.623287598107327938e-03
5.721171777980095866e-03 2.973978384455310334e-02 1.947945117728793699e-03
5.721171777980095866e-03 2.973978384455310334e-02 2.272602637350259244e-03
5.721171777980095866e-03 3.244340055769429770e-02 0.000000000000000000e+00
5.721171777980095866e-03 3.244340055769429770e-02 3.246575196214655985e-04
5.721171777980095866e-03 3.244340055769429770e-02 6.493150392429311970e-04
5.721171777980095866e-03 3.244340055769429770e-02 9.739725588643968496e-04
5.721171777980095866e-03 3.244340055769429770e-02 1.298630078485862394e-03
5.721171777980095866e-03 3.244340055769429770e-02 1.623287598107327938e-03
5.721171777980095866e-03 3.244340055769429770e-02 1.947945117728793699e-03
5.721171777980095866e-03 3.244340055769429770e-02 2.272602637350259244e-03
5.721171777980095866e-03 3.514701727083548860e-02 0.000000000000000000e+00
5.721171777980095866e-03 3.514701727083548860e-02 3.246575196214655985e-04
5.721171777980095866e-03 3.514701727083548860e-02 6.493150392429311970e-04
5.721171777980095866e-03 3.514701727083548860e-02 9.739725588643968496e-04
5.721171777980095866e-03 3.514701727083548860e-02 1.298630078485862394e-03
5.721171777980095866e-03 3.514701727083548860e-02 1.623287598107327938e-03
5.721171777980095866e-03 3.514701727083548860e-02 1.947945117728793699e-03
5.721171777980095866e-03 3.514701727083548860e-02 2.272602637350259244e-03
5.721171777980095866e-03 3.785063398397667950e-02 0.000000000000000000e+00
5.721171777980095866e-03 3.785063398397667950e-02 3.246575196214655985e-04
5.721171777980095866e-03 3.785063398397667950e-02 6.493150392429311970e-04
5.721171777980095866e-03 3.785063398397667950e-02 9.739725588643968496e-04
5.721171777980095866e-03 3.785063398397667950e-02 1.298630078485862394e-03
5.721171777980095866e-03 3.785063398397667950e-02 1.623287598107327938e-03
5.721171777980095866e-03 3.785063398397667950e-02 1.947945117728793699e-03
5.721171777980095866e-03 3.785063398397667950e-02 2.272602637350259244e-03
6.674700407643444598e-03 0.000000000000000000e+00 0.000000000000000000e+00
6.674700407643444598e-03 0.000000000000000000e+00 3.246575196214655985e-04
6.674700407643444598e-03 0.000000000000000000e+00 6.493150392429311970e-04
6.674700407643444598e-03 0.000000000000000000e+00 9.739725588643968496e-04
6.674700407643444598e-03 0.000000000000000000e+00 1.298630078485862394e-03
6.674700407643444598e-03 0.000000000000000000e+00 1.623287598107327938e-03
6.674700407643444598e-03 0.000000000000000000e+00 1.947945117728793699e-03
6.674700407643444598e-03 0.000000000000000000e+00 2.272602637350259244e-03
6.674700407643444598e-03 2.703616713141191331e-03 0.000000000000000000e+00
6.674700407643444598e-03 2.703616713141191331e-03 3.246575196214655985e-04
6.674700407643444598e-03 2.703616713141191331e-03 6.493150392429311970e-04
6.674700407643444598e-03 2.703616713141191331e-03 9.739725588643968496e-04
6.674700407643444598e-03 2.703616713141191331e-03 1.298630078485862394e-03
6.674700407643444598e-03 2.703616713141191331e-03 1.623287598107327938e-03
6.674700407643444598e-03 2.703616713141191331e-03 1.947945117728793699e-03
6.674700407643444598e-03 2.703616713141191331e-03 2.272602637350259244e-03
6.674700407643444598e-03 5.407233426282382661e-03 0.000000000000000000e+00
6.674700407643444598e-03 5.407233426282382661e-03 3.246575196214655985e-04
6.674700407643444598e-03 5.407233426282382661e-03 6.493150392429311970e-04
6.674700407643444598e-03 5.407233426282382661e-03 9.739725588643968496e-04
6.674700407643444598e-03 5.407233426282382661e-03 1.298630078485862394e-03
6.674700407643444598e-03 5.407233426282382661e-03 1.623287598107327938e-03
6.674700407643444598e-03 5.407233426282382661e-03 1.947945117728793699e-03
6.674700407643444598e-03 5.407233426282382661e-03 2.272602637350259244e-03
6.674700407643444598e-03 8.110850139423574426e-03 0.000000000000000000e+00
6.674700407643444598e-03 8.110850139423574426e-03 3.246575196214655985e-04
6.674700407643444598e-03 8.110850139423574426e-03 6.493150392429311970e-04
6.674700407643444598e-03 8.110850139423574426e-03 9.739725588643968496e-04
6.674700407643444598e-03 8.110850139423574426e-03 1.298630078485862394e-03
6.674700407643444598e-03 8.110850139423574426e-03 1.623287598107327938e-03
6.674700407643444598e-03 8.110850139423574426e-03 1.947945117728793699e-03
6.674700407643444598e-03 8.110850139423574426e-03 2.272602637350259244e-03
6.674700407643444598e-03 1.081446685256476532e-02 0.000000000000000000e+00
6.674700407643444598e-03 1.081446685256476532e-02 3.246575196214655985e-04
6.674700407643444598e-03 1.081446685256476532e-02 6.493150392429311970e-04
6.674700407643444598e-03 1.081446685256476532e-02 9.739725588643968496e-04
6.674700407643444598e-03 1.081446685256476532e-02 1.298630078485862394e-03
6.674700407643444598e-03 1.081446685256476532e-02 1.623287598107327938e-03
6.674700407643444598e-03 1.081446685256476532e-02 1.947945117728793699e-03
6.674700407643444598e-03 1.081446685256476532e-02 2.272602637350259244e-03
6.674700407643444598e-03 1.351808356570595622e-02 0.000000000000000000e+00
6.674700407643444598e-03 1.351808356570595622e-02 3.246575196214655985e-04
6.674700407643444598e-03 1.351808356570595622e-02 6.493150392429311970e-04
6.674700407643444598e-03 1.351808356570595622e-02 9.739725588643968496e-04
6.674700407643444598e-03 1.351808356570595622e-02 1.298630078485862394e-03
6.674700407643444598e-03 1.351808356570595622e-02 1.623287598107327938e-03
6.674700407643444598e-03 1.351808356570595622e-02 1.947945117728793699e-03
6.674700407643444598e-03 1.351808356570595622e-02 2.272602637350259244e-03
6.674700407643444598e-03 1.622170027884714885e-02 0.000000000000000000e+00
6.674700407643444598e-03 1.622170027884714885e-02 3.246575196214655985e-04
6.674700407643444598e-03 1.622170027884714885e-02 6.493150392429311970e-04
6.674700407643444598e-03 1.622170027884714885e-02 9.739725588643968496e-04
6.674700407643444598e-03 1.622170027884714885e-02 1.298630078485862394e-03
6.674700407643444598e-03 1.622170027884714885e-02 1.623287598107327938e-03
6.674700407643444598e-03 1.622170027884714885e-02 1.947945117728793699e-03
6.674700407643444598e-03 1.622170027884714885e-02 2.272602637350259244e-03
6.674700407643444598e-03 1.892531699198833975e-02 0.000000000000000000e+00
6.674700407643444598e-03 1.892531699198833975e-02 3.246575196214655985e-04
6.674700407643444598e-03 1.892531699198833975e-02 6.493150392429311970e-04
6.674700407643444598e-03 1.892531699198833975e-02 9.739725588643968496e-04
6.674700407643444598e-03 1.892531699198833975e-02 1.298630078485862394e-03
6.674700407643444598e-03 1.892531699198833975e-02 1.623287598107327938e-03
6.674700407643444598e-03 1.892531699198833975e-02 1.947945117728793699e-03
6.674700407643444598e-03 1.892531699198833975e-02 2.272602637350259244e-03
6.674700407643444598e-03 2.162893370512953065e-02 0.000000000000000000e+00
6.674700407643444598e-03 2.162893370512953065e-02 3.246575196214655985e-04
6.674700407643444598e-03 2.162893370512953065e-02 6.493150392429311970e-04
6.674700407643444598e-03 2.162893370512953065e-02 9.739725588643968496e-04
6.674700407643444598e-03 2.162893370512953065e-02 1.298630078485862394e-03
6.674700407643444598e-03 2.162893370512953065e-02 1.623287598107327938e-03
6.674700407643444598e-03 2.162893370512953065e-02 1.947945117728793699e-03
6.674700407643444598e-03 2.162893370512953065e-02 2.272602637350259244e-03
6.674700407643444598e-03 2.433255041827072154e-02 0.000000000000000000e+00
6.674700407643444598e-03 2.433255041827072154e-02 3.246575196214655985e-04
6.674700407643444598e-03 2.433255041827072154e-02 6.493150392429311970e-04
6.674700407643444598e-03 2.433255041827072154e-02 9.739725588643968496e-04
6.674700407643444598e-03 2.433255041827072154e-02 1.298630078485862394e-03
6.674700407643444598e-03 2.433255041827072154e-02 1.623287598107327938e-03
6.674700407643444598e-03 2.433255041827072154e-02 1.947945117728793699e-03
6.674700407643444598e-03 2.433255041827072154e-02 2.272602637350259244e-03
6.674700407643444598e-03 2.703616713141191244e-02 0.000000000000000000e+00
6.674700407643444598e-03 2.703616713141191244e-02 3.246575196214655985e-04
6.674700407643444598e-03 2.703616713141191244e-02 6.493150392429311970e-04
6.674700407643444598e-03 2.703616713141191244e-02 9.739725588643968496e-04
6.674700407643444598e-03 2.703616713141191244e-02 1.298630078485862394e-03
6.674700407643444598e-03 2.703616713141191244e-02 1.623287598107327938e-03
6.674700407643444598e-03 2.703616713141191244e-02 1.947945117728793699e-03
6.674700407643444598e-03 2.703616713141191244e-02 2.272602637350259244e-03
6.674700407643444598e-03 2.973978384455310334e-02 0.000000000000000000e+00
6.674700407643444598e-03 2.973978384455310334e-02 3.246575196214655985e-04
6.674700407643444598e-03 2.973978384455310334e-02 6.493150392429311970e-04
6.674700407643444598e-03 2.973978384455310334e-02 9.739725588643968496e-04
6.674700407643444598e-03 2.973978384455310334e-02 1.298630078485862394e-03
6.674700407643444598e-03 2.973978384455310334e-02 1.623287598107327938e-03
6.674700407643444598e-03 2.973978384455310334e-02 1.947945117728793699e-03
6.674700407643444598e-03 2.973978384455310334e-02 2.272602637350259244e-03
6.674700407643444598e-03 3.244340055769429770e-02 0.000000000000000000e+00
6.674700407643444598e-03 3.244340055769429770e-02 3.246575196214655985e-04
6.674700407643444598e-03 3.244340055769429770e-02 6.493150392429311970e-04
6.674700407643444598e-03 3.244340055769429770e-02 9.739725588643968496e-04
6.674700407643444598e-03 3.244340055769429770e-02 1.298630078485862394e-03
6.674700407643444598e-03 3.244340055769429770e-02 1.623287598107327938e-03
6.674700407643444598e-03 3.244340055769429770e-02 1.947945117728793699e-03
6.674700407643444598e-03 3.244340055769429770e-02 2.272602637350259244e-03
6.674700407643444598e-03 3.514701727083548860e-02 0.000000000000000000e+00
6.674700407643444598e-03 3.514701727083548860e-02 3.246575196214655985e-04
6.674700407643444598e-03 3.514701727083548860e-02 6.493150392429311970e-04
6.674700407643444598e-03 3.514701727083548860e-02 9.739725588643968496e-04
6.674700407643444598e-03 3.514701727083548860e-02 1.298630078485862394e-03
6.674700407643444598e-03 3.514701727083548860e-02 1.623287598107327938e-03
6.674700407643444598e-03 3.514701727083548860e-02 1.947945117728793699e-03
6.674700407643444598e-03 3.514701727083548860e-02 2.272602637350259244e-03
6.674700407643444598e-03 3.785063398397667950e-02 0.000000000000000000e+00
6.674700407643444598e-03 3.785063398397667950e-02 3.246575196214655985e-04
6.674700407643444598e-03 3.785063398397667950e-02 6.493150392429311970e-04
6.674700407643444598e-03 3.785063398397667950e-02 9.739725588643968496e-04
6.674700407643444598e-03 3.785063398397667950e-02 1.298630078485862394e-03
6.674700407643444598e-03 3.785063398397667950e-02 1.623287598107327938e-03
6.674700407643444598e-03 3.785063398397667950e-02 1.947945117728793699e-03
6.674700407643444598e-03 3.785063398397667950e-02 2.272602637350259244e-03
7.628229037306794198e-03 0.000000000000000000e+00 0.000000000000000000e+00
7.628229037306794198e-03 0.000000000000000000e+00 3.246575196214655985e-04
7.628229037306794198e-03 0.000000000000000000e+00 6.493150392429311970e-04
7.628229037306794198e-03 0.000000000000000000e+00 9.739725588643968496e-04
7.628229037306794198e-03 0.000000000000000000e+00 1.298630078485862394e-03
7.628229037306794198e-03 0.000000000000000000e+00 1.623287598107327938e-03
7.628229037306794198e-03 0.000000000000000000e+00 1.947945117728793699e-03
7.628229037306794198e-03 0.000000000000000000e+00 2.272602637350259244e-03
7.628229037306794198e-03 2.703616713141191331e-03 0.000000000000000000e+00
7.628229037306794198e-03 2.703616713141191331e-03 3.246575196214655985e-04
7.628229037306794198e-03 2.703616713141191331e-03 6.493150392429311970e-04
7.628229037306794198e-03 2.703616713141191331e-03 9.739725588643968496e-04
7.628229037306794198e-03 2.703616713141191331e-03 1.298630078485862394e-03
7.628229037306794198e-03 2.703616713141191331e-03 1.623287598107327938e-03
7.628229037306794198e-03 2.703616713141191331e-03 1.947945117728793699e-03
7.628229037306794198e-03 2.703616713141191331e-03 2.272602637350259244e-03
7.628229037306794198e-03 5.407233426282382661e-03 0.000000000000000000e+00
7.628229037306794198e-03 5.407233426282382661e-03 3.246575196214655985e-04
7.628229037306794198e-03 5.407233426282382661e-03 6.493150392429311970e-04
7.628229037306794198e-03 5.407233426282382661e-03 9.739725588643968496e-04
7.628229037306794198e-03 5.407233426282382661e-03 1.298630078485862394e-03
7.628229037306794198e-03 5.407233426282382661e-03 1.623287598107327938e-03
7.628229037306794198e-03 5.407233426282382661e-03 1.947945117728793699e-03
7.628229037306794198e-03 5.407233426282382661e-03 2.272602637350259244e-03
7.628229037306794198e-03 8.110850139423574426e-03 0.000000000000000000e+00
7.628229037306794198e-03 8.110850139423574426e-03 3.246575196214655985e-04
7.628229037306794198e-03 8.110850139423574426e-03 6.493150392429311970e-04
7.628229037306794198e-03 8.110850139423574426e-03 9.739725588643968496e-04
7.628229037306794198e-03 8.110850139423574426e-03 1.298630078485862394e-03
7.628229037306794198e-03 8.110850139423574426e-03 1.623287598107327938e-03
7.628229037306794198e-03 8.110850139423574426e-03 1.947945117728793699e-03
7.628229037306794198e-03 8.110850139423574426e-03 2.272602637350259244e-03
7.628229037306794198e-03 1.081446685256476532e-02 0.000000000000000000e+00
7.628229037306794198e-03 1.081446685256476532e-02 3.246575196214655985e-04
7.628229037306794198e-03 1.081446685256476532e-02 6.493150392429311970e-04
7.628229037306794198e-03 1.081446685256476532e-02 9.739725588643968496e-04
7.628229037306794198e-03 1.081446685256476532e-02 1.298630078485862394e-03
7.628229037306794198e-03 1.081446685256476532e-02 1.623287598107327938e-03
7.628229037306794198e-03 1.081446685256476532e-02 1.947945117728793699e-03
7.628229037306794198e-03 1.081446685256476532e-02 2.272602637350259244e-03
7.628229037306794198e-03 1.351808356570595622e-02 0.000000000000000000e+00
7.628229037306794198e-03 1.351808356570595622e-02 3.246575196214655985e-04
7.628229037306794198e-03 1.351808356570595622e-02 6.493150392429311970e-04
7.628229037306794198e-03 1.351808356570595622e-02 9.739725588643968496e-04
7.628229037306794198e-03 1.351808356570595622e-02 1.298630078485862394e-03
7.628229037306794198e-03 1.351808356570595622e-02 1.623287598107327938e-03
7.628229037306794198e-03 1.351808356570595622e-02 1.947945117728793699e-03
7.628229037306794198e-03 1.351808356570595622e-02 2.272602637350259244e-03
7.628229037306794198e-03 1.622170027884714885e-02 0.000000000000000000e+00
7.628229037306794198e-03 1.622170027884714885e-02 3.246575196214655985e-04
7.628229037306794198e-03 1.622170027884714885e-02 6.493150392429311970e-04
7.628229037306794198e-03 1.622170027884714885e-02 9.739725588643968496e-04
7.628229037306794198e-03 1.622170027884714885e-02 1.298630078485862394e-03
7.628229037306794198e-03 1.622170027884714885e-02 1.623287598107327938e-03
7.628229037306794198e-03 1.622170027884714885e-02 1.947945117728793699e-03
7.628229037306794198e-03 1.622170027884714885e-02 2.272602637350259244e-03
7.628229037306794198e-03 1.892531699198833975e-02 0.000000000000000000e+00
7.628229037306794198e-03 1.892531699198833975e-02 3.246575196214655985e-04
7.628229037306794198e-03 1.892531699198833975e-02 6.493150392429311970e-04
7.628229037306794198e-03 1.892531699198833975e-02 9.739725588643968496e-04
7.628229037306794198e-03 1.892531699198833975e-02 1.298630078485862394e-03
7.628229037306794198e-03 1.892531699198833975e-02 1.623287598107327938e-03
7.628229037306794198e-03 1.892531699198833975e-02 1.947945117728793699e-03
7.628229037306794198e-03 1.892531699198833975e-02 2.272602637350259244e-03
7.628229037306794198e-03 2.162893370512953065e-02 0.000000000000000000e+00
7.628229037306794198e-03 2.162893370512953065e-02 3.246575196214655985e-04
7.628229037306794198e-03 2.162893370512953065e-02 6.493150392429311970e-04
7.628229037306794198e-03 2.162893370512953065e-02 9.739725588643968496e-04
7.628229037306794198e-03 2.162893370512953065e-02 1.298630078485862394e-03
7.628229037306794198e-03 2.162893370512953065e-02 1.623287598107327938e-03
7.628229037306794198e-03 2.162893370512953065e-02 1.947945117728793699e-03
7.628229037306794198e-03 2.162893370512953065e-02 2.272602637350259244e-03
7.628229037306794198e-03 2.433255041827072154e-02 0.000000000000000000e+00
7.628229037306794198e-03 2.433255041827072154e-02 3.246575196214655985e-04
7.628229037306794198e-03 2.433255041827072154e-02 6.493150392429311970e-04
7.628229037306794198e-03 2.433255041827072154e-02 9.739725588643968496e-04
7.628229037306794198e-03 2.433255041827072154e-02 1.298630078485862394e-03
7.628229037306794198e-03 2.433255041827072154e-02 1.623287598107327938e-03
7.628229037306794198e-03 2.433255041827072154e-02 1.947945117728793699e-03
7.628229037306794198e-03 2.433255041827072154e-02 2.272602637350259244e-03
7.628229037306794198e-03 2.703616713141191244e-02 0.000000000000000000e+00
7.628229037306794198e-03 2.703616713141191244e-02 3.246575196214655985e-04
7.628229037306794198e-03 2.703616713141191244e-02 6.493150392429311970e-04
7.628229037306794198e-03 2.703616713141191244e-02 9.739725588643968496e-04
7.628229037306794198e-03 2.703616713141191244e-02 1.298630078485862394e-03
7.628229037306794198e-03 2.703616713141191244e-02 1.623287598107327938e-03
7.628229037306794198e-03 2.703616713141191244e-02 1.947945117728793699e-03
7.628229037306794198e-03 2.703616713141191244e-02 2.272602637350259244e-03
7.628229037306794198e-03 2.973978384455310334e-02 0.000000000000000000e+00
7.628229037306794198e-03 2.973978384455310334e-02 3.246575196214655985e-04
7.628229037306794198e-03 2.973978384455310334e-02 6.493150392429311970e-04
7.628229037306794198e-03 2.973978384455310334e-02 9.739725588643968496e-04
7.628229037306794198e-03 2.973978384455310334e-02 1.298630078485862394e-03
7.628229037306794198e-03 2.973978384455310334e-02 1.623287598107327938e-03
7.628229037306794198e-03 2.973978384455310334e-02 1.947945117728793699e-03
7.628229037306794198e-03 2.973978384455310334e-02 2.272602637350259244e-03
7.628229037306794198e-03 3.244340055769429770e-02 0.000000000000000000e+00
7.628229037306794198e-03 3.244340055769429770e-02 3.246575196214655985e-04
7.628229037306794198e-03 3.244340055769429770e-02 6.493150392429311970e-04
7.628229037306794198e-03 3.244340055769429770e-02 9.739725588643968496e-04
7.628229037306794198e-03 3.244340055769429770e-02 1.298630078485862394e-03
7.628229037306794198e-03 3.244340055769429770e-02 1.623287598107327938e-03
7.628229037306794198e-03 3.244340055769429770e-02 1.947945117728793699e-03
7.628229037306794198e-03 3.244340055769429770e-02 2.272602637350259244e-03
7.628229037306794198e-03 3.514701727083548860e-02 0.000000000000000000e+00
7.628229037306794198e-03 3.514701727083548860e-02 3.246575196214655985e-04
7.628229037306794198e-03 3.514701727083548860e-02 6.493150392429311970e-04
7.628229037306794198e-03 3.514701727083548860e-02 9.739725588643968496e-04
7.628229037306794198e-03 3.514701727083548860e-02 1.298630078485862394e-03
7.628229037306794198e-03 3.514701727083548860e-02 1.623287598107327938e-03
7.628229037306794198e-03 3.514701727083548860e-02 1.947945117728793699e-03
7.628229037306794198e-03 3.514701727083548860e-02 2.272602637350259244e-03
7.628229037306794198e-03 3.785063398397667950e-02 0.000000000000000000e+00
7.628229037306794198e-03 3.785063398397667950e-02 3.246575196214655985e-04
7.628229037306794198e-03 3.785063398397667950e-02 6.493150392429311970e-04
7.628229037306794198e-03 3.785063398397667950e-02 9.739725588643968496e-04
7.628229037306794198e-03 3.785063398397667950e-02 1.298630078485862394e-03
7.628229037306794198e-03 3.785063398397667950e-02 1.623287598107327938e-03
7.628229037306794198e-03 3.785063398397667950e-02 1.947945117728793699e-03
7.628229037306794198e-03 3.785063398397667950e-02 2.272602637350259244e-03
8.581757666970142931e-03 0.000000000000000000e+00 0.000000000000000000e+00
8.581757666970142931e-03 0.000000000000000000e+00 3.246575196214655985e-04
8.581757666970142931e-03 0.000000000000000000e+00 6.493150392429311970e-04
8.581757666970142931e-03 0.000000000000000000e+00 9.739725588643968496e-04
8.581757666970142931e-03 0.000000000000000000e+00 1.298630078485862394e-03
8.581757666970142931e-03 0.000000000000000000e+00 1.623287598107327938e-03
8.581757666970142931e-03 0.000000000000000000e+00 1.947945117728793699e-03
8.581757666970142931e-03 0.000000000000000000e+00 2.272602637350259244e-03
8.581757666970142931e-03 2.703616713141191331e-03 0.000000000000000000e+00
8.581757666970142931e-03 2.703616713141191331e-03 3.246575196214655985e-04
8.581757666970142931e-03 2.703616713141191331e-03 6.493150392429311970e-04
8.581757666970142931e-03 2.703616713141191331e-03 9.739725588643968496e-04
8.581757666970142931e-03 2.703616713141191331e-03 1.298630078485862394e-03
8.581757666970142931e-03 2.703616713141191331e-03 1.623287598107327938e-03
8.581757666970142931e-03 2.703616713141191331e-03 1.947945117728793699e-03
8.581757666970142931e-03 2.703616713141191331e-03 2.272602637350259244e-03
8.581757666970142931e-03 5.407233426282382661e-03 0.000000000000000000e+00
8.581757666970142931e-03 5.407233426282382661e-03 3.246575196214655985e-04
8.581757666970142931e-03 5.407233426282382661e-03 6.493150392429311970e-04
8.581757666970142931e-03 5.407233426282382661e-03 9.739725588643968496e-04
8.581757666970142931e-03 5.407233426282382661e-03 1.298630078485862394e-03
8.581757666970142931e-03 5.407233426282382661e-03 1.623287598107327938e-03
8.581757666970142931e-03 5.407233426282382661e-03 1.947945117728793699e-03
8.581757666970142931e-03 5.407233426282382661e-03 2.272602637350259244e-03
8.581757666970142931e-03 8.110850139423574426e-03 0.000000000000000000e+00
8.581757666970142931e-03 8.110850139423574426e-03 3.246575196214655985e-04
8.581757666970142931e-03 8.110850139423574426e-03 6.493150392429311970e-04
8.581757666970142931e-03 8.110850139423574426e-03 9.739725588643968496e-04
8.581757666970142931e-03 8.110850139423574426e-03 1.298630078485862394e-03
8.581757666970142931e-03 8.110850139423574426e-03 1.623287598107327938e-03
8.581757666970142931e-03 8.110850139423574426e-03 1.947945117728793699e-03
8.581757666970142931e-03 8.110850139423574426e-03 2.272602637350259244e-03
8.581757666970142931e-03 1.081446685256476532e-02 0.000000000000000000e+00
8.581757666970142931e-03 1.081446685256476532e-02 3.246575196214655985e-04
8.581757666970142931e-03 1.081446685256476532e-02 6.493150392429311970e-04
8.581757666970142931e-03 1.081446685256476532e-02 9.739725588643968496e-04
8.581757666970142931e-03 1.081446685256476532e-02 1.298630078485862394e-03
8.581757666970142931e-03 1.081446685256476532e-02 1.623287598107327938e-03
8.581757666970142931e-03 1.081446685256476532e-02 1.947945117728793699e-03
8.581757666970142931e-03 1.081446685256476532e-02 2.272602637350259244e-03
8.581757666970142931e-03 1.351808356570595622e-02 0.000000000000000000e+00
8.581757666970142931e-03 1.351808356570595622e-02 3.246575196214655985e-04
8.581757666970142931e-03 1.351808356570595622e-02 6.493150392429311970e-04
8.581757666970142931e-03 1.351808356570595622e-02 9.739725588643968496e-04
8.581757666970142931e-03 1.351808356570595622e-02 1.298630078485862394e-03
8.581757666970142931e-03 1.351808356570595622e-02 1.623287598107327938e-03
8.581757666970142931e-03 1.351808356570595622e-02 1.947945117728793699e-03
8.581757666970142931e-03 1.351808356570595622e-02 2.272602637350259244e-03
8.581757666970142931e-03 1.622170027884714885e-02 0.000000000000000000e+00
8.581757666970142931e-03 1.622170027884714885e-02 3.246575196214655985e-04
8.581757666970142931e-03 1.622170027884714885e-02 6.493150392429311970e-04
8.581757666970142931e-03 1.622170027884714885e-02 9.739725588643968496e-04
8.581757666970142931e-03 1.622170027884714885e-02 1.298630078485862394e-03
8.581757666970142931e-03 1.622170027884714885e-02 1.623287598107327938e-03
8.581757666970142931e-03 1.622170027884714885e-02 1.947945117728793699e-03
8.581757666970142931e-03 1.622170027884714885e-02 2.272602637350259244e-03
8.581757666970142931e-03 1.892531699198833975e-02 0.000000000000000000e+00
8.581757666970142931e-03 1.892531699198833975e-02 3.246575196214655985e-04
8.581757666970142931e-03 1.892531699198833975e-02 6.493150392429311970e-04
8.581757666970142931e-03 1.892531699198833975e-02 9.739725588643968496e-04
8.581757666970142931e-03 1.892531699198833975e-02 1.298630078485862394e-03
8.581757666970142931e-03 1.892531699198833975e-02 1.623287598107327938e-03
8.581757666970142931e-03 1.892531699198833975e-02 1.947945117728793699e-03
8.581757666970142931e-03 1.892531699198833975e-02 2.272602637350259244e-03
8.581757666970142931e-03 2.162893370512953065e-02 0.000000000000000000e+00
8.581757666970142931e-03 2.162893370512953065e-02 3.246575196214655985e-04
8.581757666970142931e-03 2.162893370512953065e-02 6.493150392429311970e-04
8.581757666970142931e-03 2.162893370512953065e-02 9.739725588643968496e-04
8.581757666970142931e-03 2.162893370512953065e-02 1.298630078485862394e-03
8.581757666970142931e-03 2.162893370512953065e-02 1.623287598107327938e-03
8.581757666970142931e-03 2.162893370512953065e-02 1.947945117728793699e-03
8.581757666970142931e-03 2.162893370512953065e-02 2.272602637350259244e-03
8.581757666970142931e-03 2.433255041827072154e-02 0.000000000000000000e+00
8.581757666970142931e-03 2.433255041827072154e-02 3.246575196214655985e-04
8.581757666970142931e-03 2.433255041827072154e-02 6.493150392429311970e-04
8.581757666970142931e-03 2.433255041827072154e-02 9.739725588643968496e-04
8.581757666970142931e-03 2.433255041827072154e-02 1.298630078485862394e-03
8.581757666970142931e-03 2.433255041827072154e-02 1.623287598107327938e-03
8.581757666970142931e-03 2.433255041827072154e-02 1.947945117728793699e-03
8.581757666970142931e-03 2.433255041827072154e-02 2.272602637350259244e-03
8.581757666970142931e-03 2.703616713141191244e-02 0.000000000000000000e+00
8.581757666970142931e-03 2.703616713141191244e-02 3.246575196214655985e-04
8.581757666970142931e-03 2.703616713141191244e-02 6.493150392429311970e-04
8.581757666970142931e-03 2.703616713141191244e-02 9.739725588643968496e-04
8.581757666970142931e-03 2.703616713141191244e-02 1.298630078485862394e-03
8.581757666970142931e-03 2.703616713141191244e-02 1.623287598107327938e-03
8.581757666970142931e-03 2.703616713141191244e-02 1.947945117728793699e-03
8.581757666970142931e-03 2.703616713141191244e-02 2.272602637350259244e-03
8.581757666970142931e-03 2.973978384455310334e-02 0.000000000000000000e+00
8.581757666970142931e-03 2.973978384455310334e-02 3.246575196214655985e-04
8.581757666970142931e-03 2.973978384455310334e-02 6.493150392429311970e-04
8.581757666970142931e-03 2.973978384455310334e-02 9.739725588643968496e-04
8.581757666970142931e-03 2.973978384455310334e-02 1.298630078485862394e-03
8.581757666970142931e-03 2.973978384455310334e-02 1.623287598107327938e-03
8.581757666970142931e-03 2.973978384455310334e-02 1.947945117728793699e-03
8.581757666970142931e-03 2.973978384455310334e-02 2.272602637350259244e-03
8.581757666970142931e-03 3.244340055769429770e-02 0.000000000000000000e+00
8.581757666970142931e-03 3.244340055769429770e-02 3.246575196214655985e-04
8.581757666970142931e-03 3.244340055769429770e-02 6.493150392429311970e-04
8.581757666970142931e-03 3.244340055769429770e-02 9.739725588643968496e-04
8.581757666970142931e-03 3.244340055769429770e-02 1.298630078485862394e-03
8.581757666970142931e-03 3.244340055769429770e-02 1.623287598107327938e-03
8.581757666970142931e-03 3.244340055769429770e-02 1.947945117728793699e-03
8.581757666970142931e-03 3.244340055769429770e-02 2.272602637350259244e-03
8.581757666970142931e-03 3.514701727083548860e-02 0.000000000000000000e+00
8.581757666970142931e-03 3.514701727083548860e-02 3.246575196214655985e-04
8.581757666970142931e-03 3.514701727083548860e-02 6.493150392429311970e-04
8.581757666970142931e-03 3.514701727083548860e-02 9.739725588643968496e-04
8.581757666970142931e-03 3.514701727083548860e-02 1.298630078485862394e-03
8.581757666970142931e-03 3.514701727083548860e-02 1.623287598107327938e-03
8.581757666970142931e-03 3.514701727083548860e-02 1.947945117728793699e-03
8.581757666970142931e-03 3.514701727083548860e-02 2.272602637350259244e-03
8.581757666970142931e-03 3.785063398397667950e-02 0.000000000000000000e+00
8.581757666970142931e-03 3.785063398397667950e-02 3.246575196214655985e-04
8.581757666970142931e-03 3.785063398397667950e-02 6.493150392429311970e-04
8.581757666970142931e-03 3.785063398397667950e-02 9.739725588643968496e-04
8.581757666970142931e-03 3.785063398397667950e-02 1.298630078485862394e-03
8.581757666970142931e-03 3.785063398397667950e-02 1.623287598107327938e-03
8.581757666970142931e-03 3.785063398397667950e-02 1.947945117728793699e-03
8.581757666970142931e-03 3.785063398397667950e-02 2.272602637350259244e-03
9.535286296633492531e-03 0.000000000000000000e+00 0.000000000000000000e+00
9.535286296633492531e-03 0.000000000000000000e+00 3.246575196214655985e-04
9.535286296633492531e-03 0.000000000000000000e+00 6.493150392429311970e-04
9.535286296633492531e-03 0.000000000000000000e+00 9.739725588643968496e-04
9.535286296633492531e-03 0.000000000000000000e+00 1.298630078485862394e-03
9.535286296633492531e-03 0.000000000000000000e+00 1.623287598107327938e-03
9.535286296633492531e-03 0.000000000000000000e+00 1.947945117728793699e-03
9.535286296633492531e-03 0.000000000000000000e+00 2.272602637350259244e-03
9.535286296633492531e-03 2.703616713141191331e-03 0.000000000000000000e+00
9.535286296633492531e-03 2.703616713141191331e-03 3.246575196214655985e-04
9.535286296633492531e-03 2.703616713141191331e-03 6.493150392429311970e-04
9.535286296633492531e-03 2.703616713141191331e-03 9.739725588643968496e-04
9.535286296633492531e-03 2.703616713141191331e-03 1.298630078485862394e-03
9.535286296633492531e-03 2.703616713141191331e-03 1.623287598107327938e-03
9.535286296633492531e-03 2.703616713141191331e-03 1.947945117728793699e-03
9.535286296633492531e-03 2.703616713141191331e-03 2.272602637350259244e-03
9.535286296633492531e-03 5.407233426282382661e-03 0.000000000000000000e+00
9.535286296633492531e-03 5.407233426282382661e-03 3.246575196214655985e-04
9.535286296633492531e-03 5.407233426282382661e-03 6.493150392429311970e-04
9.535286296633492531e-03 5.407233426282382661e-03 9.739725588643968496e-04
9.535286296633492531e-03 5.407233426282382661e-03 1.298630078485862394e-03
9.535286296633492531e-03 5.407233426282382661e-03 1.623287598107327938e-03
9.535286296633492531e-03 5.407233426282382661e-03 1.947945117728793699e-03
9.535286296633492531e-03 5.407233426282382661e-03 2.272602637350259244e-03
9.535286296633492531e-03 8.110850139423574426e-03 0.000000000000000000e+00
9.535286296633492531e-03 8.110850139423574426e-03 3.246575196214655985e-04
9.535286296633492531e-03 8.110850139423574426e-03 6.493150392429311970e-04
9.535286296633492531e-03 8.110850139423574426e-03 9.739725588643968496e-04
9.535286296633492531e-03 8.110850139423574426e-03 1.298630078485862394e-03
9.535286296633492531e-03 8.110850139423574426e-03 1.623287598107327938e-03
9.535286296633492531e-03 8.110850139423574426e-03 1.947945117728793699e-03
9.535286296633492531e-03 8.110850139423574426e-03 2.272602637350259244e-03
9.535286296633492531e-03 1.081446685256476532e-02 0.000000000000000000e+00
9.535286296633492531e-03 1.081446685256476532e-02 3.246575196214655985e-04
9.535286296633492531e-03 1.081446685256476532e-02 6.493150392429311970e-04
9.535286296633492531e-03 1.081446685256476532e-02 9.739725588643968496e-04
9.535286296633492531e-03 1.081446685256476532e-02 1.298630078485862394e-03
9.535286296633492531e-03 1.081446685256476532e-02 1.623287598107327938e-03
9.535286296633492531e-03 1.081446685256476532e-02 1.947945117728793699e-03
9.535286296633492531e-03 1.081446685256476532e-02 2.272602637350259244e-03
9.535286296633492531e-03 1.351808356570595622e-02 0.000000000000000000e+00
9.535286296633492531e-03 1.351808356570595622e-02 3.246575196214655985e-04
9.535286296633492531e-03 1.351808356570595622e-02 6.493150392429311970e-04
9.535286296633492531e-03 1.351808356570595622e-02 9.739725588643968496e-04
9.535286296633492531e-03 1.351808356570595622e-02 1.298630078485862394e-03
9.535286296633492531e-03 1.351808356570595622e-02 1.623287598107327938e-03
9.535286296633492531e-03 1.351808356570595622e-02 1.947945117728793699e-03
9.535286296633492531e-03 1.351808356570595622e-02 2.272602637350259244e-03
9.535286296633492531e-03 1.622170027884714885e-02 0.000000000000000000e+00
9.535286296633492531e-03 1.622170027884714885e-02 3.246575196214655985e-04
9.535286296633492531e-03 1.622170027884714885e-02 6.493150392429311970e-04
9.535286296633492531e-03 1.622170027884714885e-02 9.739725588643968496e-04
9.535286296633492531e-03 1.622170027884714885e-02 1.298630078485862394e-03
9.535286296633492531e-03 1.622170027884714885e-02 1.623287598107327938e-03
9.535286296633492531e-03 1.622170027884714885e-02 1.947945117728793699e-03
9.535286296633492531e-03 1.622170027884714885e-02 2.272602637350259244e-03
9.535286296633492531e-03 1.892531699198833975e-02 0.000000000000000000e+00
9.535286296633492531e-03 1.892531699198833975e-02 3.246575196214655985e-04
9.535286296633492531e-03 1.892531699198833975e-02 6.493150392429311970e-04
9.535286296633492531e-03 1.892531699198833975e-02 9.739725588643968496e-04
9.535286296633492531e-03 1.892531699198833975e-02 1.298630078485862394e-03
9.535286296633492531e-03 1.892531699198833975e-02 1.623287598107327938e-03
9.535286296633492531e-03 1.892531699198833975e-02 1.947945117728793699e-03
9.535286296633492531e-03 1.892531699198833975e-02 2.272602637350259244e-03
9.535286296633492531e-03 2.162893370512953065e-02 0.000000000000000000e+00
9.535286296633492531e-03 2.162893370512953065e-02 3.246575196214655985e-04
9.535286296633492531e-03 2.162893370512953065e-02 6.493150392429311970e-04
9.535286296633492531e-03 2.162893370512953065e-02 9.739725588643968496e-04
9.535286296633492531e-03 2.162893370512953065e-02 1.298630078485862394e-03
9.535286296633492531e-03 2.162893370512953065e-02 1.623287598107327938e-03
9.535286296633492531e-03 2.162893370512953065e-02 1.947945117728793699e-03
9.535286296633492531e-03 2.162893370512953065e-02 2.272602637350259244e-03
9.535286296633492531e-03 2.433255041827072154e-02 0.000000000000000000e+00
9.535286296633492531e-03 2.433255041827072154e-02 3.246575196214655985e-04
9.535286296633492531e-03 2.433255041827072154e-02 6.493150392429311970e-04
9.535286296633492531e-03 2.433255041827072154e-02 9.739725588643968496e-04
9.535286296633492531e-03 2.433255041827072154e-02 1.298630078485862394e-03
9.535286296633492531e-03 2.433255041827072154e-02 1.623287598107327938e-03
9.535286296633492531e-03 2.433255041827072154e-02 1.947945117728793699e-03
9.535286296633492531e-03 2.433255041827072154e-02 2.272602637350259244e-03
9.535286296633492531e-03 2.703616713141191244e-02 0.000000000000000000e+00
9.535286296633492531e-03 2.703616713141191244e-02 3.246575196214655985e-04
9.535286296633492531e-03 2.703616713141191244e-02 6.493150392429311970e-04
9.535286296633492531e-03 2.703616713141191244e-02 9.739725588643968496e-04
9.535286296633492531e-03 2.703616713141191244e-02 1.298630078485862394e-03
9.535286296633492531e-03 2.703616713141191244e-02 1.623287598107327938e-03
9.535286296633492531e-03 2.703616713141191244e-02 1.947945117728793699e-03
9.535286296633492531e-03 2.703616713141191244e-02 2.272602637350259244e-03
9.535286296633492531e-03 2.973978384455310334e-02 0.000000000000000000e+00
9.535286296633492531e-03 2.973978384455310334e-02 3.246575196214655985e-04
9.535286296633492531e-03 2.973978384455310334e-02 6.493150392429311970e-04
9.535286296633492531e-03 2.973978384455310334e-02 9.739725588643968496e-04
9.535286296633492531e-03 2.973978384455310334e-02 1.298630078485862394e-03
9.535286296633492531e-03 2.973978384455310334e-02 1.623287598107327938e-03
9.535286296633492531e-03 2.973978384455310334e-02 1.947945117728793699e-03
9.535286296633492531e-03 2.973978384455310334e-02 2.272602637350259244e-03
9.535286296633492531e-03 3.244340055769429770e-02 0.000000000000000000e+00
9.535286296633492531e-03 3.244340055769429770e-02 3.246575196214655985e-04
9.535286296633492531e-03 3.244340055769429770e-02 6.493150392429311970e-04
9.535286296633492531e-03 3.244340055769429770e-02 9.739725588643968496e-04
9.535286296633492531e-03 3.244340055769429770e-02 1.298630078485862394e-03
9.535286296633492531e-03 3.244340055769429770e-02 1.623287598107327938e-03
9.535286296633492531e-03 3.244340055769429770e-02 1.947945117728793699e-03
9.535286296633492531e-03 3.244340055769429770e-02 2.272602637350259244e-03
9.535286296633492531e-03 3.514701727083548860e-02 0.000000000000000000e+00
9.535286296633492531e-03 3.514701727083548860e-02 3.246575196214655985e-04
9.535286296633492531e-03 3.514701727083548860e-02 6.493150392429311970e-04
9.535286296633492531e-03 3.514701727083548860e-02 9.739725588643968496e-04
9.535286296633492531e-03 3.514701727083548860e-02 1.298630078485862394e-03
9.535286296633492531e-03 3.514701727083548860e-02 1.623287598107327938e-03
9.535286296633492531e-03 3.514701727083548860e-02 1.947945117728793699e-03
9.535286296633492531e-03 3.514701727083548860e-02 2.272602637350259244e-03
9.535286296633492531e-03 3.785063398397667950e-02 0.000000000000000000e+00
9.535286296633492531e-03 3.785063398397667950e-02 3.246575196214655985e-04
9.535286296633492531e-03 3.785063398397667950e-02 6.493150392429311970e-04
9.535286296633492531e-03 3.785063398397667950e-02 9.739725588643968496e-04
9.535286296633492531e-03 3.785063398397667950e-02 1.298630078485862394e-03
9.535286296633492531e-03 3.785063398397667950e-02 1.623287598107327938e-03
9.535286296633492531e-03 3.785063398397667950e-02 1.947945117728793699e-03
9.535286296633492531e-03 3.785063398397667950e-02 2.272602637350259244e-03
1.048881492629684213e-02 0.000000000000000000e+00 0.000000000000000000e+00
1.048881492629684213e-02 0.000000000000000000e+00 3.246575196214655985e-04
1.048881492629684213e-02 0.000000000000000000e+00 6.493150392429311970e-04
1.048881492629684213e-02 0.000000000000000000e+00 9.739725588643968496e-04
1.048881492629684213e-02 0.000000000000000000e+00 1.298630078485862394e-03
1.048881492629684213e-02 0.000000000000000000e+00 1.623287598107327938e-03
1.048881492629684213e-02 0.000000000000000000e+00 1.947945117728793699e-03
1.048881492629684213e-02 0.000000000000000000e+00 2.272602637350259244e-03
1.048881492629684213e-02 2.703616713141191331e-03 0.000000000000000000e+00
1.048881492629684213e-02 2.703616713141191331e-03 3.246575196214655985e-04
1.048881492629684213e-02 2.703616713141191331e-03 6.493150392429311970e-04
1.048881492629684213e-02 2.703616713141191331e-03 9.739725588643968496e-04
1.048881492629684213e-02 2.703616713141191331e-03 1.298630078485862394e-03
1.048881492629684213e-02 2.703616713141191331e-03 1.623287598107327938e-03
1.048881492629684213e-02 2.703616713141191331e-03 1.947945117728793699e-03
1.048881492629684213e-02 2.703616713141191331e-03 2.272602637350259244e-03
1.048881492629684213e-02 5.407233426282382661e-03 0.000000000000000000e+00
1.048881492629684213e-02 5.407233426282382661e-03 3.246575196214655985e-04
1.048881492629684213e-02 5.407233426282382661e-03 6.493150392429311970e-04
1.048881492629684213e-02 5.407233426282382661e-03 9.739725588643968496e-04
1.048881492629684213e-02 5.407233426282382661e-03 1.298630078485862394e-03
1.048881492629684213e-02 5.407233426282382661e-03 1.623287598107327938e-03
1.048881492629684213e-02 5.407233426282382661e-03 1.947945117728793699e-03
1.048881492629684213e-02 5.407233426282382661e-03 2.272602637350259244e-03
1.048881492629684213e-02 8.110850139423574426e-03 0.000000000000000000e+00
1.048881492629684213e-02 8.110850139423574426e-03 3.246575196214655985e-04
1.048881492629684213e-02 8.110850139423574426e-03 6.493150392429311970e-04
1.048881492629684213e-02 8.110850139423574426e-03 9.739725588643968496e-04
1.048881492629684213e-02 8.110850139423574426e-03 1.298630078485862394e-03
1.048881492629684213e-02 8.110850139423574426e-03 1.623287598107327938e-03
1.048881492629684213e-02 8.110850139423574426e-03 1.947945117728793699e-03
1.048881492629684213e-02 8.110850139423574426e-03 2.272602637350259244e-03
1.048881492629684213e-02 1.081446685256476532e-02 0.000000000000000000e+00
1.048881492629684213e-02 1.081446685256476532e-02 3.246575196214655985e-04
1.048881492629684213e-02 1.081446685256476532e-02 6.493150392429311970e-04
1.048881492629684213e-02 1.081446685256476532e-02 9.739725588643968496e-04
1.048881492629684213e-02 1.081446685256476532e-02 1.298630078485862394e-03
1.048881492629684213e-02 1.081446685256476532e-02 1.623287598107327938e-03
1.048881492629684213e-02 1.081446685256476532e-02 1.947945117728793699e-03
1.048881492629684213e-02 1.081446685256476532e-02 2.272602637350259244e-03
1.048881492629684213e-02 1.351808356570595622e-02 0.000000000000000000e+00
1.048881492629684213e-02 1.351808356570595622e-02 3.246575196214655985e-04
1.048881492629684213e-02 1.351808356570595622e-02 6.493150392429311970e-04
1.048881492629684213e-02 1.351808356570595622e-02 9.739725588643968496e-04
1.048881492629684213e-02 1.351808356570595622e-02 1.298630078485862394e-03
1.048881492629684213e-02 1.351808356570595622e-02 1.623287598107327938e-03
1.048881492629684213e-02 1.351808356570595622e-02 1.947945117728793699e-03
1.048881492629684213e-02 1.351808356570595622e-02 2.272602637350259244e-03
1.048881492629684213e-02 1.622170027884714885e-02 0.000000000000000000e+00
1.048881492629684213e-02 1.622170027884714885e-02 3.246575196214655985e-04
1.048881492629684213e-02 1.622170027884714885e-02 6.493150392429311970e-04
1.048881492629684213e-02 1.622170027884714885e-02 9.739725588643968496e-04
1.048881492629684213e-02 1.622170027884714885e-02 1.298630078485862394e-03
1.048881492629684213e-02 1.622170027884714885e-02 1.623287598107327938e-03
1.048881492629684213e-02 1.622170027884714885e-02 1.947945117728793699e-03
1.048881492629684213e-02 1.622170027884714885e-02 2.272602637350259244e-03
1.048881492629684213e-02 1.892531699198833975e-02 0.000000000000000000e+00
1.048881492629684213e-02 1.892531699198833975e-02 3.246575196214655985e-04
1.048881492629684213e-02 1.892531699198833975e-02 6.493150392429311970e-04
1.048881492629684213e-02 1.892531699198833975e-02 9.739725588643968496e-04
1.048881492629684213e-02 1.892531699198833975e-02 1.298630078485862394e-03
1.048881492629684213e-02 1.892531699198833975e-02 1.623287598107327938e-03
1.048881492629684213e-02 1.892531699198833975e-02 1.947945117728793699e-03
1.048881492629684213e-02 1.892531699198833975e-02 2.272602637350259244e-03
1.048881492629684213e-02 2.162893370512953065e-02 0.000000000000000000e+00
1.048881492629684213e-02 2.162893370512953065e-02 3.246575196214655985e-04
1.048881492629684213e-02 2.162893370512953065e-02 6.493150392429311970e-04
1.048881492629684213e-02 2.162893370512953065e-02 9.739725588643968496e-04
1.048881492629684213e-02 2.162893370512953065e-02 1.298630078485862394e-03
1.048881492629684213e-02 2.162893370512953065e-02 1.623287598107327938e-03
1.048881492629684213e-02 2.162893370512953065e-02 1.947945117728793699e-03
1.048881492629684213e-02 2.162893370512953065e-02 2.272602637350259244e-03
1.048881492629684213e-02 2.433255041827072154e-02 0.000000000000000000e+00
1.048881492629684213e-02 2.433255041827072154e-02 3.246575196214655985e-04
1.048881492629684213e-02 2.433255041827072154e-02 6.493150392429311970e-04
1.048881492629684213e-02 2.433255041827072154e-02 9.739725588643968496e-04
1.048881492629684213e-02 2.433255041827072154e-02 1.298630078485862394e-03
1.048881492629684213e-02 2.433255041827072154e-02 1.623287598107327938e-03
1.048881492629684213e-02 2.433255041827072154e-02 1.947945117728793699e-03
1.048881492629684213e-02 2.433255041827072154e-02 2.272602637350259244e-03
1.048881492629684213e-02 2.703616713141191244e-02 0.000000000000000000e+00
1.048881492629684213e-02 2.703616713141191244e-02 3.246575196214655985e-04
1.048881492629684213e-02 2.703616713141191244e-02 6.493150392429311970e-04
1.048881492629684213e-02 2.703616713141191244e-02 9.739725588643968496e-04
1.048881492629684213e-02 2.703616713141191244e-02 1.298630078485862394e-03
1.048881492629684213e-02 2.703616713141191244e-02 1.623287598107327938e-03
1.048881492629684213e-02 2.703616713141191244e-02 1.947945117728793699e-03
1.048881492629684213e-02 2.703616713141191244e-02 2.272602637350259244e-03
1.048881492629684213e-02 2.973978384455310334e-02 0.000000000000000000e+00
1.048881492629684213e-02 2.973978384455310334e-02 3.246575196214655985e-04
1.048881492629684213e-02 2.973978384455310334e-02 6.493150392429311970e-04
1.048881492629684213e-02 2.973978384455310334e-02 9.739725588643968496e-04
1.048881492629684213e-02 2.973978384455310334e-02 1.298630078485862394e-03
1.048881492629684213e-02 2.973978384455310334e-02 1.623287598107327938e-03
1.048881492629684213e-02 2.973978384455310334e-02 1.947945117728793699e-03
1.048881492629684213e-02 2.973978384455310334e-02 2.272602637350259244e-03
1.048881492629684213e-02 3.244340055769429770e-02 0.000000000000000000e+00
1.048881492629684213e-02 3.244340055769429770e-02 3.246575196214655985e-04
1.048881492629684213e-02 3.244340055769429770e-02 6.493150392429311970e-04
1.048881492629684213e-02 3.244340055769429770e-02 9.739725588643968496e-04
1.048881492629684213e-02 3.244340055769429770e-02 1.298630078485862394e-03
1.048881492629684213e-02 3.244340055769429770e-02 1.623287598107327938e-03
1.048881492629684213e-02 3.244340055769429770e-02 1.947945117728793699e-03
1.048881492629684213e-02 3.244340055769429770e-02 2.272602637350259244e-03
1.048881492629684213e-02 3.514701727083548860e-02 0.000000000000000000e+00
1.048881492629684213e-02 3.514701727083548860e-02 3.246575196214655985e-04
1.048881492629684213e-02 3.514701727083548860e-02 6.493150392429311970e-04
1.048881492629684213e-02 3.514701727083548860e-02 9.739725588643968496e-04
1.048881492629684213e-02 3.514701727083548860e-02 1.298630078485862394e-03
1.048881492629684213e-02 3.514701727083548860e-02 1.623287598107327938e-03
1.048881492629684213e-02 3.514701727083548860e-02 1.947945117728793699e-03
1.048881492629684213e-02 3.514701727083548860e-02 2.272602637350259244e-03
1.048881492629684213e-02 3.785063398397667950e-02 0.000000000000000000e+00
1.048881492629684213e-02 3.785063398397667950e-02 3.246575196214655985e-04
1.048881492629684213e-02 3.785063398397667950e-02 6.493150392429311970e-04
1.048881492629684213e-02 3.785063398397667950e-02 9.739725588643968496e-04
1.048881492629684213e-02 3.785063398397667950e-02 1.298630078485862394e-03
1.048881492629684213e-02 3.785063398397667950e-02 1.623287598107327938e-03
1.048881492629684213e-02 3.785063398397667950e-02 1.947945117728793699e-03
1.048881492629684213e-02 3.785063398397667950e-02 2.272602637350259244e-03
1.144234355596019173e-02 0.000000000000000000e+00 0.000000000000000000e+00
1.144234355596019173e-02 0.000000000000000000e+00 3.246575196214655985e-04
1.144234355596019173e-02 0.000000000000000000e+00 6.493150392429311970e-04
1.144234355596019173e-02 0.000000000000000000e+00 9.739725588643968496e-04
1.144234355596019173e-02 0.000000000000000000e+00 1.298630078485862394e-03
1.144234355596019173e-02 0.000000000000000000e+00 1.623287598107327938e-03
1.144234355596019173e-02 0.000000000000000000e+00 1.947945117728793699e-03
1.144234355596019173e-02 0.000000000000000000e+00 2.272602637350259244e-03
1.144234355596019173e-02 2.703616713141191331e-03 0.000000000000000000e+00
1.144234355596019173e-02 2.703616713141191331e-03 3.246575196214655985e-04
1.144234355596019173e-02 2.703616713141191331e-03 6.493150392429311970e-04
1.144234355596019173e-02 2.703616713141191331e-03 9.739725588643968496e-04
1.144234355596019173e-02 2.703616713141191331e-03 1.298630078485862394e-03
1.144234355596019173e-02 2.703616713141191331e-03 1.623287598107327938e-03
1.144234355596019173e-02 2.703616713141191331e-03 1.947945117728793699e-03
1.144234355596019173e-02 2.703616713141191331e-03 2.272602637350259244e-03
1.144234355596019173e-02 5.407233426282382661e-03 0.000000000000000000e+00
1.144234355596019173e-02 5.407233426282382661e-03 3.246575196214655985e-04
1.144234355596019173e-02 5.407233426282382661e-03 6.493150392429311970e-04
1.144234355596019173e-02 5.407233426282382661e-03 9.739725588643968496e-04
1.144234355596019173e-02 5.407233426282382661e-03 1.298630078485862394e-03
1.144234355596019173e-02 5.407233426282382661e-03 1.623287598107327938e-03
1.144234355596019173e-02 5.407233426282382661e-03 1.947945117728793699e-03
1.144234355596019173e-02 5.407233426282382661e-03 2.272602637350259244e-03
1.144234355596019173e-02 8.110850139423574426e-03 0.000000000000000000e+00
1.144234355596019173e-02 8.110850139423574426e-03 3.246575196214655985e-04
1.144234355596019173e-02 8.110850139423574426e-03 6.493150392429311970e-04
1.144234355596019173e-02 8.110850139423574426e-03 9.739725588643968496e-04
1.144234355596019173e-02 8.110850139423574426e-03 1.298630078485862394e-03
1.144234355596019173e-02 8.110850139423574426e-03 1.623287598107327938e-03
1.144234355596019173e-02 8.110850139423574426e-03 1.947945117728793699e-03
1.144234355596019173e-02 8.110850139423574426e-03 2.272602637350259244e-03
1.144234355596019173e-02 1.081446685256476532e-02 0.000000000000000000e+00
1.144234355596019173e-02 1.081446685256476532e-02 3.246575196214655985e-04
1.144234355596019173e-02 1.081446685256476532e-02 6.493150392429311970e-04
1.144234355596019173e-02 1.081446685256476532e-02 9.739725588643968496e-04
1.144234355596019173e-02 1.081446685256476532e-02 1.298630078485862394e-03
1.144234355596019173e-02 1.081446685256476532e-02 1.623287598107327938e-03
1.144234355596019173e-02 1.081446685256476532e-02 1.947945117728793699e-03
1.144234355596019173e-02 1.081446685256476532e-02 2.272602637350259244e-03
1.144234355596019173e-02 1.351808356570595622e-02 0.000000000000000000e+00
1.144234355596019173e-02 1.351808356570595622e-02 3.246575196214655985e-04
1.144234355596019173e-02 1.351808356570595622e-02 6.493150392429311970e-04
1.144234355596019173e-02 1.351808356570595622e-02 9.739725588643968496e-04
1.144234355596019173e-02 1.351808356570595622e-02 1.298630078485862394e-03
1.144234355596019173e-02 1.351808356570595622e-02 1.623287598107327938e-03
1.144234355596019173e-02 1.351808356570595622e-02 1.947945117728793699e-03
1.144234355596019173e-02 1.351808356570595622e-02 2.272602637350259244e-03
1.144234355596019173e-02 1.622170027884714885e-02 0.000000000000000000e+00
1.144234355596019173e-02 1.622170027884714885e-02 3.246575196214655985e-04
1.144234355596019173e-02 1.622170027884714885e-02 6.493150392429311970e-04
1.144234355596019173e-02 1.622170027884714885e-02 9.739725588643968496e-04
1.144234355596019173e-02 1.622170027884714885e-02 1.298630078485862394e-03
1.144234355596019173e-02 1.622170027884714885e-02 1.623287598107327938e-03
1.144234355596019173e-02 1.622170027884714885e-02 1.947945117728793699e-03
1.144234355596019173e-02 1.622170027884714885e-02 2.272602637350259244e-03
1.144234355596019173e-02 1.892531699198833975e-02 0.000000000000000000e+00
1.144234355596019173e-02 1.892531699198833975e-02 3.246575196214655985e-04
1.144234355596019173e-02 1.892531699198833975e-02 6.493150392429311970e-04
1.144234355596019173e-02 1.892531699198833975e-02 9.739725588643968496e-04
1.144234355596019173e-02 1.892531699198833975e-02 1.298630078485862394e-03
1.144234355596019173e-02 1.892531699198833975e-02 1.623287598107327938e-03
1.144234355596019173e-02 1.892531699198833975e-02 1.947945117728793699e-03
1.144234355596019173e-02 1.892531699198833975e-02 2.272602637350259244e-03
1.144234355596019173e-02 2.162893370512953065e-02 0.000000000000000000e+00
1.144234355596019173e-02 2.162893370512953065e-02 3.246575196214655985e-04
1.144234355596019173e-02 2.162893370512953065e-02 6.493150392429311970e-04
1.144234355596019173e-02 2.162893370512953065e-02 9.739725588643968496e-04
1.144234355596019173e-02 2.162893370512953065e-02 1.298630078485862394e-03
1.144234355596019173e-02 2.162893370512953065e-02 1.623287598107327938e-03
1.144234355596019173e-02 2.162893370512953065e-02 1.947945117728793699e-03
1.144234355596019173e-02 2.162893370512953065e-02 2.272602637350259244e-03
1.144234355596019173e-02 2.433255041827072154e-02 0.000000000000000000e+00
1.144234355596019173e-02 2.433255041827072154e-02 3.246575196214655985e-04
1.144234355596019173e-02 2.433255041827072154e-02 6.493150392429311970e-04
1.144234355596019173e-02 2.433255041827072154e-02 9.739725588643968496e-04
1.144234355596019173e-02 2.433255041827072154e-02 1.298630078485862394e-03
1.144234355596019173e-02 2.433255041827072154e-02 1.623287598107327938e-03
1.144234355596019173e-02 2.433255041827072154e-02 1.947945117728793699e-03
1.144234355596019173e-02 2.433255041827072154e-02 2.272602637350259244e-03
1.144234355596019173e-02 2.703616713141191244e-02 0.000000000000000000e+00
1.144234355596019173e-02 2.703616713141191244e-02 3.246575196214655985e-04
1.144234355596019173e-02 2.703616713141191244e-02 6.493150392429311970e-04
1.144234355596019173e-02 2.703616713141191244e-02 9.739725588643968496e-04
1.144234355596019173e-02 2.703616713141191244e-02 1.298630078485862394e-03
1.144234355596019173e-02 2.703616713141191244e-02 1.623287598107327938e-03
1.144234355596019173e-02 2.703616713141191244e-02 1.947945117728793699e-03
1.144234355596019173e-02 2.703616713141191244e-02 2.272602637350259244e-03
1.144234355596019173e-02 2.973978384455310334e-02 0.000000000000000000e+00
1.144234355596019173e-02 2.973978384455310334e-02 3.246575196214655985e-04
1.144234355596019173e-02 2.973978384455310334e-02 6.493150392429311970e-04
1.144234355596019173e-02 2.973978384455310334e-02 9.739725588643968496e-04
1.144234355596019173e-02 2.973978384455310334e-02 1.298630078485862394e-03
1.144234355596019173e-02 2.973978384455310334e-02 1.623287598107327938e-03
1.144234355596019173e-02 2.973978384455310334e-02 1.947945117728793699e-03
1.144234355596019173e-02 2.973978384455310334e-02 2.272602637350259244e-03
1.144234355596019173e-02 3.244340055769429770e-02 0.000000000000000000e+00
1.144234355596019173e-02 3.244340055769429770e-02 3.246575196214655985e-04
1.144234355596019173e-02 3.244340055769429770e-02 6.493150392429311970e-04
1.144234355596019173e-02 3.244340055769429770e-02 9.739725588643968496e-04
1.144234355596019173e-02 3.244340055769429770e-02 1.298630078485862394e-03
1.144234355596019173e-02 3.244340055769429770e-02 1.623287598107327938e-03
1.144234355596019173e-02 3.244340055769429770e-02 1.947945117728793699e-03
1.144234355596019173e-02 3.244340055769429770e-02 2.272602637350259244e-03
1.144234355596019173e-02 3.514701727083548860e-02 0.000000000000000000e+00
1.144234355596019173e-02 3.514701727083548860e-02 3.246575196214655985e-04
1.144234355596019173e-02 3.514701727083548860e-02 6.493150392429311970e-04
1.144234355596019173e-02 3.514701727083548860e-02 9.739725588643968496e-04
1.144234355596019173e-02 3.514701727083548860e-02 1.298630078485862394e-03
1.144234355596019173e-02 3.514701727083548860e-02 1.623287598107327938e-03
1.144234355596019173e-02 3.514701727083548860e-02 1.947945117728793699e-03
1.144234355596019173e-02 3.514701727083548860e-02 2.272602637350259244e-03
1.144234355596019173e-02 3.785063398397667950e-02 0.000000000000000000e+00
1.144234355596019173e-02 3.785063398397667950e-02 3.246575196214655985e-04
1.144234355596019173e-02 3.785063398397667950e-02 6.493150392429311970e-04
1.144234355596019173e-02 3.785063398397667950e-02 9.739725588643968496e-04
1.144234355596019173e-02 3.785063398397667950e-02 1.298630078485862394e-03
1.144234355596019173e-02 3.785063398397667950e-02 1.623287598107327938e-03
1.144234355596019173e-02 3.785063398397667950e-02 1.947945117728793699e-03
1.144234355596019173e-02 3.785063398397667950e-02 2.272602637350259244e-03
1.239587218562354133e-02 0.000000000000000000e+00 0.000000000000000000e+00
1.239587218562354133e-02 0.000000000000000000e+00 3.246575196214655985e-04
1.239587218562354133e-02 0.000000000000000000e+00 6.493150392429311970e-04
1.239587218562354133e-02 0.000000000000000000e+00 9.739725588643968496e-04
1.239587218562354133e-02 0.000000000000000000e+00 1.298630078485862394e-03
1.239587218562354133e-02 0.000000000000000000e+00 1.623287598107327938e-03
1.239587218562354133e-02 0.000000000000000000e+00 1.947945117728793699e-03
1.239587218562354133e-02 0.000000000000000000e+00 2.272602637350259244e-03
1.239587218562354133e-02 2.703616713141191331e-03 0.000000000000000000e+00
1.239587218562354133e-02 2.703616713141191331e-03 3.246575196214655985e-04
1.239587218562354133e-02 2.703616713141191331e-03 6.493150392429311970e-04
1.239587218562354133e-02 2.703616713141191331e-03 9.739725588643968496e-04
1.239587218562354133e-02 2.703616713141191331e-03 1.298630078485862394e-03
1.239587218562354133e-02 2.703616713141191331e-03 1.623287598107327938e-03
1.239587218562354133e-02 2.703616713141191331e-03 1.947945117728793699e-03
1.239587218562354133e-02 2.703616713141191331e-03 2.272602637350259244e-03
1.239587218562354133e-02 5.407233426282382661e-03 0.000000000000000000e+00
1.239587218562354133e-02 5.407233426282382661e-03 3.246575196214655985e-04
1.239587218562354133e-02 5.407233426282382661e-03 6.493150392429311970e-04
1.239587218562354133e-02 5.407233426282382661e-03 9.739725588643968496e-04
1.239587218562354133e-02 5.407233426282382661e-03 1.298630078485862394e-03
1.239587218562354133e-02 5.407233426282382661e-03 1.623287598107327938e-03
1.239587218562354133e-02 5.407233426282382661e-03 1.947945117728793699e-03
1.239587218562354133e-02 5.407233426282382661e-03 2.272602637350259244e-03
1.239587218562354133e-02 8.110850139423574426e-03 0.000000000000000000e+00
1.239587218562354133e-02 8.110850139423574426e-03 3.246575196214655985e-04
1.239587218562354133e-02 8.110850139423574426e-03 6.493150392429311970e-04
1.239587218562354133e-02 8.110850139423574426e-03 9.739725588643968496e-04
1.239587218562354133e-02 8.110850139423574426e-03 1.298630078485862394e-03
1.239587218562354133e-02 8.110850139423574426e-03 1.623287598107327938e-03
1.239587218562354133e-02 8.110850139423574426e-03 1.947945117728793699e-03
1.239587218562354133e-02 8.110850139423574426e-03 2.272602637350259244e-03
1.239587218562354133e-02 1.081446685256476532e-02 0.000000000000000000e+00
1.239587218562354133e-02 1.081446685256476532e-02 3.246575196214655985e-04
1.239587218562354133e-02 1.081446685256476532e-02 6.493150392429311970e-04
1.239587218562354133e-02 1.081446685256476532e-02 9.739725588643968496e-04
1.239587218562354133e-02 1.081446685256476532e-02 1.298630078485862394e-03
1.239587218562354133e-02 1.081446685256476532e-02 1.623287598107327938e-03
1.239587218562354133e-02 1.081446685256476532e-02 1.947945117728793699e-03
1.239587218562354133e-02 1.081446685256476532e-02 2.272602637350259244e-03
1.239587218562354133e-02 1.351808356570595622e-02 0.000000000000000000e+00
1.239587218562354133e-02 1.351808356570595622e-02 3.246575196214655985e-04
1.239587218562354133e-02 1.351808356570595622e-02 6.493150392429311970e-04
1.239587218562354133e-02 1.351808356570595622e-02 9.739725588643968496e-04
1.239587218562354133e-02 1.351808356570595622e-02 1.298630078485862394e-03
1.239587218562354133e-02 1.351808356570595622e-02 1.623287598107327938e-03
1.239587218562354133e-02 1.351808356570595622e-02 1.947945117728793699e-03
1.239587218562354133e-02 1.351808356570595622e-02 2.272602637350259244e-03
1.239587218562354133e-02 1.622170027884714885e-02 0.000000000000000000e+00
1.239587218562354133e-02 1.622170027884714885e-02 3.246575196214655985e-04
1.239587218562354133e-02 1.622170027884714885e-02 6.493150392429311970e-04
1.239587218562354133e-02 1.622170027884714885e-02 9.739725588643968496e-04
1.239587218562354133e-02 1.622170027884714885e-02 1.298630078485862394e-03
1.239587218562354133e-02 1.622170027884714885e-02 1.623287598107327938e-03
1.239587218562354133e-02 1.622170027884714885e-02 1.947945117728793699e-03
1.239587218562354133e-02 1.622170027884714885e-02 2.272602637350259244e-03
1.239587218562354133e-02 1.892531699198833975e-02 0.000000000000000000e+00
1.239587218562354133e-02 1.892531699198833975e-02 3.246575196214655985e-04
1.239587218562354133e-02 1.892531699198833975e-02 6.493150392429311970e-04
1.239587218562354133e-02 1.892531699198833975e-02 9.739725588643968496e-04
1.239587218562354133e-02 1.892531699198833975e-02 1.298630078485862394e-03
1.239587218562354133e-02 1.892531699198833975e-02 1.623287598107327938e-03
1.239587218562354133e-02 1.892531699198833975e-02 1.947945117728793699e-03
1.239587218562354133e-02 1.892531699198833975e-02 2.272602637350259244e-03
1.239587218562354133e-02 2.162893370512953065e-02 0.000000000000000000e+00
1.239587218562354133e-02 2.162893370512953065e-02 3.246575196214655985e-04
1.239587218562354133e-02 2.162893370512953065e-02 6.493150392429311970e-04
1.239587218562354133e-02 2.162893370512953065e-02 9.739725588643968496e-04
1.239587218562354133e-02 2.162893370512953065e-02 1.298630078485862394e-03
1.239587218562354133e-02 2.162893370512953065e-02 1.623287598107327938e-03
1.239587218562354133e-02 2.162893370512953065e-02 1.947945117728793699e-03
1.239587218562354133e-02 2.162893370512953065e-02 2.272602637350259244e-03
1.239587218562354133e-02 2.433255041827072154e-02 0.000000000000000000e+00
1.239587218562354133e-02 2.433255041827072154e-02 3.246575196214655985e-04
1.239587218562354133e-02 2.433255041827072154e-02 6.493150392429311970e-04
1.239587218562354133e-02 2.433255041827072154e-02 9.739725588643968496e-04
1.239587218562354133e-02 2.433255041827072154e-02 1.298630078485862394e-03
1.239587218562354133e-02 2.433255041827072154e-02 1.623287598107327938e-03
1.239587218562354133e-02 2.433255041827072154e-02 1.947945117728793699e-03
1.239587218562354133e-02 2.433255041827072154e-02 2.272602637350259244e-03
1.239587218562354133e-02 2.703616713141191244e-02 0.000000000000000000e+00
1.239587218562354133e-02 2.703616713141191244e-02 3.246575196214655985e-04
1.239587218562354133e-02 2.703616713141191244e-02 6.493150392429311970e-04
1.239587218562354133e-02 2.703616713141191244e-02 9.739725588643968496e-04
1.239587218562354133e-02 2.703616713141191244e-02 1.298630078485862394e-03
1.239587218562354133e-02 2.703616713141191244e-02 1.623287598107327938e-03
1.239587218562354133e-02 2.703616713141191244e-02 1.947945117728793699e-03
1.239587218562354133e-02 2.703616713141191244e-02 2.272602637350259244e-03
1.239587218562354133e-02 2.973978384455310334e-02 0.000000000000000000e+00
1.239587218562354133e-02 2.973978384455310334e-02 3.246575196214655985e-04
1.239587218562354133e-02 2.973978384455310334e-02 6.493150392429311970e-04
1.239587218562354133e-02 2.973978384455310334e-02 9.739725588643968496e-04
1.239587218562354133e-02 2.973978384455310334e-02 1.298630078485862394e-03
1.239587218562354133e-02 2.973978384455310334e-02 1.623287598107327938e-03
1.239587218562354133e-02 2.973978384455310334e-02 1.947945117728793699e-03
1.239587218562354133e-02 2.973978384455310334e-02 2.272602637350259244e-03
1.239587218562354133e-02 3.244340055769429770e-02 0.000000000000000000e+00
1.239587218562354133e-02 3.244340055769429770e-02 3.246575196214655985e-04
1.239587218562354133e-02 3.244340055769429770e-02 6.493150392429311970e-04
1.239587218562354133e-02 3.244340055769429770e-02 9.739725588643968496e-04
1.239587218562354133e-02 3.244340055769429770e-02 1.298630078485862394e-03
1.239587218562354133e-02 3.244340055769429770e-02 1.623287598107327938e-03
1.239587218562354133e-02 3.244340055769429770e-02 1.947945117728793699e-03
1.239587218562354133e-02 3.244340055769429770e-02 2.272602637350259244e-03
1.239587218562354133e-02 3.514701727083548860e-02 0.000000000000000000e+00
1.239587218562354133e-02 3.514701727083548860e-02 3.246575196214655985e-04
1.239587218562354133e-02 3.514701727083548860e-02 6.493150392429311970e-04
1.239587218562354133e-02 3.514701727083548860e-02 9.739725588643968496e-04
1.239587218562354133e-02 3.514701727083548860e-02 1.298630078485862394e-03
1.239587218562354133e-02 3.514701727083548860e-02 1.623287598107327938e-03
1.239587218562354133e-02 3.514701727083548860e-02 1.947945117728793699e-03
1.239587218562354133e-02 3.514701727083548860e-02 2.272602637350259244e-03
1.239587218562354133e-02 3.785063398397667950e-02 0.000000000000000000e+00
1.239587218562354133e-02 3.785063398397667950e-02 3.246575196214655985e-04
1.239587218562354133e-02 3.785063398397667950e-02 6.493150392429311970e-04
1.239587218562354133e-02 3.785063398397667950e-02 9.739725588643968496e-04
1.239587218562354133e-02 3.785063398397667950e-02 1.298630078485862394e-03
1.239587218562354133e-02 3.785063398397667950e-02 1.623287598107327938e-03
1.239587218562354133e-02 3.785063398397667950e-02 1.947945117728793699e-03
1.239587218562354133e-02 3.785063398397667950e-02 2.272602637350259244e-03
1.334940081528688920e-02 0.000000000000000000e+00 0.000000000000000000e+00
1.334940081528688920e-02 0.000000000000000000e+00 3.246575196214655985e-04
1.334940081528688920e-02 0.000000000000000000e+00 6.493150392429311970e-04
1.334940081528688920e-02 0.000000000000000000e+00 9.739725588643968496e-04
1.334940081528688920e-02 0.000000000000000000e+00 1.298630078485862394e-03
1.334940081528688920e-02 0.000000000000000000e+00 1.623287598107327938e-03
1.334940081528688920e-02 0.000000000000000000e+00 1.947945117728793699e-03
1.334940081528688920e-02 0.000000000000000000e+00 2.272602637350259244e-03
1.334940081528688920e-02 2.703616713141191331e-03 0.000000000000000000e+00
1.334940081528688920e-02 2.703616713141191331e-03 3.246575196214655985e-04
1.334940081528688920e-02 2.703616713141191331e-03 6.493150392429311970e-04
1.334940081528688920e-02 2.703616713141191331e-03 9.739725588643968496e-04
1.334940081528688920e-02 2.703616713141191331e-03 1.298630078485862394e-03
1.334940081528688920e-02 2.703616713141191331e-03 1.623287598107327938e-03
1.334940081528688920e-02 2.703616713141191331e-03 1.947945117728793699e-03
1.334940081528688920e-02 2.703616713141191331e-03 2.272602637350259244e-03
1.334940081528688920e-02 5.407233426282382661e-03 0.000000000000000000e+00
1.334940081528688920e-02 5.407233426282382661e-03 3.246575196214655985e-04
1.334940081528688920e-02 5.407233426282382661e-03 6.493150392429311970e-04
1.334940081528688920e-02 5.407233426282382661e-03 9.739725588643968496e-04
1.334940081528688920e-02 5.407233426282382661e-03 1.298630078485862394e-03
1.334940081528688920e-02 5.407233426282382661e-03 1.623287598107327938e-03
1.334940081528688920e-02 5.407233426282382661e-03 1.947945117728793699e-03
1.334940081528688920e-02 5.407233426282382661e-03 2.272602637350259244e-03
1.334940081528688920e-02 8.110850139423574426e-03 0.000000000000000000e+00
1.334940081528688920e-02 8.110850139423574426e-03 3.246575196214655985e-04
1.334940081528688920e-02 8.110850139423574426e-03 6.493150392429311970e-04
1.334940081528688920e-02 8.110850139423574426e-03 9.739725588643968496e-04
1.334940081528688920e-02 8.110850139423574426e-03 1.298630078485862394e-03
1.334940081528688920e-02 8.110850139423574426e-03 1.623287598107327938e-03
1.334940081528688920e-02 8.110850139423574426e-03 1.947945117728793699e-03
1.334940081528688920e-02 8.110850139423574426e-03 2.272602637350259244e-03
1.334940081528688920e-02 1.081446685256476532e-02 0.000000000000000000e+00
1.334940081528688920e-02 1.081446685256476532e-02 3.246575196214655985e-04
1.334940081528688920e-02 1.081446685256476532e-02 6.493150392429311970e-04
1.334940081528688920e-02 1.081446685256476532e-02 9.739725588643968496e-04
1.334940081528688920e-02 1.081446685256476532e-02 1.298630078485862394e-03
1.334940081528688920e-02 1.081446685256476532e-02 1.623287598107327938e-03
1.334940081528688920e-02 1.081446685256476532e-02 1.947945117728793699e-03
1.334940081528688920e-02 1.081446685256476532e-02 2.272602637350259244e-03
1.334940081528688920e-02 1.351808356570595622e-02 0.000000000000000000e+00
1.334940081528688920e-02 1.351808356570595622e-02 3.246575196214655985e-04
1.334940081528688920e-02 1.351808356570595622e-02 6.493150392429311970e-04
1.334940081528688920e-02 1.351808356570595622e-02 9.739725588643968496e-04
1.334940081528688920e-02 1.351808356570595622e-02 1.298630078485862394e-03
1.334940081528688920e-02 1.351808356570595622e-02 1.623287598107327938e-03
1.334940081528688920e-02 1.351808356570595622e-02 1.947945117728793699e-03
1.334940081528688920e-02 1.351808356570595622e-02 2.272602637350259244e-03
1.334940081528688920e-02 1.622170027884714885e-02 0.000000000000000000e+00
1.334940081528688920e-02 1.622170027884714885e-02 3.246575196214655985e-04
1.334940081528688920e-02 1.622170027884714885e-02 6.493150392429311970e-04
1.334940081528688920e-02 1.622170027884714885e-02 9.739725588643968496e-04
1.334940081528688920e-02 1.622170027884714885e-02 1.298630078485862394e-03
1.334940081528688920e-02 1.622170027884714885e-02 1.623287598107327938e-03
1.334940081528688920e-02 1.622170027884714885e-02 1.947945117728793699e-03
1.334940081528688920e-02 1.622170027884714885e-02 2.272602637350259244e-03
1.334940081528688920e-02 1.892531699198833975e-02 0.000000000000000000e+00
1.334940081528688920e-02 1.892531699198833975e-02 3.246575196214655985e-04
1.334940081528688920e-02 1.892531699198833975e-02 6.493150392429311970e-04
1.334940081528688920e-02 1.892531699198833975e-02 9.739725588643968496e-04
1.334940081528688920e-02 1.892531699198833975e-02 1.298630078485862394e-03
1.334940081528688920e-02 1.892531699198833975e-02 1.623287598107327938e-03
1.334940081528688920e-02 1.892531699198833975e-02 1.947945117728793699e-03
1.334940081528688920e-02 1.892531699198833975e-02 2.272602637350259244e-03
1.334940081528688920e-02 2.162893370512953065e-02 0.000000000000000000e+00
1.334940081528688920e-02 2.162893370512953065e-02 3.246575196214655985e-04
1.334940081528688920e-02 2.162893370512953065e-02 6.493150392429311970e-04
1.334940081528688920e-02 2.162893370512953065e-02 9.739725588643968496e-04
1.334940081528688920e-02 2.162893370512953065e-02 1.298630078485862394e-03
1.334940081528688920e-02 2.162893370512953065e-02 1.623287598107327938e-03
1.334940081528688920e-02 2.162893370512953065e-02 1.947945117728793699e-03
1.334940081528688920e-02 2.162893370512953065e-02 2.272602637350259244e-03
1.334940081528688920e-02 2.433255041827072154e-02 0.000000000000000000e+00
1.334940081528688920e-02 2.433255041827072154e-02 3.246575196214655985e-04
1.334940081528688920e-02 2.433255041827072154e-02 6.493150392429311970e-04
1.334940081528688920e-02 2.433255041827072154e-02 9.739725588643968496e-04
1.334940081528688920e-02 2.433255041827072154e-02 1.298630078485862394e-03
1.334940081528688920e-02 2.433255041827072154e-02 1.623287598107327938e-03
1.334940081528688920e-02 2.433255041827072154e-02 1.947945117728793699e-03
1.334940081528688920e-02 2.433255041827072154e-02 2.272602637350259244e-03
1.334940081528688920e-02 2.703616713141191244e-02 0.000000000000000000e+00
1.334940081528688920e-02 2.703616713141191244e-02 3.246575196214655985e-04
1.334940081528688920e-02 2.703616713141191244e-02 6.493150392429311970e-04
1.334940081528688920e-02 2.703616713141191244e-02 9.739725588643968496e-04
1.334940081528688920e-02 2.703616713141191244e-02 1.298630078485862394e-03
1.334940081528688920e-02 2.703616713141191244e-02 1.623287598107327938e-03
1.334940081528688920e-02 2.703616713141191244e-02 1.947945117728793699e-03
1.334940081528688920e-02 2.703616713141191244e-02 2.272602637350259244e-03
1.334940081528688920e-02 2.973978384455310334e-02 0.000000000000000000e+00
1.334940081528688920e-02 2.973978384455310334e-02 3.246575196214655985e-04
1.334940081528688920e-02 2.973978384455310334e-02 6.493150392429311970e-04
1.334940081528688920e-02 2.973978384455310334e-02 9.739725588643968496e-04
1.334940081528688920e-02 2.973978384455310334e-02 1.298630078485862394e-03
1.334940081528688920e-02 2.973978384455310334e-02 1.623287598107327938e-03
1.334940081528688920e-02 2.973978384455310334e-02 1.947945117728793699e-03
1.334940081528688920e-02 2.973978384455310334e-02 2.272602637350259244e-03
1.334940081528688920e-02 3.244340055769429770e-02 0.000000000000000000e+00
1.334940081528688920e-02 3.244340055769429770e-02 3.246575196214655985e-04
1.334940081528688920e-02 3.244340055769429770e-02 6.493150392429311970e-04
1.334940081528688920e-02 3.244340055769429770e-02 9.739725588643968496e-04
1.334940081528688920e-02 3.244340055769429770e-02 1.298630078485862394e-03
1.334940081528688920e-02 3.244340055769429770e-02 1.623287598107327938e-03
1.334940081528688920e-02 3.244340055769429770e-02 1.947945117728793699e-03
1.334940081528688920e-02 3.244340055769429770e-02 2.272602637350259244e-03
1.334940081528688920e-02 3.514701727083548860e-02 0.000000000000000000e+00
1.334940081528688920e-02 3.514701727083548860e-02 3.246575196214655985e-04
1.334940081528688920e-02 3.514701727083548860e-02 6.493150392429311970e-04
1.334940081528688920e-02 3.514701727083548860e-02 9.739725588643968496e-04
1.334940081528688920e-02 3.514701727083548860e-02 1.298630078485862394e-03
1.334940081528688920e-02 3.514701727083548860e-02 1.623287598107327938e-03
1.334940081528688920e-02 3.514701727083548860e-02 1.947945117728793699e-03
1.334940081528688920e-02 3.514701727083548860e-02 2.272602637350259244e-03
1.334940081528688920e-02 3.785063398397667950e-02 0.000000000000000000e+00
1.334940081528688920e-02 3.785063398397667950e-02 3.246575196214655985e-04
1.334940081528688920e-02 3.785063398397667950e-02 6.493150392429311970e-04
1.334940081528688920e-02 3.785063398397667950e-02 9.739725588643968496e-04
1.334940081528688920e-02 3.785063398397667950e-02 1.298630078485862394e-03
1.334940081528688920e-02 3.785063398397667950e-02 1.623287598107327938e-03
1.334940081528688920e-02 3.785063398397667950e-02 1.947945117728793699e-03
1.334940081528688920e-02 3.785063398397667950e-02 2.272602637350259244e-03
