{
  "time_hours": [
    0.0,
    10.0,
    20.0,
    30.0,
    40.0,
    50.0
  ],
  "porosity_percent": [
    0.0014781951904296875,
    19.207429885864258,
    19.207429885864258,
    19.207429885864258,
    19.207429885864258,
    19.207429885864258
  ],
  "cavity_count": [
    31,
    3028,
    3028,
    3028,
    3028,
    3028
  ],
  "crack_volume_mm3": [
    0.0,
    0.00011062087237500005,
    0.00011062114700000005,
    0.00011062032312500005,
    0.00011062059775000005,
    0.00011062114700000005
  ],
  "mean_grain_boundary_integrity": [
    0.7744898200035095,
    0.27403971552848816,
    0.27377912402153015,
    0.2744184136390686,
    0.2740795910358429,
    0.2741728127002716
  ]
}