reaction_coordinate,energy_eV
0.0,0.0
0.05,0.08628
0.1,0.18838
0.15,0.22648
0.2,0.31965
0.25,0.38305
0.3,0.40599
0.35,0.42524
0.4,0.46358
0.45,0.48205
0.5,0.47477
0.55,0.48508
0.6,0.4543
0.65,0.42912
0.7,0.40995
0.75,0.37942
0.8,0.31432
0.85,0.24044
0.9,0.17669
0.95,0.09712
1.0,0.00035
