reaction_coordinate,energy_eV
0.0,0.00884
0.05,0.09591
0.1,0.18687
0.15,0.25203
0.2,0.3362
0.25,0.39079
0.3,0.43641
0.35,0.4721
0.4,0.48703
0.45,0.51662
0.5,0.53521
0.55,0.51396
0.6,0.50213
0.65,0.48541
0.7,0.4409
0.75,0.40305
0.8,0.346
0.85,0.26047
0.9,0.20927
0.95,0.11181
1.0,0.01783
