reaction_coordinate,energy_eV
0.0,0.0
0.05,0.1722
0.1,0.34036
0.15,0.47205
0.2,0.59929
0.25,0.71718
0.3,0.79907
0.35,0.85043
0.4,0.90043
0.45,0.9156
0.5,0.92092
0.55,0.91003
0.6,0.86976
0.65,0.86267
0.7,0.77476
0.75,0.70937
0.8,0.60932
0.85,0.46616
0.9,0.32075
0.95,0.1788
1.0,0.00753
