reaction_coordinate,energy_eV
0.0,0.0
0.05,0.07771
0.1,0.12463
0.15,0.18076
0.2,0.23843
0.25,0.25949
0.3,0.27877
0.35,0.3211
0.4,0.33619
0.45,0.36349
0.5,0.34369
0.55,0.35563
0.6,0.34947
0.65,0.32215
0.7,0.30496
0.75,0.26235
0.8,0.22523
0.85,0.18098
0.9,0.12501
0.95,0.07031
1.0,0.01147
