reaction_coordinate,energy_eV
0.0,0.00266
0.05,0.08994
0.1,0.13638
0.15,0.23023
0.2,0.27498
0.25,0.34271
0.3,0.3571
0.35,0.3996
0.4,0.41143
0.45,0.42859
0.5,0.4454
0.55,0.42475
0.6,0.4091
0.65,0.38865
0.7,0.35856
0.75,0.32963
0.8,0.27244
0.85,0.20965
0.9,0.16079
0.95,0.08223
1.0,0.0
