reaction_coordinate,energy_eV
0.0,0.0
0.05,0.05916
0.1,0.12411
0.15,0.17015
0.2,0.21436
0.25,0.24575
0.3,0.29369
0.35,0.31428
0.4,0.3144
0.45,0.3279
0.5,0.33553
0.55,0.36316
0.6,0.32511
0.65,0.30532
0.7,0.28785
0.75,0.25954
0.8,0.20765
0.85,0.17779
0.9,0.1269
0.95,0.05053
1.0,0.00693
