reaction_coordinate,energy_eV
0.0,0.0
0.05,0.06278
0.1,0.11967
0.15,0.1447
0.2,0.20071
0.25,0.24541
0.3,0.26911
0.35,0.30019
0.4,0.28731
0.45,0.30767
0.5,0.30384
0.55,0.31019
0.6,0.30119
0.65,0.30013
0.7,0.25176
0.75,0.20965
0.8,0.20627
0.85,0.18274
0.9,0.1062
0.95,0.06094
1.0,0.0
