reaction_coordinate,energy_eV
0.0,0.0
0.05,0.06636
0.1,0.12451
0.15,0.19259
0.2,0.23007
0.25,0.27815
0.3,0.31134
0.35,0.33091
0.4,0.35593
0.45,0.3794
0.5,0.37566
0.55,0.38339
0.6,0.35216
0.65,0.3584
0.7,0.30107
0.75,0.28866
0.8,0.24632
0.85,0.20346
0.9,0.1433
0.95,0.08958
1.0,0.00679
