reaction_coordinate,energy_eV
0.0,0.00147
0.05,0.1024
0.1,0.18148
0.15,0.2453
0.2,0.28313
0.25,0.32193
0.3,0.38086
0.35,0.41394
0.4,0.43289
0.45,0.44027
0.5,0.45884
0.55,0.44423
0.6,0.42179
0.65,0.39913
0.7,0.37165
0.75,0.325
0.8,0.2783
0.85,0.22988
0.9,0.16901
0.95,0.09251
1.0,0.0
