reaction_coordinate,energy_eV
0.0,0.02318
0.05,0.11207
0.1,0.20356
0.15,0.27354
0.2,0.35001
0.25,0.40959
0.3,0.44284
0.35,0.48176
0.4,0.51546
0.45,0.54539
0.5,0.53591
0.55,0.54346
0.6,0.51463
0.65,0.49518
0.7,0.44635
0.75,0.41526
0.8,0.3241
0.85,0.2716
0.9,0.19612
0.95,0.09338
1.0,0.01268
