reaction_coordinate,energy_eV
0.0,0.0
0.05,0.146
0.1,0.28081
0.15,0.39446
0.2,0.49851
0.25,0.56285
0.3,0.64687
0.35,0.69166
0.4,0.72821
0.45,0.7666
0.5,0.76716
0.55,0.76651
0.6,0.7432
0.65,0.68779
0.7,0.62483
0.75,0.58111
0.8,0.4835
0.85,0.40751
0.9,0.25252
0.95,0.15734
1.0,0.00732
