reaction_coordinate,energy_eV
0.0,0.0079
0.05,0.10274
0.1,0.18788
0.15,0.27781
0.2,0.34229
0.25,0.40858
0.3,0.43546
0.35,0.49961
0.4,0.52057
0.45,0.53982
0.5,0.53162
0.55,0.53016
0.6,0.52364
0.65,0.48242
0.7,0.44303
0.75,0.40333
0.8,0.33662
0.85,0.28926
0.9,0.19763
0.95,0.10581
1.0,0.0
