reaction_coordinate,energy_eV
0.0,0.0
0.05,0.11694
0.1,0.22024
0.15,0.29925
0.2,0.35283
0.25,0.42345
0.3,0.49066
0.35,0.51666
0.4,0.56449
0.45,0.56068
0.5,0.55826
0.55,0.58121
0.6,0.5604
0.65,0.53734
0.7,0.49126
0.75,0.42959
0.8,0.37013
0.85,0.30536
0.9,0.19695
0.95,0.09859
1.0,0.0
