reaction_coordinate,energy_eV
0.0,0.0
0.05,0.0609
0.1,0.08714
0.15,0.129
0.2,0.16145
0.25,0.19517
0.3,0.22785
0.35,0.21629
0.4,0.24369
0.45,0.23921
0.5,0.24905
0.55,0.24281
0.6,0.26383
0.65,0.22485
0.7,0.20058
0.75,0.18685
0.8,0.16173
0.85,0.12017
0.9,0.07615
0.95,0.0478
1.0,0.00325
