reaction_coordinate,energy_eV
0.0,0.0003
0.05,0.06138
0.1,0.11682
0.15,0.15261
0.2,0.17641
0.25,0.21537
0.3,0.25208
0.35,0.26952
0.4,0.28536
0.45,0.30297
0.5,0.29427
0.55,0.26791
0.6,0.29164
0.65,0.25484
0.7,0.23895
0.75,0.21711
0.8,0.18156
0.85,0.14614
0.9,0.11231
0.95,0.05611
1.0,0.00719
