reaction_coordinate,energy_eV
0.0,0.00613
0.05,0.06337
0.1,0.10705
0.15,0.16042
0.2,0.20306
0.25,0.21464
0.3,0.26099
0.35,0.26727
0.4,0.2995
0.45,0.29414
0.5,0.29048
0.55,0.30145
0.6,0.2884
0.65,0.2846
0.7,0.23957
0.75,0.22885
0.8,0.18109
0.85,0.15105
0.9,0.11399
0.95,0.06708
1.0,0.0102
