reaction_coordinate,energy_eV
0.0,0.0
0.05,0.12526
0.1,0.20693
0.15,0.34216
0.2,0.3953
0.25,0.47731
0.3,0.52065
0.35,0.57123
0.4,0.61104
0.45,0.60923
0.5,0.64287
0.55,0.6271
0.6,0.59769
0.65,0.56366
0.7,0.52853
0.75,0.48121
0.8,0.40687
0.85,0.32426
0.9,0.22915
0.95,0.12
1.0,0.00748
