reaction_coordinate,energy_eV
0.0,0.0
0.05,0.04888
0.1,0.08189
0.15,0.1264
0.2,0.1809
0.25,0.20798
0.3,0.24269
0.35,0.24514
0.4,0.262
0.45,0.25364
0.5,0.26713
0.55,0.26671
0.6,0.27045
0.65,0.26775
0.7,0.23114
0.75,0.20859
0.8,0.19513
0.85,0.13442
0.9,0.10036
0.95,0.05669
1.0,0.01373
