reaction_coordinate,energy_eV
0.0,0.01224
0.05,0.08333
0.1,0.12876
0.15,0.21345
0.2,0.26186
0.25,0.29701
0.3,0.33889
0.35,0.3645
0.4,0.38231
0.45,0.39589
0.5,0.41122
0.55,0.40604
0.6,0.40548
0.65,0.38495
0.7,0.33075
0.75,0.29272
0.8,0.28332
0.85,0.21878
0.9,0.1689
0.95,0.08363
1.0,0.0
