reaction_coordinate,energy_eV
0.0,0.00078
0.05,0.06886
0.1,0.13008
0.15,0.16998
0.2,0.21752
0.25,0.27895
0.3,0.27132
0.35,0.31219
0.4,0.30547
0.45,0.33076
0.5,0.32645
0.55,0.33393
0.6,0.31427
0.65,0.31809
0.7,0.29227
0.75,0.24384
0.8,0.22551
0.85,0.16898
0.9,0.12102
0.95,0.08035
1.0,0.0
