reaction_coordinate,energy_eV
0.0,0.00176
0.05,0.09274
0.1,0.21726
0.15,0.28666
0.2,0.37019
0.25,0.43078
0.3,0.49271
0.35,0.53309
0.4,0.57082
0.45,0.57121
0.5,0.59072
0.55,0.58259
0.6,0.5478
0.65,0.51272
0.7,0.47944
0.75,0.43672
0.8,0.37465
0.85,0.29116
0.9,0.19237
0.95,0.10312
1.0,0.00091
