reaction_coordinate,energy_eV
0.0,0.00353
0.05,0.09673
0.1,0.17033
0.15,0.25381
0.2,0.31462
0.25,0.36809
0.3,0.42216
0.35,0.46509
0.4,0.49675
0.45,0.49421
0.5,0.51167
0.55,0.50736
0.6,0.49783
0.65,0.46837
0.7,0.42957
0.75,0.38291
0.8,0.33953
0.85,0.26562
0.9,0.20558
0.95,0.09559
1.0,0.00017
