reaction_coordinate,energy_eV
0.0,0.0
0.05,0.15008
0.1,0.25769
0.15,0.36888
0.2,0.4344
0.25,0.52687
0.3,0.6002
0.35,0.64561
0.4,0.70409
0.45,0.69632
0.5,0.73013
0.55,0.73001
0.6,0.69215
0.65,0.66029
0.7,0.5805
0.75,0.53918
0.8,0.44982
0.85,0.36705
0.9,0.25416
0.95,0.14181
1.0,0.00521
