reaction_coordinate,energy_eV
0.0,0.01424
0.05,0.09575
0.1,0.22387
0.15,0.3186
0.2,0.41422
0.25,0.48834
0.3,0.53077
0.35,0.57866
0.4,0.62149
0.45,0.62201
0.5,0.6437
0.55,0.61711
0.6,0.62269
0.65,0.56997
0.7,0.56018
0.75,0.4779
0.8,0.4136
0.85,0.31834
0.9,0.22193
0.95,0.11715
1.0,0.0
