reaction_coordinate,energy_eV
0.0,0.0
0.05,0.16292
0.1,0.31513
0.15,0.41899
0.2,0.51874
0.25,0.6359
0.3,0.70527
0.35,0.7532
0.4,0.78774
0.45,0.83803
0.5,0.83415
0.55,0.82758
0.6,0.79084
0.65,0.76432
0.7,0.69345
0.75,0.63591
0.8,0.5232
0.85,0.42891
0.9,0.30894
0.95,0.16477
1.0,0.0
