reaction_coordinate,energy_eV
0.0,0.0
0.05,0.09053
0.1,0.17184
0.15,0.25831
0.2,0.30515
0.25,0.36517
0.3,0.41995
0.35,0.45143
0.4,0.46263
0.45,0.49388
0.5,0.48005
0.55,0.486
0.6,0.45964
0.65,0.4466
0.7,0.41901
0.75,0.37949
0.8,0.32203
0.85,0.26395
0.9,0.16884
0.95,0.10005
1.0,0.00462
