reaction_coordinate,energy_eV
0.0,0.01432
0.05,0.22261
0.1,0.42446
0.15,0.59302
0.2,0.75616
0.25,0.86354
0.3,0.98151
0.35,1.0762
0.4,1.13009
0.45,1.15639
0.5,1.17149
0.55,1.15809
0.6,1.11928
0.65,1.05385
0.7,1.00234
0.75,0.87656
0.8,0.76934
0.85,0.60365
0.9,0.4232
0.95,0.2163
1.0,0.0082
