reaction_coordinate,energy_eV
0.0,0.00636
0.05,0.1781
0.1,0.31945
0.15,0.47642
0.2,0.58104
0.25,0.67405
0.3,0.76171
0.35,0.82672
0.4,0.88104
0.45,0.9135
0.5,0.89642
0.55,0.90788
0.6,0.88136
0.65,0.85524
0.7,0.76984
0.75,0.69243
0.8,0.58343
0.85,0.45624
0.9,0.31451
0.95,0.15652
1.0,0.0
