reaction_coordinate,energy_eV
0.0,0.00694
0.05,0.13354
0.1,0.26035
0.15,0.33923
0.2,0.46682
0.25,0.50169
0.3,0.57828
0.35,0.63686
0.4,0.67046
0.45,0.68481
0.5,0.71033
0.55,0.67735
0.6,0.66469
0.65,0.6444
0.7,0.59051
0.75,0.5156
0.8,0.4567
0.85,0.33115
0.9,0.23465
0.95,0.13698
1.0,0.0
