reaction_coordinate,energy_eV
0.0,0.0
0.05,0.04174
0.1,0.11994
0.15,0.14934
0.2,0.19659
0.25,0.24288
0.3,0.26825
0.35,0.29004
0.4,0.30673
0.45,0.32028
0.5,0.317
0.55,0.33624
0.6,0.29082
0.65,0.28473
0.7,0.27102
0.75,0.23956
0.8,0.22152
0.85,0.15777
0.9,0.10595
0.95,0.06589
1.0,0.0
