reaction_coordinate,energy_eV
0.0,0.0
0.05,0.03986
0.1,0.08362
0.15,0.10379
0.2,0.12322
0.25,0.15094
0.3,0.15971
0.35,0.20278
0.4,0.20126
0.45,0.20761
0.5,0.21258
0.55,0.19221
0.6,0.21085
0.65,0.18921
0.7,0.16441
0.75,0.17546
0.8,0.14858
0.85,0.11321
0.9,0.07083
0.95,0.01937
1.0,0.0
