reaction_coordinate,energy_eV
0.0,0.0
0.05,0.05931
0.1,0.12799
0.15,0.17154
0.2,0.209
0.25,0.25155
0.3,0.2773
0.35,0.32089
0.4,0.31662
0.45,0.32706
0.5,0.33524
0.55,0.31675
0.6,0.31206
0.65,0.30794
0.7,0.26861
0.75,0.25137
0.8,0.20833
0.85,0.17702
0.9,0.12243
0.95,0.07098
1.0,0.00366
