reaction_coordinate,energy_eV
0.0,0.00972
0.05,0.09211
0.1,0.15044
0.15,0.20642
0.2,0.28004
0.25,0.32298
0.3,0.36152
0.35,0.3905
0.4,0.40479
0.45,0.42734
0.5,0.42797
0.55,0.43316
0.6,0.42149
0.65,0.39554
0.7,0.36085
0.75,0.32352
0.8,0.28458
0.85,0.2255
0.9,0.15382
0.95,0.06652
1.0,0.0
