reaction_coordinate,energy_eV
0.0,0.00662
0.05,0.04964
0.1,0.13807
0.15,0.17271
0.2,0.21288
0.25,0.26527
0.3,0.27944
0.35,0.31687
0.4,0.329
0.45,0.33536
0.5,0.33641
0.55,0.32765
0.6,0.32777
0.65,0.30967
0.7,0.28665
0.75,0.26923
0.8,0.22212
0.85,0.17176
0.9,0.12022
0.95,0.07758
1.0,0.00642
