reaction_coordinate,energy_eV
0.0,0.01933
0.05,0.14548
0.1,0.27033
0.15,0.37021
0.2,0.48382
0.25,0.54952
0.3,0.6236
0.35,0.6673
0.4,0.71265
0.45,0.73865
0.5,0.75163
0.55,0.71486
0.6,0.70015
0.65,0.6828
0.7,0.62869
0.75,0.54365
0.8,0.47318
0.85,0.3766
0.9,0.28013
0.95,0.15491
1.0,0.0
