reaction_coordinate,energy_eV
0.0,0.0078
0.05,0.05658
0.1,0.11892
0.15,0.16614
0.2,0.24315
0.25,0.27463
0.3,0.30456
0.35,0.31863
0.4,0.35271
0.45,0.35673
0.5,0.36959
0.55,0.34737
0.6,0.3492
0.65,0.32217
0.7,0.29448
0.75,0.2737
0.8,0.23748
0.85,0.18431
0.9,0.12988
0.95,0.06968
1.0,0.0
