reaction_coordinate,energy_eV
0.0,0.0104
0.05,0.07757
0.1,0.17289
0.15,0.23985
0.2,0.30013
0.25,0.35055
0.3,0.37186
0.35,0.42513
0.4,0.44012
0.45,0.47139
0.5,0.48026
0.55,0.46195
0.6,0.42857
0.65,0.43174
0.7,0.37997
0.75,0.35542
0.8,0.29525
0.85,0.23374
0.9,0.16714
0.95,0.07978
1.0,0.0
