reaction_coordinate,energy_eV
0.0,0.02066
0.05,0.07503
0.1,0.09068
0.15,0.14491
0.2,0.18066
0.25,0.22525
0.3,0.22041
0.35,0.25985
0.4,0.2557
0.45,0.27984
0.5,0.2718
0.55,0.24787
0.6,0.26126
0.65,0.26641
0.7,0.22943
0.75,0.20661
0.8,0.19137
0.85,0.14899
0.9,0.09738
0.95,0.05449
1.0,0.01404
