reaction_coordinate,energy_eV
0.0,0.0
0.05,0.13441
0.1,0.2806
0.15,0.40421
0.2,0.49134
0.25,0.58549
0.3,0.63842
0.35,0.68743
0.4,0.73812
0.45,0.74498
0.5,0.77268
0.55,0.76988
0.6,0.72419
0.65,0.68616
0.7,0.65075
0.75,0.57696
0.8,0.50188
0.85,0.39684
0.9,0.27843
0.95,0.13539
1.0,0.0
