reaction_coordinate,energy_eV
0.0,0.0
0.05,0.08708
0.1,0.17155
0.15,0.26187
0.2,0.33774
0.25,0.39085
0.3,0.43253
0.35,0.45766
0.4,0.49294
0.45,0.51404
0.5,0.48992
0.55,0.48552
0.6,0.49876
0.65,0.4558
0.7,0.41884
0.75,0.40065
0.8,0.324
0.85,0.25755
0.9,0.18335
0.95,0.08766
1.0,0.02152
