reaction_coordinate,energy_eV
0.0,0.01112
0.05,0.09811
0.1,0.15855
0.15,0.24149
0.2,0.29668
0.25,0.35625
0.3,0.41752
0.35,0.43172
0.4,0.44978
0.45,0.47064
0.5,0.47435
0.55,0.49178
0.6,0.46262
0.65,0.43757
0.7,0.40477
0.75,0.36419
0.8,0.31493
0.85,0.24801
0.9,0.17042
0.95,0.10351
1.0,0.01226
