reaction_coordinate,energy_eV
0.0,0.0
0.05,0.13187
0.1,0.2174
0.15,0.29328
0.2,0.38273
0.25,0.45705
0.3,0.51281
0.35,0.54537
0.4,0.5685
0.45,0.60642
0.5,0.60683
0.55,0.58402
0.6,0.57367
0.65,0.54671
0.7,0.50602
0.75,0.44606
0.8,0.37705
0.85,0.31538
0.9,0.23311
0.95,0.12344
1.0,0.0
