reaction_coordinate,energy_eV
0.0,0.00107
0.05,0.08038
0.1,0.14261
0.15,0.20597
0.2,0.25573
0.25,0.30763
0.3,0.32121
0.35,0.36571
0.4,0.40453
0.45,0.42332
0.5,0.39434
0.55,0.41411
0.6,0.40042
0.65,0.38804
0.7,0.34049
0.75,0.31829
0.8,0.24684
0.85,0.19826
0.9,0.13943
0.95,0.08365
1.0,0.0
