reaction_coordinate,energy_eV
0.0,0.0
0.05,0.09178
0.1,0.1789
0.15,0.23924
0.2,0.29478
0.25,0.32395
0.3,0.40139
0.35,0.42142
0.4,0.42814
0.45,0.4599
0.5,0.48275
0.55,0.46701
0.6,0.45042
0.65,0.42991
0.7,0.39103
0.75,0.37146
0.8,0.27915
0.85,0.24079
0.9,0.16769
0.95,0.08109
1.0,0.00557
