reaction_coordinate,energy_eV
0.0,0.01494
0.05,0.14655
0.1,0.29716
0.15,0.42187
0.2,0.52855
0.25,0.59854
0.3,0.67946
0.35,0.7327
0.4,0.77971
0.45,0.8188
0.5,0.81222
0.55,0.78989
0.6,0.7528
0.65,0.74165
0.7,0.66991
0.75,0.63471
0.8,0.52061
0.85,0.41367
0.9,0.27239
0.95,0.16448
1.0,0.01229
