reaction_coordinate,energy_eV
0.0,0.00698
0.05,0.10338
0.1,0.19964
0.15,0.28441
0.2,0.3685
0.25,0.44303
0.3,0.46805
0.35,0.52054
0.4,0.54144
0.45,0.54967
0.5,0.56182
0.55,0.55537
0.6,0.5401
0.65,0.51508
0.7,0.48137
0.75,0.42956
0.8,0.3732
0.85,0.28224
0.9,0.18867
0.95,0.11346
1.0,0.01014
