reaction_coordinate,energy_eV
0.0,0.02228
0.05,0.05268
0.1,0.09647
0.15,0.1526
0.2,0.18321
0.25,0.20588
0.3,0.24866
0.35,0.25369
0.4,0.25355
0.45,0.2802
0.5,0.28668
0.55,0.29071
0.6,0.29826
0.65,0.2552
0.7,0.24708
0.75,0.21811
0.8,0.19393
0.85,0.14975
0.9,0.11329
0.95,0.05794
1.0,0.01062
