reaction_coordinate,energy_eV
0.0,8e-05
0.05,0.09426
0.1,0.17166
0.15,0.24942
0.2,0.31186
0.25,0.36906
0.3,0.38022
0.35,0.42268
0.4,0.44865
0.45,0.46737
0.5,0.47605
0.55,0.46886
0.6,0.4506
0.65,0.42862
0.7,0.40475
0.75,0.34123
0.8,0.30428
0.85,0.23288
0.9,0.17375
0.95,0.11293
1.0,0.00616
