reaction_coordinate,energy_eV
0.0,0.00982
0.05,0.1306
0.1,0.23963
0.15,0.34804
0.2,0.44444
0.25,0.52659
0.3,0.58148
0.35,0.61894
0.4,0.66334
0.45,0.69652
0.5,0.68984
0.55,0.69391
0.6,0.67521
0.65,0.61808
0.7,0.59597
0.75,0.53498
0.8,0.43738
0.85,0.35051
0.9,0.27187
0.95,0.11682
1.0,0.0
