reaction_coordinate,energy_eV
0.0,0.00012
0.05,0.09244
0.1,0.211
0.15,0.30071
0.2,0.36178
0.25,0.42443
0.3,0.47027
0.35,0.51298
0.4,0.55476
0.45,0.5846
0.5,0.56769
0.55,0.59643
0.6,0.54457
0.65,0.52362
0.7,0.49314
0.75,0.43005
0.8,0.35335
0.85,0.29045
0.9,0.19768
0.95,0.09977
1.0,0.0
