reaction_coordinate,energy_eV
0.0,0.0
0.05,0.1301
0.1,0.25217
0.15,0.35864
0.2,0.43083
0.25,0.51999
0.3,0.56367
0.35,0.59992
0.4,0.63016
0.45,0.65735
0.5,0.6621
0.55,0.64619
0.6,0.63319
0.65,0.63157
0.7,0.56208
0.75,0.50459
0.8,0.43352
0.85,0.33211
0.9,0.22674
0.95,0.14467
1.0,0.0
