reaction_coordinate,energy_eV
0.0,0.0
0.05,0.08787
0.1,0.15857
0.15,0.21486
0.2,0.25341
0.25,0.29652
0.3,0.36313
0.35,0.36965
0.4,0.39696
0.45,0.39385
0.5,0.4046
0.55,0.38252
0.6,0.39492
0.65,0.36389
0.7,0.31444
0.75,0.3185
0.8,0.26264
0.85,0.20906
0.9,0.16349
0.95,0.07402
1.0,0.0
