reaction_coordinate,energy_eV
0.0,0.01788
0.05,0.14247
0.1,0.31575
0.15,0.44471
0.2,0.55901
0.25,0.62886
0.3,0.743
0.35,0.77834
0.4,0.82361
0.45,0.83751
0.5,0.86722
0.55,0.84654
0.6,0.83855
0.65,0.77602
0.7,0.74198
0.75,0.63553
0.8,0.54836
0.85,0.41458
0.9,0.318
0.95,0.17287
1.0,0.00058
