reaction_coordinate,energy_eV
0.0,0.0
0.05,0.17587
0.1,0.32546
0.15,0.44339
0.2,0.57223
0.25,0.64485
0.3,0.73632
0.35,0.80304
0.4,0.84505
0.45,0.85385
0.5,0.89916
0.55,0.87389
0.6,0.836
0.65,0.79563
0.7,0.74016
0.75,0.66159
0.8,0.58568
0.85,0.43097
0.9,0.31692
0.95,0.17351
1.0,0.0
