reaction_coordinate,energy_eV
0.0,0.0
0.05,0.06414
0.1,0.12103
0.15,0.14969
0.2,0.21318
0.25,0.24828
0.3,0.28624
0.35,0.27976
0.4,0.31733
0.45,0.32307
0.5,0.32735
0.55,0.3255
0.6,0.3205
0.65,0.30154
0.7,0.27294
0.75,0.24827
0.8,0.19939
0.85,0.18793
0.9,0.11521
0.95,0.05695
1.0,0.0
