reaction_coordinate,energy_eV
0.0,0.01138
0.05,0.15361
0.1,0.24969
0.15,0.35687
0.2,0.46769
0.25,0.55184
0.3,0.60303
0.35,0.6695
0.4,0.70411
0.45,0.72198
0.5,0.7352
0.55,0.72928
0.6,0.70961
0.65,0.66336
0.7,0.60965
0.75,0.53878
0.8,0.46059
0.85,0.37281
0.9,0.25857
0.95,0.14093
1.0,0.0
