reaction_coordinate,energy_eV
0.0,0.0
0.05,0.12732
0.1,0.20902
0.15,0.30155
0.2,0.37445
0.25,0.46008
0.3,0.49783
0.35,0.57223
0.4,0.57202
0.45,0.59703
0.5,0.59088
0.55,0.59785
0.6,0.57908
0.65,0.54943
0.7,0.48577
0.75,0.45113
0.8,0.37309
0.85,0.31542
0.9,0.20922
0.95,0.11021
1.0,0.0
