reaction_coordinate,energy_eV
0.0,0.0
0.05,0.03235
0.1,0.08227
0.15,0.08945
0.2,0.13046
0.25,0.17247
0.3,0.17501
0.35,0.18111
0.4,0.19796
0.45,0.19853
0.5,0.21339
0.55,0.20347
0.6,0.18423
0.65,0.19396
0.7,0.19121
0.75,0.1541
0.8,0.13386
0.85,0.09138
0.9,0.06894
0.95,0.01908
1.0,0.0
