reaction_coordinate,energy_eV
0.0,0.00507
0.05,0.05002
0.1,0.07988
0.15,0.13029
0.2,0.15945
0.25,0.19403
0.3,0.21412
0.35,0.2174
0.4,0.24902
0.45,0.24509
0.5,0.24523
0.55,0.24454
0.6,0.2427
0.65,0.23968
0.7,0.21487
0.75,0.17334
0.8,0.15472
0.85,0.12767
0.9,0.08547
0.95,0.05495
1.0,0.0
