reaction_coordinate,energy_eV
0.0,0.0
0.05,0.05937
0.1,0.1107
0.15,0.18805
0.2,0.21694
0.25,0.25619
0.3,0.27803
0.35,0.30526
0.4,0.31663
0.45,0.32784
0.5,0.33787
0.55,0.32671
0.6,0.3108
0.65,0.28907
0.7,0.28149
0.75,0.22721
0.8,0.21166
0.85,0.17966
0.9,0.10426
0.95,0.06546
1.0,0.0204
