reaction_coordinate,energy_eV
0.0,0.01363
0.05,0.12104
0.1,0.22894
0.15,0.33115
0.2,0.38839
0.25,0.44205
0.3,0.53122
0.35,0.56396
0.4,0.60014
0.45,0.59889
0.5,0.62264
0.55,0.60035
0.6,0.59034
0.65,0.5676
0.7,0.53964
0.75,0.4576
0.8,0.39241
0.85,0.29968
0.9,0.24063
0.95,0.12398
1.0,0.0
