reaction_coordinate,energy_eV
0.0,0.0068
0.05,0.16706
0.1,0.29198
0.15,0.42594
0.2,0.53521
0.25,0.61716
0.3,0.69946
0.35,0.74665
0.4,0.7812
0.45,0.83189
0.5,0.83175
0.55,0.82151
0.6,0.79063
0.65,0.74884
0.7,0.70301
0.75,0.63114
0.8,0.53498
0.85,0.43008
0.9,0.29923
0.95,0.15155
1.0,0.0
