reaction_coordinate,energy_eV
0.0,0.01015
0.05,0.02824
0.1,0.08093
0.15,0.09988
0.2,0.13138
0.25,0.14367
0.3,0.18676
0.35,0.21091
0.4,0.21118
0.45,0.19296
0.5,0.19957
0.55,0.20836
0.6,0.19662
0.65,0.17621
0.7,0.18035
0.75,0.16648
0.8,0.15153
0.85,0.10952
0.9,0.0771
0.95,0.04767
1.0,0.0
