reaction_coordinate,energy_eV
0.0,0.0
0.05,0.18204
0.1,0.34306
0.15,0.47689
0.2,0.62028
0.25,0.70312
0.3,0.78776
0.35,0.84644
0.4,0.88773
0.45,0.91721
0.5,0.92243
0.55,0.9235
0.6,0.90635
0.65,0.83055
0.7,0.78415
0.75,0.68703
0.8,0.60037
0.85,0.46826
0.9,0.34407
0.95,0.16649
1.0,0.00306
