reaction_coordinate,energy_eV
0.0,0.02195
0.05,0.15879
0.1,0.34236
0.15,0.45358
0.2,0.60805
0.25,0.69529
0.3,0.77231
0.35,0.8351
0.4,0.86324
0.45,0.91958
0.5,0.90947
0.55,0.89771
0.6,0.87744
0.65,0.83673
0.7,0.77328
0.75,0.69011
0.8,0.57617
0.85,0.4668
0.9,0.33435
0.95,0.18591
1.0,0.003
