reaction_coordinate,energy_eV
0.0,0.0
0.05,0.11311
0.1,0.2277
0.15,0.31379
0.2,0.40946
0.25,0.47378
0.3,0.52433
0.35,0.58303
0.4,0.60577
0.45,0.6348
0.5,0.65523
0.55,0.63335
0.6,0.60928
0.65,0.58394
0.7,0.53097
0.75,0.48497
0.8,0.41824
0.85,0.31259
0.9,0.22019
0.95,0.12241
1.0,0.0
