reaction_coordinate,energy_eV
0.0,0.01948
0.05,0.14879
0.1,0.2912
0.15,0.44012
0.2,0.54908
0.25,0.66571
0.3,0.72543
0.35,0.79968
0.4,0.84547
0.45,0.85324
0.5,0.8674
0.55,0.85328
0.6,0.82383
0.65,0.78317
0.7,0.74148
0.75,0.63857
0.8,0.56879
0.85,0.47005
0.9,0.29488
0.95,0.19351
1.0,0.0
