reaction_coordinate,energy_eV
0.0,0.0
0.05,0.16514
0.1,0.33243
0.15,0.46812
0.2,0.57272
0.25,0.68777
0.3,0.75095
0.35,0.82485
0.4,0.87017
0.45,0.88843
0.5,0.90841
0.55,0.90856
0.6,0.86003
0.65,0.81276
0.7,0.7618
0.75,0.65642
0.8,0.57968
0.85,0.45383
0.9,0.32613
0.95,0.18685
1.0,0.0
