reaction_coordinate,energy_eV
0.0,0.0
0.05,0.07953
0.1,0.15625
0.15,0.23735
0.2,0.30666
0.25,0.36758
0.3,0.39441
0.35,0.43171
0.4,0.4616
0.45,0.46837
0.5,0.47099
0.55,0.47439
0.6,0.46384
0.65,0.41596
0.7,0.40254
0.75,0.34987
0.8,0.31366
0.85,0.22555
0.9,0.17544
0.95,0.09343
1.0,0.02143
