reaction_coordinate,energy_eV
0.0,0.0
0.05,0.18109
0.1,0.34751
0.15,0.50581
0.2,0.59648
0.25,0.68518
0.3,0.77801
0.35,0.86013
0.4,0.9107
0.45,0.94514
0.5,0.93364
0.55,0.93646
0.6,0.91292
0.65,0.87473
0.7,0.81263
0.75,0.70525
0.8,0.59739
0.85,0.49305
0.9,0.33547
0.95,0.1671
1.0,0.01049
