reaction_coordinate,energy_eV
0.0,0.0
0.05,0.06502
0.1,0.11512
0.15,0.17375
0.2,0.23072
0.25,0.256
0.3,0.27103
0.35,0.29222
0.4,0.33032
0.45,0.32623
0.5,0.3358
0.55,0.33297
0.6,0.31174
0.65,0.30052
0.7,0.2703
0.75,0.25432
0.8,0.20818
0.85,0.16002
0.9,0.10272
0.95,0.06474
1.0,0.01522
