reaction_coordinate,energy_eV
0.0,0.00352
0.05,0.06385
0.1,0.13234
0.15,0.18623
0.2,0.23965
0.25,0.29656
0.3,0.31451
0.35,0.33429
0.4,0.35257
0.45,0.36678
0.5,0.3678
0.55,0.38372
0.6,0.35718
0.65,0.32109
0.7,0.30993
0.75,0.26355
0.8,0.23111
0.85,0.17271
0.9,0.13809
0.95,0.07875
1.0,0.0
