reaction_coordinate,energy_eV
0.0,0.00266
0.05,0.0575
0.1,0.08634
0.15,0.10471
0.2,0.1416
0.25,0.17026
0.3,0.16955
0.35,0.18274
0.4,0.17965
0.45,0.1975
0.5,0.20565
0.55,0.20394
0.6,0.20043
0.65,0.18938
0.7,0.15736
0.75,0.14676
0.8,0.11165
0.85,0.09945
0.9,0.06992
0.95,0.01872
1.0,0.0
