reaction_coordinate,energy_eV
0.0,0.0
0.05,0.16098
0.1,0.32435
0.15,0.44668
0.2,0.5569
0.25,0.65208
0.3,0.72028
0.35,0.79812
0.4,0.8442
0.45,0.85979
0.5,0.86952
0.55,0.84934
0.6,0.84575
0.65,0.79738
0.7,0.73826
0.75,0.65878
0.8,0.56222
0.85,0.44576
0.9,0.31066
0.95,0.14736
1.0,0.00244
