reaction_coordinate,energy_eV
0.0,0.00932
0.05,0.06319
0.1,0.12943
0.15,0.19945
0.2,0.22334
0.25,0.25682
0.3,0.31249
0.35,0.33168
0.4,0.34709
0.45,0.35447
0.5,0.35305
0.55,0.34971
0.6,0.33793
0.65,0.31902
0.7,0.29943
0.75,0.26403
0.8,0.22485
0.85,0.18003
0.9,0.13826
0.95,0.04948
1.0,0.0
