reaction_coordinate,energy_eV
0.0,0.0
0.05,0.0742
0.1,0.15969
0.15,0.23364
0.2,0.29016
0.25,0.3509
0.3,0.37807
0.35,0.41313
0.4,0.45109
0.45,0.4286
0.5,0.46
0.55,0.44958
0.6,0.44226
0.65,0.41408
0.7,0.36409
0.75,0.34303
0.8,0.28946
0.85,0.23468
0.9,0.15278
0.95,0.07943
1.0,0.0
