reaction_coordinate,energy_eV
0.0,0.00762
0.05,0.10762
0.1,0.21001
0.15,0.30726
0.2,0.38387
0.25,0.46651
0.3,0.50573
0.35,0.55308
0.4,0.59214
0.45,0.60147
0.5,0.60982
0.55,0.60112
0.6,0.59332
0.65,0.55315
0.7,0.52508
0.75,0.4666
0.8,0.37213
0.85,0.31278
0.9,0.22524
0.95,0.12109
1.0,0.0
