reaction_coordinate,energy_eV
0.0,0.00124
0.05,0.08622
0.1,0.20627
0.15,0.2857
0.2,0.33452
0.25,0.39916
0.3,0.44421
0.35,0.4908
0.4,0.49058
0.45,0.53684
0.5,0.53729
0.55,0.53205
0.6,0.49673
0.65,0.48002
0.7,0.44595
0.75,0.40341
0.8,0.33721
0.85,0.25565
0.9,0.18871
0.95,0.0909
1.0,0.0
