reaction_coordinate,energy_eV
0.0,0.0
0.05,0.1103
0.1,0.19351
0.15,0.25725
0.2,0.32529
0.25,0.37531
0.3,0.41787
0.35,0.44854
0.4,0.4937
0.45,0.49838
0.5,0.52838
0.55,0.49829
0.6,0.48349
0.65,0.4794
0.7,0.41473
0.75,0.38359
0.8,0.30284
0.85,0.26112
0.9,0.16372
0.95,0.1047
1.0,0.0
