reaction_coordinate,energy_eV
0.0,0.0
0.05,0.09725
0.1,0.20723
0.15,0.27744
0.2,0.38685
0.25,0.43477
0.3,0.49351
0.35,0.53075
0.4,0.55664
0.45,0.5453
0.5,0.57652
0.55,0.57534
0.6,0.55306
0.65,0.53371
0.7,0.49441
0.75,0.4415
0.8,0.35729
0.85,0.2734
0.9,0.22114
0.95,0.12597
1.0,0.00079
