reaction_coordinate,energy_eV
0.0,0.0
0.05,0.07164
0.1,0.11526
0.15,0.19274
0.2,0.23632
0.25,0.27817
0.3,0.30015
0.35,0.32323
0.4,0.33496
0.45,0.34624
0.5,0.34806
0.55,0.35176
0.6,0.35594
0.65,0.31558
0.7,0.29415
0.75,0.28221
0.8,0.22227
0.85,0.17102
0.9,0.12703
0.95,0.0729
1.0,5e-05
