reaction_coordinate,energy_eV
0.0,0.0
0.05,0.107
0.1,0.22167
0.15,0.31143
0.2,0.41716
0.25,0.44903
0.3,0.50035
0.35,0.53895
0.4,0.57284
0.45,0.60081
0.5,0.6138
0.55,0.59786
0.6,0.5687
0.65,0.53949
0.7,0.50189
0.75,0.44597
0.8,0.38228
0.85,0.30659
0.9,0.22231
0.95,0.11525
1.0,0.0
