reaction_coordinate,energy_eV
0.0,0.0
0.05,0.0833
0.1,0.15592
0.15,0.23314
0.2,0.2719
0.25,0.32182
0.3,0.36965
0.35,0.40869
0.4,0.41647
0.45,0.43301
0.5,0.43671
0.55,0.44274
0.6,0.41945
0.65,0.40025
0.7,0.37633
0.75,0.33276
0.8,0.26666
0.85,0.21746
0.9,0.15194
0.95,0.07649
1.0,0.0
