reaction_coordinate,energy_eV
0.0,0.0
0.05,0.16238
0.1,0.28928
0.15,0.37634
0.2,0.48585
0.25,0.55923
0.3,0.60427
0.35,0.66376
0.4,0.70811
0.45,0.72297
0.5,0.73058
0.55,0.73607
0.6,0.70498
0.65,0.65814
0.7,0.61311
0.75,0.55508
0.8,0.46381
0.85,0.38704
0.9,0.26313
0.95,0.12291
1.0,0.0
