reaction_coordinate,energy_eV
0.0,0.0
0.05,0.10406
0.1,0.19931
0.15,0.28954
0.2,0.37849
0.25,0.40824
0.3,0.46758
0.35,0.50971
0.4,0.52713
0.45,0.56194
0.5,0.56462
0.55,0.56045
0.6,0.5497
0.65,0.52705
0.7,0.46092
0.75,0.44632
0.8,0.35255
0.85,0.27588
0.9,0.20859
0.95,0.10182
1.0,0.0
