reaction_coordinate,energy_eV
0.0,0.0
0.05,0.05362
0.1,0.13275
0.15,0.20194
0.2,0.21736
0.25,0.25466
0.3,0.28231
0.35,0.32139
0.4,0.36422
0.45,0.35988
0.5,0.37889
0.55,0.38225
0.6,0.3458
0.65,0.33157
0.7,0.3051
0.75,0.28054
0.8,0.22218
0.85,0.18836
0.9,0.13459
0.95,0.06132
1.0,0.00257
