reaction_coordinate,energy_eV
0.0,0.00664
0.05,0.21
0.1,0.36861
0.15,0.53947
0.2,0.67769
0.25,0.80175
0.3,0.86384
0.35,0.94069
0.4,1.01424
0.45,1.02222
0.5,1.04801
0.55,1.04295
0.6,1.00579
0.65,0.95164
0.7,0.87889
0.75,0.78153
0.8,0.65522
0.85,0.52788
0.9,0.38615
0.95,0.1938
1.0,0.00098
