reaction_coordinate,energy_eV
0.0,0.0035
0.05,0.18614
0.1,0.33304
0.15,0.46113
0.2,0.55527
0.25,0.66146
0.3,0.75597
0.35,0.79652
0.4,0.83017
0.45,0.87846
0.5,0.87147
0.55,0.87233
0.6,0.85446
0.65,0.79785
0.7,0.72811
0.75,0.66753
0.8,0.57972
0.85,0.44276
0.9,0.33445
0.95,0.16042
1.0,0.00976
