reaction_coordinate,energy_eV
0.0,0.0
0.05,0.04878
0.1,0.09716
0.15,0.15547
0.2,0.16883
0.25,0.20073
0.3,0.25377
0.35,0.26239
0.4,0.27835
0.45,0.2803
0.5,0.28747
0.55,0.26704
0.6,0.30169
0.65,0.25239
0.7,0.23974
0.75,0.23947
0.8,0.1997
0.85,0.15841
0.9,0.12181
0.95,0.05738
1.0,0.0
