reaction_coordinate,energy_eV
0.0,0.00801
0.05,0.11574
0.1,0.21595
0.15,0.3291
0.2,0.38239
0.25,0.46146
0.3,0.53006
0.35,0.56257
0.4,0.59194
0.45,0.60245
0.5,0.64848
0.55,0.61426
0.6,0.61796
0.65,0.56627
0.7,0.50999
0.75,0.47872
0.8,0.3951
0.85,0.32453
0.9,0.23871
0.95,0.1203
1.0,0.0
