reaction_coordinate,energy_eV
0.0,4e-05
0.05,0.04677
0.1,0.08487
0.15,0.12371
0.2,0.15529
0.25,0.17716
0.3,0.21363
0.35,0.22616
0.4,0.23159
0.45,0.23185
0.5,0.24613
0.55,0.22192
0.6,0.23898
0.65,0.21209
0.7,0.20408
0.75,0.18695
0.8,0.14787
0.85,0.10339
0.9,0.07285
0.95,0.04607
1.0,0.00756
