reaction_coordinate,energy_eV
0.0,0.01529
0.05,0.08945
0.1,0.18333
0.15,0.28941
0.2,0.32183
0.25,0.40253
0.3,0.45569
0.35,0.48911
0.4,0.50433
0.45,0.52716
0.5,0.51983
0.55,0.51384
0.6,0.48472
0.65,0.48322
0.7,0.45593
0.75,0.3845
0.8,0.33525
0.85,0.2712
0.9,0.19478
0.95,0.08773
1.0,0.0
