reaction_coordinate,energy_eV
0.0,0.00043
0.05,0.12782
0.1,0.23144
0.15,0.31687
0.2,0.41029
0.25,0.47244
0.3,0.55036
0.35,0.5705
0.4,0.60461
0.45,0.62351
0.5,0.60852
0.55,0.66246
0.6,0.60453
0.65,0.57747
0.7,0.54956
0.75,0.46894
0.8,0.40398
0.85,0.32239
0.9,0.22329
0.95,0.10286
1.0,0.00764
