reaction_coordinate,energy_eV
0.0,0.0136
0.05,0.12442
0.1,0.25564
0.15,0.34355
0.2,0.43534
0.25,0.49253
0.3,0.54798
0.35,0.60938
0.4,0.6484
0.45,0.65115
0.5,0.65102
0.55,0.65852
0.6,0.62895
0.65,0.60662
0.7,0.54365
0.75,0.48194
0.8,0.4111
0.85,0.34562
0.9,0.2567
0.95,0.13607
1.0,0.00648
