reaction_coordinate,energy_eV
0.0,0.00888
0.05,0.15926
0.1,0.26681
0.15,0.40791
0.2,0.51007
0.25,0.59363
0.3,0.6581
0.35,0.74354
0.4,0.77282
0.45,0.79276
0.5,0.7852
0.55,0.79068
0.6,0.76933
0.65,0.71951
0.7,0.67419
0.75,0.59565
0.8,0.50571
0.85,0.40922
0.9,0.30069
0.95,0.13807
1.0,0.00834
