reaction_coordinate,energy_eV
0.0,0.0
0.05,0.09466
0.1,0.13938
0.15,0.20136
0.2,0.24727
0.25,0.29872
0.3,0.34044
0.35,0.34488
0.4,0.39345
0.45,0.39239
0.5,0.38168
0.55,0.38873
0.6,0.37477
0.65,0.34746
0.7,0.33427
0.75,0.29471
0.8,0.25257
0.85,0.21108
0.9,0.14397
0.95,0.07554
1.0,0.01929
