reaction_coordinate,energy_eV
0.0,0.0
0.05,0.06161
0.1,0.08903
0.15,0.13075
0.2,0.17892
0.25,0.21026
0.3,0.2306
0.35,0.25599
0.4,0.28288
0.45,0.2713
0.5,0.28098
0.55,0.27391
0.6,0.25574
0.65,0.25255
0.7,0.24717
0.75,0.19041
0.8,0.16374
0.85,0.13956
0.9,0.10183
0.95,0.04272
1.0,0.00333
