reaction_coordinate,energy_eV
0.0,0.0
0.05,0.06159
0.1,0.12986
0.15,0.15848
0.2,0.19979
0.25,0.24594
0.3,0.27721
0.35,0.32653
0.4,0.31428
0.45,0.34363
0.5,0.33479
0.55,0.33627
0.6,0.32181
0.65,0.30414
0.7,0.27763
0.75,0.23165
0.8,0.21069
0.85,0.17987
0.9,0.11594
0.95,0.06663
1.0,0.00454
