reaction_coordinate,energy_eV
0.0,0.0
0.05,0.12277
0.1,0.23483
0.15,0.35433
0.2,0.43526
0.25,0.50921
0.3,0.5657
0.35,0.59281
0.4,0.63512
0.45,0.6706
0.5,0.67226
0.55,0.65811
0.6,0.64784
0.65,0.62428
0.7,0.57557
0.75,0.51482
0.8,0.44698
0.85,0.34593
0.9,0.25207
0.95,0.11841
1.0,0.0146
