reaction_coordinate,energy_eV
0.0,0.00299
0.05,0.17441
0.1,0.33222
0.15,0.47257
0.2,0.61032
0.25,0.70198
0.3,0.79941
0.35,0.85348
0.4,0.90808
0.45,0.93509
0.5,0.93843
0.55,0.92643
0.6,0.89763
0.65,0.86124
0.7,0.78074
0.75,0.70709
0.8,0.60056
0.85,0.46446
0.9,0.32902
0.95,0.18379
1.0,0.0
