reaction_coordinate,energy_eV
0.0,0.0
0.05,0.17131
0.1,0.33359
0.15,0.44449
0.2,0.5703
0.25,0.66169
0.3,0.74705
0.35,0.80796
0.4,0.85052
0.45,0.88629
0.5,0.88304
0.55,0.87979
0.6,0.86093
0.65,0.82163
0.7,0.74584
0.75,0.65916
0.8,0.56314
0.85,0.46273
0.9,0.31706
0.95,0.1726
1.0,0.00364
