reaction_coordinate,energy_eV
0.0,0.00976
0.05,0.1096
0.1,0.21212
0.15,0.32546
0.2,0.38972
0.25,0.46993
0.3,0.495
0.35,0.56795
0.4,0.59265
0.45,0.61129
0.5,0.61837
0.55,0.5964
0.6,0.58724
0.65,0.54307
0.7,0.51525
0.75,0.45827
0.8,0.39313
0.85,0.30572
0.9,0.21109
0.95,0.10504
1.0,0.00905
