reaction_coordinate,energy_eV
0.0,0.0
0.05,0.15754
0.1,0.3035
0.15,0.42634
0.2,0.5396
0.25,0.61456
0.3,0.67163
0.35,0.76349
0.4,0.78034
0.45,0.82026
0.5,0.83769
0.55,0.83102
0.6,0.81117
0.65,0.74935
0.7,0.6865
0.75,0.63035
0.8,0.5227
0.85,0.43785
0.9,0.29609
0.95,0.15898
1.0,0.00309
