reaction_coordinate,energy_eV
0.0,0.01812
0.05,0.0473
0.1,0.11409
0.15,0.14733
0.2,0.19517
0.25,0.22484
0.3,0.25317
0.35,0.26569
0.4,0.28528
0.45,0.30687
0.5,0.31296
0.55,0.31891
0.6,0.29437
0.65,0.28775
0.7,0.26076
0.75,0.21409
0.8,0.19857
0.85,0.15688
0.9,0.12589
0.95,0.07558
1.0,0.0
