reaction_coordinate,energy_eV
0.0,0.00094
0.05,0.06325
0.1,0.10912
0.15,0.16341
0.2,0.19607
0.25,0.22363
0.3,0.24284
0.35,0.28001
0.4,0.31781
0.45,0.29371
0.5,0.30235
0.55,0.29554
0.6,0.27761
0.65,0.26964
0.7,0.26202
0.75,0.21905
0.8,0.20279
0.85,0.15271
0.9,0.10502
0.95,0.0593
1.0,0.00166
