reaction_coordinate,energy_eV
0.0,0.0
0.05,0.07709
0.1,0.15156
0.15,0.21473
0.2,0.28433
0.25,0.31842
0.3,0.34423
0.35,0.38067
0.4,0.40909
0.45,0.40587
0.5,0.4068
0.55,0.40144
0.6,0.38801
0.65,0.39706
0.7,0.34705
0.75,0.32126
0.8,0.27563
0.85,0.21356
0.9,0.1486
0.95,0.08294
1.0,0.0
