reaction_coordinate,energy_eV
0.0,0.0
0.05,0.13459
0.1,0.24823
0.15,0.33438
0.2,0.43538
0.25,0.4988
0.3,0.59583
0.35,0.64873
0.4,0.66739
0.45,0.68274
0.5,0.69881
0.55,0.68476
0.6,0.68409
0.65,0.64651
0.7,0.58289
0.75,0.5143
0.8,0.4477
0.85,0.36142
0.9,0.2418
0.95,0.1022
1.0,0.0122
