reaction_coordinate,energy_eV
0.0,0.0
0.05,0.1052
0.1,0.20817
0.15,0.29492
0.2,0.36599
0.25,0.41918
0.3,0.49551
0.35,0.54059
0.4,0.54759
0.45,0.58049
0.5,0.5787
0.55,0.56065
0.6,0.54783
0.65,0.52792
0.7,0.48374
0.75,0.43051
0.8,0.37868
0.85,0.30292
0.9,0.21829
0.95,0.11031
1.0,0.00263
