reaction_coordinate,energy_eV
0.0,0.01056
0.05,0.11664
0.1,0.21669
0.15,0.29836
0.2,0.37526
0.25,0.45004
0.3,0.5017
0.35,0.55436
0.4,0.57203
0.45,0.59062
0.5,0.61194
0.55,0.59706
0.6,0.5688
0.65,0.54349
0.7,0.5183
0.75,0.4375
0.8,0.39397
0.85,0.31211
0.9,0.23994
0.95,0.10401
1.0,0.00013
