reaction_coordinate,energy_eV
0.0,0.0
0.05,0.04713
0.1,0.13143
0.15,0.18539
0.2,0.22379
0.25,0.24349
0.3,0.30711
0.35,0.31459
0.4,0.34614
0.45,0.33498
0.5,0.3455
0.55,0.3495
0.6,0.32223
0.65,0.31531
0.7,0.3089
0.75,0.26814
0.8,0.20163
0.85,0.20138
0.9,0.10933
0.95,0.07732
1.0,0.01304
