reaction_coordinate,energy_eV
0.0,0.0
0.05,0.17437
0.1,0.31684
0.15,0.47045
0.2,0.56412
0.25,0.67188
0.3,0.75092
0.35,0.82525
0.4,0.87868
0.45,0.87328
0.5,0.90171
0.55,0.88785
0.6,0.85793
0.65,0.82124
0.7,0.75688
0.75,0.67883
0.8,0.579
0.85,0.45704
0.9,0.32246
0.95,0.18666
1.0,0.0
