reaction_coordinate,energy_eV
0.0,0.0
0.05,0.08256
0.1,0.15019
0.15,0.22545
0.2,0.28362
0.25,0.3334
0.3,0.38267
0.35,0.40745
0.4,0.43186
0.45,0.43251
0.5,0.43559
0.55,0.43911
0.6,0.42808
0.65,0.40385
0.7,0.37901
0.75,0.33553
0.8,0.29042
0.85,0.221
0.9,0.16159
0.95,0.08141
1.0,0.01778
