reaction_coordinate,energy_eV
0.0,0.0
0.05,0.0952
0.1,0.19619
0.15,0.27768
0.2,0.34117
0.25,0.40832
0.3,0.46421
0.35,0.50785
0.4,0.5269
0.45,0.54459
0.5,0.53757
0.55,0.55397
0.6,0.51929
0.65,0.50525
0.7,0.46727
0.75,0.43149
0.8,0.35448
0.85,0.28863
0.9,0.18743
0.95,0.11066
1.0,0.0097
