reaction_coordinate,energy_eV
0.0,0.0
0.05,0.14566
0.1,0.3217
0.15,0.42203
0.2,0.54709
0.25,0.62997
0.3,0.70575
0.35,0.75938
0.4,0.79762
0.45,0.84463
0.5,0.84232
0.55,0.8425
0.6,0.82387
0.65,0.77694
0.7,0.6964
0.75,0.62206
0.8,0.55431
0.85,0.42581
0.9,0.30078
0.95,0.15603
1.0,0.0
