reaction_coordinate,energy_eV
0.0,0.0
0.05,0.09021
0.1,0.12212
0.15,0.20338
0.2,0.28237
0.25,0.32561
0.3,0.3347
0.35,0.38227
0.4,0.39698
0.45,0.40216
0.5,0.40932
0.55,0.41776
0.6,0.38021
0.65,0.37278
0.7,0.33335
0.75,0.28825
0.8,0.25428
0.85,0.2116
0.9,0.13853
0.95,0.08813
1.0,0.01283
