reaction_coordinate,energy_eV
0.0,0.00977
0.05,0.10907
0.1,0.21838
0.15,0.31503
0.2,0.40391
0.25,0.4616
0.3,0.50581
0.35,0.57219
0.4,0.59968
0.45,0.61125
0.5,0.62621
0.55,0.62297
0.6,0.59207
0.65,0.56235
0.7,0.50693
0.75,0.46266
0.8,0.3959
0.85,0.33261
0.9,0.23124
0.95,0.1196
1.0,0.00168
