reaction_coordinate,energy_eV
0.0,0.0
0.05,0.16218
0.1,0.31612
0.15,0.43735
0.2,0.54062
0.25,0.64734
0.3,0.72655
0.35,0.78478
0.4,0.85519
0.45,0.84227
0.5,0.88286
0.55,0.87047
0.6,0.82486
0.65,0.787
0.7,0.70828
0.75,0.65398
0.8,0.53615
0.85,0.44722
0.9,0.30061
0.95,0.17347
1.0,0.0
