reaction_coordinate,energy_eV
0.0,0.00397
0.05,0.1376
0.1,0.27343
0.15,0.35875
0.2,0.47346
0.25,0.56036
0.3,0.62682
0.35,0.67211
0.4,0.69328
0.45,0.72034
0.5,0.74439
0.55,0.72943
0.6,0.71356
0.65,0.66219
0.7,0.62415
0.75,0.55678
0.8,0.45579
0.85,0.36609
0.9,0.27449
0.95,0.14684
1.0,0.0
