reaction_coordinate,energy_eV
0.0,0.0
0.05,0.06975
0.1,0.15033
0.15,0.21659
0.2,0.24286
0.25,0.29005
0.3,0.32642
0.35,0.35276
0.4,0.38232
0.45,0.38522
0.5,0.40455
0.55,0.38651
0.6,0.3795
0.65,0.35493
0.7,0.3301
0.75,0.28827
0.8,0.24146
0.85,0.22574
0.9,0.14668
0.95,0.07789
1.0,0.01091
