reaction_coordinate,energy_eV
0.0,0.00148
0.05,0.11955
0.1,0.22864
0.15,0.37947
0.2,0.40441
0.25,0.50595
0.3,0.5742
0.35,0.61145
0.4,0.6381
0.45,0.66007
0.5,0.66386
0.55,0.66931
0.6,0.65032
0.65,0.61046
0.7,0.55302
0.75,0.50166
0.8,0.43484
0.85,0.32483
0.9,0.22981
0.95,0.11987
1.0,0.0034
