reaction_coordinate,energy_eV
0.0,0.00554
0.05,0.10926
0.1,0.20072
0.15,0.3046
0.2,0.34134
0.25,0.39581
0.3,0.44699
0.35,0.48061
0.4,0.52143
0.45,0.54357
0.5,0.53388
0.55,0.54261
0.6,0.50258
0.65,0.48994
0.7,0.4339
0.75,0.39923
0.8,0.3368
0.85,0.26575
0.9,0.18661
0.95,0.11399
1.0,0.00762
