reaction_coordinate,energy_eV
0.0,0.00545
0.05,0.12699
0.1,0.23098
0.15,0.34197
0.2,0.41501
0.25,0.50134
0.3,0.55303
0.35,0.60664
0.4,0.61467
0.45,0.66547
0.5,0.66071
0.55,0.65296
0.6,0.63013
0.65,0.60449
0.7,0.54674
0.75,0.48787
0.8,0.428
0.85,0.343
0.9,0.23391
0.95,0.12187
1.0,0.00203
