reaction_coordinate,energy_eV
0.0,0.00414
0.05,0.12444
0.1,0.25438
0.15,0.35662
0.2,0.4384
0.25,0.50215
0.3,0.57901
0.35,0.64128
0.4,0.64696
0.45,0.66763
0.5,0.68101
0.55,0.68672
0.6,0.65553
0.65,0.64181
0.7,0.58296
0.75,0.52309
0.8,0.44482
0.85,0.32738
0.9,0.2506
0.95,0.14382
1.0,0.0
