reaction_coordinate,energy_eV
0.0,0.01683
0.05,0.10063
0.1,0.17613
0.15,0.29452
0.2,0.34713
0.25,0.4147
0.3,0.48249
0.35,0.51016
0.4,0.52429
0.45,0.55524
0.5,0.54505
0.55,0.55694
0.6,0.53016
0.65,0.52072
0.7,0.48506
0.75,0.41709
0.8,0.35578
0.85,0.28974
0.9,0.19722
0.95,0.09838
1.0,0.01945
