reaction_coordinate,energy_eV
0.0,0.0
0.05,0.07307
0.1,0.13699
0.15,0.1852
0.2,0.22946
0.25,0.27446
0.3,0.29413
0.35,0.33292
0.4,0.33933
0.45,0.32794
0.5,0.35017
0.55,0.33706
0.6,0.33393
0.65,0.32353
0.7,0.27552
0.75,0.24849
0.8,0.24915
0.85,0.17453
0.9,0.13782
0.95,0.07152
1.0,0.0
