reaction_coordinate,energy_eV
0.0,0.0
0.05,0.04028
0.1,0.10856
0.15,0.1375
0.2,0.18988
0.25,0.20852
0.3,0.25567
0.35,0.25503
0.4,0.27608
0.45,0.28265
0.5,0.3108
0.55,0.29176
0.6,0.28676
0.65,0.25812
0.7,0.24171
0.75,0.20391
0.8,0.19168
0.85,0.13009
0.9,0.11101
0.95,0.05165
1.0,0.0
