reaction_coordinate,energy_eV
0.0,0.0
0.05,0.1901
0.1,0.34529
0.15,0.49981
0.2,0.59832
0.25,0.70265
0.3,0.80568
0.35,0.85533
0.4,0.93343
0.45,0.95993
0.5,0.98076
0.55,0.9509
0.6,0.92193
0.65,0.87437
0.7,0.81802
0.75,0.71989
0.8,0.60711
0.85,0.47621
0.9,0.34118
0.95,0.185
1.0,0.01901
