reaction_coordinate,energy_eV
0.0,0.00246
0.05,0.08058
0.1,0.15329
0.15,0.20718
0.2,0.25904
0.25,0.29647
0.3,0.35789
0.35,0.37365
0.4,0.392
0.45,0.39609
0.5,0.40965
0.55,0.39645
0.6,0.40777
0.65,0.37482
0.7,0.3371
0.75,0.30414
0.8,0.24721
0.85,0.20069
0.9,0.14914
0.95,0.08295
1.0,0.01038
