reaction_coordinate,energy_eV
0.0,0.00956
0.05,0.06838
0.1,0.16868
0.15,0.23472
0.2,0.29861
0.25,0.34119
0.3,0.36808
0.35,0.41214
0.4,0.4123
0.45,0.44045
0.5,0.43453
0.55,0.4346
0.6,0.43101
0.65,0.40882
0.7,0.37014
0.75,0.31934
0.8,0.27253
0.85,0.20486
0.9,0.16228
0.95,0.08829
1.0,0.0
