reaction_coordinate,energy_eV
0.0,0.01398
0.05,0.08809
0.1,0.1562
0.15,0.21638
0.2,0.25554
0.25,0.30581
0.3,0.36574
0.35,0.384
0.4,0.38759
0.45,0.41391
0.5,0.41647
0.55,0.40404
0.6,0.39589
0.65,0.36798
0.7,0.35441
0.75,0.31115
0.8,0.28294
0.85,0.2199
0.9,0.15527
0.95,0.06877
1.0,0.0
