reaction_coordinate,energy_eV
0.0,0.0
0.05,0.13342
0.1,0.244
0.15,0.32145
0.2,0.40206
0.25,0.48611
0.3,0.55421
0.35,0.59654
0.4,0.63016
0.45,0.62369
0.5,0.64065
0.55,0.65049
0.6,0.61554
0.65,0.58547
0.7,0.52447
0.75,0.49212
0.8,0.42198
0.85,0.34869
0.9,0.22495
0.95,0.11913
1.0,0.0
