reaction_coordinate,energy_eV
0.0,0.00902
0.05,0.09886
0.1,0.20538
0.15,0.31163
0.2,0.37692
0.25,0.43838
0.3,0.49544
0.35,0.5492
0.4,0.54828
0.45,0.59113
0.5,0.59281
0.55,0.57716
0.6,0.56675
0.65,0.53401
0.7,0.49417
0.75,0.44293
0.8,0.39457
0.85,0.29133
0.9,0.21955
0.95,0.12852
1.0,0.0
