reaction_coordinate,energy_eV
0.0,0.00118
0.05,0.0918
0.1,0.13842
0.15,0.2034
0.2,0.2266
0.25,0.28716
0.3,0.3135
0.35,0.31805
0.4,0.35569
0.45,0.35607
0.5,0.3545
0.55,0.3605
0.6,0.35774
0.65,0.34085
0.7,0.32564
0.75,0.27485
0.8,0.22995
0.85,0.19849
0.9,0.12756
0.95,0.06371
1.0,0.00044
