reaction_coordinate,energy_eV
0.0,0.0
0.05,0.06337
0.1,0.11237
0.15,0.15907
0.2,0.18164
0.25,0.22003
0.3,0.23495
0.35,0.26146
0.4,0.26678
0.45,0.27025
0.5,0.29039
0.55,0.27171
0.6,0.26433
0.65,0.26412
0.7,0.22989
0.75,0.19893
0.8,0.17918
0.85,0.15845
0.9,0.10582
0.95,0.0447
1.0,0.0
