reaction_coordinate,energy_eV
0.0,0.00675
0.05,0.25081
0.1,0.44033
0.15,0.62106
0.2,0.76242
0.25,0.88937
0.3,1.01872
0.35,1.10414
0.4,1.15848
0.45,1.20846
0.5,1.21023
0.55,1.216
0.6,1.15555
0.65,1.10405
0.7,1.01203
0.75,0.91072
0.8,0.77338
0.85,0.62064
0.9,0.43356
0.95,0.22513
1.0,0.0081
