reaction_coordinate,energy_eV
0.0,0.00376
0.05,0.12856
0.1,0.25145
0.15,0.32476
0.2,0.42018
0.25,0.47447
0.3,0.52515
0.35,0.5854
0.4,0.6086
0.45,0.63299
0.5,0.64542
0.55,0.63619
0.6,0.60774
0.65,0.58356
0.7,0.53789
0.75,0.47877
0.8,0.40143
0.85,0.32855
0.9,0.23172
0.95,0.10978
1.0,0.01114
