reaction_coordinate,energy_eV
0.0,0.02412
0.05,0.14853
0.1,0.31579
0.15,0.43057
0.2,0.56901
0.25,0.68284
0.3,0.73718
0.35,0.81237
0.4,0.84414
0.45,0.86419
0.5,0.89235
0.55,0.87823
0.6,0.84098
0.65,0.79307
0.7,0.73856
0.75,0.67047
0.8,0.55614
0.85,0.4571
0.9,0.30724
0.95,0.17176
1.0,0.00091
