reaction_coordinate,energy_eV
0.0,0.00275
0.05,0.14465
0.1,0.25333
0.15,0.32812
0.2,0.44859
0.25,0.52763
0.3,0.5772
0.35,0.6187
0.4,0.6848
0.45,0.6777
0.5,0.70157
0.55,0.68481
0.6,0.67449
0.65,0.64101
0.7,0.58533
0.75,0.52169
0.8,0.45562
0.85,0.35864
0.9,0.24403
0.95,0.14821
1.0,0.0
