reaction_coordinate,energy_eV
0.0,0.0
0.05,0.0008
0.1,0.01446
0.15,0.00489
0.2,0.0
0.25,0.0
0.3,0.02661
0.35,0.02341
0.4,0.03317
0.45,0.00821
0.5,0.02083
0.55,0.02089
0.6,0.0401
0.65,0.02576
0.7,0.01458
0.75,0.01672
0.8,0.00514
0.85,0.02231
0.9,0.00894
0.95,0.00916
1.0,0.0
