reaction_coordinate,energy_eV
0.0,0.00199
0.05,0.07497
0.1,0.10794
0.15,0.18062
0.2,0.20644
0.25,0.25387
0.3,0.2754
0.35,0.28808
0.4,0.31673
0.45,0.34233
0.5,0.34578
0.55,0.33373
0.6,0.33305
0.65,0.29349
0.7,0.28408
0.75,0.25128
0.8,0.22062
0.85,0.17035
0.9,0.13435
0.95,0.06443
1.0,0.0
