reaction_coordinate,energy_eV
0.0,0.0
0.05,0.17021
0.1,0.28612
0.15,0.41828
0.2,0.4984
0.25,0.61241
0.3,0.68507
0.35,0.73958
0.4,0.78097
0.45,0.81558
0.5,0.81129
0.55,0.82985
0.6,0.77947
0.65,0.73916
0.7,0.67731
0.75,0.61008
0.8,0.53008
0.85,0.41032
0.9,0.30566
0.95,0.17806
1.0,0.00361
