reaction_coordinate,energy_eV
0.0,0.0
0.05,0.05155
0.1,0.05843
0.15,0.07241
0.2,0.09822
0.25,0.13406
0.3,0.1499
0.35,0.13463
0.4,0.13669
0.45,0.15293
0.5,0.1578
0.55,0.15433
0.6,0.15049
0.65,0.13829
0.7,0.13979
0.75,0.12645
0.8,0.11412
0.85,0.08305
0.9,0.05325
0.95,0.02553
1.0,0.0
