reaction_coordinate,energy_eV
0.0,0.01276
0.05,0.08355
0.1,0.17935
0.15,0.23236
0.2,0.29609
0.25,0.36511
0.3,0.41184
0.35,0.41574
0.4,0.45818
0.45,0.46743
0.5,0.49311
0.55,0.47841
0.6,0.46138
0.65,0.43661
0.7,0.38789
0.75,0.36775
0.8,0.31807
0.85,0.25043
0.9,0.17837
0.95,0.09934
1.0,0.00591
