reaction_coordinate,energy_eV
0.0,0.00853
0.05,0.06447
0.1,0.12747
0.15,0.15258
0.2,0.22416
0.25,0.24981
0.3,0.25412
0.35,0.28654
0.4,0.3014
0.45,0.31313
0.5,0.33012
0.55,0.32736
0.6,0.31168
0.65,0.28638
0.7,0.25288
0.75,0.24385
0.8,0.21466
0.85,0.17478
0.9,0.12117
0.95,0.0478
1.0,0.0
