reaction_coordinate,energy_eV
0.0,0.0026
0.05,0.15164
0.1,0.2629
0.15,0.37915
0.2,0.46574
0.25,0.53541
0.3,0.63791
0.35,0.68635
0.4,0.71976
0.45,0.74342
0.5,0.73171
0.55,0.74026
0.6,0.7099
0.65,0.67885
0.7,0.62895
0.75,0.55466
0.8,0.47467
0.85,0.38573
0.9,0.266
0.95,0.1267
1.0,0.0017
