reaction_coordinate,energy_eV
0.0,0.0
0.05,0.10123
0.1,0.18169
0.15,0.26096
0.2,0.33069
0.25,0.37898
0.3,0.44434
0.35,0.47433
0.4,0.50651
0.45,0.50988
0.5,0.50533
0.55,0.53032
0.6,0.48949
0.65,0.45143
0.7,0.43103
0.75,0.37839
0.8,0.34226
0.85,0.26264
0.9,0.19157
0.95,0.09159
1.0,0.0
