reaction_coordinate,energy_eV
0.0,0.0
0.05,0.0785
0.1,0.13018
0.15,0.18571
0.2,0.24603
0.25,0.28484
0.3,0.30722
0.35,0.3453
0.4,0.35817
0.45,0.36106
0.5,0.37201
0.55,0.37506
0.6,0.35102
0.65,0.33462
0.7,0.30714
0.75,0.27747
0.8,0.23559
0.85,0.18423
0.9,0.12673
0.95,0.07238
1.0,0.0
