reaction_coordinate,energy_eV
0.0,0.0
0.05,0.0924
0.1,0.18524
0.15,0.23786
0.2,0.3174
0.25,0.37495
0.3,0.40864
0.35,0.43801
0.4,0.471
0.45,0.48828
0.5,0.4672
0.55,0.48175
0.6,0.46786
0.65,0.44781
0.7,0.40566
0.75,0.36145
0.8,0.32527
0.85,0.24581
0.9,0.16441
0.95,0.0793
1.0,0.01286
