phase,temperature_C,epsilon_11,epsilon_22
YSZ,25,0.000000,0.000000
YSZ,225,0.002200,0.002180
YSZ,425,0.004400,0.004360
YSZ,625,0.006600,0.006540
YSZ,825,0.008800,0.008720
Ni-YSZ,25,0.000000,0.000000
Ni-YSZ,225,0.002800,0.002760
Ni-YSZ,425,0.005600,0.005520
Ni-YSZ,625,0.008400,0.008280
Ni-YSZ,825,0.011200,0.011040
