{
  "porosity_evolution": {
    "0.0": 0.00012659143518518518,
    "25.0": 0.3559027777777778,
    "100.0": 0.8463179976851852,
    "250.0": 0.9996021412037037
  },
  "crack_density_evolution": {
    "0.0": 18.08449074074074,
    "25.0": 2043.5474537037037,
    "100.0": 18.08449074074074,
    "250.0": 18.08449074074074
  },
  "connectivity_evolution": {
    "0.0": 1,
    "25.0": 721,
    "100.0": -54,
    "250.0": 11
  },
  "damage_evolution": {
    "0.0": 0.39914279513888884,
    "25.0": 0.4365596064814815,
    "100.0": 0.8463179976851851,
    "250.0": 0.9996021412037037
  }
}