x_mm,y_mm,z_m
-29.372801,-20.776412,1.353697082e-07
-28.440331,-20.776412,-9.529415953e-08
-27.507861,-20.776412,-1.776780744e-07
-26.575392,-20.776412,5.339798313e-08
-25.642922,-20.776412,7.963684542e-08
-24.710452,-20.776412,1.161477387e-08
-23.777982,-20.776412,7.588719315e-08
-22.845512,-20.776412,1.917196262e-07
-21.913042,-20.776412,2.077543333e-08
-20.980572,-20.776412,1.800020443e-07
-20.048102,-20.776412,-5.704466044e-08
-19.115633,-20.776412,8.326260999e-08
-18.183163,-20.776412,1.792255442e-07
-17.250693,-20.776412,3.169006931e-07
-16.318223,-20.776412,-3.617026461e-08
-15.385753,-20.776412,7.893272912e-08
-14.453283,-20.776412,9.430534887e-08
-13.520813,-20.776412,1.277731757e-07
-12.588343,-20.776412,1.354170284e-07
-11.655874,-20.776412,8.636505444e-08
-10.723404,-20.776412,1.085729148e-08
-9.790934,-20.776412,-3.187852438e-08
-8.858464,-20.776412,1.151220032e-07
-7.925994,-20.776412,-1.852333262e-07
-6.993524,-20.776412,9.121620917e-08
-6.061054,-20.776412,7.726569157e-08
-5.128584,-20.776412,1.993148291e-07
-4.196114,-20.776412,1.703133070e-07
-3.263645,-20.776412,-1.325025807e-08
-2.331175,-20.776412,5.037466489e-08
-1.398705,-20.776412,-1.088387273e-07
-0.466235,-20.776412,1.026209722e-07
0.466235,-20.776412,1.748668595e-09
1.398705,-20.776412,-1.764299365e-07
2.331175,-20.776412,1.078266194e-07
3.263645,-20.776412,-1.064291032e-07
4.196114,-20.776412,8.109020235e-08
5.128584,-20.776412,-4.662463842e-08
6.061054,-20.776412,6.805141909e-08
6.993524,-20.776412,-2.941155854e-08
7.925994,-20.776412,2.198719180e-08
8.858464,-20.776412,-9.542085319e-09
9.790934,-20.776412,-5.281327871e-08
10.723404,-20.776412,-1.366134589e-07
11.655874,-20.776412,-1.440530836e-08
12.588343,-20.776412,-1.684862825e-07
13.520813,-20.776412,-1.593351036e-07
14.453283,-20.776412,-1.845197793e-07
15.385753,-20.776412,6.135450680e-08
16.318223,-20.776412,-5.552924602e-08
17.250693,-20.776412,-2.448735225e-07
18.183163,-20.776412,-1.786185255e-07
19.115633,-20.776412,-9.902799010e-08
20.048102,-20.776412,-1.448288900e-07
20.980572,-20.776412,-1.851633795e-07
21.913042,-20.776412,-1.194729210e-07
22.845512,-20.776412,-1.897833146e-08
23.777982,-20.776412,1.498792789e-08
24.710452,-20.776412,-1.923072069e-07
25.642922,-20.776412,-8.239222999e-08
26.575392,-20.776412,-2.031374763e-07
27.507861,-20.776412,-1.161092105e-07
28.440331,-20.776412,-1.421577150e-07
29.372801,-20.776412,-2.099130153e-07
-29.372801,-20.116843,1.932066957e-08
-28.440331,-20.116843,-1.404181159e-07
-27.507861,-20.116843,7.482972199e-08
-26.575392,-20.116843,3.815957550e-08
-25.642922,-20.116843,4.055253404e-07
-24.710452,-20.116843,2.775931917e-07
-23.777982,-20.116843,1.853691645e-07
-22.845512,-20.116843,7.050941178e-08
-21.913042,-20.116843,1.817110935e-07
-20.980572,-20.116843,2.455999369e-07
-20.048102,-20.116843,1.825530291e-07
-19.115633,-20.116843,1.960981577e-07
-18.183163,-20.116843,2.213728971e-07
-17.250693,-20.116843,-4.267161232e-08
-16.318223,-20.116843,-2.886221081e-08
-15.385753,-20.116843,1.406166467e-07
-14.453283,-20.116843,4.880422665e-08
-13.520813,-20.116843,1.464559559e-07
-12.588343,-20.116843,8.672991089e-08
-11.655874,-20.116843,8.450430602e-08
-10.723404,-20.116843,1.042854184e-07
-9.790934,-20.116843,-1.303805753e-07
-8.858464,-20.116843,7.714480647e-08
-7.925994,-20.116843,2.631499085e-07
-6.993524,-20.116843,2.097727559e-07
-6.061054,-20.116843,2.611905409e-07
-5.128584,-20.116843,1.246768028e-07
-4.196114,-20.116843,1.729680455e-07
-3.263645,-20.116843,4.124197021e-08
-2.331175,-20.116843,8.526536341e-08
-1.398705,-20.116843,8.494109945e-08
-0.466235,-20.116843,7.179193184e-08
0.466235,-20.116843,-6.222833044e-08
1.398705,-20.116843,-1.005349854e-08
2.331175,-20.116843,2.164316586e-07
3.263645,-20.116843,3.106236827e-08
4.196114,-20.116843,9.119887533e-08
5.128584,-20.116843,8.837540145e-08
6.061054,-20.116843,-1.315164105e-07
6.993524,-20.116843,-1.359528547e-07
7.925994,-20.116843,-9.765177200e-08
8.858464,-20.116843,7.626713239e-08
9.790934,-20.116843,-1.581147934e-07
10.723404,-20.116843,-1.104788471e-07
11.655874,-20.116843,-9.622954437e-08
12.588343,-20.116843,-5.533806152e-08
13.520813,-20.116843,-4.628034606e-08
14.453283,-20.116843,1.096520440e-08
15.385753,-20.116843,-3.899740337e-07
16.318223,-20.116843,-1.282913289e-07
17.250693,-20.116843,-3.569984946e-08
18.183163,-20.116843,-1.377940462e-07
19.115633,-20.116843,-1.927565987e-07
20.048102,-20.116843,-1.040608340e-07
20.980572,-20.116843,-1.567402960e-07
21.913042,-20.116843,-1.509636914e-07
22.845512,-20.116843,2.908213862e-08
23.777982,-20.116843,-1.058671734e-07
24.710452,-20.116843,-8.549603738e-08
25.642922,-20.116843,-2.256600623e-07
26.575392,-20.116843,-1.846497000e-07
27.507861,-20.116843,-6.248139396e-08
28.440331,-20.116843,-2.303217921e-07
29.372801,-20.116843,-2.082810206e-07
-29.372801,-19.457274,-1.836759509e-07
-28.440331,-19.457274,5.917096351e-08
-27.507861,-19.457274,1.253422204e-07
-26.575392,-19.457274,-1.792838324e-07
-25.642922,-19.457274,6.724700574e-08
-24.710452,-19.457274,3.707954654e-07
-23.777982,-19.457274,1.008083098e-07
-22.845512,-19.457274,4.508217941e-08
-21.913042,-19.457274,9.940612772e-08
-20.980572,-19.457274,1.763172423e-07
-20.048102,-19.457274,-6.957616636e-08
-19.115633,-19.457274,1.632140129e-07
-18.183163,-19.457274,2.247133700e-07
-17.250693,-19.457274,-2.881932654e-08
-16.318223,-19.457274,-6.768594485e-11
-15.385753,-19.457274,4.875160615e-08
-14.453283,-19.457274,3.926209487e-08
-13.520813,-19.457274,4.009205189e-08
-12.588343,-19.457274,1.553653047e-08
-11.655874,-19.457274,1.106174660e-07
-10.723404,-19.457274,8.349387447e-08
-9.790934,-19.457274,2.060868409e-08
-8.858464,-19.457274,1.057134491e-07
-7.925994,-19.457274,9.968965069e-08
-6.993524,-19.457274,5.578855695e-08
-6.061054,-19.457274,1.198678402e-07
-5.128584,-19.457274,1.783131923e-07
-4.196114,-19.457274,3.935077290e-08
-3.263645,-19.457274,6.521511738e-08
-2.331175,-19.457274,9.189506184e-08
-1.398705,-19.457274,4.990414367e-08
-0.466235,-19.457274,6.589429581e-08
0.466235,-19.457274,-2.964630769e-09
1.398705,-19.457274,-1.754746265e-08
2.331175,-19.457274,1.116359805e-07
3.263645,-19.457274,-3.410877833e-08
4.196114,-19.457274,1.478561481e-07
5.128584,-19.457274,-1.424128067e-08
6.061054,-19.457274,8.299927051e-08
6.993524,-19.457274,1.358713143e-07
7.925994,-19.457274,-4.595228083e-08
8.858464,-19.457274,8.524969869e-08
9.790934,-19.457274,-6.692626030e-09
10.723404,-19.457274,-2.002843816e-07
11.655874,-19.457274,-1.052650652e-07
12.588343,-19.457274,2.500359094e-08
13.520813,-19.457274,-1.025890812e-07
14.453283,-19.457274,-2.981333116e-07
15.385753,-19.457274,-2.848171899e-07
16.318223,-19.457274,5.768042918e-08
17.250693,-19.457274,-1.893095554e-07
18.183163,-19.457274,-1.302185428e-07
19.115633,-19.457274,-3.734501272e-07
20.048102,-19.457274,-1.970398262e-08
20.980572,-19.457274,-1.326118569e-07
21.913042,-19.457274,8.891793918e-09
22.845512,-19.457274,-2.247424472e-07
23.777982,-19.457274,-2.136277762e-07
24.710452,-19.457274,-1.035193663e-07
25.642922,-19.457274,-1.036102634e-08
26.575392,-19.457274,-7.176278987e-08
27.507861,-19.457274,-8.722697522e-08
28.440331,-19.457274,-1.554659427e-07
29.372801,-19.457274,-1.146238274e-07
-29.372801,-18.797706,1.043249553e-07
-28.440331,-18.797706,1.543355598e-07
-27.507861,-18.797706,9.479389556e-08
-26.575392,-18.797706,2.383128796e-07
-25.642922,-18.797706,7.634078892e-08
-24.710452,-18.797706,1.454364488e-07
-23.777982,-18.797706,-9.839771376e-08
-22.845512,-18.797706,2.918670465e-07
-21.913042,-18.797706,7.058305717e-08
-20.980572,-18.797706,6.760369449e-08
-20.048102,-18.797706,2.028391229e-07
-19.115633,-18.797706,1.792137186e-07
-18.183163,-18.797706,-2.022120120e-08
-17.250693,-18.797706,1.766094814e-07
-16.318223,-18.797706,2.390694132e-07
-15.385753,-18.797706,-1.309464897e-08
-14.453283,-18.797706,-6.322947660e-09
-13.520813,-18.797706,1.240912344e-07
-12.588343,-18.797706,1.053016422e-07
-11.655874,-18.797706,3.620729546e-07
-10.723404,-18.797706,6.092288020e-08
-9.790934,-18.797706,-1.040474315e-07
-8.858464,-18.797706,-2.078548263e-07
-7.925994,-18.797706,1.856707351e-08
-6.993524,-18.797706,1.732264004e-07
-6.061054,-18.797706,8.887720104e-08
-5.128584,-18.797706,4.411288583e-08
-4.196114,-18.797706,-1.213379663e-07
-3.263645,-18.797706,1.946047964e-07
-2.331175,-18.797706,3.487402410e-08
-1.398705,-18.797706,2.586075814e-08
-0.466235,-18.797706,1.566906206e-07
0.466235,-18.797706,1.314817710e-07
1.398705,-18.797706,-1.267635499e-07
2.331175,-18.797706,2.776861429e-08
3.263645,-18.797706,6.659366822e-08
4.196114,-18.797706,1.091717408e-07
5.128584,-18.797706,9.415336503e-09
6.061054,-18.797706,9.616290878e-08
6.993524,-18.797706,1.644869456e-07
7.925994,-18.797706,1.173713414e-07
8.858464,-18.797706,1.536824403e-07
9.790934,-18.797706,4.894272294e-08
10.723404,-18.797706,-7.224230980e-08
11.655874,-18.797706,-1.802959155e-07
12.588343,-18.797706,1.033448415e-08
13.520813,-18.797706,-9.785135480e-08
14.453283,-18.797706,1.082627815e-08
15.385753,-18.797706,-2.137886243e-07
16.318223,-18.797706,-3.701991418e-08
17.250693,-18.797706,-1.873733057e-07
18.183163,-18.797706,-6.582049607e-08
19.115633,-18.797706,-1.883352799e-07
20.048102,-18.797706,1.331970693e-07
20.980572,-18.797706,-1.031972879e-07
21.913042,-18.797706,-9.254216341e-08
22.845512,-18.797706,6.097732306e-09
23.777982,-18.797706,-1.525997652e-07
24.710452,-18.797706,5.162429890e-08
25.642922,-18.797706,3.104310679e-08
26.575392,-18.797706,-1.530154822e-07
27.507861,-18.797706,-8.371421262e-08
28.440331,-18.797706,-2.104887905e-08
29.372801,-18.797706,-2.681068149e-07
-29.372801,-18.138137,4.753540269e-08
-28.440331,-18.138137,6.141368810e-08
-27.507861,-18.138137,1.245934536e-07
-26.575392,-18.138137,5.699252023e-08
-25.642922,-18.138137,-3.948601726e-08
-24.710452,-18.138137,-2.081875842e-08
-23.777982,-18.138137,-5.598007896e-08
-22.845512,-18.138137,8.715643538e-08
-21.913042,-18.138137,-9.574304192e-08
-20.980572,-18.138137,1.276812758e-07
-20.048102,-18.138137,9.602684572e-08
-19.115633,-18.138137,1.161141506e-07
-18.183163,-18.138137,3.026788634e-07
-17.250693,-18.138137,1.526347949e-07
-16.318223,-18.138137,2.933105507e-07
-15.385753,-18.138137,2.701435169e-10
-14.453283,-18.138137,7.900968338e-08
-13.520813,-18.138137,1.522106712e-07
-12.588343,-18.138137,3.569072389e-07
-11.655874,-18.138137,1.232923075e-07
-10.723404,-18.138137,1.360526226e-07
-9.790934,-18.138137,2.461533205e-08
-8.858464,-18.138137,2.136843118e-07
-7.925994,-18.138137,1.454487954e-08
-6.993524,-18.138137,-1.549584597e-07
-6.061054,-18.138137,2.523454362e-07
-5.128584,-18.138137,-9.561023562e-08
-4.196114,-18.138137,3.991218272e-08
-3.263645,-18.138137,6.564163416e-08
-2.331175,-18.138137,3.499503174e-08
-1.398705,-18.138137,1.122915100e-07
-0.466235,-18.138137,-4.853456043e-08
0.466235,-18.138137,5.325802643e-08
1.398705,-18.138137,1.200419332e-07
2.331175,-18.138137,2.667435071e-09
3.263645,-18.138137,-1.098944787e-08
4.196114,-18.138137,-2.627227615e-08
5.128584,-18.138137,2.543939763e-08
6.061054,-18.138137,-1.894177811e-08
6.993524,-18.138137,6.134615368e-08
7.925994,-18.138137,-8.836694294e-08
8.858464,-18.138137,-1.245618362e-09
9.790934,-18.138137,-1.007370302e-07
10.723404,-18.138137,-9.114804773e-08
11.655874,-18.138137,-3.070878220e-07
12.588343,-18.138137,-1.856270562e-07
13.520813,-18.138137,-2.811450321e-07
14.453283,-18.138137,-6.747630181e-08
15.385753,-18.138137,-2.231020392e-07
16.318223,-18.138137,8.891652179e-08
17.250693,-18.138137,-2.104811791e-07
18.183163,-18.138137,-1.233631270e-07
19.115633,-18.138137,-3.244065777e-07
20.048102,-18.138137,-2.005810914e-07
20.980572,-18.138137,-2.449176935e-08
21.913042,-18.138137,-8.606417102e-08
22.845512,-18.138137,1.275534545e-07
23.777982,-18.138137,-8.407305197e-08
24.710452,-18.138137,-3.502523859e-08
25.642922,-18.138137,-3.690726037e-08
26.575392,-18.138137,3.836207287e-08
27.507861,-18.138137,-2.003415065e-08
28.440331,-18.138137,4.419599039e-08
29.372801,-18.138137,-1.594198375e-07
-29.372801,-17.478569,1.172885426e-07
-28.440331,-17.478569,2.120308128e-09
-27.507861,-17.478569,1.615542597e-07
-26.575392,-17.478569,5.443512702e-09
-25.642922,-17.478569,-6.622820933e-08
-24.710452,-17.478569,8.210518481e-08
-23.777982,-17.478569,-8.950431396e-08
-22.845512,-17.478569,4.646589273e-08
-21.913042,-17.478569,4.133676059e-09
-20.980572,-17.478569,6.825469726e-08
-20.048102,-17.478569,2.264834603e-07
-19.115633,-17.478569,3.769807483e-08
-18.183163,-17.478569,3.879774052e-08
-17.250693,-17.478569,7.100537406e-08
-16.318223,-17.478569,1.219438872e-08
-15.385753,-17.478569,1.476952791e-07
-14.453283,-17.478569,5.963200225e-08
-13.520813,-17.478569,-9.970875627e-08
-12.588343,-17.478569,6.871368917e-08
-11.655874,-17.478569,1.317163089e-07
-10.723404,-17.478569,2.633533241e-07
-9.790934,-17.478569,4.598086817e-08
-8.858464,-17.478569,8.806572961e-08
-7.925994,-17.478569,-1.326398780e-08
-6.993524,-17.478569,7.976927417e-08
-6.061054,-17.478569,4.018766991e-08
-5.128584,-17.478569,-6.156387396e-08
-4.196114,-17.478569,2.578138476e-08
-3.263645,-17.478569,-4.861018046e-08
-2.331175,-17.478569,7.001197572e-08
-1.398705,-17.478569,2.197297960e-07
-0.466235,-17.478569,-2.309186539e-08
0.466235,-17.478569,-2.835858552e-08
1.398705,-17.478569,2.253703419e-08
2.331175,-17.478569,1.207750592e-07
3.263645,-17.478569,2.345619728e-08
4.196114,-17.478569,-1.043926508e-07
5.128584,-17.478569,1.470356484e-07
6.061054,-17.478569,-4.875810481e-08
6.993524,-17.478569,5.105464931e-08
7.925994,-17.478569,-1.032476355e-07
8.858464,-17.478569,4.784701048e-09
9.790934,-17.478569,6.040053779e-08
10.723404,-17.478569,-7.401658723e-08
11.655874,-17.478569,-1.882384499e-07
12.588343,-17.478569,6.259613215e-08
13.520813,-17.478569,-1.140447592e-07
14.453283,-17.478569,-1.949128781e-07
15.385753,-17.478569,-1.321520579e-07
16.318223,-17.478569,-1.418080578e-07
17.250693,-17.478569,-9.495938334e-08
18.183163,-17.478569,-2.338441663e-07
19.115633,-17.478569,3.785257162e-08
20.048102,-17.478569,-9.047993953e-08
20.980572,-17.478569,1.291026402e-07
21.913042,-17.478569,-6.164045112e-08
22.845512,-17.478569,-1.133812345e-07
23.777982,-17.478569,-9.438991610e-08
24.710452,-17.478569,-4.980249682e-09
25.642922,-17.478569,2.920629467e-08
26.575392,-17.478569,-4.790993080e-08
27.507861,-17.478569,7.025843584e-08
28.440331,-17.478569,-4.642731914e-09
29.372801,-17.478569,-1.421694367e-07
-29.372801,-16.819000,5.114856530e-09
-28.440331,-16.819000,4.209551215e-08
-27.507861,-16.819000,-1.268104519e-07
-26.575392,-16.819000,1.720794574e-07
-25.642922,-16.819000,2.175008500e-08
-24.710452,-16.819000,7.300081002e-08
-23.777982,-16.819000,-1.474772440e-07
-22.845512,-16.819000,-2.794749912e-09
-21.913042,-16.819000,7.329317017e-08
-20.980572,-16.819000,1.486432288e-07
-20.048102,-16.819000,1.281212394e-07
-19.115633,-16.819000,5.553554753e-08
-18.183163,-16.819000,7.468430533e-08
-17.250693,-16.819000,2.109172358e-08
-16.318223,-16.819000,1.092783535e-07
-15.385753,-16.819000,2.959777222e-08
-14.453283,-16.819000,7.356623776e-08
-13.520813,-16.819000,6.155843539e-08
-12.588343,-16.819000,5.922309688e-08
-11.655874,-16.819000,-9.676888370e-08
-10.723404,-16.819000,1.881825107e-07
-9.790934,-16.819000,4.163227431e-09
-8.858464,-16.819000,-5.880683748e-08
-7.925994,-16.819000,2.313818697e-07
-6.993524,-16.819000,1.244461836e-07
-6.061054,-16.819000,7.591612944e-08
-5.128584,-16.819000,-1.055293939e-07
-4.196114,-16.819000,4.754522489e-08
-3.263645,-16.819000,-4.324918395e-08
-2.331175,-16.819000,-1.601862813e-07
-1.398705,-16.819000,-9.727248693e-09
-0.466235,-16.819000,-7.343752737e-08
0.466235,-16.819000,-6.545618096e-08
1.398705,-16.819000,3.812384585e-09
2.331175,-16.819000,-1.403627181e-07
3.263645,-16.819000,-2.849851029e-08
4.196114,-16.819000,1.605816143e-09
5.128584,-16.819000,-1.105256035e-08
6.061054,-16.819000,-2.787350527e-08
6.993524,-16.819000,1.012144882e-07
7.925994,-16.819000,-3.217325941e-08
8.858464,-16.819000,1.736288457e-07
9.790934,-16.819000,-2.034701288e-07
10.723404,-16.819000,-1.191312890e-07
11.655874,-16.819000,4.989831451e-08
12.588343,-16.819000,4.664181231e-08
13.520813,-16.819000,-2.750700854e-07
14.453283,-16.819000,1.189223753e-08
15.385753,-16.819000,-2.077733478e-07
16.318223,-16.819000,-1.291983395e-07
17.250693,-16.819000,-4.293173214e-08
18.183163,-16.819000,-7.338694893e-08
19.115633,-16.819000,-9.985894002e-09
20.048102,-16.819000,-1.303006848e-07
20.980572,-16.819000,-1.729538456e-07
21.913042,-16.819000,-4.798907983e-08
22.845512,-16.819000,-1.004648611e-07
23.777982,-16.819000,1.013798319e-08
24.710452,-16.819000,4.251052350e-08
25.642922,-16.819000,-2.305219870e-07
26.575392,-16.819000,-1.658225746e-07
27.507861,-16.819000,-7.633015167e-08
28.440331,-16.819000,-6.432982275e-09
29.372801,-16.819000,-6.471161917e-08
-29.372801,-16.159431,6.223101305e-08
-28.440331,-16.159431,-1.558987239e-09
-27.507861,-16.159431,5.192759749e-08
-26.575392,-16.159431,-4.629045609e-08
-25.642922,-16.159431,-3.311300701e-08
-24.710452,-16.159431,-3.893813588e-08
-23.777982,-16.159431,1.108469463e-07
-22.845512,-16.159431,-2.270432150e-09
-21.913042,-16.159431,5.263757737e-08
-20.980572,-16.159431,6.399827795e-08
-20.048102,-16.159431,4.210294362e-08
-19.115633,-16.159431,-6.596420801e-09
-18.183163,-16.159431,1.171471900e-08
-17.250693,-16.159431,5.492861812e-09
-16.318223,-16.159431,1.342405286e-07
-15.385753,-16.159431,-3.176137744e-09
-14.453283,-16.159431,5.147654395e-08
-13.520813,-16.159431,1.370759966e-07
-12.588343,-16.159431,8.849680636e-08
-11.655874,-16.159431,2.558943535e-07
-10.723404,-16.159431,1.718918118e-07
-9.790934,-16.159431,-5.521356568e-08
-8.858464,-16.159431,-5.814964195e-08
-7.925994,-16.159431,7.593901018e-08
-6.993524,-16.159431,4.929092794e-08
-6.061054,-16.159431,3.240523484e-08
-5.128584,-16.159431,-6.552683623e-08
-4.196114,-16.159431,-1.335165560e-07
-3.263645,-16.159431,-1.060122222e-07
-2.331175,-16.159431,6.005494037e-08
-1.398705,-16.159431,-1.263130321e-07
-0.466235,-16.159431,-1.363024701e-07
0.466235,-16.159431,-4.670578104e-08
1.398705,-16.159431,-8.029614228e-08
2.331175,-16.159431,-1.908598948e-07
3.263645,-16.159431,5.813563067e-09
4.196114,-16.159431,4.913868117e-08
5.128584,-16.159431,1.411538804e-07
6.061054,-16.159431,3.479416456e-08
6.993524,-16.159431,2.875124115e-08
7.925994,-16.159431,-2.514843073e-08
8.858464,-16.159431,1.066013147e-07
9.790934,-16.159431,6.659948703e-08
10.723404,-16.159431,-5.851875820e-09
11.655874,-16.159431,-4.518924030e-08
12.588343,-16.159431,-7.668772980e-08
13.520813,-16.159431,3.627089942e-08
14.453283,-16.159431,-1.479968946e-07
15.385753,-16.159431,-1.333187674e-07
16.318223,-16.159431,-2.801545420e-07
17.250693,-16.159431,-2.811426030e-07
18.183163,-16.159431,3.483394110e-08
19.115633,-16.159431,-3.512897756e-08
20.048102,-16.159431,2.311675700e-07
20.980572,-16.159431,-1.139249761e-07
21.913042,-16.159431,1.688641450e-08
22.845512,-16.159431,6.070655452e-08
23.777982,-16.159431,1.389143010e-07
24.710452,-16.159431,1.680370694e-08
25.642922,-16.159431,-4.954379702e-08
26.575392,-16.159431,1.089758799e-07
27.507861,-16.159431,9.638651315e-08
28.440331,-16.159431,-1.844029962e-07
29.372801,-16.159431,-1.981608435e-07
-29.372801,-15.499863,1.840260030e-07
-28.440331,-15.499863,5.126835249e-08
-27.507861,-15.499863,1.237190212e-07
-26.575392,-15.499863,6.108636763e-08
-25.642922,-15.499863,1.310269395e-08
-24.710452,-15.499863,8.208320912e-08
-23.777982,-15.499863,9.986534677e-08
-22.845512,-15.499863,9.080987021e-08
-21.913042,-15.499863,3.388133151e-09
-20.980572,-15.499863,-2.792252187e-08
-20.048102,-15.499863,1.069860135e-07
-19.115633,-15.499863,-1.217188698e-07
-18.183163,-15.499863,1.552331462e-07
-17.250693,-15.499863,9.609682236e-08
-16.318223,-15.499863,1.490011768e-07
-15.385753,-15.499863,1.558161074e-07
-14.453283,-15.499863,-5.281417028e-09
-13.520813,-15.499863,2.456203499e-07
-12.588343,-15.499863,7.366555933e-08
-11.655874,-15.499863,9.241498394e-09
-10.723404,-15.499863,-8.449419423e-08
-9.790934,-15.499863,1.737500150e-07
-8.858464,-15.499863,2.156458500e-07
-7.925994,-15.499863,7.093544171e-08
-6.993524,-15.499863,1.868533497e-07
-6.061054,-15.499863,1.319450232e-07
-5.128584,-15.499863,1.444312424e-08
-4.196114,-15.499863,4.495841883e-08
-3.263645,-15.499863,-1.013284609e-07
-2.331175,-15.499863,-1.381477958e-07
-1.398705,-15.499863,1.036291194e-07
-0.466235,-15.499863,-1.778848455e-07
0.466235,-15.499863,-1.181262380e-07
1.398705,-15.499863,1.405478361e-07
2.331175,-15.499863,-6.550722964e-08
3.263645,-15.499863,1.021281419e-08
4.196114,-15.499863,-7.912881288e-08
5.128584,-15.499863,4.832677589e-08
6.061054,-15.499863,-1.443427343e-08
6.993524,-15.499863,-6.408190679e-09
7.925994,-15.499863,-1.031008150e-07
8.858464,-15.499863,-1.020701615e-07
9.790934,-15.499863,-8.088018084e-09
10.723404,-15.499863,1.208885017e-07
11.655874,-15.499863,-3.804808746e-09
12.588343,-15.499863,-1.016644293e-07
13.520813,-15.499863,8.273537778e-08
14.453283,-15.499863,-1.295974483e-07
15.385753,-15.499863,3.035604191e-09
16.318223,-15.499863,-6.782642541e-08
17.250693,-15.499863,-1.318861703e-07
18.183163,-15.499863,-6.746412669e-08
19.115633,-15.499863,1.366576094e-07
20.048102,-15.499863,5.474045442e-08
20.980572,-15.499863,6.788742506e-08
21.913042,-15.499863,-2.824587888e-08
22.845512,-15.499863,2.453657849e-07
23.777982,-15.499863,2.494540646e-08
24.710452,-15.499863,-1.064728332e-08
25.642922,-15.499863,-4.983368013e-08
26.575392,-15.499863,1.800587683e-09
27.507861,-15.499863,6.128972576e-08
28.440331,-15.499863,-1.491904628e-07
29.372801,-15.499863,-2.158302001e-07
-29.372801,-14.840294,-9.949417346e-08
-28.440331,-14.840294,-3.543666708e-08
-27.507861,-14.840294,-2.023192689e-07
-26.575392,-14.840294,2.149658766e-08
-25.642922,-14.840294,-1.371140361e-07
-24.710452,-14.840294,2.204349216e-08
-23.777982,-14.840294,2.064403759e-08
-22.845512,-14.840294,-1.957618861e-07
-21.913042,-14.840294,7.245695368e-08
-20.980572,-14.840294,-1.489448959e-09
-20.048102,-14.840294,1.042851098e-07
-19.115633,-14.840294,1.133140115e-07
-18.183163,-14.840294,1.095104424e-07
-17.250693,-14.840294,1.517236897e-08
-16.318223,-14.840294,1.202292754e-07
-15.385753,-14.840294,1.026405009e-07
-14.453283,-14.840294,-1.939228001e-08
-13.520813,-14.840294,6.384938751e-09
-12.588343,-14.840294,1.168785928e-07
-11.655874,-14.840294,1.177390461e-07
-10.723404,-14.840294,1.891091613e-07
-9.790934,-14.840294,1.129825421e-07
-8.858464,-14.840294,9.179596327e-08
-7.925994,-14.840294,1.739167258e-07
-6.993524,-14.840294,1.694245933e-07
-6.061054,-14.840294,-1.150196063e-07
-5.128584,-14.840294,3.574470047e-08
-4.196114,-14.840294,5.584739989e-08
-3.263645,-14.840294,-3.057101860e-08
-2.331175,-14.840294,-8.659762903e-09
-1.398705,-14.840294,-9.221894849e-08
-0.466235,-14.840294,1.291651471e-07
0.466235,-14.840294,-2.721188420e-09
1.398705,-14.840294,-2.800109280e-08
2.331175,-14.840294,-9.445998857e-08
3.263645,-14.840294,2.577676112e-08
4.196114,-14.840294,5.116662784e-08
5.128584,-14.840294,-6.300280854e-08
6.061054,-14.840294,9.059143292e-08
6.993524,-14.840294,7.474901481e-08
7.925994,-14.840294,1.358289823e-07
8.858464,-14.840294,-7.919539139e-11
9.790934,-14.840294,8.289525960e-08
10.723404,-14.840294,-1.458656156e-07
11.655874,-14.840294,-1.052038980e-07
12.588343,-14.840294,-4.864199760e-09
13.520813,-14.840294,8.470774496e-09
14.453283,-14.840294,-2.524634415e-07
15.385753,-14.840294,-5.265986172e-09
16.318223,-14.840294,-2.435764846e-08
17.250693,-14.840294,-2.863138655e-08
18.183163,-14.840294,-1.844111944e-08
19.115633,-14.840294,1.737888867e-09
20.048102,-14.840294,1.490431596e-08
20.980572,-14.840294,-1.544206060e-08
21.913042,-14.840294,1.010961870e-07
22.845512,-14.840294,5.770783055e-08
23.777982,-14.840294,1.015037149e-07
24.710452,-14.840294,-1.204284601e-07
25.642922,-14.840294,-1.879524885e-09
26.575392,-14.840294,-1.124143226e-08
27.507861,-14.840294,-1.283788677e-07
28.440331,-14.840294,-4.254093508e-08
29.372801,-14.840294,-1.212789395e-07
-29.372801,-14.180725,1.448113373e-07
-28.440331,-14.180725,-4.747188220e-08
-27.507861,-14.180725,-1.766121373e-08
-26.575392,-14.180725,9.607859361e-08
-25.642922,-14.180725,3.135187999e-08
-24.710452,-14.180725,-7.761757978e-08
-23.777982,-14.180725,2.867002521e-08
-22.845512,-14.180725,-2.217890138e-07
-21.913042,-14.180725,7.304056275e-08
-20.980572,-14.180725,2.418236468e-08
-20.048102,-14.180725,-7.315162497e-08
-19.115633,-14.180725,-7.108577026e-09
-18.183163,-14.180725,1.486484436e-07
-17.250693,-14.180725,8.414501500e-08
-16.318223,-14.180725,1.870994773e-07
-15.385753,-14.180725,-8.185885499e-10
-14.453283,-14.180725,1.495870391e-07
-13.520813,-14.180725,2.072073635e-07
-12.588343,-14.180725,3.993567280e-07
-11.655874,-14.180725,3.018029552e-08
-10.723404,-14.180725,2.390501033e-08
-9.790934,-14.180725,1.849217401e-07
-8.858464,-14.180725,1.400201682e-07
-7.925994,-14.180725,1.483830260e-08
-6.993524,-14.180725,2.017479591e-08
-6.061054,-14.180725,5.518427261e-08
-5.128584,-14.180725,1.093272791e-08
-4.196114,-14.180725,-6.926610937e-09
-3.263645,-14.180725,-3.419864979e-08
-2.331175,-14.180725,3.484851676e-08
-1.398705,-14.180725,3.669309313e-08
-0.466235,-14.180725,-9.857464419e-08
0.466235,-14.180725,-2.566531816e-07
1.398705,-14.180725,4.298103209e-08
2.331175,-14.180725,-4.874012531e-08
3.263645,-14.180725,9.079466259e-09
4.196114,-14.180725,-5.063602908e-08
5.128584,-14.180725,-2.219893455e-09
6.061054,-14.180725,4.477156731e-08
6.993524,-14.180725,1.547290706e-07
7.925994,-14.180725,1.400016791e-07
8.858464,-14.180725,-1.213717817e-07
9.790934,-14.180725,3.771777995e-08
10.723404,-14.180725,5.665127284e-08
11.655874,-14.180725,-1.934034750e-07
12.588343,-14.180725,2.970176152e-07
13.520813,-14.180725,9.664910992e-09
14.453283,-14.180725,6.076833523e-08
15.385753,-14.180725,2.980239508e-08
16.318223,-14.180725,4.444846717e-08
17.250693,-14.180725,1.472529652e-08
18.183163,-14.180725,3.582965763e-08
19.115633,-14.180725,3.029508258e-08
20.048102,-14.180725,-1.611700269e-07
20.980572,-14.180725,2.306675515e-07
21.913042,-14.180725,2.004139561e-07
22.845512,-14.180725,3.246411348e-08
23.777982,-14.180725,-4.369917895e-09
24.710452,-14.180725,1.788328799e-07
25.642922,-14.180725,-1.434364383e-08
26.575392,-14.180725,4.178828293e-08
27.507861,-14.180725,3.830631082e-08
28.440331,-14.180725,-1.059367809e-07
29.372801,-14.180725,8.890505877e-08
-29.372801,-13.521157,-9.337911066e-09
-28.440331,-13.521157,3.050667172e-08
-27.507861,-13.521157,2.259407669e-08
-26.575392,-13.521157,-5.529486216e-08
-25.642922,-13.521157,-1.562404756e-07
-24.710452,-13.521157,-1.248824737e-07
-23.777982,-13.521157,3.765187184e-08
-22.845512,-13.521157,-1.641941154e-08
-21.913042,-13.521157,-6.918669449e-08
-20.980572,-13.521157,-1.459100502e-07
-20.048102,-13.521157,3.978763733e-08
-19.115633,-13.521157,4.872796561e-08
-18.183163,-13.521157,-5.014357778e-08
-17.250693,-13.521157,1.467319947e-07
-16.318223,-13.521157,1.047008542e-07
-15.385753,-13.521157,7.056482861e-08
-14.453283,-13.521157,-3.175658437e-08
-13.520813,-13.521157,1.776082071e-07
-12.588343,-13.521157,2.013088568e-07
-11.655874,-13.521157,1.803594404e-07
-10.723404,-13.521157,1.257566985e-08
-9.790934,-13.521157,1.147614093e-07
-8.858464,-13.521157,3.292825573e-09
-7.925994,-13.521157,1.019403996e-07
-6.993524,-13.521157,-1.749371785e-08
-6.061054,-13.521157,5.828095089e-08
-5.128584,-13.521157,1.033063338e-09
-4.196114,-13.521157,4.106262498e-08
-3.263645,-13.521157,-4.396417023e-08
-2.331175,-13.521157,-1.643152038e-08
-1.398705,-13.521157,-7.116889734e-08
-0.466235,-13.521157,8.007970935e-09
0.466235,-13.521157,-8.480074268e-08
1.398705,-13.521157,-1.266728787e-07
2.331175,-13.521157,8.034607915e-08
3.263645,-13.521157,-1.994156220e-09
4.196114,-13.521157,-5.254495883e-08
5.128584,-13.521157,6.173254990e-08
6.061054,-13.521157,-4.633772669e-08
6.993524,-13.521157,-1.162223595e-07
7.925994,-13.521157,1.780169052e-07
8.858464,-13.521157,1.342229888e-07
9.790934,-13.521157,-1.036625158e-07
10.723404,-13.521157,-1.687091595e-08
11.655874,-13.521157,-1.670610796e-08
12.588343,-13.521157,-3.655368125e-08
13.520813,-13.521157,-7.314346609e-08
14.453283,-13.521157,1.075818635e-07
15.385753,-13.521157,-1.850167707e-08
16.318223,-13.521157,-1.580281111e-07
17.250693,-13.521157,-2.270027141e-08
18.183163,-13.521157,3.921401072e-08
19.115633,-13.521157,3.192560749e-08
20.048102,-13.521157,9.732990621e-08
20.980572,-13.521157,6.555513495e-09
21.913042,-13.521157,5.861433590e-08
22.845512,-13.521157,2.969457083e-08
23.777982,-13.521157,2.699361389e-07
24.710452,-13.521157,5.737985153e-08
25.642922,-13.521157,1.062024757e-07
26.575392,-13.521157,-2.111837663e-09
27.507861,-13.521157,-4.552995629e-08
28.440331,-13.521157,-4.297938799e-08
29.372801,-13.521157,8.064267626e-08
-29.372801,-12.861588,-1.007887096e-08
-28.440331,-12.861588,-8.195776727e-09
-27.507861,-12.861588,4.444177330e-08
-26.575392,-12.861588,-1.421009574e-08
-25.642922,-12.861588,-2.213150836e-07
-24.710452,-12.861588,6.492763479e-08
-23.777982,-12.861588,-1.375072701e-07
-22.845512,-12.861588,-6.506129711e-08
-21.913042,-12.861588,-5.023835741e-08
-20.980572,-12.861588,7.193355641e-08
-20.048102,-12.861588,-1.115127131e-08
-19.115633,-12.861588,-1.347607667e-07
-18.183163,-12.861588,2.136147899e-07
-17.250693,-12.861588,1.462545858e-07
-16.318223,-12.861588,8.741648356e-08
-15.385753,-12.861588,-1.557651951e-08
-14.453283,-12.861588,2.173704730e-07
-13.520813,-12.861588,1.008687229e-07
-12.588343,-12.861588,-9.129734287e-08
-11.655874,-12.861588,-5.092490830e-08
-10.723404,-12.861588,-1.790105311e-07
-9.790934,-12.861588,-7.213645422e-08
-8.858464,-12.861588,2.512621578e-07
-7.925994,-12.861588,2.160634589e-09
-6.993524,-12.861588,2.395746308e-07
-6.061054,-12.861588,-8.001414220e-09
-5.128584,-12.861588,2.467206912e-08
-4.196114,-12.861588,3.833495255e-08
-3.263645,-12.861588,4.873966864e-08
-2.331175,-12.861588,1.886723566e-08
-1.398705,-12.861588,-1.290464419e-07
-0.466235,-12.861588,-4.083428190e-08
0.466235,-12.861588,5.075435858e-08
1.398705,-12.861588,-8.707517108e-08
2.331175,-12.861588,-1.022011614e-07
3.263645,-12.861588,4.499000841e-08
4.196114,-12.861588,4.933569488e-08
5.128584,-12.861588,-5.321441452e-08
6.061054,-12.861588,-5.465660802e-08
6.993524,-12.861588,-4.840991830e-08
7.925994,-12.861588,1.913022180e-07
8.858464,-12.861588,9.027794761e-08
9.790934,-12.861588,1.205419907e-07
10.723404,-12.861588,3.822889102e-08
11.655874,-12.861588,2.079886267e-07
12.588343,-12.861588,-1.438139524e-08
13.520813,-12.861588,1.613239520e-07
14.453283,-12.861588,-7.848654545e-08
15.385753,-12.861588,-3.761050930e-08
16.318223,-12.861588,1.284620348e-07
17.250693,-12.861588,-3.588093518e-08
18.183163,-12.861588,1.438434048e-07
19.115633,-12.861588,1.903033654e-07
20.048102,-12.861588,-1.758520023e-08
20.980572,-12.861588,1.935340181e-08
21.913042,-12.861588,7.717910084e-08
22.845512,-12.861588,2.086918644e-07
23.777982,-12.861588,3.468082177e-08
24.710452,-12.861588,1.152622536e-07
25.642922,-12.861588,7.617229541e-08
26.575392,-12.861588,5.210569140e-08
27.507861,-12.861588,-1.481801284e-07
28.440331,-12.861588,5.332338286e-08
29.372801,-12.861588,-2.229278710e-07
-29.372801,-12.202020,4.547744882e-09
-28.440331,-12.202020,-1.497266184e-07
-27.507861,-12.202020,-5.842377374e-08
-26.575392,-12.202020,1.166447511e-07
-25.642922,-12.202020,2.792576844e-08
-24.710452,-12.202020,6.086409419e-08
-23.777982,-12.202020,-6.732981363e-08
-22.845512,-12.202020,-9.455117605e-08
-21.913042,-12.202020,-1.518219717e-07
-20.980572,-12.202020,1.336586732e-07
-20.048102,-12.202020,-1.097649028e-08
-19.115633,-12.202020,1.500818927e-07
-18.183163,-12.202020,-5.599362507e-08
-17.250693,-12.202020,7.728233986e-09
-16.318223,-12.202020,-7.391966296e-08
-15.385753,-12.202020,1.509328648e-07
-14.453283,-12.202020,3.468859503e-08
-13.520813,-12.202020,1.051802523e-07
-12.588343,-12.202020,6.790903420e-08
-11.655874,-12.202020,9.037793783e-08
-10.723404,-12.202020,1.666221464e-07
-9.790934,-12.202020,7.153520687e-09
-8.858464,-12.202020,1.157087976e-07
-7.925994,-12.202020,6.909007014e-08
-6.993524,-12.202020,9.397528889e-08
-6.061054,-12.202020,7.880815824e-08
-5.128584,-12.202020,4.202454000e-08
-4.196114,-12.202020,1.121755632e-07
-3.263645,-12.202020,-1.839308885e-07
-2.331175,-12.202020,4.622391360e-08
-1.398705,-12.202020,1.695871318e-07
-0.466235,-12.202020,3.305599405e-07
0.466235,-12.202020,-9.003621776e-08
1.398705,-12.202020,-1.708741416e-07
2.331175,-12.202020,-1.456067104e-09
3.263645,-12.202020,9.075662292e-08
4.196114,-12.202020,-7.457571465e-08
5.128584,-12.202020,2.073256631e-07
6.061054,-12.202020,9.233558134e-08
6.993524,-12.202020,7.566874561e-08
7.925994,-12.202020,1.013760549e-07
8.858464,-12.202020,1.797610004e-08
9.790934,-12.202020,-1.447778592e-08
10.723404,-12.202020,-2.817825682e-08
11.655874,-12.202020,3.611360743e-08
12.588343,-12.202020,-5.670196816e-08
13.520813,-12.202020,-2.251026524e-08
14.453283,-12.202020,2.208364361e-08
15.385753,-12.202020,1.895191504e-07
16.318223,-12.202020,9.309275817e-08
17.250693,-12.202020,4.799003054e-08
18.183163,-12.202020,5.186128832e-08
19.115633,-12.202020,2.054658313e-08
20.048102,-12.202020,1.525630133e-07
20.980572,-12.202020,5.687828410e-08
21.913042,-12.202020,1.663288270e-07
22.845512,-12.202020,-2.995827601e-08
23.777982,-12.202020,1.849891696e-07
24.710452,-12.202020,4.974353454e-08
25.642922,-12.202020,9.359781750e-08
26.575392,-12.202020,-6.052667411e-08
27.507861,-12.202020,4.577214512e-08
28.440331,-12.202020,-8.173882530e-08
29.372801,-12.202020,7.305819567e-08
-29.372801,-11.542451,-2.448359866e-08
-28.440331,-11.542451,4.236483818e-08
-27.507861,-11.542451,-1.767011535e-07
-26.575392,-11.542451,-1.227499016e-08
-25.642922,-11.542451,-9.140910250e-08
-24.710452,-11.542451,2.752455513e-07
-23.777982,-11.542451,-1.733652531e-07
-22.845512,-11.542451,-9.499722514e-08
-21.913042,-11.542451,-6.659942788e-08
-20.980572,-11.542451,8.039208554e-08
-20.048102,-11.542451,1.230870369e-07
-19.115633,-11.542451,1.057189675e-07
-18.183163,-11.542451,3.104847709e-07
-17.250693,-11.542451,1.047749592e-07
-16.318223,-11.542451,-6.339727416e-08
-15.385753,-11.542451,2.678267558e-08
-14.453283,-11.542451,1.211527818e-07
-13.520813,-11.542451,1.538235831e-07
-12.588343,-11.542451,1.198851952e-07
-11.655874,-11.542451,5.464437549e-08
-10.723404,-11.542451,1.592135623e-07
-9.790934,-11.542451,-1.750704173e-08
-8.858464,-11.542451,2.309878691e-07
-7.925994,-11.542451,9.721529037e-08
-6.993524,-11.542451,5.380574051e-08
-6.061054,-11.542451,-9.478259500e-08
-5.128584,-11.542451,1.721505765e-08
-4.196114,-11.542451,9.861161727e-08
-3.263645,-11.542451,-4.784895638e-08
-2.331175,-11.542451,1.292330911e-07
-1.398705,-11.542451,-1.331898635e-08
-0.466235,-11.542451,1.039599918e-08
0.466235,-11.542451,1.311082722e-07
1.398705,-11.542451,3.418233072e-08
2.331175,-11.542451,-9.336454738e-08
3.263645,-11.542451,2.504586509e-08
4.196114,-11.542451,1.127556035e-07
5.128584,-11.542451,2.056247024e-07
6.061054,-11.542451,2.039593656e-07
6.993524,-11.542451,1.604677792e-07
7.925994,-11.542451,3.327188661e-08
8.858464,-11.542451,1.859929252e-07
9.790934,-11.542451,1.616515860e-07
10.723404,-11.542451,4.879486506e-08
11.655874,-11.542451,2.156475511e-07
12.588343,-11.542451,1.657741345e-07
13.520813,-11.542451,8.163229532e-08
14.453283,-11.542451,1.568420775e-07
15.385753,-11.542451,-2.440578813e-08
16.318223,-11.542451,-5.986725365e-09
17.250693,-11.542451,-1.200564429e-07
18.183163,-11.542451,1.774381236e-07
19.115633,-11.542451,1.981221295e-07
20.048102,-11.542451,9.671426928e-08
20.980572,-11.542451,-1.196525484e-07
21.913042,-11.542451,3.110062824e-08
22.845512,-11.542451,4.446128546e-08
23.777982,-11.542451,1.966836688e-08
24.710452,-11.542451,6.047843541e-10
25.642922,-11.542451,3.363953390e-08
26.575392,-11.542451,5.250820662e-08
27.507861,-11.542451,3.979852736e-08
28.440331,-11.542451,-1.158729275e-07
29.372801,-11.542451,1.052022166e-07
-29.372801,-10.882882,2.912926495e-07
-28.440331,-10.882882,-1.814679980e-08
-27.507861,-10.882882,-5.218177418e-08
-26.575392,-10.882882,1.241374903e-07
-25.642922,-10.882882,1.101329708e-08
-24.710452,-10.882882,1.913556099e-07
-23.777982,-10.882882,6.331041989e-08
-22.845512,-10.882882,6.885161630e-08
-21.913042,-10.882882,1.494533766e-07
-20.980572,-10.882882,1.134705010e-07
-20.048102,-10.882882,-1.708376458e-07
-19.115633,-10.882882,3.635691120e-08
-18.183163,-10.882882,9.822046861e-08
-17.250693,-10.882882,3.122166923e-07
-16.318223,-10.882882,4.251289693e-08
-15.385753,-10.882882,2.046737454e-07
-14.453283,-10.882882,2.842985862e-07
-13.520813,-10.882882,7.159890383e-08
-12.588343,-10.882882,6.054340405e-08
-11.655874,-10.882882,1.688624564e-07
-10.723404,-10.882882,2.111342796e-07
-9.790934,-10.882882,1.354132400e-07
-8.858464,-10.882882,9.589987508e-08
-7.925994,-10.882882,1.578868085e-07
-6.993524,-10.882882,-2.819949534e-08
-6.061054,-10.882882,7.036643117e-08
-5.128584,-10.882882,-2.295957525e-09
-4.196114,-10.882882,1.518124743e-08
-3.263645,-10.882882,-7.994469030e-08
-2.331175,-10.882882,2.741256870e-08
-1.398705,-10.882882,2.844668654e-08
-0.466235,-10.882882,-8.718657971e-08
0.466235,-10.882882,-8.129568216e-09
1.398705,-10.882882,-3.430669740e-08
2.331175,-10.882882,-1.491937230e-07
3.263645,-10.882882,4.278301635e-08
4.196114,-10.882882,5.340130217e-08
5.128584,-10.882882,1.363569844e-07
6.061054,-10.882882,2.935299577e-07
6.993524,-10.882882,1.581452758e-07
7.925994,-10.882882,1.253704590e-07
8.858464,-10.882882,-1.842453914e-08
9.790934,-10.882882,-1.271231913e-07
10.723404,-10.882882,1.070957525e-07
11.655874,-10.882882,6.616708341e-08
12.588343,-10.882882,-4.930340295e-08
13.520813,-10.882882,-4.674773564e-08
14.453283,-10.882882,-9.287970052e-08
15.385753,-10.882882,2.230904314e-08
16.318223,-10.882882,1.473622747e-07
17.250693,-10.882882,1.564124053e-07
18.183163,-10.882882,3.730546976e-08
19.115633,-10.882882,1.407949115e-07
20.048102,-10.882882,1.900474712e-07
20.980572,-10.882882,2.040777415e-07
21.913042,-10.882882,-5.837106826e-08
22.845512,-10.882882,4.599517274e-08
23.777982,-10.882882,1.334343513e-07
24.710452,-10.882882,-4.581801479e-08
25.642922,-10.882882,-8.615020065e-09
26.575392,-10.882882,1.220377343e-07
27.507861,-10.882882,1.496005693e-07
28.440331,-10.882882,7.527990798e-08
29.372801,-10.882882,-8.121909115e-09
-29.372801,-10.223314,9.757210939e-08
-28.440331,-10.223314,1.318227441e-07
-27.507861,-10.223314,6.896577076e-08
-26.575392,-10.223314,1.627697138e-07
-25.642922,-10.223314,-4.657652687e-09
-24.710452,-10.223314,6.866911603e-08
-23.777982,-10.223314,5.583285881e-08
-22.845512,-10.223314,-3.587665347e-09
-21.913042,-10.223314,1.549073276e-07
-20.980572,-10.223314,2.036992057e-07
-20.048102,-10.223314,5.720272837e-08
-19.115633,-10.223314,2.436237264e-07
-18.183163,-10.223314,-5.992659645e-09
-17.250693,-10.223314,-7.645840864e-08
-16.318223,-10.223314,1.874401137e-07
-15.385753,-10.223314,5.075943050e-08
-14.453283,-10.223314,-6.623273603e-08
-13.520813,-10.223314,1.091811336e-07
-12.588343,-10.223314,5.993647930e-08
-11.655874,-10.223314,9.139570148e-08
-10.723404,-10.223314,-1.062267874e-07
-9.790934,-10.223314,-4.385341433e-08
-8.858464,-10.223314,1.160706826e-07
-7.925994,-10.223314,5.975785326e-08
-6.993524,-10.223314,5.821383182e-09
-6.061054,-10.223314,-9.483190934e-08
-5.128584,-10.223314,1.687741957e-07
-4.196114,-10.223314,1.131995902e-07
-3.263645,-10.223314,1.906559053e-07
-2.331175,-10.223314,-2.481296321e-08
-1.398705,-10.223314,3.900979552e-08
-0.466235,-10.223314,-1.409090322e-08
0.466235,-10.223314,-6.222817386e-08
1.398705,-10.223314,1.480869001e-07
2.331175,-10.223314,1.008890390e-07
3.263645,-10.223314,-6.459182320e-08
4.196114,-10.223314,1.663512946e-08
5.128584,-10.223314,2.956982133e-07
6.061054,-10.223314,1.655458122e-07
6.993524,-10.223314,5.559109918e-09
7.925994,-10.223314,3.903888845e-08
8.858464,-10.223314,5.333418534e-08
9.790934,-10.223314,1.136113150e-07
10.723404,-10.223314,6.948263059e-08
11.655874,-10.223314,-8.120907995e-08
12.588343,-10.223314,4.286784147e-08
13.520813,-10.223314,1.046927610e-07
14.453283,-10.223314,2.093478482e-07
15.385753,-10.223314,7.098902284e-08
16.318223,-10.223314,6.436711688e-08
17.250693,-10.223314,-2.053592477e-08
18.183163,-10.223314,-8.975388290e-08
19.115633,-10.223314,7.089357003e-08
20.048102,-10.223314,7.984650848e-08
20.980572,-10.223314,1.694108890e-08
21.913042,-10.223314,8.175095320e-08
22.845512,-10.223314,-4.700112836e-08
23.777982,-10.223314,3.282052220e-07
24.710452,-10.223314,1.971273508e-07
25.642922,-10.223314,3.960114118e-08
26.575392,-10.223314,1.313994522e-07
27.507861,-10.223314,8.101698417e-08
28.440331,-10.223314,-1.551270363e-07
29.372801,-10.223314,2.657934900e-08
-29.372801,-9.563745,1.498098428e-07
-28.440331,-9.563745,2.064287505e-07
-27.507861,-9.563745,1.360048119e-07
-26.575392,-9.563745,4.483959293e-08
-25.642922,-9.563745,-6.880627651e-08
-24.710452,-9.563745,1.109636636e-07
-23.777982,-9.563745,-8.488194867e-08
-22.845512,-9.563745,1.103434759e-07
-21.913042,-9.563745,1.581838493e-07
-20.980572,-9.563745,2.624215334e-08
-20.048102,-9.563745,5.821769118e-08
-19.115633,-9.563745,1.002518068e-07
-18.183163,-9.563745,6.325137414e-08
-17.250693,-9.563745,-7.697217195e-08
-16.318223,-9.563745,-8.619027365e-08
-15.385753,-9.563745,1.665391667e-08
-14.453283,-9.563745,-9.560520301e-08
-13.520813,-9.563745,9.056055592e-08
-12.588343,-9.563745,4.912224209e-08
-11.655874,-9.563745,2.699055101e-08
-10.723404,-9.563745,-7.018789100e-08
-9.790934,-9.563745,-1.615294683e-07
-8.858464,-9.563745,4.213038979e-08
-7.925994,-9.563745,2.111456559e-07
-6.993524,-9.563745,2.272952300e-08
-6.061054,-9.563745,-7.467531073e-08
-5.128584,-9.563745,2.277850704e-07
-4.196114,-9.563745,4.490195464e-08
-3.263645,-9.563745,2.430655419e-07
-2.331175,-9.563745,2.073336833e-07
-1.398705,-9.563745,1.354912793e-07
-0.466235,-9.563745,1.581551933e-08
0.466235,-9.563745,-9.584870422e-08
1.398705,-9.563745,5.042106436e-08
2.331175,-9.563745,-7.971586228e-08
3.263645,-9.563745,-1.259505321e-07
4.196114,-9.563745,1.549301470e-07
5.128584,-9.563745,-3.845618378e-08
6.061054,-9.563745,-1.137159745e-07
6.993524,-9.563745,2.299390727e-07
7.925994,-9.563745,3.059462306e-08
8.858464,-9.563745,3.404308351e-08
9.790934,-9.563745,1.784825991e-07
10.723404,-9.563745,1.164729724e-07
11.655874,-9.563745,8.136562978e-08
12.588343,-9.563745,2.151022023e-07
13.520813,-9.563745,5.373295767e-08
14.453283,-9.563745,6.520377199e-08
15.385753,-9.563745,2.663676462e-07
16.318223,-9.563745,1.192452868e-07
17.250693,-9.563745,1.033093127e-07
18.183163,-9.563745,2.951239436e-07
19.115633,-9.563745,1.918872301e-07
20.048102,-9.563745,1.027356125e-07
20.980572,-9.563745,2.654924436e-07
21.913042,-9.563745,7.161354107e-08
22.845512,-9.563745,1.119531692e-07
23.777982,-9.563745,9.370121810e-08
24.710452,-9.563745,2.105623496e-07
25.642922,-9.563745,6.583663061e-08
26.575392,-9.563745,-2.651465519e-08
27.507861,-9.563745,2.784062720e-08
28.440331,-9.563745,-3.125559268e-08
29.372801,-9.563745,1.010359563e-07
-29.372801,-8.904176,1.671829629e-07
-28.440331,-8.904176,3.027058925e-07
-27.507861,-8.904176,2.058206354e-07
-26.575392,-8.904176,9.463419087e-08
-25.642922,-8.904176,1.151773516e-07
-24.710452,-8.904176,-2.579316703e-08
-23.777982,-8.904176,6.759881878e-08
-22.845512,-8.904176,1.849502412e-07
-21.913042,-8.904176,-1.048473521e-09
-20.980572,-8.904176,-6.338677557e-09
-20.048102,-8.904176,1.921917988e-07
-19.115633,-8.904176,1.851037777e-07
-18.183163,-8.904176,-9.940488193e-08
-17.250693,-8.904176,-1.749405713e-08
-16.318223,-8.904176,-1.293087357e-07
-15.385753,-8.904176,1.476594260e-07
-14.453283,-8.904176,-6.956169976e-08
-13.520813,-8.904176,2.145531973e-07
-12.588343,-8.904176,6.691662216e-08
-11.655874,-8.904176,1.660653926e-09
-10.723404,-8.904176,6.043937365e-09
-9.790934,-8.904176,9.144793360e-08
-8.858464,-8.904176,6.914568774e-08
-7.925994,-8.904176,1.027076730e-07
-6.993524,-8.904176,1.378073219e-07
-6.061054,-8.904176,9.132619857e-08
-5.128584,-8.904176,9.867277810e-08
-4.196114,-8.904176,-2.219642844e-08
-3.263645,-8.904176,1.255016326e-07
-2.331175,-8.904176,-3.468890243e-08
-1.398705,-8.904176,1.712168246e-07
-0.466235,-8.904176,-5.995002799e-08
0.466235,-8.904176,9.213335180e-08
1.398705,-8.904176,-1.244990584e-09
2.331175,-8.904176,1.092145405e-07
3.263645,-8.904176,2.038850795e-08
4.196114,-8.904176,7.042614422e-08
5.128584,-8.904176,6.874741090e-08
6.061054,-8.904176,3.917136969e-09
6.993524,-8.904176,4.809999839e-08
7.925994,-8.904176,1.312872653e-07
8.858464,-8.904176,1.425647642e-07
9.790934,-8.904176,2.106116823e-07
10.723404,-8.904176,9.223135481e-08
11.655874,-8.904176,4.576096626e-08
12.588343,-8.904176,1.079683480e-07
13.520813,-8.904176,4.399555248e-08
14.453283,-8.904176,1.794275630e-07
15.385753,-8.904176,2.871209628e-09
16.318223,-8.904176,5.170875677e-08
17.250693,-8.904176,7.914178422e-08
18.183163,-8.904176,3.846616191e-08
19.115633,-8.904176,-2.002937971e-08
20.048102,-8.904176,2.555477966e-07
20.980572,-8.904176,-1.269133468e-08
21.913042,-8.904176,1.061657293e-07
22.845512,-8.904176,1.347194185e-07
23.777982,-8.904176,-5.827857299e-08
24.710452,-8.904176,1.612596094e-07
25.642922,-8.904176,-5.642863949e-08
26.575392,-8.904176,5.159100066e-08
27.507861,-8.904176,-1.423658287e-09
28.440331,-8.904176,4.897327028e-08
29.372801,-8.904176,1.285313025e-08
-29.372801,-8.244608,1.356000960e-07
-28.440331,-8.244608,2.103012159e-07
-27.507861,-8.244608,9.957228041e-08
-26.575392,-8.244608,1.575286112e-07
-25.642922,-8.244608,1.899822708e-07
-24.710452,-8.244608,1.746738700e-07
-23.777982,-8.244608,6.026599872e-08
-22.845512,-8.244608,1.040842125e-09
-21.913042,-8.244608,1.513850491e-07
-20.980572,-8.244608,-9.246898792e-08
-20.048102,-8.244608,1.049797593e-07
-19.115633,-8.244608,1.350237680e-07
-18.183163,-8.244608,9.228938398e-08
-17.250693,-8.244608,3.580783619e-08
-16.318223,-8.244608,-1.036668405e-07
-15.385753,-8.244608,1.704971913e-07
-14.453283,-8.244608,1.401254165e-07
-13.520813,-8.244608,-1.332509368e-07
-12.588343,-8.244608,8.193790588e-09
-11.655874,-8.244608,1.952148551e-08
-10.723404,-8.244608,2.098149815e-07
-9.790934,-8.244608,1.824065266e-07
-8.858464,-8.244608,1.381037356e-07
-7.925994,-8.244608,-9.227668853e-08
-6.993524,-8.244608,1.387802185e-07
-6.061054,-8.244608,-6.247231725e-08
-5.128584,-8.244608,-6.797240186e-08
-4.196114,-8.244608,1.399689869e-07
-3.263645,-8.244608,1.318244931e-07
-2.331175,-8.244608,3.208000148e-07
-1.398705,-8.244608,9.010191312e-08
-0.466235,-8.244608,-2.233581099e-07
0.466235,-8.244608,-9.068560029e-08
1.398705,-8.244608,1.226147415e-07
2.331175,-8.244608,9.857968230e-08
3.263645,-8.244608,3.922333299e-08
4.196114,-8.244608,3.957641032e-08
5.128584,-8.244608,-5.497685442e-08
6.061054,-8.244608,6.094642172e-08
6.993524,-8.244608,-2.244185952e-08
7.925994,-8.244608,-1.275830880e-08
8.858464,-8.244608,1.140689494e-07
9.790934,-8.244608,-3.001441424e-08
10.723404,-8.244608,1.249810509e-07
11.655874,-8.244608,2.161888660e-07
12.588343,-8.244608,-3.187149926e-09
13.520813,-8.244608,1.147524959e-07
14.453283,-8.244608,9.159935999e-08
15.385753,-8.244608,1.089740733e-07
16.318223,-8.244608,1.939730682e-07
17.250693,-8.244608,1.435662347e-08
18.183163,-8.244608,7.362900733e-08
19.115633,-8.244608,1.456702659e-07
20.048102,-8.244608,3.001952984e-08
20.980572,-8.244608,2.352289069e-08
21.913042,-8.244608,-7.225060805e-08
22.845512,-8.244608,3.891445933e-08
23.777982,-8.244608,-8.076886157e-08
24.710452,-8.244608,1.041447547e-07
25.642922,-8.244608,2.240337211e-08
26.575392,-8.244608,1.615145962e-07
27.507861,-8.244608,-1.032944955e-07
28.440331,-8.244608,1.434157343e-07
29.372801,-8.244608,1.093389392e-08
-29.372801,-7.585039,1.368092932e-07
-28.440331,-7.585039,5.280771097e-08
-27.507861,-7.585039,3.043048354e-07
-26.575392,-7.585039,1.796809848e-08
-25.642922,-7.585039,-2.451831989e-08
-24.710452,-7.585039,9.050874356e-08
-23.777982,-7.585039,1.859504102e-07
-22.845512,-7.585039,7.112186112e-08
-21.913042,-7.585039,5.714051545e-08
-20.980572,-7.585039,1.538577664e-07
-20.048102,-7.585039,4.612456647e-08
-19.115633,-7.585039,1.002019591e-07
-18.183163,-7.585039,2.313069556e-08
-17.250693,-7.585039,1.395527452e-07
-16.318223,-7.585039,2.633661401e-09
-15.385753,-7.585039,-1.244980877e-07
-14.453283,-7.585039,7.533233111e-08
-13.520813,-7.585039,-1.758203846e-09
-12.588343,-7.585039,1.034838024e-07
-11.655874,-7.585039,1.728137938e-07
-10.723404,-7.585039,-2.540161298e-08
-9.790934,-7.585039,4.921518777e-08
-8.858464,-7.585039,6.596174559e-08
-7.925994,-7.585039,1.452828714e-08
-6.993524,-7.585039,3.961001663e-08
-6.061054,-7.585039,8.025189148e-10
-5.128584,-7.585039,2.392325620e-07
-4.196114,-7.585039,2.489993310e-07
-3.263645,-7.585039,5.332061997e-08
-2.331175,-7.585039,1.441431805e-07
-1.398705,-7.585039,8.417888166e-08
-0.466235,-7.585039,5.940329686e-08
0.466235,-7.585039,-3.763229023e-08
1.398705,-7.585039,-7.903282942e-09
2.331175,-7.585039,-7.388883685e-08
3.263645,-7.585039,-1.366793430e-07
4.196114,-7.585039,4.308698982e-08
5.128584,-7.585039,-9.504471798e-08
6.061054,-7.585039,6.908817152e-08
6.993524,-7.585039,1.644803217e-07
7.925994,-7.585039,-1.629870107e-07
8.858464,-7.585039,-1.240485422e-07
9.790934,-7.585039,-2.800707635e-08
10.723404,-7.585039,1.455990108e-07
11.655874,-7.585039,-4.990045547e-08
12.588343,-7.585039,1.547784210e-07
13.520813,-7.585039,2.435779001e-07
14.453283,-7.585039,2.023649258e-07
15.385753,-7.585039,4.361489602e-08
16.318223,-7.585039,-1.280583592e-07
17.250693,-7.585039,1.440840687e-07
18.183163,-7.585039,1.187653894e-07
19.115633,-7.585039,2.588791192e-07
20.048102,-7.585039,1.402718580e-07
20.980572,-7.585039,-7.874826012e-08
21.913042,-7.585039,2.115980785e-07
22.845512,-7.585039,-9.663412725e-08
23.777982,-7.585039,-1.264319186e-07
24.710452,-7.585039,-2.249596981e-08
25.642922,-7.585039,-8.060318659e-08
26.575392,-7.585039,8.704917229e-08
27.507861,-7.585039,1.026703295e-07
28.440331,-7.585039,-1.391811962e-07
29.372801,-7.585039,5.297123481e-10
-29.372801,-6.925471,1.462356239e-07
-28.440331,-6.925471,2.880725969e-07
-27.507861,-6.925471,9.047986831e-08
-26.575392,-6.925471,1.362983629e-07
-25.642922,-6.925471,3.530669054e-08
-24.710452,-6.925471,2.657459086e-07
-23.777982,-6.925471,1.607507279e-07
-22.845512,-6.925471,8.624957247e-08
-21.913042,-6.925471,5.048321763e-08
-20.980572,-6.925471,-2.621941574e-08
-20.048102,-6.925471,1.662624155e-08
-19.115633,-6.925471,-7.562210194e-09
-18.183163,-6.925471,1.759129502e-08
-17.250693,-6.925471,1.629582816e-07
-16.318223,-6.925471,-1.364096862e-08
-15.385753,-6.925471,1.155498126e-08
-14.453283,-6.925471,1.548713846e-07
-13.520813,-6.925471,-3.804063610e-08
-12.588343,-6.925471,1.095352075e-07
-11.655874,-6.925471,2.468856501e-09
-10.723404,-6.925471,-3.330818023e-08
-9.790934,-6.925471,9.316413212e-08
-8.858464,-6.925471,4.824186678e-08
-7.925994,-6.925471,6.250072891e-08
-6.993524,-6.925471,2.830355084e-08
-6.061054,-6.925471,-3.270125151e-08
-5.128584,-6.925471,6.921543717e-08
-4.196114,-6.925471,8.967543216e-08
-3.263645,-6.925471,-1.281531351e-07
-2.331175,-6.925471,2.091288505e-07
-1.398705,-6.925471,1.320961663e-07
-0.466235,-6.925471,-3.743221040e-08
0.466235,-6.925471,1.234827491e-07
1.398705,-6.925471,2.096412332e-08
2.331175,-6.925471,3.471737387e-08
3.263645,-6.925471,-7.984925194e-08
4.196114,-6.925471,-7.033051037e-10
5.128584,-6.925471,-1.351696693e-07
6.061054,-6.925471,-2.351228241e-07
6.993524,-6.925471,6.146829876e-09
7.925994,-6.925471,-1.859073532e-08
8.858464,-6.925471,1.620453480e-07
9.790934,-6.925471,4.202483977e-08
10.723404,-6.925471,2.815680348e-08
11.655874,-6.925471,2.908240358e-08
12.588343,-6.925471,5.665953847e-09
13.520813,-6.925471,1.268340446e-07
14.453283,-6.925471,2.458419541e-07
15.385753,-6.925471,-8.474489168e-08
16.318223,-6.925471,2.688855347e-07
17.250693,-6.925471,1.838556707e-07
18.183163,-6.925471,-9.777857113e-09
19.115633,-6.925471,-1.320827575e-07
20.048102,-6.925471,1.042324372e-07
20.980572,-6.925471,-5.170989090e-08
21.913042,-6.925471,-1.120284047e-07
22.845512,-6.925471,-5.910497923e-08
23.777982,-6.925471,8.721397484e-08
24.710452,-6.925471,2.578497966e-08
25.642922,-6.925471,-1.748436007e-07
26.575392,-6.925471,4.993034788e-08
27.507861,-6.925471,1.380155860e-07
28.440331,-6.925471,-1.158099615e-07
29.372801,-6.925471,-3.381144866e-08
-29.372801,-6.265902,1.218039295e-07
-28.440331,-6.265902,1.490785631e-07
-27.507861,-6.265902,1.029299989e-07
-26.575392,-6.265902,1.929807076e-07
-25.642922,-6.265902,5.406293526e-09
-24.710452,-6.265902,1.817512223e-07
-23.777982,-6.265902,-3.171757164e-09
-22.845512,-6.265902,3.118884806e-08
-21.913042,-6.265902,2.082573595e-07
-20.980572,-6.265902,1.661282935e-08
-20.048102,-6.265902,4.082236135e-08
-19.115633,-6.265902,-1.758914736e-08
-18.183163,-6.265902,-1.174094089e-08
-17.250693,-6.265902,5.551550545e-09
-16.318223,-6.265902,-1.990075977e-07
-15.385753,-6.265902,-1.670924724e-08
-14.453283,-6.265902,-1.312031297e-07
-13.520813,-6.265902,7.275816702e-08
-12.588343,-6.265902,-7.038272022e-09
-11.655874,-6.265902,-5.333001164e-08
-10.723404,-6.265902,-7.318289360e-08
-9.790934,-6.265902,-8.566168259e-08
-8.858464,-6.265902,1.393416740e-08
-7.925994,-6.265902,-8.358586020e-09
-6.993524,-6.265902,1.443061749e-07
-6.061054,-6.265902,4.223018521e-08
-5.128584,-6.265902,1.396267369e-07
-4.196114,-6.265902,2.837440619e-07
-3.263645,-6.265902,7.869461091e-08
-2.331175,-6.265902,1.150804836e-07
-1.398705,-6.265902,2.321938684e-08
-0.466235,-6.265902,3.522846403e-08
0.466235,-6.265902,-1.767861243e-07
1.398705,-6.265902,-6.674149086e-08
2.331175,-6.265902,-8.419446075e-08
3.263645,-6.265902,-9.045723287e-08
4.196114,-6.265902,-1.234018035e-07
5.128584,-6.265902,-7.734439075e-08
6.061054,-6.265902,-3.689626589e-08
6.993524,-6.265902,1.901345518e-07
7.925994,-6.265902,-6.501180352e-09
8.858464,-6.265902,7.404191057e-09
9.790934,-6.265902,3.145957259e-08
10.723404,-6.265902,8.326937314e-08
11.655874,-6.265902,2.431406499e-07
12.588343,-6.265902,2.393454699e-07
13.520813,-6.265902,1.247555579e-07
14.453283,-6.265902,2.139235981e-07
15.385753,-6.265902,6.711801700e-08
16.318223,-6.265902,2.094510444e-07
17.250693,-6.265902,-2.801880699e-09
18.183163,-6.265902,1.427340894e-07
19.115633,-6.265902,-8.335265513e-09
20.048102,-6.265902,-2.010079299e-07
20.980572,-6.265902,1.027879210e-08
21.913042,-6.265902,7.885835308e-10
22.845512,-6.265902,-6.579094911e-08
23.777982,-6.265902,3.348675689e-09
24.710452,-6.265902,1.262622420e-07
25.642922,-6.265902,2.697880546e-08
26.575392,-6.265902,-5.292009963e-08
27.507861,-6.265902,-6.196630632e-08
28.440331,-6.265902,-1.617531806e-07
29.372801,-6.265902,7.661881711e-09
-29.372801,-5.606333,2.110067255e-07
-28.440331,-5.606333,-3.786015962e-08
-27.507861,-5.606333,1.593138640e-07
-26.575392,-5.606333,2.555116897e-07
-25.642922,-5.606333,1.023894442e-07
-24.710452,-5.606333,-1.016528009e-08
-23.777982,-5.606333,-1.378613709e-07
-22.845512,-5.606333,2.560813109e-07
-21.913042,-5.606333,2.146477824e-07
-20.980572,-5.606333,-4.810785356e-08
-20.048102,-5.606333,-1.590311983e-07
-19.115633,-5.606333,9.808834631e-10
-18.183163,-5.606333,-1.249270293e-07
-17.250693,-5.606333,-2.055573903e-08
-16.318223,-5.606333,9.494337232e-08
-15.385753,-5.606333,-1.240005363e-07
-14.453283,-5.606333,-8.126098900e-08
-13.520813,-5.606333,-9.167475207e-08
-12.588343,-5.606333,3.238646703e-08
-11.655874,-5.606333,-7.075960602e-08
-10.723404,-5.606333,-4.155006264e-08
-9.790934,-5.606333,1.234289523e-07
-8.858464,-5.606333,5.287512657e-09
-7.925994,-5.606333,5.871301044e-08
-6.993524,-5.606333,6.595171783e-08
-6.061054,-5.606333,2.082407023e-08
-5.128584,-5.606333,6.464263963e-08
-4.196114,-5.606333,-3.330086706e-08
-3.263645,-5.606333,1.303041377e-08
-2.331175,-5.606333,4.231627792e-08
-1.398705,-5.606333,8.103428750e-08
-0.466235,-5.606333,-3.503425527e-08
0.466235,-5.606333,1.142123883e-07
1.398705,-5.606333,-5.256069794e-08
2.331175,-5.606333,-7.173028125e-08
3.263645,-5.606333,-4.881586083e-08
4.196114,-5.606333,-5.791060846e-08
5.128584,-5.606333,-5.263021149e-08
6.061054,-5.606333,1.394790907e-07
6.993524,-5.606333,-1.706883316e-08
7.925994,-5.606333,-1.401334527e-07
8.858464,-5.606333,2.520058762e-08
9.790934,-5.606333,1.045597455e-07
10.723404,-5.606333,1.086211619e-07
11.655874,-5.606333,1.050637666e-07
12.588343,-5.606333,2.110331186e-07
13.520813,-5.606333,1.593983466e-07
14.453283,-5.606333,2.136785329e-07
15.385753,-5.606333,-5.375532740e-08
16.318223,-5.606333,6.814251429e-08
17.250693,-5.606333,1.093766236e-08
18.183163,-5.606333,-2.064416506e-08
19.115633,-5.606333,4.927766252e-08
20.048102,-5.606333,4.430608439e-08
20.980572,-5.606333,1.998285440e-08
21.913042,-5.606333,-2.366465289e-08
22.845512,-5.606333,-7.482046073e-08
23.777982,-5.606333,-3.139953510e-08
24.710452,-5.606333,-1.531596941e-07
25.642922,-5.606333,-5.817175641e-08
26.575392,-5.606333,4.334489830e-08
27.507861,-5.606333,1.249382358e-07
28.440331,-5.606333,-7.198383895e-08
29.372801,-5.606333,-2.208326878e-07
-29.372801,-4.946765,1.048418214e-07
-28.440331,-4.946765,-1.954677400e-08
-27.507861,-4.946765,7.585547874e-08
-26.575392,-4.946765,-1.124173111e-07
-25.642922,-4.946765,8.327104873e-08
-24.710452,-4.946765,-6.518083630e-09
-23.777982,-4.946765,2.685486680e-08
-22.845512,-4.946765,-7.242077949e-08
-21.913042,-4.946765,4.571152655e-08
-20.980572,-4.946765,1.517173984e-08
-20.048102,-4.946765,-1.269473790e-07
-19.115633,-4.946765,2.965641025e-09
-18.183163,-4.946765,-1.283505146e-07
-17.250693,-4.946765,-1.186372449e-07
-16.318223,-4.946765,3.824971038e-09
-15.385753,-4.946765,-1.232116077e-08
-14.453283,-4.946765,-2.118765310e-07
-13.520813,-4.946765,1.522637057e-09
-12.588343,-4.946765,-6.423014002e-08
-11.655874,-4.946765,-3.373567504e-08
-10.723404,-4.946765,-2.102686316e-07
-9.790934,-4.946765,1.100282187e-07
-8.858464,-4.946765,-6.744983055e-08
-7.925994,-4.946765,2.622077867e-08
-6.993524,-4.946765,6.771262474e-08
-6.061054,-4.946765,-1.179928340e-07
-5.128584,-4.946765,-9.155678502e-09
-4.196114,-4.946765,6.540073087e-08
-3.263645,-4.946765,1.473080204e-07
-2.331175,-4.946765,2.331108913e-07
-1.398705,-4.946765,2.914294767e-08
-0.466235,-4.946765,-1.775048113e-07
0.466235,-4.946765,4.410793084e-08
1.398705,-4.946765,1.462076106e-07
2.331175,-4.946765,-1.521907873e-07
3.263645,-4.946765,-8.707842613e-08
4.196114,-4.946765,-3.252313482e-08
5.128584,-4.946765,5.757880994e-09
6.061054,-4.946765,-7.042859799e-08
6.993524,-4.946765,3.970031287e-08
7.925994,-4.946765,5.226627984e-08
8.858464,-4.946765,-6.715752448e-08
9.790934,-4.946765,5.271295470e-08
10.723404,-4.946765,-3.634037066e-08
11.655874,-4.946765,-3.844177262e-08
12.588343,-4.946765,-8.193735649e-08
13.520813,-4.946765,5.393951824e-08
14.453283,-4.946765,2.703443215e-08
15.385753,-4.946765,2.084568839e-07
16.318223,-4.946765,2.137086622e-07
17.250693,-4.946765,1.827929394e-07
18.183163,-4.946765,1.231545350e-07
19.115633,-4.946765,3.318966219e-08
20.048102,-4.946765,1.437400338e-08
20.980572,-4.946765,1.549414380e-07
21.913042,-4.946765,-1.876309118e-08
22.845512,-4.946765,-5.971014344e-08
23.777982,-4.946765,1.084176049e-07
24.710452,-4.946765,8.066722996e-08
25.642922,-4.946765,-9.514560356e-08
26.575392,-4.946765,-6.044186910e-09
27.507861,-4.946765,-4.485583519e-08
28.440331,-4.946765,-1.759157692e-07
29.372801,-4.946765,-1.651359491e-08
-29.372801,-4.287196,1.054562949e-07
-28.440331,-4.287196,1.054074477e-07
-27.507861,-4.287196,-8.930159518e-08
-26.575392,-4.287196,3.316294206e-09
-25.642922,-4.287196,-8.009856180e-08
-24.710452,-4.287196,2.705136016e-08
-23.777982,-4.287196,7.183601848e-08
-22.845512,-4.287196,-5.412351600e-08
-21.913042,-4.287196,-1.369448298e-07
-20.980572,-4.287196,-5.748053646e-08
-20.048102,-4.287196,-9.501004010e-08
-19.115633,-4.287196,-8.013904805e-08
-18.183163,-4.287196,-9.328248845e-08
-17.250693,-4.287196,-5.189768583e-09
-16.318223,-4.287196,-1.831099735e-07
-15.385753,-4.287196,-8.277877750e-08
-14.453283,-4.287196,-1.315613216e-07
-13.520813,-4.287196,-1.398203923e-07
-12.588343,-4.287196,-1.290967763e-07
-11.655874,-4.287196,2.958600299e-08
-10.723404,-4.287196,-7.802074693e-08
-9.790934,-4.287196,-3.983471861e-08
-8.858464,-4.287196,-1.108356025e-08
-7.925994,-4.287196,-1.554896604e-07
-6.993524,-4.287196,-1.374970287e-07
-6.061054,-4.287196,2.240507356e-07
-5.128584,-4.287196,3.050974994e-08
-4.196114,-4.287196,-1.248439067e-08
-3.263645,-4.287196,1.017366479e-07
-2.331175,-4.287196,2.235683210e-07
-1.398705,-4.287196,8.570420288e-08
-0.466235,-4.287196,9.878134573e-08
0.466235,-4.287196,1.359551318e-07
1.398705,-4.287196,-8.371860951e-08
2.331175,-4.287196,4.472546673e-08
3.263645,-4.287196,-8.331336586e-08
4.196114,-4.287196,-1.862121459e-07
5.128584,-4.287196,4.325790819e-08
6.061054,-4.287196,-1.118729435e-07
6.993524,-4.287196,-3.911085818e-08
7.925994,-4.287196,1.240344071e-08
8.858464,-4.287196,1.389963813e-07
9.790934,-4.287196,8.503205385e-09
10.723404,-4.287196,8.356750215e-08
11.655874,-4.287196,6.899690195e-08
12.588343,-4.287196,7.955932199e-09
13.520813,-4.287196,1.621534827e-07
14.453283,-4.287196,1.334789491e-07
15.385753,-4.287196,9.169315994e-08
16.318223,-4.287196,1.075463268e-08
17.250693,-4.287196,1.397803320e-07
18.183163,-4.287196,-1.408464935e-07
19.115633,-4.287196,1.037834257e-07
20.048102,-4.287196,7.986039267e-08
20.980572,-4.287196,2.020352421e-07
21.913042,-4.287196,-1.780392708e-07
22.845512,-4.287196,-4.197243996e-08
23.777982,-4.287196,-1.133962538e-10
24.710452,-4.287196,1.037313764e-07
25.642922,-4.287196,-2.402913965e-08
26.575392,-4.287196,4.156219937e-08
27.507861,-4.287196,7.402898980e-08
28.440331,-4.287196,-7.563536436e-08
29.372801,-4.287196,-4.065104777e-08
-29.372801,-3.627627,2.760443863e-08
-28.440331,-3.627627,3.563092069e-08
-27.507861,-3.627627,-9.216629443e-08
-26.575392,-3.627627,-2.538328634e-07
-25.642922,-3.627627,9.720820139e-08
-24.710452,-3.627627,-1.179548966e-08
-23.777982,-3.627627,-1.953177302e-07
-22.845512,-3.627627,-1.696590150e-07
-21.913042,-3.627627,-2.126323790e-07
-20.980572,-3.627627,-1.525287937e-07
-20.048102,-3.627627,-2.826894514e-07
-19.115633,-3.627627,-3.095534741e-08
-18.183163,-3.627627,-4.850966502e-08
-17.250693,-3.627627,-1.588603197e-07
-16.318223,-3.627627,-3.726938026e-07
-15.385753,-3.627627,-2.404353875e-08
-14.453283,-3.627627,-1.422902169e-07
-13.520813,-3.627627,-1.590347371e-07
-12.588343,-3.627627,-3.410812824e-09
-11.655874,-3.627627,-1.121724092e-07
-10.723404,-3.627627,3.042045766e-08
-9.790934,-3.627627,-1.232914442e-07
-8.858464,-3.627627,-3.038415705e-08
-7.925994,-3.627627,-6.697888472e-09
-6.993524,-3.627627,9.048966698e-08
-6.061054,-3.627627,-4.355564316e-08
-5.128584,-3.627627,6.580163857e-08
-4.196114,-3.627627,1.846050090e-07
-3.263645,-3.627627,1.081176364e-07
-2.331175,-3.627627,1.160328739e-07
-1.398705,-3.627627,6.378469608e-08
-0.466235,-3.627627,-1.207964130e-07
0.466235,-3.627627,-1.002001060e-07
1.398705,-3.627627,-4.971376695e-08
2.331175,-3.627627,-5.135351751e-08
3.263645,-3.627627,4.373441261e-08
4.196114,-3.627627,8.214804259e-08
5.128584,-3.627627,1.837723703e-08
6.061054,-3.627627,-1.165917238e-07
6.993524,-3.627627,-7.044630144e-08
7.925994,-3.627627,6.010093116e-08
8.858464,-3.627627,2.199559419e-08
9.790934,-3.627627,1.104497048e-07
10.723404,-3.627627,6.450802361e-08
11.655874,-3.627627,-3.922768206e-08
12.588343,-3.627627,1.614575731e-07
13.520813,-3.627627,-5.580641621e-08
14.453283,-3.627627,-1.460805086e-08
15.385753,-3.627627,1.137123737e-07
16.318223,-3.627627,1.877078160e-07
17.250693,-3.627627,1.452639930e-07
18.183163,-3.627627,-1.033376303e-07
19.115633,-3.627627,1.028760985e-08
20.048102,-3.627627,-9.958493956e-08
20.980572,-3.627627,-1.571681100e-07
21.913042,-3.627627,-4.677158991e-08
22.845512,-3.627627,-2.250111278e-08
23.777982,-3.627627,8.176386198e-08
24.710452,-3.627627,1.553609538e-08
25.642922,-3.627627,-1.780606920e-07
26.575392,-3.627627,4.973850859e-08
27.507861,-3.627627,9.792638801e-09
28.440331,-3.627627,9.889693692e-08
29.372801,-3.627627,-3.359337606e-08
-29.372801,-2.968059,-4.689045885e-08
-28.440331,-2.968059,-6.187104932e-09
-27.507861,-2.968059,-1.617566553e-07
-26.575392,-2.968059,4.677801230e-08
-25.642922,-2.968059,-3.434563076e-07
-24.710452,-2.968059,1.015838893e-07
-23.777982,-2.968059,-1.086205258e-07
-22.845512,-2.968059,-1.243955467e-08
-21.913042,-2.968059,-1.814615108e-08
-20.980572,-2.968059,-1.212985366e-07
-20.048102,-2.968059,-1.555019384e-07
-19.115633,-2.968059,-1.181035308e-07
-18.183163,-2.968059,-1.727330399e-07
-17.250693,-2.968059,-1.038306379e-07
-16.318223,-2.968059,1.018088694e-08
-15.385753,-2.968059,-1.002704484e-07
-14.453283,-2.968059,1.565363103e-08
-13.520813,-2.968059,-3.540971049e-08
-12.588343,-2.968059,-6.337634671e-08
-11.655874,-2.968059,-1.286697805e-08
-10.723404,-2.968059,-1.438303006e-07
-9.790934,-2.968059,-1.774720078e-08
-8.858464,-2.968059,1.439514026e-07
-7.925994,-2.968059,-1.333387338e-08
-6.993524,-2.968059,1.386363191e-07
-6.061054,-2.968059,6.234528331e-08
-5.128584,-2.968059,6.318523226e-08
-4.196114,-2.968059,8.581593443e-08
-3.263645,-2.968059,-1.610724347e-08
-2.331175,-2.968059,9.768379030e-09
-1.398705,-2.968059,-6.008824663e-08
-0.466235,-2.968059,8.689171316e-08
0.466235,-2.968059,8.508071407e-08
1.398705,-2.968059,-1.487090837e-07
2.331175,-2.968059,7.808616592e-08
3.263645,-2.968059,-1.373250550e-07
4.196114,-2.968059,3.097832592e-08
5.128584,-2.968059,-3.594310000e-08
6.061054,-2.968059,8.154945526e-08
6.993524,-2.968059,4.510882198e-08
7.925994,-2.968059,-6.366392677e-08
8.858464,-2.968059,1.675681966e-07
9.790934,-2.968059,4.191165362e-08
10.723404,-2.968059,-1.101508652e-07
11.655874,-2.968059,4.422702212e-08
12.588343,-2.968059,-4.904198378e-08
13.520813,-2.968059,1.084954268e-07
14.453283,-2.968059,3.819999278e-08
15.385753,-2.968059,2.873909950e-08
16.318223,-2.968059,1.412662339e-07
17.250693,-2.968059,-6.313697551e-08
18.183163,-2.968059,-6.599599318e-08
19.115633,-2.968059,-6.179640380e-08
20.048102,-2.968059,-6.548347317e-08
20.980572,-2.968059,-2.930251998e-08
21.913042,-2.968059,1.546295671e-07
22.845512,-2.968059,6.184861684e-08
23.777982,-2.968059,1.628637283e-07
24.710452,-2.968059,8.725285861e-08
25.642922,-2.968059,2.458407064e-08
26.575392,-2.968059,-3.525734484e-08
27.507861,-2.968059,2.832943448e-08
28.440331,-2.968059,1.294119956e-08
29.372801,-2.968059,-3.716305424e-08
-29.372801,-2.308490,-9.636818493e-08
-28.440331,-2.308490,-1.424711373e-07
-27.507861,-2.308490,-2.721903704e-08
-26.575392,-2.308490,2.084655636e-07
-25.642922,-2.308490,-1.667150406e-07
-24.710452,-2.308490,1.176865852e-07
-23.777982,-2.308490,-2.511662146e-07
-22.845512,-2.308490,-1.659102700e-07
-21.913042,-2.308490,-1.390397855e-07
-20.980572,-2.308490,-1.366070067e-07
-20.048102,-2.308490,-4.419297047e-08
-19.115633,-2.308490,1.659094270e-08
-18.183163,-2.308490,-7.556781110e-08
-17.250693,-2.308490,-2.173063676e-07
-16.318223,-2.308490,-2.061249694e-07
-15.385753,-2.308490,-1.308931479e-07
-14.453283,-2.308490,4.095564143e-08
-13.520813,-2.308490,-1.983176258e-07
-12.588343,-2.308490,-2.673892334e-07
-11.655874,-2.308490,5.845336758e-08
-10.723404,-2.308490,8.081293062e-08
-9.790934,-2.308490,-2.187888066e-07
-8.858464,-2.308490,6.514562291e-08
-7.925994,-2.308490,1.325648297e-07
-6.993524,-2.308490,-5.792264971e-08
-6.061054,-2.308490,8.848045110e-08
-5.128584,-2.308490,-7.884235269e-08
-4.196114,-2.308490,-2.533846695e-08
-3.263645,-2.308490,3.511052379e-08
-2.331175,-2.308490,-9.785567168e-08
-1.398705,-2.308490,-5.768835790e-08
-0.466235,-2.308490,-2.192794313e-08
0.466235,-2.308490,-3.181144279e-08
1.398705,-2.308490,8.869373236e-08
2.331175,-2.308490,-3.777591575e-08
3.263645,-2.308490,-6.600141837e-10
4.196114,-2.308490,4.834400172e-08
5.128584,-2.308490,-2.145618402e-07
6.061054,-2.308490,-5.382634780e-08
6.993524,-2.308490,-1.488417756e-07
7.925994,-2.308490,-1.184569220e-07
8.858464,-2.308490,-1.589980652e-07
9.790934,-2.308490,-1.401963920e-07
10.723404,-2.308490,-9.010556484e-08
11.655874,-2.308490,9.652677055e-08
12.588343,-2.308490,1.545971093e-07
13.520813,-2.308490,-1.473091120e-08
14.453283,-2.308490,2.206473057e-08
15.385753,-2.308490,1.694841867e-07
16.318223,-2.308490,1.385331878e-07
17.250693,-2.308490,6.042534557e-08
18.183163,-2.308490,1.920237956e-07
19.115633,-2.308490,3.597958124e-08
20.048102,-2.308490,1.568335395e-07
20.980572,-2.308490,-5.007214413e-09
21.913042,-2.308490,5.500224205e-08
22.845512,-2.308490,-2.282050374e-08
23.777982,-2.308490,-1.692963315e-08
24.710452,-2.308490,2.067203105e-09
25.642922,-2.308490,1.450991204e-07
26.575392,-2.308490,6.596429786e-08
27.507861,-2.308490,-9.891401169e-08
28.440331,-2.308490,1.354665769e-07
29.372801,-2.308490,1.346155315e-07
-29.372801,-1.648922,-3.430581175e-08
-28.440331,-1.648922,-2.844839306e-08
-27.507861,-1.648922,-2.576157630e-07
-26.575392,-1.648922,-9.725796959e-08
-25.642922,-1.648922,-2.228899812e-07
-24.710452,-1.648922,-1.716815896e-07
-23.777982,-1.648922,-2.744154488e-07
-22.845512,-1.648922,-1.461852118e-07
-21.913042,-1.648922,-2.017579905e-07
-20.980572,-1.648922,-7.056836355e-08
-20.048102,-1.648922,-1.535526344e-07
-19.115633,-1.648922,-1.269662445e-07
-18.183163,-1.648922,-9.592266725e-08
-17.250693,-1.648922,-2.490588479e-07
-16.318223,-1.648922,-2.378190616e-07
-15.385753,-1.648922,-1.316717558e-07
-14.453283,-1.648922,1.299843047e-08
-13.520813,-1.648922,-3.653482250e-07
-12.588343,-1.648922,-6.972434731e-08
-11.655874,-1.648922,-9.870962748e-08
-10.723404,-1.648922,9.363117862e-08
-9.790934,-1.648922,9.350326456e-08
-8.858464,-1.648922,1.182407055e-08
-7.925994,-1.648922,-1.629687983e-07
-6.993524,-1.648922,-6.105422156e-08
-6.061054,-1.648922,1.028402772e-07
-5.128584,-1.648922,5.480652115e-08
-4.196114,-1.648922,1.381285997e-08
-3.263645,-1.648922,-1.117824203e-07
-2.331175,-1.648922,6.124198434e-08
-1.398705,-1.648922,1.133126729e-07
-0.466235,-1.648922,1.934940264e-07
0.466235,-1.648922,-7.445485473e-08
1.398705,-1.648922,4.847512815e-08
2.331175,-1.648922,-5.068094401e-09
3.263645,-1.648922,1.088549513e-07
4.196114,-1.648922,2.966436886e-08
5.128584,-1.648922,-1.919086398e-07
6.061054,-1.648922,1.114041414e-08
6.993524,-1.648922,-1.009974026e-07
7.925994,-1.648922,-7.100659517e-08
8.858464,-1.648922,-2.027152046e-08
9.790934,-1.648922,5.386707034e-08
10.723404,-1.648922,-2.969939952e-08
11.655874,-1.648922,-7.700675983e-08
12.588343,-1.648922,6.256426707e-08
13.520813,-1.648922,1.578926312e-07
14.453283,-1.648922,-6.176461108e-08
15.385753,-1.648922,5.373024437e-08
16.318223,-1.648922,7.571925727e-08
17.250693,-1.648922,1.370532331e-07
18.183163,-1.648922,1.258095906e-07
19.115633,-1.648922,7.260951150e-08
20.048102,-1.648922,1.466992695e-07
20.980572,-1.648922,2.297109613e-07
21.913042,-1.648922,-6.721490204e-08
22.845512,-1.648922,1.908737924e-07
23.777982,-1.648922,-1.006560561e-07
24.710452,-1.648922,1.798473989e-07
25.642922,-1.648922,1.472151964e-07
26.575392,-1.648922,7.586648781e-08
27.507861,-1.648922,1.020046909e-07
28.440331,-1.648922,1.079532828e-07
29.372801,-1.648922,7.010980351e-08
-29.372801,-0.989353,-5.232583878e-08
-28.440331,-0.989353,-2.135935561e-07
-27.507861,-0.989353,-5.797921493e-08
-26.575392,-0.989353,-4.649317848e-08
-25.642922,-0.989353,-2.226380186e-07
-24.710452,-0.989353,-8.612196716e-08
-23.777982,-0.989353,-1.332608556e-07
-22.845512,-0.989353,-6.839968988e-08
-21.913042,-0.989353,-2.541844568e-07
-20.980572,-0.989353,-7.441610423e-08
-20.048102,-0.989353,-5.365546363e-08
-19.115633,-0.989353,-1.500975703e-07
-18.183163,-0.989353,-1.213461613e-07
-17.250693,-0.989353,-2.877925790e-07
-16.318223,-0.989353,-6.043125047e-08
-15.385753,-0.989353,-1.215882735e-07
-14.453283,-0.989353,-1.395852950e-07
-13.520813,-0.989353,-5.744303915e-08
-12.588343,-0.989353,-2.513759660e-08
-11.655874,-0.989353,-1.780640980e-07
-10.723404,-0.989353,-9.080157751e-08
-9.790934,-0.989353,1.740371069e-08
-8.858464,-0.989353,5.211501382e-09
-7.925994,-0.989353,1.890544370e-07
-6.993524,-0.989353,7.449582243e-09
-6.061054,-0.989353,2.041028391e-08
-5.128584,-0.989353,6.632519712e-08
-4.196114,-0.989353,2.694204131e-08
-3.263645,-0.989353,4.076179816e-08
-2.331175,-0.989353,6.525931369e-08
-1.398705,-0.989353,-1.111664087e-08
-0.466235,-0.989353,1.878233179e-07
0.466235,-0.989353,1.742373968e-08
1.398705,-0.989353,-1.049067904e-07
2.331175,-0.989353,5.703589443e-08
3.263645,-0.989353,7.740362493e-08
4.196114,-0.989353,-6.087262126e-08
5.128584,-0.989353,-1.140078461e-07
6.061054,-0.989353,-1.669729663e-07
6.993524,-0.989353,-5.380077245e-08
7.925994,-0.989353,-1.262360051e-07
8.858464,-0.989353,6.834792351e-09
9.790934,-0.989353,-1.092217151e-07
10.723404,-0.989353,-5.351985986e-08
11.655874,-0.989353,2.569126590e-07
12.588343,-0.989353,-1.102797183e-07
13.520813,-0.989353,-2.035729587e-08
14.453283,-0.989353,1.056568230e-07
15.385753,-0.989353,1.751251134e-07
16.318223,-0.989353,-3.711543562e-08
17.250693,-0.989353,5.886792375e-08
18.183163,-0.989353,1.578258188e-07
19.115633,-0.989353,-6.670489134e-09
20.048102,-0.989353,2.496126237e-07
20.980572,-0.989353,-1.054070209e-07
21.913042,-0.989353,-1.713392235e-08
22.845512,-0.989353,5.379584056e-08
23.777982,-0.989353,-7.257172949e-08
24.710452,-0.989353,3.421013834e-08
25.642922,-0.989353,2.030372618e-07
26.575392,-0.989353,3.008785070e-08
27.507861,-0.989353,-7.809794013e-08
28.440331,-0.989353,-6.051350069e-08
29.372801,-0.989353,-1.438448724e-08
-29.372801,-0.329784,-4.797724233e-08
-28.440331,-0.329784,-2.238948911e-07
-27.507861,-0.329784,-9.577161825e-09
-26.575392,-0.329784,-2.313015182e-07
-25.642922,-0.329784,-1.173829722e-07
-24.710452,-0.329784,-2.534185318e-07
-23.777982,-0.329784,-2.559185789e-07
-22.845512,-0.329784,-1.423604247e-07
-21.913042,-0.329784,-2.294801513e-07
-20.980572,-0.329784,-1.865672666e-07
-20.048102,-0.329784,5.821634863e-08
-19.115633,-0.329784,-3.530663150e-07
-18.183163,-0.329784,-1.850108775e-07
-17.250693,-0.329784,-1.797423231e-07
-16.318223,-0.329784,-2.998915302e-07
-15.385753,-0.329784,-1.745525970e-07
-14.453283,-0.329784,-3.227980136e-08
-13.520813,-0.329784,-2.243444739e-07
-12.588343,-0.329784,-1.107513312e-07
-11.655874,-0.329784,-1.316266344e-07
-10.723404,-0.329784,6.327212563e-08
-9.790934,-0.329784,-6.183123397e-08
-8.858464,-0.329784,-4.606814891e-08
-7.925994,-0.329784,2.466764438e-08
-6.993524,-0.329784,2.735057687e-08
-6.061054,-0.329784,1.021175630e-07
-5.128584,-0.329784,8.597604337e-09
-4.196114,-0.329784,-8.487260138e-08
-3.263645,-0.329784,3.324954975e-08
-2.331175,-0.329784,7.781307186e-08
-1.398705,-0.329784,-6.657950121e-08
-0.466235,-0.329784,2.093824720e-08
0.466235,-0.329784,7.019737380e-08
1.398705,-0.329784,-1.037140270e-08
2.331175,-0.329784,-3.397355478e-08
3.263645,-0.329784,1.183010403e-08
4.196114,-0.329784,-5.866366204e-08
5.128584,-0.329784,-2.326664435e-07
6.061054,-0.329784,-1.367570201e-08
6.993524,-0.329784,1.305142879e-07
7.925994,-0.329784,-8.216647478e-08
8.858464,-0.329784,-1.527593077e-08
9.790934,-0.329784,6.423017066e-08
10.723404,-0.329784,1.932306963e-07
11.655874,-0.329784,1.235074353e-07
12.588343,-0.329784,5.666802261e-08
13.520813,-0.329784,5.943638531e-08
14.453283,-0.329784,2.488808964e-07
15.385753,-0.329784,1.528503421e-09
16.318223,-0.329784,1.072736236e-07
17.250693,-0.329784,1.534309401e-07
18.183163,-0.329784,2.005520391e-07
19.115633,-0.329784,2.091579713e-07
20.048102,-0.329784,-1.003747030e-08
20.980572,-0.329784,4.986833442e-08
21.913042,-0.329784,8.462230080e-08
22.845512,-0.329784,-5.736009934e-08
23.777982,-0.329784,-5.616825224e-08
24.710452,-0.329784,-7.545515348e-08
25.642922,-0.329784,2.056863645e-07
26.575392,-0.329784,-3.010641593e-08
27.507861,-0.329784,2.942549982e-08
28.440331,-0.329784,1.472343936e-08
29.372801,-0.329784,-3.194723449e-07
-29.372801,0.329784,-1.929642386e-07
-28.440331,0.329784,-1.161767190e-07
-27.507861,0.329784,-2.940030322e-07
-26.575392,0.329784,-1.060468859e-07
-25.642922,0.329784,-4.492562679e-08
-24.710452,0.329784,-1.282145450e-07
-23.777982,0.329784,-6.445509088e-08
-22.845512,0.329784,-2.200234828e-07
-21.913042,0.329784,-1.050736992e-07
-20.980572,0.329784,-8.389024864e-08
-20.048102,0.329784,-8.520861788e-08
-19.115633,0.329784,-3.308911402e-07
-18.183163,0.329784,8.664009076e-08
-17.250693,0.329784,-3.537074718e-07
-16.318223,0.329784,-1.318679265e-07
-15.385753,0.329784,-2.690917370e-07
-14.453283,0.329784,3.693036360e-08
-13.520813,0.329784,-1.855088947e-07
-12.588343,0.329784,-2.100203534e-08
-11.655874,0.329784,-3.391833974e-09
-10.723404,0.329784,-2.591670076e-08
-9.790934,0.329784,-2.669876612e-08
-8.858464,0.329784,7.528937569e-09
-7.925994,0.329784,4.859129311e-08
-6.993524,0.329784,7.765554529e-08
-6.061054,0.329784,1.611452064e-07
-5.128584,0.329784,5.520744285e-08
-4.196114,0.329784,-3.785448006e-08
-3.263645,0.329784,4.151148637e-08
-2.331175,0.329784,-6.352183671e-08
-1.398705,0.329784,2.052080124e-07
-0.466235,0.329784,3.846518740e-08
0.466235,0.329784,-8.844017270e-08
1.398705,0.329784,1.030138717e-07
2.331175,0.329784,1.520371640e-07
3.263645,0.329784,3.417652881e-08
4.196114,0.329784,8.367408905e-08
5.128584,0.329784,1.106690785e-07
6.061054,0.329784,4.429564234e-08
6.993524,0.329784,3.124093326e-08
7.925994,0.329784,3.326714450e-08
8.858464,0.329784,8.601847549e-09
9.790934,0.329784,4.060668966e-08
10.723404,0.329784,-3.633519102e-08
11.655874,0.329784,5.473093104e-08
12.588343,0.329784,-4.370318718e-08
13.520813,0.329784,1.518597626e-07
14.453283,0.329784,2.385853545e-08
15.385753,0.329784,2.486486227e-07
16.318223,0.329784,-4.222351576e-08
17.250693,0.329784,3.455769896e-08
18.183163,0.329784,1.485904008e-08
19.115633,0.329784,7.191971557e-08
20.048102,0.329784,1.214528564e-07
20.980572,0.329784,-2.272781005e-07
21.913042,0.329784,-1.315067141e-09
22.845512,0.329784,-1.495952123e-07
23.777982,0.329784,1.745559065e-09
24.710452,0.329784,1.123779641e-07
25.642922,0.329784,5.824236866e-08
26.575392,0.329784,1.411672500e-08
27.507861,0.329784,-3.593981787e-08
28.440331,0.329784,-7.750641910e-08
29.372801,0.329784,-6.538148047e-08
-29.372801,0.989353,-3.158012694e-07
-28.440331,0.989353,-3.586240013e-08
-27.507861,0.989353,-1.048823449e-07
-26.575392,0.989353,-2.303960803e-07
-25.642922,0.989353,-7.034796768e-08
-24.710452,0.989353,-1.416231709e-07
-23.777982,0.989353,-2.976950067e-07
-22.845512,0.989353,-1.487573437e-07
-21.913042,0.989353,-4.799918690e-08
-20.980572,0.989353,1.735637396e-08
-20.048102,0.989353,9.355105762e-08
-19.115633,0.989353,-3.356859579e-08
-18.183163,0.989353,6.419817881e-08
-17.250693,0.989353,-2.979936926e-07
-16.318223,0.989353,-2.188892331e-07
-15.385753,0.989353,-1.130711196e-07
-14.453283,0.989353,-2.265746404e-08
-13.520813,0.989353,6.285924331e-08
-12.588343,0.989353,-1.444976040e-07
-11.655874,0.989353,-5.645018825e-08
-10.723404,0.989353,-1.296273636e-08
-9.790934,0.989353,-8.798368442e-08
-8.858464,0.989353,-1.784126608e-07
-7.925994,0.989353,-1.057409599e-07
-6.993524,0.989353,-1.241159653e-07
-6.061054,0.989353,-4.084876951e-08
-5.128584,0.989353,6.952022553e-08
-4.196114,0.989353,2.864423329e-07
-3.263645,0.989353,1.531475111e-07
-2.331175,0.989353,6.231387406e-08
-1.398705,0.989353,8.343366982e-08
-0.466235,0.989353,1.685929414e-07
0.466235,0.989353,1.412144625e-07
1.398705,0.989353,6.721301006e-08
2.331175,0.989353,7.540915946e-08
3.263645,0.989353,1.762050194e-07
4.196114,0.989353,-1.002077318e-07
5.128584,0.989353,7.498756050e-08
6.061054,0.989353,1.973834301e-07
6.993524,0.989353,-3.599667768e-08
7.925994,0.989353,-1.677409911e-08
8.858464,0.989353,2.635521052e-07
9.790934,0.989353,-4.054646105e-08
10.723404,0.989353,2.189147818e-07
11.655874,0.989353,2.007324166e-07
12.588343,0.989353,1.303968590e-07
13.520813,0.989353,3.386115918e-07
14.453283,0.989353,-4.157364361e-08
15.385753,0.989353,2.439103729e-07
16.318223,0.989353,1.838837634e-07
17.250693,0.989353,1.626689999e-07
18.183163,0.989353,-8.580208620e-08
19.115633,0.989353,1.080098124e-07
20.048102,0.989353,-1.163319604e-07
20.980572,0.989353,-4.336700211e-09
21.913042,0.989353,1.285909072e-07
22.845512,0.989353,-5.710624659e-08
23.777982,0.989353,1.985861896e-08
24.710452,0.989353,-5.798340563e-08
25.642922,0.989353,-9.753653489e-08
26.575392,0.989353,6.234104762e-08
27.507861,0.989353,1.609276711e-07
28.440331,0.989353,8.788149473e-08
29.372801,0.989353,1.557631163e-07
-29.372801,1.648922,-1.228542802e-07
-28.440331,1.648922,-2.663147494e-07
-27.507861,1.648922,-5.697556021e-08
-26.575392,1.648922,-2.651364152e-07
-25.642922,1.648922,-2.438003109e-07
-24.710452,1.648922,8.439504400e-08
-23.777982,1.648922,-2.341097515e-07
-22.845512,1.648922,-1.693319030e-07
-21.913042,1.648922,-1.560590662e-07
-20.980572,1.648922,-3.119386895e-07
-20.048102,1.648922,-1.078926335e-07
-19.115633,1.648922,5.581980679e-08
-18.183163,1.648922,-7.367478625e-08
-17.250693,1.648922,3.383744448e-08
-16.318223,1.648922,-7.806907251e-08
-15.385753,1.648922,2.447526845e-08
-14.453283,1.648922,-1.310923428e-07
-13.520813,1.648922,-2.939630754e-08
-12.588343,1.648922,-8.644087559e-08
-11.655874,1.648922,1.840279891e-08
-10.723404,1.648922,-2.673346158e-07
-9.790934,1.648922,-1.903281097e-07
-8.858464,1.648922,-9.150327484e-08
-7.925994,1.648922,-3.403737785e-08
-6.993524,1.648922,-7.599409755e-08
-6.061054,1.648922,1.142709382e-07
-5.128584,1.648922,1.143656748e-07
-4.196114,1.648922,-5.157064814e-08
-3.263645,1.648922,-2.727823540e-08
-2.331175,1.648922,1.132448994e-07
-1.398705,1.648922,8.898812938e-08
-0.466235,1.648922,-2.297895659e-08
0.466235,1.648922,-5.542376073e-08
1.398705,1.648922,1.821361659e-07
2.331175,1.648922,1.498511959e-07
3.263645,1.648922,-7.562850649e-08
4.196114,1.648922,1.238409018e-08
5.128584,1.648922,7.251217790e-08
6.061054,1.648922,1.043438898e-08
6.993524,1.648922,4.122841835e-08
7.925994,1.648922,7.526088066e-08
8.858464,1.648922,1.102745327e-07
9.790934,1.648922,6.455515262e-09
10.723404,1.648922,8.751148731e-10
11.655874,1.648922,1.547215267e-07
12.588343,1.648922,1.491760468e-08
13.520813,1.648922,7.493284509e-08
14.453283,1.648922,2.281938599e-07
15.385753,1.648922,8.309123568e-08
16.318223,1.648922,9.311743313e-08
17.250693,1.648922,9.065591569e-08
18.183163,1.648922,1.303675043e-07
19.115633,1.648922,3.925164860e-08
20.048102,1.648922,2.058210998e-07
20.980572,1.648922,4.363871134e-08
21.913042,1.648922,-7.285164916e-09
22.845512,1.648922,-1.980767605e-07
23.777982,1.648922,-1.099090797e-07
24.710452,1.648922,3.934245011e-08
25.642922,1.648922,-1.452351720e-08
26.575392,1.648922,7.627737927e-09
27.507861,1.648922,1.075988007e-07
28.440331,1.648922,1.173142611e-07
29.372801,1.648922,1.381638443e-07
-29.372801,2.308490,-2.032136886e-07
-28.440331,2.308490,-8.492899414e-08
-27.507861,2.308490,-6.298919153e-08
-26.575392,2.308490,-3.020827960e-07
-25.642922,2.308490,-1.940546528e-07
-24.710452,2.308490,-3.201390111e-07
-23.777982,2.308490,-1.659659055e-07
-22.845512,2.308490,-2.930770113e-07
-21.913042,2.308490,-1.489641274e-07
-20.980572,2.308490,-1.000229375e-07
-20.048102,2.308490,-8.518074366e-09
-19.115633,2.308490,7.687973968e-08
-18.183163,2.308490,-9.861709638e-08
-17.250693,2.308490,-3.543839854e-09
-16.318223,2.308490,5.186933266e-09
-15.385753,2.308490,-1.480441987e-07
-14.453283,2.308490,-9.999160793e-08
-13.520813,2.308490,8.371033616e-09
-12.588343,2.308490,-7.552183876e-08
-11.655874,2.308490,-1.762781833e-07
-10.723404,2.308490,5.448192935e-08
-9.790934,2.308490,-3.151622886e-08
-8.858464,2.308490,-1.927458024e-07
-7.925994,2.308490,-1.971470124e-09
-6.993524,2.308490,5.358157588e-08
-6.061054,2.308490,-1.053481245e-07
-5.128584,2.308490,8.679671870e-08
-4.196114,2.308490,1.436834405e-07
-3.263645,2.308490,1.634477380e-07
-2.331175,2.308490,5.686420707e-08
-1.398705,2.308490,1.094585411e-07
-0.466235,2.308490,1.297054284e-07
0.466235,2.308490,-3.904189059e-08
1.398705,2.308490,1.389866495e-07
2.331175,2.308490,5.457315229e-08
3.263645,2.308490,3.247147494e-07
4.196114,2.308490,1.537726213e-07
5.128584,2.308490,1.111888482e-07
6.061054,2.308490,3.937590410e-08
6.993524,2.308490,6.092850718e-08
7.925994,2.308490,1.205945035e-07
8.858464,2.308490,2.220984134e-08
9.790934,2.308490,-5.113778088e-08
10.723404,2.308490,-1.067828047e-07
11.655874,2.308490,7.106925404e-08
12.588343,2.308490,1.025440810e-07
13.520813,2.308490,-7.232445885e-08
14.453283,2.308490,2.424917680e-07
15.385753,2.308490,1.605747887e-07
16.318223,2.308490,2.381603943e-07
17.250693,2.308490,1.126880679e-07
18.183163,2.308490,-1.821800477e-08
19.115633,2.308490,-3.949466683e-08
20.048102,2.308490,-7.981601998e-08
20.980572,2.308490,1.018372035e-07
21.913042,2.308490,7.527579708e-08
22.845512,2.308490,-1.793636219e-07
23.777982,2.308490,-1.226106965e-08
24.710452,2.308490,2.599398906e-08
25.642922,2.308490,3.522626987e-09
26.575392,2.308490,-7.356767375e-08
27.507861,2.308490,-1.308583097e-07
28.440331,2.308490,7.864050714e-08
29.372801,2.308490,5.759628225e-10
-29.372801,2.968059,-2.132757402e-07
-28.440331,2.968059,-1.401732617e-07
-27.507861,2.968059,-3.405810441e-08
-26.575392,2.968059,-1.687120522e-07
-25.642922,2.968059,-1.187623010e-07
-24.710452,2.968059,-3.370281247e-07
-23.777982,2.968059,-1.658138788e-07
-22.845512,2.968059,-4.656470537e-08
-21.913042,2.968059,-1.578289228e-07
-20.980572,2.968059,-1.356445170e-07
-20.048102,2.968059,-1.361890142e-07
-19.115633,2.968059,-1.004913202e-07
-18.183163,2.968059,-1.651239675e-07
-17.250693,2.968059,3.108436008e-09
-16.318223,2.968059,-2.020767395e-07
-15.385753,2.968059,-1.551208627e-07
-14.453283,2.968059,-5.477577156e-08
-13.520813,2.968059,-2.370866036e-07
-12.588343,2.968059,-3.617830596e-09
-11.655874,2.968059,9.719079686e-08
-10.723404,2.968059,-1.591221010e-07
-9.790934,2.968059,-1.052936100e-07
-8.858464,2.968059,-1.876212659e-07
-7.925994,2.968059,-7.812127598e-08
-6.993524,2.968059,1.123895062e-07
-6.061054,2.968059,6.188435851e-08
-5.128584,2.968059,2.711290645e-08
-4.196114,2.968059,2.739903822e-08
-3.263645,2.968059,8.994400033e-08
-2.331175,2.968059,1.458218792e-07
-1.398705,2.968059,4.325466325e-08
-0.466235,2.968059,-5.318184694e-08
0.466235,2.968059,2.147434731e-07
1.398705,2.968059,2.501973562e-07
2.331175,2.968059,1.680483097e-07
3.263645,2.968059,7.960174119e-08
4.196114,2.968059,-2.768960695e-08
5.128584,2.968059,-1.839353796e-09
6.061054,2.968059,1.106744290e-07
6.993524,2.968059,3.171619008e-07
7.925994,2.968059,8.340292490e-08
8.858464,2.968059,-5.034192317e-08
9.790934,2.968059,-1.761926687e-08
10.723404,2.968059,2.550752617e-08
11.655874,2.968059,3.473319024e-08
12.588343,2.968059,7.055824035e-09
13.520813,2.968059,6.364829614e-08
14.453283,2.968059,-1.051088483e-07
15.385753,2.968059,3.060728122e-09
16.318223,2.968059,2.019343756e-07
17.250693,2.968059,1.256708878e-07
18.183163,2.968059,2.019733454e-08
19.115633,2.968059,-2.224629755e-07
20.048102,2.968059,-2.408143853e-08
20.980572,2.968059,-1.197086652e-07
21.913042,2.968059,-2.258232825e-07
22.845512,2.968059,5.244276878e-08
23.777982,2.968059,-9.002092369e-08
24.710452,2.968059,-1.709867914e-07
25.642922,2.968059,-4.245838924e-08
26.575392,2.968059,-9.353384586e-08
27.507861,2.968059,-1.064140125e-07
28.440331,2.968059,1.001129708e-07
29.372801,2.968059,6.448604365e-09
-29.372801,3.627627,-2.634467294e-07
-28.440331,3.627627,-1.174248282e-07
-27.507861,3.627627,-1.693155375e-07
-26.575392,3.627627,-2.850542158e-07
-25.642922,3.627627,-1.174616629e-07
-24.710452,3.627627,-1.471348323e-07
-23.777982,3.627627,-6.778788110e-08
-22.845512,3.627627,-1.155897925e-07
-21.913042,3.627627,-1.260198583e-07
-20.980572,3.627627,-7.114648055e-08
-20.048102,3.627627,5.852663466e-08
-19.115633,3.627627,-3.000385028e-07
-18.183163,3.627627,-7.154135377e-08
-17.250693,3.627627,-2.206985322e-07
-16.318223,3.627627,1.987875031e-08
-15.385753,3.627627,-2.271770116e-07
-14.453283,3.627627,-1.577857722e-07
-13.520813,3.627627,7.879093335e-08
-12.588343,3.627627,-1.115469788e-07
-11.655874,3.627627,-1.129143160e-07
-10.723404,3.627627,-9.793235413e-08
-9.790934,3.627627,-1.069381504e-07
-8.858464,3.627627,4.004882923e-08
-7.925994,3.627627,1.849434709e-07
-6.993524,3.627627,1.975190310e-08
-6.061054,3.627627,2.400959459e-08
-5.128584,3.627627,6.517742140e-08
-4.196114,3.627627,-4.526944749e-08
-3.263645,3.627627,1.585092306e-07
-2.331175,3.627627,5.995958745e-08
-1.398705,3.627627,6.652627920e-08
-0.466235,3.627627,2.932887219e-07
0.466235,3.627627,1.132028757e-07
1.398705,3.627627,4.802394523e-08
2.331175,3.627627,-4.227224837e-08
3.263645,3.627627,6.838012430e-08
4.196114,3.627627,3.112748312e-09
5.128584,3.627627,7.609866611e-08
6.061054,3.627627,1.322574894e-07
6.993524,3.627627,9.403103639e-08
7.925994,3.627627,-1.074475946e-07
8.858464,3.627627,8.972545625e-08
9.790934,3.627627,-5.349674523e-09
10.723404,3.627627,1.491552694e-07
11.655874,3.627627,2.020783077e-07
12.588343,3.627627,1.486545946e-07
13.520813,3.627627,1.177848617e-07
14.453283,3.627627,1.320613734e-07
15.385753,3.627627,1.476156799e-07
16.318223,3.627627,1.229730539e-08
17.250693,3.627627,1.168076350e-07
18.183163,3.627627,7.984754827e-08
19.115633,3.627627,-2.067450831e-08
20.048102,3.627627,-1.952197995e-08
20.980572,3.627627,1.470743965e-07
21.913042,3.627627,-4.875837030e-08
22.845512,3.627627,-1.323545561e-07
23.777982,3.627627,1.935595007e-07
24.710452,3.627627,-2.026870641e-07
25.642922,3.627627,2.941206621e-08
26.575392,3.627627,4.719319052e-08
27.507861,3.627627,6.077370263e-08
28.440331,3.627627,1.672951364e-07
29.372801,3.627627,2.936161317e-08
-29.372801,4.287196,-1.568896291e-07
-28.440331,4.287196,-2.021884996e-07
-27.507861,4.287196,-2.527946863e-07
-26.575392,4.287196,-4.764881474e-08
-25.642922,4.287196,-3.968047752e-08
-24.710452,4.287196,8.942220226e-08
-23.777982,4.287196,-3.115611958e-07
-22.845512,4.287196,-2.457008892e-07
-21.913042,4.287196,-1.871169246e-07
-20.980572,4.287196,-1.866444547e-07
-20.048102,4.287196,-2.436416009e-07
-19.115633,4.287196,-3.305757265e-07
-18.183163,4.287196,-1.476306575e-07
-17.250693,4.287196,-9.437182257e-08
-16.318223,4.287196,-2.841060045e-07
-15.385753,4.287196,-4.837224893e-08
-14.453283,4.287196,-7.447217714e-08
-13.520813,4.287196,-1.665766102e-07
-12.588343,4.287196,-7.872030032e-08
-11.655874,4.287196,6.737431458e-08
-10.723404,4.287196,1.027207881e-07
-9.790934,4.287196,-1.061986852e-08
-8.858464,4.287196,-8.310045747e-08
-7.925994,4.287196,-7.773046139e-08
-6.993524,4.287196,7.650941153e-08
-6.061054,4.287196,1.346954557e-08
-5.128584,4.287196,1.197791032e-08
-4.196114,4.287196,6.518470423e-08
-3.263645,4.287196,-4.617734324e-08
-2.331175,4.287196,1.791151175e-07
-1.398705,4.287196,4.642219946e-08
-0.466235,4.287196,1.726521168e-07
0.466235,4.287196,5.944809948e-08
1.398705,4.287196,-9.251313323e-08
2.331175,4.287196,2.374180572e-07
3.263645,4.287196,1.657356545e-07
4.196114,4.287196,1.243833163e-07
5.128584,4.287196,1.983436097e-07
6.061054,4.287196,-1.042594933e-07
6.993524,4.287196,-7.739557891e-08
7.925994,4.287196,2.243896017e-07
8.858464,4.287196,2.437422617e-08
9.790934,4.287196,1.283059142e-08
10.723404,4.287196,1.607295137e-07
11.655874,4.287196,-2.263025855e-09
12.588343,4.287196,3.652946191e-08
13.520813,4.287196,1.748454325e-07
14.453283,4.287196,-6.933705920e-08
15.385753,4.287196,-4.611223523e-08
16.318223,4.287196,-1.177583500e-07
17.250693,4.287196,-1.198677098e-07
18.183163,4.287196,-2.186555553e-09
19.115633,4.287196,-7.842851595e-09
20.048102,4.287196,-1.680156940e-07
20.980572,4.287196,-2.314866695e-07
21.913042,4.287196,-1.069289838e-07
22.845512,4.287196,2.373959912e-08
23.777982,4.287196,1.592192282e-07
24.710452,4.287196,5.346471564e-08
25.642922,4.287196,1.423132784e-08
26.575392,4.287196,4.363821932e-08
27.507861,4.287196,-1.110294222e-07
28.440331,4.287196,1.080581183e-07
29.372801,4.287196,1.016109171e-07
-29.372801,4.946765,-1.651311129e-07
-28.440331,4.946765,-1.867383703e-07
-27.507861,4.946765,-5.070836031e-08
-26.575392,4.946765,-7.746736296e-08
-25.642922,4.946765,-1.200686631e-07
-24.710452,4.946765,-2.216466377e-07
-23.777982,4.946765,-1.254277206e-07
-22.845512,4.946765,-1.129659082e-07
-21.913042,4.946765,-1.434260655e-07
-20.980572,4.946765,-8.525519930e-08
-20.048102,4.946765,-2.327132310e-07
-19.115633,4.946765,-1.783342441e-07
-18.183163,4.946765,-2.051350052e-07
-17.250693,4.946765,-1.351502202e-07
-16.318223,4.946765,-1.021472980e-07
-15.385753,4.946765,4.667043822e-08
-14.453283,4.946765,-1.630778644e-08
-13.520813,4.946765,-1.619367188e-07
-12.588343,4.946765,1.045457508e-07
-11.655874,4.946765,-1.762952016e-07
-10.723404,4.946765,5.367158782e-08
-9.790934,4.946765,-1.591580378e-08
-8.858464,4.946765,-1.929808481e-07
-7.925994,4.946765,1.332147139e-07
-6.993524,4.946765,-9.866550618e-08
-6.061054,4.946765,9.528669425e-08
-5.128584,4.946765,9.894549036e-08
-4.196114,4.946765,-1.596471862e-08
-3.263645,4.946765,-7.662832531e-08
-2.331175,4.946765,-4.001311866e-08
-1.398705,4.946765,4.903532892e-09
-0.466235,4.946765,-8.993515625e-08
0.466235,4.946765,2.314608434e-07
1.398705,4.946765,7.013998651e-08
2.331175,4.946765,2.238072427e-08
3.263645,4.946765,4.148011908e-08
4.196114,4.946765,-1.223377540e-07
5.128584,4.946765,-1.315411270e-07
6.061054,4.946765,1.083098676e-07
6.993524,4.946765,-6.529753241e-08
7.925994,4.946765,-2.660435465e-08
8.858464,4.946765,-1.091633213e-07
9.790934,4.946765,-9.053205317e-08
10.723404,4.946765,-2.733108229e-09
11.655874,4.946765,-9.037363104e-08
12.588343,4.946765,-4.371438994e-09
13.520813,4.946765,-8.695177484e-08
14.453283,4.946765,1.104533753e-07
15.385753,4.946765,6.640617192e-08
16.318223,4.946765,6.763208419e-08
17.250693,4.946765,-1.503458599e-08
18.183163,4.946765,1.117602635e-08
19.115633,4.946765,3.492999693e-08
20.048102,4.946765,-2.120219555e-07
20.980572,4.946765,1.940738165e-08
21.913042,4.946765,6.490418367e-08
22.845512,4.946765,1.862607288e-08
23.777982,4.946765,-6.179418528e-08
24.710452,4.946765,-6.091989605e-08
25.642922,4.946765,1.715680162e-07
26.575392,4.946765,-2.899715178e-09
27.507861,4.946765,1.615743392e-07
28.440331,4.946765,7.920159075e-08
29.372801,4.946765,1.202650683e-07
-29.372801,5.606333,-4.603590125e-08
-28.440331,5.606333,4.055355999e-08
-27.507861,5.606333,-5.502021301e-08
-26.575392,5.606333,-1.844592836e-07
-25.642922,5.606333,-1.470524204e-07
-24.710452,5.606333,-8.637713288e-09
-23.777982,5.606333,-4.183942184e-08
-22.845512,5.606333,4.424909902e-08
-21.913042,5.606333,-1.178735781e-07
-20.980572,5.606333,-4.700182647e-08
-20.048102,5.606333,-2.744689778e-07
-19.115633,5.606333,-2.990063415e-07
-18.183163,5.606333,2.766644654e-08
-17.250693,5.606333,-1.870501390e-07
-16.318223,5.606333,-6.132444754e-08
-15.385753,5.606333,-2.312611141e-07
-14.453283,5.606333,-1.462095055e-07
-13.520813,5.606333,-2.254519019e-07
-12.588343,5.606333,3.972671644e-08
-11.655874,5.606333,4.265194985e-08
-10.723404,5.606333,1.304322590e-07
-9.790934,5.606333,1.343229245e-07
-8.858464,5.606333,-8.235631252e-08
-7.925994,5.606333,4.944797082e-08
-6.993524,5.606333,-2.065062827e-08
-6.061054,5.606333,1.903391071e-08
-5.128584,5.606333,1.272676700e-07
-4.196114,5.606333,8.697739218e-09
-3.263645,5.606333,1.056595793e-07
-2.331175,5.606333,1.230822025e-07
-1.398705,5.606333,5.848670805e-08
-0.466235,5.606333,1.472856428e-07
0.466235,5.606333,1.269824907e-07
1.398705,5.606333,1.403012644e-07
2.331175,5.606333,1.818773972e-07
3.263645,5.606333,6.815019947e-08
4.196114,5.606333,7.379141169e-08
5.128584,5.606333,-1.616857178e-08
6.061054,5.606333,-8.187045060e-08
6.993524,5.606333,1.742210670e-07
7.925994,5.606333,-1.226006473e-07
8.858464,5.606333,2.433631656e-07
9.790934,5.606333,-9.434248724e-08
10.723404,5.606333,-1.012611505e-08
11.655874,5.606333,8.323655942e-08
12.588343,5.606333,1.110502059e-07
13.520813,5.606333,-1.962930800e-07
14.453283,5.606333,6.117381890e-08
15.385753,5.606333,8.884197964e-08
16.318223,5.606333,3.433164203e-08
17.250693,5.606333,-9.959442351e-09
18.183163,5.606333,-5.230805936e-08
19.115633,5.606333,-3.646105045e-08
20.048102,5.606333,-8.851976017e-08
20.980572,5.606333,-4.293740568e-08
21.913042,5.606333,8.784880141e-09
22.845512,5.606333,8.488371208e-08
23.777982,5.606333,1.133431720e-07
24.710452,5.606333,-1.460538076e-07
25.642922,5.606333,-5.234464817e-08
26.575392,5.606333,2.634248255e-07
27.507861,5.606333,2.021999799e-07
28.440331,5.606333,7.268987961e-08
29.372801,5.606333,-5.521895898e-08
-29.372801,6.265902,-2.120167114e-07
-28.440331,6.265902,-8.448091235e-08
-27.507861,6.265902,-1.133997061e-07
-26.575392,6.265902,-1.518826314e-07
-25.642922,6.265902,-3.463397140e-08
-24.710452,6.265902,-1.152558064e-07
-23.777982,6.265902,-2.227718688e-07
-22.845512,6.265902,-1.816604414e-07
-21.913042,6.265902,-1.182356732e-07
-20.980572,6.265902,-1.555862281e-07
-20.048102,6.265902,-1.159539053e-07
-19.115633,6.265902,-3.132597888e-07
-18.183163,6.265902,-1.455403471e-07
-17.250693,6.265902,-1.514798397e-07
-16.318223,6.265902,-1.649945655e-07
-15.385753,6.265902,2.721023723e-08
-14.453283,6.265902,-1.196008996e-07
-13.520813,6.265902,1.468527068e-07
-12.588343,6.265902,-1.043312581e-07
-11.655874,6.265902,-7.355964417e-08
-10.723404,6.265902,7.367002680e-08
-9.790934,6.265902,-4.947782896e-08
-8.858464,6.265902,-6.872616645e-08
-7.925994,6.265902,5.012984552e-08
-6.993524,6.265902,2.382699304e-07
-6.061054,6.265902,-6.395087194e-08
-5.128584,6.265902,-3.197174184e-08
-4.196114,6.265902,-1.762588028e-07
-3.263645,6.265902,-5.347387929e-09
-2.331175,6.265902,8.080023285e-08
-1.398705,6.265902,5.549281798e-09
-0.466235,6.265902,1.706145442e-07
0.466235,6.265902,9.340512642e-08
1.398705,6.265902,1.671147626e-07
2.331175,6.265902,1.088067259e-08
3.263645,6.265902,-1.624050172e-07
4.196114,6.265902,2.028639300e-07
5.128584,6.265902,1.405243735e-08
6.061054,6.265902,-5.219046277e-08
6.993524,6.265902,-2.002247496e-07
7.925994,6.265902,6.623058168e-08
8.858464,6.265902,-1.260962017e-07
9.790934,6.265902,1.041265492e-07
10.723404,6.265902,-8.055020397e-08
11.655874,6.265902,-3.123121039e-08
12.588343,6.265902,-1.111602561e-07
13.520813,6.265902,4.041375526e-08
14.453283,6.265902,-4.056111718e-08
15.385753,6.265902,-1.630677119e-07
16.318223,6.265902,-9.373913619e-08
17.250693,6.265902,-1.085021483e-07
18.183163,6.265902,-6.974884569e-08
19.115633,6.265902,1.277842617e-07
20.048102,6.265902,5.841390882e-08
20.980572,6.265902,-1.492429902e-07
21.913042,6.265902,-1.030267708e-08
22.845512,6.265902,1.375741018e-07
23.777982,6.265902,-3.031334283e-08
24.710452,6.265902,-5.960510684e-08
25.642922,6.265902,1.972883935e-07
26.575392,6.265902,-6.914253485e-08
27.507861,6.265902,1.685328702e-07
28.440331,6.265902,5.817914610e-08
29.372801,6.265902,1.377387409e-08
-29.372801,6.925471,-1.801410857e-07
-28.440331,6.925471,1.948719000e-08
-27.507861,6.925471,-8.500700202e-08
-26.575392,6.925471,6.959932984e-09
-25.642922,6.925471,1.612188477e-07
-24.710452,6.925471,-7.676711604e-08
-23.777982,6.925471,-1.496830577e-07
-22.845512,6.925471,5.691877572e-08
-21.913042,6.925471,-2.999187012e-08
-20.980572,6.925471,-5.775030220e-08
-20.048102,6.925471,-1.354730712e-07
-19.115633,6.925471,-1.558440768e-07
-18.183163,6.925471,-9.229984944e-08
-17.250693,6.925471,-9.526603560e-08
-16.318223,6.925471,-2.033363576e-07
-15.385753,6.925471,-9.563895670e-08
-14.453283,6.925471,-2.307093560e-07
-13.520813,6.925471,-1.167675356e-07
-12.588343,6.925471,1.530605236e-08
-11.655874,6.925471,-8.767973268e-08
-10.723404,6.925471,2.148011341e-07
-9.790934,6.925471,-7.801603438e-08
-8.858464,6.925471,8.051902857e-08
-7.925994,6.925471,2.051645058e-08
-6.993524,6.925471,2.515102074e-08
-6.061054,6.925471,-3.362698766e-08
-5.128584,6.925471,6.663337335e-08
-4.196114,6.925471,-2.349914538e-08
-3.263645,6.925471,2.280717344e-07
-2.331175,6.925471,5.290951866e-09
-1.398705,6.925471,3.651752129e-08
-0.466235,6.925471,-3.430332702e-08
0.466235,6.925471,1.738879858e-08
1.398705,6.925471,1.690330751e-07
2.331175,6.925471,-6.235217875e-08
3.263645,6.925471,1.100468186e-07
4.196114,6.925471,1.205319109e-07
5.128584,6.925471,-3.117105031e-08
6.061054,6.925471,-9.874934485e-08
6.993524,6.925471,-8.105133899e-08
7.925994,6.925471,1.253111837e-07
8.858464,6.925471,-2.209209694e-07
9.790934,6.925471,-2.035849014e-07
10.723404,6.925471,-1.669438836e-07
11.655874,6.925471,9.623558306e-09
12.588343,6.925471,3.659006985e-08
13.520813,6.925471,-1.506566525e-07
14.453283,6.925471,1.189999418e-08
15.385753,6.925471,-4.511340117e-08
16.318223,6.925471,-2.394279469e-08
17.250693,6.925471,-1.328944726e-07
18.183163,6.925471,1.469928318e-07
19.115633,6.925471,-3.880102892e-09
20.048102,6.925471,-2.457437633e-08
20.980572,6.925471,3.319530238e-08
21.913042,6.925471,-1.710828494e-07
22.845512,6.925471,6.108478946e-08
23.777982,6.925471,8.920252940e-08
24.710452,6.925471,3.515946728e-09
25.642922,6.925471,2.435892624e-08
26.575392,6.925471,8.688642983e-08
27.507861,6.925471,2.539015855e-07
28.440331,6.925471,5.904740625e-08
29.372801,6.925471,-6.404188120e-08
-29.372801,7.585039,-4.308292205e-08
-28.440331,7.585039,6.514201415e-08
-27.507861,7.585039,-6.794709515e-08
-26.575392,7.585039,-2.382047289e-07
-25.642922,7.585039,-7.518936336e-08
-24.710452,7.585039,-1.731039013e-07
-23.777982,7.585039,-5.336328281e-08
-22.845512,7.585039,2.427917618e-08
-21.913042,7.585039,-1.657067008e-08
-20.980572,7.585039,-2.111582225e-07
-20.048102,7.585039,-2.263957824e-07
-19.115633,7.585039,-1.620384340e-07
-18.183163,7.585039,-1.891619212e-07
-17.250693,7.585039,-2.047758155e-07
-16.318223,7.585039,-6.142633511e-08
-15.385753,7.585039,1.986258664e-07
-14.453283,7.585039,-5.379510166e-10
-13.520813,7.585039,3.068814531e-08
-12.588343,7.585039,4.412832097e-08
-11.655874,7.585039,1.184134934e-07
-10.723404,7.585039,1.689594290e-07
-9.790934,7.585039,1.634966796e-07
-8.858464,7.585039,-5.433724530e-08
-7.925994,7.585039,1.824134490e-07
-6.993524,7.585039,-5.099321729e-08
-6.061054,7.585039,3.212055952e-08
-5.128584,7.585039,2.713070293e-08
-4.196114,7.585039,1.676181271e-07
-3.263645,7.585039,4.590361566e-08
-2.331175,7.585039,-6.596789141e-08
-1.398705,7.585039,1.660373068e-08
-0.466235,7.585039,5.131932045e-08
0.466235,7.585039,9.628310914e-08
1.398705,7.585039,1.082958627e-07
2.331175,7.585039,1.053330080e-07
3.263645,7.585039,-9.780712597e-08
4.196114,7.585039,3.739387197e-09
5.128584,7.585039,1.013119436e-07
6.061054,7.585039,-5.926220606e-08
6.993524,7.585039,-2.689758732e-08
7.925994,7.585039,-2.729987302e-07
8.858464,7.585039,-1.552517599e-07
9.790934,7.585039,-3.624418263e-08
10.723404,7.585039,-6.949476054e-09
11.655874,7.585039,4.516619799e-08
12.588343,7.585039,-4.109613913e-08
13.520813,7.585039,-4.476371165e-08
14.453283,7.585039,1.444649373e-07
15.385753,7.585039,4.090030949e-08
16.318223,7.585039,-1.518006924e-07
17.250693,7.585039,-2.910906353e-09
18.183163,7.585039,-6.535243957e-08
19.115633,7.585039,-6.817733764e-08
20.048102,7.585039,-5.809352091e-08
20.980572,7.585039,4.411423055e-08
21.913042,7.585039,1.380281251e-07
22.845512,7.585039,2.847028050e-07
23.777982,7.585039,3.544537459e-09
24.710452,7.585039,9.332096601e-10
25.642922,7.585039,2.501765086e-07
26.575392,7.585039,2.203587456e-07
27.507861,7.585039,2.676301272e-08
28.440331,7.585039,2.962541400e-08
29.372801,7.585039,2.155002636e-07
-29.372801,8.244608,7.605008040e-08
-28.440331,8.244608,5.864296563e-08
-27.507861,8.244608,1.762747991e-08
-26.575392,8.244608,-1.009705101e-08
-25.642922,8.244608,-6.326905412e-08
-24.710452,8.244608,-2.565183319e-08
-23.777982,8.244608,-2.430210018e-07
-22.845512,8.244608,-2.141880128e-07
-21.913042,8.244608,-2.525104514e-07
-20.980572,8.244608,-3.363885666e-07
-20.048102,8.244608,-2.382581575e-07
-19.115633,8.244608,-2.689310575e-07
-18.183163,8.244608,-1.850704488e-07
-17.250693,8.244608,-3.049260604e-07
-16.318223,8.244608,-1.076504666e-07
-15.385753,8.244608,-9.810403040e-08
-14.453283,8.244608,-2.036809306e-08
-13.520813,8.244608,8.791839824e-08
-12.588343,8.244608,3.251884498e-08
-11.655874,8.244608,-1.390554551e-07
-10.723404,8.244608,-1.720480087e-07
-9.790934,8.244608,2.314520725e-09
-8.858464,8.244608,-1.508681179e-07
-7.925994,8.244608,1.836958177e-07
-6.993524,8.244608,-3.848688720e-08
-6.061054,8.244608,7.784977417e-08
-5.128584,8.244608,2.427566578e-07
-4.196114,8.244608,1.110748662e-07
-3.263645,8.244608,-9.571656121e-10
-2.331175,8.244608,-3.758721253e-08
-1.398705,8.244608,1.699984513e-07
-0.466235,8.244608,-2.579157727e-10
0.466235,8.244608,3.627834883e-08
1.398705,8.244608,2.799475416e-08
2.331175,8.244608,1.478117730e-07
3.263645,8.244608,6.743275729e-08
4.196114,8.244608,-4.738315997e-09
5.128584,8.244608,-1.937135145e-07
6.061054,8.244608,-2.836972550e-07
6.993524,8.244608,-1.736912816e-07
7.925994,8.244608,9.603966982e-08
8.858464,8.244608,-1.905522736e-07
9.790934,8.244608,-4.617487875e-08
10.723404,8.244608,-2.130980171e-07
11.655874,8.244608,-8.265421440e-08
12.588343,8.244608,-2.088476474e-08
13.520813,8.244608,4.240425826e-08
14.453283,8.244608,-1.846844790e-08
15.385753,8.244608,2.939751504e-08
16.318223,8.244608,2.032564147e-07
17.250693,8.244608,-1.539530636e-08
18.183163,8.244608,-1.895979823e-07
19.115633,8.244608,4.137819426e-08
20.048102,8.244608,-4.864354218e-08
20.980572,8.244608,-1.478306656e-07
21.913042,8.244608,1.191664016e-07
22.845512,8.244608,-3.445442630e-08
23.777982,8.244608,8.077264614e-09
24.710452,8.244608,1.264077135e-08
25.642922,8.244608,-8.790924355e-08
26.575392,8.244608,1.143971662e-07
27.507861,8.244608,2.438566213e-07
28.440331,8.244608,1.923562555e-07
29.372801,8.244608,1.572679932e-07
-29.372801,8.904176,1.042117852e-07
-28.440331,8.904176,-1.112711758e-07
-27.507861,8.904176,-5.387110438e-08
-26.575392,8.904176,-1.731763029e-07
-25.642922,8.904176,-8.035027782e-08
-24.710452,8.904176,-2.131505244e-07
-23.777982,8.904176,-7.014070865e-08
-22.845512,8.904176,-2.939068135e-07
-21.913042,8.904176,-2.811473003e-07
-20.980572,8.904176,-2.132042687e-07
-20.048102,8.904176,-1.373831516e-07
-19.115633,8.904176,-3.633930626e-08
-18.183163,8.904176,-5.597605019e-08
-17.250693,8.904176,-5.757916398e-08
-16.318223,8.904176,1.305623019e-07
-15.385753,8.904176,2.710266638e-08
-14.453283,8.904176,-1.359814026e-07
-13.520813,8.904176,-1.634356943e-08
-12.588343,8.904176,-7.554943281e-09
-11.655874,8.904176,-5.128946092e-08
-10.723404,8.904176,2.977051874e-08
-9.790934,8.904176,5.533630588e-08
-8.858464,8.904176,-2.165593453e-08
-7.925994,8.904176,1.804683927e-07
-6.993524,8.904176,1.439226378e-07
-6.061054,8.904176,3.181922281e-08
-5.128584,8.904176,3.607090795e-08
-4.196114,8.904176,7.260816402e-08
-3.263645,8.904176,2.394951875e-07
-2.331175,8.904176,1.144484659e-07
-1.398705,8.904176,3.163408620e-07
-0.466235,8.904176,-1.799137287e-09
0.466235,8.904176,-1.566908464e-07
1.398705,8.904176,-2.040508890e-08
2.331175,8.904176,2.641572838e-07
3.263645,8.904176,-1.181677980e-07
4.196114,8.904176,-7.185939349e-09
5.128584,8.904176,-1.166288320e-07
6.061054,8.904176,-2.225279140e-07
6.993524,8.904176,-2.142627989e-07
7.925994,8.904176,-4.540153725e-09
8.858464,8.904176,-3.421918808e-08
9.790934,8.904176,-1.196057572e-07
10.723404,8.904176,-1.844766444e-07
11.655874,8.904176,-1.297768896e-07
12.588343,8.904176,-3.345492717e-08
13.520813,8.904176,3.050293835e-08
14.453283,8.904176,-4.772568451e-08
15.385753,8.904176,-1.746214867e-08
16.318223,8.904176,5.122305201e-08
17.250693,8.904176,7.400536851e-08
18.183163,8.904176,-6.730260509e-08
19.115633,8.904176,-1.006859501e-08
20.048102,8.904176,-1.099277527e-07
20.980572,8.904176,-1.348917792e-07
21.913042,8.904176,8.537109556e-09
22.845512,8.904176,-1.213609840e-07
23.777982,8.904176,-2.838660529e-08
24.710452,8.904176,2.038089473e-07
25.642922,8.904176,2.312666059e-08
26.575392,8.904176,-2.408153119e-08
27.507861,8.904176,7.045441493e-08
28.440331,8.904176,1.747630091e-07
29.372801,8.904176,1.795685355e-07
-29.372801,9.563745,-1.927967013e-08
-28.440331,9.563745,1.821596736e-08
-27.507861,9.563745,-1.516348139e-08
-26.575392,9.563745,-6.435207713e-08
-25.642922,9.563745,1.909790729e-07
-24.710452,9.563745,3.941761166e-08
-23.777982,9.563745,-1.861895179e-07
-22.845512,9.563745,-1.543557685e-07
-21.913042,9.563745,-2.176189039e-07
-20.980572,9.563745,-2.981781405e-07
-20.048102,9.563745,2.071621656e-08
-19.115633,9.563745,3.497787768e-09
-18.183163,9.563745,-1.337860248e-07
-17.250693,9.563745,-1.905587977e-07
-16.318223,9.563745,8.350163005e-08
-15.385753,9.563745,4.150882903e-08
-14.453283,9.563745,1.239575205e-07
-13.520813,9.563745,-4.728742645e-08
-12.588343,9.563745,8.646219548e-08
-11.655874,9.563745,-1.499214943e-07
-10.723404,9.563745,7.424325932e-09
-9.790934,9.563745,1.322514793e-07
-8.858464,9.563745,3.343140293e-07
-7.925994,9.563745,9.656848360e-08
-6.993524,9.563745,1.350220119e-07
-6.061054,9.563745,7.100183342e-08
-5.128584,9.563745,8.616269253e-08
-4.196114,9.563745,1.634915485e-07
-3.263645,9.563745,1.385512701e-07
-2.331175,9.563745,-2.670115544e-08
-1.398705,9.563745,-1.123816110e-07
-0.466235,9.563745,7.919273062e-08
0.466235,9.563745,-9.998429629e-08
1.398705,9.563745,-1.440128506e-07
2.331175,9.563745,-1.096689949e-07
3.263645,9.563745,-1.096904806e-07
4.196114,9.563745,-1.253711785e-07
5.128584,9.563745,-2.533777311e-07
6.061054,9.563745,-2.202748575e-07
6.993524,9.563745,-1.823913681e-07
7.925994,9.563745,-1.649452784e-07
8.858464,9.563745,3.802027150e-08
9.790934,9.563745,-1.985551847e-07
10.723404,9.563745,-1.612518107e-07
11.655874,9.563745,-1.807731541e-07
12.588343,9.563745,7.776414320e-08
13.520813,9.563745,-1.063009597e-07
14.453283,9.563745,-2.208669543e-07
15.385753,9.563745,2.504400206e-08
16.318223,9.563745,-1.263225417e-07
17.250693,9.563745,1.545147900e-07
18.183163,9.563745,8.389196225e-09
19.115633,9.563745,-6.006007807e-08
20.048102,9.563745,-1.256551222e-07
20.980572,9.563745,-1.115013505e-07
21.913042,9.563745,1.807534242e-07
22.845512,9.563745,9.854902878e-09
23.777982,9.563745,1.773662686e-07
24.710452,9.563745,9.938229615e-08
25.642922,9.563745,2.276375884e-08
26.575392,9.563745,2.600651195e-08
27.507861,9.563745,2.100096878e-07
28.440331,9.563745,5.295851161e-08
29.372801,9.563745,2.205056075e-07
-29.372801,10.223314,-7.376320875e-08
-28.440331,10.223314,-5.117271704e-08
-27.507861,10.223314,-1.341804899e-08
-26.575392,10.223314,8.307555041e-08
-25.642922,10.223314,-2.042938006e-07
-24.710452,10.223314,-1.157534233e-07
-23.777982,10.223314,-1.773239771e-07
-22.845512,10.223314,-2.625057184e-07
-21.913042,10.223314,-2.654208613e-07
-20.980572,10.223314,-1.060276342e-07
-20.048102,10.223314,-3.949989768e-07
-19.115633,10.223314,-3.561639287e-07
-18.183163,10.223314,-1.236441096e-07
-17.250693,10.223314,-1.923721926e-07
-16.318223,10.223314,-1.629666589e-07
-15.385753,10.223314,-1.343841797e-07
-14.453283,10.223314,-1.306977063e-07
-13.520813,10.223314,7.815630579e-08
-12.588343,10.223314,3.943334749e-08
-11.655874,10.223314,8.073669046e-08
-10.723404,10.223314,-1.553008670e-08
-9.790934,10.223314,-3.163575982e-08
-8.858464,10.223314,7.040223084e-08
-7.925994,10.223314,-6.114279790e-09
-6.993524,10.223314,1.244640092e-07
-6.061054,10.223314,1.343024991e-07
-5.128584,10.223314,-2.514799474e-07
-4.196114,10.223314,1.129033975e-07
-3.263645,10.223314,8.899334430e-09
-2.331175,10.223314,8.211574307e-08
-1.398705,10.223314,-2.303363576e-08
-0.466235,10.223314,1.098915718e-07
0.466235,10.223314,1.033748648e-07
1.398705,10.223314,-6.679159031e-09
2.331175,10.223314,8.687037205e-08
3.263645,10.223314,4.164064200e-08
4.196114,10.223314,1.711176638e-07
5.128584,10.223314,-6.200025684e-08
6.061054,10.223314,-1.644827466e-07
6.993524,10.223314,6.982818593e-08
7.925994,10.223314,-3.278265679e-07
8.858464,10.223314,-2.262283572e-07
9.790934,10.223314,-3.720556952e-08
10.723404,10.223314,6.574342951e-08
11.655874,10.223314,-1.988538997e-07
12.588343,10.223314,-1.307115130e-07
13.520813,10.223314,-7.050076759e-08
14.453283,10.223314,-1.530793359e-07
15.385753,10.223314,-1.153540467e-07
16.318223,10.223314,4.435374087e-08
17.250693,10.223314,-4.322024671e-08
18.183163,10.223314,1.802178807e-07
19.115633,10.223314,-1.197382180e-08
20.048102,10.223314,5.066006960e-08
20.980572,10.223314,-6.442470532e-08
21.913042,10.223314,-2.165543662e-08
22.845512,10.223314,6.686191726e-08
23.777982,10.223314,3.545969983e-08
24.710452,10.223314,2.711414188e-07
25.642922,10.223314,4.899820642e-08
26.575392,10.223314,2.973361582e-08
27.507861,10.223314,3.593298276e-08
28.440331,10.223314,1.009925768e-08
29.372801,10.223314,9.806176320e-08
-29.372801,10.882882,4.426635465e-08
-28.440331,10.882882,1.218041613e-07
-27.507861,10.882882,-8.917839853e-09
-26.575392,10.882882,-8.606165347e-08
-25.642922,10.882882,-1.954762423e-07
-24.710452,10.882882,-2.672824107e-07
-23.777982,10.882882,-7.284931549e-08
-22.845512,10.882882,-2.515927690e-07
-21.913042,10.882882,-1.313516482e-07
-20.980572,10.882882,-3.094798974e-07
-20.048102,10.882882,-2.148976622e-07
-19.115633,10.882882,-9.313424795e-08
-18.183163,10.882882,-3.974669541e-08
-17.250693,10.882882,-5.229808807e-08
-16.318223,10.882882,-2.761361008e-08
-15.385753,10.882882,-6.822664412e-08
-14.453283,10.882882,7.291996242e-09
-13.520813,10.882882,-6.980548284e-08
-12.588343,10.882882,5.790242165e-08
-11.655874,10.882882,-3.095145373e-09
-10.723404,10.882882,-5.460004769e-08
-9.790934,10.882882,5.329502057e-08
-8.858464,10.882882,1.705527582e-07
-7.925994,10.882882,7.256588405e-08
-6.993524,10.882882,8.625873550e-08
-6.061054,10.882882,-1.688899619e-07
-5.128584,10.882882,1.447409844e-07
-4.196114,10.882882,-2.843155054e-07
-3.263645,10.882882,4.403762016e-09
-2.331175,10.882882,3.546202748e-08
-1.398705,10.882882,1.019565540e-09
-0.466235,10.882882,-7.238714241e-08
0.466235,10.882882,-1.324301093e-07
1.398705,10.882882,-9.019568704e-08
2.331175,10.882882,7.070756559e-08
3.263645,10.882882,-1.886716552e-07
4.196114,10.882882,-1.908279248e-08
5.128584,10.882882,-5.622212511e-08
6.061054,10.882882,-2.023888264e-07
6.993524,10.882882,-1.234545824e-07
7.925994,10.882882,-4.852334814e-08
8.858464,10.882882,-2.825831789e-07
9.790934,10.882882,-1.587944814e-07
10.723404,10.882882,-2.886266086e-08
11.655874,10.882882,-3.402584203e-08
12.588343,10.882882,-1.777457101e-08
13.520813,10.882882,4.673786393e-10
14.453283,10.882882,6.885045341e-08
15.385753,10.882882,-6.967443015e-08
16.318223,10.882882,-2.231134982e-07
17.250693,10.882882,-4.279289790e-09
18.183163,10.882882,1.130240528e-07
19.115633,10.882882,9.903814003e-08
20.048102,10.882882,-1.872061568e-07
20.980572,10.882882,4.272962575e-08
21.913042,10.882882,-8.968982841e-08
22.845512,10.882882,1.351852195e-07
23.777982,10.882882,-1.357837816e-07
24.710452,10.882882,1.402833672e-07
25.642922,10.882882,2.242863902e-07
26.575392,10.882882,1.445105363e-07
27.507861,10.882882,1.605708966e-07
28.440331,10.882882,1.672521704e-07
29.372801,10.882882,1.911861221e-07
-29.372801,11.542451,-6.267447778e-08
-28.440331,11.542451,1.312028465e-07
-27.507861,11.542451,-3.418302171e-08
-26.575392,11.542451,-4.197339838e-08
-25.642922,11.542451,1.503054443e-08
-24.710452,11.542451,-1.663327186e-07
-23.777982,11.542451,-1.668413804e-07
-22.845512,11.542451,-1.540071141e-07
-21.913042,11.542451,-1.371555658e-07
-20.980572,11.542451,-4.691403247e-08
-20.048102,11.542451,-1.410153516e-07
-19.115633,11.542451,-1.481905753e-07
-18.183163,11.542451,-1.958600983e-07
-17.250693,11.542451,-1.177572409e-07
-16.318223,11.542451,-2.856358489e-08
-15.385753,11.542451,-6.716894176e-08
-14.453283,11.542451,-4.430383713e-08
-13.520813,11.542451,-1.242234804e-07
-12.588343,11.542451,-1.711852832e-07
-11.655874,11.542451,3.300569145e-08
-10.723404,11.542451,1.841098193e-08
-9.790934,11.542451,1.395532910e-07
-8.858464,11.542451,1.591882207e-07
-7.925994,11.542451,7.803177027e-08
-6.993524,11.542451,-2.020588219e-07
-6.061054,11.542451,9.285259918e-08
-5.128584,11.542451,9.622506035e-08
-4.196114,11.542451,-5.898607538e-08
-3.263645,11.542451,-1.887135285e-08
-2.331175,11.542451,1.203656365e-07
-1.398705,11.542451,-1.034824727e-07
-0.466235,11.542451,3.587064603e-08
0.466235,11.542451,-1.151018815e-07
1.398705,11.542451,-2.433675632e-08
2.331175,11.542451,-2.684203663e-07
3.263645,11.542451,-1.348444852e-07
4.196114,11.542451,-3.018096637e-07
5.128584,11.542451,-1.990746751e-07
6.061054,11.542451,-1.421151788e-07
6.993524,11.542451,-1.479938360e-07
7.925994,11.542451,-2.070291368e-08
8.858464,11.542451,-1.154285194e-07
9.790934,11.542451,-3.007844563e-07
10.723404,11.542451,-8.220688269e-08
11.655874,11.542451,-1.607698191e-07
12.588343,11.542451,-1.044012485e-07
13.520813,11.542451,7.284377426e-08
14.453283,11.542451,-1.104569346e-07
15.385753,11.542451,-7.039758308e-08
16.318223,11.542451,-7.896707282e-08
17.250693,11.542451,1.838515457e-07
18.183163,11.542451,-1.767362061e-07
19.115633,11.542451,3.902211538e-08
20.048102,11.542451,7.490805933e-08
20.980572,11.542451,2.437102959e-09
21.913042,11.542451,2.110152132e-07
22.845512,11.542451,-7.106511735e-08
23.777982,11.542451,1.625609973e-07
24.710452,11.542451,8.980635860e-08
25.642922,11.542451,6.539597025e-08
26.575392,11.542451,1.107917027e-07
27.507861,11.542451,2.422423692e-07
28.440331,11.542451,-7.864999189e-08
29.372801,11.542451,3.103303726e-07
-29.372801,12.202020,-1.239560472e-07
-28.440331,12.202020,5.939347771e-08
-27.507861,12.202020,-3.428302691e-08
-26.575392,12.202020,-1.781364892e-07
-25.642922,12.202020,-1.537393681e-07
-24.710452,12.202020,-1.149677857e-07
-23.777982,12.202020,-1.528811600e-07
-22.845512,12.202020,-2.086479503e-07
-21.913042,12.202020,-4.886842528e-08
-20.980572,12.202020,-1.218150880e-07
-20.048102,12.202020,-2.415487698e-08
-19.115633,12.202020,-1.385155042e-07
-18.183163,12.202020,-1.804344749e-07
-17.250693,12.202020,-2.099237603e-07
-16.318223,12.202020,-1.627064328e-07
-15.385753,12.202020,-2.214460696e-07
-14.453283,12.202020,-2.333745743e-07
-13.520813,12.202020,-1.869218203e-07
-12.588343,12.202020,2.170836737e-08
-11.655874,12.202020,1.348923933e-08
-10.723404,12.202020,2.476569274e-07
-9.790934,12.202020,-6.064888968e-08
-8.858464,12.202020,-9.191389419e-08
-7.925994,12.202020,-2.280354762e-08
-6.993524,12.202020,1.030649558e-07
-6.061054,12.202020,8.763206988e-08
-5.128584,12.202020,-3.377357835e-08
-4.196114,12.202020,2.186440763e-07
-3.263645,12.202020,-6.438420207e-08
-2.331175,12.202020,-1.595969885e-07
-1.398705,12.202020,7.954844474e-08
-0.466235,12.202020,-1.417035451e-07
0.466235,12.202020,-2.382903824e-08
1.398705,12.202020,-5.344938537e-08
2.331175,12.202020,-2.027037370e-07
3.263645,12.202020,2.021306718e-08
4.196114,12.202020,-1.493914425e-07
5.128584,12.202020,-1.230656854e-07
6.061054,12.202020,-1.164111307e-07
6.993524,12.202020,-1.396002038e-07
7.925994,12.202020,1.790119279e-08
8.858464,12.202020,1.031698814e-07
9.790934,12.202020,-8.649189829e-08
10.723404,12.202020,-1.002892692e-07
11.655874,12.202020,3.758516154e-08
12.588343,12.202020,8.460600301e-08
13.520813,12.202020,1.275811119e-07
14.453283,12.202020,5.162577801e-08
15.385753,12.202020,1.718562992e-07
16.318223,12.202020,-9.642726393e-08
17.250693,12.202020,4.239875063e-08
18.183163,12.202020,1.092861605e-08
19.115633,12.202020,7.993551083e-08
20.048102,12.202020,1.304434983e-07
20.980572,12.202020,-1.672194494e-07
21.913042,12.202020,4.984811382e-08
22.845512,12.202020,1.749239724e-09
23.777982,12.202020,1.923180779e-08
24.710452,12.202020,-1.113102689e-07
25.642922,12.202020,1.418531323e-07
26.575392,12.202020,1.675041665e-08
27.507861,12.202020,3.342513719e-08
28.440331,12.202020,-1.250464688e-10
29.372801,12.202020,7.182975683e-08
-29.372801,12.861588,-4.630441912e-10
-28.440331,12.861588,7.854302657e-08
-27.507861,12.861588,-7.004609214e-08
-26.575392,12.861588,2.965906642e-08
-25.642922,12.861588,-1.444322899e-07
-24.710452,12.861588,-6.323523446e-08
-23.777982,12.861588,2.636288298e-08
-22.845512,12.861588,-1.507565841e-07
-21.913042,12.861588,-1.819790708e-07
-20.980572,12.861588,-2.080578619e-07
-20.048102,12.861588,-2.097065053e-07
-19.115633,12.861588,-6.341780498e-08
-18.183163,12.861588,-1.014950381e-07
-17.250693,12.861588,3.615719638e-08
-16.318223,12.861588,-2.323744509e-07
-15.385753,12.861588,3.662015734e-08
-14.453283,12.861588,3.991689398e-08
-13.520813,12.861588,-1.386368156e-07
-12.588343,12.861588,-2.576296022e-08
-11.655874,12.861588,-1.974971568e-08
-10.723404,12.861588,-3.609160512e-08
-9.790934,12.861588,6.719345321e-08
-8.858464,12.861588,1.070805077e-07
-7.925994,12.861588,-1.423809186e-08
-6.993524,12.861588,-2.121103121e-07
-6.061054,12.861588,1.238240376e-07
-5.128584,12.861588,1.476474297e-07
-4.196114,12.861588,-8.382653939e-08
-3.263645,12.861588,-1.491021911e-07
-2.331175,12.861588,-1.648631733e-07
-1.398705,12.861588,-9.059725017e-08
-0.466235,12.861588,-1.842864028e-07
0.466235,12.861588,-1.209591863e-07
1.398705,12.861588,9.344859855e-09
2.331175,12.861588,-1.313137250e-07
3.263645,12.861588,1.622323256e-08
4.196114,12.861588,-1.163790093e-07
5.128584,12.861588,-1.691042723e-07
6.061054,12.861588,-1.630096604e-07
6.993524,12.861588,-8.264178915e-08
7.925994,12.861588,-6.728066088e-08
8.858464,12.861588,1.997205131e-08
9.790934,12.861588,-4.606837471e-08
10.723404,12.861588,1.511488661e-08
11.655874,12.861588,-8.022702369e-08
12.588343,12.861588,-1.327002651e-07
13.520813,12.861588,-1.198908428e-08
14.453283,12.861588,-4.944969703e-08
15.385753,12.861588,2.253225926e-07
16.318223,12.861588,7.332599044e-08
17.250693,12.861588,1.171573910e-08
18.183163,12.861588,1.849657392e-07
19.115633,12.861588,1.339565629e-08
20.048102,12.861588,1.192072905e-08
20.980572,12.861588,1.463959483e-07
21.913042,12.861588,6.950585996e-08
22.845512,12.861588,-3.426058054e-08
23.777982,12.861588,-9.178141372e-08
24.710452,12.861588,-2.146217935e-07
25.642922,12.861588,4.507638631e-08
26.575392,12.861588,-3.355675258e-08
27.507861,12.861588,6.902136415e-08
28.440331,12.861588,9.934928878e-08
29.372801,12.861588,8.079941844e-08
-29.372801,13.521157,-1.188579727e-07
-28.440331,13.521157,7.636470635e-08
-27.507861,13.521157,-3.979354756e-08
-26.575392,13.521157,-4.300711507e-08
-25.642922,13.521157,-1.157486762e-07
-24.710452,13.521157,-1.869344953e-07
-23.777982,13.521157,-1.595922164e-07
-22.845512,13.521157,-2.474211059e-07
-21.913042,13.521157,-2.545049441e-07
-20.980572,13.521157,-1.880844057e-07
-20.048102,13.521157,-3.338475210e-07
-19.115633,13.521157,-2.986319319e-07
-18.183163,13.521157,-1.026432171e-07
-17.250693,13.521157,-4.775946194e-08
-16.318223,13.521157,-2.947383706e-07
-15.385753,13.521157,-7.542992219e-08
-14.453283,13.521157,-6.513229441e-08
-13.520813,13.521157,-8.512806155e-08
-12.588343,13.521157,-1.309552519e-09
-11.655874,13.521157,-1.526493628e-07
-10.723404,13.521157,-1.292415905e-07
-9.790934,13.521157,5.679106009e-08
-8.858464,13.521157,9.979908804e-08
-7.925994,13.521157,1.084879525e-08
-6.993524,13.521157,-1.849993594e-08
-6.061054,13.521157,2.332513026e-08
-5.128584,13.521157,1.311392912e-07
-4.196114,13.521157,4.479055454e-08
-3.263645,13.521157,9.360356351e-08
-2.331175,13.521157,5.762272881e-08
-1.398705,13.521157,1.459320884e-07
-0.466235,13.521157,8.921733195e-09
0.466235,13.521157,-1.556023003e-07
1.398705,13.521157,-1.433181117e-07
2.331175,13.521157,6.330447899e-08
3.263645,13.521157,2.244247571e-08
4.196114,13.521157,-2.283329241e-07
5.128584,13.521157,-8.653842135e-08
6.061054,13.521157,-6.702270930e-08
6.993524,13.521157,-9.018774132e-08
7.925994,13.521157,-2.171104349e-07
8.858464,13.521157,-8.966502371e-08
9.790934,13.521157,4.509084647e-09
10.723404,13.521157,1.598921214e-08
11.655874,13.521157,-3.650947060e-09
12.588343,13.521157,1.226331215e-07
13.520813,13.521157,2.392657801e-08
14.453283,13.521157,8.567381101e-08
15.385753,13.521157,1.923897730e-08
16.318223,13.521157,5.540378275e-08
17.250693,13.521157,1.801684193e-07
18.183163,13.521157,8.232095095e-08
19.115633,13.521157,1.526632558e-07
20.048102,13.521157,3.124557141e-08
20.980572,13.521157,4.658745956e-08
21.913042,13.521157,6.275799074e-08
22.845512,13.521157,-5.524715462e-08
23.777982,13.521157,2.362038007e-07
24.710452,13.521157,1.773090026e-07
25.642922,13.521157,5.575558187e-08
26.575392,13.521157,2.291373814e-08
27.507861,13.521157,9.540367225e-08
28.440331,13.521157,1.793881125e-07
29.372801,13.521157,-1.144400588e-08
-29.372801,14.180725,-5.681163133e-08
-28.440331,14.180725,-2.710865772e-08
-27.507861,14.180725,1.130395718e-07
-26.575392,14.180725,-8.285900990e-08
-25.642922,14.180725,-1.083880696e-07
-24.710452,14.180725,-2.670046646e-08
-23.777982,14.180725,-2.841322561e-07
-22.845512,14.180725,7.518862950e-09
-21.913042,14.180725,-7.181873243e-08
-20.980572,14.180725,-8.137222040e-08
-20.048102,14.180725,-3.779413443e-07
-19.115633,14.180725,-1.573189384e-07
-18.183163,14.180725,-1.049514509e-07
-17.250693,14.180725,-1.520022586e-07
-16.318223,14.180725,-1.892013110e-07
-15.385753,14.180725,2.867848564e-08
-14.453283,14.180725,-1.488010297e-07
-13.520813,14.180725,-6.046625964e-08
-12.588343,14.180725,-1.666436504e-07
-11.655874,14.180725,1.066439368e-07
-10.723404,14.180725,7.053755303e-08
-9.790934,14.180725,-2.312589077e-08
-8.858464,14.180725,-3.566367504e-08
-7.925994,14.180725,1.853452706e-07
-6.993524,14.180725,-2.324989297e-08
-6.061054,14.180725,1.727696892e-07
-5.128584,14.180725,2.361985223e-08
-4.196114,14.180725,5.090980909e-08
-3.263645,14.180725,7.442052939e-09
-2.331175,14.180725,-1.783226238e-07
-1.398705,14.180725,-9.580348842e-08
-0.466235,14.180725,-1.726847900e-07
0.466235,14.180725,-8.465162222e-08
1.398705,14.180725,-1.138798353e-07
2.331175,14.180725,2.639482611e-08
3.263645,14.180725,-1.762372558e-07
4.196114,14.180725,-1.992568304e-07
5.128584,14.180725,-1.565753626e-07
6.061054,14.180725,-5.322334815e-08
6.993524,14.180725,-5.244650230e-08
7.925994,14.180725,-5.117303230e-09
8.858464,14.180725,3.953956168e-08
9.790934,14.180725,-9.936063636e-08
10.723404,14.180725,2.380283923e-08
11.655874,14.180725,-1.485539840e-07
12.588343,14.180725,-1.167898933e-08
13.520813,14.180725,1.072563738e-07
14.453283,14.180725,1.166290637e-08
15.385753,14.180725,1.179775822e-07
16.318223,14.180725,-4.539488354e-08
17.250693,14.180725,2.464071903e-07
18.183163,14.180725,1.577524598e-07
19.115633,14.180725,1.290655720e-07
20.048102,14.180725,1.638635912e-08
20.980572,14.180725,1.388361271e-07
21.913042,14.180725,-1.376287092e-07
22.845512,14.180725,8.828520420e-10
23.777982,14.180725,4.684972366e-08
24.710452,14.180725,9.160424012e-09
25.642922,14.180725,-1.430071126e-07
26.575392,14.180725,1.112077205e-07
27.507861,14.180725,1.034837920e-07
28.440331,14.180725,-3.336964612e-08
29.372801,14.180725,1.369564743e-07
-29.372801,14.840294,4.502343860e-08
-28.440331,14.840294,-2.811994570e-08
-27.507861,14.840294,-2.010489576e-07
-26.575392,14.840294,-1.474106251e-07
-25.642922,14.840294,4.234812575e-08
-24.710452,14.840294,1.669294479e-08
-23.777982,14.840294,-1.110501114e-07
-22.845512,14.840294,-1.736162314e-07
-21.913042,14.840294,-2.476436582e-07
-20.980572,14.840294,-1.977492834e-07
-20.048102,14.840294,-5.152970807e-07
-19.115633,14.840294,-1.326248753e-07
-18.183163,14.840294,-9.906643166e-08
-17.250693,14.840294,-4.646914479e-08
-16.318223,14.840294,-2.410539042e-07
-15.385753,14.840294,-2.893181160e-07
-14.453283,14.840294,-3.177285888e-08
-13.520813,14.840294,-1.169092342e-07
-12.588343,14.840294,1.199288242e-09
-11.655874,14.840294,-1.253178975e-07
-10.723404,14.840294,2.925286988e-09
-9.790934,14.840294,-5.340861135e-08
-8.858464,14.840294,1.805189889e-07
-7.925994,14.840294,2.790772723e-08
-6.993524,14.840294,1.229746280e-07
-6.061054,14.840294,1.483681274e-07
-5.128584,14.840294,5.069675133e-08
-4.196114,14.840294,-4.406761813e-08
-3.263645,14.840294,4.354372678e-08
-2.331175,14.840294,-2.878740966e-08
-1.398705,14.840294,-1.101176878e-07
-0.466235,14.840294,-1.294334457e-07
0.466235,14.840294,1.884075985e-08
1.398705,14.840294,-1.788641702e-07
2.331175,14.840294,2.245692041e-08
3.263645,14.840294,-5.526802123e-08
4.196114,14.840294,-1.207816961e-08
5.128584,14.840294,-1.388546829e-07
6.061054,14.840294,-6.674094794e-08
6.993524,14.840294,-7.420607737e-08
7.925994,14.840294,-1.149517233e-07
8.858464,14.840294,-1.348597338e-07
9.790934,14.840294,-2.330307195e-07
10.723404,14.840294,7.886448622e-08
11.655874,14.840294,-8.542484436e-09
12.588343,14.840294,-8.355255182e-08
13.520813,14.840294,-6.974451859e-08
14.453283,14.840294,-1.817969949e-08
15.385753,14.840294,1.629839871e-07
16.318223,14.840294,2.479603632e-08
17.250693,14.840294,-4.116026693e-08
18.183163,14.840294,1.141728106e-07
19.115633,14.840294,6.902068628e-08
20.048102,14.840294,-6.496721464e-08
20.980572,14.840294,4.627771926e-08
21.913042,14.840294,1.026906951e-08
22.845512,14.840294,-1.693973867e-07
23.777982,14.840294,-8.787802201e-09
24.710452,14.840294,6.979160477e-08
25.642922,14.840294,-1.528261475e-07
26.575392,14.840294,9.171508635e-09
27.507861,14.840294,-1.513974649e-07
28.440331,14.840294,9.269988891e-08
29.372801,14.840294,6.926285787e-08
-29.372801,15.499863,9.908683752e-08
-28.440331,15.499863,7.874399306e-09
-27.507861,15.499863,-1.476123210e-07
-26.575392,15.499863,1.809657130e-08
-25.642922,15.499863,-1.612427438e-07
-24.710452,15.499863,-3.255248351e-07
-23.777982,15.499863,-6.583148720e-08
-22.845512,15.499863,-4.511548158e-08
-21.913042,15.499863,-5.473785505e-08
-20.980572,15.499863,-1.326199061e-07
-20.048102,15.499863,-1.749440285e-07
-19.115633,15.499863,-2.520312353e-07
-18.183163,15.499863,-2.376973455e-07
-17.250693,15.499863,-3.835900619e-08
-16.318223,15.499863,-5.420060185e-08
-15.385753,15.499863,-3.925916477e-08
-14.453283,15.499863,-6.446960710e-08
-13.520813,15.499863,-1.261621911e-07
-12.588343,15.499863,3.275142161e-08
-11.655874,15.499863,6.679721773e-09
-10.723404,15.499863,4.020443621e-08
-9.790934,15.499863,7.752755977e-08
-8.858464,15.499863,2.747729248e-08
-7.925994,15.499863,7.594808618e-08
-6.993524,15.499863,-1.353623336e-08
-6.061054,15.499863,2.170399821e-07
-5.128584,15.499863,1.323403438e-07
-4.196114,15.499863,6.181500534e-08
-3.263645,15.499863,-2.195043037e-07
-2.331175,15.499863,-9.100077364e-08
-1.398705,15.499863,-8.480374488e-08
-0.466235,15.499863,-1.243388962e-08
0.466235,15.499863,-1.683173405e-07
1.398705,15.499863,6.903902741e-08
2.331175,15.499863,2.433825652e-08
3.263645,15.499863,1.423958555e-07
4.196114,15.499863,-1.211224449e-07
5.128584,15.499863,2.939947712e-08
6.061054,15.499863,-7.333613736e-08
6.993524,15.499863,-1.240729786e-07
7.925994,15.499863,-1.518183352e-07
8.858464,15.499863,-6.493021646e-08
9.790934,15.499863,1.056543147e-07
10.723404,15.499863,1.946097333e-08
11.655874,15.499863,6.834901990e-08
12.588343,15.499863,2.112046792e-07
13.520813,15.499863,-2.837123028e-08
14.453283,15.499863,-9.584797371e-09
15.385753,15.499863,8.710145321e-08
16.318223,15.499863,6.808056399e-09
17.250693,15.499863,5.827817787e-08
18.183163,15.499863,-7.035091074e-08
19.115633,15.499863,9.914126997e-08
20.048102,15.499863,1.570622740e-07
20.980572,15.499863,-1.308365194e-08
21.913042,15.499863,-3.019546306e-08
22.845512,15.499863,-4.342380816e-09
23.777982,15.499863,-3.460582148e-08
24.710452,15.499863,8.767243044e-08
25.642922,15.499863,6.379696628e-09
26.575392,15.499863,-2.615637220e-07
27.507861,15.499863,-2.882836904e-09
28.440331,15.499863,-1.080071511e-07
29.372801,15.499863,5.677247150e-09
-29.372801,16.159431,3.812563075e-08
-28.440331,16.159431,7.106431893e-08
-27.507861,16.159431,-6.249905056e-08
-26.575392,16.159431,-9.474062277e-08
-25.642922,16.159431,-1.852954802e-07
-24.710452,16.159431,-1.740302617e-08
-23.777982,16.159431,7.686560600e-08
-22.845512,16.159431,-2.486134973e-07
-21.913042,16.159431,-1.857104766e-07
-20.980572,16.159431,1.731215149e-07
-20.048102,16.159431,-9.679237690e-08
-19.115633,16.159431,-1.688326495e-07
-18.183163,16.159431,-1.185019292e-07
-17.250693,16.159431,-3.009138880e-07
-16.318223,16.159431,-1.134216638e-07
-15.385753,16.159431,7.856013278e-08
-14.453283,16.159431,-3.032453188e-07
-13.520813,16.159431,-4.419703281e-08
-12.588343,16.159431,-1.226216472e-07
-11.655874,16.159431,-4.866755314e-09
-10.723404,16.159431,1.222602296e-07
-9.790934,16.159431,4.477009913e-08
-8.858464,16.159431,1.265500862e-07
-7.925994,16.159431,7.429757179e-08
-6.993524,16.159431,4.202345271e-08
-6.061054,16.159431,-8.017383692e-09
-5.128584,16.159431,-3.444707896e-08
-4.196114,16.159431,1.872901305e-07
-3.263645,16.159431,2.437816652e-08
-2.331175,16.159431,-1.895360497e-08
-1.398705,16.159431,-5.710873616e-08
-0.466235,16.159431,-9.481756031e-08
0.466235,16.159431,-1.307045880e-07
1.398705,16.159431,-7.280470173e-08
2.331175,16.159431,-6.101318433e-08
3.263645,16.159431,3.604889693e-08
4.196114,16.159431,-2.352760479e-08
5.128584,16.159431,-1.748738593e-07
6.061054,16.159431,3.374830819e-08
6.993524,16.159431,1.986781576e-08
7.925994,16.159431,-3.067141146e-08
8.858464,16.159431,5.479459867e-08
9.790934,16.159431,-1.211522900e-07
10.723404,16.159431,-1.308431524e-08
11.655874,16.159431,1.207646562e-07
12.588343,16.159431,1.456692144e-07
13.520813,16.159431,-2.028132815e-08
14.453283,16.159431,1.362179805e-07
15.385753,16.159431,5.603555503e-08
16.318223,16.159431,1.477382378e-07
17.250693,16.159431,4.155026466e-08
18.183163,16.159431,-4.126365415e-08
19.115633,16.159431,1.712656786e-07
20.048102,16.159431,-2.307616641e-08
20.980572,16.159431,-6.123909900e-09
21.913042,16.159431,1.445712605e-07
22.845512,16.159431,6.186988339e-08
23.777982,16.159431,1.004400899e-07
24.710452,16.159431,-7.736772988e-08
25.642922,16.159431,-5.138205905e-08
26.575392,16.159431,6.829852115e-08
27.507861,16.159431,-9.049337968e-08
28.440331,16.159431,6.071765781e-08
29.372801,16.159431,-2.276578118e-07
-29.372801,16.819000,-1.440127383e-07
-28.440331,16.819000,-1.551569431e-07
-27.507861,16.819000,-1.270028123e-07
-26.575392,16.819000,-2.045979696e-09
-25.642922,16.819000,-1.570170489e-07
-24.710452,16.819000,9.621609429e-09
-23.777982,16.819000,-1.108000593e-07
-22.845512,16.819000,-2.776574802e-07
-21.913042,16.819000,-1.003539917e-08
-20.980572,16.819000,-2.941976499e-09
-20.048102,16.819000,-4.472095242e-09
-19.115633,16.819000,-1.199159587e-07
-18.183163,16.819000,1.549019827e-07
-17.250693,16.819000,-1.044745539e-07
-16.318223,16.819000,-2.172091502e-07
-15.385753,16.819000,3.893212288e-08
-14.453283,16.819000,8.541634457e-08
-13.520813,16.819000,2.812525124e-08
-12.588343,16.819000,-1.302408720e-08
-11.655874,16.819000,2.846917961e-08
-10.723404,16.819000,1.780801512e-07
-9.790934,16.819000,1.311956622e-09
-8.858464,16.819000,1.542606329e-07
-7.925994,16.819000,1.818794158e-07
-6.993524,16.819000,6.172695626e-08
-6.061054,16.819000,-3.276712563e-08
-5.128584,16.819000,2.934094380e-08
-4.196114,16.819000,-1.788217014e-07
-3.263645,16.819000,-1.588895551e-08
-2.331175,16.819000,-1.413100841e-07
-1.398705,16.819000,-4.314246416e-08
-0.466235,16.819000,5.192837745e-08
0.466235,16.819000,-1.715043654e-07
1.398705,16.819000,-1.578589050e-07
2.331175,16.819000,-2.331079593e-08
3.263645,16.819000,-2.112107423e-07
4.196114,16.819000,-1.658205919e-07
5.128584,16.819000,-5.312913965e-08
6.061054,16.819000,-4.678681557e-08
6.993524,16.819000,-1.837112760e-07
7.925994,16.819000,-1.017259510e-07
8.858464,16.819000,6.169672866e-08
9.790934,16.819000,1.127405088e-07
10.723404,16.819000,-1.392182315e-07
11.655874,16.819000,3.351806327e-07
12.588343,16.819000,8.937404219e-08
13.520813,16.819000,1.210568490e-07
14.453283,16.819000,4.188941272e-08
15.385753,16.819000,1.307560788e-07
16.318223,16.819000,2.906521520e-08
17.250693,16.819000,-1.487564474e-08
18.183163,16.819000,-4.247344970e-08
19.115633,16.819000,1.561693849e-07
20.048102,16.819000,-5.791755695e-08
20.980572,16.819000,7.349202658e-08
21.913042,16.819000,3.280902273e-08
22.845512,16.819000,-5.887427265e-08
23.777982,16.819000,2.299550128e-08
24.710452,16.819000,-1.129396273e-08
25.642922,16.819000,-1.092503685e-07
26.575392,16.819000,5.560446838e-08
27.507861,16.819000,-6.594814865e-08
28.440331,16.819000,9.162193960e-08
29.372801,16.819000,-7.157421259e-08
-29.372801,17.478569,-1.165897389e-07
-28.440331,17.478569,-4.923791189e-08
-27.507861,17.478569,5.310092992e-08
-26.575392,17.478569,5.827846081e-08
-25.642922,17.478569,6.682506064e-08
-24.710452,17.478569,1.243650160e-08
-23.777982,17.478569,1.217400829e-08
-22.845512,17.478569,-1.086773329e-08
-21.913042,17.478569,-6.970299415e-08
-20.980572,17.478569,-6.640680131e-08
-20.048102,17.478569,-4.217760900e-08
-19.115633,17.478569,-6.841873266e-08
-18.183163,17.478569,2.760940388e-08
-17.250693,17.478569,-1.813247374e-07
-16.318223,17.478569,1.856712049e-07
-15.385753,17.478569,5.556069843e-08
-14.453283,17.478569,1.708143455e-07
-13.520813,17.478569,-5.396076628e-08
-12.588343,17.478569,2.376746849e-07
-11.655874,17.478569,-4.441251779e-08
-10.723404,17.478569,1.242546364e-07
-9.790934,17.478569,7.582748435e-08
-8.858464,17.478569,9.364541501e-08
-7.925994,17.478569,1.289297685e-07
-6.993524,17.478569,9.472952182e-08
-6.061054,17.478569,8.093270103e-08
-5.128584,17.478569,1.316129752e-07
-4.196114,17.478569,1.721678533e-07
-3.263645,17.478569,-2.123515598e-08
-2.331175,17.478569,-5.420670932e-08
-1.398705,17.478569,-6.514530602e-08
-0.466235,17.478569,-1.941474255e-08
0.466235,17.478569,-1.435440850e-08
1.398705,17.478569,-1.226346362e-07
2.331175,17.478569,-7.295476681e-08
3.263645,17.478569,-1.828786245e-07
4.196114,17.478569,-1.824424541e-07
5.128584,17.478569,-4.872678190e-08
6.061054,17.478569,6.637714854e-08
6.993524,17.478569,1.071154988e-07
7.925994,17.478569,-2.100277199e-07
8.858464,17.478569,-1.652940946e-07
9.790934,17.478569,-1.592451411e-07
10.723404,17.478569,-1.219435017e-07
11.655874,17.478569,-1.143735596e-07
12.588343,17.478569,5.863139919e-08
13.520813,17.478569,-1.108117961e-07
14.453283,17.478569,5.990817080e-08
15.385753,17.478569,-3.504477550e-08
16.318223,17.478569,-6.274097751e-08
17.250693,17.478569,1.231538040e-07
18.183163,17.478569,1.786496615e-07
19.115633,17.478569,6.579075808e-08
20.048102,17.478569,4.286640463e-08
20.980572,17.478569,-3.349256612e-08
21.913042,17.478569,1.458614447e-07
22.845512,17.478569,2.391375321e-08
23.777982,17.478569,1.837011833e-07
24.710452,17.478569,1.408700226e-07
25.642922,17.478569,6.832981940e-08
26.575392,17.478569,3.075524573e-08
27.507861,17.478569,-5.869282383e-08
28.440331,17.478569,2.648647701e-08
29.372801,17.478569,-1.283271547e-07
-29.372801,18.138137,-1.640094095e-08
-28.440331,18.138137,1.428900369e-08
-27.507861,18.138137,9.659802294e-08
-26.575392,18.138137,7.695240794e-08
-25.642922,18.138137,1.535045924e-08
-24.710452,18.138137,6.776706826e-08
-23.777982,18.138137,-1.372400334e-07
-22.845512,18.138137,-1.015473382e-07
-21.913042,18.138137,-2.665740269e-09
-20.980572,18.138137,1.230747962e-07
-20.048102,18.138137,6.064030338e-09
-19.115633,18.138137,1.711955115e-08
-18.183163,18.138137,3.051589764e-08
-17.250693,18.138137,-1.008524323e-07
-16.318223,18.138137,-3.556810023e-08
-15.385753,18.138137,5.991862867e-08
-14.453283,18.138137,9.183642739e-08
-13.520813,18.138137,-2.381787920e-08
-12.588343,18.138137,1.203557531e-07
-11.655874,18.138137,2.017141302e-07
-10.723404,18.138137,2.293339944e-07
-9.790934,18.138137,1.705973167e-07
-8.858464,18.138137,1.509340658e-07
-7.925994,18.138137,2.120500438e-07
-6.993524,18.138137,1.972269704e-07
-6.061054,18.138137,2.133500843e-07
-5.128584,18.138137,-1.785007432e-07
-4.196114,18.138137,8.311576150e-08
-3.263645,18.138137,-4.972298898e-08
-2.331175,18.138137,-8.780946511e-08
-1.398705,18.138137,-1.213025284e-07
-0.466235,18.138137,2.579536426e-08
0.466235,18.138137,8.532546496e-08
1.398705,18.138137,-1.220204522e-07
2.331175,18.138137,-1.697993738e-07
3.263645,18.138137,-1.206302826e-07
4.196114,18.138137,2.592805817e-08
5.128584,18.138137,7.542690775e-09
6.061054,18.138137,-9.911978433e-08
6.993524,18.138137,-3.784240373e-08
7.925994,18.138137,1.292068707e-07
8.858464,18.138137,1.983832183e-08
9.790934,18.138137,-9.454155450e-08
10.723404,18.138137,-2.969874154e-08
11.655874,18.138137,2.179349416e-08
12.588343,18.138137,-1.321754691e-08
13.520813,18.138137,-1.405411689e-07
14.453283,18.138137,6.529664186e-08
15.385753,18.138137,7.207218634e-08
16.318223,18.138137,9.372719291e-08
17.250693,18.138137,1.565694072e-07
18.183163,18.138137,1.535589785e-07
19.115633,18.138137,-5.854490629e-08
20.048102,18.138137,6.197711174e-08
20.980572,18.138137,-3.926827533e-09
21.913042,18.138137,2.492336947e-07
22.845512,18.138137,1.032283427e-07
23.777982,18.138137,-1.328508134e-07
24.710452,18.138137,8.635419193e-08
25.642922,18.138137,1.348964331e-08
26.575392,18.138137,-4.266976127e-08
27.507861,18.138137,-1.855802939e-07
28.440331,18.138137,7.005968840e-08
29.372801,18.138137,-1.320352982e-07
-29.372801,18.797706,-7.946668153e-09
-28.440331,18.797706,1.227784836e-07
-27.507861,18.797706,1.980767743e-07
-26.575392,18.797706,7.664270959e-08
-25.642922,18.797706,1.502670970e-07
-24.710452,18.797706,1.118458971e-08
-23.777982,18.797706,-1.106827141e-07
-22.845512,18.797706,1.084032144e-07
-21.913042,18.797706,8.149117073e-08
-20.980572,18.797706,-1.571037990e-07
-20.048102,18.797706,-7.043430400e-08
-19.115633,18.797706,2.202183903e-08
-18.183163,18.797706,2.393668235e-08
-17.250693,18.797706,3.470295617e-08
-16.318223,18.797706,-1.488007317e-07
-15.385753,18.797706,3.063943383e-09
-14.453283,18.797706,1.618577516e-07
-13.520813,18.797706,5.573690363e-08
-12.588343,18.797706,2.630464314e-07
-11.655874,18.797706,2.493683869e-08
-10.723404,18.797706,1.744766650e-07
-9.790934,18.797706,1.029000051e-07
-8.858464,18.797706,-1.474053240e-08
-7.925994,18.797706,1.775167263e-07
-6.993524,18.797706,1.347299472e-07
-6.061054,18.797706,1.295322222e-07
-5.128584,18.797706,3.443209732e-08
-4.196114,18.797706,2.088290280e-07
-3.263645,18.797706,-5.751896887e-08
-2.331175,18.797706,1.640734952e-07
-1.398705,18.797706,4.556552060e-08
-0.466235,18.797706,9.512539736e-08
0.466235,18.797706,-2.519557406e-09
1.398705,18.797706,-6.622632465e-08
2.331175,18.797706,6.253739420e-08
3.263645,18.797706,-1.518239716e-07
4.196114,18.797706,-1.153217669e-07
5.128584,18.797706,-1.738258794e-07
6.061054,18.797706,1.310211166e-07
6.993524,18.797706,-8.894895316e-08
7.925994,18.797706,1.142187413e-07
8.858464,18.797706,1.776356567e-07
9.790934,18.797706,3.456800377e-10
10.723404,18.797706,3.781327507e-08
11.655874,18.797706,-3.765229620e-08
12.588343,18.797706,2.188680495e-07
13.520813,18.797706,2.396446421e-08
14.453283,18.797706,1.018410754e-07
15.385753,18.797706,1.137131449e-07
16.318223,18.797706,-4.033012505e-08
17.250693,18.797706,1.699099337e-07
18.183163,18.797706,-1.553191461e-08
19.115633,18.797706,-1.140037931e-07
20.048102,18.797706,-5.267592730e-08
20.980572,18.797706,7.319327846e-08
21.913042,18.797706,6.481779588e-08
22.845512,18.797706,1.160919018e-07
23.777982,18.797706,1.209345981e-07
24.710452,18.797706,-1.076072461e-07
25.642922,18.797706,-1.637714060e-07
26.575392,18.797706,6.717503108e-08
27.507861,18.797706,-2.567629667e-08
28.440331,18.797706,-7.052577200e-08
29.372801,18.797706,-2.912503089e-08
-29.372801,19.457274,-3.294030225e-08
-28.440331,19.457274,-1.099533498e-07
-27.507861,19.457274,7.713573192e-08
-26.575392,19.457274,1.810057586e-08
-25.642922,19.457274,7.628150621e-08
-24.710452,19.457274,1.480551277e-07
-23.777982,19.457274,8.770883746e-08
-22.845512,19.457274,6.205162819e-08
-21.913042,19.457274,5.712632714e-08
-20.980572,19.457274,-4.382949580e-08
-20.048102,19.457274,1.161923496e-07
-19.115633,19.457274,-5.980141388e-08
-18.183163,19.457274,6.152221562e-08
-17.250693,19.457274,-1.248930919e-07
-16.318223,19.457274,-5.137053619e-08
-15.385753,19.457274,-7.759721678e-08
-14.453283,19.457274,4.761205063e-08
-13.520813,19.457274,1.199123862e-07
-12.588343,19.457274,1.451209043e-07
-11.655874,19.457274,2.396606595e-08
-10.723404,19.457274,1.694222307e-09
-9.790934,19.457274,2.689388225e-07
-8.858464,19.457274,2.153445056e-07
-7.925994,19.457274,2.980716636e-07
-6.993524,19.457274,2.829593150e-07
-6.061054,19.457274,-5.750963358e-08
-5.128584,19.457274,1.088275933e-07
-4.196114,19.457274,1.025649415e-07
-3.263645,19.457274,-1.043731130e-07
-2.331175,19.457274,-1.149323624e-07
-1.398705,19.457274,-8.757418896e-08
-0.466235,19.457274,-2.573352983e-07
0.466235,19.457274,1.055992452e-08
1.398705,19.457274,-6.004739603e-08
2.331175,19.457274,-5.798157359e-09
3.263645,19.457274,-2.624356800e-07
4.196114,19.457274,-1.146543907e-07
5.128584,19.457274,-1.773858610e-07
6.061054,19.457274,-5.324399666e-09
6.993524,19.457274,4.492704719e-08
7.925994,19.457274,-1.617901786e-07
8.858464,19.457274,1.210543512e-07
9.790934,19.457274,-5.946479112e-08
10.723404,19.457274,-1.698687857e-07
11.655874,19.457274,1.311611636e-07
12.588343,19.457274,-6.439369664e-08
13.520813,19.457274,1.023728374e-07
14.453283,19.457274,6.192610485e-08
15.385753,19.457274,1.505025369e-07
16.318223,19.457274,-7.735263809e-08
17.250693,19.457274,9.124556620e-08
18.183163,19.457274,1.890111391e-07
19.115633,19.457274,1.676241916e-07
20.048102,19.457274,2.516675986e-07
20.980572,19.457274,1.037508258e-07
21.913042,19.457274,7.214280565e-08
22.845512,19.457274,3.357654280e-08
23.777982,19.457274,-1.473867418e-10
24.710452,19.457274,-9.579950605e-08
25.642922,19.457274,-7.866607680e-08
26.575392,19.457274,4.432545883e-08
27.507861,19.457274,-1.172605099e-07
28.440331,19.457274,-1.853928915e-07
29.372801,19.457274,3.428610861e-09
-29.372801,20.116843,2.812544647e-09
-28.440331,20.116843,1.149735594e-07
-27.507861,20.116843,-6.706448012e-08
-26.575392,20.116843,-3.640589509e-09
-25.642922,20.116843,1.921725312e-08
-24.710452,20.116843,1.367125427e-07
-23.777982,20.116843,-1.393108789e-08
-22.845512,20.116843,6.639768508e-08
-21.913042,20.116843,-8.307542315e-08
-20.980572,20.116843,4.706508216e-08
-20.048102,20.116843,-3.059776925e-08
-19.115633,20.116843,4.564646167e-08
-18.183163,20.116843,2.317761257e-07
-17.250693,20.116843,-8.295142375e-08
-16.318223,20.116843,3.222406902e-08
-15.385753,20.116843,6.708649011e-08
-14.453283,20.116843,3.122570216e-07
-13.520813,20.116843,2.142206152e-07
-12.588343,20.116843,1.097289453e-07
-11.655874,20.116843,1.405203888e-07
-10.723404,20.116843,1.350980622e-07
-9.790934,20.116843,1.363681109e-07
-8.858464,20.116843,3.970158089e-07
-7.925994,20.116843,1.327338846e-07
-6.993524,20.116843,1.392625608e-07
-6.061054,20.116843,1.858371559e-07
-5.128584,20.116843,-1.733799305e-08
-4.196114,20.116843,1.508414243e-08
-3.263645,20.116843,-1.076321491e-07
-2.331175,20.116843,1.207415086e-07
-1.398705,20.116843,-4.287492894e-08
-0.466235,20.116843,6.168716291e-08
0.466235,20.116843,-1.618143205e-07
1.398705,20.116843,-6.753910886e-08
2.331175,20.116843,-5.227801757e-08
3.263645,20.116843,-9.271440855e-08
4.196114,20.116843,4.900497156e-08
5.128584,20.116843,-1.321736860e-07
6.061054,20.116843,5.993743700e-08
6.993524,20.116843,1.740250105e-07
7.925994,20.116843,-1.232024217e-07
8.858464,20.116843,1.469200125e-07
9.790934,20.116843,1.448818300e-07
10.723404,20.116843,1.302970228e-07
11.655874,20.116843,1.351194259e-08
12.588343,20.116843,-5.486394841e-08
13.520813,20.116843,3.378396757e-08
14.453283,20.116843,2.517607524e-07
15.385753,20.116843,6.297328978e-08
16.318223,20.116843,8.303985200e-08
17.250693,20.116843,5.116027319e-08
18.183163,20.116843,-1.117225863e-07
19.115633,20.116843,-1.718896691e-07
20.048102,20.116843,-1.234743911e-07
20.980572,20.116843,1.015337176e-07
21.913042,20.116843,7.912180146e-08
22.845512,20.116843,-1.928463611e-07
23.777982,20.116843,6.708872042e-08
24.710452,20.116843,-6.326852723e-08
25.642922,20.116843,-2.037190098e-07
26.575392,20.116843,-1.082467677e-08
27.507861,20.116843,-1.470775598e-07
28.440331,20.116843,6.854802630e-08
29.372801,20.116843,7.582769507e-08
-29.372801,20.776412,8.639795363e-08
-28.440331,20.776412,-4.616559534e-08
-27.507861,20.776412,8.255523741e-08
-26.575392,20.776412,9.849103536e-08
-25.642922,20.776412,2.269812438e-08
-24.710452,20.776412,1.507308521e-07
-23.777982,20.776412,-9.628850359e-08
-22.845512,20.776412,-6.289563790e-08
-21.913042,20.776412,-1.845942626e-07
-20.980572,20.776412,1.146709507e-08
-20.048102,20.776412,-4.344172273e-08
-19.115633,20.776412,-1.524927545e-08
-18.183163,20.776412,-3.223538295e-08
-17.250693,20.776412,-3.677896185e-08
-16.318223,20.776412,1.180957616e-07
-15.385753,20.776412,5.550843982e-08
-14.453283,20.776412,1.242629452e-07
-13.520813,20.776412,1.638283505e-07
-12.588343,20.776412,2.549568582e-08
-11.655874,20.776412,2.092199506e-07
-10.723404,20.776412,2.962995283e-07
-9.790934,20.776412,8.205885508e-08
-8.858464,20.776412,2.504514519e-07
-7.925994,20.776412,1.481272839e-07
-6.993524,20.776412,2.483244935e-07
-6.061054,20.776412,1.407148483e-08
-5.128584,20.776412,1.207245137e-08
-4.196114,20.776412,-1.618186052e-08
-3.263645,20.776412,6.346337698e-09
-2.331175,20.776412,-2.910471738e-08
-1.398705,20.776412,-9.309629259e-08
-0.466235,20.776412,-2.046055028e-07
0.466235,20.776412,-6.949980458e-09
1.398705,20.776412,7.259782031e-08
2.331175,20.776412,-1.425172440e-07
3.263645,20.776412,-2.053646780e-07
4.196114,20.776412,1.189867024e-08
5.128584,20.776412,9.015680351e-08
6.061054,20.776412,1.163802672e-07
6.993524,20.776412,6.485400066e-08
7.925994,20.776412,9.204255330e-08
8.858464,20.776412,7.412091973e-08
9.790934,20.776412,-1.628584896e-07
10.723404,20.776412,8.505892046e-08
11.655874,20.776412,-3.312459295e-08
12.588343,20.776412,1.547525784e-07
13.520813,20.776412,2.659642527e-07
14.453283,20.776412,1.071419112e-07
15.385753,20.776412,9.247758237e-08
16.318223,20.776412,6.511368146e-08
17.250693,20.776412,9.336860480e-08
18.183163,20.776412,-4.038549279e-08
19.115633,20.776412,-2.217167731e-08
20.048102,20.776412,6.631045897e-08
20.980572,20.776412,6.880302629e-08
21.913042,20.776412,1.141157647e-07
22.845512,20.776412,7.366816797e-08
23.777982,20.776412,-2.502819684e-08
24.710452,20.776412,-5.596075392e-08
25.642922,20.776412,-2.843308894e-08
26.575392,20.776412,-7.785184916e-08
27.507861,20.776412,1.070090157e-07
28.440331,20.776412,-2.095890366e-07
29.372801,20.776412,-2.131432550e-07
