0.000000000000000000e+00 0.000000000000000000e+00 0.000000000000000000e+00
0.000000000000000000e+00 0.000000000000000000e+00 4.234295742264940210e-02
0.000000000000000000e+00 0.000000000000000000e+00 8.468591484529880420e-02
0.000000000000000000e+00 0.000000000000000000e+00 4.573061951357770133e-02
0.000000000000000000e+00 0.000000000000000000e+00 6.097415935143693511e-02
0.000000000000000000e+00 0.000000000000000000e+00 7.621769918929616194e-02
0.000000000000000000e+00 0.000000000000000000e+00 9.146123902715540266e-02
0.000000000000000000e+00 0.000000000000000000e+00 1.067047788650146295e-01
0.000000000000000000e+00 5.825286343590696525e-01 0.000000000000000000e+00
0.000000000000000000e+00 5.825286343590696525e-01 4.234295742264940210e-02
0.000000000000000000e+00 5.825286343590696525e-01 8.468591484529880420e-02
0.000000000000000000e+00 2.097113424532877912e-01 4.573061951357770133e-02
0.000000000000000000e+00 2.097113424532877912e-01 6.097415935143693511e-02
0.000000000000000000e+00 2.097113424532877912e-01 7.621769918929616194e-02
0.000000000000000000e+00 2.097113424532877912e-01 9.146123902715540266e-02
0.000000000000000000e+00 2.097113424532877912e-01 1.067047788650146295e-01
0.000000000000000000e+00 1.165057268718139305e+00 0.000000000000000000e+00
0.000000000000000000e+00 1.165057268718139305e+00 4.234295742264940210e-02
0.000000000000000000e+00 1.165057268718139305e+00 8.468591484529880420e-02
0.000000000000000000e+00 4.194226849065755824e-01 4.573061951357770133e-02
0.000000000000000000e+00 4.194226849065755824e-01 6.097415935143693511e-02
0.000000000000000000e+00 4.194226849065755824e-01 7.621769918929616194e-02
0.000000000000000000e+00 4.194226849065755824e-01 9.146123902715540266e-02
0.000000000000000000e+00 4.194226849065755824e-01 1.067047788650146295e-01
0.000000000000000000e+00 1.747585903077208958e+00 0.000000000000000000e+00
0.000000000000000000e+00 1.747585903077208958e+00 4.234295742264940210e-02
0.000000000000000000e+00 1.747585903077208958e+00 8.468591484529880420e-02
0.000000000000000000e+00 6.291340273598633459e-01 4.573061951357770133e-02
0.000000000000000000e+00 6.291340273598633459e-01 6.097415935143693511e-02
0.000000000000000000e+00 6.291340273598633459e-01 7.621769918929616194e-02
0.000000000000000000e+00 6.291340273598633459e-01 9.146123902715540266e-02
0.000000000000000000e+00 6.291340273598633459e-01 1.067047788650146295e-01
0.000000000000000000e+00 2.330114537436278610e+00 0.000000000000000000e+00
0.000000000000000000e+00 2.330114537436278610e+00 4.234295742264940210e-02
0.000000000000000000e+00 2.330114537436278610e+00 8.468591484529880420e-02
0.000000000000000000e+00 8.388453698131511649e-01 4.573061951357770133e-02
0.000000000000000000e+00 8.388453698131511649e-01 6.097415935143693511e-02
0.000000000000000000e+00 8.388453698131511649e-01 7.621769918929616194e-02
0.000000000000000000e+00 8.388453698131511649e-01 9.146123902715540266e-02
0.000000000000000000e+00 8.388453698131511649e-01 1.067047788650146295e-01
0.000000000000000000e+00 2.912643171795348263e+00 0.000000000000000000e+00
0.000000000000000000e+00 2.912643171795348263e+00 4.234295742264940210e-02
0.000000000000000000e+00 2.912643171795348263e+00 8.468591484529880420e-02
0.000000000000000000e+00 1.048556712266438984e+00 4.573061951357770133e-02
0.000000000000000000e+00 1.048556712266438984e+00 6.097415935143693511e-02
0.000000000000000000e+00 1.048556712266438984e+00 7.621769918929616194e-02
0.000000000000000000e+00 1.048556712266438984e+00 9.146123902715540266e-02
0.000000000000000000e+00 1.048556712266438984e+00 1.067047788650146295e-01
0.000000000000000000e+00 3.495171806154417915e+00 0.000000000000000000e+00
0.000000000000000000e+00 3.495171806154417915e+00 4.234295742264940210e-02
0.000000000000000000e+00 3.495171806154417915e+00 8.468591484529880420e-02
0.000000000000000000e+00 1.258268054719726692e+00 4.573061951357770133e-02
0.000000000000000000e+00 1.258268054719726692e+00 6.097415935143693511e-02
0.000000000000000000e+00 1.258268054719726692e+00 7.621769918929616194e-02
0.000000000000000000e+00 1.258268054719726692e+00 9.146123902715540266e-02
0.000000000000000000e+00 1.258268054719726692e+00 1.067047788650146295e-01
0.000000000000000000e+00 4.077700440513488012e+00 0.000000000000000000e+00
0.000000000000000000e+00 4.077700440513488012e+00 4.234295742264940210e-02
0.000000000000000000e+00 4.077700440513488012e+00 8.468591484529880420e-02
0.000000000000000000e+00 1.467979397173014844e+00 4.573061951357770133e-02
0.000000000000000000e+00 1.467979397173014844e+00 6.097415935143693511e-02
0.000000000000000000e+00 1.467979397173014844e+00 7.621769918929616194e-02
0.000000000000000000e+00 1.467979397173014844e+00 9.146123902715540266e-02
0.000000000000000000e+00 1.467979397173014844e+00 1.067047788650146295e-01
0.000000000000000000e+00 4.660229074872557220e+00 0.000000000000000000e+00
0.000000000000000000e+00 4.660229074872557220e+00 4.234295742264940210e-02
0.000000000000000000e+00 4.660229074872557220e+00 8.468591484529880420e-02
0.000000000000000000e+00 1.677690739626302330e+00 4.573061951357770133e-02
0.000000000000000000e+00 1.677690739626302330e+00 6.097415935143693511e-02
0.000000000000000000e+00 1.677690739626302330e+00 7.621769918929616194e-02
0.000000000000000000e+00 1.677690739626302330e+00 9.146123902715540266e-02
0.000000000000000000e+00 1.677690739626302330e+00 1.067047788650146295e-01
0.000000000000000000e+00 5.242757709231626428e+00 0.000000000000000000e+00
0.000000000000000000e+00 5.242757709231626428e+00 4.234295742264940210e-02
0.000000000000000000e+00 5.242757709231626428e+00 8.468591484529880420e-02
0.000000000000000000e+00 1.887402082079590038e+00 4.573061951357770133e-02
0.000000000000000000e+00 1.887402082079590038e+00 6.097415935143693511e-02
0.000000000000000000e+00 1.887402082079590038e+00 7.621769918929616194e-02
0.000000000000000000e+00 1.887402082079590038e+00 9.146123902715540266e-02
0.000000000000000000e+00 1.887402082079590038e+00 1.067047788650146295e-01
0.000000000000000000e+00 5.825286343590696525e+00 0.000000000000000000e+00
0.000000000000000000e+00 5.825286343590696525e+00 4.234295742264940210e-02
0.000000000000000000e+00 5.825286343590696525e+00 8.468591484529880420e-02
0.000000000000000000e+00 2.097113424532877968e+00 4.573061951357770133e-02
0.000000000000000000e+00 2.097113424532877968e+00 6.097415935143693511e-02
0.000000000000000000e+00 2.097113424532877968e+00 7.621769918929616194e-02
0.000000000000000000e+00 2.097113424532877968e+00 9.146123902715540266e-02
0.000000000000000000e+00 2.097113424532877968e+00 1.067047788650146295e-01
0.000000000000000000e+00 6.407814977949766622e+00 0.000000000000000000e+00
0.000000000000000000e+00 6.407814977949766622e+00 4.234295742264940210e-02
0.000000000000000000e+00 6.407814977949766622e+00 8.468591484529880420e-02
0.000000000000000000e+00 2.306824766986165898e+00 4.573061951357770133e-02
0.000000000000000000e+00 2.306824766986165898e+00 6.097415935143693511e-02
0.000000000000000000e+00 2.306824766986165898e+00 7.621769918929616194e-02
0.000000000000000000e+00 2.306824766986165898e+00 9.146123902715540266e-02
0.000000000000000000e+00 2.306824766986165898e+00 1.067047788650146295e-01
0.000000000000000000e+00 6.990343612308835830e+00 0.000000000000000000e+00
0.000000000000000000e+00 6.990343612308835830e+00 4.234295742264940210e-02
0.000000000000000000e+00 6.990343612308835830e+00 8.468591484529880420e-02
0.000000000000000000e+00 2.516536109439453384e+00 4.573061951357770133e-02
0.000000000000000000e+00 2.516536109439453384e+00 6.097415935143693511e-02
0.000000000000000000e+00 2.516536109439453384e+00 7.621769918929616194e-02
0.000000000000000000e+00 2.516536109439453384e+00 9.146123902715540266e-02
0.000000000000000000e+00 2.516536109439453384e+00 1.067047788650146295e-01
0.000000000000000000e+00 7.572872246667905927e+00 0.000000000000000000e+00
0.000000000000000000e+00 7.572872246667905927e+00 4.234295742264940210e-02
0.000000000000000000e+00 7.572872246667905927e+00 8.468591484529880420e-02
0.000000000000000000e+00 2.726247451892741314e+00 4.573061951357770133e-02
0.000000000000000000e+00 2.726247451892741314e+00 6.097415935143693511e-02
0.000000000000000000e+00 2.726247451892741314e+00 7.621769918929616194e-02
0.000000000000000000e+00 2.726247451892741314e+00 9.146123902715540266e-02
0.000000000000000000e+00 2.726247451892741314e+00 1.067047788650146295e-01
0.000000000000000000e+00 8.155400881026976023e+00 0.000000000000000000e+00
0.000000000000000000e+00 8.155400881026976023e+00 4.234295742264940210e-02
0.000000000000000000e+00 8.155400881026976023e+00 8.468591484529880420e-02
0.000000000000000000e+00 2.935958794346029688e+00 4.573061951357770133e-02
0.000000000000000000e+00 2.935958794346029688e+00 6.097415935143693511e-02
0.000000000000000000e+00 2.935958794346029688e+00 7.621769918929616194e-02
0.000000000000000000e+00 2.935958794346029688e+00 9.146123902715540266e-02
0.000000000000000000e+00 2.935958794346029688e+00 1.067047788650146295e-01
2.543663705146117504e-01 0.000000000000000000e+00 0.000000000000000000e+00
2.543663705146117504e-01 0.000000000000000000e+00 4.234295742264940210e-02
2.543663705146117504e-01 0.000000000000000000e+00 8.468591484529880420e-02
9.157234492735473463e-02 0.000000000000000000e+00 4.573061951357770133e-02
9.157234492735473463e-02 0.000000000000000000e+00 6.097415935143693511e-02
9.157234492735473463e-02 0.000000000000000000e+00 7.621769918929616194e-02
9.157234492735473463e-02 0.000000000000000000e+00 9.146123902715540266e-02
9.157234492735473463e-02 0.000000000000000000e+00 1.067047788650146295e-01
2.543663705146117504e-01 5.825286343590696525e-01 0.000000000000000000e+00
2.543663705146117504e-01 5.825286343590696525e-01 4.234295742264940210e-02
2.543663705146117504e-01 5.825286343590696525e-01 8.468591484529880420e-02
9.157234492735473463e-02 2.097113424532877912e-01 4.573061951357770133e-02
9.157234492735473463e-02 2.097113424532877912e-01 6.097415935143693511e-02
9.157234492735473463e-02 2.097113424532877912e-01 7.621769918929616194e-02
9.157234492735473463e-02 2.097113424532877912e-01 9.146123902715540266e-02
9.157234492735473463e-02 2.097113424532877912e-01 1.067047788650146295e-01
2.543663705146117504e-01 1.165057268718139305e+00 0.000000000000000000e+00
2.543663705146117504e-01 1.165057268718139305e+00 4.234295742264940210e-02
2.543663705146117504e-01 1.165057268718139305e+00 8.468591484529880420e-02
9.157234492735473463e-02 4.194226849065755824e-01 4.573061951357770133e-02
9.157234492735473463e-02 4.194226849065755824e-01 6.097415935143693511e-02
9.157234492735473463e-02 4.194226849065755824e-01 7.621769918929616194e-02
9.157234492735473463e-02 4.194226849065755824e-01 9.146123902715540266e-02
9.157234492735473463e-02 4.194226849065755824e-01 1.067047788650146295e-01
2.543663705146117504e-01 1.747585903077208958e+00 0.000000000000000000e+00
2.543663705146117504e-01 1.747585903077208958e+00 4.234295742264940210e-02
2.543663705146117504e-01 1.747585903077208958e+00 8.468591484529880420e-02
9.157234492735473463e-02 6.291340273598633459e-01 4.573061951357770133e-02
9.157234492735473463e-02 6.291340273598633459e-01 6.097415935143693511e-02
9.157234492735473463e-02 6.291340273598633459e-01 7.621769918929616194e-02
9.157234492735473463e-02 6.291340273598633459e-01 9.146123902715540266e-02
9.157234492735473463e-02 6.291340273598633459e-01 1.067047788650146295e-01
2.543663705146117504e-01 2.330114537436278610e+00 0.000000000000000000e+00
2.543663705146117504e-01 2.330114537436278610e+00 4.234295742264940210e-02
2.543663705146117504e-01 2.330114537436278610e+00 8.468591484529880420e-02
9.157234492735473463e-02 8.388453698131511649e-01 4.573061951357770133e-02
9.157234492735473463e-02 8.388453698131511649e-01 6.097415935143693511e-02
9.157234492735473463e-02 8.388453698131511649e-01 7.621769918929616194e-02
9.157234492735473463e-02 8.388453698131511649e-01 9.146123902715540266e-02
9.157234492735473463e-02 8.388453698131511649e-01 1.067047788650146295e-01
2.543663705146117504e-01 2.912643171795348263e+00 0.000000000000000000e+00
2.543663705146117504e-01 2.912643171795348263e+00 4.234295742264940210e-02
2.543663705146117504e-01 2.912643171795348263e+00 8.468591484529880420e-02
9.157234492735473463e-02 1.048556712266438984e+00 4.573061951357770133e-02
9.157234492735473463e-02 1.048556712266438984e+00 6.097415935143693511e-02
9.157234492735473463e-02 1.048556712266438984e+00 7.621769918929616194e-02
9.157234492735473463e-02 1.048556712266438984e+00 9.146123902715540266e-02
9.157234492735473463e-02 1.048556712266438984e+00 1.067047788650146295e-01
2.543663705146117504e-01 3.495171806154417915e+00 0.000000000000000000e+00
2.543663705146117504e-01 3.495171806154417915e+00 4.234295742264940210e-02
2.543663705146117504e-01 3.495171806154417915e+00 8.468591484529880420e-02
9.157234492735473463e-02 1.258268054719726692e+00 4.573061951357770133e-02
9.157234492735473463e-02 1.258268054719726692e+00 6.097415935143693511e-02
9.157234492735473463e-02 1.258268054719726692e+00 7.621769918929616194e-02
9.157234492735473463e-02 1.258268054719726692e+00 9.146123902715540266e-02
9.157234492735473463e-02 1.258268054719726692e+00 1.067047788650146295e-01
2.543663705146117504e-01 4.077700440513488012e+00 0.000000000000000000e+00
2.543663705146117504e-01 4.077700440513488012e+00 4.234295742264940210e-02
2.543663705146117504e-01 4.077700440513488012e+00 8.468591484529880420e-02
9.157234492735473463e-02 1.467979397173014844e+00 4.573061951357770133e-02
9.157234492735473463e-02 1.467979397173014844e+00 6.097415935143693511e-02
9.157234492735473463e-02 1.467979397173014844e+00 7.621769918929616194e-02
9.157234492735473463e-02 1.467979397173014844e+00 9.146123902715540266e-02
9.157234492735473463e-02 1.467979397173014844e+00 1.067047788650146295e-01
2.543663705146117504e-01 4.660229074872557220e+00 0.000000000000000000e+00
2.543663705146117504e-01 4.660229074872557220e+00 4.234295742264940210e-02
2.543663705146117504e-01 4.660229074872557220e+00 8.468591484529880420e-02
9.157234492735473463e-02 1.677690739626302330e+00 4.573061951357770133e-02
9.157234492735473463e-02 1.677690739626302330e+00 6.097415935143693511e-02
9.157234492735473463e-02 1.677690739626302330e+00 7.621769918929616194e-02
9.157234492735473463e-02 1.677690739626302330e+00 9.146123902715540266e-02
9.157234492735473463e-02 1.677690739626302330e+00 1.067047788650146295e-01
2.543663705146117504e-01 5.242757709231626428e+00 0.000000000000000000e+00
2.543663705146117504e-01 5.242757709231626428e+00 4.234295742264940210e-02
2.543663705146117504e-01 5.242757709231626428e+00 8.468591484529880420e-02
9.157234492735473463e-02 1.887402082079590038e+00 4.573061951357770133e-02
9.157234492735473463e-02 1.887402082079590038e+00 6.097415935143693511e-02
9.157234492735473463e-02 1.887402082079590038e+00 7.621769918929616194e-02
9.157234492735473463e-02 1.887402082079590038e+00 9.146123902715540266e-02
9.157234492735473463e-02 1.887402082079590038e+00 1.067047788650146295e-01
2.543663705146117504e-01 5.825286343590696525e+00 0.000000000000000000e+00
2.543663705146117504e-01 5.825286343590696525e+00 4.234295742264940210e-02
2.543663705146117504e-01 5.825286343590696525e+00 8.468591484529880420e-02
9.157234492735473463e-02 2.097113424532877968e+00 4.573061951357770133e-02
9.157234492735473463e-02 2.097113424532877968e+00 6.097415935143693511e-02
9.157234492735473463e-02 2.097113424532877968e+00 7.621769918929616194e-02
9.157234492735473463e-02 2.097113424532877968e+00 9.146123902715540266e-02
9.157234492735473463e-02 2.097113424532877968e+00 1.067047788650146295e-01
2.543663705146117504e-01 6.407814977949766622e+00 0.000000000000000000e+00
2.543663705146117504e-01 6.407814977949766622e+00 4.234295742264940210e-02
2.543663705146117504e-01 6.407814977949766622e+00 8.468591484529880420e-02
9.157234492735473463e-02 2.306824766986165898e+00 4.573061951357770133e-02
9.157234492735473463e-02 2.306824766986165898e+00 6.097415935143693511e-02
9.157234492735473463e-02 2.306824766986165898e+00 7.621769918929616194e-02
9.157234492735473463e-02 2.306824766986165898e+00 9.146123902715540266e-02
9.157234492735473463e-02 2.306824766986165898e+00 1.067047788650146295e-01
2.543663705146117504e-01 6.990343612308835830e+00 0.000000000000000000e+00
2.543663705146117504e-01 6.990343612308835830e+00 4.234295742264940210e-02
2.543663705146117504e-01 6.990343612308835830e+00 8.468591484529880420e-02
9.157234492735473463e-02 2.516536109439453384e+00 4.573061951357770133e-02
9.157234492735473463e-02 2.516536109439453384e+00 6.097415935143693511e-02
9.157234492735473463e-02 2.516536109439453384e+00 7.621769918929616194e-02
9.157234492735473463e-02 2.516536109439453384e+00 9.146123902715540266e-02
9.157234492735473463e-02 2.516536109439453384e+00 1.067047788650146295e-01
2.543663705146117504e-01 7.572872246667905927e+00 0.000000000000000000e+00
2.543663705146117504e-01 7.572872246667905927e+00 4.234295742264940210e-02
2.543663705146117504e-01 7.572872246667905927e+00 8.468591484529880420e-02
9.157234492735473463e-02 2.726247451892741314e+00 4.573061951357770133e-02
9.157234492735473463e-02 2.726247451892741314e+00 6.097415935143693511e-02
9.157234492735473463e-02 2.726247451892741314e+00 7.621769918929616194e-02
9.157234492735473463e-02 2.726247451892741314e+00 9.146123902715540266e-02
9.157234492735473463e-02 2.726247451892741314e+00 1.067047788650146295e-01
2.543663705146117504e-01 8.155400881026976023e+00 0.000000000000000000e+00
2.543663705146117504e-01 8.155400881026976023e+00 4.234295742264940210e-02
2.543663705146117504e-01 8.155400881026976023e+00 8.468591484529880420e-02
9.157234492735473463e-02 2.935958794346029688e+00 4.573061951357770133e-02
9.157234492735473463e-02 2.935958794346029688e+00 6.097415935143693511e-02
9.157234492735473463e-02 2.935958794346029688e+00 7.621769918929616194e-02
9.157234492735473463e-02 2.935958794346029688e+00 9.146123902715540266e-02
9.157234492735473463e-02 2.935958794346029688e+00 1.067047788650146295e-01
5.087327410292235008e-01 0.000000000000000000e+00 0.000000000000000000e+00
5.087327410292235008e-01 0.000000000000000000e+00 4.234295742264940210e-02
5.087327410292235008e-01 0.000000000000000000e+00 8.468591484529880420e-02
1.831446898547094693e-01 0.000000000000000000e+00 4.573061951357770133e-02
1.831446898547094693e-01 0.000000000000000000e+00 6.097415935143693511e-02
1.831446898547094693e-01 0.000000000000000000e+00 7.621769918929616194e-02
1.831446898547094693e-01 0.000000000000000000e+00 9.146123902715540266e-02
1.831446898547094693e-01 0.000000000000000000e+00 1.067047788650146295e-01
5.087327410292235008e-01 5.825286343590696525e-01 0.000000000000000000e+00
5.087327410292235008e-01 5.825286343590696525e-01 4.234295742264940210e-02
5.087327410292235008e-01 5.825286343590696525e-01 8.468591484529880420e-02
1.831446898547094693e-01 2.097113424532877912e-01 4.573061951357770133e-02
1.831446898547094693e-01 2.097113424532877912e-01 6.097415935143693511e-02
1.831446898547094693e-01 2.097113424532877912e-01 7.621769918929616194e-02
1.831446898547094693e-01 2.097113424532877912e-01 9.146123902715540266e-02
1.831446898547094693e-01 2.097113424532877912e-01 1.067047788650146295e-01
5.087327410292235008e-01 1.165057268718139305e+00 0.000000000000000000e+00
5.087327410292235008e-01 1.165057268718139305e+00 4.234295742264940210e-02
5.087327410292235008e-01 1.165057268718139305e+00 8.468591484529880420e-02
1.831446898547094693e-01 4.194226849065755824e-01 4.573061951357770133e-02
1.831446898547094693e-01 4.194226849065755824e-01 6.097415935143693511e-02
1.831446898547094693e-01 4.194226849065755824e-01 7.621769918929616194e-02
1.831446898547094693e-01 4.194226849065755824e-01 9.146123902715540266e-02
1.831446898547094693e-01 4.194226849065755824e-01 1.067047788650146295e-01
5.087327410292235008e-01 1.747585903077208958e+00 0.000000000000000000e+00
5.087327410292235008e-01 1.747585903077208958e+00 4.234295742264940210e-02
5.087327410292235008e-01 1.747585903077208958e+00 8.468591484529880420e-02
1.831446898547094693e-01 6.291340273598633459e-01 4.573061951357770133e-02
1.831446898547094693e-01 6.291340273598633459e-01 6.097415935143693511e-02
1.831446898547094693e-01 6.291340273598633459e-01 7.621769918929616194e-02
1.831446898547094693e-01 6.291340273598633459e-01 9.146123902715540266e-02
1.831446898547094693e-01 6.291340273598633459e-01 1.067047788650146295e-01
5.087327410292235008e-01 2.330114537436278610e+00 0.000000000000000000e+00
5.087327410292235008e-01 2.330114537436278610e+00 4.234295742264940210e-02
5.087327410292235008e-01 2.330114537436278610e+00 8.468591484529880420e-02
1.831446898547094693e-01 8.388453698131511649e-01 4.573061951357770133e-02
1.831446898547094693e-01 8.388453698131511649e-01 6.097415935143693511e-02
1.831446898547094693e-01 8.388453698131511649e-01 7.621769918929616194e-02
1.831446898547094693e-01 8.388453698131511649e-01 9.146123902715540266e-02
1.831446898547094693e-01 8.388453698131511649e-01 1.067047788650146295e-01
5.087327410292235008e-01 2.912643171795348263e+00 0.000000000000000000e+00
5.087327410292235008e-01 2.912643171795348263e+00 4.234295742264940210e-02
5.087327410292235008e-01 2.912643171795348263e+00 8.468591484529880420e-02
1.831446898547094693e-01 1.048556712266438984e+00 4.573061951357770133e-02
1.831446898547094693e-01 1.048556712266438984e+00 6.097415935143693511e-02
1.831446898547094693e-01 1.048556712266438984e+00 7.621769918929616194e-02
1.831446898547094693e-01 1.048556712266438984e+00 9.146123902715540266e-02
1.831446898547094693e-01 1.048556712266438984e+00 1.067047788650146295e-01
5.087327410292235008e-01 3.495171806154417915e+00 0.000000000000000000e+00
5.087327410292235008e-01 3.495171806154417915e+00 4.234295742264940210e-02
5.087327410292235008e-01 3.495171806154417915e+00 8.468591484529880420e-02
1.831446898547094693e-01 1.258268054719726692e+00 4.573061951357770133e-02
1.831446898547094693e-01 1.258268054719726692e+00 6.097415935143693511e-02
1.831446898547094693e-01 1.258268054719726692e+00 7.621769918929616194e-02
1.831446898547094693e-01 1.258268054719726692e+00 9.146123902715540266e-02
1.831446898547094693e-01 1.258268054719726692e+00 1.067047788650146295e-01
5.087327410292235008e-01 4.077700440513488012e+00 0.000000000000000000e+00
5.087327410292235008e-01 4.077700440513488012e+00 4.234295742264940210e-02
5.087327410292235008e-01 4.077700440513488012e+00 8.468591484529880420e-02
1.831446898547094693e-01 1.467979397173014844e+00 4.573061951357770133e-02
1.831446898547094693e-01 1.467979397173014844e+00 6.097415935143693511e-02
1.831446898547094693e-01 1.467979397173014844e+00 7.621769918929616194e-02
1.831446898547094693e-01 1.467979397173014844e+00 9.146123902715540266e-02
1.831446898547094693e-01 1.467979397173014844e+00 1.067047788650146295e-01
5.087327410292235008e-01 4.660229074872557220e+00 0.000000000000000000e+00
5.087327410292235008e-01 4.660229074872557220e+00 4.234295742264940210e-02
5.087327410292235008e-01 4.660229074872557220e+00 8.468591484529880420e-02
1.831446898547094693e-01 1.677690739626302330e+00 4.573061951357770133e-02
1.831446898547094693e-01 1.677690739626302330e+00 6.097415935143693511e-02
1.831446898547094693e-01 1.677690739626302330e+00 7.621769918929616194e-02
1.831446898547094693e-01 1.677690739626302330e+00 9.146123902715540266e-02
1.831446898547094693e-01 1.677690739626302330e+00 1.067047788650146295e-01
5.087327410292235008e-01 5.242757709231626428e+00 0.000000000000000000e+00
5.087327410292235008e-01 5.242757709231626428e+00 4.234295742264940210e-02
5.087327410292235008e-01 5.242757709231626428e+00 8.468591484529880420e-02
1.831446898547094693e-01 1.887402082079590038e+00 4.573061951357770133e-02
1.831446898547094693e-01 1.887402082079590038e+00 6.097415935143693511e-02
1.831446898547094693e-01 1.887402082079590038e+00 7.621769918929616194e-02
1.831446898547094693e-01 1.887402082079590038e+00 9.146123902715540266e-02
1.831446898547094693e-01 1.887402082079590038e+00 1.067047788650146295e-01
5.087327410292235008e-01 5.825286343590696525e+00 0.000000000000000000e+00
5.087327410292235008e-01 5.825286343590696525e+00 4.234295742264940210e-02
5.087327410292235008e-01 5.825286343590696525e+00 8.468591484529880420e-02
1.831446898547094693e-01 2.097113424532877968e+00 4.573061951357770133e-02
1.831446898547094693e-01 2.097113424532877968e+00 6.097415935143693511e-02
1.831446898547094693e-01 2.097113424532877968e+00 7.621769918929616194e-02
1.831446898547094693e-01 2.097113424532877968e+00 9.146123902715540266e-02
1.831446898547094693e-01 2.097113424532877968e+00 1.067047788650146295e-01
5.087327410292235008e-01 6.407814977949766622e+00 0.000000000000000000e+00
5.087327410292235008e-01 6.407814977949766622e+00 4.234295742264940210e-02
5.087327410292235008e-01 6.407814977949766622e+00 8.468591484529880420e-02
1.831446898547094693e-01 2.306824766986165898e+00 4.573061951357770133e-02
1.831446898547094693e-01 2.306824766986165898e+00 6.097415935143693511e-02
1.831446898547094693e-01 2.306824766986165898e+00 7.621769918929616194e-02
1.831446898547094693e-01 2.306824766986165898e+00 9.146123902715540266e-02
1.831446898547094693e-01 2.306824766986165898e+00 1.067047788650146295e-01
5.087327410292235008e-01 6.990343612308835830e+00 0.000000000000000000e+00
5.087327410292235008e-01 6.990343612308835830e+00 4.234295742264940210e-02
5.087327410292235008e-01 6.990343612308835830e+00 8.468591484529880420e-02
1.831446898547094693e-01 2.516536109439453384e+00 4.573061951357770133e-02
1.831446898547094693e-01 2.516536109439453384e+00 6.097415935143693511e-02
1.831446898547094693e-01 2.516536109439453384e+00 7.621769918929616194e-02
1.831446898547094693e-01 2.516536109439453384e+00 9.146123902715540266e-02
1.831446898547094693e-01 2.516536109439453384e+00 1.067047788650146295e-01
5.087327410292235008e-01 7.572872246667905927e+00 0.000000000000000000e+00
5.087327410292235008e-01 7.572872246667905927e+00 4.234295742264940210e-02
5.087327410292235008e-01 7.572872246667905927e+00 8.468591484529880420e-02
1.831446898547094693e-01 2.726247451892741314e+00 4.573061951357770133e-02
1.831446898547094693e-01 2.726247451892741314e+00 6.097415935143693511e-02
1.831446898547094693e-01 2.726247451892741314e+00 7.621769918929616194e-02
1.831446898547094693e-01 2.726247451892741314e+00 9.146123902715540266e-02
1.831446898547094693e-01 2.726247451892741314e+00 1.067047788650146295e-01
5.087327410292235008e-01 8.155400881026976023e+00 0.000000000000000000e+00
5.087327410292235008e-01 8.155400881026976023e+00 4.234295742264940210e-02
5.087327410292235008e-01 8.155400881026976023e+00 8.468591484529880420e-02
1.831446898547094693e-01 2.935958794346029688e+00 4.573061951357770133e-02
1.831446898547094693e-01 2.935958794346029688e+00 6.097415935143693511e-02
1.831446898547094693e-01 2.935958794346029688e+00 7.621769918929616194e-02
1.831446898547094693e-01 2.935958794346029688e+00 9.146123902715540266e-02
1.831446898547094693e-01 2.935958794346029688e+00 1.067047788650146295e-01
7.630991115438351402e-01 0.000000000000000000e+00 0.000000000000000000e+00
7.630991115438351402e-01 0.000000000000000000e+00 4.234295742264940210e-02
7.630991115438351402e-01 0.000000000000000000e+00 8.468591484529880420e-02
2.747170347820641623e-01 0.000000000000000000e+00 4.573061951357770133e-02
2.747170347820641623e-01 0.000000000000000000e+00 6.097415935143693511e-02
2.747170347820641623e-01 0.000000000000000000e+00 7.621769918929616194e-02
2.747170347820641623e-01 0.000000000000000000e+00 9.146123902715540266e-02
2.747170347820641623e-01 0.000000000000000000e+00 1.067047788650146295e-01
7.630991115438351402e-01 5.825286343590696525e-01 0.000000000000000000e+00
7.630991115438351402e-01 5.825286343590696525e-01 4.234295742264940210e-02
7.630991115438351402e-01 5.825286343590696525e-01 8.468591484529880420e-02
2.747170347820641623e-01 2.097113424532877912e-01 4.573061951357770133e-02
2.747170347820641623e-01 2.097113424532877912e-01 6.097415935143693511e-02
2.747170347820641623e-01 2.097113424532877912e-01 7.621769918929616194e-02
2.747170347820641623e-01 2.097113424532877912e-01 9.146123902715540266e-02
2.747170347820641623e-01 2.097113424532877912e-01 1.067047788650146295e-01
7.630991115438351402e-01 1.165057268718139305e+00 0.000000000000000000e+00
7.630991115438351402e-01 1.165057268718139305e+00 4.234295742264940210e-02
7.630991115438351402e-01 1.165057268718139305e+00 8.468591484529880420e-02
2.747170347820641623e-01 4.194226849065755824e-01 4.573061951357770133e-02
2.747170347820641623e-01 4.194226849065755824e-01 6.097415935143693511e-02
2.747170347820641623e-01 4.194226849065755824e-01 7.621769918929616194e-02
2.747170347820641623e-01 4.194226849065755824e-01 9.146123902715540266e-02
2.747170347820641623e-01 4.194226849065755824e-01 1.067047788650146295e-01
7.630991115438351402e-01 1.747585903077208958e+00 0.000000000000000000e+00
7.630991115438351402e-01 1.747585903077208958e+00 4.234295742264940210e-02
7.630991115438351402e-01 1.747585903077208958e+00 8.468591484529880420e-02
2.747170347820641623e-01 6.291340273598633459e-01 4.573061951357770133e-02
2.747170347820641623e-01 6.291340273598633459e-01 6.097415935143693511e-02
2.747170347820641623e-01 6.291340273598633459e-01 7.621769918929616194e-02
2.747170347820641623e-01 6.291340273598633459e-01 9.146123902715540266e-02
2.747170347820641623e-01 6.291340273598633459e-01 1.067047788650146295e-01
7.630991115438351402e-01 2.330114537436278610e+00 0.000000000000000000e+00
7.630991115438351402e-01 2.330114537436278610e+00 4.234295742264940210e-02
7.630991115438351402e-01 2.330114537436278610e+00 8.468591484529880420e-02
2.747170347820641623e-01 8.388453698131511649e-01 4.573061951357770133e-02
2.747170347820641623e-01 8.388453698131511649e-01 6.097415935143693511e-02
2.747170347820641623e-01 8.388453698131511649e-01 7.621769918929616194e-02
2.747170347820641623e-01 8.388453698131511649e-01 9.146123902715540266e-02
2.747170347820641623e-01 8.388453698131511649e-01 1.067047788650146295e-01
7.630991115438351402e-01 2.912643171795348263e+00 0.000000000000000000e+00
7.630991115438351402e-01 2.912643171795348263e+00 4.234295742264940210e-02
7.630991115438351402e-01 2.912643171795348263e+00 8.468591484529880420e-02
2.747170347820641623e-01 1.048556712266438984e+00 4.573061951357770133e-02
2.747170347820641623e-01 1.048556712266438984e+00 6.097415935143693511e-02
2.747170347820641623e-01 1.048556712266438984e+00 7.621769918929616194e-02
2.747170347820641623e-01 1.048556712266438984e+00 9.146123902715540266e-02
2.747170347820641623e-01 1.048556712266438984e+00 1.067047788650146295e-01
7.630991115438351402e-01 3.495171806154417915e+00 0.000000000000000000e+00
7.630991115438351402e-01 3.495171806154417915e+00 4.234295742264940210e-02
7.630991115438351402e-01 3.495171806154417915e+00 8.468591484529880420e-02
2.747170347820641623e-01 1.258268054719726692e+00 4.573061951357770133e-02
2.747170347820641623e-01 1.258268054719726692e+00 6.097415935143693511e-02
2.747170347820641623e-01 1.258268054719726692e+00 7.621769918929616194e-02
2.747170347820641623e-01 1.258268054719726692e+00 9.146123902715540266e-02
2.747170347820641623e-01 1.258268054719726692e+00 1.067047788650146295e-01
7.630991115438351402e-01 4.077700440513488012e+00 0.000000000000000000e+00
7.630991115438351402e-01 4.077700440513488012e+00 4.234295742264940210e-02
7.630991115438351402e-01 4.077700440513488012e+00 8.468591484529880420e-02
2.747170347820641623e-01 1.467979397173014844e+00 4.573061951357770133e-02
2.747170347820641623e-01 1.467979397173014844e+00 6.097415935143693511e-02
2.747170347820641623e-01 1.467979397173014844e+00 7.621769918929616194e-02
2.747170347820641623e-01 1.467979397173014844e+00 9.146123902715540266e-02
2.747170347820641623e-01 1.467979397173014844e+00 1.067047788650146295e-01
7.630991115438351402e-01 4.660229074872557220e+00 0.000000000000000000e+00
7.630991115438351402e-01 4.660229074872557220e+00 4.234295742264940210e-02
7.630991115438351402e-01 4.660229074872557220e+00 8.468591484529880420e-02
2.747170347820641623e-01 1.677690739626302330e+00 4.573061951357770133e-02
2.747170347820641623e-01 1.677690739626302330e+00 6.097415935143693511e-02
2.747170347820641623e-01 1.677690739626302330e+00 7.621769918929616194e-02
2.747170347820641623e-01 1.677690739626302330e+00 9.146123902715540266e-02
2.747170347820641623e-01 1.677690739626302330e+00 1.067047788650146295e-01
7.630991115438351402e-01 5.242757709231626428e+00 0.000000000000000000e+00
7.630991115438351402e-01 5.242757709231626428e+00 4.234295742264940210e-02
7.630991115438351402e-01 5.242757709231626428e+00 8.468591484529880420e-02
2.747170347820641623e-01 1.887402082079590038e+00 4.573061951357770133e-02
2.747170347820641623e-01 1.887402082079590038e+00 6.097415935143693511e-02
2.747170347820641623e-01 1.887402082079590038e+00 7.621769918929616194e-02
2.747170347820641623e-01 1.887402082079590038e+00 9.146123902715540266e-02
2.747170347820641623e-01 1.887402082079590038e+00 1.067047788650146295e-01
7.630991115438351402e-01 5.825286343590696525e+00 0.000000000000000000e+00
7.630991115438351402e-01 5.825286343590696525e+00 4.234295742264940210e-02
7.630991115438351402e-01 5.825286343590696525e+00 8.468591484529880420e-02
2.747170347820641623e-01 2.097113424532877968e+00 4.573061951357770133e-02
2.747170347820641623e-01 2.097113424532877968e+00 6.097415935143693511e-02
2.747170347820641623e-01 2.097113424532877968e+00 7.621769918929616194e-02
2.747170347820641623e-01 2.097113424532877968e+00 9.146123902715540266e-02
2.747170347820641623e-01 2.097113424532877968e+00 1.067047788650146295e-01
7.630991115438351402e-01 6.407814977949766622e+00 0.000000000000000000e+00
7.630991115438351402e-01 6.407814977949766622e+00 4.234295742264940210e-02
7.630991115438351402e-01 6.407814977949766622e+00 8.468591484529880420e-02
2.747170347820641623e-01 2.306824766986165898e+00 4.573061951357770133e-02
2.747170347820641623e-01 2.306824766986165898e+00 6.097415935143693511e-02
2.747170347820641623e-01 2.306824766986165898e+00 7.621769918929616194e-02
2.747170347820641623e-01 2.306824766986165898e+00 9.146123902715540266e-02
2.747170347820641623e-01 2.306824766986165898e+00 1.067047788650146295e-01
7.630991115438351402e-01 6.990343612308835830e+00 0.000000000000000000e+00
7.630991115438351402e-01 6.990343612308835830e+00 4.234295742264940210e-02
7.630991115438351402e-01 6.990343612308835830e+00 8.468591484529880420e-02
2.747170347820641623e-01 2.516536109439453384e+00 4.573061951357770133e-02
2.747170347820641623e-01 2.516536109439453384e+00 6.097415935143693511e-02
2.747170347820641623e-01 2.516536109439453384e+00 7.621769918929616194e-02
2.747170347820641623e-01 2.516536109439453384e+00 9.146123902715540266e-02
2.747170347820641623e-01 2.516536109439453384e+00 1.067047788650146295e-01
7.630991115438351402e-01 7.572872246667905927e+00 0.000000000000000000e+00
7.630991115438351402e-01 7.572872246667905927e+00 4.234295742264940210e-02
7.630991115438351402e-01 7.572872246667905927e+00 8.468591484529880420e-02
2.747170347820641623e-01 2.726247451892741314e+00 4.573061951357770133e-02
2.747170347820641623e-01 2.726247451892741314e+00 6.097415935143693511e-02
2.747170347820641623e-01 2.726247451892741314e+00 7.621769918929616194e-02
2.747170347820641623e-01 2.726247451892741314e+00 9.146123902715540266e-02
2.747170347820641623e-01 2.726247451892741314e+00 1.067047788650146295e-01
7.630991115438351402e-01 8.155400881026976023e+00 0.000000000000000000e+00
7.630991115438351402e-01 8.155400881026976023e+00 4.234295742264940210e-02
7.630991115438351402e-01 8.155400881026976023e+00 8.468591484529880420e-02
2.747170347820641623e-01 2.935958794346029688e+00 4.573061951357770133e-02
2.747170347820641623e-01 2.935958794346029688e+00 6.097415935143693511e-02
2.747170347820641623e-01 2.935958794346029688e+00 7.621769918929616194e-02
2.747170347820641623e-01 2.935958794346029688e+00 9.146123902715540266e-02
2.747170347820641623e-01 2.935958794346029688e+00 1.067047788650146295e-01
1.017465482058447002e+00 0.000000000000000000e+00 0.000000000000000000e+00
1.017465482058447002e+00 0.000000000000000000e+00 4.234295742264940210e-02
1.017465482058447002e+00 0.000000000000000000e+00 8.468591484529880420e-02
3.662893797094189385e-01 0.000000000000000000e+00 4.573061951357770133e-02
3.662893797094189385e-01 0.000000000000000000e+00 6.097415935143693511e-02
3.662893797094189385e-01 0.000000000000000000e+00 7.621769918929616194e-02
3.662893797094189385e-01 0.000000000000000000e+00 9.146123902715540266e-02
3.662893797094189385e-01 0.000000000000000000e+00 1.067047788650146295e-01
1.017465482058447002e+00 5.825286343590696525e-01 0.000000000000000000e+00
1.017465482058447002e+00 5.825286343590696525e-01 4.234295742264940210e-02
1.017465482058447002e+00 5.825286343590696525e-01 8.468591484529880420e-02
3.662893797094189385e-01 2.097113424532877912e-01 4.573061951357770133e-02
3.662893797094189385e-01 2.097113424532877912e-01 6.097415935143693511e-02
3.662893797094189385e-01 2.097113424532877912e-01 7.621769918929616194e-02
3.662893797094189385e-01 2.097113424532877912e-01 9.146123902715540266e-02
3.662893797094189385e-01 2.097113424532877912e-01 1.067047788650146295e-01
1.017465482058447002e+00 1.165057268718139305e+00 0.000000000000000000e+00
1.017465482058447002e+00 1.165057268718139305e+00 4.234295742264940210e-02
1.017465482058447002e+00 1.165057268718139305e+00 8.468591484529880420e-02
3.662893797094189385e-01 4.194226849065755824e-01 4.573061951357770133e-02
3.662893797094189385e-01 4.194226849065755824e-01 6.097415935143693511e-02
3.662893797094189385e-01 4.194226849065755824e-01 7.621769918929616194e-02
3.662893797094189385e-01 4.194226849065755824e-01 9.146123902715540266e-02
3.662893797094189385e-01 4.194226849065755824e-01 1.067047788650146295e-01
1.017465482058447002e+00 1.747585903077208958e+00 0.000000000000000000e+00
1.017465482058447002e+00 1.747585903077208958e+00 4.234295742264940210e-02
1.017465482058447002e+00 1.747585903077208958e+00 8.468591484529880420e-02
3.662893797094189385e-01 6.291340273598633459e-01 4.573061951357770133e-02
3.662893797094189385e-01 6.291340273598633459e-01 6.097415935143693511e-02
3.662893797094189385e-01 6.291340273598633459e-01 7.621769918929616194e-02
3.662893797094189385e-01 6.291340273598633459e-01 9.146123902715540266e-02
3.662893797094189385e-01 6.291340273598633459e-01 1.067047788650146295e-01
1.017465482058447002e+00 2.330114537436278610e+00 0.000000000000000000e+00
1.017465482058447002e+00 2.330114537436278610e+00 4.234295742264940210e-02
1.017465482058447002e+00 2.330114537436278610e+00 8.468591484529880420e-02
3.662893797094189385e-01 8.388453698131511649e-01 4.573061951357770133e-02
3.662893797094189385e-01 8.388453698131511649e-01 6.097415935143693511e-02
3.662893797094189385e-01 8.388453698131511649e-01 7.621769918929616194e-02
3.662893797094189385e-01 8.388453698131511649e-01 9.146123902715540266e-02
3.662893797094189385e-01 8.388453698131511649e-01 1.067047788650146295e-01
1.017465482058447002e+00 2.912643171795348263e+00 0.000000000000000000e+00
1.017465482058447002e+00 2.912643171795348263e+00 4.234295742264940210e-02
1.017465482058447002e+00 2.912643171795348263e+00 8.468591484529880420e-02
3.662893797094189385e-01 1.048556712266438984e+00 4.573061951357770133e-02
3.662893797094189385e-01 1.048556712266438984e+00 6.097415935143693511e-02
3.662893797094189385e-01 1.048556712266438984e+00 7.621769918929616194e-02
3.662893797094189385e-01 1.048556712266438984e+00 9.146123902715540266e-02
3.662893797094189385e-01 1.048556712266438984e+00 1.067047788650146295e-01
1.017465482058447002e+00 3.495171806154417915e+00 0.000000000000000000e+00
1.017465482058447002e+00 3.495171806154417915e+00 4.234295742264940210e-02
1.017465482058447002e+00 3.495171806154417915e+00 8.468591484529880420e-02
3.662893797094189385e-01 1.258268054719726692e+00 4.573061951357770133e-02
3.662893797094189385e-01 1.258268054719726692e+00 6.097415935143693511e-02
3.662893797094189385e-01 1.258268054719726692e+00 7.621769918929616194e-02
3.662893797094189385e-01 1.258268054719726692e+00 9.146123902715540266e-02
3.662893797094189385e-01 1.258268054719726692e+00 1.067047788650146295e-01
1.017465482058447002e+00 4.077700440513488012e+00 0.000000000000000000e+00
1.017465482058447002e+00 4.077700440513488012e+00 4.234295742264940210e-02
1.017465482058447002e+00 4.077700440513488012e+00 8.468591484529880420e-02
3.662893797094189385e-01 1.467979397173014844e+00 4.573061951357770133e-02
3.662893797094189385e-01 1.467979397173014844e+00 6.097415935143693511e-02
3.662893797094189385e-01 1.467979397173014844e+00 7.621769918929616194e-02
3.662893797094189385e-01 1.467979397173014844e+00 9.146123902715540266e-02
3.662893797094189385e-01 1.467979397173014844e+00 1.067047788650146295e-01
1.017465482058447002e+00 4.660229074872557220e+00 0.000000000000000000e+00
1.017465482058447002e+00 4.660229074872557220e+00 4.234295742264940210e-02
1.017465482058447002e+00 4.660229074872557220e+00 8.468591484529880420e-02
3.662893797094189385e-01 1.677690739626302330e+00 4.573061951357770133e-02
3.662893797094189385e-01 1.677690739626302330e+00 6.097415935143693511e-02
3.662893797094189385e-01 1.677690739626302330e+00 7.621769918929616194e-02
3.662893797094189385e-01 1.677690739626302330e+00 9.146123902715540266e-02
3.662893797094189385e-01 1.677690739626302330e+00 1.067047788650146295e-01
1.017465482058447002e+00 5.242757709231626428e+00 0.000000000000000000e+00
1.017465482058447002e+00 5.242757709231626428e+00 4.234295742264940210e-02
1.017465482058447002e+00 5.242757709231626428e+00 8.468591484529880420e-02
3.662893797094189385e-01 1.887402082079590038e+00 4.573061951357770133e-02
3.662893797094189385e-01 1.887402082079590038e+00 6.097415935143693511e-02
3.662893797094189385e-01 1.887402082079590038e+00 7.621769918929616194e-02
3.662893797094189385e-01 1.887402082079590038e+00 9.146123902715540266e-02
3.662893797094189385e-01 1.887402082079590038e+00 1.067047788650146295e-01
1.017465482058447002e+00 5.825286343590696525e+00 0.000000000000000000e+00
1.017465482058447002e+00 5.825286343590696525e+00 4.234295742264940210e-02
1.017465482058447002e+00 5.825286343590696525e+00 8.468591484529880420e-02
3.662893797094189385e-01 2.097113424532877968e+00 4.573061951357770133e-02
3.662893797094189385e-01 2.097113424532877968e+00 6.097415935143693511e-02
3.662893797094189385e-01 2.097113424532877968e+00 7.621769918929616194e-02
3.662893797094189385e-01 2.097113424532877968e+00 9.146123902715540266e-02
3.662893797094189385e-01 2.097113424532877968e+00 1.067047788650146295e-01
1.017465482058447002e+00 6.407814977949766622e+00 0.000000000000000000e+00
1.017465482058447002e+00 6.407814977949766622e+00 4.234295742264940210e-02
1.017465482058447002e+00 6.407814977949766622e+00 8.468591484529880420e-02
3.662893797094189385e-01 2.306824766986165898e+00 4.573061951357770133e-02
3.662893797094189385e-01 2.306824766986165898e+00 6.097415935143693511e-02
3.662893797094189385e-01 2.306824766986165898e+00 7.621769918929616194e-02
3.662893797094189385e-01 2.306824766986165898e+00 9.146123902715540266e-02
3.662893797094189385e-01 2.306824766986165898e+00 1.067047788650146295e-01
1.017465482058447002e+00 6.990343612308835830e+00 0.000000000000000000e+00
1.017465482058447002e+00 6.990343612308835830e+00 4.234295742264940210e-02
1.017465482058447002e+00 6.990343612308835830e+00 8.468591484529880420e-02
3.662893797094189385e-01 2.516536109439453384e+00 4.573061951357770133e-02
3.662893797094189385e-01 2.516536109439453384e+00 6.097415935143693511e-02
3.662893797094189385e-01 2.516536109439453384e+00 7.621769918929616194e-02
3.662893797094189385e-01 2.516536109439453384e+00 9.146123902715540266e-02
3.662893797094189385e-01 2.516536109439453384e+00 1.067047788650146295e-01
1.017465482058447002e+00 7.572872246667905927e+00 0.000000000000000000e+00
1.017465482058447002e+00 7.572872246667905927e+00 4.234295742264940210e-02
1.017465482058447002e+00 7.572872246667905927e+00 8.468591484529880420e-02
3.662893797094189385e-01 2.726247451892741314e+00 4.573061951357770133e-02
3.662893797094189385e-01 2.726247451892741314e+00 6.097415935143693511e-02
3.662893797094189385e-01 2.726247451892741314e+00 7.621769918929616194e-02
3.662893797094189385e-01 2.726247451892741314e+00 9.146123902715540266e-02
3.662893797094189385e-01 2.726247451892741314e+00 1.067047788650146295e-01
1.017465482058447002e+00 8.155400881026976023e+00 0.000000000000000000e+00
1.017465482058447002e+00 8.155400881026976023e+00 4.234295742264940210e-02
1.017465482058447002e+00 8.155400881026976023e+00 8.468591484529880420e-02
3.662893797094189385e-01 2.935958794346029688e+00 4.573061951357770133e-02
3.662893797094189385e-01 2.935958794346029688e+00 6.097415935143693511e-02
3.662893797094189385e-01 2.935958794346029688e+00 7.621769918929616194e-02
3.662893797094189385e-01 2.935958794346029688e+00 9.146123902715540266e-02
3.662893797094189385e-01 2.935958794346029688e+00 1.067047788650146295e-01
1.271831852573058752e+00 0.000000000000000000e+00 0.000000000000000000e+00
1.271831852573058752e+00 0.000000000000000000e+00 4.234295742264940210e-02
1.271831852573058752e+00 0.000000000000000000e+00 8.468591484529880420e-02
4.578617246367736593e-01 0.000000000000000000e+00 4.573061951357770133e-02
4.578617246367736593e-01 0.000000000000000000e+00 6.097415935143693511e-02
4.578617246367736593e-01 0.000000000000000000e+00 7.621769918929616194e-02
4.578617246367736593e-01 0.000000000000000000e+00 9.146123902715540266e-02
4.578617246367736593e-01 0.000000000000000000e+00 1.067047788650146295e-01
1.271831852573058752e+00 5.825286343590696525e-01 0.000000000000000000e+00
1.271831852573058752e+00 5.825286343590696525e-01 4.234295742264940210e-02
1.271831852573058752e+00 5.825286343590696525e-01 8.468591484529880420e-02
4.578617246367736593e-01 2.097113424532877912e-01 4.573061951357770133e-02
4.578617246367736593e-01 2.097113424532877912e-01 6.097415935143693511e-02
4.578617246367736593e-01 2.097113424532877912e-01 7.621769918929616194e-02
4.578617246367736593e-01 2.097113424532877912e-01 9.146123902715540266e-02
4.578617246367736593e-01 2.097113424532877912e-01 1.067047788650146295e-01
1.271831852573058752e+00 1.165057268718139305e+00 0.000000000000000000e+00
1.271831852573058752e+00 1.165057268718139305e+00 4.234295742264940210e-02
1.271831852573058752e+00 1.165057268718139305e+00 8.468591484529880420e-02
4.578617246367736593e-01 4.194226849065755824e-01 4.573061951357770133e-02
4.578617246367736593e-01 4.194226849065755824e-01 6.097415935143693511e-02
4.578617246367736593e-01 4.194226849065755824e-01 7.621769918929616194e-02
4.578617246367736593e-01 4.194226849065755824e-01 9.146123902715540266e-02
4.578617246367736593e-01 4.194226849065755824e-01 1.067047788650146295e-01
1.271831852573058752e+00 1.747585903077208958e+00 0.000000000000000000e+00
1.271831852573058752e+00 1.747585903077208958e+00 4.234295742264940210e-02
1.271831852573058752e+00 1.747585903077208958e+00 8.468591484529880420e-02
4.578617246367736593e-01 6.291340273598633459e-01 4.573061951357770133e-02
4.578617246367736593e-01 6.291340273598633459e-01 6.097415935143693511e-02
4.578617246367736593e-01 6.291340273598633459e-01 7.621769918929616194e-02
4.578617246367736593e-01 6.291340273598633459e-01 9.146123902715540266e-02
4.578617246367736593e-01 6.291340273598633459e-01 1.067047788650146295e-01
1.271831852573058752e+00 2.330114537436278610e+00 0.000000000000000000e+00
1.271831852573058752e+00 2.330114537436278610e+00 4.234295742264940210e-02
1.271831852573058752e+00 2.330114537436278610e+00 8.468591484529880420e-02
4.578617246367736593e-01 8.388453698131511649e-01 4.573061951357770133e-02
4.578617246367736593e-01 8.388453698131511649e-01 6.097415935143693511e-02
4.578617246367736593e-01 8.388453698131511649e-01 7.621769918929616194e-02
4.578617246367736593e-01 8.388453698131511649e-01 9.146123902715540266e-02
4.578617246367736593e-01 8.388453698131511649e-01 1.067047788650146295e-01
1.271831852573058752e+00 2.912643171795348263e+00 0.000000000000000000e+00
1.271831852573058752e+00 2.912643171795348263e+00 4.234295742264940210e-02
1.271831852573058752e+00 2.912643171795348263e+00 8.468591484529880420e-02
4.578617246367736593e-01 1.048556712266438984e+00 4.573061951357770133e-02
4.578617246367736593e-01 1.048556712266438984e+00 6.097415935143693511e-02
4.578617246367736593e-01 1.048556712266438984e+00 7.621769918929616194e-02
4.578617246367736593e-01 1.048556712266438984e+00 9.146123902715540266e-02
4.578617246367736593e-01 1.048556712266438984e+00 1.067047788650146295e-01
1.271831852573058752e+00 3.495171806154417915e+00 0.000000000000000000e+00
1.271831852573058752e+00 3.495171806154417915e+00 4.234295742264940210e-02
1.271831852573058752e+00 3.495171806154417915e+00 8.468591484529880420e-02
4.578617246367736593e-01 1.258268054719726692e+00 4.573061951357770133e-02
4.578617246367736593e-01 1.258268054719726692e+00 6.097415935143693511e-02
4.578617246367736593e-01 1.258268054719726692e+00 7.621769918929616194e-02
4.578617246367736593e-01 1.258268054719726692e+00 9.146123902715540266e-02
4.578617246367736593e-01 1.258268054719726692e+00 1.067047788650146295e-01
1.271831852573058752e+00 4.077700440513488012e+00 0.000000000000000000e+00
1.271831852573058752e+00 4.077700440513488012e+00 4.234295742264940210e-02
1.271831852573058752e+00 4.077700440513488012e+00 8.468591484529880420e-02
4.578617246367736593e-01 1.467979397173014844e+00 4.573061951357770133e-02
4.578617246367736593e-01 1.467979397173014844e+00 6.097415935143693511e-02
4.578617246367736593e-01 1.467979397173014844e+00 7.621769918929616194e-02
4.578617246367736593e-01 1.467979397173014844e+00 9.146123902715540266e-02
4.578617246367736593e-01 1.467979397173014844e+00 1.067047788650146295e-01
1.271831852573058752e+00 4.660229074872557220e+00 0.000000000000000000e+00
1.271831852573058752e+00 4.660229074872557220e+00 4.234295742264940210e-02
1.271831852573058752e+00 4.660229074872557220e+00 8.468591484529880420e-02
4.578617246367736593e-01 1.677690739626302330e+00 4.573061951357770133e-02
4.578617246367736593e-01 1.677690739626302330e+00 6.097415935143693511e-02
4.578617246367736593e-01 1.677690739626302330e+00 7.621769918929616194e-02
4.578617246367736593e-01 1.677690739626302330e+00 9.146123902715540266e-02
4.578617246367736593e-01 1.677690739626302330e+00 1.067047788650146295e-01
1.271831852573058752e+00 5.242757709231626428e+00 0.000000000000000000e+00
1.271831852573058752e+00 5.242757709231626428e+00 4.234295742264940210e-02
1.271831852573058752e+00 5.242757709231626428e+00 8.468591484529880420e-02
4.578617246367736593e-01 1.887402082079590038e+00 4.573061951357770133e-02
4.578617246367736593e-01 1.887402082079590038e+00 6.097415935143693511e-02
4.578617246367736593e-01 1.887402082079590038e+00 7.621769918929616194e-02
4.578617246367736593e-01 1.887402082079590038e+00 9.146123902715540266e-02
4.578617246367736593e-01 1.887402082079590038e+00 1.067047788650146295e-01
1.271831852573058752e+00 5.825286343590696525e+00 0.000000000000000000e+00
1.271831852573058752e+00 5.825286343590696525e+00 4.234295742264940210e-02
1.271831852573058752e+00 5.825286343590696525e+00 8.468591484529880420e-02
4.578617246367736593e-01 2.097113424532877968e+00 4.573061951357770133e-02
4.578617246367736593e-01 2.097113424532877968e+00 6.097415935143693511e-02
4.578617246367736593e-01 2.097113424532877968e+00 7.621769918929616194e-02
4.578617246367736593e-01 2.097113424532877968e+00 9.146123902715540266e-02
4.578617246367736593e-01 2.097113424532877968e+00 1.067047788650146295e-01
1.271831852573058752e+00 6.407814977949766622e+00 0.000000000000000000e+00
1.271831852573058752e+00 6.407814977949766622e+00 4.234295742264940210e-02
1.271831852573058752e+00 6.407814977949766622e+00 8.468591484529880420e-02
4.578617246367736593e-01 2.306824766986165898e+00 4.573061951357770133e-02
4.578617246367736593e-01 2.306824766986165898e+00 6.097415935143693511e-02
4.578617246367736593e-01 2.306824766986165898e+00 7.621769918929616194e-02
4.578617246367736593e-01 2.306824766986165898e+00 9.146123902715540266e-02
4.578617246367736593e-01 2.306824766986165898e+00 1.067047788650146295e-01
1.271831852573058752e+00 6.990343612308835830e+00 0.000000000000000000e+00
1.271831852573058752e+00 6.990343612308835830e+00 4.234295742264940210e-02
1.271831852573058752e+00 6.990343612308835830e+00 8.468591484529880420e-02
4.578617246367736593e-01 2.516536109439453384e+00 4.573061951357770133e-02
4.578617246367736593e-01 2.516536109439453384e+00 6.097415935143693511e-02
4.578617246367736593e-01 2.516536109439453384e+00 7.621769918929616194e-02
4.578617246367736593e-01 2.516536109439453384e+00 9.146123902715540266e-02
4.578617246367736593e-01 2.516536109439453384e+00 1.067047788650146295e-01
1.271831852573058752e+00 7.572872246667905927e+00 0.000000000000000000e+00
1.271831852573058752e+00 7.572872246667905927e+00 4.234295742264940210e-02
1.271831852573058752e+00 7.572872246667905927e+00 8.468591484529880420e-02
4.578617246367736593e-01 2.726247451892741314e+00 4.573061951357770133e-02
4.578617246367736593e-01 2.726247451892741314e+00 6.097415935143693511e-02
4.578617246367736593e-01 2.726247451892741314e+00 7.621769918929616194e-02
4.578617246367736593e-01 2.726247451892741314e+00 9.146123902715540266e-02
4.578617246367736593e-01 2.726247451892741314e+00 1.067047788650146295e-01
1.271831852573058752e+00 8.155400881026976023e+00 0.000000000000000000e+00
1.271831852573058752e+00 8.155400881026976023e+00 4.234295742264940210e-02
1.271831852573058752e+00 8.155400881026976023e+00 8.468591484529880420e-02
4.578617246367736593e-01 2.935958794346029688e+00 4.573061951357770133e-02
4.578617246367736593e-01 2.935958794346029688e+00 6.097415935143693511e-02
4.578617246367736593e-01 2.935958794346029688e+00 7.621769918929616194e-02
4.578617246367736593e-01 2.935958794346029688e+00 9.146123902715540266e-02
4.578617246367736593e-01 2.935958794346029688e+00 1.067047788650146295e-01
1.526198223087670280e+00 0.000000000000000000e+00 0.000000000000000000e+00
1.526198223087670280e+00 0.000000000000000000e+00 4.234295742264940210e-02
1.526198223087670280e+00 0.000000000000000000e+00 8.468591484529880420e-02
5.494340695641283245e-01 0.000000000000000000e+00 4.573061951357770133e-02
5.494340695641283245e-01 0.000000000000000000e+00 6.097415935143693511e-02
5.494340695641283245e-01 0.000000000000000000e+00 7.621769918929616194e-02
5.494340695641283245e-01 0.000000000000000000e+00 9.146123902715540266e-02
5.494340695641283245e-01 0.000000000000000000e+00 1.067047788650146295e-01
1.526198223087670280e+00 5.825286343590696525e-01 0.000000000000000000e+00
1.526198223087670280e+00 5.825286343590696525e-01 4.234295742264940210e-02
1.526198223087670280e+00 5.825286343590696525e-01 8.468591484529880420e-02
5.494340695641283245e-01 2.097113424532877912e-01 4.573061951357770133e-02
5.494340695641283245e-01 2.097113424532877912e-01 6.097415935143693511e-02
5.494340695641283245e-01 2.097113424532877912e-01 7.621769918929616194e-02
5.494340695641283245e-01 2.097113424532877912e-01 9.146123902715540266e-02
5.494340695641283245e-01 2.097113424532877912e-01 1.067047788650146295e-01
1.526198223087670280e+00 1.165057268718139305e+00 0.000000000000000000e+00
1.526198223087670280e+00 1.165057268718139305e+00 4.234295742264940210e-02
1.526198223087670280e+00 1.165057268718139305e+00 8.468591484529880420e-02
5.494340695641283245e-01 4.194226849065755824e-01 4.573061951357770133e-02
5.494340695641283245e-01 4.194226849065755824e-01 6.097415935143693511e-02
5.494340695641283245e-01 4.194226849065755824e-01 7.621769918929616194e-02
5.494340695641283245e-01 4.194226849065755824e-01 9.146123902715540266e-02
5.494340695641283245e-01 4.194226849065755824e-01 1.067047788650146295e-01
1.526198223087670280e+00 1.747585903077208958e+00 0.000000000000000000e+00
1.526198223087670280e+00 1.747585903077208958e+00 4.234295742264940210e-02
1.526198223087670280e+00 1.747585903077208958e+00 8.468591484529880420e-02
5.494340695641283245e-01 6.291340273598633459e-01 4.573061951357770133e-02
5.494340695641283245e-01 6.291340273598633459e-01 6.097415935143693511e-02
5.494340695641283245e-01 6.291340273598633459e-01 7.621769918929616194e-02
5.494340695641283245e-01 6.291340273598633459e-01 9.146123902715540266e-02
5.494340695641283245e-01 6.291340273598633459e-01 1.067047788650146295e-01
1.526198223087670280e+00 2.330114537436278610e+00 0.000000000000000000e+00
1.526198223087670280e+00 2.330114537436278610e+00 4.234295742264940210e-02
1.526198223087670280e+00 2.330114537436278610e+00 8.468591484529880420e-02
5.494340695641283245e-01 8.388453698131511649e-01 4.573061951357770133e-02
5.494340695641283245e-01 8.388453698131511649e-01 6.097415935143693511e-02
5.494340695641283245e-01 8.388453698131511649e-01 7.621769918929616194e-02
5.494340695641283245e-01 8.388453698131511649e-01 9.146123902715540266e-02
5.494340695641283245e-01 8.388453698131511649e-01 1.067047788650146295e-01
1.526198223087670280e+00 2.912643171795348263e+00 0.000000000000000000e+00
1.526198223087670280e+00 2.912643171795348263e+00 4.234295742264940210e-02
1.526198223087670280e+00 2.912643171795348263e+00 8.468591484529880420e-02
5.494340695641283245e-01 1.048556712266438984e+00 4.573061951357770133e-02
5.494340695641283245e-01 1.048556712266438984e+00 6.097415935143693511e-02
5.494340695641283245e-01 1.048556712266438984e+00 7.621769918929616194e-02
5.494340695641283245e-01 1.048556712266438984e+00 9.146123902715540266e-02
5.494340695641283245e-01 1.048556712266438984e+00 1.067047788650146295e-01
1.526198223087670280e+00 3.495171806154417915e+00 0.000000000000000000e+00
1.526198223087670280e+00 3.495171806154417915e+00 4.234295742264940210e-02
1.526198223087670280e+00 3.495171806154417915e+00 8.468591484529880420e-02
5.494340695641283245e-01 1.258268054719726692e+00 4.573061951357770133e-02
5.494340695641283245e-01 1.258268054719726692e+00 6.097415935143693511e-02
5.494340695641283245e-01 1.258268054719726692e+00 7.621769918929616194e-02
5.494340695641283245e-01 1.258268054719726692e+00 9.146123902715540266e-02
5.494340695641283245e-01 1.258268054719726692e+00 1.067047788650146295e-01
1.526198223087670280e+00 4.077700440513488012e+00 0.000000000000000000e+00
1.526198223087670280e+00 4.077700440513488012e+00 4.234295742264940210e-02
1.526198223087670280e+00 4.077700440513488012e+00 8.468591484529880420e-02
5.494340695641283245e-01 1.467979397173014844e+00 4.573061951357770133e-02
5.494340695641283245e-01 1.467979397173014844e+00 6.097415935143693511e-02
5.494340695641283245e-01 1.467979397173014844e+00 7.621769918929616194e-02
5.494340695641283245e-01 1.467979397173014844e+00 9.146123902715540266e-02
5.494340695641283245e-01 1.467979397173014844e+00 1.067047788650146295e-01
1.526198223087670280e+00 4.660229074872557220e+00 0.000000000000000000e+00
1.526198223087670280e+00 4.660229074872557220e+00 4.234295742264940210e-02
1.526198223087670280e+00 4.660229074872557220e+00 8.468591484529880420e-02
5.494340695641283245e-01 1.677690739626302330e+00 4.573061951357770133e-02
5.494340695641283245e-01 1.677690739626302330e+00 6.097415935143693511e-02
5.494340695641283245e-01 1.677690739626302330e+00 7.621769918929616194e-02
5.494340695641283245e-01 1.677690739626302330e+00 9.146123902715540266e-02
5.494340695641283245e-01 1.677690739626302330e+00 1.067047788650146295e-01
1.526198223087670280e+00 5.242757709231626428e+00 0.000000000000000000e+00
1.526198223087670280e+00 5.242757709231626428e+00 4.234295742264940210e-02
1.526198223087670280e+00 5.242757709231626428e+00 8.468591484529880420e-02
5.494340695641283245e-01 1.887402082079590038e+00 4.573061951357770133e-02
5.494340695641283245e-01 1.887402082079590038e+00 6.097415935143693511e-02
5.494340695641283245e-01 1.887402082079590038e+00 7.621769918929616194e-02
5.494340695641283245e-01 1.887402082079590038e+00 9.146123902715540266e-02
5.494340695641283245e-01 1.887402082079590038e+00 1.067047788650146295e-01
1.526198223087670280e+00 5.825286343590696525e+00 0.000000000000000000e+00
1.526198223087670280e+00 5.825286343590696525e+00 4.234295742264940210e-02
1.526198223087670280e+00 5.825286343590696525e+00 8.468591484529880420e-02
5.494340695641283245e-01 2.097113424532877968e+00 4.573061951357770133e-02
5.494340695641283245e-01 2.097113424532877968e+00 6.097415935143693511e-02
5.494340695641283245e-01 2.097113424532877968e+00 7.621769918929616194e-02
5.494340695641283245e-01 2.097113424532877968e+00 9.146123902715540266e-02
5.494340695641283245e-01 2.097113424532877968e+00 1.067047788650146295e-01
1.526198223087670280e+00 6.407814977949766622e+00 0.000000000000000000e+00
1.526198223087670280e+00 6.407814977949766622e+00 4.234295742264940210e-02
1.526198223087670280e+00 6.407814977949766622e+00 8.468591484529880420e-02
5.494340695641283245e-01 2.306824766986165898e+00 4.573061951357770133e-02
5.494340695641283245e-01 2.306824766986165898e+00 6.097415935143693511e-02
5.494340695641283245e-01 2.306824766986165898e+00 7.621769918929616194e-02
5.494340695641283245e-01 2.306824766986165898e+00 9.146123902715540266e-02
5.494340695641283245e-01 2.306824766986165898e+00 1.067047788650146295e-01
1.526198223087670280e+00 6.990343612308835830e+00 0.000000000000000000e+00
1.526198223087670280e+00 6.990343612308835830e+00 4.234295742264940210e-02
1.526198223087670280e+00 6.990343612308835830e+00 8.468591484529880420e-02
5.494340695641283245e-01 2.516536109439453384e+00 4.573061951357770133e-02
5.494340695641283245e-01 2.516536109439453384e+00 6.097415935143693511e-02
5.494340695641283245e-01 2.516536109439453384e+00 7.621769918929616194e-02
5.494340695641283245e-01 2.516536109439453384e+00 9.146123902715540266e-02
5.494340695641283245e-01 2.516536109439453384e+00 1.067047788650146295e-01
1.526198223087670280e+00 7.572872246667905927e+00 0.000000000000000000e+00
1.526198223087670280e+00 7.572872246667905927e+00 4.234295742264940210e-02
1.526198223087670280e+00 7.572872246667905927e+00 8.468591484529880420e-02
5.494340695641283245e-01 2.726247451892741314e+00 4.573061951357770133e-02
5.494340695641283245e-01 2.726247451892741314e+00 6.097415935143693511e-02
5.494340695641283245e-01 2.726247451892741314e+00 7.621769918929616194e-02
5.494340695641283245e-01 2.726247451892741314e+00 9.146123902715540266e-02
5.494340695641283245e-01 2.726247451892741314e+00 1.067047788650146295e-01
1.526198223087670280e+00 8.155400881026976023e+00 0.000000000000000000e+00
1.526198223087670280e+00 8.155400881026976023e+00 4.234295742264940210e-02
1.526198223087670280e+00 8.155400881026976023e+00 8.468591484529880420e-02
5.494340695641283245e-01 2.935958794346029688e+00 4.573061951357770133e-02
5.494340695641283245e-01 2.935958794346029688e+00 6.097415935143693511e-02
5.494340695641283245e-01 2.935958794346029688e+00 7.621769918929616194e-02
5.494340695641283245e-01 2.935958794346029688e+00 9.146123902715540266e-02
5.494340695641283245e-01 2.935958794346029688e+00 1.067047788650146295e-01
1.780564593602282031e+00 0.000000000000000000e+00 0.000000000000000000e+00
1.780564593602282031e+00 0.000000000000000000e+00 4.234295742264940210e-02
1.780564593602282031e+00 0.000000000000000000e+00 8.468591484529880420e-02
6.410064144914831008e-01 0.000000000000000000e+00 4.573061951357770133e-02
6.410064144914831008e-01 0.000000000000000000e+00 6.097415935143693511e-02
6.410064144914831008e-01 0.000000000000000000e+00 7.621769918929616194e-02
6.410064144914831008e-01 0.000000000000000000e+00 9.146123902715540266e-02
6.410064144914831008e-01 0.000000000000000000e+00 1.067047788650146295e-01
1.780564593602282031e+00 5.825286343590696525e-01 0.000000000000000000e+00
1.780564593602282031e+00 5.825286343590696525e-01 4.234295742264940210e-02
1.780564593602282031e+00 5.825286343590696525e-01 8.468591484529880420e-02
6.410064144914831008e-01 2.097113424532877912e-01 4.573061951357770133e-02
6.410064144914831008e-01 2.097113424532877912e-01 6.097415935143693511e-02
6.410064144914831008e-01 2.097113424532877912e-01 7.621769918929616194e-02
6.410064144914831008e-01 2.097113424532877912e-01 9.146123902715540266e-02
6.410064144914831008e-01 2.097113424532877912e-01 1.067047788650146295e-01
1.780564593602282031e+00 1.165057268718139305e+00 0.000000000000000000e+00
1.780564593602282031e+00 1.165057268718139305e+00 4.234295742264940210e-02
1.780564593602282031e+00 1.165057268718139305e+00 8.468591484529880420e-02
6.410064144914831008e-01 4.194226849065755824e-01 4.573061951357770133e-02
6.410064144914831008e-01 4.194226849065755824e-01 6.097415935143693511e-02
6.410064144914831008e-01 4.194226849065755824e-01 7.621769918929616194e-02
6.410064144914831008e-01 4.194226849065755824e-01 9.146123902715540266e-02
6.410064144914831008e-01 4.194226849065755824e-01 1.067047788650146295e-01
1.780564593602282031e+00 1.747585903077208958e+00 0.000000000000000000e+00
1.780564593602282031e+00 1.747585903077208958e+00 4.234295742264940210e-02
1.780564593602282031e+00 1.747585903077208958e+00 8.468591484529880420e-02
6.410064144914831008e-01 6.291340273598633459e-01 4.573061951357770133e-02
6.410064144914831008e-01 6.291340273598633459e-01 6.097415935143693511e-02
6.410064144914831008e-01 6.291340273598633459e-01 7.621769918929616194e-02
6.410064144914831008e-01 6.291340273598633459e-01 9.146123902715540266e-02
6.410064144914831008e-01 6.291340273598633459e-01 1.067047788650146295e-01
1.780564593602282031e+00 2.330114537436278610e+00 0.000000000000000000e+00
1.780564593602282031e+00 2.330114537436278610e+00 4.234295742264940210e-02
1.780564593602282031e+00 2.330114537436278610e+00 8.468591484529880420e-02
6.410064144914831008e-01 8.388453698131511649e-01 4.573061951357770133e-02
6.410064144914831008e-01 8.388453698131511649e-01 6.097415935143693511e-02
6.410064144914831008e-01 8.388453698131511649e-01 7.621769918929616194e-02
6.410064144914831008e-01 8.388453698131511649e-01 9.146123902715540266e-02
6.410064144914831008e-01 8.388453698131511649e-01 1.067047788650146295e-01
1.780564593602282031e+00 2.912643171795348263e+00 0.000000000000000000e+00
1.780564593602282031e+00 2.912643171795348263e+00 4.234295742264940210e-02
1.780564593602282031e+00 2.912643171795348263e+00 8.468591484529880420e-02
6.410064144914831008e-01 1.048556712266438984e+00 4.573061951357770133e-02
6.410064144914831008e-01 1.048556712266438984e+00 6.097415935143693511e-02
6.410064144914831008e-01 1.048556712266438984e+00 7.621769918929616194e-02
6.410064144914831008e-01 1.048556712266438984e+00 9.146123902715540266e-02
6.410064144914831008e-01 1.048556712266438984e+00 1.067047788650146295e-01
1.780564593602282031e+00 3.495171806154417915e+00 0.000000000000000000e+00
1.780564593602282031e+00 3.495171806154417915e+00 4.234295742264940210e-02
1.780564593602282031e+00 3.495171806154417915e+00 8.468591484529880420e-02
6.410064144914831008e-01 1.258268054719726692e+00 4.573061951357770133e-02
6.410064144914831008e-01 1.258268054719726692e+00 6.097415935143693511e-02
6.410064144914831008e-01 1.258268054719726692e+00 7.621769918929616194e-02
6.410064144914831008e-01 1.258268054719726692e+00 9.146123902715540266e-02
6.410064144914831008e-01 1.258268054719726692e+00 1.067047788650146295e-01
1.780564593602282031e+00 4.077700440513488012e+00 0.000000000000000000e+00
1.780564593602282031e+00 4.077700440513488012e+00 4.234295742264940210e-02
1.780564593602282031e+00 4.077700440513488012e+00 8.468591484529880420e-02
6.410064144914831008e-01 1.467979397173014844e+00 4.573061951357770133e-02
6.410064144914831008e-01 1.467979397173014844e+00 6.097415935143693511e-02
6.410064144914831008e-01 1.467979397173014844e+00 7.621769918929616194e-02
6.410064144914831008e-01 1.467979397173014844e+00 9.146123902715540266e-02
6.410064144914831008e-01 1.467979397173014844e+00 1.067047788650146295e-01
1.780564593602282031e+00 4.660229074872557220e+00 0.000000000000000000e+00
1.780564593602282031e+00 4.660229074872557220e+00 4.234295742264940210e-02
1.780564593602282031e+00 4.660229074872557220e+00 8.468591484529880420e-02
6.410064144914831008e-01 1.677690739626302330e+00 4.573061951357770133e-02
6.410064144914831008e-01 1.677690739626302330e+00 6.097415935143693511e-02
6.410064144914831008e-01 1.677690739626302330e+00 7.621769918929616194e-02
6.410064144914831008e-01 1.677690739626302330e+00 9.146123902715540266e-02
6.410064144914831008e-01 1.677690739626302330e+00 1.067047788650146295e-01
1.780564593602282031e+00 5.242757709231626428e+00 0.000000000000000000e+00
1.780564593602282031e+00 5.242757709231626428e+00 4.234295742264940210e-02
1.780564593602282031e+00 5.242757709231626428e+00 8.468591484529880420e-02
6.410064144914831008e-01 1.887402082079590038e+00 4.573061951357770133e-02
6.410064144914831008e-01 1.887402082079590038e+00 6.097415935143693511e-02
6.410064144914831008e-01 1.887402082079590038e+00 7.621769918929616194e-02
6.410064144914831008e-01 1.887402082079590038e+00 9.146123902715540266e-02
6.410064144914831008e-01 1.887402082079590038e+00 1.067047788650146295e-01
1.780564593602282031e+00 5.825286343590696525e+00 0.000000000000000000e+00
1.780564593602282031e+00 5.825286343590696525e+00 4.234295742264940210e-02
1.780564593602282031e+00 5.825286343590696525e+00 8.468591484529880420e-02
6.410064144914831008e-01 2.097113424532877968e+00 4.573061951357770133e-02
6.410064144914831008e-01 2.097113424532877968e+00 6.097415935143693511e-02
6.410064144914831008e-01 2.097113424532877968e+00 7.621769918929616194e-02
6.410064144914831008e-01 2.097113424532877968e+00 9.146123902715540266e-02
6.410064144914831008e-01 2.097113424532877968e+00 1.067047788650146295e-01
1.780564593602282031e+00 6.407814977949766622e+00 0.000000000000000000e+00
1.780564593602282031e+00 6.407814977949766622e+00 4.234295742264940210e-02
1.780564593602282031e+00 6.407814977949766622e+00 8.468591484529880420e-02
6.410064144914831008e-01 2.306824766986165898e+00 4.573061951357770133e-02
6.410064144914831008e-01 2.306824766986165898e+00 6.097415935143693511e-02
6.410064144914831008e-01 2.306824766986165898e+00 7.621769918929616194e-02
6.410064144914831008e-01 2.306824766986165898e+00 9.146123902715540266e-02
6.410064144914831008e-01 2.306824766986165898e+00 1.067047788650146295e-01
1.780564593602282031e+00 6.990343612308835830e+00 0.000000000000000000e+00
1.780564593602282031e+00 6.990343612308835830e+00 4.234295742264940210e-02
1.780564593602282031e+00 6.990343612308835830e+00 8.468591484529880420e-02
6.410064144914831008e-01 2.516536109439453384e+00 4.573061951357770133e-02
6.410064144914831008e-01 2.516536109439453384e+00 6.097415935143693511e-02
6.410064144914831008e-01 2.516536109439453384e+00 7.621769918929616194e-02
6.410064144914831008e-01 2.516536109439453384e+00 9.146123902715540266e-02
6.410064144914831008e-01 2.516536109439453384e+00 1.067047788650146295e-01
1.780564593602282031e+00 7.572872246667905927e+00 0.000000000000000000e+00
1.780564593602282031e+00 7.572872246667905927e+00 4.234295742264940210e-02
1.780564593602282031e+00 7.572872246667905927e+00 8.468591484529880420e-02
6.410064144914831008e-01 2.726247451892741314e+00 4.573061951357770133e-02
6.410064144914831008e-01 2.726247451892741314e+00 6.097415935143693511e-02
6.410064144914831008e-01 2.726247451892741314e+00 7.621769918929616194e-02
6.410064144914831008e-01 2.726247451892741314e+00 9.146123902715540266e-02
6.410064144914831008e-01 2.726247451892741314e+00 1.067047788650146295e-01
1.780564593602282031e+00 8.155400881026976023e+00 0.000000000000000000e+00
1.780564593602282031e+00 8.155400881026976023e+00 4.234295742264940210e-02
1.780564593602282031e+00 8.155400881026976023e+00 8.468591484529880420e-02
6.410064144914831008e-01 2.935958794346029688e+00 4.573061951357770133e-02
6.410064144914831008e-01 2.935958794346029688e+00 6.097415935143693511e-02
6.410064144914831008e-01 2.935958794346029688e+00 7.621769918929616194e-02
6.410064144914831008e-01 2.935958794346029688e+00 9.146123902715540266e-02
6.410064144914831008e-01 2.935958794346029688e+00 1.067047788650146295e-01
2.034930964116894003e+00 0.000000000000000000e+00 0.000000000000000000e+00
2.034930964116894003e+00 0.000000000000000000e+00 4.234295742264940210e-02
2.034930964116894003e+00 0.000000000000000000e+00 8.468591484529880420e-02
7.325787594188378771e-01 0.000000000000000000e+00 4.573061951357770133e-02
7.325787594188378771e-01 0.000000000000000000e+00 6.097415935143693511e-02
7.325787594188378771e-01 0.000000000000000000e+00 7.621769918929616194e-02
7.325787594188378771e-01 0.000000000000000000e+00 9.146123902715540266e-02
7.325787594188378771e-01 0.000000000000000000e+00 1.067047788650146295e-01
2.034930964116894003e+00 5.825286343590696525e-01 0.000000000000000000e+00
2.034930964116894003e+00 5.825286343590696525e-01 4.234295742264940210e-02
2.034930964116894003e+00 5.825286343590696525e-01 8.468591484529880420e-02
7.325787594188378771e-01 2.097113424532877912e-01 4.573061951357770133e-02
7.325787594188378771e-01 2.097113424532877912e-01 6.097415935143693511e-02
7.325787594188378771e-01 2.097113424532877912e-01 7.621769918929616194e-02
7.325787594188378771e-01 2.097113424532877912e-01 9.146123902715540266e-02
7.325787594188378771e-01 2.097113424532877912e-01 1.067047788650146295e-01
2.034930964116894003e+00 1.165057268718139305e+00 0.000000000000000000e+00
2.034930964116894003e+00 1.165057268718139305e+00 4.234295742264940210e-02
2.034930964116894003e+00 1.165057268718139305e+00 8.468591484529880420e-02
7.325787594188378771e-01 4.194226849065755824e-01 4.573061951357770133e-02
7.325787594188378771e-01 4.194226849065755824e-01 6.097415935143693511e-02
7.325787594188378771e-01 4.194226849065755824e-01 7.621769918929616194e-02
7.325787594188378771e-01 4.194226849065755824e-01 9.146123902715540266e-02
7.325787594188378771e-01 4.194226849065755824e-01 1.067047788650146295e-01
2.034930964116894003e+00 1.747585903077208958e+00 0.000000000000000000e+00
2.034930964116894003e+00 1.747585903077208958e+00 4.234295742264940210e-02
2.034930964116894003e+00 1.747585903077208958e+00 8.468591484529880420e-02
7.325787594188378771e-01 6.291340273598633459e-01 4.573061951357770133e-02
7.325787594188378771e-01 6.291340273598633459e-01 6.097415935143693511e-02
7.325787594188378771e-01 6.291340273598633459e-01 7.621769918929616194e-02
7.325787594188378771e-01 6.291340273598633459e-01 9.146123902715540266e-02
7.325787594188378771e-01 6.291340273598633459e-01 1.067047788650146295e-01
2.034930964116894003e+00 2.330114537436278610e+00 0.000000000000000000e+00
2.034930964116894003e+00 2.330114537436278610e+00 4.234295742264940210e-02
2.034930964116894003e+00 2.330114537436278610e+00 8.468591484529880420e-02
7.325787594188378771e-01 8.388453698131511649e-01 4.573061951357770133e-02
7.325787594188378771e-01 8.388453698131511649e-01 6.097415935143693511e-02
7.325787594188378771e-01 8.388453698131511649e-01 7.621769918929616194e-02
7.325787594188378771e-01 8.388453698131511649e-01 9.146123902715540266e-02
7.325787594188378771e-01 8.388453698131511649e-01 1.067047788650146295e-01
2.034930964116894003e+00 2.912643171795348263e+00 0.000000000000000000e+00
2.034930964116894003e+00 2.912643171795348263e+00 4.234295742264940210e-02
2.034930964116894003e+00 2.912643171795348263e+00 8.468591484529880420e-02
7.325787594188378771e-01 1.048556712266438984e+00 4.573061951357770133e-02
7.325787594188378771e-01 1.048556712266438984e+00 6.097415935143693511e-02
7.325787594188378771e-01 1.048556712266438984e+00 7.621769918929616194e-02
7.325787594188378771e-01 1.048556712266438984e+00 9.146123902715540266e-02
7.325787594188378771e-01 1.048556712266438984e+00 1.067047788650146295e-01
2.034930964116894003e+00 3.495171806154417915e+00 0.000000000000000000e+00
2.034930964116894003e+00 3.495171806154417915e+00 4.234295742264940210e-02
2.034930964116894003e+00 3.495171806154417915e+00 8.468591484529880420e-02
7.325787594188378771e-01 1.258268054719726692e+00 4.573061951357770133e-02
7.325787594188378771e-01 1.258268054719726692e+00 6.097415935143693511e-02
7.325787594188378771e-01 1.258268054719726692e+00 7.621769918929616194e-02
7.325787594188378771e-01 1.258268054719726692e+00 9.146123902715540266e-02
7.325787594188378771e-01 1.258268054719726692e+00 1.067047788650146295e-01
2.034930964116894003e+00 4.077700440513488012e+00 0.000000000000000000e+00
2.034930964116894003e+00 4.077700440513488012e+00 4.234295742264940210e-02
2.034930964116894003e+00 4.077700440513488012e+00 8.468591484529880420e-02
7.325787594188378771e-01 1.467979397173014844e+00 4.573061951357770133e-02
7.325787594188378771e-01 1.467979397173014844e+00 6.097415935143693511e-02
7.325787594188378771e-01 1.467979397173014844e+00 7.621769918929616194e-02
7.325787594188378771e-01 1.467979397173014844e+00 9.146123902715540266e-02
7.325787594188378771e-01 1.467979397173014844e+00 1.067047788650146295e-01
2.034930964116894003e+00 4.660229074872557220e+00 0.000000000000000000e+00
2.034930964116894003e+00 4.660229074872557220e+00 4.234295742264940210e-02
2.034930964116894003e+00 4.660229074872557220e+00 8.468591484529880420e-02
7.325787594188378771e-01 1.677690739626302330e+00 4.573061951357770133e-02
7.325787594188378771e-01 1.677690739626302330e+00 6.097415935143693511e-02
7.325787594188378771e-01 1.677690739626302330e+00 7.621769918929616194e-02
7.325787594188378771e-01 1.677690739626302330e+00 9.146123902715540266e-02
7.325787594188378771e-01 1.677690739626302330e+00 1.067047788650146295e-01
2.034930964116894003e+00 5.242757709231626428e+00 0.000000000000000000e+00
2.034930964116894003e+00 5.242757709231626428e+00 4.234295742264940210e-02
2.034930964116894003e+00 5.242757709231626428e+00 8.468591484529880420e-02
7.325787594188378771e-01 1.887402082079590038e+00 4.573061951357770133e-02
7.325787594188378771e-01 1.887402082079590038e+00 6.097415935143693511e-02
7.325787594188378771e-01 1.887402082079590038e+00 7.621769918929616194e-02
7.325787594188378771e-01 1.887402082079590038e+00 9.146123902715540266e-02
7.325787594188378771e-01 1.887402082079590038e+00 1.067047788650146295e-01
2.034930964116894003e+00 5.825286343590696525e+00 0.000000000000000000e+00
2.034930964116894003e+00 5.825286343590696525e+00 4.234295742264940210e-02
2.034930964116894003e+00 5.825286343590696525e+00 8.468591484529880420e-02
7.325787594188378771e-01 2.097113424532877968e+00 4.573061951357770133e-02
7.325787594188378771e-01 2.097113424532877968e+00 6.097415935143693511e-02
7.325787594188378771e-01 2.097113424532877968e+00 7.621769918929616194e-02
7.325787594188378771e-01 2.097113424532877968e+00 9.146123902715540266e-02
7.325787594188378771e-01 2.097113424532877968e+00 1.067047788650146295e-01
2.034930964116894003e+00 6.407814977949766622e+00 0.000000000000000000e+00
2.034930964116894003e+00 6.407814977949766622e+00 4.234295742264940210e-02
2.034930964116894003e+00 6.407814977949766622e+00 8.468591484529880420e-02
7.325787594188378771e-01 2.306824766986165898e+00 4.573061951357770133e-02
7.325787594188378771e-01 2.306824766986165898e+00 6.097415935143693511e-02
7.325787594188378771e-01 2.306824766986165898e+00 7.621769918929616194e-02
7.325787594188378771e-01 2.306824766986165898e+00 9.146123902715540266e-02
7.325787594188378771e-01 2.306824766986165898e+00 1.067047788650146295e-01
2.034930964116894003e+00 6.990343612308835830e+00 0.000000000000000000e+00
2.034930964116894003e+00 6.990343612308835830e+00 4.234295742264940210e-02
2.034930964116894003e+00 6.990343612308835830e+00 8.468591484529880420e-02
7.325787594188378771e-01 2.516536109439453384e+00 4.573061951357770133e-02
7.325787594188378771e-01 2.516536109439453384e+00 6.097415935143693511e-02
7.325787594188378771e-01 2.516536109439453384e+00 7.621769918929616194e-02
7.325787594188378771e-01 2.516536109439453384e+00 9.146123902715540266e-02
7.325787594188378771e-01 2.516536109439453384e+00 1.067047788650146295e-01
2.034930964116894003e+00 7.572872246667905927e+00 0.000000000000000000e+00
2.034930964116894003e+00 7.572872246667905927e+00 4.234295742264940210e-02
2.034930964116894003e+00 7.572872246667905927e+00 8.468591484529880420e-02
7.325787594188378771e-01 2.726247451892741314e+00 4.573061951357770133e-02
7.325787594188378771e-01 2.726247451892741314e+00 6.097415935143693511e-02
7.325787594188378771e-01 2.726247451892741314e+00 7.621769918929616194e-02
7.325787594188378771e-01 2.726247451892741314e+00 9.146123902715540266e-02
7.325787594188378771e-01 2.726247451892741314e+00 1.067047788650146295e-01
2.034930964116894003e+00 8.155400881026976023e+00 0.000000000000000000e+00
2.034930964116894003e+00 8.155400881026976023e+00 4.234295742264940210e-02
2.034930964116894003e+00 8.155400881026976023e+00 8.468591484529880420e-02
7.325787594188378771e-01 2.935958794346029688e+00 4.573061951357770133e-02
7.325787594188378771e-01 2.935958794346029688e+00 6.097415935143693511e-02
7.325787594188378771e-01 2.935958794346029688e+00 7.621769918929616194e-02
7.325787594188378771e-01 2.935958794346029688e+00 9.146123902715540266e-02
7.325787594188378771e-01 2.935958794346029688e+00 1.067047788650146295e-01
2.289297334631505532e+00 0.000000000000000000e+00 0.000000000000000000e+00
2.289297334631505532e+00 0.000000000000000000e+00 4.234295742264940210e-02
2.289297334631505532e+00 0.000000000000000000e+00 8.468591484529880420e-02
8.241511043461925423e-01 0.000000000000000000e+00 4.573061951357770133e-02
8.241511043461925423e-01 0.000000000000000000e+00 6.097415935143693511e-02
8.241511043461925423e-01 0.000000000000000000e+00 7.621769918929616194e-02
8.241511043461925423e-01 0.000000000000000000e+00 9.146123902715540266e-02
8.241511043461925423e-01 0.000000000000000000e+00 1.067047788650146295e-01
2.289297334631505532e+00 5.825286343590696525e-01 0.000000000000000000e+00
2.289297334631505532e+00 5.825286343590696525e-01 4.234295742264940210e-02
2.289297334631505532e+00 5.825286343590696525e-01 8.468591484529880420e-02
8.241511043461925423e-01 2.097113424532877912e-01 4.573061951357770133e-02
8.241511043461925423e-01 2.097113424532877912e-01 6.097415935143693511e-02
8.241511043461925423e-01 2.097113424532877912e-01 7.621769918929616194e-02
8.241511043461925423e-01 2.097113424532877912e-01 9.146123902715540266e-02
8.241511043461925423e-01 2.097113424532877912e-01 1.067047788650146295e-01
2.289297334631505532e+00 1.165057268718139305e+00 0.000000000000000000e+00
2.289297334631505532e+00 1.165057268718139305e+00 4.234295742264940210e-02
2.289297334631505532e+00 1.165057268718139305e+00 8.468591484529880420e-02
8.241511043461925423e-01 4.194226849065755824e-01 4.573061951357770133e-02
8.241511043461925423e-01 4.194226849065755824e-01 6.097415935143693511e-02
8.241511043461925423e-01 4.194226849065755824e-01 7.621769918929616194e-02
8.241511043461925423e-01 4.194226849065755824e-01 9.146123902715540266e-02
8.241511043461925423e-01 4.194226849065755824e-01 1.067047788650146295e-01
2.289297334631505532e+00 1.747585903077208958e+00 0.000000000000000000e+00
2.289297334631505532e+00 1.747585903077208958e+00 4.234295742264940210e-02
2.289297334631505532e+00 1.747585903077208958e+00 8.468591484529880420e-02
8.241511043461925423e-01 6.291340273598633459e-01 4.573061951357770133e-02
8.241511043461925423e-01 6.291340273598633459e-01 6.097415935143693511e-02
8.241511043461925423e-01 6.291340273598633459e-01 7.621769918929616194e-02
8.241511043461925423e-01 6.291340273598633459e-01 9.146123902715540266e-02
8.241511043461925423e-01 6.291340273598633459e-01 1.067047788650146295e-01
2.289297334631505532e+00 2.330114537436278610e+00 0.000000000000000000e+00
2.289297334631505532e+00 2.330114537436278610e+00 4.234295742264940210e-02
2.289297334631505532e+00 2.330114537436278610e+00 8.468591484529880420e-02
8.241511043461925423e-01 8.388453698131511649e-01 4.573061951357770133e-02
8.241511043461925423e-01 8.388453698131511649e-01 6.097415935143693511e-02
8.241511043461925423e-01 8.388453698131511649e-01 7.621769918929616194e-02
8.241511043461925423e-01 8.388453698131511649e-01 9.146123902715540266e-02
8.241511043461925423e-01 8.388453698131511649e-01 1.067047788650146295e-01
2.289297334631505532e+00 2.912643171795348263e+00 0.000000000000000000e+00
2.289297334631505532e+00 2.912643171795348263e+00 4.234295742264940210e-02
2.289297334631505532e+00 2.912643171795348263e+00 8.468591484529880420e-02
8.241511043461925423e-01 1.048556712266438984e+00 4.573061951357770133e-02
8.241511043461925423e-01 1.048556712266438984e+00 6.097415935143693511e-02
8.241511043461925423e-01 1.048556712266438984e+00 7.621769918929616194e-02
8.241511043461925423e-01 1.048556712266438984e+00 9.146123902715540266e-02
8.241511043461925423e-01 1.048556712266438984e+00 1.067047788650146295e-01
2.289297334631505532e+00 3.495171806154417915e+00 0.000000000000000000e+00
2.289297334631505532e+00 3.495171806154417915e+00 4.234295742264940210e-02
2.289297334631505532e+00 3.495171806154417915e+00 8.468591484529880420e-02
8.241511043461925423e-01 1.258268054719726692e+00 4.573061951357770133e-02
8.241511043461925423e-01 1.258268054719726692e+00 6.097415935143693511e-02
8.241511043461925423e-01 1.258268054719726692e+00 7.621769918929616194e-02
8.241511043461925423e-01 1.258268054719726692e+00 9.146123902715540266e-02
8.241511043461925423e-01 1.258268054719726692e+00 1.067047788650146295e-01
2.289297334631505532e+00 4.077700440513488012e+00 0.000000000000000000e+00
2.289297334631505532e+00 4.077700440513488012e+00 4.234295742264940210e-02
2.289297334631505532e+00 4.077700440513488012e+00 8.468591484529880420e-02
8.241511043461925423e-01 1.467979397173014844e+00 4.573061951357770133e-02
8.241511043461925423e-01 1.467979397173014844e+00 6.097415935143693511e-02
8.241511043461925423e-01 1.467979397173014844e+00 7.621769918929616194e-02
8.241511043461925423e-01 1.467979397173014844e+00 9.146123902715540266e-02
8.241511043461925423e-01 1.467979397173014844e+00 1.067047788650146295e-01
2.289297334631505532e+00 4.660229074872557220e+00 0.000000000000000000e+00
2.289297334631505532e+00 4.660229074872557220e+00 4.234295742264940210e-02
2.289297334631505532e+00 4.660229074872557220e+00 8.468591484529880420e-02
8.241511043461925423e-01 1.677690739626302330e+00 4.573061951357770133e-02
8.241511043461925423e-01 1.677690739626302330e+00 6.097415935143693511e-02
8.241511043461925423e-01 1.677690739626302330e+00 7.621769918929616194e-02
8.241511043461925423e-01 1.677690739626302330e+00 9.146123902715540266e-02
8.241511043461925423e-01 1.677690739626302330e+00 1.067047788650146295e-01
2.289297334631505532e+00 5.242757709231626428e+00 0.000000000000000000e+00
2.289297334631505532e+00 5.242757709231626428e+00 4.234295742264940210e-02
2.289297334631505532e+00 5.242757709231626428e+00 8.468591484529880420e-02
8.241511043461925423e-01 1.887402082079590038e+00 4.573061951357770133e-02
8.241511043461925423e-01 1.887402082079590038e+00 6.097415935143693511e-02
8.241511043461925423e-01 1.887402082079590038e+00 7.621769918929616194e-02
8.241511043461925423e-01 1.887402082079590038e+00 9.146123902715540266e-02
8.241511043461925423e-01 1.887402082079590038e+00 1.067047788650146295e-01
2.289297334631505532e+00 5.825286343590696525e+00 0.000000000000000000e+00
2.289297334631505532e+00 5.825286343590696525e+00 4.234295742264940210e-02
2.289297334631505532e+00 5.825286343590696525e+00 8.468591484529880420e-02
8.241511043461925423e-01 2.097113424532877968e+00 4.573061951357770133e-02
8.241511043461925423e-01 2.097113424532877968e+00 6.097415935143693511e-02
8.241511043461925423e-01 2.097113424532877968e+00 7.621769918929616194e-02
8.241511043461925423e-01 2.097113424532877968e+00 9.146123902715540266e-02
8.241511043461925423e-01 2.097113424532877968e+00 1.067047788650146295e-01
2.289297334631505532e+00 6.407814977949766622e+00 0.000000000000000000e+00
2.289297334631505532e+00 6.407814977949766622e+00 4.234295742264940210e-02
2.289297334631505532e+00 6.407814977949766622e+00 8.468591484529880420e-02
8.241511043461925423e-01 2.306824766986165898e+00 4.573061951357770133e-02
8.241511043461925423e-01 2.306824766986165898e+00 6.097415935143693511e-02
8.241511043461925423e-01 2.306824766986165898e+00 7.621769918929616194e-02
8.241511043461925423e-01 2.306824766986165898e+00 9.146123902715540266e-02
8.241511043461925423e-01 2.306824766986165898e+00 1.067047788650146295e-01
2.289297334631505532e+00 6.990343612308835830e+00 0.000000000000000000e+00
2.289297334631505532e+00 6.990343612308835830e+00 4.234295742264940210e-02
2.289297334631505532e+00 6.990343612308835830e+00 8.468591484529880420e-02
8.241511043461925423e-01 2.516536109439453384e+00 4.573061951357770133e-02
8.241511043461925423e-01 2.516536109439453384e+00 6.097415935143693511e-02
8.241511043461925423e-01 2.516536109439453384e+00 7.621769918929616194e-02
8.241511043461925423e-01 2.516536109439453384e+00 9.146123902715540266e-02
8.241511043461925423e-01 2.516536109439453384e+00 1.067047788650146295e-01
2.289297334631505532e+00 7.572872246667905927e+00 0.000000000000000000e+00
2.289297334631505532e+00 7.572872246667905927e+00 4.234295742264940210e-02
2.289297334631505532e+00 7.572872246667905927e+00 8.468591484529880420e-02
8.241511043461925423e-01 2.726247451892741314e+00 4.573061951357770133e-02
8.241511043461925423e-01 2.726247451892741314e+00 6.097415935143693511e-02
8.241511043461925423e-01 2.726247451892741314e+00 7.621769918929616194e-02
8.241511043461925423e-01 2.726247451892741314e+00 9.146123902715540266e-02
8.241511043461925423e-01 2.726247451892741314e+00 1.067047788650146295e-01
2.289297334631505532e+00 8.155400881026976023e+00 0.000000000000000000e+00
2.289297334631505532e+00 8.155400881026976023e+00 4.234295742264940210e-02
2.289297334631505532e+00 8.155400881026976023e+00 8.468591484529880420e-02
8.241511043461925423e-01 2.935958794346029688e+00 4.573061951357770133e-02
8.241511043461925423e-01 2.935958794346029688e+00 6.097415935143693511e-02
8.241511043461925423e-01 2.935958794346029688e+00 7.621769918929616194e-02
8.241511043461925423e-01 2.935958794346029688e+00 9.146123902715540266e-02
8.241511043461925423e-01 2.935958794346029688e+00 1.067047788650146295e-01
2.543663705146117504e+00 0.000000000000000000e+00 0.000000000000000000e+00
2.543663705146117504e+00 0.000000000000000000e+00 4.234295742264940210e-02
2.543663705146117504e+00 0.000000000000000000e+00 8.468591484529880420e-02
9.157234492735473186e-01 0.000000000000000000e+00 4.573061951357770133e-02
9.157234492735473186e-01 0.000000000000000000e+00 6.097415935143693511e-02
9.157234492735473186e-01 0.000000000000000000e+00 7.621769918929616194e-02
9.157234492735473186e-01 0.000000000000000000e+00 9.146123902715540266e-02
9.157234492735473186e-01 0.000000000000000000e+00 1.067047788650146295e-01
2.543663705146117504e+00 5.825286343590696525e-01 0.000000000000000000e+00
2.543663705146117504e+00 5.825286343590696525e-01 4.234295742264940210e-02
2.543663705146117504e+00 5.825286343590696525e-01 8.468591484529880420e-02
9.157234492735473186e-01 2.097113424532877912e-01 4.573061951357770133e-02
9.157234492735473186e-01 2.097113424532877912e-01 6.097415935143693511e-02
9.157234492735473186e-01 2.097113424532877912e-01 7.621769918929616194e-02
9.157234492735473186e-01 2.097113424532877912e-01 9.146123902715540266e-02
9.157234492735473186e-01 2.097113424532877912e-01 1.067047788650146295e-01
2.543663705146117504e+00 1.165057268718139305e+00 0.000000000000000000e+00
2.543663705146117504e+00 1.165057268718139305e+00 4.234295742264940210e-02
2.543663705146117504e+00 1.165057268718139305e+00 8.468591484529880420e-02
9.157234492735473186e-01 4.194226849065755824e-01 4.573061951357770133e-02
9.157234492735473186e-01 4.194226849065755824e-01 6.097415935143693511e-02
9.157234492735473186e-01 4.194226849065755824e-01 7.621769918929616194e-02
9.157234492735473186e-01 4.194226849065755824e-01 9.146123902715540266e-02
9.157234492735473186e-01 4.194226849065755824e-01 1.067047788650146295e-01
2.543663705146117504e+00 1.747585903077208958e+00 0.000000000000000000e+00
2.543663705146117504e+00 1.747585903077208958e+00 4.234295742264940210e-02
2.543663705146117504e+00 1.747585903077208958e+00 8.468591484529880420e-02
9.157234492735473186e-01 6.291340273598633459e-01 4.573061951357770133e-02
9.157234492735473186e-01 6.291340273598633459e-01 6.097415935143693511e-02
9.157234492735473186e-01 6.291340273598633459e-01 7.621769918929616194e-02
9.157234492735473186e-01 6.291340273598633459e-01 9.146123902715540266e-02
9.157234492735473186e-01 6.291340273598633459e-01 1.067047788650146295e-01
2.543663705146117504e+00 2.330114537436278610e+00 0.000000000000000000e+00
2.543663705146117504e+00 2.330114537436278610e+00 4.234295742264940210e-02
2.543663705146117504e+00 2.330114537436278610e+00 8.468591484529880420e-02
9.157234492735473186e-01 8.388453698131511649e-01 4.573061951357770133e-02
9.157234492735473186e-01 8.388453698131511649e-01 6.097415935143693511e-02
9.157234492735473186e-01 8.388453698131511649e-01 7.621769918929616194e-02
9.157234492735473186e-01 8.388453698131511649e-01 9.146123902715540266e-02
9.157234492735473186e-01 8.388453698131511649e-01 1.067047788650146295e-01
2.543663705146117504e+00 2.912643171795348263e+00 0.000000000000000000e+00
2.543663705146117504e+00 2.912643171795348263e+00 4.234295742264940210e-02
2.543663705146117504e+00 2.912643171795348263e+00 8.468591484529880420e-02
9.157234492735473186e-01 1.048556712266438984e+00 4.573061951357770133e-02
9.157234492735473186e-01 1.048556712266438984e+00 6.097415935143693511e-02
9.157234492735473186e-01 1.048556712266438984e+00 7.621769918929616194e-02
9.157234492735473186e-01 1.048556712266438984e+00 9.146123902715540266e-02
9.157234492735473186e-01 1.048556712266438984e+00 1.067047788650146295e-01
2.543663705146117504e+00 3.495171806154417915e+00 0.000000000000000000e+00
2.543663705146117504e+00 3.495171806154417915e+00 4.234295742264940210e-02
2.543663705146117504e+00 3.495171806154417915e+00 8.468591484529880420e-02
9.157234492735473186e-01 1.258268054719726692e+00 4.573061951357770133e-02
9.157234492735473186e-01 1.258268054719726692e+00 6.097415935143693511e-02
9.157234492735473186e-01 1.258268054719726692e+00 7.621769918929616194e-02
9.157234492735473186e-01 1.258268054719726692e+00 9.146123902715540266e-02
9.157234492735473186e-01 1.258268054719726692e+00 1.067047788650146295e-01
2.543663705146117504e+00 4.077700440513488012e+00 0.000000000000000000e+00
2.543663705146117504e+00 4.077700440513488012e+00 4.234295742264940210e-02
2.543663705146117504e+00 4.077700440513488012e+00 8.468591484529880420e-02
9.157234492735473186e-01 1.467979397173014844e+00 4.573061951357770133e-02
9.157234492735473186e-01 1.467979397173014844e+00 6.097415935143693511e-02
9.157234492735473186e-01 1.467979397173014844e+00 7.621769918929616194e-02
9.157234492735473186e-01 1.467979397173014844e+00 9.146123902715540266e-02
9.157234492735473186e-01 1.467979397173014844e+00 1.067047788650146295e-01
2.543663705146117504e+00 4.660229074872557220e+00 0.000000000000000000e+00
2.543663705146117504e+00 4.660229074872557220e+00 4.234295742264940210e-02
2.543663705146117504e+00 4.660229074872557220e+00 8.468591484529880420e-02
9.157234492735473186e-01 1.677690739626302330e+00 4.573061951357770133e-02
9.157234492735473186e-01 1.677690739626302330e+00 6.097415935143693511e-02
9.157234492735473186e-01 1.677690739626302330e+00 7.621769918929616194e-02
9.157234492735473186e-01 1.677690739626302330e+00 9.146123902715540266e-02
9.157234492735473186e-01 1.677690739626302330e+00 1.067047788650146295e-01
2.543663705146117504e+00 5.242757709231626428e+00 0.000000000000000000e+00
2.543663705146117504e+00 5.242757709231626428e+00 4.234295742264940210e-02
2.543663705146117504e+00 5.242757709231626428e+00 8.468591484529880420e-02
9.157234492735473186e-01 1.887402082079590038e+00 4.573061951357770133e-02
9.157234492735473186e-01 1.887402082079590038e+00 6.097415935143693511e-02
9.157234492735473186e-01 1.887402082079590038e+00 7.621769918929616194e-02
9.157234492735473186e-01 1.887402082079590038e+00 9.146123902715540266e-02
9.157234492735473186e-01 1.887402082079590038e+00 1.067047788650146295e-01
2.543663705146117504e+00 5.825286343590696525e+00 0.000000000000000000e+00
2.543663705146117504e+00 5.825286343590696525e+00 4.234295742264940210e-02
2.543663705146117504e+00 5.825286343590696525e+00 8.468591484529880420e-02
9.157234492735473186e-01 2.097113424532877968e+00 4.573061951357770133e-02
9.157234492735473186e-01 2.097113424532877968e+00 6.097415935143693511e-02
9.157234492735473186e-01 2.097113424532877968e+00 7.621769918929616194e-02
9.157234492735473186e-01 2.097113424532877968e+00 9.146123902715540266e-02
9.157234492735473186e-01 2.097113424532877968e+00 1.067047788650146295e-01
2.543663705146117504e+00 6.407814977949766622e+00 0.000000000000000000e+00
2.543663705146117504e+00 6.407814977949766622e+00 4.234295742264940210e-02
2.543663705146117504e+00 6.407814977949766622e+00 8.468591484529880420e-02
9.157234492735473186e-01 2.306824766986165898e+00 4.573061951357770133e-02
9.157234492735473186e-01 2.306824766986165898e+00 6.097415935143693511e-02
9.157234492735473186e-01 2.306824766986165898e+00 7.621769918929616194e-02
9.157234492735473186e-01 2.306824766986165898e+00 9.146123902715540266e-02
9.157234492735473186e-01 2.306824766986165898e+00 1.067047788650146295e-01
2.543663705146117504e+00 6.990343612308835830e+00 0.000000000000000000e+00
2.543663705146117504e+00 6.990343612308835830e+00 4.234295742264940210e-02
2.543663705146117504e+00 6.990343612308835830e+00 8.468591484529880420e-02
9.157234492735473186e-01 2.516536109439453384e+00 4.573061951357770133e-02
9.157234492735473186e-01 2.516536109439453384e+00 6.097415935143693511e-02
9.157234492735473186e-01 2.516536109439453384e+00 7.621769918929616194e-02
9.157234492735473186e-01 2.516536109439453384e+00 9.146123902715540266e-02
9.157234492735473186e-01 2.516536109439453384e+00 1.067047788650146295e-01
2.543663705146117504e+00 7.572872246667905927e+00 0.000000000000000000e+00
2.543663705146117504e+00 7.572872246667905927e+00 4.234295742264940210e-02
2.543663705146117504e+00 7.572872246667905927e+00 8.468591484529880420e-02
9.157234492735473186e-01 2.726247451892741314e+00 4.573061951357770133e-02
9.157234492735473186e-01 2.726247451892741314e+00 6.097415935143693511e-02
9.157234492735473186e-01 2.726247451892741314e+00 7.621769918929616194e-02
9.157234492735473186e-01 2.726247451892741314e+00 9.146123902715540266e-02
9.157234492735473186e-01 2.726247451892741314e+00 1.067047788650146295e-01
2.543663705146117504e+00 8.155400881026976023e+00 0.000000000000000000e+00
2.543663705146117504e+00 8.155400881026976023e+00 4.234295742264940210e-02
2.543663705146117504e+00 8.155400881026976023e+00 8.468591484529880420e-02
9.157234492735473186e-01 2.935958794346029688e+00 4.573061951357770133e-02
9.157234492735473186e-01 2.935958794346029688e+00 6.097415935143693511e-02
9.157234492735473186e-01 2.935958794346029688e+00 7.621769918929616194e-02
9.157234492735473186e-01 2.935958794346029688e+00 9.146123902715540266e-02
9.157234492735473186e-01 2.935958794346029688e+00 1.067047788650146295e-01
2.798030075660729477e+00 0.000000000000000000e+00 0.000000000000000000e+00
2.798030075660729477e+00 0.000000000000000000e+00 4.234295742264940210e-02
2.798030075660729477e+00 0.000000000000000000e+00 8.468591484529880420e-02
1.007295794200902206e+00 0.000000000000000000e+00 4.573061951357770133e-02
1.007295794200902206e+00 0.000000000000000000e+00 6.097415935143693511e-02
1.007295794200902206e+00 0.000000000000000000e+00 7.621769918929616194e-02
1.007295794200902206e+00 0.000000000000000000e+00 9.146123902715540266e-02
1.007295794200902206e+00 0.000000000000000000e+00 1.067047788650146295e-01
2.798030075660729477e+00 5.825286343590696525e-01 0.000000000000000000e+00
2.798030075660729477e+00 5.825286343590696525e-01 4.234295742264940210e-02
2.798030075660729477e+00 5.825286343590696525e-01 8.468591484529880420e-02
1.007295794200902206e+00 2.097113424532877912e-01 4.573061951357770133e-02
1.007295794200902206e+00 2.097113424532877912e-01 6.097415935143693511e-02
1.007295794200902206e+00 2.097113424532877912e-01 7.621769918929616194e-02
1.007295794200902206e+00 2.097113424532877912e-01 9.146123902715540266e-02
1.007295794200902206e+00 2.097113424532877912e-01 1.067047788650146295e-01
2.798030075660729477e+00 1.165057268718139305e+00 0.000000000000000000e+00
2.798030075660729477e+00 1.165057268718139305e+00 4.234295742264940210e-02
2.798030075660729477e+00 1.165057268718139305e+00 8.468591484529880420e-02
1.007295794200902206e+00 4.194226849065755824e-01 4.573061951357770133e-02
1.007295794200902206e+00 4.194226849065755824e-01 6.097415935143693511e-02
1.007295794200902206e+00 4.194226849065755824e-01 7.621769918929616194e-02
1.007295794200902206e+00 4.194226849065755824e-01 9.146123902715540266e-02
1.007295794200902206e+00 4.194226849065755824e-01 1.067047788650146295e-01
2.798030075660729477e+00 1.747585903077208958e+00 0.000000000000000000e+00
2.798030075660729477e+00 1.747585903077208958e+00 4.234295742264940210e-02
2.798030075660729477e+00 1.747585903077208958e+00 8.468591484529880420e-02
1.007295794200902206e+00 6.291340273598633459e-01 4.573061951357770133e-02
1.007295794200902206e+00 6.291340273598633459e-01 6.097415935143693511e-02
1.007295794200902206e+00 6.291340273598633459e-01 7.621769918929616194e-02
1.007295794200902206e+00 6.291340273598633459e-01 9.146123902715540266e-02
1.007295794200902206e+00 6.291340273598633459e-01 1.067047788650146295e-01
2.798030075660729477e+00 2.330114537436278610e+00 0.000000000000000000e+00
2.798030075660729477e+00 2.330114537436278610e+00 4.234295742264940210e-02
2.798030075660729477e+00 2.330114537436278610e+00 8.468591484529880420e-02
1.007295794200902206e+00 8.388453698131511649e-01 4.573061951357770133e-02
1.007295794200902206e+00 8.388453698131511649e-01 6.097415935143693511e-02
1.007295794200902206e+00 8.388453698131511649e-01 7.621769918929616194e-02
1.007295794200902206e+00 8.388453698131511649e-01 9.146123902715540266e-02
1.007295794200902206e+00 8.388453698131511649e-01 1.067047788650146295e-01
2.798030075660729477e+00 2.912643171795348263e+00 0.000000000000000000e+00
2.798030075660729477e+00 2.912643171795348263e+00 4.234295742264940210e-02
2.798030075660729477e+00 2.912643171795348263e+00 8.468591484529880420e-02
1.007295794200902206e+00 1.048556712266438984e+00 4.573061951357770133e-02
1.007295794200902206e+00 1.048556712266438984e+00 6.097415935143693511e-02
1.007295794200902206e+00 1.048556712266438984e+00 7.621769918929616194e-02
1.007295794200902206e+00 1.048556712266438984e+00 9.146123902715540266e-02
1.007295794200902206e+00 1.048556712266438984e+00 1.067047788650146295e-01
2.798030075660729477e+00 3.495171806154417915e+00 0.000000000000000000e+00
2.798030075660729477e+00 3.495171806154417915e+00 4.234295742264940210e-02
2.798030075660729477e+00 3.495171806154417915e+00 8.468591484529880420e-02
1.007295794200902206e+00 1.258268054719726692e+00 4.573061951357770133e-02
1.007295794200902206e+00 1.258268054719726692e+00 6.097415935143693511e-02
1.007295794200902206e+00 1.258268054719726692e+00 7.621769918929616194e-02
1.007295794200902206e+00 1.258268054719726692e+00 9.146123902715540266e-02
1.007295794200902206e+00 1.258268054719726692e+00 1.067047788650146295e-01
2.798030075660729477e+00 4.077700440513488012e+00 0.000000000000000000e+00
2.798030075660729477e+00 4.077700440513488012e+00 4.234295742264940210e-02
2.798030075660729477e+00 4.077700440513488012e+00 8.468591484529880420e-02
1.007295794200902206e+00 1.467979397173014844e+00 4.573061951357770133e-02
1.007295794200902206e+00 1.467979397173014844e+00 6.097415935143693511e-02
1.007295794200902206e+00 1.467979397173014844e+00 7.621769918929616194e-02
1.007295794200902206e+00 1.467979397173014844e+00 9.146123902715540266e-02
1.007295794200902206e+00 1.467979397173014844e+00 1.067047788650146295e-01
2.798030075660729477e+00 4.660229074872557220e+00 0.000000000000000000e+00
2.798030075660729477e+00 4.660229074872557220e+00 4.234295742264940210e-02
2.798030075660729477e+00 4.660229074872557220e+00 8.468591484529880420e-02
1.007295794200902206e+00 1.677690739626302330e+00 4.573061951357770133e-02
1.007295794200902206e+00 1.677690739626302330e+00 6.097415935143693511e-02
1.007295794200902206e+00 1.677690739626302330e+00 7.621769918929616194e-02
1.007295794200902206e+00 1.677690739626302330e+00 9.146123902715540266e-02
1.007295794200902206e+00 1.677690739626302330e+00 1.067047788650146295e-01
2.798030075660729477e+00 5.242757709231626428e+00 0.000000000000000000e+00
2.798030075660729477e+00 5.242757709231626428e+00 4.234295742264940210e-02
2.798030075660729477e+00 5.242757709231626428e+00 8.468591484529880420e-02
1.007295794200902206e+00 1.887402082079590038e+00 4.573061951357770133e-02
1.007295794200902206e+00 1.887402082079590038e+00 6.097415935143693511e-02
1.007295794200902206e+00 1.887402082079590038e+00 7.621769918929616194e-02
1.007295794200902206e+00 1.887402082079590038e+00 9.146123902715540266e-02
1.007295794200902206e+00 1.887402082079590038e+00 1.067047788650146295e-01
2.798030075660729477e+00 5.825286343590696525e+00 0.000000000000000000e+00
2.798030075660729477e+00 5.825286343590696525e+00 4.234295742264940210e-02
2.798030075660729477e+00 5.825286343590696525e+00 8.468591484529880420e-02
1.007295794200902206e+00 2.097113424532877968e+00 4.573061951357770133e-02
1.007295794200902206e+00 2.097113424532877968e+00 6.097415935143693511e-02
1.007295794200902206e+00 2.097113424532877968e+00 7.621769918929616194e-02
1.007295794200902206e+00 2.097113424532877968e+00 9.146123902715540266e-02
1.007295794200902206e+00 2.097113424532877968e+00 1.067047788650146295e-01
2.798030075660729477e+00 6.407814977949766622e+00 0.000000000000000000e+00
2.798030075660729477e+00 6.407814977949766622e+00 4.234295742264940210e-02
2.798030075660729477e+00 6.407814977949766622e+00 8.468591484529880420e-02
1.007295794200902206e+00 2.306824766986165898e+00 4.573061951357770133e-02
1.007295794200902206e+00 2.306824766986165898e+00 6.097415935143693511e-02
1.007295794200902206e+00 2.306824766986165898e+00 7.621769918929616194e-02
1.007295794200902206e+00 2.306824766986165898e+00 9.146123902715540266e-02
1.007295794200902206e+00 2.306824766986165898e+00 1.067047788650146295e-01
2.798030075660729477e+00 6.990343612308835830e+00 0.000000000000000000e+00
2.798030075660729477e+00 6.990343612308835830e+00 4.234295742264940210e-02
2.798030075660729477e+00 6.990343612308835830e+00 8.468591484529880420e-02
1.007295794200902206e+00 2.516536109439453384e+00 4.573061951357770133e-02
1.007295794200902206e+00 2.516536109439453384e+00 6.097415935143693511e-02
1.007295794200902206e+00 2.516536109439453384e+00 7.621769918929616194e-02
1.007295794200902206e+00 2.516536109439453384e+00 9.146123902715540266e-02
1.007295794200902206e+00 2.516536109439453384e+00 1.067047788650146295e-01
2.798030075660729477e+00 7.572872246667905927e+00 0.000000000000000000e+00
2.798030075660729477e+00 7.572872246667905927e+00 4.234295742264940210e-02
2.798030075660729477e+00 7.572872246667905927e+00 8.468591484529880420e-02
1.007295794200902206e+00 2.726247451892741314e+00 4.573061951357770133e-02
1.007295794200902206e+00 2.726247451892741314e+00 6.097415935143693511e-02
1.007295794200902206e+00 2.726247451892741314e+00 7.621769918929616194e-02
1.007295794200902206e+00 2.726247451892741314e+00 9.146123902715540266e-02
1.007295794200902206e+00 2.726247451892741314e+00 1.067047788650146295e-01
2.798030075660729477e+00 8.155400881026976023e+00 0.000000000000000000e+00
2.798030075660729477e+00 8.155400881026976023e+00 4.234295742264940210e-02
2.798030075660729477e+00 8.155400881026976023e+00 8.468591484529880420e-02
1.007295794200902206e+00 2.935958794346029688e+00 4.573061951357770133e-02
1.007295794200902206e+00 2.935958794346029688e+00 6.097415935143693511e-02
1.007295794200902206e+00 2.935958794346029688e+00 7.621769918929616194e-02
1.007295794200902206e+00 2.935958794346029688e+00 9.146123902715540266e-02
1.007295794200902206e+00 2.935958794346029688e+00 1.067047788650146295e-01
3.052396446175340561e+00 0.000000000000000000e+00 0.000000000000000000e+00
3.052396446175340561e+00 0.000000000000000000e+00 4.234295742264940210e-02
3.052396446175340561e+00 0.000000000000000000e+00 8.468591484529880420e-02
1.098868139128256649e+00 0.000000000000000000e+00 4.573061951357770133e-02
1.098868139128256649e+00 0.000000000000000000e+00 6.097415935143693511e-02
1.098868139128256649e+00 0.000000000000000000e+00 7.621769918929616194e-02
1.098868139128256649e+00 0.000000000000000000e+00 9.146123902715540266e-02
1.098868139128256649e+00 0.000000000000000000e+00 1.067047788650146295e-01
3.052396446175340561e+00 5.825286343590696525e-01 0.000000000000000000e+00
3.052396446175340561e+00 5.825286343590696525e-01 4.234295742264940210e-02
3.052396446175340561e+00 5.825286343590696525e-01 8.468591484529880420e-02
1.098868139128256649e+00 2.097113424532877912e-01 4.573061951357770133e-02
1.098868139128256649e+00 2.097113424532877912e-01 6.097415935143693511e-02
1.098868139128256649e+00 2.097113424532877912e-01 7.621769918929616194e-02
1.098868139128256649e+00 2.097113424532877912e-01 9.146123902715540266e-02
1.098868139128256649e+00 2.097113424532877912e-01 1.067047788650146295e-01
3.052396446175340561e+00 1.165057268718139305e+00 0.000000000000000000e+00
3.052396446175340561e+00 1.165057268718139305e+00 4.234295742264940210e-02
3.052396446175340561e+00 1.165057268718139305e+00 8.468591484529880420e-02
1.098868139128256649e+00 4.194226849065755824e-01 4.573061951357770133e-02
1.098868139128256649e+00 4.194226849065755824e-01 6.097415935143693511e-02
1.098868139128256649e+00 4.194226849065755824e-01 7.621769918929616194e-02
1.098868139128256649e+00 4.194226849065755824e-01 9.146123902715540266e-02
1.098868139128256649e+00 4.194226849065755824e-01 1.067047788650146295e-01
3.052396446175340561e+00 1.747585903077208958e+00 0.000000000000000000e+00
3.052396446175340561e+00 1.747585903077208958e+00 4.234295742264940210e-02
3.052396446175340561e+00 1.747585903077208958e+00 8.468591484529880420e-02
1.098868139128256649e+00 6.291340273598633459e-01 4.573061951357770133e-02
1.098868139128256649e+00 6.291340273598633459e-01 6.097415935143693511e-02
1.098868139128256649e+00 6.291340273598633459e-01 7.621769918929616194e-02
1.098868139128256649e+00 6.291340273598633459e-01 9.146123902715540266e-02
1.098868139128256649e+00 6.291340273598633459e-01 1.067047788650146295e-01
3.052396446175340561e+00 2.330114537436278610e+00 0.000000000000000000e+00
3.052396446175340561e+00 2.330114537436278610e+00 4.234295742264940210e-02
3.052396446175340561e+00 2.330114537436278610e+00 8.468591484529880420e-02
1.098868139128256649e+00 8.388453698131511649e-01 4.573061951357770133e-02
1.098868139128256649e+00 8.388453698131511649e-01 6.097415935143693511e-02
1.098868139128256649e+00 8.388453698131511649e-01 7.621769918929616194e-02
1.098868139128256649e+00 8.388453698131511649e-01 9.146123902715540266e-02
1.098868139128256649e+00 8.388453698131511649e-01 1.067047788650146295e-01
3.052396446175340561e+00 2.912643171795348263e+00 0.000000000000000000e+00
3.052396446175340561e+00 2.912643171795348263e+00 4.234295742264940210e-02
3.052396446175340561e+00 2.912643171795348263e+00 8.468591484529880420e-02
1.098868139128256649e+00 1.048556712266438984e+00 4.573061951357770133e-02
1.098868139128256649e+00 1.048556712266438984e+00 6.097415935143693511e-02
1.098868139128256649e+00 1.048556712266438984e+00 7.621769918929616194e-02
1.098868139128256649e+00 1.048556712266438984e+00 9.146123902715540266e-02
1.098868139128256649e+00 1.048556712266438984e+00 1.067047788650146295e-01
3.052396446175340561e+00 3.495171806154417915e+00 0.000000000000000000e+00
3.052396446175340561e+00 3.495171806154417915e+00 4.234295742264940210e-02
3.052396446175340561e+00 3.495171806154417915e+00 8.468591484529880420e-02
1.098868139128256649e+00 1.258268054719726692e+00 4.573061951357770133e-02
1.098868139128256649e+00 1.258268054719726692e+00 6.097415935143693511e-02
1.098868139128256649e+00 1.258268054719726692e+00 7.621769918929616194e-02
1.098868139128256649e+00 1.258268054719726692e+00 9.146123902715540266e-02
1.098868139128256649e+00 1.258268054719726692e+00 1.067047788650146295e-01
3.052396446175340561e+00 4.077700440513488012e+00 0.000000000000000000e+00
3.052396446175340561e+00 4.077700440513488012e+00 4.234295742264940210e-02
3.052396446175340561e+00 4.077700440513488012e+00 8.468591484529880420e-02
1.098868139128256649e+00 1.467979397173014844e+00 4.573061951357770133e-02
1.098868139128256649e+00 1.467979397173014844e+00 6.097415935143693511e-02
1.098868139128256649e+00 1.467979397173014844e+00 7.621769918929616194e-02
1.098868139128256649e+00 1.467979397173014844e+00 9.146123902715540266e-02
1.098868139128256649e+00 1.467979397173014844e+00 1.067047788650146295e-01
3.052396446175340561e+00 4.660229074872557220e+00 0.000000000000000000e+00
3.052396446175340561e+00 4.660229074872557220e+00 4.234295742264940210e-02
3.052396446175340561e+00 4.660229074872557220e+00 8.468591484529880420e-02
1.098868139128256649e+00 1.677690739626302330e+00 4.573061951357770133e-02
1.098868139128256649e+00 1.677690739626302330e+00 6.097415935143693511e-02
1.098868139128256649e+00 1.677690739626302330e+00 7.621769918929616194e-02
1.098868139128256649e+00 1.677690739626302330e+00 9.146123902715540266e-02
1.098868139128256649e+00 1.677690739626302330e+00 1.067047788650146295e-01
3.052396446175340561e+00 5.242757709231626428e+00 0.000000000000000000e+00
3.052396446175340561e+00 5.242757709231626428e+00 4.234295742264940210e-02
3.052396446175340561e+00 5.242757709231626428e+00 8.468591484529880420e-02
1.098868139128256649e+00 1.887402082079590038e+00 4.573061951357770133e-02
1.098868139128256649e+00 1.887402082079590038e+00 6.097415935143693511e-02
1.098868139128256649e+00 1.887402082079590038e+00 7.621769918929616194e-02
1.098868139128256649e+00 1.887402082079590038e+00 9.146123902715540266e-02
1.098868139128256649e+00 1.887402082079590038e+00 1.067047788650146295e-01
3.052396446175340561e+00 5.825286343590696525e+00 0.000000000000000000e+00
3.052396446175340561e+00 5.825286343590696525e+00 4.234295742264940210e-02
3.052396446175340561e+00 5.825286343590696525e+00 8.468591484529880420e-02
1.098868139128256649e+00 2.097113424532877968e+00 4.573061951357770133e-02
1.098868139128256649e+00 2.097113424532877968e+00 6.097415935143693511e-02
1.098868139128256649e+00 2.097113424532877968e+00 7.621769918929616194e-02
1.098868139128256649e+00 2.097113424532877968e+00 9.146123902715540266e-02
1.098868139128256649e+00 2.097113424532877968e+00 1.067047788650146295e-01
3.052396446175340561e+00 6.407814977949766622e+00 0.000000000000000000e+00
3.052396446175340561e+00 6.407814977949766622e+00 4.234295742264940210e-02
3.052396446175340561e+00 6.407814977949766622e+00 8.468591484529880420e-02
1.098868139128256649e+00 2.306824766986165898e+00 4.573061951357770133e-02
1.098868139128256649e+00 2.306824766986165898e+00 6.097415935143693511e-02
1.098868139128256649e+00 2.306824766986165898e+00 7.621769918929616194e-02
1.098868139128256649e+00 2.306824766986165898e+00 9.146123902715540266e-02
1.098868139128256649e+00 2.306824766986165898e+00 1.067047788650146295e-01
3.052396446175340561e+00 6.990343612308835830e+00 0.000000000000000000e+00
3.052396446175340561e+00 6.990343612308835830e+00 4.234295742264940210e-02
3.052396446175340561e+00 6.990343612308835830e+00 8.468591484529880420e-02
1.098868139128256649e+00 2.516536109439453384e+00 4.573061951357770133e-02
1.098868139128256649e+00 2.516536109439453384e+00 6.097415935143693511e-02
1.098868139128256649e+00 2.516536109439453384e+00 7.621769918929616194e-02
1.098868139128256649e+00 2.516536109439453384e+00 9.146123902715540266e-02
1.098868139128256649e+00 2.516536109439453384e+00 1.067047788650146295e-01
3.052396446175340561e+00 7.572872246667905927e+00 0.000000000000000000e+00
3.052396446175340561e+00 7.572872246667905927e+00 4.234295742264940210e-02
3.052396446175340561e+00 7.572872246667905927e+00 8.468591484529880420e-02
1.098868139128256649e+00 2.726247451892741314e+00 4.573061951357770133e-02
1.098868139128256649e+00 2.726247451892741314e+00 6.097415935143693511e-02
1.098868139128256649e+00 2.726247451892741314e+00 7.621769918929616194e-02
1.098868139128256649e+00 2.726247451892741314e+00 9.146123902715540266e-02
1.098868139128256649e+00 2.726247451892741314e+00 1.067047788650146295e-01
3.052396446175340561e+00 8.155400881026976023e+00 0.000000000000000000e+00
3.052396446175340561e+00 8.155400881026976023e+00 4.234295742264940210e-02
3.052396446175340561e+00 8.155400881026976023e+00 8.468591484529880420e-02
1.098868139128256649e+00 2.935958794346029688e+00 4.573061951357770133e-02
1.098868139128256649e+00 2.935958794346029688e+00 6.097415935143693511e-02
1.098868139128256649e+00 2.935958794346029688e+00 7.621769918929616194e-02
1.098868139128256649e+00 2.935958794346029688e+00 9.146123902715540266e-02
1.098868139128256649e+00 2.935958794346029688e+00 1.067047788650146295e-01
3.306762816689952533e+00 0.000000000000000000e+00 0.000000000000000000e+00
3.306762816689952533e+00 0.000000000000000000e+00 4.234295742264940210e-02
3.306762816689952533e+00 0.000000000000000000e+00 8.468591484529880420e-02
1.190440484055611536e+00 0.000000000000000000e+00 4.573061951357770133e-02
1.190440484055611536e+00 0.000000000000000000e+00 6.097415935143693511e-02
1.190440484055611536e+00 0.000000000000000000e+00 7.621769918929616194e-02
1.190440484055611536e+00 0.000000000000000000e+00 9.146123902715540266e-02
1.190440484055611536e+00 0.000000000000000000e+00 1.067047788650146295e-01
3.306762816689952533e+00 5.825286343590696525e-01 0.000000000000000000e+00
3.306762816689952533e+00 5.825286343590696525e-01 4.234295742264940210e-02
3.306762816689952533e+00 5.825286343590696525e-01 8.468591484529880420e-02
1.190440484055611536e+00 2.097113424532877912e-01 4.573061951357770133e-02
1.190440484055611536e+00 2.097113424532877912e-01 6.097415935143693511e-02
1.190440484055611536e+00 2.097113424532877912e-01 7.621769918929616194e-02
1.190440484055611536e+00 2.097113424532877912e-01 9.146123902715540266e-02
1.190440484055611536e+00 2.097113424532877912e-01 1.067047788650146295e-01
3.306762816689952533e+00 1.165057268718139305e+00 0.000000000000000000e+00
3.306762816689952533e+00 1.165057268718139305e+00 4.234295742264940210e-02
3.306762816689952533e+00 1.165057268718139305e+00 8.468591484529880420e-02
1.190440484055611536e+00 4.194226849065755824e-01 4.573061951357770133e-02
1.190440484055611536e+00 4.194226849065755824e-01 6.097415935143693511e-02
1.190440484055611536e+00 4.194226849065755824e-01 7.621769918929616194e-02
1.190440484055611536e+00 4.194226849065755824e-01 9.146123902715540266e-02
1.190440484055611536e+00 4.194226849065755824e-01 1.067047788650146295e-01
3.306762816689952533e+00 1.747585903077208958e+00 0.000000000000000000e+00
3.306762816689952533e+00 1.747585903077208958e+00 4.234295742264940210e-02
3.306762816689952533e+00 1.747585903077208958e+00 8.468591484529880420e-02
1.190440484055611536e+00 6.291340273598633459e-01 4.573061951357770133e-02
1.190440484055611536e+00 6.291340273598633459e-01 6.097415935143693511e-02
1.190440484055611536e+00 6.291340273598633459e-01 7.621769918929616194e-02
1.190440484055611536e+00 6.291340273598633459e-01 9.146123902715540266e-02
1.190440484055611536e+00 6.291340273598633459e-01 1.067047788650146295e-01
3.306762816689952533e+00 2.330114537436278610e+00 0.000000000000000000e+00
3.306762816689952533e+00 2.330114537436278610e+00 4.234295742264940210e-02
3.306762816689952533e+00 2.330114537436278610e+00 8.468591484529880420e-02
1.190440484055611536e+00 8.388453698131511649e-01 4.573061951357770133e-02
1.190440484055611536e+00 8.388453698131511649e-01 6.097415935143693511e-02
1.190440484055611536e+00 8.388453698131511649e-01 7.621769918929616194e-02
1.190440484055611536e+00 8.388453698131511649e-01 9.146123902715540266e-02
1.190440484055611536e+00 8.388453698131511649e-01 1.067047788650146295e-01
3.306762816689952533e+00 2.912643171795348263e+00 0.000000000000000000e+00
3.306762816689952533e+00 2.912643171795348263e+00 4.234295742264940210e-02
3.306762816689952533e+00 2.912643171795348263e+00 8.468591484529880420e-02
1.190440484055611536e+00 1.048556712266438984e+00 4.573061951357770133e-02
1.190440484055611536e+00 1.048556712266438984e+00 6.097415935143693511e-02
1.190440484055611536e+00 1.048556712266438984e+00 7.621769918929616194e-02
1.190440484055611536e+00 1.048556712266438984e+00 9.146123902715540266e-02
1.190440484055611536e+00 1.048556712266438984e+00 1.067047788650146295e-01
3.306762816689952533e+00 3.495171806154417915e+00 0.000000000000000000e+00
3.306762816689952533e+00 3.495171806154417915e+00 4.234295742264940210e-02
3.306762816689952533e+00 3.495171806154417915e+00 8.468591484529880420e-02
1.190440484055611536e+00 1.258268054719726692e+00 4.573061951357770133e-02
1.190440484055611536e+00 1.258268054719726692e+00 6.097415935143693511e-02
1.190440484055611536e+00 1.258268054719726692e+00 7.621769918929616194e-02
1.190440484055611536e+00 1.258268054719726692e+00 9.146123902715540266e-02
1.190440484055611536e+00 1.258268054719726692e+00 1.067047788650146295e-01
3.306762816689952533e+00 4.077700440513488012e+00 0.000000000000000000e+00
3.306762816689952533e+00 4.077700440513488012e+00 4.234295742264940210e-02
3.306762816689952533e+00 4.077700440513488012e+00 8.468591484529880420e-02
1.190440484055611536e+00 1.467979397173014844e+00 4.573061951357770133e-02
1.190440484055611536e+00 1.467979397173014844e+00 6.097415935143693511e-02
1.190440484055611536e+00 1.467979397173014844e+00 7.621769918929616194e-02
1.190440484055611536e+00 1.467979397173014844e+00 9.146123902715540266e-02
1.190440484055611536e+00 1.467979397173014844e+00 1.067047788650146295e-01
3.306762816689952533e+00 4.660229074872557220e+00 0.000000000000000000e+00
3.306762816689952533e+00 4.660229074872557220e+00 4.234295742264940210e-02
3.306762816689952533e+00 4.660229074872557220e+00 8.468591484529880420e-02
1.190440484055611536e+00 1.677690739626302330e+00 4.573061951357770133e-02
1.190440484055611536e+00 1.677690739626302330e+00 6.097415935143693511e-02
1.190440484055611536e+00 1.677690739626302330e+00 7.621769918929616194e-02
1.190440484055611536e+00 1.677690739626302330e+00 9.146123902715540266e-02
1.190440484055611536e+00 1.677690739626302330e+00 1.067047788650146295e-01
3.306762816689952533e+00 5.242757709231626428e+00 0.000000000000000000e+00
3.306762816689952533e+00 5.242757709231626428e+00 4.234295742264940210e-02
3.306762816689952533e+00 5.242757709231626428e+00 8.468591484529880420e-02
1.190440484055611536e+00 1.887402082079590038e+00 4.573061951357770133e-02
1.190440484055611536e+00 1.887402082079590038e+00 6.097415935143693511e-02
1.190440484055611536e+00 1.887402082079590038e+00 7.621769918929616194e-02
1.190440484055611536e+00 1.887402082079590038e+00 9.146123902715540266e-02
1.190440484055611536e+00 1.887402082079590038e+00 1.067047788650146295e-01
3.306762816689952533e+00 5.825286343590696525e+00 0.000000000000000000e+00
3.306762816689952533e+00 5.825286343590696525e+00 4.234295742264940210e-02
3.306762816689952533e+00 5.825286343590696525e+00 8.468591484529880420e-02
1.190440484055611536e+00 2.097113424532877968e+00 4.573061951357770133e-02
1.190440484055611536e+00 2.097113424532877968e+00 6.097415935143693511e-02
1.190440484055611536e+00 2.097113424532877968e+00 7.621769918929616194e-02
1.190440484055611536e+00 2.097113424532877968e+00 9.146123902715540266e-02
1.190440484055611536e+00 2.097113424532877968e+00 1.067047788650146295e-01
3.306762816689952533e+00 6.407814977949766622e+00 0.000000000000000000e+00
3.306762816689952533e+00 6.407814977949766622e+00 4.234295742264940210e-02
3.306762816689952533e+00 6.407814977949766622e+00 8.468591484529880420e-02
1.190440484055611536e+00 2.306824766986165898e+00 4.573061951357770133e-02
1.190440484055611536e+00 2.306824766986165898e+00 6.097415935143693511e-02
1.190440484055611536e+00 2.306824766986165898e+00 7.621769918929616194e-02
1.190440484055611536e+00 2.306824766986165898e+00 9.146123902715540266e-02
1.190440484055611536e+00 2.306824766986165898e+00 1.067047788650146295e-01
3.306762816689952533e+00 6.990343612308835830e+00 0.000000000000000000e+00
3.306762816689952533e+00 6.990343612308835830e+00 4.234295742264940210e-02
3.306762816689952533e+00 6.990343612308835830e+00 8.468591484529880420e-02
1.190440484055611536e+00 2.516536109439453384e+00 4.573061951357770133e-02
1.190440484055611536e+00 2.516536109439453384e+00 6.097415935143693511e-02
1.190440484055611536e+00 2.516536109439453384e+00 7.621769918929616194e-02
1.190440484055611536e+00 2.516536109439453384e+00 9.146123902715540266e-02
1.190440484055611536e+00 2.516536109439453384e+00 1.067047788650146295e-01
3.306762816689952533e+00 7.572872246667905927e+00 0.000000000000000000e+00
3.306762816689952533e+00 7.572872246667905927e+00 4.234295742264940210e-02
3.306762816689952533e+00 7.572872246667905927e+00 8.468591484529880420e-02
1.190440484055611536e+00 2.726247451892741314e+00 4.573061951357770133e-02
1.190440484055611536e+00 2.726247451892741314e+00 6.097415935143693511e-02
1.190440484055611536e+00 2.726247451892741314e+00 7.621769918929616194e-02
1.190440484055611536e+00 2.726247451892741314e+00 9.146123902715540266e-02
1.190440484055611536e+00 2.726247451892741314e+00 1.067047788650146295e-01
3.306762816689952533e+00 8.155400881026976023e+00 0.000000000000000000e+00
3.306762816689952533e+00 8.155400881026976023e+00 4.234295742264940210e-02
3.306762816689952533e+00 8.155400881026976023e+00 8.468591484529880420e-02
1.190440484055611536e+00 2.935958794346029688e+00 4.573061951357770133e-02
1.190440484055611536e+00 2.935958794346029688e+00 6.097415935143693511e-02
1.190440484055611536e+00 2.935958794346029688e+00 7.621769918929616194e-02
1.190440484055611536e+00 2.935958794346029688e+00 9.146123902715540266e-02
1.190440484055611536e+00 2.935958794346029688e+00 1.067047788650146295e-01
3.561129187204564062e+00 0.000000000000000000e+00 0.000000000000000000e+00
3.561129187204564062e+00 0.000000000000000000e+00 4.234295742264940210e-02
3.561129187204564062e+00 0.000000000000000000e+00 8.468591484529880420e-02
1.282012828982966202e+00 0.000000000000000000e+00 4.573061951357770133e-02
1.282012828982966202e+00 0.000000000000000000e+00 6.097415935143693511e-02
1.282012828982966202e+00 0.000000000000000000e+00 7.621769918929616194e-02
1.282012828982966202e+00 0.000000000000000000e+00 9.146123902715540266e-02
1.282012828982966202e+00 0.000000000000000000e+00 1.067047788650146295e-01
3.561129187204564062e+00 5.825286343590696525e-01 0.000000000000000000e+00
3.561129187204564062e+00 5.825286343590696525e-01 4.234295742264940210e-02
3.561129187204564062e+00 5.825286343590696525e-01 8.468591484529880420e-02
1.282012828982966202e+00 2.097113424532877912e-01 4.573061951357770133e-02
1.282012828982966202e+00 2.097113424532877912e-01 6.097415935143693511e-02
1.282012828982966202e+00 2.097113424532877912e-01 7.621769918929616194e-02
1.282012828982966202e+00 2.097113424532877912e-01 9.146123902715540266e-02
1.282012828982966202e+00 2.097113424532877912e-01 1.067047788650146295e-01
3.561129187204564062e+00 1.165057268718139305e+00 0.000000000000000000e+00
3.561129187204564062e+00 1.165057268718139305e+00 4.234295742264940210e-02
3.561129187204564062e+00 1.165057268718139305e+00 8.468591484529880420e-02
1.282012828982966202e+00 4.194226849065755824e-01 4.573061951357770133e-02
1.282012828982966202e+00 4.194226849065755824e-01 6.097415935143693511e-02
1.282012828982966202e+00 4.194226849065755824e-01 7.621769918929616194e-02
1.282012828982966202e+00 4.194226849065755824e-01 9.146123902715540266e-02
1.282012828982966202e+00 4.194226849065755824e-01 1.067047788650146295e-01
3.561129187204564062e+00 1.747585903077208958e+00 0.000000000000000000e+00
3.561129187204564062e+00 1.747585903077208958e+00 4.234295742264940210e-02
3.561129187204564062e+00 1.747585903077208958e+00 8.468591484529880420e-02
1.282012828982966202e+00 6.291340273598633459e-01 4.573061951357770133e-02
1.282012828982966202e+00 6.291340273598633459e-01 6.097415935143693511e-02
1.282012828982966202e+00 6.291340273598633459e-01 7.621769918929616194e-02
1.282012828982966202e+00 6.291340273598633459e-01 9.146123902715540266e-02
1.282012828982966202e+00 6.291340273598633459e-01 1.067047788650146295e-01
3.561129187204564062e+00 2.330114537436278610e+00 0.000000000000000000e+00
3.561129187204564062e+00 2.330114537436278610e+00 4.234295742264940210e-02
3.561129187204564062e+00 2.330114537436278610e+00 8.468591484529880420e-02
1.282012828982966202e+00 8.388453698131511649e-01 4.573061951357770133e-02
1.282012828982966202e+00 8.388453698131511649e-01 6.097415935143693511e-02
1.282012828982966202e+00 8.388453698131511649e-01 7.621769918929616194e-02
1.282012828982966202e+00 8.388453698131511649e-01 9.146123902715540266e-02
1.282012828982966202e+00 8.388453698131511649e-01 1.067047788650146295e-01
3.561129187204564062e+00 2.912643171795348263e+00 0.000000000000000000e+00
3.561129187204564062e+00 2.912643171795348263e+00 4.234295742264940210e-02
3.561129187204564062e+00 2.912643171795348263e+00 8.468591484529880420e-02
1.282012828982966202e+00 1.048556712266438984e+00 4.573061951357770133e-02
1.282012828982966202e+00 1.048556712266438984e+00 6.097415935143693511e-02
1.282012828982966202e+00 1.048556712266438984e+00 7.621769918929616194e-02
1.282012828982966202e+00 1.048556712266438984e+00 9.146123902715540266e-02
1.282012828982966202e+00 1.048556712266438984e+00 1.067047788650146295e-01
3.561129187204564062e+00 3.495171806154417915e+00 0.000000000000000000e+00
3.561129187204564062e+00 3.495171806154417915e+00 4.234295742264940210e-02
3.561129187204564062e+00 3.495171806154417915e+00 8.468591484529880420e-02
1.282012828982966202e+00 1.258268054719726692e+00 4.573061951357770133e-02
1.282012828982966202e+00 1.258268054719726692e+00 6.097415935143693511e-02
1.282012828982966202e+00 1.258268054719726692e+00 7.621769918929616194e-02
1.282012828982966202e+00 1.258268054719726692e+00 9.146123902715540266e-02
1.282012828982966202e+00 1.258268054719726692e+00 1.067047788650146295e-01
3.561129187204564062e+00 4.077700440513488012e+00 0.000000000000000000e+00
3.561129187204564062e+00 4.077700440513488012e+00 4.234295742264940210e-02
3.561129187204564062e+00 4.077700440513488012e+00 8.468591484529880420e-02
1.282012828982966202e+00 1.467979397173014844e+00 4.573061951357770133e-02
1.282012828982966202e+00 1.467979397173014844e+00 6.097415935143693511e-02
1.282012828982966202e+00 1.467979397173014844e+00 7.621769918929616194e-02
1.282012828982966202e+00 1.467979397173014844e+00 9.146123902715540266e-02
1.282012828982966202e+00 1.467979397173014844e+00 1.067047788650146295e-01
3.561129187204564062e+00 4.660229074872557220e+00 0.000000000000000000e+00
3.561129187204564062e+00 4.660229074872557220e+00 4.234295742264940210e-02
3.561129187204564062e+00 4.660229074872557220e+00 8.468591484529880420e-02
1.282012828982966202e+00 1.677690739626302330e+00 4.573061951357770133e-02
1.282012828982966202e+00 1.677690739626302330e+00 6.097415935143693511e-02
1.282012828982966202e+00 1.677690739626302330e+00 7.621769918929616194e-02
1.282012828982966202e+00 1.677690739626302330e+00 9.146123902715540266e-02
1.282012828982966202e+00 1.677690739626302330e+00 1.067047788650146295e-01
3.561129187204564062e+00 5.242757709231626428e+00 0.000000000000000000e+00
3.561129187204564062e+00 5.242757709231626428e+00 4.234295742264940210e-02
3.561129187204564062e+00 5.242757709231626428e+00 8.468591484529880420e-02
1.282012828982966202e+00 1.887402082079590038e+00 4.573061951357770133e-02
1.282012828982966202e+00 1.887402082079590038e+00 6.097415935143693511e-02
1.282012828982966202e+00 1.887402082079590038e+00 7.621769918929616194e-02
1.282012828982966202e+00 1.887402082079590038e+00 9.146123902715540266e-02
1.282012828982966202e+00 1.887402082079590038e+00 1.067047788650146295e-01
3.561129187204564062e+00 5.825286343590696525e+00 0.000000000000000000e+00
3.561129187204564062e+00 5.825286343590696525e+00 4.234295742264940210e-02
3.561129187204564062e+00 5.825286343590696525e+00 8.468591484529880420e-02
1.282012828982966202e+00 2.097113424532877968e+00 4.573061951357770133e-02
1.282012828982966202e+00 2.097113424532877968e+00 6.097415935143693511e-02
1.282012828982966202e+00 2.097113424532877968e+00 7.621769918929616194e-02
1.282012828982966202e+00 2.097113424532877968e+00 9.146123902715540266e-02
1.282012828982966202e+00 2.097113424532877968e+00 1.067047788650146295e-01
3.561129187204564062e+00 6.407814977949766622e+00 0.000000000000000000e+00
3.561129187204564062e+00 6.407814977949766622e+00 4.234295742264940210e-02
3.561129187204564062e+00 6.407814977949766622e+00 8.468591484529880420e-02
1.282012828982966202e+00 2.306824766986165898e+00 4.573061951357770133e-02
1.282012828982966202e+00 2.306824766986165898e+00 6.097415935143693511e-02
1.282012828982966202e+00 2.306824766986165898e+00 7.621769918929616194e-02
1.282012828982966202e+00 2.306824766986165898e+00 9.146123902715540266e-02
1.282012828982966202e+00 2.306824766986165898e+00 1.067047788650146295e-01
3.561129187204564062e+00 6.990343612308835830e+00 0.000000000000000000e+00
3.561129187204564062e+00 6.990343612308835830e+00 4.234295742264940210e-02
3.561129187204564062e+00 6.990343612308835830e+00 8.468591484529880420e-02
1.282012828982966202e+00 2.516536109439453384e+00 4.573061951357770133e-02
1.282012828982966202e+00 2.516536109439453384e+00 6.097415935143693511e-02
1.282012828982966202e+00 2.516536109439453384e+00 7.621769918929616194e-02
1.282012828982966202e+00 2.516536109439453384e+00 9.146123902715540266e-02
1.282012828982966202e+00 2.516536109439453384e+00 1.067047788650146295e-01
3.561129187204564062e+00 7.572872246667905927e+00 0.000000000000000000e+00
3.561129187204564062e+00 7.572872246667905927e+00 4.234295742264940210e-02
3.561129187204564062e+00 7.572872246667905927e+00 8.468591484529880420e-02
1.282012828982966202e+00 2.726247451892741314e+00 4.573061951357770133e-02
1.282012828982966202e+00 2.726247451892741314e+00 6.097415935143693511e-02
1.282012828982966202e+00 2.726247451892741314e+00 7.621769918929616194e-02
1.282012828982966202e+00 2.726247451892741314e+00 9.146123902715540266e-02
1.282012828982966202e+00 2.726247451892741314e+00 1.067047788650146295e-01
3.561129187204564062e+00 8.155400881026976023e+00 0.000000000000000000e+00
3.561129187204564062e+00 8.155400881026976023e+00 4.234295742264940210e-02
3.561129187204564062e+00 8.155400881026976023e+00 8.468591484529880420e-02
1.282012828982966202e+00 2.935958794346029688e+00 4.573061951357770133e-02
1.282012828982966202e+00 2.935958794346029688e+00 6.097415935143693511e-02
1.282012828982966202e+00 2.935958794346029688e+00 7.621769918929616194e-02
1.282012828982966202e+00 2.935958794346029688e+00 9.146123902715540266e-02
1.282012828982966202e+00 2.935958794346029688e+00 1.067047788650146295e-01
