0.000000000000000000e+00 0.000000000000000000e+00 0.000000000000000000e+00
0.000000000000000000e+00 0.000000000000000000e+00 3.310418418973622265e-04
0.000000000000000000e+00 0.000000000000000000e+00 6.620836837947244530e-04
0.000000000000000000e+00 0.000000000000000000e+00 9.931255256920867337e-04
0.000000000000000000e+00 0.000000000000000000e+00 1.324167367589448906e-03
0.000000000000000000e+00 0.000000000000000000e+00 1.655209209486811078e-03
0.000000000000000000e+00 0.000000000000000000e+00 1.986251051384173467e-03
0.000000000000000000e+00 0.000000000000000000e+00 2.317292893281535423e-03
0.000000000000000000e+00 4.554272157972365058e-03 0.000000000000000000e+00
0.000000000000000000e+00 4.554272157972365058e-03 3.310418418973622265e-04
0.000000000000000000e+00 4.554272157972365058e-03 6.620836837947244530e-04
0.000000000000000000e+00 4.554272157972365058e-03 9.931255256920867337e-04
0.000000000000000000e+00 4.554272157972365058e-03 1.324167367589448906e-03
0.000000000000000000e+00 4.554272157972365058e-03 1.655209209486811078e-03
0.000000000000000000e+00 4.554272157972365058e-03 1.986251051384173467e-03
0.000000000000000000e+00 4.554272157972365058e-03 2.317292893281535423e-03
0.000000000000000000e+00 9.108544315944730116e-03 0.000000000000000000e+00
0.000000000000000000e+00 9.108544315944730116e-03 3.310418418973622265e-04
0.000000000000000000e+00 9.108544315944730116e-03 6.620836837947244530e-04
0.000000000000000000e+00 9.108544315944730116e-03 9.931255256920867337e-04
0.000000000000000000e+00 9.108544315944730116e-03 1.324167367589448906e-03
0.000000000000000000e+00 9.108544315944730116e-03 1.655209209486811078e-03
0.000000000000000000e+00 9.108544315944730116e-03 1.986251051384173467e-03
0.000000000000000000e+00 9.108544315944730116e-03 2.317292893281535423e-03
0.000000000000000000e+00 1.366281647391709431e-02 0.000000000000000000e+00
0.000000000000000000e+00 1.366281647391709431e-02 3.310418418973622265e-04
0.000000000000000000e+00 1.366281647391709431e-02 6.620836837947244530e-04
0.000000000000000000e+00 1.366281647391709431e-02 9.931255256920867337e-04
0.000000000000000000e+00 1.366281647391709431e-02 1.324167367589448906e-03
0.000000000000000000e+00 1.366281647391709431e-02 1.655209209486811078e-03
0.000000000000000000e+00 1.366281647391709431e-02 1.986251051384173467e-03
0.000000000000000000e+00 1.366281647391709431e-02 2.317292893281535423e-03
0.000000000000000000e+00 1.821708863188946023e-02 0.000000000000000000e+00
0.000000000000000000e+00 1.821708863188946023e-02 3.310418418973622265e-04
0.000000000000000000e+00 1.821708863188946023e-02 6.620836837947244530e-04
0.000000000000000000e+00 1.821708863188946023e-02 9.931255256920867337e-04
0.000000000000000000e+00 1.821708863188946023e-02 1.324167367589448906e-03
0.000000000000000000e+00 1.821708863188946023e-02 1.655209209486811078e-03
0.000000000000000000e+00 1.821708863188946023e-02 1.986251051384173467e-03
0.000000000000000000e+00 1.821708863188946023e-02 2.317292893281535423e-03
0.000000000000000000e+00 2.277136078986182616e-02 0.000000000000000000e+00
0.000000000000000000e+00 2.277136078986182616e-02 3.310418418973622265e-04
0.000000000000000000e+00 2.277136078986182616e-02 6.620836837947244530e-04
0.000000000000000000e+00 2.277136078986182616e-02 9.931255256920867337e-04
0.000000000000000000e+00 2.277136078986182616e-02 1.324167367589448906e-03
0.000000000000000000e+00 2.277136078986182616e-02 1.655209209486811078e-03
0.000000000000000000e+00 2.277136078986182616e-02 1.986251051384173467e-03
0.000000000000000000e+00 2.277136078986182616e-02 2.317292893281535423e-03
0.000000000000000000e+00 2.732563294783418861e-02 0.000000000000000000e+00
0.000000000000000000e+00 2.732563294783418861e-02 3.310418418973622265e-04
0.000000000000000000e+00 2.732563294783418861e-02 6.620836837947244530e-04
0.000000000000000000e+00 2.732563294783418861e-02 9.931255256920867337e-04
0.000000000000000000e+00 2.732563294783418861e-02 1.324167367589448906e-03
0.000000000000000000e+00 2.732563294783418861e-02 1.655209209486811078e-03
0.000000000000000000e+00 2.732563294783418861e-02 1.986251051384173467e-03
0.000000000000000000e+00 2.732563294783418861e-02 2.317292893281535423e-03
0.000000000000000000e+00 3.187990510580655801e-02 0.000000000000000000e+00
0.000000000000000000e+00 3.187990510580655801e-02 3.310418418973622265e-04
0.000000000000000000e+00 3.187990510580655801e-02 6.620836837947244530e-04
0.000000000000000000e+00 3.187990510580655801e-02 9.931255256920867337e-04
0.000000000000000000e+00 3.187990510580655801e-02 1.324167367589448906e-03
0.000000000000000000e+00 3.187990510580655801e-02 1.655209209486811078e-03
0.000000000000000000e+00 3.187990510580655801e-02 1.986251051384173467e-03
0.000000000000000000e+00 3.187990510580655801e-02 2.317292893281535423e-03
0.000000000000000000e+00 3.643417726377892046e-02 0.000000000000000000e+00
0.000000000000000000e+00 3.643417726377892046e-02 3.310418418973622265e-04
0.000000000000000000e+00 3.643417726377892046e-02 6.620836837947244530e-04
0.000000000000000000e+00 3.643417726377892046e-02 9.931255256920867337e-04
0.000000000000000000e+00 3.643417726377892046e-02 1.324167367589448906e-03
0.000000000000000000e+00 3.643417726377892046e-02 1.655209209486811078e-03
0.000000000000000000e+00 3.643417726377892046e-02 1.986251051384173467e-03
0.000000000000000000e+00 3.643417726377892046e-02 2.317292893281535423e-03
0.000000000000000000e+00 4.098844942175128292e-02 0.000000000000000000e+00
0.000000000000000000e+00 4.098844942175128292e-02 3.310418418973622265e-04
0.000000000000000000e+00 4.098844942175128292e-02 6.620836837947244530e-04
0.000000000000000000e+00 4.098844942175128292e-02 9.931255256920867337e-04
0.000000000000000000e+00 4.098844942175128292e-02 1.324167367589448906e-03
0.000000000000000000e+00 4.098844942175128292e-02 1.655209209486811078e-03
0.000000000000000000e+00 4.098844942175128292e-02 1.986251051384173467e-03
0.000000000000000000e+00 4.098844942175128292e-02 2.317292893281535423e-03
0.000000000000000000e+00 4.554272157972365231e-02 0.000000000000000000e+00
0.000000000000000000e+00 4.554272157972365231e-02 3.310418418973622265e-04
0.000000000000000000e+00 4.554272157972365231e-02 6.620836837947244530e-04
0.000000000000000000e+00 4.554272157972365231e-02 9.931255256920867337e-04
0.000000000000000000e+00 4.554272157972365231e-02 1.324167367589448906e-03
0.000000000000000000e+00 4.554272157972365231e-02 1.655209209486811078e-03
0.000000000000000000e+00 4.554272157972365231e-02 1.986251051384173467e-03
0.000000000000000000e+00 4.554272157972365231e-02 2.317292893281535423e-03
0.000000000000000000e+00 5.009699373769601477e-02 0.000000000000000000e+00
0.000000000000000000e+00 5.009699373769601477e-02 3.310418418973622265e-04
0.000000000000000000e+00 5.009699373769601477e-02 6.620836837947244530e-04
0.000000000000000000e+00 5.009699373769601477e-02 9.931255256920867337e-04
0.000000000000000000e+00 5.009699373769601477e-02 1.324167367589448906e-03
0.000000000000000000e+00 5.009699373769601477e-02 1.655209209486811078e-03
0.000000000000000000e+00 5.009699373769601477e-02 1.986251051384173467e-03
0.000000000000000000e+00 5.009699373769601477e-02 2.317292893281535423e-03
0.000000000000000000e+00 5.465126589566837723e-02 0.000000000000000000e+00
0.000000000000000000e+00 5.465126589566837723e-02 3.310418418973622265e-04
0.000000000000000000e+00 5.465126589566837723e-02 6.620836837947244530e-04
0.000000000000000000e+00 5.465126589566837723e-02 9.931255256920867337e-04
0.000000000000000000e+00 5.465126589566837723e-02 1.324167367589448906e-03
0.000000000000000000e+00 5.465126589566837723e-02 1.655209209486811078e-03
0.000000000000000000e+00 5.465126589566837723e-02 1.986251051384173467e-03
0.000000000000000000e+00 5.465126589566837723e-02 2.317292893281535423e-03
0.000000000000000000e+00 5.920553805364074662e-02 0.000000000000000000e+00
0.000000000000000000e+00 5.920553805364074662e-02 3.310418418973622265e-04
0.000000000000000000e+00 5.920553805364074662e-02 6.620836837947244530e-04
0.000000000000000000e+00 5.920553805364074662e-02 9.931255256920867337e-04
0.000000000000000000e+00 5.920553805364074662e-02 1.324167367589448906e-03
0.000000000000000000e+00 5.920553805364074662e-02 1.655209209486811078e-03
0.000000000000000000e+00 5.920553805364074662e-02 1.986251051384173467e-03
0.000000000000000000e+00 5.920553805364074662e-02 2.317292893281535423e-03
0.000000000000000000e+00 6.375981021161311602e-02 0.000000000000000000e+00
0.000000000000000000e+00 6.375981021161311602e-02 3.310418418973622265e-04
0.000000000000000000e+00 6.375981021161311602e-02 6.620836837947244530e-04
0.000000000000000000e+00 6.375981021161311602e-02 9.931255256920867337e-04
0.000000000000000000e+00 6.375981021161311602e-02 1.324167367589448906e-03
0.000000000000000000e+00 6.375981021161311602e-02 1.655209209486811078e-03
0.000000000000000000e+00 6.375981021161311602e-02 1.986251051384173467e-03
0.000000000000000000e+00 6.375981021161311602e-02 2.317292893281535423e-03
1.988663922819474805e-03 0.000000000000000000e+00 0.000000000000000000e+00
1.988663922819474805e-03 0.000000000000000000e+00 3.310418418973622265e-04
1.988663922819474805e-03 0.000000000000000000e+00 6.620836837947244530e-04
1.988663922819474805e-03 0.000000000000000000e+00 9.931255256920867337e-04
1.988663922819474805e-03 0.000000000000000000e+00 1.324167367589448906e-03
1.988663922819474805e-03 0.000000000000000000e+00 1.655209209486811078e-03
1.988663922819474805e-03 0.000000000000000000e+00 1.986251051384173467e-03
1.988663922819474805e-03 0.000000000000000000e+00 2.317292893281535423e-03
1.988663922819474805e-03 4.554272157972365058e-03 0.000000000000000000e+00
1.988663922819474805e-03 4.554272157972365058e-03 3.310418418973622265e-04
1.988663922819474805e-03 4.554272157972365058e-03 6.620836837947244530e-04
1.988663922819474805e-03 4.554272157972365058e-03 9.931255256920867337e-04
1.988663922819474805e-03 4.554272157972365058e-03 1.324167367589448906e-03
1.988663922819474805e-03 4.554272157972365058e-03 1.655209209486811078e-03
1.988663922819474805e-03 4.554272157972365058e-03 1.986251051384173467e-03
1.988663922819474805e-03 4.554272157972365058e-03 2.317292893281535423e-03
1.988663922819474805e-03 9.108544315944730116e-03 0.000000000000000000e+00
1.988663922819474805e-03 9.108544315944730116e-03 3.310418418973622265e-04
1.988663922819474805e-03 9.108544315944730116e-03 6.620836837947244530e-04
1.988663922819474805e-03 9.108544315944730116e-03 9.931255256920867337e-04
1.988663922819474805e-03 9.108544315944730116e-03 1.324167367589448906e-03
1.988663922819474805e-03 9.108544315944730116e-03 1.655209209486811078e-03
1.988663922819474805e-03 9.108544315944730116e-03 1.986251051384173467e-03
1.988663922819474805e-03 9.108544315944730116e-03 2.317292893281535423e-03
1.988663922819474805e-03 1.366281647391709431e-02 0.000000000000000000e+00
1.988663922819474805e-03 1.366281647391709431e-02 3.310418418973622265e-04
1.988663922819474805e-03 1.366281647391709431e-02 6.620836837947244530e-04
1.988663922819474805e-03 1.366281647391709431e-02 9.931255256920867337e-04
1.988663922819474805e-03 1.366281647391709431e-02 1.324167367589448906e-03
1.988663922819474805e-03 1.366281647391709431e-02 1.655209209486811078e-03
1.988663922819474805e-03 1.366281647391709431e-02 1.986251051384173467e-03
1.988663922819474805e-03 1.366281647391709431e-02 2.317292893281535423e-03
1.988663922819474805e-03 1.821708863188946023e-02 0.000000000000000000e+00
1.988663922819474805e-03 1.821708863188946023e-02 3.310418418973622265e-04
1.988663922819474805e-03 1.821708863188946023e-02 6.620836837947244530e-04
1.988663922819474805e-03 1.821708863188946023e-02 9.931255256920867337e-04
1.988663922819474805e-03 1.821708863188946023e-02 1.324167367589448906e-03
1.988663922819474805e-03 1.821708863188946023e-02 1.655209209486811078e-03
1.988663922819474805e-03 1.821708863188946023e-02 1.986251051384173467e-03
1.988663922819474805e-03 1.821708863188946023e-02 2.317292893281535423e-03
1.988663922819474805e-03 2.277136078986182616e-02 0.000000000000000000e+00
1.988663922819474805e-03 2.277136078986182616e-02 3.310418418973622265e-04
1.988663922819474805e-03 2.277136078986182616e-02 6.620836837947244530e-04
1.988663922819474805e-03 2.277136078986182616e-02 9.931255256920867337e-04
1.988663922819474805e-03 2.277136078986182616e-02 1.324167367589448906e-03
1.988663922819474805e-03 2.277136078986182616e-02 1.655209209486811078e-03
1.988663922819474805e-03 2.277136078986182616e-02 1.986251051384173467e-03
1.988663922819474805e-03 2.277136078986182616e-02 2.317292893281535423e-03
1.988663922819474805e-03 2.732563294783418861e-02 0.000000000000000000e+00
1.988663922819474805e-03 2.732563294783418861e-02 3.310418418973622265e-04
1.988663922819474805e-03 2.732563294783418861e-02 6.620836837947244530e-04
1.988663922819474805e-03 2.732563294783418861e-02 9.931255256920867337e-04
1.988663922819474805e-03 2.732563294783418861e-02 1.324167367589448906e-03
1.988663922819474805e-03 2.732563294783418861e-02 1.655209209486811078e-03
1.988663922819474805e-03 2.732563294783418861e-02 1.986251051384173467e-03
1.988663922819474805e-03 2.732563294783418861e-02 2.317292893281535423e-03
1.988663922819474805e-03 3.187990510580655801e-02 0.000000000000000000e+00
1.988663922819474805e-03 3.187990510580655801e-02 3.310418418973622265e-04
1.988663922819474805e-03 3.187990510580655801e-02 6.620836837947244530e-04
1.988663922819474805e-03 3.187990510580655801e-02 9.931255256920867337e-04
1.988663922819474805e-03 3.187990510580655801e-02 1.324167367589448906e-03
1.988663922819474805e-03 3.187990510580655801e-02 1.655209209486811078e-03
1.988663922819474805e-03 3.187990510580655801e-02 1.986251051384173467e-03
1.988663922819474805e-03 3.187990510580655801e-02 2.317292893281535423e-03
1.988663922819474805e-03 3.643417726377892046e-02 0.000000000000000000e+00
1.988663922819474805e-03 3.643417726377892046e-02 3.310418418973622265e-04
1.988663922819474805e-03 3.643417726377892046e-02 6.620836837947244530e-04
1.988663922819474805e-03 3.643417726377892046e-02 9.931255256920867337e-04
1.988663922819474805e-03 3.643417726377892046e-02 1.324167367589448906e-03
1.988663922819474805e-03 3.643417726377892046e-02 1.655209209486811078e-03
1.988663922819474805e-03 3.643417726377892046e-02 1.986251051384173467e-03
1.988663922819474805e-03 3.643417726377892046e-02 2.317292893281535423e-03
1.988663922819474805e-03 4.098844942175128292e-02 0.000000000000000000e+00
1.988663922819474805e-03 4.098844942175128292e-02 3.310418418973622265e-04
1.988663922819474805e-03 4.098844942175128292e-02 6.620836837947244530e-04
1.988663922819474805e-03 4.098844942175128292e-02 9.931255256920867337e-04
1.988663922819474805e-03 4.098844942175128292e-02 1.324167367589448906e-03
1.988663922819474805e-03 4.098844942175128292e-02 1.655209209486811078e-03
1.988663922819474805e-03 4.098844942175128292e-02 1.986251051384173467e-03
1.988663922819474805e-03 4.098844942175128292e-02 2.317292893281535423e-03
1.988663922819474805e-03 4.554272157972365231e-02 0.000000000000000000e+00
1.988663922819474805e-03 4.554272157972365231e-02 3.310418418973622265e-04
1.988663922819474805e-03 4.554272157972365231e-02 6.620836837947244530e-04
1.988663922819474805e-03 4.554272157972365231e-02 9.931255256920867337e-04
1.988663922819474805e-03 4.554272157972365231e-02 1.324167367589448906e-03
1.988663922819474805e-03 4.554272157972365231e-02 1.655209209486811078e-03
1.988663922819474805e-03 4.554272157972365231e-02 1.986251051384173467e-03
1.988663922819474805e-03 4.554272157972365231e-02 2.317292893281535423e-03
1.988663922819474805e-03 5.009699373769601477e-02 0.000000000000000000e+00
1.988663922819474805e-03 5.009699373769601477e-02 3.310418418973622265e-04
1.988663922819474805e-03 5.009699373769601477e-02 6.620836837947244530e-04
1.988663922819474805e-03 5.009699373769601477e-02 9.931255256920867337e-04
1.988663922819474805e-03 5.009699373769601477e-02 1.324167367589448906e-03
1.988663922819474805e-03 5.009699373769601477e-02 1.655209209486811078e-03
1.988663922819474805e-03 5.009699373769601477e-02 1.986251051384173467e-03
1.988663922819474805e-03 5.009699373769601477e-02 2.317292893281535423e-03
1.988663922819474805e-03 5.465126589566837723e-02 0.000000000000000000e+00
1.988663922819474805e-03 5.465126589566837723e-02 3.310418418973622265e-04
1.988663922819474805e-03 5.465126589566837723e-02 6.620836837947244530e-04
1.988663922819474805e-03 5.465126589566837723e-02 9.931255256920867337e-04
1.988663922819474805e-03 5.465126589566837723e-02 1.324167367589448906e-03
1.988663922819474805e-03 5.465126589566837723e-02 1.655209209486811078e-03
1.988663922819474805e-03 5.465126589566837723e-02 1.986251051384173467e-03
1.988663922819474805e-03 5.465126589566837723e-02 2.317292893281535423e-03
1.988663922819474805e-03 5.920553805364074662e-02 0.000000000000000000e+00
1.988663922819474805e-03 5.920553805364074662e-02 3.310418418973622265e-04
1.988663922819474805e-03 5.920553805364074662e-02 6.620836837947244530e-04
1.988663922819474805e-03 5.920553805364074662e-02 9.931255256920867337e-04
1.988663922819474805e-03 5.920553805364074662e-02 1.324167367589448906e-03
1.988663922819474805e-03 5.920553805364074662e-02 1.655209209486811078e-03
1.988663922819474805e-03 5.920553805364074662e-02 1.986251051384173467e-03
1.988663922819474805e-03 5.920553805364074662e-02 2.317292893281535423e-03
1.988663922819474805e-03 6.375981021161311602e-02 0.000000000000000000e+00
1.988663922819474805e-03 6.375981021161311602e-02 3.310418418973622265e-04
1.988663922819474805e-03 6.375981021161311602e-02 6.620836837947244530e-04
1.988663922819474805e-03 6.375981021161311602e-02 9.931255256920867337e-04
1.988663922819474805e-03 6.375981021161311602e-02 1.324167367589448906e-03
1.988663922819474805e-03 6.375981021161311602e-02 1.655209209486811078e-03
1.988663922819474805e-03 6.375981021161311602e-02 1.986251051384173467e-03
1.988663922819474805e-03 6.375981021161311602e-02 2.317292893281535423e-03
3.977327845638949609e-03 0.000000000000000000e+00 0.000000000000000000e+00
3.977327845638949609e-03 0.000000000000000000e+00 3.310418418973622265e-04
3.977327845638949609e-03 0.000000000000000000e+00 6.620836837947244530e-04
3.977327845638949609e-03 0.000000000000000000e+00 9.931255256920867337e-04
3.977327845638949609e-03 0.000000000000000000e+00 1.324167367589448906e-03
3.977327845638949609e-03 0.000000000000000000e+00 1.655209209486811078e-03
3.977327845638949609e-03 0.000000000000000000e+00 1.986251051384173467e-03
3.977327845638949609e-03 0.000000000000000000e+00 2.317292893281535423e-03
3.977327845638949609e-03 4.554272157972365058e-03 0.000000000000000000e+00
3.977327845638949609e-03 4.554272157972365058e-03 3.310418418973622265e-04
3.977327845638949609e-03 4.554272157972365058e-03 6.620836837947244530e-04
3.977327845638949609e-03 4.554272157972365058e-03 9.931255256920867337e-04
3.977327845638949609e-03 4.554272157972365058e-03 1.324167367589448906e-03
3.977327845638949609e-03 4.554272157972365058e-03 1.655209209486811078e-03
3.977327845638949609e-03 4.554272157972365058e-03 1.986251051384173467e-03
3.977327845638949609e-03 4.554272157972365058e-03 2.317292893281535423e-03
3.977327845638949609e-03 9.108544315944730116e-03 0.000000000000000000e+00
3.977327845638949609e-03 9.108544315944730116e-03 3.310418418973622265e-04
3.977327845638949609e-03 9.108544315944730116e-03 6.620836837947244530e-04
3.977327845638949609e-03 9.108544315944730116e-03 9.931255256920867337e-04
3.977327845638949609e-03 9.108544315944730116e-03 1.324167367589448906e-03
3.977327845638949609e-03 9.108544315944730116e-03 1.655209209486811078e-03
3.977327845638949609e-03 9.108544315944730116e-03 1.986251051384173467e-03
3.977327845638949609e-03 9.108544315944730116e-03 2.317292893281535423e-03
3.977327845638949609e-03 1.366281647391709431e-02 0.000000000000000000e+00
3.977327845638949609e-03 1.366281647391709431e-02 3.310418418973622265e-04
3.977327845638949609e-03 1.366281647391709431e-02 6.620836837947244530e-04
3.977327845638949609e-03 1.366281647391709431e-02 9.931255256920867337e-04
3.977327845638949609e-03 1.366281647391709431e-02 1.324167367589448906e-03
3.977327845638949609e-03 1.366281647391709431e-02 1.655209209486811078e-03
3.977327845638949609e-03 1.366281647391709431e-02 1.986251051384173467e-03
3.977327845638949609e-03 1.366281647391709431e-02 2.317292893281535423e-03
3.977327845638949609e-03 1.821708863188946023e-02 0.000000000000000000e+00
3.977327845638949609e-03 1.821708863188946023e-02 3.310418418973622265e-04
3.977327845638949609e-03 1.821708863188946023e-02 6.620836837947244530e-04
3.977327845638949609e-03 1.821708863188946023e-02 9.931255256920867337e-04
3.977327845638949609e-03 1.821708863188946023e-02 1.324167367589448906e-03
3.977327845638949609e-03 1.821708863188946023e-02 1.655209209486811078e-03
3.977327845638949609e-03 1.821708863188946023e-02 1.986251051384173467e-03
3.977327845638949609e-03 1.821708863188946023e-02 2.317292893281535423e-03
3.977327845638949609e-03 2.277136078986182616e-02 0.000000000000000000e+00
3.977327845638949609e-03 2.277136078986182616e-02 3.310418418973622265e-04
3.977327845638949609e-03 2.277136078986182616e-02 6.620836837947244530e-04
3.977327845638949609e-03 2.277136078986182616e-02 9.931255256920867337e-04
3.977327845638949609e-03 2.277136078986182616e-02 1.324167367589448906e-03
3.977327845638949609e-03 2.277136078986182616e-02 1.655209209486811078e-03
3.977327845638949609e-03 2.277136078986182616e-02 1.986251051384173467e-03
3.977327845638949609e-03 2.277136078986182616e-02 2.317292893281535423e-03
3.977327845638949609e-03 2.732563294783418861e-02 0.000000000000000000e+00
3.977327845638949609e-03 2.732563294783418861e-02 3.310418418973622265e-04
3.977327845638949609e-03 2.732563294783418861e-02 6.620836837947244530e-04
3.977327845638949609e-03 2.732563294783418861e-02 9.931255256920867337e-04
3.977327845638949609e-03 2.732563294783418861e-02 1.324167367589448906e-03
3.977327845638949609e-03 2.732563294783418861e-02 1.655209209486811078e-03
3.977327845638949609e-03 2.732563294783418861e-02 1.986251051384173467e-03
3.977327845638949609e-03 2.732563294783418861e-02 2.317292893281535423e-03
3.977327845638949609e-03 3.187990510580655801e-02 0.000000000000000000e+00
3.977327845638949609e-03 3.187990510580655801e-02 3.310418418973622265e-04
3.977327845638949609e-03 3.187990510580655801e-02 6.620836837947244530e-04
3.977327845638949609e-03 3.187990510580655801e-02 9.931255256920867337e-04
3.977327845638949609e-03 3.187990510580655801e-02 1.324167367589448906e-03
3.977327845638949609e-03 3.187990510580655801e-02 1.655209209486811078e-03
3.977327845638949609e-03 3.187990510580655801e-02 1.986251051384173467e-03
3.977327845638949609e-03 3.187990510580655801e-02 2.317292893281535423e-03
3.977327845638949609e-03 3.643417726377892046e-02 0.000000000000000000e+00
3.977327845638949609e-03 3.643417726377892046e-02 3.310418418973622265e-04
3.977327845638949609e-03 3.643417726377892046e-02 6.620836837947244530e-04
3.977327845638949609e-03 3.643417726377892046e-02 9.931255256920867337e-04
3.977327845638949609e-03 3.643417726377892046e-02 1.324167367589448906e-03
3.977327845638949609e-03 3.643417726377892046e-02 1.655209209486811078e-03
3.977327845638949609e-03 3.643417726377892046e-02 1.986251051384173467e-03
3.977327845638949609e-03 3.643417726377892046e-02 2.317292893281535423e-03
3.977327845638949609e-03 4.098844942175128292e-02 0.000000000000000000e+00
3.977327845638949609e-03 4.098844942175128292e-02 3.310418418973622265e-04
3.977327845638949609e-03 4.098844942175128292e-02 6.620836837947244530e-04
3.977327845638949609e-03 4.098844942175128292e-02 9.931255256920867337e-04
3.977327845638949609e-03 4.098844942175128292e-02 1.324167367589448906e-03
3.977327845638949609e-03 4.098844942175128292e-02 1.655209209486811078e-03
3.977327845638949609e-03 4.098844942175128292e-02 1.986251051384173467e-03
3.977327845638949609e-03 4.098844942175128292e-02 2.317292893281535423e-03
3.977327845638949609e-03 4.554272157972365231e-02 0.000000000000000000e+00
3.977327845638949609e-03 4.554272157972365231e-02 3.310418418973622265e-04
3.977327845638949609e-03 4.554272157972365231e-02 6.620836837947244530e-04
3.977327845638949609e-03 4.554272157972365231e-02 9.931255256920867337e-04
3.977327845638949609e-03 4.554272157972365231e-02 1.324167367589448906e-03
3.977327845638949609e-03 4.554272157972365231e-02 1.655209209486811078e-03
3.977327845638949609e-03 4.554272157972365231e-02 1.986251051384173467e-03
3.977327845638949609e-03 4.554272157972365231e-02 2.317292893281535423e-03
3.977327845638949609e-03 5.009699373769601477e-02 0.000000000000000000e+00
3.977327845638949609e-03 5.009699373769601477e-02 3.310418418973622265e-04
3.977327845638949609e-03 5.009699373769601477e-02 6.620836837947244530e-04
3.977327845638949609e-03 5.009699373769601477e-02 9.931255256920867337e-04
3.977327845638949609e-03 5.009699373769601477e-02 1.324167367589448906e-03
3.977327845638949609e-03 5.009699373769601477e-02 1.655209209486811078e-03
3.977327845638949609e-03 5.009699373769601477e-02 1.986251051384173467e-03
3.977327845638949609e-03 5.009699373769601477e-02 2.317292893281535423e-03
3.977327845638949609e-03 5.465126589566837723e-02 0.000000000000000000e+00
3.977327845638949609e-03 5.465126589566837723e-02 3.310418418973622265e-04
3.977327845638949609e-03 5.465126589566837723e-02 6.620836837947244530e-04
3.977327845638949609e-03 5.465126589566837723e-02 9.931255256920867337e-04
3.977327845638949609e-03 5.465126589566837723e-02 1.324167367589448906e-03
3.977327845638949609e-03 5.465126589566837723e-02 1.655209209486811078e-03
3.977327845638949609e-03 5.465126589566837723e-02 1.986251051384173467e-03
3.977327845638949609e-03 5.465126589566837723e-02 2.317292893281535423e-03
3.977327845638949609e-03 5.920553805364074662e-02 0.000000000000000000e+00
3.977327845638949609e-03 5.920553805364074662e-02 3.310418418973622265e-04
3.977327845638949609e-03 5.920553805364074662e-02 6.620836837947244530e-04
3.977327845638949609e-03 5.920553805364074662e-02 9.931255256920867337e-04
3.977327845638949609e-03 5.920553805364074662e-02 1.324167367589448906e-03
3.977327845638949609e-03 5.920553805364074662e-02 1.655209209486811078e-03
3.977327845638949609e-03 5.920553805364074662e-02 1.986251051384173467e-03
3.977327845638949609e-03 5.920553805364074662e-02 2.317292893281535423e-03
3.977327845638949609e-03 6.375981021161311602e-02 0.000000000000000000e+00
3.977327845638949609e-03 6.375981021161311602e-02 3.310418418973622265e-04
3.977327845638949609e-03 6.375981021161311602e-02 6.620836837947244530e-04
3.977327845638949609e-03 6.375981021161311602e-02 9.931255256920867337e-04
3.977327845638949609e-03 6.375981021161311602e-02 1.324167367589448906e-03
3.977327845638949609e-03 6.375981021161311602e-02 1.655209209486811078e-03
3.977327845638949609e-03 6.375981021161311602e-02 1.986251051384173467e-03
3.977327845638949609e-03 6.375981021161311602e-02 2.317292893281535423e-03
5.965991768458423980e-03 0.000000000000000000e+00 0.000000000000000000e+00
5.965991768458423980e-03 0.000000000000000000e+00 3.310418418973622265e-04
5.965991768458423980e-03 0.000000000000000000e+00 6.620836837947244530e-04
5.965991768458423980e-03 0.000000000000000000e+00 9.931255256920867337e-04
5.965991768458423980e-03 0.000000000000000000e+00 1.324167367589448906e-03
5.965991768458423980e-03 0.000000000000000000e+00 1.655209209486811078e-03
5.965991768458423980e-03 0.000000000000000000e+00 1.986251051384173467e-03
5.965991768458423980e-03 0.000000000000000000e+00 2.317292893281535423e-03
5.965991768458423980e-03 4.554272157972365058e-03 0.000000000000000000e+00
5.965991768458423980e-03 4.554272157972365058e-03 3.310418418973622265e-04
5.965991768458423980e-03 4.554272157972365058e-03 6.620836837947244530e-04
5.965991768458423980e-03 4.554272157972365058e-03 9.931255256920867337e-04
5.965991768458423980e-03 4.554272157972365058e-03 1.324167367589448906e-03
5.965991768458423980e-03 4.554272157972365058e-03 1.655209209486811078e-03
5.965991768458423980e-03 4.554272157972365058e-03 1.986251051384173467e-03
5.965991768458423980e-03 4.554272157972365058e-03 2.317292893281535423e-03
5.965991768458423980e-03 9.108544315944730116e-03 0.000000000000000000e+00
5.965991768458423980e-03 9.108544315944730116e-03 3.310418418973622265e-04
5.965991768458423980e-03 9.108544315944730116e-03 6.620836837947244530e-04
5.965991768458423980e-03 9.108544315944730116e-03 9.931255256920867337e-04
5.965991768458423980e-03 9.108544315944730116e-03 1.324167367589448906e-03
5.965991768458423980e-03 9.108544315944730116e-03 1.655209209486811078e-03
5.965991768458423980e-03 9.108544315944730116e-03 1.986251051384173467e-03
5.965991768458423980e-03 9.108544315944730116e-03 2.317292893281535423e-03
5.965991768458423980e-03 1.366281647391709431e-02 0.000000000000000000e+00
5.965991768458423980e-03 1.366281647391709431e-02 3.310418418973622265e-04
5.965991768458423980e-03 1.366281647391709431e-02 6.620836837947244530e-04
5.965991768458423980e-03 1.366281647391709431e-02 9.931255256920867337e-04
5.965991768458423980e-03 1.366281647391709431e-02 1.324167367589448906e-03
5.965991768458423980e-03 1.366281647391709431e-02 1.655209209486811078e-03
5.965991768458423980e-03 1.366281647391709431e-02 1.986251051384173467e-03
5.965991768458423980e-03 1.366281647391709431e-02 2.317292893281535423e-03
5.965991768458423980e-03 1.821708863188946023e-02 0.000000000000000000e+00
5.965991768458423980e-03 1.821708863188946023e-02 3.310418418973622265e-04
5.965991768458423980e-03 1.821708863188946023e-02 6.620836837947244530e-04
5.965991768458423980e-03 1.821708863188946023e-02 9.931255256920867337e-04
5.965991768458423980e-03 1.821708863188946023e-02 1.324167367589448906e-03
5.965991768458423980e-03 1.821708863188946023e-02 1.655209209486811078e-03
5.965991768458423980e-03 1.821708863188946023e-02 1.986251051384173467e-03
5.965991768458423980e-03 1.821708863188946023e-02 2.317292893281535423e-03
5.965991768458423980e-03 2.277136078986182616e-02 0.000000000000000000e+00
5.965991768458423980e-03 2.277136078986182616e-02 3.310418418973622265e-04
5.965991768458423980e-03 2.277136078986182616e-02 6.620836837947244530e-04
5.965991768458423980e-03 2.277136078986182616e-02 9.931255256920867337e-04
5.965991768458423980e-03 2.277136078986182616e-02 1.324167367589448906e-03
5.965991768458423980e-03 2.277136078986182616e-02 1.655209209486811078e-03
5.965991768458423980e-03 2.277136078986182616e-02 1.986251051384173467e-03
5.965991768458423980e-03 2.277136078986182616e-02 2.317292893281535423e-03
5.965991768458423980e-03 2.732563294783418861e-02 0.000000000000000000e+00
5.965991768458423980e-03 2.732563294783418861e-02 3.310418418973622265e-04
5.965991768458423980e-03 2.732563294783418861e-02 6.620836837947244530e-04
5.965991768458423980e-03 2.732563294783418861e-02 9.931255256920867337e-04
5.965991768458423980e-03 2.732563294783418861e-02 1.324167367589448906e-03
5.965991768458423980e-03 2.732563294783418861e-02 1.655209209486811078e-03
5.965991768458423980e-03 2.732563294783418861e-02 1.986251051384173467e-03
5.965991768458423980e-03 2.732563294783418861e-02 2.317292893281535423e-03
5.965991768458423980e-03 3.187990510580655801e-02 0.000000000000000000e+00
5.965991768458423980e-03 3.187990510580655801e-02 3.310418418973622265e-04
5.965991768458423980e-03 3.187990510580655801e-02 6.620836837947244530e-04
5.965991768458423980e-03 3.187990510580655801e-02 9.931255256920867337e-04
5.965991768458423980e-03 3.187990510580655801e-02 1.324167367589448906e-03
5.965991768458423980e-03 3.187990510580655801e-02 1.655209209486811078e-03
5.965991768458423980e-03 3.187990510580655801e-02 1.986251051384173467e-03
5.965991768458423980e-03 3.187990510580655801e-02 2.317292893281535423e-03
5.965991768458423980e-03 3.643417726377892046e-02 0.000000000000000000e+00
5.965991768458423980e-03 3.643417726377892046e-02 3.310418418973622265e-04
5.965991768458423980e-03 3.643417726377892046e-02 6.620836837947244530e-04
5.965991768458423980e-03 3.643417726377892046e-02 9.931255256920867337e-04
5.965991768458423980e-03 3.643417726377892046e-02 1.324167367589448906e-03
5.965991768458423980e-03 3.643417726377892046e-02 1.655209209486811078e-03
5.965991768458423980e-03 3.643417726377892046e-02 1.986251051384173467e-03
5.965991768458423980e-03 3.643417726377892046e-02 2.317292893281535423e-03
5.965991768458423980e-03 4.098844942175128292e-02 0.000000000000000000e+00
5.965991768458423980e-03 4.098844942175128292e-02 3.310418418973622265e-04
5.965991768458423980e-03 4.098844942175128292e-02 6.620836837947244530e-04
5.965991768458423980e-03 4.098844942175128292e-02 9.931255256920867337e-04
5.965991768458423980e-03 4.098844942175128292e-02 1.324167367589448906e-03
5.965991768458423980e-03 4.098844942175128292e-02 1.655209209486811078e-03
5.965991768458423980e-03 4.098844942175128292e-02 1.986251051384173467e-03
5.965991768458423980e-03 4.098844942175128292e-02 2.317292893281535423e-03
5.965991768458423980e-03 4.554272157972365231e-02 0.000000000000000000e+00
5.965991768458423980e-03 4.554272157972365231e-02 3.310418418973622265e-04
5.965991768458423980e-03 4.554272157972365231e-02 6.620836837947244530e-04
5.965991768458423980e-03 4.554272157972365231e-02 9.931255256920867337e-04
5.965991768458423980e-03 4.554272157972365231e-02 1.324167367589448906e-03
5.965991768458423980e-03 4.554272157972365231e-02 1.655209209486811078e-03
5.965991768458423980e-03 4.554272157972365231e-02 1.986251051384173467e-03
5.965991768458423980e-03 4.554272157972365231e-02 2.317292893281535423e-03
5.965991768458423980e-03 5.009699373769601477e-02 0.000000000000000000e+00
5.965991768458423980e-03 5.009699373769601477e-02 3.310418418973622265e-04
5.965991768458423980e-03 5.009699373769601477e-02 6.620836837947244530e-04
5.965991768458423980e-03 5.009699373769601477e-02 9.931255256920867337e-04
5.965991768458423980e-03 5.009699373769601477e-02 1.324167367589448906e-03
5.965991768458423980e-03 5.009699373769601477e-02 1.655209209486811078e-03
5.965991768458423980e-03 5.009699373769601477e-02 1.986251051384173467e-03
5.965991768458423980e-03 5.009699373769601477e-02 2.317292893281535423e-03
5.965991768458423980e-03 5.465126589566837723e-02 0.000000000000000000e+00
5.965991768458423980e-03 5.465126589566837723e-02 3.310418418973622265e-04
5.965991768458423980e-03 5.465126589566837723e-02 6.620836837947244530e-04
5.965991768458423980e-03 5.465126589566837723e-02 9.931255256920867337e-04
5.965991768458423980e-03 5.465126589566837723e-02 1.324167367589448906e-03
5.965991768458423980e-03 5.465126589566837723e-02 1.655209209486811078e-03
5.965991768458423980e-03 5.465126589566837723e-02 1.986251051384173467e-03
5.965991768458423980e-03 5.465126589566837723e-02 2.317292893281535423e-03
5.965991768458423980e-03 5.920553805364074662e-02 0.000000000000000000e+00
5.965991768458423980e-03 5.920553805364074662e-02 3.310418418973622265e-04
5.965991768458423980e-03 5.920553805364074662e-02 6.620836837947244530e-04
5.965991768458423980e-03 5.920553805364074662e-02 9.931255256920867337e-04
5.965991768458423980e-03 5.920553805364074662e-02 1.324167367589448906e-03
5.965991768458423980e-03 5.920553805364074662e-02 1.655209209486811078e-03
5.965991768458423980e-03 5.920553805364074662e-02 1.986251051384173467e-03
5.965991768458423980e-03 5.920553805364074662e-02 2.317292893281535423e-03
5.965991768458423980e-03 6.375981021161311602e-02 0.000000000000000000e+00
5.965991768458423980e-03 6.375981021161311602e-02 3.310418418973622265e-04
5.965991768458423980e-03 6.375981021161311602e-02 6.620836837947244530e-04
5.965991768458423980e-03 6.375981021161311602e-02 9.931255256920867337e-04
5.965991768458423980e-03 6.375981021161311602e-02 1.324167367589448906e-03
5.965991768458423980e-03 6.375981021161311602e-02 1.655209209486811078e-03
5.965991768458423980e-03 6.375981021161311602e-02 1.986251051384173467e-03
5.965991768458423980e-03 6.375981021161311602e-02 2.317292893281535423e-03
7.954655691277899218e-03 0.000000000000000000e+00 0.000000000000000000e+00
7.954655691277899218e-03 0.000000000000000000e+00 3.310418418973622265e-04
7.954655691277899218e-03 0.000000000000000000e+00 6.620836837947244530e-04
7.954655691277899218e-03 0.000000000000000000e+00 9.931255256920867337e-04
7.954655691277899218e-03 0.000000000000000000e+00 1.324167367589448906e-03
7.954655691277899218e-03 0.000000000000000000e+00 1.655209209486811078e-03
7.954655691277899218e-03 0.000000000000000000e+00 1.986251051384173467e-03
7.954655691277899218e-03 0.000000000000000000e+00 2.317292893281535423e-03
7.954655691277899218e-03 4.554272157972365058e-03 0.000000000000000000e+00
7.954655691277899218e-03 4.554272157972365058e-03 3.310418418973622265e-04
7.954655691277899218e-03 4.554272157972365058e-03 6.620836837947244530e-04
7.954655691277899218e-03 4.554272157972365058e-03 9.931255256920867337e-04
7.954655691277899218e-03 4.554272157972365058e-03 1.324167367589448906e-03
7.954655691277899218e-03 4.554272157972365058e-03 1.655209209486811078e-03
7.954655691277899218e-03 4.554272157972365058e-03 1.986251051384173467e-03
7.954655691277899218e-03 4.554272157972365058e-03 2.317292893281535423e-03
7.954655691277899218e-03 9.108544315944730116e-03 0.000000000000000000e+00
7.954655691277899218e-03 9.108544315944730116e-03 3.310418418973622265e-04
7.954655691277899218e-03 9.108544315944730116e-03 6.620836837947244530e-04
7.954655691277899218e-03 9.108544315944730116e-03 9.931255256920867337e-04
7.954655691277899218e-03 9.108544315944730116e-03 1.324167367589448906e-03
7.954655691277899218e-03 9.108544315944730116e-03 1.655209209486811078e-03
7.954655691277899218e-03 9.108544315944730116e-03 1.986251051384173467e-03
7.954655691277899218e-03 9.108544315944730116e-03 2.317292893281535423e-03
7.954655691277899218e-03 1.366281647391709431e-02 0.000000000000000000e+00
7.954655691277899218e-03 1.366281647391709431e-02 3.310418418973622265e-04
7.954655691277899218e-03 1.366281647391709431e-02 6.620836837947244530e-04
7.954655691277899218e-03 1.366281647391709431e-02 9.931255256920867337e-04
7.954655691277899218e-03 1.366281647391709431e-02 1.324167367589448906e-03
7.954655691277899218e-03 1.366281647391709431e-02 1.655209209486811078e-03
7.954655691277899218e-03 1.366281647391709431e-02 1.986251051384173467e-03
7.954655691277899218e-03 1.366281647391709431e-02 2.317292893281535423e-03
7.954655691277899218e-03 1.821708863188946023e-02 0.000000000000000000e+00
7.954655691277899218e-03 1.821708863188946023e-02 3.310418418973622265e-04
7.954655691277899218e-03 1.821708863188946023e-02 6.620836837947244530e-04
7.954655691277899218e-03 1.821708863188946023e-02 9.931255256920867337e-04
7.954655691277899218e-03 1.821708863188946023e-02 1.324167367589448906e-03
7.954655691277899218e-03 1.821708863188946023e-02 1.655209209486811078e-03
7.954655691277899218e-03 1.821708863188946023e-02 1.986251051384173467e-03
7.954655691277899218e-03 1.821708863188946023e-02 2.317292893281535423e-03
7.954655691277899218e-03 2.277136078986182616e-02 0.000000000000000000e+00
7.954655691277899218e-03 2.277136078986182616e-02 3.310418418973622265e-04
7.954655691277899218e-03 2.277136078986182616e-02 6.620836837947244530e-04
7.954655691277899218e-03 2.277136078986182616e-02 9.931255256920867337e-04
7.954655691277899218e-03 2.277136078986182616e-02 1.324167367589448906e-03
7.954655691277899218e-03 2.277136078986182616e-02 1.655209209486811078e-03
7.954655691277899218e-03 2.277136078986182616e-02 1.986251051384173467e-03
7.954655691277899218e-03 2.277136078986182616e-02 2.317292893281535423e-03
7.954655691277899218e-03 2.732563294783418861e-02 0.000000000000000000e+00
7.954655691277899218e-03 2.732563294783418861e-02 3.310418418973622265e-04
7.954655691277899218e-03 2.732563294783418861e-02 6.620836837947244530e-04
7.954655691277899218e-03 2.732563294783418861e-02 9.931255256920867337e-04
7.954655691277899218e-03 2.732563294783418861e-02 1.324167367589448906e-03
7.954655691277899218e-03 2.732563294783418861e-02 1.655209209486811078e-03
7.954655691277899218e-03 2.732563294783418861e-02 1.986251051384173467e-03
7.954655691277899218e-03 2.732563294783418861e-02 2.317292893281535423e-03
7.954655691277899218e-03 3.187990510580655801e-02 0.000000000000000000e+00
7.954655691277899218e-03 3.187990510580655801e-02 3.310418418973622265e-04
7.954655691277899218e-03 3.187990510580655801e-02 6.620836837947244530e-04
7.954655691277899218e-03 3.187990510580655801e-02 9.931255256920867337e-04
7.954655691277899218e-03 3.187990510580655801e-02 1.324167367589448906e-03
7.954655691277899218e-03 3.187990510580655801e-02 1.655209209486811078e-03
7.954655691277899218e-03 3.187990510580655801e-02 1.986251051384173467e-03
7.954655691277899218e-03 3.187990510580655801e-02 2.317292893281535423e-03
7.954655691277899218e-03 3.643417726377892046e-02 0.000000000000000000e+00
7.954655691277899218e-03 3.643417726377892046e-02 3.310418418973622265e-04
7.954655691277899218e-03 3.643417726377892046e-02 6.620836837947244530e-04
7.954655691277899218e-03 3.643417726377892046e-02 9.931255256920867337e-04
7.954655691277899218e-03 3.643417726377892046e-02 1.324167367589448906e-03
7.954655691277899218e-03 3.643417726377892046e-02 1.655209209486811078e-03
7.954655691277899218e-03 3.643417726377892046e-02 1.986251051384173467e-03
7.954655691277899218e-03 3.643417726377892046e-02 2.317292893281535423e-03
7.954655691277899218e-03 4.098844942175128292e-02 0.000000000000000000e+00
7.954655691277899218e-03 4.098844942175128292e-02 3.310418418973622265e-04
7.954655691277899218e-03 4.098844942175128292e-02 6.620836837947244530e-04
7.954655691277899218e-03 4.098844942175128292e-02 9.931255256920867337e-04
7.954655691277899218e-03 4.098844942175128292e-02 1.324167367589448906e-03
7.954655691277899218e-03 4.098844942175128292e-02 1.655209209486811078e-03
7.954655691277899218e-03 4.098844942175128292e-02 1.986251051384173467e-03
7.954655691277899218e-03 4.098844942175128292e-02 2.317292893281535423e-03
7.954655691277899218e-03 4.554272157972365231e-02 0.000000000000000000e+00
7.954655691277899218e-03 4.554272157972365231e-02 3.310418418973622265e-04
7.954655691277899218e-03 4.554272157972365231e-02 6.620836837947244530e-04
7.954655691277899218e-03 4.554272157972365231e-02 9.931255256920867337e-04
7.954655691277899218e-03 4.554272157972365231e-02 1.324167367589448906e-03
7.954655691277899218e-03 4.554272157972365231e-02 1.655209209486811078e-03
7.954655691277899218e-03 4.554272157972365231e-02 1.986251051384173467e-03
7.954655691277899218e-03 4.554272157972365231e-02 2.317292893281535423e-03
7.954655691277899218e-03 5.009699373769601477e-02 0.000000000000000000e+00
7.954655691277899218e-03 5.009699373769601477e-02 3.310418418973622265e-04
7.954655691277899218e-03 5.009699373769601477e-02 6.620836837947244530e-04
7.954655691277899218e-03 5.009699373769601477e-02 9.931255256920867337e-04
7.954655691277899218e-03 5.009699373769601477e-02 1.324167367589448906e-03
7.954655691277899218e-03 5.009699373769601477e-02 1.655209209486811078e-03
7.954655691277899218e-03 5.009699373769601477e-02 1.986251051384173467e-03
7.954655691277899218e-03 5.009699373769601477e-02 2.317292893281535423e-03
7.954655691277899218e-03 5.465126589566837723e-02 0.000000000000000000e+00
7.954655691277899218e-03 5.465126589566837723e-02 3.310418418973622265e-04
7.954655691277899218e-03 5.465126589566837723e-02 6.620836837947244530e-04
7.954655691277899218e-03 5.465126589566837723e-02 9.931255256920867337e-04
7.954655691277899218e-03 5.465126589566837723e-02 1.324167367589448906e-03
7.954655691277899218e-03 5.465126589566837723e-02 1.655209209486811078e-03
7.954655691277899218e-03 5.465126589566837723e-02 1.986251051384173467e-03
7.954655691277899218e-03 5.465126589566837723e-02 2.317292893281535423e-03
7.954655691277899218e-03 5.920553805364074662e-02 0.000000000000000000e+00
7.954655691277899218e-03 5.920553805364074662e-02 3.310418418973622265e-04
7.954655691277899218e-03 5.920553805364074662e-02 6.620836837947244530e-04
7.954655691277899218e-03 5.920553805364074662e-02 9.931255256920867337e-04
7.954655691277899218e-03 5.920553805364074662e-02 1.324167367589448906e-03
7.954655691277899218e-03 5.920553805364074662e-02 1.655209209486811078e-03
7.954655691277899218e-03 5.920553805364074662e-02 1.986251051384173467e-03
7.954655691277899218e-03 5.920553805364074662e-02 2.317292893281535423e-03
7.954655691277899218e-03 6.375981021161311602e-02 0.000000000000000000e+00
7.954655691277899218e-03 6.375981021161311602e-02 3.310418418973622265e-04
7.954655691277899218e-03 6.375981021161311602e-02 6.620836837947244530e-04
7.954655691277899218e-03 6.375981021161311602e-02 9.931255256920867337e-04
7.954655691277899218e-03 6.375981021161311602e-02 1.324167367589448906e-03
7.954655691277899218e-03 6.375981021161311602e-02 1.655209209486811078e-03
7.954655691277899218e-03 6.375981021161311602e-02 1.986251051384173467e-03
7.954655691277899218e-03 6.375981021161311602e-02 2.317292893281535423e-03
9.943319614097374456e-03 0.000000000000000000e+00 0.000000000000000000e+00
9.943319614097374456e-03 0.000000000000000000e+00 3.310418418973622265e-04
9.943319614097374456e-03 0.000000000000000000e+00 6.620836837947244530e-04
9.943319614097374456e-03 0.000000000000000000e+00 9.931255256920867337e-04
9.943319614097374456e-03 0.000000000000000000e+00 1.324167367589448906e-03
9.943319614097374456e-03 0.000000000000000000e+00 1.655209209486811078e-03
9.943319614097374456e-03 0.000000000000000000e+00 1.986251051384173467e-03
9.943319614097374456e-03 0.000000000000000000e+00 2.317292893281535423e-03
9.943319614097374456e-03 4.554272157972365058e-03 0.000000000000000000e+00
9.943319614097374456e-03 4.554272157972365058e-03 3.310418418973622265e-04
9.943319614097374456e-03 4.554272157972365058e-03 6.620836837947244530e-04
9.943319614097374456e-03 4.554272157972365058e-03 9.931255256920867337e-04
9.943319614097374456e-03 4.554272157972365058e-03 1.324167367589448906e-03
9.943319614097374456e-03 4.554272157972365058e-03 1.655209209486811078e-03
9.943319614097374456e-03 4.554272157972365058e-03 1.986251051384173467e-03
9.943319614097374456e-03 4.554272157972365058e-03 2.317292893281535423e-03
9.943319614097374456e-03 9.108544315944730116e-03 0.000000000000000000e+00
9.943319614097374456e-03 9.108544315944730116e-03 3.310418418973622265e-04
9.943319614097374456e-03 9.108544315944730116e-03 6.620836837947244530e-04
9.943319614097374456e-03 9.108544315944730116e-03 9.931255256920867337e-04
9.943319614097374456e-03 9.108544315944730116e-03 1.324167367589448906e-03
9.943319614097374456e-03 9.108544315944730116e-03 1.655209209486811078e-03
9.943319614097374456e-03 9.108544315944730116e-03 1.986251051384173467e-03
9.943319614097374456e-03 9.108544315944730116e-03 2.317292893281535423e-03
9.943319614097374456e-03 1.366281647391709431e-02 0.000000000000000000e+00
9.943319614097374456e-03 1.366281647391709431e-02 3.310418418973622265e-04
9.943319614097374456e-03 1.366281647391709431e-02 6.620836837947244530e-04
9.943319614097374456e-03 1.366281647391709431e-02 9.931255256920867337e-04
9.943319614097374456e-03 1.366281647391709431e-02 1.324167367589448906e-03
9.943319614097374456e-03 1.366281647391709431e-02 1.655209209486811078e-03
9.943319614097374456e-03 1.366281647391709431e-02 1.986251051384173467e-03
9.943319614097374456e-03 1.366281647391709431e-02 2.317292893281535423e-03
9.943319614097374456e-03 1.821708863188946023e-02 0.000000000000000000e+00
9.943319614097374456e-03 1.821708863188946023e-02 3.310418418973622265e-04
9.943319614097374456e-03 1.821708863188946023e-02 6.620836837947244530e-04
9.943319614097374456e-03 1.821708863188946023e-02 9.931255256920867337e-04
9.943319614097374456e-03 1.821708863188946023e-02 1.324167367589448906e-03
9.943319614097374456e-03 1.821708863188946023e-02 1.655209209486811078e-03
9.943319614097374456e-03 1.821708863188946023e-02 1.986251051384173467e-03
9.943319614097374456e-03 1.821708863188946023e-02 2.317292893281535423e-03
9.943319614097374456e-03 2.277136078986182616e-02 0.000000000000000000e+00
9.943319614097374456e-03 2.277136078986182616e-02 3.310418418973622265e-04
9.943319614097374456e-03 2.277136078986182616e-02 6.620836837947244530e-04
9.943319614097374456e-03 2.277136078986182616e-02 9.931255256920867337e-04
9.943319614097374456e-03 2.277136078986182616e-02 1.324167367589448906e-03
9.943319614097374456e-03 2.277136078986182616e-02 1.655209209486811078e-03
9.943319614097374456e-03 2.277136078986182616e-02 1.986251051384173467e-03
9.943319614097374456e-03 2.277136078986182616e-02 2.317292893281535423e-03
9.943319614097374456e-03 2.732563294783418861e-02 0.000000000000000000e+00
9.943319614097374456e-03 2.732563294783418861e-02 3.310418418973622265e-04
9.943319614097374456e-03 2.732563294783418861e-02 6.620836837947244530e-04
9.943319614097374456e-03 2.732563294783418861e-02 9.931255256920867337e-04
9.943319614097374456e-03 2.732563294783418861e-02 1.324167367589448906e-03
9.943319614097374456e-03 2.732563294783418861e-02 1.655209209486811078e-03
9.943319614097374456e-03 2.732563294783418861e-02 1.986251051384173467e-03
9.943319614097374456e-03 2.732563294783418861e-02 2.317292893281535423e-03
9.943319614097374456e-03 3.187990510580655801e-02 0.000000000000000000e+00
9.943319614097374456e-03 3.187990510580655801e-02 3.310418418973622265e-04
9.943319614097374456e-03 3.187990510580655801e-02 6.620836837947244530e-04
9.943319614097374456e-03 3.187990510580655801e-02 9.931255256920867337e-04
9.943319614097374456e-03 3.187990510580655801e-02 1.324167367589448906e-03
9.943319614097374456e-03 3.187990510580655801e-02 1.655209209486811078e-03
9.943319614097374456e-03 3.187990510580655801e-02 1.986251051384173467e-03
9.943319614097374456e-03 3.187990510580655801e-02 2.317292893281535423e-03
9.943319614097374456e-03 3.643417726377892046e-02 0.000000000000000000e+00
9.943319614097374456e-03 3.643417726377892046e-02 3.310418418973622265e-04
9.943319614097374456e-03 3.643417726377892046e-02 6.620836837947244530e-04
9.943319614097374456e-03 3.643417726377892046e-02 9.931255256920867337e-04
9.943319614097374456e-03 3.643417726377892046e-02 1.324167367589448906e-03
9.943319614097374456e-03 3.643417726377892046e-02 1.655209209486811078e-03
9.943319614097374456e-03 3.643417726377892046e-02 1.986251051384173467e-03
9.943319614097374456e-03 3.643417726377892046e-02 2.317292893281535423e-03
9.943319614097374456e-03 4.098844942175128292e-02 0.000000000000000000e+00
9.943319614097374456e-03 4.098844942175128292e-02 3.310418418973622265e-04
9.943319614097374456e-03 4.098844942175128292e-02 6.620836837947244530e-04
9.943319614097374456e-03 4.098844942175128292e-02 9.931255256920867337e-04
9.943319614097374456e-03 4.098844942175128292e-02 1.324167367589448906e-03
9.943319614097374456e-03 4.098844942175128292e-02 1.655209209486811078e-03
9.943319614097374456e-03 4.098844942175128292e-02 1.986251051384173467e-03
9.943319614097374456e-03 4.098844942175128292e-02 2.317292893281535423e-03
9.943319614097374456e-03 4.554272157972365231e-02 0.000000000000000000e+00
9.943319614097374456e-03 4.554272157972365231e-02 3.310418418973622265e-04
9.943319614097374456e-03 4.554272157972365231e-02 6.620836837947244530e-04
9.943319614097374456e-03 4.554272157972365231e-02 9.931255256920867337e-04
9.943319614097374456e-03 4.554272157972365231e-02 1.324167367589448906e-03
9.943319614097374456e-03 4.554272157972365231e-02 1.655209209486811078e-03
9.943319614097374456e-03 4.554272157972365231e-02 1.986251051384173467e-03
9.943319614097374456e-03 4.554272157972365231e-02 2.317292893281535423e-03
9.943319614097374456e-03 5.009699373769601477e-02 0.000000000000000000e+00
9.943319614097374456e-03 5.009699373769601477e-02 3.310418418973622265e-04
9.943319614097374456e-03 5.009699373769601477e-02 6.620836837947244530e-04
9.943319614097374456e-03 5.009699373769601477e-02 9.931255256920867337e-04
9.943319614097374456e-03 5.009699373769601477e-02 1.324167367589448906e-03
9.943319614097374456e-03 5.009699373769601477e-02 1.655209209486811078e-03
9.943319614097374456e-03 5.009699373769601477e-02 1.986251051384173467e-03
9.943319614097374456e-03 5.009699373769601477e-02 2.317292893281535423e-03
9.943319614097374456e-03 5.465126589566837723e-02 0.000000000000000000e+00
9.943319614097374456e-03 5.465126589566837723e-02 3.310418418973622265e-04
9.943319614097374456e-03 5.465126589566837723e-02 6.620836837947244530e-04
9.943319614097374456e-03 5.465126589566837723e-02 9.931255256920867337e-04
9.943319614097374456e-03 5.465126589566837723e-02 1.324167367589448906e-03
9.943319614097374456e-03 5.465126589566837723e-02 1.655209209486811078e-03
9.943319614097374456e-03 5.465126589566837723e-02 1.986251051384173467e-03
9.943319614097374456e-03 5.465126589566837723e-02 2.317292893281535423e-03
9.943319614097374456e-03 5.920553805364074662e-02 0.000000000000000000e+00
9.943319614097374456e-03 5.920553805364074662e-02 3.310418418973622265e-04
9.943319614097374456e-03 5.920553805364074662e-02 6.620836837947244530e-04
9.943319614097374456e-03 5.920553805364074662e-02 9.931255256920867337e-04
9.943319614097374456e-03 5.920553805364074662e-02 1.324167367589448906e-03
9.943319614097374456e-03 5.920553805364074662e-02 1.655209209486811078e-03
9.943319614097374456e-03 5.920553805364074662e-02 1.986251051384173467e-03
9.943319614097374456e-03 5.920553805364074662e-02 2.317292893281535423e-03
9.943319614097374456e-03 6.375981021161311602e-02 0.000000000000000000e+00
9.943319614097374456e-03 6.375981021161311602e-02 3.310418418973622265e-04
9.943319614097374456e-03 6.375981021161311602e-02 6.620836837947244530e-04
9.943319614097374456e-03 6.375981021161311602e-02 9.931255256920867337e-04
9.943319614097374456e-03 6.375981021161311602e-02 1.324167367589448906e-03
9.943319614097374456e-03 6.375981021161311602e-02 1.655209209486811078e-03
9.943319614097374456e-03 6.375981021161311602e-02 1.986251051384173467e-03
9.943319614097374456e-03 6.375981021161311602e-02 2.317292893281535423e-03
1.193198353691684796e-02 0.000000000000000000e+00 0.000000000000000000e+00
1.193198353691684796e-02 0.000000000000000000e+00 3.310418418973622265e-04
1.193198353691684796e-02 0.000000000000000000e+00 6.620836837947244530e-04
1.193198353691684796e-02 0.000000000000000000e+00 9.931255256920867337e-04
1.193198353691684796e-02 0.000000000000000000e+00 1.324167367589448906e-03
1.193198353691684796e-02 0.000000000000000000e+00 1.655209209486811078e-03
1.193198353691684796e-02 0.000000000000000000e+00 1.986251051384173467e-03
1.193198353691684796e-02 0.000000000000000000e+00 2.317292893281535423e-03
1.193198353691684796e-02 4.554272157972365058e-03 0.000000000000000000e+00
1.193198353691684796e-02 4.554272157972365058e-03 3.310418418973622265e-04
1.193198353691684796e-02 4.554272157972365058e-03 6.620836837947244530e-04
1.193198353691684796e-02 4.554272157972365058e-03 9.931255256920867337e-04
1.193198353691684796e-02 4.554272157972365058e-03 1.324167367589448906e-03
1.193198353691684796e-02 4.554272157972365058e-03 1.655209209486811078e-03
1.193198353691684796e-02 4.554272157972365058e-03 1.986251051384173467e-03
1.193198353691684796e-02 4.554272157972365058e-03 2.317292893281535423e-03
1.193198353691684796e-02 9.108544315944730116e-03 0.000000000000000000e+00
1.193198353691684796e-02 9.108544315944730116e-03 3.310418418973622265e-04
1.193198353691684796e-02 9.108544315944730116e-03 6.620836837947244530e-04
1.193198353691684796e-02 9.108544315944730116e-03 9.931255256920867337e-04
1.193198353691684796e-02 9.108544315944730116e-03 1.324167367589448906e-03
1.193198353691684796e-02 9.108544315944730116e-03 1.655209209486811078e-03
1.193198353691684796e-02 9.108544315944730116e-03 1.986251051384173467e-03
1.193198353691684796e-02 9.108544315944730116e-03 2.317292893281535423e-03
1.193198353691684796e-02 1.366281647391709431e-02 0.000000000000000000e+00
1.193198353691684796e-02 1.366281647391709431e-02 3.310418418973622265e-04
1.193198353691684796e-02 1.366281647391709431e-02 6.620836837947244530e-04
1.193198353691684796e-02 1.366281647391709431e-02 9.931255256920867337e-04
1.193198353691684796e-02 1.366281647391709431e-02 1.324167367589448906e-03
1.193198353691684796e-02 1.366281647391709431e-02 1.655209209486811078e-03
1.193198353691684796e-02 1.366281647391709431e-02 1.986251051384173467e-03
1.193198353691684796e-02 1.366281647391709431e-02 2.317292893281535423e-03
1.193198353691684796e-02 1.821708863188946023e-02 0.000000000000000000e+00
1.193198353691684796e-02 1.821708863188946023e-02 3.310418418973622265e-04
1.193198353691684796e-02 1.821708863188946023e-02 6.620836837947244530e-04
1.193198353691684796e-02 1.821708863188946023e-02 9.931255256920867337e-04
1.193198353691684796e-02 1.821708863188946023e-02 1.324167367589448906e-03
1.193198353691684796e-02 1.821708863188946023e-02 1.655209209486811078e-03
1.193198353691684796e-02 1.821708863188946023e-02 1.986251051384173467e-03
1.193198353691684796e-02 1.821708863188946023e-02 2.317292893281535423e-03
1.193198353691684796e-02 2.277136078986182616e-02 0.000000000000000000e+00
1.193198353691684796e-02 2.277136078986182616e-02 3.310418418973622265e-04
1.193198353691684796e-02 2.277136078986182616e-02 6.620836837947244530e-04
1.193198353691684796e-02 2.277136078986182616e-02 9.931255256920867337e-04
1.193198353691684796e-02 2.277136078986182616e-02 1.324167367589448906e-03
1.193198353691684796e-02 2.277136078986182616e-02 1.655209209486811078e-03
1.193198353691684796e-02 2.277136078986182616e-02 1.986251051384173467e-03
1.193198353691684796e-02 2.277136078986182616e-02 2.317292893281535423e-03
1.193198353691684796e-02 2.732563294783418861e-02 0.000000000000000000e+00
1.193198353691684796e-02 2.732563294783418861e-02 3.310418418973622265e-04
1.193198353691684796e-02 2.732563294783418861e-02 6.620836837947244530e-04
1.193198353691684796e-02 2.732563294783418861e-02 9.931255256920867337e-04
1.193198353691684796e-02 2.732563294783418861e-02 1.324167367589448906e-03
1.193198353691684796e-02 2.732563294783418861e-02 1.655209209486811078e-03
1.193198353691684796e-02 2.732563294783418861e-02 1.986251051384173467e-03
1.193198353691684796e-02 2.732563294783418861e-02 2.317292893281535423e-03
1.193198353691684796e-02 3.187990510580655801e-02 0.000000000000000000e+00
1.193198353691684796e-02 3.187990510580655801e-02 3.310418418973622265e-04
1.193198353691684796e-02 3.187990510580655801e-02 6.620836837947244530e-04
1.193198353691684796e-02 3.187990510580655801e-02 9.931255256920867337e-04
1.193198353691684796e-02 3.187990510580655801e-02 1.324167367589448906e-03
1.193198353691684796e-02 3.187990510580655801e-02 1.655209209486811078e-03
1.193198353691684796e-02 3.187990510580655801e-02 1.986251051384173467e-03
1.193198353691684796e-02 3.187990510580655801e-02 2.317292893281535423e-03
1.193198353691684796e-02 3.643417726377892046e-02 0.000000000000000000e+00
1.193198353691684796e-02 3.643417726377892046e-02 3.310418418973622265e-04
1.193198353691684796e-02 3.643417726377892046e-02 6.620836837947244530e-04
1.193198353691684796e-02 3.643417726377892046e-02 9.931255256920867337e-04
1.193198353691684796e-02 3.643417726377892046e-02 1.324167367589448906e-03
1.193198353691684796e-02 3.643417726377892046e-02 1.655209209486811078e-03
1.193198353691684796e-02 3.643417726377892046e-02 1.986251051384173467e-03
1.193198353691684796e-02 3.643417726377892046e-02 2.317292893281535423e-03
1.193198353691684796e-02 4.098844942175128292e-02 0.000000000000000000e+00
1.193198353691684796e-02 4.098844942175128292e-02 3.310418418973622265e-04
1.193198353691684796e-02 4.098844942175128292e-02 6.620836837947244530e-04
1.193198353691684796e-02 4.098844942175128292e-02 9.931255256920867337e-04
1.193198353691684796e-02 4.098844942175128292e-02 1.324167367589448906e-03
1.193198353691684796e-02 4.098844942175128292e-02 1.655209209486811078e-03
1.193198353691684796e-02 4.098844942175128292e-02 1.986251051384173467e-03
1.193198353691684796e-02 4.098844942175128292e-02 2.317292893281535423e-03
1.193198353691684796e-02 4.554272157972365231e-02 0.000000000000000000e+00
1.193198353691684796e-02 4.554272157972365231e-02 3.310418418973622265e-04
1.193198353691684796e-02 4.554272157972365231e-02 6.620836837947244530e-04
1.193198353691684796e-02 4.554272157972365231e-02 9.931255256920867337e-04
1.193198353691684796e-02 4.554272157972365231e-02 1.324167367589448906e-03
1.193198353691684796e-02 4.554272157972365231e-02 1.655209209486811078e-03
1.193198353691684796e-02 4.554272157972365231e-02 1.986251051384173467e-03
1.193198353691684796e-02 4.554272157972365231e-02 2.317292893281535423e-03
1.193198353691684796e-02 5.009699373769601477e-02 0.000000000000000000e+00
1.193198353691684796e-02 5.009699373769601477e-02 3.310418418973622265e-04
1.193198353691684796e-02 5.009699373769601477e-02 6.620836837947244530e-04
1.193198353691684796e-02 5.009699373769601477e-02 9.931255256920867337e-04
1.193198353691684796e-02 5.009699373769601477e-02 1.324167367589448906e-03
1.193198353691684796e-02 5.009699373769601477e-02 1.655209209486811078e-03
1.193198353691684796e-02 5.009699373769601477e-02 1.986251051384173467e-03
1.193198353691684796e-02 5.009699373769601477e-02 2.317292893281535423e-03
1.193198353691684796e-02 5.465126589566837723e-02 0.000000000000000000e+00
1.193198353691684796e-02 5.465126589566837723e-02 3.310418418973622265e-04
1.193198353691684796e-02 5.465126589566837723e-02 6.620836837947244530e-04
1.193198353691684796e-02 5.465126589566837723e-02 9.931255256920867337e-04
1.193198353691684796e-02 5.465126589566837723e-02 1.324167367589448906e-03
1.193198353691684796e-02 5.465126589566837723e-02 1.655209209486811078e-03
1.193198353691684796e-02 5.465126589566837723e-02 1.986251051384173467e-03
1.193198353691684796e-02 5.465126589566837723e-02 2.317292893281535423e-03
1.193198353691684796e-02 5.920553805364074662e-02 0.000000000000000000e+00
1.193198353691684796e-02 5.920553805364074662e-02 3.310418418973622265e-04
1.193198353691684796e-02 5.920553805364074662e-02 6.620836837947244530e-04
1.193198353691684796e-02 5.920553805364074662e-02 9.931255256920867337e-04
1.193198353691684796e-02 5.920553805364074662e-02 1.324167367589448906e-03
1.193198353691684796e-02 5.920553805364074662e-02 1.655209209486811078e-03
1.193198353691684796e-02 5.920553805364074662e-02 1.986251051384173467e-03
1.193198353691684796e-02 5.920553805364074662e-02 2.317292893281535423e-03
1.193198353691684796e-02 6.375981021161311602e-02 0.000000000000000000e+00
1.193198353691684796e-02 6.375981021161311602e-02 3.310418418973622265e-04
1.193198353691684796e-02 6.375981021161311602e-02 6.620836837947244530e-04
1.193198353691684796e-02 6.375981021161311602e-02 9.931255256920867337e-04
1.193198353691684796e-02 6.375981021161311602e-02 1.324167367589448906e-03
1.193198353691684796e-02 6.375981021161311602e-02 1.655209209486811078e-03
1.193198353691684796e-02 6.375981021161311602e-02 1.986251051384173467e-03
1.193198353691684796e-02 6.375981021161311602e-02 2.317292893281535423e-03
1.392064745973632320e-02 0.000000000000000000e+00 0.000000000000000000e+00
1.392064745973632320e-02 0.000000000000000000e+00 3.310418418973622265e-04
1.392064745973632320e-02 0.000000000000000000e+00 6.620836837947244530e-04
1.392064745973632320e-02 0.000000000000000000e+00 9.931255256920867337e-04
1.392064745973632320e-02 0.000000000000000000e+00 1.324167367589448906e-03
1.392064745973632320e-02 0.000000000000000000e+00 1.655209209486811078e-03
1.392064745973632320e-02 0.000000000000000000e+00 1.986251051384173467e-03
1.392064745973632320e-02 0.000000000000000000e+00 2.317292893281535423e-03
1.392064745973632320e-02 4.554272157972365058e-03 0.000000000000000000e+00
1.392064745973632320e-02 4.554272157972365058e-03 3.310418418973622265e-04
1.392064745973632320e-02 4.554272157972365058e-03 6.620836837947244530e-04
1.392064745973632320e-02 4.554272157972365058e-03 9.931255256920867337e-04
1.392064745973632320e-02 4.554272157972365058e-03 1.324167367589448906e-03
1.392064745973632320e-02 4.554272157972365058e-03 1.655209209486811078e-03
1.392064745973632320e-02 4.554272157972365058e-03 1.986251051384173467e-03
1.392064745973632320e-02 4.554272157972365058e-03 2.317292893281535423e-03
1.392064745973632320e-02 9.108544315944730116e-03 0.000000000000000000e+00
1.392064745973632320e-02 9.108544315944730116e-03 3.310418418973622265e-04
1.392064745973632320e-02 9.108544315944730116e-03 6.620836837947244530e-04
1.392064745973632320e-02 9.108544315944730116e-03 9.931255256920867337e-04
1.392064745973632320e-02 9.108544315944730116e-03 1.324167367589448906e-03
1.392064745973632320e-02 9.108544315944730116e-03 1.655209209486811078e-03
1.392064745973632320e-02 9.108544315944730116e-03 1.986251051384173467e-03
1.392064745973632320e-02 9.108544315944730116e-03 2.317292893281535423e-03
1.392064745973632320e-02 1.366281647391709431e-02 0.000000000000000000e+00
1.392064745973632320e-02 1.366281647391709431e-02 3.310418418973622265e-04
1.392064745973632320e-02 1.366281647391709431e-02 6.620836837947244530e-04
1.392064745973632320e-02 1.366281647391709431e-02 9.931255256920867337e-04
1.392064745973632320e-02 1.366281647391709431e-02 1.324167367589448906e-03
1.392064745973632320e-02 1.366281647391709431e-02 1.655209209486811078e-03
1.392064745973632320e-02 1.366281647391709431e-02 1.986251051384173467e-03
1.392064745973632320e-02 1.366281647391709431e-02 2.317292893281535423e-03
1.392064745973632320e-02 1.821708863188946023e-02 0.000000000000000000e+00
1.392064745973632320e-02 1.821708863188946023e-02 3.310418418973622265e-04
1.392064745973632320e-02 1.821708863188946023e-02 6.620836837947244530e-04
1.392064745973632320e-02 1.821708863188946023e-02 9.931255256920867337e-04
1.392064745973632320e-02 1.821708863188946023e-02 1.324167367589448906e-03
1.392064745973632320e-02 1.821708863188946023e-02 1.655209209486811078e-03
1.392064745973632320e-02 1.821708863188946023e-02 1.986251051384173467e-03
1.392064745973632320e-02 1.821708863188946023e-02 2.317292893281535423e-03
1.392064745973632320e-02 2.277136078986182616e-02 0.000000000000000000e+00
1.392064745973632320e-02 2.277136078986182616e-02 3.310418418973622265e-04
1.392064745973632320e-02 2.277136078986182616e-02 6.620836837947244530e-04
1.392064745973632320e-02 2.277136078986182616e-02 9.931255256920867337e-04
1.392064745973632320e-02 2.277136078986182616e-02 1.324167367589448906e-03
1.392064745973632320e-02 2.277136078986182616e-02 1.655209209486811078e-03
1.392064745973632320e-02 2.277136078986182616e-02 1.986251051384173467e-03
1.392064745973632320e-02 2.277136078986182616e-02 2.317292893281535423e-03
1.392064745973632320e-02 2.732563294783418861e-02 0.000000000000000000e+00
1.392064745973632320e-02 2.732563294783418861e-02 3.310418418973622265e-04
1.392064745973632320e-02 2.732563294783418861e-02 6.620836837947244530e-04
1.392064745973632320e-02 2.732563294783418861e-02 9.931255256920867337e-04
1.392064745973632320e-02 2.732563294783418861e-02 1.324167367589448906e-03
1.392064745973632320e-02 2.732563294783418861e-02 1.655209209486811078e-03
1.392064745973632320e-02 2.732563294783418861e-02 1.986251051384173467e-03
1.392064745973632320e-02 2.732563294783418861e-02 2.317292893281535423e-03
1.392064745973632320e-02 3.187990510580655801e-02 0.000000000000000000e+00
1.392064745973632320e-02 3.187990510580655801e-02 3.310418418973622265e-04
1.392064745973632320e-02 3.187990510580655801e-02 6.620836837947244530e-04
1.392064745973632320e-02 3.187990510580655801e-02 9.931255256920867337e-04
1.392064745973632320e-02 3.187990510580655801e-02 1.324167367589448906e-03
1.392064745973632320e-02 3.187990510580655801e-02 1.655209209486811078e-03
1.392064745973632320e-02 3.187990510580655801e-02 1.986251051384173467e-03
1.392064745973632320e-02 3.187990510580655801e-02 2.317292893281535423e-03
1.392064745973632320e-02 3.643417726377892046e-02 0.000000000000000000e+00
1.392064745973632320e-02 3.643417726377892046e-02 3.310418418973622265e-04
1.392064745973632320e-02 3.643417726377892046e-02 6.620836837947244530e-04
1.392064745973632320e-02 3.643417726377892046e-02 9.931255256920867337e-04
1.392064745973632320e-02 3.643417726377892046e-02 1.324167367589448906e-03
1.392064745973632320e-02 3.643417726377892046e-02 1.655209209486811078e-03
1.392064745973632320e-02 3.643417726377892046e-02 1.986251051384173467e-03
1.392064745973632320e-02 3.643417726377892046e-02 2.317292893281535423e-03
1.392064745973632320e-02 4.098844942175128292e-02 0.000000000000000000e+00
1.392064745973632320e-02 4.098844942175128292e-02 3.310418418973622265e-04
1.392064745973632320e-02 4.098844942175128292e-02 6.620836837947244530e-04
1.392064745973632320e-02 4.098844942175128292e-02 9.931255256920867337e-04
1.392064745973632320e-02 4.098844942175128292e-02 1.324167367589448906e-03
1.392064745973632320e-02 4.098844942175128292e-02 1.655209209486811078e-03
1.392064745973632320e-02 4.098844942175128292e-02 1.986251051384173467e-03
1.392064745973632320e-02 4.098844942175128292e-02 2.317292893281535423e-03
1.392064745973632320e-02 4.554272157972365231e-02 0.000000000000000000e+00
1.392064745973632320e-02 4.554272157972365231e-02 3.310418418973622265e-04
1.392064745973632320e-02 4.554272157972365231e-02 6.620836837947244530e-04
1.392064745973632320e-02 4.554272157972365231e-02 9.931255256920867337e-04
1.392064745973632320e-02 4.554272157972365231e-02 1.324167367589448906e-03
1.392064745973632320e-02 4.554272157972365231e-02 1.655209209486811078e-03
1.392064745973632320e-02 4.554272157972365231e-02 1.986251051384173467e-03
1.392064745973632320e-02 4.554272157972365231e-02 2.317292893281535423e-03
1.392064745973632320e-02 5.009699373769601477e-02 0.000000000000000000e+00
1.392064745973632320e-02 5.009699373769601477e-02 3.310418418973622265e-04
1.392064745973632320e-02 5.009699373769601477e-02 6.620836837947244530e-04
1.392064745973632320e-02 5.009699373769601477e-02 9.931255256920867337e-04
1.392064745973632320e-02 5.009699373769601477e-02 1.324167367589448906e-03
1.392064745973632320e-02 5.009699373769601477e-02 1.655209209486811078e-03
1.392064745973632320e-02 5.009699373769601477e-02 1.986251051384173467e-03
1.392064745973632320e-02 5.009699373769601477e-02 2.317292893281535423e-03
1.392064745973632320e-02 5.465126589566837723e-02 0.000000000000000000e+00
1.392064745973632320e-02 5.465126589566837723e-02 3.310418418973622265e-04
1.392064745973632320e-02 5.465126589566837723e-02 6.620836837947244530e-04
1.392064745973632320e-02 5.465126589566837723e-02 9.931255256920867337e-04
1.392064745973632320e-02 5.465126589566837723e-02 1.324167367589448906e-03
1.392064745973632320e-02 5.465126589566837723e-02 1.655209209486811078e-03
1.392064745973632320e-02 5.465126589566837723e-02 1.986251051384173467e-03
1.392064745973632320e-02 5.465126589566837723e-02 2.317292893281535423e-03
1.392064745973632320e-02 5.920553805364074662e-02 0.000000000000000000e+00
1.392064745973632320e-02 5.920553805364074662e-02 3.310418418973622265e-04
1.392064745973632320e-02 5.920553805364074662e-02 6.620836837947244530e-04
1.392064745973632320e-02 5.920553805364074662e-02 9.931255256920867337e-04
1.392064745973632320e-02 5.920553805364074662e-02 1.324167367589448906e-03
1.392064745973632320e-02 5.920553805364074662e-02 1.655209209486811078e-03
1.392064745973632320e-02 5.920553805364074662e-02 1.986251051384173467e-03
1.392064745973632320e-02 5.920553805364074662e-02 2.317292893281535423e-03
1.392064745973632320e-02 6.375981021161311602e-02 0.000000000000000000e+00
1.392064745973632320e-02 6.375981021161311602e-02 3.310418418973622265e-04
1.392064745973632320e-02 6.375981021161311602e-02 6.620836837947244530e-04
1.392064745973632320e-02 6.375981021161311602e-02 9.931255256920867337e-04
1.392064745973632320e-02 6.375981021161311602e-02 1.324167367589448906e-03
1.392064745973632320e-02 6.375981021161311602e-02 1.655209209486811078e-03
1.392064745973632320e-02 6.375981021161311602e-02 1.986251051384173467e-03
1.392064745973632320e-02 6.375981021161311602e-02 2.317292893281535423e-03
1.590931138255579844e-02 0.000000000000000000e+00 0.000000000000000000e+00
1.590931138255579844e-02 0.000000000000000000e+00 3.310418418973622265e-04
1.590931138255579844e-02 0.000000000000000000e+00 6.620836837947244530e-04
1.590931138255579844e-02 0.000000000000000000e+00 9.931255256920867337e-04
1.590931138255579844e-02 0.000000000000000000e+00 1.324167367589448906e-03
1.590931138255579844e-02 0.000000000000000000e+00 1.655209209486811078e-03
1.590931138255579844e-02 0.000000000000000000e+00 1.986251051384173467e-03
1.590931138255579844e-02 0.000000000000000000e+00 2.317292893281535423e-03
1.590931138255579844e-02 4.554272157972365058e-03 0.000000000000000000e+00
1.590931138255579844e-02 4.554272157972365058e-03 3.310418418973622265e-04
1.590931138255579844e-02 4.554272157972365058e-03 6.620836837947244530e-04
1.590931138255579844e-02 4.554272157972365058e-03 9.931255256920867337e-04
1.590931138255579844e-02 4.554272157972365058e-03 1.324167367589448906e-03
1.590931138255579844e-02 4.554272157972365058e-03 1.655209209486811078e-03
1.590931138255579844e-02 4.554272157972365058e-03 1.986251051384173467e-03
1.590931138255579844e-02 4.554272157972365058e-03 2.317292893281535423e-03
1.590931138255579844e-02 9.108544315944730116e-03 0.000000000000000000e+00
1.590931138255579844e-02 9.108544315944730116e-03 3.310418418973622265e-04
1.590931138255579844e-02 9.108544315944730116e-03 6.620836837947244530e-04
1.590931138255579844e-02 9.108544315944730116e-03 9.931255256920867337e-04
1.590931138255579844e-02 9.108544315944730116e-03 1.324167367589448906e-03
1.590931138255579844e-02 9.108544315944730116e-03 1.655209209486811078e-03
1.590931138255579844e-02 9.108544315944730116e-03 1.986251051384173467e-03
1.590931138255579844e-02 9.108544315944730116e-03 2.317292893281535423e-03
1.590931138255579844e-02 1.366281647391709431e-02 0.000000000000000000e+00
1.590931138255579844e-02 1.366281647391709431e-02 3.310418418973622265e-04
1.590931138255579844e-02 1.366281647391709431e-02 6.620836837947244530e-04
1.590931138255579844e-02 1.366281647391709431e-02 9.931255256920867337e-04
1.590931138255579844e-02 1.366281647391709431e-02 1.324167367589448906e-03
1.590931138255579844e-02 1.366281647391709431e-02 1.655209209486811078e-03
1.590931138255579844e-02 1.366281647391709431e-02 1.986251051384173467e-03
1.590931138255579844e-02 1.366281647391709431e-02 2.317292893281535423e-03
1.590931138255579844e-02 1.821708863188946023e-02 0.000000000000000000e+00
1.590931138255579844e-02 1.821708863188946023e-02 3.310418418973622265e-04
1.590931138255579844e-02 1.821708863188946023e-02 6.620836837947244530e-04
1.590931138255579844e-02 1.821708863188946023e-02 9.931255256920867337e-04
1.590931138255579844e-02 1.821708863188946023e-02 1.324167367589448906e-03
1.590931138255579844e-02 1.821708863188946023e-02 1.655209209486811078e-03
1.590931138255579844e-02 1.821708863188946023e-02 1.986251051384173467e-03
1.590931138255579844e-02 1.821708863188946023e-02 2.317292893281535423e-03
1.590931138255579844e-02 2.277136078986182616e-02 0.000000000000000000e+00
1.590931138255579844e-02 2.277136078986182616e-02 3.310418418973622265e-04
1.590931138255579844e-02 2.277136078986182616e-02 6.620836837947244530e-04
1.590931138255579844e-02 2.277136078986182616e-02 9.931255256920867337e-04
1.590931138255579844e-02 2.277136078986182616e-02 1.324167367589448906e-03
1.590931138255579844e-02 2.277136078986182616e-02 1.655209209486811078e-03
1.590931138255579844e-02 2.277136078986182616e-02 1.986251051384173467e-03
1.590931138255579844e-02 2.277136078986182616e-02 2.317292893281535423e-03
1.590931138255579844e-02 2.732563294783418861e-02 0.000000000000000000e+00
1.590931138255579844e-02 2.732563294783418861e-02 3.310418418973622265e-04
1.590931138255579844e-02 2.732563294783418861e-02 6.620836837947244530e-04
1.590931138255579844e-02 2.732563294783418861e-02 9.931255256920867337e-04
1.590931138255579844e-02 2.732563294783418861e-02 1.324167367589448906e-03
1.590931138255579844e-02 2.732563294783418861e-02 1.655209209486811078e-03
1.590931138255579844e-02 2.732563294783418861e-02 1.986251051384173467e-03
1.590931138255579844e-02 2.732563294783418861e-02 2.317292893281535423e-03
1.590931138255579844e-02 3.187990510580655801e-02 0.000000000000000000e+00
1.590931138255579844e-02 3.187990510580655801e-02 3.310418418973622265e-04
1.590931138255579844e-02 3.187990510580655801e-02 6.620836837947244530e-04
1.590931138255579844e-02 3.187990510580655801e-02 9.931255256920867337e-04
1.590931138255579844e-02 3.187990510580655801e-02 1.324167367589448906e-03
1.590931138255579844e-02 3.187990510580655801e-02 1.655209209486811078e-03
1.590931138255579844e-02 3.187990510580655801e-02 1.986251051384173467e-03
1.590931138255579844e-02 3.187990510580655801e-02 2.317292893281535423e-03
1.590931138255579844e-02 3.643417726377892046e-02 0.000000000000000000e+00
1.590931138255579844e-02 3.643417726377892046e-02 3.310418418973622265e-04
1.590931138255579844e-02 3.643417726377892046e-02 6.620836837947244530e-04
1.590931138255579844e-02 3.643417726377892046e-02 9.931255256920867337e-04
1.590931138255579844e-02 3.643417726377892046e-02 1.324167367589448906e-03
1.590931138255579844e-02 3.643417726377892046e-02 1.655209209486811078e-03
1.590931138255579844e-02 3.643417726377892046e-02 1.986251051384173467e-03
1.590931138255579844e-02 3.643417726377892046e-02 2.317292893281535423e-03
1.590931138255579844e-02 4.098844942175128292e-02 0.000000000000000000e+00
1.590931138255579844e-02 4.098844942175128292e-02 3.310418418973622265e-04
1.590931138255579844e-02 4.098844942175128292e-02 6.620836837947244530e-04
1.590931138255579844e-02 4.098844942175128292e-02 9.931255256920867337e-04
1.590931138255579844e-02 4.098844942175128292e-02 1.324167367589448906e-03
1.590931138255579844e-02 4.098844942175128292e-02 1.655209209486811078e-03
1.590931138255579844e-02 4.098844942175128292e-02 1.986251051384173467e-03
1.590931138255579844e-02 4.098844942175128292e-02 2.317292893281535423e-03
1.590931138255579844e-02 4.554272157972365231e-02 0.000000000000000000e+00
1.590931138255579844e-02 4.554272157972365231e-02 3.310418418973622265e-04
1.590931138255579844e-02 4.554272157972365231e-02 6.620836837947244530e-04
1.590931138255579844e-02 4.554272157972365231e-02 9.931255256920867337e-04
1.590931138255579844e-02 4.554272157972365231e-02 1.324167367589448906e-03
1.590931138255579844e-02 4.554272157972365231e-02 1.655209209486811078e-03
1.590931138255579844e-02 4.554272157972365231e-02 1.986251051384173467e-03
1.590931138255579844e-02 4.554272157972365231e-02 2.317292893281535423e-03
1.590931138255579844e-02 5.009699373769601477e-02 0.000000000000000000e+00
1.590931138255579844e-02 5.009699373769601477e-02 3.310418418973622265e-04
1.590931138255579844e-02 5.009699373769601477e-02 6.620836837947244530e-04
1.590931138255579844e-02 5.009699373769601477e-02 9.931255256920867337e-04
1.590931138255579844e-02 5.009699373769601477e-02 1.324167367589448906e-03
1.590931138255579844e-02 5.009699373769601477e-02 1.655209209486811078e-03
1.590931138255579844e-02 5.009699373769601477e-02 1.986251051384173467e-03
1.590931138255579844e-02 5.009699373769601477e-02 2.317292893281535423e-03
1.590931138255579844e-02 5.465126589566837723e-02 0.000000000000000000e+00
1.590931138255579844e-02 5.465126589566837723e-02 3.310418418973622265e-04
1.590931138255579844e-02 5.465126589566837723e-02 6.620836837947244530e-04
1.590931138255579844e-02 5.465126589566837723e-02 9.931255256920867337e-04
1.590931138255579844e-02 5.465126589566837723e-02 1.324167367589448906e-03
1.590931138255579844e-02 5.465126589566837723e-02 1.655209209486811078e-03
1.590931138255579844e-02 5.465126589566837723e-02 1.986251051384173467e-03
1.590931138255579844e-02 5.465126589566837723e-02 2.317292893281535423e-03
1.590931138255579844e-02 5.920553805364074662e-02 0.000000000000000000e+00
1.590931138255579844e-02 5.920553805364074662e-02 3.310418418973622265e-04
1.590931138255579844e-02 5.920553805364074662e-02 6.620836837947244530e-04
1.590931138255579844e-02 5.920553805364074662e-02 9.931255256920867337e-04
1.590931138255579844e-02 5.920553805364074662e-02 1.324167367589448906e-03
1.590931138255579844e-02 5.920553805364074662e-02 1.655209209486811078e-03
1.590931138255579844e-02 5.920553805364074662e-02 1.986251051384173467e-03
1.590931138255579844e-02 5.920553805364074662e-02 2.317292893281535423e-03
1.590931138255579844e-02 6.375981021161311602e-02 0.000000000000000000e+00
1.590931138255579844e-02 6.375981021161311602e-02 3.310418418973622265e-04
1.590931138255579844e-02 6.375981021161311602e-02 6.620836837947244530e-04
1.590931138255579844e-02 6.375981021161311602e-02 9.931255256920867337e-04
1.590931138255579844e-02 6.375981021161311602e-02 1.324167367589448906e-03
1.590931138255579844e-02 6.375981021161311602e-02 1.655209209486811078e-03
1.590931138255579844e-02 6.375981021161311602e-02 1.986251051384173467e-03
1.590931138255579844e-02 6.375981021161311602e-02 2.317292893281535423e-03
1.789797530537527367e-02 0.000000000000000000e+00 0.000000000000000000e+00
1.789797530537527367e-02 0.000000000000000000e+00 3.310418418973622265e-04
1.789797530537527367e-02 0.000000000000000000e+00 6.620836837947244530e-04
1.789797530537527367e-02 0.000000000000000000e+00 9.931255256920867337e-04
1.789797530537527367e-02 0.000000000000000000e+00 1.324167367589448906e-03
1.789797530537527367e-02 0.000000000000000000e+00 1.655209209486811078e-03
1.789797530537527367e-02 0.000000000000000000e+00 1.986251051384173467e-03
1.789797530537527367e-02 0.000000000000000000e+00 2.317292893281535423e-03
1.789797530537527367e-02 4.554272157972365058e-03 0.000000000000000000e+00
1.789797530537527367e-02 4.554272157972365058e-03 3.310418418973622265e-04
1.789797530537527367e-02 4.554272157972365058e-03 6.620836837947244530e-04
1.789797530537527367e-02 4.554272157972365058e-03 9.931255256920867337e-04
1.789797530537527367e-02 4.554272157972365058e-03 1.324167367589448906e-03
1.789797530537527367e-02 4.554272157972365058e-03 1.655209209486811078e-03
1.789797530537527367e-02 4.554272157972365058e-03 1.986251051384173467e-03
1.789797530537527367e-02 4.554272157972365058e-03 2.317292893281535423e-03
1.789797530537527367e-02 9.108544315944730116e-03 0.000000000000000000e+00
1.789797530537527367e-02 9.108544315944730116e-03 3.310418418973622265e-04
1.789797530537527367e-02 9.108544315944730116e-03 6.620836837947244530e-04
1.789797530537527367e-02 9.108544315944730116e-03 9.931255256920867337e-04
1.789797530537527367e-02 9.108544315944730116e-03 1.324167367589448906e-03
1.789797530537527367e-02 9.108544315944730116e-03 1.655209209486811078e-03
1.789797530537527367e-02 9.108544315944730116e-03 1.986251051384173467e-03
1.789797530537527367e-02 9.108544315944730116e-03 2.317292893281535423e-03
1.789797530537527367e-02 1.366281647391709431e-02 0.000000000000000000e+00
1.789797530537527367e-02 1.366281647391709431e-02 3.310418418973622265e-04
1.789797530537527367e-02 1.366281647391709431e-02 6.620836837947244530e-04
1.789797530537527367e-02 1.366281647391709431e-02 9.931255256920867337e-04
1.789797530537527367e-02 1.366281647391709431e-02 1.324167367589448906e-03
1.789797530537527367e-02 1.366281647391709431e-02 1.655209209486811078e-03
1.789797530537527367e-02 1.366281647391709431e-02 1.986251051384173467e-03
1.789797530537527367e-02 1.366281647391709431e-02 2.317292893281535423e-03
1.789797530537527367e-02 1.821708863188946023e-02 0.000000000000000000e+00
1.789797530537527367e-02 1.821708863188946023e-02 3.310418418973622265e-04
1.789797530537527367e-02 1.821708863188946023e-02 6.620836837947244530e-04
1.789797530537527367e-02 1.821708863188946023e-02 9.931255256920867337e-04
1.789797530537527367e-02 1.821708863188946023e-02 1.324167367589448906e-03
1.789797530537527367e-02 1.821708863188946023e-02 1.655209209486811078e-03
1.789797530537527367e-02 1.821708863188946023e-02 1.986251051384173467e-03
1.789797530537527367e-02 1.821708863188946023e-02 2.317292893281535423e-03
1.789797530537527367e-02 2.277136078986182616e-02 0.000000000000000000e+00
1.789797530537527367e-02 2.277136078986182616e-02 3.310418418973622265e-04
1.789797530537527367e-02 2.277136078986182616e-02 6.620836837947244530e-04
1.789797530537527367e-02 2.277136078986182616e-02 9.931255256920867337e-04
1.789797530537527367e-02 2.277136078986182616e-02 1.324167367589448906e-03
1.789797530537527367e-02 2.277136078986182616e-02 1.655209209486811078e-03
1.789797530537527367e-02 2.277136078986182616e-02 1.986251051384173467e-03
1.789797530537527367e-02 2.277136078986182616e-02 2.317292893281535423e-03
1.789797530537527367e-02 2.732563294783418861e-02 0.000000000000000000e+00
1.789797530537527367e-02 2.732563294783418861e-02 3.310418418973622265e-04
1.789797530537527367e-02 2.732563294783418861e-02 6.620836837947244530e-04
1.789797530537527367e-02 2.732563294783418861e-02 9.931255256920867337e-04
1.789797530537527367e-02 2.732563294783418861e-02 1.324167367589448906e-03
1.789797530537527367e-02 2.732563294783418861e-02 1.655209209486811078e-03
1.789797530537527367e-02 2.732563294783418861e-02 1.986251051384173467e-03
1.789797530537527367e-02 2.732563294783418861e-02 2.317292893281535423e-03
1.789797530537527367e-02 3.187990510580655801e-02 0.000000000000000000e+00
1.789797530537527367e-02 3.187990510580655801e-02 3.310418418973622265e-04
1.789797530537527367e-02 3.187990510580655801e-02 6.620836837947244530e-04
1.789797530537527367e-02 3.187990510580655801e-02 9.931255256920867337e-04
1.789797530537527367e-02 3.187990510580655801e-02 1.324167367589448906e-03
1.789797530537527367e-02 3.187990510580655801e-02 1.655209209486811078e-03
1.789797530537527367e-02 3.187990510580655801e-02 1.986251051384173467e-03
1.789797530537527367e-02 3.187990510580655801e-02 2.317292893281535423e-03
1.789797530537527367e-02 3.643417726377892046e-02 0.000000000000000000e+00
1.789797530537527367e-02 3.643417726377892046e-02 3.310418418973622265e-04
1.789797530537527367e-02 3.643417726377892046e-02 6.620836837947244530e-04
1.789797530537527367e-02 3.643417726377892046e-02 9.931255256920867337e-04
1.789797530537527367e-02 3.643417726377892046e-02 1.324167367589448906e-03
1.789797530537527367e-02 3.643417726377892046e-02 1.655209209486811078e-03
1.789797530537527367e-02 3.643417726377892046e-02 1.986251051384173467e-03
1.789797530537527367e-02 3.643417726377892046e-02 2.317292893281535423e-03
1.789797530537527367e-02 4.098844942175128292e-02 0.000000000000000000e+00
1.789797530537527367e-02 4.098844942175128292e-02 3.310418418973622265e-04
1.789797530537527367e-02 4.098844942175128292e-02 6.620836837947244530e-04
1.789797530537527367e-02 4.098844942175128292e-02 9.931255256920867337e-04
1.789797530537527367e-02 4.098844942175128292e-02 1.324167367589448906e-03
1.789797530537527367e-02 4.098844942175128292e-02 1.655209209486811078e-03
1.789797530537527367e-02 4.098844942175128292e-02 1.986251051384173467e-03
1.789797530537527367e-02 4.098844942175128292e-02 2.317292893281535423e-03
1.789797530537527367e-02 4.554272157972365231e-02 0.000000000000000000e+00
1.789797530537527367e-02 4.554272157972365231e-02 3.310418418973622265e-04
1.789797530537527367e-02 4.554272157972365231e-02 6.620836837947244530e-04
1.789797530537527367e-02 4.554272157972365231e-02 9.931255256920867337e-04
1.789797530537527367e-02 4.554272157972365231e-02 1.324167367589448906e-03
1.789797530537527367e-02 4.554272157972365231e-02 1.655209209486811078e-03
1.789797530537527367e-02 4.554272157972365231e-02 1.986251051384173467e-03
1.789797530537527367e-02 4.554272157972365231e-02 2.317292893281535423e-03
1.789797530537527367e-02 5.009699373769601477e-02 0.000000000000000000e+00
1.789797530537527367e-02 5.009699373769601477e-02 3.310418418973622265e-04
1.789797530537527367e-02 5.009699373769601477e-02 6.620836837947244530e-04
1.789797530537527367e-02 5.009699373769601477e-02 9.931255256920867337e-04
1.789797530537527367e-02 5.009699373769601477e-02 1.324167367589448906e-03
1.789797530537527367e-02 5.009699373769601477e-02 1.655209209486811078e-03
1.789797530537527367e-02 5.009699373769601477e-02 1.986251051384173467e-03
1.789797530537527367e-02 5.009699373769601477e-02 2.317292893281535423e-03
1.789797530537527367e-02 5.465126589566837723e-02 0.000000000000000000e+00
1.789797530537527367e-02 5.465126589566837723e-02 3.310418418973622265e-04
1.789797530537527367e-02 5.465126589566837723e-02 6.620836837947244530e-04
1.789797530537527367e-02 5.465126589566837723e-02 9.931255256920867337e-04
1.789797530537527367e-02 5.465126589566837723e-02 1.324167367589448906e-03
1.789797530537527367e-02 5.465126589566837723e-02 1.655209209486811078e-03
1.789797530537527367e-02 5.465126589566837723e-02 1.986251051384173467e-03
1.789797530537527367e-02 5.465126589566837723e-02 2.317292893281535423e-03
1.789797530537527367e-02 5.920553805364074662e-02 0.000000000000000000e+00
1.789797530537527367e-02 5.920553805364074662e-02 3.310418418973622265e-04
1.789797530537527367e-02 5.920553805364074662e-02 6.620836837947244530e-04
1.789797530537527367e-02 5.920553805364074662e-02 9.931255256920867337e-04
1.789797530537527367e-02 5.920553805364074662e-02 1.324167367589448906e-03
1.789797530537527367e-02 5.920553805364074662e-02 1.655209209486811078e-03
1.789797530537527367e-02 5.920553805364074662e-02 1.986251051384173467e-03
1.789797530537527367e-02 5.920553805364074662e-02 2.317292893281535423e-03
1.789797530537527367e-02 6.375981021161311602e-02 0.000000000000000000e+00
1.789797530537527367e-02 6.375981021161311602e-02 3.310418418973622265e-04
1.789797530537527367e-02 6.375981021161311602e-02 6.620836837947244530e-04
1.789797530537527367e-02 6.375981021161311602e-02 9.931255256920867337e-04
1.789797530537527367e-02 6.375981021161311602e-02 1.324167367589448906e-03
1.789797530537527367e-02 6.375981021161311602e-02 1.655209209486811078e-03
1.789797530537527367e-02 6.375981021161311602e-02 1.986251051384173467e-03
1.789797530537527367e-02 6.375981021161311602e-02 2.317292893281535423e-03
1.988663922819474891e-02 0.000000000000000000e+00 0.000000000000000000e+00
1.988663922819474891e-02 0.000000000000000000e+00 3.310418418973622265e-04
1.988663922819474891e-02 0.000000000000000000e+00 6.620836837947244530e-04
1.988663922819474891e-02 0.000000000000000000e+00 9.931255256920867337e-04
1.988663922819474891e-02 0.000000000000000000e+00 1.324167367589448906e-03
1.988663922819474891e-02 0.000000000000000000e+00 1.655209209486811078e-03
1.988663922819474891e-02 0.000000000000000000e+00 1.986251051384173467e-03
1.988663922819474891e-02 0.000000000000000000e+00 2.317292893281535423e-03
1.988663922819474891e-02 4.554272157972365058e-03 0.000000000000000000e+00
1.988663922819474891e-02 4.554272157972365058e-03 3.310418418973622265e-04
1.988663922819474891e-02 4.554272157972365058e-03 6.620836837947244530e-04
1.988663922819474891e-02 4.554272157972365058e-03 9.931255256920867337e-04
1.988663922819474891e-02 4.554272157972365058e-03 1.324167367589448906e-03
1.988663922819474891e-02 4.554272157972365058e-03 1.655209209486811078e-03
1.988663922819474891e-02 4.554272157972365058e-03 1.986251051384173467e-03
1.988663922819474891e-02 4.554272157972365058e-03 2.317292893281535423e-03
1.988663922819474891e-02 9.108544315944730116e-03 0.000000000000000000e+00
1.988663922819474891e-02 9.108544315944730116e-03 3.310418418973622265e-04
1.988663922819474891e-02 9.108544315944730116e-03 6.620836837947244530e-04
1.988663922819474891e-02 9.108544315944730116e-03 9.931255256920867337e-04
1.988663922819474891e-02 9.108544315944730116e-03 1.324167367589448906e-03
1.988663922819474891e-02 9.108544315944730116e-03 1.655209209486811078e-03
1.988663922819474891e-02 9.108544315944730116e-03 1.986251051384173467e-03
1.988663922819474891e-02 9.108544315944730116e-03 2.317292893281535423e-03
1.988663922819474891e-02 1.366281647391709431e-02 0.000000000000000000e+00
1.988663922819474891e-02 1.366281647391709431e-02 3.310418418973622265e-04
1.988663922819474891e-02 1.366281647391709431e-02 6.620836837947244530e-04
1.988663922819474891e-02 1.366281647391709431e-02 9.931255256920867337e-04
1.988663922819474891e-02 1.366281647391709431e-02 1.324167367589448906e-03
1.988663922819474891e-02 1.366281647391709431e-02 1.655209209486811078e-03
1.988663922819474891e-02 1.366281647391709431e-02 1.986251051384173467e-03
1.988663922819474891e-02 1.366281647391709431e-02 2.317292893281535423e-03
1.988663922819474891e-02 1.821708863188946023e-02 0.000000000000000000e+00
1.988663922819474891e-02 1.821708863188946023e-02 3.310418418973622265e-04
1.988663922819474891e-02 1.821708863188946023e-02 6.620836837947244530e-04
1.988663922819474891e-02 1.821708863188946023e-02 9.931255256920867337e-04
1.988663922819474891e-02 1.821708863188946023e-02 1.324167367589448906e-03
1.988663922819474891e-02 1.821708863188946023e-02 1.655209209486811078e-03
1.988663922819474891e-02 1.821708863188946023e-02 1.986251051384173467e-03
1.988663922819474891e-02 1.821708863188946023e-02 2.317292893281535423e-03
1.988663922819474891e-02 2.277136078986182616e-02 0.000000000000000000e+00
1.988663922819474891e-02 2.277136078986182616e-02 3.310418418973622265e-04
1.988663922819474891e-02 2.277136078986182616e-02 6.620836837947244530e-04
1.988663922819474891e-02 2.277136078986182616e-02 9.931255256920867337e-04
1.988663922819474891e-02 2.277136078986182616e-02 1.324167367589448906e-03
1.988663922819474891e-02 2.277136078986182616e-02 1.655209209486811078e-03
1.988663922819474891e-02 2.277136078986182616e-02 1.986251051384173467e-03
1.988663922819474891e-02 2.277136078986182616e-02 2.317292893281535423e-03
1.988663922819474891e-02 2.732563294783418861e-02 0.000000000000000000e+00
1.988663922819474891e-02 2.732563294783418861e-02 3.310418418973622265e-04
1.988663922819474891e-02 2.732563294783418861e-02 6.620836837947244530e-04
1.988663922819474891e-02 2.732563294783418861e-02 9.931255256920867337e-04
1.988663922819474891e-02 2.732563294783418861e-02 1.324167367589448906e-03
1.988663922819474891e-02 2.732563294783418861e-02 1.655209209486811078e-03
1.988663922819474891e-02 2.732563294783418861e-02 1.986251051384173467e-03
1.988663922819474891e-02 2.732563294783418861e-02 2.317292893281535423e-03
1.988663922819474891e-02 3.187990510580655801e-02 0.000000000000000000e+00
1.988663922819474891e-02 3.187990510580655801e-02 3.310418418973622265e-04
1.988663922819474891e-02 3.187990510580655801e-02 6.620836837947244530e-04
1.988663922819474891e-02 3.187990510580655801e-02 9.931255256920867337e-04
1.988663922819474891e-02 3.187990510580655801e-02 1.324167367589448906e-03
1.988663922819474891e-02 3.187990510580655801e-02 1.655209209486811078e-03
1.988663922819474891e-02 3.187990510580655801e-02 1.986251051384173467e-03
1.988663922819474891e-02 3.187990510580655801e-02 2.317292893281535423e-03
1.988663922819474891e-02 3.643417726377892046e-02 0.000000000000000000e+00
1.988663922819474891e-02 3.643417726377892046e-02 3.310418418973622265e-04
1.988663922819474891e-02 3.643417726377892046e-02 6.620836837947244530e-04
1.988663922819474891e-02 3.643417726377892046e-02 9.931255256920867337e-04
1.988663922819474891e-02 3.643417726377892046e-02 1.324167367589448906e-03
1.988663922819474891e-02 3.643417726377892046e-02 1.655209209486811078e-03
1.988663922819474891e-02 3.643417726377892046e-02 1.986251051384173467e-03
1.988663922819474891e-02 3.643417726377892046e-02 2.317292893281535423e-03
1.988663922819474891e-02 4.098844942175128292e-02 0.000000000000000000e+00
1.988663922819474891e-02 4.098844942175128292e-02 3.310418418973622265e-04
1.988663922819474891e-02 4.098844942175128292e-02 6.620836837947244530e-04
1.988663922819474891e-02 4.098844942175128292e-02 9.931255256920867337e-04
1.988663922819474891e-02 4.098844942175128292e-02 1.324167367589448906e-03
1.988663922819474891e-02 4.098844942175128292e-02 1.655209209486811078e-03
1.988663922819474891e-02 4.098844942175128292e-02 1.986251051384173467e-03
1.988663922819474891e-02 4.098844942175128292e-02 2.317292893281535423e-03
1.988663922819474891e-02 4.554272157972365231e-02 0.000000000000000000e+00
1.988663922819474891e-02 4.554272157972365231e-02 3.310418418973622265e-04
1.988663922819474891e-02 4.554272157972365231e-02 6.620836837947244530e-04
1.988663922819474891e-02 4.554272157972365231e-02 9.931255256920867337e-04
1.988663922819474891e-02 4.554272157972365231e-02 1.324167367589448906e-03
1.988663922819474891e-02 4.554272157972365231e-02 1.655209209486811078e-03
1.988663922819474891e-02 4.554272157972365231e-02 1.986251051384173467e-03
1.988663922819474891e-02 4.554272157972365231e-02 2.317292893281535423e-03
1.988663922819474891e-02 5.009699373769601477e-02 0.000000000000000000e+00
1.988663922819474891e-02 5.009699373769601477e-02 3.310418418973622265e-04
1.988663922819474891e-02 5.009699373769601477e-02 6.620836837947244530e-04
1.988663922819474891e-02 5.009699373769601477e-02 9.931255256920867337e-04
1.988663922819474891e-02 5.009699373769601477e-02 1.324167367589448906e-03
1.988663922819474891e-02 5.009699373769601477e-02 1.655209209486811078e-03
1.988663922819474891e-02 5.009699373769601477e-02 1.986251051384173467e-03
1.988663922819474891e-02 5.009699373769601477e-02 2.317292893281535423e-03
1.988663922819474891e-02 5.465126589566837723e-02 0.000000000000000000e+00
1.988663922819474891e-02 5.465126589566837723e-02 3.310418418973622265e-04
1.988663922819474891e-02 5.465126589566837723e-02 6.620836837947244530e-04
1.988663922819474891e-02 5.465126589566837723e-02 9.931255256920867337e-04
1.988663922819474891e-02 5.465126589566837723e-02 1.324167367589448906e-03
1.988663922819474891e-02 5.465126589566837723e-02 1.655209209486811078e-03
1.988663922819474891e-02 5.465126589566837723e-02 1.986251051384173467e-03
1.988663922819474891e-02 5.465126589566837723e-02 2.317292893281535423e-03
1.988663922819474891e-02 5.920553805364074662e-02 0.000000000000000000e+00
1.988663922819474891e-02 5.920553805364074662e-02 3.310418418973622265e-04
1.988663922819474891e-02 5.920553805364074662e-02 6.620836837947244530e-04
1.988663922819474891e-02 5.920553805364074662e-02 9.931255256920867337e-04
1.988663922819474891e-02 5.920553805364074662e-02 1.324167367589448906e-03
1.988663922819474891e-02 5.920553805364074662e-02 1.655209209486811078e-03
1.988663922819474891e-02 5.920553805364074662e-02 1.986251051384173467e-03
1.988663922819474891e-02 5.920553805364074662e-02 2.317292893281535423e-03
1.988663922819474891e-02 6.375981021161311602e-02 0.000000000000000000e+00
1.988663922819474891e-02 6.375981021161311602e-02 3.310418418973622265e-04
1.988663922819474891e-02 6.375981021161311602e-02 6.620836837947244530e-04
1.988663922819474891e-02 6.375981021161311602e-02 9.931255256920867337e-04
1.988663922819474891e-02 6.375981021161311602e-02 1.324167367589448906e-03
1.988663922819474891e-02 6.375981021161311602e-02 1.655209209486811078e-03
1.988663922819474891e-02 6.375981021161311602e-02 1.986251051384173467e-03
1.988663922819474891e-02 6.375981021161311602e-02 2.317292893281535423e-03
2.187530315101422415e-02 0.000000000000000000e+00 0.000000000000000000e+00
2.187530315101422415e-02 0.000000000000000000e+00 3.310418418973622265e-04
2.187530315101422415e-02 0.000000000000000000e+00 6.620836837947244530e-04
2.187530315101422415e-02 0.000000000000000000e+00 9.931255256920867337e-04
2.187530315101422415e-02 0.000000000000000000e+00 1.324167367589448906e-03
2.187530315101422415e-02 0.000000000000000000e+00 1.655209209486811078e-03
2.187530315101422415e-02 0.000000000000000000e+00 1.986251051384173467e-03
2.187530315101422415e-02 0.000000000000000000e+00 2.317292893281535423e-03
2.187530315101422415e-02 4.554272157972365058e-03 0.000000000000000000e+00
2.187530315101422415e-02 4.554272157972365058e-03 3.310418418973622265e-04
2.187530315101422415e-02 4.554272157972365058e-03 6.620836837947244530e-04
2.187530315101422415e-02 4.554272157972365058e-03 9.931255256920867337e-04
2.187530315101422415e-02 4.554272157972365058e-03 1.324167367589448906e-03
2.187530315101422415e-02 4.554272157972365058e-03 1.655209209486811078e-03
2.187530315101422415e-02 4.554272157972365058e-03 1.986251051384173467e-03
2.187530315101422415e-02 4.554272157972365058e-03 2.317292893281535423e-03
2.187530315101422415e-02 9.108544315944730116e-03 0.000000000000000000e+00
2.187530315101422415e-02 9.108544315944730116e-03 3.310418418973622265e-04
2.187530315101422415e-02 9.108544315944730116e-03 6.620836837947244530e-04
2.187530315101422415e-02 9.108544315944730116e-03 9.931255256920867337e-04
2.187530315101422415e-02 9.108544315944730116e-03 1.324167367589448906e-03
2.187530315101422415e-02 9.108544315944730116e-03 1.655209209486811078e-03
2.187530315101422415e-02 9.108544315944730116e-03 1.986251051384173467e-03
2.187530315101422415e-02 9.108544315944730116e-03 2.317292893281535423e-03
2.187530315101422415e-02 1.366281647391709431e-02 0.000000000000000000e+00
2.187530315101422415e-02 1.366281647391709431e-02 3.310418418973622265e-04
2.187530315101422415e-02 1.366281647391709431e-02 6.620836837947244530e-04
2.187530315101422415e-02 1.366281647391709431e-02 9.931255256920867337e-04
2.187530315101422415e-02 1.366281647391709431e-02 1.324167367589448906e-03
2.187530315101422415e-02 1.366281647391709431e-02 1.655209209486811078e-03
2.187530315101422415e-02 1.366281647391709431e-02 1.986251051384173467e-03
2.187530315101422415e-02 1.366281647391709431e-02 2.317292893281535423e-03
2.187530315101422415e-02 1.821708863188946023e-02 0.000000000000000000e+00
2.187530315101422415e-02 1.821708863188946023e-02 3.310418418973622265e-04
2.187530315101422415e-02 1.821708863188946023e-02 6.620836837947244530e-04
2.187530315101422415e-02 1.821708863188946023e-02 9.931255256920867337e-04
2.187530315101422415e-02 1.821708863188946023e-02 1.324167367589448906e-03
2.187530315101422415e-02 1.821708863188946023e-02 1.655209209486811078e-03
2.187530315101422415e-02 1.821708863188946023e-02 1.986251051384173467e-03
2.187530315101422415e-02 1.821708863188946023e-02 2.317292893281535423e-03
2.187530315101422415e-02 2.277136078986182616e-02 0.000000000000000000e+00
2.187530315101422415e-02 2.277136078986182616e-02 3.310418418973622265e-04
2.187530315101422415e-02 2.277136078986182616e-02 6.620836837947244530e-04
2.187530315101422415e-02 2.277136078986182616e-02 9.931255256920867337e-04
2.187530315101422415e-02 2.277136078986182616e-02 1.324167367589448906e-03
2.187530315101422415e-02 2.277136078986182616e-02 1.655209209486811078e-03
2.187530315101422415e-02 2.277136078986182616e-02 1.986251051384173467e-03
2.187530315101422415e-02 2.277136078986182616e-02 2.317292893281535423e-03
2.187530315101422415e-02 2.732563294783418861e-02 0.000000000000000000e+00
2.187530315101422415e-02 2.732563294783418861e-02 3.310418418973622265e-04
2.187530315101422415e-02 2.732563294783418861e-02 6.620836837947244530e-04
2.187530315101422415e-02 2.732563294783418861e-02 9.931255256920867337e-04
2.187530315101422415e-02 2.732563294783418861e-02 1.324167367589448906e-03
2.187530315101422415e-02 2.732563294783418861e-02 1.655209209486811078e-03
2.187530315101422415e-02 2.732563294783418861e-02 1.986251051384173467e-03
2.187530315101422415e-02 2.732563294783418861e-02 2.317292893281535423e-03
2.187530315101422415e-02 3.187990510580655801e-02 0.000000000000000000e+00
2.187530315101422415e-02 3.187990510580655801e-02 3.310418418973622265e-04
2.187530315101422415e-02 3.187990510580655801e-02 6.620836837947244530e-04
2.187530315101422415e-02 3.187990510580655801e-02 9.931255256920867337e-04
2.187530315101422415e-02 3.187990510580655801e-02 1.324167367589448906e-03
2.187530315101422415e-02 3.187990510580655801e-02 1.655209209486811078e-03
2.187530315101422415e-02 3.187990510580655801e-02 1.986251051384173467e-03
2.187530315101422415e-02 3.187990510580655801e-02 2.317292893281535423e-03
2.187530315101422415e-02 3.643417726377892046e-02 0.000000000000000000e+00
2.187530315101422415e-02 3.643417726377892046e-02 3.310418418973622265e-04
2.187530315101422415e-02 3.643417726377892046e-02 6.620836837947244530e-04
2.187530315101422415e-02 3.643417726377892046e-02 9.931255256920867337e-04
2.187530315101422415e-02 3.643417726377892046e-02 1.324167367589448906e-03
2.187530315101422415e-02 3.643417726377892046e-02 1.655209209486811078e-03
2.187530315101422415e-02 3.643417726377892046e-02 1.986251051384173467e-03
2.187530315101422415e-02 3.643417726377892046e-02 2.317292893281535423e-03
2.187530315101422415e-02 4.098844942175128292e-02 0.000000000000000000e+00
2.187530315101422415e-02 4.098844942175128292e-02 3.310418418973622265e-04
2.187530315101422415e-02 4.098844942175128292e-02 6.620836837947244530e-04
2.187530315101422415e-02 4.098844942175128292e-02 9.931255256920867337e-04
2.187530315101422415e-02 4.098844942175128292e-02 1.324167367589448906e-03
2.187530315101422415e-02 4.098844942175128292e-02 1.655209209486811078e-03
2.187530315101422415e-02 4.098844942175128292e-02 1.986251051384173467e-03
2.187530315101422415e-02 4.098844942175128292e-02 2.317292893281535423e-03
2.187530315101422415e-02 4.554272157972365231e-02 0.000000000000000000e+00
2.187530315101422415e-02 4.554272157972365231e-02 3.310418418973622265e-04
2.187530315101422415e-02 4.554272157972365231e-02 6.620836837947244530e-04
2.187530315101422415e-02 4.554272157972365231e-02 9.931255256920867337e-04
2.187530315101422415e-02 4.554272157972365231e-02 1.324167367589448906e-03
2.187530315101422415e-02 4.554272157972365231e-02 1.655209209486811078e-03
2.187530315101422415e-02 4.554272157972365231e-02 1.986251051384173467e-03
2.187530315101422415e-02 4.554272157972365231e-02 2.317292893281535423e-03
2.187530315101422415e-02 5.009699373769601477e-02 0.000000000000000000e+00
2.187530315101422415e-02 5.009699373769601477e-02 3.310418418973622265e-04
2.187530315101422415e-02 5.009699373769601477e-02 6.620836837947244530e-04
2.187530315101422415e-02 5.009699373769601477e-02 9.931255256920867337e-04
2.187530315101422415e-02 5.009699373769601477e-02 1.324167367589448906e-03
2.187530315101422415e-02 5.009699373769601477e-02 1.655209209486811078e-03
2.187530315101422415e-02 5.009699373769601477e-02 1.986251051384173467e-03
2.187530315101422415e-02 5.009699373769601477e-02 2.317292893281535423e-03
2.187530315101422415e-02 5.465126589566837723e-02 0.000000000000000000e+00
2.187530315101422415e-02 5.465126589566837723e-02 3.310418418973622265e-04
2.187530315101422415e-02 5.465126589566837723e-02 6.620836837947244530e-04
2.187530315101422415e-02 5.465126589566837723e-02 9.931255256920867337e-04
2.187530315101422415e-02 5.465126589566837723e-02 1.324167367589448906e-03
2.187530315101422415e-02 5.465126589566837723e-02 1.655209209486811078e-03
2.187530315101422415e-02 5.465126589566837723e-02 1.986251051384173467e-03
2.187530315101422415e-02 5.465126589566837723e-02 2.317292893281535423e-03
2.187530315101422415e-02 5.920553805364074662e-02 0.000000000000000000e+00
2.187530315101422415e-02 5.920553805364074662e-02 3.310418418973622265e-04
2.187530315101422415e-02 5.920553805364074662e-02 6.620836837947244530e-04
2.187530315101422415e-02 5.920553805364074662e-02 9.931255256920867337e-04
2.187530315101422415e-02 5.920553805364074662e-02 1.324167367589448906e-03
2.187530315101422415e-02 5.920553805364074662e-02 1.655209209486811078e-03
2.187530315101422415e-02 5.920553805364074662e-02 1.986251051384173467e-03
2.187530315101422415e-02 5.920553805364074662e-02 2.317292893281535423e-03
2.187530315101422415e-02 6.375981021161311602e-02 0.000000000000000000e+00
2.187530315101422415e-02 6.375981021161311602e-02 3.310418418973622265e-04
2.187530315101422415e-02 6.375981021161311602e-02 6.620836837947244530e-04
2.187530315101422415e-02 6.375981021161311602e-02 9.931255256920867337e-04
2.187530315101422415e-02 6.375981021161311602e-02 1.324167367589448906e-03
2.187530315101422415e-02 6.375981021161311602e-02 1.655209209486811078e-03
2.187530315101422415e-02 6.375981021161311602e-02 1.986251051384173467e-03
2.187530315101422415e-02 6.375981021161311602e-02 2.317292893281535423e-03
2.386396707383369592e-02 0.000000000000000000e+00 0.000000000000000000e+00
2.386396707383369592e-02 0.000000000000000000e+00 3.310418418973622265e-04
2.386396707383369592e-02 0.000000000000000000e+00 6.620836837947244530e-04
2.386396707383369592e-02 0.000000000000000000e+00 9.931255256920867337e-04
2.386396707383369592e-02 0.000000000000000000e+00 1.324167367589448906e-03
2.386396707383369592e-02 0.000000000000000000e+00 1.655209209486811078e-03
2.386396707383369592e-02 0.000000000000000000e+00 1.986251051384173467e-03
2.386396707383369592e-02 0.000000000000000000e+00 2.317292893281535423e-03
2.386396707383369592e-02 4.554272157972365058e-03 0.000000000000000000e+00
2.386396707383369592e-02 4.554272157972365058e-03 3.310418418973622265e-04
2.386396707383369592e-02 4.554272157972365058e-03 6.620836837947244530e-04
2.386396707383369592e-02 4.554272157972365058e-03 9.931255256920867337e-04
2.386396707383369592e-02 4.554272157972365058e-03 1.324167367589448906e-03
2.386396707383369592e-02 4.554272157972365058e-03 1.655209209486811078e-03
2.386396707383369592e-02 4.554272157972365058e-03 1.986251051384173467e-03
2.386396707383369592e-02 4.554272157972365058e-03 2.317292893281535423e-03
2.386396707383369592e-02 9.108544315944730116e-03 0.000000000000000000e+00
2.386396707383369592e-02 9.108544315944730116e-03 3.310418418973622265e-04
2.386396707383369592e-02 9.108544315944730116e-03 6.620836837947244530e-04
2.386396707383369592e-02 9.108544315944730116e-03 9.931255256920867337e-04
2.386396707383369592e-02 9.108544315944730116e-03 1.324167367589448906e-03
2.386396707383369592e-02 9.108544315944730116e-03 1.655209209486811078e-03
2.386396707383369592e-02 9.108544315944730116e-03 1.986251051384173467e-03
2.386396707383369592e-02 9.108544315944730116e-03 2.317292893281535423e-03
2.386396707383369592e-02 1.366281647391709431e-02 0.000000000000000000e+00
2.386396707383369592e-02 1.366281647391709431e-02 3.310418418973622265e-04
2.386396707383369592e-02 1.366281647391709431e-02 6.620836837947244530e-04
2.386396707383369592e-02 1.366281647391709431e-02 9.931255256920867337e-04
2.386396707383369592e-02 1.366281647391709431e-02 1.324167367589448906e-03
2.386396707383369592e-02 1.366281647391709431e-02 1.655209209486811078e-03
2.386396707383369592e-02 1.366281647391709431e-02 1.986251051384173467e-03
2.386396707383369592e-02 1.366281647391709431e-02 2.317292893281535423e-03
2.386396707383369592e-02 1.821708863188946023e-02 0.000000000000000000e+00
2.386396707383369592e-02 1.821708863188946023e-02 3.310418418973622265e-04
2.386396707383369592e-02 1.821708863188946023e-02 6.620836837947244530e-04
2.386396707383369592e-02 1.821708863188946023e-02 9.931255256920867337e-04
2.386396707383369592e-02 1.821708863188946023e-02 1.324167367589448906e-03
2.386396707383369592e-02 1.821708863188946023e-02 1.655209209486811078e-03
2.386396707383369592e-02 1.821708863188946023e-02 1.986251051384173467e-03
2.386396707383369592e-02 1.821708863188946023e-02 2.317292893281535423e-03
2.386396707383369592e-02 2.277136078986182616e-02 0.000000000000000000e+00
2.386396707383369592e-02 2.277136078986182616e-02 3.310418418973622265e-04
2.386396707383369592e-02 2.277136078986182616e-02 6.620836837947244530e-04
2.386396707383369592e-02 2.277136078986182616e-02 9.931255256920867337e-04
2.386396707383369592e-02 2.277136078986182616e-02 1.324167367589448906e-03
2.386396707383369592e-02 2.277136078986182616e-02 1.655209209486811078e-03
2.386396707383369592e-02 2.277136078986182616e-02 1.986251051384173467e-03
2.386396707383369592e-02 2.277136078986182616e-02 2.317292893281535423e-03
2.386396707383369592e-02 2.732563294783418861e-02 0.000000000000000000e+00
2.386396707383369592e-02 2.732563294783418861e-02 3.310418418973622265e-04
2.386396707383369592e-02 2.732563294783418861e-02 6.620836837947244530e-04
2.386396707383369592e-02 2.732563294783418861e-02 9.931255256920867337e-04
2.386396707383369592e-02 2.732563294783418861e-02 1.324167367589448906e-03
2.386396707383369592e-02 2.732563294783418861e-02 1.655209209486811078e-03
2.386396707383369592e-02 2.732563294783418861e-02 1.986251051384173467e-03
2.386396707383369592e-02 2.732563294783418861e-02 2.317292893281535423e-03
2.386396707383369592e-02 3.187990510580655801e-02 0.000000000000000000e+00
2.386396707383369592e-02 3.187990510580655801e-02 3.310418418973622265e-04
2.386396707383369592e-02 3.187990510580655801e-02 6.620836837947244530e-04
2.386396707383369592e-02 3.187990510580655801e-02 9.931255256920867337e-04
2.386396707383369592e-02 3.187990510580655801e-02 1.324167367589448906e-03
2.386396707383369592e-02 3.187990510580655801e-02 1.655209209486811078e-03
2.386396707383369592e-02 3.187990510580655801e-02 1.986251051384173467e-03
2.386396707383369592e-02 3.187990510580655801e-02 2.317292893281535423e-03
2.386396707383369592e-02 3.643417726377892046e-02 0.000000000000000000e+00
2.386396707383369592e-02 3.643417726377892046e-02 3.310418418973622265e-04
2.386396707383369592e-02 3.643417726377892046e-02 6.620836837947244530e-04
2.386396707383369592e-02 3.643417726377892046e-02 9.931255256920867337e-04
2.386396707383369592e-02 3.643417726377892046e-02 1.324167367589448906e-03
2.386396707383369592e-02 3.643417726377892046e-02 1.655209209486811078e-03
2.386396707383369592e-02 3.643417726377892046e-02 1.986251051384173467e-03
2.386396707383369592e-02 3.643417726377892046e-02 2.317292893281535423e-03
2.386396707383369592e-02 4.098844942175128292e-02 0.000000000000000000e+00
2.386396707383369592e-02 4.098844942175128292e-02 3.310418418973622265e-04
2.386396707383369592e-02 4.098844942175128292e-02 6.620836837947244530e-04
2.386396707383369592e-02 4.098844942175128292e-02 9.931255256920867337e-04
2.386396707383369592e-02 4.098844942175128292e-02 1.324167367589448906e-03
2.386396707383369592e-02 4.098844942175128292e-02 1.655209209486811078e-03
2.386396707383369592e-02 4.098844942175128292e-02 1.986251051384173467e-03
2.386396707383369592e-02 4.098844942175128292e-02 2.317292893281535423e-03
2.386396707383369592e-02 4.554272157972365231e-02 0.000000000000000000e+00
2.386396707383369592e-02 4.554272157972365231e-02 3.310418418973622265e-04
2.386396707383369592e-02 4.554272157972365231e-02 6.620836837947244530e-04
2.386396707383369592e-02 4.554272157972365231e-02 9.931255256920867337e-04
2.386396707383369592e-02 4.554272157972365231e-02 1.324167367589448906e-03
2.386396707383369592e-02 4.554272157972365231e-02 1.655209209486811078e-03
2.386396707383369592e-02 4.554272157972365231e-02 1.986251051384173467e-03
2.386396707383369592e-02 4.554272157972365231e-02 2.317292893281535423e-03
2.386396707383369592e-02 5.009699373769601477e-02 0.000000000000000000e+00
2.386396707383369592e-02 5.009699373769601477e-02 3.310418418973622265e-04
2.386396707383369592e-02 5.009699373769601477e-02 6.620836837947244530e-04
2.386396707383369592e-02 5.009699373769601477e-02 9.931255256920867337e-04
2.386396707383369592e-02 5.009699373769601477e-02 1.324167367589448906e-03
2.386396707383369592e-02 5.009699373769601477e-02 1.655209209486811078e-03
2.386396707383369592e-02 5.009699373769601477e-02 1.986251051384173467e-03
2.386396707383369592e-02 5.009699373769601477e-02 2.317292893281535423e-03
2.386396707383369592e-02 5.465126589566837723e-02 0.000000000000000000e+00
2.386396707383369592e-02 5.465126589566837723e-02 3.310418418973622265e-04
2.386396707383369592e-02 5.465126589566837723e-02 6.620836837947244530e-04
2.386396707383369592e-02 5.465126589566837723e-02 9.931255256920867337e-04
2.386396707383369592e-02 5.465126589566837723e-02 1.324167367589448906e-03
2.386396707383369592e-02 5.465126589566837723e-02 1.655209209486811078e-03
2.386396707383369592e-02 5.465126589566837723e-02 1.986251051384173467e-03
2.386396707383369592e-02 5.465126589566837723e-02 2.317292893281535423e-03
2.386396707383369592e-02 5.920553805364074662e-02 0.000000000000000000e+00
2.386396707383369592e-02 5.920553805364074662e-02 3.310418418973622265e-04
2.386396707383369592e-02 5.920553805364074662e-02 6.620836837947244530e-04
2.386396707383369592e-02 5.920553805364074662e-02 9.931255256920867337e-04
2.386396707383369592e-02 5.920553805364074662e-02 1.324167367589448906e-03
2.386396707383369592e-02 5.920553805364074662e-02 1.655209209486811078e-03
2.386396707383369592e-02 5.920553805364074662e-02 1.986251051384173467e-03
2.386396707383369592e-02 5.920553805364074662e-02 2.317292893281535423e-03
2.386396707383369592e-02 6.375981021161311602e-02 0.000000000000000000e+00
2.386396707383369592e-02 6.375981021161311602e-02 3.310418418973622265e-04
2.386396707383369592e-02 6.375981021161311602e-02 6.620836837947244530e-04
2.386396707383369592e-02 6.375981021161311602e-02 9.931255256920867337e-04
2.386396707383369592e-02 6.375981021161311602e-02 1.324167367589448906e-03
2.386396707383369592e-02 6.375981021161311602e-02 1.655209209486811078e-03
2.386396707383369592e-02 6.375981021161311602e-02 1.986251051384173467e-03
2.386396707383369592e-02 6.375981021161311602e-02 2.317292893281535423e-03
2.585263099665317116e-02 0.000000000000000000e+00 0.000000000000000000e+00
2.585263099665317116e-02 0.000000000000000000e+00 3.310418418973622265e-04
2.585263099665317116e-02 0.000000000000000000e+00 6.620836837947244530e-04
2.585263099665317116e-02 0.000000000000000000e+00 9.931255256920867337e-04
2.585263099665317116e-02 0.000000000000000000e+00 1.324167367589448906e-03
2.585263099665317116e-02 0.000000000000000000e+00 1.655209209486811078e-03
2.585263099665317116e-02 0.000000000000000000e+00 1.986251051384173467e-03
2.585263099665317116e-02 0.000000000000000000e+00 2.317292893281535423e-03
2.585263099665317116e-02 4.554272157972365058e-03 0.000000000000000000e+00
2.585263099665317116e-02 4.554272157972365058e-03 3.310418418973622265e-04
2.585263099665317116e-02 4.554272157972365058e-03 6.620836837947244530e-04
2.585263099665317116e-02 4.554272157972365058e-03 9.931255256920867337e-04
2.585263099665317116e-02 4.554272157972365058e-03 1.324167367589448906e-03
2.585263099665317116e-02 4.554272157972365058e-03 1.655209209486811078e-03
2.585263099665317116e-02 4.554272157972365058e-03 1.986251051384173467e-03
2.585263099665317116e-02 4.554272157972365058e-03 2.317292893281535423e-03
2.585263099665317116e-02 9.108544315944730116e-03 0.000000000000000000e+00
2.585263099665317116e-02 9.108544315944730116e-03 3.310418418973622265e-04
2.585263099665317116e-02 9.108544315944730116e-03 6.620836837947244530e-04
2.585263099665317116e-02 9.108544315944730116e-03 9.931255256920867337e-04
2.585263099665317116e-02 9.108544315944730116e-03 1.324167367589448906e-03
2.585263099665317116e-02 9.108544315944730116e-03 1.655209209486811078e-03
2.585263099665317116e-02 9.108544315944730116e-03 1.986251051384173467e-03
2.585263099665317116e-02 9.108544315944730116e-03 2.317292893281535423e-03
2.585263099665317116e-02 1.366281647391709431e-02 0.000000000000000000e+00
2.585263099665317116e-02 1.366281647391709431e-02 3.310418418973622265e-04
2.585263099665317116e-02 1.366281647391709431e-02 6.620836837947244530e-04
2.585263099665317116e-02 1.366281647391709431e-02 9.931255256920867337e-04
2.585263099665317116e-02 1.366281647391709431e-02 1.324167367589448906e-03
2.585263099665317116e-02 1.366281647391709431e-02 1.655209209486811078e-03
2.585263099665317116e-02 1.366281647391709431e-02 1.986251051384173467e-03
2.585263099665317116e-02 1.366281647391709431e-02 2.317292893281535423e-03
2.585263099665317116e-02 1.821708863188946023e-02 0.000000000000000000e+00
2.585263099665317116e-02 1.821708863188946023e-02 3.310418418973622265e-04
2.585263099665317116e-02 1.821708863188946023e-02 6.620836837947244530e-04
2.585263099665317116e-02 1.821708863188946023e-02 9.931255256920867337e-04
2.585263099665317116e-02 1.821708863188946023e-02 1.324167367589448906e-03
2.585263099665317116e-02 1.821708863188946023e-02 1.655209209486811078e-03
2.585263099665317116e-02 1.821708863188946023e-02 1.986251051384173467e-03
2.585263099665317116e-02 1.821708863188946023e-02 2.317292893281535423e-03
2.585263099665317116e-02 2.277136078986182616e-02 0.000000000000000000e+00
2.585263099665317116e-02 2.277136078986182616e-02 3.310418418973622265e-04
2.585263099665317116e-02 2.277136078986182616e-02 6.620836837947244530e-04
2.585263099665317116e-02 2.277136078986182616e-02 9.931255256920867337e-04
2.585263099665317116e-02 2.277136078986182616e-02 1.324167367589448906e-03
2.585263099665317116e-02 2.277136078986182616e-02 1.655209209486811078e-03
2.585263099665317116e-02 2.277136078986182616e-02 1.986251051384173467e-03
2.585263099665317116e-02 2.277136078986182616e-02 2.317292893281535423e-03
2.585263099665317116e-02 2.732563294783418861e-02 0.000000000000000000e+00
2.585263099665317116e-02 2.732563294783418861e-02 3.310418418973622265e-04
2.585263099665317116e-02 2.732563294783418861e-02 6.620836837947244530e-04
2.585263099665317116e-02 2.732563294783418861e-02 9.931255256920867337e-04
2.585263099665317116e-02 2.732563294783418861e-02 1.324167367589448906e-03
2.585263099665317116e-02 2.732563294783418861e-02 1.655209209486811078e-03
2.585263099665317116e-02 2.732563294783418861e-02 1.986251051384173467e-03
2.585263099665317116e-02 2.732563294783418861e-02 2.317292893281535423e-03
2.585263099665317116e-02 3.187990510580655801e-02 0.000000000000000000e+00
2.585263099665317116e-02 3.187990510580655801e-02 3.310418418973622265e-04
2.585263099665317116e-02 3.187990510580655801e-02 6.620836837947244530e-04
2.585263099665317116e-02 3.187990510580655801e-02 9.931255256920867337e-04
2.585263099665317116e-02 3.187990510580655801e-02 1.324167367589448906e-03
2.585263099665317116e-02 3.187990510580655801e-02 1.655209209486811078e-03
2.585263099665317116e-02 3.187990510580655801e-02 1.986251051384173467e-03
2.585263099665317116e-02 3.187990510580655801e-02 2.317292893281535423e-03
2.585263099665317116e-02 3.643417726377892046e-02 0.000000000000000000e+00
2.585263099665317116e-02 3.643417726377892046e-02 3.310418418973622265e-04
2.585263099665317116e-02 3.643417726377892046e-02 6.620836837947244530e-04
2.585263099665317116e-02 3.643417726377892046e-02 9.931255256920867337e-04
2.585263099665317116e-02 3.643417726377892046e-02 1.324167367589448906e-03
2.585263099665317116e-02 3.643417726377892046e-02 1.655209209486811078e-03
2.585263099665317116e-02 3.643417726377892046e-02 1.986251051384173467e-03
2.585263099665317116e-02 3.643417726377892046e-02 2.317292893281535423e-03
2.585263099665317116e-02 4.098844942175128292e-02 0.000000000000000000e+00
2.585263099665317116e-02 4.098844942175128292e-02 3.310418418973622265e-04
2.585263099665317116e-02 4.098844942175128292e-02 6.620836837947244530e-04
2.585263099665317116e-02 4.098844942175128292e-02 9.931255256920867337e-04
2.585263099665317116e-02 4.098844942175128292e-02 1.324167367589448906e-03
2.585263099665317116e-02 4.098844942175128292e-02 1.655209209486811078e-03
2.585263099665317116e-02 4.098844942175128292e-02 1.986251051384173467e-03
2.585263099665317116e-02 4.098844942175128292e-02 2.317292893281535423e-03
2.585263099665317116e-02 4.554272157972365231e-02 0.000000000000000000e+00
2.585263099665317116e-02 4.554272157972365231e-02 3.310418418973622265e-04
2.585263099665317116e-02 4.554272157972365231e-02 6.620836837947244530e-04
2.585263099665317116e-02 4.554272157972365231e-02 9.931255256920867337e-04
2.585263099665317116e-02 4.554272157972365231e-02 1.324167367589448906e-03
2.585263099665317116e-02 4.554272157972365231e-02 1.655209209486811078e-03
2.585263099665317116e-02 4.554272157972365231e-02 1.986251051384173467e-03
2.585263099665317116e-02 4.554272157972365231e-02 2.317292893281535423e-03
2.585263099665317116e-02 5.009699373769601477e-02 0.000000000000000000e+00
2.585263099665317116e-02 5.009699373769601477e-02 3.310418418973622265e-04
2.585263099665317116e-02 5.009699373769601477e-02 6.620836837947244530e-04
2.585263099665317116e-02 5.009699373769601477e-02 9.931255256920867337e-04
2.585263099665317116e-02 5.009699373769601477e-02 1.324167367589448906e-03
2.585263099665317116e-02 5.009699373769601477e-02 1.655209209486811078e-03
2.585263099665317116e-02 5.009699373769601477e-02 1.986251051384173467e-03
2.585263099665317116e-02 5.009699373769601477e-02 2.317292893281535423e-03
2.585263099665317116e-02 5.465126589566837723e-02 0.000000000000000000e+00
2.585263099665317116e-02 5.465126589566837723e-02 3.310418418973622265e-04
2.585263099665317116e-02 5.465126589566837723e-02 6.620836837947244530e-04
2.585263099665317116e-02 5.465126589566837723e-02 9.931255256920867337e-04
2.585263099665317116e-02 5.465126589566837723e-02 1.324167367589448906e-03
2.585263099665317116e-02 5.465126589566837723e-02 1.655209209486811078e-03
2.585263099665317116e-02 5.465126589566837723e-02 1.986251051384173467e-03
2.585263099665317116e-02 5.465126589566837723e-02 2.317292893281535423e-03
2.585263099665317116e-02 5.920553805364074662e-02 0.000000000000000000e+00
2.585263099665317116e-02 5.920553805364074662e-02 3.310418418973622265e-04
2.585263099665317116e-02 5.920553805364074662e-02 6.620836837947244530e-04
2.585263099665317116e-02 5.920553805364074662e-02 9.931255256920867337e-04
2.585263099665317116e-02 5.920553805364074662e-02 1.324167367589448906e-03
2.585263099665317116e-02 5.920553805364074662e-02 1.655209209486811078e-03
2.585263099665317116e-02 5.920553805364074662e-02 1.986251051384173467e-03
2.585263099665317116e-02 5.920553805364074662e-02 2.317292893281535423e-03
2.585263099665317116e-02 6.375981021161311602e-02 0.000000000000000000e+00
2.585263099665317116e-02 6.375981021161311602e-02 3.310418418973622265e-04
2.585263099665317116e-02 6.375981021161311602e-02 6.620836837947244530e-04
2.585263099665317116e-02 6.375981021161311602e-02 9.931255256920867337e-04
2.585263099665317116e-02 6.375981021161311602e-02 1.324167367589448906e-03
2.585263099665317116e-02 6.375981021161311602e-02 1.655209209486811078e-03
2.585263099665317116e-02 6.375981021161311602e-02 1.986251051384173467e-03
2.585263099665317116e-02 6.375981021161311602e-02 2.317292893281535423e-03
2.784129491947264640e-02 0.000000000000000000e+00 0.000000000000000000e+00
2.784129491947264640e-02 0.000000000000000000e+00 3.310418418973622265e-04
2.784129491947264640e-02 0.000000000000000000e+00 6.620836837947244530e-04
2.784129491947264640e-02 0.000000000000000000e+00 9.931255256920867337e-04
2.784129491947264640e-02 0.000000000000000000e+00 1.324167367589448906e-03
2.784129491947264640e-02 0.000000000000000000e+00 1.655209209486811078e-03
2.784129491947264640e-02 0.000000000000000000e+00 1.986251051384173467e-03
2.784129491947264640e-02 0.000000000000000000e+00 2.317292893281535423e-03
2.784129491947264640e-02 4.554272157972365058e-03 0.000000000000000000e+00
2.784129491947264640e-02 4.554272157972365058e-03 3.310418418973622265e-04
2.784129491947264640e-02 4.554272157972365058e-03 6.620836837947244530e-04
2.784129491947264640e-02 4.554272157972365058e-03 9.931255256920867337e-04
2.784129491947264640e-02 4.554272157972365058e-03 1.324167367589448906e-03
2.784129491947264640e-02 4.554272157972365058e-03 1.655209209486811078e-03
2.784129491947264640e-02 4.554272157972365058e-03 1.986251051384173467e-03
2.784129491947264640e-02 4.554272157972365058e-03 2.317292893281535423e-03
2.784129491947264640e-02 9.108544315944730116e-03 0.000000000000000000e+00
2.784129491947264640e-02 9.108544315944730116e-03 3.310418418973622265e-04
2.784129491947264640e-02 9.108544315944730116e-03 6.620836837947244530e-04
2.784129491947264640e-02 9.108544315944730116e-03 9.931255256920867337e-04
2.784129491947264640e-02 9.108544315944730116e-03 1.324167367589448906e-03
2.784129491947264640e-02 9.108544315944730116e-03 1.655209209486811078e-03
2.784129491947264640e-02 9.108544315944730116e-03 1.986251051384173467e-03
2.784129491947264640e-02 9.108544315944730116e-03 2.317292893281535423e-03
2.784129491947264640e-02 1.366281647391709431e-02 0.000000000000000000e+00
2.784129491947264640e-02 1.366281647391709431e-02 3.310418418973622265e-04
2.784129491947264640e-02 1.366281647391709431e-02 6.620836837947244530e-04
2.784129491947264640e-02 1.366281647391709431e-02 9.931255256920867337e-04
2.784129491947264640e-02 1.366281647391709431e-02 1.324167367589448906e-03
2.784129491947264640e-02 1.366281647391709431e-02 1.655209209486811078e-03
2.784129491947264640e-02 1.366281647391709431e-02 1.986251051384173467e-03
2.784129491947264640e-02 1.366281647391709431e-02 2.317292893281535423e-03
2.784129491947264640e-02 1.821708863188946023e-02 0.000000000000000000e+00
2.784129491947264640e-02 1.821708863188946023e-02 3.310418418973622265e-04
2.784129491947264640e-02 1.821708863188946023e-02 6.620836837947244530e-04
2.784129491947264640e-02 1.821708863188946023e-02 9.931255256920867337e-04
2.784129491947264640e-02 1.821708863188946023e-02 1.324167367589448906e-03
2.784129491947264640e-02 1.821708863188946023e-02 1.655209209486811078e-03
2.784129491947264640e-02 1.821708863188946023e-02 1.986251051384173467e-03
2.784129491947264640e-02 1.821708863188946023e-02 2.317292893281535423e-03
2.784129491947264640e-02 2.277136078986182616e-02 0.000000000000000000e+00
2.784129491947264640e-02 2.277136078986182616e-02 3.310418418973622265e-04
2.784129491947264640e-02 2.277136078986182616e-02 6.620836837947244530e-04
2.784129491947264640e-02 2.277136078986182616e-02 9.931255256920867337e-04
2.784129491947264640e-02 2.277136078986182616e-02 1.324167367589448906e-03
2.784129491947264640e-02 2.277136078986182616e-02 1.655209209486811078e-03
2.784129491947264640e-02 2.277136078986182616e-02 1.986251051384173467e-03
2.784129491947264640e-02 2.277136078986182616e-02 2.317292893281535423e-03
2.784129491947264640e-02 2.732563294783418861e-02 0.000000000000000000e+00
2.784129491947264640e-02 2.732563294783418861e-02 3.310418418973622265e-04
2.784129491947264640e-02 2.732563294783418861e-02 6.620836837947244530e-04
2.784129491947264640e-02 2.732563294783418861e-02 9.931255256920867337e-04
2.784129491947264640e-02 2.732563294783418861e-02 1.324167367589448906e-03
2.784129491947264640e-02 2.732563294783418861e-02 1.655209209486811078e-03
2.784129491947264640e-02 2.732563294783418861e-02 1.986251051384173467e-03
2.784129491947264640e-02 2.732563294783418861e-02 2.317292893281535423e-03
2.784129491947264640e-02 3.187990510580655801e-02 0.000000000000000000e+00
2.784129491947264640e-02 3.187990510580655801e-02 3.310418418973622265e-04
2.784129491947264640e-02 3.187990510580655801e-02 6.620836837947244530e-04
2.784129491947264640e-02 3.187990510580655801e-02 9.931255256920867337e-04
2.784129491947264640e-02 3.187990510580655801e-02 1.324167367589448906e-03
2.784129491947264640e-02 3.187990510580655801e-02 1.655209209486811078e-03
2.784129491947264640e-02 3.187990510580655801e-02 1.986251051384173467e-03
2.784129491947264640e-02 3.187990510580655801e-02 2.317292893281535423e-03
2.784129491947264640e-02 3.643417726377892046e-02 0.000000000000000000e+00
2.784129491947264640e-02 3.643417726377892046e-02 3.310418418973622265e-04
2.784129491947264640e-02 3.643417726377892046e-02 6.620836837947244530e-04
2.784129491947264640e-02 3.643417726377892046e-02 9.931255256920867337e-04
2.784129491947264640e-02 3.643417726377892046e-02 1.324167367589448906e-03
2.784129491947264640e-02 3.643417726377892046e-02 1.655209209486811078e-03
2.784129491947264640e-02 3.643417726377892046e-02 1.986251051384173467e-03
2.784129491947264640e-02 3.643417726377892046e-02 2.317292893281535423e-03
2.784129491947264640e-02 4.098844942175128292e-02 0.000000000000000000e+00
2.784129491947264640e-02 4.098844942175128292e-02 3.310418418973622265e-04
2.784129491947264640e-02 4.098844942175128292e-02 6.620836837947244530e-04
2.784129491947264640e-02 4.098844942175128292e-02 9.931255256920867337e-04
2.784129491947264640e-02 4.098844942175128292e-02 1.324167367589448906e-03
2.784129491947264640e-02 4.098844942175128292e-02 1.655209209486811078e-03
2.784129491947264640e-02 4.098844942175128292e-02 1.986251051384173467e-03
2.784129491947264640e-02 4.098844942175128292e-02 2.317292893281535423e-03
2.784129491947264640e-02 4.554272157972365231e-02 0.000000000000000000e+00
2.784129491947264640e-02 4.554272157972365231e-02 3.310418418973622265e-04
2.784129491947264640e-02 4.554272157972365231e-02 6.620836837947244530e-04
2.784129491947264640e-02 4.554272157972365231e-02 9.931255256920867337e-04
2.784129491947264640e-02 4.554272157972365231e-02 1.324167367589448906e-03
2.784129491947264640e-02 4.554272157972365231e-02 1.655209209486811078e-03
2.784129491947264640e-02 4.554272157972365231e-02 1.986251051384173467e-03
2.784129491947264640e-02 4.554272157972365231e-02 2.317292893281535423e-03
2.784129491947264640e-02 5.009699373769601477e-02 0.000000000000000000e+00
2.784129491947264640e-02 5.009699373769601477e-02 3.310418418973622265e-04
2.784129491947264640e-02 5.009699373769601477e-02 6.620836837947244530e-04
2.784129491947264640e-02 5.009699373769601477e-02 9.931255256920867337e-04
2.784129491947264640e-02 5.009699373769601477e-02 1.324167367589448906e-03
2.784129491947264640e-02 5.009699373769601477e-02 1.655209209486811078e-03
2.784129491947264640e-02 5.009699373769601477e-02 1.986251051384173467e-03
2.784129491947264640e-02 5.009699373769601477e-02 2.317292893281535423e-03
2.784129491947264640e-02 5.465126589566837723e-02 0.000000000000000000e+00
2.784129491947264640e-02 5.465126589566837723e-02 3.310418418973622265e-04
2.784129491947264640e-02 5.465126589566837723e-02 6.620836837947244530e-04
2.784129491947264640e-02 5.465126589566837723e-02 9.931255256920867337e-04
2.784129491947264640e-02 5.465126589566837723e-02 1.324167367589448906e-03
2.784129491947264640e-02 5.465126589566837723e-02 1.655209209486811078e-03
2.784129491947264640e-02 5.465126589566837723e-02 1.986251051384173467e-03
2.784129491947264640e-02 5.465126589566837723e-02 2.317292893281535423e-03
2.784129491947264640e-02 5.920553805364074662e-02 0.000000000000000000e+00
2.784129491947264640e-02 5.920553805364074662e-02 3.310418418973622265e-04
2.784129491947264640e-02 5.920553805364074662e-02 6.620836837947244530e-04
2.784129491947264640e-02 5.920553805364074662e-02 9.931255256920867337e-04
2.784129491947264640e-02 5.920553805364074662e-02 1.324167367589448906e-03
2.784129491947264640e-02 5.920553805364074662e-02 1.655209209486811078e-03
2.784129491947264640e-02 5.920553805364074662e-02 1.986251051384173467e-03
2.784129491947264640e-02 5.920553805364074662e-02 2.317292893281535423e-03
2.784129491947264640e-02 6.375981021161311602e-02 0.000000000000000000e+00
2.784129491947264640e-02 6.375981021161311602e-02 3.310418418973622265e-04
2.784129491947264640e-02 6.375981021161311602e-02 6.620836837947244530e-04
2.784129491947264640e-02 6.375981021161311602e-02 9.931255256920867337e-04
2.784129491947264640e-02 6.375981021161311602e-02 1.324167367589448906e-03
2.784129491947264640e-02 6.375981021161311602e-02 1.655209209486811078e-03
2.784129491947264640e-02 6.375981021161311602e-02 1.986251051384173467e-03
2.784129491947264640e-02 6.375981021161311602e-02 2.317292893281535423e-03
