Point_Name,X_Position_um,Y_Position_um,Phase,Ni_at_percent,Zr_at_percent,Y_at_percent,O_at_percent,Acquisition_Time_s,Beam_Current_nA,Accelerating_Voltage_kV,La_at_percent,Sr_at_percent,Mn_at_percent
Anode_Center,250.0,2.5,Ni-YSZ,36.88518835154127,25.692590389590436,2.837517167990557,34.93464768704612,40.490808854089735,0.7329757264463869,15,,,
Electrolyte_Center,507.5,2.5,YSZ,,41.771600798652905,8.509405790676036,53.99005377359358,101.27579617338685,1.4229646124078446,15,,,
Cathode_Center,540.0,2.5,LSM-YSZ,,14.45463327923304,1.6914848175582746,43.088637278761624,42.4635576111218,1.7122737912387767,15,18.38746392837812,4.446182553119682,13.18866499112136
Anode_Electrolyte_Interface,500.0,2.5,Interface,37.8478233017445,26.04019995246742,2.8813788162127145,37.414886381600894,119.11654038083407,1.3449709153873177,15,,,
Electrolyte_Cathode_Interface,515.0,2.5,Interface,,39.729156943621724,9.152691388046218,47.60343441040666,98.74130979659364,1.7482715597160619,15,,,
Crack_Location_1,502.0,1.8,Crack,7.842723208621496,26.15110113284608,3.96450678673688,34.25317103628806,112.60257305986177,1.5797816480311107,15,12.659453815099196,3.307521367484456,10.095541743436577
Crack_Location_2,513.0,3.2,Crack,7.665942811466661,29.28138190442828,4.2749743545491965,33.83880773522193,111.1079522392022,1.4166873932321766,15,12.701754494676388,3.0852683354163934,10.060164488690027
