{
  "min_element_size": 0.5586122822778403,
  "max_element_size": 4.557315379864762,
  "avg_element_size": 1.7241108618539323,
  "aspect_ratio_range": [
    1.2,
    8.5
  ],
  "skewness_max": 0.85
}