{
  "Ti": {
    "interface_energy_J_m2": 2.920806759855155,
    "mobility_m2_Pa_s": 2.984408574142561e-05,
    "formation_energy_eV": 2.3334189858056047,
    "interface_width_m": 1e-09,
    "gradient_coefficient": 2.9208067598551553e-09
  },
  "Fe": {
    "interface_energy_J_m2": 4.822714550182786,
    "mobility_m2_Pa_s": 3.903547505045469e-05,
    "formation_energy_eV": 2.449698060646713,
    "interface_width_m": 1e-09,
    "gradient_coefficient": 4.822714550182787e-09
  },
  "Zn": {
    "interface_energy_J_m2": 1.3124246884530508,
    "mobility_m2_Pa_s": 0.00024983910514549584,
    "formation_energy_eV": 0.914178337575364,
    "interface_width_m": 1e-09,
    "gradient_coefficient": 1.312424688453051e-09
  },
  "Al": {
    "interface_energy_J_m2": 1.7861853214313932,
    "mobility_m2_Pa_s": 0.00014880583240331187,
    "formation_energy_eV": 0.9383130556672059,
    "interface_width_m": 1e-09,
    "gradient_coefficient": 1.7861853214313933e-09
  },
  "Ni": {
    "interface_energy_J_m2": 3.75495982022764,
    "mobility_m2_Pa_s": 7.42829703775242e-05,
    "formation_energy_eV": 2.0526198379907052,
    "interface_width_m": 1e-09,
    "gradient_coefficient": 3.7549598202276406e-09
  },
  "Mg": {
    "interface_energy_J_m2": 1.0484671246317494,
    "mobility_m2_Pa_s": 0.00020569871846566083,
    "formation_energy_eV": 1.0489875603678456,
    "interface_width_m": 1e-09,
    "gradient_coefficient": 1.0484671246317494e-09
  },
  "Cu": {
    "interface_energy_J_m2": 3.2053497484491884,
    "mobility_m2_Pa_s": 0.0001110806279207479,
    "formation_energy_eV": 1.5575170565228513,
    "interface_width_m": 1e-09,
    "gradient_coefficient": 3.2053497484491888e-09
  }
}