{
  "job_name": "sofc_hr4",
  "heating_rate": "HR4",
  "temperature": {
    "mean": 462.6110951036819,
    "max": 888.5757472591662,
    "min": 46.0910965294269,
    "std": 189.475788140738
  },
  "stress": {
    "mean": 95882557.99920493,
    "max": 223374833.5530876,
    "min": 75005549.09468028,
    "std": 20317740.525099818
  },
  "damage": {
    "mean": 0.03319687523457735,
    "max": 0.17061900513266337,
    "damaged_nodes": 32
  },
  "delamination": {
    "mean": 0.008979391517202581,
    "max": 0.05690352686272252,
    "critical_nodes": 0
  }
}