{
  "timesteps_fs": [
    0.0,
    2.0,
    4.0,
    6.0,
    8.0,
    10.0,
    12.0,
    14.0,
    16.0,
    18.0,
    20.0,
    22.0,
    24.0,
    26.0,
    28.0,
    30.0,
    32.0,
    34.0,
    36.0,
    38.0,
    40.0,
    42.0,
    44.0,
    46.0,
    48.0,
    50.0,
    52.0,
    54.0,
    56.0,
    58.0,
    60.0,
    62.0,
    64.0,
    66.0,
    68.0,
    70.0,
    72.0,
    74.0,
    76.0,
    78.0,
    80.0,
    82.0,
    84.0,
    86.0,
    88.0,
    90.0,
    92.0,
    94.0,
    96.0,
    98.0,
    100.0,
    102.0,
    104.0,
    106.0,
    108.0,
    110.0,
    112.0,
    114.0,
    116.0,
    118.0,
    120.0,
    122.0,
    124.0,
    126.0,
    128.0,
    130.0,
    132.0,
    134.0,
    136.0,
    138.0,
    140.0,
    142.0,
    144.0,
    146.0,
    148.0,
    150.0,
    152.0,
    154.0,
    156.0,
    158.0,
    160.0,
    162.0,
    164.0,
    166.0,
    168.0,
    170.0,
    172.0,
    174.0,
    176.0,
    178.0,
    180.0,
    182.0,
    184.0,
    186.0,
    188.0,
    190.0,
    192.0,
    194.0,
    196.0,
    198.0
  ],
  "potential_energy_eV": [
    -1009.3439938712172,
    -996.6642774166011,
    -1012.7598529749667,
    -1010.7257809870512,
    -1001.9534901332025,
    -996.8467776178834,
    -1000.923861288553,
    -998.8468743196178,
    -1005.7431250283959,
    -1000.5286962904665,
    -981.543525091354,
    -995.9894515310069,
    -985.4079174990164,
    -1005.7051298083112,
    -996.8077187007377,
    -993.0076782077016,
    -1003.426341075848,
    -1012.4265828815629,
    -1002.5696681927114,
    -1006.0957877489224,
    -1005.9893872107913,
    -994.6423810371131,
    -1005.2076901097415,
    -997.7388257240276,
    -994.7082600823302,
    -1019.0814045640658,
    -991.5836923776686,
    -1021.9645117273473,
    -979.5758416782036,
    -978.0751817711271,
    -1000.9149744002507,
    -994.4617579922625,
    -1002.6582923602616,
    -998.2918587209463,
    -996.0183909189137,
    -1004.4333422681833,
    -999.2071240013812,
    -997.5347391194325,
    -1001.2832229257745,
    -999.8165561588027,
    -999.1599600647922,
    -1000.5559620601335,
    -1008.5358076543417,
    -1015.1601443001888,
    -999.7739197954996,
    -1003.2891668447318,
    -1014.4570571734417,
    -995.8353994466479,
    -1008.9241895494505,
    -988.4972787631104,
    -1006.1803094651548,
    -988.5346928720031,
    -1001.6100604274229,
    -989.1142185470188,
    -986.0756810731148,
    -992.6543161026185,
    -990.9514905093451,
    -1003.780431436516,
    -1011.314627013584,
    -1006.8492564738503,
    -982.2230104753916,
    -1002.7742450404355,
    -992.0781692523143,
    -993.13102630902,
    -999.5191434865158,
    -1004.4043730858832,
    -1005.5323127049398,
    -1009.6729825949217,
    -1017.3117439446592,
    -989.6758216296851,
    -995.6325990267536,
    -998.3984260328659,
    -1003.3866674768988,
    -1000.4832410890232,
    -996.9999401357999,
    -1002.756764934651,
    -1001.0289677839359,
    -994.041524703636,
    -1007.3376238433594,
    -1011.5731928593649,
    -1016.0999080758293,
    -1002.551410625842,
    -991.6779823171407,
    -992.1056486934491,
    -997.1572861005551,
    -984.8643654122843,
    -1008.0131830834983,
    -1002.7741418941586,
    -995.0325421190967,
    -1000.6389224038356,
    -1026.8685192270111,
    -1016.8800110133747,
    -1016.5775165820879,
    -1005.2356898230079,
    -995.2348251706295,
    -984.516985949173,
    -1016.6762087727744,
    -992.6137567364254,
    -1006.1438075498646,
    -990.8605459636763
  ],
  "kinetic_energy_eV": [
    1475.4098158564316,
    1524.537671890047,
    1475.681685094098,
    1445.4658759564772,
    1591.7110406892266,
    1492.8221272928836,
    1559.5072904863196,
    1491.7324912414201,
    1436.5066009822021,
    1467.8332329336888,
    1473.3574273456215,
    1507.3058549766922,
    1492.4778784110163,
    1523.0986534665585,
    1566.0011807837056,
    1479.1731843361358,
    1478.6828972080202,
    1519.3485984418592,
    1537.17099510613,
    1464.8696618790896,
    1470.6839855943117,
    1535.4957584661306,
    1527.457914931363,
    1508.0043596622495,
    1510.8520119883674,
    1528.0792705072142,
    1498.4022313995906,
    1484.9207132973834,
    1563.9427189960745,
    1591.8469737154521,
    1484.3204859483658,
    1531.3297909111036,
    1507.0673598239293,
    1464.5110560870426,
    1512.7967055910135,
    1550.3570330932016,
    1509.3255145459989,
    1518.7800362130974,
    1469.7947038719076,
    1532.3922705026614,
    1464.0475959517905,
    1494.9032600222886,
    1449.9926112945877,
    1460.2239688280965,
    1543.7148438588638,
    1501.3900980718022,
    1573.6660760589302,
    1432.6688567336544,
    1462.8402957064443,
    1523.8674169776891,
    1430.3211611053982,
    1473.9288299237326,
    1460.4426791504366,
    1507.7418529993936,
    1574.7776709805962,
    1547.8042084276601,
    1527.3275041161505,
    1564.1718720193867,
    1502.0626776515523,
    1517.555057175392,
    1464.7213045609378,
    1527.8142579594416,
    1468.214387468689,
    1519.3891339594945,
    1457.3359388635645,
    1429.354826327553,
    1493.5270970674403,
    1516.0065447164698,
    1517.320533525278,
    1512.5860982547013,
    1475.2308512081,
    1461.1164493769402,
    1506.9487344023958,
    1562.4427247640456,
    1514.2785098820693,
    1460.565037645691,
    1537.25063179468,
    1470.7301504614888,
    1509.10494854406,
    1490.4875176533255,
    1467.8196550076786,
    1467.0553502142495,
    1478.5031176521713,
    1559.9938049084176,
    1480.9579599889207,
    1525.3560831682153,
    1564.0410643505552,
    1502.5771791055067,
    1531.3602406316368,
    1500.7804856505913,
    1473.5269036460038,
    1474.5354449617776,
    1585.346429262235,
    1536.0226768427542,
    1429.7222600328282,
    1405.2291790598654,
    1442.742972940821,
    1547.3082336594762,
    1554.228603777247,
    1545.9883143218447
  ],