crack_id,region,length_um,width_um,angle_deg,type
0,Electrolyte_Cathode_Interface,36.55955928688819,1.455059985024664,-32.65250237892131,interface
1,Electrolyte_Cathode_Interface,13.823827850637578,0.3678593719794988,18.556545275718943,transgranular
2,Electrolyte_Cathode_Interface,3.5739033687095145,0.38991673471234545,-1.0111014454628573,interface
3,Electrolyte_Cathode_Interface,7.847000542966077,0.8664507030692388,5.671490141292144,intergranular
4,Electrolyte_Cathode_Interface,9.940171000032343,0.14460287413014922,-8.5909177217926,transgranular
5,Electrolyte_Cathode_Interface,24.579349613483615,0.7813144401087527,13.373818157513112,intergranular
6,Electrolyte_Cathode_Interface,4.243364510363145,1.234043405656108,-0.3980887237238867,intergranular
7,Electrolyte_Cathode_Interface,98.52390422174688,5.674601208496319,-14.773247711698215,interface
