crack_id,region,length_um,width_um,angle_deg,type
0,Anode_Electrolyte_Interface,10.711761746490172,0.8248171721370412,14.112555960555735,intergranular
1,Anode_Electrolyte_Interface,6.703088924662465,0.7893523876540172,7.270875706403246,transgranular
2,Anode_Electrolyte_Interface,13.709151447155294,0.1,-43.83095669690495,transgranular
3,Anode_Electrolyte_Interface,7.9641642170246305,0.5502823764562215,6.166813164421406,intergranular
