crack_id,region,length_um,width_um,angle_deg,type
0,Electrolyte,14.273896428373218,0.568671615992553,24.48251575272934,intergranular
1,Electrolyte,32.925732169627665,1.8386088247784613,-76.38587714900729,transgranular
