crack_id,region,length_um,width_um,angle_deg,type
0,Cathode,20.83435268642432,1.6987334724979875,84.34004445692327,intergranular
1,Cathode,34.92541612248326,1.7651022632529585,-45.58066698579292,intergranular
2,Cathode,23.001318837873068,0.8718734680619309,77.20939472091231,intergranular
3,Cathode,11.644599489875638,0.8265666089110274,-53.618792715557916,transgranular
