crack_id,region,length_um,width_um,angle_deg,type
0,Anode_Support,10.473652277440685,0.6253741237751876,-8.400272336265019,transgranular
1,Anode_Support,15.869299413402587,0.9996398285387875,-71.80069142852625,intergranular
2,Anode_Support,38.74676631144369,3.0149712974820204,-8.855130702317211,intergranular
3,Anode_Support,9.734707524013261,0.21444369183719164,-83.08500640001746,interface
4,Anode_Support,27.33035348908698,1.0012691175209902,19.139260528724833,intergranular
