material,porosity_fraction,porosity_percent,mean_pore_size_um,median_pore_size_um,std_pore_size_um,d10_pore_size_um,d50_pore_size_um,d90_pore_size_um,total_pore_count,pore_connectivity,tortuosity,tpb_length_m_per_m3,surface_area_m2_per_m3,permeability_m2
Ni-YSZ_anode,0.34762991772559004,34.762991772559005,2.7723776498428214,2.4651583909186128,1.475411155809543,1.2583237922260089,2.4651583909186128,4.448729317337714,500,0.7311956286982857,1.6960608409776499,4120772568796.8276,834311.8025414161,1.4586763751806163e-15
YSZ_electrolyte,0.02035465707569994,2.035465707569994,0.11237623370287975,0.10002322756430693,0.05970598142576611,0.05435235611509743,0.10002322756430693,0.18360624004051573,500,0.8350614431572209,7.009194394893795,0.0,1221279.4245419966,4.685099999260925e-22
GDC_cathode,0.30469990309613143,30.46999030961314,2.0763985663878173,1.8046384416713257,1.151171034481866,0.9538590836813023,1.8046384416713257,3.3930916384820087,500,0.7371005599656832,1.8116063819348331,3910260805017.022,1015666.3436537713,5.092012409892393e-16
