region,material,area_analyzed_mm2,total_cracks,crack_density_per_mm2,mean_crack_length_um,std_crack_length_um,max_crack_length_um,mean_crack_width_um,predominant_angle_deg,transgranular_fraction,intergranular_fraction,interface_fraction
Anode_Support,Ni-YSZ,1.0,5,5.0,20.43095580307744,11.112487865231587,38.74676631144369,1.1711396118308355,-8.855130702317211,0.2,0.6,0.2
Anode_Electrolyte_Interface,Interface,0.5,4,8.0,9.77204158383314,2.6958671637166205,13.709151447155294,0.56611298406182,6.718844435412326,0.5,0.5,0.0
Electrolyte,YSZ,0.3,2,6.666666666666667,23.599814299000442,9.325917870627224,32.925732169627665,1.2036402203855072,-25.951680698138972,0.5,0.5,0.0
Electrolyte_Cathode_Interface,Interface,0.5,8,16.0,24.886385049353414,29.739089974946676,98.52390422174688,1.3642310903971344,-0.704595084593372,0.25,0.375,0.375
Cathode,GDC-LSM,0.8,4,5.0,22.601421784164074,8.294806237780534,34.92541612248326,1.290568953180976,15.814363867559699,0.25,0.75,0.0
