simulation_id,max_stress,max_strain,max_damage,max_temperature,num_crack_sites,convergence,computation_time
sim_0000,131.19077763506942,0.001675209622492183,0.652630726512505,30.0,0,True,715.0222517075542
sim_0001,257.57228525060737,0.012624585342239251,0.8,30.0,11,True,892.4658155469643
sim_0002,257.57228525060737,0.012624585342239251,1.1509378565905272e-05,30.0,0,True,457.4017556139484
sim_0003,132.50004890572572,0.0016532701241645932,1.4251107817569232e-06,30.0,0,True,165.01619749152252
sim_0004,133.75584061349323,0.001703040708748002,0.007133978671191189,30.0,0,True,761.0509524384556
