0.000000000000000000e+00 0.000000000000000000e+00 0.000000000000000000e+00
0.000000000000000000e+00 0.000000000000000000e+00 3.753856678121578194e-02
0.000000000000000000e+00 0.000000000000000000e+00 1.200268850918643875e-02
0.000000000000000000e+00 0.000000000000000000e+00 1.800403276377966072e-02
0.000000000000000000e+00 0.000000000000000000e+00 2.400537701837287749e-02
0.000000000000000000e+00 0.000000000000000000e+00 3.000672127296609773e-02
0.000000000000000000e+00 0.000000000000000000e+00 3.600806552755932144e-02
0.000000000000000000e+00 0.000000000000000000e+00 4.200940978215254168e-02
0.000000000000000000e+00 6.021407371779580187e-01 0.000000000000000000e+00
0.000000000000000000e+00 6.021407371779580187e-01 3.753856678121578194e-02
0.000000000000000000e+00 9.626509916003848921e-02 1.200268850918643875e-02
0.000000000000000000e+00 9.626509916003848921e-02 1.800403276377966072e-02
0.000000000000000000e+00 9.626509916003848921e-02 2.400537701837287749e-02
0.000000000000000000e+00 9.626509916003848921e-02 3.000672127296609773e-02
0.000000000000000000e+00 9.626509916003848921e-02 3.600806552755932144e-02
0.000000000000000000e+00 9.626509916003848921e-02 4.200940978215254168e-02
0.000000000000000000e+00 1.204281474355916037e+00 0.000000000000000000e+00
0.000000000000000000e+00 1.204281474355916037e+00 3.753856678121578194e-02
0.000000000000000000e+00 1.925301983200769784e-01 1.200268850918643875e-02
0.000000000000000000e+00 1.925301983200769784e-01 1.800403276377966072e-02
0.000000000000000000e+00 1.925301983200769784e-01 2.400537701837287749e-02
0.000000000000000000e+00 1.925301983200769784e-01 3.000672127296609773e-02
0.000000000000000000e+00 1.925301983200769784e-01 3.600806552755932144e-02
0.000000000000000000e+00 1.925301983200769784e-01 4.200940978215254168e-02
0.000000000000000000e+00 1.806422211533874167e+00 0.000000000000000000e+00
0.000000000000000000e+00 1.806422211533874167e+00 3.753856678121578194e-02
0.000000000000000000e+00 2.887952974801154538e-01 1.200268850918643875e-02
0.000000000000000000e+00 2.887952974801154538e-01 1.800403276377966072e-02
0.000000000000000000e+00 2.887952974801154538e-01 2.400537701837287749e-02
0.000000000000000000e+00 2.887952974801154538e-01 3.000672127296609773e-02
0.000000000000000000e+00 2.887952974801154538e-01 3.600806552755932144e-02
0.000000000000000000e+00 2.887952974801154538e-01 4.200940978215254168e-02
0.000000000000000000e+00 2.408562948711832075e+00 0.000000000000000000e+00
0.000000000000000000e+00 2.408562948711832075e+00 3.753856678121578194e-02
0.000000000000000000e+00 3.850603966401539568e-01 1.200268850918643875e-02
0.000000000000000000e+00 3.850603966401539568e-01 1.800403276377966072e-02
0.000000000000000000e+00 3.850603966401539568e-01 2.400537701837287749e-02
0.000000000000000000e+00 3.850603966401539568e-01 3.000672127296609773e-02
0.000000000000000000e+00 3.850603966401539568e-01 3.600806552755932144e-02
0.000000000000000000e+00 3.850603966401539568e-01 4.200940978215254168e-02
0.000000000000000000e+00 3.010703685889790648e+00 0.000000000000000000e+00
0.000000000000000000e+00 3.010703685889790648e+00 3.753856678121578194e-02
0.000000000000000000e+00 4.813254958001925154e-01 1.200268850918643875e-02
0.000000000000000000e+00 4.813254958001925154e-01 1.800403276377966072e-02
0.000000000000000000e+00 4.813254958001925154e-01 2.400537701837287749e-02
0.000000000000000000e+00 4.813254958001925154e-01 3.000672127296609773e-02
0.000000000000000000e+00 4.813254958001925154e-01 3.600806552755932144e-02
0.000000000000000000e+00 4.813254958001925154e-01 4.200940978215254168e-02
0.000000000000000000e+00 3.612844423067748334e+00 0.000000000000000000e+00
0.000000000000000000e+00 3.612844423067748334e+00 3.753856678121578194e-02
0.000000000000000000e+00 5.775905949602309075e-01 1.200268850918643875e-02
0.000000000000000000e+00 5.775905949602309075e-01 1.800403276377966072e-02
0.000000000000000000e+00 5.775905949602309075e-01 2.400537701837287749e-02
0.000000000000000000e+00 5.775905949602309075e-01 3.000672127296609773e-02
0.000000000000000000e+00 5.775905949602309075e-01 3.600806552755932144e-02
0.000000000000000000e+00 5.775905949602309075e-01 4.200940978215254168e-02
0.000000000000000000e+00 4.214985160245706020e+00 0.000000000000000000e+00
0.000000000000000000e+00 4.214985160245706020e+00 3.753856678121578194e-02
0.000000000000000000e+00 6.738556941202694661e-01 1.200268850918643875e-02
0.000000000000000000e+00 6.738556941202694661e-01 1.800403276377966072e-02
0.000000000000000000e+00 6.738556941202694661e-01 2.400537701837287749e-02
0.000000000000000000e+00 6.738556941202694661e-01 3.000672127296609773e-02
0.000000000000000000e+00 6.738556941202694661e-01 3.600806552755932144e-02
0.000000000000000000e+00 6.738556941202694661e-01 4.200940978215254168e-02
0.000000000000000000e+00 4.817125897423664149e+00 0.000000000000000000e+00
0.000000000000000000e+00 4.817125897423664149e+00 3.753856678121578194e-02
0.000000000000000000e+00 7.701207932803079137e-01 1.200268850918643875e-02
0.000000000000000000e+00 7.701207932803079137e-01 1.800403276377966072e-02
0.000000000000000000e+00 7.701207932803079137e-01 2.400537701837287749e-02
0.000000000000000000e+00 7.701207932803079137e-01 3.000672127296609773e-02
0.000000000000000000e+00 7.701207932803079137e-01 3.600806552755932144e-02
0.000000000000000000e+00 7.701207932803079137e-01 4.200940978215254168e-02
0.000000000000000000e+00 5.419266634601622279e+00 0.000000000000000000e+00
0.000000000000000000e+00 5.419266634601622279e+00 3.753856678121578194e-02
0.000000000000000000e+00 8.663858924403464723e-01 1.200268850918643875e-02
0.000000000000000000e+00 8.663858924403464723e-01 1.800403276377966072e-02
0.000000000000000000e+00 8.663858924403464723e-01 2.400537701837287749e-02
0.000000000000000000e+00 8.663858924403464723e-01 3.000672127296609773e-02
0.000000000000000000e+00 8.663858924403464723e-01 3.600806552755932144e-02
0.000000000000000000e+00 8.663858924403464723e-01 4.200940978215254168e-02
0.000000000000000000e+00 6.021407371779581297e+00 0.000000000000000000e+00
0.000000000000000000e+00 6.021407371779581297e+00 3.753856678121578194e-02
0.000000000000000000e+00 9.626509916003850309e-01 1.200268850918643875e-02
0.000000000000000000e+00 9.626509916003850309e-01 1.800403276377966072e-02
0.000000000000000000e+00 9.626509916003850309e-01 2.400537701837287749e-02
0.000000000000000000e+00 9.626509916003850309e-01 3.000672127296609773e-02
0.000000000000000000e+00 9.626509916003850309e-01 3.600806552755932144e-02
0.000000000000000000e+00 9.626509916003850309e-01 4.200940978215254168e-02
0.000000000000000000e+00 6.623548108957539426e+00 0.000000000000000000e+00
0.000000000000000000e+00 6.623548108957539426e+00 3.753856678121578194e-02
0.000000000000000000e+00 1.058916090760423590e+00 1.200268850918643875e-02
0.000000000000000000e+00 1.058916090760423590e+00 1.800403276377966072e-02
0.000000000000000000e+00 1.058916090760423590e+00 2.400537701837287749e-02
0.000000000000000000e+00 1.058916090760423590e+00 3.000672127296609773e-02
0.000000000000000000e+00 1.058916090760423590e+00 3.600806552755932144e-02
0.000000000000000000e+00 1.058916090760423590e+00 4.200940978215254168e-02
0.000000000000000000e+00 7.225688846135496668e+00 0.000000000000000000e+00
0.000000000000000000e+00 7.225688846135496668e+00 3.753856678121578194e-02
0.000000000000000000e+00 1.155181189920461815e+00 1.200268850918643875e-02
0.000000000000000000e+00 1.155181189920461815e+00 1.800403276377966072e-02
0.000000000000000000e+00 1.155181189920461815e+00 2.400537701837287749e-02
0.000000000000000000e+00 1.155181189920461815e+00 3.000672127296609773e-02
0.000000000000000000e+00 1.155181189920461815e+00 3.600806552755932144e-02
0.000000000000000000e+00 1.155181189920461815e+00 4.200940978215254168e-02
0.000000000000000000e+00 7.827829583313454798e+00 0.000000000000000000e+00
0.000000000000000000e+00 7.827829583313454798e+00 3.753856678121578194e-02
0.000000000000000000e+00 1.251446289080500263e+00 1.200268850918643875e-02
0.000000000000000000e+00 1.251446289080500263e+00 1.800403276377966072e-02
0.000000000000000000e+00 1.251446289080500263e+00 2.400537701837287749e-02
0.000000000000000000e+00 1.251446289080500263e+00 3.000672127296609773e-02
0.000000000000000000e+00 1.251446289080500263e+00 3.600806552755932144e-02
0.000000000000000000e+00 1.251446289080500263e+00 4.200940978215254168e-02
0.000000000000000000e+00 8.429970320491413815e+00 0.000000000000000000e+00
0.000000000000000000e+00 8.429970320491413815e+00 3.753856678121578194e-02
0.000000000000000000e+00 1.347711388240538932e+00 1.200268850918643875e-02
0.000000000000000000e+00 1.347711388240538932e+00 1.800403276377966072e-02
0.000000000000000000e+00 1.347711388240538932e+00 2.400537701837287749e-02
0.000000000000000000e+00 1.347711388240538932e+00 3.000672127296609773e-02
0.000000000000000000e+00 1.347711388240538932e+00 3.600806552755932144e-02
0.000000000000000000e+00 1.347711388240538932e+00 4.200940978215254168e-02
5.132487886249527120e-01 0.000000000000000000e+00 0.000000000000000000e+00
5.132487886249527120e-01 0.000000000000000000e+00 3.753856678121578194e-02
8.205381645877345143e-02 0.000000000000000000e+00 1.200268850918643875e-02
8.205381645877345143e-02 0.000000000000000000e+00 1.800403276377966072e-02
8.205381645877345143e-02 0.000000000000000000e+00 2.400537701837287749e-02
8.205381645877345143e-02 0.000000000000000000e+00 3.000672127296609773e-02
8.205381645877345143e-02 0.000000000000000000e+00 3.600806552755932144e-02
8.205381645877345143e-02 0.000000000000000000e+00 4.200940978215254168e-02
5.132487886249527120e-01 6.021407371779580187e-01 0.000000000000000000e+00
5.132487886249527120e-01 6.021407371779580187e-01 3.753856678121578194e-02
8.205381645877345143e-02 9.626509916003848921e-02 1.200268850918643875e-02
8.205381645877345143e-02 9.626509916003848921e-02 1.800403276377966072e-02
8.205381645877345143e-02 9.626509916003848921e-02 2.400537701837287749e-02
8.205381645877345143e-02 9.626509916003848921e-02 3.000672127296609773e-02
8.205381645877345143e-02 9.626509916003848921e-02 3.600806552755932144e-02
8.205381645877345143e-02 9.626509916003848921e-02 4.200940978215254168e-02
5.132487886249527120e-01 1.204281474355916037e+00 0.000000000000000000e+00
5.132487886249527120e-01 1.204281474355916037e+00 3.753856678121578194e-02
8.205381645877345143e-02 1.925301983200769784e-01 1.200268850918643875e-02
8.205381645877345143e-02 1.925301983200769784e-01 1.800403276377966072e-02
8.205381645877345143e-02 1.925301983200769784e-01 2.400537701837287749e-02
8.205381645877345143e-02 1.925301983200769784e-01 3.000672127296609773e-02
8.205381645877345143e-02 1.925301983200769784e-01 3.600806552755932144e-02
8.205381645877345143e-02 1.925301983200769784e-01 4.200940978215254168e-02
5.132487886249527120e-01 1.806422211533874167e+00 0.000000000000000000e+00
5.132487886249527120e-01 1.806422211533874167e+00 3.753856678121578194e-02
8.205381645877345143e-02 2.887952974801154538e-01 1.200268850918643875e-02
8.205381645877345143e-02 2.887952974801154538e-01 1.800403276377966072e-02
8.205381645877345143e-02 2.887952974801154538e-01 2.400537701837287749e-02
8.205381645877345143e-02 2.887952974801154538e-01 3.000672127296609773e-02
8.205381645877345143e-02 2.887952974801154538e-01 3.600806552755932144e-02
8.205381645877345143e-02 2.887952974801154538e-01 4.200940978215254168e-02
5.132487886249527120e-01 2.408562948711832075e+00 0.000000000000000000e+00
5.132487886249527120e-01 2.408562948711832075e+00 3.753856678121578194e-02
8.205381645877345143e-02 3.850603966401539568e-01 1.200268850918643875e-02
8.205381645877345143e-02 3.850603966401539568e-01 1.800403276377966072e-02
8.205381645877345143e-02 3.850603966401539568e-01 2.400537701837287749e-02
8.205381645877345143e-02 3.850603966401539568e-01 3.000672127296609773e-02
8.205381645877345143e-02 3.850603966401539568e-01 3.600806552755932144e-02
8.205381645877345143e-02 3.850603966401539568e-01 4.200940978215254168e-02
5.132487886249527120e-01 3.010703685889790648e+00 0.000000000000000000e+00
5.132487886249527120e-01 3.010703685889790648e+00 3.753856678121578194e-02
8.205381645877345143e-02 4.813254958001925154e-01 1.200268850918643875e-02
8.205381645877345143e-02 4.813254958001925154e-01 1.800403276377966072e-02
8.205381645877345143e-02 4.813254958001925154e-01 2.400537701837287749e-02
8.205381645877345143e-02 4.813254958001925154e-01 3.000672127296609773e-02
8.205381645877345143e-02 4.813254958001925154e-01 3.600806552755932144e-02
8.205381645877345143e-02 4.813254958001925154e-01 4.200940978215254168e-02
5.132487886249527120e-01 3.612844423067748334e+00 0.000000000000000000e+00
5.132487886249527120e-01 3.612844423067748334e+00 3.753856678121578194e-02
8.205381645877345143e-02 5.775905949602309075e-01 1.200268850918643875e-02
8.205381645877345143e-02 5.775905949602309075e-01 1.800403276377966072e-02
8.205381645877345143e-02 5.775905949602309075e-01 2.400537701837287749e-02
8.205381645877345143e-02 5.775905949602309075e-01 3.000672127296609773e-02
8.205381645877345143e-02 5.775905949602309075e-01 3.600806552755932144e-02
8.205381645877345143e-02 5.775905949602309075e-01 4.200940978215254168e-02
5.132487886249527120e-01 4.214985160245706020e+00 0.000000000000000000e+00
5.132487886249527120e-01 4.214985160245706020e+00 3.753856678121578194e-02
8.205381645877345143e-02 6.738556941202694661e-01 1.200268850918643875e-02
8.205381645877345143e-02 6.738556941202694661e-01 1.800403276377966072e-02
8.205381645877345143e-02 6.738556941202694661e-01 2.400537701837287749e-02
8.205381645877345143e-02 6.738556941202694661e-01 3.000672127296609773e-02
8.205381645877345143e-02 6.738556941202694661e-01 3.600806552755932144e-02
8.205381645877345143e-02 6.738556941202694661e-01 4.200940978215254168e-02
5.132487886249527120e-01 4.817125897423664149e+00 0.000000000000000000e+00
5.132487886249527120e-01 4.817125897423664149e+00 3.753856678121578194e-02
8.205381645877345143e-02 7.701207932803079137e-01 1.200268850918643875e-02
8.205381645877345143e-02 7.701207932803079137e-01 1.800403276377966072e-02
8.205381645877345143e-02 7.701207932803079137e-01 2.400537701837287749e-02
8.205381645877345143e-02 7.701207932803079137e-01 3.000672127296609773e-02
8.205381645877345143e-02 7.701207932803079137e-01 3.600806552755932144e-02
8.205381645877345143e-02 7.701207932803079137e-01 4.200940978215254168e-02
5.132487886249527120e-01 5.419266634601622279e+00 0.000000000000000000e+00
5.132487886249527120e-01 5.419266634601622279e+00 3.753856678121578194e-02
8.205381645877345143e-02 8.663858924403464723e-01 1.200268850918643875e-02
8.205381645877345143e-02 8.663858924403464723e-01 1.800403276377966072e-02
8.205381645877345143e-02 8.663858924403464723e-01 2.400537701837287749e-02
8.205381645877345143e-02 8.663858924403464723e-01 3.000672127296609773e-02
8.205381645877345143e-02 8.663858924403464723e-01 3.600806552755932144e-02
8.205381645877345143e-02 8.663858924403464723e-01 4.200940978215254168e-02
5.132487886249527120e-01 6.021407371779581297e+00 0.000000000000000000e+00
5.132487886249527120e-01 6.021407371779581297e+00 3.753856678121578194e-02
8.205381645877345143e-02 9.626509916003850309e-01 1.200268850918643875e-02
8.205381645877345143e-02 9.626509916003850309e-01 1.800403276377966072e-02
8.205381645877345143e-02 9.626509916003850309e-01 2.400537701837287749e-02
8.205381645877345143e-02 9.626509916003850309e-01 3.000672127296609773e-02
8.205381645877345143e-02 9.626509916003850309e-01 3.600806552755932144e-02
8.205381645877345143e-02 9.626509916003850309e-01 4.200940978215254168e-02
5.132487886249527120e-01 6.623548108957539426e+00 0.000000000000000000e+00
5.132487886249527120e-01 6.623548108957539426e+00 3.753856678121578194e-02
8.205381645877345143e-02 1.058916090760423590e+00 1.200268850918643875e-02
8.205381645877345143e-02 1.058916090760423590e+00 1.800403276377966072e-02
8.205381645877345143e-02 1.058916090760423590e+00 2.400537701837287749e-02
8.205381645877345143e-02 1.058916090760423590e+00 3.000672127296609773e-02
8.205381645877345143e-02 1.058916090760423590e+00 3.600806552755932144e-02
8.205381645877345143e-02 1.058916090760423590e+00 4.200940978215254168e-02
5.132487886249527120e-01 7.225688846135496668e+00 0.000000000000000000e+00
5.132487886249527120e-01 7.225688846135496668e+00 3.753856678121578194e-02
8.205381645877345143e-02 1.155181189920461815e+00 1.200268850918643875e-02
8.205381645877345143e-02 1.155181189920461815e+00 1.800403276377966072e-02
8.205381645877345143e-02 1.155181189920461815e+00 2.400537701837287749e-02
8.205381645877345143e-02 1.155181189920461815e+00 3.000672127296609773e-02
8.205381645877345143e-02 1.155181189920461815e+00 3.600806552755932144e-02
8.205381645877345143e-02 1.155181189920461815e+00 4.200940978215254168e-02
5.132487886249527120e-01 7.827829583313454798e+00 0.000000000000000000e+00
5.132487886249527120e-01 7.827829583313454798e+00 3.753856678121578194e-02
8.205381645877345143e-02 1.251446289080500263e+00 1.200268850918643875e-02
8.205381645877345143e-02 1.251446289080500263e+00 1.800403276377966072e-02
8.205381645877345143e-02 1.251446289080500263e+00 2.400537701837287749e-02
8.205381645877345143e-02 1.251446289080500263e+00 3.000672127296609773e-02
8.205381645877345143e-02 1.251446289080500263e+00 3.600806552755932144e-02
8.205381645877345143e-02 1.251446289080500263e+00 4.200940978215254168e-02
5.132487886249527120e-01 8.429970320491413815e+00 0.000000000000000000e+00
5.132487886249527120e-01 8.429970320491413815e+00 3.753856678121578194e-02
8.205381645877345143e-02 1.347711388240538932e+00 1.200268850918643875e-02
8.205381645877345143e-02 1.347711388240538932e+00 1.800403276377966072e-02
8.205381645877345143e-02 1.347711388240538932e+00 2.400537701837287749e-02
8.205381645877345143e-02 1.347711388240538932e+00 3.000672127296609773e-02
8.205381645877345143e-02 1.347711388240538932e+00 3.600806552755932144e-02
8.205381645877345143e-02 1.347711388240538932e+00 4.200940978215254168e-02
1.026497577249905424e+00 0.000000000000000000e+00 0.000000000000000000e+00
1.026497577249905424e+00 0.000000000000000000e+00 3.753856678121578194e-02
1.641076329175469029e-01 0.000000000000000000e+00 1.200268850918643875e-02
1.641076329175469029e-01 0.000000000000000000e+00 1.800403276377966072e-02
1.641076329175469029e-01 0.000000000000000000e+00 2.400537701837287749e-02
1.641076329175469029e-01 0.000000000000000000e+00 3.000672127296609773e-02
1.641076329175469029e-01 0.000000000000000000e+00 3.600806552755932144e-02
1.641076329175469029e-01 0.000000000000000000e+00 4.200940978215254168e-02
1.026497577249905424e+00 6.021407371779580187e-01 0.000000000000000000e+00
1.026497577249905424e+00 6.021407371779580187e-01 3.753856678121578194e-02
1.641076329175469029e-01 9.626509916003848921e-02 1.200268850918643875e-02
1.641076329175469029e-01 9.626509916003848921e-02 1.800403276377966072e-02
1.641076329175469029e-01 9.626509916003848921e-02 2.400537701837287749e-02
1.641076329175469029e-01 9.626509916003848921e-02 3.000672127296609773e-02
1.641076329175469029e-01 9.626509916003848921e-02 3.600806552755932144e-02
1.641076329175469029e-01 9.626509916003848921e-02 4.200940978215254168e-02
1.026497577249905424e+00 1.204281474355916037e+00 0.000000000000000000e+00
1.026497577249905424e+00 1.204281474355916037e+00 3.753856678121578194e-02
1.641076329175469029e-01 1.925301983200769784e-01 1.200268850918643875e-02
1.641076329175469029e-01 1.925301983200769784e-01 1.800403276377966072e-02
1.641076329175469029e-01 1.925301983200769784e-01 2.400537701837287749e-02
1.641076329175469029e-01 1.925301983200769784e-01 3.000672127296609773e-02
1.641076329175469029e-01 1.925301983200769784e-01 3.600806552755932144e-02
1.641076329175469029e-01 1.925301983200769784e-01 4.200940978215254168e-02
1.026497577249905424e+00 1.806422211533874167e+00 0.000000000000000000e+00
1.026497577249905424e+00 1.806422211533874167e+00 3.753856678121578194e-02
1.641076329175469029e-01 2.887952974801154538e-01 1.200268850918643875e-02
1.641076329175469029e-01 2.887952974801154538e-01 1.800403276377966072e-02
1.641076329175469029e-01 2.887952974801154538e-01 2.400537701837287749e-02
1.641076329175469029e-01 2.887952974801154538e-01 3.000672127296609773e-02
1.641076329175469029e-01 2.887952974801154538e-01 3.600806552755932144e-02
1.641076329175469029e-01 2.887952974801154538e-01 4.200940978215254168e-02
1.026497577249905424e+00 2.408562948711832075e+00 0.000000000000000000e+00
1.026497577249905424e+00 2.408562948711832075e+00 3.753856678121578194e-02
1.641076329175469029e-01 3.850603966401539568e-01 1.200268850918643875e-02
1.641076329175469029e-01 3.850603966401539568e-01 1.800403276377966072e-02
1.641076329175469029e-01 3.850603966401539568e-01 2.400537701837287749e-02
1.641076329175469029e-01 3.850603966401539568e-01 3.000672127296609773e-02
1.641076329175469029e-01 3.850603966401539568e-01 3.600806552755932144e-02
1.641076329175469029e-01 3.850603966401539568e-01 4.200940978215254168e-02
1.026497577249905424e+00 3.010703685889790648e+00 0.000000000000000000e+00
1.026497577249905424e+00 3.010703685889790648e+00 3.753856678121578194e-02
1.641076329175469029e-01 4.813254958001925154e-01 1.200268850918643875e-02
1.641076329175469029e-01 4.813254958001925154e-01 1.800403276377966072e-02
1.641076329175469029e-01 4.813254958001925154e-01 2.400537701837287749e-02
1.641076329175469029e-01 4.813254958001925154e-01 3.000672127296609773e-02
1.641076329175469029e-01 4.813254958001925154e-01 3.600806552755932144e-02
1.641076329175469029e-01 4.813254958001925154e-01 4.200940978215254168e-02
1.026497577249905424e+00 3.612844423067748334e+00 0.000000000000000000e+00
1.026497577249905424e+00 3.612844423067748334e+00 3.753856678121578194e-02
1.641076329175469029e-01 5.775905949602309075e-01 1.200268850918643875e-02
1.641076329175469029e-01 5.775905949602309075e-01 1.800403276377966072e-02
1.641076329175469029e-01 5.775905949602309075e-01 2.400537701837287749e-02
1.641076329175469029e-01 5.775905949602309075e-01 3.000672127296609773e-02
1.641076329175469029e-01 5.775905949602309075e-01 3.600806552755932144e-02
1.641076329175469029e-01 5.775905949602309075e-01 4.200940978215254168e-02
1.026497577249905424e+00 4.214985160245706020e+00 0.000000000000000000e+00
1.026497577249905424e+00 4.214985160245706020e+00 3.753856678121578194e-02
1.641076329175469029e-01 6.738556941202694661e-01 1.200268850918643875e-02
1.641076329175469029e-01 6.738556941202694661e-01 1.800403276377966072e-02
1.641076329175469029e-01 6.738556941202694661e-01 2.400537701837287749e-02
1.641076329175469029e-01 6.738556941202694661e-01 3.000672127296609773e-02
1.641076329175469029e-01 6.738556941202694661e-01 3.600806552755932144e-02
1.641076329175469029e-01 6.738556941202694661e-01 4.200940978215254168e-02
1.026497577249905424e+00 4.817125897423664149e+00 0.000000000000000000e+00
1.026497577249905424e+00 4.817125897423664149e+00 3.753856678121578194e-02
1.641076329175469029e-01 7.701207932803079137e-01 1.200268850918643875e-02
1.641076329175469029e-01 7.701207932803079137e-01 1.800403276377966072e-02
1.641076329175469029e-01 7.701207932803079137e-01 2.400537701837287749e-02
1.641076329175469029e-01 7.701207932803079137e-01 3.000672127296609773e-02
1.641076329175469029e-01 7.701207932803079137e-01 3.600806552755932144e-02
1.641076329175469029e-01 7.701207932803079137e-01 4.200940978215254168e-02
1.026497577249905424e+00 5.419266634601622279e+00 0.000000000000000000e+00
1.026497577249905424e+00 5.419266634601622279e+00 3.753856678121578194e-02
1.641076329175469029e-01 8.663858924403464723e-01 1.200268850918643875e-02
1.641076329175469029e-01 8.663858924403464723e-01 1.800403276377966072e-02
1.641076329175469029e-01 8.663858924403464723e-01 2.400537701837287749e-02
1.641076329175469029e-01 8.663858924403464723e-01 3.000672127296609773e-02
1.641076329175469029e-01 8.663858924403464723e-01 3.600806552755932144e-02
1.641076329175469029e-01 8.663858924403464723e-01 4.200940978215254168e-02
1.026497577249905424e+00 6.021407371779581297e+00 0.000000000000000000e+00
1.026497577249905424e+00 6.021407371779581297e+00 3.753856678121578194e-02
1.641076329175469029e-01 9.626509916003850309e-01 1.200268850918643875e-02
1.641076329175469029e-01 9.626509916003850309e-01 1.800403276377966072e-02
1.641076329175469029e-01 9.626509916003850309e-01 2.400537701837287749e-02
1.641076329175469029e-01 9.626509916003850309e-01 3.000672127296609773e-02
1.641076329175469029e-01 9.626509916003850309e-01 3.600806552755932144e-02
1.641076329175469029e-01 9.626509916003850309e-01 4.200940978215254168e-02
1.026497577249905424e+00 6.623548108957539426e+00 0.000000000000000000e+00
1.026497577249905424e+00 6.623548108957539426e+00 3.753856678121578194e-02
1.641076329175469029e-01 1.058916090760423590e+00 1.200268850918643875e-02
1.641076329175469029e-01 1.058916090760423590e+00 1.800403276377966072e-02
1.641076329175469029e-01 1.058916090760423590e+00 2.400537701837287749e-02
1.641076329175469029e-01 1.058916090760423590e+00 3.000672127296609773e-02
1.641076329175469029e-01 1.058916090760423590e+00 3.600806552755932144e-02
1.641076329175469029e-01 1.058916090760423590e+00 4.200940978215254168e-02
1.026497577249905424e+00 7.225688846135496668e+00 0.000000000000000000e+00
1.026497577249905424e+00 7.225688846135496668e+00 3.753856678121578194e-02
1.641076329175469029e-01 1.155181189920461815e+00 1.200268850918643875e-02
1.641076329175469029e-01 1.155181189920461815e+00 1.800403276377966072e-02
1.641076329175469029e-01 1.155181189920461815e+00 2.400537701837287749e-02
1.641076329175469029e-01 1.155181189920461815e+00 3.000672127296609773e-02
1.641076329175469029e-01 1.155181189920461815e+00 3.600806552755932144e-02
1.641076329175469029e-01 1.155181189920461815e+00 4.200940978215254168e-02
1.026497577249905424e+00 7.827829583313454798e+00 0.000000000000000000e+00
1.026497577249905424e+00 7.827829583313454798e+00 3.753856678121578194e-02
1.641076329175469029e-01 1.251446289080500263e+00 1.200268850918643875e-02
1.641076329175469029e-01 1.251446289080500263e+00 1.800403276377966072e-02
1.641076329175469029e-01 1.251446289080500263e+00 2.400537701837287749e-02
1.641076329175469029e-01 1.251446289080500263e+00 3.000672127296609773e-02
1.641076329175469029e-01 1.251446289080500263e+00 3.600806552755932144e-02
1.641076329175469029e-01 1.251446289080500263e+00 4.200940978215254168e-02
1.026497577249905424e+00 8.429970320491413815e+00 0.000000000000000000e+00
1.026497577249905424e+00 8.429970320491413815e+00 3.753856678121578194e-02
1.641076329175469029e-01 1.347711388240538932e+00 1.200268850918643875e-02
1.641076329175469029e-01 1.347711388240538932e+00 1.800403276377966072e-02
1.641076329175469029e-01 1.347711388240538932e+00 2.400537701837287749e-02
1.641076329175469029e-01 1.347711388240538932e+00 3.000672127296609773e-02
1.641076329175469029e-01 1.347711388240538932e+00 3.600806552755932144e-02
1.641076329175469029e-01 1.347711388240538932e+00 4.200940978215254168e-02
1.539746365874858247e+00 0.000000000000000000e+00 0.000000000000000000e+00
1.539746365874858247e+00 0.000000000000000000e+00 3.753856678121578194e-02
2.461614493763203404e-01 0.000000000000000000e+00 1.200268850918643875e-02
2.461614493763203404e-01 0.000000000000000000e+00 1.800403276377966072e-02
2.461614493763203404e-01 0.000000000000000000e+00 2.400537701837287749e-02
2.461614493763203404e-01 0.000000000000000000e+00 3.000672127296609773e-02
2.461614493763203404e-01 0.000000000000000000e+00 3.600806552755932144e-02
2.461614493763203404e-01 0.000000000000000000e+00 4.200940978215254168e-02
1.539746365874858247e+00 6.021407371779580187e-01 0.000000000000000000e+00
1.539746365874858247e+00 6.021407371779580187e-01 3.753856678121578194e-02
2.461614493763203404e-01 9.626509916003848921e-02 1.200268850918643875e-02
2.461614493763203404e-01 9.626509916003848921e-02 1.800403276377966072e-02
2.461614493763203404e-01 9.626509916003848921e-02 2.400537701837287749e-02
2.461614493763203404e-01 9.626509916003848921e-02 3.000672127296609773e-02
2.461614493763203404e-01 9.626509916003848921e-02 3.600806552755932144e-02
2.461614493763203404e-01 9.626509916003848921e-02 4.200940978215254168e-02
1.539746365874858247e+00 1.204281474355916037e+00 0.000000000000000000e+00
1.539746365874858247e+00 1.204281474355916037e+00 3.753856678121578194e-02
2.461614493763203404e-01 1.925301983200769784e-01 1.200268850918643875e-02
2.461614493763203404e-01 1.925301983200769784e-01 1.800403276377966072e-02
2.461614493763203404e-01 1.925301983200769784e-01 2.400537701837287749e-02
2.461614493763203404e-01 1.925301983200769784e-01 3.000672127296609773e-02
2.461614493763203404e-01 1.925301983200769784e-01 3.600806552755932144e-02
2.461614493763203404e-01 1.925301983200769784e-01 4.200940978215254168e-02
1.539746365874858247e+00 1.806422211533874167e+00 0.000000000000000000e+00
1.539746365874858247e+00 1.806422211533874167e+00 3.753856678121578194e-02
2.461614493763203404e-01 2.887952974801154538e-01 1.200268850918643875e-02
2.461614493763203404e-01 2.887952974801154538e-01 1.800403276377966072e-02
2.461614493763203404e-01 2.887952974801154538e-01 2.400537701837287749e-02
2.461614493763203404e-01 2.887952974801154538e-01 3.000672127296609773e-02
2.461614493763203404e-01 2.887952974801154538e-01 3.600806552755932144e-02
2.461614493763203404e-01 2.887952974801154538e-01 4.200940978215254168e-02
1.539746365874858247e+00 2.408562948711832075e+00 0.000000000000000000e+00
1.539746365874858247e+00 2.408562948711832075e+00 3.753856678121578194e-02
2.461614493763203404e-01 3.850603966401539568e-01 1.200268850918643875e-02
2.461614493763203404e-01 3.850603966401539568e-01 1.800403276377966072e-02
2.461614493763203404e-01 3.850603966401539568e-01 2.400537701837287749e-02
2.461614493763203404e-01 3.850603966401539568e-01 3.000672127296609773e-02
2.461614493763203404e-01 3.850603966401539568e-01 3.600806552755932144e-02
2.461614493763203404e-01 3.850603966401539568e-01 4.200940978215254168e-02
1.539746365874858247e+00 3.010703685889790648e+00 0.000000000000000000e+00
1.539746365874858247e+00 3.010703685889790648e+00 3.753856678121578194e-02
2.461614493763203404e-01 4.813254958001925154e-01 1.200268850918643875e-02
2.461614493763203404e-01 4.813254958001925154e-01 1.800403276377966072e-02
2.461614493763203404e-01 4.813254958001925154e-01 2.400537701837287749e-02
2.461614493763203404e-01 4.813254958001925154e-01 3.000672127296609773e-02
2.461614493763203404e-01 4.813254958001925154e-01 3.600806552755932144e-02
2.461614493763203404e-01 4.813254958001925154e-01 4.200940978215254168e-02
1.539746365874858247e+00 3.612844423067748334e+00 0.000000000000000000e+00
1.539746365874858247e+00 3.612844423067748334e+00 3.753856678121578194e-02
2.461614493763203404e-01 5.775905949602309075e-01 1.200268850918643875e-02
2.461614493763203404e-01 5.775905949602309075e-01 1.800403276377966072e-02
2.461614493763203404e-01 5.775905949602309075e-01 2.400537701837287749e-02
2.461614493763203404e-01 5.775905949602309075e-01 3.000672127296609773e-02
2.461614493763203404e-01 5.775905949602309075e-01 3.600806552755932144e-02
2.461614493763203404e-01 5.775905949602309075e-01 4.200940978215254168e-02
1.539746365874858247e+00 4.214985160245706020e+00 0.000000000000000000e+00
1.539746365874858247e+00 4.214985160245706020e+00 3.753856678121578194e-02
2.461614493763203404e-01 6.738556941202694661e-01 1.200268850918643875e-02
2.461614493763203404e-01 6.738556941202694661e-01 1.800403276377966072e-02
2.461614493763203404e-01 6.738556941202694661e-01 2.400537701837287749e-02
2.461614493763203404e-01 6.738556941202694661e-01 3.000672127296609773e-02
2.461614493763203404e-01 6.738556941202694661e-01 3.600806552755932144e-02
2.461614493763203404e-01 6.738556941202694661e-01 4.200940978215254168e-02
1.539746365874858247e+00 4.817125897423664149e+00 0.000000000000000000e+00
1.539746365874858247e+00 4.817125897423664149e+00 3.753856678121578194e-02
2.461614493763203404e-01 7.701207932803079137e-01 1.200268850918643875e-02
2.461614493763203404e-01 7.701207932803079137e-01 1.800403276377966072e-02
2.461614493763203404e-01 7.701207932803079137e-01 2.400537701837287749e-02
2.461614493763203404e-01 7.701207932803079137e-01 3.000672127296609773e-02
2.461614493763203404e-01 7.701207932803079137e-01 3.600806552755932144e-02
2.461614493763203404e-01 7.701207932803079137e-01 4.200940978215254168e-02
1.539746365874858247e+00 5.419266634601622279e+00 0.000000000000000000e+00
1.539746365874858247e+00 5.419266634601622279e+00 3.753856678121578194e-02
2.461614493763203404e-01 8.663858924403464723e-01 1.200268850918643875e-02
2.461614493763203404e-01 8.663858924403464723e-01 1.800403276377966072e-02
2.461614493763203404e-01 8.663858924403464723e-01 2.400537701837287749e-02
2.461614493763203404e-01 8.663858924403464723e-01 3.000672127296609773e-02
2.461614493763203404e-01 8.663858924403464723e-01 3.600806552755932144e-02
2.461614493763203404e-01 8.663858924403464723e-01 4.200940978215254168e-02
1.539746365874858247e+00 6.021407371779581297e+00 0.000000000000000000e+00
1.539746365874858247e+00 6.021407371779581297e+00 3.753856678121578194e-02
2.461614493763203404e-01 9.626509916003850309e-01 1.200268850918643875e-02
2.461614493763203404e-01 9.626509916003850309e-01 1.800403276377966072e-02
2.461614493763203404e-01 9.626509916003850309e-01 2.400537701837287749e-02
2.461614493763203404e-01 9.626509916003850309e-01 3.000672127296609773e-02
2.461614493763203404e-01 9.626509916003850309e-01 3.600806552755932144e-02
2.461614493763203404e-01 9.626509916003850309e-01 4.200940978215254168e-02
1.539746365874858247e+00 6.623548108957539426e+00 0.000000000000000000e+00
1.539746365874858247e+00 6.623548108957539426e+00 3.753856678121578194e-02
2.461614493763203404e-01 1.058916090760423590e+00 1.200268850918643875e-02
2.461614493763203404e-01 1.058916090760423590e+00 1.800403276377966072e-02
2.461614493763203404e-01 1.058916090760423590e+00 2.400537701837287749e-02
2.461614493763203404e-01 1.058916090760423590e+00 3.000672127296609773e-02
2.461614493763203404e-01 1.058916090760423590e+00 3.600806552755932144e-02
2.461614493763203404e-01 1.058916090760423590e+00 4.200940978215254168e-02
1.539746365874858247e+00 7.225688846135496668e+00 0.000000000000000000e+00
1.539746365874858247e+00 7.225688846135496668e+00 3.753856678121578194e-02
2.461614493763203404e-01 1.155181189920461815e+00 1.200268850918643875e-02
2.461614493763203404e-01 1.155181189920461815e+00 1.800403276377966072e-02
2.461614493763203404e-01 1.155181189920461815e+00 2.400537701837287749e-02
2.461614493763203404e-01 1.155181189920461815e+00 3.000672127296609773e-02
2.461614493763203404e-01 1.155181189920461815e+00 3.600806552755932144e-02
2.461614493763203404e-01 1.155181189920461815e+00 4.200940978215254168e-02
1.539746365874858247e+00 7.827829583313454798e+00 0.000000000000000000e+00
1.539746365874858247e+00 7.827829583313454798e+00 3.753856678121578194e-02
2.461614493763203404e-01 1.251446289080500263e+00 1.200268850918643875e-02
2.461614493763203404e-01 1.251446289080500263e+00 1.800403276377966072e-02
2.461614493763203404e-01 1.251446289080500263e+00 2.400537701837287749e-02
2.461614493763203404e-01 1.251446289080500263e+00 3.000672127296609773e-02
2.461614493763203404e-01 1.251446289080500263e+00 3.600806552755932144e-02
2.461614493763203404e-01 1.251446289080500263e+00 4.200940978215254168e-02
1.539746365874858247e+00 8.429970320491413815e+00 0.000000000000000000e+00
1.539746365874858247e+00 8.429970320491413815e+00 3.753856678121578194e-02
2.461614493763203404e-01 1.347711388240538932e+00 1.200268850918643875e-02
2.461614493763203404e-01 1.347711388240538932e+00 1.800403276377966072e-02
2.461614493763203404e-01 1.347711388240538932e+00 2.400537701837287749e-02
2.461614493763203404e-01 1.347711388240538932e+00 3.000672127296609773e-02
2.461614493763203404e-01 1.347711388240538932e+00 3.600806552755932144e-02
2.461614493763203404e-01 1.347711388240538932e+00 4.200940978215254168e-02
2.052995154499810848e+00 0.000000000000000000e+00 0.000000000000000000e+00
2.052995154499810848e+00 0.000000000000000000e+00 3.753856678121578194e-02
3.282152658350938057e-01 0.000000000000000000e+00 1.200268850918643875e-02
3.282152658350938057e-01 0.000000000000000000e+00 1.800403276377966072e-02
3.282152658350938057e-01 0.000000000000000000e+00 2.400537701837287749e-02
3.282152658350938057e-01 0.000000000000000000e+00 3.000672127296609773e-02
3.282152658350938057e-01 0.000000000000000000e+00 3.600806552755932144e-02
3.282152658350938057e-01 0.000000000000000000e+00 4.200940978215254168e-02
2.052995154499810848e+00 6.021407371779580187e-01 0.000000000000000000e+00
2.052995154499810848e+00 6.021407371779580187e-01 3.753856678121578194e-02
3.282152658350938057e-01 9.626509916003848921e-02 1.200268850918643875e-02
3.282152658350938057e-01 9.626509916003848921e-02 1.800403276377966072e-02
3.282152658350938057e-01 9.626509916003848921e-02 2.400537701837287749e-02
3.282152658350938057e-01 9.626509916003848921e-02 3.000672127296609773e-02
3.282152658350938057e-01 9.626509916003848921e-02 3.600806552755932144e-02
3.282152658350938057e-01 9.626509916003848921e-02 4.200940978215254168e-02
2.052995154499810848e+00 1.204281474355916037e+00 0.000000000000000000e+00
2.052995154499810848e+00 1.204281474355916037e+00 3.753856678121578194e-02
3.282152658350938057e-01 1.925301983200769784e-01 1.200268850918643875e-02
3.282152658350938057e-01 1.925301983200769784e-01 1.800403276377966072e-02
3.282152658350938057e-01 1.925301983200769784e-01 2.400537701837287749e-02
3.282152658350938057e-01 1.925301983200769784e-01 3.000672127296609773e-02
3.282152658350938057e-01 1.925301983200769784e-01 3.600806552755932144e-02
3.282152658350938057e-01 1.925301983200769784e-01 4.200940978215254168e-02
2.052995154499810848e+00 1.806422211533874167e+00 0.000000000000000000e+00
2.052995154499810848e+00 1.806422211533874167e+00 3.753856678121578194e-02
3.282152658350938057e-01 2.887952974801154538e-01 1.200268850918643875e-02
3.282152658350938057e-01 2.887952974801154538e-01 1.800403276377966072e-02
3.282152658350938057e-01 2.887952974801154538e-01 2.400537701837287749e-02
3.282152658350938057e-01 2.887952974801154538e-01 3.000672127296609773e-02
3.282152658350938057e-01 2.887952974801154538e-01 3.600806552755932144e-02
3.282152658350938057e-01 2.887952974801154538e-01 4.200940978215254168e-02
2.052995154499810848e+00 2.408562948711832075e+00 0.000000000000000000e+00
2.052995154499810848e+00 2.408562948711832075e+00 3.753856678121578194e-02
3.282152658350938057e-01 3.850603966401539568e-01 1.200268850918643875e-02
3.282152658350938057e-01 3.850603966401539568e-01 1.800403276377966072e-02
3.282152658350938057e-01 3.850603966401539568e-01 2.400537701837287749e-02
3.282152658350938057e-01 3.850603966401539568e-01 3.000672127296609773e-02
3.282152658350938057e-01 3.850603966401539568e-01 3.600806552755932144e-02
3.282152658350938057e-01 3.850603966401539568e-01 4.200940978215254168e-02
2.052995154499810848e+00 3.010703685889790648e+00 0.000000000000000000e+00
2.052995154499810848e+00 3.010703685889790648e+00 3.753856678121578194e-02
3.282152658350938057e-01 4.813254958001925154e-01 1.200268850918643875e-02
3.282152658350938057e-01 4.813254958001925154e-01 1.800403276377966072e-02
3.282152658350938057e-01 4.813254958001925154e-01 2.400537701837287749e-02
3.282152658350938057e-01 4.813254958001925154e-01 3.000672127296609773e-02
3.282152658350938057e-01 4.813254958001925154e-01 3.600806552755932144e-02
3.282152658350938057e-01 4.813254958001925154e-01 4.200940978215254168e-02
2.052995154499810848e+00 3.612844423067748334e+00 0.000000000000000000e+00
2.052995154499810848e+00 3.612844423067748334e+00 3.753856678121578194e-02
3.282152658350938057e-01 5.775905949602309075e-01 1.200268850918643875e-02
3.282152658350938057e-01 5.775905949602309075e-01 1.800403276377966072e-02
3.282152658350938057e-01 5.775905949602309075e-01 2.400537701837287749e-02
3.282152658350938057e-01 5.775905949602309075e-01 3.000672127296609773e-02
3.282152658350938057e-01 5.775905949602309075e-01 3.600806552755932144e-02
3.282152658350938057e-01 5.775905949602309075e-01 4.200940978215254168e-02
2.052995154499810848e+00 4.214985160245706020e+00 0.000000000000000000e+00
2.052995154499810848e+00 4.214985160245706020e+00 3.753856678121578194e-02
3.282152658350938057e-01 6.738556941202694661e-01 1.200268850918643875e-02
3.282152658350938057e-01 6.738556941202694661e-01 1.800403276377966072e-02
3.282152658350938057e-01 6.738556941202694661e-01 2.400537701837287749e-02
3.282152658350938057e-01 6.738556941202694661e-01 3.000672127296609773e-02
3.282152658350938057e-01 6.738556941202694661e-01 3.600806552755932144e-02
3.282152658350938057e-01 6.738556941202694661e-01 4.200940978215254168e-02
2.052995154499810848e+00 4.817125897423664149e+00 0.000000000000000000e+00
2.052995154499810848e+00 4.817125897423664149e+00 3.753856678121578194e-02
3.282152658350938057e-01 7.701207932803079137e-01 1.200268850918643875e-02
3.282152658350938057e-01 7.701207932803079137e-01 1.800403276377966072e-02
3.282152658350938057e-01 7.701207932803079137e-01 2.400537701837287749e-02
3.282152658350938057e-01 7.701207932803079137e-01 3.000672127296609773e-02
3.282152658350938057e-01 7.701207932803079137e-01 3.600806552755932144e-02
3.282152658350938057e-01 7.701207932803079137e-01 4.200940978215254168e-02
2.052995154499810848e+00 5.419266634601622279e+00 0.000000000000000000e+00
2.052995154499810848e+00 5.419266634601622279e+00 3.753856678121578194e-02
3.282152658350938057e-01 8.663858924403464723e-01 1.200268850918643875e-02
3.282152658350938057e-01 8.663858924403464723e-01 1.800403276377966072e-02
3.282152658350938057e-01 8.663858924403464723e-01 2.400537701837287749e-02
3.282152658350938057e-01 8.663858924403464723e-01 3.000672127296609773e-02
3.282152658350938057e-01 8.663858924403464723e-01 3.600806552755932144e-02
3.282152658350938057e-01 8.663858924403464723e-01 4.200940978215254168e-02
2.052995154499810848e+00 6.021407371779581297e+00 0.000000000000000000e+00
2.052995154499810848e+00 6.021407371779581297e+00 3.753856678121578194e-02
3.282152658350938057e-01 9.626509916003850309e-01 1.200268850918643875e-02
3.282152658350938057e-01 9.626509916003850309e-01 1.800403276377966072e-02
3.282152658350938057e-01 9.626509916003850309e-01 2.400537701837287749e-02
3.282152658350938057e-01 9.626509916003850309e-01 3.000672127296609773e-02
3.282152658350938057e-01 9.626509916003850309e-01 3.600806552755932144e-02
3.282152658350938057e-01 9.626509916003850309e-01 4.200940978215254168e-02
2.052995154499810848e+00 6.623548108957539426e+00 0.000000000000000000e+00
2.052995154499810848e+00 6.623548108957539426e+00 3.753856678121578194e-02
3.282152658350938057e-01 1.058916090760423590e+00 1.200268850918643875e-02
3.282152658350938057e-01 1.058916090760423590e+00 1.800403276377966072e-02
3.282152658350938057e-01 1.058916090760423590e+00 2.400537701837287749e-02
3.282152658350938057e-01 1.058916090760423590e+00 3.000672127296609773e-02
3.282152658350938057e-01 1.058916090760423590e+00 3.600806552755932144e-02
3.282152658350938057e-01 1.058916090760423590e+00 4.200940978215254168e-02
2.052995154499810848e+00 7.225688846135496668e+00 0.000000000000000000e+00
2.052995154499810848e+00 7.225688846135496668e+00 3.753856678121578194e-02
3.282152658350938057e-01 1.155181189920461815e+00 1.200268850918643875e-02
3.282152658350938057e-01 1.155181189920461815e+00 1.800403276377966072e-02
3.282152658350938057e-01 1.155181189920461815e+00 2.400537701837287749e-02
3.282152658350938057e-01 1.155181189920461815e+00 3.000672127296609773e-02
3.282152658350938057e-01 1.155181189920461815e+00 3.600806552755932144e-02
3.282152658350938057e-01 1.155181189920461815e+00 4.200940978215254168e-02
2.052995154499810848e+00 7.827829583313454798e+00 0.000000000000000000e+00
2.052995154499810848e+00 7.827829583313454798e+00 3.753856678121578194e-02
3.282152658350938057e-01 1.251446289080500263e+00 1.200268850918643875e-02
3.282152658350938057e-01 1.251446289080500263e+00 1.800403276377966072e-02
3.282152658350938057e-01 1.251446289080500263e+00 2.400537701837287749e-02
3.282152658350938057e-01 1.251446289080500263e+00 3.000672127296609773e-02
3.282152658350938057e-01 1.251446289080500263e+00 3.600806552755932144e-02
3.282152658350938057e-01 1.251446289080500263e+00 4.200940978215254168e-02
2.052995154499810848e+00 8.429970320491413815e+00 0.000000000000000000e+00
2.052995154499810848e+00 8.429970320491413815e+00 3.753856678121578194e-02
3.282152658350938057e-01 1.347711388240538932e+00 1.200268850918643875e-02
3.282152658350938057e-01 1.347711388240538932e+00 1.800403276377966072e-02
3.282152658350938057e-01 1.347711388240538932e+00 2.400537701837287749e-02
3.282152658350938057e-01 1.347711388240538932e+00 3.000672127296609773e-02
3.282152658350938057e-01 1.347711388240538932e+00 3.600806552755932144e-02
3.282152658350938057e-01 1.347711388240538932e+00 4.200940978215254168e-02
2.566243943124763671e+00 0.000000000000000000e+00 0.000000000000000000e+00
2.566243943124763671e+00 0.000000000000000000e+00 3.753856678121578194e-02
4.102690822938672710e-01 0.000000000000000000e+00 1.200268850918643875e-02
4.102690822938672710e-01 0.000000000000000000e+00 1.800403276377966072e-02
4.102690822938672710e-01 0.000000000000000000e+00 2.400537701837287749e-02
4.102690822938672710e-01 0.000000000000000000e+00 3.000672127296609773e-02
4.102690822938672710e-01 0.000000000000000000e+00 3.600806552755932144e-02
4.102690822938672710e-01 0.000000000000000000e+00 4.200940978215254168e-02
2.566243943124763671e+00 6.021407371779580187e-01 0.000000000000000000e+00
2.566243943124763671e+00 6.021407371779580187e-01 3.753856678121578194e-02
4.102690822938672710e-01 9.626509916003848921e-02 1.200268850918643875e-02
4.102690822938672710e-01 9.626509916003848921e-02 1.800403276377966072e-02
4.102690822938672710e-01 9.626509916003848921e-02 2.400537701837287749e-02
4.102690822938672710e-01 9.626509916003848921e-02 3.000672127296609773e-02
4.102690822938672710e-01 9.626509916003848921e-02 3.600806552755932144e-02
4.102690822938672710e-01 9.626509916003848921e-02 4.200940978215254168e-02
2.566243943124763671e+00 1.204281474355916037e+00 0.000000000000000000e+00
2.566243943124763671e+00 1.204281474355916037e+00 3.753856678121578194e-02
4.102690822938672710e-01 1.925301983200769784e-01 1.200268850918643875e-02
4.102690822938672710e-01 1.925301983200769784e-01 1.800403276377966072e-02
4.102690822938672710e-01 1.925301983200769784e-01 2.400537701837287749e-02
4.102690822938672710e-01 1.925301983200769784e-01 3.000672127296609773e-02
4.102690822938672710e-01 1.925301983200769784e-01 3.600806552755932144e-02
4.102690822938672710e-01 1.925301983200769784e-01 4.200940978215254168e-02
2.566243943124763671e+00 1.806422211533874167e+00 0.000000000000000000e+00
2.566243943124763671e+00 1.806422211533874167e+00 3.753856678121578194e-02
4.102690822938672710e-01 2.887952974801154538e-01 1.200268850918643875e-02
4.102690822938672710e-01 2.887952974801154538e-01 1.800403276377966072e-02
4.102690822938672710e-01 2.887952974801154538e-01 2.400537701837287749e-02
4.102690822938672710e-01 2.887952974801154538e-01 3.000672127296609773e-02
4.102690822938672710e-01 2.887952974801154538e-01 3.600806552755932144e-02
4.102690822938672710e-01 2.887952974801154538e-01 4.200940978215254168e-02
2.566243943124763671e+00 2.408562948711832075e+00 0.000000000000000000e+00
2.566243943124763671e+00 2.408562948711832075e+00 3.753856678121578194e-02
4.102690822938672710e-01 3.850603966401539568e-01 1.200268850918643875e-02
4.102690822938672710e-01 3.850603966401539568e-01 1.800403276377966072e-02
4.102690822938672710e-01 3.850603966401539568e-01 2.400537701837287749e-02
4.102690822938672710e-01 3.850603966401539568e-01 3.000672127296609773e-02
4.102690822938672710e-01 3.850603966401539568e-01 3.600806552755932144e-02
4.102690822938672710e-01 3.850603966401539568e-01 4.200940978215254168e-02
2.566243943124763671e+00 3.010703685889790648e+00 0.000000000000000000e+00
2.566243943124763671e+00 3.010703685889790648e+00 3.753856678121578194e-02
4.102690822938672710e-01 4.813254958001925154e-01 1.200268850918643875e-02
4.102690822938672710e-01 4.813254958001925154e-01 1.800403276377966072e-02
4.102690822938672710e-01 4.813254958001925154e-01 2.400537701837287749e-02
4.102690822938672710e-01 4.813254958001925154e-01 3.000672127296609773e-02
4.102690822938672710e-01 4.813254958001925154e-01 3.600806552755932144e-02
4.102690822938672710e-01 4.813254958001925154e-01 4.200940978215254168e-02
2.566243943124763671e+00 3.612844423067748334e+00 0.000000000000000000e+00
2.566243943124763671e+00 3.612844423067748334e+00 3.753856678121578194e-02
4.102690822938672710e-01 5.775905949602309075e-01 1.200268850918643875e-02
4.102690822938672710e-01 5.775905949602309075e-01 1.800403276377966072e-02
4.102690822938672710e-01 5.775905949602309075e-01 2.400537701837287749e-02
4.102690822938672710e-01 5.775905949602309075e-01 3.000672127296609773e-02
4.102690822938672710e-01 5.775905949602309075e-01 3.600806552755932144e-02
4.102690822938672710e-01 5.775905949602309075e-01 4.200940978215254168e-02
2.566243943124763671e+00 4.214985160245706020e+00 0.000000000000000000e+00
2.566243943124763671e+00 4.214985160245706020e+00 3.753856678121578194e-02
4.102690822938672710e-01 6.738556941202694661e-01 1.200268850918643875e-02
4.102690822938672710e-01 6.738556941202694661e-01 1.800403276377966072e-02
4.102690822938672710e-01 6.738556941202694661e-01 2.400537701837287749e-02
4.102690822938672710e-01 6.738556941202694661e-01 3.000672127296609773e-02
4.102690822938672710e-01 6.738556941202694661e-01 3.600806552755932144e-02
4.102690822938672710e-01 6.738556941202694661e-01 4.200940978215254168e-02
2.566243943124763671e+00 4.817125897423664149e+00 0.000000000000000000e+00
2.566243943124763671e+00 4.817125897423664149e+00 3.753856678121578194e-02
4.102690822938672710e-01 7.701207932803079137e-01 1.200268850918643875e-02
4.102690822938672710e-01 7.701207932803079137e-01 1.800403276377966072e-02
4.102690822938672710e-01 7.701207932803079137e-01 2.400537701837287749e-02
4.102690822938672710e-01 7.701207932803079137e-01 3.000672127296609773e-02
4.102690822938672710e-01 7.701207932803079137e-01 3.600806552755932144e-02
4.102690822938672710e-01 7.701207932803079137e-01 4.200940978215254168e-02
2.566243943124763671e+00 5.419266634601622279e+00 0.000000000000000000e+00
2.566243943124763671e+00 5.419266634601622279e+00 3.753856678121578194e-02
4.102690822938672710e-01 8.663858924403464723e-01 1.200268850918643875e-02
4.102690822938672710e-01 8.663858924403464723e-01 1.800403276377966072e-02
4.102690822938672710e-01 8.663858924403464723e-01 2.400537701837287749e-02
4.102690822938672710e-01 8.663858924403464723e-01 3.000672127296609773e-02
4.102690822938672710e-01 8.663858924403464723e-01 3.600806552755932144e-02
4.102690822938672710e-01 8.663858924403464723e-01 4.200940978215254168e-02
2.566243943124763671e+00 6.021407371779581297e+00 0.000000000000000000e+00
2.566243943124763671e+00 6.021407371779581297e+00 3.753856678121578194e-02
4.102690822938672710e-01 9.626509916003850309e-01 1.200268850918643875e-02
4.102690822938672710e-01 9.626509916003850309e-01 1.800403276377966072e-02
4.102690822938672710e-01 9.626509916003850309e-01 2.400537701837287749e-02
4.102690822938672710e-01 9.626509916003850309e-01 3.000672127296609773e-02
4.102690822938672710e-01 9.626509916003850309e-01 3.600806552755932144e-02
4.102690822938672710e-01 9.626509916003850309e-01 4.200940978215254168e-02
2.566243943124763671e+00 6.623548108957539426e+00 0.000000000000000000e+00
2.566243943124763671e+00 6.623548108957539426e+00 3.753856678121578194e-02
4.102690822938672710e-01 1.058916090760423590e+00 1.200268850918643875e-02
4.102690822938672710e-01 1.058916090760423590e+00 1.800403276377966072e-02
4.102690822938672710e-01 1.058916090760423590e+00 2.400537701837287749e-02
4.102690822938672710e-01 1.058916090760423590e+00 3.000672127296609773e-02
4.102690822938672710e-01 1.058916090760423590e+00 3.600806552755932144e-02
4.102690822938672710e-01 1.058916090760423590e+00 4.200940978215254168e-02
2.566243943124763671e+00 7.225688846135496668e+00 0.000000000000000000e+00
2.566243943124763671e+00 7.225688846135496668e+00 3.753856678121578194e-02
4.102690822938672710e-01 1.155181189920461815e+00 1.200268850918643875e-02
4.102690822938672710e-01 1.155181189920461815e+00 1.800403276377966072e-02
4.102690822938672710e-01 1.155181189920461815e+00 2.400537701837287749e-02
4.102690822938672710e-01 1.155181189920461815e+00 3.000672127296609773e-02
4.102690822938672710e-01 1.155181189920461815e+00 3.600806552755932144e-02
4.102690822938672710e-01 1.155181189920461815e+00 4.200940978215254168e-02
2.566243943124763671e+00 7.827829583313454798e+00 0.000000000000000000e+00
2.566243943124763671e+00 7.827829583313454798e+00 3.753856678121578194e-02
4.102690822938672710e-01 1.251446289080500263e+00 1.200268850918643875e-02
4.102690822938672710e-01 1.251446289080500263e+00 1.800403276377966072e-02
4.102690822938672710e-01 1.251446289080500263e+00 2.400537701837287749e-02
4.102690822938672710e-01 1.251446289080500263e+00 3.000672127296609773e-02
4.102690822938672710e-01 1.251446289080500263e+00 3.600806552755932144e-02
4.102690822938672710e-01 1.251446289080500263e+00 4.200940978215254168e-02
2.566243943124763671e+00 8.429970320491413815e+00 0.000000000000000000e+00
2.566243943124763671e+00 8.429970320491413815e+00 3.753856678121578194e-02
4.102690822938672710e-01 1.347711388240538932e+00 1.200268850918643875e-02
4.102690822938672710e-01 1.347711388240538932e+00 1.800403276377966072e-02
4.102690822938672710e-01 1.347711388240538932e+00 2.400537701837287749e-02
4.102690822938672710e-01 1.347711388240538932e+00 3.000672127296609773e-02
4.102690822938672710e-01 1.347711388240538932e+00 3.600806552755932144e-02
4.102690822938672710e-01 1.347711388240538932e+00 4.200940978215254168e-02
3.079492731749716494e+00 0.000000000000000000e+00 0.000000000000000000e+00
3.079492731749716494e+00 0.000000000000000000e+00 3.753856678121578194e-02
4.923228987526406808e-01 0.000000000000000000e+00 1.200268850918643875e-02
4.923228987526406808e-01 0.000000000000000000e+00 1.800403276377966072e-02
4.923228987526406808e-01 0.000000000000000000e+00 2.400537701837287749e-02
4.923228987526406808e-01 0.000000000000000000e+00 3.000672127296609773e-02
4.923228987526406808e-01 0.000000000000000000e+00 3.600806552755932144e-02
4.923228987526406808e-01 0.000000000000000000e+00 4.200940978215254168e-02
3.079492731749716494e+00 6.021407371779580187e-01 0.000000000000000000e+00
3.079492731749716494e+00 6.021407371779580187e-01 3.753856678121578194e-02
4.923228987526406808e-01 9.626509916003848921e-02 1.200268850918643875e-02
4.923228987526406808e-01 9.626509916003848921e-02 1.800403276377966072e-02
4.923228987526406808e-01 9.626509916003848921e-02 2.400537701837287749e-02
4.923228987526406808e-01 9.626509916003848921e-02 3.000672127296609773e-02
4.923228987526406808e-01 9.626509916003848921e-02 3.600806552755932144e-02
4.923228987526406808e-01 9.626509916003848921e-02 4.200940978215254168e-02
3.079492731749716494e+00 1.204281474355916037e+00 0.000000000000000000e+00
3.079492731749716494e+00 1.204281474355916037e+00 3.753856678121578194e-02
4.923228987526406808e-01 1.925301983200769784e-01 1.200268850918643875e-02
4.923228987526406808e-01 1.925301983200769784e-01 1.800403276377966072e-02
4.923228987526406808e-01 1.925301983200769784e-01 2.400537701837287749e-02
4.923228987526406808e-01 1.925301983200769784e-01 3.000672127296609773e-02
4.923228987526406808e-01 1.925301983200769784e-01 3.600806552755932144e-02
4.923228987526406808e-01 1.925301983200769784e-01 4.200940978215254168e-02
3.079492731749716494e+00 1.806422211533874167e+00 0.000000000000000000e+00
3.079492731749716494e+00 1.806422211533874167e+00 3.753856678121578194e-02
4.923228987526406808e-01 2.887952974801154538e-01 1.200268850918643875e-02
4.923228987526406808e-01 2.887952974801154538e-01 1.800403276377966072e-02
4.923228987526406808e-01 2.887952974801154538e-01 2.400537701837287749e-02
4.923228987526406808e-01 2.887952974801154538e-01 3.000672127296609773e-02
4.923228987526406808e-01 2.887952974801154538e-01 3.600806552755932144e-02
4.923228987526406808e-01 2.887952974801154538e-01 4.200940978215254168e-02
3.079492731749716494e+00 2.408562948711832075e+00 0.000000000000000000e+00
3.079492731749716494e+00 2.408562948711832075e+00 3.753856678121578194e-02
4.923228987526406808e-01 3.850603966401539568e-01 1.200268850918643875e-02
4.923228987526406808e-01 3.850603966401539568e-01 1.800403276377966072e-02
4.923228987526406808e-01 3.850603966401539568e-01 2.400537701837287749e-02
4.923228987526406808e-01 3.850603966401539568e-01 3.000672127296609773e-02
4.923228987526406808e-01 3.850603966401539568e-01 3.600806552755932144e-02
4.923228987526406808e-01 3.850603966401539568e-01 4.200940978215254168e-02
3.079492731749716494e+00 3.010703685889790648e+00 0.000000000000000000e+00
3.079492731749716494e+00 3.010703685889790648e+00 3.753856678121578194e-02
4.923228987526406808e-01 4.813254958001925154e-01 1.200268850918643875e-02
4.923228987526406808e-01 4.813254958001925154e-01 1.800403276377966072e-02
4.923228987526406808e-01 4.813254958001925154e-01 2.400537701837287749e-02
4.923228987526406808e-01 4.813254958001925154e-01 3.000672127296609773e-02
4.923228987526406808e-01 4.813254958001925154e-01 3.600806552755932144e-02
4.923228987526406808e-01 4.813254958001925154e-01 4.200940978215254168e-02
3.079492731749716494e+00 3.612844423067748334e+00 0.000000000000000000e+00
3.079492731749716494e+00 3.612844423067748334e+00 3.753856678121578194e-02
4.923228987526406808e-01 5.775905949602309075e-01 1.200268850918643875e-02
4.923228987526406808e-01 5.775905949602309075e-01 1.800403276377966072e-02
4.923228987526406808e-01 5.775905949602309075e-01 2.400537701837287749e-02
4.923228987526406808e-01 5.775905949602309075e-01 3.000672127296609773e-02
4.923228987526406808e-01 5.775905949602309075e-01 3.600806552755932144e-02
4.923228987526406808e-01 5.775905949602309075e-01 4.200940978215254168e-02
3.079492731749716494e+00 4.214985160245706020e+00 0.000000000000000000e+00
3.079492731749716494e+00 4.214985160245706020e+00 3.753856678121578194e-02
4.923228987526406808e-01 6.738556941202694661e-01 1.200268850918643875e-02
4.923228987526406808e-01 6.738556941202694661e-01 1.800403276377966072e-02
4.923228987526406808e-01 6.738556941202694661e-01 2.400537701837287749e-02
4.923228987526406808e-01 6.738556941202694661e-01 3.000672127296609773e-02
4.923228987526406808e-01 6.738556941202694661e-01 3.600806552755932144e-02
4.923228987526406808e-01 6.738556941202694661e-01 4.200940978215254168e-02
3.079492731749716494e+00 4.817125897423664149e+00 0.000000000000000000e+00
3.079492731749716494e+00 4.817125897423664149e+00 3.753856678121578194e-02
4.923228987526406808e-01 7.701207932803079137e-01 1.200268850918643875e-02
4.923228987526406808e-01 7.701207932803079137e-01 1.800403276377966072e-02
4.923228987526406808e-01 7.701207932803079137e-01 2.400537701837287749e-02
4.923228987526406808e-01 7.701207932803079137e-01 3.000672127296609773e-02
4.923228987526406808e-01 7.701207932803079137e-01 3.600806552755932144e-02
4.923228987526406808e-01 7.701207932803079137e-01 4.200940978215254168e-02
3.079492731749716494e+00 5.419266634601622279e+00 0.000000000000000000e+00
3.079492731749716494e+00 5.419266634601622279e+00 3.753856678121578194e-02
4.923228987526406808e-01 8.663858924403464723e-01 1.200268850918643875e-02
4.923228987526406808e-01 8.663858924403464723e-01 1.800403276377966072e-02
4.923228987526406808e-01 8.663858924403464723e-01 2.400537701837287749e-02
4.923228987526406808e-01 8.663858924403464723e-01 3.000672127296609773e-02
4.923228987526406808e-01 8.663858924403464723e-01 3.600806552755932144e-02
4.923228987526406808e-01 8.663858924403464723e-01 4.200940978215254168e-02
3.079492731749716494e+00 6.021407371779581297e+00 0.000000000000000000e+00
3.079492731749716494e+00 6.021407371779581297e+00 3.753856678121578194e-02
4.923228987526406808e-01 9.626509916003850309e-01 1.200268850918643875e-02
4.923228987526406808e-01 9.626509916003850309e-01 1.800403276377966072e-02
4.923228987526406808e-01 9.626509916003850309e-01 2.400537701837287749e-02
4.923228987526406808e-01 9.626509916003850309e-01 3.000672127296609773e-02
4.923228987526406808e-01 9.626509916003850309e-01 3.600806552755932144e-02
4.923228987526406808e-01 9.626509916003850309e-01 4.200940978215254168e-02
3.079492731749716494e+00 6.623548108957539426e+00 0.000000000000000000e+00
3.079492731749716494e+00 6.623548108957539426e+00 3.753856678121578194e-02
4.923228987526406808e-01 1.058916090760423590e+00 1.200268850918643875e-02
4.923228987526406808e-01 1.058916090760423590e+00 1.800403276377966072e-02
4.923228987526406808e-01 1.058916090760423590e+00 2.400537701837287749e-02
4.923228987526406808e-01 1.058916090760423590e+00 3.000672127296609773e-02
4.923228987526406808e-01 1.058916090760423590e+00 3.600806552755932144e-02
4.923228987526406808e-01 1.058916090760423590e+00 4.200940978215254168e-02
3.079492731749716494e+00 7.225688846135496668e+00 0.000000000000000000e+00
3.079492731749716494e+00 7.225688846135496668e+00 3.753856678121578194e-02
4.923228987526406808e-01 1.155181189920461815e+00 1.200268850918643875e-02
4.923228987526406808e-01 1.155181189920461815e+00 1.800403276377966072e-02
4.923228987526406808e-01 1.155181189920461815e+00 2.400537701837287749e-02
4.923228987526406808e-01 1.155181189920461815e+00 3.000672127296609773e-02
4.923228987526406808e-01 1.155181189920461815e+00 3.600806552755932144e-02
4.923228987526406808e-01 1.155181189920461815e+00 4.200940978215254168e-02
3.079492731749716494e+00 7.827829583313454798e+00 0.000000000000000000e+00
3.079492731749716494e+00 7.827829583313454798e+00 3.753856678121578194e-02
4.923228987526406808e-01 1.251446289080500263e+00 1.200268850918643875e-02
4.923228987526406808e-01 1.251446289080500263e+00 1.800403276377966072e-02
4.923228987526406808e-01 1.251446289080500263e+00 2.400537701837287749e-02
4.923228987526406808e-01 1.251446289080500263e+00 3.000672127296609773e-02
4.923228987526406808e-01 1.251446289080500263e+00 3.600806552755932144e-02
4.923228987526406808e-01 1.251446289080500263e+00 4.200940978215254168e-02
3.079492731749716494e+00 8.429970320491413815e+00 0.000000000000000000e+00
3.079492731749716494e+00 8.429970320491413815e+00 3.753856678121578194e-02
4.923228987526406808e-01 1.347711388240538932e+00 1.200268850918643875e-02
4.923228987526406808e-01 1.347711388240538932e+00 1.800403276377966072e-02
4.923228987526406808e-01 1.347711388240538932e+00 2.400537701837287749e-02
4.923228987526406808e-01 1.347711388240538932e+00 3.000672127296609773e-02
4.923228987526406808e-01 1.347711388240538932e+00 3.600806552755932144e-02
4.923228987526406808e-01 1.347711388240538932e+00 4.200940978215254168e-02
3.592741520374669317e+00 0.000000000000000000e+00 0.000000000000000000e+00
3.592741520374669317e+00 0.000000000000000000e+00 3.753856678121578194e-02
5.743767152114142016e-01 0.000000000000000000e+00 1.200268850918643875e-02
5.743767152114142016e-01 0.000000000000000000e+00 1.800403276377966072e-02
5.743767152114142016e-01 0.000000000000000000e+00 2.400537701837287749e-02
5.743767152114142016e-01 0.000000000000000000e+00 3.000672127296609773e-02
5.743767152114142016e-01 0.000000000000000000e+00 3.600806552755932144e-02
5.743767152114142016e-01 0.000000000000000000e+00 4.200940978215254168e-02
3.592741520374669317e+00 6.021407371779580187e-01 0.000000000000000000e+00
3.592741520374669317e+00 6.021407371779580187e-01 3.753856678121578194e-02
5.743767152114142016e-01 9.626509916003848921e-02 1.200268850918643875e-02
5.743767152114142016e-01 9.626509916003848921e-02 1.800403276377966072e-02
5.743767152114142016e-01 9.626509916003848921e-02 2.400537701837287749e-02
5.743767152114142016e-01 9.626509916003848921e-02 3.000672127296609773e-02
5.743767152114142016e-01 9.626509916003848921e-02 3.600806552755932144e-02
5.743767152114142016e-01 9.626509916003848921e-02 4.200940978215254168e-02
3.592741520374669317e+00 1.204281474355916037e+00 0.000000000000000000e+00
3.592741520374669317e+00 1.204281474355916037e+00 3.753856678121578194e-02
5.743767152114142016e-01 1.925301983200769784e-01 1.200268850918643875e-02
5.743767152114142016e-01 1.925301983200769784e-01 1.800403276377966072e-02
5.743767152114142016e-01 1.925301983200769784e-01 2.400537701837287749e-02
5.743767152114142016e-01 1.925301983200769784e-01 3.000672127296609773e-02
5.743767152114142016e-01 1.925301983200769784e-01 3.600806552755932144e-02
5.743767152114142016e-01 1.925301983200769784e-01 4.200940978215254168e-02
3.592741520374669317e+00 1.806422211533874167e+00 0.000000000000000000e+00
3.592741520374669317e+00 1.806422211533874167e+00 3.753856678121578194e-02
5.743767152114142016e-01 2.887952974801154538e-01 1.200268850918643875e-02
5.743767152114142016e-01 2.887952974801154538e-01 1.800403276377966072e-02
5.743767152114142016e-01 2.887952974801154538e-01 2.400537701837287749e-02
5.743767152114142016e-01 2.887952974801154538e-01 3.000672127296609773e-02
5.743767152114142016e-01 2.887952974801154538e-01 3.600806552755932144e-02
5.743767152114142016e-01 2.887952974801154538e-01 4.200940978215254168e-02
3.592741520374669317e+00 2.408562948711832075e+00 0.000000000000000000e+00
3.592741520374669317e+00 2.408562948711832075e+00 3.753856678121578194e-02
5.743767152114142016e-01 3.850603966401539568e-01 1.200268850918643875e-02
5.743767152114142016e-01 3.850603966401539568e-01 1.800403276377966072e-02
5.743767152114142016e-01 3.850603966401539568e-01 2.400537701837287749e-02
5.743767152114142016e-01 3.850603966401539568e-01 3.000672127296609773e-02
5.743767152114142016e-01 3.850603966401539568e-01 3.600806552755932144e-02
5.743767152114142016e-01 3.850603966401539568e-01 4.200940978215254168e-02
3.592741520374669317e+00 3.010703685889790648e+00 0.000000000000000000e+00
3.592741520374669317e+00 3.010703685889790648e+00 3.753856678121578194e-02
5.743767152114142016e-01 4.813254958001925154e-01 1.200268850918643875e-02
5.743767152114142016e-01 4.813254958001925154e-01 1.800403276377966072e-02
5.743767152114142016e-01 4.813254958001925154e-01 2.400537701837287749e-02
5.743767152114142016e-01 4.813254958001925154e-01 3.000672127296609773e-02
5.743767152114142016e-01 4.813254958001925154e-01 3.600806552755932144e-02
5.743767152114142016e-01 4.813254958001925154e-01 4.200940978215254168e-02
3.592741520374669317e+00 3.612844423067748334e+00 0.000000000000000000e+00
3.592741520374669317e+00 3.612844423067748334e+00 3.753856678121578194e-02
5.743767152114142016e-01 5.775905949602309075e-01 1.200268850918643875e-02
5.743767152114142016e-01 5.775905949602309075e-01 1.800403276377966072e-02
5.743767152114142016e-01 5.775905949602309075e-01 2.400537701837287749e-02
5.743767152114142016e-01 5.775905949602309075e-01 3.000672127296609773e-02
5.743767152114142016e-01 5.775905949602309075e-01 3.600806552755932144e-02
5.743767152114142016e-01 5.775905949602309075e-01 4.200940978215254168e-02
3.592741520374669317e+00 4.214985160245706020e+00 0.000000000000000000e+00
3.592741520374669317e+00 4.214985160245706020e+00 3.753856678121578194e-02
5.743767152114142016e-01 6.738556941202694661e-01 1.200268850918643875e-02
5.743767152114142016e-01 6.738556941202694661e-01 1.800403276377966072e-02
5.743767152114142016e-01 6.738556941202694661e-01 2.400537701837287749e-02
5.743767152114142016e-01 6.738556941202694661e-01 3.000672127296609773e-02
5.743767152114142016e-01 6.738556941202694661e-01 3.600806552755932144e-02
5.743767152114142016e-01 6.738556941202694661e-01 4.200940978215254168e-02
3.592741520374669317e+00 4.817125897423664149e+00 0.000000000000000000e+00
3.592741520374669317e+00 4.817125897423664149e+00 3.753856678121578194e-02
5.743767152114142016e-01 7.701207932803079137e-01 1.200268850918643875e-02
5.743767152114142016e-01 7.701207932803079137e-01 1.800403276377966072e-02
5.743767152114142016e-01 7.701207932803079137e-01 2.400537701837287749e-02
5.743767152114142016e-01 7.701207932803079137e-01 3.000672127296609773e-02
5.743767152114142016e-01 7.701207932803079137e-01 3.600806552755932144e-02
5.743767152114142016e-01 7.701207932803079137e-01 4.200940978215254168e-02
3.592741520374669317e+00 5.419266634601622279e+00 0.000000000000000000e+00
3.592741520374669317e+00 5.419266634601622279e+00 3.753856678121578194e-02
5.743767152114142016e-01 8.663858924403464723e-01 1.200268850918643875e-02
5.743767152114142016e-01 8.663858924403464723e-01 1.800403276377966072e-02
5.743767152114142016e-01 8.663858924403464723e-01 2.400537701837287749e-02
5.743767152114142016e-01 8.663858924403464723e-01 3.000672127296609773e-02
5.743767152114142016e-01 8.663858924403464723e-01 3.600806552755932144e-02
5.743767152114142016e-01 8.663858924403464723e-01 4.200940978215254168e-02
3.592741520374669317e+00 6.021407371779581297e+00 0.000000000000000000e+00
3.592741520374669317e+00 6.021407371779581297e+00 3.753856678121578194e-02
5.743767152114142016e-01 9.626509916003850309e-01 1.200268850918643875e-02
5.743767152114142016e-01 9.626509916003850309e-01 1.800403276377966072e-02
5.743767152114142016e-01 9.626509916003850309e-01 2.400537701837287749e-02
5.743767152114142016e-01 9.626509916003850309e-01 3.000672127296609773e-02
5.743767152114142016e-01 9.626509916003850309e-01 3.600806552755932144e-02
5.743767152114142016e-01 9.626509916003850309e-01 4.200940978215254168e-02
3.592741520374669317e+00 6.623548108957539426e+00 0.000000000000000000e+00
3.592741520374669317e+00 6.623548108957539426e+00 3.753856678121578194e-02
5.743767152114142016e-01 1.058916090760423590e+00 1.200268850918643875e-02
5.743767152114142016e-01 1.058916090760423590e+00 1.800403276377966072e-02
5.743767152114142016e-01 1.058916090760423590e+00 2.400537701837287749e-02
5.743767152114142016e-01 1.058916090760423590e+00 3.000672127296609773e-02
5.743767152114142016e-01 1.058916090760423590e+00 3.600806552755932144e-02
5.743767152114142016e-01 1.058916090760423590e+00 4.200940978215254168e-02
3.592741520374669317e+00 7.225688846135496668e+00 0.000000000000000000e+00
3.592741520374669317e+00 7.225688846135496668e+00 3.753856678121578194e-02
5.743767152114142016e-01 1.155181189920461815e+00 1.200268850918643875e-02
5.743767152114142016e-01 1.155181189920461815e+00 1.800403276377966072e-02
5.743767152114142016e-01 1.155181189920461815e+00 2.400537701837287749e-02
5.743767152114142016e-01 1.155181189920461815e+00 3.000672127296609773e-02
5.743767152114142016e-01 1.155181189920461815e+00 3.600806552755932144e-02
5.743767152114142016e-01 1.155181189920461815e+00 4.200940978215254168e-02
3.592741520374669317e+00 7.827829583313454798e+00 0.000000000000000000e+00
3.592741520374669317e+00 7.827829583313454798e+00 3.753856678121578194e-02
5.743767152114142016e-01 1.251446289080500263e+00 1.200268850918643875e-02
5.743767152114142016e-01 1.251446289080500263e+00 1.800403276377966072e-02
5.743767152114142016e-01 1.251446289080500263e+00 2.400537701837287749e-02
5.743767152114142016e-01 1.251446289080500263e+00 3.000672127296609773e-02
5.743767152114142016e-01 1.251446289080500263e+00 3.600806552755932144e-02
5.743767152114142016e-01 1.251446289080500263e+00 4.200940978215254168e-02
3.592741520374669317e+00 8.429970320491413815e+00 0.000000000000000000e+00
3.592741520374669317e+00 8.429970320491413815e+00 3.753856678121578194e-02
5.743767152114142016e-01 1.347711388240538932e+00 1.200268850918643875e-02
5.743767152114142016e-01 1.347711388240538932e+00 1.800403276377966072e-02
5.743767152114142016e-01 1.347711388240538932e+00 2.400537701837287749e-02
5.743767152114142016e-01 1.347711388240538932e+00 3.000672127296609773e-02
5.743767152114142016e-01 1.347711388240538932e+00 3.600806552755932144e-02
5.743767152114142016e-01 1.347711388240538932e+00 4.200940978215254168e-02
4.105990308999621696e+00 0.000000000000000000e+00 0.000000000000000000e+00
4.105990308999621696e+00 0.000000000000000000e+00 3.753856678121578194e-02
6.564305316701876114e-01 0.000000000000000000e+00 1.200268850918643875e-02
6.564305316701876114e-01 0.000000000000000000e+00 1.800403276377966072e-02
6.564305316701876114e-01 0.000000000000000000e+00 2.400537701837287749e-02
6.564305316701876114e-01 0.000000000000000000e+00 3.000672127296609773e-02
6.564305316701876114e-01 0.000000000000000000e+00 3.600806552755932144e-02
6.564305316701876114e-01 0.000000000000000000e+00 4.200940978215254168e-02
4.105990308999621696e+00 6.021407371779580187e-01 0.000000000000000000e+00
4.105990308999621696e+00 6.021407371779580187e-01 3.753856678121578194e-02
6.564305316701876114e-01 9.626509916003848921e-02 1.200268850918643875e-02
6.564305316701876114e-01 9.626509916003848921e-02 1.800403276377966072e-02
6.564305316701876114e-01 9.626509916003848921e-02 2.400537701837287749e-02
6.564305316701876114e-01 9.626509916003848921e-02 3.000672127296609773e-02
6.564305316701876114e-01 9.626509916003848921e-02 3.600806552755932144e-02
6.564305316701876114e-01 9.626509916003848921e-02 4.200940978215254168e-02
4.105990308999621696e+00 1.204281474355916037e+00 0.000000000000000000e+00
4.105990308999621696e+00 1.204281474355916037e+00 3.753856678121578194e-02
6.564305316701876114e-01 1.925301983200769784e-01 1.200268850918643875e-02
6.564305316701876114e-01 1.925301983200769784e-01 1.800403276377966072e-02
6.564305316701876114e-01 1.925301983200769784e-01 2.400537701837287749e-02
6.564305316701876114e-01 1.925301983200769784e-01 3.000672127296609773e-02
6.564305316701876114e-01 1.925301983200769784e-01 3.600806552755932144e-02
6.564305316701876114e-01 1.925301983200769784e-01 4.200940978215254168e-02
4.105990308999621696e+00 1.806422211533874167e+00 0.000000000000000000e+00
4.105990308999621696e+00 1.806422211533874167e+00 3.753856678121578194e-02
6.564305316701876114e-01 2.887952974801154538e-01 1.200268850918643875e-02
6.564305316701876114e-01 2.887952974801154538e-01 1.800403276377966072e-02
6.564305316701876114e-01 2.887952974801154538e-01 2.400537701837287749e-02
6.564305316701876114e-01 2.887952974801154538e-01 3.000672127296609773e-02
6.564305316701876114e-01 2.887952974801154538e-01 3.600806552755932144e-02
6.564305316701876114e-01 2.887952974801154538e-01 4.200940978215254168e-02
4.105990308999621696e+00 2.408562948711832075e+00 0.000000000000000000e+00
4.105990308999621696e+00 2.408562948711832075e+00 3.753856678121578194e-02
6.564305316701876114e-01 3.850603966401539568e-01 1.200268850918643875e-02
6.564305316701876114e-01 3.850603966401539568e-01 1.800403276377966072e-02
6.564305316701876114e-01 3.850603966401539568e-01 2.400537701837287749e-02
6.564305316701876114e-01 3.850603966401539568e-01 3.000672127296609773e-02
6.564305316701876114e-01 3.850603966401539568e-01 3.600806552755932144e-02
6.564305316701876114e-01 3.850603966401539568e-01 4.200940978215254168e-02
4.105990308999621696e+00 3.010703685889790648e+00 0.000000000000000000e+00
4.105990308999621696e+00 3.010703685889790648e+00 3.753856678121578194e-02
6.564305316701876114e-01 4.813254958001925154e-01 1.200268850918643875e-02
6.564305316701876114e-01 4.813254958001925154e-01 1.800403276377966072e-02
6.564305316701876114e-01 4.813254958001925154e-01 2.400537701837287749e-02
6.564305316701876114e-01 4.813254958001925154e-01 3.000672127296609773e-02
6.564305316701876114e-01 4.813254958001925154e-01 3.600806552755932144e-02
6.564305316701876114e-01 4.813254958001925154e-01 4.200940978215254168e-02
4.105990308999621696e+00 3.612844423067748334e+00 0.000000000000000000e+00
4.105990308999621696e+00 3.612844423067748334e+00 3.753856678121578194e-02
6.564305316701876114e-01 5.775905949602309075e-01 1.200268850918643875e-02
6.564305316701876114e-01 5.775905949602309075e-01 1.800403276377966072e-02
6.564305316701876114e-01 5.775905949602309075e-01 2.400537701837287749e-02
6.564305316701876114e-01 5.775905949602309075e-01 3.000672127296609773e-02
6.564305316701876114e-01 5.775905949602309075e-01 3.600806552755932144e-02
6.564305316701876114e-01 5.775905949602309075e-01 4.200940978215254168e-02
4.105990308999621696e+00 4.214985160245706020e+00 0.000000000000000000e+00
4.105990308999621696e+00 4.214985160245706020e+00 3.753856678121578194e-02
6.564305316701876114e-01 6.738556941202694661e-01 1.200268850918643875e-02
6.564305316701876114e-01 6.738556941202694661e-01 1.800403276377966072e-02
6.564305316701876114e-01 6.738556941202694661e-01 2.400537701837287749e-02
6.564305316701876114e-01 6.738556941202694661e-01 3.000672127296609773e-02
6.564305316701876114e-01 6.738556941202694661e-01 3.600806552755932144e-02
6.564305316701876114e-01 6.738556941202694661e-01 4.200940978215254168e-02
4.105990308999621696e+00 4.817125897423664149e+00 0.000000000000000000e+00
4.105990308999621696e+00 4.817125897423664149e+00 3.753856678121578194e-02
6.564305316701876114e-01 7.701207932803079137e-01 1.200268850918643875e-02
6.564305316701876114e-01 7.701207932803079137e-01 1.800403276377966072e-02
6.564305316701876114e-01 7.701207932803079137e-01 2.400537701837287749e-02
6.564305316701876114e-01 7.701207932803079137e-01 3.000672127296609773e-02
6.564305316701876114e-01 7.701207932803079137e-01 3.600806552755932144e-02
6.564305316701876114e-01 7.701207932803079137e-01 4.200940978215254168e-02
4.105990308999621696e+00 5.419266634601622279e+00 0.000000000000000000e+00
4.105990308999621696e+00 5.419266634601622279e+00 3.753856678121578194e-02
6.564305316701876114e-01 8.663858924403464723e-01 1.200268850918643875e-02
6.564305316701876114e-01 8.663858924403464723e-01 1.800403276377966072e-02
6.564305316701876114e-01 8.663858924403464723e-01 2.400537701837287749e-02
6.564305316701876114e-01 8.663858924403464723e-01 3.000672127296609773e-02
6.564305316701876114e-01 8.663858924403464723e-01 3.600806552755932144e-02
6.564305316701876114e-01 8.663858924403464723e-01 4.200940978215254168e-02
4.105990308999621696e+00 6.021407371779581297e+00 0.000000000000000000e+00
4.105990308999621696e+00 6.021407371779581297e+00 3.753856678121578194e-02
6.564305316701876114e-01 9.626509916003850309e-01 1.200268850918643875e-02
6.564305316701876114e-01 9.626509916003850309e-01 1.800403276377966072e-02
6.564305316701876114e-01 9.626509916003850309e-01 2.400537701837287749e-02
6.564305316701876114e-01 9.626509916003850309e-01 3.000672127296609773e-02
6.564305316701876114e-01 9.626509916003850309e-01 3.600806552755932144e-02
6.564305316701876114e-01 9.626509916003850309e-01 4.200940978215254168e-02
4.105990308999621696e+00 6.623548108957539426e+00 0.000000000000000000e+00
4.105990308999621696e+00 6.623548108957539426e+00 3.753856678121578194e-02
6.564305316701876114e-01 1.058916090760423590e+00 1.200268850918643875e-02
6.564305316701876114e-01 1.058916090760423590e+00 1.800403276377966072e-02
6.564305316701876114e-01 1.058916090760423590e+00 2.400537701837287749e-02
6.564305316701876114e-01 1.058916090760423590e+00 3.000672127296609773e-02
6.564305316701876114e-01 1.058916090760423590e+00 3.600806552755932144e-02
6.564305316701876114e-01 1.058916090760423590e+00 4.200940978215254168e-02
4.105990308999621696e+00 7.225688846135496668e+00 0.000000000000000000e+00
4.105990308999621696e+00 7.225688846135496668e+00 3.753856678121578194e-02
6.564305316701876114e-01 1.155181189920461815e+00 1.200268850918643875e-02
6.564305316701876114e-01 1.155181189920461815e+00 1.800403276377966072e-02
6.564305316701876114e-01 1.155181189920461815e+00 2.400537701837287749e-02
6.564305316701876114e-01 1.155181189920461815e+00 3.000672127296609773e-02
6.564305316701876114e-01 1.155181189920461815e+00 3.600806552755932144e-02
6.564305316701876114e-01 1.155181189920461815e+00 4.200940978215254168e-02
4.105990308999621696e+00 7.827829583313454798e+00 0.000000000000000000e+00
4.105990308999621696e+00 7.827829583313454798e+00 3.753856678121578194e-02
6.564305316701876114e-01 1.251446289080500263e+00 1.200268850918643875e-02
6.564305316701876114e-01 1.251446289080500263e+00 1.800403276377966072e-02
6.564305316701876114e-01 1.251446289080500263e+00 2.400537701837287749e-02
6.564305316701876114e-01 1.251446289080500263e+00 3.000672127296609773e-02
6.564305316701876114e-01 1.251446289080500263e+00 3.600806552755932144e-02
6.564305316701876114e-01 1.251446289080500263e+00 4.200940978215254168e-02
4.105990308999621696e+00 8.429970320491413815e+00 0.000000000000000000e+00
4.105990308999621696e+00 8.429970320491413815e+00 3.753856678121578194e-02
6.564305316701876114e-01 1.347711388240538932e+00 1.200268850918643875e-02
6.564305316701876114e-01 1.347711388240538932e+00 1.800403276377966072e-02
6.564305316701876114e-01 1.347711388240538932e+00 2.400537701837287749e-02
6.564305316701876114e-01 1.347711388240538932e+00 3.000672127296609773e-02
6.564305316701876114e-01 1.347711388240538932e+00 3.600806552755932144e-02
6.564305316701876114e-01 1.347711388240538932e+00 4.200940978215254168e-02
4.619239097624574519e+00 0.000000000000000000e+00 0.000000000000000000e+00
4.619239097624574519e+00 0.000000000000000000e+00 3.753856678121578194e-02
7.384843481289610212e-01 0.000000000000000000e+00 1.200268850918643875e-02
7.384843481289610212e-01 0.000000000000000000e+00 1.800403276377966072e-02
7.384843481289610212e-01 0.000000000000000000e+00 2.400537701837287749e-02
7.384843481289610212e-01 0.000000000000000000e+00 3.000672127296609773e-02
7.384843481289610212e-01 0.000000000000000000e+00 3.600806552755932144e-02
7.384843481289610212e-01 0.000000000000000000e+00 4.200940978215254168e-02
4.619239097624574519e+00 6.021407371779580187e-01 0.000000000000000000e+00
4.619239097624574519e+00 6.021407371779580187e-01 3.753856678121578194e-02
7.384843481289610212e-01 9.626509916003848921e-02 1.200268850918643875e-02
7.384843481289610212e-01 9.626509916003848921e-02 1.800403276377966072e-02
7.384843481289610212e-01 9.626509916003848921e-02 2.400537701837287749e-02
7.384843481289610212e-01 9.626509916003848921e-02 3.000672127296609773e-02
7.384843481289610212e-01 9.626509916003848921e-02 3.600806552755932144e-02
7.384843481289610212e-01 9.626509916003848921e-02 4.200940978215254168e-02
4.619239097624574519e+00 1.204281474355916037e+00 0.000000000000000000e+00
4.619239097624574519e+00 1.204281474355916037e+00 3.753856678121578194e-02
7.384843481289610212e-01 1.925301983200769784e-01 1.200268850918643875e-02
7.384843481289610212e-01 1.925301983200769784e-01 1.800403276377966072e-02
7.384843481289610212e-01 1.925301983200769784e-01 2.400537701837287749e-02
7.384843481289610212e-01 1.925301983200769784e-01 3.000672127296609773e-02
7.384843481289610212e-01 1.925301983200769784e-01 3.600806552755932144e-02
7.384843481289610212e-01 1.925301983200769784e-01 4.200940978215254168e-02
4.619239097624574519e+00 1.806422211533874167e+00 0.000000000000000000e+00
4.619239097624574519e+00 1.806422211533874167e+00 3.753856678121578194e-02
7.384843481289610212e-01 2.887952974801154538e-01 1.200268850918643875e-02
7.384843481289610212e-01 2.887952974801154538e-01 1.800403276377966072e-02
7.384843481289610212e-01 2.887952974801154538e-01 2.400537701837287749e-02
7.384843481289610212e-01 2.887952974801154538e-01 3.000672127296609773e-02
7.384843481289610212e-01 2.887952974801154538e-01 3.600806552755932144e-02
7.384843481289610212e-01 2.887952974801154538e-01 4.200940978215254168e-02
4.619239097624574519e+00 2.408562948711832075e+00 0.000000000000000000e+00
4.619239097624574519e+00 2.408562948711832075e+00 3.753856678121578194e-02
7.384843481289610212e-01 3.850603966401539568e-01 1.200268850918643875e-02
7.384843481289610212e-01 3.850603966401539568e-01 1.800403276377966072e-02
7.384843481289610212e-01 3.850603966401539568e-01 2.400537701837287749e-02
7.384843481289610212e-01 3.850603966401539568e-01 3.000672127296609773e-02
7.384843481289610212e-01 3.850603966401539568e-01 3.600806552755932144e-02
7.384843481289610212e-01 3.850603966401539568e-01 4.200940978215254168e-02
4.619239097624574519e+00 3.010703685889790648e+00 0.000000000000000000e+00
4.619239097624574519e+00 3.010703685889790648e+00 3.753856678121578194e-02
7.384843481289610212e-01 4.813254958001925154e-01 1.200268850918643875e-02
7.384843481289610212e-01 4.813254958001925154e-01 1.800403276377966072e-02
7.384843481289610212e-01 4.813254958001925154e-01 2.400537701837287749e-02
7.384843481289610212e-01 4.813254958001925154e-01 3.000672127296609773e-02
7.384843481289610212e-01 4.813254958001925154e-01 3.600806552755932144e-02
7.384843481289610212e-01 4.813254958001925154e-01 4.200940978215254168e-02
4.619239097624574519e+00 3.612844423067748334e+00 0.000000000000000000e+00
4.619239097624574519e+00 3.612844423067748334e+00 3.753856678121578194e-02
7.384843481289610212e-01 5.775905949602309075e-01 1.200268850918643875e-02
7.384843481289610212e-01 5.775905949602309075e-01 1.800403276377966072e-02
7.384843481289610212e-01 5.775905949602309075e-01 2.400537701837287749e-02
7.384843481289610212e-01 5.775905949602309075e-01 3.000672127296609773e-02
7.384843481289610212e-01 5.775905949602309075e-01 3.600806552755932144e-02
7.384843481289610212e-01 5.775905949602309075e-01 4.200940978215254168e-02
4.619239097624574519e+00 4.214985160245706020e+00 0.000000000000000000e+00
4.619239097624574519e+00 4.214985160245706020e+00 3.753856678121578194e-02
7.384843481289610212e-01 6.738556941202694661e-01 1.200268850918643875e-02
7.384843481289610212e-01 6.738556941202694661e-01 1.800403276377966072e-02
7.384843481289610212e-01 6.738556941202694661e-01 2.400537701837287749e-02
7.384843481289610212e-01 6.738556941202694661e-01 3.000672127296609773e-02
7.384843481289610212e-01 6.738556941202694661e-01 3.600806552755932144e-02
7.384843481289610212e-01 6.738556941202694661e-01 4.200940978215254168e-02
4.619239097624574519e+00 4.817125897423664149e+00 0.000000000000000000e+00
4.619239097624574519e+00 4.817125897423664149e+00 3.753856678121578194e-02
7.384843481289610212e-01 7.701207932803079137e-01 1.200268850918643875e-02
7.384843481289610212e-01 7.701207932803079137e-01 1.800403276377966072e-02
7.384843481289610212e-01 7.701207932803079137e-01 2.400537701837287749e-02
7.384843481289610212e-01 7.701207932803079137e-01 3.000672127296609773e-02
7.384843481289610212e-01 7.701207932803079137e-01 3.600806552755932144e-02
7.384843481289610212e-01 7.701207932803079137e-01 4.200940978215254168e-02
4.619239097624574519e+00 5.419266634601622279e+00 0.000000000000000000e+00
4.619239097624574519e+00 5.419266634601622279e+00 3.753856678121578194e-02
7.384843481289610212e-01 8.663858924403464723e-01 1.200268850918643875e-02
7.384843481289610212e-01 8.663858924403464723e-01 1.800403276377966072e-02
7.384843481289610212e-01 8.663858924403464723e-01 2.400537701837287749e-02
7.384843481289610212e-01 8.663858924403464723e-01 3.000672127296609773e-02
7.384843481289610212e-01 8.663858924403464723e-01 3.600806552755932144e-02
7.384843481289610212e-01 8.663858924403464723e-01 4.200940978215254168e-02
4.619239097624574519e+00 6.021407371779581297e+00 0.000000000000000000e+00
4.619239097624574519e+00 6.021407371779581297e+00 3.753856678121578194e-02
7.384843481289610212e-01 9.626509916003850309e-01 1.200268850918643875e-02
7.384843481289610212e-01 9.626509916003850309e-01 1.800403276377966072e-02
7.384843481289610212e-01 9.626509916003850309e-01 2.400537701837287749e-02
7.384843481289610212e-01 9.626509916003850309e-01 3.000672127296609773e-02
7.384843481289610212e-01 9.626509916003850309e-01 3.600806552755932144e-02
7.384843481289610212e-01 9.626509916003850309e-01 4.200940978215254168e-02
4.619239097624574519e+00 6.623548108957539426e+00 0.000000000000000000e+00
4.619239097624574519e+00 6.623548108957539426e+00 3.753856678121578194e-02
7.384843481289610212e-01 1.058916090760423590e+00 1.200268850918643875e-02
7.384843481289610212e-01 1.058916090760423590e+00 1.800403276377966072e-02
7.384843481289610212e-01 1.058916090760423590e+00 2.400537701837287749e-02
7.384843481289610212e-01 1.058916090760423590e+00 3.000672127296609773e-02
7.384843481289610212e-01 1.058916090760423590e+00 3.600806552755932144e-02
7.384843481289610212e-01 1.058916090760423590e+00 4.200940978215254168e-02
4.619239097624574519e+00 7.225688846135496668e+00 0.000000000000000000e+00
4.619239097624574519e+00 7.225688846135496668e+00 3.753856678121578194e-02
7.384843481289610212e-01 1.155181189920461815e+00 1.200268850918643875e-02
7.384843481289610212e-01 1.155181189920461815e+00 1.800403276377966072e-02
7.384843481289610212e-01 1.155181189920461815e+00 2.400537701837287749e-02
7.384843481289610212e-01 1.155181189920461815e+00 3.000672127296609773e-02
7.384843481289610212e-01 1.155181189920461815e+00 3.600806552755932144e-02
7.384843481289610212e-01 1.155181189920461815e+00 4.200940978215254168e-02
4.619239097624574519e+00 7.827829583313454798e+00 0.000000000000000000e+00
4.619239097624574519e+00 7.827829583313454798e+00 3.753856678121578194e-02
7.384843481289610212e-01 1.251446289080500263e+00 1.200268850918643875e-02
7.384843481289610212e-01 1.251446289080500263e+00 1.800403276377966072e-02
7.384843481289610212e-01 1.251446289080500263e+00 2.400537701837287749e-02
7.384843481289610212e-01 1.251446289080500263e+00 3.000672127296609773e-02
7.384843481289610212e-01 1.251446289080500263e+00 3.600806552755932144e-02
7.384843481289610212e-01 1.251446289080500263e+00 4.200940978215254168e-02
4.619239097624574519e+00 8.429970320491413815e+00 0.000000000000000000e+00
4.619239097624574519e+00 8.429970320491413815e+00 3.753856678121578194e-02
7.384843481289610212e-01 1.347711388240538932e+00 1.200268850918643875e-02
7.384843481289610212e-01 1.347711388240538932e+00 1.800403276377966072e-02
7.384843481289610212e-01 1.347711388240538932e+00 2.400537701837287749e-02
7.384843481289610212e-01 1.347711388240538932e+00 3.000672127296609773e-02
7.384843481289610212e-01 1.347711388240538932e+00 3.600806552755932144e-02
7.384843481289610212e-01 1.347711388240538932e+00 4.200940978215254168e-02
5.132487886249527342e+00 0.000000000000000000e+00 0.000000000000000000e+00
5.132487886249527342e+00 0.000000000000000000e+00 3.753856678121578194e-02
8.205381645877345420e-01 0.000000000000000000e+00 1.200268850918643875e-02
8.205381645877345420e-01 0.000000000000000000e+00 1.800403276377966072e-02
8.205381645877345420e-01 0.000000000000000000e+00 2.400537701837287749e-02
8.205381645877345420e-01 0.000000000000000000e+00 3.000672127296609773e-02
8.205381645877345420e-01 0.000000000000000000e+00 3.600806552755932144e-02
8.205381645877345420e-01 0.000000000000000000e+00 4.200940978215254168e-02
5.132487886249527342e+00 6.021407371779580187e-01 0.000000000000000000e+00
5.132487886249527342e+00 6.021407371779580187e-01 3.753856678121578194e-02
8.205381645877345420e-01 9.626509916003848921e-02 1.200268850918643875e-02
8.205381645877345420e-01 9.626509916003848921e-02 1.800403276377966072e-02
8.205381645877345420e-01 9.626509916003848921e-02 2.400537701837287749e-02
8.205381645877345420e-01 9.626509916003848921e-02 3.000672127296609773e-02
8.205381645877345420e-01 9.626509916003848921e-02 3.600806552755932144e-02
8.205381645877345420e-01 9.626509916003848921e-02 4.200940978215254168e-02
5.132487886249527342e+00 1.204281474355916037e+00 0.000000000000000000e+00
5.132487886249527342e+00 1.204281474355916037e+00 3.753856678121578194e-02
8.205381645877345420e-01 1.925301983200769784e-01 1.200268850918643875e-02
8.205381645877345420e-01 1.925301983200769784e-01 1.800403276377966072e-02
8.205381645877345420e-01 1.925301983200769784e-01 2.400537701837287749e-02
8.205381645877345420e-01 1.925301983200769784e-01 3.000672127296609773e-02
8.205381645877345420e-01 1.925301983200769784e-01 3.600806552755932144e-02
8.205381645877345420e-01 1.925301983200769784e-01 4.200940978215254168e-02
5.132487886249527342e+00 1.806422211533874167e+00 0.000000000000000000e+00
5.132487886249527342e+00 1.806422211533874167e+00 3.753856678121578194e-02
8.205381645877345420e-01 2.887952974801154538e-01 1.200268850918643875e-02
8.205381645877345420e-01 2.887952974801154538e-01 1.800403276377966072e-02
8.205381645877345420e-01 2.887952974801154538e-01 2.400537701837287749e-02
8.205381645877345420e-01 2.887952974801154538e-01 3.000672127296609773e-02
8.205381645877345420e-01 2.887952974801154538e-01 3.600806552755932144e-02
8.205381645877345420e-01 2.887952974801154538e-01 4.200940978215254168e-02
5.132487886249527342e+00 2.408562948711832075e+00 0.000000000000000000e+00
5.132487886249527342e+00 2.408562948711832075e+00 3.753856678121578194e-02
8.205381645877345420e-01 3.850603966401539568e-01 1.200268850918643875e-02
8.205381645877345420e-01 3.850603966401539568e-01 1.800403276377966072e-02
8.205381645877345420e-01 3.850603966401539568e-01 2.400537701837287749e-02
8.205381645877345420e-01 3.850603966401539568e-01 3.000672127296609773e-02
8.205381645877345420e-01 3.850603966401539568e-01 3.600806552755932144e-02
8.205381645877345420e-01 3.850603966401539568e-01 4.200940978215254168e-02
5.132487886249527342e+00 3.010703685889790648e+00 0.000000000000000000e+00
5.132487886249527342e+00 3.010703685889790648e+00 3.753856678121578194e-02
8.205381645877345420e-01 4.813254958001925154e-01 1.200268850918643875e-02
8.205381645877345420e-01 4.813254958001925154e-01 1.800403276377966072e-02
8.205381645877345420e-01 4.813254958001925154e-01 2.400537701837287749e-02
8.205381645877345420e-01 4.813254958001925154e-01 3.000672127296609773e-02
8.205381645877345420e-01 4.813254958001925154e-01 3.600806552755932144e-02
8.205381645877345420e-01 4.813254958001925154e-01 4.200940978215254168e-02
5.132487886249527342e+00 3.612844423067748334e+00 0.000000000000000000e+00
5.132487886249527342e+00 3.612844423067748334e+00 3.753856678121578194e-02
8.205381645877345420e-01 5.775905949602309075e-01 1.200268850918643875e-02
8.205381645877345420e-01 5.775905949602309075e-01 1.800403276377966072e-02
8.205381645877345420e-01 5.775905949602309075e-01 2.400537701837287749e-02
8.205381645877345420e-01 5.775905949602309075e-01 3.000672127296609773e-02
8.205381645877345420e-01 5.775905949602309075e-01 3.600806552755932144e-02
8.205381645877345420e-01 5.775905949602309075e-01 4.200940978215254168e-02
5.132487886249527342e+00 4.214985160245706020e+00 0.000000000000000000e+00
5.132487886249527342e+00 4.214985160245706020e+00 3.753856678121578194e-02
8.205381645877345420e-01 6.738556941202694661e-01 1.200268850918643875e-02
8.205381645877345420e-01 6.738556941202694661e-01 1.800403276377966072e-02
8.205381645877345420e-01 6.738556941202694661e-01 2.400537701837287749e-02
8.205381645877345420e-01 6.738556941202694661e-01 3.000672127296609773e-02
8.205381645877345420e-01 6.738556941202694661e-01 3.600806552755932144e-02
8.205381645877345420e-01 6.738556941202694661e-01 4.200940978215254168e-02
5.132487886249527342e+00 4.817125897423664149e+00 0.000000000000000000e+00
5.132487886249527342e+00 4.817125897423664149e+00 3.753856678121578194e-02
8.205381645877345420e-01 7.701207932803079137e-01 1.200268850918643875e-02
8.205381645877345420e-01 7.701207932803079137e-01 1.800403276377966072e-02
8.205381645877345420e-01 7.701207932803079137e-01 2.400537701837287749e-02
8.205381645877345420e-01 7.701207932803079137e-01 3.000672127296609773e-02
8.205381645877345420e-01 7.701207932803079137e-01 3.600806552755932144e-02
8.205381645877345420e-01 7.701207932803079137e-01 4.200940978215254168e-02
5.132487886249527342e+00 5.419266634601622279e+00 0.000000000000000000e+00
5.132487886249527342e+00 5.419266634601622279e+00 3.753856678121578194e-02
8.205381645877345420e-01 8.663858924403464723e-01 1.200268850918643875e-02
8.205381645877345420e-01 8.663858924403464723e-01 1.800403276377966072e-02
8.205381645877345420e-01 8.663858924403464723e-01 2.400537701837287749e-02
8.205381645877345420e-01 8.663858924403464723e-01 3.000672127296609773e-02
8.205381645877345420e-01 8.663858924403464723e-01 3.600806552755932144e-02
8.205381645877345420e-01 8.663858924403464723e-01 4.200940978215254168e-02
5.132487886249527342e+00 6.021407371779581297e+00 0.000000000000000000e+00
5.132487886249527342e+00 6.021407371779581297e+00 3.753856678121578194e-02
8.205381645877345420e-01 9.626509916003850309e-01 1.200268850918643875e-02
8.205381645877345420e-01 9.626509916003850309e-01 1.800403276377966072e-02
8.205381645877345420e-01 9.626509916003850309e-01 2.400537701837287749e-02
8.205381645877345420e-01 9.626509916003850309e-01 3.000672127296609773e-02
8.205381645877345420e-01 9.626509916003850309e-01 3.600806552755932144e-02
8.205381645877345420e-01 9.626509916003850309e-01 4.200940978215254168e-02
5.132487886249527342e+00 6.623548108957539426e+00 0.000000000000000000e+00
5.132487886249527342e+00 6.623548108957539426e+00 3.753856678121578194e-02
8.205381645877345420e-01 1.058916090760423590e+00 1.200268850918643875e-02
8.205381645877345420e-01 1.058916090760423590e+00 1.800403276377966072e-02
8.205381645877345420e-01 1.058916090760423590e+00 2.400537701837287749e-02
8.205381645877345420e-01 1.058916090760423590e+00 3.000672127296609773e-02
8.205381645877345420e-01 1.058916090760423590e+00 3.600806552755932144e-02
8.205381645877345420e-01 1.058916090760423590e+00 4.200940978215254168e-02
5.132487886249527342e+00 7.225688846135496668e+00 0.000000000000000000e+00
5.132487886249527342e+00 7.225688846135496668e+00 3.753856678121578194e-02
8.205381645877345420e-01 1.155181189920461815e+00 1.200268850918643875e-02
8.205381645877345420e-01 1.155181189920461815e+00 1.800403276377966072e-02
8.205381645877345420e-01 1.155181189920461815e+00 2.400537701837287749e-02
8.205381645877345420e-01 1.155181189920461815e+00 3.000672127296609773e-02
8.205381645877345420e-01 1.155181189920461815e+00 3.600806552755932144e-02
8.205381645877345420e-01 1.155181189920461815e+00 4.200940978215254168e-02
5.132487886249527342e+00 7.827829583313454798e+00 0.000000000000000000e+00
5.132487886249527342e+00 7.827829583313454798e+00 3.753856678121578194e-02
8.205381645877345420e-01 1.251446289080500263e+00 1.200268850918643875e-02
8.205381645877345420e-01 1.251446289080500263e+00 1.800403276377966072e-02
8.205381645877345420e-01 1.251446289080500263e+00 2.400537701837287749e-02
8.205381645877345420e-01 1.251446289080500263e+00 3.000672127296609773e-02
8.205381645877345420e-01 1.251446289080500263e+00 3.600806552755932144e-02
8.205381645877345420e-01 1.251446289080500263e+00 4.200940978215254168e-02
5.132487886249527342e+00 8.429970320491413815e+00 0.000000000000000000e+00
5.132487886249527342e+00 8.429970320491413815e+00 3.753856678121578194e-02
8.205381645877345420e-01 1.347711388240538932e+00 1.200268850918643875e-02
8.205381645877345420e-01 1.347711388240538932e+00 1.800403276377966072e-02
8.205381645877345420e-01 1.347711388240538932e+00 2.400537701837287749e-02
8.205381645877345420e-01 1.347711388240538932e+00 3.000672127296609773e-02
8.205381645877345420e-01 1.347711388240538932e+00 3.600806552755932144e-02
8.205381645877345420e-01 1.347711388240538932e+00 4.200940978215254168e-02
5.645736674874481054e+00 0.000000000000000000e+00 0.000000000000000000e+00
5.645736674874481054e+00 0.000000000000000000e+00 3.753856678121578194e-02
9.025919810465080628e-01 0.000000000000000000e+00 1.200268850918643875e-02
9.025919810465080628e-01 0.000000000000000000e+00 1.800403276377966072e-02
9.025919810465080628e-01 0.000000000000000000e+00 2.400537701837287749e-02
9.025919810465080628e-01 0.000000000000000000e+00 3.000672127296609773e-02
9.025919810465080628e-01 0.000000000000000000e+00 3.600806552755932144e-02
9.025919810465080628e-01 0.000000000000000000e+00 4.200940978215254168e-02
5.645736674874481054e+00 6.021407371779580187e-01 0.000000000000000000e+00
5.645736674874481054e+00 6.021407371779580187e-01 3.753856678121578194e-02
9.025919810465080628e-01 9.626509916003848921e-02 1.200268850918643875e-02
9.025919810465080628e-01 9.626509916003848921e-02 1.800403276377966072e-02
9.025919810465080628e-01 9.626509916003848921e-02 2.400537701837287749e-02
9.025919810465080628e-01 9.626509916003848921e-02 3.000672127296609773e-02
9.025919810465080628e-01 9.626509916003848921e-02 3.600806552755932144e-02
9.025919810465080628e-01 9.626509916003848921e-02 4.200940978215254168e-02
5.645736674874481054e+00 1.204281474355916037e+00 0.000000000000000000e+00
5.645736674874481054e+00 1.204281474355916037e+00 3.753856678121578194e-02
9.025919810465080628e-01 1.925301983200769784e-01 1.200268850918643875e-02
9.025919810465080628e-01 1.925301983200769784e-01 1.800403276377966072e-02
9.025919810465080628e-01 1.925301983200769784e-01 2.400537701837287749e-02
9.025919810465080628e-01 1.925301983200769784e-01 3.000672127296609773e-02
9.025919810465080628e-01 1.925301983200769784e-01 3.600806552755932144e-02
9.025919810465080628e-01 1.925301983200769784e-01 4.200940978215254168e-02
5.645736674874481054e+00 1.806422211533874167e+00 0.000000000000000000e+00
5.645736674874481054e+00 1.806422211533874167e+00 3.753856678121578194e-02
9.025919810465080628e-01 2.887952974801154538e-01 1.200268850918643875e-02
9.025919810465080628e-01 2.887952974801154538e-01 1.800403276377966072e-02
9.025919810465080628e-01 2.887952974801154538e-01 2.400537701837287749e-02
9.025919810465080628e-01 2.887952974801154538e-01 3.000672127296609773e-02
9.025919810465080628e-01 2.887952974801154538e-01 3.600806552755932144e-02
9.025919810465080628e-01 2.887952974801154538e-01 4.200940978215254168e-02
5.645736674874481054e+00 2.408562948711832075e+00 0.000000000000000000e+00
5.645736674874481054e+00 2.408562948711832075e+00 3.753856678121578194e-02
9.025919810465080628e-01 3.850603966401539568e-01 1.200268850918643875e-02
9.025919810465080628e-01 3.850603966401539568e-01 1.800403276377966072e-02
9.025919810465080628e-01 3.850603966401539568e-01 2.400537701837287749e-02
9.025919810465080628e-01 3.850603966401539568e-01 3.000672127296609773e-02
9.025919810465080628e-01 3.850603966401539568e-01 3.600806552755932144e-02
9.025919810465080628e-01 3.850603966401539568e-01 4.200940978215254168e-02
5.645736674874481054e+00 3.010703685889790648e+00 0.000000000000000000e+00
5.645736674874481054e+00 3.010703685889790648e+00 3.753856678121578194e-02
9.025919810465080628e-01 4.813254958001925154e-01 1.200268850918643875e-02
9.025919810465080628e-01 4.813254958001925154e-01 1.800403276377966072e-02
9.025919810465080628e-01 4.813254958001925154e-01 2.400537701837287749e-02
9.025919810465080628e-01 4.813254958001925154e-01 3.000672127296609773e-02
9.025919810465080628e-01 4.813254958001925154e-01 3.600806552755932144e-02
9.025919810465080628e-01 4.813254958001925154e-01 4.200940978215254168e-02
5.645736674874481054e+00 3.612844423067748334e+00 0.000000000000000000e+00
5.645736674874481054e+00 3.612844423067748334e+00 3.753856678121578194e-02
9.025919810465080628e-01 5.775905949602309075e-01 1.200268850918643875e-02
9.025919810465080628e-01 5.775905949602309075e-01 1.800403276377966072e-02
9.025919810465080628e-01 5.775905949602309075e-01 2.400537701837287749e-02
9.025919810465080628e-01 5.775905949602309075e-01 3.000672127296609773e-02
9.025919810465080628e-01 5.775905949602309075e-01 3.600806552755932144e-02
9.025919810465080628e-01 5.775905949602309075e-01 4.200940978215254168e-02
5.645736674874481054e+00 4.214985160245706020e+00 0.000000000000000000e+00
5.645736674874481054e+00 4.214985160245706020e+00 3.753856678121578194e-02
9.025919810465080628e-01 6.738556941202694661e-01 1.200268850918643875e-02
9.025919810465080628e-01 6.738556941202694661e-01 1.800403276377966072e-02
9.025919810465080628e-01 6.738556941202694661e-01 2.400537701837287749e-02
9.025919810465080628e-01 6.738556941202694661e-01 3.000672127296609773e-02
9.025919810465080628e-01 6.738556941202694661e-01 3.600806552755932144e-02
9.025919810465080628e-01 6.738556941202694661e-01 4.200940978215254168e-02
5.645736674874481054e+00 4.817125897423664149e+00 0.000000000000000000e+00
5.645736674874481054e+00 4.817125897423664149e+00 3.753856678121578194e-02
9.025919810465080628e-01 7.701207932803079137e-01 1.200268850918643875e-02
9.025919810465080628e-01 7.701207932803079137e-01 1.800403276377966072e-02
9.025919810465080628e-01 7.701207932803079137e-01 2.400537701837287749e-02
9.025919810465080628e-01 7.701207932803079137e-01 3.000672127296609773e-02
9.025919810465080628e-01 7.701207932803079137e-01 3.600806552755932144e-02
9.025919810465080628e-01 7.701207932803079137e-01 4.200940978215254168e-02
5.645736674874481054e+00 5.419266634601622279e+00 0.000000000000000000e+00
5.645736674874481054e+00 5.419266634601622279e+00 3.753856678121578194e-02
9.025919810465080628e-01 8.663858924403464723e-01 1.200268850918643875e-02
9.025919810465080628e-01 8.663858924403464723e-01 1.800403276377966072e-02
9.025919810465080628e-01 8.663858924403464723e-01 2.400537701837287749e-02
9.025919810465080628e-01 8.663858924403464723e-01 3.000672127296609773e-02
9.025919810465080628e-01 8.663858924403464723e-01 3.600806552755932144e-02
9.025919810465080628e-01 8.663858924403464723e-01 4.200940978215254168e-02
5.645736674874481054e+00 6.021407371779581297e+00 0.000000000000000000e+00
5.645736674874481054e+00 6.021407371779581297e+00 3.753856678121578194e-02
9.025919810465080628e-01 9.626509916003850309e-01 1.200268850918643875e-02
9.025919810465080628e-01 9.626509916003850309e-01 1.800403276377966072e-02
9.025919810465080628e-01 9.626509916003850309e-01 2.400537701837287749e-02
9.025919810465080628e-01 9.626509916003850309e-01 3.000672127296609773e-02
9.025919810465080628e-01 9.626509916003850309e-01 3.600806552755932144e-02
9.025919810465080628e-01 9.626509916003850309e-01 4.200940978215254168e-02
5.645736674874481054e+00 6.623548108957539426e+00 0.000000000000000000e+00
5.645736674874481054e+00 6.623548108957539426e+00 3.753856678121578194e-02
9.025919810465080628e-01 1.058916090760423590e+00 1.200268850918643875e-02
9.025919810465080628e-01 1.058916090760423590e+00 1.800403276377966072e-02
9.025919810465080628e-01 1.058916090760423590e+00 2.400537701837287749e-02
9.025919810465080628e-01 1.058916090760423590e+00 3.000672127296609773e-02
9.025919810465080628e-01 1.058916090760423590e+00 3.600806552755932144e-02
9.025919810465080628e-01 1.058916090760423590e+00 4.200940978215254168e-02
5.645736674874481054e+00 7.225688846135496668e+00 0.000000000000000000e+00
5.645736674874481054e+00 7.225688846135496668e+00 3.753856678121578194e-02
9.025919810465080628e-01 1.155181189920461815e+00 1.200268850918643875e-02
9.025919810465080628e-01 1.155181189920461815e+00 1.800403276377966072e-02
9.025919810465080628e-01 1.155181189920461815e+00 2.400537701837287749e-02
9.025919810465080628e-01 1.155181189920461815e+00 3.000672127296609773e-02
9.025919810465080628e-01 1.155181189920461815e+00 3.600806552755932144e-02
9.025919810465080628e-01 1.155181189920461815e+00 4.200940978215254168e-02
5.645736674874481054e+00 7.827829583313454798e+00 0.000000000000000000e+00
5.645736674874481054e+00 7.827829583313454798e+00 3.753856678121578194e-02
9.025919810465080628e-01 1.251446289080500263e+00 1.200268850918643875e-02
9.025919810465080628e-01 1.251446289080500263e+00 1.800403276377966072e-02
9.025919810465080628e-01 1.251446289080500263e+00 2.400537701837287749e-02
9.025919810465080628e-01 1.251446289080500263e+00 3.000672127296609773e-02
9.025919810465080628e-01 1.251446289080500263e+00 3.600806552755932144e-02
9.025919810465080628e-01 1.251446289080500263e+00 4.200940978215254168e-02
5.645736674874481054e+00 8.429970320491413815e+00 0.000000000000000000e+00
5.645736674874481054e+00 8.429970320491413815e+00 3.753856678121578194e-02
9.025919810465080628e-01 1.347711388240538932e+00 1.200268850918643875e-02
9.025919810465080628e-01 1.347711388240538932e+00 1.800403276377966072e-02
9.025919810465080628e-01 1.347711388240538932e+00 2.400537701837287749e-02
9.025919810465080628e-01 1.347711388240538932e+00 3.000672127296609773e-02
9.025919810465080628e-01 1.347711388240538932e+00 3.600806552755932144e-02
9.025919810465080628e-01 1.347711388240538932e+00 4.200940978215254168e-02
6.158985463499432988e+00 0.000000000000000000e+00 0.000000000000000000e+00
6.158985463499432988e+00 0.000000000000000000e+00 3.753856678121578194e-02
9.846457975052813616e-01 0.000000000000000000e+00 1.200268850918643875e-02
9.846457975052813616e-01 0.000000000000000000e+00 1.800403276377966072e-02
9.846457975052813616e-01 0.000000000000000000e+00 2.400537701837287749e-02
9.846457975052813616e-01 0.000000000000000000e+00 3.000672127296609773e-02
9.846457975052813616e-01 0.000000000000000000e+00 3.600806552755932144e-02
9.846457975052813616e-01 0.000000000000000000e+00 4.200940978215254168e-02
6.158985463499432988e+00 6.021407371779580187e-01 0.000000000000000000e+00
6.158985463499432988e+00 6.021407371779580187e-01 3.753856678121578194e-02
9.846457975052813616e-01 9.626509916003848921e-02 1.200268850918643875e-02
9.846457975052813616e-01 9.626509916003848921e-02 1.800403276377966072e-02
9.846457975052813616e-01 9.626509916003848921e-02 2.400537701837287749e-02
9.846457975052813616e-01 9.626509916003848921e-02 3.000672127296609773e-02
9.846457975052813616e-01 9.626509916003848921e-02 3.600806552755932144e-02
9.846457975052813616e-01 9.626509916003848921e-02 4.200940978215254168e-02
6.158985463499432988e+00 1.204281474355916037e+00 0.000000000000000000e+00
6.158985463499432988e+00 1.204281474355916037e+00 3.753856678121578194e-02
9.846457975052813616e-01 1.925301983200769784e-01 1.200268850918643875e-02
9.846457975052813616e-01 1.925301983200769784e-01 1.800403276377966072e-02
9.846457975052813616e-01 1.925301983200769784e-01 2.400537701837287749e-02
9.846457975052813616e-01 1.925301983200769784e-01 3.000672127296609773e-02
9.846457975052813616e-01 1.925301983200769784e-01 3.600806552755932144e-02
9.846457975052813616e-01 1.925301983200769784e-01 4.200940978215254168e-02
6.158985463499432988e+00 1.806422211533874167e+00 0.000000000000000000e+00
6.158985463499432988e+00 1.806422211533874167e+00 3.753856678121578194e-02
9.846457975052813616e-01 2.887952974801154538e-01 1.200268850918643875e-02
9.846457975052813616e-01 2.887952974801154538e-01 1.800403276377966072e-02
9.846457975052813616e-01 2.887952974801154538e-01 2.400537701837287749e-02
9.846457975052813616e-01 2.887952974801154538e-01 3.000672127296609773e-02
9.846457975052813616e-01 2.887952974801154538e-01 3.600806552755932144e-02
9.846457975052813616e-01 2.887952974801154538e-01 4.200940978215254168e-02
6.158985463499432988e+00 2.408562948711832075e+00 0.000000000000000000e+00
6.158985463499432988e+00 2.408562948711832075e+00 3.753856678121578194e-02
9.846457975052813616e-01 3.850603966401539568e-01 1.200268850918643875e-02
9.846457975052813616e-01 3.850603966401539568e-01 1.800403276377966072e-02
9.846457975052813616e-01 3.850603966401539568e-01 2.400537701837287749e-02
9.846457975052813616e-01 3.850603966401539568e-01 3.000672127296609773e-02
9.846457975052813616e-01 3.850603966401539568e-01 3.600806552755932144e-02
9.846457975052813616e-01 3.850603966401539568e-01 4.200940978215254168e-02
6.158985463499432988e+00 3.010703685889790648e+00 0.000000000000000000e+00
6.158985463499432988e+00 3.010703685889790648e+00 3.753856678121578194e-02
9.846457975052813616e-01 4.813254958001925154e-01 1.200268850918643875e-02
9.846457975052813616e-01 4.813254958001925154e-01 1.800403276377966072e-02
9.846457975052813616e-01 4.813254958001925154e-01 2.400537701837287749e-02
9.846457975052813616e-01 4.813254958001925154e-01 3.000672127296609773e-02
9.846457975052813616e-01 4.813254958001925154e-01 3.600806552755932144e-02
9.846457975052813616e-01 4.813254958001925154e-01 4.200940978215254168e-02
6.158985463499432988e+00 3.612844423067748334e+00 0.000000000000000000e+00
6.158985463499432988e+00 3.612844423067748334e+00 3.753856678121578194e-02
9.846457975052813616e-01 5.775905949602309075e-01 1.200268850918643875e-02
9.846457975052813616e-01 5.775905949602309075e-01 1.800403276377966072e-02
9.846457975052813616e-01 5.775905949602309075e-01 2.400537701837287749e-02
9.846457975052813616e-01 5.775905949602309075e-01 3.000672127296609773e-02
9.846457975052813616e-01 5.775905949602309075e-01 3.600806552755932144e-02
9.846457975052813616e-01 5.775905949602309075e-01 4.200940978215254168e-02
6.158985463499432988e+00 4.214985160245706020e+00 0.000000000000000000e+00
6.158985463499432988e+00 4.214985160245706020e+00 3.753856678121578194e-02
9.846457975052813616e-01 6.738556941202694661e-01 1.200268850918643875e-02
9.846457975052813616e-01 6.738556941202694661e-01 1.800403276377966072e-02
9.846457975052813616e-01 6.738556941202694661e-01 2.400537701837287749e-02
9.846457975052813616e-01 6.738556941202694661e-01 3.000672127296609773e-02
9.846457975052813616e-01 6.738556941202694661e-01 3.600806552755932144e-02
9.846457975052813616e-01 6.738556941202694661e-01 4.200940978215254168e-02
6.158985463499432988e+00 4.817125897423664149e+00 0.000000000000000000e+00
6.158985463499432988e+00 4.817125897423664149e+00 3.753856678121578194e-02
9.846457975052813616e-01 7.701207932803079137e-01 1.200268850918643875e-02
9.846457975052813616e-01 7.701207932803079137e-01 1.800403276377966072e-02
9.846457975052813616e-01 7.701207932803079137e-01 2.400537701837287749e-02
9.846457975052813616e-01 7.701207932803079137e-01 3.000672127296609773e-02
9.846457975052813616e-01 7.701207932803079137e-01 3.600806552755932144e-02
9.846457975052813616e-01 7.701207932803079137e-01 4.200940978215254168e-02
6.158985463499432988e+00 5.419266634601622279e+00 0.000000000000000000e+00
6.158985463499432988e+00 5.419266634601622279e+00 3.753856678121578194e-02
9.846457975052813616e-01 8.663858924403464723e-01 1.200268850918643875e-02
9.846457975052813616e-01 8.663858924403464723e-01 1.800403276377966072e-02
9.846457975052813616e-01 8.663858924403464723e-01 2.400537701837287749e-02
9.846457975052813616e-01 8.663858924403464723e-01 3.000672127296609773e-02
9.846457975052813616e-01 8.663858924403464723e-01 3.600806552755932144e-02
9.846457975052813616e-01 8.663858924403464723e-01 4.200940978215254168e-02
6.158985463499432988e+00 6.021407371779581297e+00 0.000000000000000000e+00
6.158985463499432988e+00 6.021407371779581297e+00 3.753856678121578194e-02
9.846457975052813616e-01 9.626509916003850309e-01 1.200268850918643875e-02
9.846457975052813616e-01 9.626509916003850309e-01 1.800403276377966072e-02
9.846457975052813616e-01 9.626509916003850309e-01 2.400537701837287749e-02
9.846457975052813616e-01 9.626509916003850309e-01 3.000672127296609773e-02
9.846457975052813616e-01 9.626509916003850309e-01 3.600806552755932144e-02
9.846457975052813616e-01 9.626509916003850309e-01 4.200940978215254168e-02
6.158985463499432988e+00 6.623548108957539426e+00 0.000000000000000000e+00
6.158985463499432988e+00 6.623548108957539426e+00 3.753856678121578194e-02
9.846457975052813616e-01 1.058916090760423590e+00 1.200268850918643875e-02
9.846457975052813616e-01 1.058916090760423590e+00 1.800403276377966072e-02
9.846457975052813616e-01 1.058916090760423590e+00 2.400537701837287749e-02
9.846457975052813616e-01 1.058916090760423590e+00 3.000672127296609773e-02
9.846457975052813616e-01 1.058916090760423590e+00 3.600806552755932144e-02
9.846457975052813616e-01 1.058916090760423590e+00 4.200940978215254168e-02
6.158985463499432988e+00 7.225688846135496668e+00 0.000000000000000000e+00
6.158985463499432988e+00 7.225688846135496668e+00 3.753856678121578194e-02
9.846457975052813616e-01 1.155181189920461815e+00 1.200268850918643875e-02
9.846457975052813616e-01 1.155181189920461815e+00 1.800403276377966072e-02
9.846457975052813616e-01 1.155181189920461815e+00 2.400537701837287749e-02
9.846457975052813616e-01 1.155181189920461815e+00 3.000672127296609773e-02
9.846457975052813616e-01 1.155181189920461815e+00 3.600806552755932144e-02
9.846457975052813616e-01 1.155181189920461815e+00 4.200940978215254168e-02
6.158985463499432988e+00 7.827829583313454798e+00 0.000000000000000000e+00
6.158985463499432988e+00 7.827829583313454798e+00 3.753856678121578194e-02
9.846457975052813616e-01 1.251446289080500263e+00 1.200268850918643875e-02
9.846457975052813616e-01 1.251446289080500263e+00 1.800403276377966072e-02
9.846457975052813616e-01 1.251446289080500263e+00 2.400537701837287749e-02
9.846457975052813616e-01 1.251446289080500263e+00 3.000672127296609773e-02
9.846457975052813616e-01 1.251446289080500263e+00 3.600806552755932144e-02
9.846457975052813616e-01 1.251446289080500263e+00 4.200940978215254168e-02
6.158985463499432988e+00 8.429970320491413815e+00 0.000000000000000000e+00
6.158985463499432988e+00 8.429970320491413815e+00 3.753856678121578194e-02
9.846457975052813616e-01 1.347711388240538932e+00 1.200268850918643875e-02
9.846457975052813616e-01 1.347711388240538932e+00 1.800403276377966072e-02
9.846457975052813616e-01 1.347711388240538932e+00 2.400537701837287749e-02
9.846457975052813616e-01 1.347711388240538932e+00 3.000672127296609773e-02
9.846457975052813616e-01 1.347711388240538932e+00 3.600806552755932144e-02
9.846457975052813616e-01 1.347711388240538932e+00 4.200940978215254168e-02
6.672234252124385812e+00 0.000000000000000000e+00 0.000000000000000000e+00
6.672234252124385812e+00 0.000000000000000000e+00 3.753856678121578194e-02
1.066699613964054771e+00 0.000000000000000000e+00 1.200268850918643875e-02
1.066699613964054771e+00 0.000000000000000000e+00 1.800403276377966072e-02
1.066699613964054771e+00 0.000000000000000000e+00 2.400537701837287749e-02
1.066699613964054771e+00 0.000000000000000000e+00 3.000672127296609773e-02
1.066699613964054771e+00 0.000000000000000000e+00 3.600806552755932144e-02
1.066699613964054771e+00 0.000000000000000000e+00 4.200940978215254168e-02
6.672234252124385812e+00 6.021407371779580187e-01 0.000000000000000000e+00
6.672234252124385812e+00 6.021407371779580187e-01 3.753856678121578194e-02
1.066699613964054771e+00 9.626509916003848921e-02 1.200268850918643875e-02
1.066699613964054771e+00 9.626509916003848921e-02 1.800403276377966072e-02
1.066699613964054771e+00 9.626509916003848921e-02 2.400537701837287749e-02
1.066699613964054771e+00 9.626509916003848921e-02 3.000672127296609773e-02
1.066699613964054771e+00 9.626509916003848921e-02 3.600806552755932144e-02
1.066699613964054771e+00 9.626509916003848921e-02 4.200940978215254168e-02
6.672234252124385812e+00 1.204281474355916037e+00 0.000000000000000000e+00
6.672234252124385812e+00 1.204281474355916037e+00 3.753856678121578194e-02
1.066699613964054771e+00 1.925301983200769784e-01 1.200268850918643875e-02
1.066699613964054771e+00 1.925301983200769784e-01 1.800403276377966072e-02
1.066699613964054771e+00 1.925301983200769784e-01 2.400537701837287749e-02
1.066699613964054771e+00 1.925301983200769784e-01 3.000672127296609773e-02
1.066699613964054771e+00 1.925301983200769784e-01 3.600806552755932144e-02
1.066699613964054771e+00 1.925301983200769784e-01 4.200940978215254168e-02
6.672234252124385812e+00 1.806422211533874167e+00 0.000000000000000000e+00
6.672234252124385812e+00 1.806422211533874167e+00 3.753856678121578194e-02
1.066699613964054771e+00 2.887952974801154538e-01 1.200268850918643875e-02
1.066699613964054771e+00 2.887952974801154538e-01 1.800403276377966072e-02
1.066699613964054771e+00 2.887952974801154538e-01 2.400537701837287749e-02
1.066699613964054771e+00 2.887952974801154538e-01 3.000672127296609773e-02
1.066699613964054771e+00 2.887952974801154538e-01 3.600806552755932144e-02
1.066699613964054771e+00 2.887952974801154538e-01 4.200940978215254168e-02
6.672234252124385812e+00 2.408562948711832075e+00 0.000000000000000000e+00
6.672234252124385812e+00 2.408562948711832075e+00 3.753856678121578194e-02
1.066699613964054771e+00 3.850603966401539568e-01 1.200268850918643875e-02
1.066699613964054771e+00 3.850603966401539568e-01 1.800403276377966072e-02
1.066699613964054771e+00 3.850603966401539568e-01 2.400537701837287749e-02
1.066699613964054771e+00 3.850603966401539568e-01 3.000672127296609773e-02
1.066699613964054771e+00 3.850603966401539568e-01 3.600806552755932144e-02
1.066699613964054771e+00 3.850603966401539568e-01 4.200940978215254168e-02
6.672234252124385812e+00 3.010703685889790648e+00 0.000000000000000000e+00
6.672234252124385812e+00 3.010703685889790648e+00 3.753856678121578194e-02
1.066699613964054771e+00 4.813254958001925154e-01 1.200268850918643875e-02
1.066699613964054771e+00 4.813254958001925154e-01 1.800403276377966072e-02
1.066699613964054771e+00 4.813254958001925154e-01 2.400537701837287749e-02
1.066699613964054771e+00 4.813254958001925154e-01 3.000672127296609773e-02
1.066699613964054771e+00 4.813254958001925154e-01 3.600806552755932144e-02
1.066699613964054771e+00 4.813254958001925154e-01 4.200940978215254168e-02
6.672234252124385812e+00 3.612844423067748334e+00 0.000000000000000000e+00
6.672234252124385812e+00 3.612844423067748334e+00 3.753856678121578194e-02
1.066699613964054771e+00 5.775905949602309075e-01 1.200268850918643875e-02
1.066699613964054771e+00 5.775905949602309075e-01 1.800403276377966072e-02
1.066699613964054771e+00 5.775905949602309075e-01 2.400537701837287749e-02
1.066699613964054771e+00 5.775905949602309075e-01 3.000672127296609773e-02
1.066699613964054771e+00 5.775905949602309075e-01 3.600806552755932144e-02
1.066699613964054771e+00 5.775905949602309075e-01 4.200940978215254168e-02
6.672234252124385812e+00 4.214985160245706020e+00 0.000000000000000000e+00
6.672234252124385812e+00 4.214985160245706020e+00 3.753856678121578194e-02
1.066699613964054771e+00 6.738556941202694661e-01 1.200268850918643875e-02
1.066699613964054771e+00 6.738556941202694661e-01 1.800403276377966072e-02
1.066699613964054771e+00 6.738556941202694661e-01 2.400537701837287749e-02
1.066699613964054771e+00 6.738556941202694661e-01 3.000672127296609773e-02
1.066699613964054771e+00 6.738556941202694661e-01 3.600806552755932144e-02
1.066699613964054771e+00 6.738556941202694661e-01 4.200940978215254168e-02
6.672234252124385812e+00 4.817125897423664149e+00 0.000000000000000000e+00
6.672234252124385812e+00 4.817125897423664149e+00 3.753856678121578194e-02
1.066699613964054771e+00 7.701207932803079137e-01 1.200268850918643875e-02
1.066699613964054771e+00 7.701207932803079137e-01 1.800403276377966072e-02
1.066699613964054771e+00 7.701207932803079137e-01 2.400537701837287749e-02
1.066699613964054771e+00 7.701207932803079137e-01 3.000672127296609773e-02
1.066699613964054771e+00 7.701207932803079137e-01 3.600806552755932144e-02
1.066699613964054771e+00 7.701207932803079137e-01 4.200940978215254168e-02
6.672234252124385812e+00 5.419266634601622279e+00 0.000000000000000000e+00
6.672234252124385812e+00 5.419266634601622279e+00 3.753856678121578194e-02
1.066699613964054771e+00 8.663858924403464723e-01 1.200268850918643875e-02
1.066699613964054771e+00 8.663858924403464723e-01 1.800403276377966072e-02
1.066699613964054771e+00 8.663858924403464723e-01 2.400537701837287749e-02
1.066699613964054771e+00 8.663858924403464723e-01 3.000672127296609773e-02
1.066699613964054771e+00 8.663858924403464723e-01 3.600806552755932144e-02
1.066699613964054771e+00 8.663858924403464723e-01 4.200940978215254168e-02
6.672234252124385812e+00 6.021407371779581297e+00 0.000000000000000000e+00
6.672234252124385812e+00 6.021407371779581297e+00 3.753856678121578194e-02
1.066699613964054771e+00 9.626509916003850309e-01 1.200268850918643875e-02
1.066699613964054771e+00 9.626509916003850309e-01 1.800403276377966072e-02
1.066699613964054771e+00 9.626509916003850309e-01 2.400537701837287749e-02
1.066699613964054771e+00 9.626509916003850309e-01 3.000672127296609773e-02
1.066699613964054771e+00 9.626509916003850309e-01 3.600806552755932144e-02
1.066699613964054771e+00 9.626509916003850309e-01 4.200940978215254168e-02
6.672234252124385812e+00 6.623548108957539426e+00 0.000000000000000000e+00
6.672234252124385812e+00 6.623548108957539426e+00 3.753856678121578194e-02
1.066699613964054771e+00 1.058916090760423590e+00 1.200268850918643875e-02
1.066699613964054771e+00 1.058916090760423590e+00 1.800403276377966072e-02
1.066699613964054771e+00 1.058916090760423590e+00 2.400537701837287749e-02
1.066699613964054771e+00 1.058916090760423590e+00 3.000672127296609773e-02
1.066699613964054771e+00 1.058916090760423590e+00 3.600806552755932144e-02
1.066699613964054771e+00 1.058916090760423590e+00 4.200940978215254168e-02
6.672234252124385812e+00 7.225688846135496668e+00 0.000000000000000000e+00
6.672234252124385812e+00 7.225688846135496668e+00 3.753856678121578194e-02
1.066699613964054771e+00 1.155181189920461815e+00 1.200268850918643875e-02
1.066699613964054771e+00 1.155181189920461815e+00 1.800403276377966072e-02
1.066699613964054771e+00 1.155181189920461815e+00 2.400537701837287749e-02
1.066699613964054771e+00 1.155181189920461815e+00 3.000672127296609773e-02
1.066699613964054771e+00 1.155181189920461815e+00 3.600806552755932144e-02
1.066699613964054771e+00 1.155181189920461815e+00 4.200940978215254168e-02
6.672234252124385812e+00 7.827829583313454798e+00 0.000000000000000000e+00
6.672234252124385812e+00 7.827829583313454798e+00 3.753856678121578194e-02
1.066699613964054771e+00 1.251446289080500263e+00 1.200268850918643875e-02
1.066699613964054771e+00 1.251446289080500263e+00 1.800403276377966072e-02
1.066699613964054771e+00 1.251446289080500263e+00 2.400537701837287749e-02
1.066699613964054771e+00 1.251446289080500263e+00 3.000672127296609773e-02
1.066699613964054771e+00 1.251446289080500263e+00 3.600806552755932144e-02
1.066699613964054771e+00 1.251446289080500263e+00 4.200940978215254168e-02
6.672234252124385812e+00 8.429970320491413815e+00 0.000000000000000000e+00
6.672234252124385812e+00 8.429970320491413815e+00 3.753856678121578194e-02
1.066699613964054771e+00 1.347711388240538932e+00 1.200268850918643875e-02
1.066699613964054771e+00 1.347711388240538932e+00 1.800403276377966072e-02
1.066699613964054771e+00 1.347711388240538932e+00 2.400537701837287749e-02
1.066699613964054771e+00 1.347711388240538932e+00 3.000672127296609773e-02
1.066699613964054771e+00 1.347711388240538932e+00 3.600806552755932144e-02
1.066699613964054771e+00 1.347711388240538932e+00 4.200940978215254168e-02
7.185483040749338635e+00 0.000000000000000000e+00 0.000000000000000000e+00
7.185483040749338635e+00 0.000000000000000000e+00 3.753856678121578194e-02
1.148753430422828403e+00 0.000000000000000000e+00 1.200268850918643875e-02
1.148753430422828403e+00 0.000000000000000000e+00 1.800403276377966072e-02
1.148753430422828403e+00 0.000000000000000000e+00 2.400537701837287749e-02
1.148753430422828403e+00 0.000000000000000000e+00 3.000672127296609773e-02
1.148753430422828403e+00 0.000000000000000000e+00 3.600806552755932144e-02
1.148753430422828403e+00 0.000000000000000000e+00 4.200940978215254168e-02
7.185483040749338635e+00 6.021407371779580187e-01 0.000000000000000000e+00
7.185483040749338635e+00 6.021407371779580187e-01 3.753856678121578194e-02
1.148753430422828403e+00 9.626509916003848921e-02 1.200268850918643875e-02
1.148753430422828403e+00 9.626509916003848921e-02 1.800403276377966072e-02
1.148753430422828403e+00 9.626509916003848921e-02 2.400537701837287749e-02
1.148753430422828403e+00 9.626509916003848921e-02 3.000672127296609773e-02
1.148753430422828403e+00 9.626509916003848921e-02 3.600806552755932144e-02
1.148753430422828403e+00 9.626509916003848921e-02 4.200940978215254168e-02
7.185483040749338635e+00 1.204281474355916037e+00 0.000000000000000000e+00
7.185483040749338635e+00 1.204281474355916037e+00 3.753856678121578194e-02
1.148753430422828403e+00 1.925301983200769784e-01 1.200268850918643875e-02
1.148753430422828403e+00 1.925301983200769784e-01 1.800403276377966072e-02
1.148753430422828403e+00 1.925301983200769784e-01 2.400537701837287749e-02
1.148753430422828403e+00 1.925301983200769784e-01 3.000672127296609773e-02
1.148753430422828403e+00 1.925301983200769784e-01 3.600806552755932144e-02
1.148753430422828403e+00 1.925301983200769784e-01 4.200940978215254168e-02
7.185483040749338635e+00 1.806422211533874167e+00 0.000000000000000000e+00
7.185483040749338635e+00 1.806422211533874167e+00 3.753856678121578194e-02
1.148753430422828403e+00 2.887952974801154538e-01 1.200268850918643875e-02
1.148753430422828403e+00 2.887952974801154538e-01 1.800403276377966072e-02
1.148753430422828403e+00 2.887952974801154538e-01 2.400537701837287749e-02
1.148753430422828403e+00 2.887952974801154538e-01 3.000672127296609773e-02
1.148753430422828403e+00 2.887952974801154538e-01 3.600806552755932144e-02
1.148753430422828403e+00 2.887952974801154538e-01 4.200940978215254168e-02
7.185483040749338635e+00 2.408562948711832075e+00 0.000000000000000000e+00
7.185483040749338635e+00 2.408562948711832075e+00 3.753856678121578194e-02
1.148753430422828403e+00 3.850603966401539568e-01 1.200268850918643875e-02
1.148753430422828403e+00 3.850603966401539568e-01 1.800403276377966072e-02
1.148753430422828403e+00 3.850603966401539568e-01 2.400537701837287749e-02
1.148753430422828403e+00 3.850603966401539568e-01 3.000672127296609773e-02
1.148753430422828403e+00 3.850603966401539568e-01 3.600806552755932144e-02
1.148753430422828403e+00 3.850603966401539568e-01 4.200940978215254168e-02
7.185483040749338635e+00 3.010703685889790648e+00 0.000000000000000000e+00
7.185483040749338635e+00 3.010703685889790648e+00 3.753856678121578194e-02
1.148753430422828403e+00 4.813254958001925154e-01 1.200268850918643875e-02
1.148753430422828403e+00 4.813254958001925154e-01 1.800403276377966072e-02
1.148753430422828403e+00 4.813254958001925154e-01 2.400537701837287749e-02
1.148753430422828403e+00 4.813254958001925154e-01 3.000672127296609773e-02
1.148753430422828403e+00 4.813254958001925154e-01 3.600806552755932144e-02
1.148753430422828403e+00 4.813254958001925154e-01 4.200940978215254168e-02
7.185483040749338635e+00 3.612844423067748334e+00 0.000000000000000000e+00
7.185483040749338635e+00 3.612844423067748334e+00 3.753856678121578194e-02
1.148753430422828403e+00 5.775905949602309075e-01 1.200268850918643875e-02
1.148753430422828403e+00 5.775905949602309075e-01 1.800403276377966072e-02
1.148753430422828403e+00 5.775905949602309075e-01 2.400537701837287749e-02
1.148753430422828403e+00 5.775905949602309075e-01 3.000672127296609773e-02
1.148753430422828403e+00 5.775905949602309075e-01 3.600806552755932144e-02
1.148753430422828403e+00 5.775905949602309075e-01 4.200940978215254168e-02
7.185483040749338635e+00 4.214985160245706020e+00 0.000000000000000000e+00
7.185483040749338635e+00 4.214985160245706020e+00 3.753856678121578194e-02
1.148753430422828403e+00 6.738556941202694661e-01 1.200268850918643875e-02
1.148753430422828403e+00 6.738556941202694661e-01 1.800403276377966072e-02
1.148753430422828403e+00 6.738556941202694661e-01 2.400537701837287749e-02
1.148753430422828403e+00 6.738556941202694661e-01 3.000672127296609773e-02
1.148753430422828403e+00 6.738556941202694661e-01 3.600806552755932144e-02
1.148753430422828403e+00 6.738556941202694661e-01 4.200940978215254168e-02
7.185483040749338635e+00 4.817125897423664149e+00 0.000000000000000000e+00
7.185483040749338635e+00 4.817125897423664149e+00 3.753856678121578194e-02
1.148753430422828403e+00 7.701207932803079137e-01 1.200268850918643875e-02
1.148753430422828403e+00 7.701207932803079137e-01 1.800403276377966072e-02
1.148753430422828403e+00 7.701207932803079137e-01 2.400537701837287749e-02
1.148753430422828403e+00 7.701207932803079137e-01 3.000672127296609773e-02
1.148753430422828403e+00 7.701207932803079137e-01 3.600806552755932144e-02
1.148753430422828403e+00 7.701207932803079137e-01 4.200940978215254168e-02
7.185483040749338635e+00 5.419266634601622279e+00 0.000000000000000000e+00
7.185483040749338635e+00 5.419266634601622279e+00 3.753856678121578194e-02
1.148753430422828403e+00 8.663858924403464723e-01 1.200268850918643875e-02
1.148753430422828403e+00 8.663858924403464723e-01 1.800403276377966072e-02
1.148753430422828403e+00 8.663858924403464723e-01 2.400537701837287749e-02
1.148753430422828403e+00 8.663858924403464723e-01 3.000672127296609773e-02
1.148753430422828403e+00 8.663858924403464723e-01 3.600806552755932144e-02
1.148753430422828403e+00 8.663858924403464723e-01 4.200940978215254168e-02
7.185483040749338635e+00 6.021407371779581297e+00 0.000000000000000000e+00
7.185483040749338635e+00 6.021407371779581297e+00 3.753856678121578194e-02
1.148753430422828403e+00 9.626509916003850309e-01 1.200268850918643875e-02
1.148753430422828403e+00 9.626509916003850309e-01 1.800403276377966072e-02
1.148753430422828403e+00 9.626509916003850309e-01 2.400537701837287749e-02
1.148753430422828403e+00 9.626509916003850309e-01 3.000672127296609773e-02
1.148753430422828403e+00 9.626509916003850309e-01 3.600806552755932144e-02
1.148753430422828403e+00 9.626509916003850309e-01 4.200940978215254168e-02
7.185483040749338635e+00 6.623548108957539426e+00 0.000000000000000000e+00
7.185483040749338635e+00 6.623548108957539426e+00 3.753856678121578194e-02
1.148753430422828403e+00 1.058916090760423590e+00 1.200268850918643875e-02
1.148753430422828403e+00 1.058916090760423590e+00 1.800403276377966072e-02
1.148753430422828403e+00 1.058916090760423590e+00 2.400537701837287749e-02
1.148753430422828403e+00 1.058916090760423590e+00 3.000672127296609773e-02
1.148753430422828403e+00 1.058916090760423590e+00 3.600806552755932144e-02
1.148753430422828403e+00 1.058916090760423590e+00 4.200940978215254168e-02
7.185483040749338635e+00 7.225688846135496668e+00 0.000000000000000000e+00
7.185483040749338635e+00 7.225688846135496668e+00 3.753856678121578194e-02
1.148753430422828403e+00 1.155181189920461815e+00 1.200268850918643875e-02
1.148753430422828403e+00 1.155181189920461815e+00 1.800403276377966072e-02
1.148753430422828403e+00 1.155181189920461815e+00 2.400537701837287749e-02
1.148753430422828403e+00 1.155181189920461815e+00 3.000672127296609773e-02
1.148753430422828403e+00 1.155181189920461815e+00 3.600806552755932144e-02
1.148753430422828403e+00 1.155181189920461815e+00 4.200940978215254168e-02
7.185483040749338635e+00 7.827829583313454798e+00 0.000000000000000000e+00
7.185483040749338635e+00 7.827829583313454798e+00 3.753856678121578194e-02
1.148753430422828403e+00 1.251446289080500263e+00 1.200268850918643875e-02
1.148753430422828403e+00 1.251446289080500263e+00 1.800403276377966072e-02
1.148753430422828403e+00 1.251446289080500263e+00 2.400537701837287749e-02
1.148753430422828403e+00 1.251446289080500263e+00 3.000672127296609773e-02
1.148753430422828403e+00 1.251446289080500263e+00 3.600806552755932144e-02
1.148753430422828403e+00 1.251446289080500263e+00 4.200940978215254168e-02
7.185483040749338635e+00 8.429970320491413815e+00 0.000000000000000000e+00
7.185483040749338635e+00 8.429970320491413815e+00 3.753856678121578194e-02
1.148753430422828403e+00 1.347711388240538932e+00 1.200268850918643875e-02
1.148753430422828403e+00 1.347711388240538932e+00 1.800403276377966072e-02
1.148753430422828403e+00 1.347711388240538932e+00 2.400537701837287749e-02
1.148753430422828403e+00 1.347711388240538932e+00 3.000672127296609773e-02
1.148753430422828403e+00 1.347711388240538932e+00 3.600806552755932144e-02
1.148753430422828403e+00 1.347711388240538932e+00 4.200940978215254168e-02
