0.000000000000000000e+00 0.000000000000000000e+00 0.000000000000000000e+00
0.000000000000000000e+00 0.000000000000000000e+00 2.693112433420312012e-04
0.000000000000000000e+00 0.000000000000000000e+00 5.386224866840624024e-04
0.000000000000000000e+00 0.000000000000000000e+00 8.079337300260936577e-04
0.000000000000000000e+00 0.000000000000000000e+00 1.077244973368124805e-03
0.000000000000000000e+00 0.000000000000000000e+00 1.346556216710155952e-03
0.000000000000000000e+00 0.000000000000000000e+00 1.615867460052187315e-03
0.000000000000000000e+00 0.000000000000000000e+00 1.885178703394218462e-03
0.000000000000000000e+00 4.319911080820199555e-03 0.000000000000000000e+00
0.000000000000000000e+00 4.319911080820199555e-03 2.693112433420312012e-04
0.000000000000000000e+00 4.319911080820199555e-03 5.386224866840624024e-04
0.000000000000000000e+00 4.319911080820199555e-03 8.079337300260936577e-04
0.000000000000000000e+00 4.319911080820199555e-03 1.077244973368124805e-03
0.000000000000000000e+00 4.319911080820199555e-03 1.346556216710155952e-03
0.000000000000000000e+00 4.319911080820199555e-03 1.615867460052187315e-03
0.000000000000000000e+00 4.319911080820199555e-03 1.885178703394218462e-03
0.000000000000000000e+00 8.639822161640399109e-03 0.000000000000000000e+00
0.000000000000000000e+00 8.639822161640399109e-03 2.693112433420312012e-04
0.000000000000000000e+00 8.639822161640399109e-03 5.386224866840624024e-04
0.000000000000000000e+00 8.639822161640399109e-03 8.079337300260936577e-04
0.000000000000000000e+00 8.639822161640399109e-03 1.077244973368124805e-03
0.000000000000000000e+00 8.639822161640399109e-03 1.346556216710155952e-03
0.000000000000000000e+00 8.639822161640399109e-03 1.615867460052187315e-03
0.000000000000000000e+00 8.639822161640399109e-03 1.885178703394218462e-03
0.000000000000000000e+00 1.295973324246059780e-02 0.000000000000000000e+00
0.000000000000000000e+00 1.295973324246059780e-02 2.693112433420312012e-04
0.000000000000000000e+00 1.295973324246059780e-02 5.386224866840624024e-04
0.000000000000000000e+00 1.295973324246059780e-02 8.079337300260936577e-04
0.000000000000000000e+00 1.295973324246059780e-02 1.077244973368124805e-03
0.000000000000000000e+00 1.295973324246059780e-02 1.346556216710155952e-03
0.000000000000000000e+00 1.295973324246059780e-02 1.615867460052187315e-03
0.000000000000000000e+00 1.295973324246059780e-02 1.885178703394218462e-03
0.000000000000000000e+00 1.727964432328079822e-02 0.000000000000000000e+00
0.000000000000000000e+00 1.727964432328079822e-02 2.693112433420312012e-04
0.000000000000000000e+00 1.727964432328079822e-02 5.386224866840624024e-04
0.000000000000000000e+00 1.727964432328079822e-02 8.079337300260936577e-04
0.000000000000000000e+00 1.727964432328079822e-02 1.077244973368124805e-03
0.000000000000000000e+00 1.727964432328079822e-02 1.346556216710155952e-03
0.000000000000000000e+00 1.727964432328079822e-02 1.615867460052187315e-03
0.000000000000000000e+00 1.727964432328079822e-02 1.885178703394218462e-03
0.000000000000000000e+00 2.159955540410099864e-02 0.000000000000000000e+00
0.000000000000000000e+00 2.159955540410099864e-02 2.693112433420312012e-04
0.000000000000000000e+00 2.159955540410099864e-02 5.386224866840624024e-04
0.000000000000000000e+00 2.159955540410099864e-02 8.079337300260936577e-04
0.000000000000000000e+00 2.159955540410099864e-02 1.077244973368124805e-03
0.000000000000000000e+00 2.159955540410099864e-02 1.346556216710155952e-03
0.000000000000000000e+00 2.159955540410099864e-02 1.615867460052187315e-03
0.000000000000000000e+00 2.159955540410099864e-02 1.885178703394218462e-03
0.000000000000000000e+00 2.591946648492119559e-02 0.000000000000000000e+00
0.000000000000000000e+00 2.591946648492119559e-02 2.693112433420312012e-04
0.000000000000000000e+00 2.591946648492119559e-02 5.386224866840624024e-04
0.000000000000000000e+00 2.591946648492119559e-02 8.079337300260936577e-04
0.000000000000000000e+00 2.591946648492119559e-02 1.077244973368124805e-03
0.000000000000000000e+00 2.591946648492119559e-02 1.346556216710155952e-03
0.000000000000000000e+00 2.591946648492119559e-02 1.615867460052187315e-03
0.000000000000000000e+00 2.591946648492119559e-02 1.885178703394218462e-03
0.000000000000000000e+00 3.023937756574139601e-02 0.000000000000000000e+00
0.000000000000000000e+00 3.023937756574139601e-02 2.693112433420312012e-04
0.000000000000000000e+00 3.023937756574139601e-02 5.386224866840624024e-04
0.000000000000000000e+00 3.023937756574139601e-02 8.079337300260936577e-04
0.000000000000000000e+00 3.023937756574139601e-02 1.077244973368124805e-03
0.000000000000000000e+00 3.023937756574139601e-02 1.346556216710155952e-03
0.000000000000000000e+00 3.023937756574139601e-02 1.615867460052187315e-03
0.000000000000000000e+00 3.023937756574139601e-02 1.885178703394218462e-03
0.000000000000000000e+00 3.455928864656159644e-02 0.000000000000000000e+00
0.000000000000000000e+00 3.455928864656159644e-02 2.693112433420312012e-04
0.000000000000000000e+00 3.455928864656159644e-02 5.386224866840624024e-04
0.000000000000000000e+00 3.455928864656159644e-02 8.079337300260936577e-04
0.000000000000000000e+00 3.455928864656159644e-02 1.077244973368124805e-03
0.000000000000000000e+00 3.455928864656159644e-02 1.346556216710155952e-03
0.000000000000000000e+00 3.455928864656159644e-02 1.615867460052187315e-03
0.000000000000000000e+00 3.455928864656159644e-02 1.885178703394218462e-03
0.000000000000000000e+00 3.887919972738179686e-02 0.000000000000000000e+00
0.000000000000000000e+00 3.887919972738179686e-02 2.693112433420312012e-04
0.000000000000000000e+00 3.887919972738179686e-02 5.386224866840624024e-04
0.000000000000000000e+00 3.887919972738179686e-02 8.079337300260936577e-04
0.000000000000000000e+00 3.887919972738179686e-02 1.077244973368124805e-03
0.000000000000000000e+00 3.887919972738179686e-02 1.346556216710155952e-03
0.000000000000000000e+00 3.887919972738179686e-02 1.615867460052187315e-03
0.000000000000000000e+00 3.887919972738179686e-02 1.885178703394218462e-03
0.000000000000000000e+00 4.319911080820199728e-02 0.000000000000000000e+00
0.000000000000000000e+00 4.319911080820199728e-02 2.693112433420312012e-04
0.000000000000000000e+00 4.319911080820199728e-02 5.386224866840624024e-04
0.000000000000000000e+00 4.319911080820199728e-02 8.079337300260936577e-04
0.000000000000000000e+00 4.319911080820199728e-02 1.077244973368124805e-03
0.000000000000000000e+00 4.319911080820199728e-02 1.346556216710155952e-03
0.000000000000000000e+00 4.319911080820199728e-02 1.615867460052187315e-03
0.000000000000000000e+00 4.319911080820199728e-02 1.885178703394218462e-03
0.000000000000000000e+00 4.751902188902219770e-02 0.000000000000000000e+00
0.000000000000000000e+00 4.751902188902219770e-02 2.693112433420312012e-04
0.000000000000000000e+00 4.751902188902219770e-02 5.386224866840624024e-04
0.000000000000000000e+00 4.751902188902219770e-02 8.079337300260936577e-04
0.000000000000000000e+00 4.751902188902219770e-02 1.077244973368124805e-03
0.000000000000000000e+00 4.751902188902219770e-02 1.346556216710155952e-03
0.000000000000000000e+00 4.751902188902219770e-02 1.615867460052187315e-03
0.000000000000000000e+00 4.751902188902219770e-02 1.885178703394218462e-03
0.000000000000000000e+00 5.183893296984239119e-02 0.000000000000000000e+00
0.000000000000000000e+00 5.183893296984239119e-02 2.693112433420312012e-04
0.000000000000000000e+00 5.183893296984239119e-02 5.386224866840624024e-04
0.000000000000000000e+00 5.183893296984239119e-02 8.079337300260936577e-04
0.000000000000000000e+00 5.183893296984239119e-02 1.077244973368124805e-03
0.000000000000000000e+00 5.183893296984239119e-02 1.346556216710155952e-03
0.000000000000000000e+00 5.183893296984239119e-02 1.615867460052187315e-03
0.000000000000000000e+00 5.183893296984239119e-02 1.885178703394218462e-03
0.000000000000000000e+00 5.615884405066259161e-02 0.000000000000000000e+00
0.000000000000000000e+00 5.615884405066259161e-02 2.693112433420312012e-04
0.000000000000000000e+00 5.615884405066259161e-02 5.386224866840624024e-04
0.000000000000000000e+00 5.615884405066259161e-02 8.079337300260936577e-04
0.000000000000000000e+00 5.615884405066259161e-02 1.077244973368124805e-03
0.000000000000000000e+00 5.615884405066259161e-02 1.346556216710155952e-03
0.000000000000000000e+00 5.615884405066259161e-02 1.615867460052187315e-03
0.000000000000000000e+00 5.615884405066259161e-02 1.885178703394218462e-03
0.000000000000000000e+00 6.047875513148279897e-02 0.000000000000000000e+00
0.000000000000000000e+00 6.047875513148279897e-02 2.693112433420312012e-04
0.000000000000000000e+00 6.047875513148279897e-02 5.386224866840624024e-04
0.000000000000000000e+00 6.047875513148279897e-02 8.079337300260936577e-04
0.000000000000000000e+00 6.047875513148279897e-02 1.077244973368124805e-03
0.000000000000000000e+00 6.047875513148279897e-02 1.346556216710155952e-03
0.000000000000000000e+00 6.047875513148279897e-02 1.615867460052187315e-03
0.000000000000000000e+00 6.047875513148279897e-02 1.885178703394218462e-03
3.682177591221841902e-03 0.000000000000000000e+00 0.000000000000000000e+00
3.682177591221841902e-03 0.000000000000000000e+00 2.693112433420312012e-04
3.682177591221841902e-03 0.000000000000000000e+00 5.386224866840624024e-04
3.682177591221841902e-03 0.000000000000000000e+00 8.079337300260936577e-04
3.682177591221841902e-03 0.000000000000000000e+00 1.077244973368124805e-03
3.682177591221841902e-03 0.000000000000000000e+00 1.346556216710155952e-03
3.682177591221841902e-03 0.000000000000000000e+00 1.615867460052187315e-03
3.682177591221841902e-03 0.000000000000000000e+00 1.885178703394218462e-03
3.682177591221841902e-03 4.319911080820199555e-03 0.000000000000000000e+00
3.682177591221841902e-03 4.319911080820199555e-03 2.693112433420312012e-04
3.682177591221841902e-03 4.319911080820199555e-03 5.386224866840624024e-04
3.682177591221841902e-03 4.319911080820199555e-03 8.079337300260936577e-04
3.682177591221841902e-03 4.319911080820199555e-03 1.077244973368124805e-03
3.682177591221841902e-03 4.319911080820199555e-03 1.346556216710155952e-03
3.682177591221841902e-03 4.319911080820199555e-03 1.615867460052187315e-03
3.682177591221841902e-03 4.319911080820199555e-03 1.885178703394218462e-03
3.682177591221841902e-03 8.639822161640399109e-03 0.000000000000000000e+00
3.682177591221841902e-03 8.639822161640399109e-03 2.693112433420312012e-04
3.682177591221841902e-03 8.639822161640399109e-03 5.386224866840624024e-04
3.682177591221841902e-03 8.639822161640399109e-03 8.079337300260936577e-04
3.682177591221841902e-03 8.639822161640399109e-03 1.077244973368124805e-03
3.682177591221841902e-03 8.639822161640399109e-03 1.346556216710155952e-03
3.682177591221841902e-03 8.639822161640399109e-03 1.615867460052187315e-03
3.682177591221841902e-03 8.639822161640399109e-03 1.885178703394218462e-03
3.682177591221841902e-03 1.295973324246059780e-02 0.000000000000000000e+00
3.682177591221841902e-03 1.295973324246059780e-02 2.693112433420312012e-04
3.682177591221841902e-03 1.295973324246059780e-02 5.386224866840624024e-04
3.682177591221841902e-03 1.295973324246059780e-02 8.079337300260936577e-04
3.682177591221841902e-03 1.295973324246059780e-02 1.077244973368124805e-03
3.682177591221841902e-03 1.295973324246059780e-02 1.346556216710155952e-03
3.682177591221841902e-03 1.295973324246059780e-02 1.615867460052187315e-03
3.682177591221841902e-03 1.295973324246059780e-02 1.885178703394218462e-03
3.682177591221841902e-03 1.727964432328079822e-02 0.000000000000000000e+00
3.682177591221841902e-03 1.727964432328079822e-02 2.693112433420312012e-04
3.682177591221841902e-03 1.727964432328079822e-02 5.386224866840624024e-04
3.682177591221841902e-03 1.727964432328079822e-02 8.079337300260936577e-04
3.682177591221841902e-03 1.727964432328079822e-02 1.077244973368124805e-03
3.682177591221841902e-03 1.727964432328079822e-02 1.346556216710155952e-03
3.682177591221841902e-03 1.727964432328079822e-02 1.615867460052187315e-03
3.682177591221841902e-03 1.727964432328079822e-02 1.885178703394218462e-03
3.682177591221841902e-03 2.159955540410099864e-02 0.000000000000000000e+00
3.682177591221841902e-03 2.159955540410099864e-02 2.693112433420312012e-04
3.682177591221841902e-03 2.159955540410099864e-02 5.386224866840624024e-04
3.682177591221841902e-03 2.159955540410099864e-02 8.079337300260936577e-04
3.682177591221841902e-03 2.159955540410099864e-02 1.077244973368124805e-03
3.682177591221841902e-03 2.159955540410099864e-02 1.346556216710155952e-03
3.682177591221841902e-03 2.159955540410099864e-02 1.615867460052187315e-03
3.682177591221841902e-03 2.159955540410099864e-02 1.885178703394218462e-03
3.682177591221841902e-03 2.591946648492119559e-02 0.000000000000000000e+00
3.682177591221841902e-03 2.591946648492119559e-02 2.693112433420312012e-04
3.682177591221841902e-03 2.591946648492119559e-02 5.386224866840624024e-04
3.682177591221841902e-03 2.591946648492119559e-02 8.079337300260936577e-04
3.682177591221841902e-03 2.591946648492119559e-02 1.077244973368124805e-03
3.682177591221841902e-03 2.591946648492119559e-02 1.346556216710155952e-03
3.682177591221841902e-03 2.591946648492119559e-02 1.615867460052187315e-03
3.682177591221841902e-03 2.591946648492119559e-02 1.885178703394218462e-03
3.682177591221841902e-03 3.023937756574139601e-02 0.000000000000000000e+00
3.682177591221841902e-03 3.023937756574139601e-02 2.693112433420312012e-04
3.682177591221841902e-03 3.023937756574139601e-02 5.386224866840624024e-04
3.682177591221841902e-03 3.023937756574139601e-02 8.079337300260936577e-04
3.682177591221841902e-03 3.023937756574139601e-02 1.077244973368124805e-03
3.682177591221841902e-03 3.023937756574139601e-02 1.346556216710155952e-03
3.682177591221841902e-03 3.023937756574139601e-02 1.615867460052187315e-03
3.682177591221841902e-03 3.023937756574139601e-02 1.885178703394218462e-03
3.682177591221841902e-03 3.455928864656159644e-02 0.000000000000000000e+00
3.682177591221841902e-03 3.455928864656159644e-02 2.693112433420312012e-04
3.682177591221841902e-03 3.455928864656159644e-02 5.386224866840624024e-04
3.682177591221841902e-03 3.455928864656159644e-02 8.079337300260936577e-04
3.682177591221841902e-03 3.455928864656159644e-02 1.077244973368124805e-03
3.682177591221841902e-03 3.455928864656159644e-02 1.346556216710155952e-03
3.682177591221841902e-03 3.455928864656159644e-02 1.615867460052187315e-03
3.682177591221841902e-03 3.455928864656159644e-02 1.885178703394218462e-03
3.682177591221841902e-03 3.887919972738179686e-02 0.000000000000000000e+00
3.682177591221841902e-03 3.887919972738179686e-02 2.693112433420312012e-04
3.682177591221841902e-03 3.887919972738179686e-02 5.386224866840624024e-04
3.682177591221841902e-03 3.887919972738179686e-02 8.079337300260936577e-04
3.682177591221841902e-03 3.887919972738179686e-02 1.077244973368124805e-03
3.682177591221841902e-03 3.887919972738179686e-02 1.346556216710155952e-03
3.682177591221841902e-03 3.887919972738179686e-02 1.615867460052187315e-03
3.682177591221841902e-03 3.887919972738179686e-02 1.885178703394218462e-03
3.682177591221841902e-03 4.319911080820199728e-02 0.000000000000000000e+00
3.682177591221841902e-03 4.319911080820199728e-02 2.693112433420312012e-04
3.682177591221841902e-03 4.319911080820199728e-02 5.386224866840624024e-04
3.682177591221841902e-03 4.319911080820199728e-02 8.079337300260936577e-04
3.682177591221841902e-03 4.319911080820199728e-02 1.077244973368124805e-03
3.682177591221841902e-03 4.319911080820199728e-02 1.346556216710155952e-03
3.682177591221841902e-03 4.319911080820199728e-02 1.615867460052187315e-03
3.682177591221841902e-03 4.319911080820199728e-02 1.885178703394218462e-03
3.682177591221841902e-03 4.751902188902219770e-02 0.000000000000000000e+00
3.682177591221841902e-03 4.751902188902219770e-02 2.693112433420312012e-04
3.682177591221841902e-03 4.751902188902219770e-02 5.386224866840624024e-04
3.682177591221841902e-03 4.751902188902219770e-02 8.079337300260936577e-04
3.682177591221841902e-03 4.751902188902219770e-02 1.077244973368124805e-03
3.682177591221841902e-03 4.751902188902219770e-02 1.346556216710155952e-03
3.682177591221841902e-03 4.751902188902219770e-02 1.615867460052187315e-03
3.682177591221841902e-03 4.751902188902219770e-02 1.885178703394218462e-03
3.682177591221841902e-03 5.183893296984239119e-02 0.000000000000000000e+00
3.682177591221841902e-03 5.183893296984239119e-02 2.693112433420312012e-04
3.682177591221841902e-03 5.183893296984239119e-02 5.386224866840624024e-04
3.682177591221841902e-03 5.183893296984239119e-02 8.079337300260936577e-04
3.682177591221841902e-03 5.183893296984239119e-02 1.077244973368124805e-03
3.682177591221841902e-03 5.183893296984239119e-02 1.346556216710155952e-03
3.682177591221841902e-03 5.183893296984239119e-02 1.615867460052187315e-03
3.682177591221841902e-03 5.183893296984239119e-02 1.885178703394218462e-03
3.682177591221841902e-03 5.615884405066259161e-02 0.000000000000000000e+00
3.682177591221841902e-03 5.615884405066259161e-02 2.693112433420312012e-04
3.682177591221841902e-03 5.615884405066259161e-02 5.386224866840624024e-04
3.682177591221841902e-03 5.615884405066259161e-02 8.079337300260936577e-04
3.682177591221841902e-03 5.615884405066259161e-02 1.077244973368124805e-03
3.682177591221841902e-03 5.615884405066259161e-02 1.346556216710155952e-03
3.682177591221841902e-03 5.615884405066259161e-02 1.615867460052187315e-03
3.682177591221841902e-03 5.615884405066259161e-02 1.885178703394218462e-03
3.682177591221841902e-03 6.047875513148279897e-02 0.000000000000000000e+00
3.682177591221841902e-03 6.047875513148279897e-02 2.693112433420312012e-04
3.682177591221841902e-03 6.047875513148279897e-02 5.386224866840624024e-04
3.682177591221841902e-03 6.047875513148279897e-02 8.079337300260936577e-04
3.682177591221841902e-03 6.047875513148279897e-02 1.077244973368124805e-03
3.682177591221841902e-03 6.047875513148279897e-02 1.346556216710155952e-03
3.682177591221841902e-03 6.047875513148279897e-02 1.615867460052187315e-03
3.682177591221841902e-03 6.047875513148279897e-02 1.885178703394218462e-03
7.364355182443683805e-03 0.000000000000000000e+00 0.000000000000000000e+00
7.364355182443683805e-03 0.000000000000000000e+00 2.693112433420312012e-04
7.364355182443683805e-03 0.000000000000000000e+00 5.386224866840624024e-04
7.364355182443683805e-03 0.000000000000000000e+00 8.079337300260936577e-04
7.364355182443683805e-03 0.000000000000000000e+00 1.077244973368124805e-03
7.364355182443683805e-03 0.000000000000000000e+00 1.346556216710155952e-03
7.364355182443683805e-03 0.000000000000000000e+00 1.615867460052187315e-03
7.364355182443683805e-03 0.000000000000000000e+00 1.885178703394218462e-03
7.364355182443683805e-03 4.319911080820199555e-03 0.000000000000000000e+00
7.364355182443683805e-03 4.319911080820199555e-03 2.693112433420312012e-04
7.364355182443683805e-03 4.319911080820199555e-03 5.386224866840624024e-04
7.364355182443683805e-03 4.319911080820199555e-03 8.079337300260936577e-04
7.364355182443683805e-03 4.319911080820199555e-03 1.077244973368124805e-03
7.364355182443683805e-03 4.319911080820199555e-03 1.346556216710155952e-03
7.364355182443683805e-03 4.319911080820199555e-03 1.615867460052187315e-03
7.364355182443683805e-03 4.319911080820199555e-03 1.885178703394218462e-03
7.364355182443683805e-03 8.639822161640399109e-03 0.000000000000000000e+00
7.364355182443683805e-03 8.639822161640399109e-03 2.693112433420312012e-04
7.364355182443683805e-03 8.639822161640399109e-03 5.386224866840624024e-04
7.364355182443683805e-03 8.639822161640399109e-03 8.079337300260936577e-04
7.364355182443683805e-03 8.639822161640399109e-03 1.077244973368124805e-03
7.364355182443683805e-03 8.639822161640399109e-03 1.346556216710155952e-03
7.364355182443683805e-03 8.639822161640399109e-03 1.615867460052187315e-03
7.364355182443683805e-03 8.639822161640399109e-03 1.885178703394218462e-03
7.364355182443683805e-03 1.295973324246059780e-02 0.000000000000000000e+00
7.364355182443683805e-03 1.295973324246059780e-02 2.693112433420312012e-04
7.364355182443683805e-03 1.295973324246059780e-02 5.386224866840624024e-04
7.364355182443683805e-03 1.295973324246059780e-02 8.079337300260936577e-04
7.364355182443683805e-03 1.295973324246059780e-02 1.077244973368124805e-03
7.364355182443683805e-03 1.295973324246059780e-02 1.346556216710155952e-03
7.364355182443683805e-03 1.295973324246059780e-02 1.615867460052187315e-03
7.364355182443683805e-03 1.295973324246059780e-02 1.885178703394218462e-03
7.364355182443683805e-03 1.727964432328079822e-02 0.000000000000000000e+00
7.364355182443683805e-03 1.727964432328079822e-02 2.693112433420312012e-04
7.364355182443683805e-03 1.727964432328079822e-02 5.386224866840624024e-04
7.364355182443683805e-03 1.727964432328079822e-02 8.079337300260936577e-04
7.364355182443683805e-03 1.727964432328079822e-02 1.077244973368124805e-03
7.364355182443683805e-03 1.727964432328079822e-02 1.346556216710155952e-03
7.364355182443683805e-03 1.727964432328079822e-02 1.615867460052187315e-03
7.364355182443683805e-03 1.727964432328079822e-02 1.885178703394218462e-03
7.364355182443683805e-03 2.159955540410099864e-02 0.000000000000000000e+00
7.364355182443683805e-03 2.159955540410099864e-02 2.693112433420312012e-04
7.364355182443683805e-03 2.159955540410099864e-02 5.386224866840624024e-04
7.364355182443683805e-03 2.159955540410099864e-02 8.079337300260936577e-04
7.364355182443683805e-03 2.159955540410099864e-02 1.077244973368124805e-03
7.364355182443683805e-03 2.159955540410099864e-02 1.346556216710155952e-03
7.364355182443683805e-03 2.159955540410099864e-02 1.615867460052187315e-03
7.364355182443683805e-03 2.159955540410099864e-02 1.885178703394218462e-03
7.364355182443683805e-03 2.591946648492119559e-02 0.000000000000000000e+00
7.364355182443683805e-03 2.591946648492119559e-02 2.693112433420312012e-04
7.364355182443683805e-03 2.591946648492119559e-02 5.386224866840624024e-04
7.364355182443683805e-03 2.591946648492119559e-02 8.079337300260936577e-04
7.364355182443683805e-03 2.591946648492119559e-02 1.077244973368124805e-03
7.364355182443683805e-03 2.591946648492119559e-02 1.346556216710155952e-03
7.364355182443683805e-03 2.591946648492119559e-02 1.615867460052187315e-03
7.364355182443683805e-03 2.591946648492119559e-02 1.885178703394218462e-03
7.364355182443683805e-03 3.023937756574139601e-02 0.000000000000000000e+00
7.364355182443683805e-03 3.023937756574139601e-02 2.693112433420312012e-04
7.364355182443683805e-03 3.023937756574139601e-02 5.386224866840624024e-04
7.364355182443683805e-03 3.023937756574139601e-02 8.079337300260936577e-04
7.364355182443683805e-03 3.023937756574139601e-02 1.077244973368124805e-03
7.364355182443683805e-03 3.023937756574139601e-02 1.346556216710155952e-03
7.364355182443683805e-03 3.023937756574139601e-02 1.615867460052187315e-03
7.364355182443683805e-03 3.023937756574139601e-02 1.885178703394218462e-03
7.364355182443683805e-03 3.455928864656159644e-02 0.000000000000000000e+00
7.364355182443683805e-03 3.455928864656159644e-02 2.693112433420312012e-04
7.364355182443683805e-03 3.455928864656159644e-02 5.386224866840624024e-04
7.364355182443683805e-03 3.455928864656159644e-02 8.079337300260936577e-04
7.364355182443683805e-03 3.455928864656159644e-02 1.077244973368124805e-03
7.364355182443683805e-03 3.455928864656159644e-02 1.346556216710155952e-03
7.364355182443683805e-03 3.455928864656159644e-02 1.615867460052187315e-03
7.364355182443683805e-03 3.455928864656159644e-02 1.885178703394218462e-03
7.364355182443683805e-03 3.887919972738179686e-02 0.000000000000000000e+00
7.364355182443683805e-03 3.887919972738179686e-02 2.693112433420312012e-04
7.364355182443683805e-03 3.887919972738179686e-02 5.386224866840624024e-04
7.364355182443683805e-03 3.887919972738179686e-02 8.079337300260936577e-04
7.364355182443683805e-03 3.887919972738179686e-02 1.077244973368124805e-03
7.364355182443683805e-03 3.887919972738179686e-02 1.346556216710155952e-03
7.364355182443683805e-03 3.887919972738179686e-02 1.615867460052187315e-03
7.364355182443683805e-03 3.887919972738179686e-02 1.885178703394218462e-03
7.364355182443683805e-03 4.319911080820199728e-02 0.000000000000000000e+00
7.364355182443683805e-03 4.319911080820199728e-02 2.693112433420312012e-04
7.364355182443683805e-03 4.319911080820199728e-02 5.386224866840624024e-04
7.364355182443683805e-03 4.319911080820199728e-02 8.079337300260936577e-04
7.364355182443683805e-03 4.319911080820199728e-02 1.077244973368124805e-03
7.364355182443683805e-03 4.319911080820199728e-02 1.346556216710155952e-03
7.364355182443683805e-03 4.319911080820199728e-02 1.615867460052187315e-03
7.364355182443683805e-03 4.319911080820199728e-02 1.885178703394218462e-03
7.364355182443683805e-03 4.751902188902219770e-02 0.000000000000000000e+00
7.364355182443683805e-03 4.751902188902219770e-02 2.693112433420312012e-04
7.364355182443683805e-03 4.751902188902219770e-02 5.386224866840624024e-04
7.364355182443683805e-03 4.751902188902219770e-02 8.079337300260936577e-04
7.364355182443683805e-03 4.751902188902219770e-02 1.077244973368124805e-03
7.364355182443683805e-03 4.751902188902219770e-02 1.346556216710155952e-03
7.364355182443683805e-03 4.751902188902219770e-02 1.615867460052187315e-03
7.364355182443683805e-03 4.751902188902219770e-02 1.885178703394218462e-03
7.364355182443683805e-03 5.183893296984239119e-02 0.000000000000000000e+00
7.364355182443683805e-03 5.183893296984239119e-02 2.693112433420312012e-04
7.364355182443683805e-03 5.183893296984239119e-02 5.386224866840624024e-04
7.364355182443683805e-03 5.183893296984239119e-02 8.079337300260936577e-04
7.364355182443683805e-03 5.183893296984239119e-02 1.077244973368124805e-03
7.364355182443683805e-03 5.183893296984239119e-02 1.346556216710155952e-03
7.364355182443683805e-03 5.183893296984239119e-02 1.615867460052187315e-03
7.364355182443683805e-03 5.183893296984239119e-02 1.885178703394218462e-03
7.364355182443683805e-03 5.615884405066259161e-02 0.000000000000000000e+00
7.364355182443683805e-03 5.615884405066259161e-02 2.693112433420312012e-04
7.364355182443683805e-03 5.615884405066259161e-02 5.386224866840624024e-04
7.364355182443683805e-03 5.615884405066259161e-02 8.079337300260936577e-04
7.364355182443683805e-03 5.615884405066259161e-02 1.077244973368124805e-03
7.364355182443683805e-03 5.615884405066259161e-02 1.346556216710155952e-03
7.364355182443683805e-03 5.615884405066259161e-02 1.615867460052187315e-03
7.364355182443683805e-03 5.615884405066259161e-02 1.885178703394218462e-03
7.364355182443683805e-03 6.047875513148279897e-02 0.000000000000000000e+00
7.364355182443683805e-03 6.047875513148279897e-02 2.693112433420312012e-04
7.364355182443683805e-03 6.047875513148279897e-02 5.386224866840624024e-04
7.364355182443683805e-03 6.047875513148279897e-02 8.079337300260936577e-04
7.364355182443683805e-03 6.047875513148279897e-02 1.077244973368124805e-03
7.364355182443683805e-03 6.047875513148279897e-02 1.346556216710155952e-03
7.364355182443683805e-03 6.047875513148279897e-02 1.615867460052187315e-03
7.364355182443683805e-03 6.047875513148279897e-02 1.885178703394218462e-03
1.104653277366552527e-02 0.000000000000000000e+00 0.000000000000000000e+00
1.104653277366552527e-02 0.000000000000000000e+00 2.693112433420312012e-04
1.104653277366552527e-02 0.000000000000000000e+00 5.386224866840624024e-04
1.104653277366552527e-02 0.000000000000000000e+00 8.079337300260936577e-04
1.104653277366552527e-02 0.000000000000000000e+00 1.077244973368124805e-03
1.104653277366552527e-02 0.000000000000000000e+00 1.346556216710155952e-03
1.104653277366552527e-02 0.000000000000000000e+00 1.615867460052187315e-03
1.104653277366552527e-02 0.000000000000000000e+00 1.885178703394218462e-03
1.104653277366552527e-02 4.319911080820199555e-03 0.000000000000000000e+00
1.104653277366552527e-02 4.319911080820199555e-03 2.693112433420312012e-04
1.104653277366552527e-02 4.319911080820199555e-03 5.386224866840624024e-04
1.104653277366552527e-02 4.319911080820199555e-03 8.079337300260936577e-04
1.104653277366552527e-02 4.319911080820199555e-03 1.077244973368124805e-03
1.104653277366552527e-02 4.319911080820199555e-03 1.346556216710155952e-03
1.104653277366552527e-02 4.319911080820199555e-03 1.615867460052187315e-03
1.104653277366552527e-02 4.319911080820199555e-03 1.885178703394218462e-03
1.104653277366552527e-02 8.639822161640399109e-03 0.000000000000000000e+00
1.104653277366552527e-02 8.639822161640399109e-03 2.693112433420312012e-04
1.104653277366552527e-02 8.639822161640399109e-03 5.386224866840624024e-04
1.104653277366552527e-02 8.639822161640399109e-03 8.079337300260936577e-04
1.104653277366552527e-02 8.639822161640399109e-03 1.077244973368124805e-03
1.104653277366552527e-02 8.639822161640399109e-03 1.346556216710155952e-03
1.104653277366552527e-02 8.639822161640399109e-03 1.615867460052187315e-03
1.104653277366552527e-02 8.639822161640399109e-03 1.885178703394218462e-03
1.104653277366552527e-02 1.295973324246059780e-02 0.000000000000000000e+00
1.104653277366552527e-02 1.295973324246059780e-02 2.693112433420312012e-04
1.104653277366552527e-02 1.295973324246059780e-02 5.386224866840624024e-04
1.104653277366552527e-02 1.295973324246059780e-02 8.079337300260936577e-04
1.104653277366552527e-02 1.295973324246059780e-02 1.077244973368124805e-03
1.104653277366552527e-02 1.295973324246059780e-02 1.346556216710155952e-03
1.104653277366552527e-02 1.295973324246059780e-02 1.615867460052187315e-03
1.104653277366552527e-02 1.295973324246059780e-02 1.885178703394218462e-03
1.104653277366552527e-02 1.727964432328079822e-02 0.000000000000000000e+00
1.104653277366552527e-02 1.727964432328079822e-02 2.693112433420312012e-04
1.104653277366552527e-02 1.727964432328079822e-02 5.386224866840624024e-04
1.104653277366552527e-02 1.727964432328079822e-02 8.079337300260936577e-04
1.104653277366552527e-02 1.727964432328079822e-02 1.077244973368124805e-03
1.104653277366552527e-02 1.727964432328079822e-02 1.346556216710155952e-03
1.104653277366552527e-02 1.727964432328079822e-02 1.615867460052187315e-03
1.104653277366552527e-02 1.727964432328079822e-02 1.885178703394218462e-03
1.104653277366552527e-02 2.159955540410099864e-02 0.000000000000000000e+00
1.104653277366552527e-02 2.159955540410099864e-02 2.693112433420312012e-04
1.104653277366552527e-02 2.159955540410099864e-02 5.386224866840624024e-04
1.104653277366552527e-02 2.159955540410099864e-02 8.079337300260936577e-04
1.104653277366552527e-02 2.159955540410099864e-02 1.077244973368124805e-03
1.104653277366552527e-02 2.159955540410099864e-02 1.346556216710155952e-03
1.104653277366552527e-02 2.159955540410099864e-02 1.615867460052187315e-03
1.104653277366552527e-02 2.159955540410099864e-02 1.885178703394218462e-03
1.104653277366552527e-02 2.591946648492119559e-02 0.000000000000000000e+00
1.104653277366552527e-02 2.591946648492119559e-02 2.693112433420312012e-04
1.104653277366552527e-02 2.591946648492119559e-02 5.386224866840624024e-04
1.104653277366552527e-02 2.591946648492119559e-02 8.079337300260936577e-04
1.104653277366552527e-02 2.591946648492119559e-02 1.077244973368124805e-03
1.104653277366552527e-02 2.591946648492119559e-02 1.346556216710155952e-03
1.104653277366552527e-02 2.591946648492119559e-02 1.615867460052187315e-03
1.104653277366552527e-02 2.591946648492119559e-02 1.885178703394218462e-03
1.104653277366552527e-02 3.023937756574139601e-02 0.000000000000000000e+00
1.104653277366552527e-02 3.023937756574139601e-02 2.693112433420312012e-04
1.104653277366552527e-02 3.023937756574139601e-02 5.386224866840624024e-04
1.104653277366552527e-02 3.023937756574139601e-02 8.079337300260936577e-04
1.104653277366552527e-02 3.023937756574139601e-02 1.077244973368124805e-03
1.104653277366552527e-02 3.023937756574139601e-02 1.346556216710155952e-03
1.104653277366552527e-02 3.023937756574139601e-02 1.615867460052187315e-03
1.104653277366552527e-02 3.023937756574139601e-02 1.885178703394218462e-03
1.104653277366552527e-02 3.455928864656159644e-02 0.000000000000000000e+00
1.104653277366552527e-02 3.455928864656159644e-02 2.693112433420312012e-04
1.104653277366552527e-02 3.455928864656159644e-02 5.386224866840624024e-04
1.104653277366552527e-02 3.455928864656159644e-02 8.079337300260936577e-04
1.104653277366552527e-02 3.455928864656159644e-02 1.077244973368124805e-03
1.104653277366552527e-02 3.455928864656159644e-02 1.346556216710155952e-03
1.104653277366552527e-02 3.455928864656159644e-02 1.615867460052187315e-03
1.104653277366552527e-02 3.455928864656159644e-02 1.885178703394218462e-03
1.104653277366552527e-02 3.887919972738179686e-02 0.000000000000000000e+00
1.104653277366552527e-02 3.887919972738179686e-02 2.693112433420312012e-04
1.104653277366552527e-02 3.887919972738179686e-02 5.386224866840624024e-04
1.104653277366552527e-02 3.887919972738179686e-02 8.079337300260936577e-04
1.104653277366552527e-02 3.887919972738179686e-02 1.077244973368124805e-03
1.104653277366552527e-02 3.887919972738179686e-02 1.346556216710155952e-03
1.104653277366552527e-02 3.887919972738179686e-02 1.615867460052187315e-03
1.104653277366552527e-02 3.887919972738179686e-02 1.885178703394218462e-03
1.104653277366552527e-02 4.319911080820199728e-02 0.000000000000000000e+00
1.104653277366552527e-02 4.319911080820199728e-02 2.693112433420312012e-04
1.104653277366552527e-02 4.319911080820199728e-02 5.386224866840624024e-04
1.104653277366552527e-02 4.319911080820199728e-02 8.079337300260936577e-04
1.104653277366552527e-02 4.319911080820199728e-02 1.077244973368124805e-03
1.104653277366552527e-02 4.319911080820199728e-02 1.346556216710155952e-03
1.104653277366552527e-02 4.319911080820199728e-02 1.615867460052187315e-03
1.104653277366552527e-02 4.319911080820199728e-02 1.885178703394218462e-03
1.104653277366552527e-02 4.751902188902219770e-02 0.000000000000000000e+00
1.104653277366552527e-02 4.751902188902219770e-02 2.693112433420312012e-04
1.104653277366552527e-02 4.751902188902219770e-02 5.386224866840624024e-04
1.104653277366552527e-02 4.751902188902219770e-02 8.079337300260936577e-04
1.104653277366552527e-02 4.751902188902219770e-02 1.077244973368124805e-03
1.104653277366552527e-02 4.751902188902219770e-02 1.346556216710155952e-03
1.104653277366552527e-02 4.751902188902219770e-02 1.615867460052187315e-03
1.104653277366552527e-02 4.751902188902219770e-02 1.885178703394218462e-03
1.104653277366552527e-02 5.183893296984239119e-02 0.000000000000000000e+00
1.104653277366552527e-02 5.183893296984239119e-02 2.693112433420312012e-04
1.104653277366552527e-02 5.183893296984239119e-02 5.386224866840624024e-04
1.104653277366552527e-02 5.183893296984239119e-02 8.079337300260936577e-04
1.104653277366552527e-02 5.183893296984239119e-02 1.077244973368124805e-03
1.104653277366552527e-02 5.183893296984239119e-02 1.346556216710155952e-03
1.104653277366552527e-02 5.183893296984239119e-02 1.615867460052187315e-03
1.104653277366552527e-02 5.183893296984239119e-02 1.885178703394218462e-03
1.104653277366552527e-02 5.615884405066259161e-02 0.000000000000000000e+00
1.104653277366552527e-02 5.615884405066259161e-02 2.693112433420312012e-04
1.104653277366552527e-02 5.615884405066259161e-02 5.386224866840624024e-04
1.104653277366552527e-02 5.615884405066259161e-02 8.079337300260936577e-04
1.104653277366552527e-02 5.615884405066259161e-02 1.077244973368124805e-03
1.104653277366552527e-02 5.615884405066259161e-02 1.346556216710155952e-03
1.104653277366552527e-02 5.615884405066259161e-02 1.615867460052187315e-03
1.104653277366552527e-02 5.615884405066259161e-02 1.885178703394218462e-03
1.104653277366552527e-02 6.047875513148279897e-02 0.000000000000000000e+00
1.104653277366552527e-02 6.047875513148279897e-02 2.693112433420312012e-04
1.104653277366552527e-02 6.047875513148279897e-02 5.386224866840624024e-04
1.104653277366552527e-02 6.047875513148279897e-02 8.079337300260936577e-04
1.104653277366552527e-02 6.047875513148279897e-02 1.077244973368124805e-03
1.104653277366552527e-02 6.047875513148279897e-02 1.346556216710155952e-03
1.104653277366552527e-02 6.047875513148279897e-02 1.615867460052187315e-03
1.104653277366552527e-02 6.047875513148279897e-02 1.885178703394218462e-03
1.472871036488736761e-02 0.000000000000000000e+00 0.000000000000000000e+00
1.472871036488736761e-02 0.000000000000000000e+00 2.693112433420312012e-04
1.472871036488736761e-02 0.000000000000000000e+00 5.386224866840624024e-04
1.472871036488736761e-02 0.000000000000000000e+00 8.079337300260936577e-04
1.472871036488736761e-02 0.000000000000000000e+00 1.077244973368124805e-03
1.472871036488736761e-02 0.000000000000000000e+00 1.346556216710155952e-03
1.472871036488736761e-02 0.000000000000000000e+00 1.615867460052187315e-03
1.472871036488736761e-02 0.000000000000000000e+00 1.885178703394218462e-03
1.472871036488736761e-02 4.319911080820199555e-03 0.000000000000000000e+00
1.472871036488736761e-02 4.319911080820199555e-03 2.693112433420312012e-04
1.472871036488736761e-02 4.319911080820199555e-03 5.386224866840624024e-04
1.472871036488736761e-02 4.319911080820199555e-03 8.079337300260936577e-04
1.472871036488736761e-02 4.319911080820199555e-03 1.077244973368124805e-03
1.472871036488736761e-02 4.319911080820199555e-03 1.346556216710155952e-03
1.472871036488736761e-02 4.319911080820199555e-03 1.615867460052187315e-03
1.472871036488736761e-02 4.319911080820199555e-03 1.885178703394218462e-03
1.472871036488736761e-02 8.639822161640399109e-03 0.000000000000000000e+00
1.472871036488736761e-02 8.639822161640399109e-03 2.693112433420312012e-04
1.472871036488736761e-02 8.639822161640399109e-03 5.386224866840624024e-04
1.472871036488736761e-02 8.639822161640399109e-03 8.079337300260936577e-04
1.472871036488736761e-02 8.639822161640399109e-03 1.077244973368124805e-03
1.472871036488736761e-02 8.639822161640399109e-03 1.346556216710155952e-03
1.472871036488736761e-02 8.639822161640399109e-03 1.615867460052187315e-03
1.472871036488736761e-02 8.639822161640399109e-03 1.885178703394218462e-03
1.472871036488736761e-02 1.295973324246059780e-02 0.000000000000000000e+00
1.472871036488736761e-02 1.295973324246059780e-02 2.693112433420312012e-04
1.472871036488736761e-02 1.295973324246059780e-02 5.386224866840624024e-04
1.472871036488736761e-02 1.295973324246059780e-02 8.079337300260936577e-04
1.472871036488736761e-02 1.295973324246059780e-02 1.077244973368124805e-03
1.472871036488736761e-02 1.295973324246059780e-02 1.346556216710155952e-03
1.472871036488736761e-02 1.295973324246059780e-02 1.615867460052187315e-03
1.472871036488736761e-02 1.295973324246059780e-02 1.885178703394218462e-03
1.472871036488736761e-02 1.727964432328079822e-02 0.000000000000000000e+00
1.472871036488736761e-02 1.727964432328079822e-02 2.693112433420312012e-04
1.472871036488736761e-02 1.727964432328079822e-02 5.386224866840624024e-04
1.472871036488736761e-02 1.727964432328079822e-02 8.079337300260936577e-04
1.472871036488736761e-02 1.727964432328079822e-02 1.077244973368124805e-03
1.472871036488736761e-02 1.727964432328079822e-02 1.346556216710155952e-03
1.472871036488736761e-02 1.727964432328079822e-02 1.615867460052187315e-03
1.472871036488736761e-02 1.727964432328079822e-02 1.885178703394218462e-03
1.472871036488736761e-02 2.159955540410099864e-02 0.000000000000000000e+00
1.472871036488736761e-02 2.159955540410099864e-02 2.693112433420312012e-04
1.472871036488736761e-02 2.159955540410099864e-02 5.386224866840624024e-04
1.472871036488736761e-02 2.159955540410099864e-02 8.079337300260936577e-04
1.472871036488736761e-02 2.159955540410099864e-02 1.077244973368124805e-03
1.472871036488736761e-02 2.159955540410099864e-02 1.346556216710155952e-03
1.472871036488736761e-02 2.159955540410099864e-02 1.615867460052187315e-03
1.472871036488736761e-02 2.159955540410099864e-02 1.885178703394218462e-03
1.472871036488736761e-02 2.591946648492119559e-02 0.000000000000000000e+00
1.472871036488736761e-02 2.591946648492119559e-02 2.693112433420312012e-04
1.472871036488736761e-02 2.591946648492119559e-02 5.386224866840624024e-04
1.472871036488736761e-02 2.591946648492119559e-02 8.079337300260936577e-04
1.472871036488736761e-02 2.591946648492119559e-02 1.077244973368124805e-03
1.472871036488736761e-02 2.591946648492119559e-02 1.346556216710155952e-03
1.472871036488736761e-02 2.591946648492119559e-02 1.615867460052187315e-03
1.472871036488736761e-02 2.591946648492119559e-02 1.885178703394218462e-03
1.472871036488736761e-02 3.023937756574139601e-02 0.000000000000000000e+00
1.472871036488736761e-02 3.023937756574139601e-02 2.693112433420312012e-04
1.472871036488736761e-02 3.023937756574139601e-02 5.386224866840624024e-04
1.472871036488736761e-02 3.023937756574139601e-02 8.079337300260936577e-04
1.472871036488736761e-02 3.023937756574139601e-02 1.077244973368124805e-03
1.472871036488736761e-02 3.023937756574139601e-02 1.346556216710155952e-03
1.472871036488736761e-02 3.023937756574139601e-02 1.615867460052187315e-03
1.472871036488736761e-02 3.023937756574139601e-02 1.885178703394218462e-03
1.472871036488736761e-02 3.455928864656159644e-02 0.000000000000000000e+00
1.472871036488736761e-02 3.455928864656159644e-02 2.693112433420312012e-04
1.472871036488736761e-02 3.455928864656159644e-02 5.386224866840624024e-04
1.472871036488736761e-02 3.455928864656159644e-02 8.079337300260936577e-04
1.472871036488736761e-02 3.455928864656159644e-02 1.077244973368124805e-03
1.472871036488736761e-02 3.455928864656159644e-02 1.346556216710155952e-03
1.472871036488736761e-02 3.455928864656159644e-02 1.615867460052187315e-03
1.472871036488736761e-02 3.455928864656159644e-02 1.885178703394218462e-03
1.472871036488736761e-02 3.887919972738179686e-02 0.000000000000000000e+00
1.472871036488736761e-02 3.887919972738179686e-02 2.693112433420312012e-04
1.472871036488736761e-02 3.887919972738179686e-02 5.386224866840624024e-04
1.472871036488736761e-02 3.887919972738179686e-02 8.079337300260936577e-04
1.472871036488736761e-02 3.887919972738179686e-02 1.077244973368124805e-03
1.472871036488736761e-02 3.887919972738179686e-02 1.346556216710155952e-03
1.472871036488736761e-02 3.887919972738179686e-02 1.615867460052187315e-03
1.472871036488736761e-02 3.887919972738179686e-02 1.885178703394218462e-03
1.472871036488736761e-02 4.319911080820199728e-02 0.000000000000000000e+00
1.472871036488736761e-02 4.319911080820199728e-02 2.693112433420312012e-04
1.472871036488736761e-02 4.319911080820199728e-02 5.386224866840624024e-04
1.472871036488736761e-02 4.319911080820199728e-02 8.079337300260936577e-04
1.472871036488736761e-02 4.319911080820199728e-02 1.077244973368124805e-03
1.472871036488736761e-02 4.319911080820199728e-02 1.346556216710155952e-03
1.472871036488736761e-02 4.319911080820199728e-02 1.615867460052187315e-03
1.472871036488736761e-02 4.319911080820199728e-02 1.885178703394218462e-03
1.472871036488736761e-02 4.751902188902219770e-02 0.000000000000000000e+00
1.472871036488736761e-02 4.751902188902219770e-02 2.693112433420312012e-04
1.472871036488736761e-02 4.751902188902219770e-02 5.386224866840624024e-04
1.472871036488736761e-02 4.751902188902219770e-02 8.079337300260936577e-04
1.472871036488736761e-02 4.751902188902219770e-02 1.077244973368124805e-03
1.472871036488736761e-02 4.751902188902219770e-02 1.346556216710155952e-03
1.472871036488736761e-02 4.751902188902219770e-02 1.615867460052187315e-03
1.472871036488736761e-02 4.751902188902219770e-02 1.885178703394218462e-03
1.472871036488736761e-02 5.183893296984239119e-02 0.000000000000000000e+00
1.472871036488736761e-02 5.183893296984239119e-02 2.693112433420312012e-04
1.472871036488736761e-02 5.183893296984239119e-02 5.386224866840624024e-04
1.472871036488736761e-02 5.183893296984239119e-02 8.079337300260936577e-04
1.472871036488736761e-02 5.183893296984239119e-02 1.077244973368124805e-03
1.472871036488736761e-02 5.183893296984239119e-02 1.346556216710155952e-03
1.472871036488736761e-02 5.183893296984239119e-02 1.615867460052187315e-03
1.472871036488736761e-02 5.183893296984239119e-02 1.885178703394218462e-03
1.472871036488736761e-02 5.615884405066259161e-02 0.000000000000000000e+00
1.472871036488736761e-02 5.615884405066259161e-02 2.693112433420312012e-04
1.472871036488736761e-02 5.615884405066259161e-02 5.386224866840624024e-04
1.472871036488736761e-02 5.615884405066259161e-02 8.079337300260936577e-04
1.472871036488736761e-02 5.615884405066259161e-02 1.077244973368124805e-03
1.472871036488736761e-02 5.615884405066259161e-02 1.346556216710155952e-03
1.472871036488736761e-02 5.615884405066259161e-02 1.615867460052187315e-03
1.472871036488736761e-02 5.615884405066259161e-02 1.885178703394218462e-03
1.472871036488736761e-02 6.047875513148279897e-02 0.000000000000000000e+00
1.472871036488736761e-02 6.047875513148279897e-02 2.693112433420312012e-04
1.472871036488736761e-02 6.047875513148279897e-02 5.386224866840624024e-04
1.472871036488736761e-02 6.047875513148279897e-02 8.079337300260936577e-04
1.472871036488736761e-02 6.047875513148279897e-02 1.077244973368124805e-03
1.472871036488736761e-02 6.047875513148279897e-02 1.346556216710155952e-03
1.472871036488736761e-02 6.047875513148279897e-02 1.615867460052187315e-03
1.472871036488736761e-02 6.047875513148279897e-02 1.885178703394218462e-03
1.841088795610920995e-02 0.000000000000000000e+00 0.000000000000000000e+00
1.841088795610920995e-02 0.000000000000000000e+00 2.693112433420312012e-04
1.841088795610920995e-02 0.000000000000000000e+00 5.386224866840624024e-04
1.841088795610920995e-02 0.000000000000000000e+00 8.079337300260936577e-04
1.841088795610920995e-02 0.000000000000000000e+00 1.077244973368124805e-03
1.841088795610920995e-02 0.000000000000000000e+00 1.346556216710155952e-03
1.841088795610920995e-02 0.000000000000000000e+00 1.615867460052187315e-03
1.841088795610920995e-02 0.000000000000000000e+00 1.885178703394218462e-03
1.841088795610920995e-02 4.319911080820199555e-03 0.000000000000000000e+00
1.841088795610920995e-02 4.319911080820199555e-03 2.693112433420312012e-04
1.841088795610920995e-02 4.319911080820199555e-03 5.386224866840624024e-04
1.841088795610920995e-02 4.319911080820199555e-03 8.079337300260936577e-04
1.841088795610920995e-02 4.319911080820199555e-03 1.077244973368124805e-03
1.841088795610920995e-02 4.319911080820199555e-03 1.346556216710155952e-03
1.841088795610920995e-02 4.319911080820199555e-03 1.615867460052187315e-03
1.841088795610920995e-02 4.319911080820199555e-03 1.885178703394218462e-03
1.841088795610920995e-02 8.639822161640399109e-03 0.000000000000000000e+00
1.841088795610920995e-02 8.639822161640399109e-03 2.693112433420312012e-04
1.841088795610920995e-02 8.639822161640399109e-03 5.386224866840624024e-04
1.841088795610920995e-02 8.639822161640399109e-03 8.079337300260936577e-04
1.841088795610920995e-02 8.639822161640399109e-03 1.077244973368124805e-03
1.841088795610920995e-02 8.639822161640399109e-03 1.346556216710155952e-03
1.841088795610920995e-02 8.639822161640399109e-03 1.615867460052187315e-03
1.841088795610920995e-02 8.639822161640399109e-03 1.885178703394218462e-03
1.841088795610920995e-02 1.295973324246059780e-02 0.000000000000000000e+00
1.841088795610920995e-02 1.295973324246059780e-02 2.693112433420312012e-04
1.841088795610920995e-02 1.295973324246059780e-02 5.386224866840624024e-04
1.841088795610920995e-02 1.295973324246059780e-02 8.079337300260936577e-04
1.841088795610920995e-02 1.295973324246059780e-02 1.077244973368124805e-03
1.841088795610920995e-02 1.295973324246059780e-02 1.346556216710155952e-03
1.841088795610920995e-02 1.295973324246059780e-02 1.615867460052187315e-03
1.841088795610920995e-02 1.295973324246059780e-02 1.885178703394218462e-03
1.841088795610920995e-02 1.727964432328079822e-02 0.000000000000000000e+00
1.841088795610920995e-02 1.727964432328079822e-02 2.693112433420312012e-04
1.841088795610920995e-02 1.727964432328079822e-02 5.386224866840624024e-04
1.841088795610920995e-02 1.727964432328079822e-02 8.079337300260936577e-04
1.841088795610920995e-02 1.727964432328079822e-02 1.077244973368124805e-03
1.841088795610920995e-02 1.727964432328079822e-02 1.346556216710155952e-03
1.841088795610920995e-02 1.727964432328079822e-02 1.615867460052187315e-03
1.841088795610920995e-02 1.727964432328079822e-02 1.885178703394218462e-03
1.841088795610920995e-02 2.159955540410099864e-02 0.000000000000000000e+00
1.841088795610920995e-02 2.159955540410099864e-02 2.693112433420312012e-04
1.841088795610920995e-02 2.159955540410099864e-02 5.386224866840624024e-04
1.841088795610920995e-02 2.159955540410099864e-02 8.079337300260936577e-04
1.841088795610920995e-02 2.159955540410099864e-02 1.077244973368124805e-03
1.841088795610920995e-02 2.159955540410099864e-02 1.346556216710155952e-03
1.841088795610920995e-02 2.159955540410099864e-02 1.615867460052187315e-03
1.841088795610920995e-02 2.159955540410099864e-02 1.885178703394218462e-03
1.841088795610920995e-02 2.591946648492119559e-02 0.000000000000000000e+00
1.841088795610920995e-02 2.591946648492119559e-02 2.693112433420312012e-04
1.841088795610920995e-02 2.591946648492119559e-02 5.386224866840624024e-04
1.841088795610920995e-02 2.591946648492119559e-02 8.079337300260936577e-04
1.841088795610920995e-02 2.591946648492119559e-02 1.077244973368124805e-03
1.841088795610920995e-02 2.591946648492119559e-02 1.346556216710155952e-03
1.841088795610920995e-02 2.591946648492119559e-02 1.615867460052187315e-03
1.841088795610920995e-02 2.591946648492119559e-02 1.885178703394218462e-03
1.841088795610920995e-02 3.023937756574139601e-02 0.000000000000000000e+00
1.841088795610920995e-02 3.023937756574139601e-02 2.693112433420312012e-04
1.841088795610920995e-02 3.023937756574139601e-02 5.386224866840624024e-04
1.841088795610920995e-02 3.023937756574139601e-02 8.079337300260936577e-04
1.841088795610920995e-02 3.023937756574139601e-02 1.077244973368124805e-03
1.841088795610920995e-02 3.023937756574139601e-02 1.346556216710155952e-03
1.841088795610920995e-02 3.023937756574139601e-02 1.615867460052187315e-03
1.841088795610920995e-02 3.023937756574139601e-02 1.885178703394218462e-03
1.841088795610920995e-02 3.455928864656159644e-02 0.000000000000000000e+00
1.841088795610920995e-02 3.455928864656159644e-02 2.693112433420312012e-04
1.841088795610920995e-02 3.455928864656159644e-02 5.386224866840624024e-04
1.841088795610920995e-02 3.455928864656159644e-02 8.079337300260936577e-04
1.841088795610920995e-02 3.455928864656159644e-02 1.077244973368124805e-03
1.841088795610920995e-02 3.455928864656159644e-02 1.346556216710155952e-03
1.841088795610920995e-02 3.455928864656159644e-02 1.615867460052187315e-03
1.841088795610920995e-02 3.455928864656159644e-02 1.885178703394218462e-03
1.841088795610920995e-02 3.887919972738179686e-02 0.000000000000000000e+00
1.841088795610920995e-02 3.887919972738179686e-02 2.693112433420312012e-04
1.841088795610920995e-02 3.887919972738179686e-02 5.386224866840624024e-04
1.841088795610920995e-02 3.887919972738179686e-02 8.079337300260936577e-04
1.841088795610920995e-02 3.887919972738179686e-02 1.077244973368124805e-03
1.841088795610920995e-02 3.887919972738179686e-02 1.346556216710155952e-03
1.841088795610920995e-02 3.887919972738179686e-02 1.615867460052187315e-03
1.841088795610920995e-02 3.887919972738179686e-02 1.885178703394218462e-03
1.841088795610920995e-02 4.319911080820199728e-02 0.000000000000000000e+00
1.841088795610920995e-02 4.319911080820199728e-02 2.693112433420312012e-04
1.841088795610920995e-02 4.319911080820199728e-02 5.386224866840624024e-04
1.841088795610920995e-02 4.319911080820199728e-02 8.079337300260936577e-04
1.841088795610920995e-02 4.319911080820199728e-02 1.077244973368124805e-03
1.841088795610920995e-02 4.319911080820199728e-02 1.346556216710155952e-03
1.841088795610920995e-02 4.319911080820199728e-02 1.615867460052187315e-03
1.841088795610920995e-02 4.319911080820199728e-02 1.885178703394218462e-03
1.841088795610920995e-02 4.751902188902219770e-02 0.000000000000000000e+00
1.841088795610920995e-02 4.751902188902219770e-02 2.693112433420312012e-04
1.841088795610920995e-02 4.751902188902219770e-02 5.386224866840624024e-04
1.841088795610920995e-02 4.751902188902219770e-02 8.079337300260936577e-04
1.841088795610920995e-02 4.751902188902219770e-02 1.077244973368124805e-03
1.841088795610920995e-02 4.751902188902219770e-02 1.346556216710155952e-03
1.841088795610920995e-02 4.751902188902219770e-02 1.615867460052187315e-03
1.841088795610920995e-02 4.751902188902219770e-02 1.885178703394218462e-03
1.841088795610920995e-02 5.183893296984239119e-02 0.000000000000000000e+00
1.841088795610920995e-02 5.183893296984239119e-02 2.693112433420312012e-04
1.841088795610920995e-02 5.183893296984239119e-02 5.386224866840624024e-04
1.841088795610920995e-02 5.183893296984239119e-02 8.079337300260936577e-04
1.841088795610920995e-02 5.183893296984239119e-02 1.077244973368124805e-03
1.841088795610920995e-02 5.183893296984239119e-02 1.346556216710155952e-03
1.841088795610920995e-02 5.183893296984239119e-02 1.615867460052187315e-03
1.841088795610920995e-02 5.183893296984239119e-02 1.885178703394218462e-03
1.841088795610920995e-02 5.615884405066259161e-02 0.000000000000000000e+00
1.841088795610920995e-02 5.615884405066259161e-02 2.693112433420312012e-04
1.841088795610920995e-02 5.615884405066259161e-02 5.386224866840624024e-04
1.841088795610920995e-02 5.615884405066259161e-02 8.079337300260936577e-04
1.841088795610920995e-02 5.615884405066259161e-02 1.077244973368124805e-03
1.841088795610920995e-02 5.615884405066259161e-02 1.346556216710155952e-03
1.841088795610920995e-02 5.615884405066259161e-02 1.615867460052187315e-03
1.841088795610920995e-02 5.615884405066259161e-02 1.885178703394218462e-03
1.841088795610920995e-02 6.047875513148279897e-02 0.000000000000000000e+00
1.841088795610920995e-02 6.047875513148279897e-02 2.693112433420312012e-04
1.841088795610920995e-02 6.047875513148279897e-02 5.386224866840624024e-04
1.841088795610920995e-02 6.047875513148279897e-02 8.079337300260936577e-04
1.841088795610920995e-02 6.047875513148279897e-02 1.077244973368124805e-03
1.841088795610920995e-02 6.047875513148279897e-02 1.346556216710155952e-03
1.841088795610920995e-02 6.047875513148279897e-02 1.615867460052187315e-03
1.841088795610920995e-02 6.047875513148279897e-02 1.885178703394218462e-03
2.209306554733105055e-02 0.000000000000000000e+00 0.000000000000000000e+00
2.209306554733105055e-02 0.000000000000000000e+00 2.693112433420312012e-04
2.209306554733105055e-02 0.000000000000000000e+00 5.386224866840624024e-04
2.209306554733105055e-02 0.000000000000000000e+00 8.079337300260936577e-04
2.209306554733105055e-02 0.000000000000000000e+00 1.077244973368124805e-03
2.209306554733105055e-02 0.000000000000000000e+00 1.346556216710155952e-03
2.209306554733105055e-02 0.000000000000000000e+00 1.615867460052187315e-03
2.209306554733105055e-02 0.000000000000000000e+00 1.885178703394218462e-03
2.209306554733105055e-02 4.319911080820199555e-03 0.000000000000000000e+00
2.209306554733105055e-02 4.319911080820199555e-03 2.693112433420312012e-04
2.209306554733105055e-02 4.319911080820199555e-03 5.386224866840624024e-04
2.209306554733105055e-02 4.319911080820199555e-03 8.079337300260936577e-04
2.209306554733105055e-02 4.319911080820199555e-03 1.077244973368124805e-03
2.209306554733105055e-02 4.319911080820199555e-03 1.346556216710155952e-03
2.209306554733105055e-02 4.319911080820199555e-03 1.615867460052187315e-03
2.209306554733105055e-02 4.319911080820199555e-03 1.885178703394218462e-03
2.209306554733105055e-02 8.639822161640399109e-03 0.000000000000000000e+00
2.209306554733105055e-02 8.639822161640399109e-03 2.693112433420312012e-04
2.209306554733105055e-02 8.639822161640399109e-03 5.386224866840624024e-04
2.209306554733105055e-02 8.639822161640399109e-03 8.079337300260936577e-04
2.209306554733105055e-02 8.639822161640399109e-03 1.077244973368124805e-03
2.209306554733105055e-02 8.639822161640399109e-03 1.346556216710155952e-03
2.209306554733105055e-02 8.639822161640399109e-03 1.615867460052187315e-03
2.209306554733105055e-02 8.639822161640399109e-03 1.885178703394218462e-03
2.209306554733105055e-02 1.295973324246059780e-02 0.000000000000000000e+00
2.209306554733105055e-02 1.295973324246059780e-02 2.693112433420312012e-04
2.209306554733105055e-02 1.295973324246059780e-02 5.386224866840624024e-04
2.209306554733105055e-02 1.295973324246059780e-02 8.079337300260936577e-04
2.209306554733105055e-02 1.295973324246059780e-02 1.077244973368124805e-03
2.209306554733105055e-02 1.295973324246059780e-02 1.346556216710155952e-03
2.209306554733105055e-02 1.295973324246059780e-02 1.615867460052187315e-03
2.209306554733105055e-02 1.295973324246059780e-02 1.885178703394218462e-03
2.209306554733105055e-02 1.727964432328079822e-02 0.000000000000000000e+00
2.209306554733105055e-02 1.727964432328079822e-02 2.693112433420312012e-04
2.209306554733105055e-02 1.727964432328079822e-02 5.386224866840624024e-04
2.209306554733105055e-02 1.727964432328079822e-02 8.079337300260936577e-04
2.209306554733105055e-02 1.727964432328079822e-02 1.077244973368124805e-03
2.209306554733105055e-02 1.727964432328079822e-02 1.346556216710155952e-03
2.209306554733105055e-02 1.727964432328079822e-02 1.615867460052187315e-03
2.209306554733105055e-02 1.727964432328079822e-02 1.885178703394218462e-03
2.209306554733105055e-02 2.159955540410099864e-02 0.000000000000000000e+00
2.209306554733105055e-02 2.159955540410099864e-02 2.693112433420312012e-04
2.209306554733105055e-02 2.159955540410099864e-02 5.386224866840624024e-04
2.209306554733105055e-02 2.159955540410099864e-02 8.079337300260936577e-04
2.209306554733105055e-02 2.159955540410099864e-02 1.077244973368124805e-03
2.209306554733105055e-02 2.159955540410099864e-02 1.346556216710155952e-03
2.209306554733105055e-02 2.159955540410099864e-02 1.615867460052187315e-03
2.209306554733105055e-02 2.159955540410099864e-02 1.885178703394218462e-03
2.209306554733105055e-02 2.591946648492119559e-02 0.000000000000000000e+00
2.209306554733105055e-02 2.591946648492119559e-02 2.693112433420312012e-04
2.209306554733105055e-02 2.591946648492119559e-02 5.386224866840624024e-04
2.209306554733105055e-02 2.591946648492119559e-02 8.079337300260936577e-04
2.209306554733105055e-02 2.591946648492119559e-02 1.077244973368124805e-03
2.209306554733105055e-02 2.591946648492119559e-02 1.346556216710155952e-03
2.209306554733105055e-02 2.591946648492119559e-02 1.615867460052187315e-03
2.209306554733105055e-02 2.591946648492119559e-02 1.885178703394218462e-03
2.209306554733105055e-02 3.023937756574139601e-02 0.000000000000000000e+00
2.209306554733105055e-02 3.023937756574139601e-02 2.693112433420312012e-04
2.209306554733105055e-02 3.023937756574139601e-02 5.386224866840624024e-04
2.209306554733105055e-02 3.023937756574139601e-02 8.079337300260936577e-04
2.209306554733105055e-02 3.023937756574139601e-02 1.077244973368124805e-03
2.209306554733105055e-02 3.023937756574139601e-02 1.346556216710155952e-03
2.209306554733105055e-02 3.023937756574139601e-02 1.615867460052187315e-03
2.209306554733105055e-02 3.023937756574139601e-02 1.885178703394218462e-03
2.209306554733105055e-02 3.455928864656159644e-02 0.000000000000000000e+00
2.209306554733105055e-02 3.455928864656159644e-02 2.693112433420312012e-04
2.209306554733105055e-02 3.455928864656159644e-02 5.386224866840624024e-04
2.209306554733105055e-02 3.455928864656159644e-02 8.079337300260936577e-04
2.209306554733105055e-02 3.455928864656159644e-02 1.077244973368124805e-03
2.209306554733105055e-02 3.455928864656159644e-02 1.346556216710155952e-03
2.209306554733105055e-02 3.455928864656159644e-02 1.615867460052187315e-03
2.209306554733105055e-02 3.455928864656159644e-02 1.885178703394218462e-03
2.209306554733105055e-02 3.887919972738179686e-02 0.000000000000000000e+00
2.209306554733105055e-02 3.887919972738179686e-02 2.693112433420312012e-04
2.209306554733105055e-02 3.887919972738179686e-02 5.386224866840624024e-04
2.209306554733105055e-02 3.887919972738179686e-02 8.079337300260936577e-04
2.209306554733105055e-02 3.887919972738179686e-02 1.077244973368124805e-03
2.209306554733105055e-02 3.887919972738179686e-02 1.346556216710155952e-03
2.209306554733105055e-02 3.887919972738179686e-02 1.615867460052187315e-03
2.209306554733105055e-02 3.887919972738179686e-02 1.885178703394218462e-03
2.209306554733105055e-02 4.319911080820199728e-02 0.000000000000000000e+00
2.209306554733105055e-02 4.319911080820199728e-02 2.693112433420312012e-04
2.209306554733105055e-02 4.319911080820199728e-02 5.386224866840624024e-04
2.209306554733105055e-02 4.319911080820199728e-02 8.079337300260936577e-04
2.209306554733105055e-02 4.319911080820199728e-02 1.077244973368124805e-03
2.209306554733105055e-02 4.319911080820199728e-02 1.346556216710155952e-03
2.209306554733105055e-02 4.319911080820199728e-02 1.615867460052187315e-03
2.209306554733105055e-02 4.319911080820199728e-02 1.885178703394218462e-03
2.209306554733105055e-02 4.751902188902219770e-02 0.000000000000000000e+00
2.209306554733105055e-02 4.751902188902219770e-02 2.693112433420312012e-04
2.209306554733105055e-02 4.751902188902219770e-02 5.386224866840624024e-04
2.209306554733105055e-02 4.751902188902219770e-02 8.079337300260936577e-04
2.209306554733105055e-02 4.751902188902219770e-02 1.077244973368124805e-03
2.209306554733105055e-02 4.751902188902219770e-02 1.346556216710155952e-03
2.209306554733105055e-02 4.751902188902219770e-02 1.615867460052187315e-03
2.209306554733105055e-02 4.751902188902219770e-02 1.885178703394218462e-03
2.209306554733105055e-02 5.183893296984239119e-02 0.000000000000000000e+00
2.209306554733105055e-02 5.183893296984239119e-02 2.693112433420312012e-04
2.209306554733105055e-02 5.183893296984239119e-02 5.386224866840624024e-04
2.209306554733105055e-02 5.183893296984239119e-02 8.079337300260936577e-04
2.209306554733105055e-02 5.183893296984239119e-02 1.077244973368124805e-03
2.209306554733105055e-02 5.183893296984239119e-02 1.346556216710155952e-03
2.209306554733105055e-02 5.183893296984239119e-02 1.615867460052187315e-03
2.209306554733105055e-02 5.183893296984239119e-02 1.885178703394218462e-03
2.209306554733105055e-02 5.615884405066259161e-02 0.000000000000000000e+00
2.209306554733105055e-02 5.615884405066259161e-02 2.693112433420312012e-04
2.209306554733105055e-02 5.615884405066259161e-02 5.386224866840624024e-04
2.209306554733105055e-02 5.615884405066259161e-02 8.079337300260936577e-04
2.209306554733105055e-02 5.615884405066259161e-02 1.077244973368124805e-03
2.209306554733105055e-02 5.615884405066259161e-02 1.346556216710155952e-03
2.209306554733105055e-02 5.615884405066259161e-02 1.615867460052187315e-03
2.209306554733105055e-02 5.615884405066259161e-02 1.885178703394218462e-03
2.209306554733105055e-02 6.047875513148279897e-02 0.000000000000000000e+00
2.209306554733105055e-02 6.047875513148279897e-02 2.693112433420312012e-04
2.209306554733105055e-02 6.047875513148279897e-02 5.386224866840624024e-04
2.209306554733105055e-02 6.047875513148279897e-02 8.079337300260936577e-04
2.209306554733105055e-02 6.047875513148279897e-02 1.077244973368124805e-03
2.209306554733105055e-02 6.047875513148279897e-02 1.346556216710155952e-03
2.209306554733105055e-02 6.047875513148279897e-02 1.615867460052187315e-03
2.209306554733105055e-02 6.047875513148279897e-02 1.885178703394218462e-03
2.577524313855289462e-02 0.000000000000000000e+00 0.000000000000000000e+00
2.577524313855289462e-02 0.000000000000000000e+00 2.693112433420312012e-04
2.577524313855289462e-02 0.000000000000000000e+00 5.386224866840624024e-04
2.577524313855289462e-02 0.000000000000000000e+00 8.079337300260936577e-04
2.577524313855289462e-02 0.000000000000000000e+00 1.077244973368124805e-03
2.577524313855289462e-02 0.000000000000000000e+00 1.346556216710155952e-03
2.577524313855289462e-02 0.000000000000000000e+00 1.615867460052187315e-03
2.577524313855289462e-02 0.000000000000000000e+00 1.885178703394218462e-03
2.577524313855289462e-02 4.319911080820199555e-03 0.000000000000000000e+00
2.577524313855289462e-02 4.319911080820199555e-03 2.693112433420312012e-04
2.577524313855289462e-02 4.319911080820199555e-03 5.386224866840624024e-04
2.577524313855289462e-02 4.319911080820199555e-03 8.079337300260936577e-04
2.577524313855289462e-02 4.319911080820199555e-03 1.077244973368124805e-03
2.577524313855289462e-02 4.319911080820199555e-03 1.346556216710155952e-03
2.577524313855289462e-02 4.319911080820199555e-03 1.615867460052187315e-03
2.577524313855289462e-02 4.319911080820199555e-03 1.885178703394218462e-03
2.577524313855289462e-02 8.639822161640399109e-03 0.000000000000000000e+00
2.577524313855289462e-02 8.639822161640399109e-03 2.693112433420312012e-04
2.577524313855289462e-02 8.639822161640399109e-03 5.386224866840624024e-04
2.577524313855289462e-02 8.639822161640399109e-03 8.079337300260936577e-04
2.577524313855289462e-02 8.639822161640399109e-03 1.077244973368124805e-03
2.577524313855289462e-02 8.639822161640399109e-03 1.346556216710155952e-03
2.577524313855289462e-02 8.639822161640399109e-03 1.615867460052187315e-03
2.577524313855289462e-02 8.639822161640399109e-03 1.885178703394218462e-03
2.577524313855289462e-02 1.295973324246059780e-02 0.000000000000000000e+00
2.577524313855289462e-02 1.295973324246059780e-02 2.693112433420312012e-04
2.577524313855289462e-02 1.295973324246059780e-02 5.386224866840624024e-04
2.577524313855289462e-02 1.295973324246059780e-02 8.079337300260936577e-04
2.577524313855289462e-02 1.295973324246059780e-02 1.077244973368124805e-03
2.577524313855289462e-02 1.295973324246059780e-02 1.346556216710155952e-03
2.577524313855289462e-02 1.295973324246059780e-02 1.615867460052187315e-03
2.577524313855289462e-02 1.295973324246059780e-02 1.885178703394218462e-03
2.577524313855289462e-02 1.727964432328079822e-02 0.000000000000000000e+00
2.577524313855289462e-02 1.727964432328079822e-02 2.693112433420312012e-04
2.577524313855289462e-02 1.727964432328079822e-02 5.386224866840624024e-04
2.577524313855289462e-02 1.727964432328079822e-02 8.079337300260936577e-04
2.577524313855289462e-02 1.727964432328079822e-02 1.077244973368124805e-03
2.577524313855289462e-02 1.727964432328079822e-02 1.346556216710155952e-03
2.577524313855289462e-02 1.727964432328079822e-02 1.615867460052187315e-03
2.577524313855289462e-02 1.727964432328079822e-02 1.885178703394218462e-03
2.577524313855289462e-02 2.159955540410099864e-02 0.000000000000000000e+00
2.577524313855289462e-02 2.159955540410099864e-02 2.693112433420312012e-04
2.577524313855289462e-02 2.159955540410099864e-02 5.386224866840624024e-04
2.577524313855289462e-02 2.159955540410099864e-02 8.079337300260936577e-04
2.577524313855289462e-02 2.159955540410099864e-02 1.077244973368124805e-03
2.577524313855289462e-02 2.159955540410099864e-02 1.346556216710155952e-03
2.577524313855289462e-02 2.159955540410099864e-02 1.615867460052187315e-03
2.577524313855289462e-02 2.159955540410099864e-02 1.885178703394218462e-03
2.577524313855289462e-02 2.591946648492119559e-02 0.000000000000000000e+00
2.577524313855289462e-02 2.591946648492119559e-02 2.693112433420312012e-04
2.577524313855289462e-02 2.591946648492119559e-02 5.386224866840624024e-04
2.577524313855289462e-02 2.591946648492119559e-02 8.079337300260936577e-04
2.577524313855289462e-02 2.591946648492119559e-02 1.077244973368124805e-03
2.577524313855289462e-02 2.591946648492119559e-02 1.346556216710155952e-03
2.577524313855289462e-02 2.591946648492119559e-02 1.615867460052187315e-03
2.577524313855289462e-02 2.591946648492119559e-02 1.885178703394218462e-03
2.577524313855289462e-02 3.023937756574139601e-02 0.000000000000000000e+00
2.577524313855289462e-02 3.023937756574139601e-02 2.693112433420312012e-04
2.577524313855289462e-02 3.023937756574139601e-02 5.386224866840624024e-04
2.577524313855289462e-02 3.023937756574139601e-02 8.079337300260936577e-04
2.577524313855289462e-02 3.023937756574139601e-02 1.077244973368124805e-03
2.577524313855289462e-02 3.023937756574139601e-02 1.346556216710155952e-03
2.577524313855289462e-02 3.023937756574139601e-02 1.615867460052187315e-03
2.577524313855289462e-02 3.023937756574139601e-02 1.885178703394218462e-03
2.577524313855289462e-02 3.455928864656159644e-02 0.000000000000000000e+00
2.577524313855289462e-02 3.455928864656159644e-02 2.693112433420312012e-04
2.577524313855289462e-02 3.455928864656159644e-02 5.386224866840624024e-04
2.577524313855289462e-02 3.455928864656159644e-02 8.079337300260936577e-04
2.577524313855289462e-02 3.455928864656159644e-02 1.077244973368124805e-03
2.577524313855289462e-02 3.455928864656159644e-02 1.346556216710155952e-03
2.577524313855289462e-02 3.455928864656159644e-02 1.615867460052187315e-03
2.577524313855289462e-02 3.455928864656159644e-02 1.885178703394218462e-03
2.577524313855289462e-02 3.887919972738179686e-02 0.000000000000000000e+00
2.577524313855289462e-02 3.887919972738179686e-02 2.693112433420312012e-04
2.577524313855289462e-02 3.887919972738179686e-02 5.386224866840624024e-04
2.577524313855289462e-02 3.887919972738179686e-02 8.079337300260936577e-04
2.577524313855289462e-02 3.887919972738179686e-02 1.077244973368124805e-03
2.577524313855289462e-02 3.887919972738179686e-02 1.346556216710155952e-03
2.577524313855289462e-02 3.887919972738179686e-02 1.615867460052187315e-03
2.577524313855289462e-02 3.887919972738179686e-02 1.885178703394218462e-03
2.577524313855289462e-02 4.319911080820199728e-02 0.000000000000000000e+00
2.577524313855289462e-02 4.319911080820199728e-02 2.693112433420312012e-04
2.577524313855289462e-02 4.319911080820199728e-02 5.386224866840624024e-04
2.577524313855289462e-02 4.319911080820199728e-02 8.079337300260936577e-04
2.577524313855289462e-02 4.319911080820199728e-02 1.077244973368124805e-03
2.577524313855289462e-02 4.319911080820199728e-02 1.346556216710155952e-03
2.577524313855289462e-02 4.319911080820199728e-02 1.615867460052187315e-03
2.577524313855289462e-02 4.319911080820199728e-02 1.885178703394218462e-03
2.577524313855289462e-02 4.751902188902219770e-02 0.000000000000000000e+00
2.577524313855289462e-02 4.751902188902219770e-02 2.693112433420312012e-04
2.577524313855289462e-02 4.751902188902219770e-02 5.386224866840624024e-04
2.577524313855289462e-02 4.751902188902219770e-02 8.079337300260936577e-04
2.577524313855289462e-02 4.751902188902219770e-02 1.077244973368124805e-03
2.577524313855289462e-02 4.751902188902219770e-02 1.346556216710155952e-03
2.577524313855289462e-02 4.751902188902219770e-02 1.615867460052187315e-03
2.577524313855289462e-02 4.751902188902219770e-02 1.885178703394218462e-03
2.577524313855289462e-02 5.183893296984239119e-02 0.000000000000000000e+00
2.577524313855289462e-02 5.183893296984239119e-02 2.693112433420312012e-04
2.577524313855289462e-02 5.183893296984239119e-02 5.386224866840624024e-04
2.577524313855289462e-02 5.183893296984239119e-02 8.079337300260936577e-04
2.577524313855289462e-02 5.183893296984239119e-02 1.077244973368124805e-03
2.577524313855289462e-02 5.183893296984239119e-02 1.346556216710155952e-03
2.577524313855289462e-02 5.183893296984239119e-02 1.615867460052187315e-03
2.577524313855289462e-02 5.183893296984239119e-02 1.885178703394218462e-03
2.577524313855289462e-02 5.615884405066259161e-02 0.000000000000000000e+00
2.577524313855289462e-02 5.615884405066259161e-02 2.693112433420312012e-04
2.577524313855289462e-02 5.615884405066259161e-02 5.386224866840624024e-04
2.577524313855289462e-02 5.615884405066259161e-02 8.079337300260936577e-04
2.577524313855289462e-02 5.615884405066259161e-02 1.077244973368124805e-03
2.577524313855289462e-02 5.615884405066259161e-02 1.346556216710155952e-03
2.577524313855289462e-02 5.615884405066259161e-02 1.615867460052187315e-03
2.577524313855289462e-02 5.615884405066259161e-02 1.885178703394218462e-03
2.577524313855289462e-02 6.047875513148279897e-02 0.000000000000000000e+00
2.577524313855289462e-02 6.047875513148279897e-02 2.693112433420312012e-04
2.577524313855289462e-02 6.047875513148279897e-02 5.386224866840624024e-04
2.577524313855289462e-02 6.047875513148279897e-02 8.079337300260936577e-04
2.577524313855289462e-02 6.047875513148279897e-02 1.077244973368124805e-03
2.577524313855289462e-02 6.047875513148279897e-02 1.346556216710155952e-03
2.577524313855289462e-02 6.047875513148279897e-02 1.615867460052187315e-03
2.577524313855289462e-02 6.047875513148279897e-02 1.885178703394218462e-03
2.945742072977473522e-02 0.000000000000000000e+00 0.000000000000000000e+00
2.945742072977473522e-02 0.000000000000000000e+00 2.693112433420312012e-04
2.945742072977473522e-02 0.000000000000000000e+00 5.386224866840624024e-04
2.945742072977473522e-02 0.000000000000000000e+00 8.079337300260936577e-04
2.945742072977473522e-02 0.000000000000000000e+00 1.077244973368124805e-03
2.945742072977473522e-02 0.000000000000000000e+00 1.346556216710155952e-03
2.945742072977473522e-02 0.000000000000000000e+00 1.615867460052187315e-03
2.945742072977473522e-02 0.000000000000000000e+00 1.885178703394218462e-03
2.945742072977473522e-02 4.319911080820199555e-03 0.000000000000000000e+00
2.945742072977473522e-02 4.319911080820199555e-03 2.693112433420312012e-04
2.945742072977473522e-02 4.319911080820199555e-03 5.386224866840624024e-04
2.945742072977473522e-02 4.319911080820199555e-03 8.079337300260936577e-04
2.945742072977473522e-02 4.319911080820199555e-03 1.077244973368124805e-03
2.945742072977473522e-02 4.319911080820199555e-03 1.346556216710155952e-03
2.945742072977473522e-02 4.319911080820199555e-03 1.615867460052187315e-03
2.945742072977473522e-02 4.319911080820199555e-03 1.885178703394218462e-03
2.945742072977473522e-02 8.639822161640399109e-03 0.000000000000000000e+00
2.945742072977473522e-02 8.639822161640399109e-03 2.693112433420312012e-04
2.945742072977473522e-02 8.639822161640399109e-03 5.386224866840624024e-04
2.945742072977473522e-02 8.639822161640399109e-03 8.079337300260936577e-04
2.945742072977473522e-02 8.639822161640399109e-03 1.077244973368124805e-03
2.945742072977473522e-02 8.639822161640399109e-03 1.346556216710155952e-03
2.945742072977473522e-02 8.639822161640399109e-03 1.615867460052187315e-03
2.945742072977473522e-02 8.639822161640399109e-03 1.885178703394218462e-03
2.945742072977473522e-02 1.295973324246059780e-02 0.000000000000000000e+00
2.945742072977473522e-02 1.295973324246059780e-02 2.693112433420312012e-04
2.945742072977473522e-02 1.295973324246059780e-02 5.386224866840624024e-04
2.945742072977473522e-02 1.295973324246059780e-02 8.079337300260936577e-04
2.945742072977473522e-02 1.295973324246059780e-02 1.077244973368124805e-03
2.945742072977473522e-02 1.295973324246059780e-02 1.346556216710155952e-03
2.945742072977473522e-02 1.295973324246059780e-02 1.615867460052187315e-03
2.945742072977473522e-02 1.295973324246059780e-02 1.885178703394218462e-03
2.945742072977473522e-02 1.727964432328079822e-02 0.000000000000000000e+00
2.945742072977473522e-02 1.727964432328079822e-02 2.693112433420312012e-04
2.945742072977473522e-02 1.727964432328079822e-02 5.386224866840624024e-04
2.945742072977473522e-02 1.727964432328079822e-02 8.079337300260936577e-04
2.945742072977473522e-02 1.727964432328079822e-02 1.077244973368124805e-03
2.945742072977473522e-02 1.727964432328079822e-02 1.346556216710155952e-03
2.945742072977473522e-02 1.727964432328079822e-02 1.615867460052187315e-03
2.945742072977473522e-02 1.727964432328079822e-02 1.885178703394218462e-03
2.945742072977473522e-02 2.159955540410099864e-02 0.000000000000000000e+00
2.945742072977473522e-02 2.159955540410099864e-02 2.693112433420312012e-04
2.945742072977473522e-02 2.159955540410099864e-02 5.386224866840624024e-04
2.945742072977473522e-02 2.159955540410099864e-02 8.079337300260936577e-04
2.945742072977473522e-02 2.159955540410099864e-02 1.077244973368124805e-03
2.945742072977473522e-02 2.159955540410099864e-02 1.346556216710155952e-03
2.945742072977473522e-02 2.159955540410099864e-02 1.615867460052187315e-03
2.945742072977473522e-02 2.159955540410099864e-02 1.885178703394218462e-03
2.945742072977473522e-02 2.591946648492119559e-02 0.000000000000000000e+00
2.945742072977473522e-02 2.591946648492119559e-02 2.693112433420312012e-04
2.945742072977473522e-02 2.591946648492119559e-02 5.386224866840624024e-04
2.945742072977473522e-02 2.591946648492119559e-02 8.079337300260936577e-04
2.945742072977473522e-02 2.591946648492119559e-02 1.077244973368124805e-03
2.945742072977473522e-02 2.591946648492119559e-02 1.346556216710155952e-03
2.945742072977473522e-02 2.591946648492119559e-02 1.615867460052187315e-03
2.945742072977473522e-02 2.591946648492119559e-02 1.885178703394218462e-03
2.945742072977473522e-02 3.023937756574139601e-02 0.000000000000000000e+00
2.945742072977473522e-02 3.023937756574139601e-02 2.693112433420312012e-04
2.945742072977473522e-02 3.023937756574139601e-02 5.386224866840624024e-04
2.945742072977473522e-02 3.023937756574139601e-02 8.079337300260936577e-04
2.945742072977473522e-02 3.023937756574139601e-02 1.077244973368124805e-03
2.945742072977473522e-02 3.023937756574139601e-02 1.346556216710155952e-03
2.945742072977473522e-02 3.023937756574139601e-02 1.615867460052187315e-03
2.945742072977473522e-02 3.023937756574139601e-02 1.885178703394218462e-03
2.945742072977473522e-02 3.455928864656159644e-02 0.000000000000000000e+00
2.945742072977473522e-02 3.455928864656159644e-02 2.693112433420312012e-04
2.945742072977473522e-02 3.455928864656159644e-02 5.386224866840624024e-04
2.945742072977473522e-02 3.455928864656159644e-02 8.079337300260936577e-04
2.945742072977473522e-02 3.455928864656159644e-02 1.077244973368124805e-03
2.945742072977473522e-02 3.455928864656159644e-02 1.346556216710155952e-03
2.945742072977473522e-02 3.455928864656159644e-02 1.615867460052187315e-03
2.945742072977473522e-02 3.455928864656159644e-02 1.885178703394218462e-03
2.945742072977473522e-02 3.887919972738179686e-02 0.000000000000000000e+00
2.945742072977473522e-02 3.887919972738179686e-02 2.693112433420312012e-04
2.945742072977473522e-02 3.887919972738179686e-02 5.386224866840624024e-04
2.945742072977473522e-02 3.887919972738179686e-02 8.079337300260936577e-04
2.945742072977473522e-02 3.887919972738179686e-02 1.077244973368124805e-03
2.945742072977473522e-02 3.887919972738179686e-02 1.346556216710155952e-03
2.945742072977473522e-02 3.887919972738179686e-02 1.615867460052187315e-03
2.945742072977473522e-02 3.887919972738179686e-02 1.885178703394218462e-03
2.945742072977473522e-02 4.319911080820199728e-02 0.000000000000000000e+00
2.945742072977473522e-02 4.319911080820199728e-02 2.693112433420312012e-04
2.945742072977473522e-02 4.319911080820199728e-02 5.386224866840624024e-04
2.945742072977473522e-02 4.319911080820199728e-02 8.079337300260936577e-04
2.945742072977473522e-02 4.319911080820199728e-02 1.077244973368124805e-03
2.945742072977473522e-02 4.319911080820199728e-02 1.346556216710155952e-03
2.945742072977473522e-02 4.319911080820199728e-02 1.615867460052187315e-03
2.945742072977473522e-02 4.319911080820199728e-02 1.885178703394218462e-03
2.945742072977473522e-02 4.751902188902219770e-02 0.000000000000000000e+00
2.945742072977473522e-02 4.751902188902219770e-02 2.693112433420312012e-04
2.945742072977473522e-02 4.751902188902219770e-02 5.386224866840624024e-04
2.945742072977473522e-02 4.751902188902219770e-02 8.079337300260936577e-04
2.945742072977473522e-02 4.751902188902219770e-02 1.077244973368124805e-03
2.945742072977473522e-02 4.751902188902219770e-02 1.346556216710155952e-03
2.945742072977473522e-02 4.751902188902219770e-02 1.615867460052187315e-03
2.945742072977473522e-02 4.751902188902219770e-02 1.885178703394218462e-03
2.945742072977473522e-02 5.183893296984239119e-02 0.000000000000000000e+00
2.945742072977473522e-02 5.183893296984239119e-02 2.693112433420312012e-04
2.945742072977473522e-02 5.183893296984239119e-02 5.386224866840624024e-04
2.945742072977473522e-02 5.183893296984239119e-02 8.079337300260936577e-04
2.945742072977473522e-02 5.183893296984239119e-02 1.077244973368124805e-03
2.945742072977473522e-02 5.183893296984239119e-02 1.346556216710155952e-03
2.945742072977473522e-02 5.183893296984239119e-02 1.615867460052187315e-03
2.945742072977473522e-02 5.183893296984239119e-02 1.885178703394218462e-03
2.945742072977473522e-02 5.615884405066259161e-02 0.000000000000000000e+00
2.945742072977473522e-02 5.615884405066259161e-02 2.693112433420312012e-04
2.945742072977473522e-02 5.615884405066259161e-02 5.386224866840624024e-04
2.945742072977473522e-02 5.615884405066259161e-02 8.079337300260936577e-04
2.945742072977473522e-02 5.615884405066259161e-02 1.077244973368124805e-03
2.945742072977473522e-02 5.615884405066259161e-02 1.346556216710155952e-03
2.945742072977473522e-02 5.615884405066259161e-02 1.615867460052187315e-03
2.945742072977473522e-02 5.615884405066259161e-02 1.885178703394218462e-03
2.945742072977473522e-02 6.047875513148279897e-02 0.000000000000000000e+00
2.945742072977473522e-02 6.047875513148279897e-02 2.693112433420312012e-04
2.945742072977473522e-02 6.047875513148279897e-02 5.386224866840624024e-04
2.945742072977473522e-02 6.047875513148279897e-02 8.079337300260936577e-04
2.945742072977473522e-02 6.047875513148279897e-02 1.077244973368124805e-03
2.945742072977473522e-02 6.047875513148279897e-02 1.346556216710155952e-03
2.945742072977473522e-02 6.047875513148279897e-02 1.615867460052187315e-03
2.945742072977473522e-02 6.047875513148279897e-02 1.885178703394218462e-03
3.313959832099657582e-02 0.000000000000000000e+00 0.000000000000000000e+00
3.313959832099657582e-02 0.000000000000000000e+00 2.693112433420312012e-04
3.313959832099657582e-02 0.000000000000000000e+00 5.386224866840624024e-04
3.313959832099657582e-02 0.000000000000000000e+00 8.079337300260936577e-04
3.313959832099657582e-02 0.000000000000000000e+00 1.077244973368124805e-03
3.313959832099657582e-02 0.000000000000000000e+00 1.346556216710155952e-03
3.313959832099657582e-02 0.000000000000000000e+00 1.615867460052187315e-03
3.313959832099657582e-02 0.000000000000000000e+00 1.885178703394218462e-03
3.313959832099657582e-02 4.319911080820199555e-03 0.000000000000000000e+00
3.313959832099657582e-02 4.319911080820199555e-03 2.693112433420312012e-04
3.313959832099657582e-02 4.319911080820199555e-03 5.386224866840624024e-04
3.313959832099657582e-02 4.319911080820199555e-03 8.079337300260936577e-04
3.313959832099657582e-02 4.319911080820199555e-03 1.077244973368124805e-03
3.313959832099657582e-02 4.319911080820199555e-03 1.346556216710155952e-03
3.313959832099657582e-02 4.319911080820199555e-03 1.615867460052187315e-03
3.313959832099657582e-02 4.319911080820199555e-03 1.885178703394218462e-03
3.313959832099657582e-02 8.639822161640399109e-03 0.000000000000000000e+00
3.313959832099657582e-02 8.639822161640399109e-03 2.693112433420312012e-04
3.313959832099657582e-02 8.639822161640399109e-03 5.386224866840624024e-04
3.313959832099657582e-02 8.639822161640399109e-03 8.079337300260936577e-04
3.313959832099657582e-02 8.639822161640399109e-03 1.077244973368124805e-03
3.313959832099657582e-02 8.639822161640399109e-03 1.346556216710155952e-03
3.313959832099657582e-02 8.639822161640399109e-03 1.615867460052187315e-03
3.313959832099657582e-02 8.639822161640399109e-03 1.885178703394218462e-03
3.313959832099657582e-02 1.295973324246059780e-02 0.000000000000000000e+00
3.313959832099657582e-02 1.295973324246059780e-02 2.693112433420312012e-04
3.313959832099657582e-02 1.295973324246059780e-02 5.386224866840624024e-04
3.313959832099657582e-02 1.295973324246059780e-02 8.079337300260936577e-04
3.313959832099657582e-02 1.295973324246059780e-02 1.077244973368124805e-03
3.313959832099657582e-02 1.295973324246059780e-02 1.346556216710155952e-03
3.313959832099657582e-02 1.295973324246059780e-02 1.615867460052187315e-03
3.313959832099657582e-02 1.295973324246059780e-02 1.885178703394218462e-03
3.313959832099657582e-02 1.727964432328079822e-02 0.000000000000000000e+00
3.313959832099657582e-02 1.727964432328079822e-02 2.693112433420312012e-04
3.313959832099657582e-02 1.727964432328079822e-02 5.386224866840624024e-04
3.313959832099657582e-02 1.727964432328079822e-02 8.079337300260936577e-04
3.313959832099657582e-02 1.727964432328079822e-02 1.077244973368124805e-03
3.313959832099657582e-02 1.727964432328079822e-02 1.346556216710155952e-03
3.313959832099657582e-02 1.727964432328079822e-02 1.615867460052187315e-03
3.313959832099657582e-02 1.727964432328079822e-02 1.885178703394218462e-03
3.313959832099657582e-02 2.159955540410099864e-02 0.000000000000000000e+00
3.313959832099657582e-02 2.159955540410099864e-02 2.693112433420312012e-04
3.313959832099657582e-02 2.159955540410099864e-02 5.386224866840624024e-04
3.313959832099657582e-02 2.159955540410099864e-02 8.079337300260936577e-04
3.313959832099657582e-02 2.159955540410099864e-02 1.077244973368124805e-03
3.313959832099657582e-02 2.159955540410099864e-02 1.346556216710155952e-03
3.313959832099657582e-02 2.159955540410099864e-02 1.615867460052187315e-03
3.313959832099657582e-02 2.159955540410099864e-02 1.885178703394218462e-03
3.313959832099657582e-02 2.591946648492119559e-02 0.000000000000000000e+00
3.313959832099657582e-02 2.591946648492119559e-02 2.693112433420312012e-04
3.313959832099657582e-02 2.591946648492119559e-02 5.386224866840624024e-04
3.313959832099657582e-02 2.591946648492119559e-02 8.079337300260936577e-04
3.313959832099657582e-02 2.591946648492119559e-02 1.077244973368124805e-03
3.313959832099657582e-02 2.591946648492119559e-02 1.346556216710155952e-03
3.313959832099657582e-02 2.591946648492119559e-02 1.615867460052187315e-03
3.313959832099657582e-02 2.591946648492119559e-02 1.885178703394218462e-03
3.313959832099657582e-02 3.023937756574139601e-02 0.000000000000000000e+00
3.313959832099657582e-02 3.023937756574139601e-02 2.693112433420312012e-04
3.313959832099657582e-02 3.023937756574139601e-02 5.386224866840624024e-04
3.313959832099657582e-02 3.023937756574139601e-02 8.079337300260936577e-04
3.313959832099657582e-02 3.023937756574139601e-02 1.077244973368124805e-03
3.313959832099657582e-02 3.023937756574139601e-02 1.346556216710155952e-03
3.313959832099657582e-02 3.023937756574139601e-02 1.615867460052187315e-03
3.313959832099657582e-02 3.023937756574139601e-02 1.885178703394218462e-03
3.313959832099657582e-02 3.455928864656159644e-02 0.000000000000000000e+00
3.313959832099657582e-02 3.455928864656159644e-02 2.693112433420312012e-04
3.313959832099657582e-02 3.455928864656159644e-02 5.386224866840624024e-04
3.313959832099657582e-02 3.455928864656159644e-02 8.079337300260936577e-04
3.313959832099657582e-02 3.455928864656159644e-02 1.077244973368124805e-03
3.313959832099657582e-02 3.455928864656159644e-02 1.346556216710155952e-03
3.313959832099657582e-02 3.455928864656159644e-02 1.615867460052187315e-03
3.313959832099657582e-02 3.455928864656159644e-02 1.885178703394218462e-03
3.313959832099657582e-02 3.887919972738179686e-02 0.000000000000000000e+00
3.313959832099657582e-02 3.887919972738179686e-02 2.693112433420312012e-04
3.313959832099657582e-02 3.887919972738179686e-02 5.386224866840624024e-04
3.313959832099657582e-02 3.887919972738179686e-02 8.079337300260936577e-04
3.313959832099657582e-02 3.887919972738179686e-02 1.077244973368124805e-03
3.313959832099657582e-02 3.887919972738179686e-02 1.346556216710155952e-03
3.313959832099657582e-02 3.887919972738179686e-02 1.615867460052187315e-03
3.313959832099657582e-02 3.887919972738179686e-02 1.885178703394218462e-03
3.313959832099657582e-02 4.319911080820199728e-02 0.000000000000000000e+00
3.313959832099657582e-02 4.319911080820199728e-02 2.693112433420312012e-04
3.313959832099657582e-02 4.319911080820199728e-02 5.386224866840624024e-04
3.313959832099657582e-02 4.319911080820199728e-02 8.079337300260936577e-04
3.313959832099657582e-02 4.319911080820199728e-02 1.077244973368124805e-03
3.313959832099657582e-02 4.319911080820199728e-02 1.346556216710155952e-03
3.313959832099657582e-02 4.319911080820199728e-02 1.615867460052187315e-03
3.313959832099657582e-02 4.319911080820199728e-02 1.885178703394218462e-03
3.313959832099657582e-02 4.751902188902219770e-02 0.000000000000000000e+00
3.313959832099657582e-02 4.751902188902219770e-02 2.693112433420312012e-04
3.313959832099657582e-02 4.751902188902219770e-02 5.386224866840624024e-04
3.313959832099657582e-02 4.751902188902219770e-02 8.079337300260936577e-04
3.313959832099657582e-02 4.751902188902219770e-02 1.077244973368124805e-03
3.313959832099657582e-02 4.751902188902219770e-02 1.346556216710155952e-03
3.313959832099657582e-02 4.751902188902219770e-02 1.615867460052187315e-03
3.313959832099657582e-02 4.751902188902219770e-02 1.885178703394218462e-03
3.313959832099657582e-02 5.183893296984239119e-02 0.000000000000000000e+00
3.313959832099657582e-02 5.183893296984239119e-02 2.693112433420312012e-04
3.313959832099657582e-02 5.183893296984239119e-02 5.386224866840624024e-04
3.313959832099657582e-02 5.183893296984239119e-02 8.079337300260936577e-04
3.313959832099657582e-02 5.183893296984239119e-02 1.077244973368124805e-03
3.313959832099657582e-02 5.183893296984239119e-02 1.346556216710155952e-03
3.313959832099657582e-02 5.183893296984239119e-02 1.615867460052187315e-03
3.313959832099657582e-02 5.183893296984239119e-02 1.885178703394218462e-03
3.313959832099657582e-02 5.615884405066259161e-02 0.000000000000000000e+00
3.313959832099657582e-02 5.615884405066259161e-02 2.693112433420312012e-04
3.313959832099657582e-02 5.615884405066259161e-02 5.386224866840624024e-04
3.313959832099657582e-02 5.615884405066259161e-02 8.079337300260936577e-04
3.313959832099657582e-02 5.615884405066259161e-02 1.077244973368124805e-03
3.313959832099657582e-02 5.615884405066259161e-02 1.346556216710155952e-03
3.313959832099657582e-02 5.615884405066259161e-02 1.615867460052187315e-03
3.313959832099657582e-02 5.615884405066259161e-02 1.885178703394218462e-03
3.313959832099657582e-02 6.047875513148279897e-02 0.000000000000000000e+00
3.313959832099657582e-02 6.047875513148279897e-02 2.693112433420312012e-04
3.313959832099657582e-02 6.047875513148279897e-02 5.386224866840624024e-04
3.313959832099657582e-02 6.047875513148279897e-02 8.079337300260936577e-04
3.313959832099657582e-02 6.047875513148279897e-02 1.077244973368124805e-03
3.313959832099657582e-02 6.047875513148279897e-02 1.346556216710155952e-03
3.313959832099657582e-02 6.047875513148279897e-02 1.615867460052187315e-03
3.313959832099657582e-02 6.047875513148279897e-02 1.885178703394218462e-03
3.682177591221841989e-02 0.000000000000000000e+00 0.000000000000000000e+00
3.682177591221841989e-02 0.000000000000000000e+00 2.693112433420312012e-04
3.682177591221841989e-02 0.000000000000000000e+00 5.386224866840624024e-04
3.682177591221841989e-02 0.000000000000000000e+00 8.079337300260936577e-04
3.682177591221841989e-02 0.000000000000000000e+00 1.077244973368124805e-03
3.682177591221841989e-02 0.000000000000000000e+00 1.346556216710155952e-03
3.682177591221841989e-02 0.000000000000000000e+00 1.615867460052187315e-03
3.682177591221841989e-02 0.000000000000000000e+00 1.885178703394218462e-03
3.682177591221841989e-02 4.319911080820199555e-03 0.000000000000000000e+00
3.682177591221841989e-02 4.319911080820199555e-03 2.693112433420312012e-04
3.682177591221841989e-02 4.319911080820199555e-03 5.386224866840624024e-04
3.682177591221841989e-02 4.319911080820199555e-03 8.079337300260936577e-04
3.682177591221841989e-02 4.319911080820199555e-03 1.077244973368124805e-03
3.682177591221841989e-02 4.319911080820199555e-03 1.346556216710155952e-03
3.682177591221841989e-02 4.319911080820199555e-03 1.615867460052187315e-03
3.682177591221841989e-02 4.319911080820199555e-03 1.885178703394218462e-03
3.682177591221841989e-02 8.639822161640399109e-03 0.000000000000000000e+00
3.682177591221841989e-02 8.639822161640399109e-03 2.693112433420312012e-04
3.682177591221841989e-02 8.639822161640399109e-03 5.386224866840624024e-04
3.682177591221841989e-02 8.639822161640399109e-03 8.079337300260936577e-04
3.682177591221841989e-02 8.639822161640399109e-03 1.077244973368124805e-03
3.682177591221841989e-02 8.639822161640399109e-03 1.346556216710155952e-03
3.682177591221841989e-02 8.639822161640399109e-03 1.615867460052187315e-03
3.682177591221841989e-02 8.639822161640399109e-03 1.885178703394218462e-03
3.682177591221841989e-02 1.295973324246059780e-02 0.000000000000000000e+00
3.682177591221841989e-02 1.295973324246059780e-02 2.693112433420312012e-04
3.682177591221841989e-02 1.295973324246059780e-02 5.386224866840624024e-04
3.682177591221841989e-02 1.295973324246059780e-02 8.079337300260936577e-04
3.682177591221841989e-02 1.295973324246059780e-02 1.077244973368124805e-03
3.682177591221841989e-02 1.295973324246059780e-02 1.346556216710155952e-03
3.682177591221841989e-02 1.295973324246059780e-02 1.615867460052187315e-03
3.682177591221841989e-02 1.295973324246059780e-02 1.885178703394218462e-03
3.682177591221841989e-02 1.727964432328079822e-02 0.000000000000000000e+00
3.682177591221841989e-02 1.727964432328079822e-02 2.693112433420312012e-04
3.682177591221841989e-02 1.727964432328079822e-02 5.386224866840624024e-04
3.682177591221841989e-02 1.727964432328079822e-02 8.079337300260936577e-04
3.682177591221841989e-02 1.727964432328079822e-02 1.077244973368124805e-03
3.682177591221841989e-02 1.727964432328079822e-02 1.346556216710155952e-03
3.682177591221841989e-02 1.727964432328079822e-02 1.615867460052187315e-03
3.682177591221841989e-02 1.727964432328079822e-02 1.885178703394218462e-03
3.682177591221841989e-02 2.159955540410099864e-02 0.000000000000000000e+00
3.682177591221841989e-02 2.159955540410099864e-02 2.693112433420312012e-04
3.682177591221841989e-02 2.159955540410099864e-02 5.386224866840624024e-04
3.682177591221841989e-02 2.159955540410099864e-02 8.079337300260936577e-04
3.682177591221841989e-02 2.159955540410099864e-02 1.077244973368124805e-03
3.682177591221841989e-02 2.159955540410099864e-02 1.346556216710155952e-03
3.682177591221841989e-02 2.159955540410099864e-02 1.615867460052187315e-03
3.682177591221841989e-02 2.159955540410099864e-02 1.885178703394218462e-03
3.682177591221841989e-02 2.591946648492119559e-02 0.000000000000000000e+00
3.682177591221841989e-02 2.591946648492119559e-02 2.693112433420312012e-04
3.682177591221841989e-02 2.591946648492119559e-02 5.386224866840624024e-04
3.682177591221841989e-02 2.591946648492119559e-02 8.079337300260936577e-04
3.682177591221841989e-02 2.591946648492119559e-02 1.077244973368124805e-03
3.682177591221841989e-02 2.591946648492119559e-02 1.346556216710155952e-03
3.682177591221841989e-02 2.591946648492119559e-02 1.615867460052187315e-03
3.682177591221841989e-02 2.591946648492119559e-02 1.885178703394218462e-03
3.682177591221841989e-02 3.023937756574139601e-02 0.000000000000000000e+00
3.682177591221841989e-02 3.023937756574139601e-02 2.693112433420312012e-04
3.682177591221841989e-02 3.023937756574139601e-02 5.386224866840624024e-04
3.682177591221841989e-02 3.023937756574139601e-02 8.079337300260936577e-04
3.682177591221841989e-02 3.023937756574139601e-02 1.077244973368124805e-03
3.682177591221841989e-02 3.023937756574139601e-02 1.346556216710155952e-03
3.682177591221841989e-02 3.023937756574139601e-02 1.615867460052187315e-03
3.682177591221841989e-02 3.023937756574139601e-02 1.885178703394218462e-03
3.682177591221841989e-02 3.455928864656159644e-02 0.000000000000000000e+00
3.682177591221841989e-02 3.455928864656159644e-02 2.693112433420312012e-04
3.682177591221841989e-02 3.455928864656159644e-02 5.386224866840624024e-04
3.682177591221841989e-02 3.455928864656159644e-02 8.079337300260936577e-04
3.682177591221841989e-02 3.455928864656159644e-02 1.077244973368124805e-03
3.682177591221841989e-02 3.455928864656159644e-02 1.346556216710155952e-03
3.682177591221841989e-02 3.455928864656159644e-02 1.615867460052187315e-03
3.682177591221841989e-02 3.455928864656159644e-02 1.885178703394218462e-03
3.682177591221841989e-02 3.887919972738179686e-02 0.000000000000000000e+00
3.682177591221841989e-02 3.887919972738179686e-02 2.693112433420312012e-04
3.682177591221841989e-02 3.887919972738179686e-02 5.386224866840624024e-04
3.682177591221841989e-02 3.887919972738179686e-02 8.079337300260936577e-04
3.682177591221841989e-02 3.887919972738179686e-02 1.077244973368124805e-03
3.682177591221841989e-02 3.887919972738179686e-02 1.346556216710155952e-03
3.682177591221841989e-02 3.887919972738179686e-02 1.615867460052187315e-03
3.682177591221841989e-02 3.887919972738179686e-02 1.885178703394218462e-03
3.682177591221841989e-02 4.319911080820199728e-02 0.000000000000000000e+00
3.682177591221841989e-02 4.319911080820199728e-02 2.693112433420312012e-04
3.682177591221841989e-02 4.319911080820199728e-02 5.386224866840624024e-04
3.682177591221841989e-02 4.319911080820199728e-02 8.079337300260936577e-04
3.682177591221841989e-02 4.319911080820199728e-02 1.077244973368124805e-03
3.682177591221841989e-02 4.319911080820199728e-02 1.346556216710155952e-03
3.682177591221841989e-02 4.319911080820199728e-02 1.615867460052187315e-03
3.682177591221841989e-02 4.319911080820199728e-02 1.885178703394218462e-03
3.682177591221841989e-02 4.751902188902219770e-02 0.000000000000000000e+00
3.682177591221841989e-02 4.751902188902219770e-02 2.693112433420312012e-04
3.682177591221841989e-02 4.751902188902219770e-02 5.386224866840624024e-04
3.682177591221841989e-02 4.751902188902219770e-02 8.079337300260936577e-04
3.682177591221841989e-02 4.751902188902219770e-02 1.077244973368124805e-03
3.682177591221841989e-02 4.751902188902219770e-02 1.346556216710155952e-03
3.682177591221841989e-02 4.751902188902219770e-02 1.615867460052187315e-03
3.682177591221841989e-02 4.751902188902219770e-02 1.885178703394218462e-03
3.682177591221841989e-02 5.183893296984239119e-02 0.000000000000000000e+00
3.682177591221841989e-02 5.183893296984239119e-02 2.693112433420312012e-04
3.682177591221841989e-02 5.183893296984239119e-02 5.386224866840624024e-04
3.682177591221841989e-02 5.183893296984239119e-02 8.079337300260936577e-04
3.682177591221841989e-02 5.183893296984239119e-02 1.077244973368124805e-03
3.682177591221841989e-02 5.183893296984239119e-02 1.346556216710155952e-03
3.682177591221841989e-02 5.183893296984239119e-02 1.615867460052187315e-03
3.682177591221841989e-02 5.183893296984239119e-02 1.885178703394218462e-03
3.682177591221841989e-02 5.615884405066259161e-02 0.000000000000000000e+00
3.682177591221841989e-02 5.615884405066259161e-02 2.693112433420312012e-04
3.682177591221841989e-02 5.615884405066259161e-02 5.386224866840624024e-04
3.682177591221841989e-02 5.615884405066259161e-02 8.079337300260936577e-04
3.682177591221841989e-02 5.615884405066259161e-02 1.077244973368124805e-03
3.682177591221841989e-02 5.615884405066259161e-02 1.346556216710155952e-03
3.682177591221841989e-02 5.615884405066259161e-02 1.615867460052187315e-03
3.682177591221841989e-02 5.615884405066259161e-02 1.885178703394218462e-03
3.682177591221841989e-02 6.047875513148279897e-02 0.000000000000000000e+00
3.682177591221841989e-02 6.047875513148279897e-02 2.693112433420312012e-04
3.682177591221841989e-02 6.047875513148279897e-02 5.386224866840624024e-04
3.682177591221841989e-02 6.047875513148279897e-02 8.079337300260936577e-04
3.682177591221841989e-02 6.047875513148279897e-02 1.077244973368124805e-03
3.682177591221841989e-02 6.047875513148279897e-02 1.346556216710155952e-03
3.682177591221841989e-02 6.047875513148279897e-02 1.615867460052187315e-03
3.682177591221841989e-02 6.047875513148279897e-02 1.885178703394218462e-03
4.050395350344026396e-02 0.000000000000000000e+00 0.000000000000000000e+00
4.050395350344026396e-02 0.000000000000000000e+00 2.693112433420312012e-04
4.050395350344026396e-02 0.000000000000000000e+00 5.386224866840624024e-04
4.050395350344026396e-02 0.000000000000000000e+00 8.079337300260936577e-04
4.050395350344026396e-02 0.000000000000000000e+00 1.077244973368124805e-03
4.050395350344026396e-02 0.000000000000000000e+00 1.346556216710155952e-03
4.050395350344026396e-02 0.000000000000000000e+00 1.615867460052187315e-03
4.050395350344026396e-02 0.000000000000000000e+00 1.885178703394218462e-03
4.050395350344026396e-02 4.319911080820199555e-03 0.000000000000000000e+00
4.050395350344026396e-02 4.319911080820199555e-03 2.693112433420312012e-04
4.050395350344026396e-02 4.319911080820199555e-03 5.386224866840624024e-04
4.050395350344026396e-02 4.319911080820199555e-03 8.079337300260936577e-04
4.050395350344026396e-02 4.319911080820199555e-03 1.077244973368124805e-03
4.050395350344026396e-02 4.319911080820199555e-03 1.346556216710155952e-03
4.050395350344026396e-02 4.319911080820199555e-03 1.615867460052187315e-03
4.050395350344026396e-02 4.319911080820199555e-03 1.885178703394218462e-03
4.050395350344026396e-02 8.639822161640399109e-03 0.000000000000000000e+00
4.050395350344026396e-02 8.639822161640399109e-03 2.693112433420312012e-04
4.050395350344026396e-02 8.639822161640399109e-03 5.386224866840624024e-04
4.050395350344026396e-02 8.639822161640399109e-03 8.079337300260936577e-04
4.050395350344026396e-02 8.639822161640399109e-03 1.077244973368124805e-03
4.050395350344026396e-02 8.639822161640399109e-03 1.346556216710155952e-03
4.050395350344026396e-02 8.639822161640399109e-03 1.615867460052187315e-03
4.050395350344026396e-02 8.639822161640399109e-03 1.885178703394218462e-03
4.050395350344026396e-02 1.295973324246059780e-02 0.000000000000000000e+00
4.050395350344026396e-02 1.295973324246059780e-02 2.693112433420312012e-04
4.050395350344026396e-02 1.295973324246059780e-02 5.386224866840624024e-04
4.050395350344026396e-02 1.295973324246059780e-02 8.079337300260936577e-04
4.050395350344026396e-02 1.295973324246059780e-02 1.077244973368124805e-03
4.050395350344026396e-02 1.295973324246059780e-02 1.346556216710155952e-03
4.050395350344026396e-02 1.295973324246059780e-02 1.615867460052187315e-03
4.050395350344026396e-02 1.295973324246059780e-02 1.885178703394218462e-03
4.050395350344026396e-02 1.727964432328079822e-02 0.000000000000000000e+00
4.050395350344026396e-02 1.727964432328079822e-02 2.693112433420312012e-04
4.050395350344026396e-02 1.727964432328079822e-02 5.386224866840624024e-04
4.050395350344026396e-02 1.727964432328079822e-02 8.079337300260936577e-04
4.050395350344026396e-02 1.727964432328079822e-02 1.077244973368124805e-03
4.050395350344026396e-02 1.727964432328079822e-02 1.346556216710155952e-03
4.050395350344026396e-02 1.727964432328079822e-02 1.615867460052187315e-03
4.050395350344026396e-02 1.727964432328079822e-02 1.885178703394218462e-03
4.050395350344026396e-02 2.159955540410099864e-02 0.000000000000000000e+00
4.050395350344026396e-02 2.159955540410099864e-02 2.693112433420312012e-04
4.050395350344026396e-02 2.159955540410099864e-02 5.386224866840624024e-04
4.050395350344026396e-02 2.159955540410099864e-02 8.079337300260936577e-04
4.050395350344026396e-02 2.159955540410099864e-02 1.077244973368124805e-03
4.050395350344026396e-02 2.159955540410099864e-02 1.346556216710155952e-03
4.050395350344026396e-02 2.159955540410099864e-02 1.615867460052187315e-03
4.050395350344026396e-02 2.159955540410099864e-02 1.885178703394218462e-03
4.050395350344026396e-02 2.591946648492119559e-02 0.000000000000000000e+00
4.050395350344026396e-02 2.591946648492119559e-02 2.693112433420312012e-04
4.050395350344026396e-02 2.591946648492119559e-02 5.386224866840624024e-04
4.050395350344026396e-02 2.591946648492119559e-02 8.079337300260936577e-04
4.050395350344026396e-02 2.591946648492119559e-02 1.077244973368124805e-03
4.050395350344026396e-02 2.591946648492119559e-02 1.346556216710155952e-03
4.050395350344026396e-02 2.591946648492119559e-02 1.615867460052187315e-03
4.050395350344026396e-02 2.591946648492119559e-02 1.885178703394218462e-03
4.050395350344026396e-02 3.023937756574139601e-02 0.000000000000000000e+00
4.050395350344026396e-02 3.023937756574139601e-02 2.693112433420312012e-04
4.050395350344026396e-02 3.023937756574139601e-02 5.386224866840624024e-04
4.050395350344026396e-02 3.023937756574139601e-02 8.079337300260936577e-04
4.050395350344026396e-02 3.023937756574139601e-02 1.077244973368124805e-03
4.050395350344026396e-02 3.023937756574139601e-02 1.346556216710155952e-03
4.050395350344026396e-02 3.023937756574139601e-02 1.615867460052187315e-03
4.050395350344026396e-02 3.023937756574139601e-02 1.885178703394218462e-03
4.050395350344026396e-02 3.455928864656159644e-02 0.000000000000000000e+00
4.050395350344026396e-02 3.455928864656159644e-02 2.693112433420312012e-04
4.050395350344026396e-02 3.455928864656159644e-02 5.386224866840624024e-04
4.050395350344026396e-02 3.455928864656159644e-02 8.079337300260936577e-04
4.050395350344026396e-02 3.455928864656159644e-02 1.077244973368124805e-03
4.050395350344026396e-02 3.455928864656159644e-02 1.346556216710155952e-03
4.050395350344026396e-02 3.455928864656159644e-02 1.615867460052187315e-03
4.050395350344026396e-02 3.455928864656159644e-02 1.885178703394218462e-03
4.050395350344026396e-02 3.887919972738179686e-02 0.000000000000000000e+00
4.050395350344026396e-02 3.887919972738179686e-02 2.693112433420312012e-04
4.050395350344026396e-02 3.887919972738179686e-02 5.386224866840624024e-04
4.050395350344026396e-02 3.887919972738179686e-02 8.079337300260936577e-04
4.050395350344026396e-02 3.887919972738179686e-02 1.077244973368124805e-03
4.050395350344026396e-02 3.887919972738179686e-02 1.346556216710155952e-03
4.050395350344026396e-02 3.887919972738179686e-02 1.615867460052187315e-03
4.050395350344026396e-02 3.887919972738179686e-02 1.885178703394218462e-03
4.050395350344026396e-02 4.319911080820199728e-02 0.000000000000000000e+00
4.050395350344026396e-02 4.319911080820199728e-02 2.693112433420312012e-04
4.050395350344026396e-02 4.319911080820199728e-02 5.386224866840624024e-04
4.050395350344026396e-02 4.319911080820199728e-02 8.079337300260936577e-04
4.050395350344026396e-02 4.319911080820199728e-02 1.077244973368124805e-03
4.050395350344026396e-02 4.319911080820199728e-02 1.346556216710155952e-03
4.050395350344026396e-02 4.319911080820199728e-02 1.615867460052187315e-03
4.050395350344026396e-02 4.319911080820199728e-02 1.885178703394218462e-03
4.050395350344026396e-02 4.751902188902219770e-02 0.000000000000000000e+00
4.050395350344026396e-02 4.751902188902219770e-02 2.693112433420312012e-04
4.050395350344026396e-02 4.751902188902219770e-02 5.386224866840624024e-04
4.050395350344026396e-02 4.751902188902219770e-02 8.079337300260936577e-04
4.050395350344026396e-02 4.751902188902219770e-02 1.077244973368124805e-03
4.050395350344026396e-02 4.751902188902219770e-02 1.346556216710155952e-03
4.050395350344026396e-02 4.751902188902219770e-02 1.615867460052187315e-03
4.050395350344026396e-02 4.751902188902219770e-02 1.885178703394218462e-03
4.050395350344026396e-02 5.183893296984239119e-02 0.000000000000000000e+00
4.050395350344026396e-02 5.183893296984239119e-02 2.693112433420312012e-04
4.050395350344026396e-02 5.183893296984239119e-02 5.386224866840624024e-04
4.050395350344026396e-02 5.183893296984239119e-02 8.079337300260936577e-04
4.050395350344026396e-02 5.183893296984239119e-02 1.077244973368124805e-03
4.050395350344026396e-02 5.183893296984239119e-02 1.346556216710155952e-03
4.050395350344026396e-02 5.183893296984239119e-02 1.615867460052187315e-03
4.050395350344026396e-02 5.183893296984239119e-02 1.885178703394218462e-03
4.050395350344026396e-02 5.615884405066259161e-02 0.000000000000000000e+00
4.050395350344026396e-02 5.615884405066259161e-02 2.693112433420312012e-04
4.050395350344026396e-02 5.615884405066259161e-02 5.386224866840624024e-04
4.050395350344026396e-02 5.615884405066259161e-02 8.079337300260936577e-04
4.050395350344026396e-02 5.615884405066259161e-02 1.077244973368124805e-03
4.050395350344026396e-02 5.615884405066259161e-02 1.346556216710155952e-03
4.050395350344026396e-02 5.615884405066259161e-02 1.615867460052187315e-03
4.050395350344026396e-02 5.615884405066259161e-02 1.885178703394218462e-03
4.050395350344026396e-02 6.047875513148279897e-02 0.000000000000000000e+00
4.050395350344026396e-02 6.047875513148279897e-02 2.693112433420312012e-04
4.050395350344026396e-02 6.047875513148279897e-02 5.386224866840624024e-04
4.050395350344026396e-02 6.047875513148279897e-02 8.079337300260936577e-04
4.050395350344026396e-02 6.047875513148279897e-02 1.077244973368124805e-03
4.050395350344026396e-02 6.047875513148279897e-02 1.346556216710155952e-03
4.050395350344026396e-02 6.047875513148279897e-02 1.615867460052187315e-03
4.050395350344026396e-02 6.047875513148279897e-02 1.885178703394218462e-03
4.418613109466210109e-02 0.000000000000000000e+00 0.000000000000000000e+00
4.418613109466210109e-02 0.000000000000000000e+00 2.693112433420312012e-04
4.418613109466210109e-02 0.000000000000000000e+00 5.386224866840624024e-04
4.418613109466210109e-02 0.000000000000000000e+00 8.079337300260936577e-04
4.418613109466210109e-02 0.000000000000000000e+00 1.077244973368124805e-03
4.418613109466210109e-02 0.000000000000000000e+00 1.346556216710155952e-03
4.418613109466210109e-02 0.000000000000000000e+00 1.615867460052187315e-03
4.418613109466210109e-02 0.000000000000000000e+00 1.885178703394218462e-03
4.418613109466210109e-02 4.319911080820199555e-03 0.000000000000000000e+00
4.418613109466210109e-02 4.319911080820199555e-03 2.693112433420312012e-04
4.418613109466210109e-02 4.319911080820199555e-03 5.386224866840624024e-04
4.418613109466210109e-02 4.319911080820199555e-03 8.079337300260936577e-04
4.418613109466210109e-02 4.319911080820199555e-03 1.077244973368124805e-03
4.418613109466210109e-02 4.319911080820199555e-03 1.346556216710155952e-03
4.418613109466210109e-02 4.319911080820199555e-03 1.615867460052187315e-03
4.418613109466210109e-02 4.319911080820199555e-03 1.885178703394218462e-03
4.418613109466210109e-02 8.639822161640399109e-03 0.000000000000000000e+00
4.418613109466210109e-02 8.639822161640399109e-03 2.693112433420312012e-04
4.418613109466210109e-02 8.639822161640399109e-03 5.386224866840624024e-04
4.418613109466210109e-02 8.639822161640399109e-03 8.079337300260936577e-04
4.418613109466210109e-02 8.639822161640399109e-03 1.077244973368124805e-03
4.418613109466210109e-02 8.639822161640399109e-03 1.346556216710155952e-03
4.418613109466210109e-02 8.639822161640399109e-03 1.615867460052187315e-03
4.418613109466210109e-02 8.639822161640399109e-03 1.885178703394218462e-03
4.418613109466210109e-02 1.295973324246059780e-02 0.000000000000000000e+00
4.418613109466210109e-02 1.295973324246059780e-02 2.693112433420312012e-04
4.418613109466210109e-02 1.295973324246059780e-02 5.386224866840624024e-04
4.418613109466210109e-02 1.295973324246059780e-02 8.079337300260936577e-04
4.418613109466210109e-02 1.295973324246059780e-02 1.077244973368124805e-03
4.418613109466210109e-02 1.295973324246059780e-02 1.346556216710155952e-03
4.418613109466210109e-02 1.295973324246059780e-02 1.615867460052187315e-03
4.418613109466210109e-02 1.295973324246059780e-02 1.885178703394218462e-03
4.418613109466210109e-02 1.727964432328079822e-02 0.000000000000000000e+00
4.418613109466210109e-02 1.727964432328079822e-02 2.693112433420312012e-04
4.418613109466210109e-02 1.727964432328079822e-02 5.386224866840624024e-04
4.418613109466210109e-02 1.727964432328079822e-02 8.079337300260936577e-04
4.418613109466210109e-02 1.727964432328079822e-02 1.077244973368124805e-03
4.418613109466210109e-02 1.727964432328079822e-02 1.346556216710155952e-03
4.418613109466210109e-02 1.727964432328079822e-02 1.615867460052187315e-03
4.418613109466210109e-02 1.727964432328079822e-02 1.885178703394218462e-03
4.418613109466210109e-02 2.159955540410099864e-02 0.000000000000000000e+00
4.418613109466210109e-02 2.159955540410099864e-02 2.693112433420312012e-04
4.418613109466210109e-02 2.159955540410099864e-02 5.386224866840624024e-04
4.418613109466210109e-02 2.159955540410099864e-02 8.079337300260936577e-04
4.418613109466210109e-02 2.159955540410099864e-02 1.077244973368124805e-03
4.418613109466210109e-02 2.159955540410099864e-02 1.346556216710155952e-03
4.418613109466210109e-02 2.159955540410099864e-02 1.615867460052187315e-03
4.418613109466210109e-02 2.159955540410099864e-02 1.885178703394218462e-03
4.418613109466210109e-02 2.591946648492119559e-02 0.000000000000000000e+00
4.418613109466210109e-02 2.591946648492119559e-02 2.693112433420312012e-04
4.418613109466210109e-02 2.591946648492119559e-02 5.386224866840624024e-04
4.418613109466210109e-02 2.591946648492119559e-02 8.079337300260936577e-04
4.418613109466210109e-02 2.591946648492119559e-02 1.077244973368124805e-03
4.418613109466210109e-02 2.591946648492119559e-02 1.346556216710155952e-03
4.418613109466210109e-02 2.591946648492119559e-02 1.615867460052187315e-03
4.418613109466210109e-02 2.591946648492119559e-02 1.885178703394218462e-03
4.418613109466210109e-02 3.023937756574139601e-02 0.000000000000000000e+00
4.418613109466210109e-02 3.023937756574139601e-02 2.693112433420312012e-04
4.418613109466210109e-02 3.023937756574139601e-02 5.386224866840624024e-04
4.418613109466210109e-02 3.023937756574139601e-02 8.079337300260936577e-04
4.418613109466210109e-02 3.023937756574139601e-02 1.077244973368124805e-03
4.418613109466210109e-02 3.023937756574139601e-02 1.346556216710155952e-03
4.418613109466210109e-02 3.023937756574139601e-02 1.615867460052187315e-03
4.418613109466210109e-02 3.023937756574139601e-02 1.885178703394218462e-03
4.418613109466210109e-02 3.455928864656159644e-02 0.000000000000000000e+00
4.418613109466210109e-02 3.455928864656159644e-02 2.693112433420312012e-04
4.418613109466210109e-02 3.455928864656159644e-02 5.386224866840624024e-04
4.418613109466210109e-02 3.455928864656159644e-02 8.079337300260936577e-04
4.418613109466210109e-02 3.455928864656159644e-02 1.077244973368124805e-03
4.418613109466210109e-02 3.455928864656159644e-02 1.346556216710155952e-03
4.418613109466210109e-02 3.455928864656159644e-02 1.615867460052187315e-03
4.418613109466210109e-02 3.455928864656159644e-02 1.885178703394218462e-03
4.418613109466210109e-02 3.887919972738179686e-02 0.000000000000000000e+00
4.418613109466210109e-02 3.887919972738179686e-02 2.693112433420312012e-04
4.418613109466210109e-02 3.887919972738179686e-02 5.386224866840624024e-04
4.418613109466210109e-02 3.887919972738179686e-02 8.079337300260936577e-04
4.418613109466210109e-02 3.887919972738179686e-02 1.077244973368124805e-03
4.418613109466210109e-02 3.887919972738179686e-02 1.346556216710155952e-03
4.418613109466210109e-02 3.887919972738179686e-02 1.615867460052187315e-03
4.418613109466210109e-02 3.887919972738179686e-02 1.885178703394218462e-03
4.418613109466210109e-02 4.319911080820199728e-02 0.000000000000000000e+00
4.418613109466210109e-02 4.319911080820199728e-02 2.693112433420312012e-04
4.418613109466210109e-02 4.319911080820199728e-02 5.386224866840624024e-04
4.418613109466210109e-02 4.319911080820199728e-02 8.079337300260936577e-04
4.418613109466210109e-02 4.319911080820199728e-02 1.077244973368124805e-03
4.418613109466210109e-02 4.319911080820199728e-02 1.346556216710155952e-03
4.418613109466210109e-02 4.319911080820199728e-02 1.615867460052187315e-03
4.418613109466210109e-02 4.319911080820199728e-02 1.885178703394218462e-03
4.418613109466210109e-02 4.751902188902219770e-02 0.000000000000000000e+00
4.418613109466210109e-02 4.751902188902219770e-02 2.693112433420312012e-04
4.418613109466210109e-02 4.751902188902219770e-02 5.386224866840624024e-04
4.418613109466210109e-02 4.751902188902219770e-02 8.079337300260936577e-04
4.418613109466210109e-02 4.751902188902219770e-02 1.077244973368124805e-03
4.418613109466210109e-02 4.751902188902219770e-02 1.346556216710155952e-03
4.418613109466210109e-02 4.751902188902219770e-02 1.615867460052187315e-03
4.418613109466210109e-02 4.751902188902219770e-02 1.885178703394218462e-03
4.418613109466210109e-02 5.183893296984239119e-02 0.000000000000000000e+00
4.418613109466210109e-02 5.183893296984239119e-02 2.693112433420312012e-04
4.418613109466210109e-02 5.183893296984239119e-02 5.386224866840624024e-04
4.418613109466210109e-02 5.183893296984239119e-02 8.079337300260936577e-04
4.418613109466210109e-02 5.183893296984239119e-02 1.077244973368124805e-03
4.418613109466210109e-02 5.183893296984239119e-02 1.346556216710155952e-03
4.418613109466210109e-02 5.183893296984239119e-02 1.615867460052187315e-03
4.418613109466210109e-02 5.183893296984239119e-02 1.885178703394218462e-03
4.418613109466210109e-02 5.615884405066259161e-02 0.000000000000000000e+00
4.418613109466210109e-02 5.615884405066259161e-02 2.693112433420312012e-04
4.418613109466210109e-02 5.615884405066259161e-02 5.386224866840624024e-04
4.418613109466210109e-02 5.615884405066259161e-02 8.079337300260936577e-04
4.418613109466210109e-02 5.615884405066259161e-02 1.077244973368124805e-03
4.418613109466210109e-02 5.615884405066259161e-02 1.346556216710155952e-03
4.418613109466210109e-02 5.615884405066259161e-02 1.615867460052187315e-03
4.418613109466210109e-02 5.615884405066259161e-02 1.885178703394218462e-03
4.418613109466210109e-02 6.047875513148279897e-02 0.000000000000000000e+00
4.418613109466210109e-02 6.047875513148279897e-02 2.693112433420312012e-04
4.418613109466210109e-02 6.047875513148279897e-02 5.386224866840624024e-04
4.418613109466210109e-02 6.047875513148279897e-02 8.079337300260936577e-04
4.418613109466210109e-02 6.047875513148279897e-02 1.077244973368124805e-03
4.418613109466210109e-02 6.047875513148279897e-02 1.346556216710155952e-03
4.418613109466210109e-02 6.047875513148279897e-02 1.615867460052187315e-03
4.418613109466210109e-02 6.047875513148279897e-02 1.885178703394218462e-03
4.786830868588394516e-02 0.000000000000000000e+00 0.000000000000000000e+00
4.786830868588394516e-02 0.000000000000000000e+00 2.693112433420312012e-04
4.786830868588394516e-02 0.000000000000000000e+00 5.386224866840624024e-04
4.786830868588394516e-02 0.000000000000000000e+00 8.079337300260936577e-04
4.786830868588394516e-02 0.000000000000000000e+00 1.077244973368124805e-03
4.786830868588394516e-02 0.000000000000000000e+00 1.346556216710155952e-03
4.786830868588394516e-02 0.000000000000000000e+00 1.615867460052187315e-03
4.786830868588394516e-02 0.000000000000000000e+00 1.885178703394218462e-03
4.786830868588394516e-02 4.319911080820199555e-03 0.000000000000000000e+00
4.786830868588394516e-02 4.319911080820199555e-03 2.693112433420312012e-04
4.786830868588394516e-02 4.319911080820199555e-03 5.386224866840624024e-04
4.786830868588394516e-02 4.319911080820199555e-03 8.079337300260936577e-04
4.786830868588394516e-02 4.319911080820199555e-03 1.077244973368124805e-03
4.786830868588394516e-02 4.319911080820199555e-03 1.346556216710155952e-03
4.786830868588394516e-02 4.319911080820199555e-03 1.615867460052187315e-03
4.786830868588394516e-02 4.319911080820199555e-03 1.885178703394218462e-03
4.786830868588394516e-02 8.639822161640399109e-03 0.000000000000000000e+00
4.786830868588394516e-02 8.639822161640399109e-03 2.693112433420312012e-04
4.786830868588394516e-02 8.639822161640399109e-03 5.386224866840624024e-04
4.786830868588394516e-02 8.639822161640399109e-03 8.079337300260936577e-04
4.786830868588394516e-02 8.639822161640399109e-03 1.077244973368124805e-03
4.786830868588394516e-02 8.639822161640399109e-03 1.346556216710155952e-03
4.786830868588394516e-02 8.639822161640399109e-03 1.615867460052187315e-03
4.786830868588394516e-02 8.639822161640399109e-03 1.885178703394218462e-03
4.786830868588394516e-02 1.295973324246059780e-02 0.000000000000000000e+00
4.786830868588394516e-02 1.295973324246059780e-02 2.693112433420312012e-04
4.786830868588394516e-02 1.295973324246059780e-02 5.386224866840624024e-04
4.786830868588394516e-02 1.295973324246059780e-02 8.079337300260936577e-04
4.786830868588394516e-02 1.295973324246059780e-02 1.077244973368124805e-03
4.786830868588394516e-02 1.295973324246059780e-02 1.346556216710155952e-03
4.786830868588394516e-02 1.295973324246059780e-02 1.615867460052187315e-03
4.786830868588394516e-02 1.295973324246059780e-02 1.885178703394218462e-03
4.786830868588394516e-02 1.727964432328079822e-02 0.000000000000000000e+00
4.786830868588394516e-02 1.727964432328079822e-02 2.693112433420312012e-04
4.786830868588394516e-02 1.727964432328079822e-02 5.386224866840624024e-04
4.786830868588394516e-02 1.727964432328079822e-02 8.079337300260936577e-04
4.786830868588394516e-02 1.727964432328079822e-02 1.077244973368124805e-03
4.786830868588394516e-02 1.727964432328079822e-02 1.346556216710155952e-03
4.786830868588394516e-02 1.727964432328079822e-02 1.615867460052187315e-03
4.786830868588394516e-02 1.727964432328079822e-02 1.885178703394218462e-03
4.786830868588394516e-02 2.159955540410099864e-02 0.000000000000000000e+00
4.786830868588394516e-02 2.159955540410099864e-02 2.693112433420312012e-04
4.786830868588394516e-02 2.159955540410099864e-02 5.386224866840624024e-04
4.786830868588394516e-02 2.159955540410099864e-02 8.079337300260936577e-04
4.786830868588394516e-02 2.159955540410099864e-02 1.077244973368124805e-03
4.786830868588394516e-02 2.159955540410099864e-02 1.346556216710155952e-03
4.786830868588394516e-02 2.159955540410099864e-02 1.615867460052187315e-03
4.786830868588394516e-02 2.159955540410099864e-02 1.885178703394218462e-03
4.786830868588394516e-02 2.591946648492119559e-02 0.000000000000000000e+00
4.786830868588394516e-02 2.591946648492119559e-02 2.693112433420312012e-04
4.786830868588394516e-02 2.591946648492119559e-02 5.386224866840624024e-04
4.786830868588394516e-02 2.591946648492119559e-02 8.079337300260936577e-04
4.786830868588394516e-02 2.591946648492119559e-02 1.077244973368124805e-03
4.786830868588394516e-02 2.591946648492119559e-02 1.346556216710155952e-03
4.786830868588394516e-02 2.591946648492119559e-02 1.615867460052187315e-03
4.786830868588394516e-02 2.591946648492119559e-02 1.885178703394218462e-03
4.786830868588394516e-02 3.023937756574139601e-02 0.000000000000000000e+00
4.786830868588394516e-02 3.023937756574139601e-02 2.693112433420312012e-04
4.786830868588394516e-02 3.023937756574139601e-02 5.386224866840624024e-04
4.786830868588394516e-02 3.023937756574139601e-02 8.079337300260936577e-04
4.786830868588394516e-02 3.023937756574139601e-02 1.077244973368124805e-03
4.786830868588394516e-02 3.023937756574139601e-02 1.346556216710155952e-03
4.786830868588394516e-02 3.023937756574139601e-02 1.615867460052187315e-03
4.786830868588394516e-02 3.023937756574139601e-02 1.885178703394218462e-03
4.786830868588394516e-02 3.455928864656159644e-02 0.000000000000000000e+00
4.786830868588394516e-02 3.455928864656159644e-02 2.693112433420312012e-04
4.786830868588394516e-02 3.455928864656159644e-02 5.386224866840624024e-04
4.786830868588394516e-02 3.455928864656159644e-02 8.079337300260936577e-04
4.786830868588394516e-02 3.455928864656159644e-02 1.077244973368124805e-03
4.786830868588394516e-02 3.455928864656159644e-02 1.346556216710155952e-03
4.786830868588394516e-02 3.455928864656159644e-02 1.615867460052187315e-03
4.786830868588394516e-02 3.455928864656159644e-02 1.885178703394218462e-03
4.786830868588394516e-02 3.887919972738179686e-02 0.000000000000000000e+00
4.786830868588394516e-02 3.887919972738179686e-02 2.693112433420312012e-04
4.786830868588394516e-02 3.887919972738179686e-02 5.386224866840624024e-04
4.786830868588394516e-02 3.887919972738179686e-02 8.079337300260936577e-04
4.786830868588394516e-02 3.887919972738179686e-02 1.077244973368124805e-03
4.786830868588394516e-02 3.887919972738179686e-02 1.346556216710155952e-03
4.786830868588394516e-02 3.887919972738179686e-02 1.615867460052187315e-03
4.786830868588394516e-02 3.887919972738179686e-02 1.885178703394218462e-03
4.786830868588394516e-02 4.319911080820199728e-02 0.000000000000000000e+00
4.786830868588394516e-02 4.319911080820199728e-02 2.693112433420312012e-04
4.786830868588394516e-02 4.319911080820199728e-02 5.386224866840624024e-04
4.786830868588394516e-02 4.319911080820199728e-02 8.079337300260936577e-04
4.786830868588394516e-02 4.319911080820199728e-02 1.077244973368124805e-03
4.786830868588394516e-02 4.319911080820199728e-02 1.346556216710155952e-03
4.786830868588394516e-02 4.319911080820199728e-02 1.615867460052187315e-03
4.786830868588394516e-02 4.319911080820199728e-02 1.885178703394218462e-03
4.786830868588394516e-02 4.751902188902219770e-02 0.000000000000000000e+00
4.786830868588394516e-02 4.751902188902219770e-02 2.693112433420312012e-04
4.786830868588394516e-02 4.751902188902219770e-02 5.386224866840624024e-04
4.786830868588394516e-02 4.751902188902219770e-02 8.079337300260936577e-04
4.786830868588394516e-02 4.751902188902219770e-02 1.077244973368124805e-03
4.786830868588394516e-02 4.751902188902219770e-02 1.346556216710155952e-03
4.786830868588394516e-02 4.751902188902219770e-02 1.615867460052187315e-03
4.786830868588394516e-02 4.751902188902219770e-02 1.885178703394218462e-03
4.786830868588394516e-02 5.183893296984239119e-02 0.000000000000000000e+00
4.786830868588394516e-02 5.183893296984239119e-02 2.693112433420312012e-04
4.786830868588394516e-02 5.183893296984239119e-02 5.386224866840624024e-04
4.786830868588394516e-02 5.183893296984239119e-02 8.079337300260936577e-04
4.786830868588394516e-02 5.183893296984239119e-02 1.077244973368124805e-03
4.786830868588394516e-02 5.183893296984239119e-02 1.346556216710155952e-03
4.786830868588394516e-02 5.183893296984239119e-02 1.615867460052187315e-03
4.786830868588394516e-02 5.183893296984239119e-02 1.885178703394218462e-03
4.786830868588394516e-02 5.615884405066259161e-02 0.000000000000000000e+00
4.786830868588394516e-02 5.615884405066259161e-02 2.693112433420312012e-04
4.786830868588394516e-02 5.615884405066259161e-02 5.386224866840624024e-04
4.786830868588394516e-02 5.615884405066259161e-02 8.079337300260936577e-04
4.786830868588394516e-02 5.615884405066259161e-02 1.077244973368124805e-03
4.786830868588394516e-02 5.615884405066259161e-02 1.346556216710155952e-03
4.786830868588394516e-02 5.615884405066259161e-02 1.615867460052187315e-03
4.786830868588394516e-02 5.615884405066259161e-02 1.885178703394218462e-03
4.786830868588394516e-02 6.047875513148279897e-02 0.000000000000000000e+00
4.786830868588394516e-02 6.047875513148279897e-02 2.693112433420312012e-04
4.786830868588394516e-02 6.047875513148279897e-02 5.386224866840624024e-04
4.786830868588394516e-02 6.047875513148279897e-02 8.079337300260936577e-04
4.786830868588394516e-02 6.047875513148279897e-02 1.077244973368124805e-03
4.786830868588394516e-02 6.047875513148279897e-02 1.346556216710155952e-03
4.786830868588394516e-02 6.047875513148279897e-02 1.615867460052187315e-03
4.786830868588394516e-02 6.047875513148279897e-02 1.885178703394218462e-03
5.155048627710578923e-02 0.000000000000000000e+00 0.000000000000000000e+00
5.155048627710578923e-02 0.000000000000000000e+00 2.693112433420312012e-04
5.155048627710578923e-02 0.000000000000000000e+00 5.386224866840624024e-04
5.155048627710578923e-02 0.000000000000000000e+00 8.079337300260936577e-04
5.155048627710578923e-02 0.000000000000000000e+00 1.077244973368124805e-03
5.155048627710578923e-02 0.000000000000000000e+00 1.346556216710155952e-03
5.155048627710578923e-02 0.000000000000000000e+00 1.615867460052187315e-03
5.155048627710578923e-02 0.000000000000000000e+00 1.885178703394218462e-03
5.155048627710578923e-02 4.319911080820199555e-03 0.000000000000000000e+00
5.155048627710578923e-02 4.319911080820199555e-03 2.693112433420312012e-04
5.155048627710578923e-02 4.319911080820199555e-03 5.386224866840624024e-04
5.155048627710578923e-02 4.319911080820199555e-03 8.079337300260936577e-04
5.155048627710578923e-02 4.319911080820199555e-03 1.077244973368124805e-03
5.155048627710578923e-02 4.319911080820199555e-03 1.346556216710155952e-03
5.155048627710578923e-02 4.319911080820199555e-03 1.615867460052187315e-03
5.155048627710578923e-02 4.319911080820199555e-03 1.885178703394218462e-03
5.155048627710578923e-02 8.639822161640399109e-03 0.000000000000000000e+00
5.155048627710578923e-02 8.639822161640399109e-03 2.693112433420312012e-04
5.155048627710578923e-02 8.639822161640399109e-03 5.386224866840624024e-04
5.155048627710578923e-02 8.639822161640399109e-03 8.079337300260936577e-04
5.155048627710578923e-02 8.639822161640399109e-03 1.077244973368124805e-03
5.155048627710578923e-02 8.639822161640399109e-03 1.346556216710155952e-03
5.155048627710578923e-02 8.639822161640399109e-03 1.615867460052187315e-03
5.155048627710578923e-02 8.639822161640399109e-03 1.885178703394218462e-03
5.155048627710578923e-02 1.295973324246059780e-02 0.000000000000000000e+00
5.155048627710578923e-02 1.295973324246059780e-02 2.693112433420312012e-04
5.155048627710578923e-02 1.295973324246059780e-02 5.386224866840624024e-04
5.155048627710578923e-02 1.295973324246059780e-02 8.079337300260936577e-04
5.155048627710578923e-02 1.295973324246059780e-02 1.077244973368124805e-03
5.155048627710578923e-02 1.295973324246059780e-02 1.346556216710155952e-03
5.155048627710578923e-02 1.295973324246059780e-02 1.615867460052187315e-03
5.155048627710578923e-02 1.295973324246059780e-02 1.885178703394218462e-03
5.155048627710578923e-02 1.727964432328079822e-02 0.000000000000000000e+00
5.155048627710578923e-02 1.727964432328079822e-02 2.693112433420312012e-04
5.155048627710578923e-02 1.727964432328079822e-02 5.386224866840624024e-04
5.155048627710578923e-02 1.727964432328079822e-02 8.079337300260936577e-04
5.155048627710578923e-02 1.727964432328079822e-02 1.077244973368124805e-03
5.155048627710578923e-02 1.727964432328079822e-02 1.346556216710155952e-03
5.155048627710578923e-02 1.727964432328079822e-02 1.615867460052187315e-03
5.155048627710578923e-02 1.727964432328079822e-02 1.885178703394218462e-03
5.155048627710578923e-02 2.159955540410099864e-02 0.000000000000000000e+00
5.155048627710578923e-02 2.159955540410099864e-02 2.693112433420312012e-04
5.155048627710578923e-02 2.159955540410099864e-02 5.386224866840624024e-04
5.155048627710578923e-02 2.159955540410099864e-02 8.079337300260936577e-04
5.155048627710578923e-02 2.159955540410099864e-02 1.077244973368124805e-03
5.155048627710578923e-02 2.159955540410099864e-02 1.346556216710155952e-03
5.155048627710578923e-02 2.159955540410099864e-02 1.615867460052187315e-03
5.155048627710578923e-02 2.159955540410099864e-02 1.885178703394218462e-03
5.155048627710578923e-02 2.591946648492119559e-02 0.000000000000000000e+00
5.155048627710578923e-02 2.591946648492119559e-02 2.693112433420312012e-04
5.155048627710578923e-02 2.591946648492119559e-02 5.386224866840624024e-04
5.155048627710578923e-02 2.591946648492119559e-02 8.079337300260936577e-04
5.155048627710578923e-02 2.591946648492119559e-02 1.077244973368124805e-03
5.155048627710578923e-02 2.591946648492119559e-02 1.346556216710155952e-03
5.155048627710578923e-02 2.591946648492119559e-02 1.615867460052187315e-03
5.155048627710578923e-02 2.591946648492119559e-02 1.885178703394218462e-03
5.155048627710578923e-02 3.023937756574139601e-02 0.000000000000000000e+00
5.155048627710578923e-02 3.023937756574139601e-02 2.693112433420312012e-04
5.155048627710578923e-02 3.023937756574139601e-02 5.386224866840624024e-04
5.155048627710578923e-02 3.023937756574139601e-02 8.079337300260936577e-04
5.155048627710578923e-02 3.023937756574139601e-02 1.077244973368124805e-03
5.155048627710578923e-02 3.023937756574139601e-02 1.346556216710155952e-03
5.155048627710578923e-02 3.023937756574139601e-02 1.615867460052187315e-03
5.155048627710578923e-02 3.023937756574139601e-02 1.885178703394218462e-03
5.155048627710578923e-02 3.455928864656159644e-02 0.000000000000000000e+00
5.155048627710578923e-02 3.455928864656159644e-02 2.693112433420312012e-04
5.155048627710578923e-02 3.455928864656159644e-02 5.386224866840624024e-04
5.155048627710578923e-02 3.455928864656159644e-02 8.079337300260936577e-04
5.155048627710578923e-02 3.455928864656159644e-02 1.077244973368124805e-03
5.155048627710578923e-02 3.455928864656159644e-02 1.346556216710155952e-03
5.155048627710578923e-02 3.455928864656159644e-02 1.615867460052187315e-03
5.155048627710578923e-02 3.455928864656159644e-02 1.885178703394218462e-03
5.155048627710578923e-02 3.887919972738179686e-02 0.000000000000000000e+00
5.155048627710578923e-02 3.887919972738179686e-02 2.693112433420312012e-04
5.155048627710578923e-02 3.887919972738179686e-02 5.386224866840624024e-04
5.155048627710578923e-02 3.887919972738179686e-02 8.079337300260936577e-04
5.155048627710578923e-02 3.887919972738179686e-02 1.077244973368124805e-03
5.155048627710578923e-02 3.887919972738179686e-02 1.346556216710155952e-03
5.155048627710578923e-02 3.887919972738179686e-02 1.615867460052187315e-03
5.155048627710578923e-02 3.887919972738179686e-02 1.885178703394218462e-03
5.155048627710578923e-02 4.319911080820199728e-02 0.000000000000000000e+00
5.155048627710578923e-02 4.319911080820199728e-02 2.693112433420312012e-04
5.155048627710578923e-02 4.319911080820199728e-02 5.386224866840624024e-04
5.155048627710578923e-02 4.319911080820199728e-02 8.079337300260936577e-04
5.155048627710578923e-02 4.319911080820199728e-02 1.077244973368124805e-03
5.155048627710578923e-02 4.319911080820199728e-02 1.346556216710155952e-03
5.155048627710578923e-02 4.319911080820199728e-02 1.615867460052187315e-03
5.155048627710578923e-02 4.319911080820199728e-02 1.885178703394218462e-03
5.155048627710578923e-02 4.751902188902219770e-02 0.000000000000000000e+00
5.155048627710578923e-02 4.751902188902219770e-02 2.693112433420312012e-04
5.155048627710578923e-02 4.751902188902219770e-02 5.386224866840624024e-04
5.155048627710578923e-02 4.751902188902219770e-02 8.079337300260936577e-04
5.155048627710578923e-02 4.751902188902219770e-02 1.077244973368124805e-03
5.155048627710578923e-02 4.751902188902219770e-02 1.346556216710155952e-03
5.155048627710578923e-02 4.751902188902219770e-02 1.615867460052187315e-03
5.155048627710578923e-02 4.751902188902219770e-02 1.885178703394218462e-03
5.155048627710578923e-02 5.183893296984239119e-02 0.000000000000000000e+00
5.155048627710578923e-02 5.183893296984239119e-02 2.693112433420312012e-04
5.155048627710578923e-02 5.183893296984239119e-02 5.386224866840624024e-04
5.155048627710578923e-02 5.183893296984239119e-02 8.079337300260936577e-04
5.155048627710578923e-02 5.183893296984239119e-02 1.077244973368124805e-03
5.155048627710578923e-02 5.183893296984239119e-02 1.346556216710155952e-03
5.155048627710578923e-02 5.183893296984239119e-02 1.615867460052187315e-03
5.155048627710578923e-02 5.183893296984239119e-02 1.885178703394218462e-03
5.155048627710578923e-02 5.615884405066259161e-02 0.000000000000000000e+00
5.155048627710578923e-02 5.615884405066259161e-02 2.693112433420312012e-04
5.155048627710578923e-02 5.615884405066259161e-02 5.386224866840624024e-04
5.155048627710578923e-02 5.615884405066259161e-02 8.079337300260936577e-04
5.155048627710578923e-02 5.615884405066259161e-02 1.077244973368124805e-03
5.155048627710578923e-02 5.615884405066259161e-02 1.346556216710155952e-03
5.155048627710578923e-02 5.615884405066259161e-02 1.615867460052187315e-03
5.155048627710578923e-02 5.615884405066259161e-02 1.885178703394218462e-03
5.155048627710578923e-02 6.047875513148279897e-02 0.000000000000000000e+00
5.155048627710578923e-02 6.047875513148279897e-02 2.693112433420312012e-04
5.155048627710578923e-02 6.047875513148279897e-02 5.386224866840624024e-04
5.155048627710578923e-02 6.047875513148279897e-02 8.079337300260936577e-04
5.155048627710578923e-02 6.047875513148279897e-02 1.077244973368124805e-03
5.155048627710578923e-02 6.047875513148279897e-02 1.346556216710155952e-03
5.155048627710578923e-02 6.047875513148279897e-02 1.615867460052187315e-03
5.155048627710578923e-02 6.047875513148279897e-02 1.885178703394218462e-03
