{
  "temperature_bc": {
    "left_c": 28.890272383225017,
    "right_c": 57.36923099551173
  },
  "displacement_bc": {
    "ux_left": 0.0,
    "uy_bottom": 0.0
  },
  "voltage_bc": {
    "left_v": 0.0848429111928336,
    "right_v": 1.2987548631626453
  }
}