{
  "elastic_modulus_gpa": 147.2531988411954,
  "poisson_ratio": 0.28843374721169707,
  "yield_strength_mpa": 427.8739351265105,
  "creep_coeff": 5.7058991272375275e-05,
  "thermal_expansion_per_c": 8.605111555309488e-06,
  "electrochemical_coeff": 0.5771064347676171
}