{
  "t0": {
    "temperature_node": {
      "min": 24.333859383930402,
      "max": 45.765742136740414,
      "mean": 35.04980076033541
    },
    "voltage_node": {
      "min": 0.06843286548000896,
      "max": 1.0612690879710993,
      "mean": 0.5648509767255542
    },
    "stress_vm_elem": {
      "min": 48.678221752016675,
      "max": 459.9088427783895,
      "mean": 215.82964688283445
    },
    "stress_p1_elem": {
      "min": 13.301841016039743,
      "max": 464.4022968701909,
      "mean": 195.37355398334438
    },
    "shear_interface_elem": {
      "min": 0.035692074042505344,
      "max": 336.52144176874816,
      "mean": 55.592392354016546
    },
    "strain_el_elem": {
      "min": 0.00036429530549740634,
      "max": 0.006687172428218883,
      "mean": 0.0025553058547348323
    },
    "strain_pl_elem": {
      "min": 0.0,
      "max": 0.0037814702873238217,
      "mean": 0.0004616714990928393
    },
    "strain_cr_elem": {
      "min": 0.0,
      "max": 0.0,
      "mean": 0.0
    },
    "strain_th_elem": {
      "min": 0.00010664455746840113,
      "max": 0.00010664455746840113,
      "mean": 0.00010664455746840114
    },
    "damage_elem": {
      "min": 0.0,
      "max": 0.0,
      "mean": 0.0
    },
    "delamination_elem": {
      "min": 0.0,
      "max": 0.0,
      "mean": 0.0
    },
    "crack_init_elem": {
      "min": 0.0,
      "max": 0.0,
      "mean": 0.0
    }
  },
  "t25": {
    "temperature_node": {
      "min": 25.032610142076066,
      "max": 52.57288400743227,
      "mean": 38.802747074754166
    },
    "voltage_node": {
      "min": 0.0697696138290595,
      "max": 1.114556499892772,
      "mean": 0.5921630568609157
    },
    "stress_vm_elem": {
      "min": 235.72454347624176,
      "max": 1997.893862564596,
      "mean": 935.6585523071486
    },
    "stress_p1_elem": {
      "min": -2025.373085736508,
      "max": -68.8974341353771,
      "mean": -858.1973114734127
    },
    "shear_interface_elem": {
      "min": 0.19136702567884603,
      "max": 1465.4237504612,
      "mean": 279.9865637750616
    },
    "strain_el_elem": {
      "min": 0.0004719437111529431,
      "max": 0.00679482083387442,
      "mean": 0.002662954260390369
    },
    "strain_pl_elem": {
      "min": 0.0024251535189882445,
      "max": 0.030971893260308345,
      "mean": 0.012317202139513489
    },
    "strain_cr_elem": {
      "min": 0.004858911948730363,
      "max": 0.027082774567328986,
      "mean": 0.01255995002001818
    },
    "strain_th_elem": {
      "min": 0.00032194136877947464,
      "max": 0.00032194136877947464,
      "mean": 0.00032194136877947464
    },
    "damage_elem": {
      "min": 0.0014166656272599498,
      "max": 0.015835646623799104,
      "mean": 0.00417698216962854
    },
    "delamination_elem": {
      "min": 0.0,
      "max": 0.0,
      "mean": 0.0
    },
    "crack_init_elem": {
      "min": 0.0,
      "max": 0.0,
      "mean": 0.0
    }
  },
  "t50": {
    "temperature_node": {
      "min": 25.4072743748664,
      "max": 60.04528934115389,
      "mean": 42.72628185801015
    },
    "voltage_node": {
      "min": 0.07133651731116025,
      "max": 1.1770186913377905,
      "mean": 0.6241776043244754
    },
    "stress_vm_elem": {
      "min": 773.9827418332443,
      "max": 4545.01014817414,
      "mean": 2245.2436141860685
    },
    "stress_p1_elem": {
      "min": -4602.751546553765,
      "max": -240.91224494138763,
      "mean": -2048.152175300911
    },
    "shear_interface_elem": {
      "min": 0.6890610138115107,
      "max": 3333.693516967906,
      "mean": 640.4443903764951
    },
    "strain_el_elem": {
      "min": 0.0005844852261564588,
      "max": 0.0069073623488779354,
      "mean": 0.0027754957753938847
    },
    "strain_pl_elem": {
      "min": 0.00761746661675532,
      "max": 0.0593982445502467,
      "mean": 0.025560600493626916
    },
    "strain_cr_elem": {
      "min": 0.009938683531493922,
      "max": 0.05539658434226383,
      "mean": 0.0256908068591281
    },
    "strain_th_elem": {
      "min": 0.0005470243987865061,
      "max": 0.0005470243987865061,
      "mean": 0.0005470243987865061
    },
    "damage_elem": {
      "min": 0.00320043939993897,
      "max": 0.07481041478974182,
      "mean": 0.017130075764987044
    },
    "delamination_elem": {
      "min": 0.0,
      "max": 0.0,
      "mean": 0.0
    },
    "crack_init_elem": {
      "min": 0.0,
      "max": 0.0,
      "mean": 0.0
    }
  },
  "t75": {
    "temperature_node": {
      "min": 25.04889989132782,
      "max": 52.89777119585495,
      "mean": 38.97333554359139
    },
    "voltage_node": {
      "min": 0.07265673450435586,
      "max": 1.2296471142192236,
      "mean": 0.6511519243617897
    },
    "stress_vm_elem": {
      "min": 1288.8384098268991,
      "max": 6982.494947911429,
      "mean": 3497.890195113732
    },
    "stress_p1_elem": {
      "min": -7071.203005611375,
      "max": -405.4481509297456,
      "mean": -3186.3698711359098
    },
    "shear_interface_elem": {
      "min": 1.165116132894929,
      "max": 5121.550311491543,
      "mean": 985.230137560475
    },
    "strain_el_elem": {
      "min": 0.00047683682050092205,
      "max": 0.006799713943222399,
      "mean": 0.002667847369738348
    },
    "strain_pl_elem": {
      "min": 0.012368730159830149,
      "max": 0.08637337071192017,
      "mean": 0.03801290210798957
    },
    "strain_cr_elem": {
      "min": 0.014797595480224288,
      "max": 0.08247935890959282,
      "mean": 0.03825075687914628
    },
    "strain_th_elem": {
      "min": 0.00033172758747543254,
      "max": 0.00033172758747543254,
      "mean": 0.00033172758747543254
    },
    "damage_elem": {
      "min": 0.0043565740905383565,
      "max": 0.14772290754534145,
      "mean": 0.0326908116045013
    },
    "delamination_elem": {
      "min": 0.0,
      "max": 0.0,
      "mean": 0.0
    },
    "crack_init_elem": {
      "min": 0.0,
      "max": 0.0,
      "mean": 0.0
    }
  },
  "t100": {
    "temperature_node": {
      "min": 24.333859383930402,
      "max": 45.765742136740414,
      "mean": 35.04980076033541
    },
    "voltage_node": {
      "min": 0.07414008685736859,
      "max": 1.2887786687231924,
      "mean": 0.6814593777902805
    },
    "stress_vm_elem": {
      "min": 1827.0966081839015,
      "max": 9530.774511273139,
      "mean": 4807.475256992652
    },
    "stress_p1_elem": {
      "min": -9651.856803717057,
      "max": -577.4629617357562,
      "mean": -4376.3247349634075
    },
    "shear_interface_elem": {
      "min": 1.6628101210275934,
      "max": 6990.67332394807,
      "mean": 1345.6879641619082
    },
    "strain_el_elem": {
      "min": 0.00036429530549740634,
      "max": 0.006687172428218883,
      "mean": 0.0025553058547348323
    },
    "strain_pl_elem": {
      "min": 0.017335960227590187,
      "max": 0.11457463897185148,
      "mean": 0.05103121743209596
    },
    "strain_cr_elem": {
      "min": 0.019877367062987844,
      "max": 0.11079316868452765,
      "mean": 0.0513816137182562
    },
    "strain_th_elem": {
      "min": 0.00010664455746840113,
      "max": 0.00010664455746840113,
      "mean": 0.00010664455746840114
    },
    "damage_elem": {
      "min": 0.005275841054511399,
      "max": 0.23011801429479672,
      "mean": 0.05055296728594604
    },
    "delamination_elem": {
      "min": 0.0,
      "max": 0.0,
      "mean": 0.0
    },
    "crack_init_elem": {
      "min": 0.0,
      "max": 0.0,
      "mean": 0.0
    }
  }
}