{
  "job_name": "sofc_hr1",
  "heating_rate": "HR1",
  "temperature": {
    "mean": 479.04543774726267,
    "max": 913.9673294545537,
    "min": 11.404617866389025,
    "std": 195.23959086499568
  },
  "stress": {
    "mean": 65057512.051889084,
    "max": 165362008.0237928,
    "min": 50009856.615639955,
    "std": 14726134.71748727
  },
  "damage": {
    "mean": 0.017055131531522646,
    "max": 0.07831533877314795,
    "damaged_nodes": 0
  },
  "delamination": {
    "mean": 0.004383365999828643,
    "max": 0.028588368229557626,
    "critical_nodes": 0
  }
}