Sample_ID,Excavation_Depth_m,Excavation_Width_m,Wall_Thickness_m,Prop_Spacing_m,Horizontal_Displacement_mm,Max_Bending_Moment_kNm,Basal_Heave_mm,Ground_Settlement_mm,Clay_Undrained_Strength_kPa,Youngs_Modulus_MPa,Poissons_Ratio,Safety_Factor,Failure_Risk
1,14.750401518689017,37.58432076001632,1.3104290616779408,4.122816983863853,44.50761773685614,282.83125204881156,18.598445614245882,55.96150057650762,147.7828135824493,28.943455266339285,0.2213694722130663,2.7748703614212475,Low
2,15.16514632615239,37.16988005297098,0.6762901584768368,4.0016893458660885,87.69330133700304,1577.0424186877924,10.896630512326272,68.49367482413092,55.79983427713843,72.67979881338019,0.2960958381980184,2.9260581453426484,Low
3,19.424182761709275,20.091158383073456,1.3064454294406316,2.2276298776156134,63.126508258000236,732.7043683548992,69.08751249510442,96.37751822072285,77.51244427636647,37.880160998301655,0.3159435068526063,1.5969421945184687,Low
4,8.804365047047948,33.46926109559007,0.8142775351221505,2.8817624354228695,145.38831955795212,487.5153140001404,65.21680207021875,93.08436696831946,184.02950027271947,88.57056771600084,0.29571642818059246,2.232273255607013,Medium
5,9.416075746761738,41.836525696806255,1.1719029189917438,7.502469193192873,8.412025389550632,738.0460308283251,10.67846073699737,57.01269748289145,190.8338221047529,40.32224529323144,0.2882082148770223,2.2568677593802473,Medium
6,12.134034649946367,29.003159202009755,0.9120722742529723,7.989664573239478,88.71452383485159,1308.3950850175675,-6.79552961351421,73.41500564563546,167.0659459866766,65.77262698638673,0.23441179868519096,1.68799815775551,Low
7,28.89675108171299,41.731923067949396,1.0463551489571716,6.683123455217639,128.74641607605722,1116.2348934151532,62.40793361688115,95.08722046254279,188.1872222491542,35.73348036885895,0.2967705561228887,1.4969403638881513,Medium
8,23.352714530772566,24.395303910182193,0.7744278130336597,3.7208757486409207,72.11113686145839,1499.9993427163906,45.39576997385388,8.347194454140483,95.92229763778622,92.54993906279604,0.2502284321864318,2.8542372361011896,High
9,21.54233254228758,47.550405086550356,1.221848121368989,4.414670830661555,0.44440808405952215,711.1945895394638,-0.920617475188628,0.5634759861429139,87.15664576685705,80.28963829253551,0.33793382942199274,2.537959408487886,Low
10,25.423942184856557,31.357137619964043,0.81022726028839,6.4370207294364965,36.42022497394128,931.4557182561365,42.86223855970056,2.979976372958326,107.64502813407799,31.89725887101428,0.2980580139139971,1.051822045143997,Low
11,8.189411722917324,33.837918031704575,0.8489539759029863,7.811081341299189,48.56534635019492,248.83831947770082,30.696441682552482,56.33493623729638,58.301299782567924,95.39170413027936,0.2417269515062454,1.0637449574867515,Medium
12,26.483320493093792,11.254462752183535,0.9212144018771486,4.732827024376205,144.89917418361938,192.46435976392382,59.70952947263224,76.28334253025342,171.48074285619916,42.14418306186054,0.2709390364045895,2.8295940914762188,Medium
13,19.870817847187602,16.81076548514377,1.29818894206318,6.977134491730248,136.7659922758049,951.3977235459959,8.817635794285703,36.70749507450346,197.6263227672616,68.66784529004687,0.32698719138275667,0.9791014830592338,Medium
14,13.383225186473386,35.31735521884179,1.0912547143217577,7.850413535592302,142.37557576614455,638.1133845195509,30.784106987452382,54.523917472761866,173.6043938654915,76.85679080029567,0.2503195926773971,2.3145269617349653,Medium
15,25.396381393642258,26.79481487129085,0.7189924638788997,7.240839026336026,123.86376864254525,1244.961115665455,4.061970282672508,51.63663185485369,133.24630022788222,12.061194531842109,0.2788160855228572,1.2988681432777058,Low
16,25.064113358715602,30.326551618326988,1.1043835607778514,3.362898480627962,52.747160117085656,133.85422261691525,76.1774505029762,9.477089159201956,94.29229557244247,96.30706115415217,0.3019504959877284,0.8774077540315611,High
17,26.142714542918178,12.518856349348017,1.0709118876102928,2.0481911832537376,135.88146331443008,287.4444363191526,60.086434123264766,32.15882642240489,79.65468328153709,40.99971754786284,0.31317940082401124,0.9312026013761985,Low
18,7.887947502674554,43.36540953641537,1.4172231310556451,4.952490232330491,147.25267589055733,1737.1220816574705,56.30501838512569,1.9435155182301989,104.609430769499,27.080100408810182,0.22608382625971174,1.6217486280950366,Low
19,29.2340311248944,41.38022409184869,1.30969972323042,5.188164990171601,52.51069684124294,1154.3076619622539,52.118599851872176,11.070568880651088,150.04542943223095,86.56370125556482,0.28477284570159334,0.9706945937166024,Low
20,28.990653844743278,17.414159028873982,1.0769363085014978,3.2075021873070177,39.08339489796734,1438.506340697893,28.100279821974354,81.18582229097778,117.05923333112354,73.2609354541073,0.3368299850744302,2.1126062398535987,Low
21,13.936741137543539,35.373174290295175,0.7098085328208523,3.708046351680906,82.03744391733319,1691.8456314792265,73.09541741328303,82.9413497248319,190.10897301267292,17.80689453610173,0.3452539672264541,2.2239599250229665,Medium
22,6.647350455297991,42.732608466170866,1.2354917386335234,6.590918965091282,28.072828889839503,954.4769687526018,-3.4374689265695144,80.19463200450697,178.13305144485986,20.53401232390926,0.2984217563839037,1.6216308583627077,Medium
23,9.176391736719642,35.634165456624,0.9902499516753611,4.822083552278802,4.893633210957033,1534.0677487365783,62.29331645110567,72.68186409522366,65.36009239443484,74.36726835882841,0.34754912062399784,2.434331766580372,Critical
24,29.820770636117427,22.415923811833792,1.482323985721082,3.90412450160154,141.87467566738044,1072.9418791933724,9.37094588951594,79.33128463999017,69.7287835828565,16.730493036317558,0.28561028734642113,1.8780935443730702,Low
25,19.075323579291577,36.244446019126684,0.5970073542837648,5.735756164171517,138.86109486621288,484.36010203372257,19.16251600704632,67.09823412695184,151.4358777950166,92.54578916116586,0.26639075446714,1.7465027074845807,Critical
26,13.9155449706513,18.41846990732849,0.39558700911706435,5.916558535856752,24.398078064318156,708.4295291618321,36.74867560705775,66.98333388162887,84.61525849705315,76.738612325287,0.2827381188422369,1.6953737953382753,Medium
27,12.20506734625097,22.730199891176834,0.3838701742655372,6.616374661044813,61.161037039457916,1006.1833600585386,60.43895099500216,66.7361797491808,168.65448155176267,40.19429853702899,0.21735685913952832,1.7484342721601824,Low
28,11.42479338277369,19.602786124287146,1.0680364660220163,2.9402557745775146,124.65544699090283,667.926826735928,65.4681416888363,51.40427896782042,138.70372134895297,42.66449013028044,0.2602573879528082,2.9293528298557208,High
29,21.60381912636205,32.27700409560826,1.4271122746938285,6.4491035139619415,99.15004482312794,704.2789981323018,42.53590251441124,36.334723346484445,84.47457916000249,55.584648658369126,0.2687607579545793,2.299095532084563,Medium
30,15.484695787992148,14.329065870621944,0.30231829714980624,5.5965703526625115,59.21812637560709,707.9160209350945,26.27319400412167,73.01952661615549,121.80301962208867,42.48724722836862,0.32729416980814674,1.4934616637544202,Low
31,29.13526748421529,47.332415213933544,1.1709252563493329,2.3454311918167825,111.62564957742285,289.53795877135315,75.1852179262889,29.864601358674157,110.91144385505501,80.51216962944842,0.31379728891136704,2.414491714452244,High
32,22.096075766134035,23.340494146514672,1.0884782190395346,6.6646737695204665,134.55710823152864,215.05308406389017,12.186916625543148,54.290213147761925,180.9739038784107,97.72632496914541,0.2902139877837201,1.5265882543104152,Medium
33,24.80111477622403,18.75880508423205,1.178765030663359,4.298481687999111,138.9237495788802,140.66727739804344,62.278511829257184,43.335562021788135,54.82437124655754,62.60693638943738,0.2520915852314405,1.0765727971262877,Medium
34,12.318538714578999,29.86199254407325,0.7264864881148027,3.9822856059778253,56.82744178832835,266.3647090169567,45.08446593033379,27.662227709370114,184.37658357001848,50.1433594900776,0.22805518785389856,1.8457927864024282,High
35,6.979660227715646,21.079912738188643,1.284595733589426,4.688450909489806,26.034102010922833,720.2288296644551,23.92055151966924,97.46899204524632,147.81240243196152,30.049672624139546,0.25216475313719416,2.4522524901045113,Low
36,17.19557093454703,31.39616345530577,0.35364831770263433,4.077050463836774,136.92582872909628,1208.0500212769614,-9.876881407281688,25.875164520181947,160.63072813225682,68.809007732302,0.30197061064386976,1.6308518039521067,Medium
37,12.864538663655683,23.940365991283418,1.206517320746433,4.029713553259454,13.88331687915424,416.8865080583475,30.193937121376415,30.929306372303,50.39111950889506,71.70191756338573,0.23945566986275496,2.7121831125041544,Medium
38,10.052079125198091,15.282672430761632,0.6204863296189053,6.848466006203753,108.25325868422455,1781.617249705144,14.904799778806932,16.158750175806823,144.23591510558487,71.66715463129273,0.2640330043563749,1.6512959489930719,Low
39,28.816053270021534,20.63580968109048,0.8722053298296859,2.747031526194154,21.074597229120247,1626.3457409169264,-0.608804800699545,82.29806253142905,138.2729245566539,12.42865322816431,0.2580155352322523,1.56964585611481,Low
40,16.099705358550757,27.53759379846101,1.2871635258686647,7.823600407144752,58.40802820015383,1065.0278699778692,-3.2357291195723636,58.65894005544894,130.58083345794498,90.92098905944239,0.314838509568659,2.996136610499187,Medium
41,9.367714801219641,11.211729059185025,0.6256308422293644,5.32958986624606,61.7333619817541,1462.2091700860517,21.280249458044178,61.303925647238565,167.88002850588276,40.429590708625895,0.33256805933902167,1.861438450578144,Low
42,9.966266317028477,40.82570108059048,0.5222490139726722,3.0975439905278774,23.813687266812504,764.3406231625789,45.32816498665837,82.05614117990979,133.38066445947578,76.97491862334482,0.3049056435216465,2.571486661369714,Medium
43,12.01774356161485,34.87298258361663,1.117575822417461,2.787292897590119,138.40221510099178,121.7166958295253,65.37673838282963,34.29196586298794,178.56457843397862,78.38262163902878,0.25124033913995514,2.5709737233318295,High
44,29.98290670474282,34.05438429113417,0.9400738698081654,5.5490571928098955,0.4002252013929397,1813.4490526884526,6.52069204525942,19.363342538021378,84.89472296144575,68.54994809310156,0.2649765573463831,2.8380125416181947,Low
45,11.700287512989933,31.84199727531064,0.9172846424954213,5.797996663081568,134.07128148249458,299.19730210275293,28.217957417814468,19.840536399390395,170.89738834575496,45.53798708298629,0.2215025231080582,0.9867691197906681,Low
46,13.22004511446134,33.61252689300274,0.6081234186454958,2.3181546261788646,132.57439852132282,1898.4778254403202,25.2760526127937,73.26198214622593,76.89691592372085,64.7545795134873,0.22521461716499147,1.3966846081390532,Low
47,21.483203199600034,47.38607810828882,0.34185636698403316,3.458011484772715,47.54454805470024,1165.1710471189147,36.205460828766405,61.41151544624475,171.96766879534698,13.61788221320889,0.22464388512897726,2.4890458014021553,Medium
48,12.349034410257456,10.342768432429628,0.7923229659980602,6.772771527328803,105.64264048189132,645.8479689917884,62.86285437285976,20.633887858208887,191.06952782428516,78.57062129691157,0.21958795363419653,2.037723283276843,High
49,10.395106276492335,11.911988386309972,0.42787137656132157,2.297747766461153,37.921336694747325,1016.2730154580971,39.828069619931135,14.506539464042357,100.3541213465576,18.962978349550504,0.22693718427636952,2.031152873179975,Medium
50,8.965929666239967,17.659736397232095,1.3871869807790427,7.130531983436216,113.81603433809076,1028.1781274000336,66.19894221520647,12.068730516197279,129.48294709702833,45.70758332196415,0.23040323038675364,1.1656736641145298,Low
51,12.817066625694805,16.692055199726003,0.3495003881660766,5.948974859158001,84.1679612681615,95.40980491303472,36.669658046208,62.779864770303774,148.74935343847216,19.325690889846992,0.21677689156964494,1.4185366310506455,Medium
52,7.647892240719338,17.247778378767308,0.8179810250212576,4.606539556179229,45.03381813714875,743.1467111740703,44.34626286631443,0.011864491085000761,61.92074987817419,85.3367001237185,0.296039108282634,1.946934988576816,Medium
53,5.466164660369572,36.87775543394601,0.36269470044099344,4.078597093825495,60.03521304564819,1492.738309108689,29.364491824369082,1.8319342603543731,124.11210773061804,59.52721540923633,0.34856023018732996,1.4097990022841667,Low
54,25.116042433366932,28.379332042006613,0.41465264947771957,2.1154937830933638,103.48330983576052,1044.6349184538806,64.07860222660703,38.955313562609525,104.087746488237,72.18596081523452,0.33187801169783837,1.2626221439371732,Medium
55,8.447373560364415,49.67115513338773,1.0906400003064263,6.951289674511059,135.91461744656746,526.2487281686892,73.14444857281873,69.13498642761624,180.8683446876962,71.43239528583517,0.20684040857391295,0.9930633226939916,Low
56,24.399421245381056,19.075436592117793,1.0765335131689133,2.856331123811229,19.608977485091195,703.4642270720408,47.52302643108311,69.5039376497404,181.50192780624891,85.7445608492654,0.2634588213795087,1.1425972262313602,Medium
57,24.938561974666495,22.433204041099785,0.33966263385532774,3.8572519511725285,85.70459545037357,1732.9560665761007,63.87042042556135,43.01182736076906,155.11693093208552,21.93124630106212,0.32889658688491585,2.4915090774823407,Low
58,18.447988158231077,49.369628672065964,0.3013577701450442,5.414641882176823,38.05937991856762,1074.8218567929478,-4.689699940080974,69.10736066045696,148.35867118887472,69.37553263643957,0.22020122269879946,2.3813141972863745,Low
59,12.742048957823785,43.27032563208988,0.3945816926913408,3.4759556004275254,120.20583748131888,1080.2866389749101,71.55005763019918,52.10961795801254,160.05326889137854,61.762064896329164,0.3271467719978064,0.9008341055671656,High
60,8.625818343747211,28.79196882714131,1.2155986772543306,4.982842782513208,10.53559588042216,1924.8615451494695,7.003256015521213,97.69314167973153,104.89803515042107,12.780741031418383,0.2889050956756849,1.2472249877570443,Medium
61,23.42012766802498,32.18387542183959,1.0014917673018084,6.856056972432214,103.34336852567547,675.7187281214545,13.086838459322713,16.246021383683306,110.67788701259381,28.12806179405223,0.3396947828894168,2.033001762811976,Low
62,20.034674649544648,43.727116826113615,0.3457418942261899,4.823227608741649,26.24190205365447,985.1051939571453,-5.200293861392838,60.066726770560564,133.0557084333058,34.08143872403987,0.33140586713966375,1.509781257320901,High
63,21.3863364123391,29.23920984185312,0.8857164190473927,7.693864064717576,89.45781276048439,1632.8415155556263,76.8860105276653,49.12387759510036,190.7042191046701,16.530073788624954,0.3015551483088076,2.6111491258949675,Medium
64,5.216727246128276,18.24094894328337,1.1544352284653416,7.08500372225805,125.35388807890381,1529.8788853297078,66.68097645395387,19.446634465769442,158.5999811179344,41.92478253089213,0.2986733989809043,2.5269764768567233,Low
65,28.187925392695615,43.13778154217542,1.3427416735209676,3.998235412180365,113.26209931825194,568.3088727609115,72.18661436819754,74.99904321417034,132.64838667443348,12.448225784392813,0.23197463035878624,2.761477227507841,Medium
66,6.657254686163756,31.51089965102574,1.4208437887908125,4.399772747503627,112.94143315254559,344.62754283050236,66.24945509840134,27.550801993199524,165.56195223450717,59.78651430319566,0.21751294507370128,2.038448709311255,High
67,14.170147128500142,16.12170388655285,0.69292867554488,4.539960362135163,77.67679682803578,1416.3739235653682,33.157749744915996,38.17098190935416,105.63354683576375,29.035086452180856,0.26230901449531974,1.574568255580017,Medium
68,15.067791241292506,30.223433247375905,0.46299891409591887,5.757076717547088,133.6118387774582,552.4295447740299,73.16737406816871,37.483056958753004,159.5700051716556,35.830279495827874,0.22798700592396873,2.133342331606819,Low
69,5.033888112448722,26.52813522387435,0.584311104877737,3.7207743751312385,88.2157797362997,1849.2178656222702,77.25255383844694,24.42044731879488,111.60143724240504,91.94244635541557,0.21536250765166384,0.9961006954400072,Medium
70,17.427232733769927,45.07370127527032,1.2314057904482685,7.815494832935052,137.62769528243558,302.03300327899086,35.23102791104578,43.070533169840516,91.94921105224792,55.25351642111729,0.24534900999093404,0.8210892390312288,Medium
71,23.820224862775248,15.042217254428136,1.4657810580507729,5.652105323621005,81.97836867486264,670.7146402628142,5.8062303195954375,47.334588092761834,141.45860712834389,34.21125381199742,0.32907349141949727,0.8376057442647818,High
72,25.581716327869305,45.008392177921024,0.8596723408324567,4.396409952446801,75.89483445300044,156.83513150358186,49.2760258066785,74.42216728093075,153.03163394752767,63.86155824232596,0.2025722231027542,1.6965944634552756,Low
73,26.98492483264711,30.488440672411386,0.6664238562573477,5.8700588929494035,33.35295288154717,1421.4453483835873,77.78944608682136,76.50685743770372,118.89403417693464,28.150429138074607,0.24389565225832635,1.3017707070267392,Medium
74,17.192971707884237,26.174577199245906,0.8150286983520414,4.372430063178246,81.71799810453075,1787.9621653850268,68.49321738729874,15.855596829166208,134.8251097033252,16.69561171877664,0.26360782778217384,1.146142952760105,Low
75,20.76590476324126,16.478687376117612,0.665775773574159,6.906774085876513,21.087724687334546,1289.9553282954637,67.56336585313167,59.27722993275321,154.1099112283935,11.88157189602418,0.276585462442293,2.1537172343599753,Medium
76,6.987992832412469,38.03271850554717,0.6077850278485851,5.407045763310328,130.4535301889318,1878.6183802473931,74.04362151265538,89.61977982793955,165.15650773362643,95.63761408386307,0.2272366262574484,2.9892090937489986,Critical
77,17.200955607043745,47.07226836440162,1.0125009028886154,2.251823020436402,101.38378330624401,300.5827580773588,70.45570344972924,10.878660888456082,184.33572186246144,75.21497417288046,0.34463302997570466,1.19105704795418,Low
78,8.870393871793382,25.015094155972793,0.31888317644825326,3.0605412045407645,149.0453172739413,221.08115816226288,59.86534976164636,47.291404453413854,103.18163093964922,81.99533334631441,0.2868309565358284,2.0021271332706654,Low
79,14.241077940563036,19.663400026833337,0.6114626983979858,7.189963838177208,13.814614168578466,1684.9048257763732,54.64455489456445,75.03531224083427,192.72158792788903,98.28259553609487,0.2783165820585566,1.0634005307997665,Medium
80,13.232632821614983,32.19467667996628,1.0936584934139868,5.3773989581407395,36.10091247679303,1718.24679200369,13.829045637027889,61.14913343823433,145.59197151846314,93.84658330720956,0.20132338833955118,2.8553201703587057,Medium
81,15.588514431037705,41.84743793735481,0.338475235568166,7.7020608590834305,131.57379063992087,1670.5270778589,45.92060192856043,10.058565659662388,168.15528240484218,76.32218787737644,0.272857306909401,1.4418613708552872,Low
82,19.290915449353314,10.150707782021321,0.39984217981072195,2.4345338771641085,59.28811496533765,1607.981559940804,36.93397595353005,39.660612535097236,154.96535652221576,72.45883628373875,0.3256505944182776,2.7323476040954326,Medium
83,27.571916176574895,35.255097455817165,0.6520753737429417,3.7715637805158435,69.94544849728463,756.3453096803873,67.5749682422892,50.723949821686396,80.835758802261,40.3164997241839,0.2329466814576864,1.4227681663508291,High
84,14.862115783687633,33.86064002794524,1.3533657583307819,3.1612602394374356,129.09778310814252,474.0510630032061,34.254131614106484,99.58456017162729,60.71575745132425,19.36155266155919,0.25268113525796193,2.573315456410783,Medium
85,29.528279892788767,22.726087432166402,1.2178633921983555,5.323041753372417,78.27348374249284,1861.1678389956905,1.4968487188420188,17.860790932365276,158.94296960271805,61.63502935308184,0.20308571970315434,1.2606389335807,Medium
86,23.97570120128007,28.056920144198813,0.3265879552994922,4.296756986479457,29.021377412155218,648.6503565542513,-9.552476320988575,98.24237671601125,126.65790016918648,61.862796557973304,0.3465391271350693,1.4441367463375778,Low
87,17.78702616970958,19.878528966472835,0.9020553800261901,2.943641204458359,133.80451731146715,826.8949802198629,51.00858084217987,37.61497842294439,155.3320052612487,95.70135568741696,0.20999776956920613,1.2234458038879947,High
88,21.1006609277986,41.595429518073715,0.6296249927849,5.856511483757282,4.6592484634550235,1414.1399709306847,39.49175484144453,20.032048607382137,121.52642058731897,49.83137259955384,0.3347331685864354,1.3813717312692426,Low
89,7.555604278298612,35.381397334644305,1.0783747908744754,5.2177901947831185,134.3094401465165,622.0443559882758,19.78666139226035,41.4109082123996,96.83517806247559,72.17268618754615,0.2469481571270682,2.636704661733294,Low
90,26.11303828284137,31.30846488155941,1.1658646591121533,3.648417507777806,7.578034000850203,1647.3039320439525,5.207493503410131,61.399512403481715,92.75268638893525,61.74735646570496,0.2881334602978818,2.2058714946027345,Low
91,19.558936376599146,25.70104793671309,1.335435092555139,4.8786281466942665,99.87740469001922,186.56751608197345,32.004379016351194,21.349739391099586,159.57981963049912,25.908420619094436,0.30189733099490046,1.692935271441893,Medium
92,29.651687005240046,21.655375440829285,0.8704994845248171,6.474429890247137,10.7519069513002,1592.8062014084223,-0.9742174768984917,29.143908330212774,91.5170122198662,63.2857876979425,0.22112437511466718,2.9373462595807442,High
93,20.910718593821226,42.909459441737255,1.4933401062547014,3.231630047303951,105.93194789475983,1223.6100791047181,20.24976402990288,85.45465017352898,157.20153063881313,58.610503842653806,0.2665639066670503,1.8226953596850624,Low
94,25.852789581658126,28.056306817342758,1.4759833287445312,3.7574344802103745,5.095698199942634,1167.3376060215062,24.1290715612071,99.90094616688678,107.59401894760677,54.451539451841995,0.24881991503699635,2.9334719367694735,High
95,24.994068569880994,30.05789679366691,1.3586000693652398,4.076665922564691,126.36865915661814,943.8352263203883,31.905682535416595,31.81726914984264,165.63476064782037,56.208064028362735,0.2084903698408198,1.2324912304038926,High
96,13.636528786706721,30.833149221629665,0.9898433941896849,6.48035862320619,69.89159263949772,590.2389127526736,31.995867620496213,14.885680394994028,71.42148886740044,24.758917476298343,0.3249790481589771,2.7902045396528887,Medium
97,11.49026563083029,27.93467741726306,0.7776077250045781,7.081535597305442,14.018086900331689,954.9370565909114,13.130507912684951,79.31708199940417,80.74699148065183,51.712995810760106,0.20677516347462166,0.8304088490144883,Medium
98,15.76233958578775,20.24353704953695,0.7372635721677419,4.258330978649665,106.02291675152159,927.5555984364403,66.51898834417888,60.04556872751452,152.88674085802452,64.5087944639437,0.29798869392258,1.9996670452046665,Low
99,16.68103361022093,14.81361760972208,0.31454970010529376,3.779725171003509,73.39352362556437,1188.3206681269864,21.9989155631071,10.040114337560112,134.0346680297394,54.050427881698546,0.24711160646297706,1.7307152674424326,Low
100,11.002117548416097,13.941490686709628,0.5990093966908399,7.336680550110064,28.642328831316433,599.069857418284,10.66285780032647,94.6771481436021,80.58175139323988,53.981757561353255,0.22881939908027998,1.9551932600383546,High
101,27.364946833774297,40.298500933627544,1.1625698819389974,7.996189593156073,2.3508560833088668,201.31138485349058,5.822889506953121,7.804952839989198,185.42405175902326,16.97659388136872,0.3000629077003318,2.017578630284938,Low
102,18.563696557516153,18.941112892060453,1.0243585198716798,6.022121837970794,62.69973895883057,332.9244209463196,19.032055505300203,62.535640163364114,91.39162211189694,27.16967368150477,0.2861806571789309,1.6558689789489642,Low
103,29.46110980383924,12.226912598159023,1.3997066270010403,7.939883689935085,12.844384609280334,1413.395991350067,-3.920240532021907,42.39372558935814,113.16070972904507,38.887542349795055,0.2472884386062245,2.99603526314941,Medium
104,25.250444451156582,41.90069626783544,0.36002672029986943,5.959797666811459,14.12545473708558,93.86004278930395,-7.038322931712551,55.66239182399359,80.34319128088069,47.74122945333159,0.2769441122388859,2.948315818661377,High
105,18.89262150979865,16.162466114425918,0.4863319238127967,6.400761632046949,40.09943225440153,1720.0639370585884,44.462797712258094,21.321419566014445,108.20414275122712,63.45436994727438,0.23693556518093142,2.9158398287501095,Medium
106,28.67600695360898,35.00584366933416,1.247092547222556,4.3319360092610815,94.56874458636365,1404.074788585831,45.723242244427105,68.81103992506516,123.74701251672113,87.70105940707546,0.32955446885040385,2.953987104228493,Low
107,17.621870377382677,23.545730857914528,0.7302091574344005,4.5978052819943205,79.48659128414238,1547.7687555500468,37.66293823744607,95.97196891333397,94.28705817693788,24.324826427978856,0.24707281704907424,2.544627277292677,Low
108,27.177662812966762,15.059210267652379,0.44201440046145346,2.864813983936371,10.348096238802091,1680.169675732276,58.60566757085519,45.84258740449157,165.3640509794725,11.357922718962545,0.23677295443272972,2.9748990538579303,Medium
109,13.953619529895137,26.579239170174397,1.495740606120107,6.936500088590739,145.26469138387046,289.28536566385327,-6.476451015062982,52.295827756822725,109.08994679693706,50.43134176983242,0.31277505665894767,2.7631924956053124,Low
110,14.466059585102352,10.592354445305006,1.2447003632032354,7.5863541853232,133.07530324418866,1653.7796273916292,74.23757973885209,23.981167056888133,159.42649999381507,48.88926076704653,0.20263887319908724,1.7150518014713265,Low
111,15.45326707427328,43.64179930050241,0.7904892441097471,5.7406288021646725,38.88382307177374,1034.05275343516,-1.4441389068645538,89.18679837510811,81.0608263085365,59.67110966456551,0.2402017598129113,2.526509638443497,Low
112,18.66564114858115,30.53991845367429,1.2880169723353683,4.061883850672391,18.35078639432119,1776.7714855687343,50.662069495423424,97.11744051399582,106.55532451897682,84.98995942343505,0.256309283097676,2.8065492592763768,Medium
113,18.8372567549706,15.566400436318473,1.116724644142984,2.9240979522461976,141.36042971354854,1778.8438720676697,2.005693004672837,78.62968850860543,51.20874333433028,82.21244958842301,0.33233569426870724,2.3677333618916037,Low
114,17.409973041927106,19.479212735559386,1.2479697114838,3.5909373782318896,69.17126668210499,97.1471853206319,69.19148899770131,54.277350215980405,163.79563758705677,19.003895598701007,0.3425662703822516,1.730121149244329,Low
115,12.650024339579186,27.919007685541068,1.2782476530787799,3.5324625251110597,46.675044715715366,796.5871701929009,35.96419582505281,95.67968245086307,143.88299664957262,94.05958300090063,0.3074716950370925,0.9447385324361356,Low
116,28.180161619770775,17.554775312621945,0.4016744199483815,5.681167304981439,73.55370527477811,1076.477651937283,-2.5935813083821566,15.38500553672768,172.67349873806842,19.937295520700022,0.27387976715144896,2.581333261533293,Low
117,19.714652433731356,20.743966460043435,1.0475674652257148,7.670224792181626,115.91162168196182,1372.8021750766588,45.505170143006616,47.849085989521846,118.341618215407,67.11134576808125,0.29609323235865326,2.8960343208782353,Low
118,15.193480404789874,31.375422569410528,0.3081426635721931,2.2896313217478887,25.257794745458174,608.0631810340612,-9.180105050601851,53.76057067264131,169.96109655692587,70.5165664236018,0.26210015775219997,1.597419172505838,Medium
119,21.279424018590454,43.30436052153542,0.35214749556140473,2.006133797566688,115.12437502639608,541.6774082960719,59.841996059622005,49.19164197523768,147.13738164064677,71.18897385007793,0.24482387477730017,1.1341933121756673,Medium
120,24.19916894524513,26.07358742759683,1.384776010867009,5.601091665885954,112.41701819007982,793.4681522236422,48.552648798151104,80.24182871787032,50.5419398801358,33.88160545078518,0.34260321022094425,1.5183084468352228,Low
121,29.01820220570608,38.67901094214193,0.9330764656281665,3.7043627724782917,80.90223072613196,1026.8304489122943,9.136227442715654,67.0402891016364,88.05414426327678,39.731058258849274,0.21730853435148859,2.081769187992142,Low
122,17.488729056689564,45.06736853842594,1.1830823830422297,7.283290054033742,129.87634331243726,1904.735151240556,23.727582455848435,12.665846591826169,124.0837028309372,59.38091876344572,0.25195903520751634,1.4972438072209195,Low
123,7.80246275876897,18.65203761184648,1.3062011885317752,3.9635018474349017,19.821506725479082,1536.1115100600032,-9.297397495999876,34.645130734306036,142.80310245679567,27.962874622008854,0.33486334399408896,2.1433612064319787,Low
124,16.01914503591353,42.287678816086405,1.4395041210775021,3.7384256031733356,89.32185099985097,887.1762755285253,52.43154334740845,33.90768483868863,59.83862969969557,11.82794210500161,0.3084712145881125,2.9270749109381873,Low
125,16.974264036336784,40.2960879332411,1.343223417507355,3.617063727309784,67.40145787527324,156.01404795835833,19.04013237587473,56.563219279292866,155.76198922756876,60.59300090577181,0.2043652176984465,2.2756158852769017,Low
126,27.42485195464185,24.2774919179254,0.8799737384367528,2.8691169636094647,63.34381692537475,378.61515468033076,41.443002376704726,29.145841765789694,131.53041464708897,51.87507148108065,0.20346495101363707,1.5978506058283677,Low
127,14.870019211573828,49.580798380034686,0.7031643688566138,5.489182845662663,37.884160690428814,939.0526274228632,76.10548651230165,11.72717695539106,128.86689602274285,69.10580856011158,0.2774768693936862,2.858656537237377,Critical
128,28.83310662217846,20.50289485743828,0.4853918834472458,3.00928161400526,55.84194852148621,1636.9605051924732,16.95200416528265,65.36826656571354,93.80683371468726,23.20305182502939,0.2726379584345032,2.0443975911425167,Low
129,17.128297692858368,20.192130641267823,0.7803857789847359,4.547786958741745,16.22261340354986,792.3562945708206,79.12140956785865,85.10369385350225,139.22346492358653,85.68324051308663,0.2664487307984477,1.0824192767716467,High
130,29.34451252447322,40.89036658612791,0.7397922949933962,4.765832313533894,37.73984546472378,1100.0684689528664,46.945554740680976,93.16080954659239,54.123933444766195,23.159933961447457,0.24535156427585134,1.8977582114262754,Low
131,5.204958028274055,27.38629272204337,0.971489810347048,2.122952281267847,40.794766166712385,1789.0195278659492,11.787979965695445,97.25784176594759,59.705049575598274,90.22092443920212,0.3479958079720458,2.23800017880211,Low
132,27.470384370158666,23.23179979124173,1.098611290508656,2.100843678926855,108.10018011902092,1831.9027058819263,29.310009471913197,78.1116846209014,160.08051308192623,50.45690553361327,0.24079809844750721,2.644159604796825,Medium
133,28.278011298583767,17.14651221356412,1.473990571734057,5.1212761325409755,7.282564081329474,470.7612430632443,56.64078101452307,13.970242829190216,98.28370138009458,59.48247334354253,0.2735060309660843,2.860248930756824,Low
134,29.02552339413033,40.61329723738176,1.1740634233208789,6.176208393374793,97.6788462226291,135.01009749555905,30.18301169147731,85.31118242367245,102.04506134367257,90.69232023675899,0.2607339645234599,1.4983154941760475,Low
135,5.326913354365371,41.45287224544308,1.0724982389315079,7.652854893682428,33.21148646897848,645.5505353944541,-3.834318939260285,39.996007338247395,81.25778048846777,36.99217436293603,0.22553741389426132,1.142127200973881,Critical
136,9.292520913757725,32.662560129205616,0.7021109211220111,3.0747157049417306,12.27922588744409,1406.8145139102712,5.174329524428812,72.99113137923636,116.84310381498982,26.364429661703635,0.23039282286879179,0.9624230128265414,Medium
137,21.344112577330904,48.29254452765491,0.3414046517979912,2.6195528566164956,45.120924162815115,1904.6687919037197,61.2167971205551,53.12680049608358,57.799014711695044,50.117645873750824,0.3377454113014659,2.4243801259582223,Low
138,5.636817293377678,22.72653081690617,0.6457501546256301,2.3125274415629056,33.67093041429042,200.21239996902213,48.35357681462552,82.86061336487836,95.05448353566706,31.993050567493608,0.32874195842839327,2.5493481559739504,Low
139,6.590224904412518,18.78476181917349,1.2221374805515413,4.6162494974777015,82.8048563759775,105.54343057107945,41.284292959892035,42.55057328396886,129.06858826665461,57.505952038628536,0.22985664587305285,1.700620879241967,High
140,10.526971842336048,37.09867075737847,0.5463263289645621,5.738884204015742,53.60646051719436,1774.0870653221575,5.085977367986118,6.179381074002077,119.84478823387056,34.773207799988484,0.331349393586427,1.671035895781984,High
141,17.810994218597106,40.33634563198819,1.1546258324089373,7.043320140507586,144.89906136124893,1508.8832747511253,65.39817008153054,55.68237108824709,199.95044646845506,87.80405820359113,0.23137791951212638,2.8993214696401903,Low
142,18.64756398167019,18.996238822072897,0.995735811083299,6.095869293758788,144.5324399086276,1984.8847293533718,76.46660986276251,17.12905546676732,108.31469781753651,64.65921330319534,0.29398194826215457,2.8166989151767208,Low
143,5.8565280698376085,13.064430570444529,0.5062282437005579,3.250164734449144,66.55729036803592,823.7461188580237,-6.320161225839741,96.55176323529227,108.04985888814633,10.021660276861205,0.21219207849810406,1.3131849842174952,High
144,9.259181269538278,42.42065946345488,0.6139497675501959,4.770622198377674,119.26311909903895,861.2992650167002,-2.977131641153022,52.696306582549155,125.53726661216905,82.49263612118423,0.3320554439388677,2.5177768250495762,Low
145,17.492641833366385,49.060078945840495,0.8955643241837719,7.462078077851932,1.990281129131255,386.0080827300267,69.62520529831083,55.35587938372605,78.54546654068447,39.719110305353134,0.20772504491982005,2.169940871712468,Low
146,19.84851552358513,35.786891442891374,0.8020496461294169,3.9604463748642273,82.1717377087204,275.90194756481003,63.399702862891544,90.72657128148177,181.44566344387368,38.81871857394614,0.2832414333876705,1.139290026063208,Medium
147,8.710042412155385,21.114676005755765,1.2342766170561115,4.992382190551589,111.49487584604685,1178.5001206509642,45.61410099601643,62.45852451511749,135.84016832966728,44.475653092102064,0.3169567287770577,1.5848963035904329,Low
148,14.971035298674266,49.86690434211168,1.1812855710518964,7.75139200786218,32.541483811100385,760.3557525249234,75.04686880875241,30.272937718970717,78.81614587991336,66.72362752756726,0.2175252104616022,1.1904404708764615,Medium
149,27.61003591292381,45.7306654506831,0.9894894041676205,6.408248033442186,9.175763274891564,206.61707349322788,48.17875201928029,29.609461691337113,169.01623870581983,49.785463935480074,0.26067204012502826,1.449343285408045,High
150,29.9724821761543,30.535225851211756,1.2867296537675101,6.4864423138501515,23.387840385968385,1779.6247855704737,9.4386748156553,50.15786499064562,55.14982567142799,66.57719919127322,0.20629252272350754,2.1536625867013734,Medium
151,29.68036137077853,43.01285139367335,0.9752034488211703,3.5140040264793657,66.27721307607855,436.7951130861995,55.57780913452102,86.66082289291589,197.3846300878141,23.21026494722131,0.30241288660099386,1.6255840362955674,Low
152,27.04186275717181,42.632820930518676,1.4572671079887123,4.488188709830769,75.95571311343929,1509.739476656889,48.113931027107355,79.47293407362785,179.77240021570572,97.31480180716773,0.2461174392442028,1.666930943638886,Low
153,14.866502198748645,47.39195878693998,0.5606689189812977,2.4940529785803305,57.13276831631527,600.3457624303167,78.71702318090264,96.27405860568447,136.94591833010298,75.66456583754776,0.2839092866957705,1.9872240437578177,Low
154,22.164357301869604,43.6369537509384,1.1569583923225832,5.639155202303202,65.996065056357,1635.164419967958,9.250616273731257,7.188612285220364,66.69434941355998,32.51863964605447,0.33990984056305423,0.9918931054517901,Low
155,15.414805694604967,35.747169438286576,0.7439329584653616,2.622380987254965,70.5352439413922,280.8738407839254,43.80964427263391,26.832606896433862,82.29091599345071,75.17529172672982,0.24587871619922635,2.425354037668713,Low
156,21.21317567060507,34.372148758260295,0.6347594333042326,7.015457493235729,115.41549924016444,1524.339639932435,60.21507700026103,8.0207707813726,91.91527554703447,61.752291063547545,0.20729412074529166,1.6837609735093482,Low
157,12.735811774237082,28.69429153326447,0.5164649711612554,6.887322722119981,15.786284711647857,241.33180410599925,20.50847804043537,75.10791939024362,86.15476068554165,19.82700967631632,0.30134416515480505,1.8568735940451044,Low
158,20.155056340258298,35.059425598830295,0.9630041715138526,5.201630606733858,115.3425700739094,921.4857863210394,24.17116247884139,14.083368915038363,124.62800156801686,26.03767841093135,0.3180261701771251,2.9434594034801895,Low
159,18.093962413821245,41.80866346121531,0.5585633192990536,2.846996199182178,103.29409534424973,1481.308483669229,69.91116544954886,9.988631799760672,191.68405554007217,13.717732772931832,0.3436802839816364,1.5576071543001588,Low
160,5.612006645329998,48.76150505210213,0.5404210217380871,2.1534738991710087,111.24912142144771,387.77584331445615,26.377539164799323,56.16722070995576,116.62588771517157,82.8314264507213,0.22367013155384988,2.2260816591426362,Medium
161,24.767572593652844,28.691494327284804,1.4886382861005816,6.780252005255434,110.17025788129843,607.0467282511098,46.2259566706053,41.14847121191585,149.2346852260108,59.65342773357115,0.2588209887674225,1.6635094980507836,Medium
162,5.2974458061288905,32.94612811955028,1.262096900214913,5.600842899280561,70.58877237026755,1736.2956345797854,70.0314323774143,71.51013387624671,153.28748089682347,38.50737837851907,0.3266210690038212,2.767421981104092,Low
163,12.328898556332543,27.79221980235127,1.1979321843052504,6.2655778204873,31.710027684135007,1775.9826757699097,8.88439247815052,48.701539170027296,180.7371087881724,21.371041182538,0.3210307089903319,2.662863787389087,Medium
164,5.148101636350059,36.73954483933616,1.2528727510593058,3.8228427544182058,80.4943356452706,137.62413228281616,78.36895667173452,42.533459594045276,55.07319313572789,53.56412883643413,0.2937193561000794,1.3315733978772455,Medium
165,14.405035332379954,35.19682016245038,1.4627074484624911,5.056896427063487,143.69730804136495,377.7766414383018,53.17581805732932,42.55004487469709,110.64950890213133,57.27352120461449,0.2404052817804041,2.3218405677439815,Low
166,6.579013204103482,10.713351607744933,0.987932026503844,6.483045023237903,88.27885220900455,279.0702835320751,34.65095247273003,87.18763803988546,167.7102671129149,73.17536508824548,0.24260529359761665,0.9433783909738555,Low
167,27.83777417078103,31.646462364026338,0.5642926528834327,4.775379849882797,1.6570717819166414,400.4015345700409,28.782850791589794,39.52256507224664,172.23005224481693,97.29434894023824,0.2186004491936214,2.9190078569657585,Medium
168,15.391982379071715,13.539475827960562,1.334651568903887,5.608305336612386,8.956635731458595,1941.8660623972314,75.89281539963541,33.339712776963346,189.09989227610168,49.14509773666372,0.33827805106788644,1.5677782376311467,Low
169,16.48739437161025,11.055344720221534,1.1912768753449081,6.738369570847774,148.92951504053286,1125.7277351413902,8.515234477669974,33.853507702272935,155.41915397270034,46.543078593493235,0.22593972719591682,2.630054099686488,Low
170,13.746255902271372,41.64788648338793,0.7971699748010077,3.291323871598273,10.791953885916056,962.8191613871073,18.05149311613652,19.66007968148903,86.77309191571152,43.293700413111026,0.2859329901769859,1.500549005370082,Critical
171,20.687653855044154,20.34599448637202,0.8682833982895757,2.395573336144894,6.906774006734784,1969.7113775306013,17.701347999313228,86.06888505739894,125.84986146265672,84.42315180701749,0.28765271254731695,2.1920956306331187,Low
172,24.610202915455094,23.62620309149197,0.7935028781746429,5.19094106486483,52.95364040379831,1136.064453228434,16.01057012610171,14.663081502758157,54.85179318783464,24.068549925931407,0.2554408161792903,2.9638997423655304,Medium
173,21.203668576224448,12.563383504162648,1.4159305922748049,2.3727546243205744,145.39758049040051,1339.1799583237728,32.168424069412026,90.86107377996053,147.03925116473704,40.94316132715805,0.2528777691508183,2.7288496988895865,Low
174,23.70517795987819,17.180010419774025,0.712237933797953,6.599343766200519,47.801273059929855,698.9025647959014,79.02613099410499,28.346772191100623,133.14428172631352,75.24737243878518,0.30028826278374193,1.1528050017907963,Low
175,27.649341587731513,40.62419273031169,1.456181134387407,6.315268685802732,61.482619631290596,795.1239857935612,69.99080900445956,89.94268221738469,150.02544211419396,11.412544180820184,0.25824466669228086,2.004474552928837,Low
176,26.588663291785718,29.741233209304838,1.3923261255047399,7.290276028791782,95.11155918128483,1209.0982984276925,19.515461148933753,79.08206568145772,189.52108300813933,36.04426512451252,0.23826730900070012,1.5667699206523185,Medium
177,21.851461318842397,45.22673850200594,1.056625370697808,5.837372588203763,3.6167758989596734,186.08227880090627,28.05831041571239,58.198752095035864,153.09149175806473,67.73024464792388,0.2598697553600046,1.755545473626242,Low
178,10.365949072610714,25.889685258673406,0.9957861277200895,2.4031854245142426,134.6645366278782,548.9716277873115,50.25326717473382,66.94700039185992,98.06748955621418,26.735688820072422,0.32114931164983185,1.537402884281291,Low
179,20.94257127604822,20.748029430170728,0.7441071360839651,3.5189127529377044,77.91645263316482,433.78291144759885,-8.456348737304731,32.58440908249277,79.81049958052351,37.2439512211844,0.3449717682696778,1.539110346030129,Critical
180,17.652077393512773,23.90399257834604,0.3220060668127798,6.847591067376316,70.02163590060869,80.992116623007,63.81382928170831,57.42286143276624,178.19543102279823,53.74405670349063,0.2953925345680767,1.9936171363085453,Low
181,22.930480775260502,38.51087174067618,0.4531478234853039,3.0027945038815265,129.10899933099455,1096.9574775148228,69.18182515807275,29.240290072669705,79.14982149106409,47.982120937271844,0.3173151838226159,1.222320820070936,Low
182,25.823291209822873,32.200226893379444,1.2050775880194584,6.1908828068893245,142.96148840370319,1144.0530370715642,67.14803008920806,40.22728138904617,74.24143708930458,19.542447095984095,0.2799237291968915,1.9822699355134026,Low
183,23.568037429660436,46.16764830209711,0.8658481519057983,6.681555985522868,63.51378474702521,798.6814849226549,23.754894819698258,76.46625552292447,80.99181210214637,94.44117900300694,0.29372347131401566,1.4137239618362623,Medium
184,26.164029249032133,34.08675077555533,0.4798057610255617,3.980670787131447,25.866161893984607,574.0185654563422,31.57995566277873,24.393256381021622,126.32612721957602,13.98634485238835,0.34821299851048393,1.435762389331959,Low
185,6.596659333525596,29.720728339260127,0.6167530249582451,3.933784840417451,122.35639050031094,1321.5167581895182,-8.885051028661975,83.88460158375378,68.62811647391852,77.47684807805362,0.26576282970528675,2.4252456638783704,Low
186,5.790500955936599,41.430108955469315,1.4374042798163997,5.346816087254881,60.48906318337308,312.5853646996909,25.945581323919576,37.588285366499655,190.71774958950533,16.428049398204173,0.20993820454313,0.8651059278318588,Low
187,11.462514192489849,47.90135402933781,0.7405594023723181,7.167717996528582,140.33183092676492,1061.2993116889015,31.43841401299413,53.21699608561809,194.93805608601343,52.056622272257144,0.3435510376729032,1.6380806778823755,Low
188,27.51665210271571,24.233836449798822,1.3892183342629842,3.3434372114808832,142.48484757464743,1547.7442723307088,71.62768637616308,94.19604875628733,196.07027799244983,25.787016248986994,0.31895925813553216,1.6965756363380193,Medium
189,25.591481274599346,19.995048406619105,0.665562998752292,7.647549176254416,17.224354758205422,370.381068707321,70.45889063815227,68.12556301868749,55.868720722957974,22.698801678603274,0.2597465551795357,1.8672423073799802,Medium
190,22.06818244488279,34.64869585176557,0.951864113240593,5.59471210892065,143.48309509992768,1518.8561002618464,76.94873576791186,64.56041128446273,191.92962897200476,21.330817888755256,0.3473592580434153,2.271824254404985,Low
191,22.518966685992897,29.95491284615524,0.32457250003463745,7.952758828113657,55.24054881676814,1533.549292849126,69.65944865814683,71.16077276050291,199.6122398926138,50.750797302580814,0.2518303625522939,1.6133109220215904,Low
192,23.166761731455313,49.56742299459134,0.9262501324482924,2.5376823439719356,96.93787764857858,166.85696404938705,-9.261936151511895,91.81113387605613,191.36436640182305,56.393641844856305,0.2558180294012043,1.2689016294742013,Low
193,28.565067512118674,28.494471365909334,1.0643304127327562,2.7593728190405544,5.212512260106905,86.62943587000458,47.73147670989977,24.851370922151084,150.64083586440591,22.00460441885559,0.2914597029784881,2.7467202492018794,Medium
194,25.80477880768894,12.973262054413834,0.5811661192046135,6.959850822280896,133.3326411125749,1949.1740416769799,-3.858608520726329,61.32412057993384,155.18452286127513,98.14561572396155,0.2411521079233035,2.958284978698666,Low
195,20.58475967567619,49.09476243110544,0.9947246114464283,7.188535373623095,96.23959940172973,427.09618602270865,14.533485774198684,40.03938543836523,68.33794098101714,33.19892981760008,0.3047857227696099,0.8440323249804522,Low
196,21.642885881428512,43.7434778237416,1.0766013264611827,4.672752130225604,96.53317004346287,1653.1714577452008,42.04768665235223,1.1855293210243922,181.1445615612444,51.29572056425049,0.22292754559257588,2.002227072201536,Critical
197,10.343506551528048,17.130005758318532,1.1242632940581079,6.2844270568540095,135.32642399662257,1145.6087734383323,53.0552436566785,12.53008964061092,58.945937694315724,29.46426018417172,0.21620379790372304,1.551745234040236,Low
198,21.432970628906812,46.18421012451477,1.2316839864265237,7.205343724673231,76.25207623610147,565.7207071971438,48.91688233253857,32.49918952635884,97.65958199264597,54.4530380904591,0.28023170113462337,1.4093770658518605,Critical
199,15.616975310461463,23.626672832869783,0.6736070915152998,2.2587667293129723,61.57749605438258,303.44235140668457,-5.58474693322211,56.49999711819157,198.67274677222804,78.04149242186638,0.28332405235916014,1.5385540599138583,Low
200,8.824046765143594,25.08447938137778,0.9813323477182538,5.443702537959552,129.91931284384742,1018.5206834765686,-0.6756517387403171,88.14747766962716,113.3491818654493,56.89918128650457,0.2159982604444536,2.2055310641376416,Low
201,25.160070481164357,46.25565929448637,1.4778948357175132,7.120883999158938,111.36307678070973,844.3418826774272,1.5728131638146046,79.11141182014396,69.6734335947888,35.70839836462497,0.3446264391696726,1.219575222505549,Low
202,17.75617749507864,31.204622601412613,1.3777730047981886,4.38892966750865,142.34634974473516,1412.8278659782823,-1.7727060907277998,55.33336724227704,195.39419930736202,32.35569478605443,0.28599299864106253,2.8082935656474906,Low
203,29.43562604223554,15.510517175940786,1.4431985137180399,3.8143016366745615,141.0182839965799,1813.128671618067,6.041098094239004,7.387041790746762,197.6209470562604,78.30409656043481,0.2226552488745389,1.8254519548668469,Low
204,12.041983861863123,24.762246373672163,0.7633636782342856,6.774240110569025,57.34892468403604,1620.2337695787048,51.96390121804034,28.590629039497863,78.05640278580715,20.641435815363693,0.24671637864984486,1.5162690329285224,Low
205,17.01675280762692,38.88389785071523,1.244313727075994,4.014719501017018,67.04794352121269,585.1814978993832,64.77535260432376,36.67086478922439,179.72057131102562,43.29698449652825,0.32003513208997436,2.484168929404718,Critical
206,16.199886366721703,16.967367522720668,1.0438775421124173,2.019045789107019,38.39774306861677,1763.9197759819963,26.793250106606926,62.17171852038425,108.56349892908376,23.633444498849684,0.2784847291798298,0.8359626635196239,Low
207,8.019488060814467,33.60924789625435,0.3992820996746893,7.757435525774394,99.09718337078515,1675.113062503978,52.35033557855092,6.492362297984111,107.20526967300717,33.21782463650337,0.22822225228198334,1.7500763046236811,Medium
208,15.652881970769487,37.81096531777668,1.2887764669884785,5.5527394181061105,54.681295513332984,1861.815655757448,8.001463513924385,53.019355450047335,89.40464478453525,23.7414909236457,0.21542734580927073,1.581667922202706,Medium
209,12.188836410523123,23.75414302170317,1.1125215316288375,6.9171075122604275,117.91509699115066,944.3886010240759,77.59521364700673,90.14645761447072,56.70654118323448,89.8095257688184,0.2646161618356227,1.5440618019774157,Medium
210,9.008011784173359,37.7552275483329,0.5387008314183201,6.951809374056287,18.23261410963658,1548.721586198327,21.49977705718565,70.54326956974029,90.20134755278353,75.87137791117287,0.2506122063029651,1.541556996599283,Medium
211,12.053889600903481,45.36829407317275,0.3956862689153536,2.3984625222363967,17.460427674861883,1203.7332277711573,66.12802155843515,79.70768065627564,58.066535799957805,60.48345214398352,0.29838760287229604,0.8687970310439883,Low
212,10.831292281659799,28.884669769329637,1.3044265567779967,3.0251611963187885,30.668307212909536,655.4803674714925,75.08297353664483,68.16756483590734,188.6558069539945,30.198270024597978,0.3387870480426748,1.1346560866194475,Low
213,23.35183827514695,25.316373127191426,0.39468219538944127,3.8667240845578843,12.643828265612022,1989.1404549583885,67.8242566587772,20.658911217259224,149.25810085890927,55.92041444792754,0.2371595428661238,1.1121473504873118,Low
214,5.769379456479003,20.046336054331427,0.40962463843972396,3.924195710247937,93.0047411517352,124.69956033733963,-3.963911361373996,11.048382006601864,182.99339750245872,56.87498858028151,0.3282850899924268,2.9749431106029487,Low
215,20.43656869783053,34.16821919453217,0.8128899454851783,5.952716706085477,22.102914902510797,366.43151649019563,48.52764415765305,82.9490673004909,157.59360222058558,63.13633530885156,0.33806929676678005,0.8487646629593459,Low
216,24.01653355059016,45.19408192154864,0.46175739410337246,5.738797524516109,23.994437620148133,1790.4576069371951,0.808163591439607,69.55044360155284,69.69303066239588,15.40766415004583,0.33530038992048516,1.1675620439743961,Low
217,17.01808641172433,22.98645068740776,1.3964035169312632,4.967538668058882,2.1342335593748984,168.09754465463536,-9.490329952678296,57.50615588163682,191.0872305102947,97.56117740770357,0.3428115994918153,2.943183919049133,High
218,28.28912450019796,25.849420981492138,0.864340723515884,3.2675823938526074,117.31350219354148,1779.3003013198675,-5.33949004512393,18.928286496824597,184.98395804491506,51.889507354029085,0.32631629331939127,2.1821645063820094,High
219,22.697017380913383,26.265020701999354,0.9829811767854857,4.29190081814182,121.84440831352215,1444.6818783134918,72.45342768023515,60.33449653117534,102.21141168515535,93.38785966891929,0.28902290080950055,1.791467665334809,Low
220,23.69809128278543,32.43249367110069,1.4137273073737049,5.261563810791017,24.303362454665955,121.5338105193575,71.76171628343543,3.132178522215978,66.73000105275148,10.882730324257873,0.2614769148065363,0.9732740527020138,Low
221,9.923337186021756,19.136358462697544,0.9363158707660182,4.8079121966236515,110.92866514008367,887.1740835656443,10.324194898763043,11.883913439395943,155.62321261833108,32.2802556071778,0.27375316790506565,2.273254555592329,Low
222,24.432389395976838,42.88844621230817,0.7243093751487822,2.76375519857047,65.03176847360395,1521.2193762543623,39.23550933187636,31.189014980442455,159.25419541050837,19.359601328200206,0.33089182623163776,1.1031665728987894,Low
223,25.80236840207787,21.82409110016885,1.2565861269789982,5.897062961011542,35.9392324448087,1187.0455550300594,75.95254360393335,44.373827741116436,184.52435672610608,79.26545596192945,0.24520975661257738,2.2766094687501996,Low
224,14.03165971014974,38.21450763586728,0.8314202369702528,2.438310660863963,93.20769121107433,1874.949019330693,34.70355167270863,12.056449582200035,57.89836391766199,38.81125446352401,0.22388925415116417,2.9541882938401285,High
225,10.33407670082428,30.52862967118208,0.6821633107227665,4.269168098486482,26.77261115206272,1741.9058641783997,25.422003813118216,11.99401838575358,71.25557570410578,85.64432575741722,0.22112288272006927,1.9703398489572963,Low
226,14.626266980090417,33.435904134110274,1.1678753503266415,6.260176086051374,113.53254114795531,698.6628889015847,33.49238246401621,72.58936605836355,139.73731893187733,84.91468291442713,0.32404919148575007,1.2709862399058538,Low
227,23.49019922500343,17.184349553092115,1.2619268119356517,2.1201412071182393,7.142284135582755,215.02303126417618,61.11941853967498,56.97194065334856,142.86973263051237,70.10153135259128,0.31422285294951463,2.1756242519351163,Low
228,15.440975146717568,39.40092792712682,1.2500594011011257,5.419896914271897,143.86963993918715,1891.30122730902,32.95498692799118,53.3741980777665,55.041449347250946,69.92036231895794,0.2746468011569512,1.9284453131408226,Critical
229,23.416296880619697,17.544820761705246,1.473209296954449,4.007125844859784,10.78128805629367,1058.709197147457,60.49499131541326,45.243449511754996,109.53980765924877,73.01437228658216,0.24123071421382297,1.9729085799434214,High
230,7.839113524438441,14.538945505097566,1.2440003386499552,2.0529910605364066,86.91726288730347,195.0753675252996,28.852770107683966,97.6543106344564,137.62425969140736,70.6387451166797,0.30164197633139167,1.8518352814639931,Medium
231,25.15029276221211,31.867179995551478,1.2239201231384234,3.142299626365831,135.32914351835677,1642.322446050595,12.680510409024457,4.980028289437676,160.6866999727601,44.821752191591415,0.20576496461487048,2.282229263335823,Low
232,11.330187041058934,38.37188547670661,1.3289823044834643,7.645677159623927,1.785670327177552,1743.5876178365127,19.382545683675858,18.06271761615774,97.42260376674929,71.45448801116913,0.2852341723499992,2.0582797972954046,Low
233,11.223224692864843,12.00143345739027,0.3002222343545314,5.126893433030542,74.77716914835855,1296.8780483443134,-2.995888182655065,64.75077574012373,122.58552395327621,90.76662722731227,0.25976377531091954,2.971389170399621,Low
234,19.75952413009652,12.775812597621684,0.7349176934253248,7.98336322777479,52.50104464660198,922.6424830883628,34.76430299683487,13.636565385124133,172.1082308468014,39.931614268896126,0.34667894507179525,2.6168995262931016,Low
235,6.752951143674741,42.10716650823676,1.1851237152413066,5.148900502188447,87.04982853868636,1341.2373740309667,3.3299832400120692,58.93809380091738,193.08425958466108,95.04001235934582,0.2761340373665789,1.3823364309642145,Medium
236,5.657443167116714,42.36130798029328,1.0196628133323329,5.26361847374161,33.8186080106488,1428.033206624991,63.03923057012595,56.776122548108,84.54720130847683,11.222342910889276,0.28284016286754016,2.396664348190942,Low
237,11.52571663233623,19.81218868236325,0.5130864031579412,4.351058077597115,9.734882584758713,1791.4084182676374,27.853151674120475,97.1005183639642,87.95633087298444,41.417428443871344,0.30685439951642285,1.271460768646416,Low
238,18.451688768370566,34.609128112008136,0.6644797069062545,3.860242512388486,93.88995552730604,1913.9302767307393,58.85020915925507,88.33864870490224,190.9727281150813,21.88885615558662,0.272680772168847,2.5211620977790608,Medium
239,27.69040965563068,27.72720300578638,0.7041511332985282,3.5092733187976686,62.52738592401037,1052.9258181622772,75.90143847847702,94.55533437674526,109.38667261440253,21.395784614052133,0.2336852928915127,1.124626807950153,Low
240,26.16087940768267,35.30784165614052,0.9813937334067793,4.060523696784044,93.37283080593446,1607.064340376797,66.45301547419123,11.360236947397961,157.7522486781114,83.38865446104114,0.28059167698226717,1.841818433803924,Medium
241,17.261161498024386,44.515171363969,1.2979179557292917,4.759106485402593,31.580872025676438,1930.7936341837271,75.63173117712377,86.81484372541888,141.83978430948144,92.65314832751106,0.34164033063360805,2.5393336362733643,Low
242,5.926299842337319,13.19425698329026,1.4189901357332158,3.1519517013847405,50.81118944302227,344.9245093865837,41.11428741836573,12.909066172830597,92.83815196910845,79.9982428809687,0.2614866482252708,1.4162479450744438,Low
243,18.381318365732728,41.11937703953817,1.2001108954243669,3.349250550834175,84.25220840469154,85.62256413886954,4.879199058248767,63.2932178543989,148.03433329370375,97.89541470933038,0.30194614324995095,2.641662075289659,Low
244,22.619889998132386,29.721164180841573,1.3115404682121719,3.6292686120106348,88.9669167487091,1744.4793570541733,74.18563587653306,72.00781606780022,148.334885143546,29.469607314964364,0.3467051283328527,2.2171315598747388,High
245,13.479113313125843,32.56507775047986,0.8641151501418192,4.695559351585035,55.847221166139775,430.78299983196354,68.16539515370938,16.085349814928584,138.86647781136145,22.671992098872142,0.32448834694752354,1.674549124035875,Low
246,7.776582582041367,36.157254400684806,0.7677303835467448,5.916880200885458,42.00798084248347,132.83359493201186,67.79716919602356,63.26593759295397,64.94912372742694,56.863340383565216,0.2988551199624985,1.7315167604737982,Low
247,11.964198830141484,46.904925965164296,0.7712502385730604,7.136876901717724,41.055094423289376,362.1874684320169,52.39469846678466,5.246049291199406,199.27577335610565,84.61338532683561,0.3103994732495771,2.8371813746236816,Low
248,24.28972161169535,12.268798142069514,1.0392462340079485,3.72279102312286,26.204902713134764,799.0240769253501,46.24246359674715,29.32660857428302,110.0624691756241,13.585518175425372,0.34047248720256124,1.2791402000272345,Medium
249,13.781095807083208,11.179054084977906,0.44908404666697077,3.102370042048624,48.810744349438075,477.56811810553114,-8.674849732480165,92.11584939341166,145.73764780954832,99.60090948998938,0.3439628156600535,2.3253977533843626,High
250,25.299537267142753,17.130471259550937,0.9953930193483134,4.27308478910333,29.91605055198299,645.244576745864,57.32486621793046,17.17311629018692,182.86425411689288,64.20213362847906,0.34534521954829933,2.3560472526313783,Low
251,12.988036295186895,49.457909041069456,1.0981594322204706,7.366298458231134,95.07231093449172,1951.8234002885904,-1.7618394265474837,6.52699924503275,113.49327326297545,98.10476309632396,0.2938462442303783,2.8293893250040005,Low
252,9.088875960345455,38.60305469511103,0.8266904882474866,2.059164370022837,85.36004973631344,1423.5908111170213,13.377584249231823,44.36781996554594,166.0887585208323,42.857346991039925,0.2577067474797855,2.36896139126615,Critical
253,15.896208987840206,34.58564476218008,1.4438006121254008,6.067211696346472,57.388323550638006,1438.7738700937477,39.634126581620315,85.06182085272715,195.7736637019109,51.22214384802303,0.219972969343445,2.0858283197284253,Medium
254,16.306862807228473,11.881562136589917,1.0298559268554903,4.8629602784694885,48.87450299060917,234.6364807194495,30.655932638843744,7.667238196828996,103.84021403795724,77.7125298157653,0.25783220020106046,2.7855495858358443,Medium
255,5.402705463733424,45.16440895571859,0.5639993666839502,2.96627728976408,35.64213002919638,1477.591821154249,-8.580304920569864,35.553536523040854,110.7904355349105,81.34304055051868,0.3414433182103428,2.624090465226476,Low
256,7.926126817658154,42.51027413188638,0.8750595089202196,3.9261291576468,80.31874634390118,1491.7214492628445,64.15865526065411,89.97748345593261,185.8364088494853,30.972974801521623,0.3334695620888584,2.376908200635298,Low
257,9.623150469320436,36.592001754683395,1.1104853245623527,3.3497002632622035,137.83541465185326,1336.502785892933,69.09208622773338,11.815554994445431,73.94643017227745,93.68209776769504,0.2785489493094318,0.8716724412627839,Medium
258,7.839682934466872,23.56523261938811,0.6883549494965748,7.266993007340734,102.85545770834058,495.4507771958564,51.36856491470902,31.06685059119466,54.28922575391635,88.06808096512557,0.2805510929890886,1.6217449201287952,Medium
259,13.538151885534095,12.820198222730292,0.3955699275468278,4.8912403036699414,111.6622071053351,874.9205492102607,38.69610727911402,77.84206115357038,186.33335072736676,11.638477279287871,0.24633805243924542,2.1901572788440795,Medium
260,29.11557139042545,33.2015395160369,1.000122761653062,5.378565667234957,125.15667954846117,1700.2390866057694,76.46640550095242,54.32109871388043,173.23873611763705,21.571129526966477,0.2681761835105722,1.9489511535848831,Low
261,17.73056345817695,38.7877828584335,1.437444202343616,5.562125716022123,52.74524600067731,1356.8931772142214,0.7960586973372745,83.2333140633583,195.8874548826998,54.64873957663607,0.30716727409090927,1.5025003182952568,Medium
262,20.68890059676616,13.769614019089897,0.8820863826758085,5.837702747614136,9.431367317173144,1478.8992282498095,56.41190482984902,11.15953930487984,58.735667406601735,51.48599627018644,0.2603646088471688,1.1177326141215085,High
263,13.909661963075704,35.35070639193984,1.3873308967764455,4.973334142255579,93.38382049824664,1195.3800802453272,1.5524551605678063,92.05541713797227,73.42659956614808,73.75517695313519,0.2281975808114051,2.0165924819156276,High
264,13.087194041078652,21.454642715486344,1.3020283060460327,2.107241185017895,28.300843684204896,926.693868267968,24.366031903107412,93.49117945152088,65.79688386347132,18.074023844773063,0.28112893682376167,1.4290186668968687,Low
265,5.578669297875209,40.56976884879247,0.47689534036078,4.008336121487911,85.35654749934994,1530.151419630861,42.69360582538808,15.531302014670633,152.51241984405638,68.03697760274139,0.2338005367181492,1.312601077579792,Medium
266,17.508341391900558,31.58463402407348,1.149803906202685,3.103239444325947,110.92653497355971,182.45533801429468,56.337892145391706,3.3875464406750044,140.90151106207148,65.47329380211241,0.34614313340188996,1.677708099520854,Medium
267,17.090225168791658,15.161471512417467,0.8225586300863741,6.0808570574700616,117.54574532217549,1362.663428921515,-9.665550975521441,98.98413819555688,103.90027990808895,31.025763863023993,0.25855098710179314,2.5280811530713914,High
268,8.945768154528075,31.06077790932944,0.6002955903155243,2.34022790822028,45.27586803712732,1994.5487903088244,13.453809773459856,48.22515923024244,58.61352191033675,58.815456784155955,0.33644974574136743,1.8732777052058869,Medium
269,24.108100005167593,25.829474534668748,1.1243260268000437,5.382820346669865,76.86498488539728,1571.3742624626616,38.438035226883834,57.207540403543135,145.94929760698113,29.998648629638375,0.23383309949054365,1.276282863097074,Critical
270,17.316858257775074,17.214238731266075,1.1911928623877055,3.2637903336458054,93.14476444157884,616.5988475760379,37.95863112453563,61.590473366657626,135.5180727672585,23.22307243905457,0.22838135079586647,1.0571869130161065,Critical
271,13.474849254039333,43.66062896248493,0.5158755824818065,7.693075030802367,122.92210825509329,591.7480146754922,47.386379145163765,78.96684627805027,66.93548165909236,61.582144118866346,0.2925351693559606,1.89777198030456,Low
272,8.672722725573173,10.441137939965447,1.39733361846745,4.013245653119213,114.20829976574211,1351.0762906572447,17.34682227814002,81.19879690459179,186.3364556710571,97.97268504705133,0.3169068617454981,2.547606076528916,Medium
273,18.80402067427531,22.485131075124237,1.201376692741729,3.951327148247805,148.19629814660556,1796.9158011666343,38.64763259800421,19.392522431977387,79.84245645079858,31.324001425457052,0.28501468457785634,2.236199652038669,Medium
274,23.820425652220244,10.503801526777071,1.4200505989703625,7.5403080079443425,1.2127014795016322,1177.0019946532937,7.0808099691118755,23.66367406335266,161.52637282157846,41.98025344196367,0.2344693525407889,1.3107275363151492,Low
275,12.049983817124293,13.840277860246108,0.6804878625164292,4.504087521824848,65.62341612946996,1078.4344599816138,6.818499296310993,87.68330289463721,182.76137938144223,33.0915903391042,0.2056841544325994,1.760754488516883,Low
276,10.469858789418064,21.883848766923244,1.4272020188915842,7.777174005114453,38.40667295641918,362.7490609951591,41.890756708034615,81.95176047505865,136.92124860405627,33.98138394818453,0.29274332317865076,2.6815067993569515,Low
277,18.048374101614424,12.170847415574944,0.7422211894060571,2.145022112801021,17.98400807173101,1445.1410629516424,51.69253265408069,61.761938155395534,87.0273357947377,46.37729207680126,0.21965558380483224,1.1908429972762458,Medium
278,8.883582562750423,33.86522129428565,0.3647637137128701,3.838067451212878,136.7272992250777,1419.482308293887,0.8359970013159153,99.46991591248498,96.3872776437712,73.16699595855582,0.2514764580548497,1.9705772555023737,Low
279,21.665334664857124,13.47451631944731,1.215563266450828,5.9971577615985865,149.69430991435294,1935.555215051003,1.0510911713801008,73.51839435513237,182.86213005782486,13.492407162785064,0.3013677130506847,1.5837093192738516,High
280,20.13359069860576,38.06854536264381,1.144209772906009,7.345141787165831,27.089431185708545,635.3747593960456,40.87724223144054,21.583676813024887,94.7385734564727,96.14117761170041,0.2147035160874398,1.0731954606249428,Medium
281,7.177051239785715,12.105684505086444,1.017493190715999,3.5384335580497037,5.76500892020454,1525.068678916687,14.3086177055281,84.66440643326783,161.92857249759567,14.165189154032275,0.21908772196759338,0.9097886260039761,Medium
282,5.913009484534347,12.372355792043873,0.8878724932610087,7.582865551782009,41.25816715207505,896.4272593353766,25.315919201700297,41.473263637014,198.5247818383108,89.31278637501038,0.20924993109611062,2.0229170462207495,Low
283,20.507216314714622,22.213035961330654,0.33859832438715765,5.564728798995129,125.22928770995935,1139.021943651463,26.06736028828201,3.6152660541289183,199.97250790440168,90.4940288885799,0.349411869336024,0.8456475222288337,Low
284,12.35734434971852,45.8628609987711,1.049516701824185,6.806049459187496,44.083512479897514,1642.0850184210885,6.069757335642475,32.14212778116706,130.02196224039972,57.2040268832371,0.2580615152902372,1.0275814567244568,Low
285,7.161143829334963,35.65572994893266,0.8002015382673524,4.383243825841383,8.535222074643233,482.8903377870024,-9.881682991243622,76.35512340593853,173.98336951791467,22.329714575707072,0.33586927516019516,1.5646414185558308,Low
286,23.985717623912162,40.805251677156775,0.9722512832891339,3.27308229540124,7.873827592954486,718.5940420784591,66.78366289721066,96.02062071864732,198.53748018817993,60.863137350124944,0.24403784576364232,0.895744407782678,High
287,12.851100075441103,15.662084379084241,0.8151856103611634,7.467412492686159,64.11342035541546,1557.9519068853142,54.35017720079195,27.613641630319385,106.20093347629734,66.57689439125647,0.31298038477107437,1.6809794981941468,Medium
288,16.48998874095559,43.36501732988984,1.4592673593182388,7.598815210437312,139.77385845924294,1162.3929348113288,52.148470230400896,24.651632440971504,87.86143776054588,87.19830620264001,0.23285999244685684,1.0868030531891604,Low
289,10.92032318634423,10.325849927769406,1.0249306813810166,4.985450864924813,42.88806624594479,230.2246879648869,39.18546243019877,56.361658559830005,67.13500337632748,59.58058381926127,0.27474870644723753,1.5697207995403386,High
290,20.682926958949114,18.522294029320246,1.1990835967229605,2.038970095995539,64.07365210515657,888.8624402181003,53.08726891203084,81.16838996624467,71.13494571096892,46.96384563130044,0.3236923608943669,2.5405513115981506,Low
291,12.537210383858987,34.64369284599974,1.4236163369652999,2.658697722022427,15.290070807391281,1193.9349602973818,74.21195397928632,74.65256821609466,178.0334545430995,85.44620744687025,0.3224501598342624,2.178001557848648,Low
292,29.20052403069071,25.009856343762014,1.0099191875000875,5.43816776139033,74.03591899034716,1823.5587670678526,49.9106362606362,55.995890256281655,138.3084635460611,98.28566176173571,0.31914210760440115,1.7798823711325202,Medium
293,22.573688715422662,49.36773566874254,0.3144750213868809,2.1426602138113173,104.4820596428556,417.5516973803454,13.858226173470495,63.13896816144785,181.05637630887287,68.059288464214,0.3235601619557829,1.002033277281353,Low
294,8.418056909336645,11.21356987273273,0.3411500139726508,4.3814715439201715,40.672554176582935,1621.6082883360916,41.350404656680816,24.2098957326344,168.41826335482529,88.69483335725286,0.2317208421958819,2.162129250492413,Medium
295,15.41737099183667,49.94392671746173,1.1428061209222342,3.8202196734320752,44.506696279302716,304.71774199935317,29.809196302958917,43.25742650033506,151.06169450720267,63.88616015461578,0.27233244088405795,1.160161235519911,Medium
296,14.635527493246965,34.94511331445264,0.6349021633815402,6.286089652413228,126.29625381094068,522.3595371478241,40.07772180009345,25.536562652029993,141.39682878602912,72.0809192269275,0.27273072118957375,0.9684899564955528,Medium
297,18.35617776800958,32.348279783843864,0.9952556728175384,2.3334720376876117,1.5545583520765627,524.5205728057399,36.584942967154255,88.44179748446376,57.25083562671394,71.93504057940268,0.3335753731021869,2.2607912384111373,Low
298,26.048266861981332,12.380497702558975,0.5427326173088027,4.932387613863725,95.47060628251455,1761.0844320222236,67.28977567056184,11.255450736551575,180.84127940047884,73.43082881562387,0.24453377440991433,2.806531775206217,Low
299,19.585550379575043,20.933155066635628,0.6242986500740569,5.474685619253632,59.08269524124255,438.0844994292248,48.662009304296035,67.97405578563708,112.67630925195715,38.891209953577025,0.33972438400835725,1.8133055608951492,Low
300,6.538916939999982,46.986507531663825,0.9055692671376903,5.703746456315706,44.75707703422035,1584.5734176215478,6.988263014069354,26.028319716502345,133.9680285607088,61.80952566445411,0.26761936044591483,0.890191003337851,Critical
301,21.385392420071376,24.16984012756977,1.4706833560272985,4.430946032101645,98.63907483658157,950.5227413382588,-4.328489901216626,47.55774097184664,53.293025281553106,63.47220255764159,0.3004680504766128,2.7366549783207903,Low
302,5.2066324486464595,36.46612801869004,1.03952458705103,3.8262067005773055,125.20027826845578,1998.226997204756,28.192740981321222,29.941278024663276,190.41102527941806,38.356446404190876,0.24033246684190016,0.947342285471863,Low
303,24.499011513509824,49.97985401674887,1.423377725415628,6.094958202422893,83.75881744930105,1686.2284223716056,-8.595043996804367,32.324531705947166,185.41106916380022,41.486713093329726,0.2615447160246961,2.708529133943492,High
304,21.66590181028105,20.52278855334165,1.451255825264337,7.08541428861497,4.6641932914584014,1492.421112173245,18.64676472500021,26.039301361102197,131.49170448771582,78.60220885150433,0.3064701398103711,1.6620026210904484,Medium
305,12.71964145881465,33.043235160579755,0.549731995704609,6.161705826697273,69.21017862383641,1747.9162979717812,23.12193224953031,75.27929211954387,136.5967449752536,62.44514565555242,0.2769120712776514,1.6038679849707975,High
306,12.311045114737894,37.85751170808852,0.6734323229627333,7.59261419274333,69.41399113409597,1286.3592655798154,23.802998660893152,36.57158571790471,155.75258186052332,23.429003316685172,0.33960620175325007,1.994154234804194,Critical
307,24.956824913657638,16.585089862616606,1.2239907374624448,6.303581152147563,81.56977422069117,1695.1219002305704,78.14150218915034,72.63570177140826,89.7042344654225,85.38732898145851,0.3105687448846216,2.9055865983772815,Low
308,24.583417298115513,15.946902547847284,1.3401168027496126,6.58771240408171,100.64383515653284,559.1973523548389,17.351078927522142,45.606993010401276,83.28734340699538,89.48028583668878,0.28466043882659,2.7772291991891525,Low
309,13.807558859418998,28.25231646632693,0.9230720930274332,3.0074191796125334,2.897760530151067,240.52126164709614,13.870474584075911,54.72460421002873,151.1034419902449,51.95270331620327,0.3330004634978312,1.834726194270488,Low
310,12.473693201994507,25.432500870371577,1.491871280736659,4.51723786716027,75.30189365996257,1251.067413819004,1.6442837960787102,54.328747571348735,65.66336692383622,28.801668882063424,0.29983345831831165,2.3308111082524006,Low
311,18.995619722069748,38.56861747429255,0.3138866385063243,4.910331985735791,88.24616540708861,897.6462656939927,35.99079521143515,97.58520793435888,118.10930070850712,95.28458458644147,0.29709807101306485,2.0769443551555073,Medium
312,5.2091414996036045,12.78035085794345,0.6595111867022587,3.537758973767646,51.50300796240779,881.5595508202423,3.8306875592258596,36.70624557109512,123.91406359986351,89.40426080676187,0.2369556999721441,2.3256154739389685,Low
313,7.066675949663557,48.886664949627615,1.0477941044934957,5.171239162137727,100.25478398856497,1077.15831223859,45.466524145770606,20.76840953975976,107.2005465372752,31.994357170765465,0.25922854482923163,2.6245204121366137,Medium
314,8.154239753718418,10.571079267433294,0.8631478931249794,3.7447516653310853,34.22665756937567,754.696092552808,3.9643801044514575,91.17919403666022,77.7902263546602,18.603436267242767,0.3024955478906032,0.8758864235109065,Low
315,9.635295445679354,34.05267297344605,0.4399235597145609,6.125012556826496,47.60584996011774,1270.8160863135167,41.9005985983281,17.483928931557323,103.2974396488032,49.65882467941961,0.33376875672247364,1.5166716786413748,Low
316,17.800453166886726,32.50530383469553,0.7413445025766763,4.821730860219056,144.4133021136489,109.60831632787833,64.36423152571636,83.44228458443446,100.63358803406749,70.87572878443656,0.2473321210467373,2.9105240381145077,Medium
317,29.80604787152805,15.38862923478903,0.33053657195404684,4.752841725614214,52.21055562917102,1941.2881166694385,-6.172782983281663,15.021489546692578,124.88985119731255,25.784972669794964,0.2323228432914477,2.888539878754833,Low
318,21.315335043683838,16.03663930854119,1.0712952552903352,7.901855186196871,51.975133104861754,1853.1825344888623,27.77722774263853,65.87243342274063,151.2021262367779,56.189139258857324,0.2890543968223784,0.8246859579504175,Medium
319,6.53246986123059,41.707099511785074,1.3712910515956263,4.354669091255422,89.3520953734673,1873.7768170347706,31.49440704969519,15.054081326453606,195.2352685289256,48.2873944845265,0.21007956471540698,1.243168285829206,Critical
320,18.139484351556042,45.50249833650732,1.3618489485401506,4.17377259553741,145.64629947900903,761.7568163882509,61.19649291303011,92.30858192394294,71.62448902614923,90.14960338925191,0.3071812552175008,2.986294093157598,Medium
321,17.41613030973761,21.32067863535078,1.1394533685186559,3.911626227695926,147.46206689295005,1087.1873674352446,32.112406875098976,56.50082826528312,180.9525664911623,48.660996952641575,0.3054707814931221,1.8842151669788691,Low
322,8.604195395451237,27.518558558502736,0.858924234597513,7.368495325854789,86.9486945514474,1910.5546759622716,41.078220781068815,32.92738391400876,92.62670005853937,58.03987543615339,0.25324490464792326,2.060305208727076,High
323,28.00680922006019,24.199801641534144,0.9144379424297877,4.98034295658907,0.1630529707398798,1809.574810033794,61.208382822926396,14.032277496359491,138.70591550021084,95.975757640164,0.3339016480017353,1.1661244081493956,Low
324,16.019131191884224,12.901880519466076,0.46430258879479547,5.600086864883814,135.09848261525994,1590.9767280072374,40.37826436363616,37.11922361459939,132.0105421975802,36.972258928710815,0.27532717123086914,2.767538339268765,Medium
325,29.863978515243492,36.92816984063238,0.7092205117430437,3.08491087401437,85.53569468655722,844.2966002028053,22.246947216762415,70.50200348688116,133.54226279423943,36.00918387477472,0.2968647426039405,1.3087814592280484,Low
326,15.501807381304108,43.007717392227605,0.5252736905979283,5.245654160029561,54.89946124349038,1150.4614852052382,-2.2741950141475957,38.49508839285471,158.50379175782194,81.96355719478385,0.2314367722907507,1.2172247860429806,Low
327,20.19894256709023,22.195174295648282,1.2854402440199455,3.6478891572109298,124.37927115239074,1596.179324722463,55.69240665613198,24.609413609544404,107.25324586234939,34.97850875295718,0.262601050274,1.3018692873047222,Critical
328,7.619063411286001,49.60703174522873,1.3977046816055516,6.383821527577265,59.97486890253076,582.3733913030619,68.40243351459397,57.740944829381725,97.86499448552834,84.86792830658845,0.3293626310404652,2.8231677458102196,Low
329,16.35569559517173,13.034062291294198,0.9443079137041404,6.995170092754293,5.1066759300397,1271.5762680448172,77.30580833181476,41.78218528371196,177.9251859778216,18.598204842548046,0.23194093214485142,2.346262755789068,High
330,10.969147350099332,36.47162855258084,1.1733168486155328,6.288864152787665,123.16083345855282,1664.4719334611207,73.39398926944115,16.58062360302923,83.01425604114054,20.013512257852156,0.2585861566388703,2.4909120678786056,Low
331,25.889119964280876,27.92912058104356,0.44575772508855294,6.381464997621544,81.87891015296434,1429.5368438791577,61.767611794992376,15.39879902774568,77.03690559667146,91.11910367464945,0.2477114816642195,1.629479988005356,High
332,24.597989621688498,27.864076044266234,1.030241571932686,5.074848224717102,50.72153073362943,984.9872308224514,47.912473902115536,70.74619902218548,52.34111549828913,58.67310542341917,0.222666527729717,2.800189432847235,Critical
333,25.60449999063396,28.30582464134161,1.1433492256534152,6.272708338004811,37.63385645307768,1189.9863011325588,60.33141312475746,97.46718955162564,81.58666730437801,74.69328400248149,0.24345768771913034,2.5366974951466577,Low
334,23.090235943948784,20.347270952057137,0.8433217554136809,4.536121613048961,89.06961891231384,1977.9173091342984,28.887534156686115,23.309407086205635,127.77971499750626,30.276000267628987,0.2349158425362825,2.4513141975161066,Medium
335,25.81708059050128,38.6225130932893,0.5919277013648383,5.9089349211776785,31.20743223376502,1223.8761995620596,43.529859331175146,77.314860083149,130.77633095211704,24.964693154389746,0.3385390445691991,2.9360686240804936,Medium
336,10.020718754373021,38.863061043401075,1.3528494246496696,3.554235260723088,48.57763298355049,1581.9546203363552,21.382982822526667,8.76067024504652,88.16307367933015,85.14588360093761,0.3111618206814194,1.605633027745367,High
337,16.30109441449504,21.29588440423308,1.1914904639444668,2.418542073872061,95.47954641209753,1466.879290536442,19.403829348234446,38.15759190521817,60.84112550617998,42.27610663209239,0.24741523726742365,2.1441420229509385,Low
338,22.296171998649204,43.41225843433801,1.379828738219034,4.480839584731811,132.2316675608898,1417.9067002822583,58.102259594843034,50.6688152808257,161.69611945178093,50.9529357209795,0.3145008579864065,2.801845337749876,Medium
339,20.934812448378374,22.6737977460132,1.2820831769973882,4.77066893468294,79.93354925873982,1446.919657472385,30.853950407320553,26.87469452897683,163.69630228434497,12.517470754782309,0.20332099295508071,2.5399556750090957,Low
340,22.908862071852173,39.00372495946169,1.488449315494635,3.53844294913214,113.86595974486389,936.0990149988546,9.094513663792629,52.95784165142504,199.67545944373424,44.72926607736698,0.278978706615671,2.039433708096353,Low
341,10.606459578780793,14.839990700482657,0.5306072798573387,6.366257110443426,114.45909056445628,974.6123403103444,8.174434574767929,88.26144276638544,185.00443558020766,79.33940273124806,0.23755018456020097,0.9676701065164375,Low
342,7.460867726124744,16.748065712149828,0.4040973213647689,2.4413028738576754,99.65309289890801,962.3323378535255,67.32551254129402,94.44379623549935,188.90930967764638,83.91476595575524,0.21714831077127714,2.2359915670224813,Medium
343,27.92016445186941,22.631825780330047,0.7044033496047102,3.3364899462751314,36.87575065207765,114.84648406458578,50.9984444926404,10.055695437304946,169.73057386159127,72.88793099942876,0.3325637792507733,1.9584222251092749,High
344,19.00429738918396,33.75495070671446,0.45480501002791063,6.491388310721761,130.01828972253628,520.0773941480307,39.14414660223043,27.184593398420233,142.32542800737485,72.29617601893679,0.2299010801393859,1.2051970152661782,Low
345,8.845648112685273,35.82045941914797,0.9277561354874693,4.622745642440075,65.44134834593497,351.39981296727143,26.08448623967235,97.9133917517725,69.28189364067657,55.56153399374421,0.32335866394194235,2.7409568713537142,Medium
346,24.83591454718404,25.854246878698994,1.059634686489291,6.231701744235875,6.631611590355085,1778.5677722246517,28.773565170841323,27.04184104022437,143.34699461838164,58.44963963338407,0.26198340162376565,1.5551469087772354,Medium
347,27.873248415732064,13.113566124420561,0.9939463382080844,5.404915266701577,36.69190051042877,586.1902645832506,-4.830832522455058,69.2707351143441,58.39337906219399,76.83685721318291,0.20214361550610507,1.6524557657380534,Low
348,9.239087964277726,24.94538608370897,0.6110881624683242,7.704276499984175,114.83225311489737,319.96313720780375,30.941913038105845,25.345369387036463,182.79486669067884,32.257161894495056,0.30987992439515377,2.2792834073521036,High
349,25.435311381727765,37.55070063836606,1.390588837162556,5.586774996336998,10.370000372623405,283.5455172262256,61.59094195598736,35.63655933210382,122.27320031212962,30.83653614214504,0.28945396373290516,1.8753572324907302,Low
350,28.330626532978208,36.839818445212636,0.3254068364824541,2.089213846073118,22.10466032323668,1414.9801773767094,24.918783208579008,19.127898789689745,154.62092479637005,95.49323415226492,0.2516257824751729,0.9964183678141287,Low
351,28.459040007400432,16.40785652821771,0.7176160245161916,4.117264103026004,104.13402240625567,61.862456284170605,24.522312728893212,85.63001936971452,57.8365495543946,12.492089808289784,0.2422318900889395,1.6523715581815166,Low
352,27.853911541337528,10.311358810758687,1.162790970477673,2.8583640932282464,133.8901184591311,969.0435834251911,-8.585507528264099,88.2648763819504,130.13726343842382,22.551891729866337,0.21105368785556522,1.007825459464113,High
353,18.66052530900257,40.11926469184467,1.2203147116189912,7.547802065586219,95.05980075864552,281.7986559164827,31.205173630226177,29.691250791543155,95.18950967800438,61.32991835811232,0.3412138392252908,1.2196508868714386,Critical
354,13.905282931346731,14.254726655409748,0.7993422533182319,2.624074725710482,33.34365807443319,1706.8435863900152,-7.719611234682983,82.358982417063,92.74523986058685,76.40513548285136,0.2740977327038129,0.8157837643709985,Low
355,5.181820192350232,13.29396575857142,0.3202917759076405,4.326239978786525,8.01206448743229,1918.9781950822935,41.3314485207885,35.824165003698404,108.44838720547737,58.410197468651056,0.21282867763641622,1.1988887792662568,Low
356,6.522805671788177,10.10804867336654,1.0416524149484847,3.3565951617601533,92.26898738254675,1919.571501619062,35.61050434240826,9.90194228951583,50.09591912908024,41.955759654839575,0.3303019576616706,1.526984178796394,Low
357,15.720975382434766,27.30405303827709,0.3757136174198588,7.0803319423804005,7.109786689674596,911.8300124462002,65.6007649031599,75.80763972920734,119.99913225802602,98.01785074176708,0.24182497592267252,1.9840805542110482,Medium
358,14.983153659787758,30.130556036032576,0.4294269313842174,3.8513989855335016,91.90830779126355,1306.803907647853,42.36025498331491,59.64462488988447,122.98500254119075,73.34674166195612,0.23054040736019824,2.822409864602011,Medium
359,9.617847739247079,35.50656184594362,1.0803008635754279,7.95136089885587,33.836991624164256,1219.423066195952,19.10846197899937,27.438244367075036,179.4696373758596,84.82517569603712,0.2421406157513328,1.9887191079325217,Critical
360,14.88700070079142,21.842553628503435,0.6749859913714258,2.2316996336735055,135.69840936132445,732.5758577026082,36.46079084752227,25.299974051184705,117.27884118237236,13.622218676938365,0.2846857187910667,2.3523277910015516,High
361,9.366251636384202,38.4169886554712,0.7176361832499034,2.769660634775395,71.26390027310428,915.9257582700358,52.97357201749269,97.56233704823212,104.53344408015093,31.232809942604533,0.2111084726745555,1.5868896008727034,High
362,26.219781319396013,16.773274296277663,0.884168492379892,3.3478326585746547,33.59076499645435,175.43120960490708,-1.5432584130655478,86.25010408930913,199.2120577043695,43.67539842324221,0.27226353636840145,2.4535877458479884,Medium
363,12.45487194688997,43.27960212441389,1.4742940738312487,6.866636241200957,127.97179748378873,1601.6131137094,45.89666796233904,80.97983293737647,135.68199869037443,26.434125827405023,0.3343615167686469,2.16503124131325,Low
364,19.96410875395775,32.87393315561782,1.4585306648864524,7.271103254384094,38.10530976712625,519.5668487015071,72.49636537801813,12.801770864166562,120.89198129512091,16.560934543823247,0.2282257393769186,1.8115468292046948,Medium
365,17.57107654997717,33.35559293488194,0.7995131992320901,2.428708283656534,45.98986147873133,948.0282957159336,16.921726606811994,75.51872742482605,124.39037518225692,30.25824981352122,0.24967831582283656,1.2262913487606968,Low
366,6.297051939849805,18.391016551164327,0.6185990606619386,2.194760850573658,125.14168485831836,987.2104305524557,46.396258538877106,21.454022120328652,171.37719462632077,58.02720681133383,0.2594182947577479,1.4677899975940578,Low
367,28.555842987279156,12.96434997201553,0.6631105831969388,6.467341142627475,46.31880447008939,1143.3878913450706,63.91965053152191,97.73889432082407,101.10145534552413,72.61707235210346,0.2879331067290868,2.166081392226661,Low
368,18.18064945626208,28.58899212322686,0.622537557793925,2.8001120405216806,61.524565384595604,1644.8594438817754,36.06257576947617,5.20891879622577,108.37406940289185,79.66188306685729,0.3378881369789467,1.7373239136020606,Medium
369,13.126441084795383,34.62447807689436,0.9386949685701369,2.797991522447835,52.14985061382998,1399.1680400583118,54.618158061834635,35.21384835602436,163.38100390061982,13.864253938094535,0.25918088123636385,2.7566504248479142,Medium
370,8.953164240826705,13.801858346467423,1.0282317693611143,2.1341992069665756,17.460047674556378,1342.9729458019244,17.990930464033408,42.86478407787152,60.94756094206542,48.518755499133206,0.21037292610166455,1.3166485973782878,Medium
371,13.463165868170893,48.02137898112667,0.8865352658755992,2.298847265500531,5.834371837023921,1077.1537168196326,17.54526076326303,82.42029115622545,179.7753737214888,20.99904252268306,0.25219262921464886,0.9607598349571991,Low
372,5.512790075584737,49.21657440931227,0.7895932346977828,3.5820527515729346,108.68110110914719,237.11372214585035,50.08256196187046,76.62228180040461,114.53040447019549,48.80803478002046,0.2285128118899767,2.096566868312066,Medium
373,14.088953883707443,31.818267815699677,0.5535420450839252,2.390032936464838,96.7705685903581,833.9165197191797,53.48679865761355,37.49921449465896,137.19394632584726,49.05782642082656,0.29776617182286547,2.7493118484181673,Low
374,18.28714818261262,48.002766210936244,0.8790067096585359,4.213274549955654,42.35491013280858,1916.7678600165766,74.33087295609293,56.556029345804085,163.62142388897527,54.839051804101935,0.20438931637509983,1.6024258647675351,Medium
375,26.79665614627362,17.177809503234123,0.7093232565629497,6.996650187364095,44.33986874773178,1991.3187468120923,10.235471724617707,83.55951636077303,89.90778836590172,90.35475636369155,0.243789495660961,2.2249649367099638,Low
376,22.18436044244494,11.016827407180996,0.9499145553580115,3.957921543929556,141.75086745130218,1474.4713848967906,32.13958364791722,1.8199592151052713,183.54713124809766,82.45859523616805,0.281776026084893,1.309107768789727,High
377,7.789557828331035,11.576381411615596,1.1102272986139488,6.367004975476229,148.15066908502382,493.6541779955578,12.546212584750226,80.21780995244721,196.88374583849162,67.30487606227527,0.24160013090743315,2.0286382276799144,Medium
378,8.693658110949027,33.50049917707116,1.0599746093239326,2.5634597889861803,71.01523548505403,248.68675970662204,-2.7917055207779136,94.68960253420421,124.14115421091869,89.68665906401776,0.2826492925017881,2.5309426218978373,Medium
379,15.703084195459367,12.465675337472941,0.8549882524867121,5.956251124516957,120.36776182222405,858.7905001400885,26.290747515273893,3.206452148417116,190.540604754901,71.0621754854161,0.2172068483280775,2.707469517308705,Medium
380,9.892693790969696,48.341824272963485,0.967262909135953,3.9004830995446103,110.50288138040482,1720.3152096007045,23.6672672559383,4.558098707818258,50.16929337904742,83.69694646867677,0.34142082319844336,1.0312620856752728,Medium
381,5.696244439568893,15.677328430375944,0.6418273571529116,6.498517272182228,44.59765642680704,1457.635267795251,14.33907079839691,34.45140055660201,184.13567444532924,60.740047088571394,0.243636021099483,1.5840239358451402,Low
382,25.125372002951757,22.188912242119144,0.3290883108268676,2.8175120843382913,8.784406578071751,1773.5898632051546,16.729540202547483,8.776956376767453,96.65679796269583,57.26964264678106,0.3384501259084825,2.2072177722589146,Medium
383,5.488064267449853,42.90071207993394,1.050023345001725,7.387300266586891,21.383438570241005,1250.7638136604219,22.43706257161503,47.92760802938882,96.72431370914029,75.16875184951462,0.24887531592562182,0.8763903098060349,Low
384,25.767240129950352,18.749612924163724,0.6030822709652244,3.45546321738762,125.74411755011451,304.1403109499,78.99538695020841,72.87106850897787,84.21332971549091,11.772038077817598,0.3172760286759482,2.3193534403318194,Low
385,8.60259907582415,19.718738338182824,1.1027444520819294,4.1188267596870585,109.68207299944217,273.8521356464199,60.46619893705521,56.689923503181774,97.55208517263529,72.1339814468281,0.23692810361918795,1.9616745421684199,Low
386,29.366960270177902,35.692358231640725,1.1964101995163512,7.70108426490825,99.65022666934168,143.6044901287521,-3.5738919021783744,19.643190907274032,82.02268755479525,94.10663965639282,0.30046533535844017,1.434845814284058,High
387,20.096847795654753,21.043443539570493,1.3991132953245373,5.470894158385153,19.597324754497247,1155.8059426183854,68.51718588380317,65.48113000303577,185.88036594649577,74.25478718440786,0.24855743207341507,2.5922397913069113,Low
388,23.374574290747386,18.697905360308013,1.4497473545755355,4.194629113778132,95.98960311757871,523.6281614183385,46.997299375880424,68.48544791789159,184.85355908200498,13.311435186749666,0.2763738693814488,1.4381115670507054,Low
389,7.762090699201622,20.1671085722263,0.31263125557164173,7.69761288220179,115.82284972396732,1482.0481006421535,70.15343841097183,93.24459556850147,65.33169723809338,44.00970766954515,0.3010721218645521,2.9811131016483676,Critical
390,26.552601836287003,29.625899973629075,1.4884490512255648,3.974464501340192,129.0902624790436,1388.1873749221393,20.75387184172054,14.679689737704905,71.42876432997387,82.86231720441575,0.2883323757804441,2.596014416049349,High
391,25.97980857178846,48.643994909259284,1.1196219821929931,2.5692242760510786,1.9846918790427326,670.315947696218,31.80669783305469,69.23361649097234,179.3027958516,96.2747695039978,0.28644208899255413,2.357557103042793,Low
392,21.324818288542943,43.289517662449136,1.0722289924490271,7.981093327156519,102.67126528177165,394.76324960492553,70.66043515772975,91.14272188531474,109.8406656309119,43.31470200727395,0.20985212534864262,0.9349646275178213,High
393,17.556871614884685,21.384410582407085,0.3182557142344265,3.6070695233534833,2.864648340480663,249.68068210220235,14.531582232231333,50.15641533206342,75.39075160089175,85.70746502892173,0.23736152482573877,2.7894828183720017,Low
394,23.03722932829181,24.53492833992391,1.333480094264085,7.1075470921976445,106.03092683151579,1487.7647839355393,72.39507886208737,36.17996798630564,126.60041036548509,87.74288877713617,0.28577589347848126,2.538121672622612,Medium
395,5.148205383421954,28.580490020163097,0.47458973669739163,2.9932447689385233,95.34320470980072,928.3599410805697,64.56497409298423,17.074949422115825,112.50020748801424,21.0957759393445,0.20274758108235877,1.303855174441965,Medium
396,19.811018884961484,49.15718588067961,1.3047961847196492,6.388123830664268,22.252179437845875,680.8833326473709,78.25021468183641,86.67868864897576,82.87423306069478,86.12096200468186,0.23759663826739696,1.662945998919156,Medium
397,26.185153373230914,16.895618733428627,0.3186750555104592,5.146696366833512,114.91826270176954,1720.4733808223086,19.183182831472678,39.424637484059446,158.11283274164515,39.18249060747536,0.2343777859146795,1.3909894135621144,Medium
398,13.922497179368872,24.299324139675313,1.0751571149989936,7.8854393497407775,10.252142728453673,1207.5457723102988,11.217786200430506,92.48824432676923,144.69339684990962,63.39139494088756,0.23747841652412516,2.965715275198346,Low
399,7.707233912072921,39.1770437593086,0.8217618405237932,5.316982136554397,123.95981606169502,1060.1045559733398,19.778020734115533,84.77582981307762,64.94924203331608,58.50659074207789,0.28034142493499803,2.679232178572231,Low
400,15.521931243580154,48.55774937075773,0.5409200748712022,2.1500909113451248,39.28938672723435,1499.5893717024508,75.91848163898617,37.663985179719575,188.80800714880138,69.67484773625085,0.28729405310287887,2.8464956659292255,Medium
401,23.177611226462673,16.227008510569508,0.4290736701245209,5.623267937744528,103.32777934509974,1640.3871234588123,19.97659664476474,57.39143089462625,133.77049485951036,76.64181858502572,0.33634969915592167,2.535303320025946,Low
402,7.682530259266813,19.09519816777383,0.8281532358555916,2.8718987380197563,138.55340115328053,1387.8426530743031,40.86906379615143,2.7174036293921455,87.53067305953127,49.67929878567221,0.25790465735393286,1.8039661303545447,Critical
403,10.151214005322249,19.02778697561721,0.4479669663857097,6.791245491692523,50.97405370101734,908.0123212687378,26.331135432786276,26.32214028671347,80.94377226085453,89.94797399342191,0.33898683757146886,1.2519553495923073,Low
404,8.688796170717499,10.83728117968294,0.883735934029257,7.139409178939394,75.43411169106288,789.6326457107656,25.659813003360277,71.02728485692496,70.39219720583023,82.85485794054051,0.29779315174762555,1.2577763452014143,Low
405,24.923693889380623,34.16462499923798,1.0502604703834226,4.892561112768286,69.46770509256756,1554.7466296317693,7.404074889114966,67.79109458462668,113.6956109585526,80.68789833830738,0.33689905938508335,1.1337022664066896,Medium
406,6.572315561312171,36.82812296583575,1.2928610323288297,6.699328742313792,23.641702359430216,1059.9189632485577,38.3371586717831,35.3369459541751,70.33115196362552,51.24221577408626,0.3250208152520072,2.002629010667474,Low
407,22.164662552860825,34.10103560501014,1.11437932461944,2.8706644128896306,88.54680157361425,1423.552853108884,66.44638294704862,80.86080319094565,112.37246188928393,13.381559726014913,0.3031373665111531,2.823926350300014,Low
408,14.161423018829783,12.852919576512573,0.37823972004738055,4.952469119213877,111.4502877781422,1786.2776387070762,-5.546348780151628,23.58360518998711,72.31556423511765,54.303076574105,0.2534158849278439,2.981955754100686,Low
409,23.894781072132556,12.769205029825269,0.6689190390574047,4.363665588143508,137.53122433857288,1835.9867377365713,70.03039342970794,46.127053315227165,148.5211282285834,90.86009807297647,0.23616656715278278,1.4320595600808828,Critical
410,29.10958546960094,18.415462179764962,0.6455743295190004,5.667904322318488,127.62039024742693,591.5454965191167,49.89256686235695,47.25306353109008,167.78630325295376,27.1405140046767,0.23335871532680483,2.334091988652805,Low
411,7.8636324896620575,21.611780627956584,1.398038908165301,2.26686313281896,76.50290695920475,416.38540303140246,45.50642725174126,34.08167688700171,132.4284121284138,98.43332248095291,0.34282607561844214,2.113615634342831,Low
412,12.859626026686461,41.46174623640189,1.3413384532713162,6.512737029491764,107.85257317679023,559.5103526568339,46.3310209631593,95.46661011251672,152.00853122823457,82.69215580118542,0.34378607646940373,1.8756594571278846,Low
413,25.253135692971426,16.375610629956846,0.7441775020205004,2.474775736848102,120.11751200608393,1515.1749525442303,16.66428523590225,69.66840335151014,190.75681056260913,73.88468130538584,0.3087247060286463,2.2646910163864913,Low
414,11.653959651279411,11.763688655901285,0.38538630705909727,5.938829105180989,74.02330706075232,771.6131702900124,27.363005348145897,53.919933532730155,145.75572943559118,70.94439621300887,0.3325693976114716,1.616998641756152,Low
415,10.378014926151023,25.759500308522206,1.37292878136568,2.1107433532396653,17.31413410564016,388.10909764059306,61.93610053137931,51.051509338864854,104.6237297275824,62.832329374038636,0.33784942446185906,2.8778665052055894,High
416,25.634449446724293,26.65568680567681,1.3658279435570246,6.991328382540377,65.68961457710563,241.85171038859005,17.574293324266065,15.929609247109655,117.42202380123733,74.86032909242188,0.2767334294778968,2.3519875089539415,Critical
417,29.677059100149258,28.03629352755817,1.32569535843687,3.048197781342688,126.37170573023472,688.2607182178913,32.301818861542706,37.218689706809826,179.07878391080556,47.971500059738844,0.29435895359377584,2.4592424023833788,Low
418,18.922014753699145,43.076141761078745,1.314097965282602,5.092984855861943,89.49621080906024,315.46605868349707,-8.2330955751112,67.27733147291075,69.60804784251445,86.07592972181168,0.26281317468803217,1.3333286090133627,Medium
419,11.951218708333482,13.920216594837669,0.8763048013033856,3.568957422365716,108.66875655140085,354.92854443994855,56.02025176419559,92.45702196867337,98.8605533675649,72.67113604857528,0.2627736146427895,1.1708804076947628,Critical
420,14.964149040001349,38.15768329687849,0.5129179826995178,6.335883212366411,27.79020332288813,1383.573748220227,27.59319590107451,81.64640593918385,136.59201034557262,79.41278011415942,0.2057643377966922,1.6675497448075107,Low
421,9.253258184590225,23.51782284181163,0.8729856605549131,3.928106601138327,144.65066523165086,88.4775865533903,37.28228916262434,30.038980395997118,151.45843541126516,81.32386799493815,0.26507321907272086,2.486679467739539,Low
422,24.047181972268813,22.399205457418798,0.8935173248033579,6.347655161529904,60.61207942399641,279.2288601696041,0.32203860296827713,43.39566256899333,164.52486131475578,18.28630411380123,0.3010234717269775,2.865351001456287,High
423,24.336850445569198,47.3017250434392,0.8879181038938329,3.709227241012859,98.04532840765934,1696.512707865538,79.25428059086931,8.291752071279458,97.73101939941307,15.007669541896414,0.2632973249159857,1.7401256171428172,Medium
424,26.878024809562362,19.93874097666968,0.9465271033381393,6.51483854561456,2.8308381885907896,1697.5824657855937,17.222104428636136,10.217232303558077,71.87887010137254,82.08872816362623,0.33086145153154345,2.5031449434937656,Low
425,5.665064089914097,35.701273413574654,0.6091884275893862,2.1836329780214254,19.0978893382937,692.0247835889751,47.149069543680525,47.02303869987151,193.22588145148396,33.34456189344216,0.2498844428610527,1.834896762826981,Low
426,19.049533540659482,21.005110295043682,0.739489417360338,3.6998680122430905,117.30514048273784,221.50836631902152,42.311271036901886,53.021940681710014,61.45883256980592,62.37728267606328,0.21990230698412744,1.4495021490220203,Low
427,10.35638585857961,30.285755305615403,0.8210239103561634,4.991801038641674,145.1954168280382,1424.6921509240515,60.65829835324914,26.402709569691396,64.37080336803281,49.93397696970876,0.3217338036093589,2.426383331596865,Low
428,13.522075387308927,41.451715703851114,0.4573454514197998,2.270357491518353,48.00830325832173,752.2567911590551,16.44532600597645,64.27826891859412,124.24138128529533,11.983528330087081,0.3010921877492888,2.55604469475892,Medium
429,24.62389038216269,45.268900940650425,0.8464369614738005,3.116204368227672,5.577110241189725,138.65602304960538,58.03346104975135,70.33806855801377,172.89065422153976,13.625313234964434,0.23627292234808728,1.2462497469774965,Medium
430,9.800841309037404,43.54788961180201,1.2725635404835116,7.607221889847219,54.12999029702063,357.76261353460717,24.42515576171609,29.91161316119577,166.17561595329903,84.44127180509162,0.28046768840633496,1.4713729044997277,Medium
431,20.958543764527242,33.28722944578559,1.2936714512794516,7.861005591081136,2.6202195418503935,317.5688833298474,27.004486926171417,75.84247257075418,190.65488992911378,64.69098053398514,0.26027785078906884,1.888509055642057,Low
432,21.364154780589953,19.952652613528883,0.7938765262812364,6.438499684342913,28.855963839370368,1198.7768704639413,50.54412738380931,20.560491903913338,71.24038634194827,57.14587708631604,0.34082896646534866,1.2103480254871288,Low
433,28.852347872557516,36.44933533047463,0.9225699745012241,3.513200303701477,112.87080225806076,1801.3292880269446,60.585719456642195,54.425137727557384,106.3590885593654,94.99168751245752,0.29109981363809434,2.8434354572583436,Low
434,24.379023213223427,38.39620183118432,0.340380398562068,3.5631046726158138,140.56325971597443,1596.490464980742,50.017997250850314,80.42810935621732,92.3213193082565,25.58035233359604,0.22375838917804874,2.1009346076336466,High
435,25.090878678842337,10.427679604540057,1.1093190677623161,5.874742146770437,13.117362655332999,1115.7062877835986,70.98915685140369,53.700908568255535,179.13051853320079,33.21737556929187,0.27532226789554776,1.066647210217724,Medium
436,18.290018725447336,27.568420437274984,0.7855270595362356,2.705597699592211,83.68511682157639,873.2025716085861,15.664312655906059,90.79627185210506,123.25319304218006,78.10651704120646,0.3293835248785776,1.2048657023014167,Low
437,9.669520179059266,43.73048171287057,0.8345732197000149,7.6898562825822,38.08212691860479,1256.4195826842868,71.05550588917545,5.850123287463582,54.02719016234995,79.77117051621364,0.3007245005048692,2.899581759714658,Low
438,15.63908414295879,29.583503849721893,1.3484072726157177,3.3488773970611074,20.85886886908943,915.4348449111576,1.7777173349040822,58.83138454914718,156.1946610257595,46.4407476795248,0.3263678114147984,2.42397088853256,High
439,18.737239337795508,22.455017686532845,0.85420132147273,7.997813752552663,32.84703448373363,529.8932890238161,49.357728712698254,56.17554525443901,108.30471467399039,95.5880591179384,0.23755989707984604,2.4156911859109695,Medium
440,21.960481292842807,44.87191084098651,0.3254306954734233,4.974402771814763,86.66446012465612,1374.4350379369453,39.28675862421598,66.03533285426847,129.67201450565184,94.44291199436536,0.33325270655713124,0.9594969068111201,Low
441,20.19272779579818,16.23522790119223,0.5729890690428748,6.628579933957618,9.770175216594158,1752.825694195576,34.51723463740305,83.34068386803077,184.0681140514997,11.116874355414359,0.3133416997736258,2.7696574429596836,Low
442,14.849445722931089,18.257809296648016,0.8707447371699106,2.013104567033343,65.13278942526263,777.097144827678,17.982082597596044,72.5853084338395,88.51066619492175,25.509511210665252,0.30933706331571176,1.7762177976289302,Low
443,11.632827674896035,37.49489467744533,0.8092755512982428,7.332478428509852,20.28417764327458,1691.0000119981069,35.335947077741075,79.02827353728418,86.03970134182657,83.81974975154841,0.2519811604645287,2.251378109807838,High
444,9.205771080092077,24.097437661062997,1.3324441647365768,3.6200122686834826,40.90155785917222,890.6099906428065,4.559602074623292,28.881672571762152,89.4788756270134,40.16950163434075,0.3331487095640792,2.911316282050831,Medium
445,22.346134656806658,38.520673429351156,0.9505650111674,6.007620467288392,28.613149461489584,832.6050890438806,23.238884979050802,38.74973785689646,100.7161986889554,18.591641082984555,0.29569690660898246,1.0200272367844252,Medium
446,21.134966857812124,16.308144850379676,1.1275628902981452,6.838131684761538,132.44632497463456,105.23249721670396,-1.118717426451033,62.67769740462303,66.10309619691495,80.64992569812252,0.32777592152942037,1.8610082108704733,High
447,22.184311643945165,20.090763584033837,0.8631879564521641,2.9848864433540125,106.20169963069343,1405.79385766645,41.466193980768765,55.346147192493525,154.58294912128844,50.91251550176885,0.25414571839794076,0.90914802065625,Critical
448,14.313186320069871,16.26589513454534,0.8275868808709979,4.655056887975373,130.26938684212058,1624.6299239719547,-1.3808902420335745,96.11038749705365,81.10980767437049,54.316970804383466,0.22184781365965348,1.8989999313121741,Low
449,11.560195564268625,48.11641254254039,0.8355440021692215,4.9630156439115405,57.519425182153874,1343.935993139194,4.431017951464911,18.683449993441936,188.92186209058787,26.773244993455414,0.24985057703304836,1.3549707030726563,Low
450,23.993033217023132,26.216158434036963,0.7931058836326066,3.8727167920352272,47.01200472805051,345.1538552142898,-2.307987866126682,35.127837245114165,82.35294708648061,69.48055485450351,0.26828965210627737,2.804344164402516,Low
451,24.341184876383352,23.48879639640904,0.946300063025044,4.890534978373889,57.08807923466506,251.4222617276541,24.317957595687012,57.27552332848548,88.34630439631627,59.61171863103559,0.28001110627182385,1.6766834874007912,Low
452,16.390409349171016,10.568086246830589,0.6005320821043244,3.905273945932028,2.7822293586611204,1167.0745656561521,65.77626089765137,86.7963769936152,94.55303432162245,28.600564401016822,0.2766213823567306,2.1945193813145742,Medium
453,20.297602119183104,16.136703176435496,1.369266232610185,4.164486470331255,108.70564127228373,832.9566956599737,71.6206752470445,92.93485246909917,165.28071455171238,40.62983575952861,0.28190818886548463,2.692631982592008,High
454,14.33799160579353,26.84543424969998,0.6997026577126475,6.015987072216434,52.465868534261745,886.7406777968997,-3.529949085998795,33.603633082759856,114.14097311630447,63.719135860255484,0.3262558647834421,2.9641220885177884,Medium
455,22.54868000299517,12.740111702875762,0.4770286010128162,5.795559609829983,46.998570536518756,1937.210481148865,47.10951267754643,6.710846152635163,172.9001936045928,93.23850298900692,0.2255151869282255,1.9084026147228013,Low
456,25.89303991619678,30.429573180248678,0.4158605743172941,3.3935943547851517,89.72115980557993,1461.6492088264777,51.59468821328661,42.161969792218514,167.7280568533683,92.83387152893425,0.24740769427533063,1.8026669462952032,Low
457,22.205831933391234,28.200617538577912,0.3161074981441531,7.384897308772548,65.43748675647247,852.9860914551256,38.03929481888217,39.43441432335071,189.42356341512,35.911531395773466,0.33329127356531774,0.9666272196522092,Low
458,17.814565671178414,40.68672561377408,0.8074272942802336,7.176731274028343,147.12650523358477,87.24359569134404,50.02863753225913,98.64870679296895,163.49062326560824,76.20588799838964,0.28406873068374955,0.8280256753418731,High
459,16.466448987309256,36.39210805601266,0.5251331862545097,5.05449984013971,53.4379564348202,116.48661081387702,11.032164389878574,43.10612442907894,57.786675450359425,79.79671724714285,0.2875084805554358,2.1393646034966918,Low
460,21.057991274393608,27.83789221282295,0.3259774831046975,4.599504456174502,92.084376331187,1385.3672065094195,34.06797906371145,30.572299930322945,175.59219105485874,82.79407899845152,0.2717093816920928,0.9440215747248213,Low
461,21.995272290033256,18.986428004202857,0.9240234555474285,4.261135897904653,46.74766509144776,1683.5905810596396,25.178826413224563,36.5377374534934,190.71088950581168,61.36860562763321,0.2823461952479209,1.6368336614846413,Low
462,18.968236088113475,39.07454264071225,1.1159742583809138,6.2436075119986345,148.58924703159852,1430.0201276218834,-1.9262843704332049,39.69262806238139,199.05337888245035,10.945719828962902,0.2297119595840152,0.8079341594342153,Critical
463,20.623556877684877,38.31448413816817,0.4029012610933252,6.029996343256823,66.76665520801922,841.4811175792146,46.30007957502401,82.1540382196616,68.79013911986976,78.55086569016237,0.2820300349127192,2.153500497724476,Medium
464,7.414717062363305,16.131846420615496,0.8531049275035916,3.1770836416278723,95.11932163002044,110.71468896461064,34.56936734043916,8.101489283126417,141.9909903989802,19.593770484641503,0.3495759691866675,1.7359133529690918,High
465,28.79413790355817,46.59007325701611,1.192354414320896,6.028748187802168,19.008250642901558,1936.433178958698,14.765662421232488,31.650704887502666,79.91879988262392,20.518424759836165,0.28490713593862765,1.0794456935298333,Medium
466,24.76932659330085,12.576204640601727,1.4829681852101102,3.51458716461224,109.95363222954872,1973.355321208269,32.63167343630343,96.63184919070996,89.37644613688985,64.50623223815374,0.20666036984090455,1.4520087350498088,Medium
467,14.348196742669595,12.201508355708647,1.100628413571073,2.1113500191411534,40.381508681343306,1121.2608753163238,59.776821655775265,15.310250479879993,161.8376507334287,98.51684689227714,0.31946534665259896,2.053253537738234,Low
468,19.070315273840748,17.494016706497078,0.5938074609714247,6.195252065224262,67.29198792445078,187.8083811554559,62.149198652725744,74.260132153259,196.65015765485904,31.828552593921984,0.2594713143085081,2.2447694096219495,Low
469,6.183113253410534,46.37843192195085,1.1598643677347995,5.868761614764497,132.46995934911868,1104.8963865332105,48.45735158744322,35.63935011982904,139.22832521945344,68.12297920460868,0.22305142227523428,1.817138935259583,Medium
470,6.03069534997651,30.799924961476872,1.0175153121837959,4.464855574246049,145.5828772327652,1790.0600169305762,32.09730500601474,58.17855261945254,177.58767047333708,37.32882811638409,0.32937797093400367,2.5687100554000812,High
471,11.269958377799068,41.517636826916004,0.5541591462978572,5.1541163355170365,63.685815276053546,1375.9717447500163,41.81746752834632,9.954803850888204,51.33257057432419,90.88535022494767,0.22969598833024513,1.0473689057465685,Low
472,22.24254105911558,19.113727523060025,1.3213329910170657,7.683015150234558,125.22040019317498,1453.9790005138123,24.651383422005544,30.641166735394656,55.49474597744289,63.41652029024777,0.33811510847877996,0.9860005897472972,Low
473,26.30369369500029,29.608878986149634,0.812885312673121,5.571201085432627,8.002349182479113,215.6911829928861,1.3900708694814412,50.086494166088826,139.5086505988795,28.672959489082377,0.2662694735663908,0.8973373918391784,Medium
474,18.97964699949621,24.331578544955292,1.454373185680951,5.947303612019189,127.13610446853937,257.69769221201284,24.70585376474827,23.17006581758584,108.34746524006587,33.59179454008854,0.311418625212455,1.9788212467887731,Low
475,18.303318489558812,43.11314428264771,1.1674812089373334,2.3834679256948466,94.42654832289745,298.33011393297625,37.72994804626708,54.18699430531522,183.46367224597307,48.923265737630885,0.2820493775507781,2.353709749315808,Medium
476,15.05773834478665,10.904177574369065,1.0734757855581865,2.9959667640507517,73.3059252587403,1813.5348256389357,43.895061318552564,21.97593140627163,95.29728696286006,20.983920582683144,0.2384940205872842,1.0871470787295654,Low
477,9.039948898950529,19.753709198644213,1.1740234049718743,3.805713658469529,133.49455577058717,1075.406790714436,74.22208784491588,65.01005526505539,114.80765412560712,17.08600314371335,0.3006635261743878,2.2056803680818637,Low
478,7.958852533164688,16.10296897209515,0.8737164225818659,5.236275908168858,126.80058337596208,1593.5714379663327,59.96001005275545,90.43543402503143,129.18637967473524,71.20552561731606,0.3436868826335222,1.8492850856169765,Low
479,24.016994030524152,44.367561548862774,0.9062717733620087,6.659545375899928,44.5417643930358,274.81795677302046,3.679330530020959,8.548863735157141,90.95582493293713,46.644855588020825,0.31544554501871186,2.972157900332453,Medium
480,28.18758878241439,28.701753987750628,1.3214488625336926,3.927445266731522,118.72325735171363,1858.9032757417601,5.676398598763525,21.661603577608634,186.27423011799414,75.36032126832494,0.2906026994862767,2.3784419403861055,Medium
481,16.45708040965683,26.168801755728648,1.1171142439722033,4.138294582872644,14.92364004935589,1651.2270784195598,-0.9554716684221365,84.44230272603299,119.68003769871457,19.905238039385935,0.3485942162398785,2.246441337421577,Low
482,21.486141467890956,27.979310484043193,1.3766919902299701,3.536905311042493,123.41459032010552,488.29008231194445,56.4363554498826,63.15534854419575,113.62334136785253,64.88789931109861,0.2397990001014027,2.054989416719158,High
483,27.86144127202353,48.87698202809341,1.3689921042891222,3.527655975771835,101.31834270348757,1754.6553549232094,53.55100506426714,7.870891714256523,177.4629573401499,49.89761140327664,0.2093512231864171,2.994205599409349,Low
484,7.252840823353614,44.010695773436964,1.471788040853099,7.693183075368779,13.17994963979141,563.713380823778,78.7726611527193,48.63501151094953,96.79676024718478,15.21987890113257,0.20481962991738967,2.95701017588007,Low
485,24.262036327975746,38.2547508740123,1.140257590614401,5.81274307771334,102.46202602112031,450.4127647111602,36.98210758979138,20.9758515011335,172.61980167664416,59.03217804483792,0.30660318193381975,1.9838532760879475,Medium
486,20.420422109389378,21.619158368930186,0.9027620611940903,2.9354074612396808,87.07789150145553,565.2756767838141,64.37734359639937,19.909639407006974,68.34092790820242,17.45238472430912,0.32453485471012555,1.801403364135376,Low
487,19.965929470746534,16.60691998073791,0.4995740402508988,6.333491468505559,89.18251517175672,1824.4123733815882,41.87958727785088,94.06453433605238,77.41828000473495,84.49477730119072,0.295265080622679,1.8166528299438554,Medium
488,12.313510712039246,46.857345160978134,1.1464566715769007,6.332126860160174,43.62959026945478,1835.4043717539955,68.66780412746934,76.1541548076109,192.62624992576022,66.8761718851026,0.33575398961647973,1.7423532587114043,Critical
489,22.097333869441922,26.923020911859314,0.6498932601119168,5.99882117632223,39.97458000192679,691.5417606415392,54.89189353724764,69.62305935241437,176.3671236211562,60.12707803844035,0.30469640710098805,1.9690762753919089,Medium
490,24.869943870519414,21.15023197874517,0.6395370816447974,2.8083226705439817,114.380266808103,1425.596660934375,47.85956134921276,23.89288170778586,108.18483521846093,22.01221040226931,0.25564319696135307,1.4018853891916156,Medium
491,7.821454123592429,28.836833056705416,0.5859453317376817,4.447948900817521,38.52202215258587,1367.7032475701574,40.861040388474535,11.857343304095046,145.76846730755443,35.87114021536747,0.22718874374448225,2.8389353228517384,Medium
492,18.338035774524595,46.713896912814086,1.3501464688217402,2.640537982966479,66.9393377714848,1622.7971326542863,55.06734719986774,87.08326212853501,191.44552841464338,54.35883074217694,0.33869712178387346,1.8785061792162576,Low
493,7.531629524685242,25.48269253565173,1.34155733601859,6.899723024552819,104.21834978981771,628.1935252771556,27.768845840390945,0.587956934245093,81.77883542961264,66.99551622757193,0.21553957249962194,2.65241718604494,Low
494,26.814350482441114,32.50563988992398,1.0571645338440698,5.931032859067516,11.942437699115665,1044.7701567252836,-1.3081077364902303,38.80964237010196,58.8515705334501,26.490764686794,0.2814482605619608,1.8456680842687643,Low
495,17.690918066408685,42.118652044342674,0.8675771776448831,5.04322362060691,89.18225739174858,1351.9642044661593,-6.401248408194328,27.761250296133355,130.6202096757958,10.797965032026106,0.24710118879102674,2.3802386026025344,Critical
496,25.199142231518934,27.08530124193565,1.1065373521185589,4.05809285900358,88.40645589721758,101.2007966793168,33.11213584482565,57.037620034882366,71.38953179953899,41.0284168542366,0.2407122511279509,1.5411403218484763,Low
497,14.202140941655356,19.34167207705473,1.0286753403580688,3.1054968469666004,102.63430663320382,784.6405533953615,43.93624239981272,25.050843588583472,78.09786390670627,53.45843091006192,0.29687522778753445,2.1745750870131735,Low
498,8.126955670408135,49.781029935321335,0.7988810979880647,2.6386855329986476,55.4892142958488,1406.9822974732094,-2.9035872486437118,31.120535932830794,183.7308784597369,26.599015503712273,0.23468554060865543,1.8964171799920229,High
499,6.037482609642787,48.26283429808639,0.7555570409827612,7.815443645221397,67.34696610957596,542.5604315823102,15.821319402089202,85.00398549931936,51.1105187967337,54.294895526968524,0.3374547660113594,1.6076513643739418,Medium
500,12.037740519309388,43.73916676502056,0.7593531697744202,3.1978918517361383,49.49539709170405,1917.52300866265,18.98289853779384,60.31888234045187,172.52300396958026,40.463727271234184,0.26090658636486863,2.7394237743496026,Critical
501,11.105842509101963,37.534955175436906,1.0069600837872459,2.359247760328314,121.22523707831637,108.81467443833596,40.65159816874261,14.568252732936838,127.54261645034114,50.958069949576696,0.3016063020094518,1.0479657020475999,Medium
502,19.008799350499046,21.794625122787878,1.077203227344991,7.770000633094979,19.59161400541987,1918.2700157954746,15.063421043851019,72.64715434958316,133.89415814679506,41.27119755207346,0.3091633575992877,1.8712309263020428,Low
503,5.543470951592684,46.53651752656128,0.8420901042185303,5.293710448146962,144.44309303629947,472.68954262028006,-1.391626039959398,20.74592014798784,150.76519406845438,66.56210648081202,0.3024412541937995,1.227611961185501,High
504,18.014263607479336,21.02226680484915,1.4624297402556516,6.779940409946857,95.2254233968826,145.20298175447147,4.837106685189511,43.30049301124801,114.71674884620155,13.860730989421452,0.33551003613395347,2.6943212006787016,Low
505,14.794293550300079,42.032379787073296,0.40061486160537724,2.262595083189911,133.03600865882638,620.3243647859371,5.655302144377389,64.66072368392933,67.34178322886221,25.38147609498462,0.2346696295408997,1.3576325583744597,Low
506,19.428056747861056,46.730326717652254,0.7164564311445324,5.401675144877927,63.93471873971464,1583.2504992159393,65.84254498004853,27.192953745748728,65.42303357072358,48.947578219989964,0.2129081817029152,2.193546748246008,Medium
507,22.560438203759116,34.120153617196465,0.8028896197505291,4.389259784707971,49.8418605587995,1517.2619125737037,15.58877182804623,38.410681467579224,163.15432987759138,42.0667043996671,0.2083198545897574,1.164239733187779,Medium
508,20.852298626995974,42.12224871564715,0.32030561215793174,6.6317866060993005,135.1088715185975,457.2388120244445,54.32225605232813,73.41495973041509,83.15527149009273,45.246876035843535,0.33167662257125374,1.6908100728358408,High
509,29.616109234334157,41.66780396806986,0.7379486252018701,2.2305538738343516,14.830954331445417,433.74076050400885,41.105487170537515,93.79109534243433,54.21525254264663,82.33846253924318,0.3459930574908773,2.7785858304286015,Critical
510,8.456633596921776,17.726310044839195,0.628451900607411,4.4101434113696865,17.56608472579167,1303.0308358188545,77.93348782547977,52.924505695947296,196.94208336484115,89.76984924226291,0.2453789811807069,1.1653417776842692,High
511,15.743425223244463,36.71697894384339,0.9072435242729768,6.794440516917176,44.902016472701604,943.2612448676745,14.5540401992182,0.9970971556622743,197.058727904104,32.380190514781305,0.3040270885362454,2.2590308157663475,Low
512,15.620768416082779,13.738717476177742,0.7036926566199231,5.13618358783022,143.96624726494778,1594.9654089952594,4.25357184762802,33.84637512418305,106.72120060156698,85.27519542576749,0.20133691762576233,1.2499228152231006,Medium
513,15.426330092573016,30.314005725499253,1.1714185619357533,5.3002324459916235,94.96029147976606,97.0589184504795,-5.316594607489566,39.86343348455345,53.82857668356698,51.2910878761322,0.22829472651739818,1.714647915570765,Medium
514,21.594959801066707,16.4894219256231,0.9119189944891781,2.582988091795793,83.12905449230973,1240.3031284831136,11.686369605315246,33.91736200022441,159.08969878891247,34.64385573575987,0.30339115736924216,1.9893571456241186,Critical
515,17.24570151366806,26.653979951857266,0.4557146801955172,2.793983336720548,105.80345045331309,1474.810423867758,51.566379777385336,43.626886111556274,174.65180907285037,98.69104639042105,0.20988307089728492,2.0700741200174453,Low
516,17.935813995324075,43.319282987937505,1.2000735889732166,6.061997632194715,62.62118341172493,1987.1029184559045,-2.3267597826825446,63.26662538183997,68.75205351737146,84.23216122907506,0.27027650748797366,2.125524942616942,Low
517,15.808899803669117,49.48671358520818,0.4190746752992119,6.050279733739519,113.71102521311988,1373.6243037618515,12.023166063469269,12.112802699775315,70.31879223638543,99.48279871778824,0.2993874896560923,2.208289113860029,High
518,29.792486525464064,22.71839326638471,1.3068590016952288,7.87462036551364,58.98460469593164,502.0980552724343,66.97775313656108,27.263050886750552,173.3335999545186,25.137170598542916,0.3148937256958276,1.3978911348823546,Low
519,28.189033720476054,31.278227951327064,1.4177066329034633,6.271717928393302,123.95447772846968,260.96308001607565,42.46576544280682,50.764808601762454,188.28610830728522,22.94584065530728,0.26807238705865555,1.68300846857775,Medium
520,12.693104734109273,30.451920974819544,0.6869343482218246,4.959460975600684,40.09426231147568,1299.787710555947,-3.743061377212409,31.55733081799751,168.61322550112243,55.304015764981536,0.2945426059244515,0.8821010598651418,Low
521,7.789848119166679,48.176060393242636,1.411371159915517,7.143966941201317,41.631998894703635,1070.2069816605213,-5.708517017521305,99.10853381353594,80.11174237542943,67.47793840310985,0.2809363444343092,2.4912653483690255,Low
522,25.99411810096507,29.14334929731094,1.2516097909470458,2.626837914895617,78.35749581401028,1803.333312467782,-4.498941220680981,43.143146703748826,111.72818291513315,25.395408328001647,0.20784586581249817,2.6416189039355853,Medium
523,29.929256285643113,37.96424821598791,1.406922733204524,4.695774925377528,64.61417375426026,1466.8856413034862,74.76875451325274,86.97991535922162,140.1263638798871,87.43876012796883,0.31142070308897696,1.2383208796682004,Low
524,12.315222350991139,46.871569324341046,1.099524164305017,3.7226546655654182,97.21737664270431,1043.9977775831103,66.48842857049492,89.65098356138644,74.0440210731243,57.881213079702704,0.22585428738280625,1.2431767221853,Medium
525,13.944623146044156,24.935142381473604,0.5827728473057062,2.6278268415657537,54.64361320103684,836.9994679920378,66.04460378168973,83.60069997223499,81.59037389487625,46.98476498985827,0.2047708296850762,0.8924800848189256,Low
526,28.540829537130072,46.084889529815506,1.373427884293167,6.581012508322198,34.58259736055502,838.5306641630996,73.17950860191912,4.689824094516782,92.43291081028325,64.18483056343406,0.26767518744325586,2.934844410143473,Low
527,22.778237950077248,46.69824887564054,0.5211180914048925,5.0647521829933035,70.47128443243516,491.29335799490735,35.472985122581925,94.77467316133514,126.42699054362548,67.14583416750602,0.32984563809222656,2.5758104498579044,Low
528,12.390958294490904,47.226500158685226,0.5556726612210425,5.3406123193849435,84.14347492457193,83.78564492360925,12.26102040290096,12.874256213317691,126.62073307663213,13.850495288541472,0.2226244156491543,1.5935470463932706,Medium
529,19.52616228209788,20.817847418857056,0.6252755881684364,4.4675311274619744,21.390008074453565,1171.075647003857,26.12132038146663,3.4403627714294505,172.1441779021329,99.99034000345443,0.20192863011754625,1.8601981972336157,Low
530,28.6057394841064,26.01422377079834,0.6650955737839015,4.762023389616411,83.5077938599748,464.2087284202696,54.69776655954297,41.43696079065575,162.95153010314385,42.752761912402796,0.21649688536481257,1.442327313431911,Medium
531,25.295327673644465,44.81583632902807,0.9173755705572366,2.6961043227380186,47.88850578718453,456.23748956968086,68.84295843691386,19.463403275785605,187.0603512664913,15.538838221890657,0.254548867149741,2.113936730308586,Medium
532,23.54581784321649,24.36647297121675,1.1561488325208529,6.037506945721859,58.86778273027618,294.49339591913696,29.158183402957185,18.419652966323618,174.93525842368945,86.70908572979637,0.28702578049869554,2.3780785071337185,Medium
533,23.42490779317556,34.01012131734021,1.4114498092808205,4.594684157631282,41.897719359492186,419.7112058445509,38.18428598438551,28.78196133761506,88.0816322458482,99.3716811291081,0.2289518200978839,1.7842106515821188,Medium
534,9.450508107306758,14.722180290402079,0.4061251048026029,6.900605438777499,139.71154916895898,111.98884163251847,73.86046939486279,24.840560524685486,99.69451539559998,83.47226582944812,0.32029460075338556,2.721907225241572,Low
535,25.617030980698413,12.25099952444963,1.445243234673883,3.1777232008584564,102.50044219203208,1364.7513270096374,-0.3251226601513828,68.4795402150153,125.06348654488006,86.66942408738612,0.31299456808236226,1.9374568968813821,Low
536,11.902965811086453,26.479759579686903,1.405587560516176,3.2303305605130146,39.36904671010251,832.7243768097538,67.60692952767116,18.677730663607008,52.14067018454669,66.33416027975059,0.30437954248980487,1.1173571919711838,Medium
537,28.259166447538238,33.1566613037087,0.3647991506172467,5.874557429184127,96.75470018279252,1144.9729676076329,4.337673402674232,54.31183051972586,185.5853009425582,93.00930203988396,0.2731204712473316,2.1690410268428115,Low
538,14.115999775344575,25.707964534357654,0.7323853652298753,7.076020540384381,127.28586143730692,1292.0673551405591,33.547521526155826,98.64265461435298,56.651631884350884,13.216469655472078,0.2547825432700978,1.8169081249971657,High
539,26.441509926056412,33.10943080643368,1.2757720683592038,4.833187031709052,60.2445312499153,1946.3448964385104,9.658081579675361,43.238242095628884,98.36619062249545,79.0051476658781,0.2563379931447216,2.8584780987797966,High
540,11.655837362945036,30.603375046871403,1.0338918545752813,6.3617232123986,124.49362637342735,183.11843841822693,44.265286762154375,64.18731087954365,135.376218679461,70.36392055006681,0.27546058024335995,1.6621666260590098,Low
541,17.863173414556012,37.42828917144303,1.2349127320581244,7.995979528958514,23.162241650998855,864.9394854213041,40.271607953743946,96.93716777298737,127.67620829102987,14.462647347160202,0.21159720303239818,1.686304626130229,Medium
542,7.6721323872265135,35.9812972426156,1.162840006547865,7.941593838373569,123.4172047299252,529.500970376638,24.200662781667667,13.763899804136425,148.1689839238812,58.95762210788314,0.30234581943005917,2.2317014575195424,High
543,21.50297257490435,26.969828128263202,0.8961241357525962,6.466021056930201,81.04413640085495,979.5882671207876,67.69731633606119,41.86070092930494,129.12802629413136,56.35543111820826,0.2527261316013953,1.9593696803181417,Low
544,25.901981879170958,26.99980961679453,0.3494616551420394,6.437518938069493,33.44617320149732,1844.920986197082,49.38319882592538,85.01924001952541,84.35021385545517,72.2380802569279,0.2337138166908033,1.6237897305845568,Medium
545,22.9611820325604,15.63113360048928,1.001121842477401,3.4857133231934343,61.07120768338671,1461.769317233895,54.90846124657493,93.23056827448798,80.16172816908079,16.977827044825528,0.24174906057479584,2.977503714496197,Low
546,18.08146282346643,30.52954288385837,0.35827998367115516,7.0012377892626425,148.1989488669925,1340.801693635792,3.559376438690169,60.12360579589051,186.08706036132477,82.47509067955708,0.22704414279293267,1.464808121998717,Medium
547,6.127896965036488,33.487165125427865,1.024472061042157,4.430612762282723,117.53340249636392,910.4294590407959,69.48491101780559,14.342060254022337,89.59501051033888,22.54630978103542,0.33523521282916824,1.410563342367063,High
548,28.33602517927146,29.05957589415305,1.2604930349924137,7.771963459200936,86.2629542077673,1358.6693718301499,5.033614725801655,90.1471583947655,92.14658508192701,47.67981521156854,0.22535562745438267,2.7017407827486277,Medium
549,22.637238714465866,23.02829340347996,1.0019900984423022,2.488566132241613,17.274586785678835,113.13198568509577,10.050646778896418,17.444656619094257,111.9429344150517,89.31592067514724,0.3324389178342294,0.8074204758112221,Medium
550,23.646605959133325,38.86594177006943,1.4964261654740365,4.615042213236356,62.67173743522503,1193.1654104582942,1.5249624647192395,35.28778483321185,70.91574907249608,60.447844494594676,0.28583650939526767,1.242756953990797,High
551,24.86701438777018,12.986465785808964,0.8470398002165196,5.335042926100991,39.45772710179059,1129.8642970685341,29.632328717193403,37.550797776226176,126.09092666348606,44.16318223792609,0.33011764330832905,2.0989827141763477,Medium
552,23.69358564819027,46.57761479016189,1.1985929563247848,4.430937242516989,10.650161925808538,725.948842328226,69.89383085770788,44.729153987262805,149.7547642553197,14.33820178412531,0.2711096325358268,1.1573911612582628,Medium
553,16.027904102458344,10.825737581831731,1.1006559500902888,3.26347514302966,81.33065830789725,442.9525445770114,12.720276764887359,79.01658159309495,167.90007381160504,70.50461654815496,0.339145057922161,2.968768629991894,Medium
554,23.34054573219867,48.494005337531114,1.4897180298697055,5.55793093269506,133.37785497613143,1624.733324448637,23.63780783806579,80.21443781024846,156.71813627963436,98.78920887761056,0.23172361154125254,1.8212303693275884,Medium
555,20.625669695258225,28.4942240373865,1.155862806092526,6.5355074877508255,101.33998022611877,155.03112318743814,66.14597780678798,71.96550732781142,72.14539461203955,92.06167588825446,0.28320376292709115,2.114200964913212,High
556,26.350408341719664,26.506797760141648,0.4968368777512673,5.869031576121179,37.452058197076674,185.86208562599617,45.60337517830003,2.212867442158162,118.41007174563859,74.55664698160851,0.2188758035770504,1.152821623231425,Critical
557,25.06149538343426,20.257760698527527,1.446621247700689,3.4066930928482373,86.03769104306836,909.0174007690858,57.645475428164914,56.484510221715155,55.787930121226765,19.476357243035054,0.26708304278035466,1.4366318219182412,Medium
558,6.034359561681497,10.402845393291326,1.1013326717349134,6.389647666211143,141.48514250204533,542.4813674467798,9.260004449250335,74.74929558814,52.66969950814239,31.549608406035475,0.28548555449702634,2.1521745218947146,Medium
559,14.472177258315131,20.99161057687199,0.3712058769676678,3.5413868362673795,108.4372579384403,1503.6322063386897,54.48408769993179,44.46252400615428,116.01956274107009,26.816411750795833,0.2908512833259758,2.009017421230075,Low
560,5.867903804597364,14.375997018413358,1.0890819669415348,3.05121417754424,103.42108491101459,1286.6706499963225,10.484952077759523,94.49360453653965,87.94407416864436,41.991547623008074,0.2548293195360919,2.5256006799705655,High
561,7.551873119152448,36.39283370773579,1.35974328800973,6.144008092632333,145.22372493412743,1556.4428524469313,78.85825839895949,82.3810521880351,152.5041192310044,31.196550501238196,0.21145034632496792,1.3923129928634956,Medium
562,20.035268050090284,22.76299889282905,0.9924502343880299,7.056723476683574,119.83099667760372,683.1239648587122,40.389754051406356,63.815506548683075,158.63611802201189,31.99955013745239,0.2982989107073979,2.2377927227543752,Medium
563,26.845545529056334,40.68717313614646,0.7248235656384134,4.889236686179446,20.49353146481282,1494.0119322548414,52.60753322388233,6.242518368251337,184.31055868373835,65.50569418378652,0.2732647790679917,1.4401461126475041,Low
564,7.995618967731681,18.276647493844678,1.285091560884739,5.188350758830627,52.14526304643021,1731.491310251478,0.6561425727352539,65.23462475831381,164.1023770308558,38.68323903652451,0.22053182999558854,2.090855763441465,High
565,16.277232186670787,46.00939429728438,1.2390144098469953,3.8164854228273946,144.7711051106529,723.2852641162149,12.559038203741256,91.15796012522189,57.236618470481254,70.94465888252257,0.34038139541091494,2.131068128907459,Low
566,27.771972620161094,30.9192606042333,0.953018585077561,4.967708090660193,73.45580912969967,712.796851265575,2.57665936079189,37.94453868809514,105.74345155366515,95.31006932315624,0.3433502993275165,1.0680460449798754,Low
567,25.357524591789694,14.580247858759257,0.48523412387508036,2.7918979880744432,16.745616798177803,1804.9052376175312,25.115364374455076,83.8132525605361,90.95350276281832,67.46301249519152,0.3284909419747053,2.0069928435097855,Medium
568,17.991697411648246,26.033809426139157,0.6011837826278177,7.73498497809794,68.79073195085128,147.0909937160328,15.572227778485864,31.3161142862179,107.91986747407418,77.64910094893341,0.3265802450776396,0.8262642598992015,Medium
569,24.289285983220775,18.270420962790467,1.1861807666233268,6.802163921939577,104.54898511062011,732.8693411751465,55.963003366751224,57.01032915473028,74.01134884530524,77.64223737545541,0.21480069138020844,1.9026636530243215,Low
570,18.067344351113427,17.987417046727167,1.267298598473913,6.007838364933109,149.63223325218618,281.411359540018,-0.21619183346639304,64.84244183707824,64.65561555358902,39.76325095593799,0.34901301643738514,2.334548154937765,Medium
571,8.95230843207122,30.254789506088358,0.6351183336491877,5.229166230106418,48.58579748448028,106.51215098745365,57.68534316053314,67.79950375588949,128.1476813762601,11.346219513409196,0.2600571019795597,0.9602320037779752,Low
572,8.118402830541978,36.875680625454905,0.7415820926241439,6.753014817367787,77.11303123189106,270.09536441130314,-5.886565782527126,88.25493144643481,158.05719662995915,14.954316669479299,0.22446816738006703,2.86516379611746,Low
573,9.709205801676745,46.464728220137125,0.39315826229975415,4.968543437514826,131.95210569746908,890.9292928015401,8.181605359015318,23.462226700628207,155.28663528979143,35.385422579610264,0.32181525923258314,1.8092621703767995,Low
574,13.773052374141987,30.086480430546136,1.1561543380397996,3.799843448927195,53.290082708600025,1389.564334994192,61.27684927681426,26.236958528897468,117.64164832643408,72.05888652918382,0.23385961526945867,2.8645158063729363,High
575,28.263231691850468,48.633551002333206,0.3042930535200376,2.9622454110000325,16.389233488628584,614.1007276618277,56.84989769971054,70.40409933107368,128.34184794334192,91.60148247834633,0.27892629810043873,1.0362765321204916,Low
576,24.991960341340036,47.665394082934746,0.3558498254628817,5.885513532810844,142.3403812502256,1706.8668494321932,32.8693502526977,17.71938124840381,127.4493083762962,96.29184359716716,0.21920240978051547,2.889785707722977,Low
577,15.820039030657938,44.602501199374416,0.3052128813409079,7.576554470159085,73.26612100702502,903.3504760397825,-5.501555643020337,46.42704049639603,153.73555666520843,12.32637974560661,0.27119685849138325,1.0402336187357628,Medium
578,17.32691774468935,29.999090598496743,1.07438350000514,2.921711321026107,75.41755661579576,1938.0446993754,44.89043675023694,2.003438407721514,57.188776393403614,99.10785210694941,0.2837212240104413,1.8152907565929395,Low
579,11.64023644166037,15.636157747519341,0.8008645532406558,3.080108270304841,93.18002169062733,1910.603555415215,26.605169357668856,14.097933699011412,156.4844163306836,39.02474965210244,0.2668885939927014,2.8635825467991047,Medium
580,22.608823911803253,18.716178792615395,0.6570561136119963,4.601636200457211,0.5304935554836909,1557.8886342002893,18.48753351781728,67.88463850288615,137.33013511359312,85.86606054116038,0.21042302371289795,1.3119580408555174,High
581,25.06914178655095,35.906800108479025,1.3952412124285325,6.841396087518134,139.66967633532738,1868.1907174859055,47.63695731438808,74.7461603481754,79.71630720073614,26.226591462710232,0.2727408545874145,0.876526957889215,High
582,10.972617391689415,26.870199211367844,0.531363353611928,3.7635363738290275,54.21766271618125,1428.8373485141676,29.295310598155368,11.531903323787684,57.358828061939676,15.660843184617327,0.27034142651612236,2.544843485062086,Low
583,6.0455405946616345,15.872065270159856,0.7672416124576806,3.5234775480201685,59.53977935765229,1796.3872204828037,-1.6821009592139227,22.7709550411197,66.27916858368326,44.05198816564187,0.23924304159360107,2.110944002871822,Medium
584,20.59722357907426,29.159757345572416,1.428374161113302,5.719797748777003,26.116387129985245,511.1237488642977,72.43554234611099,9.89044465370511,128.70370121289045,87.30328496776237,0.33824023994861546,1.9306266243831696,Medium
585,19.062802978382916,10.697221820081836,0.8125278754044509,5.213688691245991,56.72274199386916,723.5693903447574,60.06437895080411,43.34128439251168,163.76127951369244,29.874242429003445,0.26266884990473843,0.8755554455770804,Low
586,15.05327887572191,39.35581483598373,0.9656324227764692,2.3613221866714174,120.59152961640781,1518.21362870948,-4.925962783850281,12.611607074463327,100.19859306867517,23.856159317665796,0.32961736942945774,2.2371087913750594,Low
587,21.097348544330252,12.943251779587634,0.3964042398833851,2.4889398638556592,119.99875088333022,877.8944145027864,37.2557483171626,43.729601716689004,106.86858660578325,91.88238960551715,0.21644957444501628,1.1775713741460425,Low
588,18.765332449628588,35.16454479648476,1.2481996642721547,5.858077881108597,140.3695261343179,1682.78849595781,-2.4960193391234533,73.20982558011316,190.12196225691687,94.45034823593132,0.24783159263092722,2.8486326964503297,Low
589,11.26453941485482,41.72041230502398,0.8073105325058858,4.790741594886677,60.48442090211937,1761.3957995961614,65.35608731526365,68.33886331434175,81.9519626048864,11.129337927001803,0.22644962806520602,2.308599292366501,Critical
590,14.943224390568059,15.305754978158621,1.26061814951818,7.825863149534882,106.30822556228765,634.4724952058035,45.171256494677465,28.046048685184523,65.56241368630275,75.46921636739334,0.26126161817722887,2.3554745536744406,Medium
591,15.702839243681042,30.7455476266405,0.6045571710671905,6.071188464380389,76.08563328113357,1655.7290759696684,5.520422021576161,67.37625492469324,101.5115170700027,37.8286962876394,0.21674550307563178,1.3116765997448172,Low
592,27.00619986188909,41.16270057437879,0.8069745006736919,2.0604419719593885,120.60341842786964,350.81532857704264,-8.13327914744193,92.7712130899577,161.88831792384104,43.72339329704706,0.26615522087684307,2.7376584437247806,Low
593,29.022603853223988,20.425338190280055,1.2438587236380123,4.886112678802771,106.88130136994954,701.6835874968557,-7.157708906822144,34.75243870849155,143.91159365841978,52.21926774563409,0.25308061151723543,1.9830116557230424,Critical
594,27.325034059912426,16.516663720064763,1.4686533204523677,4.486687610212877,55.18543879294135,1060.0316546867084,35.662892485834675,32.911915369760656,112.36931590543537,48.411187315706755,0.23349725709110078,2.6855851911913073,Low
595,22.97945060129949,23.472764438698274,0.3715506292647226,2.640283159962612,50.50107513805387,491.5653361025897,56.09361308090965,57.14386514820175,194.71287992477457,56.34764064838947,0.2963269117925472,1.3960844446310072,Medium
596,19.624818340145545,32.187967063332636,1.2749474129026852,7.5392530152331405,37.86636945419514,1179.5722676716387,0.8756406200563234,24.55018110274718,160.249465744186,62.412554416601466,0.34263672322217475,2.4620157688161415,Low
597,22.231540886648876,33.01118379419,0.6608268811525322,6.830067794490342,86.47736857329566,1178.4554034994107,9.915565932346176,65.1578927980252,59.27921365749407,51.90359543541318,0.23106702103243804,2.0640471880521045,High
598,28.477730518317223,15.23505333830748,0.9608919370692866,3.3805154505200115,144.57642773907892,453.4606449592662,19.453395065257904,83.2261770672481,161.69471657810726,73.14071864405658,0.30676862598476756,0.9065224727832797,Medium
599,11.249968380595794,28.302753906958866,0.6481107179408975,3.535884553057983,30.0100106426349,1601.5006225266404,9.62691038550377,45.9318505098632,53.60578338587875,74.67414965579277,0.31135713338851145,1.6917531123012313,Low
600,18.378012691835124,20.731287821579514,1.0361345670815882,2.1921083199167057,14.287868235648782,1281.7067543524188,25.22029064184428,67.95073249283824,147.54849846761084,49.63232776835756,0.27471807746387933,1.2046030232716227,Low
