Location_ID,Latitude,Longitude,Soil_Type,Ground_Movement_Potential,Shrink_Swell_Index,Compressibility_Index_Cc,Permeability_m_per_s,Groundwater_Depth_m,Asset_Age_years,Corrosion_Rate_mm_per_year,Asset_Type,Failure_Probability
1,53.28996157446726,-4.5717408335711545,Swelling Clay,Moderate,2.5074854776803184,0.4459189895174535,3.6353368961973457e-06,8.1667446673268,17,0.23679393125240888,Pipeline,0.04567573856635321
2,55.13087022034877,-2.379065761683923,Compressible Ground,Very Low,1.2384343922330066,0.46712328040404894,6.429862389575901e-09,12.681829318727637,79,0.11829141723907739,Foundation,0.7813865697237005
3,51.01014947320745,-3.5488112873008104,Compressible Ground,Very Low,3.4258060030709307,0.06099408918845965,1.1617867030738101e-09,1.4889904037695194,92,0.37197824167657745,Foundation,0.03928368222679046
4,53.50581268855534,1.5744491194551218,Running Sand,Moderate,3.521316434101729,0.4948263814676928,9.571549146081039e-07,1.635310371310119,26,0.023508438009564363,Tunnel,0.3083011038682084
5,52.01088365706329,-0.11907957536836733,Compressible Ground,Very Low,1.7898391277983277,0.3695102291750831,5.151181159746135e-05,8.564465986721425,19,0.28182568887764353,Pipeline,0.573297370086664
6,54.9466389100972,-4.64417135050656,Mixed,Moderate,4.4058504423708715,0.28417650169683306,1.1143961037029264e-06,9.767169361652147,22,0.09304925471082777,Basement,0.4095613602934438
7,54.32584804829256,-2.9490802391617548,Running Sand,Low,3.2201160831777393,0.225287423767649,8.215013183019064e-06,3.5654887287506094,21,0.010486013590117263,Basement,0.28227106724910045
8,52.348513610046425,-4.6484882455543515,Swelling Clay,Moderate,3.5651963762931587,0.28333315967437084,2.311817502118421e-06,11.305691837027013,75,0.43590804315175546,Tunnel,0.27518907242754165
9,51.33551581954307,0.8101166926235024,Mixed,Low,1.3866995896946972,0.19608112579030001,3.070317356062195e-07,9.870818967090548,83,0.33904861602889313,Tunnel,0.7977903060062493
10,50.55748986198649,1.344074813350126,Swelling Clay,Very High,0.0030581757779352126,0.3302095161634467,3.908067074266205e-06,13.887694389426153,94,0.05848198280475647,Basement,0.9739780950872451
11,53.60567225335974,-4.214042759126479,Mixed,Very High,4.3268780605105475,0.09184112440015606,1.3198379730088304e-05,2.9498359269487824,32,0.33539546016508925,Tunnel,0.3480410704487934
12,52.53061903815622,-1.9179696779391269,Running Sand,Very Low,4.112121922899043,0.3295051713103146,1.3294077947597819e-08,11.394926847691154,74,0.3097071930414233,Tunnel,0.039145513609016525
13,52.07378246430385,1.5231829728549808,Mixed,Moderate,0.615959440214151,0.17390518256229986,4.7934963654648184e-08,1.7128248134573718,61,0.24194477665116965,Pipeline,0.03656577790910842
14,55.42751145818418,-3.9835181929973063,Mixed,Very Low,1.8705256747815324,0.05793567307355587,1.3141007480446392e-08,8.696739938009515,70,0.21543646822855086,Tunnel,0.7592134152107181
15,52.83071067780158,-2.956674865405796,Compressible Ground,Moderate,3.306696541942913,0.2987175947732949,1.8233279020583928e-07,8.502479522737614,35,0.4446641838287101,Foundation,0.552369821609127
16,54.24919641822712,-2.8700774487914087,Swelling Clay,Very Low,3.260554286093641,0.3103014901337134,2.662703165498167e-05,6.131583147377739,24,0.13012252974975114,Foundation,0.7835926574173304
17,51.38706208625618,-4.789591814586011,Running Sand,Very High,4.301751674042783,0.24195605212019122,5.321517616336784e-08,12.746281641194225,31,0.2051719279365578,Foundation,0.6974970102885748
18,50.56727628870907,-4.746087357170065,Mixed,Very High,0.7013408081771427,0.08252880464764259,7.453057051187328e-08,0.5633743493971775,98,0.17126655231846535,Tunnel,0.9075063492653965
19,52.58781309724008,1.6695497895803904,Swelling Clay,Very Low,2.149698738925594,0.4520043287618862,2.0037160334446378e-05,8.042601327528551,74,0.38788850422795046,Basement,0.8858242910466235
20,53.82832417471331,-1.0023517370962218,Swelling Clay,Moderate,0.4861220896321239,0.32514386325255,3.774606241730404e-07,3.6487264726102175,35,0.4590680000539443,Foundation,0.7883273956211774
21,53.0329934809173,-2.853461749999675,Compressible Ground,High,1.9479762421931408,0.10207098480603632,4.7560345211572765e-07,11.280729977188276,30,0.4263930323827129,Pipeline,0.47518916004214373
22,54.952331288121954,-2.3492773750539087,Swelling Clay,Moderate,0.07553722793852191,0.27991875946736644,2.01375214793782e-05,1.124477681438409,33,0.40087492584688655,Tunnel,0.30812640760385246
23,52.669896755935824,0.003900501915169663,Running Sand,Very Low,4.4913653255506345,0.2737644421768122,2.835526334798168e-07,12.557542978632876,25,0.49352707332934065,Basement,0.5070267874446399
24,52.055014065765455,-2.4343795751176573,Compressible Ground,Moderate,2.635219984143405,0.07718084095681714,2.5573352983428065e-06,12.652337287250797,41,0.35160082970108875,Basement,0.5020716073198236
25,55.080243381038215,-3.4056771783469824,Mixed,Low,4.249011304011768,0.32308686662132635,2.680546400915102e-09,12.576557179850791,25,0.37801635769463154,Tunnel,0.6102755488893377
26,52.5340113931719,-4.2871386088014045,Running Sand,Moderate,0.2995235050168188,0.413746879514704,7.819132374971809e-09,2.712243637623713,86,0.4915732444554593,Tunnel,0.1860975677829041
27,51.84823930819806,0.10253108202626038,Running Sand,Very High,1.137290552364603,0.3870536244118152,1.0516736764067887e-07,9.64089451913515,51,0.0134254848455953,Pipeline,0.6556198804449888
28,50.9883053840504,-3.736044883273427,Running Sand,Very High,1.296899976105903,0.1413362363738825,2.979856422470206e-07,0.7083267081591493,41,0.3206837044538189,Tunnel,0.4566009242058158
29,54.4665488660791,-4.512462110515917,Compressible Ground,Low,1.9334574731939402,0.4380316382993951,6.740133618064458e-05,12.795457573693398,59,0.3720960506571119,Tunnel,0.6202048319408592
30,54.625457303989215,-2.011318881524661,Swelling Clay,Moderate,4.01433186198773,0.2041439745467079,7.132769097533656e-05,10.983140305874997,50,0.4597352563410255,Basement,0.23960482291954566
31,50.66648891782586,-4.723003267320523,Running Sand,High,1.9327893686574633,0.4759287702313736,1.8029572837315095e-05,8.201729098039163,33,0.44308370905032796,Foundation,0.43439489387735497
32,52.29322799200762,1.7549864084002076,Swelling Clay,Moderate,1.023267648231635,0.08228658390157118,3.7843751011217934e-08,11.093575779900949,22,0.4225607338045592,Foundation,0.21020121445252027
33,54.2493822729898,-0.6089492269761214,Swelling Clay,Very High,0.3249513016938421,0.2687939098339292,6.609086776819136e-05,1.8676994014506971,84,0.47343772325143485,Basement,0.8753051567568016
34,55.23190923744027,-3.9311223268740743,Running Sand,Very High,0.3974587417634373,0.3187059697298971,2.797076364102644e-06,8.165509566564417,88,0.2733158020777167,Tunnel,0.4879610450415376
35,52.38909141922453,-3.7928213948607743,Swelling Clay,Very Low,3.800236029804887,0.16144254431357213,9.219357141270944e-08,4.723509131338459,19,0.013390846836565112,Pipeline,0.22498141557381213
36,54.860267156897464,-1.0112006380900822,Compressible Ground,Very High,2.224014955183165,0.3971210849241025,3.223848205590212e-06,14.602982216733109,51,0.015416655361534668,Foundation,0.041208695741546286
37,52.468602032660975,-2.5040396986354447,Compressible Ground,Very Low,3.6309056100000765,0.33210305591482264,1.209521656826201e-09,12.928210284046575,50,0.2768731372527505,Tunnel,0.6757386646535418
38,51.39747313621324,0.41986720931399546,Mixed,Very High,3.4114356088184876,0.05814924677958,5.379890191047494e-09,11.132497589592665,12,0.22328339704333122,Foundation,0.2146447139897557
39,50.51723071888435,-1.1793546006675832,Swelling Clay,Very High,0.676812308801289,0.32376586581330613,1.4074356836336148e-05,14.039340711121113,64,0.23111007614906978,Basement,0.9895821923187783
40,52.1509051157644,-1.9666628713254108,Swelling Clay,High,0.714439670961336,0.27116520548830086,1.6899279324219933e-06,5.529227916199369,25,0.20619832123291815,Foundation,0.5337003734151716
41,52.39237525363686,1.7408617364569015,Mixed,Very Low,3.7767100771706694,0.13821314076657848,6.621761073223069e-08,13.562758535328628,53,0.4596856464547055,Basement,0.2889769962480321
42,55.22558764443668,-2.2648966065321767,Compressible Ground,Very Low,3.606341467427086,0.4980867021767883,3.186641451622512e-07,5.2159543655473,90,0.18599347207319705,Basement,0.6576774337926303
43,51.53035126210312,-2.195723533418595,Mixed,Very High,1.8901538343715518,0.45372298767242675,3.355140784372765e-05,11.125552435521719,98,0.4295512014639108,Basement,0.27521992343808555
44,52.411153540087525,-0.33959305257447703,Mixed,Very Low,0.3871113166642004,0.1816284627630786,1.438436012265094e-06,11.178045220758511,39,0.45240374895790403,Pipeline,0.8202742939097465
45,50.625770649115566,0.6663500888551779,Mixed,Very High,0.060490108492261,0.2934819143593773,9.789182376582327e-08,0.7660732085843553,46,0.25475586729948785,Tunnel,0.3082360509299419
46,54.31769867545693,-0.6164950639901834,Swelling Clay,Very High,1.4407847473087243,0.19242596295963083,3.996071837858681e-09,5.73536562503383,69,0.22899963830889328,Basement,0.9882477323959092
47,55.07570618127493,-0.10972844561900086,Swelling Clay,Moderate,0.046111367936134684,0.3989730882362351,2.9426188192016637e-08,0.7817737499232194,86,0.38290009606556896,Basement,0.6051447854452936
48,51.68910323638246,-2.389479020033722,Swelling Clay,Very Low,1.150363105518517,0.46864914493840476,7.79293697616814e-05,14.957834255348605,33,0.3569060387435424,Foundation,0.8444111489426633
49,52.64497555320082,-1.6435221446521822,Swelling Clay,Low,2.097503701056693,0.21147287311147261,1.5375006719752482e-07,2.271853046523951,35,0.1709822071321409,Tunnel,0.07281546957842222
50,51.11056310682997,-3.6207543947242566,Running Sand,Very Low,0.607078826559771,0.41251291211463237,2.286637488116366e-07,8.370757986897587,67,0.06024858170307682,Pipeline,0.3482994173861882
51,52.78417715156446,-0.23827456511033596,Mixed,Very Low,0.5213887891577312,0.2742833942209422,3.111645848609612e-07,11.96306546205824,18,0.13977767608941538,Pipeline,0.7374870861661497
52,51.166712318220476,-3.449836417013034,Mixed,High,4.482187178593683,0.2284603525902098,2.6334199100718607e-05,3.418322232782941,70,0.07420396784802649,Foundation,0.6550590173405827
53,53.11674247209576,-4.9912024322433215,Swelling Clay,Low,2.9273501451144464,0.4722898334444464,1.046264336351119e-06,7.533263687384354,28,0.15441881513057878,Pipeline,0.19424312143375777
54,54.17311020216117,1.5363348386472584,Compressible Ground,Low,4.672278433813907,0.2796821099235642,2.940256253040057e-06,9.307717033356687,37,0.13829256713459154,Foundation,0.35620293050970986
55,53.26671387407084,-2.857893311498123,Running Sand,High,1.729130818928396,0.2603347251158592,8.852536228221115e-08,2.822968938735408,16,0.3224785977044896,Tunnel,0.2634434074875409
56,51.72609789193688,-3.623575702737984,Running Sand,High,3.3857246866458155,0.35259548088305437,1.3977776531411106e-09,11.789054168717309,54,0.477703053942842,Foundation,0.613370169761843
57,52.268979927344525,-3.1229728832395685,Compressible Ground,Very Low,1.023458373108952,0.16755539045822798,4.517150612549836e-05,4.840378629245797,95,0.34601442884193695,Foundation,0.34456822945877497
58,53.69286368852816,-2.686866116669467,Swelling Clay,Moderate,3.091701586399706,0.1961567918547421,5.567220268018325e-05,3.5598346069131845,72,0.4640582099516391,Basement,0.3090542420003498
59,53.44877708894663,-1.6781750148627843,Running Sand,High,0.6479286500499221,0.4694206263073802,5.568846751366625e-05,8.595186823342544,46,0.39422480671813726,Pipeline,0.2073779804363417
60,51.18387394060667,-4.514538302869823,Running Sand,Low,0.010403195881428795,0.35533843044662405,5.229202176063e-05,6.4495476008226,25,0.3666600348148749,Tunnel,0.4090271209146483
61,54.72474736783052,-4.631287906561844,Mixed,Low,4.657659007047895,0.4219867164969525,1.19181735529028e-05,13.844146197228058,14,0.2128903507045373,Tunnel,0.19550259019655358
62,52.87594456123508,-2.9496246412334917,Mixed,Very Low,2.7744718808760465,0.17200029287094334,2.648379701552655e-06,13.260909123873233,38,0.16914930640305065,Basement,0.9625695873776323
63,51.31184612263196,-2.929637081620329,Swelling Clay,Moderate,4.634703313910197,0.29470558546844244,1.6693584174811627e-05,7.508584619138807,61,0.4246759125117304,Foundation,0.1545018114953034
64,51.11413271287365,-4.176476405300354,Swelling Clay,Very High,1.66915761851036,0.4871283201452742,1.006308624981772e-06,5.709324733521164,32,0.4536426841352126,Tunnel,0.9133047149587763
65,55.32775887322565,-2.1664588397562605,Mixed,High,1.638930345808784,0.1934167545626979,4.697297528914594e-09,5.2200107336533454,15,0.2314224218889567,Tunnel,0.42847309815658197
66,51.90767555586773,-3.011799322580524,Mixed,High,2.0032750088651587,0.12221441434266885,9.038384762006127e-08,4.379672534681857,45,0.014440918111455762,Foundation,0.37786599156172207
67,55.04296793958188,-4.817611130434509,Mixed,Very Low,3.530204919790841,0.2798987037010988,7.185790641682976e-05,8.39594387883092,66,0.39834021886417054,Foundation,0.23131980090484883
68,52.552926493844694,1.2000454629477755,Compressible Ground,Moderate,2.829043170930871,0.2245194899261943,5.697562107234302e-08,12.172189768650881,42,0.14968373183142292,Tunnel,0.6357563343675191
69,52.42960715226595,1.2021331263051325,Running Sand,Low,4.626774535495589,0.1218097547540211,2.1834314856621218e-05,5.005970818951588,58,0.01484505385829116,Foundation,0.6855280150108364
70,54.00464484824716,-3.5357242296056817,Swelling Clay,Low,0.12720450566219677,0.4498481222165156,2.9245385732699405e-09,3.256364300477182,50,0.40444439389829984,Pipeline,0.46757096225241745
71,50.54941643887731,-3.859894402849565,Swelling Clay,Very High,3.540979689862682,0.4958257597492,4.687261808749913e-08,7.394515189657659,89,0.2635329525202801,Tunnel,0.05570689569342413
72,52.190447608151956,-1.1689506495711282,Compressible Ground,Low,1.6516384468327716,0.305861981310499,5.685473290681776e-08,1.5009990435661646,64,0.34575326570584985,Foundation,0.9185101506885499
73,52.01322856095904,-0.5847254791299843,Mixed,High,0.9011682590923059,0.3986045457680543,1.8113931269417414e-09,10.668545588880749,35,0.458198012360794,Tunnel,0.980329132876381
74,54.84049047142023,1.70279790212951,Running Sand,Very High,2.551978112600495,0.4365672662958348,3.939777094623102e-09,8.016194861378036,46,0.2751751767676716,Tunnel,0.431043415211835
75,53.145617695103915,-2.3585608035213124,Mixed,Moderate,2.52531892089998,0.36544190270982213,9.243278863552889e-09,7.697434715606385,86,0.2565650955636932,Basement,0.6136608074093272
76,52.32285078612126,-0.6725975999480909,Swelling Clay,Very High,0.685055143442142,0.06987022210027904,1.545531831168546e-05,4.856458003475326,26,0.15242443946064912,Pipeline,0.4502986262437467
77,51.83039655149859,1.1472673206301671,Compressible Ground,Moderate,1.0094802806644494,0.120935404272568,2.0749610543276133e-09,13.617764844210182,41,0.15954497887557678,Pipeline,0.3218796508861206
78,53.45254904405314,-1.85032349953405,Running Sand,Low,2.0408233245077745,0.08194513601812392,3.115333223963905e-08,1.8120512318185142,37,0.40030561235452644,Basement,0.07731879285780763
79,51.25836570271682,-4.1435797418987175,Running Sand,Very Low,2.0440570619615768,0.05444582298892545,1.1242813667286132e-09,13.112448128861955,34,0.23002433033710915,Basement,0.45606773039729886
80,51.731023842543905,-2.3578689991901802,Running Sand,Very High,1.5877906980984235,0.18769838394075644,3.0070366892375785e-06,5.962225435030878,56,0.09012784221797898,Tunnel,0.8183845563594515
81,51.96806082532375,-4.044031513076897,Running Sand,Very High,0.7427257575499047,0.22656018221670188,1.2633260463867725e-06,13.269040981637824,31,0.05631909436024284,Pipeline,0.017031461088003574
82,53.53954473803471,-4.883523750586348,Compressible Ground,High,0.02186839550489761,0.15846337955116657,1.678461215055922e-06,11.067041145819562,70,0.2417308572622719,Basement,0.5821076831802223
83,52.366274795082376,0.26087139444318375,Swelling Clay,High,4.851175312140103,0.07907209163884443,7.445843839232272e-08,2.0104755365995555,53,0.23782796157268793,Foundation,0.8807721087266889
84,53.028916500600246,-3.331034096532511,Running Sand,Moderate,4.7174961485196345,0.2884383908765049,1.099864301598296e-08,12.557276154385628,29,0.33019455632064404,Tunnel,0.217549430014358
85,53.752191318832935,-4.985950679127182,Running Sand,Very Low,2.418251895880676,0.17299369398071374,3.995775377987072e-06,10.391564088642824,59,0.24082306409511894,Pipeline,0.1832558646890622
86,55.28135800403844,1.1070265027460149,Swelling Clay,High,4.9752587663750285,0.408216719688603,1.1365521391360603e-05,0.9683777372725526,97,0.08030309502576521,Tunnel,0.7722766257019431
87,54.32418698551376,-1.8934781305636585,Mixed,High,3.3682716539112163,0.05362367973137654,4.931823100399905e-09,2.4386888905902144,56,0.25882341355127164,Tunnel,0.2550864311192933
88,52.52628390286054,-3.3279808425674235,Running Sand,Low,0.3442876880377077,0.4291371730794246,2.71735975886878e-07,9.716606809617579,56,0.4543268079041523,Foundation,0.19198426756064846
89,54.24137687198628,-3.160470193512065,Running Sand,Low,0.5885909954131369,0.47963915552568065,1.7521787535608732e-08,10.107707291764132,81,0.08812629169390408,Foundation,0.37798925056923505
90,55.24847090459606,-3.316234746864648,Mixed,High,4.580554219348189,0.3722607784191063,6.926826440480432e-09,11.326445776145128,60,0.34797977407909697,Basement,0.39250201227021797
91,52.996902728270626,-3.638106871675096,Swelling Clay,Moderate,3.1502610107481424,0.38013982936815494,4.694902390398684e-06,10.943558311237238,64,0.300991039833108,Foundation,0.874101063016566
92,52.55248466561445,0.8885835720200745,Swelling Clay,Very Low,4.215918133286756,0.47010304022122995,4.903257229749841e-07,10.063039342714347,87,0.3768070060887833,Pipeline,0.6184434719336769
93,50.89009349500368,-3.8076785594109133,Running Sand,High,4.4913482481692215,0.14408207838515713,1.2048324664696364e-08,11.610464075323126,48,0.08379413397952044,Basement,0.40596145633958935
94,54.96185185325431,-1.0670172128442097,Swelling Clay,Moderate,2.2397100564119303,0.4975545056938595,3.5481343503206854e-08,8.838742735439407,23,0.47138661508393737,Pipeline,0.5343879642857668
95,51.73217140396828,-4.458758287294689,Mixed,Moderate,0.2426297578834652,0.3980665415203438,6.811901456001315e-05,4.281475090104596,78,0.3142735496059077,Pipeline,0.9539652333252742
96,50.8197894840957,1.6466496332502016,Compressible Ground,High,0.9414017444866102,0.37695681874750714,1.7514503220367315e-05,13.729460899095415,56,0.4250648574686571,Basement,0.11321467660989537
97,53.18601743295542,-0.7768026688785472,Mixed,Moderate,0.3328597365121755,0.21249076054788174,2.5103467521410495e-05,0.76410344851368,30,0.13083731420331543,Foundation,0.20771552172469143
98,54.729498229807625,1.3220675784160525,Mixed,Very High,0.9436992284925366,0.2955998684325248,1.995540220067203e-07,5.8151449381366085,24,0.3723123158050012,Tunnel,0.9625287065865553
99,52.533175278115266,-2.2148555436715336,Compressible Ground,Moderate,2.052664632279384,0.34426300472300614,1.315334827702265e-06,11.068619249908869,90,0.3927050451236203,Foundation,0.9573248485272041
100,54.415337350795085,0.67470439733688,Mixed,High,0.5909840525749271,0.3291542875927472,7.653123135899616e-08,6.693762596670277,93,0.20474328346966708,Pipeline,0.17716542126477264
101,54.68198003641998,0.9755813561451783,Running Sand,Moderate,0.8336662390267163,0.36724308731491134,2.4465825758933104e-09,0.8600989084602075,10,0.19813719191287682,Pipeline,0.14510881712529822
102,52.77201779409932,-0.07935496174931078,Running Sand,High,2.229108910358396,0.08707178258528478,1.0123869848733629e-07,1.4567230951850911,89,0.33232016986261714,Basement,0.4210851343386198
103,53.45477532970237,-4.349367734824056,Swelling Clay,Low,1.7008547519424477,0.21004179477426355,9.330475267874736e-07,9.905241852505185,91,0.055769764062505826,Pipeline,0.04971829248796911
104,53.1695614926947,-4.887439395158658,Swelling Clay,High,2.338290620940205,0.2453000074679647,2.7272274145279682e-08,14.490536691376846,19,0.37045583360657935,Basement,0.6549035322851401
105,55.19597930817251,-3.8200822956064475,Mixed,Moderate,2.1458601387953102,0.16728318404373493,1.73681225014044e-05,8.502022719600234,32,0.031014512321311354,Basement,0.07749602166174219
106,54.127528425458806,-4.173322701233251,Running Sand,High,3.2223901298994173,0.1276822716211507,5.695092677898916e-09,7.847988361344651,27,0.10338924754920473,Foundation,0.05802962709428072
107,55.12671405385056,0.07596364939890599,Running Sand,Very Low,4.6859477443792725,0.11251736596078826,6.849288304448198e-08,5.115715589315875,67,0.3354304410482699,Pipeline,0.48518693620884923
108,51.60004989030986,-1.100952255174601,Compressible Ground,High,0.5393216922212124,0.2148725265154633,4.212302255580587e-09,4.222014771057916,82,0.05817859687506228,Foundation,0.9577866361101015
109,52.05118425916335,-1.3183439481807593,Swelling Clay,High,0.49630074654597456,0.27204876525315463,1.0572085577098781e-07,0.8042822354661283,86,0.4862026248236271,Tunnel,0.4267959360631596
110,50.85456736590034,-3.229928897703016,Running Sand,Very Low,4.26403055545451,0.07833939806599732,1.578725140139939e-09,4.457845580786832,61,0.4355141426363313,Foundation,0.3564811586605511
111,52.99953978347904,-3.9177472428407087,Mixed,Very Low,2.5319835232622956,0.47590614256574726,2.30540364412244e-08,7.01210139254616,55,0.3168881428793009,Pipeline,0.9979567155022859
112,54.86961839692955,-3.5541642116177288,Running Sand,Very Low,3.832025117842211,0.39435949528734127,1.0085008662105512e-07,3.3702718542097774,22,0.4113381532779814,Tunnel,0.5319689607791834
113,52.13423348565358,-2.198060948098639,Swelling Clay,Very High,1.0771095180364072,0.37888329793345993,2.459386678918946e-07,1.7665458329807238,26,0.44491422380888823,Pipeline,0.37524140689024854
114,51.141410534746655,0.18100244732667026,Mixed,High,4.144312865837759,0.12778723624492713,5.229760401590116e-07,10.907054075191738,76,0.13714306829019104,Tunnel,0.3858608133416018
115,50.842231274645265,-3.2183836842447104,Swelling Clay,Very Low,4.61923312096348,0.321710345605485,2.371131548440973e-08,13.471993901486973,70,0.4262116780951665,Pipeline,0.19495949603351048
116,52.737501362618275,-0.10970899118895883,Running Sand,Very Low,3.1774150777324413,0.28837622606390034,4.1229367569911673e-07,14.083195010462742,74,0.10544895398242488,Foundation,0.5122230574475389
117,51.32010872314382,-1.5594172571660962,Running Sand,Low,0.5293951073690112,0.4921109806040122,3.5077053714939395e-07,9.460981563206346,62,0.21253770943291952,Pipeline,0.4388550281680058
118,52.23052014442552,1.1980859395755505,Running Sand,Very High,4.476474070781694,0.38645229653607105,3.8096954074945553e-08,1.2652314476895863,14,0.2835472193118137,Basement,0.2707952963474134
119,54.59989904041218,-3.3695980737767663,Swelling Clay,High,3.9624386368503566,0.309092847672304,1.4157991696442139e-05,11.242508134445714,41,0.3598065719062759,Basement,0.16054008660175978
120,52.42023691378762,-1.8440032216767377,Mixed,Moderate,3.7543888825724494,0.432865699911555,5.348175288205633e-07,2.0963819262973526,98,0.024769245684038738,Foundation,0.3112388686675537
121,53.54935459128178,-4.3233466298403025,Running Sand,Very High,0.1836409445295778,0.11979242188731927,4.5850976958967826e-08,10.211347706473447,54,0.1523496122613126,Foundation,0.5086833276877293
122,53.01080027911407,-2.6539280016437554,Running Sand,Very High,3.994812626284856,0.056847438360939744,5.453716526348185e-05,11.800804618344198,65,0.30817435812309124,Tunnel,0.058333272284801674
123,54.09266646485018,-1.4518368917745788,Running Sand,Low,0.689755052341785,0.36060500003653545,1.6809781384122995e-05,11.025038306983856,14,0.18511065278306818,Foundation,0.15374402858395597
124,51.28082479493784,0.12918150035054676,Compressible Ground,High,1.111930880984442,0.09424015710675687,8.183499453703209e-05,14.302315183536393,96,0.38976227725845175,Basement,0.9476572669690954
125,55.102205182418096,-3.613460159589578,Compressible Ground,High,2.8856741743462875,0.10194513799257915,2.8918074565918197e-06,11.203121124777152,85,0.32930955896385095,Foundation,0.542855351031339
126,53.718163987750174,-3.473355101154739,Mixed,Very Low,1.3249038645844151,0.38510632689103874,7.782417536350317e-08,10.551541780736223,43,0.12485671232463053,Basement,0.06344930366003787
127,51.854768657900536,-0.5789551163526543,Swelling Clay,Very Low,3.3067410315595986,0.1717406798602951,2.536899912012193e-08,4.2952759966549845,70,0.08150520000024321,Foundation,0.693087758769573
128,51.11626854069029,-2.322795515819819,Running Sand,Very High,3.040352238495408,0.3328840470060018,2.072951868345616e-06,13.909145953320575,96,0.3182330268576547,Basement,0.06180287007903473
129,51.24862782073095,-1.625335929373565,Running Sand,Low,0.5407479900663131,0.46283311674173677,8.018311287884372e-05,3.10338612651542,89,0.23072899057533128,Tunnel,0.738874227046373
130,54.41331463448054,0.8529440814511844,Swelling Clay,High,3.2800728979575315,0.19241353923703625,1.3601142805397862e-06,13.621000866360333,71,0.09278895013964611,Pipeline,0.7499627217200269
131,53.44055026656479,-1.506416892548324,Swelling Clay,Low,4.61977454912465,0.14771487102796346,2.5590260386389317e-05,5.0336068785157,78,0.1699233606060049,Pipeline,0.6510789757492527
132,52.40379145359092,-0.4325043357358025,Mixed,Moderate,0.8055495259291656,0.09795329768347327,4.420965799633401e-08,2.3873721112261967,72,0.15849290667610744,Basement,0.7322045446193497
133,52.1645042309344,-0.40257470838019405,Swelling Clay,High,2.9853101047144373,0.10870806263887675,1.0833503110895694e-07,12.486903895431976,53,0.0629846664462938,Foundation,0.08796578101305774
134,54.77879002200265,0.6252836006921276,Running Sand,Very Low,1.7093268596834705,0.07800021292047923,3.399195928935645e-05,0.5361840772120225,37,0.27798541943996175,Foundation,0.7267805523552676
135,54.87381261890731,-0.5330235805628307,Mixed,Very High,2.29805835886802,0.08943907047338306,6.086021885911787e-06,12.565280606372045,79,0.3841878306171515,Pipeline,0.13668831972388296
136,53.40631019209646,-4.546331220422962,Compressible Ground,Low,1.4350008953948494,0.24440206496411926,8.073309496974831e-05,4.303521709666651,22,0.29197877553796364,Basement,0.3395059072718438
137,53.12272032832518,-2.604789121192119,Mixed,Very Low,1.7706531817384763,0.1943892702607864,7.478612802614638e-06,13.32845845495651,52,0.41488276881930264,Foundation,0.9427452535006329
138,54.58224021038286,1.92521328456447,Mixed,Very High,0.1445591163327864,0.3679523664453491,1.748149362231585e-07,10.526448142502897,39,0.07250858813556134,Pipeline,0.5028754776591401
139,54.24667589897187,-3.6244279783445688,Mixed,Very Low,4.907758689586103,0.4416087462111508,4.522099345815156e-07,10.159658326333556,35,0.22344981033288971,Basement,0.9674264320830138
140,52.50162591663894,-0.8928964510971795,Swelling Clay,High,3.1239996103637413,0.40314794141407295,3.18110103027843e-05,5.797133665890229,90,0.3086134007924686,Tunnel,0.08892245888673755
141,50.91369342375428,0.9005844791408304,Running Sand,Low,2.5035279524694265,0.2887867654995435,5.731043178280232e-07,1.3613431214161793,72,0.3412407648615346,Foundation,0.4775565995631801
142,54.34250053681389,-0.8940900747685223,Swelling Clay,Moderate,1.9185767475016335,0.09609895230469404,1.892286411976979e-08,12.53605992398087,82,0.3509352901474792,Foundation,0.06240232027687065
143,51.34350514470122,-2.3941081931132593,Running Sand,Very Low,2.696872794120138,0.36939527777369907,1.5069507668915932e-07,2.978105030059656,66,0.3671930592779617,Basement,0.6302102623992848
144,50.581884532392394,-4.438400060976059,Swelling Clay,Low,1.9005299935790199,0.2132729261270931,3.815750275463234e-07,5.897750307473907,73,0.32920060797604817,Pipeline,0.07870700136851638
145,54.716513376019954,-2.4683456822473353,Mixed,High,1.7995396374683663,0.08854267726193459,3.0450832316347096e-09,9.205142939881686,89,0.05617176358102515,Basement,0.17536780254037732
146,53.39126922668359,-3.725527418979973,Running Sand,Very Low,2.3197327086100654,0.42910988324568156,5.233754788711269e-06,7.492679209129014,58,0.35069978202512525,Pipeline,0.2588303100692805
147,54.95833017767879,1.7260397139738597,Swelling Clay,High,1.379915168355954,0.20219743273212754,3.5218403652454797e-09,3.380579209984112,61,0.36514350181944993,Basement,0.7487438516644832
148,52.92294041598809,0.005222890908004985,Mixed,Moderate,0.9002494998339272,0.1482119746302071,1.0582507059103966e-07,2.5389371747931166,72,0.4968051678234773,Tunnel,0.16396211881807476
149,55.13240550355702,0.2456820805190354,Compressible Ground,Moderate,2.7830294909014675,0.44215342907847943,1.0546593511903017e-05,2.287070947629214,91,0.3497475939835517,Foundation,0.8466320532930678
150,52.26985873989432,-1.9482151379973534,Swelling Clay,Very High,4.2138271807515055,0.4559602408011522,2.1769668111098472e-07,13.013614281738414,22,0.346546893918259,Pipeline,0.13190393883080087
151,54.12261001167146,-4.230246203078057,Swelling Clay,Very High,0.7641408886294615,0.20253687673620197,1.6220999039996442e-05,0.9576134613893376,97,0.2622585121891663,Tunnel,0.035244449070156336
152,52.004932546308915,-3.132984596828753,Compressible Ground,Very High,0.16367170302109324,0.20966063867661805,5.121611244331633e-08,14.666706764198468,54,0.4352822252067058,Basement,0.3950454189696678
153,50.50581832163989,-3.182022271535689,Swelling Clay,High,1.2340587257701807,0.31083283741241485,6.140185192677896e-05,3.3786660105885042,55,0.4984490333609676,Pipeline,0.9794416419712951
154,52.39872267274478,-1.5925445443891943,Compressible Ground,Very High,4.898603217269054,0.38004867221479616,1.1151727767609777e-08,2.099673304746633,86,0.3917319863967417,Pipeline,0.11034222778877723
155,54.18882756554619,-1.7731414931465,Running Sand,Low,4.143790368716696,0.07841714085808857,1.553533865724095e-09,8.86608899426353,98,0.3101251851503261,Tunnel,0.10171844403962904
156,51.25012089723257,-1.966142478397118,Compressible Ground,High,2.979330267642983,0.31700464573481224,2.3021452166610735e-05,1.6597963901401012,50,0.048687865196468415,Basement,0.7511665107956239
157,53.024010166036966,-1.5281577331508132,Mixed,High,4.64624457621568,0.4787690278026117,5.767844983163384e-06,9.235572315872126,55,0.36610217454751753,Tunnel,0.3121616939935653
158,51.56160742425357,1.9091615738703256,Compressible Ground,Very High,2.226395584186223,0.16794225373097915,1.445170824523292e-08,12.83408634979739,10,0.3571951686051557,Basement,0.7172816172257169
159,50.873120607095515,-2.9115245854298166,Running Sand,Very High,4.91640301287587,0.4589722463436202,8.388958301565585e-05,1.19452131127766,82,0.3900283924266216,Tunnel,0.20001058944336336
160,53.58725990972158,-0.6931158775948871,Compressible Ground,High,1.4815102255964203,0.47757575334339214,3.2463896593451216e-07,12.09809476566389,77,0.07103214031574977,Tunnel,0.4600719941981629
161,55.25983811151701,-3.323445791717866,Compressible Ground,Moderate,1.2015287475796954,0.1711191384369904,5.692816703970886e-05,6.219922894240721,21,0.33032892506181033,Tunnel,0.2652898777489179
162,52.05352109358959,-1.7337561385167257,Running Sand,Moderate,3.190241005735055,0.38939083964840776,3.3507641243773934e-07,2.812614190552545,97,0.1549047134263206,Tunnel,0.4515282148790869
163,53.40322900179975,-3.5996553679753758,Swelling Clay,Very High,1.890769839751802,0.15744875374380202,2.2875623172803745e-07,3.0533989638781565,82,0.38253290926738853,Basement,0.7690970925853038
164,55.26801683875397,-1.0926543529016959,Swelling Clay,Moderate,3.1318277098812892,0.3819250227794597,1.760729682749925e-07,13.822085883566281,44,0.12778323747541845,Foundation,0.7620099404776617
165,53.752416749973435,-3.1449174946143272,Mixed,Low,1.524977591513429,0.4088389870799717,4.724723313236509e-08,2.1037834031396345,42,0.34514955164200123,Tunnel,0.5157722876737236
166,53.86556651154977,-4.742477582968185,Mixed,Low,3.0895912841899555,0.16124256666979225,4.6613046256844306e-07,13.068350413177027,67,0.15454654402215007,Basement,0.928371843721051
167,51.39464255780418,0.70689764030974,Compressible Ground,Low,1.378731302925182,0.3721412946124557,1.8313582521727695e-07,8.391547004262412,44,0.014407203480541256,Foundation,0.263784102448274
168,52.963048394264135,-4.102214215157077,Swelling Clay,High,0.2548603440944497,0.4154470424888404,1.5266320761191679e-09,1.0663145928383666,55,0.32034537686681674,Pipeline,0.24031135111923307
169,52.335413735436234,-2.4237284061816604,Swelling Clay,High,4.560679509615917,0.21136049244811028,2.0052852858885218e-08,7.234904112901406,93,0.06550185074787196,Pipeline,0.6138064011754337
170,52.85478426195515,-1.65975673622158,Compressible Ground,High,4.416026009367311,0.12546624919537713,1.1630918177879313e-08,12.35301795990636,75,0.3330528216662249,Tunnel,0.6212970342167891
171,54.50413288220938,-1.9726399970465085,Running Sand,High,4.85399074636336,0.0913840552928811,2.1735919230865364e-05,11.029940420766955,53,0.46354862969489935,Pipeline,0.04654003956497399
172,52.803494938730495,0.07966034583006287,Swelling Clay,High,3.5826358811070236,0.30892176662447385,9.870743945605072e-07,7.587345056428409,35,0.4849305077634342,Tunnel,0.6077777123868976
173,50.81425339128918,-0.8225638284833892,Mixed,Very High,3.4136058886765146,0.4901441536920709,6.582873389504388e-06,12.970723255595146,51,0.12560231279053016,Tunnel,0.37443615734901436
174,55.02770830575432,-2.932401721047598,Compressible Ground,Moderate,2.795015350374154,0.4203276440099973,6.083173296405026e-05,2.2452890458133306,86,0.40653408154882087,Foundation,0.7474425253205591
175,53.22407943725985,-4.638079001115309,Running Sand,Very High,0.6297120817626134,0.2461278375205488,1.6603374454943492e-06,13.69414527418935,39,0.18324110566749577,Pipeline,0.8081056645452729
176,55.12247179265146,0.37316582777223406,Mixed,Moderate,0.9461765547463502,0.29147940628473135,8.18558941798521e-05,12.773397523008558,41,0.45122396564651135,Tunnel,0.5521538195470366
177,53.36177256013812,-2.5323101132510484,Swelling Clay,Very High,1.447348443362681,0.17578754843531852,3.62093107691449e-08,10.770013972029922,45,0.3958698886283932,Pipeline,0.0017050315022650864
178,50.8481815798753,1.2280731869997847,Running Sand,Low,4.450781812866972,0.12337964031202861,8.537602123124733e-09,12.359372260866865,28,0.04622164115642418,Foundation,0.6363658101666421
179,53.26434696762885,-2.234602584777247,Mixed,Very Low,0.8648476230153757,0.266936521204523,1.0388418571631898e-07,8.385324849218657,31,0.2094971269998659,Pipeline,0.7488812796659343
180,53.3786946624634,0.023610242963950867,Compressible Ground,High,4.614365872439453,0.25857570477523334,2.2594205511637882e-07,10.28985522191617,74,0.1752857347447403,Foundation,0.24898326623151423
181,51.57169939671488,1.5769529226427546,Running Sand,Very Low,2.613928665257086,0.2848684787616921,2.997834920892147e-05,8.628672025262794,66,0.3947387001544057,Foundation,0.4646460011407888
182,52.855145420521886,-0.4419328455516416,Running Sand,Very Low,3.577848177365361,0.4787620635037733,6.305248321306175e-07,5.653713692365265,20,0.21103999822004796,Foundation,0.9657266234117883
183,52.79720755936826,-2.1055776062174663,Compressible Ground,Low,0.5512224334028326,0.3217528850651475,2.8900476086966014e-08,8.748481561737075,35,0.34544831485001104,Tunnel,0.29811555339410345
184,53.61438074510302,-1.0282051184984002,Swelling Clay,Very Low,1.3451677438795544,0.32259732648006817,5.16620237028478e-06,4.233247321712923,57,0.30519327523931583,Basement,0.22315325104174077
185,51.7980704933696,-1.1958836802067516,Swelling Clay,Very Low,4.792593040907132,0.10761114328748456,3.381891620876553e-07,6.884047977191386,28,0.4880629723578406,Tunnel,0.21085479047801015
186,53.40874208974097,-0.9062597434264603,Running Sand,Low,1.330749734648657,0.4984199897795692,6.466357722854899e-09,4.571243405273527,92,0.46951462883279127,Pipeline,0.5588008343539963
187,51.70476021318471,-3.9722601005105793,Running Sand,Moderate,1.4826086019557305,0.39778022490560083,7.657710396877441e-07,2.2818729471901404,21,0.21957276222197217,Tunnel,0.9497871013080065
188,52.732226361019535,-0.1104308231908302,Running Sand,Very High,0.9879869242053974,0.4447415048423022,3.6055596430076916e-05,5.166996917653639,76,0.36455332370416316,Tunnel,0.6086901292003547
189,51.113528496686534,-3.9846970983156895,Mixed,Very Low,0.6453683265341476,0.23643518532394736,1.63347723907096e-05,12.853814663679174,65,0.4164354460507987,Basement,0.30332312023765995
190,50.68650273930739,-4.897681809776702,Running Sand,High,1.1662882072699898,0.2759576431035312,8.591121541239942e-07,6.025671174313433,27,0.45045401939245117,Pipeline,0.6385697780674541
191,52.10293652995867,-0.6265392952115549,Swelling Clay,Low,3.211634459753992,0.28493771412302443,7.680966472674749e-08,11.346052910048602,14,0.04338578925047701,Foundation,0.6248422975977874
192,51.87285875324871,-4.1816049947708605,Compressible Ground,Very Low,2.2768386675178176,0.13734254268032234,2.7220353149376977e-09,3.0403688864533382,33,0.15801861164401343,Foundation,0.5969251357296542
193,52.53467956015673,0.3928814569789125,Compressible Ground,Moderate,2.768779181689493,0.36027012034713074,2.2296906704156305e-07,6.654077807930803,87,0.1669127200745757,Pipeline,0.159426206888302
194,55.3099131000017,1.0617616745057434,Compressible Ground,Moderate,0.6118241438301214,0.45633952562785546,5.759664514681462e-06,2.16541300536006,47,0.22287851609774054,Tunnel,0.6345667993449942
195,53.11114647385164,1.6131575319874845,Running Sand,High,4.010582235814501,0.12366761816228855,6.329488259958918e-08,2.5100054188286007,76,0.09293972785055532,Basement,0.43016445251449964
196,53.26588353068378,-0.34866125965525896,Running Sand,Very Low,3.92047350289924,0.08884322306877403,1.503952527017018e-08,9.452827508406003,79,0.25314088117550393,Basement,0.01859205862303337
197,55.20800519393687,-1.6258957497538709,Compressible Ground,High,0.10794955571337694,0.382198507493154,4.5383563795821636e-05,9.308486353010661,85,0.3349750203762435,Pipeline,0.5397644871474951
198,55.10573568795917,-2.534032435059406,Mixed,Moderate,1.9175754725515248,0.17294082425284193,1.2816767385922226e-05,3.5938926566455023,61,0.25370832090619166,Pipeline,0.9892667452184176
199,54.92055976950209,-1.5635243420956844,Mixed,Moderate,0.3438530098557391,0.3307381437277982,1.5537391077331385e-06,7.37913631718758,84,0.33623861664683174,Tunnel,0.34973959084398354
200,50.98997371014857,-3.6675344014778055,Mixed,Very High,3.9605288970747905,0.3630912520964813,4.829661794674539e-09,13.017939421180245,48,0.04255639959077115,Basement,0.9655592183186582
201,53.67148705260165,-2.5610414654763485,Mixed,Moderate,3.686348415628522,0.1948598436118198,5.303275660586092e-09,3.0259218758090016,68,0.43923379253663103,Pipeline,0.09620574166259455
202,54.54049490246756,0.025513673841484952,Swelling Clay,Low,4.5099404714657805,0.41681506884160296,3.281693049837168e-09,0.7785527295659651,35,0.4701439041295235,Tunnel,0.7324501158673062
203,54.677873447885474,-3.4780392020605078,Compressible Ground,Very High,1.182019794765573,0.2974950419513976,1.2063777939899774e-06,9.953929539621798,74,0.31277463781813786,Tunnel,0.11432999466283533
204,53.38953571250948,-3.151530050284345,Swelling Clay,High,2.2814794156389944,0.44104973357831123,3.7828052435765685e-09,1.2757240172859325,89,0.4418815893320795,Pipeline,0.2735715735552742
205,50.587477737430845,0.24529778995494045,Running Sand,Moderate,0.9224393858219887,0.3934820986515264,1.6335633993695523e-05,14.709133459300466,57,0.07440854815762409,Basement,0.5708408353221244
206,55.36856450820868,-3.7551484492094547,Mixed,Low,1.8561746723705974,0.4408590344168542,9.22199768997401e-05,9.339494115083774,62,0.400749970837392,Foundation,0.5927796939767489
207,52.86098351379061,-3.278786894686356,Mixed,Very High,2.6112162578344202,0.059072621953052344,6.787985775163447e-08,7.320747116237598,18,0.06838261480157104,Tunnel,0.7752113172341712
208,52.467979476367994,-4.877167060241447,Compressible Ground,Low,0.26665394919294483,0.15957781733236764,1.855022727208101e-07,6.734891830352448,14,0.20992501343379297,Foundation,0.6153114072274393
209,52.474743568386316,0.04036119674574756,Mixed,Very High,3.574352053386926,0.09050357320067239,3.61689486456063e-06,8.809524548495505,81,0.16867108193355476,Tunnel,0.5936147043805607
210,52.62075440029133,-0.6746750410349627,Compressible Ground,Very High,2.7164668018553764,0.24893735773520714,4.8502601327282826e-05,1.8140543324431162,70,0.2969399943580226,Basement,0.9123530869891383
211,51.710903590863765,-0.13930183241921146,Running Sand,Very High,4.144795086053366,0.4504820547268932,2.9543970961696243e-05,13.985276352882689,30,0.15774212226737144,Foundation,0.4521607522091572
212,52.13666812874915,-3.499705666326808,Mixed,High,1.358902505955986,0.26039311802009113,1.940703297353839e-09,9.571809994002228,72,0.322283678536895,Pipeline,0.22526577869505504
213,55.426788048873696,-0.1883652649049008,Mixed,Very High,4.5166055263462725,0.43237087006117736,7.004207648148744e-09,3.1676882153581776,29,0.19001977168445935,Tunnel,0.16178858502363025
214,52.34084000128047,-0.8253636761472034,Swelling Clay,Very High,4.993471265152217,0.19723020710869305,5.9290620138924905e-06,8.657425279587612,67,0.4317872867049276,Pipeline,0.3999945968094998
215,53.133625082368944,-2.4371391454459768,Compressible Ground,Low,4.596492191888372,0.2028065327623636,2.782694567437228e-06,2.4322193345786687,54,0.32060308170760965,Pipeline,0.7127527551936957
216,54.74147132987609,-1.935219318559167,Compressible Ground,Very High,3.8894623791657708,0.45300277864709493,4.63546141271575e-09,0.7545144045955257,31,0.11549616568750859,Basement,0.0425434849299009
217,53.13713905554432,-1.024556477086143,Mixed,High,4.061844014368904,0.2416177159302657,3.238343472687767e-07,9.642496285602972,86,0.17470341679376267,Pipeline,0.12905338650940612
218,52.12226710809084,-1.5469547673871031,Swelling Clay,Low,2.8687212127229325,0.4053944695075999,8.018131147014725e-06,9.903008457116853,84,0.42523623493706136,Tunnel,0.10611346010363942
219,53.11875488459265,-0.5072035382144016,Mixed,Very High,0.9507693145630525,0.15648959654685562,1.2413761902685266e-08,8.963600450649524,91,0.19937507749385466,Pipeline,0.5852501530514588
220,51.07043155219549,-3.733142956758034,Compressible Ground,Low,3.3852034257385863,0.47696037335493596,2.2721561733962962e-05,3.160506463220335,72,0.27254154212716614,Pipeline,0.24286465053126627
221,51.15003477616385,-1.2150303155866218,Compressible Ground,High,3.5637650102996576,0.308560210938757,1.8401739317052674e-09,9.249732948174122,39,0.327981548616643,Tunnel,0.1662594283013965
222,53.970537661153344,-1.8480436199482146,Mixed,Low,4.9269257013395285,0.39169560586028085,8.146581850836548e-06,1.3194086434055372,72,0.18042672829709921,Pipeline,0.5927707197430223
223,55.08730328629873,-1.7728565419020121,Running Sand,High,2.706506581281609,0.09028206490769847,1.1997603328462484e-06,9.333956155792873,53,0.15404952907145347,Basement,0.7613099154523792
224,54.12839066744259,-1.714325645921833,Mixed,Moderate,1.3568450751252819,0.27169890162373794,3.767009654588082e-08,8.533246777060473,76,0.242874902277934,Tunnel,0.3321549164526644
225,50.87306620328678,1.17030374675622,Swelling Clay,Very High,3.418362608697534,0.4554673239803104,4.0240441940315155e-06,10.001195047166943,67,0.11529167632546666,Basement,0.5782046056765962
226,52.51447805515503,0.730392087956309,Compressible Ground,High,4.896879098332273,0.44466738306948705,8.16260866263959e-06,13.48439628340971,74,0.14926318759034107,Pipeline,0.09812441319946019
227,50.51276794134032,-0.5930102718062429,Compressible Ground,Very High,0.88606954134547,0.0710662807554024,4.6719141805065355e-05,12.830192525973281,45,0.040418457175697683,Foundation,0.93519103045757
228,53.056033716628164,0.015408549216581413,Mixed,High,1.6299895926780135,0.186664311108026,6.900385609123168e-08,14.719485777656812,15,0.1589454352257927,Basement,0.33689618531477283
229,51.46602242440926,-4.7003815475232535,Running Sand,Very Low,2.7094047688634055,0.24949400291558604,2.692053459060301e-06,14.655494977580338,46,0.16714500574814897,Basement,0.9975056931735012
230,54.840733243643285,0.20794203565768044,Compressible Ground,Very Low,0.8510731744100242,0.1275191664601047,1.0305792278818126e-06,11.698635553919413,84,0.48129825148274663,Pipeline,0.9785877558497821
231,51.02167526434541,-1.5968471808244593,Mixed,Very Low,0.11110319759969178,0.3784992399454867,4.226981501998172e-07,14.368084521577057,64,0.2989671244782813,Foundation,0.7788234493358115
232,50.50716699323515,-2.775767048163107,Running Sand,High,1.684915612206253,0.1330303980194202,2.8319290647283436e-05,13.075616345392124,86,0.39581738845374476,Tunnel,0.020067095406966717
233,52.7557302155688,-4.021561238433,Mixed,Very High,4.326854007505291,0.2059878624664488,1.0371380570682275e-09,11.049945523477106,84,0.032234853862358,Foundation,0.5434749203843633
234,51.27716651962869,-4.473538467536057,Mixed,Very Low,0.21734199661857412,0.3484762865860182,2.5737006398600463e-08,1.5930716923344503,68,0.06220297986810224,Tunnel,0.0868364204400115
235,54.18993191137581,-4.685800201522938,Mixed,Very High,2.1446452950845876,0.26694020503601595,4.913446116698008e-07,1.2112233799133727,47,0.4091231108226702,Pipeline,0.8951380259615161
236,55.09967365890697,-3.8674267757683145,Compressible Ground,High,3.811003864630412,0.38235696738570224,7.788723886325997e-09,12.645193728833668,34,0.31553927921464153,Foundation,0.7896362526474029
237,50.70969007151284,-4.788993436415808,Running Sand,Very High,4.765912984554427,0.4825435555502869,3.462044681815588e-05,7.600009939139626,88,0.10358119496469942,Pipeline,0.972340376595683
238,52.47791055958049,0.1284956970976463,Swelling Clay,Very High,4.927376995022161,0.10244600947183888,1.7297191280060055e-06,12.311796923436352,86,0.20834974887225174,Basement,0.6083829531497954
239,55.48407488035475,-3.2597011668478224,Swelling Clay,Very Low,2.1098469030437084,0.3693054723791274,2.451404467096765e-07,5.037314924500681,42,0.2739495249909952,Foundation,0.522172804484338
240,54.163359850003346,-2.418817011475936,Compressible Ground,Low,4.751921471895588,0.15365487003445155,1.1844283538011824e-05,6.265922945683686,22,0.42336881627734646,Tunnel,0.5189738559443876
241,55.26593821852904,0.7590134967111801,Compressible Ground,Moderate,0.1770948664043187,0.23651452733340617,1.7965154534921124e-07,10.652707454673013,47,0.03960187593030215,Basement,0.3864483744543449
242,51.320416426080776,-4.197397524327865,Mixed,High,3.7295846899927816,0.06478822660781293,6.212480801668174e-07,13.772237685515352,67,0.30239392179000757,Tunnel,0.46869006722914097
243,51.60684279745977,0.8491582116534886,Mixed,High,3.2137301731680648,0.11115832203171452,1.0321789020829904e-09,1.772541379943846,97,0.36134760157747514,Basement,0.6354125831353503
244,51.27405620298413,-0.5232175461479827,Running Sand,High,1.2476092879307616,0.19389978007200487,6.737560081296306e-08,12.99143309720179,29,0.4891670103761251,Tunnel,0.9329476075562771
245,52.01184516887969,-2.6057933977677785,Mixed,Moderate,2.5365925033982446,0.20389361237959325,4.942564684710419e-09,11.998684510750795,26,0.40550843836317035,Tunnel,0.595884338256031
246,54.12192034164526,-4.17534950852621,Running Sand,Low,0.6477686888024781,0.4548133474079431,2.8082993750207746e-06,5.075319425582893,33,0.14535138364698397,Pipeline,0.8571159423173672
247,51.32473330379094,-4.359551118613613,Mixed,Very High,4.357985754757805,0.3838158091699318,2.483903931517457e-07,5.650640904907614,35,0.35769380500034986,Basement,0.8627799113025006
248,53.12117018941644,-2.6513995774447556,Mixed,High,1.7894904277282397,0.4874823356841685,3.226916935021901e-08,1.1736914197176898,49,0.3840061636142188,Pipeline,0.5188326758482592
249,51.84604959557199,-4.017606190973679,Swelling Clay,Very High,3.1302223523285826,0.3195821796508582,2.1835427388453687e-07,0.7282388611924108,41,0.36757039496001365,Pipeline,0.3474696414976216
250,54.64597889568458,-3.1260279246730764,Compressible Ground,Very Low,0.7938814314363113,0.1587711794410931,1.1172476240457608e-08,7.416588832187072,87,0.4118705932964163,Pipeline,0.639573873332081
251,50.5329620266947,-4.629309396840728,Running Sand,Very Low,1.0308242231560354,0.19744476346473927,4.221173105394817e-05,1.8853248597110026,46,0.4528276883446824,Pipeline,0.44587734191484274
252,51.61557479269334,-0.8349410481231079,Swelling Clay,Very Low,4.95978185401576,0.1939261654813852,1.861500523781966e-09,3.313026309020589,95,0.05823063580477673,Tunnel,0.0814408673219329
253,53.52620378786091,-3.9830671813233685,Mixed,High,3.7654319722066463,0.1969224474484632,2.1236609264826783e-05,12.778124393136622,95,0.06133429026374823,Pipeline,0.37780910043243365
254,50.98355250986921,0.29712619187938927,Swelling Clay,Moderate,4.809859348870354,0.35283387790031706,3.6040760264983576e-07,8.779911673131561,69,0.40023599449761654,Pipeline,0.9940721380493249
255,52.83156107972995,-3.4727751660541952,Running Sand,High,1.4792558260602207,0.2888635676406873,1.243748244296231e-06,9.687670340358645,66,0.13366251349552072,Pipeline,0.04851187002628721
256,52.68103648241185,0.5858360553673014,Compressible Ground,Very Low,0.8228143830991019,0.22344088013898994,3.258577875882682e-08,3.2184502970628404,67,0.03868529675553819,Tunnel,0.6966669119009267
257,54.76261503410882,-3.670826096418926,Swelling Clay,Very Low,2.515342317394155,0.11709039592792247,6.815348747416223e-05,12.515596164589082,76,0.20660229868049684,Basement,0.8411887050712471
258,53.626985965834066,0.049565945909090026,Running Sand,High,2.473341411136717,0.05996262332396566,2.565989013637587e-08,13.08570670037634,31,0.4117396867947783,Tunnel,0.6487259034753787
259,53.69851031079551,-2.6684772426236187,Mixed,Moderate,0.8747325687899393,0.14847560491446166,8.798122118166626e-07,8.08825010883913,67,0.07201686166885038,Tunnel,0.56974823116329
260,55.25903800894583,-0.9181600357769417,Swelling Clay,Moderate,3.666097847907051,0.09836213178590658,9.270080927460077e-05,13.732087692240567,94,0.3392025661841891,Tunnel,0.7075544169787575
261,55.41180187661688,-4.729367299747831,Compressible Ground,Very High,1.8088876721936704,0.40345026388350774,2.5437356812221866e-05,12.750015061841435,89,0.011771772268068172,Basement,0.42934273729965566
262,53.766973660764194,-1.5332889595201977,Running Sand,Low,0.9318261546525863,0.10062408101624842,4.804510274127549e-07,11.104200561779352,82,0.06377134913410047,Pipeline,0.09136173730887676
263,53.11000725076027,-3.9591847370855575,Compressible Ground,Very Low,1.659916972716442,0.37590270678807625,8.951021799846667e-05,11.144100777557615,86,0.18191666942655857,Pipeline,0.9623717543033817
264,53.5396002923244,-1.5957584092568147,Mixed,Moderate,2.8182934981750756,0.22354641039923717,3.2125456573400957e-06,2.028205372287518,83,0.050965117701962874,Basement,0.4323007699841961
265,52.4122185252708,-4.010486083796952,Compressible Ground,Very Low,3.632354660902216,0.0830202753846992,1.1053557651402767e-08,4.427122546587154,58,0.4244918170441853,Basement,0.6653892371680176
266,55.437283084800384,-1.940376159024404,Mixed,Low,2.409454430287423,0.4157285222442136,1.0665495877550817e-07,1.4692846873563028,94,0.43339454654127973,Foundation,0.5313104368892952
267,54.02510629748429,-4.225654258373981,Mixed,Very Low,2.6279749491418674,0.310833756606476,4.703993035328642e-08,0.6258775337814756,58,0.3802296445187669,Pipeline,0.054673071977554555
268,51.95503397189582,-3.4603393758599297,Swelling Clay,Moderate,0.694729679713742,0.15609268078860788,5.24890293108809e-08,2.7954882050666967,51,0.12881501938385256,Tunnel,0.9527466009925385
269,50.78883149486034,-0.8344474514730171,Mixed,Very High,4.573454623541161,0.45260652844970056,6.342817223207831e-06,13.26706414838063,49,0.2663910668675901,Tunnel,0.7925372261143233
270,50.723609645759836,1.8366244604709951,Compressible Ground,High,4.6436209899602225,0.07036624124174816,8.342853863030655e-07,3.978173856022747,80,0.10025237750645198,Pipeline,0.14909789446939492
271,51.5245649026327,-1.8557066212561963,Swelling Clay,High,3.4171329520900184,0.14081882368899332,1.5504706799043416e-09,14.567232457579966,55,0.1478264405358243,Basement,0.9816488762882668
272,51.66456527126556,-0.18978415173348306,Mixed,Moderate,0.08815704467012353,0.38842111751263747,2.4391719565732995e-05,9.160719493637488,31,0.2628425931651576,Foundation,0.7369013721717079
273,52.5752274697695,-1.2240273026893735,Running Sand,Moderate,2.68537107951663,0.3692200686394501,3.047759561360839e-08,3.9402480707030105,91,0.3701567661457909,Tunnel,0.47232165042830887
274,51.57423005818127,-1.5114944599389357,Running Sand,Low,3.1460948604430676,0.18017226217601512,9.668840244472442e-05,7.7083966505210855,30,0.05638064639288319,Foundation,0.6113700565595732
275,53.654552154308725,-4.5470706221210415,Mixed,Very Low,4.97327111479055,0.07791119390875241,5.90138096704091e-05,3.676874929151673,60,0.1553813818377622,Tunnel,0.10673668201459752
276,51.55627365405291,-3.989918184073044,Swelling Clay,Low,4.980334775973984,0.4361351325012247,5.042589131271866e-05,14.767616593644421,23,0.4640444608002419,Tunnel,0.560411510015611
277,51.43938269470573,1.1814041046279709,Swelling Clay,High,4.288056176627787,0.19116393713145619,1.1366794810243497e-05,12.785342266621976,83,0.22027042571312522,Pipeline,0.0736610720170594
278,52.85618496400185,-2.128849794707377,Swelling Clay,Very Low,0.31915496013056766,0.13807103671771936,1.2678464484653371e-08,0.8804624373437719,18,0.47004614021556407,Tunnel,0.5448552571193019
279,54.943342996619094,-0.6996726639064637,Compressible Ground,Low,4.766381953893649,0.2822278200624397,4.604301136117029e-07,14.242752456278332,27,0.4957862653605465,Foundation,0.5526956887627854
280,52.84152743689317,-1.3023673709952917,Running Sand,High,3.0633062357599954,0.4596022396771013,1.3228577138502228e-08,10.955444055891865,22,0.26806331479459383,Foundation,0.8744387851607439
281,52.56924372286083,-2.347823343141356,Mixed,Very Low,4.0044338523958976,0.06959596002951891,1.9878210165876648e-08,1.6945281543085358,26,0.15114156479457677,Pipeline,0.725057500272294
282,53.390474537298545,-2.2852842017234822,Mixed,Very High,2.0359642484292677,0.39461183961389945,1.1343807476185323e-06,10.224247321733461,96,0.39748063620056373,Tunnel,0.24955239221512004
283,51.78606839375814,-1.1117449586392905,Running Sand,Very High,1.5983473561729489,0.307612952572419,1.6001759054681968e-09,9.880437120502439,34,0.08806226040725733,Foundation,0.8884261421878569
284,52.26718277245217,-4.012007389669795,Compressible Ground,Low,2.31622072741904,0.2414521024483176,7.03546544143667e-05,3.67243681420996,63,0.13350296123931454,Basement,0.5732426648480058
285,51.569176278335654,-2.2891867182189616,Swelling Clay,Moderate,0.7343725648441346,0.384836199847277,3.920720314346879e-05,11.497477150109846,25,0.3945911556546483,Pipeline,0.6063794785740337
286,53.35904997303842,-1.8711710141808267,Running Sand,Very Low,1.7853306937665303,0.4846209909987345,8.013788212985831e-08,1.7624381980380233,33,0.22248650311869467,Basement,0.16898136922217832
287,53.986937807846076,1.8958835657328699,Mixed,Low,4.288087498841393,0.15314279502321096,3.7766978413514615e-07,7.596955127853093,84,0.1087535891239567,Foundation,0.857773595969114
288,53.868493204952856,-2.539816614999976,Compressible Ground,Moderate,0.18975243130440744,0.11464131428245383,2.1409035205979517e-07,0.6438865038647749,32,0.329051615026639,Basement,0.930965115016544
289,51.77408908982381,-0.4879477288339178,Mixed,Moderate,0.7543902341230224,0.4607967853502137,2.576314590585165e-05,14.546693588973824,50,0.36905331207702463,Pipeline,0.7749906494949081
290,54.39824102873983,-4.038091501214723,Swelling Clay,Very Low,0.6255807982474276,0.35102888485578665,2.7733800142479203e-06,11.397672660765185,95,0.07128490733077884,Basement,0.9407524526450062
291,51.77976832624965,-4.541630327188466,Running Sand,Very Low,2.0153777135011404,0.2470937097028847,2.4578548801016426e-08,2.8033551043150124,42,0.14572032738771773,Foundation,0.30229990412234586
292,51.25155775633881,1.1007940980086124,Swelling Clay,Moderate,4.9849345044543085,0.3079668066189274,1.7147715613118132e-07,5.454273579293603,51,0.11842561013239428,Basement,0.8611191683627711
293,52.24904374343597,0.11514431683980586,Compressible Ground,High,0.8667896510569134,0.38552625732930984,1.3958214836223392e-07,2.828154478218556,57,0.19612876809360155,Basement,0.4888931428637425
294,53.48872044585441,-2.777504986838017,Running Sand,Low,0.7274132479963008,0.39786435441757273,6.26146332887683e-05,11.615953229875062,27,0.38408799883227157,Basement,0.16391720294358492
295,51.21000909402199,-1.4679539797193972,Swelling Clay,Very Low,4.575278648880772,0.46395238136853406,7.525832576809548e-09,1.35399671870187,72,0.3597169701144189,Tunnel,0.6688005990334012
296,53.74043556054228,-4.04979070883713,Swelling Clay,Moderate,4.410252584829829,0.24207925500303018,2.8046694662739222e-09,12.685896505673856,87,0.33463671608801493,Foundation,0.6841202707058789
297,54.815339981267456,-0.04987794213397834,Swelling Clay,High,0.1612018499827722,0.18203490950872775,2.5298464412782943e-05,14.161846913118083,20,0.013079917475609689,Basement,0.28692451375669015
298,51.965702551290356,-4.507685855387927,Compressible Ground,Very High,3.758529800896575,0.3378489200554288,3.043896964439786e-05,10.311105170691349,33,0.07965022355639081,Foundation,0.02749333162757006
299,52.751033080575596,0.29923139858841363,Swelling Clay,Moderate,3.2773285073821476,0.23707755467578867,2.2839965289254642e-05,3.5879990250207956,70,0.11941579906001272,Basement,0.19984725908556333
300,51.64155212812589,-1.172144428110094,Mixed,High,3.838704049263545,0.31756930427704005,3.588265571101012e-07,5.721306389296486,73,0.14325836455903632,Pipeline,0.39977754767388674
301,52.306308645351976,-3.048046289392647,Running Sand,Very High,2.4725122739796106,0.2389936093051776,1.9894001270776684e-06,7.419978184729503,45,0.081749005407961,Pipeline,0.16756291105986854
302,50.60985285401254,1.0380204784301972,Running Sand,High,4.956896092241478,0.11884810400517852,6.558661813484742e-07,9.26705919693268,92,0.21105462022220595,Pipeline,0.19402994823960418
303,55.26884698106414,1.9025030923719806,Swelling Clay,Very Low,0.21923509355481596,0.2612420382465313,2.224534421744597e-09,10.195614802269468,86,0.0468384866568727,Basement,0.39139066438226955
304,52.579451066060976,-3.2195562916165343,Compressible Ground,Moderate,1.1718579320190288,0.36091301987346475,9.531790414800954e-07,8.5361133721238,62,0.37751087329001254,Foundation,0.9617866143085604
305,54.4443505490904,0.6437230471015276,Mixed,Very High,1.9827299348680754,0.4096777134504424,1.1696898902728917e-09,5.594051851916908,92,0.39598318577509145,Pipeline,0.7642435154076483
306,51.21321718678255,0.25116421463520133,Mixed,High,2.248889707828516,0.2719968245584461,4.216353817566425e-08,13.418300568191095,56,0.29139067790444007,Tunnel,0.3197484012265641
307,54.56177522050199,0.23033084773968593,Running Sand,Very High,4.606837013497593,0.12435705059468041,4.586304434108482e-05,1.6801848412603944,61,0.05395538975056424,Pipeline,0.9516040689185482
308,54.800736554811,1.7006492803881912,Running Sand,Low,2.800021820386294,0.2366094693422442,3.3130374734953746e-08,7.260712786530678,88,0.44614075307791146,Pipeline,0.6456467922587327
309,54.0773856434384,-1.5936803538860538,Mixed,Moderate,0.2255549776019694,0.4038322679787642,5.001879364843508e-05,11.745690157778471,66,0.4831615560669761,Tunnel,0.45544964464014015
310,55.01604162491703,-0.2808237161034173,Running Sand,Very Low,2.039314817128309,0.2357866717776828,1.7810240572261027e-08,1.382653646725313,84,0.10915814455767678,Pipeline,0.4683001989551471
311,51.335985647340685,0.7671415453806283,Swelling Clay,Very High,2.0824520618453497,0.36343885712190005,3.739479892328904e-08,10.727360643763866,32,0.35527351152595266,Basement,0.41074446783539187
312,52.8824091439431,-1.6432448846988152,Mixed,High,4.827454692188924,0.2782461567551404,1.3868755192998425e-06,12.385818529923212,68,0.422549929014818,Basement,0.2329920525459397
313,53.600547660080785,-1.6299815803159587,Running Sand,Very High,2.995985455105541,0.1585504062992285,6.428873257965587e-06,10.082053828642257,78,0.2745233260459241,Pipeline,0.3866321922137057
314,53.480964853487436,-2.7694167215285406,Swelling Clay,High,3.178255355794694,0.4082677286103834,3.21320800339198e-07,0.687584937992662,65,0.16842831876810696,Foundation,0.5278963840433926
315,54.80520467263149,0.4657799897899384,Swelling Clay,Very High,3.566265156256354,0.08789605433180916,2.573821568775523e-05,3.1119868934169905,95,0.24449377038937278,Foundation,0.528027350730221
316,51.57845683986443,-0.19662954220110418,Mixed,Very Low,3.8501965784106162,0.28620062723981776,1.5892861842138013e-09,5.460639643933286,51,0.2610116878843815,Pipeline,0.761736902212518
317,51.37821916269433,-1.8420207034926506,Swelling Clay,Very Low,3.1752553510124457,0.14400096540953222,4.082951237284041e-05,3.888505516751666,27,0.20631215165213368,Tunnel,0.3587978571573526
318,51.76689297428976,-2.064643398208843,Mixed,Moderate,1.1859717556696774,0.08017953284361905,9.583827748459987e-09,14.458456033297697,80,0.465622821880516,Basement,0.7167980293039524
319,54.957750247064354,-4.4918724978161695,Swelling Clay,Very Low,4.370229571705821,0.276320271687462,2.637507634571525e-05,9.948111754650007,42,0.374502724361826,Basement,0.5780918387686846
320,55.20513541328788,-4.954491972201091,Mixed,Very High,3.660599002053151,0.27480297017071564,1.0099872642190853e-07,4.806078881597769,12,0.12823780470493235,Basement,0.9618454045268344
321,53.348150521349986,-1.2977422342770963,Mixed,Very High,3.7093524254847794,0.36810540575407436,1.4580931824579931e-05,13.980613730648962,37,0.2969230217867356,Pipeline,0.3852849260339827
322,53.0068596728526,-2.0775500335388033,Mixed,Very Low,4.982783696173746,0.3851378118733572,2.2820636272827947e-06,11.23861589240471,10,0.3474576839562721,Basement,0.9012164642607903
323,53.52692804006328,0.5722573193123495,Mixed,Low,4.012632674316579,0.3775061699118035,7.580679965995213e-09,4.626804571492109,72,0.07867664663404383,Pipeline,0.8206425472982894
324,53.58153824923347,-1.2014216058501495,Swelling Clay,Very High,4.145757015775766,0.23430142981253976,3.8925827112098095e-05,5.993782756328353,56,0.1856286137662729,Pipeline,0.6376642845894569
325,51.35152352471748,1.5569423036755783,Mixed,Moderate,4.757027578550792,0.33426040425195314,1.688833956201282e-08,3.3917184454073728,46,0.4537186579859188,Foundation,0.6545144667421172
326,53.932054408115654,-3.62701440797301,Running Sand,Low,0.7556699992444693,0.3096253591897821,1.6622662739227845e-08,14.580572974854418,95,0.28791481909074873,Tunnel,0.08464993460641068
327,52.76175551174213,1.9310523826952783,Swelling Clay,Very Low,2.488636882390339,0.23970279025261382,1.177319895431051e-05,8.000799190406061,57,0.11632889556955525,Tunnel,0.9502246055934324
328,53.08690979424023,-2.9145656398152555,Mixed,High,2.902835117953938,0.3187457123836969,3.3835007560432806e-09,13.492821968720778,28,0.07016455107838387,Tunnel,0.10693606349574392
329,50.651583021675776,-0.5030321849868589,Swelling Clay,Very High,1.646378646112288,0.47626154451781816,1.2887822078722063e-08,5.524246679744292,23,0.2639311778026901,Basement,0.5632333087435071
330,54.32278316265515,-1.4870240046834406,Swelling Clay,High,4.197016719472527,0.1368021846566198,3.299042171186038e-07,12.982203244913398,76,0.2783660042842806,Foundation,0.3300708004491545
331,54.67713980633941,-2.4829651912552544,Swelling Clay,Moderate,3.812098108228617,0.4575974431034868,1.420316536305339e-05,1.2813593021938774,92,0.17386308116376006,Foundation,0.4298519782898518
332,53.59710776967273,-4.024835717141873,Swelling Clay,Low,3.60441537254062,0.07405498129243927,5.4628575214321925e-09,14.740309604102176,94,0.3189038539253681,Pipeline,0.610183010836817
333,54.24361817648331,-4.056160939834518,Mixed,High,4.985747198790834,0.18877514580574728,5.474458559029703e-07,13.724498321982889,74,0.043655496247500473,Foundation,0.9088513778823216
334,53.11353001586051,-0.019459208352632373,Swelling Clay,Moderate,1.2969068670419526,0.17966536187518772,3.5991749624739812e-06,5.766442699261496,35,0.08111844970040889,Pipeline,0.45756712357230145
335,53.59176689489278,-2.3565103191658205,Running Sand,High,3.6772862583771064,0.3318642985464076,2.008982360766276e-05,11.733471397061372,19,0.277674172295517,Foundation,0.9877295553064411
336,52.47285849231619,1.7290858189305993,Swelling Clay,High,2.757022374529503,0.10905122829978064,4.7624211801926776e-05,11.407739933870477,86,0.04028968998378244,Pipeline,0.5928120653514998
337,54.45937132531256,-2.7204605944556337,Swelling Clay,Moderate,1.5649459124693803,0.4470564253278892,8.379142423331196e-06,13.56819455799251,79,0.4416452948456393,Basement,0.16055394264217449
338,52.84135465132246,1.8846660522357404,Running Sand,Very High,0.8029343536156291,0.42284813380926856,1.837138891508044e-06,4.955197226367761,52,0.07965172152369322,Foundation,0.19000929483125228
339,53.901064522094416,-3.562037203833161,Mixed,High,4.479419185337735,0.343429618858375,1.4726530003863547e-07,7.250040077055168,79,0.34022073830142285,Tunnel,0.716111035589251
340,53.60714689309752,-4.280299296382625,Running Sand,Moderate,2.977277413539227,0.256286224306489,3.635388013526969e-09,13.042494382787769,89,0.20168968644006838,Pipeline,0.050397794243381755
341,54.01157259192875,-2.8120118653393,Compressible Ground,High,4.124669188203973,0.4698302189639353,3.537414589197523e-06,11.789402084960631,81,0.20589599629570174,Foundation,0.48034157622222684
342,54.42607937562612,1.199093526000123,Running Sand,Very High,2.726724920007724,0.42383594962425014,9.197854227827834e-05,6.205267421734048,68,0.38479586901946045,Foundation,0.1482191098035166
343,53.063567407964975,-1.3470363885330068,Mixed,Moderate,1.0998854032700978,0.2746918166365602,4.828397024986274e-06,12.76301587722577,12,0.2547364457447278,Pipeline,0.433218635177845
344,54.565329746278344,-4.050449258439544,Running Sand,High,1.6877440655016263,0.36584300950444004,1.2121474960342025e-09,1.1808335688698217,14,0.36557117718549453,Foundation,0.7499174220717195
345,52.98628618635804,-3.5825066527713347,Swelling Clay,Very Low,1.9076942123677325,0.30511847848085805,3.029004302425731e-07,11.839671392963357,94,0.2575437020888569,Tunnel,0.45881292824143416
346,55.283171614319684,-2.8211753649530573,Mixed,Very High,4.864674062518511,0.314574007274719,1.183676873226447e-06,3.498104961788659,87,0.30052361728857907,Pipeline,0.16345110898092696
347,54.26335874307397,-0.8688328353110455,Compressible Ground,High,0.028166391906912502,0.19893923124686208,2.8078312646678566e-06,4.648753163444914,92,0.38275016765613545,Pipeline,0.2519253703566424
348,51.35570824873032,-2.673347420856655,Mixed,Low,4.928330115122535,0.25793807208120356,3.968525525289334e-06,7.651615232136108,46,0.30758128403142493,Pipeline,0.3675395886521824
349,54.647922356817155,0.2293785746252901,Swelling Clay,Moderate,4.9023081755491535,0.0851546438553849,6.173652864437237e-07,7.021150265514622,93,0.3116514036005064,Pipeline,0.06956118348641471
350,53.25793830403317,-0.6859451067029241,Compressible Ground,High,4.980753952650683,0.21080691124906664,1.3085841740871358e-08,8.048266549613274,61,0.39671759979952126,Pipeline,0.5843376360811219
351,55.42230478986933,1.1167661614733806,Mixed,Very High,2.3829408945981734,0.3631228319129684,5.140475663122742e-05,8.399246137244345,75,0.4750525397514929,Tunnel,0.6075337912780502
352,54.094095218367634,-1.4932672154844502,Mixed,Very High,4.819044848104998,0.4789472137277838,3.043212914774048e-06,5.307151519956705,72,0.19459091542831503,Pipeline,0.06215192713256745
353,50.92195373285096,-2.6817651012925254,Swelling Clay,Low,1.9779959092491368,0.4833788507433591,1.528270339121838e-08,3.040798938746935,16,0.2927874070407161,Tunnel,0.402311321174162
354,52.47480213805174,1.9739009746224294,Running Sand,Low,0.13147220334193355,0.30007529110620124,4.08892515678915e-08,11.642977824665937,62,0.05227384728943735,Tunnel,0.4140006828847249
355,53.08637701336633,-2.51056674734851,Running Sand,High,1.1217359318588227,0.3229800133143119,4.07041184228136e-05,6.29965416176356,15,0.1858139014787448,Tunnel,0.3338195685526012
356,54.69506801579901,-1.9997815215364154,Compressible Ground,Very Low,4.726481224686923,0.13357453347543538,2.737952652132421e-05,7.834692505656355,16,0.21190412068579914,Pipeline,0.5577397403311118
357,54.14672767164886,0.6638905775066188,Swelling Clay,Very High,0.0688234666769999,0.3628886486420888,1.0610410631867928e-07,9.848102416091212,53,0.419266285243785,Tunnel,0.3459574900601118
358,52.34680035305819,-4.379546362748352,Swelling Clay,Very Low,2.729970677114875,0.08179645670347381,1.5543045199901305e-09,13.689749873446512,27,0.26156227704158164,Pipeline,0.41640927947780604
359,53.76716343751315,-2.2945692575903975,Running Sand,Very Low,0.37800794447339525,0.17810855860975006,1.7477803183303638e-09,10.75951605153319,63,0.36822252291624435,Tunnel,0.7975235474416056
360,53.384554539491894,-4.400029345932012,Running Sand,High,1.4319828921378925,0.350763506278449,2.6277948344479997e-08,1.1591587710605755,38,0.019313626012578966,Pipeline,0.16210935543020144
361,51.13026304476203,-4.0248589332906946,Compressible Ground,Moderate,0.4404642535594333,0.1896395591945702,1.3983345769742957e-06,12.659125269271255,92,0.23760140811787464,Foundation,0.6191146953034209
362,51.674293464993,-4.967514221513952,Running Sand,Moderate,4.297643105565282,0.07243109335150445,8.336296955642624e-07,14.845647719349028,34,0.45164565593015626,Foundation,0.5055944016908456
363,52.20561156357157,-4.9331899519233735,Compressible Ground,Moderate,2.955353548238529,0.4243416842079337,1.4761787006199309e-06,7.351032867885041,72,0.11991381555983469,Tunnel,0.30507163747934907
364,51.47741703181752,-2.337984773480036,Mixed,Low,4.510532328591564,0.18964850321055338,3.858467616706232e-06,14.55905987859171,77,0.025445870800485333,Basement,0.7275346564904107
365,51.25066922915013,0.6641466346344336,Compressible Ground,Very High,3.4417659977011414,0.0783973511864053,1.2449768271886928e-09,8.436266763975667,22,0.22237027951960345,Basement,0.551188359541148
366,50.79098885065144,-0.8909694758581477,Compressible Ground,Low,4.855145656225498,0.08365467402628934,3.352956938295288e-09,7.164431940143272,41,0.35517159211732174,Foundation,0.47736152696069534
367,54.86551282804465,-0.5556016910364958,Compressible Ground,Very High,2.549388273802033,0.16329145945493914,6.272161887017631e-08,5.305369088548098,36,0.23268711835232006,Tunnel,0.6676693147712001
368,51.944717089824266,-1.3652553369057943,Mixed,Very High,3.1935529088143726,0.13010717624968682,5.947028059481043e-09,10.034545699583413,60,0.23538937362052026,Tunnel,0.8022903079813608
369,51.95160301966783,0.7385520091939108,Running Sand,Very High,2.881544099445283,0.39843505300106785,2.3801274480103557e-09,3.8323960976131466,43,0.3382044702067766,Tunnel,0.9726687900335762
370,51.531140687150774,1.1626510763032192,Compressible Ground,High,2.421302147233064,0.19475782100016548,1.602588345090569e-06,2.0215461684588627,37,0.13465051605869402,Basement,0.6293503683763735
371,52.876986859319416,0.9481850970176264,Running Sand,Moderate,4.229796827115063,0.4121131032679246,1.1931152244714345e-05,0.8949379874711041,82,0.37842599790456893,Foundation,0.8744399854003829
372,53.07120983961186,0.6849247406212724,Compressible Ground,Low,3.222625678351801,0.12823069902041878,5.796065533134282e-06,4.739511634371325,81,0.08502563014380937,Tunnel,0.0010915410229569433
373,51.5414067931254,-3.7210084850570135,Running Sand,Low,4.006561324277364,0.2717956307948377,1.2167431026721985e-05,6.2386770664220546,94,0.20391779659013398,Foundation,0.5302356927258912
374,53.542851689318255,-0.8428664224434526,Compressible Ground,High,3.931819683012066,0.35961671009890794,2.134433950846852e-06,8.505112096078093,39,0.3314439731507498,Foundation,0.2146475487701981
375,54.11499979796874,-0.9248576273114084,Running Sand,Very High,0.9552258032764765,0.3433958842396347,4.750360937868236e-06,4.744872465211593,18,0.41590081354279684,Pipeline,0.09419245708313717
376,52.36920042982726,-1.3043919737665126,Swelling Clay,Moderate,3.2508176625882186,0.3205082344686209,2.2850403376459716e-08,14.768863799588463,22,0.39785022487087707,Basement,0.5319710170643921
377,53.427258484287194,-1.6343104749226383,Mixed,Very Low,0.9982400959066706,0.4661697208690264,9.226567884642897e-05,4.73030493949693,91,0.36362594366077194,Foundation,0.7468265061490941
378,53.011509525822234,-4.375806659695316,Compressible Ground,Very Low,2.9166023912188543,0.15283631646803497,8.238123010048332e-09,6.8941431324729265,73,0.18595722793283162,Pipeline,0.41227252247437973
379,51.47774199178051,-4.284857362656446,Mixed,High,3.3871734222315024,0.2721736420079474,1.181596979017266e-08,1.9975044002125548,47,0.06992911498392468,Basement,0.6701074493444349
380,54.15005494387289,1.3159709930843642,Compressible Ground,Moderate,4.986175357937935,0.4477966475325839,2.783614942170816e-08,4.279084443387597,31,0.11624876666956539,Tunnel,0.48971925384094994
381,54.507265139120236,-0.588694926151609,Swelling Clay,Very Low,0.1527098907486918,0.08505219451782067,7.527697358848586e-05,1.200816026940371,40,0.43376856914247763,Tunnel,0.437085865959426
382,53.74396557793584,-3.1637794985139553,Swelling Clay,Very Low,0.45621197056860463,0.07514972071388387,8.738621858459924e-05,8.612875184841256,51,0.43009237136500317,Pipeline,0.29025664043586064
383,52.11948013885526,-3.0448972755058064,Mixed,Low,0.3851334818561575,0.15498602940123113,9.429067582372728e-06,11.39043790542026,71,0.4762648177441177,Tunnel,0.38259351450100454
384,55.133962472046505,-0.7286361784595892,Compressible Ground,Moderate,1.9918064313337003,0.33485954879210833,1.3972946389947182e-06,3.337792307872985,73,0.04723443942881539,Pipeline,0.3497956307944279
385,52.776791939975624,-2.1514551775503654,Running Sand,Very Low,4.107941807429069,0.1669458319024131,3.983940796249679e-07,5.834708598333026,83,0.2730364517859535,Pipeline,0.6461871840148815
386,51.82939242692549,-1.9107308031043377,Compressible Ground,Low,4.220281663935678,0.13560794771395954,7.130241317055848e-05,0.7409352875438282,18,0.32785469200307443,Tunnel,0.11601851127913954
387,52.54117310410978,-4.575450066266066,Running Sand,Moderate,3.6848979786057585,0.2564610419112314,3.0068655842471753e-06,12.673069807972075,53,0.3582221147627597,Basement,0.092636368687806
388,53.96037545954105,-4.028825690231787,Mixed,Very High,4.484391209149738,0.3261191309462352,5.292375394456697e-05,11.809471111509207,72,0.32549298515511077,Pipeline,0.6600129942084604
389,54.729658928296246,-2.2465470140543617,Mixed,Moderate,1.6142997208472627,0.1618509681575332,3.82607956728181e-08,1.4171834476772394,49,0.3873055810521182,Basement,0.5462980698788807
390,52.282877496414365,-0.10219506045662108,Swelling Clay,High,0.44077322126149565,0.18531103402568394,4.665239685423285e-08,5.790580335145964,97,0.18614107238177738,Basement,0.4302000967426576
391,51.66312223004687,-4.663822286800608,Running Sand,Low,0.2907651399492506,0.32610168716518123,1.8776860103790806e-05,14.351655900817684,50,0.09792205834638625,Pipeline,0.15244288440790354
392,53.63246565917603,-2.6580954501824174,Compressible Ground,Very High,4.260663598096931,0.4755822898952537,5.614028369398003e-09,6.184392313145167,81,0.11024585235371488,Basement,0.4110271118693115
393,55.106075500531425,-0.13449633645838865,Swelling Clay,Low,3.6521814717684564,0.3536337773471397,5.365859618480372e-05,8.130025812498232,59,0.015869557840380525,Pipeline,0.7897317633200116
394,51.41646681779711,0.5443555331520384,Mixed,Low,3.493076530055604,0.402306864613052,3.4464483418050797e-07,5.65102148465015,29,0.18165771733204894,Tunnel,0.889621235789257
395,54.51509691149683,-3.6684550713328066,Swelling Clay,Very Low,1.698381692728344,0.21506454263996094,4.2861700067923806e-05,9.143905127859796,90,0.05495458493118887,Tunnel,0.7025765699642201
396,52.88303590743742,0.12040992325419975,Compressible Ground,Moderate,1.899525943091131,0.17251446172300974,4.830186987801723e-08,14.683274696733921,79,0.16752945946719353,Tunnel,0.059912175880880825
397,54.49756251981046,1.6878818585532063,Compressible Ground,Low,4.790567644496596,0.25442048444118015,3.800095584973975e-06,14.963786300477357,51,0.3178229378114614,Tunnel,0.6704097766011186
398,53.02770574886645,1.347685050675138,Mixed,Low,0.3190237204896751,0.4132097729202532,2.596423970061727e-07,11.733367181162272,42,0.44829424723754174,Tunnel,0.24098558954629457
399,52.386638871511096,0.5256325416425627,Swelling Clay,High,3.8686586846889632,0.25533483880575014,1.3615015848891373e-06,6.36251092129637,72,0.42140667098535306,Basement,0.31525124302640506
400,53.98370500104826,-0.01371319771063284,Running Sand,High,1.5481666185419658,0.43102643395543744,3.3255422186937837e-07,7.669266912020331,66,0.1338103638592127,Basement,0.19587320795998453
401,55.00313647297449,-3.3540318438616077,Running Sand,High,0.19527309206278043,0.4949473913128072,6.848226042442862e-05,5.6726042576284295,74,0.07570073967704301,Basement,0.7757557906202046
402,52.101258651850905,-0.5626774106632135,Running Sand,Low,3.71285055371228,0.08241199957865136,2.8875332182946894e-06,14.79083213361302,61,0.10460541416039834,Foundation,0.648602122637279
403,52.80374067497186,-0.4970820433279286,Compressible Ground,Very High,1.654559428391873,0.07043457023766667,1.805488984675464e-08,10.762524434468354,97,0.48578345943276735,Foundation,0.6118350545991809
404,51.64700313348261,-2.1522506753511847,Swelling Clay,Moderate,3.610737593713983,0.11731536631101283,3.5349608598909255e-05,7.009505958785914,15,0.2792424950458905,Pipeline,0.6679726096692761
405,51.41704731808675,-1.548891768093437,Running Sand,Low,3.5382719155906006,0.2229663540804558,2.952219814493738e-08,0.6756714165892339,16,0.09942608927028167,Foundation,0.2367722614039034
406,54.389450711960876,-0.1418005827770532,Swelling Clay,Very Low,2.6739343771655752,0.10896899411544458,7.211498151102482e-08,8.047009508662951,18,0.4219656157965394,Tunnel,0.4446444143253616
407,51.50332058344221,1.6647107499729543,Mixed,Very High,3.886865646052744,0.4417990149284402,3.2405482339966846e-09,14.766958924673458,70,0.2036437097131519,Tunnel,0.6332537215489892
408,54.46659085667225,-2.9328565409127787,Running Sand,Very High,2.9051916208562174,0.06041581296217871,3.161058979033603e-05,8.084383180109253,89,0.4506188544676164,Tunnel,0.6365940276183004
409,52.64608525920132,-3.2754579362979235,Swelling Clay,Moderate,1.4331842642413033,0.19210672235112014,2.695008356397329e-08,3.1451869395921483,43,0.1377317921488984,Pipeline,0.7918518627551305
410,55.47524361703858,-0.7873517539078989,Compressible Ground,Very High,3.670576505322095,0.1331125832723924,1.970552861666533e-08,0.8203593330192354,44,0.20267866181407573,Pipeline,0.28710396668811056
411,51.48670709095644,-4.0844062199104805,Mixed,Moderate,2.9456990793886177,0.4691926985708895,3.9931257769228896e-05,5.643204492801032,29,0.25742440376714143,Pipeline,0.7703361216968224
412,50.96488996256413,-0.9222701865853029,Mixed,Very High,0.06363640844960272,0.35126645220051256,1.0656983957811731e-05,13.8143068076008,67,0.4473815137036255,Pipeline,0.4401844806169357
413,50.87716534801748,-4.3780396044999845,Mixed,Moderate,4.508220888851547,0.46041361540311854,5.074515782857283e-09,14.950034568550274,96,0.43569114148647736,Basement,0.6701726920589348
414,54.677090023621005,-1.5659128427684386,Mixed,High,2.7282180916215673,0.48754791963967703,7.0246148833112985e-06,14.207835634774039,69,0.2914339844489002,Pipeline,0.4557193800652868
415,52.688881555291715,-0.657099377005264,Compressible Ground,High,4.343136327397659,0.27369420965481617,3.674222820803608e-05,11.076589902186724,63,0.11866999979263641,Pipeline,0.9486101697909433
416,50.51562174823686,-4.509232525090107,Compressible Ground,Very High,4.413684194911223,0.15544359862161183,2.4691989922868582e-09,8.593069562389502,44,0.2076449161515588,Foundation,0.17930226474164446
417,54.87385681251668,-3.551327936359595,Running Sand,Very High,2.2248332836754425,0.1371779537884652,1.3368262799241293e-05,9.064949122542654,56,0.48806020202909767,Basement,0.6750050885823571
418,54.88460503455152,-2.652380005843326,Compressible Ground,Moderate,2.538299982256155,0.15031348775862824,5.458838669592261e-07,8.315384131833433,55,0.30780887969992704,Tunnel,0.5765350007681589
419,54.53208337009396,-2.419809133696887,Compressible Ground,Moderate,2.0787719383780097,0.3688669884299013,2.2181312831708276e-06,10.752214921383331,96,0.39273790001085634,Foundation,0.1727310409477446
420,51.74159241512421,-0.2672674972208906,Mixed,Low,2.2471838765402277,0.06820057765535034,2.91253863171389e-07,6.57366178708261,13,0.23043370072709565,Pipeline,0.06600633581166793
421,52.363763600335865,-1.296850616083331,Compressible Ground,High,4.475735794858639,0.07311248286472169,3.0832974555744814e-06,10.2034580718586,19,0.27068356497873514,Tunnel,0.7991443889716636
422,54.22463112597742,-2.3252407078627115,Mixed,Low,3.9407200698395553,0.3236643240724175,1.4807758003822501e-09,2.2633756668794147,84,0.22018751499394662,Tunnel,0.15745133364626518
423,52.94676562703793,-1.8452662196084497,Swelling Clay,Low,0.6326283815778899,0.33892571603183297,6.509289933778107e-06,4.352581945141514,49,0.3544312890503643,Tunnel,0.18650668278577598
424,51.269132883617765,-4.909163305448326,Swelling Clay,Very Low,3.0515389077004795,0.34936831594510703,1.4679744247038174e-09,12.622044062725127,64,0.4272207968045699,Foundation,0.9784342239890393
425,51.713991322638364,0.39367695515340984,Swelling Clay,Moderate,4.979533201931711,0.21734622706486606,1.89016291796753e-07,13.604359495779171,82,0.25860813618003614,Basement,0.7172608514766308
426,55.36294768375779,-4.712967179136522,Swelling Clay,Very Low,2.9777535061624287,0.4126751999213689,5.686237113986964e-09,8.315619444624346,49,0.24562505473175061,Basement,0.2504868416012225
427,51.25506558713553,0.8052224504579613,Swelling Clay,Very Low,3.9293581279655276,0.2901310644769779,1.31181135782167e-05,0.9587164495875198,85,0.1767403688782145,Tunnel,0.5909489601516013
428,54.130403783390946,-1.2130243500968891,Swelling Clay,Low,3.8453073669058546,0.09745953350423875,3.700876100796119e-08,13.941116776480637,90,0.09677738020410107,Pipeline,0.5341118384025133
429,52.89009153329769,-1.3052656614283809,Swelling Clay,Very Low,1.7515876293616428,0.40869468818030535,1.8640936327535377e-07,10.679931741395654,32,0.47023138420880334,Basement,0.8444732675138475
430,54.243008297760795,-0.06794960558760454,Mixed,Moderate,1.8592465135197944,0.4788805038217062,1.3923669513256206e-07,6.503404894452731,24,0.16487906215295747,Basement,0.7293207478326243
431,53.805566205721966,1.016916728574257,Mixed,Low,3.620382108952016,0.0770163408510614,7.286346638985253e-06,9.176494676392696,14,0.40233881715139985,Pipeline,0.8317211254931858
432,52.69583595277163,1.5985230253576503,Mixed,Moderate,2.4999176580241755,0.22610810241526097,2.545199322613672e-07,6.731735099399809,49,0.36052004043086233,Foundation,0.21150658797736244
433,52.26955412341533,-1.196410789292106,Mixed,Very High,2.85285354565194,0.26938222017563646,8.806263476163044e-06,7.247418787614739,27,0.39754962413628325,Foundation,0.6402192043670052
434,54.27179627178063,-3.945392376077572,Compressible Ground,Very Low,3.564528951824188,0.11591184203524263,2.3309952257298997e-09,13.358743052061325,30,0.4690163853523302,Pipeline,0.04024085841838032
435,52.11570603129913,1.1504164832110506,Compressible Ground,Low,3.887875135195251,0.4404690265022947,9.077574868793935e-09,2.8357215802981175,88,0.31545167250823963,Foundation,0.0689406122792201
436,54.43885740044284,-4.715295871409196,Running Sand,High,1.3575828886653567,0.1778673402005198,5.723626005340412e-07,2.0032024644924333,12,0.44999566825720183,Tunnel,0.7135270327045973
437,53.89921533166226,0.6513601950386567,Compressible Ground,Moderate,0.7339687971848147,0.402353842972172,5.438030308423093e-05,0.5395667954387283,55,0.09217168822702389,Basement,0.024420102643931352
438,53.388345851165845,-0.2370486150204636,Mixed,Very Low,1.458973233618626,0.35194751691274223,2.3647717773629705e-09,5.0530054463758365,99,0.31708916221882594,Foundation,0.5797650089005092
439,52.34400442451149,1.333093251960623,Mixed,Moderate,2.5376916254603774,0.3191206201101605,1.6421812183285565e-09,2.6374996140241973,88,0.3884150503281602,Tunnel,0.84040509844453
440,51.52540678883187,1.282242051732128,Swelling Clay,Moderate,1.7107065864851956,0.1364642819134495,6.063918764744922e-09,3.6897896795026117,62,0.1431041540646453,Tunnel,0.3799418084180286
441,54.05209900620332,-4.627921401940442,Swelling Clay,Very High,2.841813794237969,0.14931658424790756,1.6060743429671645e-06,0.6629652486479655,29,0.37296936263306285,Tunnel,0.04484043683991279
442,50.9567461358529,-0.7338751497702951,Running Sand,Moderate,0.2673286206281422,0.0713067821359562,9.884724815898706e-08,3.7943335129716966,68,0.39145364626695606,Tunnel,0.7138474496287268
443,55.3527112807788,-4.127299813822588,Compressible Ground,Very High,2.5487520580688363,0.15832059340201987,1.3420289890415972e-05,5.324317938019422,30,0.41728209844805797,Tunnel,0.9296864524641508
444,55.39373957307744,-4.450719717791617,Mixed,Very High,1.8399245346885396,0.20544962425723134,2.2891052288816256e-09,0.9577286979432792,99,0.1633126271720071,Pipeline,0.7171713920582679
445,51.15111307979069,-1.8620599791848864,Compressible Ground,Very High,2.673333774464412,0.4249153867380914,9.59556240157869e-09,9.314609802308642,96,0.3439872291824715,Basement,0.5784472430027753
446,51.01967661486151,-4.316817221058815,Running Sand,Very Low,2.112666774424884,0.21487670002166237,3.1632391518393544e-08,8.747605058814491,60,0.15908410887078345,Basement,0.23002882987906004
447,52.56358363541515,0.09531668178814989,Swelling Clay,Moderate,1.4211292531877122,0.3895798022445229,1.3603492873680903e-06,1.9070187883939134,34,0.3721297898742431,Pipeline,0.015375624044496994
448,55.31841636130251,1.782584973553198,Mixed,Moderate,4.520539527288179,0.24774902658296943,2.666020297231542e-06,9.127641774016814,77,0.236857095921399,Pipeline,0.6946721084790533
449,52.50155449615556,-1.0129192955183508,Swelling Clay,Very High,0.9238249421067846,0.4031907403972498,4.1784621239468195e-09,14.980481819828725,19,0.3027967435183378,Tunnel,0.23102617584429297
450,52.31901054216168,-3.3538179130681938,Mixed,Moderate,3.4068278779027983,0.48932222019666793,5.236288239711629e-05,14.19479981576734,95,0.21376159090097877,Foundation,0.8581626771823575
451,54.01792529499386,0.902444740677768,Swelling Clay,Moderate,4.62322356291207,0.15792870112591106,5.072483884684122e-08,0.5387294038311179,76,0.0893716341956139,Basement,0.4663641188326113
452,51.39365618297614,0.9717236245101821,Swelling Clay,Very High,2.6933497984271653,0.43805372538374426,3.6799660749881943e-06,12.032985514290214,92,0.09723446950662819,Foundation,0.5306355823724562
453,52.316617417868756,0.1295018065507607,Running Sand,High,4.3820424428974105,0.3298208388375986,4.178674999075104e-07,5.627276505429046,18,0.04800876455844591,Basement,0.7539365442663667
454,51.95653723137244,-0.6940747063065444,Compressible Ground,High,0.6242573921664218,0.41778241771489466,1.2995427411172133e-08,1.4229448698520977,38,0.3128556130636143,Tunnel,0.7794306078033432
455,53.50767311315313,1.0745471832620677,Swelling Clay,Very High,2.4689438512820407,0.34321365602051235,1.7027136420084296e-05,4.791756598885017,46,0.42583281499699904,Foundation,0.6426508330805681
456,51.31376443107082,-3.8569582260170865,Mixed,Very Low,2.285126402404697,0.2407772782733676,1.2336448241326824e-05,5.165179486537953,80,0.020210044868419662,Basement,0.938431815412743
457,53.243506278031184,1.5212008844083131,Compressible Ground,Moderate,0.040594035184974286,0.15263372274880566,9.557829293402299e-08,8.087041469981324,47,0.042457356023293216,Basement,0.9822984363204194
458,54.78773294968423,1.6304220444739776,Compressible Ground,Moderate,2.2162867067966725,0.08151585139902426,8.770774160639701e-07,10.085714625398392,97,0.23415882622842607,Tunnel,0.9468854443746169
459,53.07085273353801,1.1039466179799335,Swelling Clay,High,1.845148781912989,0.29098326400732266,1.9459356731272392e-08,11.361306377021917,81,0.3714831607224128,Foundation,0.8241791853439435
460,53.917483085490424,-3.2453657570197305,Swelling Clay,Very High,3.3489936388730768,0.4956467425370895,2.8135727152032746e-06,4.065594117167366,68,0.08727674590885613,Tunnel,0.7056252202442514
461,50.876240088389665,1.0072487041744038,Swelling Clay,Very Low,4.691648892882593,0.3821188122563928,3.508601648584008e-08,5.165673268603206,66,0.143109146579105,Foundation,0.6633258578816675
462,52.745027896235214,-1.5165325171361577,Compressible Ground,Very High,0.4289554413101826,0.19730549362955746,1.66109194371443e-05,4.97153474946616,99,0.1236830386280855,Foundation,0.1037501769205339
463,50.97446583717926,-0.8354883381942226,Running Sand,High,1.6373819335731155,0.42224216003903087,1.2215901476191509e-08,5.759684587752709,69,0.20553509714886553,Basement,0.2714843468191125
464,53.49730837893328,0.8842043575290157,Swelling Clay,High,2.2203236869712595,0.396042800079383,1.185815476266468e-09,14.995016479866912,37,0.12024935173860986,Pipeline,0.0056882235293770345
465,51.905271855869096,-4.792920088183338,Compressible Ground,Moderate,2.2759268901719167,0.17673610700905557,2.2005954458058468e-08,11.780177890997674,37,0.182773352486929,Foundation,0.13740987023399187
466,51.93632915495874,-2.45940185477048,Compressible Ground,Low,3.8740486042112687,0.05643837040740561,9.021160970633816e-09,14.637361746396108,55,0.3669858733443526,Foundation,0.43922947716918836
467,50.8838336857249,0.7098536407112599,Mixed,Very Low,2.216978329167204,0.10317318734027732,3.4788219258551383e-07,10.55011036343233,80,0.30939453174255266,Tunnel,0.14653655078907335
468,52.05118930720367,0.6976834866120614,Swelling Clay,Very Low,0.13580650726826682,0.4447877856404259,1.0435576792639089e-08,6.3909251738856225,76,0.049779035641929516,Foundation,0.9016634146767579
469,53.03338588553549,0.9408154881805295,Running Sand,Low,3.5505204729641564,0.4264533658871923,6.5455983638533465e-06,6.151290662591137,95,0.32249537646040166,Foundation,0.805699185335282
470,53.423300515858806,-3.815488699023561,Mixed,High,4.424148475728359,0.18284405039526308,1.610101260563251e-08,7.584426602138154,64,0.2437678140640146,Foundation,0.07161191208951823
471,50.83332775637912,-0.05879367240427946,Swelling Clay,Very High,2.569523562748364,0.17833794182798918,3.4264223920731136e-06,6.544611858784342,47,0.46793713160649797,Foundation,0.24891371546726604
472,53.75729592858035,-3.97447661646207,Mixed,Very Low,2.9055426084925267,0.406789244196112,7.804671263086543e-07,12.510730568344814,27,0.1517591153809861,Foundation,0.8190718846115088
473,52.94437880376747,0.4956860626571773,Swelling Clay,Low,0.8146821948452304,0.4719818614529399,8.535899287938763e-05,7.242529188887047,85,0.3658215456525884,Pipeline,0.8030461265598735
474,53.184540039571175,-3.2841179688184474,Mixed,Moderate,1.1032297233947852,0.40061176555892,9.988606052915994e-05,4.786408223057267,72,0.36812180329183924,Basement,0.9454505501177888
475,54.66398336883897,0.1647240931086218,Running Sand,Moderate,1.1758511956230588,0.3225104046638427,2.226539563751642e-05,11.735473896101452,14,0.1185353826945018,Foundation,0.9975477616173603
476,52.211132226524334,-1.8149886703041926,Mixed,High,2.153709874406476,0.15920210764931203,6.308365478889864e-06,12.889095936030222,53,0.4525795762357587,Tunnel,0.9762700632411219
477,51.37025555682517,1.9038442518694065,Mixed,Very Low,4.640726104478211,0.2865865613428673,8.556222507098365e-08,6.596219864036545,38,0.25067976821050547,Tunnel,0.41013798572144144
478,53.25905087853477,-0.9407431847550338,Mixed,Very High,2.6089238335744303,0.15508033636696908,5.839607203931158e-06,10.183224292630214,23,0.34265284977575816,Foundation,0.25032844380203223
479,55.225109587676194,-0.5719444504579965,Swelling Clay,Very Low,0.9604882260067632,0.4136051390435481,6.0726420901840895e-05,1.3526657413804188,67,0.08146922385291722,Foundation,0.7584101904270625
480,53.089348095905656,-2.422855403040988,Swelling Clay,Moderate,1.330438679344748,0.22413248578298178,1.3088439714623684e-09,8.177240353586267,53,0.13632391932606494,Foundation,0.2992728927440308
481,54.65956087059753,0.14164110493203186,Running Sand,Very Low,1.9200751486359213,0.4251637476473118,4.892980680484127e-07,1.1522264973098668,27,0.2971924877892392,Pipeline,0.8064003601313298
482,54.28516027230516,-1.5358005122661549,Mixed,Moderate,3.116294878463997,0.2217241480922264,1.2302447544170315e-08,0.9232671871697871,16,0.16632336150294125,Basement,0.5339547303979244
483,53.09165393504916,-4.873533554328951,Compressible Ground,Low,2.200165765020027,0.4208672323399511,6.157176162621142e-07,9.387410332579716,96,0.25484953009977696,Tunnel,0.7939272752349539
484,53.737773888267114,-0.7399288148704839,Mixed,Low,1.9622242208846248,0.19999301682435888,2.1489952165417684e-07,4.898363044727313,71,0.19326254769291173,Pipeline,0.27587987971701045
485,52.533400920483295,0.81321713300553,Compressible Ground,Moderate,2.8236430019949736,0.24805971707795144,7.56559184259159e-07,11.266788855604249,54,0.3238713603555835,Pipeline,0.5080273155538209
486,53.153143445485966,-3.3423876095768454,Compressible Ground,Very High,1.2091749747723273,0.3269697887041959,5.686055666162996e-07,13.493197129172586,25,0.24870122776259637,Foundation,0.564023793602182
487,53.03642877645317,-3.4525537144037077,Mixed,Very High,0.3945163629229109,0.0816294263134634,6.317353739467016e-05,2.521172019090085,73,0.012258868626852402,Basement,0.9431080677201321
488,54.045551814788865,-0.7377967181651073,Compressible Ground,Very Low,0.12207157411111058,0.47669317781695897,5.766742303534467e-07,11.005581159394396,46,0.3283436105932382,Foundation,0.2665975768304173
489,52.54990659678141,0.7258549349784573,Compressible Ground,Moderate,1.2562958173356353,0.30812260375571143,1.7027874498988494e-05,7.960539975180978,34,0.21683956295458906,Tunnel,0.9366882392848946
490,50.9988356131107,-3.252657635094969,Mixed,High,0.4579601707223435,0.27851900661086104,3.972843285313022e-08,2.1257291273591337,18,0.1774321868402092,Basement,0.8048589154657159
491,54.443547614068116,1.525838558701274,Swelling Clay,Very High,1.681703192603834,0.42772728700396045,1.5506130831072508e-07,9.948092793970508,64,0.05613190861877954,Foundation,0.7308940540866953
492,53.92426501664104,1.4917114967708436,Mixed,Very High,3.864667701798778,0.4395932284535724,2.249403570802919e-07,9.337268645043856,37,0.11798114837758081,Tunnel,0.7868702691851251
493,55.25061727728683,-3.5962432966444666,Running Sand,Low,3.5814716524341916,0.2850171820380572,2.4753705325171965e-08,7.976807077311347,18,0.11964842287461817,Pipeline,0.605425045880057
494,52.643580879239316,-3.15350911560229,Compressible Ground,Very High,3.054638113940144,0.4672680466071368,7.924124811010752e-08,13.933832466115042,21,0.4683310547083172,Tunnel,0.24408001046248584
495,50.891028284555475,-0.09580832336286971,Running Sand,Very High,4.262501219397394,0.07913199473441629,9.830268889207901e-07,8.05565559350824,27,0.22193135762580796,Tunnel,0.18949496883985273
496,51.10809493181622,1.662131763170982,Compressible Ground,Very High,1.4103381227213836,0.1009516065130479,7.960471952587765e-07,14.862469174028082,99,0.030612265135433317,Tunnel,0.8663414358503905
497,54.36659771601539,-0.030821178565797247,Swelling Clay,Moderate,4.425268765149829,0.31855470350649806,1.521166395987713e-06,7.88381780079761,65,0.07802017429922722,Basement,0.7251394025958332
498,50.83878641389301,-1.885699651256234,Compressible Ground,Moderate,1.996195848345896,0.20932963780711267,5.7423489104851414e-08,2.17985455536983,99,0.04872601110912691,Pipeline,0.21320428276094905
499,55.03913072464643,-3.8169905750144784,Mixed,Low,2.0044665913331325,0.2589013247851395,3.794525500383091e-08,7.321833140587941,83,0.2985460012015335,Basement,0.6150933658744016
500,51.90825055647593,-1.7729310581226518,Compressible Ground,Very Low,2.0267580681276076,0.19763564805372497,1.1431136580231156e-06,3.143767057048533,67,0.10144453086774509,Pipeline,0.4475464814142238
501,54.99439520289663,-0.7526254562061192,Running Sand,Very High,0.4904718312049072,0.23212639015022102,4.616456441502156e-09,9.158435535652695,90,0.2542932437380702,Foundation,0.15865516996309392
502,54.36753424400473,-2.6833365673034475,Mixed,Very Low,4.877452491655278,0.42019085621583474,1.8414406145619346e-08,10.550416540307216,60,0.19133041080628804,Foundation,0.5318571093571643
503,54.85600518145845,-1.4281952515993717,Running Sand,Moderate,0.6925338891257959,0.3170642899344371,1.6241969281234519e-09,7.292311541252858,41,0.40389942480065766,Tunnel,0.28151909246641726
504,51.57019845884983,-4.088501101699059,Swelling Clay,Very High,1.7044286223459226,0.49880504717757423,2.3070354235533063e-09,1.9166930314056494,97,0.16703992226002753,Tunnel,0.09624412415757155
505,53.47846747906784,-1.8346832684118954,Running Sand,Very Low,1.5965016016337858,0.4040956390194333,1.647845143177067e-08,7.295300279461517,57,0.23455008637443608,Basement,0.4669582985454108
506,50.96794566036211,-4.364569267493122,Running Sand,Very Low,0.37339716408354817,0.173149814345822,1.2521212943329701e-09,1.6810861136488058,17,0.3634299188129346,Pipeline,0.5901085520935618
507,51.51140383769688,-4.6563787503570655,Running Sand,High,0.7613006505593833,0.1689553029770133,1.6867587061787348e-08,10.390826354844743,39,0.22234209139601327,Pipeline,0.04690641038115051
508,52.04951113668634,1.0006794091952909,Mixed,Moderate,0.22429168092692908,0.20115422155265322,1.8831356940125148e-06,11.960339260543769,35,0.3986756126464626,Pipeline,0.4020927494109968
509,54.204062957550114,-3.5644289109774756,Swelling Clay,Low,1.4620224678025673,0.4294667662914842,2.020856112698054e-09,14.454514744792066,33,0.3342253345559658,Tunnel,0.2576619198366853
510,50.623571896942416,-0.9739126961044668,Swelling Clay,Low,4.333284620144532,0.06227944279275452,1.5264528320123665e-07,2.657630553362618,36,0.21115926583389083,Tunnel,0.030650590707232417
511,55.01558641436068,-3.957120691130053,Swelling Clay,High,1.6972110286869224,0.15358157549206597,3.67742593495631e-05,8.220094865232909,88,0.2569511435863177,Pipeline,0.1256625496115058
512,50.85401756856461,-3.1623070036349605,Running Sand,Very Low,0.6184591603368961,0.4572132891549201,9.045324351831401e-06,8.72929182926357,84,0.48392969336267483,Tunnel,0.13903415881837755
513,52.382450976723135,-2.4706240616136093,Mixed,High,3.22846934191959,0.3379533962374634,3.366568933597797e-08,13.875909739824206,48,0.3341896332891123,Pipeline,0.18287424811797115
514,50.90544814164292,-3.9942649455166084,Mixed,High,4.983004560274552,0.1520811929754754,4.2075316929889945e-05,9.595511288649456,75,0.45344766072643916,Basement,0.8033775714379212
515,54.34483921551687,-4.678263920922228,Mixed,Moderate,1.1616189476596377,0.14861523570466117,4.448693483478126e-08,2.6098898618571558,60,0.09759166670082153,Foundation,0.4394918664781392
516,51.206574867013785,1.1401186141260773,Running Sand,Very High,1.3978550268528473,0.43817814579174375,2.30450408175995e-09,6.827094197466243,82,0.24678571656012444,Pipeline,0.14708599227038688
517,54.92378455131229,-4.9171701488415955,Swelling Clay,Very Low,4.859235271403943,0.4521908787246709,9.338557212806017e-05,9.994056663340633,59,0.4552442182240748,Tunnel,0.10029696692788925
518,53.15110993295763,-4.570753120154525,Running Sand,Low,0.8938814377524357,0.16525899093295188,2.2393018348140607e-05,10.654124265004812,54,0.16807991010629464,Basement,0.29794045872903907
519,55.24236409727698,0.6355051257967173,Mixed,Low,2.5560703372958193,0.2392296611344395,2.136308244359622e-07,13.014572979563317,96,0.4841554570917462,Tunnel,0.7980155187044523
520,51.95180456404098,-3.0259416425886076,Running Sand,High,1.1982606650804746,0.42556808238274274,2.1472500472110344e-06,3.117353237743759,42,0.05756797033209214,Tunnel,0.3644598479396435
521,52.77158075939195,0.05974210780288125,Compressible Ground,High,4.6617594895062195,0.39695334737444843,2.270598723079955e-06,14.297361127954726,28,0.45230887343476806,Tunnel,0.15989736029393808
522,53.97123481164789,-3.9764197554746037,Swelling Clay,High,4.90760507288147,0.41626224795473804,9.384500324204139e-09,1.3575214742260877,22,0.22815393981227078,Pipeline,0.4041161815461599
523,54.659566562854806,-3.3390277598229643,Swelling Clay,Very Low,4.073489230600077,0.28327918585458595,1.0005600666516866e-08,14.76455095124908,87,0.046134640919168725,Basement,0.5553115572870575
524,52.60678543872803,-0.9905643838210461,Mixed,High,1.5739190790640527,0.46019707173732793,2.2279401331626429e-07,12.937622846562924,31,0.44096558036718286,Pipeline,0.02958418363801385
525,54.96216269163582,1.9204508694249842,Running Sand,High,2.017437376402525,0.19667819477949589,3.612981191249651e-05,10.073955350051483,29,0.1334507040804656,Foundation,0.6276418014401731
526,51.089936041621975,-4.485888708885438,Mixed,Very High,1.2115284183321067,0.12050246045638312,1.1219380425817493e-09,11.157434753834114,14,0.02090256149266035,Pipeline,0.3951007530147893
527,54.04342359405048,-2.196117814127174,Running Sand,Very Low,4.453789835044957,0.36892954965418917,8.175760856810673e-06,1.5540340858225483,93,0.07654548172890421,Foundation,0.009725875131194384
528,52.2409949110683,-4.698433209958527,Compressible Ground,Moderate,4.57279138844079,0.29270948720310336,1.939250528944921e-09,1.1014580119695596,87,0.3329662235308832,Basement,0.6738893989463809
529,51.00667742066298,-3.6054149014081758,Swelling Clay,Moderate,2.094353311230236,0.43456359596426647,2.460994110717777e-07,1.9756040499948002,99,0.48912762967771545,Basement,0.7123876355626482
530,52.43332278401002,1.3522971878695316,Swelling Clay,Very High,3.2826653495150095,0.08652166210612172,1.546550712390098e-06,1.7667173126299978,41,0.06461644839592323,Pipeline,0.6288397885586828
531,54.90107812242784,-4.324779273471613,Running Sand,Low,0.8277658988734693,0.4296615815471301,2.715165679594848e-06,8.43702788530681,39,0.23635454358113336,Pipeline,0.34193021759842224
532,55.4026693564432,0.9979914496294349,Swelling Clay,Moderate,2.174679501817045,0.18198259394396998,1.9606330450363805e-09,3.6239378131209423,35,0.09851190996429092,Tunnel,0.5296048540659611
533,52.46399928550241,-3.7553773332294313,Running Sand,Very Low,3.157495533367488,0.34468505022568235,1.2388481793598152e-07,12.972981739497534,91,0.3750679017097801,Foundation,0.38715770613343536
534,54.932081939031875,1.0324939257639274,Mixed,Low,1.9270155925900978,0.06805795508521512,8.302068310936337e-07,6.963355034487046,96,0.06784886088328894,Tunnel,0.7006217301596944
535,53.04827208120939,-1.2338462580502738,Compressible Ground,High,1.7879976284322996,0.3243115833366203,2.139083247644797e-09,10.584901908644985,97,0.1275224567556359,Tunnel,0.5835801862336887
536,54.085075188319706,1.1474467195879043,Running Sand,Very Low,0.004994961334713333,0.3727722601343012,4.736666227881323e-09,9.966659848067318,13,0.10623892414804496,Basement,0.08179911382744975
537,50.726857111369114,-3.938074487439357,Compressible Ground,Low,4.021467318885571,0.21593759652752914,2.080869992897702e-06,5.137869064480796,76,0.2807346923798192,Pipeline,0.6430935582189974
538,53.28655985992012,0.33425585915478173,Mixed,Moderate,4.446688060107241,0.1469348173679631,4.0568689886730186e-07,4.025929816123071,52,0.4378602050803098,Basement,0.6872384143378015
539,50.850809681054955,-0.23510982743596287,Mixed,High,4.84731764772916,0.2919338044715953,6.443818603714835e-09,5.46561613680121,39,0.2604341985666451,Pipeline,0.3707021806146994
540,51.843089785469,-1.1994662882492628,Mixed,High,3.5963569253460776,0.42493586199604094,4.7445681001933564e-07,12.051546420822644,25,0.038539291858020915,Basement,0.8757857809597044
541,53.33407162934339,0.6741114108768116,Running Sand,Very Low,2.7439615618494226,0.19559631123349286,3.6598380431771633e-05,9.001014302084467,80,0.28606057599244733,Basement,0.8430143548449627
542,54.535818832108404,-0.4620678290107225,Compressible Ground,High,1.3464225990435468,0.1636111838845758,1.1965694867586369e-09,4.176310606528043,48,0.4007852896658246,Basement,0.17516652389973786
543,53.304468219019554,1.1393284722542472,Compressible Ground,Low,4.996497379817492,0.17552088888695944,1.633687053604083e-06,12.358773424376238,95,0.07475653667911812,Foundation,0.9042663084858685
544,55.18095770557605,-2.3325649725010376,Swelling Clay,Very High,2.9487642726605277,0.477109468812499,2.334813377803679e-09,1.2940110985994475,50,0.04562849502884994,Basement,0.4408723714950775
545,54.55166253787918,-0.8705377520832949,Running Sand,Moderate,3.4057703616522312,0.21167461209405186,1.0770781477676217e-09,10.638158937359282,40,0.10202581100320883,Foundation,0.7237496526342934
546,51.28120073052551,1.0942058980299816,Swelling Clay,Very Low,3.4120308097765886,0.051621907949729234,5.665946159117754e-09,6.866961683365008,58,0.3755822981825975,Basement,0.814097006967236
547,52.444792428139685,-3.4963015512710576,Swelling Clay,Very High,4.226258978785907,0.4017565435818289,1.3017667043282559e-07,11.103710597955379,22,0.29992340557068076,Pipeline,0.5051124210696899
548,53.84242713653389,-1.5998105036820203,Running Sand,Very High,0.04836269423459605,0.3646736579009256,1.0273537130954582e-05,13.948188563529689,50,0.27489138044125694,Foundation,0.39910193937081573
549,55.19203015804645,1.725192752100683,Swelling Clay,Very Low,1.1012347021568591,0.10785571907133601,2.5640558636699412e-08,11.375494420230106,37,0.1322451483695665,Pipeline,0.9154513686150983
550,55.438579343723354,-1.6847873895372087,Swelling Clay,Low,3.3276700008500697,0.4932069121107106,1.3438972397763633e-06,6.908497652015044,73,0.17279593167096113,Pipeline,0.2308535529354232
551,54.315932189814035,-3.230193883631218,Swelling Clay,Moderate,4.4757286841228385,0.32362802838730004,1.1370594967310631e-07,2.689147381951271,28,0.48328365634223774,Pipeline,0.2569700777191445
552,53.36884652789682,-2.5424663287973326,Mixed,Very Low,3.426693909606781,0.27535077092327065,1.4847692336795369e-08,12.192089149178788,96,0.12790636109739897,Foundation,0.3616203140134371
553,54.28304844868996,1.1955888356141262,Running Sand,Very High,2.067456457468401,0.22199867043030097,3.725937549585423e-07,7.180230140359888,81,0.45180625739499336,Tunnel,0.8594657779705656
554,51.86618209731974,1.684181271372852,Mixed,Very High,1.807777479351308,0.45440274000363706,9.7123081212071e-06,1.592028690128382,34,0.29446043718429094,Foundation,0.9387882642130759
555,51.918015136298166,1.6507534988029748,Swelling Clay,Very Low,3.689740041416602,0.15978356663835347,1.4536566864711647e-05,10.926303267764556,47,0.07041526852191142,Tunnel,0.22006771475486187
556,53.771746730811614,-0.10740325622000135,Swelling Clay,Very High,3.706188485685967,0.17859600509895585,1.7084318503103175e-05,4.73185350579055,99,0.23898306529598332,Foundation,0.8638701476312454
557,54.85917788199955,-1.432786778227713,Mixed,Very Low,3.0352899625284517,0.10508486300895512,4.929343271512867e-08,1.208879327825186,12,0.4747888715068292,Basement,0.2582029594685693
558,55.349047445881766,-3.7211774556486072,Swelling Clay,Very Low,1.4573351204866851,0.39160359301291703,9.274282563142202e-06,13.589889717124127,11,0.21509714308730574,Tunnel,0.970641246749888
559,52.206673004156094,-4.137452915506748,Running Sand,Moderate,4.625774091952718,0.317997176182634,1.150514974377343e-08,7.504965835361696,14,0.4330594167467875,Basement,0.5974078919815823
560,54.4827681155066,-4.581633746510576,Compressible Ground,Very Low,2.7593997105931956,0.3240797761645242,4.921817501143027e-06,4.573935271008812,70,0.13565006037933677,Tunnel,0.007086467447382394
561,54.75765402643747,-4.875995633437215,Mixed,Very High,3.952461781241653,0.14831169395875865,5.519784611318313e-05,10.887605089331217,29,0.28975185438218276,Foundation,0.034129904071177886
562,53.61586621515696,1.146817054739774,Compressible Ground,High,1.0715413108091583,0.34302577510718774,1.171437637366045e-09,13.345584476397175,85,0.4234875085189671,Foundation,0.14748453080470847
563,52.237959411148815,0.6636042106234115,Compressible Ground,Moderate,1.7202039430736393,0.39445630126108877,1.5915476874570674e-07,0.5044525879894546,47,0.4611373361731508,Tunnel,0.18757315781875672
564,53.59544282636901,-1.025250336496704,Compressible Ground,Very High,4.372897581936712,0.2110498388265602,1.7332249896566768e-06,10.47385668311123,89,0.24805344990413736,Basement,0.7676191228265966
565,53.422244521557566,1.9910627817639979,Mixed,Very High,0.25053514969984203,0.4106062147827705,3.227593650577602e-06,11.62166956326711,45,0.3234471700512602,Pipeline,0.2227658764169499
566,53.53262752898245,1.6713645054114874,Swelling Clay,Moderate,2.5615765562833106,0.20695576483940942,7.593443945436635e-09,3.543947695552648,55,0.011460264083342164,Tunnel,0.9691416200498598
567,53.59630106893861,-0.41423720499705485,Running Sand,Moderate,2.408527399220045,0.3911623076791794,7.259661585163211e-05,7.599545555447529,46,0.13407942068156092,Tunnel,0.6361120572029383
568,54.735290954358476,-1.747978030718226,Swelling Clay,Very High,3.7561509445404107,0.06517854835597355,1.1921388462882846e-06,1.7946455343100693,63,0.14656893083600345,Basement,0.6925175092535177
569,51.35040756633665,-3.934804987208093,Running Sand,High,1.4094688529966621,0.2980240706631437,6.632893224589958e-09,11.32787329647254,30,0.055811575710671094,Pipeline,0.2178165192852075
570,52.33646973807584,-1.3908433632195334,Swelling Clay,Low,1.0953341092979973,0.486286952287949,1.2665214765272777e-09,12.78811226916861,30,0.14705055654491858,Tunnel,0.8927063140950847
571,53.430008636753556,-3.895794289801309,Compressible Ground,Very High,4.630664193866169,0.4915600703070758,8.247474737480846e-06,2.0687065312075785,79,0.1673497961984882,Pipeline,0.6678145728199314
572,51.91663869305813,-2.2108408702766766,Compressible Ground,Moderate,2.858548259792324,0.17678866025378326,2.5033622403226137e-09,12.338673674776103,93,0.48469535938841474,Pipeline,0.8644056243418639
573,55.390765610420196,1.5985367590292565,Running Sand,Very Low,0.5234478414182725,0.24862959098615994,5.072880189646973e-09,11.687767472025737,69,0.33761516647481044,Foundation,0.956481097231227
574,51.81575129801165,-2.606147074650538,Mixed,Very Low,0.9651808110716054,0.07834005859398488,7.484281851373641e-07,5.5302431453780105,45,0.2187424889140087,Basement,0.12564097710959643
575,52.848144403211826,-3.93048908449573,Swelling Clay,Moderate,4.994130297571242,0.4430035884220699,1.0411840757948987e-06,10.509198184036958,86,0.49414668574079956,Tunnel,0.09658723026894567
576,54.88682522856534,-0.9232237703464978,Compressible Ground,Moderate,0.9780449812609621,0.30585746891309634,2.7191651966939526e-06,0.5006977964675203,20,0.08508383691495948,Tunnel,0.8034078265896357
577,50.90031831330113,-0.7834507811076952,Running Sand,Low,3.0523775567683935,0.22329530552323268,9.280471968909745e-08,14.011065989756979,97,0.24326508502593744,Pipeline,0.8661260590941703
578,54.60344001047126,-3.6433703027245894,Swelling Clay,Moderate,2.1006403949780905,0.10074675132011889,7.404459207071718e-06,8.480556911971407,92,0.3270604814540342,Tunnel,0.5837614208779857
579,53.35504184487335,-3.6238938869262785,Running Sand,Very Low,4.427995474249177,0.4760452784736001,7.443770897857533e-05,9.494913528898993,96,0.03723451089719774,Pipeline,0.3660005477505206
580,50.65901020409835,1.9268485392737889,Mixed,High,3.7758429614766387,0.2885985715194472,2.2671210816395308e-08,10.13756149631693,40,0.36132944046072824,Tunnel,0.6526296360752237
581,55.01456445983385,-3.297032489964516,Mixed,Moderate,2.9847569813090793,0.17731756808730675,3.2744855833394964e-06,8.639850749666317,46,0.058935002931775046,Basement,0.3056640725924573
582,50.69598417727872,0.8673442434850882,Swelling Clay,Low,0.05369490898991247,0.20759680855917928,4.388774450277583e-05,12.923076369322215,69,0.07873833121384169,Tunnel,0.23838569215346816
583,53.07608898135646,-1.7077332211781435,Mixed,High,4.398976037467298,0.17181373141496648,2.7004355278789223e-06,9.340676566197388,70,0.08824786110642119,Pipeline,0.4881452095272655
584,50.7451562318284,-1.955075327610904,Swelling Clay,Low,2.2233373541935815,0.3208144139856413,2.544178002057763e-06,13.662519872986852,76,0.4651560150612037,Pipeline,0.2161538276063797
585,50.85600049237249,-2.935263086853733,Swelling Clay,High,4.657888265092883,0.46848360910122944,1.3148095365168484e-08,8.943808522393129,38,0.3447854171177022,Tunnel,0.4837036083151729
586,54.93602157128946,0.41678057824631587,Mixed,Moderate,2.477695064271006,0.43551221149695396,4.7386103818901073e-07,2.981275118718216,76,0.331159475540521,Tunnel,0.956606505463572
587,54.32912773481222,1.1646261490908838,Running Sand,Very Low,3.4711224459136276,0.25717139394168986,6.495524392732673e-07,13.746657059669893,88,0.28219181326784615,Pipeline,0.8397840356173905
588,51.48470586622446,-3.172107769086438,Running Sand,High,0.34646324733321077,0.42192471303545354,3.166998168964527e-06,10.383598726216762,80,0.1534749393606004,Foundation,0.9416309195000223
589,53.60233986607127,-4.334323314556202,Swelling Clay,Very High,3.725758267633929,0.24039746657434846,9.640670716110315e-05,10.638965419315564,76,0.3142359552536822,Foundation,0.8063289748473585
590,54.473397842156075,-4.041563129800731,Compressible Ground,Low,1.6899801565596144,0.16353821334138713,1.4730555093164754e-09,14.789485383288225,25,0.21097336274543352,Tunnel,0.3547509359462767
591,54.94795320683433,0.5496247433637089,Swelling Clay,High,1.7567950716589043,0.49253680186989257,2.119157845459236e-09,1.5903500360388978,54,0.08125391354538129,Basement,0.8120452385515591
592,52.84153463419573,-1.9492116207626191,Running Sand,Low,0.5932792235469497,0.1867494055868698,2.4532982393250535e-09,6.714592802879984,43,0.34790267226058924,Tunnel,0.922915743553214
593,54.98749938700602,-4.07659739112494,Swelling Clay,Very Low,0.7342857432010114,0.19567590394410878,5.18675426157146e-06,3.9668831983059203,93,0.07349526228566212,Basement,0.9470357878370544
594,53.03925036358781,-2.6179825550626283,Running Sand,Low,0.9287952810310507,0.495361790503935,4.805836323219319e-09,9.641183738348028,53,0.10342760470037488,Tunnel,0.683197850684997
595,53.941140210888456,-1.400351620028629,Mixed,Low,1.6410308428571119,0.1102673719245447,1.2949690011851197e-06,12.198769414347042,87,0.4106726628053269,Pipeline,0.21136664381511316
596,55.3951467971257,0.9643617869150569,Swelling Clay,Very High,4.459849563878027,0.39224029460436277,4.200919790239319e-08,14.511505278939984,51,0.33345737710132545,Tunnel,0.03972915336469085
597,51.67975894597264,-0.5077972204237753,Swelling Clay,Low,1.8413011911504022,0.47111574131722694,1.9346382991580353e-07,7.0916435508434414,44,0.31918566556468475,Basement,0.14720022816015577
598,51.34260638041239,-3.767770392439995,Mixed,High,3.621813532816092,0.2803077474239384,1.1976110627619593e-08,11.90016434431776,84,0.2149193643279348,Basement,0.9655469178939454
599,52.21009412488935,-3.889081013491645,Mixed,Low,0.413737519449357,0.05113479276626902,2.140586620171298e-05,13.797248084585503,93,0.20417745393729186,Tunnel,0.46209682419276943
600,51.321995113601545,-2.113660490566742,Compressible Ground,Moderate,2.955493996359963,0.21877652485089782,8.526123534330194e-07,10.40821877177033,39,0.3482286785008466,Tunnel,0.8549860148320575
601,51.92081402852437,-4.473650066087705,Mixed,Low,2.4094561563521975,0.1002060465731722,5.282217964750142e-05,4.019622010521683,62,0.3726027139184324,Foundation,0.4650441535582911
602,54.21492661685302,0.2890403669871109,Compressible Ground,Moderate,4.889789734772522,0.23728444742016308,7.46416529781456e-07,9.313885191062976,67,0.26000446915851216,Tunnel,0.6608175834598394
603,52.88762017960644,-2.1898232578735954,Mixed,Low,4.231038849394815,0.40551204273902813,4.1642822039305454e-09,14.564304693349206,37,0.4849419297307779,Tunnel,0.024140777122333645
604,52.37520647247451,-2.598833590530268,Running Sand,Low,2.2741488621932486,0.24742019699771023,7.150759457872744e-09,14.819530518492698,24,0.47829278387024726,Pipeline,0.24986494271936677
605,52.343620026378964,-1.436241673259949,Swelling Clay,High,3.875713820226694,0.24436630460566516,8.817995682292231e-05,9.814217443893282,47,0.21209045010625174,Basement,0.43626928004258925
606,51.47264987450026,-0.037302373660065946,Mixed,Moderate,0.9651937064688876,0.300555264613481,4.2444946123266e-06,13.361322489143845,59,0.41210490459874527,Foundation,0.6306310471541632
607,52.73705727143498,-1.0145713885486352,Running Sand,Moderate,2.81168163695889,0.31176076313645606,1.7635742544323307e-09,3.4050657758047405,22,0.2762012423832235,Pipeline,0.1715211880531785
608,53.62317779344088,0.6168194720539093,Mixed,Very High,0.3730952778435409,0.4353333389595371,3.3029730120739344e-06,4.068139771807143,44,0.2607603849030155,Tunnel,0.76455146427049
609,51.19577417259112,-0.5944620529091775,Swelling Clay,Low,1.7404451612584153,0.18875994765302817,1.1504433393938033e-07,14.316870386830466,33,0.036932390075539404,Basement,0.3644047061362373
610,55.36406430735107,0.5157918718578465,Mixed,Low,1.1293109081108517,0.4197520689656072,3.4359112238167e-08,2.460912944674715,74,0.291247608129472,Tunnel,0.8174352692338844
611,52.71640588213367,-0.1225240850472753,Mixed,High,3.5945490766260546,0.3046701869114213,5.892559393550635e-09,3.2710433523554445,97,0.45128318597595063,Tunnel,0.0979690903950673
612,55.23980458375697,-3.6481401181538446,Swelling Clay,Very High,2.4504534560718074,0.18523829737271613,1.5831416431536882e-05,6.59795468724075,27,0.39226558610559514,Tunnel,0.6797565876823719
613,51.173294633120925,-4.633518848699409,Mixed,Very High,3.7553523942400524,0.18280671980273472,2.085484156991276e-09,9.04897217242358,67,0.3952954009026384,Tunnel,0.2933283332065102
614,54.3360797658634,1.3237776035236708,Swelling Clay,High,2.576477188157228,0.21251188269757604,2.813049095661783e-08,9.25534967503994,35,0.08836522890240621,Basement,0.7953831741226179
615,53.58819025271772,1.619593157674589,Compressible Ground,Moderate,0.43242221075819265,0.330211959178989,3.4034115559511226e-08,4.733652125650684,38,0.1856402290954462,Pipeline,0.40217042704241057
616,54.60032059771685,0.08852607642030552,Mixed,Very Low,3.6768382486626336,0.15386527911197712,6.375678655809016e-09,13.848901520280048,81,0.12427040915861554,Tunnel,0.6653496322635665
617,53.503389614776026,0.06944075887164303,Running Sand,High,4.166146319939028,0.46415010275252033,3.474756823496665e-07,13.76894866031401,53,0.1647984884032616,Tunnel,0.9343052686364735
618,55.31418316621403,-3.1089704365412336,Mixed,Moderate,4.517656129563963,0.30871066288005516,1.1442294833998904e-09,6.1849867692594005,99,0.29397427831192546,Foundation,0.020626632013764357
619,53.634659154649285,-1.2029080378271702,Swelling Clay,Very High,2.859959726533541,0.464007099648203,3.197993502614748e-08,6.797230656739308,14,0.18874406855142148,Foundation,0.011116782334373632
620,54.42302062672234,1.9456776459322578,Swelling Clay,High,3.7679267949974755,0.07088196136061962,4.657439478902888e-05,10.68620819394672,42,0.28474193055749036,Basement,0.7702792521767134
621,54.88790886266683,0.9930051864901364,Running Sand,Very Low,3.7602216844131355,0.20417511670766303,3.56983256278068e-08,10.113440497784062,14,0.22486561165454275,Tunnel,0.6463930515080781
622,54.0729173560523,-2.8692395321360236,Running Sand,Low,0.7787487989947217,0.06026344730943039,6.343032484254873e-08,6.043306716933954,45,0.15044162364036656,Tunnel,0.29297972050443266
623,53.1211832828158,-2.8926789401147674,Swelling Clay,High,0.8211034372978537,0.17251331679408644,2.3218023218894325e-07,6.50654164705455,86,0.056747682760527725,Tunnel,0.4943967027742624
624,51.8640853938171,-1.6149589619635858,Compressible Ground,Very Low,0.3544275290456306,0.43790291252086466,6.433789894904735e-07,5.546564679612315,90,0.4470008440989435,Basement,0.04193566559886874
625,54.77246306697835,-2.1678093368255085,Compressible Ground,Very Low,1.5995681757015072,0.06647437212899039,1.1054604872693223e-05,3.9130826008229644,22,0.015572949342277848,Basement,0.19244560536124078
626,52.902891263443394,-2.4019286760387777,Swelling Clay,High,2.3675429387053226,0.24626619496208518,8.945530808797457e-09,7.143006262400025,34,0.01080971918956587,Tunnel,0.4244963745271675
627,53.60354113167529,-0.6111966383572769,Compressible Ground,Moderate,4.989489263771085,0.10290518171295251,2.2841882121083658e-05,10.453294912586836,67,0.41513089248413754,Tunnel,0.8340444162214823
628,50.8961326894046,-4.919552712565237,Running Sand,High,2.1549667103408474,0.2375782966671655,6.1340425710861835e-06,11.258517227057249,11,0.49843736075963707,Basement,0.4796671828600848
629,52.98675661563425,0.3433774522329376,Compressible Ground,Very High,3.6312129425368544,0.4274832129189698,4.1044188482944945e-06,11.793667899711458,97,0.36628038557969156,Tunnel,0.5863625045259787
630,53.990788220099226,0.18037097673049463,Running Sand,Very Low,3.466985131362673,0.3303819650311336,2.7165823117013954e-09,5.933614195070261,45,0.017484180650813523,Pipeline,0.8737537919937804
631,53.42035954966885,0.8122797641629091,Mixed,Very Low,1.0224097512528978,0.38154035539914044,1.2829314447964647e-09,11.587221917132117,34,0.12107821106757154,Pipeline,0.3088189135888453
632,52.742774280228524,0.8901547131476946,Running Sand,Low,0.29253575724718206,0.20709685195231142,9.333907755191284e-07,0.5944865775321915,43,0.48619312312836105,Basement,0.7006993211020559
633,51.61713658374835,-1.0352021366767206,Mixed,Very Low,2.7300337576679374,0.47497896275456364,2.0685680504628402e-05,7.417224096894792,21,0.4062160835651791,Pipeline,0.8616672586782533
634,52.0483510004508,0.46051754936303446,Running Sand,Low,3.50152796157238,0.36916794220077503,8.36002008245383e-07,12.011613801924018,28,0.2877319234643084,Foundation,0.20261570069617674
635,54.003121790811505,-1.5532341216363656,Running Sand,Very Low,4.99125895093128,0.23980946867803893,1.1645934072092375e-08,9.635648449299623,46,0.1260617476257759,Tunnel,0.3564781651478325
636,51.620953494196996,1.660708854928103,Compressible Ground,Very Low,1.7930552614058537,0.24190916010217473,2.8353030805523515e-09,7.373915300240362,10,0.017041400904107,Foundation,0.9798101738893551
637,53.60863307654441,-3.6651102914879568,Running Sand,High,4.481822810405483,0.4634078800744839,3.1476197675796665e-06,9.847309095792063,69,0.020222121592330413,Foundation,0.9832185647962111
638,53.44868806278102,1.4093196445172946,Swelling Clay,High,1.9096622793459321,0.3093821120459263,4.063042700741803e-06,13.650717045655627,76,0.30987062312981106,Foundation,0.2232299302939379
639,55.352087396934316,-3.1902874711259384,Mixed,Very High,3.447058542152564,0.36787064445636874,7.288841451069546e-09,8.712536108848006,58,0.02069761941268733,Pipeline,0.06644583889262812
640,50.80390921242335,-4.280936384192036,Mixed,Moderate,2.9912646525852598,0.23766585103092686,1.383412124117149e-09,12.09689977617154,99,0.49687876954343263,Tunnel,0.2709216113100529
641,51.04061303648031,-1.926268868151228,Running Sand,Very High,0.2648939665129846,0.15066174414412137,1.1000630213799285e-07,14.720769515765365,88,0.09985807841193166,Tunnel,0.39773195730368727
642,53.030417328228786,-0.6955793030875839,Swelling Clay,Very Low,0.3919421348512925,0.37560168139748834,8.195840739636808e-07,10.730738930095717,55,0.3582466073159459,Basement,0.4410056009311637
643,53.135549126768176,-3.3830708876003346,Running Sand,Very High,0.10382044862230488,0.3235206974636245,3.3885355620206954e-06,8.81322357639142,57,0.08597926349208257,Foundation,0.6188063073304236
644,50.69963829402585,-1.1094263119899153,Running Sand,High,1.8541704229699474,0.27560429619115073,1.121308323038377e-05,1.0435462333174337,77,0.2746457763378801,Pipeline,0.8995027601315464
645,54.62927710429726,0.6552534985415326,Compressible Ground,Very Low,3.729005243830054,0.3308094229975087,1.1289823087169953e-06,5.929929524691519,28,0.04949953134844661,Foundation,0.33034801190716245
646,52.97361749051448,-3.2004052393739406,Running Sand,Very Low,0.8637769699536135,0.14372851372890516,3.584289194563871e-09,8.698919635969215,97,0.38572142802128917,Foundation,0.8499845354992085
647,52.23321873320264,-0.9377442786005794,Running Sand,Very High,3.029264841919479,0.40727241793938035,2.5876668410567666e-06,12.059495289737471,49,0.2966113364151665,Tunnel,0.09347892092662691
648,52.09426885307438,-2.624811826648438,Compressible Ground,Low,1.4441389001553895,0.4766732622591376,8.33457030710654e-05,6.852519449889856,15,0.05222167976669337,Basement,0.04187469897321472
649,54.80703590777091,-1.2916207272866385,Compressible Ground,Moderate,3.984963119895361,0.4509964148754662,3.372274534395376e-05,14.420844998589216,89,0.4258072327080027,Pipeline,0.5040451831234612
650,51.483664332140904,-0.33156686297521354,Swelling Clay,Very High,3.9919807450149545,0.1946460853881577,2.282151893002612e-05,4.441009413043286,72,0.278039121240584,Tunnel,0.05966222333060489
651,51.30208852716304,-2.5470419972873533,Compressible Ground,Very High,3.877072574832118,0.23270259797693416,3.242281862154022e-08,11.296224330549588,44,0.4615802319065258,Foundation,0.39248980123423016
652,51.56589264611642,1.961380177164938,Mixed,Moderate,2.6241675690068837,0.4137810349089025,5.674673544494874e-06,6.575955547719849,81,0.45914545310227517,Tunnel,0.8967781168692344
653,53.625112738259816,-1.053573610992514,Mixed,Very Low,1.4228335503992584,0.3178027088710717,1.8010145849281246e-05,7.546833171205635,70,0.46104881684842536,Foundation,0.24148303620747336
654,54.554654278142046,0.7712309136505713,Swelling Clay,Very Low,4.047220219393173,0.29656149965449213,2.4639450785509734e-06,12.136279491048883,14,0.048114748098229305,Pipeline,0.7059757751249032
655,52.1548934689409,0.07594656037553804,Running Sand,Low,0.9305028096962076,0.46698888539005035,1.7898176349478133e-08,4.79512129394973,46,0.06926930325971649,Tunnel,0.3023653923900669
656,51.367309990574064,0.9696371959206331,Swelling Clay,Very High,1.44879801014328,0.29121123243967284,5.8771917375857235e-05,1.9037748206295755,85,0.493975846760937,Tunnel,0.044920055242135604
657,51.545970838143106,-3.783393318230025,Compressible Ground,Moderate,0.9197385308031081,0.2817224058142895,1.7951347635296594e-07,8.043705976894692,98,0.24892440248536593,Tunnel,0.5566905814103094
658,53.59591889258925,-3.442124031906303,Running Sand,Very High,3.3710508019382384,0.06890836606986185,4.456847697528813e-09,8.167521871154356,97,0.12672488588628233,Tunnel,0.8348534905367517
659,51.73017613107115,-1.5881217547679687,Swelling Clay,High,3.4311801405790905,0.08123763136556195,3.539072628576583e-09,12.058932697267918,20,0.3871355993643424,Tunnel,0.4094684483426194
660,54.88640115675683,0.9663007353980966,Swelling Clay,Very High,3.262549963933765,0.05333913854629258,1.728203723444819e-06,14.540628490365476,49,0.13949975839411619,Pipeline,0.6172938264580871
661,51.01945677207157,-3.6167539302639886,Mixed,Very High,2.078007334323339,0.4609599016026351,1.54364784898423e-07,1.3018599517610516,74,0.3663356871291347,Basement,0.9000235976577259
662,50.6618426700276,1.7974608247510888,Swelling Clay,High,0.5008550360071662,0.2337739970079653,2.9676957578173886e-09,9.079497369275078,17,0.42027003114638295,Pipeline,0.7896945127369878
663,50.94189122980452,-4.106783841794011,Running Sand,High,4.555847922575106,0.26085261926003567,5.032952837796538e-06,10.378538689564598,96,0.3942890548746875,Tunnel,0.1938763993928193
664,54.7282156019316,-3.774454383736444,Swelling Clay,Moderate,2.5386548200611907,0.43042412641660793,9.922608039408852e-06,14.794119585853565,93,0.14428342601698835,Foundation,0.7333839593650058
665,53.756147598328305,-3.829363516437472,Swelling Clay,Very Low,2.0348609745554573,0.3241608396691001,4.237192100368438e-06,14.167558107015218,20,0.20679310129882617,Foundation,0.501893025160152
666,55.28872316558625,-0.8979583287576629,Compressible Ground,Low,2.9441244662414663,0.32427571837576147,1.0263710373940759e-08,10.830536088323674,80,0.21249299158430543,Tunnel,0.7459668078860847
667,52.18148270634879,1.4227875711764515,Swelling Clay,High,0.9639521790955291,0.1834404932096656,2.8111063745874255e-06,8.065946463044755,67,0.2507237298711912,Basement,0.4945155505222182
668,51.563390640048496,-3.2142202898349317,Running Sand,Very Low,0.662743895524372,0.42525876826603365,1.131394373077219e-09,2.8420968733392886,57,0.09201269725466665,Tunnel,0.12795816410830285
669,53.309876196568744,-1.1287420257900695,Mixed,Moderate,2.0276261072897177,0.12462348921777221,3.3539817750173955e-08,6.070560050464052,22,0.23171032470302777,Pipeline,0.5699094466892392
670,53.18914139563374,-3.7695924296677745,Mixed,Very High,1.1361034704995525,0.07391731647782657,9.865240042556502e-08,8.984273713328738,69,0.26028366535258507,Basement,0.4921339923973399
671,53.45511994097661,-0.5820417265454099,Mixed,Moderate,1.2214514726858228,0.13622151088333956,1.5004956627931786e-05,11.015405750638429,58,0.2705374083247157,Basement,0.5179217336414418
672,52.237669313301744,-4.137275646743418,Mixed,Moderate,4.462557438892647,0.17048174844855413,8.953067635208421e-08,9.713293583447127,76,0.4117512106923845,Pipeline,0.8789024536458703
673,50.529484700183936,-1.5608246274111148,Compressible Ground,High,2.6537958859291244,0.17703997603439303,1.1385372153137537e-09,10.854780626502247,16,0.26349390425495267,Basement,0.8948370467062514
674,50.675158264703086,-0.4137273042619274,Running Sand,Low,2.4173453216167555,0.3517311193784454,5.777394972158451e-08,6.722711316002516,86,0.12308412203170084,Tunnel,0.45353710676571835
675,53.81913230711257,-0.9461045827114285,Compressible Ground,High,3.4473979686429868,0.14802106429788958,3.12334883609189e-07,11.05059571327963,34,0.3349330817396517,Tunnel,0.4557320412800884
676,53.11629024077741,-4.019996621094802,Mixed,Very High,4.757740568383698,0.354496237022743,5.5593489322371665e-05,2.5842482122859285,32,0.40068393060244634,Foundation,0.515186958872616
677,54.605056298256365,-3.8703863993961947,Compressible Ground,High,0.5609928223528204,0.09100947795520989,5.0719097719415865e-05,2.8575015205651466,60,0.16649211655474827,Pipeline,0.5195892783342569
678,52.002049293933986,-0.3002629662250822,Swelling Clay,Very High,4.167672835546286,0.11624110749405907,8.023617023071407e-09,2.861066114527211,56,0.3261999052186266,Basement,0.9503871441791126
679,54.577361186155876,0.6623650726284325,Running Sand,High,2.9200958993392296,0.27896965182094774,8.428158778284698e-09,13.417541877018753,14,0.08199961801354619,Basement,0.6494004673774935
680,52.627457067257716,1.3565208177071364,Swelling Clay,Low,0.7308267690591863,0.4648531111594892,6.560052005778087e-09,1.6024939179752002,22,0.1775438892432514,Basement,0.27745699488794395
681,50.983491927731684,0.6952806074228182,Compressible Ground,Very Low,1.4857465934449583,0.43680541496500125,8.802573541098401e-06,12.1218714046354,51,0.45551972547932074,Tunnel,0.5315367969539899
682,55.38955781295347,1.8174671522103623,Swelling Clay,Low,2.4118070823236977,0.4859390490992614,1.071791236816702e-09,3.8867780216776886,14,0.4565409999496597,Pipeline,0.6272235829079829
683,53.0596796457276,-2.142237370844052,Compressible Ground,High,3.455885722887115,0.3427155793751769,4.32400304344791e-09,7.292234137181135,32,0.2919090435841012,Tunnel,0.6397717210139645
684,53.64739256981173,-2.68183972044576,Compressible Ground,Moderate,1.213035084767261,0.3541166898872414,4.895512436941861e-07,13.781370634252331,71,0.35415221582390227,Basement,0.5852542262381827
685,53.85398593244784,-4.802711633584182,Running Sand,Very Low,2.6743940773379493,0.33126034951917144,1.729061076838582e-08,8.996089830468847,10,0.42846755345091125,Tunnel,0.17773615462153736
686,52.3120612611344,-1.8507290080833458,Running Sand,Moderate,3.4233581370793087,0.3302685152861888,2.8958915334917176e-09,3.5467064503691996,83,0.4796910608031871,Basement,0.03359318907950748
687,54.237641599310685,-0.44039913310737244,Running Sand,Low,2.243703754237531,0.1162041552804131,6.300718279307425e-08,4.619305874622703,63,0.250044355741987,Basement,0.3378430523668544
688,54.851332326755085,0.707860489257329,Mixed,Very Low,4.315129805600879,0.2946825302737679,2.349838555461581e-08,13.846476046488892,81,0.2851721109467568,Tunnel,0.42752215456025355
689,52.4359348820693,-3.127812320579408,Running Sand,High,4.347295514202022,0.22373057005327657,3.593532132537188e-07,6.693586914094686,12,0.21366436765743682,Basement,0.061804239576086606
690,53.78500443315774,-1.4048610654149667,Swelling Clay,Moderate,2.3534560882022286,0.24914174709978204,7.873502489659872e-05,9.011289503598446,92,0.045271149157650084,Tunnel,0.8149673380198461
691,54.28561911988605,-0.3659330477016738,Running Sand,High,4.864628552044498,0.2856202578766568,4.1833402010782574e-09,7.169016851068137,73,0.21717370149992105,Foundation,0.34407743751027375
692,51.45062948844541,-1.1387799381113428,Running Sand,Very High,0.37792546202723654,0.10777827731101322,7.305223780138261e-08,5.987352276702519,60,0.3974073962977078,Tunnel,0.9136327461785047
693,52.16298042197984,-3.081854978183146,Running Sand,Very Low,0.016811891614683105,0.21176948023345393,4.570093541328012e-05,3.737547340519828,11,0.404393894015849,Foundation,0.15441010784226517
694,51.04397923190477,0.5739770680654361,Compressible Ground,Moderate,1.9033413190195954,0.07855230239447161,2.4230658536138926e-05,10.449776757026731,58,0.44726478615071685,Foundation,0.05693495693731343
695,53.511042321241014,-3.786472912696464,Compressible Ground,Low,3.0054853068625462,0.4908506586900796,9.361709788079672e-08,10.914509380945747,40,0.03521868553622485,Tunnel,0.4823161043863218
696,54.50468847910428,1.334858836504548,Running Sand,Low,3.1460007872483042,0.10333761296905677,3.1243977947280332e-06,4.4858338283072925,83,0.2683057488945106,Pipeline,0.18912933682570665
697,53.55419328292467,1.6681772433836795,Compressible Ground,Low,2.382228681469143,0.16633613234522954,2.7496984439957065e-09,11.940657224295041,89,0.06263799908916737,Pipeline,0.9373992755778612
698,51.39891915488522,-2.4409871654731656,Compressible Ground,Low,0.6244165662032308,0.4510818170165287,3.6534677469478387e-06,12.890760404374353,93,0.10836366975121423,Tunnel,0.010303398453738954
699,53.23184245513069,-2.3667274665983373,Mixed,Moderate,0.8524876089394712,0.26721952080761385,7.316251858170601e-05,13.84978889547464,12,0.45110608616649717,Tunnel,0.41261967505903496
700,54.674670742632046,0.20294781242035853,Swelling Clay,Very High,4.260739919260046,0.11103674068428364,4.869011094983073e-07,2.837580001816364,44,0.25342771663055097,Basement,0.9267477713451683
701,52.013623980391095,-1.8059798101359954,Compressible Ground,Low,4.339555658696306,0.22290374211770703,3.1077862091827403e-07,4.906893412392362,94,0.3816870112393407,Basement,0.38441820672976834
702,54.663257511263204,-4.799728994805354,Swelling Clay,Low,3.369492689303601,0.10214059738612363,8.641578879719547e-09,12.975123538803587,45,0.0415482119050536,Tunnel,0.09310928060046075
703,54.42311641884994,1.4391370937266865,Compressible Ground,Low,3.3210898613944115,0.1400971986880258,1.4755060498787252e-06,3.378832941004463,73,0.21424498692317748,Pipeline,0.3028949428617871
704,50.60870403918337,-1.9847476062396607,Running Sand,Very High,2.988410640139038,0.07341343112743026,8.957491482875188e-07,0.5502926590306829,41,0.34037773752552547,Basement,0.49801039383443346
705,51.69727407042751,-3.575534296217821,Compressible Ground,Very Low,1.014629428509941,0.24720237254709498,1.8182989895145489e-06,13.1269959986487,27,0.07536917582632452,Basement,0.1851516873433331
706,53.21471202898863,-1.1103514879584973,Compressible Ground,Low,2.141253501299516,0.4129862547763669,1.3502569875507417e-09,5.233516905394856,43,0.16965076076178476,Pipeline,0.4665617051432619
707,54.088086850096296,-3.467656861860784,Swelling Clay,Low,3.4794732573168936,0.31368613041495297,5.54137373292863e-07,6.510214114514775,65,0.04162842446170279,Tunnel,0.8363431957858375
708,54.90265262826415,-3.5578460022287453,Running Sand,Low,2.6862613600166934,0.3228553874680753,9.433529621626691e-07,6.971843372949251,76,0.3291565710260601,Pipeline,0.872617970196613
709,53.70521159133947,-1.1798807082655713,Mixed,Very Low,0.0929016702754959,0.14026281353745815,1.0905627939856047e-08,12.799981709674814,62,0.4857367169384781,Foundation,0.04926073471073211
710,52.40172085624769,-2.2627039546737167,Swelling Clay,Low,4.767784033600492,0.20475222946356492,1.1006881412635504e-08,5.399436096605176,76,0.41525229065998653,Basement,0.1609033580525735
711,51.423136033686575,-0.9890470522274439,Running Sand,Very Low,4.224080262860717,0.4303589467283744,2.4048657796983225e-08,13.438058344918986,75,0.48756532723570717,Basement,0.27529013576680417
712,54.300179277312154,1.977778057678682,Running Sand,Very Low,1.3027250705486892,0.08953528294693155,3.6191614609507957e-06,9.445617501696695,73,0.42434634959821427,Basement,0.5948658508876018
713,51.5339077966206,1.0131270805953783,Swelling Clay,High,3.0822946758314806,0.43606879415084016,1.074806582791575e-06,8.145657498488422,76,0.42904594503651955,Pipeline,0.3609947587924671
714,53.977152607341246,-4.946304404971479,Compressible Ground,High,4.616196918640939,0.26766051181915357,1.693609302962857e-05,5.2214103533482055,90,0.2928168257319579,Pipeline,0.8440409134460755
715,51.406058086856035,-4.646110033238272,Running Sand,Low,0.48005506056825686,0.42671634409630277,3.0081040834962294e-08,4.033819596077194,48,0.2639436325924729,Tunnel,0.7166718682829376
716,50.95526925154732,-0.7294439190812874,Mixed,Moderate,2.5151474039835033,0.19310288872748016,3.6336266275866325e-05,9.548847420271557,47,0.20906459054963553,Basement,0.10045602311350821
717,51.75550111853267,-0.6162074320739137,Compressible Ground,High,2.2812151292314726,0.20247932821235937,5.230350702580115e-06,6.979965320820353,49,0.4108664985724812,Foundation,0.6245575025120912
718,51.92464902762557,1.1473359085319537,Swelling Clay,High,2.0510250264176615,0.38822219074541425,9.441877250482609e-08,13.702482144014091,28,0.09921313001623204,Tunnel,0.11301262534697842
719,53.73604567247455,-0.5965997783472199,Swelling Clay,Moderate,4.177943044464625,0.4032482780264991,2.9944035441047514e-09,7.628761383653721,92,0.03755020875385467,Pipeline,0.25503566963646007
720,51.304416838710296,-3.405998230389804,Swelling Clay,Very High,1.9032307334872867,0.15334010509556606,1.9271623941826708e-08,7.921026292167272,14,0.47446797311549077,Foundation,0.17787063353422805
721,55.15153456493444,-1.7203864060744438,Swelling Clay,Low,0.31831666620503796,0.48779209616985747,6.079125175827291e-05,6.542487576472011,78,0.011851310749703758,Tunnel,0.17306194920070495
722,53.271808431711364,0.6628978046983196,Mixed,Very High,0.32918871082151246,0.08802054691017303,3.563008672324759e-08,11.944313456373632,23,0.48864636771916736,Pipeline,0.6163955247768592
723,52.95465865408233,1.4597747521886006,Mixed,Very High,0.21372303262304493,0.0808263333959589,4.461745566228538e-08,6.660168372584421,58,0.36713815123814525,Foundation,0.5636049225541615
724,52.673472571541836,-3.341594167233036,Running Sand,Very Low,2.045727109370186,0.31797689687874625,8.870429641183513e-09,4.405458996371447,73,0.17096447065193554,Tunnel,0.17602815278772688
725,53.33300673475095,-1.2227668549067192,Mixed,Very Low,3.5920313884918,0.37523334549722964,1.0820641427276024e-05,12.999447677255892,66,0.35193172311229204,Foundation,0.9901728054184318
726,50.61223483580891,-3.887507148807181,Swelling Clay,Low,1.0186123096525774,0.4823987581512382,2.389027512576934e-08,9.154009209795984,44,0.4107588270207124,Pipeline,0.4218367323682938
727,55.450431872895415,-1.5210021075070155,Mixed,Moderate,3.2323426021577473,0.23222560135948772,4.4801364549991994e-08,9.076898186650526,94,0.1302274074333536,Tunnel,0.09706932815493663
728,53.28762188097133,-4.369201154753492,Compressible Ground,Very Low,3.435442360518521,0.061381134045334906,1.1796156946560387e-07,9.356922003876935,14,0.38773888480699514,Pipeline,0.12056901695511513
729,50.67597501070089,1.5920964896533194,Compressible Ground,High,1.2760106200779897,0.3213033527508831,1.4744885311381733e-07,10.923176348982167,97,0.4041411162540377,Basement,0.5838937137265947
730,53.449888023498,-0.5336047920216913,Running Sand,Low,3.0027882803031463,0.18036320926944732,1.1394727720393433e-07,5.039485845032219,48,0.13218376876141927,Basement,0.9790694033834728
731,52.68539379144839,0.9795171919957397,Swelling Clay,Very High,3.424341700134237,0.24482620453793102,3.301554546702298e-07,0.9907433770785412,33,0.03054391364521193,Foundation,0.5719511016191978
732,50.62018848333204,1.9880662192733443,Mixed,Low,2.3330681140106284,0.2698112670124709,1.181855547531905e-05,12.25360083271664,49,0.11001991943346785,Basement,0.9490414766166372
733,55.12214376078737,-3.721338037062352,Running Sand,Very Low,1.6835829864004754,0.07903067483211523,1.2486053852312882e-05,2.3691232812837426,59,0.10831674035580327,Pipeline,0.4441328507580268
734,50.55283436036907,-0.1409960952824596,Running Sand,Moderate,3.0957577578716364,0.26869180305384627,9.807666029047162e-06,10.96638618955289,86,0.041967822545986765,Foundation,0.435841103652012
735,53.389358384389105,1.2089040545480065,Mixed,Very High,4.889235436640284,0.24184385006194165,3.2034960702955144e-09,1.6935718251662668,67,0.365743618481046,Tunnel,0.5000073593158822
736,55.30895373813112,-0.9684328281174697,Running Sand,Moderate,2.1342070468448906,0.37064491937896693,9.963089149070471e-06,5.941963709413136,10,0.19618771298462,Pipeline,0.6974254581555552
737,51.68802248491513,-0.5221253514340729,Swelling Clay,Low,1.958675481425605,0.3405496600455551,3.99262817757459e-09,1.4138780125573045,52,0.4433492220523906,Tunnel,0.36761596645133265
738,51.77089537121798,-2.1463023733800384,Mixed,Moderate,2.3213345121305666,0.13334707316775246,4.203575481786019e-09,8.072098354602007,48,0.13356384177594113,Tunnel,0.863886032678957
739,50.50211564280076,-0.2766741639844019,Compressible Ground,Moderate,0.3810919672252411,0.14276251319467864,5.486733397538737e-05,9.97046870533284,19,0.2320837608989644,Tunnel,0.029281384768146235
740,50.8317558599399,-2.230954597127133,Compressible Ground,Low,2.76581639835695,0.16295278044846798,1.2502280069945402e-05,2.9857805470837304,11,0.3231185401741138,Tunnel,0.43976419502844233
741,50.72444205788544,-1.6636625329398615,Mixed,Very High,1.643486936086318,0.1305276981337298,5.781657146461306e-07,5.88860046735683,72,0.4399578253391712,Pipeline,0.5109918499799179
742,54.61328141844213,-4.279617801640226,Running Sand,Moderate,0.6071106116563124,0.3457459398508102,2.370560384248108e-05,13.988472620124277,25,0.26706433979349364,Basement,0.6070322382630962
743,54.68368784972459,-4.945341198737329,Running Sand,Moderate,2.3312837055868667,0.4974935806401217,8.847553812099423e-05,6.914642198058123,46,0.1930270676280676,Pipeline,0.27607191236586326
744,54.133500420922616,-4.613942131027372,Compressible Ground,Low,0.016919932869887133,0.34344875323217144,1.1303432186496557e-06,12.136881750160072,25,0.43483738845128433,Basement,0.42747997098583534
745,52.26372506258546,-3.652348513436788,Compressible Ground,High,2.0089262258137945,0.32300669578608104,1.1600913402148358e-06,13.944178803373031,96,0.16202074809692918,Tunnel,0.48453775021405665
746,54.60627224944421,-1.8037732628345426,Swelling Clay,Moderate,0.5286763396322525,0.23446757000798263,5.917457477524628e-06,14.628014462170654,99,0.04891761281996246,Basement,0.6869099786832132
747,53.19887260121441,-4.8530415040398225,Running Sand,Very Low,0.12146351699890146,0.19066111648689232,1.4477539610212479e-08,13.525669285524854,89,0.2280706326800176,Tunnel,0.773544184735814
748,52.021551382399615,-3.9084435259203723,Swelling Clay,Very High,4.12237523122251,0.45998319060791565,6.848954918617019e-09,5.102377272805052,36,0.39469572018401605,Foundation,0.7378273273437872
749,52.68638384557195,0.4701122271910698,Compressible Ground,Moderate,4.581244016413174,0.48605084336396887,6.27919181655699e-06,14.457306849337298,72,0.02508260755922631,Tunnel,0.3415830522895853
750,50.828838849172875,0.3351659078343294,Compressible Ground,Low,1.0383732417955334,0.2735492790144775,5.3030286687790334e-08,12.27973100531768,73,0.2970823000449001,Basement,0.9994505229919636
751,55.22454343374957,0.528112041728499,Compressible Ground,Very Low,2.6964913191713062,0.18059022297795085,4.735346700107566e-09,12.639045962772572,41,0.3012873837783457,Foundation,0.8486653117871794
752,53.5955820867592,1.4507866023774172,Compressible Ground,Low,1.3897907856549248,0.39655499345139544,3.7530869802486216e-08,0.7200082704916042,18,0.464985464079417,Foundation,0.26002337314496893
753,54.15617072465287,-4.166502994858366,Swelling Clay,Moderate,2.467887193360911,0.1096055558900953,6.211326224318523e-08,14.336463518115258,20,0.1503677604010607,Tunnel,0.19510580567282754
754,53.882916852099385,-3.8580208664048192,Compressible Ground,Very Low,2.1831566044708013,0.3945147069396567,6.700979626642025e-05,11.78230824580674,79,0.14662994047324115,Pipeline,0.3140212505833905
755,53.838749922604904,-2.6651246977907994,Mixed,Very High,1.3452552754024283,0.4185267684401024,3.0888623522500335e-06,11.63552869936455,39,0.2258369891564423,Basement,0.4523448529996449
756,50.586304927486204,1.4059883928663677,Running Sand,Very High,3.5019678981764883,0.10620677508222531,4.5110909896703754e-07,1.6821085984645006,24,0.18488830172104243,Foundation,0.8507993783196138
757,53.12685639892423,0.4283442010416145,Compressible Ground,Very High,0.6324547966012711,0.4895876609584537,6.988205914352972e-05,3.872243845563303,68,0.37080947271777015,Pipeline,0.7783622637945344
758,54.60855114312767,-2.731151093673762,Running Sand,High,0.26536391085683564,0.4934805306748153,3.2786775153656616e-05,14.452794144499537,57,0.3244585177944593,Tunnel,0.851246123505876
759,50.722594257058,-4.3865492755208555,Compressible Ground,Low,3.8383771651863956,0.47152376569730803,3.630816355125397e-07,7.759817584679406,91,0.3818713085740705,Tunnel,0.2719571149103285
760,55.280828419441356,-0.6853398169581606,Swelling Clay,Moderate,3.329650156103399,0.27321566423281896,3.375966876628629e-05,6.268941264440214,85,0.4118204776873577,Tunnel,0.5934612224518362
761,52.620798415029945,-3.2022658393604337,Running Sand,Very Low,2.49263062073199,0.1607333640245728,1.0508078060000881e-07,12.679141848630248,69,0.4622607550397324,Tunnel,0.28324906227737445
762,51.94947746025686,-1.2819320382201282,Swelling Clay,Low,2.3389488523627078,0.3119041763968608,1.4193951821910993e-08,1.7664360046521927,77,0.22115899857447735,Basement,0.10902316071949314
763,53.159106808209714,1.5926235172068388,Compressible Ground,Moderate,2.487056897457131,0.23897022731214607,1.4567696473819991e-08,6.54565923593036,66,0.49250172084105925,Foundation,0.6841977434746807
764,54.50607093921518,-0.9916792827996588,Mixed,High,2.1851203804933643,0.1426768901227387,2.0491682686497135e-06,5.947661229120213,73,0.11567379856778984,Basement,0.14299755119543878
765,52.873775308843186,1.4668410549635489,Mixed,Moderate,1.9644614791558956,0.24065438432803143,3.2014859744090475e-07,5.572845111940695,63,0.360038929354191,Foundation,0.6676977617064714
766,53.72552838293196,-2.248728498035872,Mixed,Low,2.4984530144306016,0.34875042605491574,1.971306868180399e-06,4.96153753296956,89,0.27166456548052276,Pipeline,0.6479643049054091
767,52.9995719393343,-0.566540638978605,Mixed,Moderate,2.6425758557988024,0.08191098985369598,2.6938897715544047e-06,3.5460868734561317,96,0.4102812913955929,Pipeline,0.810248444424017
768,53.6563612832058,1.2572298176287493,Mixed,Very Low,3.4595115704181048,0.20003810065070743,1.2930471592150897e-09,3.0072066433625717,84,0.24361755509714875,Foundation,0.1395546045635644
769,51.190154575983186,-0.8840888187360312,Swelling Clay,High,3.5560358036701127,0.05800770050577134,1.862936113682289e-09,9.785888695335274,63,0.39412993132759133,Tunnel,0.7834801485088109
770,50.6933169308905,-0.6957092608102702,Mixed,Very Low,1.888145400700723,0.387272977457754,4.606686233227041e-07,13.831225197525837,68,0.46578267017736225,Pipeline,0.9992765259462371
771,51.18450702848696,0.014155874568571036,Compressible Ground,High,2.0677026137174437,0.33831107042751535,9.019394620846728e-09,7.8783488561232815,97,0.3688241904086428,Basement,0.8510424485859022
772,51.92919072331964,1.1747543003177716,Swelling Clay,High,1.8684858486811151,0.07820246061588465,1.4543496944815353e-06,4.820631009026342,95,0.3902862002469789,Foundation,0.7518120763276662
773,51.766780312240535,-4.382739571314029,Swelling Clay,Moderate,2.682678868128552,0.4841319018208855,5.766717754181901e-07,2.807822866972282,48,0.0429159613202695,Pipeline,0.6621653546947076
774,53.57587674830324,-2.6419843247673915,Mixed,Very Low,2.2667676895709765,0.060179700707195305,8.48793005032837e-07,12.537078793262616,24,0.1104292544938175,Foundation,0.4217814846854294
775,52.77944712067121,-2.2162069174357732,Running Sand,High,4.447982315680968,0.31548229091423985,3.252946338916947e-08,14.5866348188616,88,0.4874088328467609,Tunnel,0.7305001678916022
776,50.69405990513423,1.3679676577242441,Compressible Ground,High,3.481806334582363,0.3993653578095751,1.5820402603478313e-06,5.562753321283852,83,0.3496616318558233,Foundation,0.7241780351404532
777,50.67432953158513,1.6920554716134095,Swelling Clay,Moderate,4.493281918772228,0.40455334087012534,1.404310627256749e-05,4.718781170505869,37,0.28511001848239226,Pipeline,0.6314982826872882
778,50.95294001060333,-4.157336747344127,Compressible Ground,Low,3.545684957797128,0.0654283110169417,9.780392140031547e-05,9.221647818136649,45,0.18981842296426055,Foundation,0.7962783782978284
779,52.26540578700433,-4.166246241478534,Running Sand,Low,4.85496074261907,0.45788680968819767,1.5567609560976048e-05,11.742270223824674,63,0.031750610591389776,Pipeline,0.4487638884268347
780,50.530914754818646,1.5440325597665367,Swelling Clay,Very High,3.1786838912763455,0.463303252367205,6.130470379519776e-07,7.103340651470133,26,0.19087659490242614,Pipeline,0.12125271213239064
781,52.969936327150705,-2.9295966903218513,Compressible Ground,Very High,4.817750690815274,0.3026256679194677,9.271456358648451e-09,9.636060672983763,95,0.2544673079118922,Pipeline,0.5590677276092374
782,52.303348321546515,-3.307299066739931,Mixed,High,0.7908494520471304,0.2669374394992158,2.5540499148072898e-06,10.889961486337732,96,0.1136151595995745,Basement,0.2650435287113426
783,53.27720651220413,-4.750639939721309,Swelling Clay,Low,0.26238840414701925,0.07019035837816992,4.878304754307389e-05,14.4285881739146,31,0.09483702772417793,Tunnel,0.3844330974291502
784,54.104126140414,-3.0708284566054567,Swelling Clay,High,2.8956259260192962,0.3028793641294409,1.14639081729629e-08,2.8930412925412092,84,0.2591241101651832,Tunnel,0.017414903941226023
785,51.75486407739927,-0.1453150094180824,Swelling Clay,Very Low,4.9174660289988745,0.23422058679660385,1.9053646460057795e-08,14.962046160467857,45,0.2970930754574965,Foundation,0.38279058791788334
786,51.28541823814455,-2.017746860823068,Swelling Clay,Low,2.088026236511984,0.39776288333389526,5.55958938514177e-09,6.186271500997817,38,0.12755978023871717,Foundation,0.8088011061354546
787,51.89026777981694,-1.3819075384376784,Mixed,Low,1.060216810964798,0.23174760509873954,4.826232258364418e-06,10.98640206953503,64,0.2978208424835444,Pipeline,0.5427223669382548
788,50.50881590975953,1.4210691763041972,Running Sand,Low,2.60770724596757,0.3576113749961194,1.0784686301349941e-07,8.80000848060846,51,0.4511665822984045,Tunnel,0.009800526933971043
789,51.1000647776289,-4.197171521300785,Running Sand,Very High,3.2439931228944427,0.09563366580688887,2.058155549653513e-09,7.556694946628181,41,0.24185489643046337,Foundation,0.4698438202398473
790,54.25415181843167,-4.501314993301807,Compressible Ground,Moderate,1.5758934775794446,0.10982852184468513,2.3700087938555967e-05,10.622092846608004,23,0.4301211830977189,Foundation,0.29145164764540743
791,51.61403421200143,0.9635152438672598,Mixed,Moderate,3.5738467924962976,0.11286958579212127,6.142703082683115e-07,6.238430828242129,27,0.46436300782132606,Tunnel,0.4775506553971711
792,55.471498169020194,0.42399058201494544,Mixed,Very High,4.8755725352286285,0.07048647490988459,4.523467350397179e-08,2.328594729383693,47,0.055273074179171995,Pipeline,0.40469272144787705
793,51.339157606824045,-3.1538606913847724,Compressible Ground,Very High,4.484815608553085,0.29359798667141174,5.2470461051268175e-08,7.588954055257976,43,0.05694767403183052,Foundation,0.9319792195573815
794,54.44385857782747,-2.73036111538142,Mixed,Very High,1.4579268675609764,0.40728547671963616,2.8265462816236537e-08,8.06778012489362,54,0.2432616496149247,Pipeline,0.04117729896301581
795,54.025222359127675,-2.8280551495703783,Mixed,Moderate,1.6336184157229916,0.32468504166214973,1.894091093696857e-07,3.427581224299119,96,0.2981701977156743,Tunnel,0.6835880112819323
796,52.11066071408154,-0.465338413846621,Swelling Clay,High,1.857706122247943,0.3087296984987853,4.844048050135672e-08,14.066480666765528,41,0.21868289758786433,Tunnel,0.8510265963017415
797,52.15369571782983,-4.571519451077144,Swelling Clay,Very High,1.9727638919682267,0.3562807677812314,5.492012541968528e-07,3.7983968763712235,76,0.1699608775045765,Foundation,0.9592385846504754
798,53.317757904835524,-1.5741889031539116,Swelling Clay,High,0.5015974959663971,0.20284039538240667,7.372015868086877e-06,6.433800114219417,72,0.32408711690181635,Foundation,0.1776362265442959
799,54.76187048741279,-4.062889216210784,Mixed,High,3.8098141944464463,0.21287933224170302,2.356711479299626e-06,2.7464804592484877,64,0.011019941051460931,Tunnel,0.5313048019661939
800,52.43093472059732,0.7381697864837324,Mixed,Very Low,1.8266963180535023,0.19142154419941515,2.9667739962619948e-08,8.26905136971069,52,0.4843559076232338,Pipeline,0.043589577317211914
