,Year,GDP_Growth,Inflation,Unemployment,Exchange_Rate,Interest_Rate,M2_Growth,Debt_to_GDP,Mobile_Subscriptions_per_100,Internet_Users_Percent,Secure_Servers_per_Million,GDP_Growth_Volatility,Exchange_Rate_Volatility,Inflation_Volatility
count,300.0,300.0,300.0,300.0,300.0,300.0,300.0,300.0,300.0,300.0,300.0,280.0,280.0,280.0
mean,2017.0,4.5191,7.978066666666667,9.830733333333333,74.87423333333335,10.616600000000002,9.536533333333333,67.58693333333333,138.44176666666667,65.83286666666667,20.85793333333333,2.2535450408905984,2.4980113744129446,4.735924649352798
std,4.327712674146304,3.2635298292628327,18.843056143088734,3.2190944938117596,37.60612036235479,18.78170918134383,4.371449708896764,8.43749593903862,24.74966009453204,17.375469285514615,6.855569841747108,1.432031745812343,2.9949364486797934,15.703404771676624
min,2010.0,-6.34,-2.0,2.86,49.01,3.0,-3.96,45.0,42.19,6.15,0.5,0.04509249752823049,0.06363961030678918,0.0
25%,2013.0,2.6075,2.3625,7.525,54.4425,4.7125,6.745,62.2575,138.0925,59.6775,17.945,1.1687134758803683,0.9709051585553421,0.9956275488818055
50%,2017.0,4.91,5.0649999999999995,9.54,59.55500000000001,7.395,9.600000000000001,66.41,150.0,70.035,21.96,1.9808296273830235,1.3747392305160313,1.71932419048232
75%,2021.0,6.7075000000000005,8.135,12.092500000000001,65.1475,10.5925,12.4475,73.5825,150.0,80.0,25.515,3.015873093599003,1.8719587154745847,3.1491658465434957
max,2024.0,12.42,251.79,17.31,206.21,255.11,21.94,87.4,150.0,80.0,32.58,8.963773386991292,16.16000103135299,143.07521180600548
