crack_id,region,length_um,width_um,angle_deg,type
0,Cathode,12.194379608462029,0.4121394452518243,-72.84876091899328,interface
1,Cathode,13.573980862074613,0.2809994511226917,53.6359472732139,intergranular
2,Cathode,2.307622290154433,0.1,-41.64185331397294,transgranular
3,Cathode,3.3384418514950958,0.1,74.05468432602515,intergranular
4,Cathode,83.06156193124477,4.5284822255558,72.31391633985442,intergranular
5,Cathode,6.337004575395805,0.1,-87.14559593677251,intergranular
