crack_id,region,length_um,width_um,angle_deg,type
0,Anode_Support,8.941399312723199,0.1,-16.366930225038246,intergranular
1,Anode_Support,8.904217321078695,1.2267467403229495,1.782433726129156,interface
