material,porosity_fraction,porosity_percent,mean_pore_size_um,median_pore_size_um,std_pore_size_um,d10_pore_size_um,d50_pore_size_um,d90_pore_size_um,total_pore_count,pore_connectivity,tortuosity,tpb_length_m_per_m3,surface_area_m2_per_m3,permeability_m2
Ni-YSZ_anode,0.34606305195744264,34.60630519574426,2.716630921663462,2.489936166962516,1.2811083007357456,1.3784003648219023,2.489936166962516,4.336760637726972,500,0.8760569808442343,1.6998961223883986,4113857359331.874,830551.3246978624,1.4390411496973084e-15
YSZ_electrolyte,0.0187472794199455,1.87472794199455,0.11368131631608881,0.10090425246040247,0.06158807119345615,0.04974329346891665,0.10090425246040247,0.1864603549179075,500,0.7504197093197709,7.30349731260041,0.0,1124836.7651967301,3.6605155164117496e-22
GDC_cathode,0.2836789677452635,28.36789677452635,2.085889349763666,1.834788600778379,1.0863593814914636,0.9554583577286938,1.834788600778379,3.576036971386297,500,0.9169183545135,1.877528037058015,3789488407819.0527,945596.5591508783,4.10916820371759e-16
