region,material,area_analyzed_mm2,total_cracks,crack_density_per_mm2,mean_crack_length_um,std_crack_length_um,max_crack_length_um,mean_crack_width_um,predominant_angle_deg,transgranular_fraction,intergranular_fraction,interface_fraction
Anode_Support,Ni-YSZ,1.0,2,2.0,8.922808316900948,0.018590995822251877,8.941399312723199,0.6633733701614748,-7.292248249454545,0.0,0.5,0.5
Anode_Electrolyte_Interface,Interface,0.5,2,4.0,34.0336544422217,29.11822996798072,63.15188441020243,1.7801585904285273,-4.430958702324229,0.0,0.5,0.5
Electrolyte,YSZ,0.3,0,0.0,0.0,0.0,0.0,0.0,0.0,0.0,0.0,0.0
Electrolyte_Cathode_Interface,Interface,0.5,3,6.0,3.153415232686285,0.6896684682806294,3.796470766393038,0.10000000000000002,0.377720320778314,0.3333333333333333,0.3333333333333333,0.3333333333333333
Cathode,GDC-LSM,0.8,6,7.5,20.135498519804457,28.449303033962554,83.06156193124477,0.920270186988386,5.997046979620482,0.16666666666666666,0.6666666666666666,0.16666666666666666
