{
  "mean_absolute_error_um": 8.543023729053633,
  "root_mean_square_error_um": 14.845240501851343,
  "r_squared": 0.9710135954839111,
  "mean_relative_error_pct": 13.63809218297107,
  "std_relative_error_pct": 8.48596204599227
}