{
  "bow_shaped_stats": {
    "count": 41,
    "mean_stress_concentration": 1.571361507995569,
    "mean_flow_efficiency": 0.8737338510494125,
    "mean_performance_score": 75.51654612032671,
    "mean_manufacturing_cost": 1139.253932108331
  },
  "rectangular_stats": {
    "count": 19,
    "mean_stress_concentration": 2.7011759906899706,
    "mean_flow_efficiency": 0.7149221190358553,
    "mean_performance_score": 68.41721492508591,
    "mean_manufacturing_cost": 1250.4909571821936
  }
}