{
  "optimal_cooling_rate_range": [
    1.0,
    2.0
  ],
  "mean_quality_score": 80.39253437520411,
  "mean_cooling_rate": 1.2793831428721858,
  "mean_max_temp": 1397.0159105391465,
  "mean_hold_time": 235.29318313801355,
  "optimal_count": 3,
  "total_experiments": 150
}