0.000000000000000000e+00 0.000000000000000000e+00 0.000000000000000000e+00
0.000000000000000000e+00 0.000000000000000000e+00 9.977917447278998597e-02
0.000000000000000000e+00 0.000000000000000000e+00 1.806591799034406101e-03
0.000000000000000000e+00 0.000000000000000000e+00 8.952411975603118133e-02
0.000000000000000000e+00 0.000000000000000000e+00 1.193654930080415705e-01
0.000000000000000000e+00 0.000000000000000000e+00 1.492068662600519457e-01
0.000000000000000000e+00 0.000000000000000000e+00 1.790482395120623627e-01
0.000000000000000000e+00 0.000000000000000000e+00 2.088896127640727240e-01
0.000000000000000000e+00 9.955596000730082551e-01 0.000000000000000000e+00
0.000000000000000000e+00 9.955596000730082551e-01 9.977917447278998597e-02
0.000000000000000000e+00 9.012751500726957563e-03 1.806591799034406101e-03
0.000000000000000000e+00 2.977461557221292576e-01 8.952411975603118133e-02
0.000000000000000000e+00 2.977461557221292576e-01 1.193654930080415705e-01
0.000000000000000000e+00 2.977461557221292576e-01 1.492068662600519457e-01
0.000000000000000000e+00 2.977461557221292576e-01 1.790482395120623627e-01
0.000000000000000000e+00 2.977461557221292576e-01 2.088896127640727240e-01
0.000000000000000000e+00 1.991119200146016510e+00 0.000000000000000000e+00
0.000000000000000000e+00 1.991119200146016510e+00 9.977917447278998597e-02
0.000000000000000000e+00 1.802550300145391513e-02 1.806591799034406101e-03
0.000000000000000000e+00 5.954923114442585153e-01 8.952411975603118133e-02
0.000000000000000000e+00 5.954923114442585153e-01 1.193654930080415705e-01
0.000000000000000000e+00 5.954923114442585153e-01 1.492068662600519457e-01
0.000000000000000000e+00 5.954923114442585153e-01 1.790482395120623627e-01
0.000000000000000000e+00 5.954923114442585153e-01 2.088896127640727240e-01
0.000000000000000000e+00 2.986678800219024765e+00 0.000000000000000000e+00
0.000000000000000000e+00 2.986678800219024765e+00 9.977917447278998597e-02
0.000000000000000000e+00 2.703825450218087442e-02 1.806591799034406101e-03
0.000000000000000000e+00 8.932384671663877729e-01 8.952411975603118133e-02
0.000000000000000000e+00 8.932384671663877729e-01 1.193654930080415705e-01
0.000000000000000000e+00 8.932384671663877729e-01 1.492068662600519457e-01
0.000000000000000000e+00 8.932384671663877729e-01 1.790482395120623627e-01
0.000000000000000000e+00 8.932384671663877729e-01 2.088896127640727240e-01
0.000000000000000000e+00 3.982238400292033020e+00 0.000000000000000000e+00
0.000000000000000000e+00 3.982238400292033020e+00 9.977917447278998597e-02
0.000000000000000000e+00 3.605100600290783025e-02 1.806591799034406101e-03
0.000000000000000000e+00 1.190984622888517031e+00 8.952411975603118133e-02
0.000000000000000000e+00 1.190984622888517031e+00 1.193654930080415705e-01
0.000000000000000000e+00 1.190984622888517031e+00 1.492068662600519457e-01
0.000000000000000000e+00 1.190984622888517031e+00 1.790482395120623627e-01
0.000000000000000000e+00 1.190984622888517031e+00 2.088896127640727240e-01
0.000000000000000000e+00 4.977798000365041275e+00 0.000000000000000000e+00
0.000000000000000000e+00 4.977798000365041275e+00 9.977917447278998597e-02
0.000000000000000000e+00 4.506375750363478955e-02 1.806591799034406101e-03
0.000000000000000000e+00 1.488730778610646288e+00 8.952411975603118133e-02
0.000000000000000000e+00 1.488730778610646288e+00 1.193654930080415705e-01
0.000000000000000000e+00 1.488730778610646288e+00 1.492068662600519457e-01
0.000000000000000000e+00 1.488730778610646288e+00 1.790482395120623627e-01
0.000000000000000000e+00 1.488730778610646288e+00 2.088896127640727240e-01
0.000000000000000000e+00 5.973357600438049531e+00 0.000000000000000000e+00
0.000000000000000000e+00 5.973357600438049531e+00 9.977917447278998597e-02
0.000000000000000000e+00 5.407650900436174884e-02 1.806591799034406101e-03
0.000000000000000000e+00 1.786476934332775546e+00 8.952411975603118133e-02
0.000000000000000000e+00 1.786476934332775546e+00 1.193654930080415705e-01
0.000000000000000000e+00 1.786476934332775546e+00 1.492068662600519457e-01
0.000000000000000000e+00 1.786476934332775546e+00 1.790482395120623627e-01
0.000000000000000000e+00 1.786476934332775546e+00 2.088896127640727240e-01
0.000000000000000000e+00 6.968917200511057786e+00 0.000000000000000000e+00
0.000000000000000000e+00 6.968917200511057786e+00 9.977917447278998597e-02
0.000000000000000000e+00 6.308926050508870120e-02 1.806591799034406101e-03
0.000000000000000000e+00 2.084223090054904581e+00 8.952411975603118133e-02
0.000000000000000000e+00 2.084223090054904581e+00 1.193654930080415705e-01
0.000000000000000000e+00 2.084223090054904581e+00 1.492068662600519457e-01
0.000000000000000000e+00 2.084223090054904581e+00 1.790482395120623627e-01
0.000000000000000000e+00 2.084223090054904581e+00 2.088896127640727240e-01
0.000000000000000000e+00 7.964476800584066041e+00 0.000000000000000000e+00
0.000000000000000000e+00 7.964476800584066041e+00 9.977917447278998597e-02
0.000000000000000000e+00 7.210201200581566050e-02 1.806591799034406101e-03
0.000000000000000000e+00 2.381969245777034061e+00 8.952411975603118133e-02
0.000000000000000000e+00 2.381969245777034061e+00 1.193654930080415705e-01
0.000000000000000000e+00 2.381969245777034061e+00 1.492068662600519457e-01
0.000000000000000000e+00 2.381969245777034061e+00 1.790482395120623627e-01
0.000000000000000000e+00 2.381969245777034061e+00 2.088896127640727240e-01
0.000000000000000000e+00 8.960036400657074296e+00 0.000000000000000000e+00
0.000000000000000000e+00 8.960036400657074296e+00 9.977917447278998597e-02
0.000000000000000000e+00 8.111476350654261980e-02 1.806591799034406101e-03
0.000000000000000000e+00 2.679715401499163541e+00 8.952411975603118133e-02
0.000000000000000000e+00 2.679715401499163541e+00 1.193654930080415705e-01
0.000000000000000000e+00 2.679715401499163541e+00 1.492068662600519457e-01
0.000000000000000000e+00 2.679715401499163541e+00 1.790482395120623627e-01
0.000000000000000000e+00 2.679715401499163541e+00 2.088896127640727240e-01
0.000000000000000000e+00 9.955596000730082551e+00 0.000000000000000000e+00
0.000000000000000000e+00 9.955596000730082551e+00 9.977917447278998597e-02
0.000000000000000000e+00 9.012751500726957909e-02 1.806591799034406101e-03
0.000000000000000000e+00 2.977461557221292576e+00 8.952411975603118133e-02
0.000000000000000000e+00 2.977461557221292576e+00 1.193654930080415705e-01
0.000000000000000000e+00 2.977461557221292576e+00 1.492068662600519457e-01
0.000000000000000000e+00 2.977461557221292576e+00 1.790482395120623627e-01
0.000000000000000000e+00 2.977461557221292576e+00 2.088896127640727240e-01
0.000000000000000000e+00 1.095115560080309081e+01 0.000000000000000000e+00
0.000000000000000000e+00 1.095115560080309081e+01 9.977917447278998597e-02
0.000000000000000000e+00 9.914026650799653839e-02 1.806591799034406101e-03
0.000000000000000000e+00 3.275207712943421612e+00 8.952411975603118133e-02
0.000000000000000000e+00 3.275207712943421612e+00 1.193654930080415705e-01
0.000000000000000000e+00 3.275207712943421612e+00 1.492068662600519457e-01
0.000000000000000000e+00 3.275207712943421612e+00 1.790482395120623627e-01
0.000000000000000000e+00 3.275207712943421612e+00 2.088896127640727240e-01
0.000000000000000000e+00 1.194671520087609906e+01 0.000000000000000000e+00
0.000000000000000000e+00 1.194671520087609906e+01 9.977917447278998597e-02
0.000000000000000000e+00 1.081530180087234977e-01 1.806591799034406101e-03
0.000000000000000000e+00 3.572953868665551092e+00 8.952411975603118133e-02
0.000000000000000000e+00 3.572953868665551092e+00 1.193654930080415705e-01
0.000000000000000000e+00 3.572953868665551092e+00 1.492068662600519457e-01
0.000000000000000000e+00 3.572953868665551092e+00 1.790482395120623627e-01
0.000000000000000000e+00 3.572953868665551092e+00 2.088896127640727240e-01
0.000000000000000000e+00 1.294227480094910909e+01 0.000000000000000000e+00
0.000000000000000000e+00 1.294227480094910909e+01 9.977917447278998597e-02
0.000000000000000000e+00 1.171657695094504570e-01 1.806591799034406101e-03
0.000000000000000000e+00 3.870700024387680571e+00 8.952411975603118133e-02
0.000000000000000000e+00 3.870700024387680571e+00 1.193654930080415705e-01
0.000000000000000000e+00 3.870700024387680571e+00 1.492068662600519457e-01
0.000000000000000000e+00 3.870700024387680571e+00 1.790482395120623627e-01
0.000000000000000000e+00 3.870700024387680571e+00 2.088896127640727240e-01
0.000000000000000000e+00 1.393783440102211557e+01 0.000000000000000000e+00
0.000000000000000000e+00 1.393783440102211557e+01 9.977917447278998597e-02
0.000000000000000000e+00 1.261785210101774024e-01 1.806591799034406101e-03
0.000000000000000000e+00 4.168446180109809163e+00 8.952411975603118133e-02
0.000000000000000000e+00 4.168446180109809163e+00 1.193654930080415705e-01
0.000000000000000000e+00 4.168446180109809163e+00 1.492068662600519457e-01
0.000000000000000000e+00 4.168446180109809163e+00 1.790482395120623627e-01
0.000000000000000000e+00 4.168446180109809163e+00 2.088896127640727240e-01
5.325954446284387744e-01 0.000000000000000000e+00 0.000000000000000000e+00
5.325954446284387744e-01 0.000000000000000000e+00 9.977917447278998597e-02
4.821560047739270778e-03 0.000000000000000000e+00 1.806591799034406101e-03
1.592855376831348313e-01 0.000000000000000000e+00 8.952411975603118133e-02
1.592855376831348313e-01 0.000000000000000000e+00 1.193654930080415705e-01
1.592855376831348313e-01 0.000000000000000000e+00 1.492068662600519457e-01
1.592855376831348313e-01 0.000000000000000000e+00 1.790482395120623627e-01
1.592855376831348313e-01 0.000000000000000000e+00 2.088896127640727240e-01
5.325954446284387744e-01 9.955596000730082551e-01 0.000000000000000000e+00
5.325954446284387744e-01 9.955596000730082551e-01 9.977917447278998597e-02
4.821560047739270778e-03 9.012751500726957563e-03 1.806591799034406101e-03
1.592855376831348313e-01 2.977461557221292576e-01 8.952411975603118133e-02
1.592855376831348313e-01 2.977461557221292576e-01 1.193654930080415705e-01
1.592855376831348313e-01 2.977461557221292576e-01 1.492068662600519457e-01
1.592855376831348313e-01 2.977461557221292576e-01 1.790482395120623627e-01
1.592855376831348313e-01 2.977461557221292576e-01 2.088896127640727240e-01
5.325954446284387744e-01 1.991119200146016510e+00 0.000000000000000000e+00
5.325954446284387744e-01 1.991119200146016510e+00 9.977917447278998597e-02
4.821560047739270778e-03 1.802550300145391513e-02 1.806591799034406101e-03
1.592855376831348313e-01 5.954923114442585153e-01 8.952411975603118133e-02
1.592855376831348313e-01 5.954923114442585153e-01 1.193654930080415705e-01
1.592855376831348313e-01 5.954923114442585153e-01 1.492068662600519457e-01
1.592855376831348313e-01 5.954923114442585153e-01 1.790482395120623627e-01
1.592855376831348313e-01 5.954923114442585153e-01 2.088896127640727240e-01
5.325954446284387744e-01 2.986678800219024765e+00 0.000000000000000000e+00
5.325954446284387744e-01 2.986678800219024765e+00 9.977917447278998597e-02
4.821560047739270778e-03 2.703825450218087442e-02 1.806591799034406101e-03
1.592855376831348313e-01 8.932384671663877729e-01 8.952411975603118133e-02
1.592855376831348313e-01 8.932384671663877729e-01 1.193654930080415705e-01
1.592855376831348313e-01 8.932384671663877729e-01 1.492068662600519457e-01
1.592855376831348313e-01 8.932384671663877729e-01 1.790482395120623627e-01
1.592855376831348313e-01 8.932384671663877729e-01 2.088896127640727240e-01
5.325954446284387744e-01 3.982238400292033020e+00 0.000000000000000000e+00
5.325954446284387744e-01 3.982238400292033020e+00 9.977917447278998597e-02
4.821560047739270778e-03 3.605100600290783025e-02 1.806591799034406101e-03
1.592855376831348313e-01 1.190984622888517031e+00 8.952411975603118133e-02
1.592855376831348313e-01 1.190984622888517031e+00 1.193654930080415705e-01
1.592855376831348313e-01 1.190984622888517031e+00 1.492068662600519457e-01
1.592855376831348313e-01 1.190984622888517031e+00 1.790482395120623627e-01
1.592855376831348313e-01 1.190984622888517031e+00 2.088896127640727240e-01
5.325954446284387744e-01 4.977798000365041275e+00 0.000000000000000000e+00
5.325954446284387744e-01 4.977798000365041275e+00 9.977917447278998597e-02
4.821560047739270778e-03 4.506375750363478955e-02 1.806591799034406101e-03
1.592855376831348313e-01 1.488730778610646288e+00 8.952411975603118133e-02
1.592855376831348313e-01 1.488730778610646288e+00 1.193654930080415705e-01
1.592855376831348313e-01 1.488730778610646288e+00 1.492068662600519457e-01
1.592855376831348313e-01 1.488730778610646288e+00 1.790482395120623627e-01
1.592855376831348313e-01 1.488730778610646288e+00 2.088896127640727240e-01
5.325954446284387744e-01 5.973357600438049531e+00 0.000000000000000000e+00
5.325954446284387744e-01 5.973357600438049531e+00 9.977917447278998597e-02
4.821560047739270778e-03 5.407650900436174884e-02 1.806591799034406101e-03
1.592855376831348313e-01 1.786476934332775546e+00 8.952411975603118133e-02
1.592855376831348313e-01 1.786476934332775546e+00 1.193654930080415705e-01
1.592855376831348313e-01 1.786476934332775546e+00 1.492068662600519457e-01
1.592855376831348313e-01 1.786476934332775546e+00 1.790482395120623627e-01
1.592855376831348313e-01 1.786476934332775546e+00 2.088896127640727240e-01
5.325954446284387744e-01 6.968917200511057786e+00 0.000000000000000000e+00
5.325954446284387744e-01 6.968917200511057786e+00 9.977917447278998597e-02
4.821560047739270778e-03 6.308926050508870120e-02 1.806591799034406101e-03
1.592855376831348313e-01 2.084223090054904581e+00 8.952411975603118133e-02
1.592855376831348313e-01 2.084223090054904581e+00 1.193654930080415705e-01
1.592855376831348313e-01 2.084223090054904581e+00 1.492068662600519457e-01
1.592855376831348313e-01 2.084223090054904581e+00 1.790482395120623627e-01
1.592855376831348313e-01 2.084223090054904581e+00 2.088896127640727240e-01
5.325954446284387744e-01 7.964476800584066041e+00 0.000000000000000000e+00
5.325954446284387744e-01 7.964476800584066041e+00 9.977917447278998597e-02
4.821560047739270778e-03 7.210201200581566050e-02 1.806591799034406101e-03
1.592855376831348313e-01 2.381969245777034061e+00 8.952411975603118133e-02
1.592855376831348313e-01 2.381969245777034061e+00 1.193654930080415705e-01
1.592855376831348313e-01 2.381969245777034061e+00 1.492068662600519457e-01
1.592855376831348313e-01 2.381969245777034061e+00 1.790482395120623627e-01
1.592855376831348313e-01 2.381969245777034061e+00 2.088896127640727240e-01
5.325954446284387744e-01 8.960036400657074296e+00 0.000000000000000000e+00
5.325954446284387744e-01 8.960036400657074296e+00 9.977917447278998597e-02
4.821560047739270778e-03 8.111476350654261980e-02 1.806591799034406101e-03
1.592855376831348313e-01 2.679715401499163541e+00 8.952411975603118133e-02
1.592855376831348313e-01 2.679715401499163541e+00 1.193654930080415705e-01
1.592855376831348313e-01 2.679715401499163541e+00 1.492068662600519457e-01
1.592855376831348313e-01 2.679715401499163541e+00 1.790482395120623627e-01
1.592855376831348313e-01 2.679715401499163541e+00 2.088896127640727240e-01
5.325954446284387744e-01 9.955596000730082551e+00 0.000000000000000000e+00
5.325954446284387744e-01 9.955596000730082551e+00 9.977917447278998597e-02
4.821560047739270778e-03 9.012751500726957909e-02 1.806591799034406101e-03
1.592855376831348313e-01 2.977461557221292576e+00 8.952411975603118133e-02
1.592855376831348313e-01 2.977461557221292576e+00 1.193654930080415705e-01
1.592855376831348313e-01 2.977461557221292576e+00 1.492068662600519457e-01
1.592855376831348313e-01 2.977461557221292576e+00 1.790482395120623627e-01
1.592855376831348313e-01 2.977461557221292576e+00 2.088896127640727240e-01
5.325954446284387744e-01 1.095115560080309081e+01 0.000000000000000000e+00
5.325954446284387744e-01 1.095115560080309081e+01 9.977917447278998597e-02
4.821560047739270778e-03 9.914026650799653839e-02 1.806591799034406101e-03
1.592855376831348313e-01 3.275207712943421612e+00 8.952411975603118133e-02
1.592855376831348313e-01 3.275207712943421612e+00 1.193654930080415705e-01
1.592855376831348313e-01 3.275207712943421612e+00 1.492068662600519457e-01
1.592855376831348313e-01 3.275207712943421612e+00 1.790482395120623627e-01
1.592855376831348313e-01 3.275207712943421612e+00 2.088896127640727240e-01
5.325954446284387744e-01 1.194671520087609906e+01 0.000000000000000000e+00
5.325954446284387744e-01 1.194671520087609906e+01 9.977917447278998597e-02
4.821560047739270778e-03 1.081530180087234977e-01 1.806591799034406101e-03
1.592855376831348313e-01 3.572953868665551092e+00 8.952411975603118133e-02
1.592855376831348313e-01 3.572953868665551092e+00 1.193654930080415705e-01
1.592855376831348313e-01 3.572953868665551092e+00 1.492068662600519457e-01
1.592855376831348313e-01 3.572953868665551092e+00 1.790482395120623627e-01
1.592855376831348313e-01 3.572953868665551092e+00 2.088896127640727240e-01
5.325954446284387744e-01 1.294227480094910909e+01 0.000000000000000000e+00
5.325954446284387744e-01 1.294227480094910909e+01 9.977917447278998597e-02
4.821560047739270778e-03 1.171657695094504570e-01 1.806591799034406101e-03
1.592855376831348313e-01 3.870700024387680571e+00 8.952411975603118133e-02
1.592855376831348313e-01 3.870700024387680571e+00 1.193654930080415705e-01
1.592855376831348313e-01 3.870700024387680571e+00 1.492068662600519457e-01
1.592855376831348313e-01 3.870700024387680571e+00 1.790482395120623627e-01
1.592855376831348313e-01 3.870700024387680571e+00 2.088896127640727240e-01
5.325954446284387744e-01 1.393783440102211557e+01 0.000000000000000000e+00
5.325954446284387744e-01 1.393783440102211557e+01 9.977917447278998597e-02
4.821560047739270778e-03 1.261785210101774024e-01 1.806591799034406101e-03
1.592855376831348313e-01 4.168446180109809163e+00 8.952411975603118133e-02
1.592855376831348313e-01 4.168446180109809163e+00 1.193654930080415705e-01
1.592855376831348313e-01 4.168446180109809163e+00 1.492068662600519457e-01
1.592855376831348313e-01 4.168446180109809163e+00 1.790482395120623627e-01
1.592855376831348313e-01 4.168446180109809163e+00 2.088896127640727240e-01
1.065190889256877549e+00 0.000000000000000000e+00 0.000000000000000000e+00
1.065190889256877549e+00 0.000000000000000000e+00 9.977917447278998597e-02
9.643120095478541556e-03 0.000000000000000000e+00 1.806591799034406101e-03
3.185710753662696626e-01 0.000000000000000000e+00 8.952411975603118133e-02
3.185710753662696626e-01 0.000000000000000000e+00 1.193654930080415705e-01
3.185710753662696626e-01 0.000000000000000000e+00 1.492068662600519457e-01
3.185710753662696626e-01 0.000000000000000000e+00 1.790482395120623627e-01
3.185710753662696626e-01 0.000000000000000000e+00 2.088896127640727240e-01
1.065190889256877549e+00 9.955596000730082551e-01 0.000000000000000000e+00
1.065190889256877549e+00 9.955596000730082551e-01 9.977917447278998597e-02
9.643120095478541556e-03 9.012751500726957563e-03 1.806591799034406101e-03
3.185710753662696626e-01 2.977461557221292576e-01 8.952411975603118133e-02
3.185710753662696626e-01 2.977461557221292576e-01 1.193654930080415705e-01
3.185710753662696626e-01 2.977461557221292576e-01 1.492068662600519457e-01
3.185710753662696626e-01 2.977461557221292576e-01 1.790482395120623627e-01
3.185710753662696626e-01 2.977461557221292576e-01 2.088896127640727240e-01
1.065190889256877549e+00 1.991119200146016510e+00 0.000000000000000000e+00
1.065190889256877549e+00 1.991119200146016510e+00 9.977917447278998597e-02
9.643120095478541556e-03 1.802550300145391513e-02 1.806591799034406101e-03
3.185710753662696626e-01 5.954923114442585153e-01 8.952411975603118133e-02
3.185710753662696626e-01 5.954923114442585153e-01 1.193654930080415705e-01
3.185710753662696626e-01 5.954923114442585153e-01 1.492068662600519457e-01
3.185710753662696626e-01 5.954923114442585153e-01 1.790482395120623627e-01
3.185710753662696626e-01 5.954923114442585153e-01 2.088896127640727240e-01
1.065190889256877549e+00 2.986678800219024765e+00 0.000000000000000000e+00
1.065190889256877549e+00 2.986678800219024765e+00 9.977917447278998597e-02
9.643120095478541556e-03 2.703825450218087442e-02 1.806591799034406101e-03
3.185710753662696626e-01 8.932384671663877729e-01 8.952411975603118133e-02
3.185710753662696626e-01 8.932384671663877729e-01 1.193654930080415705e-01
3.185710753662696626e-01 8.932384671663877729e-01 1.492068662600519457e-01
3.185710753662696626e-01 8.932384671663877729e-01 1.790482395120623627e-01
3.185710753662696626e-01 8.932384671663877729e-01 2.088896127640727240e-01
1.065190889256877549e+00 3.982238400292033020e+00 0.000000000000000000e+00
1.065190889256877549e+00 3.982238400292033020e+00 9.977917447278998597e-02
9.643120095478541556e-03 3.605100600290783025e-02 1.806591799034406101e-03
3.185710753662696626e-01 1.190984622888517031e+00 8.952411975603118133e-02
3.185710753662696626e-01 1.190984622888517031e+00 1.193654930080415705e-01
3.185710753662696626e-01 1.190984622888517031e+00 1.492068662600519457e-01
3.185710753662696626e-01 1.190984622888517031e+00 1.790482395120623627e-01
3.185710753662696626e-01 1.190984622888517031e+00 2.088896127640727240e-01
1.065190889256877549e+00 4.977798000365041275e+00 0.000000000000000000e+00
1.065190889256877549e+00 4.977798000365041275e+00 9.977917447278998597e-02
9.643120095478541556e-03 4.506375750363478955e-02 1.806591799034406101e-03
3.185710753662696626e-01 1.488730778610646288e+00 8.952411975603118133e-02
3.185710753662696626e-01 1.488730778610646288e+00 1.193654930080415705e-01
3.185710753662696626e-01 1.488730778610646288e+00 1.492068662600519457e-01
3.185710753662696626e-01 1.488730778610646288e+00 1.790482395120623627e-01
3.185710753662696626e-01 1.488730778610646288e+00 2.088896127640727240e-01
1.065190889256877549e+00 5.973357600438049531e+00 0.000000000000000000e+00
1.065190889256877549e+00 5.973357600438049531e+00 9.977917447278998597e-02
9.643120095478541556e-03 5.407650900436174884e-02 1.806591799034406101e-03
3.185710753662696626e-01 1.786476934332775546e+00 8.952411975603118133e-02
3.185710753662696626e-01 1.786476934332775546e+00 1.193654930080415705e-01
3.185710753662696626e-01 1.786476934332775546e+00 1.492068662600519457e-01
3.185710753662696626e-01 1.786476934332775546e+00 1.790482395120623627e-01
3.185710753662696626e-01 1.786476934332775546e+00 2.088896127640727240e-01
1.065190889256877549e+00 6.968917200511057786e+00 0.000000000000000000e+00
1.065190889256877549e+00 6.968917200511057786e+00 9.977917447278998597e-02
9.643120095478541556e-03 6.308926050508870120e-02 1.806591799034406101e-03
3.185710753662696626e-01 2.084223090054904581e+00 8.952411975603118133e-02
3.185710753662696626e-01 2.084223090054904581e+00 1.193654930080415705e-01
3.185710753662696626e-01 2.084223090054904581e+00 1.492068662600519457e-01
3.185710753662696626e-01 2.084223090054904581e+00 1.790482395120623627e-01
3.185710753662696626e-01 2.084223090054904581e+00 2.088896127640727240e-01
1.065190889256877549e+00 7.964476800584066041e+00 0.000000000000000000e+00
1.065190889256877549e+00 7.964476800584066041e+00 9.977917447278998597e-02
9.643120095478541556e-03 7.210201200581566050e-02 1.806591799034406101e-03
3.185710753662696626e-01 2.381969245777034061e+00 8.952411975603118133e-02
3.185710753662696626e-01 2.381969245777034061e+00 1.193654930080415705e-01
3.185710753662696626e-01 2.381969245777034061e+00 1.492068662600519457e-01
3.185710753662696626e-01 2.381969245777034061e+00 1.790482395120623627e-01
3.185710753662696626e-01 2.381969245777034061e+00 2.088896127640727240e-01
1.065190889256877549e+00 8.960036400657074296e+00 0.000000000000000000e+00
1.065190889256877549e+00 8.960036400657074296e+00 9.977917447278998597e-02
9.643120095478541556e-03 8.111476350654261980e-02 1.806591799034406101e-03
3.185710753662696626e-01 2.679715401499163541e+00 8.952411975603118133e-02
3.185710753662696626e-01 2.679715401499163541e+00 1.193654930080415705e-01
3.185710753662696626e-01 2.679715401499163541e+00 1.492068662600519457e-01
3.185710753662696626e-01 2.679715401499163541e+00 1.790482395120623627e-01
3.185710753662696626e-01 2.679715401499163541e+00 2.088896127640727240e-01
1.065190889256877549e+00 9.955596000730082551e+00 0.000000000000000000e+00
1.065190889256877549e+00 9.955596000730082551e+00 9.977917447278998597e-02
9.643120095478541556e-03 9.012751500726957909e-02 1.806591799034406101e-03
3.185710753662696626e-01 2.977461557221292576e+00 8.952411975603118133e-02
3.185710753662696626e-01 2.977461557221292576e+00 1.193654930080415705e-01
3.185710753662696626e-01 2.977461557221292576e+00 1.492068662600519457e-01
3.185710753662696626e-01 2.977461557221292576e+00 1.790482395120623627e-01
3.185710753662696626e-01 2.977461557221292576e+00 2.088896127640727240e-01
1.065190889256877549e+00 1.095115560080309081e+01 0.000000000000000000e+00
1.065190889256877549e+00 1.095115560080309081e+01 9.977917447278998597e-02
9.643120095478541556e-03 9.914026650799653839e-02 1.806591799034406101e-03
3.185710753662696626e-01 3.275207712943421612e+00 8.952411975603118133e-02
3.185710753662696626e-01 3.275207712943421612e+00 1.193654930080415705e-01
3.185710753662696626e-01 3.275207712943421612e+00 1.492068662600519457e-01
3.185710753662696626e-01 3.275207712943421612e+00 1.790482395120623627e-01
3.185710753662696626e-01 3.275207712943421612e+00 2.088896127640727240e-01
1.065190889256877549e+00 1.194671520087609906e+01 0.000000000000000000e+00
1.065190889256877549e+00 1.194671520087609906e+01 9.977917447278998597e-02
9.643120095478541556e-03 1.081530180087234977e-01 1.806591799034406101e-03
3.185710753662696626e-01 3.572953868665551092e+00 8.952411975603118133e-02
3.185710753662696626e-01 3.572953868665551092e+00 1.193654930080415705e-01
3.185710753662696626e-01 3.572953868665551092e+00 1.492068662600519457e-01
3.185710753662696626e-01 3.572953868665551092e+00 1.790482395120623627e-01
3.185710753662696626e-01 3.572953868665551092e+00 2.088896127640727240e-01
1.065190889256877549e+00 1.294227480094910909e+01 0.000000000000000000e+00
1.065190889256877549e+00 1.294227480094910909e+01 9.977917447278998597e-02
9.643120095478541556e-03 1.171657695094504570e-01 1.806591799034406101e-03
3.185710753662696626e-01 3.870700024387680571e+00 8.952411975603118133e-02
3.185710753662696626e-01 3.870700024387680571e+00 1.193654930080415705e-01
3.185710753662696626e-01 3.870700024387680571e+00 1.492068662600519457e-01
3.185710753662696626e-01 3.870700024387680571e+00 1.790482395120623627e-01
3.185710753662696626e-01 3.870700024387680571e+00 2.088896127640727240e-01
1.065190889256877549e+00 1.393783440102211557e+01 0.000000000000000000e+00
1.065190889256877549e+00 1.393783440102211557e+01 9.977917447278998597e-02
9.643120095478541556e-03 1.261785210101774024e-01 1.806591799034406101e-03
3.185710753662696626e-01 4.168446180109809163e+00 8.952411975603118133e-02
3.185710753662696626e-01 4.168446180109809163e+00 1.193654930080415705e-01
3.185710753662696626e-01 4.168446180109809163e+00 1.492068662600519457e-01
3.185710753662696626e-01 4.168446180109809163e+00 1.790482395120623627e-01
3.185710753662696626e-01 4.168446180109809163e+00 2.088896127640727240e-01
1.597786333885316212e+00 0.000000000000000000e+00 0.000000000000000000e+00
1.597786333885316212e+00 0.000000000000000000e+00 9.977917447278998597e-02
1.446468014321781147e-02 0.000000000000000000e+00 1.806591799034406101e-03
4.778566130494044661e-01 0.000000000000000000e+00 8.952411975603118133e-02
4.778566130494044661e-01 0.000000000000000000e+00 1.193654930080415705e-01
4.778566130494044661e-01 0.000000000000000000e+00 1.492068662600519457e-01
4.778566130494044661e-01 0.000000000000000000e+00 1.790482395120623627e-01
4.778566130494044661e-01 0.000000000000000000e+00 2.088896127640727240e-01
1.597786333885316212e+00 9.955596000730082551e-01 0.000000000000000000e+00
1.597786333885316212e+00 9.955596000730082551e-01 9.977917447278998597e-02
1.446468014321781147e-02 9.012751500726957563e-03 1.806591799034406101e-03
4.778566130494044661e-01 2.977461557221292576e-01 8.952411975603118133e-02
4.778566130494044661e-01 2.977461557221292576e-01 1.193654930080415705e-01
4.778566130494044661e-01 2.977461557221292576e-01 1.492068662600519457e-01
4.778566130494044661e-01 2.977461557221292576e-01 1.790482395120623627e-01
4.778566130494044661e-01 2.977461557221292576e-01 2.088896127640727240e-01
1.597786333885316212e+00 1.991119200146016510e+00 0.000000000000000000e+00
1.597786333885316212e+00 1.991119200146016510e+00 9.977917447278998597e-02
1.446468014321781147e-02 1.802550300145391513e-02 1.806591799034406101e-03
4.778566130494044661e-01 5.954923114442585153e-01 8.952411975603118133e-02
4.778566130494044661e-01 5.954923114442585153e-01 1.193654930080415705e-01
4.778566130494044661e-01 5.954923114442585153e-01 1.492068662600519457e-01
4.778566130494044661e-01 5.954923114442585153e-01 1.790482395120623627e-01
4.778566130494044661e-01 5.954923114442585153e-01 2.088896127640727240e-01
1.597786333885316212e+00 2.986678800219024765e+00 0.000000000000000000e+00
1.597786333885316212e+00 2.986678800219024765e+00 9.977917447278998597e-02
1.446468014321781147e-02 2.703825450218087442e-02 1.806591799034406101e-03
4.778566130494044661e-01 8.932384671663877729e-01 8.952411975603118133e-02
4.778566130494044661e-01 8.932384671663877729e-01 1.193654930080415705e-01
4.778566130494044661e-01 8.932384671663877729e-01 1.492068662600519457e-01
4.778566130494044661e-01 8.932384671663877729e-01 1.790482395120623627e-01
4.778566130494044661e-01 8.932384671663877729e-01 2.088896127640727240e-01
1.597786333885316212e+00 3.982238400292033020e+00 0.000000000000000000e+00
1.597786333885316212e+00 3.982238400292033020e+00 9.977917447278998597e-02
1.446468014321781147e-02 3.605100600290783025e-02 1.806591799034406101e-03
4.778566130494044661e-01 1.190984622888517031e+00 8.952411975603118133e-02
4.778566130494044661e-01 1.190984622888517031e+00 1.193654930080415705e-01
4.778566130494044661e-01 1.190984622888517031e+00 1.492068662600519457e-01
4.778566130494044661e-01 1.190984622888517031e+00 1.790482395120623627e-01
4.778566130494044661e-01 1.190984622888517031e+00 2.088896127640727240e-01
1.597786333885316212e+00 4.977798000365041275e+00 0.000000000000000000e+00
1.597786333885316212e+00 4.977798000365041275e+00 9.977917447278998597e-02
1.446468014321781147e-02 4.506375750363478955e-02 1.806591799034406101e-03
4.778566130494044661e-01 1.488730778610646288e+00 8.952411975603118133e-02
4.778566130494044661e-01 1.488730778610646288e+00 1.193654930080415705e-01
4.778566130494044661e-01 1.488730778610646288e+00 1.492068662600519457e-01
4.778566130494044661e-01 1.488730778610646288e+00 1.790482395120623627e-01
4.778566130494044661e-01 1.488730778610646288e+00 2.088896127640727240e-01
1.597786333885316212e+00 5.973357600438049531e+00 0.000000000000000000e+00
1.597786333885316212e+00 5.973357600438049531e+00 9.977917447278998597e-02
1.446468014321781147e-02 5.407650900436174884e-02 1.806591799034406101e-03
4.778566130494044661e-01 1.786476934332775546e+00 8.952411975603118133e-02
4.778566130494044661e-01 1.786476934332775546e+00 1.193654930080415705e-01
4.778566130494044661e-01 1.786476934332775546e+00 1.492068662600519457e-01
4.778566130494044661e-01 1.786476934332775546e+00 1.790482395120623627e-01
4.778566130494044661e-01 1.786476934332775546e+00 2.088896127640727240e-01
1.597786333885316212e+00 6.968917200511057786e+00 0.000000000000000000e+00
1.597786333885316212e+00 6.968917200511057786e+00 9.977917447278998597e-02
1.446468014321781147e-02 6.308926050508870120e-02 1.806591799034406101e-03
4.778566130494044661e-01 2.084223090054904581e+00 8.952411975603118133e-02
4.778566130494044661e-01 2.084223090054904581e+00 1.193654930080415705e-01
4.778566130494044661e-01 2.084223090054904581e+00 1.492068662600519457e-01
4.778566130494044661e-01 2.084223090054904581e+00 1.790482395120623627e-01
4.778566130494044661e-01 2.084223090054904581e+00 2.088896127640727240e-01
1.597786333885316212e+00 7.964476800584066041e+00 0.000000000000000000e+00
1.597786333885316212e+00 7.964476800584066041e+00 9.977917447278998597e-02
1.446468014321781147e-02 7.210201200581566050e-02 1.806591799034406101e-03
4.778566130494044661e-01 2.381969245777034061e+00 8.952411975603118133e-02
4.778566130494044661e-01 2.381969245777034061e+00 1.193654930080415705e-01
4.778566130494044661e-01 2.381969245777034061e+00 1.492068662600519457e-01
4.778566130494044661e-01 2.381969245777034061e+00 1.790482395120623627e-01
4.778566130494044661e-01 2.381969245777034061e+00 2.088896127640727240e-01
1.597786333885316212e+00 8.960036400657074296e+00 0.000000000000000000e+00
1.597786333885316212e+00 8.960036400657074296e+00 9.977917447278998597e-02
1.446468014321781147e-02 8.111476350654261980e-02 1.806591799034406101e-03
4.778566130494044661e-01 2.679715401499163541e+00 8.952411975603118133e-02
4.778566130494044661e-01 2.679715401499163541e+00 1.193654930080415705e-01
4.778566130494044661e-01 2.679715401499163541e+00 1.492068662600519457e-01
4.778566130494044661e-01 2.679715401499163541e+00 1.790482395120623627e-01
4.778566130494044661e-01 2.679715401499163541e+00 2.088896127640727240e-01
1.597786333885316212e+00 9.955596000730082551e+00 0.000000000000000000e+00
1.597786333885316212e+00 9.955596000730082551e+00 9.977917447278998597e-02
1.446468014321781147e-02 9.012751500726957909e-02 1.806591799034406101e-03
4.778566130494044661e-01 2.977461557221292576e+00 8.952411975603118133e-02
4.778566130494044661e-01 2.977461557221292576e+00 1.193654930080415705e-01
4.778566130494044661e-01 2.977461557221292576e+00 1.492068662600519457e-01
4.778566130494044661e-01 2.977461557221292576e+00 1.790482395120623627e-01
4.778566130494044661e-01 2.977461557221292576e+00 2.088896127640727240e-01
1.597786333885316212e+00 1.095115560080309081e+01 0.000000000000000000e+00
1.597786333885316212e+00 1.095115560080309081e+01 9.977917447278998597e-02
1.446468014321781147e-02 9.914026650799653839e-02 1.806591799034406101e-03
4.778566130494044661e-01 3.275207712943421612e+00 8.952411975603118133e-02
4.778566130494044661e-01 3.275207712943421612e+00 1.193654930080415705e-01
4.778566130494044661e-01 3.275207712943421612e+00 1.492068662600519457e-01
4.778566130494044661e-01 3.275207712943421612e+00 1.790482395120623627e-01
4.778566130494044661e-01 3.275207712943421612e+00 2.088896127640727240e-01
1.597786333885316212e+00 1.194671520087609906e+01 0.000000000000000000e+00
1.597786333885316212e+00 1.194671520087609906e+01 9.977917447278998597e-02
1.446468014321781147e-02 1.081530180087234977e-01 1.806591799034406101e-03
4.778566130494044661e-01 3.572953868665551092e+00 8.952411975603118133e-02
4.778566130494044661e-01 3.572953868665551092e+00 1.193654930080415705e-01
4.778566130494044661e-01 3.572953868665551092e+00 1.492068662600519457e-01
4.778566130494044661e-01 3.572953868665551092e+00 1.790482395120623627e-01
4.778566130494044661e-01 3.572953868665551092e+00 2.088896127640727240e-01
1.597786333885316212e+00 1.294227480094910909e+01 0.000000000000000000e+00
1.597786333885316212e+00 1.294227480094910909e+01 9.977917447278998597e-02
1.446468014321781147e-02 1.171657695094504570e-01 1.806591799034406101e-03
4.778566130494044661e-01 3.870700024387680571e+00 8.952411975603118133e-02
4.778566130494044661e-01 3.870700024387680571e+00 1.193654930080415705e-01
4.778566130494044661e-01 3.870700024387680571e+00 1.492068662600519457e-01
4.778566130494044661e-01 3.870700024387680571e+00 1.790482395120623627e-01
4.778566130494044661e-01 3.870700024387680571e+00 2.088896127640727240e-01
1.597786333885316212e+00 1.393783440102211557e+01 0.000000000000000000e+00
1.597786333885316212e+00 1.393783440102211557e+01 9.977917447278998597e-02
1.446468014321781147e-02 1.261785210101774024e-01 1.806591799034406101e-03
4.778566130494044661e-01 4.168446180109809163e+00 8.952411975603118133e-02
4.778566130494044661e-01 4.168446180109809163e+00 1.193654930080415705e-01
4.778566130494044661e-01 4.168446180109809163e+00 1.492068662600519457e-01
4.778566130494044661e-01 4.168446180109809163e+00 1.790482395120623627e-01
4.778566130494044661e-01 4.168446180109809163e+00 2.088896127640727240e-01
2.130381778513755098e+00 0.000000000000000000e+00 0.000000000000000000e+00
2.130381778513755098e+00 0.000000000000000000e+00 9.977917447278998597e-02
1.928624019095708311e-02 0.000000000000000000e+00 1.806591799034406101e-03
6.371421507325393252e-01 0.000000000000000000e+00 8.952411975603118133e-02
6.371421507325393252e-01 0.000000000000000000e+00 1.193654930080415705e-01
6.371421507325393252e-01 0.000000000000000000e+00 1.492068662600519457e-01
6.371421507325393252e-01 0.000000000000000000e+00 1.790482395120623627e-01
6.371421507325393252e-01 0.000000000000000000e+00 2.088896127640727240e-01
2.130381778513755098e+00 9.955596000730082551e-01 0.000000000000000000e+00
2.130381778513755098e+00 9.955596000730082551e-01 9.977917447278998597e-02
1.928624019095708311e-02 9.012751500726957563e-03 1.806591799034406101e-03
6.371421507325393252e-01 2.977461557221292576e-01 8.952411975603118133e-02
6.371421507325393252e-01 2.977461557221292576e-01 1.193654930080415705e-01
6.371421507325393252e-01 2.977461557221292576e-01 1.492068662600519457e-01
6.371421507325393252e-01 2.977461557221292576e-01 1.790482395120623627e-01
6.371421507325393252e-01 2.977461557221292576e-01 2.088896127640727240e-01
2.130381778513755098e+00 1.991119200146016510e+00 0.000000000000000000e+00
2.130381778513755098e+00 1.991119200146016510e+00 9.977917447278998597e-02
1.928624019095708311e-02 1.802550300145391513e-02 1.806591799034406101e-03
6.371421507325393252e-01 5.954923114442585153e-01 8.952411975603118133e-02
6.371421507325393252e-01 5.954923114442585153e-01 1.193654930080415705e-01
6.371421507325393252e-01 5.954923114442585153e-01 1.492068662600519457e-01
6.371421507325393252e-01 5.954923114442585153e-01 1.790482395120623627e-01
6.371421507325393252e-01 5.954923114442585153e-01 2.088896127640727240e-01
2.130381778513755098e+00 2.986678800219024765e+00 0.000000000000000000e+00
2.130381778513755098e+00 2.986678800219024765e+00 9.977917447278998597e-02
1.928624019095708311e-02 2.703825450218087442e-02 1.806591799034406101e-03
6.371421507325393252e-01 8.932384671663877729e-01 8.952411975603118133e-02
6.371421507325393252e-01 8.932384671663877729e-01 1.193654930080415705e-01
6.371421507325393252e-01 8.932384671663877729e-01 1.492068662600519457e-01
6.371421507325393252e-01 8.932384671663877729e-01 1.790482395120623627e-01
6.371421507325393252e-01 8.932384671663877729e-01 2.088896127640727240e-01
2.130381778513755098e+00 3.982238400292033020e+00 0.000000000000000000e+00
2.130381778513755098e+00 3.982238400292033020e+00 9.977917447278998597e-02
1.928624019095708311e-02 3.605100600290783025e-02 1.806591799034406101e-03
6.371421507325393252e-01 1.190984622888517031e+00 8.952411975603118133e-02
6.371421507325393252e-01 1.190984622888517031e+00 1.193654930080415705e-01
6.371421507325393252e-01 1.190984622888517031e+00 1.492068662600519457e-01
6.371421507325393252e-01 1.190984622888517031e+00 1.790482395120623627e-01
6.371421507325393252e-01 1.190984622888517031e+00 2.088896127640727240e-01
2.130381778513755098e+00 4.977798000365041275e+00 0.000000000000000000e+00
2.130381778513755098e+00 4.977798000365041275e+00 9.977917447278998597e-02
1.928624019095708311e-02 4.506375750363478955e-02 1.806591799034406101e-03
6.371421507325393252e-01 1.488730778610646288e+00 8.952411975603118133e-02
6.371421507325393252e-01 1.488730778610646288e+00 1.193654930080415705e-01
6.371421507325393252e-01 1.488730778610646288e+00 1.492068662600519457e-01
6.371421507325393252e-01 1.488730778610646288e+00 1.790482395120623627e-01
6.371421507325393252e-01 1.488730778610646288e+00 2.088896127640727240e-01
2.130381778513755098e+00 5.973357600438049531e+00 0.000000000000000000e+00
2.130381778513755098e+00 5.973357600438049531e+00 9.977917447278998597e-02
1.928624019095708311e-02 5.407650900436174884e-02 1.806591799034406101e-03
6.371421507325393252e-01 1.786476934332775546e+00 8.952411975603118133e-02
6.371421507325393252e-01 1.786476934332775546e+00 1.193654930080415705e-01
6.371421507325393252e-01 1.786476934332775546e+00 1.492068662600519457e-01
6.371421507325393252e-01 1.786476934332775546e+00 1.790482395120623627e-01
6.371421507325393252e-01 1.786476934332775546e+00 2.088896127640727240e-01
2.130381778513755098e+00 6.968917200511057786e+00 0.000000000000000000e+00
2.130381778513755098e+00 6.968917200511057786e+00 9.977917447278998597e-02
1.928624019095708311e-02 6.308926050508870120e-02 1.806591799034406101e-03
6.371421507325393252e-01 2.084223090054904581e+00 8.952411975603118133e-02
6.371421507325393252e-01 2.084223090054904581e+00 1.193654930080415705e-01
6.371421507325393252e-01 2.084223090054904581e+00 1.492068662600519457e-01
6.371421507325393252e-01 2.084223090054904581e+00 1.790482395120623627e-01
6.371421507325393252e-01 2.084223090054904581e+00 2.088896127640727240e-01
2.130381778513755098e+00 7.964476800584066041e+00 0.000000000000000000e+00
2.130381778513755098e+00 7.964476800584066041e+00 9.977917447278998597e-02
1.928624019095708311e-02 7.210201200581566050e-02 1.806591799034406101e-03
6.371421507325393252e-01 2.381969245777034061e+00 8.952411975603118133e-02
6.371421507325393252e-01 2.381969245777034061e+00 1.193654930080415705e-01
6.371421507325393252e-01 2.381969245777034061e+00 1.492068662600519457e-01
6.371421507325393252e-01 2.381969245777034061e+00 1.790482395120623627e-01
6.371421507325393252e-01 2.381969245777034061e+00 2.088896127640727240e-01
2.130381778513755098e+00 8.960036400657074296e+00 0.000000000000000000e+00
2.130381778513755098e+00 8.960036400657074296e+00 9.977917447278998597e-02
1.928624019095708311e-02 8.111476350654261980e-02 1.806591799034406101e-03
6.371421507325393252e-01 2.679715401499163541e+00 8.952411975603118133e-02
6.371421507325393252e-01 2.679715401499163541e+00 1.193654930080415705e-01
6.371421507325393252e-01 2.679715401499163541e+00 1.492068662600519457e-01
6.371421507325393252e-01 2.679715401499163541e+00 1.790482395120623627e-01
6.371421507325393252e-01 2.679715401499163541e+00 2.088896127640727240e-01
2.130381778513755098e+00 9.955596000730082551e+00 0.000000000000000000e+00
2.130381778513755098e+00 9.955596000730082551e+00 9.977917447278998597e-02
1.928624019095708311e-02 9.012751500726957909e-02 1.806591799034406101e-03
6.371421507325393252e-01 2.977461557221292576e+00 8.952411975603118133e-02
6.371421507325393252e-01 2.977461557221292576e+00 1.193654930080415705e-01
6.371421507325393252e-01 2.977461557221292576e+00 1.492068662600519457e-01
6.371421507325393252e-01 2.977461557221292576e+00 1.790482395120623627e-01
6.371421507325393252e-01 2.977461557221292576e+00 2.088896127640727240e-01
2.130381778513755098e+00 1.095115560080309081e+01 0.000000000000000000e+00
2.130381778513755098e+00 1.095115560080309081e+01 9.977917447278998597e-02
1.928624019095708311e-02 9.914026650799653839e-02 1.806591799034406101e-03
6.371421507325393252e-01 3.275207712943421612e+00 8.952411975603118133e-02
6.371421507325393252e-01 3.275207712943421612e+00 1.193654930080415705e-01
6.371421507325393252e-01 3.275207712943421612e+00 1.492068662600519457e-01
6.371421507325393252e-01 3.275207712943421612e+00 1.790482395120623627e-01
6.371421507325393252e-01 3.275207712943421612e+00 2.088896127640727240e-01
2.130381778513755098e+00 1.194671520087609906e+01 0.000000000000000000e+00
2.130381778513755098e+00 1.194671520087609906e+01 9.977917447278998597e-02
1.928624019095708311e-02 1.081530180087234977e-01 1.806591799034406101e-03
6.371421507325393252e-01 3.572953868665551092e+00 8.952411975603118133e-02
6.371421507325393252e-01 3.572953868665551092e+00 1.193654930080415705e-01
6.371421507325393252e-01 3.572953868665551092e+00 1.492068662600519457e-01
6.371421507325393252e-01 3.572953868665551092e+00 1.790482395120623627e-01
6.371421507325393252e-01 3.572953868665551092e+00 2.088896127640727240e-01
2.130381778513755098e+00 1.294227480094910909e+01 0.000000000000000000e+00
2.130381778513755098e+00 1.294227480094910909e+01 9.977917447278998597e-02
1.928624019095708311e-02 1.171657695094504570e-01 1.806591799034406101e-03
6.371421507325393252e-01 3.870700024387680571e+00 8.952411975603118133e-02
6.371421507325393252e-01 3.870700024387680571e+00 1.193654930080415705e-01
6.371421507325393252e-01 3.870700024387680571e+00 1.492068662600519457e-01
6.371421507325393252e-01 3.870700024387680571e+00 1.790482395120623627e-01
6.371421507325393252e-01 3.870700024387680571e+00 2.088896127640727240e-01
2.130381778513755098e+00 1.393783440102211557e+01 0.000000000000000000e+00
2.130381778513755098e+00 1.393783440102211557e+01 9.977917447278998597e-02
1.928624019095708311e-02 1.261785210101774024e-01 1.806591799034406101e-03
6.371421507325393252e-01 4.168446180109809163e+00 8.952411975603118133e-02
6.371421507325393252e-01 4.168446180109809163e+00 1.193654930080415705e-01
6.371421507325393252e-01 4.168446180109809163e+00 1.492068662600519457e-01
6.371421507325393252e-01 4.168446180109809163e+00 1.790482395120623627e-01
6.371421507325393252e-01 4.168446180109809163e+00 2.088896127640727240e-01
2.662977223142194205e+00 0.000000000000000000e+00 0.000000000000000000e+00
2.662977223142194205e+00 0.000000000000000000e+00 9.977917447278998597e-02
2.410780023869635649e-02 0.000000000000000000e+00 1.806591799034406101e-03
7.964276884156742398e-01 0.000000000000000000e+00 8.952411975603118133e-02
7.964276884156742398e-01 0.000000000000000000e+00 1.193654930080415705e-01
7.964276884156742398e-01 0.000000000000000000e+00 1.492068662600519457e-01
7.964276884156742398e-01 0.000000000000000000e+00 1.790482395120623627e-01
7.964276884156742398e-01 0.000000000000000000e+00 2.088896127640727240e-01
2.662977223142194205e+00 9.955596000730082551e-01 0.000000000000000000e+00
2.662977223142194205e+00 9.955596000730082551e-01 9.977917447278998597e-02
2.410780023869635649e-02 9.012751500726957563e-03 1.806591799034406101e-03
7.964276884156742398e-01 2.977461557221292576e-01 8.952411975603118133e-02
7.964276884156742398e-01 2.977461557221292576e-01 1.193654930080415705e-01
7.964276884156742398e-01 2.977461557221292576e-01 1.492068662600519457e-01
7.964276884156742398e-01 2.977461557221292576e-01 1.790482395120623627e-01
7.964276884156742398e-01 2.977461557221292576e-01 2.088896127640727240e-01
2.662977223142194205e+00 1.991119200146016510e+00 0.000000000000000000e+00
2.662977223142194205e+00 1.991119200146016510e+00 9.977917447278998597e-02
2.410780023869635649e-02 1.802550300145391513e-02 1.806591799034406101e-03
7.964276884156742398e-01 5.954923114442585153e-01 8.952411975603118133e-02
7.964276884156742398e-01 5.954923114442585153e-01 1.193654930080415705e-01
7.964276884156742398e-01 5.954923114442585153e-01 1.492068662600519457e-01
7.964276884156742398e-01 5.954923114442585153e-01 1.790482395120623627e-01
7.964276884156742398e-01 5.954923114442585153e-01 2.088896127640727240e-01
2.662977223142194205e+00 2.986678800219024765e+00 0.000000000000000000e+00
2.662977223142194205e+00 2.986678800219024765e+00 9.977917447278998597e-02
2.410780023869635649e-02 2.703825450218087442e-02 1.806591799034406101e-03
7.964276884156742398e-01 8.932384671663877729e-01 8.952411975603118133e-02
7.964276884156742398e-01 8.932384671663877729e-01 1.193654930080415705e-01
7.964276884156742398e-01 8.932384671663877729e-01 1.492068662600519457e-01
7.964276884156742398e-01 8.932384671663877729e-01 1.790482395120623627e-01
7.964276884156742398e-01 8.932384671663877729e-01 2.088896127640727240e-01
2.662977223142194205e+00 3.982238400292033020e+00 0.000000000000000000e+00
2.662977223142194205e+00 3.982238400292033020e+00 9.977917447278998597e-02
2.410780023869635649e-02 3.605100600290783025e-02 1.806591799034406101e-03
7.964276884156742398e-01 1.190984622888517031e+00 8.952411975603118133e-02
7.964276884156742398e-01 1.190984622888517031e+00 1.193654930080415705e-01
7.964276884156742398e-01 1.190984622888517031e+00 1.492068662600519457e-01
7.964276884156742398e-01 1.190984622888517031e+00 1.790482395120623627e-01
7.964276884156742398e-01 1.190984622888517031e+00 2.088896127640727240e-01
2.662977223142194205e+00 4.977798000365041275e+00 0.000000000000000000e+00
2.662977223142194205e+00 4.977798000365041275e+00 9.977917447278998597e-02
2.410780023869635649e-02 4.506375750363478955e-02 1.806591799034406101e-03
7.964276884156742398e-01 1.488730778610646288e+00 8.952411975603118133e-02
7.964276884156742398e-01 1.488730778610646288e+00 1.193654930080415705e-01
7.964276884156742398e-01 1.488730778610646288e+00 1.492068662600519457e-01
7.964276884156742398e-01 1.488730778610646288e+00 1.790482395120623627e-01
7.964276884156742398e-01 1.488730778610646288e+00 2.088896127640727240e-01
2.662977223142194205e+00 5.973357600438049531e+00 0.000000000000000000e+00
2.662977223142194205e+00 5.973357600438049531e+00 9.977917447278998597e-02
2.410780023869635649e-02 5.407650900436174884e-02 1.806591799034406101e-03
7.964276884156742398e-01 1.786476934332775546e+00 8.952411975603118133e-02
7.964276884156742398e-01 1.786476934332775546e+00 1.193654930080415705e-01
7.964276884156742398e-01 1.786476934332775546e+00 1.492068662600519457e-01
7.964276884156742398e-01 1.786476934332775546e+00 1.790482395120623627e-01
7.964276884156742398e-01 1.786476934332775546e+00 2.088896127640727240e-01
2.662977223142194205e+00 6.968917200511057786e+00 0.000000000000000000e+00
2.662977223142194205e+00 6.968917200511057786e+00 9.977917447278998597e-02
2.410780023869635649e-02 6.308926050508870120e-02 1.806591799034406101e-03
7.964276884156742398e-01 2.084223090054904581e+00 8.952411975603118133e-02
7.964276884156742398e-01 2.084223090054904581e+00 1.193654930080415705e-01
7.964276884156742398e-01 2.084223090054904581e+00 1.492068662600519457e-01
7.964276884156742398e-01 2.084223090054904581e+00 1.790482395120623627e-01
7.964276884156742398e-01 2.084223090054904581e+00 2.088896127640727240e-01
2.662977223142194205e+00 7.964476800584066041e+00 0.000000000000000000e+00
2.662977223142194205e+00 7.964476800584066041e+00 9.977917447278998597e-02
2.410780023869635649e-02 7.210201200581566050e-02 1.806591799034406101e-03
7.964276884156742398e-01 2.381969245777034061e+00 8.952411975603118133e-02
7.964276884156742398e-01 2.381969245777034061e+00 1.193654930080415705e-01
7.964276884156742398e-01 2.381969245777034061e+00 1.492068662600519457e-01
7.964276884156742398e-01 2.381969245777034061e+00 1.790482395120623627e-01
7.964276884156742398e-01 2.381969245777034061e+00 2.088896127640727240e-01
2.662977223142194205e+00 8.960036400657074296e+00 0.000000000000000000e+00
2.662977223142194205e+00 8.960036400657074296e+00 9.977917447278998597e-02
2.410780023869635649e-02 8.111476350654261980e-02 1.806591799034406101e-03
7.964276884156742398e-01 2.679715401499163541e+00 8.952411975603118133e-02
7.964276884156742398e-01 2.679715401499163541e+00 1.193654930080415705e-01
7.964276884156742398e-01 2.679715401499163541e+00 1.492068662600519457e-01
7.964276884156742398e-01 2.679715401499163541e+00 1.790482395120623627e-01
7.964276884156742398e-01 2.679715401499163541e+00 2.088896127640727240e-01
2.662977223142194205e+00 9.955596000730082551e+00 0.000000000000000000e+00
2.662977223142194205e+00 9.955596000730082551e+00 9.977917447278998597e-02
2.410780023869635649e-02 9.012751500726957909e-02 1.806591799034406101e-03
7.964276884156742398e-01 2.977461557221292576e+00 8.952411975603118133e-02
7.964276884156742398e-01 2.977461557221292576e+00 1.193654930080415705e-01
7.964276884156742398e-01 2.977461557221292576e+00 1.492068662600519457e-01
7.964276884156742398e-01 2.977461557221292576e+00 1.790482395120623627e-01
7.964276884156742398e-01 2.977461557221292576e+00 2.088896127640727240e-01
2.662977223142194205e+00 1.095115560080309081e+01 0.000000000000000000e+00
2.662977223142194205e+00 1.095115560080309081e+01 9.977917447278998597e-02
2.410780023869635649e-02 9.914026650799653839e-02 1.806591799034406101e-03
7.964276884156742398e-01 3.275207712943421612e+00 8.952411975603118133e-02
7.964276884156742398e-01 3.275207712943421612e+00 1.193654930080415705e-01
7.964276884156742398e-01 3.275207712943421612e+00 1.492068662600519457e-01
7.964276884156742398e-01 3.275207712943421612e+00 1.790482395120623627e-01
7.964276884156742398e-01 3.275207712943421612e+00 2.088896127640727240e-01
2.662977223142194205e+00 1.194671520087609906e+01 0.000000000000000000e+00
2.662977223142194205e+00 1.194671520087609906e+01 9.977917447278998597e-02
2.410780023869635649e-02 1.081530180087234977e-01 1.806591799034406101e-03
7.964276884156742398e-01 3.572953868665551092e+00 8.952411975603118133e-02
7.964276884156742398e-01 3.572953868665551092e+00 1.193654930080415705e-01
7.964276884156742398e-01 3.572953868665551092e+00 1.492068662600519457e-01
7.964276884156742398e-01 3.572953868665551092e+00 1.790482395120623627e-01
7.964276884156742398e-01 3.572953868665551092e+00 2.088896127640727240e-01
2.662977223142194205e+00 1.294227480094910909e+01 0.000000000000000000e+00
2.662977223142194205e+00 1.294227480094910909e+01 9.977917447278998597e-02
2.410780023869635649e-02 1.171657695094504570e-01 1.806591799034406101e-03
7.964276884156742398e-01 3.870700024387680571e+00 8.952411975603118133e-02
7.964276884156742398e-01 3.870700024387680571e+00 1.193654930080415705e-01
7.964276884156742398e-01 3.870700024387680571e+00 1.492068662600519457e-01
7.964276884156742398e-01 3.870700024387680571e+00 1.790482395120623627e-01
7.964276884156742398e-01 3.870700024387680571e+00 2.088896127640727240e-01
2.662977223142194205e+00 1.393783440102211557e+01 0.000000000000000000e+00
2.662977223142194205e+00 1.393783440102211557e+01 9.977917447278998597e-02
2.410780023869635649e-02 1.261785210101774024e-01 1.806591799034406101e-03
7.964276884156742398e-01 4.168446180109809163e+00 8.952411975603118133e-02
7.964276884156742398e-01 4.168446180109809163e+00 1.193654930080415705e-01
7.964276884156742398e-01 4.168446180109809163e+00 1.492068662600519457e-01
7.964276884156742398e-01 4.168446180109809163e+00 1.790482395120623627e-01
7.964276884156742398e-01 4.168446180109809163e+00 2.088896127640727240e-01
3.195572667770632425e+00 0.000000000000000000e+00 0.000000000000000000e+00
3.195572667770632425e+00 0.000000000000000000e+00 9.977917447278998597e-02
2.892936028643562293e-02 0.000000000000000000e+00 1.806591799034406101e-03
9.557132260988089323e-01 0.000000000000000000e+00 8.952411975603118133e-02
9.557132260988089323e-01 0.000000000000000000e+00 1.193654930080415705e-01
9.557132260988089323e-01 0.000000000000000000e+00 1.492068662600519457e-01
9.557132260988089323e-01 0.000000000000000000e+00 1.790482395120623627e-01
9.557132260988089323e-01 0.000000000000000000e+00 2.088896127640727240e-01
3.195572667770632425e+00 9.955596000730082551e-01 0.000000000000000000e+00
3.195572667770632425e+00 9.955596000730082551e-01 9.977917447278998597e-02
2.892936028643562293e-02 9.012751500726957563e-03 1.806591799034406101e-03
9.557132260988089323e-01 2.977461557221292576e-01 8.952411975603118133e-02
9.557132260988089323e-01 2.977461557221292576e-01 1.193654930080415705e-01
9.557132260988089323e-01 2.977461557221292576e-01 1.492068662600519457e-01
9.557132260988089323e-01 2.977461557221292576e-01 1.790482395120623627e-01
9.557132260988089323e-01 2.977461557221292576e-01 2.088896127640727240e-01
3.195572667770632425e+00 1.991119200146016510e+00 0.000000000000000000e+00
3.195572667770632425e+00 1.991119200146016510e+00 9.977917447278998597e-02
2.892936028643562293e-02 1.802550300145391513e-02 1.806591799034406101e-03
9.557132260988089323e-01 5.954923114442585153e-01 8.952411975603118133e-02
9.557132260988089323e-01 5.954923114442585153e-01 1.193654930080415705e-01
9.557132260988089323e-01 5.954923114442585153e-01 1.492068662600519457e-01
9.557132260988089323e-01 5.954923114442585153e-01 1.790482395120623627e-01
9.557132260988089323e-01 5.954923114442585153e-01 2.088896127640727240e-01
3.195572667770632425e+00 2.986678800219024765e+00 0.000000000000000000e+00
3.195572667770632425e+00 2.986678800219024765e+00 9.977917447278998597e-02
2.892936028643562293e-02 2.703825450218087442e-02 1.806591799034406101e-03
9.557132260988089323e-01 8.932384671663877729e-01 8.952411975603118133e-02
9.557132260988089323e-01 8.932384671663877729e-01 1.193654930080415705e-01
9.557132260988089323e-01 8.932384671663877729e-01 1.492068662600519457e-01
9.557132260988089323e-01 8.932384671663877729e-01 1.790482395120623627e-01
9.557132260988089323e-01 8.932384671663877729e-01 2.088896127640727240e-01
3.195572667770632425e+00 3.982238400292033020e+00 0.000000000000000000e+00
3.195572667770632425e+00 3.982238400292033020e+00 9.977917447278998597e-02
2.892936028643562293e-02 3.605100600290783025e-02 1.806591799034406101e-03
9.557132260988089323e-01 1.190984622888517031e+00 8.952411975603118133e-02
9.557132260988089323e-01 1.190984622888517031e+00 1.193654930080415705e-01
9.557132260988089323e-01 1.190984622888517031e+00 1.492068662600519457e-01
9.557132260988089323e-01 1.190984622888517031e+00 1.790482395120623627e-01
9.557132260988089323e-01 1.190984622888517031e+00 2.088896127640727240e-01
3.195572667770632425e+00 4.977798000365041275e+00 0.000000000000000000e+00
3.195572667770632425e+00 4.977798000365041275e+00 9.977917447278998597e-02
2.892936028643562293e-02 4.506375750363478955e-02 1.806591799034406101e-03
9.557132260988089323e-01 1.488730778610646288e+00 8.952411975603118133e-02
9.557132260988089323e-01 1.488730778610646288e+00 1.193654930080415705e-01
9.557132260988089323e-01 1.488730778610646288e+00 1.492068662600519457e-01
9.557132260988089323e-01 1.488730778610646288e+00 1.790482395120623627e-01
9.557132260988089323e-01 1.488730778610646288e+00 2.088896127640727240e-01
3.195572667770632425e+00 5.973357600438049531e+00 0.000000000000000000e+00
3.195572667770632425e+00 5.973357600438049531e+00 9.977917447278998597e-02
2.892936028643562293e-02 5.407650900436174884e-02 1.806591799034406101e-03
9.557132260988089323e-01 1.786476934332775546e+00 8.952411975603118133e-02
9.557132260988089323e-01 1.786476934332775546e+00 1.193654930080415705e-01
9.557132260988089323e-01 1.786476934332775546e+00 1.492068662600519457e-01
9.557132260988089323e-01 1.786476934332775546e+00 1.790482395120623627e-01
9.557132260988089323e-01 1.786476934332775546e+00 2.088896127640727240e-01
3.195572667770632425e+00 6.968917200511057786e+00 0.000000000000000000e+00
3.195572667770632425e+00 6.968917200511057786e+00 9.977917447278998597e-02
2.892936028643562293e-02 6.308926050508870120e-02 1.806591799034406101e-03
9.557132260988089323e-01 2.084223090054904581e+00 8.952411975603118133e-02
9.557132260988089323e-01 2.084223090054904581e+00 1.193654930080415705e-01
9.557132260988089323e-01 2.084223090054904581e+00 1.492068662600519457e-01
9.557132260988089323e-01 2.084223090054904581e+00 1.790482395120623627e-01
9.557132260988089323e-01 2.084223090054904581e+00 2.088896127640727240e-01
3.195572667770632425e+00 7.964476800584066041e+00 0.000000000000000000e+00
3.195572667770632425e+00 7.964476800584066041e+00 9.977917447278998597e-02
2.892936028643562293e-02 7.210201200581566050e-02 1.806591799034406101e-03
9.557132260988089323e-01 2.381969245777034061e+00 8.952411975603118133e-02
9.557132260988089323e-01 2.381969245777034061e+00 1.193654930080415705e-01
9.557132260988089323e-01 2.381969245777034061e+00 1.492068662600519457e-01
9.557132260988089323e-01 2.381969245777034061e+00 1.790482395120623627e-01
9.557132260988089323e-01 2.381969245777034061e+00 2.088896127640727240e-01
3.195572667770632425e+00 8.960036400657074296e+00 0.000000000000000000e+00
3.195572667770632425e+00 8.960036400657074296e+00 9.977917447278998597e-02
2.892936028643562293e-02 8.111476350654261980e-02 1.806591799034406101e-03
9.557132260988089323e-01 2.679715401499163541e+00 8.952411975603118133e-02
9.557132260988089323e-01 2.679715401499163541e+00 1.193654930080415705e-01
9.557132260988089323e-01 2.679715401499163541e+00 1.492068662600519457e-01
9.557132260988089323e-01 2.679715401499163541e+00 1.790482395120623627e-01
9.557132260988089323e-01 2.679715401499163541e+00 2.088896127640727240e-01
3.195572667770632425e+00 9.955596000730082551e+00 0.000000000000000000e+00
3.195572667770632425e+00 9.955596000730082551e+00 9.977917447278998597e-02
2.892936028643562293e-02 9.012751500726957909e-02 1.806591799034406101e-03
9.557132260988089323e-01 2.977461557221292576e+00 8.952411975603118133e-02
9.557132260988089323e-01 2.977461557221292576e+00 1.193654930080415705e-01
9.557132260988089323e-01 2.977461557221292576e+00 1.492068662600519457e-01
9.557132260988089323e-01 2.977461557221292576e+00 1.790482395120623627e-01
9.557132260988089323e-01 2.977461557221292576e+00 2.088896127640727240e-01
3.195572667770632425e+00 1.095115560080309081e+01 0.000000000000000000e+00
3.195572667770632425e+00 1.095115560080309081e+01 9.977917447278998597e-02
2.892936028643562293e-02 9.914026650799653839e-02 1.806591799034406101e-03
9.557132260988089323e-01 3.275207712943421612e+00 8.952411975603118133e-02
9.557132260988089323e-01 3.275207712943421612e+00 1.193654930080415705e-01
9.557132260988089323e-01 3.275207712943421612e+00 1.492068662600519457e-01
9.557132260988089323e-01 3.275207712943421612e+00 1.790482395120623627e-01
9.557132260988089323e-01 3.275207712943421612e+00 2.088896127640727240e-01
3.195572667770632425e+00 1.194671520087609906e+01 0.000000000000000000e+00
3.195572667770632425e+00 1.194671520087609906e+01 9.977917447278998597e-02
2.892936028643562293e-02 1.081530180087234977e-01 1.806591799034406101e-03
9.557132260988089323e-01 3.572953868665551092e+00 8.952411975603118133e-02
9.557132260988089323e-01 3.572953868665551092e+00 1.193654930080415705e-01
9.557132260988089323e-01 3.572953868665551092e+00 1.492068662600519457e-01
9.557132260988089323e-01 3.572953868665551092e+00 1.790482395120623627e-01
9.557132260988089323e-01 3.572953868665551092e+00 2.088896127640727240e-01
3.195572667770632425e+00 1.294227480094910909e+01 0.000000000000000000e+00
3.195572667770632425e+00 1.294227480094910909e+01 9.977917447278998597e-02
2.892936028643562293e-02 1.171657695094504570e-01 1.806591799034406101e-03
9.557132260988089323e-01 3.870700024387680571e+00 8.952411975603118133e-02
9.557132260988089323e-01 3.870700024387680571e+00 1.193654930080415705e-01
9.557132260988089323e-01 3.870700024387680571e+00 1.492068662600519457e-01
9.557132260988089323e-01 3.870700024387680571e+00 1.790482395120623627e-01
9.557132260988089323e-01 3.870700024387680571e+00 2.088896127640727240e-01
3.195572667770632425e+00 1.393783440102211557e+01 0.000000000000000000e+00
3.195572667770632425e+00 1.393783440102211557e+01 9.977917447278998597e-02
2.892936028643562293e-02 1.261785210101774024e-01 1.806591799034406101e-03
9.557132260988089323e-01 4.168446180109809163e+00 8.952411975603118133e-02
9.557132260988089323e-01 4.168446180109809163e+00 1.193654930080415705e-01
9.557132260988089323e-01 4.168446180109809163e+00 1.492068662600519457e-01
9.557132260988089323e-01 4.168446180109809163e+00 1.790482395120623627e-01
9.557132260988089323e-01 4.168446180109809163e+00 2.088896127640727240e-01
3.728168112399071532e+00 0.000000000000000000e+00 0.000000000000000000e+00
3.728168112399071532e+00 0.000000000000000000e+00 9.977917447278998597e-02
3.375092033417489285e-02 0.000000000000000000e+00 1.806591799034406101e-03
1.114998763781943847e+00 0.000000000000000000e+00 8.952411975603118133e-02
1.114998763781943847e+00 0.000000000000000000e+00 1.193654930080415705e-01
1.114998763781943847e+00 0.000000000000000000e+00 1.492068662600519457e-01
1.114998763781943847e+00 0.000000000000000000e+00 1.790482395120623627e-01
1.114998763781943847e+00 0.000000000000000000e+00 2.088896127640727240e-01
3.728168112399071532e+00 9.955596000730082551e-01 0.000000000000000000e+00
3.728168112399071532e+00 9.955596000730082551e-01 9.977917447278998597e-02
3.375092033417489285e-02 9.012751500726957563e-03 1.806591799034406101e-03
1.114998763781943847e+00 2.977461557221292576e-01 8.952411975603118133e-02
1.114998763781943847e+00 2.977461557221292576e-01 1.193654930080415705e-01
1.114998763781943847e+00 2.977461557221292576e-01 1.492068662600519457e-01
1.114998763781943847e+00 2.977461557221292576e-01 1.790482395120623627e-01
1.114998763781943847e+00 2.977461557221292576e-01 2.088896127640727240e-01
3.728168112399071532e+00 1.991119200146016510e+00 0.000000000000000000e+00
3.728168112399071532e+00 1.991119200146016510e+00 9.977917447278998597e-02
3.375092033417489285e-02 1.802550300145391513e-02 1.806591799034406101e-03
1.114998763781943847e+00 5.954923114442585153e-01 8.952411975603118133e-02
1.114998763781943847e+00 5.954923114442585153e-01 1.193654930080415705e-01
1.114998763781943847e+00 5.954923114442585153e-01 1.492068662600519457e-01
1.114998763781943847e+00 5.954923114442585153e-01 1.790482395120623627e-01
1.114998763781943847e+00 5.954923114442585153e-01 2.088896127640727240e-01
3.728168112399071532e+00 2.986678800219024765e+00 0.000000000000000000e+00
3.728168112399071532e+00 2.986678800219024765e+00 9.977917447278998597e-02
3.375092033417489285e-02 2.703825450218087442e-02 1.806591799034406101e-03
1.114998763781943847e+00 8.932384671663877729e-01 8.952411975603118133e-02
1.114998763781943847e+00 8.932384671663877729e-01 1.193654930080415705e-01
1.114998763781943847e+00 8.932384671663877729e-01 1.492068662600519457e-01
1.114998763781943847e+00 8.932384671663877729e-01 1.790482395120623627e-01
1.114998763781943847e+00 8.932384671663877729e-01 2.088896127640727240e-01
3.728168112399071532e+00 3.982238400292033020e+00 0.000000000000000000e+00
3.728168112399071532e+00 3.982238400292033020e+00 9.977917447278998597e-02
3.375092033417489285e-02 3.605100600290783025e-02 1.806591799034406101e-03
1.114998763781943847e+00 1.190984622888517031e+00 8.952411975603118133e-02
1.114998763781943847e+00 1.190984622888517031e+00 1.193654930080415705e-01
1.114998763781943847e+00 1.190984622888517031e+00 1.492068662600519457e-01
1.114998763781943847e+00 1.190984622888517031e+00 1.790482395120623627e-01
1.114998763781943847e+00 1.190984622888517031e+00 2.088896127640727240e-01
3.728168112399071532e+00 4.977798000365041275e+00 0.000000000000000000e+00
3.728168112399071532e+00 4.977798000365041275e+00 9.977917447278998597e-02
3.375092033417489285e-02 4.506375750363478955e-02 1.806591799034406101e-03
1.114998763781943847e+00 1.488730778610646288e+00 8.952411975603118133e-02
1.114998763781943847e+00 1.488730778610646288e+00 1.193654930080415705e-01
1.114998763781943847e+00 1.488730778610646288e+00 1.492068662600519457e-01
1.114998763781943847e+00 1.488730778610646288e+00 1.790482395120623627e-01
1.114998763781943847e+00 1.488730778610646288e+00 2.088896127640727240e-01
3.728168112399071532e+00 5.973357600438049531e+00 0.000000000000000000e+00
3.728168112399071532e+00 5.973357600438049531e+00 9.977917447278998597e-02
3.375092033417489285e-02 5.407650900436174884e-02 1.806591799034406101e-03
1.114998763781943847e+00 1.786476934332775546e+00 8.952411975603118133e-02
1.114998763781943847e+00 1.786476934332775546e+00 1.193654930080415705e-01
1.114998763781943847e+00 1.786476934332775546e+00 1.492068662600519457e-01
1.114998763781943847e+00 1.786476934332775546e+00 1.790482395120623627e-01
1.114998763781943847e+00 1.786476934332775546e+00 2.088896127640727240e-01
3.728168112399071532e+00 6.968917200511057786e+00 0.000000000000000000e+00
3.728168112399071532e+00 6.968917200511057786e+00 9.977917447278998597e-02
3.375092033417489285e-02 6.308926050508870120e-02 1.806591799034406101e-03
1.114998763781943847e+00 2.084223090054904581e+00 8.952411975603118133e-02
1.114998763781943847e+00 2.084223090054904581e+00 1.193654930080415705e-01
1.114998763781943847e+00 2.084223090054904581e+00 1.492068662600519457e-01
1.114998763781943847e+00 2.084223090054904581e+00 1.790482395120623627e-01
1.114998763781943847e+00 2.084223090054904581e+00 2.088896127640727240e-01
3.728168112399071532e+00 7.964476800584066041e+00 0.000000000000000000e+00
3.728168112399071532e+00 7.964476800584066041e+00 9.977917447278998597e-02
3.375092033417489285e-02 7.210201200581566050e-02 1.806591799034406101e-03
1.114998763781943847e+00 2.381969245777034061e+00 8.952411975603118133e-02
1.114998763781943847e+00 2.381969245777034061e+00 1.193654930080415705e-01
1.114998763781943847e+00 2.381969245777034061e+00 1.492068662600519457e-01
1.114998763781943847e+00 2.381969245777034061e+00 1.790482395120623627e-01
1.114998763781943847e+00 2.381969245777034061e+00 2.088896127640727240e-01
3.728168112399071532e+00 8.960036400657074296e+00 0.000000000000000000e+00
3.728168112399071532e+00 8.960036400657074296e+00 9.977917447278998597e-02
3.375092033417489285e-02 8.111476350654261980e-02 1.806591799034406101e-03
1.114998763781943847e+00 2.679715401499163541e+00 8.952411975603118133e-02
1.114998763781943847e+00 2.679715401499163541e+00 1.193654930080415705e-01
1.114998763781943847e+00 2.679715401499163541e+00 1.492068662600519457e-01
1.114998763781943847e+00 2.679715401499163541e+00 1.790482395120623627e-01
1.114998763781943847e+00 2.679715401499163541e+00 2.088896127640727240e-01
3.728168112399071532e+00 9.955596000730082551e+00 0.000000000000000000e+00
3.728168112399071532e+00 9.955596000730082551e+00 9.977917447278998597e-02
3.375092033417489285e-02 9.012751500726957909e-02 1.806591799034406101e-03
1.114998763781943847e+00 2.977461557221292576e+00 8.952411975603118133e-02
1.114998763781943847e+00 2.977461557221292576e+00 1.193654930080415705e-01
1.114998763781943847e+00 2.977461557221292576e+00 1.492068662600519457e-01
1.114998763781943847e+00 2.977461557221292576e+00 1.790482395120623627e-01
1.114998763781943847e+00 2.977461557221292576e+00 2.088896127640727240e-01
3.728168112399071532e+00 1.095115560080309081e+01 0.000000000000000000e+00
3.728168112399071532e+00 1.095115560080309081e+01 9.977917447278998597e-02
3.375092033417489285e-02 9.914026650799653839e-02 1.806591799034406101e-03
1.114998763781943847e+00 3.275207712943421612e+00 8.952411975603118133e-02
1.114998763781943847e+00 3.275207712943421612e+00 1.193654930080415705e-01
1.114998763781943847e+00 3.275207712943421612e+00 1.492068662600519457e-01
1.114998763781943847e+00 3.275207712943421612e+00 1.790482395120623627e-01
1.114998763781943847e+00 3.275207712943421612e+00 2.088896127640727240e-01
3.728168112399071532e+00 1.194671520087609906e+01 0.000000000000000000e+00
3.728168112399071532e+00 1.194671520087609906e+01 9.977917447278998597e-02
3.375092033417489285e-02 1.081530180087234977e-01 1.806591799034406101e-03
1.114998763781943847e+00 3.572953868665551092e+00 8.952411975603118133e-02
1.114998763781943847e+00 3.572953868665551092e+00 1.193654930080415705e-01
1.114998763781943847e+00 3.572953868665551092e+00 1.492068662600519457e-01
1.114998763781943847e+00 3.572953868665551092e+00 1.790482395120623627e-01
1.114998763781943847e+00 3.572953868665551092e+00 2.088896127640727240e-01
3.728168112399071532e+00 1.294227480094910909e+01 0.000000000000000000e+00
3.728168112399071532e+00 1.294227480094910909e+01 9.977917447278998597e-02
3.375092033417489285e-02 1.171657695094504570e-01 1.806591799034406101e-03
1.114998763781943847e+00 3.870700024387680571e+00 8.952411975603118133e-02
1.114998763781943847e+00 3.870700024387680571e+00 1.193654930080415705e-01
1.114998763781943847e+00 3.870700024387680571e+00 1.492068662600519457e-01
1.114998763781943847e+00 3.870700024387680571e+00 1.790482395120623627e-01
1.114998763781943847e+00 3.870700024387680571e+00 2.088896127640727240e-01
3.728168112399071532e+00 1.393783440102211557e+01 0.000000000000000000e+00
3.728168112399071532e+00 1.393783440102211557e+01 9.977917447278998597e-02
3.375092033417489285e-02 1.261785210101774024e-01 1.806591799034406101e-03
1.114998763781943847e+00 4.168446180109809163e+00 8.952411975603118133e-02
1.114998763781943847e+00 4.168446180109809163e+00 1.193654930080415705e-01
1.114998763781943847e+00 4.168446180109809163e+00 1.492068662600519457e-01
1.114998763781943847e+00 4.168446180109809163e+00 1.790482395120623627e-01
1.114998763781943847e+00 4.168446180109809163e+00 2.088896127640727240e-01
4.260763557027510195e+00 0.000000000000000000e+00 0.000000000000000000e+00
4.260763557027510195e+00 0.000000000000000000e+00 9.977917447278998597e-02
3.857248038191416623e-02 0.000000000000000000e+00 1.806591799034406101e-03
1.274284301465078650e+00 0.000000000000000000e+00 8.952411975603118133e-02
1.274284301465078650e+00 0.000000000000000000e+00 1.193654930080415705e-01
1.274284301465078650e+00 0.000000000000000000e+00 1.492068662600519457e-01
1.274284301465078650e+00 0.000000000000000000e+00 1.790482395120623627e-01
1.274284301465078650e+00 0.000000000000000000e+00 2.088896127640727240e-01
4.260763557027510195e+00 9.955596000730082551e-01 0.000000000000000000e+00
4.260763557027510195e+00 9.955596000730082551e-01 9.977917447278998597e-02
3.857248038191416623e-02 9.012751500726957563e-03 1.806591799034406101e-03
1.274284301465078650e+00 2.977461557221292576e-01 8.952411975603118133e-02
1.274284301465078650e+00 2.977461557221292576e-01 1.193654930080415705e-01
1.274284301465078650e+00 2.977461557221292576e-01 1.492068662600519457e-01
1.274284301465078650e+00 2.977461557221292576e-01 1.790482395120623627e-01
1.274284301465078650e+00 2.977461557221292576e-01 2.088896127640727240e-01
4.260763557027510195e+00 1.991119200146016510e+00 0.000000000000000000e+00
4.260763557027510195e+00 1.991119200146016510e+00 9.977917447278998597e-02
3.857248038191416623e-02 1.802550300145391513e-02 1.806591799034406101e-03
1.274284301465078650e+00 5.954923114442585153e-01 8.952411975603118133e-02
1.274284301465078650e+00 5.954923114442585153e-01 1.193654930080415705e-01
1.274284301465078650e+00 5.954923114442585153e-01 1.492068662600519457e-01
1.274284301465078650e+00 5.954923114442585153e-01 1.790482395120623627e-01
1.274284301465078650e+00 5.954923114442585153e-01 2.088896127640727240e-01
4.260763557027510195e+00 2.986678800219024765e+00 0.000000000000000000e+00
4.260763557027510195e+00 2.986678800219024765e+00 9.977917447278998597e-02
3.857248038191416623e-02 2.703825450218087442e-02 1.806591799034406101e-03
1.274284301465078650e+00 8.932384671663877729e-01 8.952411975603118133e-02
1.274284301465078650e+00 8.932384671663877729e-01 1.193654930080415705e-01
1.274284301465078650e+00 8.932384671663877729e-01 1.492068662600519457e-01
1.274284301465078650e+00 8.932384671663877729e-01 1.790482395120623627e-01
1.274284301465078650e+00 8.932384671663877729e-01 2.088896127640727240e-01
4.260763557027510195e+00 3.982238400292033020e+00 0.000000000000000000e+00
4.260763557027510195e+00 3.982238400292033020e+00 9.977917447278998597e-02
3.857248038191416623e-02 3.605100600290783025e-02 1.806591799034406101e-03
1.274284301465078650e+00 1.190984622888517031e+00 8.952411975603118133e-02
1.274284301465078650e+00 1.190984622888517031e+00 1.193654930080415705e-01
1.274284301465078650e+00 1.190984622888517031e+00 1.492068662600519457e-01
1.274284301465078650e+00 1.190984622888517031e+00 1.790482395120623627e-01
1.274284301465078650e+00 1.190984622888517031e+00 2.088896127640727240e-01
4.260763557027510195e+00 4.977798000365041275e+00 0.000000000000000000e+00
4.260763557027510195e+00 4.977798000365041275e+00 9.977917447278998597e-02
3.857248038191416623e-02 4.506375750363478955e-02 1.806591799034406101e-03
1.274284301465078650e+00 1.488730778610646288e+00 8.952411975603118133e-02
1.274284301465078650e+00 1.488730778610646288e+00 1.193654930080415705e-01
1.274284301465078650e+00 1.488730778610646288e+00 1.492068662600519457e-01
1.274284301465078650e+00 1.488730778610646288e+00 1.790482395120623627e-01
1.274284301465078650e+00 1.488730778610646288e+00 2.088896127640727240e-01
4.260763557027510195e+00 5.973357600438049531e+00 0.000000000000000000e+00
4.260763557027510195e+00 5.973357600438049531e+00 9.977917447278998597e-02
3.857248038191416623e-02 5.407650900436174884e-02 1.806591799034406101e-03
1.274284301465078650e+00 1.786476934332775546e+00 8.952411975603118133e-02
1.274284301465078650e+00 1.786476934332775546e+00 1.193654930080415705e-01
1.274284301465078650e+00 1.786476934332775546e+00 1.492068662600519457e-01
1.274284301465078650e+00 1.786476934332775546e+00 1.790482395120623627e-01
1.274284301465078650e+00 1.786476934332775546e+00 2.088896127640727240e-01
4.260763557027510195e+00 6.968917200511057786e+00 0.000000000000000000e+00
4.260763557027510195e+00 6.968917200511057786e+00 9.977917447278998597e-02
3.857248038191416623e-02 6.308926050508870120e-02 1.806591799034406101e-03
1.274284301465078650e+00 2.084223090054904581e+00 8.952411975603118133e-02
1.274284301465078650e+00 2.084223090054904581e+00 1.193654930080415705e-01
1.274284301465078650e+00 2.084223090054904581e+00 1.492068662600519457e-01
1.274284301465078650e+00 2.084223090054904581e+00 1.790482395120623627e-01
1.274284301465078650e+00 2.084223090054904581e+00 2.088896127640727240e-01
4.260763557027510195e+00 7.964476800584066041e+00 0.000000000000000000e+00
4.260763557027510195e+00 7.964476800584066041e+00 9.977917447278998597e-02
3.857248038191416623e-02 7.210201200581566050e-02 1.806591799034406101e-03
1.274284301465078650e+00 2.381969245777034061e+00 8.952411975603118133e-02
1.274284301465078650e+00 2.381969245777034061e+00 1.193654930080415705e-01
1.274284301465078650e+00 2.381969245777034061e+00 1.492068662600519457e-01
1.274284301465078650e+00 2.381969245777034061e+00 1.790482395120623627e-01
1.274284301465078650e+00 2.381969245777034061e+00 2.088896127640727240e-01
4.260763557027510195e+00 8.960036400657074296e+00 0.000000000000000000e+00
4.260763557027510195e+00 8.960036400657074296e+00 9.977917447278998597e-02
3.857248038191416623e-02 8.111476350654261980e-02 1.806591799034406101e-03
1.274284301465078650e+00 2.679715401499163541e+00 8.952411975603118133e-02
1.274284301465078650e+00 2.679715401499163541e+00 1.193654930080415705e-01
1.274284301465078650e+00 2.679715401499163541e+00 1.492068662600519457e-01
1.274284301465078650e+00 2.679715401499163541e+00 1.790482395120623627e-01
1.274284301465078650e+00 2.679715401499163541e+00 2.088896127640727240e-01
4.260763557027510195e+00 9.955596000730082551e+00 0.000000000000000000e+00
4.260763557027510195e+00 9.955596000730082551e+00 9.977917447278998597e-02
3.857248038191416623e-02 9.012751500726957909e-02 1.806591799034406101e-03
1.274284301465078650e+00 2.977461557221292576e+00 8.952411975603118133e-02
1.274284301465078650e+00 2.977461557221292576e+00 1.193654930080415705e-01
1.274284301465078650e+00 2.977461557221292576e+00 1.492068662600519457e-01
1.274284301465078650e+00 2.977461557221292576e+00 1.790482395120623627e-01
1.274284301465078650e+00 2.977461557221292576e+00 2.088896127640727240e-01
4.260763557027510195e+00 1.095115560080309081e+01 0.000000000000000000e+00
4.260763557027510195e+00 1.095115560080309081e+01 9.977917447278998597e-02
3.857248038191416623e-02 9.914026650799653839e-02 1.806591799034406101e-03
1.274284301465078650e+00 3.275207712943421612e+00 8.952411975603118133e-02
1.274284301465078650e+00 3.275207712943421612e+00 1.193654930080415705e-01
1.274284301465078650e+00 3.275207712943421612e+00 1.492068662600519457e-01
1.274284301465078650e+00 3.275207712943421612e+00 1.790482395120623627e-01
1.274284301465078650e+00 3.275207712943421612e+00 2.088896127640727240e-01
4.260763557027510195e+00 1.194671520087609906e+01 0.000000000000000000e+00
4.260763557027510195e+00 1.194671520087609906e+01 9.977917447278998597e-02
3.857248038191416623e-02 1.081530180087234977e-01 1.806591799034406101e-03
1.274284301465078650e+00 3.572953868665551092e+00 8.952411975603118133e-02
1.274284301465078650e+00 3.572953868665551092e+00 1.193654930080415705e-01
1.274284301465078650e+00 3.572953868665551092e+00 1.492068662600519457e-01
1.274284301465078650e+00 3.572953868665551092e+00 1.790482395120623627e-01
1.274284301465078650e+00 3.572953868665551092e+00 2.088896127640727240e-01
4.260763557027510195e+00 1.294227480094910909e+01 0.000000000000000000e+00
4.260763557027510195e+00 1.294227480094910909e+01 9.977917447278998597e-02
3.857248038191416623e-02 1.171657695094504570e-01 1.806591799034406101e-03
1.274284301465078650e+00 3.870700024387680571e+00 8.952411975603118133e-02
1.274284301465078650e+00 3.870700024387680571e+00 1.193654930080415705e-01
1.274284301465078650e+00 3.870700024387680571e+00 1.492068662600519457e-01
1.274284301465078650e+00 3.870700024387680571e+00 1.790482395120623627e-01
1.274284301465078650e+00 3.870700024387680571e+00 2.088896127640727240e-01
4.260763557027510195e+00 1.393783440102211557e+01 0.000000000000000000e+00
4.260763557027510195e+00 1.393783440102211557e+01 9.977917447278998597e-02
3.857248038191416623e-02 1.261785210101774024e-01 1.806591799034406101e-03
1.274284301465078650e+00 4.168446180109809163e+00 8.952411975603118133e-02
1.274284301465078650e+00 4.168446180109809163e+00 1.193654930080415705e-01
1.274284301465078650e+00 4.168446180109809163e+00 1.492068662600519457e-01
1.274284301465078650e+00 4.168446180109809163e+00 1.790482395120623627e-01
1.274284301465078650e+00 4.168446180109809163e+00 2.088896127640727240e-01
4.793359001655949747e+00 0.000000000000000000e+00 0.000000000000000000e+00
4.793359001655949747e+00 0.000000000000000000e+00 9.977917447278998597e-02
4.339404042965343961e-02 0.000000000000000000e+00 1.806591799034406101e-03
1.433569839148213676e+00 0.000000000000000000e+00 8.952411975603118133e-02
1.433569839148213676e+00 0.000000000000000000e+00 1.193654930080415705e-01
1.433569839148213676e+00 0.000000000000000000e+00 1.492068662600519457e-01
1.433569839148213676e+00 0.000000000000000000e+00 1.790482395120623627e-01
1.433569839148213676e+00 0.000000000000000000e+00 2.088896127640727240e-01
4.793359001655949747e+00 9.955596000730082551e-01 0.000000000000000000e+00
4.793359001655949747e+00 9.955596000730082551e-01 9.977917447278998597e-02
4.339404042965343961e-02 9.012751500726957563e-03 1.806591799034406101e-03
1.433569839148213676e+00 2.977461557221292576e-01 8.952411975603118133e-02
1.433569839148213676e+00 2.977461557221292576e-01 1.193654930080415705e-01
1.433569839148213676e+00 2.977461557221292576e-01 1.492068662600519457e-01
1.433569839148213676e+00 2.977461557221292576e-01 1.790482395120623627e-01
1.433569839148213676e+00 2.977461557221292576e-01 2.088896127640727240e-01
4.793359001655949747e+00 1.991119200146016510e+00 0.000000000000000000e+00
4.793359001655949747e+00 1.991119200146016510e+00 9.977917447278998597e-02
4.339404042965343961e-02 1.802550300145391513e-02 1.806591799034406101e-03
1.433569839148213676e+00 5.954923114442585153e-01 8.952411975603118133e-02
1.433569839148213676e+00 5.954923114442585153e-01 1.193654930080415705e-01
1.433569839148213676e+00 5.954923114442585153e-01 1.492068662600519457e-01
1.433569839148213676e+00 5.954923114442585153e-01 1.790482395120623627e-01
1.433569839148213676e+00 5.954923114442585153e-01 2.088896127640727240e-01
4.793359001655949747e+00 2.986678800219024765e+00 0.000000000000000000e+00
4.793359001655949747e+00 2.986678800219024765e+00 9.977917447278998597e-02
4.339404042965343961e-02 2.703825450218087442e-02 1.806591799034406101e-03
1.433569839148213676e+00 8.932384671663877729e-01 8.952411975603118133e-02
1.433569839148213676e+00 8.932384671663877729e-01 1.193654930080415705e-01
1.433569839148213676e+00 8.932384671663877729e-01 1.492068662600519457e-01
1.433569839148213676e+00 8.932384671663877729e-01 1.790482395120623627e-01
1.433569839148213676e+00 8.932384671663877729e-01 2.088896127640727240e-01
4.793359001655949747e+00 3.982238400292033020e+00 0.000000000000000000e+00
4.793359001655949747e+00 3.982238400292033020e+00 9.977917447278998597e-02
4.339404042965343961e-02 3.605100600290783025e-02 1.806591799034406101e-03
1.433569839148213676e+00 1.190984622888517031e+00 8.952411975603118133e-02
1.433569839148213676e+00 1.190984622888517031e+00 1.193654930080415705e-01
1.433569839148213676e+00 1.190984622888517031e+00 1.492068662600519457e-01
1.433569839148213676e+00 1.190984622888517031e+00 1.790482395120623627e-01
1.433569839148213676e+00 1.190984622888517031e+00 2.088896127640727240e-01
4.793359001655949747e+00 4.977798000365041275e+00 0.000000000000000000e+00
4.793359001655949747e+00 4.977798000365041275e+00 9.977917447278998597e-02
4.339404042965343961e-02 4.506375750363478955e-02 1.806591799034406101e-03
1.433569839148213676e+00 1.488730778610646288e+00 8.952411975603118133e-02
1.433569839148213676e+00 1.488730778610646288e+00 1.193654930080415705e-01
1.433569839148213676e+00 1.488730778610646288e+00 1.492068662600519457e-01
1.433569839148213676e+00 1.488730778610646288e+00 1.790482395120623627e-01
1.433569839148213676e+00 1.488730778610646288e+00 2.088896127640727240e-01
4.793359001655949747e+00 5.973357600438049531e+00 0.000000000000000000e+00
4.793359001655949747e+00 5.973357600438049531e+00 9.977917447278998597e-02
4.339404042965343961e-02 5.407650900436174884e-02 1.806591799034406101e-03
1.433569839148213676e+00 1.786476934332775546e+00 8.952411975603118133e-02
1.433569839148213676e+00 1.786476934332775546e+00 1.193654930080415705e-01
1.433569839148213676e+00 1.786476934332775546e+00 1.492068662600519457e-01
1.433569839148213676e+00 1.786476934332775546e+00 1.790482395120623627e-01
1.433569839148213676e+00 1.786476934332775546e+00 2.088896127640727240e-01
4.793359001655949747e+00 6.968917200511057786e+00 0.000000000000000000e+00
4.793359001655949747e+00 6.968917200511057786e+00 9.977917447278998597e-02
4.339404042965343961e-02 6.308926050508870120e-02 1.806591799034406101e-03
1.433569839148213676e+00 2.084223090054904581e+00 8.952411975603118133e-02
1.433569839148213676e+00 2.084223090054904581e+00 1.193654930080415705e-01
1.433569839148213676e+00 2.084223090054904581e+00 1.492068662600519457e-01
1.433569839148213676e+00 2.084223090054904581e+00 1.790482395120623627e-01
1.433569839148213676e+00 2.084223090054904581e+00 2.088896127640727240e-01
4.793359001655949747e+00 7.964476800584066041e+00 0.000000000000000000e+00
4.793359001655949747e+00 7.964476800584066041e+00 9.977917447278998597e-02
4.339404042965343961e-02 7.210201200581566050e-02 1.806591799034406101e-03
1.433569839148213676e+00 2.381969245777034061e+00 8.952411975603118133e-02
1.433569839148213676e+00 2.381969245777034061e+00 1.193654930080415705e-01
1.433569839148213676e+00 2.381969245777034061e+00 1.492068662600519457e-01
1.433569839148213676e+00 2.381969245777034061e+00 1.790482395120623627e-01
1.433569839148213676e+00 2.381969245777034061e+00 2.088896127640727240e-01
4.793359001655949747e+00 8.960036400657074296e+00 0.000000000000000000e+00
4.793359001655949747e+00 8.960036400657074296e+00 9.977917447278998597e-02
4.339404042965343961e-02 8.111476350654261980e-02 1.806591799034406101e-03
1.433569839148213676e+00 2.679715401499163541e+00 8.952411975603118133e-02
1.433569839148213676e+00 2.679715401499163541e+00 1.193654930080415705e-01
1.433569839148213676e+00 2.679715401499163541e+00 1.492068662600519457e-01
1.433569839148213676e+00 2.679715401499163541e+00 1.790482395120623627e-01
1.433569839148213676e+00 2.679715401499163541e+00 2.088896127640727240e-01
4.793359001655949747e+00 9.955596000730082551e+00 0.000000000000000000e+00
4.793359001655949747e+00 9.955596000730082551e+00 9.977917447278998597e-02
4.339404042965343961e-02 9.012751500726957909e-02 1.806591799034406101e-03
1.433569839148213676e+00 2.977461557221292576e+00 8.952411975603118133e-02
1.433569839148213676e+00 2.977461557221292576e+00 1.193654930080415705e-01
1.433569839148213676e+00 2.977461557221292576e+00 1.492068662600519457e-01
1.433569839148213676e+00 2.977461557221292576e+00 1.790482395120623627e-01
1.433569839148213676e+00 2.977461557221292576e+00 2.088896127640727240e-01
4.793359001655949747e+00 1.095115560080309081e+01 0.000000000000000000e+00
4.793359001655949747e+00 1.095115560080309081e+01 9.977917447278998597e-02
4.339404042965343961e-02 9.914026650799653839e-02 1.806591799034406101e-03
1.433569839148213676e+00 3.275207712943421612e+00 8.952411975603118133e-02
1.433569839148213676e+00 3.275207712943421612e+00 1.193654930080415705e-01
1.433569839148213676e+00 3.275207712943421612e+00 1.492068662600519457e-01
1.433569839148213676e+00 3.275207712943421612e+00 1.790482395120623627e-01
1.433569839148213676e+00 3.275207712943421612e+00 2.088896127640727240e-01
4.793359001655949747e+00 1.194671520087609906e+01 0.000000000000000000e+00
4.793359001655949747e+00 1.194671520087609906e+01 9.977917447278998597e-02
4.339404042965343961e-02 1.081530180087234977e-01 1.806591799034406101e-03
1.433569839148213676e+00 3.572953868665551092e+00 8.952411975603118133e-02
1.433569839148213676e+00 3.572953868665551092e+00 1.193654930080415705e-01
1.433569839148213676e+00 3.572953868665551092e+00 1.492068662600519457e-01
1.433569839148213676e+00 3.572953868665551092e+00 1.790482395120623627e-01
1.433569839148213676e+00 3.572953868665551092e+00 2.088896127640727240e-01
4.793359001655949747e+00 1.294227480094910909e+01 0.000000000000000000e+00
4.793359001655949747e+00 1.294227480094910909e+01 9.977917447278998597e-02
4.339404042965343961e-02 1.171657695094504570e-01 1.806591799034406101e-03
1.433569839148213676e+00 3.870700024387680571e+00 8.952411975603118133e-02
1.433569839148213676e+00 3.870700024387680571e+00 1.193654930080415705e-01
1.433569839148213676e+00 3.870700024387680571e+00 1.492068662600519457e-01
1.433569839148213676e+00 3.870700024387680571e+00 1.790482395120623627e-01
1.433569839148213676e+00 3.870700024387680571e+00 2.088896127640727240e-01
4.793359001655949747e+00 1.393783440102211557e+01 0.000000000000000000e+00
4.793359001655949747e+00 1.393783440102211557e+01 9.977917447278998597e-02
4.339404042965343961e-02 1.261785210101774024e-01 1.806591799034406101e-03
1.433569839148213676e+00 4.168446180109809163e+00 8.952411975603118133e-02
1.433569839148213676e+00 4.168446180109809163e+00 1.193654930080415705e-01
1.433569839148213676e+00 4.168446180109809163e+00 1.492068662600519457e-01
1.433569839148213676e+00 4.168446180109809163e+00 1.790482395120623627e-01
1.433569839148213676e+00 4.168446180109809163e+00 2.088896127640727240e-01
5.325954446284388411e+00 0.000000000000000000e+00 0.000000000000000000e+00
5.325954446284388411e+00 0.000000000000000000e+00 9.977917447278998597e-02
4.821560047739271299e-02 0.000000000000000000e+00 1.806591799034406101e-03
1.592855376831348480e+00 0.000000000000000000e+00 8.952411975603118133e-02
1.592855376831348480e+00 0.000000000000000000e+00 1.193654930080415705e-01
1.592855376831348480e+00 0.000000000000000000e+00 1.492068662600519457e-01
1.592855376831348480e+00 0.000000000000000000e+00 1.790482395120623627e-01
1.592855376831348480e+00 0.000000000000000000e+00 2.088896127640727240e-01
5.325954446284388411e+00 9.955596000730082551e-01 0.000000000000000000e+00
5.325954446284388411e+00 9.955596000730082551e-01 9.977917447278998597e-02
4.821560047739271299e-02 9.012751500726957563e-03 1.806591799034406101e-03
1.592855376831348480e+00 2.977461557221292576e-01 8.952411975603118133e-02
1.592855376831348480e+00 2.977461557221292576e-01 1.193654930080415705e-01
1.592855376831348480e+00 2.977461557221292576e-01 1.492068662600519457e-01
1.592855376831348480e+00 2.977461557221292576e-01 1.790482395120623627e-01
1.592855376831348480e+00 2.977461557221292576e-01 2.088896127640727240e-01
5.325954446284388411e+00 1.991119200146016510e+00 0.000000000000000000e+00
5.325954446284388411e+00 1.991119200146016510e+00 9.977917447278998597e-02
4.821560047739271299e-02 1.802550300145391513e-02 1.806591799034406101e-03
1.592855376831348480e+00 5.954923114442585153e-01 8.952411975603118133e-02
1.592855376831348480e+00 5.954923114442585153e-01 1.193654930080415705e-01
1.592855376831348480e+00 5.954923114442585153e-01 1.492068662600519457e-01
1.592855376831348480e+00 5.954923114442585153e-01 1.790482395120623627e-01
1.592855376831348480e+00 5.954923114442585153e-01 2.088896127640727240e-01
5.325954446284388411e+00 2.986678800219024765e+00 0.000000000000000000e+00
5.325954446284388411e+00 2.986678800219024765e+00 9.977917447278998597e-02
4.821560047739271299e-02 2.703825450218087442e-02 1.806591799034406101e-03
1.592855376831348480e+00 8.932384671663877729e-01 8.952411975603118133e-02
1.592855376831348480e+00 8.932384671663877729e-01 1.193654930080415705e-01
1.592855376831348480e+00 8.932384671663877729e-01 1.492068662600519457e-01
1.592855376831348480e+00 8.932384671663877729e-01 1.790482395120623627e-01
1.592855376831348480e+00 8.932384671663877729e-01 2.088896127640727240e-01
5.325954446284388411e+00 3.982238400292033020e+00 0.000000000000000000e+00
5.325954446284388411e+00 3.982238400292033020e+00 9.977917447278998597e-02
4.821560047739271299e-02 3.605100600290783025e-02 1.806591799034406101e-03
1.592855376831348480e+00 1.190984622888517031e+00 8.952411975603118133e-02
1.592855376831348480e+00 1.190984622888517031e+00 1.193654930080415705e-01
1.592855376831348480e+00 1.190984622888517031e+00 1.492068662600519457e-01
1.592855376831348480e+00 1.190984622888517031e+00 1.790482395120623627e-01
1.592855376831348480e+00 1.190984622888517031e+00 2.088896127640727240e-01
5.325954446284388411e+00 4.977798000365041275e+00 0.000000000000000000e+00
5.325954446284388411e+00 4.977798000365041275e+00 9.977917447278998597e-02
4.821560047739271299e-02 4.506375750363478955e-02 1.806591799034406101e-03
1.592855376831348480e+00 1.488730778610646288e+00 8.952411975603118133e-02
1.592855376831348480e+00 1.488730778610646288e+00 1.193654930080415705e-01
1.592855376831348480e+00 1.488730778610646288e+00 1.492068662600519457e-01
1.592855376831348480e+00 1.488730778610646288e+00 1.790482395120623627e-01
1.592855376831348480e+00 1.488730778610646288e+00 2.088896127640727240e-01
5.325954446284388411e+00 5.973357600438049531e+00 0.000000000000000000e+00
5.325954446284388411e+00 5.973357600438049531e+00 9.977917447278998597e-02
4.821560047739271299e-02 5.407650900436174884e-02 1.806591799034406101e-03
1.592855376831348480e+00 1.786476934332775546e+00 8.952411975603118133e-02
1.592855376831348480e+00 1.786476934332775546e+00 1.193654930080415705e-01
1.592855376831348480e+00 1.786476934332775546e+00 1.492068662600519457e-01
1.592855376831348480e+00 1.786476934332775546e+00 1.790482395120623627e-01
1.592855376831348480e+00 1.786476934332775546e+00 2.088896127640727240e-01
5.325954446284388411e+00 6.968917200511057786e+00 0.000000000000000000e+00
5.325954446284388411e+00 6.968917200511057786e+00 9.977917447278998597e-02
4.821560047739271299e-02 6.308926050508870120e-02 1.806591799034406101e-03
1.592855376831348480e+00 2.084223090054904581e+00 8.952411975603118133e-02
1.592855376831348480e+00 2.084223090054904581e+00 1.193654930080415705e-01
1.592855376831348480e+00 2.084223090054904581e+00 1.492068662600519457e-01
1.592855376831348480e+00 2.084223090054904581e+00 1.790482395120623627e-01
1.592855376831348480e+00 2.084223090054904581e+00 2.088896127640727240e-01
5.325954446284388411e+00 7.964476800584066041e+00 0.000000000000000000e+00
5.325954446284388411e+00 7.964476800584066041e+00 9.977917447278998597e-02
4.821560047739271299e-02 7.210201200581566050e-02 1.806591799034406101e-03
1.592855376831348480e+00 2.381969245777034061e+00 8.952411975603118133e-02
1.592855376831348480e+00 2.381969245777034061e+00 1.193654930080415705e-01
1.592855376831348480e+00 2.381969245777034061e+00 1.492068662600519457e-01
1.592855376831348480e+00 2.381969245777034061e+00 1.790482395120623627e-01
1.592855376831348480e+00 2.381969245777034061e+00 2.088896127640727240e-01
5.325954446284388411e+00 8.960036400657074296e+00 0.000000000000000000e+00
5.325954446284388411e+00 8.960036400657074296e+00 9.977917447278998597e-02
4.821560047739271299e-02 8.111476350654261980e-02 1.806591799034406101e-03
1.592855376831348480e+00 2.679715401499163541e+00 8.952411975603118133e-02
1.592855376831348480e+00 2.679715401499163541e+00 1.193654930080415705e-01
1.592855376831348480e+00 2.679715401499163541e+00 1.492068662600519457e-01
1.592855376831348480e+00 2.679715401499163541e+00 1.790482395120623627e-01
1.592855376831348480e+00 2.679715401499163541e+00 2.088896127640727240e-01
5.325954446284388411e+00 9.955596000730082551e+00 0.000000000000000000e+00
5.325954446284388411e+00 9.955596000730082551e+00 9.977917447278998597e-02
4.821560047739271299e-02 9.012751500726957909e-02 1.806591799034406101e-03
1.592855376831348480e+00 2.977461557221292576e+00 8.952411975603118133e-02
1.592855376831348480e+00 2.977461557221292576e+00 1.193654930080415705e-01
1.592855376831348480e+00 2.977461557221292576e+00 1.492068662600519457e-01
1.592855376831348480e+00 2.977461557221292576e+00 1.790482395120623627e-01
1.592855376831348480e+00 2.977461557221292576e+00 2.088896127640727240e-01
5.325954446284388411e+00 1.095115560080309081e+01 0.000000000000000000e+00
5.325954446284388411e+00 1.095115560080309081e+01 9.977917447278998597e-02
4.821560047739271299e-02 9.914026650799653839e-02 1.806591799034406101e-03
1.592855376831348480e+00 3.275207712943421612e+00 8.952411975603118133e-02
1.592855376831348480e+00 3.275207712943421612e+00 1.193654930080415705e-01
1.592855376831348480e+00 3.275207712943421612e+00 1.492068662600519457e-01
1.592855376831348480e+00 3.275207712943421612e+00 1.790482395120623627e-01
1.592855376831348480e+00 3.275207712943421612e+00 2.088896127640727240e-01
5.325954446284388411e+00 1.194671520087609906e+01 0.000000000000000000e+00
5.325954446284388411e+00 1.194671520087609906e+01 9.977917447278998597e-02
4.821560047739271299e-02 1.081530180087234977e-01 1.806591799034406101e-03
1.592855376831348480e+00 3.572953868665551092e+00 8.952411975603118133e-02
1.592855376831348480e+00 3.572953868665551092e+00 1.193654930080415705e-01
1.592855376831348480e+00 3.572953868665551092e+00 1.492068662600519457e-01
1.592855376831348480e+00 3.572953868665551092e+00 1.790482395120623627e-01
1.592855376831348480e+00 3.572953868665551092e+00 2.088896127640727240e-01
5.325954446284388411e+00 1.294227480094910909e+01 0.000000000000000000e+00
5.325954446284388411e+00 1.294227480094910909e+01 9.977917447278998597e-02
4.821560047739271299e-02 1.171657695094504570e-01 1.806591799034406101e-03
1.592855376831348480e+00 3.870700024387680571e+00 8.952411975603118133e-02
1.592855376831348480e+00 3.870700024387680571e+00 1.193654930080415705e-01
1.592855376831348480e+00 3.870700024387680571e+00 1.492068662600519457e-01
1.592855376831348480e+00 3.870700024387680571e+00 1.790482395120623627e-01
1.592855376831348480e+00 3.870700024387680571e+00 2.088896127640727240e-01
5.325954446284388411e+00 1.393783440102211557e+01 0.000000000000000000e+00
5.325954446284388411e+00 1.393783440102211557e+01 9.977917447278998597e-02
4.821560047739271299e-02 1.261785210101774024e-01 1.806591799034406101e-03
1.592855376831348480e+00 4.168446180109809163e+00 8.952411975603118133e-02
1.592855376831348480e+00 4.168446180109809163e+00 1.193654930080415705e-01
1.592855376831348480e+00 4.168446180109809163e+00 1.492068662600519457e-01
1.592855376831348480e+00 4.168446180109809163e+00 1.790482395120623627e-01
1.592855376831348480e+00 4.168446180109809163e+00 2.088896127640727240e-01
5.858549890912827074e+00 0.000000000000000000e+00 0.000000000000000000e+00
5.858549890912827074e+00 0.000000000000000000e+00 9.977917447278998597e-02
5.303716052513198637e-02 0.000000000000000000e+00 1.806591799034406101e-03
1.752140914514483505e+00 0.000000000000000000e+00 8.952411975603118133e-02
1.752140914514483505e+00 0.000000000000000000e+00 1.193654930080415705e-01
1.752140914514483505e+00 0.000000000000000000e+00 1.492068662600519457e-01
1.752140914514483505e+00 0.000000000000000000e+00 1.790482395120623627e-01
1.752140914514483505e+00 0.000000000000000000e+00 2.088896127640727240e-01
5.858549890912827074e+00 9.955596000730082551e-01 0.000000000000000000e+00
5.858549890912827074e+00 9.955596000730082551e-01 9.977917447278998597e-02
5.303716052513198637e-02 9.012751500726957563e-03 1.806591799034406101e-03
1.752140914514483505e+00 2.977461557221292576e-01 8.952411975603118133e-02
1.752140914514483505e+00 2.977461557221292576e-01 1.193654930080415705e-01
1.752140914514483505e+00 2.977461557221292576e-01 1.492068662600519457e-01
1.752140914514483505e+00 2.977461557221292576e-01 1.790482395120623627e-01
1.752140914514483505e+00 2.977461557221292576e-01 2.088896127640727240e-01
5.858549890912827074e+00 1.991119200146016510e+00 0.000000000000000000e+00
5.858549890912827074e+00 1.991119200146016510e+00 9.977917447278998597e-02
5.303716052513198637e-02 1.802550300145391513e-02 1.806591799034406101e-03
1.752140914514483505e+00 5.954923114442585153e-01 8.952411975603118133e-02
1.752140914514483505e+00 5.954923114442585153e-01 1.193654930080415705e-01
1.752140914514483505e+00 5.954923114442585153e-01 1.492068662600519457e-01
1.752140914514483505e+00 5.954923114442585153e-01 1.790482395120623627e-01
1.752140914514483505e+00 5.954923114442585153e-01 2.088896127640727240e-01
5.858549890912827074e+00 2.986678800219024765e+00 0.000000000000000000e+00
5.858549890912827074e+00 2.986678800219024765e+00 9.977917447278998597e-02
5.303716052513198637e-02 2.703825450218087442e-02 1.806591799034406101e-03
1.752140914514483505e+00 8.932384671663877729e-01 8.952411975603118133e-02
1.752140914514483505e+00 8.932384671663877729e-01 1.193654930080415705e-01
1.752140914514483505e+00 8.932384671663877729e-01 1.492068662600519457e-01
1.752140914514483505e+00 8.932384671663877729e-01 1.790482395120623627e-01
1.752140914514483505e+00 8.932384671663877729e-01 2.088896127640727240e-01
5.858549890912827074e+00 3.982238400292033020e+00 0.000000000000000000e+00
5.858549890912827074e+00 3.982238400292033020e+00 9.977917447278998597e-02
5.303716052513198637e-02 3.605100600290783025e-02 1.806591799034406101e-03
1.752140914514483505e+00 1.190984622888517031e+00 8.952411975603118133e-02
1.752140914514483505e+00 1.190984622888517031e+00 1.193654930080415705e-01
1.752140914514483505e+00 1.190984622888517031e+00 1.492068662600519457e-01
1.752140914514483505e+00 1.190984622888517031e+00 1.790482395120623627e-01
1.752140914514483505e+00 1.190984622888517031e+00 2.088896127640727240e-01
5.858549890912827074e+00 4.977798000365041275e+00 0.000000000000000000e+00
5.858549890912827074e+00 4.977798000365041275e+00 9.977917447278998597e-02
5.303716052513198637e-02 4.506375750363478955e-02 1.806591799034406101e-03
1.752140914514483505e+00 1.488730778610646288e+00 8.952411975603118133e-02
1.752140914514483505e+00 1.488730778610646288e+00 1.193654930080415705e-01
1.752140914514483505e+00 1.488730778610646288e+00 1.492068662600519457e-01
1.752140914514483505e+00 1.488730778610646288e+00 1.790482395120623627e-01
1.752140914514483505e+00 1.488730778610646288e+00 2.088896127640727240e-01
5.858549890912827074e+00 5.973357600438049531e+00 0.000000000000000000e+00
5.858549890912827074e+00 5.973357600438049531e+00 9.977917447278998597e-02
5.303716052513198637e-02 5.407650900436174884e-02 1.806591799034406101e-03
1.752140914514483505e+00 1.786476934332775546e+00 8.952411975603118133e-02
1.752140914514483505e+00 1.786476934332775546e+00 1.193654930080415705e-01
1.752140914514483505e+00 1.786476934332775546e+00 1.492068662600519457e-01
1.752140914514483505e+00 1.786476934332775546e+00 1.790482395120623627e-01
1.752140914514483505e+00 1.786476934332775546e+00 2.088896127640727240e-01
5.858549890912827074e+00 6.968917200511057786e+00 0.000000000000000000e+00
5.858549890912827074e+00 6.968917200511057786e+00 9.977917447278998597e-02
5.303716052513198637e-02 6.308926050508870120e-02 1.806591799034406101e-03
1.752140914514483505e+00 2.084223090054904581e+00 8.952411975603118133e-02
1.752140914514483505e+00 2.084223090054904581e+00 1.193654930080415705e-01
1.752140914514483505e+00 2.084223090054904581e+00 1.492068662600519457e-01
1.752140914514483505e+00 2.084223090054904581e+00 1.790482395120623627e-01
1.752140914514483505e+00 2.084223090054904581e+00 2.088896127640727240e-01
5.858549890912827074e+00 7.964476800584066041e+00 0.000000000000000000e+00
5.858549890912827074e+00 7.964476800584066041e+00 9.977917447278998597e-02
5.303716052513198637e-02 7.210201200581566050e-02 1.806591799034406101e-03
1.752140914514483505e+00 2.381969245777034061e+00 8.952411975603118133e-02
1.752140914514483505e+00 2.381969245777034061e+00 1.193654930080415705e-01
1.752140914514483505e+00 2.381969245777034061e+00 1.492068662600519457e-01
1.752140914514483505e+00 2.381969245777034061e+00 1.790482395120623627e-01
1.752140914514483505e+00 2.381969245777034061e+00 2.088896127640727240e-01
5.858549890912827074e+00 8.960036400657074296e+00 0.000000000000000000e+00
5.858549890912827074e+00 8.960036400657074296e+00 9.977917447278998597e-02
5.303716052513198637e-02 8.111476350654261980e-02 1.806591799034406101e-03
1.752140914514483505e+00 2.679715401499163541e+00 8.952411975603118133e-02
1.752140914514483505e+00 2.679715401499163541e+00 1.193654930080415705e-01
1.752140914514483505e+00 2.679715401499163541e+00 1.492068662600519457e-01
1.752140914514483505e+00 2.679715401499163541e+00 1.790482395120623627e-01
1.752140914514483505e+00 2.679715401499163541e+00 2.088896127640727240e-01
5.858549890912827074e+00 9.955596000730082551e+00 0.000000000000000000e+00
5.858549890912827074e+00 9.955596000730082551e+00 9.977917447278998597e-02
5.303716052513198637e-02 9.012751500726957909e-02 1.806591799034406101e-03
1.752140914514483505e+00 2.977461557221292576e+00 8.952411975603118133e-02
1.752140914514483505e+00 2.977461557221292576e+00 1.193654930080415705e-01
1.752140914514483505e+00 2.977461557221292576e+00 1.492068662600519457e-01
1.752140914514483505e+00 2.977461557221292576e+00 1.790482395120623627e-01
1.752140914514483505e+00 2.977461557221292576e+00 2.088896127640727240e-01
5.858549890912827074e+00 1.095115560080309081e+01 0.000000000000000000e+00
5.858549890912827074e+00 1.095115560080309081e+01 9.977917447278998597e-02
5.303716052513198637e-02 9.914026650799653839e-02 1.806591799034406101e-03
1.752140914514483505e+00 3.275207712943421612e+00 8.952411975603118133e-02
1.752140914514483505e+00 3.275207712943421612e+00 1.193654930080415705e-01
1.752140914514483505e+00 3.275207712943421612e+00 1.492068662600519457e-01
1.752140914514483505e+00 3.275207712943421612e+00 1.790482395120623627e-01
1.752140914514483505e+00 3.275207712943421612e+00 2.088896127640727240e-01
5.858549890912827074e+00 1.194671520087609906e+01 0.000000000000000000e+00
5.858549890912827074e+00 1.194671520087609906e+01 9.977917447278998597e-02
5.303716052513198637e-02 1.081530180087234977e-01 1.806591799034406101e-03
1.752140914514483505e+00 3.572953868665551092e+00 8.952411975603118133e-02
1.752140914514483505e+00 3.572953868665551092e+00 1.193654930080415705e-01
1.752140914514483505e+00 3.572953868665551092e+00 1.492068662600519457e-01
1.752140914514483505e+00 3.572953868665551092e+00 1.790482395120623627e-01
1.752140914514483505e+00 3.572953868665551092e+00 2.088896127640727240e-01
5.858549890912827074e+00 1.294227480094910909e+01 0.000000000000000000e+00
5.858549890912827074e+00 1.294227480094910909e+01 9.977917447278998597e-02
5.303716052513198637e-02 1.171657695094504570e-01 1.806591799034406101e-03
1.752140914514483505e+00 3.870700024387680571e+00 8.952411975603118133e-02
1.752140914514483505e+00 3.870700024387680571e+00 1.193654930080415705e-01
1.752140914514483505e+00 3.870700024387680571e+00 1.492068662600519457e-01
1.752140914514483505e+00 3.870700024387680571e+00 1.790482395120623627e-01
1.752140914514483505e+00 3.870700024387680571e+00 2.088896127640727240e-01
5.858549890912827074e+00 1.393783440102211557e+01 0.000000000000000000e+00
5.858549890912827074e+00 1.393783440102211557e+01 9.977917447278998597e-02
5.303716052513198637e-02 1.261785210101774024e-01 1.806591799034406101e-03
1.752140914514483505e+00 4.168446180109809163e+00 8.952411975603118133e-02
1.752140914514483505e+00 4.168446180109809163e+00 1.193654930080415705e-01
1.752140914514483505e+00 4.168446180109809163e+00 1.492068662600519457e-01
1.752140914514483505e+00 4.168446180109809163e+00 1.790482395120623627e-01
1.752140914514483505e+00 4.168446180109809163e+00 2.088896127640727240e-01
6.391145335541264849e+00 0.000000000000000000e+00 0.000000000000000000e+00
6.391145335541264849e+00 0.000000000000000000e+00 9.977917447278998597e-02
5.785872057287124587e-02 0.000000000000000000e+00 1.806591799034406101e-03
1.911426452197617865e+00 0.000000000000000000e+00 8.952411975603118133e-02
1.911426452197617865e+00 0.000000000000000000e+00 1.193654930080415705e-01
1.911426452197617865e+00 0.000000000000000000e+00 1.492068662600519457e-01
1.911426452197617865e+00 0.000000000000000000e+00 1.790482395120623627e-01
1.911426452197617865e+00 0.000000000000000000e+00 2.088896127640727240e-01
6.391145335541264849e+00 9.955596000730082551e-01 0.000000000000000000e+00
6.391145335541264849e+00 9.955596000730082551e-01 9.977917447278998597e-02
5.785872057287124587e-02 9.012751500726957563e-03 1.806591799034406101e-03
1.911426452197617865e+00 2.977461557221292576e-01 8.952411975603118133e-02
1.911426452197617865e+00 2.977461557221292576e-01 1.193654930080415705e-01
1.911426452197617865e+00 2.977461557221292576e-01 1.492068662600519457e-01
1.911426452197617865e+00 2.977461557221292576e-01 1.790482395120623627e-01
1.911426452197617865e+00 2.977461557221292576e-01 2.088896127640727240e-01
6.391145335541264849e+00 1.991119200146016510e+00 0.000000000000000000e+00
6.391145335541264849e+00 1.991119200146016510e+00 9.977917447278998597e-02
5.785872057287124587e-02 1.802550300145391513e-02 1.806591799034406101e-03
1.911426452197617865e+00 5.954923114442585153e-01 8.952411975603118133e-02
1.911426452197617865e+00 5.954923114442585153e-01 1.193654930080415705e-01
1.911426452197617865e+00 5.954923114442585153e-01 1.492068662600519457e-01
1.911426452197617865e+00 5.954923114442585153e-01 1.790482395120623627e-01
1.911426452197617865e+00 5.954923114442585153e-01 2.088896127640727240e-01
6.391145335541264849e+00 2.986678800219024765e+00 0.000000000000000000e+00
6.391145335541264849e+00 2.986678800219024765e+00 9.977917447278998597e-02
5.785872057287124587e-02 2.703825450218087442e-02 1.806591799034406101e-03
1.911426452197617865e+00 8.932384671663877729e-01 8.952411975603118133e-02
1.911426452197617865e+00 8.932384671663877729e-01 1.193654930080415705e-01
1.911426452197617865e+00 8.932384671663877729e-01 1.492068662600519457e-01
1.911426452197617865e+00 8.932384671663877729e-01 1.790482395120623627e-01
1.911426452197617865e+00 8.932384671663877729e-01 2.088896127640727240e-01
6.391145335541264849e+00 3.982238400292033020e+00 0.000000000000000000e+00
6.391145335541264849e+00 3.982238400292033020e+00 9.977917447278998597e-02
5.785872057287124587e-02 3.605100600290783025e-02 1.806591799034406101e-03
1.911426452197617865e+00 1.190984622888517031e+00 8.952411975603118133e-02
1.911426452197617865e+00 1.190984622888517031e+00 1.193654930080415705e-01
1.911426452197617865e+00 1.190984622888517031e+00 1.492068662600519457e-01
1.911426452197617865e+00 1.190984622888517031e+00 1.790482395120623627e-01
1.911426452197617865e+00 1.190984622888517031e+00 2.088896127640727240e-01
6.391145335541264849e+00 4.977798000365041275e+00 0.000000000000000000e+00
6.391145335541264849e+00 4.977798000365041275e+00 9.977917447278998597e-02
5.785872057287124587e-02 4.506375750363478955e-02 1.806591799034406101e-03
1.911426452197617865e+00 1.488730778610646288e+00 8.952411975603118133e-02
1.911426452197617865e+00 1.488730778610646288e+00 1.193654930080415705e-01
1.911426452197617865e+00 1.488730778610646288e+00 1.492068662600519457e-01
1.911426452197617865e+00 1.488730778610646288e+00 1.790482395120623627e-01
1.911426452197617865e+00 1.488730778610646288e+00 2.088896127640727240e-01
6.391145335541264849e+00 5.973357600438049531e+00 0.000000000000000000e+00
6.391145335541264849e+00 5.973357600438049531e+00 9.977917447278998597e-02
5.785872057287124587e-02 5.407650900436174884e-02 1.806591799034406101e-03
1.911426452197617865e+00 1.786476934332775546e+00 8.952411975603118133e-02
1.911426452197617865e+00 1.786476934332775546e+00 1.193654930080415705e-01
1.911426452197617865e+00 1.786476934332775546e+00 1.492068662600519457e-01
1.911426452197617865e+00 1.786476934332775546e+00 1.790482395120623627e-01
1.911426452197617865e+00 1.786476934332775546e+00 2.088896127640727240e-01
6.391145335541264849e+00 6.968917200511057786e+00 0.000000000000000000e+00
6.391145335541264849e+00 6.968917200511057786e+00 9.977917447278998597e-02
5.785872057287124587e-02 6.308926050508870120e-02 1.806591799034406101e-03
1.911426452197617865e+00 2.084223090054904581e+00 8.952411975603118133e-02
1.911426452197617865e+00 2.084223090054904581e+00 1.193654930080415705e-01
1.911426452197617865e+00 2.084223090054904581e+00 1.492068662600519457e-01
1.911426452197617865e+00 2.084223090054904581e+00 1.790482395120623627e-01
1.911426452197617865e+00 2.084223090054904581e+00 2.088896127640727240e-01
6.391145335541264849e+00 7.964476800584066041e+00 0.000000000000000000e+00
6.391145335541264849e+00 7.964476800584066041e+00 9.977917447278998597e-02
5.785872057287124587e-02 7.210201200581566050e-02 1.806591799034406101e-03
1.911426452197617865e+00 2.381969245777034061e+00 8.952411975603118133e-02
1.911426452197617865e+00 2.381969245777034061e+00 1.193654930080415705e-01
1.911426452197617865e+00 2.381969245777034061e+00 1.492068662600519457e-01
1.911426452197617865e+00 2.381969245777034061e+00 1.790482395120623627e-01
1.911426452197617865e+00 2.381969245777034061e+00 2.088896127640727240e-01
6.391145335541264849e+00 8.960036400657074296e+00 0.000000000000000000e+00
6.391145335541264849e+00 8.960036400657074296e+00 9.977917447278998597e-02
5.785872057287124587e-02 8.111476350654261980e-02 1.806591799034406101e-03
1.911426452197617865e+00 2.679715401499163541e+00 8.952411975603118133e-02
1.911426452197617865e+00 2.679715401499163541e+00 1.193654930080415705e-01
1.911426452197617865e+00 2.679715401499163541e+00 1.492068662600519457e-01
1.911426452197617865e+00 2.679715401499163541e+00 1.790482395120623627e-01
1.911426452197617865e+00 2.679715401499163541e+00 2.088896127640727240e-01
6.391145335541264849e+00 9.955596000730082551e+00 0.000000000000000000e+00
6.391145335541264849e+00 9.955596000730082551e+00 9.977917447278998597e-02
5.785872057287124587e-02 9.012751500726957909e-02 1.806591799034406101e-03
1.911426452197617865e+00 2.977461557221292576e+00 8.952411975603118133e-02
1.911426452197617865e+00 2.977461557221292576e+00 1.193654930080415705e-01
1.911426452197617865e+00 2.977461557221292576e+00 1.492068662600519457e-01
1.911426452197617865e+00 2.977461557221292576e+00 1.790482395120623627e-01
1.911426452197617865e+00 2.977461557221292576e+00 2.088896127640727240e-01
6.391145335541264849e+00 1.095115560080309081e+01 0.000000000000000000e+00
6.391145335541264849e+00 1.095115560080309081e+01 9.977917447278998597e-02
5.785872057287124587e-02 9.914026650799653839e-02 1.806591799034406101e-03
1.911426452197617865e+00 3.275207712943421612e+00 8.952411975603118133e-02
1.911426452197617865e+00 3.275207712943421612e+00 1.193654930080415705e-01
1.911426452197617865e+00 3.275207712943421612e+00 1.492068662600519457e-01
1.911426452197617865e+00 3.275207712943421612e+00 1.790482395120623627e-01
1.911426452197617865e+00 3.275207712943421612e+00 2.088896127640727240e-01
6.391145335541264849e+00 1.194671520087609906e+01 0.000000000000000000e+00
6.391145335541264849e+00 1.194671520087609906e+01 9.977917447278998597e-02
5.785872057287124587e-02 1.081530180087234977e-01 1.806591799034406101e-03
1.911426452197617865e+00 3.572953868665551092e+00 8.952411975603118133e-02
1.911426452197617865e+00 3.572953868665551092e+00 1.193654930080415705e-01
1.911426452197617865e+00 3.572953868665551092e+00 1.492068662600519457e-01
1.911426452197617865e+00 3.572953868665551092e+00 1.790482395120623627e-01
1.911426452197617865e+00 3.572953868665551092e+00 2.088896127640727240e-01
6.391145335541264849e+00 1.294227480094910909e+01 0.000000000000000000e+00
6.391145335541264849e+00 1.294227480094910909e+01 9.977917447278998597e-02
5.785872057287124587e-02 1.171657695094504570e-01 1.806591799034406101e-03
1.911426452197617865e+00 3.870700024387680571e+00 8.952411975603118133e-02
1.911426452197617865e+00 3.870700024387680571e+00 1.193654930080415705e-01
1.911426452197617865e+00 3.870700024387680571e+00 1.492068662600519457e-01
1.911426452197617865e+00 3.870700024387680571e+00 1.790482395120623627e-01
1.911426452197617865e+00 3.870700024387680571e+00 2.088896127640727240e-01
6.391145335541264849e+00 1.393783440102211557e+01 0.000000000000000000e+00
6.391145335541264849e+00 1.393783440102211557e+01 9.977917447278998597e-02
5.785872057287124587e-02 1.261785210101774024e-01 1.806591799034406101e-03
1.911426452197617865e+00 4.168446180109809163e+00 8.952411975603118133e-02
1.911426452197617865e+00 4.168446180109809163e+00 1.193654930080415705e-01
1.911426452197617865e+00 4.168446180109809163e+00 1.492068662600519457e-01
1.911426452197617865e+00 4.168446180109809163e+00 1.790482395120623627e-01
1.911426452197617865e+00 4.168446180109809163e+00 2.088896127640727240e-01
6.923740780169704401e+00 0.000000000000000000e+00 0.000000000000000000e+00
6.923740780169704401e+00 0.000000000000000000e+00 9.977917447278998597e-02
6.268028062061051231e-02 0.000000000000000000e+00 1.806591799034406101e-03
2.070711989880752668e+00 0.000000000000000000e+00 8.952411975603118133e-02
2.070711989880752668e+00 0.000000000000000000e+00 1.193654930080415705e-01
2.070711989880752668e+00 0.000000000000000000e+00 1.492068662600519457e-01
2.070711989880752668e+00 0.000000000000000000e+00 1.790482395120623627e-01
2.070711989880752668e+00 0.000000000000000000e+00 2.088896127640727240e-01
6.923740780169704401e+00 9.955596000730082551e-01 0.000000000000000000e+00
6.923740780169704401e+00 9.955596000730082551e-01 9.977917447278998597e-02
6.268028062061051231e-02 9.012751500726957563e-03 1.806591799034406101e-03
2.070711989880752668e+00 2.977461557221292576e-01 8.952411975603118133e-02
2.070711989880752668e+00 2.977461557221292576e-01 1.193654930080415705e-01
2.070711989880752668e+00 2.977461557221292576e-01 1.492068662600519457e-01
2.070711989880752668e+00 2.977461557221292576e-01 1.790482395120623627e-01
2.070711989880752668e+00 2.977461557221292576e-01 2.088896127640727240e-01
6.923740780169704401e+00 1.991119200146016510e+00 0.000000000000000000e+00
6.923740780169704401e+00 1.991119200146016510e+00 9.977917447278998597e-02
6.268028062061051231e-02 1.802550300145391513e-02 1.806591799034406101e-03
2.070711989880752668e+00 5.954923114442585153e-01 8.952411975603118133e-02
2.070711989880752668e+00 5.954923114442585153e-01 1.193654930080415705e-01
2.070711989880752668e+00 5.954923114442585153e-01 1.492068662600519457e-01
2.070711989880752668e+00 5.954923114442585153e-01 1.790482395120623627e-01
2.070711989880752668e+00 5.954923114442585153e-01 2.088896127640727240e-01
6.923740780169704401e+00 2.986678800219024765e+00 0.000000000000000000e+00
6.923740780169704401e+00 2.986678800219024765e+00 9.977917447278998597e-02
6.268028062061051231e-02 2.703825450218087442e-02 1.806591799034406101e-03
2.070711989880752668e+00 8.932384671663877729e-01 8.952411975603118133e-02
2.070711989880752668e+00 8.932384671663877729e-01 1.193654930080415705e-01
2.070711989880752668e+00 8.932384671663877729e-01 1.492068662600519457e-01
2.070711989880752668e+00 8.932384671663877729e-01 1.790482395120623627e-01
2.070711989880752668e+00 8.932384671663877729e-01 2.088896127640727240e-01
6.923740780169704401e+00 3.982238400292033020e+00 0.000000000000000000e+00
6.923740780169704401e+00 3.982238400292033020e+00 9.977917447278998597e-02
6.268028062061051231e-02 3.605100600290783025e-02 1.806591799034406101e-03
2.070711989880752668e+00 1.190984622888517031e+00 8.952411975603118133e-02
2.070711989880752668e+00 1.190984622888517031e+00 1.193654930080415705e-01
2.070711989880752668e+00 1.190984622888517031e+00 1.492068662600519457e-01
2.070711989880752668e+00 1.190984622888517031e+00 1.790482395120623627e-01
2.070711989880752668e+00 1.190984622888517031e+00 2.088896127640727240e-01
6.923740780169704401e+00 4.977798000365041275e+00 0.000000000000000000e+00
6.923740780169704401e+00 4.977798000365041275e+00 9.977917447278998597e-02
6.268028062061051231e-02 4.506375750363478955e-02 1.806591799034406101e-03
2.070711989880752668e+00 1.488730778610646288e+00 8.952411975603118133e-02
2.070711989880752668e+00 1.488730778610646288e+00 1.193654930080415705e-01
2.070711989880752668e+00 1.488730778610646288e+00 1.492068662600519457e-01
2.070711989880752668e+00 1.488730778610646288e+00 1.790482395120623627e-01
2.070711989880752668e+00 1.488730778610646288e+00 2.088896127640727240e-01
6.923740780169704401e+00 5.973357600438049531e+00 0.000000000000000000e+00
6.923740780169704401e+00 5.973357600438049531e+00 9.977917447278998597e-02
6.268028062061051231e-02 5.407650900436174884e-02 1.806591799034406101e-03
2.070711989880752668e+00 1.786476934332775546e+00 8.952411975603118133e-02
2.070711989880752668e+00 1.786476934332775546e+00 1.193654930080415705e-01
2.070711989880752668e+00 1.786476934332775546e+00 1.492068662600519457e-01
2.070711989880752668e+00 1.786476934332775546e+00 1.790482395120623627e-01
2.070711989880752668e+00 1.786476934332775546e+00 2.088896127640727240e-01
6.923740780169704401e+00 6.968917200511057786e+00 0.000000000000000000e+00
6.923740780169704401e+00 6.968917200511057786e+00 9.977917447278998597e-02
6.268028062061051231e-02 6.308926050508870120e-02 1.806591799034406101e-03
2.070711989880752668e+00 2.084223090054904581e+00 8.952411975603118133e-02
2.070711989880752668e+00 2.084223090054904581e+00 1.193654930080415705e-01
2.070711989880752668e+00 2.084223090054904581e+00 1.492068662600519457e-01
2.070711989880752668e+00 2.084223090054904581e+00 1.790482395120623627e-01
2.070711989880752668e+00 2.084223090054904581e+00 2.088896127640727240e-01
6.923740780169704401e+00 7.964476800584066041e+00 0.000000000000000000e+00
6.923740780169704401e+00 7.964476800584066041e+00 9.977917447278998597e-02
6.268028062061051231e-02 7.210201200581566050e-02 1.806591799034406101e-03
2.070711989880752668e+00 2.381969245777034061e+00 8.952411975603118133e-02
2.070711989880752668e+00 2.381969245777034061e+00 1.193654930080415705e-01
2.070711989880752668e+00 2.381969245777034061e+00 1.492068662600519457e-01
2.070711989880752668e+00 2.381969245777034061e+00 1.790482395120623627e-01
2.070711989880752668e+00 2.381969245777034061e+00 2.088896127640727240e-01
6.923740780169704401e+00 8.960036400657074296e+00 0.000000000000000000e+00
6.923740780169704401e+00 8.960036400657074296e+00 9.977917447278998597e-02
6.268028062061051231e-02 8.111476350654261980e-02 1.806591799034406101e-03
2.070711989880752668e+00 2.679715401499163541e+00 8.952411975603118133e-02
2.070711989880752668e+00 2.679715401499163541e+00 1.193654930080415705e-01
2.070711989880752668e+00 2.679715401499163541e+00 1.492068662600519457e-01
2.070711989880752668e+00 2.679715401499163541e+00 1.790482395120623627e-01
2.070711989880752668e+00 2.679715401499163541e+00 2.088896127640727240e-01
6.923740780169704401e+00 9.955596000730082551e+00 0.000000000000000000e+00
6.923740780169704401e+00 9.955596000730082551e+00 9.977917447278998597e-02
6.268028062061051231e-02 9.012751500726957909e-02 1.806591799034406101e-03
2.070711989880752668e+00 2.977461557221292576e+00 8.952411975603118133e-02
2.070711989880752668e+00 2.977461557221292576e+00 1.193654930080415705e-01
2.070711989880752668e+00 2.977461557221292576e+00 1.492068662600519457e-01
2.070711989880752668e+00 2.977461557221292576e+00 1.790482395120623627e-01
2.070711989880752668e+00 2.977461557221292576e+00 2.088896127640727240e-01
6.923740780169704401e+00 1.095115560080309081e+01 0.000000000000000000e+00
6.923740780169704401e+00 1.095115560080309081e+01 9.977917447278998597e-02
6.268028062061051231e-02 9.914026650799653839e-02 1.806591799034406101e-03
2.070711989880752668e+00 3.275207712943421612e+00 8.952411975603118133e-02
2.070711989880752668e+00 3.275207712943421612e+00 1.193654930080415705e-01
2.070711989880752668e+00 3.275207712943421612e+00 1.492068662600519457e-01
2.070711989880752668e+00 3.275207712943421612e+00 1.790482395120623627e-01
2.070711989880752668e+00 3.275207712943421612e+00 2.088896127640727240e-01
6.923740780169704401e+00 1.194671520087609906e+01 0.000000000000000000e+00
6.923740780169704401e+00 1.194671520087609906e+01 9.977917447278998597e-02
6.268028062061051231e-02 1.081530180087234977e-01 1.806591799034406101e-03
2.070711989880752668e+00 3.572953868665551092e+00 8.952411975603118133e-02
2.070711989880752668e+00 3.572953868665551092e+00 1.193654930080415705e-01
2.070711989880752668e+00 3.572953868665551092e+00 1.492068662600519457e-01
2.070711989880752668e+00 3.572953868665551092e+00 1.790482395120623627e-01
2.070711989880752668e+00 3.572953868665551092e+00 2.088896127640727240e-01
6.923740780169704401e+00 1.294227480094910909e+01 0.000000000000000000e+00
6.923740780169704401e+00 1.294227480094910909e+01 9.977917447278998597e-02
6.268028062061051231e-02 1.171657695094504570e-01 1.806591799034406101e-03
2.070711989880752668e+00 3.870700024387680571e+00 8.952411975603118133e-02
2.070711989880752668e+00 3.870700024387680571e+00 1.193654930080415705e-01
2.070711989880752668e+00 3.870700024387680571e+00 1.492068662600519457e-01
2.070711989880752668e+00 3.870700024387680571e+00 1.790482395120623627e-01
2.070711989880752668e+00 3.870700024387680571e+00 2.088896127640727240e-01
6.923740780169704401e+00 1.393783440102211557e+01 0.000000000000000000e+00
6.923740780169704401e+00 1.393783440102211557e+01 9.977917447278998597e-02
6.268028062061051231e-02 1.261785210101774024e-01 1.806591799034406101e-03
2.070711989880752668e+00 4.168446180109809163e+00 8.952411975603118133e-02
2.070711989880752668e+00 4.168446180109809163e+00 1.193654930080415705e-01
2.070711989880752668e+00 4.168446180109809163e+00 1.492068662600519457e-01
2.070711989880752668e+00 4.168446180109809163e+00 1.790482395120623627e-01
2.070711989880752668e+00 4.168446180109809163e+00 2.088896127640727240e-01
7.456336224798143064e+00 0.000000000000000000e+00 0.000000000000000000e+00
7.456336224798143064e+00 0.000000000000000000e+00 9.977917447278998597e-02
6.750184066834978569e-02 0.000000000000000000e+00 1.806591799034406101e-03
2.229997527563887694e+00 0.000000000000000000e+00 8.952411975603118133e-02
2.229997527563887694e+00 0.000000000000000000e+00 1.193654930080415705e-01
2.229997527563887694e+00 0.000000000000000000e+00 1.492068662600519457e-01
2.229997527563887694e+00 0.000000000000000000e+00 1.790482395120623627e-01
2.229997527563887694e+00 0.000000000000000000e+00 2.088896127640727240e-01
7.456336224798143064e+00 9.955596000730082551e-01 0.000000000000000000e+00
7.456336224798143064e+00 9.955596000730082551e-01 9.977917447278998597e-02
6.750184066834978569e-02 9.012751500726957563e-03 1.806591799034406101e-03
2.229997527563887694e+00 2.977461557221292576e-01 8.952411975603118133e-02
2.229997527563887694e+00 2.977461557221292576e-01 1.193654930080415705e-01
2.229997527563887694e+00 2.977461557221292576e-01 1.492068662600519457e-01
2.229997527563887694e+00 2.977461557221292576e-01 1.790482395120623627e-01
2.229997527563887694e+00 2.977461557221292576e-01 2.088896127640727240e-01
7.456336224798143064e+00 1.991119200146016510e+00 0.000000000000000000e+00
7.456336224798143064e+00 1.991119200146016510e+00 9.977917447278998597e-02
6.750184066834978569e-02 1.802550300145391513e-02 1.806591799034406101e-03
2.229997527563887694e+00 5.954923114442585153e-01 8.952411975603118133e-02
2.229997527563887694e+00 5.954923114442585153e-01 1.193654930080415705e-01
2.229997527563887694e+00 5.954923114442585153e-01 1.492068662600519457e-01
2.229997527563887694e+00 5.954923114442585153e-01 1.790482395120623627e-01
2.229997527563887694e+00 5.954923114442585153e-01 2.088896127640727240e-01
7.456336224798143064e+00 2.986678800219024765e+00 0.000000000000000000e+00
7.456336224798143064e+00 2.986678800219024765e+00 9.977917447278998597e-02
6.750184066834978569e-02 2.703825450218087442e-02 1.806591799034406101e-03
2.229997527563887694e+00 8.932384671663877729e-01 8.952411975603118133e-02
2.229997527563887694e+00 8.932384671663877729e-01 1.193654930080415705e-01
2.229997527563887694e+00 8.932384671663877729e-01 1.492068662600519457e-01
2.229997527563887694e+00 8.932384671663877729e-01 1.790482395120623627e-01
2.229997527563887694e+00 8.932384671663877729e-01 2.088896127640727240e-01
7.456336224798143064e+00 3.982238400292033020e+00 0.000000000000000000e+00
7.456336224798143064e+00 3.982238400292033020e+00 9.977917447278998597e-02
6.750184066834978569e-02 3.605100600290783025e-02 1.806591799034406101e-03
2.229997527563887694e+00 1.190984622888517031e+00 8.952411975603118133e-02
2.229997527563887694e+00 1.190984622888517031e+00 1.193654930080415705e-01
2.229997527563887694e+00 1.190984622888517031e+00 1.492068662600519457e-01
2.229997527563887694e+00 1.190984622888517031e+00 1.790482395120623627e-01
2.229997527563887694e+00 1.190984622888517031e+00 2.088896127640727240e-01
7.456336224798143064e+00 4.977798000365041275e+00 0.000000000000000000e+00
7.456336224798143064e+00 4.977798000365041275e+00 9.977917447278998597e-02
6.750184066834978569e-02 4.506375750363478955e-02 1.806591799034406101e-03
2.229997527563887694e+00 1.488730778610646288e+00 8.952411975603118133e-02
2.229997527563887694e+00 1.488730778610646288e+00 1.193654930080415705e-01
2.229997527563887694e+00 1.488730778610646288e+00 1.492068662600519457e-01
2.229997527563887694e+00 1.488730778610646288e+00 1.790482395120623627e-01
2.229997527563887694e+00 1.488730778610646288e+00 2.088896127640727240e-01
7.456336224798143064e+00 5.973357600438049531e+00 0.000000000000000000e+00
7.456336224798143064e+00 5.973357600438049531e+00 9.977917447278998597e-02
6.750184066834978569e-02 5.407650900436174884e-02 1.806591799034406101e-03
2.229997527563887694e+00 1.786476934332775546e+00 8.952411975603118133e-02
2.229997527563887694e+00 1.786476934332775546e+00 1.193654930080415705e-01
2.229997527563887694e+00 1.786476934332775546e+00 1.492068662600519457e-01
2.229997527563887694e+00 1.786476934332775546e+00 1.790482395120623627e-01
2.229997527563887694e+00 1.786476934332775546e+00 2.088896127640727240e-01
7.456336224798143064e+00 6.968917200511057786e+00 0.000000000000000000e+00
7.456336224798143064e+00 6.968917200511057786e+00 9.977917447278998597e-02
6.750184066834978569e-02 6.308926050508870120e-02 1.806591799034406101e-03
2.229997527563887694e+00 2.084223090054904581e+00 8.952411975603118133e-02
2.229997527563887694e+00 2.084223090054904581e+00 1.193654930080415705e-01
2.229997527563887694e+00 2.084223090054904581e+00 1.492068662600519457e-01
2.229997527563887694e+00 2.084223090054904581e+00 1.790482395120623627e-01
2.229997527563887694e+00 2.084223090054904581e+00 2.088896127640727240e-01
7.456336224798143064e+00 7.964476800584066041e+00 0.000000000000000000e+00
7.456336224798143064e+00 7.964476800584066041e+00 9.977917447278998597e-02
6.750184066834978569e-02 7.210201200581566050e-02 1.806591799034406101e-03
2.229997527563887694e+00 2.381969245777034061e+00 8.952411975603118133e-02
2.229997527563887694e+00 2.381969245777034061e+00 1.193654930080415705e-01
2.229997527563887694e+00 2.381969245777034061e+00 1.492068662600519457e-01
2.229997527563887694e+00 2.381969245777034061e+00 1.790482395120623627e-01
2.229997527563887694e+00 2.381969245777034061e+00 2.088896127640727240e-01
7.456336224798143064e+00 8.960036400657074296e+00 0.000000000000000000e+00
7.456336224798143064e+00 8.960036400657074296e+00 9.977917447278998597e-02
6.750184066834978569e-02 8.111476350654261980e-02 1.806591799034406101e-03
2.229997527563887694e+00 2.679715401499163541e+00 8.952411975603118133e-02
2.229997527563887694e+00 2.679715401499163541e+00 1.193654930080415705e-01
2.229997527563887694e+00 2.679715401499163541e+00 1.492068662600519457e-01
2.229997527563887694e+00 2.679715401499163541e+00 1.790482395120623627e-01
2.229997527563887694e+00 2.679715401499163541e+00 2.088896127640727240e-01
7.456336224798143064e+00 9.955596000730082551e+00 0.000000000000000000e+00
7.456336224798143064e+00 9.955596000730082551e+00 9.977917447278998597e-02
6.750184066834978569e-02 9.012751500726957909e-02 1.806591799034406101e-03
2.229997527563887694e+00 2.977461557221292576e+00 8.952411975603118133e-02
2.229997527563887694e+00 2.977461557221292576e+00 1.193654930080415705e-01
2.229997527563887694e+00 2.977461557221292576e+00 1.492068662600519457e-01
2.229997527563887694e+00 2.977461557221292576e+00 1.790482395120623627e-01
2.229997527563887694e+00 2.977461557221292576e+00 2.088896127640727240e-01
7.456336224798143064e+00 1.095115560080309081e+01 0.000000000000000000e+00
7.456336224798143064e+00 1.095115560080309081e+01 9.977917447278998597e-02
6.750184066834978569e-02 9.914026650799653839e-02 1.806591799034406101e-03
2.229997527563887694e+00 3.275207712943421612e+00 8.952411975603118133e-02
2.229997527563887694e+00 3.275207712943421612e+00 1.193654930080415705e-01
2.229997527563887694e+00 3.275207712943421612e+00 1.492068662600519457e-01
2.229997527563887694e+00 3.275207712943421612e+00 1.790482395120623627e-01
2.229997527563887694e+00 3.275207712943421612e+00 2.088896127640727240e-01
7.456336224798143064e+00 1.194671520087609906e+01 0.000000000000000000e+00
7.456336224798143064e+00 1.194671520087609906e+01 9.977917447278998597e-02
6.750184066834978569e-02 1.081530180087234977e-01 1.806591799034406101e-03
2.229997527563887694e+00 3.572953868665551092e+00 8.952411975603118133e-02
2.229997527563887694e+00 3.572953868665551092e+00 1.193654930080415705e-01
2.229997527563887694e+00 3.572953868665551092e+00 1.492068662600519457e-01
2.229997527563887694e+00 3.572953868665551092e+00 1.790482395120623627e-01
2.229997527563887694e+00 3.572953868665551092e+00 2.088896127640727240e-01
7.456336224798143064e+00 1.294227480094910909e+01 0.000000000000000000e+00
7.456336224798143064e+00 1.294227480094910909e+01 9.977917447278998597e-02
6.750184066834978569e-02 1.171657695094504570e-01 1.806591799034406101e-03
2.229997527563887694e+00 3.870700024387680571e+00 8.952411975603118133e-02
2.229997527563887694e+00 3.870700024387680571e+00 1.193654930080415705e-01
2.229997527563887694e+00 3.870700024387680571e+00 1.492068662600519457e-01
2.229997527563887694e+00 3.870700024387680571e+00 1.790482395120623627e-01
2.229997527563887694e+00 3.870700024387680571e+00 2.088896127640727240e-01
7.456336224798143064e+00 1.393783440102211557e+01 0.000000000000000000e+00
7.456336224798143064e+00 1.393783440102211557e+01 9.977917447278998597e-02
6.750184066834978569e-02 1.261785210101774024e-01 1.806591799034406101e-03
2.229997527563887694e+00 4.168446180109809163e+00 8.952411975603118133e-02
2.229997527563887694e+00 4.168446180109809163e+00 1.193654930080415705e-01
2.229997527563887694e+00 4.168446180109809163e+00 1.492068662600519457e-01
2.229997527563887694e+00 4.168446180109809163e+00 1.790482395120623627e-01
2.229997527563887694e+00 4.168446180109809163e+00 2.088896127640727240e-01
