0.000000000000000000e+00 0.000000000000000000e+00 0.000000000000000000e+00
0.000000000000000000e+00 0.000000000000000000e+00 3.081125052532068744e-04
0.000000000000000000e+00 0.000000000000000000e+00 6.162250105064137487e-04
0.000000000000000000e+00 0.000000000000000000e+00 9.243375157596206773e-04
0.000000000000000000e+00 0.000000000000000000e+00 1.232450021012827497e-03
0.000000000000000000e+00 0.000000000000000000e+00 1.540562526266034318e-03
0.000000000000000000e+00 0.000000000000000000e+00 1.848675031519241355e-03
0.000000000000000000e+00 0.000000000000000000e+00 2.156787536772447958e-03
0.000000000000000000e+00 3.074232314790549623e-03 0.000000000000000000e+00
0.000000000000000000e+00 3.074232314790549623e-03 3.081125052532068744e-04
0.000000000000000000e+00 3.074232314790549623e-03 6.162250105064137487e-04
0.000000000000000000e+00 3.074232314790549623e-03 9.243375157596206773e-04
0.000000000000000000e+00 3.074232314790549623e-03 1.232450021012827497e-03
0.000000000000000000e+00 3.074232314790549623e-03 1.540562526266034318e-03
0.000000000000000000e+00 3.074232314790549623e-03 1.848675031519241355e-03
0.000000000000000000e+00 3.074232314790549623e-03 2.156787536772447958e-03
0.000000000000000000e+00 6.148464629581099246e-03 0.000000000000000000e+00
0.000000000000000000e+00 6.148464629581099246e-03 3.081125052532068744e-04
0.000000000000000000e+00 6.148464629581099246e-03 6.162250105064137487e-04
0.000000000000000000e+00 6.148464629581099246e-03 9.243375157596206773e-04
0.000000000000000000e+00 6.148464629581099246e-03 1.232450021012827497e-03
0.000000000000000000e+00 6.148464629581099246e-03 1.540562526266034318e-03
0.000000000000000000e+00 6.148464629581099246e-03 1.848675031519241355e-03
0.000000000000000000e+00 6.148464629581099246e-03 2.156787536772447958e-03
0.000000000000000000e+00 9.222696944371649302e-03 0.000000000000000000e+00
0.000000000000000000e+00 9.222696944371649302e-03 3.081125052532068744e-04
0.000000000000000000e+00 9.222696944371649302e-03 6.162250105064137487e-04
0.000000000000000000e+00 9.222696944371649302e-03 9.243375157596206773e-04
0.000000000000000000e+00 9.222696944371649302e-03 1.232450021012827497e-03
0.000000000000000000e+00 9.222696944371649302e-03 1.540562526266034318e-03
0.000000000000000000e+00 9.222696944371649302e-03 1.848675031519241355e-03
0.000000000000000000e+00 9.222696944371649302e-03 2.156787536772447958e-03
0.000000000000000000e+00 1.229692925916219849e-02 0.000000000000000000e+00
0.000000000000000000e+00 1.229692925916219849e-02 3.081125052532068744e-04
0.000000000000000000e+00 1.229692925916219849e-02 6.162250105064137487e-04
0.000000000000000000e+00 1.229692925916219849e-02 9.243375157596206773e-04
0.000000000000000000e+00 1.229692925916219849e-02 1.232450021012827497e-03
0.000000000000000000e+00 1.229692925916219849e-02 1.540562526266034318e-03
0.000000000000000000e+00 1.229692925916219849e-02 1.848675031519241355e-03
0.000000000000000000e+00 1.229692925916219849e-02 2.156787536772447958e-03
0.000000000000000000e+00 1.537116157395274768e-02 0.000000000000000000e+00
0.000000000000000000e+00 1.537116157395274768e-02 3.081125052532068744e-04
0.000000000000000000e+00 1.537116157395274768e-02 6.162250105064137487e-04
0.000000000000000000e+00 1.537116157395274768e-02 9.243375157596206773e-04
0.000000000000000000e+00 1.537116157395274768e-02 1.232450021012827497e-03
0.000000000000000000e+00 1.537116157395274768e-02 1.540562526266034318e-03
0.000000000000000000e+00 1.537116157395274768e-02 1.848675031519241355e-03
0.000000000000000000e+00 1.537116157395274768e-02 2.156787536772447958e-03
0.000000000000000000e+00 1.844539388874329860e-02 0.000000000000000000e+00
0.000000000000000000e+00 1.844539388874329860e-02 3.081125052532068744e-04
0.000000000000000000e+00 1.844539388874329860e-02 6.162250105064137487e-04
0.000000000000000000e+00 1.844539388874329860e-02 9.243375157596206773e-04
0.000000000000000000e+00 1.844539388874329860e-02 1.232450021012827497e-03
0.000000000000000000e+00 1.844539388874329860e-02 1.540562526266034318e-03
0.000000000000000000e+00 1.844539388874329860e-02 1.848675031519241355e-03
0.000000000000000000e+00 1.844539388874329860e-02 2.156787536772447958e-03
0.000000000000000000e+00 2.151962620353384606e-02 0.000000000000000000e+00
0.000000000000000000e+00 2.151962620353384606e-02 3.081125052532068744e-04
0.000000000000000000e+00 2.151962620353384606e-02 6.162250105064137487e-04
0.000000000000000000e+00 2.151962620353384606e-02 9.243375157596206773e-04
0.000000000000000000e+00 2.151962620353384606e-02 1.232450021012827497e-03
0.000000000000000000e+00 2.151962620353384606e-02 1.540562526266034318e-03
0.000000000000000000e+00 2.151962620353384606e-02 1.848675031519241355e-03
0.000000000000000000e+00 2.151962620353384606e-02 2.156787536772447958e-03
0.000000000000000000e+00 2.459385851832439698e-02 0.000000000000000000e+00
0.000000000000000000e+00 2.459385851832439698e-02 3.081125052532068744e-04
0.000000000000000000e+00 2.459385851832439698e-02 6.162250105064137487e-04
0.000000000000000000e+00 2.459385851832439698e-02 9.243375157596206773e-04
0.000000000000000000e+00 2.459385851832439698e-02 1.232450021012827497e-03
0.000000000000000000e+00 2.459385851832439698e-02 1.540562526266034318e-03
0.000000000000000000e+00 2.459385851832439698e-02 1.848675031519241355e-03
0.000000000000000000e+00 2.459385851832439698e-02 2.156787536772447958e-03
0.000000000000000000e+00 2.766809083311494791e-02 0.000000000000000000e+00
0.000000000000000000e+00 2.766809083311494791e-02 3.081125052532068744e-04
0.000000000000000000e+00 2.766809083311494791e-02 6.162250105064137487e-04
0.000000000000000000e+00 2.766809083311494791e-02 9.243375157596206773e-04
0.000000000000000000e+00 2.766809083311494791e-02 1.232450021012827497e-03
0.000000000000000000e+00 2.766809083311494791e-02 1.540562526266034318e-03
0.000000000000000000e+00 2.766809083311494791e-02 1.848675031519241355e-03
0.000000000000000000e+00 2.766809083311494791e-02 2.156787536772447958e-03
0.000000000000000000e+00 3.074232314790549536e-02 0.000000000000000000e+00
0.000000000000000000e+00 3.074232314790549536e-02 3.081125052532068744e-04
0.000000000000000000e+00 3.074232314790549536e-02 6.162250105064137487e-04
0.000000000000000000e+00 3.074232314790549536e-02 9.243375157596206773e-04
0.000000000000000000e+00 3.074232314790549536e-02 1.232450021012827497e-03
0.000000000000000000e+00 3.074232314790549536e-02 1.540562526266034318e-03
0.000000000000000000e+00 3.074232314790549536e-02 1.848675031519241355e-03
0.000000000000000000e+00 3.074232314790549536e-02 2.156787536772447958e-03
0.000000000000000000e+00 3.381655546269604629e-02 0.000000000000000000e+00
0.000000000000000000e+00 3.381655546269604629e-02 3.081125052532068744e-04
0.000000000000000000e+00 3.381655546269604629e-02 6.162250105064137487e-04
0.000000000000000000e+00 3.381655546269604629e-02 9.243375157596206773e-04
0.000000000000000000e+00 3.381655546269604629e-02 1.232450021012827497e-03
0.000000000000000000e+00 3.381655546269604629e-02 1.540562526266034318e-03
0.000000000000000000e+00 3.381655546269604629e-02 1.848675031519241355e-03
0.000000000000000000e+00 3.381655546269604629e-02 2.156787536772447958e-03
0.000000000000000000e+00 3.689078777748659721e-02 0.000000000000000000e+00
0.000000000000000000e+00 3.689078777748659721e-02 3.081125052532068744e-04
0.000000000000000000e+00 3.689078777748659721e-02 6.162250105064137487e-04
0.000000000000000000e+00 3.689078777748659721e-02 9.243375157596206773e-04
0.000000000000000000e+00 3.689078777748659721e-02 1.232450021012827497e-03
0.000000000000000000e+00 3.689078777748659721e-02 1.540562526266034318e-03
0.000000000000000000e+00 3.689078777748659721e-02 1.848675031519241355e-03
0.000000000000000000e+00 3.689078777748659721e-02 2.156787536772447958e-03
0.000000000000000000e+00 3.996502009227714813e-02 0.000000000000000000e+00
0.000000000000000000e+00 3.996502009227714813e-02 3.081125052532068744e-04
0.000000000000000000e+00 3.996502009227714813e-02 6.162250105064137487e-04
0.000000000000000000e+00 3.996502009227714813e-02 9.243375157596206773e-04
0.000000000000000000e+00 3.996502009227714813e-02 1.232450021012827497e-03
0.000000000000000000e+00 3.996502009227714813e-02 1.540562526266034318e-03
0.000000000000000000e+00 3.996502009227714813e-02 1.848675031519241355e-03
0.000000000000000000e+00 3.996502009227714813e-02 2.156787536772447958e-03
0.000000000000000000e+00 4.303925240706769212e-02 0.000000000000000000e+00
0.000000000000000000e+00 4.303925240706769212e-02 3.081125052532068744e-04
0.000000000000000000e+00 4.303925240706769212e-02 6.162250105064137487e-04
0.000000000000000000e+00 4.303925240706769212e-02 9.243375157596206773e-04
0.000000000000000000e+00 4.303925240706769212e-02 1.232450021012827497e-03
0.000000000000000000e+00 4.303925240706769212e-02 1.540562526266034318e-03
0.000000000000000000e+00 4.303925240706769212e-02 1.848675031519241355e-03
0.000000000000000000e+00 4.303925240706769212e-02 2.156787536772447958e-03
1.644624918957053161e-03 0.000000000000000000e+00 0.000000000000000000e+00
1.644624918957053161e-03 0.000000000000000000e+00 3.081125052532068744e-04
1.644624918957053161e-03 0.000000000000000000e+00 6.162250105064137487e-04
1.644624918957053161e-03 0.000000000000000000e+00 9.243375157596206773e-04
1.644624918957053161e-03 0.000000000000000000e+00 1.232450021012827497e-03
1.644624918957053161e-03 0.000000000000000000e+00 1.540562526266034318e-03
1.644624918957053161e-03 0.000000000000000000e+00 1.848675031519241355e-03
1.644624918957053161e-03 0.000000000000000000e+00 2.156787536772447958e-03
1.644624918957053161e-03 3.074232314790549623e-03 0.000000000000000000e+00
1.644624918957053161e-03 3.074232314790549623e-03 3.081125052532068744e-04
1.644624918957053161e-03 3.074232314790549623e-03 6.162250105064137487e-04
1.644624918957053161e-03 3.074232314790549623e-03 9.243375157596206773e-04
1.644624918957053161e-03 3.074232314790549623e-03 1.232450021012827497e-03
1.644624918957053161e-03 3.074232314790549623e-03 1.540562526266034318e-03
1.644624918957053161e-03 3.074232314790549623e-03 1.848675031519241355e-03
1.644624918957053161e-03 3.074232314790549623e-03 2.156787536772447958e-03
1.644624918957053161e-03 6.148464629581099246e-03 0.000000000000000000e+00
1.644624918957053161e-03 6.148464629581099246e-03 3.081125052532068744e-04
1.644624918957053161e-03 6.148464629581099246e-03 6.162250105064137487e-04
1.644624918957053161e-03 6.148464629581099246e-03 9.243375157596206773e-04
1.644624918957053161e-03 6.148464629581099246e-03 1.232450021012827497e-03
1.644624918957053161e-03 6.148464629581099246e-03 1.540562526266034318e-03
1.644624918957053161e-03 6.148464629581099246e-03 1.848675031519241355e-03
1.644624918957053161e-03 6.148464629581099246e-03 2.156787536772447958e-03
1.644624918957053161e-03 9.222696944371649302e-03 0.000000000000000000e+00
1.644624918957053161e-03 9.222696944371649302e-03 3.081125052532068744e-04
1.644624918957053161e-03 9.222696944371649302e-03 6.162250105064137487e-04
1.644624918957053161e-03 9.222696944371649302e-03 9.243375157596206773e-04
1.644624918957053161e-03 9.222696944371649302e-03 1.232450021012827497e-03
1.644624918957053161e-03 9.222696944371649302e-03 1.540562526266034318e-03
1.644624918957053161e-03 9.222696944371649302e-03 1.848675031519241355e-03
1.644624918957053161e-03 9.222696944371649302e-03 2.156787536772447958e-03
1.644624918957053161e-03 1.229692925916219849e-02 0.000000000000000000e+00
1.644624918957053161e-03 1.229692925916219849e-02 3.081125052532068744e-04
1.644624918957053161e-03 1.229692925916219849e-02 6.162250105064137487e-04
1.644624918957053161e-03 1.229692925916219849e-02 9.243375157596206773e-04
1.644624918957053161e-03 1.229692925916219849e-02 1.232450021012827497e-03
1.644624918957053161e-03 1.229692925916219849e-02 1.540562526266034318e-03
1.644624918957053161e-03 1.229692925916219849e-02 1.848675031519241355e-03
1.644624918957053161e-03 1.229692925916219849e-02 2.156787536772447958e-03
1.644624918957053161e-03 1.537116157395274768e-02 0.000000000000000000e+00
1.644624918957053161e-03 1.537116157395274768e-02 3.081125052532068744e-04
1.644624918957053161e-03 1.537116157395274768e-02 6.162250105064137487e-04
1.644624918957053161e-03 1.537116157395274768e-02 9.243375157596206773e-04
1.644624918957053161e-03 1.537116157395274768e-02 1.232450021012827497e-03
1.644624918957053161e-03 1.537116157395274768e-02 1.540562526266034318e-03
1.644624918957053161e-03 1.537116157395274768e-02 1.848675031519241355e-03
1.644624918957053161e-03 1.537116157395274768e-02 2.156787536772447958e-03
1.644624918957053161e-03 1.844539388874329860e-02 0.000000000000000000e+00
1.644624918957053161e-03 1.844539388874329860e-02 3.081125052532068744e-04
1.644624918957053161e-03 1.844539388874329860e-02 6.162250105064137487e-04
1.644624918957053161e-03 1.844539388874329860e-02 9.243375157596206773e-04
1.644624918957053161e-03 1.844539388874329860e-02 1.232450021012827497e-03
1.644624918957053161e-03 1.844539388874329860e-02 1.540562526266034318e-03
1.644624918957053161e-03 1.844539388874329860e-02 1.848675031519241355e-03
1.644624918957053161e-03 1.844539388874329860e-02 2.156787536772447958e-03
1.644624918957053161e-03 2.151962620353384606e-02 0.000000000000000000e+00
1.644624918957053161e-03 2.151962620353384606e-02 3.081125052532068744e-04
1.644624918957053161e-03 2.151962620353384606e-02 6.162250105064137487e-04
1.644624918957053161e-03 2.151962620353384606e-02 9.243375157596206773e-04
1.644624918957053161e-03 2.151962620353384606e-02 1.232450021012827497e-03
1.644624918957053161e-03 2.151962620353384606e-02 1.540562526266034318e-03
1.644624918957053161e-03 2.151962620353384606e-02 1.848675031519241355e-03
1.644624918957053161e-03 2.151962620353384606e-02 2.156787536772447958e-03
1.644624918957053161e-03 2.459385851832439698e-02 0.000000000000000000e+00
1.644624918957053161e-03 2.459385851832439698e-02 3.081125052532068744e-04
1.644624918957053161e-03 2.459385851832439698e-02 6.162250105064137487e-04
1.644624918957053161e-03 2.459385851832439698e-02 9.243375157596206773e-04
1.644624918957053161e-03 2.459385851832439698e-02 1.232450021012827497e-03
1.644624918957053161e-03 2.459385851832439698e-02 1.540562526266034318e-03
1.644624918957053161e-03 2.459385851832439698e-02 1.848675031519241355e-03
1.644624918957053161e-03 2.459385851832439698e-02 2.156787536772447958e-03
1.644624918957053161e-03 2.766809083311494791e-02 0.000000000000000000e+00
1.644624918957053161e-03 2.766809083311494791e-02 3.081125052532068744e-04
1.644624918957053161e-03 2.766809083311494791e-02 6.162250105064137487e-04
1.644624918957053161e-03 2.766809083311494791e-02 9.243375157596206773e-04
1.644624918957053161e-03 2.766809083311494791e-02 1.232450021012827497e-03
1.644624918957053161e-03 2.766809083311494791e-02 1.540562526266034318e-03
1.644624918957053161e-03 2.766809083311494791e-02 1.848675031519241355e-03
1.644624918957053161e-03 2.766809083311494791e-02 2.156787536772447958e-03
1.644624918957053161e-03 3.074232314790549536e-02 0.000000000000000000e+00
1.644624918957053161e-03 3.074232314790549536e-02 3.081125052532068744e-04
1.644624918957053161e-03 3.074232314790549536e-02 6.162250105064137487e-04
1.644624918957053161e-03 3.074232314790549536e-02 9.243375157596206773e-04
1.644624918957053161e-03 3.074232314790549536e-02 1.232450021012827497e-03
1.644624918957053161e-03 3.074232314790549536e-02 1.540562526266034318e-03
1.644624918957053161e-03 3.074232314790549536e-02 1.848675031519241355e-03
1.644624918957053161e-03 3.074232314790549536e-02 2.156787536772447958e-03
1.644624918957053161e-03 3.381655546269604629e-02 0.000000000000000000e+00
1.644624918957053161e-03 3.381655546269604629e-02 3.081125052532068744e-04
1.644624918957053161e-03 3.381655546269604629e-02 6.162250105064137487e-04
1.644624918957053161e-03 3.381655546269604629e-02 9.243375157596206773e-04
1.644624918957053161e-03 3.381655546269604629e-02 1.232450021012827497e-03
1.644624918957053161e-03 3.381655546269604629e-02 1.540562526266034318e-03
1.644624918957053161e-03 3.381655546269604629e-02 1.848675031519241355e-03
1.644624918957053161e-03 3.381655546269604629e-02 2.156787536772447958e-03
1.644624918957053161e-03 3.689078777748659721e-02 0.000000000000000000e+00
1.644624918957053161e-03 3.689078777748659721e-02 3.081125052532068744e-04
1.644624918957053161e-03 3.689078777748659721e-02 6.162250105064137487e-04
1.644624918957053161e-03 3.689078777748659721e-02 9.243375157596206773e-04
1.644624918957053161e-03 3.689078777748659721e-02 1.232450021012827497e-03
1.644624918957053161e-03 3.689078777748659721e-02 1.540562526266034318e-03
1.644624918957053161e-03 3.689078777748659721e-02 1.848675031519241355e-03
1.644624918957053161e-03 3.689078777748659721e-02 2.156787536772447958e-03
1.644624918957053161e-03 3.996502009227714813e-02 0.000000000000000000e+00
1.644624918957053161e-03 3.996502009227714813e-02 3.081125052532068744e-04
1.644624918957053161e-03 3.996502009227714813e-02 6.162250105064137487e-04
1.644624918957053161e-03 3.996502009227714813e-02 9.243375157596206773e-04
1.644624918957053161e-03 3.996502009227714813e-02 1.232450021012827497e-03
1.644624918957053161e-03 3.996502009227714813e-02 1.540562526266034318e-03
1.644624918957053161e-03 3.996502009227714813e-02 1.848675031519241355e-03
1.644624918957053161e-03 3.996502009227714813e-02 2.156787536772447958e-03
1.644624918957053161e-03 4.303925240706769212e-02 0.000000000000000000e+00
1.644624918957053161e-03 4.303925240706769212e-02 3.081125052532068744e-04
1.644624918957053161e-03 4.303925240706769212e-02 6.162250105064137487e-04
1.644624918957053161e-03 4.303925240706769212e-02 9.243375157596206773e-04
1.644624918957053161e-03 4.303925240706769212e-02 1.232450021012827497e-03
1.644624918957053161e-03 4.303925240706769212e-02 1.540562526266034318e-03
1.644624918957053161e-03 4.303925240706769212e-02 1.848675031519241355e-03
1.644624918957053161e-03 4.303925240706769212e-02 2.156787536772447958e-03
3.289249837914106321e-03 0.000000000000000000e+00 0.000000000000000000e+00
3.289249837914106321e-03 0.000000000000000000e+00 3.081125052532068744e-04
3.289249837914106321e-03 0.000000000000000000e+00 6.162250105064137487e-04
3.289249837914106321e-03 0.000000000000000000e+00 9.243375157596206773e-04
3.289249837914106321e-03 0.000000000000000000e+00 1.232450021012827497e-03
3.289249837914106321e-03 0.000000000000000000e+00 1.540562526266034318e-03
3.289249837914106321e-03 0.000000000000000000e+00 1.848675031519241355e-03
3.289249837914106321e-03 0.000000000000000000e+00 2.156787536772447958e-03
3.289249837914106321e-03 3.074232314790549623e-03 0.000000000000000000e+00
3.289249837914106321e-03 3.074232314790549623e-03 3.081125052532068744e-04
3.289249837914106321e-03 3.074232314790549623e-03 6.162250105064137487e-04
3.289249837914106321e-03 3.074232314790549623e-03 9.243375157596206773e-04
3.289249837914106321e-03 3.074232314790549623e-03 1.232450021012827497e-03
3.289249837914106321e-03 3.074232314790549623e-03 1.540562526266034318e-03
3.289249837914106321e-03 3.074232314790549623e-03 1.848675031519241355e-03
3.289249837914106321e-03 3.074232314790549623e-03 2.156787536772447958e-03
3.289249837914106321e-03 6.148464629581099246e-03 0.000000000000000000e+00
3.289249837914106321e-03 6.148464629581099246e-03 3.081125052532068744e-04
3.289249837914106321e-03 6.148464629581099246e-03 6.162250105064137487e-04
3.289249837914106321e-03 6.148464629581099246e-03 9.243375157596206773e-04
3.289249837914106321e-03 6.148464629581099246e-03 1.232450021012827497e-03
3.289249837914106321e-03 6.148464629581099246e-03 1.540562526266034318e-03
3.289249837914106321e-03 6.148464629581099246e-03 1.848675031519241355e-03
3.289249837914106321e-03 6.148464629581099246e-03 2.156787536772447958e-03
3.289249837914106321e-03 9.222696944371649302e-03 0.000000000000000000e+00
3.289249837914106321e-03 9.222696944371649302e-03 3.081125052532068744e-04
3.289249837914106321e-03 9.222696944371649302e-03 6.162250105064137487e-04
3.289249837914106321e-03 9.222696944371649302e-03 9.243375157596206773e-04
3.289249837914106321e-03 9.222696944371649302e-03 1.232450021012827497e-03
3.289249837914106321e-03 9.222696944371649302e-03 1.540562526266034318e-03
3.289249837914106321e-03 9.222696944371649302e-03 1.848675031519241355e-03
3.289249837914106321e-03 9.222696944371649302e-03 2.156787536772447958e-03
3.289249837914106321e-03 1.229692925916219849e-02 0.000000000000000000e+00
3.289249837914106321e-03 1.229692925916219849e-02 3.081125052532068744e-04
3.289249837914106321e-03 1.229692925916219849e-02 6.162250105064137487e-04
3.289249837914106321e-03 1.229692925916219849e-02 9.243375157596206773e-04
3.289249837914106321e-03 1.229692925916219849e-02 1.232450021012827497e-03
3.289249837914106321e-03 1.229692925916219849e-02 1.540562526266034318e-03
3.289249837914106321e-03 1.229692925916219849e-02 1.848675031519241355e-03
3.289249837914106321e-03 1.229692925916219849e-02 2.156787536772447958e-03
3.289249837914106321e-03 1.537116157395274768e-02 0.000000000000000000e+00
3.289249837914106321e-03 1.537116157395274768e-02 3.081125052532068744e-04
3.289249837914106321e-03 1.537116157395274768e-02 6.162250105064137487e-04
3.289249837914106321e-03 1.537116157395274768e-02 9.243375157596206773e-04
3.289249837914106321e-03 1.537116157395274768e-02 1.232450021012827497e-03
3.289249837914106321e-03 1.537116157395274768e-02 1.540562526266034318e-03
3.289249837914106321e-03 1.537116157395274768e-02 1.848675031519241355e-03
3.289249837914106321e-03 1.537116157395274768e-02 2.156787536772447958e-03
3.289249837914106321e-03 1.844539388874329860e-02 0.000000000000000000e+00
3.289249837914106321e-03 1.844539388874329860e-02 3.081125052532068744e-04
3.289249837914106321e-03 1.844539388874329860e-02 6.162250105064137487e-04
3.289249837914106321e-03 1.844539388874329860e-02 9.243375157596206773e-04
3.289249837914106321e-03 1.844539388874329860e-02 1.232450021012827497e-03
3.289249837914106321e-03 1.844539388874329860e-02 1.540562526266034318e-03
3.289249837914106321e-03 1.844539388874329860e-02 1.848675031519241355e-03
3.289249837914106321e-03 1.844539388874329860e-02 2.156787536772447958e-03
3.289249837914106321e-03 2.151962620353384606e-02 0.000000000000000000e+00
3.289249837914106321e-03 2.151962620353384606e-02 3.081125052532068744e-04
3.289249837914106321e-03 2.151962620353384606e-02 6.162250105064137487e-04
3.289249837914106321e-03 2.151962620353384606e-02 9.243375157596206773e-04
3.289249837914106321e-03 2.151962620353384606e-02 1.232450021012827497e-03
3.289249837914106321e-03 2.151962620353384606e-02 1.540562526266034318e-03
3.289249837914106321e-03 2.151962620353384606e-02 1.848675031519241355e-03
3.289249837914106321e-03 2.151962620353384606e-02 2.156787536772447958e-03
3.289249837914106321e-03 2.459385851832439698e-02 0.000000000000000000e+00
3.289249837914106321e-03 2.459385851832439698e-02 3.081125052532068744e-04
3.289249837914106321e-03 2.459385851832439698e-02 6.162250105064137487e-04
3.289249837914106321e-03 2.459385851832439698e-02 9.243375157596206773e-04
3.289249837914106321e-03 2.459385851832439698e-02 1.232450021012827497e-03
3.289249837914106321e-03 2.459385851832439698e-02 1.540562526266034318e-03
3.289249837914106321e-03 2.459385851832439698e-02 1.848675031519241355e-03
3.289249837914106321e-03 2.459385851832439698e-02 2.156787536772447958e-03
3.289249837914106321e-03 2.766809083311494791e-02 0.000000000000000000e+00
3.289249837914106321e-03 2.766809083311494791e-02 3.081125052532068744e-04
3.289249837914106321e-03 2.766809083311494791e-02 6.162250105064137487e-04
3.289249837914106321e-03 2.766809083311494791e-02 9.243375157596206773e-04
3.289249837914106321e-03 2.766809083311494791e-02 1.232450021012827497e-03
3.289249837914106321e-03 2.766809083311494791e-02 1.540562526266034318e-03
3.289249837914106321e-03 2.766809083311494791e-02 1.848675031519241355e-03
3.289249837914106321e-03 2.766809083311494791e-02 2.156787536772447958e-03
3.289249837914106321e-03 3.074232314790549536e-02 0.000000000000000000e+00
3.289249837914106321e-03 3.074232314790549536e-02 3.081125052532068744e-04
3.289249837914106321e-03 3.074232314790549536e-02 6.162250105064137487e-04
3.289249837914106321e-03 3.074232314790549536e-02 9.243375157596206773e-04
3.289249837914106321e-03 3.074232314790549536e-02 1.232450021012827497e-03
3.289249837914106321e-03 3.074232314790549536e-02 1.540562526266034318e-03
3.289249837914106321e-03 3.074232314790549536e-02 1.848675031519241355e-03
3.289249837914106321e-03 3.074232314790549536e-02 2.156787536772447958e-03
3.289249837914106321e-03 3.381655546269604629e-02 0.000000000000000000e+00
3.289249837914106321e-03 3.381655546269604629e-02 3.081125052532068744e-04
3.289249837914106321e-03 3.381655546269604629e-02 6.162250105064137487e-04
3.289249837914106321e-03 3.381655546269604629e-02 9.243375157596206773e-04
3.289249837914106321e-03 3.381655546269604629e-02 1.232450021012827497e-03
3.289249837914106321e-03 3.381655546269604629e-02 1.540562526266034318e-03
3.289249837914106321e-03 3.381655546269604629e-02 1.848675031519241355e-03
3.289249837914106321e-03 3.381655546269604629e-02 2.156787536772447958e-03
3.289249837914106321e-03 3.689078777748659721e-02 0.000000000000000000e+00
3.289249837914106321e-03 3.689078777748659721e-02 3.081125052532068744e-04
3.289249837914106321e-03 3.689078777748659721e-02 6.162250105064137487e-04
3.289249837914106321e-03 3.689078777748659721e-02 9.243375157596206773e-04
3.289249837914106321e-03 3.689078777748659721e-02 1.232450021012827497e-03
3.289249837914106321e-03 3.689078777748659721e-02 1.540562526266034318e-03
3.289249837914106321e-03 3.689078777748659721e-02 1.848675031519241355e-03
3.289249837914106321e-03 3.689078777748659721e-02 2.156787536772447958e-03
3.289249837914106321e-03 3.996502009227714813e-02 0.000000000000000000e+00
3.289249837914106321e-03 3.996502009227714813e-02 3.081125052532068744e-04
3.289249837914106321e-03 3.996502009227714813e-02 6.162250105064137487e-04
3.289249837914106321e-03 3.996502009227714813e-02 9.243375157596206773e-04
3.289249837914106321e-03 3.996502009227714813e-02 1.232450021012827497e-03
3.289249837914106321e-03 3.996502009227714813e-02 1.540562526266034318e-03
3.289249837914106321e-03 3.996502009227714813e-02 1.848675031519241355e-03
3.289249837914106321e-03 3.996502009227714813e-02 2.156787536772447958e-03
3.289249837914106321e-03 4.303925240706769212e-02 0.000000000000000000e+00
3.289249837914106321e-03 4.303925240706769212e-02 3.081125052532068744e-04
3.289249837914106321e-03 4.303925240706769212e-02 6.162250105064137487e-04
3.289249837914106321e-03 4.303925240706769212e-02 9.243375157596206773e-04
3.289249837914106321e-03 4.303925240706769212e-02 1.232450021012827497e-03
3.289249837914106321e-03 4.303925240706769212e-02 1.540562526266034318e-03
3.289249837914106321e-03 4.303925240706769212e-02 1.848675031519241355e-03
3.289249837914106321e-03 4.303925240706769212e-02 2.156787536772447958e-03
4.933874756871159048e-03 0.000000000000000000e+00 0.000000000000000000e+00
4.933874756871159048e-03 0.000000000000000000e+00 3.081125052532068744e-04
4.933874756871159048e-03 0.000000000000000000e+00 6.162250105064137487e-04
4.933874756871159048e-03 0.000000000000000000e+00 9.243375157596206773e-04
4.933874756871159048e-03 0.000000000000000000e+00 1.232450021012827497e-03
4.933874756871159048e-03 0.000000000000000000e+00 1.540562526266034318e-03
4.933874756871159048e-03 0.000000000000000000e+00 1.848675031519241355e-03
4.933874756871159048e-03 0.000000000000000000e+00 2.156787536772447958e-03
4.933874756871159048e-03 3.074232314790549623e-03 0.000000000000000000e+00
4.933874756871159048e-03 3.074232314790549623e-03 3.081125052532068744e-04
4.933874756871159048e-03 3.074232314790549623e-03 6.162250105064137487e-04
4.933874756871159048e-03 3.074232314790549623e-03 9.243375157596206773e-04
4.933874756871159048e-03 3.074232314790549623e-03 1.232450021012827497e-03
4.933874756871159048e-03 3.074232314790549623e-03 1.540562526266034318e-03
4.933874756871159048e-03 3.074232314790549623e-03 1.848675031519241355e-03
4.933874756871159048e-03 3.074232314790549623e-03 2.156787536772447958e-03
4.933874756871159048e-03 6.148464629581099246e-03 0.000000000000000000e+00
4.933874756871159048e-03 6.148464629581099246e-03 3.081125052532068744e-04
4.933874756871159048e-03 6.148464629581099246e-03 6.162250105064137487e-04
4.933874756871159048e-03 6.148464629581099246e-03 9.243375157596206773e-04
4.933874756871159048e-03 6.148464629581099246e-03 1.232450021012827497e-03
4.933874756871159048e-03 6.148464629581099246e-03 1.540562526266034318e-03
4.933874756871159048e-03 6.148464629581099246e-03 1.848675031519241355e-03
4.933874756871159048e-03 6.148464629581099246e-03 2.156787536772447958e-03
4.933874756871159048e-03 9.222696944371649302e-03 0.000000000000000000e+00
4.933874756871159048e-03 9.222696944371649302e-03 3.081125052532068744e-04
4.933874756871159048e-03 9.222696944371649302e-03 6.162250105064137487e-04
4.933874756871159048e-03 9.222696944371649302e-03 9.243375157596206773e-04
4.933874756871159048e-03 9.222696944371649302e-03 1.232450021012827497e-03
4.933874756871159048e-03 9.222696944371649302e-03 1.540562526266034318e-03
4.933874756871159048e-03 9.222696944371649302e-03 1.848675031519241355e-03
4.933874756871159048e-03 9.222696944371649302e-03 2.156787536772447958e-03
4.933874756871159048e-03 1.229692925916219849e-02 0.000000000000000000e+00
4.933874756871159048e-03 1.229692925916219849e-02 3.081125052532068744e-04
4.933874756871159048e-03 1.229692925916219849e-02 6.162250105064137487e-04
4.933874756871159048e-03 1.229692925916219849e-02 9.243375157596206773e-04
4.933874756871159048e-03 1.229692925916219849e-02 1.232450021012827497e-03
4.933874756871159048e-03 1.229692925916219849e-02 1.540562526266034318e-03
4.933874756871159048e-03 1.229692925916219849e-02 1.848675031519241355e-03
4.933874756871159048e-03 1.229692925916219849e-02 2.156787536772447958e-03
4.933874756871159048e-03 1.537116157395274768e-02 0.000000000000000000e+00
4.933874756871159048e-03 1.537116157395274768e-02 3.081125052532068744e-04
4.933874756871159048e-03 1.537116157395274768e-02 6.162250105064137487e-04
4.933874756871159048e-03 1.537116157395274768e-02 9.243375157596206773e-04
4.933874756871159048e-03 1.537116157395274768e-02 1.232450021012827497e-03
4.933874756871159048e-03 1.537116157395274768e-02 1.540562526266034318e-03
4.933874756871159048e-03 1.537116157395274768e-02 1.848675031519241355e-03
4.933874756871159048e-03 1.537116157395274768e-02 2.156787536772447958e-03
4.933874756871159048e-03 1.844539388874329860e-02 0.000000000000000000e+00
4.933874756871159048e-03 1.844539388874329860e-02 3.081125052532068744e-04
4.933874756871159048e-03 1.844539388874329860e-02 6.162250105064137487e-04
4.933874756871159048e-03 1.844539388874329860e-02 9.243375157596206773e-04
4.933874756871159048e-03 1.844539388874329860e-02 1.232450021012827497e-03
4.933874756871159048e-03 1.844539388874329860e-02 1.540562526266034318e-03
4.933874756871159048e-03 1.844539388874329860e-02 1.848675031519241355e-03
4.933874756871159048e-03 1.844539388874329860e-02 2.156787536772447958e-03
4.933874756871159048e-03 2.151962620353384606e-02 0.000000000000000000e+00
4.933874756871159048e-03 2.151962620353384606e-02 3.081125052532068744e-04
4.933874756871159048e-03 2.151962620353384606e-02 6.162250105064137487e-04
4.933874756871159048e-03 2.151962620353384606e-02 9.243375157596206773e-04
4.933874756871159048e-03 2.151962620353384606e-02 1.232450021012827497e-03
4.933874756871159048e-03 2.151962620353384606e-02 1.540562526266034318e-03
4.933874756871159048e-03 2.151962620353384606e-02 1.848675031519241355e-03
4.933874756871159048e-03 2.151962620353384606e-02 2.156787536772447958e-03
4.933874756871159048e-03 2.459385851832439698e-02 0.000000000000000000e+00
4.933874756871159048e-03 2.459385851832439698e-02 3.081125052532068744e-04
4.933874756871159048e-03 2.459385851832439698e-02 6.162250105064137487e-04
4.933874756871159048e-03 2.459385851832439698e-02 9.243375157596206773e-04
4.933874756871159048e-03 2.459385851832439698e-02 1.232450021012827497e-03
4.933874756871159048e-03 2.459385851832439698e-02 1.540562526266034318e-03
4.933874756871159048e-03 2.459385851832439698e-02 1.848675031519241355e-03
4.933874756871159048e-03 2.459385851832439698e-02 2.156787536772447958e-03
4.933874756871159048e-03 2.766809083311494791e-02 0.000000000000000000e+00
4.933874756871159048e-03 2.766809083311494791e-02 3.081125052532068744e-04
4.933874756871159048e-03 2.766809083311494791e-02 6.162250105064137487e-04
4.933874756871159048e-03 2.766809083311494791e-02 9.243375157596206773e-04
4.933874756871159048e-03 2.766809083311494791e-02 1.232450021012827497e-03
4.933874756871159048e-03 2.766809083311494791e-02 1.540562526266034318e-03
4.933874756871159048e-03 2.766809083311494791e-02 1.848675031519241355e-03
4.933874756871159048e-03 2.766809083311494791e-02 2.156787536772447958e-03
4.933874756871159048e-03 3.074232314790549536e-02 0.000000000000000000e+00
4.933874756871159048e-03 3.074232314790549536e-02 3.081125052532068744e-04
4.933874756871159048e-03 3.074232314790549536e-02 6.162250105064137487e-04
4.933874756871159048e-03 3.074232314790549536e-02 9.243375157596206773e-04
4.933874756871159048e-03 3.074232314790549536e-02 1.232450021012827497e-03
4.933874756871159048e-03 3.074232314790549536e-02 1.540562526266034318e-03
4.933874756871159048e-03 3.074232314790549536e-02 1.848675031519241355e-03
4.933874756871159048e-03 3.074232314790549536e-02 2.156787536772447958e-03
4.933874756871159048e-03 3.381655546269604629e-02 0.000000000000000000e+00
4.933874756871159048e-03 3.381655546269604629e-02 3.081125052532068744e-04
4.933874756871159048e-03 3.381655546269604629e-02 6.162250105064137487e-04
4.933874756871159048e-03 3.381655546269604629e-02 9.243375157596206773e-04
4.933874756871159048e-03 3.381655546269604629e-02 1.232450021012827497e-03
4.933874756871159048e-03 3.381655546269604629e-02 1.540562526266034318e-03
4.933874756871159048e-03 3.381655546269604629e-02 1.848675031519241355e-03
4.933874756871159048e-03 3.381655546269604629e-02 2.156787536772447958e-03
4.933874756871159048e-03 3.689078777748659721e-02 0.000000000000000000e+00
4.933874756871159048e-03 3.689078777748659721e-02 3.081125052532068744e-04
4.933874756871159048e-03 3.689078777748659721e-02 6.162250105064137487e-04
4.933874756871159048e-03 3.689078777748659721e-02 9.243375157596206773e-04
4.933874756871159048e-03 3.689078777748659721e-02 1.232450021012827497e-03
4.933874756871159048e-03 3.689078777748659721e-02 1.540562526266034318e-03
4.933874756871159048e-03 3.689078777748659721e-02 1.848675031519241355e-03
4.933874756871159048e-03 3.689078777748659721e-02 2.156787536772447958e-03
4.933874756871159048e-03 3.996502009227714813e-02 0.000000000000000000e+00
4.933874756871159048e-03 3.996502009227714813e-02 3.081125052532068744e-04
4.933874756871159048e-03 3.996502009227714813e-02 6.162250105064137487e-04
4.933874756871159048e-03 3.996502009227714813e-02 9.243375157596206773e-04
4.933874756871159048e-03 3.996502009227714813e-02 1.232450021012827497e-03
4.933874756871159048e-03 3.996502009227714813e-02 1.540562526266034318e-03
4.933874756871159048e-03 3.996502009227714813e-02 1.848675031519241355e-03
4.933874756871159048e-03 3.996502009227714813e-02 2.156787536772447958e-03
4.933874756871159048e-03 4.303925240706769212e-02 0.000000000000000000e+00
4.933874756871159048e-03 4.303925240706769212e-02 3.081125052532068744e-04
4.933874756871159048e-03 4.303925240706769212e-02 6.162250105064137487e-04
4.933874756871159048e-03 4.303925240706769212e-02 9.243375157596206773e-04
4.933874756871159048e-03 4.303925240706769212e-02 1.232450021012827497e-03
4.933874756871159048e-03 4.303925240706769212e-02 1.540562526266034318e-03
4.933874756871159048e-03 4.303925240706769212e-02 1.848675031519241355e-03
4.933874756871159048e-03 4.303925240706769212e-02 2.156787536772447958e-03
6.578499675828212642e-03 0.000000000000000000e+00 0.000000000000000000e+00
6.578499675828212642e-03 0.000000000000000000e+00 3.081125052532068744e-04
6.578499675828212642e-03 0.000000000000000000e+00 6.162250105064137487e-04
6.578499675828212642e-03 0.000000000000000000e+00 9.243375157596206773e-04
6.578499675828212642e-03 0.000000000000000000e+00 1.232450021012827497e-03
6.578499675828212642e-03 0.000000000000000000e+00 1.540562526266034318e-03
6.578499675828212642e-03 0.000000000000000000e+00 1.848675031519241355e-03
6.578499675828212642e-03 0.000000000000000000e+00 2.156787536772447958e-03
6.578499675828212642e-03 3.074232314790549623e-03 0.000000000000000000e+00
6.578499675828212642e-03 3.074232314790549623e-03 3.081125052532068744e-04
6.578499675828212642e-03 3.074232314790549623e-03 6.162250105064137487e-04
6.578499675828212642e-03 3.074232314790549623e-03 9.243375157596206773e-04
6.578499675828212642e-03 3.074232314790549623e-03 1.232450021012827497e-03
6.578499675828212642e-03 3.074232314790549623e-03 1.540562526266034318e-03
6.578499675828212642e-03 3.074232314790549623e-03 1.848675031519241355e-03
6.578499675828212642e-03 3.074232314790549623e-03 2.156787536772447958e-03
6.578499675828212642e-03 6.148464629581099246e-03 0.000000000000000000e+00
6.578499675828212642e-03 6.148464629581099246e-03 3.081125052532068744e-04
6.578499675828212642e-03 6.148464629581099246e-03 6.162250105064137487e-04
6.578499675828212642e-03 6.148464629581099246e-03 9.243375157596206773e-04
6.578499675828212642e-03 6.148464629581099246e-03 1.232450021012827497e-03
6.578499675828212642e-03 6.148464629581099246e-03 1.540562526266034318e-03
6.578499675828212642e-03 6.148464629581099246e-03 1.848675031519241355e-03
6.578499675828212642e-03 6.148464629581099246e-03 2.156787536772447958e-03
6.578499675828212642e-03 9.222696944371649302e-03 0.000000000000000000e+00
6.578499675828212642e-03 9.222696944371649302e-03 3.081125052532068744e-04
6.578499675828212642e-03 9.222696944371649302e-03 6.162250105064137487e-04
6.578499675828212642e-03 9.222696944371649302e-03 9.243375157596206773e-04
6.578499675828212642e-03 9.222696944371649302e-03 1.232450021012827497e-03
6.578499675828212642e-03 9.222696944371649302e-03 1.540562526266034318e-03
6.578499675828212642e-03 9.222696944371649302e-03 1.848675031519241355e-03
6.578499675828212642e-03 9.222696944371649302e-03 2.156787536772447958e-03
6.578499675828212642e-03 1.229692925916219849e-02 0.000000000000000000e+00
6.578499675828212642e-03 1.229692925916219849e-02 3.081125052532068744e-04
6.578499675828212642e-03 1.229692925916219849e-02 6.162250105064137487e-04
6.578499675828212642e-03 1.229692925916219849e-02 9.243375157596206773e-04
6.578499675828212642e-03 1.229692925916219849e-02 1.232450021012827497e-03
6.578499675828212642e-03 1.229692925916219849e-02 1.540562526266034318e-03
6.578499675828212642e-03 1.229692925916219849e-02 1.848675031519241355e-03
6.578499675828212642e-03 1.229692925916219849e-02 2.156787536772447958e-03
6.578499675828212642e-03 1.537116157395274768e-02 0.000000000000000000e+00
6.578499675828212642e-03 1.537116157395274768e-02 3.081125052532068744e-04
6.578499675828212642e-03 1.537116157395274768e-02 6.162250105064137487e-04
6.578499675828212642e-03 1.537116157395274768e-02 9.243375157596206773e-04
6.578499675828212642e-03 1.537116157395274768e-02 1.232450021012827497e-03
6.578499675828212642e-03 1.537116157395274768e-02 1.540562526266034318e-03
6.578499675828212642e-03 1.537116157395274768e-02 1.848675031519241355e-03
6.578499675828212642e-03 1.537116157395274768e-02 2.156787536772447958e-03
6.578499675828212642e-03 1.844539388874329860e-02 0.000000000000000000e+00
6.578499675828212642e-03 1.844539388874329860e-02 3.081125052532068744e-04
6.578499675828212642e-03 1.844539388874329860e-02 6.162250105064137487e-04
6.578499675828212642e-03 1.844539388874329860e-02 9.243375157596206773e-04
6.578499675828212642e-03 1.844539388874329860e-02 1.232450021012827497e-03
6.578499675828212642e-03 1.844539388874329860e-02 1.540562526266034318e-03
6.578499675828212642e-03 1.844539388874329860e-02 1.848675031519241355e-03
6.578499675828212642e-03 1.844539388874329860e-02 2.156787536772447958e-03
6.578499675828212642e-03 2.151962620353384606e-02 0.000000000000000000e+00
6.578499675828212642e-03 2.151962620353384606e-02 3.081125052532068744e-04
6.578499675828212642e-03 2.151962620353384606e-02 6.162250105064137487e-04
6.578499675828212642e-03 2.151962620353384606e-02 9.243375157596206773e-04
6.578499675828212642e-03 2.151962620353384606e-02 1.232450021012827497e-03
6.578499675828212642e-03 2.151962620353384606e-02 1.540562526266034318e-03
6.578499675828212642e-03 2.151962620353384606e-02 1.848675031519241355e-03
6.578499675828212642e-03 2.151962620353384606e-02 2.156787536772447958e-03
6.578499675828212642e-03 2.459385851832439698e-02 0.000000000000000000e+00
6.578499675828212642e-03 2.459385851832439698e-02 3.081125052532068744e-04
6.578499675828212642e-03 2.459385851832439698e-02 6.162250105064137487e-04
6.578499675828212642e-03 2.459385851832439698e-02 9.243375157596206773e-04
6.578499675828212642e-03 2.459385851832439698e-02 1.232450021012827497e-03
6.578499675828212642e-03 2.459385851832439698e-02 1.540562526266034318e-03
6.578499675828212642e-03 2.459385851832439698e-02 1.848675031519241355e-03
6.578499675828212642e-03 2.459385851832439698e-02 2.156787536772447958e-03
6.578499675828212642e-03 2.766809083311494791e-02 0.000000000000000000e+00
6.578499675828212642e-03 2.766809083311494791e-02 3.081125052532068744e-04
6.578499675828212642e-03 2.766809083311494791e-02 6.162250105064137487e-04
6.578499675828212642e-03 2.766809083311494791e-02 9.243375157596206773e-04
6.578499675828212642e-03 2.766809083311494791e-02 1.232450021012827497e-03
6.578499675828212642e-03 2.766809083311494791e-02 1.540562526266034318e-03
6.578499675828212642e-03 2.766809083311494791e-02 1.848675031519241355e-03
6.578499675828212642e-03 2.766809083311494791e-02 2.156787536772447958e-03
6.578499675828212642e-03 3.074232314790549536e-02 0.000000000000000000e+00
6.578499675828212642e-03 3.074232314790549536e-02 3.081125052532068744e-04
6.578499675828212642e-03 3.074232314790549536e-02 6.162250105064137487e-04
6.578499675828212642e-03 3.074232314790549536e-02 9.243375157596206773e-04
6.578499675828212642e-03 3.074232314790549536e-02 1.232450021012827497e-03
6.578499675828212642e-03 3.074232314790549536e-02 1.540562526266034318e-03
6.578499675828212642e-03 3.074232314790549536e-02 1.848675031519241355e-03
6.578499675828212642e-03 3.074232314790549536e-02 2.156787536772447958e-03
6.578499675828212642e-03 3.381655546269604629e-02 0.000000000000000000e+00
6.578499675828212642e-03 3.381655546269604629e-02 3.081125052532068744e-04
6.578499675828212642e-03 3.381655546269604629e-02 6.162250105064137487e-04
6.578499675828212642e-03 3.381655546269604629e-02 9.243375157596206773e-04
6.578499675828212642e-03 3.381655546269604629e-02 1.232450021012827497e-03
6.578499675828212642e-03 3.381655546269604629e-02 1.540562526266034318e-03
6.578499675828212642e-03 3.381655546269604629e-02 1.848675031519241355e-03
6.578499675828212642e-03 3.381655546269604629e-02 2.156787536772447958e-03
6.578499675828212642e-03 3.689078777748659721e-02 0.000000000000000000e+00
6.578499675828212642e-03 3.689078777748659721e-02 3.081125052532068744e-04
6.578499675828212642e-03 3.689078777748659721e-02 6.162250105064137487e-04
6.578499675828212642e-03 3.689078777748659721e-02 9.243375157596206773e-04
6.578499675828212642e-03 3.689078777748659721e-02 1.232450021012827497e-03
6.578499675828212642e-03 3.689078777748659721e-02 1.540562526266034318e-03
6.578499675828212642e-03 3.689078777748659721e-02 1.848675031519241355e-03
6.578499675828212642e-03 3.689078777748659721e-02 2.156787536772447958e-03
6.578499675828212642e-03 3.996502009227714813e-02 0.000000000000000000e+00
6.578499675828212642e-03 3.996502009227714813e-02 3.081125052532068744e-04
6.578499675828212642e-03 3.996502009227714813e-02 6.162250105064137487e-04
6.578499675828212642e-03 3.996502009227714813e-02 9.243375157596206773e-04
6.578499675828212642e-03 3.996502009227714813e-02 1.232450021012827497e-03
6.578499675828212642e-03 3.996502009227714813e-02 1.540562526266034318e-03
6.578499675828212642e-03 3.996502009227714813e-02 1.848675031519241355e-03
6.578499675828212642e-03 3.996502009227714813e-02 2.156787536772447958e-03
6.578499675828212642e-03 4.303925240706769212e-02 0.000000000000000000e+00
6.578499675828212642e-03 4.303925240706769212e-02 3.081125052532068744e-04
6.578499675828212642e-03 4.303925240706769212e-02 6.162250105064137487e-04
6.578499675828212642e-03 4.303925240706769212e-02 9.243375157596206773e-04
6.578499675828212642e-03 4.303925240706769212e-02 1.232450021012827497e-03
6.578499675828212642e-03 4.303925240706769212e-02 1.540562526266034318e-03
6.578499675828212642e-03 4.303925240706769212e-02 1.848675031519241355e-03
6.578499675828212642e-03 4.303925240706769212e-02 2.156787536772447958e-03
8.223124594785266236e-03 0.000000000000000000e+00 0.000000000000000000e+00
8.223124594785266236e-03 0.000000000000000000e+00 3.081125052532068744e-04
8.223124594785266236e-03 0.000000000000000000e+00 6.162250105064137487e-04
8.223124594785266236e-03 0.000000000000000000e+00 9.243375157596206773e-04
8.223124594785266236e-03 0.000000000000000000e+00 1.232450021012827497e-03
8.223124594785266236e-03 0.000000000000000000e+00 1.540562526266034318e-03
8.223124594785266236e-03 0.000000000000000000e+00 1.848675031519241355e-03
8.223124594785266236e-03 0.000000000000000000e+00 2.156787536772447958e-03
8.223124594785266236e-03 3.074232314790549623e-03 0.000000000000000000e+00
8.223124594785266236e-03 3.074232314790549623e-03 3.081125052532068744e-04
8.223124594785266236e-03 3.074232314790549623e-03 6.162250105064137487e-04
8.223124594785266236e-03 3.074232314790549623e-03 9.243375157596206773e-04
8.223124594785266236e-03 3.074232314790549623e-03 1.232450021012827497e-03
8.223124594785266236e-03 3.074232314790549623e-03 1.540562526266034318e-03
8.223124594785266236e-03 3.074232314790549623e-03 1.848675031519241355e-03
8.223124594785266236e-03 3.074232314790549623e-03 2.156787536772447958e-03
8.223124594785266236e-03 6.148464629581099246e-03 0.000000000000000000e+00
8.223124594785266236e-03 6.148464629581099246e-03 3.081125052532068744e-04
8.223124594785266236e-03 6.148464629581099246e-03 6.162250105064137487e-04
8.223124594785266236e-03 6.148464629581099246e-03 9.243375157596206773e-04
8.223124594785266236e-03 6.148464629581099246e-03 1.232450021012827497e-03
8.223124594785266236e-03 6.148464629581099246e-03 1.540562526266034318e-03
8.223124594785266236e-03 6.148464629581099246e-03 1.848675031519241355e-03
8.223124594785266236e-03 6.148464629581099246e-03 2.156787536772447958e-03
8.223124594785266236e-03 9.222696944371649302e-03 0.000000000000000000e+00
8.223124594785266236e-03 9.222696944371649302e-03 3.081125052532068744e-04
8.223124594785266236e-03 9.222696944371649302e-03 6.162250105064137487e-04
8.223124594785266236e-03 9.222696944371649302e-03 9.243375157596206773e-04
8.223124594785266236e-03 9.222696944371649302e-03 1.232450021012827497e-03
8.223124594785266236e-03 9.222696944371649302e-03 1.540562526266034318e-03
8.223124594785266236e-03 9.222696944371649302e-03 1.848675031519241355e-03
8.223124594785266236e-03 9.222696944371649302e-03 2.156787536772447958e-03
8.223124594785266236e-03 1.229692925916219849e-02 0.000000000000000000e+00
8.223124594785266236e-03 1.229692925916219849e-02 3.081125052532068744e-04
8.223124594785266236e-03 1.229692925916219849e-02 6.162250105064137487e-04
8.223124594785266236e-03 1.229692925916219849e-02 9.243375157596206773e-04
8.223124594785266236e-03 1.229692925916219849e-02 1.232450021012827497e-03
8.223124594785266236e-03 1.229692925916219849e-02 1.540562526266034318e-03
8.223124594785266236e-03 1.229692925916219849e-02 1.848675031519241355e-03
8.223124594785266236e-03 1.229692925916219849e-02 2.156787536772447958e-03
8.223124594785266236e-03 1.537116157395274768e-02 0.000000000000000000e+00
8.223124594785266236e-03 1.537116157395274768e-02 3.081125052532068744e-04
8.223124594785266236e-03 1.537116157395274768e-02 6.162250105064137487e-04
8.223124594785266236e-03 1.537116157395274768e-02 9.243375157596206773e-04
8.223124594785266236e-03 1.537116157395274768e-02 1.232450021012827497e-03
8.223124594785266236e-03 1.537116157395274768e-02 1.540562526266034318e-03
8.223124594785266236e-03 1.537116157395274768e-02 1.848675031519241355e-03
8.223124594785266236e-03 1.537116157395274768e-02 2.156787536772447958e-03
8.223124594785266236e-03 1.844539388874329860e-02 0.000000000000000000e+00
8.223124594785266236e-03 1.844539388874329860e-02 3.081125052532068744e-04
8.223124594785266236e-03 1.844539388874329860e-02 6.162250105064137487e-04
8.223124594785266236e-03 1.844539388874329860e-02 9.243375157596206773e-04
8.223124594785266236e-03 1.844539388874329860e-02 1.232450021012827497e-03
8.223124594785266236e-03 1.844539388874329860e-02 1.540562526266034318e-03
8.223124594785266236e-03 1.844539388874329860e-02 1.848675031519241355e-03
8.223124594785266236e-03 1.844539388874329860e-02 2.156787536772447958e-03
8.223124594785266236e-03 2.151962620353384606e-02 0.000000000000000000e+00
8.223124594785266236e-03 2.151962620353384606e-02 3.081125052532068744e-04
8.223124594785266236e-03 2.151962620353384606e-02 6.162250105064137487e-04
8.223124594785266236e-03 2.151962620353384606e-02 9.243375157596206773e-04
8.223124594785266236e-03 2.151962620353384606e-02 1.232450021012827497e-03
8.223124594785266236e-03 2.151962620353384606e-02 1.540562526266034318e-03
8.223124594785266236e-03 2.151962620353384606e-02 1.848675031519241355e-03
8.223124594785266236e-03 2.151962620353384606e-02 2.156787536772447958e-03
8.223124594785266236e-03 2.459385851832439698e-02 0.000000000000000000e+00
8.223124594785266236e-03 2.459385851832439698e-02 3.081125052532068744e-04
8.223124594785266236e-03 2.459385851832439698e-02 6.162250105064137487e-04
8.223124594785266236e-03 2.459385851832439698e-02 9.243375157596206773e-04
8.223124594785266236e-03 2.459385851832439698e-02 1.232450021012827497e-03
8.223124594785266236e-03 2.459385851832439698e-02 1.540562526266034318e-03
8.223124594785266236e-03 2.459385851832439698e-02 1.848675031519241355e-03
8.223124594785266236e-03 2.459385851832439698e-02 2.156787536772447958e-03
8.223124594785266236e-03 2.766809083311494791e-02 0.000000000000000000e+00
8.223124594785266236e-03 2.766809083311494791e-02 3.081125052532068744e-04
8.223124594785266236e-03 2.766809083311494791e-02 6.162250105064137487e-04
8.223124594785266236e-03 2.766809083311494791e-02 9.243375157596206773e-04
8.223124594785266236e-03 2.766809083311494791e-02 1.232450021012827497e-03
8.223124594785266236e-03 2.766809083311494791e-02 1.540562526266034318e-03
8.223124594785266236e-03 2.766809083311494791e-02 1.848675031519241355e-03
8.223124594785266236e-03 2.766809083311494791e-02 2.156787536772447958e-03
8.223124594785266236e-03 3.074232314790549536e-02 0.000000000000000000e+00
8.223124594785266236e-03 3.074232314790549536e-02 3.081125052532068744e-04
8.223124594785266236e-03 3.074232314790549536e-02 6.162250105064137487e-04
8.223124594785266236e-03 3.074232314790549536e-02 9.243375157596206773e-04
8.223124594785266236e-03 3.074232314790549536e-02 1.232450021012827497e-03
8.223124594785266236e-03 3.074232314790549536e-02 1.540562526266034318e-03
8.223124594785266236e-03 3.074232314790549536e-02 1.848675031519241355e-03
8.223124594785266236e-03 3.074232314790549536e-02 2.156787536772447958e-03
8.223124594785266236e-03 3.381655546269604629e-02 0.000000000000000000e+00
8.223124594785266236e-03 3.381655546269604629e-02 3.081125052532068744e-04
8.223124594785266236e-03 3.381655546269604629e-02 6.162250105064137487e-04
8.223124594785266236e-03 3.381655546269604629e-02 9.243375157596206773e-04
8.223124594785266236e-03 3.381655546269604629e-02 1.232450021012827497e-03
8.223124594785266236e-03 3.381655546269604629e-02 1.540562526266034318e-03
8.223124594785266236e-03 3.381655546269604629e-02 1.848675031519241355e-03
8.223124594785266236e-03 3.381655546269604629e-02 2.156787536772447958e-03
8.223124594785266236e-03 3.689078777748659721e-02 0.000000000000000000e+00
8.223124594785266236e-03 3.689078777748659721e-02 3.081125052532068744e-04
8.223124594785266236e-03 3.689078777748659721e-02 6.162250105064137487e-04
8.223124594785266236e-03 3.689078777748659721e-02 9.243375157596206773e-04
8.223124594785266236e-03 3.689078777748659721e-02 1.232450021012827497e-03
8.223124594785266236e-03 3.689078777748659721e-02 1.540562526266034318e-03
8.223124594785266236e-03 3.689078777748659721e-02 1.848675031519241355e-03
8.223124594785266236e-03 3.689078777748659721e-02 2.156787536772447958e-03
8.223124594785266236e-03 3.996502009227714813e-02 0.000000000000000000e+00
8.223124594785266236e-03 3.996502009227714813e-02 3.081125052532068744e-04
8.223124594785266236e-03 3.996502009227714813e-02 6.162250105064137487e-04
8.223124594785266236e-03 3.996502009227714813e-02 9.243375157596206773e-04
8.223124594785266236e-03 3.996502009227714813e-02 1.232450021012827497e-03
8.223124594785266236e-03 3.996502009227714813e-02 1.540562526266034318e-03
8.223124594785266236e-03 3.996502009227714813e-02 1.848675031519241355e-03
8.223124594785266236e-03 3.996502009227714813e-02 2.156787536772447958e-03
8.223124594785266236e-03 4.303925240706769212e-02 0.000000000000000000e+00
8.223124594785266236e-03 4.303925240706769212e-02 3.081125052532068744e-04
8.223124594785266236e-03 4.303925240706769212e-02 6.162250105064137487e-04
8.223124594785266236e-03 4.303925240706769212e-02 9.243375157596206773e-04
8.223124594785266236e-03 4.303925240706769212e-02 1.232450021012827497e-03
8.223124594785266236e-03 4.303925240706769212e-02 1.540562526266034318e-03
8.223124594785266236e-03 4.303925240706769212e-02 1.848675031519241355e-03
8.223124594785266236e-03 4.303925240706769212e-02 2.156787536772447958e-03
9.867749513742318096e-03 0.000000000000000000e+00 0.000000000000000000e+00
9.867749513742318096e-03 0.000000000000000000e+00 3.081125052532068744e-04
9.867749513742318096e-03 0.000000000000000000e+00 6.162250105064137487e-04
9.867749513742318096e-03 0.000000000000000000e+00 9.243375157596206773e-04
9.867749513742318096e-03 0.000000000000000000e+00 1.232450021012827497e-03
9.867749513742318096e-03 0.000000000000000000e+00 1.540562526266034318e-03
9.867749513742318096e-03 0.000000000000000000e+00 1.848675031519241355e-03
9.867749513742318096e-03 0.000000000000000000e+00 2.156787536772447958e-03
9.867749513742318096e-03 3.074232314790549623e-03 0.000000000000000000e+00
9.867749513742318096e-03 3.074232314790549623e-03 3.081125052532068744e-04
9.867749513742318096e-03 3.074232314790549623e-03 6.162250105064137487e-04
9.867749513742318096e-03 3.074232314790549623e-03 9.243375157596206773e-04
9.867749513742318096e-03 3.074232314790549623e-03 1.232450021012827497e-03
9.867749513742318096e-03 3.074232314790549623e-03 1.540562526266034318e-03
9.867749513742318096e-03 3.074232314790549623e-03 1.848675031519241355e-03
9.867749513742318096e-03 3.074232314790549623e-03 2.156787536772447958e-03
9.867749513742318096e-03 6.148464629581099246e-03 0.000000000000000000e+00
9.867749513742318096e-03 6.148464629581099246e-03 3.081125052532068744e-04
9.867749513742318096e-03 6.148464629581099246e-03 6.162250105064137487e-04
9.867749513742318096e-03 6.148464629581099246e-03 9.243375157596206773e-04
9.867749513742318096e-03 6.148464629581099246e-03 1.232450021012827497e-03
9.867749513742318096e-03 6.148464629581099246e-03 1.540562526266034318e-03
9.867749513742318096e-03 6.148464629581099246e-03 1.848675031519241355e-03
9.867749513742318096e-03 6.148464629581099246e-03 2.156787536772447958e-03
9.867749513742318096e-03 9.222696944371649302e-03 0.000000000000000000e+00
9.867749513742318096e-03 9.222696944371649302e-03 3.081125052532068744e-04
9.867749513742318096e-03 9.222696944371649302e-03 6.162250105064137487e-04
9.867749513742318096e-03 9.222696944371649302e-03 9.243375157596206773e-04
9.867749513742318096e-03 9.222696944371649302e-03 1.232450021012827497e-03
9.867749513742318096e-03 9.222696944371649302e-03 1.540562526266034318e-03
9.867749513742318096e-03 9.222696944371649302e-03 1.848675031519241355e-03
9.867749513742318096e-03 9.222696944371649302e-03 2.156787536772447958e-03
9.867749513742318096e-03 1.229692925916219849e-02 0.000000000000000000e+00
9.867749513742318096e-03 1.229692925916219849e-02 3.081125052532068744e-04
9.867749513742318096e-03 1.229692925916219849e-02 6.162250105064137487e-04
9.867749513742318096e-03 1.229692925916219849e-02 9.243375157596206773e-04
9.867749513742318096e-03 1.229692925916219849e-02 1.232450021012827497e-03
9.867749513742318096e-03 1.229692925916219849e-02 1.540562526266034318e-03
9.867749513742318096e-03 1.229692925916219849e-02 1.848675031519241355e-03
9.867749513742318096e-03 1.229692925916219849e-02 2.156787536772447958e-03
9.867749513742318096e-03 1.537116157395274768e-02 0.000000000000000000e+00
9.867749513742318096e-03 1.537116157395274768e-02 3.081125052532068744e-04
9.867749513742318096e-03 1.537116157395274768e-02 6.162250105064137487e-04
9.867749513742318096e-03 1.537116157395274768e-02 9.243375157596206773e-04
9.867749513742318096e-03 1.537116157395274768e-02 1.232450021012827497e-03
9.867749513742318096e-03 1.537116157395274768e-02 1.540562526266034318e-03
9.867749513742318096e-03 1.537116157395274768e-02 1.848675031519241355e-03
9.867749513742318096e-03 1.537116157395274768e-02 2.156787536772447958e-03
9.867749513742318096e-03 1.844539388874329860e-02 0.000000000000000000e+00
9.867749513742318096e-03 1.844539388874329860e-02 3.081125052532068744e-04
9.867749513742318096e-03 1.844539388874329860e-02 6.162250105064137487e-04
9.867749513742318096e-03 1.844539388874329860e-02 9.243375157596206773e-04
9.867749513742318096e-03 1.844539388874329860e-02 1.232450021012827497e-03
9.867749513742318096e-03 1.844539388874329860e-02 1.540562526266034318e-03
9.867749513742318096e-03 1.844539388874329860e-02 1.848675031519241355e-03
9.867749513742318096e-03 1.844539388874329860e-02 2.156787536772447958e-03
9.867749513742318096e-03 2.151962620353384606e-02 0.000000000000000000e+00
9.867749513742318096e-03 2.151962620353384606e-02 3.081125052532068744e-04
9.867749513742318096e-03 2.151962620353384606e-02 6.162250105064137487e-04
9.867749513742318096e-03 2.151962620353384606e-02 9.243375157596206773e-04
9.867749513742318096e-03 2.151962620353384606e-02 1.232450021012827497e-03
9.867749513742318096e-03 2.151962620353384606e-02 1.540562526266034318e-03
9.867749513742318096e-03 2.151962620353384606e-02 1.848675031519241355e-03
9.867749513742318096e-03 2.151962620353384606e-02 2.156787536772447958e-03
9.867749513742318096e-03 2.459385851832439698e-02 0.000000000000000000e+00
9.867749513742318096e-03 2.459385851832439698e-02 3.081125052532068744e-04
9.867749513742318096e-03 2.459385851832439698e-02 6.162250105064137487e-04
9.867749513742318096e-03 2.459385851832439698e-02 9.243375157596206773e-04
9.867749513742318096e-03 2.459385851832439698e-02 1.232450021012827497e-03
9.867749513742318096e-03 2.459385851832439698e-02 1.540562526266034318e-03
9.867749513742318096e-03 2.459385851832439698e-02 1.848675031519241355e-03
9.867749513742318096e-03 2.459385851832439698e-02 2.156787536772447958e-03
9.867749513742318096e-03 2.766809083311494791e-02 0.000000000000000000e+00
9.867749513742318096e-03 2.766809083311494791e-02 3.081125052532068744e-04
9.867749513742318096e-03 2.766809083311494791e-02 6.162250105064137487e-04
9.867749513742318096e-03 2.766809083311494791e-02 9.243375157596206773e-04
9.867749513742318096e-03 2.766809083311494791e-02 1.232450021012827497e-03
9.867749513742318096e-03 2.766809083311494791e-02 1.540562526266034318e-03
9.867749513742318096e-03 2.766809083311494791e-02 1.848675031519241355e-03
9.867749513742318096e-03 2.766809083311494791e-02 2.156787536772447958e-03
9.867749513742318096e-03 3.074232314790549536e-02 0.000000000000000000e+00
9.867749513742318096e-03 3.074232314790549536e-02 3.081125052532068744e-04
9.867749513742318096e-03 3.074232314790549536e-02 6.162250105064137487e-04
9.867749513742318096e-03 3.074232314790549536e-02 9.243375157596206773e-04
9.867749513742318096e-03 3.074232314790549536e-02 1.232450021012827497e-03
9.867749513742318096e-03 3.074232314790549536e-02 1.540562526266034318e-03
9.867749513742318096e-03 3.074232314790549536e-02 1.848675031519241355e-03
9.867749513742318096e-03 3.074232314790549536e-02 2.156787536772447958e-03
9.867749513742318096e-03 3.381655546269604629e-02 0.000000000000000000e+00
9.867749513742318096e-03 3.381655546269604629e-02 3.081125052532068744e-04
9.867749513742318096e-03 3.381655546269604629e-02 6.162250105064137487e-04
9.867749513742318096e-03 3.381655546269604629e-02 9.243375157596206773e-04
9.867749513742318096e-03 3.381655546269604629e-02 1.232450021012827497e-03
9.867749513742318096e-03 3.381655546269604629e-02 1.540562526266034318e-03
9.867749513742318096e-03 3.381655546269604629e-02 1.848675031519241355e-03
9.867749513742318096e-03 3.381655546269604629e-02 2.156787536772447958e-03
9.867749513742318096e-03 3.689078777748659721e-02 0.000000000000000000e+00
9.867749513742318096e-03 3.689078777748659721e-02 3.081125052532068744e-04
9.867749513742318096e-03 3.689078777748659721e-02 6.162250105064137487e-04
9.867749513742318096e-03 3.689078777748659721e-02 9.243375157596206773e-04
9.867749513742318096e-03 3.689078777748659721e-02 1.232450021012827497e-03
9.867749513742318096e-03 3.689078777748659721e-02 1.540562526266034318e-03
9.867749513742318096e-03 3.689078777748659721e-02 1.848675031519241355e-03
9.867749513742318096e-03 3.689078777748659721e-02 2.156787536772447958e-03
9.867749513742318096e-03 3.996502009227714813e-02 0.000000000000000000e+00
9.867749513742318096e-03 3.996502009227714813e-02 3.081125052532068744e-04
9.867749513742318096e-03 3.996502009227714813e-02 6.162250105064137487e-04
9.867749513742318096e-03 3.996502009227714813e-02 9.243375157596206773e-04
9.867749513742318096e-03 3.996502009227714813e-02 1.232450021012827497e-03
9.867749513742318096e-03 3.996502009227714813e-02 1.540562526266034318e-03
9.867749513742318096e-03 3.996502009227714813e-02 1.848675031519241355e-03
9.867749513742318096e-03 3.996502009227714813e-02 2.156787536772447958e-03
9.867749513742318096e-03 4.303925240706769212e-02 0.000000000000000000e+00
9.867749513742318096e-03 4.303925240706769212e-02 3.081125052532068744e-04
9.867749513742318096e-03 4.303925240706769212e-02 6.162250105064137487e-04
9.867749513742318096e-03 4.303925240706769212e-02 9.243375157596206773e-04
9.867749513742318096e-03 4.303925240706769212e-02 1.232450021012827497e-03
9.867749513742318096e-03 4.303925240706769212e-02 1.540562526266034318e-03
9.867749513742318096e-03 4.303925240706769212e-02 1.848675031519241355e-03
9.867749513742318096e-03 4.303925240706769212e-02 2.156787536772447958e-03
1.151237443269937169e-02 0.000000000000000000e+00 0.000000000000000000e+00
1.151237443269937169e-02 0.000000000000000000e+00 3.081125052532068744e-04
1.151237443269937169e-02 0.000000000000000000e+00 6.162250105064137487e-04
1.151237443269937169e-02 0.000000000000000000e+00 9.243375157596206773e-04
1.151237443269937169e-02 0.000000000000000000e+00 1.232450021012827497e-03
1.151237443269937169e-02 0.000000000000000000e+00 1.540562526266034318e-03
1.151237443269937169e-02 0.000000000000000000e+00 1.848675031519241355e-03
1.151237443269937169e-02 0.000000000000000000e+00 2.156787536772447958e-03
1.151237443269937169e-02 3.074232314790549623e-03 0.000000000000000000e+00
1.151237443269937169e-02 3.074232314790549623e-03 3.081125052532068744e-04
1.151237443269937169e-02 3.074232314790549623e-03 6.162250105064137487e-04
1.151237443269937169e-02 3.074232314790549623e-03 9.243375157596206773e-04
1.151237443269937169e-02 3.074232314790549623e-03 1.232450021012827497e-03
1.151237443269937169e-02 3.074232314790549623e-03 1.540562526266034318e-03
1.151237443269937169e-02 3.074232314790549623e-03 1.848675031519241355e-03
1.151237443269937169e-02 3.074232314790549623e-03 2.156787536772447958e-03
1.151237443269937169e-02 6.148464629581099246e-03 0.000000000000000000e+00
1.151237443269937169e-02 6.148464629581099246e-03 3.081125052532068744e-04
1.151237443269937169e-02 6.148464629581099246e-03 6.162250105064137487e-04
1.151237443269937169e-02 6.148464629581099246e-03 9.243375157596206773e-04
1.151237443269937169e-02 6.148464629581099246e-03 1.232450021012827497e-03
1.151237443269937169e-02 6.148464629581099246e-03 1.540562526266034318e-03
1.151237443269937169e-02 6.148464629581099246e-03 1.848675031519241355e-03
1.151237443269937169e-02 6.148464629581099246e-03 2.156787536772447958e-03
1.151237443269937169e-02 9.222696944371649302e-03 0.000000000000000000e+00
1.151237443269937169e-02 9.222696944371649302e-03 3.081125052532068744e-04
1.151237443269937169e-02 9.222696944371649302e-03 6.162250105064137487e-04
1.151237443269937169e-02 9.222696944371649302e-03 9.243375157596206773e-04
1.151237443269937169e-02 9.222696944371649302e-03 1.232450021012827497e-03
1.151237443269937169e-02 9.222696944371649302e-03 1.540562526266034318e-03
1.151237443269937169e-02 9.222696944371649302e-03 1.848675031519241355e-03
1.151237443269937169e-02 9.222696944371649302e-03 2.156787536772447958e-03
1.151237443269937169e-02 1.229692925916219849e-02 0.000000000000000000e+00
1.151237443269937169e-02 1.229692925916219849e-02 3.081125052532068744e-04
1.151237443269937169e-02 1.229692925916219849e-02 6.162250105064137487e-04
1.151237443269937169e-02 1.229692925916219849e-02 9.243375157596206773e-04
1.151237443269937169e-02 1.229692925916219849e-02 1.232450021012827497e-03
1.151237443269937169e-02 1.229692925916219849e-02 1.540562526266034318e-03
1.151237443269937169e-02 1.229692925916219849e-02 1.848675031519241355e-03
1.151237443269937169e-02 1.229692925916219849e-02 2.156787536772447958e-03
1.151237443269937169e-02 1.537116157395274768e-02 0.000000000000000000e+00
1.151237443269937169e-02 1.537116157395274768e-02 3.081125052532068744e-04
1.151237443269937169e-02 1.537116157395274768e-02 6.162250105064137487e-04
1.151237443269937169e-02 1.537116157395274768e-02 9.243375157596206773e-04
1.151237443269937169e-02 1.537116157395274768e-02 1.232450021012827497e-03
1.151237443269937169e-02 1.537116157395274768e-02 1.540562526266034318e-03
1.151237443269937169e-02 1.537116157395274768e-02 1.848675031519241355e-03
1.151237443269937169e-02 1.537116157395274768e-02 2.156787536772447958e-03
1.151237443269937169e-02 1.844539388874329860e-02 0.000000000000000000e+00
1.151237443269937169e-02 1.844539388874329860e-02 3.081125052532068744e-04
1.151237443269937169e-02 1.844539388874329860e-02 6.162250105064137487e-04
1.151237443269937169e-02 1.844539388874329860e-02 9.243375157596206773e-04
1.151237443269937169e-02 1.844539388874329860e-02 1.232450021012827497e-03
1.151237443269937169e-02 1.844539388874329860e-02 1.540562526266034318e-03
1.151237443269937169e-02 1.844539388874329860e-02 1.848675031519241355e-03
1.151237443269937169e-02 1.844539388874329860e-02 2.156787536772447958e-03
1.151237443269937169e-02 2.151962620353384606e-02 0.000000000000000000e+00
1.151237443269937169e-02 2.151962620353384606e-02 3.081125052532068744e-04
1.151237443269937169e-02 2.151962620353384606e-02 6.162250105064137487e-04
1.151237443269937169e-02 2.151962620353384606e-02 9.243375157596206773e-04
1.151237443269937169e-02 2.151962620353384606e-02 1.232450021012827497e-03
1.151237443269937169e-02 2.151962620353384606e-02 1.540562526266034318e-03
1.151237443269937169e-02 2.151962620353384606e-02 1.848675031519241355e-03
1.151237443269937169e-02 2.151962620353384606e-02 2.156787536772447958e-03
1.151237443269937169e-02 2.459385851832439698e-02 0.000000000000000000e+00
1.151237443269937169e-02 2.459385851832439698e-02 3.081125052532068744e-04
1.151237443269937169e-02 2.459385851832439698e-02 6.162250105064137487e-04
1.151237443269937169e-02 2.459385851832439698e-02 9.243375157596206773e-04
1.151237443269937169e-02 2.459385851832439698e-02 1.232450021012827497e-03
1.151237443269937169e-02 2.459385851832439698e-02 1.540562526266034318e-03
1.151237443269937169e-02 2.459385851832439698e-02 1.848675031519241355e-03
1.151237443269937169e-02 2.459385851832439698e-02 2.156787536772447958e-03
1.151237443269937169e-02 2.766809083311494791e-02 0.000000000000000000e+00
1.151237443269937169e-02 2.766809083311494791e-02 3.081125052532068744e-04
1.151237443269937169e-02 2.766809083311494791e-02 6.162250105064137487e-04
1.151237443269937169e-02 2.766809083311494791e-02 9.243375157596206773e-04
1.151237443269937169e-02 2.766809083311494791e-02 1.232450021012827497e-03
1.151237443269937169e-02 2.766809083311494791e-02 1.540562526266034318e-03
1.151237443269937169e-02 2.766809083311494791e-02 1.848675031519241355e-03
1.151237443269937169e-02 2.766809083311494791e-02 2.156787536772447958e-03
1.151237443269937169e-02 3.074232314790549536e-02 0.000000000000000000e+00
1.151237443269937169e-02 3.074232314790549536e-02 3.081125052532068744e-04
1.151237443269937169e-02 3.074232314790549536e-02 6.162250105064137487e-04
1.151237443269937169e-02 3.074232314790549536e-02 9.243375157596206773e-04
1.151237443269937169e-02 3.074232314790549536e-02 1.232450021012827497e-03
1.151237443269937169e-02 3.074232314790549536e-02 1.540562526266034318e-03
1.151237443269937169e-02 3.074232314790549536e-02 1.848675031519241355e-03
1.151237443269937169e-02 3.074232314790549536e-02 2.156787536772447958e-03
1.151237443269937169e-02 3.381655546269604629e-02 0.000000000000000000e+00
1.151237443269937169e-02 3.381655546269604629e-02 3.081125052532068744e-04
1.151237443269937169e-02 3.381655546269604629e-02 6.162250105064137487e-04
1.151237443269937169e-02 3.381655546269604629e-02 9.243375157596206773e-04
1.151237443269937169e-02 3.381655546269604629e-02 1.232450021012827497e-03
1.151237443269937169e-02 3.381655546269604629e-02 1.540562526266034318e-03
1.151237443269937169e-02 3.381655546269604629e-02 1.848675031519241355e-03
1.151237443269937169e-02 3.381655546269604629e-02 2.156787536772447958e-03
1.151237443269937169e-02 3.689078777748659721e-02 0.000000000000000000e+00
1.151237443269937169e-02 3.689078777748659721e-02 3.081125052532068744e-04
1.151237443269937169e-02 3.689078777748659721e-02 6.162250105064137487e-04
1.151237443269937169e-02 3.689078777748659721e-02 9.243375157596206773e-04
1.151237443269937169e-02 3.689078777748659721e-02 1.232450021012827497e-03
1.151237443269937169e-02 3.689078777748659721e-02 1.540562526266034318e-03
1.151237443269937169e-02 3.689078777748659721e-02 1.848675031519241355e-03
1.151237443269937169e-02 3.689078777748659721e-02 2.156787536772447958e-03
1.151237443269937169e-02 3.996502009227714813e-02 0.000000000000000000e+00
1.151237443269937169e-02 3.996502009227714813e-02 3.081125052532068744e-04
1.151237443269937169e-02 3.996502009227714813e-02 6.162250105064137487e-04
1.151237443269937169e-02 3.996502009227714813e-02 9.243375157596206773e-04
1.151237443269937169e-02 3.996502009227714813e-02 1.232450021012827497e-03
1.151237443269937169e-02 3.996502009227714813e-02 1.540562526266034318e-03
1.151237443269937169e-02 3.996502009227714813e-02 1.848675031519241355e-03
1.151237443269937169e-02 3.996502009227714813e-02 2.156787536772447958e-03
1.151237443269937169e-02 4.303925240706769212e-02 0.000000000000000000e+00
1.151237443269937169e-02 4.303925240706769212e-02 3.081125052532068744e-04
1.151237443269937169e-02 4.303925240706769212e-02 6.162250105064137487e-04
1.151237443269937169e-02 4.303925240706769212e-02 9.243375157596206773e-04
1.151237443269937169e-02 4.303925240706769212e-02 1.232450021012827497e-03
1.151237443269937169e-02 4.303925240706769212e-02 1.540562526266034318e-03
1.151237443269937169e-02 4.303925240706769212e-02 1.848675031519241355e-03
1.151237443269937169e-02 4.303925240706769212e-02 2.156787536772447958e-03
1.315699935165642528e-02 0.000000000000000000e+00 0.000000000000000000e+00
1.315699935165642528e-02 0.000000000000000000e+00 3.081125052532068744e-04
1.315699935165642528e-02 0.000000000000000000e+00 6.162250105064137487e-04
1.315699935165642528e-02 0.000000000000000000e+00 9.243375157596206773e-04
1.315699935165642528e-02 0.000000000000000000e+00 1.232450021012827497e-03
1.315699935165642528e-02 0.000000000000000000e+00 1.540562526266034318e-03
1.315699935165642528e-02 0.000000000000000000e+00 1.848675031519241355e-03
1.315699935165642528e-02 0.000000000000000000e+00 2.156787536772447958e-03
1.315699935165642528e-02 3.074232314790549623e-03 0.000000000000000000e+00
1.315699935165642528e-02 3.074232314790549623e-03 3.081125052532068744e-04
1.315699935165642528e-02 3.074232314790549623e-03 6.162250105064137487e-04
1.315699935165642528e-02 3.074232314790549623e-03 9.243375157596206773e-04
1.315699935165642528e-02 3.074232314790549623e-03 1.232450021012827497e-03
1.315699935165642528e-02 3.074232314790549623e-03 1.540562526266034318e-03
1.315699935165642528e-02 3.074232314790549623e-03 1.848675031519241355e-03
1.315699935165642528e-02 3.074232314790549623e-03 2.156787536772447958e-03
1.315699935165642528e-02 6.148464629581099246e-03 0.000000000000000000e+00
1.315699935165642528e-02 6.148464629581099246e-03 3.081125052532068744e-04
1.315699935165642528e-02 6.148464629581099246e-03 6.162250105064137487e-04
1.315699935165642528e-02 6.148464629581099246e-03 9.243375157596206773e-04
1.315699935165642528e-02 6.148464629581099246e-03 1.232450021012827497e-03
1.315699935165642528e-02 6.148464629581099246e-03 1.540562526266034318e-03
1.315699935165642528e-02 6.148464629581099246e-03 1.848675031519241355e-03
1.315699935165642528e-02 6.148464629581099246e-03 2.156787536772447958e-03
1.315699935165642528e-02 9.222696944371649302e-03 0.000000000000000000e+00
1.315699935165642528e-02 9.222696944371649302e-03 3.081125052532068744e-04
1.315699935165642528e-02 9.222696944371649302e-03 6.162250105064137487e-04
1.315699935165642528e-02 9.222696944371649302e-03 9.243375157596206773e-04
1.315699935165642528e-02 9.222696944371649302e-03 1.232450021012827497e-03
1.315699935165642528e-02 9.222696944371649302e-03 1.540562526266034318e-03
1.315699935165642528e-02 9.222696944371649302e-03 1.848675031519241355e-03
1.315699935165642528e-02 9.222696944371649302e-03 2.156787536772447958e-03
1.315699935165642528e-02 1.229692925916219849e-02 0.000000000000000000e+00
1.315699935165642528e-02 1.229692925916219849e-02 3.081125052532068744e-04
1.315699935165642528e-02 1.229692925916219849e-02 6.162250105064137487e-04
1.315699935165642528e-02 1.229692925916219849e-02 9.243375157596206773e-04
1.315699935165642528e-02 1.229692925916219849e-02 1.232450021012827497e-03
1.315699935165642528e-02 1.229692925916219849e-02 1.540562526266034318e-03
1.315699935165642528e-02 1.229692925916219849e-02 1.848675031519241355e-03
1.315699935165642528e-02 1.229692925916219849e-02 2.156787536772447958e-03
1.315699935165642528e-02 1.537116157395274768e-02 0.000000000000000000e+00
1.315699935165642528e-02 1.537116157395274768e-02 3.081125052532068744e-04
1.315699935165642528e-02 1.537116157395274768e-02 6.162250105064137487e-04
1.315699935165642528e-02 1.537116157395274768e-02 9.243375157596206773e-04
1.315699935165642528e-02 1.537116157395274768e-02 1.232450021012827497e-03
1.315699935165642528e-02 1.537116157395274768e-02 1.540562526266034318e-03
1.315699935165642528e-02 1.537116157395274768e-02 1.848675031519241355e-03
1.315699935165642528e-02 1.537116157395274768e-02 2.156787536772447958e-03
1.315699935165642528e-02 1.844539388874329860e-02 0.000000000000000000e+00
1.315699935165642528e-02 1.844539388874329860e-02 3.081125052532068744e-04
1.315699935165642528e-02 1.844539388874329860e-02 6.162250105064137487e-04
1.315699935165642528e-02 1.844539388874329860e-02 9.243375157596206773e-04
1.315699935165642528e-02 1.844539388874329860e-02 1.232450021012827497e-03
1.315699935165642528e-02 1.844539388874329860e-02 1.540562526266034318e-03
1.315699935165642528e-02 1.844539388874329860e-02 1.848675031519241355e-03
1.315699935165642528e-02 1.844539388874329860e-02 2.156787536772447958e-03
1.315699935165642528e-02 2.151962620353384606e-02 0.000000000000000000e+00
1.315699935165642528e-02 2.151962620353384606e-02 3.081125052532068744e-04
1.315699935165642528e-02 2.151962620353384606e-02 6.162250105064137487e-04
1.315699935165642528e-02 2.151962620353384606e-02 9.243375157596206773e-04
1.315699935165642528e-02 2.151962620353384606e-02 1.232450021012827497e-03
1.315699935165642528e-02 2.151962620353384606e-02 1.540562526266034318e-03
1.315699935165642528e-02 2.151962620353384606e-02 1.848675031519241355e-03
1.315699935165642528e-02 2.151962620353384606e-02 2.156787536772447958e-03
1.315699935165642528e-02 2.459385851832439698e-02 0.000000000000000000e+00
1.315699935165642528e-02 2.459385851832439698e-02 3.081125052532068744e-04
1.315699935165642528e-02 2.459385851832439698e-02 6.162250105064137487e-04
1.315699935165642528e-02 2.459385851832439698e-02 9.243375157596206773e-04
1.315699935165642528e-02 2.459385851832439698e-02 1.232450021012827497e-03
1.315699935165642528e-02 2.459385851832439698e-02 1.540562526266034318e-03
1.315699935165642528e-02 2.459385851832439698e-02 1.848675031519241355e-03
1.315699935165642528e-02 2.459385851832439698e-02 2.156787536772447958e-03
1.315699935165642528e-02 2.766809083311494791e-02 0.000000000000000000e+00
1.315699935165642528e-02 2.766809083311494791e-02 3.081125052532068744e-04
1.315699935165642528e-02 2.766809083311494791e-02 6.162250105064137487e-04
1.315699935165642528e-02 2.766809083311494791e-02 9.243375157596206773e-04
1.315699935165642528e-02 2.766809083311494791e-02 1.232450021012827497e-03
1.315699935165642528e-02 2.766809083311494791e-02 1.540562526266034318e-03
1.315699935165642528e-02 2.766809083311494791e-02 1.848675031519241355e-03
1.315699935165642528e-02 2.766809083311494791e-02 2.156787536772447958e-03
1.315699935165642528e-02 3.074232314790549536e-02 0.000000000000000000e+00
1.315699935165642528e-02 3.074232314790549536e-02 3.081125052532068744e-04
1.315699935165642528e-02 3.074232314790549536e-02 6.162250105064137487e-04
1.315699935165642528e-02 3.074232314790549536e-02 9.243375157596206773e-04
1.315699935165642528e-02 3.074232314790549536e-02 1.232450021012827497e-03
1.315699935165642528e-02 3.074232314790549536e-02 1.540562526266034318e-03
1.315699935165642528e-02 3.074232314790549536e-02 1.848675031519241355e-03
1.315699935165642528e-02 3.074232314790549536e-02 2.156787536772447958e-03
1.315699935165642528e-02 3.381655546269604629e-02 0.000000000000000000e+00
1.315699935165642528e-02 3.381655546269604629e-02 3.081125052532068744e-04
1.315699935165642528e-02 3.381655546269604629e-02 6.162250105064137487e-04
1.315699935165642528e-02 3.381655546269604629e-02 9.243375157596206773e-04
1.315699935165642528e-02 3.381655546269604629e-02 1.232450021012827497e-03
1.315699935165642528e-02 3.381655546269604629e-02 1.540562526266034318e-03
1.315699935165642528e-02 3.381655546269604629e-02 1.848675031519241355e-03
1.315699935165642528e-02 3.381655546269604629e-02 2.156787536772447958e-03
1.315699935165642528e-02 3.689078777748659721e-02 0.000000000000000000e+00
1.315699935165642528e-02 3.689078777748659721e-02 3.081125052532068744e-04
1.315699935165642528e-02 3.689078777748659721e-02 6.162250105064137487e-04
1.315699935165642528e-02 3.689078777748659721e-02 9.243375157596206773e-04
1.315699935165642528e-02 3.689078777748659721e-02 1.232450021012827497e-03
1.315699935165642528e-02 3.689078777748659721e-02 1.540562526266034318e-03
1.315699935165642528e-02 3.689078777748659721e-02 1.848675031519241355e-03
1.315699935165642528e-02 3.689078777748659721e-02 2.156787536772447958e-03
1.315699935165642528e-02 3.996502009227714813e-02 0.000000000000000000e+00
1.315699935165642528e-02 3.996502009227714813e-02 3.081125052532068744e-04
1.315699935165642528e-02 3.996502009227714813e-02 6.162250105064137487e-04
1.315699935165642528e-02 3.996502009227714813e-02 9.243375157596206773e-04
1.315699935165642528e-02 3.996502009227714813e-02 1.232450021012827497e-03
1.315699935165642528e-02 3.996502009227714813e-02 1.540562526266034318e-03
1.315699935165642528e-02 3.996502009227714813e-02 1.848675031519241355e-03
1.315699935165642528e-02 3.996502009227714813e-02 2.156787536772447958e-03
1.315699935165642528e-02 4.303925240706769212e-02 0.000000000000000000e+00
1.315699935165642528e-02 4.303925240706769212e-02 3.081125052532068744e-04
1.315699935165642528e-02 4.303925240706769212e-02 6.162250105064137487e-04
1.315699935165642528e-02 4.303925240706769212e-02 9.243375157596206773e-04
1.315699935165642528e-02 4.303925240706769212e-02 1.232450021012827497e-03
1.315699935165642528e-02 4.303925240706769212e-02 1.540562526266034318e-03
1.315699935165642528e-02 4.303925240706769212e-02 1.848675031519241355e-03
1.315699935165642528e-02 4.303925240706769212e-02 2.156787536772447958e-03
1.480162427061347888e-02 0.000000000000000000e+00 0.000000000000000000e+00
1.480162427061347888e-02 0.000000000000000000e+00 3.081125052532068744e-04
1.480162427061347888e-02 0.000000000000000000e+00 6.162250105064137487e-04
1.480162427061347888e-02 0.000000000000000000e+00 9.243375157596206773e-04
1.480162427061347888e-02 0.000000000000000000e+00 1.232450021012827497e-03
1.480162427061347888e-02 0.000000000000000000e+00 1.540562526266034318e-03
1.480162427061347888e-02 0.000000000000000000e+00 1.848675031519241355e-03
1.480162427061347888e-02 0.000000000000000000e+00 2.156787536772447958e-03
1.480162427061347888e-02 3.074232314790549623e-03 0.000000000000000000e+00
1.480162427061347888e-02 3.074232314790549623e-03 3.081125052532068744e-04
1.480162427061347888e-02 3.074232314790549623e-03 6.162250105064137487e-04
1.480162427061347888e-02 3.074232314790549623e-03 9.243375157596206773e-04
1.480162427061347888e-02 3.074232314790549623e-03 1.232450021012827497e-03
1.480162427061347888e-02 3.074232314790549623e-03 1.540562526266034318e-03
1.480162427061347888e-02 3.074232314790549623e-03 1.848675031519241355e-03
1.480162427061347888e-02 3.074232314790549623e-03 2.156787536772447958e-03
1.480162427061347888e-02 6.148464629581099246e-03 0.000000000000000000e+00
1.480162427061347888e-02 6.148464629581099246e-03 3.081125052532068744e-04
1.480162427061347888e-02 6.148464629581099246e-03 6.162250105064137487e-04
1.480162427061347888e-02 6.148464629581099246e-03 9.243375157596206773e-04
1.480162427061347888e-02 6.148464629581099246e-03 1.232450021012827497e-03
1.480162427061347888e-02 6.148464629581099246e-03 1.540562526266034318e-03
1.480162427061347888e-02 6.148464629581099246e-03 1.848675031519241355e-03
1.480162427061347888e-02 6.148464629581099246e-03 2.156787536772447958e-03
1.480162427061347888e-02 9.222696944371649302e-03 0.000000000000000000e+00
1.480162427061347888e-02 9.222696944371649302e-03 3.081125052532068744e-04
1.480162427061347888e-02 9.222696944371649302e-03 6.162250105064137487e-04
1.480162427061347888e-02 9.222696944371649302e-03 9.243375157596206773e-04
1.480162427061347888e-02 9.222696944371649302e-03 1.232450021012827497e-03
1.480162427061347888e-02 9.222696944371649302e-03 1.540562526266034318e-03
1.480162427061347888e-02 9.222696944371649302e-03 1.848675031519241355e-03
1.480162427061347888e-02 9.222696944371649302e-03 2.156787536772447958e-03
1.480162427061347888e-02 1.229692925916219849e-02 0.000000000000000000e+00
1.480162427061347888e-02 1.229692925916219849e-02 3.081125052532068744e-04
1.480162427061347888e-02 1.229692925916219849e-02 6.162250105064137487e-04
1.480162427061347888e-02 1.229692925916219849e-02 9.243375157596206773e-04
1.480162427061347888e-02 1.229692925916219849e-02 1.232450021012827497e-03
1.480162427061347888e-02 1.229692925916219849e-02 1.540562526266034318e-03
1.480162427061347888e-02 1.229692925916219849e-02 1.848675031519241355e-03
1.480162427061347888e-02 1.229692925916219849e-02 2.156787536772447958e-03
1.480162427061347888e-02 1.537116157395274768e-02 0.000000000000000000e+00
1.480162427061347888e-02 1.537116157395274768e-02 3.081125052532068744e-04
1.480162427061347888e-02 1.537116157395274768e-02 6.162250105064137487e-04
1.480162427061347888e-02 1.537116157395274768e-02 9.243375157596206773e-04
1.480162427061347888e-02 1.537116157395274768e-02 1.232450021012827497e-03
1.480162427061347888e-02 1.537116157395274768e-02 1.540562526266034318e-03
1.480162427061347888e-02 1.537116157395274768e-02 1.848675031519241355e-03
1.480162427061347888e-02 1.537116157395274768e-02 2.156787536772447958e-03
1.480162427061347888e-02 1.844539388874329860e-02 0.000000000000000000e+00
1.480162427061347888e-02 1.844539388874329860e-02 3.081125052532068744e-04
1.480162427061347888e-02 1.844539388874329860e-02 6.162250105064137487e-04
1.480162427061347888e-02 1.844539388874329860e-02 9.243375157596206773e-04
1.480162427061347888e-02 1.844539388874329860e-02 1.232450021012827497e-03
1.480162427061347888e-02 1.844539388874329860e-02 1.540562526266034318e-03
1.480162427061347888e-02 1.844539388874329860e-02 1.848675031519241355e-03
1.480162427061347888e-02 1.844539388874329860e-02 2.156787536772447958e-03
1.480162427061347888e-02 2.151962620353384606e-02 0.000000000000000000e+00
1.480162427061347888e-02 2.151962620353384606e-02 3.081125052532068744e-04
1.480162427061347888e-02 2.151962620353384606e-02 6.162250105064137487e-04
1.480162427061347888e-02 2.151962620353384606e-02 9.243375157596206773e-04
1.480162427061347888e-02 2.151962620353384606e-02 1.232450021012827497e-03
1.480162427061347888e-02 2.151962620353384606e-02 1.540562526266034318e-03
1.480162427061347888e-02 2.151962620353384606e-02 1.848675031519241355e-03
1.480162427061347888e-02 2.151962620353384606e-02 2.156787536772447958e-03
1.480162427061347888e-02 2.459385851832439698e-02 0.000000000000000000e+00
1.480162427061347888e-02 2.459385851832439698e-02 3.081125052532068744e-04
1.480162427061347888e-02 2.459385851832439698e-02 6.162250105064137487e-04
1.480162427061347888e-02 2.459385851832439698e-02 9.243375157596206773e-04
1.480162427061347888e-02 2.459385851832439698e-02 1.232450021012827497e-03
1.480162427061347888e-02 2.459385851832439698e-02 1.540562526266034318e-03
1.480162427061347888e-02 2.459385851832439698e-02 1.848675031519241355e-03
1.480162427061347888e-02 2.459385851832439698e-02 2.156787536772447958e-03
1.480162427061347888e-02 2.766809083311494791e-02 0.000000000000000000e+00
1.480162427061347888e-02 2.766809083311494791e-02 3.081125052532068744e-04
1.480162427061347888e-02 2.766809083311494791e-02 6.162250105064137487e-04
1.480162427061347888e-02 2.766809083311494791e-02 9.243375157596206773e-04
1.480162427061347888e-02 2.766809083311494791e-02 1.232450021012827497e-03
1.480162427061347888e-02 2.766809083311494791e-02 1.540562526266034318e-03
1.480162427061347888e-02 2.766809083311494791e-02 1.848675031519241355e-03
1.480162427061347888e-02 2.766809083311494791e-02 2.156787536772447958e-03
1.480162427061347888e-02 3.074232314790549536e-02 0.000000000000000000e+00
1.480162427061347888e-02 3.074232314790549536e-02 3.081125052532068744e-04
1.480162427061347888e-02 3.074232314790549536e-02 6.162250105064137487e-04
1.480162427061347888e-02 3.074232314790549536e-02 9.243375157596206773e-04
1.480162427061347888e-02 3.074232314790549536e-02 1.232450021012827497e-03
1.480162427061347888e-02 3.074232314790549536e-02 1.540562526266034318e-03
1.480162427061347888e-02 3.074232314790549536e-02 1.848675031519241355e-03
1.480162427061347888e-02 3.074232314790549536e-02 2.156787536772447958e-03
1.480162427061347888e-02 3.381655546269604629e-02 0.000000000000000000e+00
1.480162427061347888e-02 3.381655546269604629e-02 3.081125052532068744e-04
1.480162427061347888e-02 3.381655546269604629e-02 6.162250105064137487e-04
1.480162427061347888e-02 3.381655546269604629e-02 9.243375157596206773e-04
1.480162427061347888e-02 3.381655546269604629e-02 1.232450021012827497e-03
1.480162427061347888e-02 3.381655546269604629e-02 1.540562526266034318e-03
1.480162427061347888e-02 3.381655546269604629e-02 1.848675031519241355e-03
1.480162427061347888e-02 3.381655546269604629e-02 2.156787536772447958e-03
1.480162427061347888e-02 3.689078777748659721e-02 0.000000000000000000e+00
1.480162427061347888e-02 3.689078777748659721e-02 3.081125052532068744e-04
1.480162427061347888e-02 3.689078777748659721e-02 6.162250105064137487e-04
1.480162427061347888e-02 3.689078777748659721e-02 9.243375157596206773e-04
1.480162427061347888e-02 3.689078777748659721e-02 1.232450021012827497e-03
1.480162427061347888e-02 3.689078777748659721e-02 1.540562526266034318e-03
1.480162427061347888e-02 3.689078777748659721e-02 1.848675031519241355e-03
1.480162427061347888e-02 3.689078777748659721e-02 2.156787536772447958e-03
1.480162427061347888e-02 3.996502009227714813e-02 0.000000000000000000e+00
1.480162427061347888e-02 3.996502009227714813e-02 3.081125052532068744e-04
1.480162427061347888e-02 3.996502009227714813e-02 6.162250105064137487e-04
1.480162427061347888e-02 3.996502009227714813e-02 9.243375157596206773e-04
1.480162427061347888e-02 3.996502009227714813e-02 1.232450021012827497e-03
1.480162427061347888e-02 3.996502009227714813e-02 1.540562526266034318e-03
1.480162427061347888e-02 3.996502009227714813e-02 1.848675031519241355e-03
1.480162427061347888e-02 3.996502009227714813e-02 2.156787536772447958e-03
1.480162427061347888e-02 4.303925240706769212e-02 0.000000000000000000e+00
1.480162427061347888e-02 4.303925240706769212e-02 3.081125052532068744e-04
1.480162427061347888e-02 4.303925240706769212e-02 6.162250105064137487e-04
1.480162427061347888e-02 4.303925240706769212e-02 9.243375157596206773e-04
1.480162427061347888e-02 4.303925240706769212e-02 1.232450021012827497e-03
1.480162427061347888e-02 4.303925240706769212e-02 1.540562526266034318e-03
1.480162427061347888e-02 4.303925240706769212e-02 1.848675031519241355e-03
1.480162427061347888e-02 4.303925240706769212e-02 2.156787536772447958e-03
1.644624918957053247e-02 0.000000000000000000e+00 0.000000000000000000e+00
1.644624918957053247e-02 0.000000000000000000e+00 3.081125052532068744e-04
1.644624918957053247e-02 0.000000000000000000e+00 6.162250105064137487e-04
1.644624918957053247e-02 0.000000000000000000e+00 9.243375157596206773e-04
1.644624918957053247e-02 0.000000000000000000e+00 1.232450021012827497e-03
1.644624918957053247e-02 0.000000000000000000e+00 1.540562526266034318e-03
1.644624918957053247e-02 0.000000000000000000e+00 1.848675031519241355e-03
1.644624918957053247e-02 0.000000000000000000e+00 2.156787536772447958e-03
1.644624918957053247e-02 3.074232314790549623e-03 0.000000000000000000e+00
1.644624918957053247e-02 3.074232314790549623e-03 3.081125052532068744e-04
1.644624918957053247e-02 3.074232314790549623e-03 6.162250105064137487e-04
1.644624918957053247e-02 3.074232314790549623e-03 9.243375157596206773e-04
1.644624918957053247e-02 3.074232314790549623e-03 1.232450021012827497e-03
1.644624918957053247e-02 3.074232314790549623e-03 1.540562526266034318e-03
1.644624918957053247e-02 3.074232314790549623e-03 1.848675031519241355e-03
1.644624918957053247e-02 3.074232314790549623e-03 2.156787536772447958e-03
1.644624918957053247e-02 6.148464629581099246e-03 0.000000000000000000e+00
1.644624918957053247e-02 6.148464629581099246e-03 3.081125052532068744e-04
1.644624918957053247e-02 6.148464629581099246e-03 6.162250105064137487e-04
1.644624918957053247e-02 6.148464629581099246e-03 9.243375157596206773e-04
1.644624918957053247e-02 6.148464629581099246e-03 1.232450021012827497e-03
1.644624918957053247e-02 6.148464629581099246e-03 1.540562526266034318e-03
1.644624918957053247e-02 6.148464629581099246e-03 1.848675031519241355e-03
1.644624918957053247e-02 6.148464629581099246e-03 2.156787536772447958e-03
1.644624918957053247e-02 9.222696944371649302e-03 0.000000000000000000e+00
1.644624918957053247e-02 9.222696944371649302e-03 3.081125052532068744e-04
1.644624918957053247e-02 9.222696944371649302e-03 6.162250105064137487e-04
1.644624918957053247e-02 9.222696944371649302e-03 9.243375157596206773e-04
1.644624918957053247e-02 9.222696944371649302e-03 1.232450021012827497e-03
1.644624918957053247e-02 9.222696944371649302e-03 1.540562526266034318e-03
1.644624918957053247e-02 9.222696944371649302e-03 1.848675031519241355e-03
1.644624918957053247e-02 9.222696944371649302e-03 2.156787536772447958e-03
1.644624918957053247e-02 1.229692925916219849e-02 0.000000000000000000e+00
1.644624918957053247e-02 1.229692925916219849e-02 3.081125052532068744e-04
1.644624918957053247e-02 1.229692925916219849e-02 6.162250105064137487e-04
1.644624918957053247e-02 1.229692925916219849e-02 9.243375157596206773e-04
1.644624918957053247e-02 1.229692925916219849e-02 1.232450021012827497e-03
1.644624918957053247e-02 1.229692925916219849e-02 1.540562526266034318e-03
1.644624918957053247e-02 1.229692925916219849e-02 1.848675031519241355e-03
1.644624918957053247e-02 1.229692925916219849e-02 2.156787536772447958e-03
1.644624918957053247e-02 1.537116157395274768e-02 0.000000000000000000e+00
1.644624918957053247e-02 1.537116157395274768e-02 3.081125052532068744e-04
1.644624918957053247e-02 1.537116157395274768e-02 6.162250105064137487e-04
1.644624918957053247e-02 1.537116157395274768e-02 9.243375157596206773e-04
1.644624918957053247e-02 1.537116157395274768e-02 1.232450021012827497e-03
1.644624918957053247e-02 1.537116157395274768e-02 1.540562526266034318e-03
1.644624918957053247e-02 1.537116157395274768e-02 1.848675031519241355e-03
1.644624918957053247e-02 1.537116157395274768e-02 2.156787536772447958e-03
1.644624918957053247e-02 1.844539388874329860e-02 0.000000000000000000e+00
1.644624918957053247e-02 1.844539388874329860e-02 3.081125052532068744e-04
1.644624918957053247e-02 1.844539388874329860e-02 6.162250105064137487e-04
1.644624918957053247e-02 1.844539388874329860e-02 9.243375157596206773e-04
1.644624918957053247e-02 1.844539388874329860e-02 1.232450021012827497e-03
1.644624918957053247e-02 1.844539388874329860e-02 1.540562526266034318e-03
1.644624918957053247e-02 1.844539388874329860e-02 1.848675031519241355e-03
1.644624918957053247e-02 1.844539388874329860e-02 2.156787536772447958e-03
1.644624918957053247e-02 2.151962620353384606e-02 0.000000000000000000e+00
1.644624918957053247e-02 2.151962620353384606e-02 3.081125052532068744e-04
1.644624918957053247e-02 2.151962620353384606e-02 6.162250105064137487e-04
1.644624918957053247e-02 2.151962620353384606e-02 9.243375157596206773e-04
1.644624918957053247e-02 2.151962620353384606e-02 1.232450021012827497e-03
1.644624918957053247e-02 2.151962620353384606e-02 1.540562526266034318e-03
1.644624918957053247e-02 2.151962620353384606e-02 1.848675031519241355e-03
1.644624918957053247e-02 2.151962620353384606e-02 2.156787536772447958e-03
1.644624918957053247e-02 2.459385851832439698e-02 0.000000000000000000e+00
1.644624918957053247e-02 2.459385851832439698e-02 3.081125052532068744e-04
1.644624918957053247e-02 2.459385851832439698e-02 6.162250105064137487e-04
1.644624918957053247e-02 2.459385851832439698e-02 9.243375157596206773e-04
1.644624918957053247e-02 2.459385851832439698e-02 1.232450021012827497e-03
1.644624918957053247e-02 2.459385851832439698e-02 1.540562526266034318e-03
1.644624918957053247e-02 2.459385851832439698e-02 1.848675031519241355e-03
1.644624918957053247e-02 2.459385851832439698e-02 2.156787536772447958e-03
1.644624918957053247e-02 2.766809083311494791e-02 0.000000000000000000e+00
1.644624918957053247e-02 2.766809083311494791e-02 3.081125052532068744e-04
1.644624918957053247e-02 2.766809083311494791e-02 6.162250105064137487e-04
1.644624918957053247e-02 2.766809083311494791e-02 9.243375157596206773e-04
1.644624918957053247e-02 2.766809083311494791e-02 1.232450021012827497e-03
1.644624918957053247e-02 2.766809083311494791e-02 1.540562526266034318e-03
1.644624918957053247e-02 2.766809083311494791e-02 1.848675031519241355e-03
1.644624918957053247e-02 2.766809083311494791e-02 2.156787536772447958e-03
1.644624918957053247e-02 3.074232314790549536e-02 0.000000000000000000e+00
1.644624918957053247e-02 3.074232314790549536e-02 3.081125052532068744e-04
1.644624918957053247e-02 3.074232314790549536e-02 6.162250105064137487e-04
1.644624918957053247e-02 3.074232314790549536e-02 9.243375157596206773e-04
1.644624918957053247e-02 3.074232314790549536e-02 1.232450021012827497e-03
1.644624918957053247e-02 3.074232314790549536e-02 1.540562526266034318e-03
1.644624918957053247e-02 3.074232314790549536e-02 1.848675031519241355e-03
1.644624918957053247e-02 3.074232314790549536e-02 2.156787536772447958e-03
1.644624918957053247e-02 3.381655546269604629e-02 0.000000000000000000e+00
1.644624918957053247e-02 3.381655546269604629e-02 3.081125052532068744e-04
1.644624918957053247e-02 3.381655546269604629e-02 6.162250105064137487e-04
1.644624918957053247e-02 3.381655546269604629e-02 9.243375157596206773e-04
1.644624918957053247e-02 3.381655546269604629e-02 1.232450021012827497e-03
1.644624918957053247e-02 3.381655546269604629e-02 1.540562526266034318e-03
1.644624918957053247e-02 3.381655546269604629e-02 1.848675031519241355e-03
1.644624918957053247e-02 3.381655546269604629e-02 2.156787536772447958e-03
1.644624918957053247e-02 3.689078777748659721e-02 0.000000000000000000e+00
1.644624918957053247e-02 3.689078777748659721e-02 3.081125052532068744e-04
1.644624918957053247e-02 3.689078777748659721e-02 6.162250105064137487e-04
1.644624918957053247e-02 3.689078777748659721e-02 9.243375157596206773e-04
1.644624918957053247e-02 3.689078777748659721e-02 1.232450021012827497e-03
1.644624918957053247e-02 3.689078777748659721e-02 1.540562526266034318e-03
1.644624918957053247e-02 3.689078777748659721e-02 1.848675031519241355e-03
1.644624918957053247e-02 3.689078777748659721e-02 2.156787536772447958e-03
1.644624918957053247e-02 3.996502009227714813e-02 0.000000000000000000e+00
1.644624918957053247e-02 3.996502009227714813e-02 3.081125052532068744e-04
1.644624918957053247e-02 3.996502009227714813e-02 6.162250105064137487e-04
1.644624918957053247e-02 3.996502009227714813e-02 9.243375157596206773e-04
1.644624918957053247e-02 3.996502009227714813e-02 1.232450021012827497e-03
1.644624918957053247e-02 3.996502009227714813e-02 1.540562526266034318e-03
1.644624918957053247e-02 3.996502009227714813e-02 1.848675031519241355e-03
1.644624918957053247e-02 3.996502009227714813e-02 2.156787536772447958e-03
1.644624918957053247e-02 4.303925240706769212e-02 0.000000000000000000e+00
1.644624918957053247e-02 4.303925240706769212e-02 3.081125052532068744e-04
1.644624918957053247e-02 4.303925240706769212e-02 6.162250105064137487e-04
1.644624918957053247e-02 4.303925240706769212e-02 9.243375157596206773e-04
1.644624918957053247e-02 4.303925240706769212e-02 1.232450021012827497e-03
1.644624918957053247e-02 4.303925240706769212e-02 1.540562526266034318e-03
1.644624918957053247e-02 4.303925240706769212e-02 1.848675031519241355e-03
1.644624918957053247e-02 4.303925240706769212e-02 2.156787536772447958e-03
1.809087410852758607e-02 0.000000000000000000e+00 0.000000000000000000e+00
1.809087410852758607e-02 0.000000000000000000e+00 3.081125052532068744e-04
1.809087410852758607e-02 0.000000000000000000e+00 6.162250105064137487e-04
1.809087410852758607e-02 0.000000000000000000e+00 9.243375157596206773e-04
1.809087410852758607e-02 0.000000000000000000e+00 1.232450021012827497e-03
1.809087410852758607e-02 0.000000000000000000e+00 1.540562526266034318e-03
1.809087410852758607e-02 0.000000000000000000e+00 1.848675031519241355e-03
1.809087410852758607e-02 0.000000000000000000e+00 2.156787536772447958e-03
1.809087410852758607e-02 3.074232314790549623e-03 0.000000000000000000e+00
1.809087410852758607e-02 3.074232314790549623e-03 3.081125052532068744e-04
1.809087410852758607e-02 3.074232314790549623e-03 6.162250105064137487e-04
1.809087410852758607e-02 3.074232314790549623e-03 9.243375157596206773e-04
1.809087410852758607e-02 3.074232314790549623e-03 1.232450021012827497e-03
1.809087410852758607e-02 3.074232314790549623e-03 1.540562526266034318e-03
1.809087410852758607e-02 3.074232314790549623e-03 1.848675031519241355e-03
1.809087410852758607e-02 3.074232314790549623e-03 2.156787536772447958e-03
1.809087410852758607e-02 6.148464629581099246e-03 0.000000000000000000e+00
1.809087410852758607e-02 6.148464629581099246e-03 3.081125052532068744e-04
1.809087410852758607e-02 6.148464629581099246e-03 6.162250105064137487e-04
1.809087410852758607e-02 6.148464629581099246e-03 9.243375157596206773e-04
1.809087410852758607e-02 6.148464629581099246e-03 1.232450021012827497e-03
1.809087410852758607e-02 6.148464629581099246e-03 1.540562526266034318e-03
1.809087410852758607e-02 6.148464629581099246e-03 1.848675031519241355e-03
1.809087410852758607e-02 6.148464629581099246e-03 2.156787536772447958e-03
1.809087410852758607e-02 9.222696944371649302e-03 0.000000000000000000e+00
1.809087410852758607e-02 9.222696944371649302e-03 3.081125052532068744e-04
1.809087410852758607e-02 9.222696944371649302e-03 6.162250105064137487e-04
1.809087410852758607e-02 9.222696944371649302e-03 9.243375157596206773e-04
1.809087410852758607e-02 9.222696944371649302e-03 1.232450021012827497e-03
1.809087410852758607e-02 9.222696944371649302e-03 1.540562526266034318e-03
1.809087410852758607e-02 9.222696944371649302e-03 1.848675031519241355e-03
1.809087410852758607e-02 9.222696944371649302e-03 2.156787536772447958e-03
1.809087410852758607e-02 1.229692925916219849e-02 0.000000000000000000e+00
1.809087410852758607e-02 1.229692925916219849e-02 3.081125052532068744e-04
1.809087410852758607e-02 1.229692925916219849e-02 6.162250105064137487e-04
1.809087410852758607e-02 1.229692925916219849e-02 9.243375157596206773e-04
1.809087410852758607e-02 1.229692925916219849e-02 1.232450021012827497e-03
1.809087410852758607e-02 1.229692925916219849e-02 1.540562526266034318e-03
1.809087410852758607e-02 1.229692925916219849e-02 1.848675031519241355e-03
1.809087410852758607e-02 1.229692925916219849e-02 2.156787536772447958e-03
1.809087410852758607e-02 1.537116157395274768e-02 0.000000000000000000e+00
1.809087410852758607e-02 1.537116157395274768e-02 3.081125052532068744e-04
1.809087410852758607e-02 1.537116157395274768e-02 6.162250105064137487e-04
1.809087410852758607e-02 1.537116157395274768e-02 9.243375157596206773e-04
1.809087410852758607e-02 1.537116157395274768e-02 1.232450021012827497e-03
1.809087410852758607e-02 1.537116157395274768e-02 1.540562526266034318e-03
1.809087410852758607e-02 1.537116157395274768e-02 1.848675031519241355e-03
1.809087410852758607e-02 1.537116157395274768e-02 2.156787536772447958e-03
1.809087410852758607e-02 1.844539388874329860e-02 0.000000000000000000e+00
1.809087410852758607e-02 1.844539388874329860e-02 3.081125052532068744e-04
1.809087410852758607e-02 1.844539388874329860e-02 6.162250105064137487e-04
1.809087410852758607e-02 1.844539388874329860e-02 9.243375157596206773e-04
1.809087410852758607e-02 1.844539388874329860e-02 1.232450021012827497e-03
1.809087410852758607e-02 1.844539388874329860e-02 1.540562526266034318e-03
1.809087410852758607e-02 1.844539388874329860e-02 1.848675031519241355e-03
1.809087410852758607e-02 1.844539388874329860e-02 2.156787536772447958e-03
1.809087410852758607e-02 2.151962620353384606e-02 0.000000000000000000e+00
1.809087410852758607e-02 2.151962620353384606e-02 3.081125052532068744e-04
1.809087410852758607e-02 2.151962620353384606e-02 6.162250105064137487e-04
1.809087410852758607e-02 2.151962620353384606e-02 9.243375157596206773e-04
1.809087410852758607e-02 2.151962620353384606e-02 1.232450021012827497e-03
1.809087410852758607e-02 2.151962620353384606e-02 1.540562526266034318e-03
1.809087410852758607e-02 2.151962620353384606e-02 1.848675031519241355e-03
1.809087410852758607e-02 2.151962620353384606e-02 2.156787536772447958e-03
1.809087410852758607e-02 2.459385851832439698e-02 0.000000000000000000e+00
1.809087410852758607e-02 2.459385851832439698e-02 3.081125052532068744e-04
1.809087410852758607e-02 2.459385851832439698e-02 6.162250105064137487e-04
1.809087410852758607e-02 2.459385851832439698e-02 9.243375157596206773e-04
1.809087410852758607e-02 2.459385851832439698e-02 1.232450021012827497e-03
1.809087410852758607e-02 2.459385851832439698e-02 1.540562526266034318e-03
1.809087410852758607e-02 2.459385851832439698e-02 1.848675031519241355e-03
1.809087410852758607e-02 2.459385851832439698e-02 2.156787536772447958e-03
1.809087410852758607e-02 2.766809083311494791e-02 0.000000000000000000e+00
1.809087410852758607e-02 2.766809083311494791e-02 3.081125052532068744e-04
1.809087410852758607e-02 2.766809083311494791e-02 6.162250105064137487e-04
1.809087410852758607e-02 2.766809083311494791e-02 9.243375157596206773e-04
1.809087410852758607e-02 2.766809083311494791e-02 1.232450021012827497e-03
1.809087410852758607e-02 2.766809083311494791e-02 1.540562526266034318e-03
1.809087410852758607e-02 2.766809083311494791e-02 1.848675031519241355e-03
1.809087410852758607e-02 2.766809083311494791e-02 2.156787536772447958e-03
1.809087410852758607e-02 3.074232314790549536e-02 0.000000000000000000e+00
1.809087410852758607e-02 3.074232314790549536e-02 3.081125052532068744e-04
1.809087410852758607e-02 3.074232314790549536e-02 6.162250105064137487e-04
1.809087410852758607e-02 3.074232314790549536e-02 9.243375157596206773e-04
1.809087410852758607e-02 3.074232314790549536e-02 1.232450021012827497e-03
1.809087410852758607e-02 3.074232314790549536e-02 1.540562526266034318e-03
1.809087410852758607e-02 3.074232314790549536e-02 1.848675031519241355e-03
1.809087410852758607e-02 3.074232314790549536e-02 2.156787536772447958e-03
1.809087410852758607e-02 3.381655546269604629e-02 0.000000000000000000e+00
1.809087410852758607e-02 3.381655546269604629e-02 3.081125052532068744e-04
1.809087410852758607e-02 3.381655546269604629e-02 6.162250105064137487e-04
1.809087410852758607e-02 3.381655546269604629e-02 9.243375157596206773e-04
1.809087410852758607e-02 3.381655546269604629e-02 1.232450021012827497e-03
1.809087410852758607e-02 3.381655546269604629e-02 1.540562526266034318e-03
1.809087410852758607e-02 3.381655546269604629e-02 1.848675031519241355e-03
1.809087410852758607e-02 3.381655546269604629e-02 2.156787536772447958e-03
1.809087410852758607e-02 3.689078777748659721e-02 0.000000000000000000e+00
1.809087410852758607e-02 3.689078777748659721e-02 3.081125052532068744e-04
1.809087410852758607e-02 3.689078777748659721e-02 6.162250105064137487e-04
1.809087410852758607e-02 3.689078777748659721e-02 9.243375157596206773e-04
1.809087410852758607e-02 3.689078777748659721e-02 1.232450021012827497e-03
1.809087410852758607e-02 3.689078777748659721e-02 1.540562526266034318e-03
1.809087410852758607e-02 3.689078777748659721e-02 1.848675031519241355e-03
1.809087410852758607e-02 3.689078777748659721e-02 2.156787536772447958e-03
1.809087410852758607e-02 3.996502009227714813e-02 0.000000000000000000e+00
1.809087410852758607e-02 3.996502009227714813e-02 3.081125052532068744e-04
1.809087410852758607e-02 3.996502009227714813e-02 6.162250105064137487e-04
1.809087410852758607e-02 3.996502009227714813e-02 9.243375157596206773e-04
1.809087410852758607e-02 3.996502009227714813e-02 1.232450021012827497e-03
1.809087410852758607e-02 3.996502009227714813e-02 1.540562526266034318e-03
1.809087410852758607e-02 3.996502009227714813e-02 1.848675031519241355e-03
1.809087410852758607e-02 3.996502009227714813e-02 2.156787536772447958e-03
1.809087410852758607e-02 4.303925240706769212e-02 0.000000000000000000e+00
1.809087410852758607e-02 4.303925240706769212e-02 3.081125052532068744e-04
1.809087410852758607e-02 4.303925240706769212e-02 6.162250105064137487e-04
1.809087410852758607e-02 4.303925240706769212e-02 9.243375157596206773e-04
1.809087410852758607e-02 4.303925240706769212e-02 1.232450021012827497e-03
1.809087410852758607e-02 4.303925240706769212e-02 1.540562526266034318e-03
1.809087410852758607e-02 4.303925240706769212e-02 1.848675031519241355e-03
1.809087410852758607e-02 4.303925240706769212e-02 2.156787536772447958e-03
1.973549902748463619e-02 0.000000000000000000e+00 0.000000000000000000e+00
1.973549902748463619e-02 0.000000000000000000e+00 3.081125052532068744e-04
1.973549902748463619e-02 0.000000000000000000e+00 6.162250105064137487e-04
1.973549902748463619e-02 0.000000000000000000e+00 9.243375157596206773e-04
1.973549902748463619e-02 0.000000000000000000e+00 1.232450021012827497e-03
1.973549902748463619e-02 0.000000000000000000e+00 1.540562526266034318e-03
1.973549902748463619e-02 0.000000000000000000e+00 1.848675031519241355e-03
1.973549902748463619e-02 0.000000000000000000e+00 2.156787536772447958e-03
1.973549902748463619e-02 3.074232314790549623e-03 0.000000000000000000e+00
1.973549902748463619e-02 3.074232314790549623e-03 3.081125052532068744e-04
1.973549902748463619e-02 3.074232314790549623e-03 6.162250105064137487e-04
1.973549902748463619e-02 3.074232314790549623e-03 9.243375157596206773e-04
1.973549902748463619e-02 3.074232314790549623e-03 1.232450021012827497e-03
1.973549902748463619e-02 3.074232314790549623e-03 1.540562526266034318e-03
1.973549902748463619e-02 3.074232314790549623e-03 1.848675031519241355e-03
1.973549902748463619e-02 3.074232314790549623e-03 2.156787536772447958e-03
1.973549902748463619e-02 6.148464629581099246e-03 0.000000000000000000e+00
1.973549902748463619e-02 6.148464629581099246e-03 3.081125052532068744e-04
1.973549902748463619e-02 6.148464629581099246e-03 6.162250105064137487e-04
1.973549902748463619e-02 6.148464629581099246e-03 9.243375157596206773e-04
1.973549902748463619e-02 6.148464629581099246e-03 1.232450021012827497e-03
1.973549902748463619e-02 6.148464629581099246e-03 1.540562526266034318e-03
1.973549902748463619e-02 6.148464629581099246e-03 1.848675031519241355e-03
1.973549902748463619e-02 6.148464629581099246e-03 2.156787536772447958e-03
1.973549902748463619e-02 9.222696944371649302e-03 0.000000000000000000e+00
1.973549902748463619e-02 9.222696944371649302e-03 3.081125052532068744e-04
1.973549902748463619e-02 9.222696944371649302e-03 6.162250105064137487e-04
1.973549902748463619e-02 9.222696944371649302e-03 9.243375157596206773e-04
1.973549902748463619e-02 9.222696944371649302e-03 1.232450021012827497e-03
1.973549902748463619e-02 9.222696944371649302e-03 1.540562526266034318e-03
1.973549902748463619e-02 9.222696944371649302e-03 1.848675031519241355e-03
1.973549902748463619e-02 9.222696944371649302e-03 2.156787536772447958e-03
1.973549902748463619e-02 1.229692925916219849e-02 0.000000000000000000e+00
1.973549902748463619e-02 1.229692925916219849e-02 3.081125052532068744e-04
1.973549902748463619e-02 1.229692925916219849e-02 6.162250105064137487e-04
1.973549902748463619e-02 1.229692925916219849e-02 9.243375157596206773e-04
1.973549902748463619e-02 1.229692925916219849e-02 1.232450021012827497e-03
1.973549902748463619e-02 1.229692925916219849e-02 1.540562526266034318e-03
1.973549902748463619e-02 1.229692925916219849e-02 1.848675031519241355e-03
1.973549902748463619e-02 1.229692925916219849e-02 2.156787536772447958e-03
1.973549902748463619e-02 1.537116157395274768e-02 0.000000000000000000e+00
1.973549902748463619e-02 1.537116157395274768e-02 3.081125052532068744e-04
1.973549902748463619e-02 1.537116157395274768e-02 6.162250105064137487e-04
1.973549902748463619e-02 1.537116157395274768e-02 9.243375157596206773e-04
1.973549902748463619e-02 1.537116157395274768e-02 1.232450021012827497e-03
1.973549902748463619e-02 1.537116157395274768e-02 1.540562526266034318e-03
1.973549902748463619e-02 1.537116157395274768e-02 1.848675031519241355e-03
1.973549902748463619e-02 1.537116157395274768e-02 2.156787536772447958e-03
1.973549902748463619e-02 1.844539388874329860e-02 0.000000000000000000e+00
1.973549902748463619e-02 1.844539388874329860e-02 3.081125052532068744e-04
1.973549902748463619e-02 1.844539388874329860e-02 6.162250105064137487e-04
1.973549902748463619e-02 1.844539388874329860e-02 9.243375157596206773e-04
1.973549902748463619e-02 1.844539388874329860e-02 1.232450021012827497e-03
1.973549902748463619e-02 1.844539388874329860e-02 1.540562526266034318e-03
1.973549902748463619e-02 1.844539388874329860e-02 1.848675031519241355e-03
1.973549902748463619e-02 1.844539388874329860e-02 2.156787536772447958e-03
1.973549902748463619e-02 2.151962620353384606e-02 0.000000000000000000e+00
1.973549902748463619e-02 2.151962620353384606e-02 3.081125052532068744e-04
1.973549902748463619e-02 2.151962620353384606e-02 6.162250105064137487e-04
1.973549902748463619e-02 2.151962620353384606e-02 9.243375157596206773e-04
1.973549902748463619e-02 2.151962620353384606e-02 1.232450021012827497e-03
1.973549902748463619e-02 2.151962620353384606e-02 1.540562526266034318e-03
1.973549902748463619e-02 2.151962620353384606e-02 1.848675031519241355e-03
1.973549902748463619e-02 2.151962620353384606e-02 2.156787536772447958e-03
1.973549902748463619e-02 2.459385851832439698e-02 0.000000000000000000e+00
1.973549902748463619e-02 2.459385851832439698e-02 3.081125052532068744e-04
1.973549902748463619e-02 2.459385851832439698e-02 6.162250105064137487e-04
1.973549902748463619e-02 2.459385851832439698e-02 9.243375157596206773e-04
1.973549902748463619e-02 2.459385851832439698e-02 1.232450021012827497e-03
1.973549902748463619e-02 2.459385851832439698e-02 1.540562526266034318e-03
1.973549902748463619e-02 2.459385851832439698e-02 1.848675031519241355e-03
1.973549902748463619e-02 2.459385851832439698e-02 2.156787536772447958e-03
1.973549902748463619e-02 2.766809083311494791e-02 0.000000000000000000e+00
1.973549902748463619e-02 2.766809083311494791e-02 3.081125052532068744e-04
1.973549902748463619e-02 2.766809083311494791e-02 6.162250105064137487e-04
1.973549902748463619e-02 2.766809083311494791e-02 9.243375157596206773e-04
1.973549902748463619e-02 2.766809083311494791e-02 1.232450021012827497e-03
1.973549902748463619e-02 2.766809083311494791e-02 1.540562526266034318e-03
1.973549902748463619e-02 2.766809083311494791e-02 1.848675031519241355e-03
1.973549902748463619e-02 2.766809083311494791e-02 2.156787536772447958e-03
1.973549902748463619e-02 3.074232314790549536e-02 0.000000000000000000e+00
1.973549902748463619e-02 3.074232314790549536e-02 3.081125052532068744e-04
1.973549902748463619e-02 3.074232314790549536e-02 6.162250105064137487e-04
1.973549902748463619e-02 3.074232314790549536e-02 9.243375157596206773e-04
1.973549902748463619e-02 3.074232314790549536e-02 1.232450021012827497e-03
1.973549902748463619e-02 3.074232314790549536e-02 1.540562526266034318e-03
1.973549902748463619e-02 3.074232314790549536e-02 1.848675031519241355e-03
1.973549902748463619e-02 3.074232314790549536e-02 2.156787536772447958e-03
1.973549902748463619e-02 3.381655546269604629e-02 0.000000000000000000e+00
1.973549902748463619e-02 3.381655546269604629e-02 3.081125052532068744e-04
1.973549902748463619e-02 3.381655546269604629e-02 6.162250105064137487e-04
1.973549902748463619e-02 3.381655546269604629e-02 9.243375157596206773e-04
1.973549902748463619e-02 3.381655546269604629e-02 1.232450021012827497e-03
1.973549902748463619e-02 3.381655546269604629e-02 1.540562526266034318e-03
1.973549902748463619e-02 3.381655546269604629e-02 1.848675031519241355e-03
1.973549902748463619e-02 3.381655546269604629e-02 2.156787536772447958e-03
1.973549902748463619e-02 3.689078777748659721e-02 0.000000000000000000e+00
1.973549902748463619e-02 3.689078777748659721e-02 3.081125052532068744e-04
1.973549902748463619e-02 3.689078777748659721e-02 6.162250105064137487e-04
1.973549902748463619e-02 3.689078777748659721e-02 9.243375157596206773e-04
1.973549902748463619e-02 3.689078777748659721e-02 1.232450021012827497e-03
1.973549902748463619e-02 3.689078777748659721e-02 1.540562526266034318e-03
1.973549902748463619e-02 3.689078777748659721e-02 1.848675031519241355e-03
1.973549902748463619e-02 3.689078777748659721e-02 2.156787536772447958e-03
1.973549902748463619e-02 3.996502009227714813e-02 0.000000000000000000e+00
1.973549902748463619e-02 3.996502009227714813e-02 3.081125052532068744e-04
1.973549902748463619e-02 3.996502009227714813e-02 6.162250105064137487e-04
1.973549902748463619e-02 3.996502009227714813e-02 9.243375157596206773e-04
1.973549902748463619e-02 3.996502009227714813e-02 1.232450021012827497e-03
1.973549902748463619e-02 3.996502009227714813e-02 1.540562526266034318e-03
1.973549902748463619e-02 3.996502009227714813e-02 1.848675031519241355e-03
1.973549902748463619e-02 3.996502009227714813e-02 2.156787536772447958e-03
1.973549902748463619e-02 4.303925240706769212e-02 0.000000000000000000e+00
1.973549902748463619e-02 4.303925240706769212e-02 3.081125052532068744e-04
1.973549902748463619e-02 4.303925240706769212e-02 6.162250105064137487e-04
1.973549902748463619e-02 4.303925240706769212e-02 9.243375157596206773e-04
1.973549902748463619e-02 4.303925240706769212e-02 1.232450021012827497e-03
1.973549902748463619e-02 4.303925240706769212e-02 1.540562526266034318e-03
1.973549902748463619e-02 4.303925240706769212e-02 1.848675031519241355e-03
1.973549902748463619e-02 4.303925240706769212e-02 2.156787536772447958e-03
2.138012394644168979e-02 0.000000000000000000e+00 0.000000000000000000e+00
2.138012394644168979e-02 0.000000000000000000e+00 3.081125052532068744e-04
2.138012394644168979e-02 0.000000000000000000e+00 6.162250105064137487e-04
2.138012394644168979e-02 0.000000000000000000e+00 9.243375157596206773e-04
2.138012394644168979e-02 0.000000000000000000e+00 1.232450021012827497e-03
2.138012394644168979e-02 0.000000000000000000e+00 1.540562526266034318e-03
2.138012394644168979e-02 0.000000000000000000e+00 1.848675031519241355e-03
2.138012394644168979e-02 0.000000000000000000e+00 2.156787536772447958e-03
2.138012394644168979e-02 3.074232314790549623e-03 0.000000000000000000e+00
2.138012394644168979e-02 3.074232314790549623e-03 3.081125052532068744e-04
2.138012394644168979e-02 3.074232314790549623e-03 6.162250105064137487e-04
2.138012394644168979e-02 3.074232314790549623e-03 9.243375157596206773e-04
2.138012394644168979e-02 3.074232314790549623e-03 1.232450021012827497e-03
2.138012394644168979e-02 3.074232314790549623e-03 1.540562526266034318e-03
2.138012394644168979e-02 3.074232314790549623e-03 1.848675031519241355e-03
2.138012394644168979e-02 3.074232314790549623e-03 2.156787536772447958e-03
2.138012394644168979e-02 6.148464629581099246e-03 0.000000000000000000e+00
2.138012394644168979e-02 6.148464629581099246e-03 3.081125052532068744e-04
2.138012394644168979e-02 6.148464629581099246e-03 6.162250105064137487e-04
2.138012394644168979e-02 6.148464629581099246e-03 9.243375157596206773e-04
2.138012394644168979e-02 6.148464629581099246e-03 1.232450021012827497e-03
2.138012394644168979e-02 6.148464629581099246e-03 1.540562526266034318e-03
2.138012394644168979e-02 6.148464629581099246e-03 1.848675031519241355e-03
2.138012394644168979e-02 6.148464629581099246e-03 2.156787536772447958e-03
2.138012394644168979e-02 9.222696944371649302e-03 0.000000000000000000e+00
2.138012394644168979e-02 9.222696944371649302e-03 3.081125052532068744e-04
2.138012394644168979e-02 9.222696944371649302e-03 6.162250105064137487e-04
2.138012394644168979e-02 9.222696944371649302e-03 9.243375157596206773e-04
2.138012394644168979e-02 9.222696944371649302e-03 1.232450021012827497e-03
2.138012394644168979e-02 9.222696944371649302e-03 1.540562526266034318e-03
2.138012394644168979e-02 9.222696944371649302e-03 1.848675031519241355e-03
2.138012394644168979e-02 9.222696944371649302e-03 2.156787536772447958e-03
2.138012394644168979e-02 1.229692925916219849e-02 0.000000000000000000e+00
2.138012394644168979e-02 1.229692925916219849e-02 3.081125052532068744e-04
2.138012394644168979e-02 1.229692925916219849e-02 6.162250105064137487e-04
2.138012394644168979e-02 1.229692925916219849e-02 9.243375157596206773e-04
2.138012394644168979e-02 1.229692925916219849e-02 1.232450021012827497e-03
2.138012394644168979e-02 1.229692925916219849e-02 1.540562526266034318e-03
2.138012394644168979e-02 1.229692925916219849e-02 1.848675031519241355e-03
2.138012394644168979e-02 1.229692925916219849e-02 2.156787536772447958e-03
2.138012394644168979e-02 1.537116157395274768e-02 0.000000000000000000e+00
2.138012394644168979e-02 1.537116157395274768e-02 3.081125052532068744e-04
2.138012394644168979e-02 1.537116157395274768e-02 6.162250105064137487e-04
2.138012394644168979e-02 1.537116157395274768e-02 9.243375157596206773e-04
2.138012394644168979e-02 1.537116157395274768e-02 1.232450021012827497e-03
2.138012394644168979e-02 1.537116157395274768e-02 1.540562526266034318e-03
2.138012394644168979e-02 1.537116157395274768e-02 1.848675031519241355e-03
2.138012394644168979e-02 1.537116157395274768e-02 2.156787536772447958e-03
2.138012394644168979e-02 1.844539388874329860e-02 0.000000000000000000e+00
2.138012394644168979e-02 1.844539388874329860e-02 3.081125052532068744e-04
2.138012394644168979e-02 1.844539388874329860e-02 6.162250105064137487e-04
2.138012394644168979e-02 1.844539388874329860e-02 9.243375157596206773e-04
2.138012394644168979e-02 1.844539388874329860e-02 1.232450021012827497e-03
2.138012394644168979e-02 1.844539388874329860e-02 1.540562526266034318e-03
2.138012394644168979e-02 1.844539388874329860e-02 1.848675031519241355e-03
2.138012394644168979e-02 1.844539388874329860e-02 2.156787536772447958e-03
2.138012394644168979e-02 2.151962620353384606e-02 0.000000000000000000e+00
2.138012394644168979e-02 2.151962620353384606e-02 3.081125052532068744e-04
2.138012394644168979e-02 2.151962620353384606e-02 6.162250105064137487e-04
2.138012394644168979e-02 2.151962620353384606e-02 9.243375157596206773e-04
2.138012394644168979e-02 2.151962620353384606e-02 1.232450021012827497e-03
2.138012394644168979e-02 2.151962620353384606e-02 1.540562526266034318e-03
2.138012394644168979e-02 2.151962620353384606e-02 1.848675031519241355e-03
2.138012394644168979e-02 2.151962620353384606e-02 2.156787536772447958e-03
2.138012394644168979e-02 2.459385851832439698e-02 0.000000000000000000e+00
2.138012394644168979e-02 2.459385851832439698e-02 3.081125052532068744e-04
2.138012394644168979e-02 2.459385851832439698e-02 6.162250105064137487e-04
2.138012394644168979e-02 2.459385851832439698e-02 9.243375157596206773e-04
2.138012394644168979e-02 2.459385851832439698e-02 1.232450021012827497e-03
2.138012394644168979e-02 2.459385851832439698e-02 1.540562526266034318e-03
2.138012394644168979e-02 2.459385851832439698e-02 1.848675031519241355e-03
2.138012394644168979e-02 2.459385851832439698e-02 2.156787536772447958e-03
2.138012394644168979e-02 2.766809083311494791e-02 0.000000000000000000e+00
2.138012394644168979e-02 2.766809083311494791e-02 3.081125052532068744e-04
2.138012394644168979e-02 2.766809083311494791e-02 6.162250105064137487e-04
2.138012394644168979e-02 2.766809083311494791e-02 9.243375157596206773e-04
2.138012394644168979e-02 2.766809083311494791e-02 1.232450021012827497e-03
2.138012394644168979e-02 2.766809083311494791e-02 1.540562526266034318e-03
2.138012394644168979e-02 2.766809083311494791e-02 1.848675031519241355e-03
2.138012394644168979e-02 2.766809083311494791e-02 2.156787536772447958e-03
2.138012394644168979e-02 3.074232314790549536e-02 0.000000000000000000e+00
2.138012394644168979e-02 3.074232314790549536e-02 3.081125052532068744e-04
2.138012394644168979e-02 3.074232314790549536e-02 6.162250105064137487e-04
2.138012394644168979e-02 3.074232314790549536e-02 9.243375157596206773e-04
2.138012394644168979e-02 3.074232314790549536e-02 1.232450021012827497e-03
2.138012394644168979e-02 3.074232314790549536e-02 1.540562526266034318e-03
2.138012394644168979e-02 3.074232314790549536e-02 1.848675031519241355e-03
2.138012394644168979e-02 3.074232314790549536e-02 2.156787536772447958e-03
2.138012394644168979e-02 3.381655546269604629e-02 0.000000000000000000e+00
2.138012394644168979e-02 3.381655546269604629e-02 3.081125052532068744e-04
2.138012394644168979e-02 3.381655546269604629e-02 6.162250105064137487e-04
2.138012394644168979e-02 3.381655546269604629e-02 9.243375157596206773e-04
2.138012394644168979e-02 3.381655546269604629e-02 1.232450021012827497e-03
2.138012394644168979e-02 3.381655546269604629e-02 1.540562526266034318e-03
2.138012394644168979e-02 3.381655546269604629e-02 1.848675031519241355e-03
2.138012394644168979e-02 3.381655546269604629e-02 2.156787536772447958e-03
2.138012394644168979e-02 3.689078777748659721e-02 0.000000000000000000e+00
2.138012394644168979e-02 3.689078777748659721e-02 3.081125052532068744e-04
2.138012394644168979e-02 3.689078777748659721e-02 6.162250105064137487e-04
2.138012394644168979e-02 3.689078777748659721e-02 9.243375157596206773e-04
2.138012394644168979e-02 3.689078777748659721e-02 1.232450021012827497e-03
2.138012394644168979e-02 3.689078777748659721e-02 1.540562526266034318e-03
2.138012394644168979e-02 3.689078777748659721e-02 1.848675031519241355e-03
2.138012394644168979e-02 3.689078777748659721e-02 2.156787536772447958e-03
2.138012394644168979e-02 3.996502009227714813e-02 0.000000000000000000e+00
2.138012394644168979e-02 3.996502009227714813e-02 3.081125052532068744e-04
2.138012394644168979e-02 3.996502009227714813e-02 6.162250105064137487e-04
2.138012394644168979e-02 3.996502009227714813e-02 9.243375157596206773e-04
2.138012394644168979e-02 3.996502009227714813e-02 1.232450021012827497e-03
2.138012394644168979e-02 3.996502009227714813e-02 1.540562526266034318e-03
2.138012394644168979e-02 3.996502009227714813e-02 1.848675031519241355e-03
2.138012394644168979e-02 3.996502009227714813e-02 2.156787536772447958e-03
2.138012394644168979e-02 4.303925240706769212e-02 0.000000000000000000e+00
2.138012394644168979e-02 4.303925240706769212e-02 3.081125052532068744e-04
2.138012394644168979e-02 4.303925240706769212e-02 6.162250105064137487e-04
2.138012394644168979e-02 4.303925240706769212e-02 9.243375157596206773e-04
2.138012394644168979e-02 4.303925240706769212e-02 1.232450021012827497e-03
2.138012394644168979e-02 4.303925240706769212e-02 1.540562526266034318e-03
2.138012394644168979e-02 4.303925240706769212e-02 1.848675031519241355e-03
2.138012394644168979e-02 4.303925240706769212e-02 2.156787536772447958e-03
2.302474886539874338e-02 0.000000000000000000e+00 0.000000000000000000e+00
2.302474886539874338e-02 0.000000000000000000e+00 3.081125052532068744e-04
2.302474886539874338e-02 0.000000000000000000e+00 6.162250105064137487e-04
2.302474886539874338e-02 0.000000000000000000e+00 9.243375157596206773e-04
2.302474886539874338e-02 0.000000000000000000e+00 1.232450021012827497e-03
2.302474886539874338e-02 0.000000000000000000e+00 1.540562526266034318e-03
2.302474886539874338e-02 0.000000000000000000e+00 1.848675031519241355e-03
2.302474886539874338e-02 0.000000000000000000e+00 2.156787536772447958e-03
2.302474886539874338e-02 3.074232314790549623e-03 0.000000000000000000e+00
2.302474886539874338e-02 3.074232314790549623e-03 3.081125052532068744e-04
2.302474886539874338e-02 3.074232314790549623e-03 6.162250105064137487e-04
2.302474886539874338e-02 3.074232314790549623e-03 9.243375157596206773e-04
2.302474886539874338e-02 3.074232314790549623e-03 1.232450021012827497e-03
2.302474886539874338e-02 3.074232314790549623e-03 1.540562526266034318e-03
2.302474886539874338e-02 3.074232314790549623e-03 1.848675031519241355e-03
2.302474886539874338e-02 3.074232314790549623e-03 2.156787536772447958e-03
2.302474886539874338e-02 6.148464629581099246e-03 0.000000000000000000e+00
2.302474886539874338e-02 6.148464629581099246e-03 3.081125052532068744e-04
2.302474886539874338e-02 6.148464629581099246e-03 6.162250105064137487e-04
2.302474886539874338e-02 6.148464629581099246e-03 9.243375157596206773e-04
2.302474886539874338e-02 6.148464629581099246e-03 1.232450021012827497e-03
2.302474886539874338e-02 6.148464629581099246e-03 1.540562526266034318e-03
2.302474886539874338e-02 6.148464629581099246e-03 1.848675031519241355e-03
2.302474886539874338e-02 6.148464629581099246e-03 2.156787536772447958e-03
2.302474886539874338e-02 9.222696944371649302e-03 0.000000000000000000e+00
2.302474886539874338e-02 9.222696944371649302e-03 3.081125052532068744e-04
2.302474886539874338e-02 9.222696944371649302e-03 6.162250105064137487e-04
2.302474886539874338e-02 9.222696944371649302e-03 9.243375157596206773e-04
2.302474886539874338e-02 9.222696944371649302e-03 1.232450021012827497e-03
2.302474886539874338e-02 9.222696944371649302e-03 1.540562526266034318e-03
2.302474886539874338e-02 9.222696944371649302e-03 1.848675031519241355e-03
2.302474886539874338e-02 9.222696944371649302e-03 2.156787536772447958e-03
2.302474886539874338e-02 1.229692925916219849e-02 0.000000000000000000e+00
2.302474886539874338e-02 1.229692925916219849e-02 3.081125052532068744e-04
2.302474886539874338e-02 1.229692925916219849e-02 6.162250105064137487e-04
2.302474886539874338e-02 1.229692925916219849e-02 9.243375157596206773e-04
2.302474886539874338e-02 1.229692925916219849e-02 1.232450021012827497e-03
2.302474886539874338e-02 1.229692925916219849e-02 1.540562526266034318e-03
2.302474886539874338e-02 1.229692925916219849e-02 1.848675031519241355e-03
2.302474886539874338e-02 1.229692925916219849e-02 2.156787536772447958e-03
2.302474886539874338e-02 1.537116157395274768e-02 0.000000000000000000e+00
2.302474886539874338e-02 1.537116157395274768e-02 3.081125052532068744e-04
2.302474886539874338e-02 1.537116157395274768e-02 6.162250105064137487e-04
2.302474886539874338e-02 1.537116157395274768e-02 9.243375157596206773e-04
2.302474886539874338e-02 1.537116157395274768e-02 1.232450021012827497e-03
2.302474886539874338e-02 1.537116157395274768e-02 1.540562526266034318e-03
2.302474886539874338e-02 1.537116157395274768e-02 1.848675031519241355e-03
2.302474886539874338e-02 1.537116157395274768e-02 2.156787536772447958e-03
2.302474886539874338e-02 1.844539388874329860e-02 0.000000000000000000e+00
2.302474886539874338e-02 1.844539388874329860e-02 3.081125052532068744e-04
2.302474886539874338e-02 1.844539388874329860e-02 6.162250105064137487e-04
2.302474886539874338e-02 1.844539388874329860e-02 9.243375157596206773e-04
2.302474886539874338e-02 1.844539388874329860e-02 1.232450021012827497e-03
2.302474886539874338e-02 1.844539388874329860e-02 1.540562526266034318e-03
2.302474886539874338e-02 1.844539388874329860e-02 1.848675031519241355e-03
2.302474886539874338e-02 1.844539388874329860e-02 2.156787536772447958e-03
2.302474886539874338e-02 2.151962620353384606e-02 0.000000000000000000e+00
2.302474886539874338e-02 2.151962620353384606e-02 3.081125052532068744e-04
2.302474886539874338e-02 2.151962620353384606e-02 6.162250105064137487e-04
2.302474886539874338e-02 2.151962620353384606e-02 9.243375157596206773e-04
2.302474886539874338e-02 2.151962620353384606e-02 1.232450021012827497e-03
2.302474886539874338e-02 2.151962620353384606e-02 1.540562526266034318e-03
2.302474886539874338e-02 2.151962620353384606e-02 1.848675031519241355e-03
2.302474886539874338e-02 2.151962620353384606e-02 2.156787536772447958e-03
2.302474886539874338e-02 2.459385851832439698e-02 0.000000000000000000e+00
2.302474886539874338e-02 2.459385851832439698e-02 3.081125052532068744e-04
2.302474886539874338e-02 2.459385851832439698e-02 6.162250105064137487e-04
2.302474886539874338e-02 2.459385851832439698e-02 9.243375157596206773e-04
2.302474886539874338e-02 2.459385851832439698e-02 1.232450021012827497e-03
2.302474886539874338e-02 2.459385851832439698e-02 1.540562526266034318e-03
2.302474886539874338e-02 2.459385851832439698e-02 1.848675031519241355e-03
2.302474886539874338e-02 2.459385851832439698e-02 2.156787536772447958e-03
2.302474886539874338e-02 2.766809083311494791e-02 0.000000000000000000e+00
2.302474886539874338e-02 2.766809083311494791e-02 3.081125052532068744e-04
2.302474886539874338e-02 2.766809083311494791e-02 6.162250105064137487e-04
2.302474886539874338e-02 2.766809083311494791e-02 9.243375157596206773e-04
2.302474886539874338e-02 2.766809083311494791e-02 1.232450021012827497e-03
2.302474886539874338e-02 2.766809083311494791e-02 1.540562526266034318e-03
2.302474886539874338e-02 2.766809083311494791e-02 1.848675031519241355e-03
2.302474886539874338e-02 2.766809083311494791e-02 2.156787536772447958e-03
2.302474886539874338e-02 3.074232314790549536e-02 0.000000000000000000e+00
2.302474886539874338e-02 3.074232314790549536e-02 3.081125052532068744e-04
2.302474886539874338e-02 3.074232314790549536e-02 6.162250105064137487e-04
2.302474886539874338e-02 3.074232314790549536e-02 9.243375157596206773e-04
2.302474886539874338e-02 3.074232314790549536e-02 1.232450021012827497e-03
2.302474886539874338e-02 3.074232314790549536e-02 1.540562526266034318e-03
2.302474886539874338e-02 3.074232314790549536e-02 1.848675031519241355e-03
2.302474886539874338e-02 3.074232314790549536e-02 2.156787536772447958e-03
2.302474886539874338e-02 3.381655546269604629e-02 0.000000000000000000e+00
2.302474886539874338e-02 3.381655546269604629e-02 3.081125052532068744e-04
2.302474886539874338e-02 3.381655546269604629e-02 6.162250105064137487e-04
2.302474886539874338e-02 3.381655546269604629e-02 9.243375157596206773e-04
2.302474886539874338e-02 3.381655546269604629e-02 1.232450021012827497e-03
2.302474886539874338e-02 3.381655546269604629e-02 1.540562526266034318e-03
2.302474886539874338e-02 3.381655546269604629e-02 1.848675031519241355e-03
2.302474886539874338e-02 3.381655546269604629e-02 2.156787536772447958e-03
2.302474886539874338e-02 3.689078777748659721e-02 0.000000000000000000e+00
2.302474886539874338e-02 3.689078777748659721e-02 3.081125052532068744e-04
2.302474886539874338e-02 3.689078777748659721e-02 6.162250105064137487e-04
2.302474886539874338e-02 3.689078777748659721e-02 9.243375157596206773e-04
2.302474886539874338e-02 3.689078777748659721e-02 1.232450021012827497e-03
2.302474886539874338e-02 3.689078777748659721e-02 1.540562526266034318e-03
2.302474886539874338e-02 3.689078777748659721e-02 1.848675031519241355e-03
2.302474886539874338e-02 3.689078777748659721e-02 2.156787536772447958e-03
2.302474886539874338e-02 3.996502009227714813e-02 0.000000000000000000e+00
2.302474886539874338e-02 3.996502009227714813e-02 3.081125052532068744e-04
2.302474886539874338e-02 3.996502009227714813e-02 6.162250105064137487e-04
2.302474886539874338e-02 3.996502009227714813e-02 9.243375157596206773e-04
2.302474886539874338e-02 3.996502009227714813e-02 1.232450021012827497e-03
2.302474886539874338e-02 3.996502009227714813e-02 1.540562526266034318e-03
2.302474886539874338e-02 3.996502009227714813e-02 1.848675031519241355e-03
2.302474886539874338e-02 3.996502009227714813e-02 2.156787536772447958e-03
2.302474886539874338e-02 4.303925240706769212e-02 0.000000000000000000e+00
2.302474886539874338e-02 4.303925240706769212e-02 3.081125052532068744e-04
2.302474886539874338e-02 4.303925240706769212e-02 6.162250105064137487e-04
2.302474886539874338e-02 4.303925240706769212e-02 9.243375157596206773e-04
2.302474886539874338e-02 4.303925240706769212e-02 1.232450021012827497e-03
2.302474886539874338e-02 4.303925240706769212e-02 1.540562526266034318e-03
2.302474886539874338e-02 4.303925240706769212e-02 1.848675031519241355e-03
2.302474886539874338e-02 4.303925240706769212e-02 2.156787536772447958e-03
