crack_id,region,length_um,width_um,angle_deg,type
0,Anode_Support,30.140553200900456,1.8871044156283592,-35.32803149088025,intergranular
1,Anode_Support,62.82701177538761,2.4520199586865687,27.096048156787546,intergranular
2,Anode_Support,2.780065598859638,0.3579092360559081,81.28345817145612,transgranular
3,Anode_Support,24.45512916094449,0.6846977290488189,4.965947224264582,intergranular
4,Anode_Support,5.879295427655795,0.253749265289405,-5.397410125990476,transgranular
