crack_id,region,length_um,width_um,angle_deg,type
0,Cathode,10.514268625115882,0.8586444872346612,33.16748825389283,transgranular
1,Cathode,14.479456945666001,0.8660456606831477,-37.74919943096544,transgranular
2,Cathode,5.201390965081436,0.1,65.3736560604014,transgranular
3,Cathode,8.027941108894085,0.5814098393895598,-84.4677814498358,intergranular
4,Cathode,6.436842034228238,0.1,-47.887473779958356,transgranular
5,Cathode,53.64664227655137,1.8789559641211815,-69.03947486602188,transgranular
6,Cathode,13.836041216547127,1.1208639115491774,10.29343188740495,transgranular
