material,porosity_fraction,porosity_percent,mean_pore_size_um,median_pore_size_um,std_pore_size_um,d10_pore_size_um,d50_pore_size_um,d90_pore_size_um,total_pore_count,pore_connectivity,tortuosity,tpb_length_m_per_m3,surface_area_m2_per_m3,permeability_m2
Ni-YSZ_anode,0.34406379725400477,34.40637972540048,3.5657969016318476,3.0955472071013563,2.1173951415990944,1.5223460192171374,3.0955472071013563,5.781810942135903,500,0.9191598233477393,1.704827769769213,4104954813109.4717,648279.8607713934,2.2945621525640322e-15
YSZ_electrolyte,0.019086466879080548,1.9086466879080548,0.13626822123132104,0.12361676368579091,0.06680767428322251,0.06649832353754422,0.12361676368579091,0.21203484960788344,500,0.8032304388606921,7.238310825002958,0.0,931831.6507453388,5.83421991476161e-22
GDC_cathode,0.3063232409420627,30.632324094206272,2.310027048284424,2.0951866148697516,1.1331543501912271,1.1040288578923292,2.0951866148697516,3.7920005924499063,500,0.8376024509403706,1.8067997669434372,3919070079967.1807,922218.5495510575,6.342522698996648e-16
