region,material,area_analyzed_mm2,total_cracks,crack_density_per_mm2,mean_crack_length_um,std_crack_length_um,max_crack_length_um,mean_crack_width_um,predominant_angle_deg,transgranular_fraction,intergranular_fraction,interface_fraction
Anode_Support,Ni-YSZ,1.0,5,5.0,25.216411032749598,21.5253229976055,62.82701177538761,1.1270961209418118,4.965947224264582,0.4,0.6,0.0
Anode_Electrolyte_Interface,Interface,0.5,12,24.0,9.793642364568786,12.169986327600585,47.42487438449714,0.5767138061185304,4.305308331187243,0.08333333333333333,0.6666666666666666,0.25
Electrolyte,YSZ,0.3,1,3.3333333333333335,16.636240570091303,0.0,16.636240570091303,0.8146036756807165,-75.10740487676551,0.0,1.0,0.0
Electrolyte_Cathode_Interface,Interface,0.5,12,24.0,22.34655673914043,25.91778917991267,86.7106935208825,1.121895346541664,0.788268773826389,0.08333333333333333,0.75,0.16666666666666666
Cathode,GDC-LSM,0.8,7,8.75,16.02036902458345,15.702467769034772,53.64664227655137,0.7865599804253897,-37.74919943096544,0.8571428571428571,0.14285714285714285,0.0
