{
  "temperature_bc": {
    "left_c": 54.86912795027388,
    "right_c": 70.71176281629798
  },
  "displacement_bc": {
    "ux_left": 0.0,
    "uy_bottom": 0.0
  },
  "voltage_bc": {
    "left_v": 0.4826255535305556,
    "right_v": 1.4467834811737559
  }
}