{
  "elastic_modulus_gpa": 124.74218851151583,
  "poisson_ratio": 0.31634706445300603,
  "yield_strength_mpa": 246.53533638208563,
  "creep_coeff": 2.294792870309783e-05,
  "thermal_expansion_per_c": 1.2039314067337586e-05,
  "electrochemical_coeff": 0.7231804713957858
}