{
  "t0": {
    "temperature_node": {
      "min": 40.910512515576606,
      "max": 54.270371631173674,
      "mean": 47.590442073375144
    },
    "voltage_node": {
      "min": 0.3864998079361604,
      "max": 1.173346859372062,
      "mean": 0.7799233336541113
    },
    "stress_vm_elem": {
      "min": 39.70930123916561,
      "max": 269.96436841312646,
      "mean": 152.82221099774264
    },
    "stress_p1_elem": {
      "min": 10.691378722205346,
      "max": 272.60200522949674,
      "mean": 136.77435973329108
    },
    "shear_interface_elem": {
      "min": 0.02845621283746935,
      "max": 197.53653340462293,
      "mean": 34.93964824698998
    },
    "strain_el_elem": {
      "min": 0.00033654173291192726,
      "max": 0.006659418855633404,
      "mean": 0.002527552282149353
    },
    "strain_pl_elem": {
      "min": 0.0,
      "max": 0.00468305994030682,
      "mean": 0.0008524235624282633
    },
    "strain_cr_elem": {
      "min": 0.0,
      "max": 0.0,
      "mean": 0.0
    },
    "strain_th_elem": {
      "min": 5.113741229744301e-05,
      "max": 5.113741229744301e-05,
      "mean": 5.113741229744301e-05
    },
    "damage_elem": {
      "min": 0.0,
      "max": 0.0,
      "mean": 0.0
    },
    "delamination_elem": {
      "min": 0.0,
      "max": 0.0,
      "mean": 0.0
    },
    "crack_init_elem": {
      "min": 0.0,
      "max": 0.0,
      "mean": 0.0
    }
  },
  "t25": {
    "temperature_node": {
      "min": 41.521750102730536,
      "max": 65.13819974926628,
      "mean": 53.32997492599841
    },
    "voltage_node": {
      "min": 0.3880150123447976,
      "max": 1.233748146963654,
      "mean": 0.8108815796542258
    },
    "stress_vm_elem": {
      "min": 2.6555934889025354,
      "max": 595.9382248383388,
      "mean": 248.7344087936566
    },
    "stress_p1_elem": {
      "min": -604.1348161507445,
      "max": 2.0394912616352467,
      "mean": -230.69081791761155
    },
    "shear_interface_elem": {
      "min": 0.0018776667088139906,
      "max": 437.1113225027751,
      "mean": 81.63412826037711
    },
    "strain_el_elem": {
      "min": 0.0005668751949537058,
      "max": 0.006889752317675183,
      "mean": 0.002757885744191132
    },
    "strain_pl_elem": {
      "min": 0.0005446686837912917,
      "max": 0.015805516904609473,
      "mean": 0.005832875111521474
    },
    "strain_cr_elem": {
      "min": 0.0019541524041641694,
      "max": 0.010892123502260872,
      "mean": 0.005051348282656925
    },
    "strain_th_elem": {
      "min": 0.0005118043363810001,
      "max": 0.0005118043363810001,
      "mean": 0.0005118043363810001
    },
    "damage_elem": {
      "min": 0.001442802130355525,
      "max": 0.009082021871402057,
      "mean": 0.0028712550904885854
    },
    "delamination_elem": {
      "min": 0.0,
      "max": 0.0,
      "mean": 0.0
    },
    "crack_init_elem": {
      "min": 0.0,
      "max": 0.0,
      "mean": 0.0
    }
  },
  "t50": {
    "temperature_node": {
      "min": 41.933458720431176,
      "max": 76.72733255068702,
      "mean": 59.3303956355591
    },
    "voltage_node": {
      "min": 0.3893814028465594,
      "max": 1.2882171976005652,
      "mean": 0.8387993002235624
    },
    "stress_vm_elem": {
      "min": 201.6743072448707,
      "max": 1471.7773612474107,
      "mean": 703.2488686015173
    },
    "stress_p1_elem": {
      "min": -1490.4753355469927,
      "max": -60.67331078600898,
      "mean": -643.7096497880265
    },
    "shear_interface_elem": {
      "min": 0.17086585143296296,
      "max": 1079.5255648838731,
      "mean": 206.74462838407595
    },
    "strain_el_elem": {
      "min": 0.0008076783598155652,
      "max": 0.007130555482537042,
      "mean": 0.002998688909052991
    },
    "strain_pl_elem": {
      "min": 0.0028284493620975093,
      "max": 0.027433540094562243,
      "mean": 0.011354633299161027
    },
    "strain_cr_elem": {
      "min": 0.003997129917608528,
      "max": 0.022279343527351784,
      "mean": 0.01033230330543462
    },
    "strain_th_elem": {
      "min": 0.0009934106661047188,
      "max": 0.0009934106661047188,
      "mean": 0.0009934106661047188
    },
    "damage_elem": {
      "min": 0.0034045487464337,
      "max": 0.046971057636092106,
      "mean": 0.011807985241227302
    },
    "delamination_elem": {
      "min": 0.0,
      "max": 0.0,
      "mean": 0.0
    },
    "crack_init_elem": {
      "min": 0.0,
      "max": 0.0,
      "mean": 0.0
    }
  },
  "t75": {
    "temperature_node": {
      "min": 41.54666267625503,
      "max": 65.63506288961663,
      "mean": 53.59086278293583
    },
    "voltage_node": {
      "min": 0.3909144589313755,
      "max": 1.3493301147391177,
      "mean": 0.8701222868352466
    },
    "stress_vm_elem": {
      "min": 380.37443532588634,
      "max": 2317.798630870396,
      "mean": 1138.0272314858867
    },
    "stress_p1_elem": {
      "min": -2347.24475524541,
      "max": -117.781718640631,
      "mean": -1038.7711411423363
    },
    "shear_interface_elem": {
      "min": 0.3360987818294452,
      "max": 1700.0688705775094,
      "mean": 326.4155595061651
    },
    "strain_el_elem": {
      "min": 0.0005773448977737868,
      "max": 0.006900222020495264,
      "mean": 0.0027683554470112125
    },
    "strain_pl_elem": {
      "min": 0.0045522683042199,
      "max": 0.038095330134781336,
      "mean": 0.016175648119776176
    },
    "strain_cr_elem": {
      "min": 0.0059512823217726975,
      "max": 0.033171467029612656,
      "mean": 0.015383651588091548
    },
    "strain_th_elem": {
      "min": 0.0005327437420211619,
      "max": 0.0005327437420211619,
      "mean": 0.0005327437420211619
    },
    "damage_elem": {
      "min": 0.00443443446296321,
      "max": 0.09152979489826885,
      "mean": 0.021417281082694854
    },
    "delamination_elem": {
      "min": 0.0,
      "max": 0.0,
      "mean": 0.0
    },
    "crack_init_elem": {
      "min": 0.0,
      "max": 0.0,
      "mean": 0.0
    }
  },
  "t100": {
    "temperature_node": {
      "min": 40.910512515576606,
      "max": 54.270371631173674,
      "mean": 47.590442073375144
    },
    "voltage_node": {
      "min": 0.39248346844903004,
      "max": 1.4118762600443786,
      "mean": 0.9021798642467044
    },
    "stress_vm_elem": {
      "min": 567.1972965014934,
      "max": 3202.2754127489707,
      "mean": 1592.5682472286364
    },
    "stress_p1_elem": {
      "min": -3242.958239475573,
      "max": -177.48596321591768,
      "mean": -1451.789973012751
    },
    "shear_interface_elem": {
      "min": 0.5088422999712221,
      "max": 2348.81869016631,
      "mean": 451.5260784065309
    },
    "strain_el_elem": {
      "min": 0.00033654173291192726,
      "max": 0.006659418855633404,
      "mean": 0.002527552282149353
    },
    "strain_pl_elem": {
      "min": 0.006354442652802398,
      "max": 0.04924174699501039,
      "mean": 0.02121579997769201
    },
    "strain_cr_elem": {
      "min": 0.007994259835217055,
      "max": 0.04455868705470357,
      "mean": 0.02066460661086924
    },
    "strain_th_elem": {
      "min": 5.113741229744301e-05,
      "max": 5.113741229744301e-05,
      "mean": 5.113741229744301e-05
    },
    "damage_elem": {
      "min": 0.005063946079065795,
      "max": 0.13865287558474992,
      "mean": 0.03139206059332744
    },
    "delamination_elem": {
      "min": 0.0,
      "max": 0.0,
      "mean": 0.0
    },
    "crack_init_elem": {
      "min": 0.0,
      "max": 0.0,
      "mean": 0.0
    }
  }
}