time,temperature,mass,mass_loss_percent,mix_name,rubber_content,heating_rate
0.0,0.0,1004.1591902417823,-0.41591902417823123,High_Rubber,60,5
0.10008340283569642,0.5004170141784821,999.9623314238183,0.0037668576181658863,High_Rubber,60,5
0.20016680567139283,1.0008340283569641,996.8929470789687,0.3107052921031254,High_Rubber,60,5
0.3002502085070893,1.5012510425354464,1002.2241209074252,-0.22241209074252308,High_Rubber,60,5
0.40033361134278567,2.0016680567139282,1000.3048827674418,-0.030488276744176798,High_Rubber,60,5
0.5004170141784821,2.5020850708924103,997.5835599684033,0.24164400315967216,High_Rubber,60,5
0.6005004170141786,3.002502085070893,998.6108680145616,0.13891319854384393,High_Rubber,60,5
0.700583819849875,3.502919099249375,998.6847538766367,0.13152461233632948,High_Rubber,60,5
0.8006672226855713,4.0033361134278564,999.9470613610812,0.005293863891881756,High_Rubber,60,5
0.9007506255212677,4.5037531276063385,1000.845801479265,-0.08458014792649919,High_Rubber,60,5
1.0008340283569641,5.004170141784821,996.0933572563373,0.3906642743662701,High_Rubber,60,5
1.1009174311926606,5.5045871559633035,1002.2800695069877,-0.22800695069877291,High_Rubber,60,5
1.2010008340283571,6.005004170141786,997.814376892892,0.2185623107107972,High_Rubber,60,5
1.3010842368640534,6.505421184320267,999.8229444895007,0.017705551049925817,High_Rubber,60,5
1.40116763969975,7.00583819849875,997.176857197944,0.28231428020560545,High_Rubber,60,5
1.5012510425354462,7.506255212677231,997.3279849892125,0.26720150107875046,High_Rubber,60,5
1.6013344453711427,8.006672226855713,996.875712600763,0.3124287399237005,High_Rubber,60,5
1.7014178482068392,8.507089241034196,994.2983058760614,0.5701694123938638,High_Rubber,60,5
1.8015012510425354,9.007506255212677,996.8063836651088,0.31936163348912033,High_Rubber,60,5
1.901584653878232,9.50792326939116,1000.0680016363648,-0.006800163636478373,High_Rubber,60,5
2.0016680567139282,10.008340283569641,997.8258435624435,0.2174156437556462,High_Rubber,60,5
2.1017514595496247,10.508757297748124,996.2733516622127,0.372664833778731,High_Rubber,60,5
2.2018348623853212,11.009174311926607,997.2835942174444,0.27164057825556254,High_Rubber,60,5
2.3019182652210177,11.509591326105088,995.2572954281712,0.4742704571828767,High_Rubber,60,5
2.4020016680567142,12.010008340283571,994.0515933699421,0.5948406630057889,High_Rubber,60,5
2.5020850708924103,12.51042535446205,996.766051665858,0.32339483341420416,High_Rubber,60,5
2.602168473728107,13.010842368640533,996.8500568100658,0.314994318993422,High_Rubber,60,5
2.7022518765638033,13.511259382819016,998.2831640717473,0.1716835928252749,High_Rubber,60,5
2.8023352793995,14.0116763969975,996.201798923464,0.37982010765359747,High_Rubber,60,5
2.9024186822351963,14.512093411175982,999.5790503701637,0.04209496298362865,High_Rubber,60,5
3.0025020850708923,15.012510425354462,998.1083503320405,0.18916496679595413,High_Rubber,60,5
3.102585487906589,15.512927439532945,998.7196726651302,0.1280327334869753,High_Rubber,60,5
3.2026688907422853,16.013344453711426,997.4512423778054,0.25487576221945574,High_Rubber,60,5
3.302752293577982,16.51376146788991,995.5612143843297,0.4438785615670326,High_Rubber,60,5
3.4028356964136783,17.01417848206839,992.8839581483367,0.711604185166334,High_Rubber,60,5
3.5029190992493744,17.514595496246873,992.6566816695525,0.734331833044746,High_Rubber,60,5
3.603002502085071,18.015012510425354,997.9516846390655,0.20483153609344526,High_Rubber,60,5
3.7030859049207674,18.51542952460384,996.8621922603862,0.31378077396137766,High_Rubber,60,5
3.803169307756464,19.01584653878232,996.212647095308,0.3787352904692057,High_Rubber,60,5
3.9032527105921604,19.5162635529608,997.2241139741989,0.2775886025801128,High_Rubber,60,5
4.0033361134278564,20.016680567139282,994.0085039779437,0.5991496022056253,High_Rubber,60,5
4.103419516263553,20.517097581317767,994.8455463795747,0.5154453620425329,High_Rubber,60,5
4.2035029190992494,21.017514595496248,995.338564692076,0.4661435307923966,High_Rubber,60,5
4.3035863219349455,21.517931609674726,996.4706414181157,0.35293585818842527,High_Rubber,60,5
4.4036697247706424,22.018348623853214,997.7997809358786,0.22002190641213704,High_Rubber,60,5
4.5037531276063385,22.51876563803169,996.6915796563659,0.33084203436341114,High_Rubber,60,5
4.6038365304420354,23.019182652210176,999.2428056821763,0.07571943178237461,High_Rubber,60,5
4.7039199332777315,23.519599666388658,998.9787277636442,0.10212722363557986,High_Rubber,60,5
4.8040033361134284,24.020016680567142,995.1768230337703,0.4823176966229653,High_Rubber,60,5
4.9040867389491245,24.520433694745623,994.2214667606755,0.5778533239324474,High_Rubber,60,5
5.004170141784821,25.0208507089241,993.6755598573249,0.6324440142675144,High_Rubber,60,5
5.1042535446205175,25.52126772310259,991.6162274613702,0.8383772538629841,High_Rubber,60,5
5.204336947456214,26.021684737281067,995.0627287397034,0.4937271260296598,High_Rubber,60,5
5.3044203502919105,26.52210175145955,995.0003620288356,0.4999637971164361,High_Rubber,60,5
5.404503753127607,27.022518765638033,992.3321901623999,0.7667809837600089,High_Rubber,60,5
5.504587155963303,27.522935779816514,993.6060490585602,0.6393950941439811,High_Rubber,60,5
5.604670558799,28.023352793995,997.0809971660952,0.2919002833904756,High_Rubber,60,5
5.704753961634696,28.523769808173476,994.6736237620693,0.532637623793073,High_Rubber,60,5
5.804837364470393,29.024186822351965,996.4691528716897,0.3530847128310256,High_Rubber,60,5
5.904920767306089,29.524603836530442,994.2057640781375,0.5794235921862537,High_Rubber,60,5
6.005004170141785,30.025020850708923,990.6868226513598,0.9313177348640239,High_Rubber,60,5
6.105087572977482,30.525437864887408,997.1203490326952,0.28796509673047693,High_Rubber,60,5
6.205170975813178,31.02585487906589,994.9386539659927,0.5061346034007329,High_Rubber,60,5
6.305254378648875,31.526271893244374,991.7986443545974,0.8201355645402599,High_Rubber,60,5
6.405337781484571,32.02668890742285,993.9629476234165,0.603705237658346,High_Rubber,60,5
6.505421184320267,32.52710592160133,990.6406377108729,0.9359362289127147,High_Rubber,60,5
6.605504587155964,33.02752293577982,990.2544405527207,0.9745559447279334,High_Rubber,60,5
6.70558798999166,33.527939949958295,991.5824286767695,0.8417571323230504,High_Rubber,60,5
6.805671392827357,34.02835696413678,994.9462029835516,0.5053797016448357,High_Rubber,60,5
6.905754795663053,34.528773978315265,992.5252743515459,0.7474725648454069,High_Rubber,60,5
7.005838198498749,35.029190992493746,995.21017826663,0.47898217333699905,High_Rubber,60,5
7.105921601334446,35.52960800667223,998.2296028616964,0.1770397138303565,High_Rubber,60,5
7.206005004170142,36.03002502085071,992.5204704984452,0.7479529501554794,High_Rubber,60,5
7.306088407005839,36.530442035029196,995.9291384158184,0.40708615841815576,High_Rubber,60,5
7.406171809841535,37.03085904920768,992.169680433969,0.7830319566030993,High_Rubber,60,5
7.506255212677231,37.53127606338615,993.0231607932163,0.6976839206783666,High_Rubber,60,5
7.606338615512928,38.03169307756464,989.9972670902888,1.0002732909711198,High_Rubber,60,5
7.706422018348624,38.53211009174312,989.5672458623532,1.0432754137646838,High_Rubber,60,5
7.806505421184321,39.0325271059216,993.1491501743949,0.685084982560511,High_Rubber,60,5
7.906588824020017,39.53294412010008,995.3225711917319,0.4677428808268132,High_Rubber,60,5
8.006672226855713,40.033361134278564,992.3270612915973,0.7672938708402739,High_Rubber,60,5
8.10675562969141,40.533778148457046,993.2747564365327,0.6725243563467302,High_Rubber,60,5
8.206839032527107,41.034195162635534,990.6661283705729,0.9333871629427108,High_Rubber,60,5
8.306922435362802,41.53461217681401,994.2418670067273,0.5758132993272739,High_Rubber,60,5
8.407005838198499,42.035029190992496,989.8495525956694,1.0150447404330636,High_Rubber,60,5
8.507089241034196,42.53544620517098,995.2923558382653,0.470764416173472,High_Rubber,60,5
8.607172643869891,43.03586321934945,995.4626339877124,0.45373660122876347,High_Rubber,60,5
8.707256046705588,43.53628023352794,989.5133539272791,1.0486646072720873,High_Rubber,60,5
8.807339449541285,44.03669724770643,993.3411575170625,0.665884248293753,High_Rubber,60,5
8.907422852376982,44.53711426188491,990.4126099533872,0.9587390046612768,High_Rubber,60,5
9.007506255212677,45.03753127606338,994.8892377954958,0.5110762204504227,High_Rubber,60,5
9.107589658048374,45.53794829024187,990.9876282225181,0.9012371777481918,High_Rubber,60,5
9.207673060884071,46.03836530442035,987.6354231672796,1.2364576832720444,High_Rubber,60,5
9.307756463719766,46.538782318598834,992.3293549576717,0.767064504232826,High_Rubber,60,5
9.407839866555463,47.039199332777315,988.1961790283433,1.1803820971656707,High_Rubber,60,5
9.50792326939116,47.539616346955796,990.289985886058,0.9710014113941953,High_Rubber,60,5
9.608006672226857,48.040033361134284,991.0576386188721,0.8942361381127852,High_Rubber,60,5
9.708090075062552,48.54045037531276,989.4777895091889,1.0522210490811061,High_Rubber,60,5
9.808173477898249,49.04086738949125,992.554847428815,0.7445152571184963,High_Rubber,60,5
9.908256880733946,49.54128440366973,987.1754484800484,1.282455151995157,High_Rubber,60,5
10.008340283569641,50.0417014178482,989.3149330263045,1.0685066973695483,High_Rubber,60,5
10.108423686405338,50.54211843202669,988.693155081774,1.1306844918226033,High_Rubber,60,5
10.208507089241035,51.04253544620518,987.2097787961246,1.2790221203875376,High_Rubber,60,5
10.30859049207673,51.54295246038365,990.4907713193172,0.9509228680682781,High_Rubber,60,5
10.408673894912427,52.043369474562134,991.7630102976093,0.8236989702390701,High_Rubber,60,5
10.508757297748124,52.54378648874062,987.25439361176,1.274560638824005,High_Rubber,60,5
10.608840700583821,53.0442035029191,989.4876612621786,1.0512338737821436,High_Rubber,60,5
10.708924103419516,53.544620517097584,989.1372098866437,1.0862790113356253,High_Rubber,60,5
10.809007506255213,54.045037531276066,987.1174384255027,1.2882561574497344,High_Rubber,60,5
10.90909090909091,54.54545454545455,989.2024661455249,1.0797533854475092,High_Rubber,60,5
11.009174311926605,55.04587155963303,986.424111163854,1.3575888836145964,High_Rubber,60,5
11.109257714762302,55.54628857381151,985.1620654346483,1.4837934565351703,High_Rubber,60,5
11.209341117598,56.04670558799,991.1090178944278,0.8890982105572219,High_Rubber,60,5
11.309424520433694,56.54712260216847,988.5664496173738,1.143355038262621,High_Rubber,60,5
11.409507923269391,57.04753961634695,985.5025354947124,1.4497464505287554,High_Rubber,60,5
11.509591326105088,57.54795663052544,986.8037389301056,1.3196261069894375,High_Rubber,60,5
11.609674728940785,58.04837364470393,990.693305706622,0.9306694293377972,High_Rubber,60,5
11.70975813177648,58.5487906588824,987.8617778674022,1.2138222132597776,High_Rubber,60,5
11.809841534612177,59.049207673060884,985.4063749321385,1.4593625067861467,High_Rubber,60,5
11.909924937447874,59.54962468723937,988.112449681795,1.1887550318204942,High_Rubber,60,5
12.01000834028357,60.05004170141785,984.69361884298,1.5306381157020041,High_Rubber,60,5
12.110091743119266,60.550458715596335,988.3910167803041,1.1608983219695916,High_Rubber,60,5
12.210175145954963,61.050875729774816,989.2613437034992,1.0738656296500835,High_Rubber,60,5
12.310258548790658,61.55129274395329,986.7450529890898,1.32549470109102,High_Rubber,60,5
12.410341951626355,62.05170975813178,986.7123425841189,1.3287657415881087,High_Rubber,60,5
12.510425354462052,62.55212677231026,987.0822300487168,1.2917769951283162,High_Rubber,60,5
12.61050875729775,63.05254378648875,987.1878579295641,1.2812142070435926,High_Rubber,60,5
12.710592160133444,63.55296080066722,984.1979238136943,1.5802076186305727,High_Rubber,60,5
12.810675562969141,64.0533778148457,984.9427227227543,1.5057277277245702,High_Rubber,60,5
12.910758965804838,64.55379482902418,986.1669875768537,1.383301242314633,High_Rubber,60,5
13.010842368640533,65.05421184320267,983.4035768069025,1.6596423193097505,High_Rubber,60,5
13.11092577147623,65.55462885738115,984.0445769325802,1.5955423067419816,High_Rubber,60,5
13.211009174311927,66.05504587155964,989.4207904959945,1.0579209504005462,High_Rubber,60,5
13.311092577147624,66.55546288573812,988.5944784418289,1.140552155817113,High_Rubber,60,5
13.41117597998332,67.05587989991659,989.8574681202016,1.0142531879798413,High_Rubber,60,5
13.511259382819016,67.55629691409509,987.7306978383635,1.226930216163646,High_Rubber,60,5
13.611342785654713,68.05671392827357,983.9026182581789,1.6097381741821095,High_Rubber,60,5
13.711426188490409,68.55713094245205,984.811557783636,1.5188442216364024,High_Rubber,60,5
13.811509591326105,69.05754795663053,982.8063286092203,1.7193671390779743,High_Rubber,60,5
13.911592994161802,69.55796497080901,985.8028390549642,1.4197160945035763,High_Rubber,60,5
14.011676396997498,70.05838198498749,986.6812047556817,1.3318795244318267,High_Rubber,60,5
14.111759799833195,70.55879899916597,988.0755557736171,1.1924444226382889,High_Rubber,60,5
14.211843202668891,71.05921601334445,979.8507673390659,2.01492326609341,High_Rubber,60,5
14.311926605504588,71.55963302752295,985.7124559043511,1.4287544095648854,High_Rubber,60,5
14.412010008340284,72.06005004170142,983.2556490929361,1.6744350907063905,High_Rubber,60,5
14.51209341117598,72.5604670558799,986.3052370743465,1.369476292565355,High_Rubber,60,5
14.612176814011677,73.06088407005839,985.9255395803598,1.4074460419640218,High_Rubber,60,5
14.712260216847373,73.56130108423686,981.6514634206833,1.8348536579316714,High_Rubber,60,5
14.81234361968307,74.06171809841535,984.0605725347984,1.593942746520156,High_Rubber,60,5
14.912427022518767,74.56213511259384,983.6887277923574,1.6311272207642562,High_Rubber,60,5
15.012510425354462,75.0625521267723,983.5347874101141,1.6465212589885936,High_Rubber,60,5
15.112593828190159,75.5629691409508,987.5739115802569,1.242608841974311,High_Rubber,60,5
15.212677231025856,76.06338615512928,987.4615675575511,1.253843244244888,High_Rubber,60,5
15.312760633861553,76.56380316930776,981.076606994568,1.8923393005431988,High_Rubber,60,5
15.412844036697248,77.06422018348624,981.974051703123,1.8025948296877006,High_Rubber,60,5
15.512927439532945,77.56463719766472,982.6440619200805,1.7355938079919495,High_Rubber,60,5
15.613010842368642,78.0650542118432,980.6831000281129,1.9316899971887098,High_Rubber,60,5
15.713094245204337,78.56547122602169,983.8719982471358,1.612800175286418,High_Rubber,60,5
15.813177648040034,79.06588824020017,981.0824098689781,1.8917590131021937,High_Rubber,60,5
15.91326105087573,79.56630525437865,983.7954713555176,1.6204528644482366,High_Rubber,60,5
16.013344453711426,80.06672226855713,982.0150429266896,1.79849570733104,High_Rubber,60,5
16.113427856547123,80.56713928273561,986.0412147113641,1.3958785288635909,High_Rubber,60,5
16.21351125938282,81.06755629691409,983.4364295293733,1.65635704706267,High_Rubber,60,5
16.313594662218517,81.56797331109259,982.4898200351437,1.751017996485632,High_Rubber,60,5
16.413678065054214,82.06839032527107,983.4058609785653,1.659413902143467,High_Rubber,60,5
16.51376146788991,82.56880733944955,984.5465075455832,1.5453492454416846,High_Rubber,60,5
16.613844870725604,83.06922435362802,980.4835557176453,1.9516444282354655,High_Rubber,60,5
16.7139282735613,83.5696413678065,981.9868269489187,1.8013173051081255,High_Rubber,60,5
16.814011676396998,84.07005838198499,984.2252735360408,1.5774726463959154,High_Rubber,60,5
16.914095079232695,84.57047539616347,985.5419343089799,1.4458065691020123,High_Rubber,60,5
17.01417848206839,85.07089241034195,983.1392563595252,1.6860743640474765,High_Rubber,60,5
17.11426188490409,85.57130942452045,983.4416278172749,1.6558372182725065,High_Rubber,60,5
17.214345287739782,86.0717264386989,985.5692025491744,1.4430797450825594,High_Rubber,60,5
17.31442869057548,86.5721434528774,986.5840948538361,1.3415905146163936,High_Rubber,60,5
17.414512093411176,87.07256046705588,985.2290600709558,1.4770939929044176,High_Rubber,60,5
17.514595496246873,87.57297748123436,980.8213109596857,1.9178689040314338,High_Rubber,60,5
17.61467889908257,88.07339449541286,985.7319400192683,1.4268059980731664,High_Rubber,60,5
17.714762301918267,88.57381150959134,982.5052854123285,1.7494714587671525,High_Rubber,60,5
17.814845704753964,89.07422852376982,981.3362330297523,1.8663766970247706,High_Rubber,60,5
17.914929107589657,89.57464553794829,984.7948174514016,1.5205182548598373,High_Rubber,60,5
18.015012510425354,90.07506255212677,981.5048270467736,1.8495172953226415,High_Rubber,60,5
18.11509591326105,90.57547956630526,986.5935597132066,1.340644028679344,High_Rubber,60,5
18.215179316096748,91.07589658048374,982.8129086543561,1.7187091345643921,High_Rubber,60,5
18.315262718932445,91.57631359466222,983.2788714509794,1.6721128549020592,High_Rubber,60,5
18.415346121768142,92.0767306088407,979.2319405161359,2.0768059483864136,High_Rubber,60,5
18.51542952460384,92.57714762301919,981.4777533726838,1.8522246627316237,High_Rubber,60,5
18.615512927439532,93.07756463719767,975.8512093196288,2.4148790680371235,High_Rubber,60,5
18.71559633027523,93.57798165137615,986.0596804157133,1.3940319584286727,High_Rubber,60,5
18.815679733110926,94.07839866555463,981.8573830378018,1.814261696219819,High_Rubber,60,5
18.915763135946623,94.57881567973311,980.4914056523762,1.9508594347623784,High_Rubber,60,5
19.01584653878232,95.07923269391159,978.5129522317568,2.14870477682432,High_Rubber,60,5
19.115929941618017,95.57964970809009,980.4207962090303,1.95792037909697,High_Rubber,60,5
19.216013344453714,96.08006672226857,980.3492391622281,1.9650760837771941,High_Rubber,60,5
19.316096747289407,96.58048373644704,980.080685844454,1.9919314155545975,High_Rubber,60,5
19.416180150125104,97.08090075062552,980.0942202609831,1.990577973901691,High_Rubber,60,5
19.5162635529608,97.581317764804,978.3444730599937,2.1655526940006324,High_Rubber,60,5
19.616346955796498,98.0817347789825,982.0363172828359,1.7963682717164147,High_Rubber,60,5
19.716430358632195,98.58215179316097,983.4486893243275,1.655131067567254,High_Rubber,60,5
19.816513761467892,99.08256880733946,981.2151681322047,1.8784831867795333,High_Rubber,60,5
19.916597164303585,99.58298582151792,982.2927257876393,1.7707274212360746,High_Rubber,60,5
20.016680567139282,100.0834028356964,979.0177363583349,2.09822636416651,High_Rubber,60,5
20.11676396997498,100.5838198498749,981.4926530863736,1.8507346913626408,High_Rubber,60,5
20.216847372810676,101.08423686405338,981.7925188825028,1.8207481117497197,High_Rubber,60,5
20.316930775646373,101.58465387823186,980.685192041234,1.9314807958765983,High_Rubber,60,5
20.41701417848207,102.08507089241036,980.3155736675349,1.9684426332465137,High_Rubber,60,5
20.517097581317767,102.58548790658884,978.9199397773472,2.108006022265283,High_Rubber,60,5
20.61718098415346,103.0859049207673,979.0049971463228,2.099500285367719,High_Rubber,60,5
20.717264386989157,103.58632193494579,979.8005174381782,2.019948256182181,High_Rubber,60,5
20.817347789824854,104.08673894912427,977.6351475377757,2.236485246222435,High_Rubber,60,5
20.91743119266055,104.58715596330276,980.9420702755401,1.905792972445988,High_Rubber,60,5
21.017514595496248,105.08757297748124,979.3373911562901,2.0662608843709904,High_Rubber,60,5
21.117597998331945,105.58798999165973,981.1477347531477,1.8852265246852313,High_Rubber,60,5
21.217681401167642,106.0884070058382,980.3392430770699,1.9660756922930092,High_Rubber,60,5
21.317764804003335,106.58882402001667,978.1718535839127,2.1828146416087293,High_Rubber,60,5
21.417848206839032,107.08924103419517,979.0124589660365,2.0987541033963453,High_Rubber,60,5
21.51793160967473,107.58965804837365,982.8231482157902,1.7176851784209815,High_Rubber,60,5
21.618015012510426,108.09007506255213,977.7180692865261,2.228193071347391,High_Rubber,60,5
21.718098415346123,108.59049207673061,976.25056450464,2.374943549535999,High_Rubber,60,5
21.81818181818182,109.0909090909091,979.8305937753058,2.016940622469417,High_Rubber,60,5
21.918265221017514,109.59132610508757,979.9577706489064,2.0042229351093623,High_Rubber,60,5
22.01834862385321,110.09174311926606,980.5277966676553,1.9472203332344749,High_Rubber,60,5
22.118432026688907,110.59216013344454,980.7620964352124,1.9237903564787644,High_Rubber,60,5
22.218515429524604,111.09257714762302,975.9889997050818,2.401100029491818,High_Rubber,60,5
22.3185988323603,111.5929941618015,978.8950574866725,2.11049425133275,High_Rubber,60,5
22.418682235196,112.09341117598,981.8759696312089,1.812403036879107,High_Rubber,60,5
22.518765638031695,112.59382819015848,978.1064112042842,2.18935887957158,High_Rubber,60,5
22.61884904086739,113.09424520433694,977.8106020211062,2.2189397978893797,High_Rubber,60,5
22.718932443703086,113.59466221851542,978.7701339552256,2.122986604477444,High_Rubber,60,5
22.819015846538782,114.0950792326939,979.675796258384,2.032420374161598,High_Rubber,60,5
22.91909924937448,114.5954962468724,979.9088839313532,2.0091116068646784,High_Rubber,60,5
23.019182652210176,115.09591326105088,975.6933425855822,2.430665741441783,High_Rubber,60,5
23.119266055045873,115.59633027522936,980.7347598023015,1.9265240197698517,High_Rubber,60,5
23.21934945788157,116.09674728940786,978.1275331512768,2.1872466848723207,High_Rubber,60,5
23.319432860717264,116.59716430358631,980.0546862915504,1.994531370844959,High_Rubber,60,5
23.41951626355296,117.0975813177648,978.6127967597951,2.138720324020494,High_Rubber,60,5
23.519599666388658,117.59799833194329,983.5123268923688,1.6487673107631167,High_Rubber,60,5
23.619683069224354,118.09841534612177,976.567225166035,2.3432774833965024,High_Rubber,60,5
23.71976647206005,118.59883236030026,977.498824300061,2.250117569993904,High_Rubber,60,5
23.81984987489575,119.09924937447875,980.7329569345936,1.9267043065406368,High_Rubber,60,5
23.919933277731445,119.59966638865723,975.0216129790255,2.4978387020974537,High_Rubber,60,5
24.02001668056714,120.1000834028357,981.534832701867,1.8465167298132994,High_Rubber,60,5
24.120100083402836,120.60050041701417,977.6088048589403,2.239119514105971,High_Rubber,60,5
24.220183486238533,121.10091743119267,978.5815355886399,2.1418464411360105,High_Rubber,60,5
24.32026688907423,121.60133444537115,978.7208525526272,2.1279147447372795,High_Rubber,60,5
24.420350291909926,122.10175145954963,972.7931172132795,2.7206882786720485,High_Rubber,60,5
24.520433694745623,122.60216847372811,975.88381637398,2.4116183626019962,High_Rubber,60,5
24.620517097581317,123.10258548790658,978.2811176784556,2.1718882321544357,High_Rubber,60,5
24.720600500417014,123.60300250208508,978.9834602634078,2.1016539736592224,High_Rubber,60,5
24.82068390325271,124.10341951626356,971.4628628919335,2.853713710806653,High_Rubber,60,5
24.920767306088408,124.60383653044204,975.8037977936948,2.41962022063052,High_Rubber,60,5
25.020850708924105,125.10425354462052,979.6065888517232,2.0393411148276757,High_Rubber,60,5
25.1209341117598,125.604670558799,980.3305432386466,1.9669456761353443,High_Rubber,60,5
25.2210175145955,126.1050875729775,977.8152662519345,2.218473374806547,High_Rubber,60,5
25.321100917431192,126.60550458715596,978.6795152572188,2.132048474278122,High_Rubber,60,5
25.42118432026689,127.10592160133444,976.5425557558475,2.34574442441525,High_Rubber,60,5
25.521267723102586,127.60633861551293,981.5273480018161,1.8472651998183893,High_Rubber,60,5
25.621351125938283,128.1067556296914,981.8503902086154,1.814960979138459,High_Rubber,60,5
25.72143452877398,128.6071726438699,977.2092568610406,2.2790743138959444,High_Rubber,60,5
25.821517931609677,129.10758965804837,977.8912687202746,2.210873127972536,High_Rubber,60,5
25.921601334445374,129.60800667222688,975.1146012145824,2.488539878541758,High_Rubber,60,5
26.021684737281067,130.10842368640533,979.1745819011383,2.0825418098861745,High_Rubber,60,5
26.121768140116764,130.6088407005838,973.7976187900005,2.620238120999954,High_Rubber,60,5
26.22185154295246,131.1092577147623,977.6187779284609,2.238122207153913,High_Rubber,60,5
26.321934945788158,131.60967472894077,977.5771961500078,2.2422803849992192,High_Rubber,60,5
26.422018348623855,132.11009174311928,978.5090204270703,2.1490979572929745,High_Rubber,60,5
26.52210175145955,132.61050875729777,976.6952146001717,2.3304785399828347,High_Rubber,60,5
26.62218515429525,133.11092577147625,975.8985885445261,2.410141145547391,High_Rubber,60,5
26.722268557130942,133.6113427856547,981.3726933275636,1.8627306672436363,High_Rubber,60,5
26.82235195996664,134.11175979983318,975.5237058369593,2.4476294163040735,High_Rubber,60,5
26.922435362802336,134.6121768140117,976.4042348962184,2.3595765103781563,High_Rubber,60,5
27.022518765638033,135.11259382819017,977.6815596443574,2.2318440355642566,High_Rubber,60,5
27.12260216847373,135.61301084236865,975.422302586444,2.457769741355605,High_Rubber,60,5
27.222685571309427,136.11342785654713,973.8251748599281,2.6174825140071905,High_Rubber,60,5
27.32276897414512,136.6138448707256,979.2650303538998,2.073496964610024,High_Rubber,60,5
27.422852376980817,137.1142618849041,979.677749070798,2.0322250929202026,High_Rubber,60,5
27.522935779816514,137.61467889908258,972.9383780831104,2.7061621916889633,High_Rubber,60,5
27.62301918265221,138.11509591326106,974.7310718136185,2.526892818638146,High_Rubber,60,5
27.723102585487908,138.61551292743954,974.138202383391,2.586179761660901,High_Rubber,60,5
27.823185988323605,139.11592994161802,976.2776059211277,2.3722394078872298,High_Rubber,60,5
27.9232693911593,139.6163469557965,978.6039849074788,2.1396015092521226,High_Rubber,60,5
28.023352793994995,140.11676396997498,979.7127201741404,2.0287279825859628,High_Rubber,60,5
28.123436196830692,140.61718098415346,976.3865113982986,2.361348860170142,High_Rubber,60,5
28.22351959966639,141.11759799833195,975.5070513279463,2.449294867205367,High_Rubber,60,5
28.323603002502086,141.61801501251043,974.6260788250557,2.537392117494426,High_Rubber,60,5
28.423686405337783,142.1184320266889,973.9504789194101,2.6049521080589897,High_Rubber,60,5
28.52376980817348,142.6188490408674,978.838253709208,2.116174629079205,High_Rubber,60,5
28.623853211009177,143.1192660550459,971.8956755214681,2.810432447853191,High_Rubber,60,5
28.72393661384487,143.61968306922435,971.7526366495262,2.824736335047385,High_Rubber,60,5
28.824020016680567,144.12010008340283,976.5654750417908,2.343452495820918,High_Rubber,60,5
28.924103419516264,144.6205170975813,976.8360423801827,2.3163957619817324,High_Rubber,60,5
29.02418682235196,145.1209341117598,973.3237230055712,2.6676276994428805,High_Rubber,60,5
29.124270225187658,145.6213511259383,970.0220150560225,2.9977984943977503,High_Rubber,60,5
29.224353628023355,146.12176814011679,976.7661521203822,2.323384787961777,High_Rubber,60,5
29.324437030859052,146.62218515429527,977.9642090918315,2.203579090816845,High_Rubber,60,5
29.424520433694745,147.12260216847372,976.3004817477224,2.3699518252277585,High_Rubber,60,5
29.524603836530442,147.6230191826522,975.1257981240756,2.487420187592443,High_Rubber,60,5
29.62468723936614,148.1234361968307,975.7455452996251,2.4254454700374937,High_Rubber,60,5
29.724770642201836,148.6238532110092,972.8876849806546,2.711231501934537,High_Rubber,60,5
29.824854045037533,149.12427022518767,977.1115001197664,2.288849988023355,High_Rubber,60,5
29.92493744787323,149.62468723936615,972.0977052041605,2.790229479583945,High_Rubber,60,5
30.025020850708923,150.1251042535446,979.3192822905521,2.068071770944789,High_Rubber,60,5
30.12510425354462,150.62552126772312,975.4051136678306,2.4594886332169383,High_Rubber,60,5
30.225187656380317,151.1259382819016,975.2246667799354,2.477533322006457,High_Rubber,60,5
30.325271059216014,151.62635529608008,975.4579003845549,2.4542099615445068,High_Rubber,60,5
30.42535446205171,152.12677231025856,976.5667783067379,2.343322169326211,High_Rubber,60,5
30.525437864887408,152.62718932443704,976.1037705622525,2.389622943774748,High_Rubber,60,5
30.625521267723105,153.12760633861552,972.1646472808692,2.783535271913081,High_Rubber,60,5
30.7256046705588,153.628023352794,973.2452735033444,2.6754726496655623,High_Rubber,60,5
30.825688073394495,154.12844036697248,974.3907295787826,2.560927042121739,High_Rubber,60,5
30.925771476230192,154.62885738115097,970.8496833446842,2.9150316655315804,High_Rubber,60,5
31.02585487906589,155.12927439532945,976.6657961638473,2.333420383615271,High_Rubber,60,5
31.125938281901586,155.62969140950793,973.0773616064447,2.69226383935553,High_Rubber,60,5
31.226021684737283,156.1301084236864,971.5328981974263,2.8467101802573667,High_Rubber,60,5
31.32610508757298,156.6305254378649,976.1313906628629,2.386860933713706,High_Rubber,60,5
31.426188490408673,157.13094245204337,976.1449062816075,2.385509371839248,High_Rubber,60,5
31.52627189324437,157.63135946622185,970.531199197305,2.9468800802695,High_Rubber,60,5
31.626355296080067,158.13177648040033,978.668297880438,2.1331702119562013,High_Rubber,60,5
31.726438698915764,158.63219349457881,974.4125227240555,2.558747727594448,High_Rubber,60,5
31.82652210175146,159.1326105087573,974.8177734969081,2.51822265030919,High_Rubber,60,5
31.926605504587158,159.63302752293578,977.5325019410457,2.2467498058954334,High_Rubber,60,5
32.02668890742285,160.13344453711426,970.9958900466754,2.9004109953324586,High_Rubber,60,5
32.12677231025855,160.63386155129277,972.3505409888833,2.7649459011116733,High_Rubber,60,5
32.226855713094245,161.13427856547122,973.6898676705198,2.631013232948021,High_Rubber,60,5
32.326939115929946,161.63469557964973,973.065356403178,2.6934643596821957,High_Rubber,60,5
32.42702251876564,162.13511259382818,974.828670292685,2.5171329707314953,High_Rubber,60,5
32.52710592160133,162.63552960800666,974.0842391475685,2.59157608524315,High_Rubber,60,5
32.62718932443703,163.13594662218517,976.3027630035273,2.3697236996472726,High_Rubber,60,5
32.72727272727273,163.63636363636363,974.5111601402161,2.5488839859783865,High_Rubber,60,5
32.82735613010843,164.13678065054214,972.594015981076,2.740598401892396,High_Rubber,60,5
32.92743953294412,164.6371976647206,974.4433783235673,2.5556621676432654,High_Rubber,60,5
33.02752293577982,165.1376146788991,971.1207851914445,2.8879214808555504,High_Rubber,60,5
33.127606338615514,165.63803169307758,975.8083434886632,2.419165651133676,High_Rubber,60,5
33.22768974145121,166.13844870725603,973.4447977112227,2.6555202288777306,High_Rubber,60,5
33.32777314428691,166.63886572143454,974.582319742952,2.5417680257048008,High_Rubber,60,5
33.4278565471226,167.139282735613,975.6092858337693,2.439071416623074,High_Rubber,60,5
33.5279399499583,167.6396997497915,977.3842361488438,2.26157638511562,High_Rubber,60,5
33.628023352793996,168.14011676396998,973.6699947894392,2.6330005210560783,High_Rubber,60,5
33.72810675562969,168.64053377814844,972.810573019189,2.718942698081105,High_Rubber,60,5
33.82819015846539,169.14095079232695,970.371535546984,2.962846445301602,High_Rubber,60,5
33.92827356130108,169.6413678065054,973.9202177907991,2.607978220920086,High_Rubber,60,5
34.02835696413678,170.1417848206839,973.1566096582453,2.6843390341754687,High_Rubber,60,5
34.12844036697248,170.6422018348624,974.1660483560689,2.5833951643931075,High_Rubber,60,5
34.22852376980818,171.1426188490409,970.71617855218,2.9283821447819944,High_Rubber,60,5
34.32860717264387,171.64303586321935,974.0012110719175,2.599878892808249,High_Rubber,60,5
34.428690575479564,172.1434528773978,969.3971753970055,3.0602824602994474,High_Rubber,60,5
34.528773978315265,172.64386989157632,973.5104505142082,2.648954948579183,High_Rubber,60,5
34.62885738115096,173.1442869057548,972.095219231009,2.7904780768991033,High_Rubber,60,5
34.72894078398666,173.6447039199333,970.2358355030024,2.9764164496997636,High_Rubber,60,5
34.82902418682235,174.14512093411176,969.9040818964626,3.0095918103537427,High_Rubber,60,5
34.92910758965805,174.64553794829027,971.4867553014852,2.851324469851477,High_Rubber,60,5
35.029190992493746,175.14595496246872,973.6622830860385,2.633771691396146,High_Rubber,60,5
35.12927439532944,175.6463719766472,973.3824868891985,2.6617513110801494,High_Rubber,60,5
35.22935779816514,176.1467889908257,970.6329730103415,2.9367026989658482,High_Rubber,60,5
35.32944120100083,176.64720600500416,970.0751461287354,2.9924853871264645,High_Rubber,60,5
35.42952460383653,177.14762301918267,973.8869725677702,2.6113027432229843,High_Rubber,60,5
35.52960800667223,177.64804003336113,968.0365299531983,3.1963470046801716,High_Rubber,60,5
35.62969140950793,178.14845704753964,970.4343291125012,2.956567088749875,High_Rubber,60,5
35.72977481234362,178.64887406171812,974.9428546269698,2.505714537303015,High_Rubber,60,5
35.829858215179314,179.14929107589657,972.7694346597035,2.7230565340296495,High_Rubber,60,5
35.929941618015015,179.64970809007508,975.648118555087,2.435188144491303,High_Rubber,60,5
36.03002502085071,180.15012510425353,970.4308091636863,2.9569190836313735,High_Rubber,60,5
36.13010842368641,180.65054211843204,971.3120705266372,2.8687929473362828,High_Rubber,60,5
36.2301918265221,181.15095913261052,973.7384875582517,2.6261512441748325,High_Rubber,60,5
36.3302752293578,181.651376146789,972.4847103714613,2.7515289628538655,High_Rubber,60,5
36.430358632193496,182.1517931609675,971.1782574927386,2.882174250726143,High_Rubber,60,5
36.53044203502919,182.65221017514594,973.3072566479264,2.669274335207365,High_Rubber,60,5
36.63052543786489,183.15262718932445,972.151278112374,2.784872188762597,High_Rubber,60,5
36.73060884070058,183.65304420350293,968.7857735651706,3.1214226434829357,High_Rubber,60,5
36.830692243536284,184.1534612176814,972.4739586483576,2.752604135164245,High_Rubber,60,5
36.93077564637198,184.6538782318599,971.1971608203213,2.88028391796787,High_Rubber,60,5
37.03085904920768,185.15429524603837,975.3590019514937,2.4640998048506275,High_Rubber,60,5
37.13094245204337,185.65471226021685,973.1885995303622,2.681140046963776,High_Rubber,60,5
37.231025854879064,186.15512927439534,969.255029329279,3.0744970670721044,High_Rubber,60,5
37.331109257714765,186.65554628857382,969.3779585334524,3.062204146654756,High_Rubber,60,5
37.43119266055046,187.1559633027523,969.9110594849185,3.0088940515081504,High_Rubber,60,5
37.53127606338616,187.65638031693078,972.0258938605377,2.7974106139462265,High_Rubber,60,5
37.63135946622185,188.15679733110926,973.2077217674376,2.679227823256235,High_Rubber,60,5
37.73144286905755,188.65721434528777,971.0806363366324,2.8919363663367563,High_Rubber,60,5
37.831526271893246,189.15763135946622,969.9177716220727,3.008222837792732,High_Rubber,60,5
37.93160967472894,189.6580483736447,972.0192943624932,2.7980705637506844,High_Rubber,60,5
38.03169307756464,190.15846538782318,972.6320782023973,2.736792179760266,High_Rubber,60,5
38.13177648040033,190.65888240200167,970.3820502360301,2.9617949763969933,High_Rubber,60,5
38.231859883236034,191.15929941618018,971.2321766779588,2.876782332204118,High_Rubber,60,5
38.33194328607173,191.65971643035863,970.6625894168096,2.9337410583190375,High_Rubber,60,5
38.43202668890743,192.16013344453714,970.4715120205633,2.9528487979436706,High_Rubber,60,5
38.53211009174312,192.6605504587156,968.8829662718141,3.11170337281859,High_Rubber,60,5
38.632193494578814,193.16096747289407,969.7510889794639,3.024891102053607,High_Rubber,60,5
38.732276897414515,193.66138448707258,967.233109830555,3.2766890169444993,High_Rubber,60,5
38.83236030025021,194.16180150125103,966.789461067597,3.3210538932402986,High_Rubber,60,5
38.93244370308591,194.66221851542954,967.6727517880909,3.232724821190914,High_Rubber,60,5
39.0325271059216,195.162635529608,968.1505685264207,3.1849431473579335,High_Rubber,60,5
39.132610508757296,195.66305254378648,970.1257687070354,2.987423129296462,High_Rubber,60,5
39.232693911592996,196.163469557965,974.296862147926,2.570313785207395,High_Rubber,60,5
39.33277731442869,196.66388657214344,967.180705969532,3.2819294030467976,High_Rubber,60,5
39.43286071726439,197.16430358632195,967.9435091292157,3.2056490870784273,High_Rubber,60,5
39.53294412010008,197.6647206005004,969.3183792728172,3.0681620727182803,High_Rubber,60,5
39.633027522935784,198.1651376146789,968.267419285294,3.1732580714706047,High_Rubber,60,5
39.73311092577148,198.6655546288574,971.8422438847216,2.8157756115278403,High_Rubber,60,5
39.83319432860717,199.16597164303585,972.8094716621887,2.7190528337811317,High_Rubber,60,5
39.93327773144287,199.66638865721436,972.4974172235823,2.750258277641774,High_Rubber,60,5
40.033361134278564,200.1668056713928,970.1778286799879,2.9822171320012103,High_Rubber,60,5
40.133444537114265,200.66722268557132,970.8743212626224,2.91256787373776,High_Rubber,60,5
40.23352793994996,201.1676396997498,968.6128170496058,3.138718295039417,High_Rubber,60,5
40.33361134278566,201.6680567139283,966.6276992048635,3.3372300795136542,High_Rubber,60,5
40.43369474562135,202.16847372810676,973.5775111863463,2.6422488813653673,High_Rubber,60,5
40.533778148457046,202.6688907422852,969.518621455068,3.0481378544932,High_Rubber,60,5
40.633861551292746,203.16930775646372,972.7996943766509,2.7200305623349097,High_Rubber,60,5
40.73394495412844,203.6697247706422,967.6124573674073,3.2387542632592727,High_Rubber,60,5
40.83402835696414,204.17014178482071,970.0269827595272,2.9973017240472815,High_Rubber,60,5
40.93411175979983,204.67055879899917,971.376513552617,2.8623486447383018,High_Rubber,60,5
41.034195162635534,205.17097581317768,970.691705392424,2.930829460757604,High_Rubber,60,5
41.13427856547123,205.67139282735613,970.1385321040171,2.9861467895982856,High_Rubber,60,5
41.23436196830692,206.1718098415346,972.8151963234468,2.7184803676553204,High_Rubber,60,5
41.33444537114262,206.67222685571312,970.6740665172097,2.9325933482790334,High_Rubber,60,5
41.434528773978315,207.17264386989157,970.3478386935309,2.965216130646911,High_Rubber,60,5
41.534612176814015,207.67306088407008,973.0744327955675,2.692556720443247,High_Rubber,60,5
41.63469557964971,208.17347789824854,971.4238427513309,2.857615724866912,High_Rubber,60,5
41.73477898248541,208.67389491242704,965.7767727151833,3.422322728481674,High_Rubber,60,5
41.8348623853211,209.17431192660553,970.5869529579926,2.9413047042007405,High_Rubber,60,5
41.934945788156796,209.67472894078398,971.3972711989725,2.860272880102752,High_Rubber,60,5
42.035029190992496,210.1751459549625,969.3553275750436,3.064467242495641,High_Rubber,60,5
42.13511259382819,210.67556296914094,966.8430741573248,3.3156925842675147,High_Rubber,60,5
42.23519599666389,211.17597998331945,971.3497920086262,2.86502079913738,High_Rubber,60,5
42.33527939949958,211.67639699749793,972.8559805225628,2.7144019477437156,High_Rubber,60,5
42.435362802335284,212.1768140116764,970.2682330967268,2.973176690327318,High_Rubber,60,5
42.53544620517098,212.6772310258549,970.0256481661539,2.9974351833846073,High_Rubber,60,5
42.63552960800667,213.17764804003335,966.7902555792766,3.320974442072338,High_Rubber,60,5
42.73561301084237,213.67806505421186,965.4608728829993,3.4539127117000703,High_Rubber,60,5
42.835696413678065,214.17848206839034,971.2064586785863,2.8793541321413727,High_Rubber,60,5
42.935779816513765,214.67889908256882,967.6309607914103,3.23690392085897,High_Rubber,60,5
43.03586321934946,215.1793160967473,968.8378729192206,3.1162127080779443,High_Rubber,60,5
43.13594662218516,215.67973311092578,971.742456158577,2.8257543841422943,High_Rubber,60,5
43.23603002502085,216.18015012510426,969.0831564872061,3.091684351279389,High_Rubber,60,5
43.336113427856546,216.68056713928274,965.5916443205087,3.440835567949125,High_Rubber,60,5
43.436196830692246,217.18098415346122,971.3320350400174,2.8667964959982557,High_Rubber,60,5
43.53628023352794,217.6814011676397,969.9534893590595,3.0046510640940483,High_Rubber,60,5
43.63636363636364,218.1818181818182,967.7956246040368,3.2204375395963214,High_Rubber,60,5
43.736447039199334,218.68223519599667,970.9179043841161,2.9082095615883876,High_Rubber,60,5
43.83653044203503,219.18265221017515,967.2326690186344,3.2767330981365603,High_Rubber,60,5
43.93661384487073,219.68306922435363,972.5960002760552,2.7403999723944823,High_Rubber,60,5
44.03669724770642,220.1834862385321,972.7609007318807,2.7239099268119276,High_Rubber,60,5
44.13678065054212,220.6839032527106,968.9799782939,3.102002170610001,High_Rubber,60,5
44.236864053377815,221.18432026688907,968.4842409835749,3.1515759016425138,High_Rubber,60,5
44.336947456213515,221.68473728106758,970.0007730283257,2.999922697167426,High_Rubber,60,5
44.43703085904921,222.18515429524604,967.6511372250064,3.2348862774993563,High_Rubber,60,5
44.5371142618849,222.68557130942452,969.4424087257689,3.055759127423107,High_Rubber,60,5
44.6371976647206,223.185988323603,971.179367908952,2.882063209104797,High_Rubber,60,5
44.737281067556296,223.68640533778148,969.7660376031121,3.0233962396887932,High_Rubber,60,5
44.837364470392,224.18682235196,968.0534520253378,3.194654797466217,High_Rubber,60,5
44.93744787322769,224.68723936613844,967.9116265532826,3.2088373446717355,High_Rubber,60,5
45.03753127606339,225.18765638031695,970.5986141141864,2.9401385885813625,High_Rubber,60,5
45.137614678899084,225.6880733944954,966.4933062764786,3.350669372352138,High_Rubber,60,5
45.23769808173478,226.18849040867389,968.8023333508048,3.119766664919519,High_Rubber,60,5
45.33778148457048,226.6889074228524,968.4149030048376,3.158509699516242,High_Rubber,60,5
45.43786488740617,227.18932443703085,970.9468950101688,2.905310498983124,High_Rubber,60,5
45.53794829024187,227.68974145120936,969.2161761877041,3.078382381229585,High_Rubber,60,5
45.638031693077565,228.1901584653878,971.1451412092141,2.8854858790785896,High_Rubber,60,5
45.738115095913265,228.69057547956632,969.3238254539984,3.067617454600156,High_Rubber,60,5
45.83819849874896,229.1909924937448,969.9007119166813,3.00992880833187,High_Rubber,60,5
45.93828190158465,229.69140950792325,969.7702946924808,3.0229705307519223,High_Rubber,60,5
46.03836530442035,230.19182652210176,972.51280782071,2.7487192179289988,High_Rubber,60,5
46.138448707256046,230.69224353628022,968.7721562022949,3.1227843797705077,High_Rubber,60,5
46.23853211009175,231.19266055045873,965.9376819129229,3.4062318087077075,High_Rubber,60,5
46.33861551292744,231.6930775646372,967.4848477685154,3.251515223148465,High_Rubber,60,5
46.43869891576314,232.19349457881572,969.2317097203427,3.076829027965732,High_Rubber,60,5
46.538782318598834,232.69391159299417,971.152340359451,2.8847659640548957,High_Rubber,60,5
46.63886572143453,233.19432860717262,970.5516411146002,2.9448358885399784,High_Rubber,60,5
46.73894912427023,233.69474562135113,968.9046075675951,3.109539243240488,High_Rubber,60,5
46.83903252710592,234.1951626355296,967.6761265207012,3.2323873479298757,High_Rubber,60,5
46.93911592994162,234.69557964970812,968.808527438829,3.1191472561171056,High_Rubber,60,5
47.039199332777315,235.19599666388658,968.1938314251705,3.1806168574829483,High_Rubber,60,5
47.139282735613016,235.69641367806508,967.3856979734697,3.2614302026530253,High_Rubber,60,5
47.23936613844871,236.19683069224354,969.592329555732,3.0407670444267976,High_Rubber,60,5
47.3394495412844,236.69724770642202,972.7091071677329,2.72908928322671,High_Rubber,60,5
47.4395329441201,237.19766472060053,967.5813001960926,3.2418699803907427,High_Rubber,60,5
47.539616346955796,237.69808173477898,967.251896965764,3.274810303423601,High_Rubber,60,5
47.6396997497915,238.1984987489575,962.965084038213,3.7034915961786963,High_Rubber,60,5
47.73978315262719,238.69891576313594,966.3090577549515,3.3690942245048516,High_Rubber,60,5
47.83986655546289,239.19933277731445,968.8028644644806,3.1197135535519354,High_Rubber,60,5
47.939949958298584,239.69974979149293,969.1813554808792,3.0818644519120766,High_Rubber,60,5
48.04003336113428,240.2001668056714,967.7689997063941,3.2231000293605914,High_Rubber,60,5
48.14011676396998,240.7005838198499,970.604876037382,2.939512396261796,High_Rubber,60,5
48.24020016680567,241.20100083402835,964.9683596009168,3.503164039908324,High_Rubber,60,5
48.34028356964137,241.70141784820686,969.9775391841997,3.0022460815800285,High_Rubber,60,5
48.440366972477065,242.20183486238534,969.2661942678002,3.073380573219981,High_Rubber,60,5
48.540450375312766,242.70225187656382,969.0742145589194,3.092578544108062,High_Rubber,60,5
48.64053377814846,243.2026688907423,963.671260679317,3.6328739320682986,High_Rubber,60,5
48.74061718098415,243.70308590492075,970.0068086362907,2.9993191363709344,High_Rubber,60,5
48.84070058381985,244.20350291909926,965.6888225030461,3.4311177496953857,High_Rubber,60,5
48.940783986655546,244.70391993327775,972.2527728754214,2.774722712457856,High_Rubber,60,5
49.04086738949125,245.20433694745623,968.5676674638113,3.143233253618871,High_Rubber,60,5
49.14095079232694,245.7047539616347,965.762304180058,3.4237695819942013,High_Rubber,60,5
49.241034195162634,246.20517097581316,962.9743164831893,3.702568351681066,High_Rubber,60,5
49.341117597998334,246.70558798999167,970.1092818332436,2.9890718166756414,High_Rubber,60,5
49.44120100083403,247.20600500417015,969.329632712917,3.0670367287082967,High_Rubber,60,5
49.54128440366973,247.70642201834863,967.3032419758028,3.269675802419715,High_Rubber,60,5
49.64136780650542,248.2068390325271,968.8433604897178,3.115663951028216,High_Rubber,60,5
49.74145120934112,248.7072560467056,967.1505178078379,3.2849482192162096,High_Rubber,60,5
49.841534612176815,249.20767306088408,970.3415774798008,2.9658422520199226,High_Rubber,60,5
49.94161801501251,249.70809007506256,968.5252978408831,3.1474702159116874,High_Rubber,60,5
50.04170141784821,250.20850708924104,968.3068084997383,3.1693191500261717,High_Rubber,60,5
50.1417848206839,250.70892410341952,966.356627631006,3.364337236899405,High_Rubber,60,5
50.2418682235196,251.209341117598,970.87513401428,2.912486598572002,High_Rubber,60,5
50.341951626355296,251.70975813177648,967.7272398177014,3.227276018229861,High_Rubber,60,5
50.442035029191,252.210175145955,968.9741622246054,3.1025837775394622,High_Rubber,60,5
50.54211843202669,252.71059216013344,967.8035608751642,3.219643912483582,High_Rubber,60,5
50.642201834862384,253.21100917431193,969.7483244996099,3.025167550039009,High_Rubber,60,5
50.742285237698084,253.7114261884904,968.6418441412362,3.135815585876378,High_Rubber,60,5
50.84236864053378,254.2118432026689,969.3944928459508,3.0605507154049176,High_Rubber,60,5
50.94245204336948,254.7122602168474,969.2681202277836,3.0731879772216417,High_Rubber,60,5
51.04253544620517,255.21267723102585,969.8079292525853,3.019207074741473,High_Rubber,60,5
51.14261884904087,255.71309424520436,968.0153670211812,3.1984632978818808,High_Rubber,60,5
51.242702251876565,256.2135112593828,967.7597274033121,3.2240272596687873,High_Rubber,60,5
51.34278565471226,256.7139282735613,969.5147033363305,3.0485296663669486,High_Rubber,60,5
51.44286905754796,257.2143452877398,968.09339125283,3.190660874717002,High_Rubber,60,5
51.54295246038365,257.71476230191826,967.1339268132114,3.2866073186788642,High_Rubber,60,5
51.64303586321935,258.21517931609674,966.8223242467722,3.3177675753227844,High_Rubber,60,5
51.74311926605505,258.7155963302752,967.2812112599547,3.271878874004528,High_Rubber,60,5
51.84320266889075,259.21601334445376,967.1561856466335,3.2843814353366496,High_Rubber,60,5
51.94328607172644,259.7164303586322,966.7173307105544,3.3282669289445606,High_Rubber,60,5
52.043369474562134,260.21684737281066,966.4803675048543,3.3519632495145744,High_Rubber,60,5
52.143452877397834,260.7172643869892,966.8555382239853,3.3144461776014738,High_Rubber,60,5
52.24353628023353,261.2176814011676,969.1185735749029,3.0881426425097063,High_Rubber,60,5
52.34361968306923,261.71809841534616,964.0348552242924,3.5965144775707585,High_Rubber,60,5
52.44370308590492,262.2185154295246,967.4226595427277,3.257734045727227,High_Rubber,60,5
52.54378648874062,262.7189324437031,963.9132900980487,3.6086709901951277,High_Rubber,60,5
52.643869891576315,263.21934945788155,962.431476952024,3.7568523047975986,High_Rubber,60,5
52.74395329441201,263.71976647206003,965.9558713385917,3.404412866140831,High_Rubber,60,5
52.84403669724771,264.22018348623857,965.1490744364557,3.485092556354425,High_Rubber,60,5
52.9441201000834,264.720600500417,967.8889995708813,3.2111000429118692,High_Rubber,60,5
53.0442035029191,265.22101751459553,968.0793956907207,3.192060430927927,High_Rubber,60,5
53.1442869057548,265.721434528774,965.4769881537917,3.4523011846208305,High_Rubber,60,5
53.2443703085905,266.2218515429525,969.7708269926735,3.0229173007326495,High_Rubber,60,5
53.34445371142619,266.722268557131,967.2030560512213,3.2796943948778674,High_Rubber,60,5
53.444537114261884,267.2226855713094,966.6066877805188,3.3393312219481235,High_Rubber,60,5
53.544620517097584,267.72310258548794,966.1054454372719,3.38945545627281,High_Rubber,60,5
53.64470391993328,268.22351959966636,966.8343080290939,3.3165691970906095,High_Rubber,60,5
53.74478732276898,268.7239366138449,965.6980583303016,3.430194166969841,High_Rubber,60,5
53.84487072560467,269.2243536280234,970.4999686910612,2.9500031308938786,High_Rubber,60,5
53.944954128440365,269.7247706422018,968.4674120629646,3.1532587937035372,High_Rubber,60,5
54.045037531276066,270.22518765638034,967.2987826786158,3.270121732138421,High_Rubber,60,5
54.14512093411176,270.7256046705588,966.0682683012806,3.3931731698719427,High_Rubber,60,5
54.24520433694746,271.2260216847373,967.5702939794357,3.2429706020564253,High_Rubber,60,5
54.34528773978315,271.7264386989158,965.6366773511965,3.4363322648803547,High_Rubber,60,5
54.44537114261885,272.22685571309427,972.7059380113988,2.7294061988601244,High_Rubber,60,5
54.54545454545455,272.72727272727275,967.7740777003646,3.222592229963538,High_Rubber,60,5
54.64553794829024,273.2276897414512,964.7235705216796,3.5276429478320437,High_Rubber,60,5
54.74562135112594,273.7281067556297,964.4736616778429,3.5526338322157134,High_Rubber,60,5
54.845704753961634,274.2285237698082,969.1119706767796,3.0888029323220394,High_Rubber,60,5
54.945788156797335,274.7289407839867,968.1956618629969,3.1804338137003128,High_Rubber,60,5
55.04587155963303,275.22935779816515,966.8682254570493,3.3131774542950665,High_Rubber,60,5
55.14595496246873,275.72977481234363,971.4260066489735,2.85739933510265,High_Rubber,60,5
55.24603836530442,276.2301918265221,963.2863712210527,3.671362877894728,High_Rubber,60,5
55.346121768140115,276.7306088407006,963.7686344320628,3.6231365567937246,High_Rubber,60,5
55.446205170975816,277.2310258548791,965.0770559897007,3.492294401029926,High_Rubber,60,5
55.54628857381151,277.73144286905756,966.3768235660112,3.362317643398876,High_Rubber,60,5
55.64637197664721,278.23185988323604,964.2422454893245,3.5757754510675457,High_Rubber,60,5
55.7464553794829,278.7322768974145,967.3418350010619,3.2658164998938104,High_Rubber,60,5
55.8465387823186,279.232693911593,965.0843523354026,3.491564766459737,High_Rubber,60,5
55.9466221851543,279.7331109257715,967.7097320285716,3.229026797142842,High_Rubber,60,5
56.04670558798999,280.23352793994997,965.9311141620326,3.4068885837967398,High_Rubber,60,5
56.14678899082569,280.73394495412845,964.9223399678068,3.5077660032193196,High_Rubber,60,5
56.246872393661384,281.2343619683069,964.4233163212352,3.5576683678764764,High_Rubber,60,5
56.346955796497085,281.7347789824854,966.3090723064015,3.3690927693598494,High_Rubber,60,5
56.44703919933278,282.2351959966639,964.8831434334899,3.511685656651014,High_Rubber,60,5
56.54712260216848,282.73561301084237,964.9697330053493,3.5030266994650674,High_Rubber,60,5
56.64720600500417,283.23603002502085,968.1149573195908,3.1885042680409246,High_Rubber,60,5
56.747289407839865,283.73644703919933,966.5589534437959,3.344104655620413,High_Rubber,60,5
56.847372810675566,284.2368640533778,968.2229968460266,3.1777003153973395,High_Rubber,60,5
56.94745621351126,284.7372810675563,964.2131550321716,3.5786844967828415,High_Rubber,60,5
57.04753961634696,285.2376980817348,964.406130707781,3.5593869292218985,High_Rubber,60,5
57.14762301918265,285.73811509591326,966.5361631321671,3.346383686783293,High_Rubber,60,5
57.247706422018354,286.2385321100918,965.2493297310419,3.475067026895806,High_Rubber,60,5
57.34778982485405,286.7389491242702,965.2157230750373,3.4784276924962687,High_Rubber,60,5
57.44787322768974,287.2393661384487,964.6046596845982,3.5395340315401764,High_Rubber,60,5
57.54795663052544,287.7397831526272,967.3189763166974,3.268102368330256,High_Rubber,60,5
57.648040033361134,288.24020016680566,965.592041284812,3.440795871518799,High_Rubber,60,5
57.748123436196835,288.74061718098415,963.6690339853989,3.6330966014601134,High_Rubber,60,5
57.84820683903253,289.2410341951626,965.795761495758,3.4204238504241973,High_Rubber,60,5
57.94829024186823,289.74145120934116,966.4006902254595,3.359930977454053,High_Rubber,60,5
58.04837364470392,290.2418682235196,966.70766981031,3.329233018969001,High_Rubber,60,5
58.148457047539615,290.74228523769807,966.1171187591821,3.388288124081794,High_Rubber,60,5
58.248540450375316,291.2427022518766,964.5244307139066,3.5475569286093447,High_Rubber,60,5
58.34862385321101,291.74311926605503,965.2689129129324,3.473108708706764,High_Rubber,60,5
58.44870725604671,292.24353628023357,964.0515206270154,3.5948479372984594,High_Rubber,60,5
58.5487906588824,292.743953294412,966.801290705791,3.3198709294209037,High_Rubber,60,5
58.648874061718104,293.24437030859053,967.3404967526054,3.2659503247394586,High_Rubber,60,5
58.7489574645538,293.74478732276896,965.9290325735006,3.407096742649935,High_Rubber,60,5
58.84904086738949,294.24520433694744,966.4806267864947,3.351937321350533,High_Rubber,60,5
58.94912427022519,294.745621351126,971.1802647646115,2.881973523538852,High_Rubber,60,5
59.049207673060884,295.2460383653044,966.7172930434544,3.328270695654555,High_Rubber,60,5
59.149291075896585,295.74645537948294,964.6953971510675,3.530460284893252,High_Rubber,60,5
59.24937447873228,296.2468723936614,964.8154786927959,3.5184521307204135,High_Rubber,60,5
59.34945788156797,296.74728940783984,965.7426009993786,3.425739900062138,High_Rubber,60,5
59.44954128440367,297.2477064220184,966.970073625672,3.302992637432806,High_Rubber,60,5
59.549624687239366,297.7481234361968,965.7296277824938,3.427037221750618,High_Rubber,60,5
59.649708090075066,298.24854045037534,968.270994866269,3.1729005133730994,High_Rubber,60,5
59.74979149291076,298.74895746455377,966.9427358581055,3.3057264141894507,High_Rubber,60,5
59.84987489574646,299.2493744787323,966.6065311012301,3.339346889876992,High_Rubber,60,5
59.94995829858215,299.7497914929108,962.9225006287769,3.70774993712231,High_Rubber,60,5
60.05004170141785,300.2502085070892,971.37847059116,2.862152940884005,High_Rubber,60,5
60.15012510425355,300.75062552126775,963.7647297618565,3.623527023814347,High_Rubber,60,5
60.25020850708924,301.25104253544623,963.2458689705236,3.675413102947641,High_Rubber,60,5
60.35029190992494,301.7514595496247,967.9845508077937,3.201544919220635,High_Rubber,60,5
60.450375312760634,302.2518765638032,962.2303406318617,3.7769659368138266,High_Rubber,60,5
60.550458715596335,302.7522935779817,964.7958265538094,3.520417344619057,High_Rubber,60,5
60.65054211843203,303.25271059216016,963.0141201755138,3.6985879824486236,High_Rubber,60,5
60.75062552126772,303.7531276063386,963.3534864481969,3.664651355180308,High_Rubber,60,5
60.85070892410342,304.2535446205171,966.6653145961251,3.3334685403874915,High_Rubber,60,5
60.950792326939116,304.7539616346956,960.2385702479501,3.9761429752049935,High_Rubber,60,5
61.050875729774816,305.2543786488741,963.8741302950417,3.612586970495829,High_Rubber,60,5
61.15095913261051,305.75479566305256,961.7860714959859,3.8213928504014123,High_Rubber,60,5
61.25104253544621,306.25521267723104,960.202052478162,3.9797947521837953,High_Rubber,60,5
61.3511259382819,306.7556296914095,965.5664311311783,3.443356886882168,High_Rubber,60,5
61.4512093411176,307.256046705588,962.1071834226461,3.789281657735387,High_Rubber,60,5
61.5512927439533,307.7564637197665,966.3452389178227,3.365476108217729,High_Rubber,60,5
61.65137614678899,308.25688073394497,964.6231724284858,3.537682757151424,High_Rubber,60,5
61.75145954962469,308.75729774812345,960.2785557671795,3.9721444232820544,High_Rubber,60,5
61.851542952460385,309.25771476230193,961.1476324321826,3.8852367567817394,High_Rubber,60,5
61.951626355296085,309.7581317764804,960.8301408578876,3.9169859142112387,High_Rubber,60,5
62.05170975813178,310.2585487906589,964.897691599514,3.510230840048598,High_Rubber,60,5
62.15179316096747,310.7589658048374,963.6121388921138,3.6387861107886237,High_Rubber,60,5
62.25187656380317,311.25938281901585,961.4244713131569,3.8575528686843086,High_Rubber,60,5
62.351959966638866,311.75979983319434,959.6691976040256,4.033080239597439,High_Rubber,60,5
62.452043369474566,312.2602168473728,960.202576388449,3.979742361155104,High_Rubber,60,5
62.55212677231026,312.7606338615513,961.3287294361328,3.867127056386721,High_Rubber,60,5
62.65221017514596,313.2610508757298,959.4432877741536,4.055671222584635,High_Rubber,60,5
62.75229357798165,313.76146788990826,963.2623473689966,3.6737652631003357,High_Rubber,60,5
62.85237698081735,314.26188490408674,959.7891863524892,4.021081364751081,High_Rubber,60,5
62.95246038365305,314.7623019182652,959.4919020807762,4.050809791922381,High_Rubber,60,5
63.05254378648874,315.2627189324437,963.2518223500858,3.674817764991417,High_Rubber,60,5
63.15262718932444,315.7631359466222,955.6185670508075,4.438143294919246,High_Rubber,60,5
63.252710592160135,316.26355296080067,959.809478000427,4.019052199957298,High_Rubber,60,5
63.352793994995835,316.7639699749792,960.4265495944617,3.957345040553832,High_Rubber,60,5
63.45287739783153,317.26438698915763,960.3591888556715,3.96408111443285,High_Rubber,60,5
63.55296080066722,317.7648040033361,960.1086345122544,3.9891365487745585,High_Rubber,60,5
63.65304420350292,318.2652210175146,961.9054132372052,3.8094586762794846,High_Rubber,60,5
63.753127606338616,318.7656380316931,960.1391872866482,3.986081271335183,High_Rubber,60,5
63.853211009174316,319.26605504587155,962.4485871251089,3.755141287489107,High_Rubber,60,5
63.95329441201001,319.76647206005003,958.332091851634,4.1667908148366,High_Rubber,60,5
64.0533778148457,320.2668890742285,959.9809068836062,4.001909311639383,High_Rubber,60,5
64.1534612176814,320.767306088407,964.1967167155577,3.5803283284442275,High_Rubber,60,5
64.2535446205171,321.26772310258553,958.9216877528086,4.107831224719143,High_Rubber,60,5
64.3536280233528,321.768140116764,956.2952870209688,4.370471297903123,High_Rubber,60,5
64.45371142618849,322.26855713094244,960.4685950772517,3.9531404922748266,High_Rubber,60,5
64.55379482902418,322.7689741451209,960.629023383508,3.937097661649205,High_Rubber,60,5
64.65387823185989,323.26939115929946,958.4358171935739,4.156418280642606,High_Rubber,60,5
64.75396163469559,323.76980817347794,956.249663170783,4.375033682921696,High_Rubber,60,5
64.85404503753128,324.27022518765637,956.6460553205662,4.3353944679433765,High_Rubber,60,5
64.95412844036697,324.77064220183485,954.8645609339234,4.513543906607663,High_Rubber,60,5
65.05421184320267,325.2710592160133,959.3890808318616,4.061091916813837,High_Rubber,60,5
65.15429524603837,325.77147623019187,956.0019858900255,4.399801410997452,High_Rubber,60,5
65.25437864887407,326.27189324437035,956.4494545155774,4.355054548442263,High_Rubber,60,5
65.35446205170976,326.7723102585488,953.7008203696643,4.6299179630335745,High_Rubber,60,5
65.45454545454545,327.27272727272725,953.6790225732532,4.6320977426746826,High_Rubber,60,5
65.55462885738115,327.77314428690573,954.744988996388,4.525501100361202,High_Rubber,60,5
65.65471226021685,328.27356130108427,954.590383103354,4.540961689664596,High_Rubber,60,5
65.75479566305255,328.77397831526275,955.3440516359991,4.465594836400089,High_Rubber,60,5
65.85487906588824,329.2743953294412,957.397583926571,4.260241607342903,High_Rubber,60,5
65.95496246872393,329.77481234361966,955.0374683925793,4.4962531607420715,High_Rubber,60,5
66.05504587155964,330.2752293577982,957.1563540932925,4.284364590670748,High_Rubber,60,5
66.15512927439534,330.7756463719767,956.2743538778878,4.372564612211216,High_Rubber,60,5
66.25521267723103,331.27606338615516,953.0971375995941,4.690286240040587,High_Rubber,60,5
66.35529608006672,331.77648040033364,956.6255427466804,4.337445725331963,High_Rubber,60,5
66.45537948290242,332.27689741451206,956.856467776515,4.314353222348495,High_Rubber,60,5
66.55546288573812,332.7773144286906,956.2332408161411,4.376675918385888,High_Rubber,60,5
66.65554628857382,333.2777314428691,946.7538798237784,5.324612017622155,High_Rubber,60,5
66.75562969140951,333.77814845704756,953.4803865966603,4.651961340333969,High_Rubber,60,5
66.8557130942452,334.278565471226,954.5161368945431,4.548386310545687,High_Rubber,60,5
66.9557964970809,334.77898248540447,951.5670787362789,4.843292126372114,High_Rubber,60,5
67.0558798999166,335.279399499583,952.9842610876345,4.701573891236547,High_Rubber,60,5
67.1559633027523,335.7798165137615,955.1599356211441,4.484006437885591,High_Rubber,60,5
67.25604670558799,336.28023352793997,953.1254946135625,4.6874505386437475,High_Rubber,60,5
67.35613010842368,336.78065054211845,952.9165387937782,4.708346120622184,High_Rubber,60,5
67.45621351125938,337.2810675562969,952.0537615083683,4.794623849163168,High_Rubber,60,5
67.55629691409509,337.7814845704754,951.7496171919137,4.8250382808086325,High_Rubber,60,5
67.65638031693078,338.2819015846539,951.9728503590401,4.802714964095992,High_Rubber,60,5
67.75646371976647,338.7823185988324,950.2721609635581,4.972783903644188,High_Rubber,60,5
67.85654712260217,339.2827356130108,957.3990329231491,4.26009670768509,High_Rubber,60,5
67.95663052543787,339.78315262718934,953.0085564076034,4.699144359239664,High_Rubber,60,5
68.05671392827357,340.2835696413678,950.2504407005878,4.974955929941222,High_Rubber,60,5
68.15679733110926,340.7839866555463,949.4176704725352,5.058232952746482,High_Rubber,60,5
68.25688073394495,341.2844036697248,953.4133258303902,4.658667416960975,High_Rubber,60,5
68.35696413678065,341.78482068390326,953.2571104477012,4.674288955229883,High_Rubber,60,5
68.45704753961635,342.2852376980818,953.9766739706574,4.602332602934258,High_Rubber,60,5
68.55713094245205,342.7856547122602,950.2282057597799,4.977179424022006,High_Rubber,60,5
68.65721434528774,343.2860717264387,951.7207921501029,4.827920784989715,High_Rubber,60,5
68.75729774812343,343.7864887406172,951.8863751225185,4.811362487748147,High_Rubber,60,5
68.85738115095913,344.2869057547956,951.9260447857727,4.807395521422734,High_Rubber,60,5
68.95746455379484,344.78732276897415,948.8194952980806,5.118050470191941,High_Rubber,60,5
69.05754795663053,345.28773978315263,948.2344670975148,5.176553290248523,High_Rubber,60,5
69.15763135946622,345.7881567973311,947.3784459121593,5.262155408784065,High_Rubber,60,5
69.25771476230192,346.2885738115096,943.1615863190859,5.683841368091407,High_Rubber,60,5
69.35779816513762,346.78899082568813,949.5015215850422,5.049847841495785,High_Rubber,60,5
69.45788156797332,347.2894078398666,948.1519825279756,5.184801747202437,High_Rubber,60,5
69.55796497080901,347.78982485404504,946.1754925245824,5.382450747541759,High_Rubber,60,5
69.6580483736447,348.2902418682235,948.9307194946127,5.106928050538727,High_Rubber,60,5
69.7581317764804,348.790658882402,948.6878087209219,5.131219127907809,High_Rubber,60,5
69.8582151793161,349.29107589658054,948.3225447381835,5.167745526181648,High_Rubber,60,5
69.9582985821518,349.79149291075896,948.336227310785,5.166377268921496,High_Rubber,60,5
70.05838198498749,350.29190992493744,949.3727838841021,5.062721611589791,High_Rubber,60,5
70.15846538782318,350.7923269391159,947.0786736898672,5.292132631013283,High_Rubber,60,5
70.25854879065888,351.2927439532944,946.3721485144455,5.362785148555452,High_Rubber,60,5
70.35863219349459,351.79316096747294,951.1157615878701,4.888423841212989,High_Rubber,60,5
70.45871559633028,352.2935779816514,949.3279731292813,5.06720268707187,High_Rubber,60,5
70.55879899916597,352.79399499582985,947.660650146658,5.233934985334201,High_Rubber,60,5
70.65888240200167,353.29441201000833,948.1935651746178,5.180643482538221,High_Rubber,60,5
70.75896580483737,353.79482902418687,946.4851147565333,5.351488524346666,High_Rubber,60,5
70.85904920767307,354.29524603836535,950.6276332668492,4.937236673315079,High_Rubber,60,5
70.95913261050876,354.7956630525438,946.38481382252,5.361518617748004,High_Rubber,60,5
71.05921601334445,355.29608006672225,944.8907928243043,5.5109207175695705,High_Rubber,60,5
71.15929941618015,355.79649708090074,944.0470483307736,5.595295166922643,High_Rubber,60,5
71.25938281901585,356.2969140950793,948.1937971824353,5.180620281756466,High_Rubber,60,5
71.35946622185155,356.79733110925775,945.3314943402935,5.466850565970651,High_Rubber,60,5
71.45954962468724,357.29774812343624,945.4198681837562,5.458013181624381,High_Rubber,60,5
71.55963302752293,357.79816513761466,942.229143129698,5.777085687030206,High_Rubber,60,5
71.65971643035863,358.29858215179314,946.8308029940248,5.316919700597521,High_Rubber,60,5
71.75979983319434,358.7989991659717,939.4151119377908,6.058488806220918,High_Rubber,60,5
71.85988323603003,359.29941618015016,948.8651058254302,5.113489417456981,High_Rubber,60,5
71.95996663886572,359.7998331943286,946.0537058347347,5.394629416526527,High_Rubber,60,5
72.06005004170142,360.30025020850707,948.3521182765404,5.164788172345959,High_Rubber,60,5
72.16013344453711,360.80066722268555,942.9905023033136,5.700949769668637,High_Rubber,60,5
72.26021684737282,361.3010842368641,946.1125648218408,5.38874351781592,High_Rubber,60,5
72.36030025020851,361.80150125104257,941.41995732474,5.858004267525995,High_Rubber,60,5
72.4603836530442,362.30191826522105,938.237914853803,6.176208514619702,High_Rubber,60,5
72.5604670558799,362.8023352793995,940.7959034580233,5.92040965419767,High_Rubber,60,5
72.6605504587156,363.302752293578,940.6895165201908,5.9310483479809255,High_Rubber,60,5
72.7606338615513,363.8031693077565,943.2469537020622,5.675304629793778,High_Rubber,60,5
72.86071726438699,364.303586321935,946.1321955978115,5.386780440218854,High_Rubber,60,5
72.96080066722268,364.8040033361134,942.2166691850206,5.778333081497943,High_Rubber,60,5
73.06088407005838,365.3044203502919,943.9801966578221,5.601980334217785,High_Rubber,60,5
73.16096747289409,365.8048373644704,940.7614268651287,5.923857313487133,High_Rubber,60,5
73.26105087572978,366.3052543786489,942.0005098962466,5.799949010375338,High_Rubber,60,5
73.36113427856547,366.8056713928274,940.9222176010887,5.907778239891127,High_Rubber,60,5
73.46121768140117,367.30608840700586,942.8414970454108,5.715850295458915,High_Rubber,60,5
73.56130108423686,367.8065054211843,940.3808052277491,5.961919477225092,High_Rubber,60,5
73.66138448707257,368.3069224353628,942.4978973957436,5.750210260425638,High_Rubber,60,5
73.76146788990826,368.8073394495413,937.4460756907292,6.255392430927078,High_Rubber,60,5
73.86155129274395,369.3077564637198,941.8246211052806,5.817537889471942,High_Rubber,60,5
73.96163469557965,369.8081734778982,943.740366761562,5.625963323843803,High_Rubber,60,5
74.06171809841535,370.30859049207675,941.8338905874863,5.816610941251372,High_Rubber,60,5
74.16180150125105,370.8090075062552,941.9356211516343,5.8064378848365665,High_Rubber,60,5
74.26188490408674,371.3094245204337,939.0392576394709,6.096074236052914,High_Rubber,60,5
74.36196830692244,371.8098415346122,938.5459851489968,6.14540148510032,High_Rubber,60,5
74.46205170975813,372.31025854879067,941.2404178416763,5.875958215832373,High_Rubber,60,5
74.56213511259384,372.8106755629692,943.7345084788695,5.6265491521130455,High_Rubber,60,5
74.66221851542953,373.31109257714763,941.5563240910959,5.844367590890409,High_Rubber,60,5
74.76230191826522,373.8115095913261,939.2433867819578,6.075661321804216,High_Rubber,60,5
74.86238532110092,374.3119266055046,938.9925630909944,6.10074369090056,High_Rubber,60,5
74.96246872393661,374.812343619683,938.6474070638719,6.135259293612807,High_Rubber,60,5
75.06255212677232,375.31276063386156,935.4175459420928,6.458245405790717,High_Rubber,60,5
75.16263552960801,375.81317764804004,941.4348155178066,5.856518448219345,High_Rubber,60,5
75.2627189324437,376.3135946622185,940.5133948751529,5.948660512484707,High_Rubber,60,5
75.3628023352794,376.814011676397,936.597903522802,6.340209647719802,High_Rubber,60,5
75.4628857381151,377.31442869057554,941.6975647464899,5.830243525351011,High_Rubber,60,5
75.5629691409508,377.814845704754,938.5086787148819,6.149132128511814,High_Rubber,60,5
75.66305254378649,378.31526271893244,938.3615265740971,6.163847342590293,High_Rubber,60,5
75.76313594662219,378.8156797331109,940.2214376874296,5.977856231257044,High_Rubber,60,5
75.86321934945788,379.3160967472894,939.557653662372,6.044234633762801,High_Rubber,60,5
75.96330275229359,379.81651376146795,936.7033781571805,6.32966218428195,High_Rubber,60,5
76.06338615512928,380.31693077564637,934.3567396915635,6.564326030843653,High_Rubber,60,5
76.16346955796497,380.81734778982485,936.6295913094164,6.337040869058365,High_Rubber,60,5
76.26355296080067,381.31776480400333,937.9781016697898,6.202189833021021,High_Rubber,60,5
76.36363636363636,381.8181818181818,937.231678307408,6.2768321692592055,High_Rubber,60,5
76.46371976647207,382.31859883236035,940.0522075451302,5.994779245486984,High_Rubber,60,5
76.56380316930776,382.81901584653883,935.6958381829668,6.430416181703322,High_Rubber,60,5
76.66388657214345,383.31943286071726,933.0778917120047,6.692210828799534,High_Rubber,60,5
76.76396997497915,383.81984987489574,937.7469290102719,6.225307098972815,High_Rubber,60,5
76.86405337781486,384.3202668890743,937.2080814378257,6.279191856217425,High_Rubber,60,5
76.96413678065055,384.82068390325276,936.089453633853,6.391054636614695,High_Rubber,60,5
77.06422018348624,385.3211009174312,934.214597095268,6.578540290473199,High_Rubber,60,5
77.16430358632194,385.82151793160966,933.5515614937576,6.6448438506242375,High_Rubber,60,5
77.26438698915763,386.32193494578814,935.4903940960622,6.450960590393777,High_Rubber,60,5
77.36447039199334,386.8223519599667,937.5782375344241,6.242176246557586,High_Rubber,60,5
77.46455379482903,387.32276897414516,934.2395955846401,6.576040441535985,High_Rubber,60,5
77.56463719766472,387.82318598832364,935.5939134221428,6.440608657785719,High_Rubber,60,5
77.66472060050042,388.32360300250207,937.7195775097259,6.228042249027408,High_Rubber,60,5
77.76480400333611,388.82402001668055,933.8795311672741,6.612046883272591,High_Rubber,60,5
77.86488740617182,389.3244370308591,932.6464409188301,6.7353559081169925,High_Rubber,60,5
77.96497080900751,389.82485404503757,932.8056733289951,6.719432667100489,High_Rubber,60,5
78.0650542118432,390.325271059216,934.1269516670045,6.58730483329955,High_Rubber,60,5
78.1651376146789,390.8256880733945,933.2036878858977,6.67963121141023,High_Rubber,60,5
78.26522101751459,391.32610508757296,933.9266967088222,6.60733032911778,High_Rubber,60,5
78.3653044203503,391.8265221017515,933.6699844543197,6.633001554568034,High_Rubber,60,5
78.46538782318599,392.32693911593,933.2565627313248,6.674343726867517,High_Rubber,60,5
78.56547122602169,392.82735613010846,930.4635708183596,6.953642918164041,High_Rubber,60,5
78.66555462885738,393.3277731442869,929.0440372993429,7.09559627006571,High_Rubber,60,5
78.76563803169309,393.8281901584654,934.2791133984788,6.572088660152121,High_Rubber,60,5
78.86572143452878,394.3286071726439,936.7656647045926,6.32343352954074,High_Rubber,60,5
78.96580483736447,394.8290241868224,931.6875678901292,6.831243210987077,High_Rubber,60,5
79.06588824020017,395.3294412010008,928.8135953672944,7.118640463270561,High_Rubber,60,5
79.16597164303586,395.8298582151793,929.7117144993762,7.028828550062382,High_Rubber,60,5
79.26605504587157,396.3302752293578,934.9944513860341,6.500554861396586,High_Rubber,60,5
79.36613844870726,396.8306922435363,935.6199829560074,6.438001704399256,High_Rubber,60,5
79.46622185154295,397.3311092577148,932.7030674176331,6.7296932582366935,High_Rubber,60,5
79.56630525437865,397.83152627189327,934.5285660814775,6.54714339185225,High_Rubber,60,5
79.66638865721434,398.3319432860717,930.1258450333152,6.987415496668484,High_Rubber,60,5
79.76647206005005,398.83236030025023,932.6096731520378,6.739032684796223,High_Rubber,60,5
79.86655546288574,399.3327773144287,933.2494304507596,6.675056954924037,High_Rubber,60,5
79.96663886572144,399.8331943286072,930.4549200416373,6.954507995836274,High_Rubber,60,5
80.06672226855713,400.3336113427856,928.8249302360476,7.117506976395236,High_Rubber,60,5
80.16680567139284,400.83402835696415,928.5881240058709,7.14118759941291,High_Rubber,60,5
80.26688907422853,401.33444537114264,929.4274058916307,7.057259410836934,High_Rubber,60,5
80.36697247706422,401.8348623853211,928.775274061853,7.122472593814701,High_Rubber,60,5
80.46705587989992,402.3352793994996,928.3600458499201,7.163995415007991,High_Rubber,60,5
80.56713928273561,402.8356964136781,929.1120182812808,7.088798171871917,High_Rubber,60,5
80.66722268557132,403.3361134278566,924.6958001531901,7.530419984680986,High_Rubber,60,5
80.76730608840701,403.83653044203504,930.2315476886321,6.976845231136792,High_Rubber,60,5
80.8673894912427,404.3369474562135,926.5113941240247,7.348860587597528,High_Rubber,60,5
80.9674728940784,404.837364470392,927.6480996896166,7.235190031038337,High_Rubber,60,5
81.06755629691409,405.3377814845704,928.4039681271048,7.159603187289519,High_Rubber,60,5
81.1676396997498,405.83819849874897,927.9289637675193,7.207103623248065,High_Rubber,60,5
81.26772310258549,406.33861551292745,931.3130637146403,6.868693628535971,High_Rubber,60,5
81.36780650542119,406.8390325271059,928.6413983807149,7.135860161928507,High_Rubber,60,5
81.46788990825688,407.3394495412844,929.8423728549277,7.01576271450723,High_Rubber,60,5
81.56797331109259,407.83986655546295,929.3268676235,7.067313237650001,High_Rubber,60,5
81.66805671392828,408.34028356964143,926.3008190523865,7.369918094761352,High_Rubber,60,5
81.76814011676397,408.84070058381985,924.723735774662,7.527626422533797,High_Rubber,60,5
81.86822351959967,409.34111759799833,925.5815188776112,7.4418481122388815,High_Rubber,60,5
81.96830692243536,409.8415346121768,924.9725637460399,7.50274362539601,High_Rubber,60,5
82.06839032527107,410.34195162635535,926.5317489021272,7.346825109787278,High_Rubber,60,5
82.16847372810676,410.8423686405338,925.98434988572,7.401565011427999,High_Rubber,60,5
82.26855713094245,411.34278565471226,923.5023014751023,7.649769852489771,High_Rubber,60,5
82.36864053377815,411.84320266889074,921.3469675967016,7.865303240329842,High_Rubber,60,5
82.46872393661384,412.3436196830692,924.635421481413,7.5364578518586995,High_Rubber,60,5
82.56880733944955,412.84403669724776,923.2170354428823,7.678296455711768,High_Rubber,60,5
82.66889074228524,413.34445371142624,922.610735696891,7.738926430310903,High_Rubber,60,5
82.76897414512094,413.84487072560466,923.6776234890674,7.63223765109326,High_Rubber,60,5
82.86905754795663,414.34528773978315,919.8064105364188,8.019358946358125,High_Rubber,60,5
82.96914095079232,414.8457047539616,921.8500080749415,7.814999192505854,High_Rubber,60,5
83.06922435362803,415.34612176814016,922.0336809432529,7.796631905674713,High_Rubber,60,5
83.16930775646372,415.8465387823186,922.1989706838308,7.780102931616921,High_Rubber,60,5
83.26939115929942,416.34695579649707,925.1063610546549,7.489363894534506,High_Rubber,60,5
83.36947456213511,416.84737281067555,923.126981638326,7.687301836167398,High_Rubber,60,5
83.46955796497082,417.3477898248541,925.1164781619332,7.4883521838066835,High_Rubber,60,5
83.56964136780651,417.84820683903257,922.6023428393574,7.739765716064255,High_Rubber,60,5
83.6697247706422,418.34862385321105,922.3386562296181,7.76613437703819,High_Rubber,60,5
83.7698081734779,418.8490408673895,920.6810255123664,7.931897448763357,High_Rubber,60,5
83.86989157631359,419.34945788156796,923.878654266725,7.6121345733275,High_Rubber,60,5
83.9699749791493,419.8498748957465,921.0544763396719,7.894552366032814,High_Rubber,60,5
84.07005838198499,420.350291909925,924.4094196999752,7.559058030002484,High_Rubber,60,5
84.17014178482069,420.8507089241034,924.9391384179105,7.50608615820895,High_Rubber,60,5
84.27022518765638,421.3511259382819,919.8811080539999,8.011889194600009,High_Rubber,60,5
84.37030859049207,421.85154295246036,924.9181933544552,7.508180664554481,High_Rubber,60,5
84.47039199332778,422.3519599666389,922.2685310078069,7.773146899219308,High_Rubber,60,5
84.57047539616347,422.8523769808174,918.2895133611224,8.171048663887758,High_Rubber,60,5
84.67055879899917,423.35279399499586,921.3295635300309,7.86704364699691,High_Rubber,60,5
84.77064220183486,423.8532110091743,920.5433286599666,7.9456671340033385,High_Rubber,60,5
84.87072560467057,424.3536280233528,922.1973412565707,7.780265874342933,High_Rubber,60,5
84.97080900750626,424.8540450375313,919.955527027293,8.004447297270701,High_Rubber,60,5
85.07089241034195,425.3544620517098,921.4136062943542,7.858639370564584,High_Rubber,60,5
85.17097581317765,425.8548790658882,921.0689994722709,7.893100052772911,High_Rubber,60,5
85.27105921601334,426.3552960800667,919.2283288965734,8.077167110342657,High_Rubber,60,5
85.37114261884905,426.85571309424523,921.3373119332703,7.8662688066729745,High_Rubber,60,5
85.47122602168474,427.3561301084237,921.2568554289297,7.874314457107028,High_Rubber,60,5
85.57130942452044,427.8565471226022,914.7341142889059,8.526588571109414,High_Rubber,60,5
85.67139282735613,428.3569641367807,921.9484139411007,7.805158605889926,High_Rubber,60,5
85.77147623019182,428.8573811509591,919.0535000420545,8.094649995794555,High_Rubber,60,5
85.87155963302753,429.35779816513764,918.9239310072076,8.107606899279245,High_Rubber,60,5
85.97164303586322,429.8582151793161,918.8903273600323,8.11096726399677,High_Rubber,60,5
86.07172643869892,430.3586321934946,919.6888693197964,8.031113068020364,High_Rubber,60,5
86.17180984153461,430.859049207673,918.160939662991,8.183906033700895,High_Rubber,60,5
86.27189324437032,431.35946622185156,919.1098479841413,8.089015201585868,High_Rubber,60,5
86.37197664720601,431.85988323603004,918.9859421323187,8.101405786768135,High_Rubber,60,5
86.4720600500417,432.3603002502085,917.5124475666353,8.248755243336472,High_Rubber,60,5
86.5721434528774,432.860717264387,915.3075659904816,8.469243400951838,High_Rubber,60,5
86.67222685571309,433.3611342785655,918.5971729496442,8.140282705035577,High_Rubber,60,5
86.7723102585488,433.861551292744,917.5331334383089,8.246686656169107,High_Rubber,60,5
86.87239366138449,434.36196830692245,916.6318592852209,8.336814071477908,High_Rubber,60,5
86.97247706422019,434.86238532110093,916.8878073956492,8.311219260435076,High_Rubber,60,5
87.07256046705588,435.3628023352794,914.7744133614876,8.522558663851237,High_Rubber,60,5
87.17264386989157,435.86321934945784,915.8610682053142,8.413893179468584,High_Rubber,60,5
87.27272727272728,436.3636363636364,917.2060454259948,8.279395457400517,High_Rubber,60,5
87.37281067556297,436.86405337781486,914.5177771403783,8.548222285962174,High_Rubber,60,5
87.47289407839867,437.36447039199334,918.9631487638928,8.103685123610717,High_Rubber,60,5
87.57297748123436,437.8648874061718,914.7693201487991,8.523067985120088,High_Rubber,60,5
87.67306088407005,438.3653044203503,916.7029969251325,8.329700307486746,High_Rubber,60,5
87.77314428690576,438.86572143452884,916.8496609628207,8.315033903717927,High_Rubber,60,5
87.87322768974146,439.36613844870726,915.7946611172081,8.420533888279193,High_Rubber,60,5
87.97331109257715,439.86655546288574,914.1945816326981,8.580541836730186,High_Rubber,60,5
88.07339449541284,440.3669724770642,916.095839953572,8.390416004642805,High_Rubber,60,5
88.17347789824855,440.86738949124276,916.72372839121,8.327627160879002,High_Rubber,60,5
88.27356130108424,441.3678065054212,916.5055163945295,8.349448360547045,High_Rubber,60,5
88.37364470391994,441.86822351959967,915.3917141489629,8.460828585103707,High_Rubber,60,5
88.47372810675563,442.36864053377815,917.8951938013063,8.210480619869372,High_Rubber,60,5
88.57381150959132,442.86905754795663,916.8550349800751,8.314496501992494,High_Rubber,60,5
88.67389491242703,443.36947456213517,912.4590947275198,8.754090527248025,High_Rubber,60,5
88.77397831526272,443.86989157631365,910.6388565159951,8.936114348400485,High_Rubber,60,5
88.87406171809842,444.3703085904921,914.9354682332411,8.506453176675894,High_Rubber,60,5
88.97414512093411,444.87072560467055,916.9312827205155,8.306871727948453,High_Rubber,60,5
89.0742285237698,445.37114261884903,913.5149346238969,8.648506537610308,High_Rubber,60,5
89.17431192660551,445.8715596330276,911.0209563443526,8.89790436556474,High_Rubber,60,5
89.2743953294412,446.371976647206,913.3664164881375,8.663358351186252,High_Rubber,60,5
89.3744787322769,446.8723936613845,911.8107081661569,8.818929183384308,High_Rubber,60,5
89.47456213511259,447.37281067556296,913.4117352305096,8.658826476949036,High_Rubber,60,5
89.5746455379483,447.8732276897415,916.4519107733149,8.354808922668507,High_Rubber,60,5
89.674728940784,448.37364470392,912.7183042316597,8.728169576834034,High_Rubber,60,5
89.77481234361969,448.87406171809846,913.6977265397396,8.630227346026038,High_Rubber,60,5
89.87489574645538,449.3744787322769,913.37546134441,8.662453865558996,High_Rubber,60,5
89.97497914929107,449.87489574645537,912.601700474821,8.739829952517903,High_Rubber,60,5
90.07506255212678,450.3753127606339,913.2561267505872,8.674387324941279,High_Rubber,60,5
90.17514595496247,450.8757297748124,910.475585124334,8.952441487566603,High_Rubber,60,5
90.27522935779817,451.3761467889908,912.5146490978011,8.748535090219889,High_Rubber,60,5
90.37531276063386,451.8765638031693,909.789510233172,9.0210489766828,High_Rubber,60,5
90.47539616346955,452.37698081734777,914.0331292578577,8.59668707421423,High_Rubber,60,5
90.57547956630526,452.8773978315263,911.3887022140606,8.861129778593943,High_Rubber,60,5
90.67556296914096,453.3778148457048,908.8936731381328,9.110632686186717,High_Rubber,60,5
90.77564637197665,453.8782318598833,910.7736321784286,8.922636782157143,High_Rubber,60,5
90.87572977481234,454.3786488740617,912.329837130716,8.767016286928401,High_Rubber,60,5
90.97581317764805,454.87906588824023,909.7102922088516,9.028970779114843,High_Rubber,60,5
91.07589658048374,455.3794829024187,911.4148462392553,8.858515376074468,High_Rubber,60,5
91.17597998331944,455.8798999165972,910.7280728390755,8.927192716092453,High_Rubber,60,5
91.27606338615513,456.3803169307756,908.439142166149,9.156085783385095,High_Rubber,60,5
91.37614678899082,456.8807339449541,909.3861698798538,9.06138301201462,High_Rubber,60,5
91.47623019182653,457.38115095913264,912.7736787583907,8.72263212416093,High_Rubber,60,5
91.57631359466222,457.8815679733111,910.6889063648546,8.931109363514542,High_Rubber,60,5
91.67639699749792,458.3819849874896,905.0372472655778,9.496275273442222,High_Rubber,60,5
91.77648040033361,458.8824020016681,907.6764654256644,9.232353457433556,High_Rubber,60,5
91.8765638031693,459.3828190158465,912.2091892742186,8.77908107257814,High_Rubber,60,5
91.97664720600501,459.88323603002505,909.5366450341537,9.046335496584629,High_Rubber,60,5
92.0767306088407,460.3836530442035,910.105114172755,8.989488582724505,High_Rubber,60,5
92.1768140116764,460.884070058382,911.4073889043784,8.859261109562159,High_Rubber,60,5
92.27689741451209,461.38448707256043,911.8467303451787,8.815326965482132,High_Rubber,60,5
92.37698081734779,461.8849040867389,910.3419070919654,8.965809290803463,High_Rubber,60,5
92.4770642201835,462.38532110091745,906.5436197018789,9.345638029812108,High_Rubber,60,5
92.57714762301919,462.88573811509593,909.0933469115678,9.090665308843223,High_Rubber,60,5
92.67723102585488,463.3861551292744,906.1841996213008,9.381580037869924,High_Rubber,60,5
92.77731442869057,463.8865721434529,906.7942906553731,9.320570934462694,High_Rubber,60,5
92.87739783152628,464.38698915763143,905.2141826356353,9.478581736436468,High_Rubber,60,5
92.97748123436197,464.88740617180986,905.7919701009591,9.420802989904086,High_Rubber,60,5
93.07756463719767,465.38782318598834,909.8683369165767,9.01316630834233,High_Rubber,60,5
93.17764804003336,465.8882402001668,905.6021634785498,9.439783652145024,High_Rubber,60,5
93.27773144286905,466.38865721434524,907.2014905646341,9.279850943536587,High_Rubber,60,5
93.37781484570476,466.8890742285238,904.8383044504633,9.516169554953672,High_Rubber,60,5
93.47789824854046,467.38949124270226,907.7959196927458,9.220408030725423,High_Rubber,60,5
93.57798165137615,467.88990825688074,903.2192314922769,9.678076850772312,High_Rubber,60,5
93.67806505421184,468.3903252710592,906.9938752858527,9.300612471414729,High_Rubber,60,5
93.77814845704754,468.8907422852377,902.8423535516374,9.71576464483626,High_Rubber,60,5
93.87823185988324,469.39115929941624,907.1363786441443,9.286362135585568,High_Rubber,60,5
93.97831526271894,469.89157631359467,905.6594971205642,9.434050287943581,High_Rubber,60,5
94.07839866555463,470.39199332777315,903.964393654911,9.603560634508904,High_Rubber,60,5
94.17848206839032,470.89241034195163,904.0127831019878,9.59872168980122,High_Rubber,60,5
94.27856547122603,471.39282735613017,902.9096226746677,9.709037732533227,High_Rubber,60,5
94.37864887406172,471.8932443703086,902.9685574355594,9.703144256444057,High_Rubber,60,5
94.47873227689742,472.3936613844871,901.545692471711,9.845430752828895,High_Rubber,60,5
94.57881567973311,472.89407839866556,901.9466059606721,9.805339403932795,High_Rubber,60,5
94.6788990825688,473.39449541284404,908.5360527817145,9.146394721828552,High_Rubber,60,5
94.77898248540451,473.8949124270226,902.6759893019877,9.732401069801233,High_Rubber,60,5
94.8790658882402,474.39532944120106,902.4436149383001,9.755638506169987,High_Rubber,60,5
94.9791492910759,474.8957464553795,906.1440152207705,9.38559847792295,High_Rubber,60,5
95.07923269391159,475.39616346955796,900.1914169256198,9.980858307438018,High_Rubber,60,5
95.17931609674729,475.89658048373644,904.2546210609604,9.57453789390396,High_Rubber,60,5
95.279399499583,476.396997497915,900.1640622694439,9.983593773055611,High_Rubber,60,5
95.37948290241869,476.8974145120934,898.2499608664777,10.175003913352224,High_Rubber,60,5
95.47956630525438,477.3978315262719,900.667564460505,9.933243553949502,High_Rubber,60,5
95.57964970809007,477.89824854045037,906.1918238881964,9.380817611180362,High_Rubber,60,5
95.67973311092578,478.3986655546289,903.7058308262485,9.629416917375147,High_Rubber,60,5
95.77981651376147,478.8990825688074,901.9974371571561,9.800256284284387,High_Rubber,60,5
95.87989991659717,479.39949958298587,899.8336814407926,10.01663185592074,High_Rubber,60,5
95.97998331943286,479.8999165971643,902.9065730285542,9.709342697144576,High_Rubber,60,5
96.08006672226855,480.4003336113428,901.3022707047483,9.869772929525174,High_Rubber,60,5
96.18015012510426,480.9007506255213,896.8336108346053,10.316638916539468,High_Rubber,60,5
96.28023352793996,481.4011676396998,898.9997141905575,10.100028580944253,High_Rubber,60,5
96.38031693077565,481.9015846538782,902.0780438971505,9.792195610284955,High_Rubber,60,5
96.48040033361134,482.4020016680567,897.9015821608443,10.209841783915568,High_Rubber,60,5
96.58048373644704,482.9024186822352,899.3971360118057,10.060286398819427,High_Rubber,60,5
96.68056713928274,483.4028356964137,898.0286592014022,10.19713407985978,High_Rubber,60,5
96.78065054211844,483.9032527105922,901.8642728707434,9.813572712925657,High_Rubber,60,5
96.88073394495413,484.4036697247707,900.9185805911969,9.908141940880308,High_Rubber,60,5
96.98081734778982,484.9040867389491,897.3117742900806,10.268822570991938,High_Rubber,60,5
97.08090075062553,485.40450375312764,893.672360377633,10.632763962236698,High_Rubber,60,5
97.18098415346122,485.9049207673061,900.897575002085,9.910242499791503,High_Rubber,60,5
97.28106755629692,486.4053377814846,899.3612384063762,10.063876159362382,High_Rubber,60,5
97.38115095913261,486.90575479566303,895.9336884629479,10.406631153705211,High_Rubber,60,5
97.4812343619683,487.4061718098415,901.4542653656857,9.854573463431429,High_Rubber,60,5
97.58131776480401,487.90658882402005,899.7181974185514,10.028180258144857,High_Rubber,60,5
97.6814011676397,488.40700583819853,902.1832306900164,9.781676930998355,High_Rubber,60,5
97.7814845704754,488.907422852377,897.6599901988212,10.234000980117878,High_Rubber,60,5
97.88156797331109,489.4078398665555,899.2924820094139,10.070751799058609,High_Rubber,60,5
97.98165137614679,489.9082568807339,897.2424686846985,10.275753131530156,High_Rubber,60,5
98.0817347789825,490.40867389491245,897.6722009439538,10.232779905604616,High_Rubber,60,5
98.18181818181819,490.90909090909093,897.322738081471,10.267726191852898,High_Rubber,60,5
98.28190158465388,491.4095079232694,899.0132413834341,10.09867586165659,High_Rubber,60,5
98.38198498748957,491.90992493744784,897.675966620906,10.232403337909398,High_Rubber,60,5
98.48206839032527,492.4103419516263,898.1967122287919,10.180328777120815,High_Rubber,60,5
98.58215179316097,492.91075896580486,898.2139630197634,10.178603698023664,High_Rubber,60,5
98.68223519599667,493.41117597998334,898.1176502128761,10.188234978712387,High_Rubber,60,5
98.78231859883236,493.9115929941618,894.2614037982277,10.573859620177235,High_Rubber,60,5
98.88240200166805,494.4120100083403,897.5810550760567,10.241894492394328,High_Rubber,60,5
98.98248540450376,494.91242702251884,895.2665296444821,10.473347035551784,High_Rubber,60,5
99.08256880733946,495.41284403669727,893.8017714501674,10.61982285498326,High_Rubber,60,5
99.18265221017515,495.91326105087575,898.8111982565654,10.118880174343463,High_Rubber,60,5
99.28273561301084,496.4136780650542,900.9843506139653,9.901564938603475,High_Rubber,60,5
99.38281901584654,496.91409507923265,894.9138631206924,10.508613687930755,High_Rubber,60,5
99.48290241868224,497.4145120934112,894.0031741212799,10.599682587872007,High_Rubber,60,5
99.58298582151794,497.91492910758967,897.7315796085727,10.22684203914273,High_Rubber,60,5
99.68306922435363,498.41534612176815,899.8914702216518,10.010852977834816,High_Rubber,60,5
99.78315262718932,498.91576313594663,894.4096876584033,10.55903123415967,High_Rubber,60,5
99.88323603002502,499.4161801501251,897.7047180182452,10.229528198175478,High_Rubber,60,5
99.98331943286072,499.91659716430365,895.0218075595983,10.49781924404017,High_Rubber,60,5
100.08340283569642,500.4170141784821,893.4246987984977,10.657530120150227,High_Rubber,60,5
100.18348623853211,500.91743119266056,895.3147340497632,10.468526595023683,High_Rubber,60,5
100.2835696413678,501.41784820683904,893.5449684729401,10.645503152705988,High_Rubber,60,5
100.38365304420351,501.9182652210176,894.1780199304335,10.58219800695665,High_Rubber,60,5
100.4837364470392,502.418682235196,892.7577517629546,10.724224823704537,High_Rubber,60,5
100.5838198498749,502.9190992493745,895.1173744761464,10.488262552385356,High_Rubber,60,5
100.68390325271059,503.41951626355296,895.6320114235,10.43679885765,High_Rubber,60,5
100.78398665554629,503.91993327773145,894.3273918039796,10.56726081960204,High_Rubber,60,5
100.884070058382,504.42035029191,895.3279220746165,10.467207792538352,High_Rubber,60,5
100.98415346121769,504.92076730608846,893.4412202536894,10.655877974631062,High_Rubber,60,5
101.08423686405338,505.4211843202669,894.1457688169852,10.585423118301481,High_Rubber,60,5
101.18432026688907,505.92160133444537,893.6991246807165,10.630087531928348,High_Rubber,60,5
101.28440366972477,506.42201834862385,891.4337060799799,10.856629392002013,High_Rubber,60,5
101.38448707256047,506.9224353628024,893.0449129883586,10.695508701164137,High_Rubber,60,5
101.48457047539617,507.4228523769808,893.9820426588783,10.60179573411217,High_Rubber,60,5
101.58465387823186,507.9232693911593,890.6706422997452,10.932935770025482,High_Rubber,60,5
101.68473728106756,508.4236864053378,891.9980210089107,10.800197899108936,High_Rubber,60,5
101.78482068390326,508.9241034195163,892.6359966283802,10.73640033716198,High_Rubber,60,5
101.88490408673896,509.4245204336948,890.1446033903203,10.985539660967971,High_Rubber,60,5
101.98498748957465,509.9249374478733,887.3400515804245,11.265994841957546,High_Rubber,60,5
102.08507089241034,510.4253544620517,889.674955093665,11.032504490633505,High_Rubber,60,5
102.18515429524604,510.9257714762302,889.4280751585023,11.057192484149766,High_Rubber,60,5
102.28523769808174,511.4261884904087,896.1803942857422,10.38196057142578,High_Rubber,60,5
102.38532110091744,511.9266055045872,894.6369713238619,10.536302867613813,High_Rubber,60,5
102.48540450375313,512.4270225187656,889.9670011338751,11.00329988661249,High_Rubber,60,5
102.58548790658882,512.9274395329442,889.5253659669124,11.047463403308756,High_Rubber,60,5
102.68557130942452,513.4278565471226,887.998588615566,11.200141138443405,High_Rubber,60,5
102.78565471226023,513.9282735613011,893.176987642465,10.682301235753505,High_Rubber,60,5
102.88573811509592,514.4286905754795,889.518333257365,11.048166674263497,High_Rubber,60,5
102.98582151793161,514.9291075896581,890.920557517345,10.907944248265505,High_Rubber,60,5
103.0859049207673,515.4295246038365,890.9126217755964,10.908737822440354,High_Rubber,60,5
103.185988323603,515.9299416180149,892.8243918297227,10.717560817027731,High_Rubber,60,5
103.2860717264387,516.4303586321935,896.123458190854,10.387654180914604,High_Rubber,60,5
103.3861551292744,516.930775646372,891.6061351257589,10.839386487424111,High_Rubber,60,5
103.4862385321101,517.4311926605504,892.3516905721325,10.76483094278675,High_Rubber,60,5
103.58632193494579,517.931609674729,891.9681774776635,10.803182252233649,High_Rubber,60,5
103.6864053377815,518.4320266889075,888.8960768472797,11.110392315272032,High_Rubber,60,5
103.78648874061719,518.9324437030859,889.9781894418127,11.002181055818733,High_Rubber,60,5
103.88657214345288,519.4328607172644,891.4703808424755,10.85296191575245,High_Rubber,60,5
103.98665554628857,519.9332777314429,888.6678991340759,11.133210086592408,High_Rubber,60,5
104.08673894912427,520.4336947456213,888.9820698510614,11.10179301489386,High_Rubber,60,5
104.18682235195998,520.9341117597999,887.5458789752375,11.245412102476246,High_Rubber,60,5
104.28690575479567,521.4345287739784,891.5327103803803,10.84672896196197,High_Rubber,60,5
104.38698915763136,521.9349457881568,885.0679992737928,11.493200072620722,High_Rubber,60,5
104.48707256046706,522.4353628023352,887.7531422887241,11.224685771127588,High_Rubber,60,5
104.58715596330275,522.9357798165138,886.5679297037816,11.343207029621839,High_Rubber,60,5
104.68723936613846,523.4361968306923,890.2440122897457,10.975598771025432,High_Rubber,60,5
104.78732276897415,523.9366138448707,889.064962468244,11.093503753175606,High_Rubber,60,5
104.88740617180984,524.4370308590492,891.0284883804053,10.89715116195947,High_Rubber,60,5
104.98748957464554,524.9374478732277,888.8168676537708,11.118313234622917,High_Rubber,60,5
105.08757297748124,525.4378648874062,887.20122317349,11.279877682651,High_Rubber,60,5
105.18765638031694,525.9382819015847,891.5373421571419,10.84626578428581,High_Rubber,60,5
105.28773978315263,526.4386989157631,888.1373467629446,11.186265323705538,High_Rubber,60,5
105.38782318598832,526.9391159299416,888.3317965353011,11.166820346469887,High_Rubber,60,5
105.48790658882402,527.4395329441201,887.6715726057477,11.232842739425235,High_Rubber,60,5
105.58798999165973,527.9399499582986,889.8618365970909,11.013816340290909,High_Rubber,60,5
105.68807339449542,528.4403669724771,889.7264684603607,11.02735315396393,High_Rubber,60,5
105.78815679733111,528.9407839866556,891.277672721509,10.872232727849097,High_Rubber,60,5
105.8882402001668,529.441201000834,888.4289493904023,11.157105060959772,High_Rubber,60,5
105.9883236030025,529.9416180150125,885.8602410138321,11.413975898616787,High_Rubber,60,5
106.0884070058382,530.4420350291911,889.3238951462821,11.06761048537179,High_Rubber,60,5
106.1884904086739,530.9424520433695,888.505931090552,11.149406890944794,High_Rubber,60,5
106.2885738115096,531.442869057548,886.1922587735705,11.380774122642947,High_Rubber,60,5
106.38865721434529,531.9432860717264,887.2578910306615,11.274210896933846,High_Rubber,60,5
106.488740617181,532.443703085905,887.0817765022415,11.29182234977585,High_Rubber,60,5
106.58882402001669,532.9441201000834,889.7439805531716,11.025601944682842,High_Rubber,60,5
106.68890742285238,533.444537114262,889.5376538779896,11.046234612201044,High_Rubber,60,5
106.78899082568807,533.9449541284404,886.6000099743923,11.339999002560774,High_Rubber,60,5
106.88907422852377,534.4453711426188,885.0151368202055,11.49848631797945,High_Rubber,60,5
106.98915763135948,534.9457881567973,886.7381130680595,11.326188693194046,High_Rubber,60,5
107.08924103419517,535.4462051709759,886.411306633354,11.358869336664599,High_Rubber,60,5
107.18932443703086,535.9466221851543,886.4903566990436,11.350964330095644,High_Rubber,60,5
107.28940783986656,536.4470391993327,886.5874257487009,11.341257425129914,High_Rubber,60,5
107.38949124270225,536.9474562135113,882.7353365259908,11.726466347400924,High_Rubber,60,5
107.48957464553796,537.4478732276898,888.3014925824334,11.16985074175666,High_Rubber,60,5
107.58965804837365,537.9482902418682,886.9987360366674,11.300126396333257,High_Rubber,60,5
107.68974145120934,538.4487072560468,883.4474024921644,11.655259750783557,High_Rubber,60,5
107.78982485404504,538.9491242702252,883.1808220851634,11.68191779148366,High_Rubber,60,5
107.88990825688073,539.4495412844036,885.0962022619774,11.49037977380226,High_Rubber,60,5
107.98999165971644,539.9499582985821,888.9377831341728,11.106221686582716,High_Rubber,60,5
108.09007506255213,540.4503753127607,887.0020416268151,11.299795837318491,High_Rubber,60,5
108.19015846538782,540.9507923269391,887.3088097417044,11.269119025829559,High_Rubber,60,5
108.29024186822352,541.4512093411176,886.7800572426013,11.321994275739872,High_Rubber,60,5
108.39032527105923,541.9516263552962,886.0283299893402,11.397167001065975,High_Rubber,60,5
108.49040867389492,542.4520433694746,885.0996410881836,11.49003589118164,High_Rubber,60,5
108.59049207673061,542.952460383653,888.5279191868397,11.147208081316034,High_Rubber,60,5
108.6905754795663,543.4528773978316,886.2395164482973,11.37604835517027,High_Rubber,60,5
108.790658882402,543.95329441201,886.9287862425891,11.307121375741087,High_Rubber,60,5
108.8907422852377,544.4537114261885,885.8100082474905,11.418999175250951,High_Rubber,60,5
108.9908256880734,544.954128440367,882.8550128123445,11.71449871876555,High_Rubber,60,5
109.0909090909091,545.4545454545455,885.3033932230762,11.469660677692376,High_Rubber,60,5
109.19099249374479,545.9549624687239,883.3883697511609,11.66116302488391,High_Rubber,60,5
109.29107589658048,546.4553794829023,884.0091386561548,11.599086134384514,High_Rubber,60,5
109.39115929941619,546.9557964970809,880.6837680140707,11.931623198592934,High_Rubber,60,5
109.49124270225188,547.4562135112594,884.6582311758225,11.53417688241775,High_Rubber,60,5
109.59132610508757,547.9566305254378,883.5747586256763,11.642524137432373,High_Rubber,60,5
109.69140950792327,548.4570475396164,886.1466667433856,11.385333325661442,High_Rubber,60,5
109.79149291075898,548.9574645537949,884.3527493391457,11.56472506608543,High_Rubber,60,5
109.89157631359467,549.4578815679733,884.5388795924465,11.546112040755348,High_Rubber,60,5
109.99165971643036,549.9582985821518,881.9039260712319,11.809607392876806,High_Rubber,60,5
110.09174311926606,550.4587155963303,887.381609392314,11.261839060768603,High_Rubber,60,5
110.19182652210175,550.9591326105087,886.012821770823,11.398717822917694,High_Rubber,60,5
110.29190992493746,551.4595496246873,884.0212498516448,11.597875014835518,High_Rubber,60,5
110.39199332777315,551.9599666388658,882.7866840137945,11.721331598620555,High_Rubber,60,5
110.49207673060884,552.4603836530442,878.7174228859807,12.128257711401933,High_Rubber,60,5
110.59216013344454,552.9608006672227,884.9336458118504,11.50663541881496,High_Rubber,60,5
110.69224353628023,553.4612176814012,883.0537564993981,11.69462435006019,High_Rubber,60,5
110.79232693911594,553.9616346955797,882.3858619220777,11.761413807792234,High_Rubber,60,5
110.89241034195163,554.4620517097582,886.7523498197008,11.324765018029916,High_Rubber,60,5
110.99249374478732,554.9624687239366,883.8702147761093,11.612978522389074,High_Rubber,60,5
111.09257714762302,555.4628857381151,885.3980531613091,11.460194683869087,High_Rubber,60,5
111.19266055045873,555.9633027522937,880.7234463062239,11.927655369377613,High_Rubber,60,5
111.29274395329442,556.4637197664721,880.2303386818049,11.976966131819507,High_Rubber,60,5
111.39282735613011,556.9641367806505,883.0361091485014,11.69638908514986,High_Rubber,60,5
111.4929107589658,557.464553794829,885.884145918829,11.411585408117105,High_Rubber,60,5
111.5929941618015,557.9649708090075,880.6533701051975,11.93466298948025,High_Rubber,60,5
111.6930775646372,558.465387823186,883.1080922382123,11.689190776178771,High_Rubber,60,5
111.7931609674729,558.9658048373645,880.9683136460769,11.903168635392309,High_Rubber,60,5
111.8932443703086,559.466221851543,884.2552660382194,11.574473396178064,High_Rubber,60,5
111.99332777314429,559.9666388657214,878.6585257868461,12.13414742131539,High_Rubber,60,5
112.09341117597998,560.4670558798999,878.9224707586325,12.107752924136753,High_Rubber,60,5
112.19349457881569,560.9674728940785,880.6828039737702,11.93171960262298,High_Rubber,60,5
112.29357798165138,561.4678899082569,884.4161412686759,11.558385873132409,High_Rubber,60,5
112.39366138448707,561.9683069224354,882.9152041066716,11.70847958933284,High_Rubber,60,5
112.49374478732277,562.4687239366139,882.6307367198,11.736926328020001,High_Rubber,60,5
112.59382819015848,562.9691409507924,887.2438972350318,11.27561027649682,High_Rubber,60,5
112.69391159299417,563.4695579649708,879.2593530330578,12.074064696694222,High_Rubber,60,5
112.79399499582986,563.9699749791494,879.250626881166,12.074937311883401,High_Rubber,60,5
112.89407839866556,564.4703919933278,881.8785306700245,11.812146932997553,High_Rubber,60,5
112.99416180150125,564.9708090075062,881.415637893877,11.858436210612297,High_Rubber,60,5
113.09424520433696,565.4712260216847,883.161518724228,11.683848127577198,High_Rubber,60,5
113.19432860717265,565.9716430358633,880.4974937945775,11.95025062054225,High_Rubber,60,5
113.29441201000834,566.4720600500417,878.8998251836672,12.110017481633282,High_Rubber,60,5
113.39449541284404,566.9724770642201,881.8991077946287,11.810089220537135,High_Rubber,60,5
113.49457881567973,567.4728940783987,884.5373434185915,11.546265658140852,High_Rubber,60,5
113.59466221851544,567.9733110925772,883.0128619138168,11.698713808618322,High_Rubber,60,5
113.69474562135113,568.4737281067556,880.4231486963954,11.95768513036046,High_Rubber,60,5
113.79482902418682,568.9741451209342,880.7137150869343,11.928628491306574,High_Rubber,60,5
113.89491242702252,569.4745621351126,883.2123873905382,11.67876126094618,High_Rubber,60,5
113.99499582985821,569.974979149291,878.5014207338439,12.149857926615606,High_Rubber,60,5
114.09507923269392,570.4753961634696,881.4166339360428,11.85833660639572,High_Rubber,60,5
114.19516263552961,570.9758131776481,878.7591244775712,12.124087552242884,High_Rubber,60,5
114.2952460383653,571.4762301918265,875.6240137164293,12.437598628357069,High_Rubber,60,5
114.395329441201,571.976647206005,879.8060932009777,12.019390679902232,High_Rubber,60,5
114.49541284403671,572.4770642201836,881.8245349005559,11.817546509944407,High_Rubber,60,5
114.5954962468724,572.977481234362,875.6350054278768,12.436499457212323,High_Rubber,60,5
114.6955796497081,573.4778982485404,878.5572231901548,12.144277680984521,High_Rubber,60,5
114.79566305254379,573.978315262719,879.6430406443874,12.035695935561263,High_Rubber,60,5
114.89574645537948,574.4787322768974,873.7681474067596,12.623185259324043,High_Rubber,60,5
114.99582985821519,574.9791492910759,881.3529640755794,11.86470359244206,High_Rubber,60,5
115.09591326105088,575.4795663052544,879.9488281472708,12.005117185272923,High_Rubber,60,5
115.19599666388658,575.9799833194329,877.9281414520768,12.207185854792318,High_Rubber,60,5
115.29608006672227,576.4804003336113,877.0276361411112,12.29723638588888,High_Rubber,60,5
115.39616346955796,576.9808173477898,880.127834491299,11.987216550870096,High_Rubber,60,5
115.49624687239367,577.4812343619683,877.9678197200554,12.203218027994456,High_Rubber,60,5
115.59633027522936,577.9816513761468,876.8219802032198,12.317801979678018,High_Rubber,60,5
115.69641367806506,578.4820683903253,879.30167989512,12.069832010488005,High_Rubber,60,5
115.79649708090075,578.9824854045038,877.8901133482892,12.210988665171078,High_Rubber,60,5
115.89658048373646,579.4829024186823,877.4317722247026,12.256822777529736,High_Rubber,60,5
115.99666388657215,579.9833194328608,879.9147105024019,12.008528949759807,High_Rubber,60,5
116.09674728940784,580.4837364470392,877.3664705136591,12.263352948634088,High_Rubber,60,5
116.19683069224354,580.9841534612177,878.5029536435717,12.14970463564283,High_Rubber,60,5
116.29691409507923,581.4845704753961,879.9642289312769,12.003577106872308,High_Rubber,60,5
116.39699749791494,581.9849874895747,876.8607521194554,12.313924788054464,High_Rubber,60,5
116.49708090075063,582.4854045037532,877.2668285493406,12.273317145065937,High_Rubber,60,5
116.59716430358633,582.9858215179316,878.7311223814081,12.126887761859189,High_Rubber,60,5
116.69724770642202,583.4862385321101,880.1733791121547,11.982662088784526,High_Rubber,60,5
116.79733110925771,583.9866555462886,877.8067090464241,12.21932909535759,High_Rubber,60,5
116.89741451209342,584.4870725604671,876.1491860498428,12.385081395015721,High_Rubber,60,5
116.99749791492911,584.9874895746456,874.0851110743763,12.591488892562369,High_Rubber,60,5
117.0975813177648,585.487906588824,877.3663774881984,12.26336225118016,High_Rubber,60,5
117.1976647206005,585.9883236030025,874.8194504953652,12.518054950463478,High_Rubber,60,5
117.29774812343621,586.4887406171811,878.8028543917655,12.119714560823445,High_Rubber,60,5
117.3978315262719,586.9891576313595,876.9969485239471,12.300305147605286,High_Rubber,60,5
117.4979149291076,587.4895746455379,872.1416050509898,12.785839494901015,High_Rubber,60,5
117.59799833194329,587.9899916597165,877.4155847378892,12.258441526211083,High_Rubber,60,5
117.69808173477898,588.4904086738949,877.6250626145109,12.237493738548915,High_Rubber,60,5
117.79816513761469,588.9908256880734,876.3776523225025,12.362234767749749,High_Rubber,60,5
117.89824854045038,589.491242702252,870.7939164301313,12.920608356986873,High_Rubber,60,5
117.99833194328608,589.9916597164304,878.1004614151132,12.189953858488684,High_Rubber,60,5
118.09841534612177,590.4920767306088,877.712352905613,12.228764709438702,High_Rubber,60,5
118.19849874895746,590.9924937447873,874.2650003393854,12.573499966061455,High_Rubber,60,5
118.29858215179317,591.4929107589659,875.2317907366673,12.476820926333266,High_Rubber,60,5
118.39866555462886,591.9933277731443,874.8737862246128,12.512621377538721,High_Rubber,60,5
118.49874895746456,592.4937447873228,874.4935503221581,12.550644967784194,High_Rubber,60,5
118.59883236030025,592.9941618015013,874.6322847978771,12.53677152021229,High_Rubber,60,5
118.69891576313594,593.4945788156797,878.0114230849754,12.198857691502463,High_Rubber,60,5
118.79899916597165,593.9949958298582,877.9734665911944,12.202653340880557,High_Rubber,60,5
118.89908256880734,594.4954128440368,872.202198583392,12.779780141660796,High_Rubber,60,5
118.99916597164304,594.9958298582152,876.6613093701243,12.33386906298757,High_Rubber,60,5
119.09924937447873,595.4962468723936,877.8972376387692,12.21027623612308,High_Rubber,60,5
119.19933277731444,595.9966638865722,875.0258210170034,12.497417898299659,High_Rubber,60,5
119.29941618015013,596.4970809007507,875.563535290585,12.443646470941497,High_Rubber,60,5
119.39949958298583,596.9974979149291,875.9775631864154,12.402243681358458,High_Rubber,60,5
119.49958298582152,597.4979149291075,876.8067485321998,12.319325146780022,High_Rubber,60,5
119.59966638865721,597.9983319432861,874.1734785737759,12.582652142622408,High_Rubber,60,5
119.69974979149292,598.4987489574646,875.2312050872612,12.476879491273882,High_Rubber,60,5
119.79983319432861,598.999165971643,872.6851385067488,12.731486149325121,High_Rubber,60,5
119.8999165971643,599.4995829858216,873.2273062539196,12.677269374608043,High_Rubber,60,5
120.0,600.0,874.8808418057473,12.511915819425267,High_Rubber,60,5
