sample_id,scenario,temperature_C,rho_assumed,Gc_YSZ_GDC,Gc_GDC_LSCF,Gc_YSZ_GDC_800C,Gc_GDC_LSCF_800C,R_system_total_J_m2
1,rho0.50_coupled,25,0.5,1.0593496517609753,0.9083553710052896,,,1.967705022766265
2,rho0.50_coupled,25,0.5,1.5363369400084574,1.7593562098008253,,,3.2956931498092827
3,rho0.50_coupled,25,0.5,1.6310852308467205,1.3165434342191742,,,2.9476286650658947
4,rho0.50_coupled,25,0.5,1.246041678012721,1.3834150457100107,,,2.6294567237227318
5,rho0.50_coupled,25,0.5,1.4039024861261964,1.1701698252337445,,,2.5740723113599406
6,rho0.50_coupled,25,0.5,1.875737835130016,1.3336084706909033,,,3.2093463058209193
7,rho0.50_coupled,25,0.5,1.8562402837274605,1.4501791985222783,,,3.306419482249739
8,rho0.50_coupled,25,0.5,1.4517267498403235,1.3858146158904285,,,2.837541365730752
9,rho0.50_coupled,25,0.5,1.2325461713835748,1.1983552148598267,,,2.4309013862434012
10,rho0.50_coupled,25,0.5,1.5877762301992484,1.532737020873153,,,3.1205132510724014
11,rho0.50_coupled,25,0.5,1.8927637117951146,1.6252005240612306,,,3.517964235856345
12,rho0.50_coupled,25,0.5,1.5409287274575718,1.2204448516848379,,,2.7613735791424094
13,rho0.50_coupled,25,0.5,1.7070042350241494,1.8468568300849388,,,3.5538610651090883
14,rho0.50_coupled,25,0.5,1.6951411400554295,1.257477466222415,,,2.9526186062778446
15,rho0.50_coupled,25,0.5,2.1377056169347304,1.2956194258042266,,,3.4333250427389572
16,rho0.50_coupled,25,0.5,2.0322176127350615,1.475437469462285,,,3.5076550821973465
17,rho0.50_coupled,25,0.5,1.5682907606349292,1.2880193073062292,,,2.856310067941158
18,rho0.50_coupled,25,0.5,1.4162110267244834,1.5254130027454627,,,2.941624029469946
19,rho0.50_coupled,25,0.5,0.8271087013700872,0.9333346376868851,,,1.7604433390569723
20,rho0.50_coupled,25,0.5,1.588689984044565,1.3738784539579505,,,2.9625684380025152
21,rho0.50_coupled,25,0.5,1.210440585956292,1.404519061854283,,,2.6149596478105748
22,rho0.50_coupled,25,0.5,1.6519766701181777,1.5302805507959714,,,3.182257220914149
23,rho0.50_coupled,25,0.5,1.7351310674436542,1.406775586804735,,,3.1419066542483893
24,rho0.50_coupled,25,0.5,1.139309811846808,1.5458522145651503,,,2.685162026411958
25,rho0.50_coupled,25,0.5,1.8703241279986906,1.4487796454250672,,,3.319103773423758
26,rho0.50_coupled,25,0.5,1.5088599418630746,1.5132149683397962,,,3.022074910202871
27,rho0.50_coupled,25,0.5,0.9902442400563831,1.3323785189538722,,,2.3226227590102555
28,rho0.50_coupled,25,0.5,1.4323255914237294,1.2168885142398187,,,2.649214105663548
29,rho0.50_coupled,25,0.5,2.1373778949177558,1.6697824423820644,,,3.80716033729982
30,rho0.50_coupled,25,0.5,1.6825002260015365,1.5151760669118488,,,3.1976762929133855
31,rho0.50_coupled,25,0.5,1.1941158169504171,1.0726063566674944,,,2.2667221736179117
32,rho0.50_coupled,25,0.5,1.8122258475588175,1.4332680118574008,,,3.2454938594162184
33,rho0.50_coupled,25,0.5,1.8550024662697038,1.5495508017477988,,,3.4045532680175024
34,rho0.50_coupled,25,0.5,1.5989335739693895,1.404944129210943,,,3.0038777031803328
35,rho0.50_coupled,25,0.5,1.3992100391775883,1.6774492006714872,,,3.0766592398490755
36,rho0.50_coupled,25,0.5,1.8425920366847481,1.5041210781380794,,,3.3467131148228275
37,rho0.50_coupled,25,0.5,1.3082760269248803,1.121953912669152,,,2.4302299395940326
38,rho0.50_coupled,25,0.5,1.416833400269228,0.8678310841456829,,,2.284664484414911
39,rho0.50_coupled,25,0.5,1.410517014408816,1.0283201081861928,,,2.4388371225950087
40,rho0.50_coupled,25,0.5,1.6067633015007816,1.1651056010875966,,,2.7718689025883783
41,rho0.50_coupled,25,0.5,1.747767103630277,1.7664642381811764,,,3.5142313418114535
42,rho0.50_coupled,25,0.5,1.2613593462443897,1.7082771467187015,,,2.969636492963091
43,rho0.50_coupled,25,0.5,1.6483165197573828,1.5162335508921685,,,3.1645500706495513
44,rho0.50_coupled,25,0.5,1.4403763322776877,1.4286873664949546,,,2.869063698772642
45,rho0.50_coupled,25,0.5,1.0142955791794046,0.8666085528678944,,,1.880904132047299
46,rho0.50_coupled,25,0.5,1.7071118132143164,1.6349294336617923,,,3.342041246876109
47,rho0.50_coupled,25,0.5,1.1314902228736066,1.3312537520015093,,,2.462743974875116
48,rho0.50_coupled,25,0.5,1.7796577425400062,1.3572631573529794,,,3.136920899892986
49,rho0.50_coupled,25,0.5,1.4089613765919893,1.6187396533956362,,,3.0277010299876252
50,rho0.50_coupled,25,0.5,0.9472142566512306,1.5887226176998799,,,2.5359368743511106
51,rho0.50_coupled,25,0.5,1.172237910908194,1.369541924814831,,,2.541779835723025
52,rho0.50_coupled,25,0.5,1.220963558107454,1.1120502482016645,,,2.3330138063091184
53,rho0.50_coupled,25,0.5,1.8877736210246892,1.4108959246514312,,,3.2986695456761206
54,rho0.50_coupled,25,0.5,1.2861388759803414,1.1354414220439246,,,2.421580298024266
55,rho0.50_coupled,25,0.5,1.6526801270469342,1.1984944497266006,,,2.851174576773535
56,rho0.50_coupled,25,0.5,1.3904763477956525,1.5057282841840678,,,2.89620463197972
57,rho0.50_coupled,25,0.5,1.8314131298324656,1.3339979177112329,,,3.1654110475436985
58,rho0.50_coupled,25,0.5,1.8279938985704496,1.3974447856823735,,,3.225438684252823
59,rho0.50_coupled,25,0.5,1.1873896411356935,1.3027054318510918,,,2.4900950729867852
60,rho0.50_coupled,25,0.5,1.7909483778326143,1.5999568656557737,,,3.3909052434883877
61,rho0.50_coupled,25,0.5,1.7563532298733735,1.57263788801924,,,3.3289911178926133
62,rho0.50_coupled,25,0.5,1.4027828270162752,1.2657765778213588,,,2.6685594048376338
63,rho0.50_coupled,25,0.5,1.6066960191047774,1.1203748868923538,,,2.727070905997131
64,rho0.50_coupled,25,0.5,1.8438730076955014,1.7112217312060978,,,3.555094738901599
65,rho0.50_coupled,25,0.5,1.1669275115125386,1.121656833501929,,,2.288584345014468
66,rho0.50_coupled,25,0.5,2.0224424894862403,1.394765721428552,,,3.4172082109147923
67,rho0.50_coupled,25,0.5,1.5385726895165324,1.0213278148713765,,,2.559900504387909
68,rho0.50_coupled,25,0.5,1.1171987861935821,1.3818804479271927,,,2.499079234120775
69,rho0.50_coupled,25,0.5,1.9884106063943914,1.6586159151378148,,,3.647026521532206
70,rho0.50_coupled,25,0.5,1.6167156021563265,1.4359504947404473,,,3.0526660968967736
71,rho0.50_coupled,25,0.5,1.5018059186667791,1.6044057253392934,,,3.1062116440060725
72,rho0.50_coupled,25,0.5,1.4779151717362446,1.3904054964839827,,,2.8683206682202274
73,rho0.50_coupled,25,0.5,1.413333926004167,1.3714081578914057,,,2.7847420838955728
74,rho0.50_coupled,25,0.5,2.031534933219565,1.2395225775906518,,,3.2710575108102167
75,rho0.50_coupled,25,0.5,1.4592521746275702,1.4235829151588906,,,2.882835089786461
76,rho0.50_coupled,25,0.5,1.388629903173907,1.0728381882617846,,,2.461468091435692
77,rho0.50_coupled,25,0.5,1.2738642018452206,1.3252781527252442,,,2.599142354570465
78,rho0.50_coupled,25,0.5,1.2905476001526979,1.127808847051534,,,2.418356447204232
79,rho0.50_coupled,25,0.5,1.8658777053669446,1.793030404884794,,,3.6589081102517387
80,rho0.50_coupled,25,0.5,1.9061902194381526,1.4163928499780052,,,3.322583069416158
81,rho0.50_coupled,25,0.5,1.8971199367553884,1.5021463959835704,,,3.399266332738959
82,rho0.50_coupled,25,0.5,1.7289218576557868,1.63698637660718,,,3.3659082342629665
83,rho0.50_coupled,25,0.5,1.7229154347827846,1.6349259546433017,,,3.3578413894260866
84,rho0.50_coupled,25,0.5,1.438624858938055,1.2732719788010192,,,2.711896837739074
85,rho0.50_coupled,25,0.5,1.3881988433097698,1.0303817313002108,,,2.4185805746099804
86,rho0.50_coupled,25,0.5,1.6107169276817699,1.2371394934881312,,,2.847856421169901
87,rho0.50_coupled,25,0.5,1.925572127268361,1.0907401118425137,,,3.0163122391108748
88,rho0.50_coupled,25,0.5,1.6622853009093486,1.3516025755412233,,,3.013887876450572
89,rho0.50_coupled,25,0.5,1.773415412060952,1.8425898801554763,,,3.6160052922164283
90,rho0.50_coupled,25,0.5,1.840806259371604,1.7652200886043539,,,3.606026347975958
91,rho0.50_coupled,25,0.5,1.2718652648963422,1.2779511119866211,,,2.5498163768829634
92,rho0.50_coupled,25,0.5,1.9180112679275072,1.497969002014641,,,3.415980269942148
93,rho0.50_coupled,25,0.5,1.2486668043508162,1.2954874786376689,,,2.544154282988485
94,rho0.50_coupled,25,0.5,2.2128561559987414,1.8003022732078806,,,4.013158429206622
95,rho0.50_coupled,25,0.5,1.5067504615690521,1.264279530386794,,,2.771029991955846
96,rho0.50_coupled,25,0.5,1.53008016267466,1.3459138548395946,,,2.8759940175142544
97,rho0.50_coupled,25,0.5,1.1241929861667432,1.2089118404428576,,,2.333104826609601
98,rho0.50_coupled,25,0.5,1.5754055305271677,1.4939375957712726,,,3.06934312629844
99,rho0.50_coupled,25,0.5,1.6019460079788943,1.6245437909054066,,,3.226489798884301
100,rho0.50_coupled,25,0.5,1.552932563301401,1.103954768230185,,,2.656887331531586
101,rho0.50_coupled,25,0.5,1.5373833491257587,1.1169840335193404,,,2.6543673826450993
102,rho0.50_coupled,25,0.5,1.4280935362526912,1.3696495987147759,,,2.797743134967467
103,rho0.50_coupled,25,0.5,1.746541613930047,1.667604192058938,,,3.414145805988985
104,rho0.50_coupled,25,0.5,1.8280368016497168,1.552352001688015,,,3.380388803337732
105,rho0.50_coupled,25,0.5,1.3201811885004116,1.257076055981977,,,2.5772572444823885
106,rho0.50_coupled,25,0.5,1.144964354347545,1.2343820924908926,,,2.3793464468384373
107,rho0.50_coupled,25,0.5,1.4997797297339404,1.2494023573461854,,,2.7491820870801256
108,rho0.50_coupled,25,0.5,1.9983579027909864,1.8233209820597756,,,3.821678884850762
109,rho0.50_coupled,25,0.5,1.8270830819382007,1.820844478406269,,,3.6479275603444696
110,rho0.50_coupled,25,0.5,1.5144287856807452,1.65687170946673,,,3.1713004951474755
111,rho0.50_coupled,25,0.5,1.403124270750243,1.0961305475656384,,,2.4992548183158814
112,rho0.50_coupled,25,0.5,1.334644649840678,0.9250108493723024,,,2.2596554992129807
113,rho0.50_coupled,25,0.5,2.2471814457243586,1.7024915144001147,,,3.9496729601244733
114,rho0.50_coupled,25,0.5,1.5448188806843821,1.1663881240600782,,,2.7112070047444603
115,rho0.50_coupled,25,0.5,1.8126260743287927,1.6587866578823234,,,3.471412732211116
116,rho0.50_coupled,25,0.5,1.5733234426783405,1.2079936259882633,,,2.7813170686666036
117,rho0.50_coupled,25,0.5,1.3228749567850153,0.9921804509107004,,,2.3150554076957155
118,rho0.50_coupled,25,0.5,1.8433905092719651,1.3205381205887898,,,3.163928629860755
119,rho0.50_coupled,25,0.5,1.5003144381943994,1.4813618417923284,,,2.981676279986728
120,rho0.50_coupled,25,0.5,1.460797831145185,1.244169848629335,,,2.70496767977452
121,rho0.50_coupled,25,0.5,1.7255797695017858,1.2597443961034216,,,2.985324165605207
122,rho0.50_coupled,25,0.5,1.8846054527837435,1.3712221153643953,,,3.255827568148139
123,rho0.50_coupled,25,0.5,1.399566346769896,1.0616864255176772,,,2.4612527722875734
124,rho0.50_coupled,25,0.5,1.6255860144727978,1.676099540635321,,,3.3016855551081186
125,rho0.50_coupled,25,0.5,1.4007566377545662,1.080703653121339,,,2.481460290875905
126,rho0.50_coupled,25,0.5,1.3974002716235652,1.3650104662216873,,,2.7624107378452525
127,rho0.50_coupled,25,0.5,1.570119722907445,1.3221219719788286,,,2.8922416948862737
128,rho0.50_coupled,25,0.5,2.024619271792308,1.2030299221682024,,,3.2276491939605103
129,rho0.50_coupled,25,0.5,1.3558418744954506,1.0973720857625708,,,2.4532139602580214
130,rho0.50_coupled,25,0.5,2.1773754285340794,1.5568738565536295,,,3.734249285087709
131,rho0.50_coupled,25,0.5,1.5232936642852974,1.4248177438267289,,,2.9481114081120263
132,rho0.50_coupled,25,0.5,2.026726713366878,1.526145324553182,,,3.55287203792006
133,rho0.50_coupled,25,0.5,1.5563347639955198,1.380403565273503,,,2.936738329269023
134,rho0.50_coupled,25,0.5,1.213412953793742,0.9951261060205114,,,2.208539059814253
135,rho0.50_coupled,25,0.5,1.9078668099015217,1.3869613292308538,,,3.2948281391323757
136,rho0.50_coupled,25,0.5,1.2938394795265484,1.3957459397857614,,,2.68958541931231
137,rho0.50_coupled,25,0.5,2.1438630755729786,2.1387151505371493,,,4.282578226110128
138,rho0.50_coupled,25,0.5,1.3930083033884249,1.0623038031943879,,,2.455312106582813
139,rho0.50_coupled,25,0.5,1.8729065678944428,1.67911134927943,,,3.552017917173873
140,rho0.50_coupled,25,0.5,1.7329012199266498,1.3803804006860143,,,3.113281620612664
141,rho0.50_coupled,25,0.5,1.5750440747604335,1.362913069441922,,,2.9379571442023558
142,rho0.50_coupled,25,0.5,1.3655605893711684,1.1755007414722307,,,2.541061330843399
143,rho0.50_coupled,25,0.5,1.4822906373008402,1.4303537603617145,,,2.9126443976625547
144,rho0.50_coupled,25,0.5,1.4191997316594012,0.9596112521260773,,,2.3788109837854785
145,rho0.50_coupled,25,0.5,1.909867525676459,1.2972671138253897,,,3.2071346395018487
146,rho0.50_coupled,25,0.5,1.7024255790301905,1.6338323159183292,,,3.3362578949485195
147,rho0.50_coupled,25,0.5,1.58313164196869,1.503108561342702,,,3.086240203311392
148,rho0.50_coupled,25,0.5,1.0742363056742312,1.0034375370098874,,,2.077673842684119
149,rho0.50_coupled,25,0.5,1.1953704455741319,0.8702532995028094,,,2.065623745076941
150,rho0.50_coupled,25,0.5,1.5825801946212217,0.9665704217584219,,,2.5491506163796434
151,rho0.50_coupled,25,0.5,1.5738620397504368,1.2757726683398425,,,2.8496347080902793
152,rho0.50_coupled,25,0.5,1.6167990554417622,1.2829380059922,,,2.899737061433962
153,rho0.50_coupled,25,0.5,1.6468885830995301,1.5616074701079978,,,3.208496053207528
154,rho0.50_coupled,25,0.5,0.9921701558612256,1.091307704211742,,,2.0834778600729678
155,rho0.50_coupled,25,0.5,1.3321820098372372,1.226034804662854,,,2.558216814500091
156,rho0.50_coupled,25,0.5,1.688393717984461,1.28796688657745,,,2.9763606045619113
157,rho0.50_coupled,25,0.5,1.871141285785073,1.3888905966851501,,,3.2600318824702232
158,rho0.50_coupled,25,0.5,1.2049342560985037,1.1379034531114733,,,2.3428377092099772
159,rho0.50_coupled,25,0.5,1.2927725742921747,1.2595392490648665,,,2.552311823357041
160,rho0.50_coupled,25,0.5,1.4921507597297161,1.4958360289853263,,,2.9879867887150424
161,rho0.50_coupled,25,0.5,1.7539214748845307,1.4520274575720797,,,3.2059489324566104
162,rho0.50_coupled,25,0.5,1.3397799250762625,1.2700526295546608,,,2.6098325546309233
163,rho0.50_coupled,25,0.5,1.8543125520307893,1.3695595362281752,,,3.2238720882589647
164,rho0.50_coupled,25,0.5,1.2395073695848218,1.07096542329475,,,2.3104727928795716
165,rho0.50_coupled,25,0.5,1.25133225533768,1.5655100146267897,,,2.8168422699644697
166,rho0.50_coupled,25,0.5,1.543968206505672,1.2844616838200882,,,2.82842989032576
167,rho0.50_coupled,25,0.5,1.507752470236623,1.1350675003269628,,,2.6428199705635858
168,rho0.50_coupled,25,0.5,1.5602764877639874,1.4413780865200128,,,3.001654574284
169,rho0.50_coupled,25,0.5,1.448792311816673,1.1268501246159623,,,2.575642436432635
170,rho0.50_coupled,25,0.5,1.845091726839225,1.7052135019460457,,,3.5503052287852706
171,rho0.50_coupled,25,0.5,1.7387687788392505,1.6978030651847904,,,3.4365718440240407
172,rho0.50_coupled,25,0.5,1.6887411664991823,1.0748525010700103,,,2.7635936675691926
173,rho0.50_coupled,25,0.5,1.6377625468404913,1.0173457077549406,,,2.655108254595432
174,rho0.50_coupled,25,0.5,1.844075666478354,1.4598525558220032,,,3.303928222300357
175,rho0.50_coupled,25,0.5,1.4861566615628148,1.4712558260835142,,,2.9574124876463292
176,rho0.50_coupled,25,0.5,0.9866621665209527,1.2278794840369673,,,2.21454165055792
177,rho0.50_coupled,25,0.5,1.3515066839074399,1.1688230671714317,,,2.5203297510788714
178,rho0.50_coupled,25,0.5,1.6555556563873126,1.2866077031634602,,,2.942163359550773
179,rho0.50_coupled,25,0.5,1.4768495605037675,1.7528952600745389,,,3.2297448205783064
180,rho0.50_coupled,25,0.5,1.5148800904225819,1.3038899618581248,,,2.8187700522807067
181,rho0.50_coupled,25,0.5,1.4096671740420266,1.2413170543420142,,,2.650984228384041
182,rho0.50_coupled,25,0.5,1.1135322509146117,0.9762898107933358,,,2.0898220617079475
183,rho0.50_coupled,25,0.5,1.2624012921266003,1.1179417460139127,,,2.380343038140513
184,rho0.50_coupled,25,0.5,1.4416362055615406,0.9846347299726695,,,2.4262709355342102
185,rho0.50_coupled,25,0.5,1.8739678106732083,1.4767107968372188,,,3.350678607510427
186,rho0.50_coupled,25,0.5,1.5607808782200814,1.3677470380943495,,,2.928527916314431
187,rho0.50_coupled,25,0.5,1.7733522508480626,1.6702411946185944,,,3.4435934454666572
188,rho0.50_coupled,25,0.5,1.656994761422531,1.1313735179255329,,,2.788368279348064
189,rho0.50_coupled,25,0.5,1.8816140754136572,1.704594340919642,,,3.5862084163332995
190,rho0.50_coupled,25,0.5,1.2742447429937473,1.311019534428443,,,2.5852642774221906
191,rho0.50_coupled,25,0.5,1.9130525539690852,1.5975346202418983,,,3.5105871742109835
192,rho0.50_coupled,25,0.5,1.2490315020226819,0.8666245022372405,,,2.1156560042599226
193,rho0.50_coupled,25,0.5,1.2885584705924762,1.1844291422303372,,,2.4729876128228137
194,rho0.50_coupled,25,0.5,1.8534359897394617,1.4877728016253395,,,3.341208791364801
195,rho0.50_coupled,25,0.5,1.4989554890195418,1.196412665483301,,,2.6953681545028427
196,rho0.50_coupled,25,0.5,2.0832720962355813,1.353280880574061,,,3.4365529768096423
197,rho0.50_coupled,25,0.5,1.5046695533652787,1.0770824792083327,,,2.581752032573611
198,rho0.50_coupled,25,0.5,1.5256260965144681,1.5761828835049196,,,3.1018089800193875
199,rho0.50_coupled,25,0.5,1.4854921751862191,1.05168580874846,,,2.5371779839346793
200,rho0.50_coupled,25,0.5,1.2137608965131523,1.419490236863587,,,2.6332511333767394
201,rho0.50_coupled,25,0.5,1.956613190425563,1.4863008754249247,,,3.4429140658504878
202,rho0.50_coupled,25,0.5,1.6553110633340176,1.2692644126638033,,,2.9245754759978206
203,rho0.50_coupled,25,0.5,1.1562324573704634,1.2910621499064296,,,2.447294607276893
204,rho0.50_coupled,25,0.5,1.3445546395520696,1.4205959781229152,,,2.7651506176749847
205,rho0.50_coupled,25,0.5,1.6573952791145388,1.364901366109781,,,3.02229664522432
206,rho0.50_coupled,25,0.5,1.823797558245034,1.3342338512857275,,,3.1580314095307616
207,rho0.50_coupled,25,0.5,1.69945270057714,1.2199665055722955,,,2.9194192061494357
208,rho0.50_coupled,25,0.5,1.9407817738524729,1.3561493913917997,,,3.2969311652442723
209,rho0.50_coupled,25,0.5,1.1648798831285982,1.161177328940881,,,2.3260572120694794
210,rho0.50_coupled,25,0.5,1.3072996467556273,1.001180705355036,,,2.308480352110663
211,rho0.50_coupled,25,0.5,1.6358284817686588,1.6644681706834,,,3.300296652452059
212,rho0.50_coupled,25,0.5,1.7918975024626727,1.3495836953088403,,,3.1414811977715127
213,rho0.50_coupled,25,0.5,1.912817958867536,1.6642597146585998,,,3.577077673526136
214,rho0.50_coupled,25,0.5,1.2224934572355628,1.2562139740003364,,,2.4787074312358994
215,rho0.50_coupled,25,0.5,1.4426931661352265,1.5648458190494399,,,3.0075389851846666
216,rho0.50_coupled,25,0.5,1.378861820678118,1.0451163652959585,,,2.4239781859740765
217,rho0.50_coupled,25,0.5,1.5093262846543904,1.3102945559751673,,,2.8196208406295575
218,rho0.50_coupled,25,0.5,1.3253038883136785,1.2564470832059746,,,2.581750971519653
219,rho0.50_coupled,25,0.5,1.5377721063794103,1.3933850198926556,,,2.931157126272066
220,rho0.50_coupled,25,0.5,1.730201628267202,1.1206550417163876,,,2.8508566699835898
221,rho0.50_coupled,25,0.5,1.2470071884699787,1.3479947721935328,,,2.5950019606635113
222,rho0.50_coupled,25,0.5,1.4926326109999515,1.408915672876851,,,2.9015482838768025
223,rho0.50_coupled,25,0.5,1.0060338099059454,1.071115911671717,,,2.0771497215776624
224,rho0.50_coupled,25,0.5,1.2924386885555614,1.3954413779418349,,,2.6878800664973963
225,rho0.50_coupled,25,0.5,1.1362972075627218,0.6875524284467869,,,1.8238496360095087
226,rho0.50_coupled,25,0.5,1.7430661570695227,1.5984675952857088,,,3.3415337523552315
227,rho0.50_coupled,25,0.5,1.5458053189372123,1.5389047666807822,,,3.0847100856179948
228,rho0.50_coupled,25,0.5,0.6213509856369884,1.1981256666863223,,,1.8194766523233108
229,rho0.50_coupled,25,0.5,1.6880409514600625,1.349115732721989,,,3.0371566841820514
230,rho0.50_coupled,25,0.5,1.7579177616890265,1.3395518032425553,,,3.0974695649315818
231,rho0.50_coupled,25,0.5,1.8926382735349843,1.3130422216632769,,,3.205680495198261
232,rho0.50_coupled,25,0.5,1.909070892371334,1.2745343772993516,,,3.183605269670686
233,rho0.50_coupled,25,0.5,1.7633158183367565,1.3910557405366812,,,3.1543715588734376
234,rho0.50_coupled,25,0.5,1.611569230086612,1.0258189495036225,,,2.6373881795902347
235,rho0.50_coupled,25,0.5,1.2611142630187948,1.0828428403689836,,,2.3439571033877784
236,rho0.50_coupled,25,0.5,2.2503155154803487,1.529642965145601,,,3.7799584806259494
237,rho0.50_coupled,25,0.5,1.4381798385524447,1.5105789078777612,,,2.948758746430206
238,rho0.50_coupled,25,0.5,1.7031071749695506,1.2692994520265204,,,2.972406626996071
239,rho0.50_coupled,25,0.5,0.9678525415517593,1.0046383843293456,,,1.9724909258811048
240,rho0.50_coupled,25,0.5,1.6480412332333578,1.612551770411361,,,3.260593003644719
241,rho0.50_coupled,25,0.5,1.520447635810854,1.1491009002459844,,,2.6695485360568387
242,rho0.50_coupled,25,0.5,1.8526343142891524,1.5315493158637667,,,3.3841836301529193
243,rho0.50_coupled,25,0.5,1.2803735542853847,0.9660324066255066,,,2.2464059609108915
244,rho0.50_coupled,25,0.5,1.6957050343499267,1.7420082607991831,,,3.43771329514911
245,rho0.50_coupled,25,0.5,1.3802869753440155,1.295614302793414,,,2.675901278137429
246,rho0.50_coupled,25,0.5,1.1776186489187388,1.2966693864018912,,,2.47428803532063
247,rho0.50_coupled,25,0.5,1.7644962540062095,1.347367108066398,,,3.1118633620726075
248,rho0.50_coupled,25,0.5,2.1525625515516387,1.578733631169283,,,3.7312961827209215
249,rho0.50_coupled,25,0.5,1.5389087675317425,1.3054380115670776,,,2.84434677909882
250,rho0.50_coupled,25,0.5,1.4868090977020136,1.5484370169137676,,,3.035246114615781
251,rho0.50_coupled,25,0.5,1.8235758181791217,1.533232019580887,,,3.356807837760009
252,rho0.50_coupled,25,0.5,1.5275607973996812,1.3759769528772907,,,2.903537750276972
253,rho0.50_coupled,25,0.5,1.6182044849798685,1.4075419051349927,,,3.025746390114861
254,rho0.50_coupled,25,0.5,1.2397015627576702,1.2315255345576526,,,2.4712270973153228
255,rho0.50_coupled,25,0.5,1.6211513570819973,1.182713182004119,,,2.803864539086116
256,rho0.50_coupled,25,0.5,1.478677929084664,1.3945458829150592,,,2.873223811999723
257,rho0.50_coupled,25,0.5,1.534995478933257,1.52277926677655,,,3.057774745709807
258,rho0.50_coupled,25,0.5,1.3395235487737482,1.1398608099109935,,,2.479384358684742
259,rho0.50_coupled,25,0.5,1.3982553433565694,1.026012654156379,,,2.424267997512948
260,rho0.50_coupled,25,0.5,1.406907040757225,1.1009360808926014,,,2.5078431216498265
261,rho0.50_coupled,25,0.5,1.124300856669963,1.0038098981602734,,,2.1281107548302365
262,rho0.50_coupled,25,0.5,1.5249254685917084,1.0701557198946763,,,2.5950811884863847
263,rho0.50_coupled,25,0.5,1.824177777768928,1.484073446112531,,,3.308251223881459
264,rho0.50_coupled,25,0.5,1.6387238847171879,1.7388105196072485,,,3.3775344043244364
265,rho0.50_coupled,25,0.5,1.9526215356396643,1.4508553356238703,,,3.4034768712635346
266,rho0.50_coupled,25,0.5,1.6049896608884522,1.8311301932523985,,,3.4361198541408506
267,rho0.50_coupled,25,0.5,1.5391091926728797,1.4570015434202261,,,2.996110736093106
268,rho0.50_coupled,25,0.5,1.3366569395921033,1.5196172137123136,,,2.856274153304417
269,rho0.50_coupled,25,0.5,1.499620902372277,1.1534454312797775,,,2.6530663336520544
270,rho0.50_coupled,25,0.5,1.0447378738858781,1.0552707655973064,,,2.1000086394831845
271,rho0.50_coupled,25,0.5,1.7383827733213033,1.2972565602303987,,,3.035639333551702
272,rho0.50_coupled,25,0.5,1.7381914925691193,1.3639313850508208,,,3.10212287761994
273,rho0.50_coupled,25,0.5,1.4293787996174354,1.5717215061067762,,,3.0011003057242114
274,rho0.50_coupled,25,0.5,1.0900678399881318,1.511863174966353,,,2.6019310149544848
275,rho0.50_coupled,25,0.5,1.4482806675054465,1.7353708156515308,,,3.1836514831569773
276,rho0.50_coupled,25,0.5,1.2502652097607296,1.3391376908674677,,,2.5894029006281976
277,rho0.50_coupled,25,0.5,1.537992229475008,1.7865295025037917,,,3.3245217319787996
278,rho0.50_coupled,25,0.5,1.8129272105430998,1.4991700770691037,,,3.3120972876122035
279,rho0.50_coupled,25,0.5,1.443406525703774,1.1537170050136059,,,2.59712353071738
280,rho0.50_coupled,25,0.5,1.2629445811889428,1.1373821527755605,,,2.400326733964503
281,rho0.50_coupled,25,0.5,1.2930539166751651,1.5533085614367466,,,2.846362478111912
282,rho0.50_coupled,25,0.5,1.5386559015270633,1.286297654657256,,,2.8249535561843193
283,rho0.50_coupled,25,0.5,1.3596244793663568,1.5382513159558218,,,2.8978757953221788
284,rho0.50_coupled,25,0.5,1.735005684678653,1.3419197776775276,,,3.0769254623561806
285,rho0.50_coupled,25,0.5,1.5111757488131423,1.3520409796028565,,,2.863216728415999
286,rho0.50_coupled,25,0.5,1.628871587941913,1.322955509413075,,,2.951827097354988
287,rho0.50_coupled,25,0.5,1.8950730671220901,1.2178196992764683,,,3.1128927663985584
288,rho0.50_coupled,25,0.5,1.3776192778488388,1.3536940301832914,,,2.73131330803213
289,rho0.50_coupled,25,0.5,1.2009389277092744,1.1826761053097843,,,2.3836150330190584
290,rho0.50_coupled,25,0.5,1.1793393356640565,1.2067553249898566,,,2.386094660653913
291,rho0.50_coupled,25,0.5,1.6083031711460745,1.364936208068251,,,2.9732393792143252
292,rho0.50_coupled,25,0.5,1.5851636933149185,1.266477178520329,,,2.8516408718352473
293,rho0.50_coupled,25,0.5,1.5639785169627471,1.2720144397105468,,,2.835992956673294
294,rho0.50_coupled,25,0.5,1.3576853103237851,1.3340702461144829,,,2.691755556438268
295,rho0.50_coupled,25,0.5,1.1547613120665066,1.0558638301176329,,,2.2106251421841394
296,rho0.50_coupled,25,0.5,2.113154121825319,1.577510204868796,,,3.690664326694115
297,rho0.50_coupled,25,0.5,1.575230904342726,1.1679830606435102,,,2.743213964986236
298,rho0.50_coupled,25,0.5,1.2042130677252114,1.2141771531419976,,,2.418390220867209
299,rho0.50_coupled,25,0.5,1.612768347535917,1.4240331525927585,,,3.0368015001286754
300,rho0.50_coupled,25,0.5,1.2697131522373821,1.368284529513576,,,2.6379976817509583
301,rho0.50_coupled,25,0.5,1.8509118517223195,1.3198212517183905,,,3.17073310344071
302,rho0.50_coupled,25,0.5,1.9457492029568053,1.0458713375990918,,,2.991620540555897
303,rho0.50_coupled,25,0.5,1.3329794208666736,1.244472748571437,,,2.5774521694381107
304,rho0.50_coupled,25,0.5,1.561857905644314,1.405367703394805,,,2.967225609039119
305,rho0.50_coupled,25,0.5,1.7742906815665482,1.1014415516925882,,,2.8757322332591366
306,rho0.50_coupled,25,0.5,1.5449660701247472,1.2600747628085769,,,2.805040832933324
307,rho0.50_coupled,25,0.5,1.3225330546874494,1.4830149694195462,,,2.8055480241069954
308,rho0.50_coupled,25,0.5,1.9842122389512338,1.9138568037056505,,,3.8980690426568843
309,rho0.50_coupled,25,0.5,1.2380465448293507,1.069968871461392,,,2.3080154162907425
310,rho0.50_coupled,25,0.5,1.4624144532234162,0.8272436059358053,,,2.2896580591592217
311,rho0.50_coupled,25,0.5,1.2953628330719977,1.4930192425521467,,,2.7883820756241446
312,rho0.50_coupled,25,0.5,1.6070044888072865,1.3990089955592184,,,3.006013484366505
313,rho0.50_coupled,25,0.5,1.6725864277044282,1.5610971945859136,,,3.233683622290342
314,rho0.50_coupled,25,0.5,1.0252558664830826,0.7577680486319999,,,1.7830239151150824
315,rho0.50_coupled,25,0.5,1.7842870393290062,1.619057171513217,,,3.4033442108422234
316,rho0.50_coupled,25,0.5,1.8597767270369048,1.0278480515329524,,,2.887624778569857
317,rho0.50_coupled,25,0.5,1.4890769878796049,1.4446958497962115,,,2.933772837675816
318,rho0.50_coupled,25,0.5,1.8348636279514021,1.8165492307702096,,,3.6514128587216117
319,rho0.50_coupled,25,0.5,1.6128762077571257,1.4621124123211982,,,3.074988620078324
320,rho0.50_coupled,25,0.5,1.4146923190139207,1.1615602795004687,,,2.5762525985143894
321,rho0.50_coupled,25,0.5,1.7740750279804258,1.0734815120176076,,,2.8475565399980334
322,rho0.50_coupled,25,0.5,1.3786347852373464,1.274544456027499,,,2.653179241264845
323,rho0.50_coupled,25,0.5,1.4577367961095338,1.073097099837613,,,2.530833895947147
324,rho0.50_coupled,25,0.5,1.0195491766481646,0.7057346095333998,,,1.7252837861815644
325,rho0.50_coupled,25,0.5,1.1042066798936467,1.036608953265064,,,2.1408156331587107
326,rho0.50_coupled,25,0.5,1.3856179407209368,1.1091109766729605,,,2.494728917393897
327,rho0.50_coupled,25,0.5,1.279147335765297,1.1741141476185617,,,2.4532614833838586
328,rho0.50_coupled,25,0.5,1.7352025636695632,1.6379010249023827,,,3.373103588571946
329,rho0.50_coupled,25,0.5,2.204841757703545,1.6382336440549548,,,3.8430754017584996
330,rho0.50_coupled,25,0.5,1.661185080375511,1.4742752687741536,,,3.135460349149665
331,rho0.50_coupled,25,0.5,2.242364475302172,1.5012430457600456,,,3.7436075210622177
332,rho0.50_coupled,25,0.5,1.4357494211223079,1.5157150219346749,,,2.9514644430569827
333,rho0.50_coupled,25,0.5,1.36868162563068,1.542956475101579,,,2.911638100732259
334,rho0.50_coupled,25,0.5,1.5164930609478804,1.9046186495550335,,,3.421111710502914
335,rho0.50_coupled,25,0.5,1.5981030024074132,1.4756883646524703,,,3.0737913670598838
336,rho0.50_coupled,25,0.5,1.900558153563733,1.3466833977241368,,,3.24724155128787
337,rho0.50_coupled,25,0.5,1.3325463452799784,1.1325110548201094,,,2.465057400100088
338,rho0.50_coupled,25,0.5,1.3886479450734321,1.3603032794774903,,,2.7489512245509227
339,rho0.50_coupled,25,0.5,1.6695003242168365,1.469461826638383,,,3.1389621508552192
340,rho0.50_coupled,25,0.5,1.6047606374039143,1.3012788574871692,,,2.9060394948910835
341,rho0.50_coupled,25,0.5,1.580675362769086,1.2195111656230166,,,2.8001865283921026
342,rho0.50_coupled,25,0.5,1.6279897385539965,1.0946449915989498,,,2.7226347301529463
343,rho0.50_coupled,25,0.5,1.5009355352124747,1.591209762691357,,,3.0921452979038317
344,rho0.50_coupled,25,0.5,1.5296302602319953,1.4275206179219337,,,2.957150878153929
345,rho0.50_coupled,25,0.5,0.7588417775435835,1.0429816571895771,,,1.8018234347331608
346,rho0.50_coupled,25,0.5,1.61639598900052,1.419736679735184,,,3.036132668735704
347,rho0.50_coupled,25,0.5,1.5928534730756692,1.0895859579989111,,,2.68243943107458
348,rho0.50_coupled,25,0.5,1.9929832585298286,1.9575170373335502,,,3.950500295863379
349,rho0.50_coupled,25,0.5,1.7399923296242095,1.0265110299654436,,,2.7665033595896533
350,rho0.50_coupled,25,0.5,1.5714367014161779,1.0486250337211633,,,2.620061735137341
351,rho0.50_coupled,25,0.5,1.5671405067655688,1.1225180061882543,,,2.689658512953823
352,rho0.50_coupled,25,0.5,1.3982679888841272,1.1646251340678215,,,2.562893122951949
353,rho0.50_coupled,25,0.5,1.355356647661181,1.2442652786012443,,,2.599621926262425
354,rho0.50_coupled,25,0.5,1.2444521981624685,1.4044868370718906,,,2.648939035234359
355,rho0.50_coupled,25,0.5,1.3075060247964583,0.820037641770299,,,2.1275436665667575
356,rho0.50_coupled,25,0.5,1.5123550759705742,1.5317411219993071,,,3.044096197969881
357,rho0.50_coupled,25,0.5,1.338924447597862,1.5206627921533205,,,2.859587239751183
358,rho0.50_coupled,25,0.5,1.7717585056990524,1.2780932532991367,,,3.049851758998189
359,rho0.50_coupled,25,0.5,2.102772001337616,1.638866814960331,,,3.741638816297947
360,rho0.50_coupled,25,0.5,1.0286347586868652,1.0405318076536265,,,2.069166566340492
361,rho0.50_coupled,25,0.5,1.4320088101303792,0.8861785808053992,,,2.3181873909357784
362,rho0.50_coupled,25,0.5,1.0014675289173858,0.8939575333831442,,,1.89542506230053
363,rho0.50_coupled,25,0.5,1.222388226165996,1.2422728761173307,,,2.4646611022833267
364,rho0.50_coupled,25,0.5,1.7035621869251307,1.7110093789828027,,,3.4145715659079334
365,rho0.50_coupled,25,0.5,1.655141580074868,1.5982651409373423,,,3.25340672101221
366,rho0.50_coupled,25,0.5,0.8933179760781375,1.0246294946106476,,,1.9179474706887851
367,rho0.50_coupled,25,0.5,1.7555228214943184,1.5588394714747291,,,3.3143622929690473
368,rho0.50_coupled,25,0.5,1.6120270379966464,1.2407423834443845,,,2.852769421441031
369,rho0.50_coupled,25,0.5,1.7695882702381112,1.4839428654608688,,,3.25353113569898
370,rho0.50_coupled,25,0.5,1.6465146458377893,1.3910158344402526,,,3.0375304802780416
371,rho0.50_coupled,25,0.5,1.8650834779416121,1.255377928076884,,,3.120461406018496
372,rho0.50_coupled,25,0.5,1.3671710384949523,1.566949194072125,,,2.934120232567077
373,rho0.50_coupled,25,0.5,1.7297448920951777,1.7479825070443376,,,3.477727399139515
374,rho0.50_coupled,25,0.5,1.887073499675235,1.2227069594879043,,,3.1097804591631393
375,rho0.50_coupled,25,0.5,1.9046280936805768,1.5893889992146513,,,3.494017092895228
376,rho0.50_coupled,25,0.5,1.5114192914531348,1.3979973830109849,,,2.9094166744641194
377,rho0.50_coupled,25,0.5,1.5002260796417202,1.244256328948339,,,2.744482408590059
378,rho0.50_coupled,25,0.5,1.3111521350084407,0.9249657955240222,,,2.2361179305324628
379,rho0.50_coupled,25,0.5,1.3943207187580753,1.4198153029194847,,,2.8141360216775597
380,rho0.50_coupled,25,0.5,1.4560857671712297,1.231146967764348,,,2.687232734935578
381,rho0.50_coupled,25,0.5,1.3890219602134501,1.0563380548140051,,,2.4453600150274553
382,rho0.50_coupled,25,0.5,1.559584562272788,1.240878538721505,,,2.800463100994293
383,rho0.50_coupled,25,0.5,1.4796491448274152,1.4975597496738262,,,2.977208894501241
384,rho0.50_coupled,25,0.5,1.2557993956188862,1.3882261460379575,,,2.644025541656844
385,rho0.50_coupled,25,0.5,1.6768486438516876,1.2984657975742206,,,2.9753144414259083
386,rho0.50_coupled,25,0.5,1.6139093809901541,1.3898382412671988,,,3.003747622257353
387,rho0.50_coupled,25,0.5,1.6826184259627783,1.4483876198074133,,,3.1310060457701914
388,rho0.50_coupled,25,0.5,1.6083367770958679,1.4518551528284223,,,3.06019192992429
389,rho0.50_coupled,25,0.5,1.1810324023906185,1.1059913369509926,,,2.287023739341611
390,rho0.50_coupled,25,0.5,1.814241515920371,1.269514314032597,,,3.083755829952968
391,rho0.50_coupled,25,0.5,1.916087019275135,1.4831794601542785,,,3.3992664794294134
392,rho0.50_coupled,25,0.5,1.4893044319879711,1.4103328385692344,,,2.8996372705572053
393,rho0.50_coupled,25,0.5,1.7854125725239625,1.428172834833078,,,3.2135854073570407
394,rho0.50_coupled,25,0.5,2.0006568089052656,1.5070279072501176,,,3.5076847161553832
395,rho0.50_coupled,25,0.5,1.8131980831481833,1.323481819795709,,,3.136679902943892
396,rho0.50_coupled,25,0.5,1.458881852018604,1.0131963853555848,,,2.4720782373741885
397,rho0.50_coupled,25,0.5,0.9639715773184131,1.040738461843591,,,2.004710039162004
398,rho0.50_coupled,25,0.5,0.9348034358920796,0.9901325677328827,,,1.9249360036249623
399,rho0.50_coupled,25,0.5,1.5164061254334193,1.551092916972132,,,3.0674990424055513
400,rho0.50_coupled,25,0.5,1.8184352443686944,1.4798195736211128,,,3.2982548179898075
401,rho0.50_coupled,25,0.5,1.6806417481222535,1.2944709167978257,,,2.975112664920079
402,rho0.50_coupled,25,0.5,2.197375785486099,1.426948498726429,,,3.624324284212528
403,rho0.50_coupled,25,0.5,1.710356433699875,1.3458633185511863,,,3.056219752251061
404,rho0.50_coupled,25,0.5,1.9274843218040463,1.284590289484199,,,3.2120746112882452
405,rho0.50_coupled,25,0.5,1.4878587960492178,0.9796982341031943,,,2.4675570301524123
406,rho0.50_coupled,25,0.5,1.696325126272229,1.2400543729631184,,,2.9363794992353474
407,rho0.50_coupled,25,0.5,1.5163883122388948,1.2784553289467275,,,2.794843641185622
408,rho0.50_coupled,25,0.5,1.5028688309320433,1.2512817704003887,,,2.754150601332432
409,rho0.50_coupled,25,0.5,1.4354252036014419,1.4484157584374227,,,2.8838409620388648
410,rho0.50_coupled,25,0.5,1.7921646621523988,1.6313175365330208,,,3.4234821986854196
411,rho0.50_coupled,25,0.5,1.2925425736608618,1.2864446833876784,,,2.5789872570485404
412,rho0.50_coupled,25,0.5,1.5465645013909086,1.3621886768295612,,,2.90875317822047
413,rho0.50_coupled,25,0.5,2.116128126400147,1.8117763176720163,,,3.9279044440721633
414,rho0.50_coupled,25,0.5,1.068877060357891,0.6294399310774524,,,1.6983169914353433
415,rho0.50_coupled,25,0.5,1.7860904003085774,1.57740241170336,,,3.3634928120119376
416,rho0.50_coupled,25,0.5,1.521658584489913,1.4285271563413322,,,2.9501857408312455
417,rho0.50_coupled,25,0.5,1.386180325694002,1.638912611795427,,,3.025092937489429
418,rho0.50_coupled,25,0.5,1.1520169759024117,1.2294735986220593,,,2.381490574524471
419,rho0.50_coupled,25,0.5,1.416825372348372,1.3876819522012633,,,2.8045073245496352
420,rho0.50_coupled,25,0.5,1.6450068751362092,1.4134906262399978,,,3.0584975013762072
421,rho0.50_coupled,25,0.5,1.6837854265458527,1.725569874292659,,,3.409355300838512
422,rho0.50_coupled,25,0.5,1.6645906598927156,1.2331259372376937,,,2.897716597130409
423,rho0.50_coupled,25,0.5,1.797113912839027,1.4649560315467012,,,3.262069944385728
424,rho0.50_coupled,25,0.5,1.352158418609702,1.5771779862657207,,,2.9293364048754227
425,rho0.50_coupled,25,0.5,1.3699318273902443,1.2708214634206552,,,2.6407532908108995
426,rho0.50_coupled,25,0.5,1.5941010095086845,1.5843512916295397,,,3.178452301138224
427,rho0.50_coupled,25,0.5,1.5480769234365883,1.2799872026907808,,,2.8280641261273693
428,rho0.50_coupled,25,0.5,1.5016696046377012,0.8123941366901726,,,2.3140637413278737
429,rho0.50_coupled,25,0.5,2.0412464829983814,1.5511992756884314,,,3.5924457586868126
430,rho0.50_coupled,25,0.5,1.6198171066035827,1.3944343853631604,,,3.014251491966743
431,rho0.50_coupled,25,0.5,1.0385666340311257,1.2276968697394595,,,2.266263503770585
432,rho0.50_coupled,25,0.5,1.775965720369767,1.6983382627481676,,,3.4743039831179345
433,rho0.50_coupled,25,0.5,1.8415336602745696,1.2529094772521978,,,3.0944431375267674
434,rho0.50_coupled,25,0.5,1.0034396247753539,1.2301131950081527,,,2.2335528197835064
435,rho0.50_coupled,25,0.5,1.1774733267417419,1.0776542914447864,,,2.2551276181865285
436,rho0.50_coupled,25,0.5,1.5536781058633748,1.3271086278691464,,,2.8807867337325215
437,rho0.50_coupled,25,0.5,1.7894709245450084,1.566021024283902,,,3.3554919488289103
438,rho0.50_coupled,25,0.5,1.5368550714834304,1.5964279760364977,,,3.133283047519928
439,rho0.50_coupled,25,0.5,1.370270562078496,0.8910602898518692,,,2.2613308519303654
440,rho0.50_coupled,25,0.5,1.7153983999143214,1.670690313453517,,,3.3860887133678386
441,rho0.50_coupled,25,0.5,1.8014706715575006,1.5568760508320438,,,3.3583467223895447
442,rho0.50_coupled,25,0.5,1.5400288717542694,1.3467760130534066,,,2.8868048848076757
443,rho0.50_coupled,25,0.5,1.3866217202398143,1.0866891189086265,,,2.473310839148441
444,rho0.50_coupled,25,0.5,1.336328964179252,1.3133736040247757,,,2.6497025682040274
445,rho0.50_coupled,25,0.5,1.4172038960911846,1.0979183511808828,,,2.5151222472720676
446,rho0.50_coupled,25,0.5,1.2724842179674076,1.1988267597490818,,,2.4713109777164894
447,rho0.50_coupled,25,0.5,1.5084331720289617,0.7881620326880987,,,2.29659520471706
448,rho0.50_coupled,25,0.5,1.3322384420097118,1.4673598805525088,,,2.7995983225622205
449,rho0.50_coupled,25,0.5,2.243885010758329,1.6539203385725474,,,3.897805349330876
450,rho0.50_coupled,25,0.5,1.678292755078968,1.1342696490808375,,,2.8125624041598054
451,rho0.50_coupled,25,0.5,1.6165967301320396,1.4369944975436877,,,3.053591227675727
452,rho0.50_coupled,25,0.5,1.5345586870040098,0.942055793764826,,,2.476614480768836
453,rho0.50_coupled,25,0.5,1.6015891754970673,1.2650283579557868,,,2.866617533452854
454,rho0.50_coupled,25,0.5,1.317005886139924,1.5027813378144057,,,2.8197872239543296
455,rho0.50_coupled,25,0.5,1.760948496352853,1.511881939779724,,,3.272830436132577
456,rho0.50_coupled,25,0.5,1.367952050775182,1.3183519303099969,,,2.686303981085179
457,rho0.50_coupled,25,0.5,1.054376052096556,1.3913643291115747,,,2.4457403812081306
458,rho0.50_coupled,25,0.5,1.4721209354278482,1.2912980542228871,,,2.7634189896507353
459,rho0.50_coupled,25,0.5,1.7076149778154353,1.306701611141824,,,3.014316588957259
460,rho0.50_coupled,25,0.5,2.0833892042728466,2.0627727490875154,,,4.146161953360362
461,rho0.50_coupled,25,0.5,1.4822117455841537,1.6699903512210583,,,3.152202096805212
462,rho0.50_coupled,25,0.5,1.183676674603313,1.248498082112772,,,2.432174756716085
463,rho0.50_coupled,25,0.5,1.394938682298286,1.0430305071923687,,,2.437969189490655
464,rho0.50_coupled,25,0.5,1.2558843733542249,0.9502541073820723,,,2.206138480736297
465,rho0.50_coupled,25,0.5,1.6760653273694315,1.2814202859533337,,,2.957485613322765
466,rho0.50_coupled,25,0.5,2.0340790496022185,1.6147747772222598,,,3.648853826824478
467,rho0.50_coupled,25,0.5,1.6807488807723956,1.4156846932825595,,,3.096433574054955
468,rho0.50_coupled,25,0.5,1.4758760890534,1.3043194113151977,,,2.7801955003685976
469,rho0.50_coupled,25,0.5,1.7985673722017967,1.4435921875787643,,,3.242159559780561
470,rho0.50_coupled,25,0.5,1.9177962014975825,1.6166518074602336,,,3.534448008957816
471,rho0.50_coupled,25,0.5,2.120389766839339,1.207397068397169,,,3.327786835236508
472,rho0.50_coupled,25,0.5,1.8555012102214148,1.790318841888969,,,3.645820052110384
473,rho0.50_coupled,25,0.5,1.7013168465454829,1.745927816375077,,,3.4472446629205598
474,rho0.50_coupled,25,0.5,1.1330188509526227,1.125514486258738,,,2.258533337211361
475,rho0.50_coupled,25,0.5,1.4983992515806888,0.9547612293764238,,,2.453160480957113
476,rho0.50_coupled,25,0.5,1.2682933251593675,1.528964767465289,,,2.7972580926246566
477,rho0.50_coupled,25,0.5,1.538841036679095,1.426315239706354,,,2.965156276385449
478,rho0.50_coupled,25,0.5,1.603673700412101,1.5570709123659983,,,3.1607446127780996
479,rho0.50_coupled,25,0.5,1.7427315292287588,1.6198508356550398,,,3.3625823648837985
480,rho0.50_coupled,25,0.5,1.7722774212376564,1.0771003903956775,,,2.849377811633334
481,rho0.50_coupled,25,0.5,2.002862277570401,1.1733027687415174,,,3.176165046311918
482,rho0.50_coupled,25,0.5,1.3087056288575607,0.9792292965557421,,,2.287934925413303
483,rho0.50_coupled,25,0.5,1.9218075812719562,1.68073055732187,,,3.602538138593826
484,rho0.50_coupled,25,0.5,1.00204449520708,1.2144635232429337,,,2.2165080184500137
485,rho0.50_coupled,25,0.5,2.34323402308965,1.7884390269047323,,,4.131673049994382
486,rho0.50_coupled,25,0.5,1.6188862856429613,1.440059062397403,,,3.058945348040364
487,rho0.50_coupled,25,0.5,1.361782789592327,1.6104148487850747,,,2.9721976383774016
488,rho0.50_coupled,25,0.5,0.8963111109491855,1.3587205037536803,,,2.2550316147028657
489,rho0.50_coupled,25,0.5,1.4353204374815367,1.2626607215010477,,,2.6979811589825844
490,rho0.50_coupled,25,0.5,1.2154594092752247,1.140179264031054,,,2.3556386733062786
491,rho0.50_coupled,25,0.5,1.6923385893972853,1.3691581270766822,,,3.0614967164739673
492,rho0.50_coupled,25,0.5,1.8663876810295896,1.3671066797299987,,,3.2334943607595883
493,rho0.50_coupled,25,0.5,1.4806634093648077,1.3345791890750351,,,2.815242598439843
494,rho0.50_coupled,25,0.5,1.5851513683738685,1.3007621551077186,,,2.8859135234815874
495,rho0.50_coupled,25,0.5,1.7533093820144348,1.5161353475597827,,,3.2694447295742175
496,rho0.50_coupled,25,0.5,1.3923688459709282,1.4254206093044404,,,2.817789455275369
497,rho0.50_coupled,25,0.5,1.1113048805651742,1.4125307937179763,,,2.5238356742831503
498,rho0.50_coupled,25,0.5,1.8778046363139358,1.4435791303104584,,,3.321383766624394
499,rho0.50_coupled,25,0.5,1.9098690021957274,1.5572882099958498,,,3.4671572121915775
500,rho0.50_coupled,25,0.5,1.5975425915416699,1.4719606413781248,,,3.0695032329197947
501,rho0.50_coupled,25,0.5,2.2393274689853806,1.5103912889493556,,,3.749718757934736
502,rho0.50_coupled,25,0.5,1.569238250221807,1.3389610604876123,,,2.9081993107094193
503,rho0.50_coupled,25,0.5,1.0635118718879073,0.8280809167344846,,,1.891592788622392
504,rho0.50_coupled,25,0.5,1.2791230039895432,1.3109915887269452,,,2.590114592716488
505,rho0.50_coupled,25,0.5,1.6042102322520524,1.4440086385210331,,,3.0482188707730855
506,rho0.50_coupled,25,0.5,1.5526923853070334,1.5677559776740826,,,3.120448362981116
507,rho0.50_coupled,25,0.5,1.7348047906228508,1.3067965801074104,,,3.041601370730261
508,rho0.50_coupled,25,0.5,1.7323360317191978,1.210789187904809,,,2.9431252196240067
509,rho0.50_coupled,25,0.5,2.2302602631132356,1.991046551204306,,,4.221306814317542
510,rho0.50_coupled,25,0.5,1.9486917108677746,1.795509065292041,,,3.7442007761598157
511,rho0.50_coupled,25,0.5,1.426352648044994,1.656348575713825,,,3.0827012237588187
512,rho0.50_coupled,25,0.5,1.3019558718951467,0.8961489481376489,,,2.1981048200327957
513,rho0.50_coupled,25,0.5,0.9280499569896865,1.1093050123366144,,,2.0373549693263007
514,rho0.50_coupled,25,0.5,1.8763021613833628,1.5655365624735005,,,3.441838723856863
515,rho0.50_coupled,25,0.5,1.5773227529177132,1.6110913570872778,,,3.1884141100049908
516,rho0.50_coupled,25,0.5,1.4856608792209594,1.3478989857681023,,,2.833559864989062
517,rho0.50_coupled,25,0.5,1.4501181916478523,0.8316977900580795,,,2.2818159817059316
518,rho0.50_coupled,25,0.5,1.7509290075094655,1.303245444117278,,,3.0541744516267437
519,rho0.50_coupled,25,0.5,1.171385042020792,1.2646553937121854,,,2.4360404357329775
520,rho0.50_coupled,25,0.5,1.704940374684154,1.4953324300358686,,,3.2002728047200226
521,rho0.50_coupled,25,0.5,0.989684355963194,1.658521349294522,,,2.648205705257716
522,rho0.50_coupled,25,0.5,1.574047442343787,1.506345260630855,,,3.080392702974642
523,rho0.50_coupled,25,0.5,1.712705351037427,1.6930814762166342,,,3.4057868272540612
524,rho0.50_coupled,25,0.5,1.2689828935949254,1.1369146266330687,,,2.4058975202279944
525,rho0.50_coupled,25,0.5,1.7547792040316885,1.3940660380135241,,,3.148845242045213
526,rho0.50_coupled,25,0.5,1.5689020614879459,1.3060707495284847,,,2.8749728110164305
527,rho0.50_coupled,25,0.5,1.2419038124333157,1.4731947099074245,,,2.7150985223407402
528,rho0.50_coupled,25,0.5,1.909651404706079,1.4676921660466067,,,3.3773435707526858
529,rho0.50_coupled,25,0.5,1.5992726133994402,1.2278205402621918,,,2.827093153661632
530,rho0.50_coupled,25,0.5,1.5770212903654128,1.1818465368208164,,,2.7588678271862292
531,rho0.50_coupled,25,0.5,1.6013255328540463,1.2338543950657064,,,2.8351799279197527
532,rho0.50_coupled,25,0.5,1.7614305725430608,1.4534990252814932,,,3.214929597824554
533,rho0.50_coupled,25,0.5,1.4861953872599933,1.2725299327500943,,,2.758725320010088
534,rho0.50_coupled,25,0.5,1.5142692993335232,1.0718644809842428,,,2.586133780317766
535,rho0.50_coupled,25,0.5,1.5121457332753898,1.3719301434712827,,,2.8840758767466728
536,rho0.50_coupled,25,0.5,1.6920488873015362,1.486861766400368,,,3.1789106537019043
537,rho0.50_coupled,25,0.5,1.6109036309172264,1.5925892367087249,,,3.2034928676259513
538,rho0.50_coupled,25,0.5,1.3633952343860025,1.350285026753031,,,2.7136802611390336
539,rho0.50_coupled,25,0.5,1.2307659321764255,1.0784736298444555,,,2.309239562020881
540,rho0.50_coupled,25,0.5,1.601707024975976,1.3639778674739356,,,2.9656848924499117
541,rho0.50_coupled,25,0.5,1.5216611541388656,1.4547532677330965,,,2.9764144218719624
542,rho0.50_coupled,25,0.5,1.4516048585723316,1.4616822308710669,,,2.9132870894433984
543,rho0.50_coupled,25,0.5,1.327710121076844,0.9879676923354687,,,2.3156778134123126
544,rho0.50_coupled,25,0.5,2.097686818244993,1.435515139283506,,,3.533201957528499
545,rho0.50_coupled,25,0.5,1.541029865846934,1.3612000080470368,,,2.9022298738939707
546,rho0.50_coupled,25,0.5,1.1565114864455786,1.358910564742802,,,2.5154220511883807
547,rho0.50_coupled,25,0.5,1.8316433581090554,1.7216002370509609,,,3.5532435951600165
548,rho0.50_coupled,25,0.5,1.6654281942221956,1.4969782678659596,,,3.162406462088155
549,rho0.50_coupled,25,0.5,1.5056759199196939,1.561699444871492,,,3.067375364791186
550,rho0.50_coupled,25,0.5,1.7031620394253142,1.5311519145782957,,,3.2343139540036097
551,rho0.50_coupled,25,0.5,1.7328336076306334,1.4301586500047516,,,3.162992257635385
552,rho0.50_coupled,25,0.5,1.6516648495705433,1.57893450204981,,,3.230599351620353
553,rho0.50_coupled,25,0.5,2.0581448020775968,1.409307323938181,,,3.467452126015778
554,rho0.50_coupled,25,0.5,1.5085413065990234,1.1875360067396181,,,2.6960773133386415
555,rho0.50_coupled,25,0.5,1.4548083343598133,1.2181504426498782,,,2.6729587770096916
556,rho0.50_coupled,25,0.5,1.3801059255424293,1.450582423396659,,,2.8306883489390886
557,rho0.50_coupled,25,0.5,1.587696712638618,1.4075381656541506,,,2.9952348782927682
558,rho0.50_coupled,25,0.5,1.8280899123087273,1.5153906816328493,,,3.3434805939415764
559,rho0.50_coupled,25,0.5,1.4051983222488371,1.5196248555811527,,,2.92482317782999
560,rho0.50_coupled,25,0.5,1.6014807618059055,1.6138318115825607,,,3.2153125733884664
561,rho0.50_coupled,25,0.5,1.6697427032551684,1.3520758827552668,,,3.0218185860104354
562,rho0.50_coupled,25,0.5,1.4038534474060178,1.2989004826300967,,,2.7027539300361143
563,rho0.50_coupled,25,0.5,1.3768771811516716,1.5219683455072426,,,2.8988455266589144
564,rho0.50_coupled,25,0.5,1.4390271875935783,1.2108351873867726,,,2.649862374980351
565,rho0.50_coupled,25,0.5,1.5800291105152933,1.404565578552944,,,2.9845946890682375
566,rho0.50_coupled,25,0.5,1.0497337930346533,1.174371698084862,,,2.2241054911195155
567,rho0.50_coupled,25,0.5,1.8176248326970135,1.323292099938138,,,3.140916932635151
568,rho0.50_coupled,25,0.5,1.2687667154837852,1.1790173775708501,,,2.4477840930546355
569,rho0.50_coupled,25,0.5,1.3629332340212763,0.9589366738460572,,,2.3218699078673337
570,rho0.50_coupled,25,0.5,1.4319484779391378,1.580439458806724,,,3.0123879367458617
571,rho0.50_coupled,25,0.5,1.4763041843650722,1.316960110115679,,,2.793264294480751
572,rho0.50_coupled,25,0.5,1.0390667934107318,1.043383665158186,,,2.0824504585689176
573,rho0.50_coupled,25,0.5,1.856821234751518,1.3470708191814196,,,3.203892053932938
574,rho0.50_coupled,25,0.5,1.476078921949427,1.246281075356946,,,2.722359997306373
575,rho0.50_coupled,25,0.5,1.2455204368603003,1.0080213426501754,,,2.253541779510476
576,rho0.50_coupled,25,0.5,1.4278217726495814,1.418656929766461,,,2.8464787024160425
577,rho0.50_coupled,25,0.5,1.8461317669211532,1.3547690700515476,,,3.200900836972701
578,rho0.50_coupled,25,0.5,1.3923551937852832,1.6613918775870569,,,3.05374707137234
579,rho0.50_coupled,25,0.5,1.1659459343499379,1.446997434225381,,,2.612943368575319
580,rho0.50_coupled,25,0.5,1.6838737535354757,1.4324974170138192,,,3.1163711705492947
581,rho0.50_coupled,25,0.5,1.3593299395897378,0.8735736546778261,,,2.232903594267564
582,rho0.50_coupled,25,0.5,1.8103583842779771,1.6918240985419228,,,3.5021824828199
583,rho0.50_coupled,25,0.5,1.6804214353446145,1.1819502431021403,,,2.8623716784467548
584,rho0.50_coupled,25,0.5,1.615369651312426,1.6847599104671878,,,3.300129561779614
585,rho0.50_coupled,25,0.5,1.5359474410004232,1.3113948003171958,,,2.847342241317619
586,rho0.50_coupled,25,0.5,1.5254424844000625,0.8787178993458781,,,2.4041603837459404
587,rho0.50_coupled,25,0.5,1.2160272494817321,1.1727654189410066,,,2.388792668422739
588,rho0.50_coupled,25,0.5,1.7779129648087102,1.3657931881872303,,,3.1437061529959403
589,rho0.50_coupled,25,0.5,0.9322437844738308,0.9404562698701268,,,1.8727000543439576
590,rho0.50_coupled,25,0.5,2.0869602377259135,1.3133154830788862,,,3.4002757208047996
591,rho0.50_coupled,25,0.5,1.3554393903062416,1.2574638813944476,,,2.6129032717006893
592,rho0.50_coupled,25,0.5,1.3493108382576788,0.8993225676803596,,,2.2486334059380386
593,rho0.50_coupled,25,0.5,1.2395159294136655,1.144574574195549,,,2.3840905036092144
594,rho0.50_coupled,25,0.5,1.1221694332041872,1.215370966794157,,,2.3375403999983444
595,rho0.50_coupled,25,0.5,1.511650942040805,1.5531299002721513,,,3.064780842312956
596,rho0.50_coupled,25,0.5,1.3693930698663306,1.3134434102014563,,,2.682836480067787
597,rho0.50_coupled,25,0.5,1.2294709738971434,1.0961728446062668,,,2.3256438185034103
598,rho0.50_coupled,25,0.5,1.5980181722232816,1.4964798675640574,,,3.094498039787339
599,rho0.50_coupled,25,0.5,1.8919138477399526,1.6078359815354142,,,3.499749829275367
600,rho0.50_coupled,25,0.5,1.337509134119678,1.4834352365794339,,,2.820944370699112
601,rho0.50_coupled,25,0.5,1.5263522336618123,1.0954857113232428,,,2.621837944985055
602,rho0.50_coupled,25,0.5,1.4240549074425553,1.5443003866104088,,,2.968355294052964
603,rho0.50_coupled,25,0.5,1.7093426701177092,1.6932928740491147,,,3.4026355441668237
604,rho0.50_coupled,25,0.5,1.9260430073156027,1.539412865924792,,,3.465455873240395
605,rho0.50_coupled,25,0.5,1.2594262201190691,1.3328384084186682,,,2.5922646285377375
606,rho0.50_coupled,25,0.5,1.274288981393607,1.517578002340333,,,2.79186698373394
607,rho0.50_coupled,25,0.5,1.5031737628003088,1.3322499278797328,,,2.8354236906800416
608,rho0.50_coupled,25,0.5,1.8297894725497355,1.6476080925260292,,,3.4773975650757647
609,rho0.50_coupled,25,0.5,1.3392613007239502,1.0149645546731554,,,2.3542258553971056
610,rho0.50_coupled,25,0.5,1.2717160534704819,1.4839085146980469,,,2.7556245681685287
611,rho0.50_coupled,25,0.5,1.3250872108241436,1.088450572909303,,,2.413537783733447
612,rho0.50_coupled,25,0.5,2.0001652693067924,1.5959387245964447,,,3.5961039939032373
613,rho0.50_coupled,25,0.5,1.4381138013858494,1.4358012778905183,,,2.873915079276368
614,rho0.50_coupled,25,0.5,2.013758910503451,1.680617355071374,,,3.6943762655748253
615,rho0.50_coupled,25,0.5,1.6546157086833213,1.4004273781814507,,,3.0550430868647718
616,rho0.50_coupled,25,0.5,1.2331825501321865,1.616034396332852,,,2.8492169464650385
617,rho0.50_coupled,25,0.5,1.089884338967125,1.4464543345243175,,,2.536338673491443
618,rho0.50_coupled,25,0.5,1.3434896822811946,1.1609002715587347,,,2.5043899538399295
619,rho0.50_coupled,25,0.5,1.432916277822952,1.3873350992529858,,,2.820251377075938
620,rho0.50_coupled,25,0.5,1.7064183914875084,1.8873118234952826,,,3.593730214982791
621,rho0.50_coupled,25,0.5,1.5140222275982498,1.0567795006088154,,,2.570801728207065
622,rho0.50_coupled,25,0.5,1.520894167744416,1.1308619098962425,,,2.6517560776406586
623,rho0.50_coupled,25,0.5,2.0669741607428116,1.5311810731660147,,,3.5981552339088263
624,rho0.50_coupled,25,0.5,1.4098644054164742,1.2069449620744002,,,2.616809367490874
625,rho0.50_coupled,25,0.5,1.3403814496155355,1.55370457561539,,,2.8940860252309255
626,rho0.50_coupled,25,0.5,1.4336117646434146,1.3693744524971714,,,2.802986217140586
627,rho0.50_coupled,25,0.5,1.8925298596232523,1.3441288623886174,,,3.2366587220118697
628,rho0.50_coupled,25,0.5,1.6054998191618934,1.591719471525622,,,3.1972192906875154
629,rho0.50_coupled,25,0.5,1.7112012092393032,1.5817531568232766,,,3.2929543660625797
630,rho0.50_coupled,25,0.5,1.3658647871794725,1.1932877024510047,,,2.559152489630477
631,rho0.50_coupled,25,0.5,1.673356730411425,0.69109186265977,,,2.364448593071195
632,rho0.50_coupled,25,0.5,1.8901659844007168,1.5878906669634887,,,3.4780566513642057
633,rho0.50_coupled,25,0.5,1.522917767938866,1.239061954542359,,,2.761979722481225
634,rho0.50_coupled,25,0.5,1.6795560562124467,0.9607804863841691,,,2.640336542596616
635,rho0.50_coupled,25,0.5,1.3284546010298002,1.4439116302513983,,,2.7723662312811985
636,rho0.50_coupled,25,0.5,1.5066122224526894,1.5479282197187354,,,3.054540442171425
637,rho0.50_coupled,25,0.5,1.7253745324799126,1.3805810252677488,,,3.105955557747661
638,rho0.50_coupled,25,0.5,1.9904613754823097,1.5383781158499863,,,3.5288394913322962
639,rho0.50_coupled,25,0.5,1.502131795323327,1.4446364215696141,,,2.9467682168929414
640,rho0.50_coupled,25,0.5,1.7094861126190097,0.9961197958947563,,,2.705605908513766
641,rho0.50_coupled,25,0.5,1.4588094992553673,1.3046466975649351,,,2.7634561968203024
642,rho0.50_coupled,25,0.5,1.1530738294658172,1.3467624929154574,,,2.4998363223812747
643,rho0.50_coupled,25,0.5,0.7608453913058967,1.1932888009092792,,,1.954134192215176
644,rho0.50_coupled,25,0.5,1.7117980625312132,1.2749686205820707,,,2.986766683113284
645,rho0.50_coupled,25,0.5,1.4353387857534714,1.2193879934383032,,,2.6547267791917744
646,rho0.50_coupled,25,0.5,1.4305101309005972,1.3576368713933153,,,2.7881470022939125
647,rho0.50_coupled,25,0.5,1.70256731271569,1.3333325904302873,,,3.0358999031459772
648,rho0.50_coupled,25,0.5,1.3617725995998422,1.2037708209834845,,,2.5655434205833267
649,rho0.50_coupled,25,0.5,1.702646141195368,1.7127081336996244,,,3.4153542748949923
650,rho0.50_coupled,25,0.5,1.808571024484055,1.5669264452614675,,,3.3754974697455227
651,rho0.50_coupled,25,0.5,2.1707665087255585,1.7056892526582887,,,3.8764557613838475
652,rho0.50_coupled,25,0.5,1.8617493580932607,1.2803418595333105,,,3.142091217626571
653,rho0.50_coupled,25,0.5,1.3585992843168229,1.186637169025817,,,2.54523645334264
654,rho0.50_coupled,25,0.5,1.3658456754026829,1.0524589062458491,,,2.418304581648532
655,rho0.50_coupled,25,0.5,1.336387432079327,1.3636566970685777,,,2.700044129147905
656,rho0.50_coupled,25,0.5,1.957677939236237,1.680048124684105,,,3.6377260639203417
657,rho0.50_coupled,25,0.5,2.2579941165018966,1.2812926260043567,,,3.5392867425062535
658,rho0.50_coupled,25,0.5,1.7879453876061708,1.5859768145497055,,,3.3739222021558763
659,rho0.50_coupled,25,0.5,0.9575675017602486,1.0269800726321239,,,1.9845475743923724
660,rho0.50_coupled,25,0.5,1.476822006265032,1.202554495122524,,,2.679376501387556
661,rho0.50_coupled,25,0.5,1.7653233691299512,1.4307574361049336,,,3.196080805234885
662,rho0.50_coupled,25,0.5,1.6343830398138173,1.468858787526468,,,3.1032418273402853
663,rho0.50_coupled,25,0.5,1.708814771513132,1.3483587765395457,,,3.0571735480526776
664,rho0.50_coupled,25,0.5,1.4930123088544913,1.115762431863293,,,2.6087747407177844
665,rho0.50_coupled,25,0.5,1.5069413062465822,1.2705110503461525,,,2.7774523565927347
666,rho0.50_coupled,25,0.5,1.506820501307512,1.3714009600501647,,,2.8782214613576764
667,rho0.50_coupled,25,0.5,1.3035347705682945,1.0831693805265643,,,2.386704151094859
668,rho0.50_coupled,25,0.5,1.969804823890051,1.7227389625400844,,,3.6925437864301354
669,rho0.50_coupled,25,0.5,1.0697095287940102,1.5411594009612228,,,2.6108689297552328
670,rho0.50_coupled,25,0.5,1.802885091920516,1.4112180666119951,,,3.2141031585325113
671,rho0.50_coupled,25,0.5,1.5472674076121056,1.5223129371995818,,,3.0695803448116874
672,rho0.50_coupled,25,0.5,1.42186725558377,1.0065009809852579,,,2.428368236569028
673,rho0.50_coupled,25,0.5,1.4722804648104906,1.1107350749365448,,,2.583015539747035
674,rho0.50_coupled,25,0.5,1.4284554932645852,1.5373431363018606,,,2.9657986295664456
675,rho0.50_coupled,25,0.5,1.029329673129936,1.031196495604108,,,2.060526168734044
676,rho0.50_coupled,25,0.5,1.6900550700683137,1.45575714597553,,,3.1458122160438435
677,rho0.50_coupled,25,0.5,1.8675831766481013,1.932299365188759,,,3.79988254183686
678,rho0.50_coupled,25,0.5,1.9330933921126863,1.586188107253502,,,3.5192814993661883
679,rho0.50_coupled,25,0.5,1.416190186730057,0.8444692514268707,,,2.2606594381569276
680,rho0.50_coupled,25,0.5,1.3430939184133555,0.9771124528919197,,,2.320206371305275
681,rho0.50_coupled,25,0.5,1.7756085763182285,1.5371473921694465,,,3.312755968487675
682,rho0.50_coupled,25,0.5,1.3327301285570874,1.1965293336608767,,,2.529259462217964
683,rho0.50_coupled,25,0.5,1.4945231411937705,1.2655049123127633,,,2.7600280535065336
684,rho0.50_coupled,25,0.5,1.015038861138821,1.3368629410468873,,,2.3519018021857083
685,rho0.50_coupled,25,0.5,1.2835252780675375,1.147563269741772,,,2.4310885478093094
686,rho0.50_coupled,25,0.5,1.7655965949933625,1.1825645006036136,,,2.9481610955969764
687,rho0.50_coupled,25,0.5,2.073078882700178,1.5199060859112323,,,3.59298496861141
688,rho0.50_coupled,25,0.5,1.5954222630918546,1.3716801253885156,,,2.9671023884803702
689,rho0.50_coupled,25,0.5,1.9923946491912055,1.881481023470374,,,3.8738756726615797
690,rho0.50_coupled,25,0.5,1.9317236728933458,1.728011620655167,,,3.659735293548513
691,rho0.50_coupled,25,0.5,1.9323166998079147,1.5899249339780235,,,3.522241633785938
692,rho0.50_coupled,25,0.5,1.2909537421965136,1.425770222737417,,,2.7167239649339305
693,rho0.50_coupled,25,0.5,1.312902245280588,1.2373408960097878,,,2.550243141290376
694,rho0.50_coupled,25,0.5,1.3238471984192257,1.1032831095769589,,,2.4271303079961846
695,rho0.50_coupled,25,0.5,1.4363109082487395,1.5922546149515533,,,3.028565523200293
696,rho0.50_coupled,25,0.5,1.3280836152992421,1.0572800626438998,,,2.385363677943142
697,rho0.50_coupled,25,0.5,1.2504039087767806,1.542362525459862,,,2.7927664342366425
698,rho0.50_coupled,25,0.5,1.635254256078798,1.2007423857631698,,,2.8359966418419678
699,rho0.50_coupled,25,0.5,1.1174430023179454,0.8055447856957545,,,1.9229877880136999
700,rho0.50_coupled,25,0.5,1.3440101539138298,1.0185755460349062,,,2.362585699948736
701,rho0.50_coupled,25,0.5,1.3217298746348187,1.2606176196122267,,,2.5823474942470455
702,rho0.50_coupled,25,0.5,1.6847840682579796,1.8159947402676109,,,3.5007788085255904
703,rho0.50_coupled,25,0.5,1.9591566331031536,1.2744235819980205,,,3.233580215101174
704,rho0.50_coupled,25,0.5,0.9285749008470984,0.8595795756669977,,,1.7881544765140962
705,rho0.50_coupled,25,0.5,1.1266826362508156,1.3235721084829848,,,2.4502547447338
706,rho0.50_coupled,25,0.5,1.4327129681568032,1.3408974369357145,,,2.7736104050925174
707,rho0.50_coupled,25,0.5,1.5137623118407113,0.9306826425768606,,,2.444444954417572
708,rho0.50_coupled,25,0.5,1.5018826760114736,1.1199667234586292,,,2.621849399470103
709,rho0.50_coupled,25,0.5,1.6367977958275168,1.378717689990388,,,3.0155154858179047
710,rho0.50_coupled,25,0.5,1.1524444704276555,1.0551960123640485,,,2.207640482791704
711,rho0.50_coupled,25,0.5,1.698467703578187,1.7448138298460787,,,3.4432815334242655
712,rho0.50_coupled,25,0.5,2.1022757037018596,1.0320569878536556,,,3.134332691555515
713,rho0.50_coupled,25,0.5,1.4333092692964142,1.0044149192935943,,,2.4377241885900087
714,rho0.50_coupled,25,0.5,1.2390040212700544,1.3324808498677567,,,2.571484871137811
715,rho0.50_coupled,25,0.5,1.5557525471089995,1.0800375486236204,,,2.63579009573262
716,rho0.50_coupled,25,0.5,1.3059979488458935,1.3339995464179646,,,2.639997495263858
717,rho0.50_coupled,25,0.5,1.5634549845809382,1.4200823022344164,,,2.9835372868153547
718,rho0.50_coupled,25,0.5,1.461437199877486,1.214498445489027,,,2.675935645366513
719,rho0.50_coupled,25,0.5,1.3593755463905093,1.001522672861589,,,2.360898219252098
720,rho0.50_coupled,25,0.5,0.9174780014523063,1.0828208491463762,,,2.0002988505986825
721,rho0.50_coupled,25,0.5,1.561579885109509,1.480820953573111,,,3.04240083868262
722,rho0.50_coupled,25,0.5,1.5564140542322817,1.224474160370654,,,2.7808882146029354
723,rho0.50_coupled,25,0.5,1.9118327452472572,1.2529281265291867,,,3.164760871776444
724,rho0.50_coupled,25,0.5,1.565377177885461,1.3791816335818003,,,2.944558811467261
725,rho0.50_coupled,25,0.5,2.25498248065404,1.4861168859687606,,,3.7410993666228007
726,rho0.50_coupled,25,0.5,1.9257976871893856,1.201754361702889,,,3.127552048892275
727,rho0.50_coupled,25,0.5,1.6137218703731588,1.381627973335231,,,2.99534984370839
728,rho0.50_coupled,25,0.5,1.4894766451730672,1.222383743068437,,,2.7118603882415044
729,rho0.50_coupled,25,0.5,1.5066033139312915,1.6281677195609219,,,3.134771033492213
730,rho0.50_coupled,25,0.5,1.536890525517542,1.445070643245967,,,2.981961168763509
731,rho0.50_coupled,25,0.5,1.794699795977307,1.073405497794756,,,2.868105293772063
732,rho0.50_coupled,25,0.5,1.4880546916012138,1.1246361754979806,,,2.6126908670991944
733,rho0.50_coupled,25,0.5,1.549890215382522,1.3528399480498514,,,2.9027301634323734
734,rho0.50_coupled,25,0.5,1.179028947864627,1.4431267661954712,,,2.6221557140600984
735,rho0.50_coupled,25,0.5,1.5650845789715249,1.2747987859810364,,,2.839883364952561
736,rho0.50_coupled,25,0.5,1.4358940394592556,1.1780836309163416,,,2.613977670375597
737,rho0.50_coupled,25,0.5,1.6523075785230716,1.0623749635557005,,,2.714682542078772
738,rho0.50_coupled,25,0.5,1.663761964186997,1.3999329813828385,,,3.0636949455698357
739,rho0.50_coupled,25,0.5,1.4616423235104463,1.223241044099437,,,2.684883367609883
740,rho0.50_coupled,25,0.5,1.604466260178874,1.4494679504930106,,,3.0539342106718843
741,rho0.50_coupled,25,0.5,1.801847648978069,1.057759856737992,,,2.859607505716061
742,rho0.50_coupled,25,0.5,1.84009634775733,1.8997671799502585,,,3.7398635277075885
743,rho0.50_coupled,25,0.5,1.2358462475335525,0.9789031643714758,,,2.2147494119050286
744,rho0.50_coupled,25,0.5,1.8816665381272841,1.478910314417729,,,3.3605768525450133
745,rho0.50_coupled,25,0.5,1.457709457492568,1.3658988139877064,,,2.8236082714802744
746,rho0.50_coupled,25,0.5,1.5273793221948386,1.4225590447150247,,,2.9499383669098633
747,rho0.50_coupled,25,0.5,1.9531900121603498,1.8352433841925098,,,3.7884333963528594
748,rho0.50_coupled,25,0.5,1.7581607628908371,1.6861702305362465,,,3.4443309934270836
749,rho0.50_coupled,25,0.5,1.60610556621777,1.7656141639635252,,,3.371719730181295
750,rho0.50_coupled,25,0.5,1.4736796286562586,1.350769006339504,,,2.8244486349957625
751,rho0.50_coupled,25,0.5,1.5538261898408832,1.6842720426700342,,,3.238098232510917
752,rho0.50_coupled,25,0.5,1.438256868149249,0.9147378747689952,,,2.352994742918244
753,rho0.50_coupled,25,0.5,1.3410977650053448,1.410680847791217,,,2.7517786127965618
754,rho0.50_coupled,25,0.5,1.2648172277275058,1.225169201836656,,,2.489986429564162
755,rho0.50_coupled,25,0.5,1.506144250118137,1.4175334151928694,,,2.9236776653110064
756,rho0.50_coupled,25,0.5,1.6781747666383542,1.74791650537619,,,3.426091272014544
757,rho0.50_coupled,25,0.5,1.2333297785331447,0.8616090120597681,,,2.094938790592913
758,rho0.50_coupled,25,0.5,1.3317367060948055,1.536503020714663,,,2.8682397268094686
759,rho0.50_coupled,25,0.5,1.3548879522439052,1.0122617014375832,,,2.3671496536814884
760,rho0.50_coupled,25,0.5,1.1374246636547842,0.8418364913555855,,,1.9792611550103696
761,rho0.50_coupled,25,0.5,1.5342886869579735,1.5535473324790015,,,3.087836019436975
762,rho0.50_coupled,25,0.5,0.8881454277086833,1.0959380112290293,,,1.9840834389377127
763,rho0.50_coupled,25,0.5,1.5381920860928793,1.5913363472971125,,,3.129528433389992
764,rho0.50_coupled,25,0.5,1.0540526265510726,0.8835482861376929,,,1.9376009126887654
765,rho0.50_coupled,25,0.5,1.480732228953174,1.2436046367325733,,,2.724336865685747
766,rho0.50_coupled,25,0.5,1.5849835894202717,1.2843060733547866,,,2.869289662775058
767,rho0.50_coupled,25,0.5,1.5030184480124067,1.154132049369752,,,2.6571504973821587
768,rho0.50_coupled,25,0.5,1.6932897812110488,1.4936361186422287,,,3.1869258998532777
769,rho0.50_coupled,25,0.5,1.3747786317795647,1.401134725995587,,,2.775913357775152
770,rho0.50_coupled,25,0.5,1.4060238995659737,1.580861207540709,,,2.9868851071066826
771,rho0.50_coupled,25,0.5,1.412796930813565,1.3276762538742743,,,2.7404731846878394
772,rho0.50_coupled,25,0.5,1.8042915354392224,1.476922553649139,,,3.2812140890883614
773,rho0.50_coupled,25,0.5,2.0239508590312814,1.3905293093101143,,,3.4144801683413957
774,rho0.50_coupled,25,0.5,1.622818091382967,1.2928625293161962,,,2.9156806206991632
775,rho0.50_coupled,25,0.5,1.0502836216473572,0.8066267619686458,,,1.856910383616003
776,rho0.50_coupled,25,0.5,1.7875114486496042,1.70806693443613,,,3.495578383085734
777,rho0.50_coupled,25,0.5,1.3694521031320306,1.4951533642056647,,,2.8646054673376953
778,rho0.50_coupled,25,0.5,1.5683220907885609,1.4288431146679157,,,2.9971652054564766
779,rho0.50_coupled,25,0.5,1.140517267348657,0.8071436653804451,,,1.9476609327291021
780,rho0.50_coupled,25,0.5,1.7612495908171524,1.2451838086352047,,,3.006433399452357
781,rho0.50_coupled,25,0.5,1.9640720969860914,1.4169347314845908,,,3.3810068284706825
782,rho0.50_coupled,25,0.5,1.5183672888817767,1.4595499886403245,,,2.977917277522101
783,rho0.50_coupled,25,0.5,1.7731899215229865,1.2009276604754013,,,2.974117581998388
784,rho0.50_coupled,25,0.5,1.7305156201216567,1.4199920100817933,,,3.15050763020345
785,rho0.50_coupled,25,0.5,1.965064978138231,1.5458454557012384,,,3.510910433839469
786,rho0.50_coupled,25,0.5,1.7026950754673538,1.2696115366389589,,,2.972306612106313
787,rho0.50_coupled,25,0.5,1.817415795336357,1.1538157322430425,,,2.9712315275793992
788,rho0.50_coupled,25,0.5,1.9916874565103264,1.6051123446776163,,,3.5967998011879425
789,rho0.50_coupled,25,0.5,1.3977945731841448,1.0990957624120166,,,2.496890335596161
790,rho0.50_coupled,25,0.5,1.6855666997561431,1.2461785076055063,,,2.9317452073616495
791,rho0.50_coupled,25,0.5,1.3277134484066662,1.6121184154710566,,,2.939831863877723
792,rho0.50_coupled,25,0.5,1.6053847082777353,1.4118935512182793,,,3.0172782594960146
793,rho0.50_coupled,25,0.5,1.7832423540856874,1.1099807904367873,,,2.8932231445224748
794,rho0.50_coupled,25,0.5,1.1457175013998544,1.2003365437591134,,,2.3460540451589678
795,rho0.50_coupled,25,0.5,1.7333811803965165,1.576489265379252,,,3.3098704457757684
796,rho0.50_coupled,25,0.5,1.8000031299858101,1.501320947108769,,,3.301324077094579
797,rho0.50_coupled,25,0.5,2.0022687463838063,1.7826309026233407,,,3.784899649007147
798,rho0.50_coupled,25,0.5,2.0347327697751445,1.6472087589935385,,,3.681941528768683
799,rho0.50_coupled,25,0.5,2.2687831892662484,1.4320081874029238,,,3.700791376669172
800,rho0.50_coupled,25,0.5,1.4146121994580279,1.6375988652152837,,,3.052211064673312
801,rho0.50_coupled,25,0.5,1.785492165116642,1.4397109420379544,,,3.2252031071545963
802,rho0.50_coupled,25,0.5,1.1982250600967186,0.8962858052048224,,,2.094510865301541
803,rho0.50_coupled,25,0.5,0.8607226685099002,1.549596648586772,,,2.4103193170966724
804,rho0.50_coupled,25,0.5,1.5689077037804267,1.1012067868174946,,,2.6701144905979213
805,rho0.50_coupled,25,0.5,1.7121138829808842,1.2650066595334954,,,2.9771205425143794
806,rho0.50_coupled,25,0.5,1.7570996095683113,1.037544101584311,,,2.7946437111526223
807,rho0.50_coupled,25,0.5,1.5436290261681083,1.1751824444399215,,,2.7188114706080295
808,rho0.50_coupled,25,0.5,1.6502136656691375,1.4641737111140376,,,3.114387376783175
809,rho0.50_coupled,25,0.5,1.5047452864737154,1.2981990424250611,,,2.8029443288987768
810,rho0.50_coupled,25,0.5,1.9714448902817818,1.5566068638565032,,,3.5280517541382848
811,rho0.50_coupled,25,0.5,1.6378508870071091,1.4935067221412424,,,3.1313576091483517
812,rho0.50_coupled,25,0.5,1.6529042173285258,1.0562130791034454,,,2.7091172964319714
813,rho0.50_coupled,25,0.5,1.8689953749020907,1.407904456166151,,,3.2768998310682416
814,rho0.50_coupled,25,0.5,1.674835319841497,1.8098479298366732,,,3.48468324967817
815,rho0.50_coupled,25,0.5,1.4331937232648542,1.215557151071051,,,2.648750874335905
816,rho0.50_coupled,25,0.5,1.5798864351896893,1.4773487813085058,,,3.057235216498195
817,rho0.50_coupled,25,0.5,1.580191090761127,1.4504508062109556,,,3.0306418969720825
818,rho0.50_coupled,25,0.5,1.6655247574991898,1.337154823508474,,,3.002679581007664
819,rho0.50_coupled,25,0.5,1.9269968895664529,1.3200672744595765,,,3.247064164026029
820,rho0.50_coupled,25,0.5,1.1817192300578898,1.0711850443412954,,,2.252904274399185
821,rho0.50_coupled,25,0.5,2.0773313775005033,1.3664393347061554,,,3.4437707122066588
822,rho0.50_coupled,25,0.5,0.6904002057668492,1.060318641869932,,,1.7507188476367812
823,rho0.50_coupled,25,0.5,1.8135309208149215,1.2188647360303433,,,3.0323956568452646
824,rho0.50_coupled,25,0.5,1.3621954999240424,0.9327629455320249,,,2.2949584454560674
825,rho0.50_coupled,25,0.5,1.427349996754013,0.8808930525092566,,,2.30824304926327
826,rho0.50_coupled,25,0.5,1.5469091016520917,1.3219856022699776,,,2.868894703922069
827,rho0.50_coupled,25,0.5,1.1132046374581321,1.0492188600711105,,,2.1624234975292427
828,rho0.50_coupled,25,0.5,1.92159453613372,1.5521956933534367,,,3.4737902294871565
829,rho0.50_coupled,25,0.5,1.7321864464680286,1.3993213818483827,,,3.131507828316411
830,rho0.50_coupled,25,0.5,1.7789989324910724,1.5363502406562792,,,3.315349173147352
831,rho0.50_coupled,25,0.5,1.7621437951409202,1.2878271389076623,,,3.0499709340485825
832,rho0.50_coupled,25,0.5,1.4722456927059349,1.0925121863962521,,,2.5647578791021868
833,rho0.50_coupled,25,0.5,1.700639230046319,1.4503700318451214,,,3.1510092618914403
834,rho0.50_coupled,25,0.5,1.6529317288926018,1.2129467450369704,,,2.8658784739295724
835,rho0.50_coupled,25,0.5,1.8876728219643177,1.4950628170498446,,,3.3827356390141623
836,rho0.50_coupled,25,0.5,1.4393707008224867,1.326198605444452,,,2.7655693062669386
837,rho0.50_coupled,25,0.5,1.6327793198233744,1.2460869989601373,,,2.878866318783512
838,rho0.50_coupled,25,0.5,1.5143999783797109,1.62405222888976,,,3.138452207269471
839,rho0.50_coupled,25,0.5,1.9976625951787315,1.6779531122970703,,,3.675615707475802
840,rho0.50_coupled,25,0.5,1.5357912738057986,0.9854613600217251,,,2.521252633827524
841,rho0.50_coupled,25,0.5,1.108692276891761,1.1026878444879353,,,2.2113801213796966
842,rho0.50_coupled,25,0.5,1.2233315238546532,1.0807838592918242,,,2.3041153831464776
843,rho0.50_coupled,25,0.5,1.559035685483778,1.7789430005911737,,,3.3379786860749516
844,rho0.50_coupled,25,0.5,1.7272009562809498,1.491133226485725,,,3.218334182766675
845,rho0.50_coupled,25,0.5,1.5922318960884507,1.3118882571023815,,,2.9041201531908323
846,rho0.50_coupled,25,0.5,1.6924976114165209,1.4883701530366855,,,3.1808677644532066
847,rho0.50_coupled,25,0.5,1.602205063229381,1.465507750225928,,,3.0677128134553087
848,rho0.50_coupled,25,0.5,1.6068455833409514,1.5069202665759946,,,3.113765849916946
849,rho0.50_coupled,25,0.5,1.7290427725689002,1.6498311720817151,,,3.378873944650615
850,rho0.50_coupled,25,0.5,2.0089967248471794,1.764202940959755,,,3.7731996658069344
851,rho0.50_coupled,25,0.5,1.9250049499216635,1.761333645298809,,,3.6863385952204726
852,rho0.50_coupled,25,0.5,1.46751408387059,1.1468074606564718,,,2.614321544527062
853,rho0.50_coupled,25,0.5,1.4624224092643954,1.5937640495747205,,,3.056186458839116
854,rho0.50_coupled,25,0.5,1.6383919674905638,1.2410324739906815,,,2.8794244414812455
855,rho0.50_coupled,25,0.5,0.9703800075540556,1.3276017040237245,,,2.29798171157778
856,rho0.50_coupled,25,0.5,1.598579432558779,1.4720650621737852,,,3.070644494732564
857,rho0.50_coupled,25,0.5,1.2146574056659243,1.2812659911002307,,,2.495923396766155
858,rho0.50_coupled,25,0.5,1.6062022755099867,0.9565625310624495,,,2.562764806572436
859,rho0.50_coupled,25,0.5,1.7782730587635238,1.325080061006315,,,3.1033531197698387
860,rho0.50_coupled,25,0.5,1.4636412028722892,1.1982376554846819,,,2.661878858356971
861,rho0.50_coupled,25,0.5,1.1064242141494134,1.2065324867207963,,,2.3129567008702097
862,rho0.50_coupled,25,0.5,1.5349778864982846,1.2797547634731938,,,2.8147326499714787
863,rho0.50_coupled,25,0.5,1.6721584627294666,1.4993296357206225,,,3.171488098450089
864,rho0.50_coupled,25,0.5,1.9942157425697498,1.6087173611399044,,,3.6029331037096544
865,rho0.50_coupled,25,0.5,1.7547428702301067,1.1958729001319062,,,2.950615770362013
866,rho0.50_coupled,25,0.5,1.665034672731519,1.4641530980486446,,,3.1291877707801636
867,rho0.50_coupled,25,0.5,1.8707220904109858,1.1499506826282198,,,3.0206727730392053
868,rho0.50_coupled,25,0.5,1.6971043842393256,1.2984884584669842,,,2.99559284270631
869,rho0.50_coupled,25,0.5,1.4083476575800695,1.0487749793246526,,,2.457122636904722
870,rho0.50_coupled,25,0.5,1.340597996160637,0.937050655667693,,,2.27764865182833
871,rho0.50_coupled,25,0.5,1.782180152346411,1.6894005366399172,,,3.471580688986328
872,rho0.50_coupled,25,0.5,1.9473591677348836,1.9824951938036022,,,3.929854361538486
873,rho0.50_coupled,25,0.5,1.7685676004663866,1.2715362082716108,,,3.0401038087379977
874,rho0.50_coupled,25,0.5,1.220453784920218,1.3472186255395755,,,2.567672410459793
875,rho0.50_coupled,25,0.5,1.2770315238993823,1.1033973377876194,,,2.380428861687002
876,rho0.50_coupled,25,0.5,1.951793369239116,1.2325299785652946,,,3.1843233478044106
877,rho0.50_coupled,25,0.5,1.382547493710979,1.1584797143684193,,,2.5410272080793983
878,rho0.50_coupled,25,0.5,1.5430435557146536,1.3361780802484848,,,2.8792216359631384
879,rho0.50_coupled,25,0.5,1.5324650870914374,1.581277063871461,,,3.1137421509628984
880,rho0.50_coupled,25,0.5,1.8235182959723621,1.3122051786179398,,,3.1357234745903018
881,rho0.50_coupled,25,0.5,1.4020948360605487,1.3353663376581075,,,2.737461173718656
882,rho0.50_coupled,25,0.5,1.2660700308961552,1.3143327221599233,,,2.5804027530560782
883,rho0.50_coupled,25,0.5,1.478255046045636,1.3276292143311361,,,2.8058842603767724
884,rho0.50_coupled,25,0.5,1.7051300607197013,1.5039570783778593,,,3.2090871390975604
885,rho0.50_coupled,25,0.5,1.6934201332118655,1.0594503454543822,,,2.7528704786662477
886,rho0.50_coupled,25,0.5,1.134343790756568,0.840157110167351,,,1.974500900923919
887,rho0.50_coupled,25,0.5,1.681700983260163,1.4135084605966508,,,3.095209443856814
888,rho0.50_coupled,25,0.5,1.8250695242530535,1.705037480394906,,,3.5301070046479595
889,rho0.50_coupled,25,0.5,1.7673972818846273,1.3320864760962021,,,3.0994837579808294
890,rho0.50_coupled,25,0.5,1.752849211105745,1.4393915800081127,,,3.192240791113858
891,rho0.50_coupled,25,0.5,1.3905034384814903,1.0978534611173485,,,2.4883568995988385
892,rho0.50_coupled,25,0.5,1.836930671079322,1.3132071563180685,,,3.1501378273973906
893,rho0.50_coupled,25,0.5,1.5447123540803571,1.2564963918307397,,,2.801208745911097
894,rho0.50_coupled,25,0.5,1.6672200956085528,1.3563616589985348,,,3.0235817546070876
895,rho0.50_coupled,25,0.5,1.7978072964717693,1.4194097021128662,,,3.2172169985846355
896,rho0.50_coupled,25,0.5,1.6641092268045932,1.4624073349539868,,,3.1265165617585797
897,rho0.50_coupled,25,0.5,1.4416370481174174,0.9762692848034035,,,2.417906332920821
898,rho0.50_coupled,25,0.5,1.5844557076873529,1.0952123194775425,,,2.6796680271648956
899,rho0.50_coupled,25,0.5,1.5493651409091769,1.3332306945101995,,,2.8825958354193766
900,rho0.50_coupled,25,0.5,1.7438975817520483,1.4106890381316486,,,3.154586619883697
901,rho0.50_coupled,25,0.5,1.2629437933676315,1.2825102823080259,,,2.545454075675657
902,rho0.50_coupled,25,0.5,1.758463989460036,1.7480222512774866,,,3.5064862407375226
903,rho0.50_coupled,25,0.5,1.972204055897832,1.2718907200245317,,,3.2440947759223637
904,rho0.50_coupled,25,0.5,1.5980850208303456,1.2451848812166735,,,2.843269902047019
905,rho0.50_coupled,25,0.5,1.8915144160859427,1.8557263929701886,,,3.747240809056131
906,rho0.50_coupled,25,0.5,1.6472716278134134,1.5380637015775185,,,3.1853353293909317
907,rho0.50_coupled,25,0.5,1.1503569642767753,0.9078948395923664,,,2.0582518038691417
908,rho0.50_coupled,25,0.5,1.4245836300304215,1.3789547741530588,,,2.80353840418348
909,rho0.50_coupled,25,0.5,1.3942016290350856,0.8492987209221907,,,2.2435003499572765
910,rho0.50_coupled,25,0.5,1.11564533436584,1.467305598931481,,,2.5829509332973206
911,rho0.50_coupled,25,0.5,1.3014133444122358,1.0623183435431613,,,2.363731687955397
912,rho0.50_coupled,25,0.5,1.5106078876099336,1.4509680819165172,,,2.961575969526451
913,rho0.50_coupled,25,0.5,2.0507919798445693,1.6404113067689066,,,3.691203286613476
914,rho0.50_coupled,25,0.5,1.4857804200504967,1.5298166595461193,,,3.015597079596616
915,rho0.50_coupled,25,0.5,1.253227597752499,1.460934748769946,,,2.714162346522445
916,rho0.50_coupled,25,0.5,1.3767077502010265,1.545800088978869,,,2.9225078391798958
917,rho0.50_coupled,25,0.5,1.7348702496587147,1.4037490021295786,,,3.1386192517882936
918,rho0.50_coupled,25,0.5,1.783472646349526,1.5016625174461138,,,3.2851351637956396
919,rho0.50_coupled,25,0.5,1.6699947894679008,1.312732569008457,,,2.9827273584763576
920,rho0.50_coupled,25,0.5,1.199789936457416,1.6448651403316723,,,2.8446550767890884
921,rho0.50_coupled,25,0.5,1.6626950916649272,1.160271056246696,,,2.8229661479116235
922,rho0.50_coupled,25,0.5,1.5819989306061413,1.2106652595746556,,,2.7926641901807967
923,rho0.50_coupled,25,0.5,1.8518867279020035,1.210366020801908,,,3.0622527487039113
924,rho0.50_coupled,25,0.5,1.6746441925640796,1.288055067392966,,,2.962699259957046
925,rho0.50_coupled,25,0.5,2.1385728812352878,1.4389150015216985,,,3.5774878827569863
926,rho0.50_coupled,25,0.5,2.2195716088336956,1.5367876001753058,,,3.7563592090090014
927,rho0.50_coupled,25,0.5,1.7273392362197661,1.440305556247376,,,3.1676447924671423
928,rho0.50_coupled,25,0.5,1.3082094202232617,1.2717242815277612,,,2.579933701751023
929,rho0.50_coupled,25,0.5,1.548530519727701,1.7713199510682958,,,3.3198504707959966
930,rho0.50_coupled,25,0.5,1.5426582551025751,1.5363527723903652,,,3.0790110274929403
931,rho0.50_coupled,25,0.5,2.088146806426923,1.7603228839060097,,,3.8484696903329327
932,rho0.50_coupled,25,0.5,1.6320787345951235,1.1091718268212356,,,2.741250561416359
933,rho0.50_coupled,25,0.5,1.8669961332349394,1.7360739497587185,,,3.603070082993658
934,rho0.50_coupled,25,0.5,1.686392757924147,0.9277540620259968,,,2.6141468199501436
935,rho0.50_coupled,25,0.5,0.956437297938517,0.8962438480414163,,,1.8526811459799333
936,rho0.50_coupled,25,0.5,1.4781405622609738,1.06831827544968,,,2.546458837710654
937,rho0.50_coupled,25,0.5,1.5629599441291104,1.4092910361826287,,,2.972250980311739
938,rho0.50_coupled,25,0.5,1.4313872167076853,0.9371389808770958,,,2.368526197584781
939,rho0.50_coupled,25,0.5,1.1283239067546582,1.258738447520925,,,2.3870623542755833
940,rho0.50_coupled,25,0.5,1.405802107420265,1.0681131453578545,,,2.473915252778119
941,rho0.50_coupled,25,0.5,1.6175893750022206,1.4311020485501929,,,3.0486914235524134
942,rho0.50_coupled,25,0.5,1.6473481368907366,1.229603804192014,,,2.8769519410827504
943,rho0.50_coupled,25,0.5,1.284219322699299,1.0796525729215856,,,2.3638718956208846
944,rho0.50_coupled,25,0.5,1.9763758516069636,1.190651636703429,,,3.1670274883103926
945,rho0.50_coupled,25,0.5,1.4211949414215803,1.4735374327493524,,,2.8947323741709328
946,rho0.50_coupled,25,0.5,1.663528228098923,1.228863326461375,,,2.892391554560298
947,rho0.50_coupled,25,0.5,1.3629746724924607,1.4067816894584604,,,2.769756361950921
948,rho0.50_coupled,25,0.5,1.4431161150634755,1.0470310687209063,,,2.490147183784382
949,rho0.50_coupled,25,0.5,2.1255322509177,1.6158241795266715,,,3.7413564304443714
950,rho0.50_coupled,25,0.5,1.7968440123942697,1.7054851495500878,,,3.5023291619443575
951,rho0.50_coupled,25,0.5,1.5901384027997871,1.2201548502698578,,,2.810293253069645
952,rho0.50_coupled,25,0.5,1.1500022732478514,1.5241314235956376,,,2.674133696843489
953,rho0.50_coupled,25,0.5,1.1644539335219575,0.9033369891587166,,,2.067790922680674
954,rho0.50_coupled,25,0.5,2.251142216856697,1.634577777375378,,,3.885719994232075
955,rho0.50_coupled,25,0.5,1.4677715145685601,1.539593689463941,,,3.007365204032501
956,rho0.50_coupled,25,0.5,1.4317757334152061,0.9097432651442592,,,2.341518998559465
957,rho0.50_coupled,25,0.5,1.8114306129718774,1.0400202901714342,,,2.8514509031433115
958,rho0.50_coupled,25,0.5,1.6549718068690202,1.2374394464232379,,,2.8924112532922583
959,rho0.50_coupled,25,0.5,1.5483384405225866,1.1113142407620815,,,2.659652681284668
960,rho0.50_coupled,25,0.5,1.32798358037896,0.9166073499151761,,,2.244590930294136
961,rho0.50_coupled,25,0.5,1.408464391226986,0.8996659021340162,,,2.3081302933610024
962,rho0.50_coupled,25,0.5,1.812618858547678,1.3429072118525072,,,3.1555260704001853
963,rho0.50_coupled,25,0.5,1.963298955470598,1.5150927887141479,,,3.478391744184746
964,rho0.50_coupled,25,0.5,1.6430557492778275,1.274824648198271,,,2.9178803974760985
965,rho0.50_coupled,25,0.5,1.2823248566447123,1.3230000014081293,,,2.6053248580528416
966,rho0.50_coupled,25,0.5,1.246391029368052,1.1865798329374682,,,2.4329708623055204
967,rho0.50_coupled,25,0.5,1.2361880192982388,1.2817896559633297,,,2.5179776752615686
968,rho0.50_coupled,25,0.5,1.5232866828553218,1.435719277676561,,,2.959005960531883
969,rho0.50_coupled,25,0.5,1.6825651558608445,1.438682476460943,,,3.1212476323217873
970,rho0.50_coupled,25,0.5,1.6118010590189766,1.4849229510957578,,,3.0967240101147344
971,rho0.50_coupled,25,0.5,1.0614254806545889,0.7850225599004226,,,1.8464480405550114
972,rho0.50_coupled,25,0.5,1.0899016466477303,1.2948727720858415,,,2.3847744187335715
973,rho0.50_coupled,25,0.5,1.7043513499462901,1.4280977138320876,,,3.1324490637783775
974,rho0.50_coupled,25,0.5,1.880271387173981,1.1902721985149909,,,3.070543585688972
975,rho0.50_coupled,25,0.5,1.4190454129277599,1.2776855355178816,,,2.6967309484456417
976,rho0.50_coupled,25,0.5,2.4041236069257996,1.7721304111887415,,,4.176254018114541
977,rho0.50_coupled,25,0.5,1.610107297835826,1.4332326901605783,,,3.0433399879964043
978,rho0.50_coupled,25,0.5,1.1700322184175223,1.0725144352198437,,,2.242546653637366
979,rho0.50_coupled,25,0.5,1.2399185913708148,1.0699611244360576,,,2.3098797158068725
980,rho0.50_coupled,25,0.5,1.5267730572613434,1.1569304131126044,,,2.6837034703739477
981,rho0.50_coupled,25,0.5,1.31975566343697,1.2456481048832753,,,2.5654037683202455
982,rho0.50_coupled,25,0.5,1.449380955241801,1.2705877514596897,,,2.719968706701491
983,rho0.50_coupled,25,0.5,1.396135523028212,1.1589220040639685,,,2.5550575270921803
984,rho0.50_coupled,25,0.5,1.5174461380112476,1.3487152295168077,,,2.866161367528055
985,rho0.50_coupled,25,0.5,1.4366692809579384,1.179043968109052,,,2.6157132490669905
986,rho0.50_coupled,25,0.5,1.768480382297068,1.7350525762915128,,,3.503532958588581
987,rho0.50_coupled,25,0.5,1.3874066985123688,1.466819777939969,,,2.8542264764523377
988,rho0.50_coupled,25,0.5,1.4830863163775663,1.3448266135549494,,,2.8279129299325154
989,rho0.50_coupled,25,0.5,1.6822160918906073,1.5661237374046388,,,3.2483398292952463
990,rho0.50_coupled,25,0.5,1.687473695367427,1.3983761526398621,,,3.085849848007289
991,rho0.50_coupled,25,0.5,1.4389866658837758,1.6129969226380623,,,3.0519835885218383
992,rho0.50_coupled,25,0.5,1.2896662391434546,1.132740680448021,,,2.4224069195914755
993,rho0.50_coupled,25,0.5,1.3787926816595615,1.0206870661857392,,,2.3994797478453007
994,rho0.50_coupled,25,0.5,1.208614106638124,1.4927717106063547,,,2.7013858172444785
995,rho0.50_coupled,25,0.5,1.7021055770439546,1.1539404464008605,,,2.856046023444815
996,rho0.50_coupled,25,0.5,1.8770943531053075,1.5052001642982684,,,3.382294517403576
997,rho0.50_coupled,25,0.5,1.8281469381273188,1.1699524887562898,,,2.9980994268836083
998,rho0.50_coupled,25,0.5,1.4943503960349966,1.310544329017798,,,2.8048947250527947
999,rho0.50_coupled,25,0.5,1.617272143856526,1.123664663034891,,,2.7409368068914173
1000,rho0.50_coupled,25,0.5,1.7558554520997347,1.9642938882797538,,,3.7201493403794883
1001,rho0.50_coupled,25,0.5,1.515681913784913,1.2711971630435401,,,2.786879076828453
1002,rho0.50_coupled,25,0.5,1.7080120690810665,1.2563741309624874,,,2.964386200043554
1003,rho0.50_coupled,25,0.5,0.9964682224321666,1.0515293327909678,,,2.0479975552231346
1004,rho0.50_coupled,25,0.5,0.9655946317982224,0.8089309003344513,,,1.7745255321326736
1005,rho0.50_coupled,25,0.5,1.3733492578032522,0.9984801715760234,,,2.3718294293792757
1006,rho0.50_coupled,25,0.5,1.5276479770003384,1.3456435026601181,,,2.8732914796604563
1007,rho0.50_coupled,25,0.5,1.2351929264057597,1.3354067436391681,,,2.5705996700449276
1008,rho0.50_coupled,25,0.5,1.563511313042258,1.2322987422023908,,,2.7958100552446488
1009,rho0.50_coupled,25,0.5,1.3478011982893467,1.505270663469827,,,2.8530718617591737
1010,rho0.50_coupled,25,0.5,1.8866654763188753,1.8233195465442353,,,3.7099850228631106
1011,rho0.50_coupled,25,0.5,1.5339463666635307,1.5150393598143181,,,3.0489857264778486
1012,rho0.50_coupled,25,0.5,1.6332424093708153,1.4159383610564498,,,3.049180770427265
1013,rho0.50_coupled,25,0.5,1.6205848905072533,1.6195583911012523,,,3.2401432816085056
1014,rho0.50_coupled,25,0.5,1.8935587626377126,1.5302828323694357,,,3.4238415950071484
1015,rho0.50_coupled,25,0.5,1.7469416163609728,1.6885863706135122,,,3.435527986974485
1016,rho0.50_coupled,25,0.5,1.6271071399100785,1.472803644113203,,,3.0999107840232814
1017,rho0.50_coupled,25,0.5,0.9006756613120127,1.0677342164165025,,,1.968409877728515
1018,rho0.50_coupled,25,0.5,1.4502086197539277,1.539942460610534,,,2.9901510803644618
1019,rho0.50_coupled,25,0.5,1.8808813947528709,1.8360074283068393,,,3.71688882305971
1020,rho0.50_coupled,25,0.5,1.9481974786036311,1.4283159842172009,,,3.376513462820832
1021,rho0.50_coupled,25,0.5,1.7447982748140825,1.5144315551389251,,,3.2592298299530076
1022,rho0.50_coupled,25,0.5,1.6100426615402845,1.238554214630931,,,2.8485968761712153
1023,rho0.50_coupled,25,0.5,1.7227729661185536,1.6709627048467657,,,3.3937356709653193
1024,rho0.50_coupled,25,0.5,1.3601947001379142,1.795658378732835,,,3.1558530788707495
1025,rho0.50_coupled,25,0.5,1.5971260413827797,1.3409384477712178,,,2.9380644891539975
1026,rho0.50_coupled,25,0.5,1.845587363059429,1.762301115187977,,,3.607888478247406
1027,rho0.50_coupled,25,0.5,1.781307684374774,1.4900329619033128,,,3.2713406462780865
1028,rho0.50_coupled,25,0.5,1.1214962703606934,1.2603232526641641,,,2.3818195230248573
1029,rho0.50_coupled,25,0.5,1.5154606824391148,1.4481786689831067,,,2.9636393514222217
1030,rho0.50_coupled,25,0.5,1.5414778060033842,1.4085902740256953,,,2.9500680800290793
1031,rho0.50_coupled,25,0.5,1.1455582765522743,1.4663959443636294,,,2.6119542209159037
1032,rho0.50_coupled,25,0.5,1.215794256908481,1.3064668030394748,,,2.522261059947956
1033,rho0.50_coupled,25,0.5,1.5560865715597494,1.6342450266409685,,,3.190331598200718
1034,rho0.50_coupled,25,0.5,1.5609310328807453,1.5316880550022833,,,3.092619087883029
1035,rho0.50_coupled,25,0.5,1.2343013208646452,1.0787548589999973,,,2.3130561798646427
1036,rho0.50_coupled,25,0.5,1.602754997156861,1.2807687029193437,,,2.883523700076205
1037,rho0.50_coupled,25,0.5,1.4511599356659797,1.4075632379980678,,,2.8587231736640475
1038,rho0.50_coupled,25,0.5,2.0814625643757116,1.5042705797794298,,,3.5857331441551414
1039,rho0.50_coupled,25,0.5,1.5047045742920566,1.044286840667827,,,2.5489914149598834
1040,rho0.50_coupled,25,0.5,1.5719581235292608,1.1348384421819264,,,2.706796565711187
1041,rho0.50_coupled,25,0.5,1.5156902151909548,1.6200901606962623,,,3.135780375887217
1042,rho0.50_coupled,25,0.5,1.5490642452887067,1.0682812612195685,,,2.617345506508275
1043,rho0.50_coupled,25,0.5,1.4085055363308128,0.9448491617874286,,,2.3533546981182414
1044,rho0.50_coupled,25,0.5,1.7891077976302348,1.5858974578423006,,,3.3750052554725354
1045,rho0.50_coupled,25,0.5,1.242421980542015,0.8862420405984508,,,2.128664021140466
1046,rho0.50_coupled,25,0.5,1.472367451609954,1.400787126076537,,,2.873154577686491
1047,rho0.50_coupled,25,0.5,1.6485438340574001,1.0544685828136244,,,2.7030124168710246
1048,rho0.50_coupled,25,0.5,0.9703297481731727,1.2471776330936346,,,2.2175073812668074
1049,rho0.50_coupled,25,0.5,1.216608111163186,1.4689773508795463,,,2.685585462042732
1050,rho0.50_coupled,25,0.5,1.484077697159462,1.2183301754627256,,,2.702407872622188
1051,rho0.50_coupled,25,0.5,1.743124770737115,1.5139913337682889,,,3.257116104505404
1052,rho0.50_coupled,25,0.5,1.9390774670137847,1.1476823570988368,,,3.0867598241126215
1053,rho0.50_coupled,25,0.5,1.065580422793927,1.0662275080381574,,,2.1318079308320845
1054,rho0.50_coupled,25,0.5,1.669061687197432,1.5917336383724066,,,3.2607953255698385
1055,rho0.50_coupled,25,0.5,1.6122826046633434,0.9681806327180238,,,2.580463237381367
1056,rho0.50_coupled,25,0.5,1.260156472186704,1.3046636680396406,,,2.5648201402263444
1057,rho0.50_coupled,25,0.5,2.0025161845986923,1.1908091021435532,,,3.1933252867422457
1058,rho0.50_coupled,25,0.5,1.1080876585733144,0.9483887122182517,,,2.0564763707915663
1059,rho0.50_coupled,25,0.5,1.7927104793224515,1.4986777563064342,,,3.2913882356288857
1060,rho0.50_coupled,25,0.5,1.4747941055920681,0.7593543910824487,,,2.234148496674517
1061,rho0.50_coupled,25,0.5,1.2780121154253743,1.1570404347378875,,,2.435052550163262
1062,rho0.50_coupled,25,0.5,1.4982747220463715,1.4956288480676176,,,2.9939035701139893
1063,rho0.50_coupled,25,0.5,1.1966246229436408,0.9033223668569759,,,2.0999469898006167
1064,rho0.50_coupled,25,0.5,1.7870143366768076,1.3907270593661745,,,3.177741396042982
1065,rho0.50_coupled,25,0.5,2.06774177198318,1.6311765675910794,,,3.6989183395742593
1066,rho0.50_coupled,25,0.5,1.5164220323700386,1.6281841855368042,,,3.144606217906843
1067,rho0.50_coupled,25,0.5,1.089079256205764,1.1746800254959855,,,2.2637592817017493
1068,rho0.50_coupled,25,0.5,1.4659979218479549,1.255756394208615,,,2.72175431605657
1069,rho0.50_coupled,25,0.5,1.4414707073797435,1.5139263427661573,,,2.955397050145901
1070,rho0.50_coupled,25,0.5,1.385391187464203,0.8910247108164874,,,2.2764158982806904
1071,rho0.50_coupled,25,0.5,1.258865642710651,1.2765614797883091,,,2.53542712249896
1072,rho0.50_coupled,25,0.5,1.4620214033703995,1.4952399755447185,,,2.957261378915118
1073,rho0.50_coupled,25,0.5,1.7261042954612251,1.7115541708444368,,,3.437658466305662
1074,rho0.50_coupled,25,0.5,1.7981861064752147,1.3191183828470017,,,3.1173044893222164
1075,rho0.50_coupled,25,0.5,1.8639620631664253,1.8107916623070603,,,3.6747537254734857
1076,rho0.50_coupled,25,0.5,1.873370665833674,1.3578120039361514,,,3.2311826697698254
1077,rho0.50_coupled,25,0.5,0.953992627843285,0.9611010875303136,,,1.9150937153735987
1078,rho0.50_coupled,25,0.5,1.2492101344225217,1.1902406815005573,,,2.439450815923079
1079,rho0.50_coupled,25,0.5,1.8124721764950593,1.1685997441739926,,,2.981071920669052
1080,rho0.50_coupled,25,0.5,1.5879938468831962,1.5848954182119486,,,3.1728892650951446
1081,rho0.50_coupled,25,0.5,1.5343422682182677,1.290696083186549,,,2.8250383514048165
1082,rho0.50_coupled,25,0.5,1.558722321104647,1.2448510195318117,,,2.8035733406364587
1083,rho0.50_coupled,25,0.5,1.522038029819434,1.448308189971321,,,2.970346219790755
1084,rho0.50_coupled,25,0.5,1.4934954021013518,1.2946604519057499,,,2.7881558540071016
1085,rho0.50_coupled,25,0.5,1.4324197751572465,1.4385852664072163,,,2.871005041564463
1086,rho0.50_coupled,25,0.5,1.5355055395464747,0.9628019776909935,,,2.4983075172374685
1087,rho0.50_coupled,25,0.5,1.4552768437681407,1.2392909443345397,,,2.69456778810268
1088,rho0.50_coupled,25,0.5,1.3686607659335717,1.4474816371540284,,,2.8161424030876
1089,rho0.50_coupled,25,0.5,1.6201444485840575,1.2691096204692363,,,2.889254069053294
1090,rho0.50_coupled,25,0.5,1.4860447307410265,1.4871703995732548,,,2.9732151303142813
1091,rho0.50_coupled,25,0.5,1.4106950878341873,1.596463733702411,,,3.0071588215365983
1092,rho0.50_coupled,25,0.5,1.8881353352853,1.5348954254337686,,,3.423030760719069
1093,rho0.50_coupled,25,0.5,1.4139932414127698,1.1108299961360246,,,2.5248232375487945
1094,rho0.50_coupled,25,0.5,1.4491512582508879,1.2287758558814226,,,2.67792711413231
1095,rho0.50_coupled,25,0.5,1.5120591838599693,1.1965600301447696,,,2.708619214004739
1096,rho0.50_coupled,25,0.5,1.2993465534366933,1.333523942654036,,,2.632870496090729
1097,rho0.50_coupled,25,0.5,1.6810241131683574,1.3236574056515735,,,3.0046815188199307
1098,rho0.50_coupled,25,0.5,1.2593761204626284,1.2285797917804713,,,2.4879559122430996
1099,rho0.50_coupled,25,0.5,1.5978225620222248,1.2262734191532227,,,2.8240959811754474
1100,rho0.50_coupled,25,0.5,1.521134393738866,1.4710814520602193,,,2.9922158457990853
1101,rho0.50_coupled,25,0.5,2.1097519054939715,1.4855441829289837,,,3.5952960884229554
1102,rho0.50_coupled,25,0.5,1.2061283006355799,1.449722561595825,,,2.6558508622314045
1103,rho0.50_coupled,25,0.5,1.4032811485537477,1.2731501487426078,,,2.6764312972963555
1104,rho0.50_coupled,25,0.5,1.5653370436560563,1.045478669003436,,,2.610815712659492
1105,rho0.50_coupled,25,0.5,1.7172651206077336,1.1445397087627434,,,2.861804829370477
1106,rho0.50_coupled,25,0.5,1.373916406647701,1.1460619869730848,,,2.519978393620786
1107,rho0.50_coupled,25,0.5,1.160408895552727,0.9455469143161651,,,2.105955809868892
1108,rho0.50_coupled,25,0.5,1.7969493447570037,1.631594999537964,,,3.4285443442949677
1109,rho0.50_coupled,25,0.5,2.0897933210950432,1.5483604847540549,,,3.638153805849098
1110,rho0.50_coupled,25,0.5,1.1507722630593813,1.1435049130506858,,,2.294277176110067
1111,rho0.50_coupled,25,0.5,1.361916600493791,1.1609002497540692,,,2.5228168502478603
1112,rho0.50_coupled,25,0.5,1.6068159347783104,1.3623871861990677,,,2.969203120977378
1113,rho0.50_coupled,25,0.5,1.802845011547767,1.0981057665964127,,,2.9009507781441797
1114,rho0.50_coupled,25,0.5,1.2297242310809198,0.8815681922638989,,,2.1112924233448185
1115,rho0.50_coupled,25,0.5,1.0316730174294628,1.3864103598331055,,,2.418083377262568
1116,rho0.50_coupled,25,0.5,1.349386899473257,1.2060422206727741,,,2.555429120146031
1117,rho0.50_coupled,25,0.5,2.011688932730186,1.4385837552430563,,,3.450272687973242
1118,rho0.50_coupled,25,0.5,1.5684049759807142,1.1404717302305385,,,2.7088767062112526
1119,rho0.50_coupled,25,0.5,1.1249192420247704,0.7638653475629051,,,1.8887845895876756
1120,rho0.50_coupled,25,0.5,1.078031896474431,1.3189173632311104,,,2.3969492597055417
1121,rho0.50_coupled,25,0.5,1.5630773752085592,1.477881052093648,,,3.0409584273022072
1122,rho0.50_coupled,25,0.5,1.4853856713600164,1.4141940000838356,,,2.8995796714438518
1123,rho0.50_coupled,25,0.5,1.2387609108741282,0.9314672312746677,,,2.1702281421487957
1124,rho0.50_coupled,25,0.5,1.5857689800638142,1.506942777236472,,,3.092711757300286
1125,rho0.50_coupled,25,0.5,1.4377926970484995,1.2524015613877322,,,2.6901942584362315
1126,rho0.50_coupled,25,0.5,1.6242557643839932,1.3882969534872789,,,3.012552717871272
1127,rho0.50_coupled,25,0.5,1.6266255662654252,1.157553534294089,,,2.7841791005595145
1128,rho0.50_coupled,25,0.5,2.1334872731589307,1.4870994918508653,,,3.6205867650097963
1129,rho0.50_coupled,25,0.5,1.4349586845348943,1.3802089917573055,,,2.8151676762921998
1130,rho0.50_coupled,25,0.5,1.6332240030460567,1.346569986249774,,,2.979793989295831
1131,rho0.50_coupled,25,0.5,1.3702641850738688,1.0397801943994787,,,2.4100443794733475
1132,rho0.50_coupled,25,0.5,1.2753649346724696,1.056257888457205,,,2.3316228231296745
1133,rho0.50_coupled,25,0.5,1.242708775251569,1.5225066835935503,,,2.7652154588451197
1134,rho0.50_coupled,25,0.5,1.7451696371328784,1.0636975946660272,,,2.8088672317989056
1135,rho0.50_coupled,25,0.5,1.5606491993140974,1.7046714846301112,,,3.265320683944209
1136,rho0.50_coupled,25,0.5,1.7441704750180675,1.3856369780890316,,,3.129807453107099
1137,rho0.50_coupled,25,0.5,1.3411556678678338,1.3400267203988425,,,2.6811823882666763
1138,rho0.50_coupled,25,0.5,1.1711164725764391,1.3467426795979103,,,2.517859152174349
1139,rho0.50_coupled,25,0.5,2.1680921498713803,1.4866834570572014,,,3.654775606928582
1140,rho0.50_coupled,25,0.5,1.7943096880808873,1.0260567755016448,,,2.8203664635825323
1141,rho0.50_coupled,25,0.5,1.2544783579359182,1.3500988245982293,,,2.6045771825341477
1142,rho0.50_coupled,25,0.5,1.3788788790739044,0.9442781463861718,,,2.323157025460076
1143,rho0.50_coupled,25,0.5,1.5908499858316916,1.208128093241301,,,2.7989780790729926
1144,rho0.50_coupled,25,0.5,1.5519367881923667,1.3815406798278347,,,2.933477468020201
1145,rho0.50_coupled,25,0.5,2.028713148298847,1.3889488889705,,,3.417662037269347
1146,rho0.50_coupled,25,0.5,1.3368729548984415,1.2373444077860398,,,2.5742173626844815
1147,rho0.50_coupled,25,0.5,1.3720774618400609,1.2641544297566885,,,2.6362318915967493
1148,rho0.50_coupled,25,0.5,1.493268120806924,1.1869744993064641,,,2.680242620113388
1149,rho0.50_coupled,25,0.5,1.891686780942147,1.3408035841217056,,,3.2324903650638523
1150,rho0.50_coupled,25,0.5,1.239799891816017,1.3272809044824374,,,2.5670807962984545
1151,rho0.50_coupled,25,0.5,1.1991651080786272,1.3418853243708553,,,2.5410504324494827
1152,rho0.50_coupled,25,0.5,1.6766770120348364,1.7259742024328384,,,3.402651214467675
1153,rho0.50_coupled,25,0.5,1.8085244807324639,1.5195793660246693,,,3.3281038467571333
1154,rho0.50_coupled,25,0.5,1.2810890559697041,0.8739813973600957,,,2.1550704533297997
1155,rho0.50_coupled,25,0.5,1.2447420964741904,1.1663743738055208,,,2.411116470279711
1156,rho0.50_coupled,25,0.5,1.3146282946651993,1.3943649496711945,,,2.7089932443363938
1157,rho0.50_coupled,25,0.5,1.3247223134091155,1.3158673491057,,,2.6405896625148157
1158,rho0.50_coupled,25,0.5,1.5545082156618073,1.5705120603826956,,,3.125020276044503
1159,rho0.50_coupled,25,0.5,1.267378264189032,1.6466331745768525,,,2.9140114387658844
1160,rho0.50_coupled,25,0.5,1.319751937118087,1.1144042362300477,,,2.4341561733481347
1161,rho0.50_coupled,25,0.5,1.3961067529629643,1.2174823714755536,,,2.613589124438518
1162,rho0.50_coupled,25,0.5,1.957021925921845,1.483306578116255,,,3.4403285040381
1163,rho0.50_coupled,25,0.5,1.269581158171763,1.186063344737,,,2.455644502908763
1164,rho0.50_coupled,25,0.5,1.4496244720332299,1.2430272926462487,,,2.6926517646794785
1165,rho0.50_coupled,25,0.5,1.8155520247926864,1.5092416498352552,,,3.3247936746279416
1166,rho0.50_coupled,25,0.5,1.8086320989635722,1.5520036280756677,,,3.3606357270392397
1167,rho0.50_coupled,25,0.5,1.7210560980255032,1.4588445161580188,,,3.1799006141835218
1168,rho0.50_coupled,25,0.5,1.7130198574004227,1.5030925787930745,,,3.216112436193497
1169,rho0.50_coupled,25,0.5,1.8598259969578967,1.7159236900264676,,,3.5757496869843646
1170,rho0.50_coupled,25,0.5,1.5048531542745718,1.161643591680723,,,2.666496745955295
1171,rho0.50_coupled,25,0.5,1.589305512059173,1.2613247453958543,,,2.8506302574550273
1172,rho0.50_coupled,25,0.5,1.514277677922359,1.111577379413139,,,2.6258550573354977
1173,rho0.50_coupled,25,0.5,1.5701148876745643,1.4608655210205093,,,3.030980408695074
1174,rho0.50_coupled,25,0.5,1.1672713367133878,0.9666827405249707,,,2.1339540772383585
1175,rho0.50_coupled,25,0.5,1.5057235740432928,1.2549757248029134,,,2.7606992988462062
1176,rho0.50_coupled,25,0.5,1.7002448914084485,1.5582182784691065,,,3.258463169877555
1177,rho0.50_coupled,25,0.5,2.2426962417651732,1.6803255580918273,,,3.9230217998570005
1178,rho0.50_coupled,25,0.5,1.1723269586903415,0.9729794586523136,,,2.1453064173426553
1179,rho0.50_coupled,25,0.5,2.154841371274107,1.686505461873134,,,3.8413468331472407
1180,rho0.50_coupled,25,0.5,1.7464709405700438,1.3992068959101382,,,3.145677836480182
1181,rho0.50_coupled,25,0.5,1.6174114787093818,1.2819812608235295,,,2.899392739532911
1182,rho0.50_coupled,25,0.5,1.7520714251319822,1.135462677844009,,,2.887534102975991
1183,rho0.50_coupled,25,0.5,1.5238266724181686,1.3204476435544685,,,2.844274315972637
1184,rho0.50_coupled,25,0.5,1.9664472950985665,1.5031150624298446,,,3.469562357528411
1185,rho0.50_coupled,25,0.5,1.1041332198349596,1.1778589891730857,,,2.2819922090080453
1186,rho0.50_coupled,25,0.5,1.4056016827836308,1.1505782504301256,,,2.5561799332137563
1187,rho0.50_coupled,25,0.5,1.6765016246646882,1.176206303721552,,,2.8527079283862404
1188,rho0.50_coupled,25,0.5,1.9607570920715072,1.8012893865621673,,,3.7620464786336747
1189,rho0.50_coupled,25,0.5,1.2087018095497295,1.303184516368316,,,2.5118863259180455
1190,rho0.50_coupled,25,0.5,1.5923475320064804,1.5831881287074108,,,3.175535660713891
1191,rho0.50_coupled,25,0.5,1.0437622822176162,1.2655698478714787,,,2.309332130089095
1192,rho0.50_coupled,25,0.5,1.394013168493621,1.4260219668763716,,,2.8200351353699924
1193,rho0.50_coupled,25,0.5,1.6026425825373534,1.2164608566638608,,,2.819103439201214
1194,rho0.50_coupled,25,0.5,1.412611189858652,1.2983935975439613,,,2.7110047874026133
1195,rho0.50_coupled,25,0.5,1.5789791834801292,1.374242278749011,,,2.9532214622291404
1196,rho0.50_coupled,25,0.5,2.110909534893317,2.011356884674042,,,4.122266419567359
1197,rho0.50_coupled,25,0.5,1.2949991114114208,1.2347708320775628,,,2.5297699434889838
1198,rho0.50_coupled,25,0.5,1.6460566745137286,1.3544491697825243,,,3.000505844296253
1199,rho0.50_coupled,25,0.5,1.6431635072093111,0.854522811172329,,,2.49768631838164
1200,rho0.50_coupled,25,0.5,1.3191604609207048,1.2558814596863135,,,2.5750419206070183
1201,rho0.50_coupled,25,0.5,1.3451193970684403,1.1706666835654134,,,2.5157860806338537
1202,rho0.50_coupled,25,0.5,1.7997763978236778,1.377280138954108,,,3.177056536777786
1203,rho0.50_coupled,25,0.5,1.905924013691925,1.6078539384900925,,,3.513777952182018
1204,rho0.50_coupled,25,0.5,1.8450801720017889,1.4596046301675272,,,3.304684802169316
1205,rho0.50_coupled,25,0.5,1.723026024691128,1.68522215153548,,,3.408248176226608
1206,rho0.50_coupled,25,0.5,1.591341169332183,1.429454340447533,,,3.020795509779716
1207,rho0.50_coupled,25,0.5,1.6794384537741807,1.3368937425850862,,,3.016332196359267
1208,rho0.50_coupled,25,0.5,1.3675989066147158,1.1531391583011832,,,2.520738064915899
1209,rho0.50_coupled,25,0.5,1.8629477855721774,1.1985656820210164,,,3.061513467593194
1210,rho0.50_coupled,25,0.5,1.838212275450731,1.5556830444587844,,,3.3938953199095154
1211,rho0.50_coupled,25,0.5,1.563569122784195,0.9870515675975042,,,2.5506206903816993
1212,rho0.50_coupled,25,0.5,1.9331703437683272,1.6492193995065334,,,3.5823897432748604
1213,rho0.50_coupled,25,0.5,1.4828939599291826,1.1741806653274975,,,2.65707462525668
1214,rho0.50_coupled,25,0.5,2.088390691430161,1.3632870199611167,,,3.4516777113912775
1215,rho0.50_coupled,25,0.5,1.4076503927064565,1.4983348033886403,,,2.905985196095097
1216,rho0.50_coupled,25,0.5,1.70287671012494,1.4220436452923915,,,3.1249203554173315
1217,rho0.50_coupled,25,0.5,1.4093594424465588,1.1767615056338072,,,2.586120948080366
1218,rho0.50_coupled,25,0.5,2.1607290669687265,1.3313196486512149,,,3.4920487156199416
1219,rho0.50_coupled,25,0.5,1.1940681659596202,1.0032108084233045,,,2.1972789743829244
1220,rho0.50_coupled,25,0.5,1.6155547869432865,1.8432053911786792,,,3.458760178121966
1221,rho0.50_coupled,25,0.5,1.7335936522145048,1.3076005174912535,,,3.0411941697057583
1222,rho0.50_coupled,25,0.5,1.494092211034452,1.5122380531916295,,,3.006330264226081
1223,rho0.50_coupled,25,0.5,1.7563674702550305,1.3589521235132083,,,3.1153195937682385
1224,rho0.50_coupled,25,0.5,1.1497514465106167,1.2943969252058027,,,2.4441483717164196
1225,rho0.50_coupled,25,0.5,1.8532744644023258,1.4578653090926736,,,3.3111397734949994
1226,rho0.50_coupled,25,0.5,1.1211486712580452,1.283806487917655,,,2.4049551591757004
1227,rho0.50_coupled,25,0.5,1.5892603837455588,1.5536580954794474,,,3.1429184792250062
1228,rho0.50_coupled,25,0.5,1.5549311176107066,1.7180125867898284,,,3.272943704400535
1229,rho0.50_coupled,25,0.5,1.6389302744872376,1.4172109135959672,,,3.056141188083205
1230,rho0.50_coupled,25,0.5,1.517413391993464,0.8251941778931039,,,2.342607569886568
1231,rho0.50_coupled,25,0.5,1.2594552756230049,1.2852951556978922,,,2.544750431320897
1232,rho0.50_coupled,25,0.5,1.606538806135363,1.521231885491862,,,3.1277706916272248
1233,rho0.50_coupled,25,0.5,1.7508543255669526,1.0495800232618109,,,2.8004343488287633
1234,rho0.50_coupled,25,0.5,1.2707519503613538,1.000190491868742,,,2.270942442230096
1235,rho0.50_coupled,25,0.5,0.8737189347900011,1.1112321675569161,,,1.9849511023469173
1236,rho0.50_coupled,25,0.5,1.5573071382012622,1.5981495882442192,,,3.1554567264454816
1237,rho0.50_coupled,25,0.5,1.336672711026504,0.7913750551635065,,,2.1280477661900106
1238,rho0.50_coupled,25,0.5,1.5063134446821511,1.6732404527067104,,,3.1795538973888613
1239,rho0.50_coupled,25,0.5,1.5953171923480227,1.026319340012297,,,2.62163653236032
1240,rho0.50_coupled,25,0.5,0.9521665853553449,0.7986835300782091,,,1.750850115433554
1241,rho0.50_coupled,25,0.5,1.9568225333012235,1.5526573085118553,,,3.5094798418130786
1242,rho0.50_coupled,25,0.5,1.2183746119474126,1.0466529821752735,,,2.265027594122686
1243,rho0.50_coupled,25,0.5,1.0811099656601786,1.2715846874862302,,,2.3526946531464086
1244,rho0.50_coupled,25,0.5,1.7085813455600571,1.587477362677909,,,3.2960587082379664
1245,rho0.50_coupled,25,0.5,1.739495831921008,1.3325631725211167,,,3.0720590044421248
1246,rho0.50_coupled,25,0.5,1.9005412560711659,1.5501283124227723,,,3.450669568493938
1247,rho0.50_coupled,25,0.5,1.5141261723261277,1.0855725940482066,,,2.5996987663743343
1248,rho0.50_coupled,25,0.5,1.5003901321051203,1.3525131775672048,,,2.852903309672325
1249,rho0.50_coupled,25,0.5,1.963095889793878,1.290581626068075,,,3.253677515861953
1250,rho0.50_coupled,25,0.5,1.6322212275806904,1.4388225411034454,,,3.071043768684136
1251,rho0.50_coupled,25,0.5,1.5747300503424446,1.4818958161473716,,,3.0566258664898163
1252,rho0.50_coupled,25,0.5,1.6767360039915515,0.858658998705923,,,2.5353950026974745
1253,rho0.50_coupled,25,0.5,1.5768975778754244,1.4022444201898088,,,2.9791419980652334
1254,rho0.50_coupled,25,0.5,1.69622751656946,1.2052376767601278,,,2.901465193329588
1255,rho0.50_coupled,25,0.5,1.4383731418973154,1.2540303029800497,,,2.692403444877365
1256,rho0.50_coupled,25,0.5,1.398362330855708,1.2026648966969873,,,2.601027227552695
1257,rho0.50_coupled,25,0.5,1.9792299174407517,1.476104828070261,,,3.4553347455110126
1258,rho0.50_coupled,25,0.5,1.00608381711484,0.8596052674546463,,,1.8656890845694862
1259,rho0.50_coupled,25,0.5,1.589161632855407,1.6665426703525394,,,3.2557043032079465
1260,rho0.50_coupled,25,0.5,1.7579432431374051,1.7891514952811287,,,3.547094738418534
1261,rho0.50_coupled,25,0.5,1.535508711239804,1.1955648879990066,,,2.731073599238811
1262,rho0.50_coupled,25,0.5,2.09892839499636,1.7746956458886114,,,3.8736240408849714
1263,rho0.50_coupled,25,0.5,1.9923771477564653,1.7346528167900714,,,3.727029964546537
1264,rho0.50_coupled,25,0.5,0.9791559748964371,1.029155257071543,,,2.00831123196798
1265,rho0.50_coupled,25,0.5,1.7401461219786245,1.2619228001422111,,,3.0020689221208356
1266,rho0.50_coupled,25,0.5,1.7983919413746974,1.2489439606424422,,,3.0473359020171396
1267,rho0.50_coupled,25,0.5,2.128742432211361,1.6209781511396826,,,3.7497205833510434
1268,rho0.50_coupled,25,0.5,1.5142477037457198,1.5572448266633854,,,3.071492530409105
1269,rho0.50_coupled,25,0.5,1.6139941092092893,1.5138527338330843,,,3.1278468430423736
1270,rho0.50_coupled,25,0.5,1.4796773113747665,0.9683267324127716,,,2.448004043787538
1271,rho0.50_coupled,25,0.5,1.8316147388203476,1.4798603542892048,,,3.3114750931095527
1272,rho0.50_coupled,25,0.5,1.2596175072946705,0.9620156474767559,,,2.2216331547714265
1273,rho0.50_coupled,25,0.5,1.1982749518805815,1.1929192287264079,,,2.3911941806069894
1274,rho0.50_coupled,25,0.5,1.6109447922783149,1.7034488727945936,,,3.3143936650729087
1275,rho0.50_coupled,25,0.5,2.068097719631857,1.4942444582353107,,,3.562342177867168
1276,rho0.50_coupled,25,0.5,1.3487778336532354,1.2285646137949526,,,2.577342447448188
1277,rho0.50_coupled,25,0.5,1.7544269789607403,1.387875413491801,,,3.1423023924525415
1278,rho0.50_coupled,25,0.5,1.7186740566367187,1.8377232592661377,,,3.5563973159028563
1279,rho0.50_coupled,25,0.5,1.190727695684879,1.397344380991573,,,2.5880720766764522
1280,rho0.50_coupled,25,0.5,1.6243946096700241,0.9813946163441984,,,2.6057892260142226
1281,rho0.50_coupled,25,0.5,1.8621596945895398,1.517365228834591,,,3.379524923424131
1282,rho0.50_coupled,25,0.5,1.2823614609886458,1.1162646620546153,,,2.398626123043261
1283,rho0.50_coupled,25,0.5,1.7456056155021527,1.1917192900612252,,,2.937324905563378
1284,rho0.50_coupled,25,0.5,1.8102735786706192,1.1937841162302552,,,3.004057694900874
1285,rho0.50_coupled,25,0.5,1.5227913704938474,0.7969725664589071,,,2.3197639369527545
1286,rho0.50_coupled,25,0.5,1.9884133244885556,1.3249368514964355,,,3.313350175984991
1287,rho0.50_coupled,25,0.5,1.676418013044761,1.1996105874677419,,,2.8760286005125026
1288,rho0.50_coupled,25,0.5,1.4074148012978143,0.9434157576568764,,,2.3508305589546907
1289,rho0.50_coupled,25,0.5,1.8708069691477225,1.7698824812444816,,,3.640689450392204
1290,rho0.50_coupled,25,0.5,1.6669906907719352,1.5091246968327567,,,3.1761153876046917
1291,rho0.50_coupled,25,0.5,1.755899031760856,1.1557758618621625,,,2.911674893623019
1292,rho0.50_coupled,25,0.5,1.5032891472810275,1.1740661384563018,,,2.6773552857373293
1293,rho0.50_coupled,25,0.5,1.7752568666833706,1.2103682320932323,,,2.9856250987766026
1294,rho0.50_coupled,25,0.5,1.5365383402492296,1.3529135649939963,,,2.889451905243226
1295,rho0.50_coupled,25,0.5,1.4015174817550702,1.0480024588069528,,,2.449519940562023
1296,rho0.50_coupled,25,0.5,1.6010430300548688,1.1704224027558159,,,2.7714654328106847
1297,rho0.50_coupled,25,0.5,1.6653723958613136,1.213838230803015,,,2.8792106266643285
1298,rho0.50_coupled,25,0.5,1.9461067042528328,1.3846176950285394,,,3.3307243992813724
1299,rho0.50_coupled,25,0.5,1.7408819827850128,1.3063816763926688,,,3.0472636591776814
1300,rho0.50_coupled,25,0.5,1.2887511554766018,0.9781987381231412,,,2.266949893599743
1301,rho0.50_coupled,25,0.5,1.6701331798789787,1.3331686874945898,,,3.0033018673735685
1302,rho0.50_coupled,25,0.5,1.8073270734870803,1.6438263175253223,,,3.4511533910124026
1303,rho0.50_coupled,25,0.5,0.9389466776666848,0.8729994350052924,,,1.8119461126719774
1304,rho0.50_coupled,25,0.5,1.8437899107108284,1.476026119154782,,,3.3198160298656108
1305,rho0.50_coupled,25,0.5,1.4780516435394646,1.3315977180214147,,,2.8096493615608793
1306,rho0.50_coupled,25,0.5,1.4470736486977764,1.2185991660492543,,,2.6656728147470306
1307,rho0.50_coupled,25,0.5,1.3332696459436295,1.1205979984406174,,,2.453867644384247
1308,rho0.50_coupled,25,0.5,1.2832351102536368,1.7533482937018579,,,3.0365834039554946
1309,rho0.50_coupled,25,0.5,0.8314888038837712,1.1319006400206317,,,1.9633894439044028
1310,rho0.50_coupled,25,0.5,1.5935802083764055,1.2905733988907475,,,2.884153607267153
1311,rho0.50_coupled,25,0.5,1.5783459431935698,1.6127465196416464,,,3.191092462835216
1312,rho0.50_coupled,25,0.5,0.9335425590111464,1.0120743239389873,,,1.9456168829501337
1313,rho0.50_coupled,25,0.5,1.1034283301641685,1.0236793315689003,,,2.127107661733069
1314,rho0.50_coupled,25,0.5,2.107191557545536,1.5438749301789332,,,3.6510664877244694
1315,rho0.50_coupled,25,0.5,1.4961354890492125,1.2842965637733854,,,2.780432052822598
1316,rho0.50_coupled,25,0.5,1.3038102829737561,0.7807837527978034,,,2.0845940357715596
1317,rho0.50_coupled,25,0.5,1.7152775424132525,1.2806035809110783,,,2.995881123324331
1318,rho0.50_coupled,25,0.5,1.389996589755269,1.201029162303965,,,2.591025752059234
1319,rho0.50_coupled,25,0.5,1.22038597426748,1.0192603423352549,,,2.2396463166027347
1320,rho0.50_coupled,25,0.5,1.9428682879429102,1.4561757224092087,,,3.399044010352119
1321,rho0.50_coupled,25,0.5,1.5497237367067904,1.5120194091471255,,,3.061743145853916
1322,rho0.50_coupled,25,0.5,1.3566322677763076,1.0857482837483277,,,2.4423805515246353
1323,rho0.50_coupled,25,0.5,1.3558097505005342,1.2166910871532395,,,2.5725008376537737
1324,rho0.50_coupled,25,0.5,0.8737163173061796,1.349804789573778,,,2.2235211068799576
1325,rho0.50_coupled,25,0.5,1.4709702896207897,1.3103535598342277,,,2.7813238494550174
1326,rho0.50_coupled,25,0.5,1.6540121747734997,1.367819911885609,,,3.0218320866591086
1327,rho0.50_coupled,25,0.5,1.4401250012652775,1.1971529082766332,,,2.6372779095419108
1328,rho0.50_coupled,25,0.5,1.2809816223012689,1.1967748081235066,,,2.4777564304247752
1329,rho0.50_coupled,25,0.5,2.1531450873722333,1.2109692938066279,,,3.364114381178861
1330,rho0.50_coupled,25,0.5,1.2901455959308326,1.1402364837764123,,,2.430382079707245
1331,rho0.50_coupled,25,0.5,1.6206243549605288,1.4048133789455204,,,3.025437733906049
1332,rho0.50_coupled,25,0.5,1.0851939807588031,1.032926029946062,,,2.118120010704865
1333,rho0.50_coupled,25,0.5,1.758434926740114,1.3744734955627893,,,3.1329084223029033
1334,rho0.50_coupled,25,0.5,1.4368442985016698,1.1854011849639576,,,2.6222454834656275
1335,rho0.50_coupled,25,0.5,1.2370745540144736,0.8752731725933117,,,2.1123477266077852
1336,rho0.50_coupled,25,0.5,1.5015879803310876,1.5750744939898758,,,3.0766624743209636
1337,rho0.50_coupled,25,0.5,1.7506004169298217,1.270391109277295,,,3.0209915262071165
1338,rho0.50_coupled,25,0.5,1.9746509870122084,1.2954237776415534,,,3.270074764653762
1339,rho0.50_coupled,25,0.5,1.3373390878400626,1.6149696513693472,,,2.9523087392094096
1340,rho0.50_coupled,25,0.5,1.6853507778446761,1.2672533823236616,,,2.9526041601683377
1341,rho0.50_coupled,25,0.5,1.4056890784325409,1.2589939255696576,,,2.6646830040021987
1342,rho0.50_coupled,25,0.5,1.5382283830087666,1.1168411565305694,,,2.655069539539336
1343,rho0.50_coupled,25,0.5,2.0889950380276296,1.465747118425356,,,3.5547421564529857
1344,rho0.50_coupled,25,0.5,1.6803662283799212,1.2952675605233512,,,2.9756337889032727
1345,rho0.50_coupled,25,0.5,0.8704619353594999,1.0939880491112577,,,1.9644499844707575
1346,rho0.50_coupled,25,0.5,1.5970957610369865,1.436269927368016,,,3.033365688405002
1347,rho0.50_coupled,25,0.5,1.4719326077767847,1.150848787287406,,,2.622781395064191
1348,rho0.50_coupled,25,0.5,1.3141679962581452,1.3391480542679286,,,2.6533160505260738
1349,rho0.50_coupled,25,0.5,1.8131166013540387,1.514838656282877,,,3.3279552576369156
1350,rho0.50_coupled,25,0.5,1.1798880515785457,1.20685433930423,,,2.386742390882776
1351,rho0.50_coupled,25,0.5,1.6255315918042494,1.5160778960248336,,,3.141609487829083
1352,rho0.50_coupled,25,0.5,1.9888308023170702,1.4859240743933293,,,3.4747548767103993
1353,rho0.50_coupled,25,0.5,1.2543153694311244,1.3256100216313575,,,2.579925391062482
1354,rho0.50_coupled,25,0.5,1.903759691896318,1.5070460742779248,,,3.410805766174243
1355,rho0.50_coupled,25,0.5,1.097179372650289,1.0720762269746837,,,2.1692555996249725
1356,rho0.50_coupled,25,0.5,1.4557987476988825,1.1376963590648135,,,2.593495106763696
1357,rho0.50_coupled,25,0.5,1.2269763640757523,1.35712971189336,,,2.584106075969112
1358,rho0.50_coupled,25,0.5,1.087195434708947,1.2134152139679826,,,2.3006106486769298
1359,rho0.50_coupled,25,0.5,1.6764182575959747,1.7203922624645722,,,3.396810520060547
1360,rho0.50_coupled,25,0.5,1.4303912609562766,1.3264467167742426,,,2.756837977730519
1361,rho0.50_coupled,25,0.5,1.6936092111932222,1.435288808804441,,,3.1288980199976635
1362,rho0.50_coupled,25,0.5,1.460815403467082,1.442697729736439,,,2.903513133203521
1363,rho0.50_coupled,25,0.5,1.5546850017874587,1.4824611852023213,,,3.03714618698978
1364,rho0.50_coupled,25,0.5,1.1761574272917226,1.3074885353114485,,,2.483645962603171
1365,rho0.50_coupled,25,0.5,1.859079747457038,1.6026824511496611,,,3.4617621986066993
1366,rho0.50_coupled,25,0.5,1.1370626502621433,1.3636575668355955,,,2.5007202170977387
1367,rho0.50_coupled,25,0.5,1.30417455040717,1.1957228206918182,,,2.4998973710989882
1368,rho0.50_coupled,25,0.5,1.7255691725563682,1.2289527137414886,,,2.954521886297857
1369,rho0.50_coupled,25,0.5,1.9064991672891005,1.8581798328272403,,,3.764679000116341
1370,rho0.50_coupled,25,0.5,1.2830924957528569,1.2526876000770917,,,2.5357800958299483
1371,rho0.50_coupled,25,0.5,1.8649659098923859,1.6256184922405326,,,3.490584402132918
1372,rho0.50_coupled,25,0.5,1.5061148540387088,1.674142757084225,,,3.1802576111229337
1373,rho0.50_coupled,25,0.5,0.8562695653923026,0.743604774935178,,,1.5998743403274807
1374,rho0.50_coupled,25,0.5,1.547317591174045,1.2099024437043941,,,2.757220034878439
1375,rho0.50_coupled,25,0.5,1.7339733286212304,1.5559640443692238,,,3.289937372990454
1376,rho0.50_coupled,25,0.5,1.1939127696067404,1.433135628461939,,,2.6270483980686796
1377,rho0.50_coupled,25,0.5,1.3391627928981045,1.023351340709119,,,2.3625141336072235
1378,rho0.50_coupled,25,0.5,1.3930960709147746,1.0759363050531652,,,2.46903237596794
1379,rho0.50_coupled,25,0.5,1.9612542768698167,1.5639330014053414,,,3.5251872782751583
1380,rho0.50_coupled,25,0.5,1.6458822419020094,1.3333000643953556,,,2.979182306297365
1381,rho0.50_coupled,25,0.5,1.9093480778971927,1.9518700044091783,,,3.861218082306371
1382,rho0.50_coupled,25,0.5,1.1662589659209746,1.4473584751118878,,,2.6136174410328623
1383,rho0.50_coupled,25,0.5,2.1499784552850616,1.7197072434629432,,,3.869685698748005
1384,rho0.50_coupled,25,0.5,1.2998943102419855,1.338280198368354,,,2.63817450861034
1385,rho0.50_coupled,25,0.5,1.3813283440273696,0.8182809249296373,,,2.199609268957007
1386,rho0.50_coupled,25,0.5,1.4804234945140706,1.1821736574946409,,,2.6625971520087113
1387,rho0.50_coupled,25,0.5,1.500043637452004,1.7298387227389769,,,3.229882360190981
1388,rho0.50_coupled,25,0.5,1.1503120499125479,1.2219652480403904,,,2.3722772979529383
1389,rho0.50_coupled,25,0.5,1.7345554699015748,1.671808807298879,,,3.4063642772004536
1390,rho0.50_coupled,25,0.5,1.989996092224086,1.3588742550289707,,,3.3488703472530568
1391,rho0.50_coupled,25,0.5,1.7917391923177746,1.6130547305146106,,,3.4047939228323854
1392,rho0.50_coupled,25,0.5,1.537421222374885,1.2726495744719053,,,2.8100707968467904
1393,rho0.50_coupled,25,0.5,1.2310430865108293,0.9030774308518035,,,2.134120517362633
1394,rho0.50_coupled,25,0.5,1.2449449383508786,1.1272359863159167,,,2.3721809246667953
1395,rho0.50_coupled,25,0.5,1.8227758793524653,1.8140835483882563,,,3.6368594277407214
1396,rho0.50_coupled,25,0.5,1.9020994727589542,1.6566675847491898,,,3.558767057508144
1397,rho0.50_coupled,25,0.5,1.2934608143753707,1.407192774597847,,,2.7006535889732177
1398,rho0.50_coupled,25,0.5,1.7276399376372997,1.6558818157073483,,,3.383521753344648
1399,rho0.50_coupled,25,0.5,1.6401340180297224,1.0347069208506514,,,2.674840938880374
1400,rho0.50_coupled,25,0.5,1.7309968890350442,1.5900201558938223,,,3.3210170449288663
1401,rho0.50_coupled,25,0.5,1.8294304103726289,1.4666831593482668,,,3.2961135697208954
1402,rho0.50_coupled,25,0.5,1.8878023673140065,1.5993144045853926,,,3.487116771899399
1403,rho0.50_coupled,25,0.5,1.3887973773950844,1.2788834947823495,,,2.667680872177434
1404,rho0.50_coupled,25,0.5,1.4589195560286312,1.425112776187232,,,2.884032332215863
1405,rho0.50_coupled,25,0.5,1.9139412403972478,1.9242460495502434,,,3.8381872899474914
1406,rho0.50_coupled,25,0.5,1.7602434108631941,1.341301550109992,,,3.101544960973186
1407,rho0.50_coupled,25,0.5,1.7531749841053592,1.561986669969004,,,3.3151616540743634
1408,rho0.50_coupled,25,0.5,1.6948914759802034,1.1163716973091624,,,2.811263173289366
1409,rho0.50_coupled,25,0.5,1.0932112931365565,1.2447059835068452,,,2.3379172766434015
1410,rho0.50_coupled,25,0.5,1.1874392677782122,1.2412007897491566,,,2.428640057527369
1411,rho0.50_coupled,25,0.5,1.1685843758782286,1.0088727449071122,,,2.177457120785341
1412,rho0.50_coupled,25,0.5,1.1296179306230156,1.1930349701910115,,,2.322652900814027
1413,rho0.50_coupled,25,0.5,1.8553093583957683,1.0847239930802475,,,2.940033351476016
1414,rho0.50_coupled,25,0.5,1.4605878379739732,0.9760531478083327,,,2.436640985782306
1415,rho0.50_coupled,25,0.5,1.4351588173763297,0.9196097191576412,,,2.354768536533971
1416,rho0.50_coupled,25,0.5,1.0114364252279338,1.1415440503250909,,,2.152980475553025
1417,rho0.50_coupled,25,0.5,1.6826864419900511,1.4079618679699408,,,3.0906483099599917
1418,rho0.50_coupled,25,0.5,1.5736799751516297,1.333354839025443,,,2.9070348141770728
1419,rho0.50_coupled,25,0.5,1.7240858904576433,1.4376406196616427,,,3.161726510119286
1420,rho0.50_coupled,25,0.5,1.6594622128395766,1.3317667075711845,,,2.9912289204107614
1421,rho0.50_coupled,25,0.5,1.7133138713232894,1.2433516638324662,,,2.9566655351557554
1422,rho0.50_coupled,25,0.5,1.421051914855973,1.4286293058330288,,,2.8496812206890016
1423,rho0.50_coupled,25,0.5,1.1578257270287793,0.7578418632166444,,,1.9156675902454237
1424,rho0.50_coupled,25,0.5,1.6891555779889251,1.5439803865664496,,,3.233135964555375
1425,rho0.50_coupled,25,0.5,1.6249343273275598,1.28217444784168,,,2.90710877516924
1426,rho0.50_coupled,25,0.5,1.2825781179790308,0.9612785945039264,,,2.243856712482957
1427,rho0.50_coupled,25,0.5,2.0823624966473053,1.9708197569772397,,,4.053182253624545
1428,rho0.50_coupled,25,0.5,1.334388692446208,1.0226908596402717,,,2.35707955208648
1429,rho0.50_coupled,25,0.5,1.0987282070342692,0.9559932963324101,,,2.0547215033666792
1430,rho0.50_coupled,25,0.5,1.3571666598673253,1.2262972212399843,,,2.58346388110731
1431,rho0.50_coupled,25,0.5,1.8095820265132452,1.3114076674023156,,,3.120989693915561
1432,rho0.50_coupled,25,0.5,1.5181502399850844,1.683809392676872,,,3.201959632661956
1433,rho0.50_coupled,25,0.5,1.676484252991181,1.4115299044017204,,,3.0880141573929016
1434,rho0.50_coupled,25,0.5,1.3011927600969195,1.1935559926170414,,,2.494748752713961
1435,rho0.50_coupled,25,0.5,1.482267633604093,0.8844728809613764,,,2.3667405145654694
1436,rho0.50_coupled,25,0.5,1.387930634478294,1.3308322184390722,,,2.718762852917366
1437,rho0.50_coupled,25,0.5,1.567818029192704,1.5502106705229053,,,3.1180286997156093
1438,rho0.50_coupled,25,0.5,1.2936859082064007,1.473028373215947,,,2.766714281422348
1439,rho0.50_coupled,25,0.5,1.845175478864475,1.4534063632662777,,,3.2985818421307527
1440,rho0.50_coupled,25,0.5,1.7814044333827495,1.492197222465968,,,3.2736016558487178
1441,rho0.50_coupled,25,0.5,1.8198100164153512,1.7728553451835491,,,3.5926653615989004
1442,rho0.50_coupled,25,0.5,1.7265012582082122,1.2621165957795553,,,2.9886178539877672
1443,rho0.50_coupled,25,0.5,1.3857964597457653,1.0178539978967234,,,2.4036504576424886
1444,rho0.50_coupled,25,0.5,1.507746414020831,1.2433679423920028,,,2.7511143564128338
1445,rho0.50_coupled,25,0.5,1.0857228832672257,1.265311620369378,,,2.351034503636604
1446,rho0.50_coupled,25,0.5,1.2279754251852204,1.2516760120489636,,,2.479651437234184
1447,rho0.50_coupled,25,0.5,2.0926234597716826,1.7675585064504817,,,3.8601819662221644
1448,rho0.50_coupled,25,0.5,1.7771092417204644,1.4737434425214888,,,3.250852684241953
1449,rho0.50_coupled,25,0.5,1.7243340579568056,1.5092701348095467,,,3.2336041927663524
1450,rho0.50_coupled,25,0.5,1.7018725938502886,1.1008070662937028,,,2.8026796601439914
1451,rho0.50_coupled,25,0.5,1.4798061663251187,1.1291704680281964,,,2.608976634353315
1452,rho0.50_coupled,25,0.5,1.5852752322944936,1.3181985068694602,,,2.903473739163954
1453,rho0.50_coupled,25,0.5,1.9419328013358474,1.7784204030879724,,,3.72035320442382
1454,rho0.50_coupled,25,0.5,0.8749776870929746,1.0595636151278192,,,1.9345413022207938
1455,rho0.50_coupled,25,0.5,1.1782013373962255,1.369494414692135,,,2.5476957520883605
1456,rho0.50_coupled,25,0.5,1.4379713884514793,1.3702878227287583,,,2.8082592111802374
1457,rho0.50_coupled,25,0.5,1.192801637588779,0.9750558321953644,,,2.1678574697841437
1458,rho0.50_coupled,25,0.5,1.3544721512469529,1.143238387571582,,,2.4977105388185348
1459,rho0.50_coupled,25,0.5,1.973346259607577,1.9136954101059995,,,3.8870416697135766
1460,rho0.50_coupled,25,0.5,1.0232531732736911,1.070449562670941,,,2.093702735944632
1461,rho0.50_coupled,25,0.5,2.0231787583497747,1.6957369977074284,,,3.718915756057203
1462,rho0.50_coupled,25,0.5,1.902793527510144,1.646003533904591,,,3.548797061414735
1463,rho0.50_coupled,25,0.5,1.4492249758718487,1.2279139036366764,,,2.677138879508525
1464,rho0.50_coupled,25,0.5,1.379461618540287,1.5355221800477283,,,2.9149837985880156
1465,rho0.50_coupled,25,0.5,1.5448740588972616,1.243489798014428,,,2.7883638569116895
1466,rho0.50_coupled,25,0.5,1.3605744753052502,1.2957259493387847,,,2.656300424644035
1467,rho0.50_coupled,25,0.5,1.5806528817712437,1.3279191935163308,,,2.9085720752875748
1468,rho0.50_coupled,25,0.5,1.4319767218800235,1.37567225339053,,,2.8076489752705536
1469,rho0.50_coupled,25,0.5,1.8081385220428134,1.4580055104809628,,,3.2661440325237763
1470,rho0.50_coupled,25,0.5,1.6213147594960675,1.1575268544226511,,,2.7788416139187184
1471,rho0.50_coupled,25,0.5,1.359331606965367,1.496248358445839,,,2.8555799654112057
1472,rho0.50_coupled,25,0.5,1.9445182745684877,1.7262711219693596,,,3.670789396537847
1473,rho0.50_coupled,25,0.5,1.0867208850691679,1.3943174092587054,,,2.481038294327873
1474,rho0.50_coupled,25,0.5,1.564167346870789,1.259815367587227,,,2.8239827144580163
1475,rho0.50_coupled,25,0.5,1.6161507911029487,1.3479582289975613,,,2.9641090201005103
1476,rho0.50_coupled,25,0.5,1.75899014267612,1.5416270501350084,,,3.3006171928111288
1477,rho0.50_coupled,25,0.5,1.378978518063906,0.8334046068900011,,,2.212383124953907
1478,rho0.50_coupled,25,0.5,1.3088060871089853,1.0191605005637525,,,2.327966587672738
1479,rho0.50_coupled,25,0.5,1.6101225684751361,1.1194733905394783,,,2.729595959014614
1480,rho0.50_coupled,25,0.5,2.0402615081952264,1.4153958244074099,,,3.4556573326026365
1481,rho0.50_coupled,25,0.5,1.6639249494029746,1.592708346087599,,,3.2566332954905737
1482,rho0.50_coupled,25,0.5,0.8647704302646324,1.0123016284342903,,,1.8770720586989227
1483,rho0.50_coupled,25,0.5,1.8338047056218416,1.4759625556496125,,,3.309767261271454
1484,rho0.50_coupled,25,0.5,1.492815542308549,1.1729462613269037,,,2.6657618036354527
1485,rho0.50_coupled,25,0.5,1.7760113577088037,1.5019588652194127,,,3.277970222928216
1486,rho0.50_coupled,25,0.5,1.9075614223055393,1.8023900083817643,,,3.709951430687304
1487,rho0.50_coupled,25,0.5,1.9312202168985073,1.691194381935428,,,3.6224145988339354
1488,rho0.50_coupled,25,0.5,1.8172162584784917,1.6567244813781772,,,3.473940739856669
1489,rho0.50_coupled,25,0.5,1.670956673543523,1.4439796882087697,,,3.1149363617522927
1490,rho0.50_coupled,25,0.5,1.6743525393273415,1.547767187631402,,,3.2221197269587436
1491,rho0.50_coupled,25,0.5,1.601647781326661,1.3008044691002514,,,2.9024522504269124
1492,rho0.50_coupled,25,0.5,1.712659518300569,1.0072599826188595,,,2.7199195009194286
1493,rho0.50_coupled,25,0.5,1.0486754916858612,1.200323017572718,,,2.248998509258579
1494,rho0.50_coupled,25,0.5,1.4626266679241708,1.608195828803884,,,3.070822496728055
1495,rho0.50_coupled,25,0.5,1.655719608702721,1.6784824958766649,,,3.334202104579386
1496,rho0.50_coupled,25,0.5,1.93192979303551,1.8266527228691682,,,3.758582515904678
1497,rho0.50_coupled,25,0.5,1.59872016946971,1.8002635615703753,,,3.398983731040085
1498,rho0.50_coupled,25,0.5,1.4451321249458886,1.3282551873878832,,,2.773387312333772
1499,rho0.50_coupled,25,0.5,1.1246005112996897,1.4548366217677318,,,2.5794371330674215
1500,rho0.50_coupled,25,0.5,0.9084251492461684,1.301632634690019,,,2.2100577839361875
1501,rho0.50_coupled,25,0.5,1.7720063556965433,1.6199181984481763,,,3.39192455414472
1502,rho0.50_coupled,25,0.5,1.7476246663474702,1.6779936405754574,,,3.4256183069229276
1503,rho0.50_coupled,25,0.5,1.4886550152432854,1.5379303653523528,,,3.0265853805956384
1504,rho0.50_coupled,25,0.5,1.861155047808487,1.2154941008042217,,,3.0766491486127086
1505,rho0.50_coupled,25,0.5,1.1954012006066772,1.6560020683766603,,,2.8514032689833373
1506,rho0.50_coupled,25,0.5,1.5940384251948543,1.4806567445854217,,,3.0746951697802762
1507,rho0.50_coupled,25,0.5,1.4024273025566298,1.6543366768969228,,,3.0567639794535526
1508,rho0.50_coupled,25,0.5,1.4804682464029577,1.1330126165929895,,,2.613480862995947
1509,rho0.50_coupled,25,0.5,1.5526353002615088,1.4533173224021696,,,3.0059526226636786
1510,rho0.50_coupled,25,0.5,1.9843085286259878,1.8216218412064047,,,3.8059303698323923
1511,rho0.50_coupled,25,0.5,1.6145885223276784,1.7843582363378254,,,3.3989467586655038
1512,rho0.50_coupled,25,0.5,1.4459807750544824,1.0699316161696417,,,2.5159123912241244
1513,rho0.50_coupled,25,0.5,1.513111162747856,1.0966400162392183,,,2.609751178987074
1514,rho0.50_coupled,25,0.5,1.6427100375303287,1.359918416381748,,,3.0026284539120764
1515,rho0.50_coupled,25,0.5,1.2878813791761727,1.094731419692131,,,2.382612798868304
1516,rho0.50_coupled,25,0.5,1.1122123137793571,1.0062562817260003,,,2.1184685955053575
1517,rho0.50_coupled,25,0.5,1.5567027192111933,1.2139650693782797,,,2.7706677885894733
1518,rho0.50_coupled,25,0.5,1.5012949475273172,0.6904106796302684,,,2.1917056271575857
1519,rho0.50_coupled,25,0.5,1.3553791622100895,1.6960532328681643,,,3.051432395078254
1520,rho0.50_coupled,25,0.5,1.5922851861340654,1.9321477718242213,,,3.524432957958287
1521,rho0.50_coupled,25,0.5,1.2163505343467267,1.5605006350086015,,,2.776851169355328
1522,rho0.50_coupled,25,0.5,1.241169158529253,1.4163283537071496,,,2.657497512236403
1523,rho0.50_coupled,25,0.5,1.5942945403221973,1.5415229158360417,,,3.135817456158239
1524,rho0.50_coupled,25,0.5,2.0002107396830784,1.4676789263255312,,,3.4678896660086096
1525,rho0.50_coupled,25,0.5,1.94205298657853,1.3797584598693649,,,3.321811446447895
1526,rho0.50_coupled,25,0.5,1.4375009432501151,1.137595090020067,,,2.5750960332701824
1527,rho0.50_coupled,25,0.5,1.6406625763102372,1.9860525775742714,,,3.6267151538845086
1528,rho0.50_coupled,25,0.5,1.2587684394753533,0.9871911865515295,,,2.245959626026883
1529,rho0.50_coupled,25,0.5,1.3366976799089476,1.280152023320188,,,2.6168497032291356
1530,rho0.50_coupled,25,0.5,1.8434331471113883,1.1307767147657615,,,2.9742098618771498
1531,rho0.50_coupled,25,0.5,1.8420132338678015,0.985601641615273,,,2.8276148754830746
1532,rho0.50_coupled,25,0.5,1.7590864780978532,1.5065476658025823,,,3.2656341439004355
1533,rho0.50_coupled,25,0.5,1.220589296916256,0.9258488846960689,,,2.146438181612325
1534,rho0.50_coupled,25,0.5,1.1978742415572636,1.0326443062982544,,,2.2305185478555183
1535,rho0.50_coupled,25,0.5,1.7659443837725495,1.6337541369953743,,,3.399698520767924
1536,rho0.50_coupled,25,0.5,1.3051637048765075,1.0554818565630524,,,2.3606455614395596
1537,rho0.50_coupled,25,0.5,1.6025333040616656,1.507124244289837,,,3.1096575483515023
1538,rho0.50_coupled,25,0.5,1.481357298055416,1.3730483674945044,,,2.8544056655499204
1539,rho0.50_coupled,25,0.5,1.5535026314864653,1.4098930152425022,,,2.9633956467289675
1540,rho0.50_coupled,25,0.5,1.5059361239439455,1.1623668937179794,,,2.668303017661925
1541,rho0.50_coupled,25,0.5,1.112745823077196,1.3557138492057434,,,2.4684596722829397
1542,rho0.50_coupled,25,0.5,1.4621500541943087,1.5248228362564988,,,2.9869728904508075
1543,rho0.50_coupled,25,0.5,1.5409849525348647,1.7230711240120131,,,3.264056076546878
1544,rho0.50_coupled,25,0.5,0.8372120898278803,0.9509361683528608,,,1.788148258180741
1545,rho0.50_coupled,25,0.5,1.862466951933556,1.8297021371260405,,,3.6921690890595964
1546,rho0.50_coupled,25,0.5,1.2396625897790376,1.1746425589998262,,,2.4143051487788636
1547,rho0.50_coupled,25,0.5,1.6985627424944232,1.5087976878278921,,,3.207360430322315
1548,rho0.50_coupled,25,0.5,1.571338621915387,1.5362040196901405,,,3.1075426416055274
1549,rho0.50_coupled,25,0.5,1.644156460460876,1.5857824595838501,,,3.2299389200447264
1550,rho0.50_coupled,25,0.5,1.746897846641117,1.5856677672777115,,,3.3325656139188284
1551,rho0.50_coupled,25,0.5,0.9845530158176501,1.1843247525427563,,,2.1688777683604066
1552,rho0.50_coupled,25,0.5,1.9425070041409853,1.4339225675129603,,,3.3764295716539454
1553,rho0.50_coupled,25,0.5,2.0297086239289186,1.4822473748050398,,,3.511955998733958
1554,rho0.50_coupled,25,0.5,1.3112081636547142,0.9182512379492618,,,2.229459401603976
1555,rho0.50_coupled,25,0.5,1.3013150664380853,1.5919255222279722,,,2.8932405886660577
1556,rho0.50_coupled,25,0.5,0.7218653235213457,1.003079361781344,,,1.7249446853026897
1557,rho0.50_coupled,25,0.5,1.7488980011653976,1.2093419353025359,,,2.9582399364679333
1558,rho0.50_coupled,25,0.5,1.9794404663759744,1.534648351721586,,,3.5140888180975605
1559,rho0.50_coupled,25,0.5,1.7635780686422904,1.507658991863387,,,3.271237060505677
1560,rho0.50_coupled,25,0.5,1.483185131949854,0.9439802356956853,,,2.4271653676455394
1561,rho0.50_coupled,25,0.5,1.9499809374432406,1.7483029373592114,,,3.698283874802452
1562,rho0.50_coupled,25,0.5,1.5125351262160873,1.1653687021626966,,,2.677903828378784
1563,rho0.50_coupled,25,0.5,1.2702673675773835,0.9515019782589798,,,2.221769345836363
1564,rho0.50_coupled,25,0.5,1.7916961689227857,1.5307172596819438,,,3.3224134286047295
1565,rho0.50_coupled,25,0.5,1.619806596540272,1.4903209769278283,,,3.1101275734681
1566,rho0.50_coupled,25,0.5,1.6701635186611903,1.2748722189951882,,,2.9450357376563785
1567,rho0.50_coupled,25,0.5,1.51400955365742,1.4215200384036737,,,2.9355295920610938
1568,rho0.50_coupled,25,0.5,1.3218694995114162,1.2019959450487374,,,2.523865444560154
1569,rho0.50_coupled,25,0.5,1.3748880274606572,1.2545980536694574,,,2.6294860811301146
1570,rho0.50_coupled,25,0.5,2.232694946339334,1.6674490362836056,,,3.9001439826229394
1571,rho0.50_coupled,25,0.5,1.1377573109725514,1.4221409140053036,,,2.559898224977855
1572,rho0.50_coupled,25,0.5,1.9001269774513994,1.3664587024621384,,,3.266585679913538
1573,rho0.50_coupled,25,0.5,1.2973846583067417,1.1237010269567584,,,2.4210856852635
1574,rho0.50_coupled,25,0.5,1.7689092154571764,1.1829428679479805,,,2.951852083405157
1575,rho0.50_coupled,25,0.5,1.3943074194099812,1.3558942500445725,,,2.7502016694545537
1576,rho0.50_coupled,25,0.5,1.4951476820420733,2.027560011109347,,,3.5227076931514203
1577,rho0.50_coupled,25,0.5,1.222504528772165,1.3159615772540805,,,2.5384661060262452
1578,rho0.50_coupled,25,0.5,1.3534157723642217,1.3397333717319737,,,2.6931491440961954
1579,rho0.50_coupled,25,0.5,1.3764131319596646,1.324518180078069,,,2.7009313120377336
1580,rho0.50_coupled,25,0.5,1.1418653393358391,1.367094480218265,,,2.508959819554104
1581,rho0.50_coupled,25,0.5,1.2751068469155957,1.3997083347734576,,,2.6748151816890533
1582,rho0.50_coupled,25,0.5,1.6067613988107416,1.161351218709673,,,2.7681126175204147
1583,rho0.50_coupled,25,0.5,1.4524266859021175,1.2290426762378963,,,2.681469362140014
1584,rho0.50_coupled,25,0.5,1.749965691851412,1.1548535529239046,,,2.9048192447753163
1585,rho0.50_coupled,25,0.5,1.354224288639029,1.2120344141057249,,,2.566258702744754
1586,rho0.50_coupled,25,0.5,1.926350838823321,1.5757185217327485,,,3.5020693605560695
1587,rho0.50_coupled,25,0.5,1.3154382685670132,1.2789873202078665,,,2.5944255887748797
1588,rho0.50_coupled,25,0.5,1.5907918445152556,1.505966471250123,,,3.0967583157653786
1589,rho0.50_coupled,25,0.5,1.6330211914812796,1.2684979041389666,,,2.9015190956202463
1590,rho0.50_coupled,25,0.5,1.5720809857014442,1.1553588221285607,,,2.727439807830005
1591,rho0.50_coupled,25,0.5,1.7711516522053614,1.0676719043897744,,,2.838823556595136
1592,rho0.50_coupled,25,0.5,1.4703651515483682,1.209530975578938,,,2.6798961271273063
1593,rho0.50_coupled,25,0.5,1.7664698703715722,1.2606142578893185,,,3.0270841282608907
1594,rho0.50_coupled,25,0.5,1.3959890872275023,1.3630700540607392,,,2.7590591412882413
1595,rho0.50_coupled,25,0.5,1.1761705134180438,1.3480817305659858,,,2.5242522439840296
1596,rho0.50_coupled,25,0.5,1.1475072068690528,1.2616070156941648,,,2.4091142225632174
1597,rho0.50_coupled,25,0.5,1.5741302657687206,1.6556031598405296,,,3.2297334256092505
1598,rho0.50_coupled,25,0.5,1.244612544597078,1.1919273896422367,,,2.4365399342393146
1599,rho0.50_coupled,25,0.5,2.3261596629116346,1.6882789747761489,,,4.014438637687784
1600,rho0.50_coupled,25,0.5,1.4826872848767607,1.880839964527326,,,3.3635272494040866
1601,rho0.50_coupled,25,0.5,1.7515433801167113,1.4760389288810838,,,3.2275823089977953
1602,rho0.50_coupled,25,0.5,1.6711263873104893,1.1234209174603382,,,2.794547304770828
1603,rho0.50_coupled,25,0.5,1.2209853965640187,1.267530423588774,,,2.488515820152793
1604,rho0.50_coupled,25,0.5,2.198237134510295,1.503967025672519,,,3.702204160182814
1605,rho0.50_coupled,25,0.5,1.571166843544132,1.355229168522888,,,2.92639601206702
1606,rho0.50_coupled,25,0.5,1.4543102815537572,1.3999909264692902,,,2.854301208023047
1607,rho0.50_coupled,25,0.5,1.733565706181111,1.5251517443222113,,,3.2587174505033225
1608,rho0.50_coupled,25,0.5,1.5370484622063831,1.4786648427199953,,,3.0157133049263782
1609,rho0.50_coupled,25,0.5,1.7997945337899233,1.50893244759097,,,3.308726981380893
1610,rho0.50_coupled,25,0.5,1.0555708849725225,1.3052931511528294,,,2.360864036125352
1611,rho0.50_coupled,25,0.5,1.7191984687874562,1.0237264260516596,,,2.742924894839116
1612,rho0.50_coupled,25,0.5,1.7631038679695274,1.4197785466736967,,,3.182882414643224
1613,rho0.50_coupled,25,0.5,1.0215147583001332,1.4471883301443536,,,2.468703088444487
1614,rho0.50_coupled,25,0.5,1.385058685974696,0.999987744181761,,,2.385046430156457
1615,rho0.50_coupled,25,0.5,1.74697625117818,1.2828333329641692,,,3.029809584142349
1616,rho0.50_coupled,25,0.5,1.6756007215841735,1.0361208452241135,,,2.7117215668082872
1617,rho0.50_coupled,25,0.5,1.6777121986852102,1.5085081396811708,,,3.1862203383663807
1618,rho0.50_coupled,25,0.5,1.3571257935192191,1.3077376477868088,,,2.6648634413060277
1619,rho0.50_coupled,25,0.5,1.9843120622145636,1.7300588928271274,,,3.714370955041691
1620,rho0.50_coupled,25,0.5,1.5721112975722566,1.2100306239739729,,,2.7821419215462297
1621,rho0.50_coupled,25,0.5,1.7667700359480896,1.4135703998102942,,,3.1803404357583838
1622,rho0.50_coupled,25,0.5,1.103595197364232,1.3042083836209228,,,2.4078035809851546
1623,rho0.50_coupled,25,0.5,1.565692812042202,1.4602026560768253,,,3.0258954681190273
1624,rho0.50_coupled,25,0.5,1.5397786364329025,1.6401100489423577,,,3.17988868537526
1625,rho0.50_coupled,25,0.5,1.6814989692856177,1.549342601961456,,,3.2308415712470735
1626,rho0.50_coupled,25,0.5,1.911837194699303,1.347437436892613,,,3.259274631591916
1627,rho0.50_coupled,25,0.5,1.3122822661103357,1.16796864662675,,,2.4802509127370858
1628,rho0.50_coupled,25,0.5,1.4366617673716138,1.0663673657539685,,,2.5030291331255823
1629,rho0.50_coupled,25,0.5,1.8589557103706387,1.7361476961109892,,,3.595103406481628
1630,rho0.50_coupled,25,0.5,0.9357479009811144,1.0853010657147601,,,2.0210489666958744
1631,rho0.50_coupled,25,0.5,1.053292026135665,1.0110054542258518,,,2.0642974803615166
1632,rho0.50_coupled,25,0.5,1.5094524780364789,1.4867593355992894,,,2.9962118136357683
1633,rho0.50_coupled,25,0.5,1.284488400431228,1.091326996191911,,,2.375815396623139
1634,rho0.50_coupled,25,0.5,1.8757107257497436,1.8646367508617123,,,3.740347476611456
1635,rho0.50_coupled,25,0.5,1.1028821753706524,1.0708821679896479,,,2.1737643433603004
1636,rho0.50_coupled,25,0.5,1.682597102455471,1.277419616044512,,,2.9600167184999826
1637,rho0.50_coupled,25,0.5,1.3475093920178864,1.468319829659877,,,2.815829221677763
1638,rho0.50_coupled,25,0.5,1.1744389168144185,0.9397183187352357,,,2.114157235549654
1639,rho0.50_coupled,25,0.5,1.0208083224766606,1.0334491016413707,,,2.054257424118031
1640,rho0.50_coupled,25,0.5,2.0336748886739455,1.4069755766659966,,,3.4406504653399423
1641,rho0.50_coupled,25,0.5,1.1166912775984368,1.3571648336906272,,,2.473856111289064
1642,rho0.50_coupled,25,0.5,1.618728431518751,1.4752846970934268,,,3.0940131286121777
1643,rho0.50_coupled,25,0.5,1.148230861503691,1.157903821578201,,,2.3061346830818916
1644,rho0.50_coupled,25,0.5,1.3587062494563837,1.669921732073135,,,3.0286279815295187
1645,rho0.50_coupled,25,0.5,1.5962593976109436,1.3681346428849646,,,2.9643940404959084
1646,rho0.50_coupled,25,0.5,1.737017009729015,1.479576843787337,,,3.216593853516352
1647,rho0.50_coupled,25,0.5,1.8201334189177802,1.7146329928673087,,,3.534766411785089
1648,rho0.50_coupled,25,0.5,1.5638553298996234,1.4822379204054206,,,3.046093250305044
1649,rho0.50_coupled,25,0.5,1.722242715342311,2.1884641141413335,,,3.9107068294836447
1650,rho0.50_coupled,25,0.5,1.707805444890631,1.420994492732839,,,3.1287999376234703
1651,rho0.50_coupled,25,0.5,1.5240156372105567,1.3019415202392197,,,2.8259571574497766
1652,rho0.50_coupled,25,0.5,1.714879939934834,1.4787483136603297,,,3.193628253595164
1653,rho0.50_coupled,25,0.5,1.5346259252013246,1.5038187095158966,,,3.038444634717221
1654,rho0.50_coupled,25,0.5,1.406926269619471,1.2188501987721954,,,2.6257764683916665
1655,rho0.50_coupled,25,0.5,1.7235726980743702,1.809788795132302,,,3.533361493206672
1656,rho0.50_coupled,25,0.5,1.6831633870369,1.244713425982553,,,2.927876813019453
1657,rho0.50_coupled,25,0.5,0.892666696460323,1.2561160497437782,,,2.1487827462041014
1658,rho0.50_coupled,25,0.5,1.2341569538565276,1.0568066249389796,,,2.290963578795507
1659,rho0.50_coupled,25,0.5,1.57773025399199,1.3663706089294563,,,2.944100862921446
1660,rho0.50_coupled,25,0.5,1.594585165694268,1.099061148863153,,,2.693646314557421
1661,rho0.50_coupled,25,0.5,1.2134539188746043,1.2470621581290013,,,2.4605160770036054
1662,rho0.50_coupled,25,0.5,1.754085043107137,1.4487554716070628,,,3.2028405147142
1663,rho0.50_coupled,25,0.5,1.1331456134516775,0.8873260183624546,,,2.0204716318141323
1664,rho0.50_coupled,25,0.5,1.784059435400425,1.4821784873356547,,,3.26623792273608
1665,rho0.50_coupled,25,0.5,1.457840269714522,0.9254906402827126,,,2.383330909997235
1666,rho0.50_coupled,25,0.5,1.0531529887488555,1.4233196345255965,,,2.476472623274452
1667,rho0.50_coupled,25,0.5,1.9840307721369408,1.7138495233429594,,,3.6978802954799
1668,rho0.50_coupled,25,0.5,1.4769804857114093,1.4849441445176108,,,2.96192463022902
1669,rho0.50_coupled,25,0.5,1.5372398778487617,1.4689555418898985,,,3.0061954197386602
1670,rho0.50_coupled,25,0.5,1.5921919871108001,1.465975262833752,,,3.0581672499445522
1671,rho0.50_coupled,25,0.5,1.8052546576537978,1.3066756974286557,,,3.1119303550824533
1672,rho0.50_coupled,25,0.5,1.6900825388304586,1.130315868193374,,,2.8203984070238324
1673,rho0.50_coupled,25,0.5,1.8152577443473374,1.7511305584661025,,,3.56638830281344
1674,rho0.50_coupled,25,0.5,1.5178312161395358,1.3037498375246208,,,2.821581053664157
1675,rho0.50_coupled,25,0.5,1.4619173166953494,1.4151815969342563,,,2.877098913629606
1676,rho0.50_coupled,25,0.5,1.379887433396466,1.40413966595345,,,2.784027099349916
1677,rho0.50_coupled,25,0.5,1.45004137868285,1.3163857258455522,,,2.766427104528402
1678,rho0.50_coupled,25,0.5,1.8972125333821495,1.6680592039714797,,,3.565271737353629
1679,rho0.50_coupled,25,0.5,1.9986070418977853,1.6578184641457328,,,3.656425506043518
1680,rho0.50_coupled,25,0.5,1.6282687073601474,1.4430922410867042,,,3.0713609484468516
1681,rho0.50_coupled,25,0.5,1.562220017259677,1.5817643200067781,,,3.1439843372664553
1682,rho0.50_coupled,25,0.5,1.6423301722094412,1.2407862188759513,,,2.8831163910853927
1683,rho0.50_coupled,25,0.5,1.0047939289758252,1.2388985051458177,,,2.243692434121643
1684,rho0.50_coupled,25,0.5,2.005254055575942,1.6431035887692764,,,3.6483576443452184
1685,rho0.50_coupled,25,0.5,0.8075746574243869,0.8957636494342072,,,1.703338306858594
1686,rho0.50_coupled,25,0.5,1.271683958479684,1.0884883657493076,,,2.3601723242289916
1687,rho0.50_coupled,25,0.5,1.0405902662381712,1.0192700650286113,,,2.0598603312667825
1688,rho0.50_coupled,25,0.5,1.7158733711566587,1.4136624063226206,,,3.1295357774792794
1689,rho0.50_coupled,25,0.5,1.3844871355323203,1.3707498698550609,,,2.7552370053873814
1690,rho0.50_coupled,25,0.5,0.8692289711344341,0.9770279485121385,,,1.8462569196465726
1691,rho0.50_coupled,25,0.5,1.4257116484776828,1.0538759564564377,,,2.4795876049341206
1692,rho0.50_coupled,25,0.5,1.6454408171266393,1.3018942107397131,,,2.9473350278663526
1693,rho0.50_coupled,25,0.5,1.4459449659037258,1.1032352379471781,,,2.549180203850904
1694,rho0.50_coupled,25,0.5,1.5852629673415009,1.4902668990789654,,,3.0755298664204664
1695,rho0.50_coupled,25,0.5,1.128777016396446,0.846770894025596,,,1.975547910422042
1696,rho0.50_coupled,25,0.5,0.9751326798310542,0.9994446542115802,,,1.9745773340426345
1697,rho0.50_coupled,25,0.5,1.655592859939631,1.80918656565756,,,3.4647794255971913
1698,rho0.50_coupled,25,0.5,1.580544719744713,1.378948119539005,,,2.959492839283718
1699,rho0.50_coupled,25,0.5,1.4358111241414744,1.3600341440579689,,,2.795845268199443
1700,rho0.50_coupled,25,0.5,1.429559433458491,1.473275983990007,,,2.9028354174484976
1701,rho0.50_coupled,25,0.5,1.5014998081179813,1.130565998561605,,,2.632065806679586
1702,rho0.50_coupled,25,0.5,1.227553713085919,1.3617800084842082,,,2.589333721570127
1703,rho0.50_coupled,25,0.5,1.3108793304141528,1.0104002483779722,,,2.321279578792125
1704,rho0.50_coupled,25,0.5,2.2773538039788246,1.5401401904118122,,,3.8174939943906367
1705,rho0.50_coupled,25,0.5,1.533599808512077,1.3103977838394485,,,2.8439975923515255
1706,rho0.50_coupled,25,0.5,1.1961805306471665,1.2205479346075114,,,2.416728465254678
1707,rho0.50_coupled,25,0.5,1.0867415607278084,1.2253527921709897,,,2.3120943528987983
1708,rho0.50_coupled,25,0.5,1.6583574333856705,1.4721730192667999,,,3.1305304526524704
1709,rho0.50_coupled,25,0.5,1.5137946160826499,1.3150896831478065,,,2.8288842992304564
1710,rho0.50_coupled,25,0.5,1.6128968437358289,0.9879947208994703,,,2.6008915646352992
1711,rho0.50_coupled,25,0.5,1.757443259422127,1.751687929935466,,,3.5091311893575927
1712,rho0.50_coupled,25,0.5,1.2176689647337833,1.0847902972179497,,,2.302459261951733
1713,rho0.50_coupled,25,0.5,1.4722411796767387,1.474351046233729,,,2.946592225910468
1714,rho0.50_coupled,25,0.5,1.7830874825839433,1.5637372203528683,,,3.3468247029368117
1715,rho0.50_coupled,25,0.5,1.7280087505610087,1.7594745678459616,,,3.4874833184069702
1716,rho0.50_coupled,25,0.5,1.1400641509436913,1.6385609903577514,,,2.7786251413014424
1717,rho0.50_coupled,25,0.5,1.5650846758290762,1.6938775290228758,,,3.2589622048519518
1718,rho0.50_coupled,25,0.5,1.8504847428324744,1.746484269229737,,,3.5969690120622113
1719,rho0.50_coupled,25,0.5,1.862586141211612,1.385117054377718,,,3.24770319558933
1720,rho0.50_coupled,25,0.5,1.56603007543278,1.4833881139788836,,,3.0494181894116634
1721,rho0.50_coupled,25,0.5,1.4211599912086381,1.6935473917803243,,,3.1147073829889624
1722,rho0.50_coupled,25,0.5,1.8441299344405138,1.2156927655173644,,,3.059822699957878
1723,rho0.50_coupled,25,0.5,1.551010021924539,1.5131874134851229,,,3.064197435409662
1724,rho0.50_coupled,25,0.5,1.3043266389155388,0.9266447134491294,,,2.2309713523646684
1725,rho0.50_coupled,25,0.5,2.2222361287034977,1.697472430267854,,,3.919708558971352
1726,rho0.50_coupled,25,0.5,2.0886797044699006,1.6933518340477032,,,3.7820315385176038
1727,rho0.50_coupled,25,0.5,1.4668887064657352,1.5770018130313186,,,3.0438905194970536
1728,rho0.50_coupled,25,0.5,1.5832321236987876,1.10224560118807,,,2.6854777248868578
1729,rho0.50_coupled,25,0.5,1.4210797671967788,1.3158960548862024,,,2.7369758220829814
1730,rho0.50_coupled,25,0.5,1.5197922978214107,1.4992780072430278,,,3.0190703050644387
1731,rho0.50_coupled,25,0.5,1.0588178122576446,1.0011929308965557,,,2.0600107431542005
1732,rho0.50_coupled,25,0.5,1.6016875889801252,1.2879383200750236,,,2.889625909055149
1733,rho0.50_coupled,25,0.5,1.669300872079996,1.3993768204671566,,,3.0686776925471526
1734,rho0.50_coupled,25,0.5,1.825652264350666,1.3726100782385569,,,3.198262342589223
1735,rho0.50_coupled,25,0.5,1.3844826795865324,1.5328770053311476,,,2.91735968491768
1736,rho0.50_coupled,25,0.5,1.3643676860811675,1.0497826834241304,,,2.4141503695052977
1737,rho0.50_coupled,25,0.5,1.4589886182929324,1.3089291781207362,,,2.7679177964136685
1738,rho0.50_coupled,25,0.5,1.7601533457547278,1.441197174182731,,,3.201350519937459
1739,rho0.50_coupled,25,0.5,1.5622273721989022,1.1723285651301252,,,2.734555937329027
1740,rho0.50_coupled,25,0.5,1.220837612284559,0.9824953735060925,,,2.2033329857906514
1741,rho0.50_coupled,25,0.5,1.395771123511647,1.463954600704646,,,2.8597257242162932
1742,rho0.50_coupled,25,0.5,1.5084873787163895,1.4673509077041305,,,2.9758382864205197
1743,rho0.50_coupled,25,0.5,1.2777083535454288,1.2362865575694637,,,2.5139949111148923
1744,rho0.50_coupled,25,0.5,1.8095460041947775,1.4010771009606922,,,3.2106231051554697
1745,rho0.50_coupled,25,0.5,1.9181838772261628,1.481838192904497,,,3.40002207013066
1746,rho0.50_coupled,25,0.5,1.3067751648610089,1.0585995669461377,,,2.3653747318071465
1747,rho0.50_coupled,25,0.5,1.9801996510549804,1.6070549728620764,,,3.587254623917057
1748,rho0.50_coupled,25,0.5,1.6845881261445095,1.9066164674244692,,,3.5912045935689787
1749,rho0.50_coupled,25,0.5,1.5077089382708748,1.2863349624862725,,,2.7940439007571474
1750,rho0.50_coupled,25,0.5,1.7444574193554063,1.7340137634024293,,,3.4784711827578354
1751,rho0.50_coupled,25,0.5,1.3039382748766388,0.982542871603589,,,2.2864811464802277
1752,rho0.50_coupled,25,0.5,1.556276899586226,1.1058391307382294,,,2.662116030324455
1753,rho0.50_coupled,25,0.5,1.8085305240881584,1.4828735397797554,,,3.2914040638679136
1754,rho0.50_coupled,25,0.5,1.3646527461295033,1.3406453266253517,,,2.705298072754855
1755,rho0.50_coupled,25,0.5,1.7185598813132406,1.0960783399874192,,,2.81463822130066
1756,rho0.50_coupled,25,0.5,1.312264840821812,1.6037680591896009,,,2.916032900011413
1757,rho0.50_coupled,25,0.5,1.5968133681164678,1.2994578495102207,,,2.8962712176266887
1758,rho0.50_coupled,25,0.5,1.9554908555510861,1.0627188452407514,,,3.0182097007918376
1759,rho0.50_coupled,25,0.5,1.8826205227429873,1.31932943302706,,,3.201949955770047
1760,rho0.50_coupled,25,0.5,1.304713201590814,1.2313350100690748,,,2.536048211659889
1761,rho0.50_coupled,25,0.5,1.9003211555397175,1.547643678262824,,,3.4479648338025415
1762,rho0.50_coupled,25,0.5,1.196769250482579,1.2617785355483164,,,2.4585477860308957
1763,rho0.50_coupled,25,0.5,1.4392696415914519,1.0942996703354224,,,2.5335693119268745
1764,rho0.50_coupled,25,0.5,1.791403024909309,1.3676620121171188,,,3.1590650370264277
1765,rho0.50_coupled,25,0.5,1.4562350984183148,1.2931211736933033,,,2.7493562721116183
1766,rho0.50_coupled,25,0.5,2.0356709378352127,1.3774504320898793,,,3.4131213699250917
1767,rho0.50_coupled,25,0.5,1.8111311584920111,1.52968264335601,,,3.340813801848021
1768,rho0.50_coupled,25,0.5,1.6173268325721573,1.3913483926976529,,,3.00867522526981
1769,rho0.50_coupled,25,0.5,1.2982837790422441,1.2322361518364393,,,2.5305199308786834
1770,rho0.50_coupled,25,0.5,1.6614137266001445,1.4621671264905245,,,3.123580853090669
1771,rho0.50_coupled,25,0.5,1.332488492670662,1.2797623614138471,,,2.6122508540845093
1772,rho0.50_coupled,25,0.5,1.8997008214800042,1.2191795080430659,,,3.11888032952307
1773,rho0.50_coupled,25,0.5,1.3986297601873412,1.5755565728010186,,,2.97418633298836
1774,rho0.50_coupled,25,0.5,1.9753483496966946,1.6461801970599674,,,3.621528546756662
1775,rho0.50_coupled,25,0.5,1.8916545190198244,1.5899038799929177,,,3.481558399012742
1776,rho0.50_coupled,25,0.5,1.6629511367640515,1.594443601603254,,,3.2573947383673056
1777,rho0.50_coupled,25,0.5,1.3484277539215124,1.6075261577022828,,,2.955953911623795
1778,rho0.50_coupled,25,0.5,1.4253722747891215,1.5427643351595004,,,2.9681366099486217
1779,rho0.50_coupled,25,0.5,1.409653741502452,1.249428139276742,,,2.659081880779194
1780,rho0.50_coupled,25,0.5,0.8996528504556385,1.1910918910407193,,,2.0907447414963576
1781,rho0.50_coupled,25,0.5,1.4739782434845248,1.2136307513741693,,,2.687608994858694
1782,rho0.50_coupled,25,0.5,1.9753943806765544,1.5165222322216538,,,3.4919166128982084
1783,rho0.50_coupled,25,0.5,1.548576399665359,1.4779133249670706,,,3.0264897246324294
1784,rho0.50_coupled,25,0.5,1.5874434760771357,1.505814348529862,,,3.0932578246069977
1785,rho0.50_coupled,25,0.5,1.406259870171729,1.2409052100064675,,,2.6471650801781967
1786,rho0.50_coupled,25,0.5,1.8043215145892986,1.2846054896794188,,,3.0889270042687174
1787,rho0.50_coupled,25,0.5,1.5224924579911419,1.212767899121344,,,2.7352603571124856
1788,rho0.50_coupled,25,0.5,1.1539049395527834,1.3785396794705176,,,2.532444619023301
1789,rho0.50_coupled,25,0.5,1.931922943085183,1.2462381279340744,,,3.1781610710192574
1790,rho0.50_coupled,25,0.5,1.3187977538064857,1.5055114698785514,,,2.824309223685037
1791,rho0.50_coupled,25,0.5,1.7693479322685626,1.3683402844036892,,,3.1376882166722515
1792,rho0.50_coupled,25,0.5,1.9012260947420128,1.222798408944083,,,3.124024503686096
1793,rho0.50_coupled,25,0.5,1.5383596069839274,1.054181229774152,,,2.5925408367580793
1794,rho0.50_coupled,25,0.5,1.6257067572117831,1.0937536647378605,,,2.719460421949644
1795,rho0.50_coupled,25,0.5,1.771909029169048,1.539094943125928,,,3.311003972294976
1796,rho0.50_coupled,25,0.5,1.80944911720367,1.6779372972664799,,,3.4873864144701496
1797,rho0.50_coupled,25,0.5,1.6296035274011798,1.5351009728024652,,,3.164704500203645
1798,rho0.50_coupled,25,0.5,1.9969497970432426,1.4076768298241407,,,3.4046266268673833
1799,rho0.50_coupled,25,0.5,1.8596992755216126,1.6642800715721817,,,3.5239793470937943
1800,rho0.50_coupled,25,0.5,1.5330669896680371,1.3112746685029857,,,2.8443416581710226
1801,rho0.50_coupled,25,0.5,1.80846569637662,1.5713336841847403,,,3.3797993805613604
1802,rho0.50_coupled,25,0.5,1.5812916094725027,1.0999402203167021,,,2.681231829789205
1803,rho0.50_coupled,25,0.5,2.11019007786769,1.879478181868636,,,3.9896682597363258
1804,rho0.50_coupled,25,0.5,1.2202308162502442,0.7909935843202267,,,2.011224400570471
1805,rho0.50_coupled,25,0.5,1.224958201875902,1.1534036751891041,,,2.3783618770650063
1806,rho0.50_coupled,25,0.5,1.3531888140091082,1.6003171494134156,,,2.953505963422524
1807,rho0.50_coupled,25,0.5,1.951125839738572,1.496937319798714,,,3.448063159537286
1808,rho0.50_coupled,25,0.5,1.422791729504648,1.3432150935145777,,,2.7660068230192256
1809,rho0.50_coupled,25,0.5,2.111403696293419,1.658493974042297,,,3.769897670335716
1810,rho0.50_coupled,25,0.5,1.7210363847838426,1.3062898195017383,,,3.027326204285581
1811,rho0.50_coupled,25,0.5,1.6576701611307518,1.292421199844168,,,2.9500913609749198
1812,rho0.50_coupled,25,0.5,1.523639434814641,1.952996915516231,,,3.476636350330872
1813,rho0.50_coupled,25,0.5,1.7920264246408388,1.908803442414487,,,3.700829867055326
1814,rho0.50_coupled,25,0.5,1.4013662063612937,1.1865912464854618,,,2.5879574528467555
1815,rho0.50_coupled,25,0.5,1.7490557329422698,1.5082749611801038,,,3.2573306941223734
1816,rho0.50_coupled,25,0.5,1.5649168755591476,1.7518507627759725,,,3.3167676383351203
1817,rho0.50_coupled,25,0.5,1.5652826100774024,1.5166387649433322,,,3.081921375020735
1818,rho0.50_coupled,25,0.5,2.0541156048289357,1.2566409401347935,,,3.3107565449637293
1819,rho0.50_coupled,25,0.5,1.6159263214711088,1.1764199094963987,,,2.7923462309675076
1820,rho0.50_coupled,25,0.5,1.5502971441909068,1.5052583495372411,,,3.055555493728148
1821,rho0.50_coupled,25,0.5,2.448349513255934,1.6985493404279037,,,4.146898853683838
1822,rho0.50_coupled,25,0.5,2.023517909865796,1.5287751594863221,,,3.5522930693521184
1823,rho0.50_coupled,25,0.5,1.5286381734970913,1.2037919492973173,,,2.7324301227944083
1824,rho0.50_coupled,25,0.5,1.4065051353823228,1.1606219913780316,,,2.5671271267603544
1825,rho0.50_coupled,25,0.5,1.3752617914646164,1.205645135512049,,,2.5809069269766653
1826,rho0.50_coupled,25,0.5,1.2855104129586117,1.4843596992756511,,,2.769870112234263
1827,rho0.50_coupled,25,0.5,1.8639151910245708,1.272462804506049,,,3.13637799553062
1828,rho0.50_coupled,25,0.5,1.7440247430040223,1.1390497845202625,,,2.883074527524285
1829,rho0.50_coupled,25,0.5,1.4264930945270824,1.8306019543810148,,,3.257095048908097
1830,rho0.50_coupled,25,0.5,1.720640159879745,1.205161188956372,,,2.925801348836117
1831,rho0.50_coupled,25,0.5,1.6276808025071485,1.1680889519240267,,,2.7957697544311753
1832,rho0.50_coupled,25,0.5,1.2142887300687963,1.091801640658248,,,2.3060903707270444
1833,rho0.50_coupled,25,0.5,1.2470169161598834,1.1507151386070436,,,2.397732054766927
1834,rho0.50_coupled,25,0.5,1.244126133604401,0.7920655387246516,,,2.0361916723290525
1835,rho0.50_coupled,25,0.5,1.589531509852161,1.43833148172118,,,3.027862991573341
1836,rho0.50_coupled,25,0.5,1.45017117546887,1.0505655898014323,,,2.500736765270302
1837,rho0.50_coupled,25,0.5,1.289582951686182,1.4891645941330647,,,2.7787475458192468
1838,rho0.50_coupled,25,0.5,1.6521393616551232,1.244883603394045,,,2.8970229650491683
1839,rho0.50_coupled,25,0.5,1.625654671791915,1.3408249334235527,,,2.9664796052154676
1840,rho0.50_coupled,25,0.5,1.5400328677760418,1.555628285689437,,,3.0956611534654788
1841,rho0.50_coupled,25,0.5,1.8201262091445127,1.5644864170455652,,,3.384612626190078
1842,rho0.50_coupled,25,0.5,0.9715074821059428,0.943864473426771,,,1.9153719555327138
1843,rho0.50_coupled,25,0.5,1.5378757879347307,1.1943024886735887,,,2.7321782766083196
1844,rho0.50_coupled,25,0.5,1.2932828424921463,1.408864403888629,,,2.7021472463807754
1845,rho0.50_coupled,25,0.5,1.5547067835728605,1.2051836722722837,,,2.7598904558451443
1846,rho0.50_coupled,25,0.5,1.8698409691261657,1.2772503931192478,,,3.1470913622454137
1847,rho0.50_coupled,25,0.5,1.5742353065882078,1.563630563369127,,,3.1378658699573347
1848,rho0.50_coupled,25,0.5,1.887135520128434,1.3674173956147482,,,3.254552915743182
1849,rho0.50_coupled,25,0.5,2.410013561944095,1.4075524606016214,,,3.8175660225457166
1850,rho0.50_coupled,25,0.5,1.578111153576718,1.194992154883926,,,2.773103308460644
1851,rho0.50_coupled,25,0.5,1.1721603698053298,1.4400288015940612,,,2.612189171399391
1852,rho0.50_coupled,25,0.5,1.6160887687847307,1.244490774688539,,,2.8605795434732695
1853,rho0.50_coupled,25,0.5,1.4667613013508667,1.4898844432544158,,,2.9566457446052823
1854,rho0.50_coupled,25,0.5,1.527893144922569,0.9991120409414,,,2.527005185863969
1855,rho0.50_coupled,25,0.5,1.7848102395428147,1.6583875910355401,,,3.443197830578355
1856,rho0.50_coupled,25,0.5,1.308754338089074,1.0801531233162134,,,2.3889074614052874
1857,rho0.50_coupled,25,0.5,1.2418007616956106,1.3640510873180227,,,2.605851849013633
1858,rho0.50_coupled,25,0.5,1.7913720684511611,1.1849444290421418,,,2.976316497493303
1859,rho0.50_coupled,25,0.5,1.5274619859898113,1.3061761755393413,,,2.8336381615291524
1860,rho0.50_coupled,25,0.5,1.195640781108163,0.8853211496194682,,,2.0809619307276312
1861,rho0.50_coupled,25,0.5,1.8574568232056008,1.476244983719135,,,3.3337018069247355
1862,rho0.50_coupled,25,0.5,1.8831134667603575,1.7597365527072646,,,3.6428500194676223
1863,rho0.50_coupled,25,0.5,1.8316490599649873,1.522688859708874,,,3.354337919673861
1864,rho0.50_coupled,25,0.5,1.3605616279788848,1.358351453642293,,,2.718913081621178
1865,rho0.50_coupled,25,0.5,1.5935030811792823,1.9568780293975827,,,3.550381110576865
1866,rho0.50_coupled,25,0.5,1.4279408687741857,1.4937861017269478,,,2.9217269705011333
1867,rho0.50_coupled,25,0.5,1.2377277905186386,1.1932992354539962,,,2.431027025972635
1868,rho0.50_coupled,25,0.5,1.2988554070061475,1.5560551738969404,,,2.8549105809030877
1869,rho0.50_coupled,25,0.5,1.7925029469719542,1.3432800199152544,,,3.1357829668872084
1870,rho0.50_coupled,25,0.5,1.9931398253951156,1.4930428729531824,,,3.4861826983482977
1871,rho0.50_coupled,25,0.5,1.4217010372997558,1.3169002346252752,,,2.738601271925031
1872,rho0.50_coupled,25,0.5,1.5547390038175597,1.2080138877043942,,,2.762752891521954
1873,rho0.50_coupled,25,0.5,1.6605348933624433,1.9555066248799662,,,3.6160415182424095
1874,rho0.50_coupled,25,0.5,1.0749925817591692,0.8289733403339097,,,1.903965922093079
1875,rho0.50_coupled,25,0.5,1.1700783720291432,1.4024281947136987,,,2.5725065667428417
1876,rho0.50_coupled,25,0.5,1.7243613695508198,1.7693329291733646,,,3.4936942987241846
1877,rho0.50_coupled,25,0.5,1.2362153699853669,1.2026242400483071,,,2.438839610033674
1878,rho0.50_coupled,25,0.5,1.6505162643425417,1.1990758790262372,,,2.849592143368779
1879,rho0.50_coupled,25,0.5,1.4882373406708471,1.4391363649619688,,,2.927373705632816
1880,rho0.50_coupled,25,0.5,1.2916935476936398,1.0912358832778277,,,2.3829294309714673
1881,rho0.50_coupled,25,0.5,1.3354669636999517,1.1347309894251316,,,2.4701979531250835
1882,rho0.50_coupled,25,0.5,1.3900522272220017,1.4005221615704977,,,2.7905743887924994
1883,rho0.50_coupled,25,0.5,1.5921801973599925,1.6561098384284811,,,3.2482900357884734
1884,rho0.50_coupled,25,0.5,1.5929872551764293,1.1465840785752754,,,2.7395713337517047
1885,rho0.50_coupled,25,0.5,1.5231338180045388,1.6987906348739932,,,3.221924452878532
1886,rho0.50_coupled,25,0.5,1.6351641124868703,1.6974026947654388,,,3.3325668072523094
1887,rho0.50_coupled,25,0.5,1.5351931176761646,1.4898618713317657,,,3.0250549890079306
1888,rho0.50_coupled,25,0.5,1.2730640065120047,1.120797189797576,,,2.3938611963095804
1889,rho0.50_coupled,25,0.5,1.4184237173467795,1.0832254742775718,,,2.5016491916243515
1890,rho0.50_coupled,25,0.5,1.395724990481294,1.2129529471795197,,,2.608677937660814
1891,rho0.50_coupled,25,0.5,1.5146767576512776,1.2713159621238155,,,2.785992719775093
1892,rho0.50_coupled,25,0.5,1.326467918817018,1.5836210934636261,,,2.910089012280644
1893,rho0.50_coupled,25,0.5,1.1345501991509188,1.137883656625129,,,2.2724338557760477
1894,rho0.50_coupled,25,0.5,1.7745178602533682,1.7109711787971278,,,3.485489039050496
1895,rho0.50_coupled,25,0.5,1.510245601618869,1.2966115300569725,,,2.8068571316758417
1896,rho0.50_coupled,25,0.5,1.6015541662903792,1.3511929621641798,,,2.952747128454559
1897,rho0.50_coupled,25,0.5,1.3656282932384518,1.1115652844569093,,,2.477193577695361
1898,rho0.50_coupled,25,0.5,1.2919866722656426,1.252484533890476,,,2.5444712061561185
1899,rho0.50_coupled,25,0.5,1.9558084169844256,1.7127281624507673,,,3.6685365794351927
1900,rho0.50_coupled,25,0.5,2.174818867033138,1.4782585840760702,,,3.6530774511092083
1901,rho0.50_coupled,25,0.5,1.5168087986838257,1.4474342992375184,,,2.964243097921344
1902,rho0.50_coupled,25,0.5,1.523608923651694,1.611628547658665,,,3.135237471310359
1903,rho0.50_coupled,25,0.5,1.3921370457279434,1.4698683287712444,,,2.862005374499188
1904,rho0.50_coupled,25,0.5,1.6338925405431308,1.2211206310184122,,,2.855013171561543
1905,rho0.50_coupled,25,0.5,1.7186000128293504,1.4246995066754895,,,3.14329951950484
1906,rho0.50_coupled,25,0.5,1.1270136265157136,1.0144639611014785,,,2.1414775876171923
1907,rho0.50_coupled,25,0.5,1.4937044260017114,1.3523247029263437,,,2.846029128928055
1908,rho0.50_coupled,25,0.5,1.5227966585295292,1.5141082978649014,,,3.0369049563944306
1909,rho0.50_coupled,25,0.5,1.813522915216359,1.044000421821395,,,2.8575233370377537
1910,rho0.50_coupled,25,0.5,1.5542800358942972,1.6238814492467148,,,3.178161485141012
1911,rho0.50_coupled,25,0.5,1.784820246698928,1.0328641881209617,,,2.8176844348198897
1912,rho0.50_coupled,25,0.5,1.7059832790555045,1.5638331212215941,,,3.2698164002770986
1913,rho0.50_coupled,25,0.5,1.3083847974536065,1.2860772458639878,,,2.594462043317594
1914,rho0.50_coupled,25,0.5,0.9586527295349127,1.3931082496388,,,2.351760979173713
1915,rho0.50_coupled,25,0.5,1.6945112777187097,1.1959263896230758,,,2.8904376673417858
1916,rho0.50_coupled,25,0.5,1.2669249162854328,0.8897818383461793,,,2.156706754631612
1917,rho0.50_coupled,25,0.5,1.5335245765632992,1.2684026890207225,,,2.8019272655840215
1918,rho0.50_coupled,25,0.5,1.751250208662594,1.2174130062933852,,,2.9686632149559795
1919,rho0.50_coupled,25,0.5,1.5037387486175726,1.3848969832977351,,,2.8886357319153078
1920,rho0.50_coupled,25,0.5,2.2414319504922817,1.644055730601774,,,3.8854876810940557
1921,rho0.50_coupled,25,0.5,1.6898735316565383,0.9626287913704399,,,2.652502323026978
1922,rho0.50_coupled,25,0.5,1.2882429502605255,1.2009819717240189,,,2.4892249219845444
1923,rho0.50_coupled,25,0.5,1.8184994546145319,1.513989945606448,,,3.3324894002209797
1924,rho0.50_coupled,25,0.5,1.771389140704248,1.3440571027259218,,,3.1154462434301697
1925,rho0.50_coupled,25,0.5,2.139170585650521,1.4241282645313047,,,3.563298850181826
1926,rho0.50_coupled,25,0.5,1.6347748256478798,1.219584835510013,,,2.8543596611578925
1927,rho0.50_coupled,25,0.5,1.4806248987969797,1.3901710022500167,,,2.8707959010469963
1928,rho0.50_coupled,25,0.5,1.8272067395729943,1.686505860525592,,,3.5137126000985863
1929,rho0.50_coupled,25,0.5,1.496952888777218,1.4794573111909308,,,2.976410199968149
1930,rho0.50_coupled,25,0.5,1.9696665686553163,1.1982496716822075,,,3.167916240337524
1931,rho0.50_coupled,25,0.5,1.7762900041293768,1.0158899969144064,,,2.792180001043783
1932,rho0.50_coupled,25,0.5,1.2395255299954826,0.8140549844386593,,,2.0535805144341417
1933,rho0.50_coupled,25,0.5,1.84862540491859,1.1640988197495417,,,3.0127242246681316
1934,rho0.50_coupled,25,0.5,2.2320801332074014,1.5037781053367938,,,3.7358582385441954
1935,rho0.50_coupled,25,0.5,1.4909460009437,1.2219672170027964,,,2.7129132179464963
1936,rho0.50_coupled,25,0.5,1.7212135506526074,1.685665258631603,,,3.40687880928421
1937,rho0.50_coupled,25,0.5,1.1657811252229968,1.201965844972016,,,2.3677469701950127
1938,rho0.50_coupled,25,0.5,1.5973364453490195,1.374387368633909,,,2.9717238139829285
1939,rho0.50_coupled,25,0.5,1.61369519850487,1.7029432782751108,,,3.316638476779981
1940,rho0.50_coupled,25,0.5,1.139710999037493,0.9837236854933251,,,2.1234346845308183
1941,rho0.50_coupled,25,0.5,1.64266124184322,1.6181419435839417,,,3.2608031854271617
1942,rho0.50_coupled,25,0.5,1.653718356434918,1.609864351212074,,,3.263582707646992
1943,rho0.50_coupled,25,0.5,1.876267058543015,1.5987334556823694,,,3.4750005142253846
1944,rho0.50_coupled,25,0.5,1.4381312676691242,1.7218366705810735,,,3.1599679382501975
1945,rho0.50_coupled,25,0.5,2.037962055439081,1.4587915000629321,,,3.4967535555020133
1946,rho0.50_coupled,25,0.5,1.1902266710716665,1.2586899347895557,,,2.448916605861222
1947,rho0.50_coupled,25,0.5,2.1952054641254297,1.8120654536525127,,,4.007270917777943
1948,rho0.50_coupled,25,0.5,1.4483018505867702,1.2618844705155268,,,2.710186321102297
1949,rho0.50_coupled,25,0.5,1.5188446311382706,1.4685946120635303,,,2.987439243201801
1950,rho0.50_coupled,25,0.5,2.050864510404028,1.8709998149104747,,,3.9218643253145027
1951,rho0.50_coupled,25,0.5,1.3846825723818943,1.2970463703170598,,,2.681728942698954
1952,rho0.50_coupled,25,0.5,1.3897211703970451,1.4465463120705966,,,2.8362674824676417
1953,rho0.50_coupled,25,0.5,1.513575657009011,1.3560722084918364,,,2.8696478655008475
1954,rho0.50_coupled,25,0.5,1.2828600979178242,1.1054243355490003,,,2.3882844334668247
1955,rho0.50_coupled,25,0.5,1.485197595369858,0.9106749017473288,,,2.3958724971171868
1956,rho0.50_coupled,25,0.5,1.3452969086274111,1.3474348913351164,,,2.6927317999625275
1957,rho0.50_coupled,25,0.5,2.210350484438958,1.8407770655332378,,,4.051127549972196
1958,rho0.50_coupled,25,0.5,0.947251911937652,1.4172317623711366,,,2.3644836743087887
1959,rho0.50_coupled,25,0.5,1.7252546657024435,1.564696259673634,,,3.2899509253760773
1960,rho0.50_coupled,25,0.5,1.2931756145121318,0.8242772776951005,,,2.117452892207232
1961,rho0.50_coupled,25,0.5,1.8946163536117056,1.8358791931507483,,,3.730495546762454
1962,rho0.50_coupled,25,0.5,1.8453289451260166,1.2360749847284311,,,3.0814039298544476
1963,rho0.50_coupled,25,0.5,1.4590621360047071,1.4014592188828097,,,2.860521354887517
1964,rho0.50_coupled,25,0.5,1.1672514422390445,1.2282333677302326,,,2.395484809969277
1965,rho0.50_coupled,25,0.5,1.613735192630994,1.2027846315135726,,,2.8165198241445664
1966,rho0.50_coupled,25,0.5,1.1675646680243332,1.2455368212079156,,,2.4131014892322487
1967,rho0.50_coupled,25,0.5,1.6083745900469844,1.3316418968497818,,,2.9400164868967664
1968,rho0.50_coupled,25,0.5,1.6476755481695071,1.7496361592376555,,,3.3973117074071624
1969,rho0.50_coupled,25,0.5,1.468435098179777,1.6044202372061664,,,3.0728553353859436
1970,rho0.50_coupled,25,0.5,1.63042306884194,1.064781951603216,,,2.6952050204451563
1971,rho0.50_coupled,25,0.5,2.1640815294719817,1.4292075026675617,,,3.5932890321395434
1972,rho0.50_coupled,25,0.5,1.7213473298659996,1.4735472043400102,,,3.1948945342060098
1973,rho0.50_coupled,25,0.5,1.97774992290245,1.3517794732730088,,,3.3295293961754586
1974,rho0.50_coupled,25,0.5,1.3319760498326498,1.1635261505131702,,,2.49550220034582
1975,rho0.50_coupled,25,0.5,1.793701897225757,1.6740199912095062,,,3.467721888435263
1976,rho0.50_coupled,25,0.5,1.7202120962082899,1.776122722386111,,,3.4963348185944008
1977,rho0.50_coupled,25,0.5,1.1746322892911785,1.2918448622869685,,,2.4664771515781467
1978,rho0.50_coupled,25,0.5,1.3317202656877067,1.282332708109987,,,2.6140529737976936
1979,rho0.50_coupled,25,0.5,1.7399834678586334,1.5596525837456812,,,3.2996360516043146
1980,rho0.50_coupled,25,0.5,1.8501593950775215,1.7615819473829069,,,3.6117413424604283
1981,rho0.50_coupled,25,0.5,1.5540784255777325,1.4880838511275227,,,3.0421622767052554
1982,rho0.50_coupled,25,0.5,1.3453858750158822,1.1902536507443382,,,2.5356395257602204
1983,rho0.50_coupled,25,0.5,1.134348486700084,1.1471218799567424,,,2.2814703666568263
1984,rho0.50_coupled,25,0.5,1.971285590953553,1.192349882536829,,,3.163635473490382
1985,rho0.50_coupled,25,0.5,1.1594053255267827,1.070055006009545,,,2.2294603315363277
1986,rho0.50_coupled,25,0.5,1.4724471189876194,1.1868847245680492,,,2.6593318435556688
1987,rho0.50_coupled,25,0.5,1.4856360576860668,1.6959860316412632,,,3.18162208932733
1988,rho0.50_coupled,25,0.5,0.9937677730666366,1.1159583966553797,,,2.109726169722016
1989,rho0.50_coupled,25,0.5,1.8910440795980943,1.5982576191017495,,,3.489301698699844
1990,rho0.50_coupled,25,0.5,1.306606121701391,1.3612239414745355,,,2.667830063175926
1991,rho0.50_coupled,25,0.5,1.961194896180138,1.7921173492315496,,,3.7533122454116876
1992,rho0.50_coupled,25,0.5,1.34231180130605,1.4825050386856904,,,2.8248168399917404
1993,rho0.50_coupled,25,0.5,1.9476165806983876,1.7825485557860075,,,3.730165136484395
1994,rho0.50_coupled,25,0.5,1.2976470212533489,1.1553380178311414,,,2.4529850390844903
1995,rho0.50_coupled,25,0.5,1.6930906421864662,1.1507078864121827,,,2.843798528598649
1996,rho0.50_coupled,25,0.5,1.5807519173085096,1.102625804342851,,,2.6833777216513606
1997,rho0.50_coupled,25,0.5,1.6425850521511571,1.682757143163064,,,3.325342195314221
1998,rho0.50_coupled,25,0.5,1.1558253248862758,1.403040639455724,,,2.558865964342
1999,rho0.50_coupled,25,0.5,1.5749573132448236,1.1711577021591273,,,2.7461150154039506
2000,rho0.50_coupled,25,0.5,2.074554703973845,1.2521734359080445,,,3.3267281398818893
2001,rho0.50_coupled,25,0.5,1.0162424461733321,1.1851488608143959,,,2.201391306987728
2002,rho0.50_coupled,25,0.5,1.4881119387766573,1.0521086392477734,,,2.5402205780244307
2003,rho0.50_coupled,25,0.5,1.5930108032135648,1.603882974948213,,,3.196893778161778
2004,rho0.50_coupled,25,0.5,1.6570480414400017,1.2946052307089857,,,2.951653272148987
2005,rho0.50_coupled,25,0.5,1.5170983656231525,1.2527080142003961,,,2.7698063798235486
2006,rho0.50_coupled,25,0.5,1.510336164453422,1.1243953179758441,,,2.634731482429266
2007,rho0.50_coupled,25,0.5,1.459570154695574,1.1533807385618897,,,2.6129508932574637
2008,rho0.50_coupled,25,0.5,1.5712162140321664,0.9057163825124857,,,2.476932596544652
2009,rho0.50_coupled,25,0.5,1.450406673293242,1.015561105670812,,,2.465967778964054
2010,rho0.50_coupled,25,0.5,1.2998154573376013,1.4718648953398856,,,2.771680352677487
2011,rho0.50_coupled,25,0.5,1.548290483399399,1.3563173314766832,,,2.904607814876082
2012,rho0.50_coupled,25,0.5,1.4864091907516386,1.2256771764702301,,,2.7120863672218687
2013,rho0.50_coupled,25,0.5,1.7168645428484526,1.6622663649402287,,,3.3791309077886815
2014,rho0.50_coupled,25,0.5,1.2250067869037191,1.3695414057620283,,,2.5945481926657474
2015,rho0.50_coupled,25,0.5,1.4303467301658472,1.4742954486656945,,,2.9046421788315415
2016,rho0.50_coupled,25,0.5,2.061327707288511,1.2867247483283613,,,3.3480524556168723
2017,rho0.50_coupled,25,0.5,1.5511019108510842,1.259985230321513,,,2.8110871411725973
2018,rho0.50_coupled,25,0.5,1.4448644914174336,1.0197288599924306,,,2.464593351409864
2019,rho0.50_coupled,25,0.5,2.0427558807201245,1.5546227238407364,,,3.597378604560861
2020,rho0.50_coupled,25,0.5,1.850741321481687,1.3846124774190531,,,3.23535379890074
2021,rho0.50_coupled,25,0.5,1.5607186030788205,1.2268884520207746,,,2.787607055099595
2022,rho0.50_coupled,25,0.5,1.4274664944624618,1.4720368482926935,,,2.899503342755155
2023,rho0.50_coupled,25,0.5,1.392952725167088,0.9085950763941012,,,2.301547801561189
2024,rho0.50_coupled,25,0.5,1.9580923492117797,1.1844557319673825,,,3.142548081179162
2025,rho0.50_coupled,25,0.5,1.1336588592005696,1.3027890312418646,,,2.4364478904424343
2026,rho0.50_coupled,25,0.5,1.4237285594499323,1.335346084987664,,,2.759074644437596
2027,rho0.50_coupled,25,0.5,1.7579272305303202,1.440675142594517,,,3.198602373124837
2028,rho0.50_coupled,25,0.5,1.4026137404468089,1.460136935763342,,,2.862750676210151
2029,rho0.50_coupled,25,0.5,1.277070432640714,1.144115120055555,,,2.421185552696269
2030,rho0.50_coupled,25,0.5,1.4283522714074122,1.1921610633628186,,,2.620513334770231
2031,rho0.50_coupled,25,0.5,1.7442941063603883,1.4802036163736407,,,3.224497722734029
2032,rho0.50_coupled,25,0.5,1.3454271782792335,1.3230172177660124,,,2.668444396045246
2033,rho0.50_coupled,25,0.5,1.4442030092028109,1.1439105053220513,,,2.588113514524862
2034,rho0.50_coupled,25,0.5,1.3521210728276065,1.5470013834029188,,,2.8991224562305256
2035,rho0.50_coupled,25,0.5,1.3968190621391674,1.1124921621129455,,,2.509311224252113
2036,rho0.50_coupled,25,0.5,1.724964359037099,1.8737742437853315,,,3.5987386028224306
2037,rho0.50_coupled,25,0.5,1.8577885900687447,1.7990814560279014,,,3.656870046096646
2038,rho0.50_coupled,25,0.5,0.9596513053676802,0.975271671060889,,,1.9349229764285691
2039,rho0.50_coupled,25,0.5,1.6598189592154649,1.2678528136237779,,,2.9276717728392425
2040,rho0.50_coupled,25,0.5,1.4499850778023773,1.050154168408204,,,2.5001392462105816
2041,rho0.50_coupled,25,0.5,1.6732333025924688,1.4953560643620114,,,3.16858936695448
2042,rho0.50_coupled,25,0.5,1.6284281726858163,1.3094867795350182,,,2.9379149522208348
2043,rho0.50_coupled,25,0.5,1.4983498429045177,1.8748206929929103,,,3.3731705358974278
2044,rho0.50_coupled,25,0.5,1.9433811798499658,1.5131282916639095,,,3.4565094715138756
2045,rho0.50_coupled,25,0.5,1.6605795564237384,1.6181940477598764,,,3.278773604183615
2046,rho0.50_coupled,25,0.5,1.3751061001035834,1.4795273873848496,,,2.854633487488433
2047,rho0.50_coupled,25,0.5,1.1050071718488774,0.8646894957258267,,,1.969696667574704
2048,rho0.50_coupled,25,0.5,1.2394840290750628,1.3607673035414647,,,2.6002513326165273
2049,rho0.50_coupled,25,0.5,1.8891872841175186,1.4904608739132599,,,3.3796481580307782
2050,rho0.50_coupled,25,0.5,1.6389493115146976,1.5628028251511987,,,3.2017521366658963
2051,rho0.50_coupled,25,0.5,2.2973915983793134,1.4570955254463804,,,3.754487123825694
2052,rho0.50_coupled,25,0.5,1.0097958234095166,1.2753080615108467,,,2.285103884920363
2053,rho0.50_coupled,25,0.5,1.8847536791994313,1.52844366899291,,,3.413197348192341
2054,rho0.50_coupled,25,0.5,1.1216979770153979,1.369941058938662,,,2.49163903595406
2055,rho0.50_coupled,25,0.5,1.6465765353770836,1.3663082933951753,,,3.012884828772259
2056,rho0.50_coupled,25,0.5,1.4360021163162977,1.21501744863825,,,2.651019564954548
2057,rho0.50_coupled,25,0.5,1.828516294414915,1.2515467520884742,,,3.080063046503389
2058,rho0.50_coupled,25,0.5,1.405056740130835,1.4732000969976238,,,2.8782568371284585
2059,rho0.50_coupled,25,0.5,1.6441219656089567,1.2989286029575593,,,2.943050568566516
2060,rho0.50_coupled,25,0.5,1.202140041435247,1.0722269604891672,,,2.274367001924414
2061,rho0.50_coupled,25,0.5,1.1532705942992543,0.9165553380393134,,,2.069825932338568
2062,rho0.50_coupled,25,0.5,0.9521732963838345,0.7109331873170172,,,1.6631064837008518
2063,rho0.50_coupled,25,0.5,1.2463443716441742,1.2044020354899707,,,2.4507464071341447
2064,rho0.50_coupled,25,0.5,1.987056781988271,1.389910381280954,,,3.376967163269225
2065,rho0.50_coupled,25,0.5,1.5318801899484316,1.244588309170014,,,2.7764684991184456
2066,rho0.50_coupled,25,0.5,2.1797507647526575,1.7816642872755744,,,3.961415052028232
2067,rho0.50_coupled,25,0.5,1.4451006604532137,1.1032273973632014,,,2.5483280578164154
2068,rho0.50_coupled,25,0.5,1.0814309796339008,1.0472675991275713,,,2.128698578761472
2069,rho0.50_coupled,25,0.5,1.456843196334075,1.5955931461730752,,,3.0524363425071503
2070,rho0.50_coupled,25,0.5,1.3108941300750736,1.2363119532904876,,,2.547206083365561
2071,rho0.50_coupled,25,0.5,1.8198105731789915,1.4780462126519618,,,3.2978567858309535
2072,rho0.50_coupled,25,0.5,1.2130198042628448,1.122867364427798,,,2.335887168690643
2073,rho0.50_coupled,25,0.5,1.6015771766753284,1.254181825413302,,,2.8557590020886305
2074,rho0.50_coupled,25,0.5,1.8918038916603874,1.4177899649928738,,,3.3095938566532612
2075,rho0.50_coupled,25,0.5,1.8136445680222408,1.4248131465338667,,,3.2384577145561075
2076,rho0.50_coupled,25,0.5,1.6001193319736895,1.650885520661542,,,3.2510048526352318
2077,rho0.50_coupled,25,0.5,1.1961420383018593,1.0072884798463495,,,2.203430518148209
2078,rho0.50_coupled,25,0.5,1.749557324604516,1.1004182085180028,,,2.8499755331225187
2079,rho0.50_coupled,25,0.5,1.5808699668389652,1.5429238680348127,,,3.123793834873778
2080,rho0.50_coupled,25,0.5,1.353942195544328,1.4147394282204921,,,2.76868162376482
2081,rho0.50_coupled,25,0.5,1.4513843117248957,1.0401169100587337,,,2.491501221783629
2082,rho0.50_coupled,25,0.5,1.2407730263222714,1.0947945064200806,,,2.3355675327423517
2083,rho0.50_coupled,25,0.5,1.6324421599796497,1.5669712178684037,,,3.199413377848053
2084,rho0.50_coupled,25,0.5,1.2669973047074121,1.2925368332956018,,,2.5595341380030137
2085,rho0.50_coupled,25,0.5,1.8053407629522993,1.4403381692084698,,,3.245678932160769
2086,rho0.50_coupled,25,0.5,1.1490362315676503,0.7390745389088386,,,1.888110770476489
2087,rho0.50_coupled,25,0.5,0.8839949966070334,0.7302084437978569,,,1.6142034404048902
2088,rho0.50_coupled,25,0.5,1.760284021028934,1.3291151994602,,,3.089399220489134
2089,rho0.50_coupled,25,0.5,1.3833362870314347,1.2530386442556898,,,2.6363749312871247
2090,rho0.50_coupled,25,0.5,1.738736440466211,1.7099478340423129,,,3.4486842745085236
2091,rho0.50_coupled,25,0.5,1.8822369126572882,1.7736386438016511,,,3.6558755564589394
2092,rho0.50_coupled,25,0.5,1.8248223912771415,1.678975944610372,,,3.5037983358875135
2093,rho0.50_coupled,25,0.5,1.4718532070345767,1.519694645904661,,,2.9915478529392376
2094,rho0.50_coupled,25,0.5,1.7279931113380922,1.2990090489524084,,,3.0270021602905004
2095,rho0.50_coupled,25,0.5,1.6903883603745642,1.1544846625222962,,,2.84487302289686
2096,rho0.50_coupled,25,0.5,1.566135974440885,1.476294816819474,,,3.042430791260359
2097,rho0.50_coupled,25,0.5,1.6278491857340782,1.6239788147754368,,,3.251828000509515
2098,rho0.50_coupled,25,0.5,1.241084372500768,1.3772818264756093,,,2.6183661989763776
2099,rho0.50_coupled,25,0.5,1.563204681204343,1.1471750930258708,,,2.710379774230214
2100,rho0.50_coupled,25,0.5,1.8493068373189607,1.6370863408509224,,,3.486393178169883
2101,rho0.50_coupled,25,0.5,1.0069061363341842,1.2874412350153863,,,2.294347371349571
2102,rho0.50_coupled,25,0.5,1.882310984952571,1.563727252656991,,,3.446038237609562
2103,rho0.50_coupled,25,0.5,1.541465349441438,1.0265852156583262,,,2.5680505650997643
2104,rho0.50_coupled,25,0.5,1.4134829902726493,1.243359137461101,,,2.6568421277337504
2105,rho0.50_coupled,25,0.5,1.429601517591642,1.4360812782159253,,,2.865682795807567
2106,rho0.50_coupled,25,0.5,1.7182322033664852,1.6207622233122017,,,3.3389944266786866
2107,rho0.50_coupled,25,0.5,1.49573485644176,1.4562888102635727,,,2.952023666705333
2108,rho0.50_coupled,25,0.5,1.651440373885538,1.2606393691991866,,,2.9120797430847247
2109,rho0.50_coupled,25,0.5,1.34014112890314,1.0647849681848114,,,2.4049260970879516
2110,rho0.50_coupled,25,0.5,1.5921862111926783,1.28631662182022,,,2.8785028330128983
2111,rho0.50_coupled,25,0.5,1.3559839936018998,1.4369136435563146,,,2.792897637158214
2112,rho0.50_coupled,25,0.5,1.8654085446091224,1.69731991835889,,,3.5627284629680123
2113,rho0.50_coupled,25,0.5,1.480039614163553,1.3625663547510571,,,2.84260596891461
2114,rho0.50_coupled,25,0.5,2.0046325831407397,1.5453509151150129,,,3.5499834982557523
2115,rho0.50_coupled,25,0.5,1.7589355725212252,1.3435832175902471,,,3.102518790111472
2116,rho0.50_coupled,25,0.5,1.756743373483581,1.391611510044792,,,3.148354883528373
2117,rho0.50_coupled,25,0.5,1.547373796499958,1.2175011136824119,,,2.76487491018237
2118,rho0.50_coupled,25,0.5,1.6046450918977535,1.1445306414253138,,,2.7491757333230673
2119,rho0.50_coupled,25,0.5,1.7268351602760106,1.4872731739167222,,,3.2141083341927326
2120,rho0.50_coupled,25,0.5,1.3604095351048078,1.215575440517832,,,2.5759849756226396
2121,rho0.50_coupled,25,0.5,1.5376772428378742,1.1648316816230377,,,2.702508924460912
2122,rho0.50_coupled,25,0.5,1.6297666327447178,1.4314762747560679,,,3.0612429075007856
2123,rho0.50_coupled,25,0.5,1.6773277480123738,1.4792526732248639,,,3.156580421237238
2124,rho0.50_coupled,25,0.5,1.4610140806508531,1.563979602736969,,,3.024993683387822
2125,rho0.50_coupled,25,0.5,1.4321695698240118,1.8243028646612625,,,3.256472434485274
2126,rho0.50_coupled,25,0.5,1.9011318570954723,1.5533484690179558,,,3.454480326113428
2127,rho0.50_coupled,25,0.5,1.9899077486244887,1.2019541393245006,,,3.1918618879489893
2128,rho0.50_coupled,25,0.5,1.1992569263351558,1.117727760510673,,,2.316984686845829
2129,rho0.50_coupled,25,0.5,1.5829910422310534,1.169935147240201,,,2.7529261894712542
2130,rho0.50_coupled,25,0.5,1.7491167823521039,1.4127285525591218,,,3.1618453349112254
2131,rho0.50_coupled,25,0.5,1.638456221163783,1.3008928775242625,,,2.9393490986880453
2132,rho0.50_coupled,25,0.5,1.1532484379400971,1.4001519480287432,,,2.5534003859688403
2133,rho0.50_coupled,25,0.5,1.1686272662878285,1.0915176413721137,,,2.2601449076599422
2134,rho0.50_coupled,25,0.5,1.3472877524625648,1.2615733051087663,,,2.608861057571331
2135,rho0.50_coupled,25,0.5,1.6349250976687613,1.1353158641200634,,,2.770240961788825
2136,rho0.50_coupled,25,0.5,1.4655708206933593,1.2109830527911964,,,2.676553873484556
2137,rho0.50_coupled,25,0.5,0.8223914079873531,0.9248690812185001,,,1.7472604892058532
2138,rho0.50_coupled,25,0.5,1.6165443334544078,1.133995621257654,,,2.750539954712062
2139,rho0.50_coupled,25,0.5,1.5595763733185088,1.3289012027282283,,,2.8884775760467374
2140,rho0.50_coupled,25,0.5,1.4865455161672894,1.5945722939998217,,,3.081117810167111
2141,rho0.50_coupled,25,0.5,1.5897612822734326,1.3786382542012674,,,2.9683995364747
2142,rho0.50_coupled,25,0.5,1.716644271008101,1.6691132584638804,,,3.3857575294719813
2143,rho0.50_coupled,25,0.5,1.8010058154062816,1.3389762581121205,,,3.139982073518402
2144,rho0.50_coupled,25,0.5,1.2368631333850177,1.2969816967937142,,,2.533844830178732
2145,rho0.50_coupled,25,0.5,1.7415737672201634,1.391435297342338,,,3.1330090645625015
2146,rho0.50_coupled,25,0.5,1.6762577862338062,1.2464169777836303,,,2.9226747640174366
2147,rho0.50_coupled,25,0.5,1.5632787365994927,1.5313929329974796,,,3.0946716695969725
2148,rho0.50_coupled,25,0.5,1.924291429797136,1.5882528869177448,,,3.512544316714881
2149,rho0.50_coupled,25,0.5,1.7908335163646314,0.9626764734130259,,,2.7535099897776574
2150,rho0.50_coupled,25,0.5,1.677475167611968,1.3191990394206967,,,2.9966742070326644
2151,rho0.50_coupled,25,0.5,1.574521770817514,1.2169734127206386,,,2.791495183538153
2152,rho0.50_coupled,25,0.5,1.5060247415458978,1.1275937572971633,,,2.6336184988430613
2153,rho0.50_coupled,25,0.5,1.5438337980357317,1.3767728214684112,,,2.920606619504143
2154,rho0.50_coupled,25,0.5,1.3593929327122212,1.561732094468503,,,2.9211250271807243
2155,rho0.50_coupled,25,0.5,1.7743017091551079,1.3249486762620561,,,3.099250385417164
2156,rho0.50_coupled,25,0.5,1.874050886429721,1.439887655226206,,,3.313938541655927
2157,rho0.50_coupled,25,0.5,1.5438831605480163,1.2622774555702934,,,2.8061606161183095
2158,rho0.50_coupled,25,0.5,1.6437865458786383,1.2474613373237153,,,2.891247883202354
2159,rho0.50_coupled,25,0.5,1.2676062986970589,1.5056480719598335,,,2.7732543706568924
2160,rho0.50_coupled,25,0.5,1.9523898109552744,1.3187567769095598,,,3.271146587864834
2161,rho0.50_coupled,25,0.5,1.3476502892553008,1.292321302081415,,,2.6399715913367157
2162,rho0.50_coupled,25,0.5,1.4874340050864983,1.4003908861525194,,,2.887824891239018
2163,rho0.50_coupled,25,0.5,1.6517648086536527,1.3250141234196402,,,2.9767789320732927
2164,rho0.50_coupled,25,0.5,1.913433319273925,1.4195901813869092,,,3.3330235006608344
2165,rho0.50_coupled,25,0.5,1.3196495357631668,0.9286660928621036,,,2.2483156286252703
2166,rho0.50_coupled,25,0.5,1.6964511306011694,1.2070697158147605,,,2.9035208464159297
2167,rho0.50_coupled,25,0.5,1.1032105306775863,0.7628523050264463,,,1.8660628357040325
2168,rho0.50_coupled,25,0.5,1.4804553330079457,1.4489588719932784,,,2.9294142050012244
2169,rho0.50_coupled,25,0.5,1.8800276394817586,1.790331336494546,,,3.6703589759763044
2170,rho0.50_coupled,25,0.5,1.8066161125125126,1.4642993547355512,,,3.270915467248064
2171,rho0.50_coupled,25,0.5,1.642014408723372,1.6770000455360525,,,3.3190144542594244
2172,rho0.50_coupled,25,0.5,1.5428077410318983,1.3935601090500573,,,2.9363678500819557
2173,rho0.50_coupled,25,0.5,1.4851918380480922,1.1725595175897834,,,2.657751355637876
2174,rho0.50_coupled,25,0.5,0.7351017118727199,1.0256895206676475,,,1.7607912325403674
2175,rho0.50_coupled,25,0.5,1.4117975696587715,1.2649416076919446,,,2.676739177350716
2176,rho0.50_coupled,25,0.5,1.4087129312550672,1.0922944944715984,,,2.501007425726666
2177,rho0.50_coupled,25,0.5,1.5246454026221767,1.5003244436407122,,,3.0249698462628887
2178,rho0.50_coupled,25,0.5,1.199620848349249,1.3868758748469785,,,2.5864967231962277
2179,rho0.50_coupled,25,0.5,2.0243047589761276,1.4368418542314958,,,3.4611466132076236
2180,rho0.50_coupled,25,0.5,1.8697758446451733,1.2557928368024038,,,3.125568681447577
2181,rho0.50_coupled,25,0.5,0.8159295387627924,1.2723648879522826,,,2.088294426715075
2182,rho0.50_coupled,25,0.5,1.503522751921491,1.034955898276186,,,2.538478650197677
2183,rho0.50_coupled,25,0.5,1.3404593555791449,1.4348310463057186,,,2.775290401884863
2184,rho0.50_coupled,25,0.5,1.20124749102138,1.7008665302616999,,,2.90211402128308
2185,rho0.50_coupled,25,0.5,1.6560384773526629,1.7189316922834756,,,3.3749701696361383
2186,rho0.50_coupled,25,0.5,1.4990217326217756,1.255132035220152,,,2.7541537678419274
2187,rho0.50_coupled,25,0.5,1.4766213428344863,1.732877812355544,,,3.2094991551900303
2188,rho0.50_coupled,25,0.5,1.693757139541374,1.6064411416905897,,,3.300198281231964
2189,rho0.50_coupled,25,0.5,1.2779627740739272,1.1276271910729287,,,2.4055899651468557
2190,rho0.50_coupled,25,0.5,1.6947316458518433,1.4469885297366152,,,3.1417201755884587
2191,rho0.50_coupled,25,0.5,1.1872778218203859,1.1976056453904291,,,2.3848834672108152
2192,rho0.50_coupled,25,0.5,1.7925600899520104,1.2498003094883259,,,3.0423603994403363
2193,rho0.50_coupled,25,0.5,1.0116991181076764,0.9979103338233406,,,2.0096094519310173
2194,rho0.50_coupled,25,0.5,1.7249046414258018,1.2410630720822382,,,2.9659677135080402
2195,rho0.50_coupled,25,0.5,1.3530428176310725,1.5167780352551723,,,2.869820852886245
2196,rho0.50_coupled,25,0.5,1.4414240963709093,1.3222313435394326,,,2.763655439910342
2197,rho0.50_coupled,25,0.5,1.1678017966653207,1.5498398083188154,,,2.717641604984136
2198,rho0.50_coupled,25,0.5,1.8892320889759115,1.6252637463709534,,,3.5144958353468647
2199,rho0.50_coupled,25,0.5,1.5211563708117322,1.3740439292403364,,,2.8952003000520685
2200,rho0.50_coupled,25,0.5,1.161921024343906,1.0046345769550786,,,2.1665556012989846
2201,rho0.50_coupled,25,0.5,1.4355338257137575,1.2768156987004484,,,2.712349524414206
2202,rho0.50_coupled,25,0.5,1.3649893076240402,0.9802113956339237,,,2.345200703257964
2203,rho0.50_coupled,25,0.5,1.5358420633781693,1.5028628728261595,,,3.038704936204329
2204,rho0.50_coupled,25,0.5,1.1486101827691564,1.223675447751761,,,2.3722856305209175
2205,rho0.50_coupled,25,0.5,1.2795581586848006,1.1816298947559485,,,2.461188053440749
2206,rho0.50_coupled,25,0.5,1.3240529611686593,1.4864700273228193,,,2.8105229884914786
2207,rho0.50_coupled,25,0.5,1.2272780052397794,0.7773354949194149,,,2.004613500159194
2208,rho0.50_coupled,25,0.5,1.756346419938978,1.5060632036028114,,,3.2624096235417896
2209,rho0.50_coupled,25,0.5,1.619246584376837,0.8235275817413074,,,2.4427741661181446
2210,rho0.50_coupled,25,0.5,1.921098525595264,1.3044206710554311,,,3.225519196650695
2211,rho0.50_coupled,25,0.5,1.399412893528574,1.5943200244587594,,,2.9937329179873333
2212,rho0.50_coupled,25,0.5,1.021875613071732,1.2322624830557833,,,2.254138096127515
2213,rho0.50_coupled,25,0.5,1.6654287592539974,1.7606484865739835,,,3.426077245827981
2214,rho0.50_coupled,25,0.5,1.9908669420525122,1.6244064093818231,,,3.615273351434335
2215,rho0.50_coupled,25,0.5,1.361698585941386,1.0920610526561356,,,2.4537596385975213
2216,rho0.50_coupled,25,0.5,2.1093590052803526,1.5267794687670084,,,3.6361384740473612
2217,rho0.50_coupled,25,0.5,1.0693283423441309,0.8997752164172512,,,1.969103558761382
2218,rho0.50_coupled,25,0.5,1.3440743890532052,1.3976712827991469,,,2.7417456718523523
2219,rho0.50_coupled,25,0.5,1.056325084984795,0.9892186599142418,,,2.045543744899037
2220,rho0.50_coupled,25,0.5,1.4629020022554924,1.3892311839472387,,,2.852133186202731
2221,rho0.50_coupled,25,0.5,1.4256867494435064,1.1057333761335189,,,2.531420125577025
2222,rho0.50_coupled,25,0.5,1.6822527898272803,1.217965735541551,,,2.9002185253688313
2223,rho0.50_coupled,25,0.5,1.9047938087507235,1.1837703554083763,,,3.0885641641590995
2224,rho0.50_coupled,25,0.5,2.058104368902566,1.4539346514295233,,,3.5120390203320895
2225,rho0.50_coupled,25,0.5,1.8534873554302882,1.6007333195106124,,,3.454220674940901
2226,rho0.50_coupled,25,0.5,1.2946147979183575,1.2833056852281688,,,2.577920483146526
2227,rho0.50_coupled,25,0.5,1.5471142264193256,1.7663685381564802,,,3.313482764575806
2228,rho0.50_coupled,25,0.5,1.3373756552928033,0.9547354588843562,,,2.2921111141771595
2229,rho0.50_coupled,25,0.5,1.251366145470333,1.2983603551345262,,,2.5497265006048595
2230,rho0.50_coupled,25,0.5,1.6920751561217156,1.3215485687567283,,,3.013623724878444
2231,rho0.50_coupled,25,0.5,1.541010051488024,1.3073956163502738,,,2.848405667838298
2232,rho0.50_coupled,25,0.5,1.5917920993431243,1.11707752152978,,,2.708869620872904
2233,rho0.50_coupled,25,0.5,0.5910364804900792,0.9160664605399387,,,1.5071029410300179
2234,rho0.50_coupled,25,0.5,1.549000534472819,1.438734479914392,,,2.9877350143872112
2235,rho0.50_coupled,25,0.5,1.9362547050076238,1.6022184815386045,,,3.538473186546228
2236,rho0.50_coupled,25,0.5,1.5657249372920927,1.1333368525663914,,,2.699061789858484
2237,rho0.50_coupled,25,0.5,1.4304953438948598,1.5882654062600885,,,3.0187607501549483
2238,rho0.50_coupled,25,0.5,1.3508848076866151,1.5395054843980978,,,2.890390292084713
2239,rho0.50_coupled,25,0.5,1.4296250487991848,0.9439979813785251,,,2.37362303017771
2240,rho0.50_coupled,25,0.5,1.4593631064710646,1.4101776363623921,,,2.8695407428334567
2241,rho0.50_coupled,25,0.5,1.3896762091203865,0.9661373331560315,,,2.355813542276418
2242,rho0.50_coupled,25,0.5,1.349700657504686,1.107605814739895,,,2.457306472244581
2243,rho0.50_coupled,25,0.5,1.3748595431237531,1.5803162698290665,,,2.9551758129528194
2244,rho0.50_coupled,25,0.5,1.775421667547602,1.2834476485264734,,,3.0588693160740754
2245,rho0.50_coupled,25,0.5,1.6261698070175947,1.7572107487364645,,,3.3833805557540595
2246,rho0.50_coupled,25,0.5,1.777241814014085,1.3380599051444004,,,3.1153017191584853
2247,rho0.50_coupled,25,0.5,2.0968650948580754,1.765196053654598,,,3.8620611485126735
2248,rho0.50_coupled,25,0.5,1.3693707431209066,1.2565167725275492,,,2.625887515648456
2249,rho0.50_coupled,25,0.5,1.0850995002718404,0.9229658614151397,,,2.00806536168698
2250,rho0.50_coupled,25,0.5,1.6253039773212463,1.50177549118889,,,3.1270794685101366
2251,rho0.50_coupled,25,0.5,1.8523931073543407,1.4635333832318704,,,3.315926490586211
2252,rho0.50_coupled,25,0.5,1.096142801822527,1.2741440575481535,,,2.3702868593706805
2253,rho0.50_coupled,25,0.5,1.34930532309098,1.092153750526949,,,2.4414590736179287
2254,rho0.50_coupled,25,0.5,1.6770231647581668,1.8641148809323553,,,3.541138045690522
2255,rho0.50_coupled,25,0.5,1.233359256735713,1.3374795163024789,,,2.570838773038192
2256,rho0.50_coupled,25,0.5,1.2113225637850813,1.152150525860618,,,2.3634730896456992
2257,rho0.50_coupled,25,0.5,1.3869076291286482,1.3625065139266352,,,2.7494141430552834
2258,rho0.50_coupled,25,0.5,1.8669988505796529,1.6141329587916284,,,3.4811318093712815
2259,rho0.50_coupled,25,0.5,1.497567187190679,1.2276857576994202,,,2.7252529448900993
2260,rho0.50_coupled,25,0.5,1.7239737629557803,1.1388229326607135,,,2.8627966956164936
2261,rho0.50_coupled,25,0.5,1.328839663843579,1.0769179525715187,,,2.405757616415098
2262,rho0.50_coupled,25,0.5,1.0488774012865485,1.0791061324026605,,,2.127983533689209
2263,rho0.50_coupled,25,0.5,1.5194215750242428,0.9211799207309974,,,2.4406014957552404
2264,rho0.50_coupled,25,0.5,1.1421588206343438,1.1380463361816893,,,2.280205156816033
2265,rho0.50_coupled,25,0.5,1.3666656780856916,1.3983842691086443,,,2.7650499471943357
2266,rho0.50_coupled,25,0.5,1.4981041182741948,1.6016077423323396,,,3.0997118606065346
2267,rho0.50_coupled,25,0.5,2.1544278743616303,1.4871134133497383,,,3.6415412877113686
2268,rho0.50_coupled,25,0.5,1.470038460661409,1.20017191867357,,,2.670210379334979
2269,rho0.50_coupled,25,0.5,1.393188151297922,1.3113966899334277,,,2.70458484123135
2270,rho0.50_coupled,25,0.5,1.1702487158942299,1.4623594741509927,,,2.6326081900452225
2271,rho0.50_coupled,25,0.5,1.284490202032759,1.8423878013306128,,,3.126878003363372
2272,rho0.50_coupled,25,0.5,1.411149087638039,1.0626399736079655,,,2.4737890612460047
2273,rho0.50_coupled,25,0.5,1.3117334833331444,1.103270147719279,,,2.415003631052423
2274,rho0.50_coupled,25,0.5,1.624747124369,0.9529939546048998,,,2.5777410789739
2275,rho0.50_coupled,25,0.5,1.4535723210258158,1.6783280415893067,,,3.1319003626151227
2276,rho0.50_coupled,25,0.5,1.6268039024519572,1.2260886361347558,,,2.8528925385867128
2277,rho0.50_coupled,25,0.5,2.0700409452337167,1.7766349164475723,,,3.8466758616812893
2278,rho0.50_coupled,25,0.5,2.050893954848558,1.7677669688735593,,,3.818660923722117
2279,rho0.50_coupled,25,0.5,1.4006586068382332,1.2149257297239204,,,2.6155843365621534
2280,rho0.50_coupled,25,0.5,1.4584445475913241,1.0514811703519018,,,2.5099257179432257
2281,rho0.50_coupled,25,0.5,1.5572970862740125,1.4947904331636317,,,3.0520875194376442
2282,rho0.50_coupled,25,0.5,1.335567869253707,1.0678967679106983,,,2.4034646371644053
2283,rho0.50_coupled,25,0.5,1.593436277028208,1.402833658177583,,,2.996269935205791
2284,rho0.50_coupled,25,0.5,2.133182412475694,1.5820995674840537,,,3.715281979959748
2285,rho0.50_coupled,25,0.5,1.3112630475853952,1.1510136140832952,,,2.4622766616686906
2286,rho0.50_coupled,25,0.5,1.7323278303865854,1.2364670104704638,,,2.9687948408570493
2287,rho0.50_coupled,25,0.5,1.5632399995115354,1.1986156055547477,,,2.761855605066283
2288,rho0.50_coupled,25,0.5,1.2918596251353656,1.1409088845873738,,,2.4327685097227394
2289,rho0.50_coupled,25,0.5,1.5320075776607684,1.2767866058426411,,,2.8087941835034096
2290,rho0.50_coupled,25,0.5,1.3298832831808933,0.9096747949775845,,,2.2395580781584776
2291,rho0.50_coupled,25,0.5,2.059141621550479,1.5188216812813957,,,3.5779633028318747
2292,rho0.50_coupled,25,0.5,1.8160599340355743,1.6776133493620635,,,3.493673283397638
2293,rho0.50_coupled,25,0.5,1.0626272780810684,0.885671460924305,,,1.9482987390053734
2294,rho0.50_coupled,25,0.5,1.4496991569757245,1.7674405929009795,,,3.2171397498767043
2295,rho0.50_coupled,25,0.5,2.1725869121477053,1.8936478851584169,,,4.066234797306122
2296,rho0.50_coupled,25,0.5,1.96222180291836,1.5311335580720906,,,3.4933553609904506
2297,rho0.50_coupled,25,0.5,1.3451833037137653,1.3374742833348294,,,2.6826575870485945
2298,rho0.50_coupled,25,0.5,1.9514360870210266,1.7093360155010957,,,3.660772102522122
2299,rho0.50_coupled,25,0.5,1.960369336354293,1.1657144058315616,,,3.1260837421858545
2300,rho0.50_coupled,25,0.5,1.8902928793112501,1.5421216057877492,,,3.4324144850989993
2301,rho0.50_coupled,25,0.5,1.7673757579242277,1.31615481465486,,,3.083530572579088
2302,rho0.50_coupled,25,0.5,1.5573165248576812,1.2589721639671412,,,2.816288688824822
2303,rho0.50_coupled,25,0.5,1.7669980137551329,1.522352662263327,,,3.2893506760184597
2304,rho0.50_coupled,25,0.5,1.5988202799862945,1.0159228794431607,,,2.6147431594294552
2305,rho0.50_coupled,25,0.5,1.3737120054108132,1.251860082125822,,,2.625572087536635
2306,rho0.50_coupled,25,0.5,1.2416681189324599,1.132020607950181,,,2.3736887268826408
2307,rho0.50_coupled,25,0.5,1.2115255142543548,1.1414044642493166,,,2.3529299785036715
2308,rho0.50_coupled,25,0.5,1.8140053570586485,1.1466356376087112,,,2.9606409946673597
2309,rho0.50_coupled,25,0.5,1.373179773435054,1.2623334506385373,,,2.6355132240735912
2310,rho0.50_coupled,25,0.5,1.1194779831058206,1.4290120159804904,,,2.548489999086311
2311,rho0.50_coupled,25,0.5,1.5346339182772233,1.2497992101937296,,,2.784433128470953
2312,rho0.50_coupled,25,0.5,1.2679028648407198,0.9481655877941804,,,2.2160684526349
2313,rho0.50_coupled,25,0.5,1.4709636587027834,1.3103860476669946,,,2.7813497063697783
2314,rho0.50_coupled,25,0.5,1.61345512942736,1.2448942278570692,,,2.858349357284429
2315,rho0.50_coupled,25,0.5,1.8289960802180372,1.4069212240897202,,,3.2359173043077574
2316,rho0.50_coupled,25,0.5,1.3330032578272972,1.2855268609463548,,,2.618530118773652
2317,rho0.50_coupled,25,0.5,1.8152180984947563,1.4908478815816384,,,3.3060659800763945
2318,rho0.50_coupled,25,0.5,1.289434274475567,1.6794504314853886,,,2.9688847059609556
2319,rho0.50_coupled,25,0.5,1.4999255786337784,1.7327840294287304,,,3.2327096080625086
2320,rho0.50_coupled,25,0.5,1.4185119186688595,1.5411679037567214,,,2.959679822425581
2321,rho0.50_coupled,25,0.5,1.3790951254402846,1.393826683129956,,,2.7729218085702403
2322,rho0.50_coupled,25,0.5,1.3830544432830214,1.2202794135500992,,,2.6033338568331206
2323,rho0.50_coupled,25,0.5,1.1710191912816352,1.1478701072742576,,,2.318889298555893
2324,rho0.50_coupled,25,0.5,1.1136597197260703,0.8701564544060472,,,1.9838161741321174
2325,rho0.50_coupled,25,0.5,1.3991208167281428,0.9846672853977609,,,2.3837881021259038
2326,rho0.50_coupled,25,0.5,1.4793481443564436,1.690273309654525,,,3.1696214540109686
2327,rho0.50_coupled,25,0.5,1.7133433595068506,1.2044068099107377,,,2.9177501694175882
2328,rho0.50_coupled,25,0.5,1.4741005115272374,1.100186300609525,,,2.574286812136762
2329,rho0.50_coupled,25,0.5,1.3747483620244558,1.5741459739147785,,,2.9488943359392343
2330,rho0.50_coupled,25,0.5,1.6227585289555493,1.5865613277649955,,,3.209319856720545
2331,rho0.50_coupled,25,0.5,1.5337553241739998,1.2049247391399969,,,2.7386800633139967
2332,rho0.50_coupled,25,0.5,1.8539035479795354,1.5969099319335283,,,3.4508134799130636
2333,rho0.50_coupled,25,0.5,1.640431895321599,1.550612511121978,,,3.1910444064435772
2334,rho0.50_coupled,25,0.5,1.577313151081809,1.1916933639064347,,,2.7690065149882437
2335,rho0.50_coupled,25,0.5,1.752954703397151,1.1420963258302153,,,2.8950510292273663
2336,rho0.50_coupled,25,0.5,1.565802599523757,1.135960431235586,,,2.701763030759343
2337,rho0.50_coupled,25,0.5,1.664085065425578,1.2141744162239707,,,2.8782594816495486
2338,rho0.50_coupled,25,0.5,1.8643879852032084,1.6162989568512975,,,3.480686942054506
2339,rho0.50_coupled,25,0.5,1.6535574625323624,1.2129543637949074,,,2.8665118263272698
2340,rho0.50_coupled,25,0.5,1.2047976950270773,1.291819058576193,,,2.4966167536032704
2341,rho0.50_coupled,25,0.5,1.392077573714339,1.2985824067958487,,,2.690659980510188
2342,rho0.50_coupled,25,0.5,1.4351000185796314,1.2559423196362376,,,2.691042338215869
2343,rho0.50_coupled,25,0.5,1.7038978528309137,1.4818680072418504,,,3.185765860072764
2344,rho0.50_coupled,25,0.5,1.866635103898447,1.0322331520808392,,,2.898868255979286
2345,rho0.50_coupled,25,0.5,1.775974121560894,1.3392976878616145,,,3.1152718094225085
2346,rho0.50_coupled,25,0.5,1.3773645840676307,1.1499375130470963,,,2.527302097114727
2347,rho0.50_coupled,25,0.5,1.2930319994007842,1.1060096357091882,,,2.399041635109972
2348,rho0.50_coupled,25,0.5,1.7420610191239323,1.2403572971506946,,,2.982418316274627
2349,rho0.50_coupled,25,0.5,1.7951626040266455,1.2695347660968666,,,3.064697370123512
2350,rho0.50_coupled,25,0.5,1.3983105939003355,1.0583628291423008,,,2.4566734230426364
2351,rho0.50_coupled,25,0.5,2.2058579480192897,1.5264123362892272,,,3.732270284308517
2352,rho0.50_coupled,25,0.5,1.8634583269205165,1.3011095276884783,,,3.164567854608995
2353,rho0.50_coupled,25,0.5,1.6232522982198367,1.4813923741225723,,,3.104644672342409
2354,rho0.50_coupled,25,0.5,1.8197232555133773,1.5305769558008444,,,3.350300211314222
2355,rho0.50_coupled,25,0.5,1.5178753019897149,1.552980786685462,,,3.0708560886751766
2356,rho0.50_coupled,25,0.5,1.699330716107591,1.314914106785242,,,3.0142448228928327
2357,rho0.50_coupled,25,0.5,1.3463463877377733,1.4445340674159994,,,2.790880455153773
2358,rho0.50_coupled,25,0.5,1.6218676035719222,1.1141711201883506,,,2.736038723760273
2359,rho0.50_coupled,25,0.5,1.7222374260815685,1.102901997386208,,,2.8251394234677765
2360,rho0.50_coupled,25,0.5,1.4926187899195447,1.195739638049609,,,2.6883584279691535
2361,rho0.50_coupled,25,0.5,1.590837631278436,1.420195357161694,,,3.01103298844013
2362,rho0.50_coupled,25,0.5,1.596654791963074,1.3587744312018493,,,2.9554292231649235
2363,rho0.50_coupled,25,0.5,1.4930665315476188,1.6057594350060795,,,3.098825966553698
2364,rho0.50_coupled,25,0.5,1.4487113699420837,1.3778527463958652,,,2.826564116337949
2365,rho0.50_coupled,25,0.5,1.8468295101613985,1.3855387003280548,,,3.2323682104894536
2366,rho0.50_coupled,25,0.5,1.6501753960942986,1.4919687898730825,,,3.142144185967381
2367,rho0.50_coupled,25,0.5,1.3750784682148507,1.2873049611661482,,,2.662383429380999
2368,rho0.50_coupled,25,0.5,1.4845761032595832,1.4920937768444273,,,2.9766698801040103
2369,rho0.50_coupled,25,0.5,1.3721099853915741,1.2359017262889338,,,2.6080117116805077
2370,rho0.50_coupled,25,0.5,1.3597075056300985,1.5666987578755551,,,2.926406263505654
2371,rho0.50_coupled,25,0.5,1.6753953877940333,1.4185887106185509,,,3.093984098412584
2372,rho0.50_coupled,25,0.5,1.5271868910751958,1.343182924201323,,,2.8703698152765185
2373,rho0.50_coupled,25,0.5,1.2564443312117413,0.9538219481042476,,,2.210266279315989
2374,rho0.50_coupled,25,0.5,1.3329288111718933,1.3314474870327722,,,2.6643762982046653
2375,rho0.50_coupled,25,0.5,1.562724905015944,1.3517359503097333,,,2.914460855325677
2376,rho0.50_coupled,25,0.5,1.5537994334076777,1.313575769543898,,,2.8673752029515756
2377,rho0.50_coupled,25,0.5,1.366799940175093,1.6949296826059388,,,3.061729622781032
2378,rho0.50_coupled,25,0.5,1.2293552317418261,1.2824633259665095,,,2.5118185577083354
2379,rho0.50_coupled,25,0.5,1.6778334889463824,1.3007347456079148,,,2.978568234554297
2380,rho0.50_coupled,25,0.5,1.4919459794750956,1.3804571003145345,,,2.8724030797896303
2381,rho0.50_coupled,25,0.5,1.5115731020792096,1.2561230493247573,,,2.7676961514039666
2382,rho0.50_coupled,25,0.5,1.752050201200642,1.6899822192205227,,,3.4420324204211648
2383,rho0.50_coupled,25,0.5,1.2680810440183294,1.7200587335031263,,,2.9881397775214555
2384,rho0.50_coupled,25,0.5,1.7293114796917208,1.868413910388104,,,3.597725390079825
2385,rho0.50_coupled,25,0.5,1.6676102731296858,1.2288989002065358,,,2.896509173336222
2386,rho0.50_coupled,25,0.5,1.900414565574737,1.3040878633470083,,,3.2045024289217454
2387,rho0.50_coupled,25,0.5,1.2846985814291803,1.4793601541244517,,,2.7640587355536317
2388,rho0.50_coupled,25,0.5,1.3746088958377798,1.0954945497807789,,,2.470103445618559
2389,rho0.50_coupled,25,0.5,1.431313087458677,1.419748436624001,,,2.851061524082678
2390,rho0.50_coupled,25,0.5,1.6537969090936733,1.1286672148012102,,,2.7824641238948837
2391,rho0.50_coupled,25,0.5,1.6368552028571606,1.408541438996276,,,3.0453966418534364
2392,rho0.50_coupled,25,0.5,1.143595355723354,1.061658522463516,,,2.20525387818687
2393,rho0.50_coupled,25,0.5,1.9067062118222768,1.417049457019865,,,3.323755668842142
2394,rho0.50_coupled,25,0.5,1.7446064183365468,1.4174209613034163,,,3.162027379639963
2395,rho0.50_coupled,25,0.5,1.444890322744725,1.3488278370128763,,,2.793718159757601
2396,rho0.50_coupled,25,0.5,1.2108163715534523,1.6959821565532454,,,2.9067985281066977
2397,rho0.50_coupled,25,0.5,1.374955092842346,1.550562580314451,,,2.925517673156797
2398,rho0.50_coupled,25,0.5,2.0634708561311963,1.838493554507656,,,3.9019644106388522
2399,rho0.50_coupled,25,0.5,1.519847172005786,1.3702290825967431,,,2.890076254602529
2400,rho0.50_coupled,25,0.5,1.3547623911576088,1.1282804214855726,,,2.4830428126431814
2401,rho0.50_coupled,25,0.5,1.6425466644068492,2.100234401535988,,,3.742781065942837
2402,rho0.50_coupled,25,0.5,1.7162872089850407,1.2004875339365564,,,2.9167747429215973
2403,rho0.50_coupled,25,0.5,1.7499160826323865,1.1663476678164848,,,2.9162637504488713
2404,rho0.50_coupled,25,0.5,1.5161641238995829,1.0554464703353275,,,2.5716105942349103
2405,rho0.50_coupled,25,0.5,1.7286925612450625,1.313260593650251,,,3.041953154895314
2406,rho0.50_coupled,25,0.5,1.5730440896170732,1.465995210317518,,,3.039039299934591
2407,rho0.50_coupled,25,0.5,1.611534259382786,1.3568235845973111,,,2.968357843980097
2408,rho0.50_coupled,25,0.5,1.811590214549674,1.511768463783792,,,3.323358678333466
2409,rho0.50_coupled,25,0.5,1.1484164822323248,0.8169308582382332,,,1.965347340470558
2410,rho0.50_coupled,25,0.5,1.6267820906263557,1.2873188522429888,,,2.9141009428693447
2411,rho0.50_coupled,25,0.5,1.4379354870075611,1.451399404908624,,,2.889334891916185
2412,rho0.50_coupled,25,0.5,1.0836381957753978,1.4318462828928609,,,2.5154844786682586
2413,rho0.50_coupled,25,0.5,1.792583660121774,1.461873856372335,,,3.254457516494109
2414,rho0.50_coupled,25,0.5,1.7002904414665705,1.3752302222220856,,,3.075520663688656
2415,rho0.50_coupled,25,0.5,1.0818332883510355,0.9743753811770436,,,2.056208669528079
2416,rho0.50_coupled,25,0.5,1.8437046654535436,1.4636930653740245,,,3.307397730827568
2417,rho0.50_coupled,25,0.5,1.2570607184882923,1.0066374829463551,,,2.2636982014346474
2418,rho0.50_coupled,25,0.5,1.3337207698365323,1.0948297506483922,,,2.4285505204849245
2419,rho0.50_coupled,25,0.5,1.263779500337296,1.3237548872761582,,,2.587534387613454
2420,rho0.50_coupled,25,0.5,1.2143692721129131,1.5657589630897646,,,2.7801282352026777
2421,rho0.50_coupled,25,0.5,1.3839004074443648,1.48804520252333,,,2.8719456099676948
2422,rho0.50_coupled,25,0.5,1.1627228594851502,1.4188683316279591,,,2.5815911911131093
2423,rho0.50_coupled,25,0.5,1.8414606060214194,1.6539625824825301,,,3.4954231885039495
2424,rho0.50_coupled,25,0.5,1.65591932047033,1.3134443629967452,,,2.9693636834670754
2425,rho0.50_coupled,25,0.5,1.6311589290284927,1.0157449422486067,,,2.6469038712770994
2426,rho0.50_coupled,25,0.5,1.4108208619587421,1.1190272327310573,,,2.5298480946897994
2427,rho0.50_coupled,25,0.5,1.8451013469348816,1.8711254892885174,,,3.7162268362233988
2428,rho0.50_coupled,25,0.5,1.2175078831654744,1.514358732441522,,,2.7318666156069966
2429,rho0.50_coupled,25,0.5,1.7625129163726212,1.4625331159302108,,,3.2250460323028323
2430,rho0.50_coupled,25,0.5,1.2470270736844469,1.0437056688981055,,,2.290732742582552
2431,rho0.50_coupled,25,0.5,1.4532910179147018,1.3565141084732772,,,2.809805126387979
2432,rho0.50_coupled,25,0.5,1.6061058032623448,1.358141369035894,,,2.964247172298239
2433,rho0.50_coupled,25,0.5,1.4703332568165584,1.6266545353660768,,,3.0969877921826354
2434,rho0.50_coupled,25,0.5,1.532650779795583,1.3430725027526687,,,2.8757232825482517
2435,rho0.50_coupled,25,0.5,1.3951201625305512,0.9871706358288013,,,2.382290798359352
2436,rho0.50_coupled,25,0.5,1.4541585921422466,1.5642714174332095,,,3.0184300095754564
2437,rho0.50_coupled,25,0.5,2.037271561672141,1.424691499323465,,,3.461963060995606
2438,rho0.50_coupled,25,0.5,1.499021881736808,0.9947923111378162,,,2.4938141928746242
2439,rho0.50_coupled,25,0.5,1.8206917014902317,1.3116148072448026,,,3.1323065087350344
2440,rho0.50_coupled,25,0.5,1.7399674256721862,1.4468014986989783,,,3.1867689243711643
2441,rho0.50_coupled,25,0.5,1.115092978865219,1.5671799072898962,,,2.6822728861551153
2442,rho0.50_coupled,25,0.5,1.6995036486617299,1.3797315543725888,,,3.079235203034319
2443,rho0.50_coupled,25,0.5,1.4583765176475616,1.134797816956331,,,2.5931743346038925
2444,rho0.50_coupled,25,0.5,1.4627806152554899,1.3714240838367289,,,2.8342046990922185
2445,rho0.50_coupled,25,0.5,2.0198508535856066,1.6099235654268929,,,3.6297744190124996
2446,rho0.50_coupled,25,0.5,1.6439910429185138,1.2150802352929966,,,2.8590712782115104
2447,rho0.50_coupled,25,0.5,1.2066988725823224,1.4616965650524607,,,2.668395437634783
2448,rho0.50_coupled,25,0.5,1.574011186649742,1.0366325274212542,,,2.610643714070996
2449,rho0.50_coupled,25,0.5,1.6313590656271457,1.0894815109486107,,,2.7208405765757564
2450,rho0.50_coupled,25,0.5,1.3970065888793777,1.195368224999509,,,2.5923748138788865
2451,rho0.50_coupled,25,0.5,1.413660320783998,1.2201432537777142,,,2.6338035745617123
2452,rho0.50_coupled,25,0.5,1.291759322016964,1.501755113252688,,,2.7935144352696524
2453,rho0.50_coupled,25,0.5,1.575947235102001,1.376748442332269,,,2.95269567743427
2454,rho0.50_coupled,25,0.5,1.1996134605661726,1.140797323278379,,,2.3404107838445514
2455,rho0.50_coupled,25,0.5,1.2011173813242935,1.1493257523512654,,,2.350443133675559
2456,rho0.50_coupled,25,0.5,1.7326496692822064,1.5034232722516294,,,3.236072941533836
2457,rho0.50_coupled,25,0.5,1.9723014022104532,1.4123666774909713,,,3.3846680797014246
2458,rho0.50_coupled,25,0.5,1.832920720367865,1.1097257800763831,,,2.942646500444248
2459,rho0.50_coupled,25,0.5,1.4770655856497124,1.4505006556750177,,,2.92756624132473
2460,rho0.50_coupled,25,0.5,1.4193514471309874,1.3229642556997088,,,2.7423157028306964
2461,rho0.50_coupled,25,0.5,1.3652181043805347,1.3356861587912008,,,2.7009042631717355
2462,rho0.50_coupled,25,0.5,1.371922765843783,1.6171774484949935,,,2.9891002143387766
2463,rho0.50_coupled,25,0.5,1.0664739942756258,1.1495272618344203,,,2.2160012561100464
2464,rho0.50_coupled,25,0.5,1.4635633675339081,1.5590891748691846,,,3.022652542403093
2465,rho0.50_coupled,25,0.5,1.6849775810194108,1.9074319261266848,,,3.5924095071460957
2466,rho0.50_coupled,25,0.5,1.581063902860749,1.5183947958056092,,,3.099458698666358
2467,rho0.50_coupled,25,0.5,1.6743461634643018,1.3386055395312453,,,3.0129517029955473
2468,rho0.50_coupled,25,0.5,1.6537035974465368,1.1363293715276888,,,2.7900329689742254
2469,rho0.50_coupled,25,0.5,1.741422986042934,1.4600281371218102,,,3.2014511231647442
2470,rho0.50_coupled,25,0.5,1.5216473670914756,1.5362841999280035,,,3.0579315670194793
2471,rho0.50_coupled,25,0.5,1.3516897943305493,1.527681828204825,,,2.8793716225353743
2472,rho0.50_coupled,25,0.5,1.6047377284751603,1.0549198498185341,,,2.6596575782936944
2473,rho0.50_coupled,25,0.5,1.8522159239521159,1.9597469508635208,,,3.8119628748156367
2474,rho0.50_coupled,25,0.5,1.1317645062117974,1.1005063476804378,,,2.232270853892235
2475,rho0.50_coupled,25,0.5,1.1856739421881968,1.132335149817519,,,2.318009092005716
2476,rho0.50_coupled,25,0.5,1.6094571029219387,1.7482660918933246,,,3.3577231948152635
2477,rho0.50_coupled,25,0.5,1.4653067085204405,1.081754622714279,,,2.5470613312347195
2478,rho0.50_coupled,25,0.5,1.7158028521658462,1.2492372976493988,,,2.9650401498152448
2479,rho0.50_coupled,25,0.5,2.0971219596048782,1.572198761172515,,,3.6693207207773932
2480,rho0.50_coupled,25,0.5,1.1375235472305154,1.0577042543653334,,,2.195227801595849
2481,rho0.50_coupled,25,0.5,1.533443173945169,1.17319049452784,,,2.706633668473009
2482,rho0.50_coupled,25,0.5,1.1809695295249059,1.0370878369095138,,,2.2180573664344196
2483,rho0.50_coupled,25,0.5,1.5036722737898196,1.6310732075667818,,,3.1347454813566014
2484,rho0.50_coupled,25,0.5,1.2200965546720124,1.0856473116561873,,,2.3057438663282
2485,rho0.50_coupled,25,0.5,1.168427855355673,0.9627812185680045,,,2.1312090739236775
2486,rho0.50_coupled,25,0.5,1.7613086459770393,1.6596263331258738,,,3.4209349791029133
2487,rho0.50_coupled,25,0.5,1.7137887257551347,1.1059059458938887,,,2.8196946716490237
2488,rho0.50_coupled,25,0.5,1.3728379784226554,1.1502325902308141,,,2.52307056865347
2489,rho0.50_coupled,25,0.5,1.4750282356455973,1.2403960299767072,,,2.715424265622304
2490,rho0.50_coupled,25,0.5,2.1155288603516618,2.0852411748879685,,,4.20077003523963
2491,rho0.50_coupled,25,0.5,2.3501882339604596,1.714452674282414,,,4.064640908242874
2492,rho0.50_coupled,25,0.5,1.3578702686677513,1.296690236043658,,,2.6545605047114096
2493,rho0.50_coupled,25,0.5,0.9228129674953285,0.7134673384420038,,,1.6362803059373323
2494,rho0.50_coupled,25,0.5,2.094861104333858,1.772560999735361,,,3.867422104069219
2495,rho0.50_coupled,25,0.5,1.4041204887127825,1.5113645885549414,,,2.915485077267724
2496,rho0.50_coupled,25,0.5,1.267807521912221,1.0375701721507156,,,2.3053776940629365
2497,rho0.50_coupled,25,0.5,1.7614502656827926,1.9502513326031305,,,3.711701598285923
2498,rho0.50_coupled,25,0.5,1.9855426556258393,1.6519356983800113,,,3.6374783540058506
2499,rho0.50_coupled,25,0.5,1.6560453166459819,1.4749205675261916,,,3.1309658841721735
2500,rho0.50_coupled,25,0.5,1.4193319065791585,1.3756532316107744,,,2.794985138189933
2501,rho0.50_coupled,25,0.5,1.9321421757462298,1.4491704787032265,,,3.3813126544494563
2502,rho0.50_coupled,25,0.5,1.1188614319086583,0.8042612054836761,,,1.9231226373923342
2503,rho0.50_coupled,25,0.5,1.2429446223305995,1.1928173090668315,,,2.435761931397431
2504,rho0.50_coupled,25,0.5,1.2670120922197106,1.2157196389908052,,,2.4827317312105155
2505,rho0.50_coupled,25,0.5,1.547684706007254,1.2456065119132829,,,2.7932912179205367
2506,rho0.50_coupled,25,0.5,1.697834975350278,1.4017180144624493,,,3.099552989812727
2507,rho0.50_coupled,25,0.5,1.4374091640449536,1.2916453142471753,,,2.729054478292129
2508,rho0.50_coupled,25,0.5,1.7493021332464413,1.4432883125678446,,,3.192590445814286
2509,rho0.50_coupled,25,0.5,1.532063741404913,1.4333405803957016,,,2.9654043218006145
2510,rho0.50_coupled,25,0.5,1.3593136669041468,1.7205297489896654,,,3.079843415893812
2511,rho0.50_coupled,25,0.5,1.8826721657878525,1.7180846661342286,,,3.600756831922081
2512,rho0.50_coupled,25,0.5,1.6644203836054738,1.3463580963863304,,,3.0107784799918043
2513,rho0.50_coupled,25,0.5,1.5248966174192953,1.5027196361183093,,,3.0276162535376043
2514,rho0.50_coupled,25,0.5,2.0626281866412457,1.643268873286343,,,3.7058970599275884
2515,rho0.50_coupled,25,0.5,1.892058338150791,1.5111103866041897,,,3.4031687247549804
2516,rho0.50_coupled,25,0.5,1.4759611633911347,1.4022193417823858,,,2.8781805051735203
2517,rho0.50_coupled,25,0.5,1.5229577841161954,1.0187001263544913,,,2.5416579104706867
2518,rho0.50_coupled,25,0.5,1.5454628394060994,0.9191138242189887,,,2.4645766636250883
2519,rho0.50_coupled,25,0.5,1.4293355726741688,1.4221193806729204,,,2.851454953347089
2520,rho0.50_coupled,25,0.5,1.6482533877178152,1.6047353913160136,,,3.2529887790338288
2521,rho0.50_coupled,25,0.5,1.0173622367544153,1.1905847402607506,,,2.207946977015166
2522,rho0.50_coupled,25,0.5,1.2269179930515628,1.1255159771374268,,,2.3524339701889896
2523,rho0.50_coupled,25,0.5,1.6624074386171444,1.1775599038200326,,,2.839967342437177
2524,rho0.50_coupled,25,0.5,1.1770369686131552,1.236632949595494,,,2.413669918208649
2525,rho0.50_coupled,25,0.5,1.7036500017148675,1.17430977856108,,,2.8779597802759476
2526,rho0.50_coupled,25,0.5,1.9818496866773747,1.42594569715199,,,3.407795383829365
2527,rho0.50_coupled,25,0.5,1.1827560219656021,1.137566955348488,,,2.32032297731409
2528,rho0.50_coupled,25,0.5,1.5158203092804876,1.3067379440474798,,,2.8225582533279674
2529,rho0.50_coupled,25,0.5,1.2115775582538468,1.0695873625253909,,,2.2811649207792377
2530,rho0.50_coupled,25,0.5,2.0853553107797422,1.3945317290304997,,,3.479887039810242
2531,rho0.50_coupled,25,0.5,1.549150771020549,1.4417787215136533,,,2.9909294925342023
2532,rho0.50_coupled,25,0.5,1.2431611041043944,0.9557019910146668,,,2.1988630951190613
2533,rho0.50_coupled,25,0.5,1.7160424333911537,1.138875764591809,,,2.854918197982963
2534,rho0.50_coupled,25,0.5,1.495841232698149,1.4011220166748575,,,2.896963249373006
2535,rho0.50_coupled,25,0.5,1.8776642415652776,1.582300511949383,,,3.4599647535146607
2536,rho0.50_coupled,25,0.5,1.2583904401837964,1.3612354235868755,,,2.619625863770672
2537,rho0.50_coupled,25,0.5,0.8269945194844898,0.7033013437122115,,,1.5302958631967014
2538,rho0.50_coupled,25,0.5,1.7198451771309708,1.1323017648122775,,,2.852146941943248
2539,rho0.50_coupled,25,0.5,1.2267524635453313,1.1993650378961975,,,2.426117501441529
2540,rho0.50_coupled,25,0.5,1.4705706306220916,1.215726707877888,,,2.6862973384999798
2541,rho0.50_coupled,25,0.5,1.5360795596616073,1.08274374029953,,,2.618823299961137
2542,rho0.50_coupled,25,0.5,1.4999750896073925,1.3104264428965777,,,2.8104015325039704
2543,rho0.50_coupled,25,0.5,2.0133346325848382,1.0263924945859977,,,3.0397271271708357
2544,rho0.50_coupled,25,0.5,1.7067151353282115,1.2279882543160885,,,2.9347033896442998
2545,rho0.50_coupled,25,0.5,1.6164065066347892,1.4581924592962814,,,3.0745989659310706
2546,rho0.50_coupled,25,0.5,1.481429517986984,1.2598156545521713,,,2.7412451725391556
2547,rho0.50_coupled,25,0.5,1.5755966198634803,0.9945931479990846,,,2.5701897678625647
2548,rho0.50_coupled,25,0.5,1.4548065205812424,1.3379536414610091,,,2.7927601620422515
2549,rho0.50_coupled,25,0.5,1.4654798878117647,1.4370997555802612,,,2.902579643392026
2550,rho0.50_coupled,25,0.5,1.209027347972059,1.1495940743700754,,,2.3586214223421345
2551,rho0.50_coupled,25,0.5,1.3297736437014112,1.1029172374332645,,,2.4326908811346755
2552,rho0.50_coupled,25,0.5,1.8369071841965334,1.5673370113709053,,,3.404244195567439
2553,rho0.50_coupled,25,0.5,1.5676758517045108,1.235112768804453,,,2.802788620508964
2554,rho0.50_coupled,25,0.5,1.2544816125702245,1.0707279979141662,,,2.3252096104843907
2555,rho0.50_coupled,25,0.5,1.2118881454359303,1.4513113407465608,,,2.6631994861824912
2556,rho0.50_coupled,25,0.5,1.311047487262136,1.2190845856572494,,,2.5301320729193852
2557,rho0.50_coupled,25,0.5,1.1143109025716254,1.0293704271566704,,,2.1436813297282957
2558,rho0.50_coupled,25,0.5,1.6886503041816443,1.577853446888772,,,3.2665037510704162
2559,rho0.50_coupled,25,0.5,1.795450338097142,1.3577667933302386,,,3.1532171314273807
2560,rho0.50_coupled,25,0.5,0.9824630384240335,0.9367860712665306,,,1.919249109690564
2561,rho0.50_coupled,25,0.5,0.9664421259012682,1.2228567083251405,,,2.189298834226409
2562,rho0.50_coupled,25,0.5,0.9212772082565365,0.9630545653172495,,,1.884331773573786
2563,rho0.50_coupled,25,0.5,1.504100787885755,0.9790852584867844,,,2.4831860463725395
2564,rho0.50_coupled,25,0.5,1.8104628369985072,1.3870480079918297,,,3.1975108449903367
2565,rho0.50_coupled,25,0.5,2.114943288802433,1.308991886659848,,,3.423935175462281
2566,rho0.50_coupled,25,0.5,1.8913278084787692,1.4422895643320008,,,3.33361737281077
2567,rho0.50_coupled,25,0.5,1.8370386722279046,1.7607609530319115,,,3.597799625259816
2568,rho0.50_coupled,25,0.5,1.7428152613128007,1.6078926239204305,,,3.3507078852332315
2569,rho0.50_coupled,25,0.5,1.5137640998896615,1.3886503839795021,,,2.9024144838691637
2570,rho0.50_coupled,25,0.5,1.1508190846882773,1.219251463792922,,,2.3700705484811992
2571,rho0.50_coupled,25,0.5,1.3877267971388845,1.5995667185052886,,,2.987293515644173
2572,rho0.50_coupled,25,0.5,1.7877298791825695,1.6898819598807573,,,3.477611839063327
2573,rho0.50_coupled,25,0.5,1.1812093104678996,1.3171277019533187,,,2.498337012421218
2574,rho0.50_coupled,25,0.5,1.4179043305914143,1.5180932899961763,,,2.9359976205875906
2575,rho0.50_coupled,25,0.5,1.6697862648508108,1.257483243852822,,,2.927269508703633
2576,rho0.50_coupled,25,0.5,1.3912262993659779,1.1833693244642394,,,2.5745956238302172
2577,rho0.50_coupled,25,0.5,1.1037046025420265,0.6504800597590095,,,1.754184662301036
2578,rho0.50_coupled,25,0.5,1.2093100169490132,1.1152484153564266,,,2.32455843230544
2579,rho0.50_coupled,25,0.5,1.5495011546997948,1.3398666976305076,,,2.8893678523303024
2580,rho0.50_coupled,25,0.5,1.7952254677399644,1.4476982904553672,,,3.2429237581953316
2581,rho0.50_coupled,25,0.5,1.6866337343775046,1.1807252488146214,,,2.8673589831921262
2582,rho0.50_coupled,25,0.5,1.9131728704999322,1.24777239298424,,,3.160945263484172
2583,rho0.50_coupled,25,0.5,1.8159234281023162,1.4898076470757051,,,3.3057310751780213
2584,rho0.50_coupled,25,0.5,1.4745428156038207,1.3355820227987973,,,2.810124838402618
2585,rho0.50_coupled,25,0.5,1.435697217382347,1.4201626083473393,,,2.855859825729686
2586,rho0.50_coupled,25,0.5,1.644339115704609,1.4456123349449586,,,3.0899514506495676
2587,rho0.50_coupled,25,0.5,1.720933579889687,1.599028563673415,,,3.319962143563102
2588,rho0.50_coupled,25,0.5,1.6332280280049887,1.3108233028880785,,,2.944051330893067
2589,rho0.50_coupled,25,0.5,1.7128031023964951,1.6131101869174063,,,3.3259132893139016
2590,rho0.50_coupled,25,0.5,1.581136256201657,1.5163111901709336,,,3.0974474463725907
2591,rho0.50_coupled,25,0.5,1.3478516965384586,1.4084340530930204,,,2.7562857496314788
2592,rho0.50_coupled,25,0.5,1.9101737423830696,1.4865103881755766,,,3.396684130558646
2593,rho0.50_coupled,25,0.5,2.1143185233141155,1.9547524670324257,,,4.069070990346541
2594,rho0.50_coupled,25,0.5,1.023687598768019,1.1711672301038187,,,2.1948548288718377
2595,rho0.50_coupled,25,0.5,1.5111638326582002,1.3552472662661363,,,2.8664110989243365
2596,rho0.50_coupled,25,0.5,1.9137613493709036,1.4255419921465853,,,3.339303341517489
2597,rho0.50_coupled,25,0.5,1.812337221647661,1.8383602693031187,,,3.6506974909507797
2598,rho0.50_coupled,25,0.5,1.453027595790238,1.1172376346943802,,,2.570265230484618
2599,rho0.50_coupled,25,0.5,1.0531591941725669,1.6429169292524075,,,2.6960761234249744
2600,rho0.50_coupled,25,0.5,1.4690901936575835,1.3372614329422614,,,2.806351626599845
2601,rho0.50_coupled,25,0.5,1.5538929074140748,1.0425038323944331,,,2.596396739808508
2602,rho0.50_coupled,25,0.5,1.4626975489700036,0.900213661375377,,,2.3629112103453807
2603,rho0.50_coupled,25,0.5,1.8306930143623594,1.5220204338781547,,,3.352713448240514
2604,rho0.50_coupled,25,0.5,1.1502075933129379,0.998239448115004,,,2.148447041427942
2605,rho0.50_coupled,25,0.5,1.6287157598748765,1.6274084988504613,,,3.256124258725338
2606,rho0.50_coupled,25,0.5,1.8348861039543563,1.6109431787204995,,,3.4458292826748558
2607,rho0.50_coupled,25,0.5,0.972903625960504,1.044406691529332,,,2.017310317489836
2608,rho0.50_coupled,25,0.5,1.4564921908891082,1.6069694266422976,,,3.063461617531406
2609,rho0.50_coupled,25,0.5,1.683340965902692,1.6514752004043007,,,3.334816166306993
2610,rho0.50_coupled,25,0.5,1.6492804532033836,1.202389378346761,,,2.8516698315501445
2611,rho0.50_coupled,25,0.5,1.7984079794374206,1.1662769729664204,,,2.9646849524038412
2612,rho0.50_coupled,25,0.5,1.757714266227502,1.2354645827110313,,,2.993178848938533
2613,rho0.50_coupled,25,0.5,1.4496726888507585,1.2864924957661745,,,2.736165184616933
2614,rho0.50_coupled,25,0.5,1.7937814752898593,1.488356155913349,,,3.2821376312032084
2615,rho0.50_coupled,25,0.5,1.4014310794004796,1.2447590251769176,,,2.6461901045773972
2616,rho0.50_coupled,25,0.5,1.4431173478267898,1.4119756232897138,,,2.8550929711165036
2617,rho0.50_coupled,25,0.5,1.4814622801412167,1.7010316549706075,,,3.1824939351118244
2618,rho0.50_coupled,25,0.5,2.0897730555266643,1.3483213209468066,,,3.4380943764734706
2619,rho0.50_coupled,25,0.5,1.3368612720967863,0.9919530739026612,,,2.3288143459994473
2620,rho0.50_coupled,25,0.5,1.8269396965635882,1.5411063817896662,,,3.368046078353254
2621,rho0.50_coupled,25,0.5,1.6225201373275784,1.2015415835256908,,,2.824061720853269
2622,rho0.50_coupled,25,0.5,1.3817419354805143,1.6625150436367402,,,3.0442569791172547
2623,rho0.50_coupled,25,0.5,1.1515500978005773,1.2396456457271774,,,2.3911957435277547
2624,rho0.50_coupled,25,0.5,1.6930983602737466,1.8597117221205632,,,3.55281008239431
2625,rho0.50_coupled,25,0.5,1.831439325809362,1.6444163439337642,,,3.475855669743126
2626,rho0.50_coupled,25,0.5,1.4667325431026552,1.3633439541715846,,,2.8300764972742396
2627,rho0.50_coupled,25,0.5,1.8758909959617884,1.537731924765764,,,3.413622920727552
2628,rho0.50_coupled,25,0.5,1.9079652074409774,1.4882273360209783,,,3.3961925434619555
2629,rho0.50_coupled,25,0.5,1.9251122384443022,1.7567221397139674,,,3.6818343781582694
2630,rho0.50_coupled,25,0.5,1.4540446579265776,1.4722138440952786,,,2.926258502021856
2631,rho0.50_coupled,25,0.5,1.3260896615151538,1.0127935563854757,,,2.3388832179006296
2632,rho0.50_coupled,25,0.5,1.9475967148375235,1.6391984123276027,,,3.586795127165126
2633,rho0.50_coupled,25,0.5,1.9151278918202315,1.7403070983135742,,,3.6554349901338057
2634,rho0.50_coupled,25,0.5,1.3393434083106273,1.727831344637326,,,3.0671747529479534
2635,rho0.50_coupled,25,0.5,0.9863142956195582,1.2107165108047835,,,2.197030806424342
2636,rho0.50_coupled,25,0.5,0.8826266403257871,1.002666073518553,,,1.8852927138443403
2637,rho0.50_coupled,25,0.5,1.5438270818765172,1.6942772735361795,,,3.2381043554126965
2638,rho0.50_coupled,25,0.5,1.4718371183917907,1.0915107220445475,,,2.563347840436338
2639,rho0.50_coupled,25,0.5,0.9968324206166556,0.6713467588793082,,,1.6681791794959637
2640,rho0.50_coupled,25,0.5,1.5773451740020843,1.1095979850812532,,,2.6869431590833375
2641,rho0.50_coupled,25,0.5,1.3658314074528146,1.037887819591176,,,2.4037192270439904
2642,rho0.50_coupled,25,0.5,1.2044552083265074,1.0345511913495298,,,2.239006399676037
2643,rho0.50_coupled,25,0.5,1.449640090763463,1.6620500724608236,,,3.111690163224287
2644,rho0.50_coupled,25,0.5,1.755831063339646,1.3816733861300121,,,3.137504449469658
2645,rho0.50_coupled,25,0.5,1.7491908120337907,1.548282000960236,,,3.2974728129940267
2646,rho0.50_coupled,25,0.5,1.4117705181220779,1.3566161663970608,,,2.7683866845191387
2647,rho0.50_coupled,25,0.5,1.4770594541053688,1.1655665990421515,,,2.64262605314752
2648,rho0.50_coupled,25,0.5,1.6141519948237026,1.0062716739846638,,,2.6204236688083666
2649,rho0.50_coupled,25,0.5,2.151107703438396,1.3679102718437974,,,3.5190179752821935
2650,rho0.50_coupled,25,0.5,1.3505576369597176,1.1439601507631654,,,2.494517787722883
2651,rho0.50_coupled,25,0.5,0.6518580860703835,1.1261786051222886,,,1.7780366911926722
2652,rho0.50_coupled,25,0.5,1.2009698345664834,1.3398712479337431,,,2.5408410825002266
2653,rho0.50_coupled,25,0.5,1.7022682268920257,1.3091366946283294,,,3.011404921520355
2654,rho0.50_coupled,25,0.5,1.2117264830595227,1.2284119724721212,,,2.4401384555316437
2655,rho0.50_coupled,25,0.5,1.35382107383094,1.5407733291383339,,,2.8945944029692736
2656,rho0.50_coupled,25,0.5,1.436718264055917,1.3648327075856719,,,2.801550971641589
2657,rho0.50_coupled,25,0.5,1.9203067393090831,1.660764818540851,,,3.581071557849934
2658,rho0.50_coupled,25,0.5,1.3543715410668407,0.8247783847456982,,,2.179149925812539
2659,rho0.50_coupled,25,0.5,2.15205840198562,1.278494245340183,,,3.4305526473258032
2660,rho0.50_coupled,25,0.5,1.495402187427438,1.4346818966165236,,,2.9300840840439615
2661,rho0.50_coupled,25,0.5,1.676066908224517,1.508759898904882,,,3.184826807129399
2662,rho0.50_coupled,25,0.5,1.0527338124543326,1.2341068274202762,,,2.286840639874609
2663,rho0.50_coupled,25,0.5,1.5307844626681308,1.6032255973178042,,,3.1340100599859353
2664,rho0.50_coupled,25,0.5,1.593756633433621,1.7785353203406205,,,3.3722919537742415
2665,rho0.50_coupled,25,0.5,1.4118724479873537,1.0669705428359013,,,2.4788429908232548
2666,rho0.50_coupled,25,0.5,1.5809720030681718,1.4784158110577703,,,3.059387814125942
2667,rho0.50_coupled,25,0.5,1.5085813689167313,1.299611881743238,,,2.8081932506599694
2668,rho0.50_coupled,25,0.5,1.6462800648961458,1.1913736165284448,,,2.8376536814245905
2669,rho0.50_coupled,25,0.5,1.2704750623568195,1.2928717065122497,,,2.563346768869069
2670,rho0.50_coupled,25,0.5,1.4514689682883481,1.2724483486570235,,,2.7239173169453714
2671,rho0.50_coupled,25,0.5,1.4650343458768385,0.9955980180952242,,,2.4606323639720626
2672,rho0.50_coupled,25,0.5,1.1172681025655264,1.277641348131832,,,2.3949094506973587
2673,rho0.50_coupled,25,0.5,1.4735623419591999,1.5438682285799779,,,3.0174305705391777
2674,rho0.50_coupled,25,0.5,2.000329243698044,1.352900338945011,,,3.3532295826430554
2675,rho0.50_coupled,25,0.5,1.4505784205453993,1.5089338008239195,,,2.9595122213693186
2676,rho0.50_coupled,25,0.5,1.611896487149727,1.2362605430738711,,,2.8481570302235983
2677,rho0.50_coupled,25,0.5,1.9370832053521414,1.782971047381284,,,3.7200542527334255
2678,rho0.50_coupled,25,0.5,1.2664284975971676,1.1885903598850707,,,2.455018857482238
2679,rho0.50_coupled,25,0.5,1.4380859609761936,1.3373021945737513,,,2.775388155549945
2680,rho0.50_coupled,25,0.5,1.82049753069664,1.5599465201908056,,,3.3804440508874456
2681,rho0.50_coupled,25,0.5,1.7433945545047682,1.3799520589501753,,,3.1233466134549435
2682,rho0.50_coupled,25,0.5,1.7840909012707118,1.8247933629145199,,,3.6088842641852317
2683,rho0.50_coupled,25,0.5,1.367955344306526,1.5063444964255153,,,2.874299840732041
2684,rho0.50_coupled,25,0.5,1.8224597048545061,1.4924352520008777,,,3.314894956855384
2685,rho0.50_coupled,25,0.5,1.3160242340457216,1.617139814354683,,,2.9331640484004042
2686,rho0.50_coupled,25,0.5,2.1320415032390136,1.5229897436065674,,,3.655031246845581
2687,rho0.50_coupled,25,0.5,1.6875005908293135,1.209818061917802,,,2.8973186527471153
2688,rho0.50_coupled,25,0.5,1.5998290953024943,1.7813410892179835,,,3.381170184520478
2689,rho0.50_coupled,25,0.5,1.680115367466107,1.4216302547690662,,,3.101745622235173
2690,rho0.50_coupled,25,0.5,1.499545942367859,1.026781895153508,,,2.526327837521367
2691,rho0.50_coupled,25,0.5,1.6033696308508927,1.465469923603262,,,3.0688395544541547
2692,rho0.50_coupled,25,0.5,2.097308671633443,1.6736527567556787,,,3.7709614283891217
2693,rho0.50_coupled,25,0.5,2.050411381606659,1.9554528583452715,,,4.005864239951931
2694,rho0.50_coupled,25,0.5,1.6646534425181914,1.7475831487611027,,,3.412236591279294
2695,rho0.50_coupled,25,0.5,1.5119839450885315,1.3373001723935993,,,2.8492841174821306
2696,rho0.50_coupled,25,0.5,1.1400559168927369,1.65979129353603,,,2.7998472104287666
2697,rho0.50_coupled,25,0.5,1.3478230207609978,1.034438378877147,,,2.3822613996381445
2698,rho0.50_coupled,25,0.5,1.2989520430123538,1.356502071868754,,,2.655454114881108
2699,rho0.50_coupled,25,0.5,1.3939827169152166,1.3652138759594257,,,2.759196592874642
2700,rho0.50_coupled,25,0.5,2.015080471104452,1.747953425148968,,,3.76303389625342
2701,rho0.50_coupled,25,0.5,1.383163026607853,1.3863484384018947,,,2.7695114650097477
2702,rho0.50_coupled,25,0.5,1.2272382927218186,1.5910908572751854,,,2.818329149997004
2703,rho0.50_coupled,25,0.5,0.9385985730034458,1.280231471293589,,,2.218830044297035
2704,rho0.50_coupled,25,0.5,1.6826531753887548,1.3937282872748633,,,3.076381462663618
2705,rho0.50_coupled,25,0.5,1.5020903882928116,1.1706169003326665,,,2.672707288625478
2706,rho0.50_coupled,25,0.5,1.5920867634856446,1.3829589053802125,,,2.975045668865857
2707,rho0.50_coupled,25,0.5,0.9750733292296285,1.1180053381115698,,,2.0930786673411985
2708,rho0.50_coupled,25,0.5,1.902518700921877,1.8479871671170174,,,3.7505058680388945
2709,rho0.50_coupled,25,0.5,1.2217765737358999,1.419630944818248,,,2.641407518554148
2710,rho0.50_coupled,25,0.5,1.2219046768631199,1.2925112987360383,,,2.5144159755991584
2711,rho0.50_coupled,25,0.5,1.3208677213896811,1.0628066078540033,,,2.3836743292436844
2712,rho0.50_coupled,25,0.5,1.592210423469733,1.291988622085181,,,2.8841990455549142
2713,rho0.50_coupled,25,0.5,1.875778290875238,1.3417614808245963,,,3.217539771699834
2714,rho0.50_coupled,25,0.5,1.2946704970550424,1.2761819722008902,,,2.5708524692559327
2715,rho0.50_coupled,25,0.5,1.5440191034837925,1.3335261295683807,,,2.877545233052173
2716,rho0.50_coupled,25,0.5,1.3063022307015697,1.1657760394235952,,,2.4720782701251647
2717,rho0.50_coupled,25,0.5,1.1428180866171247,1.039960678932925,,,2.18277876555005
2718,rho0.50_coupled,25,0.5,1.895565893148195,1.429430684592184,,,3.3249965777403787
2719,rho0.50_coupled,25,0.5,2.0300274884699108,1.575942316484844,,,3.605969804954755
2720,rho0.50_coupled,25,0.5,1.5888023787743073,1.8126719972015355,,,3.401474375975843
2721,rho0.50_coupled,25,0.5,1.719482314210338,1.2096577970680698,,,2.9291401112784077
2722,rho0.50_coupled,25,0.5,1.5170709682071697,1.5080107900339579,,,3.025081758241128
2723,rho0.50_coupled,25,0.5,1.526893757934974,1.0421492077756616,,,2.5690429657106355
2724,rho0.50_coupled,25,0.5,1.8956983256148539,1.6646555089280959,,,3.5603538345429495
2725,rho0.50_coupled,25,0.5,1.5384924541025868,1.2697850232241477,,,2.8082774773267345
2726,rho0.50_coupled,25,0.5,1.2134084299214856,0.9700281471143029,,,2.1834365770357884
2727,rho0.50_coupled,25,0.5,1.3288599991539334,1.3977979398910905,,,2.726657939045024
2728,rho0.50_coupled,25,0.5,1.761788977835042,1.9220354007489524,,,3.6838243785839944
2729,rho0.50_coupled,25,0.5,1.402955835888031,1.3232267604704704,,,2.7261825963585014
2730,rho0.50_coupled,25,0.5,1.4578129992467583,1.8283512358036735,,,3.286164235050432
2731,rho0.50_coupled,25,0.5,1.4423951250375906,1.2774612436058197,,,2.71985636864341
2732,rho0.50_coupled,25,0.5,1.5107320218431035,1.1068327535252072,,,2.6175647753683107
2733,rho0.50_coupled,25,0.5,1.5099599517905664,1.5040585529884907,,,3.014018504779057
2734,rho0.50_coupled,25,0.5,1.7988500126660925,1.4302010918772101,,,3.2290511045433026
2735,rho0.50_coupled,25,0.5,1.1930952656440152,1.1113096878344217,,,2.304404953478437
2736,rho0.50_coupled,25,0.5,1.437034784025672,1.3146794813903564,,,2.7517142654160285
2737,rho0.50_coupled,25,0.5,1.656121507066714,1.6368354658052777,,,3.2929569728719916
2738,rho0.50_coupled,25,0.5,1.4462664088459825,1.4865963397589914,,,2.9328627486049736
2739,rho0.50_coupled,25,0.5,1.2958944066397153,1.153308955182994,,,2.4492033618227094
2740,rho0.50_coupled,25,0.5,1.2233038898529225,1.2142880881226215,,,2.437591977975544
2741,rho0.50_coupled,25,0.5,1.7376655786195636,1.6464391353443046,,,3.3841047139638682
2742,rho0.50_coupled,25,0.5,1.7216495303624773,1.5879449835224322,,,3.3095945138849094
2743,rho0.50_coupled,25,0.5,1.5577043820816434,1.350572420183232,,,2.9082768022648757
2744,rho0.50_coupled,25,0.5,1.747400038580626,1.4759697901621631,,,3.223369828742789
2745,rho0.50_coupled,25,0.5,1.8597569645387715,1.7119609188413434,,,3.571717883380115
2746,rho0.50_coupled,25,0.5,1.3202145656802862,1.0799575302487172,,,2.4001720959290034
2747,rho0.50_coupled,25,0.5,1.318897114976796,1.3610684705367908,,,2.679965585513587
2748,rho0.50_coupled,25,0.5,1.1477981291951074,1.041162342398588,,,2.1889604715936954
2749,rho0.50_coupled,25,0.5,1.4816872977683582,1.3879595736079975,,,2.8696468713763554
2750,rho0.50_coupled,25,0.5,1.6452668428884605,1.5782296685493116,,,3.223496511437772
2751,rho0.50_coupled,25,0.5,1.940791990766386,1.8987107634740314,,,3.839502754240417
2752,rho0.50_coupled,25,0.5,1.584419091996255,1.4114425124163517,,,2.9958616044126067
2753,rho0.50_coupled,25,0.5,1.4784038626145466,1.529659910060996,,,3.0080637726755426
2754,rho0.50_coupled,25,0.5,1.343346408237474,1.5088762807105929,,,2.852222688948067
2755,rho0.50_coupled,25,0.5,1.4703052440339774,1.0455072388622886,,,2.515812482896266
2756,rho0.50_coupled,25,0.5,1.8768937493258253,1.515794079763456,,,3.3926878290892812
2757,rho0.50_coupled,25,0.5,1.1054500751120002,1.3960532768854563,,,2.5015033519974565
2758,rho0.50_coupled,25,0.5,1.650985527689031,1.3777053036435494,,,3.0286908313325807
2759,rho0.50_coupled,25,0.5,2.07741387800243,1.7214354976917061,,,3.798849375694136
2760,rho0.50_coupled,25,0.5,1.3619813181508376,1.4222757773221573,,,2.784257095472995
2761,rho0.50_coupled,25,0.5,1.7125044423161522,1.6926824710476163,,,3.405186913363768
2762,rho0.50_coupled,25,0.5,1.407789442700023,1.4165704439957436,,,2.824359886695767
2763,rho0.50_coupled,25,0.5,1.778072591585599,1.461904985702367,,,3.239977577287966
2764,rho0.50_coupled,25,0.5,1.3208861181205338,1.2154613159887182,,,2.536347434109252
2765,rho0.50_coupled,25,0.5,0.9921856180817359,1.17404950941966,,,2.1662351275013956
2766,rho0.50_coupled,25,0.5,2.020994213034134,1.376418525753644,,,3.3974127387877777
2767,rho0.50_coupled,25,0.5,1.5979451235750057,1.4484147456171568,,,3.0463598691921625
2768,rho0.50_coupled,25,0.5,1.4228739612518475,0.8318489963572625,,,2.25472295760911
2769,rho0.50_coupled,25,0.5,1.4919534779657746,1.328337124512776,,,2.8202906024785506
2770,rho0.50_coupled,25,0.5,1.5055645735931225,1.1618185142384112,,,2.6673830878315337
2771,rho0.50_coupled,25,0.5,1.3888125311914634,1.1052393156837677,,,2.494051846875231
2772,rho0.50_coupled,25,0.5,1.5325742822727149,1.1091694128454597,,,2.6417436951181745
2773,rho0.50_coupled,25,0.5,1.2166275155548643,1.162069516517586,,,2.3786970320724503
2774,rho0.50_coupled,25,0.5,2.228849764739609,1.4624869002021792,,,3.691336664941788
2775,rho0.50_coupled,25,0.5,1.121728669721569,1.2823877392479723,,,2.404116408969541
2776,rho0.50_coupled,25,0.5,1.8948547389816464,1.3141364949540282,,,3.2089912339356745
2777,rho0.50_coupled,25,0.5,1.6751704707911945,1.3881219596560284,,,3.063292430447223
2778,rho0.50_coupled,25,0.5,1.6545543402568235,0.9328268085073819,,,2.587381148764205
2779,rho0.50_coupled,25,0.5,1.444747092012835,1.2550478767825917,,,2.699794968795427
2780,rho0.50_coupled,25,0.5,1.6669930654227898,1.4550983426865927,,,3.1220914081093825
2781,rho0.50_coupled,25,0.5,1.2441271069736168,1.2909144643053685,,,2.5350415712789856
2782,rho0.50_coupled,25,0.5,1.3316041078266496,1.3507523934824148,,,2.6823565013090644
2783,rho0.50_coupled,25,0.5,1.537493273712924,1.5521470501448191,,,3.0896403238577435
2784,rho0.50_coupled,25,0.5,1.9150112110981152,1.5947291918670325,,,3.5097404029651478
2785,rho0.50_coupled,25,0.5,1.7291735612836885,1.748865297708408,,,3.4780388589920967
2786,rho0.50_coupled,25,0.5,1.2400108778790369,1.151105811003726,,,2.3911166888827626
2787,rho0.50_coupled,25,0.5,1.501784908196359,1.3160914893867708,,,2.81787639758313
2788,rho0.50_coupled,25,0.5,1.768127724318207,1.3391592258688079,,,3.1072869501870146
2789,rho0.50_coupled,25,0.5,1.5988263045715796,1.1440119589760886,,,2.742838263547668
2790,rho0.50_coupled,25,0.5,1.38031073441489,1.1813323265890188,,,2.5616430610039087
2791,rho0.50_coupled,25,0.5,1.4292128044568073,1.0570003737597993,,,2.4862131782166066
2792,rho0.50_coupled,25,0.5,1.4880810110752194,1.3185547713581791,,,2.8066357824333985
2793,rho0.50_coupled,25,0.5,1.5187616681899987,1.193240342198323,,,2.712002010388322
2794,rho0.50_coupled,25,0.5,1.7091489388939674,1.4881105858644987,,,3.197259524758466
2795,rho0.50_coupled,25,0.5,1.2703989733143033,1.0196714765644406,,,2.290070449878744
2796,rho0.50_coupled,25,0.5,1.570447836841339,1.3505719245828867,,,2.9210197614242257
2797,rho0.50_coupled,25,0.5,1.0476881952524255,0.8497148886038892,,,1.8974030838563147
2798,rho0.50_coupled,25,0.5,1.0887196071366867,1.3854009374075174,,,2.474120544544204
2799,rho0.50_coupled,25,0.5,1.3079239621671992,1.5308225794024362,,,2.8387465415696354
2800,rho0.50_coupled,25,0.5,1.5646947899487071,1.3428640529354696,,,2.9075588428841765
2801,rho0.50_coupled,25,0.5,1.6331925522738202,1.1768391733328212,,,2.8100317256066414
2802,rho0.50_coupled,25,0.5,1.1996665416198597,1.2651197942996284,,,2.464786335919488
2803,rho0.50_coupled,25,0.5,1.6085359059788358,1.468398815629506,,,3.0769347216083416
2804,rho0.50_coupled,25,0.5,1.27312103840006,1.5530505890032964,,,2.8261716274033564
2805,rho0.50_coupled,25,0.5,1.4137147368999379,1.1212131261054503,,,2.534927863005388
2806,rho0.50_coupled,25,0.5,1.264692445589575,1.2816000131238727,,,2.546292458713448
2807,rho0.50_coupled,25,0.5,1.7304932477354114,1.5458496430651398,,,3.276342890800551
2808,rho0.50_coupled,25,0.5,1.7044394354525105,1.6371955955965989,,,3.341635031049109
2809,rho0.50_coupled,25,0.5,2.0505199305320296,2.0244322975098497,,,4.074952228041879
2810,rho0.50_coupled,25,0.5,1.2283947402058655,1.2480861486102994,,,2.476480888816165
2811,rho0.50_coupled,25,0.5,1.6924804244258047,1.3485645014090677,,,3.041044925834872
2812,rho0.50_coupled,25,0.5,1.5491063684721704,1.2726277515133568,,,2.8217341199855275
2813,rho0.50_coupled,25,0.5,1.1410832043862489,1.147622839378523,,,2.2887060437647717
2814,rho0.50_coupled,25,0.5,1.05657169102281,1.161655395025906,,,2.2182270860487163
2815,rho0.50_coupled,25,0.5,1.3874605274556653,1.738156933212357,,,3.125617460668022
2816,rho0.50_coupled,25,0.5,1.6653564867678816,0.8843283457893283,,,2.54968483255721
2817,rho0.50_coupled,25,0.5,1.619417449488837,1.221637425231475,,,2.841054874720312
2818,rho0.50_coupled,25,0.5,1.3855849537894904,1.3793224243991506,,,2.7649073781886413
2819,rho0.50_coupled,25,0.5,1.3965940412512257,1.5255503308276492,,,2.9221443720788747
2820,rho0.50_coupled,25,0.5,1.4426154001988434,1.2533593845660034,,,2.6959747847648465
2821,rho0.50_coupled,25,0.5,1.525628505760063,1.2704596542649345,,,2.7960881600249974
2822,rho0.50_coupled,25,0.5,1.8997131341250952,1.379110114372809,,,3.278823248497904
2823,rho0.50_coupled,25,0.5,1.8218457254572544,1.5207923458102213,,,3.3426380712674755
2824,rho0.50_coupled,25,0.5,1.509388406165842,0.8990443253995104,,,2.4084327315653526
2825,rho0.50_coupled,25,0.5,1.4987243138300832,1.6605538928517687,,,3.1592782066818517
2826,rho0.50_coupled,25,0.5,1.3734101011457376,0.7260902195954617,,,2.0995003207411993
2827,rho0.50_coupled,25,0.5,1.6055925557997421,1.4133904859592055,,,3.018983041758948
2828,rho0.50_coupled,25,0.5,1.9379968866771744,1.4183877328260817,,,3.356384619503256
2829,rho0.50_coupled,25,0.5,1.4858491983812678,1.0066204177550158,,,2.4924696161362836
2830,rho0.50_coupled,25,0.5,2.0917330679579997,1.7869404057703229,,,3.8786734737283224
2831,rho0.50_coupled,25,0.5,1.5029080384472842,1.2777985205756963,,,2.7807065590229803
2832,rho0.50_coupled,25,0.5,1.9520342031086968,1.1444374303911955,,,3.0964716334998923
2833,rho0.50_coupled,25,0.5,1.8396386542899639,1.4766614094019832,,,3.316300063691947
2834,rho0.50_coupled,25,0.5,1.576188968312794,1.481042366378175,,,3.057231334690969
2835,rho0.50_coupled,25,0.5,1.9860494832660314,1.6587240606831575,,,3.6447735439491886
2836,rho0.50_coupled,25,0.5,1.6749552602056064,1.6539880889753507,,,3.328943349180957
2837,rho0.50_coupled,25,0.5,1.6705059048052777,1.3597111658447207,,,3.0302170706499982
2838,rho0.50_coupled,25,0.5,1.2520733269486553,1.1174351312047746,,,2.3695084581534296
2839,rho0.50_coupled,25,0.5,1.7011105758775773,1.4660521553292718,,,3.167162731206849
2840,rho0.50_coupled,25,0.5,1.3476170577376443,0.9407279049606927,,,2.288344962698337
2841,rho0.50_coupled,25,0.5,0.7568510163674282,0.8218983243758513,,,1.5787493407432796
2842,rho0.50_coupled,25,0.5,1.1918542706373452,1.1691913573088466,,,2.3610456279461918
2843,rho0.50_coupled,25,0.5,1.2224846680863204,1.3661055130389694,,,2.58859018112529
2844,rho0.50_coupled,25,0.5,1.196968812129649,1.1165294885346166,,,2.3134983006642655
2845,rho0.50_coupled,25,0.5,1.633131606693667,1.135040194772761,,,2.768171801466428
2846,rho0.50_coupled,25,0.5,1.7568370136101323,1.3215566952431381,,,3.0783937088532705
2847,rho0.50_coupled,25,0.5,1.6003485094356675,1.4403198579140195,,,3.040668367349687
2848,rho0.50_coupled,25,0.5,1.5142118807570872,1.4103568860680775,,,2.924568766825165
2849,rho0.50_coupled,25,0.5,1.700207117267494,1.681126465810151,,,3.381333583077645
2850,rho0.50_coupled,25,0.5,0.944107808604535,0.7185154488118776,,,1.6626232574164126
2851,rho0.50_coupled,25,0.5,2.0641799605129045,1.313831091354785,,,3.3780110518676896
2852,rho0.50_coupled,25,0.5,1.959600905233526,1.4675386611740533,,,3.427139566407579
2853,rho0.50_coupled,25,0.5,1.5935258991011636,1.3532864717238209,,,2.9468123708249845
2854,rho0.50_coupled,25,0.5,1.9817932952186712,1.593645390673771,,,3.5754386858924425
2855,rho0.50_coupled,25,0.5,1.259819467950131,1.3102750795036315,,,2.5700945474537624
2856,rho0.50_coupled,25,0.5,1.5349683946472057,0.965463631923706,,,2.5004320265709117
2857,rho0.50_coupled,25,0.5,1.3849989246093077,1.4966985560242756,,,2.8816974806335836
2858,rho0.50_coupled,25,0.5,1.4818334650649898,1.2987777400806977,,,2.7806112051456875
2859,rho0.50_coupled,25,0.5,2.2757333607228656,1.576854331331889,,,3.8525876920547546
2860,rho0.50_coupled,25,0.5,1.7955748398797184,1.5241010775769464,,,3.3196759174566646
2861,rho0.50_coupled,25,0.5,1.8936989861874325,1.5124531899002507,,,3.406152176087683
2862,rho0.50_coupled,25,0.5,2.0836954192991333,1.604446648189455,,,3.688142067488588
2863,rho0.50_coupled,25,0.5,1.885279294174294,1.774412379250843,,,3.659691673425137
2864,rho0.50_coupled,25,0.5,1.395211287399543,1.7897010681254464,,,3.1849123555249896
2865,rho0.50_coupled,25,0.5,1.2994877611363191,1.612367706632632,,,2.911855467768951
2866,rho0.50_coupled,25,0.5,1.542020437544924,1.3672178151767636,,,2.9092382527216873
2867,rho0.50_coupled,25,0.5,1.048361949117567,1.0029689800555346,,,2.0513309291731017
2868,rho0.50_coupled,25,0.5,1.3637620115527505,1.4634387138114797,,,2.8272007253642304
2869,rho0.50_coupled,25,0.5,1.8332894644077098,1.393024981096082,,,3.2263144455037915
2870,rho0.50_coupled,25,0.5,1.2868112870806319,1.3410970045939843,,,2.627908291674616
2871,rho0.50_coupled,25,0.5,1.5464018814717306,1.6254941711761075,,,3.1718960526478384
2872,rho0.50_coupled,25,0.5,1.4562320951630265,1.1976986519529427,,,2.653930747115969
2873,rho0.50_coupled,25,0.5,1.1204788674469,0.95594415445505,,,2.0764230219019497
2874,rho0.50_coupled,25,0.5,1.521164981964945,1.2919071362454595,,,2.8130721182104046
2875,rho0.50_coupled,25,0.5,1.2527993395523644,1.0668615974107483,,,2.3196609369631127
2876,rho0.50_coupled,25,0.5,1.5522185755330675,1.79593348713414,,,3.348152062667207
2877,rho0.50_coupled,25,0.5,0.9443902024374209,1.0322958012513823,,,1.9766860036888032
2878,rho0.50_coupled,25,0.5,1.6504237335607306,0.9057721664340181,,,2.5561958999947487
2879,rho0.50_coupled,25,0.5,1.4884126815697551,1.1809666189853896,,,2.6693793005551445
2880,rho0.50_coupled,25,0.5,1.4833227080184124,1.1907385681036666,,,2.674061276122079
2881,rho0.50_coupled,25,0.5,1.6463967042850747,1.8703115911696078,,,3.5167082954546824
2882,rho0.50_coupled,25,0.5,2.062539940152797,1.2024690518622352,,,3.2650089920150323
2883,rho0.50_coupled,25,0.5,1.281193575574233,1.3487009126949325,,,2.6298944882691657
2884,rho0.50_coupled,25,0.5,1.2919820237913042,0.8524224144847089,,,2.144404438276013
2885,rho0.50_coupled,25,0.5,1.1362115281805294,1.5585384668495144,,,2.694749995030044
2886,rho0.50_coupled,25,0.5,1.2325088871201022,1.2399451278094613,,,2.4724540149295633
2887,rho0.50_coupled,25,0.5,1.6998290241297371,1.7415687757430112,,,3.4413977998727483
2888,rho0.50_coupled,25,0.5,1.780894844580717,1.4911272961390087,,,3.2720221407197254
2889,rho0.50_coupled,25,0.5,1.218946083962326,1.1697781118349027,,,2.388724195797229
2890,rho0.50_coupled,25,0.5,1.2882431591871562,1.2116743900637217,,,2.4999175492508776
2891,rho0.50_coupled,25,0.5,1.4154548220599068,1.0197823865896254,,,2.435237208649532
2892,rho0.50_coupled,25,0.5,1.4003301689037222,1.8375139821121091,,,3.2378441510158313
2893,rho0.50_coupled,25,0.5,1.361248289199852,1.353640775792266,,,2.714889064992118
2894,rho0.50_coupled,25,0.5,0.7807013941696026,1.1368543501986648,,,1.9175557443682674
2895,rho0.50_coupled,25,0.5,1.505298770624724,1.5362250109601117,,,3.0415237815848357
2896,rho0.50_coupled,25,0.5,1.3097024614484458,1.414312324542681,,,2.724014785991127
2897,rho0.50_coupled,25,0.5,1.9404636174371512,1.4245954782549626,,,3.365059095692114
2898,rho0.50_coupled,25,0.5,1.6564285650595947,1.2234729797871815,,,2.879901544846776
2899,rho0.50_coupled,25,0.5,1.4963955376782823,1.4570197755455132,,,2.9534153132237955
2900,rho0.50_coupled,25,0.5,1.3875690931370908,1.558139133581581,,,2.945708226718672
2901,rho0.50_coupled,25,0.5,1.8906415737691784,1.0483289360413728,,,2.9389705098105514
2902,rho0.50_coupled,25,0.5,1.7189251638759409,1.597675638069917,,,3.316600801945858
2903,rho0.50_coupled,25,0.5,1.5556889565102698,1.4108379014435308,,,2.9665268579538004
2904,rho0.50_coupled,25,0.5,1.6362347068316296,1.5930742328538596,,,3.229308939685489
2905,rho0.50_coupled,25,0.5,1.6396368254682325,1.6159594183770287,,,3.255596243845261
2906,rho0.50_coupled,25,0.5,1.9030911158905461,1.4940780852438014,,,3.3971692011343473
2907,rho0.50_coupled,25,0.5,1.3025664893175302,1.2946084364919597,,,2.59717492580949
2908,rho0.50_coupled,25,0.5,1.2895427423829724,1.1592955628640245,,,2.448838305246997
2909,rho0.50_coupled,25,0.5,1.4178712899577988,1.560461508940777,,,2.9783327988985757
2910,rho0.50_coupled,25,0.5,1.2870065009619813,1.035520132025026,,,2.3225266329870076
2911,rho0.50_coupled,25,0.5,1.2596056292096527,1.2351222059001197,,,2.4947278351097726
2912,rho0.50_coupled,25,0.5,1.7524511257422888,1.3941536486291408,,,3.1466047743714296
2913,rho0.50_coupled,25,0.5,1.481076095498333,1.3587957952476044,,,2.8398718907459375
2914,rho0.50_coupled,25,0.5,1.719267706156999,1.4781052220518003,,,3.1973729282087993
2915,rho0.50_coupled,25,0.5,2.0528838166016716,1.784617118013338,,,3.8375009346150097
2916,rho0.50_coupled,25,0.5,1.8878848487582287,1.4399073591009148,,,3.3277922078591438
2917,rho0.50_coupled,25,0.5,1.5190754560702986,1.323136507558202,,,2.8422119636285004
2918,rho0.50_coupled,25,0.5,1.4490882846922357,1.3088416154949265,,,2.757929900187162
2919,rho0.50_coupled,25,0.5,1.6940642281778633,1.2361322415534384,,,2.9301964697313014
2920,rho0.50_coupled,25,0.5,1.635788050848072,1.4059719556008103,,,3.0417600064488823
2921,rho0.50_coupled,25,0.5,1.6363728398055308,1.3330571186963718,,,2.9694299585019026
2922,rho0.50_coupled,25,0.5,1.1488501293512248,1.0703292180229622,,,2.2191793473741868
2923,rho0.50_coupled,25,0.5,0.9075716854501168,0.5781289128021754,,,1.4857005982522922
2924,rho0.50_coupled,25,0.5,1.305441839432039,1.2994330501158369,,,2.604874889547876
2925,rho0.50_coupled,25,0.5,1.3628247292874114,1.5968038994854101,,,2.9596286287728217
2926,rho0.50_coupled,25,0.5,1.9375395554383665,1.4530122485727022,,,3.3905518040110687
2927,rho0.50_coupled,25,0.5,1.788671768780538,1.5835027423672459,,,3.372174511147784
2928,rho0.50_coupled,25,0.5,1.254857115540485,1.0111720182774897,,,2.266029133817975
2929,rho0.50_coupled,25,0.5,1.188203476732501,1.0185008348147595,,,2.20670431154726
2930,rho0.50_coupled,25,0.5,1.597799699709388,1.2286130565373614,,,2.826412756246749
2931,rho0.50_coupled,25,0.5,1.6123356670757596,1.1984690530623487,,,2.8108047201381083
2932,rho0.50_coupled,25,0.5,1.564940761454747,1.0542879351682037,,,2.619228696622951
2933,rho0.50_coupled,25,0.5,1.703331171948973,1.5072120384556476,,,3.2105432104046203
2934,rho0.50_coupled,25,0.5,1.8339733596700607,1.5587276475144674,,,3.3927010071845283
2935,rho0.50_coupled,25,0.5,1.193852020445931,1.2588278535807267,,,2.452679874026658
2936,rho0.50_coupled,25,0.5,1.1769394243996225,1.3255452573367177,,,2.50248468173634
2937,rho0.50_coupled,25,0.5,1.2046104510865625,1.3743533803391614,,,2.5789638314257237
2938,rho0.50_coupled,25,0.5,1.9040969855594008,1.4897255480455662,,,3.393822533604967
2939,rho0.50_coupled,25,0.5,1.567435070473498,1.19659637564524,,,2.764031446118738
2940,rho0.50_coupled,25,0.5,1.4457863862017093,1.1340384653947737,,,2.579824851596483
2941,rho0.50_coupled,25,0.5,1.2570098600262305,0.8395425666716411,,,2.0965524266978717
2942,rho0.50_coupled,25,0.5,1.5177722931885915,1.0556153901474046,,,2.573387683335996
2943,rho0.50_coupled,25,0.5,1.2741403885777527,1.2914270301875246,,,2.5655674187652773
2944,rho0.50_coupled,25,0.5,1.8080940732968045,1.7315412464464353,,,3.5396353197432395
2945,rho0.50_coupled,25,0.5,1.5637010833764162,1.655906777282567,,,3.219607860658983
2946,rho0.50_coupled,25,0.5,1.5837573832634826,1.4852422311494389,,,3.0689996144129212
2947,rho0.50_coupled,25,0.5,1.5482075478112125,1.5813254181662126,,,3.1295329659774254
2948,rho0.50_coupled,25,0.5,1.9804705229143988,1.3444524423008901,,,3.324922965215289
2949,rho0.50_coupled,25,0.5,1.8291543720218022,1.3563327405923524,,,3.1854871126141546
2950,rho0.50_coupled,25,0.5,1.4162791236314238,1.235796489616332,,,2.6520756132477556
2951,rho0.50_coupled,25,0.5,1.3883609269303674,1.160169330968788,,,2.5485302578991553
2952,rho0.50_coupled,25,0.5,0.8731425359391424,0.6299956364828232,,,1.5031381724219655
2953,rho0.50_coupled,25,0.5,2.048941972063866,1.8137390463428176,,,3.8626810184066835
2954,rho0.50_coupled,25,0.5,1.5370324625773684,1.0966374756829735,,,2.6336699382603417
2955,rho0.50_coupled,25,0.5,1.9731936664013172,1.6594605181687678,,,3.632654184570085
2956,rho0.50_coupled,25,0.5,1.473233187577219,1.5405831117307915,,,3.0138162993080106
2957,rho0.50_coupled,25,0.5,1.532308319927125,1.067275161642867,,,2.599583481569992
2958,rho0.50_coupled,25,0.5,1.200022698624884,1.050259027827771,,,2.250281726452655
2959,rho0.50_coupled,25,0.5,1.840679734438028,1.4607526107062698,,,3.3014323451442977
2960,rho0.50_coupled,25,0.5,1.256595024823974,1.0293196074761324,,,2.2859146323001065
2961,rho0.50_coupled,25,0.5,1.3102215158357693,0.9733206876707687,,,2.283542203506538
2962,rho0.50_coupled,25,0.5,1.3944902385957134,1.287335430807295,,,2.6818256694030085
2963,rho0.50_coupled,25,0.5,1.254970951222878,1.5163155592499777,,,2.771286510472856
2964,rho0.50_coupled,25,0.5,1.7841449284971147,1.5296356416744736,,,3.3137805701715886
2965,rho0.50_coupled,25,0.5,1.5641232010713786,1.4421304731636582,,,3.0062536742350368
2966,rho0.50_coupled,25,0.5,1.3614960004532526,1.5915213337108527,,,2.9530173341641053
2967,rho0.50_coupled,25,0.5,1.6771627692866178,1.428738648052779,,,3.105901417339397
2968,rho0.50_coupled,25,0.5,1.7062685690267394,1.156428736833959,,,2.8626973058606984
2969,rho0.50_coupled,25,0.5,1.7407470461246437,1.3621743480152895,,,3.1029213941399334
2970,rho0.50_coupled,25,0.5,1.198149393196958,1.3918316521728271,,,2.589981045369785
2971,rho0.50_coupled,25,0.5,1.662690925225109,1.5300899380701733,,,3.1927808632952823
2972,rho0.50_coupled,25,0.5,1.8936224527529493,1.891540234439114,,,3.785162687192063
2973,rho0.50_coupled,25,0.5,1.3955036974599604,1.3204717197224851,,,2.7159754171824453
2974,rho0.50_coupled,25,0.5,2.022096829670707,1.7009602063479567,,,3.723057036018664
2975,rho0.50_coupled,25,0.5,1.5033542773489195,1.354258400850247,,,2.8576126781991666
2976,rho0.50_coupled,25,0.5,1.536832777053788,1.3860025692590505,,,2.9228353463128385
2977,rho0.50_coupled,25,0.5,1.5638355231667211,1.284879491399742,,,2.848715014566463
2978,rho0.50_coupled,25,0.5,1.5654206073983976,1.5707515457046213,,,3.136172153103019
2979,rho0.50_coupled,25,0.5,1.5293912344204705,1.3874650156523027,,,2.9168562500727733
2980,rho0.50_coupled,25,0.5,1.971290472371379,1.481477606089064,,,3.4527680784604433
2981,rho0.50_coupled,25,0.5,1.8820700006455255,1.3803404101978247,,,3.2624104108433505
2982,rho0.50_coupled,25,0.5,1.6674771019353918,1.4118281137485853,,,3.079305215683977
2983,rho0.50_coupled,25,0.5,1.7241589334699858,1.0657979330903702,,,2.789956866560356
2984,rho0.50_coupled,25,0.5,1.4462808952177653,1.0531500994096188,,,2.4994309946273843
2985,rho0.50_coupled,25,0.5,1.2952117779506216,1.0907287310253706,,,2.385940508975992
2986,rho0.50_coupled,25,0.5,1.233602718567727,0.9356398773440409,,,2.1692425959117676
2987,rho0.50_coupled,25,0.5,1.766502228183652,1.332292614385493,,,3.098794842569145
2988,rho0.50_coupled,25,0.5,1.5425015800517718,1.6576402267470065,,,3.2001418067987784
2989,rho0.50_coupled,25,0.5,1.5876804505297435,1.529638677041134,,,3.1173191275708776
2990,rho0.50_coupled,25,0.5,1.5925945646613964,1.368193601404486,,,2.9607881660658824
2991,rho0.50_coupled,25,0.5,1.3909876584722296,1.3947464178252336,,,2.785734076297463
2992,rho0.50_coupled,25,0.5,1.3235692099064493,1.5987757946913106,,,2.92234500459776
2993,rho0.50_coupled,25,0.5,1.6682308833037283,1.135611630625058,,,2.803842513928786
2994,rho0.50_coupled,25,0.5,1.7003644932376054,1.3789331468323152,,,3.0792976400699206
2995,rho0.50_coupled,25,0.5,1.4246401947587326,0.9872418051806637,,,2.4118819999393963
2996,rho0.50_coupled,25,0.5,1.3180301636463807,1.1883011191282156,,,2.506331282774596
2997,rho0.50_coupled,25,0.5,1.9054573703056832,1.5019432142679847,,,3.4074005845736677
2998,rho0.50_coupled,25,0.5,1.338649011588641,1.1790236173129474,,,2.5176726289015883
2999,rho0.50_coupled,25,0.5,1.6400650304729902,1.8933291652681525,,,3.5333941957411428
3000,rho0.50_coupled,25,0.5,1.724454698905736,1.1648466710102647,,,2.8893013699160006
3001,rho0.50_coupled,25,0.5,1.53222630805867,1.099278666010137,,,2.631504974068807
3002,rho0.50_coupled,25,0.5,1.8035807929543433,1.7487188991653855,,,3.5522996921197287
3003,rho0.50_coupled,25,0.5,1.5725781400490406,1.3830933575824198,,,2.95567149763146
3004,rho0.50_coupled,25,0.5,1.2460387765622807,1.0536108875188768,,,2.2996496640811577
3005,rho0.50_coupled,25,0.5,1.6510888339625054,1.230018995418698,,,2.8811078293812034
3006,rho0.50_coupled,25,0.5,1.5127686570280239,1.4553192543027258,,,2.9680879113307497
3007,rho0.50_coupled,25,0.5,1.8409324317185836,1.205041034161037,,,3.0459734658796203
3008,rho0.50_coupled,25,0.5,1.3053383020122922,1.6117332837172098,,,2.917071585729502
3009,rho0.50_coupled,25,0.5,1.617409730084859,1.1596504717578984,,,2.7770602018427573
3010,rho0.50_coupled,25,0.5,1.721326925666474,1.2690405493801067,,,2.9903674750465807
3011,rho0.50_coupled,25,0.5,1.456892600410114,1.7215706205543928,,,3.178463220964507
3012,rho0.50_coupled,25,0.5,1.3143801290021677,0.9621873941080489,,,2.2765675231102165
3013,rho0.50_coupled,25,0.5,1.210806874814338,1.374203640008945,,,2.585010514823283
3014,rho0.50_coupled,25,0.5,1.1316842316857973,1.2819891801191854,,,2.4136734118049827
3015,rho0.50_coupled,25,0.5,1.435937453405792,1.1747676729688334,,,2.6107051263746257
3016,rho0.50_coupled,25,0.5,1.8541292122868902,1.0867861863744541,,,2.9409153986613443
3017,rho0.50_coupled,25,0.5,1.5694106486140595,1.5548046581302977,,,3.1242153067443574
3018,rho0.50_coupled,25,0.5,1.4529319611807094,1.3186343193353722,,,2.7715662805160814
3019,rho0.50_coupled,25,0.5,1.3701307624167776,1.4027006832320312,,,2.7728314456488086
3020,rho0.50_coupled,25,0.5,1.6134904133843766,1.4739595184886196,,,3.087449931872996
3021,rho0.50_coupled,25,0.5,1.8032027570239535,1.0988481474899081,,,2.9020509045138616
3022,rho0.50_coupled,25,0.5,1.8713515267593135,1.5276400350406794,,,3.398991561799993
3023,rho0.50_coupled,25,0.5,1.172690299832877,1.5408892589893368,,,2.7135795588222136
3024,rho0.50_coupled,25,0.5,1.6033537778622382,1.6506916151526143,,,3.2540453930148523
3025,rho0.50_coupled,25,0.5,1.6119910357330633,1.2111952239491313,,,2.8231862596821946
3026,rho0.50_coupled,25,0.5,1.6923934221873722,1.4227390235979283,,,3.1151324457853002
3027,rho0.50_coupled,25,0.5,1.7888496234667504,1.4446622975488668,,,3.233511921015617
3028,rho0.50_coupled,25,0.5,1.750648859872255,1.6445357764113118,,,3.3951846362835667
3029,rho0.50_coupled,25,0.5,2.0440362707188644,1.591817355371151,,,3.6358536260900154
3030,rho0.50_coupled,25,0.5,1.8534146823377915,1.6159446462597213,,,3.4693593285975126
3031,rho0.50_coupled,25,0.5,1.7502604614211774,1.350285528621053,,,3.1005459900422307
3032,rho0.50_coupled,25,0.5,1.5320784869542254,1.1766040967823024,,,2.708682583736528
3033,rho0.50_coupled,25,0.5,1.0877326619381216,0.874965931954125,,,1.9626985938922465
3034,rho0.50_coupled,25,0.5,1.8330220141359388,1.3594593922812963,,,3.192481406417235
3035,rho0.50_coupled,25,0.5,1.369146422623016,1.1698297345769042,,,2.53897615719992
3036,rho0.50_coupled,25,0.5,1.7233944367039362,1.057834919038433,,,2.7812293557423695
3037,rho0.50_coupled,25,0.5,1.8820657752232943,1.63408776235949,,,3.5161535375827846
3038,rho0.50_coupled,25,0.5,1.802304347186515,1.5466109963437826,,,3.3489153435302974
3039,rho0.50_coupled,25,0.5,1.6837823335977435,1.6830010325184637,,,3.3667833661162074
3040,rho0.50_coupled,25,0.5,1.733305692069712,1.2377447090231937,,,2.9710504010929055
3041,rho0.50_coupled,25,0.5,1.4883529550409735,1.2189450931636439,,,2.7072980482046174
3042,rho0.50_coupled,25,0.5,1.6995036437180586,1.4097222950874457,,,3.1092259388055044
3043,rho0.50_coupled,25,0.5,1.479167357310736,1.3454689911924766,,,2.824636348503213
3044,rho0.50_coupled,25,0.5,1.9075723828102849,0.9702719061189843,,,2.877844288929269
3045,rho0.50_coupled,25,0.5,1.3923303058583958,1.3286525171651298,,,2.7209828230235256
3046,rho0.50_coupled,25,0.5,1.5825933290247791,0.9099466942510879,,,2.492540023275867
3047,rho0.50_coupled,25,0.5,1.646242438470012,1.553522084712172,,,3.199764523182184
3048,rho0.50_coupled,25,0.5,1.446971807626747,1.2444443945183257,,,2.6914162021450725
3049,rho0.50_coupled,25,0.5,1.2282876561239005,0.8903637516142668,,,2.1186514077381675
3050,rho0.50_coupled,25,0.5,1.8849186272598069,1.3939589588374752,,,3.2788775860972823
3051,rho0.50_coupled,25,0.5,1.871382221361337,1.3620695747116403,,,3.233451796072977
3052,rho0.50_coupled,25,0.5,2.183898050472191,1.2625862255082785,,,3.4464842759804695
3053,rho0.50_coupled,25,0.5,1.5005560956463837,1.5206554880257461,,,3.02121158367213
3054,rho0.50_coupled,25,0.5,1.1773979148963172,0.7975337317824804,,,1.9749316466787976
3055,rho0.50_coupled,25,0.5,1.1589048165120635,1.1896969589390434,,,2.348601775451107
3056,rho0.50_coupled,25,0.5,1.8306237453957466,1.350774866309603,,,3.1813986117053497
3057,rho0.50_coupled,25,0.5,1.3564302918803275,0.9988364313435498,,,2.3552667232238775
3058,rho0.50_coupled,25,0.5,1.6526322801895312,1.711861207793829,,,3.3644934879833603
3059,rho0.50_coupled,25,0.5,1.2615912446162516,1.3174220049572725,,,2.5790132495735243
3060,rho0.50_coupled,25,0.5,1.6591836187345126,1.2600897570895737,,,2.919273375824086
3061,rho0.50_coupled,25,0.5,1.09747692663529,1.2822974519958454,,,2.3797743786311356
3062,rho0.50_coupled,25,0.5,1.525903689038582,1.2616323200570774,,,2.7875360090956596
3063,rho0.50_coupled,25,0.5,1.6258907104217686,0.99222036979558,,,2.6181110802173486
3064,rho0.50_coupled,25,0.5,1.889733002753301,1.978680634617509,,,3.86841363737081
3065,rho0.50_coupled,25,0.5,1.3928993398550427,1.2620438381690005,,,2.654943178024043
3066,rho0.50_coupled,25,0.5,1.8947426199917505,1.794227450224651,,,3.6889700702164014
3067,rho0.50_coupled,25,0.5,1.6668344527421595,1.5963571138886197,,,3.263191566630779
3068,rho0.50_coupled,25,0.5,1.7289298751840063,1.7091007731384091,,,3.4380306483224157
3069,rho0.50_coupled,25,0.5,1.244809429289212,1.3498789982030883,,,2.5946884274923003
3070,rho0.50_coupled,25,0.5,1.0323476303804546,0.9722131947994267,,,2.0045608251798814
3071,rho0.50_coupled,25,0.5,1.6504268228579546,1.5309116528128868,,,3.1813384756708416
3072,rho0.50_coupled,25,0.5,1.6711757623266466,1.2443402645905701,,,2.9155160269172167
3073,rho0.50_coupled,25,0.5,1.3595036316305706,0.9973639973677666,,,2.3568676289983372
3074,rho0.50_coupled,25,0.5,1.3869429833103697,1.2129277604732345,,,2.599870743783604
3075,rho0.50_coupled,25,0.5,1.5745241700283246,1.2748065131611093,,,2.849330683189434
3076,rho0.50_coupled,25,0.5,1.6215228930853252,1.5140614036848654,,,3.1355842967701903
3077,rho0.50_coupled,25,0.5,1.7430455420773268,1.5648052590278259,,,3.3078508011051526
3078,rho0.50_coupled,25,0.5,1.6682970759549727,1.55166715982502,,,3.219964235779993
3079,rho0.50_coupled,25,0.5,1.9003360940180312,1.682330219365412,,,3.5826663133834433
3080,rho0.50_coupled,25,0.5,1.318282274865975,1.5271813822534428,,,2.845463657119418
3081,rho0.50_coupled,25,0.5,1.8462068068052544,1.6538649377910781,,,3.5000717445963323
3082,rho0.50_coupled,25,0.5,1.4384323674511135,1.166499652515654,,,2.6049320199667676
3083,rho0.50_coupled,25,0.5,1.768214912093784,1.312516720143681,,,3.080731632237465
3084,rho0.50_coupled,25,0.5,1.5316396940144466,1.260196987957867,,,2.7918366819723133
3085,rho0.50_coupled,25,0.5,1.7663487241717415,1.469233115319695,,,3.235581839491436
3086,rho0.50_coupled,25,0.5,1.569961559335053,1.2501263949816908,,,2.820087954316744
3087,rho0.50_coupled,25,0.5,1.555608702758365,1.274593590406027,,,2.830202293164392
3088,rho0.50_coupled,25,0.5,1.267659515348755,1.2473575495047424,,,2.5150170648534975
3089,rho0.50_coupled,25,0.5,1.3221885386533985,1.2215198932851208,,,2.5437084319385193
3090,rho0.50_coupled,25,0.5,1.3119817482631781,1.2832204381242496,,,2.5952021863874277
3091,rho0.50_coupled,25,0.5,1.8307824418480454,1.4815187519618216,,,3.312301193809867
3092,rho0.50_coupled,25,0.5,1.2321087218618876,1.3139550699107594,,,2.5460637917726467
3093,rho0.50_coupled,25,0.5,1.2666582593739917,1.3013078455576028,,,2.5679661049315943
3094,rho0.50_coupled,25,0.5,1.21993703590586,1.3225769064806023,,,2.5425139423864622
3095,rho0.50_coupled,25,0.5,1.3409042141968188,1.207353931559634,,,2.548258145756453
3096,rho0.50_coupled,25,0.5,1.5565644484689194,1.5547889559049064,,,3.111353404373826
3097,rho0.50_coupled,25,0.5,1.2368868656570555,1.2921252134328793,,,2.529012079089935
3098,rho0.50_coupled,25,0.5,1.8558547756742914,1.5763530389172469,,,3.4322078145915382
3099,rho0.50_coupled,25,0.5,2.0716493124568283,1.377064006207588,,,3.4487133186644163
3100,rho0.50_coupled,25,0.5,1.7931575688307866,1.3568204916879412,,,3.1499780605187278
3101,rho0.50_coupled,25,0.5,1.7178801385231672,1.421258764489298,,,3.1391389030124652
3102,rho0.50_coupled,25,0.5,2.1827768871888877,1.7505909349298627,,,3.9333678221187505
3103,rho0.50_coupled,25,0.5,1.1588098094006192,0.975159907641679,,,2.133969717042298
3104,rho0.50_coupled,25,0.5,1.6206806261670428,1.5330547182171175,,,3.1537353443841605
3105,rho0.50_coupled,25,0.5,1.5163869414617068,1.1266560850410765,,,2.6430430265027836
3106,rho0.50_coupled,25,0.5,1.3109291526190434,1.4113105917900453,,,2.7222397444090887
3107,rho0.50_coupled,25,0.5,1.0926132409374698,1.0951297894530396,,,2.1877430303905094
3108,rho0.50_coupled,25,0.5,1.5217409691346029,1.3263795297741097,,,2.8481204989087123
3109,rho0.50_coupled,25,0.5,1.4591305044352334,0.8783551802124759,,,2.3374856846477092
3110,rho0.50_coupled,25,0.5,1.8657404999911147,1.2921700012113613,,,3.157910501202476
3111,rho0.50_coupled,25,0.5,1.7122692096855485,1.3244928911615106,,,3.036762100847059
3112,rho0.50_coupled,25,0.5,1.1832895216195176,1.4749017957878159,,,2.6581913174073337
3113,rho0.50_coupled,25,0.5,1.642750925815722,1.4290375485091495,,,3.0717884743248716
3114,rho0.50_coupled,25,0.5,1.7847757687725587,1.4791757957314748,,,3.2639515645040333
3115,rho0.50_coupled,25,0.5,1.4298809550772746,1.207898849710096,,,2.6377798047873706
3116,rho0.50_coupled,25,0.5,1.7936942119113346,1.6868369910185494,,,3.480531202929884
3117,rho0.50_coupled,25,0.5,1.7254927787460992,1.6985377108105455,,,3.4240304895566447
3118,rho0.50_coupled,25,0.5,1.3602378340636387,1.2837472584795162,,,2.643985092543155
3119,rho0.50_coupled,25,0.5,1.5451232091627434,1.576548892207729,,,3.1216721013704722
3120,rho0.50_coupled,25,0.5,1.2038281956321386,1.2324339308224639,,,2.4362621264546025
3121,rho0.50_coupled,25,0.5,1.8788127083575843,1.243572807088018,,,3.122385515445602
3122,rho0.50_coupled,25,0.5,1.9537765561891602,1.838486702497261,,,3.7922632586864213
3123,rho0.50_coupled,25,0.5,1.7592348760768795,1.255662792396132,,,3.0148976684730115
3124,rho0.50_coupled,25,0.5,1.6100405668169646,1.7863369942531644,,,3.3963775610701292
3125,rho0.50_coupled,25,0.5,1.8858137181555785,1.8185241820765177,,,3.704337900232096
3126,rho0.50_coupled,25,0.5,2.1609405350391255,1.511806882521908,,,3.6727474175610335
3127,rho0.50_coupled,25,0.5,1.772263373819965,1.3707396699991148,,,3.1430030438190797
3128,rho0.50_coupled,25,0.5,1.451912077179257,1.054012199281953,,,2.50592427646121
3129,rho0.50_coupled,25,0.5,1.802837838942892,1.4209306156557824,,,3.2237684545986744
3130,rho0.50_coupled,25,0.5,1.6072735552438415,1.6697420523917066,,,3.277015607635548
3131,rho0.50_coupled,25,0.5,1.4182286521586045,0.8564567542529747,,,2.2746854064115793
3132,rho0.50_coupled,25,0.5,1.1974056030416458,0.8067630312180516,,,2.004168634259697
3133,rho0.50_coupled,25,0.5,1.374378098364988,1.22248592345969,,,2.596864021824678
3134,rho0.50_coupled,25,0.5,1.8594805819236147,1.7611562802813032,,,3.620636862204918
3135,rho0.50_coupled,25,0.5,1.404784756317016,1.3570129633891943,,,2.7617977197062102
3136,rho0.50_coupled,25,0.5,1.7204858291616982,1.3647239958954982,,,3.0852098250571967
3137,rho0.50_coupled,25,0.5,1.1007610750198078,1.1284241173486604,,,2.229185192368468
3138,rho0.50_coupled,25,0.5,1.231946856661407,1.2953745449443779,,,2.527321401605785
3139,rho0.50_coupled,25,0.5,1.5304805591657176,1.5812789658918263,,,3.111759525057544
3140,rho0.50_coupled,25,0.5,1.8282606214080945,1.2513278465102657,,,3.0795884679183603
3141,rho0.50_coupled,25,0.5,1.5135494494652846,1.2507846855780675,,,2.7643341350433523
3142,rho0.50_coupled,25,0.5,1.591138728245993,1.6600859993772308,,,3.2512247276232236
3143,rho0.50_coupled,25,0.5,1.5210681536748514,1.400337759461435,,,2.9214059131362866
3144,rho0.50_coupled,25,0.5,1.0217946268576583,1.059022524733179,,,2.0808171515908374
3145,rho0.50_coupled,25,0.5,1.2862626466994844,1.200294683626099,,,2.4865573303255832
3146,rho0.50_coupled,25,0.5,1.541520478257136,0.877054155183254,,,2.41857463344039
3147,rho0.50_coupled,25,0.5,1.4870546596519556,1.724638023092986,,,3.2116926827449417
3148,rho0.50_coupled,25,0.5,1.6460452542685426,1.5514013377523406,,,3.197446592020883
3149,rho0.50_coupled,25,0.5,1.2157062788301822,1.008056953274114,,,2.223763232104296
3150,rho0.50_coupled,25,0.5,1.7397681047407496,1.6595630669140176,,,3.399331171654767
3151,rho0.50_coupled,25,0.5,1.5311184881536848,1.0081606637448117,,,2.5392791518984965
3152,rho0.50_coupled,25,0.5,1.6107323060889112,1.2242951237134534,,,2.8350274298023646
3153,rho0.50_coupled,25,0.5,1.4793581578037749,1.099827746082819,,,2.579185903886594
3154,rho0.50_coupled,25,0.5,1.4140087277331468,1.1222617657978748,,,2.5362704935310214
3155,rho0.50_coupled,25,0.5,2.0272449812699924,1.4729016958574244,,,3.500146677127417
3156,rho0.50_coupled,25,0.5,1.6904760682625029,1.105559215042694,,,2.796035283305197
3157,rho0.50_coupled,25,0.5,1.3913537408099268,1.5365996105613513,,,2.9279533513712783
3158,rho0.50_coupled,25,0.5,1.5885445113407588,1.465362301507786,,,3.0539068128485445
3159,rho0.50_coupled,25,0.5,1.917711021310836,1.575405365400067,,,3.493116386710903
3160,rho0.50_coupled,25,0.5,1.6190652114489286,1.330209880541229,,,2.949275091990158
3161,rho0.50_coupled,25,0.5,1.662955389009608,1.2799505092026353,,,2.9429058982122434
3162,rho0.50_coupled,25,0.5,1.6611196537400659,1.4187696170140156,,,3.0798892707540815
3163,rho0.50_coupled,25,0.5,1.547200611617845,1.3249111318156048,,,2.8721117434334498
3164,rho0.50_coupled,25,0.5,1.3315503673935773,1.3697913554804562,,,2.7013417228740337
3165,rho0.50_coupled,25,0.5,1.2524214551515251,1.536904851562012,,,2.789326306713537
3166,rho0.50_coupled,25,0.5,2.053898671625637,1.4090651697464525,,,3.4629638413720896
3167,rho0.50_coupled,25,0.5,1.3734261204195513,1.4384142958475417,,,2.811840416267093
3168,rho0.50_coupled,25,0.5,1.7682939438939715,1.3931182784288862,,,3.161412222322858
3169,rho0.50_coupled,25,0.5,1.8648007387510492,1.2684541774991338,,,3.1332549162501833
3170,rho0.50_coupled,25,0.5,0.8760218895220875,1.1908977357352182,,,2.066919625257306
3171,rho0.50_coupled,25,0.5,2.0665894379925054,1.9216865927823967,,,3.988276030774902
3172,rho0.50_coupled,25,0.5,1.2732436125377216,1.0874866065834978,,,2.360730219121219
3173,rho0.50_coupled,25,0.5,1.5154802065275799,1.4236391393345669,,,2.9391193458621467
3174,rho0.50_coupled,25,0.5,1.8256265984906328,1.444214577420796,,,3.269841175911429
3175,rho0.50_coupled,25,0.5,1.4892570065477078,1.418280921730123,,,2.907537928277831
3176,rho0.50_coupled,25,0.5,1.6770997445747267,1.343247596380481,,,3.0203473409552077
3177,rho0.50_coupled,25,0.5,1.7893441016943619,1.3743785533283301,,,3.163722655022692
3178,rho0.50_coupled,25,0.5,1.4047067378128186,1.4444082641842488,,,2.8491150019970677
3179,rho0.50_coupled,25,0.5,1.7855400766645655,1.453552163848057,,,3.2390922405126226
3180,rho0.50_coupled,25,0.5,1.391063752376653,1.2318264252144095,,,2.6228901775910627
3181,rho0.50_coupled,25,0.5,1.7622768618798492,1.2702494435097547,,,3.032526305389604
3182,rho0.50_coupled,25,0.5,1.7340079394711119,1.5725909900338395,,,3.3065989295049514
3183,rho0.50_coupled,25,0.5,2.068707556052302,1.4830158182590336,,,3.5517233743113357
3184,rho0.50_coupled,25,0.5,1.995803409543496,1.460515371409963,,,3.456318780953459
3185,rho0.50_coupled,25,0.5,1.194954877439498,1.3729844308904562,,,2.5679393083299544
3186,rho0.50_coupled,25,0.5,1.5761263302111574,1.3272290218629332,,,2.9033553520740907
3187,rho0.50_coupled,25,0.5,1.8137010653858547,1.5220894999441092,,,3.335790565329964
3188,rho0.50_coupled,25,0.5,1.815372219900325,1.3511659242547032,,,3.1665381441550284
3189,rho0.50_coupled,25,0.5,1.5568352417826108,1.1756959954047508,,,2.7325312371873616
3190,rho0.50_coupled,25,0.5,1.8261613679899398,1.2241523550366271,,,3.0503137230265667
3191,rho0.50_coupled,25,0.5,1.8970463700433022,1.500040276980143,,,3.3970866470234453
3192,rho0.50_coupled,25,0.5,0.9736547019407032,1.0988962842946854,,,2.0725509862353886
3193,rho0.50_coupled,25,0.5,1.3076700335325542,1.3299768658082207,,,2.637646899340775
3194,rho0.50_coupled,25,0.5,1.6471618644160937,1.1853376239377689,,,2.8324994883538626
3195,rho0.50_coupled,25,0.5,1.5642043381504742,1.3032763228776656,,,2.86748066102814
3196,rho0.50_coupled,25,0.5,1.5967238763763858,1.2401449589541955,,,2.8368688353305815
3197,rho0.50_coupled,25,0.5,1.5297064461312984,1.623236488924928,,,3.1529429350562266
3198,rho0.50_coupled,25,0.5,1.5272451171275998,1.045077149785569,,,2.5723222669131687
3199,rho0.50_coupled,25,0.5,1.6516753342120236,1.6228374934670964,,,3.27451282767912
3200,rho0.50_coupled,25,0.5,1.5023768001310767,1.3307551783364198,,,2.833131978467496
3201,rho0.50_coupled,25,0.5,1.1626078982253047,1.3558483682014117,,,2.5184562664267167
3202,rho0.50_coupled,25,0.5,1.8552099965502282,1.992849678096508,,,3.848059674646736
3203,rho0.50_coupled,25,0.5,1.8493195101029491,1.25689215585083,,,3.1062116659537793
3204,rho0.50_coupled,25,0.5,1.5870259255871244,1.6802806575583407,,,3.267306583145465
3205,rho0.50_coupled,25,0.5,2.071016394178814,1.4901696027951776,,,3.5611859969739914
3206,rho0.50_coupled,25,0.5,1.6741676760932462,1.148338496306271,,,2.8225061723995175
3207,rho0.50_coupled,25,0.5,1.5894831344527907,1.1102752563018228,,,2.6997583907546137
3208,rho0.50_coupled,25,0.5,1.0526362633967907,1.1165717297075686,,,2.1692079931043593
3209,rho0.50_coupled,25,0.5,1.7129973017973399,1.2184606350226388,,,2.931457936819979
3210,rho0.50_coupled,25,0.5,1.3215766917434655,1.094032541087608,,,2.4156092328310734
3211,rho0.50_coupled,25,0.5,1.0833097586793003,0.8147162395096468,,,1.8980259981889471
3212,rho0.50_coupled,25,0.5,1.3909701388830447,1.0197966420669826,,,2.410766780950027
3213,rho0.50_coupled,25,0.5,1.7872990573138268,1.224847693658999,,,3.0121467509728257
3214,rho0.50_coupled,25,0.5,1.8279727078579304,1.750753327847548,,,3.578726035705478
3215,rho0.50_coupled,25,0.5,1.3289466347514292,1.5360970840400825,,,2.8650437187915117
3216,rho0.50_coupled,25,0.5,1.5929373659041743,1.3886898924386422,,,2.9816272583428165
3217,rho0.50_coupled,25,0.5,1.1790663092882403,1.069817083033445,,,2.2488833923216855
3218,rho0.50_coupled,25,0.5,1.5601193414021184,1.2665748411900353,,,2.8266941825921537
3219,rho0.50_coupled,25,0.5,1.8789228407606828,1.628812906863101,,,3.5077357476237836
3220,rho0.50_coupled,25,0.5,1.9556089603038234,1.6149371339290153,,,3.5705460942328386
3221,rho0.50_coupled,25,0.5,1.4875589123579402,1.3855798859439084,,,2.8731387983018486
3222,rho0.50_coupled,25,0.5,1.5344923844016671,1.5114475356589454,,,3.0459399200606123
3223,rho0.50_coupled,25,0.5,2.132123912173253,1.525926105611319,,,3.658050017784572
3224,rho0.50_coupled,25,0.5,1.3315733656444366,1.1141764760696073,,,2.445749841714044
3225,rho0.50_coupled,25,0.5,1.472717258858436,1.3029281360886804,,,2.7756453949471167
3226,rho0.50_coupled,25,0.5,1.0136334343082012,1.0860145959755347,,,2.0996480302837357
3227,rho0.50_coupled,25,0.5,1.360506217898433,1.1975064020097943,,,2.5580126199082276
3228,rho0.50_coupled,25,0.5,1.7283360865031325,1.6748683474308275,,,3.40320443393396
3229,rho0.50_coupled,25,0.5,1.2968760057186512,1.1873315611247897,,,2.484207566843441
3230,rho0.50_coupled,25,0.5,1.5862453222818573,1.561016164722515,,,3.1472614870043722
3231,rho0.50_coupled,25,0.5,1.3617573206774778,1.529780008435362,,,2.8915373291128397
3232,rho0.50_coupled,25,0.5,1.3851809763584786,1.3566115172428794,,,2.7417924936013582
3233,rho0.50_coupled,25,0.5,1.468616676511303,1.4867704808657385,,,2.955387157377041
3234,rho0.50_coupled,25,0.5,1.9067930980031838,1.720016830106144,,,3.626809928109328
3235,rho0.50_coupled,25,0.5,1.8191377311983605,1.6089942357320826,,,3.428131966930443
3236,rho0.50_coupled,25,0.5,1.4764548997869902,1.0118544687066076,,,2.4883093684935975
3237,rho0.50_coupled,25,0.5,1.9550806852817788,1.5185162536078953,,,3.473596938889674
3238,rho0.50_coupled,25,0.5,2.547631395562812,1.6850539666974613,,,4.232685362260273
3239,rho0.50_coupled,25,0.5,2.1017615696126133,1.5799128330984604,,,3.6816744027110735
3240,rho0.50_coupled,25,0.5,1.336986273949288,1.0008740874305477,,,2.3378603613798354
3241,rho0.50_coupled,25,0.5,1.303788561031502,1.4840597125298978,,,2.7878482735613996
3242,rho0.50_coupled,25,0.5,1.3076841007070998,0.9627243362848782,,,2.270408436991978
3243,rho0.50_coupled,25,0.5,1.2113847623709229,0.5869875285491315,,,1.7983722909200544
3244,rho0.50_coupled,25,0.5,1.6869783867929704,1.2791144715556098,,,2.9660928583485804
3245,rho0.50_coupled,25,0.5,1.9387178855349028,1.62943089341583,,,3.5681487789507327
3246,rho0.50_coupled,25,0.5,1.3942954873742637,1.0163203268747836,,,2.4106158142490473
3247,rho0.50_coupled,25,0.5,1.534221787338454,1.4221812628815778,,,2.9564030502200316
3248,rho0.50_coupled,25,0.5,1.4449576023077009,1.0444403872596593,,,2.48939798956736
3249,rho0.50_coupled,25,0.5,1.9870739081021949,1.5907592429272848,,,3.5778331510294796
3250,rho0.50_coupled,25,0.5,1.4226768140840422,1.4012203895162383,,,2.8238972036002803
3251,rho0.50_coupled,25,0.5,1.803255276582054,1.5041377518870611,,,3.3073930284691153
3252,rho0.50_coupled,25,0.5,1.3045260993564485,1.122081445991574,,,2.4266075453480225
3253,rho0.50_coupled,25,0.5,1.3057893258366067,1.3428824403499708,,,2.6486717661865775
3254,rho0.50_coupled,25,0.5,1.346360809132754,0.9066602573121323,,,2.2530210664448864
3255,rho0.50_coupled,25,0.5,2.0110499701714333,1.2691108306658785,,,3.2801608008373115
3256,rho0.50_coupled,25,0.5,1.4286162082229823,1.2725972893472133,,,2.701213497570196
3257,rho0.50_coupled,25,0.5,2.020496515128562,1.6235236989560227,,,3.644020214084585
3258,rho0.50_coupled,25,0.5,1.6150163608426387,1.1251791208317563,,,2.740195481674395
3259,rho0.50_coupled,25,0.5,2.156899282355604,1.7154113081589735,,,3.8723105905145774
3260,rho0.50_coupled,25,0.5,1.352962072345989,1.171384148085603,,,2.524346220431592
3261,rho0.50_coupled,25,0.5,1.8165289293223572,1.113470961666333,,,2.9299998909886904
3262,rho0.50_coupled,25,0.5,1.142769083984989,0.9802989470057686,,,2.1230680309907575
3263,rho0.50_coupled,25,0.5,1.4969879303281624,1.0572043370110293,,,2.5541922673391917
3264,rho0.50_coupled,25,0.5,1.0739659498633123,1.34887232888122,,,2.4228382787445324
3265,rho0.50_coupled,25,0.5,0.9267591424903258,1.1348393404719213,,,2.061598482962247
3266,rho0.50_coupled,25,0.5,1.5794544824704388,1.5343413260840821,,,3.1137958085545208
3267,rho0.50_coupled,25,0.5,1.7740581752463276,1.5764054756318981,,,3.3504636508782255
3268,rho0.50_coupled,25,0.5,1.5158143582527082,1.8175617516663078,,,3.333376109919016
3269,rho0.50_coupled,25,0.5,1.6907974564311632,1.8112607601613955,,,3.502058216592559
3270,rho0.50_coupled,25,0.5,1.4690719626394786,1.353864639269703,,,2.8229366019091815
3271,rho0.50_coupled,25,0.5,1.5684914878663556,1.334433548651897,,,2.9029250365182526
3272,rho0.50_coupled,25,0.5,1.617088253191633,1.3616824742411502,,,2.9787707274327833
3273,rho0.50_coupled,25,0.5,1.4045116678550915,1.0644711316178443,,,2.468982799472936
3274,rho0.50_coupled,25,0.5,1.4093432268606594,1.1848168721577443,,,2.5941600990184037
3275,rho0.50_coupled,25,0.5,1.5336474035649927,1.3324819660880067,,,2.8661293696529997
3276,rho0.50_coupled,25,0.5,1.6366305123223808,1.4457650434868543,,,3.082395555809235
3277,rho0.50_coupled,25,0.5,1.5140220057530778,1.5508110898522462,,,3.064833095605324
3278,rho0.50_coupled,25,0.5,1.3771691152891639,1.1932432546097231,,,2.5704123698988868
3279,rho0.50_coupled,25,0.5,1.6320074023000377,1.4978745710926726,,,3.1298819733927106
3280,rho0.50_coupled,25,0.5,1.5695657435016603,1.1318815303867749,,,2.7014472738884354
3281,rho0.50_coupled,25,0.5,1.0717993839461184,1.1377083800067156,,,2.2095077639528338
3282,rho0.50_coupled,25,0.5,1.2093738362003816,1.1229285962907942,,,2.3323024324911756
3283,rho0.50_coupled,25,0.5,1.5854218271471312,1.3155817908936895,,,2.9010036180408205
3284,rho0.50_coupled,25,0.5,1.446510474268695,1.6468558132017272,,,3.093366287470422
3285,rho0.50_coupled,25,0.5,2.2244175156628474,1.3585565414637106,,,3.582974057126558
3286,rho0.50_coupled,25,0.5,1.4599975478465743,1.0887430386218946,,,2.548740586468469
3287,rho0.50_coupled,25,0.5,0.9415270070729352,0.932326336202935,,,1.8738533432758704
3288,rho0.50_coupled,25,0.5,2.1752186748103903,1.7487614618629874,,,3.9239801366733777
3289,rho0.50_coupled,25,0.5,1.388448011966526,1.2558136697558024,,,2.6442616817223286
3290,rho0.50_coupled,25,0.5,1.820733116111418,1.0941319791720994,,,2.9148650952835173
3291,rho0.50_coupled,25,0.5,1.6438853889225915,1.2540453582401663,,,2.897930747162758
3292,rho0.50_coupled,25,0.5,1.8805121668881355,1.588541441540214,,,3.469053608428349
3293,rho0.50_coupled,25,0.5,1.9550012817986802,1.129514164772984,,,3.084515446571664
3294,rho0.50_coupled,25,0.5,1.520061710201797,1.2887298896706703,,,2.8087915998724675
3295,rho0.50_coupled,25,0.5,1.4303762791764616,1.7759578652687074,,,3.2063341444451687
3296,rho0.50_coupled,25,0.5,1.769102057644502,1.4105157431336917,,,3.1796178007781934
3297,rho0.50_coupled,25,0.5,1.4714667957024485,1.3021048405245594,,,2.773571636227008
3298,rho0.50_coupled,25,0.5,1.5920664163221845,1.4761071296795627,,,3.068173546001747
3299,rho0.50_coupled,25,0.5,2.040942848203966,2.304835940085248,,,4.3457787882892145
3300,rho0.50_coupled,25,0.5,1.9164629873745072,1.5381584849657701,,,3.4546214723402775
3301,rho0.50_coupled,25,0.5,1.6900684186802712,0.9917360688108102,,,2.6818044874910814
3302,rho0.50_coupled,25,0.5,1.8904833895268336,1.5189995912140841,,,3.4094829807409175
3303,rho0.50_coupled,25,0.5,1.4103277011395259,1.3755258392869734,,,2.7858535404264995
3304,rho0.50_coupled,25,0.5,1.2904560453241318,1.4728757562406818,,,2.7633318015648136
3305,rho0.50_coupled,25,0.5,1.5549215558656353,1.164068391304529,,,2.718989947170164
3306,rho0.50_coupled,25,0.5,1.7238696847117954,1.202329226925578,,,2.9261989116373734
3307,rho0.50_coupled,25,0.5,1.4404664432091216,0.9984044236355654,,,2.4388708668446872
3308,rho0.50_coupled,25,0.5,1.739016998946143,1.5136036770711954,,,3.2526206760173384
3309,rho0.50_coupled,25,0.5,1.425001720609992,1.4702390742263696,,,2.8952407948363614
3310,rho0.50_coupled,25,0.5,1.503917522673628,1.6735337768043572,,,3.177451299477985
3311,rho0.50_coupled,25,0.5,1.537658761636024,1.1017574819054476,,,2.6394162435414716
3312,rho0.50_coupled,25,0.5,1.4062287274625793,1.4723232588386637,,,2.878551986301243
3313,rho0.50_coupled,25,0.5,1.4744151553077127,1.0352718313869576,,,2.5096869866946703
3314,rho0.50_coupled,25,0.5,1.2435980687034285,1.13886426733202,,,2.3824623360354487
3315,rho0.50_coupled,25,0.5,1.5490153498038772,1.1125027831261636,,,2.661518132930041
3316,rho0.50_coupled,25,0.5,1.989274703977814,1.4302323338297827,,,3.4195070378075965
3317,rho0.50_coupled,25,0.5,1.5915636714778105,1.748781911133522,,,3.3403455826113326
3318,rho0.50_coupled,25,0.5,1.6233951013746533,1.3091478404204822,,,2.9325429417951354
3319,rho0.50_coupled,25,0.5,1.0433239999953807,1.6280407013541018,,,2.6713647013494826
3320,rho0.50_coupled,25,0.5,1.6806372869655128,1.480266949549069,,,3.1609042365145816
3321,rho0.50_coupled,25,0.5,1.6580175101902372,1.640275576487034,,,3.2982930866772713
3322,rho0.50_coupled,25,0.5,1.9739876128525085,1.3485502531774562,,,3.3225378660299647
3323,rho0.50_coupled,25,0.5,1.7645151833228792,1.469983263310983,,,3.234498446633862
3324,rho0.50_coupled,25,0.5,1.66574784230111,1.6076515221179801,,,3.27339936441909
3325,rho0.50_coupled,25,0.5,1.3756805523497453,1.2505198785486278,,,2.626200430898373
3326,rho0.50_coupled,25,0.5,1.5268312888433906,1.0649635270910578,,,2.591794815934448
3327,rho0.50_coupled,25,0.5,1.3307757712308492,1.3356666318171975,,,2.6664424030480465
3328,rho0.50_coupled,25,0.5,2.16832425975762,1.9141281579314506,,,4.082452417689071
3329,rho0.50_coupled,25,0.5,1.6406437991034217,1.1730262166619276,,,2.813670015765349
3330,rho0.50_coupled,25,0.5,1.5420593870366195,1.0664958731656768,,,2.608555260202296
3331,rho0.50_coupled,25,0.5,1.9751807640412884,1.2518873636106067,,,3.2270681276518953
3332,rho0.50_coupled,25,0.5,1.9813845462798558,1.9277375234180885,,,3.9091220696979443
3333,rho0.50_coupled,25,0.5,1.5695073748856736,1.6576831932486016,,,3.227190568134275
3334,rho0.50_coupled,25,0.5,1.8820316354497706,1.371293265104057,,,3.2533249005538276
3335,rho0.50_coupled,25,0.5,1.0159770789000437,1.1404695516828947,,,2.1564466305829386
3336,rho0.50_coupled,25,0.5,1.4586962597734916,1.1246833554726905,,,2.583379615246182
3337,rho0.50_coupled,25,0.5,1.454865642789044,1.289589955707095,,,2.744455598496139
3338,rho0.50_coupled,25,0.5,1.330225209189089,1.330610506862583,,,2.660835716051672
3339,rho0.50_coupled,25,0.5,1.451683525371033,1.3109521235186288,,,2.7626356488896615
3340,rho0.50_coupled,25,0.5,1.515347287243424,1.7757470007208997,,,3.2910942879643237
3341,rho0.50_coupled,25,0.5,1.5587466517993158,1.0029085039450854,,,2.5616551557444014
3342,rho0.50_coupled,25,0.5,1.6977151848767988,1.118433648385549,,,2.816148833262348
3343,rho0.50_coupled,25,0.5,1.57546228973984,1.5593300390226728,,,3.134792328762513
3344,rho0.50_coupled,25,0.5,1.972609640355584,1.4925454886049296,,,3.4651551289605136
3345,rho0.50_coupled,25,0.5,1.9309883499417568,1.647736412116422,,,3.5787247620581786
3346,rho0.50_coupled,25,0.5,1.14376887229182,0.9256648041002893,,,2.0694336763921095
3347,rho0.50_coupled,25,0.5,1.5821661799963112,1.3990401106826535,,,2.9812062906789647
3348,rho0.50_coupled,25,0.5,1.158691118960605,1.0486997577565158,,,2.207390876717121
3349,rho0.50_coupled,25,0.5,1.8015394083140583,1.4926052974393533,,,3.2941447057534115
3350,rho0.50_coupled,25,0.5,1.7966088230009813,1.359402446549733,,,3.1560112695507145
3351,rho0.50_coupled,25,0.5,1.6709942721986912,1.5706002715709448,,,3.241594543769636
3352,rho0.50_coupled,25,0.5,1.342804498453422,1.4012142292615108,,,2.744018727714933
3353,rho0.50_coupled,25,0.5,1.886010646862745,2.0124583462140246,,,3.8984689930767695
3354,rho0.50_coupled,25,0.5,1.5061247711066497,0.8915613384372189,,,2.3976861095438684
3355,rho0.50_coupled,25,0.5,0.9417758138231733,1.3300588148970716,,,2.271834628720245
3356,rho0.50_coupled,25,0.5,1.7541262529798014,1.7375313587656045,,,3.491657611745406
3357,rho0.50_coupled,25,0.5,1.1742075628297521,1.2736178774657616,,,2.4478254402955137
3358,rho0.50_coupled,25,0.5,1.6091481645403058,1.1979675373608518,,,2.8071157019011577
3359,rho0.50_coupled,25,0.5,1.2777775901738666,1.1902460231849323,,,2.468023613358799
3360,rho0.50_coupled,25,0.5,0.9171697014270098,1.0342309963382785,,,1.9514006977652882
3361,rho0.50_coupled,25,0.5,1.491751233359198,1.3663425071269137,,,2.8580937404861118
3362,rho0.50_coupled,25,0.5,1.9289251048047187,1.1822372610987593,,,3.111162365903478
3363,rho0.50_coupled,25,0.5,1.74005563278957,1.370014436540452,,,3.110070069330022
3364,rho0.50_coupled,25,0.5,1.5781774646458242,1.3472118111498812,,,2.9253892757957054
3365,rho0.50_coupled,25,0.5,1.151804978850583,1.278560718191163,,,2.430365697041746
3366,rho0.50_coupled,25,0.5,1.8272324585838469,1.2137057644152858,,,3.0409382229991326
3367,rho0.50_coupled,25,0.5,1.455079736953275,1.4454901437003778,,,2.900569880653653
3368,rho0.50_coupled,25,0.5,1.5967252208015517,1.2818896247889504,,,2.8786148455905023
3369,rho0.50_coupled,25,0.5,1.7553591789338052,1.3794976425097434,,,3.134856821443549
3370,rho0.50_coupled,25,0.5,1.6020653151026139,1.4701485999332327,,,3.0722139150358467
3371,rho0.50_coupled,25,0.5,1.2318320213913256,1.5285260033578985,,,2.760358024749224
3372,rho0.50_coupled,25,0.5,1.5654271546001644,1.375182772855365,,,2.9406099274555295
3373,rho0.50_coupled,25,0.5,1.8380798972408046,1.7724335675582936,,,3.610513464799098
3374,rho0.50_coupled,25,0.5,1.360087204211379,1.1191128902892093,,,2.4792000945005883
3375,rho0.50_coupled,25,0.5,1.7076131759170825,1.6237535206680767,,,3.3313666965851594
3376,rho0.50_coupled,25,0.5,1.3106173351758905,1.3608764841140208,,,2.6714938192899114
3377,rho0.50_coupled,25,0.5,1.5315063950938599,1.507632180912513,,,3.0391385760063727
3378,rho0.50_coupled,25,0.5,1.058229016480583,1.0262797501160177,,,2.084508766596601
3379,rho0.50_coupled,25,0.5,1.9007319749593878,1.6374184113309802,,,3.538150386290368
3380,rho0.50_coupled,25,0.5,1.093953096472374,1.4644129690876315,,,2.558366065560006
3381,rho0.50_coupled,25,0.5,1.7023448931087066,1.0249658982923664,,,2.727310791401073
3382,rho0.50_coupled,25,0.5,1.5741935697100264,1.2449438081477027,,,2.819137377857729
3383,rho0.50_coupled,25,0.5,1.597331783929332,1.1819884350445338,,,2.779320218973866
3384,rho0.50_coupled,25,0.5,1.5127604124925629,1.2684084282827501,,,2.781168840775313
3385,rho0.50_coupled,25,0.5,1.8832788129661333,1.8839510777144604,,,3.7672298906805937
3386,rho0.50_coupled,25,0.5,1.7631685439484028,1.574026630596605,,,3.337195174545008
3387,rho0.50_coupled,25,0.5,1.488810428078458,1.3822757740184994,,,2.8710862020969574
3388,rho0.50_coupled,25,0.5,1.359502705748708,0.9742295355894253,,,2.333732241338133
3389,rho0.50_coupled,25,0.5,1.508989053683918,1.706532619527028,,,3.215521673210946
3390,rho0.50_coupled,25,0.5,1.7265504991547478,1.640405876200478,,,3.366956375355226
3391,rho0.50_coupled,25,0.5,1.4241253046271054,1.1072196928997677,,,2.5313449975268734
3392,rho0.50_coupled,25,0.5,1.8212259507278827,1.2677229553613478,,,3.0889489060892306
3393,rho0.50_coupled,25,0.5,1.4272828256646914,1.0717768555757297,,,2.4990596812404213
3394,rho0.50_coupled,25,0.5,1.2326587287149673,1.3519853856416,,,2.5846441143565673
3395,rho0.50_coupled,25,0.5,1.4403604773912124,1.4578703617382303,,,2.8982308391294427
3396,rho0.50_coupled,25,0.5,1.9150942842577479,1.8213604299909623,,,3.73645471424871
3397,rho0.50_coupled,25,0.5,1.441029504483552,1.3305591884547203,,,2.7715886929382725
3398,rho0.50_coupled,25,0.5,1.8121789648583764,1.5545524050127872,,,3.3667313698711636
3399,rho0.50_coupled,25,0.5,1.836792273633812,1.5247383959771028,,,3.361530669610915
3400,rho0.50_coupled,25,0.5,1.4649854283668915,1.3371199522965367,,,2.802105380663428
3401,rho0.50_coupled,25,0.5,1.4438493871173779,1.3510692413361853,,,2.794918628453563
3402,rho0.50_coupled,25,0.5,1.7339855239733513,1.4226081410834661,,,3.1565936650568176
3403,rho0.50_coupled,25,0.5,1.5227534332363883,1.4652342264792884,,,2.9879876597156767
3404,rho0.50_coupled,25,0.5,1.3436904817292585,1.5042832978736087,,,2.8479737796028672
3405,rho0.50_coupled,25,0.5,1.2061466794916709,0.8849193419288623,,,2.0910660214205334
3406,rho0.50_coupled,25,0.5,1.873437475629663,1.6650500274860047,,,3.5384875031156677
3407,rho0.50_coupled,25,0.5,1.8071475403699673,1.162774993087027,,,2.9699225334569945
3408,rho0.50_coupled,25,0.5,1.4607367734700991,1.4367023178223455,,,2.8974390912924446
3409,rho0.50_coupled,25,0.5,1.8291457931378547,1.5193839905108915,,,3.348529783648746
3410,rho0.50_coupled,25,0.5,1.4300420446950306,1.2756440272860143,,,2.705686071981045
3411,rho0.50_coupled,25,0.5,1.6684384666800787,1.5087028708413646,,,3.1771413375214435
3412,rho0.50_coupled,25,0.5,1.7430852368154683,1.5938441654452586,,,3.336929402260727
3413,rho0.50_coupled,25,0.5,1.2616685154450225,1.4967098555920493,,,2.7583783710370717
3414,rho0.50_coupled,25,0.5,1.2621780698986953,0.7341115703269828,,,1.9962896402256782
3415,rho0.50_coupled,25,0.5,1.5986166344232027,1.1818324619996807,,,2.7804490964228834
3416,rho0.50_coupled,25,0.5,1.8413274922914067,1.557979616193958,,,3.399307108485365
3417,rho0.50_coupled,25,0.5,1.7205927245086352,0.9918946931121857,,,2.712487417620821
3418,rho0.50_coupled,25,0.5,1.4372968895580134,1.2814647871917506,,,2.718761676749764
3419,rho0.50_coupled,25,0.5,1.523918924136164,1.5504711007155894,,,3.0743900248517533
3420,rho0.50_coupled,25,0.5,1.2907232400191844,1.2041814642250854,,,2.49490470424427
3421,rho0.50_coupled,25,0.5,1.7692780267900199,1.761392023493261,,,3.530670050283281
3422,rho0.50_coupled,25,0.5,1.439439000845798,1.5654495441933527,,,3.004888545039151
3423,rho0.50_coupled,25,0.5,1.1570362938176824,1.369148897321118,,,2.5261851911388007
3424,rho0.50_coupled,25,0.5,1.450970464789515,1.3400631206609965,,,2.7910335854505117
3425,rho0.50_coupled,25,0.5,1.483890938163566,1.3229496546376753,,,2.806840592801241
3426,rho0.50_coupled,25,0.5,1.9568224784528827,1.4672898129319478,,,3.4241122913848305
3427,rho0.50_coupled,25,0.5,1.8358849036603688,1.5343412188279495,,,3.3702261224883183
3428,rho0.50_coupled,25,0.5,1.825799396949656,1.153147844276536,,,2.9789472412261917
3429,rho0.50_coupled,25,0.5,1.4133812893718793,1.0412706894706103,,,2.45465197884249
3430,rho0.50_coupled,25,0.5,2.102224213495743,1.5954135595812855,,,3.6976377730770285
3431,rho0.50_coupled,25,0.5,1.7940589141189192,1.6438368320395857,,,3.437895746158505
3432,rho0.50_coupled,25,0.5,1.8664799592489736,1.6271665413136485,,,3.493646500562622
3433,rho0.50_coupled,25,0.5,1.6089497292880375,1.1771723543508128,,,2.7861220836388503
3434,rho0.50_coupled,25,0.5,1.6737626384562194,1.51727823393709,,,3.1910408723933097
3435,rho0.50_coupled,25,0.5,1.7031548947636972,1.4396164292104425,,,3.1427713239741397
3436,rho0.50_coupled,25,0.5,1.8618672270542662,1.4701914821336362,,,3.332058709187902
3437,rho0.50_coupled,25,0.5,1.67131973833464,1.6864561536641587,,,3.3577758919987986
3438,rho0.50_coupled,25,0.5,1.5338828282199137,1.4592616257876836,,,2.9931444540075973
3439,rho0.50_coupled,25,0.5,1.8089371235543046,1.594135134075436,,,3.4030722576297405
3440,rho0.50_coupled,25,0.5,1.5709465992715699,0.8830148232512116,,,2.4539614225227817
3441,rho0.50_coupled,25,0.5,1.6282044327720877,1.423982473689078,,,3.0521869064611655
3442,rho0.50_coupled,25,0.5,1.1520110311557115,1.1198628757288211,,,2.2718739068845326
3443,rho0.50_coupled,25,0.5,1.6277623573690791,1.3664519147987448,,,2.9942142721678238
3444,rho0.50_coupled,25,0.5,0.9591416525368042,1.1205438375099588,,,2.0796854900467627
3445,rho0.50_coupled,25,0.5,1.5386066957435207,0.9427701431626336,,,2.4813768389061543
3446,rho0.50_coupled,25,0.5,1.891290167655626,1.9546434908331265,,,3.8459336584887525
3447,rho0.50_coupled,25,0.5,1.7833459872604365,1.6350914289040004,,,3.418437416164437
3448,rho0.50_coupled,25,0.5,1.2195781417721474,1.5364459982600513,,,2.7560241400321988
3449,rho0.50_coupled,25,0.5,1.764845825733456,1.3001741998260394,,,3.0650200255594955
3450,rho0.50_coupled,25,0.5,1.3899327566814204,1.2613173012676073,,,2.651250057949028
3451,rho0.50_coupled,25,0.5,1.4885664849582818,1.432027181449735,,,2.920593666408017
3452,rho0.50_coupled,25,0.5,1.563571312872213,0.9248206779915179,,,2.488391990863731
3453,rho0.50_coupled,25,0.5,1.4411787521622015,1.4243230289682611,,,2.8655017811304626
3454,rho0.50_coupled,25,0.5,1.9821106771949695,1.2620259090916182,,,3.2441365862865874
3455,rho0.50_coupled,25,0.5,1.5106736120300763,1.3912867852366007,,,2.901960397266677
3456,rho0.50_coupled,25,0.5,1.795759315472149,1.6151517138364868,,,3.410911029308636
3457,rho0.50_coupled,25,0.5,1.620262328218917,1.2777743955098713,,,2.8980367237287883
3458,rho0.50_coupled,25,0.5,1.9693903922645988,1.5835196244767735,,,3.5529100167413725
3459,rho0.50_coupled,25,0.5,1.6664824201929902,1.3953685945711534,,,3.0618510147641436
3460,rho0.50_coupled,25,0.5,1.7412501177621704,1.5233493730499992,,,3.2645994908121696
3461,rho0.50_coupled,25,0.5,1.8208723807973894,1.2410701678689042,,,3.061942548666294
3462,rho0.50_coupled,25,0.5,1.759744305744357,1.5256686394325514,,,3.2854129451769083
3463,rho0.50_coupled,25,0.5,1.868061494661632,1.6762028081158176,,,3.5442643027774494
3464,rho0.50_coupled,25,0.5,1.2276888445665106,1.1612194506938147,,,2.3889082952603253
3465,rho0.50_coupled,25,0.5,1.6714905008476753,0.8564866038952956,,,2.5279771047429707
3466,rho0.50_coupled,25,0.5,1.1586998605707053,1.838506177013901,,,2.9972060375846064
3467,rho0.50_coupled,25,0.5,2.037162024237432,1.473325434263281,,,3.5104874585007133
3468,rho0.50_coupled,25,0.5,1.5555721164666725,0.9761038958403357,,,2.5316760123070083
3469,rho0.50_coupled,25,0.5,1.3083030234130775,1.3920005224180365,,,2.700303545831114
3470,rho0.50_coupled,25,0.5,1.0863560965699373,0.9795789107874849,,,2.0659350073574223
3471,rho0.50_coupled,25,0.5,1.625195985217801,1.339831589067953,,,2.965027574285754
3472,rho0.50_coupled,25,0.5,1.8794662083131743,1.0313033159388574,,,2.9107695242520317
3473,rho0.50_coupled,25,0.5,1.969936009562355,1.4953114512877317,,,3.4652474608500867
3474,rho0.50_coupled,25,0.5,1.807452058699368,1.1735947765957777,,,2.981046835295146
3475,rho0.50_coupled,25,0.5,1.2328874760172075,0.9756020424303475,,,2.2084895184475553
3476,rho0.50_coupled,25,0.5,1.6808414039839956,1.514342834115189,,,3.1951842380991846
3477,rho0.50_coupled,25,0.5,1.3500994553825238,1.377012471133024,,,2.7271119265155477
3478,rho0.50_coupled,25,0.5,1.9764858961864995,1.5752080281278829,,,3.5516939243143826
3479,rho0.50_coupled,25,0.5,1.3991119478263694,0.927418498910227,,,2.326530446736596
3480,rho0.50_coupled,25,0.5,2.0388624552967216,1.7377234962593304,,,3.776585951556052
3481,rho0.50_coupled,25,0.5,1.504536565396621,1.093988592023814,,,2.598525157420435
3482,rho0.50_coupled,25,0.5,1.5970145895054826,1.4427388128261427,,,3.039753402331625
3483,rho0.50_coupled,25,0.5,2.1643157135170403,1.6374994613711866,,,3.801815174888227
3484,rho0.50_coupled,25,0.5,1.8199343832275425,1.5445191045319457,,,3.364453487759488
3485,rho0.50_coupled,25,0.5,1.267293568316962,1.2628137028431254,,,2.5301072711600874
3486,rho0.50_coupled,25,0.5,1.752648249877672,1.5890076377159545,,,3.3416558875936264
3487,rho0.50_coupled,25,0.5,1.7694370374860424,1.1293179049437285,,,2.898754942429771
3488,rho0.50_coupled,25,0.5,1.351011384658118,1.3020885136685951,,,2.653099898326713
3489,rho0.50_coupled,25,0.5,1.6633373299631569,1.343337229009847,,,3.006674558973004
3490,rho0.50_coupled,25,0.5,2.082709228469847,1.3176223958725293,,,3.4003316243423765
3491,rho0.50_coupled,25,0.5,0.8339245603277462,1.3086277080909,,,2.142552268418646
3492,rho0.50_coupled,25,0.5,1.9222199045160253,1.2774743602875485,,,3.1996942648035738
3493,rho0.50_coupled,25,0.5,1.575449737632336,1.302526397990398,,,2.877976135622734
3494,rho0.50_coupled,25,0.5,1.7033177843208787,1.343677362205968,,,3.0469951465268466
3495,rho0.50_coupled,25,0.5,1.3907414038270305,1.3664711446470295,,,2.75721254847406
3496,rho0.50_coupled,25,0.5,0.9766242950085917,1.30885932519283,,,2.285483620201422
3497,rho0.50_coupled,25,0.5,1.864147270788533,1.2501903630053006,,,3.1143376337938333
3498,rho0.50_coupled,25,0.5,1.381471383301517,1.2934293549417946,,,2.674900738243312
3499,rho0.50_coupled,25,0.5,1.8788933838466035,1.554738955894965,,,3.4336323397415685
3500,rho0.50_coupled,25,0.5,1.1499820048367178,1.2771017983652087,,,2.4270838032019264
3501,rho0.50_coupled,25,0.5,1.3682850636983628,1.3760453403822606,,,2.7443304040806233
3502,rho0.50_coupled,25,0.5,1.7836022325145893,1.311313834639222,,,3.094916067153811
3503,rho0.50_coupled,25,0.5,1.438292355264887,0.8852566495420031,,,2.32354900480689
3504,rho0.50_coupled,25,0.5,1.1014760384077746,0.8400146698315121,,,1.9414907082392867
3505,rho0.50_coupled,25,0.5,1.6216394092929762,1.5794409235445777,,,3.201080332837554
3506,rho0.50_coupled,25,0.5,1.6140094309690156,1.266611991708224,,,2.8806214226772395
3507,rho0.50_coupled,25,0.5,1.4115345699496162,1.0173340283936443,,,2.4288685983432607
3508,rho0.50_coupled,25,0.5,1.7265593269562522,1.1576224374213695,,,2.8841817643776215
3509,rho0.50_coupled,25,0.5,1.365942497568533,1.475473242782567,,,2.8414157403511
3510,rho0.50_coupled,25,0.5,1.213508871748775,1.3928376356058412,,,2.6063465073546164
3511,rho0.50_coupled,25,0.5,1.4921251437630034,1.0857194293546262,,,2.5778445731176296
3512,rho0.50_coupled,25,0.5,2.007170700937033,1.5049984381187291,,,3.5121691390557626
3513,rho0.50_coupled,25,0.5,1.0804622720198973,0.8816748531634577,,,1.962137125183355
3514,rho0.50_coupled,25,0.5,1.4488741139415822,1.3286355315977854,,,2.7775096455393675
3515,rho0.50_coupled,25,0.5,1.4147642077851486,1.1837502237059996,,,2.5985144314911484
3516,rho0.50_coupled,25,0.5,1.9408572224536702,1.645136169796413,,,3.5859933922500833
3517,rho0.50_coupled,25,0.5,1.9544000586951182,1.4360769362216337,,,3.390476994916752
3518,rho0.50_coupled,25,0.5,1.4784278368261023,1.4480765672710547,,,2.926504404097157
3519,rho0.50_coupled,25,0.5,1.5640829592927514,1.177372705748821,,,2.7414556650415722
3520,rho0.50_coupled,25,0.5,1.1704458712561152,0.9698739637927416,,,2.1403198350488566
3521,rho0.50_coupled,25,0.5,1.364249666146256,1.1917924495227814,,,2.5560421156690376
3522,rho0.50_coupled,25,0.5,1.4959416246799737,1.0964037737379102,,,2.592345398417884
3523,rho0.50_coupled,25,0.5,1.5498431505081067,1.2029399614243819,,,2.7527831119324886
3524,rho0.50_coupled,25,0.5,1.5479953344566206,1.641420723308532,,,3.1894160577651527
3525,rho0.50_coupled,25,0.5,1.4761967033510945,1.078266292448991,,,2.5544629958000855
3526,rho0.50_coupled,25,0.5,1.7493580024508624,1.2538941540059017,,,3.003252156456764
3527,rho0.50_coupled,25,0.5,1.3036226278502443,1.5569545084407825,,,2.8605771362910266
3528,rho0.50_coupled,25,0.5,1.603526862791323,1.3031504487615158,,,2.906677311552839
3529,rho0.50_coupled,25,0.5,1.7202726053130193,1.6236662433134526,,,3.343938848626472
3530,rho0.50_coupled,25,0.5,1.651826669834144,1.025418528986809,,,2.6772451988209527
3531,rho0.50_coupled,25,0.5,1.6505034794791753,1.1287982075492164,,,2.7793016870283918
3532,rho0.50_coupled,25,0.5,1.9188775955067912,1.7544383367736418,,,3.673315932280433
3533,rho0.50_coupled,25,0.5,1.9594784866945492,1.5881338295090939,,,3.547612316203643
3534,rho0.50_coupled,25,0.5,1.5428391192911726,1.4382986986872677,,,2.98113781797844
3535,rho0.50_coupled,25,0.5,1.7773205508845,1.4444407613622405,,,3.2217613122467403
3536,rho0.50_coupled,25,0.5,1.1157117989106855,1.167647323179122,,,2.2833591220898075
3537,rho0.50_coupled,25,0.5,1.2875018599062122,1.096043057523444,,,2.3835449174296564
3538,rho0.50_coupled,25,0.5,1.568479247072595,1.4484645377547678,,,3.0169437848273626
3539,rho0.50_coupled,25,0.5,1.4155533279771404,1.254247262457855,,,2.6698005904349955
3540,rho0.50_coupled,25,0.5,1.530927004540624,0.9594604511640659,,,2.49038745570469
3541,rho0.50_coupled,25,0.5,1.0970129978508272,0.9688151817171096,,,2.0658281795679367
3542,rho0.50_coupled,25,0.5,1.2129695833192418,0.9741501800239707,,,2.1871197633432127
3543,rho0.50_coupled,25,0.5,1.4244415932248502,1.214646993423423,,,2.639088586648273
3544,rho0.50_coupled,25,0.5,1.5377108604699705,1.288978005278606,,,2.8266888657485767
3545,rho0.50_coupled,25,0.5,1.9492204857403062,1.3046871105878286,,,3.2539075963281348
3546,rho0.50_coupled,25,0.5,1.490315041344672,1.132898272239245,,,2.623213313583917
3547,rho0.50_coupled,25,0.5,1.3701465324329472,1.6313374886086074,,,3.0014840210415548
3548,rho0.50_coupled,25,0.5,1.1996593122899024,1.1614665609351633,,,2.361125873225066
3549,rho0.50_coupled,25,0.5,2.006431693163579,1.5440162975248386,,,3.5504479906884177
3550,rho0.50_coupled,25,0.5,1.4065979775985562,1.0887884554552953,,,2.4953864330538513
3551,rho0.50_coupled,25,0.5,1.4989219097542448,1.0165628102027933,,,2.515484719957038
3552,rho0.50_coupled,25,0.5,1.6625148660835254,1.3281239055401675,,,2.9906387716236926
3553,rho0.50_coupled,25,0.5,1.6989777913277486,1.4014047356584383,,,3.100382526986187
3554,rho0.50_coupled,25,0.5,1.8202025945044182,1.5154816362791965,,,3.335684230783615
3555,rho0.50_coupled,25,0.5,1.6174527040263944,1.5282344519235864,,,3.1456871559499806
3556,rho0.50_coupled,25,0.5,1.4157805898292266,1.3484936014806228,,,2.764274191309849
3557,rho0.50_coupled,25,0.5,1.3993399249084812,0.8598184499405984,,,2.2591583748490796
3558,rho0.50_coupled,25,0.5,1.1772826002414645,1.4682494493964007,,,2.645532049637865
3559,rho0.50_coupled,25,0.5,1.349469328356124,1.3933446127097844,,,2.7428139410659087
3560,rho0.50_coupled,25,0.5,1.1824852365871883,0.9944786351584708,,,2.176963871745659
3561,rho0.50_coupled,25,0.5,1.5927846989691168,1.1547236274616681,,,2.747508326430785
3562,rho0.50_coupled,25,0.5,1.8855949815531585,1.6372343653150203,,,3.522829346868179
3563,rho0.50_coupled,25,0.5,1.7583979867067112,1.504843068775042,,,3.2632410554817532
3564,rho0.50_coupled,25,0.5,1.7426241728841056,1.7483303152244658,,,3.4909544881085717
3565,rho0.50_coupled,25,0.5,1.561063077415461,1.1680749881933945,,,2.7291380656088555
3566,rho0.50_coupled,25,0.5,1.6162683329633918,1.5753486605403764,,,3.191616993503768
3567,rho0.50_coupled,25,0.5,2.005072536915882,1.619295589574406,,,3.624368126490288
3568,rho0.50_coupled,25,0.5,1.5362937150011533,1.1428017392321426,,,2.6790954542332956
3569,rho0.50_coupled,25,0.5,1.8953737744213774,1.4108225264723593,,,3.3061963008937365
3570,rho0.50_coupled,25,0.5,1.90378682596983,1.5433968115853527,,,3.4471836375551828
3571,rho0.50_coupled,25,0.5,1.7294282742181781,1.2501890760119239,,,2.979617350230102
3572,rho0.50_coupled,25,0.5,1.6970055877337369,1.1036072311195884,,,2.8006128188533252
3573,rho0.50_coupled,25,0.5,1.867541648562362,1.293508118056726,,,3.161049766619088
3574,rho0.50_coupled,25,0.5,1.3802575668246944,1.2396644276709157,,,2.61992199449561
3575,rho0.50_coupled,25,0.5,1.5960100563490218,1.3913434315217466,,,2.9873534878707684
3576,rho0.50_coupled,25,0.5,1.8365310739359346,1.3385776980082722,,,3.175108771944207
3577,rho0.50_coupled,25,0.5,1.846590722823854,1.7258539630813576,,,3.5724446859052117
3578,rho0.50_coupled,25,0.5,1.2292222296397255,1.6212968372770815,,,2.850519066916807
3579,rho0.50_coupled,25,0.5,1.577522751401498,1.1204625616779995,,,2.6979853130794975
3580,rho0.50_coupled,25,0.5,1.5761284701801261,1.5009459202720046,,,3.0770743904521307
3581,rho0.50_coupled,25,0.5,2.0184062515188597,1.3388559293145044,,,3.357262180833364
3582,rho0.50_coupled,25,0.5,1.306272604937931,1.1599670995378668,,,2.4662397044757975
3583,rho0.50_coupled,25,0.5,1.7906068350303932,1.421309183851682,,,3.211916018882075
3584,rho0.50_coupled,25,0.5,1.48765293935859,1.093366520757785,,,2.5810194601163747
3585,rho0.50_coupled,25,0.5,1.416380310620069,1.066975022942461,,,2.48335533356253
3586,rho0.50_coupled,25,0.5,1.4665935102229308,1.1667838317109154,,,2.633377341933846
3587,rho0.50_coupled,25,0.5,1.4940019656556762,1.1261552755184165,,,2.620157241174093
3588,rho0.50_coupled,25,0.5,1.1996102349770557,1.1736341930048473,,,2.373244427981903
3589,rho0.50_coupled,25,0.5,1.3484355053825774,1.5395471695228105,,,2.8879826749053876
3590,rho0.50_coupled,25,0.5,1.1884488434119433,1.1574802015997967,,,2.34592904501174
3591,rho0.50_coupled,25,0.5,1.9051285655787797,1.4356909797384423,,,3.3408195453172222
3592,rho0.50_coupled,25,0.5,1.8127295510878356,1.1866959272840418,,,2.9994254783718777
3593,rho0.50_coupled,25,0.5,1.327034307133096,1.4344485871397372,,,2.761482894272833
3594,rho0.50_coupled,25,0.5,1.640283198955164,1.43208901360143,,,3.072372212556594
3595,rho0.50_coupled,25,0.5,1.3881890783640651,1.5351035198736682,,,2.923292598237733
3596,rho0.50_coupled,25,0.5,1.4294824152288972,1.2209896634595943,,,2.6504720786884914
3597,rho0.50_coupled,25,0.5,1.6108024700351264,1.4907304404115371,,,3.1015329104466636
3598,rho0.50_coupled,25,0.5,1.584528979479384,1.378828261415887,,,2.963357240895271
3599,rho0.50_coupled,25,0.5,1.1749038152957854,0.8287013033541404,,,2.0036051186499257
3600,rho0.50_coupled,25,0.5,2.009100211729368,1.3860931213785102,,,3.395193333107878
3601,rho0.50_coupled,25,0.5,2.01254778261517,1.7075132393708898,,,3.72006102198606
3602,rho0.50_coupled,25,0.5,1.9158938213645957,1.8428449654649728,,,3.7587387868295687
3603,rho0.50_coupled,25,0.5,1.886097535948024,1.376917231712972,,,3.263014767660996
3604,rho0.50_coupled,25,0.5,1.720983210847409,1.4972466066664556,,,3.2182298175138646
3605,rho0.50_coupled,25,0.5,1.8984326026660994,1.6069589525335501,,,3.5053915551996493
3606,rho0.50_coupled,25,0.5,1.486532036929828,1.4689203588142827,,,2.9554523957441106
3607,rho0.50_coupled,25,0.5,0.8625474548172084,1.0009330844257032,,,1.8634805392429117
3608,rho0.50_coupled,25,0.5,1.6211598002324494,1.5658278782203332,,,3.1869876784527826
3609,rho0.50_coupled,25,0.5,1.7047837947907007,1.2772482262443943,,,2.982032021035095
3610,rho0.50_coupled,25,0.5,1.2627984579313025,1.3741737602115114,,,2.636972218142814
3611,rho0.50_coupled,25,0.5,0.9865909459855514,1.1019597105719598,,,2.088550656557511
3612,rho0.50_coupled,25,0.5,1.4800401667110132,1.5579476884276962,,,3.0379878551387094
3613,rho0.50_coupled,25,0.5,1.8614178562863168,1.8836433097261138,,,3.7450611660124307
3614,rho0.50_coupled,25,0.5,1.6957224536078424,1.2140966699355655,,,2.909819123543408
3615,rho0.50_coupled,25,0.5,1.1841184538118412,1.3126304895128738,,,2.496748943324715
3616,rho0.50_coupled,25,0.5,1.6193574145986538,1.3620551031611616,,,2.981412517759815
3617,rho0.50_coupled,25,0.5,1.2228325250251977,1.1338935495989837,,,2.3567260746241816
3618,rho0.50_coupled,25,0.5,1.8616497266907184,1.3848244980884215,,,3.24647422477914
3619,rho0.50_coupled,25,0.5,1.4749889740908368,1.2764204851987644,,,2.7514094592896012
3620,rho0.50_coupled,25,0.5,1.3697207686770727,1.2185089559858941,,,2.588229724662967
3621,rho0.50_coupled,25,0.5,1.3924279867517244,1.2141817106652704,,,2.606609697416995
3622,rho0.50_coupled,25,0.5,1.7107653414974795,1.4332573247241296,,,3.144022666221609
3623,rho0.50_coupled,25,0.5,1.6416306829707,1.3501901390845361,,,2.991820822055236
3624,rho0.50_coupled,25,0.5,1.3350782948572129,1.0640839805083435,,,2.3991622753655566
3625,rho0.50_coupled,25,0.5,2.0571034358850895,1.5988468320661138,,,3.6559502679512033
3626,rho0.50_coupled,25,0.5,0.8637787827460178,1.1196321024407272,,,1.983410885186745
3627,rho0.50_coupled,25,0.5,1.3519719761328532,1.117654778493054,,,2.4696267546259074
3628,rho0.50_coupled,25,0.5,1.656421830934754,1.1074082547561876,,,2.763830085690942
3629,rho0.50_coupled,25,0.5,1.707942363461187,1.2627628148627097,,,2.9707051783238967
3630,rho0.50_coupled,25,0.5,1.435505275787149,1.2517300231485144,,,2.687235298935663
3631,rho0.50_coupled,25,0.5,1.4176471257509036,1.7254421061417093,,,3.143089231892613
3632,rho0.50_coupled,25,0.5,1.5273524119526467,1.2082409204724625,,,2.7355933324251094
3633,rho0.50_coupled,25,0.5,1.4982577041623382,1.346824947209146,,,2.8450826513714844
3634,rho0.50_coupled,25,0.5,2.046422069408715,1.130572697182137,,,3.176994766590852
3635,rho0.50_coupled,25,0.5,1.2001856973624752,1.2701700506533466,,,2.470355748015822
3636,rho0.50_coupled,25,0.5,1.5117784803880505,1.6048704537032306,,,3.1166489340912813
3637,rho0.50_coupled,25,0.5,1.6368963707490025,1.33929669253562,,,2.9761930632846223
3638,rho0.50_coupled,25,0.5,1.698923688870056,1.2512852699422345,,,2.950208958812291
3639,rho0.50_coupled,25,0.5,1.8616235560035603,1.323582831498048,,,3.1852063875016086
3640,rho0.50_coupled,25,0.5,1.9023972787858021,1.4959237774938292,,,3.3983210562796313
3641,rho0.50_coupled,25,0.5,1.553555742975027,1.154650605355411,,,2.708206348330438
3642,rho0.50_coupled,25,0.5,2.066395264412407,1.5221060539974052,,,3.5885013184098122
3643,rho0.50_coupled,25,0.5,1.4663120623635812,1.5570510048747983,,,3.0233630672383796
3644,rho0.50_coupled,25,0.5,1.5757063607669117,1.4945664238279885,,,3.0702727845949003
3645,rho0.50_coupled,25,0.5,1.4952855980100945,1.2163709241125382,,,2.7116565221226328
3646,rho0.50_coupled,25,0.5,1.0782484372172685,1.3644713313091517,,,2.44271976852642
3647,rho0.50_coupled,25,0.5,1.2784470889279316,1.409881922780504,,,2.6883290117084355
3648,rho0.50_coupled,25,0.5,1.4478173714397524,1.0332506834365212,,,2.481068054876274
3649,rho0.50_coupled,25,0.5,1.2563107669266074,1.1754262161533198,,,2.431736983079927
3650,rho0.50_coupled,25,0.5,1.1438471687229044,0.7481029544222805,,,1.8919501231451847
3651,rho0.50_coupled,25,0.5,1.2123243523262546,1.2906634757315514,,,2.502987828057806
3652,rho0.50_coupled,25,0.5,1.6897442875531334,1.3960723857389252,,,3.085816673292059
3653,rho0.50_coupled,25,0.5,1.6010971911661416,1.2962788723894287,,,2.89737606355557
3654,rho0.50_coupled,25,0.5,1.7503312120563221,1.384474283389363,,,3.1348054954456854
3655,rho0.50_coupled,25,0.5,1.5660594993921435,1.1882496464603758,,,2.7543091458525195
3656,rho0.50_coupled,25,0.5,1.4308121821595483,1.0988803938884182,,,2.5296925760479665
3657,rho0.50_coupled,25,0.5,1.4379869767516493,1.4127787555673894,,,2.8507657323190387
3658,rho0.50_coupled,25,0.5,1.586629513936387,1.1563638618172731,,,2.7429933757536604
3659,rho0.50_coupled,25,0.5,1.468605365560641,1.5026541182928925,,,2.9712594838535336
3660,rho0.50_coupled,25,0.5,1.4358264429534964,1.2192625987681673,,,2.6550890417216637
3661,rho0.50_coupled,25,0.5,1.7889530003486322,1.7831461017320185,,,3.5720991020806507
3662,rho0.50_coupled,25,0.5,1.8188089803743035,1.240831446608592,,,3.059640426982895
3663,rho0.50_coupled,25,0.5,1.239925362679135,1.2281863937680464,,,2.4681117564471813
3664,rho0.50_coupled,25,0.5,1.7464900946875064,1.683028698493251,,,3.4295187931807574
3665,rho0.50_coupled,25,0.5,1.6228399630678143,1.2681740056829525,,,2.8910139687507668
3666,rho0.50_coupled,25,0.5,2.1397778435161134,1.5819190559921634,,,3.721696899508277
3667,rho0.50_coupled,25,0.5,1.5355504803151425,1.359119555101732,,,2.8946700354168744
3668,rho0.50_coupled,25,0.5,1.4851934425582258,1.3836427301571834,,,2.868836172715409
3669,rho0.50_coupled,25,0.5,1.3227294914891943,1.0339311190598885,,,2.356660610549083
3670,rho0.50_coupled,25,0.5,1.7222025155005163,1.30619200537466,,,3.0283945208751764
3671,rho0.50_coupled,25,0.5,1.7892300353117185,1.5929981650309717,,,3.3822282003426904
3672,rho0.50_coupled,25,0.5,1.5408731848097648,1.1582125556020844,,,2.6990857404118493
3673,rho0.50_coupled,25,0.5,1.5118630873164607,1.0063934123450675,,,2.518256499661528
3674,rho0.50_coupled,25,0.5,1.4869159455794283,1.2161382376416163,,,2.7030541832210444
3675,rho0.50_coupled,25,0.5,1.1102875564065275,0.8908963182612284,,,2.001183874667756
3676,rho0.50_coupled,25,0.5,1.1863372825677925,1.4166258522887643,,,2.602963134856557
3677,rho0.50_coupled,25,0.5,1.4140144263845316,1.1723491567186397,,,2.5863635831031715
3678,rho0.50_coupled,25,0.5,1.7006268185281859,1.5014091518949724,,,3.2020359704231582
3679,rho0.50_coupled,25,0.5,1.9661615827524181,1.6499377574571539,,,3.616099340209572
3680,rho0.50_coupled,25,0.5,1.8670649835111388,1.8833127764010973,,,3.750377759912236
3681,rho0.50_coupled,25,0.5,1.528578959733434,1.694554344378507,,,3.2231333041119408
3682,rho0.50_coupled,25,0.5,1.6740033905876894,1.1124827952344765,,,2.7864861858221657
3683,rho0.50_coupled,25,0.5,1.512701920981405,1.3504498212035512,,,2.8631517421849564
3684,rho0.50_coupled,25,0.5,0.91105490369649,1.3645304134117635,,,2.2755853171082534
3685,rho0.50_coupled,25,0.5,1.436049643288936,1.314075082238509,,,2.750124725527445
3686,rho0.50_coupled,25,0.5,1.7984090062542188,1.4323212702563732,,,3.230730276510592
3687,rho0.50_coupled,25,0.5,1.3526517138797447,1.0161190200792773,,,2.368770733959022
3688,rho0.50_coupled,25,0.5,1.65585125088483,1.6095404151266055,,,3.2653916660114355
3689,rho0.50_coupled,25,0.5,1.6600342974507383,1.5674296015281874,,,3.2274638989789257
3690,rho0.50_coupled,25,0.5,2.0810469829418956,1.6186452338476527,,,3.6996922167895483
3691,rho0.50_coupled,25,0.5,1.7947858344570675,1.3359193413721402,,,3.130705175829208
3692,rho0.50_coupled,25,0.5,1.5577403141564892,1.2695062412667475,,,2.827246555423237
3693,rho0.50_coupled,25,0.5,1.4485543286306641,1.2743155683394862,,,2.7228698969701504
3694,rho0.50_coupled,25,0.5,1.6936791437135845,1.5136515365838101,,,3.2073306802973947
3695,rho0.50_coupled,25,0.5,1.7729216023523515,1.516064856648875,,,3.2889864590012268
3696,rho0.50_coupled,25,0.5,1.7421584634746419,1.5698028016436851,,,3.311961265118327
3697,rho0.50_coupled,25,0.5,1.711551388418278,1.1187578490274672,,,2.8303092374457455
3698,rho0.50_coupled,25,0.5,1.5814808693046651,1.4934896346027517,,,3.0749705039074167
3699,rho0.50_coupled,25,0.5,1.2851190802742647,1.0691752781589663,,,2.354294358433231
3700,rho0.50_coupled,25,0.5,1.4049121499539576,1.1344727835299881,,,2.539384933483946
3701,rho0.50_coupled,25,0.5,1.6683898876590915,1.4538650242558928,,,3.1222549119149843
3702,rho0.50_coupled,25,0.5,1.8585682911247146,1.5443401004519612,,,3.402908391576676
3703,rho0.50_coupled,25,0.5,1.440444934285203,1.1344464084912793,,,2.5748913427764824
3704,rho0.50_coupled,25,0.5,1.952041663340385,1.4877158112030062,,,3.4397574745433914
3705,rho0.50_coupled,25,0.5,1.6177760997390334,1.2458876159806562,,,2.8636637157196896
3706,rho0.50_coupled,25,0.5,1.105642593310692,1.040313736867103,,,2.145956330177795
3707,rho0.50_coupled,25,0.5,1.5366777424228153,1.101176156357217,,,2.6378538987800324
3708,rho0.50_coupled,25,0.5,1.6132105350275312,1.0801914690233516,,,2.693402004050883
3709,rho0.50_coupled,25,0.5,1.4519438474664155,0.9159461522416332,,,2.3678899997080487
3710,rho0.50_coupled,25,0.5,1.577169923906412,1.4859927715997827,,,3.063162695506195
3711,rho0.50_coupled,25,0.5,1.4100333696330811,1.3569047067276512,,,2.7669380763607325
3712,rho0.50_coupled,25,0.5,1.6016149372946697,1.5003089036149886,,,3.1019238409096586
3713,rho0.50_coupled,25,0.5,1.6810494907699518,1.5018913237729186,,,3.1829408145428704
3714,rho0.50_coupled,25,0.5,1.337461150000733,1.5176444266877231,,,2.855105576688456
3715,rho0.50_coupled,25,0.5,2.0906347354554473,1.604663590208491,,,3.6952983256639382
3716,rho0.50_coupled,25,0.5,1.4661610412921113,1.4170584337653445,,,2.883219475057456
3717,rho0.50_coupled,25,0.5,1.024636820240238,0.6592929732975668,,,1.6839297935378048
3718,rho0.50_coupled,25,0.5,1.6555816615056376,1.759152222489715,,,3.4147338839953525
3719,rho0.50_coupled,25,0.5,1.4223910566803557,1.5866621467193287,,,3.0090532033996844
3720,rho0.50_coupled,25,0.5,1.5299964122978773,1.0996997378540951,,,2.6296961501519727
3721,rho0.50_coupled,25,0.5,2.1425612246731403,1.7582984172641196,,,3.90085964193726
3722,rho0.50_coupled,25,0.5,1.3744017238730113,1.2781872059906467,,,2.652588929863658
3723,rho0.50_coupled,25,0.5,1.596076474158144,1.1245070146297969,,,2.7205834887879408
3724,rho0.50_coupled,25,0.5,1.8033768954326024,1.391824518079032,,,3.1952014135116347
3725,rho0.50_coupled,25,0.5,1.4830039645294573,1.3926392069890465,,,2.8756431715185036
3726,rho0.50_coupled,25,0.5,1.084896192787361,1.5570237424524709,,,2.641919935239832
3727,rho0.50_coupled,25,0.5,1.0484893355609142,1.189644248662167,,,2.238133584223081
3728,rho0.50_coupled,25,0.5,1.2396275489163173,1.0686612078756088,,,2.308288756791926
3729,rho0.50_coupled,25,0.5,1.4621660381924086,1.5677942026913725,,,3.0299602408837814
3730,rho0.50_coupled,25,0.5,1.5233796003806537,1.4645113456262269,,,2.9878909460068805
3731,rho0.50_coupled,25,0.5,1.6901600429450276,1.4051099478511373,,,3.095269990796165
3732,rho0.50_coupled,25,0.5,1.1057210542612022,1.4230957840089244,,,2.5288168382701266
3733,rho0.50_coupled,25,0.5,1.7475399361645456,1.8873485411176754,,,3.634888477282221
3734,rho0.50_coupled,25,0.5,2.3457659325337485,1.8437072307196167,,,4.189473163253365
3735,rho0.50_coupled,25,0.5,1.6678791964614568,1.4501171278836955,,,3.1179963243451523
3736,rho0.50_coupled,25,0.5,2.1878223350637054,1.4646666463630342,,,3.65248898142674
3737,rho0.50_coupled,25,0.5,1.5176408056674533,1.3384058023772636,,,2.856046608044717
3738,rho0.50_coupled,25,0.5,1.3191511484669687,1.1500517303845603,,,2.469202878851529
3739,rho0.50_coupled,25,0.5,1.9671461192969406,1.3654807856468558,,,3.3326269049437967
3740,rho0.50_coupled,25,0.5,1.4549748215751703,1.5608769842958623,,,3.0158518058710326
3741,rho0.50_coupled,25,0.5,1.7566877629367461,1.4773494248771892,,,3.2340371878139353
3742,rho0.50_coupled,25,0.5,1.3525915741884602,1.2674661795929256,,,2.620057753781386
3743,rho0.50_coupled,25,0.5,1.6654134235226583,1.189643542059529,,,2.8550569655821874
3744,rho0.50_coupled,25,0.5,1.2045092945310314,1.4929300070143694,,,2.697439301545401
3745,rho0.50_coupled,25,0.5,1.2525641741278597,1.130548799582499,,,2.3831129737103587
3746,rho0.50_coupled,25,0.5,1.8850087330984584,1.9471044944844915,,,3.83211322758295
3747,rho0.50_coupled,25,0.5,1.1197113457603005,1.2338799509182303,,,2.353591296678531
3748,rho0.50_coupled,25,0.5,1.7896925043530578,1.3413455870975595,,,3.131038091450617
3749,rho0.50_coupled,25,0.5,1.5832049999549367,1.4237374334442292,,,3.006942433399166
3750,rho0.50_coupled,25,0.5,1.583693906289247,1.490340583477793,,,3.07403448976704
3751,rho0.50_coupled,25,0.5,1.7027179311894167,1.5664259507916385,,,3.269143881981055
3752,rho0.50_coupled,25,0.5,1.419428277263585,1.4694126452627954,,,2.8888409225263803
3753,rho0.50_coupled,25,0.5,1.453657941137989,1.2908998792442141,,,2.7445578203822034
3754,rho0.50_coupled,25,0.5,1.8889843455903954,1.183925576389355,,,3.0729099219797504
3755,rho0.50_coupled,25,0.5,2.3289574484130604,1.187520818181761,,,3.516478266594821
3756,rho0.50_coupled,25,0.5,1.50623854880717,1.474742017013163,,,2.980980565820333
3757,rho0.50_coupled,25,0.5,1.7348671065804746,1.321033632898318,,,3.0559007394787927
3758,rho0.50_coupled,25,0.5,1.3992148408237743,1.3491126362744756,,,2.74832747709825
3759,rho0.50_coupled,25,0.5,1.6350564732616129,1.35448542987959,,,2.9895419031412027
3760,rho0.50_coupled,25,0.5,1.4381998130824702,1.379972592418906,,,2.818172405501376
3761,rho0.50_coupled,25,0.5,1.7347006662531843,1.695771811673449,,,3.4304724779266333
3762,rho0.50_coupled,25,0.5,1.6974302724441368,1.481473673295698,,,3.178903945739835
3763,rho0.50_coupled,25,0.5,1.904337891772294,1.4190216200271786,,,3.3233595117994725
3764,rho0.50_coupled,25,0.5,1.861294733741733,1.3655846307552393,,,3.2268793644969724
3765,rho0.50_coupled,25,0.5,1.7647629546600911,1.6194875322402331,,,3.3842504869003243
3766,rho0.50_coupled,25,0.5,1.6599392743085193,1.48148227831618,,,3.141421552624699
3767,rho0.50_coupled,25,0.5,1.1397462004748584,1.0340908585477724,,,2.173837059022631
3768,rho0.50_coupled,25,0.5,1.4670298662959271,1.1280378076936632,,,2.5950676739895906
3769,rho0.50_coupled,25,0.5,1.3874048006443243,1.1456221560664608,,,2.533026956710785
3770,rho0.50_coupled,25,0.5,1.836726664653023,1.2453533278050306,,,3.0820799924580538
3771,rho0.50_coupled,25,0.5,1.38140116301931,1.4954422313025078,,,2.876843394321818
3772,rho0.50_coupled,25,0.5,1.5159379999403173,1.0081536073201998,,,2.524091607260517
3773,rho0.50_coupled,25,0.5,1.6949341386290782,1.419004521864301,,,3.113938660493379
3774,rho0.50_coupled,25,0.5,1.3312789108576897,1.6901257803407757,,,3.021404691198465
3775,rho0.50_coupled,25,0.5,1.5930641565409454,1.0043522459991125,,,2.597416402540058
3776,rho0.50_coupled,25,0.5,1.2382762949650647,1.0436208182935636,,,2.281897113258628
3777,rho0.50_coupled,25,0.5,1.5092691409427768,1.5978709372795477,,,3.1071400782223244
3778,rho0.50_coupled,25,0.5,2.025521184796337,1.2408271487618696,,,3.2663483335582066
3779,rho0.50_coupled,25,0.5,1.1462549294259332,0.9704684072107649,,,2.116723336636698
3780,rho0.50_coupled,25,0.5,1.7819827877101897,1.2725339814726209,,,3.0545167691828103
3781,rho0.50_coupled,25,0.5,1.2461568214394527,1.1334045350325965,,,2.379561356472049
3782,rho0.50_coupled,25,0.5,1.5358602412556284,1.2327037410095436,,,2.7685639822651718
3783,rho0.50_coupled,25,0.5,1.756822889611795,1.572417521518103,,,3.329240411129898
3784,rho0.50_coupled,25,0.5,1.846545737170218,1.3997110803456594,,,3.2462568175158775
3785,rho0.50_coupled,25,0.5,1.4440510181250532,1.5698883110670905,,,3.0139393291921435
3786,rho0.50_coupled,25,0.5,1.289498364319345,1.4928261947952775,,,2.782324559114622
3787,rho0.50_coupled,25,0.5,1.9516123493122544,1.523686727209357,,,3.4752990765216114
3788,rho0.50_coupled,25,0.5,1.8576208100539922,1.5164933625044539,,,3.3741141725584463
3789,rho0.50_coupled,25,0.5,1.1270134008888648,1.1377098160706522,,,2.264723216959517
3790,rho0.50_coupled,25,0.5,2.23249639184661,1.5726719105342482,,,3.8051683023808582
3791,rho0.50_coupled,25,0.5,1.3700645225043968,1.2923003047830366,,,2.6623648272874334
3792,rho0.50_coupled,25,0.5,1.286648161805127,1.5174044039581995,,,2.8040525657633264
3793,rho0.50_coupled,25,0.5,1.3622525985014033,1.140065503490748,,,2.5023181019921514
3794,rho0.50_coupled,25,0.5,1.0048517472776013,1.0598648948063367,,,2.064716642083938
3795,rho0.50_coupled,25,0.5,1.8907606695882586,1.350752370445643,,,3.241513040033902
3796,rho0.50_coupled,25,0.5,1.3983748734161052,1.2037607815009845,,,2.60213565491709
3797,rho0.50_coupled,25,0.5,1.349128089406666,1.4332043285731355,,,2.7823324179798012
3798,rho0.50_coupled,25,0.5,1.474346161571251,1.249634409857629,,,2.7239805714288803
3799,rho0.50_coupled,25,0.5,2.2529092423481587,1.579323628436931,,,3.8322328707850897
3800,rho0.50_coupled,25,0.5,1.0353080108934876,0.5378353867843598,,,1.5731433976778475
3801,rho0.50_coupled,25,0.5,1.2614976086674283,1.1219715641265648,,,2.383469172793993
3802,rho0.50_coupled,25,0.5,0.7570324814271576,0.7663192228052694,,,1.523351704232427
3803,rho0.50_coupled,25,0.5,1.5899117575115775,1.3012024758440772,,,2.8911142333556548
3804,rho0.50_coupled,25,0.5,1.823535065627894,1.0667700466694812,,,2.890305112297375
3805,rho0.50_coupled,25,0.5,1.4923278221102534,1.01797430057546,,,2.5103021226857134
3806,rho0.50_coupled,25,0.5,1.2932627960258678,0.9381593235867196,,,2.2314221196125876
3807,rho0.50_coupled,25,0.5,1.6743048540091594,1.334181349902053,,,3.0084862039112124
3808,rho0.50_coupled,25,0.5,1.878010069376988,1.3202190969189087,,,3.1982291662958966
3809,rho0.50_coupled,25,0.5,1.8665366094997586,1.5622265134285,,,3.4287631229282587
3810,rho0.50_coupled,25,0.5,1.753032769218406,1.6293504126164289,,,3.382383181834835
3811,rho0.50_coupled,25,0.5,1.2971175361613914,1.25569015522635,,,2.5528076913877413
3812,rho0.50_coupled,25,0.5,1.5431539717466152,0.8654251748596355,,,2.4085791466062507
3813,rho0.50_coupled,25,0.5,1.3640600385602957,1.4229039803762005,,,2.786964018936496
3814,rho0.50_coupled,25,0.5,1.808718657191418,1.438755322807446,,,3.2474739799988637
3815,rho0.50_coupled,25,0.5,1.7702877543062203,1.4644482561572802,,,3.2347360104635006
3816,rho0.50_coupled,25,0.5,1.1818280062115183,1.2963936408152534,,,2.4782216470267717
3817,rho0.50_coupled,25,0.5,1.985785287005587,1.5453192787814152,,,3.531104565787002
3818,rho0.50_coupled,25,0.5,1.2995636024098434,1.5347739405885397,,,2.834337542998383
3819,rho0.50_coupled,25,0.5,1.288401154786334,1.1374306065771578,,,2.425831761363492
3820,rho0.50_coupled,25,0.5,1.9223132028995986,1.420124157167597,,,3.342437360067196
3821,rho0.50_coupled,25,0.5,1.4573102739868031,1.2833269919810697,,,2.740637265967873
3822,rho0.50_coupled,25,0.5,1.4935379604246997,1.1995910857569134,,,2.693129046181613
3823,rho0.50_coupled,25,0.5,1.4020631886928834,1.3268638618287194,,,2.7289270505216026
3824,rho0.50_coupled,25,0.5,1.6137445560141912,1.1282042375678394,,,2.7419487935820306
3825,rho0.50_coupled,25,0.5,1.35776845491801,1.0756952780200657,,,2.4334637329380757
3826,rho0.50_coupled,25,0.5,1.449201375872461,1.0418196235287904,,,2.4910209994012513
3827,rho0.50_coupled,25,0.5,1.3981410245488373,1.4327713177502708,,,2.830912342299108
3828,rho0.50_coupled,25,0.5,1.6090958457776339,1.4800072983805614,,,3.0891031441581953
3829,rho0.50_coupled,25,0.5,1.5403559772164166,1.4261214730977165,,,2.966477450314133
3830,rho0.50_coupled,25,0.5,1.612793058715194,1.6534579876947992,,,3.266251046409993
3831,rho0.50_coupled,25,0.5,1.4561390887143089,1.1079006143557792,,,2.564039703070088
3832,rho0.50_coupled,25,0.5,1.668837662180767,1.3252290579596167,,,2.994066720140384
3833,rho0.50_coupled,25,0.5,1.2819946028523352,1.0754828430945444,,,2.3574774459468797
3834,rho0.50_coupled,25,0.5,1.077605822935096,1.36325998051532,,,2.440865803450416
3835,rho0.50_coupled,25,0.5,1.4880408967318308,1.2121139855978158,,,2.7001548823296466
3836,rho0.50_coupled,25,0.5,1.8840927413050852,1.423314129929745,,,3.3074068712348303
3837,rho0.50_coupled,25,0.5,1.6207311197872516,1.3891013262669247,,,3.009832446054176
3838,rho0.50_coupled,25,0.5,1.7814914587155264,1.3695955254685697,,,3.1510869841840963
3839,rho0.50_coupled,25,0.5,1.6728752588222433,1.2458013819658622,,,2.9186766407881057
3840,rho0.50_coupled,25,0.5,1.647209121532212,1.502366188817871,,,3.149575310350083
3841,rho0.50_coupled,25,0.5,1.0825502546426091,1.312592205290316,,,2.3951424599329254
3842,rho0.50_coupled,25,0.5,1.3380319882150948,1.1841079666598242,,,2.522139954874919
3843,rho0.50_coupled,25,0.5,1.6503456356841888,1.4147712941534158,,,3.065116929837605
3844,rho0.50_coupled,25,0.5,1.5833559537856565,1.1523316455754895,,,2.735687599361146
3845,rho0.50_coupled,25,0.5,1.4297346731629064,1.593694398254119,,,3.0234290714170253
3846,rho0.50_coupled,25,0.5,1.6945395946862218,1.045552667899813,,,2.740092262586035
3847,rho0.50_coupled,25,0.5,1.5544589895122778,1.0558295695324644,,,2.610288559044742
3848,rho0.50_coupled,25,0.5,1.101058409999537,1.019689799356933,,,2.12074820935647
3849,rho0.50_coupled,25,0.5,1.3442365540878989,1.292247230382866,,,2.636483784470765
3850,rho0.50_coupled,25,0.5,1.2842513725162703,1.141788553512462,,,2.426039926028732
3851,rho0.50_coupled,25,0.5,2.186076282941297,1.1268876201604838,,,3.312963903101781
3852,rho0.50_coupled,25,0.5,1.4989331538813495,1.5864619746057032,,,3.0853951284870527
3853,rho0.50_coupled,25,0.5,1.6030477190610337,1.4369538383648675,,,3.040001557425901
3854,rho0.50_coupled,25,0.5,1.611262874682671,1.4684107198203293,,,3.0796735945030003
3855,rho0.50_coupled,25,0.5,1.4557086891522288,1.4843120990993124,,,2.940020788251541
3856,rho0.50_coupled,25,0.5,1.2643168098673914,1.318556737176622,,,2.5828735470440134
3857,rho0.50_coupled,25,0.5,1.1729291199107923,0.8931239526999859,,,2.066053072610778
3858,rho0.50_coupled,25,0.5,1.583633817323556,1.4138839892899626,,,2.9975178066135184
3859,rho0.50_coupled,25,0.5,1.205773821992826,1.0055316411426969,,,2.211305463135523
3860,rho0.50_coupled,25,0.5,1.3051432456655454,1.4848212399867775,,,2.789964485652323
3861,rho0.50_coupled,25,0.5,1.8281588278214502,1.21104383388914,,,3.0392026617105903
3862,rho0.50_coupled,25,0.5,1.5326881706496343,1.1652235014715933,,,2.6979116721212275
3863,rho0.50_coupled,25,0.5,1.0867162055966193,1.1757972210713397,,,2.262513426667959
3864,rho0.50_coupled,25,0.5,1.157894552215686,1.4692260914420778,,,2.627120643657764
3865,rho0.50_coupled,25,0.5,0.9466899109447362,1.2273227325151783,,,2.1740126434599145
3866,rho0.50_coupled,25,0.5,1.6351771526157632,1.4432871661801803,,,3.0784643187959437
3867,rho0.50_coupled,25,0.5,1.2936017199094123,0.9147097856500109,,,2.2083115055594233
3868,rho0.50_coupled,25,0.5,1.368733461879302,1.0742922176738845,,,2.4430256795531866
3869,rho0.50_coupled,25,0.5,1.8274798976589466,1.9873165455775261,,,3.8147964432364727
3870,rho0.50_coupled,25,0.5,1.240222765104994,1.0136703277909562,,,2.25389309289595
3871,rho0.50_coupled,25,0.5,1.4348227658930353,1.6638966185628403,,,3.0987193844558756
3872,rho0.50_coupled,25,0.5,1.6636341829388803,1.2453220109297864,,,2.9089561938686668
3873,rho0.50_coupled,25,0.5,1.8103885192447504,1.818881093667901,,,3.629269612912651
3874,rho0.50_coupled,25,0.5,1.5536616656935796,1.4198813988676642,,,2.9735430645612437
3875,rho0.50_coupled,25,0.5,1.3793824703991777,1.1709907641374053,,,2.550373234536583
3876,rho0.50_coupled,25,0.5,1.0321878833361269,0.846487644448834,,,1.878675527784961
3877,rho0.50_coupled,25,0.5,1.7259050940932978,1.455468546777056,,,3.181373640870354
3878,rho0.50_coupled,25,0.5,1.4834058507191192,1.2414953528227979,,,2.724901203541917
3879,rho0.50_coupled,25,0.5,1.567735557329375,1.444316067305745,,,3.01205162463512
3880,rho0.50_coupled,25,0.5,1.6564230915401146,1.419529216520638,,,3.0759523080607525
3881,rho0.50_coupled,25,0.5,1.813197118938862,1.302951162775217,,,3.116148281714079
3882,rho0.50_coupled,25,0.5,1.7506717724849457,1.4962557583093874,,,3.2469275307943333
3883,rho0.50_coupled,25,0.5,1.6247936034077093,0.8812307739495842,,,2.5060243773572934
3884,rho0.50_coupled,25,0.5,1.4783517266608,1.5639521001960421,,,3.042303826856842
3885,rho0.50_coupled,25,0.5,1.3886296691598117,1.2617658236817646,,,2.650395492841576
3886,rho0.50_coupled,25,0.5,1.7188539561828642,1.5678578613722824,,,3.2867118175551466
3887,rho0.50_coupled,25,0.5,1.278969913247091,1.3438211390797168,,,2.622791052326808
3888,rho0.50_coupled,25,0.5,1.4485653331220083,1.4087115346596675,,,2.8572768677816756
3889,rho0.50_coupled,25,0.5,1.7909978201439265,1.2353324790407236,,,3.02633029918465
3890,rho0.50_coupled,25,0.5,1.3486303281488166,1.2752098599954607,,,2.6238401881442774
3891,rho0.50_coupled,25,0.5,1.4126314352504552,1.4185668893668777,,,2.8311983246173327
3892,rho0.50_coupled,25,0.5,1.646959776628887,1.7531126901917613,,,3.4000724668206486
3893,rho0.50_coupled,25,0.5,0.9538459256658635,1.2141057983930639,,,2.1679517240589274
3894,rho0.50_coupled,25,0.5,1.1418998339420643,1.1419733117887108,,,2.283873145730775
3895,rho0.50_coupled,25,0.5,1.9830596329946957,1.4820108946752113,,,3.4650705276699068
3896,rho0.50_coupled,25,0.5,1.8548475529905337,1.0142211597102953,,,2.869068712700829
3897,rho0.50_coupled,25,0.5,1.5105071928155749,1.1929174146158794,,,2.7034246074314545
3898,rho0.50_coupled,25,0.5,1.8306155918881708,1.8130004078999047,,,3.6436159997880755
3899,rho0.50_coupled,25,0.5,1.8256167705791135,1.2444264459905245,,,3.070043216569638
3900,rho0.50_coupled,25,0.5,1.6898337296206893,1.5982428167569616,,,3.288076546377651
3901,rho0.50_coupled,25,0.5,1.0113457897639095,1.3906255986276905,,,2.4019713883916003
3902,rho0.50_coupled,25,0.5,1.458319045964525,1.313005415980322,,,2.7713244619448467
3903,rho0.50_coupled,25,0.5,1.209967759675622,1.0477820502856432,,,2.257749809961265
3904,rho0.50_coupled,25,0.5,1.4687750674868842,1.649311672085036,,,3.11808673957192
3905,rho0.50_coupled,25,0.5,1.2805166563092205,0.9682181825828244,,,2.248734838892045
3906,rho0.50_coupled,25,0.5,1.8941553111643925,1.7595995558659103,,,3.653754867030303
3907,rho0.50_coupled,25,0.5,1.9770539809131438,1.6883691384017112,,,3.665423119314855
3908,rho0.50_coupled,25,0.5,1.3437883375768291,1.2373987665685924,,,2.5811871041454215
3909,rho0.50_coupled,25,0.5,1.5973479147443668,1.5918026937387806,,,3.189150608483147
3910,rho0.50_coupled,25,0.5,1.533966661911344,1.0416534195209826,,,2.5756200814323265
3911,rho0.50_coupled,25,0.5,2.138074768709151,1.6623915109636398,,,3.800466279672791
3912,rho0.50_coupled,25,0.5,1.3764647052276118,1.282161599203942,,,2.6586263044315537
3913,rho0.50_coupled,25,0.5,1.5587062670843903,1.4488772176871951,,,3.0075834847715854
3914,rho0.50_coupled,25,0.5,1.7954273249789598,1.562916125295147,,,3.3583434502741065
3915,rho0.50_coupled,25,0.5,1.256289070826753,1.2227133731985707,,,2.4790024440253235
3916,rho0.50_coupled,25,0.5,1.1077507053479736,1.103601710018458,,,2.2113524153664317
3917,rho0.50_coupled,25,0.5,1.024753537965362,1.6998950445616487,,,2.724648582527011
3918,rho0.50_coupled,25,0.5,1.6348479266128602,1.2613938519749888,,,2.896241778587849
3919,rho0.50_coupled,25,0.5,1.5409954829926382,1.3839535192059167,,,2.924949002198555
3920,rho0.50_coupled,25,0.5,1.0429454007163699,1.381423200469027,,,2.424368601185397
3921,rho0.50_coupled,25,0.5,1.6085364629046548,1.6887453256479592,,,3.2972817885526142
3922,rho0.50_coupled,25,0.5,1.2644195384381165,1.272020656399421,,,2.5364401948375375
3923,rho0.50_coupled,25,0.5,1.264357170145866,1.059014238569251,,,2.3233714087151167
3924,rho0.50_coupled,25,0.5,2.2056603212699457,1.374640132377022,,,3.580300453646968
3925,rho0.50_coupled,25,0.5,1.0482117216614006,1.4506946626031445,,,2.4989063842645454
3926,rho0.50_coupled,25,0.5,1.1523733326235663,0.884199493328568,,,2.0365728259521343
3927,rho0.50_coupled,25,0.5,1.3129185441935827,0.9091873034669449,,,2.2221058476605275
3928,rho0.50_coupled,25,0.5,2.091633860975969,1.3870213193984946,,,3.4786551803744636
3929,rho0.50_coupled,25,0.5,0.9740938617511036,1.2734810114909147,,,2.2475748732420184
3930,rho0.50_coupled,25,0.5,1.8212009645705265,1.570381092952084,,,3.3915820575226103
3931,rho0.50_coupled,25,0.5,1.3335181488608798,1.147357405381944,,,2.480875554242824
3932,rho0.50_coupled,25,0.5,1.8670498649649914,1.252162744972229,,,3.1192126099372204
3933,rho0.50_coupled,25,0.5,1.7857715711362183,1.4190301815406352,,,3.2048017526768535
3934,rho0.50_coupled,25,0.5,1.7582346453555588,1.385565557258667,,,3.1438002026142255
3935,rho0.50_coupled,25,0.5,1.2539939323381293,0.9421443388809244,,,2.196138271219054
3936,rho0.50_coupled,25,0.5,1.6087578314993662,1.3946766862280942,,,3.0034345177274604
3937,rho0.50_coupled,25,0.5,1.335574856588375,1.3033777096475907,,,2.6389525662359654
3938,rho0.50_coupled,25,0.5,1.4613423956074325,1.5696380216015857,,,3.030980417209018
3939,rho0.50_coupled,25,0.5,1.631889909201583,1.4952989524840035,,,3.1271888616855863
3940,rho0.50_coupled,25,0.5,1.6342635401530121,1.7579887902097366,,,3.3922523303627488
3941,rho0.50_coupled,25,0.5,1.6716441895715266,1.8932354040773949,,,3.5648795936489215
3942,rho0.50_coupled,25,0.5,1.814922343816257,1.4103963731806823,,,3.2253187169969393
3943,rho0.50_coupled,25,0.5,1.6494860512397278,1.7195432959431174,,,3.3690293471828454
3944,rho0.50_coupled,25,0.5,2.1336673786853892,1.5639805539653613,,,3.6976479326507503
3945,rho0.50_coupled,25,0.5,1.9514597049778482,1.3796511079459541,,,3.3311108129238023
3946,rho0.50_coupled,25,0.5,1.4050361833003508,1.5621087596979524,,,2.9671449429983032
3947,rho0.50_coupled,25,0.5,1.7718228295509275,1.5569141472069323,,,3.3287369767578596
3948,rho0.50_coupled,25,0.5,1.6961261845015183,1.4832635224414576,,,3.1793897069429757
3949,rho0.50_coupled,25,0.5,1.888790452566295,1.3562135642933324,,,3.2450040168596272
3950,rho0.50_coupled,25,0.5,2.0511190085024915,1.3597166051451135,,,3.4108356136476052
3951,rho0.50_coupled,25,0.5,1.0878106506511498,1.6906580196322016,,,2.7784686702833516
3952,rho0.50_coupled,25,0.5,1.4164816250096974,1.6627092698209012,,,3.0791908948305986
3953,rho0.50_coupled,25,0.5,1.483485025368019,0.9030479654019122,,,2.3865329907699313
3954,rho0.50_coupled,25,0.5,1.3899283531125812,1.2547113635144764,,,2.644639716627058
3955,rho0.50_coupled,25,0.5,2.083947329795385,1.5297485270367353,,,3.6136958568321202
3956,rho0.50_coupled,25,0.5,1.4875249982651846,1.4407348768728214,,,2.9282598751380062
3957,rho0.50_coupled,25,0.5,1.3886353140710825,0.973484744252201,,,2.3621200583232835
3958,rho0.50_coupled,25,0.5,1.365966733002126,1.1751639378367034,,,2.5411306708388293
3959,rho0.50_coupled,25,0.5,1.1795258072441988,0.9904548097697112,,,2.16998061701391
3960,rho0.50_coupled,25,0.5,1.604776659029777,1.5178621128233305,,,3.1226387718531075
3961,rho0.50_coupled,25,0.5,1.405291479327876,1.2616361134520722,,,2.666927592779948
3962,rho0.50_coupled,25,0.5,1.4818933393850473,1.1123358532225947,,,2.594229192607642
3963,rho0.50_coupled,25,0.5,1.3675254775424608,1.1260187595433644,,,2.493544237085825
3964,rho0.50_coupled,25,0.5,1.3952651914177288,1.0482232565207432,,,2.443488447938472
3965,rho0.50_coupled,25,0.5,1.730275416494038,1.7291026434003176,,,3.4593780598943553
3966,rho0.50_coupled,25,0.5,1.8442710036447467,1.6758916289032142,,,3.5201626325479607
3967,rho0.50_coupled,25,0.5,1.8164087253673735,1.3112300761554103,,,3.127638801522784
3968,rho0.50_coupled,25,0.5,1.6843753757569535,1.5019997035816515,,,3.186375079338605
3969,rho0.50_coupled,25,0.5,1.5148425872208031,1.162357747717305,,,2.6772003349381084
3970,rho0.50_coupled,25,0.5,1.8539886607541203,1.8936541160887788,,,3.7476427768428993
3971,rho0.50_coupled,25,0.5,1.4043944286701235,1.2621835085942892,,,2.666577937264413
3972,rho0.50_coupled,25,0.5,1.7977025095992254,1.6596665396614243,,,3.4573690492606497
3973,rho0.50_coupled,25,0.5,1.9512943183260312,1.3012209504802115,,,3.252515268806243
3974,rho0.50_coupled,25,0.5,1.1947032841098983,1.0767894068465624,,,2.271492690956461
3975,rho0.50_coupled,25,0.5,1.5452900417041227,1.6559695611988987,,,3.201259602903021
3976,rho0.50_coupled,25,0.5,1.4993218696039055,1.1030768746123616,,,2.6023987442162673
3977,rho0.50_coupled,25,0.5,1.8022714292739723,1.5462317713035105,,,3.3485032005774826
3978,rho0.50_coupled,25,0.5,0.5750340901018044,0.6662960016833439,,,1.2413300917851484
3979,rho0.50_coupled,25,0.5,1.6671187534804504,1.6040930097963968,,,3.271211763276847
3980,rho0.50_coupled,25,0.5,0.8891457681627211,1.2283128060087607,,,2.117458574171482
3981,rho0.50_coupled,25,0.5,1.4326523943924647,1.000002241236059,,,2.4326546356285235
3982,rho0.50_coupled,25,0.5,1.3722336389096508,1.2609484730136304,,,2.633182111923281
3983,rho0.50_coupled,25,0.5,1.4571116298867821,1.4053007744440662,,,2.8624124043308483
3984,rho0.50_coupled,25,0.5,1.0684811596362769,1.0752384240200419,,,2.1437195836563188
3985,rho0.50_coupled,25,0.5,1.6094192929538462,1.4674706112025715,,,3.0768899041564177
3986,rho0.50_coupled,25,0.5,1.4939268096145,1.5193699541825427,,,3.013296763797043
3987,rho0.50_coupled,25,0.5,1.3914595447982183,1.3090712602513062,,,2.7005308050495245
3988,rho0.50_coupled,25,0.5,2.0191074981720796,1.4605256950271441,,,3.4796331931992235
3989,rho0.50_coupled,25,0.5,1.8084991233724446,1.7137167183611022,,,3.522215841733547
3990,rho0.50_coupled,25,0.5,2.29075128789093,1.9617496480662227,,,4.252500935957153
3991,rho0.50_coupled,25,0.5,1.8363210999347535,1.6392909774819149,,,3.4756120774166686
3992,rho0.50_coupled,25,0.5,1.838646884673512,1.5209613740411123,,,3.3596082587146245
3993,rho0.50_coupled,25,0.5,1.7854320997934658,1.5836691824622082,,,3.369101282255674
3994,rho0.50_coupled,25,0.5,1.1907666801819312,1.32124657375296,,,2.5120132539348914
3995,rho0.50_coupled,25,0.5,1.2878129411559418,1.1013257495321849,,,2.3891386906881267
3996,rho0.50_coupled,25,0.5,1.3975215432630113,1.6011747161034833,,,2.9986962593664943
3997,rho0.50_coupled,25,0.5,1.3311942285546556,1.3335276821434574,,,2.664721910698113
3998,rho0.50_coupled,25,0.5,1.520080524766774,1.3561573858397946,,,2.8762379106065685
3999,rho0.50_coupled,25,0.5,1.7244815405714353,1.288152074997261,,,3.0126336155686966
4000,rho0.50_coupled,25,0.5,1.205487488647835,0.8247291960753249,,,2.03021668472316
4001,rho0.50_coupled,25,0.5,1.2283949318326182,1.424497729820306,,,2.652892661652924
4002,rho0.50_coupled,25,0.5,1.3393896140644737,1.3550891016114568,,,2.6944787156759302
4003,rho0.50_coupled,25,0.5,2.075596033368479,1.6880835266526772,,,3.7636795600211563
4004,rho0.50_coupled,25,0.5,1.6386147250785745,1.4398079925965688,,,3.078422717675143
4005,rho0.50_coupled,25,0.5,1.495780241650255,1.3079967214960577,,,2.803776963146313
4006,rho0.50_coupled,25,0.5,1.70339473074623,1.276471149692984,,,2.979865880439214
4007,rho0.50_coupled,25,0.5,1.4986270583644652,1.4542743727979126,,,2.9529014311623776
4008,rho0.50_coupled,25,0.5,1.0871499467531196,1.2656017957588122,,,2.3527517425119315
4009,rho0.50_coupled,25,0.5,1.3566122450829936,0.8673833368150171,,,2.2239955818980106
4010,rho0.50_coupled,25,0.5,1.4004315269373422,1.534617865317857,,,2.9350493922551992
4011,rho0.50_coupled,25,0.5,1.7120501936149057,1.3579731915695152,,,3.070023385184421
4012,rho0.50_coupled,25,0.5,1.9632354884462746,1.5957799798373171,,,3.559015468283592
4013,rho0.50_coupled,25,0.5,1.8571105899966196,1.246501098033963,,,3.1036116880305826
4014,rho0.50_coupled,25,0.5,1.5769858358984687,1.3599928069329765,,,2.9369786428314453
4015,rho0.50_coupled,25,0.5,1.8917119903979933,1.5375521731924748,,,3.429264163590468
4016,rho0.50_coupled,25,0.5,1.4697225146014168,1.708009790121093,,,3.17773230472251
4017,rho0.50_coupled,25,0.5,1.5790486655933023,1.554435233944303,,,3.1334838995376053
4018,rho0.50_coupled,25,0.5,1.4462018154617982,1.6336335760628304,,,3.079835391524629
4019,rho0.50_coupled,25,0.5,1.561257547972193,1.2128344531665796,,,2.7740920011387726
4020,rho0.50_coupled,25,0.5,1.8205475052329834,1.3569815281236184,,,3.1775290333566018
4021,rho0.50_coupled,25,0.5,1.5461758991593342,1.7555207981024312,,,3.3016966972617654
4022,rho0.50_coupled,25,0.5,1.7084077502221966,1.4396257673872064,,,3.148033517609403
4023,rho0.50_coupled,25,0.5,1.491049544864392,1.4965246731457147,,,2.9875742180101064
4024,rho0.50_coupled,25,0.5,1.3314059432283025,1.2050098945578767,,,2.536415837786179
4025,rho0.50_coupled,25,0.5,1.779404730151048,1.3819562534405332,,,3.1613609835915812
4026,rho0.50_coupled,25,0.5,1.5682673203179902,1.7641563561855977,,,3.3324236765035877
4027,rho0.50_coupled,25,0.5,1.0466959352703442,1.2928158269916572,,,2.3395117622620014
4028,rho0.50_coupled,25,0.5,1.288373260944534,0.8800978639111937,,,2.168471124855728
4029,rho0.50_coupled,25,0.5,1.645316937415896,1.3279390426014244,,,2.9732559800173206
4030,rho0.50_coupled,25,0.5,1.2886530072784512,1.4127509366308777,,,2.701403943909329
4031,rho0.50_coupled,25,0.5,1.5501726305152947,1.2430081780468087,,,2.7931808085621035
4032,rho0.50_coupled,25,0.5,1.6322363254143197,1.1711544683908104,,,2.8033907938051303
4033,rho0.50_coupled,25,0.5,1.3306076364753887,0.9739764651439167,,,2.304584101619305
4034,rho0.50_coupled,25,0.5,1.1018406108125272,1.0488486122691447,,,2.150689223081672
4035,rho0.50_coupled,25,0.5,1.797536067086909,1.196687845972598,,,2.994223913059507
4036,rho0.50_coupled,25,0.5,1.6931456429969427,1.558535279693057,,,3.2516809226899994
4037,rho0.50_coupled,25,0.5,1.7905273954508614,0.8596165414749384,,,2.6501439369258
4038,rho0.50_coupled,25,0.5,1.2806165782901424,1.1570417223778091,,,2.4376583006679517
4039,rho0.50_coupled,25,0.5,1.3593018977501217,1.4139433682028544,,,2.7732452659529763
4040,rho0.50_coupled,25,0.5,1.8408834304852837,1.4499782384430586,,,3.2908616689283425
4041,rho0.50_coupled,25,0.5,1.4741989022117201,1.7775190807697894,,,3.2517179829815097
4042,rho0.50_coupled,25,0.5,0.8886107787244327,1.2742568146961584,,,2.162867593420591
4043,rho0.50_coupled,25,0.5,1.650822502561775,1.5309807142838474,,,3.1818032168456227
4044,rho0.50_coupled,25,0.5,1.98695194969758,1.321976343407067,,,3.308928293104647
4045,rho0.50_coupled,25,0.5,1.1533678453731055,1.1477907883246923,,,2.301158633697798
4046,rho0.50_coupled,25,0.5,1.3402196249053357,0.9077721869049944,,,2.24799181181033
4047,rho0.50_coupled,25,0.5,1.018515215340584,1.2157937364918512,,,2.2343089518324355
4048,rho0.50_coupled,25,0.5,1.5831650105739559,1.4028604246295837,,,2.9860254352035396
4049,rho0.50_coupled,25,0.5,1.257776984155476,0.9857164312511142,,,2.24349341540659
4050,rho0.50_coupled,25,0.5,1.731073322401606,1.3696576921535912,,,3.100731014555197
4051,rho0.50_coupled,25,0.5,1.2174028892895836,0.9855236128106516,,,2.2029265021002353
4052,rho0.50_coupled,25,0.5,1.2338648436800772,1.319840323242757,,,2.553705166922834
4053,rho0.50_coupled,25,0.5,1.0042218558313216,0.9628309408010876,,,1.9670527966324092
4054,rho0.50_coupled,25,0.5,1.9914003447012367,1.5770685879114055,,,3.5684689326126424
4055,rho0.50_coupled,25,0.5,1.8100179309005502,1.4696137306016896,,,3.27963166150224
4056,rho0.50_coupled,25,0.5,2.0074991773114177,1.5007123468888373,,,3.508211524200255
4057,rho0.50_coupled,25,0.5,1.5636320045076433,1.4006645277793244,,,2.9642965322869674
4058,rho0.50_coupled,25,0.5,1.7902876878136174,1.257822086612877,,,3.0481097744264947
4059,rho0.50_coupled,25,0.5,1.8128249817678046,1.4822612791313086,,,3.2950862608991134
4060,rho0.50_coupled,25,0.5,1.5636379575430557,1.3204250383544025,,,2.884062995897458
4061,rho0.50_coupled,25,0.5,1.0976475627402758,1.0158349546770313,,,2.113482517417307
4062,rho0.50_coupled,25,0.5,1.690134885381325,1.5636350480302397,,,3.2537699334115646
4063,rho0.50_coupled,25,0.5,1.3389607671495836,0.8515072951705579,,,2.1904680623201416
4064,rho0.50_coupled,25,0.5,1.2792353904851077,1.2444585343649361,,,2.523693924850044
4065,rho0.50_coupled,25,0.5,0.9379334377666567,1.4501512624147181,,,2.3880847001813748
4066,rho0.50_coupled,25,0.5,1.5907677104416895,1.4075490646705902,,,2.9983167751122797
4067,rho0.50_coupled,25,0.5,1.8566468820996391,1.124025115827843,,,2.980671997927482
4068,rho0.50_coupled,25,0.5,1.6770919486390796,0.9768678900449173,,,2.653959838683997
4069,rho0.50_coupled,25,0.5,1.7526611537526742,1.5378136505637798,,,3.290474804316454
4070,rho0.50_coupled,25,0.5,1.3327256876862004,1.3095884304433454,,,2.642314118129546
4071,rho0.50_coupled,25,0.5,1.2557480198752375,0.9395625655110313,,,2.195310585386269
4072,rho0.50_coupled,25,0.5,1.575599111421506,1.16395093967575,,,2.7395500510972557
4073,rho0.50_coupled,25,0.5,2.2693663739338694,1.5943167295490177,,,3.863683103482887
4074,rho0.50_coupled,25,0.5,1.887118892270702,1.490283162393863,,,3.3774020546645653
4075,rho0.50_coupled,25,0.5,1.3409622732992301,1.1498709940868124,,,2.4908332673860425
4076,rho0.50_coupled,25,0.5,1.634713457349542,1.3447609027844858,,,2.979474360134028
4077,rho0.50_coupled,25,0.5,1.6321212152189575,1.144268024339794,,,2.7763892395587515
4078,rho0.50_coupled,25,0.5,1.5980892466556036,1.4133911098231227,,,3.0114803564787263
4079,rho0.50_coupled,25,0.5,1.1900545863228171,1.4751268632204793,,,2.6651814495432964
4080,rho0.50_coupled,25,0.5,1.5360782561560544,0.8533879415281935,,,2.389466197684248
4081,rho0.50_coupled,25,0.5,1.4102059154911828,1.0752026414550462,,,2.485408556946229
4082,rho0.50_coupled,25,0.5,1.4402033650668815,0.9762131565202969,,,2.4164165215871787
4083,rho0.50_coupled,25,0.5,1.6064647401133134,1.4412668980194216,,,3.047731638132735
4084,rho0.50_coupled,25,0.5,1.6133702073834484,1.2100644723748835,,,2.823434679758332
4085,rho0.50_coupled,25,0.5,1.5720712365319112,1.3931910323927414,,,2.9652622689246524
4086,rho0.50_coupled,25,0.5,1.454167501729061,1.3196643683989795,,,2.7738318701280402
4087,rho0.50_coupled,25,0.5,1.4891318756299292,1.1044754288717045,,,2.5936073045016337
4088,rho0.50_coupled,25,0.5,1.561663774232217,1.4536320241046667,,,3.0152957983368838
4089,rho0.50_coupled,25,0.5,2.0529998501858078,1.5444673308098051,,,3.597467180995613
4090,rho0.50_coupled,25,0.5,1.87441779115261,1.6058981857927228,,,3.4803159769453327
4091,rho0.50_coupled,25,0.5,1.3384409125539267,1.6132188125882456,,,2.9516597251421723
4092,rho0.50_coupled,25,0.5,1.362131420651302,1.3340184468408494,,,2.696149867492151
4093,rho0.50_coupled,25,0.5,1.4367337755577527,1.0634348264105187,,,2.500168601968271
4094,rho0.50_coupled,25,0.5,1.6712187257734303,1.7167142779873377,,,3.387933003760768
4095,rho0.50_coupled,25,0.5,1.608174412548022,1.5411852056152782,,,3.1493596181633
4096,rho0.50_coupled,25,0.5,1.7737344046948074,1.7703662260355126,,,3.54410063073032
4097,rho0.50_coupled,25,0.5,1.3231699674294415,0.9724453305610083,,,2.29561529799045
4098,rho0.50_coupled,25,0.5,1.7102827423981366,1.3861058653241969,,,3.0963886077223335
4099,rho0.50_coupled,25,0.5,1.5983554900185273,1.5376461890281414,,,3.136001679046669
4100,rho0.50_coupled,25,0.5,2.035224054421824,1.9238131202176554,,,3.9590371746394792
4101,rho0.50_coupled,25,0.5,1.2607473481630884,1.394601131339955,,,2.6553484795030435
4102,rho0.50_coupled,25,0.5,1.6447617624378508,1.4848314386258725,,,3.1295932010637233
4103,rho0.50_coupled,25,0.5,1.3578529446452916,0.9849284119827193,,,2.342781356628011
4104,rho0.50_coupled,25,0.5,1.4462819694232067,1.2622962235670074,,,2.708578192990214
4105,rho0.50_coupled,25,0.5,1.4842118661633923,1.4197210147042851,,,2.9039328808676776
4106,rho0.50_coupled,25,0.5,1.807393249951911,1.371881045785125,,,3.179274295737036
4107,rho0.50_coupled,25,0.5,1.0907913526990443,1.2256608542585645,,,2.316452206957609
4108,rho0.50_coupled,25,0.5,1.362081759546997,0.9550551635217769,,,2.317136923068774
4109,rho0.50_coupled,25,0.5,1.3442400092837623,1.5288403598285427,,,2.873080369112305
4110,rho0.50_coupled,25,0.5,1.3481281837192487,1.0945443810808944,,,2.442672564800143
4111,rho0.50_coupled,25,0.5,1.6130347890948387,1.2930288188723775,,,2.906063607967216
4112,rho0.50_coupled,25,0.5,1.8690290670944907,1.2829070794151098,,,3.1519361465096005
4113,rho0.50_coupled,25,0.5,0.8720189006009289,1.3660561060656593,,,2.2380750066665884
4114,rho0.50_coupled,25,0.5,1.7019169431098562,1.291887129824866,,,2.993804072934722
4115,rho0.50_coupled,25,0.5,1.9841270595325382,1.2801484245704187,,,3.264275484102957
4116,rho0.50_coupled,25,0.5,1.648871586977301,1.4824268861891274,,,3.1312984731664284
4117,rho0.50_coupled,25,0.5,2.314548045500317,1.6837165846404987,,,3.998264630140816
4118,rho0.50_coupled,25,0.5,1.6897805428431107,1.537517223809917,,,3.227297766653028
4119,rho0.50_coupled,25,0.5,1.3155371739672646,1.3553762460062937,,,2.6709134199735582
4120,rho0.50_coupled,25,0.5,1.6540201733882065,1.4837922822021161,,,3.1378124555903226
4121,rho0.50_coupled,25,0.5,1.280589209449034,1.7129960324939684,,,2.9935852419430025
4122,rho0.50_coupled,25,0.5,1.5775906148896157,1.5225608498569567,,,3.100151464746572
4123,rho0.50_coupled,25,0.5,2.0302958121850665,1.3690771755361002,,,3.3993729877211667
4124,rho0.50_coupled,25,0.5,1.5507568576587063,1.6470647245823786,,,3.197821582241085
4125,rho0.50_coupled,25,0.5,1.4815413487937874,1.2925510982418718,,,2.774092447035659
4126,rho0.50_coupled,25,0.5,1.2578346677758705,1.3625065093154873,,,2.620341177091358
4127,rho0.50_coupled,25,0.5,1.69053221103328,1.3487014738187133,,,3.039233684851993
4128,rho0.50_coupled,25,0.5,1.4329821247843442,1.4597806359326388,,,2.892762760716983
4129,rho0.50_coupled,25,0.5,1.5857973122147364,1.180472499053848,,,2.766269811268584
4130,rho0.50_coupled,25,0.5,1.609567011777013,1.3551841794130948,,,2.964751191190108
4131,rho0.50_coupled,25,0.5,1.1076929584955388,1.5384194819339605,,,2.6461124404294996
4132,rho0.50_coupled,25,0.5,1.1270939698664975,1.1514601538235802,,,2.2785541236900775
4133,rho0.50_coupled,25,0.5,2.048663562386326,1.502567643400083,,,3.551231205786409
4134,rho0.50_coupled,25,0.5,1.6101195196278213,1.267772370801597,,,2.877891890429418
4135,rho0.50_coupled,25,0.5,1.249304100849094,1.0185894793872343,,,2.2678935802363283
4136,rho0.50_coupled,25,0.5,1.3212052466109605,0.9823307529549827,,,2.303535999565943
4137,rho0.50_coupled,25,0.5,1.450491806528041,1.2655615244553544,,,2.7160533309833954
4138,rho0.50_coupled,25,0.5,1.6839812496925246,1.3599529545292106,,,3.043934204221735
4139,rho0.50_coupled,25,0.5,1.5397227548391759,1.2031544088974566,,,2.7428771637366323
4140,rho0.50_coupled,25,0.5,1.425058001133378,0.9293630154610221,,,2.3544210165944
4141,rho0.50_coupled,25,0.5,1.5180192238235128,1.5627777421336382,,,3.080796965957151
4142,rho0.50_coupled,25,0.5,1.164934374087067,1.2786119218742884,,,2.4435462959613554
4143,rho0.50_coupled,25,0.5,1.4648583298413158,1.2173811708779878,,,2.6822395007193034
4144,rho0.50_coupled,25,0.5,1.9005836825397435,1.5280548293913216,,,3.428638511931065
4145,rho0.50_coupled,25,0.5,1.718781396873507,1.5111729985095645,,,3.2299543953830714
4146,rho0.50_coupled,25,0.5,1.491658662186735,1.3575072842566023,,,2.849165946443337
4147,rho0.50_coupled,25,0.5,1.5286630857388384,1.4244624223020597,,,2.9531255080408982
4148,rho0.50_coupled,25,0.5,1.3958748517898276,1.616531498634994,,,3.0124063504248215
4149,rho0.50_coupled,25,0.5,1.5647965810726698,1.6844957950677208,,,3.2492923761403905
4150,rho0.50_coupled,25,0.5,2.0413183570727056,1.2842948381582702,,,3.325613195230976
4151,rho0.50_coupled,25,0.5,1.0686428177487375,1.2415315157564482,,,2.3101743335051856
4152,rho0.50_coupled,25,0.5,1.2292974385217734,1.178283933162054,,,2.4075813716838272
4153,rho0.50_coupled,25,0.5,1.704416954382653,1.414897444330339,,,3.119314398712992
4154,rho0.50_coupled,25,0.5,1.3300245727089772,1.4178619473916447,,,2.747886520100622
4155,rho0.50_coupled,25,0.5,1.4075619651681577,1.1653667133900656,,,2.572928678558223
4156,rho0.50_coupled,25,0.5,1.3960104375675204,0.8529615599935072,,,2.2489719975610276
4157,rho0.50_coupled,25,0.5,1.7848967654292145,1.6153890214645767,,,3.4002857868937912
4158,rho0.50_coupled,25,0.5,1.678703785536445,1.8166546198444284,,,3.4953584053808733
4159,rho0.50_coupled,25,0.5,1.2038668213041532,0.8967591554975918,,,2.1006259768017452
4160,rho0.50_coupled,25,0.5,1.3554600587302172,1.6616649003786446,,,3.0171249591088616
4161,rho0.50_coupled,25,0.5,1.0461517181591058,1.0260127546425357,,,2.0721644728016413
4162,rho0.50_coupled,25,0.5,1.5326168814249548,1.35130628183549,,,2.8839231632604445
4163,rho0.50_coupled,25,0.5,1.6560983891033754,1.1523571383726687,,,2.808455527476044
4164,rho0.50_coupled,25,0.5,1.3356697210999477,1.2107980809926793,,,2.546467802092627
4165,rho0.50_coupled,25,0.5,1.3258445302956403,1.3431895294811849,,,2.669034059776825
4166,rho0.50_coupled,25,0.5,1.5821811685302691,1.3868487354200394,,,2.9690299039503083
4167,rho0.50_coupled,25,0.5,1.5585538381571367,1.0676322230812478,,,2.6261860612383847
4168,rho0.50_coupled,25,0.5,1.3732097273241581,1.2335554466069876,,,2.6067651739311457
4169,rho0.50_coupled,25,0.5,1.2576296506797402,1.2950914358384829,,,2.552721086518223
4170,rho0.50_coupled,25,0.5,1.6562059019844113,1.7195101209339358,,,3.375716022918347
4171,rho0.50_coupled,25,0.5,1.3128988163323443,1.310724460135621,,,2.6236232764679652
4172,rho0.50_coupled,25,0.5,1.1495272561677234,1.4946319625024576,,,2.6441592186701808
4173,rho0.50_coupled,25,0.5,1.5362359187425754,1.4667017400196225,,,3.002937658762198
4174,rho0.50_coupled,25,0.5,1.6996353655551193,1.476214515020577,,,3.1758498805756963
4175,rho0.50_coupled,25,0.5,1.9581811070250756,1.74455853385293,,,3.7027396408780056
4176,rho0.50_coupled,25,0.5,1.855493755357418,1.2854206976670441,,,3.140914453024462
4177,rho0.50_coupled,25,0.5,2.111115125594887,1.5166508391998592,,,3.627765964794746
4178,rho0.50_coupled,25,0.5,1.649818909575068,1.1238199216077578,,,2.7736388311828257
4179,rho0.50_coupled,25,0.5,1.6995262386716539,1.0736423454379902,,,2.7731685841096443
4180,rho0.50_coupled,25,0.5,1.4861102565524147,1.3199295672658762,,,2.806039823818291
4181,rho0.50_coupled,25,0.5,1.21249023204743,0.9186748283057327,,,2.1311650603531627
4182,rho0.50_coupled,25,0.5,1.8209503855649167,1.5727465545196495,,,3.393696940084566
4183,rho0.50_coupled,25,0.5,1.613356337845176,1.1348163975439032,,,2.7481727353890792
4184,rho0.50_coupled,25,0.5,1.5486434052667406,1.4301253129800042,,,2.978768718246745
4185,rho0.50_coupled,25,0.5,2.0841051778804687,1.6962654113048954,,,3.780370589185364
4186,rho0.50_coupled,25,0.5,1.7746117377354569,1.3551409132024383,,,3.1297526509378955
4187,rho0.50_coupled,25,0.5,1.451509376564374,0.8675046029176112,,,2.3190139794819853
4188,rho0.50_coupled,25,0.5,1.345062274584047,1.4049127056682669,,,2.749974980252314
4189,rho0.50_coupled,25,0.5,1.855118201802847,1.6051531172955178,,,3.4602713190983647
4190,rho0.50_coupled,25,0.5,1.168180576561132,1.3216645794629596,,,2.4898451560240913
4191,rho0.50_coupled,25,0.5,1.465952643535394,1.293277071212314,,,2.759229714747708
4192,rho0.50_coupled,25,0.5,1.3989301499308258,1.0465020595918302,,,2.445432209522656
4193,rho0.50_coupled,25,0.5,2.0224956670461056,1.2600537438164443,,,3.2825494108625497
4194,rho0.50_coupled,25,0.5,2.102391774332622,1.6997753598158056,,,3.8021671341484273
4195,rho0.50_coupled,25,0.5,1.4500202308209496,1.1756241320930565,,,2.625644362914006
4196,rho0.50_coupled,25,0.5,1.8243444786934009,1.902396550317024,,,3.726741029010425
4197,rho0.50_coupled,25,0.5,1.6830236677458763,1.4607835002914356,,,3.143807168037312
4198,rho0.50_coupled,25,0.5,1.6598344042125013,1.6128615451479753,,,3.2726959493604766
4199,rho0.50_coupled,25,0.5,1.1371871525823174,1.175319694949621,,,2.3125068475319384
4200,rho0.50_coupled,25,0.5,1.493168683409885,1.0645737700408355,,,2.5577424534507207
4201,rho0.50_coupled,25,0.5,1.5011789615501039,1.2993337801511378,,,2.8005127417012416
4202,rho0.50_coupled,25,0.5,1.8285604874640367,1.1178604439181985,,,2.946420931382235
4203,rho0.50_coupled,25,0.5,1.5399561043392136,1.505381671405664,,,3.0453377757448776
4204,rho0.50_coupled,25,0.5,1.2711204060103456,1.3581441849785152,,,2.6292645909888606
4205,rho0.50_coupled,25,0.5,1.6219758198206145,1.6363030245787495,,,3.258278844399364
4206,rho0.50_coupled,25,0.5,1.7743522065658033,1.5825435015138791,,,3.3568957080796826
4207,rho0.50_coupled,25,0.5,1.5203574594737554,1.2376061070102045,,,2.75796356648396
4208,rho0.50_coupled,25,0.5,1.195681140345713,1.0738088276692872,,,2.2694899680150002
4209,rho0.50_coupled,25,0.5,1.746639043561002,1.5536419822796903,,,3.3002810258406923
4210,rho0.50_coupled,25,0.5,2.1465320919290196,1.7992148627085918,,,3.9457469546376114
4211,rho0.50_coupled,25,0.5,1.7662236971510639,1.1610406473148545,,,2.927264344465918
4212,rho0.50_coupled,25,0.5,1.2004719048641994,1.0852253220410821,,,2.2856972269052815
4213,rho0.50_coupled,25,0.5,0.9633211454462479,1.7306698467815202,,,2.6939909922277683
4214,rho0.50_coupled,25,0.5,1.5533654494599811,1.215308527557008,,,2.768673977016989
4215,rho0.50_coupled,25,0.5,1.4343582471502847,1.260667786009637,,,2.6950260331599214
4216,rho0.50_coupled,25,0.5,1.648192706622153,1.2288975201392953,,,2.877090226761448
4217,rho0.50_coupled,25,0.5,1.3815649561589918,1.348495515108521,,,2.730060471267513
4218,rho0.50_coupled,25,0.5,1.6808020540947821,1.4918160321688663,,,3.1726180862636486
4219,rho0.50_coupled,25,0.5,0.7764116532159744,0.8378986794664386,,,1.6143103326824129
4220,rho0.50_coupled,25,0.5,1.7703627618594315,1.4321486183840593,,,3.202511380243491
4221,rho0.50_coupled,25,0.5,1.453223398267199,1.3134553235673048,,,2.766678721834504
4222,rho0.50_coupled,25,0.5,1.4459684438904468,1.0711885118701892,,,2.517156955760636
4223,rho0.50_coupled,25,0.5,1.4014263734297487,1.3560343203533725,,,2.757460693783121
4224,rho0.50_coupled,25,0.5,1.3187304612907242,1.1600496718184095,,,2.478780133109134
4225,rho0.50_coupled,25,0.5,1.5901313601348301,1.5034349972003547,,,3.0935663573351846
4226,rho0.50_coupled,25,0.5,1.360260457839039,1.5858676550405142,,,2.946128112879553
4227,rho0.50_coupled,25,0.5,1.6853662305913264,1.6858027768796997,,,3.371169007471026
4228,rho0.50_coupled,25,0.5,1.1397130191027003,1.040296398685867,,,2.1800094177885674
4229,rho0.50_coupled,25,0.5,1.0867002475738192,1.3667362195262989,,,2.453436467100118
4230,rho0.50_coupled,25,0.5,1.5163612915225655,1.2369149246936448,,,2.7532762162162103
4231,rho0.50_coupled,25,0.5,1.8316750919875162,1.7649375058757208,,,3.596612597863237
4232,rho0.50_coupled,25,0.5,1.4055138232279027,1.2290432710513723,,,2.634557094279275
4233,rho0.50_coupled,25,0.5,1.3580199093213898,1.1110974321684548,,,2.4691173414898446
4234,rho0.50_coupled,25,0.5,1.4138188844356643,1.087688565900447,,,2.501507450336111
4235,rho0.50_coupled,25,0.5,1.7141890468261407,1.65914249787368,,,3.3733315446998207
4236,rho0.50_coupled,25,0.5,1.5173046020796166,1.079704185711602,,,2.5970087877912187
4237,rho0.50_coupled,25,0.5,1.5642671669523966,1.2064125451431773,,,2.770679712095574
4238,rho0.50_coupled,25,0.5,1.5197860001789105,1.278793128774973,,,2.7985791289538833
4239,rho0.50_coupled,25,0.5,1.7141614001243322,1.1737541254992732,,,2.8879155256236055
4240,rho0.50_coupled,25,0.5,1.0009316363368244,0.9241736339134268,,,1.9251052702502511
4241,rho0.50_coupled,25,0.5,1.7115859281468853,1.5326394670231727,,,3.2442253951700577
4242,rho0.50_coupled,25,0.5,1.4778254431836297,1.3403454946477675,,,2.8181709378313973
4243,rho0.50_coupled,25,0.5,1.8548151240495598,1.1381325511682563,,,2.992947675217816
4244,rho0.50_coupled,25,0.5,1.6098991955565611,1.4253498383931302,,,3.0352490339496914
4245,rho0.50_coupled,25,0.5,1.457827618299775,1.3757562548454465,,,2.8335838731452214
4246,rho0.50_coupled,25,0.5,1.6400862014315236,1.3624334567224132,,,3.002519658153937
4247,rho0.50_coupled,25,0.5,1.6628856462026356,1.587864744699378,,,3.250750390902014
4248,rho0.50_coupled,25,0.5,1.3898488089606436,1.4195848317210924,,,2.809433640681736
4249,rho0.50_coupled,25,0.5,1.9876269170705783,1.835268390837306,,,3.822895307907884
4250,rho0.50_coupled,25,0.5,1.6866849235465242,1.302322222685956,,,2.9890071462324803
4251,rho0.50_coupled,25,0.5,1.5089786304398949,1.5870790309267075,,,3.0960576613666024
4252,rho0.50_coupled,25,0.5,1.5660303075024868,1.5101683834167052,,,3.076198690919192
4253,rho0.50_coupled,25,0.5,1.0255657328794556,1.0647296885660609,,,2.0902954214455165
4254,rho0.50_coupled,25,0.5,1.264898841088903,0.962382336821779,,,2.2272811779106823
4255,rho0.50_coupled,25,0.5,1.4711739896770128,1.109606524412255,,,2.580780514089268
4256,rho0.50_coupled,25,0.5,1.3681864272284758,1.6045851139600165,,,2.972771541188492
4257,rho0.50_coupled,25,0.5,1.731464032867302,1.2225820445458893,,,2.9540460774131914
4258,rho0.50_coupled,25,0.5,1.9138579115695271,1.4427892909091804,,,3.3566472024787073
4259,rho0.50_coupled,25,0.5,1.6263755161415974,1.4024237889409104,,,3.028799305082508
4260,rho0.50_coupled,25,0.5,1.434310846087795,1.2781696226535268,,,2.7124804687413215
4261,rho0.50_coupled,25,0.5,0.7816095579833874,0.9558124656640123,,,1.7374220236473996
4262,rho0.50_coupled,25,0.5,1.414975764782702,1.1825178699828462,,,2.597493634765548
4263,rho0.50_coupled,25,0.5,2.0391997252769163,1.4020477892137038,,,3.44124751449062
4264,rho0.50_coupled,25,0.5,1.193364143592703,1.3607111976499557,,,2.5540753412426587
4265,rho0.50_coupled,25,0.5,1.70852966777566,1.303013194069831,,,3.0115428618454914
4266,rho0.50_coupled,25,0.5,1.2586830035761918,0.8958512404413124,,,2.154534244017504
4267,rho0.50_coupled,25,0.5,1.6693110049313027,1.1645025484366345,,,2.8338135533679374
4268,rho0.50_coupled,25,0.5,1.824077231422596,1.5700767318752407,,,3.3941539632978364
4269,rho0.50_coupled,25,0.5,1.4352215689130583,1.2884459768345309,,,2.723667545747589
4270,rho0.50_coupled,25,0.5,1.7133538351812672,1.620834310475915,,,3.3341881456571825
4271,rho0.50_coupled,25,0.5,1.6419853278406844,1.3222826116914708,,,2.964267939532155
4272,rho0.50_coupled,25,0.5,1.4087824368936603,0.9467407664132363,,,2.3555232033068965
4273,rho0.50_coupled,25,0.5,1.2025721890405527,1.1618772593639703,,,2.364449448404523
4274,rho0.50_coupled,25,0.5,1.3199876076414767,1.1822110272260204,,,2.502198634867497
4275,rho0.50_coupled,25,0.5,1.7730188435063767,1.2472078013812835,,,3.0202266448876602
4276,rho0.50_coupled,25,0.5,1.1834765564710579,0.9173442084865646,,,2.1008207649576223
4277,rho0.50_coupled,25,0.5,1.8101150635830052,1.6251995902142775,,,3.435314653797283
4278,rho0.50_coupled,25,0.5,1.7710766409393017,1.3324951879430467,,,3.103571828882348
4279,rho0.50_coupled,25,0.5,1.3202991962536859,1.2098717588926895,,,2.5301709551463754
4280,rho0.50_coupled,25,0.5,1.6048175177360986,1.6232746478353643,,,3.228092165571463
4281,rho0.50_coupled,25,0.5,1.4437684807569826,1.3306200025329469,,,2.7743884832899295
4282,rho0.50_coupled,25,0.5,1.532340392342253,1.1265166278107777,,,2.6588570201530306
4283,rho0.50_coupled,25,0.5,1.3137826532639867,1.112662236488933,,,2.4264448897529194
4284,rho0.50_coupled,25,0.5,1.9492411069043971,1.1359489069302553,,,3.0851900138346524
4285,rho0.50_coupled,25,0.5,1.2497970502418376,1.3242434716238827,,,2.5740405218657205
4286,rho0.50_coupled,25,0.5,1.7634213480268672,1.6378465329663399,,,3.401267880993207
4287,rho0.50_coupled,25,0.5,2.0144466359704145,1.7802465988256873,,,3.7946932347961018
4288,rho0.50_coupled,25,0.5,1.4748803431819417,1.2170643749866277,,,2.6919447181685694
4289,rho0.50_coupled,25,0.5,1.3159535925980717,1.1992983948195235,,,2.515251987417595
4290,rho0.50_coupled,25,0.5,1.116405029497844,1.3667983896906575,,,2.4832034191885013
4291,rho0.50_coupled,25,0.5,0.8990529165559098,1.1460157616461073,,,2.045068678202017
4292,rho0.50_coupled,25,0.5,1.4627201471650817,1.0543936925983717,,,2.5171138397634536
4293,rho0.50_coupled,25,0.5,1.6474058027376424,1.4441934755447658,,,3.091599278282408
4294,rho0.50_coupled,25,0.5,1.705238786729834,1.433874867145133,,,3.1391136538749667
4295,rho0.50_coupled,25,0.5,1.4567118268367507,1.334714861308564,,,2.7914266881453145
4296,rho0.50_coupled,25,0.5,1.304786998496611,1.2604247852026438,,,2.5652117836992545
4297,rho0.50_coupled,25,0.5,1.8714891139326832,1.5461502346783849,,,3.4176393486110683
4298,rho0.50_coupled,25,0.5,2.0254106796588665,1.6678922813545773,,,3.693302961013444
4299,rho0.50_coupled,25,0.5,1.4751773258493246,1.6758344813467454,,,3.15101180719607
4300,rho0.50_coupled,25,0.5,1.7748899355956846,1.6589494328743537,,,3.4338393684700383
4301,rho0.50_coupled,25,0.5,1.6161234294378002,1.4873000058143655,,,3.1034234352521657
4302,rho0.50_coupled,25,0.5,1.5481986211102476,1.181038105871761,,,2.7292367269820086
4303,rho0.50_coupled,25,0.5,1.0969004971333511,1.3210862157560512,,,2.4179867128894026
4304,rho0.50_coupled,25,0.5,1.6633343204246787,1.345825317906999,,,3.0091596383316777
4305,rho0.50_coupled,25,0.5,1.4669715594405193,1.1475790852292933,,,2.6145506446698126
4306,rho0.50_coupled,25,0.5,1.2695265880855002,1.0791222213524616,,,2.348648809437962
4307,rho0.50_coupled,25,0.5,1.5313605764122569,1.0318369161541785,,,2.5631974925664354
4308,rho0.50_coupled,25,0.5,1.5168776091312874,1.3543056795144104,,,2.871183288645698
4309,rho0.50_coupled,25,0.5,1.8627805946182145,1.2484483568126017,,,3.1112289514308165
4310,rho0.50_coupled,25,0.5,1.493978340518628,1.6258469044321116,,,3.1198252449507393
4311,rho0.50_coupled,25,0.5,1.3011029958875497,1.2479987630132718,,,2.5491017589008216
4312,rho0.50_coupled,25,0.5,2.080307275824444,1.12078268256941,,,3.201089958393854
4313,rho0.50_coupled,25,0.5,1.7901084389810107,1.6736258484262467,,,3.4637342874072576
4314,rho0.50_coupled,25,0.5,1.7168536004122408,1.3777358651270264,,,3.094589465539267
4315,rho0.50_coupled,25,0.5,2.060453200435946,1.2865534545700585,,,3.3470066550060045
4316,rho0.50_coupled,25,0.5,1.6139262245700694,1.5291924507403696,,,3.143118675310439
4317,rho0.50_coupled,25,0.5,1.5370548936830686,1.2877061082797707,,,2.8247610019628393
4318,rho0.50_coupled,25,0.5,2.2468188888808,1.4753742131817158,,,3.7221931020625156
4319,rho0.50_coupled,25,0.5,1.920952624048867,1.7986586705269403,,,3.7196112945758073
4320,rho0.50_coupled,25,0.5,1.753298914935487,1.701481004211204,,,3.454779919146691
4321,rho0.50_coupled,25,0.5,1.3251507754960572,1.3448207987137089,,,2.6699715742097663
4322,rho0.50_coupled,25,0.5,1.3709841124074913,1.3698813716082257,,,2.7408654840157167
4323,rho0.50_coupled,25,0.5,2.0296043387331086,1.7721567710610862,,,3.801761109794195
4324,rho0.50_coupled,25,0.5,1.1931498609455893,1.466342791420796,,,2.659492652366385
4325,rho0.50_coupled,25,0.5,1.4564504034500574,1.1748254771683786,,,2.631275880618436
4326,rho0.50_coupled,25,0.5,1.95652393325954,1.702256717299071,,,3.658780650558611
4327,rho0.50_coupled,25,0.5,1.982975134732635,1.504456191631727,,,3.487431326364362
4328,rho0.50_coupled,25,0.5,2.050314765314899,1.3519281098800067,,,3.402242875194906
4329,rho0.50_coupled,25,0.5,0.8072358115206864,1.0211544094586058,,,1.8283902209792922
4330,rho0.50_coupled,25,0.5,1.8725241245113151,0.968886409781809,,,2.841410534293124
4331,rho0.50_coupled,25,0.5,1.483813626580676,1.2077076010778114,,,2.6915212276584874
4332,rho0.50_coupled,25,0.5,1.828013337637065,1.9064373995029498,,,3.7344507371400146
4333,rho0.50_coupled,25,0.5,1.7673355385447447,1.1051019287538804,,,2.8724374672986253
4334,rho0.50_coupled,25,0.5,1.4239876304644268,1.696553959892276,,,3.120541590356703
4335,rho0.50_coupled,25,0.5,1.7969033148068405,1.7086794074579348,,,3.5055827222647755
4336,rho0.50_coupled,25,0.5,1.4578969835017568,1.4777130647947647,,,2.9356100482965215
4337,rho0.50_coupled,25,0.5,1.9848881198902024,1.2077471782436482,,,3.1926352981338506
4338,rho0.50_coupled,25,0.5,1.2060068958805974,0.7617395065814522,,,1.9677464024620495
4339,rho0.50_coupled,25,0.5,1.7023189040490172,1.6192278214318616,,,3.3215467254808786
4340,rho0.50_coupled,25,0.5,1.5109644026827285,1.2920032565792974,,,2.802967659262026
4341,rho0.50_coupled,25,0.5,1.1682951992716544,1.0239606975874818,,,2.192255896859136
4342,rho0.50_coupled,25,0.5,1.4039905301556328,1.2160161080309,,,2.620006638186533
4343,rho0.50_coupled,25,0.5,1.852621476871183,1.4881697389468354,,,3.3407912158180184
4344,rho0.50_coupled,25,0.5,1.6318187486516342,1.2929331013108398,,,2.9247518499624743
4345,rho0.50_coupled,25,0.5,1.2712972375618157,1.1935398465237552,,,2.4648370840855707
4346,rho0.50_coupled,25,0.5,1.039443567736019,1.5877880698422446,,,2.6272316375782636
4347,rho0.50_coupled,25,0.5,1.4694955151664568,1.2532311129641382,,,2.7227266281305953
4348,rho0.50_coupled,25,0.5,1.2454291925947545,1.5269113250170643,,,2.772340517611819
4349,rho0.50_coupled,25,0.5,1.9867191255430632,1.4874774551525178,,,3.474196580695581
4350,rho0.50_coupled,25,0.5,1.79843120109473,1.411965647172317,,,3.210396848267047
4351,rho0.50_coupled,25,0.5,1.8413595447825077,1.5041707622250866,,,3.3455303070075946
4352,rho0.50_coupled,25,0.5,1.6803450789499783,1.3097137085079382,,,2.9900587874579165
4353,rho0.50_coupled,25,0.5,2.026634173864732,0.909675000824557,,,2.936309174689289
4354,rho0.50_coupled,25,0.5,1.3767911724914603,1.346297444449557,,,2.723088616941017
4355,rho0.50_coupled,25,0.5,1.3021569936666753,1.1174172744840951,,,2.4195742681507704
4356,rho0.50_coupled,25,0.5,1.7830836024459005,1.670644054001627,,,3.453727656447527
4357,rho0.50_coupled,25,0.5,1.7316437221704886,1.0983742081368515,,,2.8300179303073403
4358,rho0.50_coupled,25,0.5,1.5762462683741063,1.0335780373623087,,,2.609824305736415
4359,rho0.50_coupled,25,0.5,1.0255915743509214,1.174469484014191,,,2.2000610583651126
4360,rho0.50_coupled,25,0.5,1.512170329531534,1.4621806840731664,,,2.9743510136047004
4361,rho0.50_coupled,25,0.5,1.7730083469915885,1.5701691566503297,,,3.3431775036419182
4362,rho0.50_coupled,25,0.5,1.7277410478253372,1.376964130145058,,,3.104705177970395
4363,rho0.50_coupled,25,0.5,1.7999327454529621,1.9119060062536049,,,3.711838751706567
4364,rho0.50_coupled,25,0.5,0.9953091542687086,1.3231248558571485,,,2.318434010125857
4365,rho0.50_coupled,25,0.5,1.7055619406224287,1.6272057192913953,,,3.332767659913824
4366,rho0.50_coupled,25,0.5,1.4093282533035754,0.7553065557627308,,,2.164634809066306
4367,rho0.50_coupled,25,0.5,1.7653371161900278,1.3548692115047987,,,3.1202063276948264
4368,rho0.50_coupled,25,0.5,1.4764578307470664,1.1179884543354937,,,2.59444628508256
4369,rho0.50_coupled,25,0.5,1.4530712588395258,1.3048353068748182,,,2.757906565714344
4370,rho0.50_coupled,25,0.5,1.4592801811989653,1.5878376121113933,,,3.047117793310359
4371,rho0.50_coupled,25,0.5,1.3077881050431872,1.0679598532812733,,,2.3757479583244603
4372,rho0.50_coupled,25,0.5,1.779376738548071,1.4059430781979516,,,3.1853198167460226
4373,rho0.50_coupled,25,0.5,1.587776460824846,1.8027318427149845,,,3.3905083035398302
4374,rho0.50_coupled,25,0.5,1.4500051980714823,1.5448597762699205,,,2.994864974341403
4375,rho0.50_coupled,25,0.5,1.39609489474319,1.2414595018261394,,,2.637554396569329
4376,rho0.50_coupled,25,0.5,2.18922588237794,1.528891299947218,,,3.718117182325158
4377,rho0.50_coupled,25,0.5,1.0989390688493028,1.2309119047428516,,,2.3298509735921544
4378,rho0.50_coupled,25,0.5,1.5819300108838967,1.278414380866755,,,2.860344391750652
4379,rho0.50_coupled,25,0.5,1.3701615284583653,1.3840830592000601,,,2.7542445876584254
4380,rho0.50_coupled,25,0.5,1.810248519007098,1.5446232435067972,,,3.3548717625138953
4381,rho0.50_coupled,25,0.5,0.863980623897631,1.206297920374081,,,2.0702785442717118
4382,rho0.50_coupled,25,0.5,1.4148594067484785,1.1151443441747686,,,2.530003750923247
4383,rho0.50_coupled,25,0.5,1.899532004872692,1.2895383636744717,,,3.1890703685471635
4384,rho0.50_coupled,25,0.5,1.4988617525528682,1.537914911305689,,,3.036776663858557
4385,rho0.50_coupled,25,0.5,1.78127249923473,1.601116649230554,,,3.382389148465284
4386,rho0.50_coupled,25,0.5,1.8364417957965284,1.376756478597289,,,3.213198274393817
4387,rho0.50_coupled,25,0.5,2.033582357850034,1.4931854658229107,,,3.5267678236729445
4388,rho0.50_coupled,25,0.5,1.594444696526726,1.2999813705443624,,,2.8944260670710884
4389,rho0.50_coupled,25,0.5,1.3524026660042525,1.3483927494793548,,,2.7007954154836074
4390,rho0.50_coupled,25,0.5,1.4035507363431832,1.0731947562982478,,,2.476745492641431
4391,rho0.50_coupled,25,0.5,1.5653850140701477,1.3776901425802366,,,2.9430751566503845
4392,rho0.50_coupled,25,0.5,1.5335717137542317,1.3099629715627996,,,2.8435346853170316
4393,rho0.50_coupled,25,0.5,2.0410845781941602,1.6966242357716717,,,3.737708813965832
4394,rho0.50_coupled,25,0.5,1.3643653793039552,0.9748889755906891,,,2.3392543548946443
4395,rho0.50_coupled,25,0.5,1.2782754448961604,1.2221797997007697,,,2.50045524459693
4396,rho0.50_coupled,25,0.5,1.5160817450062034,1.1395953104993812,,,2.655677055505585
4397,rho0.50_coupled,25,0.5,1.4989523791576869,1.5471480465853953,,,3.046100425743082
4398,rho0.50_coupled,25,0.5,1.597519544469537,1.3827828279071352,,,2.980302372376672
4399,rho0.50_coupled,25,0.5,1.2761149635938152,0.9114134030461802,,,2.187528366639995
4400,rho0.50_coupled,25,0.5,1.1717383423749375,1.245188015819939,,,2.4169263581948766
4401,rho0.50_coupled,25,0.5,1.5903495761324742,0.9799243055027204,,,2.5702738816351944
4402,rho0.50_coupled,25,0.5,1.8755476130995392,1.3719827482602607,,,3.2475303613598
4403,rho0.50_coupled,25,0.5,1.602408899588111,1.4127441908456602,,,3.0151530904337713
4404,rho0.50_coupled,25,0.5,1.6109769434748937,1.5401943739013304,,,3.151171317376224
4405,rho0.50_coupled,25,0.5,1.4478866908972117,1.494989655450107,,,2.942876346347319
4406,rho0.50_coupled,25,0.5,1.4632900996636484,1.1317996780196902,,,2.595089777683339
4407,rho0.50_coupled,25,0.5,2.0318267504435203,1.3355273200257116,,,3.367354070469232
4408,rho0.50_coupled,25,0.5,1.1019413560067253,1.3414088862160212,,,2.4433502422227464
4409,rho0.50_coupled,25,0.5,1.7004908591188888,1.4584315888049877,,,3.158922447923876
4410,rho0.50_coupled,25,0.5,1.8119184519417626,1.5985510435532324,,,3.4104694954949952
4411,rho0.50_coupled,25,0.5,1.2852295779708691,0.9941142773869476,,,2.2793438553578165
4412,rho0.50_coupled,25,0.5,1.5978623656699709,1.1526132489499314,,,2.7504756146199023
4413,rho0.50_coupled,25,0.5,1.5962156756647348,1.7302874273944284,,,3.326503103059163
4414,rho0.50_coupled,25,0.5,1.6801556514066454,1.4367270054774852,,,3.1168826568841306
4415,rho0.50_coupled,25,0.5,1.9274914688237643,1.5564126987812954,,,3.4839041676050595
4416,rho0.50_coupled,25,0.5,1.52500552065987,1.0394454125798958,,,2.564450933239766
4417,rho0.50_coupled,25,0.5,1.4344669840848263,1.3686817417885768,,,2.8031487258734034
4418,rho0.50_coupled,25,0.5,1.3525092740615245,1.8113278122885654,,,3.1638370863500898
4419,rho0.50_coupled,25,0.5,1.3100871946473984,1.2576387329098366,,,2.567725927557235
4420,rho0.50_coupled,25,0.5,1.6964495331597362,1.2887515631905009,,,2.985201096350237
4421,rho0.50_coupled,25,0.5,1.543613788154561,1.3503541707615516,,,2.8939679589161127
4422,rho0.50_coupled,25,0.5,1.7871478901583906,1.5260581644344167,,,3.3132060545928073
4423,rho0.50_coupled,25,0.5,1.5372235871045914,1.1541083361562494,,,2.691331923260841
4424,rho0.50_coupled,25,0.5,1.9151816295286803,1.5633668531665368,,,3.478548482695217
4425,rho0.50_coupled,25,0.5,1.5812364187602888,1.6235938585744372,,,3.204830277334726
4426,rho0.50_coupled,25,0.5,1.9075137745284159,1.4223138447517993,,,3.3298276192802154
4427,rho0.50_coupled,25,0.5,1.7436326699894358,1.6050068373926376,,,3.3486395073820736
4428,rho0.50_coupled,25,0.5,1.514186097161072,1.805990467053573,,,3.320176564214645
4429,rho0.50_coupled,25,0.5,1.7131257365520833,1.4317975455496519,,,3.144923282101735
4430,rho0.50_coupled,25,0.5,1.3849036390952514,1.2042777784661807,,,2.589181417561432
4431,rho0.50_coupled,25,0.5,1.313463072814587,1.1828575061755946,,,2.496320578990182
4432,rho0.50_coupled,25,0.5,1.610827871599373,1.2357015636827693,,,2.846529435282142
4433,rho0.50_coupled,25,0.5,1.6040165970622478,1.586322918786264,,,3.1903395158485117
4434,rho0.50_coupled,25,0.5,1.9752106528748166,1.4000204357689936,,,3.37523108864381
4435,rho0.50_coupled,25,0.5,1.1776006445717753,1.3482425870768169,,,2.525843231648592
4436,rho0.50_coupled,25,0.5,1.1969061489237418,1.025028683337303,,,2.221934832261045
4437,rho0.50_coupled,25,0.5,1.454659585946852,1.37921661678701,,,2.8338762027338618
4438,rho0.50_coupled,25,0.5,1.7769652359232913,1.291587892246618,,,3.068553128169909
4439,rho0.50_coupled,25,0.5,1.0068303695666398,1.0713355472249009,,,2.0781659167915407
4440,rho0.50_coupled,25,0.5,1.4698202458937528,1.7962394682840828,,,3.2660597141778354
4441,rho0.50_coupled,25,0.5,1.6506190873966395,1.5181382099287086,,,3.168757297325348
4442,rho0.50_coupled,25,0.5,1.0851991710398181,1.116559429671368,,,2.201758600711186
4443,rho0.50_coupled,25,0.5,1.438751833508605,1.463548304595142,,,2.902300138103747
4444,rho0.50_coupled,25,0.5,1.5245081705374226,1.2400323764061345,,,2.7645405469435573
4445,rho0.50_coupled,25,0.5,1.934057586402294,1.6125679234460097,,,3.5466255098483037
4446,rho0.50_coupled,25,0.5,1.2314502862526937,1.330215055329031,,,2.5616653415817248
4447,rho0.50_coupled,25,0.5,1.3471259214866294,1.2172156320942586,,,2.564341553580888
4448,rho0.50_coupled,25,0.5,1.7598081869175617,1.5443572420010578,,,3.3041654289186195
4449,rho0.50_coupled,25,0.5,1.2876947032850175,0.9909350765505027,,,2.27862977983552
4450,rho0.50_coupled,25,0.5,1.5787427224475006,1.366676928813663,,,2.9454196512611635
4451,rho0.50_coupled,25,0.5,1.4617484576614215,1.2102183469007264,,,2.671966804562148
4452,rho0.50_coupled,25,0.5,1.5749950226848008,1.265970583284734,,,2.8409656059695347
4453,rho0.50_coupled,25,0.5,1.277608024922644,1.074279899973486,,,2.35188792489613
4454,rho0.50_coupled,25,0.5,1.7200502323322588,1.1819140160357655,,,2.9019642483680244
4455,rho0.50_coupled,25,0.5,1.9903796807147034,1.4132880375173427,,,3.403667718232046
4456,rho0.50_coupled,25,0.5,1.8283558830190778,1.1388410272060896,,,2.9671969102251676
4457,rho0.50_coupled,25,0.5,1.4671969251580537,1.4710389555485344,,,2.9382358807065883
4458,rho0.50_coupled,25,0.5,1.5369151891429331,1.0706314200649851,,,2.607546609207918
4459,rho0.50_coupled,25,0.5,1.5045167879915928,1.469723592922638,,,2.974240380914231
4460,rho0.50_coupled,25,0.5,1.3771706333059375,1.0360304763032284,,,2.413201109609166
4461,rho0.50_coupled,25,0.5,1.449288478771171,1.4527872093742817,,,2.9020756881454526
4462,rho0.50_coupled,25,0.5,1.8211982767112553,1.2876101314398052,,,3.1088084081510603
4463,rho0.50_coupled,25,0.5,1.3484522499465958,1.5658553967218245,,,2.91430764666842
4464,rho0.50_coupled,25,0.5,1.7422872253130648,1.5557060604967288,,,3.2979932858097936
4465,rho0.50_coupled,25,0.5,1.7693731004017497,1.0775682912957412,,,2.8469413916974906
4466,rho0.50_coupled,25,0.5,1.6649129800347795,1.4376351277730761,,,3.1025481078078556
4467,rho0.50_coupled,25,0.5,1.7601341626859652,1.7702513135799267,,,3.530385476265892
4468,rho0.50_coupled,25,0.5,1.2732910969383107,1.447639587286519,,,2.7209306842248298
4469,rho0.50_coupled,25,0.5,1.780859392092876,1.6866240604720075,,,3.4674834525648834
4470,rho0.50_coupled,25,0.5,1.8091034088573101,1.4046698849491954,,,3.2137732938065056
4471,rho0.50_coupled,25,0.5,1.4036577543904813,1.1089440140129134,,,2.5126017684033948
4472,rho0.50_coupled,25,0.5,1.6206094680371257,1.3667810157762883,,,2.9873904838134138
4473,rho0.50_coupled,25,0.5,1.3767306684020189,1.2137968892770612,,,2.59052755767908
4474,rho0.50_coupled,25,0.5,1.5850665068891727,1.30795178960182,,,2.8930182964909927
4475,rho0.50_coupled,25,0.5,1.681253700690943,0.9655051460084164,,,2.6467588466993592
4476,rho0.50_coupled,25,0.5,1.5809914660689477,1.8107900963944292,,,3.391781562463377
4477,rho0.50_coupled,25,0.5,1.496300337768291,1.4133031761180048,,,2.909603513886296
4478,rho0.50_coupled,25,0.5,1.4588368417115465,1.5667800336417295,,,3.025616875353276
4479,rho0.50_coupled,25,0.5,1.8024504848526237,1.7302002402475247,,,3.532650725100148
4480,rho0.50_coupled,25,0.5,1.38889621574863,1.1790956858393828,,,2.567991901588013
4481,rho0.50_coupled,25,0.5,1.7346653731503612,1.4188739314077525,,,3.1535393045581137
4482,rho0.50_coupled,25,0.5,0.9927155604348182,0.7981566341797569,,,1.7908721946145751
4483,rho0.50_coupled,25,0.5,1.732233728708075,1.5271302492509795,,,3.2593639779590546
4484,rho0.50_coupled,25,0.5,1.6088065844945816,1.8600830994791457,,,3.4688896839737273
4485,rho0.50_coupled,25,0.5,1.4821611009973326,1.542014949786035,,,3.0241760507833675
4486,rho0.50_coupled,25,0.5,1.0171692263633787,1.3421889021241578,,,2.3593581284875365
4487,rho0.50_coupled,25,0.5,1.4129920151711945,1.1805148465673099,,,2.593506861738504
4488,rho0.50_coupled,25,0.5,1.792847842888652,1.2614087942832983,,,3.0542566371719504
4489,rho0.50_coupled,25,0.5,1.7653511346434423,1.2469268714964186,,,3.012278006139861
4490,rho0.50_coupled,25,0.5,1.3955159766986034,0.8140020310272724,,,2.209518007725876
4491,rho0.50_coupled,25,0.5,1.3755203860325453,1.3173110814263416,,,2.6928314674588867
4492,rho0.50_coupled,25,0.5,1.7671655003422608,1.9558706914367838,,,3.7230361917790447
4493,rho0.50_coupled,25,0.5,2.0616480309267247,1.587184173606302,,,3.6488322045330266
4494,rho0.50_coupled,25,0.5,1.531566322647268,1.423902091640036,,,2.955468414287304
4495,rho0.50_coupled,25,0.5,1.9963400285981263,1.275057753197428,,,3.2713977817955544
4496,rho0.50_coupled,25,0.5,1.4309229004596733,1.3289647330342422,,,2.7598876334939155
4497,rho0.50_coupled,25,0.5,1.7067226964692275,1.4471865110290338,,,3.1539092074982613
4498,rho0.50_coupled,25,0.5,1.4337473028383365,1.4438587206263982,,,2.8776060234647347
4499,rho0.50_coupled,25,0.5,1.0980206180493834,1.0570810197333662,,,2.1551016377827494
4500,rho0.50_coupled,25,0.5,1.8094692138268296,1.2038073153207887,,,3.0132765291476185
4501,rho0.50_coupled,25,0.5,2.1203268006876277,1.4754591596906144,,,3.595785960378242
4502,rho0.50_coupled,25,0.5,1.3869706484615247,0.9474316845360211,,,2.334402332997546
4503,rho0.50_coupled,25,0.5,1.9890005415926628,1.3905464547160653,,,3.3795469963087283
4504,rho0.50_coupled,25,0.5,1.2295549277958955,1.3715330237876309,,,2.6010879515835263
4505,rho0.50_coupled,25,0.5,1.7521977312641541,1.1807264962156632,,,2.932924227479817
4506,rho0.50_coupled,25,0.5,1.7063839168172834,1.2442766632281708,,,2.9506605800454544
4507,rho0.50_coupled,25,0.5,1.5177003945003995,1.044101891577473,,,2.5618022860778726
4508,rho0.50_coupled,25,0.5,1.4305213841021758,1.4632228815402506,,,2.893744265642426
4509,rho0.50_coupled,25,0.5,1.7506561394371232,1.7575657011211716,,,3.508221840558295
4510,rho0.50_coupled,25,0.5,1.510972998926193,1.3046644084498344,,,2.8156374073760277
4511,rho0.50_coupled,25,0.5,1.8620250901348774,1.642953777870411,,,3.5049788680052885
4512,rho0.50_coupled,25,0.5,1.75910876057207,1.7778329951324738,,,3.536941755704544
4513,rho0.50_coupled,25,0.5,1.4318701804032332,2.069153127180275,,,3.5010233075835084
4514,rho0.50_coupled,25,0.5,1.6667881177368233,1.2226445836244875,,,2.8894327013613106
4515,rho0.50_coupled,25,0.5,1.636177779994353,1.1371743244839019,,,2.773352104478255
4516,rho0.50_coupled,25,0.5,1.725950412235723,1.4043606348678148,,,3.130311047103538
4517,rho0.50_coupled,25,0.5,1.091508032053419,1.3422694297316562,,,2.433777461785075
4518,rho0.50_coupled,25,0.5,1.5111055188989058,1.8555806016941658,,,3.3666861205930716
4519,rho0.50_coupled,25,0.5,1.6631594950310555,1.0251295604466077,,,2.6882890554776635
4520,rho0.50_coupled,25,0.5,1.6376978862802836,1.3965007482937086,,,3.0341986345739924
4521,rho0.50_coupled,25,0.5,1.7409281208714638,1.4388092398061525,,,3.179737360677616
4522,rho0.50_coupled,25,0.5,1.3271080517535399,0.7823374607917845,,,2.1094455125453244
4523,rho0.50_coupled,25,0.5,1.8316868091149343,1.15879822890083,,,2.9904850380157644
4524,rho0.50_coupled,25,0.5,1.8794611078691852,1.314390417543551,,,3.193851525412736
4525,rho0.50_coupled,25,0.5,1.948738578115228,2.1445914729679636,,,4.093330051083192
4526,rho0.50_coupled,25,0.5,1.784986701072155,1.4002589795900109,,,3.185245680662166
4527,rho0.50_coupled,25,0.5,1.8633568260080917,1.1671096492208723,,,3.0304664752289643
4528,rho0.50_coupled,25,0.5,1.6276793091332913,1.544420120853161,,,3.172099429986452
4529,rho0.50_coupled,25,0.5,1.4215190944644682,1.505414703994032,,,2.9269337984585
4530,rho0.50_coupled,25,0.5,1.3547619805400046,1.4869400209299815,,,2.841702001469986
4531,rho0.50_coupled,25,0.5,1.6751283855312717,1.4286583866004368,,,3.1037867721317083
4532,rho0.50_coupled,25,0.5,1.6079960141002543,1.6756932065565473,,,3.2836892206568016
4533,rho0.50_coupled,25,0.5,1.584142366237052,1.4484717003422058,,,3.032614066579258
4534,rho0.50_coupled,25,0.5,1.9884840863938342,1.6370009987026821,,,3.6254850850965163
4535,rho0.50_coupled,25,0.5,1.3630381607573068,0.9409939541511055,,,2.3040321149084124
4536,rho0.50_coupled,25,0.5,1.6419119372133997,1.5837379633808835,,,3.2256499005942834
4537,rho0.50_coupled,25,0.5,1.8141508522993628,1.4550271788189577,,,3.2691780311183205
4538,rho0.50_coupled,25,0.5,1.6218070624416518,1.5450121989728667,,,3.1668192614145187
4539,rho0.50_coupled,25,0.5,1.6013015699070403,1.2104648932445161,,,2.8117664631515566
4540,rho0.50_coupled,25,0.5,1.1934987201625977,1.2875437859619607,,,2.4810425061245587
4541,rho0.50_coupled,25,0.5,1.8186894438693901,1.3076606143680236,,,3.1263500582374135
4542,rho0.50_coupled,25,0.5,1.2891322385247799,1.0872494689502195,,,2.3763817074749993
4543,rho0.50_coupled,25,0.5,1.5842471967116756,1.3243199253208313,,,2.908567122032507
4544,rho0.50_coupled,25,0.5,1.762854769190805,1.2205107049301636,,,2.9833654741209683
4545,rho0.50_coupled,25,0.5,1.2142784149749282,1.20551443930012,,,2.419792854275048
4546,rho0.50_coupled,25,0.5,1.267842370032142,1.3996806243906743,,,2.667522994422816
4547,rho0.50_coupled,25,0.5,1.153067173005834,1.3969772526430364,,,2.5500444256488706
4548,rho0.50_coupled,25,0.5,1.838069190710263,1.5115643140877242,,,3.3496335047979873
4549,rho0.50_coupled,25,0.5,1.855273369994011,1.811535057630195,,,3.666808427624206
4550,rho0.50_coupled,25,0.5,1.9987802062092133,1.6914834345850034,,,3.6902636407942166
4551,rho0.50_coupled,25,0.5,1.4967711682893277,1.5903969113278982,,,3.087168079617226
4552,rho0.50_coupled,25,0.5,1.5627532379397515,1.2926647700670089,,,2.8554180080067604
4553,rho0.50_coupled,25,0.5,1.1250921846485469,1.1497812852432048,,,2.2748734698917517
4554,rho0.50_coupled,25,0.5,2.0884787470789306,1.9207677324294439,,,4.009246479508374
4555,rho0.50_coupled,25,0.5,1.321042064838367,1.7293722668463654,,,3.050414331684732
4556,rho0.50_coupled,25,0.5,1.2446116995346679,0.9233494809428306,,,2.1679611804774988
4557,rho0.50_coupled,25,0.5,1.5293847414298098,1.1349514252861699,,,2.6643361667159797
4558,rho0.50_coupled,25,0.5,1.9503475000943236,1.8490809620782476,,,3.799428462172571
4559,rho0.50_coupled,25,0.5,1.2792965920194221,1.0336769098104897,,,2.312973501829912
4560,rho0.50_coupled,25,0.5,1.7479159964641824,1.4942103448987256,,,3.242126341362908
4561,rho0.50_coupled,25,0.5,1.8823341572790933,1.5749948707163228,,,3.4573290279954163
4562,rho0.50_coupled,25,0.5,1.5488173818356292,1.6283788659010838,,,3.1771962477367133
4563,rho0.50_coupled,25,0.5,0.8901525762769914,1.1493112587024934,,,2.0394638349794847
4564,rho0.50_coupled,25,0.5,1.9067081381465396,1.8408854485561856,,,3.7475935867027252
4565,rho0.50_coupled,25,0.5,1.7018143135265142,1.406021111710712,,,3.1078354252372264
4566,rho0.50_coupled,25,0.5,1.904380789361756,1.1221796173042984,,,3.0265604066660545
4567,rho0.50_coupled,25,0.5,1.2676305900862728,1.38554710431918,,,2.6531776944054526
4568,rho0.50_coupled,25,0.5,1.7417816279052218,1.6343125045526925,,,3.376094132457914
4569,rho0.50_coupled,25,0.5,1.4179867274087232,1.517266075473758,,,2.935252802882481
4570,rho0.50_coupled,25,0.5,1.7565866208283616,1.5527680733990281,,,3.3093546942273897
4571,rho0.50_coupled,25,0.5,1.832664178978849,1.511328620957278,,,3.343992799936127
4572,rho0.50_coupled,25,0.5,1.505198304578394,1.3768630037035348,,,2.882061308281929
4573,rho0.50_coupled,25,0.5,1.9011350448470044,1.4576740873317098,,,3.358809132178714
4574,rho0.50_coupled,25,0.5,1.4969367785347996,1.3004715990584843,,,2.7974083775932836
4575,rho0.50_coupled,25,0.5,1.775567584045162,1.568397294985812,,,3.343964879030974
4576,rho0.50_coupled,25,0.5,1.3340746469559048,1.4810867408685646,,,2.8151613878244692
4577,rho0.50_coupled,25,0.5,1.5188296315615926,1.2003846185707787,,,2.7192142501323713
4578,rho0.50_coupled,25,0.5,1.510038173048801,1.6323393775243664,,,3.1423775505731673
4579,rho0.50_coupled,25,0.5,1.4094806048231756,1.2969697387415893,,,2.706450343564765
4580,rho0.50_coupled,25,0.5,1.7208212208760232,1.7425021869370738,,,3.463323407813097
4581,rho0.50_coupled,25,0.5,1.718651399144482,1.6098498929565268,,,3.328501292101009
4582,rho0.50_coupled,25,0.5,1.10075691347259,1.4876136071580626,,,2.5883705206306526
4583,rho0.50_coupled,25,0.5,1.799733458192599,1.7647325936283489,,,3.564466051820948
4584,rho0.50_coupled,25,0.5,1.4450472253074276,1.2839494604370942,,,2.728996685744522
4585,rho0.50_coupled,25,0.5,1.9679231477233077,1.436873817105225,,,3.404796964828533
4586,rho0.50_coupled,25,0.5,1.4613364962901423,1.723310871140884,,,3.184647367431026
4587,rho0.50_coupled,25,0.5,1.4513668487411375,1.2078666978044525,,,2.65923354654559
4588,rho0.50_coupled,25,0.5,1.3202711244416196,0.9993974451088137,,,2.3196685695504335
4589,rho0.50_coupled,25,0.5,1.5001649474926242,1.3336106036007147,,,2.833775551093339
4590,rho0.50_coupled,25,0.5,1.5838666739975764,1.3203408794189844,,,2.904207553416561
4591,rho0.50_coupled,25,0.5,1.6600660429146696,1.5941279436266023,,,3.2541939865412717
4592,rho0.50_coupled,25,0.5,1.5322113772686825,1.530416131219323,,,3.0626275084880055
4593,rho0.50_coupled,25,0.5,1.761035473821453,1.1970649630269985,,,2.9581004368484516
4594,rho0.50_coupled,25,0.5,1.954918131546698,1.4513765867430535,,,3.406294718289751
4595,rho0.50_coupled,25,0.5,1.9871272249636742,1.3759655144140355,,,3.3630927393777097
4596,rho0.50_coupled,25,0.5,1.6358792368669524,1.6994155322391262,,,3.3352947691060786
4597,rho0.50_coupled,25,0.5,1.7003993802646296,1.5459783171348853,,,3.246377697399515
4598,rho0.50_coupled,25,0.5,1.6133212558063084,1.4998992733128425,,,3.113220529119151
4599,rho0.50_coupled,25,0.5,1.7015307030181048,1.3922862960611322,,,3.093816999079237
4600,rho0.50_coupled,25,0.5,1.0226186913057544,1.3352011400150128,,,2.357819831320767
4601,rho0.50_coupled,25,0.5,1.6030801868113265,1.1097002319825489,,,2.7127804187938755
4602,rho0.50_coupled,25,0.5,1.5846236507996319,1.313008933883678,,,2.8976325846833095
4603,rho0.50_coupled,25,0.5,1.3613212897796654,1.5671995865256911,,,2.9285208763053565
4604,rho0.50_coupled,25,0.5,1.8644130067948455,1.283962960028952,,,3.1483759668237976
4605,rho0.50_coupled,25,0.5,1.9690308416926885,1.7985146716491105,,,3.767545513341799
4606,rho0.50_coupled,25,0.5,1.0512852637619796,0.9085895421259764,,,1.959874805887956
4607,rho0.50_coupled,25,0.5,1.112720141593944,1.0619441361065873,,,2.1746642777005314
4608,rho0.50_coupled,25,0.5,1.633699465025748,1.1628510538070562,,,2.796550518832804
4609,rho0.50_coupled,25,0.5,1.5965334064995294,1.2614680758317738,,,2.858001482331303
4610,rho0.50_coupled,25,0.5,1.2309457206116337,1.5141549881404042,,,2.745100708752038
4611,rho0.50_coupled,25,0.5,1.8430947527855,1.6196355653491388,,,3.4627303181346387
4612,rho0.50_coupled,25,0.5,1.7817974970626866,1.3656352950555413,,,3.147432792118228
4613,rho0.50_coupled,25,0.5,2.1299045820729714,1.4823782779933437,,,3.612282860066315
4614,rho0.50_coupled,25,0.5,1.1364959391416078,0.9491576564525931,,,2.085653595594201
4615,rho0.50_coupled,25,0.5,1.4312491278014148,1.143034585711467,,,2.574283713512882
4616,rho0.50_coupled,25,0.5,1.0682713292513986,0.8283374662997453,,,1.8966087955511437
4617,rho0.50_coupled,25,0.5,1.4554544015657491,1.2196095473964657,,,2.6750639489622148
4618,rho0.50_coupled,25,0.5,1.0503166383955782,1.2203396021806359,,,2.270656240576214
4619,rho0.50_coupled,25,0.5,1.5358420121556082,1.402024512098481,,,2.937866524254089
4620,rho0.50_coupled,25,0.5,1.7126426874733138,1.378100473155565,,,3.090743160628879
4621,rho0.50_coupled,25,0.5,1.4526771772602076,1.4524617241358628,,,2.9051389013960707
4622,rho0.50_coupled,25,0.5,1.667360043056084,1.440978214955619,,,3.108338258011703
4623,rho0.50_coupled,25,0.5,1.545813497075956,1.5071417321034644,,,3.05295522917942
4624,rho0.50_coupled,25,0.5,1.4187911344159885,1.2177017254237814,,,2.6364928598397697
4625,rho0.50_coupled,25,0.5,1.934627784070149,1.5235467166209826,,,3.4581745006911317
4626,rho0.50_coupled,25,0.5,2.121625991000367,1.3542997251564677,,,3.4759257161568344
4627,rho0.50_coupled,25,0.5,1.7192811188207642,1.3655900791032716,,,3.084871197924036
4628,rho0.50_coupled,25,0.5,1.0642961442767338,1.638316767156387,,,2.7026129114331208
4629,rho0.50_coupled,25,0.5,1.95993090055155,1.5614309460286302,,,3.52136184658018
4630,rho0.50_coupled,25,0.5,1.3193216221820103,0.8465121857980734,,,2.165833807980084
4631,rho0.50_coupled,25,0.5,1.514016691885305,1.2070277957196955,,,2.721044487605001
4632,rho0.50_coupled,25,0.5,1.9499448213959099,1.060683283726313,,,3.0106281051222226
4633,rho0.50_coupled,25,0.5,1.449924909167098,1.2487361327656474,,,2.6986610419327457
4634,rho0.50_coupled,25,0.5,1.9538769209163642,1.1891432127282267,,,3.143020133644591
4635,rho0.50_coupled,25,0.5,1.6626062807587858,1.3216340131239186,,,2.9842402938827046
4636,rho0.50_coupled,25,0.5,1.8590270777979825,1.5556924436576458,,,3.4147195214556283
4637,rho0.50_coupled,25,0.5,1.317423635955752,1.0202216447537886,,,2.3376452807095407
4638,rho0.50_coupled,25,0.5,1.6149437473522736,1.5939718872784576,,,3.2089156346307313
4639,rho0.50_coupled,25,0.5,1.7820907642407242,1.3229316726563378,,,3.105022436897062
4640,rho0.50_coupled,25,0.5,1.983399198510744,1.8284990943026231,,,3.811898292813367
4641,rho0.50_coupled,25,0.5,1.5739067766000039,1.4115019131491604,,,2.985408689749164
4642,rho0.50_coupled,25,0.5,1.3998738339278818,1.134893268153275,,,2.534767102081157
4643,rho0.50_coupled,25,0.5,1.0806650974209837,1.0966410467772825,,,2.1773061441982664
4644,rho0.50_coupled,25,0.5,1.5522534001029196,1.2984353207987607,,,2.8506887209016805
4645,rho0.50_coupled,25,0.5,1.2810495081270017,0.8963343506813726,,,2.1773838588083745
4646,rho0.50_coupled,25,0.5,1.703221985582058,2.0145107450302246,,,3.7177327306122825
4647,rho0.50_coupled,25,0.5,1.2087512980977564,1.0514864440929401,,,2.2602377421906965
4648,rho0.50_coupled,25,0.5,1.5743660195316278,1.4655389008163273,,,3.039904920347955
4649,rho0.50_coupled,25,0.5,1.4659848447952402,1.459604733115529,,,2.9255895779107695
4650,rho0.50_coupled,25,0.5,1.8088864300075058,1.6237818200413376,,,3.4326682500488435
4651,rho0.50_coupled,25,0.5,1.9791394887906815,1.4411907614649861,,,3.4203302502556676
4652,rho0.50_coupled,25,0.5,1.3918779614076813,1.2438721232130838,,,2.6357500846207653
4653,rho0.50_coupled,25,0.5,1.336545288559372,1.4876190381745504,,,2.8241643267339223
4654,rho0.50_coupled,25,0.5,1.6266381907298095,1.4721498740729742,,,3.0987880648027835
4655,rho0.50_coupled,25,0.5,1.2746254826381942,1.1635614080443577,,,2.4381868906825517
4656,rho0.50_coupled,25,0.5,1.4300871200426342,1.3353403267220252,,,2.7654274467646593
4657,rho0.50_coupled,25,0.5,1.0975143836505135,1.1985246440955857,,,2.296039027746099
4658,rho0.50_coupled,25,0.5,1.4575380095759423,1.2151033176255606,,,2.672641327201503
4659,rho0.50_coupled,25,0.5,1.7316675502043266,1.286305238480691,,,3.0179727886850176
4660,rho0.50_coupled,25,0.5,1.191672641874526,1.2821350904409798,,,2.473807732315506
4661,rho0.50_coupled,25,0.5,1.5908531367628889,1.2938281591459027,,,2.8846812959087913
4662,rho0.50_coupled,25,0.5,2.111223486272439,1.398092851835398,,,3.509316338107837
4663,rho0.50_coupled,25,0.5,1.7967146887295176,1.3110664105396497,,,3.1077810992691672
4664,rho0.50_coupled,25,0.5,1.660447778141172,1.706465526874738,,,3.3669133050159097
4665,rho0.50_coupled,25,0.5,1.5961365902414388,1.4279917360872287,,,3.0241283263286673
4666,rho0.50_coupled,25,0.5,1.3321066836690336,1.1932541990447212,,,2.5253608827137546
4667,rho0.50_coupled,25,0.5,1.188041778329033,1.2303749884404094,,,2.4184167667694423
4668,rho0.50_coupled,25,0.5,1.7430112794657833,1.5783455394302526,,,3.321356818896036
4669,rho0.50_coupled,25,0.5,1.7819272256659122,1.9401595886182026,,,3.722086814284115
4670,rho0.50_coupled,25,0.5,1.7229519233490957,1.5901862282492776,,,3.3131381515983733
4671,rho0.50_coupled,25,0.5,1.9937538387748244,1.7123685671572326,,,3.706122405932057
4672,rho0.50_coupled,25,0.5,0.9972397467921389,1.1439033416516597,,,2.1411430884437985
4673,rho0.50_coupled,25,0.5,1.1149426710613148,1.1211445116045597,,,2.236087182665875
4674,rho0.50_coupled,25,0.5,1.1767425037251311,0.9537342341793051,,,2.130476737904436
4675,rho0.50_coupled,25,0.5,1.2611027588534336,1.489170588419407,,,2.7502733472728407
4676,rho0.50_coupled,25,0.5,1.2311582354557133,1.087820356978578,,,2.3189785924342914
4677,rho0.50_coupled,25,0.5,1.4238677399412651,1.287900493862005,,,2.7117682338032703
4678,rho0.50_coupled,25,0.5,1.2821895370341636,1.0329278163815687,,,2.315117353415732
4679,rho0.50_coupled,25,0.5,1.2443182433654125,1.0026765982015835,,,2.246994841566996
4680,rho0.50_coupled,25,0.5,1.6226190477861255,0.8201056202656256,,,2.442724668051751
4681,rho0.50_coupled,25,0.5,1.4461707648485864,1.5845843976977352,,,3.0307551625463214
4682,rho0.50_coupled,25,0.5,2.0534727252501503,1.4381257593270762,,,3.4915984845772265
4683,rho0.50_coupled,25,0.5,1.227273518211307,1.004794263270878,,,2.232067781482185
4684,rho0.50_coupled,25,0.5,1.6040654341790495,1.533359759523694,,,3.1374251937027435
4685,rho0.50_coupled,25,0.5,1.8038893719368052,1.3256666844734442,,,3.1295560564102494
4686,rho0.50_coupled,25,0.5,2.11271691749071,1.2238743134545922,,,3.3365912309453023
4687,rho0.50_coupled,25,0.5,1.262627108863775,1.6079203180007304,,,2.8705474268645057
4688,rho0.50_coupled,25,0.5,1.3152501398324428,1.1462551649876083,,,2.461505304820051
4689,rho0.50_coupled,25,0.5,1.3737131389341721,0.9439940091028262,,,2.317707148036998
4690,rho0.50_coupled,25,0.5,1.696576680016062,1.3953660784756587,,,3.0919427584917205
4691,rho0.50_coupled,25,0.5,1.75044685626036,1.1022250694245685,,,2.8526719256849287
4692,rho0.50_coupled,25,0.5,1.5641984166730332,1.3285962879419646,,,2.8927947046149978
4693,rho0.50_coupled,25,0.5,1.5834783193936122,1.3499523876591224,,,2.9334307070527346
4694,rho0.50_coupled,25,0.5,1.47671055490277,1.2575938643127718,,,2.7343044192155417
4695,rho0.50_coupled,25,0.5,1.438090564455652,1.2215777168734168,,,2.659668281329069
4696,rho0.50_coupled,25,0.5,1.6453754890209418,1.7465621484146547,,,3.3919376374355963
4697,rho0.50_coupled,25,0.5,1.5788048195754263,1.161518890832132,,,2.740323710407558
4698,rho0.50_coupled,25,0.5,1.8368877633362453,1.4320668015749531,,,3.2689545649111986
4699,rho0.50_coupled,25,0.5,1.6336108556970268,1.653513686878577,,,3.2871245425756035
4700,rho0.50_coupled,25,0.5,1.3028836659540057,1.9196766945583774,,,3.222560360512383
4701,rho0.50_coupled,25,0.5,1.519868493501784,1.4785852633961492,,,2.9984537568979333
4702,rho0.50_coupled,25,0.5,1.780419458600808,1.115935198394063,,,2.896354656994871
4703,rho0.50_coupled,25,0.5,1.4803059913007892,1.16271922229866,,,2.643025213599449
4704,rho0.50_coupled,25,0.5,2.150390596264216,1.4419641593679207,,,3.5923547556321367
4705,rho0.50_coupled,25,0.5,1.3717184720929658,1.3753347949617793,,,2.747053267054745
4706,rho0.50_coupled,25,0.5,1.3515092225799776,1.3196169676401406,,,2.671126190220118
4707,rho0.50_coupled,25,0.5,2.0396332732107547,1.419781709277967,,,3.4594149824887217
4708,rho0.50_coupled,25,0.5,2.087481714524256,1.809948287471606,,,3.897430001995862
4709,rho0.50_coupled,25,0.5,2.1059203804243993,1.3541209275182768,,,3.460041307942676
4710,rho0.50_coupled,25,0.5,1.6703501779571288,1.3096507570648785,,,2.9800009350220074
4711,rho0.50_coupled,25,0.5,1.694493104632619,1.2695303411829848,,,2.964023445815604
4712,rho0.50_coupled,25,0.5,2.0266084758224236,1.3168119547302737,,,3.3434204305526976
4713,rho0.50_coupled,25,0.5,1.6429642554233912,1.6719726563083155,,,3.3149369117317065
4714,rho0.50_coupled,25,0.5,1.4148706515045035,1.1051378755084182,,,2.520008527012922
4715,rho0.50_coupled,25,0.5,1.3446396142974537,1.2050539400448055,,,2.549693554342259
4716,rho0.50_coupled,25,0.5,1.4149719482755962,1.6186418705247285,,,3.0336138188003248
4717,rho0.50_coupled,25,0.5,1.519830718987314,1.2648576233543498,,,2.7846883423416635
4718,rho0.50_coupled,25,0.5,1.2878897855755427,1.1648401908753883,,,2.452729976450931
4719,rho0.50_coupled,25,0.5,1.840816829226281,1.6250708148962316,,,3.4658876441225126
4720,rho0.50_coupled,25,0.5,1.746438742724183,1.5118784656401407,,,3.258317208364324
4721,rho0.50_coupled,25,0.5,1.4471032662503687,1.1188242566621986,,,2.5659275229125673
4722,rho0.50_coupled,25,0.5,1.4003707283095566,1.2879031527116223,,,2.688273881021179
4723,rho0.50_coupled,25,0.5,1.3926169674844961,1.1572980145060408,,,2.549914981990537
4724,rho0.50_coupled,25,0.5,1.139886680195052,1.12514967306596,,,2.265036353261012
4725,rho0.50_coupled,25,0.5,1.939848182884248,1.434859196671861,,,3.374707379556109
4726,rho0.50_coupled,25,0.5,1.527120654415926,1.5771611669933596,,,3.1042818214092858
4727,rho0.50_coupled,25,0.5,1.6199275703485285,1.3363912240416587,,,2.956318794390187
4728,rho0.50_coupled,25,0.5,1.544949968570779,1.498871963116477,,,3.043821931687256
4729,rho0.50_coupled,25,0.5,1.4434859661892472,1.206144503928115,,,2.649630470117362
4730,rho0.50_coupled,25,0.5,1.4528259199280766,1.3165883337222284,,,2.769414253650305
4731,rho0.50_coupled,25,0.5,1.1213858370900969,0.9017302986542262,,,2.0231161357443233
4732,rho0.50_coupled,25,0.5,1.3802643071713998,1.3474317646419482,,,2.727696071813348
4733,rho0.50_coupled,25,0.5,1.6802228321030799,1.6975413468400884,,,3.3777641789431683
4734,rho0.50_coupled,25,0.5,1.0588845942480138,0.8863161594493668,,,1.9452007536973808
4735,rho0.50_coupled,25,0.5,1.903513526558477,1.4908246518538912,,,3.3943381784123683
4736,rho0.50_coupled,25,0.5,1.8838166250039727,1.2089254631636321,,,3.092742088167605
4737,rho0.50_coupled,25,0.5,1.6341117787073443,1.3130483164211497,,,2.9471600951284938
4738,rho0.50_coupled,25,0.5,1.431063465217477,1.1208551268005689,,,2.551918592018046
4739,rho0.50_coupled,25,0.5,0.9906524006138648,1.2313149425810697,,,2.2219673431949345
4740,rho0.50_coupled,25,0.5,1.3839495571945262,1.4756232758093253,,,2.8595728330038517
4741,rho0.50_coupled,25,0.5,1.4683519205436235,1.7030773120011615,,,3.171429232544785
4742,rho0.50_coupled,25,0.5,1.3894210894653551,1.115322006474484,,,2.504743095939839
4743,rho0.50_coupled,25,0.5,1.515892154651965,1.3107011053640627,,,2.8265932600160277
4744,rho0.50_coupled,25,0.5,1.3817407014010696,1.1949172864598383,,,2.5766579878609077
4745,rho0.50_coupled,25,0.5,1.5474685372938417,1.4553700416957478,,,3.0028385789895893
4746,rho0.50_coupled,25,0.5,1.3985853207597265,1.490056140952543,,,2.8886414617122695
4747,rho0.50_coupled,25,0.5,2.0269860828444117,1.5785562887576579,,,3.60554237160207
4748,rho0.50_coupled,25,0.5,1.6718616319077342,1.6012417026204449,,,3.2731033345281793
4749,rho0.50_coupled,25,0.5,1.3705165480300328,1.1507806127130151,,,2.521297160743048
4750,rho0.50_coupled,25,0.5,1.7462577885466404,1.213098329345039,,,2.959356117891679
4751,rho0.50_coupled,25,0.5,1.4661641278554534,1.3034439792609627,,,2.769608107116416
4752,rho0.50_coupled,25,0.5,1.2968368194397069,1.6292864292598097,,,2.9261232486995166
4753,rho0.50_coupled,25,0.5,1.5215208670314888,1.5246665314494845,,,3.0461873984809733
4754,rho0.50_coupled,25,0.5,1.4588120739600738,1.3561253816442849,,,2.8149374556043587
4755,rho0.50_coupled,25,0.5,1.6162534700674058,1.4354055284846856,,,3.0516589985520914
4756,rho0.50_coupled,25,0.5,1.2553246349752576,1.262672513385307,,,2.5179971483605645
4757,rho0.50_coupled,25,0.5,1.2110057308708517,0.7753316329693098,,,1.9863373638401616
4758,rho0.50_coupled,25,0.5,1.7091309028418102,1.248664106967411,,,2.957795009809221
4759,rho0.50_coupled,25,0.5,1.1063782290411577,1.245384872865116,,,2.3517631019062737
4760,rho0.50_coupled,25,0.5,1.2724778673163883,0.884294318232986,,,2.156772185549374
4761,rho0.50_coupled,25,0.5,2.0619421310500554,1.556652179697378,,,3.6185943107474334
4762,rho0.50_coupled,25,0.5,1.5711143620735268,1.5845376247786223,,,3.155651986852149
4763,rho0.50_coupled,25,0.5,1.3763350106508745,1.3015004072422287,,,2.677835417893103
4764,rho0.50_coupled,25,0.5,1.283081867468831,1.5264731749210987,,,2.8095550423899294
4765,rho0.50_coupled,25,0.5,1.0708065374407534,1.2864848126469408,,,2.357291350087694
4766,rho0.50_coupled,25,0.5,0.6497557801979149,0.5743746574681096,,,1.2241304376660245
4767,rho0.50_coupled,25,0.5,1.4536983958772367,1.2497256415483036,,,2.70342403742554
4768,rho0.50_coupled,25,0.5,1.947564284394549,1.643250116860307,,,3.590814401254856
4769,rho0.50_coupled,25,0.5,1.5226601437657705,1.244838170997881,,,2.7674983147636514
4770,rho0.50_coupled,25,0.5,1.2920538516397109,1.2627956610949134,,,2.5548495127346245
4771,rho0.50_coupled,25,0.5,1.7862048710796468,1.1850095900095312,,,2.971214461089178
4772,rho0.50_coupled,25,0.5,1.7737299504483968,1.6117676774425895,,,3.3854976278909863
4773,rho0.50_coupled,25,0.5,0.8886208408538269,0.7440611208886468,,,1.6326819617424737
4774,rho0.50_coupled,25,0.5,1.6788195915475632,1.2126089689240922,,,2.891428560471655
4775,rho0.50_coupled,25,0.5,1.7901615601389425,1.4090202627651784,,,3.199181822904121
4776,rho0.50_coupled,25,0.5,1.0498635229510551,0.9880914761846884,,,2.0379549991357435
4777,rho0.50_coupled,25,0.5,1.2421377783000906,1.3040128741080435,,,2.546150652408134
4778,rho0.50_coupled,25,0.5,1.9226304165224428,1.0774340369519417,,,3.0000644534743843
4779,rho0.50_coupled,25,0.5,1.6310145838535244,1.6478074942185297,,,3.278822078072054
4780,rho0.50_coupled,25,0.5,1.203043724188452,0.7763364546776758,,,1.9793801788661276
4781,rho0.50_coupled,25,0.5,1.7640628369928153,1.1984742018073926,,,2.9625370388002077
4782,rho0.50_coupled,25,0.5,1.8310834331121402,1.73352417216418,,,3.5646076052763203
4783,rho0.50_coupled,25,0.5,1.5250280367101843,1.4942182615483648,,,3.0192462982585493
4784,rho0.50_coupled,25,0.5,0.835362619448615,1.120054349906022,,,1.955416969354637
4785,rho0.50_coupled,25,0.5,1.119323984838899,1.4372113638399093,,,2.5565353486788083
4786,rho0.50_coupled,25,0.5,1.7145174846049962,1.1496386458743142,,,2.8641561304793104
4787,rho0.50_coupled,25,0.5,1.3540384966253571,1.4264245277409302,,,2.7804630243662873
4788,rho0.50_coupled,25,0.5,1.6385269314287947,1.315025398815069,,,2.9535523302438635
4789,rho0.50_coupled,25,0.5,1.125910364172514,1.1693866102099828,,,2.295296974382497
4790,rho0.50_coupled,25,0.5,1.7584563861273435,1.3667980272518616,,,3.125254413379205
4791,rho0.50_coupled,25,0.5,1.459223580593977,1.3875128480702448,,,2.846736428664222
4792,rho0.50_coupled,25,0.5,1.9338543371695422,1.0900942970663992,,,3.0239486342359414
4793,rho0.50_coupled,25,0.5,1.8177527943189284,1.140671959404763,,,2.9584247537236914
4794,rho0.50_coupled,25,0.5,1.6472574981760204,1.5274717141869287,,,3.174729212362949
4795,rho0.50_coupled,25,0.5,1.1823266517005775,1.0712416768081348,,,2.2535683285087122
4796,rho0.50_coupled,25,0.5,1.5093181254828374,1.5689524725360076,,,3.078270598018845
4797,rho0.50_coupled,25,0.5,1.4545505403701875,1.2376333043959866,,,2.6921838447661743
4798,rho0.50_coupled,25,0.5,1.28869827483394,1.5553311016091813,,,2.844029376443121
4799,rho0.50_coupled,25,0.5,1.8827638368381063,1.7675793783400588,,,3.6503432151781654
4800,rho0.50_coupled,25,0.5,1.153370681997166,1.2266205504209367,,,2.379991232418103
4801,rho0.50_coupled,25,0.5,1.6619447066870083,0.9928010639722993,,,2.6547457706593076
4802,rho0.50_coupled,25,0.5,1.4750159380756314,1.5948000928238497,,,3.069816030899481
4803,rho0.50_coupled,25,0.5,1.941663548564409,1.1500549962887618,,,3.0917185448531708
4804,rho0.50_coupled,25,0.5,1.1694632369234133,1.248272935631399,,,2.4177361725548123
4805,rho0.50_coupled,25,0.5,1.2546410654062496,1.0589192451509764,,,2.313560310557226
4806,rho0.50_coupled,25,0.5,1.3081304073398974,1.393472238115565,,,2.7016026454554627
4807,rho0.50_coupled,25,0.5,1.5809615791658447,1.0941218965069381,,,2.675083475672783
4808,rho0.50_coupled,25,0.5,1.6017135322321248,1.3409851108622965,,,2.9426986430944213
4809,rho0.50_coupled,25,0.5,1.6607398323219926,1.3100474575205083,,,2.9707872898425007
4810,rho0.50_coupled,25,0.5,2.183535220533475,1.5268121119310354,,,3.7103473324645107
4811,rho0.50_coupled,25,0.5,1.6041114581395062,0.978667604509543,,,2.582779062649049
4812,rho0.50_coupled,25,0.5,1.7480875550856094,1.4907492253712833,,,3.238836780456893
4813,rho0.50_coupled,25,0.5,1.4277124255917049,1.4787087510115002,,,2.906421176603205
4814,rho0.50_coupled,25,0.5,1.4680849991171,1.1930956363351575,,,2.661180635452258
4815,rho0.50_coupled,25,0.5,1.6024605037500146,1.627943854910621,,,3.2304043586606355
4816,rho0.50_coupled,25,0.5,2.196557480908111,1.6508933554327003,,,3.847450836340811
4817,rho0.50_coupled,25,0.5,1.6372545946382844,1.5879984617058902,,,3.2252530563441746
4818,rho0.50_coupled,25,0.5,1.413615309329748,1.2765640856390066,,,2.6901793949687547
4819,rho0.50_coupled,25,0.5,2.2899322927467103,1.151150997230877,,,3.4410832899775876
4820,rho0.50_coupled,25,0.5,1.624928256579764,1.6397345585517615,,,3.2646628151315253
4821,rho0.50_coupled,25,0.5,1.6238134542381064,1.027825369105221,,,2.6516388233433275
4822,rho0.50_coupled,25,0.5,1.8110600943931279,1.4108086875451789,,,3.2218687819383067
4823,rho0.50_coupled,25,0.5,1.732943576790696,1.4519695929441108,,,3.1849131697348065
4824,rho0.50_coupled,25,0.5,1.2628767824271234,1.3375140839909432,,,2.6003908664180666
4825,rho0.50_coupled,25,0.5,1.0428954183830745,0.9244253497846795,,,1.967320768167754
4826,rho0.50_coupled,25,0.5,2.1078394317416063,1.5012146161479003,,,3.6090540478895066
4827,rho0.50_coupled,25,0.5,1.4735376521488062,1.4109405855077766,,,2.884478237656583
4828,rho0.50_coupled,25,0.5,1.4653407839140757,1.7133097740151284,,,3.1786505579292044
4829,rho0.50_coupled,25,0.5,1.7882323384058523,1.0103345384343865,,,2.7985668768402387
4830,rho0.50_coupled,25,0.5,1.327685405176746,1.2325100016255404,,,2.5601954068022863
4831,rho0.50_coupled,25,0.5,0.9334377720104939,0.9151381893812529,,,1.848575961391747
4832,rho0.50_coupled,25,0.5,1.6480999594861487,1.1168868472782965,,,2.764986806764445
4833,rho0.50_coupled,25,0.5,1.4852026615928846,1.1833217169078405,,,2.668524378500725
4834,rho0.50_coupled,25,0.5,1.4059906813372984,1.159838865873681,,,2.5658295472109796
4835,rho0.50_coupled,25,0.5,1.0926260495999904,1.0644472708253496,,,2.15707332042534
4836,rho0.50_coupled,25,0.5,1.8494486633420697,1.2895218700570068,,,3.1389705333990765
4837,rho0.50_coupled,25,0.5,1.0775655329848142,1.3194766185680658,,,2.39704215155288
4838,rho0.50_coupled,25,0.5,1.5618523179495634,1.2863963068590338,,,2.848248624808597
4839,rho0.50_coupled,25,0.5,1.8738083241884798,1.355593447270769,,,3.2294017714592487
4840,rho0.50_coupled,25,0.5,1.7188209057828074,1.5897814640816181,,,3.308602369864426
4841,rho0.50_coupled,25,0.5,1.5976845033183313,1.4480698850623102,,,3.0457543883806415
4842,rho0.50_coupled,25,0.5,1.8302494445226092,1.5335738616593262,,,3.3638233061819354
4843,rho0.50_coupled,25,0.5,1.2251019589705572,0.989077932516898,,,2.214179891487455
4844,rho0.50_coupled,25,0.5,1.9054752268256414,1.2636411798565044,,,3.1691164066821456
4845,rho0.50_coupled,25,0.5,1.7605765938390256,1.3288239016472934,,,3.089400495486319
4846,rho0.50_coupled,25,0.5,1.7752756005469186,1.7452165325159779,,,3.5204921330628967
4847,rho0.50_coupled,25,0.5,1.5511667633558872,1.4474859036299594,,,2.998652666985847
4848,rho0.50_coupled,25,0.5,1.7649277213829873,1.708461428674272,,,3.473389150057259
4849,rho0.50_coupled,25,0.5,1.4005080191931354,1.70742141253629,,,3.1079294317294255
4850,rho0.50_coupled,25,0.5,1.331935827135716,1.3535630071763693,,,2.685498834312085
4851,rho0.50_coupled,25,0.5,1.2975033967353524,1.2687519361063062,,,2.5662553328416586
4852,rho0.50_coupled,25,0.5,1.8443333276620104,1.404872594292019,,,3.2492059219540295
4853,rho0.50_coupled,25,0.5,1.718022764953376,1.6202242358447436,,,3.3382470007981198
4854,rho0.50_coupled,25,0.5,1.6873704822910007,1.2461974685443329,,,2.9335679508353336
4855,rho0.50_coupled,25,0.5,1.1565566952386512,1.02785891789121,,,2.184415613129861
4856,rho0.50_coupled,25,0.5,1.5026532915488775,0.9022520402171031,,,2.4049053317659808
4857,rho0.50_coupled,25,0.5,1.4402348465401804,1.4847991428744955,,,2.925033989414676
4858,rho0.50_coupled,25,0.5,1.759863144004019,1.3236578899599454,,,3.0835210339639643
4859,rho0.50_coupled,25,0.5,1.623615091813567,1.3825662260673695,,,3.0061813178809365
4860,rho0.50_coupled,25,0.5,1.7622590341219737,1.762607881622569,,,3.5248669157445427
4861,rho0.50_coupled,25,0.5,1.3091041028967243,1.0256040283500607,,,2.334708131246785
4862,rho0.50_coupled,25,0.5,1.3693928852560127,1.4370740632384549,,,2.8064669484944673
4863,rho0.50_coupled,25,0.5,1.679672736407218,1.5877222364166421,,,3.26739497282386
4864,rho0.50_coupled,25,0.5,1.7565131832702563,1.574378358197299,,,3.3308915414675555
4865,rho0.50_coupled,25,0.5,1.3799315121638034,1.1411684042387096,,,2.521099916402513
4866,rho0.50_coupled,25,0.5,1.4953191566018975,1.113489436678273,,,2.6088085932801706
4867,rho0.50_coupled,25,0.5,1.8664638540961296,1.376180030118953,,,3.2426438842150827
4868,rho0.50_coupled,25,0.5,1.497418802922754,0.9718944484085594,,,2.4693132513313136
4869,rho0.50_coupled,25,0.5,1.34213793299427,1.2591418230017475,,,2.6012797559960177
4870,rho0.50_coupled,25,0.5,1.9442969240795918,1.3681920500557014,,,3.3124889741352934
4871,rho0.50_coupled,25,0.5,1.3445251340358138,1.2712038423768943,,,2.615728976412708
4872,rho0.50_coupled,25,0.5,1.60666256306385,1.6936302040763755,,,3.300292767140226
4873,rho0.50_coupled,25,0.5,1.469553822147557,1.443114889791072,,,2.912668711938629
4874,rho0.50_coupled,25,0.5,1.5153828770952422,1.4077529557559134,,,2.9231358328511554
4875,rho0.50_coupled,25,0.5,1.7962956623927706,1.3745733188016886,,,3.1708689811944595
4876,rho0.50_coupled,25,0.5,1.3181171233187836,1.173164619291256,,,2.4912817426100395
4877,rho0.50_coupled,25,0.5,2.133366671386623,1.472946929000979,,,3.606313600387602
4878,rho0.50_coupled,25,0.5,1.456578453390595,1.0695051435687555,,,2.5260835969593503
4879,rho0.50_coupled,25,0.5,1.6714179487293084,1.3293062309246269,,,3.0007241796539352
4880,rho0.50_coupled,25,0.5,1.5566009587877745,1.2520313964090826,,,2.808632355196857
4881,rho0.50_coupled,25,0.5,1.7288450930190749,1.7119221614839293,,,3.440767254503004
4882,rho0.50_coupled,25,0.5,1.2697613940279888,1.6711357943825507,,,2.9408971884105393
4883,rho0.50_coupled,25,0.5,1.35033088885749,0.9903607514409631,,,2.340691640298453
4884,rho0.50_coupled,25,0.5,1.6845493503362572,1.601242062774434,,,3.285791413110691
4885,rho0.50_coupled,25,0.5,1.4888714085731234,1.4182525390762244,,,2.907123947649348
4886,rho0.50_coupled,25,0.5,1.6151619859137585,1.2953726656523064,,,2.910534651566065
4887,rho0.50_coupled,25,0.5,1.5646196590545896,1.5980423018258627,,,3.1626619608804525
4888,rho0.50_coupled,25,0.5,1.1559614538004046,1.3289924842047647,,,2.4849539380051695
4889,rho0.50_coupled,25,0.5,1.2339568901694191,0.7338167352851289,,,1.967773625454548
4890,rho0.50_coupled,25,0.5,1.4720330247814983,1.3647928694552784,,,2.836825894236777
4891,rho0.50_coupled,25,0.5,1.5857694885801503,1.4328057531617817,,,3.018575241741932
4892,rho0.50_coupled,25,0.5,1.6827469426107307,1.06177969589957,,,2.7445266385103007
4893,rho0.50_coupled,25,0.5,1.4216812355622666,1.3763809759340355,,,2.798062211496302
4894,rho0.50_coupled,25,0.5,1.8005626576679037,1.624769807788215,,,3.4253324654561186
4895,rho0.50_coupled,25,0.5,1.706321674589093,1.6588564727840966,,,3.3651781473731894
4896,rho0.50_coupled,25,0.5,1.2586055909307603,0.8948171784648205,,,2.153422769395581
4897,rho0.50_coupled,25,0.5,2.2658306981664125,1.4885105967577725,,,3.754341294924185
4898,rho0.50_coupled,25,0.5,1.7279207297583254,1.319568207724368,,,3.0474889374826937
4899,rho0.50_coupled,25,0.5,1.4836268403401793,1.4176045093389373,,,2.901231349679117
4900,rho0.50_coupled,25,0.5,1.6083128602283865,1.3025356939219563,,,2.910848554150343
4901,rho0.50_coupled,25,0.5,1.755537073979926,1.3407716504732121,,,3.096308724453138
4902,rho0.50_coupled,25,0.5,1.5447272331304958,1.065891974405702,,,2.610619207536198
4903,rho0.50_coupled,25,0.5,1.313871046621067,1.4517349768127323,,,2.7656060234337994
4904,rho0.50_coupled,25,0.5,1.8024072396674087,1.373901143046141,,,3.1763083827135494
4905,rho0.50_coupled,25,0.5,1.946473612435218,1.3730226222763677,,,3.3194962347115857
4906,rho0.50_coupled,25,0.5,1.1654066136672636,0.9947296495041129,,,2.1601362631713767
4907,rho0.50_coupled,25,0.5,1.8673842645233532,1.5321825182155577,,,3.399566782738911
4908,rho0.50_coupled,25,0.5,1.480705652926259,1.1260458214853761,,,2.6067514744116353
4909,rho0.50_coupled,25,0.5,1.5114472799613332,1.5495805924603383,,,3.0610278724216715
4910,rho0.50_coupled,25,0.5,1.6342043580089505,1.2933296134184362,,,2.927533971427387
4911,rho0.50_coupled,25,0.5,1.7732285595193213,1.5023785635614477,,,3.275607123080769
4912,rho0.50_coupled,25,0.5,1.430336761941515,1.1583920637928042,,,2.5887288257343193
4913,rho0.50_coupled,25,0.5,1.4524990371291377,1.1300255532198633,,,2.582524590349001
4914,rho0.50_coupled,25,0.5,1.4468255953297944,1.1892377994126235,,,2.636063394742418
4915,rho0.50_coupled,25,0.5,1.7064857711117676,1.2684711093320225,,,2.97495688044379
4916,rho0.50_coupled,25,0.5,1.3170263158563695,1.112918683341548,,,2.4299449991979176
4917,rho0.50_coupled,25,0.5,1.3960860357313374,1.3480696039436875,,,2.744155639675025
4918,rho0.50_coupled,25,0.5,1.4755707562364413,1.5921200222808112,,,3.0676907785172522
4919,rho0.50_coupled,25,0.5,1.4432950677774956,1.1581164924340293,,,2.601411560211525
4920,rho0.50_coupled,25,0.5,1.4510184531388957,1.1944033255915854,,,2.645421778730481
4921,rho0.50_coupled,25,0.5,1.3417731512504214,1.2300067824196823,,,2.5717799336701037
4922,rho0.50_coupled,25,0.5,1.4061355574254986,1.277032632604022,,,2.6831681900295203
4923,rho0.50_coupled,25,0.5,1.5996234381941177,1.3291806728080777,,,2.9288041110021954
4924,rho0.50_coupled,25,0.5,1.5022922224376651,1.4276009075590503,,,2.9298931299967155
4925,rho0.50_coupled,25,0.5,1.348178254792809,0.9774194713665101,,,2.325597726159319
4926,rho0.50_coupled,25,0.5,1.3466066634272904,0.9451014542152727,,,2.291708117642563
4927,rho0.50_coupled,25,0.5,1.757844059129065,1.2198204882077028,,,2.9776645473367678
4928,rho0.50_coupled,25,0.5,1.8531772916004696,1.6066741144670051,,,3.4598514060674748
4929,rho0.50_coupled,25,0.5,1.8868673475198967,1.5840112709927883,,,3.470878618512685
4930,rho0.50_coupled,25,0.5,1.405215211892218,1.1790951065463378,,,2.584310318438556
4931,rho0.50_coupled,25,0.5,1.664419964367555,1.2946127490591437,,,2.9590327134266987
4932,rho0.50_coupled,25,0.5,1.8080955975207829,1.3702980998382175,,,3.1783936973590006
4933,rho0.50_coupled,25,0.5,1.4657870669988693,1.2047148968845915,,,2.670501963883461
4934,rho0.50_coupled,25,0.5,1.9917469079491834,1.4490653609498039,,,3.4408122688989873
4935,rho0.50_coupled,25,0.5,1.5133716009574179,1.2431286779123234,,,2.7565002788697415
4936,rho0.50_coupled,25,0.5,1.2337561148477905,0.9890714683355255,,,2.222827583183316
4937,rho0.50_coupled,25,0.5,1.6774186467261958,1.4050305941887409,,,3.0824492409149364
4938,rho0.50_coupled,25,0.5,1.5479493883028184,1.465458418772218,,,3.013407807075036
4939,rho0.50_coupled,25,0.5,1.3308183020653146,1.4022425589817182,,,2.733060861047033
4940,rho0.50_coupled,25,0.5,1.2675628035542041,1.2597260675906254,,,2.5272888711448296
4941,rho0.50_coupled,25,0.5,1.7982509232259833,1.533142112188113,,,3.3313930354140964
4942,rho0.50_coupled,25,0.5,1.233414719002013,0.7596119330495028,,,1.9930266520515159
4943,rho0.50_coupled,25,0.5,1.4914479262847118,1.357621207174222,,,2.8490691334589338
4944,rho0.50_coupled,25,0.5,1.7449111848181655,1.214417267826907,,,2.9593284526450727
4945,rho0.50_coupled,25,0.5,1.2093812962870842,1.2543433357989697,,,2.4637246320860537
4946,rho0.50_coupled,25,0.5,1.3490501183767032,0.8657961469861479,,,2.2148462653628513
4947,rho0.50_coupled,25,0.5,1.2824825370874087,1.220836351221958,,,2.5033188883093667
4948,rho0.50_coupled,25,0.5,1.5200021512250346,1.3789581203514871,,,2.898960271576522
4949,rho0.50_coupled,25,0.5,1.7360888240391497,1.3843002103895705,,,3.12038903442872
4950,rho0.50_coupled,25,0.5,1.7242574208059875,1.5663760642817912,,,3.2906334850877785
4951,rho0.50_coupled,25,0.5,0.8945611248895393,0.9914508812610248,,,1.886012006150564
4952,rho0.50_coupled,25,0.5,1.3776130676370604,0.8574627349193905,,,2.2350758025564508
4953,rho0.50_coupled,25,0.5,1.3664776976883681,1.2844790532018693,,,2.6509567508902374
4954,rho0.50_coupled,25,0.5,1.681987313088459,1.2503138581461117,,,2.932301171234571
4955,rho0.50_coupled,25,0.5,0.9996863896114103,1.253820871918234,,,2.253507261529644
4956,rho0.50_coupled,25,0.5,2.045227994292955,1.508820765712449,,,3.5540487600054043
4957,rho0.50_coupled,25,0.5,1.609187680468141,1.5300647744826876,,,3.139252454950829
4958,rho0.50_coupled,25,0.5,1.5992077895239458,1.5113794876401876,,,3.110587277164133
4959,rho0.50_coupled,25,0.5,1.7744960624475397,1.4866541584767965,,,3.2611502209243364
4960,rho0.50_coupled,25,0.5,1.2710685312566128,1.0457746653721978,,,2.3168431966288106
4961,rho0.50_coupled,25,0.5,1.9762288967318429,1.5729706039872575,,,3.5491995007191006
4962,rho0.50_coupled,25,0.5,1.9906325361383514,1.5491843196022401,,,3.5398168557405914
4963,rho0.50_coupled,25,0.5,1.6784726450736513,1.7172463014516735,,,3.395718946525325
4964,rho0.50_coupled,25,0.5,1.493892603506854,1.2814389091027574,,,2.775331512609611
4965,rho0.50_coupled,25,0.5,1.4136843788088096,1.4172028328095536,,,2.8308872116183634
4966,rho0.50_coupled,25,0.5,1.7943785917738793,1.3597090609654778,,,3.1540876527393573
4967,rho0.50_coupled,25,0.5,1.315751279199315,0.8209167412710965,,,2.1366680204704114
4968,rho0.50_coupled,25,0.5,1.8113456880061314,1.3774246670408057,,,3.188770355046937
4969,rho0.50_coupled,25,0.5,1.3792160397034765,1.4573497874514783,,,2.8365658271549545
4970,rho0.50_coupled,25,0.5,1.4966456101396426,1.4530233917247402,,,2.9496690018643825
4971,rho0.50_coupled,25,0.5,1.2635288432767315,1.045582353195038,,,2.309111196471769
4972,rho0.50_coupled,25,0.5,1.5489843094027598,1.9256300328300933,,,3.474614342232853
4973,rho0.50_coupled,25,0.5,1.1891361275618162,0.8911831344064118,,,2.080319261968228
4974,rho0.50_coupled,25,0.5,1.6793647514483725,1.5487510970705816,,,3.228115848518954
4975,rho0.50_coupled,25,0.5,1.6742767829874352,1.1815963071612714,,,2.8558730901487066
4976,rho0.50_coupled,25,0.5,1.3438421045408855,1.366251336879554,,,2.7100934414204394
4977,rho0.50_coupled,25,0.5,1.746018686026759,1.5336217113746136,,,3.279640397401373
4978,rho0.50_coupled,25,0.5,1.0721188498010246,0.7252820962038413,,,1.7974009460048659
4979,rho0.50_coupled,25,0.5,1.588239671260336,1.547322788051336,,,3.135562459311672
4980,rho0.50_coupled,25,0.5,1.5691656058285817,1.557026573653305,,,3.1261921794818868
4981,rho0.50_coupled,25,0.5,1.4118568876382538,1.2346346747031456,,,2.6464915623413994
4982,rho0.50_coupled,25,0.5,1.4311080902283686,1.4369907704995875,,,2.8680988607279563
4983,rho0.50_coupled,25,0.5,1.3392051927614603,1.3934367172254136,,,2.732641909986874
4984,rho0.50_coupled,25,0.5,1.5607039036406758,1.7881668089704061,,,3.348870712611082
4985,rho0.50_coupled,25,0.5,1.8233194713519614,1.3213429376878882,,,3.1446624090398494
4986,rho0.50_coupled,25,0.5,1.4923297949430099,1.559978635750069,,,3.0523084306930786
4987,rho0.50_coupled,25,0.5,1.4003702531098596,1.2566483734481295,,,2.6570186265579894
4988,rho0.50_coupled,25,0.5,1.5912302692375437,1.2658593454830473,,,2.857089614720591
4989,rho0.50_coupled,25,0.5,1.3536199810745058,1.2403611787516775,,,2.5939811598261833
4990,rho0.50_coupled,25,0.5,1.1617264245360275,1.1962554188579366,,,2.357981843393964
4991,rho0.50_coupled,25,0.5,1.5587970373957745,1.3382341222198408,,,2.897031159615615
4992,rho0.50_coupled,25,0.5,1.1021452016900044,1.0846187080775744,,,2.1867639097675786
4993,rho0.50_coupled,25,0.5,1.6756275824203986,1.4471138147381897,,,3.1227413971585882
4994,rho0.50_coupled,25,0.5,1.794069195811454,1.5910243608505399,,,3.385093556661994
4995,rho0.50_coupled,25,0.5,1.2263498095754546,1.180011036681055,,,2.4063608462565096
4996,rho0.50_coupled,25,0.5,1.411172338896484,1.485673716157559,,,2.896846055054043
4997,rho0.50_coupled,25,0.5,1.8113904922532962,1.4837655906925424,,,3.2951560829458386
4998,rho0.50_coupled,25,0.5,1.8302214421075456,1.44927281343843,,,3.2794942555459756
4999,rho0.50_coupled,25,0.5,1.8662843476697661,1.4692936606146378,,,3.335578008284404
5000,rho0.50_coupled,25,0.5,1.001766623834521,0.8917062063673187,,,1.8934728302018398
